case_pair,feed,slot,row,col,orbit_class,multiplicity,radius,periphery,diagonal_slot,p_orig,p_tp_detransposed,d
J1_J2,121,0,0,0,center,1,0.0,False,True,1.1252000331878662,1.1196999549865723,0.005500078201293945
J1_J2,121,1,0,1,horizontal_axis,2,1.0,False,False,1.0550999641418457,1.0527000427246094,0.002399921417236328
J1_J2,121,2,0,2,horizontal_axis,2,2.0,False,False,1.239799976348877,1.239300012588501,0.0004999637603759766
J1_J2,121,3,0,3,horizontal_axis,2,3.0,False,False,1.2238999605178833,1.2239999771118164,-0.00010001659393310547
J1_J2,121,4,0,4,horizontal_axis,2,4.0,False,False,1.3014999628067017,1.3025000095367432,-0.001000046730041504
J1_J2,121,5,0,5,horizontal_axis,2,5.0,False,False,1.3264000415802002,1.3257999420166016,0.0006000995635986328
J1_J2,121,6,0,6,horizontal_axis,2,6.0,False,False,1.2379000186920166,1.239799976348877,-0.0018999576568603516
J1_J2,121,7,0,7,horizontal_axis,2,7.0,False,False,1.044600009918213,1.0505000352859497,-0.005900025367736816
J1_J2,121,8,0,8,horizontal_axis,2,8.0,True,False,0.5819000005722046,0.5837000012397766,-0.0018000006675720215
J1_J2,121,9,1,0,vertical_axis,2,1.0,False,False,1.0550999641418457,1.0527000427246094,0.002399921417236328
J1_J2,121,10,1,1,interior,4,1.4142135623730951,False,True,1.1495000123977661,1.1476999521255493,0.0018000602722167969
J1_J2,121,11,1,2,interior,4,2.23606797749979,False,False,1.0645999908447266,1.0641000270843506,0.0004999637603759766
J1_J2,121,12,1,3,interior,4,3.1622776601683795,False,False,1.1057000160217285,1.107200026512146,-0.0015000104904174805
J1_J2,121,13,1,4,interior,4,4.123105625617661,False,False,1.3245999813079834,1.330899953842163,-0.0062999725341796875
J1_J2,121,14,1,5,interior,4,5.0990195135927845,False,False,1.430899977684021,1.4453999996185303,-0.014500021934509277
J1_J2,121,15,1,6,interior,4,6.082762530298219,False,False,1.3660999536514282,1.3819999694824219,-0.015900015830993652
J1_J2,121,16,1,7,interior,4,7.0710678118654755,False,False,0.9793999791145325,0.9876000285148621,-0.00820004940032959
J1_J2,121,17,1,8,interior,4,8.06225774829855,True,False,0.513700008392334,0.5157999992370605,-0.0020999908447265625
J1_J2,121,18,2,0,vertical_axis,2,2.0,False,False,1.239799976348877,1.239300012588501,0.0004999637603759766
J1_J2,121,19,2,1,interior,4,2.23606797749979,False,False,1.1648000478744507,1.163699984550476,0.0011000633239746094
J1_J2,121,20,2,2,interior,4,2.8284271247461903,False,True,1.0155999660491943,1.0148999691009521,0.0006999969482421875
J1_J2,121,21,2,3,interior,4,3.605551275463989,False,False,1.0592000484466553,1.059999942779541,-0.0007998943328857422
J1_J2,121,22,2,4,interior,4,4.47213595499958,False,False,1.2906999588012695,1.294600009918213,-0.0039000511169433594
J1_J2,121,23,2,5,interior,4,5.385164807134504,False,False,1.4168000221252441,1.424299955368042,-0.0074999332427978516
J1_J2,121,24,2,6,interior,4,6.324555320336759,False,False,1.2661999464035034,1.2740000486373901,-0.007800102233886719
J1_J2,121,25,2,7,interior,4,7.280109889280518,False,False,0.9819999933242798,0.9872000217437744,-0.005200028419494629
J1_J2,121,26,2,8,interior,4,8.246211251235321,True,False,0.428600013256073,0.42910000681877136,-0.0004999935626983643
J1_J2,121,27,3,0,vertical_axis,2,3.0,False,False,1.2238999605178833,1.2239999771118164,-0.00010001659393310547
J1_J2,121,28,3,1,interior,4,3.1622776601683795,False,False,1.0779000520706177,1.076300024986267,0.001600027084350586
J1_J2,121,29,3,2,interior,4,3.605551275463989,False,False,1.0771000385284424,1.075700044631958,0.001399993896484375
J1_J2,121,30,3,3,interior,4,4.242640687119285,False,True,1.1811000108718872,1.1806000471115112,0.0004999637603759766
J1_J2,121,31,3,4,interior,4,5.0,False,False,1.1497999429702759,1.1505000591278076,-0.0007001161575317383
J1_J2,121,32,3,5,interior,4,5.830951894845301,False,False,1.1729999780654907,1.1761000156402588,-0.0031000375747680664
J1_J2,121,33,3,6,interior,4,6.708203932499369,False,False,1.1325000524520874,1.1360000371932983,-0.0034999847412109375
J1_J2,121,34,3,7,interior,4,7.615773105863909,False,False,0.835099995136261,0.8377000093460083,-0.0026000142097473145
J1_J2,121,35,3,8,interior,4,8.54400374531753,True,False,0.31130000948905945,0.31200000643730164,-0.0006999969482421875
J1_J2,121,36,4,0,vertical_axis,2,4.0,False,False,1.3014999628067017,1.3025000095367432,-0.001000046730041504
J1_J2,121,37,4,1,interior,4,4.123105625617661,False,False,1.1405999660491943,1.13919997215271,0.001399993896484375
J1_J2,121,38,4,2,interior,4,4.47213595499958,False,False,1.2075999975204468,1.204200029373169,0.003399968147277832
J1_J2,121,39,4,3,interior,4,5.0,False,False,1.118399977684021,1.1166000366210938,0.001799941062927246
J1_J2,121,40,4,4,interior,4,5.656854249492381,False,True,1.3046000003814697,1.3035999536514282,0.001000046730041504
J1_J2,121,41,4,5,interior,4,6.4031242374328485,False,False,1.2532000541687012,1.253499984741211,-0.0002999305725097656
J1_J2,121,42,4,6,interior,4,7.211102550927978,False,False,1.0140999555587769,1.0151000022888184,-0.001000046730041504
J1_J2,121,43,4,7,interior,4,8.06225774829855,True,False,0.6297000050544739,0.6305999755859375,-0.000899970531463623
J1_J2,121,44,5,0,vertical_axis,2,5.0,False,False,1.3264000415802002,1.3257999420166016,0.0006000995635986328
J1_J2,121,45,5,1,interior,4,5.0990195135927845,False,False,1.2811000347137451,1.2663999795913696,0.014700055122375488
J1_J2,121,46,5,2,interior,4,5.385164807134504,False,False,1.2412999868392944,1.2343000173568726,0.006999969482421875
J1_J2,121,47,5,3,interior,4,5.830951894845301,False,False,1.1115000247955322,1.107699990272522,0.003800034523010254
J1_J2,121,48,5,4,interior,4,6.4031242374328485,False,False,1.2416000366210938,1.2390999794006348,0.0025000572204589844
J1_J2,121,49,5,5,interior,4,7.0710678118654755,False,True,1.0389000177383423,1.0378999710083008,0.001000046730041504
J1_J2,121,50,5,6,interior,4,7.810249675906654,False,False,0.800000011920929,0.7997999787330627,0.00020003318786621094
J1_J2,121,51,5,7,interior,4,8.602325267042627,True,False,0.39430001378059387,0.3944000005722046,-9.998679161071777e-05
J1_J2,121,52,6,0,vertical_axis,2,6.0,False,False,1.2379000186920166,1.239799976348877,-0.0018999576568603516
J1_J2,121,53,6,1,interior,4,6.082762530298219,False,False,1.114400029182434,1.1022000312805176,0.012199997901916504
J1_J2,121,54,6,2,interior,4,6.324555320336759,False,False,1.1865999698638916,1.1790000200271606,0.007599949836730957
J1_J2,121,55,6,3,interior,4,6.708203932499369,False,False,1.15910005569458,1.1541999578475952,0.004900097846984863
J1_J2,121,56,6,4,interior,4,7.211102550927978,False,False,1.0348999500274658,1.0318000316619873,0.0030999183654785156
J1_J2,121,57,6,5,interior,4,7.810249675906654,False,False,0.7814000248908997,0.7799000144004822,0.0015000104904174805
J1_J2,121,58,6,6,interior,4,8.48528137423857,True,True,0.4185999929904938,0.4180000126361847,0.000599980354309082
J1_J2,121,59,7,0,vertical_axis,2,7.0,False,False,1.044600009918213,1.0505000352859497,-0.005900025367736816
J1_J2,121,60,7,1,interior,4,7.0710678118654755,False,False,0.9315999746322632,0.9284999966621399,0.003099977970123291
J1_J2,121,61,7,2,interior,4,7.280109889280518,False,False,0.95660001039505,0.9517999887466431,0.004800021648406982
J1_J2,121,62,7,3,interior,4,7.615773105863909,False,False,0.8325999975204468,0.8288999795913696,0.0037000179290771484
J1_J2,121,63,7,4,interior,4,8.06225774829855,True,False,0.6123999953269958,0.6101999878883362,0.002200007438659668
J1_J2,121,64,7,5,interior,4,8.602325267042627,True,False,0.3172000050544739,0.31630000472068787,0.0009000003337860107
J1_J2,121,65,8,0,vertical_axis,2,8.0,True,False,0.5819000005722046,0.5837000012397766,-0.0018000006675720215
J1_J2,121,66,8,1,interior,4,8.06225774829855,True,False,0.5600000023841858,0.5593000054359436,0.0006999969482421875
J1_J2,121,67,8,2,interior,4,8.246211251235321,True,False,0.4708000123500824,0.4690000116825104,0.0018000006675720215
J1_J2,121,68,8,3,interior,4,8.54400374531753,True,False,0.30880001187324524,0.30709999799728394,0.0017000138759613037
E3_E4,141,0,0,0,center,1,0.0,False,True,2.09660005569458,2.095099925994873,0.0015001296997070312
E3_E4,141,1,0,1,horizontal_axis,2,1.0,False,False,1.9362000226974487,1.9348000288009644,0.001399993896484375
E3_E4,141,2,0,2,horizontal_axis,2,2.0,False,False,1.8945000171661377,1.8937000036239624,0.000800013542175293
E3_E4,141,3,0,3,horizontal_axis,2,3.0,False,False,1.9253000020980835,1.9264999628067017,-0.001199960708618164
E3_E4,141,4,0,4,horizontal_axis,2,4.0,False,False,1.6654000282287598,1.6705000400543213,-0.0051000118255615234
E3_E4,141,5,0,5,horizontal_axis,2,5.0,False,False,0.9577000141143799,0.9629999995231628,-0.005299985408782959
E3_E4,141,6,0,6,horizontal_axis,2,6.0,False,False,0.6765999794006348,0.6761999726295471,0.0004000067710876465
E3_E4,141,7,0,7,horizontal_axis,2,7.0,False,False,0.7077999711036682,0.70660001039505,0.001199960708618164
E3_E4,141,8,0,8,horizontal_axis,2,8.0,True,False,0.423799991607666,0.42329999804496765,0.0004999935626983643
E3_E4,141,9,1,0,vertical_axis,2,1.0,False,False,1.9362000226974487,1.9348000288009644,0.001399993896484375
E3_E4,141,10,1,1,interior,4,1.4142135623730951,False,True,1.9358999729156494,1.9347000122070312,0.001199960708618164
E3_E4,141,11,1,2,interior,4,2.23606797749979,False,False,2.0785000324249268,2.075700044631958,0.00279998779296875
E3_E4,141,12,1,3,interior,4,3.1622776601683795,False,False,1.704800009727478,1.7041000127792358,0.0006999969482421875
E3_E4,141,13,1,4,interior,4,4.123105625617661,False,False,1.6899000406265259,1.6934000253677368,-0.0034999847412109375
E3_E4,141,14,1,5,interior,4,5.0990195135927845,False,False,1.1568000316619873,1.1612000465393066,-0.004400014877319336
E3_E4,141,15,1,6,interior,4,6.082762530298219,False,False,0.7336999773979187,0.7355999946594238,-0.001900017261505127
E3_E4,141,16,1,7,interior,4,7.0710678118654755,False,False,0.7020000219345093,0.7024999856948853,-0.0004999637603759766
E3_E4,141,17,1,8,interior,4,8.06225774829855,True,False,0.4219000041484833,0.42179998755455017,0.00010001659393310547
E3_E4,141,18,2,0,vertical_axis,2,2.0,False,False,1.8945000171661377,1.8937000036239624,0.000800013542175293
E3_E4,141,19,2,1,interior,4,2.23606797749979,False,False,1.863800048828125,1.8651000261306763,-0.0012999773025512695
E3_E4,141,20,2,2,interior,4,2.8284271247461903,False,True,2.024399995803833,2.0239999294281006,0.0004000663757324219
E3_E4,141,21,2,3,interior,4,3.605551275463989,False,False,1.7129000425338745,1.7125999927520752,0.0003000497817993164
E3_E4,141,22,2,4,interior,4,4.47213595499958,False,False,1.541100025177002,1.542099952697754,-0.0009999275207519531
E3_E4,141,23,2,5,interior,4,5.385164807134504,False,False,1.108199954032898,1.1096999645233154,-0.0015000104904174805
E3_E4,141,24,2,6,interior,4,6.324555320336759,False,False,0.8125,0.8133999705314636,-0.000899970531463623
E3_E4,141,25,2,7,interior,4,7.280109889280518,False,False,0.5145000219345093,0.5148000121116638,-0.000299990177154541
E3_E4,141,26,2,8,interior,4,8.246211251235321,True,False,0.3531999886035919,0.353300005197525,-0.00010001659393310547
E3_E4,141,27,3,0,vertical_axis,2,3.0,False,False,1.9253000020980835,1.9264999628067017,-0.001199960708618164
E3_E4,141,28,3,1,interior,4,3.1622776601683795,False,False,1.5429999828338623,1.5440000295639038,-0.001000046730041504
E3_E4,141,29,3,2,interior,4,3.605551275463989,False,False,1.823699951171875,1.8238999843597412,-0.00020003318786621094
E3_E4,141,30,3,3,interior,4,4.242640687119285,False,True,1.5643999576568604,1.5641000270843506,0.0002999305725097656
E3_E4,141,31,3,4,interior,4,5.0,False,False,1.0383000373840332,1.0377999544143677,0.0005000829696655273
E3_E4,141,32,3,5,interior,4,5.830951894845301,False,False,0.8648999929428101,0.8648999929428101,0.0
E3_E4,141,33,3,6,interior,4,6.708203932499369,False,False,0.7930999994277954,0.7932000160217285,-0.00010001659393310547
E3_E4,141,34,3,7,interior,4,7.615773105863909,False,False,0.5834000110626221,0.5835000276565552,-0.00010001659393310547
E3_E4,141,35,3,8,interior,4,8.54400374531753,True,False,0.24240000545978546,0.24240000545978546,0.0
E3_E4,141,36,4,0,vertical_axis,2,4.0,False,False,1.6654000282287598,1.6705000400543213,-0.0051000118255615234
E3_E4,141,37,4,1,interior,4,4.123105625617661,False,False,1.3765000104904175,1.378100037574768,-0.001600027084350586
E3_E4,141,38,4,2,interior,4,4.47213595499958,False,False,1.6640000343322754,1.6641000509262085,-0.00010001659393310547
E3_E4,141,39,4,3,interior,4,5.0,False,False,1.5220999717712402,1.5216000080108643,0.0004999637603759766
E3_E4,141,40,4,4,interior,4,5.656854249492381,False,True,1.2318999767303467,1.2311999797821045,0.0006999969482421875
E3_E4,141,41,4,5,interior,4,6.4031242374328485,False,False,0.996399998664856,0.9958000183105469,0.000599980354309082
E3_E4,141,42,4,6,interior,4,7.211102550927978,False,False,0.7753999829292297,0.7749999761581421,0.0004000067710876465
E3_E4,141,43,4,7,interior,4,8.06225774829855,True,False,0.4487999975681305,0.4487000107765198,9.998679161071777e-05
E3_E4,141,44,5,0,vertical_axis,2,5.0,False,False,0.9577000141143799,0.9629999995231628,-0.005299985408782959
E3_E4,141,45,5,1,interior,4,5.0990195135927845,False,False,1.1476999521255493,1.1471999883651733,0.0004999637603759766
E3_E4,141,46,5,2,interior,4,5.385164807134504,False,False,1.2681000232696533,1.2675000429153442,0.000599980354309082
E3_E4,141,47,5,3,interior,4,5.830951894845301,False,False,1.0018999576568604,1.0009000301361084,0.0009999275207519531
E3_E4,141,48,5,4,interior,4,6.4031242374328485,False,False,0.792900025844574,0.791700005531311,0.0012000203132629395
E3_E4,141,49,5,5,interior,4,7.0710678118654755,False,True,0.6377999782562256,0.6371999979019165,0.000599980354309082
E3_E4,141,50,5,6,interior,4,7.810249675906654,False,False,0.46480000019073486,0.46399998664855957,0.000800013542175293
E3_E4,141,51,5,7,interior,4,8.602325267042627,True,False,0.273499995470047,0.2732999920845032,0.00020000338554382324
E3_E4,141,52,6,0,vertical_axis,2,6.0,False,False,0.6765999794006348,0.6761999726295471,0.0004000067710876465
E3_E4,141,53,6,1,interior,4,6.082762530298219,False,False,0.7272999882698059,0.7253999710083008,0.001900017261505127
E3_E4,141,54,6,2,interior,4,6.324555320336759,False,False,0.848800003528595,0.8478999733924866,0.0009000301361083984
E3_E4,141,55,6,3,interior,4,6.708203932499369,False,False,0.8147000074386597,0.8137000203132629,0.0009999871253967285
E3_E4,141,56,6,4,interior,4,7.211102550927978,False,False,0.7472000122070312,0.7462000250816345,0.0009999871253967285
E3_E4,141,57,6,5,interior,4,7.810249675906654,False,False,0.4948999881744385,0.4943000078201294,0.000599980354309082
E3_E4,141,58,6,6,interior,4,8.48528137423857,True,True,0.2912999987602234,0.29089999198913574,0.0004000067710876465
E3_E4,141,59,7,0,vertical_axis,2,7.0,False,False,0.7077999711036682,0.70660001039505,0.001199960708618164
E3_E4,141,60,7,1,interior,4,7.0710678118654755,False,False,0.583899974822998,0.5824000239372253,0.001499950885772705
E3_E4,141,61,7,2,interior,4,7.280109889280518,False,False,0.5608000159263611,0.5598000288009644,0.0009999871253967285
E3_E4,141,62,7,3,interior,4,7.615773105863909,False,False,0.5238999724388123,0.5231999754905701,0.0006999969482421875
E3_E4,141,63,7,4,interior,4,8.06225774829855,True,False,0.4424000084400177,0.44190001487731934,0.0004999935626983643
E3_E4,141,64,7,5,interior,4,8.602325267042627,True,False,0.2467000037431717,0.24639999866485596,0.00030000507831573486
E3_E4,141,65,8,0,vertical_axis,2,8.0,True,False,0.423799991607666,0.42329999804496765,0.0004999935626983643
E3_E4,141,66,8,1,interior,4,8.06225774829855,True,False,0.3418999910354614,0.34119999408721924,0.0006999969482421875
E3_E4,141,67,8,2,interior,4,8.246211251235321,True,False,0.29269999265670776,0.2921999990940094,0.0004999935626983643
E3_E4,141,68,8,3,interior,4,8.54400374531753,True,False,0.2126999944448471,0.21240000426769257,0.000299990177154541
G3_G4,121,0,0,0,center,1,0.0,False,True,1.2740999460220337,1.2791999578475952,-0.0051000118255615234
G3_G4,121,1,0,1,horizontal_axis,2,1.0,False,False,1.1621999740600586,1.1622999906539917,-0.00010001659393310547
G3_G4,121,2,0,2,horizontal_axis,2,2.0,False,False,1.322100043296814,1.3202999830245972,0.0018000602722167969
G3_G4,121,3,0,3,horizontal_axis,2,3.0,False,False,1.3662999868392944,1.3653000593185425,0.0009999275207519531
G3_G4,121,4,0,4,horizontal_axis,2,4.0,False,False,1.2146999835968018,1.2134000062942505,0.0012999773025512695
G3_G4,121,5,0,5,horizontal_axis,2,5.0,False,False,1.1269999742507935,1.1273000240325928,-0.0003000497817993164
G3_G4,121,6,0,6,horizontal_axis,2,6.0,False,False,1.180999994277954,1.1821000576019287,-0.0011000633239746094
G3_G4,121,7,0,7,horizontal_axis,2,7.0,False,False,0.974399983882904,0.9753999710083008,-0.0009999871253967285
G3_G4,121,8,0,8,horizontal_axis,2,8.0,True,False,0.5368000268936157,0.5376999974250793,-0.000899970531463623
G3_G4,121,9,1,0,vertical_axis,2,1.0,False,False,1.1621999740600586,1.1622999906539917,-0.00010001659393310547
G3_G4,121,10,1,1,interior,4,1.4142135623730951,False,True,1.2939000129699707,1.2929999828338623,0.0009000301361083984
G3_G4,121,11,1,2,interior,4,2.23606797749979,False,False,1.1324000358581543,1.131700038909912,0.0006999969482421875
G3_G4,121,12,1,3,interior,4,3.1622776601683795,False,False,1.0961999893188477,1.0994999408721924,-0.0032999515533447266
G3_G4,121,13,1,4,interior,4,4.123105625617661,False,False,1.0916999578475952,1.0982999801635742,-0.006600022315979004
G3_G4,121,14,1,5,interior,4,5.0990195135927845,False,False,1.0910999774932861,1.0942000150680542,-0.0031000375747680664
G3_G4,121,15,1,6,interior,4,6.082762530298219,False,False,1.1819000244140625,1.1836999654769897,-0.001799941062927246
G3_G4,121,16,1,7,interior,4,7.0710678118654755,False,False,0.9070000052452087,0.9093000292778015,-0.0023000240325927734
G3_G4,121,17,1,8,interior,4,8.06225774829855,True,False,0.477400004863739,0.4796000123023987,-0.002200007438659668
G3_G4,121,18,2,0,vertical_axis,2,2.0,False,False,1.322100043296814,1.3202999830245972,0.0018000602722167969
G3_G4,121,19,2,1,interior,4,2.23606797749979,False,False,1.3112000226974487,1.309399962425232,0.0018000602722167969
G3_G4,121,20,2,2,interior,4,2.8284271247461903,False,True,1.1367000341415405,1.13510000705719,0.001600027084350586
G3_G4,121,21,2,3,interior,4,3.605551275463989,False,False,1.0857000350952148,1.0857000350952148,0.0
G3_G4,121,22,2,4,interior,4,4.47213595499958,False,False,1.2307000160217285,1.2330000400543213,-0.0023000240325927734
G3_G4,121,23,2,5,interior,4,5.385164807134504,False,False,1.298699975013733,1.3011000156402588,-0.002400040626525879
G3_G4,121,24,2,6,interior,4,6.324555320336759,False,False,1.1943000555038452,1.1960999965667725,-0.001799941062927246
G3_G4,121,25,2,7,interior,4,7.280109889280518,False,False,0.9883999824523926,0.989799976348877,-0.001399993896484375
G3_G4,121,26,2,8,interior,4,8.246211251235321,True,False,0.524399995803833,0.5253999829292297,-0.0009999871253967285
G3_G4,121,27,3,0,vertical_axis,2,3.0,False,False,1.3662999868392944,1.3653000593185425,0.0009999275207519531
G3_G4,121,28,3,1,interior,4,3.1622776601683795,False,False,1.170199990272522,1.1660000085830688,0.004199981689453125
G3_G4,121,29,3,2,interior,4,3.605551275463989,False,False,1.1764999628067017,1.1754000186920166,0.0010999441146850586
G3_G4,121,30,3,3,interior,4,4.242640687119285,False,True,1.3071999549865723,1.30649995803833,0.0006999969482421875
G3_G4,121,31,3,4,interior,4,5.0,False,False,1.0907000303268433,1.090499997138977,0.00020003318786621094
G3_G4,121,32,3,5,interior,4,5.830951894845301,False,False,1.0872999429702759,1.0887000560760498,-0.0014001131057739258
G3_G4,121,33,3,6,interior,4,6.708203932499369,False,False,1.09089994430542,1.0918999910354614,-0.001000046730041504
G3_G4,121,34,3,7,interior,4,7.615773105863909,False,False,0.8659999966621399,0.8668000102043152,-0.000800013542175293
G3_G4,121,35,3,8,interior,4,8.54400374531753,True,False,0.35040000081062317,0.3504999876022339,-9.998679161071777e-05
G3_G4,121,36,4,0,vertical_axis,2,4.0,False,False,1.2146999835968018,1.2134000062942505,0.0012999773025512695
G3_G4,121,37,4,1,interior,4,4.123105625617661,False,False,1.1766999959945679,1.1689000129699707,0.007799983024597168
G3_G4,121,38,4,2,interior,4,4.47213595499958,False,False,1.2836999893188477,1.2807999849319458,0.0029000043869018555
G3_G4,121,39,4,3,interior,4,5.0,False,False,1.1339000463485718,1.1327999830245972,0.0011000633239746094
G3_G4,121,40,4,4,interior,4,5.656854249492381,False,True,1.2216999530792236,1.2213000059127808,0.0003999471664428711
G3_G4,121,41,4,5,interior,4,6.4031242374328485,False,False,1.1621999740600586,1.162500023841858,-0.0003000497817993164
G3_G4,121,42,4,6,interior,4,7.211102550927978,False,False,0.9761000275611877,0.9764999747276306,-0.0003999471664428711
G3_G4,121,43,4,7,interior,4,8.06225774829855,True,False,0.6183000206947327,0.6186000108718872,-0.000299990177154541
G3_G4,121,44,5,0,vertical_axis,2,5.0,False,False,1.1269999742507935,1.1273000240325928,-0.0003000497817993164
G3_G4,121,45,5,1,interior,4,5.0990195135927845,False,False,1.2762999534606934,1.2736999988555908,0.002599954605102539
G3_G4,121,46,5,2,interior,4,5.385164807134504,False,False,1.295199990272522,1.2933000326156616,0.0018999576568603516
G3_G4,121,47,5,3,interior,4,5.830951894845301,False,False,1.1009000539779663,1.1004999876022339,0.0004000663757324219
G3_G4,121,48,5,4,interior,4,6.4031242374328485,False,False,1.126099944114685,1.1252000331878662,0.0008999109268188477
G3_G4,121,49,5,5,interior,4,7.0710678118654755,False,True,1.0196000337600708,1.0192999839782715,0.0003000497817993164
G3_G4,121,50,5,6,interior,4,7.810249675906654,False,False,0.8320000171661377,0.8320000171661377,0.0
G3_G4,121,51,5,7,interior,4,8.602325267042627,True,False,0.4138000011444092,0.4138999879360199,-9.998679161071777e-05
G3_G4,121,52,6,0,vertical_axis,2,6.0,False,False,1.180999994277954,1.1821000576019287,-0.0011000633239746094
G3_G4,121,53,6,1,interior,4,6.082762530298219,False,False,1.097599983215332,1.0976999998092651,-0.00010001659393310547
G3_G4,121,54,6,2,interior,4,6.324555320336759,False,False,1.2269999980926514,1.2259000539779663,0.0010999441146850586
G3_G4,121,55,6,3,interior,4,6.708203932499369,False,False,1.2347999811172485,1.2339999675750732,0.000800013542175293
G3_G4,121,56,6,4,interior,4,7.211102550927978,False,False,1.0966999530792236,1.0960999727249146,0.000599980354309082
G3_G4,121,57,6,5,interior,4,7.810249675906654,False,False,0.8531000018119812,0.8526999950408936,0.0004000067710876465
G3_G4,121,58,6,6,interior,4,8.48528137423857,True,True,0.48980000615119934,0.48969998955726624,0.00010001659393310547
G3_G4,121,59,7,0,vertical_axis,2,7.0,False,False,0.974399983882904,0.9753999710083008,-0.0009999871253967285
G3_G4,121,60,7,1,interior,4,7.0710678118654755,False,False,0.9724000096321106,0.9726999998092651,-0.000299990177154541
G3_G4,121,61,7,2,interior,4,7.280109889280518,False,False,1.0056999921798706,1.0054999589920044,0.00020003318786621094
G3_G4,121,62,7,3,interior,4,7.615773105863909,False,False,0.9064000248908997,0.9059000015258789,0.000500023365020752
G3_G4,121,63,7,4,interior,4,8.06225774829855,True,False,0.6567000150680542,0.6564000248908997,0.000299990177154541
G3_G4,121,64,7,5,interior,4,8.602325267042627,True,False,0.40939998626708984,0.4092000126838684,0.00019997358322143555
G3_G4,121,65,8,0,vertical_axis,2,8.0,True,False,0.5368000268936157,0.5376999974250793,-0.000899970531463623
G3_G4,121,66,8,1,interior,4,8.06225774829855,True,False,0.5174999833106995,0.5180000066757202,-0.000500023365020752
G3_G4,121,67,8,2,interior,4,8.246211251235321,True,False,0.43220001459121704,0.4323999881744385,-0.00019997358322143555
G3_G4,121,68,8,3,interior,4,8.54400374531753,True,False,0.33000001311302185,0.33000001311302185,0.0
N3_N4,113,0,0,0,center,1,0.0,False,True,1.944200038909912,1.9419000148773193,0.0023000240325927734
N3_N4,113,1,0,1,horizontal_axis,2,1.0,False,False,1.8710999488830566,1.8687000274658203,0.002399921417236328
N3_N4,113,2,0,2,horizontal_axis,2,2.0,False,False,1.7568999528884888,1.75600004196167,0.0008999109268188477
N3_N4,113,3,0,3,horizontal_axis,2,3.0,False,False,1.6689000129699707,1.669800043106079,-0.0009000301361083984
N3_N4,113,4,0,4,horizontal_axis,2,4.0,False,False,0.9620000123977661,0.9631999731063843,-0.001199960708618164
N3_N4,113,5,0,5,horizontal_axis,2,5.0,False,False,0.7376000285148621,0.7386000156402588,-0.0009999871253967285
N3_N4,113,6,0,6,horizontal_axis,2,6.0,False,False,0.9165999889373779,0.9169999957084656,-0.0004000067710876465
N3_N4,113,7,0,7,horizontal_axis,2,7.0,False,False,0.7458999752998352,0.7469000220298767,-0.001000046730041504
N3_N4,113,8,0,8,horizontal_axis,2,8.0,True,False,0.367000013589859,0.36809998750686646,-0.0010999739170074463
N3_N4,113,9,1,0,vertical_axis,2,1.0,False,False,1.8710999488830566,1.8687000274658203,0.002399921417236328
N3_N4,113,10,1,1,interior,4,1.4142135623730951,False,True,1.4463000297546387,1.444700002670288,0.001600027084350586
N3_N4,113,11,1,2,interior,4,2.23606797749979,False,False,1.7055000066757202,1.705399990081787,0.00010001659393310547
N3_N4,113,12,1,3,interior,4,3.1622776601683795,False,False,1.621500015258789,1.6198999881744385,0.001600027084350586
N3_N4,113,13,1,4,interior,4,4.123105625617661,False,False,1.3732000589370728,1.368899941444397,0.004300117492675781
N3_N4,113,14,1,5,interior,4,5.0990195135927845,False,False,1.1983000040054321,1.198699951171875,-0.0003999471664428711
N3_N4,113,15,1,6,interior,4,6.082762530298219,False,False,0.9490000009536743,0.9502999782562256,-0.0012999773025512695
N3_N4,113,16,1,7,interior,4,7.0710678118654755,False,False,0.6330000162124634,0.6342999935150146,-0.0012999773025512695
N3_N4,113,17,1,8,interior,4,8.06225774829855,True,False,0.40400001406669617,0.40610000491142273,-0.0020999908447265625
N3_N4,113,18,2,0,vertical_axis,2,2.0,False,False,1.7568999528884888,1.75600004196167,0.0008999109268188477
N3_N4,113,19,2,1,interior,4,2.23606797749979,False,False,1.7767000198364258,1.774899959564209,0.0018000602722167969
N3_N4,113,20,2,2,interior,4,2.8284271247461903,False,True,1.513200044631958,1.5127999782562256,0.0004000663757324219
N3_N4,113,21,2,3,interior,4,3.605551275463989,False,False,1.5388000011444092,1.5379999876022339,0.000800013542175293
N3_N4,113,22,2,4,interior,4,4.47213595499958,False,False,1.3467999696731567,1.3458000421524048,0.0009999275207519531
N3_N4,113,23,2,5,interior,4,5.385164807134504,False,False,1.2589999437332153,1.2587000131607056,0.0002999305725097656
N3_N4,113,24,2,6,interior,4,6.324555320336759,False,False,0.8478999733924866,0.8482000231742859,-0.0003000497817993164
N3_N4,113,25,2,7,interior,4,7.280109889280518,False,False,0.6866000294685364,0.6873000264167786,-0.0006999969482421875
N3_N4,113,26,2,8,interior,4,8.246211251235321,True,False,0.38850000500679016,0.38929998874664307,-0.0007999837398529053
N3_N4,113,27,3,0,vertical_axis,2,3.0,False,False,1.6689000129699707,1.669800043106079,-0.0009000301361083984
N3_N4,113,28,3,1,interior,4,3.1622776601683795,False,False,1.531499981880188,1.5331000089645386,-0.001600027084350586
N3_N4,113,29,3,2,interior,4,3.605551275463989,False,False,1.5029000043869019,1.5037000179290771,-0.000800013542175293
N3_N4,113,30,3,3,interior,4,4.242640687119285,False,True,1.3938000202178955,1.393399953842163,0.0004000663757324219
N3_N4,113,31,3,4,interior,4,5.0,False,False,1.4473999738693237,1.4471999406814575,0.00020003318786621094
N3_N4,113,32,3,5,interior,4,5.830951894845301,False,False,1.0075000524520874,1.0078999996185303,-0.0003999471664428711
N3_N4,113,33,3,6,interior,4,6.708203932499369,False,False,0.8859999775886536,0.8862000107765198,-0.00020003318786621094
N3_N4,113,34,3,7,interior,4,7.615773105863909,False,False,0.6129999756813049,0.6132000088691711,-0.00020003318786621094
N3_N4,113,35,3,8,interior,4,8.54400374531753,True,False,0.2824000120162964,0.2825999855995178,-0.00019997358322143555
N3_N4,113,36,4,0,vertical_axis,2,4.0,False,False,0.9620000123977661,0.9631999731063843,-0.001199960708618164
N3_N4,113,37,4,1,interior,4,4.123105625617661,False,False,1.4407000541687012,1.4463000297546387,-0.0055999755859375
N3_N4,113,38,4,2,interior,4,4.47213595499958,False,False,1.5922000408172607,1.5937000513076782,-0.0015000104904174805
N3_N4,113,39,4,3,interior,4,5.0,False,False,1.5716999769210815,1.5719000101089478,-0.00020003318786621094
N3_N4,113,40,4,4,interior,4,5.656854249492381,False,True,1.3697999715805054,1.3696999549865723,0.00010001659393310547
N3_N4,113,41,4,5,interior,4,6.4031242374328485,False,False,0.9223999977111816,0.9228000044822693,-0.0004000067710876465
N3_N4,113,42,4,6,interior,4,7.211102550927978,False,False,0.7681999802589417,0.7684999704360962,-0.000299990177154541
N3_N4,113,43,4,7,interior,4,8.06225774829855,True,False,0.42899999022483826,0.42899999022483826,0.0
N3_N4,113,44,5,0,vertical_axis,2,5.0,False,False,0.7376000285148621,0.7386000156402588,-0.0009999871253967285
N3_N4,113,45,5,1,interior,4,5.0990195135927845,False,False,1.0351999998092651,1.0355000495910645,-0.0003000497817993164
N3_N4,113,46,5,2,interior,4,5.385164807134504,False,False,1.2914999723434448,1.2922999858856201,-0.000800013542175293
N3_N4,113,47,5,3,interior,4,5.830951894845301,False,False,1.3622000217437744,1.3622000217437744,0.0
N3_N4,113,48,5,4,interior,4,6.4031242374328485,False,False,1.0228999853134155,1.0221999883651733,0.0006999969482421875
N3_N4,113,49,5,5,interior,4,7.0710678118654755,False,True,0.7555999755859375,0.7551000118255615,0.0004999637603759766
N3_N4,113,50,5,6,interior,4,7.810249675906654,False,False,0.579800009727478,0.5795999765396118,0.00020003318786621094
N3_N4,113,51,5,7,interior,4,8.602325267042627,True,False,0.2930000126361847,0.2930000126361847,0.0
N3_N4,113,52,6,0,vertical_axis,2,6.0,False,False,0.9165999889373779,0.9169999957084656,-0.0004000067710876465
N3_N4,113,53,6,1,interior,4,6.082762530298219,False,False,0.8964999914169312,0.8960999846458435,0.0004000067710876465
N3_N4,113,54,6,2,interior,4,6.324555320336759,False,False,1.1273000240325928,1.1270999908447266,0.00020003318786621094
N3_N4,113,55,6,3,interior,4,6.708203932499369,False,False,0.9046000242233276,0.90420001745224,0.0004000067710876465
N3_N4,113,56,6,4,interior,4,7.211102550927978,False,False,0.8752999901771545,0.8745999932289124,0.0006999969482421875
N3_N4,113,57,6,5,interior,4,7.810249675906654,False,False,0.6259999871253967,0.6254000067710876,0.000599980354309082
N3_N4,113,58,6,6,interior,4,8.48528137423857,True,True,0.28690001368522644,0.2867000102996826,0.00020000338554382324
N3_N4,113,59,7,0,vertical_axis,2,7.0,False,False,0.7458999752998352,0.7469000220298767,-0.001000046730041504
N3_N4,113,60,7,1,interior,4,7.0710678118654755,False,False,0.8442999720573425,0.8438000082969666,0.0004999637603759766
N3_N4,113,61,7,2,interior,4,7.280109889280518,False,False,0.8532000184059143,0.8526999950408936,0.000500023365020752
N3_N4,113,62,7,3,interior,4,7.615773105863909,False,False,0.7132999897003174,0.7128000259399414,0.0004999637603759766
N3_N4,113,63,7,4,interior,4,8.06225774829855,True,False,0.439300000667572,0.43849998712539673,0.000800013542175293
N3_N4,113,64,7,5,interior,4,8.602325267042627,True,False,0.259799987077713,0.25940001010894775,0.0003999769687652588
N3_N4,113,65,8,0,vertical_axis,2,8.0,True,False,0.367000013589859,0.36809998750686646,-0.0010999739170074463
N3_N4,113,66,8,1,interior,4,8.06225774829855,True,False,0.45910000801086426,0.4580000042915344,0.001100003719329834
N3_N4,113,67,8,2,interior,4,8.246211251235321,True,False,0.37619999051094055,0.3758000135421753,0.0003999769687652588
N3_N4,113,68,8,3,interior,4,8.54400374531753,True,False,0.2888999879360199,0.28859999775886536,0.000299990177154541
E1_E2,121,0,0,0,center,1,0.0,False,True,1.2611000537872314,1.2757999897003174,-0.014699935913085938
E1_E2,121,1,0,1,horizontal_axis,2,1.0,False,False,1.1991000175476074,1.2071000337600708,-0.008000016212463379
E1_E2,121,2,0,2,horizontal_axis,2,2.0,False,False,1.2522000074386597,1.2525999546051025,-0.0003999471664428711
E1_E2,121,3,0,3,horizontal_axis,2,3.0,False,False,1.1460000276565552,1.145900011062622,0.00010001659393310547
E1_E2,121,4,0,4,horizontal_axis,2,4.0,False,False,1.12909996509552,1.1306999921798706,-0.001600027084350586
E1_E2,121,5,0,5,horizontal_axis,2,5.0,False,False,1.1578999757766724,1.1613999605178833,-0.0034999847412109375
E1_E2,121,6,0,6,horizontal_axis,2,6.0,False,False,1.164199948310852,1.1633000373840332,0.0008999109268188477
E1_E2,121,7,0,7,horizontal_axis,2,7.0,False,False,1.0051000118255615,1.0015000104904175,0.003600001335144043
E1_E2,121,8,0,8,horizontal_axis,2,8.0,True,False,0.5996000170707703,0.5976999998092651,0.001900017261505127
E1_E2,121,9,1,0,vertical_axis,2,1.0,False,False,1.1991000175476074,1.2071000337600708,-0.008000016212463379
E1_E2,121,10,1,1,interior,4,1.4142135623730951,False,True,1.1502000093460083,1.153499960899353,-0.0032999515533447266
E1_E2,121,11,1,2,interior,4,2.23606797749979,False,False,1.1686999797821045,1.1698999404907227,-0.001199960708618164
E1_E2,121,12,1,3,interior,4,3.1622776601683795,False,False,1.2627999782562256,1.2626999616622925,0.00010001659393310547
E1_E2,121,13,1,4,interior,4,4.123105625617661,False,False,1.1771999597549438,1.1815999746322632,-0.004400014877319336
E1_E2,121,14,1,5,interior,4,5.0990195135927845,False,False,1.2618999481201172,1.2699999809265137,-0.008100032806396484
E1_E2,121,15,1,6,interior,4,6.082762530298219,False,False,1.1832000017166138,1.1928999423980713,-0.00969994068145752
E1_E2,121,16,1,7,interior,4,7.0710678118654755,False,False,1.0170999765396118,1.020400047302246,-0.0033000707626342773
E1_E2,121,17,1,8,interior,4,8.06225774829855,True,False,0.5814999938011169,0.5817999839782715,-0.000299990177154541
E1_E2,121,18,2,0,vertical_axis,2,2.0,False,False,1.2522000074386597,1.2525999546051025,-0.0003999471664428711
E1_E2,121,19,2,1,interior,4,2.23606797749979,False,False,1.2791999578475952,1.2795000076293945,-0.0003000497817993164
E1_E2,121,20,2,2,interior,4,2.8284271247461903,False,True,1.2999000549316406,1.3006000518798828,-0.0006999969482421875
E1_E2,121,21,2,3,interior,4,3.605551275463989,False,False,1.3011000156402588,1.302299976348877,-0.001199960708618164
E1_E2,121,22,2,4,interior,4,4.47213595499958,False,False,1.2445000410079956,1.2475999593734741,-0.0030999183654785156
E1_E2,121,23,2,5,interior,4,5.385164807134504,False,False,1.330199956893921,1.3346999883651733,-0.004500031471252441
E1_E2,121,24,2,6,interior,4,6.324555320336759,False,False,1.1502000093460083,1.1542999744415283,-0.0040999650955200195
E1_E2,121,25,2,7,interior,4,7.280109889280518,False,False,0.8123000264167786,0.8129000067710876,-0.000599980354309082
E1_E2,121,26,2,8,interior,4,8.246211251235321,True,False,0.4253999888896942,0.42590001225471497,-0.000500023365020752
E1_E2,121,27,3,0,vertical_axis,2,3.0,False,False,1.1460000276565552,1.145900011062622,0.00010001659393310547
E1_E2,121,28,3,1,interior,4,3.1622776601683795,False,False,1.288699984550476,1.2892999649047852,-0.000599980354309082
E1_E2,121,29,3,2,interior,4,3.605551275463989,False,False,1.3177000284194946,1.3174999952316284,0.00020003318786621094
E1_E2,121,30,3,3,interior,4,4.242640687119285,False,True,1.2245999574661255,1.2252000570297241,-0.0006000995635986328
E1_E2,121,31,3,4,interior,4,5.0,False,False,1.343999981880188,1.3458000421524048,-0.0018000602722167969
E1_E2,121,32,3,5,interior,4,5.830951894845301,False,False,1.2652000188827515,1.267699956893921,-0.0024999380111694336
E1_E2,121,33,3,6,interior,4,6.708203932499369,False,False,1.1051000356674194,1.107300043106079,-0.002200007438659668
E1_E2,121,34,3,7,interior,4,7.615773105863909,False,False,0.8093000054359436,0.8105000257492065,-0.0012000203132629395
E1_E2,121,35,3,8,interior,4,8.54400374531753,True,False,0.3409000039100647,0.34130001068115234,-0.0004000067710876465
E1_E2,121,36,4,0,vertical_axis,2,4.0,False,False,1.12909996509552,1.1306999921798706,-0.001600027084350586
E1_E2,121,37,4,1,interior,4,4.123105625617661,False,False,1.2342000007629395,1.2316999435424805,0.0025000572204589844
E1_E2,121,38,4,2,interior,4,4.47213595499958,False,False,1.2143000364303589,1.2120000123977661,0.0023000240325927734
E1_E2,121,39,4,3,interior,4,5.0,False,False,1.3199000358581543,1.319100022315979,0.000800013542175293
E1_E2,121,40,4,4,interior,4,5.656854249492381,False,True,1.1734000444412231,1.1741000413894653,-0.0006999969482421875
E1_E2,121,41,4,5,interior,4,6.4031242374328485,False,False,1.0981999635696411,1.0997999906539917,-0.001600027084350586
E1_E2,121,42,4,6,interior,4,7.211102550927978,False,False,1.0322999954223633,1.0336999893188477,-0.001399993896484375
E1_E2,121,43,4,7,interior,4,8.06225774829855,True,False,0.6319000124931335,0.6327999830245972,-0.000899970531463623
E1_E2,121,44,5,0,vertical_axis,2,5.0,False,False,1.1578999757766724,1.1613999605178833,-0.0034999847412109375
E1_E2,121,45,5,1,interior,4,5.0990195135927845,False,False,1.2483999729156494,1.2416000366210938,0.006799936294555664
E1_E2,121,46,5,2,interior,4,5.385164807134504,False,False,1.136199951171875,1.1291999816894531,0.006999969482421875
E1_E2,121,47,5,3,interior,4,5.830951894845301,False,False,1.1377999782562256,1.13510000705719,0.0026999711990356445
E1_E2,121,48,5,4,interior,4,6.4031242374328485,False,False,1.1669000387191772,1.166200041770935,0.0006999969482421875
E1_E2,121,49,5,5,interior,4,7.0710678118654755,False,True,1.07260000705719,1.0729000568389893,-0.0003000497817993164
E1_E2,121,50,5,6,interior,4,7.810249675906654,False,False,0.7498000264167786,0.7504000067710876,-0.000599980354309082
E1_E2,121,51,5,7,interior,4,8.602325267042627,True,False,0.32710000872612,0.32739999890327454,-0.000299990177154541
E1_E2,121,52,6,0,vertical_axis,2,6.0,False,False,1.164199948310852,1.1633000373840332,0.0008999109268188477
E1_E2,121,53,6,1,interior,4,6.082762530298219,False,False,1.2128000259399414,1.2005000114440918,0.01230001449584961
E1_E2,121,54,6,2,interior,4,6.324555320336759,False,False,1.226199984550476,1.2187999486923218,0.007400035858154297
E1_E2,121,55,6,3,interior,4,6.708203932499369,False,False,1.1533000469207764,1.1497999429702759,0.0035001039505004883
E1_E2,121,56,6,4,interior,4,7.211102550927978,False,False,1.017699956893921,1.0162999629974365,0.001399993896484375
E1_E2,121,57,6,5,interior,4,7.810249675906654,False,False,0.7416999936103821,0.7414000034332275,0.000299990177154541
E1_E2,121,58,6,6,interior,4,8.48528137423857,True,True,0.4334999918937683,0.4336000084877014,-0.00010001659393310547
E1_E2,121,59,7,0,vertical_axis,2,7.0,False,False,1.0051000118255615,1.0015000104904175,0.003600001335144043
E1_E2,121,60,7,1,interior,4,7.0710678118654755,False,False,1.0163999795913696,1.007699966430664,0.008700013160705566
E1_E2,121,61,7,2,interior,4,7.280109889280518,False,False,0.8027999997138977,0.7979000210762024,0.0048999786376953125
E1_E2,121,62,7,3,interior,4,7.615773105863909,False,False,0.6894000172615051,0.6880000233650208,0.001399993896484375
E1_E2,121,63,7,4,interior,4,8.06225774829855,True,False,0.5512999892234802,0.5504000186920166,0.000899970531463623
E1_E2,121,64,7,5,interior,4,8.602325267042627,True,False,0.31690001487731934,0.3167000114917755,0.00020000338554382324
E1_E2,121,65,8,0,vertical_axis,2,8.0,True,False,0.5996000170707703,0.5976999998092651,0.001900017261505127
E1_E2,121,66,8,1,interior,4,8.06225774829855,True,False,0.4909000098705292,0.48750001192092896,0.0033999979496002197
E1_E2,121,67,8,2,interior,4,8.246211251235321,True,False,0.43459999561309814,0.43209999799728394,0.002499997615814209
E1_E2,121,68,8,3,interior,4,8.54400374531753,True,False,0.3098999857902527,0.30869999527931213,0.0011999905109405518
E1_E2,125,0,0,0,center,1,0.0,False,True,1.160099983215332,1.1775000095367432,-0.017400026321411133
E1_E2,125,1,0,1,horizontal_axis,2,1.0,False,False,1.1007000207901,1.1098999977111816,-0.009199976921081543
E1_E2,125,2,0,2,horizontal_axis,2,2.0,False,False,1.198099970817566,1.2015999555587769,-0.0034999847412109375
E1_E2,125,3,0,3,horizontal_axis,2,3.0,False,False,1.1124999523162842,1.1171000003814697,-0.004600048065185547
E1_E2,125,4,0,4,horizontal_axis,2,4.0,False,False,1.1754000186920166,1.1759999990463257,-0.000599980354309082
E1_E2,125,5,0,5,horizontal_axis,2,5.0,False,False,1.2971999645233154,1.2961000204086304,0.0010999441146850586
E1_E2,125,6,0,6,horizontal_axis,2,6.0,False,False,1.260599970817566,1.2604999542236328,0.00010001659393310547
E1_E2,125,7,0,7,horizontal_axis,2,7.0,False,False,1.173200011253357,1.1712000370025635,0.001999974250793457
E1_E2,125,8,0,8,horizontal_axis,2,8.0,True,False,0.6341000199317932,0.6330999732017517,0.001000046730041504
E1_E2,125,9,1,0,vertical_axis,2,1.0,False,False,1.1007000207901,1.1098999977111816,-0.009199976921081543
E1_E2,125,10,1,1,interior,4,1.4142135623730951,False,True,1.0916999578475952,1.097000002861023,-0.005300045013427734
E1_E2,125,11,1,2,interior,4,2.23606797749979,False,False,1.1051000356674194,1.107100009918213,-0.001999974250793457
E1_E2,125,12,1,3,interior,4,3.1622776601683795,False,False,1.2092000246047974,1.2134000062942505,-0.004199981689453125
E1_E2,125,13,1,4,interior,4,4.123105625617661,False,False,1.1505000591278076,1.155400037765503,-0.0048999786376953125
E1_E2,125,14,1,5,interior,4,5.0990195135927845,False,False,1.3095999956130981,1.315000057220459,-0.00540006160736084
E1_E2,125,15,1,6,interior,4,6.082762530298219,False,False,1.261299967765808,1.2711000442504883,-0.009800076484680176
E1_E2,125,16,1,7,interior,4,7.0710678118654755,False,False,1.1729999780654907,1.1780999898910522,-0.0051000118255615234
E1_E2,125,17,1,8,interior,4,8.06225774829855,True,False,0.6837000250816345,0.6851000189781189,-0.001399993896484375
E1_E2,125,18,2,0,vertical_axis,2,2.0,False,False,1.198099970817566,1.2015999555587769,-0.0034999847412109375
E1_E2,125,19,2,1,interior,4,2.23606797749979,False,False,1.2063000202178955,1.2079999446868896,-0.0016999244689941406
E1_E2,125,20,2,2,interior,4,2.8284271247461903,False,True,1.2318999767303467,1.2331000566482544,-0.0012000799179077148
E1_E2,125,21,2,3,interior,4,3.605551275463989,False,False,1.226199984550476,1.2276999950408936,-0.0015000104904174805
E1_E2,125,22,2,4,interior,4,4.47213595499958,False,False,1.154099941253662,1.1562999486923218,-0.002200007438659668
E1_E2,125,23,2,5,interior,4,5.385164807134504,False,False,1.3149000406265259,1.3184000253677368,-0.0034999847412109375
E1_E2,125,24,2,6,interior,4,6.324555320336759,False,False,1.313099980354309,1.3177000284194946,-0.004600048065185547
E1_E2,125,25,2,7,interior,4,7.280109889280518,False,False,0.9847000241279602,0.9876000285148621,-0.0029000043869018555
E1_E2,125,26,2,8,interior,4,8.246211251235321,True,False,0.6164000034332275,0.6179999709129333,-0.0015999674797058105
E1_E2,125,27,3,0,vertical_axis,2,3.0,False,False,1.1124999523162842,1.1171000003814697,-0.004600048065185547
E1_E2,125,28,3,1,interior,4,3.1622776601683795,False,False,1.2437000274658203,1.24399995803833,-0.0002999305725097656
E1_E2,125,29,3,2,interior,4,3.605551275463989,False,False,1.240399956703186,1.2395999431610107,0.000800013542175293
E1_E2,125,30,3,3,interior,4,4.242640687119285,False,True,1.1397000551223755,1.1384999752044678,0.0012000799179077148
E1_E2,125,31,3,4,interior,4,5.0,False,False,1.1852999925613403,1.1856000423431396,-0.0003000497817993164
E1_E2,125,32,3,5,interior,4,5.830951894845301,False,False,1.0911999940872192,1.092900037765503,-0.0017000436782836914
E1_E2,125,33,3,6,interior,4,6.708203932499369,False,False,1.1375999450683594,1.139799952507019,-0.002200007438659668
E1_E2,125,34,3,7,interior,4,7.615773105863909,False,False,0.9021999835968018,0.9039000272750854,-0.0017000436782836914
E1_E2,125,35,3,8,interior,4,8.54400374531753,True,False,0.4359000027179718,0.43689998984336853,-0.0009999871253967285
E1_E2,125,36,4,0,vertical_axis,2,4.0,False,False,1.1754000186920166,1.1759999990463257,-0.000599980354309082
E1_E2,125,37,4,1,interior,4,4.123105625617661,False,False,1.26010000705719,1.2551000118255615,0.004999995231628418
E1_E2,125,38,4,2,interior,4,4.47213595499958,False,False,1.1520999670028687,1.1490000486373901,0.0030999183654785156
E1_E2,125,39,4,3,interior,4,5.0,False,False,1.1613999605178833,1.15910005569458,0.0022999048233032227
E1_E2,125,40,4,4,interior,4,5.656854249492381,False,True,1.0356999635696411,1.0339000225067139,0.001799941062927246
E1_E2,125,41,4,5,interior,4,6.4031242374328485,False,False,1.0130000114440918,1.013100028038025,-0.00010001659393310547
E1_E2,125,42,4,6,interior,4,7.211102550927978,False,False,1.0298000574111938,1.030500054359436,-0.0006999969482421875
E1_E2,125,43,4,7,interior,4,8.06225774829855,True,False,0.6646999716758728,0.6654000282287598,-0.0007000565528869629
E1_E2,125,44,5,0,vertical_axis,2,5.0,False,False,1.2971999645233154,1.2961000204086304,0.0010999441146850586
E1_E2,125,45,5,1,interior,4,5.0990195135927845,False,False,1.2541999816894531,1.2474000453948975,0.006799936294555664
E1_E2,125,46,5,2,interior,4,5.385164807134504,False,False,1.1872999668121338,1.1822999715805054,0.004999995231628418
E1_E2,125,47,5,3,interior,4,5.830951894845301,False,False,1.0436999797821045,1.0407999753952026,0.0029000043869018555
E1_E2,125,48,5,4,interior,4,6.4031242374328485,False,False,1.0770000219345093,1.0749000310897827,0.0020999908447265625
E1_E2,125,49,5,5,interior,4,7.0710678118654755,False,True,1.0175000429153442,1.0164999961853027,0.001000046730041504
E1_E2,125,50,5,6,interior,4,7.810249675906654,False,False,0.7793999910354614,0.77920001745224,0.00019997358322143555
E1_E2,125,51,5,7,interior,4,8.602325267042627,True,False,0.34360000491142273,0.34360000491142273,0.0
E1_E2,125,52,6,0,vertical_axis,2,6.0,False,False,1.260599970817566,1.2604999542236328,0.00010001659393310547
E1_E2,125,53,6,1,interior,4,6.082762530298219,False,False,1.142300009727478,1.1318000555038452,0.010499954223632812
E1_E2,125,54,6,2,interior,4,6.324555320336759,False,False,1.0408999919891357,1.0353000164031982,0.0055999755859375
E1_E2,125,55,6,3,interior,4,6.708203932499369,False,False,1.1116000413894653,1.107699990272522,0.0039000511169433594
E1_E2,125,56,6,4,interior,4,7.211102550927978,False,False,0.9833999872207642,0.9810000061988831,0.0023999810218811035
E1_E2,125,57,6,5,interior,4,7.810249675906654,False,False,0.6998999714851379,0.6988000273704529,0.0010999441146850586
E1_E2,125,58,6,6,interior,4,8.48528137423857,True,True,0.3628000020980835,0.36250001192092896,0.000299990177154541
E1_E2,125,59,7,0,vertical_axis,2,7.0,False,False,1.173200011253357,1.1712000370025635,0.001999974250793457
E1_E2,125,60,7,1,interior,4,7.0710678118654755,False,False,1.1016000509262085,1.093500018119812,0.008100032806396484
E1_E2,125,61,7,2,interior,4,7.280109889280518,False,False,0.9968000054359436,0.9911999702453613,0.005600035190582275
E1_E2,125,62,7,3,interior,4,7.615773105863909,False,False,0.7943999767303467,0.791100025177002,0.0032999515533447266
E1_E2,125,63,7,4,interior,4,8.06225774829855,True,False,0.5806000232696533,0.5788000226020813,0.0018000006675720215
E1_E2,125,64,7,5,interior,4,8.602325267042627,True,False,0.2976999878883362,0.2971000075340271,0.000599980354309082
E1_E2,125,65,8,0,vertical_axis,2,8.0,True,False,0.6341000199317932,0.6330999732017517,0.001000046730041504
E1_E2,125,66,8,1,interior,4,8.06225774829855,True,False,0.5519999861717224,0.5486000180244446,0.003399968147277832
E1_E2,125,67,8,2,interior,4,8.246211251235321,True,False,0.5519999861717224,0.548799991607666,0.0031999945640563965
E1_E2,125,68,8,3,interior,4,8.54400374531753,True,False,0.36469998955726624,0.3630000054836273,0.001699984073638916
K1_K2,121,0,0,0,center,1,0.0,False,True,1.6021000146865845,1.5743000507354736,0.02779996395111084
K1_K2,121,1,0,1,horizontal_axis,2,1.0,False,False,1.409500002861023,1.394700050354004,0.014799952507019043
K1_K2,121,2,0,2,horizontal_axis,2,2.0,False,False,1.166599988937378,1.1669000387191772,-0.0003000497817993164
K1_K2,121,3,0,3,horizontal_axis,2,3.0,False,False,1.1405999660491943,1.1414999961853027,-0.0009000301361083984
K1_K2,121,4,0,4,horizontal_axis,2,4.0,False,False,1.3481999635696411,1.3481999635696411,0.0
K1_K2,121,5,0,5,horizontal_axis,2,5.0,False,False,1.0759999752044678,1.0773999691009521,-0.001399993896484375
K1_K2,121,6,0,6,horizontal_axis,2,6.0,False,False,0.9692999720573425,0.9685999751091003,0.0006999969482421875
K1_K2,121,7,0,7,horizontal_axis,2,7.0,False,False,0.8883000016212463,0.8859999775886536,0.0023000240325927734
K1_K2,121,8,0,8,horizontal_axis,2,8.0,True,False,0.5432999730110168,0.54339998960495,-0.00010001659393310547
K1_K2,121,9,1,0,vertical_axis,2,1.0,False,False,1.409500002861023,1.394700050354004,0.014799952507019043
K1_K2,121,10,1,1,interior,4,1.4142135623730951,False,True,1.4010000228881836,1.3924000263214111,0.008599996566772461
K1_K2,121,11,1,2,interior,4,2.23606797749979,False,False,1.2396999597549438,1.2408000230789185,-0.0011000633239746094
K1_K2,121,12,1,3,interior,4,3.1622776601683795,False,False,1.195099949836731,1.1966999769210815,-0.001600027084350586
K1_K2,121,13,1,4,interior,4,4.123105625617661,False,False,1.3956999778747559,1.3961000442504883,-0.0004000663757324219
K1_K2,121,14,1,5,interior,4,5.0990195135927845,False,False,1.1223000288009644,1.1226999759674072,-0.0003999471664428711
K1_K2,121,15,1,6,interior,4,6.082762530298219,False,False,1.1133999824523926,1.1114000082015991,0.001999974250793457
K1_K2,121,16,1,7,interior,4,7.0710678118654755,False,False,0.9043999910354614,0.8999999761581421,0.004400014877319336
K1_K2,121,17,1,8,interior,4,8.06225774829855,True,False,0.5031999945640564,0.5012000203132629,0.001999974250793457
K1_K2,121,18,2,0,vertical_axis,2,2.0,False,False,1.166599988937378,1.1669000387191772,-0.0003000497817993164
K1_K2,121,19,2,1,interior,4,2.23606797749979,False,False,1.1937999725341797,1.1900999546051025,0.0037000179290771484
K1_K2,121,20,2,2,interior,4,2.8284271247461903,False,True,1.3246999979019165,1.3242000341415405,0.0004999637603759766
K1_K2,121,21,2,3,interior,4,3.605551275463989,False,False,1.3528000116348267,1.353700041770935,-0.0009000301361083984
K1_K2,121,22,2,4,interior,4,4.47213595499958,False,False,1.402999997138977,1.4038000106811523,-0.000800013542175293
K1_K2,121,23,2,5,interior,4,5.385164807134504,False,False,1.2812999486923218,1.281499981880188,-0.00020003318786621094
K1_K2,121,24,2,6,interior,4,6.324555320336759,False,False,1.2180999517440796,1.2173999547958374,0.0006999969482421875
K1_K2,121,25,2,7,interior,4,7.280109889280518,False,False,0.9138000011444092,0.9122999906539917,0.0015000104904174805
K1_K2,121,26,2,8,interior,4,8.246211251235321,True,False,0.4300999939441681,0.42899999022483826,0.001100003719329834
K1_K2,121,27,3,0,vertical_axis,2,3.0,False,False,1.1405999660491943,1.1414999961853027,-0.0009000301361083984
K1_K2,121,28,3,1,interior,4,3.1622776601683795,False,False,1.144700050354004,1.1448999643325806,-0.00019991397857666016
K1_K2,121,29,3,2,interior,4,3.605551275463989,False,False,1.3147000074386597,1.3157000541687012,-0.001000046730041504
K1_K2,121,30,3,3,interior,4,4.242640687119285,False,True,1.2218999862670898,1.2238999605178833,-0.001999974250793457
K1_K2,121,31,3,4,interior,4,5.0,False,False,1.1452000141143799,1.1455999612808228,-0.0003999471664428711
K1_K2,121,32,3,5,interior,4,5.830951894845301,False,False,1.1495000123977661,1.149999976158142,-0.0004999637603759766
K1_K2,121,33,3,6,interior,4,6.708203932499369,False,False,1.117900013923645,1.118899941444397,-0.0009999275207519531
K1_K2,121,34,3,7,interior,4,7.615773105863909,False,False,0.8266000151634216,0.8264999985694885,0.00010001659393310547
K1_K2,121,35,3,8,interior,4,8.54400374531753,True,False,0.34599998593330383,0.3456999957561493,0.000299990177154541
K1_K2,121,36,4,0,vertical_axis,2,4.0,False,False,1.3481999635696411,1.3481999635696411,0.0
K1_K2,121,37,4,1,interior,4,4.123105625617661,False,False,1.28410005569458,1.2848000526428223,-0.0006999969482421875
K1_K2,121,38,4,2,interior,4,4.47213595499958,False,False,1.17739999294281,1.1786999702453613,-0.0012999773025512695
K1_K2,121,39,4,3,interior,4,5.0,False,False,1.1375999450683594,1.1390000581741333,-0.0014001131057739258
K1_K2,121,40,4,4,interior,4,5.656854249492381,False,True,1.2444000244140625,1.2458000183105469,-0.001399993896484375
K1_K2,121,41,4,5,interior,4,6.4031242374328485,False,False,1.2353999614715576,1.2366000413894653,-0.0012000799179077148
K1_K2,121,42,4,6,interior,4,7.211102550927978,False,False,0.9800000190734863,0.9811000227928162,-0.001100003719329834
K1_K2,121,43,4,7,interior,4,8.06225774829855,True,False,0.5842000246047974,0.5846999883651733,-0.0004999637603759766
K1_K2,121,44,5,0,vertical_axis,2,5.0,False,False,1.0759999752044678,1.0773999691009521,-0.001399993896484375
K1_K2,121,45,5,1,interior,4,5.0990195135927845,False,False,1.2417000532150269,1.2430000305175781,-0.0012999773025512695
K1_K2,121,46,5,2,interior,4,5.385164807134504,False,False,1.3044999837875366,1.3062000274658203,-0.0017000436782836914
K1_K2,121,47,5,3,interior,4,5.830951894845301,False,False,1.1700999736785889,1.1721999645233154,-0.0020999908447265625
K1_K2,121,48,5,4,interior,4,6.4031242374328485,False,False,1.2188999652862549,1.2207000255584717,-0.0018000602722167969
K1_K2,121,49,5,5,interior,4,7.0710678118654755,False,True,1.0640000104904175,1.0652999877929688,-0.0012999773025512695
K1_K2,121,50,5,6,interior,4,7.810249675906654,False,False,0.771399974822998,0.772599995136261,-0.0012000203132629395
K1_K2,121,51,5,7,interior,4,8.602325267042627,True,False,0.3837999999523163,0.38429999351501465,-0.0004999935626983643
K1_K2,121,52,6,0,vertical_axis,2,6.0,False,False,0.9692999720573425,0.9685999751091003,0.0006999969482421875
K1_K2,121,53,6,1,interior,4,6.082762530298219,False,False,1.118299961090088,1.1196000576019287,-0.0013000965118408203
K1_K2,121,54,6,2,interior,4,6.324555320336759,False,False,1.1194000244140625,1.1211999654769897,-0.001799941062927246
K1_K2,121,55,6,3,interior,4,6.708203932499369,False,False,0.958299994468689,0.9599999785423279,-0.001699984073638916
K1_K2,121,56,6,4,interior,4,7.211102550927978,False,False,0.9351999759674072,0.9366999864578247,-0.0015000104904174805
K1_K2,121,57,6,5,interior,4,7.810249675906654,False,False,0.7763000130653381,0.7774999737739563,-0.001199960708618164
K1_K2,121,58,6,6,interior,4,8.48528137423857,True,True,0.44999998807907104,0.4507000148296356,-0.0007000267505645752
K1_K2,121,59,7,0,vertical_axis,2,7.0,False,False,0.8883000016212463,0.8859999775886536,0.0023000240325927734
K1_K2,121,60,7,1,interior,4,7.0710678118654755,False,False,0.8871999979019165,0.8892999887466431,-0.0020999908447265625
K1_K2,121,61,7,2,interior,4,7.280109889280518,False,False,0.9271000027656555,0.9290000200271606,-0.001900017261505127
K1_K2,121,62,7,3,interior,4,7.615773105863909,False,False,0.7918000221252441,0.7932999730110168,-0.001499950885772705
K1_K2,121,63,7,4,interior,4,8.06225774829855,True,False,0.5763000249862671,0.5773000121116638,-0.0009999871253967285
K1_K2,121,64,7,5,interior,4,8.602325267042627,True,False,0.30880001187324524,0.3091999888420105,-0.0003999769687652588
K1_K2,121,65,8,0,vertical_axis,2,8.0,True,False,0.5432999730110168,0.54339998960495,-0.00010001659393310547
K1_K2,121,66,8,1,interior,4,8.06225774829855,True,False,0.542900025844574,0.544700026512146,-0.0018000006675720215
K1_K2,121,67,8,2,interior,4,8.246211251235321,True,False,0.5073999762535095,0.5087000131607056,-0.001300036907196045
K1_K2,121,68,8,3,interior,4,8.54400374531753,True,False,0.352400004863739,0.3531999886035919,-0.0007999837398529053
H3_H4,101,0,0,0,center,1,0.0,False,True,1.881600022315979,1.882599949836731,-0.0009999275207519531
H3_H4,101,1,0,1,horizontal_axis,2,1.0,False,False,1.70169997215271,1.7029999494552612,-0.0012999773025512695
H3_H4,101,2,0,2,horizontal_axis,2,2.0,False,False,1.0282000303268433,1.027999997138977,0.00020003318786621094
H3_H4,101,3,0,3,horizontal_axis,2,3.0,False,False,1.2626999616622925,1.264299988746643,-0.001600027084350586
H3_H4,101,4,0,4,horizontal_axis,2,4.0,False,False,1.1715999841690063,1.173200011253357,-0.001600027084350586
H3_H4,101,5,0,5,horizontal_axis,2,5.0,False,False,0.9764000177383423,0.9757999777793884,0.0006000399589538574
H3_H4,101,6,0,6,horizontal_axis,2,6.0,False,False,1.2615000009536743,1.2640999555587769,-0.002599954605102539
H3_H4,101,7,0,7,horizontal_axis,2,7.0,False,False,1.0986000299453735,1.101699948310852,-0.0030999183654785156
H3_H4,101,8,0,8,horizontal_axis,2,8.0,True,False,0.6948000192642212,0.6944000124931335,0.0004000067710876465
H3_H4,101,9,1,0,vertical_axis,2,1.0,False,False,1.70169997215271,1.7029999494552612,-0.0012999773025512695
H3_H4,101,10,1,1,interior,4,1.4142135623730951,False,True,1.4950000047683716,1.495300054550171,-0.0003000497817993164
H3_H4,101,11,1,2,interior,4,2.23606797749979,False,False,1.3654999732971191,1.3672000169754028,-0.0017000436782836914
H3_H4,101,12,1,3,interior,4,3.1622776601683795,False,False,1.1263999938964844,1.128100037574768,-0.0017000436782836914
H3_H4,101,13,1,4,interior,4,4.123105625617661,False,False,1.2414000034332275,1.2431000471115112,-0.0017000436782836914
H3_H4,101,14,1,5,interior,4,5.0990195135927845,False,False,1.2041000127792358,1.2010999917984009,0.003000020980834961
H3_H4,101,15,1,6,interior,4,6.082762530298219,False,False,1.3184000253677368,1.3186999559402466,-0.0002999305725097656
H3_H4,101,16,1,7,interior,4,7.0710678118654755,False,False,1.044700026512146,1.0476000308990479,-0.0029000043869018555
H3_H4,101,17,1,8,interior,4,8.06225774829855,True,False,0.6783000230789185,0.6793000102043152,-0.0009999871253967285
H3_H4,101,18,2,0,vertical_axis,2,2.0,False,False,1.0282000303268433,1.027999997138977,0.00020003318786621094
H3_H4,101,19,2,1,interior,4,2.23606797749979,False,False,1.219099998474121,1.2175999879837036,0.0015000104904174805
H3_H4,101,20,2,2,interior,4,2.8284271247461903,False,True,0.9761000275611877,0.9757999777793884,0.0003000497817993164
H3_H4,101,21,2,3,interior,4,3.605551275463989,False,False,0.8026000261306763,0.8016999959945679,0.0009000301361083984
H3_H4,101,22,2,4,interior,4,4.47213595499958,False,False,1.1433000564575195,1.1420999765396118,0.0012000799179077148
H3_H4,101,23,2,5,interior,4,5.385164807134504,False,False,1.280500054359436,1.2806999683380127,-0.00019991397857666016
H3_H4,101,24,2,6,interior,4,6.324555320336759,False,False,1.354599952697754,1.3550000190734863,-0.0004000663757324219
H3_H4,101,25,2,7,interior,4,7.280109889280518,False,False,1.1017999649047852,1.1029000282287598,-0.0011000633239746094
H3_H4,101,26,2,8,interior,4,8.246211251235321,True,False,0.5584999918937683,0.5590999722480774,-0.000599980354309082
H3_H4,101,27,3,0,vertical_axis,2,3.0,False,False,1.2626999616622925,1.264299988746643,-0.001600027084350586
H3_H4,101,28,3,1,interior,4,3.1622776601683795,False,False,1.1894999742507935,1.1875,0.001999974250793457
H3_H4,101,29,3,2,interior,4,3.605551275463989,False,False,0.8600999712944031,0.8575999736785889,0.002499997615814209
H3_H4,101,30,3,3,interior,4,4.242640687119285,False,True,0.7875000238418579,0.7846999764442444,0.0028000473976135254
H3_H4,101,31,3,4,interior,4,5.0,False,False,1.0657999515533447,1.062000036239624,0.003799915313720703
H3_H4,101,32,3,5,interior,4,5.830951894845301,False,False,0.930899977684021,0.9300000071525574,0.000899970531463623
H3_H4,101,33,3,6,interior,4,6.708203932499369,False,False,1.107800006866455,1.107800006866455,0.0
H3_H4,101,34,3,7,interior,4,7.615773105863909,False,False,0.8197000026702881,0.8198999762535095,-0.00019997358322143555
H3_H4,101,35,3,8,interior,4,8.54400374531753,True,False,0.30959999561309814,0.3098999857902527,-0.000299990177154541
H3_H4,101,36,4,0,vertical_axis,2,4.0,False,False,1.1715999841690063,1.173200011253357,-0.001600027084350586
H3_H4,101,37,4,1,interior,4,4.123105625617661,False,False,1.1619999408721924,1.1615999937057495,0.0003999471664428711
H3_H4,101,38,4,2,interior,4,4.47213595499958,False,False,1.1586999893188477,1.1571999788284302,0.0015000104904174805
H3_H4,101,39,4,3,interior,4,5.0,False,False,1.257099986076355,1.2551000118255615,0.001999974250793457
H3_H4,101,40,4,4,interior,4,5.656854249492381,False,True,1.3353999853134155,1.333400011062622,0.001999974250793457
H3_H4,101,41,4,5,interior,4,6.4031242374328485,False,False,1.19350004196167,1.1924999952316284,0.001000046730041504
H3_H4,101,42,4,6,interior,4,7.211102550927978,False,False,0.9049999713897705,0.9046000242233276,0.0003999471664428711
H3_H4,101,43,4,7,interior,4,8.06225774829855,True,False,0.5131999850273132,0.5130000114440918,0.00019997358322143555
H3_H4,101,44,5,0,vertical_axis,2,5.0,False,False,0.9764000177383423,0.9757999777793884,0.0006000399589538574
H3_H4,101,45,5,1,interior,4,5.0990195135927845,False,False,1.3068000078201294,1.3092000484466553,-0.002400040626525879
H3_H4,101,46,5,2,interior,4,5.385164807134504,False,False,1.017300009727478,1.0170999765396118,0.00020003318786621094
H3_H4,101,47,5,3,interior,4,5.830951894845301,False,False,1.2858999967575073,1.2856999635696411,0.00020003318786621094
H3_H4,101,48,5,4,interior,4,6.4031242374328485,False,False,1.2591999769210815,1.2585999965667725,0.000599980354309082
H3_H4,101,49,5,5,interior,4,7.0710678118654755,False,True,0.9093999862670898,0.9090999960899353,0.000299990177154541
H3_H4,101,50,5,6,interior,4,7.810249675906654,False,False,0.5670999884605408,0.5666999816894531,0.0004000067710876465
H3_H4,101,51,5,7,interior,4,8.602325267042627,True,False,0.32089999318122864,0.3206999897956848,0.00020000338554382324
H3_H4,101,52,6,0,vertical_axis,2,6.0,False,False,1.2615000009536743,1.2640999555587769,-0.002599954605102539
H3_H4,101,53,6,1,interior,4,6.082762530298219,False,False,1.1960999965667725,1.197700023651123,-0.001600027084350586
H3_H4,101,54,6,2,interior,4,6.324555320336759,False,False,1.2242000102996826,1.2249000072479248,-0.0006999969482421875
H3_H4,101,55,6,3,interior,4,6.708203932499369,False,False,1.2583999633789062,1.2587000131607056,-0.0003000497817993164
H3_H4,101,56,6,4,interior,4,7.211102550927978,False,False,0.9591000080108643,0.9592999815940857,-0.00019997358322143555
H3_H4,101,57,6,5,interior,4,7.810249675906654,False,False,0.6955999732017517,0.6951000094413757,0.0004999637603759766
H3_H4,101,58,6,6,interior,4,8.48528137423857,True,True,0.4075999855995178,0.40720000863075256,0.0003999769687652588
H3_H4,101,59,7,0,vertical_axis,2,7.0,False,False,1.0986000299453735,1.101699948310852,-0.0030999183654785156
H3_H4,101,60,7,1,interior,4,7.0710678118654755,False,False,1.0764000415802002,1.0772000551223755,-0.000800013542175293
H3_H4,101,61,7,2,interior,4,7.280109889280518,False,False,1.0190999507904053,1.019700050354004,-0.0006000995635986328
H3_H4,101,62,7,3,interior,4,7.615773105863909,False,False,0.8891000151634216,0.8894000053405762,-0.000299990177154541
H3_H4,101,63,7,4,interior,4,8.06225774829855,True,False,0.6830000281333923,0.6830999851226807,-9.995698928833008e-05
H3_H4,101,64,7,5,interior,4,8.602325267042627,True,False,0.40689998865127563,0.4068000018596649,9.998679161071777e-05
H3_H4,101,65,8,0,vertical_axis,2,8.0,True,False,0.6948000192642212,0.6944000124931335,0.0004000067710876465
H3_H4,101,66,8,1,interior,4,8.06225774829855,True,False,0.6252999901771545,0.6254000067710876,-0.00010001659393310547
H3_H4,101,67,8,2,interior,4,8.246211251235321,True,False,0.5591999888420105,0.559499979019165,-0.000299990177154541
H3_H4,101,68,8,3,interior,4,8.54400374531753,True,False,0.4113999903202057,0.4115000069141388,-0.00010001659393310547
A2_A8,117,0,0,0,center,1,0.0,False,True,1.1964000463485718,1.2000999450683594,-0.0036998987197875977
A2_A8,117,1,0,1,horizontal_axis,2,1.0,False,False,1.1740000247955322,1.1742000579833984,-0.00020003318786621094
A2_A8,117,2,0,2,horizontal_axis,2,2.0,False,False,1.5931999683380127,1.593000054359436,0.00019991397857666016
A2_A8,117,3,0,3,horizontal_axis,2,3.0,False,False,1.5814000368118286,1.583400011062622,-0.001999974250793457
A2_A8,117,4,0,4,horizontal_axis,2,4.0,False,False,1.4290000200271606,1.4297000169754028,-0.0006999969482421875
A2_A8,117,5,0,5,horizontal_axis,2,5.0,False,False,1.4217000007629395,1.419800043106079,0.0018999576568603516
A2_A8,117,6,0,6,horizontal_axis,2,6.0,False,False,1.2770999670028687,1.2762999534606934,0.000800013542175293
A2_A8,117,7,0,7,horizontal_axis,2,7.0,False,False,0.9775999784469604,0.9771000146865845,0.0004999637603759766
A2_A8,117,8,0,8,horizontal_axis,2,8.0,True,False,0.5335000157356262,0.53329998254776,0.00020003318786621094
A2_A8,117,9,1,0,vertical_axis,2,1.0,False,False,1.1740000247955322,1.1742000579833984,-0.00020003318786621094
A2_A8,117,10,1,1,interior,4,1.4142135623730951,False,True,1.2491999864578247,1.2493000030517578,-0.00010001659393310547
A2_A8,117,11,1,2,interior,4,2.23606797749979,False,False,1.4210000038146973,1.4208999872207642,0.00010001659393310547
A2_A8,117,12,1,3,interior,4,3.1622776601683795,False,False,1.4709999561309814,1.473099946975708,-0.0020999908447265625
A2_A8,117,13,1,4,interior,4,4.123105625617661,False,False,1.7134000062942505,1.716599941253662,-0.003199934959411621
A2_A8,117,14,1,5,interior,4,5.0990195135927845,False,False,1.590399980545044,1.5910999774932861,-0.0006999969482421875
A2_A8,117,15,1,6,interior,4,6.082762530298219,False,False,1.174399971961975,1.174399971961975,0.0
A2_A8,117,16,1,7,interior,4,7.0710678118654755,False,False,0.7833999991416931,0.78329998254776,0.00010001659393310547
A2_A8,117,17,1,8,interior,4,8.06225774829855,True,False,0.44850000739097595,0.44839999079704285,0.00010001659393310547
A2_A8,117,18,2,0,vertical_axis,2,2.0,False,False,1.5931999683380127,1.593000054359436,0.00019991397857666016
A2_A8,117,19,2,1,interior,4,2.23606797749979,False,False,1.5295000076293945,1.5297000408172607,-0.00020003318786621094
A2_A8,117,20,2,2,interior,4,2.8284271247461903,False,True,1.5636999607086182,1.5640000104904175,-0.0003000497817993164
A2_A8,117,21,2,3,interior,4,3.605551275463989,False,False,1.718000054359436,1.719099998474121,-0.0010999441146850586
A2_A8,117,22,2,4,interior,4,4.47213595499958,False,False,1.645400047302246,1.6468000411987305,-0.001399993896484375
A2_A8,117,23,2,5,interior,4,5.385164807134504,False,False,1.441100001335144,1.4419000148773193,-0.000800013542175293
A2_A8,117,24,2,6,interior,4,6.324555320336759,False,False,0.9516000151634216,0.9517999887466431,-0.00019997358322143555
A2_A8,117,25,2,7,interior,4,7.280109889280518,False,False,0.7878000140190125,0.7878999710083008,-9.995698928833008e-05
A2_A8,117,26,2,8,interior,4,8.246211251235321,True,False,0.4131999909877777,0.4131999909877777,0.0
A2_A8,117,27,3,0,vertical_axis,2,3.0,False,False,1.5814000368118286,1.583400011062622,-0.001999974250793457
A2_A8,117,28,3,1,interior,4,3.1622776601683795,False,False,1.7726000547409058,1.7721999883651733,0.0004000663757324219
A2_A8,117,29,3,2,interior,4,3.605551275463989,False,False,1.5699000358581543,1.569700002670288,0.00020003318786621094
A2_A8,117,30,3,3,interior,4,4.242640687119285,False,True,1.5219999551773071,1.5224000215530396,-0.0004000663757324219
A2_A8,117,31,3,4,interior,4,5.0,False,False,1.1937999725341797,1.1943000555038452,-0.0005000829696655273
A2_A8,117,32,3,5,interior,4,5.830951894845301,False,False,0.9915000200271606,0.9922000169754028,-0.0006999969482421875
A2_A8,117,33,3,6,interior,4,6.708203932499369,False,False,0.8325999975204468,0.8328999876976013,-0.000299990177154541
A2_A8,117,34,3,7,interior,4,7.615773105863909,False,False,0.552299976348877,0.5523999929428101,-0.00010001659393310547
A2_A8,117,35,3,8,interior,4,8.54400374531753,True,False,0.22120000422000885,0.22110000252723694,0.00010000169277191162
A2_A8,117,36,4,0,vertical_axis,2,4.0,False,False,1.4290000200271606,1.4297000169754028,-0.0006999969482421875
A2_A8,117,37,4,1,interior,4,4.123105625617661,False,False,1.7192000150680542,1.7165000438690186,0.0026999711990356445
A2_A8,117,38,4,2,interior,4,4.47213595499958,False,False,1.6763999462127686,1.6753000020980835,0.0010999441146850586
A2_A8,117,39,4,3,interior,4,5.0,False,False,1.5353000164031982,1.535099983215332,0.00020003318786621094
A2_A8,117,40,4,4,interior,4,5.656854249492381,False,True,1.201799988746643,1.2020000219345093,-0.00020003318786621094
A2_A8,117,41,4,5,interior,4,6.4031242374328485,False,False,0.9189000129699707,0.9193000197410583,-0.0004000067710876465
A2_A8,117,42,4,6,interior,4,7.211102550927978,False,False,0.6496000289916992,0.6498000025749207,-0.00019997358322143555
A2_A8,117,43,4,7,interior,4,8.06225774829855,True,False,0.3230000138282776,0.3230000138282776,0.0
A2_A8,117,44,5,0,vertical_axis,2,5.0,False,False,1.4217000007629395,1.419800043106079,0.0018999576568603516
A2_A8,117,45,5,1,interior,4,5.0990195135927845,False,False,1.344599962234497,1.3423000574111938,0.0022999048233032227
A2_A8,117,46,5,2,interior,4,5.385164807134504,False,False,1.2668999433517456,1.2657999992370605,0.0010999441146850586
A2_A8,117,47,5,3,interior,4,5.830951894845301,False,False,1.159500002861023,1.15910005569458,0.0003999471664428711
A2_A8,117,48,5,4,interior,4,6.4031242374328485,False,False,1.0343999862670898,1.0342999696731567,0.00010001659393310547
A2_A8,117,49,5,5,interior,4,7.0710678118654755,False,True,0.7257000207901001,0.7257999777793884,-9.995698928833008e-05
A2_A8,117,50,5,6,interior,4,7.810249675906654,False,False,0.45829999446868896,0.45840001106262207,-0.00010001659393310547
A2_A8,117,51,5,7,interior,4,8.602325267042627,True,False,0.18039999902248383,0.18039999902248383,0.0
A2_A8,117,52,6,0,vertical_axis,2,6.0,False,False,1.2770999670028687,1.2762999534606934,0.000800013542175293
A2_A8,117,53,6,1,interior,4,6.082762530298219,False,False,0.8712999820709229,0.870199978351593,0.001100003719329834
A2_A8,117,54,6,2,interior,4,6.324555320336759,False,False,0.8345000147819519,0.8338000178337097,0.0006999969482421875
A2_A8,117,55,6,3,interior,4,6.708203932499369,False,False,0.7477999925613403,0.7473999857902527,0.0004000067710876465
A2_A8,117,56,6,4,interior,4,7.211102550927978,False,False,0.5748000144958496,0.5746999979019165,0.00010001659393310547
A2_A8,117,57,6,5,interior,4,7.810249675906654,False,False,0.436599999666214,0.436599999666214,0.0
A2_A8,117,58,6,6,interior,4,8.48528137423857,True,True,0.241799995303154,0.2418999969959259,-0.00010000169277191162
A2_A8,117,59,7,0,vertical_axis,2,7.0,False,False,0.9775999784469604,0.9771000146865845,0.0004999637603759766
A2_A8,117,60,7,1,interior,4,7.0710678118654755,False,False,0.8865000009536743,0.8859000205993652,0.000599980354309082
A2_A8,117,61,7,2,interior,4,7.280109889280518,False,False,0.6870999932289124,0.6866000294685364,0.0004999637603759766
A2_A8,117,62,7,3,interior,4,7.615773105863909,False,False,0.34630000591278076,0.34610000252723694,0.00020000338554382324
A2_A8,117,63,7,4,interior,4,8.06225774829855,True,False,0.3400999903678894,0.3398999869823456,0.00020000338554382324
A2_A8,117,64,7,5,interior,4,8.602325267042627,True,False,0.17810000479221344,0.17810000479221344,0.0
A2_A8,117,65,8,0,vertical_axis,2,8.0,True,False,0.5335000157356262,0.53329998254776,0.00020003318786621094
A2_A8,117,66,8,1,interior,4,8.06225774829855,True,False,0.4724999964237213,0.4722999930381775,0.00020000338554382324
A2_A8,117,67,8,2,interior,4,8.246211251235321,True,False,0.38909998536109924,0.3889000117778778,0.00019997358322143555
A2_A8,117,68,8,3,interior,4,8.54400374531753,True,False,0.20520000159740448,0.20499999821186066,0.00020000338554382324
E3_E4,117,0,0,0,center,1,0.0,False,True,1.2412999868392944,1.2335000038146973,0.007799983024597168
E3_E4,117,1,0,1,horizontal_axis,2,1.0,False,False,0.957099974155426,0.9573000073432922,-0.00020003318786621094
E3_E4,117,2,0,2,horizontal_axis,2,2.0,False,False,1.5521999597549438,1.5568000078201294,-0.004600048065185547
E3_E4,117,3,0,3,horizontal_axis,2,3.0,False,False,1.3077000379562378,1.3078999519348145,-0.00019991397857666016
E3_E4,117,4,0,4,horizontal_axis,2,4.0,False,False,1.5439000129699707,1.5390000343322754,0.0048999786376953125
E3_E4,117,5,0,5,horizontal_axis,2,5.0,False,False,1.2705999612808228,1.2697999477386475,0.000800013542175293
E3_E4,117,6,0,6,horizontal_axis,2,6.0,False,False,1.3068000078201294,1.3121999502182007,-0.005399942398071289
E3_E4,117,7,0,7,horizontal_axis,2,7.0,False,False,0.9595000147819519,0.9642999768257141,-0.004799962043762207
E3_E4,117,8,0,8,horizontal_axis,2,8.0,True,False,0.35850000381469727,0.36250001192092896,-0.0040000081062316895
E3_E4,117,9,1,0,vertical_axis,2,1.0,False,False,0.957099974155426,0.9573000073432922,-0.00020003318786621094
E3_E4,117,10,1,1,interior,4,1.4142135623730951,False,True,1.496500015258789,1.4979000091552734,-0.001399993896484375
E3_E4,117,11,1,2,interior,4,2.23606797749979,False,False,1.6657999753952026,1.6692999601364136,-0.0034999847412109375
E3_E4,117,12,1,3,interior,4,3.1622776601683795,False,False,1.4908000230789185,1.4910000562667847,-0.00020003318786621094
E3_E4,117,13,1,4,interior,4,4.123105625617661,False,False,1.356600046157837,1.3557000160217285,0.0009000301361083984
E3_E4,117,14,1,5,interior,4,5.0990195135927845,False,False,1.3295999765396118,1.330899953842163,-0.0012999773025512695
E3_E4,117,15,1,6,interior,4,6.082762530298219,False,False,1.3158999681472778,1.318600058555603,-0.0027000904083251953
E3_E4,117,16,1,7,interior,4,7.0710678118654755,False,False,0.8087999820709229,0.8090999722480774,-0.000299990177154541
E3_E4,117,17,1,8,interior,4,8.06225774829855,True,False,0.4106999933719635,0.4083000123500824,0.0023999810218811035
E3_E4,117,18,2,0,vertical_axis,2,2.0,False,False,1.5521999597549438,1.5568000078201294,-0.004600048065185547
E3_E4,117,19,2,1,interior,4,2.23606797749979,False,False,1.4503999948501587,1.4520000219345093,-0.001600027084350586
E3_E4,117,20,2,2,interior,4,2.8284271247461903,False,True,1.5680999755859375,1.569100022315979,-0.001000046730041504
E3_E4,117,21,2,3,interior,4,3.605551275463989,False,False,1.4636000394821167,1.4631999731063843,0.0004000663757324219
E3_E4,117,22,2,4,interior,4,4.47213595499958,False,False,1.531000018119812,1.5297000408172607,0.0012999773025512695
E3_E4,117,23,2,5,interior,4,5.385164807134504,False,False,1.4337999820709229,1.4332000017166138,0.000599980354309082
E3_E4,117,24,2,6,interior,4,6.324555320336759,False,False,1.1663999557495117,1.1663999557495117,0.0
E3_E4,117,25,2,7,interior,4,7.280109889280518,False,False,0.9208999872207642,0.9204000234603882,0.0004999637603759766
E3_E4,117,26,2,8,interior,4,8.246211251235321,True,False,0.39239999651908875,0.39169999957084656,0.0006999969482421875
E3_E4,117,27,3,0,vertical_axis,2,3.0,False,False,1.3077000379562378,1.3078999519348145,-0.00019991397857666016
E3_E4,117,28,3,1,interior,4,3.1622776601683795,False,False,1.2961000204086304,1.2963000535964966,-0.00020003318786621094
E3_E4,117,29,3,2,interior,4,3.605551275463989,False,False,1.2662999629974365,1.2660000324249268,0.0002999305725097656
E3_E4,117,30,3,3,interior,4,4.242640687119285,False,True,1.2396999597549438,1.2388999462127686,0.000800013542175293
E3_E4,117,31,3,4,interior,4,5.0,False,False,1.2107000350952148,1.2077000141143799,0.003000020980834961
E3_E4,117,32,3,5,interior,4,5.830951894845301,False,False,1.055400013923645,1.0539000034332275,0.0015000104904174805
E3_E4,117,33,3,6,interior,4,6.708203932499369,False,False,1.0252000093460083,1.0240000486373901,0.001199960708618164
E3_E4,117,34,3,7,interior,4,7.615773105863909,False,False,0.8080999851226807,0.8069999814033508,0.001100003719329834
E3_E4,117,35,3,8,interior,4,8.54400374531753,True,False,0.3634999990463257,0.3628999888896942,0.0006000101566314697
E3_E4,117,36,4,0,vertical_axis,2,4.0,False,False,1.5439000129699707,1.5390000343322754,0.0048999786376953125
E3_E4,117,37,4,1,interior,4,4.123105625617661,False,False,1.5018999576568604,1.4984999895095825,0.003399968147277832
E3_E4,117,38,4,2,interior,4,4.47213595499958,False,False,1.3323999643325806,1.3307000398635864,0.0016999244689941406
E3_E4,117,39,4,3,interior,4,5.0,False,False,1.291100025177002,1.2897000312805176,0.001399993896484375
E3_E4,117,40,4,4,interior,4,5.656854249492381,False,True,1.1031999588012695,1.1016000509262085,0.0015999078750610352
E3_E4,117,41,4,5,interior,4,6.4031242374328485,False,False,1.061400055885315,1.0597000122070312,0.0017000436782836914
E3_E4,117,42,4,6,interior,4,7.211102550927978,False,False,0.9653000235557556,0.9635999798774719,0.0017000436782836914
E3_E4,117,43,4,7,interior,4,8.06225774829855,True,False,0.5242999792098999,0.5227000117301941,0.0015999674797058105
E3_E4,117,44,5,0,vertical_axis,2,5.0,False,False,1.2705999612808228,1.2697999477386475,0.000800013542175293
E3_E4,117,45,5,1,interior,4,5.0990195135927845,False,False,1.1628999710083008,1.1613999605178833,0.0015000104904174805
E3_E4,117,46,5,2,interior,4,5.385164807134504,False,False,1.044700026512146,1.0434000492095947,0.0012999773025512695
E3_E4,117,47,5,3,interior,4,5.830951894845301,False,False,1.0191999673843384,1.0182000398635864,0.0009999275207519531
E3_E4,117,48,5,4,interior,4,6.4031242374328485,False,False,1.0830999612808228,1.0815999507904053,0.0015000104904174805
E3_E4,117,49,5,5,interior,4,7.0710678118654755,False,True,0.9757000207901001,0.9739999771118164,0.0017000436782836914
E3_E4,117,50,5,6,interior,4,7.810249675906654,False,False,0.7391999959945679,0.7376999855041504,0.0015000104904174805
E3_E4,117,51,5,7,interior,4,8.602325267042627,True,False,0.3635999858379364,0.3626999855041504,0.0009000003337860107
E3_E4,117,52,6,0,vertical_axis,2,6.0,False,False,1.3068000078201294,1.3121999502182007,-0.005399942398071289
E3_E4,117,53,6,1,interior,4,6.082762530298219,False,False,1.1109000444412231,1.1132999658584595,-0.002399921417236328
E3_E4,117,54,6,2,interior,4,6.324555320336759,False,False,1.092900037765503,1.0936000347137451,-0.0006999969482421875
E3_E4,117,55,6,3,interior,4,6.708203932499369,False,False,0.782800018787384,0.7825000286102295,0.000299990177154541
E3_E4,117,56,6,4,interior,4,7.211102550927978,False,False,0.650600016117096,0.6492000222206116,0.001399993896484375
E3_E4,117,57,6,5,interior,4,7.810249675906654,False,False,0.534500002861023,0.5335000157356262,0.0009999871253967285
E3_E4,117,58,6,6,interior,4,8.48528137423857,True,True,0.30000001192092896,0.2992999851703644,0.0007000267505645752
E3_E4,117,59,7,0,vertical_axis,2,7.0,False,False,0.9595000147819519,0.9642999768257141,-0.004799962043762207
E3_E4,117,60,7,1,interior,4,7.0710678118654755,False,False,0.8503999710083008,0.855400025844574,-0.005000054836273193
E3_E4,117,61,7,2,interior,4,7.280109889280518,False,False,0.838699996471405,0.8406999707221985,-0.001999974250793457
E3_E4,117,62,7,3,interior,4,7.615773105863909,False,False,0.6553000211715698,0.6556000113487244,-0.000299990177154541
E3_E4,117,63,7,4,interior,4,8.06225774829855,True,False,0.4011000096797943,0.40070000290870667,0.0004000067710876465
E3_E4,117,64,7,5,interior,4,8.602325267042627,True,False,0.23729999363422394,0.23690000176429749,0.00039999186992645264
E3_E4,117,65,8,0,vertical_axis,2,8.0,True,False,0.35850000381469727,0.36250001192092896,-0.0040000081062316895
E3_E4,117,66,8,1,interior,4,8.06225774829855,True,False,0.4115000069141388,0.4171000123023987,-0.005600005388259888
E3_E4,117,67,8,2,interior,4,8.246211251235321,True,False,0.34360000491142273,0.3449999988079071,-0.001399993896484375
E3_E4,117,68,8,3,interior,4,8.54400374531753,True,False,0.23960000276565552,0.23989999294281006,-0.000299990177154541
N1_N2,117,0,0,0,center,1,0.0,False,True,1.3609999418258667,1.3667999505996704,-0.005800008773803711
N1_N2,117,1,0,1,horizontal_axis,2,1.0,False,False,1.187000036239624,1.187600016593933,-0.000599980354309082
N1_N2,117,2,0,2,horizontal_axis,2,2.0,False,False,1.3317999839782715,1.330399990081787,0.001399993896484375
N1_N2,117,3,0,3,horizontal_axis,2,3.0,False,False,1.3539999723434448,1.3530000448226929,0.0009999275207519531
N1_N2,117,4,0,4,horizontal_axis,2,4.0,False,False,1.3051999807357788,1.3035999536514282,0.001600027084350586
N1_N2,117,5,0,5,horizontal_axis,2,5.0,False,False,1.3180999755859375,1.3183000087738037,-0.00020003318786621094
N1_N2,117,6,0,6,horizontal_axis,2,6.0,False,False,1.1230000257492065,1.1266000270843506,-0.003600001335144043
N1_N2,117,7,0,7,horizontal_axis,2,7.0,False,False,0.6352999806404114,0.638700008392334,-0.0034000277519226074
N1_N2,117,8,0,8,horizontal_axis,2,8.0,True,False,0.4172999858856201,0.4154999852180481,0.0018000006675720215
N1_N2,117,9,1,0,vertical_axis,2,1.0,False,False,1.187000036239624,1.187600016593933,-0.000599980354309082
N1_N2,117,10,1,1,interior,4,1.4142135623730951,False,True,1.3041000366210938,1.3041000366210938,0.0
N1_N2,117,11,1,2,interior,4,2.23606797749979,False,False,1.1306999921798706,1.1313999891281128,-0.0006999969482421875
N1_N2,117,12,1,3,interior,4,3.1622776601683795,False,False,1.1531000137329102,1.1562000513076782,-0.0031000375747680664
N1_N2,117,13,1,4,interior,4,4.123105625617661,False,False,1.1657999753952026,1.1741000413894653,-0.008300065994262695
N1_N2,117,14,1,5,interior,4,5.0990195135927845,False,False,1.1794999837875366,1.1845999956130981,-0.0051000118255615234
N1_N2,117,15,1,6,interior,4,6.082762530298219,False,False,1.1548999547958374,1.1621999740600586,-0.007300019264221191
N1_N2,117,16,1,7,interior,4,7.0710678118654755,False,False,0.7886999845504761,0.7967000007629395,-0.008000016212463379
N1_N2,117,17,1,8,interior,4,8.06225774829855,True,False,0.3747999966144562,0.3774000108242035,-0.0026000142097473145
N1_N2,117,18,2,0,vertical_axis,2,2.0,False,False,1.3317999839782715,1.330399990081787,0.001399993896484375
N1_N2,117,19,2,1,interior,4,2.23606797749979,False,False,1.3473000526428223,1.3458000421524048,0.0015000104904174805
N1_N2,117,20,2,2,interior,4,2.8284271247461903,False,True,1.1539000272750854,1.15339994430542,0.0005000829696655273
N1_N2,117,21,2,3,interior,4,3.605551275463989,False,False,1.1526999473571777,1.1521999835968018,0.0004999637603759766
N1_N2,117,22,2,4,interior,4,4.47213595499958,False,False,1.2929999828338623,1.2960000038146973,-0.003000020980834961
N1_N2,117,23,2,5,interior,4,5.385164807134504,False,False,1.3579000234603882,1.3623000383377075,-0.004400014877319336
N1_N2,117,24,2,6,interior,4,6.324555320336759,False,False,1.2559000253677368,1.2610000371932983,-0.0051000118255615234
N1_N2,117,25,2,7,interior,4,7.280109889280518,False,False,0.9221000075340271,0.926800012588501,-0.004700005054473877
N1_N2,117,26,2,8,interior,4,8.246211251235321,True,False,0.42899999022483826,0.43140000104904175,-0.002400010824203491
N1_N2,117,27,3,0,vertical_axis,2,3.0,False,False,1.3539999723434448,1.3530000448226929,0.0009999275207519531
N1_N2,117,28,3,1,interior,4,3.1622776601683795,False,False,1.3243000507354736,1.320199966430664,0.00410008430480957
N1_N2,117,29,3,2,interior,4,3.605551275463989,False,False,1.2544000148773193,1.2519999742507935,0.002400040626525879
N1_N2,117,30,3,3,interior,4,4.242640687119285,False,True,1.3869999647140503,1.3859000205993652,0.0010999441146850586
N1_N2,117,31,3,4,interior,4,5.0,False,False,1.1821999549865723,1.1822999715805054,-0.00010001659393310547
N1_N2,117,32,3,5,interior,4,5.830951894845301,False,False,1.1506999731063843,1.1532000303268433,-0.0025000572204589844
N1_N2,117,33,3,6,interior,4,6.708203932499369,False,False,1.1303999423980713,1.1333999633789062,-0.003000020980834961
N1_N2,117,34,3,7,interior,4,7.615773105863909,False,False,0.7824000120162964,0.7849000096321106,-0.002499997615814209
N1_N2,117,35,3,8,interior,4,8.54400374531753,True,False,0.2969000041484833,0.29809999465942383,-0.0011999905109405518
N1_N2,117,36,4,0,vertical_axis,2,4.0,False,False,1.3051999807357788,1.3035999536514282,0.001600027084350586
N1_N2,117,37,4,1,interior,4,4.123105625617661,False,False,1.2732000350952148,1.2632999420166016,0.009900093078613281
N1_N2,117,38,4,2,interior,4,4.47213595499958,False,False,1.4708000421524048,1.4661999940872192,0.004600048065185547
N1_N2,117,39,4,3,interior,4,5.0,False,False,1.2092000246047974,1.2080999612808228,0.0011000633239746094
N1_N2,117,40,4,4,interior,4,5.656854249492381,False,True,1.3686000108718872,1.368399977684021,0.00020003318786621094
N1_N2,117,41,4,5,interior,4,6.4031242374328485,False,False,1.2793999910354614,1.280400037765503,-0.001000046730041504
N1_N2,117,42,4,6,interior,4,7.211102550927978,False,False,0.9925000071525574,0.9940000176429749,-0.0015000104904174805
N1_N2,117,43,4,7,interior,4,8.06225774829855,True,False,0.5792999863624573,0.5805000066757202,-0.0012000203132629395
N1_N2,117,44,5,0,vertical_axis,2,5.0,False,False,1.3180999755859375,1.3183000087738037,-0.00020003318786621094
N1_N2,117,45,5,1,interior,4,5.0990195135927845,False,False,1.4408999681472778,1.434499979019165,0.006399989128112793
N1_N2,117,46,5,2,interior,4,5.385164807134504,False,False,1.4571000337600708,1.4526000022888184,0.004500031471252441
N1_N2,117,47,5,3,interior,4,5.830951894845301,False,False,1.184399962425232,1.1825000047683716,0.0018999576568603516
N1_N2,117,48,5,4,interior,4,6.4031242374328485,False,False,1.2156000137329102,1.2148000001907349,0.000800013542175293
N1_N2,117,49,5,5,interior,4,7.0710678118654755,False,True,1.0214999914169312,1.0218000411987305,-0.0003000497817993164
N1_N2,117,50,5,6,interior,4,7.810249675906654,False,False,0.7246000170707703,0.7250999808311462,-0.0004999637603759766
N1_N2,117,51,5,7,interior,4,8.602325267042627,True,False,0.219200000166893,0.21950000524520874,-0.00030000507831573486
N1_N2,117,52,6,0,vertical_axis,2,6.0,False,False,1.1230000257492065,1.1266000270843506,-0.003600001335144043
N1_N2,117,53,6,1,interior,4,6.082762530298219,False,False,1.0774999856948853,1.0743000507354736,0.003199934959411621
N1_N2,117,54,6,2,interior,4,6.324555320336759,False,False,1.2022000551223755,1.1985000371932983,0.0037000179290771484
N1_N2,117,55,6,3,interior,4,6.708203932499369,False,False,1.186900019645691,1.1842999458312988,0.00260007381439209
N1_N2,117,56,6,4,interior,4,7.211102550927978,False,False,0.994700014591217,0.993399977684021,0.001300036907196045
N1_N2,117,57,6,5,interior,4,7.810249675906654,False,False,0.7911999821662903,0.7907999753952026,0.0004000067710876465
N1_N2,117,58,6,6,interior,4,8.48528137423857,True,True,0.4316999912261963,0.4316999912261963,0.0
N1_N2,117,59,7,0,vertical_axis,2,7.0,False,False,0.6352999806404114,0.638700008392334,-0.0034000277519226074
N1_N2,117,60,7,1,interior,4,7.0710678118654755,False,False,0.8030999898910522,0.796500027179718,0.0065999627113342285
N1_N2,117,61,7,2,interior,4,7.280109889280518,False,False,0.8967000246047974,0.892799973487854,0.0039000511169433594
N1_N2,117,62,7,3,interior,4,7.615773105863909,False,False,0.7768999934196472,0.7746999859809875,0.002200007438659668
N1_N2,117,63,7,4,interior,4,8.06225774829855,True,False,0.5878999829292297,0.5867999792098999,0.001100003719329834
N1_N2,117,64,7,5,interior,4,8.602325267042627,True,False,0.35899999737739563,0.35850000381469727,0.0004999935626983643
N1_N2,117,65,8,0,vertical_axis,2,8.0,True,False,0.4172999858856201,0.4154999852180481,0.0018000006675720215
N1_N2,117,66,8,1,interior,4,8.06225774829855,True,False,0.36890000104904175,0.365200012922287,0.0036999881267547607
N1_N2,117,67,8,2,interior,4,8.246211251235321,True,False,0.37279999256134033,0.37049999833106995,0.0022999942302703857
N1_N2,117,68,8,3,interior,4,8.54400374531753,True,False,0.2800999879837036,0.27900001406669617,0.0010999739170074463
N3_N4,105,0,0,0,center,1,0.0,False,True,1.5649000406265259,1.563099980354309,0.0018000602722167969
N3_N4,105,1,0,1,horizontal_axis,2,1.0,False,False,1.327299952507019,1.3255000114440918,0.001799941062927246
N3_N4,105,2,0,2,horizontal_axis,2,2.0,False,False,1.5587999820709229,1.5580999851226807,0.0006999969482421875
N3_N4,105,3,0,3,horizontal_axis,2,3.0,False,False,1.7538000345230103,1.753499984741211,0.0003000497817993164
N3_N4,105,4,0,4,horizontal_axis,2,4.0,False,False,1.895900011062622,1.8960000276565552,-0.00010001659393310547
N3_N4,105,5,0,5,horizontal_axis,2,5.0,False,False,1.7717000246047974,1.7725000381469727,-0.000800013542175293
N3_N4,105,6,0,6,horizontal_axis,2,6.0,False,False,1.3343000411987305,1.3357000350952148,-0.001399993896484375
N3_N4,105,7,0,7,horizontal_axis,2,7.0,False,False,0.5313000082969666,0.5307999849319458,0.000500023365020752
N3_N4,105,8,0,8,horizontal_axis,2,8.0,True,False,0.34130001068115234,0.34049999713897705,0.000800013542175293
N3_N4,105,9,1,0,vertical_axis,2,1.0,False,False,1.327299952507019,1.3255000114440918,0.001799941062927246
N3_N4,105,10,1,1,interior,4,1.4142135623730951,False,True,1.5336999893188477,1.5321999788284302,0.0015000104904174805
N3_N4,105,11,1,2,interior,4,2.23606797749979,False,False,1.0555000305175781,1.0543999671936035,0.0011000633239746094
N3_N4,105,12,1,3,interior,4,3.1622776601683795,False,False,1.593999981880188,1.5930999517440796,0.0009000301361083984
N3_N4,105,13,1,4,interior,4,4.123105625617661,False,False,1.6389000415802002,1.6390999555587769,-0.00019991397857666016
N3_N4,105,14,1,5,interior,4,5.0990195135927845,False,False,1.4768999814987183,1.4782999753952026,-0.001399993896484375
N3_N4,105,15,1,6,interior,4,6.082762530298219,False,False,0.9969000220298767,1.0002000331878662,-0.003300011157989502
N3_N4,105,16,1,7,interior,4,7.0710678118654755,False,False,0.49380001425743103,0.4957999885082245,-0.001999974250793457
N3_N4,105,17,1,8,interior,4,8.06225774829855,True,False,0.24160000681877136,0.24230000376701355,-0.0006999969482421875
N3_N4,105,18,2,0,vertical_axis,2,2.0,False,False,1.5587999820709229,1.5580999851226807,0.0006999969482421875
N3_N4,105,19,2,1,interior,4,2.23606797749979,False,False,1.504699945449829,1.5037000179290771,0.0009999275207519531
N3_N4,105,20,2,2,interior,4,2.8284271247461903,False,True,1.2265000343322754,1.2259000539779663,0.000599980354309082
N3_N4,105,21,2,3,interior,4,3.605551275463989,False,False,1.055899977684021,1.0549999475479126,0.0009000301361083984
N3_N4,105,22,2,4,interior,4,4.47213595499958,False,False,1.1601999998092651,1.1612999439239502,-0.0010999441146850586
N3_N4,105,23,2,5,interior,4,5.385164807134504,False,False,1.1535999774932861,1.1548000574111938,-0.0012000799179077148
N3_N4,105,24,2,6,interior,4,6.324555320336759,False,False,0.8233000040054321,0.8242999911308289,-0.0009999871253967285
N3_N4,105,25,2,7,interior,4,7.280109889280518,False,False,0.6353999972343445,0.6366000175476074,-0.0012000203132629395
N3_N4,105,26,2,8,interior,4,8.246211251235321,True,False,0.26260000467300415,0.2628999948501587,-0.000299990177154541
N3_N4,105,27,3,0,vertical_axis,2,3.0,False,False,1.7538000345230103,1.753499984741211,0.0003000497817993164
N3_N4,105,28,3,1,interior,4,3.1622776601683795,False,False,1.6992000341415405,1.6990000009536743,0.00020003318786621094
N3_N4,105,29,3,2,interior,4,3.605551275463989,False,False,1.5202000141143799,1.5199999809265137,0.00020003318786621094
N3_N4,105,30,3,3,interior,4,4.242640687119285,False,True,1.172700047492981,1.1726000308990479,0.00010001659393310547
N3_N4,105,31,3,4,interior,4,5.0,False,False,1.1603000164031982,1.1608999967575073,-0.000599980354309082
N3_N4,105,32,3,5,interior,4,5.830951894845301,False,False,0.6769999861717224,0.6775000095367432,-0.000500023365020752
N3_N4,105,33,3,6,interior,4,6.708203932499369,False,False,0.7753000259399414,0.7760999798774719,-0.0007999539375305176
N3_N4,105,34,3,7,interior,4,7.615773105863909,False,False,0.5169000029563904,0.5175999999046326,-0.0006999969482421875
N3_N4,105,35,3,8,interior,4,8.54400374531753,True,False,0.20520000159740448,0.2054000049829483,-0.00020000338554382324
N3_N4,105,36,4,0,vertical_axis,2,4.0,False,False,1.895900011062622,1.8960000276565552,-0.00010001659393310547
N3_N4,105,37,4,1,interior,4,4.123105625617661,False,False,1.6030000448226929,1.6030999422073364,-9.989738464355469e-05
N3_N4,105,38,4,2,interior,4,4.47213595499958,False,False,1.6227999925613403,1.6229000091552734,-0.00010001659393310547
N3_N4,105,39,4,3,interior,4,5.0,False,False,1.5032000541687012,1.503600001335144,-0.0003999471664428711
N3_N4,105,40,4,4,interior,4,5.656854249492381,False,True,1.243299961090088,1.2438000440597534,-0.0005000829696655273
N3_N4,105,41,4,5,interior,4,6.4031242374328485,False,False,0.9771999716758728,0.9775999784469604,-0.0004000067710876465
N3_N4,105,42,4,6,interior,4,7.211102550927978,False,False,0.722599983215332,0.7231000065803528,-0.000500023365020752
N3_N4,105,43,4,7,interior,4,8.06225774829855,True,False,0.26420000195503235,0.2646999955177307,-0.0004999935626983643
N3_N4,105,44,5,0,vertical_axis,2,5.0,False,False,1.7717000246047974,1.7725000381469727,-0.000800013542175293
N3_N4,105,45,5,1,interior,4,5.0990195135927845,False,False,1.7582000494003296,1.7582000494003296,0.0
N3_N4,105,46,5,2,interior,4,5.385164807134504,False,False,1.5390000343322754,1.5390000343322754,0.0
N3_N4,105,47,5,3,interior,4,5.830951894845301,False,False,1.2431999444961548,1.2440999746322632,-0.0009000301361083984
N3_N4,105,48,5,4,interior,4,6.4031242374328485,False,False,1.0753999948501587,1.075600028038025,-0.00020003318786621094
N3_N4,105,49,5,5,interior,4,7.0710678118654755,False,True,0.9495999813079834,0.9498999714851379,-0.000299990177154541
N3_N4,105,50,5,6,interior,4,7.810249675906654,False,False,0.6614999771118164,0.661899983882904,-0.0004000067710876465
N3_N4,105,51,5,7,interior,4,8.602325267042627,True,False,0.23070000112056732,0.23100000619888306,-0.00030000507831573486
N3_N4,105,52,6,0,vertical_axis,2,6.0,False,False,1.3343000411987305,1.3357000350952148,-0.001399993896484375
N3_N4,105,53,6,1,interior,4,6.082762530298219,False,False,1.3631999492645264,1.3623000383377075,0.0008999109268188477
N3_N4,105,54,6,2,interior,4,6.324555320336759,False,False,1.2148000001907349,1.2139999866485596,0.000800013542175293
N3_N4,105,55,6,3,interior,4,6.708203932499369,False,False,0.8935999870300293,0.8925999999046326,0.0009999871253967285
N3_N4,105,56,6,4,interior,4,7.211102550927978,False,False,0.9394999742507935,0.939300000667572,0.00019997358322143555
N3_N4,105,57,6,5,interior,4,7.810249675906654,False,False,0.7141000032424927,0.7141000032424927,0.0
N3_N4,105,58,6,6,interior,4,8.48528137423857,True,True,0.4106999933719635,0.4108000099658966,-0.00010001659393310547
N3_N4,105,59,7,0,vertical_axis,2,7.0,False,False,0.5313000082969666,0.5307999849319458,0.000500023365020752
N3_N4,105,60,7,1,interior,4,7.0710678118654755,False,False,0.8450999855995178,0.8420000076293945,0.003099977970123291
N3_N4,105,61,7,2,interior,4,7.280109889280518,False,False,0.7311999797821045,0.7297000288963318,0.001499950885772705
N3_N4,105,62,7,3,interior,4,7.615773105863909,False,False,0.5410000085830688,0.5404000282287598,0.000599980354309082
N3_N4,105,63,7,4,interior,4,8.06225774829855,True,False,0.49059998989105225,0.4902999997138977,0.000299990177154541
N3_N4,105,64,7,5,interior,4,8.602325267042627,True,False,0.33899998664855957,0.33899998664855957,0.0
N3_N4,105,65,8,0,vertical_axis,2,8.0,True,False,0.34130001068115234,0.34049999713897705,0.000800013542175293
N3_N4,105,66,8,1,interior,4,8.06225774829855,True,False,0.39969998598098755,0.3977999985218048,0.0018999874591827393
N3_N4,105,67,8,2,interior,4,8.246211251235321,True,False,0.3240000009536743,0.323199987411499,0.000800013542175293
N3_N4,105,68,8,3,interior,4,8.54400374531753,True,False,0.16380000114440918,0.16369999945163727,0.00010000169277191162
E1_E2,117,0,0,0,center,1,0.0,False,True,1.6490000486373901,1.641700029373169,0.007300019264221191
E1_E2,117,1,0,1,horizontal_axis,2,1.0,False,False,1.4404000043869019,1.444200038909912,-0.003800034523010254
E1_E2,117,2,0,2,horizontal_axis,2,2.0,False,False,1.5918999910354614,1.5947999954223633,-0.0029000043869018555
E1_E2,117,3,0,3,horizontal_axis,2,3.0,False,False,1.6836999654769897,1.6811000108718872,0.002599954605102539
E1_E2,117,4,0,4,horizontal_axis,2,4.0,False,False,1.6439000368118286,1.641700029373169,0.002200007438659668
E1_E2,117,5,0,5,horizontal_axis,2,5.0,False,False,1.5334999561309814,1.527999997138977,0.0054999589920043945
E1_E2,117,6,0,6,horizontal_axis,2,6.0,False,False,1.0063999891281128,1.003499984741211,0.0029000043869018555
E1_E2,117,7,0,7,horizontal_axis,2,7.0,False,False,0.6464999914169312,0.6470999717712402,-0.000599980354309082
E1_E2,117,8,0,8,horizontal_axis,2,8.0,True,False,0.3781000077724457,0.376800000667572,0.0013000071048736572
E1_E2,117,9,1,0,vertical_axis,2,1.0,False,False,1.4404000043869019,1.444200038909912,-0.003800034523010254
E1_E2,117,10,1,1,interior,4,1.4142135623730951,False,True,1.562600016593933,1.567199945449829,-0.004599928855895996
E1_E2,117,11,1,2,interior,4,2.23606797749979,False,False,1.392899990081787,1.3997000455856323,-0.006800055503845215
E1_E2,117,12,1,3,interior,4,3.1622776601683795,False,False,1.6538000106811523,1.6561000347137451,-0.0023000240325927734
E1_E2,117,13,1,4,interior,4,4.123105625617661,False,False,1.6842000484466553,1.6842999458312988,-9.989738464355469e-05
E1_E2,117,14,1,5,interior,4,5.0990195135927845,False,False,1.375,1.3746999502182007,0.0003000497817993164
E1_E2,117,15,1,6,interior,4,6.082762530298219,False,False,0.9394999742507935,0.9429000020027161,-0.0034000277519226074
E1_E2,117,16,1,7,interior,4,7.0710678118654755,False,False,0.39399999380111694,0.39730000495910645,-0.003300011157989502
E1_E2,117,17,1,8,interior,4,8.06225774829855,True,False,0.2770000100135803,0.27730000019073486,-0.000299990177154541
E1_E2,117,18,2,0,vertical_axis,2,2.0,False,False,1.5918999910354614,1.5947999954223633,-0.0029000043869018555
E1_E2,117,19,2,1,interior,4,2.23606797749979,False,False,1.6555999517440796,1.654099941253662,0.0015000104904174805
E1_E2,117,20,2,2,interior,4,2.8284271247461903,False,True,1.504699945449829,1.5063999891281128,-0.0017000436782836914
E1_E2,117,21,2,3,interior,4,3.605551275463989,False,False,1.6790000200271606,1.680899977684021,-0.0018999576568603516
E1_E2,117,22,2,4,interior,4,4.47213595499958,False,False,1.5118000507354736,1.5128999948501587,-0.0010999441146850586
E1_E2,117,23,2,5,interior,4,5.385164807134504,False,False,1.2289999723434448,1.2301000356674194,-0.0011000633239746094
E1_E2,117,24,2,6,interior,4,6.324555320336759,False,False,0.7189000248908997,0.7207000255584717,-0.0018000006675720215
E1_E2,117,25,2,7,interior,4,7.280109889280518,False,False,0.4458000063896179,0.4478999972343445,-0.0020999908447265625
E1_E2,117,26,2,8,interior,4,8.246211251235321,True,False,0.24390000104904175,0.2443999946117401,-0.0004999935626983643
E1_E2,117,27,3,0,vertical_axis,2,3.0,False,False,1.6836999654769897,1.6811000108718872,0.002599954605102539
E1_E2,117,28,3,1,interior,4,3.1622776601683795,False,False,1.7773000001907349,1.773800015449524,0.0034999847412109375
E1_E2,117,29,3,2,interior,4,3.605551275463989,False,False,1.634600043296814,1.6340999603271484,0.0005000829696655273
E1_E2,117,30,3,3,interior,4,4.242640687119285,False,True,1.520400047302246,1.5211000442504883,-0.0006999969482421875
E1_E2,117,31,3,4,interior,4,5.0,False,False,1.259600043296814,1.2604999542236328,-0.0008999109268188477
E1_E2,117,32,3,5,interior,4,5.830951894845301,False,False,1.091599941253662,1.0927000045776367,-0.0011000633239746094
E1_E2,117,33,3,6,interior,4,6.708203932499369,False,False,0.8403000235557556,0.8416000008583069,-0.0012999773025512695
E1_E2,117,34,3,7,interior,4,7.615773105863909,False,False,0.484499990940094,0.48559999465942383,-0.001100003719329834
E1_E2,117,35,3,8,interior,4,8.54400374531753,True,False,0.21529999375343323,0.2159000039100647,-0.0006000101566314697
E1_E2,117,36,4,0,vertical_axis,2,4.0,False,False,1.6439000368118286,1.641700029373169,0.002200007438659668
E1_E2,117,37,4,1,interior,4,4.123105625617661,False,False,1.472100019454956,1.4696999788284302,0.002400040626525879
E1_E2,117,38,4,2,interior,4,4.47213595499958,False,False,1.589400053024292,1.5880000591278076,0.001399993896484375
E1_E2,117,39,4,3,interior,4,5.0,False,False,1.3594000339508057,1.3592000007629395,0.00020003318786621094
E1_E2,117,40,4,4,interior,4,5.656854249492381,False,True,1.023800015449524,1.0240000486373901,-0.00020003318786621094
E1_E2,117,41,4,5,interior,4,6.4031242374328485,False,False,0.9017000198364258,0.902400016784668,-0.0006999969482421875
E1_E2,117,42,4,6,interior,4,7.211102550927978,False,False,0.5823000073432922,0.5828999876976013,-0.000599980354309082
E1_E2,117,43,4,7,interior,4,8.06225774829855,True,False,0.35850000381469727,0.35910001397132874,-0.0006000101566314697
E1_E2,117,44,5,0,vertical_axis,2,5.0,False,False,1.5334999561309814,1.527999997138977,0.0054999589920043945
E1_E2,117,45,5,1,interior,4,5.0990195135927845,False,False,1.4413000345230103,1.4368000030517578,0.004500031471252441
E1_E2,117,46,5,2,interior,4,5.385164807134504,False,False,1.3549000024795532,1.3525999784469604,0.0023000240325927734
E1_E2,117,47,5,3,interior,4,5.830951894845301,False,False,1.0901000499725342,1.0895999670028687,0.0005000829696655273
E1_E2,117,48,5,4,interior,4,6.4031242374328485,False,False,0.8235999941825867,0.8235999941825867,0.0
E1_E2,117,49,5,5,interior,4,7.0710678118654755,False,True,0.7059999704360962,0.7064999938011169,-0.000500023365020752
E1_E2,117,50,5,6,interior,4,7.810249675906654,False,False,0.4514999985694885,0.4519999921321869,-0.0004999935626983643
E1_E2,117,51,5,7,interior,4,8.602325267042627,True,False,0.21240000426769257,0.2126999944448471,-0.000299990177154541
E1_E2,117,52,6,0,vertical_axis,2,6.0,False,False,1.0063999891281128,1.003499984741211,0.0029000043869018555
E1_E2,117,53,6,1,interior,4,6.082762530298219,False,False,1.2853000164031982,1.281000018119812,0.0042999982833862305
E1_E2,117,54,6,2,interior,4,6.324555320336759,False,False,1.1714999675750732,1.1694999933242798,0.001999974250793457
E1_E2,117,55,6,3,interior,4,6.708203932499369,False,False,0.9660999774932861,0.965399980545044,0.0006999969482421875
E1_E2,117,56,6,4,interior,4,7.211102550927978,False,False,0.7414000034332275,0.7414000034332275,0.0
E1_E2,117,57,6,5,interior,4,7.810249675906654,False,False,0.5,0.5002999901771545,-0.000299990177154541
E1_E2,117,58,6,6,interior,4,8.48528137423857,True,True,0.22429999709129333,0.22470000386238098,-0.0004000067710876465
E1_E2,117,59,7,0,vertical_axis,2,7.0,False,False,0.6464999914169312,0.6470999717712402,-0.000599980354309082
E1_E2,117,60,7,1,interior,4,7.0710678118654755,False,False,0.9532999992370605,0.9503999948501587,0.0029000043869018555
E1_E2,117,61,7,2,interior,4,7.280109889280518,False,False,0.8590999841690063,0.8579999804496765,0.001100003719329834
E1_E2,117,62,7,3,interior,4,7.615773105863909,False,False,0.6904000043869019,0.6898000240325928,0.000599980354309082
E1_E2,117,63,7,4,interior,4,8.06225774829855,True,False,0.48730000853538513,0.487199991941452,0.00010001659393310547
E1_E2,117,64,7,5,interior,4,8.602325267042627,True,False,0.2551000118255615,0.25519999861717224,-9.998679161071777e-05
E1_E2,117,65,8,0,vertical_axis,2,8.0,True,False,0.3781000077724457,0.376800000667572,0.0013000071048736572
E1_E2,117,66,8,1,interior,4,8.06225774829855,True,False,0.5123000144958496,0.5105000138282776,0.0018000006675720215
E1_E2,117,67,8,2,interior,4,8.246211251235321,True,False,0.4903999865055084,0.4896000027656555,0.0007999837398529053
E1_E2,117,68,8,3,interior,4,8.54400374531753,True,False,0.31859999895095825,0.3183000087738037,0.000299990177154541
K1_K2,121,0,0,0,center,1,0.0,False,True,1.2318999767303467,1.236899971961975,-0.004999995231628418
K1_K2,121,1,0,1,horizontal_axis,2,1.0,False,False,1.1373000144958496,1.1382999420166016,-0.0009999275207519531
K1_K2,121,2,0,2,horizontal_axis,2,2.0,False,False,1.2702000141143799,1.2702000141143799,0.0
K1_K2,121,3,0,3,horizontal_axis,2,3.0,False,False,1.2848000526428223,1.2855000495910645,-0.0006999969482421875
K1_K2,121,4,0,4,horizontal_axis,2,4.0,False,False,1.2619999647140503,1.2611000537872314,0.0008999109268188477
K1_K2,121,5,0,5,horizontal_axis,2,5.0,False,False,1.2805999517440796,1.2789000272750854,0.0016999244689941406
K1_K2,121,6,0,6,horizontal_axis,2,6.0,False,False,1.1921000480651855,1.1908999681472778,0.0012000799179077148
K1_K2,121,7,0,7,horizontal_axis,2,7.0,False,False,0.9541000127792358,0.9527999758720398,0.001300036907196045
K1_K2,121,8,0,8,horizontal_axis,2,8.0,True,False,0.503000020980835,0.5022000074386597,0.000800013542175293
K1_K2,121,9,1,0,vertical_axis,2,1.0,False,False,1.1373000144958496,1.1382999420166016,-0.0009999275207519531
K1_K2,121,10,1,1,interior,4,1.4142135623730951,False,True,1.2502000331878662,1.251099944114685,-0.0008999109268188477
K1_K2,121,11,1,2,interior,4,2.23606797749979,False,False,1.1090999841690063,1.111199975013733,-0.0020999908447265625
K1_K2,121,12,1,3,interior,4,3.1622776601683795,False,False,1.1098999977111816,1.1131000518798828,-0.003200054168701172
K1_K2,121,13,1,4,interior,4,4.123105625617661,False,False,1.1598000526428223,1.1677000522613525,-0.007899999618530273
K1_K2,121,14,1,5,interior,4,5.0990195135927845,False,False,1.1550999879837036,1.1591999530792236,-0.0040999650955200195
K1_K2,121,15,1,6,interior,4,6.082762530298219,False,False,1.1877000331878662,1.1883000135421753,-0.000599980354309082
K1_K2,121,16,1,7,interior,4,7.0710678118654755,False,False,0.8891000151634216,0.8881000280380249,0.0009999871253967285
K1_K2,121,17,1,8,interior,4,8.06225774829855,True,False,0.4449000060558319,0.44440001249313354,0.0004999935626983643
K1_K2,121,18,2,0,vertical_axis,2,2.0,False,False,1.2702000141143799,1.2702000141143799,0.0
K1_K2,121,19,2,1,interior,4,2.23606797749979,False,False,1.2834999561309814,1.2834999561309814,0.0
K1_K2,121,20,2,2,interior,4,2.8284271247461903,False,True,1.1455999612808228,1.1467000246047974,-0.0011000633239746094
K1_K2,121,21,2,3,interior,4,3.605551275463989,False,False,1.139299988746643,1.1404000520706177,-0.0011000633239746094
K1_K2,121,22,2,4,interior,4,4.47213595499958,False,False,1.2896000146865845,1.292799949645996,-0.003199934959411621
K1_K2,121,23,2,5,interior,4,5.385164807134504,False,False,1.3464000225067139,1.3494000434875488,-0.003000020980834961
K1_K2,121,24,2,6,interior,4,6.324555320336759,False,False,1.2015000581741333,1.2028000354766846,-0.0012999773025512695
K1_K2,121,25,2,7,interior,4,7.280109889280518,False,False,0.9592000246047974,0.9592999815940857,-9.995698928833008e-05
K1_K2,121,26,2,8,interior,4,8.246211251235321,True,False,0.4959999918937683,0.4957999885082245,0.00020000338554382324
K1_K2,121,27,3,0,vertical_axis,2,3.0,False,False,1.2848000526428223,1.2855000495910645,-0.0006999969482421875
K1_K2,121,28,3,1,interior,4,3.1622776601683795,False,False,1.2024999856948853,1.1993000507354736,0.003199934959411621
K1_K2,121,29,3,2,interior,4,3.605551275463989,False,False,1.2525999546051025,1.2525999546051025,0.0
K1_K2,121,30,3,3,interior,4,4.242640687119285,False,True,1.3600000143051147,1.36080002784729,-0.000800013542175293
K1_K2,121,31,3,4,interior,4,5.0,False,False,1.2151999473571777,1.2164000272750854,-0.0012000799179077148
K1_K2,121,32,3,5,interior,4,5.830951894845301,False,False,1.1734000444412231,1.1756000518798828,-0.002200007438659668
K1_K2,121,33,3,6,interior,4,6.708203932499369,False,False,1.1416000127792358,1.142899990081787,-0.0012999773025512695
K1_K2,121,34,3,7,interior,4,7.615773105863909,False,False,0.8137999773025513,0.814300000667572,-0.000500023365020752
K1_K2,121,35,3,8,interior,4,8.54400374531753,True,False,0.3278000056743622,0.3278999924659729,-9.998679161071777e-05
K1_K2,121,36,4,0,vertical_axis,2,4.0,False,False,1.2619999647140503,1.2611000537872314,0.0008999109268188477
K1_K2,121,37,4,1,interior,4,4.123105625617661,False,False,1.1813000440597534,1.1726000308990479,0.008700013160705566
K1_K2,121,38,4,2,interior,4,4.47213595499958,False,False,1.2934000492095947,1.2905000448226929,0.0029000043869018555
K1_K2,121,39,4,3,interior,4,5.0,False,False,1.152500033378601,1.1527999639511108,-0.0002999305725097656
K1_K2,121,40,4,4,interior,4,5.656854249492381,False,True,1.2719999551773071,1.2727999687194824,-0.000800013542175293
K1_K2,121,41,4,5,interior,4,6.4031242374328485,False,False,1.2797000408172607,1.280900001525879,-0.001199960708618164
K1_K2,121,42,4,6,interior,4,7.211102550927978,False,False,1.0362000465393066,1.0371999740600586,-0.0009999275207519531
K1_K2,121,43,4,7,interior,4,8.06225774829855,True,False,0.6567000150680542,0.6571999788284302,-0.0004999637603759766
K1_K2,121,44,5,0,vertical_axis,2,5.0,False,False,1.2805999517440796,1.2789000272750854,0.0016999244689941406
K1_K2,121,45,5,1,interior,4,5.0990195135927845,False,False,1.2893999814987183,1.2836999893188477,0.0056999921798706055
K1_K2,121,46,5,2,interior,4,5.385164807134504,False,False,1.2740999460220337,1.2711000442504883,0.00299990177154541
K1_K2,121,47,5,3,interior,4,5.830951894845301,False,False,1.1139999628067017,1.1131000518798828,0.0008999109268188477
K1_K2,121,48,5,4,interior,4,6.4031242374328485,False,False,1.1628999710083008,1.1629999876022339,-0.00010001659393310547
K1_K2,121,49,5,5,interior,4,7.0710678118654755,False,True,1.041200041770935,1.042099952697754,-0.0008999109268188477
K1_K2,121,50,5,6,interior,4,7.810249675906654,False,False,0.8475000262260437,0.8481000065803528,-0.000599980354309082
K1_K2,121,51,5,7,interior,4,8.602325267042627,True,False,0.4250999987125397,0.4253999888896942,-0.000299990177154541
K1_K2,121,52,6,0,vertical_axis,2,6.0,False,False,1.1921000480651855,1.1908999681472778,0.0012000799179077148
K1_K2,121,53,6,1,interior,4,6.082762530298219,False,False,1.1061999797821045,1.104099988937378,0.0020999908447265625
K1_K2,121,54,6,2,interior,4,6.324555320336759,False,False,1.187399983406067,1.1851999759674072,0.002200007438659668
K1_K2,121,55,6,3,interior,4,6.708203932499369,False,False,1.0870000123977661,1.085800051689148,0.001199960708618164
K1_K2,121,56,6,4,interior,4,7.211102550927978,False,False,0.9509999752044678,0.9506000280380249,0.0003999471664428711
K1_K2,121,57,6,5,interior,4,7.810249675906654,False,False,0.7853000164031982,0.7854999899864197,-0.00019997358322143555
K1_K2,121,58,6,6,interior,4,8.48528137423857,True,True,0.47029998898506165,0.47049999237060547,-0.00020000338554382324
K1_K2,121,59,7,0,vertical_axis,2,7.0,False,False,0.9541000127792358,0.9527999758720398,0.001300036907196045
K1_K2,121,60,7,1,interior,4,7.0710678118654755,False,False,0.9103000164031982,0.9089999794960022,0.001300036907196045
K1_K2,121,61,7,2,interior,4,7.280109889280518,False,False,0.9502999782562256,0.9488999843597412,0.001399993896484375
K1_K2,121,62,7,3,interior,4,7.615773105863909,False,False,0.8172000050544739,0.8162999749183655,0.0009000301361083984
K1_K2,121,63,7,4,interior,4,8.06225774829855,True,False,0.5742999911308289,0.5738999843597412,0.0004000067710876465
K1_K2,121,64,7,5,interior,4,8.602325267042627,True,False,0.3172999918460846,0.3172000050544739,9.998679161071777e-05
K1_K2,121,65,8,0,vertical_axis,2,8.0,True,False,0.503000020980835,0.5022000074386597,0.000800013542175293
K1_K2,121,66,8,1,interior,4,8.06225774829855,True,False,0.45969998836517334,0.45899999141693115,0.0006999969482421875
K1_K2,121,67,8,2,interior,4,8.246211251235321,True,False,0.4537999927997589,0.453000009059906,0.0007999837398529053
K1_K2,121,68,8,3,interior,4,8.54400374531753,True,False,0.3077999949455261,0.30730000138282776,0.0004999935626983643
A2_A8,101,0,0,0,center,1,0.0,False,True,1.065000057220459,1.0688999891281128,-0.0038999319076538086
A2_A8,101,1,0,1,horizontal_axis,2,1.0,False,False,1.0809999704360962,1.083899974822998,-0.0029000043869018555
A2_A8,101,2,0,2,horizontal_axis,2,2.0,False,False,1.2075999975204468,1.2105000019073486,-0.0029000043869018555
A2_A8,101,3,0,3,horizontal_axis,2,3.0,False,False,1.6603000164031982,1.6650999784469604,-0.004799962043762207
A2_A8,101,4,0,4,horizontal_axis,2,4.0,False,False,1.5473999977111816,1.5501999855041504,-0.00279998779296875
A2_A8,101,5,0,5,horizontal_axis,2,5.0,False,False,1.0787999629974365,1.0751999616622925,0.003600001335144043
A2_A8,101,6,0,6,horizontal_axis,2,6.0,False,False,1.1018999814987183,1.0958000421524048,0.0060999393463134766
A2_A8,101,7,0,7,horizontal_axis,2,7.0,False,False,0.8410999774932861,0.8345000147819519,0.0065999627113342285
A2_A8,101,8,0,8,horizontal_axis,2,8.0,True,False,0.4244999885559082,0.4187999963760376,0.0056999921798706055
A2_A8,101,9,1,0,vertical_axis,2,1.0,False,False,1.0809999704360962,1.083899974822998,-0.0029000043869018555
A2_A8,101,10,1,1,interior,4,1.4142135623730951,False,True,0.847599983215332,0.848800003528595,-0.0012000203132629395
A2_A8,101,11,1,2,interior,4,2.23606797749979,False,False,1.2999999523162842,1.3046000003814697,-0.004600048065185547
A2_A8,101,12,1,3,interior,4,3.1622776601683795,False,False,1.495300054550171,1.4967000484466553,-0.001399993896484375
A2_A8,101,13,1,4,interior,4,4.123105625617661,False,False,1.7561999559402466,1.7509000301361084,0.005299925804138184
A2_A8,101,14,1,5,interior,4,5.0990195135927845,False,False,1.5117000341415405,1.5013999938964844,0.010300040245056152
A2_A8,101,15,1,6,interior,4,6.082762530298219,False,False,1.2633999586105347,1.2541999816894531,0.009199976921081543
A2_A8,101,16,1,7,interior,4,7.0710678118654755,False,False,0.9174000024795532,0.9107999801635742,0.006600022315979004
A2_A8,101,17,1,8,interior,4,8.06225774829855,True,False,0.47360000014305115,0.47130000591278076,0.0022999942302703857
A2_A8,101,18,2,0,vertical_axis,2,2.0,False,False,1.2075999975204468,1.2105000019073486,-0.0029000043869018555
A2_A8,101,19,2,1,interior,4,2.23606797749979,False,False,1.2813999652862549,1.281599998474121,-0.00020003318786621094
A2_A8,101,20,2,2,interior,4,2.8284271247461903,False,True,1.2489999532699585,1.2510000467300415,-0.002000093460083008
A2_A8,101,21,2,3,interior,4,3.605551275463989,False,False,1.5571999549865723,1.5591000318527222,-0.0019000768661499023
A2_A8,101,22,2,4,interior,4,4.47213595499958,False,False,1.7039999961853027,1.701799988746643,0.002200007438659668
A2_A8,101,23,2,5,interior,4,5.385164807134504,False,False,1.7142000198364258,1.7086000442504883,0.0055999755859375
A2_A8,101,24,2,6,interior,4,6.324555320336759,False,False,1.2874000072479248,1.2813999652862549,0.006000041961669922
A2_A8,101,25,2,7,interior,4,7.280109889280518,False,False,0.88919997215271,0.8842999935150146,0.0048999786376953125
A2_A8,101,26,2,8,interior,4,8.246211251235321,True,False,0.4537999927997589,0.4512999951839447,0.002499997615814209
A2_A8,101,27,3,0,vertical_axis,2,3.0,False,False,1.6603000164031982,1.6650999784469604,-0.004799962043762207
A2_A8,101,28,3,1,interior,4,3.1622776601683795,False,False,1.4829000234603882,1.4895999431610107,-0.006699919700622559
A2_A8,101,29,3,2,interior,4,3.605551275463989,False,False,1.2067999839782715,1.2120000123977661,-0.005200028419494629
A2_A8,101,30,3,3,interior,4,4.242640687119285,False,True,1.5068999528884888,1.510699987411499,-0.003800034523010254
A2_A8,101,31,3,4,interior,4,5.0,False,False,1.7173999547958374,1.7177000045776367,-0.0003000497817993164
A2_A8,101,32,3,5,interior,4,5.830951894845301,False,False,1.433899998664856,1.4316999912261963,0.002200007438659668
A2_A8,101,33,3,6,interior,4,6.708203932499369,False,False,1.0972000360488892,1.0938999652862549,0.0033000707626342773
A2_A8,101,34,3,7,interior,4,7.615773105863909,False,False,0.684499979019165,0.6809999942779541,0.0034999847412109375
A2_A8,101,35,3,8,interior,4,8.54400374531753,True,False,0.3578999936580658,0.3560999929904938,0.0018000006675720215
A2_A8,101,36,4,0,vertical_axis,2,4.0,False,False,1.5473999977111816,1.5501999855041504,-0.00279998779296875
A2_A8,101,37,4,1,interior,4,4.123105625617661,False,False,1.3973000049591064,1.410099983215332,-0.012799978256225586
A2_A8,101,38,4,2,interior,4,4.47213595499958,False,False,1.3365000486373901,1.3483999967575073,-0.011899948120117188
A2_A8,101,39,4,3,interior,4,5.0,False,False,1.3782000541687012,1.3869999647140503,-0.008799910545349121
A2_A8,101,40,4,4,interior,4,5.656854249492381,False,True,1.3710999488830566,1.3729000091552734,-0.0018000602722167969
A2_A8,101,41,4,5,interior,4,6.4031242374328485,False,False,1.0642999410629272,1.0631999969482422,0.0010999441146850586
A2_A8,101,42,4,6,interior,4,7.211102550927978,False,False,0.6262999773025513,0.6248000264167786,0.001499950885772705
A2_A8,101,43,4,7,interior,4,8.06225774829855,True,False,0.5139999985694885,0.5123000144958496,0.001699984073638916
A2_A8,101,44,5,0,vertical_axis,2,5.0,False,False,1.0787999629974365,1.0751999616622925,0.003600001335144043
A2_A8,101,45,5,1,interior,4,5.0990195135927845,False,False,0.96670001745224,0.9742000102996826,-0.007499992847442627
A2_A8,101,46,5,2,interior,4,5.385164807134504,False,False,1.301200032234192,1.311900019645691,-0.010699987411499023
A2_A8,101,47,5,3,interior,4,5.830951894845301,False,False,1.0448999404907227,1.05239999294281,-0.007500052452087402
A2_A8,101,48,5,4,interior,4,6.4031242374328485,False,False,1.179900050163269,1.1791000366210938,0.000800013542175293
A2_A8,101,49,5,5,interior,4,7.0710678118654755,False,True,0.8802000284194946,0.8791999816894531,0.001000046730041504
A2_A8,101,50,5,6,interior,4,7.810249675906654,False,False,0.5759000182151794,0.5746999979019165,0.0012000203132629395
A2_A8,101,51,5,7,interior,4,8.602325267042627,True,False,0.31150001287460327,0.310699999332428,0.000800013542175293
A2_A8,101,52,6,0,vertical_axis,2,6.0,False,False,1.1018999814987183,1.0958000421524048,0.0060999393463134766
A2_A8,101,53,6,1,interior,4,6.082762530298219,False,False,1.0155999660491943,1.017199993133545,-0.001600027084350586
A2_A8,101,54,6,2,interior,4,6.324555320336759,False,False,1.0746999979019165,1.0779000520706177,-0.003200054168701172
A2_A8,101,55,6,3,interior,4,6.708203932499369,False,False,0.8853999972343445,0.8845000267028809,0.000899970531463623
A2_A8,101,56,6,4,interior,4,7.211102550927978,False,False,0.8055999875068665,0.8037999868392944,0.0018000006675720215
A2_A8,101,57,6,5,interior,4,7.810249675906654,False,False,0.534600019454956,0.5335999727249146,0.001000046730041504
A2_A8,101,58,6,6,interior,4,8.48528137423857,True,True,0.30809998512268066,0.3075000047683716,0.000599980354309082
A2_A8,101,59,7,0,vertical_axis,2,7.0,False,False,0.8410999774932861,0.8345000147819519,0.0065999627113342285
A2_A8,101,60,7,1,interior,4,7.0710678118654755,False,False,0.7310000061988831,0.7289000153541565,0.0020999908447265625
A2_A8,101,61,7,2,interior,4,7.280109889280518,False,False,0.5250999927520752,0.5250999927520752,0.0
A2_A8,101,62,7,3,interior,4,7.615773105863909,False,False,0.5200999975204468,0.519599974155426,0.000500023365020752
A2_A8,101,63,7,4,interior,4,8.06225774829855,True,False,0.4722000062465668,0.47130000591278076,0.0009000003337860107
A2_A8,101,64,7,5,interior,4,8.602325267042627,True,False,0.22290000319480896,0.2222999930381775,0.0006000101566314697
A2_A8,101,65,8,0,vertical_axis,2,8.0,True,False,0.4244999885559082,0.4187999963760376,0.0056999921798706055
A2_A8,101,66,8,1,interior,4,8.06225774829855,True,False,0.2815000116825104,0.2793000042438507,0.002200007438659668
A2_A8,101,67,8,2,interior,4,8.246211251235321,True,False,0.2752000093460083,0.274399995803833,0.000800013542175293
A2_A8,101,68,8,3,interior,4,8.54400374531753,True,False,0.2526000142097473,0.25220000743865967,0.0004000067710876465
A2_A8,109,0,0,0,center,1,0.0,False,True,1.5752999782562256,1.569700002670288,0.0055999755859375
A2_A8,109,1,0,1,horizontal_axis,2,1.0,False,False,1.5648000240325928,1.558899998664856,0.005900025367736816
A2_A8,109,2,0,2,horizontal_axis,2,2.0,False,False,0.9984999895095825,0.9968000054359436,0.001699984073638916
A2_A8,109,3,0,3,horizontal_axis,2,3.0,False,False,1.4585000276565552,1.4591000080108643,-0.000599980354309082
A2_A8,109,4,0,4,horizontal_axis,2,4.0,False,False,1.4984999895095825,1.4993000030517578,-0.000800013542175293
A2_A8,109,5,0,5,horizontal_axis,2,5.0,False,False,1.2299000024795532,1.230299949645996,-0.0003999471664428711
A2_A8,109,6,0,6,horizontal_axis,2,6.0,False,False,1.1354000568389893,1.1398999691009521,-0.004499912261962891
A2_A8,109,7,0,7,horizontal_axis,2,7.0,False,False,0.973800003528595,0.9807999730110168,-0.006999969482421875
A2_A8,109,8,0,8,horizontal_axis,2,8.0,True,False,0.39320001006126404,0.4007999897003174,-0.007599979639053345
A2_A8,109,9,1,0,vertical_axis,2,1.0,False,False,1.5648000240325928,1.558899998664856,0.005900025367736816
A2_A8,109,10,1,1,interior,4,1.4142135623730951,False,True,1.398800015449524,1.394700050354004,0.0040999650955200195
A2_A8,109,11,1,2,interior,4,2.23606797749979,False,False,1.364799976348877,1.3636000156402588,0.001199960708618164
A2_A8,109,12,1,3,interior,4,3.1622776601683795,False,False,1.4807000160217285,1.479699969291687,0.001000046730041504
A2_A8,109,13,1,4,interior,4,4.123105625617661,False,False,1.59089994430542,1.5901000499725342,0.0007998943328857422
A2_A8,109,14,1,5,interior,4,5.0990195135927845,False,False,1.409500002861023,1.4110000133514404,-0.0015000104904174805
A2_A8,109,15,1,6,interior,4,6.082762530298219,False,False,1.2879999876022339,1.294800043106079,-0.006800055503845215
A2_A8,109,16,1,7,interior,4,7.0710678118654755,False,False,1.0815000534057617,1.0891000032424927,-0.007599949836730957
A2_A8,109,17,1,8,interior,4,8.06225774829855,True,False,0.5874000191688538,0.593500018119812,-0.006099998950958252
A2_A8,109,18,2,0,vertical_axis,2,2.0,False,False,0.9984999895095825,0.9968000054359436,0.001699984073638916
A2_A8,109,19,2,1,interior,4,2.23606797749979,False,False,1.367799997329712,1.3646999597549438,0.0031000375747680664
A2_A8,109,20,2,2,interior,4,2.8284271247461903,False,True,1.3036999702453613,1.3033000230789185,0.0003999471664428711
A2_A8,109,21,2,3,interior,4,3.605551275463989,False,False,1.3870999813079834,1.385599970817566,0.0015000104904174805
A2_A8,109,22,2,4,interior,4,4.47213595499958,False,False,1.268399953842163,1.2661000490188599,0.0022999048233032227
A2_A8,109,23,2,5,interior,4,5.385164807134504,False,False,1.250599980354309,1.2511999607086182,-0.000599980354309082
A2_A8,109,24,2,6,interior,4,6.324555320336759,False,False,1.3605999946594238,1.3633999824523926,-0.00279998779296875
A2_A8,109,25,2,7,interior,4,7.280109889280518,False,False,0.9115999937057495,0.9150000214576721,-0.0034000277519226074
A2_A8,109,26,2,8,interior,4,8.246211251235321,True,False,0.539900004863739,0.5426999926567078,-0.00279998779296875
A2_A8,109,27,3,0,vertical_axis,2,3.0,False,False,1.4585000276565552,1.4591000080108643,-0.000599980354309082
A2_A8,109,28,3,1,interior,4,3.1622776601683795,False,False,1.6151000261306763,1.614799976348877,0.0003000497817993164
A2_A8,109,29,3,2,interior,4,3.605551275463989,False,False,1.448099970817566,1.447100043296814,0.0009999275207519531
A2_A8,109,30,3,3,interior,4,4.242640687119285,False,True,1.4112000465393066,1.409500002861023,0.0017000436782836914
A2_A8,109,31,3,4,interior,4,5.0,False,False,0.894599974155426,0.8932999968528748,0.0012999773025512695
A2_A8,109,32,3,5,interior,4,5.830951894845301,False,False,1.2193000316619873,1.2187000513076782,0.000599980354309082
A2_A8,109,33,3,6,interior,4,6.708203932499369,False,False,1.2620999813079834,1.2626999616622925,-0.000599980354309082
A2_A8,109,34,3,7,interior,4,7.615773105863909,False,False,0.8313999772071838,0.8325999975204468,-0.0012000203132629395
A2_A8,109,35,3,8,interior,4,8.54400374531753,True,False,0.3312999904155731,0.33250001072883606,-0.0012000203132629395
A2_A8,109,36,4,0,vertical_axis,2,4.0,False,False,1.4984999895095825,1.4993000030517578,-0.000800013542175293
A2_A8,109,37,4,1,interior,4,4.123105625617661,False,False,1.5759999752044678,1.5764000415802002,-0.0004000663757324219
A2_A8,109,38,4,2,interior,4,4.47213595499958,False,False,1.3367999792099,1.3355000019073486,0.0012999773025512695
A2_A8,109,39,4,3,interior,4,5.0,False,False,1.2106000185012817,1.2086999416351318,0.0019000768661499023
A2_A8,109,40,4,4,interior,4,5.656854249492381,False,True,1.0836999416351318,1.0815999507904053,0.0020999908447265625
A2_A8,109,41,4,5,interior,4,6.4031242374328485,False,False,1.0372999906539917,1.0355000495910645,0.001799941062927246
A2_A8,109,42,4,6,interior,4,7.211102550927978,False,False,1.061400055885315,1.0606000423431396,0.000800013542175293
A2_A8,109,43,4,7,interior,4,8.06225774829855,True,False,0.6061999797821045,0.6061999797821045,0.0
A2_A8,109,44,5,0,vertical_axis,2,5.0,False,False,1.2299000024795532,1.230299949645996,-0.0003999471664428711
A2_A8,109,45,5,1,interior,4,5.0990195135927845,False,False,1.2039999961853027,1.2030999660491943,0.0009000301361083984
A2_A8,109,46,5,2,interior,4,5.385164807134504,False,False,1.279099941253662,1.2776000499725342,0.0014998912811279297
A2_A8,109,47,5,3,interior,4,5.830951894845301,False,False,0.8870999813079834,0.8855000138282776,0.0015999674797058105
A2_A8,109,48,5,4,interior,4,6.4031242374328485,False,False,0.9837999939918518,0.9804999828338623,0.003300011157989502
A2_A8,109,49,5,5,interior,4,7.0710678118654755,False,True,0.876800000667572,0.8748999834060669,0.001900017261505127
A2_A8,109,50,5,6,interior,4,7.810249675906654,False,False,0.7627999782562256,0.7616999745368958,0.001100003719329834
A2_A8,109,51,5,7,interior,4,8.602325267042627,True,False,0.3970000147819519,0.39660000801086426,0.0004000067710876465
A2_A8,109,52,6,0,vertical_axis,2,6.0,False,False,1.1354000568389893,1.1398999691009521,-0.004499912261962891
A2_A8,109,53,6,1,interior,4,6.082762530298219,False,False,0.9764000177383423,0.9749000072479248,0.0015000104904174805
A2_A8,109,54,6,2,interior,4,6.324555320336759,False,False,0.9546999931335449,0.953499972820282,0.0012000203132629395
A2_A8,109,55,6,3,interior,4,6.708203932499369,False,False,0.8327000141143799,0.8312000036239624,0.0015000104904174805
A2_A8,109,56,6,4,interior,4,7.211102550927978,False,False,0.7853000164031982,0.78329998254776,0.0020000338554382324
A2_A8,109,57,6,5,interior,4,7.810249675906654,False,False,0.5601999759674072,0.5590000152587891,0.001199960708618164
A2_A8,109,58,6,6,interior,4,8.48528137423857,True,True,0.33379998803138733,0.33329999446868896,0.0004999935626983643
A2_A8,109,59,7,0,vertical_axis,2,7.0,False,False,0.973800003528595,0.9807999730110168,-0.006999969482421875
A2_A8,109,60,7,1,interior,4,7.0710678118654755,False,False,0.746399998664856,0.7476000189781189,-0.0012000203132629395
A2_A8,109,61,7,2,interior,4,7.280109889280518,False,False,0.6503999829292297,0.6499000191688538,0.0004999637603759766
A2_A8,109,62,7,3,interior,4,7.615773105863909,False,False,0.5194000005722046,0.5185999870300293,0.000800013542175293
A2_A8,109,63,7,4,interior,4,8.06225774829855,True,False,0.30730000138282776,0.30640000104904175,0.0009000003337860107
A2_A8,109,64,7,5,interior,4,8.602325267042627,True,False,0.27160000801086426,0.27090001106262207,0.0006999969482421875
A2_A8,109,65,8,0,vertical_axis,2,8.0,True,False,0.39320001006126404,0.4007999897003174,-0.007599979639053345
A2_A8,109,66,8,1,interior,4,8.06225774829855,True,False,0.2563000023365021,0.257099986076355,-0.0007999837398529053
A2_A8,109,67,8,2,interior,4,8.246211251235321,True,False,0.2989000082015991,0.2989000082015991,0.0
A2_A8,109,68,8,3,interior,4,8.54400374531753,True,False,0.20319999754428864,0.2029000073671341,0.000299990177154541
J1_J2,109,0,0,0,center,1,0.0,False,True,1.6398999691009521,1.6561000347137451,-0.01620006561279297
J1_J2,109,1,0,1,horizontal_axis,2,1.0,False,False,1.472000002861023,1.4816999435424805,-0.00969994068145752
J1_J2,109,2,0,2,horizontal_axis,2,2.0,False,False,1.6792000532150269,1.6829999685287476,-0.003799915313720703
J1_J2,109,3,0,3,horizontal_axis,2,3.0,False,False,1.5382000207901,1.5420000553131104,-0.003800034523010254
J1_J2,109,4,0,4,horizontal_axis,2,4.0,False,False,1.2411999702453613,1.2411999702453613,0.0
J1_J2,109,5,0,5,horizontal_axis,2,5.0,False,False,1.3242000341415405,1.320099949836731,0.00410008430480957
J1_J2,109,6,0,6,horizontal_axis,2,6.0,False,False,1.3341000080108643,1.3312000036239624,0.0029000043869018555
J1_J2,109,7,0,7,horizontal_axis,2,7.0,False,False,0.9894999861717224,0.9876999855041504,0.0018000006675720215
J1_J2,109,8,0,8,horizontal_axis,2,8.0,True,False,0.5144000053405762,0.5134999752044678,0.0009000301361083984
J1_J2,109,9,1,0,vertical_axis,2,1.0,False,False,1.472000002861023,1.4816999435424805,-0.00969994068145752
J1_J2,109,10,1,1,interior,4,1.4142135623730951,False,True,1.4610999822616577,1.468400001525879,-0.007300019264221191
J1_J2,109,11,1,2,interior,4,2.23606797749979,False,False,1.4878000020980835,1.4915000200271606,-0.0037000179290771484
J1_J2,109,12,1,3,interior,4,3.1622776601683795,False,False,0.9901000261306763,0.9927999973297119,-0.0026999711990356445
J1_J2,109,13,1,4,interior,4,4.123105625617661,False,False,0.8011000156402588,0.8021000027656555,-0.0009999871253967285
J1_J2,109,14,1,5,interior,4,5.0990195135927845,False,False,1.0764000415802002,1.0785000324249268,-0.0020999908447265625
J1_J2,109,15,1,6,interior,4,6.082762530298219,False,False,1.2249000072479248,1.2259999513626099,-0.0010999441146850586
J1_J2,109,16,1,7,interior,4,7.0710678118654755,False,False,0.8877999782562256,0.8867999911308289,0.0009999871253967285
J1_J2,109,17,1,8,interior,4,8.06225774829855,True,False,0.4569000005722046,0.4562999904155731,0.0006000101566314697
J1_J2,109,18,2,0,vertical_axis,2,2.0,False,False,1.6792000532150269,1.6829999685287476,-0.003799915313720703
J1_J2,109,19,2,1,interior,4,2.23606797749979,False,False,1.6979000568389893,1.7019000053405762,-0.003999948501586914
J1_J2,109,20,2,2,interior,4,2.8284271247461903,False,True,1.3966000080108643,1.3991999626159668,-0.002599954605102539
J1_J2,109,21,2,3,interior,4,3.605551275463989,False,False,1.1633000373840332,1.1648000478744507,-0.0015000104904174805
J1_J2,109,22,2,4,interior,4,4.47213595499958,False,False,1.0871000289916992,1.0881999731063843,-0.0010999441146850586
J1_J2,109,23,2,5,interior,4,5.385164807134504,False,False,1.0433000326156616,1.0444999933242798,-0.001199960708618164
J1_J2,109,24,2,6,interior,4,6.324555320336759,False,False,1.0673999786376953,1.0680999755859375,-0.0006999969482421875
J1_J2,109,25,2,7,interior,4,7.280109889280518,False,False,0.8219000101089478,0.8216999769210815,0.00020003318786621094
J1_J2,109,26,2,8,interior,4,8.246211251235321,True,False,0.3124000132083893,0.31189998984336853,0.000500023365020752
J1_J2,109,27,3,0,vertical_axis,2,3.0,False,False,1.5382000207901,1.5420000553131104,-0.003800034523010254
J1_J2,109,28,3,1,interior,4,3.1622776601683795,False,False,1.5715999603271484,1.573099970817566,-0.0015000104904174805
J1_J2,109,29,3,2,interior,4,3.605551275463989,False,False,1.496500015258789,1.497499942779541,-0.0009999275207519531
J1_J2,109,30,3,3,interior,4,4.242640687119285,False,True,1.3494000434875488,1.3495999574661255,-0.00019991397857666016
J1_J2,109,31,3,4,interior,4,5.0,False,False,1.0645999908447266,1.0642999410629272,0.0003000497817993164
J1_J2,109,32,3,5,interior,4,5.830951894845301,False,False,0.7038000226020813,0.704800009727478,-0.0009999871253967285
J1_J2,109,33,3,6,interior,4,6.708203932499369,False,False,0.8216999769210815,0.8220999836921692,-0.0004000067710876465
J1_J2,109,34,3,7,interior,4,7.615773105863909,False,False,0.5913000106811523,0.5910999774932861,0.00020003318786621094
J1_J2,109,35,3,8,interior,4,8.54400374531753,True,False,0.23559999465942383,0.2354000061750412,0.0001999884843826294
J1_J2,109,36,4,0,vertical_axis,2,4.0,False,False,1.2411999702453613,1.2411999702453613,0.0
J1_J2,109,37,4,1,interior,4,4.123105625617661,False,False,1.502500057220459,1.5010000467300415,0.0015000104904174805
J1_J2,109,38,4,2,interior,4,4.47213595499958,False,False,1.48580002784729,1.4844000339508057,0.001399993896484375
J1_J2,109,39,4,3,interior,4,5.0,False,False,1.3107000589370728,1.309499979019165,0.0012000799179077148
J1_J2,109,40,4,4,interior,4,5.656854249492381,False,True,1.2632999420166016,1.2625000476837158,0.0007998943328857422
J1_J2,109,41,4,5,interior,4,6.4031242374328485,False,False,0.9603999853134155,0.960099995136261,0.000299990177154541
J1_J2,109,42,4,6,interior,4,7.211102550927978,False,False,0.6459000110626221,0.6456000208854675,0.000299990177154541
J1_J2,109,43,4,7,interior,4,8.06225774829855,True,False,0.3562000095844269,0.35580000281333923,0.0004000067710876465
J1_J2,109,44,5,0,vertical_axis,2,5.0,False,False,1.3242000341415405,1.320099949836731,0.00410008430480957
J1_J2,109,45,5,1,interior,4,5.0990195135927845,False,False,1.3704999685287476,1.364300012588501,0.006199955940246582
J1_J2,109,46,5,2,interior,4,5.385164807134504,False,False,1.3860000371932983,1.3830000162124634,0.003000020980834961
J1_J2,109,47,5,3,interior,4,5.830951894845301,False,False,1.236799955368042,1.2345999479293823,0.002200007438659668
J1_J2,109,48,5,4,interior,4,6.4031242374328485,False,False,1.2278000116348267,1.2265000343322754,0.0012999773025512695
J1_J2,109,49,5,5,interior,4,7.0710678118654755,False,True,0.91839998960495,0.9176999926567078,0.0006999969482421875
J1_J2,109,50,5,6,interior,4,7.810249675906654,False,False,0.5672000050544739,0.5666999816894531,0.000500023365020752
J1_J2,109,51,5,7,interior,4,8.602325267042627,True,False,0.18649999797344208,0.18629999458789825,0.00020000338554382324
J1_J2,109,52,6,0,vertical_axis,2,6.0,False,False,1.3341000080108643,1.3312000036239624,0.0029000043869018555
J1_J2,109,53,6,1,interior,4,6.082762530298219,False,False,1.2843999862670898,1.2792999744415283,0.0051000118255615234
J1_J2,109,54,6,2,interior,4,6.324555320336759,False,False,1.1263999938964844,1.1240999698638916,0.0023000240325927734
J1_J2,109,55,6,3,interior,4,6.708203932499369,False,False,1.1894999742507935,1.1875,0.001999974250793457
J1_J2,109,56,6,4,interior,4,7.211102550927978,False,False,0.9627000093460083,0.9613000154495239,0.001399993896484375
J1_J2,109,57,6,5,interior,4,7.810249675906654,False,False,0.6705999970436096,0.6699000000953674,0.0006999969482421875
J1_J2,109,58,6,6,interior,4,8.48528137423857,True,True,0.33869999647140503,0.3384000062942505,0.000299990177154541
J1_J2,109,59,7,0,vertical_axis,2,7.0,False,False,0.9894999861717224,0.9876999855041504,0.0018000006675720215
J1_J2,109,60,7,1,interior,4,7.0710678118654755,False,False,0.9718000292778015,0.9696000218391418,0.002200007438659668
J1_J2,109,61,7,2,interior,4,7.280109889280518,False,False,0.9876999855041504,0.9854999780654907,0.002200007438659668
J1_J2,109,62,7,3,interior,4,7.615773105863909,False,False,0.8528000116348267,0.8511999845504761,0.001600027084350586
J1_J2,109,63,7,4,interior,4,8.06225774829855,True,False,0.5681999921798706,0.5672000050544739,0.0009999871253967285
J1_J2,109,64,7,5,interior,4,8.602325267042627,True,False,0.26420000195503235,0.2639000117778778,0.000299990177154541
J1_J2,109,65,8,0,vertical_axis,2,8.0,True,False,0.5144000053405762,0.5134999752044678,0.0009000301361083984
J1_J2,109,66,8,1,interior,4,8.06225774829855,True,False,0.4740999937057495,0.4731999933719635,0.0009000003337860107
J1_J2,109,67,8,2,interior,4,8.246211251235321,True,False,0.487199991941452,0.4860999882221222,0.001100003719329834
J1_J2,109,68,8,3,interior,4,8.54400374531753,True,False,0.34040001034736633,0.3395000100135803,0.0009000003337860107
G3_G4,125,0,0,0,center,1,0.0,False,True,1.7222000360488892,1.7236000299453735,-0.001399993896484375
G3_G4,125,1,0,1,horizontal_axis,2,1.0,False,False,1.6229000091552734,1.6240999698638916,-0.001199960708618164
G3_G4,125,2,0,2,horizontal_axis,2,2.0,False,False,1.4580999612808228,1.4589999914169312,-0.0009000301361083984
G3_G4,125,3,0,3,horizontal_axis,2,3.0,False,False,1.416700005531311,1.4179999828338623,-0.0012999773025512695
G3_G4,125,4,0,4,horizontal_axis,2,4.0,False,False,1.3166999816894531,1.320099949836731,-0.003399968147277832
G3_G4,125,5,0,5,horizontal_axis,2,5.0,False,False,1.0419000387191772,1.0448999404907227,-0.00299990177154541
G3_G4,125,6,0,6,horizontal_axis,2,6.0,False,False,0.8808000087738037,0.8780999779701233,0.00270003080368042
G3_G4,125,7,0,7,horizontal_axis,2,7.0,False,False,0.8629000186920166,0.8567000031471252,0.006200015544891357
G3_G4,125,8,0,8,horizontal_axis,2,8.0,True,False,0.42399999499320984,0.41990000009536743,0.004099994897842407
G3_G4,125,9,1,0,vertical_axis,2,1.0,False,False,1.6229000091552734,1.6240999698638916,-0.001199960708618164
G3_G4,125,10,1,1,interior,4,1.4142135623730951,False,True,1.3178000450134277,1.3188999891281128,-0.0010999441146850586
G3_G4,125,11,1,2,interior,4,2.23606797749979,False,False,1.1986000537872314,1.1999000310897827,-0.0012999773025512695
G3_G4,125,12,1,3,interior,4,3.1622776601683795,False,False,1.4305000305175781,1.4322999715805054,-0.001799941062927246
G3_G4,125,13,1,4,interior,4,4.123105625617661,False,False,1.4831000566482544,1.4852999448776245,-0.002199888229370117
G3_G4,125,14,1,5,interior,4,5.0990195135927845,False,False,1.4474999904632568,1.4467999935150146,0.0006999969482421875
G3_G4,125,15,1,6,interior,4,6.082762530298219,False,False,1.2038999795913696,1.200700044631958,0.003199934959411621
G3_G4,125,16,1,7,interior,4,7.0710678118654755,False,False,0.9740999937057495,0.9710000157356262,0.003099977970123291
G3_G4,125,17,1,8,interior,4,8.06225774829855,True,False,0.5302000045776367,0.5302000045776367,0.0
G3_G4,125,18,2,0,vertical_axis,2,2.0,False,False,1.4580999612808228,1.4589999914169312,-0.0009000301361083984
G3_G4,125,19,2,1,interior,4,2.23606797749979,False,False,1.3716000318527222,1.3720999956130981,-0.0004999637603759766
G3_G4,125,20,2,2,interior,4,2.8284271247461903,False,True,1.1222000122070312,1.1227999925613403,-0.000599980354309082
G3_G4,125,21,2,3,interior,4,3.605551275463989,False,False,1.3208999633789062,1.323799967765808,-0.0029000043869018555
G3_G4,125,22,2,4,interior,4,4.47213595499958,False,False,1.5270999670028687,1.528499960899353,-0.001399993896484375
G3_G4,125,23,2,5,interior,4,5.385164807134504,False,False,1.4845999479293823,1.4844000339508057,0.00019991397857666016
G3_G4,125,24,2,6,interior,4,6.324555320336759,False,False,1.2936999797821045,1.292099952697754,0.001600027084350586
G3_G4,125,25,2,7,interior,4,7.280109889280518,False,False,0.8651000261306763,0.8636999726295471,0.0014000535011291504
G3_G4,125,26,2,8,interior,4,8.246211251235321,True,False,0.4803999960422516,0.4797999858856201,0.0006000101566314697
G3_G4,125,27,3,0,vertical_axis,2,3.0,False,False,1.416700005531311,1.4179999828338623,-0.0012999773025512695
G3_G4,125,28,3,1,interior,4,3.1622776601683795,False,False,1.170799970626831,1.1711000204086304,-0.0003000497817993164
G3_G4,125,29,3,2,interior,4,3.605551275463989,False,False,1.2588000297546387,1.2598999738693237,-0.0010999441146850586
G3_G4,125,30,3,3,interior,4,4.242640687119285,False,True,1.3107999563217163,1.312000036239624,-0.0012000799179077148
G3_G4,125,31,3,4,interior,4,5.0,False,False,1.2102999687194824,1.2110999822616577,-0.000800013542175293
G3_G4,125,32,3,5,interior,4,5.830951894845301,False,False,1.1175999641418457,1.1174999475479126,0.00010001659393310547
G3_G4,125,33,3,6,interior,4,6.708203932499369,False,False,1.1598000526428223,1.1588000059127808,0.001000046730041504
G3_G4,125,34,3,7,interior,4,7.615773105863909,False,False,0.6471999883651733,0.6453999876976013,0.0018000006675720215
G3_G4,125,35,3,8,interior,4,8.54400374531753,True,False,0.26989999413490295,0.26989999413490295,0.0
G3_G4,125,36,4,0,vertical_axis,2,4.0,False,False,1.3166999816894531,1.320099949836731,-0.003399968147277832
G3_G4,125,37,4,1,interior,4,4.123105625617661,False,False,1.225100040435791,1.2253999710083008,-0.0002999305725097656
G3_G4,125,38,4,2,interior,4,4.47213595499958,False,False,1.0568000078201294,1.0579999685287476,-0.001199960708618164
G3_G4,125,39,4,3,interior,4,5.0,False,False,1.1057000160217285,1.1069999933242798,-0.0012999773025512695
G3_G4,125,40,4,4,interior,4,5.656854249492381,False,True,1.3443000316619873,1.3449000120162964,-0.000599980354309082
G3_G4,125,41,4,5,interior,4,6.4031242374328485,False,False,1.2186000347137451,1.2187000513076782,-0.00010001659393310547
G3_G4,125,42,4,6,interior,4,7.211102550927978,False,False,1.0331000089645386,1.0326000452041626,0.0004999637603759766
G3_G4,125,43,4,7,interior,4,8.06225774829855,True,False,0.5644000172615051,0.5637999773025513,0.0006000399589538574
G3_G4,125,44,5,0,vertical_axis,2,5.0,False,False,1.0419000387191772,1.0448999404907227,-0.00299990177154541
G3_G4,125,45,5,1,interior,4,5.0990195135927845,False,False,0.9794999957084656,0.982200026512146,-0.00270003080368042
G3_G4,125,46,5,2,interior,4,5.385164807134504,False,False,1.1176999807357788,1.118899941444397,-0.001199960708618164
G3_G4,125,47,5,3,interior,4,5.830951894845301,False,False,1.218999981880188,1.2200000286102295,-0.001000046730041504
G3_G4,125,48,5,4,interior,4,6.4031242374328485,False,False,1.2826999425888062,1.2833000421524048,-0.0006000995635986328
G3_G4,125,49,5,5,interior,4,7.0710678118654755,False,True,1.1164000034332275,1.1166000366210938,-0.00020003318786621094
G3_G4,125,50,5,6,interior,4,7.810249675906654,False,False,0.777899980545044,0.7778000235557556,9.995698928833008e-05
G3_G4,125,51,5,7,interior,4,8.602325267042627,True,False,0.3862999975681305,0.3862000107765198,9.998679161071777e-05
G3_G4,125,52,6,0,vertical_axis,2,6.0,False,False,0.8808000087738037,0.8780999779701233,0.00270003080368042
G3_G4,125,53,6,1,interior,4,6.082762530298219,False,False,0.8154000043869019,0.8154000043869019,0.0
G3_G4,125,54,6,2,interior,4,6.324555320336759,False,False,1.0151000022888184,1.0153000354766846,-0.00020003318786621094
G3_G4,125,55,6,3,interior,4,6.708203932499369,False,False,1.0988999605178833,1.0993000268936157,-0.0004000663757324219
G3_G4,125,56,6,4,interior,4,7.211102550927978,False,False,1.0049999952316284,1.0053999423980713,-0.0003999471664428711
G3_G4,125,57,6,5,interior,4,7.810249675906654,False,False,0.6721000075340271,0.6723999977111816,-0.000299990177154541
G3_G4,125,58,6,6,interior,4,8.48528137423857,True,True,0.4316999912261963,0.4318000078201294,-0.00010001659393310547
G3_G4,125,59,7,0,vertical_axis,2,7.0,False,False,0.8629000186920166,0.8567000031471252,0.006200015544891357
G3_G4,125,60,7,1,interior,4,7.0710678118654755,False,False,0.6913999915122986,0.6898000240325928,0.0015999674797058105
G3_G4,125,61,7,2,interior,4,7.280109889280518,False,False,0.8072999715805054,0.8065999746322632,0.0006999969482421875
G3_G4,125,62,7,3,interior,4,7.615773105863909,False,False,0.6409000158309937,0.6407999992370605,0.00010001659393310547
G3_G4,125,63,7,4,interior,4,8.06225774829855,True,False,0.5248000025749207,0.5248000025749207,0.0
G3_G4,125,64,7,5,interior,4,8.602325267042627,True,False,0.27219998836517334,0.2720000147819519,0.00019997358322143555
G3_G4,125,65,8,0,vertical_axis,2,8.0,True,False,0.42399999499320984,0.41990000009536743,0.004099994897842407
G3_G4,125,66,8,1,interior,4,8.06225774829855,True,False,0.4560999870300293,0.45210000872612,0.003999978303909302
G3_G4,125,67,8,2,interior,4,8.246211251235321,True,False,0.43639999628067017,0.43529999256134033,0.001100003719329834
G3_G4,125,68,8,3,interior,4,8.54400374531753,True,False,0.3043999969959259,0.3041999936103821,0.00020000338554382324
J1_J2,125,0,0,0,center,1,0.0,False,True,1.2411999702453613,1.2488000392913818,-0.007600069046020508
J1_J2,125,1,0,1,horizontal_axis,2,1.0,False,False,1.1648000478744507,1.1676000356674194,-0.00279998779296875
J1_J2,125,2,0,2,horizontal_axis,2,2.0,False,False,1.327299952507019,1.3270000219345093,0.0002999305725097656
J1_J2,125,3,0,3,horizontal_axis,2,3.0,False,False,1.25409996509552,1.2539000511169434,0.00019991397857666016
J1_J2,125,4,0,4,horizontal_axis,2,4.0,False,False,1.2503000497817993,1.2502000331878662,0.00010001659393310547
J1_J2,125,5,0,5,horizontal_axis,2,5.0,False,False,1.2453999519348145,1.2445000410079956,0.0008999109268188477
J1_J2,125,6,0,6,horizontal_axis,2,6.0,False,False,1.2806999683380127,1.2800999879837036,0.000599980354309082
J1_J2,125,7,0,7,horizontal_axis,2,7.0,False,False,1.0247999429702759,1.024399995803833,0.0003999471664428711
J1_J2,125,8,0,8,horizontal_axis,2,8.0,True,False,0.5511000156402588,0.5508999824523926,0.00020003318786621094
J1_J2,125,9,1,0,vertical_axis,2,1.0,False,False,1.1648000478744507,1.1676000356674194,-0.00279998779296875
J1_J2,125,10,1,1,interior,4,1.4142135623730951,False,True,1.253000020980835,1.2541999816894531,-0.001199960708618164
J1_J2,125,11,1,2,interior,4,2.23606797749979,False,False,1.1318000555038452,1.132699966430664,-0.0008999109268188477
J1_J2,125,12,1,3,interior,4,3.1622776601683795,False,False,1.1131000518798828,1.1152000427246094,-0.0020999908447265625
J1_J2,125,13,1,4,interior,4,4.123105625617661,False,False,1.1193000078201294,1.1243000030517578,-0.004999995231628418
J1_J2,125,14,1,5,interior,4,5.0990195135927845,False,False,1.1612999439239502,1.1705000400543213,-0.009200096130371094
J1_J2,125,15,1,6,interior,4,6.082762530298219,False,False,1.274999976158142,1.2802000045776367,-0.005200028419494629
J1_J2,125,16,1,7,interior,4,7.0710678118654755,False,False,0.9297999739646912,0.9312000274658203,-0.0014000535011291504
J1_J2,125,17,1,8,interior,4,8.06225774829855,True,False,0.5084999799728394,0.5090000033378601,-0.000500023365020752
J1_J2,125,18,2,0,vertical_axis,2,2.0,False,False,1.327299952507019,1.3270000219345093,0.0002999305725097656
J1_J2,125,19,2,1,interior,4,2.23606797749979,False,False,1.25600004196167,1.2555999755859375,0.0004000663757324219
J1_J2,125,20,2,2,interior,4,2.8284271247461903,False,True,1.0973999500274658,1.0979000329971313,-0.0005000829696655273
J1_J2,125,21,2,3,interior,4,3.605551275463989,False,False,1.0880999565124512,1.0923000574111938,-0.004200100898742676
J1_J2,125,22,2,4,interior,4,4.47213595499958,False,False,1.218400001525879,1.2223999500274658,-0.003999948501586914
J1_J2,125,23,2,5,interior,4,5.385164807134504,False,False,1.309399962425232,1.3143999576568604,-0.004999995231628418
J1_J2,125,24,2,6,interior,4,6.324555320336759,False,False,1.1985000371932983,1.2022000551223755,-0.0037000179290771484
J1_J2,125,25,2,7,interior,4,7.280109889280518,False,False,0.9713000059127808,0.9732999801635742,-0.001999974250793457
J1_J2,125,26,2,8,interior,4,8.246211251235321,True,False,0.5189999938011169,0.5198000073432922,-0.000800013542175293
J1_J2,125,27,3,0,vertical_axis,2,3.0,False,False,1.25409996509552,1.2539000511169434,0.00019991397857666016
J1_J2,125,28,3,1,interior,4,3.1622776601683795,False,False,1.1516000032424927,1.1492999792099,0.0023000240325927734
J1_J2,125,29,3,2,interior,4,3.605551275463989,False,False,1.1360000371932983,1.1348999738693237,0.0011000633239746094
J1_J2,125,30,3,3,interior,4,4.242640687119285,False,True,1.200600028038025,1.201200008392334,-0.000599980354309082
J1_J2,125,31,3,4,interior,4,5.0,False,False,1.1155999898910522,1.1167000532150269,-0.0011000633239746094
J1_J2,125,32,3,5,interior,4,5.830951894845301,False,False,1.1552000045776367,1.1578999757766724,-0.0026999711990356445
J1_J2,125,33,3,6,interior,4,6.708203932499369,False,False,1.1256999969482422,1.1279000043869019,-0.002200007438659668
J1_J2,125,34,3,7,interior,4,7.615773105863909,False,False,0.8112000226974487,0.8126000165939331,-0.001399993896484375
J1_J2,125,35,3,8,interior,4,8.54400374531753,True,False,0.37310001254081726,0.37380000948905945,-0.0006999969482421875
J1_J2,125,36,4,0,vertical_axis,2,4.0,False,False,1.2503000497817993,1.2502000331878662,0.00010001659393310547
J1_J2,125,37,4,1,interior,4,4.123105625617661,False,False,1.1424000263214111,1.1374000310897827,0.004999995231628418
J1_J2,125,38,4,2,interior,4,4.47213595499958,False,False,1.2426999807357788,1.239300012588501,0.003399968147277832
J1_J2,125,39,4,3,interior,4,5.0,False,False,1.1233999729156494,1.121999979019165,0.001399993896484375
J1_J2,125,40,4,4,interior,4,5.656854249492381,False,True,1.2978999614715576,1.2977999448776245,0.00010001659393310547
J1_J2,125,41,4,5,interior,4,6.4031242374328485,False,False,1.2647000551223755,1.2654999494552612,-0.0007998943328857422
J1_J2,125,42,4,6,interior,4,7.211102550927978,False,False,1.0394999980926514,1.0405999422073364,-0.0010999441146850586
J1_J2,125,43,4,7,interior,4,8.06225774829855,True,False,0.6462000012397766,0.6470000147819519,-0.000800013542175293
J1_J2,125,44,5,0,vertical_axis,2,5.0,False,False,1.2453999519348145,1.2445000410079956,0.0008999109268188477
J1_J2,125,45,5,1,interior,4,5.0990195135927845,False,False,1.2766000032424927,1.2656999826431274,0.010900020599365234
J1_J2,125,46,5,2,interior,4,5.385164807134504,False,False,1.2618000507354736,1.2569999694824219,0.004800081253051758
J1_J2,125,47,5,3,interior,4,5.830951894845301,False,False,1.132599949836731,1.1303999423980713,0.002200007438659668
J1_J2,125,48,5,4,interior,4,6.4031242374328485,False,False,1.1922999620437622,1.1913000345230103,0.0009999275207519531
J1_J2,125,49,5,5,interior,4,7.0710678118654755,False,True,1.0546000003814697,1.0543999671936035,0.00020003318786621094
J1_J2,125,50,5,6,interior,4,7.810249675906654,False,False,0.836899995803833,0.8371999859809875,-0.000299990177154541
J1_J2,125,51,5,7,interior,4,8.602325267042627,True,False,0.4146000146865845,0.4147999882698059,-0.00019997358322143555
J1_J2,125,52,6,0,vertical_axis,2,6.0,False,False,1.2806999683380127,1.2800999879837036,0.000599980354309082
J1_J2,125,53,6,1,interior,4,6.082762530298219,False,False,1.1122000217437744,1.1066999435424805,0.005500078201293945
J1_J2,125,54,6,2,interior,4,6.324555320336759,False,False,1.1993999481201172,1.195199966430664,0.004199981689453125
J1_J2,125,55,6,3,interior,4,6.708203932499369,False,False,1.1793999671936035,1.1766999959945679,0.0026999711990356445
J1_J2,125,56,6,4,interior,4,7.211102550927978,False,False,1.0571999549865723,1.055799961090088,0.001399993896484375
J1_J2,125,57,6,5,interior,4,7.810249675906654,False,False,0.8245999813079834,0.8240000009536743,0.000599980354309082
J1_J2,125,58,6,6,interior,4,8.48528137423857,True,True,0.4731999933719635,0.4731000065803528,9.998679161071777e-05
J1_J2,125,59,7,0,vertical_axis,2,7.0,False,False,1.0247999429702759,1.024399995803833,0.0003999471664428711
J1_J2,125,60,7,1,interior,4,7.0710678118654755,False,False,0.9097999930381775,0.9077000021934509,0.0020999908447265625
J1_J2,125,61,7,2,interior,4,7.280109889280518,False,False,0.9369999766349792,0.9341999888420105,0.00279998779296875
J1_J2,125,62,7,3,interior,4,7.615773105863909,False,False,0.8414000272750854,0.8392000198364258,0.002200007438659668
J1_J2,125,63,7,4,interior,4,8.06225774829855,True,False,0.6435999870300293,0.6424999833106995,0.001100003719329834
J1_J2,125,64,7,5,interior,4,8.602325267042627,True,False,0.37700000405311584,0.3765000104904175,0.0004999935626983643
J1_J2,125,65,8,0,vertical_axis,2,8.0,True,False,0.5511000156402588,0.5508999824523926,0.00020003318786621094
J1_J2,125,66,8,1,interior,4,8.06225774829855,True,False,0.4399000108242035,0.4390999972820282,0.000800013542175293
J1_J2,125,67,8,2,interior,4,8.246211251235321,True,False,0.3971000015735626,0.39570000767707825,0.001399993896484375
J1_J2,125,68,8,3,interior,4,8.54400374531753,True,False,0.3043000102043152,0.30320000648498535,0.001100003719329834
G3_G4,133,0,0,0,center,1,0.0,False,True,1.4521000385284424,1.4433000087738037,0.008800029754638672
G3_G4,133,1,0,1,horizontal_axis,2,1.0,False,False,1.3408000469207764,1.3320000171661377,0.008800029754638672
G3_G4,133,2,0,2,horizontal_axis,2,2.0,False,False,1.1527999639511108,1.148800015449524,0.003999948501586914
G3_G4,133,3,0,3,horizontal_axis,2,3.0,False,False,1.1859999895095825,1.1898000240325928,-0.003800034523010254
G3_G4,133,4,0,4,horizontal_axis,2,4.0,False,False,1.46589994430542,1.4696999788284302,-0.003800034523010254
G3_G4,133,5,0,5,horizontal_axis,2,5.0,False,False,1.4002000093460083,1.402899980545044,-0.0026999711990356445
G3_G4,133,6,0,6,horizontal_axis,2,6.0,False,False,1.3423999547958374,1.3467999696731567,-0.004400014877319336
G3_G4,133,7,0,7,horizontal_axis,2,7.0,False,False,0.9192000031471252,0.9218000173568726,-0.0026000142097473145
G3_G4,133,8,0,8,horizontal_axis,2,8.0,True,False,0.5051000118255615,0.5047000050544739,0.0004000067710876465
G3_G4,133,9,1,0,vertical_axis,2,1.0,False,False,1.3408000469207764,1.3320000171661377,0.008800029754638672
G3_G4,133,10,1,1,interior,4,1.4142135623730951,False,True,1.1704000234603882,1.1642999649047852,0.006100058555603027
G3_G4,133,11,1,2,interior,4,2.23606797749979,False,False,1.3865000009536743,1.3812999725341797,0.005200028419494629
G3_G4,133,12,1,3,interior,4,3.1622776601683795,False,False,1.4881999492645264,1.4867000579833984,0.0014998912811279297
G3_G4,133,13,1,4,interior,4,4.123105625617661,False,False,1.2720999717712402,1.2727999687194824,-0.0006999969482421875
G3_G4,133,14,1,5,interior,4,5.0990195135927845,False,False,1.2005000114440918,1.2014000415802002,-0.0009000301361083984
G3_G4,133,15,1,6,interior,4,6.082762530298219,False,False,1.1991000175476074,1.1998000144958496,-0.0006999969482421875
G3_G4,133,16,1,7,interior,4,7.0710678118654755,False,False,0.7861999869346619,0.7853999733924866,0.000800013542175293
G3_G4,133,17,1,8,interior,4,8.06225774829855,True,False,0.47360000014305115,0.4724999964237213,0.001100003719329834
G3_G4,133,18,2,0,vertical_axis,2,2.0,False,False,1.1527999639511108,1.148800015449524,0.003999948501586914
G3_G4,133,19,2,1,interior,4,2.23606797749979,False,False,1.3467999696731567,1.3457000255584717,0.0010999441146850586
G3_G4,133,20,2,2,interior,4,2.8284271247461903,False,True,1.4047000408172607,1.4031000137329102,0.001600027084350586
G3_G4,133,21,2,3,interior,4,3.605551275463989,False,False,1.4294999837875366,1.4285999536514282,0.0009000301361083984
G3_G4,133,22,2,4,interior,4,4.47213595499958,False,False,1.3753999471664429,1.375,0.0003999471664428711
G3_G4,133,23,2,5,interior,4,5.385164807134504,False,False,1.2604000568389893,1.2597999572753906,0.0006000995635986328
G3_G4,133,24,2,6,interior,4,6.324555320336759,False,False,1.104699969291687,1.104099988937378,0.000599980354309082
G3_G4,133,25,2,7,interior,4,7.280109889280518,False,False,0.8183000087738037,0.8176000118255615,0.0006999969482421875
G3_G4,133,26,2,8,interior,4,8.246211251235321,True,False,0.4237000048160553,0.42309999465942383,0.0006000101566314697
G3_G4,133,27,3,0,vertical_axis,2,3.0,False,False,1.1859999895095825,1.1898000240325928,-0.003800034523010254
G3_G4,133,28,3,1,interior,4,3.1622776601683795,False,False,1.3443000316619873,1.347100019454956,-0.00279998779296875
G3_G4,133,29,3,2,interior,4,3.605551275463989,False,False,1.1901999711990356,1.1908999681472778,-0.0006999969482421875
G3_G4,133,30,3,3,interior,4,4.242640687119285,False,True,1.2059999704360962,1.2067999839782715,-0.000800013542175293
G3_G4,133,31,3,4,interior,4,5.0,False,False,1.2976000308990479,1.2970000505447388,0.000599980354309082
G3_G4,133,32,3,5,interior,4,5.830951894845301,False,False,1.0650999546051025,1.0636999607086182,0.001399993896484375
G3_G4,133,33,3,6,interior,4,6.708203932499369,False,False,0.9639000296592712,0.9628999829292297,0.001000046730041504
G3_G4,133,34,3,7,interior,4,7.615773105863909,False,False,0.6840999722480774,0.6833999752998352,0.0006999969482421875
G3_G4,133,35,3,8,interior,4,8.54400374531753,True,False,0.3264000117778778,0.32600000500679016,0.0004000067710876465
G3_G4,133,36,4,0,vertical_axis,2,4.0,False,False,1.46589994430542,1.4696999788284302,-0.003800034523010254
G3_G4,133,37,4,1,interior,4,4.123105625617661,False,False,1.2454999685287476,1.2475999593734741,-0.0020999908447265625
G3_G4,133,38,4,2,interior,4,4.47213595499958,False,False,1.4004000425338745,1.4016000032424927,-0.001199960708618164
G3_G4,133,39,4,3,interior,4,5.0,False,False,1.3401000499725342,1.3401000499725342,0.0
G3_G4,133,40,4,4,interior,4,5.656854249492381,False,True,1.1648000478744507,1.1639000177383423,0.0009000301361083984
G3_G4,133,41,4,5,interior,4,6.4031242374328485,False,False,0.8726000189781189,0.8725000023841858,0.00010001659393310547
G3_G4,133,42,4,6,interior,4,7.211102550927978,False,False,0.770799994468689,0.7699999809265137,0.000800013542175293
G3_G4,133,43,4,7,interior,4,8.06225774829855,True,False,0.4724999964237213,0.47189998626708984,0.0006000101566314697
G3_G4,133,44,5,0,vertical_axis,2,5.0,False,False,1.4002000093460083,1.402899980545044,-0.0026999711990356445
G3_G4,133,45,5,1,interior,4,5.0990195135927845,False,False,1.4500000476837158,1.4526000022888184,-0.002599954605102539
G3_G4,133,46,5,2,interior,4,5.385164807134504,False,False,1.4255000352859497,1.426900029182434,-0.001399993896484375
G3_G4,133,47,5,3,interior,4,5.830951894845301,False,False,1.367400050163269,1.3675999641418457,-0.00019991397857666016
G3_G4,133,48,5,4,interior,4,6.4031242374328485,False,False,1.2073999643325806,1.2069000005722046,0.0004999637603759766
G3_G4,133,49,5,5,interior,4,7.0710678118654755,False,True,0.7519000172615051,0.7511000037193298,0.000800013542175293
G3_G4,133,50,5,6,interior,4,7.810249675906654,False,False,0.6175000071525574,0.6168000102043152,0.0006999969482421875
G3_G4,133,51,5,7,interior,4,8.602325267042627,True,False,0.2460000067949295,0.24560000002384186,0.0004000067710876465
G3_G4,133,52,6,0,vertical_axis,2,6.0,False,False,1.3423999547958374,1.3467999696731567,-0.004400014877319336
G3_G4,133,53,6,1,interior,4,6.082762530298219,False,False,1.3528000116348267,1.3573999404907227,-0.004599928855895996
G3_G4,133,54,6,2,interior,4,6.324555320336759,False,False,1.3004000186920166,1.30239999294281,-0.001999974250793457
G3_G4,133,55,6,3,interior,4,6.708203932499369,False,False,1.1957000494003296,1.1962000131607056,-0.0004999637603759766
G3_G4,133,56,6,4,interior,4,7.211102550927978,False,False,0.9760000109672546,0.975600004196167,0.0004000067710876465
G3_G4,133,57,6,5,interior,4,7.810249675906654,False,False,0.7092999815940857,0.7087000012397766,0.000599980354309082
G3_G4,133,58,6,6,interior,4,8.48528137423857,True,True,0.3540000021457672,0.35359999537467957,0.0004000067710876465
G3_G4,133,59,7,0,vertical_axis,2,7.0,False,False,0.9192000031471252,0.9218000173568726,-0.0026000142097473145
G3_G4,133,60,7,1,interior,4,7.0710678118654755,False,False,0.7803000211715698,0.7850000262260437,-0.004700005054473877
G3_G4,133,61,7,2,interior,4,7.280109889280518,False,False,0.7110000252723694,0.7121999859809875,-0.001199960708618164
G3_G4,133,62,7,3,interior,4,7.615773105863909,False,False,0.6226999759674072,0.6233999729156494,-0.0006999969482421875
G3_G4,133,63,7,4,interior,4,8.06225774829855,True,False,0.5819000005722046,0.5819000005722046,0.0
G3_G4,133,64,7,5,interior,4,8.602325267042627,True,False,0.3465000092983246,0.34630000591278076,0.00020000338554382324
G3_G4,133,65,8,0,vertical_axis,2,8.0,True,False,0.5051000118255615,0.5047000050544739,0.0004000067710876465
G3_G4,133,66,8,1,interior,4,8.06225774829855,True,False,0.38690000772476196,0.387800008058548,-0.0009000003337860107
G3_G4,133,67,8,2,interior,4,8.246211251235321,True,False,0.4101000130176544,0.4108999967575073,-0.0007999837398529053
G3_G4,133,68,8,3,interior,4,8.54400374531753,True,False,0.29679998755455017,0.2971000075340271,-0.0003000199794769287
A2_A8,141,0,0,0,center,1,0.0,False,True,1.9092999696731567,1.9082000255584717,0.0010999441146850586
A2_A8,141,1,0,1,horizontal_axis,2,1.0,False,False,1.8457000255584717,1.843400001525879,0.0023000240325927734
A2_A8,141,2,0,2,horizontal_axis,2,2.0,False,False,1.9401999711990356,1.933899998664856,0.0062999725341796875
A2_A8,141,3,0,3,horizontal_axis,2,3.0,False,False,1.9077999591827393,1.9005000591278076,0.007299900054931641
A2_A8,141,4,0,4,horizontal_axis,2,4.0,False,False,1.5736000537872314,1.5698000192642212,0.003800034523010254
A2_A8,141,5,0,5,horizontal_axis,2,5.0,False,False,1.3646999597549438,1.3652000427246094,-0.0005000829696655273
A2_A8,141,6,0,6,horizontal_axis,2,6.0,False,False,1.1513999700546265,1.1547000408172607,-0.0033000707626342773
A2_A8,141,7,0,7,horizontal_axis,2,7.0,False,False,0.8939999938011169,0.9039999842643738,-0.009999990463256836
A2_A8,141,8,0,8,horizontal_axis,2,8.0,True,False,0.5156000256538391,0.5284000039100647,-0.012799978256225586
A2_A8,141,9,1,0,vertical_axis,2,1.0,False,False,1.8457000255584717,1.843400001525879,0.0023000240325927734
A2_A8,141,10,1,1,interior,4,1.4142135623730951,False,True,1.9299999475479126,1.9250999689102173,0.0048999786376953125
A2_A8,141,11,1,2,interior,4,2.23606797749979,False,False,1.9611999988555908,1.9519000053405762,0.009299993515014648
A2_A8,141,12,1,3,interior,4,3.1622776601683795,False,False,1.4854999780654907,1.4736000299453735,0.011899948120117188
A2_A8,141,13,1,4,interior,4,4.123105625617661,False,False,1.26419997215271,1.2544000148773193,0.009799957275390625
A2_A8,141,14,1,5,interior,4,5.0990195135927845,False,False,1.1922999620437622,1.187399983406067,0.0048999786376953125
A2_A8,141,15,1,6,interior,4,6.082762530298219,False,False,1.0586999654769897,1.059499979019165,-0.000800013542175293
A2_A8,141,16,1,7,interior,4,7.0710678118654755,False,False,0.9002000093460083,0.9088000059127808,-0.008599996566772461
A2_A8,141,17,1,8,interior,4,8.06225774829855,True,False,0.45190000534057617,0.4616999924182892,-0.009799987077713013
A2_A8,141,18,2,0,vertical_axis,2,2.0,False,False,1.9401999711990356,1.933899998664856,0.0062999725341796875
A2_A8,141,19,2,1,interior,4,2.23606797749979,False,False,1.8309999704360962,1.8272000551223755,0.003799915313720703
A2_A8,141,20,2,2,interior,4,2.8284271247461903,False,True,1.5651999711990356,1.5598000288009644,0.005399942398071289
A2_A8,141,21,2,3,interior,4,3.605551275463989,False,False,1.4068000316619873,1.4003000259399414,0.0065000057220458984
A2_A8,141,22,2,4,interior,4,4.47213595499958,False,False,1.1435999870300293,1.1382999420166016,0.005300045013427734
A2_A8,141,23,2,5,interior,4,5.385164807134504,False,False,0.9189000129699707,0.9168000221252441,0.0020999908447265625
A2_A8,141,24,2,6,interior,4,6.324555320336759,False,False,0.8830000162124634,0.8838000297546387,-0.000800013542175293
A2_A8,141,25,2,7,interior,4,7.280109889280518,False,False,0.691100001335144,0.6948000192642212,-0.0037000179290771484
A2_A8,141,26,2,8,interior,4,8.246211251235321,True,False,0.36340001225471497,0.3668999969959259,-0.0034999847412109375
A2_A8,141,27,3,0,vertical_axis,2,3.0,False,False,1.9077999591827393,1.9005000591278076,0.007299900054931641
A2_A8,141,28,3,1,interior,4,3.1622776601683795,False,False,1.7546000480651855,1.7502000331878662,0.004400014877319336
A2_A8,141,29,3,2,interior,4,3.605551275463989,False,False,1.3997999429702759,1.3952000141143799,0.004599928855895996
A2_A8,141,30,3,3,interior,4,4.242640687119285,False,True,1.1819000244140625,1.1791000366210938,0.00279998779296875
A2_A8,141,31,3,4,interior,4,5.0,False,False,1.1641000509262085,1.1617000102996826,0.002400040626525879
A2_A8,141,32,3,5,interior,4,5.830951894845301,False,False,0.983299970626831,0.9825000166893005,0.0007999539375305176
A2_A8,141,33,3,6,interior,4,6.708203932499369,False,False,0.6682999730110168,0.669700026512146,-0.0014000535011291504
A2_A8,141,34,3,7,interior,4,7.615773105863909,False,False,0.5134000182151794,0.5151000022888184,-0.001699984073638916
A2_A8,141,35,3,8,interior,4,8.54400374531753,True,False,0.23680000007152557,0.23810000717639923,-0.0013000071048736572
A2_A8,141,36,4,0,vertical_axis,2,4.0,False,False,1.5736000537872314,1.5698000192642212,0.003800034523010254
A2_A8,141,37,4,1,interior,4,4.123105625617661,False,False,1.7086999416351318,1.7086000442504883,9.989738464355469e-05
A2_A8,141,38,4,2,interior,4,4.47213595499958,False,False,1.3819999694824219,1.3819999694824219,0.0
A2_A8,141,39,4,3,interior,4,5.0,False,False,1.1480000019073486,1.1476000547409058,0.0003999471664428711
A2_A8,141,40,4,4,interior,4,5.656854249492381,False,True,1.1894999742507935,1.1890000104904175,0.0004999637603759766
A2_A8,141,41,4,5,interior,4,6.4031242374328485,False,False,0.9907000064849854,0.9904999732971191,0.00020003318786621094
A2_A8,141,42,4,6,interior,4,7.211102550927978,False,False,0.6359000205993652,0.6363000273704529,-0.0004000067710876465
A2_A8,141,43,4,7,interior,4,8.06225774829855,True,False,0.35920000076293945,0.3598000109195709,-0.0006000101566314697
A2_A8,141,44,5,0,vertical_axis,2,5.0,False,False,1.3646999597549438,1.3652000427246094,-0.0005000829696655273
A2_A8,141,45,5,1,interior,4,5.0990195135927845,False,False,1.3736000061035156,1.378499984741211,-0.0048999786376953125
A2_A8,141,46,5,2,interior,4,5.385164807134504,False,False,1.1365000009536743,1.1414999961853027,-0.004999995231628418
A2_A8,141,47,5,3,interior,4,5.830951894845301,False,False,0.9463000297546387,0.9487000107765198,-0.0023999810218811035
A2_A8,141,48,5,4,interior,4,6.4031242374328485,False,False,0.9010000228881836,0.9018999934196472,-0.000899970531463623
A2_A8,141,49,5,5,interior,4,7.0710678118654755,False,True,0.6236000061035156,0.6241999864578247,-0.000599980354309082
A2_A8,141,50,5,6,interior,4,7.810249675906654,False,False,0.400299996137619,0.39969998598098755,0.0006000101566314697
A2_A8,141,51,5,7,interior,4,8.602325267042627,True,False,0.22859999537467957,0.22859999537467957,0.0
A2_A8,141,52,6,0,vertical_axis,2,6.0,False,False,1.1513999700546265,1.1547000408172607,-0.0033000707626342773
A2_A8,141,53,6,1,interior,4,6.082762530298219,False,False,1.1588000059127808,1.1640000343322754,-0.005200028419494629
A2_A8,141,54,6,2,interior,4,6.324555320336759,False,False,1.1437000036239624,1.1481000185012817,-0.004400014877319336
A2_A8,141,55,6,3,interior,4,6.708203932499369,False,False,0.8747000098228455,0.8772000074386597,-0.002499997615814209
A2_A8,141,56,6,4,interior,4,7.211102550927978,False,False,0.6710000038146973,0.6722000241279602,-0.0012000203132629395
A2_A8,141,57,6,5,interior,4,7.810249675906654,False,False,0.4562000036239624,0.45649999380111694,-0.000299990177154541
A2_A8,141,58,6,6,interior,4,8.48528137423857,True,True,0.22470000386238098,0.22419999539852142,0.0005000084638595581
A2_A8,141,59,7,0,vertical_axis,2,7.0,False,False,0.8939999938011169,0.9039999842643738,-0.009999990463256836
A2_A8,141,60,7,1,interior,4,7.0710678118654755,False,False,0.8809999823570251,0.8859999775886536,-0.004999995231628418
A2_A8,141,61,7,2,interior,4,7.280109889280518,False,False,0.7983999848365784,0.8015000224113464,-0.0031000375747680664
A2_A8,141,62,7,3,interior,4,7.615773105863909,False,False,0.6050000190734863,0.6067000031471252,-0.001699984073638916
A2_A8,141,63,7,4,interior,4,8.06225774829855,True,False,0.3603000044822693,0.36090001463890076,-0.0006000101566314697
A2_A8,141,64,7,5,interior,4,8.602325267042627,True,False,0.2143000066280365,0.21449999511241913,-0.0001999884843826294
A2_A8,141,65,8,0,vertical_axis,2,8.0,True,False,0.5156000256538391,0.5284000039100647,-0.012799978256225586
A2_A8,141,66,8,1,interior,4,8.06225774829855,True,False,0.5310999751091003,0.532800018787384,-0.0017000436782836914
A2_A8,141,67,8,2,interior,4,8.246211251235321,True,False,0.4163999855518341,0.4178999960422516,-0.0015000104904174805
A2_A8,141,68,8,3,interior,4,8.54400374531753,True,False,0.2709999978542328,0.2718000113964081,-0.000800013542175293
J1_J2,121,0,0,0,center,1,0.0,False,True,1.4142999649047852,1.4007999897003174,0.013499975204467773
J1_J2,121,1,0,1,horizontal_axis,2,1.0,False,False,1.2503000497817993,1.243299961090088,0.007000088691711426
J1_J2,121,2,0,2,horizontal_axis,2,2.0,False,False,1.256500005722046,1.2559000253677368,0.000599980354309082
J1_J2,121,3,0,3,horizontal_axis,2,3.0,False,False,1.1749000549316406,1.1770000457763672,-0.0020999908447265625
J1_J2,121,4,0,4,horizontal_axis,2,4.0,False,False,1.1634999513626099,1.1650999784469604,-0.001600027084350586
J1_J2,121,5,0,5,horizontal_axis,2,5.0,False,False,1.3425999879837036,1.3436000347137451,-0.001000046730041504
J1_J2,121,6,0,6,horizontal_axis,2,6.0,False,False,1.2822999954223633,1.2839000225067139,-0.001600027084350586
J1_J2,121,7,0,7,horizontal_axis,2,7.0,False,False,0.9746999740600586,0.9754999876022339,-0.000800013542175293
J1_J2,121,8,0,8,horizontal_axis,2,8.0,True,False,0.5372999906539917,0.5370000004768372,0.000299990177154541
J1_J2,121,9,1,0,vertical_axis,2,1.0,False,False,1.2503000497817993,1.243299961090088,0.007000088691711426
J1_J2,121,10,1,1,interior,4,1.4142135623730951,False,True,1.357100009918213,1.3521000146865845,0.004999995231628418
J1_J2,121,11,1,2,interior,4,2.23606797749979,False,False,1.3178000450134277,1.319100022315979,-0.0012999773025512695
J1_J2,121,12,1,3,interior,4,3.1622776601683795,False,False,1.182800054550171,1.188099980354309,-0.005299925804138184
J1_J2,121,13,1,4,interior,4,4.123105625617661,False,False,1.128100037574768,1.132200002670288,-0.0040999650955200195
J1_J2,121,14,1,5,interior,4,5.0990195135927845,False,False,1.1193000078201294,1.1225999593734741,-0.0032999515533447266
J1_J2,121,15,1,6,interior,4,6.082762530298219,False,False,1.2309999465942383,1.2324999570846558,-0.0015000104904174805
J1_J2,121,16,1,7,interior,4,7.0710678118654755,False,False,0.9151999950408936,0.9156000018119812,-0.0004000067710876465
J1_J2,121,17,1,8,interior,4,8.06225774829855,True,False,0.46619999408721924,0.4657999873161316,0.0004000067710876465
J1_J2,121,18,2,0,vertical_axis,2,2.0,False,False,1.256500005722046,1.2559000253677368,0.000599980354309082
J1_J2,121,19,2,1,interior,4,2.23606797749979,False,False,1.4003000259399414,1.3967000246047974,0.003600001335144043
J1_J2,121,20,2,2,interior,4,2.8284271247461903,False,True,1.1973999738693237,1.1965999603271484,0.000800013542175293
J1_J2,121,21,2,3,interior,4,3.605551275463989,False,False,1.2841999530792236,1.2855000495910645,-0.0013000965118408203
J1_J2,121,22,2,4,interior,4,4.47213595499958,False,False,1.2796000242233276,1.281499981880188,-0.0018999576568603516
J1_J2,121,23,2,5,interior,4,5.385164807134504,False,False,1.195199966430664,1.1967999935150146,-0.001600027084350586
J1_J2,121,24,2,6,interior,4,6.324555320336759,False,False,1.0906000137329102,1.0914000272750854,-0.000800013542175293
J1_J2,121,25,2,7,interior,4,7.280109889280518,False,False,0.8902999758720398,0.890500009059906,-0.00020003318786621094
J1_J2,121,26,2,8,interior,4,8.246211251235321,True,False,0.4749999940395355,0.4749000072479248,9.998679161071777e-05
J1_J2,121,27,3,0,vertical_axis,2,3.0,False,False,1.1749000549316406,1.1770000457763672,-0.0020999908447265625
J1_J2,121,28,3,1,interior,4,3.1622776601683795,False,False,1.2619999647140503,1.2581000328063965,0.0038999319076538086
J1_J2,121,29,3,2,interior,4,3.605551275463989,False,False,1.187600016593933,1.1857000589370728,0.0018999576568603516
J1_J2,121,30,3,3,interior,4,4.242640687119285,False,True,1.3935999870300293,1.393399953842163,0.00020003318786621094
J1_J2,121,31,3,4,interior,4,5.0,False,False,1.2999000549316406,1.2999000549316406,0.0
J1_J2,121,32,3,5,interior,4,5.830951894845301,False,False,1.0772000551223755,1.0773999691009521,-0.00019991397857666016
J1_J2,121,33,3,6,interior,4,6.708203932499369,False,False,0.9162999987602234,0.916100025177002,0.00019997358322143555
J1_J2,121,34,3,7,interior,4,7.615773105863909,False,False,0.7156000137329102,0.7156000137329102,0.0
J1_J2,121,35,3,8,interior,4,8.54400374531753,True,False,0.32760000228881836,0.32760000228881836,0.0
J1_J2,121,36,4,0,vertical_axis,2,4.0,False,False,1.1634999513626099,1.1650999784469604,-0.001600027084350586
J1_J2,121,37,4,1,interior,4,4.123105625617661,False,False,1.3680000305175781,1.3645999431610107,0.003400087356567383
J1_J2,121,38,4,2,interior,4,4.47213595499958,False,False,1.2137000560760498,1.2122999429702759,0.0014001131057739258
J1_J2,121,39,4,3,interior,4,5.0,False,False,1.2000000476837158,1.1995999813079834,0.0004000663757324219
J1_J2,121,40,4,4,interior,4,5.656854249492381,False,True,1.3752000331878662,1.375,0.00020003318786621094
J1_J2,121,41,4,5,interior,4,6.4031242374328485,False,False,1.2416000366210938,1.2415000200271606,0.00010001659393310547
J1_J2,121,42,4,6,interior,4,7.211102550927978,False,False,0.95169997215271,0.9514999985694885,0.00019997358322143555
J1_J2,121,43,4,7,interior,4,8.06225774829855,True,False,0.5794000029563904,0.5792999863624573,0.00010001659393310547
J1_J2,121,44,5,0,vertical_axis,2,5.0,False,False,1.3425999879837036,1.3436000347137451,-0.001000046730041504
J1_J2,121,45,5,1,interior,4,5.0990195135927845,False,False,1.2309999465942383,1.2305999994277954,0.0003999471664428711
J1_J2,121,46,5,2,interior,4,5.385164807134504,False,False,1.263700008392334,1.2632999420166016,0.0004000663757324219
J1_J2,121,47,5,3,interior,4,5.830951894845301,False,False,1.1677000522613525,1.1684000492095947,-0.0006999969482421875
J1_J2,121,48,5,4,interior,4,6.4031242374328485,False,False,1.2718000411987305,1.2719000577926636,-0.00010001659393310547
J1_J2,121,49,5,5,interior,4,7.0710678118654755,False,True,1.0410000085830688,1.0407999753952026,0.00020003318786621094
J1_J2,121,50,5,6,interior,4,7.810249675906654,False,False,0.7821000218391418,0.7820000052452087,0.00010001659393310547
J1_J2,121,51,5,7,interior,4,8.602325267042627,True,False,0.3790999948978424,0.3790000081062317,9.998679161071777e-05
J1_J2,121,52,6,0,vertical_axis,2,6.0,False,False,1.2822999954223633,1.2839000225067139,-0.001600027084350586
J1_J2,121,53,6,1,interior,4,6.082762530298219,False,False,1.184399962425232,1.1854000091552734,-0.001000046730041504
J1_J2,121,54,6,2,interior,4,6.324555320336759,False,False,1.1549999713897705,1.1552000045776367,-0.00020003318786621094
J1_J2,121,55,6,3,interior,4,6.708203932499369,False,False,1.0852999687194824,1.0855000019073486,-0.00020003318786621094
J1_J2,121,56,6,4,interior,4,7.211102550927978,False,False,1.016700029373169,1.016800045967102,-0.00010001659393310547
J1_J2,121,57,6,5,interior,4,7.810249675906654,False,False,0.7451000213623047,0.7451000213623047,0.0
J1_J2,121,58,6,6,interior,4,8.48528137423857,True,True,0.4122999906539917,0.412200003862381,9.998679161071777e-05
J1_J2,121,59,7,0,vertical_axis,2,7.0,False,False,0.9746999740600586,0.9754999876022339,-0.000800013542175293
J1_J2,121,60,7,1,interior,4,7.0710678118654755,False,False,0.8339999914169312,0.835099995136261,-0.001100003719329834
J1_J2,121,61,7,2,interior,4,7.280109889280518,False,False,0.8392000198364258,0.8396999835968018,-0.0004999637603759766
J1_J2,121,62,7,3,interior,4,7.615773105863909,False,False,0.7791000008583069,0.7792999744415283,-0.00019997358322143555
J1_J2,121,63,7,4,interior,4,8.06225774829855,True,False,0.5680000185966492,0.5680999755859375,-9.995698928833008e-05
J1_J2,121,64,7,5,interior,4,8.602325267042627,True,False,0.3571999967098236,0.3571999967098236,0.0
J1_J2,121,65,8,0,vertical_axis,2,8.0,True,False,0.5372999906539917,0.5370000004768372,0.000299990177154541
J1_J2,121,66,8,1,interior,4,8.06225774829855,True,False,0.4708999991416931,0.47119998931884766,-0.000299990177154541
J1_J2,121,67,8,2,interior,4,8.246211251235321,True,False,0.3808000087738037,0.38119998574256897,-0.0003999769687652588
J1_J2,121,68,8,3,interior,4,8.54400374531753,True,False,0.31040000915527344,0.3107999861240387,-0.0003999769687652588
