digest16,work_dir,cycle_evidence,f_xy,f_xya,n_steps,sane,reason,efpd_max
,c:\Users\USER\Desktop\CT&RPL\2_Project\KNF_LEU+ 시범연료봉 장전 인허가 과제\2026\2_계산\2_LP\LOW_Fr_MASTER_result\srv199\kit_frontier_runs_fpcamp2_199_~_RST.APRQ_11_0635.1-0283755b34-z7gsqllw_a5b4ffaf,no_digest,,,0,0,,
,c:\Users\USER\Desktop\CT&RPL\2_Project\KNF_LEU+ 시범연료봉 장전 인허가 과제\2026\2_계산\2_LP\LOW_Fr_MASTER_result\srv199\kit_frontier_runs_fpcamp2_199_~_RST.APRQ_11_0635.1-037dfd05ba-iw0we987_57d5604a,no_digest,,,0,0,,
,c:\Users\USER\Desktop\CT&RPL\2_Project\KNF_LEU+ 시범연료봉 장전 인허가 과제\2026\2_계산\2_LP\LOW_Fr_MASTER_result\srv199\kit_frontier_runs_fpcamp2_199_~_RST.APRQ_11_0635.1-04de109214-7dhtfout_afeab185,no_digest,,,0,0,,
,c:\Users\USER\Desktop\CT&RPL\2_Project\KNF_LEU+ 시범연료봉 장전 인허가 과제\2026\2_계산\2_LP\LOW_Fr_MASTER_result\srv199\kit_frontier_runs_fpcamp2_199_~_RST.APRQ_11_0635.1-05187fc5c7-q3l0so3f_426f262b,no_digest,,,0,0,,
,c:\Users\USER\Desktop\CT&RPL\2_Project\KNF_LEU+ 시범연료봉 장전 인허가 과제\2026\2_계산\2_LP\LOW_Fr_MASTER_result\srv199\kit_frontier_runs_fpcamp2_199_~_RST.APRQ_11_0635.1-058c3943f2-m5260oxl_4f8062a1,no_digest,,,0,0,,
,c:\Users\USER\Desktop\CT&RPL\2_Project\KNF_LEU+ 시범연료봉 장전 인허가 과제\2026\2_계산\2_LP\LOW_Fr_MASTER_result\srv199\kit_frontier_runs_fpcamp2_199_~_RST.APRQ_11_0635.1-05dec7cccb-oimeni8a_c21aeb80,no_digest,,,0,0,,
,c:\Users\USER\Desktop\CT&RPL\2_Project\KNF_LEU+ 시범연료봉 장전 인허가 과제\2026\2_계산\2_LP\LOW_Fr_MASTER_result\srv199\kit_frontier_runs_fpcamp2_199_~_RST.APRQ_11_0635.1-08d1c79858-yvkd8ajm_a0074ff3,no_digest,,,0,0,,
,c:\Users\USER\Desktop\CT&RPL\2_Project\KNF_LEU+ 시범연료봉 장전 인허가 과제\2026\2_계산\2_LP\LOW_Fr_MASTER_result\srv199\kit_frontier_runs_fpcamp2_199_~_RST.APRQ_11_0635.1-0e4166c7d8-2plsdi0u_7d65305a,no_digest,,,0,0,,
,c:\Users\USER\Desktop\CT&RPL\2_Project\KNF_LEU+ 시범연료봉 장전 인허가 과제\2026\2_계산\2_LP\LOW_Fr_MASTER_result\srv199\kit_frontier_runs_fpcamp2_199_~_RST.APRQ_11_0635.1-178d963961-mo5n0ktq_eec0dfee,no_digest,,,0,0,,
,c:\Users\USER\Desktop\CT&RPL\2_Project\KNF_LEU+ 시범연료봉 장전 인허가 과제\2026\2_계산\2_LP\LOW_Fr_MASTER_result\srv199\kit_frontier_runs_fpcamp2_199_~_RST.APRQ_11_0635.1-1ad416c661-xqo7e8_a_ab8b5bb7,no_digest,,,0,0,,
,c:\Users\USER\Desktop\CT&RPL\2_Project\KNF_LEU+ 시범연료봉 장전 인허가 과제\2026\2_계산\2_LP\LOW_Fr_MASTER_result\srv199\kit_frontier_runs_fpcamp2_199_~_RST.APRQ_11_0635.1-1bab8a0ae7-f3hjmaw1_74b6c9ea,no_digest,,,0,0,,
,c:\Users\USER\Desktop\CT&RPL\2_Project\KNF_LEU+ 시범연료봉 장전 인허가 과제\2026\2_계산\2_LP\LOW_Fr_MASTER_result\srv199\kit_frontier_runs_fpcamp2_199_~_RST.APRQ_11_0635.1-1d553a4f7f-v_8f8uvf_95ebe88b,no_digest,,,0,0,,
,c:\Users\USER\Desktop\CT&RPL\2_Project\KNF_LEU+ 시범연료봉 장전 인허가 과제\2026\2_계산\2_LP\LOW_Fr_MASTER_result\srv199\kit_frontier_runs_fpcamp2_199_~_RST.APRQ_11_0635.1-1d874257bd-yz1ca9x1_296b1378,no_digest,,,0,0,,
,c:\Users\USER\Desktop\CT&RPL\2_Project\KNF_LEU+ 시범연료봉 장전 인허가 과제\2026\2_계산\2_LP\LOW_Fr_MASTER_result\srv199\kit_frontier_runs_fpcamp2_199_~_RST.APRQ_11_0635.1-1ea66d00bf-colnuifx_7cf78af5,no_digest,,,0,0,,
,c:\Users\USER\Desktop\CT&RPL\2_Project\KNF_LEU+ 시범연료봉 장전 인허가 과제\2026\2_계산\2_LP\LOW_Fr_MASTER_result\srv199\kit_frontier_runs_fpcamp2_199_~_RST.APRQ_11_0635.1-1f183ea032-3v0yx099_d29ea31f,no_digest,,,0,0,,
,c:\Users\USER\Desktop\CT&RPL\2_Project\KNF_LEU+ 시범연료봉 장전 인허가 과제\2026\2_계산\2_LP\LOW_Fr_MASTER_result\srv199\kit_frontier_runs_fpcamp2_199_~_RST.APRQ_11_0635.1-21840c029b-vv219ge7_939ab485,no_digest,,,0,0,,
,c:\Users\USER\Desktop\CT&RPL\2_Project\KNF_LEU+ 시범연료봉 장전 인허가 과제\2026\2_계산\2_LP\LOW_Fr_MASTER_result\srv199\kit_frontier_runs_fpcamp2_199_~_RST.APRQ_11_0635.1-2b4eca624a-htpjcvuy_4388ed4c,no_digest,,,0,0,,
,c:\Users\USER\Desktop\CT&RPL\2_Project\KNF_LEU+ 시범연료봉 장전 인허가 과제\2026\2_계산\2_LP\LOW_Fr_MASTER_result\srv199\kit_frontier_runs_fpcamp2_199_~_RST.APRQ_11_0635.1-2bdfb01d60-b_a1pe2y_76e91dc9,no_digest,,,0,0,,
,c:\Users\USER\Desktop\CT&RPL\2_Project\KNF_LEU+ 시범연료봉 장전 인허가 과제\2026\2_계산\2_LP\LOW_Fr_MASTER_result\srv199\kit_frontier_runs_fpcamp2_199_~_RST.APRQ_11_0635.1-2c6f6d1f8e-h5wx8a_h_8d0d7080,no_digest,,,0,0,,
,c:\Users\USER\Desktop\CT&RPL\2_Project\KNF_LEU+ 시범연료봉 장전 인허가 과제\2026\2_계산\2_LP\LOW_Fr_MASTER_result\srv199\kit_frontier_runs_fpcamp2_199_~_RST.APRQ_11_0635.1-2cac85402b-m2ftv41l_d22ed902,no_digest,,,0,0,,
,c:\Users\USER\Desktop\CT&RPL\2_Project\KNF_LEU+ 시범연료봉 장전 인허가 과제\2026\2_계산\2_LP\LOW_Fr_MASTER_result\srv199\kit_frontier_runs_fpcamp2_199_~_RST.APRQ_11_0635.1-2ec23f0fd4-1xmb4_78_a0bc7898,no_mas_sum,,,0,0,,
,c:\Users\USER\Desktop\CT&RPL\2_Project\KNF_LEU+ 시범연료봉 장전 인허가 과제\2026\2_계산\2_LP\LOW_Fr_MASTER_result\srv199\kit_frontier_runs_fpcamp2_199_~_RST.APRQ_11_0635.1-2f43658d63-7m8wgwz0_14bfa864,no_digest,,,0,0,,
,c:\Users\USER\Desktop\CT&RPL\2_Project\KNF_LEU+ 시범연료봉 장전 인허가 과제\2026\2_계산\2_LP\LOW_Fr_MASTER_result\srv199\kit_frontier_runs_fpcamp2_199_~_RST.APRQ_11_0635.1-340251e313-byed506m_811380d0,no_digest,,,0,0,,
,c:\Users\USER\Desktop\CT&RPL\2_Project\KNF_LEU+ 시범연료봉 장전 인허가 과제\2026\2_계산\2_LP\LOW_Fr_MASTER_result\srv199\kit_frontier_runs_fpcamp2_199_~_RST.APRQ_11_0635.1-3419c3aaa9-lyjx0k6l_f05bd87a,no_digest,,,0,0,,
,c:\Users\USER\Desktop\CT&RPL\2_Project\KNF_LEU+ 시범연료봉 장전 인허가 과제\2026\2_계산\2_LP\LOW_Fr_MASTER_result\srv199\kit_frontier_runs_fpcamp2_199_~_RST.APRQ_11_0635.1-3488ea46ef-41ch7imx_6477361d,no_digest,,,0,0,,
,c:\Users\USER\Desktop\CT&RPL\2_Project\KNF_LEU+ 시범연료봉 장전 인허가 과제\2026\2_계산\2_LP\LOW_Fr_MASTER_result\srv199\kit_frontier_runs_fpcamp2_199_~_RST.APRQ_11_0635.1-37cebae367-0djdtnxe_0e4f8562,no_digest,,,0,0,,
,c:\Users\USER\Desktop\CT&RPL\2_Project\KNF_LEU+ 시범연료봉 장전 인허가 과제\2026\2_계산\2_LP\LOW_Fr_MASTER_result\srv199\kit_frontier_runs_fpcamp2_199_~_RST.APRQ_11_0635.1-38f161acf1-a56sm_yk_793c3a7f,no_digest,,,0,0,,
,c:\Users\USER\Desktop\CT&RPL\2_Project\KNF_LEU+ 시범연료봉 장전 인허가 과제\2026\2_계산\2_LP\LOW_Fr_MASTER_result\srv199\kit_frontier_runs_fpcamp2_199_~_RST.APRQ_11_0635.1-394cf00d59-8bbmomp6_6f299a76,no_digest,,,0,0,,
,c:\Users\USER\Desktop\CT&RPL\2_Project\KNF_LEU+ 시범연료봉 장전 인허가 과제\2026\2_계산\2_LP\LOW_Fr_MASTER_result\srv199\kit_frontier_runs_fpcamp2_199_~_RST.APRQ_11_0635.1-3a4995d41b-xohh53mj_de839c12,no_digest,,,0,0,,
,c:\Users\USER\Desktop\CT&RPL\2_Project\KNF_LEU+ 시범연료봉 장전 인허가 과제\2026\2_계산\2_LP\LOW_Fr_MASTER_result\srv199\kit_frontier_runs_fpcamp2_199_~_RST.APRQ_11_0635.1-41fa6a09ad-ftzxo7op_a633ceca,no_digest,,,0,0,,
,c:\Users\USER\Desktop\CT&RPL\2_Project\KNF_LEU+ 시범연료봉 장전 인허가 과제\2026\2_계산\2_LP\LOW_Fr_MASTER_result\srv199\kit_frontier_runs_fpcamp2_199_~_RST.APRQ_11_0635.1-4b832b8630-s38pskhn_39fff80b,no_digest,,,0,0,,
,c:\Users\USER\Desktop\CT&RPL\2_Project\KNF_LEU+ 시범연료봉 장전 인허가 과제\2026\2_계산\2_LP\LOW_Fr_MASTER_result\srv199\kit_frontier_runs_fpcamp2_199_~_RST.APRQ_11_0635.1-4cb17d0d1a-ng4zl7k8_e8008ebc,no_digest,,,0,0,,
,c:\Users\USER\Desktop\CT&RPL\2_Project\KNF_LEU+ 시범연료봉 장전 인허가 과제\2026\2_계산\2_LP\LOW_Fr_MASTER_result\srv199\kit_frontier_runs_fpcamp2_199_~_RST.APRQ_11_0635.1-4e630c9a28-_7l822ix_0632dd31,no_digest,,,0,0,,
,c:\Users\USER\Desktop\CT&RPL\2_Project\KNF_LEU+ 시범연료봉 장전 인허가 과제\2026\2_계산\2_LP\LOW_Fr_MASTER_result\srv199\kit_frontier_runs_fpcamp2_199_~_RST.APRQ_11_0635.1-4e80042260-d8lmix_a_9bccb891,no_digest,,,0,0,,
,c:\Users\USER\Desktop\CT&RPL\2_Project\KNF_LEU+ 시범연료봉 장전 인허가 과제\2026\2_계산\2_LP\LOW_Fr_MASTER_result\srv199\kit_frontier_runs_fpcamp2_199_~_RST.APRQ_11_0635.1-5068a42dee-15sw6y_a_9b3741b3,no_digest,,,0,0,,
,c:\Users\USER\Desktop\CT&RPL\2_Project\KNF_LEU+ 시범연료봉 장전 인허가 과제\2026\2_계산\2_LP\LOW_Fr_MASTER_result\srv199\kit_frontier_runs_fpcamp2_199_~_RST.APRQ_11_0635.1-50c97c3dbf-mso6_ykw_be12c270,no_digest,,,0,0,,
,c:\Users\USER\Desktop\CT&RPL\2_Project\KNF_LEU+ 시범연료봉 장전 인허가 과제\2026\2_계산\2_LP\LOW_Fr_MASTER_result\srv199\kit_frontier_runs_fpcamp2_199_~_RST.APRQ_11_0635.1-542c13fa01-dfiu3i52_8536805c,no_digest,,,0,0,,
,c:\Users\USER\Desktop\CT&RPL\2_Project\KNF_LEU+ 시범연료봉 장전 인허가 과제\2026\2_계산\2_LP\LOW_Fr_MASTER_result\srv199\kit_frontier_runs_fpcamp2_199_~_RST.APRQ_11_0635.1-55e64abb47-vy06fgeb_9c0e09f3,no_digest,,,0,0,,
,c:\Users\USER\Desktop\CT&RPL\2_Project\KNF_LEU+ 시범연료봉 장전 인허가 과제\2026\2_계산\2_LP\LOW_Fr_MASTER_result\srv199\kit_frontier_runs_fpcamp2_199_~_RST.APRQ_11_0635.1-5bae433ab4-kpasq_5s_1af254c0,no_digest,,,0,0,,
,c:\Users\USER\Desktop\CT&RPL\2_Project\KNF_LEU+ 시범연료봉 장전 인허가 과제\2026\2_계산\2_LP\LOW_Fr_MASTER_result\srv199\kit_frontier_runs_fpcamp2_199_~_RST.APRQ_11_0635.1-5c6505f0b9-2by3n7gw_6b9c048d,no_digest,,,0,0,,
,c:\Users\USER\Desktop\CT&RPL\2_Project\KNF_LEU+ 시범연료봉 장전 인허가 과제\2026\2_계산\2_LP\LOW_Fr_MASTER_result\srv199\kit_frontier_runs_fpcamp2_199_~_RST.APRQ_11_0635.1-5c73116bdd-u1njchum_c5f27311,no_digest,,,0,0,,
,c:\Users\USER\Desktop\CT&RPL\2_Project\KNF_LEU+ 시범연료봉 장전 인허가 과제\2026\2_계산\2_LP\LOW_Fr_MASTER_result\srv199\kit_frontier_runs_fpcamp2_199_~_RST.APRQ_11_0635.1-6052fa4dfc-oiwfmpv1_8eede767,no_digest,,,0,0,,
,c:\Users\USER\Desktop\CT&RPL\2_Project\KNF_LEU+ 시범연료봉 장전 인허가 과제\2026\2_계산\2_LP\LOW_Fr_MASTER_result\srv199\kit_frontier_runs_fpcamp2_199_~_RST.APRQ_11_0635.1-641cb908a4-x85b8t6v_fc25d39f,no_digest,,,0,0,,
,c:\Users\USER\Desktop\CT&RPL\2_Project\KNF_LEU+ 시범연료봉 장전 인허가 과제\2026\2_계산\2_LP\LOW_Fr_MASTER_result\srv199\kit_frontier_runs_fpcamp2_199_~_RST.APRQ_11_0635.1-64b9758054-ubbfaw07_65a5e474,no_digest,,,0,0,,
,c:\Users\USER\Desktop\CT&RPL\2_Project\KNF_LEU+ 시범연료봉 장전 인허가 과제\2026\2_계산\2_LP\LOW_Fr_MASTER_result\srv199\kit_frontier_runs_fpcamp2_199_~_RST.APRQ_11_0635.1-65305df157-e9l293xm_cb37f464,no_digest,,,0,0,,
,c:\Users\USER\Desktop\CT&RPL\2_Project\KNF_LEU+ 시범연료봉 장전 인허가 과제\2026\2_계산\2_LP\LOW_Fr_MASTER_result\srv199\kit_frontier_runs_fpcamp2_199_~_RST.APRQ_11_0635.1-688bf8e424-ku_4qehq_05279d85,no_digest,,,0,0,,
,c:\Users\USER\Desktop\CT&RPL\2_Project\KNF_LEU+ 시범연료봉 장전 인허가 과제\2026\2_계산\2_LP\LOW_Fr_MASTER_result\srv199\kit_frontier_runs_fpcamp2_199_~_RST.APRQ_11_0635.1-6946aaabb8-bybrrz5y_05c2091f,no_digest,,,0,0,,
,c:\Users\USER\Desktop\CT&RPL\2_Project\KNF_LEU+ 시범연료봉 장전 인허가 과제\2026\2_계산\2_LP\LOW_Fr_MASTER_result\srv199\kit_frontier_runs_fpcamp2_199_~_RST.APRQ_11_0635.1-69f8ae2ae2-jcxr3qp4_db0f1cd1,no_digest,,,0,0,,
,c:\Users\USER\Desktop\CT&RPL\2_Project\KNF_LEU+ 시범연료봉 장전 인허가 과제\2026\2_계산\2_LP\LOW_Fr_MASTER_result\srv199\kit_frontier_runs_fpcamp2_199_~_RST.APRQ_11_0635.1-6a2921bc66-bm63ym6w_bba1d78e,no_digest,,,0,0,,
,c:\Users\USER\Desktop\CT&RPL\2_Project\KNF_LEU+ 시범연료봉 장전 인허가 과제\2026\2_계산\2_LP\LOW_Fr_MASTER_result\srv199\kit_frontier_runs_fpcamp2_199_~_RST.APRQ_11_0635.1-6b27ec7911-0oubck8x_f5ba479c,no_digest,,,0,0,,
,c:\Users\USER\Desktop\CT&RPL\2_Project\KNF_LEU+ 시범연료봉 장전 인허가 과제\2026\2_계산\2_LP\LOW_Fr_MASTER_result\srv199\kit_frontier_runs_fpcamp2_199_~_RST.APRQ_11_0635.1-6b92d903df-1963gekj_a0279686,no_digest,,,0,0,,
,c:\Users\USER\Desktop\CT&RPL\2_Project\KNF_LEU+ 시범연료봉 장전 인허가 과제\2026\2_계산\2_LP\LOW_Fr_MASTER_result\srv199\kit_frontier_runs_fpcamp2_199_~_RST.APRQ_11_0635.1-6c2abda485-6ajhwb6g_3435fd93,no_digest,,,0,0,,
,c:\Users\USER\Desktop\CT&RPL\2_Project\KNF_LEU+ 시범연료봉 장전 인허가 과제\2026\2_계산\2_LP\LOW_Fr_MASTER_result\srv199\kit_frontier_runs_fpcamp2_199_~_RST.APRQ_11_0635.1-6ef6d16ce0-bufdpiro_ccacedb1,no_digest,,,0,0,,
,c:\Users\USER\Desktop\CT&RPL\2_Project\KNF_LEU+ 시범연료봉 장전 인허가 과제\2026\2_계산\2_LP\LOW_Fr_MASTER_result\srv199\kit_frontier_runs_fpcamp2_199_~_RST.APRQ_11_0635.1-707f78832f-iqzqprt4_7aaa9e84,no_digest,,,0,0,,
,c:\Users\USER\Desktop\CT&RPL\2_Project\KNF_LEU+ 시범연료봉 장전 인허가 과제\2026\2_계산\2_LP\LOW_Fr_MASTER_result\srv199\kit_frontier_runs_fpcamp2_199_~_RST.APRQ_11_0635.1-717cbbb7f7-9icblt91_a95fd3ee,no_digest,,,0,0,,
,c:\Users\USER\Desktop\CT&RPL\2_Project\KNF_LEU+ 시범연료봉 장전 인허가 과제\2026\2_계산\2_LP\LOW_Fr_MASTER_result\srv199\kit_frontier_runs_fpcamp2_199_~_RST.APRQ_11_0635.1-72e899e2c7-c8genr6i_58356350,no_digest,,,0,0,,
,c:\Users\USER\Desktop\CT&RPL\2_Project\KNF_LEU+ 시범연료봉 장전 인허가 과제\2026\2_계산\2_LP\LOW_Fr_MASTER_result\srv199\kit_frontier_runs_fpcamp2_199_~_RST.APRQ_11_0635.1-7333a78a63-yq70m65y_e7cccfae,no_digest,,,0,0,,
,c:\Users\USER\Desktop\CT&RPL\2_Project\KNF_LEU+ 시범연료봉 장전 인허가 과제\2026\2_계산\2_LP\LOW_Fr_MASTER_result\srv199\kit_frontier_runs_fpcamp2_199_~_RST.APRQ_11_0635.1-77a423c90e-msy5ou7l_451222ec,no_digest,,,0,0,,
,c:\Users\USER\Desktop\CT&RPL\2_Project\KNF_LEU+ 시범연료봉 장전 인허가 과제\2026\2_계산\2_LP\LOW_Fr_MASTER_result\srv199\kit_frontier_runs_fpcamp2_199_~_RST.APRQ_11_0635.1-79272d9c2b-kvs9ddfu_1a63aebc,no_digest,,,0,0,,
,c:\Users\USER\Desktop\CT&RPL\2_Project\KNF_LEU+ 시범연료봉 장전 인허가 과제\2026\2_계산\2_LP\LOW_Fr_MASTER_result\srv199\kit_frontier_runs_fpcamp2_199_~_RST.APRQ_11_0635.1-7e7ba58695-gu9dey82_99db6b9b,no_digest,,,0,0,,
,c:\Users\USER\Desktop\CT&RPL\2_Project\KNF_LEU+ 시범연료봉 장전 인허가 과제\2026\2_계산\2_LP\LOW_Fr_MASTER_result\srv199\kit_frontier_runs_fpcamp2_199_~_RST.APRQ_11_0635.1-830dececff-jmm0pmne_977caf31,no_digest,,,0,0,,
,c:\Users\USER\Desktop\CT&RPL\2_Project\KNF_LEU+ 시범연료봉 장전 인허가 과제\2026\2_계산\2_LP\LOW_Fr_MASTER_result\srv199\kit_frontier_runs_fpcamp2_199_~_RST.APRQ_11_0635.1-83d4bda242-kna1qie2_8d55ade7,no_digest,,,0,0,,
,c:\Users\USER\Desktop\CT&RPL\2_Project\KNF_LEU+ 시범연료봉 장전 인허가 과제\2026\2_계산\2_LP\LOW_Fr_MASTER_result\srv199\kit_frontier_runs_fpcamp2_199_~_RST.APRQ_11_0635.1-842553693f-jgwqyx_a_0fd81df7,no_digest,,,0,0,,
,c:\Users\USER\Desktop\CT&RPL\2_Project\KNF_LEU+ 시범연료봉 장전 인허가 과제\2026\2_계산\2_LP\LOW_Fr_MASTER_result\srv199\kit_frontier_runs_fpcamp2_199_~_RST.APRQ_11_0635.1-851c745e94-qpdcw141_769c3594,no_digest,,,0,0,,
,c:\Users\USER\Desktop\CT&RPL\2_Project\KNF_LEU+ 시범연료봉 장전 인허가 과제\2026\2_계산\2_LP\LOW_Fr_MASTER_result\srv199\kit_frontier_runs_fpcamp2_199_~_RST.APRQ_11_0635.1-883796e919-847bzn_u_c5f30b65,no_digest,,,0,0,,
,c:\Users\USER\Desktop\CT&RPL\2_Project\KNF_LEU+ 시범연료봉 장전 인허가 과제\2026\2_계산\2_LP\LOW_Fr_MASTER_result\srv199\kit_frontier_runs_fpcamp2_199_~_RST.APRQ_11_0635.1-89dd00d4ae-ux47rx95_3c258f93,no_digest,,,0,0,,
,c:\Users\USER\Desktop\CT&RPL\2_Project\KNF_LEU+ 시범연료봉 장전 인허가 과제\2026\2_계산\2_LP\LOW_Fr_MASTER_result\srv199\kit_frontier_runs_fpcamp2_199_~_RST.APRQ_11_0635.1-8f6e4f9177-2mlzz4zb_81c4da56,no_digest,,,0,0,,
,c:\Users\USER\Desktop\CT&RPL\2_Project\KNF_LEU+ 시범연료봉 장전 인허가 과제\2026\2_계산\2_LP\LOW_Fr_MASTER_result\srv199\kit_frontier_runs_fpcamp2_199_~_RST.APRQ_11_0635.1-90cc47da73-38px8rlo_11ab6662,no_digest,,,0,0,,
,c:\Users\USER\Desktop\CT&RPL\2_Project\KNF_LEU+ 시범연료봉 장전 인허가 과제\2026\2_계산\2_LP\LOW_Fr_MASTER_result\srv199\kit_frontier_runs_fpcamp2_199_~_RST.APRQ_11_0635.1-9566f3ddb7-izmc9zdi_87418813,no_digest,,,0,0,,
,c:\Users\USER\Desktop\CT&RPL\2_Project\KNF_LEU+ 시범연료봉 장전 인허가 과제\2026\2_계산\2_LP\LOW_Fr_MASTER_result\srv199\kit_frontier_runs_fpcamp2_199_~_RST.APRQ_11_0635.1-961334946a-3p383juf_98087dd6,no_digest,,,0,0,,
,c:\Users\USER\Desktop\CT&RPL\2_Project\KNF_LEU+ 시범연료봉 장전 인허가 과제\2026\2_계산\2_LP\LOW_Fr_MASTER_result\srv199\kit_frontier_runs_fpcamp2_199_~_RST.APRQ_11_0635.1-96cb7e02d5-xp0177cy_27cc8357,no_digest,,,0,0,,
,c:\Users\USER\Desktop\CT&RPL\2_Project\KNF_LEU+ 시범연료봉 장전 인허가 과제\2026\2_계산\2_LP\LOW_Fr_MASTER_result\srv199\kit_frontier_runs_fpcamp2_199_~_RST.APRQ_11_0635.1-992be99a16-mif80qnm_20b438d1,no_digest,,,0,0,,
,c:\Users\USER\Desktop\CT&RPL\2_Project\KNF_LEU+ 시범연료봉 장전 인허가 과제\2026\2_계산\2_LP\LOW_Fr_MASTER_result\srv199\kit_frontier_runs_fpcamp2_199_~_RST.APRQ_11_0635.1-99ae0761e0-bxbtfwoj_7bc494ec,no_digest,,,0,0,,
,c:\Users\USER\Desktop\CT&RPL\2_Project\KNF_LEU+ 시범연료봉 장전 인허가 과제\2026\2_계산\2_LP\LOW_Fr_MASTER_result\srv199\kit_frontier_runs_fpcamp2_199_~_RST.APRQ_11_0635.1-9d21b7f201-y62h2e9f_300ac47a,no_digest,,,0,0,,
,c:\Users\USER\Desktop\CT&RPL\2_Project\KNF_LEU+ 시범연료봉 장전 인허가 과제\2026\2_계산\2_LP\LOW_Fr_MASTER_result\srv199\kit_frontier_runs_fpcamp2_199_~_RST.APRQ_11_0635.1-9e9fc94910-wwszqtao_1f419d68,no_digest,,,0,0,,
,c:\Users\USER\Desktop\CT&RPL\2_Project\KNF_LEU+ 시범연료봉 장전 인허가 과제\2026\2_계산\2_LP\LOW_Fr_MASTER_result\srv199\kit_frontier_runs_fpcamp2_199_~_RST.APRQ_11_0635.1-a26d7835f4-wo3da23j_c4bf84f9,no_digest,,,0,0,,
,c:\Users\USER\Desktop\CT&RPL\2_Project\KNF_LEU+ 시범연료봉 장전 인허가 과제\2026\2_계산\2_LP\LOW_Fr_MASTER_result\srv199\kit_frontier_runs_fpcamp2_199_~_RST.APRQ_11_0635.1-a5a3b57dd5-6aztqjs6_6d28f9d5,no_digest,,,0,0,,
,c:\Users\USER\Desktop\CT&RPL\2_Project\KNF_LEU+ 시범연료봉 장전 인허가 과제\2026\2_계산\2_LP\LOW_Fr_MASTER_result\srv199\kit_frontier_runs_fpcamp2_199_~_RST.APRQ_11_0635.1-a5e5f62e34-82rgj19b_f05781d7,no_digest,,,0,0,,
,c:\Users\USER\Desktop\CT&RPL\2_Project\KNF_LEU+ 시범연료봉 장전 인허가 과제\2026\2_계산\2_LP\LOW_Fr_MASTER_result\srv199\kit_frontier_runs_fpcamp2_199_~_RST.APRQ_11_0635.1-a867327dab-m5_5046w_12f32181,no_digest,,,0,0,,
,c:\Users\USER\Desktop\CT&RPL\2_Project\KNF_LEU+ 시범연료봉 장전 인허가 과제\2026\2_계산\2_LP\LOW_Fr_MASTER_result\srv199\kit_frontier_runs_fpcamp2_199_~_RST.APRQ_11_0635.1-a8916f8560-ufdut9wl_838de77d,no_digest,,,0,0,,
,c:\Users\USER\Desktop\CT&RPL\2_Project\KNF_LEU+ 시범연료봉 장전 인허가 과제\2026\2_계산\2_LP\LOW_Fr_MASTER_result\srv199\kit_frontier_runs_fpcamp2_199_~_RST.APRQ_11_0635.1-aa5ea608a1-2mdnotf7_481f0739,no_digest,,,0,0,,
,c:\Users\USER\Desktop\CT&RPL\2_Project\KNF_LEU+ 시범연료봉 장전 인허가 과제\2026\2_계산\2_LP\LOW_Fr_MASTER_result\srv199\kit_frontier_runs_fpcamp2_199_~_RST.APRQ_11_0635.1-af3f4568ab-0xho_p1e_07294dd5,no_digest,,,0,0,,
,c:\Users\USER\Desktop\CT&RPL\2_Project\KNF_LEU+ 시범연료봉 장전 인허가 과제\2026\2_계산\2_LP\LOW_Fr_MASTER_result\srv199\kit_frontier_runs_fpcamp2_199_~_RST.APRQ_11_0635.1-b16939c566-_20gin37_a9035ff2,no_digest,,,0,0,,
,c:\Users\USER\Desktop\CT&RPL\2_Project\KNF_LEU+ 시범연료봉 장전 인허가 과제\2026\2_계산\2_LP\LOW_Fr_MASTER_result\srv199\kit_frontier_runs_fpcamp2_199_~_RST.APRQ_11_0635.1-b383b11290-1c86q3po_160e2b0a,no_digest,,,0,0,,
,c:\Users\USER\Desktop\CT&RPL\2_Project\KNF_LEU+ 시범연료봉 장전 인허가 과제\2026\2_계산\2_LP\LOW_Fr_MASTER_result\srv199\kit_frontier_runs_fpcamp2_199_~_RST.APRQ_11_0635.1-b4b8500adf-9j0gj4qt_18926994,no_digest,,,0,0,,
,c:\Users\USER\Desktop\CT&RPL\2_Project\KNF_LEU+ 시범연료봉 장전 인허가 과제\2026\2_계산\2_LP\LOW_Fr_MASTER_result\srv199\kit_frontier_runs_fpcamp2_199_~_RST.APRQ_11_0635.1-c0b37a5f51-dvjmn9ri_72f324b7,no_digest,,,0,0,,
,c:\Users\USER\Desktop\CT&RPL\2_Project\KNF_LEU+ 시범연료봉 장전 인허가 과제\2026\2_계산\2_LP\LOW_Fr_MASTER_result\srv199\kit_frontier_runs_fpcamp2_199_~_RST.APRQ_11_0635.1-c25171cd96-pxekclnx_80437792,no_digest,,,0,0,,
,c:\Users\USER\Desktop\CT&RPL\2_Project\KNF_LEU+ 시범연료봉 장전 인허가 과제\2026\2_계산\2_LP\LOW_Fr_MASTER_result\srv199\kit_frontier_runs_fpcamp2_199_~_RST.APRQ_11_0635.1-c2c58b30ff-j0xgglbf_4a7249e9,no_digest,,,0,0,,
,c:\Users\USER\Desktop\CT&RPL\2_Project\KNF_LEU+ 시범연료봉 장전 인허가 과제\2026\2_계산\2_LP\LOW_Fr_MASTER_result\srv199\kit_frontier_runs_fpcamp2_199_~_RST.APRQ_11_0635.1-c735a7235c-7h7wnx3f_4fdd9dde,no_digest,,,0,0,,
,c:\Users\USER\Desktop\CT&RPL\2_Project\KNF_LEU+ 시범연료봉 장전 인허가 과제\2026\2_계산\2_LP\LOW_Fr_MASTER_result\srv199\kit_frontier_runs_fpcamp2_199_~_RST.APRQ_11_0635.1-d5b5e8ae57-_6c6yl6k_ea8ccb84,no_digest,,,0,0,,
,c:\Users\USER\Desktop\CT&RPL\2_Project\KNF_LEU+ 시범연료봉 장전 인허가 과제\2026\2_계산\2_LP\LOW_Fr_MASTER_result\srv199\kit_frontier_runs_fpcamp2_199_~_RST.APRQ_11_0635.1-d7261e587e-a_frnw6g_1070d7a1,no_digest,,,0,0,,
,c:\Users\USER\Desktop\CT&RPL\2_Project\KNF_LEU+ 시범연료봉 장전 인허가 과제\2026\2_계산\2_LP\LOW_Fr_MASTER_result\srv199\kit_frontier_runs_fpcamp2_199_~_RST.APRQ_11_0635.1-da1ec83aa5-jv5dlb7c_fb3a198f,no_digest,,,0,0,,
,c:\Users\USER\Desktop\CT&RPL\2_Project\KNF_LEU+ 시범연료봉 장전 인허가 과제\2026\2_계산\2_LP\LOW_Fr_MASTER_result\srv199\kit_frontier_runs_fpcamp2_199_~_RST.APRQ_11_0635.1-da88d8534c-jgvm2sx9_8a553d6e,no_digest,,,0,0,,
,c:\Users\USER\Desktop\CT&RPL\2_Project\KNF_LEU+ 시범연료봉 장전 인허가 과제\2026\2_계산\2_LP\LOW_Fr_MASTER_result\srv199\kit_frontier_runs_fpcamp2_199_~_RST.APRQ_11_0635.1-db7dbc56bb-jptua7q5_a2545b76,no_digest,,,0,0,,
,c:\Users\USER\Desktop\CT&RPL\2_Project\KNF_LEU+ 시범연료봉 장전 인허가 과제\2026\2_계산\2_LP\LOW_Fr_MASTER_result\srv199\kit_frontier_runs_fpcamp2_199_~_RST.APRQ_11_0635.1-e199ebdb89-6e980lm4_c27246af,no_digest,,,0,0,,
,c:\Users\USER\Desktop\CT&RPL\2_Project\KNF_LEU+ 시범연료봉 장전 인허가 과제\2026\2_계산\2_LP\LOW_Fr_MASTER_result\srv199\kit_frontier_runs_fpcamp2_199_~_RST.APRQ_11_0635.1-e3f8f4e2d3-c6qy70iu_f704b69f,no_digest,,,0,0,,
,c:\Users\USER\Desktop\CT&RPL\2_Project\KNF_LEU+ 시범연료봉 장전 인허가 과제\2026\2_계산\2_LP\LOW_Fr_MASTER_result\srv199\kit_frontier_runs_fpcamp2_199_~_RST.APRQ_11_0635.1-edac7e0aae-d23kkhjo_ab9241e5,no_digest,,,0,0,,
,c:\Users\USER\Desktop\CT&RPL\2_Project\KNF_LEU+ 시범연료봉 장전 인허가 과제\2026\2_계산\2_LP\LOW_Fr_MASTER_result\srv199\kit_frontier_runs_fpcamp2_199_~_RST.APRQ_11_0635.1-f4bafe3fc5-0yxoa19b_fd913606,no_digest,,,0,0,,
,c:\Users\USER\Desktop\CT&RPL\2_Project\KNF_LEU+ 시범연료봉 장전 인허가 과제\2026\2_계산\2_LP\LOW_Fr_MASTER_result\srv199\kit_frontier_runs_fpcamp2_199_~S_RST.APRQ_11_0635.1-643ba0a229-c_2qixb_160aae99,no_digest,,,0,0,,
,c:\Users\USER\Desktop\CT&RPL\2_Project\KNF_LEU+ 시범연료봉 장전 인허가 과제\2026\2_계산\2_LP\LOW_Fr_MASTER_result\srv199\kit_frontier_runs_fpcamp2_199_~S_RST.APRQ_11_0635.1-a8da8cfe3a-n8_5d3h_903e9844,no_digest,,,0,0,,
,c:\Users\USER\Desktop\CT&RPL\2_Project\KNF_LEU+ 시범연료봉 장전 인허가 과제\2026\2_계산\2_LP\LOW_Fr_MASTER_result\srv199\kit_frontier_runs_fpcamp3_199_~_RST.APRQ_11_0635.1-0431bf4854-yw7a02ro_9788514d,no_digest,,,0,0,,
,c:\Users\USER\Desktop\CT&RPL\2_Project\KNF_LEU+ 시범연료봉 장전 인허가 과제\2026\2_계산\2_LP\LOW_Fr_MASTER_result\srv199\kit_frontier_runs_fpcamp3_199_~_RST.APRQ_11_0635.1-0433bcac4a-jz5qi1vp_ac2a72de,no_digest,,,0,0,,
,c:\Users\USER\Desktop\CT&RPL\2_Project\KNF_LEU+ 시범연료봉 장전 인허가 과제\2026\2_계산\2_LP\LOW_Fr_MASTER_result\srv199\kit_frontier_runs_fpcamp3_199_~_RST.APRQ_11_0635.1-074d894ca6-lith0y3k_ae79aa2c,no_digest,,,0,0,,
,c:\Users\USER\Desktop\CT&RPL\2_Project\KNF_LEU+ 시범연료봉 장전 인허가 과제\2026\2_계산\2_LP\LOW_Fr_MASTER_result\srv199\kit_frontier_runs_fpcamp3_199_~_RST.APRQ_11_0635.1-094ee0cc42-lqj266uq_65240f42,no_mas_sum,,,0,0,,
,c:\Users\USER\Desktop\CT&RPL\2_Project\KNF_LEU+ 시범연료봉 장전 인허가 과제\2026\2_계산\2_LP\LOW_Fr_MASTER_result\srv199\kit_frontier_runs_fpcamp3_199_~_RST.APRQ_11_0635.1-09b4dc54cd-8zp0lnwo_36f000d4,no_digest,,,0,0,,
,c:\Users\USER\Desktop\CT&RPL\2_Project\KNF_LEU+ 시범연료봉 장전 인허가 과제\2026\2_계산\2_LP\LOW_Fr_MASTER_result\srv199\kit_frontier_runs_fpcamp3_199_~_RST.APRQ_11_0635.1-0e15733f70-y8z56hwo_fbab6829,no_digest,,,0,0,,
,c:\Users\USER\Desktop\CT&RPL\2_Project\KNF_LEU+ 시범연료봉 장전 인허가 과제\2026\2_계산\2_LP\LOW_Fr_MASTER_result\srv199\kit_frontier_runs_fpcamp3_199_~_RST.APRQ_11_0635.1-0fd8ccb7e1-7ywkd7h2_3fc2d5ea,no_digest,,,0,0,,
,c:\Users\USER\Desktop\CT&RPL\2_Project\KNF_LEU+ 시범연료봉 장전 인허가 과제\2026\2_계산\2_LP\LOW_Fr_MASTER_result\srv199\kit_frontier_runs_fpcamp3_199_~_RST.APRQ_11_0635.1-124300c339-4u08yt9u_5496669e,no_digest,,,0,0,,
,c:\Users\USER\Desktop\CT&RPL\2_Project\KNF_LEU+ 시범연료봉 장전 인허가 과제\2026\2_계산\2_LP\LOW_Fr_MASTER_result\srv199\kit_frontier_runs_fpcamp3_199_~_RST.APRQ_11_0635.1-17d2696583-xtjto33p_c7866de7,no_digest,,,0,0,,
,c:\Users\USER\Desktop\CT&RPL\2_Project\KNF_LEU+ 시범연료봉 장전 인허가 과제\2026\2_계산\2_LP\LOW_Fr_MASTER_result\srv199\kit_frontier_runs_fpcamp3_199_~_RST.APRQ_11_0635.1-2219ae1278-1k9tq5h7_bad6a253,no_digest,,,0,0,,
,c:\Users\USER\Desktop\CT&RPL\2_Project\KNF_LEU+ 시범연료봉 장전 인허가 과제\2026\2_계산\2_LP\LOW_Fr_MASTER_result\srv199\kit_frontier_runs_fpcamp3_199_~_RST.APRQ_11_0635.1-221cf05394-3gv4u31b_73c0c599,no_mas_sum,,,0,0,,
,c:\Users\USER\Desktop\CT&RPL\2_Project\KNF_LEU+ 시범연료봉 장전 인허가 과제\2026\2_계산\2_LP\LOW_Fr_MASTER_result\srv199\kit_frontier_runs_fpcamp3_199_~_RST.APRQ_11_0635.1-235df37137-jkypxdwe_ce29da98,no_digest,,,0,0,,
,c:\Users\USER\Desktop\CT&RPL\2_Project\KNF_LEU+ 시범연료봉 장전 인허가 과제\2026\2_계산\2_LP\LOW_Fr_MASTER_result\srv199\kit_frontier_runs_fpcamp3_199_~_RST.APRQ_11_0635.1-23de70726d-o4e7p_28_26bdd475,no_digest,,,0,0,,
,c:\Users\USER\Desktop\CT&RPL\2_Project\KNF_LEU+ 시범연료봉 장전 인허가 과제\2026\2_계산\2_LP\LOW_Fr_MASTER_result\srv199\kit_frontier_runs_fpcamp3_199_~_RST.APRQ_11_0635.1-23fcbdee29-sc2igcw2_3e3b32b6,no_digest,,,0,0,,
,c:\Users\USER\Desktop\CT&RPL\2_Project\KNF_LEU+ 시범연료봉 장전 인허가 과제\2026\2_계산\2_LP\LOW_Fr_MASTER_result\srv199\kit_frontier_runs_fpcamp3_199_~_RST.APRQ_11_0635.1-25addb6ce8-3b49m8e5_aafd1c8d,no_digest,,,0,0,,
,c:\Users\USER\Desktop\CT&RPL\2_Project\KNF_LEU+ 시범연료봉 장전 인허가 과제\2026\2_계산\2_LP\LOW_Fr_MASTER_result\srv199\kit_frontier_runs_fpcamp3_199_~_RST.APRQ_11_0635.1-2b18225e57-mla4ob2h_9f34e82e,no_mas_sum,,,0,0,,
,c:\Users\USER\Desktop\CT&RPL\2_Project\KNF_LEU+ 시범연료봉 장전 인허가 과제\2026\2_계산\2_LP\LOW_Fr_MASTER_result\srv199\kit_frontier_runs_fpcamp3_199_~_RST.APRQ_11_0635.1-2c8412af2d-kkz756io_8b1a5d53,no_digest,,,0,0,,
,c:\Users\USER\Desktop\CT&RPL\2_Project\KNF_LEU+ 시범연료봉 장전 인허가 과제\2026\2_계산\2_LP\LOW_Fr_MASTER_result\srv199\kit_frontier_runs_fpcamp3_199_~_RST.APRQ_11_0635.1-2dee3f58bb-txha615t_8e3f53ef,no_digest,,,0,0,,
,c:\Users\USER\Desktop\CT&RPL\2_Project\KNF_LEU+ 시범연료봉 장전 인허가 과제\2026\2_계산\2_LP\LOW_Fr_MASTER_result\srv199\kit_frontier_runs_fpcamp3_199_~_RST.APRQ_11_0635.1-35072d8f9c-1sohdm9f_547cbfd1,no_digest,,,0,0,,
,c:\Users\USER\Desktop\CT&RPL\2_Project\KNF_LEU+ 시범연료봉 장전 인허가 과제\2026\2_계산\2_LP\LOW_Fr_MASTER_result\srv199\kit_frontier_runs_fpcamp3_199_~_RST.APRQ_11_0635.1-36f336c195-9af7jtv2_001f1ad3,no_digest,,,0,0,,
,c:\Users\USER\Desktop\CT&RPL\2_Project\KNF_LEU+ 시범연료봉 장전 인허가 과제\2026\2_계산\2_LP\LOW_Fr_MASTER_result\srv199\kit_frontier_runs_fpcamp3_199_~_RST.APRQ_11_0635.1-3807f35e2c-u98emg76_4b9b0efc,no_digest,,,0,0,,
,c:\Users\USER\Desktop\CT&RPL\2_Project\KNF_LEU+ 시범연료봉 장전 인허가 과제\2026\2_계산\2_LP\LOW_Fr_MASTER_result\srv199\kit_frontier_runs_fpcamp3_199_~_RST.APRQ_11_0635.1-3857a68c42-p9t0w68j_de2db5a1,no_digest,,,0,0,,
,c:\Users\USER\Desktop\CT&RPL\2_Project\KNF_LEU+ 시범연료봉 장전 인허가 과제\2026\2_계산\2_LP\LOW_Fr_MASTER_result\srv199\kit_frontier_runs_fpcamp3_199_~_RST.APRQ_11_0635.1-3b07928e05-62vqz8cv_d3fed542,no_digest,,,0,0,,
,c:\Users\USER\Desktop\CT&RPL\2_Project\KNF_LEU+ 시범연료봉 장전 인허가 과제\2026\2_계산\2_LP\LOW_Fr_MASTER_result\srv199\kit_frontier_runs_fpcamp3_199_~_RST.APRQ_11_0635.1-4101d2eccd-324m9s5d_1b9a4f00,no_digest,,,0,0,,
,c:\Users\USER\Desktop\CT&RPL\2_Project\KNF_LEU+ 시범연료봉 장전 인허가 과제\2026\2_계산\2_LP\LOW_Fr_MASTER_result\srv199\kit_frontier_runs_fpcamp3_199_~_RST.APRQ_11_0635.1-4214b3acd7-xbrz27ab_8a6be7bf,no_digest,,,0,0,,
,c:\Users\USER\Desktop\CT&RPL\2_Project\KNF_LEU+ 시범연료봉 장전 인허가 과제\2026\2_계산\2_LP\LOW_Fr_MASTER_result\srv199\kit_frontier_runs_fpcamp3_199_~_RST.APRQ_11_0635.1-471273beeb-m0nlhjx9_0f7d2f68,no_digest,,,0,0,,
,c:\Users\USER\Desktop\CT&RPL\2_Project\KNF_LEU+ 시범연료봉 장전 인허가 과제\2026\2_계산\2_LP\LOW_Fr_MASTER_result\srv199\kit_frontier_runs_fpcamp3_199_~_RST.APRQ_11_0635.1-4eb47162b5-5w_zdxsz_a804c6fd,no_digest,,,0,0,,
,c:\Users\USER\Desktop\CT&RPL\2_Project\KNF_LEU+ 시범연료봉 장전 인허가 과제\2026\2_계산\2_LP\LOW_Fr_MASTER_result\srv199\kit_frontier_runs_fpcamp3_199_~_RST.APRQ_11_0635.1-51d744b4e2-gkrxpb0w_5994c734,no_digest,,,0,0,,
,c:\Users\USER\Desktop\CT&RPL\2_Project\KNF_LEU+ 시범연료봉 장전 인허가 과제\2026\2_계산\2_LP\LOW_Fr_MASTER_result\srv199\kit_frontier_runs_fpcamp3_199_~_RST.APRQ_11_0635.1-522fd9af33-rk2fwr6s_b2f3de8d,no_digest,,,0,0,,
,c:\Users\USER\Desktop\CT&RPL\2_Project\KNF_LEU+ 시범연료봉 장전 인허가 과제\2026\2_계산\2_LP\LOW_Fr_MASTER_result\srv199\kit_frontier_runs_fpcamp3_199_~_RST.APRQ_11_0635.1-55393e7c4c-cqaz2h_8_b8b7735e,no_digest,,,0,0,,
,c:\Users\USER\Desktop\CT&RPL\2_Project\KNF_LEU+ 시범연료봉 장전 인허가 과제\2026\2_계산\2_LP\LOW_Fr_MASTER_result\srv199\kit_frontier_runs_fpcamp3_199_~_RST.APRQ_11_0635.1-5b7a23e4bf-b04khu3z_72a27251,no_digest,,,0,0,,
,c:\Users\USER\Desktop\CT&RPL\2_Project\KNF_LEU+ 시범연료봉 장전 인허가 과제\2026\2_계산\2_LP\LOW_Fr_MASTER_result\srv199\kit_frontier_runs_fpcamp3_199_~_RST.APRQ_11_0635.1-5ca578a286-_wvbgfj1_05b481e8,no_digest,,,0,0,,
,c:\Users\USER\Desktop\CT&RPL\2_Project\KNF_LEU+ 시범연료봉 장전 인허가 과제\2026\2_계산\2_LP\LOW_Fr_MASTER_result\srv199\kit_frontier_runs_fpcamp3_199_~_RST.APRQ_11_0635.1-5e7f9b9018-crs6836e_7d629b94,no_digest,,,0,0,,
,c:\Users\USER\Desktop\CT&RPL\2_Project\KNF_LEU+ 시범연료봉 장전 인허가 과제\2026\2_계산\2_LP\LOW_Fr_MASTER_result\srv199\kit_frontier_runs_fpcamp3_199_~_RST.APRQ_11_0635.1-5fdab34659-zf3bgju6_70e88e0c,no_digest,,,0,0,,
,c:\Users\USER\Desktop\CT&RPL\2_Project\KNF_LEU+ 시범연료봉 장전 인허가 과제\2026\2_계산\2_LP\LOW_Fr_MASTER_result\srv199\kit_frontier_runs_fpcamp3_199_~_RST.APRQ_11_0635.1-61eee2da0a-iohshq4d_abec8841,no_digest,,,0,0,,
,c:\Users\USER\Desktop\CT&RPL\2_Project\KNF_LEU+ 시범연료봉 장전 인허가 과제\2026\2_계산\2_LP\LOW_Fr_MASTER_result\srv199\kit_frontier_runs_fpcamp3_199_~_RST.APRQ_11_0635.1-65c2a91344-_mtpz5cm_a002ba1c,no_digest,,,0,0,,
,c:\Users\USER\Desktop\CT&RPL\2_Project\KNF_LEU+ 시범연료봉 장전 인허가 과제\2026\2_계산\2_LP\LOW_Fr_MASTER_result\srv199\kit_frontier_runs_fpcamp3_199_~_RST.APRQ_11_0635.1-669aa045cd-xicaz799_26497949,no_digest,,,0,0,,
,c:\Users\USER\Desktop\CT&RPL\2_Project\KNF_LEU+ 시범연료봉 장전 인허가 과제\2026\2_계산\2_LP\LOW_Fr_MASTER_result\srv199\kit_frontier_runs_fpcamp3_199_~_RST.APRQ_11_0635.1-679ff9755b-zt1x3wu9_1e7d21b0,no_digest,,,0,0,,
,c:\Users\USER\Desktop\CT&RPL\2_Project\KNF_LEU+ 시범연료봉 장전 인허가 과제\2026\2_계산\2_LP\LOW_Fr_MASTER_result\srv199\kit_frontier_runs_fpcamp3_199_~_RST.APRQ_11_0635.1-6acd7ad4c8-f9465sn2_95b3e4e8,no_digest,,,0,0,,
,c:\Users\USER\Desktop\CT&RPL\2_Project\KNF_LEU+ 시범연료봉 장전 인허가 과제\2026\2_계산\2_LP\LOW_Fr_MASTER_result\srv199\kit_frontier_runs_fpcamp3_199_~_RST.APRQ_11_0635.1-6c2a1c0303-6xepbma0_e7e943a4,no_digest,,,0,0,,
,c:\Users\USER\Desktop\CT&RPL\2_Project\KNF_LEU+ 시범연료봉 장전 인허가 과제\2026\2_계산\2_LP\LOW_Fr_MASTER_result\srv199\kit_frontier_runs_fpcamp3_199_~_RST.APRQ_11_0635.1-6c8d0d0658-qr7t6ay5_5d36c74b,no_digest,,,0,0,,
,c:\Users\USER\Desktop\CT&RPL\2_Project\KNF_LEU+ 시범연료봉 장전 인허가 과제\2026\2_계산\2_LP\LOW_Fr_MASTER_result\srv199\kit_frontier_runs_fpcamp3_199_~_RST.APRQ_11_0635.1-6f576c1080-hm8c5kqj_9e932cda,no_digest,,,0,0,,
,c:\Users\USER\Desktop\CT&RPL\2_Project\KNF_LEU+ 시범연료봉 장전 인허가 과제\2026\2_계산\2_LP\LOW_Fr_MASTER_result\srv199\kit_frontier_runs_fpcamp3_199_~_RST.APRQ_11_0635.1-715b94928b-7xk37n75_48112b3f,no_digest,,,0,0,,
,c:\Users\USER\Desktop\CT&RPL\2_Project\KNF_LEU+ 시범연료봉 장전 인허가 과제\2026\2_계산\2_LP\LOW_Fr_MASTER_result\srv199\kit_frontier_runs_fpcamp3_199_~_RST.APRQ_11_0635.1-76095a99a0-600v_5nn_9dc5336f,no_digest,,,0,0,,
,c:\Users\USER\Desktop\CT&RPL\2_Project\KNF_LEU+ 시범연료봉 장전 인허가 과제\2026\2_계산\2_LP\LOW_Fr_MASTER_result\srv199\kit_frontier_runs_fpcamp3_199_~_RST.APRQ_11_0635.1-760f097aff-i1qlht4c_1b86bb21,no_digest,,,0,0,,
,c:\Users\USER\Desktop\CT&RPL\2_Project\KNF_LEU+ 시범연료봉 장전 인허가 과제\2026\2_계산\2_LP\LOW_Fr_MASTER_result\srv199\kit_frontier_runs_fpcamp3_199_~_RST.APRQ_11_0635.1-78143b81c9-t7um9t3n_d41d3f98,no_digest,,,0,0,,
,c:\Users\USER\Desktop\CT&RPL\2_Project\KNF_LEU+ 시범연료봉 장전 인허가 과제\2026\2_계산\2_LP\LOW_Fr_MASTER_result\srv199\kit_frontier_runs_fpcamp3_199_~_RST.APRQ_11_0635.1-7e02fdf900-xs5kdwmy_e0db6850,no_digest,,,0,0,,
,c:\Users\USER\Desktop\CT&RPL\2_Project\KNF_LEU+ 시범연료봉 장전 인허가 과제\2026\2_계산\2_LP\LOW_Fr_MASTER_result\srv199\kit_frontier_runs_fpcamp3_199_~_RST.APRQ_11_0635.1-801b6608da-ssjmd367_a94701ee,no_digest,,,0,0,,
,c:\Users\USER\Desktop\CT&RPL\2_Project\KNF_LEU+ 시범연료봉 장전 인허가 과제\2026\2_계산\2_LP\LOW_Fr_MASTER_result\srv199\kit_frontier_runs_fpcamp3_199_~_RST.APRQ_11_0635.1-801ec286a4-d8euva12_d5edca00,no_digest,,,0,0,,
,c:\Users\USER\Desktop\CT&RPL\2_Project\KNF_LEU+ 시범연료봉 장전 인허가 과제\2026\2_계산\2_LP\LOW_Fr_MASTER_result\srv199\kit_frontier_runs_fpcamp3_199_~_RST.APRQ_11_0635.1-80baff133d-zw1deoe6_03db97ff,no_digest,,,0,0,,
,c:\Users\USER\Desktop\CT&RPL\2_Project\KNF_LEU+ 시범연료봉 장전 인허가 과제\2026\2_계산\2_LP\LOW_Fr_MASTER_result\srv199\kit_frontier_runs_fpcamp3_199_~_RST.APRQ_11_0635.1-819b15bf12-8vhvyubv_27aeafcc,no_digest,,,0,0,,
,c:\Users\USER\Desktop\CT&RPL\2_Project\KNF_LEU+ 시범연료봉 장전 인허가 과제\2026\2_계산\2_LP\LOW_Fr_MASTER_result\srv199\kit_frontier_runs_fpcamp3_199_~_RST.APRQ_11_0635.1-87ba8b99bf-lkshnsti_28dc2690,no_digest,,,0,0,,
,c:\Users\USER\Desktop\CT&RPL\2_Project\KNF_LEU+ 시범연료봉 장전 인허가 과제\2026\2_계산\2_LP\LOW_Fr_MASTER_result\srv199\kit_frontier_runs_fpcamp3_199_~_RST.APRQ_11_0635.1-8b556f3b6f-m59226gr_620abbd4,no_digest,,,0,0,,
,c:\Users\USER\Desktop\CT&RPL\2_Project\KNF_LEU+ 시범연료봉 장전 인허가 과제\2026\2_계산\2_LP\LOW_Fr_MASTER_result\srv199\kit_frontier_runs_fpcamp3_199_~_RST.APRQ_11_0635.1-8d51b225e4-7198vrgw_87e4e124,no_digest,,,0,0,,
,c:\Users\USER\Desktop\CT&RPL\2_Project\KNF_LEU+ 시범연료봉 장전 인허가 과제\2026\2_계산\2_LP\LOW_Fr_MASTER_result\srv199\kit_frontier_runs_fpcamp3_199_~_RST.APRQ_11_0635.1-8d61459315-96uce4m8_5317c0c1,no_digest,,,0,0,,
,c:\Users\USER\Desktop\CT&RPL\2_Project\KNF_LEU+ 시범연료봉 장전 인허가 과제\2026\2_계산\2_LP\LOW_Fr_MASTER_result\srv199\kit_frontier_runs_fpcamp3_199_~_RST.APRQ_11_0635.1-92574b245c-3b8fwdkd_31de5e23,no_digest,,,0,0,,
,c:\Users\USER\Desktop\CT&RPL\2_Project\KNF_LEU+ 시범연료봉 장전 인허가 과제\2026\2_계산\2_LP\LOW_Fr_MASTER_result\srv199\kit_frontier_runs_fpcamp3_199_~_RST.APRQ_11_0635.1-952893a5b6-mnsokdqj_ea1a39c6,no_digest,,,0,0,,
,c:\Users\USER\Desktop\CT&RPL\2_Project\KNF_LEU+ 시범연료봉 장전 인허가 과제\2026\2_계산\2_LP\LOW_Fr_MASTER_result\srv199\kit_frontier_runs_fpcamp3_199_~_RST.APRQ_11_0635.1-98d6baa815-xm72k8bo_e3d51103,no_digest,,,0,0,,
,c:\Users\USER\Desktop\CT&RPL\2_Project\KNF_LEU+ 시범연료봉 장전 인허가 과제\2026\2_계산\2_LP\LOW_Fr_MASTER_result\srv199\kit_frontier_runs_fpcamp3_199_~_RST.APRQ_11_0635.1-9ab36f1026-whpxbq_w_1a52db90,no_digest,,,0,0,,
,c:\Users\USER\Desktop\CT&RPL\2_Project\KNF_LEU+ 시범연료봉 장전 인허가 과제\2026\2_계산\2_LP\LOW_Fr_MASTER_result\srv199\kit_frontier_runs_fpcamp3_199_~_RST.APRQ_11_0635.1-9c7b3476c7-ng4fisxr_e24f7194,no_digest,,,0,0,,
,c:\Users\USER\Desktop\CT&RPL\2_Project\KNF_LEU+ 시범연료봉 장전 인허가 과제\2026\2_계산\2_LP\LOW_Fr_MASTER_result\srv199\kit_frontier_runs_fpcamp3_199_~_RST.APRQ_11_0635.1-9d35f52272-dvo77zbm_4f1146b7,no_digest,,,0,0,,
,c:\Users\USER\Desktop\CT&RPL\2_Project\KNF_LEU+ 시범연료봉 장전 인허가 과제\2026\2_계산\2_LP\LOW_Fr_MASTER_result\srv199\kit_frontier_runs_fpcamp3_199_~_RST.APRQ_11_0635.1-9d735ac6b6-489bt5pl_d5179cf2,no_digest,,,0,0,,
,c:\Users\USER\Desktop\CT&RPL\2_Project\KNF_LEU+ 시범연료봉 장전 인허가 과제\2026\2_계산\2_LP\LOW_Fr_MASTER_result\srv199\kit_frontier_runs_fpcamp3_199_~_RST.APRQ_11_0635.1-a1ad3c5439-vczkkzee_0957fc8a,no_digest,,,0,0,,
,c:\Users\USER\Desktop\CT&RPL\2_Project\KNF_LEU+ 시범연료봉 장전 인허가 과제\2026\2_계산\2_LP\LOW_Fr_MASTER_result\srv199\kit_frontier_runs_fpcamp3_199_~_RST.APRQ_11_0635.1-a47b78c4f6-6jevcl49_405966e6,no_digest,,,0,0,,
,c:\Users\USER\Desktop\CT&RPL\2_Project\KNF_LEU+ 시범연료봉 장전 인허가 과제\2026\2_계산\2_LP\LOW_Fr_MASTER_result\srv199\kit_frontier_runs_fpcamp3_199_~_RST.APRQ_11_0635.1-a7613c1c43-7xf6g6ij_5e5690af,no_digest,,,0,0,,
,c:\Users\USER\Desktop\CT&RPL\2_Project\KNF_LEU+ 시범연료봉 장전 인허가 과제\2026\2_계산\2_LP\LOW_Fr_MASTER_result\srv199\kit_frontier_runs_fpcamp3_199_~_RST.APRQ_11_0635.1-a98ae4b6a6-mch6cgny_a3dee786,no_digest,,,0,0,,
,c:\Users\USER\Desktop\CT&RPL\2_Project\KNF_LEU+ 시범연료봉 장전 인허가 과제\2026\2_계산\2_LP\LOW_Fr_MASTER_result\srv199\kit_frontier_runs_fpcamp3_199_~_RST.APRQ_11_0635.1-ac57bb4673-ks7y3y1p_aab4b0dd,no_digest,,,0,0,,
,c:\Users\USER\Desktop\CT&RPL\2_Project\KNF_LEU+ 시범연료봉 장전 인허가 과제\2026\2_계산\2_LP\LOW_Fr_MASTER_result\srv199\kit_frontier_runs_fpcamp3_199_~_RST.APRQ_11_0635.1-b16e27d89f-wxoxfs9c_e9389e70,no_digest,,,0,0,,
,c:\Users\USER\Desktop\CT&RPL\2_Project\KNF_LEU+ 시범연료봉 장전 인허가 과제\2026\2_계산\2_LP\LOW_Fr_MASTER_result\srv199\kit_frontier_runs_fpcamp3_199_~_RST.APRQ_11_0635.1-b1d0d728e3-oc6jhzdv_7e1e70a4,no_digest,,,0,0,,
,c:\Users\USER\Desktop\CT&RPL\2_Project\KNF_LEU+ 시범연료봉 장전 인허가 과제\2026\2_계산\2_LP\LOW_Fr_MASTER_result\srv199\kit_frontier_runs_fpcamp3_199_~_RST.APRQ_11_0635.1-b346676e7e-5r4k18vh_75b8e93e,no_digest,,,0,0,,
,c:\Users\USER\Desktop\CT&RPL\2_Project\KNF_LEU+ 시범연료봉 장전 인허가 과제\2026\2_계산\2_LP\LOW_Fr_MASTER_result\srv199\kit_frontier_runs_fpcamp3_199_~_RST.APRQ_11_0635.1-b52c414d21-s_wz1y1o_20f26238,no_digest,,,0,0,,
,c:\Users\USER\Desktop\CT&RPL\2_Project\KNF_LEU+ 시범연료봉 장전 인허가 과제\2026\2_계산\2_LP\LOW_Fr_MASTER_result\srv199\kit_frontier_runs_fpcamp3_199_~_RST.APRQ_11_0635.1-b69ef0bc0f-d5y5qrem_f7577c58,no_digest,,,0,0,,
,c:\Users\USER\Desktop\CT&RPL\2_Project\KNF_LEU+ 시범연료봉 장전 인허가 과제\2026\2_계산\2_LP\LOW_Fr_MASTER_result\srv199\kit_frontier_runs_fpcamp3_199_~_RST.APRQ_11_0635.1-bc4011b4f9-kcmhl5ni_bf14ad7f,no_digest,,,0,0,,
,c:\Users\USER\Desktop\CT&RPL\2_Project\KNF_LEU+ 시범연료봉 장전 인허가 과제\2026\2_계산\2_LP\LOW_Fr_MASTER_result\srv199\kit_frontier_runs_fpcamp3_199_~_RST.APRQ_11_0635.1-bcd8a0e8ea-_as0dllk_ba4eb51d,no_digest,,,0,0,,
,c:\Users\USER\Desktop\CT&RPL\2_Project\KNF_LEU+ 시범연료봉 장전 인허가 과제\2026\2_계산\2_LP\LOW_Fr_MASTER_result\srv199\kit_frontier_runs_fpcamp3_199_~_RST.APRQ_11_0635.1-bd6c822eb2-lq993jph_6d3f8f8e,no_digest,,,0,0,,
,c:\Users\USER\Desktop\CT&RPL\2_Project\KNF_LEU+ 시범연료봉 장전 인허가 과제\2026\2_계산\2_LP\LOW_Fr_MASTER_result\srv199\kit_frontier_runs_fpcamp3_199_~_RST.APRQ_11_0635.1-c15350ccd5-wxkvqez2_224adf7c,no_digest,,,0,0,,
,c:\Users\USER\Desktop\CT&RPL\2_Project\KNF_LEU+ 시범연료봉 장전 인허가 과제\2026\2_계산\2_LP\LOW_Fr_MASTER_result\srv199\kit_frontier_runs_fpcamp3_199_~_RST.APRQ_11_0635.1-c446fc74c9-uzsnio5h_986ac03c,no_digest,,,0,0,,
,c:\Users\USER\Desktop\CT&RPL\2_Project\KNF_LEU+ 시범연료봉 장전 인허가 과제\2026\2_계산\2_LP\LOW_Fr_MASTER_result\srv199\kit_frontier_runs_fpcamp3_199_~_RST.APRQ_11_0635.1-ccbd1f77c4-osmd1oxu_54c77686,no_digest,,,0,0,,
,c:\Users\USER\Desktop\CT&RPL\2_Project\KNF_LEU+ 시범연료봉 장전 인허가 과제\2026\2_계산\2_LP\LOW_Fr_MASTER_result\srv199\kit_frontier_runs_fpcamp3_199_~_RST.APRQ_11_0635.1-ccd17d5796-712e4vmk_d08416f6,no_digest,,,0,0,,
,c:\Users\USER\Desktop\CT&RPL\2_Project\KNF_LEU+ 시범연료봉 장전 인허가 과제\2026\2_계산\2_LP\LOW_Fr_MASTER_result\srv199\kit_frontier_runs_fpcamp3_199_~_RST.APRQ_11_0635.1-d11c08ff13-5pjr99ws_b9533f16,no_digest,,,0,0,,
,c:\Users\USER\Desktop\CT&RPL\2_Project\KNF_LEU+ 시범연료봉 장전 인허가 과제\2026\2_계산\2_LP\LOW_Fr_MASTER_result\srv199\kit_frontier_runs_fpcamp3_199_~_RST.APRQ_11_0635.1-d2defa411c-fklr7ibw_3ee4d139,no_digest,,,0,0,,
,c:\Users\USER\Desktop\CT&RPL\2_Project\KNF_LEU+ 시범연료봉 장전 인허가 과제\2026\2_계산\2_LP\LOW_Fr_MASTER_result\srv199\kit_frontier_runs_fpcamp3_199_~_RST.APRQ_11_0635.1-d485a09802-saj7m6b8_8f896845,no_digest,,,0,0,,
,c:\Users\USER\Desktop\CT&RPL\2_Project\KNF_LEU+ 시범연료봉 장전 인허가 과제\2026\2_계산\2_LP\LOW_Fr_MASTER_result\srv199\kit_frontier_runs_fpcamp3_199_~_RST.APRQ_11_0635.1-d4ba60407b-qnq8gaab_5db17771,no_digest,,,0,0,,
,c:\Users\USER\Desktop\CT&RPL\2_Project\KNF_LEU+ 시범연료봉 장전 인허가 과제\2026\2_계산\2_LP\LOW_Fr_MASTER_result\srv199\kit_frontier_runs_fpcamp3_199_~_RST.APRQ_11_0635.1-d583709188-vy6h7dl7_d2475ff0,no_digest,,,0,0,,
,c:\Users\USER\Desktop\CT&RPL\2_Project\KNF_LEU+ 시범연료봉 장전 인허가 과제\2026\2_계산\2_LP\LOW_Fr_MASTER_result\srv199\kit_frontier_runs_fpcamp3_199_~_RST.APRQ_11_0635.1-d87232dbed-1or6rkf6_0a2ec09b,no_digest,,,0,0,,
,c:\Users\USER\Desktop\CT&RPL\2_Project\KNF_LEU+ 시범연료봉 장전 인허가 과제\2026\2_계산\2_LP\LOW_Fr_MASTER_result\srv199\kit_frontier_runs_fpcamp3_199_~_RST.APRQ_11_0635.1-dd79d3c669-uuisor5r_a19464b6,no_digest,,,0,0,,
,c:\Users\USER\Desktop\CT&RPL\2_Project\KNF_LEU+ 시범연료봉 장전 인허가 과제\2026\2_계산\2_LP\LOW_Fr_MASTER_result\srv199\kit_frontier_runs_fpcamp3_199_~_RST.APRQ_11_0635.1-e066606697-d2mrwcu0_64ef7741,no_digest,,,0,0,,
,c:\Users\USER\Desktop\CT&RPL\2_Project\KNF_LEU+ 시범연료봉 장전 인허가 과제\2026\2_계산\2_LP\LOW_Fr_MASTER_result\srv199\kit_frontier_runs_fpcamp3_199_~_RST.APRQ_11_0635.1-e19a30eb3d-yyuymj00_4327e9d5,no_digest,,,0,0,,
,c:\Users\USER\Desktop\CT&RPL\2_Project\KNF_LEU+ 시범연료봉 장전 인허가 과제\2026\2_계산\2_LP\LOW_Fr_MASTER_result\srv199\kit_frontier_runs_fpcamp3_199_~_RST.APRQ_11_0635.1-e1f38d07e7-lwz3ctqi_09b38674,no_digest,,,0,0,,
,c:\Users\USER\Desktop\CT&RPL\2_Project\KNF_LEU+ 시범연료봉 장전 인허가 과제\2026\2_계산\2_LP\LOW_Fr_MASTER_result\srv199\kit_frontier_runs_fpcamp3_199_~_RST.APRQ_11_0635.1-e37069922b-wzm_bxz6_efa40260,no_digest,,,0,0,,
,c:\Users\USER\Desktop\CT&RPL\2_Project\KNF_LEU+ 시범연료봉 장전 인허가 과제\2026\2_계산\2_LP\LOW_Fr_MASTER_result\srv199\kit_frontier_runs_fpcamp3_199_~_RST.APRQ_11_0635.1-e37d3d82bc-jm3fqmw6_836e41d7,no_digest,,,0,0,,
,c:\Users\USER\Desktop\CT&RPL\2_Project\KNF_LEU+ 시범연료봉 장전 인허가 과제\2026\2_계산\2_LP\LOW_Fr_MASTER_result\srv199\kit_frontier_runs_fpcamp3_199_~_RST.APRQ_11_0635.1-eea8912548-p5fyoj68_d83a6d90,no_digest,,,0,0,,
,c:\Users\USER\Desktop\CT&RPL\2_Project\KNF_LEU+ 시범연료봉 장전 인허가 과제\2026\2_계산\2_LP\LOW_Fr_MASTER_result\srv199\kit_frontier_runs_fpcamp3_199_~_RST.APRQ_11_0635.1-f0916e587c-wwwlm9hw_09b9f1fd,no_digest,,,0,0,,
,c:\Users\USER\Desktop\CT&RPL\2_Project\KNF_LEU+ 시범연료봉 장전 인허가 과제\2026\2_계산\2_LP\LOW_Fr_MASTER_result\srv199\kit_frontier_runs_fpcamp3_199_~_RST.APRQ_11_0635.1-f4caa64c64-hh2by2ko_55ac8296,no_digest,,,0,0,,
,c:\Users\USER\Desktop\CT&RPL\2_Project\KNF_LEU+ 시범연료봉 장전 인허가 과제\2026\2_계산\2_LP\LOW_Fr_MASTER_result\srv199\kit_frontier_runs_fpcamp3_199_~_RST.APRQ_11_0635.1-f5e8b99967-j887rpm7_aef36249,no_digest,,,0,0,,
,c:\Users\USER\Desktop\CT&RPL\2_Project\KNF_LEU+ 시범연료봉 장전 인허가 과제\2026\2_계산\2_LP\LOW_Fr_MASTER_result\srv199\kit_frontier_runs_fpcamp3_199_~_RST.APRQ_11_0635.1-f879d0bfa8-qn722ygn_6aa2a1d5,no_digest,,,0,0,,
,c:\Users\USER\Desktop\CT&RPL\2_Project\KNF_LEU+ 시범연료봉 장전 인허가 과제\2026\2_계산\2_LP\LOW_Fr_MASTER_result\srv199\kit_frontier_runs_fpcamp3_199_~_RST.APRQ_11_0635.1-fe77bd29af-svtbp7yo_dff57f5d,no_digest,,,0,0,,
,c:\Users\USER\Desktop\CT&RPL\2_Project\KNF_LEU+ 시범연료봉 장전 인허가 과제\2026\2_계산\2_LP\LOW_Fr_MASTER_result\srv199\kit_frontier_runs_fpcamp3_199_~_RST.APRQ_11_0635.1-ffb1eb47a2-ocdfccti_032bc280,no_digest,,,0,0,,
,c:\Users\USER\Desktop\CT&RPL\2_Project\KNF_LEU+ 시범연료봉 장전 인허가 과제\2026\2_계산\2_LP\LOW_Fr_MASTER_result\srv199\kit_frontier_runs_fpcamp3_199_~S_RST.APRQ_11_0635.1-20dfc92d6a-ze_awg4_0e558c9b,no_digest,,,0,0,,
,c:\Users\USER\Desktop\CT&RPL\2_Project\KNF_LEU+ 시범연료봉 장전 인허가 과제\2026\2_계산\2_LP\LOW_Fr_MASTER_result\srv199\kit_frontier_runs_fpcamp3_199_~S_RST.APRQ_11_0635.1-895e50c3d1-kmmo0oy_289327a4,no_digest,,,0,0,,
,c:\Users\USER\Desktop\CT&RPL\2_Project\KNF_LEU+ 시범연료봉 장전 인허가 과제\2026\2_계산\2_LP\LOW_Fr_MASTER_result\srv199\kit_frontier_runs_fpcamp3_199_~S_RST.APRQ_11_0635.1-a85ac6ed7a-huv7rn8_2f75ad49,no_digest,,,0,0,,
,c:\Users\USER\Desktop\CT&RPL\2_Project\KNF_LEU+ 시범연료봉 장전 인허가 과제\2026\2_계산\2_LP\LOW_Fr_MASTER_result\srv199\kit_frontier_runs_fpcamp4_199_~_RST.APRQ_11_0635.1-0689e9d527-7gpqcltf_5af93f17,no_digest,,,0,0,,
,c:\Users\USER\Desktop\CT&RPL\2_Project\KNF_LEU+ 시범연료봉 장전 인허가 과제\2026\2_계산\2_LP\LOW_Fr_MASTER_result\srv199\kit_frontier_runs_fpcamp4_199_~_RST.APRQ_11_0635.1-071fbe3b79-te3n1ju5_131aa6ea,no_digest,,,0,0,,
,c:\Users\USER\Desktop\CT&RPL\2_Project\KNF_LEU+ 시범연료봉 장전 인허가 과제\2026\2_계산\2_LP\LOW_Fr_MASTER_result\srv199\kit_frontier_runs_fpcamp4_199_~_RST.APRQ_11_0635.1-0ec7c6b985-fo7sbto6_d46f5e4c,no_digest,,,0,0,,
,c:\Users\USER\Desktop\CT&RPL\2_Project\KNF_LEU+ 시범연료봉 장전 인허가 과제\2026\2_계산\2_LP\LOW_Fr_MASTER_result\srv199\kit_frontier_runs_fpcamp4_199_~_RST.APRQ_11_0635.1-13704bd171-ovbj_2y1_389076ac,no_mas_sum,,,0,0,,
,c:\Users\USER\Desktop\CT&RPL\2_Project\KNF_LEU+ 시범연료봉 장전 인허가 과제\2026\2_계산\2_LP\LOW_Fr_MASTER_result\srv199\kit_frontier_runs_fpcamp4_199_~_RST.APRQ_11_0635.1-151dcc062c-4z2dbuqu_e5784f08,no_digest,,,0,0,,
,c:\Users\USER\Desktop\CT&RPL\2_Project\KNF_LEU+ 시범연료봉 장전 인허가 과제\2026\2_계산\2_LP\LOW_Fr_MASTER_result\srv199\kit_frontier_runs_fpcamp4_199_~_RST.APRQ_11_0635.1-15c09f1389-fpvybvw8_57055197,no_digest,,,0,0,,
,c:\Users\USER\Desktop\CT&RPL\2_Project\KNF_LEU+ 시범연료봉 장전 인허가 과제\2026\2_계산\2_LP\LOW_Fr_MASTER_result\srv199\kit_frontier_runs_fpcamp4_199_~_RST.APRQ_11_0635.1-19c5a1c794-odu4jw82_ba5409de,no_digest,,,0,0,,
,c:\Users\USER\Desktop\CT&RPL\2_Project\KNF_LEU+ 시범연료봉 장전 인허가 과제\2026\2_계산\2_LP\LOW_Fr_MASTER_result\srv199\kit_frontier_runs_fpcamp4_199_~_RST.APRQ_11_0635.1-1baf5fce7b-aj0ijbbc_7705daab,no_digest,,,0,0,,
,c:\Users\USER\Desktop\CT&RPL\2_Project\KNF_LEU+ 시범연료봉 장전 인허가 과제\2026\2_계산\2_LP\LOW_Fr_MASTER_result\srv199\kit_frontier_runs_fpcamp4_199_~_RST.APRQ_11_0635.1-1bb98251ef-u5upsnas_8dc7499e,no_digest,,,0,0,,
,c:\Users\USER\Desktop\CT&RPL\2_Project\KNF_LEU+ 시범연료봉 장전 인허가 과제\2026\2_계산\2_LP\LOW_Fr_MASTER_result\srv199\kit_frontier_runs_fpcamp4_199_~_RST.APRQ_11_0635.1-1f5ff3f9cf-6aaap56m_410692f9,no_mas_sum,,,0,0,,
,c:\Users\USER\Desktop\CT&RPL\2_Project\KNF_LEU+ 시범연료봉 장전 인허가 과제\2026\2_계산\2_LP\LOW_Fr_MASTER_result\srv199\kit_frontier_runs_fpcamp4_199_~_RST.APRQ_11_0635.1-2547ec2f9e-kwi_qcmy_2b0ff6f5,no_digest,,,0,0,,
,c:\Users\USER\Desktop\CT&RPL\2_Project\KNF_LEU+ 시범연료봉 장전 인허가 과제\2026\2_계산\2_LP\LOW_Fr_MASTER_result\srv199\kit_frontier_runs_fpcamp4_199_~_RST.APRQ_11_0635.1-2766782458-ova424t0_01e7331c,no_digest,,,0,0,,
,c:\Users\USER\Desktop\CT&RPL\2_Project\KNF_LEU+ 시범연료봉 장전 인허가 과제\2026\2_계산\2_LP\LOW_Fr_MASTER_result\srv199\kit_frontier_runs_fpcamp4_199_~_RST.APRQ_11_0635.1-2a4187e659-baump8_k_eeac429d,no_digest,,,0,0,,
,c:\Users\USER\Desktop\CT&RPL\2_Project\KNF_LEU+ 시범연료봉 장전 인허가 과제\2026\2_계산\2_LP\LOW_Fr_MASTER_result\srv199\kit_frontier_runs_fpcamp4_199_~_RST.APRQ_11_0635.1-2b4fd13b56-xetrzo8y_dcd49c3b,no_digest,,,0,0,,
,c:\Users\USER\Desktop\CT&RPL\2_Project\KNF_LEU+ 시범연료봉 장전 인허가 과제\2026\2_계산\2_LP\LOW_Fr_MASTER_result\srv199\kit_frontier_runs_fpcamp4_199_~_RST.APRQ_11_0635.1-2c2754b9b7-x1sw4w30_5eec8855,no_digest,,,0,0,,
,c:\Users\USER\Desktop\CT&RPL\2_Project\KNF_LEU+ 시범연료봉 장전 인허가 과제\2026\2_계산\2_LP\LOW_Fr_MASTER_result\srv199\kit_frontier_runs_fpcamp4_199_~_RST.APRQ_11_0635.1-2cc89fc4f5-zrxjibp9_830a7290,no_digest,,,0,0,,
,c:\Users\USER\Desktop\CT&RPL\2_Project\KNF_LEU+ 시범연료봉 장전 인허가 과제\2026\2_계산\2_LP\LOW_Fr_MASTER_result\srv199\kit_frontier_runs_fpcamp4_199_~_RST.APRQ_11_0635.1-32db961fd2-u2an411f_3b227069,no_digest,,,0,0,,
,c:\Users\USER\Desktop\CT&RPL\2_Project\KNF_LEU+ 시범연료봉 장전 인허가 과제\2026\2_계산\2_LP\LOW_Fr_MASTER_result\srv199\kit_frontier_runs_fpcamp4_199_~_RST.APRQ_11_0635.1-33c98d7543-p0yvytaq_fb4b52e2,no_digest,,,0,0,,
,c:\Users\USER\Desktop\CT&RPL\2_Project\KNF_LEU+ 시범연료봉 장전 인허가 과제\2026\2_계산\2_LP\LOW_Fr_MASTER_result\srv199\kit_frontier_runs_fpcamp4_199_~_RST.APRQ_11_0635.1-3cf6caf7f5-dknckq2y_9f65beda,no_digest,,,0,0,,
,c:\Users\USER\Desktop\CT&RPL\2_Project\KNF_LEU+ 시범연료봉 장전 인허가 과제\2026\2_계산\2_LP\LOW_Fr_MASTER_result\srv199\kit_frontier_runs_fpcamp4_199_~_RST.APRQ_11_0635.1-3e27dc211b-x6srbjwt_b8fc0103,no_digest,,,0,0,,
,c:\Users\USER\Desktop\CT&RPL\2_Project\KNF_LEU+ 시범연료봉 장전 인허가 과제\2026\2_계산\2_LP\LOW_Fr_MASTER_result\srv199\kit_frontier_runs_fpcamp4_199_~_RST.APRQ_11_0635.1-3fac506105-79yila_g_6a770efa,no_digest,,,0,0,,
,c:\Users\USER\Desktop\CT&RPL\2_Project\KNF_LEU+ 시범연료봉 장전 인허가 과제\2026\2_계산\2_LP\LOW_Fr_MASTER_result\srv199\kit_frontier_runs_fpcamp4_199_~_RST.APRQ_11_0635.1-43ef0af6ac-bmb56u8j_404df4fa,no_digest,,,0,0,,
,c:\Users\USER\Desktop\CT&RPL\2_Project\KNF_LEU+ 시범연료봉 장전 인허가 과제\2026\2_계산\2_LP\LOW_Fr_MASTER_result\srv199\kit_frontier_runs_fpcamp4_199_~_RST.APRQ_11_0635.1-47d258c600-4beij_tx_356757ec,no_digest,,,0,0,,
,c:\Users\USER\Desktop\CT&RPL\2_Project\KNF_LEU+ 시범연료봉 장전 인허가 과제\2026\2_계산\2_LP\LOW_Fr_MASTER_result\srv199\kit_frontier_runs_fpcamp4_199_~_RST.APRQ_11_0635.1-49ce01fa9a-qo0n39c9_452c243f,no_digest,,,0,0,,
,c:\Users\USER\Desktop\CT&RPL\2_Project\KNF_LEU+ 시범연료봉 장전 인허가 과제\2026\2_계산\2_LP\LOW_Fr_MASTER_result\srv199\kit_frontier_runs_fpcamp4_199_~_RST.APRQ_11_0635.1-4a0aee111a-vyjyc9xe_e40d2570,no_digest,,,0,0,,
,c:\Users\USER\Desktop\CT&RPL\2_Project\KNF_LEU+ 시범연료봉 장전 인허가 과제\2026\2_계산\2_LP\LOW_Fr_MASTER_result\srv199\kit_frontier_runs_fpcamp4_199_~_RST.APRQ_11_0635.1-4bd5ed13c2-h78aspp4_e7fa5f37,no_digest,,,0,0,,
,c:\Users\USER\Desktop\CT&RPL\2_Project\KNF_LEU+ 시범연료봉 장전 인허가 과제\2026\2_계산\2_LP\LOW_Fr_MASTER_result\srv199\kit_frontier_runs_fpcamp4_199_~_RST.APRQ_11_0635.1-4c5f15de5d-vwaz36nz_a0f9b497,no_digest,,,0,0,,
,c:\Users\USER\Desktop\CT&RPL\2_Project\KNF_LEU+ 시범연료봉 장전 인허가 과제\2026\2_계산\2_LP\LOW_Fr_MASTER_result\srv199\kit_frontier_runs_fpcamp4_199_~_RST.APRQ_11_0635.1-4e8fff3b1e-yjnxzs5n_2330c2a3,no_digest,,,0,0,,
,c:\Users\USER\Desktop\CT&RPL\2_Project\KNF_LEU+ 시범연료봉 장전 인허가 과제\2026\2_계산\2_LP\LOW_Fr_MASTER_result\srv199\kit_frontier_runs_fpcamp4_199_~_RST.APRQ_11_0635.1-4f2ec62025-9v04s93b_63443ed0,no_digest,,,0,0,,
,c:\Users\USER\Desktop\CT&RPL\2_Project\KNF_LEU+ 시범연료봉 장전 인허가 과제\2026\2_계산\2_LP\LOW_Fr_MASTER_result\srv199\kit_frontier_runs_fpcamp4_199_~_RST.APRQ_11_0635.1-50aa78edb4-6dtvgday_44f386f3,no_digest,,,0,0,,
,c:\Users\USER\Desktop\CT&RPL\2_Project\KNF_LEU+ 시범연료봉 장전 인허가 과제\2026\2_계산\2_LP\LOW_Fr_MASTER_result\srv199\kit_frontier_runs_fpcamp4_199_~_RST.APRQ_11_0635.1-5128a2d9c9-vs2_1r6t_ee27640c,no_digest,,,0,0,,
,c:\Users\USER\Desktop\CT&RPL\2_Project\KNF_LEU+ 시범연료봉 장전 인허가 과제\2026\2_계산\2_LP\LOW_Fr_MASTER_result\srv199\kit_frontier_runs_fpcamp4_199_~_RST.APRQ_11_0635.1-52b0ccb13d-3712to1l_62809f10,no_digest,,,0,0,,
,c:\Users\USER\Desktop\CT&RPL\2_Project\KNF_LEU+ 시범연료봉 장전 인허가 과제\2026\2_계산\2_LP\LOW_Fr_MASTER_result\srv199\kit_frontier_runs_fpcamp4_199_~_RST.APRQ_11_0635.1-580aaec219-6uy6mo37_f9344b0d,no_digest,,,0,0,,
,c:\Users\USER\Desktop\CT&RPL\2_Project\KNF_LEU+ 시범연료봉 장전 인허가 과제\2026\2_계산\2_LP\LOW_Fr_MASTER_result\srv199\kit_frontier_runs_fpcamp4_199_~_RST.APRQ_11_0635.1-581e9ebef5-dw53mdaa_236bbb32,no_digest,,,0,0,,
,c:\Users\USER\Desktop\CT&RPL\2_Project\KNF_LEU+ 시범연료봉 장전 인허가 과제\2026\2_계산\2_LP\LOW_Fr_MASTER_result\srv199\kit_frontier_runs_fpcamp4_199_~_RST.APRQ_11_0635.1-594d30f505-lo10xdrw_4143f7bf,no_digest,,,0,0,,
,c:\Users\USER\Desktop\CT&RPL\2_Project\KNF_LEU+ 시범연료봉 장전 인허가 과제\2026\2_계산\2_LP\LOW_Fr_MASTER_result\srv199\kit_frontier_runs_fpcamp4_199_~_RST.APRQ_11_0635.1-5a45712637-g6e2d6tr_31697ac9,no_digest,,,0,0,,
,c:\Users\USER\Desktop\CT&RPL\2_Project\KNF_LEU+ 시범연료봉 장전 인허가 과제\2026\2_계산\2_LP\LOW_Fr_MASTER_result\srv199\kit_frontier_runs_fpcamp4_199_~_RST.APRQ_11_0635.1-5c7300367d-91e_f33q_3dbb2dcb,no_digest,,,0,0,,
,c:\Users\USER\Desktop\CT&RPL\2_Project\KNF_LEU+ 시범연료봉 장전 인허가 과제\2026\2_계산\2_LP\LOW_Fr_MASTER_result\srv199\kit_frontier_runs_fpcamp4_199_~_RST.APRQ_11_0635.1-5cd3cf5f34-g3yox_hf_96f01cd0,no_digest,,,0,0,,
,c:\Users\USER\Desktop\CT&RPL\2_Project\KNF_LEU+ 시범연료봉 장전 인허가 과제\2026\2_계산\2_LP\LOW_Fr_MASTER_result\srv199\kit_frontier_runs_fpcamp4_199_~_RST.APRQ_11_0635.1-5cea85904f-8um11qjk_fe1ab632,no_digest,,,0,0,,
,c:\Users\USER\Desktop\CT&RPL\2_Project\KNF_LEU+ 시범연료봉 장전 인허가 과제\2026\2_계산\2_LP\LOW_Fr_MASTER_result\srv199\kit_frontier_runs_fpcamp4_199_~_RST.APRQ_11_0635.1-6340adf76b-w_f0vltp_0f0da4ac,no_digest,,,0,0,,
,c:\Users\USER\Desktop\CT&RPL\2_Project\KNF_LEU+ 시범연료봉 장전 인허가 과제\2026\2_계산\2_LP\LOW_Fr_MASTER_result\srv199\kit_frontier_runs_fpcamp4_199_~_RST.APRQ_11_0635.1-63c1763972-v9cgb9gt_62c46e0b,no_digest,,,0,0,,
,c:\Users\USER\Desktop\CT&RPL\2_Project\KNF_LEU+ 시범연료봉 장전 인허가 과제\2026\2_계산\2_LP\LOW_Fr_MASTER_result\srv199\kit_frontier_runs_fpcamp4_199_~_RST.APRQ_11_0635.1-6de8009a7a-knjxd51f_c834bd7c,no_digest,,,0,0,,
,c:\Users\USER\Desktop\CT&RPL\2_Project\KNF_LEU+ 시범연료봉 장전 인허가 과제\2026\2_계산\2_LP\LOW_Fr_MASTER_result\srv199\kit_frontier_runs_fpcamp4_199_~_RST.APRQ_11_0635.1-71dc726baa-x0rs1be8_a47d7153,no_digest,,,0,0,,
,c:\Users\USER\Desktop\CT&RPL\2_Project\KNF_LEU+ 시범연료봉 장전 인허가 과제\2026\2_계산\2_LP\LOW_Fr_MASTER_result\srv199\kit_frontier_runs_fpcamp4_199_~_RST.APRQ_11_0635.1-79ebcc6bb9-qfnswf_f_0d06d8ae,no_digest,,,0,0,,
,c:\Users\USER\Desktop\CT&RPL\2_Project\KNF_LEU+ 시범연료봉 장전 인허가 과제\2026\2_계산\2_LP\LOW_Fr_MASTER_result\srv199\kit_frontier_runs_fpcamp4_199_~_RST.APRQ_11_0635.1-7e20131159-ekwwntv0_b30ce853,no_digest,,,0,0,,
,c:\Users\USER\Desktop\CT&RPL\2_Project\KNF_LEU+ 시범연료봉 장전 인허가 과제\2026\2_계산\2_LP\LOW_Fr_MASTER_result\srv199\kit_frontier_runs_fpcamp4_199_~_RST.APRQ_11_0635.1-8177e80225-shn7m3_7_3512b1d7,no_digest,,,0,0,,
,c:\Users\USER\Desktop\CT&RPL\2_Project\KNF_LEU+ 시범연료봉 장전 인허가 과제\2026\2_계산\2_LP\LOW_Fr_MASTER_result\srv199\kit_frontier_runs_fpcamp4_199_~_RST.APRQ_11_0635.1-8436c1cdc9-devj14zo_c5f51468,no_digest,,,0,0,,
,c:\Users\USER\Desktop\CT&RPL\2_Project\KNF_LEU+ 시범연료봉 장전 인허가 과제\2026\2_계산\2_LP\LOW_Fr_MASTER_result\srv199\kit_frontier_runs_fpcamp4_199_~_RST.APRQ_11_0635.1-85f882e495-f6_e536a_a6876b2a,no_digest,,,0,0,,
,c:\Users\USER\Desktop\CT&RPL\2_Project\KNF_LEU+ 시범연료봉 장전 인허가 과제\2026\2_계산\2_LP\LOW_Fr_MASTER_result\srv199\kit_frontier_runs_fpcamp4_199_~_RST.APRQ_11_0635.1-8cbc3a503c-z2vdsnqw_b010d4a1,no_digest,,,0,0,,
,c:\Users\USER\Desktop\CT&RPL\2_Project\KNF_LEU+ 시범연료봉 장전 인허가 과제\2026\2_계산\2_LP\LOW_Fr_MASTER_result\srv199\kit_frontier_runs_fpcamp4_199_~_RST.APRQ_11_0635.1-93268060d7-e11qatdk_780fec96,no_digest,,,0,0,,
,c:\Users\USER\Desktop\CT&RPL\2_Project\KNF_LEU+ 시범연료봉 장전 인허가 과제\2026\2_계산\2_LP\LOW_Fr_MASTER_result\srv199\kit_frontier_runs_fpcamp4_199_~_RST.APRQ_11_0635.1-95d6025e26-o4xigl1b_ebd64bcb,no_digest,,,0,0,,
,c:\Users\USER\Desktop\CT&RPL\2_Project\KNF_LEU+ 시범연료봉 장전 인허가 과제\2026\2_계산\2_LP\LOW_Fr_MASTER_result\srv199\kit_frontier_runs_fpcamp4_199_~_RST.APRQ_11_0635.1-9a57be21b7-z8c7im_3_51e50f7b,no_digest,,,0,0,,
,c:\Users\USER\Desktop\CT&RPL\2_Project\KNF_LEU+ 시범연료봉 장전 인허가 과제\2026\2_계산\2_LP\LOW_Fr_MASTER_result\srv199\kit_frontier_runs_fpcamp4_199_~_RST.APRQ_11_0635.1-a04972c2cd-bhbun54g_b738487a,no_digest,,,0,0,,
,c:\Users\USER\Desktop\CT&RPL\2_Project\KNF_LEU+ 시범연료봉 장전 인허가 과제\2026\2_계산\2_LP\LOW_Fr_MASTER_result\srv199\kit_frontier_runs_fpcamp4_199_~_RST.APRQ_11_0635.1-a5fefef5a5-xw4z2sph_47b9d19b,no_digest,,,0,0,,
,c:\Users\USER\Desktop\CT&RPL\2_Project\KNF_LEU+ 시범연료봉 장전 인허가 과제\2026\2_계산\2_LP\LOW_Fr_MASTER_result\srv199\kit_frontier_runs_fpcamp4_199_~_RST.APRQ_11_0635.1-a7b4088445-mrtg76yk_cc67386e,no_digest,,,0,0,,
,c:\Users\USER\Desktop\CT&RPL\2_Project\KNF_LEU+ 시범연료봉 장전 인허가 과제\2026\2_계산\2_LP\LOW_Fr_MASTER_result\srv199\kit_frontier_runs_fpcamp4_199_~_RST.APRQ_11_0635.1-aa6a195a47-yji82bbh_072f3428,no_digest,,,0,0,,
,c:\Users\USER\Desktop\CT&RPL\2_Project\KNF_LEU+ 시범연료봉 장전 인허가 과제\2026\2_계산\2_LP\LOW_Fr_MASTER_result\srv199\kit_frontier_runs_fpcamp4_199_~_RST.APRQ_11_0635.1-acf3604e75-5bswysu6_1534adcc,no_digest,,,0,0,,
,c:\Users\USER\Desktop\CT&RPL\2_Project\KNF_LEU+ 시범연료봉 장전 인허가 과제\2026\2_계산\2_LP\LOW_Fr_MASTER_result\srv199\kit_frontier_runs_fpcamp4_199_~_RST.APRQ_11_0635.1-af0b1d2766-wj5bb7vz_b5cdd20f,no_digest,,,0,0,,
,c:\Users\USER\Desktop\CT&RPL\2_Project\KNF_LEU+ 시범연료봉 장전 인허가 과제\2026\2_계산\2_LP\LOW_Fr_MASTER_result\srv199\kit_frontier_runs_fpcamp4_199_~_RST.APRQ_11_0635.1-b0b4fdf6d9-0xxwdds3_dfd3eae4,no_digest,,,0,0,,
,c:\Users\USER\Desktop\CT&RPL\2_Project\KNF_LEU+ 시범연료봉 장전 인허가 과제\2026\2_계산\2_LP\LOW_Fr_MASTER_result\srv199\kit_frontier_runs_fpcamp4_199_~_RST.APRQ_11_0635.1-b2c7f82a65-eindgy9v_f35394ce,no_digest,,,0,0,,
,c:\Users\USER\Desktop\CT&RPL\2_Project\KNF_LEU+ 시범연료봉 장전 인허가 과제\2026\2_계산\2_LP\LOW_Fr_MASTER_result\srv199\kit_frontier_runs_fpcamp4_199_~_RST.APRQ_11_0635.1-b6d09addfe-gyhoyd8m_551117ce,no_digest,,,0,0,,
,c:\Users\USER\Desktop\CT&RPL\2_Project\KNF_LEU+ 시범연료봉 장전 인허가 과제\2026\2_계산\2_LP\LOW_Fr_MASTER_result\srv199\kit_frontier_runs_fpcamp4_199_~_RST.APRQ_11_0635.1-b7b32bdd02-tzng_dt2_e4a89c57,no_digest,,,0,0,,
,c:\Users\USER\Desktop\CT&RPL\2_Project\KNF_LEU+ 시범연료봉 장전 인허가 과제\2026\2_계산\2_LP\LOW_Fr_MASTER_result\srv199\kit_frontier_runs_fpcamp4_199_~_RST.APRQ_11_0635.1-bb33a7a5e9-hjvt6wli_5ed90b7c,no_digest,,,0,0,,
,c:\Users\USER\Desktop\CT&RPL\2_Project\KNF_LEU+ 시범연료봉 장전 인허가 과제\2026\2_계산\2_LP\LOW_Fr_MASTER_result\srv199\kit_frontier_runs_fpcamp4_199_~_RST.APRQ_11_0635.1-be8baab1cd-ifq7bo3e_41814bfd,no_digest,,,0,0,,
,c:\Users\USER\Desktop\CT&RPL\2_Project\KNF_LEU+ 시범연료봉 장전 인허가 과제\2026\2_계산\2_LP\LOW_Fr_MASTER_result\srv199\kit_frontier_runs_fpcamp4_199_~_RST.APRQ_11_0635.1-c76ce3d9fe-86vuk78m_9156d501,no_digest,,,0,0,,
,c:\Users\USER\Desktop\CT&RPL\2_Project\KNF_LEU+ 시범연료봉 장전 인허가 과제\2026\2_계산\2_LP\LOW_Fr_MASTER_result\srv199\kit_frontier_runs_fpcamp4_199_~_RST.APRQ_11_0635.1-c8153d0f2e-agrh_au0_22fa6a31,no_digest,,,0,0,,
,c:\Users\USER\Desktop\CT&RPL\2_Project\KNF_LEU+ 시범연료봉 장전 인허가 과제\2026\2_계산\2_LP\LOW_Fr_MASTER_result\srv199\kit_frontier_runs_fpcamp4_199_~_RST.APRQ_11_0635.1-ca3eb8d481-c9qk6xoe_999205ac,no_digest,,,0,0,,
,c:\Users\USER\Desktop\CT&RPL\2_Project\KNF_LEU+ 시범연료봉 장전 인허가 과제\2026\2_계산\2_LP\LOW_Fr_MASTER_result\srv199\kit_frontier_runs_fpcamp4_199_~_RST.APRQ_11_0635.1-ca927bdd02-2h076s96_fe0caf15,no_digest,,,0,0,,
,c:\Users\USER\Desktop\CT&RPL\2_Project\KNF_LEU+ 시범연료봉 장전 인허가 과제\2026\2_계산\2_LP\LOW_Fr_MASTER_result\srv199\kit_frontier_runs_fpcamp4_199_~_RST.APRQ_11_0635.1-cc6fd7775f-xfvrho_j_2d825587,no_digest,,,0,0,,
,c:\Users\USER\Desktop\CT&RPL\2_Project\KNF_LEU+ 시범연료봉 장전 인허가 과제\2026\2_계산\2_LP\LOW_Fr_MASTER_result\srv199\kit_frontier_runs_fpcamp4_199_~_RST.APRQ_11_0635.1-cd0a38b4c2-w7yx1uff_7e9f9cff,no_digest,,,0,0,,
,c:\Users\USER\Desktop\CT&RPL\2_Project\KNF_LEU+ 시범연료봉 장전 인허가 과제\2026\2_계산\2_LP\LOW_Fr_MASTER_result\srv199\kit_frontier_runs_fpcamp4_199_~_RST.APRQ_11_0635.1-d0a0a903c5-o38pf35g_b5e4546b,no_digest,,,0,0,,
,c:\Users\USER\Desktop\CT&RPL\2_Project\KNF_LEU+ 시범연료봉 장전 인허가 과제\2026\2_계산\2_LP\LOW_Fr_MASTER_result\srv199\kit_frontier_runs_fpcamp4_199_~_RST.APRQ_11_0635.1-d1e021d19c-i8gtmqnz_58b5abab,no_digest,,,0,0,,
,c:\Users\USER\Desktop\CT&RPL\2_Project\KNF_LEU+ 시범연료봉 장전 인허가 과제\2026\2_계산\2_LP\LOW_Fr_MASTER_result\srv199\kit_frontier_runs_fpcamp4_199_~_RST.APRQ_11_0635.1-d2de56ec9a-acql1fd9_da79c133,no_digest,,,0,0,,
,c:\Users\USER\Desktop\CT&RPL\2_Project\KNF_LEU+ 시범연료봉 장전 인허가 과제\2026\2_계산\2_LP\LOW_Fr_MASTER_result\srv199\kit_frontier_runs_fpcamp4_199_~_RST.APRQ_11_0635.1-d391fb5dc1-iglzcy5b_8737f36e,no_digest,,,0,0,,
,c:\Users\USER\Desktop\CT&RPL\2_Project\KNF_LEU+ 시범연료봉 장전 인허가 과제\2026\2_계산\2_LP\LOW_Fr_MASTER_result\srv199\kit_frontier_runs_fpcamp4_199_~_RST.APRQ_11_0635.1-d3f3dfd446-eb11y8ff_55c1523e,no_digest,,,0,0,,
,c:\Users\USER\Desktop\CT&RPL\2_Project\KNF_LEU+ 시범연료봉 장전 인허가 과제\2026\2_계산\2_LP\LOW_Fr_MASTER_result\srv199\kit_frontier_runs_fpcamp4_199_~_RST.APRQ_11_0635.1-d5db317ee7-iw70x798_fee696e3,no_digest,,,0,0,,
,c:\Users\USER\Desktop\CT&RPL\2_Project\KNF_LEU+ 시범연료봉 장전 인허가 과제\2026\2_계산\2_LP\LOW_Fr_MASTER_result\srv199\kit_frontier_runs_fpcamp4_199_~_RST.APRQ_11_0635.1-d75b1f4abf-m4qoenbk_0ffae677,no_digest,,,0,0,,
,c:\Users\USER\Desktop\CT&RPL\2_Project\KNF_LEU+ 시범연료봉 장전 인허가 과제\2026\2_계산\2_LP\LOW_Fr_MASTER_result\srv199\kit_frontier_runs_fpcamp4_199_~_RST.APRQ_11_0635.1-d788d8e37f-jhz2j54z_4cbf184f,no_digest,,,0,0,,
,c:\Users\USER\Desktop\CT&RPL\2_Project\KNF_LEU+ 시범연료봉 장전 인허가 과제\2026\2_계산\2_LP\LOW_Fr_MASTER_result\srv199\kit_frontier_runs_fpcamp4_199_~_RST.APRQ_11_0635.1-d8c9d3c24e-6v4bci82_5549f6d4,no_digest,,,0,0,,
,c:\Users\USER\Desktop\CT&RPL\2_Project\KNF_LEU+ 시범연료봉 장전 인허가 과제\2026\2_계산\2_LP\LOW_Fr_MASTER_result\srv199\kit_frontier_runs_fpcamp4_199_~_RST.APRQ_11_0635.1-d8eac93c5e-qo8ro_p0_ff2ecf99,no_digest,,,0,0,,
,c:\Users\USER\Desktop\CT&RPL\2_Project\KNF_LEU+ 시범연료봉 장전 인허가 과제\2026\2_계산\2_LP\LOW_Fr_MASTER_result\srv199\kit_frontier_runs_fpcamp4_199_~_RST.APRQ_11_0635.1-db3281f5f5-g8759ta9_19ee46dc,no_digest,,,0,0,,
,c:\Users\USER\Desktop\CT&RPL\2_Project\KNF_LEU+ 시범연료봉 장전 인허가 과제\2026\2_계산\2_LP\LOW_Fr_MASTER_result\srv199\kit_frontier_runs_fpcamp4_199_~_RST.APRQ_11_0635.1-dbf19006bd-hcuxova9_43b4a13f,no_digest,,,0,0,,
,c:\Users\USER\Desktop\CT&RPL\2_Project\KNF_LEU+ 시범연료봉 장전 인허가 과제\2026\2_계산\2_LP\LOW_Fr_MASTER_result\srv199\kit_frontier_runs_fpcamp4_199_~_RST.APRQ_11_0635.1-de81d70f3c-wwcvo2mz_990eef17,no_digest,,,0,0,,
,c:\Users\USER\Desktop\CT&RPL\2_Project\KNF_LEU+ 시범연료봉 장전 인허가 과제\2026\2_계산\2_LP\LOW_Fr_MASTER_result\srv199\kit_frontier_runs_fpcamp4_199_~_RST.APRQ_11_0635.1-e861c1e743-rusatbhh_e9fef61f,no_digest,,,0,0,,
,c:\Users\USER\Desktop\CT&RPL\2_Project\KNF_LEU+ 시범연료봉 장전 인허가 과제\2026\2_계산\2_LP\LOW_Fr_MASTER_result\srv199\kit_frontier_runs_fpcamp4_199_~_RST.APRQ_11_0635.1-e8d9cdb4ee-x9gthm14_9be39dc5,no_digest,,,0,0,,
,c:\Users\USER\Desktop\CT&RPL\2_Project\KNF_LEU+ 시범연료봉 장전 인허가 과제\2026\2_계산\2_LP\LOW_Fr_MASTER_result\srv199\kit_frontier_runs_fpcamp4_199_~_RST.APRQ_11_0635.1-ea038e7455-u6hiaq_c_838ac4a6,no_digest,,,0,0,,
,c:\Users\USER\Desktop\CT&RPL\2_Project\KNF_LEU+ 시범연료봉 장전 인허가 과제\2026\2_계산\2_LP\LOW_Fr_MASTER_result\srv199\kit_frontier_runs_fpcamp4_199_~_RST.APRQ_11_0635.1-ebe7302959-40w0h1x9_3150e9da,no_digest,,,0,0,,
,c:\Users\USER\Desktop\CT&RPL\2_Project\KNF_LEU+ 시범연료봉 장전 인허가 과제\2026\2_계산\2_LP\LOW_Fr_MASTER_result\srv199\kit_frontier_runs_fpcamp4_199_~_RST.APRQ_11_0635.1-ec4e19bacb-tyrj0e_y_faf310a0,no_digest,,,0,0,,
,c:\Users\USER\Desktop\CT&RPL\2_Project\KNF_LEU+ 시범연료봉 장전 인허가 과제\2026\2_계산\2_LP\LOW_Fr_MASTER_result\srv199\kit_frontier_runs_fpcamp4_199_~_RST.APRQ_11_0635.1-efc8d157c4-7svnm0i0_e0f1cdf8,no_digest,,,0,0,,
,c:\Users\USER\Desktop\CT&RPL\2_Project\KNF_LEU+ 시범연료봉 장전 인허가 과제\2026\2_계산\2_LP\LOW_Fr_MASTER_result\srv199\kit_frontier_runs_fpcamp4_199_~_RST.APRQ_11_0635.1-f4616bf57f-1b3iycon_d38d22b3,no_mas_sum,,,0,0,,
,c:\Users\USER\Desktop\CT&RPL\2_Project\KNF_LEU+ 시범연료봉 장전 인허가 과제\2026\2_계산\2_LP\LOW_Fr_MASTER_result\srv199\kit_frontier_runs_fpcamp4_199_~_RST.APRQ_11_0635.1-f6cca68fff-fm6h1p2j_b2e7a9f1,no_digest,,,0,0,,
,c:\Users\USER\Desktop\CT&RPL\2_Project\KNF_LEU+ 시범연료봉 장전 인허가 과제\2026\2_계산\2_LP\LOW_Fr_MASTER_result\srv199\kit_frontier_runs_fpcamp4_199_~_RST.APRQ_11_0635.1-f6dfbad27e-g31g9jxg_d565c550,no_digest,,,0,0,,
,c:\Users\USER\Desktop\CT&RPL\2_Project\KNF_LEU+ 시범연료봉 장전 인허가 과제\2026\2_계산\2_LP\LOW_Fr_MASTER_result\srv199\kit_frontier_runs_fpcamp4_199_~_RST.APRQ_11_0635.1-fbcf6f087d-lqzx2vnf_c1773598,no_digest,,,0,0,,
,c:\Users\USER\Desktop\CT&RPL\2_Project\KNF_LEU+ 시범연료봉 장전 인허가 과제\2026\2_계산\2_LP\LOW_Fr_MASTER_result\srv199\kit_frontier_runs_fpcamp4_199_~_RST.APRQ_11_0635.1-fc8e531019-4q7st8dw_f523ec6a,no_digest,,,0,0,,
,c:\Users\USER\Desktop\CT&RPL\2_Project\KNF_LEU+ 시범연료봉 장전 인허가 과제\2026\2_계산\2_LP\LOW_Fr_MASTER_result\srv199\kit_frontier_runs_fpcamp4_199_~_RST.APRQ_11_0635.1-fe4927c378-8ehz0hx4_29c9e5f2,no_digest,,,0,0,,
,c:\Users\USER\Desktop\CT&RPL\2_Project\KNF_LEU+ 시범연료봉 장전 인허가 과제\2026\2_계산\2_LP\LOW_Fr_MASTER_result\srv199\kit_frontier_runs_fpcamp4_199_~S_RST.APRQ_11_0635.1-0798223237-z_710p6_8488bc2e,no_digest,,,0,0,,
,c:\Users\USER\Desktop\CT&RPL\2_Project\KNF_LEU+ 시범연료봉 장전 인허가 과제\2026\2_계산\2_LP\LOW_Fr_MASTER_result\srv199\kit_frontier_runs_fpcamp4_199_~S_RST.APRQ_11_0635.1-352e7d38c0-h_d_190_20c4d69f,no_digest,,,0,0,,
,c:\Users\USER\Desktop\CT&RPL\2_Project\KNF_LEU+ 시범연료봉 장전 인허가 과제\2026\2_계산\2_LP\LOW_Fr_MASTER_result\srv199\kit_frontier_runs_fpcamp4_199_~S_RST.APRQ_11_0635.1-374510fda4-6md4odl_89ee52d3,no_digest,,,0,0,,
,c:\Users\USER\Desktop\CT&RPL\2_Project\KNF_LEU+ 시범연료봉 장전 인허가 과제\2026\2_계산\2_LP\LOW_Fr_MASTER_result\srv199\kit_frontier_runs_fpcamp4_199_~S_RST.APRQ_11_0635.1-8ebf334dfc-lzd9ka3_4618d383,no_digest,,,0,0,,
,c:\Users\USER\Desktop\CT&RPL\2_Project\KNF_LEU+ 시범연료봉 장전 인허가 과제\2026\2_계산\2_LP\LOW_Fr_MASTER_result\srv199\kit_frontier_runs_fpcamp4_199_~S_RST.APRQ_11_0635.1-a631b510df-_9etrim_1be2e5a4,no_digest,,,0,0,,
,c:\Users\USER\Desktop\CT&RPL\2_Project\KNF_LEU+ 시범연료봉 장전 인허가 과제\2026\2_계산\2_LP\LOW_Fr_MASTER_result\srv199\kit_frontier_runs_fpcamp4_199_~S_RST.APRQ_11_0635.1-d1982e4e88-fzlutft_258636bd,no_digest,,,0,0,,
,c:\Users\USER\Desktop\CT&RPL\2_Project\KNF_LEU+ 시범연료봉 장전 인허가 과제\2026\2_계산\2_LP\LOW_Fr_MASTER_result\srv199\kit_frontier_runs_fpcamp5_j5j6~_RST.APRQ_11_0638.1-00e0f12117-_75o9k33_e767788f,no_digest,,,0,0,,
,c:\Users\USER\Desktop\CT&RPL\2_Project\KNF_LEU+ 시범연료봉 장전 인허가 과제\2026\2_계산\2_LP\LOW_Fr_MASTER_result\srv199\kit_frontier_runs_fpcamp5_j5j6~_RST.APRQ_11_0638.1-0422385cf7-b2u3pfav_0f7371bb,no_digest,,,0,0,,
,c:\Users\USER\Desktop\CT&RPL\2_Project\KNF_LEU+ 시범연료봉 장전 인허가 과제\2026\2_계산\2_LP\LOW_Fr_MASTER_result\srv199\kit_frontier_runs_fpcamp5_j5j6~_RST.APRQ_11_0638.1-052a037a63-v3jwwd8v_9de8cead,no_digest,,,0,0,,
,c:\Users\USER\Desktop\CT&RPL\2_Project\KNF_LEU+ 시범연료봉 장전 인허가 과제\2026\2_계산\2_LP\LOW_Fr_MASTER_result\srv199\kit_frontier_runs_fpcamp5_j5j6~_RST.APRQ_11_0638.1-078fcdd1d1-uvk34im3_7545628c,no_digest,,,0,0,,
,c:\Users\USER\Desktop\CT&RPL\2_Project\KNF_LEU+ 시범연료봉 장전 인허가 과제\2026\2_계산\2_LP\LOW_Fr_MASTER_result\srv199\kit_frontier_runs_fpcamp5_j5j6~_RST.APRQ_11_0638.1-0d06218a20-6lk_a1to_4d2994ba,no_digest,,,0,0,,
,c:\Users\USER\Desktop\CT&RPL\2_Project\KNF_LEU+ 시범연료봉 장전 인허가 과제\2026\2_계산\2_LP\LOW_Fr_MASTER_result\srv199\kit_frontier_runs_fpcamp5_j5j6~_RST.APRQ_11_0638.1-1046aaf697-q4g4ass1_89b958c6,no_digest,,,0,0,,
,c:\Users\USER\Desktop\CT&RPL\2_Project\KNF_LEU+ 시범연료봉 장전 인허가 과제\2026\2_계산\2_LP\LOW_Fr_MASTER_result\srv199\kit_frontier_runs_fpcamp5_j5j6~_RST.APRQ_11_0638.1-114f4e5022-lu_2o419_5ce4b46f,no_digest,,,0,0,,
,c:\Users\USER\Desktop\CT&RPL\2_Project\KNF_LEU+ 시범연료봉 장전 인허가 과제\2026\2_계산\2_LP\LOW_Fr_MASTER_result\srv199\kit_frontier_runs_fpcamp5_j5j6~_RST.APRQ_11_0638.1-141f652541-8m6q9it4_21be219c,no_digest,,,0,0,,
,c:\Users\USER\Desktop\CT&RPL\2_Project\KNF_LEU+ 시범연료봉 장전 인허가 과제\2026\2_계산\2_LP\LOW_Fr_MASTER_result\srv199\kit_frontier_runs_fpcamp5_j5j6~_RST.APRQ_11_0638.1-1e44822bbf-hgmr4k15_07169cb6,no_digest,,,0,0,,
,c:\Users\USER\Desktop\CT&RPL\2_Project\KNF_LEU+ 시범연료봉 장전 인허가 과제\2026\2_계산\2_LP\LOW_Fr_MASTER_result\srv199\kit_frontier_runs_fpcamp5_j5j6~_RST.APRQ_11_0638.1-222419fc0a-3sow07qf_841e7444,no_digest,,,0,0,,
,c:\Users\USER\Desktop\CT&RPL\2_Project\KNF_LEU+ 시범연료봉 장전 인허가 과제\2026\2_계산\2_LP\LOW_Fr_MASTER_result\srv199\kit_frontier_runs_fpcamp5_j5j6~_RST.APRQ_11_0638.1-24fdce09a7-b5mltis5_0ea4ee6f,no_digest,,,0,0,,
,c:\Users\USER\Desktop\CT&RPL\2_Project\KNF_LEU+ 시범연료봉 장전 인허가 과제\2026\2_계산\2_LP\LOW_Fr_MASTER_result\srv199\kit_frontier_runs_fpcamp5_j5j6~_RST.APRQ_11_0638.1-2535acff92-bamdp6if_4dc1007c,no_digest,,,0,0,,
,c:\Users\USER\Desktop\CT&RPL\2_Project\KNF_LEU+ 시범연료봉 장전 인허가 과제\2026\2_계산\2_LP\LOW_Fr_MASTER_result\srv199\kit_frontier_runs_fpcamp5_j5j6~_RST.APRQ_11_0638.1-25edd03700-ovnkvtah_8a0789d8,no_digest,,,0,0,,
,c:\Users\USER\Desktop\CT&RPL\2_Project\KNF_LEU+ 시범연료봉 장전 인허가 과제\2026\2_계산\2_LP\LOW_Fr_MASTER_result\srv199\kit_frontier_runs_fpcamp5_j5j6~_RST.APRQ_11_0638.1-264484bd82-e3cc0jg7_b6f996ec,no_digest,,,0,0,,
,c:\Users\USER\Desktop\CT&RPL\2_Project\KNF_LEU+ 시범연료봉 장전 인허가 과제\2026\2_계산\2_LP\LOW_Fr_MASTER_result\srv199\kit_frontier_runs_fpcamp5_j5j6~_RST.APRQ_11_0638.1-2c241c6e79-v6_830hz_1054e0d8,no_digest,,,0,0,,
,c:\Users\USER\Desktop\CT&RPL\2_Project\KNF_LEU+ 시범연료봉 장전 인허가 과제\2026\2_계산\2_LP\LOW_Fr_MASTER_result\srv199\kit_frontier_runs_fpcamp5_j5j6~_RST.APRQ_11_0638.1-2de84eda49-_tup1vmw_fcca69f2,no_digest,,,0,0,,
,c:\Users\USER\Desktop\CT&RPL\2_Project\KNF_LEU+ 시범연료봉 장전 인허가 과제\2026\2_계산\2_LP\LOW_Fr_MASTER_result\srv199\kit_frontier_runs_fpcamp5_j5j6~_RST.APRQ_11_0638.1-32396e08aa-07u4q28h_e7a1d400,no_digest,,,0,0,,
,c:\Users\USER\Desktop\CT&RPL\2_Project\KNF_LEU+ 시범연료봉 장전 인허가 과제\2026\2_계산\2_LP\LOW_Fr_MASTER_result\srv199\kit_frontier_runs_fpcamp5_j5j6~_RST.APRQ_11_0638.1-40337c1be8-xemszlb0_8b7f2646,no_digest,,,0,0,,
,c:\Users\USER\Desktop\CT&RPL\2_Project\KNF_LEU+ 시범연료봉 장전 인허가 과제\2026\2_계산\2_LP\LOW_Fr_MASTER_result\srv199\kit_frontier_runs_fpcamp5_j5j6~_RST.APRQ_11_0638.1-411a882c36-7albpgxf_724af278,no_digest,,,0,0,,
,c:\Users\USER\Desktop\CT&RPL\2_Project\KNF_LEU+ 시범연료봉 장전 인허가 과제\2026\2_계산\2_LP\LOW_Fr_MASTER_result\srv199\kit_frontier_runs_fpcamp5_j5j6~_RST.APRQ_11_0638.1-44432904d2-uza6q4bq_06ef6332,no_digest,,,0,0,,
,c:\Users\USER\Desktop\CT&RPL\2_Project\KNF_LEU+ 시범연료봉 장전 인허가 과제\2026\2_계산\2_LP\LOW_Fr_MASTER_result\srv199\kit_frontier_runs_fpcamp5_j5j6~_RST.APRQ_11_0638.1-47378c5f5b-rswtj77f_a3f3a2eb,no_digest,,,0,0,,
,c:\Users\USER\Desktop\CT&RPL\2_Project\KNF_LEU+ 시범연료봉 장전 인허가 과제\2026\2_계산\2_LP\LOW_Fr_MASTER_result\srv199\kit_frontier_runs_fpcamp5_j5j6~_RST.APRQ_11_0638.1-493e82907d-w8a5l8lz_6040b632,no_digest,,,0,0,,
,c:\Users\USER\Desktop\CT&RPL\2_Project\KNF_LEU+ 시범연료봉 장전 인허가 과제\2026\2_계산\2_LP\LOW_Fr_MASTER_result\srv199\kit_frontier_runs_fpcamp5_j5j6~_RST.APRQ_11_0638.1-4bc182ba3f-2drg55bp_942b7db1,no_digest,,,0,0,,
,c:\Users\USER\Desktop\CT&RPL\2_Project\KNF_LEU+ 시범연료봉 장전 인허가 과제\2026\2_계산\2_LP\LOW_Fr_MASTER_result\srv199\kit_frontier_runs_fpcamp5_j5j6~_RST.APRQ_11_0638.1-4e6e8afc26-rjf15a0y_097bc13c,no_digest,,,0,0,,
,c:\Users\USER\Desktop\CT&RPL\2_Project\KNF_LEU+ 시범연료봉 장전 인허가 과제\2026\2_계산\2_LP\LOW_Fr_MASTER_result\srv199\kit_frontier_runs_fpcamp5_j5j6~_RST.APRQ_11_0638.1-4e9cc6d685-ky4mqccl_7e4b5c8d,no_mas_sum,,,0,0,,
,c:\Users\USER\Desktop\CT&RPL\2_Project\KNF_LEU+ 시범연료봉 장전 인허가 과제\2026\2_계산\2_LP\LOW_Fr_MASTER_result\srv199\kit_frontier_runs_fpcamp5_j5j6~_RST.APRQ_11_0638.1-50e3886777-ck1s22wy_7e401d59,no_digest,,,0,0,,
,c:\Users\USER\Desktop\CT&RPL\2_Project\KNF_LEU+ 시범연료봉 장전 인허가 과제\2026\2_계산\2_LP\LOW_Fr_MASTER_result\srv199\kit_frontier_runs_fpcamp5_j5j6~_RST.APRQ_11_0638.1-52064c92b7-b5rrd051_3f510ace,no_digest,,,0,0,,
,c:\Users\USER\Desktop\CT&RPL\2_Project\KNF_LEU+ 시범연료봉 장전 인허가 과제\2026\2_계산\2_LP\LOW_Fr_MASTER_result\srv199\kit_frontier_runs_fpcamp5_j5j6~_RST.APRQ_11_0638.1-54e8b6687c-lmf9jqay_a86e42a6,no_digest,,,0,0,,
,c:\Users\USER\Desktop\CT&RPL\2_Project\KNF_LEU+ 시범연료봉 장전 인허가 과제\2026\2_계산\2_LP\LOW_Fr_MASTER_result\srv199\kit_frontier_runs_fpcamp5_j5j6~_RST.APRQ_11_0638.1-5844bdfad7-xyo64gnl_ac925fc6,no_digest,,,0,0,,
,c:\Users\USER\Desktop\CT&RPL\2_Project\KNF_LEU+ 시범연료봉 장전 인허가 과제\2026\2_계산\2_LP\LOW_Fr_MASTER_result\srv199\kit_frontier_runs_fpcamp5_j5j6~_RST.APRQ_11_0638.1-5aa1e95bbf-tafot1q0_0fad98d6,no_mas_sum,,,0,0,,
,c:\Users\USER\Desktop\CT&RPL\2_Project\KNF_LEU+ 시범연료봉 장전 인허가 과제\2026\2_계산\2_LP\LOW_Fr_MASTER_result\srv199\kit_frontier_runs_fpcamp5_j5j6~_RST.APRQ_11_0638.1-5daa7cc606-ps_2x6ka_ce43d04a,no_digest,,,0,0,,
,c:\Users\USER\Desktop\CT&RPL\2_Project\KNF_LEU+ 시범연료봉 장전 인허가 과제\2026\2_계산\2_LP\LOW_Fr_MASTER_result\srv199\kit_frontier_runs_fpcamp5_j5j6~_RST.APRQ_11_0638.1-5f2ddcb180-810c1j9p_cd1f4b12,no_digest,,,0,0,,
,c:\Users\USER\Desktop\CT&RPL\2_Project\KNF_LEU+ 시범연료봉 장전 인허가 과제\2026\2_계산\2_LP\LOW_Fr_MASTER_result\srv199\kit_frontier_runs_fpcamp5_j5j6~_RST.APRQ_11_0638.1-5f67f3ea39-02bypjhj_f478c270,no_digest,,,0,0,,
,c:\Users\USER\Desktop\CT&RPL\2_Project\KNF_LEU+ 시범연료봉 장전 인허가 과제\2026\2_계산\2_LP\LOW_Fr_MASTER_result\srv199\kit_frontier_runs_fpcamp5_j5j6~_RST.APRQ_11_0638.1-64840d57f5-zfc54_sq_d9d45e58,no_digest,,,0,0,,
,c:\Users\USER\Desktop\CT&RPL\2_Project\KNF_LEU+ 시범연료봉 장전 인허가 과제\2026\2_계산\2_LP\LOW_Fr_MASTER_result\srv199\kit_frontier_runs_fpcamp5_j5j6~_RST.APRQ_11_0638.1-6c65b2303a-2py3d9df_08cbaf58,no_digest,,,0,0,,
,c:\Users\USER\Desktop\CT&RPL\2_Project\KNF_LEU+ 시범연료봉 장전 인허가 과제\2026\2_계산\2_LP\LOW_Fr_MASTER_result\srv199\kit_frontier_runs_fpcamp5_j5j6~_RST.APRQ_11_0638.1-71daaff0a9-dkr6by2m_7a01dd08,no_digest,,,0,0,,
,c:\Users\USER\Desktop\CT&RPL\2_Project\KNF_LEU+ 시범연료봉 장전 인허가 과제\2026\2_계산\2_LP\LOW_Fr_MASTER_result\srv199\kit_frontier_runs_fpcamp5_j5j6~_RST.APRQ_11_0638.1-79fcbd7ed1-mr96c8fr_faa6a044,no_digest,,,0,0,,
,c:\Users\USER\Desktop\CT&RPL\2_Project\KNF_LEU+ 시범연료봉 장전 인허가 과제\2026\2_계산\2_LP\LOW_Fr_MASTER_result\srv199\kit_frontier_runs_fpcamp5_j5j6~_RST.APRQ_11_0638.1-7aa83839ea-alr06mp1_9d63d49b,no_digest,,,0,0,,
,c:\Users\USER\Desktop\CT&RPL\2_Project\KNF_LEU+ 시범연료봉 장전 인허가 과제\2026\2_계산\2_LP\LOW_Fr_MASTER_result\srv199\kit_frontier_runs_fpcamp5_j5j6~_RST.APRQ_11_0638.1-7bc089258d-uh4gkrmr_df36bd21,no_digest,,,0,0,,
,c:\Users\USER\Desktop\CT&RPL\2_Project\KNF_LEU+ 시범연료봉 장전 인허가 과제\2026\2_계산\2_LP\LOW_Fr_MASTER_result\srv199\kit_frontier_runs_fpcamp5_j5j6~_RST.APRQ_11_0638.1-7fef6cd8fd-1v9_neg2_a6d426b3,no_digest,,,0,0,,
,c:\Users\USER\Desktop\CT&RPL\2_Project\KNF_LEU+ 시범연료봉 장전 인허가 과제\2026\2_계산\2_LP\LOW_Fr_MASTER_result\srv199\kit_frontier_runs_fpcamp5_j5j6~_RST.APRQ_11_0638.1-7ffa5e5b70-ghp881dg_a09bab78,no_digest,,,0,0,,
,c:\Users\USER\Desktop\CT&RPL\2_Project\KNF_LEU+ 시범연료봉 장전 인허가 과제\2026\2_계산\2_LP\LOW_Fr_MASTER_result\srv199\kit_frontier_runs_fpcamp5_j5j6~_RST.APRQ_11_0638.1-82f56ccd8d-t5fcajtz_e9a78515,no_digest,,,0,0,,
,c:\Users\USER\Desktop\CT&RPL\2_Project\KNF_LEU+ 시범연료봉 장전 인허가 과제\2026\2_계산\2_LP\LOW_Fr_MASTER_result\srv199\kit_frontier_runs_fpcamp5_j5j6~_RST.APRQ_11_0638.1-84e075cf4b-qd805pbh_e6233520,no_digest,,,0,0,,
,c:\Users\USER\Desktop\CT&RPL\2_Project\KNF_LEU+ 시범연료봉 장전 인허가 과제\2026\2_계산\2_LP\LOW_Fr_MASTER_result\srv199\kit_frontier_runs_fpcamp5_j5j6~_RST.APRQ_11_0638.1-8a7f246689-lh3iu9h9_f2b5162e,no_digest,,,0,0,,
,c:\Users\USER\Desktop\CT&RPL\2_Project\KNF_LEU+ 시범연료봉 장전 인허가 과제\2026\2_계산\2_LP\LOW_Fr_MASTER_result\srv199\kit_frontier_runs_fpcamp5_j5j6~_RST.APRQ_11_0638.1-8bacc5f38a-xt9z073j_e8ad20c2,no_digest,,,0,0,,
,c:\Users\USER\Desktop\CT&RPL\2_Project\KNF_LEU+ 시범연료봉 장전 인허가 과제\2026\2_계산\2_LP\LOW_Fr_MASTER_result\srv199\kit_frontier_runs_fpcamp5_j5j6~_RST.APRQ_11_0638.1-8c0313e280-vjpjtqi7_e6d3f81a,no_digest,,,0,0,,
,c:\Users\USER\Desktop\CT&RPL\2_Project\KNF_LEU+ 시범연료봉 장전 인허가 과제\2026\2_계산\2_LP\LOW_Fr_MASTER_result\srv199\kit_frontier_runs_fpcamp5_j5j6~_RST.APRQ_11_0638.1-8cb903c07e-tr761waz_ff1561b7,no_digest,,,0,0,,
,c:\Users\USER\Desktop\CT&RPL\2_Project\KNF_LEU+ 시범연료봉 장전 인허가 과제\2026\2_계산\2_LP\LOW_Fr_MASTER_result\srv199\kit_frontier_runs_fpcamp5_j5j6~_RST.APRQ_11_0638.1-9025380585-9_6xgvir_5396e232,no_digest,,,0,0,,
,c:\Users\USER\Desktop\CT&RPL\2_Project\KNF_LEU+ 시범연료봉 장전 인허가 과제\2026\2_계산\2_LP\LOW_Fr_MASTER_result\srv199\kit_frontier_runs_fpcamp5_j5j6~_RST.APRQ_11_0638.1-91b14a7cfb-_mmhtpks_170b4221,no_digest,,,0,0,,
,c:\Users\USER\Desktop\CT&RPL\2_Project\KNF_LEU+ 시범연료봉 장전 인허가 과제\2026\2_계산\2_LP\LOW_Fr_MASTER_result\srv199\kit_frontier_runs_fpcamp5_j5j6~_RST.APRQ_11_0638.1-93c4290059-xr7jw3ym_a87b94a9,no_digest,,,0,0,,
,c:\Users\USER\Desktop\CT&RPL\2_Project\KNF_LEU+ 시범연료봉 장전 인허가 과제\2026\2_계산\2_LP\LOW_Fr_MASTER_result\srv199\kit_frontier_runs_fpcamp5_j5j6~_RST.APRQ_11_0638.1-99c65eef50-s93jmae2_07158065,no_digest,,,0,0,,
,c:\Users\USER\Desktop\CT&RPL\2_Project\KNF_LEU+ 시범연료봉 장전 인허가 과제\2026\2_계산\2_LP\LOW_Fr_MASTER_result\srv199\kit_frontier_runs_fpcamp5_j5j6~_RST.APRQ_11_0638.1-9b3da3b961-o5bpklug_1478260f,no_digest,,,0,0,,
,c:\Users\USER\Desktop\CT&RPL\2_Project\KNF_LEU+ 시범연료봉 장전 인허가 과제\2026\2_계산\2_LP\LOW_Fr_MASTER_result\srv199\kit_frontier_runs_fpcamp5_j5j6~_RST.APRQ_11_0638.1-9b5f0d6996-485fb40g_68c69cae,no_digest,,,0,0,,
,c:\Users\USER\Desktop\CT&RPL\2_Project\KNF_LEU+ 시범연료봉 장전 인허가 과제\2026\2_계산\2_LP\LOW_Fr_MASTER_result\srv199\kit_frontier_runs_fpcamp5_j5j6~_RST.APRQ_11_0638.1-9f1aaad001-kwg1u1uu_62937f02,no_digest,,,0,0,,
,c:\Users\USER\Desktop\CT&RPL\2_Project\KNF_LEU+ 시범연료봉 장전 인허가 과제\2026\2_계산\2_LP\LOW_Fr_MASTER_result\srv199\kit_frontier_runs_fpcamp5_j5j6~_RST.APRQ_11_0638.1-9fa92ff864-ey9_rej2_428a7e4c,no_digest,,,0,0,,
,c:\Users\USER\Desktop\CT&RPL\2_Project\KNF_LEU+ 시범연료봉 장전 인허가 과제\2026\2_계산\2_LP\LOW_Fr_MASTER_result\srv199\kit_frontier_runs_fpcamp5_j5j6~_RST.APRQ_11_0638.1-a09127f030-nrzhx1w1_adc65a55,no_digest,,,0,0,,
,c:\Users\USER\Desktop\CT&RPL\2_Project\KNF_LEU+ 시범연료봉 장전 인허가 과제\2026\2_계산\2_LP\LOW_Fr_MASTER_result\srv199\kit_frontier_runs_fpcamp5_j5j6~_RST.APRQ_11_0638.1-a173ce41d7-_kn_n7mu_7d4beb55,no_digest,,,0,0,,
,c:\Users\USER\Desktop\CT&RPL\2_Project\KNF_LEU+ 시범연료봉 장전 인허가 과제\2026\2_계산\2_LP\LOW_Fr_MASTER_result\srv199\kit_frontier_runs_fpcamp5_j5j6~_RST.APRQ_11_0638.1-a21e869ad6-4aih4m2x_a41eed1d,no_digest,,,0,0,,
,c:\Users\USER\Desktop\CT&RPL\2_Project\KNF_LEU+ 시범연료봉 장전 인허가 과제\2026\2_계산\2_LP\LOW_Fr_MASTER_result\srv199\kit_frontier_runs_fpcamp5_j5j6~_RST.APRQ_11_0638.1-a234deb6f2-v49cs4a1_ddc5c1d9,no_digest,,,0,0,,
,c:\Users\USER\Desktop\CT&RPL\2_Project\KNF_LEU+ 시범연료봉 장전 인허가 과제\2026\2_계산\2_LP\LOW_Fr_MASTER_result\srv199\kit_frontier_runs_fpcamp5_j5j6~_RST.APRQ_11_0638.1-a479ffcc4d-v23kvnp0_8e9d7713,no_mas_sum,,,0,0,,
,c:\Users\USER\Desktop\CT&RPL\2_Project\KNF_LEU+ 시범연료봉 장전 인허가 과제\2026\2_계산\2_LP\LOW_Fr_MASTER_result\srv199\kit_frontier_runs_fpcamp5_j5j6~_RST.APRQ_11_0638.1-a537ab117e-40j9abix_a406bf9b,no_digest,,,0,0,,
,c:\Users\USER\Desktop\CT&RPL\2_Project\KNF_LEU+ 시범연료봉 장전 인허가 과제\2026\2_계산\2_LP\LOW_Fr_MASTER_result\srv199\kit_frontier_runs_fpcamp5_j5j6~_RST.APRQ_11_0638.1-a7d9249a1e-gfxa0tmi_27a8e0f4,no_digest,,,0,0,,
,c:\Users\USER\Desktop\CT&RPL\2_Project\KNF_LEU+ 시범연료봉 장전 인허가 과제\2026\2_계산\2_LP\LOW_Fr_MASTER_result\srv199\kit_frontier_runs_fpcamp5_j5j6~_RST.APRQ_11_0638.1-a88826746a-as8quz96_6075e60c,no_digest,,,0,0,,
,c:\Users\USER\Desktop\CT&RPL\2_Project\KNF_LEU+ 시범연료봉 장전 인허가 과제\2026\2_계산\2_LP\LOW_Fr_MASTER_result\srv199\kit_frontier_runs_fpcamp5_j5j6~_RST.APRQ_11_0638.1-a923b41e83-90nayt9v_daf99c72,no_digest,,,0,0,,
,c:\Users\USER\Desktop\CT&RPL\2_Project\KNF_LEU+ 시범연료봉 장전 인허가 과제\2026\2_계산\2_LP\LOW_Fr_MASTER_result\srv199\kit_frontier_runs_fpcamp5_j5j6~_RST.APRQ_11_0638.1-ab403b31c0-df2ybrf6_673d92ec,no_digest,,,0,0,,
,c:\Users\USER\Desktop\CT&RPL\2_Project\KNF_LEU+ 시범연료봉 장전 인허가 과제\2026\2_계산\2_LP\LOW_Fr_MASTER_result\srv199\kit_frontier_runs_fpcamp5_j5j6~_RST.APRQ_11_0638.1-abe0f8f2ae-blf4ppoh_ca13d064,no_digest,,,0,0,,
,c:\Users\USER\Desktop\CT&RPL\2_Project\KNF_LEU+ 시범연료봉 장전 인허가 과제\2026\2_계산\2_LP\LOW_Fr_MASTER_result\srv199\kit_frontier_runs_fpcamp5_j5j6~_RST.APRQ_11_0638.1-b1154e8784-gl196i4w_37a3e244,no_digest,,,0,0,,
,c:\Users\USER\Desktop\CT&RPL\2_Project\KNF_LEU+ 시범연료봉 장전 인허가 과제\2026\2_계산\2_LP\LOW_Fr_MASTER_result\srv199\kit_frontier_runs_fpcamp5_j5j6~_RST.APRQ_11_0638.1-b44f72b993-t3i48d_s_4ac232a1,no_digest,,,0,0,,
,c:\Users\USER\Desktop\CT&RPL\2_Project\KNF_LEU+ 시범연료봉 장전 인허가 과제\2026\2_계산\2_LP\LOW_Fr_MASTER_result\srv199\kit_frontier_runs_fpcamp5_j5j6~_RST.APRQ_11_0638.1-b92fea712b-4h4q81ej_59f83f72,no_digest,,,0,0,,
,c:\Users\USER\Desktop\CT&RPL\2_Project\KNF_LEU+ 시범연료봉 장전 인허가 과제\2026\2_계산\2_LP\LOW_Fr_MASTER_result\srv199\kit_frontier_runs_fpcamp5_j5j6~_RST.APRQ_11_0638.1-bb4443e91c-xrw9fcyt_e25eed4a,no_digest,,,0,0,,
,c:\Users\USER\Desktop\CT&RPL\2_Project\KNF_LEU+ 시범연료봉 장전 인허가 과제\2026\2_계산\2_LP\LOW_Fr_MASTER_result\srv199\kit_frontier_runs_fpcamp5_j5j6~_RST.APRQ_11_0638.1-bc160630be-qxfieki9_d55fd475,no_digest,,,0,0,,
,c:\Users\USER\Desktop\CT&RPL\2_Project\KNF_LEU+ 시범연료봉 장전 인허가 과제\2026\2_계산\2_LP\LOW_Fr_MASTER_result\srv199\kit_frontier_runs_fpcamp5_j5j6~_RST.APRQ_11_0638.1-bf4b5133b7-5vc3b4py_8b56a665,no_mas_sum,,,0,0,,
,c:\Users\USER\Desktop\CT&RPL\2_Project\KNF_LEU+ 시범연료봉 장전 인허가 과제\2026\2_계산\2_LP\LOW_Fr_MASTER_result\srv199\kit_frontier_runs_fpcamp5_j5j6~_RST.APRQ_11_0638.1-bf7cab088d-r5q_1ayo_896e5089,no_digest,,,0,0,,
,c:\Users\USER\Desktop\CT&RPL\2_Project\KNF_LEU+ 시범연료봉 장전 인허가 과제\2026\2_계산\2_LP\LOW_Fr_MASTER_result\srv199\kit_frontier_runs_fpcamp5_j5j6~_RST.APRQ_11_0638.1-c330ba4513-hqdbdmmj_459f4787,no_digest,,,0,0,,
,c:\Users\USER\Desktop\CT&RPL\2_Project\KNF_LEU+ 시범연료봉 장전 인허가 과제\2026\2_계산\2_LP\LOW_Fr_MASTER_result\srv199\kit_frontier_runs_fpcamp5_j5j6~_RST.APRQ_11_0638.1-c37f98b1bf-4zm2uip1_95b1e05f,no_digest,,,0,0,,
,c:\Users\USER\Desktop\CT&RPL\2_Project\KNF_LEU+ 시범연료봉 장전 인허가 과제\2026\2_계산\2_LP\LOW_Fr_MASTER_result\srv199\kit_frontier_runs_fpcamp5_j5j6~_RST.APRQ_11_0638.1-c574388ab2-_ov3bnon_b79f5d0e,no_digest,,,0,0,,
,c:\Users\USER\Desktop\CT&RPL\2_Project\KNF_LEU+ 시범연료봉 장전 인허가 과제\2026\2_계산\2_LP\LOW_Fr_MASTER_result\srv199\kit_frontier_runs_fpcamp5_j5j6~_RST.APRQ_11_0638.1-c7c4cbf3bd-0hu_jiia_3330c6bd,no_digest,,,0,0,,
,c:\Users\USER\Desktop\CT&RPL\2_Project\KNF_LEU+ 시범연료봉 장전 인허가 과제\2026\2_계산\2_LP\LOW_Fr_MASTER_result\srv199\kit_frontier_runs_fpcamp5_j5j6~_RST.APRQ_11_0638.1-cd1496a4d0-pabtii7k_a3a9af59,no_digest,,,0,0,,
,c:\Users\USER\Desktop\CT&RPL\2_Project\KNF_LEU+ 시범연료봉 장전 인허가 과제\2026\2_계산\2_LP\LOW_Fr_MASTER_result\srv199\kit_frontier_runs_fpcamp5_j5j6~_RST.APRQ_11_0638.1-cd4920f32d-wgwdu4rp_6de269ae,no_mas_sum,,,0,0,,
,c:\Users\USER\Desktop\CT&RPL\2_Project\KNF_LEU+ 시범연료봉 장전 인허가 과제\2026\2_계산\2_LP\LOW_Fr_MASTER_result\srv199\kit_frontier_runs_fpcamp5_j5j6~_RST.APRQ_11_0638.1-ce11104e86-dgey7d30_6cba40b2,no_digest,,,0,0,,
,c:\Users\USER\Desktop\CT&RPL\2_Project\KNF_LEU+ 시범연료봉 장전 인허가 과제\2026\2_계산\2_LP\LOW_Fr_MASTER_result\srv199\kit_frontier_runs_fpcamp5_j5j6~_RST.APRQ_11_0638.1-d00d178742-mnzm63sd_49e1798b,no_digest,,,0,0,,
,c:\Users\USER\Desktop\CT&RPL\2_Project\KNF_LEU+ 시범연료봉 장전 인허가 과제\2026\2_계산\2_LP\LOW_Fr_MASTER_result\srv199\kit_frontier_runs_fpcamp5_j5j6~_RST.APRQ_11_0638.1-d28b943abc-0c9t6wd7_11f5baa9,no_digest,,,0,0,,
,c:\Users\USER\Desktop\CT&RPL\2_Project\KNF_LEU+ 시범연료봉 장전 인허가 과제\2026\2_계산\2_LP\LOW_Fr_MASTER_result\srv199\kit_frontier_runs_fpcamp5_j5j6~_RST.APRQ_11_0638.1-d4e6220914-goki5nps_ed7df45f,no_digest,,,0,0,,
,c:\Users\USER\Desktop\CT&RPL\2_Project\KNF_LEU+ 시범연료봉 장전 인허가 과제\2026\2_계산\2_LP\LOW_Fr_MASTER_result\srv199\kit_frontier_runs_fpcamp5_j5j6~_RST.APRQ_11_0638.1-d64161ee9c-m72fpzbs_c105a9c5,no_digest,,,0,0,,
,c:\Users\USER\Desktop\CT&RPL\2_Project\KNF_LEU+ 시범연료봉 장전 인허가 과제\2026\2_계산\2_LP\LOW_Fr_MASTER_result\srv199\kit_frontier_runs_fpcamp5_j5j6~_RST.APRQ_11_0638.1-d6674f455e-z451_hts_8e0130dc,no_digest,,,0,0,,
,c:\Users\USER\Desktop\CT&RPL\2_Project\KNF_LEU+ 시범연료봉 장전 인허가 과제\2026\2_계산\2_LP\LOW_Fr_MASTER_result\srv199\kit_frontier_runs_fpcamp5_j5j6~_RST.APRQ_11_0638.1-da062c4ab0-214eq376_1b94d096,no_digest,,,0,0,,
,c:\Users\USER\Desktop\CT&RPL\2_Project\KNF_LEU+ 시범연료봉 장전 인허가 과제\2026\2_계산\2_LP\LOW_Fr_MASTER_result\srv199\kit_frontier_runs_fpcamp5_j5j6~_RST.APRQ_11_0638.1-e0a28e4a8a-l_xt7nzy_2eac04dd,no_digest,,,0,0,,
,c:\Users\USER\Desktop\CT&RPL\2_Project\KNF_LEU+ 시범연료봉 장전 인허가 과제\2026\2_계산\2_LP\LOW_Fr_MASTER_result\srv199\kit_frontier_runs_fpcamp5_j5j6~_RST.APRQ_11_0638.1-e4dd28fa6e-2v5w484y_2244d2af,no_digest,,,0,0,,
,c:\Users\USER\Desktop\CT&RPL\2_Project\KNF_LEU+ 시범연료봉 장전 인허가 과제\2026\2_계산\2_LP\LOW_Fr_MASTER_result\srv199\kit_frontier_runs_fpcamp5_j5j6~_RST.APRQ_11_0638.1-e7be320b65-h3a7s3lt_700e0756,no_digest,,,0,0,,
,c:\Users\USER\Desktop\CT&RPL\2_Project\KNF_LEU+ 시범연료봉 장전 인허가 과제\2026\2_계산\2_LP\LOW_Fr_MASTER_result\srv199\kit_frontier_runs_fpcamp5_j5j6~_RST.APRQ_11_0638.1-e7d10adce3-wca15c8q_a6f8720d,no_digest,,,0,0,,
,c:\Users\USER\Desktop\CT&RPL\2_Project\KNF_LEU+ 시범연료봉 장전 인허가 과제\2026\2_계산\2_LP\LOW_Fr_MASTER_result\srv199\kit_frontier_runs_fpcamp5_j5j6~_RST.APRQ_11_0638.1-ea56b3f375-0o4n1rgn_a86a55ec,no_digest,,,0,0,,
,c:\Users\USER\Desktop\CT&RPL\2_Project\KNF_LEU+ 시범연료봉 장전 인허가 과제\2026\2_계산\2_LP\LOW_Fr_MASTER_result\srv199\kit_frontier_runs_fpcamp5_j5j6~_RST.APRQ_11_0638.1-f4b4aa3111-hjjq457w_8f5fd742,no_digest,,,0,0,,
,c:\Users\USER\Desktop\CT&RPL\2_Project\KNF_LEU+ 시범연료봉 장전 인허가 과제\2026\2_계산\2_LP\LOW_Fr_MASTER_result\srv199\kit_frontier_runs_fpcamp5_j5j6~_RST.APRQ_11_0638.1-f685c81fd5-ou7yuryj_5d14de08,no_digest,,,0,0,,
,c:\Users\USER\Desktop\CT&RPL\2_Project\KNF_LEU+ 시범연료봉 장전 인허가 과제\2026\2_계산\2_LP\LOW_Fr_MASTER_result\srv199\kit_frontier_runs_fpcamp5_j5j6~_RST.APRQ_11_0638.1-f7459d9240-3vo_usc1_8833d05e,no_digest,,,0,0,,
,c:\Users\USER\Desktop\CT&RPL\2_Project\KNF_LEU+ 시범연료봉 장전 인허가 과제\2026\2_계산\2_LP\LOW_Fr_MASTER_result\srv199\kit_frontier_runs_fpcamp5_j5j6~_RST.APRQ_11_0638.1-fbaf5a3bb7-ls4367hi_2e779028,no_digest,,,0,0,,
,c:\Users\USER\Desktop\CT&RPL\2_Project\KNF_LEU+ 시범연료봉 장전 인허가 과제\2026\2_계산\2_LP\LOW_Fr_MASTER_result\srv199\kit_frontier_runs_fpcamp5_j5j6~_RST.APRQ_11_0638.1-fe78ce3135-cc836k41_203ca4f7,no_digest,,,0,0,,
,c:\Users\USER\Desktop\CT&RPL\2_Project\KNF_LEU+ 시범연료봉 장전 인허가 과제\2026\2_계산\2_LP\LOW_Fr_MASTER_result\srv199\kit_frontier_runs_fpcamp5_j5j6~_RST.APRQ_11_0638.1-ff50293cc6-9ot3us8u_192293cb,no_digest,,,0,0,,
,c:\Users\USER\Desktop\CT&RPL\2_Project\KNF_LEU+ 시범연료봉 장전 인허가 과제\2026\2_계산\2_LP\LOW_Fr_MASTER_result\srv199\kit_frontier_runs_fpcamp5_j5j6~AS_RST.APRQ_11_0638.1-89739a690c-cp0_f0_e6fb75e7,no_digest,,,0,0,,
,c:\Users\USER\Desktop\CT&RPL\2_Project\KNF_LEU+ 시범연료봉 장전 인허가 과제\2026\2_계산\2_LP\LOW_Fr_MASTER_result\srv199\kit_frontier_runs_fpcamp5_j5j6~S_RST.APRQ_11_0638.1-d847dda476-6pp7_y5_4924a631,no_digest,,,0,0,,
,c:\Users\USER\Desktop\CT&RPL\2_Project\KNF_LEU+ 시범연료봉 장전 인허가 과제\2026\2_계산\2_LP\LOW_Fr_MASTER_result\srv199\kit_frontier_runs_fpcamp5_j5j6~S_RST.APRQ_11_0638.1-f321d23d8d-l3tkv5j_55e5387d,no_digest,,,0,0,,
,c:\Users\USER\Desktop\CT&RPL\2_Project\KNF_LEU+ 시범연료봉 장전 인허가 과제\2026\2_계산\2_LP\LOW_Fr_MASTER_result\srv199\kit_frontier_runs_fpcamp6_j5j6~_RST.APRQ_11_0638.1-024aca328f-wcf9b_tk_5d1642ad,no_digest,,,0,0,,
,c:\Users\USER\Desktop\CT&RPL\2_Project\KNF_LEU+ 시범연료봉 장전 인허가 과제\2026\2_계산\2_LP\LOW_Fr_MASTER_result\srv199\kit_frontier_runs_fpcamp6_j5j6~_RST.APRQ_11_0638.1-032b92ea2d-xivgjs8b_0738a7c6,no_digest,,,0,0,,
,c:\Users\USER\Desktop\CT&RPL\2_Project\KNF_LEU+ 시범연료봉 장전 인허가 과제\2026\2_계산\2_LP\LOW_Fr_MASTER_result\srv199\kit_frontier_runs_fpcamp6_j5j6~_RST.APRQ_11_0638.1-04e6c18e43-5txswhz5_ccf6b843,no_digest,,,0,0,,
,c:\Users\USER\Desktop\CT&RPL\2_Project\KNF_LEU+ 시범연료봉 장전 인허가 과제\2026\2_계산\2_LP\LOW_Fr_MASTER_result\srv199\kit_frontier_runs_fpcamp6_j5j6~_RST.APRQ_11_0638.1-0509583111-542_2v7r_b7f57390,no_digest,,,0,0,,
,c:\Users\USER\Desktop\CT&RPL\2_Project\KNF_LEU+ 시범연료봉 장전 인허가 과제\2026\2_계산\2_LP\LOW_Fr_MASTER_result\srv199\kit_frontier_runs_fpcamp6_j5j6~_RST.APRQ_11_0638.1-06d0588179-z1dmzl38_e3945cb3,no_digest,,,0,0,,
,c:\Users\USER\Desktop\CT&RPL\2_Project\KNF_LEU+ 시범연료봉 장전 인허가 과제\2026\2_계산\2_LP\LOW_Fr_MASTER_result\srv199\kit_frontier_runs_fpcamp6_j5j6~_RST.APRQ_11_0638.1-0a3e676cc3-miw3z_tx_dac815a5,no_digest,,,0,0,,
,c:\Users\USER\Desktop\CT&RPL\2_Project\KNF_LEU+ 시범연료봉 장전 인허가 과제\2026\2_계산\2_LP\LOW_Fr_MASTER_result\srv199\kit_frontier_runs_fpcamp6_j5j6~_RST.APRQ_11_0638.1-0dceb24be2-fvdie5np_39b5bd38,no_digest,,,0,0,,
,c:\Users\USER\Desktop\CT&RPL\2_Project\KNF_LEU+ 시범연료봉 장전 인허가 과제\2026\2_계산\2_LP\LOW_Fr_MASTER_result\srv199\kit_frontier_runs_fpcamp6_j5j6~_RST.APRQ_11_0638.1-143838b4f1-lye2bj52_b6b2fae7,no_digest,,,0,0,,
,c:\Users\USER\Desktop\CT&RPL\2_Project\KNF_LEU+ 시범연료봉 장전 인허가 과제\2026\2_계산\2_LP\LOW_Fr_MASTER_result\srv199\kit_frontier_runs_fpcamp6_j5j6~_RST.APRQ_11_0638.1-147fda527d-s5qa_xyr_63b84193,no_digest,,,0,0,,
,c:\Users\USER\Desktop\CT&RPL\2_Project\KNF_LEU+ 시범연료봉 장전 인허가 과제\2026\2_계산\2_LP\LOW_Fr_MASTER_result\srv199\kit_frontier_runs_fpcamp6_j5j6~_RST.APRQ_11_0638.1-1646e9553e-nxcd2jeu_e1c3c03e,no_digest,,,0,0,,
,c:\Users\USER\Desktop\CT&RPL\2_Project\KNF_LEU+ 시범연료봉 장전 인허가 과제\2026\2_계산\2_LP\LOW_Fr_MASTER_result\srv199\kit_frontier_runs_fpcamp6_j5j6~_RST.APRQ_11_0638.1-177df87684-4ijxmh06_5814b177,no_digest,,,0,0,,
,c:\Users\USER\Desktop\CT&RPL\2_Project\KNF_LEU+ 시범연료봉 장전 인허가 과제\2026\2_계산\2_LP\LOW_Fr_MASTER_result\srv199\kit_frontier_runs_fpcamp6_j5j6~_RST.APRQ_11_0638.1-19477f2104-3elf_dvw_7ee2a806,no_digest,,,0,0,,
,c:\Users\USER\Desktop\CT&RPL\2_Project\KNF_LEU+ 시범연료봉 장전 인허가 과제\2026\2_계산\2_LP\LOW_Fr_MASTER_result\srv199\kit_frontier_runs_fpcamp6_j5j6~_RST.APRQ_11_0638.1-199c9fe065-kunrusyj_395a21d4,no_digest,,,0,0,,
,c:\Users\USER\Desktop\CT&RPL\2_Project\KNF_LEU+ 시범연료봉 장전 인허가 과제\2026\2_계산\2_LP\LOW_Fr_MASTER_result\srv199\kit_frontier_runs_fpcamp6_j5j6~_RST.APRQ_11_0638.1-1aa3a3b071-y_8td2e8_3d265598,no_digest,,,0,0,,
,c:\Users\USER\Desktop\CT&RPL\2_Project\KNF_LEU+ 시범연료봉 장전 인허가 과제\2026\2_계산\2_LP\LOW_Fr_MASTER_result\srv199\kit_frontier_runs_fpcamp6_j5j6~_RST.APRQ_11_0638.1-1ce0c2980a-7b_a5xm3_8200d249,no_digest,,,0,0,,
,c:\Users\USER\Desktop\CT&RPL\2_Project\KNF_LEU+ 시범연료봉 장전 인허가 과제\2026\2_계산\2_LP\LOW_Fr_MASTER_result\srv199\kit_frontier_runs_fpcamp6_j5j6~_RST.APRQ_11_0638.1-20aaa01fec-7rg3p5mz_670da579,no_digest,,,0,0,,
,c:\Users\USER\Desktop\CT&RPL\2_Project\KNF_LEU+ 시범연료봉 장전 인허가 과제\2026\2_계산\2_LP\LOW_Fr_MASTER_result\srv199\kit_frontier_runs_fpcamp6_j5j6~_RST.APRQ_11_0638.1-227945a703-l50jxvlm_f4bd55db,no_digest,,,0,0,,
,c:\Users\USER\Desktop\CT&RPL\2_Project\KNF_LEU+ 시범연료봉 장전 인허가 과제\2026\2_계산\2_LP\LOW_Fr_MASTER_result\srv199\kit_frontier_runs_fpcamp6_j5j6~_RST.APRQ_11_0638.1-2599ebcfda-ij7vod60_914f065e,no_digest,,,0,0,,
,c:\Users\USER\Desktop\CT&RPL\2_Project\KNF_LEU+ 시범연료봉 장전 인허가 과제\2026\2_계산\2_LP\LOW_Fr_MASTER_result\srv199\kit_frontier_runs_fpcamp6_j5j6~_RST.APRQ_11_0638.1-27588a7ea4-e98k32he_3abb8f69,no_digest,,,0,0,,
,c:\Users\USER\Desktop\CT&RPL\2_Project\KNF_LEU+ 시범연료봉 장전 인허가 과제\2026\2_계산\2_LP\LOW_Fr_MASTER_result\srv199\kit_frontier_runs_fpcamp6_j5j6~_RST.APRQ_11_0638.1-31c54d452d-bpeeols9_efbe818c,no_digest,,,0,0,,
,c:\Users\USER\Desktop\CT&RPL\2_Project\KNF_LEU+ 시범연료봉 장전 인허가 과제\2026\2_계산\2_LP\LOW_Fr_MASTER_result\srv199\kit_frontier_runs_fpcamp6_j5j6~_RST.APRQ_11_0638.1-3328d8843e-ccs7scet_501f94e0,no_digest,,,0,0,,
,c:\Users\USER\Desktop\CT&RPL\2_Project\KNF_LEU+ 시범연료봉 장전 인허가 과제\2026\2_계산\2_LP\LOW_Fr_MASTER_result\srv199\kit_frontier_runs_fpcamp6_j5j6~_RST.APRQ_11_0638.1-34ba12e4fe-5eyrb_og_3f5c2537,no_digest,,,0,0,,
,c:\Users\USER\Desktop\CT&RPL\2_Project\KNF_LEU+ 시범연료봉 장전 인허가 과제\2026\2_계산\2_LP\LOW_Fr_MASTER_result\srv199\kit_frontier_runs_fpcamp6_j5j6~_RST.APRQ_11_0638.1-3548a79d5a-al7f14z6_37b5f9df,no_mas_sum,,,0,0,,
,c:\Users\USER\Desktop\CT&RPL\2_Project\KNF_LEU+ 시범연료봉 장전 인허가 과제\2026\2_계산\2_LP\LOW_Fr_MASTER_result\srv199\kit_frontier_runs_fpcamp6_j5j6~_RST.APRQ_11_0638.1-37615ba69b-nr8hh8lz_284b927a,no_digest,,,0,0,,
,c:\Users\USER\Desktop\CT&RPL\2_Project\KNF_LEU+ 시범연료봉 장전 인허가 과제\2026\2_계산\2_LP\LOW_Fr_MASTER_result\srv199\kit_frontier_runs_fpcamp6_j5j6~_RST.APRQ_11_0638.1-3b5b357101-2nxn_f6o_aa0510bd,no_digest,,,0,0,,
,c:\Users\USER\Desktop\CT&RPL\2_Project\KNF_LEU+ 시범연료봉 장전 인허가 과제\2026\2_계산\2_LP\LOW_Fr_MASTER_result\srv199\kit_frontier_runs_fpcamp6_j5j6~_RST.APRQ_11_0638.1-3c96d78b89-y96fqcql_d9dbaa28,no_digest,,,0,0,,
,c:\Users\USER\Desktop\CT&RPL\2_Project\KNF_LEU+ 시범연료봉 장전 인허가 과제\2026\2_계산\2_LP\LOW_Fr_MASTER_result\srv199\kit_frontier_runs_fpcamp6_j5j6~_RST.APRQ_11_0638.1-3d4fe1b4fe-jav8h7tn_261feeea,no_digest,,,0,0,,
,c:\Users\USER\Desktop\CT&RPL\2_Project\KNF_LEU+ 시범연료봉 장전 인허가 과제\2026\2_계산\2_LP\LOW_Fr_MASTER_result\srv199\kit_frontier_runs_fpcamp6_j5j6~_RST.APRQ_11_0638.1-3f4ce24289-mcuun49e_4fb9c893,no_digest,,,0,0,,
,c:\Users\USER\Desktop\CT&RPL\2_Project\KNF_LEU+ 시범연료봉 장전 인허가 과제\2026\2_계산\2_LP\LOW_Fr_MASTER_result\srv199\kit_frontier_runs_fpcamp6_j5j6~_RST.APRQ_11_0638.1-413293a9e7-ysisfztm_a27ee1ae,no_digest,,,0,0,,
,c:\Users\USER\Desktop\CT&RPL\2_Project\KNF_LEU+ 시범연료봉 장전 인허가 과제\2026\2_계산\2_LP\LOW_Fr_MASTER_result\srv199\kit_frontier_runs_fpcamp6_j5j6~_RST.APRQ_11_0638.1-41f9b38b2d-ue1q2nby_dc8a940c,no_digest,,,0,0,,
,c:\Users\USER\Desktop\CT&RPL\2_Project\KNF_LEU+ 시범연료봉 장전 인허가 과제\2026\2_계산\2_LP\LOW_Fr_MASTER_result\srv199\kit_frontier_runs_fpcamp6_j5j6~_RST.APRQ_11_0638.1-42a6328e6e-m4tf3i_6_9482f341,no_digest,,,0,0,,
,c:\Users\USER\Desktop\CT&RPL\2_Project\KNF_LEU+ 시범연료봉 장전 인허가 과제\2026\2_계산\2_LP\LOW_Fr_MASTER_result\srv199\kit_frontier_runs_fpcamp6_j5j6~_RST.APRQ_11_0638.1-435d346b5c-5c7idc54_2b1178e2,no_digest,,,0,0,,
,c:\Users\USER\Desktop\CT&RPL\2_Project\KNF_LEU+ 시범연료봉 장전 인허가 과제\2026\2_계산\2_LP\LOW_Fr_MASTER_result\srv199\kit_frontier_runs_fpcamp6_j5j6~_RST.APRQ_11_0638.1-4637a10a57-c35p5jxj_b24a3436,no_digest,,,0,0,,
,c:\Users\USER\Desktop\CT&RPL\2_Project\KNF_LEU+ 시범연료봉 장전 인허가 과제\2026\2_계산\2_LP\LOW_Fr_MASTER_result\srv199\kit_frontier_runs_fpcamp6_j5j6~_RST.APRQ_11_0638.1-4ad5bedcee-abktpgrk_d4dfd3ad,no_digest,,,0,0,,
,c:\Users\USER\Desktop\CT&RPL\2_Project\KNF_LEU+ 시범연료봉 장전 인허가 과제\2026\2_계산\2_LP\LOW_Fr_MASTER_result\srv199\kit_frontier_runs_fpcamp6_j5j6~_RST.APRQ_11_0638.1-5073a98f52-zlqqbq49_60f07e06,no_digest,,,0,0,,
,c:\Users\USER\Desktop\CT&RPL\2_Project\KNF_LEU+ 시범연료봉 장전 인허가 과제\2026\2_계산\2_LP\LOW_Fr_MASTER_result\srv199\kit_frontier_runs_fpcamp6_j5j6~_RST.APRQ_11_0638.1-5357100615-4hg1jy9m_77655fcc,no_digest,,,0,0,,
,c:\Users\USER\Desktop\CT&RPL\2_Project\KNF_LEU+ 시범연료봉 장전 인허가 과제\2026\2_계산\2_LP\LOW_Fr_MASTER_result\srv199\kit_frontier_runs_fpcamp6_j5j6~_RST.APRQ_11_0638.1-59ae28ead6-hj2f_bzr_777ae3ee,no_digest,,,0,0,,
,c:\Users\USER\Desktop\CT&RPL\2_Project\KNF_LEU+ 시범연료봉 장전 인허가 과제\2026\2_계산\2_LP\LOW_Fr_MASTER_result\srv199\kit_frontier_runs_fpcamp6_j5j6~_RST.APRQ_11_0638.1-5a73a043ac-fniq1u0d_9711792e,no_digest,,,0,0,,
,c:\Users\USER\Desktop\CT&RPL\2_Project\KNF_LEU+ 시범연료봉 장전 인허가 과제\2026\2_계산\2_LP\LOW_Fr_MASTER_result\srv199\kit_frontier_runs_fpcamp6_j5j6~_RST.APRQ_11_0638.1-5eaa295788-kxlsd10h_36dcf36f,no_digest,,,0,0,,
,c:\Users\USER\Desktop\CT&RPL\2_Project\KNF_LEU+ 시범연료봉 장전 인허가 과제\2026\2_계산\2_LP\LOW_Fr_MASTER_result\srv199\kit_frontier_runs_fpcamp6_j5j6~_RST.APRQ_11_0638.1-6020cd84b7-bo6asgoq_cc7fde66,no_digest,,,0,0,,
,c:\Users\USER\Desktop\CT&RPL\2_Project\KNF_LEU+ 시범연료봉 장전 인허가 과제\2026\2_계산\2_LP\LOW_Fr_MASTER_result\srv199\kit_frontier_runs_fpcamp6_j5j6~_RST.APRQ_11_0638.1-60b3fbb230-zq7e57t9_b8bf189e,no_digest,,,0,0,,
,c:\Users\USER\Desktop\CT&RPL\2_Project\KNF_LEU+ 시범연료봉 장전 인허가 과제\2026\2_계산\2_LP\LOW_Fr_MASTER_result\srv199\kit_frontier_runs_fpcamp6_j5j6~_RST.APRQ_11_0638.1-631a629113-hxmk7z8k_1ead657c,no_digest,,,0,0,,
,c:\Users\USER\Desktop\CT&RPL\2_Project\KNF_LEU+ 시범연료봉 장전 인허가 과제\2026\2_계산\2_LP\LOW_Fr_MASTER_result\srv199\kit_frontier_runs_fpcamp6_j5j6~_RST.APRQ_11_0638.1-65142a67aa-8xvcfnf8_0d3ce17f,no_digest,,,0,0,,
,c:\Users\USER\Desktop\CT&RPL\2_Project\KNF_LEU+ 시범연료봉 장전 인허가 과제\2026\2_계산\2_LP\LOW_Fr_MASTER_result\srv199\kit_frontier_runs_fpcamp6_j5j6~_RST.APRQ_11_0638.1-6abe023b45-iw45ic8m_e80e5a70,no_digest,,,0,0,,
,c:\Users\USER\Desktop\CT&RPL\2_Project\KNF_LEU+ 시범연료봉 장전 인허가 과제\2026\2_계산\2_LP\LOW_Fr_MASTER_result\srv199\kit_frontier_runs_fpcamp6_j5j6~_RST.APRQ_11_0638.1-6b591c8e24-7pxtwlj7_a7321787,no_digest,,,0,0,,
,c:\Users\USER\Desktop\CT&RPL\2_Project\KNF_LEU+ 시범연료봉 장전 인허가 과제\2026\2_계산\2_LP\LOW_Fr_MASTER_result\srv199\kit_frontier_runs_fpcamp6_j5j6~_RST.APRQ_11_0638.1-6cd569969e-s5fzqr5e_79d38cd9,no_digest,,,0,0,,
,c:\Users\USER\Desktop\CT&RPL\2_Project\KNF_LEU+ 시범연료봉 장전 인허가 과제\2026\2_계산\2_LP\LOW_Fr_MASTER_result\srv199\kit_frontier_runs_fpcamp6_j5j6~_RST.APRQ_11_0638.1-714dd14432-3gkqt9cw_3e4522f8,no_digest,,,0,0,,
,c:\Users\USER\Desktop\CT&RPL\2_Project\KNF_LEU+ 시범연료봉 장전 인허가 과제\2026\2_계산\2_LP\LOW_Fr_MASTER_result\srv199\kit_frontier_runs_fpcamp6_j5j6~_RST.APRQ_11_0638.1-715effd3b6-pk0cbrd4_d180521e,no_mas_sum,,,0,0,,
,c:\Users\USER\Desktop\CT&RPL\2_Project\KNF_LEU+ 시범연료봉 장전 인허가 과제\2026\2_계산\2_LP\LOW_Fr_MASTER_result\srv199\kit_frontier_runs_fpcamp6_j5j6~_RST.APRQ_11_0638.1-78e3e891f2-5eu08oxy_01afdc8a,no_digest,,,0,0,,
,c:\Users\USER\Desktop\CT&RPL\2_Project\KNF_LEU+ 시범연료봉 장전 인허가 과제\2026\2_계산\2_LP\LOW_Fr_MASTER_result\srv199\kit_frontier_runs_fpcamp6_j5j6~_RST.APRQ_11_0638.1-78eaf19922-kasjbm9d_6998fcd1,no_digest,,,0,0,,
,c:\Users\USER\Desktop\CT&RPL\2_Project\KNF_LEU+ 시범연료봉 장전 인허가 과제\2026\2_계산\2_LP\LOW_Fr_MASTER_result\srv199\kit_frontier_runs_fpcamp6_j5j6~_RST.APRQ_11_0638.1-7c8ace5634-gfi1jxav_3e9b8e34,no_digest,,,0,0,,
,c:\Users\USER\Desktop\CT&RPL\2_Project\KNF_LEU+ 시범연료봉 장전 인허가 과제\2026\2_계산\2_LP\LOW_Fr_MASTER_result\srv199\kit_frontier_runs_fpcamp6_j5j6~_RST.APRQ_11_0638.1-7ff15372b3-j6ixuxwe_95bbce2b,no_digest,,,0,0,,
,c:\Users\USER\Desktop\CT&RPL\2_Project\KNF_LEU+ 시범연료봉 장전 인허가 과제\2026\2_계산\2_LP\LOW_Fr_MASTER_result\srv199\kit_frontier_runs_fpcamp6_j5j6~_RST.APRQ_11_0638.1-842b8e553d-2xrwt2c2_833b4b07,no_digest,,,0,0,,
,c:\Users\USER\Desktop\CT&RPL\2_Project\KNF_LEU+ 시범연료봉 장전 인허가 과제\2026\2_계산\2_LP\LOW_Fr_MASTER_result\srv199\kit_frontier_runs_fpcamp6_j5j6~_RST.APRQ_11_0638.1-873fa8d66a-rk113a93_991dc73c,no_digest,,,0,0,,
,c:\Users\USER\Desktop\CT&RPL\2_Project\KNF_LEU+ 시범연료봉 장전 인허가 과제\2026\2_계산\2_LP\LOW_Fr_MASTER_result\srv199\kit_frontier_runs_fpcamp6_j5j6~_RST.APRQ_11_0638.1-8c70b2006a-8av143a5_0273b9b5,no_digest,,,0,0,,
,c:\Users\USER\Desktop\CT&RPL\2_Project\KNF_LEU+ 시범연료봉 장전 인허가 과제\2026\2_계산\2_LP\LOW_Fr_MASTER_result\srv199\kit_frontier_runs_fpcamp6_j5j6~_RST.APRQ_11_0638.1-8ef29be0c8-y_kt1duz_ef77fe86,no_digest,,,0,0,,
,c:\Users\USER\Desktop\CT&RPL\2_Project\KNF_LEU+ 시범연료봉 장전 인허가 과제\2026\2_계산\2_LP\LOW_Fr_MASTER_result\srv199\kit_frontier_runs_fpcamp6_j5j6~_RST.APRQ_11_0638.1-8f3f321ac6-0i751w6h_d154d3df,no_digest,,,0,0,,
,c:\Users\USER\Desktop\CT&RPL\2_Project\KNF_LEU+ 시범연료봉 장전 인허가 과제\2026\2_계산\2_LP\LOW_Fr_MASTER_result\srv199\kit_frontier_runs_fpcamp6_j5j6~_RST.APRQ_11_0638.1-9290ecb000-3xl7bw7l_1832b264,no_digest,,,0,0,,
,c:\Users\USER\Desktop\CT&RPL\2_Project\KNF_LEU+ 시범연료봉 장전 인허가 과제\2026\2_계산\2_LP\LOW_Fr_MASTER_result\srv199\kit_frontier_runs_fpcamp6_j5j6~_RST.APRQ_11_0638.1-98794a00b0-zzqf9qj4_38dba207,no_digest,,,0,0,,
,c:\Users\USER\Desktop\CT&RPL\2_Project\KNF_LEU+ 시범연료봉 장전 인허가 과제\2026\2_계산\2_LP\LOW_Fr_MASTER_result\srv199\kit_frontier_runs_fpcamp6_j5j6~_RST.APRQ_11_0638.1-9ae7c934bd-9ax75blm_869eff12,no_digest,,,0,0,,
,c:\Users\USER\Desktop\CT&RPL\2_Project\KNF_LEU+ 시범연료봉 장전 인허가 과제\2026\2_계산\2_LP\LOW_Fr_MASTER_result\srv199\kit_frontier_runs_fpcamp6_j5j6~_RST.APRQ_11_0638.1-9c16d50a40-6mcgp4m2_b3f72004,no_digest,,,0,0,,
,c:\Users\USER\Desktop\CT&RPL\2_Project\KNF_LEU+ 시범연료봉 장전 인허가 과제\2026\2_계산\2_LP\LOW_Fr_MASTER_result\srv199\kit_frontier_runs_fpcamp6_j5j6~_RST.APRQ_11_0638.1-a1236609e1-nga7tjyw_ca70d618,no_digest,,,0,0,,
,c:\Users\USER\Desktop\CT&RPL\2_Project\KNF_LEU+ 시범연료봉 장전 인허가 과제\2026\2_계산\2_LP\LOW_Fr_MASTER_result\srv199\kit_frontier_runs_fpcamp6_j5j6~_RST.APRQ_11_0638.1-a128edf76e-a2r46v52_d9e14b8e,no_digest,,,0,0,,
,c:\Users\USER\Desktop\CT&RPL\2_Project\KNF_LEU+ 시범연료봉 장전 인허가 과제\2026\2_계산\2_LP\LOW_Fr_MASTER_result\srv199\kit_frontier_runs_fpcamp6_j5j6~_RST.APRQ_11_0638.1-a21cb46de1-z2lwo9ad_2f01ea95,no_digest,,,0,0,,
,c:\Users\USER\Desktop\CT&RPL\2_Project\KNF_LEU+ 시범연료봉 장전 인허가 과제\2026\2_계산\2_LP\LOW_Fr_MASTER_result\srv199\kit_frontier_runs_fpcamp6_j5j6~_RST.APRQ_11_0638.1-ab9ef9b1bc-c_8mbqnd_7ed6f320,no_digest,,,0,0,,
,c:\Users\USER\Desktop\CT&RPL\2_Project\KNF_LEU+ 시범연료봉 장전 인허가 과제\2026\2_계산\2_LP\LOW_Fr_MASTER_result\srv199\kit_frontier_runs_fpcamp6_j5j6~_RST.APRQ_11_0638.1-abf15fd3ee-dahoqaxf_0ef11e8b,no_digest,,,0,0,,
,c:\Users\USER\Desktop\CT&RPL\2_Project\KNF_LEU+ 시범연료봉 장전 인허가 과제\2026\2_계산\2_LP\LOW_Fr_MASTER_result\srv199\kit_frontier_runs_fpcamp6_j5j6~_RST.APRQ_11_0638.1-ac9a167dfe-5klmp77s_75b48f65,no_digest,,,0,0,,
,c:\Users\USER\Desktop\CT&RPL\2_Project\KNF_LEU+ 시범연료봉 장전 인허가 과제\2026\2_계산\2_LP\LOW_Fr_MASTER_result\srv199\kit_frontier_runs_fpcamp6_j5j6~_RST.APRQ_11_0638.1-af9d1645a4-zfeoqqmh_df85f459,no_digest,,,0,0,,
,c:\Users\USER\Desktop\CT&RPL\2_Project\KNF_LEU+ 시범연료봉 장전 인허가 과제\2026\2_계산\2_LP\LOW_Fr_MASTER_result\srv199\kit_frontier_runs_fpcamp6_j5j6~_RST.APRQ_11_0638.1-b30562e54c-mtsxh250_2b2fbcc0,no_digest,,,0,0,,
,c:\Users\USER\Desktop\CT&RPL\2_Project\KNF_LEU+ 시범연료봉 장전 인허가 과제\2026\2_계산\2_LP\LOW_Fr_MASTER_result\srv199\kit_frontier_runs_fpcamp6_j5j6~_RST.APRQ_11_0638.1-b3a27c9b62-w0vbws3r_7ad2de8b,no_digest,,,0,0,,
,c:\Users\USER\Desktop\CT&RPL\2_Project\KNF_LEU+ 시범연료봉 장전 인허가 과제\2026\2_계산\2_LP\LOW_Fr_MASTER_result\srv199\kit_frontier_runs_fpcamp6_j5j6~_RST.APRQ_11_0638.1-b63ed826c2-o_w271xb_f98a5c6e,no_digest,,,0,0,,
,c:\Users\USER\Desktop\CT&RPL\2_Project\KNF_LEU+ 시범연료봉 장전 인허가 과제\2026\2_계산\2_LP\LOW_Fr_MASTER_result\srv199\kit_frontier_runs_fpcamp6_j5j6~_RST.APRQ_11_0638.1-b7265e8f30-e9xftjur_6846e2ed,no_digest,,,0,0,,
,c:\Users\USER\Desktop\CT&RPL\2_Project\KNF_LEU+ 시범연료봉 장전 인허가 과제\2026\2_계산\2_LP\LOW_Fr_MASTER_result\srv199\kit_frontier_runs_fpcamp6_j5j6~_RST.APRQ_11_0638.1-b988af7e25-0whq7ant_62149fe3,no_digest,,,0,0,,
,c:\Users\USER\Desktop\CT&RPL\2_Project\KNF_LEU+ 시범연료봉 장전 인허가 과제\2026\2_계산\2_LP\LOW_Fr_MASTER_result\srv199\kit_frontier_runs_fpcamp6_j5j6~_RST.APRQ_11_0638.1-c216c67435-zfq7t2ay_cc3accd6,no_digest,,,0,0,,
,c:\Users\USER\Desktop\CT&RPL\2_Project\KNF_LEU+ 시범연료봉 장전 인허가 과제\2026\2_계산\2_LP\LOW_Fr_MASTER_result\srv199\kit_frontier_runs_fpcamp6_j5j6~_RST.APRQ_11_0638.1-c28c8cffb4-ugw047la_046e0eff,no_digest,,,0,0,,
,c:\Users\USER\Desktop\CT&RPL\2_Project\KNF_LEU+ 시범연료봉 장전 인허가 과제\2026\2_계산\2_LP\LOW_Fr_MASTER_result\srv199\kit_frontier_runs_fpcamp6_j5j6~_RST.APRQ_11_0638.1-c33190dbf2-d9osfm_c_dd6823d1,no_digest,,,0,0,,
,c:\Users\USER\Desktop\CT&RPL\2_Project\KNF_LEU+ 시범연료봉 장전 인허가 과제\2026\2_계산\2_LP\LOW_Fr_MASTER_result\srv199\kit_frontier_runs_fpcamp6_j5j6~_RST.APRQ_11_0638.1-c3de88bbfa-a82cqddo_b726b6d9,no_digest,,,0,0,,
,c:\Users\USER\Desktop\CT&RPL\2_Project\KNF_LEU+ 시범연료봉 장전 인허가 과제\2026\2_계산\2_LP\LOW_Fr_MASTER_result\srv199\kit_frontier_runs_fpcamp6_j5j6~_RST.APRQ_11_0638.1-c3f6f19974-1imbihzc_e1d87091,no_digest,,,0,0,,
,c:\Users\USER\Desktop\CT&RPL\2_Project\KNF_LEU+ 시범연료봉 장전 인허가 과제\2026\2_계산\2_LP\LOW_Fr_MASTER_result\srv199\kit_frontier_runs_fpcamp6_j5j6~_RST.APRQ_11_0638.1-c431c8722a-854edjwb_1edcdc9c,no_digest,,,0,0,,
,c:\Users\USER\Desktop\CT&RPL\2_Project\KNF_LEU+ 시범연료봉 장전 인허가 과제\2026\2_계산\2_LP\LOW_Fr_MASTER_result\srv199\kit_frontier_runs_fpcamp6_j5j6~_RST.APRQ_11_0638.1-c74d3c933f-pqk9z0hm_bd5a1acf,no_digest,,,0,0,,
,c:\Users\USER\Desktop\CT&RPL\2_Project\KNF_LEU+ 시범연료봉 장전 인허가 과제\2026\2_계산\2_LP\LOW_Fr_MASTER_result\srv199\kit_frontier_runs_fpcamp6_j5j6~_RST.APRQ_11_0638.1-ce17f4f8d1-xkzwylwk_aeac1e07,no_digest,,,0,0,,
,c:\Users\USER\Desktop\CT&RPL\2_Project\KNF_LEU+ 시범연료봉 장전 인허가 과제\2026\2_계산\2_LP\LOW_Fr_MASTER_result\srv199\kit_frontier_runs_fpcamp6_j5j6~_RST.APRQ_11_0638.1-d30dc55c12-66sqin_7_bd4db538,no_digest,,,0,0,,
,c:\Users\USER\Desktop\CT&RPL\2_Project\KNF_LEU+ 시범연료봉 장전 인허가 과제\2026\2_계산\2_LP\LOW_Fr_MASTER_result\srv199\kit_frontier_runs_fpcamp6_j5j6~_RST.APRQ_11_0638.1-d47e258e3e-k3d9fseq_60bfd47f,no_digest,,,0,0,,
,c:\Users\USER\Desktop\CT&RPL\2_Project\KNF_LEU+ 시범연료봉 장전 인허가 과제\2026\2_계산\2_LP\LOW_Fr_MASTER_result\srv199\kit_frontier_runs_fpcamp6_j5j6~_RST.APRQ_11_0638.1-d5b77b17f8-39x2cn5t_7edae659,no_digest,,,0,0,,
,c:\Users\USER\Desktop\CT&RPL\2_Project\KNF_LEU+ 시범연료봉 장전 인허가 과제\2026\2_계산\2_LP\LOW_Fr_MASTER_result\srv199\kit_frontier_runs_fpcamp6_j5j6~_RST.APRQ_11_0638.1-d755a9a6f4-ubbmmcw5_aa33413a,no_digest,,,0,0,,
,c:\Users\USER\Desktop\CT&RPL\2_Project\KNF_LEU+ 시범연료봉 장전 인허가 과제\2026\2_계산\2_LP\LOW_Fr_MASTER_result\srv199\kit_frontier_runs_fpcamp6_j5j6~_RST.APRQ_11_0638.1-d77a5313e4-1qs_sfwk_7561a766,no_digest,,,0,0,,
,c:\Users\USER\Desktop\CT&RPL\2_Project\KNF_LEU+ 시범연료봉 장전 인허가 과제\2026\2_계산\2_LP\LOW_Fr_MASTER_result\srv199\kit_frontier_runs_fpcamp6_j5j6~_RST.APRQ_11_0638.1-d8d5f32896-intg1j_8_8ba62e75,no_digest,,,0,0,,
,c:\Users\USER\Desktop\CT&RPL\2_Project\KNF_LEU+ 시범연료봉 장전 인허가 과제\2026\2_계산\2_LP\LOW_Fr_MASTER_result\srv199\kit_frontier_runs_fpcamp6_j5j6~_RST.APRQ_11_0638.1-d9db3f5f51-3l8sai7k_a7ada5a4,no_digest,,,0,0,,
,c:\Users\USER\Desktop\CT&RPL\2_Project\KNF_LEU+ 시범연료봉 장전 인허가 과제\2026\2_계산\2_LP\LOW_Fr_MASTER_result\srv199\kit_frontier_runs_fpcamp6_j5j6~_RST.APRQ_11_0638.1-dd0f4909d8-1ecg510t_ba9d3b44,no_digest,,,0,0,,
,c:\Users\USER\Desktop\CT&RPL\2_Project\KNF_LEU+ 시범연료봉 장전 인허가 과제\2026\2_계산\2_LP\LOW_Fr_MASTER_result\srv199\kit_frontier_runs_fpcamp6_j5j6~_RST.APRQ_11_0638.1-e18022e60e-2w4k4vsn_7d2d954f,no_digest,,,0,0,,
,c:\Users\USER\Desktop\CT&RPL\2_Project\KNF_LEU+ 시범연료봉 장전 인허가 과제\2026\2_계산\2_LP\LOW_Fr_MASTER_result\srv199\kit_frontier_runs_fpcamp6_j5j6~_RST.APRQ_11_0638.1-e1bf0b6cee-a3gf_vfa_ff7c32d4,no_digest,,,0,0,,
,c:\Users\USER\Desktop\CT&RPL\2_Project\KNF_LEU+ 시범연료봉 장전 인허가 과제\2026\2_계산\2_LP\LOW_Fr_MASTER_result\srv199\kit_frontier_runs_fpcamp6_j5j6~_RST.APRQ_11_0638.1-e90e0112e3-c6zw29d4_b8194795,no_digest,,,0,0,,
,c:\Users\USER\Desktop\CT&RPL\2_Project\KNF_LEU+ 시범연료봉 장전 인허가 과제\2026\2_계산\2_LP\LOW_Fr_MASTER_result\srv199\kit_frontier_runs_fpcamp6_j5j6~_RST.APRQ_11_0638.1-ef02de7b2b-dojxma0h_dd1db629,no_digest,,,0,0,,
,c:\Users\USER\Desktop\CT&RPL\2_Project\KNF_LEU+ 시범연료봉 장전 인허가 과제\2026\2_계산\2_LP\LOW_Fr_MASTER_result\srv199\kit_frontier_runs_fpcamp6_j5j6~_RST.APRQ_11_0638.1-f2964a9300-8hwcx1_h_4a68fc52,no_digest,,,0,0,,
,c:\Users\USER\Desktop\CT&RPL\2_Project\KNF_LEU+ 시범연료봉 장전 인허가 과제\2026\2_계산\2_LP\LOW_Fr_MASTER_result\srv199\kit_frontier_runs_fpcamp6_j5j6~_RST.APRQ_11_0638.1-f8ea633ae3-ujbonxj7_a6ffe1bf,no_digest,,,0,0,,
,c:\Users\USER\Desktop\CT&RPL\2_Project\KNF_LEU+ 시범연료봉 장전 인허가 과제\2026\2_계산\2_LP\LOW_Fr_MASTER_result\srv199\kit_frontier_runs_fpcamp6_j5j6~_RST.APRQ_11_0638.1-f949245d1e-_vvcnjcp_d0373026,no_digest,,,0,0,,
,c:\Users\USER\Desktop\CT&RPL\2_Project\KNF_LEU+ 시범연료봉 장전 인허가 과제\2026\2_계산\2_LP\LOW_Fr_MASTER_result\srv199\kit_frontier_runs_fpcamp6_j5j6~_RST.APRQ_11_0638.1-fcab92a370-58qjfbip_b44b4dfe,no_digest,,,0,0,,
,c:\Users\USER\Desktop\CT&RPL\2_Project\KNF_LEU+ 시범연료봉 장전 인허가 과제\2026\2_계산\2_LP\LOW_Fr_MASTER_result\srv199\kit_frontier_runs_fpcamp6_j5j6~_RST.APRQ_11_0638.1-fdc5f6e48c-wyb27xwu_95fe04c0,no_digest,,,0,0,,
,c:\Users\USER\Desktop\CT&RPL\2_Project\KNF_LEU+ 시범연료봉 장전 인허가 과제\2026\2_계산\2_LP\LOW_Fr_MASTER_result\srv199\kit_frontier_runs_fpcamp6_j5j6~S_RST.APRQ_11_0638.1-696112bd38-507nj2u_27493243,no_digest,,,0,0,,
,c:\Users\USER\Desktop\CT&RPL\2_Project\KNF_LEU+ 시범연료봉 장전 인허가 과제\2026\2_계산\2_LP\LOW_Fr_MASTER_result\srv199\kit_frontier_runs_fpcamp6_j5j6~S_RST.APRQ_11_0638.1-ccf312b2a5-2wdrhjd_4d942ecf,no_digest,,,0,0,,
,c:\Users\USER\Desktop\CT&RPL\2_Project\KNF_LEU+ 시범연료봉 장전 인허가 과제\2026\2_계산\2_LP\LOW_Fr_MASTER_result\srv199\kit_frontier_runs_fpcamp_199_m~_RST.APRQ_11_0635.1-041aef9a96-gj297ywp_c916d607,no_digest,,,0,0,,
,c:\Users\USER\Desktop\CT&RPL\2_Project\KNF_LEU+ 시범연료봉 장전 인허가 과제\2026\2_계산\2_LP\LOW_Fr_MASTER_result\srv199\kit_frontier_runs_fpcamp_199_m~_RST.APRQ_11_0635.1-046eda268c-hxqjyp74_a12683e9,no_digest,,,0,0,,
,c:\Users\USER\Desktop\CT&RPL\2_Project\KNF_LEU+ 시범연료봉 장전 인허가 과제\2026\2_계산\2_LP\LOW_Fr_MASTER_result\srv199\kit_frontier_runs_fpcamp_199_m~_RST.APRQ_11_0635.1-06766f2aec-aenoicrh_7235190a,no_mas_sum,,,0,0,,
,c:\Users\USER\Desktop\CT&RPL\2_Project\KNF_LEU+ 시범연료봉 장전 인허가 과제\2026\2_계산\2_LP\LOW_Fr_MASTER_result\srv199\kit_frontier_runs_fpcamp_199_m~_RST.APRQ_11_0635.1-070ef79284-xck7i01i_a2b4b01a,no_digest,,,0,0,,
,c:\Users\USER\Desktop\CT&RPL\2_Project\KNF_LEU+ 시범연료봉 장전 인허가 과제\2026\2_계산\2_LP\LOW_Fr_MASTER_result\srv199\kit_frontier_runs_fpcamp_199_m~_RST.APRQ_11_0635.1-08c29fec82-idhohg0t_7542c867,no_digest,,,0,0,,
,c:\Users\USER\Desktop\CT&RPL\2_Project\KNF_LEU+ 시범연료봉 장전 인허가 과제\2026\2_계산\2_LP\LOW_Fr_MASTER_result\srv199\kit_frontier_runs_fpcamp_199_m~_RST.APRQ_11_0635.1-09756785f2-81emqx2o_23e0b21d,no_digest,,,0,0,,
,c:\Users\USER\Desktop\CT&RPL\2_Project\KNF_LEU+ 시범연료봉 장전 인허가 과제\2026\2_계산\2_LP\LOW_Fr_MASTER_result\srv199\kit_frontier_runs_fpcamp_199_m~_RST.APRQ_11_0635.1-0c61ecf057-eksz_ztd_efb123fc,no_mas_sum,,,0,0,,
,c:\Users\USER\Desktop\CT&RPL\2_Project\KNF_LEU+ 시범연료봉 장전 인허가 과제\2026\2_계산\2_LP\LOW_Fr_MASTER_result\srv199\kit_frontier_runs_fpcamp_199_m~_RST.APRQ_11_0635.1-0e5cb5df8c-2_jkad7q_f710a781,no_digest,,,0,0,,
,c:\Users\USER\Desktop\CT&RPL\2_Project\KNF_LEU+ 시범연료봉 장전 인허가 과제\2026\2_계산\2_LP\LOW_Fr_MASTER_result\srv199\kit_frontier_runs_fpcamp_199_m~_RST.APRQ_11_0635.1-0f4e840bfe-067xlavu_e219bb1d,no_digest,,,0,0,,
,c:\Users\USER\Desktop\CT&RPL\2_Project\KNF_LEU+ 시범연료봉 장전 인허가 과제\2026\2_계산\2_LP\LOW_Fr_MASTER_result\srv199\kit_frontier_runs_fpcamp_199_m~_RST.APRQ_11_0635.1-10af9a9134-le85w9wh_6ab1e373,no_digest,,,0,0,,
,c:\Users\USER\Desktop\CT&RPL\2_Project\KNF_LEU+ 시범연료봉 장전 인허가 과제\2026\2_계산\2_LP\LOW_Fr_MASTER_result\srv199\kit_frontier_runs_fpcamp_199_m~_RST.APRQ_11_0635.1-10f68394c1-a7hlgszo_8cccea09,no_digest,,,0,0,,
,c:\Users\USER\Desktop\CT&RPL\2_Project\KNF_LEU+ 시범연료봉 장전 인허가 과제\2026\2_계산\2_LP\LOW_Fr_MASTER_result\srv199\kit_frontier_runs_fpcamp_199_m~_RST.APRQ_11_0635.1-114ecb49b5-ckiry2f6_e9b275ab,no_digest,,,0,0,,
,c:\Users\USER\Desktop\CT&RPL\2_Project\KNF_LEU+ 시범연료봉 장전 인허가 과제\2026\2_계산\2_LP\LOW_Fr_MASTER_result\srv199\kit_frontier_runs_fpcamp_199_m~_RST.APRQ_11_0635.1-124b7543d7-8g1i_m94_6625f638,no_digest,,,0,0,,
,c:\Users\USER\Desktop\CT&RPL\2_Project\KNF_LEU+ 시범연료봉 장전 인허가 과제\2026\2_계산\2_LP\LOW_Fr_MASTER_result\srv199\kit_frontier_runs_fpcamp_199_m~_RST.APRQ_11_0635.1-13209b67fc-zkbt20gq_60f1d2a2,no_digest,,,0,0,,
,c:\Users\USER\Desktop\CT&RPL\2_Project\KNF_LEU+ 시범연료봉 장전 인허가 과제\2026\2_계산\2_LP\LOW_Fr_MASTER_result\srv199\kit_frontier_runs_fpcamp_199_m~_RST.APRQ_11_0635.1-139661f0c3-hcw1tcdg_4df65dc8,no_digest,,,0,0,,
,c:\Users\USER\Desktop\CT&RPL\2_Project\KNF_LEU+ 시범연료봉 장전 인허가 과제\2026\2_계산\2_LP\LOW_Fr_MASTER_result\srv199\kit_frontier_runs_fpcamp_199_m~_RST.APRQ_11_0635.1-17cf264c68-1vrpv5b3_f7b34068,no_digest,,,0,0,,
,c:\Users\USER\Desktop\CT&RPL\2_Project\KNF_LEU+ 시범연료봉 장전 인허가 과제\2026\2_계산\2_LP\LOW_Fr_MASTER_result\srv199\kit_frontier_runs_fpcamp_199_m~_RST.APRQ_11_0635.1-182cad452d-k_wx51c6_9e90e822,no_digest,,,0,0,,
,c:\Users\USER\Desktop\CT&RPL\2_Project\KNF_LEU+ 시범연료봉 장전 인허가 과제\2026\2_계산\2_LP\LOW_Fr_MASTER_result\srv199\kit_frontier_runs_fpcamp_199_m~_RST.APRQ_11_0635.1-1b020ff0a6-76nnjqmt_628a5b75,no_digest,,,0,0,,
,c:\Users\USER\Desktop\CT&RPL\2_Project\KNF_LEU+ 시범연료봉 장전 인허가 과제\2026\2_계산\2_LP\LOW_Fr_MASTER_result\srv199\kit_frontier_runs_fpcamp_199_m~_RST.APRQ_11_0635.1-1c4e0856a6-_56wqgyi_1b67c95e,no_digest,,,0,0,,
,c:\Users\USER\Desktop\CT&RPL\2_Project\KNF_LEU+ 시범연료봉 장전 인허가 과제\2026\2_계산\2_LP\LOW_Fr_MASTER_result\srv199\kit_frontier_runs_fpcamp_199_m~_RST.APRQ_11_0635.1-1d30170e36-v99fhnwa_4e968a6c,no_digest,,,0,0,,
,c:\Users\USER\Desktop\CT&RPL\2_Project\KNF_LEU+ 시범연료봉 장전 인허가 과제\2026\2_계산\2_LP\LOW_Fr_MASTER_result\srv199\kit_frontier_runs_fpcamp_199_m~_RST.APRQ_11_0635.1-200316ea33-6t07czka_e942631d,no_digest,,,0,0,,
,c:\Users\USER\Desktop\CT&RPL\2_Project\KNF_LEU+ 시범연료봉 장전 인허가 과제\2026\2_계산\2_LP\LOW_Fr_MASTER_result\srv199\kit_frontier_runs_fpcamp_199_m~_RST.APRQ_11_0635.1-20e1b49d89-3uq1x4wx_2be93bfc,no_digest,,,0,0,,
,c:\Users\USER\Desktop\CT&RPL\2_Project\KNF_LEU+ 시범연료봉 장전 인허가 과제\2026\2_계산\2_LP\LOW_Fr_MASTER_result\srv199\kit_frontier_runs_fpcamp_199_m~_RST.APRQ_11_0635.1-21771bbd72-357uhl_x_559c59df,no_digest,,,0,0,,
,c:\Users\USER\Desktop\CT&RPL\2_Project\KNF_LEU+ 시범연료봉 장전 인허가 과제\2026\2_계산\2_LP\LOW_Fr_MASTER_result\srv199\kit_frontier_runs_fpcamp_199_m~_RST.APRQ_11_0635.1-23706d8f08-f2q5xrj0_c5a2894f,no_digest,,,0,0,,
,c:\Users\USER\Desktop\CT&RPL\2_Project\KNF_LEU+ 시범연료봉 장전 인허가 과제\2026\2_계산\2_LP\LOW_Fr_MASTER_result\srv199\kit_frontier_runs_fpcamp_199_m~_RST.APRQ_11_0635.1-23c1a7c0a0-7qdwkrfo_4bda5f07,no_digest,,,0,0,,
,c:\Users\USER\Desktop\CT&RPL\2_Project\KNF_LEU+ 시범연료봉 장전 인허가 과제\2026\2_계산\2_LP\LOW_Fr_MASTER_result\srv199\kit_frontier_runs_fpcamp_199_m~_RST.APRQ_11_0635.1-23dba71f85-zxxkfsrj_b76e8455,no_digest,,,0,0,,
,c:\Users\USER\Desktop\CT&RPL\2_Project\KNF_LEU+ 시범연료봉 장전 인허가 과제\2026\2_계산\2_LP\LOW_Fr_MASTER_result\srv199\kit_frontier_runs_fpcamp_199_m~_RST.APRQ_11_0635.1-24ea690e50-7hjkzofp_848afddb,no_digest,,,0,0,,
,c:\Users\USER\Desktop\CT&RPL\2_Project\KNF_LEU+ 시범연료봉 장전 인허가 과제\2026\2_계산\2_LP\LOW_Fr_MASTER_result\srv199\kit_frontier_runs_fpcamp_199_m~_RST.APRQ_11_0635.1-25ff2e7280-cw1raxqi_573e0bd1,no_digest,,,0,0,,
,c:\Users\USER\Desktop\CT&RPL\2_Project\KNF_LEU+ 시범연료봉 장전 인허가 과제\2026\2_계산\2_LP\LOW_Fr_MASTER_result\srv199\kit_frontier_runs_fpcamp_199_m~_RST.APRQ_11_0635.1-2772090052-jbmof8t3_8bd711e1,no_digest,,,0,0,,
,c:\Users\USER\Desktop\CT&RPL\2_Project\KNF_LEU+ 시범연료봉 장전 인허가 과제\2026\2_계산\2_LP\LOW_Fr_MASTER_result\srv199\kit_frontier_runs_fpcamp_199_m~_RST.APRQ_11_0635.1-2856883d05-52rn934f_832fdb9b,no_digest,,,0,0,,
,c:\Users\USER\Desktop\CT&RPL\2_Project\KNF_LEU+ 시범연료봉 장전 인허가 과제\2026\2_계산\2_LP\LOW_Fr_MASTER_result\srv199\kit_frontier_runs_fpcamp_199_m~_RST.APRQ_11_0635.1-28c371fa38-b2nh3psw_dba083d9,no_digest,,,0,0,,
,c:\Users\USER\Desktop\CT&RPL\2_Project\KNF_LEU+ 시범연료봉 장전 인허가 과제\2026\2_계산\2_LP\LOW_Fr_MASTER_result\srv199\kit_frontier_runs_fpcamp_199_m~_RST.APRQ_11_0635.1-294a99e583-fp9q5ia9_6d1c8372,no_digest,,,0,0,,
,c:\Users\USER\Desktop\CT&RPL\2_Project\KNF_LEU+ 시범연료봉 장전 인허가 과제\2026\2_계산\2_LP\LOW_Fr_MASTER_result\srv199\kit_frontier_runs_fpcamp_199_m~_RST.APRQ_11_0635.1-2b07569e42-vbpbtbfb_d06a91dd,no_digest,,,0,0,,
,c:\Users\USER\Desktop\CT&RPL\2_Project\KNF_LEU+ 시범연료봉 장전 인허가 과제\2026\2_계산\2_LP\LOW_Fr_MASTER_result\srv199\kit_frontier_runs_fpcamp_199_m~_RST.APRQ_11_0635.1-2b0834e7c7-cc3u4qwt_4f8708fb,no_digest,,,0,0,,
,c:\Users\USER\Desktop\CT&RPL\2_Project\KNF_LEU+ 시범연료봉 장전 인허가 과제\2026\2_계산\2_LP\LOW_Fr_MASTER_result\srv199\kit_frontier_runs_fpcamp_199_m~_RST.APRQ_11_0635.1-2b0e6d43a7-f6l3kh2f_182c416d,no_digest,,,0,0,,
,c:\Users\USER\Desktop\CT&RPL\2_Project\KNF_LEU+ 시범연료봉 장전 인허가 과제\2026\2_계산\2_LP\LOW_Fr_MASTER_result\srv199\kit_frontier_runs_fpcamp_199_m~_RST.APRQ_11_0635.1-2bd6f2a5bf-6mmp8f27_6b400d99,no_digest,,,0,0,,
,c:\Users\USER\Desktop\CT&RPL\2_Project\KNF_LEU+ 시범연료봉 장전 인허가 과제\2026\2_계산\2_LP\LOW_Fr_MASTER_result\srv199\kit_frontier_runs_fpcamp_199_m~_RST.APRQ_11_0635.1-2c5993f54b-ys_saful_33fe8748,no_digest,,,0,0,,
,c:\Users\USER\Desktop\CT&RPL\2_Project\KNF_LEU+ 시범연료봉 장전 인허가 과제\2026\2_계산\2_LP\LOW_Fr_MASTER_result\srv199\kit_frontier_runs_fpcamp_199_m~_RST.APRQ_11_0635.1-2cd8c59fa3-b9or73jt_fd6558be,no_digest,,,0,0,,
,c:\Users\USER\Desktop\CT&RPL\2_Project\KNF_LEU+ 시범연료봉 장전 인허가 과제\2026\2_계산\2_LP\LOW_Fr_MASTER_result\srv199\kit_frontier_runs_fpcamp_199_m~_RST.APRQ_11_0635.1-2cd9a6e024-fegbqag3_d7d4b8e5,no_digest,,,0,0,,
,c:\Users\USER\Desktop\CT&RPL\2_Project\KNF_LEU+ 시범연료봉 장전 인허가 과제\2026\2_계산\2_LP\LOW_Fr_MASTER_result\srv199\kit_frontier_runs_fpcamp_199_m~_RST.APRQ_11_0635.1-2f8e7af912-v9s_bk8c_5dcf5ce6,no_digest,,,0,0,,
,c:\Users\USER\Desktop\CT&RPL\2_Project\KNF_LEU+ 시범연료봉 장전 인허가 과제\2026\2_계산\2_LP\LOW_Fr_MASTER_result\srv199\kit_frontier_runs_fpcamp_199_m~_RST.APRQ_11_0635.1-32791318e1-npnpuk4w_d53fa2a1,no_digest,,,0,0,,
,c:\Users\USER\Desktop\CT&RPL\2_Project\KNF_LEU+ 시범연료봉 장전 인허가 과제\2026\2_계산\2_LP\LOW_Fr_MASTER_result\srv199\kit_frontier_runs_fpcamp_199_m~_RST.APRQ_11_0635.1-33a8b12250-_5aponsw_6ba95ae4,no_digest,,,0,0,,
,c:\Users\USER\Desktop\CT&RPL\2_Project\KNF_LEU+ 시범연료봉 장전 인허가 과제\2026\2_계산\2_LP\LOW_Fr_MASTER_result\srv199\kit_frontier_runs_fpcamp_199_m~_RST.APRQ_11_0635.1-33dca83936-szucaub5_d033f8ab,no_digest,,,0,0,,
,c:\Users\USER\Desktop\CT&RPL\2_Project\KNF_LEU+ 시범연료봉 장전 인허가 과제\2026\2_계산\2_LP\LOW_Fr_MASTER_result\srv199\kit_frontier_runs_fpcamp_199_m~_RST.APRQ_11_0635.1-3426e12b48-xidoqxgk_910276e2,no_digest,,,0,0,,
,c:\Users\USER\Desktop\CT&RPL\2_Project\KNF_LEU+ 시범연료봉 장전 인허가 과제\2026\2_계산\2_LP\LOW_Fr_MASTER_result\srv199\kit_frontier_runs_fpcamp_199_m~_RST.APRQ_11_0635.1-3808fb0b97-6yd5ikzg_e8430161,no_digest,,,0,0,,
,c:\Users\USER\Desktop\CT&RPL\2_Project\KNF_LEU+ 시범연료봉 장전 인허가 과제\2026\2_계산\2_LP\LOW_Fr_MASTER_result\srv199\kit_frontier_runs_fpcamp_199_m~_RST.APRQ_11_0635.1-3a1d5fd079-m04nly2v_a5589695,no_digest,,,0,0,,
,c:\Users\USER\Desktop\CT&RPL\2_Project\KNF_LEU+ 시범연료봉 장전 인허가 과제\2026\2_계산\2_LP\LOW_Fr_MASTER_result\srv199\kit_frontier_runs_fpcamp_199_m~_RST.APRQ_11_0635.1-3ae905f15d-2ob6irtj_c7b5c97f,no_digest,,,0,0,,
,c:\Users\USER\Desktop\CT&RPL\2_Project\KNF_LEU+ 시범연료봉 장전 인허가 과제\2026\2_계산\2_LP\LOW_Fr_MASTER_result\srv199\kit_frontier_runs_fpcamp_199_m~_RST.APRQ_11_0635.1-3bc40cd5b3-etgq7exw_30601128,no_digest,,,0,0,,
,c:\Users\USER\Desktop\CT&RPL\2_Project\KNF_LEU+ 시범연료봉 장전 인허가 과제\2026\2_계산\2_LP\LOW_Fr_MASTER_result\srv199\kit_frontier_runs_fpcamp_199_m~_RST.APRQ_11_0635.1-3c47b1aad1-vxm5g7gb_a2e860f8,no_digest,,,0,0,,
,c:\Users\USER\Desktop\CT&RPL\2_Project\KNF_LEU+ 시범연료봉 장전 인허가 과제\2026\2_계산\2_LP\LOW_Fr_MASTER_result\srv199\kit_frontier_runs_fpcamp_199_m~_RST.APRQ_11_0635.1-3c7be89691-1ey9ibi4_18070898,no_digest,,,0,0,,
,c:\Users\USER\Desktop\CT&RPL\2_Project\KNF_LEU+ 시범연료봉 장전 인허가 과제\2026\2_계산\2_LP\LOW_Fr_MASTER_result\srv199\kit_frontier_runs_fpcamp_199_m~_RST.APRQ_11_0635.1-3ca440be18-bha696av_d74901c1,no_digest,,,0,0,,
,c:\Users\USER\Desktop\CT&RPL\2_Project\KNF_LEU+ 시범연료봉 장전 인허가 과제\2026\2_계산\2_LP\LOW_Fr_MASTER_result\srv199\kit_frontier_runs_fpcamp_199_m~_RST.APRQ_11_0635.1-43a1d48c28-0ev7s5hu_28382cfc,no_digest,,,0,0,,
,c:\Users\USER\Desktop\CT&RPL\2_Project\KNF_LEU+ 시범연료봉 장전 인허가 과제\2026\2_계산\2_LP\LOW_Fr_MASTER_result\srv199\kit_frontier_runs_fpcamp_199_m~_RST.APRQ_11_0635.1-44935c25b1-3zs4wcxd_5d6c8dc3,no_digest,,,0,0,,
,c:\Users\USER\Desktop\CT&RPL\2_Project\KNF_LEU+ 시범연료봉 장전 인허가 과제\2026\2_계산\2_LP\LOW_Fr_MASTER_result\srv199\kit_frontier_runs_fpcamp_199_m~_RST.APRQ_11_0635.1-477e2049b6-7mu_4c6f_0af4ae31,no_digest,,,0,0,,
,c:\Users\USER\Desktop\CT&RPL\2_Project\KNF_LEU+ 시범연료봉 장전 인허가 과제\2026\2_계산\2_LP\LOW_Fr_MASTER_result\srv199\kit_frontier_runs_fpcamp_199_m~_RST.APRQ_11_0635.1-47c75a2de8-vz84pcpx_5c0bb8f3,no_digest,,,0,0,,
,c:\Users\USER\Desktop\CT&RPL\2_Project\KNF_LEU+ 시범연료봉 장전 인허가 과제\2026\2_계산\2_LP\LOW_Fr_MASTER_result\srv199\kit_frontier_runs_fpcamp_199_m~_RST.APRQ_11_0635.1-4951318708-ubd42qz4_f9ae73fc,no_digest,,,0,0,,
,c:\Users\USER\Desktop\CT&RPL\2_Project\KNF_LEU+ 시범연료봉 장전 인허가 과제\2026\2_계산\2_LP\LOW_Fr_MASTER_result\srv199\kit_frontier_runs_fpcamp_199_m~_RST.APRQ_11_0635.1-4c6cab2b8b-nbmq1xmn_5380a228,no_digest,,,0,0,,
,c:\Users\USER\Desktop\CT&RPL\2_Project\KNF_LEU+ 시범연료봉 장전 인허가 과제\2026\2_계산\2_LP\LOW_Fr_MASTER_result\srv199\kit_frontier_runs_fpcamp_199_m~_RST.APRQ_11_0635.1-4cb5ea5dc4-3r4w5v8m_203a705c,no_digest,,,0,0,,
,c:\Users\USER\Desktop\CT&RPL\2_Project\KNF_LEU+ 시범연료봉 장전 인허가 과제\2026\2_계산\2_LP\LOW_Fr_MASTER_result\srv199\kit_frontier_runs_fpcamp_199_m~_RST.APRQ_11_0635.1-4ea2c6216b-af6ijoy6_09929282,no_digest,,,0,0,,
,c:\Users\USER\Desktop\CT&RPL\2_Project\KNF_LEU+ 시범연료봉 장전 인허가 과제\2026\2_계산\2_LP\LOW_Fr_MASTER_result\srv199\kit_frontier_runs_fpcamp_199_m~_RST.APRQ_11_0635.1-4ea2c6216b-ol0ic42b_b14f8188,no_digest,,,0,0,,
,c:\Users\USER\Desktop\CT&RPL\2_Project\KNF_LEU+ 시범연료봉 장전 인허가 과제\2026\2_계산\2_LP\LOW_Fr_MASTER_result\srv199\kit_frontier_runs_fpcamp_199_m~_RST.APRQ_11_0635.1-5106547cb6-nlm_2kxw_2bacd9e4,no_digest,,,0,0,,
,c:\Users\USER\Desktop\CT&RPL\2_Project\KNF_LEU+ 시범연료봉 장전 인허가 과제\2026\2_계산\2_LP\LOW_Fr_MASTER_result\srv199\kit_frontier_runs_fpcamp_199_m~_RST.APRQ_11_0635.1-543e998beb-072eo9en_ee1aef57,no_digest,,,0,0,,
,c:\Users\USER\Desktop\CT&RPL\2_Project\KNF_LEU+ 시범연료봉 장전 인허가 과제\2026\2_계산\2_LP\LOW_Fr_MASTER_result\srv199\kit_frontier_runs_fpcamp_199_m~_RST.APRQ_11_0635.1-546656aaf8-7xs8ncxw_e57a3585,no_digest,,,0,0,,
,c:\Users\USER\Desktop\CT&RPL\2_Project\KNF_LEU+ 시범연료봉 장전 인허가 과제\2026\2_계산\2_LP\LOW_Fr_MASTER_result\srv199\kit_frontier_runs_fpcamp_199_m~_RST.APRQ_11_0635.1-553f7d218d-e5niox1g_313d6824,no_digest,,,0,0,,
,c:\Users\USER\Desktop\CT&RPL\2_Project\KNF_LEU+ 시범연료봉 장전 인허가 과제\2026\2_계산\2_LP\LOW_Fr_MASTER_result\srv199\kit_frontier_runs_fpcamp_199_m~_RST.APRQ_11_0635.1-571c5be631-iz19yuk9_c45c1cba,no_digest,,,0,0,,
,c:\Users\USER\Desktop\CT&RPL\2_Project\KNF_LEU+ 시범연료봉 장전 인허가 과제\2026\2_계산\2_LP\LOW_Fr_MASTER_result\srv199\kit_frontier_runs_fpcamp_199_m~_RST.APRQ_11_0635.1-5a463dda46-f8j6jla8_327d1cf2,no_digest,,,0,0,,
,c:\Users\USER\Desktop\CT&RPL\2_Project\KNF_LEU+ 시범연료봉 장전 인허가 과제\2026\2_계산\2_LP\LOW_Fr_MASTER_result\srv199\kit_frontier_runs_fpcamp_199_m~_RST.APRQ_11_0635.1-5a81eb011a-32r5k2nj_91a5b666,no_digest,,,0,0,,
,c:\Users\USER\Desktop\CT&RPL\2_Project\KNF_LEU+ 시범연료봉 장전 인허가 과제\2026\2_계산\2_LP\LOW_Fr_MASTER_result\srv199\kit_frontier_runs_fpcamp_199_m~_RST.APRQ_11_0635.1-5b7e7ab224-wuuihx57_c6c90c35,no_digest,,,0,0,,
,c:\Users\USER\Desktop\CT&RPL\2_Project\KNF_LEU+ 시범연료봉 장전 인허가 과제\2026\2_계산\2_LP\LOW_Fr_MASTER_result\srv199\kit_frontier_runs_fpcamp_199_m~_RST.APRQ_11_0635.1-5cbe24c6ba-ytkhv_gw_7b8f1523,no_digest,,,0,0,,
,c:\Users\USER\Desktop\CT&RPL\2_Project\KNF_LEU+ 시범연료봉 장전 인허가 과제\2026\2_계산\2_LP\LOW_Fr_MASTER_result\srv199\kit_frontier_runs_fpcamp_199_m~_RST.APRQ_11_0635.1-652bc4d049-j3pcms92_77d07e40,no_digest,,,0,0,,
,c:\Users\USER\Desktop\CT&RPL\2_Project\KNF_LEU+ 시범연료봉 장전 인허가 과제\2026\2_계산\2_LP\LOW_Fr_MASTER_result\srv199\kit_frontier_runs_fpcamp_199_m~_RST.APRQ_11_0635.1-6543ffd2a2-3683_k1e_7dc2ba4d,no_digest,,,0,0,,
,c:\Users\USER\Desktop\CT&RPL\2_Project\KNF_LEU+ 시범연료봉 장전 인허가 과제\2026\2_계산\2_LP\LOW_Fr_MASTER_result\srv199\kit_frontier_runs_fpcamp_199_m~_RST.APRQ_11_0635.1-66297443ad-_zzrwwyp_bb1462fa,no_digest,,,0,0,,
,c:\Users\USER\Desktop\CT&RPL\2_Project\KNF_LEU+ 시범연료봉 장전 인허가 과제\2026\2_계산\2_LP\LOW_Fr_MASTER_result\srv199\kit_frontier_runs_fpcamp_199_m~_RST.APRQ_11_0635.1-67990e6026-3t4i3037_dbb519e7,no_digest,,,0,0,,
,c:\Users\USER\Desktop\CT&RPL\2_Project\KNF_LEU+ 시범연료봉 장전 인허가 과제\2026\2_계산\2_LP\LOW_Fr_MASTER_result\srv199\kit_frontier_runs_fpcamp_199_m~_RST.APRQ_11_0635.1-67b46cee41-dogzi16g_323de1f4,no_digest,,,0,0,,
,c:\Users\USER\Desktop\CT&RPL\2_Project\KNF_LEU+ 시범연료봉 장전 인허가 과제\2026\2_계산\2_LP\LOW_Fr_MASTER_result\srv199\kit_frontier_runs_fpcamp_199_m~_RST.APRQ_11_0635.1-6891775f1c-txpetlow_0f172143,no_digest,,,0,0,,
,c:\Users\USER\Desktop\CT&RPL\2_Project\KNF_LEU+ 시범연료봉 장전 인허가 과제\2026\2_계산\2_LP\LOW_Fr_MASTER_result\srv199\kit_frontier_runs_fpcamp_199_m~_RST.APRQ_11_0635.1-689dead537-rxv2589d_1a52abf4,no_digest,,,0,0,,
,c:\Users\USER\Desktop\CT&RPL\2_Project\KNF_LEU+ 시범연료봉 장전 인허가 과제\2026\2_계산\2_LP\LOW_Fr_MASTER_result\srv199\kit_frontier_runs_fpcamp_199_m~_RST.APRQ_11_0635.1-694cddf77e-wg_senwj_bf322ee3,no_digest,,,0,0,,
,c:\Users\USER\Desktop\CT&RPL\2_Project\KNF_LEU+ 시범연료봉 장전 인허가 과제\2026\2_계산\2_LP\LOW_Fr_MASTER_result\srv199\kit_frontier_runs_fpcamp_199_m~_RST.APRQ_11_0635.1-69b44b1b9e-ixlr3flb_c1095644,no_digest,,,0,0,,
,c:\Users\USER\Desktop\CT&RPL\2_Project\KNF_LEU+ 시범연료봉 장전 인허가 과제\2026\2_계산\2_LP\LOW_Fr_MASTER_result\srv199\kit_frontier_runs_fpcamp_199_m~_RST.APRQ_11_0635.1-6a85fb326b-z63kxi1w_f81f862f,no_digest,,,0,0,,
,c:\Users\USER\Desktop\CT&RPL\2_Project\KNF_LEU+ 시범연료봉 장전 인허가 과제\2026\2_계산\2_LP\LOW_Fr_MASTER_result\srv199\kit_frontier_runs_fpcamp_199_m~_RST.APRQ_11_0635.1-6b854bc8f9-ckj_4qfl_88c66a43,no_digest,,,0,0,,
,c:\Users\USER\Desktop\CT&RPL\2_Project\KNF_LEU+ 시범연료봉 장전 인허가 과제\2026\2_계산\2_LP\LOW_Fr_MASTER_result\srv199\kit_frontier_runs_fpcamp_199_m~_RST.APRQ_11_0635.1-6cfa6f9755-k9_wtkfn_d4c558c7,no_digest,,,0,0,,
,c:\Users\USER\Desktop\CT&RPL\2_Project\KNF_LEU+ 시범연료봉 장전 인허가 과제\2026\2_계산\2_LP\LOW_Fr_MASTER_result\srv199\kit_frontier_runs_fpcamp_199_m~_RST.APRQ_11_0635.1-6da618ab78-7iv0kn_s_f0083ffc,no_digest,,,0,0,,
,c:\Users\USER\Desktop\CT&RPL\2_Project\KNF_LEU+ 시범연료봉 장전 인허가 과제\2026\2_계산\2_LP\LOW_Fr_MASTER_result\srv199\kit_frontier_runs_fpcamp_199_m~_RST.APRQ_11_0635.1-716fe0a98f-bxfxpsaq_dc1c285d,no_digest,,,0,0,,
,c:\Users\USER\Desktop\CT&RPL\2_Project\KNF_LEU+ 시범연료봉 장전 인허가 과제\2026\2_계산\2_LP\LOW_Fr_MASTER_result\srv199\kit_frontier_runs_fpcamp_199_m~_RST.APRQ_11_0635.1-718de882da-wntqnf59_d44c9e16,no_digest,,,0,0,,
,c:\Users\USER\Desktop\CT&RPL\2_Project\KNF_LEU+ 시범연료봉 장전 인허가 과제\2026\2_계산\2_LP\LOW_Fr_MASTER_result\srv199\kit_frontier_runs_fpcamp_199_m~_RST.APRQ_11_0635.1-7199456f25-iqawyart_e06fc026,no_digest,,,0,0,,
,c:\Users\USER\Desktop\CT&RPL\2_Project\KNF_LEU+ 시범연료봉 장전 인허가 과제\2026\2_계산\2_LP\LOW_Fr_MASTER_result\srv199\kit_frontier_runs_fpcamp_199_m~_RST.APRQ_11_0635.1-73062fdcb8-02wh5dw1_9399094f,no_digest,,,0,0,,
,c:\Users\USER\Desktop\CT&RPL\2_Project\KNF_LEU+ 시범연료봉 장전 인허가 과제\2026\2_계산\2_LP\LOW_Fr_MASTER_result\srv199\kit_frontier_runs_fpcamp_199_m~_RST.APRQ_11_0635.1-73ddf08e13-ebakxkwg_0a37f8e7,no_digest,,,0,0,,
,c:\Users\USER\Desktop\CT&RPL\2_Project\KNF_LEU+ 시범연료봉 장전 인허가 과제\2026\2_계산\2_LP\LOW_Fr_MASTER_result\srv199\kit_frontier_runs_fpcamp_199_m~_RST.APRQ_11_0635.1-76085a209b-utbnb853_5d34c870,no_digest,,,0,0,,
,c:\Users\USER\Desktop\CT&RPL\2_Project\KNF_LEU+ 시범연료봉 장전 인허가 과제\2026\2_계산\2_LP\LOW_Fr_MASTER_result\srv199\kit_frontier_runs_fpcamp_199_m~_RST.APRQ_11_0635.1-76f2f8def0-6x3zip2k_15ed092c,no_digest,,,0,0,,
,c:\Users\USER\Desktop\CT&RPL\2_Project\KNF_LEU+ 시범연료봉 장전 인허가 과제\2026\2_계산\2_LP\LOW_Fr_MASTER_result\srv199\kit_frontier_runs_fpcamp_199_m~_RST.APRQ_11_0635.1-77bcc55529-2kadtb3p_17f4ebc0,no_digest,,,0,0,,
,c:\Users\USER\Desktop\CT&RPL\2_Project\KNF_LEU+ 시범연료봉 장전 인허가 과제\2026\2_계산\2_LP\LOW_Fr_MASTER_result\srv199\kit_frontier_runs_fpcamp_199_m~_RST.APRQ_11_0635.1-77d17f2592-e6ae0lpl_07f2f3a0,no_digest,,,0,0,,
,c:\Users\USER\Desktop\CT&RPL\2_Project\KNF_LEU+ 시범연료봉 장전 인허가 과제\2026\2_계산\2_LP\LOW_Fr_MASTER_result\srv199\kit_frontier_runs_fpcamp_199_m~_RST.APRQ_11_0635.1-782bb89cbe-7li1q_6r_0c511a63,no_digest,,,0,0,,
,c:\Users\USER\Desktop\CT&RPL\2_Project\KNF_LEU+ 시범연료봉 장전 인허가 과제\2026\2_계산\2_LP\LOW_Fr_MASTER_result\srv199\kit_frontier_runs_fpcamp_199_m~_RST.APRQ_11_0635.1-7872220fa8-9lxfgd17_9fefd6c4,no_digest,,,0,0,,
,c:\Users\USER\Desktop\CT&RPL\2_Project\KNF_LEU+ 시범연료봉 장전 인허가 과제\2026\2_계산\2_LP\LOW_Fr_MASTER_result\srv199\kit_frontier_runs_fpcamp_199_m~_RST.APRQ_11_0635.1-79cc98048e-thegfya8_639d2bc2,no_digest,,,0,0,,
,c:\Users\USER\Desktop\CT&RPL\2_Project\KNF_LEU+ 시범연료봉 장전 인허가 과제\2026\2_계산\2_LP\LOW_Fr_MASTER_result\srv199\kit_frontier_runs_fpcamp_199_m~_RST.APRQ_11_0635.1-7adad16784-lctfp64r_2195731c,no_digest,,,0,0,,
,c:\Users\USER\Desktop\CT&RPL\2_Project\KNF_LEU+ 시범연료봉 장전 인허가 과제\2026\2_계산\2_LP\LOW_Fr_MASTER_result\srv199\kit_frontier_runs_fpcamp_199_m~_RST.APRQ_11_0635.1-7c2529f639-nd4wdhx0_7fdbb79a,no_digest,,,0,0,,
,c:\Users\USER\Desktop\CT&RPL\2_Project\KNF_LEU+ 시범연료봉 장전 인허가 과제\2026\2_계산\2_LP\LOW_Fr_MASTER_result\srv199\kit_frontier_runs_fpcamp_199_m~_RST.APRQ_11_0635.1-7c66372dda-yphodyho_0d1a850a,no_digest,,,0,0,,
,c:\Users\USER\Desktop\CT&RPL\2_Project\KNF_LEU+ 시범연료봉 장전 인허가 과제\2026\2_계산\2_LP\LOW_Fr_MASTER_result\srv199\kit_frontier_runs_fpcamp_199_m~_RST.APRQ_11_0635.1-7ce2e5df5c-1idaajyl_45196eb8,no_digest,,,0,0,,
,c:\Users\USER\Desktop\CT&RPL\2_Project\KNF_LEU+ 시범연료봉 장전 인허가 과제\2026\2_계산\2_LP\LOW_Fr_MASTER_result\srv199\kit_frontier_runs_fpcamp_199_m~_RST.APRQ_11_0635.1-7cec500b6d-eu7xsme0_1bb1f5cf,no_digest,,,0,0,,
,c:\Users\USER\Desktop\CT&RPL\2_Project\KNF_LEU+ 시범연료봉 장전 인허가 과제\2026\2_계산\2_LP\LOW_Fr_MASTER_result\srv199\kit_frontier_runs_fpcamp_199_m~_RST.APRQ_11_0635.1-7db59b3e34-pac1bu_e_404eef41,no_digest,,,0,0,,
,c:\Users\USER\Desktop\CT&RPL\2_Project\KNF_LEU+ 시범연료봉 장전 인허가 과제\2026\2_계산\2_LP\LOW_Fr_MASTER_result\srv199\kit_frontier_runs_fpcamp_199_m~_RST.APRQ_11_0635.1-803fa0d1d8-4fp78hxg_a7dc8f2d,no_digest,,,0,0,,
,c:\Users\USER\Desktop\CT&RPL\2_Project\KNF_LEU+ 시범연료봉 장전 인허가 과제\2026\2_계산\2_LP\LOW_Fr_MASTER_result\srv199\kit_frontier_runs_fpcamp_199_m~_RST.APRQ_11_0635.1-80be8dda75-iv20qksw_185daa23,no_digest,,,0,0,,
,c:\Users\USER\Desktop\CT&RPL\2_Project\KNF_LEU+ 시범연료봉 장전 인허가 과제\2026\2_계산\2_LP\LOW_Fr_MASTER_result\srv199\kit_frontier_runs_fpcamp_199_m~_RST.APRQ_11_0635.1-81c29cb001-v_pcxgci_cbff8d47,no_digest,,,0,0,,
,c:\Users\USER\Desktop\CT&RPL\2_Project\KNF_LEU+ 시범연료봉 장전 인허가 과제\2026\2_계산\2_LP\LOW_Fr_MASTER_result\srv199\kit_frontier_runs_fpcamp_199_m~_RST.APRQ_11_0635.1-83587dfcaf-5cszjuoc_be324e93,no_digest,,,0,0,,
,c:\Users\USER\Desktop\CT&RPL\2_Project\KNF_LEU+ 시범연료봉 장전 인허가 과제\2026\2_계산\2_LP\LOW_Fr_MASTER_result\srv199\kit_frontier_runs_fpcamp_199_m~_RST.APRQ_11_0635.1-83d50bfa10-t_y5rij6_b0368cff,no_digest,,,0,0,,
,c:\Users\USER\Desktop\CT&RPL\2_Project\KNF_LEU+ 시범연료봉 장전 인허가 과제\2026\2_계산\2_LP\LOW_Fr_MASTER_result\srv199\kit_frontier_runs_fpcamp_199_m~_RST.APRQ_11_0635.1-83d50bfa10-vhmds688_e608ad02,no_digest,,,0,0,,
,c:\Users\USER\Desktop\CT&RPL\2_Project\KNF_LEU+ 시범연료봉 장전 인허가 과제\2026\2_계산\2_LP\LOW_Fr_MASTER_result\srv199\kit_frontier_runs_fpcamp_199_m~_RST.APRQ_11_0635.1-85b7744bdd-063oapy6_82c678db,no_digest,,,0,0,,
,c:\Users\USER\Desktop\CT&RPL\2_Project\KNF_LEU+ 시범연료봉 장전 인허가 과제\2026\2_계산\2_LP\LOW_Fr_MASTER_result\srv199\kit_frontier_runs_fpcamp_199_m~_RST.APRQ_11_0635.1-85f6db88c0-07lfq1ao_c347fa36,no_digest,,,0,0,,
,c:\Users\USER\Desktop\CT&RPL\2_Project\KNF_LEU+ 시범연료봉 장전 인허가 과제\2026\2_계산\2_LP\LOW_Fr_MASTER_result\srv199\kit_frontier_runs_fpcamp_199_m~_RST.APRQ_11_0635.1-86081a1980-kh69s7qg_0f031c8e,no_digest,,,0,0,,
,c:\Users\USER\Desktop\CT&RPL\2_Project\KNF_LEU+ 시범연료봉 장전 인허가 과제\2026\2_계산\2_LP\LOW_Fr_MASTER_result\srv199\kit_frontier_runs_fpcamp_199_m~_RST.APRQ_11_0635.1-86081a1980-qi8iwqc3_03290762,no_digest,,,0,0,,
,c:\Users\USER\Desktop\CT&RPL\2_Project\KNF_LEU+ 시범연료봉 장전 인허가 과제\2026\2_계산\2_LP\LOW_Fr_MASTER_result\srv199\kit_frontier_runs_fpcamp_199_m~_RST.APRQ_11_0635.1-87b27c8eb2-74lhf8lk_e4eb4468,no_digest,,,0,0,,
,c:\Users\USER\Desktop\CT&RPL\2_Project\KNF_LEU+ 시범연료봉 장전 인허가 과제\2026\2_계산\2_LP\LOW_Fr_MASTER_result\srv199\kit_frontier_runs_fpcamp_199_m~_RST.APRQ_11_0635.1-8972f5230c-mx8jxflw_87a90b24,no_digest,,,0,0,,
,c:\Users\USER\Desktop\CT&RPL\2_Project\KNF_LEU+ 시범연료봉 장전 인허가 과제\2026\2_계산\2_LP\LOW_Fr_MASTER_result\srv199\kit_frontier_runs_fpcamp_199_m~_RST.APRQ_11_0635.1-89f5da8d1c-tt7vnq7q_cc6e759c,no_digest,,,0,0,,
,c:\Users\USER\Desktop\CT&RPL\2_Project\KNF_LEU+ 시범연료봉 장전 인허가 과제\2026\2_계산\2_LP\LOW_Fr_MASTER_result\srv199\kit_frontier_runs_fpcamp_199_m~_RST.APRQ_11_0635.1-8a16757838-1_cnujzd_eacf2da1,no_digest,,,0,0,,
,c:\Users\USER\Desktop\CT&RPL\2_Project\KNF_LEU+ 시범연료봉 장전 인허가 과제\2026\2_계산\2_LP\LOW_Fr_MASTER_result\srv199\kit_frontier_runs_fpcamp_199_m~_RST.APRQ_11_0635.1-8baad57f09-5cc9a0fm_70072431,no_digest,,,0,0,,
,c:\Users\USER\Desktop\CT&RPL\2_Project\KNF_LEU+ 시범연료봉 장전 인허가 과제\2026\2_계산\2_LP\LOW_Fr_MASTER_result\srv199\kit_frontier_runs_fpcamp_199_m~_RST.APRQ_11_0635.1-8e4e90d1b7-huf2f8o7_3ad55a5f,no_digest,,,0,0,,
,c:\Users\USER\Desktop\CT&RPL\2_Project\KNF_LEU+ 시범연료봉 장전 인허가 과제\2026\2_계산\2_LP\LOW_Fr_MASTER_result\srv199\kit_frontier_runs_fpcamp_199_m~_RST.APRQ_11_0635.1-8ed5a07b9e-pf9f_z8x_7dd7b6fa,no_digest,,,0,0,,
,c:\Users\USER\Desktop\CT&RPL\2_Project\KNF_LEU+ 시범연료봉 장전 인허가 과제\2026\2_계산\2_LP\LOW_Fr_MASTER_result\srv199\kit_frontier_runs_fpcamp_199_m~_RST.APRQ_11_0635.1-8f0191589e-_b7e0uzh_fe9f3e18,no_digest,,,0,0,,
,c:\Users\USER\Desktop\CT&RPL\2_Project\KNF_LEU+ 시범연료봉 장전 인허가 과제\2026\2_계산\2_LP\LOW_Fr_MASTER_result\srv199\kit_frontier_runs_fpcamp_199_m~_RST.APRQ_11_0635.1-8f08a77509-g92hwdkg_3440ff0a,no_digest,,,0,0,,
,c:\Users\USER\Desktop\CT&RPL\2_Project\KNF_LEU+ 시범연료봉 장전 인허가 과제\2026\2_계산\2_LP\LOW_Fr_MASTER_result\srv199\kit_frontier_runs_fpcamp_199_m~_RST.APRQ_11_0635.1-9012c07ae2-5k8g63sa_2159ebef,no_digest,,,0,0,,
,c:\Users\USER\Desktop\CT&RPL\2_Project\KNF_LEU+ 시범연료봉 장전 인허가 과제\2026\2_계산\2_LP\LOW_Fr_MASTER_result\srv199\kit_frontier_runs_fpcamp_199_m~_RST.APRQ_11_0635.1-9143839458-io1p7r3k_438fd57b,no_mas_sum,,,0,0,,
,c:\Users\USER\Desktop\CT&RPL\2_Project\KNF_LEU+ 시범연료봉 장전 인허가 과제\2026\2_계산\2_LP\LOW_Fr_MASTER_result\srv199\kit_frontier_runs_fpcamp_199_m~_RST.APRQ_11_0635.1-9424113f27-ym7ib5kg_6274e9a6,no_digest,,,0,0,,
,c:\Users\USER\Desktop\CT&RPL\2_Project\KNF_LEU+ 시범연료봉 장전 인허가 과제\2026\2_계산\2_LP\LOW_Fr_MASTER_result\srv199\kit_frontier_runs_fpcamp_199_m~_RST.APRQ_11_0635.1-976ec5c7fe-crv63xs6_a1b9b759,no_digest,,,0,0,,
,c:\Users\USER\Desktop\CT&RPL\2_Project\KNF_LEU+ 시범연료봉 장전 인허가 과제\2026\2_계산\2_LP\LOW_Fr_MASTER_result\srv199\kit_frontier_runs_fpcamp_199_m~_RST.APRQ_11_0635.1-9946a01255-ysrfscau_65aea608,no_digest,,,0,0,,
,c:\Users\USER\Desktop\CT&RPL\2_Project\KNF_LEU+ 시범연료봉 장전 인허가 과제\2026\2_계산\2_LP\LOW_Fr_MASTER_result\srv199\kit_frontier_runs_fpcamp_199_m~_RST.APRQ_11_0635.1-9d1bb5b41a-mskluzc9_7e2677f3,no_digest,,,0,0,,
,c:\Users\USER\Desktop\CT&RPL\2_Project\KNF_LEU+ 시범연료봉 장전 인허가 과제\2026\2_계산\2_LP\LOW_Fr_MASTER_result\srv199\kit_frontier_runs_fpcamp_199_m~_RST.APRQ_11_0635.1-9dff476a72-l05rdlld_e7efab40,no_digest,,,0,0,,
,c:\Users\USER\Desktop\CT&RPL\2_Project\KNF_LEU+ 시범연료봉 장전 인허가 과제\2026\2_계산\2_LP\LOW_Fr_MASTER_result\srv199\kit_frontier_runs_fpcamp_199_m~_RST.APRQ_11_0635.1-9fde8ffa0e-dc9s4v03_8702d225,no_digest,,,0,0,,
,c:\Users\USER\Desktop\CT&RPL\2_Project\KNF_LEU+ 시범연료봉 장전 인허가 과제\2026\2_계산\2_LP\LOW_Fr_MASTER_result\srv199\kit_frontier_runs_fpcamp_199_m~_RST.APRQ_11_0635.1-a00f6671b8-bj_ltddv_5d18dafc,no_digest,,,0,0,,
,c:\Users\USER\Desktop\CT&RPL\2_Project\KNF_LEU+ 시범연료봉 장전 인허가 과제\2026\2_계산\2_LP\LOW_Fr_MASTER_result\srv199\kit_frontier_runs_fpcamp_199_m~_RST.APRQ_11_0635.1-a021db5614-5l1s_m3p_ac311cba,no_digest,,,0,0,,
,c:\Users\USER\Desktop\CT&RPL\2_Project\KNF_LEU+ 시범연료봉 장전 인허가 과제\2026\2_계산\2_LP\LOW_Fr_MASTER_result\srv199\kit_frontier_runs_fpcamp_199_m~_RST.APRQ_11_0635.1-a025ee90c8-052re_ck_80e0241b,no_digest,,,0,0,,
,c:\Users\USER\Desktop\CT&RPL\2_Project\KNF_LEU+ 시범연료봉 장전 인허가 과제\2026\2_계산\2_LP\LOW_Fr_MASTER_result\srv199\kit_frontier_runs_fpcamp_199_m~_RST.APRQ_11_0635.1-a63025e0a8-4y8km_5u_e12d2100,no_digest,,,0,0,,
,c:\Users\USER\Desktop\CT&RPL\2_Project\KNF_LEU+ 시범연료봉 장전 인허가 과제\2026\2_계산\2_LP\LOW_Fr_MASTER_result\srv199\kit_frontier_runs_fpcamp_199_m~_RST.APRQ_11_0635.1-a6c90df82c-ngwku6c3_2a3b50a1,no_digest,,,0,0,,
,c:\Users\USER\Desktop\CT&RPL\2_Project\KNF_LEU+ 시범연료봉 장전 인허가 과제\2026\2_계산\2_LP\LOW_Fr_MASTER_result\srv199\kit_frontier_runs_fpcamp_199_m~_RST.APRQ_11_0635.1-a6f1e4cf45-zl1g7tpq_33b7fbe7,no_digest,,,0,0,,
,c:\Users\USER\Desktop\CT&RPL\2_Project\KNF_LEU+ 시범연료봉 장전 인허가 과제\2026\2_계산\2_LP\LOW_Fr_MASTER_result\srv199\kit_frontier_runs_fpcamp_199_m~_RST.APRQ_11_0635.1-a75b635e88-bbpnipex_d5443b02,no_digest,,,0,0,,
,c:\Users\USER\Desktop\CT&RPL\2_Project\KNF_LEU+ 시범연료봉 장전 인허가 과제\2026\2_계산\2_LP\LOW_Fr_MASTER_result\srv199\kit_frontier_runs_fpcamp_199_m~_RST.APRQ_11_0635.1-a85d5e18dd-3f8f6qmq_1fd2f4a4,no_digest,,,0,0,,
,c:\Users\USER\Desktop\CT&RPL\2_Project\KNF_LEU+ 시범연료봉 장전 인허가 과제\2026\2_계산\2_LP\LOW_Fr_MASTER_result\srv199\kit_frontier_runs_fpcamp_199_m~_RST.APRQ_11_0635.1-a8dc738f71-lea5wl95_9b45de83,no_digest,,,0,0,,
,c:\Users\USER\Desktop\CT&RPL\2_Project\KNF_LEU+ 시범연료봉 장전 인허가 과제\2026\2_계산\2_LP\LOW_Fr_MASTER_result\srv199\kit_frontier_runs_fpcamp_199_m~_RST.APRQ_11_0635.1-abd8e1bd53-v15h13tg_2151add9,no_digest,,,0,0,,
,c:\Users\USER\Desktop\CT&RPL\2_Project\KNF_LEU+ 시범연료봉 장전 인허가 과제\2026\2_계산\2_LP\LOW_Fr_MASTER_result\srv199\kit_frontier_runs_fpcamp_199_m~_RST.APRQ_11_0635.1-afb926a239-vztj_1c6_8c6be724,no_digest,,,0,0,,
,c:\Users\USER\Desktop\CT&RPL\2_Project\KNF_LEU+ 시범연료봉 장전 인허가 과제\2026\2_계산\2_LP\LOW_Fr_MASTER_result\srv199\kit_frontier_runs_fpcamp_199_m~_RST.APRQ_11_0635.1-b013af3850-o6clzvq6_3656033f,no_digest,,,0,0,,
,c:\Users\USER\Desktop\CT&RPL\2_Project\KNF_LEU+ 시범연료봉 장전 인허가 과제\2026\2_계산\2_LP\LOW_Fr_MASTER_result\srv199\kit_frontier_runs_fpcamp_199_m~_RST.APRQ_11_0635.1-b0bcd43935-nl4cnl6p_f3a2988f,no_digest,,,0,0,,
,c:\Users\USER\Desktop\CT&RPL\2_Project\KNF_LEU+ 시범연료봉 장전 인허가 과제\2026\2_계산\2_LP\LOW_Fr_MASTER_result\srv199\kit_frontier_runs_fpcamp_199_m~_RST.APRQ_11_0635.1-b4bf1c5a4e-0qgjtl5h_2ac817aa,no_digest,,,0,0,,
,c:\Users\USER\Desktop\CT&RPL\2_Project\KNF_LEU+ 시범연료봉 장전 인허가 과제\2026\2_계산\2_LP\LOW_Fr_MASTER_result\srv199\kit_frontier_runs_fpcamp_199_m~_RST.APRQ_11_0635.1-b5158529d7-7thmeue0_d350d7d0,no_digest,,,0,0,,
,c:\Users\USER\Desktop\CT&RPL\2_Project\KNF_LEU+ 시범연료봉 장전 인허가 과제\2026\2_계산\2_LP\LOW_Fr_MASTER_result\srv199\kit_frontier_runs_fpcamp_199_m~_RST.APRQ_11_0635.1-b5a5216a07-6vtl_h20_ad8ff917,no_digest,,,0,0,,
,c:\Users\USER\Desktop\CT&RPL\2_Project\KNF_LEU+ 시범연료봉 장전 인허가 과제\2026\2_계산\2_LP\LOW_Fr_MASTER_result\srv199\kit_frontier_runs_fpcamp_199_m~_RST.APRQ_11_0635.1-b75c042b03-cyic29ta_589e9e12,no_digest,,,0,0,,
,c:\Users\USER\Desktop\CT&RPL\2_Project\KNF_LEU+ 시범연료봉 장전 인허가 과제\2026\2_계산\2_LP\LOW_Fr_MASTER_result\srv199\kit_frontier_runs_fpcamp_199_m~_RST.APRQ_11_0635.1-b83233b9db-v4pmgjb2_e7abf41b,no_digest,,,0,0,,
,c:\Users\USER\Desktop\CT&RPL\2_Project\KNF_LEU+ 시범연료봉 장전 인허가 과제\2026\2_계산\2_LP\LOW_Fr_MASTER_result\srv199\kit_frontier_runs_fpcamp_199_m~_RST.APRQ_11_0635.1-b8f2a7db61-vk_k9gc6_a13c5baf,no_digest,,,0,0,,
,c:\Users\USER\Desktop\CT&RPL\2_Project\KNF_LEU+ 시범연료봉 장전 인허가 과제\2026\2_계산\2_LP\LOW_Fr_MASTER_result\srv199\kit_frontier_runs_fpcamp_199_m~_RST.APRQ_11_0635.1-bae6344896-pm3hyp04_d3dfe5da,no_digest,,,0,0,,
,c:\Users\USER\Desktop\CT&RPL\2_Project\KNF_LEU+ 시범연료봉 장전 인허가 과제\2026\2_계산\2_LP\LOW_Fr_MASTER_result\srv199\kit_frontier_runs_fpcamp_199_m~_RST.APRQ_11_0635.1-bd32f37cff-s439a275_be49447f,no_digest,,,0,0,,
,c:\Users\USER\Desktop\CT&RPL\2_Project\KNF_LEU+ 시범연료봉 장전 인허가 과제\2026\2_계산\2_LP\LOW_Fr_MASTER_result\srv199\kit_frontier_runs_fpcamp_199_m~_RST.APRQ_11_0635.1-be044aef74-q5hki_1b_cb4c9c93,no_digest,,,0,0,,
,c:\Users\USER\Desktop\CT&RPL\2_Project\KNF_LEU+ 시범연료봉 장전 인허가 과제\2026\2_계산\2_LP\LOW_Fr_MASTER_result\srv199\kit_frontier_runs_fpcamp_199_m~_RST.APRQ_11_0635.1-bf6ca78177-x_7sjwlf_03479455,no_digest,,,0,0,,
,c:\Users\USER\Desktop\CT&RPL\2_Project\KNF_LEU+ 시범연료봉 장전 인허가 과제\2026\2_계산\2_LP\LOW_Fr_MASTER_result\srv199\kit_frontier_runs_fpcamp_199_m~_RST.APRQ_11_0635.1-bfdb02d0b6-mzgta1bg_fcd1fd33,no_digest,,,0,0,,
,c:\Users\USER\Desktop\CT&RPL\2_Project\KNF_LEU+ 시범연료봉 장전 인허가 과제\2026\2_계산\2_LP\LOW_Fr_MASTER_result\srv199\kit_frontier_runs_fpcamp_199_m~_RST.APRQ_11_0635.1-c2073b66b8-cou1_ghj_b13c7bf0,no_digest,,,0,0,,
,c:\Users\USER\Desktop\CT&RPL\2_Project\KNF_LEU+ 시범연료봉 장전 인허가 과제\2026\2_계산\2_LP\LOW_Fr_MASTER_result\srv199\kit_frontier_runs_fpcamp_199_m~_RST.APRQ_11_0635.1-c2876be055-rg4lywlb_83fea002,no_digest,,,0,0,,
,c:\Users\USER\Desktop\CT&RPL\2_Project\KNF_LEU+ 시범연료봉 장전 인허가 과제\2026\2_계산\2_LP\LOW_Fr_MASTER_result\srv199\kit_frontier_runs_fpcamp_199_m~_RST.APRQ_11_0635.1-c59d58b793-cyxodwas_a6f48cbc,no_digest,,,0,0,,
,c:\Users\USER\Desktop\CT&RPL\2_Project\KNF_LEU+ 시범연료봉 장전 인허가 과제\2026\2_계산\2_LP\LOW_Fr_MASTER_result\srv199\kit_frontier_runs_fpcamp_199_m~_RST.APRQ_11_0635.1-c99da457de-6b0enozi_5f10c9b8,no_digest,,,0,0,,
,c:\Users\USER\Desktop\CT&RPL\2_Project\KNF_LEU+ 시범연료봉 장전 인허가 과제\2026\2_계산\2_LP\LOW_Fr_MASTER_result\srv199\kit_frontier_runs_fpcamp_199_m~_RST.APRQ_11_0635.1-cb64f58228-iel2gfgi_0281f27d,no_digest,,,0,0,,
,c:\Users\USER\Desktop\CT&RPL\2_Project\KNF_LEU+ 시범연료봉 장전 인허가 과제\2026\2_계산\2_LP\LOW_Fr_MASTER_result\srv199\kit_frontier_runs_fpcamp_199_m~_RST.APRQ_11_0635.1-ccf4333001-y3ke_j4v_d5b29ad5,no_digest,,,0,0,,
,c:\Users\USER\Desktop\CT&RPL\2_Project\KNF_LEU+ 시범연료봉 장전 인허가 과제\2026\2_계산\2_LP\LOW_Fr_MASTER_result\srv199\kit_frontier_runs_fpcamp_199_m~_RST.APRQ_11_0635.1-ccf7e1902f-vzd030lm_e06e9d09,no_digest,,,0,0,,
,c:\Users\USER\Desktop\CT&RPL\2_Project\KNF_LEU+ 시범연료봉 장전 인허가 과제\2026\2_계산\2_LP\LOW_Fr_MASTER_result\srv199\kit_frontier_runs_fpcamp_199_m~_RST.APRQ_11_0635.1-cd6476c777-_qijjkck_e8a0809f,no_digest,,,0,0,,
,c:\Users\USER\Desktop\CT&RPL\2_Project\KNF_LEU+ 시범연료봉 장전 인허가 과제\2026\2_계산\2_LP\LOW_Fr_MASTER_result\srv199\kit_frontier_runs_fpcamp_199_m~_RST.APRQ_11_0635.1-ced841e334-c56e9g_9_1f3fbd3e,no_digest,,,0,0,,
,c:\Users\USER\Desktop\CT&RPL\2_Project\KNF_LEU+ 시범연료봉 장전 인허가 과제\2026\2_계산\2_LP\LOW_Fr_MASTER_result\srv199\kit_frontier_runs_fpcamp_199_m~_RST.APRQ_11_0635.1-cf80819d56-j90g4qme_b940b7a0,no_digest,,,0,0,,
,c:\Users\USER\Desktop\CT&RPL\2_Project\KNF_LEU+ 시범연료봉 장전 인허가 과제\2026\2_계산\2_LP\LOW_Fr_MASTER_result\srv199\kit_frontier_runs_fpcamp_199_m~_RST.APRQ_11_0635.1-d182dd7531-ssqk_yhe_94f25a67,no_digest,,,0,0,,
,c:\Users\USER\Desktop\CT&RPL\2_Project\KNF_LEU+ 시범연료봉 장전 인허가 과제\2026\2_계산\2_LP\LOW_Fr_MASTER_result\srv199\kit_frontier_runs_fpcamp_199_m~_RST.APRQ_11_0635.1-d28aa77241-5s5h_gu9_217ea278,no_digest,,,0,0,,
,c:\Users\USER\Desktop\CT&RPL\2_Project\KNF_LEU+ 시범연료봉 장전 인허가 과제\2026\2_계산\2_LP\LOW_Fr_MASTER_result\srv199\kit_frontier_runs_fpcamp_199_m~_RST.APRQ_11_0635.1-d2c23980dd-4mhq5oii_171d6232,no_digest,,,0,0,,
,c:\Users\USER\Desktop\CT&RPL\2_Project\KNF_LEU+ 시범연료봉 장전 인허가 과제\2026\2_계산\2_LP\LOW_Fr_MASTER_result\srv199\kit_frontier_runs_fpcamp_199_m~_RST.APRQ_11_0635.1-d30249b279-c2vlr_vy_f0841b15,no_digest,,,0,0,,
,c:\Users\USER\Desktop\CT&RPL\2_Project\KNF_LEU+ 시범연료봉 장전 인허가 과제\2026\2_계산\2_LP\LOW_Fr_MASTER_result\srv199\kit_frontier_runs_fpcamp_199_m~_RST.APRQ_11_0635.1-d668877ab7-c8uyk8xh_3960cbba,no_digest,,,0,0,,
,c:\Users\USER\Desktop\CT&RPL\2_Project\KNF_LEU+ 시범연료봉 장전 인허가 과제\2026\2_계산\2_LP\LOW_Fr_MASTER_result\srv199\kit_frontier_runs_fpcamp_199_m~_RST.APRQ_11_0635.1-d9e866ae13-h6g10427_79ef1479,no_digest,,,0,0,,
,c:\Users\USER\Desktop\CT&RPL\2_Project\KNF_LEU+ 시범연료봉 장전 인허가 과제\2026\2_계산\2_LP\LOW_Fr_MASTER_result\srv199\kit_frontier_runs_fpcamp_199_m~_RST.APRQ_11_0635.1-db1270abe9-s6d1gybv_5582ad3d,no_digest,,,0,0,,
,c:\Users\USER\Desktop\CT&RPL\2_Project\KNF_LEU+ 시범연료봉 장전 인허가 과제\2026\2_계산\2_LP\LOW_Fr_MASTER_result\srv199\kit_frontier_runs_fpcamp_199_m~_RST.APRQ_11_0635.1-db1deeebe2-qno4vzd6_74bb0ea0,no_digest,,,0,0,,
,c:\Users\USER\Desktop\CT&RPL\2_Project\KNF_LEU+ 시범연료봉 장전 인허가 과제\2026\2_계산\2_LP\LOW_Fr_MASTER_result\srv199\kit_frontier_runs_fpcamp_199_m~_RST.APRQ_11_0635.1-dd868d1bab-_2_ghv9h_4fba6927,no_digest,,,0,0,,
,c:\Users\USER\Desktop\CT&RPL\2_Project\KNF_LEU+ 시범연료봉 장전 인허가 과제\2026\2_계산\2_LP\LOW_Fr_MASTER_result\srv199\kit_frontier_runs_fpcamp_199_m~_RST.APRQ_11_0635.1-ddf7911376-j35vb3fl_f4b8897d,no_digest,,,0,0,,
,c:\Users\USER\Desktop\CT&RPL\2_Project\KNF_LEU+ 시범연료봉 장전 인허가 과제\2026\2_계산\2_LP\LOW_Fr_MASTER_result\srv199\kit_frontier_runs_fpcamp_199_m~_RST.APRQ_11_0635.1-e04be88b23-n9fz5emm_36bd38e7,no_digest,,,0,0,,
,c:\Users\USER\Desktop\CT&RPL\2_Project\KNF_LEU+ 시범연료봉 장전 인허가 과제\2026\2_계산\2_LP\LOW_Fr_MASTER_result\srv199\kit_frontier_runs_fpcamp_199_m~_RST.APRQ_11_0635.1-e0fba21cec-lbptv23f_db9f2a98,no_digest,,,0,0,,
,c:\Users\USER\Desktop\CT&RPL\2_Project\KNF_LEU+ 시범연료봉 장전 인허가 과제\2026\2_계산\2_LP\LOW_Fr_MASTER_result\srv199\kit_frontier_runs_fpcamp_199_m~_RST.APRQ_11_0635.1-e26a2f42c2-cqpzfioi_3fc14f21,no_digest,,,0,0,,
,c:\Users\USER\Desktop\CT&RPL\2_Project\KNF_LEU+ 시범연료봉 장전 인허가 과제\2026\2_계산\2_LP\LOW_Fr_MASTER_result\srv199\kit_frontier_runs_fpcamp_199_m~_RST.APRQ_11_0635.1-e29e985284-c_r212xg_4401d9f3,no_digest,,,0,0,,
,c:\Users\USER\Desktop\CT&RPL\2_Project\KNF_LEU+ 시범연료봉 장전 인허가 과제\2026\2_계산\2_LP\LOW_Fr_MASTER_result\srv199\kit_frontier_runs_fpcamp_199_m~_RST.APRQ_11_0635.1-e2af828888-tzdixw_m_4e6a7427,no_digest,,,0,0,,
,c:\Users\USER\Desktop\CT&RPL\2_Project\KNF_LEU+ 시범연료봉 장전 인허가 과제\2026\2_계산\2_LP\LOW_Fr_MASTER_result\srv199\kit_frontier_runs_fpcamp_199_m~_RST.APRQ_11_0635.1-e3518986d8-q5gym1xr_38a01d45,no_digest,,,0,0,,
,c:\Users\USER\Desktop\CT&RPL\2_Project\KNF_LEU+ 시범연료봉 장전 인허가 과제\2026\2_계산\2_LP\LOW_Fr_MASTER_result\srv199\kit_frontier_runs_fpcamp_199_m~_RST.APRQ_11_0635.1-e4c69e29b6-p7s2u1gf_b60b0f37,no_digest,,,0,0,,
,c:\Users\USER\Desktop\CT&RPL\2_Project\KNF_LEU+ 시범연료봉 장전 인허가 과제\2026\2_계산\2_LP\LOW_Fr_MASTER_result\srv199\kit_frontier_runs_fpcamp_199_m~_RST.APRQ_11_0635.1-e5577f6d1c-yrz1lo1q_1cff1ae0,no_digest,,,0,0,,
,c:\Users\USER\Desktop\CT&RPL\2_Project\KNF_LEU+ 시범연료봉 장전 인허가 과제\2026\2_계산\2_LP\LOW_Fr_MASTER_result\srv199\kit_frontier_runs_fpcamp_199_m~_RST.APRQ_11_0635.1-e5798b09e0-a6ay5xrt_fb6849fe,no_digest,,,0,0,,
,c:\Users\USER\Desktop\CT&RPL\2_Project\KNF_LEU+ 시범연료봉 장전 인허가 과제\2026\2_계산\2_LP\LOW_Fr_MASTER_result\srv199\kit_frontier_runs_fpcamp_199_m~_RST.APRQ_11_0635.1-e81d1364fc-zckwk7s8_8883e07c,no_digest,,,0,0,,
,c:\Users\USER\Desktop\CT&RPL\2_Project\KNF_LEU+ 시범연료봉 장전 인허가 과제\2026\2_계산\2_LP\LOW_Fr_MASTER_result\srv199\kit_frontier_runs_fpcamp_199_m~_RST.APRQ_11_0635.1-e9072a95cf-wbg7k774_7ee1e3eb,no_mas_sum,,,0,0,,
,c:\Users\USER\Desktop\CT&RPL\2_Project\KNF_LEU+ 시범연료봉 장전 인허가 과제\2026\2_계산\2_LP\LOW_Fr_MASTER_result\srv199\kit_frontier_runs_fpcamp_199_m~_RST.APRQ_11_0635.1-e94912d79a-fxw17v6b_9158ba96,no_digest,,,0,0,,
,c:\Users\USER\Desktop\CT&RPL\2_Project\KNF_LEU+ 시범연료봉 장전 인허가 과제\2026\2_계산\2_LP\LOW_Fr_MASTER_result\srv199\kit_frontier_runs_fpcamp_199_m~_RST.APRQ_11_0635.1-eae134b98d-kkfbc8ar_3d04f372,no_digest,,,0,0,,
,c:\Users\USER\Desktop\CT&RPL\2_Project\KNF_LEU+ 시범연료봉 장전 인허가 과제\2026\2_계산\2_LP\LOW_Fr_MASTER_result\srv199\kit_frontier_runs_fpcamp_199_m~_RST.APRQ_11_0635.1-f0d68a8249-lrec9c73_4b36cf12,no_digest,,,0,0,,
,c:\Users\USER\Desktop\CT&RPL\2_Project\KNF_LEU+ 시범연료봉 장전 인허가 과제\2026\2_계산\2_LP\LOW_Fr_MASTER_result\srv199\kit_frontier_runs_fpcamp_199_m~_RST.APRQ_11_0635.1-f118f2d0ef-vw8x8aua_fa28c396,no_digest,,,0,0,,
,c:\Users\USER\Desktop\CT&RPL\2_Project\KNF_LEU+ 시범연료봉 장전 인허가 과제\2026\2_계산\2_LP\LOW_Fr_MASTER_result\srv199\kit_frontier_runs_fpcamp_199_m~_RST.APRQ_11_0635.1-f2e47a8d92-hllntbpl_cf83066a,no_digest,,,0,0,,
,c:\Users\USER\Desktop\CT&RPL\2_Project\KNF_LEU+ 시범연료봉 장전 인허가 과제\2026\2_계산\2_LP\LOW_Fr_MASTER_result\srv199\kit_frontier_runs_fpcamp_199_m~_RST.APRQ_11_0635.1-f302354114-69exl_4i_7a553487,no_digest,,,0,0,,
,c:\Users\USER\Desktop\CT&RPL\2_Project\KNF_LEU+ 시범연료봉 장전 인허가 과제\2026\2_계산\2_LP\LOW_Fr_MASTER_result\srv199\kit_frontier_runs_fpcamp_199_m~_RST.APRQ_11_0635.1-f360f59506-m2_kd116_77404fd7,no_digest,,,0,0,,
,c:\Users\USER\Desktop\CT&RPL\2_Project\KNF_LEU+ 시범연료봉 장전 인허가 과제\2026\2_계산\2_LP\LOW_Fr_MASTER_result\srv199\kit_frontier_runs_fpcamp_199_m~_RST.APRQ_11_0635.1-f39e73bf25-y5e3bksk_d352e682,no_digest,,,0,0,,
,c:\Users\USER\Desktop\CT&RPL\2_Project\KNF_LEU+ 시범연료봉 장전 인허가 과제\2026\2_계산\2_LP\LOW_Fr_MASTER_result\srv199\kit_frontier_runs_fpcamp_199_m~_RST.APRQ_11_0635.1-f44fa3c31a-kye0i5ob_a05bef02,no_digest,,,0,0,,
,c:\Users\USER\Desktop\CT&RPL\2_Project\KNF_LEU+ 시범연료봉 장전 인허가 과제\2026\2_계산\2_LP\LOW_Fr_MASTER_result\srv199\kit_frontier_runs_fpcamp_199_m~_RST.APRQ_11_0635.1-f4bb1652fc-u78bzzku_89caef65,no_digest,,,0,0,,
,c:\Users\USER\Desktop\CT&RPL\2_Project\KNF_LEU+ 시범연료봉 장전 인허가 과제\2026\2_계산\2_LP\LOW_Fr_MASTER_result\srv199\kit_frontier_runs_fpcamp_199_m~_RST.APRQ_11_0635.1-f76f6e7a9c-mvbz0y4j_38774053,no_digest,,,0,0,,
,c:\Users\USER\Desktop\CT&RPL\2_Project\KNF_LEU+ 시범연료봉 장전 인허가 과제\2026\2_계산\2_LP\LOW_Fr_MASTER_result\srv199\kit_frontier_runs_fpcamp_199_m~_RST.APRQ_11_0635.1-f7b6f8b986-liypwawo_a6953db2,no_digest,,,0,0,,
,c:\Users\USER\Desktop\CT&RPL\2_Project\KNF_LEU+ 시범연료봉 장전 인허가 과제\2026\2_계산\2_LP\LOW_Fr_MASTER_result\srv199\kit_frontier_runs_fpcamp_199_m~_RST.APRQ_11_0635.1-fc545f6943-ch0kzdyf_263ec80d,no_digest,,,0,0,,
,c:\Users\USER\Desktop\CT&RPL\2_Project\KNF_LEU+ 시범연료봉 장전 인허가 과제\2026\2_계산\2_LP\LOW_Fr_MASTER_result\srv199\kit_frontier_runs_fpcamp_199_m~_RST.APRQ_11_0635.1-ffd53a01a0-3po99f0u_b2b94795,no_digest,,,0,0,,
,c:\Users\USER\Desktop\CT&RPL\2_Project\KNF_LEU+ 시범연료봉 장전 인허가 과제\2026\2_계산\2_LP\LOW_Fr_MASTER_result\srv199\kit_frontier_runs_fpcamp_199_m~S_RST.APRQ_11_0635.1-151e6dd4a4-a9f8059_a4715239,no_digest,,,0,0,,
,c:\Users\USER\Desktop\CT&RPL\2_Project\KNF_LEU+ 시범연료봉 장전 인허가 과제\2026\2_계산\2_LP\LOW_Fr_MASTER_result\srv199\kit_frontier_runs_fpcamp_199_m~S_RST.APRQ_11_0635.1-40af69db57-o8_739k_a935eebd,no_digest,,,0,0,,
,c:\Users\USER\Desktop\CT&RPL\2_Project\KNF_LEU+ 시범연료봉 장전 인허가 과제\2026\2_계산\2_LP\LOW_Fr_MASTER_result\srv199\kit_frontier_runs_fpcamp_199_m~S_RST.APRQ_11_0635.1-52e25c8ffd-pbt9wn6_dbec0382,no_digest,,,0,0,,
,c:\Users\USER\Desktop\CT&RPL\2_Project\KNF_LEU+ 시범연료봉 장전 인허가 과제\2026\2_계산\2_LP\LOW_Fr_MASTER_result\srv199\kit_frontier_runs_fpcamp_199_m~S_RST.APRQ_11_0635.1-7ce263ae89-_2ooi2n_44d16045,no_digest,,,0,0,,
,c:\Users\USER\Desktop\CT&RPL\2_Project\KNF_LEU+ 시범연료봉 장전 인허가 과제\2026\2_계산\2_LP\LOW_Fr_MASTER_result\srv199\kit_frontier_runs_fpcamp_minfr~_RST.APRQ_10_0615.1-0059732fd8-gwbn2zzm_eb930946,no_digest,,,0,0,,
,c:\Users\USER\Desktop\CT&RPL\2_Project\KNF_LEU+ 시범연료봉 장전 인허가 과제\2026\2_계산\2_LP\LOW_Fr_MASTER_result\srv199\kit_frontier_runs_fpcamp_minfr~_RST.APRQ_10_0615.1-00945ca2b8-1cm4n3jr_93b230af,no_digest,,,0,0,,
,c:\Users\USER\Desktop\CT&RPL\2_Project\KNF_LEU+ 시범연료봉 장전 인허가 과제\2026\2_계산\2_LP\LOW_Fr_MASTER_result\srv199\kit_frontier_runs_fpcamp_minfr~_RST.APRQ_10_0615.1-013eb299ba-042xvh2j_174cdeab,no_digest,,,0,0,,
,c:\Users\USER\Desktop\CT&RPL\2_Project\KNF_LEU+ 시범연료봉 장전 인허가 과제\2026\2_계산\2_LP\LOW_Fr_MASTER_result\srv199\kit_frontier_runs_fpcamp_minfr~_RST.APRQ_10_0615.1-017647e3d5-6f2rdiq5_7139f0ca,no_digest,,,0,0,,
,c:\Users\USER\Desktop\CT&RPL\2_Project\KNF_LEU+ 시범연료봉 장전 인허가 과제\2026\2_계산\2_LP\LOW_Fr_MASTER_result\srv199\kit_frontier_runs_fpcamp_minfr~_RST.APRQ_10_0615.1-0194efe201-wkhouuhh_d50cc031,no_digest,,,0,0,,
,c:\Users\USER\Desktop\CT&RPL\2_Project\KNF_LEU+ 시범연료봉 장전 인허가 과제\2026\2_계산\2_LP\LOW_Fr_MASTER_result\srv199\kit_frontier_runs_fpcamp_minfr~_RST.APRQ_10_0615.1-01fb9cc581-u12ytqbz_c2c6ab7d,no_digest,,,0,0,,
,c:\Users\USER\Desktop\CT&RPL\2_Project\KNF_LEU+ 시범연료봉 장전 인허가 과제\2026\2_계산\2_LP\LOW_Fr_MASTER_result\srv199\kit_frontier_runs_fpcamp_minfr~_RST.APRQ_10_0615.1-02c3440f1b-jgvautd4_5fd98115,no_digest,,,0,0,,
,c:\Users\USER\Desktop\CT&RPL\2_Project\KNF_LEU+ 시범연료봉 장전 인허가 과제\2026\2_계산\2_LP\LOW_Fr_MASTER_result\srv199\kit_frontier_runs_fpcamp_minfr~_RST.APRQ_10_0615.1-02e47d1d85-15vbsy4y_b807a472,no_digest,,,0,0,,
,c:\Users\USER\Desktop\CT&RPL\2_Project\KNF_LEU+ 시범연료봉 장전 인허가 과제\2026\2_계산\2_LP\LOW_Fr_MASTER_result\srv199\kit_frontier_runs_fpcamp_minfr~_RST.APRQ_10_0615.1-02f6861705-egayz0tt_50e2923d,no_digest,,,0,0,,
,c:\Users\USER\Desktop\CT&RPL\2_Project\KNF_LEU+ 시범연료봉 장전 인허가 과제\2026\2_계산\2_LP\LOW_Fr_MASTER_result\srv199\kit_frontier_runs_fpcamp_minfr~_RST.APRQ_10_0615.1-02fe1c769a-vgd6w0ef_bd7be24f,no_digest,,,0,0,,
,c:\Users\USER\Desktop\CT&RPL\2_Project\KNF_LEU+ 시범연료봉 장전 인허가 과제\2026\2_계산\2_LP\LOW_Fr_MASTER_result\srv199\kit_frontier_runs_fpcamp_minfr~_RST.APRQ_10_0615.1-05ec86bcb8-w5r_zw10_e87d7ecb,no_digest,,,0,0,,
,c:\Users\USER\Desktop\CT&RPL\2_Project\KNF_LEU+ 시범연료봉 장전 인허가 과제\2026\2_계산\2_LP\LOW_Fr_MASTER_result\srv199\kit_frontier_runs_fpcamp_minfr~_RST.APRQ_10_0615.1-063c8101a3-rw4y1nld_9085c8a9,no_digest,,,0,0,,
,c:\Users\USER\Desktop\CT&RPL\2_Project\KNF_LEU+ 시범연료봉 장전 인허가 과제\2026\2_계산\2_LP\LOW_Fr_MASTER_result\srv199\kit_frontier_runs_fpcamp_minfr~_RST.APRQ_10_0615.1-079e17977b-hdnchzvx_743f886a,no_digest,,,0,0,,
,c:\Users\USER\Desktop\CT&RPL\2_Project\KNF_LEU+ 시범연료봉 장전 인허가 과제\2026\2_계산\2_LP\LOW_Fr_MASTER_result\srv199\kit_frontier_runs_fpcamp_minfr~_RST.APRQ_10_0615.1-07f4f01b46-u95f0sci_3aa8ea0e,no_digest,,,0,0,,
,c:\Users\USER\Desktop\CT&RPL\2_Project\KNF_LEU+ 시범연료봉 장전 인허가 과제\2026\2_계산\2_LP\LOW_Fr_MASTER_result\srv199\kit_frontier_runs_fpcamp_minfr~_RST.APRQ_10_0615.1-08cae64294-p4x2q5k1_31a6c5f9,no_digest,,,0,0,,
,c:\Users\USER\Desktop\CT&RPL\2_Project\KNF_LEU+ 시범연료봉 장전 인허가 과제\2026\2_계산\2_LP\LOW_Fr_MASTER_result\srv199\kit_frontier_runs_fpcamp_minfr~_RST.APRQ_10_0615.1-092823b990-xn9nxalu_74f9bede,no_digest,,,0,0,,
,c:\Users\USER\Desktop\CT&RPL\2_Project\KNF_LEU+ 시범연료봉 장전 인허가 과제\2026\2_계산\2_LP\LOW_Fr_MASTER_result\srv199\kit_frontier_runs_fpcamp_minfr~_RST.APRQ_10_0615.1-09db40b247-80scy32o_53b243f3,no_digest,,,0,0,,
,c:\Users\USER\Desktop\CT&RPL\2_Project\KNF_LEU+ 시범연료봉 장전 인허가 과제\2026\2_계산\2_LP\LOW_Fr_MASTER_result\srv199\kit_frontier_runs_fpcamp_minfr~_RST.APRQ_10_0615.1-09eef1d8c4-fv29aqa5_597d37c8,no_digest,,,0,0,,
,c:\Users\USER\Desktop\CT&RPL\2_Project\KNF_LEU+ 시범연료봉 장전 인허가 과제\2026\2_계산\2_LP\LOW_Fr_MASTER_result\srv199\kit_frontier_runs_fpcamp_minfr~_RST.APRQ_10_0615.1-0b430d5274-qewxmesi_a0a10438,no_digest,,,0,0,,
,c:\Users\USER\Desktop\CT&RPL\2_Project\KNF_LEU+ 시범연료봉 장전 인허가 과제\2026\2_계산\2_LP\LOW_Fr_MASTER_result\srv199\kit_frontier_runs_fpcamp_minfr~_RST.APRQ_10_0615.1-0b589aa43d-vsbct4sb_4220941e,no_digest,,,0,0,,
,c:\Users\USER\Desktop\CT&RPL\2_Project\KNF_LEU+ 시범연료봉 장전 인허가 과제\2026\2_계산\2_LP\LOW_Fr_MASTER_result\srv199\kit_frontier_runs_fpcamp_minfr~_RST.APRQ_10_0615.1-0bb26aa3fb-hwuix3d1_1073d357,no_digest,,,0,0,,
,c:\Users\USER\Desktop\CT&RPL\2_Project\KNF_LEU+ 시범연료봉 장전 인허가 과제\2026\2_계산\2_LP\LOW_Fr_MASTER_result\srv199\kit_frontier_runs_fpcamp_minfr~_RST.APRQ_10_0615.1-0bc593179d-xgdcpd7h_1e8266fe,no_digest,,,0,0,,
,c:\Users\USER\Desktop\CT&RPL\2_Project\KNF_LEU+ 시범연료봉 장전 인허가 과제\2026\2_계산\2_LP\LOW_Fr_MASTER_result\srv199\kit_frontier_runs_fpcamp_minfr~_RST.APRQ_10_0615.1-0bf0daf5d1-g31wdqt9_f29ef518,no_digest,,,0,0,,
,c:\Users\USER\Desktop\CT&RPL\2_Project\KNF_LEU+ 시범연료봉 장전 인허가 과제\2026\2_계산\2_LP\LOW_Fr_MASTER_result\srv199\kit_frontier_runs_fpcamp_minfr~_RST.APRQ_10_0615.1-0c276601c6-az19j5ob_2d6f7ede,no_digest,,,0,0,,
,c:\Users\USER\Desktop\CT&RPL\2_Project\KNF_LEU+ 시범연료봉 장전 인허가 과제\2026\2_계산\2_LP\LOW_Fr_MASTER_result\srv199\kit_frontier_runs_fpcamp_minfr~_RST.APRQ_10_0615.1-0ca7bfa930-bic7zroi_fd2f6288,no_digest,,,0,0,,
,c:\Users\USER\Desktop\CT&RPL\2_Project\KNF_LEU+ 시범연료봉 장전 인허가 과제\2026\2_계산\2_LP\LOW_Fr_MASTER_result\srv199\kit_frontier_runs_fpcamp_minfr~_RST.APRQ_10_0615.1-0d5f6be84e-4xtpeshn_bd87ff24,no_digest,,,0,0,,
,c:\Users\USER\Desktop\CT&RPL\2_Project\KNF_LEU+ 시범연료봉 장전 인허가 과제\2026\2_계산\2_LP\LOW_Fr_MASTER_result\srv199\kit_frontier_runs_fpcamp_minfr~_RST.APRQ_10_0615.1-0db2508e3c-pw_t0gst_4740dc61,no_digest,,,0,0,,
,c:\Users\USER\Desktop\CT&RPL\2_Project\KNF_LEU+ 시범연료봉 장전 인허가 과제\2026\2_계산\2_LP\LOW_Fr_MASTER_result\srv199\kit_frontier_runs_fpcamp_minfr~_RST.APRQ_10_0615.1-0e8e7df41d-7d2b7emn_740d7be8,no_digest,,,0,0,,
,c:\Users\USER\Desktop\CT&RPL\2_Project\KNF_LEU+ 시범연료봉 장전 인허가 과제\2026\2_계산\2_LP\LOW_Fr_MASTER_result\srv199\kit_frontier_runs_fpcamp_minfr~_RST.APRQ_10_0615.1-0ed6d4fa55-nw0n0atu_95df9ace,no_digest,,,0,0,,
,c:\Users\USER\Desktop\CT&RPL\2_Project\KNF_LEU+ 시범연료봉 장전 인허가 과제\2026\2_계산\2_LP\LOW_Fr_MASTER_result\srv199\kit_frontier_runs_fpcamp_minfr~_RST.APRQ_10_0615.1-1021629920-uby5a9g8_d10ef6e3,no_digest,,,0,0,,
,c:\Users\USER\Desktop\CT&RPL\2_Project\KNF_LEU+ 시범연료봉 장전 인허가 과제\2026\2_계산\2_LP\LOW_Fr_MASTER_result\srv199\kit_frontier_runs_fpcamp_minfr~_RST.APRQ_10_0615.1-10c49fc201-6mzmufwk_16a5491b,no_digest,,,0,0,,
,c:\Users\USER\Desktop\CT&RPL\2_Project\KNF_LEU+ 시범연료봉 장전 인허가 과제\2026\2_계산\2_LP\LOW_Fr_MASTER_result\srv199\kit_frontier_runs_fpcamp_minfr~_RST.APRQ_10_0615.1-1157b5ec4f-1s1fb3i1_476ef8de,no_digest,,,0,0,,
,c:\Users\USER\Desktop\CT&RPL\2_Project\KNF_LEU+ 시범연료봉 장전 인허가 과제\2026\2_계산\2_LP\LOW_Fr_MASTER_result\srv199\kit_frontier_runs_fpcamp_minfr~_RST.APRQ_10_0615.1-117b197d8a-33zmhco5_31f55df1,no_digest,,,0,0,,
,c:\Users\USER\Desktop\CT&RPL\2_Project\KNF_LEU+ 시범연료봉 장전 인허가 과제\2026\2_계산\2_LP\LOW_Fr_MASTER_result\srv199\kit_frontier_runs_fpcamp_minfr~_RST.APRQ_10_0615.1-11987b7832-8vyl5hem_2b4ea2cd,no_digest,,,0,0,,
,c:\Users\USER\Desktop\CT&RPL\2_Project\KNF_LEU+ 시범연료봉 장전 인허가 과제\2026\2_계산\2_LP\LOW_Fr_MASTER_result\srv199\kit_frontier_runs_fpcamp_minfr~_RST.APRQ_10_0615.1-11cc884321-_fhne9h1_ec15dd64,no_digest,,,0,0,,
,c:\Users\USER\Desktop\CT&RPL\2_Project\KNF_LEU+ 시범연료봉 장전 인허가 과제\2026\2_계산\2_LP\LOW_Fr_MASTER_result\srv199\kit_frontier_runs_fpcamp_minfr~_RST.APRQ_10_0615.1-12069defeb-0fbjcuad_954c4faf,no_digest,,,0,0,,
,c:\Users\USER\Desktop\CT&RPL\2_Project\KNF_LEU+ 시범연료봉 장전 인허가 과제\2026\2_계산\2_LP\LOW_Fr_MASTER_result\srv199\kit_frontier_runs_fpcamp_minfr~_RST.APRQ_10_0615.1-1239919d40-0ywn_8ap_71577d42,no_digest,,,0,0,,
,c:\Users\USER\Desktop\CT&RPL\2_Project\KNF_LEU+ 시범연료봉 장전 인허가 과제\2026\2_계산\2_LP\LOW_Fr_MASTER_result\srv199\kit_frontier_runs_fpcamp_minfr~_RST.APRQ_10_0615.1-12786b2522-nm3mw8wi_88b24165,no_digest,,,0,0,,
,c:\Users\USER\Desktop\CT&RPL\2_Project\KNF_LEU+ 시범연료봉 장전 인허가 과제\2026\2_계산\2_LP\LOW_Fr_MASTER_result\srv199\kit_frontier_runs_fpcamp_minfr~_RST.APRQ_10_0615.1-12a0a4ed6c-6s9tvv97_84616464,no_digest,,,0,0,,
,c:\Users\USER\Desktop\CT&RPL\2_Project\KNF_LEU+ 시범연료봉 장전 인허가 과제\2026\2_계산\2_LP\LOW_Fr_MASTER_result\srv199\kit_frontier_runs_fpcamp_minfr~_RST.APRQ_10_0615.1-12c94e77ae-54a5xeoy_366db470,no_digest,,,0,0,,
,c:\Users\USER\Desktop\CT&RPL\2_Project\KNF_LEU+ 시범연료봉 장전 인허가 과제\2026\2_계산\2_LP\LOW_Fr_MASTER_result\srv199\kit_frontier_runs_fpcamp_minfr~_RST.APRQ_10_0615.1-12cc094a48-34vfsdp1_f7836e77,no_digest,,,0,0,,
,c:\Users\USER\Desktop\CT&RPL\2_Project\KNF_LEU+ 시범연료봉 장전 인허가 과제\2026\2_계산\2_LP\LOW_Fr_MASTER_result\srv199\kit_frontier_runs_fpcamp_minfr~_RST.APRQ_10_0615.1-13278b0e4c-3yutikq0_adc5cc2f,no_digest,,,0,0,,
,c:\Users\USER\Desktop\CT&RPL\2_Project\KNF_LEU+ 시범연료봉 장전 인허가 과제\2026\2_계산\2_LP\LOW_Fr_MASTER_result\srv199\kit_frontier_runs_fpcamp_minfr~_RST.APRQ_10_0615.1-13ace85d22-x1pp2dym_a80b0464,no_digest,,,0,0,,
,c:\Users\USER\Desktop\CT&RPL\2_Project\KNF_LEU+ 시범연료봉 장전 인허가 과제\2026\2_계산\2_LP\LOW_Fr_MASTER_result\srv199\kit_frontier_runs_fpcamp_minfr~_RST.APRQ_10_0615.1-13c631a212-ujhmeb5o_9b92d0fd,no_digest,,,0,0,,
,c:\Users\USER\Desktop\CT&RPL\2_Project\KNF_LEU+ 시범연료봉 장전 인허가 과제\2026\2_계산\2_LP\LOW_Fr_MASTER_result\srv199\kit_frontier_runs_fpcamp_minfr~_RST.APRQ_10_0615.1-1401b8aedb-vj99atvs_98e6d636,no_digest,,,0,0,,
,c:\Users\USER\Desktop\CT&RPL\2_Project\KNF_LEU+ 시범연료봉 장전 인허가 과제\2026\2_계산\2_LP\LOW_Fr_MASTER_result\srv199\kit_frontier_runs_fpcamp_minfr~_RST.APRQ_10_0615.1-144d1aa9d7-lya1za5z_2bdd8b83,no_digest,,,0,0,,
,c:\Users\USER\Desktop\CT&RPL\2_Project\KNF_LEU+ 시범연료봉 장전 인허가 과제\2026\2_계산\2_LP\LOW_Fr_MASTER_result\srv199\kit_frontier_runs_fpcamp_minfr~_RST.APRQ_10_0615.1-148eb68bed-hdkud_xx_c0c59304,no_digest,,,0,0,,
,c:\Users\USER\Desktop\CT&RPL\2_Project\KNF_LEU+ 시범연료봉 장전 인허가 과제\2026\2_계산\2_LP\LOW_Fr_MASTER_result\srv199\kit_frontier_runs_fpcamp_minfr~_RST.APRQ_10_0615.1-14a9311415-cigrx5bz_750c5f2c,no_digest,,,0,0,,
,c:\Users\USER\Desktop\CT&RPL\2_Project\KNF_LEU+ 시범연료봉 장전 인허가 과제\2026\2_계산\2_LP\LOW_Fr_MASTER_result\srv199\kit_frontier_runs_fpcamp_minfr~_RST.APRQ_10_0615.1-1535e6005e-l7b2k8wq_82067695,no_digest,,,0,0,,
,c:\Users\USER\Desktop\CT&RPL\2_Project\KNF_LEU+ 시범연료봉 장전 인허가 과제\2026\2_계산\2_LP\LOW_Fr_MASTER_result\srv199\kit_frontier_runs_fpcamp_minfr~_RST.APRQ_10_0615.1-157b0be2bd-qvynxd2q_6c1d88db,no_digest,,,0,0,,
,c:\Users\USER\Desktop\CT&RPL\2_Project\KNF_LEU+ 시범연료봉 장전 인허가 과제\2026\2_계산\2_LP\LOW_Fr_MASTER_result\srv199\kit_frontier_runs_fpcamp_minfr~_RST.APRQ_10_0615.1-157c792bb9-tfxu4ynf_f3d1322a,no_digest,,,0,0,,
,c:\Users\USER\Desktop\CT&RPL\2_Project\KNF_LEU+ 시범연료봉 장전 인허가 과제\2026\2_계산\2_LP\LOW_Fr_MASTER_result\srv199\kit_frontier_runs_fpcamp_minfr~_RST.APRQ_10_0615.1-160517eeb7-zzoyqupv_08d403d7,no_digest,,,0,0,,
,c:\Users\USER\Desktop\CT&RPL\2_Project\KNF_LEU+ 시범연료봉 장전 인허가 과제\2026\2_계산\2_LP\LOW_Fr_MASTER_result\srv199\kit_frontier_runs_fpcamp_minfr~_RST.APRQ_10_0615.1-167383054d-mdzo7s2q_1b465908,no_digest,,,0,0,,
,c:\Users\USER\Desktop\CT&RPL\2_Project\KNF_LEU+ 시범연료봉 장전 인허가 과제\2026\2_계산\2_LP\LOW_Fr_MASTER_result\srv199\kit_frontier_runs_fpcamp_minfr~_RST.APRQ_10_0615.1-1716d87d55-70v8jn0y_efd595a4,no_digest,,,0,0,,
,c:\Users\USER\Desktop\CT&RPL\2_Project\KNF_LEU+ 시범연료봉 장전 인허가 과제\2026\2_계산\2_LP\LOW_Fr_MASTER_result\srv199\kit_frontier_runs_fpcamp_minfr~_RST.APRQ_10_0615.1-175ae40c89-psprmxmt_8ab788d8,no_digest,,,0,0,,
,c:\Users\USER\Desktop\CT&RPL\2_Project\KNF_LEU+ 시범연료봉 장전 인허가 과제\2026\2_계산\2_LP\LOW_Fr_MASTER_result\srv199\kit_frontier_runs_fpcamp_minfr~_RST.APRQ_10_0615.1-1762c18e78-rm9n9w5y_2d255b51,no_digest,,,0,0,,
,c:\Users\USER\Desktop\CT&RPL\2_Project\KNF_LEU+ 시범연료봉 장전 인허가 과제\2026\2_계산\2_LP\LOW_Fr_MASTER_result\srv199\kit_frontier_runs_fpcamp_minfr~_RST.APRQ_10_0615.1-17f23ab92c-50zght2b_8babcc91,no_digest,,,0,0,,
,c:\Users\USER\Desktop\CT&RPL\2_Project\KNF_LEU+ 시범연료봉 장전 인허가 과제\2026\2_계산\2_LP\LOW_Fr_MASTER_result\srv199\kit_frontier_runs_fpcamp_minfr~_RST.APRQ_10_0615.1-1881e7ed94-2uhfm9xn_e653d9cd,no_digest,,,0,0,,
,c:\Users\USER\Desktop\CT&RPL\2_Project\KNF_LEU+ 시범연료봉 장전 인허가 과제\2026\2_계산\2_LP\LOW_Fr_MASTER_result\srv199\kit_frontier_runs_fpcamp_minfr~_RST.APRQ_10_0615.1-18e3a51e07-x_rz5c33_13934711,no_digest,,,0,0,,
,c:\Users\USER\Desktop\CT&RPL\2_Project\KNF_LEU+ 시범연료봉 장전 인허가 과제\2026\2_계산\2_LP\LOW_Fr_MASTER_result\srv199\kit_frontier_runs_fpcamp_minfr~_RST.APRQ_10_0615.1-18f2f0ae72-gosradnv_53d3a95d,no_digest,,,0,0,,
,c:\Users\USER\Desktop\CT&RPL\2_Project\KNF_LEU+ 시범연료봉 장전 인허가 과제\2026\2_계산\2_LP\LOW_Fr_MASTER_result\srv199\kit_frontier_runs_fpcamp_minfr~_RST.APRQ_10_0615.1-19463fa302-ubd1o60u_faa23097,no_digest,,,0,0,,
,c:\Users\USER\Desktop\CT&RPL\2_Project\KNF_LEU+ 시범연료봉 장전 인허가 과제\2026\2_계산\2_LP\LOW_Fr_MASTER_result\srv199\kit_frontier_runs_fpcamp_minfr~_RST.APRQ_10_0615.1-19b324f07c-k3hchyd0_f96162d8,no_digest,,,0,0,,
,c:\Users\USER\Desktop\CT&RPL\2_Project\KNF_LEU+ 시범연료봉 장전 인허가 과제\2026\2_계산\2_LP\LOW_Fr_MASTER_result\srv199\kit_frontier_runs_fpcamp_minfr~_RST.APRQ_10_0615.1-19c7d69ff0-ivv7ze6c_51a13a48,no_mas_sum,,,0,0,,
,c:\Users\USER\Desktop\CT&RPL\2_Project\KNF_LEU+ 시범연료봉 장전 인허가 과제\2026\2_계산\2_LP\LOW_Fr_MASTER_result\srv199\kit_frontier_runs_fpcamp_minfr~_RST.APRQ_10_0615.1-19f5b8867f-j2lrnqww_2619a26d,no_digest,,,0,0,,
,c:\Users\USER\Desktop\CT&RPL\2_Project\KNF_LEU+ 시범연료봉 장전 인허가 과제\2026\2_계산\2_LP\LOW_Fr_MASTER_result\srv199\kit_frontier_runs_fpcamp_minfr~_RST.APRQ_10_0615.1-1a0374763e-8nriwle7_d5de7bab,no_digest,,,0,0,,
,c:\Users\USER\Desktop\CT&RPL\2_Project\KNF_LEU+ 시범연료봉 장전 인허가 과제\2026\2_계산\2_LP\LOW_Fr_MASTER_result\srv199\kit_frontier_runs_fpcamp_minfr~_RST.APRQ_10_0615.1-1a0c23dbec-syg55wpm_36165111,no_digest,,,0,0,,
,c:\Users\USER\Desktop\CT&RPL\2_Project\KNF_LEU+ 시범연료봉 장전 인허가 과제\2026\2_계산\2_LP\LOW_Fr_MASTER_result\srv199\kit_frontier_runs_fpcamp_minfr~_RST.APRQ_10_0615.1-1a2b1fd7e3-t13w6stp_1db8cecc,no_digest,,,0,0,,
,c:\Users\USER\Desktop\CT&RPL\2_Project\KNF_LEU+ 시범연료봉 장전 인허가 과제\2026\2_계산\2_LP\LOW_Fr_MASTER_result\srv199\kit_frontier_runs_fpcamp_minfr~_RST.APRQ_10_0615.1-1a40f99d41-_8389taa_9bfb9a53,no_digest,,,0,0,,
,c:\Users\USER\Desktop\CT&RPL\2_Project\KNF_LEU+ 시범연료봉 장전 인허가 과제\2026\2_계산\2_LP\LOW_Fr_MASTER_result\srv199\kit_frontier_runs_fpcamp_minfr~_RST.APRQ_10_0615.1-1aaae1a20a-xgh_dkb1_05861ef3,no_digest,,,0,0,,
,c:\Users\USER\Desktop\CT&RPL\2_Project\KNF_LEU+ 시범연료봉 장전 인허가 과제\2026\2_계산\2_LP\LOW_Fr_MASTER_result\srv199\kit_frontier_runs_fpcamp_minfr~_RST.APRQ_10_0615.1-1ac5590076-gpw4haak_4da70b79,no_digest,,,0,0,,
,c:\Users\USER\Desktop\CT&RPL\2_Project\KNF_LEU+ 시범연료봉 장전 인허가 과제\2026\2_계산\2_LP\LOW_Fr_MASTER_result\srv199\kit_frontier_runs_fpcamp_minfr~_RST.APRQ_10_0615.1-1af2e42f74-pv9eo2pk_f617c6af,no_digest,,,0,0,,
,c:\Users\USER\Desktop\CT&RPL\2_Project\KNF_LEU+ 시범연료봉 장전 인허가 과제\2026\2_계산\2_LP\LOW_Fr_MASTER_result\srv199\kit_frontier_runs_fpcamp_minfr~_RST.APRQ_10_0615.1-1aff2a5c9b-ypn3jq60_d26ddbe1,no_digest,,,0,0,,
,c:\Users\USER\Desktop\CT&RPL\2_Project\KNF_LEU+ 시범연료봉 장전 인허가 과제\2026\2_계산\2_LP\LOW_Fr_MASTER_result\srv199\kit_frontier_runs_fpcamp_minfr~_RST.APRQ_10_0615.1-1bed92ec86-m78g_ixa_763567b5,no_digest,,,0,0,,
,c:\Users\USER\Desktop\CT&RPL\2_Project\KNF_LEU+ 시범연료봉 장전 인허가 과제\2026\2_계산\2_LP\LOW_Fr_MASTER_result\srv199\kit_frontier_runs_fpcamp_minfr~_RST.APRQ_10_0615.1-1c2fef6f4c-g8dv_4dq_c3dd76e5,no_digest,,,0,0,,
,c:\Users\USER\Desktop\CT&RPL\2_Project\KNF_LEU+ 시범연료봉 장전 인허가 과제\2026\2_계산\2_LP\LOW_Fr_MASTER_result\srv199\kit_frontier_runs_fpcamp_minfr~_RST.APRQ_10_0615.1-1c5f521331-h8qunvg7_41c46ae8,no_digest,,,0,0,,
,c:\Users\USER\Desktop\CT&RPL\2_Project\KNF_LEU+ 시범연료봉 장전 인허가 과제\2026\2_계산\2_LP\LOW_Fr_MASTER_result\srv199\kit_frontier_runs_fpcamp_minfr~_RST.APRQ_10_0615.1-1ca8df6660-7i5o6qyo_54cca169,no_digest,,,0,0,,
,c:\Users\USER\Desktop\CT&RPL\2_Project\KNF_LEU+ 시범연료봉 장전 인허가 과제\2026\2_계산\2_LP\LOW_Fr_MASTER_result\srv199\kit_frontier_runs_fpcamp_minfr~_RST.APRQ_10_0615.1-1da2d368ee-oxdc_cof_44881bd2,no_digest,,,0,0,,
,c:\Users\USER\Desktop\CT&RPL\2_Project\KNF_LEU+ 시범연료봉 장전 인허가 과제\2026\2_계산\2_LP\LOW_Fr_MASTER_result\srv199\kit_frontier_runs_fpcamp_minfr~_RST.APRQ_10_0615.1-1e90c792da-44_uj41n_dcbd919a,no_digest,,,0,0,,
,c:\Users\USER\Desktop\CT&RPL\2_Project\KNF_LEU+ 시범연료봉 장전 인허가 과제\2026\2_계산\2_LP\LOW_Fr_MASTER_result\srv199\kit_frontier_runs_fpcamp_minfr~_RST.APRQ_10_0615.1-1ead51ad18-wre2o4za_032d1194,no_digest,,,0,0,,
,c:\Users\USER\Desktop\CT&RPL\2_Project\KNF_LEU+ 시범연료봉 장전 인허가 과제\2026\2_계산\2_LP\LOW_Fr_MASTER_result\srv199\kit_frontier_runs_fpcamp_minfr~_RST.APRQ_10_0615.1-1eadfe7950-wsv_5owx_5f94823d,no_digest,,,0,0,,
,c:\Users\USER\Desktop\CT&RPL\2_Project\KNF_LEU+ 시범연료봉 장전 인허가 과제\2026\2_계산\2_LP\LOW_Fr_MASTER_result\srv199\kit_frontier_runs_fpcamp_minfr~_RST.APRQ_10_0615.1-1eee974b6f-u_bz05dr_9c39c992,no_digest,,,0,0,,
,c:\Users\USER\Desktop\CT&RPL\2_Project\KNF_LEU+ 시범연료봉 장전 인허가 과제\2026\2_계산\2_LP\LOW_Fr_MASTER_result\srv199\kit_frontier_runs_fpcamp_minfr~_RST.APRQ_10_0615.1-205b003cf2-22eg03kr_b971f253,no_digest,,,0,0,,
,c:\Users\USER\Desktop\CT&RPL\2_Project\KNF_LEU+ 시범연료봉 장전 인허가 과제\2026\2_계산\2_LP\LOW_Fr_MASTER_result\srv199\kit_frontier_runs_fpcamp_minfr~_RST.APRQ_10_0615.1-20969b9f29-gl0rgl2p_560b5c09,no_mas_sum,,,0,0,,
,c:\Users\USER\Desktop\CT&RPL\2_Project\KNF_LEU+ 시범연료봉 장전 인허가 과제\2026\2_계산\2_LP\LOW_Fr_MASTER_result\srv199\kit_frontier_runs_fpcamp_minfr~_RST.APRQ_10_0615.1-20faec7a9a-fure6ets_c79b71f9,no_digest,,,0,0,,
,c:\Users\USER\Desktop\CT&RPL\2_Project\KNF_LEU+ 시범연료봉 장전 인허가 과제\2026\2_계산\2_LP\LOW_Fr_MASTER_result\srv199\kit_frontier_runs_fpcamp_minfr~_RST.APRQ_10_0615.1-21225d8b20-ezjwqwst_218a23be,no_digest,,,0,0,,
,c:\Users\USER\Desktop\CT&RPL\2_Project\KNF_LEU+ 시범연료봉 장전 인허가 과제\2026\2_계산\2_LP\LOW_Fr_MASTER_result\srv199\kit_frontier_runs_fpcamp_minfr~_RST.APRQ_10_0615.1-21332fc7b1-_ajhxhx6_50a8582d,no_mas_sum,,,0,0,,
,c:\Users\USER\Desktop\CT&RPL\2_Project\KNF_LEU+ 시범연료봉 장전 인허가 과제\2026\2_계산\2_LP\LOW_Fr_MASTER_result\srv199\kit_frontier_runs_fpcamp_minfr~_RST.APRQ_10_0615.1-21ff37774b-zur3odq5_5c2a75dd,no_digest,,,0,0,,
,c:\Users\USER\Desktop\CT&RPL\2_Project\KNF_LEU+ 시범연료봉 장전 인허가 과제\2026\2_계산\2_LP\LOW_Fr_MASTER_result\srv199\kit_frontier_runs_fpcamp_minfr~_RST.APRQ_10_0615.1-226a65d6f3-v1yydtot_d315864a,no_digest,,,0,0,,
,c:\Users\USER\Desktop\CT&RPL\2_Project\KNF_LEU+ 시범연료봉 장전 인허가 과제\2026\2_계산\2_LP\LOW_Fr_MASTER_result\srv199\kit_frontier_runs_fpcamp_minfr~_RST.APRQ_10_0615.1-22de568b18-krnibeiy_1899da79,no_digest,,,0,0,,
,c:\Users\USER\Desktop\CT&RPL\2_Project\KNF_LEU+ 시범연료봉 장전 인허가 과제\2026\2_계산\2_LP\LOW_Fr_MASTER_result\srv199\kit_frontier_runs_fpcamp_minfr~_RST.APRQ_10_0615.1-231fa87f4b-594yw1vx_030bfbc2,no_digest,,,0,0,,
,c:\Users\USER\Desktop\CT&RPL\2_Project\KNF_LEU+ 시범연료봉 장전 인허가 과제\2026\2_계산\2_LP\LOW_Fr_MASTER_result\srv199\kit_frontier_runs_fpcamp_minfr~_RST.APRQ_10_0615.1-2347593f27-wajw26o7_199234ab,no_digest,,,0,0,,
,c:\Users\USER\Desktop\CT&RPL\2_Project\KNF_LEU+ 시범연료봉 장전 인허가 과제\2026\2_계산\2_LP\LOW_Fr_MASTER_result\srv199\kit_frontier_runs_fpcamp_minfr~_RST.APRQ_10_0615.1-23c69bcdba-6mj4vzfh_738db89f,no_digest,,,0,0,,
,c:\Users\USER\Desktop\CT&RPL\2_Project\KNF_LEU+ 시범연료봉 장전 인허가 과제\2026\2_계산\2_LP\LOW_Fr_MASTER_result\srv199\kit_frontier_runs_fpcamp_minfr~_RST.APRQ_10_0615.1-2408f9a3b1-v1eqecn1_83484add,no_digest,,,0,0,,
,c:\Users\USER\Desktop\CT&RPL\2_Project\KNF_LEU+ 시범연료봉 장전 인허가 과제\2026\2_계산\2_LP\LOW_Fr_MASTER_result\srv199\kit_frontier_runs_fpcamp_minfr~_RST.APRQ_10_0615.1-24311be990-lnlirgjq_e73a581b,no_digest,,,0,0,,
,c:\Users\USER\Desktop\CT&RPL\2_Project\KNF_LEU+ 시범연료봉 장전 인허가 과제\2026\2_계산\2_LP\LOW_Fr_MASTER_result\srv199\kit_frontier_runs_fpcamp_minfr~_RST.APRQ_10_0615.1-24c3e41a42-cv1eqqs6_31c2b1b7,no_digest,,,0,0,,
,c:\Users\USER\Desktop\CT&RPL\2_Project\KNF_LEU+ 시범연료봉 장전 인허가 과제\2026\2_계산\2_LP\LOW_Fr_MASTER_result\srv199\kit_frontier_runs_fpcamp_minfr~_RST.APRQ_10_0615.1-24f443aa5c-3ze3_v07_f5000689,no_digest,,,0,0,,
,c:\Users\USER\Desktop\CT&RPL\2_Project\KNF_LEU+ 시범연료봉 장전 인허가 과제\2026\2_계산\2_LP\LOW_Fr_MASTER_result\srv199\kit_frontier_runs_fpcamp_minfr~_RST.APRQ_10_0615.1-254c555968-0873alsi_f21be1a0,no_digest,,,0,0,,
,c:\Users\USER\Desktop\CT&RPL\2_Project\KNF_LEU+ 시범연료봉 장전 인허가 과제\2026\2_계산\2_LP\LOW_Fr_MASTER_result\srv199\kit_frontier_runs_fpcamp_minfr~_RST.APRQ_10_0615.1-25bc058296-f9mpn4n9_c99344ae,no_digest,,,0,0,,
,c:\Users\USER\Desktop\CT&RPL\2_Project\KNF_LEU+ 시범연료봉 장전 인허가 과제\2026\2_계산\2_LP\LOW_Fr_MASTER_result\srv199\kit_frontier_runs_fpcamp_minfr~_RST.APRQ_10_0615.1-26cdde76f1-d7289pj4_82244b66,no_mas_sum,,,0,0,,
,c:\Users\USER\Desktop\CT&RPL\2_Project\KNF_LEU+ 시범연료봉 장전 인허가 과제\2026\2_계산\2_LP\LOW_Fr_MASTER_result\srv199\kit_frontier_runs_fpcamp_minfr~_RST.APRQ_10_0615.1-27b137117b-zc4pb2wk_2bbdc2fe,no_digest,,,0,0,,
,c:\Users\USER\Desktop\CT&RPL\2_Project\KNF_LEU+ 시범연료봉 장전 인허가 과제\2026\2_계산\2_LP\LOW_Fr_MASTER_result\srv199\kit_frontier_runs_fpcamp_minfr~_RST.APRQ_10_0615.1-27c7f15e1f-l6l2ymbb_4b0fb71d,no_digest,,,0,0,,
,c:\Users\USER\Desktop\CT&RPL\2_Project\KNF_LEU+ 시범연료봉 장전 인허가 과제\2026\2_계산\2_LP\LOW_Fr_MASTER_result\srv199\kit_frontier_runs_fpcamp_minfr~_RST.APRQ_10_0615.1-280a615605-cj4ayif9_e08066c2,no_digest,,,0,0,,
,c:\Users\USER\Desktop\CT&RPL\2_Project\KNF_LEU+ 시범연료봉 장전 인허가 과제\2026\2_계산\2_LP\LOW_Fr_MASTER_result\srv199\kit_frontier_runs_fpcamp_minfr~_RST.APRQ_10_0615.1-283db39f0b-ri6xrnd0_775e24a3,no_digest,,,0,0,,
,c:\Users\USER\Desktop\CT&RPL\2_Project\KNF_LEU+ 시범연료봉 장전 인허가 과제\2026\2_계산\2_LP\LOW_Fr_MASTER_result\srv199\kit_frontier_runs_fpcamp_minfr~_RST.APRQ_10_0615.1-287c033e0c-yi5n4wm6_813c967f,no_digest,,,0,0,,
,c:\Users\USER\Desktop\CT&RPL\2_Project\KNF_LEU+ 시범연료봉 장전 인허가 과제\2026\2_계산\2_LP\LOW_Fr_MASTER_result\srv199\kit_frontier_runs_fpcamp_minfr~_RST.APRQ_10_0615.1-2898876d39-weldkert_dfd9ad74,no_digest,,,0,0,,
,c:\Users\USER\Desktop\CT&RPL\2_Project\KNF_LEU+ 시범연료봉 장전 인허가 과제\2026\2_계산\2_LP\LOW_Fr_MASTER_result\srv199\kit_frontier_runs_fpcamp_minfr~_RST.APRQ_10_0615.1-289dcdcaae-yk4aduqi_d8359e5c,no_mas_sum,,,0,0,,
,c:\Users\USER\Desktop\CT&RPL\2_Project\KNF_LEU+ 시범연료봉 장전 인허가 과제\2026\2_계산\2_LP\LOW_Fr_MASTER_result\srv199\kit_frontier_runs_fpcamp_minfr~_RST.APRQ_10_0615.1-28db01c74b-4vix8ubb_ed990a59,no_digest,,,0,0,,
,c:\Users\USER\Desktop\CT&RPL\2_Project\KNF_LEU+ 시범연료봉 장전 인허가 과제\2026\2_계산\2_LP\LOW_Fr_MASTER_result\srv199\kit_frontier_runs_fpcamp_minfr~_RST.APRQ_10_0615.1-28ea38db1b-erknme8d_fa9b2393,no_digest,,,0,0,,
,c:\Users\USER\Desktop\CT&RPL\2_Project\KNF_LEU+ 시범연료봉 장전 인허가 과제\2026\2_계산\2_LP\LOW_Fr_MASTER_result\srv199\kit_frontier_runs_fpcamp_minfr~_RST.APRQ_10_0615.1-290642cc3e-wor1c8kq_50c460c6,no_digest,,,0,0,,
,c:\Users\USER\Desktop\CT&RPL\2_Project\KNF_LEU+ 시범연료봉 장전 인허가 과제\2026\2_계산\2_LP\LOW_Fr_MASTER_result\srv199\kit_frontier_runs_fpcamp_minfr~_RST.APRQ_10_0615.1-296367a1b1-2taggsyg_7ce32bd8,no_digest,,,0,0,,
,c:\Users\USER\Desktop\CT&RPL\2_Project\KNF_LEU+ 시범연료봉 장전 인허가 과제\2026\2_계산\2_LP\LOW_Fr_MASTER_result\srv199\kit_frontier_runs_fpcamp_minfr~_RST.APRQ_10_0615.1-2a13bb1f35-6o4pm7z7_06400bad,no_digest,,,0,0,,
,c:\Users\USER\Desktop\CT&RPL\2_Project\KNF_LEU+ 시범연료봉 장전 인허가 과제\2026\2_계산\2_LP\LOW_Fr_MASTER_result\srv199\kit_frontier_runs_fpcamp_minfr~_RST.APRQ_10_0615.1-2adf9b3261-i106bpww_71d54247,no_digest,,,0,0,,
,c:\Users\USER\Desktop\CT&RPL\2_Project\KNF_LEU+ 시범연료봉 장전 인허가 과제\2026\2_계산\2_LP\LOW_Fr_MASTER_result\srv199\kit_frontier_runs_fpcamp_minfr~_RST.APRQ_10_0615.1-2b5815cd3c-6lhyskdm_739cef02,no_digest,,,0,0,,
,c:\Users\USER\Desktop\CT&RPL\2_Project\KNF_LEU+ 시범연료봉 장전 인허가 과제\2026\2_계산\2_LP\LOW_Fr_MASTER_result\srv199\kit_frontier_runs_fpcamp_minfr~_RST.APRQ_10_0615.1-2b86d73172-gow48zvx_9aadb4df,no_digest,,,0,0,,
,c:\Users\USER\Desktop\CT&RPL\2_Project\KNF_LEU+ 시범연료봉 장전 인허가 과제\2026\2_계산\2_LP\LOW_Fr_MASTER_result\srv199\kit_frontier_runs_fpcamp_minfr~_RST.APRQ_10_0615.1-2b97349e6b-_wkcpam9_80ce5fd4,no_digest,,,0,0,,
,c:\Users\USER\Desktop\CT&RPL\2_Project\KNF_LEU+ 시범연료봉 장전 인허가 과제\2026\2_계산\2_LP\LOW_Fr_MASTER_result\srv199\kit_frontier_runs_fpcamp_minfr~_RST.APRQ_10_0615.1-2bc7680901-jer_8c6p_6b353976,no_digest,,,0,0,,
,c:\Users\USER\Desktop\CT&RPL\2_Project\KNF_LEU+ 시범연료봉 장전 인허가 과제\2026\2_계산\2_LP\LOW_Fr_MASTER_result\srv199\kit_frontier_runs_fpcamp_minfr~_RST.APRQ_10_0615.1-2c46bab1ec-vc9wzsy5_8ff74bba,no_digest,,,0,0,,
,c:\Users\USER\Desktop\CT&RPL\2_Project\KNF_LEU+ 시범연료봉 장전 인허가 과제\2026\2_계산\2_LP\LOW_Fr_MASTER_result\srv199\kit_frontier_runs_fpcamp_minfr~_RST.APRQ_10_0615.1-2ccf98ef0d-cdrh90dq_2fa4c197,no_digest,,,0,0,,
,c:\Users\USER\Desktop\CT&RPL\2_Project\KNF_LEU+ 시범연료봉 장전 인허가 과제\2026\2_계산\2_LP\LOW_Fr_MASTER_result\srv199\kit_frontier_runs_fpcamp_minfr~_RST.APRQ_10_0615.1-2ce1df942a-av7e4hv3_0fa25bd5,no_digest,,,0,0,,
,c:\Users\USER\Desktop\CT&RPL\2_Project\KNF_LEU+ 시범연료봉 장전 인허가 과제\2026\2_계산\2_LP\LOW_Fr_MASTER_result\srv199\kit_frontier_runs_fpcamp_minfr~_RST.APRQ_10_0615.1-2ce6c0e860-fg7y5ab4_b41ab5d1,no_digest,,,0,0,,
,c:\Users\USER\Desktop\CT&RPL\2_Project\KNF_LEU+ 시범연료봉 장전 인허가 과제\2026\2_계산\2_LP\LOW_Fr_MASTER_result\srv199\kit_frontier_runs_fpcamp_minfr~_RST.APRQ_10_0615.1-2d72b9d5d8-16ij3bw0_b4df4557,no_digest,,,0,0,,
,c:\Users\USER\Desktop\CT&RPL\2_Project\KNF_LEU+ 시범연료봉 장전 인허가 과제\2026\2_계산\2_LP\LOW_Fr_MASTER_result\srv199\kit_frontier_runs_fpcamp_minfr~_RST.APRQ_10_0615.1-2de2f61c30-z9rz2rst_022255ca,no_digest,,,0,0,,
,c:\Users\USER\Desktop\CT&RPL\2_Project\KNF_LEU+ 시범연료봉 장전 인허가 과제\2026\2_계산\2_LP\LOW_Fr_MASTER_result\srv199\kit_frontier_runs_fpcamp_minfr~_RST.APRQ_10_0615.1-2e15a6cad3-5nns2ere_f92fcc57,no_digest,,,0,0,,
,c:\Users\USER\Desktop\CT&RPL\2_Project\KNF_LEU+ 시범연료봉 장전 인허가 과제\2026\2_계산\2_LP\LOW_Fr_MASTER_result\srv199\kit_frontier_runs_fpcamp_minfr~_RST.APRQ_10_0615.1-2e69b4ee31-oijzgzyl_96c23de7,no_digest,,,0,0,,
,c:\Users\USER\Desktop\CT&RPL\2_Project\KNF_LEU+ 시범연료봉 장전 인허가 과제\2026\2_계산\2_LP\LOW_Fr_MASTER_result\srv199\kit_frontier_runs_fpcamp_minfr~_RST.APRQ_10_0615.1-2e76f13ba1-0a0l06ag_269a0a44,no_digest,,,0,0,,
,c:\Users\USER\Desktop\CT&RPL\2_Project\KNF_LEU+ 시범연료봉 장전 인허가 과제\2026\2_계산\2_LP\LOW_Fr_MASTER_result\srv199\kit_frontier_runs_fpcamp_minfr~_RST.APRQ_10_0615.1-2ed5c0e30c-n41y67sm_2e1d2fe8,no_digest,,,0,0,,
,c:\Users\USER\Desktop\CT&RPL\2_Project\KNF_LEU+ 시범연료봉 장전 인허가 과제\2026\2_계산\2_LP\LOW_Fr_MASTER_result\srv199\kit_frontier_runs_fpcamp_minfr~_RST.APRQ_10_0615.1-2f6d26c99d-hjv0muzb_77dd2fd7,no_digest,,,0,0,,
,c:\Users\USER\Desktop\CT&RPL\2_Project\KNF_LEU+ 시범연료봉 장전 인허가 과제\2026\2_계산\2_LP\LOW_Fr_MASTER_result\srv199\kit_frontier_runs_fpcamp_minfr~_RST.APRQ_10_0615.1-2fdb0259c8-v8ttdcfy_90e69c8c,no_digest,,,0,0,,
,c:\Users\USER\Desktop\CT&RPL\2_Project\KNF_LEU+ 시범연료봉 장전 인허가 과제\2026\2_계산\2_LP\LOW_Fr_MASTER_result\srv199\kit_frontier_runs_fpcamp_minfr~_RST.APRQ_10_0615.1-30ba4487ad-k_lq3cz2_d83da860,no_digest,,,0,0,,
,c:\Users\USER\Desktop\CT&RPL\2_Project\KNF_LEU+ 시범연료봉 장전 인허가 과제\2026\2_계산\2_LP\LOW_Fr_MASTER_result\srv199\kit_frontier_runs_fpcamp_minfr~_RST.APRQ_10_0615.1-30cb51002d-u0fennxr_577485d7,no_mas_sum,,,0,0,,
,c:\Users\USER\Desktop\CT&RPL\2_Project\KNF_LEU+ 시범연료봉 장전 인허가 과제\2026\2_계산\2_LP\LOW_Fr_MASTER_result\srv199\kit_frontier_runs_fpcamp_minfr~_RST.APRQ_10_0615.1-30fa7ac201-ax_v_gtb_f0b15dce,no_digest,,,0,0,,
,c:\Users\USER\Desktop\CT&RPL\2_Project\KNF_LEU+ 시범연료봉 장전 인허가 과제\2026\2_계산\2_LP\LOW_Fr_MASTER_result\srv199\kit_frontier_runs_fpcamp_minfr~_RST.APRQ_10_0615.1-314ccef69a-6r14irsj_107d4f67,no_digest,,,0,0,,
,c:\Users\USER\Desktop\CT&RPL\2_Project\KNF_LEU+ 시범연료봉 장전 인허가 과제\2026\2_계산\2_LP\LOW_Fr_MASTER_result\srv199\kit_frontier_runs_fpcamp_minfr~_RST.APRQ_10_0615.1-31b1f2e688-ilk6ifq0_9a39d46b,no_mas_sum,,,0,0,,
,c:\Users\USER\Desktop\CT&RPL\2_Project\KNF_LEU+ 시범연료봉 장전 인허가 과제\2026\2_계산\2_LP\LOW_Fr_MASTER_result\srv199\kit_frontier_runs_fpcamp_minfr~_RST.APRQ_10_0615.1-31f86a1a31-bjbr13mz_93bbb4d3,no_digest,,,0,0,,
,c:\Users\USER\Desktop\CT&RPL\2_Project\KNF_LEU+ 시범연료봉 장전 인허가 과제\2026\2_계산\2_LP\LOW_Fr_MASTER_result\srv199\kit_frontier_runs_fpcamp_minfr~_RST.APRQ_10_0615.1-326d5f7b00-7ud4ovmy_97b70a41,no_digest,,,0,0,,
,c:\Users\USER\Desktop\CT&RPL\2_Project\KNF_LEU+ 시범연료봉 장전 인허가 과제\2026\2_계산\2_LP\LOW_Fr_MASTER_result\srv199\kit_frontier_runs_fpcamp_minfr~_RST.APRQ_10_0615.1-327fff291c-krrh1hcb_447da891,no_digest,,,0,0,,
,c:\Users\USER\Desktop\CT&RPL\2_Project\KNF_LEU+ 시범연료봉 장전 인허가 과제\2026\2_계산\2_LP\LOW_Fr_MASTER_result\srv199\kit_frontier_runs_fpcamp_minfr~_RST.APRQ_10_0615.1-32ee368597-afnzro2i_a2bf5433,no_digest,,,0,0,,
,c:\Users\USER\Desktop\CT&RPL\2_Project\KNF_LEU+ 시범연료봉 장전 인허가 과제\2026\2_계산\2_LP\LOW_Fr_MASTER_result\srv199\kit_frontier_runs_fpcamp_minfr~_RST.APRQ_10_0615.1-33b20cd707-fs9m3dh7_43ccb0a6,no_digest,,,0,0,,
,c:\Users\USER\Desktop\CT&RPL\2_Project\KNF_LEU+ 시범연료봉 장전 인허가 과제\2026\2_계산\2_LP\LOW_Fr_MASTER_result\srv199\kit_frontier_runs_fpcamp_minfr~_RST.APRQ_10_0615.1-33e4a70e3f-ogblel97_f7831489,no_digest,,,0,0,,
,c:\Users\USER\Desktop\CT&RPL\2_Project\KNF_LEU+ 시범연료봉 장전 인허가 과제\2026\2_계산\2_LP\LOW_Fr_MASTER_result\srv199\kit_frontier_runs_fpcamp_minfr~_RST.APRQ_10_0615.1-34319a0220-sfqp15j5_a24bcdc8,no_digest,,,0,0,,
,c:\Users\USER\Desktop\CT&RPL\2_Project\KNF_LEU+ 시범연료봉 장전 인허가 과제\2026\2_계산\2_LP\LOW_Fr_MASTER_result\srv199\kit_frontier_runs_fpcamp_minfr~_RST.APRQ_10_0615.1-36145333cc-9nvg5z7h_8864a348,no_digest,,,0,0,,
,c:\Users\USER\Desktop\CT&RPL\2_Project\KNF_LEU+ 시범연료봉 장전 인허가 과제\2026\2_계산\2_LP\LOW_Fr_MASTER_result\srv199\kit_frontier_runs_fpcamp_minfr~_RST.APRQ_10_0615.1-36216131a8-361xvv0u_32f0f16f,no_digest,,,0,0,,
,c:\Users\USER\Desktop\CT&RPL\2_Project\KNF_LEU+ 시범연료봉 장전 인허가 과제\2026\2_계산\2_LP\LOW_Fr_MASTER_result\srv199\kit_frontier_runs_fpcamp_minfr~_RST.APRQ_10_0615.1-3690a37124-o8w7gimx_a56a4439,no_digest,,,0,0,,
,c:\Users\USER\Desktop\CT&RPL\2_Project\KNF_LEU+ 시범연료봉 장전 인허가 과제\2026\2_계산\2_LP\LOW_Fr_MASTER_result\srv199\kit_frontier_runs_fpcamp_minfr~_RST.APRQ_10_0615.1-36a3f9e6d3-fhpii5mw_2a056502,no_digest,,,0,0,,
,c:\Users\USER\Desktop\CT&RPL\2_Project\KNF_LEU+ 시범연료봉 장전 인허가 과제\2026\2_계산\2_LP\LOW_Fr_MASTER_result\srv199\kit_frontier_runs_fpcamp_minfr~_RST.APRQ_10_0615.1-370fca6fde-gl9bzxgw_8115d2c7,no_digest,,,0,0,,
,c:\Users\USER\Desktop\CT&RPL\2_Project\KNF_LEU+ 시범연료봉 장전 인허가 과제\2026\2_계산\2_LP\LOW_Fr_MASTER_result\srv199\kit_frontier_runs_fpcamp_minfr~_RST.APRQ_10_0615.1-374c0f2782-6gxjzm95_5e3989f1,no_digest,,,0,0,,
,c:\Users\USER\Desktop\CT&RPL\2_Project\KNF_LEU+ 시범연료봉 장전 인허가 과제\2026\2_계산\2_LP\LOW_Fr_MASTER_result\srv199\kit_frontier_runs_fpcamp_minfr~_RST.APRQ_10_0615.1-3869bed9a8-ttu74xvr_cd592116,no_digest,,,0,0,,
,c:\Users\USER\Desktop\CT&RPL\2_Project\KNF_LEU+ 시범연료봉 장전 인허가 과제\2026\2_계산\2_LP\LOW_Fr_MASTER_result\srv199\kit_frontier_runs_fpcamp_minfr~_RST.APRQ_10_0615.1-38a00755f5-ssj0ccvd_d68fbfac,no_digest,,,0,0,,
,c:\Users\USER\Desktop\CT&RPL\2_Project\KNF_LEU+ 시범연료봉 장전 인허가 과제\2026\2_계산\2_LP\LOW_Fr_MASTER_result\srv199\kit_frontier_runs_fpcamp_minfr~_RST.APRQ_10_0615.1-38b7d740c3-nnueftv2_018d535b,no_digest,,,0,0,,
,c:\Users\USER\Desktop\CT&RPL\2_Project\KNF_LEU+ 시범연료봉 장전 인허가 과제\2026\2_계산\2_LP\LOW_Fr_MASTER_result\srv199\kit_frontier_runs_fpcamp_minfr~_RST.APRQ_10_0615.1-38c91ddbdd-1sgtt7s4_8cfc6b34,no_digest,,,0,0,,
,c:\Users\USER\Desktop\CT&RPL\2_Project\KNF_LEU+ 시범연료봉 장전 인허가 과제\2026\2_계산\2_LP\LOW_Fr_MASTER_result\srv199\kit_frontier_runs_fpcamp_minfr~_RST.APRQ_10_0615.1-38ca5ef03f-d8_xcc2u_fbcd8d5b,no_digest,,,0,0,,
,c:\Users\USER\Desktop\CT&RPL\2_Project\KNF_LEU+ 시범연료봉 장전 인허가 과제\2026\2_계산\2_LP\LOW_Fr_MASTER_result\srv199\kit_frontier_runs_fpcamp_minfr~_RST.APRQ_10_0615.1-38ccdb18ea-i6z305wx_9271cee9,no_digest,,,0,0,,
,c:\Users\USER\Desktop\CT&RPL\2_Project\KNF_LEU+ 시범연료봉 장전 인허가 과제\2026\2_계산\2_LP\LOW_Fr_MASTER_result\srv199\kit_frontier_runs_fpcamp_minfr~_RST.APRQ_10_0615.1-390e870056-ferfm21m_8df27eb4,no_digest,,,0,0,,
,c:\Users\USER\Desktop\CT&RPL\2_Project\KNF_LEU+ 시범연료봉 장전 인허가 과제\2026\2_계산\2_LP\LOW_Fr_MASTER_result\srv199\kit_frontier_runs_fpcamp_minfr~_RST.APRQ_10_0615.1-3970c6579f-fk_44lxs_fbbea7ec,no_digest,,,0,0,,
,c:\Users\USER\Desktop\CT&RPL\2_Project\KNF_LEU+ 시범연료봉 장전 인허가 과제\2026\2_계산\2_LP\LOW_Fr_MASTER_result\srv199\kit_frontier_runs_fpcamp_minfr~_RST.APRQ_10_0615.1-3a27400ce7-l0zvfasq_bb5f4578,no_digest,,,0,0,,
,c:\Users\USER\Desktop\CT&RPL\2_Project\KNF_LEU+ 시범연료봉 장전 인허가 과제\2026\2_계산\2_LP\LOW_Fr_MASTER_result\srv199\kit_frontier_runs_fpcamp_minfr~_RST.APRQ_10_0615.1-3a31286f13-6b6orsrt_a78d5329,no_digest,,,0,0,,
,c:\Users\USER\Desktop\CT&RPL\2_Project\KNF_LEU+ 시범연료봉 장전 인허가 과제\2026\2_계산\2_LP\LOW_Fr_MASTER_result\srv199\kit_frontier_runs_fpcamp_minfr~_RST.APRQ_10_0615.1-3b0b02447a-ia3_m95t_33183299,no_digest,,,0,0,,
,c:\Users\USER\Desktop\CT&RPL\2_Project\KNF_LEU+ 시범연료봉 장전 인허가 과제\2026\2_계산\2_LP\LOW_Fr_MASTER_result\srv199\kit_frontier_runs_fpcamp_minfr~_RST.APRQ_10_0615.1-3b623909ee-0vlzynkx_14cddfa5,no_digest,,,0,0,,
,c:\Users\USER\Desktop\CT&RPL\2_Project\KNF_LEU+ 시범연료봉 장전 인허가 과제\2026\2_계산\2_LP\LOW_Fr_MASTER_result\srv199\kit_frontier_runs_fpcamp_minfr~_RST.APRQ_10_0615.1-3c5e0cddc3-7ypwot7j_86e6216a,no_digest,,,0,0,,
,c:\Users\USER\Desktop\CT&RPL\2_Project\KNF_LEU+ 시범연료봉 장전 인허가 과제\2026\2_계산\2_LP\LOW_Fr_MASTER_result\srv199\kit_frontier_runs_fpcamp_minfr~_RST.APRQ_10_0615.1-3c8afe0b7c-5ojp4ky2_8c2fa21f,no_digest,,,0,0,,
,c:\Users\USER\Desktop\CT&RPL\2_Project\KNF_LEU+ 시범연료봉 장전 인허가 과제\2026\2_계산\2_LP\LOW_Fr_MASTER_result\srv199\kit_frontier_runs_fpcamp_minfr~_RST.APRQ_10_0615.1-3d8c41dba5-j4lo04_c_a9fb7b0d,no_digest,,,0,0,,
,c:\Users\USER\Desktop\CT&RPL\2_Project\KNF_LEU+ 시범연료봉 장전 인허가 과제\2026\2_계산\2_LP\LOW_Fr_MASTER_result\srv199\kit_frontier_runs_fpcamp_minfr~_RST.APRQ_10_0615.1-3d9a77c6eb-thek0fmy_b4623002,no_digest,,,0,0,,
,c:\Users\USER\Desktop\CT&RPL\2_Project\KNF_LEU+ 시범연료봉 장전 인허가 과제\2026\2_계산\2_LP\LOW_Fr_MASTER_result\srv199\kit_frontier_runs_fpcamp_minfr~_RST.APRQ_10_0615.1-3df2737736-3ty3fg26_b8d94a1f,no_digest,,,0,0,,
,c:\Users\USER\Desktop\CT&RPL\2_Project\KNF_LEU+ 시범연료봉 장전 인허가 과제\2026\2_계산\2_LP\LOW_Fr_MASTER_result\srv199\kit_frontier_runs_fpcamp_minfr~_RST.APRQ_10_0615.1-3e72fa528b-z6xrz9dx_418edb3a,no_digest,,,0,0,,
,c:\Users\USER\Desktop\CT&RPL\2_Project\KNF_LEU+ 시범연료봉 장전 인허가 과제\2026\2_계산\2_LP\LOW_Fr_MASTER_result\srv199\kit_frontier_runs_fpcamp_minfr~_RST.APRQ_10_0615.1-3eb7f40921-i2gzp7tk_8182fe30,no_digest,,,0,0,,
,c:\Users\USER\Desktop\CT&RPL\2_Project\KNF_LEU+ 시범연료봉 장전 인허가 과제\2026\2_계산\2_LP\LOW_Fr_MASTER_result\srv199\kit_frontier_runs_fpcamp_minfr~_RST.APRQ_10_0615.1-3ee3da178c-h_8nqtml_b2c9bfe8,no_digest,,,0,0,,
,c:\Users\USER\Desktop\CT&RPL\2_Project\KNF_LEU+ 시범연료봉 장전 인허가 과제\2026\2_계산\2_LP\LOW_Fr_MASTER_result\srv199\kit_frontier_runs_fpcamp_minfr~_RST.APRQ_10_0615.1-3fa3417d4c-4q14tykg_5d64fcd6,no_digest,,,0,0,,
,c:\Users\USER\Desktop\CT&RPL\2_Project\KNF_LEU+ 시범연료봉 장전 인허가 과제\2026\2_계산\2_LP\LOW_Fr_MASTER_result\srv199\kit_frontier_runs_fpcamp_minfr~_RST.APRQ_10_0615.1-401383d36d-438n4fcy_efc96c04,no_digest,,,0,0,,
,c:\Users\USER\Desktop\CT&RPL\2_Project\KNF_LEU+ 시범연료봉 장전 인허가 과제\2026\2_계산\2_LP\LOW_Fr_MASTER_result\srv199\kit_frontier_runs_fpcamp_minfr~_RST.APRQ_10_0615.1-4063af0e2c-f43g6a35_789f510f,no_digest,,,0,0,,
,c:\Users\USER\Desktop\CT&RPL\2_Project\KNF_LEU+ 시범연료봉 장전 인허가 과제\2026\2_계산\2_LP\LOW_Fr_MASTER_result\srv199\kit_frontier_runs_fpcamp_minfr~_RST.APRQ_10_0615.1-407ada9221-pymrb_54_6b3024a1,no_digest,,,0,0,,
,c:\Users\USER\Desktop\CT&RPL\2_Project\KNF_LEU+ 시범연료봉 장전 인허가 과제\2026\2_계산\2_LP\LOW_Fr_MASTER_result\srv199\kit_frontier_runs_fpcamp_minfr~_RST.APRQ_10_0615.1-409e44559a-8fz9p5zo_e66fd3aa,no_digest,,,0,0,,
,c:\Users\USER\Desktop\CT&RPL\2_Project\KNF_LEU+ 시범연료봉 장전 인허가 과제\2026\2_계산\2_LP\LOW_Fr_MASTER_result\srv199\kit_frontier_runs_fpcamp_minfr~_RST.APRQ_10_0615.1-40b3e39113-cj025_5k_4d6a59e3,no_digest,,,0,0,,
,c:\Users\USER\Desktop\CT&RPL\2_Project\KNF_LEU+ 시범연료봉 장전 인허가 과제\2026\2_계산\2_LP\LOW_Fr_MASTER_result\srv199\kit_frontier_runs_fpcamp_minfr~_RST.APRQ_10_0615.1-40f0de072e-x8x3zovu_d898ed78,no_digest,,,0,0,,
,c:\Users\USER\Desktop\CT&RPL\2_Project\KNF_LEU+ 시범연료봉 장전 인허가 과제\2026\2_계산\2_LP\LOW_Fr_MASTER_result\srv199\kit_frontier_runs_fpcamp_minfr~_RST.APRQ_10_0615.1-4224b70fd8-dpr9kbyh_effd5e63,no_digest,,,0,0,,
,c:\Users\USER\Desktop\CT&RPL\2_Project\KNF_LEU+ 시범연료봉 장전 인허가 과제\2026\2_계산\2_LP\LOW_Fr_MASTER_result\srv199\kit_frontier_runs_fpcamp_minfr~_RST.APRQ_10_0615.1-42fe601a5f-x2a53li1_db7169f1,no_digest,,,0,0,,
,c:\Users\USER\Desktop\CT&RPL\2_Project\KNF_LEU+ 시범연료봉 장전 인허가 과제\2026\2_계산\2_LP\LOW_Fr_MASTER_result\srv199\kit_frontier_runs_fpcamp_minfr~_RST.APRQ_10_0615.1-43411f0f4a-oplq_cm7_c40b0df5,no_digest,,,0,0,,
,c:\Users\USER\Desktop\CT&RPL\2_Project\KNF_LEU+ 시범연료봉 장전 인허가 과제\2026\2_계산\2_LP\LOW_Fr_MASTER_result\srv199\kit_frontier_runs_fpcamp_minfr~_RST.APRQ_10_0615.1-43eea28161-99t7ecv0_efd593b7,no_digest,,,0,0,,
,c:\Users\USER\Desktop\CT&RPL\2_Project\KNF_LEU+ 시범연료봉 장전 인허가 과제\2026\2_계산\2_LP\LOW_Fr_MASTER_result\srv199\kit_frontier_runs_fpcamp_minfr~_RST.APRQ_10_0615.1-440925722e-4k75z2pe_ebd5ef5a,no_digest,,,0,0,,
,c:\Users\USER\Desktop\CT&RPL\2_Project\KNF_LEU+ 시범연료봉 장전 인허가 과제\2026\2_계산\2_LP\LOW_Fr_MASTER_result\srv199\kit_frontier_runs_fpcamp_minfr~_RST.APRQ_10_0615.1-44ca21992a-dt9ssic8_36262e9a,no_digest,,,0,0,,
,c:\Users\USER\Desktop\CT&RPL\2_Project\KNF_LEU+ 시범연료봉 장전 인허가 과제\2026\2_계산\2_LP\LOW_Fr_MASTER_result\srv199\kit_frontier_runs_fpcamp_minfr~_RST.APRQ_10_0615.1-450decdfc7-e1_xd649_2904a283,no_digest,,,0,0,,
,c:\Users\USER\Desktop\CT&RPL\2_Project\KNF_LEU+ 시범연료봉 장전 인허가 과제\2026\2_계산\2_LP\LOW_Fr_MASTER_result\srv199\kit_frontier_runs_fpcamp_minfr~_RST.APRQ_10_0615.1-45a8065404-g2bsjkue_e5652d73,no_digest,,,0,0,,
,c:\Users\USER\Desktop\CT&RPL\2_Project\KNF_LEU+ 시범연료봉 장전 인허가 과제\2026\2_계산\2_LP\LOW_Fr_MASTER_result\srv199\kit_frontier_runs_fpcamp_minfr~_RST.APRQ_10_0615.1-462d4e6dec-lp0m4_7f_b15ecd9b,no_digest,,,0,0,,
,c:\Users\USER\Desktop\CT&RPL\2_Project\KNF_LEU+ 시범연료봉 장전 인허가 과제\2026\2_계산\2_LP\LOW_Fr_MASTER_result\srv199\kit_frontier_runs_fpcamp_minfr~_RST.APRQ_10_0615.1-4707f7404b-1jxrrdtu_a8ae9889,no_digest,,,0,0,,
,c:\Users\USER\Desktop\CT&RPL\2_Project\KNF_LEU+ 시범연료봉 장전 인허가 과제\2026\2_계산\2_LP\LOW_Fr_MASTER_result\srv199\kit_frontier_runs_fpcamp_minfr~_RST.APRQ_10_0615.1-4751010b71-ke_zfu4l_f9df84e6,no_digest,,,0,0,,
,c:\Users\USER\Desktop\CT&RPL\2_Project\KNF_LEU+ 시범연료봉 장전 인허가 과제\2026\2_계산\2_LP\LOW_Fr_MASTER_result\srv199\kit_frontier_runs_fpcamp_minfr~_RST.APRQ_10_0615.1-47f6e2dc57-28suje8c_12399178,no_digest,,,0,0,,
,c:\Users\USER\Desktop\CT&RPL\2_Project\KNF_LEU+ 시범연료봉 장전 인허가 과제\2026\2_계산\2_LP\LOW_Fr_MASTER_result\srv199\kit_frontier_runs_fpcamp_minfr~_RST.APRQ_10_0615.1-48612cb89e-zeu0pmjd_a89c83bf,no_mas_sum,,,0,0,,
,c:\Users\USER\Desktop\CT&RPL\2_Project\KNF_LEU+ 시범연료봉 장전 인허가 과제\2026\2_계산\2_LP\LOW_Fr_MASTER_result\srv199\kit_frontier_runs_fpcamp_minfr~_RST.APRQ_10_0615.1-48a8b65af5-h2_lbxmn_4b417343,no_digest,,,0,0,,
,c:\Users\USER\Desktop\CT&RPL\2_Project\KNF_LEU+ 시범연료봉 장전 인허가 과제\2026\2_계산\2_LP\LOW_Fr_MASTER_result\srv199\kit_frontier_runs_fpcamp_minfr~_RST.APRQ_10_0615.1-48b3f68f19-yamsvm1d_2cf9a02d,no_digest,,,0,0,,
,c:\Users\USER\Desktop\CT&RPL\2_Project\KNF_LEU+ 시범연료봉 장전 인허가 과제\2026\2_계산\2_LP\LOW_Fr_MASTER_result\srv199\kit_frontier_runs_fpcamp_minfr~_RST.APRQ_10_0615.1-48c3a5e65f-gcjw9owh_4e91c562,no_digest,,,0,0,,
,c:\Users\USER\Desktop\CT&RPL\2_Project\KNF_LEU+ 시범연료봉 장전 인허가 과제\2026\2_계산\2_LP\LOW_Fr_MASTER_result\srv199\kit_frontier_runs_fpcamp_minfr~_RST.APRQ_10_0615.1-48e441be30-jjj90f2o_c3671b95,no_digest,,,0,0,,
,c:\Users\USER\Desktop\CT&RPL\2_Project\KNF_LEU+ 시범연료봉 장전 인허가 과제\2026\2_계산\2_LP\LOW_Fr_MASTER_result\srv199\kit_frontier_runs_fpcamp_minfr~_RST.APRQ_10_0615.1-48e5786f4e-see3imhy_63f5497e,no_digest,,,0,0,,
,c:\Users\USER\Desktop\CT&RPL\2_Project\KNF_LEU+ 시범연료봉 장전 인허가 과제\2026\2_계산\2_LP\LOW_Fr_MASTER_result\srv199\kit_frontier_runs_fpcamp_minfr~_RST.APRQ_10_0615.1-49645612d5-niweu2jl_508782ad,no_digest,,,0,0,,
,c:\Users\USER\Desktop\CT&RPL\2_Project\KNF_LEU+ 시범연료봉 장전 인허가 과제\2026\2_계산\2_LP\LOW_Fr_MASTER_result\srv199\kit_frontier_runs_fpcamp_minfr~_RST.APRQ_10_0615.1-4969f3298e-8gjzmz8h_e883f120,no_digest,,,0,0,,
,c:\Users\USER\Desktop\CT&RPL\2_Project\KNF_LEU+ 시범연료봉 장전 인허가 과제\2026\2_계산\2_LP\LOW_Fr_MASTER_result\srv199\kit_frontier_runs_fpcamp_minfr~_RST.APRQ_10_0615.1-4998711b98-tu76g5vc_64d9aa31,no_digest,,,0,0,,
,c:\Users\USER\Desktop\CT&RPL\2_Project\KNF_LEU+ 시범연료봉 장전 인허가 과제\2026\2_계산\2_LP\LOW_Fr_MASTER_result\srv199\kit_frontier_runs_fpcamp_minfr~_RST.APRQ_10_0615.1-49a333f13d-y2q9uawh_aeba5124,no_digest,,,0,0,,
,c:\Users\USER\Desktop\CT&RPL\2_Project\KNF_LEU+ 시범연료봉 장전 인허가 과제\2026\2_계산\2_LP\LOW_Fr_MASTER_result\srv199\kit_frontier_runs_fpcamp_minfr~_RST.APRQ_10_0615.1-49be412b11-rv7d26g9_065908d9,no_digest,,,0,0,,
,c:\Users\USER\Desktop\CT&RPL\2_Project\KNF_LEU+ 시범연료봉 장전 인허가 과제\2026\2_계산\2_LP\LOW_Fr_MASTER_result\srv199\kit_frontier_runs_fpcamp_minfr~_RST.APRQ_10_0615.1-49fa534ed8-6jcwsc31_0635a80f,no_digest,,,0,0,,
,c:\Users\USER\Desktop\CT&RPL\2_Project\KNF_LEU+ 시범연료봉 장전 인허가 과제\2026\2_계산\2_LP\LOW_Fr_MASTER_result\srv199\kit_frontier_runs_fpcamp_minfr~_RST.APRQ_10_0615.1-4a3323fb83-lcgr3xte_3bdc06c7,no_digest,,,0,0,,
,c:\Users\USER\Desktop\CT&RPL\2_Project\KNF_LEU+ 시범연료봉 장전 인허가 과제\2026\2_계산\2_LP\LOW_Fr_MASTER_result\srv199\kit_frontier_runs_fpcamp_minfr~_RST.APRQ_10_0615.1-4a901847f0-yk8ubfwz_16f7c472,no_digest,,,0,0,,
,c:\Users\USER\Desktop\CT&RPL\2_Project\KNF_LEU+ 시범연료봉 장전 인허가 과제\2026\2_계산\2_LP\LOW_Fr_MASTER_result\srv199\kit_frontier_runs_fpcamp_minfr~_RST.APRQ_10_0615.1-4b1c7a48a6-rlyge7bs_c3a09099,no_digest,,,0,0,,
,c:\Users\USER\Desktop\CT&RPL\2_Project\KNF_LEU+ 시범연료봉 장전 인허가 과제\2026\2_계산\2_LP\LOW_Fr_MASTER_result\srv199\kit_frontier_runs_fpcamp_minfr~_RST.APRQ_10_0615.1-4bed87bf08-r5nctjfs_b6a4b39a,no_digest,,,0,0,,
,c:\Users\USER\Desktop\CT&RPL\2_Project\KNF_LEU+ 시범연료봉 장전 인허가 과제\2026\2_계산\2_LP\LOW_Fr_MASTER_result\srv199\kit_frontier_runs_fpcamp_minfr~_RST.APRQ_10_0615.1-4c1a8a53fb-rsi7j70v_69a872eb,no_digest,,,0,0,,
,c:\Users\USER\Desktop\CT&RPL\2_Project\KNF_LEU+ 시범연료봉 장전 인허가 과제\2026\2_계산\2_LP\LOW_Fr_MASTER_result\srv199\kit_frontier_runs_fpcamp_minfr~_RST.APRQ_10_0615.1-4c4d5b65b9-am0gyw0q_ae48285e,no_digest,,,0,0,,
,c:\Users\USER\Desktop\CT&RPL\2_Project\KNF_LEU+ 시범연료봉 장전 인허가 과제\2026\2_계산\2_LP\LOW_Fr_MASTER_result\srv199\kit_frontier_runs_fpcamp_minfr~_RST.APRQ_10_0615.1-4c6bc76a1a-smwp9ueg_ff108738,no_digest,,,0,0,,
,c:\Users\USER\Desktop\CT&RPL\2_Project\KNF_LEU+ 시범연료봉 장전 인허가 과제\2026\2_계산\2_LP\LOW_Fr_MASTER_result\srv199\kit_frontier_runs_fpcamp_minfr~_RST.APRQ_10_0615.1-4caa55deee-cloyupun_73f6abc9,no_digest,,,0,0,,
,c:\Users\USER\Desktop\CT&RPL\2_Project\KNF_LEU+ 시범연료봉 장전 인허가 과제\2026\2_계산\2_LP\LOW_Fr_MASTER_result\srv199\kit_frontier_runs_fpcamp_minfr~_RST.APRQ_10_0615.1-4d1bf8381b-1qxihleh_8189ca2d,no_digest,,,0,0,,
,c:\Users\USER\Desktop\CT&RPL\2_Project\KNF_LEU+ 시범연료봉 장전 인허가 과제\2026\2_계산\2_LP\LOW_Fr_MASTER_result\srv199\kit_frontier_runs_fpcamp_minfr~_RST.APRQ_10_0615.1-4d34c92753-1y23nqa2_9d89fc4e,no_digest,,,0,0,,
,c:\Users\USER\Desktop\CT&RPL\2_Project\KNF_LEU+ 시범연료봉 장전 인허가 과제\2026\2_계산\2_LP\LOW_Fr_MASTER_result\srv199\kit_frontier_runs_fpcamp_minfr~_RST.APRQ_10_0615.1-4f8ba3b7cd-uzqu3zj2_5e4c44f3,no_digest,,,0,0,,
,c:\Users\USER\Desktop\CT&RPL\2_Project\KNF_LEU+ 시범연료봉 장전 인허가 과제\2026\2_계산\2_LP\LOW_Fr_MASTER_result\srv199\kit_frontier_runs_fpcamp_minfr~_RST.APRQ_10_0615.1-4fd0bd8e72-i3uifu_5_e7b90476,no_digest,,,0,0,,
,c:\Users\USER\Desktop\CT&RPL\2_Project\KNF_LEU+ 시범연료봉 장전 인허가 과제\2026\2_계산\2_LP\LOW_Fr_MASTER_result\srv199\kit_frontier_runs_fpcamp_minfr~_RST.APRQ_10_0615.1-4fd30f24bc-l0tl2mdm_b31bcd45,no_digest,,,0,0,,
,c:\Users\USER\Desktop\CT&RPL\2_Project\KNF_LEU+ 시범연료봉 장전 인허가 과제\2026\2_계산\2_LP\LOW_Fr_MASTER_result\srv199\kit_frontier_runs_fpcamp_minfr~_RST.APRQ_10_0615.1-50220880aa-sorm4mcy_98a8fa53,no_digest,,,0,0,,
,c:\Users\USER\Desktop\CT&RPL\2_Project\KNF_LEU+ 시범연료봉 장전 인허가 과제\2026\2_계산\2_LP\LOW_Fr_MASTER_result\srv199\kit_frontier_runs_fpcamp_minfr~_RST.APRQ_10_0615.1-50521864ba-j2v5brq6_98e28093,no_digest,,,0,0,,
,c:\Users\USER\Desktop\CT&RPL\2_Project\KNF_LEU+ 시범연료봉 장전 인허가 과제\2026\2_계산\2_LP\LOW_Fr_MASTER_result\srv199\kit_frontier_runs_fpcamp_minfr~_RST.APRQ_10_0615.1-5090c1d314-q5mr5w9p_63fe3090,no_digest,,,0,0,,
,c:\Users\USER\Desktop\CT&RPL\2_Project\KNF_LEU+ 시범연료봉 장전 인허가 과제\2026\2_계산\2_LP\LOW_Fr_MASTER_result\srv199\kit_frontier_runs_fpcamp_minfr~_RST.APRQ_10_0615.1-51072d56ca-34f3f6wc_14704c88,no_digest,,,0,0,,
,c:\Users\USER\Desktop\CT&RPL\2_Project\KNF_LEU+ 시범연료봉 장전 인허가 과제\2026\2_계산\2_LP\LOW_Fr_MASTER_result\srv199\kit_frontier_runs_fpcamp_minfr~_RST.APRQ_10_0615.1-5198937d14-haa2io7v_c0d4c1b3,no_digest,,,0,0,,
,c:\Users\USER\Desktop\CT&RPL\2_Project\KNF_LEU+ 시범연료봉 장전 인허가 과제\2026\2_계산\2_LP\LOW_Fr_MASTER_result\srv199\kit_frontier_runs_fpcamp_minfr~_RST.APRQ_10_0615.1-5282e3366a-ue_m9087_d8b7aa6f,no_digest,,,0,0,,
,c:\Users\USER\Desktop\CT&RPL\2_Project\KNF_LEU+ 시범연료봉 장전 인허가 과제\2026\2_계산\2_LP\LOW_Fr_MASTER_result\srv199\kit_frontier_runs_fpcamp_minfr~_RST.APRQ_10_0615.1-52bfcc0d48-emvoillk_efcaad8c,no_digest,,,0,0,,
,c:\Users\USER\Desktop\CT&RPL\2_Project\KNF_LEU+ 시범연료봉 장전 인허가 과제\2026\2_계산\2_LP\LOW_Fr_MASTER_result\srv199\kit_frontier_runs_fpcamp_minfr~_RST.APRQ_10_0615.1-5335740cdf-vjzrp0rh_323d6df5,no_digest,,,0,0,,
,c:\Users\USER\Desktop\CT&RPL\2_Project\KNF_LEU+ 시범연료봉 장전 인허가 과제\2026\2_계산\2_LP\LOW_Fr_MASTER_result\srv199\kit_frontier_runs_fpcamp_minfr~_RST.APRQ_10_0615.1-539d07bf75-7iscphhu_6339baf5,no_digest,,,0,0,,
,c:\Users\USER\Desktop\CT&RPL\2_Project\KNF_LEU+ 시범연료봉 장전 인허가 과제\2026\2_계산\2_LP\LOW_Fr_MASTER_result\srv199\kit_frontier_runs_fpcamp_minfr~_RST.APRQ_10_0615.1-53a5b3e489-7mm8wcap_4fa4fa44,no_digest,,,0,0,,
,c:\Users\USER\Desktop\CT&RPL\2_Project\KNF_LEU+ 시범연료봉 장전 인허가 과제\2026\2_계산\2_LP\LOW_Fr_MASTER_result\srv199\kit_frontier_runs_fpcamp_minfr~_RST.APRQ_10_0615.1-550d8ab337-lzki1b14_61f5bd51,no_mas_sum,,,0,0,,
,c:\Users\USER\Desktop\CT&RPL\2_Project\KNF_LEU+ 시범연료봉 장전 인허가 과제\2026\2_계산\2_LP\LOW_Fr_MASTER_result\srv199\kit_frontier_runs_fpcamp_minfr~_RST.APRQ_10_0615.1-553e4d1761-7sp_wj8h_de7f3297,no_digest,,,0,0,,
,c:\Users\USER\Desktop\CT&RPL\2_Project\KNF_LEU+ 시범연료봉 장전 인허가 과제\2026\2_계산\2_LP\LOW_Fr_MASTER_result\srv199\kit_frontier_runs_fpcamp_minfr~_RST.APRQ_10_0615.1-556cdd0ca7-r0c0bbx0_cebf036c,no_digest,,,0,0,,
,c:\Users\USER\Desktop\CT&RPL\2_Project\KNF_LEU+ 시범연료봉 장전 인허가 과제\2026\2_계산\2_LP\LOW_Fr_MASTER_result\srv199\kit_frontier_runs_fpcamp_minfr~_RST.APRQ_10_0615.1-55bae4250c-_q9d6_sq_1fa7d720,no_digest,,,0,0,,
,c:\Users\USER\Desktop\CT&RPL\2_Project\KNF_LEU+ 시범연료봉 장전 인허가 과제\2026\2_계산\2_LP\LOW_Fr_MASTER_result\srv199\kit_frontier_runs_fpcamp_minfr~_RST.APRQ_10_0615.1-568acb1bcf-kk03ja6f_28b48003,no_digest,,,0,0,,
,c:\Users\USER\Desktop\CT&RPL\2_Project\KNF_LEU+ 시범연료봉 장전 인허가 과제\2026\2_계산\2_LP\LOW_Fr_MASTER_result\srv199\kit_frontier_runs_fpcamp_minfr~_RST.APRQ_10_0615.1-575461dccb-t29vu0wh_a52426f5,no_digest,,,0,0,,
,c:\Users\USER\Desktop\CT&RPL\2_Project\KNF_LEU+ 시범연료봉 장전 인허가 과제\2026\2_계산\2_LP\LOW_Fr_MASTER_result\srv199\kit_frontier_runs_fpcamp_minfr~_RST.APRQ_10_0615.1-57808b8720-g5o5uk68_638527b2,no_digest,,,0,0,,
,c:\Users\USER\Desktop\CT&RPL\2_Project\KNF_LEU+ 시범연료봉 장전 인허가 과제\2026\2_계산\2_LP\LOW_Fr_MASTER_result\srv199\kit_frontier_runs_fpcamp_minfr~_RST.APRQ_10_0615.1-583c4cc5b8-fqf0kmbv_c8df9ddd,no_digest,,,0,0,,
,c:\Users\USER\Desktop\CT&RPL\2_Project\KNF_LEU+ 시범연료봉 장전 인허가 과제\2026\2_계산\2_LP\LOW_Fr_MASTER_result\srv199\kit_frontier_runs_fpcamp_minfr~_RST.APRQ_10_0615.1-5854ca5bfa-yttjpzn5_1b4fbd79,no_digest,,,0,0,,
,c:\Users\USER\Desktop\CT&RPL\2_Project\KNF_LEU+ 시범연료봉 장전 인허가 과제\2026\2_계산\2_LP\LOW_Fr_MASTER_result\srv199\kit_frontier_runs_fpcamp_minfr~_RST.APRQ_10_0615.1-5876876496-0l9_agyx_b5c20f83,no_digest,,,0,0,,
,c:\Users\USER\Desktop\CT&RPL\2_Project\KNF_LEU+ 시범연료봉 장전 인허가 과제\2026\2_계산\2_LP\LOW_Fr_MASTER_result\srv199\kit_frontier_runs_fpcamp_minfr~_RST.APRQ_10_0615.1-58dbc003e0-5ibw6xz1_495b445e,no_digest,,,0,0,,
,c:\Users\USER\Desktop\CT&RPL\2_Project\KNF_LEU+ 시범연료봉 장전 인허가 과제\2026\2_계산\2_LP\LOW_Fr_MASTER_result\srv199\kit_frontier_runs_fpcamp_minfr~_RST.APRQ_10_0615.1-58ec806c80-_vyzqc6g_e20d49e1,no_digest,,,0,0,,
,c:\Users\USER\Desktop\CT&RPL\2_Project\KNF_LEU+ 시범연료봉 장전 인허가 과제\2026\2_계산\2_LP\LOW_Fr_MASTER_result\srv199\kit_frontier_runs_fpcamp_minfr~_RST.APRQ_10_0615.1-59ada104a0-b40h1077_35f2f199,no_digest,,,0,0,,
,c:\Users\USER\Desktop\CT&RPL\2_Project\KNF_LEU+ 시범연료봉 장전 인허가 과제\2026\2_계산\2_LP\LOW_Fr_MASTER_result\srv199\kit_frontier_runs_fpcamp_minfr~_RST.APRQ_10_0615.1-59bad7c6d5-xroj_qj5_ed3358ea,no_digest,,,0,0,,
,c:\Users\USER\Desktop\CT&RPL\2_Project\KNF_LEU+ 시범연료봉 장전 인허가 과제\2026\2_계산\2_LP\LOW_Fr_MASTER_result\srv199\kit_frontier_runs_fpcamp_minfr~_RST.APRQ_10_0615.1-5ace354f93-houtzaxi_619cfd7a,no_digest,,,0,0,,
,c:\Users\USER\Desktop\CT&RPL\2_Project\KNF_LEU+ 시범연료봉 장전 인허가 과제\2026\2_계산\2_LP\LOW_Fr_MASTER_result\srv199\kit_frontier_runs_fpcamp_minfr~_RST.APRQ_10_0615.1-5ad83aa46e-ty88nz_r_86312533,no_digest,,,0,0,,
,c:\Users\USER\Desktop\CT&RPL\2_Project\KNF_LEU+ 시범연료봉 장전 인허가 과제\2026\2_계산\2_LP\LOW_Fr_MASTER_result\srv199\kit_frontier_runs_fpcamp_minfr~_RST.APRQ_10_0615.1-5b0bbaed53-1179b30w_03d727e7,no_digest,,,0,0,,
,c:\Users\USER\Desktop\CT&RPL\2_Project\KNF_LEU+ 시범연료봉 장전 인허가 과제\2026\2_계산\2_LP\LOW_Fr_MASTER_result\srv199\kit_frontier_runs_fpcamp_minfr~_RST.APRQ_10_0615.1-5b794f8d37-jzhw0opn_14820439,no_digest,,,0,0,,
,c:\Users\USER\Desktop\CT&RPL\2_Project\KNF_LEU+ 시범연료봉 장전 인허가 과제\2026\2_계산\2_LP\LOW_Fr_MASTER_result\srv199\kit_frontier_runs_fpcamp_minfr~_RST.APRQ_10_0615.1-5b9db8c5cf-malcbtx1_766c6bcc,no_digest,,,0,0,,
,c:\Users\USER\Desktop\CT&RPL\2_Project\KNF_LEU+ 시범연료봉 장전 인허가 과제\2026\2_계산\2_LP\LOW_Fr_MASTER_result\srv199\kit_frontier_runs_fpcamp_minfr~_RST.APRQ_10_0615.1-5cd0b25200-gbpotlsf_01983f86,no_digest,,,0,0,,
,c:\Users\USER\Desktop\CT&RPL\2_Project\KNF_LEU+ 시범연료봉 장전 인허가 과제\2026\2_계산\2_LP\LOW_Fr_MASTER_result\srv199\kit_frontier_runs_fpcamp_minfr~_RST.APRQ_10_0615.1-5d93131985-a0h06c3h_b306d963,no_digest,,,0,0,,
,c:\Users\USER\Desktop\CT&RPL\2_Project\KNF_LEU+ 시범연료봉 장전 인허가 과제\2026\2_계산\2_LP\LOW_Fr_MASTER_result\srv199\kit_frontier_runs_fpcamp_minfr~_RST.APRQ_10_0615.1-5dae38913f-5dhosapz_db3b2767,no_digest,,,0,0,,
,c:\Users\USER\Desktop\CT&RPL\2_Project\KNF_LEU+ 시범연료봉 장전 인허가 과제\2026\2_계산\2_LP\LOW_Fr_MASTER_result\srv199\kit_frontier_runs_fpcamp_minfr~_RST.APRQ_10_0615.1-5e4793a28c-rjszywfw_cd07e012,no_digest,,,0,0,,
,c:\Users\USER\Desktop\CT&RPL\2_Project\KNF_LEU+ 시범연료봉 장전 인허가 과제\2026\2_계산\2_LP\LOW_Fr_MASTER_result\srv199\kit_frontier_runs_fpcamp_minfr~_RST.APRQ_10_0615.1-5e968aec56-o_a1qb97_275c276e,no_digest,,,0,0,,
,c:\Users\USER\Desktop\CT&RPL\2_Project\KNF_LEU+ 시범연료봉 장전 인허가 과제\2026\2_계산\2_LP\LOW_Fr_MASTER_result\srv199\kit_frontier_runs_fpcamp_minfr~_RST.APRQ_10_0615.1-5ede325c45-vlvdxunf_167203f6,no_digest,,,0,0,,
,c:\Users\USER\Desktop\CT&RPL\2_Project\KNF_LEU+ 시범연료봉 장전 인허가 과제\2026\2_계산\2_LP\LOW_Fr_MASTER_result\srv199\kit_frontier_runs_fpcamp_minfr~_RST.APRQ_10_0615.1-5f692d688d-bumuirtl_e7964488,no_digest,,,0,0,,
,c:\Users\USER\Desktop\CT&RPL\2_Project\KNF_LEU+ 시범연료봉 장전 인허가 과제\2026\2_계산\2_LP\LOW_Fr_MASTER_result\srv199\kit_frontier_runs_fpcamp_minfr~_RST.APRQ_10_0615.1-5f84242c98-gflzfeb9_ecc839d9,no_digest,,,0,0,,
,c:\Users\USER\Desktop\CT&RPL\2_Project\KNF_LEU+ 시범연료봉 장전 인허가 과제\2026\2_계산\2_LP\LOW_Fr_MASTER_result\srv199\kit_frontier_runs_fpcamp_minfr~_RST.APRQ_10_0615.1-60314a97d6-gdzgs30u_ebf15971,no_digest,,,0,0,,
,c:\Users\USER\Desktop\CT&RPL\2_Project\KNF_LEU+ 시범연료봉 장전 인허가 과제\2026\2_계산\2_LP\LOW_Fr_MASTER_result\srv199\kit_frontier_runs_fpcamp_minfr~_RST.APRQ_10_0615.1-61148eec53-00q7ha2n_4b3befba,no_digest,,,0,0,,
,c:\Users\USER\Desktop\CT&RPL\2_Project\KNF_LEU+ 시범연료봉 장전 인허가 과제\2026\2_계산\2_LP\LOW_Fr_MASTER_result\srv199\kit_frontier_runs_fpcamp_minfr~_RST.APRQ_10_0615.1-6270b2504e-ljmdm2mu_9be4792c,no_digest,,,0,0,,
,c:\Users\USER\Desktop\CT&RPL\2_Project\KNF_LEU+ 시범연료봉 장전 인허가 과제\2026\2_계산\2_LP\LOW_Fr_MASTER_result\srv199\kit_frontier_runs_fpcamp_minfr~_RST.APRQ_10_0615.1-633d937d1f-xudk9i6r_f09f3f2d,no_digest,,,0,0,,
,c:\Users\USER\Desktop\CT&RPL\2_Project\KNF_LEU+ 시범연료봉 장전 인허가 과제\2026\2_계산\2_LP\LOW_Fr_MASTER_result\srv199\kit_frontier_runs_fpcamp_minfr~_RST.APRQ_10_0615.1-6396c14376-gfym7pk0_d172223f,no_digest,,,0,0,,
,c:\Users\USER\Desktop\CT&RPL\2_Project\KNF_LEU+ 시범연료봉 장전 인허가 과제\2026\2_계산\2_LP\LOW_Fr_MASTER_result\srv199\kit_frontier_runs_fpcamp_minfr~_RST.APRQ_10_0615.1-64d688c61f-cpne15jo_ed76d7e7,no_digest,,,0,0,,
,c:\Users\USER\Desktop\CT&RPL\2_Project\KNF_LEU+ 시범연료봉 장전 인허가 과제\2026\2_계산\2_LP\LOW_Fr_MASTER_result\srv199\kit_frontier_runs_fpcamp_minfr~_RST.APRQ_10_0615.1-661fdb064f-haw9hosv_4a4d5bd0,no_digest,,,0,0,,
,c:\Users\USER\Desktop\CT&RPL\2_Project\KNF_LEU+ 시범연료봉 장전 인허가 과제\2026\2_계산\2_LP\LOW_Fr_MASTER_result\srv199\kit_frontier_runs_fpcamp_minfr~_RST.APRQ_10_0615.1-66237c55b9-87un72mp_c6630fdd,no_digest,,,0,0,,
,c:\Users\USER\Desktop\CT&RPL\2_Project\KNF_LEU+ 시범연료봉 장전 인허가 과제\2026\2_계산\2_LP\LOW_Fr_MASTER_result\srv199\kit_frontier_runs_fpcamp_minfr~_RST.APRQ_10_0615.1-662a76d300-1xpxcd_j_632466f4,no_digest,,,0,0,,
,c:\Users\USER\Desktop\CT&RPL\2_Project\KNF_LEU+ 시범연료봉 장전 인허가 과제\2026\2_계산\2_LP\LOW_Fr_MASTER_result\srv199\kit_frontier_runs_fpcamp_minfr~_RST.APRQ_10_0615.1-66450f41e7-vs5_ip2a_c7ff022a,no_digest,,,0,0,,
,c:\Users\USER\Desktop\CT&RPL\2_Project\KNF_LEU+ 시범연료봉 장전 인허가 과제\2026\2_계산\2_LP\LOW_Fr_MASTER_result\srv199\kit_frontier_runs_fpcamp_minfr~_RST.APRQ_10_0615.1-6654108973-_2w812pr_802bf276,no_digest,,,0,0,,
,c:\Users\USER\Desktop\CT&RPL\2_Project\KNF_LEU+ 시범연료봉 장전 인허가 과제\2026\2_계산\2_LP\LOW_Fr_MASTER_result\srv199\kit_frontier_runs_fpcamp_minfr~_RST.APRQ_10_0615.1-666fa1508e-qf60hmst_c1d4e76e,no_digest,,,0,0,,
,c:\Users\USER\Desktop\CT&RPL\2_Project\KNF_LEU+ 시범연료봉 장전 인허가 과제\2026\2_계산\2_LP\LOW_Fr_MASTER_result\srv199\kit_frontier_runs_fpcamp_minfr~_RST.APRQ_10_0615.1-66fe01ddd2-4pfd7oj9_4827d533,no_digest,,,0,0,,
,c:\Users\USER\Desktop\CT&RPL\2_Project\KNF_LEU+ 시범연료봉 장전 인허가 과제\2026\2_계산\2_LP\LOW_Fr_MASTER_result\srv199\kit_frontier_runs_fpcamp_minfr~_RST.APRQ_10_0615.1-676e34270a-u_ssnxhk_8a122498,no_digest,,,0,0,,
,c:\Users\USER\Desktop\CT&RPL\2_Project\KNF_LEU+ 시범연료봉 장전 인허가 과제\2026\2_계산\2_LP\LOW_Fr_MASTER_result\srv199\kit_frontier_runs_fpcamp_minfr~_RST.APRQ_10_0615.1-677711fa6b-y1d63eme_fadbe1c3,no_digest,,,0,0,,
,c:\Users\USER\Desktop\CT&RPL\2_Project\KNF_LEU+ 시범연료봉 장전 인허가 과제\2026\2_계산\2_LP\LOW_Fr_MASTER_result\srv199\kit_frontier_runs_fpcamp_minfr~_RST.APRQ_10_0615.1-68ba913277-qwk0fjak_09d6ca3f,no_digest,,,0,0,,
,c:\Users\USER\Desktop\CT&RPL\2_Project\KNF_LEU+ 시범연료봉 장전 인허가 과제\2026\2_계산\2_LP\LOW_Fr_MASTER_result\srv199\kit_frontier_runs_fpcamp_minfr~_RST.APRQ_10_0615.1-68e1eb59d7-n8m8ddoj_79a951ff,no_mas_sum,,,0,0,,
,c:\Users\USER\Desktop\CT&RPL\2_Project\KNF_LEU+ 시범연료봉 장전 인허가 과제\2026\2_계산\2_LP\LOW_Fr_MASTER_result\srv199\kit_frontier_runs_fpcamp_minfr~_RST.APRQ_10_0615.1-69487e4901-jdawgcbk_aca98957,no_digest,,,0,0,,
,c:\Users\USER\Desktop\CT&RPL\2_Project\KNF_LEU+ 시범연료봉 장전 인허가 과제\2026\2_계산\2_LP\LOW_Fr_MASTER_result\srv199\kit_frontier_runs_fpcamp_minfr~_RST.APRQ_10_0615.1-69a3f5639f-mqmhez5e_684ffea9,no_digest,,,0,0,,
,c:\Users\USER\Desktop\CT&RPL\2_Project\KNF_LEU+ 시범연료봉 장전 인허가 과제\2026\2_계산\2_LP\LOW_Fr_MASTER_result\srv199\kit_frontier_runs_fpcamp_minfr~_RST.APRQ_10_0615.1-6a7fb85908-rf4q905w_7ccc5641,no_digest,,,0,0,,
,c:\Users\USER\Desktop\CT&RPL\2_Project\KNF_LEU+ 시범연료봉 장전 인허가 과제\2026\2_계산\2_LP\LOW_Fr_MASTER_result\srv199\kit_frontier_runs_fpcamp_minfr~_RST.APRQ_10_0615.1-6a92d701d2-yjgkd795_671f8b58,no_digest,,,0,0,,
,c:\Users\USER\Desktop\CT&RPL\2_Project\KNF_LEU+ 시범연료봉 장전 인허가 과제\2026\2_계산\2_LP\LOW_Fr_MASTER_result\srv199\kit_frontier_runs_fpcamp_minfr~_RST.APRQ_10_0615.1-6b2d924f29-miu7dno2_42b9a17e,no_digest,,,0,0,,
,c:\Users\USER\Desktop\CT&RPL\2_Project\KNF_LEU+ 시범연료봉 장전 인허가 과제\2026\2_계산\2_LP\LOW_Fr_MASTER_result\srv199\kit_frontier_runs_fpcamp_minfr~_RST.APRQ_10_0615.1-6d59334ac5-8_qthz1i_3eaf1dda,no_digest,,,0,0,,
,c:\Users\USER\Desktop\CT&RPL\2_Project\KNF_LEU+ 시범연료봉 장전 인허가 과제\2026\2_계산\2_LP\LOW_Fr_MASTER_result\srv199\kit_frontier_runs_fpcamp_minfr~_RST.APRQ_10_0615.1-6d701b71af-t19_84te_14a0eb95,no_digest,,,0,0,,
,c:\Users\USER\Desktop\CT&RPL\2_Project\KNF_LEU+ 시범연료봉 장전 인허가 과제\2026\2_계산\2_LP\LOW_Fr_MASTER_result\srv199\kit_frontier_runs_fpcamp_minfr~_RST.APRQ_10_0615.1-6dcfdcc552-u4vym2aj_c7f96c36,no_digest,,,0,0,,
,c:\Users\USER\Desktop\CT&RPL\2_Project\KNF_LEU+ 시범연료봉 장전 인허가 과제\2026\2_계산\2_LP\LOW_Fr_MASTER_result\srv199\kit_frontier_runs_fpcamp_minfr~_RST.APRQ_10_0615.1-6de97cde6e-zsn9o7cj_9a13be6f,no_digest,,,0,0,,
,c:\Users\USER\Desktop\CT&RPL\2_Project\KNF_LEU+ 시범연료봉 장전 인허가 과제\2026\2_계산\2_LP\LOW_Fr_MASTER_result\srv199\kit_frontier_runs_fpcamp_minfr~_RST.APRQ_10_0615.1-6dec63e5ef-hlaml38f_689e38fc,no_digest,,,0,0,,
,c:\Users\USER\Desktop\CT&RPL\2_Project\KNF_LEU+ 시범연료봉 장전 인허가 과제\2026\2_계산\2_LP\LOW_Fr_MASTER_result\srv199\kit_frontier_runs_fpcamp_minfr~_RST.APRQ_10_0615.1-6e2e55ad16-9_i8k267_dc1dc3a5,no_digest,,,0,0,,
,c:\Users\USER\Desktop\CT&RPL\2_Project\KNF_LEU+ 시범연료봉 장전 인허가 과제\2026\2_계산\2_LP\LOW_Fr_MASTER_result\srv199\kit_frontier_runs_fpcamp_minfr~_RST.APRQ_10_0615.1-6e5b12be7d-bu304bq5_0e5acd98,no_digest,,,0,0,,
,c:\Users\USER\Desktop\CT&RPL\2_Project\KNF_LEU+ 시범연료봉 장전 인허가 과제\2026\2_계산\2_LP\LOW_Fr_MASTER_result\srv199\kit_frontier_runs_fpcamp_minfr~_RST.APRQ_10_0615.1-6f5e28f32b-x3i91xcs_f638f2f3,no_digest,,,0,0,,
,c:\Users\USER\Desktop\CT&RPL\2_Project\KNF_LEU+ 시범연료봉 장전 인허가 과제\2026\2_계산\2_LP\LOW_Fr_MASTER_result\srv199\kit_frontier_runs_fpcamp_minfr~_RST.APRQ_10_0615.1-6fdd812082-0fm9gixr_745f2033,no_digest,,,0,0,,
,c:\Users\USER\Desktop\CT&RPL\2_Project\KNF_LEU+ 시범연료봉 장전 인허가 과제\2026\2_계산\2_LP\LOW_Fr_MASTER_result\srv199\kit_frontier_runs_fpcamp_minfr~_RST.APRQ_10_0615.1-6ffe934dbc-bqburl1i_9e2d3320,no_digest,,,0,0,,
,c:\Users\USER\Desktop\CT&RPL\2_Project\KNF_LEU+ 시범연료봉 장전 인허가 과제\2026\2_계산\2_LP\LOW_Fr_MASTER_result\srv199\kit_frontier_runs_fpcamp_minfr~_RST.APRQ_10_0615.1-7007096c59-emqo98b2_a0c1883a,no_digest,,,0,0,,
,c:\Users\USER\Desktop\CT&RPL\2_Project\KNF_LEU+ 시범연료봉 장전 인허가 과제\2026\2_계산\2_LP\LOW_Fr_MASTER_result\srv199\kit_frontier_runs_fpcamp_minfr~_RST.APRQ_10_0615.1-70229e939a-1ti_ejwd_88c8256a,no_digest,,,0,0,,
,c:\Users\USER\Desktop\CT&RPL\2_Project\KNF_LEU+ 시범연료봉 장전 인허가 과제\2026\2_계산\2_LP\LOW_Fr_MASTER_result\srv199\kit_frontier_runs_fpcamp_minfr~_RST.APRQ_10_0615.1-70ca07d153-j9_xx5pq_a39bb2fd,no_digest,,,0,0,,
,c:\Users\USER\Desktop\CT&RPL\2_Project\KNF_LEU+ 시범연료봉 장전 인허가 과제\2026\2_계산\2_LP\LOW_Fr_MASTER_result\srv199\kit_frontier_runs_fpcamp_minfr~_RST.APRQ_10_0615.1-71e86afef0-dl3jz7xx_0877d4ac,no_digest,,,0,0,,
,c:\Users\USER\Desktop\CT&RPL\2_Project\KNF_LEU+ 시범연료봉 장전 인허가 과제\2026\2_계산\2_LP\LOW_Fr_MASTER_result\srv199\kit_frontier_runs_fpcamp_minfr~_RST.APRQ_10_0615.1-7338c7ac90-49m9sgi1_e2aa2bab,no_digest,,,0,0,,
,c:\Users\USER\Desktop\CT&RPL\2_Project\KNF_LEU+ 시범연료봉 장전 인허가 과제\2026\2_계산\2_LP\LOW_Fr_MASTER_result\srv199\kit_frontier_runs_fpcamp_minfr~_RST.APRQ_10_0615.1-73585fe1a5-ojkh0rpt_7c6e9ba2,no_digest,,,0,0,,
,c:\Users\USER\Desktop\CT&RPL\2_Project\KNF_LEU+ 시범연료봉 장전 인허가 과제\2026\2_계산\2_LP\LOW_Fr_MASTER_result\srv199\kit_frontier_runs_fpcamp_minfr~_RST.APRQ_10_0615.1-74c4187e6d-5ggkkwbf_fee68113,no_digest,,,0,0,,
,c:\Users\USER\Desktop\CT&RPL\2_Project\KNF_LEU+ 시범연료봉 장전 인허가 과제\2026\2_계산\2_LP\LOW_Fr_MASTER_result\srv199\kit_frontier_runs_fpcamp_minfr~_RST.APRQ_10_0615.1-74e8f2620f-exc_ei87_c2a3200e,no_digest,,,0,0,,
,c:\Users\USER\Desktop\CT&RPL\2_Project\KNF_LEU+ 시범연료봉 장전 인허가 과제\2026\2_계산\2_LP\LOW_Fr_MASTER_result\srv199\kit_frontier_runs_fpcamp_minfr~_RST.APRQ_10_0615.1-74f3292739-l9rgmdx1_e182a892,no_digest,,,0,0,,
,c:\Users\USER\Desktop\CT&RPL\2_Project\KNF_LEU+ 시범연료봉 장전 인허가 과제\2026\2_계산\2_LP\LOW_Fr_MASTER_result\srv199\kit_frontier_runs_fpcamp_minfr~_RST.APRQ_10_0615.1-74f759d94e-74fxiiny_69061b2d,no_digest,,,0,0,,
,c:\Users\USER\Desktop\CT&RPL\2_Project\KNF_LEU+ 시범연료봉 장전 인허가 과제\2026\2_계산\2_LP\LOW_Fr_MASTER_result\srv199\kit_frontier_runs_fpcamp_minfr~_RST.APRQ_10_0615.1-7520a91fea-dokxup7g_1367a3f6,no_digest,,,0,0,,
,c:\Users\USER\Desktop\CT&RPL\2_Project\KNF_LEU+ 시범연료봉 장전 인허가 과제\2026\2_계산\2_LP\LOW_Fr_MASTER_result\srv199\kit_frontier_runs_fpcamp_minfr~_RST.APRQ_10_0615.1-7559a9cacc-luzhkh0d_f443eccd,no_mas_sum,,,0,0,,
,c:\Users\USER\Desktop\CT&RPL\2_Project\KNF_LEU+ 시범연료봉 장전 인허가 과제\2026\2_계산\2_LP\LOW_Fr_MASTER_result\srv199\kit_frontier_runs_fpcamp_minfr~_RST.APRQ_10_0615.1-755ad95e9d-m5sduyuv_39c4ecea,no_digest,,,0,0,,
,c:\Users\USER\Desktop\CT&RPL\2_Project\KNF_LEU+ 시범연료봉 장전 인허가 과제\2026\2_계산\2_LP\LOW_Fr_MASTER_result\srv199\kit_frontier_runs_fpcamp_minfr~_RST.APRQ_10_0615.1-75d4b54161-_ksyp_ie_8dc8070a,no_digest,,,0,0,,
,c:\Users\USER\Desktop\CT&RPL\2_Project\KNF_LEU+ 시범연료봉 장전 인허가 과제\2026\2_계산\2_LP\LOW_Fr_MASTER_result\srv199\kit_frontier_runs_fpcamp_minfr~_RST.APRQ_10_0615.1-75e5a3487a-p6m9pflq_2ecc62a7,no_digest,,,0,0,,
,c:\Users\USER\Desktop\CT&RPL\2_Project\KNF_LEU+ 시범연료봉 장전 인허가 과제\2026\2_계산\2_LP\LOW_Fr_MASTER_result\srv199\kit_frontier_runs_fpcamp_minfr~_RST.APRQ_10_0615.1-76ebc4fc4b-sini7snm_2b999b09,no_digest,,,0,0,,
,c:\Users\USER\Desktop\CT&RPL\2_Project\KNF_LEU+ 시범연료봉 장전 인허가 과제\2026\2_계산\2_LP\LOW_Fr_MASTER_result\srv199\kit_frontier_runs_fpcamp_minfr~_RST.APRQ_10_0615.1-76f1b4cdd5-ydf3rt26_4fa1a74f,no_digest,,,0,0,,
,c:\Users\USER\Desktop\CT&RPL\2_Project\KNF_LEU+ 시범연료봉 장전 인허가 과제\2026\2_계산\2_LP\LOW_Fr_MASTER_result\srv199\kit_frontier_runs_fpcamp_minfr~_RST.APRQ_10_0615.1-76f25d9d22-dq2rahgz_9d932423,no_digest,,,0,0,,
,c:\Users\USER\Desktop\CT&RPL\2_Project\KNF_LEU+ 시범연료봉 장전 인허가 과제\2026\2_계산\2_LP\LOW_Fr_MASTER_result\srv199\kit_frontier_runs_fpcamp_minfr~_RST.APRQ_10_0615.1-77318b4162-s9myqmbi_7b45a466,no_digest,,,0,0,,
,c:\Users\USER\Desktop\CT&RPL\2_Project\KNF_LEU+ 시범연료봉 장전 인허가 과제\2026\2_계산\2_LP\LOW_Fr_MASTER_result\srv199\kit_frontier_runs_fpcamp_minfr~_RST.APRQ_10_0615.1-77478a959a-q42uxsjy_6f1321fc,no_digest,,,0,0,,
,c:\Users\USER\Desktop\CT&RPL\2_Project\KNF_LEU+ 시범연료봉 장전 인허가 과제\2026\2_계산\2_LP\LOW_Fr_MASTER_result\srv199\kit_frontier_runs_fpcamp_minfr~_RST.APRQ_10_0615.1-7775d47f39-gtnct7bx_5a5e5ae0,no_digest,,,0,0,,
,c:\Users\USER\Desktop\CT&RPL\2_Project\KNF_LEU+ 시범연료봉 장전 인허가 과제\2026\2_계산\2_LP\LOW_Fr_MASTER_result\srv199\kit_frontier_runs_fpcamp_minfr~_RST.APRQ_10_0615.1-77cff93397-2akcv3qm_02573a29,no_digest,,,0,0,,
,c:\Users\USER\Desktop\CT&RPL\2_Project\KNF_LEU+ 시범연료봉 장전 인허가 과제\2026\2_계산\2_LP\LOW_Fr_MASTER_result\srv199\kit_frontier_runs_fpcamp_minfr~_RST.APRQ_10_0615.1-793e53ca35-sjywad56_2037d585,no_digest,,,0,0,,
,c:\Users\USER\Desktop\CT&RPL\2_Project\KNF_LEU+ 시범연료봉 장전 인허가 과제\2026\2_계산\2_LP\LOW_Fr_MASTER_result\srv199\kit_frontier_runs_fpcamp_minfr~_RST.APRQ_10_0615.1-7a03f5d7f1-bh4zztqd_b21d04d4,no_mas_sum,,,0,0,,
,c:\Users\USER\Desktop\CT&RPL\2_Project\KNF_LEU+ 시범연료봉 장전 인허가 과제\2026\2_계산\2_LP\LOW_Fr_MASTER_result\srv199\kit_frontier_runs_fpcamp_minfr~_RST.APRQ_10_0615.1-7c33dc939b-ukqx0yqr_4af059eb,no_digest,,,0,0,,
,c:\Users\USER\Desktop\CT&RPL\2_Project\KNF_LEU+ 시범연료봉 장전 인허가 과제\2026\2_계산\2_LP\LOW_Fr_MASTER_result\srv199\kit_frontier_runs_fpcamp_minfr~_RST.APRQ_10_0615.1-7cb0102d43-a_5itrv7_9e3b08f2,no_digest,,,0,0,,
,c:\Users\USER\Desktop\CT&RPL\2_Project\KNF_LEU+ 시범연료봉 장전 인허가 과제\2026\2_계산\2_LP\LOW_Fr_MASTER_result\srv199\kit_frontier_runs_fpcamp_minfr~_RST.APRQ_10_0615.1-7cc2c892d5-kfrtbztb_ee44462e,no_digest,,,0,0,,
,c:\Users\USER\Desktop\CT&RPL\2_Project\KNF_LEU+ 시범연료봉 장전 인허가 과제\2026\2_계산\2_LP\LOW_Fr_MASTER_result\srv199\kit_frontier_runs_fpcamp_minfr~_RST.APRQ_10_0615.1-7eaf2c5ac8-i7dlkzr5_28d0d529,no_digest,,,0,0,,
,c:\Users\USER\Desktop\CT&RPL\2_Project\KNF_LEU+ 시범연료봉 장전 인허가 과제\2026\2_계산\2_LP\LOW_Fr_MASTER_result\srv199\kit_frontier_runs_fpcamp_minfr~_RST.APRQ_10_0615.1-7eb07a4d18-iklzs6qp_ef2b6c16,no_digest,,,0,0,,
,c:\Users\USER\Desktop\CT&RPL\2_Project\KNF_LEU+ 시범연료봉 장전 인허가 과제\2026\2_계산\2_LP\LOW_Fr_MASTER_result\srv199\kit_frontier_runs_fpcamp_minfr~_RST.APRQ_10_0615.1-7f2c8eaa4a-vgjinp7g_5eb6eb65,no_digest,,,0,0,,
,c:\Users\USER\Desktop\CT&RPL\2_Project\KNF_LEU+ 시범연료봉 장전 인허가 과제\2026\2_계산\2_LP\LOW_Fr_MASTER_result\srv199\kit_frontier_runs_fpcamp_minfr~_RST.APRQ_10_0615.1-7f57f373aa-hietfnv8_952aa4c3,no_digest,,,0,0,,
,c:\Users\USER\Desktop\CT&RPL\2_Project\KNF_LEU+ 시범연료봉 장전 인허가 과제\2026\2_계산\2_LP\LOW_Fr_MASTER_result\srv199\kit_frontier_runs_fpcamp_minfr~_RST.APRQ_10_0615.1-7f871851d6-l7fehk27_59545cb3,no_digest,,,0,0,,
,c:\Users\USER\Desktop\CT&RPL\2_Project\KNF_LEU+ 시범연료봉 장전 인허가 과제\2026\2_계산\2_LP\LOW_Fr_MASTER_result\srv199\kit_frontier_runs_fpcamp_minfr~_RST.APRQ_10_0615.1-7fa5fd98d6-o8sig8mz_517871b7,no_digest,,,0,0,,
,c:\Users\USER\Desktop\CT&RPL\2_Project\KNF_LEU+ 시범연료봉 장전 인허가 과제\2026\2_계산\2_LP\LOW_Fr_MASTER_result\srv199\kit_frontier_runs_fpcamp_minfr~_RST.APRQ_10_0615.1-80ced96e4f-d1maii_3_0e3613cd,no_digest,,,0,0,,
,c:\Users\USER\Desktop\CT&RPL\2_Project\KNF_LEU+ 시범연료봉 장전 인허가 과제\2026\2_계산\2_LP\LOW_Fr_MASTER_result\srv199\kit_frontier_runs_fpcamp_minfr~_RST.APRQ_10_0615.1-8102e984b1-g07ufb9e_4af99a55,no_digest,,,0,0,,
,c:\Users\USER\Desktop\CT&RPL\2_Project\KNF_LEU+ 시범연료봉 장전 인허가 과제\2026\2_계산\2_LP\LOW_Fr_MASTER_result\srv199\kit_frontier_runs_fpcamp_minfr~_RST.APRQ_10_0615.1-813653cb43-ca57hc5f_438bbb54,no_digest,,,0,0,,
,c:\Users\USER\Desktop\CT&RPL\2_Project\KNF_LEU+ 시범연료봉 장전 인허가 과제\2026\2_계산\2_LP\LOW_Fr_MASTER_result\srv199\kit_frontier_runs_fpcamp_minfr~_RST.APRQ_10_0615.1-81838f7bd4-k4m55s2n_4e7df6d1,no_digest,,,0,0,,
,c:\Users\USER\Desktop\CT&RPL\2_Project\KNF_LEU+ 시범연료봉 장전 인허가 과제\2026\2_계산\2_LP\LOW_Fr_MASTER_result\srv199\kit_frontier_runs_fpcamp_minfr~_RST.APRQ_10_0615.1-819c14e5c5-oz75k1y5_e01d8fa9,no_digest,,,0,0,,
,c:\Users\USER\Desktop\CT&RPL\2_Project\KNF_LEU+ 시범연료봉 장전 인허가 과제\2026\2_계산\2_LP\LOW_Fr_MASTER_result\srv199\kit_frontier_runs_fpcamp_minfr~_RST.APRQ_10_0615.1-81f8648701-ubldal_d_b5c1bb6f,no_digest,,,0,0,,
,c:\Users\USER\Desktop\CT&RPL\2_Project\KNF_LEU+ 시범연료봉 장전 인허가 과제\2026\2_계산\2_LP\LOW_Fr_MASTER_result\srv199\kit_frontier_runs_fpcamp_minfr~_RST.APRQ_10_0615.1-8229e7aaaa-k3xei492_843d1cf1,no_digest,,,0,0,,
,c:\Users\USER\Desktop\CT&RPL\2_Project\KNF_LEU+ 시범연료봉 장전 인허가 과제\2026\2_계산\2_LP\LOW_Fr_MASTER_result\srv199\kit_frontier_runs_fpcamp_minfr~_RST.APRQ_10_0615.1-823fda30a0-2c6ugyzf_0ecf9e1f,no_digest,,,0,0,,
,c:\Users\USER\Desktop\CT&RPL\2_Project\KNF_LEU+ 시범연료봉 장전 인허가 과제\2026\2_계산\2_LP\LOW_Fr_MASTER_result\srv199\kit_frontier_runs_fpcamp_minfr~_RST.APRQ_10_0615.1-82eae834dc-0350q_sn_20e23895,no_digest,,,0,0,,
,c:\Users\USER\Desktop\CT&RPL\2_Project\KNF_LEU+ 시범연료봉 장전 인허가 과제\2026\2_계산\2_LP\LOW_Fr_MASTER_result\srv199\kit_frontier_runs_fpcamp_minfr~_RST.APRQ_10_0615.1-82f6ebc4d8-g32qb669_be18bb8c,no_digest,,,0,0,,
,c:\Users\USER\Desktop\CT&RPL\2_Project\KNF_LEU+ 시범연료봉 장전 인허가 과제\2026\2_계산\2_LP\LOW_Fr_MASTER_result\srv199\kit_frontier_runs_fpcamp_minfr~_RST.APRQ_10_0615.1-8470d1be1c-0sodvz7z_7f2faa18,no_digest,,,0,0,,
,c:\Users\USER\Desktop\CT&RPL\2_Project\KNF_LEU+ 시범연료봉 장전 인허가 과제\2026\2_계산\2_LP\LOW_Fr_MASTER_result\srv199\kit_frontier_runs_fpcamp_minfr~_RST.APRQ_10_0615.1-862cec730c-ff7awer5_aab3b6a8,no_digest,,,0,0,,
,c:\Users\USER\Desktop\CT&RPL\2_Project\KNF_LEU+ 시범연료봉 장전 인허가 과제\2026\2_계산\2_LP\LOW_Fr_MASTER_result\srv199\kit_frontier_runs_fpcamp_minfr~_RST.APRQ_10_0615.1-875381f981-8ocujwhb_b46ebd3a,no_digest,,,0,0,,
,c:\Users\USER\Desktop\CT&RPL\2_Project\KNF_LEU+ 시범연료봉 장전 인허가 과제\2026\2_계산\2_LP\LOW_Fr_MASTER_result\srv199\kit_frontier_runs_fpcamp_minfr~_RST.APRQ_10_0615.1-87afac5817-t8_m568m_c2cf1576,no_digest,,,0,0,,
,c:\Users\USER\Desktop\CT&RPL\2_Project\KNF_LEU+ 시범연료봉 장전 인허가 과제\2026\2_계산\2_LP\LOW_Fr_MASTER_result\srv199\kit_frontier_runs_fpcamp_minfr~_RST.APRQ_10_0615.1-87c1201372-t6uyjc1n_13a512b8,no_digest,,,0,0,,
,c:\Users\USER\Desktop\CT&RPL\2_Project\KNF_LEU+ 시범연료봉 장전 인허가 과제\2026\2_계산\2_LP\LOW_Fr_MASTER_result\srv199\kit_frontier_runs_fpcamp_minfr~_RST.APRQ_10_0615.1-88289bdcd4-p2nyo2ha_7d5671d5,no_digest,,,0,0,,
,c:\Users\USER\Desktop\CT&RPL\2_Project\KNF_LEU+ 시범연료봉 장전 인허가 과제\2026\2_계산\2_LP\LOW_Fr_MASTER_result\srv199\kit_frontier_runs_fpcamp_minfr~_RST.APRQ_10_0615.1-884cd150a1-4sgooe35_03180497,no_digest,,,0,0,,
,c:\Users\USER\Desktop\CT&RPL\2_Project\KNF_LEU+ 시범연료봉 장전 인허가 과제\2026\2_계산\2_LP\LOW_Fr_MASTER_result\srv199\kit_frontier_runs_fpcamp_minfr~_RST.APRQ_10_0615.1-8a38adab6d-72e049vi_5c7fdc7f,no_digest,,,0,0,,
,c:\Users\USER\Desktop\CT&RPL\2_Project\KNF_LEU+ 시범연료봉 장전 인허가 과제\2026\2_계산\2_LP\LOW_Fr_MASTER_result\srv199\kit_frontier_runs_fpcamp_minfr~_RST.APRQ_10_0615.1-8a50cfe483-qba2g0ua_2339f826,no_digest,,,0,0,,
,c:\Users\USER\Desktop\CT&RPL\2_Project\KNF_LEU+ 시범연료봉 장전 인허가 과제\2026\2_계산\2_LP\LOW_Fr_MASTER_result\srv199\kit_frontier_runs_fpcamp_minfr~_RST.APRQ_10_0615.1-8b18fa6f7f-r8dqwz3g_016ceec2,no_digest,,,0,0,,
,c:\Users\USER\Desktop\CT&RPL\2_Project\KNF_LEU+ 시범연료봉 장전 인허가 과제\2026\2_계산\2_LP\LOW_Fr_MASTER_result\srv199\kit_frontier_runs_fpcamp_minfr~_RST.APRQ_10_0615.1-8c1f810dff-4tdwk9m3_e4c82fd8,no_digest,,,0,0,,
,c:\Users\USER\Desktop\CT&RPL\2_Project\KNF_LEU+ 시범연료봉 장전 인허가 과제\2026\2_계산\2_LP\LOW_Fr_MASTER_result\srv199\kit_frontier_runs_fpcamp_minfr~_RST.APRQ_10_0615.1-8c2ba0a15e-5qesffj1_5983db68,no_digest,,,0,0,,
,c:\Users\USER\Desktop\CT&RPL\2_Project\KNF_LEU+ 시범연료봉 장전 인허가 과제\2026\2_계산\2_LP\LOW_Fr_MASTER_result\srv199\kit_frontier_runs_fpcamp_minfr~_RST.APRQ_10_0615.1-8c5cfaac26-1gw4mtfk_c5488f2a,no_digest,,,0,0,,
,c:\Users\USER\Desktop\CT&RPL\2_Project\KNF_LEU+ 시범연료봉 장전 인허가 과제\2026\2_계산\2_LP\LOW_Fr_MASTER_result\srv199\kit_frontier_runs_fpcamp_minfr~_RST.APRQ_10_0615.1-8cf21dc7c3-w0pwmwzp_13e5b945,no_digest,,,0,0,,
,c:\Users\USER\Desktop\CT&RPL\2_Project\KNF_LEU+ 시범연료봉 장전 인허가 과제\2026\2_계산\2_LP\LOW_Fr_MASTER_result\srv199\kit_frontier_runs_fpcamp_minfr~_RST.APRQ_10_0615.1-8d2816e1d2-lcxu2_f6_1e3d81cf,no_digest,,,0,0,,
,c:\Users\USER\Desktop\CT&RPL\2_Project\KNF_LEU+ 시범연료봉 장전 인허가 과제\2026\2_계산\2_LP\LOW_Fr_MASTER_result\srv199\kit_frontier_runs_fpcamp_minfr~_RST.APRQ_10_0615.1-8de5c7c0d2-rcbm9ta5_0fd427d4,no_digest,,,0,0,,
,c:\Users\USER\Desktop\CT&RPL\2_Project\KNF_LEU+ 시범연료봉 장전 인허가 과제\2026\2_계산\2_LP\LOW_Fr_MASTER_result\srv199\kit_frontier_runs_fpcamp_minfr~_RST.APRQ_10_0615.1-8f1c1188d1-290v2e7c_6a54297e,no_digest,,,0,0,,
,c:\Users\USER\Desktop\CT&RPL\2_Project\KNF_LEU+ 시범연료봉 장전 인허가 과제\2026\2_계산\2_LP\LOW_Fr_MASTER_result\srv199\kit_frontier_runs_fpcamp_minfr~_RST.APRQ_10_0615.1-8f8ce1ae27-ymnxbz3p_cf1ad524,no_digest,,,0,0,,
,c:\Users\USER\Desktop\CT&RPL\2_Project\KNF_LEU+ 시범연료봉 장전 인허가 과제\2026\2_계산\2_LP\LOW_Fr_MASTER_result\srv199\kit_frontier_runs_fpcamp_minfr~_RST.APRQ_10_0615.1-8fe2e3d697-4ivjtr07_0805c6e9,no_digest,,,0,0,,
,c:\Users\USER\Desktop\CT&RPL\2_Project\KNF_LEU+ 시범연료봉 장전 인허가 과제\2026\2_계산\2_LP\LOW_Fr_MASTER_result\srv199\kit_frontier_runs_fpcamp_minfr~_RST.APRQ_10_0615.1-90f5b7a33a-fr397bn0_d992cd1b,no_digest,,,0,0,,
,c:\Users\USER\Desktop\CT&RPL\2_Project\KNF_LEU+ 시범연료봉 장전 인허가 과제\2026\2_계산\2_LP\LOW_Fr_MASTER_result\srv199\kit_frontier_runs_fpcamp_minfr~_RST.APRQ_10_0615.1-912630cb7b-lm5izq0h_b826718a,no_digest,,,0,0,,
,c:\Users\USER\Desktop\CT&RPL\2_Project\KNF_LEU+ 시범연료봉 장전 인허가 과제\2026\2_계산\2_LP\LOW_Fr_MASTER_result\srv199\kit_frontier_runs_fpcamp_minfr~_RST.APRQ_10_0615.1-91de7c1cf7-nmzbac5b_8f200507,no_digest,,,0,0,,
,c:\Users\USER\Desktop\CT&RPL\2_Project\KNF_LEU+ 시범연료봉 장전 인허가 과제\2026\2_계산\2_LP\LOW_Fr_MASTER_result\srv199\kit_frontier_runs_fpcamp_minfr~_RST.APRQ_10_0615.1-91f9d8e54e-bgwt1rjl_174f9578,no_digest,,,0,0,,
,c:\Users\USER\Desktop\CT&RPL\2_Project\KNF_LEU+ 시범연료봉 장전 인허가 과제\2026\2_계산\2_LP\LOW_Fr_MASTER_result\srv199\kit_frontier_runs_fpcamp_minfr~_RST.APRQ_10_0615.1-92291d3fd0-xt3uzxqi_cfd15ecf,no_digest,,,0,0,,
,c:\Users\USER\Desktop\CT&RPL\2_Project\KNF_LEU+ 시범연료봉 장전 인허가 과제\2026\2_계산\2_LP\LOW_Fr_MASTER_result\srv199\kit_frontier_runs_fpcamp_minfr~_RST.APRQ_10_0615.1-935f2fe298-kvh_8_ey_9bcee53b,no_digest,,,0,0,,
,c:\Users\USER\Desktop\CT&RPL\2_Project\KNF_LEU+ 시범연료봉 장전 인허가 과제\2026\2_계산\2_LP\LOW_Fr_MASTER_result\srv199\kit_frontier_runs_fpcamp_minfr~_RST.APRQ_10_0615.1-936bd0d3ba-3x39whsa_13d7460f,no_digest,,,0,0,,
,c:\Users\USER\Desktop\CT&RPL\2_Project\KNF_LEU+ 시범연료봉 장전 인허가 과제\2026\2_계산\2_LP\LOW_Fr_MASTER_result\srv199\kit_frontier_runs_fpcamp_minfr~_RST.APRQ_10_0615.1-937ed4ee74-02popamp_0b7a561f,no_digest,,,0,0,,
,c:\Users\USER\Desktop\CT&RPL\2_Project\KNF_LEU+ 시범연료봉 장전 인허가 과제\2026\2_계산\2_LP\LOW_Fr_MASTER_result\srv199\kit_frontier_runs_fpcamp_minfr~_RST.APRQ_10_0615.1-941288b5d8-sgai8hze_340c3a85,no_digest,,,0,0,,
,c:\Users\USER\Desktop\CT&RPL\2_Project\KNF_LEU+ 시범연료봉 장전 인허가 과제\2026\2_계산\2_LP\LOW_Fr_MASTER_result\srv199\kit_frontier_runs_fpcamp_minfr~_RST.APRQ_10_0615.1-9466511ce0-2va_oiuv_747f7e6a,no_digest,,,0,0,,
,c:\Users\USER\Desktop\CT&RPL\2_Project\KNF_LEU+ 시범연료봉 장전 인허가 과제\2026\2_계산\2_LP\LOW_Fr_MASTER_result\srv199\kit_frontier_runs_fpcamp_minfr~_RST.APRQ_10_0615.1-948a07cca9-rrvpgdvi_4e01eb1e,no_digest,,,0,0,,
,c:\Users\USER\Desktop\CT&RPL\2_Project\KNF_LEU+ 시범연료봉 장전 인허가 과제\2026\2_계산\2_LP\LOW_Fr_MASTER_result\srv199\kit_frontier_runs_fpcamp_minfr~_RST.APRQ_10_0615.1-94bec5cbbd-qbkwjxh7_edaba37b,no_digest,,,0,0,,
,c:\Users\USER\Desktop\CT&RPL\2_Project\KNF_LEU+ 시범연료봉 장전 인허가 과제\2026\2_계산\2_LP\LOW_Fr_MASTER_result\srv199\kit_frontier_runs_fpcamp_minfr~_RST.APRQ_10_0615.1-9507fb1541-t52d7dz2_ea8e5b18,no_digest,,,0,0,,
,c:\Users\USER\Desktop\CT&RPL\2_Project\KNF_LEU+ 시범연료봉 장전 인허가 과제\2026\2_계산\2_LP\LOW_Fr_MASTER_result\srv199\kit_frontier_runs_fpcamp_minfr~_RST.APRQ_10_0615.1-95fa13cdfb-000ejl8z_87005bc9,no_digest,,,0,0,,
,c:\Users\USER\Desktop\CT&RPL\2_Project\KNF_LEU+ 시범연료봉 장전 인허가 과제\2026\2_계산\2_LP\LOW_Fr_MASTER_result\srv199\kit_frontier_runs_fpcamp_minfr~_RST.APRQ_10_0615.1-963c7e2915-934kr67f_a6070bf6,no_digest,,,0,0,,
,c:\Users\USER\Desktop\CT&RPL\2_Project\KNF_LEU+ 시범연료봉 장전 인허가 과제\2026\2_계산\2_LP\LOW_Fr_MASTER_result\srv199\kit_frontier_runs_fpcamp_minfr~_RST.APRQ_10_0615.1-96958bf889-hqhp7slv_8ce30b9d,no_digest,,,0,0,,
,c:\Users\USER\Desktop\CT&RPL\2_Project\KNF_LEU+ 시범연료봉 장전 인허가 과제\2026\2_계산\2_LP\LOW_Fr_MASTER_result\srv199\kit_frontier_runs_fpcamp_minfr~_RST.APRQ_10_0615.1-96a6f05897-vk7mkgno_f7fcda36,no_mas_sum,,,0,0,,
,c:\Users\USER\Desktop\CT&RPL\2_Project\KNF_LEU+ 시범연료봉 장전 인허가 과제\2026\2_계산\2_LP\LOW_Fr_MASTER_result\srv199\kit_frontier_runs_fpcamp_minfr~_RST.APRQ_10_0615.1-970d382e02-uztu26eo_566a46fb,no_digest,,,0,0,,
,c:\Users\USER\Desktop\CT&RPL\2_Project\KNF_LEU+ 시범연료봉 장전 인허가 과제\2026\2_계산\2_LP\LOW_Fr_MASTER_result\srv199\kit_frontier_runs_fpcamp_minfr~_RST.APRQ_10_0615.1-97aaab14bf-5btudh_6_9c35da88,no_digest,,,0,0,,
,c:\Users\USER\Desktop\CT&RPL\2_Project\KNF_LEU+ 시범연료봉 장전 인허가 과제\2026\2_계산\2_LP\LOW_Fr_MASTER_result\srv199\kit_frontier_runs_fpcamp_minfr~_RST.APRQ_10_0615.1-97b3ede800-5vi2wgjv_56604de8,no_digest,,,0,0,,
,c:\Users\USER\Desktop\CT&RPL\2_Project\KNF_LEU+ 시범연료봉 장전 인허가 과제\2026\2_계산\2_LP\LOW_Fr_MASTER_result\srv199\kit_frontier_runs_fpcamp_minfr~_RST.APRQ_10_0615.1-98e8d22b93-n49t0wd8_8c1b1947,no_digest,,,0,0,,
,c:\Users\USER\Desktop\CT&RPL\2_Project\KNF_LEU+ 시범연료봉 장전 인허가 과제\2026\2_계산\2_LP\LOW_Fr_MASTER_result\srv199\kit_frontier_runs_fpcamp_minfr~_RST.APRQ_10_0615.1-990ec6391c-wm6xxgmg_b44d61c5,no_digest,,,0,0,,
,c:\Users\USER\Desktop\CT&RPL\2_Project\KNF_LEU+ 시범연료봉 장전 인허가 과제\2026\2_계산\2_LP\LOW_Fr_MASTER_result\srv199\kit_frontier_runs_fpcamp_minfr~_RST.APRQ_10_0615.1-9aec448fdb-r9ww74qj_505f71db,no_digest,,,0,0,,
,c:\Users\USER\Desktop\CT&RPL\2_Project\KNF_LEU+ 시범연료봉 장전 인허가 과제\2026\2_계산\2_LP\LOW_Fr_MASTER_result\srv199\kit_frontier_runs_fpcamp_minfr~_RST.APRQ_10_0615.1-9af29b769d-828xowq1_df7b120b,no_digest,,,0,0,,
,c:\Users\USER\Desktop\CT&RPL\2_Project\KNF_LEU+ 시범연료봉 장전 인허가 과제\2026\2_계산\2_LP\LOW_Fr_MASTER_result\srv199\kit_frontier_runs_fpcamp_minfr~_RST.APRQ_10_0615.1-9b317642e6-azh8qvtc_da2b215e,no_digest,,,0,0,,
,c:\Users\USER\Desktop\CT&RPL\2_Project\KNF_LEU+ 시범연료봉 장전 인허가 과제\2026\2_계산\2_LP\LOW_Fr_MASTER_result\srv199\kit_frontier_runs_fpcamp_minfr~_RST.APRQ_10_0615.1-9ba0ebd710-pr35yfco_db2ffe72,no_digest,,,0,0,,
,c:\Users\USER\Desktop\CT&RPL\2_Project\KNF_LEU+ 시범연료봉 장전 인허가 과제\2026\2_계산\2_LP\LOW_Fr_MASTER_result\srv199\kit_frontier_runs_fpcamp_minfr~_RST.APRQ_10_0615.1-9bf5ae7f6a-c_tqtd9c_eee02a42,no_digest,,,0,0,,
,c:\Users\USER\Desktop\CT&RPL\2_Project\KNF_LEU+ 시범연료봉 장전 인허가 과제\2026\2_계산\2_LP\LOW_Fr_MASTER_result\srv199\kit_frontier_runs_fpcamp_minfr~_RST.APRQ_10_0615.1-9d43f6b736-_bpaj342_e66894c1,no_digest,,,0,0,,
,c:\Users\USER\Desktop\CT&RPL\2_Project\KNF_LEU+ 시범연료봉 장전 인허가 과제\2026\2_계산\2_LP\LOW_Fr_MASTER_result\srv199\kit_frontier_runs_fpcamp_minfr~_RST.APRQ_10_0615.1-9dae04ace4-tpejxg_f_cd9a28a8,no_digest,,,0,0,,
,c:\Users\USER\Desktop\CT&RPL\2_Project\KNF_LEU+ 시범연료봉 장전 인허가 과제\2026\2_계산\2_LP\LOW_Fr_MASTER_result\srv199\kit_frontier_runs_fpcamp_minfr~_RST.APRQ_10_0615.1-9dfc7dbb3e-k8h5ujo0_37f64435,no_digest,,,0,0,,
,c:\Users\USER\Desktop\CT&RPL\2_Project\KNF_LEU+ 시범연료봉 장전 인허가 과제\2026\2_계산\2_LP\LOW_Fr_MASTER_result\srv199\kit_frontier_runs_fpcamp_minfr~_RST.APRQ_10_0615.1-9e57edd35d-fpx87td1_0ffcb55d,no_digest,,,0,0,,
,c:\Users\USER\Desktop\CT&RPL\2_Project\KNF_LEU+ 시범연료봉 장전 인허가 과제\2026\2_계산\2_LP\LOW_Fr_MASTER_result\srv199\kit_frontier_runs_fpcamp_minfr~_RST.APRQ_10_0615.1-9f4c7aefc5-o7rx30vs_8ffb4d55,no_mas_sum,,,0,0,,
,c:\Users\USER\Desktop\CT&RPL\2_Project\KNF_LEU+ 시범연료봉 장전 인허가 과제\2026\2_계산\2_LP\LOW_Fr_MASTER_result\srv199\kit_frontier_runs_fpcamp_minfr~_RST.APRQ_10_0615.1-a12a35b4ab-nx0_qp74_72ded6fb,no_digest,,,0,0,,
,c:\Users\USER\Desktop\CT&RPL\2_Project\KNF_LEU+ 시범연료봉 장전 인허가 과제\2026\2_계산\2_LP\LOW_Fr_MASTER_result\srv199\kit_frontier_runs_fpcamp_minfr~_RST.APRQ_10_0615.1-a130b9c9cc-r_xlrxm8_cbff327d,no_digest,,,0,0,,
,c:\Users\USER\Desktop\CT&RPL\2_Project\KNF_LEU+ 시범연료봉 장전 인허가 과제\2026\2_계산\2_LP\LOW_Fr_MASTER_result\srv199\kit_frontier_runs_fpcamp_minfr~_RST.APRQ_10_0615.1-a1535a7eaf-neyrs68d_b9180a38,no_digest,,,0,0,,
,c:\Users\USER\Desktop\CT&RPL\2_Project\KNF_LEU+ 시범연료봉 장전 인허가 과제\2026\2_계산\2_LP\LOW_Fr_MASTER_result\srv199\kit_frontier_runs_fpcamp_minfr~_RST.APRQ_10_0615.1-a2341a8502-5gygb8vd_bd0f38de,no_digest,,,0,0,,
,c:\Users\USER\Desktop\CT&RPL\2_Project\KNF_LEU+ 시범연료봉 장전 인허가 과제\2026\2_계산\2_LP\LOW_Fr_MASTER_result\srv199\kit_frontier_runs_fpcamp_minfr~_RST.APRQ_10_0615.1-a2bee8a101-j1oq8lp0_450decb3,no_digest,,,0,0,,
,c:\Users\USER\Desktop\CT&RPL\2_Project\KNF_LEU+ 시범연료봉 장전 인허가 과제\2026\2_계산\2_LP\LOW_Fr_MASTER_result\srv199\kit_frontier_runs_fpcamp_minfr~_RST.APRQ_10_0615.1-a2ea2d3664-yf574iqa_500cbf4a,no_digest,,,0,0,,
,c:\Users\USER\Desktop\CT&RPL\2_Project\KNF_LEU+ 시범연료봉 장전 인허가 과제\2026\2_계산\2_LP\LOW_Fr_MASTER_result\srv199\kit_frontier_runs_fpcamp_minfr~_RST.APRQ_10_0615.1-a428ce4122-natglwew_728d866b,no_digest,,,0,0,,
,c:\Users\USER\Desktop\CT&RPL\2_Project\KNF_LEU+ 시범연료봉 장전 인허가 과제\2026\2_계산\2_LP\LOW_Fr_MASTER_result\srv199\kit_frontier_runs_fpcamp_minfr~_RST.APRQ_10_0615.1-a435c10fce-khcxospb_9fe8dd80,no_digest,,,0,0,,
,c:\Users\USER\Desktop\CT&RPL\2_Project\KNF_LEU+ 시범연료봉 장전 인허가 과제\2026\2_계산\2_LP\LOW_Fr_MASTER_result\srv199\kit_frontier_runs_fpcamp_minfr~_RST.APRQ_10_0615.1-a4553e1856-qxiihpss_92e63929,no_digest,,,0,0,,
,c:\Users\USER\Desktop\CT&RPL\2_Project\KNF_LEU+ 시범연료봉 장전 인허가 과제\2026\2_계산\2_LP\LOW_Fr_MASTER_result\srv199\kit_frontier_runs_fpcamp_minfr~_RST.APRQ_10_0615.1-a49a4a5b8a-tgst_oz7_f8ba3de9,no_digest,,,0,0,,
,c:\Users\USER\Desktop\CT&RPL\2_Project\KNF_LEU+ 시범연료봉 장전 인허가 과제\2026\2_계산\2_LP\LOW_Fr_MASTER_result\srv199\kit_frontier_runs_fpcamp_minfr~_RST.APRQ_10_0615.1-a52da11304-l4ovsm85_8919c01f,no_digest,,,0,0,,
,c:\Users\USER\Desktop\CT&RPL\2_Project\KNF_LEU+ 시범연료봉 장전 인허가 과제\2026\2_계산\2_LP\LOW_Fr_MASTER_result\srv199\kit_frontier_runs_fpcamp_minfr~_RST.APRQ_10_0615.1-a5424dad55-qtyi6m9l_a846c648,no_digest,,,0,0,,
,c:\Users\USER\Desktop\CT&RPL\2_Project\KNF_LEU+ 시범연료봉 장전 인허가 과제\2026\2_계산\2_LP\LOW_Fr_MASTER_result\srv199\kit_frontier_runs_fpcamp_minfr~_RST.APRQ_10_0615.1-a615a71342-1fzv2dnw_4c90a3a6,no_digest,,,0,0,,
,c:\Users\USER\Desktop\CT&RPL\2_Project\KNF_LEU+ 시범연료봉 장전 인허가 과제\2026\2_계산\2_LP\LOW_Fr_MASTER_result\srv199\kit_frontier_runs_fpcamp_minfr~_RST.APRQ_10_0615.1-a65030e2ee-sl8buo7i_a8971362,no_mas_sum,,,0,0,,
,c:\Users\USER\Desktop\CT&RPL\2_Project\KNF_LEU+ 시범연료봉 장전 인허가 과제\2026\2_계산\2_LP\LOW_Fr_MASTER_result\srv199\kit_frontier_runs_fpcamp_minfr~_RST.APRQ_10_0615.1-a68b6cade2-itz88pyn_70f39efb,no_digest,,,0,0,,
,c:\Users\USER\Desktop\CT&RPL\2_Project\KNF_LEU+ 시범연료봉 장전 인허가 과제\2026\2_계산\2_LP\LOW_Fr_MASTER_result\srv199\kit_frontier_runs_fpcamp_minfr~_RST.APRQ_10_0615.1-a74e448a1c-3sihorfe_bd5a3f49,no_digest,,,0,0,,
,c:\Users\USER\Desktop\CT&RPL\2_Project\KNF_LEU+ 시범연료봉 장전 인허가 과제\2026\2_계산\2_LP\LOW_Fr_MASTER_result\srv199\kit_frontier_runs_fpcamp_minfr~_RST.APRQ_10_0615.1-a7f30e3b7c-d122dhhb_d53020e6,no_digest,,,0,0,,
,c:\Users\USER\Desktop\CT&RPL\2_Project\KNF_LEU+ 시범연료봉 장전 인허가 과제\2026\2_계산\2_LP\LOW_Fr_MASTER_result\srv199\kit_frontier_runs_fpcamp_minfr~_RST.APRQ_10_0615.1-a806a36b2b-p7h1mufb_11f5e8ac,no_digest,,,0,0,,
,c:\Users\USER\Desktop\CT&RPL\2_Project\KNF_LEU+ 시범연료봉 장전 인허가 과제\2026\2_계산\2_LP\LOW_Fr_MASTER_result\srv199\kit_frontier_runs_fpcamp_minfr~_RST.APRQ_10_0615.1-a81f373446-j8pwo2t7_c9d8fd93,no_digest,,,0,0,,
,c:\Users\USER\Desktop\CT&RPL\2_Project\KNF_LEU+ 시범연료봉 장전 인허가 과제\2026\2_계산\2_LP\LOW_Fr_MASTER_result\srv199\kit_frontier_runs_fpcamp_minfr~_RST.APRQ_10_0615.1-a8fe6ec3d0-wfh9o763_c0543af8,no_digest,,,0,0,,
,c:\Users\USER\Desktop\CT&RPL\2_Project\KNF_LEU+ 시범연료봉 장전 인허가 과제\2026\2_계산\2_LP\LOW_Fr_MASTER_result\srv199\kit_frontier_runs_fpcamp_minfr~_RST.APRQ_10_0615.1-aa165ee3d0-gpr69e6k_d7e2f730,no_digest,,,0,0,,
,c:\Users\USER\Desktop\CT&RPL\2_Project\KNF_LEU+ 시범연료봉 장전 인허가 과제\2026\2_계산\2_LP\LOW_Fr_MASTER_result\srv199\kit_frontier_runs_fpcamp_minfr~_RST.APRQ_10_0615.1-aa564c0c99-79my3stm_762039d3,no_digest,,,0,0,,
,c:\Users\USER\Desktop\CT&RPL\2_Project\KNF_LEU+ 시범연료봉 장전 인허가 과제\2026\2_계산\2_LP\LOW_Fr_MASTER_result\srv199\kit_frontier_runs_fpcamp_minfr~_RST.APRQ_10_0615.1-aa71da49d4-1xdroox2_725a2241,no_digest,,,0,0,,
,c:\Users\USER\Desktop\CT&RPL\2_Project\KNF_LEU+ 시범연료봉 장전 인허가 과제\2026\2_계산\2_LP\LOW_Fr_MASTER_result\srv199\kit_frontier_runs_fpcamp_minfr~_RST.APRQ_10_0615.1-aa8591f3ce-4sr74p3m_77c18480,no_digest,,,0,0,,
,c:\Users\USER\Desktop\CT&RPL\2_Project\KNF_LEU+ 시범연료봉 장전 인허가 과제\2026\2_계산\2_LP\LOW_Fr_MASTER_result\srv199\kit_frontier_runs_fpcamp_minfr~_RST.APRQ_10_0615.1-aadbc2de46-9fb1mfz2_1b9392a1,no_digest,,,0,0,,
,c:\Users\USER\Desktop\CT&RPL\2_Project\KNF_LEU+ 시범연료봉 장전 인허가 과제\2026\2_계산\2_LP\LOW_Fr_MASTER_result\srv199\kit_frontier_runs_fpcamp_minfr~_RST.APRQ_10_0615.1-aafa35276b-cbchnn8q_7f767927,no_digest,,,0,0,,
,c:\Users\USER\Desktop\CT&RPL\2_Project\KNF_LEU+ 시범연료봉 장전 인허가 과제\2026\2_계산\2_LP\LOW_Fr_MASTER_result\srv199\kit_frontier_runs_fpcamp_minfr~_RST.APRQ_10_0615.1-ac20e4e4ec-lb7xwsoc_ac665f27,no_digest,,,0,0,,
,c:\Users\USER\Desktop\CT&RPL\2_Project\KNF_LEU+ 시범연료봉 장전 인허가 과제\2026\2_계산\2_LP\LOW_Fr_MASTER_result\srv199\kit_frontier_runs_fpcamp_minfr~_RST.APRQ_10_0615.1-ac23ca699d-a795j8eb_edf477b9,no_digest,,,0,0,,
,c:\Users\USER\Desktop\CT&RPL\2_Project\KNF_LEU+ 시범연료봉 장전 인허가 과제\2026\2_계산\2_LP\LOW_Fr_MASTER_result\srv199\kit_frontier_runs_fpcamp_minfr~_RST.APRQ_10_0615.1-acb744a35d-xzj993y9_5b6d5469,no_digest,,,0,0,,
,c:\Users\USER\Desktop\CT&RPL\2_Project\KNF_LEU+ 시범연료봉 장전 인허가 과제\2026\2_계산\2_LP\LOW_Fr_MASTER_result\srv199\kit_frontier_runs_fpcamp_minfr~_RST.APRQ_10_0615.1-ad32402d10-7e8_6rc7_afc692ee,no_digest,,,0,0,,
,c:\Users\USER\Desktop\CT&RPL\2_Project\KNF_LEU+ 시범연료봉 장전 인허가 과제\2026\2_계산\2_LP\LOW_Fr_MASTER_result\srv199\kit_frontier_runs_fpcamp_minfr~_RST.APRQ_10_0615.1-ad49f05887-a4b3t702_65e116ee,no_mas_sum,,,0,0,,
,c:\Users\USER\Desktop\CT&RPL\2_Project\KNF_LEU+ 시범연료봉 장전 인허가 과제\2026\2_계산\2_LP\LOW_Fr_MASTER_result\srv199\kit_frontier_runs_fpcamp_minfr~_RST.APRQ_10_0615.1-ae01a25fb1-n_1ib596_a1faaf74,no_digest,,,0,0,,
,c:\Users\USER\Desktop\CT&RPL\2_Project\KNF_LEU+ 시범연료봉 장전 인허가 과제\2026\2_계산\2_LP\LOW_Fr_MASTER_result\srv199\kit_frontier_runs_fpcamp_minfr~_RST.APRQ_10_0615.1-af1a7917fc-7o6xyayn_21f0be0e,no_digest,,,0,0,,
,c:\Users\USER\Desktop\CT&RPL\2_Project\KNF_LEU+ 시범연료봉 장전 인허가 과제\2026\2_계산\2_LP\LOW_Fr_MASTER_result\srv199\kit_frontier_runs_fpcamp_minfr~_RST.APRQ_10_0615.1-afe98386b5-tympsvom_4b4c1cc3,no_digest,,,0,0,,
,c:\Users\USER\Desktop\CT&RPL\2_Project\KNF_LEU+ 시범연료봉 장전 인허가 과제\2026\2_계산\2_LP\LOW_Fr_MASTER_result\srv199\kit_frontier_runs_fpcamp_minfr~_RST.APRQ_10_0615.1-aff651e033-topjm7i0_dcb75b7b,no_digest,,,0,0,,
,c:\Users\USER\Desktop\CT&RPL\2_Project\KNF_LEU+ 시범연료봉 장전 인허가 과제\2026\2_계산\2_LP\LOW_Fr_MASTER_result\srv199\kit_frontier_runs_fpcamp_minfr~_RST.APRQ_10_0615.1-b05bbc607e-s62ng6hk_6e77d3a2,no_digest,,,0,0,,
,c:\Users\USER\Desktop\CT&RPL\2_Project\KNF_LEU+ 시범연료봉 장전 인허가 과제\2026\2_계산\2_LP\LOW_Fr_MASTER_result\srv199\kit_frontier_runs_fpcamp_minfr~_RST.APRQ_10_0615.1-b17041c1cf-6ewk67gy_24a6cd47,no_digest,,,0,0,,
,c:\Users\USER\Desktop\CT&RPL\2_Project\KNF_LEU+ 시범연료봉 장전 인허가 과제\2026\2_계산\2_LP\LOW_Fr_MASTER_result\srv199\kit_frontier_runs_fpcamp_minfr~_RST.APRQ_10_0615.1-b2bdb87a8b-4fpjjoud_6dce4150,no_digest,,,0,0,,
,c:\Users\USER\Desktop\CT&RPL\2_Project\KNF_LEU+ 시범연료봉 장전 인허가 과제\2026\2_계산\2_LP\LOW_Fr_MASTER_result\srv199\kit_frontier_runs_fpcamp_minfr~_RST.APRQ_10_0615.1-b2e2f9b986-a2oqqnem_f43b73ba,no_digest,,,0,0,,
,c:\Users\USER\Desktop\CT&RPL\2_Project\KNF_LEU+ 시범연료봉 장전 인허가 과제\2026\2_계산\2_LP\LOW_Fr_MASTER_result\srv199\kit_frontier_runs_fpcamp_minfr~_RST.APRQ_10_0615.1-b413e3987f-9ct1h4jv_e14859ca,no_digest,,,0,0,,
,c:\Users\USER\Desktop\CT&RPL\2_Project\KNF_LEU+ 시범연료봉 장전 인허가 과제\2026\2_계산\2_LP\LOW_Fr_MASTER_result\srv199\kit_frontier_runs_fpcamp_minfr~_RST.APRQ_10_0615.1-b454935646-e3rtvjqq_84361479,no_digest,,,0,0,,
,c:\Users\USER\Desktop\CT&RPL\2_Project\KNF_LEU+ 시범연료봉 장전 인허가 과제\2026\2_계산\2_LP\LOW_Fr_MASTER_result\srv199\kit_frontier_runs_fpcamp_minfr~_RST.APRQ_10_0615.1-b4faec0c5f-fxn1vxsu_30e0798a,no_digest,,,0,0,,
,c:\Users\USER\Desktop\CT&RPL\2_Project\KNF_LEU+ 시범연료봉 장전 인허가 과제\2026\2_계산\2_LP\LOW_Fr_MASTER_result\srv199\kit_frontier_runs_fpcamp_minfr~_RST.APRQ_10_0615.1-b516f5b8a4-u0p51zd3_588ab6fd,no_digest,,,0,0,,
,c:\Users\USER\Desktop\CT&RPL\2_Project\KNF_LEU+ 시범연료봉 장전 인허가 과제\2026\2_계산\2_LP\LOW_Fr_MASTER_result\srv199\kit_frontier_runs_fpcamp_minfr~_RST.APRQ_10_0615.1-b56be2a8fd-5y1yvfk9_47785720,no_digest,,,0,0,,
,c:\Users\USER\Desktop\CT&RPL\2_Project\KNF_LEU+ 시범연료봉 장전 인허가 과제\2026\2_계산\2_LP\LOW_Fr_MASTER_result\srv199\kit_frontier_runs_fpcamp_minfr~_RST.APRQ_10_0615.1-b5f2c2343a-28fzhz3i_f040cffe,no_digest,,,0,0,,
,c:\Users\USER\Desktop\CT&RPL\2_Project\KNF_LEU+ 시범연료봉 장전 인허가 과제\2026\2_계산\2_LP\LOW_Fr_MASTER_result\srv199\kit_frontier_runs_fpcamp_minfr~_RST.APRQ_10_0615.1-b61ee1e601-oiz6epdt_ad67721f,no_digest,,,0,0,,
,c:\Users\USER\Desktop\CT&RPL\2_Project\KNF_LEU+ 시범연료봉 장전 인허가 과제\2026\2_계산\2_LP\LOW_Fr_MASTER_result\srv199\kit_frontier_runs_fpcamp_minfr~_RST.APRQ_10_0615.1-b69b1e2b2f-csnue2kn_58f1dc69,no_digest,,,0,0,,
,c:\Users\USER\Desktop\CT&RPL\2_Project\KNF_LEU+ 시범연료봉 장전 인허가 과제\2026\2_계산\2_LP\LOW_Fr_MASTER_result\srv199\kit_frontier_runs_fpcamp_minfr~_RST.APRQ_10_0615.1-b6fa27f7e2-x3pnwowv_a21adb45,no_digest,,,0,0,,
,c:\Users\USER\Desktop\CT&RPL\2_Project\KNF_LEU+ 시범연료봉 장전 인허가 과제\2026\2_계산\2_LP\LOW_Fr_MASTER_result\srv199\kit_frontier_runs_fpcamp_minfr~_RST.APRQ_10_0615.1-b73a7698ea-khqv2flg_34df8c48,no_digest,,,0,0,,
,c:\Users\USER\Desktop\CT&RPL\2_Project\KNF_LEU+ 시범연료봉 장전 인허가 과제\2026\2_계산\2_LP\LOW_Fr_MASTER_result\srv199\kit_frontier_runs_fpcamp_minfr~_RST.APRQ_10_0615.1-b7d176daf5-83n1i5r5_c4421ece,no_digest,,,0,0,,
,c:\Users\USER\Desktop\CT&RPL\2_Project\KNF_LEU+ 시범연료봉 장전 인허가 과제\2026\2_계산\2_LP\LOW_Fr_MASTER_result\srv199\kit_frontier_runs_fpcamp_minfr~_RST.APRQ_10_0615.1-b7fd6b83f8-fbhyl346_e10c1855,no_digest,,,0,0,,
,c:\Users\USER\Desktop\CT&RPL\2_Project\KNF_LEU+ 시범연료봉 장전 인허가 과제\2026\2_계산\2_LP\LOW_Fr_MASTER_result\srv199\kit_frontier_runs_fpcamp_minfr~_RST.APRQ_10_0615.1-b8045de453-hk4sm33j_f9c006b4,no_digest,,,0,0,,
,c:\Users\USER\Desktop\CT&RPL\2_Project\KNF_LEU+ 시범연료봉 장전 인허가 과제\2026\2_계산\2_LP\LOW_Fr_MASTER_result\srv199\kit_frontier_runs_fpcamp_minfr~_RST.APRQ_10_0615.1-b8420c8436-c6dk94a0_c5adcf72,no_digest,,,0,0,,
,c:\Users\USER\Desktop\CT&RPL\2_Project\KNF_LEU+ 시범연료봉 장전 인허가 과제\2026\2_계산\2_LP\LOW_Fr_MASTER_result\srv199\kit_frontier_runs_fpcamp_minfr~_RST.APRQ_10_0615.1-b8644b72da-04hgt7a5_6ff901b6,no_digest,,,0,0,,
,c:\Users\USER\Desktop\CT&RPL\2_Project\KNF_LEU+ 시범연료봉 장전 인허가 과제\2026\2_계산\2_LP\LOW_Fr_MASTER_result\srv199\kit_frontier_runs_fpcamp_minfr~_RST.APRQ_10_0615.1-b8ea0f1d8b-t6q17sld_650c027e,no_digest,,,0,0,,
,c:\Users\USER\Desktop\CT&RPL\2_Project\KNF_LEU+ 시범연료봉 장전 인허가 과제\2026\2_계산\2_LP\LOW_Fr_MASTER_result\srv199\kit_frontier_runs_fpcamp_minfr~_RST.APRQ_10_0615.1-b9a0c999e4-xnndz9st_76697e85,no_digest,,,0,0,,
,c:\Users\USER\Desktop\CT&RPL\2_Project\KNF_LEU+ 시범연료봉 장전 인허가 과제\2026\2_계산\2_LP\LOW_Fr_MASTER_result\srv199\kit_frontier_runs_fpcamp_minfr~_RST.APRQ_10_0615.1-ba0c6cb186-o8vk1v0d_8c65ee38,no_digest,,,0,0,,
,c:\Users\USER\Desktop\CT&RPL\2_Project\KNF_LEU+ 시범연료봉 장전 인허가 과제\2026\2_계산\2_LP\LOW_Fr_MASTER_result\srv199\kit_frontier_runs_fpcamp_minfr~_RST.APRQ_10_0615.1-ba361f72f1-fczqr41e_fd2063fa,no_digest,,,0,0,,
,c:\Users\USER\Desktop\CT&RPL\2_Project\KNF_LEU+ 시범연료봉 장전 인허가 과제\2026\2_계산\2_LP\LOW_Fr_MASTER_result\srv199\kit_frontier_runs_fpcamp_minfr~_RST.APRQ_10_0615.1-baa5ecf4f8-l3jko8ij_b01fb10a,no_digest,,,0,0,,
,c:\Users\USER\Desktop\CT&RPL\2_Project\KNF_LEU+ 시범연료봉 장전 인허가 과제\2026\2_계산\2_LP\LOW_Fr_MASTER_result\srv199\kit_frontier_runs_fpcamp_minfr~_RST.APRQ_10_0615.1-bacee085c5-58flb3us_c143e0d8,no_digest,,,0,0,,
,c:\Users\USER\Desktop\CT&RPL\2_Project\KNF_LEU+ 시범연료봉 장전 인허가 과제\2026\2_계산\2_LP\LOW_Fr_MASTER_result\srv199\kit_frontier_runs_fpcamp_minfr~_RST.APRQ_10_0615.1-bae8b1c1da-wv6ehzsc_730f551c,no_digest,,,0,0,,
,c:\Users\USER\Desktop\CT&RPL\2_Project\KNF_LEU+ 시범연료봉 장전 인허가 과제\2026\2_계산\2_LP\LOW_Fr_MASTER_result\srv199\kit_frontier_runs_fpcamp_minfr~_RST.APRQ_10_0615.1-bb4f54cc1b-kyv4etay_eaabeb17,no_digest,,,0,0,,
,c:\Users\USER\Desktop\CT&RPL\2_Project\KNF_LEU+ 시범연료봉 장전 인허가 과제\2026\2_계산\2_LP\LOW_Fr_MASTER_result\srv199\kit_frontier_runs_fpcamp_minfr~_RST.APRQ_10_0615.1-bbf440d57e-454fq0uu_e13215df,no_digest,,,0,0,,
,c:\Users\USER\Desktop\CT&RPL\2_Project\KNF_LEU+ 시범연료봉 장전 인허가 과제\2026\2_계산\2_LP\LOW_Fr_MASTER_result\srv199\kit_frontier_runs_fpcamp_minfr~_RST.APRQ_10_0615.1-bc2f1d6a98-k6jbqbw5_ff9586a5,no_digest,,,0,0,,
,c:\Users\USER\Desktop\CT&RPL\2_Project\KNF_LEU+ 시범연료봉 장전 인허가 과제\2026\2_계산\2_LP\LOW_Fr_MASTER_result\srv199\kit_frontier_runs_fpcamp_minfr~_RST.APRQ_10_0615.1-bccb96f9c0-t1yi_vbz_4ce93260,no_digest,,,0,0,,
,c:\Users\USER\Desktop\CT&RPL\2_Project\KNF_LEU+ 시범연료봉 장전 인허가 과제\2026\2_계산\2_LP\LOW_Fr_MASTER_result\srv199\kit_frontier_runs_fpcamp_minfr~_RST.APRQ_10_0615.1-bcd4785c67-2wy88joe_b31cfaf6,no_digest,,,0,0,,
,c:\Users\USER\Desktop\CT&RPL\2_Project\KNF_LEU+ 시범연료봉 장전 인허가 과제\2026\2_계산\2_LP\LOW_Fr_MASTER_result\srv199\kit_frontier_runs_fpcamp_minfr~_RST.APRQ_10_0615.1-bd6c7ea669-456c70qz_8baeddf6,no_digest,,,0,0,,
,c:\Users\USER\Desktop\CT&RPL\2_Project\KNF_LEU+ 시범연료봉 장전 인허가 과제\2026\2_계산\2_LP\LOW_Fr_MASTER_result\srv199\kit_frontier_runs_fpcamp_minfr~_RST.APRQ_10_0615.1-be04f321de-ud1m_1ja_615999af,no_digest,,,0,0,,
,c:\Users\USER\Desktop\CT&RPL\2_Project\KNF_LEU+ 시범연료봉 장전 인허가 과제\2026\2_계산\2_LP\LOW_Fr_MASTER_result\srv199\kit_frontier_runs_fpcamp_minfr~_RST.APRQ_10_0615.1-be3861d8f4-7rjbm6c8_c8f6f7e7,no_digest,,,0,0,,
,c:\Users\USER\Desktop\CT&RPL\2_Project\KNF_LEU+ 시범연료봉 장전 인허가 과제\2026\2_계산\2_LP\LOW_Fr_MASTER_result\srv199\kit_frontier_runs_fpcamp_minfr~_RST.APRQ_10_0615.1-bebbbb3fa5-1d673d8x_9233571c,no_digest,,,0,0,,
,c:\Users\USER\Desktop\CT&RPL\2_Project\KNF_LEU+ 시범연료봉 장전 인허가 과제\2026\2_계산\2_LP\LOW_Fr_MASTER_result\srv199\kit_frontier_runs_fpcamp_minfr~_RST.APRQ_10_0615.1-bf13f94377-40ztj3ib_8539a498,no_digest,,,0,0,,
,c:\Users\USER\Desktop\CT&RPL\2_Project\KNF_LEU+ 시범연료봉 장전 인허가 과제\2026\2_계산\2_LP\LOW_Fr_MASTER_result\srv199\kit_frontier_runs_fpcamp_minfr~_RST.APRQ_10_0615.1-bfbbe41606-s6c6bjyt_17fc95b6,no_digest,,,0,0,,
,c:\Users\USER\Desktop\CT&RPL\2_Project\KNF_LEU+ 시범연료봉 장전 인허가 과제\2026\2_계산\2_LP\LOW_Fr_MASTER_result\srv199\kit_frontier_runs_fpcamp_minfr~_RST.APRQ_10_0615.1-c02f44d9aa-0dvz4q1t_2fc645fa,no_digest,,,0,0,,
,c:\Users\USER\Desktop\CT&RPL\2_Project\KNF_LEU+ 시범연료봉 장전 인허가 과제\2026\2_계산\2_LP\LOW_Fr_MASTER_result\srv199\kit_frontier_runs_fpcamp_minfr~_RST.APRQ_10_0615.1-c0aef95533-i8xugto4_6fe369d1,no_digest,,,0,0,,
,c:\Users\USER\Desktop\CT&RPL\2_Project\KNF_LEU+ 시범연료봉 장전 인허가 과제\2026\2_계산\2_LP\LOW_Fr_MASTER_result\srv199\kit_frontier_runs_fpcamp_minfr~_RST.APRQ_10_0615.1-c0baadcf98-4csros0b_91c6d3aa,no_digest,,,0,0,,
,c:\Users\USER\Desktop\CT&RPL\2_Project\KNF_LEU+ 시범연료봉 장전 인허가 과제\2026\2_계산\2_LP\LOW_Fr_MASTER_result\srv199\kit_frontier_runs_fpcamp_minfr~_RST.APRQ_10_0615.1-c14a9535a8-edrdfcu3_8f3d2e8a,no_digest,,,0,0,,
,c:\Users\USER\Desktop\CT&RPL\2_Project\KNF_LEU+ 시범연료봉 장전 인허가 과제\2026\2_계산\2_LP\LOW_Fr_MASTER_result\srv199\kit_frontier_runs_fpcamp_minfr~_RST.APRQ_10_0615.1-c1bc381b42-ri24cqc9_153413e5,no_digest,,,0,0,,
,c:\Users\USER\Desktop\CT&RPL\2_Project\KNF_LEU+ 시범연료봉 장전 인허가 과제\2026\2_계산\2_LP\LOW_Fr_MASTER_result\srv199\kit_frontier_runs_fpcamp_minfr~_RST.APRQ_10_0615.1-c2025e1438-es4z_3pe_ab6d8153,no_digest,,,0,0,,
,c:\Users\USER\Desktop\CT&RPL\2_Project\KNF_LEU+ 시범연료봉 장전 인허가 과제\2026\2_계산\2_LP\LOW_Fr_MASTER_result\srv199\kit_frontier_runs_fpcamp_minfr~_RST.APRQ_10_0615.1-c348d711d1-f2d49nzz_87e38dcd,no_digest,,,0,0,,
,c:\Users\USER\Desktop\CT&RPL\2_Project\KNF_LEU+ 시범연료봉 장전 인허가 과제\2026\2_계산\2_LP\LOW_Fr_MASTER_result\srv199\kit_frontier_runs_fpcamp_minfr~_RST.APRQ_10_0615.1-c46a6fa0d9-w6r_1wws_3de63fb6,no_digest,,,0,0,,
,c:\Users\USER\Desktop\CT&RPL\2_Project\KNF_LEU+ 시범연료봉 장전 인허가 과제\2026\2_계산\2_LP\LOW_Fr_MASTER_result\srv199\kit_frontier_runs_fpcamp_minfr~_RST.APRQ_10_0615.1-c4931463b2-yia0ubxi_d3c3f4a8,no_digest,,,0,0,,
,c:\Users\USER\Desktop\CT&RPL\2_Project\KNF_LEU+ 시범연료봉 장전 인허가 과제\2026\2_계산\2_LP\LOW_Fr_MASTER_result\srv199\kit_frontier_runs_fpcamp_minfr~_RST.APRQ_10_0615.1-c4a9c63989-ir3k6onr_3aec94d0,no_digest,,,0,0,,
,c:\Users\USER\Desktop\CT&RPL\2_Project\KNF_LEU+ 시범연료봉 장전 인허가 과제\2026\2_계산\2_LP\LOW_Fr_MASTER_result\srv199\kit_frontier_runs_fpcamp_minfr~_RST.APRQ_10_0615.1-c4cf4b7f29-pmq7m6md_376edbdf,no_digest,,,0,0,,
,c:\Users\USER\Desktop\CT&RPL\2_Project\KNF_LEU+ 시범연료봉 장전 인허가 과제\2026\2_계산\2_LP\LOW_Fr_MASTER_result\srv199\kit_frontier_runs_fpcamp_minfr~_RST.APRQ_10_0615.1-c4dd9909a9-6v6zovjt_1c2f67ba,no_mas_sum,,,0,0,,
,c:\Users\USER\Desktop\CT&RPL\2_Project\KNF_LEU+ 시범연료봉 장전 인허가 과제\2026\2_계산\2_LP\LOW_Fr_MASTER_result\srv199\kit_frontier_runs_fpcamp_minfr~_RST.APRQ_10_0615.1-c4e14b8156-npr0juy0_96dbd62e,no_digest,,,0,0,,
,c:\Users\USER\Desktop\CT&RPL\2_Project\KNF_LEU+ 시범연료봉 장전 인허가 과제\2026\2_계산\2_LP\LOW_Fr_MASTER_result\srv199\kit_frontier_runs_fpcamp_minfr~_RST.APRQ_10_0615.1-c54a8759cb-ou2yxz8d_0f6250ae,no_digest,,,0,0,,
,c:\Users\USER\Desktop\CT&RPL\2_Project\KNF_LEU+ 시범연료봉 장전 인허가 과제\2026\2_계산\2_LP\LOW_Fr_MASTER_result\srv199\kit_frontier_runs_fpcamp_minfr~_RST.APRQ_10_0615.1-c636619866-3gbcvl43_c2bb61cc,no_digest,,,0,0,,
,c:\Users\USER\Desktop\CT&RPL\2_Project\KNF_LEU+ 시범연료봉 장전 인허가 과제\2026\2_계산\2_LP\LOW_Fr_MASTER_result\srv199\kit_frontier_runs_fpcamp_minfr~_RST.APRQ_10_0615.1-c72d6ca82f-27kn_dq1_45256bf6,no_digest,,,0,0,,
,c:\Users\USER\Desktop\CT&RPL\2_Project\KNF_LEU+ 시범연료봉 장전 인허가 과제\2026\2_계산\2_LP\LOW_Fr_MASTER_result\srv199\kit_frontier_runs_fpcamp_minfr~_RST.APRQ_10_0615.1-c81fc4c213-4bvjrsvh_e9bbc933,no_digest,,,0,0,,
,c:\Users\USER\Desktop\CT&RPL\2_Project\KNF_LEU+ 시범연료봉 장전 인허가 과제\2026\2_계산\2_LP\LOW_Fr_MASTER_result\srv199\kit_frontier_runs_fpcamp_minfr~_RST.APRQ_10_0615.1-c8f799e47a-4_jxk7i9_baf18927,no_digest,,,0,0,,
,c:\Users\USER\Desktop\CT&RPL\2_Project\KNF_LEU+ 시범연료봉 장전 인허가 과제\2026\2_계산\2_LP\LOW_Fr_MASTER_result\srv199\kit_frontier_runs_fpcamp_minfr~_RST.APRQ_10_0615.1-c9a6a27141-gn7s7el8_2cb62ccc,no_digest,,,0,0,,
,c:\Users\USER\Desktop\CT&RPL\2_Project\KNF_LEU+ 시범연료봉 장전 인허가 과제\2026\2_계산\2_LP\LOW_Fr_MASTER_result\srv199\kit_frontier_runs_fpcamp_minfr~_RST.APRQ_10_0615.1-cca77cde1a-k1p26wck_c002ea50,no_digest,,,0,0,,
,c:\Users\USER\Desktop\CT&RPL\2_Project\KNF_LEU+ 시범연료봉 장전 인허가 과제\2026\2_계산\2_LP\LOW_Fr_MASTER_result\srv199\kit_frontier_runs_fpcamp_minfr~_RST.APRQ_10_0615.1-ccad9d62e6-e5g1elez_20ada85b,no_digest,,,0,0,,
,c:\Users\USER\Desktop\CT&RPL\2_Project\KNF_LEU+ 시범연료봉 장전 인허가 과제\2026\2_계산\2_LP\LOW_Fr_MASTER_result\srv199\kit_frontier_runs_fpcamp_minfr~_RST.APRQ_10_0615.1-ccc26c00e8-73os9qgu_bfac5267,no_digest,,,0,0,,
,c:\Users\USER\Desktop\CT&RPL\2_Project\KNF_LEU+ 시범연료봉 장전 인허가 과제\2026\2_계산\2_LP\LOW_Fr_MASTER_result\srv199\kit_frontier_runs_fpcamp_minfr~_RST.APRQ_10_0615.1-cd0491ee65-6ob4kc1e_74db83f3,no_digest,,,0,0,,
,c:\Users\USER\Desktop\CT&RPL\2_Project\KNF_LEU+ 시범연료봉 장전 인허가 과제\2026\2_계산\2_LP\LOW_Fr_MASTER_result\srv199\kit_frontier_runs_fpcamp_minfr~_RST.APRQ_10_0615.1-cd70e239f1-krbgb7n7_a75ac67b,no_digest,,,0,0,,
,c:\Users\USER\Desktop\CT&RPL\2_Project\KNF_LEU+ 시범연료봉 장전 인허가 과제\2026\2_계산\2_LP\LOW_Fr_MASTER_result\srv199\kit_frontier_runs_fpcamp_minfr~_RST.APRQ_10_0615.1-cde07527f6-xb20j56b_cd11cecb,no_mas_sum,,,0,0,,
,c:\Users\USER\Desktop\CT&RPL\2_Project\KNF_LEU+ 시범연료봉 장전 인허가 과제\2026\2_계산\2_LP\LOW_Fr_MASTER_result\srv199\kit_frontier_runs_fpcamp_minfr~_RST.APRQ_10_0615.1-ce1cc166c6-fyss76oe_4525c5e8,no_digest,,,0,0,,
,c:\Users\USER\Desktop\CT&RPL\2_Project\KNF_LEU+ 시범연료봉 장전 인허가 과제\2026\2_계산\2_LP\LOW_Fr_MASTER_result\srv199\kit_frontier_runs_fpcamp_minfr~_RST.APRQ_10_0615.1-cecfcb4a62-xiql7j09_0a519196,no_digest,,,0,0,,
,c:\Users\USER\Desktop\CT&RPL\2_Project\KNF_LEU+ 시범연료봉 장전 인허가 과제\2026\2_계산\2_LP\LOW_Fr_MASTER_result\srv199\kit_frontier_runs_fpcamp_minfr~_RST.APRQ_10_0615.1-cf66002488-01su_nii_7cf76dda,no_digest,,,0,0,,
,c:\Users\USER\Desktop\CT&RPL\2_Project\KNF_LEU+ 시범연료봉 장전 인허가 과제\2026\2_계산\2_LP\LOW_Fr_MASTER_result\srv199\kit_frontier_runs_fpcamp_minfr~_RST.APRQ_10_0615.1-d0410f3f41-abb2rfbg_88d1021c,no_mas_sum,,,0,0,,
,c:\Users\USER\Desktop\CT&RPL\2_Project\KNF_LEU+ 시범연료봉 장전 인허가 과제\2026\2_계산\2_LP\LOW_Fr_MASTER_result\srv199\kit_frontier_runs_fpcamp_minfr~_RST.APRQ_10_0615.1-d09c726691-2ervun_q_01d60b77,no_digest,,,0,0,,
,c:\Users\USER\Desktop\CT&RPL\2_Project\KNF_LEU+ 시범연료봉 장전 인허가 과제\2026\2_계산\2_LP\LOW_Fr_MASTER_result\srv199\kit_frontier_runs_fpcamp_minfr~_RST.APRQ_10_0615.1-d0d28a9a53-wp0dm3c4_664d7e71,no_digest,,,0,0,,
,c:\Users\USER\Desktop\CT&RPL\2_Project\KNF_LEU+ 시범연료봉 장전 인허가 과제\2026\2_계산\2_LP\LOW_Fr_MASTER_result\srv199\kit_frontier_runs_fpcamp_minfr~_RST.APRQ_10_0615.1-d1a9b2ffe8-1aunqyo4_a7c7db72,no_digest,,,0,0,,
,c:\Users\USER\Desktop\CT&RPL\2_Project\KNF_LEU+ 시범연료봉 장전 인허가 과제\2026\2_계산\2_LP\LOW_Fr_MASTER_result\srv199\kit_frontier_runs_fpcamp_minfr~_RST.APRQ_10_0615.1-d1ac361c91-ff54nfs2_10956d68,no_digest,,,0,0,,
,c:\Users\USER\Desktop\CT&RPL\2_Project\KNF_LEU+ 시범연료봉 장전 인허가 과제\2026\2_계산\2_LP\LOW_Fr_MASTER_result\srv199\kit_frontier_runs_fpcamp_minfr~_RST.APRQ_10_0615.1-d2a85bdd93-e50epq_6_3a056a23,no_digest,,,0,0,,
,c:\Users\USER\Desktop\CT&RPL\2_Project\KNF_LEU+ 시범연료봉 장전 인허가 과제\2026\2_계산\2_LP\LOW_Fr_MASTER_result\srv199\kit_frontier_runs_fpcamp_minfr~_RST.APRQ_10_0615.1-d2cbb3a5a1-_tzxis00_e627a41f,no_digest,,,0,0,,
,c:\Users\USER\Desktop\CT&RPL\2_Project\KNF_LEU+ 시범연료봉 장전 인허가 과제\2026\2_계산\2_LP\LOW_Fr_MASTER_result\srv199\kit_frontier_runs_fpcamp_minfr~_RST.APRQ_10_0615.1-d33dc5bb01-18wm9jxe_f6e8047f,no_digest,,,0,0,,
,c:\Users\USER\Desktop\CT&RPL\2_Project\KNF_LEU+ 시범연료봉 장전 인허가 과제\2026\2_계산\2_LP\LOW_Fr_MASTER_result\srv199\kit_frontier_runs_fpcamp_minfr~_RST.APRQ_10_0615.1-d346c2cc9f-74f5o6z0_0eeb26cf,no_digest,,,0,0,,
,c:\Users\USER\Desktop\CT&RPL\2_Project\KNF_LEU+ 시범연료봉 장전 인허가 과제\2026\2_계산\2_LP\LOW_Fr_MASTER_result\srv199\kit_frontier_runs_fpcamp_minfr~_RST.APRQ_10_0615.1-d40d7ef6d2-2wvudvdu_467cf1c6,no_digest,,,0,0,,
,c:\Users\USER\Desktop\CT&RPL\2_Project\KNF_LEU+ 시범연료봉 장전 인허가 과제\2026\2_계산\2_LP\LOW_Fr_MASTER_result\srv199\kit_frontier_runs_fpcamp_minfr~_RST.APRQ_10_0615.1-d4a1663e2c-8r3coldl_4f599d52,no_digest,,,0,0,,
,c:\Users\USER\Desktop\CT&RPL\2_Project\KNF_LEU+ 시범연료봉 장전 인허가 과제\2026\2_계산\2_LP\LOW_Fr_MASTER_result\srv199\kit_frontier_runs_fpcamp_minfr~_RST.APRQ_10_0615.1-d4fb9511e2-ikgwzha6_7e0fb1e5,no_digest,,,0,0,,
,c:\Users\USER\Desktop\CT&RPL\2_Project\KNF_LEU+ 시범연료봉 장전 인허가 과제\2026\2_계산\2_LP\LOW_Fr_MASTER_result\srv199\kit_frontier_runs_fpcamp_minfr~_RST.APRQ_10_0615.1-d542af2339-1_b2phkn_7e2a6ea8,no_digest,,,0,0,,
,c:\Users\USER\Desktop\CT&RPL\2_Project\KNF_LEU+ 시범연료봉 장전 인허가 과제\2026\2_계산\2_LP\LOW_Fr_MASTER_result\srv199\kit_frontier_runs_fpcamp_minfr~_RST.APRQ_10_0615.1-d5cda1b311-drchuoco_908140e6,no_digest,,,0,0,,
,c:\Users\USER\Desktop\CT&RPL\2_Project\KNF_LEU+ 시범연료봉 장전 인허가 과제\2026\2_계산\2_LP\LOW_Fr_MASTER_result\srv199\kit_frontier_runs_fpcamp_minfr~_RST.APRQ_10_0615.1-d613ed1d52-ddzs7koh_674e3d39,no_digest,,,0,0,,
,c:\Users\USER\Desktop\CT&RPL\2_Project\KNF_LEU+ 시범연료봉 장전 인허가 과제\2026\2_계산\2_LP\LOW_Fr_MASTER_result\srv199\kit_frontier_runs_fpcamp_minfr~_RST.APRQ_10_0615.1-d7a068a30f-swxs1whj_fa1c2ca3,no_digest,,,0,0,,
,c:\Users\USER\Desktop\CT&RPL\2_Project\KNF_LEU+ 시범연료봉 장전 인허가 과제\2026\2_계산\2_LP\LOW_Fr_MASTER_result\srv199\kit_frontier_runs_fpcamp_minfr~_RST.APRQ_10_0615.1-d8933d14f8-wu6cvamc_e7f6c95f,no_digest,,,0,0,,
,c:\Users\USER\Desktop\CT&RPL\2_Project\KNF_LEU+ 시범연료봉 장전 인허가 과제\2026\2_계산\2_LP\LOW_Fr_MASTER_result\srv199\kit_frontier_runs_fpcamp_minfr~_RST.APRQ_10_0615.1-d8fa27ae15-1pk3qcok_f14a1ecd,no_digest,,,0,0,,
,c:\Users\USER\Desktop\CT&RPL\2_Project\KNF_LEU+ 시범연료봉 장전 인허가 과제\2026\2_계산\2_LP\LOW_Fr_MASTER_result\srv199\kit_frontier_runs_fpcamp_minfr~_RST.APRQ_10_0615.1-d9308547b3-llag8wju_5245e4d9,no_digest,,,0,0,,
,c:\Users\USER\Desktop\CT&RPL\2_Project\KNF_LEU+ 시범연료봉 장전 인허가 과제\2026\2_계산\2_LP\LOW_Fr_MASTER_result\srv199\kit_frontier_runs_fpcamp_minfr~_RST.APRQ_10_0615.1-d990d47a54-q4v_1br7_649b7516,no_digest,,,0,0,,
,c:\Users\USER\Desktop\CT&RPL\2_Project\KNF_LEU+ 시범연료봉 장전 인허가 과제\2026\2_계산\2_LP\LOW_Fr_MASTER_result\srv199\kit_frontier_runs_fpcamp_minfr~_RST.APRQ_10_0615.1-d99eb0fe9c-2efhwy93_5ddbb166,no_digest,,,0,0,,
,c:\Users\USER\Desktop\CT&RPL\2_Project\KNF_LEU+ 시범연료봉 장전 인허가 과제\2026\2_계산\2_LP\LOW_Fr_MASTER_result\srv199\kit_frontier_runs_fpcamp_minfr~_RST.APRQ_10_0615.1-da0d0fd217-cvlupfmb_eddd80dd,no_digest,,,0,0,,
,c:\Users\USER\Desktop\CT&RPL\2_Project\KNF_LEU+ 시범연료봉 장전 인허가 과제\2026\2_계산\2_LP\LOW_Fr_MASTER_result\srv199\kit_frontier_runs_fpcamp_minfr~_RST.APRQ_10_0615.1-da23405ace-w62geqav_90c27435,no_digest,,,0,0,,
,c:\Users\USER\Desktop\CT&RPL\2_Project\KNF_LEU+ 시범연료봉 장전 인허가 과제\2026\2_계산\2_LP\LOW_Fr_MASTER_result\srv199\kit_frontier_runs_fpcamp_minfr~_RST.APRQ_10_0615.1-daedf50284-36e5l5gb_da79fee4,no_mas_sum,,,0,0,,
,c:\Users\USER\Desktop\CT&RPL\2_Project\KNF_LEU+ 시범연료봉 장전 인허가 과제\2026\2_계산\2_LP\LOW_Fr_MASTER_result\srv199\kit_frontier_runs_fpcamp_minfr~_RST.APRQ_10_0615.1-db71486e83-rpvo0xin_6f1c6e8b,no_digest,,,0,0,,
,c:\Users\USER\Desktop\CT&RPL\2_Project\KNF_LEU+ 시범연료봉 장전 인허가 과제\2026\2_계산\2_LP\LOW_Fr_MASTER_result\srv199\kit_frontier_runs_fpcamp_minfr~_RST.APRQ_10_0615.1-db9b7e48b0-32da3kew_a9fc6a67,no_digest,,,0,0,,
,c:\Users\USER\Desktop\CT&RPL\2_Project\KNF_LEU+ 시범연료봉 장전 인허가 과제\2026\2_계산\2_LP\LOW_Fr_MASTER_result\srv199\kit_frontier_runs_fpcamp_minfr~_RST.APRQ_10_0615.1-dc3e633de8-tsllh35z_31efb093,no_digest,,,0,0,,
,c:\Users\USER\Desktop\CT&RPL\2_Project\KNF_LEU+ 시범연료봉 장전 인허가 과제\2026\2_계산\2_LP\LOW_Fr_MASTER_result\srv199\kit_frontier_runs_fpcamp_minfr~_RST.APRQ_10_0615.1-dc94a566fa-60oaxdn2_186a35cc,no_digest,,,0,0,,
,c:\Users\USER\Desktop\CT&RPL\2_Project\KNF_LEU+ 시범연료봉 장전 인허가 과제\2026\2_계산\2_LP\LOW_Fr_MASTER_result\srv199\kit_frontier_runs_fpcamp_minfr~_RST.APRQ_10_0615.1-dd014c1af7-03nmr8xs_2ced1122,no_digest,,,0,0,,
,c:\Users\USER\Desktop\CT&RPL\2_Project\KNF_LEU+ 시범연료봉 장전 인허가 과제\2026\2_계산\2_LP\LOW_Fr_MASTER_result\srv199\kit_frontier_runs_fpcamp_minfr~_RST.APRQ_10_0615.1-dd3d91a6d1-mb098jbz_9bb5fcc6,no_digest,,,0,0,,
,c:\Users\USER\Desktop\CT&RPL\2_Project\KNF_LEU+ 시범연료봉 장전 인허가 과제\2026\2_계산\2_LP\LOW_Fr_MASTER_result\srv199\kit_frontier_runs_fpcamp_minfr~_RST.APRQ_10_0615.1-de23c85c6b-xyyka_ch_affa61b5,no_digest,,,0,0,,
,c:\Users\USER\Desktop\CT&RPL\2_Project\KNF_LEU+ 시범연료봉 장전 인허가 과제\2026\2_계산\2_LP\LOW_Fr_MASTER_result\srv199\kit_frontier_runs_fpcamp_minfr~_RST.APRQ_10_0615.1-de2f4231ad-qnrqlqsw_dbe132a1,no_mas_sum,,,0,0,,
,c:\Users\USER\Desktop\CT&RPL\2_Project\KNF_LEU+ 시범연료봉 장전 인허가 과제\2026\2_계산\2_LP\LOW_Fr_MASTER_result\srv199\kit_frontier_runs_fpcamp_minfr~_RST.APRQ_10_0615.1-df3f608d57-64e56s8l_6fbfa442,no_digest,,,0,0,,
,c:\Users\USER\Desktop\CT&RPL\2_Project\KNF_LEU+ 시범연료봉 장전 인허가 과제\2026\2_계산\2_LP\LOW_Fr_MASTER_result\srv199\kit_frontier_runs_fpcamp_minfr~_RST.APRQ_10_0615.1-e093942fb4-vem1hyyo_e68bcb29,no_digest,,,0,0,,
,c:\Users\USER\Desktop\CT&RPL\2_Project\KNF_LEU+ 시범연료봉 장전 인허가 과제\2026\2_계산\2_LP\LOW_Fr_MASTER_result\srv199\kit_frontier_runs_fpcamp_minfr~_RST.APRQ_10_0615.1-e0ba06adfc-qzgr28fj_39da1324,no_digest,,,0,0,,
,c:\Users\USER\Desktop\CT&RPL\2_Project\KNF_LEU+ 시범연료봉 장전 인허가 과제\2026\2_계산\2_LP\LOW_Fr_MASTER_result\srv199\kit_frontier_runs_fpcamp_minfr~_RST.APRQ_10_0615.1-e0dc4cefbe-womwh3jg_e291e71d,no_digest,,,0,0,,
,c:\Users\USER\Desktop\CT&RPL\2_Project\KNF_LEU+ 시범연료봉 장전 인허가 과제\2026\2_계산\2_LP\LOW_Fr_MASTER_result\srv199\kit_frontier_runs_fpcamp_minfr~_RST.APRQ_10_0615.1-e21d9e4958-mjc7o_z6_f6d882a3,no_digest,,,0,0,,
,c:\Users\USER\Desktop\CT&RPL\2_Project\KNF_LEU+ 시범연료봉 장전 인허가 과제\2026\2_계산\2_LP\LOW_Fr_MASTER_result\srv199\kit_frontier_runs_fpcamp_minfr~_RST.APRQ_10_0615.1-e21f4efbb2-ecwl94xa_47ad41eb,no_digest,,,0,0,,
,c:\Users\USER\Desktop\CT&RPL\2_Project\KNF_LEU+ 시범연료봉 장전 인허가 과제\2026\2_계산\2_LP\LOW_Fr_MASTER_result\srv199\kit_frontier_runs_fpcamp_minfr~_RST.APRQ_10_0615.1-e224b96dd1-e8yc1_ww_a076fe70,no_digest,,,0,0,,
,c:\Users\USER\Desktop\CT&RPL\2_Project\KNF_LEU+ 시범연료봉 장전 인허가 과제\2026\2_계산\2_LP\LOW_Fr_MASTER_result\srv199\kit_frontier_runs_fpcamp_minfr~_RST.APRQ_10_0615.1-e280e5d4bb-f7ujbu04_c1d48d78,no_digest,,,0,0,,
,c:\Users\USER\Desktop\CT&RPL\2_Project\KNF_LEU+ 시범연료봉 장전 인허가 과제\2026\2_계산\2_LP\LOW_Fr_MASTER_result\srv199\kit_frontier_runs_fpcamp_minfr~_RST.APRQ_10_0615.1-e28e510552-wjlwcd2l_bc40be37,no_digest,,,0,0,,
,c:\Users\USER\Desktop\CT&RPL\2_Project\KNF_LEU+ 시범연료봉 장전 인허가 과제\2026\2_계산\2_LP\LOW_Fr_MASTER_result\srv199\kit_frontier_runs_fpcamp_minfr~_RST.APRQ_10_0615.1-e39a0c8efb-qdgq6wu9_86c56333,no_digest,,,0,0,,
,c:\Users\USER\Desktop\CT&RPL\2_Project\KNF_LEU+ 시범연료봉 장전 인허가 과제\2026\2_계산\2_LP\LOW_Fr_MASTER_result\srv199\kit_frontier_runs_fpcamp_minfr~_RST.APRQ_10_0615.1-e3b1643e78-4fp_8j4j_8bedf818,no_digest,,,0,0,,
,c:\Users\USER\Desktop\CT&RPL\2_Project\KNF_LEU+ 시범연료봉 장전 인허가 과제\2026\2_계산\2_LP\LOW_Fr_MASTER_result\srv199\kit_frontier_runs_fpcamp_minfr~_RST.APRQ_10_0615.1-e3e9637767-v_8saq81_c42fe980,no_digest,,,0,0,,
,c:\Users\USER\Desktop\CT&RPL\2_Project\KNF_LEU+ 시범연료봉 장전 인허가 과제\2026\2_계산\2_LP\LOW_Fr_MASTER_result\srv199\kit_frontier_runs_fpcamp_minfr~_RST.APRQ_10_0615.1-e3ea73740e-2gzz8_3n_a7982c14,no_digest,,,0,0,,
,c:\Users\USER\Desktop\CT&RPL\2_Project\KNF_LEU+ 시범연료봉 장전 인허가 과제\2026\2_계산\2_LP\LOW_Fr_MASTER_result\srv199\kit_frontier_runs_fpcamp_minfr~_RST.APRQ_10_0615.1-e411dc7a3e-4hoibq3a_806dacb6,no_digest,,,0,0,,
,c:\Users\USER\Desktop\CT&RPL\2_Project\KNF_LEU+ 시범연료봉 장전 인허가 과제\2026\2_계산\2_LP\LOW_Fr_MASTER_result\srv199\kit_frontier_runs_fpcamp_minfr~_RST.APRQ_10_0615.1-e4282cc95f-fy6lqci4_41ac58a7,no_digest,,,0,0,,
,c:\Users\USER\Desktop\CT&RPL\2_Project\KNF_LEU+ 시범연료봉 장전 인허가 과제\2026\2_계산\2_LP\LOW_Fr_MASTER_result\srv199\kit_frontier_runs_fpcamp_minfr~_RST.APRQ_10_0615.1-e429955d22-12dwa78a_f95ec297,no_digest,,,0,0,,
,c:\Users\USER\Desktop\CT&RPL\2_Project\KNF_LEU+ 시범연료봉 장전 인허가 과제\2026\2_계산\2_LP\LOW_Fr_MASTER_result\srv199\kit_frontier_runs_fpcamp_minfr~_RST.APRQ_10_0615.1-e4c0e3cd6d-_w2m9szh_34e4061e,no_digest,,,0,0,,
,c:\Users\USER\Desktop\CT&RPL\2_Project\KNF_LEU+ 시범연료봉 장전 인허가 과제\2026\2_계산\2_LP\LOW_Fr_MASTER_result\srv199\kit_frontier_runs_fpcamp_minfr~_RST.APRQ_10_0615.1-e510371d87-0k0ab0_w_ed0d1a89,no_digest,,,0,0,,
,c:\Users\USER\Desktop\CT&RPL\2_Project\KNF_LEU+ 시범연료봉 장전 인허가 과제\2026\2_계산\2_LP\LOW_Fr_MASTER_result\srv199\kit_frontier_runs_fpcamp_minfr~_RST.APRQ_10_0615.1-e56ff816ea-zbi4il6q_b1d9c6e3,no_digest,,,0,0,,
,c:\Users\USER\Desktop\CT&RPL\2_Project\KNF_LEU+ 시범연료봉 장전 인허가 과제\2026\2_계산\2_LP\LOW_Fr_MASTER_result\srv199\kit_frontier_runs_fpcamp_minfr~_RST.APRQ_10_0615.1-e631061228-y0sq0l95_36ff47f9,no_digest,,,0,0,,
,c:\Users\USER\Desktop\CT&RPL\2_Project\KNF_LEU+ 시범연료봉 장전 인허가 과제\2026\2_계산\2_LP\LOW_Fr_MASTER_result\srv199\kit_frontier_runs_fpcamp_minfr~_RST.APRQ_10_0615.1-e669f2f2b7-pue5q_hq_ea3cd5c1,no_digest,,,0,0,,
,c:\Users\USER\Desktop\CT&RPL\2_Project\KNF_LEU+ 시범연료봉 장전 인허가 과제\2026\2_계산\2_LP\LOW_Fr_MASTER_result\srv199\kit_frontier_runs_fpcamp_minfr~_RST.APRQ_10_0615.1-e7cc41ebf8-vdct9_4u_469e416f,no_digest,,,0,0,,
,c:\Users\USER\Desktop\CT&RPL\2_Project\KNF_LEU+ 시범연료봉 장전 인허가 과제\2026\2_계산\2_LP\LOW_Fr_MASTER_result\srv199\kit_frontier_runs_fpcamp_minfr~_RST.APRQ_10_0615.1-e7f357973e-jjtyrctz_c139a77c,no_digest,,,0,0,,
,c:\Users\USER\Desktop\CT&RPL\2_Project\KNF_LEU+ 시범연료봉 장전 인허가 과제\2026\2_계산\2_LP\LOW_Fr_MASTER_result\srv199\kit_frontier_runs_fpcamp_minfr~_RST.APRQ_10_0615.1-e85bcc7a99-hmc63xqk_acf8a8f3,no_digest,,,0,0,,
,c:\Users\USER\Desktop\CT&RPL\2_Project\KNF_LEU+ 시범연료봉 장전 인허가 과제\2026\2_계산\2_LP\LOW_Fr_MASTER_result\srv199\kit_frontier_runs_fpcamp_minfr~_RST.APRQ_10_0615.1-e91bf76bc8-ua39m8ta_0fffabab,no_digest,,,0,0,,
,c:\Users\USER\Desktop\CT&RPL\2_Project\KNF_LEU+ 시범연료봉 장전 인허가 과제\2026\2_계산\2_LP\LOW_Fr_MASTER_result\srv199\kit_frontier_runs_fpcamp_minfr~_RST.APRQ_10_0615.1-e930f60dc8-44jvrpm9_10cf8fac,no_digest,,,0,0,,
,c:\Users\USER\Desktop\CT&RPL\2_Project\KNF_LEU+ 시범연료봉 장전 인허가 과제\2026\2_계산\2_LP\LOW_Fr_MASTER_result\srv199\kit_frontier_runs_fpcamp_minfr~_RST.APRQ_10_0615.1-e93efedb7b-91x9o87a_d1a1d10c,no_digest,,,0,0,,
,c:\Users\USER\Desktop\CT&RPL\2_Project\KNF_LEU+ 시범연료봉 장전 인허가 과제\2026\2_계산\2_LP\LOW_Fr_MASTER_result\srv199\kit_frontier_runs_fpcamp_minfr~_RST.APRQ_10_0615.1-e9ac5f5dc5-16ol0yc4_99677dab,no_digest,,,0,0,,
,c:\Users\USER\Desktop\CT&RPL\2_Project\KNF_LEU+ 시범연료봉 장전 인허가 과제\2026\2_계산\2_LP\LOW_Fr_MASTER_result\srv199\kit_frontier_runs_fpcamp_minfr~_RST.APRQ_10_0615.1-e9ba463336-985btx3n_f8f5a2d1,no_digest,,,0,0,,
,c:\Users\USER\Desktop\CT&RPL\2_Project\KNF_LEU+ 시범연료봉 장전 인허가 과제\2026\2_계산\2_LP\LOW_Fr_MASTER_result\srv199\kit_frontier_runs_fpcamp_minfr~_RST.APRQ_10_0615.1-ea0e8b6c5d-377qrjqf_ebf66a0c,no_digest,,,0,0,,
,c:\Users\USER\Desktop\CT&RPL\2_Project\KNF_LEU+ 시범연료봉 장전 인허가 과제\2026\2_계산\2_LP\LOW_Fr_MASTER_result\srv199\kit_frontier_runs_fpcamp_minfr~_RST.APRQ_10_0615.1-eb902ff2c7-35ydec_4_a0a59f0f,no_digest,,,0,0,,
,c:\Users\USER\Desktop\CT&RPL\2_Project\KNF_LEU+ 시범연료봉 장전 인허가 과제\2026\2_계산\2_LP\LOW_Fr_MASTER_result\srv199\kit_frontier_runs_fpcamp_minfr~_RST.APRQ_10_0615.1-ebf191308a-svwlangg_465e339d,no_digest,,,0,0,,
,c:\Users\USER\Desktop\CT&RPL\2_Project\KNF_LEU+ 시범연료봉 장전 인허가 과제\2026\2_계산\2_LP\LOW_Fr_MASTER_result\srv199\kit_frontier_runs_fpcamp_minfr~_RST.APRQ_10_0615.1-ec0eab7dc3-6t8wnkbm_6dedde03,no_digest,,,0,0,,
,c:\Users\USER\Desktop\CT&RPL\2_Project\KNF_LEU+ 시범연료봉 장전 인허가 과제\2026\2_계산\2_LP\LOW_Fr_MASTER_result\srv199\kit_frontier_runs_fpcamp_minfr~_RST.APRQ_10_0615.1-ec49d24da1-lpq8fxg3_d5220355,no_digest,,,0,0,,
,c:\Users\USER\Desktop\CT&RPL\2_Project\KNF_LEU+ 시범연료봉 장전 인허가 과제\2026\2_계산\2_LP\LOW_Fr_MASTER_result\srv199\kit_frontier_runs_fpcamp_minfr~_RST.APRQ_10_0615.1-ec64876610-zzmiv6n9_b69524c7,no_mas_sum,,,0,0,,
,c:\Users\USER\Desktop\CT&RPL\2_Project\KNF_LEU+ 시범연료봉 장전 인허가 과제\2026\2_계산\2_LP\LOW_Fr_MASTER_result\srv199\kit_frontier_runs_fpcamp_minfr~_RST.APRQ_10_0615.1-ec85328d54-sfo16fr2_94e16f81,no_digest,,,0,0,,
,c:\Users\USER\Desktop\CT&RPL\2_Project\KNF_LEU+ 시범연료봉 장전 인허가 과제\2026\2_계산\2_LP\LOW_Fr_MASTER_result\srv199\kit_frontier_runs_fpcamp_minfr~_RST.APRQ_10_0615.1-ec9e66c4b3-hrnbbedg_11beb99e,no_digest,,,0,0,,
,c:\Users\USER\Desktop\CT&RPL\2_Project\KNF_LEU+ 시범연료봉 장전 인허가 과제\2026\2_계산\2_LP\LOW_Fr_MASTER_result\srv199\kit_frontier_runs_fpcamp_minfr~_RST.APRQ_10_0615.1-ec9fe365ae-7czh4mh6_b27e84cb,no_mas_sum,,,0,0,,
,c:\Users\USER\Desktop\CT&RPL\2_Project\KNF_LEU+ 시범연료봉 장전 인허가 과제\2026\2_계산\2_LP\LOW_Fr_MASTER_result\srv199\kit_frontier_runs_fpcamp_minfr~_RST.APRQ_10_0615.1-ecbdef2590-449p5o7k_50e3b356,no_digest,,,0,0,,
,c:\Users\USER\Desktop\CT&RPL\2_Project\KNF_LEU+ 시범연료봉 장전 인허가 과제\2026\2_계산\2_LP\LOW_Fr_MASTER_result\srv199\kit_frontier_runs_fpcamp_minfr~_RST.APRQ_10_0615.1-ed1d380c9d-j98uw12c_2969f9bb,no_digest,,,0,0,,
,c:\Users\USER\Desktop\CT&RPL\2_Project\KNF_LEU+ 시범연료봉 장전 인허가 과제\2026\2_계산\2_LP\LOW_Fr_MASTER_result\srv199\kit_frontier_runs_fpcamp_minfr~_RST.APRQ_10_0615.1-ed7adbd1b3-6eor7lb1_db37605a,no_digest,,,0,0,,
,c:\Users\USER\Desktop\CT&RPL\2_Project\KNF_LEU+ 시범연료봉 장전 인허가 과제\2026\2_계산\2_LP\LOW_Fr_MASTER_result\srv199\kit_frontier_runs_fpcamp_minfr~_RST.APRQ_10_0615.1-ed9b8e22c7-4wniige5_5460e4be,no_digest,,,0,0,,
,c:\Users\USER\Desktop\CT&RPL\2_Project\KNF_LEU+ 시범연료봉 장전 인허가 과제\2026\2_계산\2_LP\LOW_Fr_MASTER_result\srv199\kit_frontier_runs_fpcamp_minfr~_RST.APRQ_10_0615.1-eda2181648-0u5b3klg_505daa5e,no_digest,,,0,0,,
,c:\Users\USER\Desktop\CT&RPL\2_Project\KNF_LEU+ 시범연료봉 장전 인허가 과제\2026\2_계산\2_LP\LOW_Fr_MASTER_result\srv199\kit_frontier_runs_fpcamp_minfr~_RST.APRQ_10_0615.1-ee67c36372-snmq8znh_9e44135c,no_digest,,,0,0,,
,c:\Users\USER\Desktop\CT&RPL\2_Project\KNF_LEU+ 시범연료봉 장전 인허가 과제\2026\2_계산\2_LP\LOW_Fr_MASTER_result\srv199\kit_frontier_runs_fpcamp_minfr~_RST.APRQ_10_0615.1-eee2c26b0d-yxp39s42_64bf107a,no_digest,,,0,0,,
,c:\Users\USER\Desktop\CT&RPL\2_Project\KNF_LEU+ 시범연료봉 장전 인허가 과제\2026\2_계산\2_LP\LOW_Fr_MASTER_result\srv199\kit_frontier_runs_fpcamp_minfr~_RST.APRQ_10_0615.1-ef0788b905-r2hq0hvb_49f81869,no_digest,,,0,0,,
,c:\Users\USER\Desktop\CT&RPL\2_Project\KNF_LEU+ 시범연료봉 장전 인허가 과제\2026\2_계산\2_LP\LOW_Fr_MASTER_result\srv199\kit_frontier_runs_fpcamp_minfr~_RST.APRQ_10_0615.1-ef6ef9228f-yf6fapay_2bac4069,no_digest,,,0,0,,
,c:\Users\USER\Desktop\CT&RPL\2_Project\KNF_LEU+ 시범연료봉 장전 인허가 과제\2026\2_계산\2_LP\LOW_Fr_MASTER_result\srv199\kit_frontier_runs_fpcamp_minfr~_RST.APRQ_10_0615.1-ef814b26d2-l7b00odz_46dbc84c,no_digest,,,0,0,,
,c:\Users\USER\Desktop\CT&RPL\2_Project\KNF_LEU+ 시범연료봉 장전 인허가 과제\2026\2_계산\2_LP\LOW_Fr_MASTER_result\srv199\kit_frontier_runs_fpcamp_minfr~_RST.APRQ_10_0615.1-efd4521783-c_te_a16_bbe904f4,no_digest,,,0,0,,
,c:\Users\USER\Desktop\CT&RPL\2_Project\KNF_LEU+ 시범연료봉 장전 인허가 과제\2026\2_계산\2_LP\LOW_Fr_MASTER_result\srv199\kit_frontier_runs_fpcamp_minfr~_RST.APRQ_10_0615.1-f087a9ffae-9mb7f0xs_22d0a047,no_digest,,,0,0,,
,c:\Users\USER\Desktop\CT&RPL\2_Project\KNF_LEU+ 시범연료봉 장전 인허가 과제\2026\2_계산\2_LP\LOW_Fr_MASTER_result\srv199\kit_frontier_runs_fpcamp_minfr~_RST.APRQ_10_0615.1-f17ca0e12b-hkjmnfau_51cb4581,no_digest,,,0,0,,
,c:\Users\USER\Desktop\CT&RPL\2_Project\KNF_LEU+ 시범연료봉 장전 인허가 과제\2026\2_계산\2_LP\LOW_Fr_MASTER_result\srv199\kit_frontier_runs_fpcamp_minfr~_RST.APRQ_10_0615.1-f191058078-xar_ie2p_bdadbb13,no_digest,,,0,0,,
,c:\Users\USER\Desktop\CT&RPL\2_Project\KNF_LEU+ 시범연료봉 장전 인허가 과제\2026\2_계산\2_LP\LOW_Fr_MASTER_result\srv199\kit_frontier_runs_fpcamp_minfr~_RST.APRQ_10_0615.1-f1ecbfb9b8-rlrw85ct_73d78e35,no_digest,,,0,0,,
,c:\Users\USER\Desktop\CT&RPL\2_Project\KNF_LEU+ 시범연료봉 장전 인허가 과제\2026\2_계산\2_LP\LOW_Fr_MASTER_result\srv199\kit_frontier_runs_fpcamp_minfr~_RST.APRQ_10_0615.1-f1f4c93681-tj_w_re4_49340a28,no_digest,,,0,0,,
,c:\Users\USER\Desktop\CT&RPL\2_Project\KNF_LEU+ 시범연료봉 장전 인허가 과제\2026\2_계산\2_LP\LOW_Fr_MASTER_result\srv199\kit_frontier_runs_fpcamp_minfr~_RST.APRQ_10_0615.1-f329f1626a-njcc8hrp_5867414e,no_mas_sum,,,0,0,,
,c:\Users\USER\Desktop\CT&RPL\2_Project\KNF_LEU+ 시범연료봉 장전 인허가 과제\2026\2_계산\2_LP\LOW_Fr_MASTER_result\srv199\kit_frontier_runs_fpcamp_minfr~_RST.APRQ_10_0615.1-f35d674a80-0kzmh5no_71f04926,no_mas_sum,,,0,0,,
,c:\Users\USER\Desktop\CT&RPL\2_Project\KNF_LEU+ 시범연료봉 장전 인허가 과제\2026\2_계산\2_LP\LOW_Fr_MASTER_result\srv199\kit_frontier_runs_fpcamp_minfr~_RST.APRQ_10_0615.1-f44f9db449-aolubw66_2fcb9e13,no_digest,,,0,0,,
,c:\Users\USER\Desktop\CT&RPL\2_Project\KNF_LEU+ 시범연료봉 장전 인허가 과제\2026\2_계산\2_LP\LOW_Fr_MASTER_result\srv199\kit_frontier_runs_fpcamp_minfr~_RST.APRQ_10_0615.1-f49e6339f7-1ym6mmxy_2bcb2871,no_digest,,,0,0,,
,c:\Users\USER\Desktop\CT&RPL\2_Project\KNF_LEU+ 시범연료봉 장전 인허가 과제\2026\2_계산\2_LP\LOW_Fr_MASTER_result\srv199\kit_frontier_runs_fpcamp_minfr~_RST.APRQ_10_0615.1-f57a5e851a-chnwuhcc_3517dca1,no_digest,,,0,0,,
,c:\Users\USER\Desktop\CT&RPL\2_Project\KNF_LEU+ 시범연료봉 장전 인허가 과제\2026\2_계산\2_LP\LOW_Fr_MASTER_result\srv199\kit_frontier_runs_fpcamp_minfr~_RST.APRQ_10_0615.1-f77b274867-5e0e86a4_ef5f044c,no_digest,,,0,0,,
,c:\Users\USER\Desktop\CT&RPL\2_Project\KNF_LEU+ 시범연료봉 장전 인허가 과제\2026\2_계산\2_LP\LOW_Fr_MASTER_result\srv199\kit_frontier_runs_fpcamp_minfr~_RST.APRQ_10_0615.1-f77fc26020-lee51rh4_216f2b52,no_digest,,,0,0,,
,c:\Users\USER\Desktop\CT&RPL\2_Project\KNF_LEU+ 시범연료봉 장전 인허가 과제\2026\2_계산\2_LP\LOW_Fr_MASTER_result\srv199\kit_frontier_runs_fpcamp_minfr~_RST.APRQ_10_0615.1-f82dbb588e-w6_e6mhg_ce4b623a,no_digest,,,0,0,,
,c:\Users\USER\Desktop\CT&RPL\2_Project\KNF_LEU+ 시범연료봉 장전 인허가 과제\2026\2_계산\2_LP\LOW_Fr_MASTER_result\srv199\kit_frontier_runs_fpcamp_minfr~_RST.APRQ_10_0615.1-f971a0bf1d-7p05rmuz_b695bc77,no_mas_sum,,,0,0,,
,c:\Users\USER\Desktop\CT&RPL\2_Project\KNF_LEU+ 시범연료봉 장전 인허가 과제\2026\2_계산\2_LP\LOW_Fr_MASTER_result\srv199\kit_frontier_runs_fpcamp_minfr~_RST.APRQ_10_0615.1-f9ac791f17-p1hw4q6s_4ced8a62,no_digest,,,0,0,,
,c:\Users\USER\Desktop\CT&RPL\2_Project\KNF_LEU+ 시범연료봉 장전 인허가 과제\2026\2_계산\2_LP\LOW_Fr_MASTER_result\srv199\kit_frontier_runs_fpcamp_minfr~_RST.APRQ_10_0615.1-fabc0c399a-a7iqao6y_8ab08ca7,no_digest,,,0,0,,
,c:\Users\USER\Desktop\CT&RPL\2_Project\KNF_LEU+ 시범연료봉 장전 인허가 과제\2026\2_계산\2_LP\LOW_Fr_MASTER_result\srv199\kit_frontier_runs_fpcamp_minfr~_RST.APRQ_10_0615.1-fb31752d02-r717x4ii_28e848c0,no_digest,,,0,0,,
,c:\Users\USER\Desktop\CT&RPL\2_Project\KNF_LEU+ 시범연료봉 장전 인허가 과제\2026\2_계산\2_LP\LOW_Fr_MASTER_result\srv199\kit_frontier_runs_fpcamp_minfr~_RST.APRQ_10_0615.1-fb610d8c9d-2f62im69_af46a383,no_mas_sum,,,0,0,,
,c:\Users\USER\Desktop\CT&RPL\2_Project\KNF_LEU+ 시범연료봉 장전 인허가 과제\2026\2_계산\2_LP\LOW_Fr_MASTER_result\srv199\kit_frontier_runs_fpcamp_minfr~_RST.APRQ_10_0615.1-fb9ed61d01-nibxs2cz_d91ebb29,no_digest,,,0,0,,
,c:\Users\USER\Desktop\CT&RPL\2_Project\KNF_LEU+ 시범연료봉 장전 인허가 과제\2026\2_계산\2_LP\LOW_Fr_MASTER_result\srv199\kit_frontier_runs_fpcamp_minfr~_RST.APRQ_10_0615.1-fbb151e853-1pqwjgcy_c4373b0e,no_digest,,,0,0,,
,c:\Users\USER\Desktop\CT&RPL\2_Project\KNF_LEU+ 시범연료봉 장전 인허가 과제\2026\2_계산\2_LP\LOW_Fr_MASTER_result\srv199\kit_frontier_runs_fpcamp_minfr~_RST.APRQ_10_0615.1-fbc1fcaf1e-9cn2gaae_0ac520cb,no_digest,,,0,0,,
,c:\Users\USER\Desktop\CT&RPL\2_Project\KNF_LEU+ 시범연료봉 장전 인허가 과제\2026\2_계산\2_LP\LOW_Fr_MASTER_result\srv199\kit_frontier_runs_fpcamp_minfr~_RST.APRQ_10_0615.1-fd0744e976-gnfnskzc_1f5d1c15,no_digest,,,0,0,,
,c:\Users\USER\Desktop\CT&RPL\2_Project\KNF_LEU+ 시범연료봉 장전 인허가 과제\2026\2_계산\2_LP\LOW_Fr_MASTER_result\srv199\kit_frontier_runs_fpcamp_minfr~_RST.APRQ_10_0615.1-fd889733b1-3pohampx_04755113,no_digest,,,0,0,,
,c:\Users\USER\Desktop\CT&RPL\2_Project\KNF_LEU+ 시범연료봉 장전 인허가 과제\2026\2_계산\2_LP\LOW_Fr_MASTER_result\srv199\kit_frontier_runs_fpcamp_minfr~_RST.APRQ_10_0615.1-fdb11bb334-p1prj9vd_0def5f0d,no_digest,,,0,0,,
,c:\Users\USER\Desktop\CT&RPL\2_Project\KNF_LEU+ 시범연료봉 장전 인허가 과제\2026\2_계산\2_LP\LOW_Fr_MASTER_result\srv199\kit_frontier_runs_fpcamp_minfr~_RST.APRQ_10_0615.1-fe34f81bdd-jp9u1hij_a9b65116,no_digest,,,0,0,,
,c:\Users\USER\Desktop\CT&RPL\2_Project\KNF_LEU+ 시범연료봉 장전 인허가 과제\2026\2_계산\2_LP\LOW_Fr_MASTER_result\srv199\kit_frontier_runs_fpcamp_minfr~_RST.APRQ_10_0615.1-fe5c3fc948-g133n9xp_0d11ff60,no_digest,,,0,0,,
,c:\Users\USER\Desktop\CT&RPL\2_Project\KNF_LEU+ 시범연료봉 장전 인허가 과제\2026\2_계산\2_LP\LOW_Fr_MASTER_result\srv199\kit_frontier_runs_fpcamp_minfr~_RST.APRQ_11_0635.1-0041bf7a1a-xmkte20z_a148a753,no_digest,,,0,0,,
,c:\Users\USER\Desktop\CT&RPL\2_Project\KNF_LEU+ 시범연료봉 장전 인허가 과제\2026\2_계산\2_LP\LOW_Fr_MASTER_result\srv199\kit_frontier_runs_fpcamp_minfr~_RST.APRQ_11_0635.1-01209b1dbf-k4hbaj4u_50054d83,no_digest,,,0,0,,
,c:\Users\USER\Desktop\CT&RPL\2_Project\KNF_LEU+ 시범연료봉 장전 인허가 과제\2026\2_계산\2_LP\LOW_Fr_MASTER_result\srv199\kit_frontier_runs_fpcamp_minfr~_RST.APRQ_11_0635.1-03aaf524fa-mpcgtr4g_09e6ade5,no_digest,,,0,0,,
,c:\Users\USER\Desktop\CT&RPL\2_Project\KNF_LEU+ 시범연료봉 장전 인허가 과제\2026\2_계산\2_LP\LOW_Fr_MASTER_result\srv199\kit_frontier_runs_fpcamp_minfr~_RST.APRQ_11_0635.1-05b9fb1a54-9izmsoud_556604ef,no_digest,,,0,0,,
,c:\Users\USER\Desktop\CT&RPL\2_Project\KNF_LEU+ 시범연료봉 장전 인허가 과제\2026\2_계산\2_LP\LOW_Fr_MASTER_result\srv199\kit_frontier_runs_fpcamp_minfr~_RST.APRQ_11_0635.1-06be889be9-bfwc5u7c_791a0599,no_digest,,,0,0,,
,c:\Users\USER\Desktop\CT&RPL\2_Project\KNF_LEU+ 시범연료봉 장전 인허가 과제\2026\2_계산\2_LP\LOW_Fr_MASTER_result\srv199\kit_frontier_runs_fpcamp_minfr~_RST.APRQ_11_0635.1-077db85db9-uzbt_s10_4c610968,no_digest,,,0,0,,
,c:\Users\USER\Desktop\CT&RPL\2_Project\KNF_LEU+ 시범연료봉 장전 인허가 과제\2026\2_계산\2_LP\LOW_Fr_MASTER_result\srv199\kit_frontier_runs_fpcamp_minfr~_RST.APRQ_11_0635.1-08f6b43b0b-bksevp40_98ae698d,no_digest,,,0,0,,
,c:\Users\USER\Desktop\CT&RPL\2_Project\KNF_LEU+ 시범연료봉 장전 인허가 과제\2026\2_계산\2_LP\LOW_Fr_MASTER_result\srv199\kit_frontier_runs_fpcamp_minfr~_RST.APRQ_11_0635.1-0b305d36a8-r3m2sxuv_7bbf5deb,no_digest,,,0,0,,
,c:\Users\USER\Desktop\CT&RPL\2_Project\KNF_LEU+ 시범연료봉 장전 인허가 과제\2026\2_계산\2_LP\LOW_Fr_MASTER_result\srv199\kit_frontier_runs_fpcamp_minfr~_RST.APRQ_11_0635.1-0b8730180d-0322gq2u_43b47acb,no_digest,,,0,0,,
,c:\Users\USER\Desktop\CT&RPL\2_Project\KNF_LEU+ 시범연료봉 장전 인허가 과제\2026\2_계산\2_LP\LOW_Fr_MASTER_result\srv199\kit_frontier_runs_fpcamp_minfr~_RST.APRQ_11_0635.1-0c063399d9-dl5eiolg_0d3813ca,no_digest,,,0,0,,
,c:\Users\USER\Desktop\CT&RPL\2_Project\KNF_LEU+ 시범연료봉 장전 인허가 과제\2026\2_계산\2_LP\LOW_Fr_MASTER_result\srv199\kit_frontier_runs_fpcamp_minfr~_RST.APRQ_11_0635.1-119bf3c520-_h00n5bv_54d04d68,no_digest,,,0,0,,
,c:\Users\USER\Desktop\CT&RPL\2_Project\KNF_LEU+ 시범연료봉 장전 인허가 과제\2026\2_계산\2_LP\LOW_Fr_MASTER_result\srv199\kit_frontier_runs_fpcamp_minfr~_RST.APRQ_11_0635.1-12bf971c8c-0j25v9go_76f5335e,no_digest,,,0,0,,
,c:\Users\USER\Desktop\CT&RPL\2_Project\KNF_LEU+ 시범연료봉 장전 인허가 과제\2026\2_계산\2_LP\LOW_Fr_MASTER_result\srv199\kit_frontier_runs_fpcamp_minfr~_RST.APRQ_11_0635.1-134f004d96-1rxxkj6h_d88d2213,no_digest,,,0,0,,
,c:\Users\USER\Desktop\CT&RPL\2_Project\KNF_LEU+ 시범연료봉 장전 인허가 과제\2026\2_계산\2_LP\LOW_Fr_MASTER_result\srv199\kit_frontier_runs_fpcamp_minfr~_RST.APRQ_11_0635.1-1a3c5389d7-7_qzlgvb_b5530325,no_digest,,,0,0,,
,c:\Users\USER\Desktop\CT&RPL\2_Project\KNF_LEU+ 시범연료봉 장전 인허가 과제\2026\2_계산\2_LP\LOW_Fr_MASTER_result\srv199\kit_frontier_runs_fpcamp_minfr~_RST.APRQ_11_0635.1-1c6a491886-q42qpe3t_3f993b95,no_digest,,,0,0,,
,c:\Users\USER\Desktop\CT&RPL\2_Project\KNF_LEU+ 시범연료봉 장전 인허가 과제\2026\2_계산\2_LP\LOW_Fr_MASTER_result\srv199\kit_frontier_runs_fpcamp_minfr~_RST.APRQ_11_0635.1-1da95741a0-52nsc4id_909fb24c,no_digest,,,0,0,,
,c:\Users\USER\Desktop\CT&RPL\2_Project\KNF_LEU+ 시범연료봉 장전 인허가 과제\2026\2_계산\2_LP\LOW_Fr_MASTER_result\srv199\kit_frontier_runs_fpcamp_minfr~_RST.APRQ_11_0635.1-1eb52b981c-6tpbtlbh_e2b8bdef,no_digest,,,0,0,,
,c:\Users\USER\Desktop\CT&RPL\2_Project\KNF_LEU+ 시범연료봉 장전 인허가 과제\2026\2_계산\2_LP\LOW_Fr_MASTER_result\srv199\kit_frontier_runs_fpcamp_minfr~_RST.APRQ_11_0635.1-232c4b7795-a1_17_u1_1094c5d3,no_digest,,,0,0,,
,c:\Users\USER\Desktop\CT&RPL\2_Project\KNF_LEU+ 시범연료봉 장전 인허가 과제\2026\2_계산\2_LP\LOW_Fr_MASTER_result\srv199\kit_frontier_runs_fpcamp_minfr~_RST.APRQ_11_0635.1-24198f4c1b-ajdks9gb_39d64fd8,no_digest,,,0,0,,
,c:\Users\USER\Desktop\CT&RPL\2_Project\KNF_LEU+ 시범연료봉 장전 인허가 과제\2026\2_계산\2_LP\LOW_Fr_MASTER_result\srv199\kit_frontier_runs_fpcamp_minfr~_RST.APRQ_11_0635.1-259358fbca-ws7lrbp9_d586d051,no_digest,,,0,0,,
,c:\Users\USER\Desktop\CT&RPL\2_Project\KNF_LEU+ 시범연료봉 장전 인허가 과제\2026\2_계산\2_LP\LOW_Fr_MASTER_result\srv199\kit_frontier_runs_fpcamp_minfr~_RST.APRQ_11_0635.1-265492acb0-jw5bq4lo_485013a0,no_digest,,,0,0,,
,c:\Users\USER\Desktop\CT&RPL\2_Project\KNF_LEU+ 시범연료봉 장전 인허가 과제\2026\2_계산\2_LP\LOW_Fr_MASTER_result\srv199\kit_frontier_runs_fpcamp_minfr~_RST.APRQ_11_0635.1-266112beb1-4ukj3igy_e573cdd0,no_digest,,,0,0,,
,c:\Users\USER\Desktop\CT&RPL\2_Project\KNF_LEU+ 시범연료봉 장전 인허가 과제\2026\2_계산\2_LP\LOW_Fr_MASTER_result\srv199\kit_frontier_runs_fpcamp_minfr~_RST.APRQ_11_0635.1-26d013f004-sj0ffuyt_35d03928,no_digest,,,0,0,,
,c:\Users\USER\Desktop\CT&RPL\2_Project\KNF_LEU+ 시범연료봉 장전 인허가 과제\2026\2_계산\2_LP\LOW_Fr_MASTER_result\srv199\kit_frontier_runs_fpcamp_minfr~_RST.APRQ_11_0635.1-26e71403bd-b7jvubuq_dcae1e6d,no_digest,,,0,0,,
,c:\Users\USER\Desktop\CT&RPL\2_Project\KNF_LEU+ 시범연료봉 장전 인허가 과제\2026\2_계산\2_LP\LOW_Fr_MASTER_result\srv199\kit_frontier_runs_fpcamp_minfr~_RST.APRQ_11_0635.1-26fd30a76c-vfidc5nd_b51afb9b,no_digest,,,0,0,,
,c:\Users\USER\Desktop\CT&RPL\2_Project\KNF_LEU+ 시범연료봉 장전 인허가 과제\2026\2_계산\2_LP\LOW_Fr_MASTER_result\srv199\kit_frontier_runs_fpcamp_minfr~_RST.APRQ_11_0635.1-27567c8265-0keeln7n_498e5ad6,no_digest,,,0,0,,
,c:\Users\USER\Desktop\CT&RPL\2_Project\KNF_LEU+ 시범연료봉 장전 인허가 과제\2026\2_계산\2_LP\LOW_Fr_MASTER_result\srv199\kit_frontier_runs_fpcamp_minfr~_RST.APRQ_11_0635.1-27abf95fcd-2g71qsq7_7e0d9d22,no_digest,,,0,0,,
,c:\Users\USER\Desktop\CT&RPL\2_Project\KNF_LEU+ 시범연료봉 장전 인허가 과제\2026\2_계산\2_LP\LOW_Fr_MASTER_result\srv199\kit_frontier_runs_fpcamp_minfr~_RST.APRQ_11_0635.1-289c0c9787-u57jcgb8_9f63d111,no_digest,,,0,0,,
,c:\Users\USER\Desktop\CT&RPL\2_Project\KNF_LEU+ 시범연료봉 장전 인허가 과제\2026\2_계산\2_LP\LOW_Fr_MASTER_result\srv199\kit_frontier_runs_fpcamp_minfr~_RST.APRQ_11_0635.1-2a96a7b09e-olcm7vwy_aee5df69,no_digest,,,0,0,,
,c:\Users\USER\Desktop\CT&RPL\2_Project\KNF_LEU+ 시범연료봉 장전 인허가 과제\2026\2_계산\2_LP\LOW_Fr_MASTER_result\srv199\kit_frontier_runs_fpcamp_minfr~_RST.APRQ_11_0635.1-2ca12cb11f-5e8r47ue_7163a7c5,no_digest,,,0,0,,
,c:\Users\USER\Desktop\CT&RPL\2_Project\KNF_LEU+ 시범연료봉 장전 인허가 과제\2026\2_계산\2_LP\LOW_Fr_MASTER_result\srv199\kit_frontier_runs_fpcamp_minfr~_RST.APRQ_11_0635.1-31ef70baaa-8hk9_j9u_ee6b410c,no_digest,,,0,0,,
,c:\Users\USER\Desktop\CT&RPL\2_Project\KNF_LEU+ 시범연료봉 장전 인허가 과제\2026\2_계산\2_LP\LOW_Fr_MASTER_result\srv199\kit_frontier_runs_fpcamp_minfr~_RST.APRQ_11_0635.1-350b2073c6-m51vjszg_e3c3caf4,no_digest,,,0,0,,
,c:\Users\USER\Desktop\CT&RPL\2_Project\KNF_LEU+ 시범연료봉 장전 인허가 과제\2026\2_계산\2_LP\LOW_Fr_MASTER_result\srv199\kit_frontier_runs_fpcamp_minfr~_RST.APRQ_11_0635.1-3627735aa6-bcah1w_b_0414b31c,no_digest,,,0,0,,
,c:\Users\USER\Desktop\CT&RPL\2_Project\KNF_LEU+ 시범연료봉 장전 인허가 과제\2026\2_계산\2_LP\LOW_Fr_MASTER_result\srv199\kit_frontier_runs_fpcamp_minfr~_RST.APRQ_11_0635.1-36c4856e64-_y1j656p_ca92f9dd,no_digest,,,0,0,,
,c:\Users\USER\Desktop\CT&RPL\2_Project\KNF_LEU+ 시범연료봉 장전 인허가 과제\2026\2_계산\2_LP\LOW_Fr_MASTER_result\srv199\kit_frontier_runs_fpcamp_minfr~_RST.APRQ_11_0635.1-36e394ff7b-0f3ibfbu_7bd044cd,no_digest,,,0,0,,
,c:\Users\USER\Desktop\CT&RPL\2_Project\KNF_LEU+ 시범연료봉 장전 인허가 과제\2026\2_계산\2_LP\LOW_Fr_MASTER_result\srv199\kit_frontier_runs_fpcamp_minfr~_RST.APRQ_11_0635.1-3bab1d421c-uv017y12_623d0a4b,no_digest,,,0,0,,
,c:\Users\USER\Desktop\CT&RPL\2_Project\KNF_LEU+ 시범연료봉 장전 인허가 과제\2026\2_계산\2_LP\LOW_Fr_MASTER_result\srv199\kit_frontier_runs_fpcamp_minfr~_RST.APRQ_11_0635.1-3bfed54163-f7ltifyh_7fa4cf04,no_digest,,,0,0,,
,c:\Users\USER\Desktop\CT&RPL\2_Project\KNF_LEU+ 시범연료봉 장전 인허가 과제\2026\2_계산\2_LP\LOW_Fr_MASTER_result\srv199\kit_frontier_runs_fpcamp_minfr~_RST.APRQ_11_0635.1-3c0551a628-mqnagjty_b5539b74,no_digest,,,0,0,,
,c:\Users\USER\Desktop\CT&RPL\2_Project\KNF_LEU+ 시범연료봉 장전 인허가 과제\2026\2_계산\2_LP\LOW_Fr_MASTER_result\srv199\kit_frontier_runs_fpcamp_minfr~_RST.APRQ_11_0635.1-3c602145b9-3r_5ndsj_093254e3,no_digest,,,0,0,,
,c:\Users\USER\Desktop\CT&RPL\2_Project\KNF_LEU+ 시범연료봉 장전 인허가 과제\2026\2_계산\2_LP\LOW_Fr_MASTER_result\srv199\kit_frontier_runs_fpcamp_minfr~_RST.APRQ_11_0635.1-3ca2074c4d-p2q4r5t1_6cf095e5,no_digest,,,0,0,,
,c:\Users\USER\Desktop\CT&RPL\2_Project\KNF_LEU+ 시범연료봉 장전 인허가 과제\2026\2_계산\2_LP\LOW_Fr_MASTER_result\srv199\kit_frontier_runs_fpcamp_minfr~_RST.APRQ_11_0635.1-3ea9309ba5-d0faldrk_599d1846,no_digest,,,0,0,,
,c:\Users\USER\Desktop\CT&RPL\2_Project\KNF_LEU+ 시범연료봉 장전 인허가 과제\2026\2_계산\2_LP\LOW_Fr_MASTER_result\srv199\kit_frontier_runs_fpcamp_minfr~_RST.APRQ_11_0635.1-3f3c03ac39-u43knub4_1ebf6614,no_digest,,,0,0,,
,c:\Users\USER\Desktop\CT&RPL\2_Project\KNF_LEU+ 시범연료봉 장전 인허가 과제\2026\2_계산\2_LP\LOW_Fr_MASTER_result\srv199\kit_frontier_runs_fpcamp_minfr~_RST.APRQ_11_0635.1-401173843a-ryuhad_y_bfa3a1f7,no_digest,,,0,0,,
,c:\Users\USER\Desktop\CT&RPL\2_Project\KNF_LEU+ 시범연료봉 장전 인허가 과제\2026\2_계산\2_LP\LOW_Fr_MASTER_result\srv199\kit_frontier_runs_fpcamp_minfr~_RST.APRQ_11_0635.1-4229703256-agbh26p0_04e559d5,no_digest,,,0,0,,
,c:\Users\USER\Desktop\CT&RPL\2_Project\KNF_LEU+ 시범연료봉 장전 인허가 과제\2026\2_계산\2_LP\LOW_Fr_MASTER_result\srv199\kit_frontier_runs_fpcamp_minfr~_RST.APRQ_11_0635.1-426107e3ef-h0935i5y_4bc025c4,no_digest,,,0,0,,
,c:\Users\USER\Desktop\CT&RPL\2_Project\KNF_LEU+ 시범연료봉 장전 인허가 과제\2026\2_계산\2_LP\LOW_Fr_MASTER_result\srv199\kit_frontier_runs_fpcamp_minfr~_RST.APRQ_11_0635.1-44d6ac28e7-mrmu2xjo_2e08f836,no_digest,,,0,0,,
,c:\Users\USER\Desktop\CT&RPL\2_Project\KNF_LEU+ 시범연료봉 장전 인허가 과제\2026\2_계산\2_LP\LOW_Fr_MASTER_result\srv199\kit_frontier_runs_fpcamp_minfr~_RST.APRQ_11_0635.1-457844f4c9-bz1dpz8k_e5baa214,no_digest,,,0,0,,
,c:\Users\USER\Desktop\CT&RPL\2_Project\KNF_LEU+ 시범연료봉 장전 인허가 과제\2026\2_계산\2_LP\LOW_Fr_MASTER_result\srv199\kit_frontier_runs_fpcamp_minfr~_RST.APRQ_11_0635.1-45e8085af9-btpnz4uv_dc03fb48,no_digest,,,0,0,,
,c:\Users\USER\Desktop\CT&RPL\2_Project\KNF_LEU+ 시범연료봉 장전 인허가 과제\2026\2_계산\2_LP\LOW_Fr_MASTER_result\srv199\kit_frontier_runs_fpcamp_minfr~_RST.APRQ_11_0635.1-47ab9bcecb-r07iudte_0f76320b,no_digest,,,0,0,,
,c:\Users\USER\Desktop\CT&RPL\2_Project\KNF_LEU+ 시범연료봉 장전 인허가 과제\2026\2_계산\2_LP\LOW_Fr_MASTER_result\srv199\kit_frontier_runs_fpcamp_minfr~_RST.APRQ_11_0635.1-483a2e9003-dnoq262y_ef40d699,no_digest,,,0,0,,
,c:\Users\USER\Desktop\CT&RPL\2_Project\KNF_LEU+ 시범연료봉 장전 인허가 과제\2026\2_계산\2_LP\LOW_Fr_MASTER_result\srv199\kit_frontier_runs_fpcamp_minfr~_RST.APRQ_11_0635.1-493fe85bd3-a88io5pv_e66aa30f,no_digest,,,0,0,,
,c:\Users\USER\Desktop\CT&RPL\2_Project\KNF_LEU+ 시범연료봉 장전 인허가 과제\2026\2_계산\2_LP\LOW_Fr_MASTER_result\srv199\kit_frontier_runs_fpcamp_minfr~_RST.APRQ_11_0635.1-4af3130f7b-c0_xoa8v_e786e216,no_digest,,,0,0,,
,c:\Users\USER\Desktop\CT&RPL\2_Project\KNF_LEU+ 시범연료봉 장전 인허가 과제\2026\2_계산\2_LP\LOW_Fr_MASTER_result\srv199\kit_frontier_runs_fpcamp_minfr~_RST.APRQ_11_0635.1-4c9ae9d136-1a4ujhdk_cb50e7bd,no_digest,,,0,0,,
,c:\Users\USER\Desktop\CT&RPL\2_Project\KNF_LEU+ 시범연료봉 장전 인허가 과제\2026\2_계산\2_LP\LOW_Fr_MASTER_result\srv199\kit_frontier_runs_fpcamp_minfr~_RST.APRQ_11_0635.1-4d8f9a76a8-4jc_uci1_5addd313,no_digest,,,0,0,,
,c:\Users\USER\Desktop\CT&RPL\2_Project\KNF_LEU+ 시범연료봉 장전 인허가 과제\2026\2_계산\2_LP\LOW_Fr_MASTER_result\srv199\kit_frontier_runs_fpcamp_minfr~_RST.APRQ_11_0635.1-5005f66977-laddi9yx_e80bc9bd,no_digest,,,0,0,,
,c:\Users\USER\Desktop\CT&RPL\2_Project\KNF_LEU+ 시범연료봉 장전 인허가 과제\2026\2_계산\2_LP\LOW_Fr_MASTER_result\srv199\kit_frontier_runs_fpcamp_minfr~_RST.APRQ_11_0635.1-54b0abc291-2er5eqhh_be7489e3,no_digest,,,0,0,,
,c:\Users\USER\Desktop\CT&RPL\2_Project\KNF_LEU+ 시범연료봉 장전 인허가 과제\2026\2_계산\2_LP\LOW_Fr_MASTER_result\srv199\kit_frontier_runs_fpcamp_minfr~_RST.APRQ_11_0635.1-54b811c7e9-vj7dv1f8_ee4acbd5,no_digest,,,0,0,,
,c:\Users\USER\Desktop\CT&RPL\2_Project\KNF_LEU+ 시범연료봉 장전 인허가 과제\2026\2_계산\2_LP\LOW_Fr_MASTER_result\srv199\kit_frontier_runs_fpcamp_minfr~_RST.APRQ_11_0635.1-5676c971be-ocj5_nix_7811350c,no_digest,,,0,0,,
,c:\Users\USER\Desktop\CT&RPL\2_Project\KNF_LEU+ 시범연료봉 장전 인허가 과제\2026\2_계산\2_LP\LOW_Fr_MASTER_result\srv199\kit_frontier_runs_fpcamp_minfr~_RST.APRQ_11_0635.1-56b9f376ab-rlwpqy9g_d4e11823,no_digest,,,0,0,,
,c:\Users\USER\Desktop\CT&RPL\2_Project\KNF_LEU+ 시범연료봉 장전 인허가 과제\2026\2_계산\2_LP\LOW_Fr_MASTER_result\srv199\kit_frontier_runs_fpcamp_minfr~_RST.APRQ_11_0635.1-571b7da15f-u0tpsval_98eb3329,no_digest,,,0,0,,
,c:\Users\USER\Desktop\CT&RPL\2_Project\KNF_LEU+ 시범연료봉 장전 인허가 과제\2026\2_계산\2_LP\LOW_Fr_MASTER_result\srv199\kit_frontier_runs_fpcamp_minfr~_RST.APRQ_11_0635.1-577533f72a-bkxmdvaw_d0f25597,no_digest,,,0,0,,
,c:\Users\USER\Desktop\CT&RPL\2_Project\KNF_LEU+ 시범연료봉 장전 인허가 과제\2026\2_계산\2_LP\LOW_Fr_MASTER_result\srv199\kit_frontier_runs_fpcamp_minfr~_RST.APRQ_11_0635.1-583b22bdce-b_x9vlxs_dc2e8b0c,no_digest,,,0,0,,
,c:\Users\USER\Desktop\CT&RPL\2_Project\KNF_LEU+ 시범연료봉 장전 인허가 과제\2026\2_계산\2_LP\LOW_Fr_MASTER_result\srv199\kit_frontier_runs_fpcamp_minfr~_RST.APRQ_11_0635.1-598ad039cf-zcu22s7g_1dbe6da8,no_digest,,,0,0,,
,c:\Users\USER\Desktop\CT&RPL\2_Project\KNF_LEU+ 시범연료봉 장전 인허가 과제\2026\2_계산\2_LP\LOW_Fr_MASTER_result\srv199\kit_frontier_runs_fpcamp_minfr~_RST.APRQ_11_0635.1-5b545a144a-uawbbinj_f8208d1e,no_digest,,,0,0,,
,c:\Users\USER\Desktop\CT&RPL\2_Project\KNF_LEU+ 시범연료봉 장전 인허가 과제\2026\2_계산\2_LP\LOW_Fr_MASTER_result\srv199\kit_frontier_runs_fpcamp_minfr~_RST.APRQ_11_0635.1-5c572d9d09-y3qv9xtk_8ae3d596,no_digest,,,0,0,,
,c:\Users\USER\Desktop\CT&RPL\2_Project\KNF_LEU+ 시범연료봉 장전 인허가 과제\2026\2_계산\2_LP\LOW_Fr_MASTER_result\srv199\kit_frontier_runs_fpcamp_minfr~_RST.APRQ_11_0635.1-5e4d36f05f-zxi1dqhl_dbd2050f,no_digest,,,0,0,,
,c:\Users\USER\Desktop\CT&RPL\2_Project\KNF_LEU+ 시범연료봉 장전 인허가 과제\2026\2_계산\2_LP\LOW_Fr_MASTER_result\srv199\kit_frontier_runs_fpcamp_minfr~_RST.APRQ_11_0635.1-5eba5cd2a7-u7m1j6h6_751bada6,no_digest,,,0,0,,
,c:\Users\USER\Desktop\CT&RPL\2_Project\KNF_LEU+ 시범연료봉 장전 인허가 과제\2026\2_계산\2_LP\LOW_Fr_MASTER_result\srv199\kit_frontier_runs_fpcamp_minfr~_RST.APRQ_11_0635.1-60a2f5d552-kci6h7ps_92719a44,no_digest,,,0,0,,
,c:\Users\USER\Desktop\CT&RPL\2_Project\KNF_LEU+ 시범연료봉 장전 인허가 과제\2026\2_계산\2_LP\LOW_Fr_MASTER_result\srv199\kit_frontier_runs_fpcamp_minfr~_RST.APRQ_11_0635.1-649def415e-gkt6ogqp_b2e1ff7c,no_digest,,,0,0,,
,c:\Users\USER\Desktop\CT&RPL\2_Project\KNF_LEU+ 시범연료봉 장전 인허가 과제\2026\2_계산\2_LP\LOW_Fr_MASTER_result\srv199\kit_frontier_runs_fpcamp_minfr~_RST.APRQ_11_0635.1-653ba2c9a4-ohm8xvid_545e908d,no_digest,,,0,0,,
,c:\Users\USER\Desktop\CT&RPL\2_Project\KNF_LEU+ 시범연료봉 장전 인허가 과제\2026\2_계산\2_LP\LOW_Fr_MASTER_result\srv199\kit_frontier_runs_fpcamp_minfr~_RST.APRQ_11_0635.1-67fcc8947c-qt6ba08o_8188dd3c,no_digest,,,0,0,,
,c:\Users\USER\Desktop\CT&RPL\2_Project\KNF_LEU+ 시범연료봉 장전 인허가 과제\2026\2_계산\2_LP\LOW_Fr_MASTER_result\srv199\kit_frontier_runs_fpcamp_minfr~_RST.APRQ_11_0635.1-6835c61718-v3xf5vj0_9eacfea3,no_digest,,,0,0,,
,c:\Users\USER\Desktop\CT&RPL\2_Project\KNF_LEU+ 시범연료봉 장전 인허가 과제\2026\2_계산\2_LP\LOW_Fr_MASTER_result\srv199\kit_frontier_runs_fpcamp_minfr~_RST.APRQ_11_0635.1-6e9be49ec9-tuv9osb6_218a54a8,no_digest,,,0,0,,
,c:\Users\USER\Desktop\CT&RPL\2_Project\KNF_LEU+ 시범연료봉 장전 인허가 과제\2026\2_계산\2_LP\LOW_Fr_MASTER_result\srv199\kit_frontier_runs_fpcamp_minfr~_RST.APRQ_11_0635.1-6fbcd4e9c1-qshpc0e5_c97778b6,no_digest,,,0,0,,
,c:\Users\USER\Desktop\CT&RPL\2_Project\KNF_LEU+ 시범연료봉 장전 인허가 과제\2026\2_계산\2_LP\LOW_Fr_MASTER_result\srv199\kit_frontier_runs_fpcamp_minfr~_RST.APRQ_11_0635.1-70aae1d39e-pdzmb8m4_f06dc60c,no_digest,,,0,0,,
,c:\Users\USER\Desktop\CT&RPL\2_Project\KNF_LEU+ 시범연료봉 장전 인허가 과제\2026\2_계산\2_LP\LOW_Fr_MASTER_result\srv199\kit_frontier_runs_fpcamp_minfr~_RST.APRQ_11_0635.1-70eca2f81a-k74sn2a7_89c2ad2a,no_digest,,,0,0,,
,c:\Users\USER\Desktop\CT&RPL\2_Project\KNF_LEU+ 시범연료봉 장전 인허가 과제\2026\2_계산\2_LP\LOW_Fr_MASTER_result\srv199\kit_frontier_runs_fpcamp_minfr~_RST.APRQ_11_0635.1-71a03405d2-_go852sf_46c149d3,no_digest,,,0,0,,
,c:\Users\USER\Desktop\CT&RPL\2_Project\KNF_LEU+ 시범연료봉 장전 인허가 과제\2026\2_계산\2_LP\LOW_Fr_MASTER_result\srv199\kit_frontier_runs_fpcamp_minfr~_RST.APRQ_11_0635.1-735a9af7f4-eje3pucb_b5c1c04e,no_digest,,,0,0,,
,c:\Users\USER\Desktop\CT&RPL\2_Project\KNF_LEU+ 시범연료봉 장전 인허가 과제\2026\2_계산\2_LP\LOW_Fr_MASTER_result\srv199\kit_frontier_runs_fpcamp_minfr~_RST.APRQ_11_0635.1-74c2620525-zjsz0mtc_45a57298,no_digest,,,0,0,,
,c:\Users\USER\Desktop\CT&RPL\2_Project\KNF_LEU+ 시범연료봉 장전 인허가 과제\2026\2_계산\2_LP\LOW_Fr_MASTER_result\srv199\kit_frontier_runs_fpcamp_minfr~_RST.APRQ_11_0635.1-75460c7b1c-pduyxczu_2a925b07,no_digest,,,0,0,,
,c:\Users\USER\Desktop\CT&RPL\2_Project\KNF_LEU+ 시범연료봉 장전 인허가 과제\2026\2_계산\2_LP\LOW_Fr_MASTER_result\srv199\kit_frontier_runs_fpcamp_minfr~_RST.APRQ_11_0635.1-76bf5974b9-1k2zz6t6_7fa7a277,no_digest,,,0,0,,
,c:\Users\USER\Desktop\CT&RPL\2_Project\KNF_LEU+ 시범연료봉 장전 인허가 과제\2026\2_계산\2_LP\LOW_Fr_MASTER_result\srv199\kit_frontier_runs_fpcamp_minfr~_RST.APRQ_11_0635.1-76d2bcd8cc-9fcjgx0c_01f6793d,no_digest,,,0,0,,
,c:\Users\USER\Desktop\CT&RPL\2_Project\KNF_LEU+ 시범연료봉 장전 인허가 과제\2026\2_계산\2_LP\LOW_Fr_MASTER_result\srv199\kit_frontier_runs_fpcamp_minfr~_RST.APRQ_11_0635.1-76f5651b09-ty71gpas_ba49597a,no_mas_sum,,,0,0,,
,c:\Users\USER\Desktop\CT&RPL\2_Project\KNF_LEU+ 시범연료봉 장전 인허가 과제\2026\2_계산\2_LP\LOW_Fr_MASTER_result\srv199\kit_frontier_runs_fpcamp_minfr~_RST.APRQ_11_0635.1-77c7071a44-kjr4sfzr_f67e3d5a,no_digest,,,0,0,,
,c:\Users\USER\Desktop\CT&RPL\2_Project\KNF_LEU+ 시범연료봉 장전 인허가 과제\2026\2_계산\2_LP\LOW_Fr_MASTER_result\srv199\kit_frontier_runs_fpcamp_minfr~_RST.APRQ_11_0635.1-79c2c9d204-_lg272jp_33aafffe,no_digest,,,0,0,,
,c:\Users\USER\Desktop\CT&RPL\2_Project\KNF_LEU+ 시범연료봉 장전 인허가 과제\2026\2_계산\2_LP\LOW_Fr_MASTER_result\srv199\kit_frontier_runs_fpcamp_minfr~_RST.APRQ_11_0635.1-7b156daa52-kh4jppx9_e65ac20c,no_digest,,,0,0,,
,c:\Users\USER\Desktop\CT&RPL\2_Project\KNF_LEU+ 시범연료봉 장전 인허가 과제\2026\2_계산\2_LP\LOW_Fr_MASTER_result\srv199\kit_frontier_runs_fpcamp_minfr~_RST.APRQ_11_0635.1-7b2f3edb14-mdzhcf05_7754c479,no_digest,,,0,0,,
,c:\Users\USER\Desktop\CT&RPL\2_Project\KNF_LEU+ 시범연료봉 장전 인허가 과제\2026\2_계산\2_LP\LOW_Fr_MASTER_result\srv199\kit_frontier_runs_fpcamp_minfr~_RST.APRQ_11_0635.1-7d23de7fe9-1noq78f9_2e7160c6,no_mas_sum,,,0,0,,
,c:\Users\USER\Desktop\CT&RPL\2_Project\KNF_LEU+ 시범연료봉 장전 인허가 과제\2026\2_계산\2_LP\LOW_Fr_MASTER_result\srv199\kit_frontier_runs_fpcamp_minfr~_RST.APRQ_11_0635.1-7f3e7fd864-8wypug27_469e6b50,no_digest,,,0,0,,
,c:\Users\USER\Desktop\CT&RPL\2_Project\KNF_LEU+ 시범연료봉 장전 인허가 과제\2026\2_계산\2_LP\LOW_Fr_MASTER_result\srv199\kit_frontier_runs_fpcamp_minfr~_RST.APRQ_11_0635.1-821c0b1c12-nc_1nayu_18278bfa,no_digest,,,0,0,,
,c:\Users\USER\Desktop\CT&RPL\2_Project\KNF_LEU+ 시범연료봉 장전 인허가 과제\2026\2_계산\2_LP\LOW_Fr_MASTER_result\srv199\kit_frontier_runs_fpcamp_minfr~_RST.APRQ_11_0635.1-834adcfcda-we8jug3y_5f7cacfb,no_digest,,,0,0,,
,c:\Users\USER\Desktop\CT&RPL\2_Project\KNF_LEU+ 시범연료봉 장전 인허가 과제\2026\2_계산\2_LP\LOW_Fr_MASTER_result\srv199\kit_frontier_runs_fpcamp_minfr~_RST.APRQ_11_0635.1-84183df27f-qqumn2v9_46324eac,no_digest,,,0,0,,
,c:\Users\USER\Desktop\CT&RPL\2_Project\KNF_LEU+ 시범연료봉 장전 인허가 과제\2026\2_계산\2_LP\LOW_Fr_MASTER_result\srv199\kit_frontier_runs_fpcamp_minfr~_RST.APRQ_11_0635.1-84d5878130-ngxcgwfm_7f692164,no_digest,,,0,0,,
,c:\Users\USER\Desktop\CT&RPL\2_Project\KNF_LEU+ 시범연료봉 장전 인허가 과제\2026\2_계산\2_LP\LOW_Fr_MASTER_result\srv199\kit_frontier_runs_fpcamp_minfr~_RST.APRQ_11_0635.1-85bb47a8ab-syry7ydo_9c88e2f4,no_digest,,,0,0,,
,c:\Users\USER\Desktop\CT&RPL\2_Project\KNF_LEU+ 시범연료봉 장전 인허가 과제\2026\2_계산\2_LP\LOW_Fr_MASTER_result\srv199\kit_frontier_runs_fpcamp_minfr~_RST.APRQ_11_0635.1-869fa53f45-nbdiz5l5_99ba1292,no_digest,,,0,0,,
,c:\Users\USER\Desktop\CT&RPL\2_Project\KNF_LEU+ 시범연료봉 장전 인허가 과제\2026\2_계산\2_LP\LOW_Fr_MASTER_result\srv199\kit_frontier_runs_fpcamp_minfr~_RST.APRQ_11_0635.1-8a8233f6b1-4u77gi2f_29cb1acd,no_digest,,,0,0,,
,c:\Users\USER\Desktop\CT&RPL\2_Project\KNF_LEU+ 시범연료봉 장전 인허가 과제\2026\2_계산\2_LP\LOW_Fr_MASTER_result\srv199\kit_frontier_runs_fpcamp_minfr~_RST.APRQ_11_0635.1-8a9add6677-qlq6veaf_df92e5e9,no_digest,,,0,0,,
,c:\Users\USER\Desktop\CT&RPL\2_Project\KNF_LEU+ 시범연료봉 장전 인허가 과제\2026\2_계산\2_LP\LOW_Fr_MASTER_result\srv199\kit_frontier_runs_fpcamp_minfr~_RST.APRQ_11_0635.1-8aa9372e00-1grlqvrj_6244d5dd,no_digest,,,0,0,,
,c:\Users\USER\Desktop\CT&RPL\2_Project\KNF_LEU+ 시범연료봉 장전 인허가 과제\2026\2_계산\2_LP\LOW_Fr_MASTER_result\srv199\kit_frontier_runs_fpcamp_minfr~_RST.APRQ_11_0635.1-8d41d25835-xe94expu_a24cacec,no_digest,,,0,0,,
,c:\Users\USER\Desktop\CT&RPL\2_Project\KNF_LEU+ 시범연료봉 장전 인허가 과제\2026\2_계산\2_LP\LOW_Fr_MASTER_result\srv199\kit_frontier_runs_fpcamp_minfr~_RST.APRQ_11_0635.1-8e1d24eea5-trfjpjnc_aabdf57a,no_digest,,,0,0,,
,c:\Users\USER\Desktop\CT&RPL\2_Project\KNF_LEU+ 시범연료봉 장전 인허가 과제\2026\2_계산\2_LP\LOW_Fr_MASTER_result\srv199\kit_frontier_runs_fpcamp_minfr~_RST.APRQ_11_0635.1-8f0cbae442-auxrx4r9_68d09e7c,no_digest,,,0,0,,
,c:\Users\USER\Desktop\CT&RPL\2_Project\KNF_LEU+ 시범연료봉 장전 인허가 과제\2026\2_계산\2_LP\LOW_Fr_MASTER_result\srv199\kit_frontier_runs_fpcamp_minfr~_RST.APRQ_11_0635.1-90bc6c6a7a-woqgy_cu_a4559b0e,no_digest,,,0,0,,
,c:\Users\USER\Desktop\CT&RPL\2_Project\KNF_LEU+ 시범연료봉 장전 인허가 과제\2026\2_계산\2_LP\LOW_Fr_MASTER_result\srv199\kit_frontier_runs_fpcamp_minfr~_RST.APRQ_11_0635.1-917b5eb8d6-3z8omgwe_a4bbd336,no_digest,,,0,0,,
,c:\Users\USER\Desktop\CT&RPL\2_Project\KNF_LEU+ 시범연료봉 장전 인허가 과제\2026\2_계산\2_LP\LOW_Fr_MASTER_result\srv199\kit_frontier_runs_fpcamp_minfr~_RST.APRQ_11_0635.1-982aa7ad09-s5vjiilx_651a8ee2,no_digest,,,0,0,,
,c:\Users\USER\Desktop\CT&RPL\2_Project\KNF_LEU+ 시범연료봉 장전 인허가 과제\2026\2_계산\2_LP\LOW_Fr_MASTER_result\srv199\kit_frontier_runs_fpcamp_minfr~_RST.APRQ_11_0635.1-98e1957d2b-a54m69d4_3ef23f93,no_digest,,,0,0,,
,c:\Users\USER\Desktop\CT&RPL\2_Project\KNF_LEU+ 시범연료봉 장전 인허가 과제\2026\2_계산\2_LP\LOW_Fr_MASTER_result\srv199\kit_frontier_runs_fpcamp_minfr~_RST.APRQ_11_0635.1-99b81677c0-sxinz_te_e2b386da,no_digest,,,0,0,,
,c:\Users\USER\Desktop\CT&RPL\2_Project\KNF_LEU+ 시범연료봉 장전 인허가 과제\2026\2_계산\2_LP\LOW_Fr_MASTER_result\srv199\kit_frontier_runs_fpcamp_minfr~_RST.APRQ_11_0635.1-9cefeb29e7-qh0316rl_ca09d7f5,no_digest,,,0,0,,
,c:\Users\USER\Desktop\CT&RPL\2_Project\KNF_LEU+ 시범연료봉 장전 인허가 과제\2026\2_계산\2_LP\LOW_Fr_MASTER_result\srv199\kit_frontier_runs_fpcamp_minfr~_RST.APRQ_11_0635.1-a1dbdb488c-ketimbmv_005faaa6,no_digest,,,0,0,,
,c:\Users\USER\Desktop\CT&RPL\2_Project\KNF_LEU+ 시범연료봉 장전 인허가 과제\2026\2_계산\2_LP\LOW_Fr_MASTER_result\srv199\kit_frontier_runs_fpcamp_minfr~_RST.APRQ_11_0635.1-a1eaa655c1-_a7qticz_c637cbe5,no_digest,,,0,0,,
,c:\Users\USER\Desktop\CT&RPL\2_Project\KNF_LEU+ 시범연료봉 장전 인허가 과제\2026\2_계산\2_LP\LOW_Fr_MASTER_result\srv199\kit_frontier_runs_fpcamp_minfr~_RST.APRQ_11_0635.1-a236e7da50-zf6wj8u9_8788a429,no_digest,,,0,0,,
,c:\Users\USER\Desktop\CT&RPL\2_Project\KNF_LEU+ 시범연료봉 장전 인허가 과제\2026\2_계산\2_LP\LOW_Fr_MASTER_result\srv199\kit_frontier_runs_fpcamp_minfr~_RST.APRQ_11_0635.1-a39bb96c2c-gec5ray8_768ba739,no_digest,,,0,0,,
,c:\Users\USER\Desktop\CT&RPL\2_Project\KNF_LEU+ 시범연료봉 장전 인허가 과제\2026\2_계산\2_LP\LOW_Fr_MASTER_result\srv199\kit_frontier_runs_fpcamp_minfr~_RST.APRQ_11_0635.1-a6d5b480de-14qnu_vs_069ea195,no_digest,,,0,0,,
,c:\Users\USER\Desktop\CT&RPL\2_Project\KNF_LEU+ 시범연료봉 장전 인허가 과제\2026\2_계산\2_LP\LOW_Fr_MASTER_result\srv199\kit_frontier_runs_fpcamp_minfr~_RST.APRQ_11_0635.1-a723874e6b-o09tepp9_6a4fa5aa,no_digest,,,0,0,,
,c:\Users\USER\Desktop\CT&RPL\2_Project\KNF_LEU+ 시범연료봉 장전 인허가 과제\2026\2_계산\2_LP\LOW_Fr_MASTER_result\srv199\kit_frontier_runs_fpcamp_minfr~_RST.APRQ_11_0635.1-a85d52fb78-lofb8ol1_00db54fb,no_digest,,,0,0,,
,c:\Users\USER\Desktop\CT&RPL\2_Project\KNF_LEU+ 시범연료봉 장전 인허가 과제\2026\2_계산\2_LP\LOW_Fr_MASTER_result\srv199\kit_frontier_runs_fpcamp_minfr~_RST.APRQ_11_0635.1-a9b3a08265-2sqf14qj_6e51e1a7,no_digest,,,0,0,,
,c:\Users\USER\Desktop\CT&RPL\2_Project\KNF_LEU+ 시범연료봉 장전 인허가 과제\2026\2_계산\2_LP\LOW_Fr_MASTER_result\srv199\kit_frontier_runs_fpcamp_minfr~_RST.APRQ_11_0635.1-aab836214c-4ow1q8jt_f7ea559c,no_digest,,,0,0,,
,c:\Users\USER\Desktop\CT&RPL\2_Project\KNF_LEU+ 시범연료봉 장전 인허가 과제\2026\2_계산\2_LP\LOW_Fr_MASTER_result\srv199\kit_frontier_runs_fpcamp_minfr~_RST.APRQ_11_0635.1-ab56bef0d3-ztgsw4li_1623103a,no_digest,,,0,0,,
,c:\Users\USER\Desktop\CT&RPL\2_Project\KNF_LEU+ 시범연료봉 장전 인허가 과제\2026\2_계산\2_LP\LOW_Fr_MASTER_result\srv199\kit_frontier_runs_fpcamp_minfr~_RST.APRQ_11_0635.1-adbcc31f0e-o6_t5o08_b7c61b22,no_digest,,,0,0,,
,c:\Users\USER\Desktop\CT&RPL\2_Project\KNF_LEU+ 시범연료봉 장전 인허가 과제\2026\2_계산\2_LP\LOW_Fr_MASTER_result\srv199\kit_frontier_runs_fpcamp_minfr~_RST.APRQ_11_0635.1-af9e9c62ab-obh4qw34_6d1f2ea3,no_digest,,,0,0,,
,c:\Users\USER\Desktop\CT&RPL\2_Project\KNF_LEU+ 시범연료봉 장전 인허가 과제\2026\2_계산\2_LP\LOW_Fr_MASTER_result\srv199\kit_frontier_runs_fpcamp_minfr~_RST.APRQ_11_0635.1-b07507c382-31dz2ggb_efc6060a,no_digest,,,0,0,,
,c:\Users\USER\Desktop\CT&RPL\2_Project\KNF_LEU+ 시범연료봉 장전 인허가 과제\2026\2_계산\2_LP\LOW_Fr_MASTER_result\srv199\kit_frontier_runs_fpcamp_minfr~_RST.APRQ_11_0635.1-b10b121bd2-ew52kht3_c19f49c5,no_digest,,,0,0,,
,c:\Users\USER\Desktop\CT&RPL\2_Project\KNF_LEU+ 시범연료봉 장전 인허가 과제\2026\2_계산\2_LP\LOW_Fr_MASTER_result\srv199\kit_frontier_runs_fpcamp_minfr~_RST.APRQ_11_0635.1-b1171a5fe2-5z_k8_er_c1bc9fa3,no_digest,,,0,0,,
,c:\Users\USER\Desktop\CT&RPL\2_Project\KNF_LEU+ 시범연료봉 장전 인허가 과제\2026\2_계산\2_LP\LOW_Fr_MASTER_result\srv199\kit_frontier_runs_fpcamp_minfr~_RST.APRQ_11_0635.1-b21fd7304e-aq8dhdmd_4d68f9f3,no_digest,,,0,0,,
,c:\Users\USER\Desktop\CT&RPL\2_Project\KNF_LEU+ 시범연료봉 장전 인허가 과제\2026\2_계산\2_LP\LOW_Fr_MASTER_result\srv199\kit_frontier_runs_fpcamp_minfr~_RST.APRQ_11_0635.1-b23f7ab444-94ghu2cl_1d9eb0ca,no_digest,,,0,0,,
,c:\Users\USER\Desktop\CT&RPL\2_Project\KNF_LEU+ 시범연료봉 장전 인허가 과제\2026\2_계산\2_LP\LOW_Fr_MASTER_result\srv199\kit_frontier_runs_fpcamp_minfr~_RST.APRQ_11_0635.1-b25f7d11f8-oezzifob_a9d33d42,no_digest,,,0,0,,
,c:\Users\USER\Desktop\CT&RPL\2_Project\KNF_LEU+ 시범연료봉 장전 인허가 과제\2026\2_계산\2_LP\LOW_Fr_MASTER_result\srv199\kit_frontier_runs_fpcamp_minfr~_RST.APRQ_11_0635.1-b381281861-e2bd7466_7730481d,no_digest,,,0,0,,
,c:\Users\USER\Desktop\CT&RPL\2_Project\KNF_LEU+ 시범연료봉 장전 인허가 과제\2026\2_계산\2_LP\LOW_Fr_MASTER_result\srv199\kit_frontier_runs_fpcamp_minfr~_RST.APRQ_11_0635.1-b4167c80e9-2b586s40_8d8099fb,no_digest,,,0,0,,
,c:\Users\USER\Desktop\CT&RPL\2_Project\KNF_LEU+ 시범연료봉 장전 인허가 과제\2026\2_계산\2_LP\LOW_Fr_MASTER_result\srv199\kit_frontier_runs_fpcamp_minfr~_RST.APRQ_11_0635.1-b48e4006dd-dd6vbz1s_8c59f14b,no_digest,,,0,0,,
,c:\Users\USER\Desktop\CT&RPL\2_Project\KNF_LEU+ 시범연료봉 장전 인허가 과제\2026\2_계산\2_LP\LOW_Fr_MASTER_result\srv199\kit_frontier_runs_fpcamp_minfr~_RST.APRQ_11_0635.1-b7a4552f53-u2ss1knd_949041c9,no_digest,,,0,0,,
,c:\Users\USER\Desktop\CT&RPL\2_Project\KNF_LEU+ 시범연료봉 장전 인허가 과제\2026\2_계산\2_LP\LOW_Fr_MASTER_result\srv199\kit_frontier_runs_fpcamp_minfr~_RST.APRQ_11_0635.1-b80fcdbc3f-_0sx8gbz_587e298f,no_digest,,,0,0,,
,c:\Users\USER\Desktop\CT&RPL\2_Project\KNF_LEU+ 시범연료봉 장전 인허가 과제\2026\2_계산\2_LP\LOW_Fr_MASTER_result\srv199\kit_frontier_runs_fpcamp_minfr~_RST.APRQ_11_0635.1-b8666d4d3c-lmu2fgiz_652d9744,no_digest,,,0,0,,
,c:\Users\USER\Desktop\CT&RPL\2_Project\KNF_LEU+ 시범연료봉 장전 인허가 과제\2026\2_계산\2_LP\LOW_Fr_MASTER_result\srv199\kit_frontier_runs_fpcamp_minfr~_RST.APRQ_11_0635.1-b8d27395f0-6t8di1g3_ec29233d,no_digest,,,0,0,,
,c:\Users\USER\Desktop\CT&RPL\2_Project\KNF_LEU+ 시범연료봉 장전 인허가 과제\2026\2_계산\2_LP\LOW_Fr_MASTER_result\srv199\kit_frontier_runs_fpcamp_minfr~_RST.APRQ_11_0635.1-b8ee4e6d5b-o6w28reb_adf35238,no_digest,,,0,0,,
,c:\Users\USER\Desktop\CT&RPL\2_Project\KNF_LEU+ 시범연료봉 장전 인허가 과제\2026\2_계산\2_LP\LOW_Fr_MASTER_result\srv199\kit_frontier_runs_fpcamp_minfr~_RST.APRQ_11_0635.1-b95eb97480-k8478m0c_4f858d0a,no_digest,,,0,0,,
,c:\Users\USER\Desktop\CT&RPL\2_Project\KNF_LEU+ 시범연료봉 장전 인허가 과제\2026\2_계산\2_LP\LOW_Fr_MASTER_result\srv199\kit_frontier_runs_fpcamp_minfr~_RST.APRQ_11_0635.1-baecf017e7-y3m25ag2_9cae6ecd,no_digest,,,0,0,,
,c:\Users\USER\Desktop\CT&RPL\2_Project\KNF_LEU+ 시범연료봉 장전 인허가 과제\2026\2_계산\2_LP\LOW_Fr_MASTER_result\srv199\kit_frontier_runs_fpcamp_minfr~_RST.APRQ_11_0635.1-bc31219c24-8eixzzcg_db5bb269,no_digest,,,0,0,,
,c:\Users\USER\Desktop\CT&RPL\2_Project\KNF_LEU+ 시범연료봉 장전 인허가 과제\2026\2_계산\2_LP\LOW_Fr_MASTER_result\srv199\kit_frontier_runs_fpcamp_minfr~_RST.APRQ_11_0635.1-bf25a5b3f7-sxizylh4_77d3ae32,no_digest,,,0,0,,
,c:\Users\USER\Desktop\CT&RPL\2_Project\KNF_LEU+ 시범연료봉 장전 인허가 과제\2026\2_계산\2_LP\LOW_Fr_MASTER_result\srv199\kit_frontier_runs_fpcamp_minfr~_RST.APRQ_11_0635.1-c0a33aace0-1zleau3c_2759d601,no_digest,,,0,0,,
,c:\Users\USER\Desktop\CT&RPL\2_Project\KNF_LEU+ 시범연료봉 장전 인허가 과제\2026\2_계산\2_LP\LOW_Fr_MASTER_result\srv199\kit_frontier_runs_fpcamp_minfr~_RST.APRQ_11_0635.1-c317821cdb-t_wp93uv_57b49b07,no_digest,,,0,0,,
,c:\Users\USER\Desktop\CT&RPL\2_Project\KNF_LEU+ 시범연료봉 장전 인허가 과제\2026\2_계산\2_LP\LOW_Fr_MASTER_result\srv199\kit_frontier_runs_fpcamp_minfr~_RST.APRQ_11_0635.1-c3b0f64108-2hjcnpkh_0da35089,no_digest,,,0,0,,
,c:\Users\USER\Desktop\CT&RPL\2_Project\KNF_LEU+ 시범연료봉 장전 인허가 과제\2026\2_계산\2_LP\LOW_Fr_MASTER_result\srv199\kit_frontier_runs_fpcamp_minfr~_RST.APRQ_11_0635.1-c3b9a6d5cc-k78ujtyv_0f9950dd,no_digest,,,0,0,,
,c:\Users\USER\Desktop\CT&RPL\2_Project\KNF_LEU+ 시범연료봉 장전 인허가 과제\2026\2_계산\2_LP\LOW_Fr_MASTER_result\srv199\kit_frontier_runs_fpcamp_minfr~_RST.APRQ_11_0635.1-c416dbc531-1toz9uw3_78b12ad8,no_digest,,,0,0,,
,c:\Users\USER\Desktop\CT&RPL\2_Project\KNF_LEU+ 시범연료봉 장전 인허가 과제\2026\2_계산\2_LP\LOW_Fr_MASTER_result\srv199\kit_frontier_runs_fpcamp_minfr~_RST.APRQ_11_0635.1-c52cd8fc7b-y3t9i309_87282ec5,no_digest,,,0,0,,
,c:\Users\USER\Desktop\CT&RPL\2_Project\KNF_LEU+ 시범연료봉 장전 인허가 과제\2026\2_계산\2_LP\LOW_Fr_MASTER_result\srv199\kit_frontier_runs_fpcamp_minfr~_RST.APRQ_11_0635.1-c65d29f94f-w8luyoey_c427dd22,no_digest,,,0,0,,
,c:\Users\USER\Desktop\CT&RPL\2_Project\KNF_LEU+ 시범연료봉 장전 인허가 과제\2026\2_계산\2_LP\LOW_Fr_MASTER_result\srv199\kit_frontier_runs_fpcamp_minfr~_RST.APRQ_11_0635.1-c81e9634fa-l0ch7b3u_fbdc1980,no_digest,,,0,0,,
,c:\Users\USER\Desktop\CT&RPL\2_Project\KNF_LEU+ 시범연료봉 장전 인허가 과제\2026\2_계산\2_LP\LOW_Fr_MASTER_result\srv199\kit_frontier_runs_fpcamp_minfr~_RST.APRQ_11_0635.1-c85c048ba3-um7yn2fm_a0b10bcf,no_digest,,,0,0,,
,c:\Users\USER\Desktop\CT&RPL\2_Project\KNF_LEU+ 시범연료봉 장전 인허가 과제\2026\2_계산\2_LP\LOW_Fr_MASTER_result\srv199\kit_frontier_runs_fpcamp_minfr~_RST.APRQ_11_0635.1-ca8acd6c4a-5xuxglwy_23dcd387,no_digest,,,0,0,,
,c:\Users\USER\Desktop\CT&RPL\2_Project\KNF_LEU+ 시범연료봉 장전 인허가 과제\2026\2_계산\2_LP\LOW_Fr_MASTER_result\srv199\kit_frontier_runs_fpcamp_minfr~_RST.APRQ_11_0635.1-cb0d54433b-zqg166eq_428512d6,no_digest,,,0,0,,
,c:\Users\USER\Desktop\CT&RPL\2_Project\KNF_LEU+ 시범연료봉 장전 인허가 과제\2026\2_계산\2_LP\LOW_Fr_MASTER_result\srv199\kit_frontier_runs_fpcamp_minfr~_RST.APRQ_11_0635.1-cba56d0160-itt8v3y6_69e8efaf,no_digest,,,0,0,,
,c:\Users\USER\Desktop\CT&RPL\2_Project\KNF_LEU+ 시범연료봉 장전 인허가 과제\2026\2_계산\2_LP\LOW_Fr_MASTER_result\srv199\kit_frontier_runs_fpcamp_minfr~_RST.APRQ_11_0635.1-cba76b37a7-bddokvbh_ed54226e,no_digest,,,0,0,,
,c:\Users\USER\Desktop\CT&RPL\2_Project\KNF_LEU+ 시범연료봉 장전 인허가 과제\2026\2_계산\2_LP\LOW_Fr_MASTER_result\srv199\kit_frontier_runs_fpcamp_minfr~_RST.APRQ_11_0635.1-cc573e3439-uaxsvkfl_5feac7f1,no_digest,,,0,0,,
,c:\Users\USER\Desktop\CT&RPL\2_Project\KNF_LEU+ 시범연료봉 장전 인허가 과제\2026\2_계산\2_LP\LOW_Fr_MASTER_result\srv199\kit_frontier_runs_fpcamp_minfr~_RST.APRQ_11_0635.1-cc9c6c1d1f-i0b9t8t4_25603f84,no_digest,,,0,0,,
,c:\Users\USER\Desktop\CT&RPL\2_Project\KNF_LEU+ 시범연료봉 장전 인허가 과제\2026\2_계산\2_LP\LOW_Fr_MASTER_result\srv199\kit_frontier_runs_fpcamp_minfr~_RST.APRQ_11_0635.1-cd11f31287-w6dd50kr_3c32ce46,no_digest,,,0,0,,
,c:\Users\USER\Desktop\CT&RPL\2_Project\KNF_LEU+ 시범연료봉 장전 인허가 과제\2026\2_계산\2_LP\LOW_Fr_MASTER_result\srv199\kit_frontier_runs_fpcamp_minfr~_RST.APRQ_11_0635.1-cd66ccbcf9-ngs1jrm3_f46d84be,no_digest,,,0,0,,
,c:\Users\USER\Desktop\CT&RPL\2_Project\KNF_LEU+ 시범연료봉 장전 인허가 과제\2026\2_계산\2_LP\LOW_Fr_MASTER_result\srv199\kit_frontier_runs_fpcamp_minfr~_RST.APRQ_11_0635.1-cdf46189ff-vcxxw0yn_8e14c01d,no_digest,,,0,0,,
,c:\Users\USER\Desktop\CT&RPL\2_Project\KNF_LEU+ 시범연료봉 장전 인허가 과제\2026\2_계산\2_LP\LOW_Fr_MASTER_result\srv199\kit_frontier_runs_fpcamp_minfr~_RST.APRQ_11_0635.1-d31409144e-afbq2ol1_7f0e4e25,no_digest,,,0,0,,
,c:\Users\USER\Desktop\CT&RPL\2_Project\KNF_LEU+ 시범연료봉 장전 인허가 과제\2026\2_계산\2_LP\LOW_Fr_MASTER_result\srv199\kit_frontier_runs_fpcamp_minfr~_RST.APRQ_11_0635.1-d3fe8c5c2c-qg9myrhb_5984b4d5,no_digest,,,0,0,,
,c:\Users\USER\Desktop\CT&RPL\2_Project\KNF_LEU+ 시범연료봉 장전 인허가 과제\2026\2_계산\2_LP\LOW_Fr_MASTER_result\srv199\kit_frontier_runs_fpcamp_minfr~_RST.APRQ_11_0635.1-d76940c9ff-vtfnieke_ae2fcecb,no_digest,,,0,0,,
,c:\Users\USER\Desktop\CT&RPL\2_Project\KNF_LEU+ 시범연료봉 장전 인허가 과제\2026\2_계산\2_LP\LOW_Fr_MASTER_result\srv199\kit_frontier_runs_fpcamp_minfr~_RST.APRQ_11_0635.1-d82a338bbf-zxbrahpc_a6cefb6f,no_digest,,,0,0,,
,c:\Users\USER\Desktop\CT&RPL\2_Project\KNF_LEU+ 시범연료봉 장전 인허가 과제\2026\2_계산\2_LP\LOW_Fr_MASTER_result\srv199\kit_frontier_runs_fpcamp_minfr~_RST.APRQ_11_0635.1-d8cbcdbb4c-fz03qa9d_83f8dcf5,no_digest,,,0,0,,
,c:\Users\USER\Desktop\CT&RPL\2_Project\KNF_LEU+ 시범연료봉 장전 인허가 과제\2026\2_계산\2_LP\LOW_Fr_MASTER_result\srv199\kit_frontier_runs_fpcamp_minfr~_RST.APRQ_11_0635.1-daabcdcb44-_frki3c1_90e2a61e,no_digest,,,0,0,,
,c:\Users\USER\Desktop\CT&RPL\2_Project\KNF_LEU+ 시범연료봉 장전 인허가 과제\2026\2_계산\2_LP\LOW_Fr_MASTER_result\srv199\kit_frontier_runs_fpcamp_minfr~_RST.APRQ_11_0635.1-dba85c22f4-akb9ongl_20af4cff,no_digest,,,0,0,,
,c:\Users\USER\Desktop\CT&RPL\2_Project\KNF_LEU+ 시범연료봉 장전 인허가 과제\2026\2_계산\2_LP\LOW_Fr_MASTER_result\srv199\kit_frontier_runs_fpcamp_minfr~_RST.APRQ_11_0635.1-dcc32d108b-3bc36l1q_9421ac0f,no_digest,,,0,0,,
,c:\Users\USER\Desktop\CT&RPL\2_Project\KNF_LEU+ 시범연료봉 장전 인허가 과제\2026\2_계산\2_LP\LOW_Fr_MASTER_result\srv199\kit_frontier_runs_fpcamp_minfr~_RST.APRQ_11_0635.1-de1eb0936c-fgjoai8u_75829d60,no_digest,,,0,0,,
,c:\Users\USER\Desktop\CT&RPL\2_Project\KNF_LEU+ 시범연료봉 장전 인허가 과제\2026\2_계산\2_LP\LOW_Fr_MASTER_result\srv199\kit_frontier_runs_fpcamp_minfr~_RST.APRQ_11_0635.1-def0a67e28-odca1uvb_9dc26062,no_digest,,,0,0,,
,c:\Users\USER\Desktop\CT&RPL\2_Project\KNF_LEU+ 시범연료봉 장전 인허가 과제\2026\2_계산\2_LP\LOW_Fr_MASTER_result\srv199\kit_frontier_runs_fpcamp_minfr~_RST.APRQ_11_0635.1-e24e5300e1-vxd30hmc_b1f0e18d,no_digest,,,0,0,,
,c:\Users\USER\Desktop\CT&RPL\2_Project\KNF_LEU+ 시범연료봉 장전 인허가 과제\2026\2_계산\2_LP\LOW_Fr_MASTER_result\srv199\kit_frontier_runs_fpcamp_minfr~_RST.APRQ_11_0635.1-e34dd49b03-etto6xx7_7f4edc28,no_digest,,,0,0,,
,c:\Users\USER\Desktop\CT&RPL\2_Project\KNF_LEU+ 시범연료봉 장전 인허가 과제\2026\2_계산\2_LP\LOW_Fr_MASTER_result\srv199\kit_frontier_runs_fpcamp_minfr~_RST.APRQ_11_0635.1-e385ad1c46-zl9t6yen_505ecc90,no_digest,,,0,0,,
,c:\Users\USER\Desktop\CT&RPL\2_Project\KNF_LEU+ 시범연료봉 장전 인허가 과제\2026\2_계산\2_LP\LOW_Fr_MASTER_result\srv199\kit_frontier_runs_fpcamp_minfr~_RST.APRQ_11_0635.1-e84aff1a8f-aew22y70_b97d0fa0,no_digest,,,0,0,,
,c:\Users\USER\Desktop\CT&RPL\2_Project\KNF_LEU+ 시범연료봉 장전 인허가 과제\2026\2_계산\2_LP\LOW_Fr_MASTER_result\srv199\kit_frontier_runs_fpcamp_minfr~_RST.APRQ_11_0635.1-e917764d75-61sgr5z0_e184a16d,no_digest,,,0,0,,
,c:\Users\USER\Desktop\CT&RPL\2_Project\KNF_LEU+ 시범연료봉 장전 인허가 과제\2026\2_계산\2_LP\LOW_Fr_MASTER_result\srv199\kit_frontier_runs_fpcamp_minfr~_RST.APRQ_11_0635.1-e9576235ec-l73f9i9c_0854a276,no_digest,,,0,0,,
,c:\Users\USER\Desktop\CT&RPL\2_Project\KNF_LEU+ 시범연료봉 장전 인허가 과제\2026\2_계산\2_LP\LOW_Fr_MASTER_result\srv199\kit_frontier_runs_fpcamp_minfr~_RST.APRQ_11_0635.1-e9f8cde755-uglz0t89_426ce5f1,no_digest,,,0,0,,
,c:\Users\USER\Desktop\CT&RPL\2_Project\KNF_LEU+ 시범연료봉 장전 인허가 과제\2026\2_계산\2_LP\LOW_Fr_MASTER_result\srv199\kit_frontier_runs_fpcamp_minfr~_RST.APRQ_11_0635.1-f0704c16f6-jwbgtw5i_6bf1fb90,no_digest,,,0,0,,
,c:\Users\USER\Desktop\CT&RPL\2_Project\KNF_LEU+ 시범연료봉 장전 인허가 과제\2026\2_계산\2_LP\LOW_Fr_MASTER_result\srv199\kit_frontier_runs_fpcamp_minfr~_RST.APRQ_11_0635.1-f1426a9df9-a5x3zz10_0b7c3c1d,no_digest,,,0,0,,
,c:\Users\USER\Desktop\CT&RPL\2_Project\KNF_LEU+ 시범연료봉 장전 인허가 과제\2026\2_계산\2_LP\LOW_Fr_MASTER_result\srv199\kit_frontier_runs_fpcamp_minfr~_RST.APRQ_11_0635.1-f1e33f560e-px95oqbq_b0afa491,no_digest,,,0,0,,
,c:\Users\USER\Desktop\CT&RPL\2_Project\KNF_LEU+ 시범연료봉 장전 인허가 과제\2026\2_계산\2_LP\LOW_Fr_MASTER_result\srv199\kit_frontier_runs_fpcamp_minfr~_RST.APRQ_11_0635.1-f2001e8d7f-e1nn647y_d79055a7,no_digest,,,0,0,,
,c:\Users\USER\Desktop\CT&RPL\2_Project\KNF_LEU+ 시범연료봉 장전 인허가 과제\2026\2_계산\2_LP\LOW_Fr_MASTER_result\srv199\kit_frontier_runs_fpcamp_minfr~_RST.APRQ_11_0635.1-f29d0e543c-h6pxo7fc_ecf451a7,no_digest,,,0,0,,
,c:\Users\USER\Desktop\CT&RPL\2_Project\KNF_LEU+ 시범연료봉 장전 인허가 과제\2026\2_계산\2_LP\LOW_Fr_MASTER_result\srv199\kit_frontier_runs_fpcamp_minfr~_RST.APRQ_11_0635.1-f2aaae7452-1o6dp0de_981c2b55,no_digest,,,0,0,,
,c:\Users\USER\Desktop\CT&RPL\2_Project\KNF_LEU+ 시범연료봉 장전 인허가 과제\2026\2_계산\2_LP\LOW_Fr_MASTER_result\srv199\kit_frontier_runs_fpcamp_minfr~_RST.APRQ_11_0635.1-f44d7c2212-5pyt6ok2_a0262076,no_digest,,,0,0,,
,c:\Users\USER\Desktop\CT&RPL\2_Project\KNF_LEU+ 시범연료봉 장전 인허가 과제\2026\2_계산\2_LP\LOW_Fr_MASTER_result\srv199\kit_frontier_runs_fpcamp_minfr~_RST.APRQ_11_0635.1-f46822d324-b67afl0h_ccbfb025,no_digest,,,0,0,,
,c:\Users\USER\Desktop\CT&RPL\2_Project\KNF_LEU+ 시범연료봉 장전 인허가 과제\2026\2_계산\2_LP\LOW_Fr_MASTER_result\srv199\kit_frontier_runs_fpcamp_minfr~_RST.APRQ_11_0635.1-f4a138027d-02i8mkeo_77041b6a,no_digest,,,0,0,,
,c:\Users\USER\Desktop\CT&RPL\2_Project\KNF_LEU+ 시범연료봉 장전 인허가 과제\2026\2_계산\2_LP\LOW_Fr_MASTER_result\srv199\kit_frontier_runs_fpcamp_minfr~_RST.APRQ_11_0635.1-f5f49bd0af-fvm5gcse_fcdcc6f4,no_digest,,,0,0,,
,c:\Users\USER\Desktop\CT&RPL\2_Project\KNF_LEU+ 시범연료봉 장전 인허가 과제\2026\2_계산\2_LP\LOW_Fr_MASTER_result\srv199\kit_frontier_runs_fpcamp_minfr~_RST.APRQ_11_0635.1-f707bdaa82-2q1hpco3_30d3eca0,no_digest,,,0,0,,
,c:\Users\USER\Desktop\CT&RPL\2_Project\KNF_LEU+ 시범연료봉 장전 인허가 과제\2026\2_계산\2_LP\LOW_Fr_MASTER_result\srv199\kit_frontier_runs_fpcamp_minfr~_RST.APRQ_11_0635.1-faaff153ef-hqniaiay_b34cdcfc,no_digest,,,0,0,,
,c:\Users\USER\Desktop\CT&RPL\2_Project\KNF_LEU+ 시범연료봉 장전 인허가 과제\2026\2_계산\2_LP\LOW_Fr_MASTER_result\srv199\kit_frontier_runs_fpcamp_minfr~_RST.APRQ_11_0635.1-fb412e15c1-4hd5txnf_a12d9fb5,no_digest,,,0,0,,
,c:\Users\USER\Desktop\CT&RPL\2_Project\KNF_LEU+ 시범연료봉 장전 인허가 과제\2026\2_계산\2_LP\LOW_Fr_MASTER_result\srv199\kit_frontier_runs_fpcamp_minfr~_RST.APRQ_11_0635.1-fbfe6fb8a0-rtm7nhxb_665fa347,no_digest,,,0,0,,
,c:\Users\USER\Desktop\CT&RPL\2_Project\KNF_LEU+ 시범연료봉 장전 인허가 과제\2026\2_계산\2_LP\LOW_Fr_MASTER_result\srv199\kit_frontier_runs_fpcamp_minfr~_RST.APRQ_11_0635.1-fc4949d749-y3u6meve_c966b2fc,no_digest,,,0,0,,
,c:\Users\USER\Desktop\CT&RPL\2_Project\KNF_LEU+ 시범연료봉 장전 인허가 과제\2026\2_계산\2_LP\LOW_Fr_MASTER_result\srv199\kit_frontier_runs_fpcamp_minfr~_RST.APRQ_11_0635.1-fcc1c8192f-lo2_55tm_91ad0996,no_digest,,,0,0,,
,c:\Users\USER\Desktop\CT&RPL\2_Project\KNF_LEU+ 시범연료봉 장전 인허가 과제\2026\2_계산\2_LP\LOW_Fr_MASTER_result\srv199\kit_frontier_runs_fpcamp_minfr~_RST.APRQ_11_0635.1-ffe8b5b7d4-0w7e775q_b6a8086f,no_digest,,,0,0,,
,c:\Users\USER\Desktop\CT&RPL\2_Project\KNF_LEU+ 시범연료봉 장전 인허가 과제\2026\2_계산\2_LP\LOW_Fr_MASTER_result\srv199\kit_frontier_runs_fpcamp_minfr~_RST.APRQ_11_0635.1-fff508c4d1-awmkt139_9ff90b5c,no_digest,,,0,0,,
,c:\Users\USER\Desktop\CT&RPL\2_Project\KNF_LEU+ 시범연료봉 장전 인허가 과제\2026\2_계산\2_LP\LOW_Fr_MASTER_result\srv199\kit_frontier_runs_fpcamp_minfr~S_RST.APRQ_10_0615.1-058c4d0b52-we_ejg8_b95dc919,no_digest,,,0,0,,
,c:\Users\USER\Desktop\CT&RPL\2_Project\KNF_LEU+ 시범연료봉 장전 인허가 과제\2026\2_계산\2_LP\LOW_Fr_MASTER_result\srv199\kit_frontier_runs_fpcamp_minfr~S_RST.APRQ_10_0615.1-1f2ed75063-bztwbhn_4329c5d8,no_digest,,,0,0,,
,c:\Users\USER\Desktop\CT&RPL\2_Project\KNF_LEU+ 시범연료봉 장전 인허가 과제\2026\2_계산\2_LP\LOW_Fr_MASTER_result\srv199\kit_frontier_runs_fpcamp_minfr~S_RST.APRQ_10_0615.1-2005c60184-1jnnina_9feece51,no_digest,,,0,0,,
,c:\Users\USER\Desktop\CT&RPL\2_Project\KNF_LEU+ 시범연료봉 장전 인허가 과제\2026\2_계산\2_LP\LOW_Fr_MASTER_result\srv199\kit_frontier_runs_fpcamp_minfr~S_RST.APRQ_10_0615.1-296838e658-uag2_ag_4662bfc0,no_digest,,,0,0,,
,c:\Users\USER\Desktop\CT&RPL\2_Project\KNF_LEU+ 시범연료봉 장전 인허가 과제\2026\2_계산\2_LP\LOW_Fr_MASTER_result\srv199\kit_frontier_runs_fpcamp_minfr~S_RST.APRQ_10_0615.1-2f40647ad9-or_0wst_5c197422,no_digest,,,0,0,,
,c:\Users\USER\Desktop\CT&RPL\2_Project\KNF_LEU+ 시범연료봉 장전 인허가 과제\2026\2_계산\2_LP\LOW_Fr_MASTER_result\srv199\kit_frontier_runs_fpcamp_minfr~S_RST.APRQ_10_0615.1-3bf6dfba0e-j7yaops_2e39c5b3,no_digest,,,0,0,,
,c:\Users\USER\Desktop\CT&RPL\2_Project\KNF_LEU+ 시범연료봉 장전 인허가 과제\2026\2_계산\2_LP\LOW_Fr_MASTER_result\srv199\kit_frontier_runs_fpcamp_minfr~S_RST.APRQ_10_0615.1-44beb67d5d-mp7psty_4e63462f,no_digest,,,0,0,,
,c:\Users\USER\Desktop\CT&RPL\2_Project\KNF_LEU+ 시범연료봉 장전 인허가 과제\2026\2_계산\2_LP\LOW_Fr_MASTER_result\srv199\kit_frontier_runs_fpcamp_minfr~S_RST.APRQ_10_0615.1-4c2aef181a-tme_14p_69f43368,no_digest,,,0,0,,
,c:\Users\USER\Desktop\CT&RPL\2_Project\KNF_LEU+ 시범연료봉 장전 인허가 과제\2026\2_계산\2_LP\LOW_Fr_MASTER_result\srv199\kit_frontier_runs_fpcamp_minfr~S_RST.APRQ_10_0615.1-54fc0a514f-6t32gpa_4f8dd9a3,no_digest,,,0,0,,
,c:\Users\USER\Desktop\CT&RPL\2_Project\KNF_LEU+ 시범연료봉 장전 인허가 과제\2026\2_계산\2_LP\LOW_Fr_MASTER_result\srv199\kit_frontier_runs_fpcamp_minfr~S_RST.APRQ_10_0615.1-66f0269ed6-go7_8us_03459290,no_digest,,,0,0,,
,c:\Users\USER\Desktop\CT&RPL\2_Project\KNF_LEU+ 시범연료봉 장전 인허가 과제\2026\2_계산\2_LP\LOW_Fr_MASTER_result\srv199\kit_frontier_runs_fpcamp_minfr~S_RST.APRQ_10_0615.1-6cd53af269-2_az57i_5f7489ab,no_digest,,,0,0,,
,c:\Users\USER\Desktop\CT&RPL\2_Project\KNF_LEU+ 시범연료봉 장전 인허가 과제\2026\2_계산\2_LP\LOW_Fr_MASTER_result\srv199\kit_frontier_runs_fpcamp_minfr~S_RST.APRQ_10_0615.1-6ec66a6fe2-5hxsbif_ec54f792,no_digest,,,0,0,,
,c:\Users\USER\Desktop\CT&RPL\2_Project\KNF_LEU+ 시범연료봉 장전 인허가 과제\2026\2_계산\2_LP\LOW_Fr_MASTER_result\srv199\kit_frontier_runs_fpcamp_minfr~S_RST.APRQ_10_0615.1-704438859d-b0bb3ty_a28f5f27,no_digest,,,0,0,,
,c:\Users\USER\Desktop\CT&RPL\2_Project\KNF_LEU+ 시범연료봉 장전 인허가 과제\2026\2_계산\2_LP\LOW_Fr_MASTER_result\srv199\kit_frontier_runs_fpcamp_minfr~S_RST.APRQ_10_0615.1-74629ab106-4au468n_51cd7fbb,no_digest,,,0,0,,
,c:\Users\USER\Desktop\CT&RPL\2_Project\KNF_LEU+ 시범연료봉 장전 인허가 과제\2026\2_계산\2_LP\LOW_Fr_MASTER_result\srv199\kit_frontier_runs_fpcamp_minfr~S_RST.APRQ_10_0615.1-805e69e151-rm60qdp_bac94873,no_digest,,,0,0,,
,c:\Users\USER\Desktop\CT&RPL\2_Project\KNF_LEU+ 시범연료봉 장전 인허가 과제\2026\2_계산\2_LP\LOW_Fr_MASTER_result\srv199\kit_frontier_runs_fpcamp_minfr~S_RST.APRQ_10_0615.1-864d803666-xc_2v6o_71a9735a,no_digest,,,0,0,,
,c:\Users\USER\Desktop\CT&RPL\2_Project\KNF_LEU+ 시범연료봉 장전 인허가 과제\2026\2_계산\2_LP\LOW_Fr_MASTER_result\srv199\kit_frontier_runs_fpcamp_minfr~S_RST.APRQ_10_0615.1-a2635f5b3a-1uo9i8r_955d5843,no_digest,,,0,0,,
,c:\Users\USER\Desktop\CT&RPL\2_Project\KNF_LEU+ 시범연료봉 장전 인허가 과제\2026\2_계산\2_LP\LOW_Fr_MASTER_result\srv199\kit_frontier_runs_fpcamp_minfr~S_RST.APRQ_10_0615.1-af351eaef8-rupzu9x_1d5edb57,no_digest,,,0,0,,
,c:\Users\USER\Desktop\CT&RPL\2_Project\KNF_LEU+ 시범연료봉 장전 인허가 과제\2026\2_계산\2_LP\LOW_Fr_MASTER_result\srv199\kit_frontier_runs_fpcamp_minfr~S_RST.APRQ_10_0615.1-c21214c111-ipnbzmf_fec74e92,no_digest,,,0,0,,
,c:\Users\USER\Desktop\CT&RPL\2_Project\KNF_LEU+ 시범연료봉 장전 인허가 과제\2026\2_계산\2_LP\LOW_Fr_MASTER_result\srv199\kit_frontier_runs_fpcamp_minfr~S_RST.APRQ_10_0615.1-c3157dedcc-x04xx93_6e397b5f,no_mas_sum,,,0,0,,
,c:\Users\USER\Desktop\CT&RPL\2_Project\KNF_LEU+ 시범연료봉 장전 인허가 과제\2026\2_계산\2_LP\LOW_Fr_MASTER_result\srv199\kit_frontier_runs_fpcamp_minfr~S_RST.APRQ_10_0615.1-ccebb510e4-jy2sepb_d8058861,no_digest,,,0,0,,
,c:\Users\USER\Desktop\CT&RPL\2_Project\KNF_LEU+ 시범연료봉 장전 인허가 과제\2026\2_계산\2_LP\LOW_Fr_MASTER_result\srv199\kit_frontier_runs_fpcamp_minfr~S_RST.APRQ_10_0615.1-d933094b3e-fb4p_0r_b205046d,no_digest,,,0,0,,
,c:\Users\USER\Desktop\CT&RPL\2_Project\KNF_LEU+ 시범연료봉 장전 인허가 과제\2026\2_계산\2_LP\LOW_Fr_MASTER_result\srv199\kit_frontier_runs_fpcamp_minfr~S_RST.APRQ_10_0615.1-de49f2d7f4-v875nfj_10f22510,no_digest,,,0,0,,
,c:\Users\USER\Desktop\CT&RPL\2_Project\KNF_LEU+ 시범연료봉 장전 인허가 과제\2026\2_계산\2_LP\LOW_Fr_MASTER_result\srv199\kit_frontier_runs_fpcamp_minfr~S_RST.APRQ_10_0615.1-efc2c2c1d1-f2lxlgr_824ec180,no_digest,,,0,0,,
,c:\Users\USER\Desktop\CT&RPL\2_Project\KNF_LEU+ 시범연료봉 장전 인허가 과제\2026\2_계산\2_LP\LOW_Fr_MASTER_result\srv199\kit_frontier_runs_fpcamp_minfr~S_RST.APRQ_10_0615.1-f1e5e36523-12nlpzo_95e12678,no_digest,,,0,0,,
,c:\Users\USER\Desktop\CT&RPL\2_Project\KNF_LEU+ 시범연료봉 장전 인허가 과제\2026\2_계산\2_LP\LOW_Fr_MASTER_result\srv199\kit_frontier_runs_fpcamp_minfr~S_RST.APRQ_10_0615.1-fe2304522d-mlk8y0t_3467d475,no_digest,,,0,0,,
,c:\Users\USER\Desktop\CT&RPL\2_Project\KNF_LEU+ 시범연료봉 장전 인허가 과제\2026\2_계산\2_LP\LOW_Fr_MASTER_result\srv199\kit_frontier_runs_fpcamp_minfr~S_RST.APRQ_11_0635.1-3faee988d4-0d986ai_bae56682,no_digest,,,0,0,,
,c:\Users\USER\Desktop\CT&RPL\2_Project\KNF_LEU+ 시범연료봉 장전 인허가 과제\2026\2_계산\2_LP\LOW_Fr_MASTER_result\srv199\kit_frontier_runs_fpcamp_minfr~S_RST.APRQ_11_0635.1-416585efea-73qseby_1aa6d97e,no_digest,,,0,0,,
,c:\Users\USER\Desktop\CT&RPL\2_Project\KNF_LEU+ 시범연료봉 장전 인허가 과제\2026\2_계산\2_LP\LOW_Fr_MASTER_result\srv199\kit_frontier_runs_fpcamp_minfr~S_RST.APRQ_11_0635.1-46949da611-xlywp3d_73438beb,no_digest,,,0,0,,
,c:\Users\USER\Desktop\CT&RPL\2_Project\KNF_LEU+ 시범연료봉 장전 인허가 과제\2026\2_계산\2_LP\LOW_Fr_MASTER_result\srv199\kit_frontier_runs_fpcamp_minfr~S_RST.APRQ_11_0635.1-52f1fa06ff-uws07km_628a4625,no_digest,,,0,0,,
,c:\Users\USER\Desktop\CT&RPL\2_Project\KNF_LEU+ 시범연료봉 장전 인허가 과제\2026\2_계산\2_LP\LOW_Fr_MASTER_result\srv199\kit_frontier_runs_fpcamp_minfr~S_RST.APRQ_11_0635.1-8c79b082b7-w0cw6fw_8cf92e46,no_digest,,,0,0,,
,c:\Users\USER\Desktop\CT&RPL\2_Project\KNF_LEU+ 시범연료봉 장전 인허가 과제\2026\2_계산\2_LP\LOW_Fr_MASTER_result\srv199\kit_frontier_runs_fpcamp_minfr~S_RST.APRQ_11_0635.1-9361c6d595-gt30v69_479f41ce,no_digest,,,0,0,,
,c:\Users\USER\Desktop\CT&RPL\2_Project\KNF_LEU+ 시범연료봉 장전 인허가 과제\2026\2_계산\2_LP\LOW_Fr_MASTER_result\srv199\kit_frontier_runs_fpcamp_minfr~S_RST.APRQ_11_0635.1-e533edcd8e-qy_kjnt_a0498111,no_digest,,,0,0,,
,c:\Users\USER\Desktop\CT&RPL\2_Project\KNF_LEU+ 시범연료봉 장전 인허가 과제\2026\2_계산\2_LP\LOW_Fr_MASTER_result\srv199\kit_frontier_runs_fpcamp_minfr~S_RST.APRQ_11_0635.1-e7933e5c5c-1k6a1pk_03359fe2,no_digest,,,0,0,,
,c:\Users\USER\Desktop\CT&RPL\2_Project\KNF_LEU+ 시범연료봉 장전 인허가 과제\2026\2_계산\2_LP\LOW_Fr_MASTER_result\srv199\kit_frontier_runs_fpcamp_minfr~S_RST.APRQ_11_0635.1-ea86b20e4c-y15ie_r_9d12c2c2,no_digest,,,0,0,,
,c:\Users\USER\Desktop\CT&RPL\2_Project\KNF_LEU+ 시범연료봉 장전 인허가 과제\2026\2_계산\2_LP\LOW_Fr_MASTER_result\srv199\kit_frontier_runs_fpcamp_minfr~S_RST.APRQ_11_0635.1-ecf6e78b0a-_nphofg_2468c91c,no_digest,,,0,0,,
,c:\Users\USER\Desktop\CT&RPL\2_Project\KNF_LEU+ 시범연료봉 장전 인허가 과제\2026\2_계산\2_LP\LOW_Fr_MASTER_result\srv199\kit_frontier_runs_fr_transfer_~_RST.APRQ_10_0635.8-043cee590a-_2gte2po_e7871e32,no_digest,,,0,0,,
,c:\Users\USER\Desktop\CT&RPL\2_Project\KNF_LEU+ 시범연료봉 장전 인허가 과제\2026\2_계산\2_LP\LOW_Fr_MASTER_result\srv199\kit_frontier_runs_fr_transfer_~_RST.APRQ_10_0635.8-06f45ad964-i0ekwh2l_2e703e49,no_digest,,,0,0,,
,c:\Users\USER\Desktop\CT&RPL\2_Project\KNF_LEU+ 시범연료봉 장전 인허가 과제\2026\2_계산\2_LP\LOW_Fr_MASTER_result\srv199\kit_frontier_runs_fr_transfer_~_RST.APRQ_10_0635.8-0a09724d76-v00vfyxl_9ea793dd,no_digest,,,0,0,,
,c:\Users\USER\Desktop\CT&RPL\2_Project\KNF_LEU+ 시범연료봉 장전 인허가 과제\2026\2_계산\2_LP\LOW_Fr_MASTER_result\srv199\kit_frontier_runs_fr_transfer_~_RST.APRQ_10_0635.8-0af100baf9-csa1zs73_b0990dd7,no_digest,,,0,0,,
,c:\Users\USER\Desktop\CT&RPL\2_Project\KNF_LEU+ 시범연료봉 장전 인허가 과제\2026\2_계산\2_LP\LOW_Fr_MASTER_result\srv199\kit_frontier_runs_fr_transfer_~_RST.APRQ_10_0635.8-0b99dcf7bd-44dbd1st_ad13a9d0,no_digest,,,0,0,,
,c:\Users\USER\Desktop\CT&RPL\2_Project\KNF_LEU+ 시범연료봉 장전 인허가 과제\2026\2_계산\2_LP\LOW_Fr_MASTER_result\srv199\kit_frontier_runs_fr_transfer_~_RST.APRQ_10_0635.8-0e58ea6e79-zxxxv992_a699778d,no_digest,,,0,0,,
,c:\Users\USER\Desktop\CT&RPL\2_Project\KNF_LEU+ 시범연료봉 장전 인허가 과제\2026\2_계산\2_LP\LOW_Fr_MASTER_result\srv199\kit_frontier_runs_fr_transfer_~_RST.APRQ_10_0635.8-10380c1994-o1_2uc17_a02b6b68,no_digest,,,0,0,,
,c:\Users\USER\Desktop\CT&RPL\2_Project\KNF_LEU+ 시범연료봉 장전 인허가 과제\2026\2_계산\2_LP\LOW_Fr_MASTER_result\srv199\kit_frontier_runs_fr_transfer_~_RST.APRQ_10_0635.8-1312ae391a-f_y552hw_9c731309,no_digest,,,0,0,,
,c:\Users\USER\Desktop\CT&RPL\2_Project\KNF_LEU+ 시범연료봉 장전 인허가 과제\2026\2_계산\2_LP\LOW_Fr_MASTER_result\srv199\kit_frontier_runs_fr_transfer_~_RST.APRQ_10_0635.8-13e4eeee28-_vu7xvlg_0e1a08b8,no_digest,,,0,0,,
,c:\Users\USER\Desktop\CT&RPL\2_Project\KNF_LEU+ 시범연료봉 장전 인허가 과제\2026\2_계산\2_LP\LOW_Fr_MASTER_result\srv199\kit_frontier_runs_fr_transfer_~_RST.APRQ_10_0635.8-14a06f8c6a-cv_axt6g_2579df57,no_digest,,,0,0,,
,c:\Users\USER\Desktop\CT&RPL\2_Project\KNF_LEU+ 시범연료봉 장전 인허가 과제\2026\2_계산\2_LP\LOW_Fr_MASTER_result\srv199\kit_frontier_runs_fr_transfer_~_RST.APRQ_10_0635.8-170451f423-5r1wpz9l_9921260b,no_digest,,,0,0,,
,c:\Users\USER\Desktop\CT&RPL\2_Project\KNF_LEU+ 시범연료봉 장전 인허가 과제\2026\2_계산\2_LP\LOW_Fr_MASTER_result\srv199\kit_frontier_runs_fr_transfer_~_RST.APRQ_10_0635.8-1ea374b0c9-wil090wb_8970b484,no_digest,,,0,0,,
,c:\Users\USER\Desktop\CT&RPL\2_Project\KNF_LEU+ 시범연료봉 장전 인허가 과제\2026\2_계산\2_LP\LOW_Fr_MASTER_result\srv199\kit_frontier_runs_fr_transfer_~_RST.APRQ_10_0635.8-20d189c2a3-p2z87n8k_22e5694e,no_digest,,,0,0,,
,c:\Users\USER\Desktop\CT&RPL\2_Project\KNF_LEU+ 시범연료봉 장전 인허가 과제\2026\2_계산\2_LP\LOW_Fr_MASTER_result\srv199\kit_frontier_runs_fr_transfer_~_RST.APRQ_10_0635.8-2158965b87-mkx_to6x_1b291b97,no_digest,,,0,0,,
,c:\Users\USER\Desktop\CT&RPL\2_Project\KNF_LEU+ 시범연료봉 장전 인허가 과제\2026\2_계산\2_LP\LOW_Fr_MASTER_result\srv199\kit_frontier_runs_fr_transfer_~_RST.APRQ_10_0635.8-21b48c2f44-uhy4exja_b6b51c75,no_digest,,,0,0,,
,c:\Users\USER\Desktop\CT&RPL\2_Project\KNF_LEU+ 시범연료봉 장전 인허가 과제\2026\2_계산\2_LP\LOW_Fr_MASTER_result\srv199\kit_frontier_runs_fr_transfer_~_RST.APRQ_10_0635.8-2238078142-yyrdo6gf_b4b4173d,no_digest,,,0,0,,
,c:\Users\USER\Desktop\CT&RPL\2_Project\KNF_LEU+ 시범연료봉 장전 인허가 과제\2026\2_계산\2_LP\LOW_Fr_MASTER_result\srv199\kit_frontier_runs_fr_transfer_~_RST.APRQ_10_0635.8-24620fc556-mxucei1u_8aaf74c1,no_digest,,,0,0,,
,c:\Users\USER\Desktop\CT&RPL\2_Project\KNF_LEU+ 시범연료봉 장전 인허가 과제\2026\2_계산\2_LP\LOW_Fr_MASTER_result\srv199\kit_frontier_runs_fr_transfer_~_RST.APRQ_10_0635.8-24d8d1c7e2-8z0sbg2t_c44777a3,no_digest,,,0,0,,
,c:\Users\USER\Desktop\CT&RPL\2_Project\KNF_LEU+ 시범연료봉 장전 인허가 과제\2026\2_계산\2_LP\LOW_Fr_MASTER_result\srv199\kit_frontier_runs_fr_transfer_~_RST.APRQ_10_0635.8-25c25e0aa0-vxl2cppb_bb857b69,no_digest,,,0,0,,
,c:\Users\USER\Desktop\CT&RPL\2_Project\KNF_LEU+ 시범연료봉 장전 인허가 과제\2026\2_계산\2_LP\LOW_Fr_MASTER_result\srv199\kit_frontier_runs_fr_transfer_~_RST.APRQ_10_0635.8-28b344fe11-t8w2g4f0_4beb9ef4,no_digest,,,0,0,,
,c:\Users\USER\Desktop\CT&RPL\2_Project\KNF_LEU+ 시범연료봉 장전 인허가 과제\2026\2_계산\2_LP\LOW_Fr_MASTER_result\srv199\kit_frontier_runs_fr_transfer_~_RST.APRQ_10_0635.8-2941845d46-vc68layb_745832c3,no_digest,,,0,0,,
,c:\Users\USER\Desktop\CT&RPL\2_Project\KNF_LEU+ 시범연료봉 장전 인허가 과제\2026\2_계산\2_LP\LOW_Fr_MASTER_result\srv199\kit_frontier_runs_fr_transfer_~_RST.APRQ_10_0635.8-2bfb6cfba2-7a21eqmr_1e5fefbd,no_digest,,,0,0,,
,c:\Users\USER\Desktop\CT&RPL\2_Project\KNF_LEU+ 시범연료봉 장전 인허가 과제\2026\2_계산\2_LP\LOW_Fr_MASTER_result\srv199\kit_frontier_runs_fr_transfer_~_RST.APRQ_10_0635.8-3195c67d53-djst6755_ebed488f,no_digest,,,0,0,,
,c:\Users\USER\Desktop\CT&RPL\2_Project\KNF_LEU+ 시범연료봉 장전 인허가 과제\2026\2_계산\2_LP\LOW_Fr_MASTER_result\srv199\kit_frontier_runs_fr_transfer_~_RST.APRQ_10_0635.8-36d363d08c-jhdjin1e_3972a000,no_digest,,,0,0,,
,c:\Users\USER\Desktop\CT&RPL\2_Project\KNF_LEU+ 시범연료봉 장전 인허가 과제\2026\2_계산\2_LP\LOW_Fr_MASTER_result\srv199\kit_frontier_runs_fr_transfer_~_RST.APRQ_10_0635.8-3965801b09-8qmk69ib_388489dc,no_digest,,,0,0,,
,c:\Users\USER\Desktop\CT&RPL\2_Project\KNF_LEU+ 시범연료봉 장전 인허가 과제\2026\2_계산\2_LP\LOW_Fr_MASTER_result\srv199\kit_frontier_runs_fr_transfer_~_RST.APRQ_10_0635.8-42dcb566f1-ni1y1r49_108d918e,no_digest,,,0,0,,
,c:\Users\USER\Desktop\CT&RPL\2_Project\KNF_LEU+ 시범연료봉 장전 인허가 과제\2026\2_계산\2_LP\LOW_Fr_MASTER_result\srv199\kit_frontier_runs_fr_transfer_~_RST.APRQ_10_0635.8-44384b21e9-6lfl_kf2_1f385405,no_digest,,,0,0,,
,c:\Users\USER\Desktop\CT&RPL\2_Project\KNF_LEU+ 시범연료봉 장전 인허가 과제\2026\2_계산\2_LP\LOW_Fr_MASTER_result\srv199\kit_frontier_runs_fr_transfer_~_RST.APRQ_10_0635.8-45454dbb26-146hbpdk_eea9bfe9,no_digest,,,0,0,,
,c:\Users\USER\Desktop\CT&RPL\2_Project\KNF_LEU+ 시범연료봉 장전 인허가 과제\2026\2_계산\2_LP\LOW_Fr_MASTER_result\srv199\kit_frontier_runs_fr_transfer_~_RST.APRQ_10_0635.8-4bb343b5ff-g40ruy1w_43ac533f,no_digest,,,0,0,,
,c:\Users\USER\Desktop\CT&RPL\2_Project\KNF_LEU+ 시범연료봉 장전 인허가 과제\2026\2_계산\2_LP\LOW_Fr_MASTER_result\srv199\kit_frontier_runs_fr_transfer_~_RST.APRQ_10_0635.8-50160580ad-8upwb2sw_e1410790,no_digest,,,0,0,,
,c:\Users\USER\Desktop\CT&RPL\2_Project\KNF_LEU+ 시범연료봉 장전 인허가 과제\2026\2_계산\2_LP\LOW_Fr_MASTER_result\srv199\kit_frontier_runs_fr_transfer_~_RST.APRQ_10_0635.8-51614a24fa-ej3b4iv8_ea8872aa,no_digest,,,0,0,,
,c:\Users\USER\Desktop\CT&RPL\2_Project\KNF_LEU+ 시범연료봉 장전 인허가 과제\2026\2_계산\2_LP\LOW_Fr_MASTER_result\srv199\kit_frontier_runs_fr_transfer_~_RST.APRQ_10_0635.8-51a5831c45-6q_reo5b_bf9818c4,no_digest,,,0,0,,
,c:\Users\USER\Desktop\CT&RPL\2_Project\KNF_LEU+ 시범연료봉 장전 인허가 과제\2026\2_계산\2_LP\LOW_Fr_MASTER_result\srv199\kit_frontier_runs_fr_transfer_~_RST.APRQ_10_0635.8-523605f5a7-50qyjq5e_fc9b28e9,no_digest,,,0,0,,
,c:\Users\USER\Desktop\CT&RPL\2_Project\KNF_LEU+ 시범연료봉 장전 인허가 과제\2026\2_계산\2_LP\LOW_Fr_MASTER_result\srv199\kit_frontier_runs_fr_transfer_~_RST.APRQ_10_0635.8-53cf3cb934-dli429wg_4c45e59e,no_digest,,,0,0,,
,c:\Users\USER\Desktop\CT&RPL\2_Project\KNF_LEU+ 시범연료봉 장전 인허가 과제\2026\2_계산\2_LP\LOW_Fr_MASTER_result\srv199\kit_frontier_runs_fr_transfer_~_RST.APRQ_10_0635.8-549a41a1bc-f63b2ri9_2e402f30,no_digest,,,0,0,,
,c:\Users\USER\Desktop\CT&RPL\2_Project\KNF_LEU+ 시범연료봉 장전 인허가 과제\2026\2_계산\2_LP\LOW_Fr_MASTER_result\srv199\kit_frontier_runs_fr_transfer_~_RST.APRQ_10_0635.8-552bec5f86-h2gr6yq7_2b579af1,no_digest,,,0,0,,
,c:\Users\USER\Desktop\CT&RPL\2_Project\KNF_LEU+ 시범연료봉 장전 인허가 과제\2026\2_계산\2_LP\LOW_Fr_MASTER_result\srv199\kit_frontier_runs_fr_transfer_~_RST.APRQ_10_0635.8-586693255e-6wn6dver_eabbe2b3,no_digest,,,0,0,,
,c:\Users\USER\Desktop\CT&RPL\2_Project\KNF_LEU+ 시범연료봉 장전 인허가 과제\2026\2_계산\2_LP\LOW_Fr_MASTER_result\srv199\kit_frontier_runs_fr_transfer_~_RST.APRQ_10_0635.8-58a8bfb035-rqm7l4tz_3434d804,no_digest,,,0,0,,
,c:\Users\USER\Desktop\CT&RPL\2_Project\KNF_LEU+ 시범연료봉 장전 인허가 과제\2026\2_계산\2_LP\LOW_Fr_MASTER_result\srv199\kit_frontier_runs_fr_transfer_~_RST.APRQ_10_0635.8-5a03adeb8e-_0su3eim_3d89b3c8,no_digest,,,0,0,,
,c:\Users\USER\Desktop\CT&RPL\2_Project\KNF_LEU+ 시범연료봉 장전 인허가 과제\2026\2_계산\2_LP\LOW_Fr_MASTER_result\srv199\kit_frontier_runs_fr_transfer_~_RST.APRQ_10_0635.8-5cea3173ab-_yp530to_32b03e42,no_digest,,,0,0,,
,c:\Users\USER\Desktop\CT&RPL\2_Project\KNF_LEU+ 시범연료봉 장전 인허가 과제\2026\2_계산\2_LP\LOW_Fr_MASTER_result\srv199\kit_frontier_runs_fr_transfer_~_RST.APRQ_10_0635.8-5f987a0d61-6pilo3_3_c421df60,no_digest,,,0,0,,
,c:\Users\USER\Desktop\CT&RPL\2_Project\KNF_LEU+ 시범연료봉 장전 인허가 과제\2026\2_계산\2_LP\LOW_Fr_MASTER_result\srv199\kit_frontier_runs_fr_transfer_~_RST.APRQ_10_0635.8-61b154ed32-90cbokj1_91f68b3e,no_digest,,,0,0,,
,c:\Users\USER\Desktop\CT&RPL\2_Project\KNF_LEU+ 시범연료봉 장전 인허가 과제\2026\2_계산\2_LP\LOW_Fr_MASTER_result\srv199\kit_frontier_runs_fr_transfer_~_RST.APRQ_10_0635.8-6639354749-gyhdw5zl_69a63eda,no_digest,,,0,0,,
,c:\Users\USER\Desktop\CT&RPL\2_Project\KNF_LEU+ 시범연료봉 장전 인허가 과제\2026\2_계산\2_LP\LOW_Fr_MASTER_result\srv199\kit_frontier_runs_fr_transfer_~_RST.APRQ_10_0635.8-68406e867e-b8_3i35o_fa3011f6,no_digest,,,0,0,,
,c:\Users\USER\Desktop\CT&RPL\2_Project\KNF_LEU+ 시범연료봉 장전 인허가 과제\2026\2_계산\2_LP\LOW_Fr_MASTER_result\srv199\kit_frontier_runs_fr_transfer_~_RST.APRQ_10_0635.8-692dfac90a-zfvr1yog_ac944ddc,no_digest,,,0,0,,
,c:\Users\USER\Desktop\CT&RPL\2_Project\KNF_LEU+ 시범연료봉 장전 인허가 과제\2026\2_계산\2_LP\LOW_Fr_MASTER_result\srv199\kit_frontier_runs_fr_transfer_~_RST.APRQ_10_0635.8-6c0beae3ba-ekq2rdr4_fc25323d,no_digest,,,0,0,,
,c:\Users\USER\Desktop\CT&RPL\2_Project\KNF_LEU+ 시범연료봉 장전 인허가 과제\2026\2_계산\2_LP\LOW_Fr_MASTER_result\srv199\kit_frontier_runs_fr_transfer_~_RST.APRQ_10_0635.8-6d41d592a9-bej27oji_2810d273,no_digest,,,0,0,,
,c:\Users\USER\Desktop\CT&RPL\2_Project\KNF_LEU+ 시범연료봉 장전 인허가 과제\2026\2_계산\2_LP\LOW_Fr_MASTER_result\srv199\kit_frontier_runs_fr_transfer_~_RST.APRQ_10_0635.8-72f241e616-fzw1prpv_c0c83022,no_digest,,,0,0,,
,c:\Users\USER\Desktop\CT&RPL\2_Project\KNF_LEU+ 시범연료봉 장전 인허가 과제\2026\2_계산\2_LP\LOW_Fr_MASTER_result\srv199\kit_frontier_runs_fr_transfer_~_RST.APRQ_10_0635.8-78e5b750e9-4mixhqaw_edc64687,no_digest,,,0,0,,
,c:\Users\USER\Desktop\CT&RPL\2_Project\KNF_LEU+ 시범연료봉 장전 인허가 과제\2026\2_계산\2_LP\LOW_Fr_MASTER_result\srv199\kit_frontier_runs_fr_transfer_~_RST.APRQ_10_0635.8-79f180c77f-pg85c2an_4d09a8a3,no_digest,,,0,0,,
,c:\Users\USER\Desktop\CT&RPL\2_Project\KNF_LEU+ 시범연료봉 장전 인허가 과제\2026\2_계산\2_LP\LOW_Fr_MASTER_result\srv199\kit_frontier_runs_fr_transfer_~_RST.APRQ_10_0635.8-7aae2d6276-fy5f2mio_c2314a80,no_digest,,,0,0,,
,c:\Users\USER\Desktop\CT&RPL\2_Project\KNF_LEU+ 시범연료봉 장전 인허가 과제\2026\2_계산\2_LP\LOW_Fr_MASTER_result\srv199\kit_frontier_runs_fr_transfer_~_RST.APRQ_10_0635.8-7b15731ac1-qoz9qm20_016c5e64,no_digest,,,0,0,,
,c:\Users\USER\Desktop\CT&RPL\2_Project\KNF_LEU+ 시범연료봉 장전 인허가 과제\2026\2_계산\2_LP\LOW_Fr_MASTER_result\srv199\kit_frontier_runs_fr_transfer_~_RST.APRQ_10_0635.8-7c70f7008d-l0t59ef8_e44a3340,no_digest,,,0,0,,
,c:\Users\USER\Desktop\CT&RPL\2_Project\KNF_LEU+ 시범연료봉 장전 인허가 과제\2026\2_계산\2_LP\LOW_Fr_MASTER_result\srv199\kit_frontier_runs_fr_transfer_~_RST.APRQ_10_0635.8-7cc54b5488-wl7lyw8n_053cec92,no_digest,,,0,0,,
,c:\Users\USER\Desktop\CT&RPL\2_Project\KNF_LEU+ 시범연료봉 장전 인허가 과제\2026\2_계산\2_LP\LOW_Fr_MASTER_result\srv199\kit_frontier_runs_fr_transfer_~_RST.APRQ_10_0635.8-80b2cc1f04-d9ca4jjr_918f6840,no_digest,,,0,0,,
,c:\Users\USER\Desktop\CT&RPL\2_Project\KNF_LEU+ 시범연료봉 장전 인허가 과제\2026\2_계산\2_LP\LOW_Fr_MASTER_result\srv199\kit_frontier_runs_fr_transfer_~_RST.APRQ_10_0635.8-8b222c902e-lvaw_pmy_1295faa4,no_digest,,,0,0,,
,c:\Users\USER\Desktop\CT&RPL\2_Project\KNF_LEU+ 시범연료봉 장전 인허가 과제\2026\2_계산\2_LP\LOW_Fr_MASTER_result\srv199\kit_frontier_runs_fr_transfer_~_RST.APRQ_10_0635.8-8b3f7b192b-qxucsthm_a76ef928,no_digest,,,0,0,,
,c:\Users\USER\Desktop\CT&RPL\2_Project\KNF_LEU+ 시범연료봉 장전 인허가 과제\2026\2_계산\2_LP\LOW_Fr_MASTER_result\srv199\kit_frontier_runs_fr_transfer_~_RST.APRQ_10_0635.8-8bc8fca750-if_plvha_a3567363,no_digest,,,0,0,,
,c:\Users\USER\Desktop\CT&RPL\2_Project\KNF_LEU+ 시범연료봉 장전 인허가 과제\2026\2_계산\2_LP\LOW_Fr_MASTER_result\srv199\kit_frontier_runs_fr_transfer_~_RST.APRQ_10_0635.8-8fb7c0022b-gzplic9j_90fa7993,no_digest,,,0,0,,
,c:\Users\USER\Desktop\CT&RPL\2_Project\KNF_LEU+ 시범연료봉 장전 인허가 과제\2026\2_계산\2_LP\LOW_Fr_MASTER_result\srv199\kit_frontier_runs_fr_transfer_~_RST.APRQ_10_0635.8-90700bbf87-ntka5muc_413f7e42,no_digest,,,0,0,,
,c:\Users\USER\Desktop\CT&RPL\2_Project\KNF_LEU+ 시범연료봉 장전 인허가 과제\2026\2_계산\2_LP\LOW_Fr_MASTER_result\srv199\kit_frontier_runs_fr_transfer_~_RST.APRQ_10_0635.8-93895f2429-tpaa2yd6_336c12bc,no_digest,,,0,0,,
,c:\Users\USER\Desktop\CT&RPL\2_Project\KNF_LEU+ 시범연료봉 장전 인허가 과제\2026\2_계산\2_LP\LOW_Fr_MASTER_result\srv199\kit_frontier_runs_fr_transfer_~_RST.APRQ_10_0635.8-94664ecd15-kza2to9u_ecad752d,no_digest,,,0,0,,
,c:\Users\USER\Desktop\CT&RPL\2_Project\KNF_LEU+ 시범연료봉 장전 인허가 과제\2026\2_계산\2_LP\LOW_Fr_MASTER_result\srv199\kit_frontier_runs_fr_transfer_~_RST.APRQ_10_0635.8-94f7e48218-2gxr4nhg_16c4a01e,no_digest,,,0,0,,
,c:\Users\USER\Desktop\CT&RPL\2_Project\KNF_LEU+ 시범연료봉 장전 인허가 과제\2026\2_계산\2_LP\LOW_Fr_MASTER_result\srv199\kit_frontier_runs_fr_transfer_~_RST.APRQ_10_0635.8-955b1d2a2a-jnuss2d6_749e4deb,no_digest,,,0,0,,
,c:\Users\USER\Desktop\CT&RPL\2_Project\KNF_LEU+ 시범연료봉 장전 인허가 과제\2026\2_계산\2_LP\LOW_Fr_MASTER_result\srv199\kit_frontier_runs_fr_transfer_~_RST.APRQ_10_0635.8-963f2b046a-_o118ti2_e5e4bab2,no_digest,,,0,0,,
,c:\Users\USER\Desktop\CT&RPL\2_Project\KNF_LEU+ 시범연료봉 장전 인허가 과제\2026\2_계산\2_LP\LOW_Fr_MASTER_result\srv199\kit_frontier_runs_fr_transfer_~_RST.APRQ_10_0635.8-98d7657c0d-bfg13a2c_ec83df3f,no_digest,,,0,0,,
,c:\Users\USER\Desktop\CT&RPL\2_Project\KNF_LEU+ 시범연료봉 장전 인허가 과제\2026\2_계산\2_LP\LOW_Fr_MASTER_result\srv199\kit_frontier_runs_fr_transfer_~_RST.APRQ_10_0635.8-9b1dae94c2-_fvq_4ne_44573e30,no_digest,,,0,0,,
,c:\Users\USER\Desktop\CT&RPL\2_Project\KNF_LEU+ 시범연료봉 장전 인허가 과제\2026\2_계산\2_LP\LOW_Fr_MASTER_result\srv199\kit_frontier_runs_fr_transfer_~_RST.APRQ_10_0635.8-9b456fe5d5-68gw8kff_6a7997f7,no_digest,,,0,0,,
,c:\Users\USER\Desktop\CT&RPL\2_Project\KNF_LEU+ 시범연료봉 장전 인허가 과제\2026\2_계산\2_LP\LOW_Fr_MASTER_result\srv199\kit_frontier_runs_fr_transfer_~_RST.APRQ_10_0635.8-a04342ae36-6ha7xnby_9e6cdb0e,no_digest,,,0,0,,
,c:\Users\USER\Desktop\CT&RPL\2_Project\KNF_LEU+ 시범연료봉 장전 인허가 과제\2026\2_계산\2_LP\LOW_Fr_MASTER_result\srv199\kit_frontier_runs_fr_transfer_~_RST.APRQ_10_0635.8-a898a731af-t5itc6xe_96f25530,no_digest,,,0,0,,
,c:\Users\USER\Desktop\CT&RPL\2_Project\KNF_LEU+ 시범연료봉 장전 인허가 과제\2026\2_계산\2_LP\LOW_Fr_MASTER_result\srv199\kit_frontier_runs_fr_transfer_~_RST.APRQ_10_0635.8-b16aefa3cb-fiuypzhc_bd1988ec,no_digest,,,0,0,,
,c:\Users\USER\Desktop\CT&RPL\2_Project\KNF_LEU+ 시범연료봉 장전 인허가 과제\2026\2_계산\2_LP\LOW_Fr_MASTER_result\srv199\kit_frontier_runs_fr_transfer_~_RST.APRQ_10_0635.8-b313eb462a-t8g74s2w_fcead789,no_digest,,,0,0,,
,c:\Users\USER\Desktop\CT&RPL\2_Project\KNF_LEU+ 시범연료봉 장전 인허가 과제\2026\2_계산\2_LP\LOW_Fr_MASTER_result\srv199\kit_frontier_runs_fr_transfer_~_RST.APRQ_10_0635.8-b6c46c47ec-kcsl1nxu_5ca6a8aa,no_digest,,,0,0,,
,c:\Users\USER\Desktop\CT&RPL\2_Project\KNF_LEU+ 시범연료봉 장전 인허가 과제\2026\2_계산\2_LP\LOW_Fr_MASTER_result\srv199\kit_frontier_runs_fr_transfer_~_RST.APRQ_10_0635.8-ba8ff060b3-8r2yrgso_6cae216f,no_digest,,,0,0,,
,c:\Users\USER\Desktop\CT&RPL\2_Project\KNF_LEU+ 시범연료봉 장전 인허가 과제\2026\2_계산\2_LP\LOW_Fr_MASTER_result\srv199\kit_frontier_runs_fr_transfer_~_RST.APRQ_10_0635.8-bc05c036fc-j1sq_ysn_735e188c,no_digest,,,0,0,,
,c:\Users\USER\Desktop\CT&RPL\2_Project\KNF_LEU+ 시범연료봉 장전 인허가 과제\2026\2_계산\2_LP\LOW_Fr_MASTER_result\srv199\kit_frontier_runs_fr_transfer_~_RST.APRQ_10_0635.8-bc2c94daa2-zx1fvx2y_11ef4035,no_digest,,,0,0,,
,c:\Users\USER\Desktop\CT&RPL\2_Project\KNF_LEU+ 시범연료봉 장전 인허가 과제\2026\2_계산\2_LP\LOW_Fr_MASTER_result\srv199\kit_frontier_runs_fr_transfer_~_RST.APRQ_10_0635.8-bc5ba627eb-t49y89xz_8708fde7,no_digest,,,0,0,,
,c:\Users\USER\Desktop\CT&RPL\2_Project\KNF_LEU+ 시범연료봉 장전 인허가 과제\2026\2_계산\2_LP\LOW_Fr_MASTER_result\srv199\kit_frontier_runs_fr_transfer_~_RST.APRQ_10_0635.8-c11df1c713-gnknyk_s_32b304c7,no_digest,,,0,0,,
,c:\Users\USER\Desktop\CT&RPL\2_Project\KNF_LEU+ 시범연료봉 장전 인허가 과제\2026\2_계산\2_LP\LOW_Fr_MASTER_result\srv199\kit_frontier_runs_fr_transfer_~_RST.APRQ_10_0635.8-c46a770e3f-40uf5ov5_98edfc22,no_digest,,,0,0,,
,c:\Users\USER\Desktop\CT&RPL\2_Project\KNF_LEU+ 시범연료봉 장전 인허가 과제\2026\2_계산\2_LP\LOW_Fr_MASTER_result\srv199\kit_frontier_runs_fr_transfer_~_RST.APRQ_10_0635.8-c689a83779-3sdacjkw_f7b47066,no_digest,,,0,0,,
,c:\Users\USER\Desktop\CT&RPL\2_Project\KNF_LEU+ 시범연료봉 장전 인허가 과제\2026\2_계산\2_LP\LOW_Fr_MASTER_result\srv199\kit_frontier_runs_fr_transfer_~_RST.APRQ_10_0635.8-c68dff427d-y2ko3pk0_6f8b2c61,no_digest,,,0,0,,
,c:\Users\USER\Desktop\CT&RPL\2_Project\KNF_LEU+ 시범연료봉 장전 인허가 과제\2026\2_계산\2_LP\LOW_Fr_MASTER_result\srv199\kit_frontier_runs_fr_transfer_~_RST.APRQ_10_0635.8-c80d5ffed4-terwbp6k_79e5f3ba,no_digest,,,0,0,,
,c:\Users\USER\Desktop\CT&RPL\2_Project\KNF_LEU+ 시범연료봉 장전 인허가 과제\2026\2_계산\2_LP\LOW_Fr_MASTER_result\srv199\kit_frontier_runs_fr_transfer_~_RST.APRQ_10_0635.8-c82653b1b2-8alv_31a_c3889ba1,no_digest,,,0,0,,
,c:\Users\USER\Desktop\CT&RPL\2_Project\KNF_LEU+ 시범연료봉 장전 인허가 과제\2026\2_계산\2_LP\LOW_Fr_MASTER_result\srv199\kit_frontier_runs_fr_transfer_~_RST.APRQ_10_0635.8-d5e9410e44-ykhqdga1_ce3f715c,no_digest,,,0,0,,
,c:\Users\USER\Desktop\CT&RPL\2_Project\KNF_LEU+ 시범연료봉 장전 인허가 과제\2026\2_계산\2_LP\LOW_Fr_MASTER_result\srv199\kit_frontier_runs_fr_transfer_~_RST.APRQ_10_0635.8-d6977be802-rdprtyu2_436063cb,no_digest,,,0,0,,
,c:\Users\USER\Desktop\CT&RPL\2_Project\KNF_LEU+ 시범연료봉 장전 인허가 과제\2026\2_계산\2_LP\LOW_Fr_MASTER_result\srv199\kit_frontier_runs_fr_transfer_~_RST.APRQ_10_0635.8-dd661d2563-i33gqc75_92b47736,no_digest,,,0,0,,
,c:\Users\USER\Desktop\CT&RPL\2_Project\KNF_LEU+ 시범연료봉 장전 인허가 과제\2026\2_계산\2_LP\LOW_Fr_MASTER_result\srv199\kit_frontier_runs_fr_transfer_~_RST.APRQ_10_0635.8-df23107a40-8ev8hyzt_27e62521,no_digest,,,0,0,,
,c:\Users\USER\Desktop\CT&RPL\2_Project\KNF_LEU+ 시범연료봉 장전 인허가 과제\2026\2_계산\2_LP\LOW_Fr_MASTER_result\srv199\kit_frontier_runs_fr_transfer_~_RST.APRQ_10_0635.8-e042502053-p230t3o7_060af273,no_digest,,,0,0,,
,c:\Users\USER\Desktop\CT&RPL\2_Project\KNF_LEU+ 시범연료봉 장전 인허가 과제\2026\2_계산\2_LP\LOW_Fr_MASTER_result\srv199\kit_frontier_runs_fr_transfer_~_RST.APRQ_10_0635.8-eafe4b56be-09e9n_x3_79738fd2,no_digest,,,0,0,,
,c:\Users\USER\Desktop\CT&RPL\2_Project\KNF_LEU+ 시범연료봉 장전 인허가 과제\2026\2_계산\2_LP\LOW_Fr_MASTER_result\srv199\kit_frontier_runs_fr_transfer_~_RST.APRQ_10_0635.8-ec3bbcfe99-e06tcq7j_c416f9ee,no_digest,,,0,0,,
,c:\Users\USER\Desktop\CT&RPL\2_Project\KNF_LEU+ 시범연료봉 장전 인허가 과제\2026\2_계산\2_LP\LOW_Fr_MASTER_result\srv199\kit_frontier_runs_fr_transfer_~_RST.APRQ_10_0635.8-ef74e9902a-0wz02l0w_82b71a2c,no_digest,,,0,0,,
,c:\Users\USER\Desktop\CT&RPL\2_Project\KNF_LEU+ 시범연료봉 장전 인허가 과제\2026\2_계산\2_LP\LOW_Fr_MASTER_result\srv199\kit_frontier_runs_fr_transfer_~_RST.APRQ_10_0635.8-f01a60bcae-slw_9kyu_9d0ae1fe,no_digest,,,0,0,,
,c:\Users\USER\Desktop\CT&RPL\2_Project\KNF_LEU+ 시범연료봉 장전 인허가 과제\2026\2_계산\2_LP\LOW_Fr_MASTER_result\srv199\kit_frontier_runs_fr_transfer_~_RST.APRQ_10_0635.8-f4d9ad83da-hdgy8qwl_2df54fe0,no_digest,,,0,0,,
,c:\Users\USER\Desktop\CT&RPL\2_Project\KNF_LEU+ 시범연료봉 장전 인허가 과제\2026\2_계산\2_LP\LOW_Fr_MASTER_result\srv199\kit_frontier_runs_fr_transfer_~_RST.APRQ_10_0635.8-f50e7f0aca-yvhhud_w_208adf89,no_digest,,,0,0,,
,c:\Users\USER\Desktop\CT&RPL\2_Project\KNF_LEU+ 시범연료봉 장전 인허가 과제\2026\2_계산\2_LP\LOW_Fr_MASTER_result\srv199\kit_frontier_runs_fr_transfer_~_RST.APRQ_10_0635.8-f52aae653a-vpa1xb9t_ad695091,no_digest,,,0,0,,
,c:\Users\USER\Desktop\CT&RPL\2_Project\KNF_LEU+ 시범연료봉 장전 인허가 과제\2026\2_계산\2_LP\LOW_Fr_MASTER_result\srv199\kit_frontier_runs_fr_transfer_~_RST.APRQ_10_0635.8-f6045b4d8f-xt87nub1_83634f68,no_digest,,,0,0,,
,c:\Users\USER\Desktop\CT&RPL\2_Project\KNF_LEU+ 시범연료봉 장전 인허가 과제\2026\2_계산\2_LP\LOW_Fr_MASTER_result\srv199\kit_frontier_runs_fr_transfer_~_RST.APRQ_10_0635.8-f6cfa767df-e53s08sh_866dc84a,no_digest,,,0,0,,
,c:\Users\USER\Desktop\CT&RPL\2_Project\KNF_LEU+ 시범연료봉 장전 인허가 과제\2026\2_계산\2_LP\LOW_Fr_MASTER_result\srv199\kit_frontier_runs_fr_transfer_~_RST.APRQ_10_0635.8-fa20159b95-u6xuwguq_977022f8,no_digest,,,0,0,,
,c:\Users\USER\Desktop\CT&RPL\2_Project\KNF_LEU+ 시범연료봉 장전 인허가 과제\2026\2_계산\2_LP\LOW_Fr_MASTER_result\srv199\kit_frontier_runs_fr_transfer_~_RST.APRQ_10_0635.8-fd1273c0c8-m1qrts9y_4ccae819,no_digest,,,0,0,,
,c:\Users\USER\Desktop\CT&RPL\2_Project\KNF_LEU+ 시범연료봉 장전 인허가 과제\2026\2_계산\2_LP\LOW_Fr_MASTER_result\srv199\kit_frontier_runs_fr_transfer_~_RST.APRQ_11_0638.1-168fd6be86-ndd8liov_3c41c789,no_digest,,,0,0,,
,c:\Users\USER\Desktop\CT&RPL\2_Project\KNF_LEU+ 시범연료봉 장전 인허가 과제\2026\2_계산\2_LP\LOW_Fr_MASTER_result\srv199\kit_frontier_runs_fr_transfer_~_RST.APRQ_11_0638.1-1c48bca77b-4g_4nls4_c8f678e8,no_digest,,,0,0,,
,c:\Users\USER\Desktop\CT&RPL\2_Project\KNF_LEU+ 시범연료봉 장전 인허가 과제\2026\2_계산\2_LP\LOW_Fr_MASTER_result\srv199\kit_frontier_runs_fr_transfer_~_RST.APRQ_11_0638.1-2178ba641f-1gi9rw5d_d3e7de4a,no_digest,,,0,0,,
,c:\Users\USER\Desktop\CT&RPL\2_Project\KNF_LEU+ 시범연료봉 장전 인허가 과제\2026\2_계산\2_LP\LOW_Fr_MASTER_result\srv199\kit_frontier_runs_fr_transfer_~_RST.APRQ_11_0638.1-2507ade651-3yyp6_my_91165ef1,no_digest,,,0,0,,
,c:\Users\USER\Desktop\CT&RPL\2_Project\KNF_LEU+ 시범연료봉 장전 인허가 과제\2026\2_계산\2_LP\LOW_Fr_MASTER_result\srv199\kit_frontier_runs_fr_transfer_~_RST.APRQ_11_0638.1-2c907af2b7-qs628_88_92443dfd,no_digest,,,0,0,,
,c:\Users\USER\Desktop\CT&RPL\2_Project\KNF_LEU+ 시범연료봉 장전 인허가 과제\2026\2_계산\2_LP\LOW_Fr_MASTER_result\srv199\kit_frontier_runs_fr_transfer_~_RST.APRQ_11_0638.1-300c0598d3-sv6eemin_def23a44,no_digest,,,0,0,,
,c:\Users\USER\Desktop\CT&RPL\2_Project\KNF_LEU+ 시범연료봉 장전 인허가 과제\2026\2_계산\2_LP\LOW_Fr_MASTER_result\srv199\kit_frontier_runs_fr_transfer_~_RST.APRQ_11_0638.1-419fc8d694-tasm816e_ff45a3c7,no_digest,,,0,0,,
,c:\Users\USER\Desktop\CT&RPL\2_Project\KNF_LEU+ 시범연료봉 장전 인허가 과제\2026\2_계산\2_LP\LOW_Fr_MASTER_result\srv199\kit_frontier_runs_fr_transfer_~_RST.APRQ_11_0638.1-45daa21b66-zxlqq1cg_07a2acf1,no_digest,,,0,0,,
,c:\Users\USER\Desktop\CT&RPL\2_Project\KNF_LEU+ 시범연료봉 장전 인허가 과제\2026\2_계산\2_LP\LOW_Fr_MASTER_result\srv199\kit_frontier_runs_fr_transfer_~_RST.APRQ_11_0638.1-4646ead74a-0twj61gj_3afa68b9,no_digest,,,0,0,,
,c:\Users\USER\Desktop\CT&RPL\2_Project\KNF_LEU+ 시범연료봉 장전 인허가 과제\2026\2_계산\2_LP\LOW_Fr_MASTER_result\srv199\kit_frontier_runs_fr_transfer_~_RST.APRQ_11_0638.1-4e055c1604-b11syjd6_e780b1e6,no_digest,,,0,0,,
,c:\Users\USER\Desktop\CT&RPL\2_Project\KNF_LEU+ 시범연료봉 장전 인허가 과제\2026\2_계산\2_LP\LOW_Fr_MASTER_result\srv199\kit_frontier_runs_fr_transfer_~_RST.APRQ_11_0638.1-56340f9b8b-a9y_rxar_32cad7d7,no_digest,,,0,0,,
,c:\Users\USER\Desktop\CT&RPL\2_Project\KNF_LEU+ 시범연료봉 장전 인허가 과제\2026\2_계산\2_LP\LOW_Fr_MASTER_result\srv199\kit_frontier_runs_fr_transfer_~_RST.APRQ_11_0638.1-5dfdecda86-t751sc5u_912e8ea6,no_digest,,,0,0,,
,c:\Users\USER\Desktop\CT&RPL\2_Project\KNF_LEU+ 시범연료봉 장전 인허가 과제\2026\2_계산\2_LP\LOW_Fr_MASTER_result\srv199\kit_frontier_runs_fr_transfer_~_RST.APRQ_11_0638.1-7833b58b7e-m7cyxuse_e41a0347,no_digest,,,0,0,,
,c:\Users\USER\Desktop\CT&RPL\2_Project\KNF_LEU+ 시범연료봉 장전 인허가 과제\2026\2_계산\2_LP\LOW_Fr_MASTER_result\srv199\kit_frontier_runs_fr_transfer_~_RST.APRQ_11_0638.1-79643c12c4-63pql_oj_c22f7864,no_digest,,,0,0,,
,c:\Users\USER\Desktop\CT&RPL\2_Project\KNF_LEU+ 시범연료봉 장전 인허가 과제\2026\2_계산\2_LP\LOW_Fr_MASTER_result\srv199\kit_frontier_runs_fr_transfer_~_RST.APRQ_11_0638.1-8c91a30d18-nfgj6we8_8dd52fef,no_digest,,,0,0,,
,c:\Users\USER\Desktop\CT&RPL\2_Project\KNF_LEU+ 시범연료봉 장전 인허가 과제\2026\2_계산\2_LP\LOW_Fr_MASTER_result\srv199\kit_frontier_runs_fr_transfer_~_RST.APRQ_11_0638.1-8e2ea35b2c-cnq63lco_fdfc0c8f,no_digest,,,0,0,,
,c:\Users\USER\Desktop\CT&RPL\2_Project\KNF_LEU+ 시범연료봉 장전 인허가 과제\2026\2_계산\2_LP\LOW_Fr_MASTER_result\srv199\kit_frontier_runs_fr_transfer_~_RST.APRQ_11_0638.1-91f978ce38-pq2_9w9v_98dd7b4a,no_digest,,,0,0,,
,c:\Users\USER\Desktop\CT&RPL\2_Project\KNF_LEU+ 시범연료봉 장전 인허가 과제\2026\2_계산\2_LP\LOW_Fr_MASTER_result\srv199\kit_frontier_runs_fr_transfer_~_RST.APRQ_11_0638.1-924b47ba78-g38oq4jr_279bf774,no_digest,,,0,0,,
,c:\Users\USER\Desktop\CT&RPL\2_Project\KNF_LEU+ 시범연료봉 장전 인허가 과제\2026\2_계산\2_LP\LOW_Fr_MASTER_result\srv199\kit_frontier_runs_fr_transfer_~_RST.APRQ_11_0638.1-930af70fdb-xtfwo339_126a1feb,no_digest,,,0,0,,
,c:\Users\USER\Desktop\CT&RPL\2_Project\KNF_LEU+ 시범연료봉 장전 인허가 과제\2026\2_계산\2_LP\LOW_Fr_MASTER_result\srv199\kit_frontier_runs_fr_transfer_~_RST.APRQ_11_0638.1-997632de97-c51jj9cx_889e7da4,no_digest,,,0,0,,
,c:\Users\USER\Desktop\CT&RPL\2_Project\KNF_LEU+ 시범연료봉 장전 인허가 과제\2026\2_계산\2_LP\LOW_Fr_MASTER_result\srv199\kit_frontier_runs_fr_transfer_~_RST.APRQ_11_0638.1-9e57e74f6b-tp0nmgkp_ed83dafa,no_digest,,,0,0,,
,c:\Users\USER\Desktop\CT&RPL\2_Project\KNF_LEU+ 시범연료봉 장전 인허가 과제\2026\2_계산\2_LP\LOW_Fr_MASTER_result\srv199\kit_frontier_runs_fr_transfer_~_RST.APRQ_11_0638.1-a4fe98d94b-wpbb4pcw_8d3b0ff6,no_digest,,,0,0,,
,c:\Users\USER\Desktop\CT&RPL\2_Project\KNF_LEU+ 시범연료봉 장전 인허가 과제\2026\2_계산\2_LP\LOW_Fr_MASTER_result\srv199\kit_frontier_runs_fr_transfer_~_RST.APRQ_11_0638.1-ae2157ea2b-buvauoex_4b1f1c65,no_digest,,,0,0,,
,c:\Users\USER\Desktop\CT&RPL\2_Project\KNF_LEU+ 시범연료봉 장전 인허가 과제\2026\2_계산\2_LP\LOW_Fr_MASTER_result\srv199\kit_frontier_runs_fr_transfer_~_RST.APRQ_11_0638.1-af72db1306-mguhsdpt_5de3a358,no_digest,,,0,0,,
,c:\Users\USER\Desktop\CT&RPL\2_Project\KNF_LEU+ 시범연료봉 장전 인허가 과제\2026\2_계산\2_LP\LOW_Fr_MASTER_result\srv199\kit_frontier_runs_fr_transfer_~_RST.APRQ_11_0638.1-e2b8d19833-abh4q7li_32ed35bb,no_digest,,,0,0,,
,c:\Users\USER\Desktop\CT&RPL\2_Project\KNF_LEU+ 시범연료봉 장전 인허가 과제\2026\2_계산\2_LP\LOW_Fr_MASTER_result\srv199\kit_frontier_runs_fr_transfer_~_RST.APRQ_11_0638.1-e4896bbc58-_ex9yrcx_6879dedf,no_digest,,,0,0,,
,c:\Users\USER\Desktop\CT&RPL\2_Project\KNF_LEU+ 시범연료봉 장전 인허가 과제\2026\2_계산\2_LP\LOW_Fr_MASTER_result\srv199\kit_frontier_runs_fr_transfer_~_RST.APRQ_11_0638.1-e68f50c94e-wc9kzlma_0e5e6190,no_digest,,,0,0,,
,c:\Users\USER\Desktop\CT&RPL\2_Project\KNF_LEU+ 시범연료봉 장전 인허가 과제\2026\2_계산\2_LP\LOW_Fr_MASTER_result\srv199\kit_frontier_runs_fr_transfer_~_RST.APRQ_11_0638.1-e76329435f-pkz7jlwd_922fe9fd,no_digest,,,0,0,,
,c:\Users\USER\Desktop\CT&RPL\2_Project\KNF_LEU+ 시범연료봉 장전 인허가 과제\2026\2_계산\2_LP\LOW_Fr_MASTER_result\srv199\kit_frontier_runs_fr_transfer_~_RST.APRQ_11_0638.1-f73cd56698-mbko2dws_84b2de9c,no_digest,,,0,0,,
,c:\Users\USER\Desktop\CT&RPL\2_Project\KNF_LEU+ 시범연료봉 장전 인허가 과제\2026\2_계산\2_LP\LOW_Fr_MASTER_result\srv199\kit_frontier_runs_fr_transfer_~_RST.APRQ_11_0638.1-fc016dee0d-c8qj6pem_8e9e9aae,no_digest,,,0,0,,
,c:\Users\USER\Desktop\CT&RPL\2_Project\KNF_LEU+ 시범연료봉 장전 인허가 과제\2026\2_계산\2_LP\LOW_Fr_MASTER_result\srv199\kit_frontier_runs_fr_transfer_~_RST.APRQ_11_0638.1-fd1a83c3d6-wuraobw6_196cbd81,no_digest,,,0,0,,
,c:\Users\USER\Desktop\CT&RPL\2_Project\KNF_LEU+ 시범연료봉 장전 인허가 과제\2026\2_계산\2_LP\LOW_Fr_MASTER_result\srv199\kit_frontier_runs_fr_transfer_~S_RST.APRQ_10_0635.8-1545fc49a2-63inl9o_e3db68a0,no_digest,,,0,0,,
,c:\Users\USER\Desktop\CT&RPL\2_Project\KNF_LEU+ 시범연료봉 장전 인허가 과제\2026\2_계산\2_LP\LOW_Fr_MASTER_result\srv199\kit_frontier_runs_fr_transfer_~S_RST.APRQ_11_0638.1-e2c3aefc13-klfl_vu_def96755,no_digest,,,0,0,,
,c:\Users\USER\Desktop\CT&RPL\2_Project\KNF_LEU+ 시범연료봉 장전 인허가 과제\2026\2_계산\2_LP\LOW_Fr_MASTER_result\srv199\kit_pc2_v4_runs_produce_run_20~_RST.APRQ_11_0705.0-01cfb53146-_fha9tf4_b8312eb3,no_digest,,,0,0,,
,c:\Users\USER\Desktop\CT&RPL\2_Project\KNF_LEU+ 시범연료봉 장전 인허가 과제\2026\2_계산\2_LP\LOW_Fr_MASTER_result\srv199\kit_pc2_v4_runs_produce_run_20~_RST.APRQ_11_0705.0-1b65872387-afqfow8q_8517507f,no_mas_sum,,,0,0,,
,c:\Users\USER\Desktop\CT&RPL\2_Project\KNF_LEU+ 시범연료봉 장전 인허가 과제\2026\2_계산\2_LP\LOW_Fr_MASTER_result\srv199\kit_pc2_v4_runs_produce_run_20~_RST.APRQ_11_0705.0-1d78a6b5ca-kpib8wom_f41d310a,no_mas_sum,,,0,0,,
,c:\Users\USER\Desktop\CT&RPL\2_Project\KNF_LEU+ 시범연료봉 장전 인허가 과제\2026\2_계산\2_LP\LOW_Fr_MASTER_result\srv199\kit_pc2_v4_runs_produce_run_20~_RST.APRQ_11_0705.0-1fd433f727-eiip8y29_ce6256a8,no_mas_sum,,,0,0,,
,c:\Users\USER\Desktop\CT&RPL\2_Project\KNF_LEU+ 시범연료봉 장전 인허가 과제\2026\2_계산\2_LP\LOW_Fr_MASTER_result\srv199\kit_pc2_v4_runs_produce_run_20~_RST.APRQ_11_0705.0-2127c87d1d-iwrybf9z_47af38dd,no_mas_sum,,,0,0,,
,c:\Users\USER\Desktop\CT&RPL\2_Project\KNF_LEU+ 시범연료봉 장전 인허가 과제\2026\2_계산\2_LP\LOW_Fr_MASTER_result\srv199\kit_pc2_v4_runs_produce_run_20~_RST.APRQ_11_0705.0-251d00270f-esz5qgv8_8c3090b1,no_mas_sum,,,0,0,,
,c:\Users\USER\Desktop\CT&RPL\2_Project\KNF_LEU+ 시범연료봉 장전 인허가 과제\2026\2_계산\2_LP\LOW_Fr_MASTER_result\srv199\kit_pc2_v4_runs_produce_run_20~_RST.APRQ_11_0705.0-269d9d86b4-szw8o7mu_93b0f0ba,no_mas_sum,,,0,0,,
,c:\Users\USER\Desktop\CT&RPL\2_Project\KNF_LEU+ 시범연료봉 장전 인허가 과제\2026\2_계산\2_LP\LOW_Fr_MASTER_result\srv199\kit_pc2_v4_runs_produce_run_20~_RST.APRQ_11_0705.0-2a8ac478d0-xyxre7yk_36601a93,no_mas_sum,,,0,0,,
,c:\Users\USER\Desktop\CT&RPL\2_Project\KNF_LEU+ 시범연료봉 장전 인허가 과제\2026\2_계산\2_LP\LOW_Fr_MASTER_result\srv199\kit_pc2_v4_runs_produce_run_20~_RST.APRQ_11_0705.0-38fd6d424b-rlmz4y8x_61df8777,no_mas_sum,,,0,0,,
,c:\Users\USER\Desktop\CT&RPL\2_Project\KNF_LEU+ 시범연료봉 장전 인허가 과제\2026\2_계산\2_LP\LOW_Fr_MASTER_result\srv199\kit_pc2_v4_runs_produce_run_20~_RST.APRQ_11_0705.0-3a7065220c-wz3nc78c_b50750c0,no_mas_sum,,,0,0,,
,c:\Users\USER\Desktop\CT&RPL\2_Project\KNF_LEU+ 시범연료봉 장전 인허가 과제\2026\2_계산\2_LP\LOW_Fr_MASTER_result\srv199\kit_pc2_v4_runs_produce_run_20~_RST.APRQ_11_0705.0-4f0280b75b-50d11brz_b2a11014,no_mas_sum,,,0,0,,
,c:\Users\USER\Desktop\CT&RPL\2_Project\KNF_LEU+ 시범연료봉 장전 인허가 과제\2026\2_계산\2_LP\LOW_Fr_MASTER_result\srv199\kit_pc2_v4_runs_produce_run_20~_RST.APRQ_11_0705.0-58ab5730d3-z3vrzgts_210921f1,no_mas_sum,,,0,0,,
,c:\Users\USER\Desktop\CT&RPL\2_Project\KNF_LEU+ 시범연료봉 장전 인허가 과제\2026\2_계산\2_LP\LOW_Fr_MASTER_result\srv199\kit_pc2_v4_runs_produce_run_20~_RST.APRQ_11_0705.0-5cb83382bf-v1o0fnc3_7b936956,no_mas_sum,,,0,0,,
,c:\Users\USER\Desktop\CT&RPL\2_Project\KNF_LEU+ 시범연료봉 장전 인허가 과제\2026\2_계산\2_LP\LOW_Fr_MASTER_result\srv199\kit_pc2_v4_runs_produce_run_20~_RST.APRQ_11_0705.0-6ac4d66d4e-kmp6xf4c_cd2d69eb,no_mas_sum,,,0,0,,
,c:\Users\USER\Desktop\CT&RPL\2_Project\KNF_LEU+ 시범연료봉 장전 인허가 과제\2026\2_계산\2_LP\LOW_Fr_MASTER_result\srv199\kit_pc2_v4_runs_produce_run_20~_RST.APRQ_11_0705.0-6e13bb2ef6-8d4yx8lv_154e7f64,no_mas_sum,,,0,0,,
,c:\Users\USER\Desktop\CT&RPL\2_Project\KNF_LEU+ 시범연료봉 장전 인허가 과제\2026\2_계산\2_LP\LOW_Fr_MASTER_result\srv199\kit_pc2_v4_runs_produce_run_20~_RST.APRQ_11_0705.0-70d7888417-syi2h1in_f5b4a582,no_mas_sum,,,0,0,,
,c:\Users\USER\Desktop\CT&RPL\2_Project\KNF_LEU+ 시범연료봉 장전 인허가 과제\2026\2_계산\2_LP\LOW_Fr_MASTER_result\srv199\kit_pc2_v4_runs_produce_run_20~_RST.APRQ_11_0705.0-72e4d83ccb-x_44ueii_22c74b70,no_mas_sum,,,0,0,,
,c:\Users\USER\Desktop\CT&RPL\2_Project\KNF_LEU+ 시범연료봉 장전 인허가 과제\2026\2_계산\2_LP\LOW_Fr_MASTER_result\srv199\kit_pc2_v4_runs_produce_run_20~_RST.APRQ_11_0705.0-73047fc6b9-81o3nxu2_a0adfd0e,no_mas_sum,,,0,0,,
,c:\Users\USER\Desktop\CT&RPL\2_Project\KNF_LEU+ 시범연료봉 장전 인허가 과제\2026\2_계산\2_LP\LOW_Fr_MASTER_result\srv199\kit_pc2_v4_runs_produce_run_20~_RST.APRQ_11_0705.0-7447bd3efa-k1358iod_052ffda0,no_mas_sum,,,0,0,,
,c:\Users\USER\Desktop\CT&RPL\2_Project\KNF_LEU+ 시범연료봉 장전 인허가 과제\2026\2_계산\2_LP\LOW_Fr_MASTER_result\srv199\kit_pc2_v4_runs_produce_run_20~_RST.APRQ_11_0705.0-7d394c5ac4-liw4eou9_6926f593,no_mas_sum,,,0,0,,
,c:\Users\USER\Desktop\CT&RPL\2_Project\KNF_LEU+ 시범연료봉 장전 인허가 과제\2026\2_계산\2_LP\LOW_Fr_MASTER_result\srv199\kit_pc2_v4_runs_produce_run_20~_RST.APRQ_11_0705.0-8653a86d4e-d7ufe4d7_e014bead,no_mas_sum,,,0,0,,
,c:\Users\USER\Desktop\CT&RPL\2_Project\KNF_LEU+ 시범연료봉 장전 인허가 과제\2026\2_계산\2_LP\LOW_Fr_MASTER_result\srv199\kit_pc2_v4_runs_produce_run_20~_RST.APRQ_11_0705.0-92b057998b-x01suum4_7f2930a8,no_mas_sum,,,0,0,,
,c:\Users\USER\Desktop\CT&RPL\2_Project\KNF_LEU+ 시범연료봉 장전 인허가 과제\2026\2_계산\2_LP\LOW_Fr_MASTER_result\srv199\kit_pc2_v4_runs_produce_run_20~_RST.APRQ_11_0705.0-9a0c166714-eb1vcw2n_76a7ad56,no_mas_sum,,,0,0,,
,c:\Users\USER\Desktop\CT&RPL\2_Project\KNF_LEU+ 시범연료봉 장전 인허가 과제\2026\2_계산\2_LP\LOW_Fr_MASTER_result\srv199\kit_pc2_v4_runs_produce_run_20~_RST.APRQ_11_0705.0-9ac98074c3-120l5j7o_25a6a3cb,no_mas_sum,,,0,0,,
,c:\Users\USER\Desktop\CT&RPL\2_Project\KNF_LEU+ 시범연료봉 장전 인허가 과제\2026\2_계산\2_LP\LOW_Fr_MASTER_result\srv199\kit_pc2_v4_runs_produce_run_20~_RST.APRQ_11_0705.0-9ce88c4482-wditv3fr_d9c2d42b,no_mas_sum,,,0,0,,
,c:\Users\USER\Desktop\CT&RPL\2_Project\KNF_LEU+ 시범연료봉 장전 인허가 과제\2026\2_계산\2_LP\LOW_Fr_MASTER_result\srv199\kit_pc2_v4_runs_produce_run_20~_RST.APRQ_11_0705.0-9dae727a0e-v3nu5apy_e1fe1657,no_mas_sum,,,0,0,,
,c:\Users\USER\Desktop\CT&RPL\2_Project\KNF_LEU+ 시범연료봉 장전 인허가 과제\2026\2_계산\2_LP\LOW_Fr_MASTER_result\srv199\kit_pc2_v4_runs_produce_run_20~_RST.APRQ_11_0705.0-a00634650e-qb0tmiba_6975dcc6,no_mas_sum,,,0,0,,
,c:\Users\USER\Desktop\CT&RPL\2_Project\KNF_LEU+ 시범연료봉 장전 인허가 과제\2026\2_계산\2_LP\LOW_Fr_MASTER_result\srv199\kit_pc2_v4_runs_produce_run_20~_RST.APRQ_11_0705.0-abf6803b50-2nqfn756_058f1463,no_mas_sum,,,0,0,,
,c:\Users\USER\Desktop\CT&RPL\2_Project\KNF_LEU+ 시범연료봉 장전 인허가 과제\2026\2_계산\2_LP\LOW_Fr_MASTER_result\srv199\kit_pc2_v4_runs_produce_run_20~_RST.APRQ_11_0705.0-b4c1443236-hwpb_v6t_89df8e35,no_mas_sum,,,0,0,,
,c:\Users\USER\Desktop\CT&RPL\2_Project\KNF_LEU+ 시범연료봉 장전 인허가 과제\2026\2_계산\2_LP\LOW_Fr_MASTER_result\srv199\kit_pc2_v4_runs_produce_run_20~_RST.APRQ_11_0705.0-b5143870d1-5ij1b791_ae7d9792,no_mas_sum,,,0,0,,
,c:\Users\USER\Desktop\CT&RPL\2_Project\KNF_LEU+ 시범연료봉 장전 인허가 과제\2026\2_계산\2_LP\LOW_Fr_MASTER_result\srv199\kit_pc2_v4_runs_produce_run_20~_RST.APRQ_11_0705.0-b612ed657d-rvb24hjm_6fb5f71e,no_mas_sum,,,0,0,,
,c:\Users\USER\Desktop\CT&RPL\2_Project\KNF_LEU+ 시범연료봉 장전 인허가 과제\2026\2_계산\2_LP\LOW_Fr_MASTER_result\srv199\kit_pc2_v4_runs_produce_run_20~_RST.APRQ_11_0705.0-b830d9fa76-h0898wp0_ca44e68d,no_mas_sum,,,0,0,,
,c:\Users\USER\Desktop\CT&RPL\2_Project\KNF_LEU+ 시범연료봉 장전 인허가 과제\2026\2_계산\2_LP\LOW_Fr_MASTER_result\srv199\kit_pc2_v4_runs_produce_run_20~_RST.APRQ_11_0705.0-b8fc1cc664-jjv0spqc_ad2397f2,no_mas_sum,,,0,0,,
,c:\Users\USER\Desktop\CT&RPL\2_Project\KNF_LEU+ 시범연료봉 장전 인허가 과제\2026\2_계산\2_LP\LOW_Fr_MASTER_result\srv199\kit_pc2_v4_runs_produce_run_20~_RST.APRQ_11_0705.0-c65c262511-ng458b0s_0acfc459,no_mas_sum,,,0,0,,
,c:\Users\USER\Desktop\CT&RPL\2_Project\KNF_LEU+ 시범연료봉 장전 인허가 과제\2026\2_계산\2_LP\LOW_Fr_MASTER_result\srv199\kit_pc2_v4_runs_produce_run_20~_RST.APRQ_11_0705.0-c772d2ceb8-t9tw9i_7_8c4c5bf2,no_mas_sum,,,0,0,,
,c:\Users\USER\Desktop\CT&RPL\2_Project\KNF_LEU+ 시범연료봉 장전 인허가 과제\2026\2_계산\2_LP\LOW_Fr_MASTER_result\srv199\kit_pc2_v4_runs_produce_run_20~_RST.APRQ_11_0705.0-db7d44adb4-ur2zskm0_6a8803fa,no_mas_sum,,,0,0,,
,c:\Users\USER\Desktop\CT&RPL\2_Project\KNF_LEU+ 시범연료봉 장전 인허가 과제\2026\2_계산\2_LP\LOW_Fr_MASTER_result\srv199\kit_pc2_v4_runs_produce_run_20~_RST.APRQ_11_0705.0-df53f111ce-idv4l6m0_56926e2f,no_mas_sum,,,0,0,,
,c:\Users\USER\Desktop\CT&RPL\2_Project\KNF_LEU+ 시범연료봉 장전 인허가 과제\2026\2_계산\2_LP\LOW_Fr_MASTER_result\srv199\kit_pc2_v4_runs_produce_run_20~_RST.APRQ_11_0705.0-e317c5df8b-_ibkiscc_2b7b1548,no_mas_sum,,,0,0,,
,c:\Users\USER\Desktop\CT&RPL\2_Project\KNF_LEU+ 시범연료봉 장전 인허가 과제\2026\2_계산\2_LP\LOW_Fr_MASTER_result\srv199\kit_pc2_v4_runs_produce_run_20~_RST.APRQ_11_0705.0-e4bed3886a-2efr8edf_6c4b8acb,no_mas_sum,,,0,0,,
,c:\Users\USER\Desktop\CT&RPL\2_Project\KNF_LEU+ 시범연료봉 장전 인허가 과제\2026\2_계산\2_LP\LOW_Fr_MASTER_result\srv199\kit_pc2_v4_runs_produce_run_20~_RST.APRQ_11_0705.0-e951b8d178-y257vgcy_6a39a02f,no_mas_sum,,,0,0,,
,c:\Users\USER\Desktop\CT&RPL\2_Project\KNF_LEU+ 시범연료봉 장전 인허가 과제\2026\2_계산\2_LP\LOW_Fr_MASTER_result\srv199\kit_pc2_v4_runs_produce_run_20~_RST.APRQ_11_0705.0-e961963cbb-3d5yud88_74ccf805,no_mas_sum,,,0,0,,
,c:\Users\USER\Desktop\CT&RPL\2_Project\KNF_LEU+ 시범연료봉 장전 인허가 과제\2026\2_계산\2_LP\LOW_Fr_MASTER_result\srv199\kit_pc2_v4_runs_produce_run_20~_RST.APRQ_11_0705.0-f3a60ce62d-6esobbkd_7df32833,no_mas_sum,,,0,0,,
,c:\Users\USER\Desktop\CT&RPL\2_Project\KNF_LEU+ 시범연료봉 장전 인허가 과제\2026\2_계산\2_LP\LOW_Fr_MASTER_result\srv199\kit_pc2_v4_runs_produce_run_20~_RST.APRQ_11_0705.0-f622e63ccb-skawenta_5e735c06,no_mas_sum,,,0,0,,
,c:\Users\USER\Desktop\CT&RPL\2_Project\KNF_LEU+ 시범연료봉 장전 인허가 과제\2026\2_계산\2_LP\LOW_Fr_MASTER_result\srv199\kit_pc2_v4_runs_produce_run_20~_RST.APRQ_11_0705.0-f676bce772-ltgfgo9b_d4dd6324,no_mas_sum,,,0,0,,
,c:\Users\USER\Desktop\CT&RPL\2_Project\KNF_LEU+ 시범연료봉 장전 인허가 과제\2026\2_계산\2_LP\LOW_Fr_MASTER_result\srv199\kit_pc2_v4_runs_produce_run_20~_RST.APRQ_11_0767.1-01217be396-xm2_8b8j_d716da14,no_mas_sum,,,0,0,,
,c:\Users\USER\Desktop\CT&RPL\2_Project\KNF_LEU+ 시범연료봉 장전 인허가 과제\2026\2_계산\2_LP\LOW_Fr_MASTER_result\srv199\kit_pc2_v4_runs_produce_run_20~_RST.APRQ_11_0767.1-017e07d6b1-8h9o453j_c5a3f495,no_mas_sum,,,0,0,,
,c:\Users\USER\Desktop\CT&RPL\2_Project\KNF_LEU+ 시범연료봉 장전 인허가 과제\2026\2_계산\2_LP\LOW_Fr_MASTER_result\srv199\kit_pc2_v4_runs_produce_run_20~_RST.APRQ_11_0767.1-01f26e59b1-tfz93397_2afe8c79,no_mas_sum,,,0,0,,
,c:\Users\USER\Desktop\CT&RPL\2_Project\KNF_LEU+ 시범연료봉 장전 인허가 과제\2026\2_계산\2_LP\LOW_Fr_MASTER_result\srv199\kit_pc2_v4_runs_produce_run_20~_RST.APRQ_11_0767.1-0334ccbd63-oxk0kpee_9960d0a9,no_mas_sum,,,0,0,,
,c:\Users\USER\Desktop\CT&RPL\2_Project\KNF_LEU+ 시범연료봉 장전 인허가 과제\2026\2_계산\2_LP\LOW_Fr_MASTER_result\srv199\kit_pc2_v4_runs_produce_run_20~_RST.APRQ_11_0767.1-0451610a13-qjgo7f1a_bb062e5e,no_mas_sum,,,0,0,,
,c:\Users\USER\Desktop\CT&RPL\2_Project\KNF_LEU+ 시범연료봉 장전 인허가 과제\2026\2_계산\2_LP\LOW_Fr_MASTER_result\srv199\kit_pc2_v4_runs_produce_run_20~_RST.APRQ_11_0767.1-05cfcd8638-p4uuin6y_b0edc0fd,no_mas_sum,,,0,0,,
,c:\Users\USER\Desktop\CT&RPL\2_Project\KNF_LEU+ 시범연료봉 장전 인허가 과제\2026\2_계산\2_LP\LOW_Fr_MASTER_result\srv199\kit_pc2_v4_runs_produce_run_20~_RST.APRQ_11_0767.1-07a13503c8-e922qnu4_e4a1be7f,no_mas_sum,,,0,0,,
,c:\Users\USER\Desktop\CT&RPL\2_Project\KNF_LEU+ 시범연료봉 장전 인허가 과제\2026\2_계산\2_LP\LOW_Fr_MASTER_result\srv199\kit_pc2_v4_runs_produce_run_20~_RST.APRQ_11_0767.1-07fd1fc9f3-_tiqdn46_be2ba9ee,no_mas_sum,,,0,0,,
,c:\Users\USER\Desktop\CT&RPL\2_Project\KNF_LEU+ 시범연료봉 장전 인허가 과제\2026\2_계산\2_LP\LOW_Fr_MASTER_result\srv199\kit_pc2_v4_runs_produce_run_20~_RST.APRQ_11_0767.1-089908206c-qsnxkiq6_d073def0,no_mas_sum,,,0,0,,
,c:\Users\USER\Desktop\CT&RPL\2_Project\KNF_LEU+ 시범연료봉 장전 인허가 과제\2026\2_계산\2_LP\LOW_Fr_MASTER_result\srv199\kit_pc2_v4_runs_produce_run_20~_RST.APRQ_11_0767.1-08cd7f25c9-bed0d3ay_6391b648,no_mas_sum,,,0,0,,
,c:\Users\USER\Desktop\CT&RPL\2_Project\KNF_LEU+ 시범연료봉 장전 인허가 과제\2026\2_계산\2_LP\LOW_Fr_MASTER_result\srv199\kit_pc2_v4_runs_produce_run_20~_RST.APRQ_11_0767.1-09c5ff1515-3vup7a11_6ecf95b7,no_mas_sum,,,0,0,,
,c:\Users\USER\Desktop\CT&RPL\2_Project\KNF_LEU+ 시범연료봉 장전 인허가 과제\2026\2_계산\2_LP\LOW_Fr_MASTER_result\srv199\kit_pc2_v4_runs_produce_run_20~_RST.APRQ_11_0767.1-09e90f65e7-5vw5rnj0_dc262bce,no_mas_sum,,,0,0,,
,c:\Users\USER\Desktop\CT&RPL\2_Project\KNF_LEU+ 시범연료봉 장전 인허가 과제\2026\2_계산\2_LP\LOW_Fr_MASTER_result\srv199\kit_pc2_v4_runs_produce_run_20~_RST.APRQ_11_0767.1-0a399b7119-ul4jrgv7_68ed4d72,no_mas_sum,,,0,0,,
,c:\Users\USER\Desktop\CT&RPL\2_Project\KNF_LEU+ 시범연료봉 장전 인허가 과제\2026\2_계산\2_LP\LOW_Fr_MASTER_result\srv199\kit_pc2_v4_runs_produce_run_20~_RST.APRQ_11_0767.1-0a9271df6c-5q4pwgss_b13b2e6e,no_mas_sum,,,0,0,,
,c:\Users\USER\Desktop\CT&RPL\2_Project\KNF_LEU+ 시범연료봉 장전 인허가 과제\2026\2_계산\2_LP\LOW_Fr_MASTER_result\srv199\kit_pc2_v4_runs_produce_run_20~_RST.APRQ_11_0767.1-0b10b8afc3-lihc4ay5_e6fd61fc,no_mas_sum,,,0,0,,
,c:\Users\USER\Desktop\CT&RPL\2_Project\KNF_LEU+ 시범연료봉 장전 인허가 과제\2026\2_계산\2_LP\LOW_Fr_MASTER_result\srv199\kit_pc2_v4_runs_produce_run_20~_RST.APRQ_11_0767.1-0c22a01fb4-q7pf6bf7_6f7f0d9c,no_mas_sum,,,0,0,,
,c:\Users\USER\Desktop\CT&RPL\2_Project\KNF_LEU+ 시범연료봉 장전 인허가 과제\2026\2_계산\2_LP\LOW_Fr_MASTER_result\srv199\kit_pc2_v4_runs_produce_run_20~_RST.APRQ_11_0767.1-0d65d2d67e-dj98herx_c7fa3bbc,no_mas_sum,,,0,0,,
,c:\Users\USER\Desktop\CT&RPL\2_Project\KNF_LEU+ 시범연료봉 장전 인허가 과제\2026\2_계산\2_LP\LOW_Fr_MASTER_result\srv199\kit_pc2_v4_runs_produce_run_20~_RST.APRQ_11_0767.1-0d849de7eb-bfldu0_i_a20fc6f9,no_mas_sum,,,0,0,,
,c:\Users\USER\Desktop\CT&RPL\2_Project\KNF_LEU+ 시범연료봉 장전 인허가 과제\2026\2_계산\2_LP\LOW_Fr_MASTER_result\srv199\kit_pc2_v4_runs_produce_run_20~_RST.APRQ_11_0767.1-0ef0a610cd-209ew23r_2a318b40,no_mas_sum,,,0,0,,
,c:\Users\USER\Desktop\CT&RPL\2_Project\KNF_LEU+ 시범연료봉 장전 인허가 과제\2026\2_계산\2_LP\LOW_Fr_MASTER_result\srv199\kit_pc2_v4_runs_produce_run_20~_RST.APRQ_11_0767.1-14129e7561-u4is4lb2_6f8ceebf,no_mas_sum,,,0,0,,
,c:\Users\USER\Desktop\CT&RPL\2_Project\KNF_LEU+ 시범연료봉 장전 인허가 과제\2026\2_계산\2_LP\LOW_Fr_MASTER_result\srv199\kit_pc2_v4_runs_produce_run_20~_RST.APRQ_11_0767.1-144b0e94e8-vtfk4ao2_cbb663a0,no_mas_sum,,,0,0,,
,c:\Users\USER\Desktop\CT&RPL\2_Project\KNF_LEU+ 시범연료봉 장전 인허가 과제\2026\2_계산\2_LP\LOW_Fr_MASTER_result\srv199\kit_pc2_v4_runs_produce_run_20~_RST.APRQ_11_0767.1-14d633f5ac-zdtyqohk_e82e060b,no_mas_sum,,,0,0,,
,c:\Users\USER\Desktop\CT&RPL\2_Project\KNF_LEU+ 시범연료봉 장전 인허가 과제\2026\2_계산\2_LP\LOW_Fr_MASTER_result\srv199\kit_pc2_v4_runs_produce_run_20~_RST.APRQ_11_0767.1-16e3c02ec5-pulffjne_e07cd0e2,no_mas_sum,,,0,0,,
,c:\Users\USER\Desktop\CT&RPL\2_Project\KNF_LEU+ 시범연료봉 장전 인허가 과제\2026\2_계산\2_LP\LOW_Fr_MASTER_result\srv199\kit_pc2_v4_runs_produce_run_20~_RST.APRQ_11_0767.1-1772de82ec-89cdvw2x_69e5fda7,no_mas_sum,,,0,0,,
,c:\Users\USER\Desktop\CT&RPL\2_Project\KNF_LEU+ 시범연료봉 장전 인허가 과제\2026\2_계산\2_LP\LOW_Fr_MASTER_result\srv199\kit_pc2_v4_runs_produce_run_20~_RST.APRQ_11_0767.1-1bc290c42f-nol2tium_63f946e1,no_mas_sum,,,0,0,,
,c:\Users\USER\Desktop\CT&RPL\2_Project\KNF_LEU+ 시범연료봉 장전 인허가 과제\2026\2_계산\2_LP\LOW_Fr_MASTER_result\srv199\kit_pc2_v4_runs_produce_run_20~_RST.APRQ_11_0767.1-1df4a565e6-flrrn9sj_b13f43dd,no_mas_sum,,,0,0,,
,c:\Users\USER\Desktop\CT&RPL\2_Project\KNF_LEU+ 시범연료봉 장전 인허가 과제\2026\2_계산\2_LP\LOW_Fr_MASTER_result\srv199\kit_pc2_v4_runs_produce_run_20~_RST.APRQ_11_0767.1-1ffdfbbda9-a772rqut_223e0608,no_mas_sum,,,0,0,,
,c:\Users\USER\Desktop\CT&RPL\2_Project\KNF_LEU+ 시범연료봉 장전 인허가 과제\2026\2_계산\2_LP\LOW_Fr_MASTER_result\srv199\kit_pc2_v4_runs_produce_run_20~_RST.APRQ_11_0767.1-2118526944-3gvlo8t5_7c90d38b,no_mas_sum,,,0,0,,
,c:\Users\USER\Desktop\CT&RPL\2_Project\KNF_LEU+ 시범연료봉 장전 인허가 과제\2026\2_계산\2_LP\LOW_Fr_MASTER_result\srv199\kit_pc2_v4_runs_produce_run_20~_RST.APRQ_11_0767.1-2140eb75f2-q1a6s3xs_7a07ba29,no_mas_sum,,,0,0,,
,c:\Users\USER\Desktop\CT&RPL\2_Project\KNF_LEU+ 시범연료봉 장전 인허가 과제\2026\2_계산\2_LP\LOW_Fr_MASTER_result\srv199\kit_pc2_v4_runs_produce_run_20~_RST.APRQ_11_0767.1-21a80ecb8c-8deow207_4d015f41,no_mas_sum,,,0,0,,
,c:\Users\USER\Desktop\CT&RPL\2_Project\KNF_LEU+ 시범연료봉 장전 인허가 과제\2026\2_계산\2_LP\LOW_Fr_MASTER_result\srv199\kit_pc2_v4_runs_produce_run_20~_RST.APRQ_11_0767.1-27dc1dacaf-5iiyrp7a_f55ac030,no_mas_sum,,,0,0,,
,c:\Users\USER\Desktop\CT&RPL\2_Project\KNF_LEU+ 시범연료봉 장전 인허가 과제\2026\2_계산\2_LP\LOW_Fr_MASTER_result\srv199\kit_pc2_v4_runs_produce_run_20~_RST.APRQ_11_0767.1-2900299e3c-k5gk2t6v_69f782df,no_mas_sum,,,0,0,,
,c:\Users\USER\Desktop\CT&RPL\2_Project\KNF_LEU+ 시범연료봉 장전 인허가 과제\2026\2_계산\2_LP\LOW_Fr_MASTER_result\srv199\kit_pc2_v4_runs_produce_run_20~_RST.APRQ_11_0767.1-2b15bc4787-v411v8pz_6043adf1,no_mas_sum,,,0,0,,
,c:\Users\USER\Desktop\CT&RPL\2_Project\KNF_LEU+ 시범연료봉 장전 인허가 과제\2026\2_계산\2_LP\LOW_Fr_MASTER_result\srv199\kit_pc2_v4_runs_produce_run_20~_RST.APRQ_11_0767.1-2b53294cc8-6szig0gl_2f2d1951,no_mas_sum,,,0,0,,
,c:\Users\USER\Desktop\CT&RPL\2_Project\KNF_LEU+ 시범연료봉 장전 인허가 과제\2026\2_계산\2_LP\LOW_Fr_MASTER_result\srv199\kit_pc2_v4_runs_produce_run_20~_RST.APRQ_11_0767.1-2eac323c40-qlbrlmna_8aae7405,no_mas_sum,,,0,0,,
,c:\Users\USER\Desktop\CT&RPL\2_Project\KNF_LEU+ 시범연료봉 장전 인허가 과제\2026\2_계산\2_LP\LOW_Fr_MASTER_result\srv199\kit_pc2_v4_runs_produce_run_20~_RST.APRQ_11_0767.1-2f30ec2630-8g7ij2gf_841144b5,no_mas_sum,,,0,0,,
,c:\Users\USER\Desktop\CT&RPL\2_Project\KNF_LEU+ 시범연료봉 장전 인허가 과제\2026\2_계산\2_LP\LOW_Fr_MASTER_result\srv199\kit_pc2_v4_runs_produce_run_20~_RST.APRQ_11_0767.1-30c199c7b7-3_38q7wc_59c27b57,no_mas_sum,,,0,0,,
,c:\Users\USER\Desktop\CT&RPL\2_Project\KNF_LEU+ 시범연료봉 장전 인허가 과제\2026\2_계산\2_LP\LOW_Fr_MASTER_result\srv199\kit_pc2_v4_runs_produce_run_20~_RST.APRQ_11_0767.1-35992c124a-e95jsqc0_0d5d999f,no_mas_sum,,,0,0,,
,c:\Users\USER\Desktop\CT&RPL\2_Project\KNF_LEU+ 시범연료봉 장전 인허가 과제\2026\2_계산\2_LP\LOW_Fr_MASTER_result\srv199\kit_pc2_v4_runs_produce_run_20~_RST.APRQ_11_0767.1-366c4f5179-u2785el6_c112371a,no_mas_sum,,,0,0,,
,c:\Users\USER\Desktop\CT&RPL\2_Project\KNF_LEU+ 시범연료봉 장전 인허가 과제\2026\2_계산\2_LP\LOW_Fr_MASTER_result\srv199\kit_pc2_v4_runs_produce_run_20~_RST.APRQ_11_0767.1-36c992983a-gb4en7ud_80b0db9d,no_mas_sum,,,0,0,,
,c:\Users\USER\Desktop\CT&RPL\2_Project\KNF_LEU+ 시범연료봉 장전 인허가 과제\2026\2_계산\2_LP\LOW_Fr_MASTER_result\srv199\kit_pc2_v4_runs_produce_run_20~_RST.APRQ_11_0767.1-3a5a9d89e7-4lq3vtr7_23da88b2,no_mas_sum,,,0,0,,
,c:\Users\USER\Desktop\CT&RPL\2_Project\KNF_LEU+ 시범연료봉 장전 인허가 과제\2026\2_계산\2_LP\LOW_Fr_MASTER_result\srv199\kit_pc2_v4_runs_produce_run_20~_RST.APRQ_11_0767.1-3b2ed761e4-oxrz1nko_5e2430ea,no_mas_sum,,,0,0,,
,c:\Users\USER\Desktop\CT&RPL\2_Project\KNF_LEU+ 시범연료봉 장전 인허가 과제\2026\2_계산\2_LP\LOW_Fr_MASTER_result\srv199\kit_pc2_v4_runs_produce_run_20~_RST.APRQ_11_0767.1-3c99834930-powgn86v_c18c99d5,no_mas_sum,,,0,0,,
,c:\Users\USER\Desktop\CT&RPL\2_Project\KNF_LEU+ 시범연료봉 장전 인허가 과제\2026\2_계산\2_LP\LOW_Fr_MASTER_result\srv199\kit_pc2_v4_runs_produce_run_20~_RST.APRQ_11_0767.1-3dff9c49db-6uhugk_6_ec27d676,no_mas_sum,,,0,0,,
,c:\Users\USER\Desktop\CT&RPL\2_Project\KNF_LEU+ 시범연료봉 장전 인허가 과제\2026\2_계산\2_LP\LOW_Fr_MASTER_result\srv199\kit_pc2_v4_runs_produce_run_20~_RST.APRQ_11_0767.1-45800aee7d-uzv1565t_f0ac0dc5,no_mas_sum,,,0,0,,
,c:\Users\USER\Desktop\CT&RPL\2_Project\KNF_LEU+ 시범연료봉 장전 인허가 과제\2026\2_계산\2_LP\LOW_Fr_MASTER_result\srv199\kit_pc2_v4_runs_produce_run_20~_RST.APRQ_11_0767.1-463bf6fc36-apdwxbvv_c312e910,no_mas_sum,,,0,0,,
,c:\Users\USER\Desktop\CT&RPL\2_Project\KNF_LEU+ 시범연료봉 장전 인허가 과제\2026\2_계산\2_LP\LOW_Fr_MASTER_result\srv199\kit_pc2_v4_runs_produce_run_20~_RST.APRQ_11_0767.1-47cae43b11-s90z5adj_31d895a6,no_mas_sum,,,0,0,,
,c:\Users\USER\Desktop\CT&RPL\2_Project\KNF_LEU+ 시범연료봉 장전 인허가 과제\2026\2_계산\2_LP\LOW_Fr_MASTER_result\srv199\kit_pc2_v4_runs_produce_run_20~_RST.APRQ_11_0767.1-47ecd98f23-qotmtqqe_d93edc67,no_mas_sum,,,0,0,,
,c:\Users\USER\Desktop\CT&RPL\2_Project\KNF_LEU+ 시범연료봉 장전 인허가 과제\2026\2_계산\2_LP\LOW_Fr_MASTER_result\srv199\kit_pc2_v4_runs_produce_run_20~_RST.APRQ_11_0767.1-4b30ec00da-ia8xjmvv_13d6bd16,no_digest,,,0,0,,
,c:\Users\USER\Desktop\CT&RPL\2_Project\KNF_LEU+ 시범연료봉 장전 인허가 과제\2026\2_계산\2_LP\LOW_Fr_MASTER_result\srv199\kit_pc2_v4_runs_produce_run_20~_RST.APRQ_11_0767.1-4c1988a54d-fbphbquh_4269570f,no_mas_sum,,,0,0,,
,c:\Users\USER\Desktop\CT&RPL\2_Project\KNF_LEU+ 시범연료봉 장전 인허가 과제\2026\2_계산\2_LP\LOW_Fr_MASTER_result\srv199\kit_pc2_v4_runs_produce_run_20~_RST.APRQ_11_0767.1-4cd3864d1a-n12q2vf3_068a3a89,no_mas_sum,,,0,0,,
,c:\Users\USER\Desktop\CT&RPL\2_Project\KNF_LEU+ 시범연료봉 장전 인허가 과제\2026\2_계산\2_LP\LOW_Fr_MASTER_result\srv199\kit_pc2_v4_runs_produce_run_20~_RST.APRQ_11_0767.1-4cfc887065-61yabd13_10359f00,no_mas_sum,,,0,0,,
,c:\Users\USER\Desktop\CT&RPL\2_Project\KNF_LEU+ 시범연료봉 장전 인허가 과제\2026\2_계산\2_LP\LOW_Fr_MASTER_result\srv199\kit_pc2_v4_runs_produce_run_20~_RST.APRQ_11_0767.1-4d69dcfebb-7im4v9r8_31336583,no_mas_sum,,,0,0,,
,c:\Users\USER\Desktop\CT&RPL\2_Project\KNF_LEU+ 시범연료봉 장전 인허가 과제\2026\2_계산\2_LP\LOW_Fr_MASTER_result\srv199\kit_pc2_v4_runs_produce_run_20~_RST.APRQ_11_0767.1-4e4bacc41d-nw0z1mnf_de9e13bc,no_mas_sum,,,0,0,,
,c:\Users\USER\Desktop\CT&RPL\2_Project\KNF_LEU+ 시범연료봉 장전 인허가 과제\2026\2_계산\2_LP\LOW_Fr_MASTER_result\srv199\kit_pc2_v4_runs_produce_run_20~_RST.APRQ_11_0767.1-4e79ca5450-d1e8pb6t_60d50f81,no_mas_sum,,,0,0,,
,c:\Users\USER\Desktop\CT&RPL\2_Project\KNF_LEU+ 시범연료봉 장전 인허가 과제\2026\2_계산\2_LP\LOW_Fr_MASTER_result\srv199\kit_pc2_v4_runs_produce_run_20~_RST.APRQ_11_0767.1-4f0392bd24-irhq62ka_c492216d,no_mas_sum,,,0,0,,
,c:\Users\USER\Desktop\CT&RPL\2_Project\KNF_LEU+ 시범연료봉 장전 인허가 과제\2026\2_계산\2_LP\LOW_Fr_MASTER_result\srv199\kit_pc2_v4_runs_produce_run_20~_RST.APRQ_11_0767.1-51b07ece55-08x_y4xu_d501a68a,no_mas_sum,,,0,0,,
,c:\Users\USER\Desktop\CT&RPL\2_Project\KNF_LEU+ 시범연료봉 장전 인허가 과제\2026\2_계산\2_LP\LOW_Fr_MASTER_result\srv199\kit_pc2_v4_runs_produce_run_20~_RST.APRQ_11_0767.1-5405e4af00-d9yjwqvh_6962ee0f,no_digest,,,0,0,,
,c:\Users\USER\Desktop\CT&RPL\2_Project\KNF_LEU+ 시범연료봉 장전 인허가 과제\2026\2_계산\2_LP\LOW_Fr_MASTER_result\srv199\kit_pc2_v4_runs_produce_run_20~_RST.APRQ_11_0767.1-543dcde137-v8dwn9lb_7e53608f,no_mas_sum,,,0,0,,
,c:\Users\USER\Desktop\CT&RPL\2_Project\KNF_LEU+ 시범연료봉 장전 인허가 과제\2026\2_계산\2_LP\LOW_Fr_MASTER_result\srv199\kit_pc2_v4_runs_produce_run_20~_RST.APRQ_11_0767.1-54c6f55181-sc5xuqe7_6315b205,no_mas_sum,,,0,0,,
,c:\Users\USER\Desktop\CT&RPL\2_Project\KNF_LEU+ 시범연료봉 장전 인허가 과제\2026\2_계산\2_LP\LOW_Fr_MASTER_result\srv199\kit_pc2_v4_runs_produce_run_20~_RST.APRQ_11_0767.1-553d159e51-7n_i8rta_4ba0ba00,no_mas_sum,,,0,0,,
,c:\Users\USER\Desktop\CT&RPL\2_Project\KNF_LEU+ 시범연료봉 장전 인허가 과제\2026\2_계산\2_LP\LOW_Fr_MASTER_result\srv199\kit_pc2_v4_runs_produce_run_20~_RST.APRQ_11_0767.1-55e7b2293a-eql718l3_50236678,no_mas_sum,,,0,0,,
,c:\Users\USER\Desktop\CT&RPL\2_Project\KNF_LEU+ 시범연료봉 장전 인허가 과제\2026\2_계산\2_LP\LOW_Fr_MASTER_result\srv199\kit_pc2_v4_runs_produce_run_20~_RST.APRQ_11_0767.1-59a582429d-gqi8tzpi_049c5034,no_mas_sum,,,0,0,,
,c:\Users\USER\Desktop\CT&RPL\2_Project\KNF_LEU+ 시범연료봉 장전 인허가 과제\2026\2_계산\2_LP\LOW_Fr_MASTER_result\srv199\kit_pc2_v4_runs_produce_run_20~_RST.APRQ_11_0767.1-5d0bfc3c95-9je9v4ms_4ef50323,no_mas_sum,,,0,0,,
,c:\Users\USER\Desktop\CT&RPL\2_Project\KNF_LEU+ 시범연료봉 장전 인허가 과제\2026\2_계산\2_LP\LOW_Fr_MASTER_result\srv199\kit_pc2_v4_runs_produce_run_20~_RST.APRQ_11_0767.1-5e40cd88a3-27r35vvw_2e1b4196,no_mas_sum,,,0,0,,
,c:\Users\USER\Desktop\CT&RPL\2_Project\KNF_LEU+ 시범연료봉 장전 인허가 과제\2026\2_계산\2_LP\LOW_Fr_MASTER_result\srv199\kit_pc2_v4_runs_produce_run_20~_RST.APRQ_11_0767.1-5ee6cd4bd5-4p2yytc7_ba905112,no_mas_sum,,,0,0,,
,c:\Users\USER\Desktop\CT&RPL\2_Project\KNF_LEU+ 시범연료봉 장전 인허가 과제\2026\2_계산\2_LP\LOW_Fr_MASTER_result\srv199\kit_pc2_v4_runs_produce_run_20~_RST.APRQ_11_0767.1-5f14671613-0kq7kmoz_77c8b6c2,no_mas_sum,,,0,0,,
,c:\Users\USER\Desktop\CT&RPL\2_Project\KNF_LEU+ 시범연료봉 장전 인허가 과제\2026\2_계산\2_LP\LOW_Fr_MASTER_result\srv199\kit_pc2_v4_runs_produce_run_20~_RST.APRQ_11_0767.1-5f1d5497c0-cdczqxvu_df956fea,no_mas_sum,,,0,0,,
,c:\Users\USER\Desktop\CT&RPL\2_Project\KNF_LEU+ 시범연료봉 장전 인허가 과제\2026\2_계산\2_LP\LOW_Fr_MASTER_result\srv199\kit_pc2_v4_runs_produce_run_20~_RST.APRQ_11_0767.1-5fffe11c10-filyqzbm_5e8e2152,no_mas_sum,,,0,0,,
,c:\Users\USER\Desktop\CT&RPL\2_Project\KNF_LEU+ 시범연료봉 장전 인허가 과제\2026\2_계산\2_LP\LOW_Fr_MASTER_result\srv199\kit_pc2_v4_runs_produce_run_20~_RST.APRQ_11_0767.1-60e24e65bb-vriom17d_105ea64e,no_mas_sum,,,0,0,,
,c:\Users\USER\Desktop\CT&RPL\2_Project\KNF_LEU+ 시범연료봉 장전 인허가 과제\2026\2_계산\2_LP\LOW_Fr_MASTER_result\srv199\kit_pc2_v4_runs_produce_run_20~_RST.APRQ_11_0767.1-6540b708a1-kflnrbyb_18209ef6,no_mas_sum,,,0,0,,
,c:\Users\USER\Desktop\CT&RPL\2_Project\KNF_LEU+ 시범연료봉 장전 인허가 과제\2026\2_계산\2_LP\LOW_Fr_MASTER_result\srv199\kit_pc2_v4_runs_produce_run_20~_RST.APRQ_11_0767.1-6553d7be71-l2cordqu_6d317031,no_mas_sum,,,0,0,,
,c:\Users\USER\Desktop\CT&RPL\2_Project\KNF_LEU+ 시범연료봉 장전 인허가 과제\2026\2_계산\2_LP\LOW_Fr_MASTER_result\srv199\kit_pc2_v4_runs_produce_run_20~_RST.APRQ_11_0767.1-659d031568-bspao1fx_2698dd2d,no_mas_sum,,,0,0,,
,c:\Users\USER\Desktop\CT&RPL\2_Project\KNF_LEU+ 시범연료봉 장전 인허가 과제\2026\2_계산\2_LP\LOW_Fr_MASTER_result\srv199\kit_pc2_v4_runs_produce_run_20~_RST.APRQ_11_0767.1-65c5df49cf-lk90s4z1_c245ccd5,no_mas_sum,,,0,0,,
,c:\Users\USER\Desktop\CT&RPL\2_Project\KNF_LEU+ 시범연료봉 장전 인허가 과제\2026\2_계산\2_LP\LOW_Fr_MASTER_result\srv199\kit_pc2_v4_runs_produce_run_20~_RST.APRQ_11_0767.1-673b914fd1-1m8ogw3j_625ad220,no_mas_sum,,,0,0,,
,c:\Users\USER\Desktop\CT&RPL\2_Project\KNF_LEU+ 시범연료봉 장전 인허가 과제\2026\2_계산\2_LP\LOW_Fr_MASTER_result\srv199\kit_pc2_v4_runs_produce_run_20~_RST.APRQ_11_0767.1-674c9bd62f-shag8ijr_7b0f986d,no_mas_sum,,,0,0,,
,c:\Users\USER\Desktop\CT&RPL\2_Project\KNF_LEU+ 시범연료봉 장전 인허가 과제\2026\2_계산\2_LP\LOW_Fr_MASTER_result\srv199\kit_pc2_v4_runs_produce_run_20~_RST.APRQ_11_0767.1-674e0990d4-1cynva8f_822cfa05,no_mas_sum,,,0,0,,
,c:\Users\USER\Desktop\CT&RPL\2_Project\KNF_LEU+ 시범연료봉 장전 인허가 과제\2026\2_계산\2_LP\LOW_Fr_MASTER_result\srv199\kit_pc2_v4_runs_produce_run_20~_RST.APRQ_11_0767.1-692290cd11-_pyur1m2_cd05eaa6,no_mas_sum,,,0,0,,
,c:\Users\USER\Desktop\CT&RPL\2_Project\KNF_LEU+ 시범연료봉 장전 인허가 과제\2026\2_계산\2_LP\LOW_Fr_MASTER_result\srv199\kit_pc2_v4_runs_produce_run_20~_RST.APRQ_11_0767.1-694f18e3a6-3glsi60b_a37d1ca4,no_mas_sum,,,0,0,,
,c:\Users\USER\Desktop\CT&RPL\2_Project\KNF_LEU+ 시범연료봉 장전 인허가 과제\2026\2_계산\2_LP\LOW_Fr_MASTER_result\srv199\kit_pc2_v4_runs_produce_run_20~_RST.APRQ_11_0767.1-696ec843ad-j1ujvep1_a52b19c7,no_mas_sum,,,0,0,,
,c:\Users\USER\Desktop\CT&RPL\2_Project\KNF_LEU+ 시범연료봉 장전 인허가 과제\2026\2_계산\2_LP\LOW_Fr_MASTER_result\srv199\kit_pc2_v4_runs_produce_run_20~_RST.APRQ_11_0767.1-6aff6349b8-ywogllmo_ef46c9aa,no_mas_sum,,,0,0,,
,c:\Users\USER\Desktop\CT&RPL\2_Project\KNF_LEU+ 시범연료봉 장전 인허가 과제\2026\2_계산\2_LP\LOW_Fr_MASTER_result\srv199\kit_pc2_v4_runs_produce_run_20~_RST.APRQ_11_0767.1-709b07e100-rlbtdikq_b2012e62,no_mas_sum,,,0,0,,
,c:\Users\USER\Desktop\CT&RPL\2_Project\KNF_LEU+ 시범연료봉 장전 인허가 과제\2026\2_계산\2_LP\LOW_Fr_MASTER_result\srv199\kit_pc2_v4_runs_produce_run_20~_RST.APRQ_11_0767.1-70ad0a97dd-t4q2kwjf_54dfa8a0,no_mas_sum,,,0,0,,
,c:\Users\USER\Desktop\CT&RPL\2_Project\KNF_LEU+ 시범연료봉 장전 인허가 과제\2026\2_계산\2_LP\LOW_Fr_MASTER_result\srv199\kit_pc2_v4_runs_produce_run_20~_RST.APRQ_11_0767.1-70ec501f57-mdb5z_xy_25ddfd79,no_mas_sum,,,0,0,,
,c:\Users\USER\Desktop\CT&RPL\2_Project\KNF_LEU+ 시범연료봉 장전 인허가 과제\2026\2_계산\2_LP\LOW_Fr_MASTER_result\srv199\kit_pc2_v4_runs_produce_run_20~_RST.APRQ_11_0767.1-70ed82c466-adwgbc74_a1a2f84e,no_mas_sum,,,0,0,,
,c:\Users\USER\Desktop\CT&RPL\2_Project\KNF_LEU+ 시범연료봉 장전 인허가 과제\2026\2_계산\2_LP\LOW_Fr_MASTER_result\srv199\kit_pc2_v4_runs_produce_run_20~_RST.APRQ_11_0767.1-7186378cd3-oo_3he2m_043532c5,no_mas_sum,,,0,0,,
,c:\Users\USER\Desktop\CT&RPL\2_Project\KNF_LEU+ 시범연료봉 장전 인허가 과제\2026\2_계산\2_LP\LOW_Fr_MASTER_result\srv199\kit_pc2_v4_runs_produce_run_20~_RST.APRQ_11_0767.1-720c5eaf7e-o_onmys4_4a6edba5,no_mas_sum,,,0,0,,
,c:\Users\USER\Desktop\CT&RPL\2_Project\KNF_LEU+ 시범연료봉 장전 인허가 과제\2026\2_계산\2_LP\LOW_Fr_MASTER_result\srv199\kit_pc2_v4_runs_produce_run_20~_RST.APRQ_11_0767.1-743b435a73-xq33f5_x_2670077b,no_mas_sum,,,0,0,,
,c:\Users\USER\Desktop\CT&RPL\2_Project\KNF_LEU+ 시범연료봉 장전 인허가 과제\2026\2_계산\2_LP\LOW_Fr_MASTER_result\srv199\kit_pc2_v4_runs_produce_run_20~_RST.APRQ_11_0767.1-758a104705-acqwkzfl_40717749,no_mas_sum,,,0,0,,
,c:\Users\USER\Desktop\CT&RPL\2_Project\KNF_LEU+ 시범연료봉 장전 인허가 과제\2026\2_계산\2_LP\LOW_Fr_MASTER_result\srv199\kit_pc2_v4_runs_produce_run_20~_RST.APRQ_11_0767.1-783c65978c-g7u9fhv5_c038cfdc,no_mas_sum,,,0,0,,
,c:\Users\USER\Desktop\CT&RPL\2_Project\KNF_LEU+ 시범연료봉 장전 인허가 과제\2026\2_계산\2_LP\LOW_Fr_MASTER_result\srv199\kit_pc2_v4_runs_produce_run_20~_RST.APRQ_11_0767.1-79920b817f-pokokacu_078a2be6,no_mas_sum,,,0,0,,
,c:\Users\USER\Desktop\CT&RPL\2_Project\KNF_LEU+ 시범연료봉 장전 인허가 과제\2026\2_계산\2_LP\LOW_Fr_MASTER_result\srv199\kit_pc2_v4_runs_produce_run_20~_RST.APRQ_11_0767.1-7e35aa1c69-ijr2473v_cb6d6b37,no_mas_sum,,,0,0,,
,c:\Users\USER\Desktop\CT&RPL\2_Project\KNF_LEU+ 시범연료봉 장전 인허가 과제\2026\2_계산\2_LP\LOW_Fr_MASTER_result\srv199\kit_pc2_v4_runs_produce_run_20~_RST.APRQ_11_0767.1-7f147c19f6-ueu5z_zu_cbf0b2c9,no_mas_sum,,,0,0,,
,c:\Users\USER\Desktop\CT&RPL\2_Project\KNF_LEU+ 시범연료봉 장전 인허가 과제\2026\2_계산\2_LP\LOW_Fr_MASTER_result\srv199\kit_pc2_v4_runs_produce_run_20~_RST.APRQ_11_0767.1-7ff588b744-3a3sv27t_b1d9dbf6,no_mas_sum,,,0,0,,
,c:\Users\USER\Desktop\CT&RPL\2_Project\KNF_LEU+ 시범연료봉 장전 인허가 과제\2026\2_계산\2_LP\LOW_Fr_MASTER_result\srv199\kit_pc2_v4_runs_produce_run_20~_RST.APRQ_11_0767.1-80c152309c-af7hrw_d_0ab40f6d,no_mas_sum,,,0,0,,
,c:\Users\USER\Desktop\CT&RPL\2_Project\KNF_LEU+ 시범연료봉 장전 인허가 과제\2026\2_계산\2_LP\LOW_Fr_MASTER_result\srv199\kit_pc2_v4_runs_produce_run_20~_RST.APRQ_11_0767.1-810198fa40-c61nfhcb_78a4b777,no_mas_sum,,,0,0,,
,c:\Users\USER\Desktop\CT&RPL\2_Project\KNF_LEU+ 시범연료봉 장전 인허가 과제\2026\2_계산\2_LP\LOW_Fr_MASTER_result\srv199\kit_pc2_v4_runs_produce_run_20~_RST.APRQ_11_0767.1-81ed6b4767-ihr2jqev_3a659e27,no_mas_sum,,,0,0,,
,c:\Users\USER\Desktop\CT&RPL\2_Project\KNF_LEU+ 시범연료봉 장전 인허가 과제\2026\2_계산\2_LP\LOW_Fr_MASTER_result\srv199\kit_pc2_v4_runs_produce_run_20~_RST.APRQ_11_0767.1-8374ff9f55-9b33437f_b49cfa9f,no_mas_sum,,,0,0,,
,c:\Users\USER\Desktop\CT&RPL\2_Project\KNF_LEU+ 시범연료봉 장전 인허가 과제\2026\2_계산\2_LP\LOW_Fr_MASTER_result\srv199\kit_pc2_v4_runs_produce_run_20~_RST.APRQ_11_0767.1-854df8c058-t9lx9qbo_59fc764b,no_mas_sum,,,0,0,,
,c:\Users\USER\Desktop\CT&RPL\2_Project\KNF_LEU+ 시범연료봉 장전 인허가 과제\2026\2_계산\2_LP\LOW_Fr_MASTER_result\srv199\kit_pc2_v4_runs_produce_run_20~_RST.APRQ_11_0767.1-855e593fca-mlirj6o4_5a6c6bf0,no_mas_sum,,,0,0,,
,c:\Users\USER\Desktop\CT&RPL\2_Project\KNF_LEU+ 시범연료봉 장전 인허가 과제\2026\2_계산\2_LP\LOW_Fr_MASTER_result\srv199\kit_pc2_v4_runs_produce_run_20~_RST.APRQ_11_0767.1-8ce5ee57e5-tgjiy7gy_0aceee2b,no_mas_sum,,,0,0,,
,c:\Users\USER\Desktop\CT&RPL\2_Project\KNF_LEU+ 시범연료봉 장전 인허가 과제\2026\2_계산\2_LP\LOW_Fr_MASTER_result\srv199\kit_pc2_v4_runs_produce_run_20~_RST.APRQ_11_0767.1-8d1a126726-ezqjz7nw_efee84e6,no_mas_sum,,,0,0,,
,c:\Users\USER\Desktop\CT&RPL\2_Project\KNF_LEU+ 시범연료봉 장전 인허가 과제\2026\2_계산\2_LP\LOW_Fr_MASTER_result\srv199\kit_pc2_v4_runs_produce_run_20~_RST.APRQ_11_0767.1-8f89fca650-npb0020d_50fe2d45,no_mas_sum,,,0,0,,
,c:\Users\USER\Desktop\CT&RPL\2_Project\KNF_LEU+ 시범연료봉 장전 인허가 과제\2026\2_계산\2_LP\LOW_Fr_MASTER_result\srv199\kit_pc2_v4_runs_produce_run_20~_RST.APRQ_11_0767.1-9545946711-0zw372v2_5b4fe2ab,no_mas_sum,,,0,0,,
,c:\Users\USER\Desktop\CT&RPL\2_Project\KNF_LEU+ 시범연료봉 장전 인허가 과제\2026\2_계산\2_LP\LOW_Fr_MASTER_result\srv199\kit_pc2_v4_runs_produce_run_20~_RST.APRQ_11_0767.1-959f4c174b-bx812kzx_59151e3b,no_digest,,,0,0,,
,c:\Users\USER\Desktop\CT&RPL\2_Project\KNF_LEU+ 시범연료봉 장전 인허가 과제\2026\2_계산\2_LP\LOW_Fr_MASTER_result\srv199\kit_pc2_v4_runs_produce_run_20~_RST.APRQ_11_0767.1-9e3597f884-om9wsgjk_d60738dc,no_mas_sum,,,0,0,,
,c:\Users\USER\Desktop\CT&RPL\2_Project\KNF_LEU+ 시범연료봉 장전 인허가 과제\2026\2_계산\2_LP\LOW_Fr_MASTER_result\srv199\kit_pc2_v4_runs_produce_run_20~_RST.APRQ_11_0767.1-9f54956e36-z0vmfs4m_b275ca07,no_mas_sum,,,0,0,,
,c:\Users\USER\Desktop\CT&RPL\2_Project\KNF_LEU+ 시범연료봉 장전 인허가 과제\2026\2_계산\2_LP\LOW_Fr_MASTER_result\srv199\kit_pc2_v4_runs_produce_run_20~_RST.APRQ_11_0767.1-a337f00768-kp1tul8s_a51c143f,no_mas_sum,,,0,0,,
,c:\Users\USER\Desktop\CT&RPL\2_Project\KNF_LEU+ 시범연료봉 장전 인허가 과제\2026\2_계산\2_LP\LOW_Fr_MASTER_result\srv199\kit_pc2_v4_runs_produce_run_20~_RST.APRQ_11_0767.1-a45457d4d8-0bj3qo2c_54cc4539,no_mas_sum,,,0,0,,
,c:\Users\USER\Desktop\CT&RPL\2_Project\KNF_LEU+ 시범연료봉 장전 인허가 과제\2026\2_계산\2_LP\LOW_Fr_MASTER_result\srv199\kit_pc2_v4_runs_produce_run_20~_RST.APRQ_11_0767.1-a648474274-19tr22j0_b7b9ec43,no_mas_sum,,,0,0,,
,c:\Users\USER\Desktop\CT&RPL\2_Project\KNF_LEU+ 시범연료봉 장전 인허가 과제\2026\2_계산\2_LP\LOW_Fr_MASTER_result\srv199\kit_pc2_v4_runs_produce_run_20~_RST.APRQ_11_0767.1-a903e286f5-a0ety8af_bff7431f,no_mas_sum,,,0,0,,
,c:\Users\USER\Desktop\CT&RPL\2_Project\KNF_LEU+ 시범연료봉 장전 인허가 과제\2026\2_계산\2_LP\LOW_Fr_MASTER_result\srv199\kit_pc2_v4_runs_produce_run_20~_RST.APRQ_11_0767.1-ab1591e526-b7m9m0a5_0c46625d,no_mas_sum,,,0,0,,
,c:\Users\USER\Desktop\CT&RPL\2_Project\KNF_LEU+ 시범연료봉 장전 인허가 과제\2026\2_계산\2_LP\LOW_Fr_MASTER_result\srv199\kit_pc2_v4_runs_produce_run_20~_RST.APRQ_11_0767.1-ac958152f2-5rt6f2uu_0da8e5e2,no_mas_sum,,,0,0,,
,c:\Users\USER\Desktop\CT&RPL\2_Project\KNF_LEU+ 시범연료봉 장전 인허가 과제\2026\2_계산\2_LP\LOW_Fr_MASTER_result\srv199\kit_pc2_v4_runs_produce_run_20~_RST.APRQ_11_0767.1-ad2dc96928-umdnq4n8_78b81fd6,no_mas_sum,,,0,0,,
,c:\Users\USER\Desktop\CT&RPL\2_Project\KNF_LEU+ 시범연료봉 장전 인허가 과제\2026\2_계산\2_LP\LOW_Fr_MASTER_result\srv199\kit_pc2_v4_runs_produce_run_20~_RST.APRQ_11_0767.1-ae3c23ae84-uadak4kg_31bc7df7,no_mas_sum,,,0,0,,
,c:\Users\USER\Desktop\CT&RPL\2_Project\KNF_LEU+ 시범연료봉 장전 인허가 과제\2026\2_계산\2_LP\LOW_Fr_MASTER_result\srv199\kit_pc2_v4_runs_produce_run_20~_RST.APRQ_11_0767.1-aeebc964ab-7k1bb427_48fa2cb7,no_mas_sum,,,0,0,,
,c:\Users\USER\Desktop\CT&RPL\2_Project\KNF_LEU+ 시범연료봉 장전 인허가 과제\2026\2_계산\2_LP\LOW_Fr_MASTER_result\srv199\kit_pc2_v4_runs_produce_run_20~_RST.APRQ_11_0767.1-b0ef7d1c8d-1dc1tyb3_7d27118d,no_mas_sum,,,0,0,,
,c:\Users\USER\Desktop\CT&RPL\2_Project\KNF_LEU+ 시범연료봉 장전 인허가 과제\2026\2_계산\2_LP\LOW_Fr_MASTER_result\srv199\kit_pc2_v4_runs_produce_run_20~_RST.APRQ_11_0767.1-b13619ae61-pssruyyp_76147cb9,no_mas_sum,,,0,0,,
,c:\Users\USER\Desktop\CT&RPL\2_Project\KNF_LEU+ 시범연료봉 장전 인허가 과제\2026\2_계산\2_LP\LOW_Fr_MASTER_result\srv199\kit_pc2_v4_runs_produce_run_20~_RST.APRQ_11_0767.1-b13c1789ad-gqtwy3au_07a26743,no_mas_sum,,,0,0,,
,c:\Users\USER\Desktop\CT&RPL\2_Project\KNF_LEU+ 시범연료봉 장전 인허가 과제\2026\2_계산\2_LP\LOW_Fr_MASTER_result\srv199\kit_pc2_v4_runs_produce_run_20~_RST.APRQ_11_0767.1-b2c451e82b-44rtalxl_2c9b25bb,no_mas_sum,,,0,0,,
,c:\Users\USER\Desktop\CT&RPL\2_Project\KNF_LEU+ 시범연료봉 장전 인허가 과제\2026\2_계산\2_LP\LOW_Fr_MASTER_result\srv199\kit_pc2_v4_runs_produce_run_20~_RST.APRQ_11_0767.1-b444ea5e66-z0xsspet_5f6c303c,no_mas_sum,,,0,0,,
,c:\Users\USER\Desktop\CT&RPL\2_Project\KNF_LEU+ 시범연료봉 장전 인허가 과제\2026\2_계산\2_LP\LOW_Fr_MASTER_result\srv199\kit_pc2_v4_runs_produce_run_20~_RST.APRQ_11_0767.1-b4aff0d8af-rf1kelmm_14d77455,no_mas_sum,,,0,0,,
,c:\Users\USER\Desktop\CT&RPL\2_Project\KNF_LEU+ 시범연료봉 장전 인허가 과제\2026\2_계산\2_LP\LOW_Fr_MASTER_result\srv199\kit_pc2_v4_runs_produce_run_20~_RST.APRQ_11_0767.1-b6342a3bec-u6lk5r1b_076c2885,no_mas_sum,,,0,0,,
,c:\Users\USER\Desktop\CT&RPL\2_Project\KNF_LEU+ 시범연료봉 장전 인허가 과제\2026\2_계산\2_LP\LOW_Fr_MASTER_result\srv199\kit_pc2_v4_runs_produce_run_20~_RST.APRQ_11_0767.1-b6f0037090-d4amlbbp_87830ee8,no_mas_sum,,,0,0,,
,c:\Users\USER\Desktop\CT&RPL\2_Project\KNF_LEU+ 시범연료봉 장전 인허가 과제\2026\2_계산\2_LP\LOW_Fr_MASTER_result\srv199\kit_pc2_v4_runs_produce_run_20~_RST.APRQ_11_0767.1-b8cc0738e3-idxg3mqy_8f43d697,no_mas_sum,,,0,0,,
,c:\Users\USER\Desktop\CT&RPL\2_Project\KNF_LEU+ 시범연료봉 장전 인허가 과제\2026\2_계산\2_LP\LOW_Fr_MASTER_result\srv199\kit_pc2_v4_runs_produce_run_20~_RST.APRQ_11_0767.1-b9bd5d7fa6-f93_dbyj_a72cb5ab,no_mas_sum,,,0,0,,
,c:\Users\USER\Desktop\CT&RPL\2_Project\KNF_LEU+ 시범연료봉 장전 인허가 과제\2026\2_계산\2_LP\LOW_Fr_MASTER_result\srv199\kit_pc2_v4_runs_produce_run_20~_RST.APRQ_11_0767.1-b9c32a2f91-ehbbuvr0_7d8f2ead,no_mas_sum,,,0,0,,
,c:\Users\USER\Desktop\CT&RPL\2_Project\KNF_LEU+ 시범연료봉 장전 인허가 과제\2026\2_계산\2_LP\LOW_Fr_MASTER_result\srv199\kit_pc2_v4_runs_produce_run_20~_RST.APRQ_11_0767.1-b9e23b7ad4-lgvbueel_b45fd567,no_mas_sum,,,0,0,,
,c:\Users\USER\Desktop\CT&RPL\2_Project\KNF_LEU+ 시범연료봉 장전 인허가 과제\2026\2_계산\2_LP\LOW_Fr_MASTER_result\srv199\kit_pc2_v4_runs_produce_run_20~_RST.APRQ_11_0767.1-ba07b04aac-843b7f9x_67c30b14,no_mas_sum,,,0,0,,
,c:\Users\USER\Desktop\CT&RPL\2_Project\KNF_LEU+ 시범연료봉 장전 인허가 과제\2026\2_계산\2_LP\LOW_Fr_MASTER_result\srv199\kit_pc2_v4_runs_produce_run_20~_RST.APRQ_11_0767.1-ba46ebcf85-_n8jquwg_8dcacd71,no_mas_sum,,,0,0,,
,c:\Users\USER\Desktop\CT&RPL\2_Project\KNF_LEU+ 시범연료봉 장전 인허가 과제\2026\2_계산\2_LP\LOW_Fr_MASTER_result\srv199\kit_pc2_v4_runs_produce_run_20~_RST.APRQ_11_0767.1-bb5c26f402-3bp8xai0_118abdf6,no_mas_sum,,,0,0,,
,c:\Users\USER\Desktop\CT&RPL\2_Project\KNF_LEU+ 시범연료봉 장전 인허가 과제\2026\2_계산\2_LP\LOW_Fr_MASTER_result\srv199\kit_pc2_v4_runs_produce_run_20~_RST.APRQ_11_0767.1-bd21baf1b9-0_g6uffh_0743db36,no_mas_sum,,,0,0,,
,c:\Users\USER\Desktop\CT&RPL\2_Project\KNF_LEU+ 시범연료봉 장전 인허가 과제\2026\2_계산\2_LP\LOW_Fr_MASTER_result\srv199\kit_pc2_v4_runs_produce_run_20~_RST.APRQ_11_0767.1-bdb242d37b-pw4desot_552a72b3,no_mas_sum,,,0,0,,
,c:\Users\USER\Desktop\CT&RPL\2_Project\KNF_LEU+ 시범연료봉 장전 인허가 과제\2026\2_계산\2_LP\LOW_Fr_MASTER_result\srv199\kit_pc2_v4_runs_produce_run_20~_RST.APRQ_11_0767.1-be812956ec-rekkreh2_7ed62397,no_mas_sum,,,0,0,,
,c:\Users\USER\Desktop\CT&RPL\2_Project\KNF_LEU+ 시범연료봉 장전 인허가 과제\2026\2_계산\2_LP\LOW_Fr_MASTER_result\srv199\kit_pc2_v4_runs_produce_run_20~_RST.APRQ_11_0767.1-befe169e0c-7bjrc72o_c6702ba7,no_mas_sum,,,0,0,,
,c:\Users\USER\Desktop\CT&RPL\2_Project\KNF_LEU+ 시범연료봉 장전 인허가 과제\2026\2_계산\2_LP\LOW_Fr_MASTER_result\srv199\kit_pc2_v4_runs_produce_run_20~_RST.APRQ_11_0767.1-bf51718ebf-jpysxbs2_e744fea7,no_mas_sum,,,0,0,,
,c:\Users\USER\Desktop\CT&RPL\2_Project\KNF_LEU+ 시범연료봉 장전 인허가 과제\2026\2_계산\2_LP\LOW_Fr_MASTER_result\srv199\kit_pc2_v4_runs_produce_run_20~_RST.APRQ_11_0767.1-c04b895131-v5sck1m2_3e971722,no_mas_sum,,,0,0,,
,c:\Users\USER\Desktop\CT&RPL\2_Project\KNF_LEU+ 시범연료봉 장전 인허가 과제\2026\2_계산\2_LP\LOW_Fr_MASTER_result\srv199\kit_pc2_v4_runs_produce_run_20~_RST.APRQ_11_0767.1-c0a3a0029f-ii4phqa0_374d2f97,no_mas_sum,,,0,0,,
,c:\Users\USER\Desktop\CT&RPL\2_Project\KNF_LEU+ 시범연료봉 장전 인허가 과제\2026\2_계산\2_LP\LOW_Fr_MASTER_result\srv199\kit_pc2_v4_runs_produce_run_20~_RST.APRQ_11_0767.1-c17de3a4b5-vf7kbzx7_6608e8c8,no_mas_sum,,,0,0,,
,c:\Users\USER\Desktop\CT&RPL\2_Project\KNF_LEU+ 시범연료봉 장전 인허가 과제\2026\2_계산\2_LP\LOW_Fr_MASTER_result\srv199\kit_pc2_v4_runs_produce_run_20~_RST.APRQ_11_0767.1-c1b0401757-ahwl78q9_8f9c6ed1,no_mas_sum,,,0,0,,
,c:\Users\USER\Desktop\CT&RPL\2_Project\KNF_LEU+ 시범연료봉 장전 인허가 과제\2026\2_계산\2_LP\LOW_Fr_MASTER_result\srv199\kit_pc2_v4_runs_produce_run_20~_RST.APRQ_11_0767.1-c47ed4a421-_570qh6w_ad563e7e,no_mas_sum,,,0,0,,
,c:\Users\USER\Desktop\CT&RPL\2_Project\KNF_LEU+ 시범연료봉 장전 인허가 과제\2026\2_계산\2_LP\LOW_Fr_MASTER_result\srv199\kit_pc2_v4_runs_produce_run_20~_RST.APRQ_11_0767.1-c4ca02842f-_afzlhzi_d1f9684b,no_mas_sum,,,0,0,,
,c:\Users\USER\Desktop\CT&RPL\2_Project\KNF_LEU+ 시범연료봉 장전 인허가 과제\2026\2_계산\2_LP\LOW_Fr_MASTER_result\srv199\kit_pc2_v4_runs_produce_run_20~_RST.APRQ_11_0767.1-c7e9eb4258-92fz36wt_e069bc34,no_mas_sum,,,0,0,,
,c:\Users\USER\Desktop\CT&RPL\2_Project\KNF_LEU+ 시범연료봉 장전 인허가 과제\2026\2_계산\2_LP\LOW_Fr_MASTER_result\srv199\kit_pc2_v4_runs_produce_run_20~_RST.APRQ_11_0767.1-c9580e01cd-6vzvniqq_ed807646,no_digest,,,0,0,,
,c:\Users\USER\Desktop\CT&RPL\2_Project\KNF_LEU+ 시범연료봉 장전 인허가 과제\2026\2_계산\2_LP\LOW_Fr_MASTER_result\srv199\kit_pc2_v4_runs_produce_run_20~_RST.APRQ_11_0767.1-cceafc1889-andehjlm_7d03e3d6,no_mas_sum,,,0,0,,
,c:\Users\USER\Desktop\CT&RPL\2_Project\KNF_LEU+ 시범연료봉 장전 인허가 과제\2026\2_계산\2_LP\LOW_Fr_MASTER_result\srv199\kit_pc2_v4_runs_produce_run_20~_RST.APRQ_11_0767.1-cd042d559a-gt10xl1s_f6c40361,no_mas_sum,,,0,0,,
,c:\Users\USER\Desktop\CT&RPL\2_Project\KNF_LEU+ 시범연료봉 장전 인허가 과제\2026\2_계산\2_LP\LOW_Fr_MASTER_result\srv199\kit_pc2_v4_runs_produce_run_20~_RST.APRQ_11_0767.1-cd0878f769-srjb3svh_a18e4267,no_mas_sum,,,0,0,,
,c:\Users\USER\Desktop\CT&RPL\2_Project\KNF_LEU+ 시범연료봉 장전 인허가 과제\2026\2_계산\2_LP\LOW_Fr_MASTER_result\srv199\kit_pc2_v4_runs_produce_run_20~_RST.APRQ_11_0767.1-ce7aafd2c3-naqvv3no_a90f792e,no_mas_sum,,,0,0,,
,c:\Users\USER\Desktop\CT&RPL\2_Project\KNF_LEU+ 시범연료봉 장전 인허가 과제\2026\2_계산\2_LP\LOW_Fr_MASTER_result\srv199\kit_pc2_v4_runs_produce_run_20~_RST.APRQ_11_0767.1-cecf681bb9-g970tspz_06cd1b79,no_mas_sum,,,0,0,,
,c:\Users\USER\Desktop\CT&RPL\2_Project\KNF_LEU+ 시범연료봉 장전 인허가 과제\2026\2_계산\2_LP\LOW_Fr_MASTER_result\srv199\kit_pc2_v4_runs_produce_run_20~_RST.APRQ_11_0767.1-ced3079b00-0zaokyfk_057b670b,no_mas_sum,,,0,0,,
,c:\Users\USER\Desktop\CT&RPL\2_Project\KNF_LEU+ 시범연료봉 장전 인허가 과제\2026\2_계산\2_LP\LOW_Fr_MASTER_result\srv199\kit_pc2_v4_runs_produce_run_20~_RST.APRQ_11_0767.1-d267f19e77-cuhb46rc_a90f1203,no_mas_sum,,,0,0,,
,c:\Users\USER\Desktop\CT&RPL\2_Project\KNF_LEU+ 시범연료봉 장전 인허가 과제\2026\2_계산\2_LP\LOW_Fr_MASTER_result\srv199\kit_pc2_v4_runs_produce_run_20~_RST.APRQ_11_0767.1-d2d2d5d03b-0t5z518f_24d5e267,no_mas_sum,,,0,0,,
,c:\Users\USER\Desktop\CT&RPL\2_Project\KNF_LEU+ 시범연료봉 장전 인허가 과제\2026\2_계산\2_LP\LOW_Fr_MASTER_result\srv199\kit_pc2_v4_runs_produce_run_20~_RST.APRQ_11_0767.1-d40a6973b3-5_x7ganm_05989e75,no_mas_sum,,,0,0,,
,c:\Users\USER\Desktop\CT&RPL\2_Project\KNF_LEU+ 시범연료봉 장전 인허가 과제\2026\2_계산\2_LP\LOW_Fr_MASTER_result\srv199\kit_pc2_v4_runs_produce_run_20~_RST.APRQ_11_0767.1-d5f2f6c21f-3k9psswa_20a515b9,no_mas_sum,,,0,0,,
,c:\Users\USER\Desktop\CT&RPL\2_Project\KNF_LEU+ 시범연료봉 장전 인허가 과제\2026\2_계산\2_LP\LOW_Fr_MASTER_result\srv199\kit_pc2_v4_runs_produce_run_20~_RST.APRQ_11_0767.1-d6af717009-sbcumk9v_497d15a6,no_mas_sum,,,0,0,,
,c:\Users\USER\Desktop\CT&RPL\2_Project\KNF_LEU+ 시범연료봉 장전 인허가 과제\2026\2_계산\2_LP\LOW_Fr_MASTER_result\srv199\kit_pc2_v4_runs_produce_run_20~_RST.APRQ_11_0767.1-d91c2a9520-wljsrh1h_d232fbf6,no_mas_sum,,,0,0,,
,c:\Users\USER\Desktop\CT&RPL\2_Project\KNF_LEU+ 시범연료봉 장전 인허가 과제\2026\2_계산\2_LP\LOW_Fr_MASTER_result\srv199\kit_pc2_v4_runs_produce_run_20~_RST.APRQ_11_0767.1-da3100a0cd-4zapdmb9_82853219,no_mas_sum,,,0,0,,
,c:\Users\USER\Desktop\CT&RPL\2_Project\KNF_LEU+ 시범연료봉 장전 인허가 과제\2026\2_계산\2_LP\LOW_Fr_MASTER_result\srv199\kit_pc2_v4_runs_produce_run_20~_RST.APRQ_11_0767.1-da5616e609-jfyzi6dy_4033a171,no_mas_sum,,,0,0,,
,c:\Users\USER\Desktop\CT&RPL\2_Project\KNF_LEU+ 시범연료봉 장전 인허가 과제\2026\2_계산\2_LP\LOW_Fr_MASTER_result\srv199\kit_pc2_v4_runs_produce_run_20~_RST.APRQ_11_0767.1-dc891d5a08-7zuxdqbq_f53146a7,no_mas_sum,,,0,0,,
,c:\Users\USER\Desktop\CT&RPL\2_Project\KNF_LEU+ 시범연료봉 장전 인허가 과제\2026\2_계산\2_LP\LOW_Fr_MASTER_result\srv199\kit_pc2_v4_runs_produce_run_20~_RST.APRQ_11_0767.1-def6152b3e-wfm6eyrs_6df891f1,no_mas_sum,,,0,0,,
,c:\Users\USER\Desktop\CT&RPL\2_Project\KNF_LEU+ 시범연료봉 장전 인허가 과제\2026\2_계산\2_LP\LOW_Fr_MASTER_result\srv199\kit_pc2_v4_runs_produce_run_20~_RST.APRQ_11_0767.1-df00314e25-lr35dwku_83fd1ccc,no_mas_sum,,,0,0,,
,c:\Users\USER\Desktop\CT&RPL\2_Project\KNF_LEU+ 시범연료봉 장전 인허가 과제\2026\2_계산\2_LP\LOW_Fr_MASTER_result\srv199\kit_pc2_v4_runs_produce_run_20~_RST.APRQ_11_0767.1-e0ec6fd83d-atdtfdsv_fc0f3e71,no_mas_sum,,,0,0,,
,c:\Users\USER\Desktop\CT&RPL\2_Project\KNF_LEU+ 시범연료봉 장전 인허가 과제\2026\2_계산\2_LP\LOW_Fr_MASTER_result\srv199\kit_pc2_v4_runs_produce_run_20~_RST.APRQ_11_0767.1-e11f4fb829-xgyjnn1x_11b833c0,no_mas_sum,,,0,0,,
,c:\Users\USER\Desktop\CT&RPL\2_Project\KNF_LEU+ 시범연료봉 장전 인허가 과제\2026\2_계산\2_LP\LOW_Fr_MASTER_result\srv199\kit_pc2_v4_runs_produce_run_20~_RST.APRQ_11_0767.1-e5fb70a50b-c7ekukmu_a2517b62,no_mas_sum,,,0,0,,
,c:\Users\USER\Desktop\CT&RPL\2_Project\KNF_LEU+ 시범연료봉 장전 인허가 과제\2026\2_계산\2_LP\LOW_Fr_MASTER_result\srv199\kit_pc2_v4_runs_produce_run_20~_RST.APRQ_11_0767.1-e6d22afbfc-yjgn2sgn_d3a3ffc2,no_mas_sum,,,0,0,,
,c:\Users\USER\Desktop\CT&RPL\2_Project\KNF_LEU+ 시범연료봉 장전 인허가 과제\2026\2_계산\2_LP\LOW_Fr_MASTER_result\srv199\kit_pc2_v4_runs_produce_run_20~_RST.APRQ_11_0767.1-e78f4fb0fe-qm9b5_x3_c92067d7,no_mas_sum,,,0,0,,
,c:\Users\USER\Desktop\CT&RPL\2_Project\KNF_LEU+ 시범연료봉 장전 인허가 과제\2026\2_계산\2_LP\LOW_Fr_MASTER_result\srv199\kit_pc2_v4_runs_produce_run_20~_RST.APRQ_11_0767.1-e8bc93c27b-0xqycebl_59ce0aa9,no_mas_sum,,,0,0,,
,c:\Users\USER\Desktop\CT&RPL\2_Project\KNF_LEU+ 시범연료봉 장전 인허가 과제\2026\2_계산\2_LP\LOW_Fr_MASTER_result\srv199\kit_pc2_v4_runs_produce_run_20~_RST.APRQ_11_0767.1-eaa8dba4f1-t9qyb_12_6bfb08d4,no_mas_sum,,,0,0,,
,c:\Users\USER\Desktop\CT&RPL\2_Project\KNF_LEU+ 시범연료봉 장전 인허가 과제\2026\2_계산\2_LP\LOW_Fr_MASTER_result\srv199\kit_pc2_v4_runs_produce_run_20~_RST.APRQ_11_0767.1-ec22958500-7vrg7bte_eae47ebf,no_mas_sum,,,0,0,,
,c:\Users\USER\Desktop\CT&RPL\2_Project\KNF_LEU+ 시범연료봉 장전 인허가 과제\2026\2_계산\2_LP\LOW_Fr_MASTER_result\srv199\kit_pc2_v4_runs_produce_run_20~_RST.APRQ_11_0767.1-ed28ad6f0c-_zmihg5k_2da45c45,no_mas_sum,,,0,0,,
,c:\Users\USER\Desktop\CT&RPL\2_Project\KNF_LEU+ 시범연료봉 장전 인허가 과제\2026\2_계산\2_LP\LOW_Fr_MASTER_result\srv199\kit_pc2_v4_runs_produce_run_20~_RST.APRQ_11_0767.1-eef517525f-q7zu7ric_59b455fe,no_mas_sum,,,0,0,,
,c:\Users\USER\Desktop\CT&RPL\2_Project\KNF_LEU+ 시범연료봉 장전 인허가 과제\2026\2_계산\2_LP\LOW_Fr_MASTER_result\srv199\kit_pc2_v4_runs_produce_run_20~_RST.APRQ_11_0767.1-effa278449-xzld7xky_3c9f5c45,no_mas_sum,,,0,0,,
,c:\Users\USER\Desktop\CT&RPL\2_Project\KNF_LEU+ 시범연료봉 장전 인허가 과제\2026\2_계산\2_LP\LOW_Fr_MASTER_result\srv199\kit_pc2_v4_runs_produce_run_20~_RST.APRQ_11_0767.1-effe43151a-5lekfk6a_b2bbb5fa,no_mas_sum,,,0,0,,
,c:\Users\USER\Desktop\CT&RPL\2_Project\KNF_LEU+ 시범연료봉 장전 인허가 과제\2026\2_계산\2_LP\LOW_Fr_MASTER_result\srv199\kit_pc2_v4_runs_produce_run_20~_RST.APRQ_11_0767.1-f47292915f-xp0jul26_7f75d84b,no_mas_sum,,,0,0,,
,c:\Users\USER\Desktop\CT&RPL\2_Project\KNF_LEU+ 시범연료봉 장전 인허가 과제\2026\2_계산\2_LP\LOW_Fr_MASTER_result\srv199\kit_pc2_v4_runs_produce_run_20~_RST.APRQ_11_0767.1-f4872e0b6f-k1ihfszs_87b6e81d,no_mas_sum,,,0,0,,
,c:\Users\USER\Desktop\CT&RPL\2_Project\KNF_LEU+ 시범연료봉 장전 인허가 과제\2026\2_계산\2_LP\LOW_Fr_MASTER_result\srv199\kit_pc2_v4_runs_produce_run_20~_RST.APRQ_11_0767.1-f5832cfd00-jgiafryi_44ec2084,no_mas_sum,,,0,0,,
,c:\Users\USER\Desktop\CT&RPL\2_Project\KNF_LEU+ 시범연료봉 장전 인허가 과제\2026\2_계산\2_LP\LOW_Fr_MASTER_result\srv199\kit_pc2_v4_runs_produce_run_20~_RST.APRQ_11_0767.1-f5d968227c-zmid776v_5b53a643,no_mas_sum,,,0,0,,
,c:\Users\USER\Desktop\CT&RPL\2_Project\KNF_LEU+ 시범연료봉 장전 인허가 과제\2026\2_계산\2_LP\LOW_Fr_MASTER_result\srv199\kit_pc2_v4_runs_produce_run_20~_RST.APRQ_11_0767.1-f894b48816-4_woooq7_128dca16,no_mas_sum,,,0,0,,
,c:\Users\USER\Desktop\CT&RPL\2_Project\KNF_LEU+ 시범연료봉 장전 인허가 과제\2026\2_계산\2_LP\LOW_Fr_MASTER_result\srv199\kit_pc2_v4_runs_produce_run_20~_RST.APRQ_11_0767.1-fadc638553-slg50da6_a551dc14,no_mas_sum,,,0,0,,
,c:\Users\USER\Desktop\CT&RPL\2_Project\KNF_LEU+ 시범연료봉 장전 인허가 과제\2026\2_계산\2_LP\LOW_Fr_MASTER_result\srv199\kit_pc2_v4_runs_produce_run_20~_RST.APRQ_11_0767.1-ff182e0156-jwcq3epl_ce5cb0e0,no_mas_sum,,,0,0,,
,c:\Users\USER\Desktop\CT&RPL\2_Project\KNF_LEU+ 시범연료봉 장전 인허가 과제\2026\2_계산\2_LP\LOW_Fr_MASTER_result\srv199\kit_pc2_v4_runs_produce_run_20~_RST.APRQ_11_0767.1-ff4b4574f4-nmw1v602_b6b8dbc9,no_mas_sum,,,0,0,,
,c:\Users\USER\Desktop\CT&RPL\2_Project\KNF_LEU+ 시범연료봉 장전 인허가 과제\2026\2_계산\2_LP\LOW_Fr_MASTER_result\srv199\kit_pc2_v4_runs_produce_run_20~S_RST.APRQ_11_0705.0-1567c1393c-tapin37_7fbe0fb2,no_mas_sum,,,0,0,,
,c:\Users\USER\Desktop\CT&RPL\2_Project\KNF_LEU+ 시범연료봉 장전 인허가 과제\2026\2_계산\2_LP\LOW_Fr_MASTER_result\srv199\kit_pc2_v4_runs_produce_run_20~S_RST.APRQ_11_0705.0-2b927c02c7-cxuyq99_61e61d52,no_mas_sum,,,0,0,,
,c:\Users\USER\Desktop\CT&RPL\2_Project\KNF_LEU+ 시범연료봉 장전 인허가 과제\2026\2_계산\2_LP\LOW_Fr_MASTER_result\srv199\kit_pc2_v4_runs_produce_run_20~S_RST.APRQ_11_0767.1-0430370bef-xub_tdz_bc04a1ef,no_mas_sum,,,0,0,,
,c:\Users\USER\Desktop\CT&RPL\2_Project\KNF_LEU+ 시범연료봉 장전 인허가 과제\2026\2_계산\2_LP\LOW_Fr_MASTER_result\srv199\kit_pc2_v4_runs_produce_run_20~S_RST.APRQ_11_0767.1-1c6231900c-j1ohw05_70d2e7e5,no_mas_sum,,,0,0,,
,c:\Users\USER\Desktop\CT&RPL\2_Project\KNF_LEU+ 시범연료봉 장전 인허가 과제\2026\2_계산\2_LP\LOW_Fr_MASTER_result\srv199\kit_pc2_v4_runs_produce_run_20~S_RST.APRQ_11_0767.1-46d2347a0b-r_z050c_9faadc23,no_mas_sum,,,0,0,,
,c:\Users\USER\Desktop\CT&RPL\2_Project\KNF_LEU+ 시범연료봉 장전 인허가 과제\2026\2_계산\2_LP\LOW_Fr_MASTER_result\srv199\kit_pc2_v4_runs_produce_run_20~S_RST.APRQ_11_0767.1-d061c0c159-_qyoe13_65b92955,no_mas_sum,,,0,0,,
,c:\Users\USER\Desktop\CT&RPL\2_Project\KNF_LEU+ 시범연료봉 장전 인허가 과제\2026\2_계산\2_LP\LOW_Fr_MASTER_result\srv199\kit_pc2_v4_runs_produce_run_20~S_RST.APRQ_11_0767.1-d8c36e8032-sewv9k7_513755f9,no_mas_sum,,,0,0,,
