digest16,work_dir,cycle_evidence,f_xy,f_xya,n_steps,sane,reason,efpd_max
,runs\cur04d9p\master_work\worker_00\552dd32648e0b2b3__MAS_RST.APRQ_11_0692.6-7c2cc6ae46-fqr0tzcu,nonfinite,,,0,0,,
,runs\cur04d9p\master_work\worker_01\18da8e0be5f45cd6__MAS_RST.APRQ_11_0688.2-39df4eedf0-pteg1e12,nonfinite,,,0,0,,
,runs\cur04d9p\master_work\worker_11\40662513bee2124a__MAS_RST.APRQ_11_0686.4-7d30c7185f-0ynq_f0b,nonfinite,,,0,0,,
,runs\cur11fcm\master_work\worker_09\557bbae663924777__MAS_RST.APRQ_11_0615.8-414c778c2d-_6jwkb5g,nonfinite,,,0,0,,
,runs\cur11fcp\master_work\worker_02\c70763602bba78ad__MAS_RST.APRQ_10_0635.8-f848ca5150-zyyvxvx4,nonfinite,,,0,0,,
,runs\cur11fcp\master_work\worker_05\d8f5d84ff6a48ac6__MAS_RST.APRQ_11_0615.8-07d05dc74e-nu82kjil,nonfinite,,,0,0,,
,runs\cur11fcp\master_work\worker_11\a8689e5795fe0b40__MAS_RST.APRQ_11_0618.3-6456d3e12f-3n1703dy,nonfinite,,,0,0,,
,runs\cur11fcp\master_work\worker_13\c582b226df27fd46__MAS_RST.APRQ_11_0615.8-063fe7058b-ia8frg32,nonfinite,,,0,0,,
,runs\cur11fcq\master_work\worker_00\815c93789f5efa53__MAS_RST.APRQ_11_0615.8-a248e2f07d-1awky4d3,nonfinite,,,0,0,,
,runs\cur11fcq\master_work\worker_00\82559d9f4ba05af6__MAS_RST.APRQ_11_0615.8-88abcc088d-_ijrgq8n,nonfinite,,,0,0,,
,runs\cur11fcq\master_work\worker_01\1387370909a5d507__MAS_RST.APRQ_11_0615.8-820a97e4e8-fbgpeffw,nonfinite,,,0,0,,
,runs\cur11fcq\master_work\worker_01\2323d13d9cb8954a__MAS_RST.APRQ_11_0615.8-822681eb52-c6_et4w4,nonfinite,,,0,0,,
,runs\cur11fcq\master_work\worker_01\7e09985a7fada291__MAS_RST.APRQ_11_0618.3-a614e248b8-5p_zkicw,nonfinite,,,0,0,,
,runs\cur11fcq\master_work\worker_01\e1b24fb5b34428bc__MAS_RST.APRQ_11_0615.8-dfd7a2ef82-i976znec,nonfinite,,,0,0,,
,runs\cur11fcq\master_work\worker_02\0ac61a8b099862ae__MAS_RST.APRQ_11_0615.8-f088504999-9cvqgk1x,nonfinite,,,0,0,,
,runs\cur11fcq\master_work\worker_02\21da6ed9be84d57a__MAS_RST.APRQ_11_0615.8-5f0867e480-xfqjpgzo,nonfinite,,,0,0,,
,runs\cur11fcq\master_work\worker_02\2e9d2e5ad542d772__MAS_RST.APRQ_11_0615.8-2ed7a626ba-br_k7roo,nonfinite,,,0,0,,
,runs\cur11fcq\master_work\worker_02\49d679a24609bd95__MAS_RST.APRQ_11_0618.3-81d4f68728-vrcz4wfs,nonfinite,,,0,0,,
,runs\cur11fcq\master_work\worker_02\5320dbeddcfae872__MAS_RST.APRQ_11_0615.8-1dd6aa2b7a-o6wd3hcd,nonfinite,,,0,0,,
,runs\cur11fcq\master_work\worker_02\b9c7fcc45f9e55f8__MAS_RST.APRQ_11_0618.3-77b62cb4ff-pxzv3fo6,nonfinite,,,0,0,,
,runs\cur11fcq\master_work\worker_03\5823d1d3100d35c1__MAS_RST.APRQ_11_0618.3-8cdc9907c4-2m1c3dpc,nonfinite,,,0,0,,
,runs\cur11fcq\master_work\worker_03\9f1021c194bf0d15__MAS_RST.APRQ_11_0615.8-2584d24724-h7wnazdo,nonfinite,,,0,0,,
,runs\cur11fcq\master_work\worker_04\8adcfd5d65ae7455__MAS_RST.APRQ_11_0618.3-11a9e8ea00-734efpe4,nonfinite,,,0,0,,
,runs\cur11fcq\master_work\worker_04\ce6f0ee3aa9f0a99__MAS_RST.APRQ_11_0615.8-8dd4eddf29-gdvtoe4l,nonfinite,,,0,0,,
,runs\cur11fcq\master_work\worker_05\3a00d4c5a0eea3a2__MAS_RST.APRQ_11_0615.8-95a3b62f8a-kqn2_dsz,nonfinite,,,0,0,,
,runs\cur11fcq\master_work\worker_05\c910ea91245aa3d4__MAS_RST.APRQ_11_0615.8-1854515960-zmv_z5j0,nonfinite,,,0,0,,
,runs\cur11fcq\master_work\worker_05\dfafab6b0f32c7dd__MAS_RST.APRQ_11_0615.8-c5421aa157-04ly50ad,nonfinite,,,0,0,,
,runs\cur11fcq\master_work\worker_05\e6f28be4aabf0c15__MAS_RST.APRQ_11_0618.3-e8f8b6de2f-q07_mfw6,nonfinite,,,0,0,,
,runs\cur11fcq\master_work\worker_06\016f7fc9cb1f2000__MAS_RST.APRQ_11_0615.8-caa07e7d87-qob32iny,nonfinite,,,0,0,,
,runs\cur11fcq\master_work\worker_06\2cddbbb2ea03edb2__MAS_RST.APRQ_11_0618.3-6c7fa883c0-hnalmme_,nonfinite,,,0,0,,
,runs\cur11fcq\master_work\worker_06\a01efba0bb921f37__MAS_RST.APRQ_10_0635.8-4aa358f126-mf7ipa0p,nonfinite,,,0,0,,
,runs\cur11fcq\master_work\worker_06\a5637781b1cd4a01__MAS_RST.APRQ_10_0635.8-26166a5ce4-n74t65f_,nonfinite,,,0,0,,
,runs\cur11fcq\master_work\worker_06\da4d41ac63bd81ef__MAS_RST.APRQ_11_0615.8-9d83f7a7ac-i56ja4qa,nonfinite,,,0,0,,
,runs\cur11fcq\master_work\worker_07\20fb4b75bf4924a9__MAS_RST.APRQ_11_0618.3-73498072ee-o81abcv0,nonfinite,,,0,0,,
,runs\cur11fcq\master_work\worker_07\5bacc9f804bb1b91__MAS_RST.APRQ_11_0615.8-c293d0b321-b63o8rf8,nonfinite,,,0,0,,
,runs\cur11fcq\master_work\worker_08\002bc939bb75bd50__MAS_RST.APRQ_11_0615.8-4a0086fcc2-de38pviq,nonfinite,,,0,0,,
,runs\cur11fcq\master_work\worker_08\872e4b0a3227478a__MAS_RST.APRQ_11_0615.8-80f9454efb-arvz58fs,nonfinite,,,0,0,,
,runs\cur11fcq\master_work\worker_08\97a4e09866f2eb32__MAS_RST.APRQ_11_0615.8-cfa2ba59fe-hotw26ee,nonfinite,,,0,0,,
,runs\cur11fcq\master_work\worker_09\0b65e608252fda59__MAS_RST.APRQ_11_0615.8-0018672445-tf_q02sk,nonfinite,,,0,0,,
,runs\cur11fcq\master_work\worker_09\18ee46c88eb7f81d__MAS_RST.APRQ_11_0618.3-5ad4629977-u4nkdlk0,nonfinite,,,0,0,,
,runs\cur11fcq\master_work\worker_09\d6f16aed1d5c129c__MAS_RST.APRQ_11_0615.8-f56ca8a5b3-3fc3_vh3,nonfinite,,,0,0,,
,runs\cur11fcq\master_work\worker_09\ee1f8dd1ed2b78f6__MAS_RST.APRQ_11_0615.8-a705d6ebf9-o4x9hae3,nonfinite,,,0,0,,
,runs\cur11fcq\master_work\worker_10\07a5bd56ea65746b__MAS_RST.APRQ_11_0615.8-f75fe1d10a-w9flwa8p,nonfinite,,,0,0,,
,runs\cur11fcq\master_work\worker_10\5c8a763676dd769f__MAS_RST.APRQ_11_0615.8-7af8b0cda7-qsddm6yo,nonfinite,,,0,0,,
,runs\cur11fcq\master_work\worker_10\b03bfcfe588867eb__MAS_RST.APRQ_11_0615.8-308cdb9a89-ve_z5f_z,nonfinite,,,0,0,,
,runs\cur11fcq\master_work\worker_11\7dd2c9eeea1f4685__MAS_RST.APRQ_11_0615.8-1f81c57731-9dp8fzdo,nonfinite,,,0,0,,
,runs\cur11fcq\master_work\worker_11\884b94ad3432899e__MAS_RST.APRQ_10_0635.8-2d62038e85-j9m288e4,nonfinite,,,0,0,,
,runs\cur11fcq\master_work\worker_11\bfdf3680a11882f1__MAS_RST.APRQ_11_0615.8-531ec7790a-1af5kavm,nonfinite,,,0,0,,
,runs\cur11fcq\master_work\worker_12\189d5c5a01d2d4c3__MAS_RST.APRQ_11_0615.8-8d75928c01-kt_zvwt2,nonfinite,,,0,0,,
,runs\cur11fcq\master_work\worker_12\290706a6f3e730c6__MAS_RST.APRQ_11_0618.3-243db32931-gnz0g6p2,nonfinite,,,0,0,,
,runs\cur11fcq\master_work\worker_12\f4d00c27d86a2a91__MAS_RST.APRQ_11_0615.8-7d3008d0a7-bzpfce9t,nonfinite,,,0,0,,
,runs\cur11fcq\master_work\worker_13\50e3bfccd7f69529__MAS_RST.APRQ_10_0635.8-cae15b3795-_wur70sn,nonfinite,,,0,0,,
,runs\cur11fcq\master_work\worker_13\67567ea4948e33b3__MAS_RST.APRQ_10_0635.8-dd72d9bde7-i3o29vik,nonfinite,,,0,0,,
,runs\cur11fcq\master_work\worker_13\fbe82d4dc8d03354__MAS_RST.APRQ_11_0615.8-f8192191f7-ztrd_nck,nonfinite,,,0,0,,
,runs\cur11fcq\master_work\worker_13\fe971a07d70b1851__MAS_RST.APRQ_11_0618.3-443e5e117e-upilw970,nonfinite,,,0,0,,
,runs\cur11fcq\master_work\worker_14\2791813d89123f2a__MAS_RST.APRQ_10_0635.8-f41df0c523-2d0ce_6z,nonfinite,,,0,0,,
,runs\cur11fcq\master_work\worker_14\48a4b612759bac18__MAS_RST.APRQ_11_0618.3-c0e84fcce6-zg878p3x,nonfinite,,,0,0,,
,runs\cur11fcq\master_work\worker_14\6cfeeb1f5a247535__MAS_RST.APRQ_10_0635.8-3d1d98172a-_zicyqbg,nonfinite,,,0,0,,
,runs\cur11fcq\master_work\worker_14\a859db24fd943f13__MAS_RST.APRQ_11_0615.8-6bc4e694db-p7kbuci_,nonfinite,,,0,0,,
,runs\cur11fcq\master_work\worker_15\9c03afa7d9dbca40__MAS_RST.APRQ_11_0615.8-34c9d9011c-qcvhpwvb,nonfinite,,,0,0,,
,runs\cur11fcq\master_work\worker_16\b97822142b43b7de__MAS_RST.APRQ_11_0615.8-c19cff9b72-fptiubnf,nonfinite,,,0,0,,
,runs\cur11fcq\master_work\worker_16\e8ddc1d1a9baf023__MAS_RST.APRQ_11_0615.8-b5687cabb8-wq_xnb5y,nonfinite,,,0,0,,
,runs\cur11fcq\master_work\worker_18\13bad12f823a5b33__MAS_RST.APRQ_10_0635.8-52bd99de61-w6x23kxc,nonfinite,,,0,0,,
,runs\cur11fcq\master_work\worker_18\4e8d2d6957797113__MAS_RST.APRQ_11_0618.3-65d4a373fb-mu1tky8q,nonfinite,,,0,0,,
,runs\cur11fcq\master_work\worker_18\9a76702c56762426__MAS_RST.APRQ_10_0635.8-87a152292a-n39qip7k,nonfinite,,,0,0,,
,runs\cur11fcq\master_work\worker_18\a58c10e8eedd61b6__MAS_RST.APRQ_10_0635.8-d92b148fb6-_3_y2w5i,nonfinite,,,0,0,,
,runs\cur11fcq\master_work\worker_18\d639c3f5023477d7__MAS_RST.APRQ_11_0618.3-389387b6c0-airagpp7,nonfinite,,,0,0,,
,runs\cur11fcq\master_work\worker_18\db2495bd1ed88231__MAS_RST.APRQ_10_0635.8-e05845e8d5-2173y_88,nonfinite,,,0,0,,
,runs\cur11fcq\master_work\worker_19\1cb7704ff164d7e6__MAS_RST.APRQ_11_0618.3-bb1d242e50-vbzoi0z8,nonfinite,,,0,0,,
,runs\cur11fcq\master_work\worker_19\a4fc00c9694db00b__MAS_RST.APRQ_10_0635.8-2b6fb66b09-7bysai7j,nonfinite,,,0,0,,
,runs\cur11fcq\master_work\worker_19\bd24540b0d14844d__MAS_RST.APRQ_11_0615.8-ca6e28c040-gj4ofcse,nonfinite,,,0,0,,
,runs\cur11fcq\master_work\worker_19\bec2302f42a0fb2d__MAS_RST.APRQ_10_0635.8-8fc5b74dd3-jts0i6qd,nonfinite,,,0,0,,
,runs\cur11fcq\master_work\worker_20\170fd52ad0478e8c__MAS_RST.APRQ_11_0615.8-d3c6ee6916-z5z5k6ft,nonfinite,,,0,0,,
,runs\cur11fcq\master_work\worker_20\60b4576be110f96a__MAS_RST.APRQ_11_0615.8-00f7b82d70-1f6woe5u,nonfinite,,,0,0,,
,runs\cur11fcq\master_work\worker_20\74629b0f00c63be3__MAS_RST.APRQ_11_0618.3-f1d1ddcc1d-slxbjp88,nonfinite,,,0,0,,
,runs\cur11fcq\master_work\worker_20\a93d065e0574ed24__MAS_RST.APRQ_10_0635.8-43216145d9-ot5grc3l,nonfinite,,,0,0,,
,runs\cur11fcq\master_work\worker_21\2583d25a6a3a24bb__MAS_RST.APRQ_11_0615.8-444f040d4b-c_mt8xqv,nonfinite,,,0,0,,
,runs\cur11fcq\master_work\worker_21\71a1ce5a00546fbd__MAS_RST.APRQ_11_0618.3-39df8b5fd6-lvmfmi_o,nonfinite,,,0,0,,
,runs\cur11fcq\master_work\worker_21\aa38019bd701907d__MAS_RST.APRQ_11_0615.8-16e8838fed-1v4v1aou,nonfinite,,,0,0,,
,runs\cur11fcq\master_work\worker_22\4e33364b448b5f39__MAS_RST.APRQ_10_0635.8-a2228c121e-dsm0hzsh,nonfinite,,,0,0,,
,runs\cur20d5p\master_work\worker_12\ff9e953a443e06d1__MAS_RST.APRQ_12_0777.1-bef5c1daab-893ch456,nonfinite,,,0,0,,
,runs\cur20d5p\master_work\worker_15\5cb9906e775eb553__MAS_RST.APRQ_12_0777.1-29564e8278-3y5_v5dv,nonfinite,,,0,0,,
,runs\cur276cp\master_work\worker_00\3cbc57fb4c5074c3__MAS_RST.APRQ_11_0767.1-a7db29aee7-uxm5zerr,nonfinite,,,0,0,,
,runs\cur276cp\master_work\worker_03\07a42742741fb3a5__MAS_RST.APRQ_11_0767.1-3988eb50e2-m8b8h2r1,nonfinite,,,0,0,,
,runs\cur276cp\master_work\worker_08\5829ff29c2ef3bea__MAS_RST.APRQ_11_0767.1-fa01942bc4-sam6bfiv,nonfinite,,,0,0,,
,runs\cur276cp\master_work\worker_09\eb1be0a66b57af47__MAS_RST.APRQ_11_0767.1-7b0544ca49-jjnwohsy,nonfinite,,,0,0,,
,runs\cur3716p\master_work\worker_02\b187fc4cec0beb69__MAS_RST.APRQ_11_0767.1-77f38ea5f0-g8vyu4op,nonfinite,,,0,0,,
,runs\cur39d4p\master_work\worker_11\e0c601aa3438b565__MAS_RST.APRQ_11_0767.1-01fa9a8030-g8htm3tc,nonfinite,,,0,0,,
,runs\cur39d4p\master_work\worker_14\cf8dfcb14030f7c5__MAS_RST.APRQ_11_0767.1-e33bcabd91-xmk6zgy_,nonfinite,,,0,0,,
,runs\cur39d4p\master_work\worker_15\4e8bf836c469adc0__MAS_RST.APRQ_11_0767.1-8ecd8c88ce-y6o_2z_5,nonfinite,,,0,0,,
,runs\cur3a89m\master_work\worker_03\c84744d7a9a4922a__MAS_RST.APRQ_11_0688.2-44b952f782-f7rsr00s,nonfinite,,,0,0,,
,runs\cur3a89m\master_work\worker_04\668a766030ffa271__MAS_RST.APRQ_11_0688.2-10c825dc66-818h_jv3,nonfinite,,,0,0,,
,runs\cur3a89m\master_work\worker_06\faba15601f62bfc0__MAS_RST.APRQ_11_0688.2-13c005152e-06me7uq0,nonfinite,,,0,0,,
,runs\cur3a89m\master_work\worker_07\69cd7f17729e0a54__MAS_RST.APRQ_11_0686.4-6f21495c5c-1m_e4zvu,nonfinite,,,0,0,,
,runs\cur3a89p\master_work\worker_02\c9095294115f232c__MAS_RST.APRQ_11_0686.4-b89731afd5-yv32pi8v,nonfinite,,,0,0,,
,runs\cur3a89p\master_work\worker_07\5e29d207e820fdb1__MAS_RST.APRQ_11_0688.2-e5e31f2eb5-hc3nhxs0,nonfinite,,,0,0,,
,runs\cur3a89p\master_work\worker_09\f53b83c2b68955ab__MAS_RST.APRQ_11_0692.6-1d5e10fa68-zsdgcejz,nonfinite,,,0,0,,
,runs\cur3a89q\master_work\worker_01\1b3095f4fb8c3d79__MAS_RST.APRQ_11_0686.4-c63c4a7218-mzn0heeq,nonfinite,,,0,0,,
,runs\cur3a89q\master_work\worker_01\fe9968f494e867e9__MAS_RST.APRQ_11_0692.6-1ef22566bd-qmfqjlfa,nonfinite,,,0,0,,
,runs\cur3a89q\master_work\worker_02\5f6388cda252a764__MAS_RST.APRQ_11_0686.4-008523b9ea-jti736xy,nonfinite,,,0,0,,
,runs\cur3a89q\master_work\worker_03\ea4adaa593e51986__MAS_RST.APRQ_11_0692.6-ab904f274c-odhqwqq8,nonfinite,,,0,0,,
,runs\cur3a89q\master_work\worker_04\675e967c77c73655__MAS_RST.APRQ_11_0688.2-cf5d580ed3-bum31d2d,nonfinite,,,0,0,,
,runs\cur3a89q\master_work\worker_04\ac54172e06e52694__MAS_RST.APRQ_11_0688.2-aa50fd3e96-gmf4d19d,nonfinite,,,0,0,,
,runs\cur3a89q\master_work\worker_04\cac59576cdb06a4a__MAS_RST.APRQ_11_0692.6-79d63c742e-wk9gl7h_,nonfinite,,,0,0,,
,runs\cur3a89q\master_work\worker_04\f14a30afa207347a__MAS_RST.APRQ_11_0688.2-4f93eae46a-ucg8sj1y,nonfinite,,,0,0,,
,runs\cur3a89q\master_work\worker_05\223abbdd095119ea__MAS_RST.APRQ_11_0692.6-b1ea7f09df-1kss47xr,nonfinite,,,0,0,,
,runs\cur3a89q\master_work\worker_05\223abbdd095119ea__MAS_RST.APRQ_11_0692.6-b1ea7f09df-ny4gixxo,nonfinite,,,0,0,,
,runs\cur3a89q\master_work\worker_05\cba2516051fcee0a__MAS_RST.APRQ_11_0688.2-afca795b35-_ln7k6nr,nonfinite,,,0,0,,
,runs\cur3a89q\master_work\worker_06\06b583c751e1506d__MAS_RST.APRQ_11_0688.2-514409bce2-d1tx5xno,nonfinite,,,0,0,,
,runs\cur3a89q\master_work\worker_06\06b583c751e1506d__MAS_RST.APRQ_11_0688.2-514409bce2-d2r2j6fy,nonfinite,,,0,0,,
,runs\cur3a89q\master_work\worker_06\5e7827d58987f113__MAS_RST.APRQ_11_0692.6-37a2a10f73-xed6rf9q,nonfinite,,,0,0,,
,runs\cur3a89q\master_work\worker_07\3f44d3395d2e3341__MAS_RST.APRQ_11_0686.4-f8030eb73b-ammcoubf,nonfinite,,,0,0,,
,runs\cur3a89q\master_work\worker_07\3f44d3395d2e3341__MAS_RST.APRQ_11_0686.4-f8030eb73b-usg3c3q0,nonfinite,,,0,0,,
,runs\cur3a89q\master_work\worker_07\82f80c7407d9dae2__MAS_RST.APRQ_11_0688.2-d4059ceda9-nsjg89bn,nonfinite,,,0,0,,
,runs\cur3a89q\master_work\worker_07\c7e35ee9aaf42c65__MAS_RST.APRQ_11_0686.4-654b4ca097-d9jt4q8l,nonfinite,,,0,0,,
,runs\cur3a89q\master_work\worker_07\f546b94dfd62d3ed__MAS_RST.APRQ_11_0686.4-30dbf52bbd-id19il7r,nonfinite,,,0,0,,
,runs\cur3a89q\master_work\worker_07\f9c626a48ae37967__MAS_RST.APRQ_11_0692.6-09355c9393-h75qhjlk,nonfinite,,,0,0,,
,runs\cur3a89q\master_work\worker_08\3666e02963c6b044__MAS_RST.APRQ_11_0692.6-169241f632-bd1iom4i,nonfinite,,,0,0,,
,runs\cur3a89q\master_work\worker_08\4d7e0be3eed92669__MAS_RST.APRQ_11_0686.4-81b43c404a-vuz84vmg,nonfinite,,,0,0,,
,runs\cur3a89q\master_work\worker_08\8eb6fb254ca3f945__MAS_RST.APRQ_11_0692.6-1f4e687fb0-dl0lhoo2,nonfinite,,,0,0,,
,runs\cur3a89q\master_work\worker_08\dd285365c3537d05__MAS_RST.APRQ_11_0686.4-27be12e626-vycfidwj,no_mas_sum,,,0,0,,
dd285365c3537d05,runs\cur3a89q\master_work\worker_08\dd285365c3537d05__MAS_RST.APRQ_11_0686.4-6e06a261c9-72n19xzc,superseded,,,0,0,,
,runs\cur3a89q\master_work\worker_09\06f3bc7221f82eda__MAS_RST.APRQ_11_0692.6-2cbb4104e9-gyz15swm,nonfinite,,,0,0,,
,runs\cur3a89q\master_work\worker_09\0c4a4c235e346791__MAS_RST.APRQ_11_0688.2-57a27cd065-jp0wyd2p,nonfinite,,,0,0,,
,runs\cur3a89q\master_work\worker_09\7c8f78e2df97aea8__MAS_RST.APRQ_11_0686.4-d73b74b147-q8amyjks,nonfinite,,,0,0,,
,runs\cur3a89q\master_work\worker_09\7c8f78e2df97aea8__MAS_RST.APRQ_11_0686.4-d73b74b147-uzs6y_1i,nonfinite,,,0,0,,
,runs\cur3a89q\master_work\worker_10\1228e732eb60e364__MAS_RST.APRQ_11_0692.6-93e99af64c-ldwcpk7b,nonfinite,,,0,0,,
,runs\cur3a89q\master_work\worker_10\20cc23878c4aad1e__MAS_RST.APRQ_11_0688.2-83a4eb5f1a-myi2ibf3,no_mas_sum,,,0,0,,
20cc23878c4aad1e,runs\cur3a89q\master_work\worker_10\20cc23878c4aad1e__MAS_RST.APRQ_11_0688.2-e1937d9c4c-9vw3n3bq,superseded,,,0,0,,
,runs\cur3a89q\master_work\worker_10\24801841288e8226__MAS_RST.APRQ_11_0688.2-a03355a2ec-w4obigz4,nonfinite,,,0,0,,
,runs\cur3a89q\master_work\worker_11\329e7bd683143c69__MAS_RST.APRQ_11_0692.6-cbe5a95510-_dvbfpts,nonfinite,,,0,0,,
,runs\cur3a89q\master_work\worker_11\420568222fda055a__MAS_RST.APRQ_11_0686.4-1cd2e606cc-mgkv0dbi,nonfinite,,,0,0,,
,runs\cur3a89q\master_work\worker_11\77fb3987ad4e0f23__MAS_RST.APRQ_11_0686.4-61d6c6b153-234hbt2g,nonfinite,,,0,0,,
,runs\cur3a89q\master_work\worker_11\77fb3987ad4e0f23__MAS_RST.APRQ_11_0686.4-61d6c6b153-gif85npa,nonfinite,,,0,0,,
,runs\cur3a89q\master_work\worker_11\c2e5de73315b17c6__MAS_RST.APRQ_11_0688.2-0c5c3e8e13-r8bn2ya_,nonfinite,,,0,0,,
,runs\cur3a89q\master_work\worker_11\e3307f117b635ee3__MAS_RST.APRQ_11_0686.4-b691b64ea5-539y6thk,nonfinite,,,0,0,,
,runs\cur3a89q\master_work\worker_12\39efdcccaade5ccb__MAS_RST.APRQ_11_0686.4-c8b9d8b9ae-7toda_f1,nonfinite,,,0,0,,
,runs\cur3a89q\master_work\worker_12\6154c3662eb10dec__MAS_RST.APRQ_11_0686.4-2da1a78706-dqlpipa6,nonfinite,,,0,0,,
,runs\cur3a89q\master_work\worker_12\8cd501d9cffeab40__MAS_RST.APRQ_11_0688.2-ebc3d8b4a5-9bzzu127,nonfinite,,,0,0,,
,runs\cur3a89q\master_work\worker_12\909d05d5aa0ce818__MAS_RST.APRQ_11_0688.2-518707d9cc-8vizi7ja,nonfinite,,,0,0,,
,runs\cur3a89q\master_work\worker_12\a0ebf5b8d6bca549__MAS_RST.APRQ_11_0692.6-95fd243f4e-1uokklct,nonfinite,,,0,0,,
,runs\cur3a89q\master_work\worker_12\e9fd5e5dd8b91e31__MAS_RST.APRQ_11_0688.2-a201cd9c36-gbcc7bhl,nonfinite,,,0,0,,
fe2262306c5027ed,runs\cur3a89q\master_work\worker_12\fe2262306c5027ed__MAS_RST.APRQ_11_0686.4-116f21b1cb-ix0x69ez,superseded,,,0,0,,
,runs\cur3a89q\master_work\worker_12\fe2262306c5027ed__MAS_RST.APRQ_11_0686.4-acb84aa01f-ygz5n3kd,no_mas_sum,,,0,0,,
,runs\cur3a89q\master_work\worker_13\d97c775b9715ff0a__MAS_RST.APRQ_11_0686.4-91451264ea-f8cr523o,nonfinite,,,0,0,,
,runs\cur3a89q\master_work\worker_13\eca2fe9c2f7548b8__MAS_RST.APRQ_11_0692.6-57c1921e11-_vdrw_4t,no_mas_sum,,,0,0,,
eca2fe9c2f7548b8,runs\cur3a89q\master_work\worker_13\eca2fe9c2f7548b8__MAS_RST.APRQ_11_0692.6-b270e32345-cdcmtxgm,superseded,,,0,0,,
,runs\cur3a89q\master_work\worker_14\4ab65645acb97196__MAS_RST.APRQ_11_0686.4-04f2f81790-ym9f69po,no_mas_sum,,,0,0,,
4ab65645acb97196,runs\cur3a89q\master_work\worker_14\4ab65645acb97196__MAS_RST.APRQ_11_0686.4-a4da522597-7udr4cs7,superseded,,,0,0,,
,runs\cur3a89q\master_work\worker_15\a7f6a2a32ca2ecca__MAS_RST.APRQ_11_0688.2-2dc5e56d98-r1ia64o8,nonfinite,,,0,0,,
,runs\cur3a89q\master_work\worker_15\bc7202baf50950ac__MAS_RST.APRQ_11_0686.4-cc9e505ce7-hw608lsk,nonfinite,,,0,0,,
,runs\cur3a89q\master_work\worker_15\bc7202baf50950ac__MAS_RST.APRQ_11_0686.4-cc9e505ce7-t100h65i,nonfinite,,,0,0,,
,runs\cur3a89q\master_work\worker_16\1eed84cb1ad1feea__MAS_RST.APRQ_11_0688.2-77e0223fd4-lfhdnzfa,nonfinite,,,0,0,,
,runs\cur3a89q\master_work\worker_16\3e0322be8e21d6a2__MAS_RST.APRQ_11_0688.2-74be12ba8f-9nrjemht,nonfinite,,,0,0,,
ee431adb101f9e4a,runs\cur3a89q\master_work\worker_16\ee431adb101f9e4a__MAS_RST.APRQ_11_0686.4-67661694d8-pp2goid3,superseded,,,0,0,,
,runs\cur3a89q\master_work\worker_16\ee431adb101f9e4a__MAS_RST.APRQ_11_0686.4-f250168fb3-_g1r9_zb,no_mas_sum,,,0,0,,
,runs\cur3a89q\master_work\worker_17\380ca614f9d6fa9f__MAS_RST.APRQ_11_0692.6-b1176e13e0-5xei6rm4,nonfinite,,,0,0,,
,runs\cur3a89q\master_work\worker_17\380ca614f9d6fa9f__MAS_RST.APRQ_11_0692.6-b1176e13e0-u5yige9l,nonfinite,,,0,0,,
,runs\cur3a89q\master_work\worker_17\73a56d8cece321b7__MAS_RST.APRQ_11_0688.2-9ead94ceb8-jpd42xpx,nonfinite,,,0,0,,
684dd2b21592e080,runs\cur3a89q\master_work\worker_18\684dd2b21592e080__MAS_RST.APRQ_11_0686.4-85c8f4785e-c2k6grh8,superseded,,,0,0,,
,runs\cur3a89q\master_work\worker_18\684dd2b21592e080__MAS_RST.APRQ_11_0686.4-d405ee89c9-bqgkbsgq,no_mas_sum,,,0,0,,
,runs\cur3a89q\master_work\worker_19\31c4c695802e238e__MAS_RST.APRQ_11_0688.2-12a9909fea-hifzwlif,no_mas_sum,,,0,0,,
31c4c695802e238e,runs\cur3a89q\master_work\worker_19\31c4c695802e238e__MAS_RST.APRQ_11_0688.2-9e1ff75130-r97znm94,superseded,,,0,0,,
,runs\cur3a89q\master_work\worker_19\87ef2c9cc1d8008f__MAS_RST.APRQ_11_0686.4-18454ea4d6-j58i_tbz,nonfinite,,,0,0,,
,runs\cur3a89q\master_work\worker_20\4f49b0d6dcdf07a2__MAS_RST.APRQ_11_0692.6-7761f7a75c-a4nqzp_m,nonfinite,,,0,0,,
,runs\cur3a89q\master_work\worker_20\6129a9e286ea74b7__MAS_RST.APRQ_11_0692.6-4a0d43922e-7ryx783o,no_mas_sum,,,0,0,,
6129a9e286ea74b7,runs\cur3a89q\master_work\worker_20\6129a9e286ea74b7__MAS_RST.APRQ_11_0692.6-4ea7b68aae-b_h0lfah,superseded,,,0,0,,
,runs\cur3a89q\master_work\worker_20\7b311aad328a86ac__MAS_RST.APRQ_11_0686.4-197c0c4d75-_9w06wk0,nonfinite,,,0,0,,
,runs\cur3a89q\master_work\worker_20\8d3ebbdcc82055cc__MAS_RST.APRQ_11_0688.2-50eea7b624-w5we7nyj,nonfinite,,,0,0,,
,runs\cur3a89q\master_work\worker_21\7c8ddbe9689b6ddb__MAS_RST.APRQ_11_0688.2-340ba92171-0pc2f3pr,nonfinite,,,0,0,,
,runs\cur3a89q\master_work\worker_21\a2f0edac62af4ca8__MAS_RST.APRQ_11_0688.2-8a9afcdb7a-xpsv5zu2,nonfinite,,,0,0,,
,runs\cur3a89q\master_work\worker_21\d544e1bd54d5f246__MAS_RST.APRQ_11_0692.6-33c4ee931f-andkd_y7,nonfinite,,,0,0,,
,runs\cur3a89q\master_work\worker_21\d544e1bd54d5f246__MAS_RST.APRQ_11_0692.6-33c4ee931f-gchiu1e7,nonfinite,,,0,0,,
,runs\cur3a89q\master_work\worker_21\ea9df37380e60a28__MAS_RST.APRQ_11_0688.2-7658554718-6uw_gurq,nonfinite,,,0,0,,
,runs\cur3a89q\master_work\worker_22\04726965c9028de4__MAS_RST.APRQ_11_0692.6-700b89c0f4-u26x9tj7,nonfinite,,,0,0,,
,runs\cur3a89q\master_work\worker_22\04726965c9028de4__MAS_RST.APRQ_11_0692.6-700b89c0f4-vy9j_61h,nonfinite,,,0,0,,
,runs\cur3a89q\master_work\worker_22\88732a1f3ee9ddf3__MAS_RST.APRQ_11_0688.2-ec1111bb25-qkiyu0sa,nonfinite,,,0,0,,
,runs\cur436ap\master_work\worker_01\61340a221cd662d0__MAS_RST.APRQ_11_0767.1-3528771d7d-achxvalt,nonfinite,,,0,0,,
,runs\cur436ap\master_work\worker_02\774bb4019384c95f__MAS_RST.APRQ_11_0767.1-573087ca46-t6nhkahx,nonfinite,,,0,0,,
,runs\cur436ap\master_work\worker_03\6e939de9f2b90c92__MAS_RST.APRQ_11_0767.1-fb28cebe36-7_oc241p,nonfinite,,,0,0,,
,runs\cur436ap\master_work\worker_14\cc59d9d8237d8ac2__MAS_RST.APRQ_11_0767.1-eaa858abab-6lw9llw2,nonfinite,,,0,0,,
,runs\cur43efp\master_work\worker_01\6b890ee19d01e848__MAS_RST.APRQ_11_0688.2-0f124a5353-vwteal9l,nonfinite,,,0,0,,
,runs\cur43efp\master_work\worker_05\b8642fb8d20d1a9b__MAS_RST.APRQ_11_0686.4-c1bf2891a6-0wv_3jv_,nonfinite,,,0,0,,
,runs\cur43efp\master_work\worker_12\6dbfc1c410e07d46__MAS_RST.APRQ_11_0692.6-0c912c5664-r7bwsc03,nonfinite,,,0,0,,
,runs\cur43efp\master_work\worker_13\d8e49690f108355d__MAS_RST.APRQ_11_0688.2-afd0ca7111-sik30n24,nonfinite,,,0,0,,
,runs\cur43efp\master_work\worker_15\624e3b2ae6397ce1__MAS_RST.APRQ_11_0692.6-504a3262dc-iofgdtvd,nonfinite,,,0,0,,
,runs\cur43efx\master_work\worker_00\146560fbdd0e47e4__MAS_RST.APRQ_11_0688.2-59beb6642a-914itoj_,nonfinite,,,0,0,,
66fbd1aeea49db53,runs\cur43efx\master_work\worker_08\66fbd1aeea49db53__MAS_RST.APRQ_11_0692.6-407e59f354-vmavcawn,no_deck,,,0,0,,
,runs\cur4bb4p\master_work\worker_06\5447c64472366364__MAS_RST.APRQ_12_0777.1-a54d4d0840-ftqm1p_8,nonfinite,,,0,0,,
,runs\cur4bb4p\master_work\worker_08\be2e6d9782246b5d__MAS_RST.APRQ_12_0777.1-a5d2bf6839-z7dm8q_j,nonfinite,,,0,0,,
,runs\cur4bb4p\master_work\worker_09\238c88793d823991__MAS_RST.APRQ_12_0777.1-7b5c7d5e79-53splxo4,nonfinite,,,0,0,,
,runs\cur4bb4p\master_work\worker_10\f2f6b0335dce1429__MAS_RST.APRQ_12_0777.1-9a5ee71c97-1buzyc4x,nonfinite,,,0,0,,
,runs\cur4bb4p\master_work\worker_12\9038b311537de3d7__MAS_RST.APRQ_12_0777.1-0c85a0c3de-xfclp8nw,nonfinite,,,0,0,,
,runs\cur4bb4p\master_work\worker_14\a398c97c04c688ef__MAS_RST.APRQ_12_0777.1-c51430f62f-lrnhl8pr,nonfinite,,,0,0,,
,runs\cur4cb4m\master_work\worker_00\ecc978e9e5f08376__MAS_RST.APRQ_11_0615.8-eaf146a3fb-u8_mtgx8,nonfinite,,,0,0,,
,runs\cur4cb4m\master_work\worker_01\2f92488e1e48ae59__MAS_RST.APRQ_10_0635.8-5cb3a95a55-9qk2dh3m,nonfinite,,,0,0,,
,runs\cur4cb4m\master_work\worker_01\2f92488e1e48ae59__MAS_RST.APRQ_10_0635.8-5cb3a95a55-qo0on2b5,nonfinite,,,0,0,,
,runs\cur4cb4m\master_work\worker_01\2f92488e1e48ae59__MAS_RST.APRQ_10_0635.8-5cb3a95a55-u9txym8k,nonfinite,,,0,0,,
,runs\cur4cb4m\master_work\worker_01\ecc978e9e5f08376__MAS_RST.APRQ_11_0615.8-eaf146a3fb-66q40k0l,nonfinite,,,0,0,,
,runs\cur4cb4m\master_work\worker_02\8c86a19498bb9e43__MAS_RST.APRQ_10_0635.8-3adba50c44-178vkf2y,nonfinite,,,0,0,,
,runs\cur4cb4m\master_work\worker_02\8c86a19498bb9e43__MAS_RST.APRQ_10_0635.8-3adba50c44-22m0ujn7,nonfinite,,,0,0,,
,runs\cur4cb4m\master_work\worker_02\8c86a19498bb9e43__MAS_RST.APRQ_10_0635.8-3adba50c44-o3qxkplv,nonfinite,,,0,0,,
,runs\cur4cb4m\master_work\worker_03\985b208db9445de3__MAS_RST.APRQ_11_0615.8-a8ce7c16db-7st2pubu,nonfinite,,,0,0,,
,runs\cur4cb4m\master_work\worker_05\985b208db9445de3__MAS_RST.APRQ_11_0615.8-a8ce7c16db-4cgo8jyo,nonfinite,,,0,0,,
,runs\cur4cb4m\master_work\worker_05\985b208db9445de3__MAS_RST.APRQ_11_0615.8-a8ce7c16db-b9x3s65g,nonfinite,,,0,0,,
,runs\cur4cb4m\master_work\worker_06\e8525f1b57bfd647__MAS_RST.APRQ_11_0615.8-07803ec3fd-i7mq4pej,nonfinite,,,0,0,,
,runs\cur4cb4m\master_work\worker_07\243aad65a1c1fda1__MAS_RST.APRQ_11_0615.8-ca1da91d27-96yfg61s,nonfinite,,,0,0,,
,runs\cur4cb4m\master_work\worker_07\243aad65a1c1fda1__MAS_RST.APRQ_11_0615.8-ca1da91d27-hxznb149,nonfinite,,,0,0,,
,runs\cur4cb4m\master_work\worker_08\243aad65a1c1fda1__MAS_RST.APRQ_11_0615.8-ca1da91d27-1k_3nax_,nonfinite,,,0,0,,
,runs\cur4cb4m\master_work\worker_08\3bf17a8845de5c03__MAS_RST.APRQ_10_0635.8-a49805754c-pv332uzn,nonfinite,,,0,0,,
,runs\cur4cb4m\master_work\worker_08\3bf17a8845de5c03__MAS_RST.APRQ_10_0635.8-a49805754c-pwgiukua,nonfinite,,,0,0,,
,runs\cur4cb4m\master_work\worker_09\e8525f1b57bfd647__MAS_RST.APRQ_11_0615.8-07803ec3fd-ho13wap_,nonfinite,,,0,0,,
,runs\cur4cb4m\master_work\worker_10\3bf17a8845de5c03__MAS_RST.APRQ_10_0635.8-a49805754c-2ap_oo92,nonfinite,,,0,0,,
,runs\cur4cb4m\master_work\worker_11\a43b21568deaeac5__MAS_RST.APRQ_11_0615.8-d4ea4ee9ae-1n1aca0z,nonfinite,,,0,0,,
,runs\cur4cb4m\master_work\worker_11\c937a89843c2a471__MAS_RST.APRQ_11_0618.3-73f9536e4e-qsm1l201,nonfinite,,,0,0,,
,runs\cur4cb4m\master_work\worker_12\be828454d425f904__MAS_RST.APRQ_11_0615.8-a241e49d30-pc_u1ysx,nonfinite,,,0,0,,
,runs\cur4cb4m\master_work\worker_12\c937a89843c2a471__MAS_RST.APRQ_11_0618.3-73f9536e4e-n4dy_n3d,nonfinite,,,0,0,,
,runs\cur4cb4m\master_work\worker_12\c937a89843c2a471__MAS_RST.APRQ_11_0618.3-73f9536e4e-qhenaqs9,nonfinite,,,0,0,,
,runs\cur4cb4m\master_work\worker_13\73c99d3a34fec4d2__MAS_RST.APRQ_10_0635.8-8bdef6bfec-g6e5wu8_,nonfinite,,,0,0,,
,runs\cur4cb4m\master_work\worker_14\73c99d3a34fec4d2__MAS_RST.APRQ_10_0635.8-8bdef6bfec-90b7jkbm,nonfinite,,,0,0,,
,runs\cur4cb4m\master_work\worker_14\73c99d3a34fec4d2__MAS_RST.APRQ_10_0635.8-8bdef6bfec-m163plrd,nonfinite,,,0,0,,
,runs\cur4cb4m\master_work\worker_14\cf2ee476f95a6fc6__MAS_RST.APRQ_11_0615.8-8a7d66e826-ntxbanle,nonfinite,,,0,0,,
,runs\cur4cb4m\master_work\worker_15\f69c2051905bd024__MAS_RST.APRQ_10_0635.8-d624054989-82x75y2l,nonfinite,,,0,0,,
,runs\cur4cb4m\master_work\worker_15\f69c2051905bd024__MAS_RST.APRQ_10_0635.8-d624054989-knh2ya8g,nonfinite,,,0,0,,
,runs\cur4cb4p\master_work\worker_08\db09bdeb315b0631__MAS_RST.APRQ_11_0615.8-1872665eb9-h2km5q55,nonfinite,,,0,0,,
,runs\cur4cb4p\master_work\worker_13\479adbab094939f7__MAS_RST.APRQ_11_0615.8-df28942c0e-cohv81x5,nonfinite,,,0,0,,
,runs\cur4cb4p\master_work\worker_15\70345f94d060955a__MAS_RST.APRQ_11_0618.3-d4e86091f3-5m36pgzt,nonfinite,,,0,0,,
,runs\cur4cb4q\master_work\worker_00\07c2d2b1d472805c__MAS_RST.APRQ_11_0618.3-088cc782db-d7u9t8_v,nonfinite,,,0,0,,
,runs\cur4cb4q\master_work\worker_00\1056e63c3df3bff0__MAS_RST.APRQ_11_0615.8-ad792cfea6-fn_dz21q,nonfinite,,,0,0,,
,runs\cur4cb4q\master_work\worker_00\49c7b49723da37af__MAS_RST.APRQ_11_0618.3-46a9d58da4-3i77mpvx,nonfinite,,,0,0,,
,runs\cur4cb4q\master_work\worker_00\5d861a40e7a60112__MAS_RST.APRQ_11_0615.8-6f0be664d7-9t50zkyx,nonfinite,,,0,0,,
,runs\cur4cb4q\master_work\worker_00\6b7a6667cbc03271__MAS_RST.APRQ_11_0615.8-ef29d2f7e5-qbjukv2s,nonfinite,,,0,0,,
,runs\cur4cb4q\master_work\worker_00\a1cb4790629e9dae__MAS_RST.APRQ_10_0635.8-c8337c57c6-8hz340fh,nonfinite,,,0,0,,
,runs\cur4cb4q\master_work\worker_00\c1660ba9cff9824e__MAS_RST.APRQ_10_0635.8-73ab600d81-5sw_nnrw,nonfinite,,,0,0,,
,runs\cur4cb4q\master_work\worker_01\18de7b93b09c3d86__MAS_RST.APRQ_10_0635.8-26bcafb790-qq4n8c2s,nonfinite,,,0,0,,
,runs\cur4cb4q\master_work\worker_01\247cccea1e2c0285__MAS_RST.APRQ_11_0615.8-6c857352e2-qu_pos2w,nonfinite,,,0,0,,
,runs\cur4cb4q\master_work\worker_01\32bf7b1eeda0b778__MAS_RST.APRQ_11_0618.3-2e3f9ff0de-jixuw47o,nonfinite,,,0,0,,
,runs\cur4cb4q\master_work\worker_01\6a7ed00316d78d0a__MAS_RST.APRQ_11_0618.3-d0fb5c0020-xyes8w_x,nonfinite,,,0,0,,
,runs\cur4cb4q\master_work\worker_01\74ae91dfd23bc584__MAS_RST.APRQ_10_0635.8-8fa15f4b35-qcrv_ur_,nonfinite,,,0,0,,
,runs\cur4cb4q\master_work\worker_01\d186bba7593e1682__MAS_RST.APRQ_10_0635.8-66523be016-_wrujl_3,nonfinite,,,0,0,,
,runs\cur4cb4q\master_work\worker_01\e3b0a0df8102d429__MAS_RST.APRQ_11_0618.3-90d551339d-w_mgp96_,nonfinite,,,0,0,,
,runs\cur4cb4q\master_work\worker_02\0477e6c91a4c7071__MAS_RST.APRQ_10_0635.8-f5c2647e80-vfyk5rit,nonfinite,,,0,0,,
,runs\cur4cb4q\master_work\worker_02\53e5138ebc6f0116__MAS_RST.APRQ_11_0618.3-1083c4fe02-wv6hd66f,nonfinite,,,0,0,,
,runs\cur4cb4q\master_work\worker_02\7b8d6d8a50db7af8__MAS_RST.APRQ_10_0635.8-c224856ff2-48geos2k,nonfinite,,,0,0,,
,runs\cur4cb4q\master_work\worker_02\f2908ea237531943__MAS_RST.APRQ_11_0618.3-b09627b94c-6p2ay45y,nonfinite,,,0,0,,
,runs\cur4cb4q\master_work\worker_03\00478ca1a9520dde__MAS_RST.APRQ_11_0615.8-fde0dac22e-dob5gu0d,nonfinite,,,0,0,,
,runs\cur4cb4q\master_work\worker_03\0b07b2d734beca36__MAS_RST.APRQ_11_0615.8-eea47cd8f8-9wvgjrn6,nonfinite,,,0,0,,
,runs\cur4cb4q\master_work\worker_03\21073e68603c7c72__MAS_RST.APRQ_10_0635.8-af20bbda58-mj4o2x1k,nonfinite,,,0,0,,
,runs\cur4cb4q\master_work\worker_03\331cdc857ddbc3a0__MAS_RST.APRQ_11_0615.8-3342c1d3c5-u9wgcf0f,nonfinite,,,0,0,,
,runs\cur4cb4q\master_work\worker_03\7d241e12d1f3a1a3__MAS_RST.APRQ_11_0615.8-c06c6c259c-vn7x__46,nonfinite,,,0,0,,
,runs\cur4cb4q\master_work\worker_03\c16b6ac630c151c7__MAS_RST.APRQ_11_0615.8-f4d2bf0236-0zdytrww,nonfinite,,,0,0,,
,runs\cur4cb4q\master_work\worker_03\f7784834a1039224__MAS_RST.APRQ_11_0618.3-87ef93f02b-ivxe7q3u,nonfinite,,,0,0,,
,runs\cur4cb4q\master_work\worker_03\faec4a40790d6463__MAS_RST.APRQ_11_0615.8-e91d1a7834-v37e_g5m,nonfinite,,,0,0,,
,runs\cur4cb4q\master_work\worker_04\d315001485047219__MAS_RST.APRQ_10_0635.8-95f7fd917e-yqwf6r4b,nonfinite,,,0,0,,
,runs\cur4cb4q\master_work\worker_04\ddd102342f3710f3__MAS_RST.APRQ_11_0615.8-906f4196e9-opqaf9p7,nonfinite,,,0,0,,
,runs\cur4cb4q\master_work\worker_04\ef8bd9ee7db7dec1__MAS_RST.APRQ_11_0618.3-84e6d714bf-0fmar4k4,nonfinite,,,0,0,,
,runs\cur4cb4q\master_work\worker_05\0928e54e1b66b178__MAS_RST.APRQ_11_0615.8-58d5d790fc-86gr3_a2,nonfinite,,,0,0,,
,runs\cur4cb4q\master_work\worker_05\0edd3abf84a75b32__MAS_RST.APRQ_11_0615.8-907aa14232-xyjmwu2f,nonfinite,,,0,0,,
,runs\cur4cb4q\master_work\worker_05\1bea63386faae08a__MAS_RST.APRQ_11_0615.8-558b02ae21-sibcoloa,nonfinite,,,0,0,,
,runs\cur4cb4q\master_work\worker_05\30dd63ead7d23fd4__MAS_RST.APRQ_11_0618.3-473973b568-pi3gihko,nonfinite,,,0,0,,
,runs\cur4cb4q\master_work\worker_05\43db4da2d8fd145b__MAS_RST.APRQ_11_0615.8-1421951364-3pfhbro3,nonfinite,,,0,0,,
,runs\cur4cb4q\master_work\worker_05\57a90f4cab223835__MAS_RST.APRQ_11_0618.3-8815236fb8-xgw9mv6f,nonfinite,,,0,0,,
,runs\cur4cb4q\master_work\worker_05\64aea3987aeb7c52__MAS_RST.APRQ_11_0615.8-e00e26a770-xm6yi8vp,nonfinite,,,0,0,,
,runs\cur4cb4q\master_work\worker_05\7c9da59ae4b8c4ce__MAS_RST.APRQ_11_0618.3-a9b83acb5a-ok9elfm4,nonfinite,,,0,0,,
,runs\cur4cb4q\master_work\worker_05\b61e218093fdd506__MAS_RST.APRQ_10_0635.8-6f308d176c-9b3axqmn,nonfinite,,,0,0,,
,runs\cur4cb4q\master_work\worker_05\e2c8675b22a25cba__MAS_RST.APRQ_10_0635.8-2f9080d14c-14p9sesw,nonfinite,,,0,0,,
,runs\cur4cb4q\master_work\worker_06\54c1eade6c5c0c53__MAS_RST.APRQ_11_0618.3-c077c7ccb2-2ylwqr4f,nonfinite,,,0,0,,
,runs\cur4cb4q\master_work\worker_06\6f8e127756b562d6__MAS_RST.APRQ_11_0615.8-75cc62addf-m8n292vp,nonfinite,,,0,0,,
,runs\cur4cb4q\master_work\worker_06\7d85f9709c887032__MAS_RST.APRQ_11_0615.8-43b7c773ae-8vlkq_bv,nonfinite,,,0,0,,
,runs\cur4cb4q\master_work\worker_06\b085a2c57cfd938a__MAS_RST.APRQ_11_0618.3-9a6ed8db27-eg809yfn,nonfinite,,,0,0,,
,runs\cur4cb4q\master_work\worker_06\e71f2bec91c129c7__MAS_RST.APRQ_11_0615.8-6981f0f5eb-4ial004b,nonfinite,,,0,0,,
,runs\cur4cb4q\master_work\worker_06\fac2d54d1d2bbdf3__MAS_RST.APRQ_10_0635.8-3542035a23-twy08j5b,nonfinite,,,0,0,,
,runs\cur4cb4q\master_work\worker_07\91e2572b99ae3708__MAS_RST.APRQ_10_0635.8-ec5e300e34-2pk3d7zt,nonfinite,,,0,0,,
,runs\cur4cb4q\master_work\worker_07\a85be260daa8b49c__MAS_RST.APRQ_11_0615.8-b2a486178b-b9im7bke,nonfinite,,,0,0,,
,runs\cur4cb4q\master_work\worker_07\d6aa3e1e277adae0__MAS_RST.APRQ_11_0618.3-dfb9b6eb6f-2h0k0qd5,nonfinite,,,0,0,,
,runs\cur4cb4q\master_work\worker_08\511cff68120e5c9c__MAS_RST.APRQ_10_0635.8-9953ba1be2-76kbv81g,nonfinite,,,0,0,,
,runs\cur4cb4q\master_work\worker_08\517b0bc3bf3f2efa__MAS_RST.APRQ_10_0635.8-71e58a866b-nqhdsqsl,nonfinite,,,0,0,,
,runs\cur4cb4q\master_work\worker_08\6bf6c199d167cf0f__MAS_RST.APRQ_10_0635.8-7e3bc58767-hbba9p40,nonfinite,,,0,0,,
,runs\cur4cb4q\master_work\worker_08\8ba9e29de23e4935__MAS_RST.APRQ_11_0618.3-2d2079a609-eyajle20,nonfinite,,,0,0,,
,runs\cur4cb4q\master_work\worker_08\c588e65d1f9dd47a__MAS_RST.APRQ_10_0635.8-df87ea8613-b9bqcali,nonfinite,,,0,0,,
,runs\cur4cb4q\master_work\worker_08\f3d8a133e24107df__MAS_RST.APRQ_11_0618.3-1247b1d00e-_knug42x,nonfinite,,,0,0,,
,runs\cur4cb4q\master_work\worker_09\28bf39b4bfc8f76f__MAS_RST.APRQ_10_0635.8-38de393ace-8gi6h3x4,nonfinite,,,0,0,,
,runs\cur4cb4q\master_work\worker_09\314b7fde3a845308__MAS_RST.APRQ_11_0618.3-9c77f55479-dm56a4jn,nonfinite,,,0,0,,
,runs\cur4cb4q\master_work\worker_09\7a7c47b932c81b82__MAS_RST.APRQ_11_0615.8-03038a9ff2-zuxwsd9_,nonfinite,,,0,0,,
,runs\cur4cb4q\master_work\worker_09\85b92f60f204f24a__MAS_RST.APRQ_11_0615.8-8b4de6f49b-x9i4cikx,nonfinite,,,0,0,,
,runs\cur4cb4q\master_work\worker_09\90820a3c33019b2d__MAS_RST.APRQ_11_0618.3-7a971a4847-ai5hyatr,nonfinite,,,0,0,,
,runs\cur4cb4q\master_work\worker_09\9dec60ebb5a2e2f4__MAS_RST.APRQ_11_0618.3-66ba443975-x8zp2lnm,nonfinite,,,0,0,,
,runs\cur4cb4q\master_work\worker_10\3466990f69ded5a1__MAS_RST.APRQ_11_0615.8-6ebf750e92-5qp7jow0,nonfinite,,,0,0,,
,runs\cur4cb4q\master_work\worker_10\b0dcce4d4234c776__MAS_RST.APRQ_10_0635.8-6c80ea20b5-hqrksaum,nonfinite,,,0,0,,
,runs\cur4cb4q\master_work\worker_10\c8f28ea8ad57dd3f__MAS_RST.APRQ_11_0615.8-830ebc2c11-v0ju283b,nonfinite,,,0,0,,
,runs\cur4cb4q\master_work\worker_11\09e866a6c34945f1__MAS_RST.APRQ_11_0615.8-f9a0e2a5b1-o6y84veo,nonfinite,,,0,0,,
,runs\cur4cb4q\master_work\worker_11\98acbbadb15845b3__MAS_RST.APRQ_11_0618.3-6c0875155a-x7wi2j7o,nonfinite,,,0,0,,
,runs\cur4cb4q\master_work\worker_11\b6e05fca128a9118__MAS_RST.APRQ_11_0615.8-9243a21574-w4au2_d2,nonfinite,,,0,0,,
,runs\cur4cb4q\master_work\worker_11\cc2a7b4ebac7b287__MAS_RST.APRQ_11_0615.8-17dbb6c717-zynopp6o,nonfinite,,,0,0,,
,runs\cur4cb4q\master_work\worker_11\d05235eb5f11d2df__MAS_RST.APRQ_10_0635.8-a7d62a42bf-6komwtn9,nonfinite,,,0,0,,
,runs\cur4cb4q\master_work\worker_11\da5c93becbf124f9__MAS_RST.APRQ_11_0615.8-bd66618b57-qd6d13tp,nonfinite,,,0,0,,
,runs\cur4cb4q\master_work\worker_12\0805a3028057b1b4__MAS_RST.APRQ_10_0635.8-352d71534d-ptdipn3f,nonfinite,,,0,0,,
,runs\cur4cb4q\master_work\worker_12\6aa8bfe47409c1b4__MAS_RST.APRQ_11_0618.3-e3498d3892-8p19xr9d,nonfinite,,,0,0,,
,runs\cur4cb4q\master_work\worker_12\c3c7f37b136fa1ee__MAS_RST.APRQ_11_0618.3-d5aa743a74-bq1akj1y,nonfinite,,,0,0,,
,runs\cur4cb4q\master_work\worker_13\07d9b5e287f4e7b3__MAS_RST.APRQ_11_0615.8-326b0eaef1-h73lf08y,nonfinite,,,0,0,,
,runs\cur4cb4q\master_work\worker_13\340d41f8444e06eb__MAS_RST.APRQ_10_0635.8-1f54c26424-bj5gace5,nonfinite,,,0,0,,
,runs\cur4cb4q\master_work\worker_13\6605d50cc8b44015__MAS_RST.APRQ_11_0618.3-0743c10acb-hwnbqlst,nonfinite,,,0,0,,
,runs\cur4cb4q\master_work\worker_13\72d2ad87da31268e__MAS_RST.APRQ_11_0618.3-267595641d-m21ojvqd,nonfinite,,,0,0,,
,runs\cur4cb4q\master_work\worker_13\bc5d032a66993180__MAS_RST.APRQ_11_0615.8-40a8df85a4-iwqoj55q,nonfinite,,,0,0,,
,runs\cur4cb4q\master_work\worker_14\3845ced304901d7b__MAS_RST.APRQ_11_0618.3-7a101513f3-t5x_c1d8,nonfinite,,,0,0,,
,runs\cur4cb4q\master_work\worker_14\634f11e7e381508d__MAS_RST.APRQ_10_0635.8-7d5fa4cb20-gifwozkn,nonfinite,,,0,0,,
,runs\cur4cb4q\master_work\worker_14\aadeb4e93b8eb011__MAS_RST.APRQ_11_0615.8-cbf6b40028-q3cef5ne,nonfinite,,,0,0,,
,runs\cur4cb4q\master_work\worker_15\512827d4bce0a590__MAS_RST.APRQ_10_0635.8-2b029ac727-ygtr0838,nonfinite,,,0,0,,
,runs\cur4cb4q\master_work\worker_15\56295886b46686cb__MAS_RST.APRQ_10_0635.8-6b798d59a8-u_hxpk0_,nonfinite,,,0,0,,
,runs\cur4cb4q\master_work\worker_15\99a1f485431494c7__MAS_RST.APRQ_11_0615.8-407e46aaec-lmo5tp6r,nonfinite,,,0,0,,
,runs\cur4cb4q\master_work\worker_15\acf98f7b95a2719c__MAS_RST.APRQ_11_0615.8-792ae09dbb-h6pb0_6p,nonfinite,,,0,0,,
,runs\cur4cb4q\master_work\worker_15\ee627f76c27ab91a__MAS_RST.APRQ_11_0615.8-335c886eb1-_3jwzz9c,nonfinite,,,0,0,,
,runs\cur4cb4q\master_work\worker_16\5879205feab97fdd__MAS_RST.APRQ_10_0635.8-14493eff8c-efu67vqj,nonfinite,,,0,0,,
,runs\cur4cb4q\master_work\worker_16\66772147c2b49cd3__MAS_RST.APRQ_11_0615.8-5e01644c0e-0v67fadw,nonfinite,,,0,0,,
,runs\cur4cb4q\master_work\worker_16\7157ef0ce9cdb9aa__MAS_RST.APRQ_11_0615.8-3d67040103-wgskubam,nonfinite,,,0,0,,
,runs\cur4cb4q\master_work\worker_17\13fe19279b8d9298__MAS_RST.APRQ_11_0615.8-afacd06794-yp5s_qpc,nonfinite,,,0,0,,
,runs\cur4cb4q\master_work\worker_17\15ace91364a1e35e__MAS_RST.APRQ_11_0615.8-a0ad353b1b-5qztz9fa,nonfinite,,,0,0,,
,runs\cur4cb4q\master_work\worker_17\50ef0752b43010e1__MAS_RST.APRQ_11_0615.8-50dc1d7284-krur6jep,nonfinite,,,0,0,,
,runs\cur4cb4q\master_work\worker_17\55d76a289712b654__MAS_RST.APRQ_10_0635.8-dd0ef5bc72-1b3gl07g,nonfinite,,,0,0,,
,runs\cur4cb4q\master_work\worker_17\665316a373a77086__MAS_RST.APRQ_11_0618.3-ab9656c40a-2f662i3x,nonfinite,,,0,0,,
,runs\cur4cb4q\master_work\worker_17\6dea79fb83087b2a__MAS_RST.APRQ_10_0635.8-902c42ac00-ihucah5n,nonfinite,,,0,0,,
,runs\cur4cb4q\master_work\worker_17\8833db776ca19448__MAS_RST.APRQ_11_0618.3-ffa9401aa7-ycohcw5g,nonfinite,,,0,0,,
,runs\cur4cb4q\master_work\worker_17\dcbc58d539e78313__MAS_RST.APRQ_11_0615.8-fe9581e3b6-mqwnr_gp,nonfinite,,,0,0,,
,runs\cur4cb4q\master_work\worker_18\14a33c20392e7abe__MAS_RST.APRQ_11_0615.8-83f4290659-eu0ntlic,nonfinite,,,0,0,,
,runs\cur4cb4q\master_work\worker_18\407d1d0dd2ad6397__MAS_RST.APRQ_10_0635.8-63794a908f-m1phz1g6,nonfinite,,,0,0,,
,runs\cur4cb4q\master_work\worker_18\eb830b6ef374151b__MAS_RST.APRQ_10_0635.8-91fc319041-81jcc6oa,nonfinite,,,0,0,,
,runs\cur4cb4q\master_work\worker_18\f39b6909c17b9529__MAS_RST.APRQ_11_0618.3-9385a55447-96uyy3lk,nonfinite,,,0,0,,
,runs\cur4cb4q\master_work\worker_19\969b5fd914ab3347__MAS_RST.APRQ_10_0635.8-2b20c32c26-6sq9xifc,nonfinite,,,0,0,,
,runs\cur4cb4q\master_work\worker_19\a54c3ed3034db5d9__MAS_RST.APRQ_11_0615.8-3cc7fc0a91-2rhnv5uw,nonfinite,,,0,0,,
,runs\cur4cb4q\master_work\worker_19\bc95af288670f2cc__MAS_RST.APRQ_10_0635.8-b409dbdb85-rot6jmpd,nonfinite,,,0,0,,
,runs\cur4cb4q\master_work\worker_19\ea0cadf759baf43a__MAS_RST.APRQ_11_0615.8-52ca9ab476-up5glz9w,nonfinite,,,0,0,,
,runs\cur4cb4q\master_work\worker_19\ece28b1e774428fd__MAS_RST.APRQ_11_0618.3-93af13a0db-s9ururu1,nonfinite,,,0,0,,
,runs\cur4cb4q\master_work\worker_19\ed7bad3e517e525a__MAS_RST.APRQ_10_0635.8-7a040331bd-g2ttqyjs,nonfinite,,,0,0,,
,runs\cur4cb4q\master_work\worker_20\54851ce2dc53396d__MAS_RST.APRQ_11_0618.3-2e5ae1c682-2jjb_fsr,nonfinite,,,0,0,,
,runs\cur4cb4q\master_work\worker_20\64d360383dd611f5__MAS_RST.APRQ_11_0615.8-ceace33153-k8w_d5ue,nonfinite,,,0,0,,
,runs\cur4cb4q\master_work\worker_20\e0b2905da5bfb88e__MAS_RST.APRQ_11_0618.3-ef3e1602a1-aqjuq7td,nonfinite,,,0,0,,
,runs\cur4cb4q\master_work\worker_20\e827ee5e5b5bba14__MAS_RST.APRQ_11_0615.8-fbeda83eda-t5xh0gq9,nonfinite,,,0,0,,
,runs\cur4cb4q\master_work\worker_21\0297907416f3a4a0__MAS_RST.APRQ_11_0615.8-8f747b4c37-e4noqxtr,nonfinite,,,0,0,,
,runs\cur4cb4q\master_work\worker_21\22439b2c6cd5c2a9__MAS_RST.APRQ_11_0615.8-8e2f5cb5df-fk1ntnx0,nonfinite,,,0,0,,
,runs\cur4cb4q\master_work\worker_21\44e695ee8809eccc__MAS_RST.APRQ_11_0618.3-9d59b5ee6e-2ofp37wi,nonfinite,,,0,0,,
,runs\cur4cb4q\master_work\worker_21\e7c81da7fe8b5b06__MAS_RST.APRQ_10_0635.8-2e1c10e5ef-zrqv9i2i,nonfinite,,,0,0,,
,runs\cur4cb4q\master_work\worker_22\29f34f9baa9e2b4c__MAS_RST.APRQ_11_0618.3-f922b4738e-ejh5hw_o,nonfinite,,,0,0,,
,runs\cur4cb4q\master_work\worker_22\498ae71790865d6e__MAS_RST.APRQ_10_0635.8-7bc2488483-g0yz6m2n,nonfinite,,,0,0,,
,runs\cur4cb4q\master_work\worker_22\56272b873fb5ec76__MAS_RST.APRQ_11_0618.3-772c4735d9-0ac9fc5b,nonfinite,,,0,0,,
,runs\cur4cb4q\master_work\worker_22\995f6ac07e8b87cc__MAS_RST.APRQ_11_0615.8-62846dec71-49w913dk,nonfinite,,,0,0,,
,runs\cur4cb4q\master_work\worker_22\d19c5d120d3613ec__MAS_RST.APRQ_11_0618.3-5670efcc1a-4rvff_gh,nonfinite,,,0,0,,
,runs\cur4cb4q\master_work\worker_22\e5ad274bdb5ceb75__MAS_RST.APRQ_11_0615.8-672796d476-whftqsr5,nonfinite,,,0,0,,
,runs\cur4fbfp\master_work\worker_08\5cc54014e94963d2__MAS_RST.APRQ_11_0767.1-93736a2ecb-r4si84rj,nonfinite,,,0,0,,
,runs\cur7a1em\master_work\worker_12\5843f31c4c56cb6f__MAS_RST.APRQ_11_0637.5-5a2aa48ec7-cuxccfik,nonfinite,,,0,0,,
,runs\cur7a1ep\master_work\worker_03\e771a2062a99b579__MAS_RST.APRQ_11_0637.5-3432c99b93-258gl673,nonfinite,,,0,0,,
,runs\cur7a1ep\master_work\worker_05\83863d9065fcc893__MAS_RST.APRQ_11_0635.1-bc3b33452f-xhvku321,nonfinite,,,0,0,,
,runs\cur7a1ep\master_work\worker_14\103191737fdcf378__MAS_RST.APRQ_10_0635.8-5d832aac14-4sc4e36z,nonfinite,,,0,0,,
,runs\cur7a1eq\master_work\worker_00\0937c846126ccd9e__MAS_RST.APRQ_11_0635.1-226bf24638-meh2b0il,nonfinite,,,0,0,,
,runs\cur7a1eq\master_work\worker_00\2bdd50195a37dafc__MAS_RST.APRQ_10_0635.8-f99621d3be-w1if1l0z,nonfinite,,,0,0,,
,runs\cur7a1eq\master_work\worker_00\4bac94e4b987f432__MAS_RST.APRQ_11_0637.5-26d4dc66a7-r8xgaz9e,nonfinite,,,0,0,,
,runs\cur7a1eq\master_work\worker_00\9d4fb4f766272670__MAS_RST.APRQ_11_0635.1-22c4f1dc08-2wyj21sz,nonfinite,,,0,0,,
,runs\cur7a1eq\master_work\worker_00\c04c4e120e74416c__MAS_RST.APRQ_10_0635.8-9b31f598b8-1vwpg_ug,nonfinite,,,0,0,,
,runs\cur7a1eq\master_work\worker_01\1d5a1a4cf1e2ef90__MAS_RST.APRQ_11_0637.5-7922746ba9-c1xowpfu,nonfinite,,,0,0,,
,runs\cur7a1eq\master_work\worker_01\299f8b8faf1d45ba__MAS_RST.APRQ_10_0635.8-b278ba4d0d-pxs9u2qu,nonfinite,,,0,0,,
,runs\cur7a1eq\master_work\worker_01\744091c91e1e07f2__MAS_RST.APRQ_11_0630.4-ed4496ce32-hfwhkzsu,nonfinite,,,0,0,,
,runs\cur7a1eq\master_work\worker_02\1074b8b55386af61__MAS_RST.APRQ_11_0630.4-4081a51ed9-ztj1npq8,nonfinite,,,0,0,,
,runs\cur7a1eq\master_work\worker_03\6f184dff0162c352__MAS_RST.APRQ_11_0635.1-f2c5ad3d6f-v1oyorxs,nonfinite,,,0,0,,
,runs\cur7a1eq\master_work\worker_03\6f63f497a9eebea3__MAS_RST.APRQ_11_0635.1-0026c46446-tv3riw7i,nonfinite,,,0,0,,
,runs\cur7a1eq\master_work\worker_03\bf88d9ff4c2ef202__MAS_RST.APRQ_11_0635.1-fc1c08023a-4efrjkuq,nonfinite,,,0,0,,
,runs\cur7a1eq\master_work\worker_04\626fe4ef44dfec30__MAS_RST.APRQ_10_0635.8-781028e7b8-70os_qf6,nonfinite,,,0,0,,
,runs\cur7a1eq\master_work\worker_04\d1a276435f569ee6__MAS_RST.APRQ_11_0637.5-df76be1196-2ted793y,nonfinite,,,0,0,,
,runs\cur7a1eq\master_work\worker_05\3968302d807b3e90__MAS_RST.APRQ_11_0635.1-2431a6af31-blyk_omi,nonfinite,,,0,0,,
,runs\cur7a1eq\master_work\worker_06\5a05810131e0ce9d__MAS_RST.APRQ_11_0630.4-2e963c505f-1sx3j6wt,nonfinite,,,0,0,,
,runs\cur7a1eq\master_work\worker_06\ae2d8512b30a7c5c__MAS_RST.APRQ_11_0630.4-c8a4776d05-qfn2m5ft,nonfinite,,,0,0,,
,runs\cur7a1eq\master_work\worker_06\bbaf432ba1a51306__MAS_RST.APRQ_10_0635.8-e0f4a16215-nd06s5wz,nonfinite,,,0,0,,
,runs\cur7a1eq\master_work\worker_06\ed48f69f328799b6__MAS_RST.APRQ_11_0637.5-d62eb038b2-11ewqlg4,nonfinite,,,0,0,,
,runs\cur7a1eq\master_work\worker_07\14a613990910db4e__MAS_RST.APRQ_11_0637.5-104714bcea-yohfj_9t,nonfinite,,,0,0,,
,runs\cur7a1eq\master_work\worker_08\156dc0e80860adae__MAS_RST.APRQ_11_0630.4-5d804b320b-n6mxykt8,nonfinite,,,0,0,,
,runs\cur7a1eq\master_work\worker_09\0025d33edcd74be1__MAS_RST.APRQ_11_0637.5-c88565268d-g4f3s_s7,nonfinite,,,0,0,,
,runs\cur7a1eq\master_work\worker_09\258d7f651cb954ef__MAS_RST.APRQ_11_0635.1-10d1707725-8ygw68xb,nonfinite,,,0,0,,
,runs\cur7a1eq\master_work\worker_09\47bd3e12fccb8ae9__MAS_RST.APRQ_11_0635.1-314fe4738c-4oz4ytgl,nonfinite,,,0,0,,
,runs\cur7a1eq\master_work\worker_09\81b9c03fe7a745d1__MAS_RST.APRQ_11_0630.4-a413663b84-n3r6ant5,nonfinite,,,0,0,,
,runs\cur7a1eq\master_work\worker_09\f8f1a27d75d2ff2c__MAS_RST.APRQ_11_0630.4-e7b2bae5f3-6t7xdi6z,nonfinite,,,0,0,,
,runs\cur7a1eq\master_work\worker_10\1b8033f630804ff6__MAS_RST.APRQ_11_0637.5-414f3e4921-uby8xt6b,nonfinite,,,0,0,,
,runs\cur7a1eq\master_work\worker_10\8dc6dc5572a01cb1__MAS_RST.APRQ_11_0637.5-2dd73e49f6-tm5k0910,nonfinite,,,0,0,,
,runs\cur7a1eq\master_work\worker_10\b1926ccd6e73a250__MAS_RST.APRQ_10_0635.8-7d8ce3010a-bo42hq99,nonfinite,,,0,0,,
,runs\cur7a1eq\master_work\worker_10\c06aaacf3e9b2976__MAS_RST.APRQ_11_0635.1-7eb52674a9-t18li283,nonfinite,,,0,0,,
,runs\cur7a1eq\master_work\worker_10\d4d56eaa366bed3b__MAS_RST.APRQ_11_0635.1-a1d4ed3ec2-wukxcgmc,nonfinite,,,0,0,,
,runs\cur7a1eq\master_work\worker_11\884948d13fb521e8__MAS_RST.APRQ_10_0635.8-6cef9af05f-69xij5rc,nonfinite,,,0,0,,
,runs\cur7a1eq\master_work\worker_12\8429c7a2ce9f79fd__MAS_RST.APRQ_11_0635.1-75a3850cf9-itsxrewy,nonfinite,,,0,0,,
,runs\cur7a1eq\master_work\worker_14\1c3d6cea2c7ea719__MAS_RST.APRQ_11_0635.1-f6c6330762-anzcyfkb,nonfinite,,,0,0,,
,runs\cur7a1eq\master_work\worker_14\e4d4b84f93519858__MAS_RST.APRQ_11_0637.5-9d8bc4a477-zj15c62w,nonfinite,,,0,0,,
,runs\cur7a1eq\master_work\worker_15\c77f83cfabd48f18__MAS_RST.APRQ_11_0637.5-a7ba80f1f8-f5nbwjxe,nonfinite,,,0,0,,
,runs\cur7a1eq\master_work\worker_16\1db5a89f387adb71__MAS_RST.APRQ_10_0635.8-e830631802-34f9nfdg,nonfinite,,,0,0,,
,runs\cur7a1eq\master_work\worker_16\ea88b4930ad6e425__MAS_RST.APRQ_11_0635.1-04c5cb9819-yqyw27_2,nonfinite,,,0,0,,
,runs\cur7a1eq\master_work\worker_17\8cd3c7fae59f6288__MAS_RST.APRQ_11_0630.4-cc837af75f-57k3yerr,nonfinite,,,0,0,,
,runs\cur7a1eq\master_work\worker_17\95a8fa5de5485dd8__MAS_RST.APRQ_10_0635.8-4f66e82d1a-fojlg8r3,nonfinite,,,0,0,,
,runs\cur7a1eq\master_work\worker_17\b9dc839723ea1f17__MAS_RST.APRQ_11_0637.5-8f07940c43-8elnw0hk,nonfinite,,,0,0,,
,runs\cur7a1eq\master_work\worker_17\fc7ff9fc3d949747__MAS_RST.APRQ_11_0637.5-a04b90dbc9-s30vb6cx,nonfinite,,,0,0,,
,runs\cur7a1eq\master_work\worker_18\a015a90a5db0689a__MAS_RST.APRQ_11_0637.5-5a12668aab-f4lw_xws,nonfinite,,,0,0,,
,runs\cur7a1eq\master_work\worker_19\35fca1dfcea42bf0__MAS_RST.APRQ_11_0630.4-257fc41716-kpcuc_ep,nonfinite,,,0,0,,
,runs\cur7a1eq\master_work\worker_19\94b8bd36fe0185f9__MAS_RST.APRQ_11_0635.1-862539c77b-sz2ss3yv,nonfinite,,,0,0,,
,runs\cur7a1eq\master_work\worker_20\7827a0f100e6ad2e__MAS_RST.APRQ_11_0635.1-669aae6314-5s2c9pqe,nonfinite,,,0,0,,
,runs\cur7a1eq\master_work\worker_20\fdb85fe5520281dc__MAS_RST.APRQ_11_0637.5-25e6cb427c-f7qvz5_8,nonfinite,,,0,0,,
,runs\cur7a1eq\master_work\worker_21\50d959c697b55b87__MAS_RST.APRQ_11_0630.4-d0b80c73b5-ayhi5tsi,nonfinite,,,0,0,,
,runs\cur7a1eq\master_work\worker_22\02a4db575a2ced29__MAS_RST.APRQ_11_0637.5-18d5df2247-dm5ye3gv,nonfinite,,,0,0,,
,runs\cur7a1eq\master_work\worker_22\751cbb1cdbfed648__MAS_RST.APRQ_10_0635.8-f0edf8cdd9-wmweejv_,nonfinite,,,0,0,,
,runs\cur7a1eq\master_work\worker_22\c5c97e0dc3de6149__MAS_RST.APRQ_11_0637.5-0af6a72482-zbq_ghix,nonfinite,,,0,0,,
,runs\cur7a1eq\master_work\worker_22\ee5a2ea32b952c48__MAS_RST.APRQ_11_0630.4-c4d5637d9b-76io_oae,nonfinite,,,0,0,,
,runs\cur7c97m\master_work\worker_00\2e4ede8d86c068ac__MAS_RST.APRQ_11_0686.4-0a0c7b6631-7exbjaxj,nonfinite,,,0,0,,
,runs\cur7c97m\master_work\worker_01\f319add5bebd5eed__MAS_RST.APRQ_11_0688.2-c2057933df-wur3j4c4,nonfinite,,,0,0,,
,runs\cur7c97m\master_work\worker_06\ffaa6321a8d7c602__MAS_RST.APRQ_11_0688.2-641e54a1b1-1yo9j1j8,nonfinite,,,0,0,,
,runs\cur7c97m\master_work\worker_07\e6b1faea8941f5d4__MAS_RST.APRQ_11_0686.4-c6110f9b18-_rwdnsy9,nonfinite,,,0,0,,
,runs\cur7c97m\master_work\worker_14\649142a14c730ca7__MAS_RST.APRQ_11_0686.4-65437ea555-g61goyyc,nonfinite,,,0,0,,
,runs\cur7c97m\master_work\worker_15\4aef65d56322a8d1__MAS_RST.APRQ_11_0688.2-0bd61d43b1-z60r6e_w,nonfinite,,,0,0,,
,runs\cur7c97p\master_work\worker_03\0c2bbc5ab6cfe421__MAS_RST.APRQ_11_0692.6-f46e61c904-tzxx6e8e,nonfinite,,,0,0,,
,runs\cur7c97p\master_work\worker_04\3235f2947bd3a17b__MAS_RST.APRQ_11_0688.2-6c5372ed68-cj6ii2zg,nonfinite,,,0,0,,
,runs\cur7c97p\master_work\worker_07\ab0003a27b12ad5e__MAS_RST.APRQ_11_0688.2-5200caad77-b8jaiya5,nonfinite,,,0,0,,
,runs\cur7c97p\master_work\worker_08\861f21e62c799fe1__MAS_RST.APRQ_11_0686.4-a9b06c69a7-gsfj76r4,nonfinite,,,0,0,,
,runs\cur7c97p\master_work\worker_09\2947f3014866aa71__MAS_RST.APRQ_11_0692.6-b2eff159a5-s7jy1w1l,nonfinite,,,0,0,,
,runs\cur7c97p\master_work\worker_15\c1fcd30151c17b08__MAS_RST.APRQ_11_0692.6-28f7271fa8-5s9_x4lk,nonfinite,,,0,0,,
,runs\cur7cefp\master_work\worker_00\f0e7b7436a1aee7e__MAS_RST.APRQ_11_0705.0-9a3ea26d91-c93lywqi,nonfinite,,,0,0,,
,runs\cur7cefp\master_work\worker_05\37d5150d2a8e6c59__MAS_RST.APRQ_11_0705.0-f16d02c955-32n5zrfc,nonfinite,,,0,0,,
,runs\cur7cefp\master_work\worker_07\0b583e0055d1a173__MAS_RST.APRQ_11_0767.1-a6309e9701-mk6avyy6,nonfinite,,,0,0,,
,runs\cur7cefp\master_work\worker_10\e8c7f9cd971f6801__MAS_RST.APRQ_11_0767.1-ddffe8675b-hibm5nkq,nonfinite,,,0,0,,
,runs\cur7eddp\master_work\worker_00\a28e9348fbc8715b__MAS_RST.APRQ_11_0630.4-8fc1cbe231-qh5b31sn,nonfinite,,,0,0,,
,runs\cur7eddp\master_work\worker_01\5c1d63f08c91296b__MAS_RST.APRQ_11_0635.1-8310aab53d-osnh7eoc,nonfinite,,,0,0,,
,runs\cur7eddp\master_work\worker_06\74bfb9fbe2d32cb0__MAS_RST.APRQ_10_0635.8-bd263cfa33-9n4sdmxe,nonfinite,,,0,0,,
,runs\cur7eddp\master_work\worker_08\741760fe7c7bdbd3__MAS_RST.APRQ_11_0630.4-81bb022842-_vdgrqvl,nonfinite,,,0,0,,
,runs\cur7eddp\master_work\worker_10\abc71e7e0d23c8dc__MAS_RST.APRQ_10_0635.8-6b34a25216-p9n5pxx_,nonfinite,,,0,0,,
,runs\cur7eddq\master_work\worker_01\360ee8b418e22d1c__MAS_RST.APRQ_11_0635.1-3a17df9fc9-i4ec83up,nonfinite,,,0,0,,
,runs\cur7eddq\master_work\worker_01\56010c60d496889e__MAS_RST.APRQ_10_0635.8-d2a8560550-kj0o4yat,nonfinite,,,0,0,,
,runs\cur7eddq\master_work\worker_01\8abbc0e54c722dcc__MAS_RST.APRQ_11_0635.1-34aa2d7ad3-v7nc256w,nonfinite,,,0,0,,
,runs\cur7eddq\master_work\worker_01\d2fe0a5037f43f67__MAS_RST.APRQ_11_0637.5-2d1fbf1640-l1pepfjo,nonfinite,,,0,0,,
,runs\cur7eddq\master_work\worker_03\686e4b6e75d8e678__MAS_RST.APRQ_10_0635.8-2331169ac6-zdhpd7vs,nonfinite,,,0,0,,
,runs\cur7eddq\master_work\worker_03\c92a0565ac8d475c__MAS_RST.APRQ_11_0630.4-c399340ee1-dhvb4y83,nonfinite,,,0,0,,
,runs\cur7eddq\master_work\worker_04\778b91186a575391__MAS_RST.APRQ_10_0635.8-d8aac4f82b-2u_bg2g9,nonfinite,,,0,0,,
,runs\cur7eddq\master_work\worker_04\bb008f7f3591fd55__MAS_RST.APRQ_11_0637.5-6273112a29-3ynoq8m7,nonfinite,,,0,0,,
,runs\cur7eddq\master_work\worker_04\cec87c09b380a0b2__MAS_RST.APRQ_10_0635.8-ea4cad5f00-phhij6ac,nonfinite,,,0,0,,
,runs\cur7eddq\master_work\worker_05\419ad3243078a998__MAS_RST.APRQ_11_0637.5-6a6ec98af4-abzzvz38,nonfinite,,,0,0,,
,runs\cur7eddq\master_work\worker_05\56cdb5bcc85c63ac__MAS_RST.APRQ_11_0637.5-23910bdf8a-ch888lae,nonfinite,,,0,0,,
,runs\cur7eddq\master_work\worker_05\8b5ae9da138c2768__MAS_RST.APRQ_11_0637.5-4f2fb93201-2u87oj46,nonfinite,,,0,0,,
,runs\cur7eddq\master_work\worker_06\b37b8376a4de6b94__MAS_RST.APRQ_11_0635.1-e895cb8e4c-yfpryuf2,nonfinite,,,0,0,,
,runs\cur7eddq\master_work\worker_06\de79d556071d0654__MAS_RST.APRQ_11_0635.1-71b9468356-z8wj7tl_,nonfinite,,,0,0,,
,runs\cur7eddq\master_work\worker_07\0ffbdd306b6f63f8__MAS_RST.APRQ_11_0635.1-6c29aaa3ff-8bz98cbf,nonfinite,,,0,0,,
,runs\cur7eddq\master_work\worker_07\3357e1076721366e__MAS_RST.APRQ_11_0635.1-e9e405f50c-u28dokjx,nonfinite,,,0,0,,
,runs\cur7eddq\master_work\worker_07\a605101edf01e026__MAS_RST.APRQ_11_0635.1-5a031a747c-gczcfr2d,nonfinite,,,0,0,,
,runs\cur7eddq\master_work\worker_07\e23c4228c67ef1a8__MAS_RST.APRQ_11_0630.4-78ac728f9b-69w6nmvj,nonfinite,,,0,0,,
,runs\cur7eddq\master_work\worker_08\22e76951bba0b220__MAS_RST.APRQ_11_0637.5-bc251ac0ba-ebex5ell,nonfinite,,,0,0,,
,runs\cur7eddq\master_work\worker_08\2ce9bdc154538e41__MAS_RST.APRQ_11_0637.5-1b86c86f21-oixp622o,nonfinite,,,0,0,,
,runs\cur7eddq\master_work\worker_08\5fba96bb8661105a__MAS_RST.APRQ_11_0630.4-ed8eb66fd6-smbd4cng,nonfinite,,,0,0,,
,runs\cur7eddq\master_work\worker_08\c196d339700a5421__MAS_RST.APRQ_11_0630.4-5736ac56f5-2zd7byrb,nonfinite,,,0,0,,
,runs\cur7eddq\master_work\worker_10\8bc16af395a419e7__MAS_RST.APRQ_11_0630.4-e59555bc1f-7gcd8lvt,nonfinite,,,0,0,,
,runs\cur7eddq\master_work\worker_10\e47f5e6ea156a5e3__MAS_RST.APRQ_11_0630.4-9bd010e8d3-lelpce45,nonfinite,,,0,0,,
,runs\cur7eddq\master_work\worker_10\ff3c0189f184e009__MAS_RST.APRQ_11_0637.5-7c090b3488-yncl6wix,nonfinite,,,0,0,,
,runs\cur7eddq\master_work\worker_11\4da4cb2c0b9a1789__MAS_RST.APRQ_10_0635.8-c3ae8ab554-9o1h0idd,nonfinite,,,0,0,,
,runs\cur7eddq\master_work\worker_12\0f24a9e041bf08f6__MAS_RST.APRQ_11_0637.5-4e02f79e98-2qay7crx,nonfinite,,,0,0,,
,runs\cur7eddq\master_work\worker_12\3ee7fa6f1aa6c402__MAS_RST.APRQ_11_0630.4-24a245f89d-b8oaov3u,nonfinite,,,0,0,,
,runs\cur7eddq\master_work\worker_12\d8c2f0165a5f0f30__MAS_RST.APRQ_11_0630.4-f181b4859a-kxr4ks42,nonfinite,,,0,0,,
,runs\cur7eddq\master_work\worker_12\e6c9977235dfb5e1__MAS_RST.APRQ_11_0635.1-6aa34cfc38-69qb__n5,nonfinite,,,0,0,,
,runs\cur7eddq\master_work\worker_13\a463b7bf5d75e4f4__MAS_RST.APRQ_11_0635.1-993f8d5ac7-4elkq49q,nonfinite,,,0,0,,
,runs\cur7eddq\master_work\worker_15\3c22841d44149844__MAS_RST.APRQ_11_0635.1-59041ddf29-rfrmcgeo,nonfinite,,,0,0,,
,runs\cur7eddq\master_work\worker_15\e1dfefc55f05d930__MAS_RST.APRQ_11_0635.1-6f2435fafd-xuhuwifs,nonfinite,,,0,0,,
,runs\cur7eddq\master_work\worker_15\ec5f69612c9486b2__MAS_RST.APRQ_11_0637.5-2cca8863f0-kaky7pqu,nonfinite,,,0,0,,
,runs\cur7eddq\master_work\worker_16\896b9c04ea95ed4e__MAS_RST.APRQ_11_0630.4-1eba79ecad-eegv39xn,nonfinite,,,0,0,,
,runs\cur7eddq\master_work\worker_17\6c6fc219e922ef11__MAS_RST.APRQ_11_0637.5-9a867b2ddd-36z2980s,nonfinite,,,0,0,,
,runs\cur7eddq\master_work\worker_20\4c65bf5085712482__MAS_RST.APRQ_10_0635.8-ef48df223d-sisdibsj,nonfinite,,,0,0,,
,runs\cur7eddq\master_work\worker_20\a1b36f6b7f35afe2__MAS_RST.APRQ_11_0635.1-d05f99f7e6-p3tr0r4y,nonfinite,,,0,0,,
,runs\cur7eddq\master_work\worker_21\0976c036adfded8d__MAS_RST.APRQ_11_0630.4-7f2c001722-ul8qqxjg,nonfinite,,,0,0,,
,runs\cur7eddq\master_work\worker_21\111ed4befbfaa02d__MAS_RST.APRQ_11_0637.5-eae81b6bfc-ndqat1s0,nonfinite,,,0,0,,
,runs\cur7eddq\master_work\worker_21\f6672b3f41af2d15__MAS_RST.APRQ_11_0635.1-14c7cc90ae-0twq0z27,nonfinite,,,0,0,,
,runs\cur7eddq\master_work\worker_22\5ddce87eed90fb8b__MAS_RST.APRQ_11_0637.5-cee5c1f1e5-birlmksn,nonfinite,,,0,0,,
,runs\cur7eddq\master_work\worker_22\e8c73b9885d307ee__MAS_RST.APRQ_11_0635.1-c5612a4ce5-qrr2sldl,nonfinite,,,0,0,,
,runs\cur7ff1p\master_work\worker_03\72cf934c08899c5c__MAS_RST.APRQ_12_0777.1-c9aa90ae34-kldx18jp,nonfinite,,,0,0,,
,runs\cur7ff1p\master_work\worker_06\f63b69c15712477a__MAS_RST.APRQ_12_0777.1-465e30110e-4a1ylca0,nonfinite,,,0,0,,
,runs\cur7ff1p\master_work\worker_12\961d525e0365ea30__MAS_RST.APRQ_12_0777.1-0d6542c9dc-7myd2_46,nonfinite,,,0,0,,
,runs\cur7ff1p\master_work\worker_13\e80570de8d6577ba__MAS_RST.APRQ_12_0777.1-d75797eaf1-e7vsjs0g,nonfinite,,,0,0,,
,runs\cur87c6m\master_work\worker_03\3344ff948a6341bd__MAS_RST.APRQ_11_0615.8-b341191434-8681euoa,nonfinite,,,0,0,,
,runs\cur87c6m\master_work\worker_06\74e505610e1ad91d__MAS_RST.APRQ_11_0615.8-f14aef63c1-xkwqw78q,nonfinite,,,0,0,,
,runs\cur87c6m\master_work\worker_14\af53bb397624ec49__MAS_RST.APRQ_11_0618.3-10f49bc691-0rxzedsj,nonfinite,,,0,0,,
,runs\cur87c6p\master_work\worker_00\f071b15f36ac9640__MAS_RST.APRQ_11_0615.8-f189c838d6-rpxfd8qm,nonfinite,,,0,0,,
,runs\cur87c6p\master_work\worker_02\3270af8b421fbde9__MAS_RST.APRQ_10_0635.8-c005ec2810-mvlxdqss,nonfinite,,,0,0,,
,runs\cur87c6p\master_work\worker_03\f19fd59eb1a29d82__MAS_RST.APRQ_11_0618.3-9a0fffc45e-43becto5,nonfinite,,,0,0,,
,runs\cur87c6p\master_work\worker_04\cb4a45ca13ad985f__MAS_RST.APRQ_11_0615.8-f2f49521ee-_yj5ngib,nonfinite,,,0,0,,
,runs\cur87c6p\master_work\worker_05\2bb93b107577123d__MAS_RST.APRQ_11_0615.8-e32acc438f-3gqh4d4t,nonfinite,,,0,0,,
,runs\cur87c6p\master_work\worker_09\413e62ba43450037__MAS_RST.APRQ_11_0615.8-21d7b0cfd2-7fq6wvim,nonfinite,,,0,0,,
,runs\cur87c6p\master_work\worker_12\2ba3f64cf4b445f4__MAS_RST.APRQ_11_0615.8-0180066170-_10608qv,nonfinite,,,0,0,,
,runs\cur87c6p\master_work\worker_14\350821672c585bba__MAS_RST.APRQ_10_0635.8-76d1755b18-m74p2f0l,nonfinite,,,0,0,,
,runs\cur87c6p\master_work\worker_15\b253ec39b000d72b__MAS_RST.APRQ_11_0618.3-15e4cb2f19-diu6kvua,nonfinite,,,0,0,,
,runs\cur87c6q\master_work\worker_00\0ce150b525d6106f__MAS_RST.APRQ_11_0618.3-e3e02ee3d4-xtojl9b6,nonfinite,,,0,0,,
,runs\cur87c6q\master_work\worker_00\d2bbce13eb3e05e1__MAS_RST.APRQ_11_0615.8-b101c8362e-1py7pnoj,nonfinite,,,0,0,,
,runs\cur87c6q\master_work\worker_00\fae0d6969c31107f__MAS_RST.APRQ_11_0618.3-566a574e34-tinm1mgn,nonfinite,,,0,0,,
,runs\cur87c6q\master_work\worker_01\3417f67fd961ccb6__MAS_RST.APRQ_11_0615.8-6afde84fab-nhpzbl7u,nonfinite,,,0,0,,
,runs\cur87c6q\master_work\worker_01\cd25d5571d06d7c5__MAS_RST.APRQ_11_0615.8-11b3ee7890-7grcpx_v,nonfinite,,,0,0,,
,runs\cur87c6q\master_work\worker_01\d5b68221e06aa9c6__MAS_RST.APRQ_11_0615.8-5bac32c0fb-hwti9bm4,nonfinite,,,0,0,,
,runs\cur87c6q\master_work\worker_02\a29ef8e28203b637__MAS_RST.APRQ_11_0615.8-9792791caf-vhr44cf2,nonfinite,,,0,0,,
,runs\cur87c6q\master_work\worker_02\aa756bad85c17364__MAS_RST.APRQ_11_0615.8-02525fbddd-4vsqxb98,nonfinite,,,0,0,,
,runs\cur87c6q\master_work\worker_02\e0d57ed5aaf1aa25__MAS_RST.APRQ_11_0615.8-dd2dd2ee71-2cgc35hu,nonfinite,,,0,0,,
,runs\cur87c6q\master_work\worker_03\1ae6c5bf4bcb13b6__MAS_RST.APRQ_10_0635.8-9eb169831a-kz2w13ww,nonfinite,,,0,0,,
,runs\cur87c6q\master_work\worker_03\1ed7cd85d786c4c3__MAS_RST.APRQ_11_0615.8-a3efdb6602-wnzue2dz,nonfinite,,,0,0,,
,runs\cur87c6q\master_work\worker_03\aecfb3a0f4a1fee5__MAS_RST.APRQ_11_0615.8-3052016ec7-v0jld49w,nonfinite,,,0,0,,
,runs\cur87c6q\master_work\worker_03\f46c516e35539421__MAS_RST.APRQ_11_0618.3-566c3c7cb2-s05dnxtb,nonfinite,,,0,0,,
,runs\cur87c6q\master_work\worker_04\0446b3bae03f9eb8__MAS_RST.APRQ_10_0635.8-d2dd80b685-uheh31yn,nonfinite,,,0,0,,
,runs\cur87c6q\master_work\worker_04\2d02f0861d85a513__MAS_RST.APRQ_11_0618.3-a4638a9ec8-8pu0ed5u,nonfinite,,,0,0,,
,runs\cur87c6q\master_work\worker_04\d557b190d435d665__MAS_RST.APRQ_10_0635.8-790ed6fcea-rz9r851p,nonfinite,,,0,0,,
,runs\cur87c6q\master_work\worker_04\e7f52ec2ef95d25e__MAS_RST.APRQ_10_0635.8-b7429e8df6-sb__fvf6,nonfinite,,,0,0,,
,runs\cur87c6q\master_work\worker_05\57170e9c16656cd9__MAS_RST.APRQ_11_0615.8-b411aa0d0c-j68bw2ur,nonfinite,,,0,0,,
,runs\cur87c6q\master_work\worker_05\58500e5605d0027f__MAS_RST.APRQ_11_0615.8-b3dbf02c5b-cqc6yf86,nonfinite,,,0,0,,
,runs\cur87c6q\master_work\worker_06\3f22505a8a740404__MAS_RST.APRQ_11_0618.3-40462763a0-h3oyiszc,nonfinite,,,0,0,,
,runs\cur87c6q\master_work\worker_06\7784c2b49156dd42__MAS_RST.APRQ_11_0615.8-a37c7f527d-_ge3b6gi,nonfinite,,,0,0,,
,runs\cur87c6q\master_work\worker_06\a20173c1a2319484__MAS_RST.APRQ_11_0615.8-fa675e5721-6s3konw5,nonfinite,,,0,0,,
,runs\cur87c6q\master_work\worker_07\3f31e82cd93d7c22__MAS_RST.APRQ_11_0615.8-712f9d2d3b-omd9jkbl,nonfinite,,,0,0,,
,runs\cur87c6q\master_work\worker_07\94a5e4910ed08f86__MAS_RST.APRQ_11_0618.3-8e5945cb65-iwi6gwrw,nonfinite,,,0,0,,
,runs\cur87c6q\master_work\worker_07\fcf5bdfb11419c10__MAS_RST.APRQ_11_0615.8-634d22a080-9dhfl206,nonfinite,,,0,0,,
,runs\cur87c6q\master_work\worker_08\02444bfd7de85df7__MAS_RST.APRQ_11_0615.8-168f1aabbf-5jihxxmy,nonfinite,,,0,0,,
,runs\cur87c6q\master_work\worker_08\195c27ece2979848__MAS_RST.APRQ_11_0618.3-bb81723954-_1gzwg7f,nonfinite,,,0,0,,
,runs\cur87c6q\master_work\worker_08\41277783a58e55f2__MAS_RST.APRQ_10_0635.8-c26e0a1b30-uaq_h2tb,nonfinite,,,0,0,,
,runs\cur87c6q\master_work\worker_09\3575b34a486f817e__MAS_RST.APRQ_11_0615.8-d67a8ed222-nobw3eos,nonfinite,,,0,0,,
,runs\cur87c6q\master_work\worker_09\5f16c18f3c6295fe__MAS_RST.APRQ_11_0615.8-0fc275f387-44k5xzzd,nonfinite,,,0,0,,
,runs\cur87c6q\master_work\worker_09\bb77517643d6b8ab__MAS_RST.APRQ_10_0635.8-e586dc9901-mt80dbig,nonfinite,,,0,0,,
,runs\cur87c6q\master_work\worker_10\9b9f8f21ee4089d4__MAS_RST.APRQ_11_0615.8-b07e211884-wcsy7qtt,nonfinite,,,0,0,,
,runs\cur87c6q\master_work\worker_10\e8ce09d66162a63b__MAS_RST.APRQ_11_0618.3-55d361fd08-hzh9ze90,nonfinite,,,0,0,,
,runs\cur87c6q\master_work\worker_10\eadd1ce90a37c87e__MAS_RST.APRQ_11_0618.3-93f006b778-_shru9mi,nonfinite,,,0,0,,
,runs\cur87c6q\master_work\worker_11\a6e4a802da595042__MAS_RST.APRQ_11_0618.3-805619fe74-mw_zjq03,nonfinite,,,0,0,,
,runs\cur87c6q\master_work\worker_12\0de4451341a13e5c__MAS_RST.APRQ_11_0618.3-6c148a0a95-ok2ny5wa,nonfinite,,,0,0,,
,runs\cur87c6q\master_work\worker_12\33bc150c6c850c91__MAS_RST.APRQ_10_0635.8-47461cf682-44qy_z9o,nonfinite,,,0,0,,
,runs\cur87c6q\master_work\worker_12\dabac1ad0a3d4ba4__MAS_RST.APRQ_11_0618.3-5dc8777990-a9wrv0_s,nonfinite,,,0,0,,
,runs\cur87c6q\master_work\worker_13\f4ce18fdf7c99958__MAS_RST.APRQ_11_0615.8-ffc628a314-_o_yh0ny,nonfinite,,,0,0,,
,runs\cur87c6q\master_work\worker_14\24f1f196b425efa1__MAS_RST.APRQ_11_0618.3-bb2dd8f3dd-e8_80mru,nonfinite,,,0,0,,
,runs\cur87c6q\master_work\worker_14\aca52a9cee408920__MAS_RST.APRQ_10_0635.8-8b5160eac8-56k8uppl,nonfinite,,,0,0,,
,runs\cur87c6q\master_work\worker_15\56b736ace35d3730__MAS_RST.APRQ_11_0615.8-6bff764d0f-gscjqs1_,nonfinite,,,0,0,,
,runs\cur87c6q\master_work\worker_15\7e82215f7861e589__MAS_RST.APRQ_10_0635.8-08bc0f50b3-1gmvgad0,nonfinite,,,0,0,,
,runs\cur87c6q\master_work\worker_15\8440209b99659b0d__MAS_RST.APRQ_11_0615.8-4780816dc1-fbj5c3pk,nonfinite,,,0,0,,
,runs\cur87c6q\master_work\worker_15\925b91c433854b34__MAS_RST.APRQ_10_0635.8-c5be39ff6c-19qfcybw,nonfinite,,,0,0,,
,runs\cur87c6q\master_work\worker_15\d1ee9f17c2df785b__MAS_RST.APRQ_10_0635.8-8713d98492-uyehwz3r,nonfinite,,,0,0,,
,runs\cur87c6q\master_work\worker_16\91dace2713fcf360__MAS_RST.APRQ_11_0615.8-f0bad91f71-tkkalnma,nonfinite,,,0,0,,
,runs\cur87c6q\master_work\worker_16\ba82fd9d126dd3b9__MAS_RST.APRQ_11_0618.3-53994a841c-slzn63x5,nonfinite,,,0,0,,
,runs\cur87c6q\master_work\worker_17\2d65d3a5246de947__MAS_RST.APRQ_11_0615.8-5c8d889b8a-xbxheg2a,nonfinite,,,0,0,,
,runs\cur87c6q\master_work\worker_17\681ac5be9acb1ecc__MAS_RST.APRQ_11_0618.3-96e734eeac-bxp32hjw,nonfinite,,,0,0,,
,runs\cur87c6q\master_work\worker_17\7e4c93e271e5836c__MAS_RST.APRQ_11_0615.8-ebd4ab49c7-8e_tdk45,nonfinite,,,0,0,,
,runs\cur87c6q\master_work\worker_17\bb556b42bc30886d__MAS_RST.APRQ_11_0615.8-f7078dfb4d-_sl1nkz9,nonfinite,,,0,0,,
,runs\cur87c6q\master_work\worker_18\032c5bace91c247b__MAS_RST.APRQ_10_0635.8-c086889a15-h0kslycm,nonfinite,,,0,0,,
,runs\cur87c6q\master_work\worker_18\cc34d156226a25cd__MAS_RST.APRQ_11_0618.3-4dde6d1a22-tt2gwcdj,nonfinite,,,0,0,,
,runs\cur87c6q\master_work\worker_18\e14a8714e27c3870__MAS_RST.APRQ_11_0615.8-088209a94b-jaivute7,nonfinite,,,0,0,,
,runs\cur87c6q\master_work\worker_19\8ec7e4b8213b30b3__MAS_RST.APRQ_11_0615.8-6d30281ba5-fl_vj98b,nonfinite,,,0,0,,
,runs\cur87c6q\master_work\worker_19\f5cfca68cc4222fe__MAS_RST.APRQ_10_0635.8-52776625ba-amh1tvmo,nonfinite,,,0,0,,
,runs\cur87c6q\master_work\worker_20\19989a95f540ca0d__MAS_RST.APRQ_11_0615.8-99a21f6a8b-yruwu8i_,nonfinite,,,0,0,,
,runs\cur87c6q\master_work\worker_20\32b690cca6895ef1__MAS_RST.APRQ_11_0615.8-48cdc0388b-2mmh8xo_,nonfinite,,,0,0,,
,runs\cur87c6q\master_work\worker_21\a07ab982e1b5e5df__MAS_RST.APRQ_11_0615.8-9bc8154989-l6zf7u_u,nonfinite,,,0,0,,
,runs\cur87c6q\master_work\worker_21\b3ef84710c70ac61__MAS_RST.APRQ_11_0618.3-715b217ea7-2u9n9nxu,nonfinite,,,0,0,,
,runs\cur87c6q\master_work\worker_21\f943418b38a01594__MAS_RST.APRQ_11_0618.3-617a536a19-aajxztai,nonfinite,,,0,0,,
,runs\cur87c6q\master_work\worker_22\222ba0f3bc700676__MAS_RST.APRQ_10_0635.8-04c4bb063d-sv5dusib,nonfinite,,,0,0,,
,runs\cur87c6q\master_work\worker_22\309f74e6dd488b51__MAS_RST.APRQ_11_0618.3-332da93b4b-fa6vw0ne,nonfinite,,,0,0,,
,runs\cur87c6q\master_work\worker_22\7c79eb4c8097cd02__MAS_RST.APRQ_11_0618.3-22528b0629-caxvvnna,nonfinite,,,0,0,,
,runs\cur87c6q\master_work\worker_22\8ef532d8c4a07c19__MAS_RST.APRQ_11_0615.8-5b504589cc-x3wn0gwg,nonfinite,,,0,0,,
,runs\cur91bfm\master_work\worker_06\4258c02bff97bc90__MAS_RST.APRQ_11_0662.3-7d65d48ca5-rdq_224z,nonfinite,,,0,0,,
,runs\cur91bfm\master_work\worker_11\3c1746effad813fb__MAS_RST.APRQ_11_0658.9-1285c8565d-xn6w6o4w,nonfinite,,,0,0,,
,runs\cur91bfm\master_work\worker_14\8e1a03023d0afe35__MAS_RST.APRQ_11_0665.0-f42763cbf9-d9nl0thr,nonfinite,,,0,0,,
,runs\cur91bfp\master_work\worker_01\eea098053d791c11__MAS_RST.APRQ_11_0665.0-f2f4be221e-yre_ldxs,nonfinite,,,0,0,,
,runs\cur91bfp\master_work\worker_10\c5ddbd466e87903b__MAS_RST.APRQ_11_0662.3-12f41060e7-e1a3t48v,nonfinite,,,0,0,,
,runs\cur98f7m\master_work\worker_15\35693dd91d666764__MAS_RST.APRQ_11_0665.0-b5caf09fa0-bd3dpgc1,nonfinite,,,0,0,,
,runs\cur98f7p\master_work\worker_07\a7c131c67cd82652__MAS_RST.APRQ_11_0677.2-73811cc325-0hsxxj5h,nonfinite,,,0,0,,
,runs\cur98f7p\master_work\worker_11\9c9cdc1c7558e955__MAS_RST.APRQ_11_0677.2-f923771958-lzu560ir,nonfinite,,,0,0,,
,runs\cur98f7p\master_work\worker_12\25ba38162b130c2e__MAS_RST.APRQ_11_0658.9-64a0c0d40d-0jw0pnvm,nonfinite,,,0,0,,
,runs\curaf54p\master_work\worker_03\724f83b0d11b73de__MAS_RST.APRQ_11_0705.0-641c19a051-uvqctq7g,nonfinite,,,0,0,,
,runs\curaf54p\master_work\worker_03\724f83b0d11b73de__MAS_RST.APRQ_11_0705.0-e0330f12fa-onph0jrc,nonfinite,,,0,0,,
,runs\curaf54p\master_work\worker_05\7fec2bda376d9774__MAS_RST.APRQ_11_0705.0-41c974a989-6uksnoq_,nonfinite,,,0,0,,
,runs\curaf54p\master_work\worker_05\7fec2bda376d9774__MAS_RST.APRQ_11_0705.0-95429c363b-9ej2ka9w,nonfinite,,,0,0,,
,runs\curaf54p\master_work\worker_06\eab8fdfc13880962__MAS_RST.APRQ_11_0705.0-21438e25ed-az12maj3,nonfinite,,,0,0,,
,runs\curaf54p\master_work\worker_06\eab8fdfc13880962__MAS_RST.APRQ_11_0705.0-e7c986c24e-jy6ifjhy,nonfinite,,,0,0,,
,runs\curaf54p\master_work\worker_10\87dbc8e0613f77f2__MAS_RST.APRQ_11_0705.0-111a68b172-zfsufpjp,nonfinite,,,0,0,,
,runs\curaf54p\master_work\worker_12\40b07a0f1c29c0b8__MAS_RST.APRQ_11_0705.0-44bc9f5eaf-149wq24m,nonfinite,,,0,0,,
,runs\curaf54p\master_work\worker_12\40b07a0f1c29c0b8__MAS_RST.APRQ_11_0705.0-cb5418516b-wd4f7r_w,nonfinite,,,0,0,,
,runs\curaf54p\master_work\worker_14\5e7cc7e237ff945b__MAS_RST.APRQ_11_0705.0-160f315aed-yhupsh7o,nonfinite,,,0,0,,
,runs\curaf54p\master_work\worker_14\5e7cc7e237ff945b__MAS_RST.APRQ_11_0705.0-ff08054cef-pzx8rdj8,nonfinite,,,0,0,,
,runs\curaf54p\master_work\worker_15\168efedf67dd6575__MAS_RST.APRQ_11_0705.0-987d5510e0-yx93y98e,nonfinite,,,0,0,,
,runs\curaf54p\master_work\worker_15\168efedf67dd6575__MAS_RST.APRQ_11_0705.0-ed337b490a-24g2ae_1,nonfinite,,,0,0,,
0e0b64cb17ea7174,runs\curaf54q\master_work\worker_00\0e0b64cb17ea7174__MAS_RST.APRQ_11_0705.0-09dc8e340a-i6gvg17b,superseded,,,0,0,,
0e0b64cb17ea7174,runs\curaf54q\master_work\worker_00\0e0b64cb17ea7174__MAS_RST.APRQ_11_0705.0-539df73202-qssgj0z2,final,3.7579,2.9559,29,0,above_ceiling,725.135
0ee508ee4f4287ef,runs\curaf54q\master_work\worker_00\0ee508ee4f4287ef__MAS_RST.APRQ_11_0705.0-2c40645e62-ik0uc3d0,first_cycle,,,0,0,,
,runs\curaf54q\master_work\worker_00\9579c10f83902a2b__MAS_RST.APRQ_11_0705.0-a241e70bbe-4eyz35hs,nonfinite,,,0,0,,
,runs\curaf54q\master_work\worker_00\c7c47df27da59d30__MAS_RST.APRQ_11_0705.0-ca06baccf4-m9zgn9y7,nonfinite,,,0,0,,
,runs\curaf54q\master_work\worker_00\d1d9570279893029__MAS_RST.APRQ_11_0705.0-dce321e508-83673t8m,nonfinite,,,0,0,,
,runs\curaf54q\master_work\worker_00\e2a013516f90262b__MAS_RST.APRQ_11_0705.0-421ca3c61e-vw5sts7m,nonfinite,,,0,0,,
,runs\curaf54q\master_work\worker_00\ec4bed82a3f47f4b__MAS_RST.APRQ_11_0705.0-8ebd42737a-0ltrlzly,nonfinite,,,0,0,,
,runs\curaf54q\master_work\worker_00\f3a20ede4985524e__MAS_RST.APRQ_11_0705.0-b3b9219883-_4hj6bt4,nonfinite,,,0,0,,
,runs\curaf54q\master_work\worker_01\5a12de1507fc03bc__MAS_RST.APRQ_11_0705.0-a8e087cad2-bftkzpl2,nonfinite,,,0,0,,
,runs\curaf54q\master_work\worker_01\774d1bf1506807ee__MAS_RST.APRQ_11_0705.0-ca29e497a6-o2uvnvui,nonfinite,,,0,0,,
,runs\curaf54q\master_work\worker_01\90adac08530a6a90__MAS_RST.APRQ_11_0705.0-61234ac984-98pjiret,nonfinite,,,0,0,,
,runs\curaf54q\master_work\worker_01\9cf781f25ef00fcd__MAS_RST.APRQ_11_0705.0-80c1cd5282-2aj4tgj5,nonfinite,,,0,0,,
,runs\curaf54q\master_work\worker_01\b53956d0f2062317__MAS_RST.APRQ_11_0705.0-b5d85e100d-lw50gji3,nonfinite,,,0,0,,
,runs\curaf54q\master_work\worker_01\bec94afd0949352a__MAS_RST.APRQ_11_0705.0-dad95e7b8e-x9xrt38z,nonfinite,,,0,0,,
,runs\curaf54q\master_work\worker_01\ea9f55f9e3f127cc__MAS_RST.APRQ_11_0705.0-4445ae7b76-b2mzz3xb,nonfinite,,,0,0,,
,runs\curaf54q\master_work\worker_02\4084535d8b88b516__MAS_RST.APRQ_11_0705.0-815f632073-mt9heiv5,nonfinite,,,0,0,,
,runs\curaf54q\master_work\worker_02\5132f7db0befaf4a__MAS_RST.APRQ_11_0705.0-00d0557973-ta_xrmkp,nonfinite,,,0,0,,
,runs\curaf54q\master_work\worker_02\ab435e0ed7f884ea__MAS_RST.APRQ_11_0705.0-d786a85f6f-8usn14qr,nonfinite,,,0,0,,
,runs\curaf54q\master_work\worker_02\c3756fd2bb03bace__MAS_RST.APRQ_11_0705.0-6d2df1ce05-7x99rbg2,nonfinite,,,0,0,,
,runs\curaf54q\master_work\worker_02\f72ff1202cde9fee__MAS_RST.APRQ_11_0705.0-a4cea25f44-e0wuagho,nonfinite,,,0,0,,
,runs\curaf54q\master_work\worker_03\6087e0a20e227814__MAS_RST.APRQ_11_0705.0-b788ce4d23-kl2hl9x4,nonfinite,,,0,0,,
,runs\curaf54q\master_work\worker_03\89555ce74576cc04__MAS_RST.APRQ_11_0705.0-56916f426a-gc20054h,nonfinite,,,0,0,,
,runs\curaf54q\master_work\worker_03\a60a367d6307b152__MAS_RST.APRQ_11_0705.0-071d318e47-jptbowyc,nonfinite,,,0,0,,
,runs\curaf54q\master_work\worker_04\13ac15bba73d8b0b__MAS_RST.APRQ_11_0705.0-8c33424920-0yckrk1h,nonfinite,,,0,0,,
,runs\curaf54q\master_work\worker_04\2040d7f7c549e0fe__MAS_RST.APRQ_11_0705.0-cc826ce964-yg99wdj4,nonfinite,,,0,0,,
,runs\curaf54q\master_work\worker_04\5cb265366c67d80a__MAS_RST.APRQ_11_0705.0-2ed097d3c1-u5fi2_ye,nonfinite,,,0,0,,
,runs\curaf54q\master_work\worker_04\c1ec1e77323268bb__MAS_RST.APRQ_11_0705.0-8d409c7989-nsu633u9,nonfinite,,,0,0,,
,runs\curaf54q\master_work\worker_04\dac442a7b9bbd48d__MAS_RST.APRQ_11_0705.0-0de96ab96f-6uxxtifs,nonfinite,,,0,0,,
,runs\curaf54q\master_work\worker_05\4cf0328fa99c608c__MAS_RST.APRQ_11_0705.0-2b4134d7c9-nbpk5ar9,nonfinite,,,0,0,,
,runs\curaf54q\master_work\worker_05\7eedc4452c60ec54__MAS_RST.APRQ_11_0705.0-5b7f4ac303-d0115htx,nonfinite,,,0,0,,
,runs\curaf54q\master_work\worker_05\821e1eac1b0a1d6b__MAS_RST.APRQ_11_0705.0-2c52cbae14-9hmmtezh,nonfinite,,,0,0,,
,runs\curaf54q\master_work\worker_05\8f9a57ce994fd2f6__MAS_RST.APRQ_11_0705.0-be55bf5fac-pmavyhbo,nonfinite,,,0,0,,
,runs\curaf54q\master_work\worker_05\d23855db426bc867__MAS_RST.APRQ_11_0705.0-98af7ee0e5-pbh4vh7v,nonfinite,,,0,0,,
,runs\curaf54q\master_work\worker_05\f7b5ba6a0d423842__MAS_RST.APRQ_11_0705.0-7af8f968d3-fd4pg20y,nonfinite,,,0,0,,
,runs\curaf54q\master_work\worker_06\13e882b9c2da6984__MAS_RST.APRQ_11_0705.0-9cfd4d40ca-xvz2i08f,nonfinite,,,0,0,,
,runs\curaf54q\master_work\worker_06\26537fc6f1509434__MAS_RST.APRQ_11_0705.0-d9370d29e8-q8ynq9lp,nonfinite,,,0,0,,
,runs\curaf54q\master_work\worker_06\32e57bc0803540aa__MAS_RST.APRQ_11_0705.0-e29810fae2-ukhai460,nonfinite,,,0,0,,
,runs\curaf54q\master_work\worker_06\3ff82027c9ab7afd__MAS_RST.APRQ_11_0705.0-05454905ee-z6et_0n6,nonfinite,,,0,0,,
,runs\curaf54q\master_work\worker_06\82e41bda1b7b54da__MAS_RST.APRQ_11_0705.0-e87194aeca-nco_29e1,nonfinite,,,0,0,,
,runs\curaf54q\master_work\worker_07\57fe7d96396d83b1__MAS_RST.APRQ_11_0705.0-4edad14450-6j7ni8o8,nonfinite,,,0,0,,
,runs\curaf54q\master_work\worker_07\881c5685895cd1e5__MAS_RST.APRQ_11_0705.0-44921f2792-kc3s6gqw,nonfinite,,,0,0,,
,runs\curaf54q\master_work\worker_07\8fa2528291b3eadb__MAS_RST.APRQ_11_0705.0-be18bfd469-b3upltwc,nonfinite,,,0,0,,
,runs\curaf54q\master_work\worker_07\96df5bc582cc31b7__MAS_RST.APRQ_11_0705.0-e8fc812f41-kflo581c,nonfinite,,,0,0,,
,runs\curaf54q\master_work\worker_07\9a3adec688bda0d1__MAS_RST.APRQ_11_0705.0-0cf305a713-pgtbinue,nonfinite,,,0,0,,
,runs\curaf54q\master_work\worker_07\cd2f2a2f9dc8970d__MAS_RST.APRQ_11_0705.0-77d0611d54-c72wwmjj,nonfinite,,,0,0,,
,runs\curaf54q\master_work\worker_07\e14129e2df7ce4ca__MAS_RST.APRQ_11_0705.0-b1104697b1-3cjtdg9v,nonfinite,,,0,0,,
,runs\curaf54q\master_work\worker_07\e3c68125f8e765bf__MAS_RST.APRQ_11_0705.0-b963d9b24d-xzag8vtn,nonfinite,,,0,0,,
,runs\curaf54q\master_work\worker_07\e62a130983eb9bf0__MAS_RST.APRQ_11_0705.0-dfd8dad33a-8mmoktoy,nonfinite,,,0,0,,
,runs\curaf54q\master_work\worker_08\f3ad2a86ca63c051__MAS_RST.APRQ_11_0705.0-2815ad4338-dtjoetts,nonfinite,,,0,0,,
,runs\curaf54q\master_work\worker_09\1c199afaec34e23c__MAS_RST.APRQ_11_0705.0-d7b9c5cf15-l2b1_mhg,nonfinite,,,0,0,,
,runs\curaf54q\master_work\worker_09\b147a946be539e02__MAS_RST.APRQ_11_0705.0-82137e6a6a-pboxucmw,nonfinite,,,0,0,,
,runs\curaf54q\master_work\worker_09\dba7ffb33f3b3983__MAS_RST.APRQ_11_0705.0-2f56a38f55-fpiv1g9g,nonfinite,,,0,0,,
,runs\curaf54q\master_work\worker_09\ed8030918ab6cc3e__MAS_RST.APRQ_11_0705.0-6e405e9a9c-rmqu_8qp,nonfinite,,,0,0,,
,runs\curaf54q\master_work\worker_10\06eb15b2897c5b23__MAS_RST.APRQ_11_0705.0-7aea31454d-hm0e7g5w,nonfinite,,,0,0,,
,runs\curaf54q\master_work\worker_10\e2b0a8afb94f6f91__MAS_RST.APRQ_11_0705.0-d57ab6b7d5-nx4p143q,nonfinite,,,0,0,,
,runs\curaf54q\master_work\worker_11\553854ea1b8084ef__MAS_RST.APRQ_11_0705.0-334bc65a93-b1lb7d_x,nonfinite,,,0,0,,
,runs\curaf54q\master_work\worker_11\eddedf843c5f0252__MAS_RST.APRQ_11_0705.0-11c8ed9cbe-s4nbajux,nonfinite,,,0,0,,
,runs\curaf54q\master_work\worker_11\ff29fe6fcb59ca98__MAS_RST.APRQ_11_0705.0-0c75dd3585-rikvu667,nonfinite,,,0,0,,
,runs\curaf54q\master_work\worker_12\688e63e408de53c3__MAS_RST.APRQ_11_0705.0-65845aedd7-lflsedni,nonfinite,,,0,0,,
,runs\curaf54q\master_work\worker_12\839f257fb6ecfbd6__MAS_RST.APRQ_11_0705.0-81adccfd4d-3pgogwt6,nonfinite,,,0,0,,
,runs\curaf54q\master_work\worker_12\8af8dbaadba7571c__MAS_RST.APRQ_11_0705.0-47819948c8-mu8sdqv8,nonfinite,,,0,0,,
,runs\curaf54q\master_work\worker_12\8f1f51d6c34d3e59__MAS_RST.APRQ_11_0705.0-651d188e9c-0lc_4ov9,nonfinite,,,0,0,,
,runs\curaf54q\master_work\worker_13\3748014c1fadf809__MAS_RST.APRQ_11_0705.0-53c2a828e5-zkkwgz4a,nonfinite,,,0,0,,
,runs\curaf54q\master_work\worker_13\64446cbb958e2c1b__MAS_RST.APRQ_11_0705.0-426729ba1b-0sggabw8,nonfinite,,,0,0,,
,runs\curaf54q\master_work\worker_13\7766f760b9088f76__MAS_RST.APRQ_11_0705.0-9408805ce2-bol20x52,nonfinite,,,0,0,,
,runs\curaf54q\master_work\worker_13\7e50fde938c8ac14__MAS_RST.APRQ_11_0705.0-5cafd1ad5e-6pjwiger,nonfinite,,,0,0,,
,runs\curaf54q\master_work\worker_13\977fee4f557634c5__MAS_RST.APRQ_11_0705.0-d002e53316-lvf3sd3s,nonfinite,,,0,0,,
,runs\curaf54q\master_work\worker_13\db382336c7780208__MAS_RST.APRQ_11_0705.0-8309b06d1a-npy85j66,nonfinite,,,0,0,,
,runs\curaf54q\master_work\worker_13\f0ab86e18f20f693__MAS_RST.APRQ_11_0705.0-6dee444eea-o46ud3de,nonfinite,,,0,0,,
,runs\curaf54q\master_work\worker_14\da301d11ff7268b5__MAS_RST.APRQ_11_0705.0-8450d75bcc-_505nulk,nonfinite,,,0,0,,
,runs\curaf54q\master_work\worker_15\0490de7a2e5ab56d__MAS_RST.APRQ_11_0705.0-538dd74aad-coqtl08v,nonfinite,,,0,0,,
,runs\curaf54q\master_work\worker_15\1c21a996543e4963__MAS_RST.APRQ_11_0705.0-bbaf739b13-dismzrhb,nonfinite,,,0,0,,
,runs\curaf54q\master_work\worker_15\3de201e32303316a__MAS_RST.APRQ_11_0705.0-ccecda07b8-wiu6hvsw,nonfinite,,,0,0,,
,runs\curaf54q\master_work\worker_15\633300525a0a2a9f__MAS_RST.APRQ_11_0705.0-0a63a9a531-9ti3rty0,nonfinite,,,0,0,,
,runs\curaf54q\master_work\worker_15\d163f02568f574c4__MAS_RST.APRQ_11_0705.0-8b3237050f-rh15s6_u,nonfinite,,,0,0,,
,runs\curaf54q\master_work\worker_16\1bc49218ac821028__MAS_RST.APRQ_11_0705.0-dc70fb22c2-nwz7w1l5,nonfinite,,,0,0,,
,runs\curaf54q\master_work\worker_16\de1401fb9328d738__MAS_RST.APRQ_11_0705.0-67184ae379-ur_x3d5u,nonfinite,,,0,0,,
,runs\curaf54q\master_work\worker_16\eb853398883b423f__MAS_RST.APRQ_11_0705.0-ec42456fe3-sh_n16ia,nonfinite,,,0,0,,
,runs\curaf54q\master_work\worker_17\10dc514b2e4db453__MAS_RST.APRQ_11_0705.0-82165c0197-h4yjma5_,nonfinite,,,0,0,,
,runs\curaf54q\master_work\worker_17\2c46397b5d31fe00__MAS_RST.APRQ_11_0705.0-437dceb8f0-7s2rv0v4,nonfinite,,,0,0,,
,runs\curaf54q\master_work\worker_17\787c62af7ea0d390__MAS_RST.APRQ_11_0705.0-49791de9ce-yjx42ro1,nonfinite,,,0,0,,
,runs\curaf54q\master_work\worker_17\c17da6929cc5923b__MAS_RST.APRQ_11_0705.0-96f1b92bb3-z4n0b14m,nonfinite,,,0,0,,
,runs\curaf54q\master_work\worker_17\ced3e603a463cfec__MAS_RST.APRQ_11_0705.0-7d8c0ee78b-11ocgkfz,nonfinite,,,0,0,,
,runs\curaf54q\master_work\worker_18\0839d5e9b0393505__MAS_RST.APRQ_11_0705.0-081adf6187-3q_rdhj1,nonfinite,,,0,0,,
,runs\curaf54q\master_work\worker_18\74a7dac7cca5b4bf__MAS_RST.APRQ_11_0705.0-9621cf2a39-huavovf1,nonfinite,,,0,0,,
,runs\curaf54q\master_work\worker_18\8acccd17dc72affe__MAS_RST.APRQ_11_0705.0-50d7de68bf-xlcvx3tp,nonfinite,,,0,0,,
,runs\curaf54q\master_work\worker_18\a458e2d7606356b3__MAS_RST.APRQ_11_0705.0-a6624a2673-gar4xjky,nonfinite,,,0,0,,
,runs\curaf54q\master_work\worker_18\ae56d6834a9fb163__MAS_RST.APRQ_11_0705.0-0269fc72b0-bebpz28b,nonfinite,,,0,0,,
,runs\curaf54q\master_work\worker_18\c42f79c07620d180__MAS_RST.APRQ_11_0705.0-2e0e4209f8-y4b17uvy,nonfinite,,,0,0,,
,runs\curaf54q\master_work\worker_19\08200590f7b67eb2__MAS_RST.APRQ_11_0705.0-a1a867d07d-j4t7udb9,nonfinite,,,0,0,,
,runs\curaf54q\master_work\worker_19\79f89bdd4ffa8fe5__MAS_RST.APRQ_11_0705.0-a9b2377cda-c03pqhlt,nonfinite,,,0,0,,
,runs\curaf54q\master_work\worker_19\964d6f6247fc3720__MAS_RST.APRQ_11_0705.0-6573c2c700-rxu1v34a,nonfinite,,,0,0,,
,runs\curaf54q\master_work\worker_20\4ef4c52489df5c3d__MAS_RST.APRQ_11_0705.0-c27261afc9-r57jz34s,nonfinite,,,0,0,,
,runs\curaf54q\master_work\worker_20\d4f4545b7945c662__MAS_RST.APRQ_11_0705.0-c470b56b33-1v7ftqkf,nonfinite,,,0,0,,
,runs\curaf54q\master_work\worker_20\d65b9515657e1e36__MAS_RST.APRQ_11_0705.0-97c4e3b508-nvd4p22z,nonfinite,,,0,0,,
,runs\curaf54q\master_work\worker_21\036541f437d3361a__MAS_RST.APRQ_11_0705.0-d0cfbb1d3f-fy9xi_pt,nonfinite,,,0,0,,
,runs\curaf54q\master_work\worker_21\03d8ec8e745a9213__MAS_RST.APRQ_11_0705.0-4bc7ba0992-z4uo84wj,nonfinite,,,0,0,,
,runs\curaf54q\master_work\worker_21\420c22cc3872ad2c__MAS_RST.APRQ_11_0705.0-1158a4039a-j72oxmkt,nonfinite,,,0,0,,
,runs\curaf54q\master_work\worker_21\affd2cfdbbfeb238__MAS_RST.APRQ_11_0705.0-7764894015-sh0a0rre,nonfinite,,,0,0,,
,runs\curaf54q\master_work\worker_21\d62ddd292c1fe1f9__MAS_RST.APRQ_11_0705.0-9e0c4e3095-enjqklxx,nonfinite,,,0,0,,
,runs\curaf54q\master_work\worker_21\f077f68aceb1c6fc__MAS_RST.APRQ_11_0705.0-ea6a44cd1f-f57gr2sc,nonfinite,,,0,0,,
,runs\curaf54q\master_work\worker_22\28b4d8051ea6d806__MAS_RST.APRQ_11_0705.0-198fa5ea94-lvt20v8e,nonfinite,,,0,0,,
,runs\curaf54q\master_work\worker_22\33042540e7318e22__MAS_RST.APRQ_11_0705.0-8770fc18fe-n8zkzfzr,nonfinite,,,0,0,,
,runs\curaf54q\master_work\worker_22\4d0feb4efa53bd76__MAS_RST.APRQ_11_0705.0-c94ca495c3-gu5ym6xe,nonfinite,,,0,0,,
,runs\curaf54q\master_work\worker_22\ed92831d7e30df01__MAS_RST.APRQ_11_0705.0-8b196b5995-8an96qpm,nonfinite,,,0,0,,
,runs\curc793p\master_work\worker_08\732c6a3b7fcf3d2e__MAS_RST.APRQ_12_0777.1-271745a2f9-lwxn5b5a,nonfinite,,,0,0,,
,runs\curc793p\master_work\worker_10\c3b41635c810d147__MAS_RST.APRQ_12_0777.1-b2c50a6081-_3ybwzcl,nonfinite,,,0,0,,
,runs\curc793p\master_work\worker_13\50e820995e7fbe3d__MAS_RST.APRQ_12_0777.1-92481eb3d7-1px8jqm_,nonfinite,,,0,0,,
,runs\curd047p\master_work\worker_02\79b8dc30144ff00c__MAS_RST.APRQ_11_0705.0-72479f90cb-zj73tyod,nonfinite,,,0,0,,
,runs\curd047p\master_work\worker_07\3c525f1317fdbaa3__MAS_RST.APRQ_11_0767.1-a2b1dfd45d-om_hnyuk,nonfinite,,,0,0,,
,runs\curd047p\master_work\worker_11\2f22f930a6750b33__MAS_RST.APRQ_11_0705.0-0973b2fa24-kzl81xz4,nonfinite,,,0,0,,
,runs\curd5a0m\master_work\worker_15\c7b4654c360804af__MAS_RST.APRQ_11_0686.4-fe7ef48718-bradt_iy,nonfinite,,,0,0,,
,runs\curd5a0m\master_work\worker_15\c7b4654c360804af__MAS_RST.APRQ_11_0686.4-fe7ef48718-usuxrjkf,nonfinite,,,0,0,,
,runs\curd5a0p\master_work\worker_02\7a874b906e531250__MAS_RST.APRQ_11_0686.4-f936f9bda7-_ksjd_km,nonfinite,,,0,0,,
,runs\curd5a0p\master_work\worker_02\7a874b906e531250__MAS_RST.APRQ_11_0686.4-f936f9bda7-ps70wz04,nonfinite,,,0,0,,
,runs\curd5a0p\master_work\worker_03\e926c8500483dc6d__MAS_RST.APRQ_11_0692.6-7d6fbffcc6-qcg182yf,nonfinite,,,0,0,,
,runs\curd5a0p\master_work\worker_03\e926c8500483dc6d__MAS_RST.APRQ_11_0692.6-7d6fbffcc6-utapsviy,nonfinite,,,0,0,,
,runs\curd5a0p\master_work\worker_04\4f0a0b728c4b0efc__MAS_RST.APRQ_11_0688.2-372b8e694e-y4ilcbdx,nonfinite,,,0,0,,
,runs\curd5a0p\master_work\worker_04\4f0a0b728c4b0efc__MAS_RST.APRQ_11_0688.2-372b8e694e-ywyghnnd,nonfinite,,,0,0,,
,runs\curd5a0p\master_work\worker_07\6ee8019891ded2d5__MAS_RST.APRQ_11_0688.2-863e9ba228-1la1mckd,nonfinite,,,0,0,,
,runs\curd5a0p\master_work\worker_07\6ee8019891ded2d5__MAS_RST.APRQ_11_0688.2-863e9ba228-qylugga7,nonfinite,,,0,0,,
,runs\curda3bm\master_work\worker_03\8ceb2548dd12858a__MAS_RST.APRQ_11_0688.2-8fae588bcf-gp06_4r3,nonfinite,,,0,0,,
,runs\curda3bm\master_work\worker_06\8ceb2548dd12858a__MAS_RST.APRQ_11_0688.2-8fae588bcf-h7w8f9hn,nonfinite,,,0,0,,
,runs\curda3bm\master_work\worker_08\6378732232d296a6__MAS_RST.APRQ_11_0686.4-9c033fc543-km7g711k,nonfinite,,,0,0,,
,runs\curda3bm\master_work\worker_10\60f2c4b807a3f79b__MAS_RST.APRQ_11_0686.4-eb7b2862ad-mlr7zwk4,nonfinite,,,0,0,,
,runs\curda3bm\master_work\worker_14\f139781b4a5cb366__MAS_RST.APRQ_11_0686.4-a6ce55ef82-58mjdaka,nonfinite,,,0,0,,
,runs\curda3bm\master_work\worker_15\7c7c4df51a09856b__MAS_RST.APRQ_11_0688.2-9ee4643f01-z0lb9rsf,nonfinite,,,0,0,,
,runs\curda3bp\master_work\worker_00\1f3c7780d284404d__MAS_RST.APRQ_11_0692.6-2732e28966-zz5j4td0,nonfinite,,,0,0,,
,runs\curda3bp\master_work\worker_01\d44f1576d5ab469d__MAS_RST.APRQ_11_0688.2-398d0b5efd-zix4zhgz,nonfinite,,,0,0,,
,runs\curda3bp\master_work\worker_03\2e324278a188a49c__MAS_RST.APRQ_11_0692.6-2e2a107b62-zga82m25,nonfinite,,,0,0,,
,runs\curda3bp\master_work\worker_13\272cacc71ba661df__MAS_RST.APRQ_11_0688.2-88df2a895a-2h75xkta,nonfinite,,,0,0,,
,runs\curda3bp\master_work\worker_15\c66574125e1eb108__MAS_RST.APRQ_11_0692.6-edc6309603-ol5g68ag,nonfinite,,,0,0,,
,runs\curda3bq\master_work\worker_00\327e574228c041fa__MAS_RST.APRQ_11_0692.6-574b94cbd9-1z7hgbix,nonfinite,,,0,0,,
,runs\curda3bq\master_work\worker_00\b916ac5abdf3c921__MAS_RST.APRQ_11_0686.4-07b178a98a-qtv8ccze,nonfinite,,,0,0,,
,runs\curda3bq\master_work\worker_00\e2f7a2f7f7e7c685__MAS_RST.APRQ_11_0686.4-af0b227efa-9184ye16,nonfinite,,,0,0,,
,runs\curda3bq\master_work\worker_03\3f0f6a92cd9c5187__MAS_RST.APRQ_11_0688.2-1e886765ab-s80zhdbi,nonfinite,,,0,0,,
,runs\curda3bq\master_work\worker_03\a2418af67432badc__MAS_RST.APRQ_11_0692.6-926c215fcb-s3n_2mfw,nonfinite,,,0,0,,
,runs\curda3bq\master_work\worker_03\beebd5fcb560c88c__MAS_RST.APRQ_11_0686.4-37d18f3c83-r_dpmfxy,nonfinite,,,0,0,,
,runs\curda3bq\master_work\worker_04\50570c230f4efc4e__MAS_RST.APRQ_11_0692.6-ce5a5794cb-mcmc3x6f,nonfinite,,,0,0,,
,runs\curda3bq\master_work\worker_04\78cfedc1241ecd89__MAS_RST.APRQ_11_0686.4-a18fc97025-fetsr4jr,nonfinite,,,0,0,,
,runs\curda3bq\master_work\worker_04\eaf043f01629d629__MAS_RST.APRQ_11_0692.6-7edb176cda-ap_dedhf,nonfinite,,,0,0,,
,runs\curda3bq\master_work\worker_05\1c562014b0bd7427__MAS_RST.APRQ_11_0692.6-dd5c094e7e-8lgd2a_z,nonfinite,,,0,0,,
,runs\curda3bq\master_work\worker_05\a3aa2e640921a049__MAS_RST.APRQ_11_0688.2-8570b7ba77-ykunblau,nonfinite,,,0,0,,
,runs\curda3bq\master_work\worker_05\d507dd28ca98e425__MAS_RST.APRQ_11_0688.2-c97457fc35-hszyroz4,nonfinite,,,0,0,,
,runs\curda3bq\master_work\worker_06\d4eb25114af746db__MAS_RST.APRQ_11_0692.6-4054918794-grlywbo1,nonfinite,,,0,0,,
,runs\curda3bq\master_work\worker_06\de1b3399bc308b0a__MAS_RST.APRQ_11_0688.2-a0529a396e-thjc_k9r,nonfinite,,,0,0,,
,runs\curda3bq\master_work\worker_06\e8c3a935b29f9379__MAS_RST.APRQ_11_0688.2-db377bf0fe-6smei3h0,nonfinite,,,0,0,,
,runs\curda3bq\master_work\worker_07\03f78dc2da9a5933__MAS_RST.APRQ_11_0692.6-cdafd75d82-uwbcmlit,nonfinite,,,0,0,,
,runs\curda3bq\master_work\worker_08\82ff101645775328__MAS_RST.APRQ_11_0688.2-3c08376d92-ap8rwdsi,nonfinite,,,0,0,,
,runs\curda3bq\master_work\worker_08\859caa04a2cfcd6f__MAS_RST.APRQ_11_0692.6-d41fdbc3db-t5xroros,nonfinite,,,0,0,,
,runs\curda3bq\master_work\worker_08\cae6a100e6740220__MAS_RST.APRQ_11_0688.2-dcecbe6ee7-uogrqieg,nonfinite,,,0,0,,
,runs\curda3bq\master_work\worker_08\e00b4581222f7a15__MAS_RST.APRQ_11_0688.2-ae981124a8-defj2ny8,nonfinite,,,0,0,,
,runs\curda3bq\master_work\worker_09\16152123f3b64234__MAS_RST.APRQ_11_0686.4-5ab2e79fa2-f479vjqb,nonfinite,,,0,0,,
,runs\curda3bq\master_work\worker_09\a9dfb06dd2550597__MAS_RST.APRQ_11_0688.2-37a38deb8b-_4vue4tw,nonfinite,,,0,0,,
,runs\curda3bq\master_work\worker_10\736e46fde6325a78__MAS_RST.APRQ_11_0692.6-1b372049cb-5obzj8f4,nonfinite,,,0,0,,
,runs\curda3bq\master_work\worker_10\d26eec960074cc0c__MAS_RST.APRQ_11_0688.2-74a8fd8960-4g03kxrs,nonfinite,,,0,0,,
,runs\curda3bq\master_work\worker_11\5b7742010a8d62b7__MAS_RST.APRQ_11_0688.2-76bc27302e-tcbxtz_e,nonfinite,,,0,0,,
,runs\curda3bq\master_work\worker_11\e7693ffd61a7b722__MAS_RST.APRQ_11_0692.6-822f06c329-l5qsnr6x,nonfinite,,,0,0,,
,runs\curda3bq\master_work\worker_13\5527e47e4fcbf7f8__MAS_RST.APRQ_11_0692.6-9986462cba-2ccuz57n,nonfinite,,,0,0,,
,runs\curda3bq\master_work\worker_13\58ff97cd93643139__MAS_RST.APRQ_11_0686.4-56c0ef446a-7sjkgjws,nonfinite,,,0,0,,
,runs\curda3bq\master_work\worker_13\9e7816faee0897f7__MAS_RST.APRQ_11_0692.6-5ed50e42ce-q0rk76ny,nonfinite,,,0,0,,
,runs\curda3bq\master_work\worker_14\741035838ea3e7d3__MAS_RST.APRQ_11_0692.6-0a0dd985a0-k5ugtk9z,nonfinite,,,0,0,,
,runs\curda3bq\master_work\worker_15\2fd2c927f5300ec9__MAS_RST.APRQ_11_0686.4-e1ca6dc69a-e_pm_yv0,nonfinite,,,0,0,,
,runs\curda3bq\master_work\worker_15\3288f086255aa0af__MAS_RST.APRQ_11_0686.4-ba04a540f9-1m9wqqc0,nonfinite,,,0,0,,
,runs\curda3bq\master_work\worker_15\b654d6d1ec907d0b__MAS_RST.APRQ_11_0692.6-0c78e80f88-i5oxs6hu,nonfinite,,,0,0,,
,runs\curda3bq\master_work\worker_16\5d09260d6cfbee23__MAS_RST.APRQ_11_0686.4-ce3632310d-zxww6ixz,nonfinite,,,0,0,,
,runs\curda3bq\master_work\worker_16\7ff43712d383a40f__MAS_RST.APRQ_11_0688.2-a734421bd7-4vdp_ym0,nonfinite,,,0,0,,
,runs\curda3bq\master_work\worker_16\aad6e0ce3b516348__MAS_RST.APRQ_11_0692.6-639dff4870-5jqzz8x0,nonfinite,,,0,0,,
,runs\curda3bq\master_work\worker_17\055225a32785ce63__MAS_RST.APRQ_11_0692.6-b005b78e38-hxooi_fg,nonfinite,,,0,0,,
,runs\curda3bq\master_work\worker_17\4954d3455c8f74e4__MAS_RST.APRQ_11_0692.6-06e8fefb67-du3bxcxv,nonfinite,,,0,0,,
,runs\curda3bq\master_work\worker_17\ae1f83fa29ccaa1c__MAS_RST.APRQ_11_0686.4-e80824ae55-byb04b6n,nonfinite,,,0,0,,
,runs\curda3bq\master_work\worker_18\3082b50b9ea07489__MAS_RST.APRQ_11_0686.4-3f34a12e58-wgaaaawt,nonfinite,,,0,0,,
,runs\curda3bq\master_work\worker_18\ff8e8207d4f739e9__MAS_RST.APRQ_11_0688.2-9fe05ee200-514dwp0f,nonfinite,,,0,0,,
,runs\curda3bq\master_work\worker_19\bcd00d967ca740df__MAS_RST.APRQ_11_0692.6-e979652fe9-g8pxlu35,nonfinite,,,0,0,,
,runs\curda3bq\master_work\worker_19\cf13f3ff832f1566__MAS_RST.APRQ_11_0688.2-11fa369806-5lhyx01q,nonfinite,,,0,0,,
,runs\curda3bq\master_work\worker_19\f0f010ab6384a187__MAS_RST.APRQ_11_0692.6-5befd07861-aa354y4d,nonfinite,,,0,0,,
,runs\curda3bq\master_work\worker_20\1c09b7c3e2786f5e__MAS_RST.APRQ_11_0692.6-ecab8e38a3-173qmovy,nonfinite,,,0,0,,
,runs\curda3bq\master_work\worker_20\86777cbb1b07e22a__MAS_RST.APRQ_11_0688.2-eaec8d980b-51np8z7k,nonfinite,,,0,0,,
,runs\curda3bq\master_work\worker_20\b4da18758946f406__MAS_RST.APRQ_11_0692.6-81b3366289-l5km0gfq,nonfinite,,,0,0,,
,runs\curda3bq\master_work\worker_21\605011384e5074e7__MAS_RST.APRQ_11_0688.2-5b0ed284a2-cwfr00lg,nonfinite,,,0,0,,
,runs\curda3bq\master_work\worker_21\6f6b8f1c4786d13f__MAS_RST.APRQ_11_0686.4-8fd3addef1-cl6y2spc,nonfinite,,,0,0,,
,runs\curda3bq\master_work\worker_21\e49a8905c544841c__MAS_RST.APRQ_11_0692.6-d1686a1de1-7i1uy8c6,nonfinite,,,0,0,,
,runs\curda3bq\master_work\worker_22\9c20bb119412610f__MAS_RST.APRQ_11_0686.4-7e478ebaca-6pa04769,nonfinite,,,0,0,,
,runs\curdb19p\master_work\worker_00\3d2a20c19ed2c372__MAS_RST.APRQ_12_0777.1-12f5608b6f-l4flzxav,nonfinite,,,0,0,,
,runs\curdb19p\master_work\worker_01\bcccc9d621cb2bcc__MAS_RST.APRQ_12_0777.1-f654ae0f42-jeg2ucu0,nonfinite,,,0,0,,
,runs\curdb19p\master_work\worker_02\4cc2de2ff0aa646e__MAS_RST.APRQ_12_0777.1-bfafe8a1d6-g8t84cvw,nonfinite,,,0,0,,
,runs\curdb19p\master_work\worker_08\e2b988742aeaedcd__MAS_RST.APRQ_12_0777.1-2531a60b04-qa1z2up5,nonfinite,,,0,0,,
,runs\curdb3ep\master_work\worker_02\cdc70bca20c00192__MAS_RST.APRQ_11_0767.1-3ee5cc7dcc-lyngk47u,nonfinite,,,0,0,,
,runs\curdb3ep\master_work\worker_05\7865e5c626494138__MAS_RST.APRQ_11_0767.1-35a24fa3c5-62h9ywzo,nonfinite,,,0,0,,
,runs\curdb3ep\master_work\worker_06\589a8eb20c9dd2e9__MAS_RST.APRQ_11_0767.1-2fc8673c1f-fmeechif,nonfinite,,,0,0,,
,runs\curdb3ep\master_work\worker_08\7322fa21335ead7c__MAS_RST.APRQ_11_0767.1-5901911855-rn0hrqg_,nonfinite,,,0,0,,
,runs\curdb3ep\master_work\worker_11\7ec2d71617b4405e__MAS_RST.APRQ_11_0767.1-9f38f3ff98-sudues8k,nonfinite,,,0,0,,
,runs\curdea9m\master_work\worker_02\d1143aa9a93f8d72__MAS_RST.APRQ_11_0662.3-5bbb4075db-pz1x3yrc,nonfinite,,,0,0,,
,runs\curdea9m\master_work\worker_02\d1143aa9a93f8d72__MAS_RST.APRQ_11_0662.3-5bbb4075db-t4xjaenh,nonfinite,,,0,0,,
,runs\curdea9m\master_work\worker_03\f35687e4350be21c__MAS_RST.APRQ_11_0658.9-aef35bcab2-l4hmdy03,nonfinite,,,0,0,,
,runs\curdea9m\master_work\worker_03\f35687e4350be21c__MAS_RST.APRQ_11_0658.9-aef35bcab2-n26agdf1,nonfinite,,,0,0,,
,runs\curdea9p\master_work\worker_03\3bd2c83d2a082f02__MAS_RST.APRQ_11_0677.2-bd73cbc623-300u7wwo,nonfinite,,,0,0,,
,runs\curdea9p\master_work\worker_03\3bd2c83d2a082f02__MAS_RST.APRQ_11_0677.2-bd73cbc623-ls97zv2b,nonfinite,,,0,0,,
,runs\curdea9p\master_work\worker_05\e1a02952425be21a__MAS_RST.APRQ_11_0665.0-364fb98396-80if8dgg,nonfinite,,,0,0,,
,runs\curdea9p\master_work\worker_05\e1a02952425be21a__MAS_RST.APRQ_11_0665.0-364fb98396-mvdx4wj3,nonfinite,,,0,0,,
,runs\curdea9p\master_work\worker_07\6bf92f263151b708__MAS_RST.APRQ_11_0677.2-0f9bd15ac7-earwum94,nonfinite,,,0,0,,
,runs\curdea9p\master_work\worker_07\6bf92f263151b708__MAS_RST.APRQ_11_0677.2-0f9bd15ac7-yg8ys9gq,nonfinite,,,0,0,,
,runs\curdea9p\master_work\worker_08\2732e4007364f83f__MAS_RST.APRQ_11_0658.9-c69abfdca2-df6wgi7d,nonfinite,,,0,0,,
,runs\curdea9p\master_work\worker_08\2732e4007364f83f__MAS_RST.APRQ_11_0658.9-c69abfdca2-ej7t_ffz,nonfinite,,,0,0,,
,runs\curdea9p\master_work\worker_09\4f5401a0a1b10376__MAS_RST.APRQ_11_0665.0-21b3fb3f50-jyjaqf7_,nonfinite,,,0,0,,
,runs\curdea9p\master_work\worker_09\4f5401a0a1b10376__MAS_RST.APRQ_11_0665.0-21b3fb3f50-ujv1kf96,nonfinite,,,0,0,,
,runs\curdea9p\master_work\worker_10\80ff679e25dec9bd__MAS_RST.APRQ_11_0662.3-01ddef76ed-gdlld1et,nonfinite,,,0,0,,
,runs\curdea9p\master_work\worker_10\80ff679e25dec9bd__MAS_RST.APRQ_11_0662.3-01ddef76ed-y1b_kykz,nonfinite,,,0,0,,
,runs\curdea9p\master_work\worker_11\a61dc96d671bae85__MAS_RST.APRQ_11_0677.2-3532b387d9-i5bystk8,nonfinite,,,0,0,,
,runs\curdea9p\master_work\worker_11\a61dc96d671bae85__MAS_RST.APRQ_11_0677.2-3532b387d9-kgpvlvjm,nonfinite,,,0,0,,
,runs\curdea9p\master_work\worker_12\d7f61a5538dea77e__MAS_RST.APRQ_11_0658.9-9d48222e7d-1tfenrda,nonfinite,,,0,0,,
,runs\curdea9p\master_work\worker_12\d7f61a5538dea77e__MAS_RST.APRQ_11_0658.9-9d48222e7d-u9p7l53k,no_mas_sum,,,0,0,,
,runs\curdea9p\master_work\worker_13\ca750c3e842b5a22__MAS_RST.APRQ_11_0665.0-cb015bd005-3oo8j7kj,nonfinite,,,0,0,,
,runs\curdea9p\master_work\worker_13\ca750c3e842b5a22__MAS_RST.APRQ_11_0665.0-cb015bd005-77090h0p,nonfinite,,,0,0,,
,runs\cure069m\master_work\worker_03\6422dc7d7babac74__MAS_RST.APRQ_11_0630.4-e0e86b6d4a-t9opbtac,nonfinite,,,0,0,,
,runs\cure069p\master_work\worker_01\da189fab62836a86__MAS_RST.APRQ_11_0635.1-42b693d37e-e5e6u6go,nonfinite,,,0,0,,
,runs\cure069p\master_work\worker_01\da189fab62836a86__MAS_RST.APRQ_11_0635.1-42b693d37e-utvkcj4m,nonfinite,,,0,0,,
,runs\cure069p\master_work\worker_07\7bb054dfe7c41126__MAS_RST.APRQ_11_0637.5-c99f5a5f3a-jc2x_e9u,nonfinite,,,0,0,,
,runs\cure069p\master_work\worker_07\7bb054dfe7c41126__MAS_RST.APRQ_11_0637.5-c99f5a5f3a-zfckd4ki,no_mas_sum,,,0,0,,
,runs\cure069p\master_work\worker_09\901adc5e5ad7d0c8__MAS_RST.APRQ_11_0635.1-9c91adeb0f-0n5h9r20,nonfinite,,,0,0,,
,runs\cure069p\master_work\worker_09\901adc5e5ad7d0c8__MAS_RST.APRQ_11_0635.1-9c91adeb0f-mjtuczx3,no_mas_sum,,,0,0,,
,runs\cure069p\master_work\worker_11\e404402b9fd0137e__MAS_RST.APRQ_11_0637.5-f0e36772b9-ap8duky0,nonfinite,,,0,0,,
,runs\cure069p\master_work\worker_11\e404402b9fd0137e__MAS_RST.APRQ_11_0637.5-f0e36772b9-o4ohsd1l,nonfinite,,,0,0,,
,runs\cure069p\master_work\worker_12\f45cf23ce5e998b3__MAS_RST.APRQ_11_0630.4-4723423dc3-3ob8vlxv,nonfinite,,,0,0,,
,runs\cure069p\master_work\worker_12\f45cf23ce5e998b3__MAS_RST.APRQ_11_0630.4-4723423dc3-un1uqzi2,nonfinite,,,0,0,,
,runs\cure069q\master_work\worker_00\2821420d46e9a9d6__MAS_RST.APRQ_11_0637.5-844bc6e36d-qo2ucw78,nonfinite,,,0,0,,
,runs\cure069q\master_work\worker_00\648b8e5c45909dc9__MAS_RST.APRQ_11_0630.4-ac3a057da1-hydqpnjh,nonfinite,,,0,0,,
,runs\cure069q\master_work\worker_00\77f624ccb0dce9bd__MAS_RST.APRQ_10_0635.8-a80b8685ce-qp3struc,nonfinite,,,0,0,,
,runs\cure069q\master_work\worker_00\d10d6b3c53de89ad__MAS_RST.APRQ_11_0635.1-a92b12699c-sqnz8_1t,nonfinite,,,0,0,,
,runs\cure069q\master_work\worker_01\6c7cf682d9824c4e__MAS_RST.APRQ_11_0637.5-8b8aba9efe-7oo92b7u,nonfinite,,,0,0,,
,runs\cure069q\master_work\worker_02\4321bc4f51d0944e__MAS_RST.APRQ_11_0635.1-90e6a03e44-5nq_zbxf,nonfinite,,,0,0,,
,runs\cure069q\master_work\worker_02\fe404c7e7059003e__MAS_RST.APRQ_10_0635.8-2789717c30-_c5bbf0m,nonfinite,,,0,0,,
,runs\cure069q\master_work\worker_03\61f6e3d6cc728911__MAS_RST.APRQ_11_0637.5-d65c1cefbf-5ca3lk01,nonfinite,,,0,0,,
,runs\cure069q\master_work\worker_03\f0458424c6a75e5b__MAS_RST.APRQ_11_0635.1-cc4ab879a5-79ykjc7c,nonfinite,,,0,0,,
,runs\cure069q\master_work\worker_04\2d715695281d760d__MAS_RST.APRQ_11_0635.1-8600343583-57c1okeh,nonfinite,,,0,0,,
,runs\cure069q\master_work\worker_04\717b1f178f133770__MAS_RST.APRQ_10_0635.8-18ffc79fd9-a5crkevc,nonfinite,,,0,0,,
,runs\cure069q\master_work\worker_04\a3736a123016fff7__MAS_RST.APRQ_11_0635.1-144555f17d-i87kujv8,nonfinite,,,0,0,,
,runs\cure069q\master_work\worker_05\3a03017ce43218c1__MAS_RST.APRQ_10_0635.8-19f14b71ee-elxfa8dj,nonfinite,,,0,0,,
,runs\cure069q\master_work\worker_05\559773a563cda670__MAS_RST.APRQ_11_0635.1-d209d9977a-gt7k04fu,nonfinite,,,0,0,,
,runs\cure069q\master_work\worker_05\7883c685e5e30d7f__MAS_RST.APRQ_11_0637.5-c7b2ac0202-5rl16b3j,nonfinite,,,0,0,,
,runs\cure069q\master_work\worker_05\cb3339f2362f1abd__MAS_RST.APRQ_11_0630.4-2e25e909ce-0s73wzt3,nonfinite,,,0,0,,
,runs\cure069q\master_work\worker_06\0ab49cdb93a9629f__MAS_RST.APRQ_10_0635.8-91b585bbc0-fle6tpr0,nonfinite,,,0,0,,
,runs\cure069q\master_work\worker_06\3cd32e39b1da9ba8__MAS_RST.APRQ_11_0630.4-2e970bf465-27m12bef,nonfinite,,,0,0,,
,runs\cure069q\master_work\worker_06\62af47772f991cef__MAS_RST.APRQ_11_0637.5-9b915f48a7-3rs4jt94,nonfinite,,,0,0,,
,runs\cure069q\master_work\worker_06\bdf62761c91516f8__MAS_RST.APRQ_11_0630.4-8799d3c60e-x9n_0nip,nonfinite,,,0,0,,
,runs\cure069q\master_work\worker_07\1689d626041ccdf2__MAS_RST.APRQ_11_0630.4-f65f8a54e1-bh79blmr,nonfinite,,,0,0,,
,runs\cure069q\master_work\worker_07\ba41138b21de7ee1__MAS_RST.APRQ_11_0635.1-d618d81293-d14ni8vs,nonfinite,,,0,0,,
,runs\cure069q\master_work\worker_08\72f252519c68db8e__MAS_RST.APRQ_11_0637.5-80cc20ee76-56x3o_yn,nonfinite,,,0,0,,
,runs\cure069q\master_work\worker_08\7ad8d6d0cd6deaf4__MAS_RST.APRQ_11_0630.4-77b543d1b7-lhdug_3c,nonfinite,,,0,0,,
,runs\cure069q\master_work\worker_08\ee3a3e8de8f60a97__MAS_RST.APRQ_11_0635.1-7dcf4efcac-9agmohqz,nonfinite,,,0,0,,
,runs\cure069q\master_work\worker_09\648666ec9bf41ce0__MAS_RST.APRQ_11_0635.1-9601ef52d9-7a5uayn5,nonfinite,,,0,0,,
,runs\cure069q\master_work\worker_09\6bf40ee577d3c56d__MAS_RST.APRQ_10_0635.8-87668108f7-fwnhhtja,nonfinite,,,0,0,,
,runs\cure069q\master_work\worker_09\7bfbb670f6983e26__MAS_RST.APRQ_10_0635.8-5e2ba2ffae-9jyp7xuh,nonfinite,,,0,0,,
,runs\cure069q\master_work\worker_10\29e5d97dd901885a__MAS_RST.APRQ_10_0635.8-5f824eaded-vjvue4ui,nonfinite,,,0,0,,
,runs\cure069q\master_work\worker_11\73ca847c3fc9e33d__MAS_RST.APRQ_11_0630.4-54e8cbd1e9-e2bkrlb2,nonfinite,,,0,0,,
,runs\cure069q\master_work\worker_12\1846fdcb789e91dc__MAS_RST.APRQ_11_0630.4-bf3f0d4cb4-3joswps0,nonfinite,,,0,0,,
,runs\cure069q\master_work\worker_12\bea43ed884902b83__MAS_RST.APRQ_11_0635.1-e7e59e88e1-0tx4ak27,nonfinite,,,0,0,,
,runs\cure069q\master_work\worker_12\c26de7d077ff265e__MAS_RST.APRQ_10_0635.8-4284729895-iu67n01o,nonfinite,,,0,0,,
,runs\cure069q\master_work\worker_13\cfc618d68bcace64__MAS_RST.APRQ_11_0637.5-94edd8bd42-j67jnnmc,nonfinite,,,0,0,,
,runs\cure069q\master_work\worker_14\f923f0bac17e3056__MAS_RST.APRQ_11_0637.5-36cb25bece-p59cw49l,nonfinite,,,0,0,,
,runs\cure069q\master_work\worker_15\07647eb33ce20c70__MAS_RST.APRQ_11_0637.5-f48c2fa203-0kbac63z,nonfinite,,,0,0,,
,runs\cure069q\master_work\worker_15\11d1e69f65acc2b2__MAS_RST.APRQ_11_0630.4-c9ab744bf7-q0nq3e01,nonfinite,,,0,0,,
,runs\cure069q\master_work\worker_15\6f4cb88e76e3d85b__MAS_RST.APRQ_11_0630.4-be297f2bc1-g8tdi_nd,nonfinite,,,0,0,,
,runs\cure069q\master_work\worker_15\a87888147b16525b__MAS_RST.APRQ_11_0637.5-873546948e-582djjcc,nonfinite,,,0,0,,
,runs\cure069q\master_work\worker_15\ad6cc62c4f6cfddc__MAS_RST.APRQ_11_0637.5-496a51b906-b5j11k9t,nonfinite,,,0,0,,
,runs\cure069q\master_work\worker_16\0557551e5af85847__MAS_RST.APRQ_11_0630.4-578eb6ef16-ec8ltovd,nonfinite,,,0,0,,
,runs\cure069q\master_work\worker_17\8c6cef70c21f24c5__MAS_RST.APRQ_11_0637.5-47b944a6d6-97hfr1p4,nonfinite,,,0,0,,
,runs\cure069q\master_work\worker_17\df4d72bd1c36d155__MAS_RST.APRQ_11_0635.1-ba7abbd73e-y7cx0pia,nonfinite,,,0,0,,
,runs\cure069q\master_work\worker_18\699f0277e649faa4__MAS_RST.APRQ_11_0637.5-d5c746816b-v89x__x5,nonfinite,,,0,0,,
,runs\cure069q\master_work\worker_18\f521cac1d4784e84__MAS_RST.APRQ_11_0635.1-d77b0c14f3-8bcuiovk,nonfinite,,,0,0,,
,runs\cure069q\master_work\worker_19\378582f9ddff4c03__MAS_RST.APRQ_11_0630.4-07d220b644-hx72wd1u,nonfinite,,,0,0,,
,runs\cure069q\master_work\worker_19\b35e30c6811030c2__MAS_RST.APRQ_11_0630.4-690f1a3e25-rvhp5xrk,nonfinite,,,0,0,,
,runs\cure069q\master_work\worker_20\7f35787f652e5879__MAS_RST.APRQ_11_0630.4-14edaccaa0-dv82rzoh,nonfinite,,,0,0,,
,runs\cure069q\master_work\worker_20\cd42add4831907f2__MAS_RST.APRQ_11_0635.1-a2d71f2906-nuoj6igd,nonfinite,,,0,0,,
,runs\cure069q\master_work\worker_21\3e74c9708bcd64a3__MAS_RST.APRQ_10_0635.8-3828d321a4-6vrabh0s,nonfinite,,,0,0,,
,runs\cure069q\master_work\worker_21\741194514cab37bf__MAS_RST.APRQ_11_0630.4-b2a75885bc-xpi12gge,nonfinite,,,0,0,,
,runs\cure069q\master_work\worker_21\7c62b3d3ca5e7df3__MAS_RST.APRQ_11_0635.1-1aeb442978-fckf9qx0,nonfinite,,,0,0,,
,runs\cure069q\master_work\worker_21\d5cd58ccd9778628__MAS_RST.APRQ_11_0630.4-17963f681e-vww63e4o,nonfinite,,,0,0,,
,runs\cure069q\master_work\worker_22\05577c099583f01f__MAS_RST.APRQ_11_0637.5-592cc8adec-2c_0n2bk,nonfinite,,,0,0,,
,runs\cure069q\master_work\worker_22\267a9f22bc16de88__MAS_RST.APRQ_11_0637.5-d6b0e1ac0f-_5y_xjl7,nonfinite,,,0,0,,
,runs\cure069q\master_work\worker_22\35db523e4f38da59__MAS_RST.APRQ_11_0630.4-54c3dbe8ae-n3rvfzub,nonfinite,,,0,0,,
,runs\cure069q\master_work\worker_22\4a3e48e6491aa810__MAS_RST.APRQ_11_0635.1-658c29bbdc-oq1d8dih,nonfinite,,,0,0,,
,runs\cure1b2m\master_work\worker_07\89f6c72c53e70a79__MAS_RST.APRQ_11_0705.0-47fa96c78c-x8upm7yw,nonfinite,,,0,0,,
,runs\cure1b2m\master_work\worker_09\529db180cc514183__MAS_RST.APRQ_11_0705.0-c3262f8fdf-dr355k2o,nonfinite,,,0,0,,
,runs\cure1b2m\master_work\worker_14\772e8ea66c4fc4c1__MAS_RST.APRQ_11_0705.0-9a556f648d-ekf4qzn9,nonfinite,,,0,0,,
,runs\cure1b2p\master_work\worker_04\70e190ecc589ccd7__MAS_RST.APRQ_11_0767.1-8bc672ed7c-_osgp5_j,nonfinite,,,0,0,,
,runs\cure1b2p\master_work\worker_06\7388c2f750307bad__MAS_RST.APRQ_11_0705.0-99bc498e6f-6j_maqix,nonfinite,,,0,0,,
,runs\cure1b2p\master_work\worker_11\faebfc6f2980b905__MAS_RST.APRQ_11_0705.0-7278d45056-119g_w7v,nonfinite,,,0,0,,
,runs\cure1b2p\master_work\worker_12\30b5cf0d6437b579__MAS_RST.APRQ_11_0705.0-c72e58f921-whjmhnq7,nonfinite,,,0,0,,
,runs\cure1b2p\master_work\worker_13\ffa3a66c79513086__MAS_RST.APRQ_11_0767.1-62234064c8-4x5tkxj0,nonfinite,,,0,0,,
,runs\cure1b2p\master_work\worker_15\66d05882fdc6d51e__MAS_RST.APRQ_11_0705.0-fe9edb4663-ecdbsycw,nonfinite,,,0,0,,
,runs\curec3cp\master_work\worker_01\21f382a58d427baf__MAS_RST.APRQ_12_0777.1-00d2e71d19-x6wqn4o1,nonfinite,,,0,0,,
,runs\curec3cp\master_work\worker_12\0fb165f851730f9b__MAS_RST.APRQ_12_0777.1-a7997b306d-gfyc1fz_,nonfinite,,,0,0,,
,runs\curec3cp\master_work\worker_13\b74f3b0ac405adc1__MAS_RST.APRQ_12_0777.1-d6fe8b6338-_vu_9v2j,nonfinite,,,0,0,,
,runs\curefd2p\master_work\worker_03\bd51161cf71c5b1f__MAS_RST.APRQ_11_0677.2-f974292030-3cka6jym,nonfinite,,,0,0,,
,runs\curefd2p\master_work\worker_08\978c609682b7418b__MAS_RST.APRQ_11_0658.9-1df8911123-hldoxv6n,nonfinite,,,0,0,,
,runs\curefd2p\master_work\worker_10\20600611c42f6e89__MAS_RST.APRQ_11_0662.3-1204f93c3f-z1knqk4d,nonfinite,,,0,0,,
,runs\curefd2p\master_work\worker_11\5f8067a9fa19e320__MAS_RST.APRQ_11_0677.2-80712ea26a-xo_sunmm,nonfinite,,,0,0,,
,runs\curefd2p\master_work\worker_13\3a23330525b087b4__MAS_RST.APRQ_11_0665.0-3bd9322ad7-2amnnava,nonfinite,,,0,0,,
,runs\curefd2q\master_work\worker_00\580d24c0bfe226e5__MAS_RST.APRQ_11_0677.2-0a6a29c85d-p528sphi,nonfinite,,,0,0,,
,runs\curefd2q\master_work\worker_00\bb0e85083048d48c__MAS_RST.APRQ_11_0658.9-6d8ad67d5b-obdw57az,nonfinite,,,0,0,,
,runs\curefd2q\master_work\worker_00\fd362e6a684c9c6c__MAS_RST.APRQ_11_0677.2-c429298ff8-67cfca9f,nonfinite,,,0,0,,
,runs\curefd2q\master_work\worker_01\1bf865b0859d0e27__MAS_RST.APRQ_11_0665.0-895f94ba77-q81i3joe,nonfinite,,,0,0,,
,runs\curefd2q\master_work\worker_01\b4a27c227ef27182__MAS_RST.APRQ_11_0658.9-dbf6f3ec9b-c3jgy7lq,nonfinite,,,0,0,,
,runs\curefd2q\master_work\worker_02\4d3180c3d6b91b06__MAS_RST.APRQ_11_0677.2-53e81e8f33-uygk73nl,nonfinite,,,0,0,,
,runs\curefd2q\master_work\worker_02\6c036c75facedb2a__MAS_RST.APRQ_11_0665.0-a4a0cc80a4-fn5lkcs1,nonfinite,,,0,0,,
,runs\curefd2q\master_work\worker_02\b6f4a9b5f243b158__MAS_RST.APRQ_11_0677.2-66958c52a1-p4_hl8fn,nonfinite,,,0,0,,
,runs\curefd2q\master_work\worker_03\0de89f43fe4e44b4__MAS_RST.APRQ_11_0677.2-b5f5790cee-59iuvd0b,nonfinite,,,0,0,,
,runs\curefd2q\master_work\worker_04\29733185246c0685__MAS_RST.APRQ_11_0677.2-4136988f45-5r2iqwwf,nonfinite,,,0,0,,
,runs\curefd2q\master_work\worker_04\34dbd7dadbb040f3__MAS_RST.APRQ_11_0658.9-1d12276dd4-fw4p_6zn,nonfinite,,,0,0,,
,runs\curefd2q\master_work\worker_04\3d340b4539ef616e__MAS_RST.APRQ_11_0662.3-3d43cd5452-hg7_4x9y,nonfinite,,,0,0,,
,runs\curefd2q\master_work\worker_04\96f0d6751ac5b8c7__MAS_RST.APRQ_11_0677.2-a37ca2bfb9-mzk0w64i,nonfinite,,,0,0,,
,runs\curefd2q\master_work\worker_04\f14960b1928628a1__MAS_RST.APRQ_11_0662.3-4625c959ac-um8ri8kj,nonfinite,,,0,0,,
,runs\curefd2q\master_work\worker_05\4bdaca7f4025e190__MAS_RST.APRQ_11_0662.3-dc22f2332f-vy2j97nm,nonfinite,,,0,0,,
,runs\curefd2q\master_work\worker_05\56e23cc161ac76a7__MAS_RST.APRQ_11_0665.0-92eb0b9257-9i4r92i2,nonfinite,,,0,0,,
,runs\curefd2q\master_work\worker_05\57c88553fd706696__MAS_RST.APRQ_11_0662.3-46cfd930c4-chvsu0sr,nonfinite,,,0,0,,
,runs\curefd2q\master_work\worker_05\5f0ea778c4a566f0__MAS_RST.APRQ_11_0677.2-8c0b672528-7rv62qku,nonfinite,,,0,0,,
,runs\curefd2q\master_work\worker_05\81db59a5efc46224__MAS_RST.APRQ_11_0665.0-8536e8822d-pcde3tdd,nonfinite,,,0,0,,
,runs\curefd2q\master_work\worker_06\951dc35786e6f2bf__MAS_RST.APRQ_11_0677.2-236bbef14b-rnb013z0,nonfinite,,,0,0,,
,runs\curefd2q\master_work\worker_06\d947fe37f7ef6479__MAS_RST.APRQ_11_0658.9-a7f3c9e4c7-09vkz2zi,nonfinite,,,0,0,,
,runs\curefd2q\master_work\worker_07\12b5033f7abddd53__MAS_RST.APRQ_11_0658.9-913dc921d9-y07ielpa,nonfinite,,,0,0,,
,runs\curefd2q\master_work\worker_08\1ccf0f4c6d26ff72__MAS_RST.APRQ_11_0677.2-0889a75c1f-u45j6xy2,nonfinite,,,0,0,,
,runs\curefd2q\master_work\worker_08\fcb973c6d9eaca70__MAS_RST.APRQ_11_0658.9-a200acc1ae-wajti_me,nonfinite,,,0,0,,
,runs\curefd2q\master_work\worker_09\36a5ad77ea140c97__MAS_RST.APRQ_11_0665.0-15535b7191-0eydl9ee,nonfinite,,,0,0,,
,runs\curefd2q\master_work\worker_09\3e35c1342528bac3__MAS_RST.APRQ_11_0665.0-4032022081-73hvq9uk,nonfinite,,,0,0,,
,runs\curefd2q\master_work\worker_09\ebfe942ccb564460__MAS_RST.APRQ_11_0677.2-9c9cdf66a2-rnoc71xp,nonfinite,,,0,0,,
,runs\curefd2q\master_work\worker_10\7e372314942ef0e5__MAS_RST.APRQ_11_0677.2-4c106dadee-jp48j606,nonfinite,,,0,0,,
,runs\curefd2q\master_work\worker_11\8acec84bac62af55__MAS_RST.APRQ_11_0662.3-e9f19ea476-ftda0w_q,nonfinite,,,0,0,,
,runs\curefd2q\master_work\worker_11\93cbf5da1cb0e797__MAS_RST.APRQ_11_0658.9-ba4b53e32a-qfvlciuv,nonfinite,,,0,0,,
,runs\curefd2q\master_work\worker_11\d05e5853032f675e__MAS_RST.APRQ_11_0662.3-8290ca9f84-s9h86vhz,nonfinite,,,0,0,,
,runs\curefd2q\master_work\worker_12\425545c005652de0__MAS_RST.APRQ_11_0665.0-2443167b86-osvwone7,nonfinite,,,0,0,,
,runs\curefd2q\master_work\worker_12\637adbfa10108440__MAS_RST.APRQ_11_0677.2-5f32582385-1_nukg40,nonfinite,,,0,0,,
,runs\curefd2q\master_work\worker_12\ca6ceadeefae4f75__MAS_RST.APRQ_11_0662.3-eac8cec74c-27hh__x0,nonfinite,,,0,0,,
,runs\curefd2q\master_work\worker_13\c4387a9efb278754__MAS_RST.APRQ_11_0677.2-249c352808-g6wvmmgy,nonfinite,,,0,0,,
,runs\curefd2q\master_work\worker_14\29553fae8597c134__MAS_RST.APRQ_11_0665.0-a998d5a77c-24rbfx1x,nonfinite,,,0,0,,
,runs\curefd2q\master_work\worker_15\e834ffcaf6bf1191__MAS_RST.APRQ_11_0658.9-fc72afac40-j8_i12ai,nonfinite,,,0,0,,
,runs\curefd2q\master_work\worker_15\ef24d769b36b5901__MAS_RST.APRQ_11_0658.9-52ad334e5f-rvkenjfo,nonfinite,,,0,0,,
,runs\curefd2q\master_work\worker_16\3bdfd068d688215a__MAS_RST.APRQ_11_0662.3-c70a16551a-pshdprdb,nonfinite,,,0,0,,
,runs\curefd2q\master_work\worker_16\b3b4919f43603fcd__MAS_RST.APRQ_11_0658.9-839125140b-y947rs4e,nonfinite,,,0,0,,
,runs\curefd2q\master_work\worker_17\8365a2a51cf5e192__MAS_RST.APRQ_11_0658.9-84b932b764-orlethfb,nonfinite,,,0,0,,
,runs\curefd2q\master_work\worker_18\b94066b0a0bfebfe__MAS_RST.APRQ_11_0658.9-2a37490327-e5sdi6j0,nonfinite,,,0,0,,
,runs\curefd2q\master_work\worker_18\c08b09a5f174244e__MAS_RST.APRQ_11_0658.9-3e340bbf50-ppqy76l2,nonfinite,,,0,0,,
,runs\curefd2q\master_work\worker_18\c240ad4370b0fadd__MAS_RST.APRQ_11_0658.9-63f76ddf96-kkd558j8,nonfinite,,,0,0,,
,runs\curefd2q\master_work\worker_18\f6b17762b2c14f2f__MAS_RST.APRQ_11_0658.9-1fc034b6b3-g_fljlkv,nonfinite,,,0,0,,
,runs\curefd2q\master_work\worker_19\1724b76d6cfc9a54__MAS_RST.APRQ_11_0662.3-e0eb217f58-up1134xg,nonfinite,,,0,0,,
,runs\curefd2q\master_work\worker_19\21447bb74ba8d449__MAS_RST.APRQ_11_0677.2-df1e75127b-jfyy8rti,nonfinite,,,0,0,,
,runs\curefd2q\master_work\worker_19\ba5bd1cfc03f77c5__MAS_RST.APRQ_11_0658.9-3aceae52a9-vjh5ut7b,nonfinite,,,0,0,,
,runs\curefd2q\master_work\worker_20\505a7b658ecf5e76__MAS_RST.APRQ_11_0665.0-a3ee5662b1-kb7dwm63,nonfinite,,,0,0,,
,runs\curefd2q\master_work\worker_21\87d2704513b00ee6__MAS_RST.APRQ_11_0665.0-0e5c1fee98-iq20tkoc,nonfinite,,,0,0,,
,runs\curefd2q\master_work\worker_21\ae6bcb71a7d8e605__MAS_RST.APRQ_11_0658.9-279cb149a7-5o34fsld,nonfinite,,,0,0,,
,runs\curefd2q\master_work\worker_21\ee5c631be2c6af7b__MAS_RST.APRQ_11_0665.0-07a1a211a4-syb_vkmb,nonfinite,,,0,0,,
,runs\curefd2q\master_work\worker_22\139280f5484cc8ac__MAS_RST.APRQ_11_0662.3-76e8f273a4-z4auz80j,nonfinite,,,0,0,,
,runs\curefd2q\master_work\worker_22\99655f938b345a2b__MAS_RST.APRQ_11_0662.3-c4dc4fffa1-q7_2d2fs,nonfinite,,,0,0,,
,runs\curefd2q\master_work\worker_22\b303062828b9965c__MAS_RST.APRQ_11_0662.3-2e11ab0201-d51zjp5n,nonfinite,,,0,0,,
,runs\curefd2q\master_work\worker_22\ce6bf9028b402d6c__MAS_RST.APRQ_11_0665.0-245420fa05-ft348h6s,nonfinite,,,0,0,,
e61c28ab72792476,runs\flat_power_104\alsearch_G3_G4_f113_frB\master\master_work\worker_00\e61c28ab72792476__MAS_RST.APRQ_11_0692.6-cbc6d8686f-zrjc9f1p,final,2.0455,1.793,27,1,,659.414
46aee63362de907a,runs\flat_power_104\alsearch_G3_G4_f113_frB\master\master_work\worker_01\46aee63362de907a__MAS_RST.APRQ_11_0692.6-414eeac636-gq_01ruv,final,1.8573,1.6561,27,1,,658.572
995e995bdb3cd972,runs\flat_power_104\alsearch_G3_G4_f113_frB\master\master_work\worker_02\995e995bdb3cd972__MAS_RST.APRQ_11_0692.6-51d2128496-ltegx6t7,final,1.9576,1.7194,28,1,,661.082
6fc79950f0fb82b0,runs\flat_power_104\alsearch_G3_G4_f113_frB\master\master_work\worker_03\6fc79950f0fb82b0__MAS_RST.APRQ_11_0692.6-5db1a7bb7f-_3uiny86,final,1.8592,1.6561,27,1,,657.695
22a40e4adbb707c4,runs\flat_power_104\alsearch_G3_G4_f117_frB\master\master_work\worker_00\22a40e4adbb707c4__MAS_RST.APRQ_11_0692.6-cc1126e516-3_lt_0ol,final,1.7204,1.5525,28,1,,682.792
588af163be5d7295,runs\flat_power_104\alsearch_G3_G4_f117_frB\master\master_work\worker_00\588af163be5d7295__MAS_RST.APRQ_11_0692.6-727ab9e8ac-dx1iru73,final,1.7243,1.5336,28,1,,680.826
9b1857bede53ff26,runs\flat_power_104\alsearch_G3_G4_f117_frB\master\master_work\worker_01\9b1857bede53ff26__MAS_RST.APRQ_11_0692.6-e8ffc64c14-gvd6ae3t,final,1.7094,1.5412,28,1,,684.562
d000d0fe218788c7,runs\flat_power_104\alsearch_G3_G4_f117_frB\master\master_work\worker_01\d000d0fe218788c7__MAS_RST.APRQ_11_0692.6-e08ed58468-wwto7kj0,final,1.7264,1.5565,28,1,,682.359
a7c817c7eb8f9d8f,runs\flat_power_104\alsearch_G3_G4_f117_frB\master\master_work\worker_02\a7c817c7eb8f9d8f__MAS_RST.APRQ_11_0692.6-8f33b5361d-ocqzv5tk,final,1.691,1.513,28,1,,683.971
4294afbbeb9764bc,runs\flat_power_104\alsearch_G3_G4_f117_frB\master\master_work\worker_03\4294afbbeb9764bc__MAS_RST.APRQ_11_0692.6-4c6d34f244-zfw9gl6y,final,1.7497,1.507,28,1,,682.72
ae64cecd5db8717f,runs\flat_power_104\alsearch_G3_G4_f117_frB\master\master_work\worker_04\ae64cecd5db8717f__MAS_RST.APRQ_11_0692.6-752c691ac6-69f3kj4s,final,1.8358,1.5903,28,1,,683.519
b27a976aa847e155,runs\flat_power_104\alsearch_G3_G4_f117_frB\master\master_work\worker_05\b27a976aa847e155__MAS_RST.APRQ_11_0692.6-385adf3fa0-_7aalt_2,final,1.7076,1.4996,28,1,,670.309
854864f192ca8996,runs\flat_power_104\alsearch_G3_G4_f117_frB\master\master_work\worker_06\854864f192ca8996__MAS_RST.APRQ_11_0692.6-ce9f8c9cad-l2hzg80h,final,1.7207,1.5267,28,1,,674.575
260e0da89b5d32e2,runs\flat_power_104\alsearch_G3_G4_f117_frB\master\master_work\worker_07\260e0da89b5d32e2__MAS_RST.APRQ_11_0692.6-1abbfabc8a-yx67sodf,final,3.1278,2.7212,28,0,above_ceiling,662.979
4284097f775a8a4b,runs\flat_power_104\alsearch_G3_G4_f121_frB\master\master_work\worker_00\4284097f775a8a4b__MAS_RST.APRQ_11_0692.6-cc43fa69dc-ndqoo370,final,1.7111,1.5425,29,1,,692.991
c8ea0a25fbff8a58,runs\flat_power_104\alsearch_G3_G4_f121_frB\master\master_work\worker_00\c8ea0a25fbff8a58__MAS_RST.APRQ_11_0692.6-7defff4104-ks3nssz3,final,1.7849,1.5875,29,1,,691.529
412edc1bc86920a5,runs\flat_power_104\alsearch_G3_G4_f121_frB\master\master_work\worker_01\412edc1bc86920a5__MAS_RST.APRQ_11_0692.6-a361258db2-ljcw651n,final,1.8824,1.6972,29,1,,691.4
79a6a5734e218bd8,runs\flat_power_104\alsearch_G3_G4_f121_frB\master\master_work\worker_01\79a6a5734e218bd8__MAS_RST.APRQ_11_0692.6-050bfd019f-dg0egl9w,final,1.8909,1.6814,29,1,,690.974
9d6c6567d8986291,runs\flat_power_104\alsearch_G3_G4_f121_frB\master\master_work\worker_02\9d6c6567d8986291__MAS_RST.APRQ_11_0692.6-afb093ed92-yov161lj,final,1.9209,1.7269,28,1,,689.358
ce27940eb36ba655,runs\flat_power_104\alsearch_G3_G4_f121_frB\master\master_work\worker_02\ce27940eb36ba655__MAS_RST.APRQ_11_0692.6-37a603b053-ifn8be6i,final,1.6347,1.4601,29,1,,693.657
ab01fdc42b5d4484,runs\flat_power_104\alsearch_G3_G4_f121_frB\master\master_work\worker_03\ab01fdc42b5d4484__MAS_RST.APRQ_11_0692.6-76f3259ccd-9h5nbz4b,final,1.7032,1.515,29,1,,696.896
fec18e1e5bb5262c,runs\flat_power_104\alsearch_G3_G4_f121_frB\master\master_work\worker_03\fec18e1e5bb5262c__MAS_RST.APRQ_11_0692.6-9d3fc117a5-37wjq0hh,final,1.912,1.7002,28,1,,688.652
63c38cf05f93f91c,runs\flat_power_104\alsearch_G3_G4_f121_frB\master\master_work\worker_04\63c38cf05f93f91c__MAS_RST.APRQ_11_0692.6-08f9dc1479-3y9xqjr2,final,1.8725,1.6643,28,1,,689.671
6a3c972672f4fa94,runs\flat_power_104\alsearch_G3_G4_f121_frB\master\master_work\worker_04\6a3c972672f4fa94__MAS_RST.APRQ_11_0692.6-e64aca18d1-l9632cal,final,1.6454,1.4703,29,1,,693.883
4a0acb6dcbb9bfab,runs\flat_power_104\alsearch_G3_G4_f121_frB\master\master_work\worker_05\4a0acb6dcbb9bfab__MAS_RST.APRQ_11_0692.6-8a1fa0f9c7-0hdrdtzb,final,2.1053,1.8701,29,1,,690.219
4f7d320d5ebba83e,runs\flat_power_104\alsearch_G3_G4_f121_frB\master\master_work\worker_05\4f7d320d5ebba83e__MAS_RST.APRQ_11_0692.6-5fa33cf934-i6xepuk_,final,1.7214,1.502,29,1,,694.013
aef9a83459c043f3,runs\flat_power_104\alsearch_G3_G4_f121_frB\master\master_work\worker_06\aef9a83459c043f3__MAS_RST.APRQ_11_0692.6-a2707f4242-fpfp8roi,final,1.8133,1.5909,29,1,,697.493
b2c3dff67280a92c,runs\flat_power_104\alsearch_G3_G4_f121_frB\master\master_work\worker_06\b2c3dff67280a92c__MAS_RST.APRQ_11_0692.6-fa0f4f49db-8tyxg0jl,final,1.773,1.6058,29,1,,692.968
07698891088bfc73,runs\flat_power_104\alsearch_G3_G4_f121_frB\master\master_work\worker_07\07698891088bfc73__MAS_RST.APRQ_11_0692.6-90b292b709-vxkdu73j,final,1.7178,1.5287,29,1,,694.88
3b4de9b34ada63f2,runs\flat_power_104\alsearch_G3_G4_f121_frB\master\master_work\worker_07\3b4de9b34ada63f2__MAS_RST.APRQ_11_0692.6-945e977cc9-cnsxdgq2,final,1.6495,1.4796,29,1,,695.653
227a73b5054ce488,runs\flat_power_104\alsearch_G3_G4_f125_frB\master\master_work\worker_00\227a73b5054ce488__MAS_RST.APRQ_11_0692.6-1d0508aa71-uo9mm_70,final,1.6203,1.4467,29,1,,698.853
285acf830423b7ea,runs\flat_power_104\alsearch_G3_G4_f125_frB\master\master_work\worker_00\285acf830423b7ea__MAS_RST.APRQ_11_0692.6-f77b7093f5-7h678j4z,final,1.6339,1.4813,29,1,,699.724
98e7840af69af202,runs\flat_power_104\alsearch_G3_G4_f125_frB\master\master_work\worker_01\98e7840af69af202__MAS_RST.APRQ_11_0692.6-901513f3f6-333gbhlv,final,1.6607,1.4846,29,1,,699.293
dbf75d4dcb03a944,runs\flat_power_104\alsearch_G3_G4_f125_frB\master\master_work\worker_01\dbf75d4dcb03a944__MAS_RST.APRQ_11_0692.6-5234bf3519-5ti_9t6a,final,1.6378,1.4811,29,1,,694.621
e58294708ba7763b,runs\flat_power_104\alsearch_G3_G4_f125_frB\master\master_work\worker_02\e58294708ba7763b__MAS_RST.APRQ_11_0692.6-2d27e7d102-tzudt9if,final,1.6564,1.4775,29,1,,698.935
65b7317dfc306c98,runs\flat_power_104\alsearch_G3_G4_f125_frB\master\master_work\worker_03\65b7317dfc306c98__MAS_RST.APRQ_11_0692.6-fa4e5c94c6-0kkmbscl,final,1.6379,1.4823,29,1,,699.46
bc976afe91d5142f,runs\flat_power_104\alsearch_G3_G4_f125_frB\master\master_work\worker_04\bc976afe91d5142f__MAS_RST.APRQ_11_0692.6-b9139306cd-muvm3fsa,final,1.6531,1.4742,29,1,,699.131
cd9e1f15123c848e,runs\flat_power_104\alsearch_G3_G4_f125_frB\master\master_work\worker_05\cd9e1f15123c848e__MAS_RST.APRQ_11_0692.6-1be9f49069-9dz31v7d,final,1.7022,1.4969,29,1,,704.478
7ba1289c0ca40aae,runs\flat_power_104\alsearch_G3_G4_f125_frB\master\master_work\worker_06\7ba1289c0ca40aae__MAS_RST.APRQ_11_0692.6-f1616828dd-z7pcehxw,final,1.7379,1.5703,29,1,,704.436
60aaab43c691190d,runs\flat_power_104\alsearch_G3_G4_f125_frB\master\master_work\worker_07\60aaab43c691190d__MAS_RST.APRQ_11_0692.6-e5c9bc1b3b-vbj6zdx6,final,1.8264,1.6234,29,1,,700.885
,runs\fpcamp_minfr_T6T4\master\master_work\worker_00\1ae6cc5041c56d93__MAS_RST.APRQ_10_0615.1-8dfdaf8d04-zuo_jip8,no_mas_sum,,,0,0,,
1ae6cc5041c56d93,runs\fpcamp_minfr_T6T4\master\master_work\worker_00\1ae6cc5041c56d93__MAS_RST.APRQ_10_0615.1-aab3483fe8-9cg19m9d,superseded,,,0,0,,
,runs\fpcamp_minfr_T6T4\master\master_work\worker_00\1f245817651e54d7__MAS_RST.APRQ_10_0615.1-68126c32dc-7ql10iuz,nonfinite,,,0,0,,
312105018f879683,runs\fpcamp_minfr_T6T4\master\master_work\worker_00\312105018f879683__MAS_RST.APRQ_10_0615.1-ad80812a31-gqykksgp,final,1.6867,1.5305,25,1,,613.894
34687323499ee3c2,runs\fpcamp_minfr_T6T4\master\master_work\worker_00\34687323499ee3c2__MAS_RST.APRQ_10_0615.1-1251aad2ec-619dasxp,final,1.7141,1.5545,25,1,,617.022
625420973ced8ba0,runs\fpcamp_minfr_T6T4\master\master_work\worker_00\625420973ced8ba0__MAS_RST.APRQ_10_0615.1-a91ed2626c-3ycimi52,final,1.6858,1.5303,25,1,,613.856
6498ae7d13ba2f0f,runs\fpcamp_minfr_T6T4\master\master_work\worker_00\6498ae7d13ba2f0f__MAS_RST.APRQ_10_0615.1-bf7a1ce719-_8wt9opr,final,1.6873,1.5312,25,1,,613.899
7ee8d10c9c8b40ec,runs\fpcamp_minfr_T6T4\master\master_work\worker_00\7ee8d10c9c8b40ec__MAS_RST.APRQ_10_0615.1-abe677d777-cmekba90,final,1.6909,1.5348,25,1,,614.508
06b30df2cf7f02c6,runs\fpcamp_minfr_T6T4\master\master_work\worker_01\06b30df2cf7f02c6__MAS_RST.APRQ_10_0615.1-3aa3aa2f34-31ebqx64,final,1.6888,1.533,25,1,,613.793
1ef5a58d44cad529,runs\fpcamp_minfr_T6T4\master\master_work\worker_01\1ef5a58d44cad529__MAS_RST.APRQ_10_0615.1-ad2097d0cc-x7907dil,final,1.688,1.532,25,1,,613.831
,runs\fpcamp_minfr_T6T4\master\master_work\worker_01\6d29798ae2997fc5__MAS_RST.APRQ_10_0615.1-047e0f863f-vkbl3naq,nonfinite,,,0,0,,
,runs\fpcamp_minfr_T6T4\master\master_work\worker_01\df4db56f3aebf1f8__MAS_RST.APRQ_10_0615.1-e753806f44-yadwhak_,no_mas_sum,,,0,0,,
df4db56f3aebf1f8,runs\fpcamp_minfr_T6T4\master\master_work\worker_01\df4db56f3aebf1f8__MAS_RST.APRQ_10_0615.1-fbec5a7ef1-ul051f0y,superseded,,,0,0,,
e4fc00e3f3c4ca95,runs\fpcamp_minfr_T6T4\master\master_work\worker_01\e4fc00e3f3c4ca95__MAS_RST.APRQ_10_0615.1-7341620469-zyp7g26g,final,1.6852,1.5318,25,1,,617.803
ead3182f16a1b6df,runs\fpcamp_minfr_T6T4\master\master_work\worker_01\ead3182f16a1b6df__MAS_RST.APRQ_10_0615.1-6de722a4df-f4r3ho2a,final,1.7162,1.5556,25,1,,616.996
f85ae338dfef464c,runs\fpcamp_minfr_T6T4\master\master_work\worker_01\f85ae338dfef464c__MAS_RST.APRQ_10_0615.1-d8121a2a7e-psxqy4aw,final,1.7012,1.544,25,1,,614.901
36a0a228f1e6787d,runs\fpcamp_minfr_T6T4\master\master_work\worker_02\36a0a228f1e6787d__MAS_RST.APRQ_10_0615.1-98eda52980-1rj5pv4s,final,1.6949,1.522,25,1,,617.072
44d723340aa5e764,runs\fpcamp_minfr_T6T4\master\master_work\worker_02\44d723340aa5e764__MAS_RST.APRQ_10_0615.1-4ad8679d33-jb1lemnc,final,1.7038,1.549,25,1,,615.792
,runs\fpcamp_minfr_T6T4\master\master_work\worker_02\73da8ceea738470d__MAS_RST.APRQ_10_0615.1-40d314dad0-h_hwlb5c,no_mas_sum,,,0,0,,
73da8ceea738470d,runs\fpcamp_minfr_T6T4\master\master_work\worker_02\73da8ceea738470d__MAS_RST.APRQ_10_0615.1-7c10b9a140-y3770mc8,superseded,,,0,0,,
,runs\fpcamp_minfr_T6T4\master\master_work\worker_02\81fb21fb4de85f3a__MAS_RST.APRQ_10_0615.1-5eb29ab598-wvd2zp7e,nonfinite,,,0,0,,
81fb21fb4de85f3a,runs\fpcamp_minfr_T6T4\master\master_work\worker_02\81fb21fb4de85f3a__MAS_RST.APRQ_10_0615.1-db42226e69-44xp_jyh,superseded,,,0,0,,
ad5c7de8614d4694,runs\fpcamp_minfr_T6T4\master\master_work\worker_02\ad5c7de8614d4694__MAS_RST.APRQ_10_0615.1-f281087111-sg1fk_gr,final,1.6857,1.5287,25,1,,613.903
c544477c7d30bca9,runs\fpcamp_minfr_T6T4\master\master_work\worker_02\c544477c7d30bca9__MAS_RST.APRQ_10_0615.1-9525930ded-cfqzteqw,final,1.7168,1.5556,25,1,,616.95
fe22bc3e4adaefae,runs\fpcamp_minfr_T6T4\master\master_work\worker_02\fe22bc3e4adaefae__MAS_RST.APRQ_10_0615.1-9b911b8ab6-ko2dou17,final,1.6878,1.5313,25,1,,613.496
7d914ecde7e293b8,runs\fpcamp_minfr_T6T4\master\master_work\worker_03\7d914ecde7e293b8__MAS_RST.APRQ_10_0615.1-13d536e08f-0d3y_op9,superseded,,,0,0,,
,runs\fpcamp_minfr_T6T4\master\master_work\worker_03\7d914ecde7e293b8__MAS_RST.APRQ_10_0615.1-58cb3a86c5-hev6o8oe,no_mas_sum,,,0,0,,
abe2ada043cca3ac,runs\fpcamp_minfr_T6T4\master\master_work\worker_03\abe2ada043cca3ac__MAS_RST.APRQ_10_0615.1-2fa0176754-323rl_ew,superseded,,,0,0,,
,runs\fpcamp_minfr_T6T4\master\master_work\worker_03\abe2ada043cca3ac__MAS_RST.APRQ_10_0615.1-efec8e4af3-9yvxh8cv,nonfinite,,,0,0,,
bd22ec9884591a7b,runs\fpcamp_minfr_T6T4\master\master_work\worker_03\bd22ec9884591a7b__MAS_RST.APRQ_10_0615.1-12ec114447-d3tmb66o,final,1.6932,1.5151,25,1,,614.922
f4f353308aa623c1,runs\fpcamp_minfr_T6T4\master\master_work\worker_03\f4f353308aa623c1__MAS_RST.APRQ_10_0615.1-7119f5c648-ufv41eug,final,1.7824,1.563,25,1,,617.873
f72c1025edf4041d,runs\fpcamp_minfr_T6T4\master\master_work\worker_03\f72c1025edf4041d__MAS_RST.APRQ_10_0615.1-487e95f606-gnviugk5,final,1.6524,1.5018,25,1,,614.785
f99af3be21737c41,runs\fpcamp_minfr_T6T4\master\master_work\worker_03\f99af3be21737c41__MAS_RST.APRQ_10_0615.1-abb010893f-57961t80,final,1.7556,1.5483,25,1,,617.792
f9be0a00a2e90fe6,runs\fpcamp_minfr_T6T4\master\master_work\worker_03\f9be0a00a2e90fe6__MAS_RST.APRQ_10_0615.1-65f13ff2ac-lc0wicfk,final,1.6957,1.5385,25,1,,614.462
,runs\fpcamp_minfr_T6T4\master\master_work\worker_04\0cdf9b483384dd92__MAS_RST.APRQ_10_0615.1-3f0f345698-pktj5lzr,no_mas_sum,,,0,0,,
0cdf9b483384dd92,runs\fpcamp_minfr_T6T4\master\master_work\worker_04\0cdf9b483384dd92__MAS_RST.APRQ_10_0615.1-a5aa4a7ec6-cev8l9az,superseded,,,0,0,,
1c6707702dc454eb,runs\fpcamp_minfr_T6T4\master\master_work\worker_04\1c6707702dc454eb__MAS_RST.APRQ_10_0615.1-e98130cbd0-1ycfs0x6,final,1.6773,1.5233,25,1,,616.508
4f3ec3265107833d,runs\fpcamp_minfr_T6T4\master\master_work\worker_04\4f3ec3265107833d__MAS_RST.APRQ_10_0615.1-df3a632cf9-0incp0ap,final,1.743,1.5305,25,1,,614.675
51da8203964a0626,runs\fpcamp_minfr_T6T4\master\master_work\worker_04\51da8203964a0626__MAS_RST.APRQ_10_0615.1-283d5539b7-v91pr966,final,1.6939,1.5383,25,1,,614.285
8151a9d01fb12901,runs\fpcamp_minfr_T6T4\master\master_work\worker_04\8151a9d01fb12901__MAS_RST.APRQ_10_0615.1-131571e6a5-cs_3lnlx,final,1.6913,1.5354,25,1,,616.639
,runs\fpcamp_minfr_T6T4\master\master_work\worker_04\cf0a7a0bdb938705__MAS_RST.APRQ_10_0615.1-04c4eec639-mp6gn003,nonfinite,,,0,0,,
cf0a7a0bdb938705,runs\fpcamp_minfr_T6T4\master\master_work\worker_04\cf0a7a0bdb938705__MAS_RST.APRQ_10_0615.1-393e8a1737-z29yntnj,superseded,,,0,0,,
fac7971168f79426,runs\fpcamp_minfr_T6T4\master\master_work\worker_04\fac7971168f79426__MAS_RST.APRQ_10_0615.1-0dfd3fee43-9ph3v5so,final,1.6936,1.5368,25,1,,614.513
1aa5c389ed188a76,runs\fpcamp_minfr_T6T4\master\master_work\worker_05\1aa5c389ed188a76__MAS_RST.APRQ_10_0615.1-72325c3751-jo_6_lu5,final,1.682,1.5264,25,1,,613.882
3ca7002fffd575fa,runs\fpcamp_minfr_T6T4\master\master_work\worker_05\3ca7002fffd575fa__MAS_RST.APRQ_10_0615.1-0c0779f84d-dmamfju1,superseded,,,0,0,,
,runs\fpcamp_minfr_T6T4\master\master_work\worker_05\3ca7002fffd575fa__MAS_RST.APRQ_10_0615.1-d476729b13-3w_kvw_n,no_mas_sum,,,0,0,,
3f96773bbd39a9a6,runs\fpcamp_minfr_T6T4\master\master_work\worker_05\3f96773bbd39a9a6__MAS_RST.APRQ_10_0615.1-8d7bb42ba4-zvf1hpal,final,1.6522,1.5101,25,1,,618.187
529d2cd257c892e7,runs\fpcamp_minfr_T6T4\master\master_work\worker_05\529d2cd257c892e7__MAS_RST.APRQ_10_0615.1-ac481d65be-oyq54rdf,final,1.6795,1.5318,25,1,,619.802
6b1e61fb3df1c916,runs\fpcamp_minfr_T6T4\master\master_work\worker_05\6b1e61fb3df1c916__MAS_RST.APRQ_10_0615.1-e448852dab-uswrn61z,final,1.735,1.5548,25,1,,617.829
8003a0f0dfc467ea,runs\fpcamp_minfr_T6T4\master\master_work\worker_05\8003a0f0dfc467ea__MAS_RST.APRQ_10_0615.1-3bc980c1dc-5t89js1m,final,1.652,1.4672,25,1,,618.231
c824eaa9c56be1d9,runs\fpcamp_minfr_T6T4\master\master_work\worker_05\c824eaa9c56be1d9__MAS_RST.APRQ_10_0615.1-3d5bb3cba2-2aa7p0_4,final,1.6836,1.5283,25,1,,615.617
049671b62285d90a,runs\fpcamp_minfr_T6T4\master\master_work\worker_06\049671b62285d90a__MAS_RST.APRQ_10_0615.1-5e9d950855-5afzdiz8,final,1.6696,1.5176,25,1,,617.538
10bc5426c453e850,runs\fpcamp_minfr_T6T4\master\master_work\worker_06\10bc5426c453e850__MAS_RST.APRQ_10_0615.1-4ccb5df069-c4gijuwm,final,1.7266,1.5469,25,1,,614.712
551af1f2fcf3dd47,runs\fpcamp_minfr_T6T4\master\master_work\worker_06\551af1f2fcf3dd47__MAS_RST.APRQ_10_0615.1-c19693d0c0-9k2de0v8,final,1.6502,1.4945,25,1,,614.348
947db8ca2f94d364,runs\fpcamp_minfr_T6T4\master\master_work\worker_06\947db8ca2f94d364__MAS_RST.APRQ_10_0615.1-a9c90d8d68-1v29wpcl,final,1.7021,1.5075,25,1,,616.833
97ddbfec8dfa6386,runs\fpcamp_minfr_T6T4\master\master_work\worker_06\97ddbfec8dfa6386__MAS_RST.APRQ_10_0615.1-add6ca3b57-0k_4fggg,superseded,,,0,0,,
,runs\fpcamp_minfr_T6T4\master\master_work\worker_06\97ddbfec8dfa6386__MAS_RST.APRQ_10_0615.1-cc25b6d806-urhvpbok,no_mas_sum,,,0,0,,
9ac05d9c09ade80d,runs\fpcamp_minfr_T6T4\master\master_work\worker_06\9ac05d9c09ade80d__MAS_RST.APRQ_10_0615.1-f26937e1fb-t6wyzovz,final,1.6855,1.5224,25,1,,615.724
e785df92a2a219b0,runs\fpcamp_minfr_T6T4\master\master_work\worker_06\e785df92a2a219b0__MAS_RST.APRQ_10_0615.1-0ec57920eb-q82mwksz,final,1.701,1.5028,25,1,,614.687
314a710f9b73a078,runs\fpcamp_minfr_T6T4\master\master_work\worker_07\314a710f9b73a078__MAS_RST.APRQ_10_0615.1-4066b666c4-qb4f5hah,final,4.5175,4.0542,25,0,above_ceiling,622.209
442691acfb1fd14f,runs\fpcamp_minfr_T6T4\master\master_work\worker_07\442691acfb1fd14f__MAS_RST.APRQ_10_0615.1-adb3eb393d-786juqpz,final,1.6993,1.5228,25,1,,617.275
6313730c1041b1f7,runs\fpcamp_minfr_T6T4\master\master_work\worker_07\6313730c1041b1f7__MAS_RST.APRQ_10_0615.1-0438d60202-19uxupy1,final,1.6728,1.5201,25,1,,616.793
970634a9e00f236b,runs\fpcamp_minfr_T6T4\master\master_work\worker_07\970634a9e00f236b__MAS_RST.APRQ_10_0615.1-88ca5c735e-jn8bs93l,final,2.2972,2.0564,25,1,,628.727
b88f6dfcbd036e44,runs\fpcamp_minfr_T6T4\master\master_work\worker_07\b88f6dfcbd036e44__MAS_RST.APRQ_10_0615.1-63ef10e532-_6ivhbme,final,1.6847,1.5347,25,1,,614.548
,runs\fpcamp_minfr_T6T4\master\master_work\worker_07\e63011cb42bbf070__MAS_RST.APRQ_10_0615.1-37c54bb535-i1at202j,nonfinite,,,0,0,,
fd9318b1e038f63d,runs\fpcamp_minfr_T6T4\master\master_work\worker_07\fd9318b1e038f63d__MAS_RST.APRQ_10_0615.1-7f5043ed28-tq_zg6gq,superseded,,,0,0,,
,runs\fpcamp_minfr_T6T4\master\master_work\worker_07\fd9318b1e038f63d__MAS_RST.APRQ_10_0615.1-e2dbe558a0-ljsb2a74,no_mas_sum,,,0,0,,
2ff63e513000929e,runs\fpcamp_minfr_T6T4_r1\master\master_work\worker_00\2ff63e513000929e__MAS_RST.APRQ_10_0615.1-0bbf34b12c-f3iey46_,final,1.8247,1.6253,25,1,,619.098
66cc9742abcc2ace,runs\fpcamp_minfr_T6T4_r1\master\master_work\worker_00\66cc9742abcc2ace__MAS_RST.APRQ_10_0615.1-a6e42afb7a-shwh7gy8,final,1.7679,1.6296,25,1,,620.031
,runs\fpcamp_minfr_T6T4_r1\master\master_work\worker_00\71940b303a3afd0a__MAS_RST.APRQ_10_0615.1-2f0892a3a8-7mi1btc1,nonfinite,,,0,0,,
71940b303a3afd0a,runs\fpcamp_minfr_T6T4_r1\master\master_work\worker_00\71940b303a3afd0a__MAS_RST.APRQ_10_0615.1-bb18c22c18-k81wujjj,superseded,,,0,0,,
7a5a7e73a47ccf47,runs\fpcamp_minfr_T6T4_r1\master\master_work\worker_00\7a5a7e73a47ccf47__MAS_RST.APRQ_10_0615.1-19669fc1ad-g0sn_64z,final,1.782,1.5874,25,1,,618.589
803e291252a4874e,runs\fpcamp_minfr_T6T4_r1\master\master_work\worker_00\803e291252a4874e__MAS_RST.APRQ_10_0615.1-c708b5230a-4y1xcqm2,superseded,,,0,0,,
,runs\fpcamp_minfr_T6T4_r1\master\master_work\worker_00\803e291252a4874e__MAS_RST.APRQ_10_0615.1-e192da9fe7-0qeumdo3,nonfinite,,,0,0,,
8182beda2d711f03,runs\fpcamp_minfr_T6T4_r1\master\master_work\worker_00\8182beda2d711f03__MAS_RST.APRQ_10_0615.1-9fa856fc8e-4bnfcorl,final,1.7877,1.5871,25,1,,620.935
af7f2218067e3daa,runs\fpcamp_minfr_T6T4_r1\master\master_work\worker_00\af7f2218067e3daa__MAS_RST.APRQ_10_0615.1-42b041a929-vtefjrcl,final,1.8032,1.5502,25,1,,617.212
ca97474b3f1c0e52,runs\fpcamp_minfr_T6T4_r1\master\master_work\worker_00\ca97474b3f1c0e52__MAS_RST.APRQ_10_0615.1-7bcb07b7ce-ztp66i5f,final,1.9034,1.6461,25,1,,622.298
df51258527706dde,runs\fpcamp_minfr_T6T4_r1\master\master_work\worker_00\df51258527706dde__MAS_RST.APRQ_10_0615.1-52fd34560f-hm61zh4z,final,1.794,1.5608,25,1,,617.161
f125af85534e621e,runs\fpcamp_minfr_T6T4_r1\master\master_work\worker_00\f125af85534e621e__MAS_RST.APRQ_10_0615.1-aab490eaea-i6b6mdz6,final,1.7645,1.5696,25,1,,622.706
fd86e729491bba16,runs\fpcamp_minfr_T6T4_r1\master\master_work\worker_00\fd86e729491bba16__MAS_RST.APRQ_10_0615.1-c76b549f13-24cp_zep,final,1.7876,1.5801,25,1,,621.826
fd8ae7de8ac17857,runs\fpcamp_minfr_T6T4_r1\master\master_work\worker_00\fd8ae7de8ac17857__MAS_RST.APRQ_10_0615.1-61300e7173-bhopbf70,final,1.6991,1.5285,25,1,,617.814
fd8df322ca16095d,runs\fpcamp_minfr_T6T4_r1\master\master_work\worker_00\fd8df322ca16095d__MAS_RST.APRQ_10_0615.1-775d9bb424-9k6e_unn,final,1.6692,1.5155,25,1,,616.891
01c85c31593c1ec2,runs\fpcamp_minfr_T6T4_r1\master\master_work\worker_01\01c85c31593c1ec2__MAS_RST.APRQ_10_0615.1-5cfb4b6ddd-wy06k9w8,final,1.799,1.5976,25,1,,620.907
2d5da8a30113fce0,runs\fpcamp_minfr_T6T4_r1\master\master_work\worker_01\2d5da8a30113fce0__MAS_RST.APRQ_10_0615.1-9a5fce89c9-3ytyj3g5,final,1.8133,1.6098,25,1,,620.764
4636ef864fca4205,runs\fpcamp_minfr_T6T4_r1\master\master_work\worker_01\4636ef864fca4205__MAS_RST.APRQ_10_0615.1-20163a1aa6-_ifbzrbh,final,1.7581,1.5563,25,1,,617.874
5beabb041d3aa625,runs\fpcamp_minfr_T6T4_r1\master\master_work\worker_01\5beabb041d3aa625__MAS_RST.APRQ_10_0615.1-65aec31bd2-r_a2zile,final,1.8385,1.6285,25,1,,622.209
647115c3e765c55d,runs\fpcamp_minfr_T6T4_r1\master\master_work\worker_01\647115c3e765c55d__MAS_RST.APRQ_10_0615.1-d442f62de3-ixfkbsfq,final,1.7961,1.5976,25,1,,621.088
72def5458a108364,runs\fpcamp_minfr_T6T4_r1\master\master_work\worker_01\72def5458a108364__MAS_RST.APRQ_10_0615.1-69ebc25f37-fl0w_hqg,final,1.7875,1.5845,25,1,,623.044
7eb1bb49da899bf5,runs\fpcamp_minfr_T6T4_r1\master\master_work\worker_01\7eb1bb49da899bf5__MAS_RST.APRQ_10_0615.1-95c279dfc2-ctlvzjem,final,1.8548,1.6438,25,1,,621.789
96504cf82228974b,runs\fpcamp_minfr_T6T4_r1\master\master_work\worker_01\96504cf82228974b__MAS_RST.APRQ_10_0615.1-a47ea61490-m7mt5f1e,final,1.7939,1.5435,25,1,,617.494
ab550f70c5847b59,runs\fpcamp_minfr_T6T4_r1\master\master_work\worker_01\ab550f70c5847b59__MAS_RST.APRQ_10_0615.1-9346617a59-96i1f14t,final,1.8546,1.6309,25,1,,622.97
b1053b9a63ac4d64,runs\fpcamp_minfr_T6T4_r1\master\master_work\worker_01\b1053b9a63ac4d64__MAS_RST.APRQ_10_0615.1-f9988886d7-vcpp06tq,final,1.6776,1.5233,25,1,,616.776
c71ec3b292766002,runs\fpcamp_minfr_T6T4_r1\master\master_work\worker_01\c71ec3b292766002__MAS_RST.APRQ_10_0615.1-3b46ba1708-qk0bldck,final,1.7807,1.5701,25,1,,619.221
dbc7ff6d7fc20097,runs\fpcamp_minfr_T6T4_r1\master\master_work\worker_01\dbc7ff6d7fc20097__MAS_RST.APRQ_10_0615.1-a540967836-olaounir,final,1.8571,1.6808,25,1,,617.889
fc87e2188c8a1532,runs\fpcamp_minfr_T6T4_r1\master\master_work\worker_01\fc87e2188c8a1532__MAS_RST.APRQ_10_0615.1-36a1e136f2-x_92e1yz,final,1.6574,1.4638,25,1,,623.211
04a6bf7a7785a20b,runs\fpcamp_minfr_T6T4_r1\master\master_work\worker_02\04a6bf7a7785a20b__MAS_RST.APRQ_10_0615.1-1c790399b8-t08eb1d1,final,1.8051,1.5724,25,1,,617.698
057e9686ca8af6fa,runs\fpcamp_minfr_T6T4_r1\master\master_work\worker_02\057e9686ca8af6fa__MAS_RST.APRQ_10_0615.1-1d5b84aca0-6m98rnu7,final,1.7724,1.5713,25,1,,623.546
315bea124403e094,runs\fpcamp_minfr_T6T4_r1\master\master_work\worker_02\315bea124403e094__MAS_RST.APRQ_10_0615.1-f1af24f544-1fdvunp8,final,1.8098,1.623,25,1,,621.742
47df1957922200a2,runs\fpcamp_minfr_T6T4_r1\master\master_work\worker_02\47df1957922200a2__MAS_RST.APRQ_10_0615.1-18f68cbb2e-qp4ljojp,final,1.7387,1.5467,25,1,,623.35
4bd968bd18dc0ca4,runs\fpcamp_minfr_T6T4_r1\master\master_work\worker_02\4bd968bd18dc0ca4__MAS_RST.APRQ_10_0615.1-746b26985b-w6u0t4zg,final,1.7711,1.5458,25,1,,618.426
576f224baf3a2775,runs\fpcamp_minfr_T6T4_r1\master\master_work\worker_02\576f224baf3a2775__MAS_RST.APRQ_10_0615.1-cd514c235a-xg50d616,final,1.807,1.5966,25,1,,620.953
83dafc9d8778e2f9,runs\fpcamp_minfr_T6T4_r1\master\master_work\worker_02\83dafc9d8778e2f9__MAS_RST.APRQ_10_0615.1-0ac69a35d8-pn5zog6c,final,1.8061,1.5978,25,1,,622.233
a9e6a86143e5a700,runs\fpcamp_minfr_T6T4_r1\master\master_work\worker_02\a9e6a86143e5a700__MAS_RST.APRQ_10_0615.1-abc3defdf3-x8fbssdo,final,1.6728,1.5192,25,1,,614.89
bf238a8dbc1ff5da,runs\fpcamp_minfr_T6T4_r1\master\master_work\worker_02\bf238a8dbc1ff5da__MAS_RST.APRQ_10_0615.1-06f3cff81b-v2exn1vw,final,1.6666,1.515,25,1,,617.348
e17520e7e1fd1375,runs\fpcamp_minfr_T6T4_r1\master\master_work\worker_02\e17520e7e1fd1375__MAS_RST.APRQ_10_0615.1-614f333e7f-0ke2m3my,final,1.7397,1.5426,25,1,,620.011
e2924a8a22a7c0eb,runs\fpcamp_minfr_T6T4_r1\master\master_work\worker_02\e2924a8a22a7c0eb__MAS_RST.APRQ_10_0615.1-0df5661eef-nxsgatii,final,1.7529,1.6338,25,1,,622.568
ef8a2e6024fd1451,runs\fpcamp_minfr_T6T4_r1\master\master_work\worker_02\ef8a2e6024fd1451__MAS_RST.APRQ_10_0615.1-ec66fd38dd-8wm0x3gm,final,1.8093,1.6088,25,1,,620.214
fda96cd91fa5b920,runs\fpcamp_minfr_T6T4_r1\master\master_work\worker_02\fda96cd91fa5b920__MAS_RST.APRQ_10_0615.1-fb4f2f34e9-_wf69nvt,final,1.6815,1.5162,25,1,,619.731
25769ec8d4de41f6,runs\fpcamp_minfr_T6T4_r1\master\master_work\worker_03\25769ec8d4de41f6__MAS_RST.APRQ_10_0615.1-c81781cf78-tcywc_co,final,1.7526,1.5893,25,1,,622.612
3d498f8a570a7ca7,runs\fpcamp_minfr_T6T4_r1\master\master_work\worker_03\3d498f8a570a7ca7__MAS_RST.APRQ_10_0615.1-98c5768a59-dbufrsil,final,1.6734,1.519,25,1,,617.395
3e158378f1e78ae3,runs\fpcamp_minfr_T6T4_r1\master\master_work\worker_03\3e158378f1e78ae3__MAS_RST.APRQ_10_0615.1-35fceeca8a-s5bsploj,final,1.7235,1.5638,25,1,,623.244
43182a17a1735375,runs\fpcamp_minfr_T6T4_r1\master\master_work\worker_03\43182a17a1735375__MAS_RST.APRQ_10_0615.1-2d8dc45376-tr_we35b,final,1.8716,1.6221,25,1,,621.283
884529ff04c50079,runs\fpcamp_minfr_T6T4_r1\master\master_work\worker_03\884529ff04c50079__MAS_RST.APRQ_10_0615.1-a594e55a3c-g5v13q2b,final,1.8235,1.6029,25,1,,619.019
92e20ebe2227bc45,runs\fpcamp_minfr_T6T4_r1\master\master_work\worker_03\92e20ebe2227bc45__MAS_RST.APRQ_10_0615.1-2d14591927-ijdeenvr,final,1.8707,1.657,25,1,,621.885
985209baa57c1098,runs\fpcamp_minfr_T6T4_r1\master\master_work\worker_03\985209baa57c1098__MAS_RST.APRQ_10_0615.1-aee5e05699-qyr6xe4h,final,1.6983,1.5307,25,1,,614.422
a2e43ac5aa03371c,runs\fpcamp_minfr_T6T4_r1\master\master_work\worker_03\a2e43ac5aa03371c__MAS_RST.APRQ_10_0615.1-481e688160-16mapjyh,final,1.8084,1.5944,25,1,,623.124
a41d197981d74595,runs\fpcamp_minfr_T6T4_r1\master\master_work\worker_03\a41d197981d74595__MAS_RST.APRQ_10_0615.1-82d1790116-wlrrb13l,final,1.6798,1.5269,25,1,,617.152
aae71e3e21b31444,runs\fpcamp_minfr_T6T4_r1\master\master_work\worker_03\aae71e3e21b31444__MAS_RST.APRQ_10_0615.1-3a542293de-gg0az8et,final,1.7173,1.5468,25,1,,619.883
d79df433e845f899,runs\fpcamp_minfr_T6T4_r1\master\master_work\worker_03\d79df433e845f899__MAS_RST.APRQ_10_0615.1-f2bde15013-0hqe9wtf,final,1.828,1.6189,25,1,,622.138
e69a8753e074a6b6,runs\fpcamp_minfr_T6T4_r1\master\master_work\worker_03\e69a8753e074a6b6__MAS_RST.APRQ_10_0615.1-96afd40f74-s2anuzpe,final,1.8066,1.5759,25,1,,617.999
fb9d1e8222949535,runs\fpcamp_minfr_T6T4_r1\master\master_work\worker_03\fb9d1e8222949535__MAS_RST.APRQ_10_0615.1-5807ebf137-fl_ja4em,final,1.7207,1.6032,25,1,,621.424
241140f9497570b7,runs\fpcamp_minfr_T6T4_r1\master\master_work\worker_04\241140f9497570b7__MAS_RST.APRQ_10_0615.1-b5e7504195-dgvaicfq,final,1.6791,1.5264,25,1,,618.344
4eb0c4cad5180798,runs\fpcamp_minfr_T6T4_r1\master\master_work\worker_04\4eb0c4cad5180798__MAS_RST.APRQ_10_0615.1-a1068adbd4-24eoldp1,final,1.8691,1.6507,25,1,,623.13
68470038ae5988f3,runs\fpcamp_minfr_T6T4_r1\master\master_work\worker_04\68470038ae5988f3__MAS_RST.APRQ_10_0615.1-bde344562e-_w8jt6vg,final,1.7616,1.5966,25,1,,619.563
75ec8b490b906c44,runs\fpcamp_minfr_T6T4_r1\master\master_work\worker_04\75ec8b490b906c44__MAS_RST.APRQ_10_0615.1-fd33577186-idz9m0pk,final,1.7969,1.5698,25,1,,616.967
7f4c345389d9cef9,runs\fpcamp_minfr_T6T4_r1\master\master_work\worker_04\7f4c345389d9cef9__MAS_RST.APRQ_10_0615.1-ae5fb8e209-ztric323,final,1.7991,1.585,25,1,,619.673
,runs\fpcamp_minfr_T6T4_r1\master\master_work\worker_04\a1793a50bff55de2__MAS_RST.APRQ_10_0615.1-7713abb1cf-te8a_kkl,nonfinite,,,0,0,,
a1793a50bff55de2,runs\fpcamp_minfr_T6T4_r1\master\master_work\worker_04\a1793a50bff55de2__MAS_RST.APRQ_10_0615.1-bb11a2bc1f-9el1as6q,superseded,,,0,0,,
c2d4ec4a74b9e22f,runs\fpcamp_minfr_T6T4_r1\master\master_work\worker_04\c2d4ec4a74b9e22f__MAS_RST.APRQ_10_0615.1-5400c7ecc8-pgn4c59g,final,1.663,1.5119,25,1,,618.572
d10254092ab05c51,runs\fpcamp_minfr_T6T4_r1\master\master_work\worker_04\d10254092ab05c51__MAS_RST.APRQ_10_0615.1-cd90b29227-tizsx1p_,final,1.7724,1.5694,25,1,,621.304
e48aa269afff2796,runs\fpcamp_minfr_T6T4_r1\master\master_work\worker_04\e48aa269afff2796__MAS_RST.APRQ_10_0615.1-b28e81af6c-ht6akvk2,final,1.7949,1.5888,25,1,,619.282
e58af875ad3c94ab,runs\fpcamp_minfr_T6T4_r1\master\master_work\worker_04\e58af875ad3c94ab__MAS_RST.APRQ_10_0615.1-83ee742cbd-ke0otle3,final,1.7564,1.537,25,1,,618.705
e742d3384d37854f,runs\fpcamp_minfr_T6T4_r1\master\master_work\worker_04\e742d3384d37854f__MAS_RST.APRQ_10_0615.1-c86eef51ef-0euw5kk5,final,1.7242,1.6069,25,1,,623.546
f9ee1507bc5c8c48,runs\fpcamp_minfr_T6T4_r1\master\master_work\worker_04\f9ee1507bc5c8c48__MAS_RST.APRQ_10_0615.1-2fc21791b8-h65hmqwc,final,1.6589,1.5074,25,1,,616.921
52d9fc2465445c88,runs\fpcamp_minfr_T6T4_r1\master\master_work\worker_05\52d9fc2465445c88__MAS_RST.APRQ_10_0615.1-c029f7dd77-nnikmhgu,final,1.8505,1.6396,25,1,,622.292
71dba0bfce2d65f0,runs\fpcamp_minfr_T6T4_r1\master\master_work\worker_05\71dba0bfce2d65f0__MAS_RST.APRQ_10_0615.1-844ff4e4c5-orj8qkzm,final,1.8227,1.6165,25,1,,619.386
,runs\fpcamp_minfr_T6T4_r1\master\master_work\worker_05\9021ba227dc5c4ed__MAS_RST.APRQ_10_0615.1-13c20e4380-uvhnk7pd,nonfinite,,,0,0,,
9dd116a604343ec2,runs\fpcamp_minfr_T6T4_r1\master\master_work\worker_05\9dd116a604343ec2__MAS_RST.APRQ_10_0615.1-98226bbd58-34w9zxtl,final,1.7887,1.6002,25,1,,620.327
b157af1b7a0c58c7,runs\fpcamp_minfr_T6T4_r1\master\master_work\worker_05\b157af1b7a0c58c7__MAS_RST.APRQ_10_0615.1-c9fe3e2121-iypekph1,final,1.8201,1.6089,25,1,,622.224
,runs\fpcamp_minfr_T6T4_r1\master\master_work\worker_05\b48d0a1921179107__MAS_RST.APRQ_10_0615.1-eb866a88c5-tiecsalh,nonfinite,,,0,0,,
,runs\fpcamp_minfr_T6T4_r1\master\master_work\worker_05\c0245f96e6d68671__MAS_RST.APRQ_10_0615.1-4ce7331609-aqcc01y0,nonfinite,,,0,0,,
,runs\fpcamp_minfr_T6T4_r1\master\master_work\worker_05\c35386ef8d33b175__MAS_RST.APRQ_10_0615.1-a31368be72-oeif3qpq,nonfinite,,,0,0,,
,runs\fpcamp_minfr_T6T4_r1\master\master_work\worker_05\df33e9f37bacaf19__MAS_RST.APRQ_10_0615.1-7c8b9f0919-v7lmlo9l,nonfinite,,,0,0,,
ecc5ef4b309087a4,runs\fpcamp_minfr_T6T4_r1\master\master_work\worker_05\ecc5ef4b309087a4__MAS_RST.APRQ_10_0615.1-6ac3c7c150-9_6nurlc,final,1.7515,1.5679,25,1,,619.888
f587bae2959edb65,runs\fpcamp_minfr_T6T4_r1\master\master_work\worker_05\f587bae2959edb65__MAS_RST.APRQ_10_0615.1-1d5ccd9550-jgzaojdu,final,1.7824,1.5912,25,1,,620.514
fe5b1a540a81a852,runs\fpcamp_minfr_T6T4_r1\master\master_work\worker_05\fe5b1a540a81a852__MAS_RST.APRQ_10_0615.1-6c8d2a941d-h9sz1caa,final,1.9184,1.7202,25,1,,624.27
,runs\fpcamp_minfr_T6T4_r1\master\master_work\worker_06\1bf3b6a4b10ffbb0__MAS_RST.APRQ_10_0615.1-84b9603cf3-fpfvhpmg,nonfinite,,,0,0,,
2b5775b91c2588c0,runs\fpcamp_minfr_T6T4_r1\master\master_work\worker_06\2b5775b91c2588c0__MAS_RST.APRQ_10_0615.1-bce039c45b-e1r5bc7b,final,1.81,1.6151,25,1,,622.233
2d7b3c23ec74dba9,runs\fpcamp_minfr_T6T4_r1\master\master_work\worker_06\2d7b3c23ec74dba9__MAS_RST.APRQ_10_0615.1-51d80174b2-yt3r3zx_,final,1.8177,1.6134,25,1,,622.87
,runs\fpcamp_minfr_T6T4_r1\master\master_work\worker_06\4e236b9ca7c4d89b__MAS_RST.APRQ_10_0615.1-3a5872dfd9-q0zg_yvk,nonfinite,,,0,0,,
,runs\fpcamp_minfr_T6T4_r1\master\master_work\worker_06\57977fc6171b81d2__MAS_RST.APRQ_10_0615.1-da0dc08fcb-rpwwgg1r,nonfinite,,,0,0,,
58a460abcdf285e2,runs\fpcamp_minfr_T6T4_r1\master\master_work\worker_06\58a460abcdf285e2__MAS_RST.APRQ_10_0615.1-a9d816f617-dcgo1g1v,final,1.7561,1.6037,25,1,,620.585
7aa71cfffc53f3f9,runs\fpcamp_minfr_T6T4_r1\master\master_work\worker_06\7aa71cfffc53f3f9__MAS_RST.APRQ_10_0615.1-c1dbb2f7aa-1dslfr30,final,1.738,1.547,25,1,,620.858
,runs\fpcamp_minfr_T6T4_r1\master\master_work\worker_06\db7baa80195c41a1__MAS_RST.APRQ_10_0615.1-ddf40ace3f-0bvn0t65,nonfinite,,,0,0,,
dcdf607f34ef26ce,runs\fpcamp_minfr_T6T4_r1\master\master_work\worker_06\dcdf607f34ef26ce__MAS_RST.APRQ_10_0615.1-d51d5322ad-ucyr6tyr,final,1.8306,1.6173,25,1,,620.948
e43d2ac7642bcf50,runs\fpcamp_minfr_T6T4_r1\master\master_work\worker_06\e43d2ac7642bcf50__MAS_RST.APRQ_10_0615.1-079d256700-kdop16ii,final,1.8124,1.6023,25,1,,621.187
,runs\fpcamp_minfr_T6T4_r1\master\master_work\worker_06\ebe1ec28579e1a91__MAS_RST.APRQ_10_0615.1-9f5fa8166a-i_3n7g3e,nonfinite,,,0,0,,
ee5e27356f05832d,runs\fpcamp_minfr_T6T4_r1\master\master_work\worker_06\ee5e27356f05832d__MAS_RST.APRQ_10_0615.1-52d18f31d2-09nm970s,final,1.8581,1.6457,25,1,,622.221
0401c6b60e2c2e4b,runs\fpcamp_minfr_T6T4_r1\master\master_work\worker_07\0401c6b60e2c2e4b__MAS_RST.APRQ_10_0615.1-0dcad1c80c-y__9ph5x,final,1.8159,1.5829,25,1,,621.187
148eda36d17e37cb,runs\fpcamp_minfr_T6T4_r1\master\master_work\worker_07\148eda36d17e37cb__MAS_RST.APRQ_10_0615.1-8343f2651a-ihrkgu_9,final,1.7661,1.5532,25,1,,617.735
26e57ee3048fc878,runs\fpcamp_minfr_T6T4_r1\master\master_work\worker_07\26e57ee3048fc878__MAS_RST.APRQ_10_0615.1-80baa96ac2-a406cuk8,final,1.9185,1.731,25,1,,614.922
,runs\fpcamp_minfr_T6T4_r1\master\master_work\worker_07\78f5c2180d8deced__MAS_RST.APRQ_10_0615.1-6e3e83beba-a5mfqgan,nonfinite,,,0,0,,
8fd24fab175dd7d6,runs\fpcamp_minfr_T6T4_r1\master\master_work\worker_07\8fd24fab175dd7d6__MAS_RST.APRQ_10_0615.1-c0bd4c28e3-z9ftdc2m,final,2.1125,1.9149,25,1,,622.594
a24f6cd9bb3b322f,runs\fpcamp_minfr_T6T4_r1\master\master_work\worker_07\a24f6cd9bb3b322f__MAS_RST.APRQ_10_0615.1-b2ab503121-l6jih9gj,final,1.865,1.6679,25,1,,618.625
a7aa2fbfca3eb01a,runs\fpcamp_minfr_T6T4_r1\master\master_work\worker_07\a7aa2fbfca3eb01a__MAS_RST.APRQ_10_0615.1-dda9f47053-4kjelgwu,final,2.3358,2.1027,25,1,,618.1
b10b383dd725e26e,runs\fpcamp_minfr_T6T4_r1\master\master_work\worker_07\b10b383dd725e26e__MAS_RST.APRQ_10_0615.1-899be35ab7-fsak2245,final,1.7859,1.6055,25,1,,619.315
b8565db7c830bb63,runs\fpcamp_minfr_T6T4_r1\master\master_work\worker_07\b8565db7c830bb63__MAS_RST.APRQ_10_0615.1-e9ed2b9400-ol5wchs9,final,1.9185,1.6787,25,1,,617.615
c59727632e73458d,runs\fpcamp_minfr_T6T4_r1\master\master_work\worker_07\c59727632e73458d__MAS_RST.APRQ_10_0615.1-b042693a9b-4hd1q76z,final,2.0147,1.8244,25,1,,616.444
defb17c4c734d991,runs\fpcamp_minfr_T6T4_r1\master\master_work\worker_07\defb17c4c734d991__MAS_RST.APRQ_10_0615.1-e542feddc3-vtyfu6ih,final,1.6761,1.5159,25,1,,623.26
f0608459579bd857,runs\fpcamp_minfr_T6T4_r1\master\master_work\worker_07\f0608459579bd857__MAS_RST.APRQ_10_0615.1-28a1e65ca4-t_cqmjsr,final,1.7818,1.592,25,1,,621.229
8dc764bed716c991,runs\fr_arms_b01\master_work\worker_00\8dc764bed716c991__MAS_RST.APRQ_11_0767.1-0dcaff631f-7nkd0mno,final,1.9167,1.6514,30,1,,779.468
a26ab2557141bbe9,runs\fr_arms_b01\master_work\worker_01\a26ab2557141bbe9__MAS_RST.APRQ_12_0777.1-3281fe2428-idxnmic2,final,1.7909,1.4486,31,1,,792.89
0213e82cbb0ab4a4,runs\fr_arms_c\master_work\worker_00\0213e82cbb0ab4a4__MAS_RST.APRQ_11_0686.4-25dc36777b-xw_1tdfu,final,1.6384,1.4811,28,1,,683.19
aa00e1e89d0ad55d,runs\fr_arms_c\master_work\worker_01\aa00e1e89d0ad55d__MAS_RST.APRQ_11_0652.3-b9b492436c-wpydm0vn,final,1.6816,1.4993,27,1,,648.936
5f3d3a9ae8bd0141,runs\fr_arms_c\master_work\worker_02\5f3d3a9ae8bd0141__MAS_RST.APRQ_11_0665.0-6dd7a13511-oh5rofe1,final,1.6583,1.4819,28,1,,661.577
b30adcbde5293d94,runs\fr_arms_c\master_work\worker_03\b30adcbde5293d94__MAS_RST.APRQ_11_0637.5-f1f6fffc9c-squ1pqpa,final,1.7115,1.5341,27,1,,633.954
795d681706c7d240,runs\fr_arms_c\master_work\worker_04\795d681706c7d240__MAS_RST.APRQ_10_0635.8-9ec2ff8211-46z7tf_f,final,1.6047,1.4733,27,1,,639.775
a9d0c67c7ba21e16,runs\fr_arms_c\master_work\worker_05\a9d0c67c7ba21e16__MAS_RST.APRQ_11_0630.4-348b1d3ee8-q8uc4m56,final,2.0566,1.7532,26,1,,606.339
019117fd8045b16b,runs\fr_arms_d\master_work\worker_00\019117fd8045b16b__MAS_RST.APRQ_11_0688.2-e6da199a06-txrwma8l,final,1.7799,1.5649,28,1,,677.815
294bd14dacabaa8e,runs\fr_arms_d\master_work\worker_01\294bd14dacabaa8e__MAS_RST.APRQ_11_0686.4-b2eae944ef-w0mw7ke7,final,1.8212,1.5672,28,1,,676.243
b59ccd4e7f236471,runs\fr_arms_d\master_work\worker_02\b59ccd4e7f236471__MAS_RST.APRQ_11_0688.2-8ffca76879-gq7isnnl,final,1.6445,1.4693,28,1,,689.756
c77dc7c3292b046a,runs\fr_arms_d\master_work\worker_03\c77dc7c3292b046a__MAS_RST.APRQ_11_0686.4-396cb49318-q3bnsd18,final,1.6459,1.4691,28,1,,687.705
b8e555277186fc16,runs\fr_arms_lat1600\master_work\worker_00\b8e555277186fc16__MAS_RST.APRQ_11_0632.5-a4862fa0cb-7q2n0vp0,final,1.6565,1.5134,26,1,,643.565
cbff0d9f6210626c,runs\fr_arms_lat1600\master_work\worker_00\cbff0d9f6210626c__MAS_RST.APRQ_11_0578.2-35221d3e17-g_2atjqk,final,1.6187,1.491,24,1,,592.468
86e309d8fb717c5f,runs\fr_arms_minfr\master_work\worker_00\86e309d8fb717c5f__MAS_RST.APRQ_11_0635.1-b3d348f46c-11_u9srq,final,1.5407,1.3974,27,1,,633.329
726ca0719e10af5c,runs\fr_arms_minfr\master_work\worker_01\726ca0719e10af5c__MAS_RST.APRQ_10_0635.8-5bb6b02bcc-iwhtt04x,final,1.5593,1.3895,27,1,,633.913
42b67a3c56e25524,runs\fr_arms_minfr\master_work\worker_02\42b67a3c56e25524__MAS_RST.APRQ_11_0630.4-ec033212c6-dfm7x_9i,final,1.5724,1.4112,26,1,,628.689
5a8fe3ac419bf146,runs\fr_arms_t0\master_work\worker_00\5a8fe3ac419bf146__MAS_RST.APRQ_11_0635.1-8b7a791aca-hhf72ppp,final,1.6306,1.4819,27,1,,632.276
fe711aa7bb4ac86a,runs\fr_arms_t0\master_work\worker_01\fe711aa7bb4ac86a__MAS_RST.APRQ_10_0635.8-d2dec56ab3-43mlhuvt,final,1.5928,1.4534,27,1,,632.744
0079cf271837992e,runs\fr_arms_t0\master_work\worker_02\0079cf271837992e__MAS_RST.APRQ_11_0630.4-05c29669c5-b54lstr2,final,1.6587,1.4789,26,1,,628.116
5a8fe3ac419bf146,runs\fr_arms_t0_rep\master_work\worker_00\5a8fe3ac419bf146__MAS_RST.APRQ_11_0635.1-8b7a791aca-kvfly8tw,final,1.6306,1.4819,27,1,,632.276
5a8fe3ac419bf146,runs\fr_arms_t0m\master_work\worker_00\5a8fe3ac419bf146__MAS_RST.APRQ_11_0635.1-8b7a791aca-aj3z5vu3,final,1.6306,1.4819,27,1,,632.276
fe711aa7bb4ac86a,runs\fr_arms_t0m\master_work\worker_01\fe711aa7bb4ac86a__MAS_RST.APRQ_10_0635.8-d2dec56ab3-v18b3iyk,final,1.5928,1.4534,27,1,,632.744
0079cf271837992e,runs\fr_arms_t0m\master_work\worker_02\0079cf271837992e__MAS_RST.APRQ_11_0630.4-05c29669c5-q27y9gan,final,1.6587,1.4789,26,1,,628.116
a8e732c14c4bd687,runs\fr_screen11\G3_G4\master_work\worker_00\a8e732c14c4bd687__MAS_RST.APRQ_11_0692.6-60e3923752-lk0i0dlq,final,1.5943,1.4438,28,1,,688.888
c812f6a2ec883c34,runs\fr_screen11\H1_H2\master_work\worker_00\c812f6a2ec883c34__MAS_RST.APRQ_11_0688.2-2ca323684e-f4b_nzsj,final,1.5788,1.4423,28,1,,684.414
3e4d7a866cd56ac0,runs\fr_screen11\J3_J4\master_work\worker_00\3e4d7a866cd56ac0__MAS_RST.APRQ_11_0636.9-da59f0a735-0_to8vps,final,1.587,1.4534,27,1,,632.681
85c3c4d68c48ec42,runs\fr_screen11\J5_J6\master_work\worker_00\85c3c4d68c48ec42__MAS_RST.APRQ_11_0638.1-333e579129-5fsoqwgw,final,1.5786,1.4467,27,1,,633.816
c4b954ca828caaea,runs\fr_screen11\K1_K2\master_work\worker_00\c4b954ca828caaea__MAS_RST.APRQ_11_0652.8-3c54942dc9-jbcccig1,final,1.5747,1.445,27,1,,648.875
9d8bc9666a443b82,runs\fr_screen11\K3_K4\master_work\worker_00\9d8bc9666a443b82__MAS_RST.APRQ_11_0645.6-ee6ea587cc-uhufwmzm,final,1.5763,1.4452,27,1,,641.549
1bb4bdbaaa207bee,runs\fr_screen11\L1_L2\master_work\worker_00\1bb4bdbaaa207bee__MAS_RST.APRQ_11_0658.9-1fb4c6d955-3n6xtm94,final,1.5748,1.4448,27,1,,655.083
4a5fa607b1d9829a,runs\fr_screen11\L5_L6\master_work\worker_00\4a5fa607b1d9829a__MAS_RST.APRQ_11_0662.3-2bcc80acf8-kcy73scy,final,1.594,1.4461,27,1,,658.555
52f13f65508580cd,runs\fr_screen11\N1_N2\master_work\worker_00\52f13f65508580cd__MAS_RST.APRQ_11_0677.2-973fe3eda6-u1pi43cb,final,1.5766,1.4433,28,1,,673.329
d5aa6fb4247c761f,runs\fr_screen11\N3_N4\master_work\worker_00\d5aa6fb4247c761f__MAS_RST.APRQ_11_0678.9-8fb056fb73-4jn2xcdu,final,1.5851,1.4442,28,1,,675.044
d290d554fa104c69,runs\fr_screen11\N5_N6\master_work\worker_00\d290d554fa104c69__MAS_RST.APRQ_11_0679.4-f949e30bc4-wjl07ncx,final,1.5968,1.4453,28,1,,675.637
bedf251ffb381c14,runs\fr_transfer_E3E4\master_work\worker_00\bedf251ffb381c14__MAS_RST.APRQ_10_0635.8-c4b4fee2c8-is44771_,final,1.6159,1.465,27,1,,632.95
e78dc121bb84b810,runs\fr_transfer_E3E4\master_work\worker_00\e78dc121bb84b810__MAS_RST.APRQ_10_0635.8-942e9bff67-uglf0bdu,final,1.5448,1.4071,27,1,,633.475
fe711aa7bb4ac86a,runs\fr_transfer_E3E4\master_work\worker_00\fe711aa7bb4ac86a__MAS_RST.APRQ_10_0635.8-d2dec56ab3-hramvidn,final,1.5928,1.4534,27,1,,632.744
d082eee75592150e,runs\fr_transfer_E3E4\master_work\worker_01\d082eee75592150e__MAS_RST.APRQ_10_0635.8-afaf49513a-kiv3060f,final,1.5961,1.4549,27,1,,632.353
d2627551a350e70a,runs\fr_transfer_E3E4\master_work\worker_01\d2627551a350e70a__MAS_RST.APRQ_10_0635.8-82e2b268a8-z4owggxt,final,1.5754,1.4335,27,1,,633.252
d75126a9ba3c42bb,runs\fr_transfer_E3E4\master_work\worker_01\d75126a9ba3c42bb__MAS_RST.APRQ_10_0635.8-94f4e6cec8-ki_h0tto,final,1.5931,1.414,27,1,,631.289
0f0f7923cb468251,runs\fr_transfer_E3E4\master_work\worker_02\0f0f7923cb468251__MAS_RST.APRQ_10_0635.8-0f16d9364a-hmmdgz97,final,1.5901,1.4501,27,1,,633.339
2cd5d9daeb1c0bc3,runs\fr_transfer_E3E4\master_work\worker_02\2cd5d9daeb1c0bc3__MAS_RST.APRQ_10_0635.8-d2fdbf6bdf-f8ow1qp6,final,1.6391,1.484,27,1,,632.103
605195137fa5ac14,runs\fr_transfer_E3E4\master_work\worker_02\605195137fa5ac14__MAS_RST.APRQ_10_0635.8-3cb9489bdd-a37ejhzb,final,1.5928,1.4157,27,1,,633.45
4c65a15473120fc0,runs\fr_transfer_E3E4\master_work\worker_03\4c65a15473120fc0__MAS_RST.APRQ_10_0635.8-46ede9a8de-0spnbxgw,final,1.5982,1.4594,27,1,,635.282
77c4d3844dfc8e98,runs\fr_transfer_E3E4\master_work\worker_03\77c4d3844dfc8e98__MAS_RST.APRQ_10_0635.8-60b4434a1b-rok7nnm2,final,1.5974,1.456,27,1,,632.394
bf4ccf8dc6a9c214,runs\fr_transfer_E3E4\master_work\worker_03\bf4ccf8dc6a9c214__MAS_RST.APRQ_10_0635.8-fab47d0c31-gkxvtu1z,final,1.6098,1.4612,27,1,,632.334
2b9774c69c2303f8,runs\fr_transfer_E3E4\master_work\worker_04\2b9774c69c2303f8__MAS_RST.APRQ_10_0635.8-ff33f6c788-ehey1pyr,final,1.596,1.4549,27,1,,632.372
726ca0719e10af5c,runs\fr_transfer_E3E4\master_work\worker_04\726ca0719e10af5c__MAS_RST.APRQ_10_0635.8-5bb6b02bcc-0gzdt6fq,final,1.5593,1.3895,27,1,,633.913
cdfaf159419a7665,runs\fr_transfer_E3E4\master_work\worker_04\cdfaf159419a7665__MAS_RST.APRQ_10_0635.8-e4de2bf34c-vq6whkjz,final,1.5555,1.4163,27,1,,636.216
2ea7dabccaa62d83,runs\fr_transfer_E3E4\master_work\worker_05\2ea7dabccaa62d83__MAS_RST.APRQ_10_0635.8-bbf8c4a83c-q6otyojh,final,1.5816,1.4418,27,1,,633.14
62b2dee63c79a668,runs\fr_transfer_E3E4\master_work\worker_05\62b2dee63c79a668__MAS_RST.APRQ_10_0635.8-61be680c3b-6foiss49,final,1.5814,1.4398,27,1,,634.209
c379a7669169792f,runs\fr_transfer_E3E4\master_work\worker_05\c379a7669169792f__MAS_RST.APRQ_10_0635.8-6e2e4d75d4-orebmb_l,final,1.5731,1.4351,27,1,,634.335
7d28cc233fc9078f,runs\fr_transfer_E3E4\master_work\worker_06\7d28cc233fc9078f__MAS_RST.APRQ_10_0635.8-c419a74e6f-fr8zu818,final,1.5911,1.4399,27,1,,633.441
b987671daa5d8ccf,runs\fr_transfer_E3E4\master_work\worker_06\b987671daa5d8ccf__MAS_RST.APRQ_10_0635.8-e2f36bb1f0-2kxn90cu,final,1.575,1.421,27,1,,631.207
be75e5d160a7e1b8,runs\fr_transfer_E3E4\master_work\worker_06\be75e5d160a7e1b8__MAS_RST.APRQ_10_0635.8-89394f8b41-7vrlleha,final,1.5631,1.4272,27,1,,633.197
554fb7bb898453ce,runs\fr_transfer_E3E4\master_work\worker_07\554fb7bb898453ce__MAS_RST.APRQ_10_0635.8-6de884634f-682fqygn,final,1.6018,1.4609,27,1,,633.345
74f2835f50478829,runs\fr_transfer_E3E4\master_work\worker_07\74f2835f50478829__MAS_RST.APRQ_10_0635.8-662a108f91-jr6ml_9w,final,1.6191,1.4296,27,1,,631.323
d9dba92a9748dc87,runs\fr_transfer_E3E4\master_work\worker_07\d9dba92a9748dc87__MAS_RST.APRQ_10_0635.8-6c855c56f1-4vcs4x32,final,1.5721,1.4345,27,1,,636.545
2236b45033730020,runs\fr_transfer_T1T4_f117\master_work\worker_00\2236b45033730020__MAS_RST.APRQ_12_0635.6-88dbc6c9ec-8mim2row,final,1.7695,1.5821,25,1,,618.922
266b63e1b435077b,runs\fr_transfer_T1T4_f117\master_work\worker_00\266b63e1b435077b__MAS_RST.APRQ_12_0635.6-b9fb8fe262-h2r9rin2,final,1.82,1.6152,25,1,,616.938
397d8faed6f4817c,runs\fr_transfer_T1T4_f117\master_work\worker_00\397d8faed6f4817c__MAS_RST.APRQ_12_0635.6-34438311d0-jwsd_2e9,final,1.7866,1.5822,25,1,,622.752
9386051bf2a3af1b,runs\fr_transfer_T1T4_f117\master_work\worker_00\9386051bf2a3af1b__MAS_RST.APRQ_12_0635.6-c985cca611-36nzfz4h,final,1.7823,1.4966,25,1,,616.125
6717d2eab6583112,runs\fr_transfer_T1T4_f117\master_work\worker_01\6717d2eab6583112__MAS_RST.APRQ_12_0635.6-fe1cafbd07-lv9ws_52,final,1.9501,1.7245,25,1,,617.134
dd608f4a8e85ab91,runs\fr_transfer_T1T4_f117\master_work\worker_01\dd608f4a8e85ab91__MAS_RST.APRQ_12_0635.6-0883108804-hzhvy3pf,final,1.8705,1.626,25,1,,623.332
fdf2e80d48d5eaf1,runs\fr_transfer_T1T4_f117\master_work\worker_01\fdf2e80d48d5eaf1__MAS_RST.APRQ_12_0635.6-7a0b78ec36-iyx92dju,final,1.8637,1.5791,25,1,,620.402
fee0687f62f1c472,runs\fr_transfer_T1T4_f117\master_work\worker_01\fee0687f62f1c472__MAS_RST.APRQ_12_0635.6-7f6f48e35e-nk6c3nbb,final,1.7642,1.4988,25,1,,617.762
25273a3fe0788f5b,runs\fr_transfer_T1T4_f117\master_work\worker_02\25273a3fe0788f5b__MAS_RST.APRQ_12_0635.6-6b6c64b281-s0eisda_,final,1.9695,1.6585,24,1,,592.764
7a45fb1ae6bc62bf,runs\fr_transfer_T1T4_f117\master_work\worker_02\7a45fb1ae6bc62bf__MAS_RST.APRQ_12_0635.6-57503460f8-cicuaswt,final,1.9076,1.5608,25,1,,619.006
bb62dc1c0bb41ee4,runs\fr_transfer_T1T4_f117\master_work\worker_02\bb62dc1c0bb41ee4__MAS_RST.APRQ_12_0635.6-894f92f6fa-yoh81l9n,final,1.8222,1.5463,25,1,,617.751
fb8e7441759eec87,runs\fr_transfer_T1T4_f117\master_work\worker_02\fb8e7441759eec87__MAS_RST.APRQ_12_0635.6-309a6c1ee2-9r9whe6c,final,2.2525,1.8837,25,1,,623.427
62128b329dd5f4e7,runs\fr_transfer_T1T4_f117\master_work\worker_03\62128b329dd5f4e7__MAS_RST.APRQ_12_0635.6-4cf8de0864-zgdve0uo,final,1.9281,1.715,24,1,,589.467
77a8fd3c01784006,runs\fr_transfer_T1T4_f117\master_work\worker_03\77a8fd3c01784006__MAS_RST.APRQ_12_0635.6-83933873e6-2t6_ktgd,final,1.9627,1.7313,25,1,,616.696
c58ea049ffc027f4,runs\fr_transfer_T1T4_f117\master_work\worker_03\c58ea049ffc027f4__MAS_RST.APRQ_12_0635.6-8a7e1fc1e4-faezo_54,final,1.7141,1.5159,25,1,,616.876
fde4a10cbb6eb832,runs\fr_transfer_T1T4_f117\master_work\worker_03\fde4a10cbb6eb832__MAS_RST.APRQ_12_0635.6-1cac286a3f-owql_kxc,final,1.7817,1.6133,25,1,,615.41
4e3af471790f77a9,runs\fr_transfer_T1T4_f117\master_work\worker_04\4e3af471790f77a9__MAS_RST.APRQ_12_0635.6-fcedc1bcf4-i0dlpc2y,final,2.4853,2.0575,25,1,,609.677
8eda074f8a07739a,runs\fr_transfer_T1T4_f117\master_work\worker_04\8eda074f8a07739a__MAS_RST.APRQ_12_0635.6-210dcd4cfc-elzpd0lz,final,1.8957,1.5319,25,1,,610.655
df4f064546fa8173,runs\fr_transfer_T1T4_f117\master_work\worker_04\df4f064546fa8173__MAS_RST.APRQ_12_0635.6-528f35e35f-rwy15quo,final,1.7177,1.5,25,1,,616.43
e00d58513e0fcd45,runs\fr_transfer_T1T4_f117\master_work\worker_04\e00d58513e0fcd45__MAS_RST.APRQ_12_0635.6-cc97539118-rmet59lc,final,2.3341,1.9412,25,1,,613.453
24eae130159b2447,runs\fr_transfer_T1T4_f117\master_work\worker_05\24eae130159b2447__MAS_RST.APRQ_12_0635.6-0528d330e6-g711wdko,final,1.8158,1.6251,25,1,,605.777
86f4e7e83b4dbd79,runs\fr_transfer_T1T4_f117\master_work\worker_05\86f4e7e83b4dbd79__MAS_RST.APRQ_12_0635.6-3773bbc35d-v31t8_42,final,1.8955,1.5846,25,1,,619.103
94c21afa256ce0db,runs\fr_transfer_T1T4_f117\master_work\worker_05\94c21afa256ce0db__MAS_RST.APRQ_12_0635.6-bee483a2d3-_0s_41w1,final,1.8098,1.5964,25,1,,618.169
a91f66c42497f081,runs\fr_transfer_T1T4_f117\master_work\worker_05\a91f66c42497f081__MAS_RST.APRQ_12_0635.6-dfabde9b94-sjftk6ie,final,2.1785,1.8271,25,1,,623.296
8ebb9907504e7c59,runs\fr_transfer_T1T4_f117\master_work\worker_06\8ebb9907504e7c59__MAS_RST.APRQ_12_0635.6-7063dcdf14-t753icn8,final,1.9142,1.6426,26,1,,631.071
d4722a170b04630d,runs\fr_transfer_T1T4_f117\master_work\worker_06\d4722a170b04630d__MAS_RST.APRQ_12_0635.6-b9a4480945-nvrcwqgh,final,2.0098,1.6422,26,1,,631.96
e0df4eaeac3b3436,runs\fr_transfer_T1T4_f117\master_work\worker_06\e0df4eaeac3b3436__MAS_RST.APRQ_12_0635.6-385a01a267-i54mryr1,final,1.8004,1.6136,25,1,,622.508
f7f7a9e9d6ad42fb,runs\fr_transfer_T1T4_f117\master_work\worker_06\f7f7a9e9d6ad42fb__MAS_RST.APRQ_12_0635.6-ff366b2631-vpdsv5on,final,1.8406,1.6656,25,1,,614.867
0d1bdcf2a8b4d1b7,runs\fr_transfer_T1T4_f117\master_work\worker_07\0d1bdcf2a8b4d1b7__MAS_RST.APRQ_12_0635.6-bc016c7f40-9rule079,final,1.7592,1.5563,25,1,,619.179
3c8ee80d8792e1b9,runs\fr_transfer_T1T4_f117\master_work\worker_07\3c8ee80d8792e1b9__MAS_RST.APRQ_12_0635.6-9339642c51-4ycl35o1,final,2.6008,2.1573,25,1,,617.799
4aa895f63bf4debd,runs\fr_transfer_T1T4_f117\master_work\worker_07\4aa895f63bf4debd__MAS_RST.APRQ_12_0635.6-97edb0c7bf-9qs6bcut,final,1.8124,1.5949,25,1,,616.747
a6ac1a9ff5e04846,runs\fr_transfer_T1T4_f117\master_work\worker_07\a6ac1a9ff5e04846__MAS_RST.APRQ_12_0635.6-200cb46154-xvhyme0m,final,1.8966,1.6245,25,1,,624.02
bc1dd37b4eef80d7,runs\fr_transfer_T5T6\master_work\worker_00\bc1dd37b4eef80d7__MAS_RST.APRQ_11_0632.5-243ba3e5b0-nyh7f2sk,final,1.6004,1.459,26,1,,644.213
c2ec9f6320fd8767,runs\fr_transfer_T5T6\master_work\worker_00\c2ec9f6320fd8767__MAS_RST.APRQ_11_0632.5-d2ead7164e-zazkwio7,final,1.8696,1.6387,26,1,,649.598
c6bb8920bbb0ad4d,runs\fr_transfer_T5T6\master_work\worker_00\c6bb8920bbb0ad4d__MAS_RST.APRQ_11_0632.5-a9d635f1e5-lx_52vj2,final,1.6286,1.4545,26,1,,645.958
def32b56b0167b7d,runs\fr_transfer_T5T6\master_work\worker_00\def32b56b0167b7d__MAS_RST.APRQ_11_0632.5-b0978702d7-ln_gjhrs,final,1.6216,1.483,26,1,,644.341
1aa4634df27a6ab9,runs\fr_transfer_T5T6\master_work\worker_01\1aa4634df27a6ab9__MAS_RST.APRQ_11_0632.5-e52a7e2d7b-uvfvcglp,final,1.5941,1.4558,26,1,,644.526
34d1ead52d048b4d,runs\fr_transfer_T5T6\master_work\worker_01\34d1ead52d048b4d__MAS_RST.APRQ_11_0632.5-06c9abc045-5hovq2_9,final,1.8438,1.6103,26,1,,648.134
36c6fac75ebf421d,runs\fr_transfer_T5T6\master_work\worker_01\36c6fac75ebf421d__MAS_RST.APRQ_11_0632.5-c6ed1ffdf6-b9bei3ac,final,1.6719,1.4975,26,1,,645.437
52a209a2c2b5a4a6,runs\fr_transfer_T5T6\master_work\worker_01\52a209a2c2b5a4a6__MAS_RST.APRQ_11_0632.5-1a9273822d-46c77ytm,final,1.6363,1.4966,26,1,,644.365
1e659b6097e80de1,runs\fr_transfer_T5T6\master_work\worker_02\1e659b6097e80de1__MAS_RST.APRQ_11_0632.5-3c694ab310-ni3v0pkc,final,1.6045,1.4636,26,1,,644.181
2cc011803c8319e2,runs\fr_transfer_T5T6\master_work\worker_02\2cc011803c8319e2__MAS_RST.APRQ_11_0632.5-64dd7f1a02-eloz_rdn,final,1.8486,1.6156,26,1,,648.169
4ab18fe234416367,runs\fr_transfer_T5T6\master_work\worker_02\4ab18fe234416367__MAS_RST.APRQ_11_0632.5-ca42e8ccd8-cl0x50p9,final,1.8888,1.6556,26,1,,649.189
4bc79608a10bb745,runs\fr_transfer_T5T6\master_work\worker_02\4bc79608a10bb745__MAS_RST.APRQ_11_0632.5-75201a84de-ed0bivrm,final,1.6352,1.4957,26,1,,644.376
90bc5d44e84a842a,runs\fr_transfer_T5T6\master_work\worker_03\90bc5d44e84a842a__MAS_RST.APRQ_11_0632.5-8449cf219e-ihevmpea,final,1.7855,1.5683,26,1,,648.249
923292ea1d59757f,runs\fr_transfer_T5T6\master_work\worker_03\923292ea1d59757f__MAS_RST.APRQ_11_0632.5-50c65da0a8-zn3tq9jj,final,1.6798,1.49,26,1,,650.537
b607f73543f5c3ae,runs\fr_transfer_T5T6\master_work\worker_03\b607f73543f5c3ae__MAS_RST.APRQ_11_0632.5-84322974eb-vfbbzhyr,final,1.6422,1.497,26,1,,643.46
b8dd1d479a1e8c6f,runs\fr_transfer_T5T6\master_work\worker_03\b8dd1d479a1e8c6f__MAS_RST.APRQ_11_0632.5-67c921e717-9i7wnnbe,final,1.6126,1.4755,26,1,,643.38
1e70692aa8e1f31b,runs\fr_transfer_T5T6\master_work\worker_04\1e70692aa8e1f31b__MAS_RST.APRQ_11_0632.5-6ceb141f4e-gagr2cvx,final,1.902,1.6679,26,1,,647.764
c05fc8837708e05d,runs\fr_transfer_T5T6\master_work\worker_04\c05fc8837708e05d__MAS_RST.APRQ_11_0632.5-d8f24cd95d-3d555pen,final,1.6238,1.4851,26,1,,644.153
d9f944720bbd6ca1,runs\fr_transfer_T5T6\master_work\worker_04\d9f944720bbd6ca1__MAS_RST.APRQ_11_0632.5-0684601182-anj1upr8,final,1.6124,1.4753,26,1,,643.385
f9990aa90666aab6,runs\fr_transfer_T5T6\master_work\worker_04\f9990aa90666aab6__MAS_RST.APRQ_11_0632.5-e61d6940de-1qnkl6cy,final,1.9134,1.6769,26,1,,648.524
1feec171d6c05490,runs\fr_transfer_T5T6\master_work\worker_05\1feec171d6c05490__MAS_RST.APRQ_11_0632.5-2cb7f2d5b9-ebvaxxqj,final,1.6204,1.483,26,1,,644.366
4bdfec2fc16adb31,runs\fr_transfer_T5T6\master_work\worker_05\4bdfec2fc16adb31__MAS_RST.APRQ_11_0632.5-7e489a7d50-q1gnrga4,final,1.619,1.4791,26,1,,644.807
97e0d3a772bdf1ef,runs\fr_transfer_T5T6\master_work\worker_05\97e0d3a772bdf1ef__MAS_RST.APRQ_11_0632.5-e3aa25c751-y_96ms10,final,1.5938,1.4555,26,1,,644.52
e7671f1606206fd3,runs\fr_transfer_T5T6\master_work\worker_05\e7671f1606206fd3__MAS_RST.APRQ_11_0632.5-413110b4e2-fi3sovel,final,1.896,1.6598,26,1,,649.202
5be2f97c483fdd81,runs\fr_transfer_T5T6\master_work\worker_06\5be2f97c483fdd81__MAS_RST.APRQ_11_0632.5-91dd3c66c3-4bm1fajd,final,1.5957,1.4562,26,1,,642.079
6d2ff9924c11a673,runs\fr_transfer_T5T6\master_work\worker_06\6d2ff9924c11a673__MAS_RST.APRQ_11_0632.5-e2cfedc13a-h72hjy2d,final,1.6342,1.4953,26,1,,644.282
ce1df00fe85238b0,runs\fr_transfer_T5T6\master_work\worker_06\ce1df00fe85238b0__MAS_RST.APRQ_11_0632.5-50996709ea-6jkhvpdk,final,1.6169,1.4797,26,1,,644.179
cfc3bf21be4f5caa,runs\fr_transfer_T5T6\master_work\worker_06\cfc3bf21be4f5caa__MAS_RST.APRQ_11_0632.5-113521bf9a-jigwapxt,final,1.592,1.4369,26,1,,644.302
3c0bb959447a1b4a,runs\fr_transfer_T5T6\master_work\worker_07\3c0bb959447a1b4a__MAS_RST.APRQ_11_0632.5-3cdfe4b735-en9px72j,final,1.6127,1.4752,26,1,,644.191
d366c7600d89b169,runs\fr_transfer_T5T6\master_work\worker_07\d366c7600d89b169__MAS_RST.APRQ_11_0632.5-f416ff921c-6expi2yj,final,1.8711,1.6452,26,1,,649.14
eb53955589a2909f,runs\fr_transfer_T5T6\master_work\worker_07\eb53955589a2909f__MAS_RST.APRQ_11_0632.5-ca092d6419-m13zxtaw,final,1.89,1.6624,26,1,,649.152
f5493e5e04a31b36,runs\fr_transfer_T5T6\master_work\worker_07\f5493e5e04a31b36__MAS_RST.APRQ_11_0632.5-a92920560f-g0asjgso,final,1.613,1.4759,26,1,,643.396
a1f460db6cf469f2,runs\fr_transfer_T5T6_f117\master_work\worker_00\a1f460db6cf469f2__MAS_RST.APRQ_09_0620.7-f747b9e6fc-vjbf2dyg,final,1.7716,1.5913,26,1,,633.337
b1f2d44747703808,runs\fr_transfer_T5T6_f117\master_work\worker_00\b1f2d44747703808__MAS_RST.APRQ_09_0620.7-74e82e3f40-l08bj6yw,final,1.8093,1.5912,25,1,,629.215
b303885a179c9135,runs\fr_transfer_T5T6_f117\master_work\worker_00\b303885a179c9135__MAS_RST.APRQ_09_0620.7-2160cbd02d-ut6u23sn,final,1.7774,1.5784,25,1,,626.385
ef27c9aa4ede6783,runs\fr_transfer_T5T6_f117\master_work\worker_00\ef27c9aa4ede6783__MAS_RST.APRQ_09_0620.7-9d11c18a5e-9ciqqiek,final,1.82,1.6067,26,1,,633.65
83dbbe679c96eb28,runs\fr_transfer_T5T6_f117\master_work\worker_01\83dbbe679c96eb28__MAS_RST.APRQ_09_0620.7-d0d53f3705-vcj7j4m3,final,2.0983,1.8506,25,1,,628.148
df4e717eb0d98944,runs\fr_transfer_T5T6_f117\master_work\worker_01\df4e717eb0d98944__MAS_RST.APRQ_09_0620.7-1b2f5c27b0-ujaexaa2,final,1.7539,1.5692,25,1,,628.844
f034c54adfb6c79e,runs\fr_transfer_T5T6_f117\master_work\worker_01\f034c54adfb6c79e__MAS_RST.APRQ_09_0620.7-af01dcc6f3-bbfqv8n1,final,1.8249,1.6101,26,1,,633.775
f1ce2770d96735c0,runs\fr_transfer_T5T6_f117\master_work\worker_01\f1ce2770d96735c0__MAS_RST.APRQ_09_0620.7-1d32970032-bmlndut7,final,1.8499,1.6281,26,1,,632.615
13d285e8084ab89f,runs\fr_transfer_T5T6_f117\master_work\worker_02\13d285e8084ab89f__MAS_RST.APRQ_09_0620.7-afddedbd59-sw6a7_v8,final,1.7721,1.5728,25,1,,625.477
7e519fb24e7fd2d7,runs\fr_transfer_T5T6_f117\master_work\worker_02\7e519fb24e7fd2d7__MAS_RST.APRQ_09_0620.7-3b1dd3aa97-73d8nyur,final,1.8771,1.6525,26,1,,633.891
d93319e9b9aea281,runs\fr_transfer_T5T6_f117\master_work\worker_02\d93319e9b9aea281__MAS_RST.APRQ_09_0620.7-873bccdca0-hkz3ju9l,final,1.7946,1.6135,26,1,,632.454
fcbfa1b8aa0e8cfd,runs\fr_transfer_T5T6_f117\master_work\worker_02\fcbfa1b8aa0e8cfd__MAS_RST.APRQ_09_0620.7-f416be91e3-21eqjna_,final,1.8748,1.6485,25,1,,628.826
502888fcff535aa1,runs\fr_transfer_T5T6_f117\master_work\worker_03\502888fcff535aa1__MAS_RST.APRQ_09_0620.7-70e065fb16-tfd6o2ut,final,2.1545,1.8841,25,1,,626.579
b053c2e3a8061986,runs\fr_transfer_T5T6_f117\master_work\worker_03\b053c2e3a8061986__MAS_RST.APRQ_09_0620.7-b64c5e9da6-fsj2xtxm,final,1.8493,1.6701,25,1,,628.962
bfc2ed8efd425f30,runs\fr_transfer_T5T6_f117\master_work\worker_03\bfc2ed8efd425f30__MAS_RST.APRQ_09_0620.7-28f72faecb-ea0wg4hd,final,1.8845,1.6629,26,1,,633.672
fadf4f0b017e8552,runs\fr_transfer_T5T6_f117\master_work\worker_03\fadf4f0b017e8552__MAS_RST.APRQ_09_0620.7-e92f36cafb-hfhmnnjy,final,1.9316,1.7137,25,1,,625.431
45b7faca7c0e5e08,runs\fr_transfer_T5T6_f117\master_work\worker_04\45b7faca7c0e5e08__MAS_RST.APRQ_09_0620.7-f0aec0a4f7-5452ykq2,final,1.7273,1.5366,25,1,,627.076
4a67033e4245ed79,runs\fr_transfer_T5T6_f117\master_work\worker_04\4a67033e4245ed79__MAS_RST.APRQ_09_0620.7-bfefef1aa3-70yijng3,final,1.7306,1.521,25,1,,629.092
67503b915a4bc157,runs\fr_transfer_T5T6_f117\master_work\worker_04\67503b915a4bc157__MAS_RST.APRQ_09_0620.7-120ebb2d4d-faqjt65g,final,1.7787,1.5666,26,1,,635.088
92dacd44fe36f8ea,runs\fr_transfer_T5T6_f117\master_work\worker_04\92dacd44fe36f8ea__MAS_RST.APRQ_09_0620.7-2debf82d69-ypmcgow4,final,1.7221,1.5466,25,1,,629.514
2f63677c54bdfb89,runs\fr_transfer_T5T6_f117\master_work\worker_05\2f63677c54bdfb89__MAS_RST.APRQ_09_0620.7-ea14912344-xk8wnouy,final,1.8682,1.6458,25,1,,626.269
50d2c35ce9bbcd64,runs\fr_transfer_T5T6_f117\master_work\worker_05\50d2c35ce9bbcd64__MAS_RST.APRQ_09_0620.7-2b95c716de-8snpk7bs,final,1.7462,1.531,26,1,,635.055
cffa5b3989a9938e,runs\fr_transfer_T5T6_f117\master_work\worker_05\cffa5b3989a9938e__MAS_RST.APRQ_09_0620.7-e5377a3459-fbu9zcnd,final,1.9793,1.7507,25,1,,629.295
fe328db86f2e8f52,runs\fr_transfer_T5T6_f117\master_work\worker_05\fe328db86f2e8f52__MAS_RST.APRQ_09_0620.7-0e61179063-tg8avzot,final,1.8275,1.622,26,1,,630.999
8e8abfdbfee482e4,runs\fr_transfer_T5T6_f117\master_work\worker_06\8e8abfdbfee482e4__MAS_RST.APRQ_09_0620.7-5350aad20e-mgklzw24,final,1.9032,1.6821,26,1,,633.151
97dc37cbf33e5adb,runs\fr_transfer_T5T6_f117\master_work\worker_06\97dc37cbf33e5adb__MAS_RST.APRQ_09_0620.7-254f461d9a-lbeets1r,final,1.8542,1.678,26,1,,632.231
b5e7dc795f2493c3,runs\fr_transfer_T5T6_f117\master_work\worker_06\b5e7dc795f2493c3__MAS_RST.APRQ_09_0620.7-7eb501988a-rmxoz494,final,1.8105,1.611,26,1,,630.546
faac8a8f18f1ea28,runs\fr_transfer_T5T6_f117\master_work\worker_06\faac8a8f18f1ea28__MAS_RST.APRQ_09_0620.7-964f12d18f-a_gmgxa9,final,1.7938,1.6269,25,1,,628.391
1b215a786181efa8,runs\fr_transfer_T5T6_f117\master_work\worker_07\1b215a786181efa8__MAS_RST.APRQ_09_0620.7-a45a5c971f-d33r4zt5,final,1.9082,1.6928,25,1,,625.864
22e1eb137953a6a2,runs\fr_transfer_T5T6_f117\master_work\worker_07\22e1eb137953a6a2__MAS_RST.APRQ_09_0620.7-9cdf351be2-zlw973tp,final,1.7983,1.5955,26,1,,630.684
2618ee48a06ec2a1,runs\fr_transfer_T5T6_f117\master_work\worker_07\2618ee48a06ec2a1__MAS_RST.APRQ_09_0620.7-2ec953a4e7-4geq6nbt,final,1.8162,1.6196,25,1,,629.197
959d63c7a53b4e08,runs\fr_transfer_T5T6_f117\master_work\worker_07\959d63c7a53b4e08__MAS_RST.APRQ_09_0620.7-482b799567-xxmnxfh3,final,1.6955,1.4732,26,1,,633.328
4797e2b5ef5bdd91,runs\fr_transfer_T6T4_f121\master_work\worker_00\4797e2b5ef5bdd91__MAS_RST.APRQ_10_0615.1-81a09b7692-4o7wdqct,final,1.72,1.5177,25,1,,619.417
cacded341a530cac,runs\fr_transfer_T6T4_f121\master_work\worker_00\cacded341a530cac__MAS_RST.APRQ_10_0615.1-7a50f177fe-bavno2h7,final,1.6439,1.477,25,1,,619.799
e299a66976fce73a,runs\fr_transfer_T6T4_f121\master_work\worker_00\e299a66976fce73a__MAS_RST.APRQ_10_0615.1-7fad747144-0bcbyefa,final,1.7071,1.5573,25,1,,621.603
f44a84659b75b618,runs\fr_transfer_T6T4_f121\master_work\worker_00\f44a84659b75b618__MAS_RST.APRQ_10_0615.1-27b0bf1c06-gltrer0k,final,1.7035,1.551,25,1,,619.942
1388f01aa78815de,runs\fr_transfer_T6T4_f121\master_work\worker_01\1388f01aa78815de__MAS_RST.APRQ_10_0615.1-b634444365-yekb1u7a,final,1.7378,1.5552,25,1,,620.972
3686d476c61266b3,runs\fr_transfer_T6T4_f121\master_work\worker_01\3686d476c61266b3__MAS_RST.APRQ_10_0615.1-f052213d19-d5lnk7nk,final,1.7027,1.5468,25,1,,621.888
40245938335d719c,runs\fr_transfer_T6T4_f121\master_work\worker_01\40245938335d719c__MAS_RST.APRQ_10_0615.1-37dd07f9e8-wk2g0_y2,final,1.6792,1.5296,25,1,,619.931
7c799ed2c5bdd55e,runs\fr_transfer_T6T4_f121\master_work\worker_01\7c799ed2c5bdd55e__MAS_RST.APRQ_10_0615.1-f0d1039a7b-rlwk_hl5,final,1.6649,1.505,25,1,,619.92
b784388e1a97e3f8,runs\fr_transfer_T6T4_f121\master_work\worker_02\b784388e1a97e3f8__MAS_RST.APRQ_10_0615.1-8d91626bbb-o2d1cyuc,final,1.7081,1.5582,25,1,,621.608
d808485540f84e9c,runs\fr_transfer_T6T4_f121\master_work\worker_02\d808485540f84e9c__MAS_RST.APRQ_10_0615.1-d2235b9245-9poq8fcy,final,1.7056,1.538,25,1,,620.747
f4793a0e0c0e1f4b,runs\fr_transfer_T6T4_f121\master_work\worker_02\f4793a0e0c0e1f4b__MAS_RST.APRQ_10_0615.1-6842bfd431-wm2udqca,final,1.7519,1.5635,25,1,,619.037
f7e243a1277a8959,runs\fr_transfer_T6T4_f121\master_work\worker_02\f7e243a1277a8959__MAS_RST.APRQ_10_0615.1-706f7157ee-9gzajne4,final,1.6779,1.5284,25,1,,619.948
10600ad93f9400e2,runs\fr_transfer_T6T4_f121\master_work\worker_03\10600ad93f9400e2__MAS_RST.APRQ_10_0615.1-4a7c23448f-umvbs4x7,final,1.758,1.5959,25,1,,619.094
514fe376a07c92c4,runs\fr_transfer_T6T4_f121\master_work\worker_03\514fe376a07c92c4__MAS_RST.APRQ_10_0615.1-e569fa4583-x3abrd_f,final,1.7274,1.563,25,1,,619.16
7c66e11828e3c9ed,runs\fr_transfer_T6T4_f121\master_work\worker_03\7c66e11828e3c9ed__MAS_RST.APRQ_10_0615.1-edfc403e99-0ypeme6b,final,1.6587,1.502,25,1,,619.917
d8dfa19982ce301c,runs\fr_transfer_T6T4_f121\master_work\worker_03\d8dfa19982ce301c__MAS_RST.APRQ_10_0615.1-386752487d-bq0hpc90,final,1.7296,1.5244,25,1,,618.645
2cb168168c5e461a,runs\fr_transfer_T6T4_f121\master_work\worker_04\2cb168168c5e461a__MAS_RST.APRQ_10_0615.1-4fca2e61d9-j4449_bx,final,1.7177,1.4959,25,1,,622.949
464b9c10cdd762e8,runs\fr_transfer_T6T4_f121\master_work\worker_04\464b9c10cdd762e8__MAS_RST.APRQ_10_0615.1-af53f29840-swb3fnot,final,1.6573,1.4999,25,1,,624.173
6c2595e8bb247167,runs\fr_transfer_T6T4_f121\master_work\worker_04\6c2595e8bb247167__MAS_RST.APRQ_10_0615.1-1d7a96d648-h0bf08hg,final,1.7141,1.5619,25,1,,621.6
879532ada150da13,runs\fr_transfer_T6T4_f121\master_work\worker_04\879532ada150da13__MAS_RST.APRQ_10_0615.1-b820f00561-g5j7oy9w,final,1.7562,1.5944,25,1,,619.097
05ca19c6c5b489eb,runs\fr_transfer_T6T4_f121\master_work\worker_05\05ca19c6c5b489eb__MAS_RST.APRQ_10_0615.1-f0be579c5c-nkbb1sp5,final,1.6683,1.506,25,1,,622.255
232102103725fef1,runs\fr_transfer_T6T4_f121\master_work\worker_05\232102103725fef1__MAS_RST.APRQ_10_0615.1-8343fcb34f-kfxajo5p,final,1.7014,1.5458,25,1,,621.897
abad8f74dc03ed96,runs\fr_transfer_T6T4_f121\master_work\worker_05\abad8f74dc03ed96__MAS_RST.APRQ_10_0615.1-72ab5d6897-taxyi13h,final,1.7193,1.5586,25,1,,620.104
bdd2e78a9c730865,runs\fr_transfer_T6T4_f121\master_work\worker_05\bdd2e78a9c730865__MAS_RST.APRQ_10_0615.1-a03e7f5092-0jg1edsc,final,1.6539,1.5022,25,1,,621.463
1872d1018260ddb5,runs\fr_transfer_T6T4_f121\master_work\worker_06\1872d1018260ddb5__MAS_RST.APRQ_10_0615.1-1d7bc4b575-1epv1glc,final,1.6956,1.4929,25,1,,622.541
2c7e249f6c7b1650,runs\fr_transfer_T6T4_f121\master_work\worker_06\2c7e249f6c7b1650__MAS_RST.APRQ_10_0615.1-30019be321-lcct5dtu,final,1.713,1.5585,25,1,,619.895
bb326ccd14732e88,runs\fr_transfer_T6T4_f121\master_work\worker_06\bb326ccd14732e88__MAS_RST.APRQ_10_0615.1-e3b4e28a4b-z5sv8zk8,final,1.6947,1.5262,25,1,,620.132
c782ca0b980469ec,runs\fr_transfer_T6T4_f121\master_work\worker_06\c782ca0b980469ec__MAS_RST.APRQ_10_0615.1-e69ff5b428-gyj7nj7y,final,1.7239,1.5662,25,1,,619.875
345b8c0d623869ea,runs\fr_transfer_T6T4_f121\master_work\worker_07\345b8c0d623869ea__MAS_RST.APRQ_10_0615.1-3ecfa615de-xzwb6wcb,final,1.7548,1.5932,25,1,,619.099
35b24beadd2dba49,runs\fr_transfer_T6T4_f121\master_work\worker_07\35b24beadd2dba49__MAS_RST.APRQ_10_0615.1-41563a1f53-tdvctmfl,final,1.707,1.5417,25,1,,623.764
52291f76f81cd001,runs\fr_transfer_T6T4_f121\master_work\worker_07\52291f76f81cd001__MAS_RST.APRQ_10_0615.1-3e56a7bfcc-5_xhsncs,final,1.728,1.5698,25,1,,619.903
5890d0533f742e0b,runs\fr_transfer_T6T4_f121\master_work\worker_07\5890d0533f742e0b__MAS_RST.APRQ_10_0615.1-982a039356-c_zhch2z,final,1.6964,1.491,25,1,,622.921
,runs\produce_run_20260720_035106\master_work\worker_00\7640a5c56ae31ef4__MAS_RST.APRQ_10_0635.8-77165596c8-u_cg6qig,nonfinite,,,0,0,,
,runs\produce_run_20260720_035106\master_work\worker_00\7cb8d75233e0db53__MAS_RST.APRQ_11_0615.8-10be69eaf9-lmmjx27z,nonfinite,,,0,0,,
,runs\produce_run_20260720_035106\master_work\worker_00\9905f085ea2a2c8c__MAS_RST.APRQ_11_0615.8-9ef581b9df-sh2inlxd,nonfinite,,,0,0,,
,runs\produce_run_20260720_035106\master_work\worker_00\ee5bdbc47ee07630__MAS_RST.APRQ_11_0618.3-27a907453e-22zcgapp,nonfinite,,,0,0,,
,runs\produce_run_20260720_035106\master_work\worker_01\0f2d9d76fd13c27f__MAS_RST.APRQ_10_0635.8-0a7a0ea9b9-hd0m3ktw,nonfinite,,,0,0,,
,runs\produce_run_20260720_035106\master_work\worker_01\1267443c0343f3b2__MAS_RST.APRQ_11_0615.8-2a7c414d5e-u42ahk38,nonfinite,,,0,0,,
,runs\produce_run_20260720_035106\master_work\worker_01\1e84fe9965c6a42a__MAS_RST.APRQ_11_0615.8-a77fd53322-tj1tou2b,nonfinite,,,0,0,,
,runs\produce_run_20260720_035106\master_work\worker_01\3e863c14e5ab57b2__MAS_RST.APRQ_11_0618.3-9856b6211b-h9q97i63,nonfinite,,,0,0,,
,runs\produce_run_20260720_035106\master_work\worker_01\8e1183ac5c2d821f__MAS_RST.APRQ_11_0615.8-5139792751-zks9oe3k,nonfinite,,,0,0,,
,runs\produce_run_20260720_035106\master_work\worker_01\cd073986f24618a4__MAS_RST.APRQ_11_0618.3-5fe355f64a-2sk580w1,nonfinite,,,0,0,,
,runs\produce_run_20260720_035106\master_work\worker_01\d1a98188ac07db20__MAS_RST.APRQ_10_0635.8-0650ca5ed2-cyfpnf_f,nonfinite,,,0,0,,
,runs\produce_run_20260720_035106\master_work\worker_02\506b12510f177e76__MAS_RST.APRQ_11_0615.8-fdf6a714a1-76o4am18,nonfinite,,,0,0,,
,runs\produce_run_20260720_035106\master_work\worker_02\a15847f27854fdf1__MAS_RST.APRQ_11_0615.8-aa40160353-f6ma7952,nonfinite,,,0,0,,
,runs\produce_run_20260720_035106\master_work\worker_02\c227309b822306f4__MAS_RST.APRQ_11_0618.3-13de040e20-m08u7rh0,nonfinite,,,0,0,,
,runs\produce_run_20260720_035106\master_work\worker_02\ef830a057fd386e1__MAS_RST.APRQ_10_0635.8-2aa5f9f9f2-li1n4e0y,nonfinite,,,0,0,,
,runs\produce_run_20260720_035106\master_work\worker_03\075355666d342e66__MAS_RST.APRQ_11_0615.8-0a28bed892-gbtn06ml,nonfinite,,,0,0,,
,runs\produce_run_20260720_035106\master_work\worker_03\0c7760ec033f08cc__MAS_RST.APRQ_10_0635.8-8df65e231c-tc8ksjdq,nonfinite,,,0,0,,
,runs\produce_run_20260720_035106\master_work\worker_03\140f8c51c2c84325__MAS_RST.APRQ_11_0618.3-be430b9223-ygbn215b,nonfinite,,,0,0,,
,runs\produce_run_20260720_035106\master_work\worker_03\69e77770019ff7b6__MAS_RST.APRQ_11_0615.8-878176f571-nz_z_pd4,nonfinite,,,0,0,,
,runs\produce_run_20260720_035106\master_work\worker_03\81b0998df49f2c6b__MAS_RST.APRQ_10_0635.8-a7fb091028-vcr17n4h,nonfinite,,,0,0,,
,runs\produce_run_20260720_035106\master_work\worker_04\75749c5764dbe8cf__MAS_RST.APRQ_10_0635.8-e3151de041-scrni0zl,nonfinite,,,0,0,,
,runs\produce_run_20260720_035106\master_work\worker_04\8587c6cbc5a9b9bb__MAS_RST.APRQ_11_0615.8-e4b996ca9f-eaky3ih1,nonfinite,,,0,0,,
,runs\produce_run_20260720_035106\master_work\worker_04\9433816b09677c93__MAS_RST.APRQ_11_0615.8-e2bceda058-faz7v_8k,nonfinite,,,0,0,,
,runs\produce_run_20260720_035106\master_work\worker_04\af7bb52d0e54513d__MAS_RST.APRQ_11_0615.8-365620c786-gm0xwn0j,nonfinite,,,0,0,,
,runs\produce_run_20260720_035106\master_work\worker_04\c682d2af4023bf39__MAS_RST.APRQ_10_0635.8-0e70e6a515-iby_9l6l,nonfinite,,,0,0,,
,runs\produce_run_20260720_035106\master_work\worker_04\fb1b1393987dd451__MAS_RST.APRQ_11_0618.3-ad2ffc34fe-rab1frbr,nonfinite,,,0,0,,
,runs\produce_run_20260720_035106\master_work\worker_05\34898bf87911a0d9__MAS_RST.APRQ_11_0618.3-e59c59cd66-po37yk1c,nonfinite,,,0,0,,
,runs\produce_run_20260720_035106\master_work\worker_05\55943f6ff4b99385__MAS_RST.APRQ_11_0615.8-e3a3b21c4b-4tvtq6uk,nonfinite,,,0,0,,
,runs\produce_run_20260720_035106\master_work\worker_05\bb1a630965529d70__MAS_RST.APRQ_11_0618.3-f9b5c09901-qw7y6ja1,nonfinite,,,0,0,,
,runs\produce_run_20260720_035106\master_work\worker_05\da0e59e03c1665fe__MAS_RST.APRQ_10_0635.8-935748c8b3-_71s0yo3,nonfinite,,,0,0,,
,runs\produce_run_20260720_035106\master_work\worker_05\ed67d3ba072b852a__MAS_RST.APRQ_11_0618.3-39a3195241-sy88yvy5,nonfinite,,,0,0,,
,runs\produce_run_20260720_035106\master_work\worker_05\f29ff3fe74a0544e__MAS_RST.APRQ_10_0635.8-594b355d3d-_5obofd2,nonfinite,,,0,0,,
,runs\produce_run_20260720_035106\master_work\worker_06\0a405ee1b52a3455__MAS_RST.APRQ_11_0615.8-b39eae1988-coye0qa6,nonfinite,,,0,0,,
,runs\produce_run_20260720_035106\master_work\worker_06\0cd2edd8e7a5dd6e__MAS_RST.APRQ_11_0618.3-f10d2008e5-m5j8gdjf,nonfinite,,,0,0,,
,runs\produce_run_20260720_035106\master_work\worker_06\1b58390928944da9__MAS_RST.APRQ_11_0615.8-482d1cff34-qbpgqm66,nonfinite,,,0,0,,
,runs\produce_run_20260720_035106\master_work\worker_06\3046629f6bca1e59__MAS_RST.APRQ_11_0615.8-07d8e356de-q1k73vmy,nonfinite,,,0,0,,
,runs\produce_run_20260720_035106\master_work\worker_06\5df6632dd429839f__MAS_RST.APRQ_11_0615.8-6bf576178c-8izktzdv,nonfinite,,,0,0,,
,runs\produce_run_20260720_035106\master_work\worker_06\788dd2b7351b7c31__MAS_RST.APRQ_11_0615.8-773fa2afc8-zrpxdxb_,nonfinite,,,0,0,,
,runs\produce_run_20260720_035106\master_work\worker_06\83dea4815eb47700__MAS_RST.APRQ_11_0618.3-a96154377c-6yxt3qze,nonfinite,,,0,0,,
,runs\produce_run_20260720_035106\master_work\worker_06\ba9a81da5238ef99__MAS_RST.APRQ_11_0615.8-756dd9d9ef-zgers44_,nonfinite,,,0,0,,
,runs\produce_run_20260720_035106\master_work\worker_07\3275a6e5382aaac1__MAS_RST.APRQ_10_0635.8-0ddf65c43c-3epd5ao6,nonfinite,,,0,0,,
,runs\produce_run_20260720_035106\master_work\worker_07\38438f4f5b2e93eb__MAS_RST.APRQ_11_0615.8-01e6849b85-g2wsbucx,nonfinite,,,0,0,,
,runs\produce_run_20260720_035106\master_work\worker_07\f733330b28d5126a__MAS_RST.APRQ_11_0618.3-31de7abc26-qupcd63g,nonfinite,,,0,0,,
,runs\produce_run_20260720_035106\master_work\worker_08\076dc34ef3ac480f__MAS_RST.APRQ_10_0635.8-13ca713cd3-e48lbyks,nonfinite,,,0,0,,
,runs\produce_run_20260720_035106\master_work\worker_08\134569b881e91eb8__MAS_RST.APRQ_11_0618.3-0c9df46201-s3ikhr31,nonfinite,,,0,0,,
,runs\produce_run_20260720_035106\master_work\worker_08\8788152c1c1e7f55__MAS_RST.APRQ_10_0635.8-c512bf9357-jo1jglos,nonfinite,,,0,0,,
,runs\produce_run_20260720_035106\master_work\worker_08\9fbd758285cc85de__MAS_RST.APRQ_10_0635.8-929f2f1443-x2y26d6_,nonfinite,,,0,0,,
,runs\produce_run_20260720_035106\master_work\worker_08\ad158b23963c8aa1__MAS_RST.APRQ_11_0615.8-ea369e688b-259w2s84,nonfinite,,,0,0,,
,runs\produce_run_20260720_035106\master_work\worker_08\baa42c3b7438c365__MAS_RST.APRQ_10_0635.8-9f372acfbc-cwhotj9a,nonfinite,,,0,0,,
,runs\produce_run_20260720_035106\master_work\worker_09\46914a7d60377d5d__MAS_RST.APRQ_10_0635.8-86ed99ce21-t89sxojw,nonfinite,,,0,0,,
,runs\produce_run_20260720_035106\master_work\worker_09\a4ed676966929ea9__MAS_RST.APRQ_11_0618.3-395f147eb4-ved6wm1j,nonfinite,,,0,0,,
,runs\produce_run_20260720_035106\master_work\worker_10\323b9724d3adcb70__MAS_RST.APRQ_11_0618.3-c1aab052e8-btrldqei,nonfinite,,,0,0,,
,runs\produce_run_20260720_035106\master_work\worker_10\4d2422b188751970__MAS_RST.APRQ_11_0618.3-cc2475ce01-k5rjzjtb,nonfinite,,,0,0,,
,runs\produce_run_20260720_035106\master_work\worker_10\5a87fad23a5d6112__MAS_RST.APRQ_11_0615.8-b235abb427-zojzklwt,nonfinite,,,0,0,,
,runs\produce_run_20260720_035106\master_work\worker_10\606a558cf4cd3c4a__MAS_RST.APRQ_11_0615.8-6687108d32-5jnhs52a,nonfinite,,,0,0,,
,runs\produce_run_20260720_035106\master_work\worker_10\a7fe562637ec03e6__MAS_RST.APRQ_11_0615.8-d0a3303f48-wt84g0lp,nonfinite,,,0,0,,
,runs\produce_run_20260720_035106\master_work\worker_10\ed1d3a01bb3c3edf__MAS_RST.APRQ_11_0615.8-2487d30760-yugc3b94,nonfinite,,,0,0,,
,runs\produce_run_20260720_035106\master_work\worker_11\8377a8850f1a0818__MAS_RST.APRQ_10_0635.8-6e17515cb1-yeloumx1,nonfinite,,,0,0,,
,runs\produce_run_20260720_035106\master_work\worker_11\842fbc0b0d03f17f__MAS_RST.APRQ_11_0615.8-4f90954a5d-dw4zl44v,nonfinite,,,0,0,,
,runs\produce_run_20260720_035106\master_work\worker_11\91e05ca61844e78a__MAS_RST.APRQ_11_0615.8-22d0d950c3-w6prs_t7,nonfinite,,,0,0,,
,runs\produce_run_20260720_035106\master_work\worker_11\9e0e0857912127bd__MAS_RST.APRQ_10_0635.8-2965bd1d81-f_d67n8f,nonfinite,,,0,0,,
,runs\produce_run_20260720_035106\master_work\worker_11\a7a6b96a41792be9__MAS_RST.APRQ_11_0618.3-98b3167514-c76holxp,nonfinite,,,0,0,,
,runs\produce_run_20260720_035106\master_work\worker_12\9151b9c5a46dfb2b__MAS_RST.APRQ_11_0618.3-9ee682bc95-ndfn8g84,nonfinite,,,0,0,,
,runs\produce_run_20260720_035106\master_work\worker_12\bde56fb365b6e1d9__MAS_RST.APRQ_11_0615.8-ae337d2b12-xtojelk9,nonfinite,,,0,0,,
,runs\produce_run_20260720_035106\master_work\worker_13\50ad372474df7a8c__MAS_RST.APRQ_11_0615.8-b1367f4ffa-1g91zrik,nonfinite,,,0,0,,
,runs\produce_run_20260720_035106\master_work\worker_13\cdb62997a2a50c6d__MAS_RST.APRQ_10_0635.8-1ac88cbcfe-vgj9se80,nonfinite,,,0,0,,
,runs\produce_run_20260720_035106\master_work\worker_14\119861836cf77f30__MAS_RST.APRQ_11_0615.8-e9f90947a3-ee2avbfd,nonfinite,,,0,0,,
,runs\produce_run_20260720_035106\master_work\worker_14\5b524c8e8a5c17da__MAS_RST.APRQ_10_0635.8-1476440093-k_46ff_l,nonfinite,,,0,0,,
,runs\produce_run_20260720_035106\master_work\worker_14\654af6ff3ef4e0e3__MAS_RST.APRQ_11_0615.8-3bb74b6e18-efxg1j9w,nonfinite,,,0,0,,
,runs\produce_run_20260720_035106\master_work\worker_14\c68e69bab8db4fa6__MAS_RST.APRQ_11_0618.3-a2795559e3-bf_aqzl_,nonfinite,,,0,0,,
,runs\produce_run_20260720_035106\master_work\worker_15\05b84abb118f760f__MAS_RST.APRQ_11_0615.8-b6e20bad2a-3qapc7y8,nonfinite,,,0,0,,
,runs\produce_run_20260720_035106\master_work\worker_15\46c03167c25b5f63__MAS_RST.APRQ_11_0618.3-05b834a912-lpinvh1h,nonfinite,,,0,0,,
,runs\produce_run_20260720_035106\master_work\worker_15\ce9d4b098c69f346__MAS_RST.APRQ_10_0635.8-032361a8b7-tdvzg8d_,nonfinite,,,0,0,,
,runs\produce_run_20260720_035106\master_work\worker_15\d4cf406601750020__MAS_RST.APRQ_10_0635.8-11e7766d65-rxgll8pf,nonfinite,,,0,0,,
,runs\produce_run_20260720_035106\master_work\worker_16\261dabf2c9c2d71c__MAS_RST.APRQ_11_0615.8-032510f26b-t7b_50ni,nonfinite,,,0,0,,
,runs\produce_run_20260720_035106\master_work\worker_16\521f96909a6d8bb8__MAS_RST.APRQ_11_0615.8-435dba7d94-7yubaa_3,nonfinite,,,0,0,,
,runs\produce_run_20260720_035106\master_work\worker_16\5454775223cacdd8__MAS_RST.APRQ_11_0615.8-9c67063046-thtq9qbd,nonfinite,,,0,0,,
,runs\produce_run_20260720_035106\master_work\worker_16\a367548840f715a2__MAS_RST.APRQ_11_0615.8-2e2963486c-2syjkv6l,nonfinite,,,0,0,,
,runs\produce_run_20260720_035106\master_work\worker_16\dc57893b572c0e5d__MAS_RST.APRQ_11_0615.8-25b5656565-r5dzx_cw,nonfinite,,,0,0,,
,runs\produce_run_20260720_035106\master_work\worker_16\e3ed584a457260d4__MAS_RST.APRQ_11_0618.3-f2b6815715-r3j3uc6l,nonfinite,,,0,0,,
,runs\produce_run_20260720_035106\master_work\worker_17\2fc2511fb8133e31__MAS_RST.APRQ_10_0635.8-d8dcdcb78f-4mkabwdf,nonfinite,,,0,0,,
,runs\produce_run_20260720_035106\master_work\worker_17\7e49bcd66bbb2ff3__MAS_RST.APRQ_11_0615.8-ee4d21c7d1-2r4zvyql,nonfinite,,,0,0,,
,runs\produce_run_20260720_035106\master_work\worker_17\80986073009ee994__MAS_RST.APRQ_11_0615.8-4853ad0abc-cm8ofi4_,nonfinite,,,0,0,,
,runs\produce_run_20260720_035106\master_work\worker_17\db0cbf7fa8f6e3d6__MAS_RST.APRQ_10_0635.8-d3d524e276-rsfh83vv,nonfinite,,,0,0,,
,runs\produce_run_20260720_035106\master_work\worker_17\f446fd38236f2343__MAS_RST.APRQ_11_0618.3-f3ea9d5840-nqy_r_71,nonfinite,,,0,0,,
,runs\produce_run_20260720_035106\master_work\worker_18\61224d7e4ce34e4a__MAS_RST.APRQ_11_0615.8-d9f41952f5-x3kog4i2,nonfinite,,,0,0,,
,runs\produce_run_20260720_035106\master_work\worker_18\66b08ddac1fc2917__MAS_RST.APRQ_11_0618.3-a66f3031b1-hrlmm6o9,nonfinite,,,0,0,,
,runs\produce_run_20260720_035106\master_work\worker_18\80395be50ac24e1c__MAS_RST.APRQ_11_0615.8-b5a46d3bbb-2kcbl2tk,nonfinite,,,0,0,,
,runs\produce_run_20260720_035106\master_work\worker_18\87313ff1bc4aa258__MAS_RST.APRQ_11_0615.8-2e7d6a062f-h25pt15d,nonfinite,,,0,0,,
,runs\produce_run_20260720_035106\master_work\worker_18\8e2692b0766388c0__MAS_RST.APRQ_11_0615.8-7704320cf6-pnsomo8g,nonfinite,,,0,0,,
,runs\produce_run_20260720_035106\master_work\worker_18\ce49ce2363324d03__MAS_RST.APRQ_10_0635.8-fb7a514f59-pzqfj9mg,nonfinite,,,0,0,,
,runs\produce_run_20260720_035106\master_work\worker_19\612e3adf17f60f10__MAS_RST.APRQ_11_0618.3-bfd6d2b7ae-wawtykuz,nonfinite,,,0,0,,
,runs\produce_run_20260720_035106\master_work\worker_19\667f8315cfff3c58__MAS_RST.APRQ_10_0635.8-9ef716e04f-svlbn_x4,nonfinite,,,0,0,,
,runs\produce_run_20260720_035106\master_work\worker_19\6f8febec8c9da948__MAS_RST.APRQ_11_0615.8-72df30ee78-xkhymz0o,nonfinite,,,0,0,,
,runs\produce_run_20260720_035106\master_work\worker_19\fb40a62c2a845481__MAS_RST.APRQ_10_0635.8-7d1fbb1fd4-87vbbnyd,nonfinite,,,0,0,,
,runs\produce_run_20260720_035106\master_work\worker_20\0ebef3312e1ada9a__MAS_RST.APRQ_10_0635.8-32eabaa078-d2vweie0,nonfinite,,,0,0,,
,runs\produce_run_20260720_035106\master_work\worker_20\2a74a13a70962d32__MAS_RST.APRQ_11_0615.8-adec2e0d09-gzdg9n2e,nonfinite,,,0,0,,
,runs\produce_run_20260720_035106\master_work\worker_20\5ed6f60709542e91__MAS_RST.APRQ_11_0615.8-5b3aa962c7-ro6atfgr,nonfinite,,,0,0,,
,runs\produce_run_20260720_035106\master_work\worker_20\82db4e4aa2a61d9b__MAS_RST.APRQ_11_0618.3-f4c2d579c5-jdlkb7e6,nonfinite,,,0,0,,
,runs\produce_run_20260720_035106\master_work\worker_21\2dbe8ff27640e82e__MAS_RST.APRQ_10_0635.8-13b19af447-1k6kii3i,nonfinite,,,0,0,,
,runs\produce_run_20260720_072000\master_work\worker_00\68f6c3afc9d73a4a__MAS_RST.APRQ_11_0705.0-6d24a9487e-eamtsan4,nonfinite,,,0,0,,
,runs\produce_run_20260720_072000\master_work\worker_00\ff252ffd00bd5bb2__MAS_RST.APRQ_11_0767.1-5a134f9880-53i90go7,nonfinite,,,0,0,,
,runs\produce_run_20260720_072000\master_work\worker_01\054a3d4051ce16dc__MAS_RST.APRQ_11_0705.0-df6eedd5dc-5fnxlv1e,nonfinite,,,0,0,,
,runs\produce_run_20260720_072000\master_work\worker_01\253128a2dab6092f__MAS_RST.APRQ_11_0767.1-9adae0a61b-0rc7i60_,nonfinite,,,0,0,,
,runs\produce_run_20260720_072000\master_work\worker_01\62e0d8bd2131b852__MAS_RST.APRQ_11_0705.0-ce6b7aba60-lfow_nqk,nonfinite,,,0,0,,
,runs\produce_run_20260720_072000\master_work\worker_01\7551e56e0bb64aa6__MAS_RST.APRQ_11_0705.0-9a8837d138-64oswnin,nonfinite,,,0,0,,
,runs\produce_run_20260720_072000\master_work\worker_01\8098bd208ce5f5b0__MAS_RST.APRQ_11_0705.0-0684ab3cb9-uwylqfqn,nonfinite,,,0,0,,
,runs\produce_run_20260720_072000\master_work\worker_01\84d845bff9763ab5__MAS_RST.APRQ_11_0705.0-138c02059f-6k2npbtx,nonfinite,,,0,0,,
,runs\produce_run_20260720_072000\master_work\worker_01\a3197ca937262ba0__MAS_RST.APRQ_11_0705.0-5e0936a2aa-lmo0bxg2,nonfinite,,,0,0,,
,runs\produce_run_20260720_072000\master_work\worker_01\dec82d5491c7d089__MAS_RST.APRQ_11_0767.1-b692cacf06-wauwfqwb,nonfinite,,,0,0,,
,runs\produce_run_20260720_072000\master_work\worker_01\e078b3a34bfc17cf__MAS_RST.APRQ_11_0705.0-c68e162e94-3y7epye0,nonfinite,,,0,0,,
,runs\produce_run_20260720_072000\master_work\worker_02\05c9239dd91b8222__MAS_RST.APRQ_11_0767.1-88608948aa-mhbw5ghg,nonfinite,,,0,0,,
,runs\produce_run_20260720_072000\master_work\worker_02\5ea7ac8278d9d1a0__MAS_RST.APRQ_11_0705.0-e3a16f7ffb-_xnx3ajz,nonfinite,,,0,0,,
,runs\produce_run_20260720_072000\master_work\worker_02\bde97906a9ee2ca4__MAS_RST.APRQ_11_0705.0-d39fcb7383-s_6u_aq_,nonfinite,,,0,0,,
,runs\produce_run_20260720_072000\master_work\worker_02\ccb4051bec10fc47__MAS_RST.APRQ_11_0705.0-2aa18e2433-1ipb60cw,nonfinite,,,0,0,,
,runs\produce_run_20260720_072000\master_work\worker_02\f83a7098a8e079eb__MAS_RST.APRQ_11_0705.0-d8121c8833-zxhi07m_,nonfinite,,,0,0,,
,runs\produce_run_20260720_072000\master_work\worker_03\24693c52d4e4eba8__MAS_RST.APRQ_11_0767.1-1125216101-cyz6ppry,nonfinite,,,0,0,,
,runs\produce_run_20260720_072000\master_work\worker_03\725c9039596ed4ee__MAS_RST.APRQ_11_0705.0-e9bdf66d33-w9z3nbfu,nonfinite,,,0,0,,
,runs\produce_run_20260720_072000\master_work\worker_03\757e7768f0c7ce7b__MAS_RST.APRQ_11_0705.0-36add40400-kdtlmaiz,nonfinite,,,0,0,,
,runs\produce_run_20260720_072000\master_work\worker_03\d6e05b885020b42e__MAS_RST.APRQ_11_0767.1-a88f0198d1-pr13kglf,nonfinite,,,0,0,,
,runs\produce_run_20260720_072000\master_work\worker_03\edb65e33f6f439ba__MAS_RST.APRQ_11_0705.0-390c059d45-d2ay4nf1,nonfinite,,,0,0,,
,runs\produce_run_20260720_072000\master_work\worker_03\f9ec199227051f26__MAS_RST.APRQ_11_0705.0-fb46912c26-wseg097v,nonfinite,,,0,0,,
,runs\produce_run_20260720_072000\master_work\worker_04\296b18aa5b3dfa09__MAS_RST.APRQ_11_0705.0-3d62ceea7e-sj76gznv,nonfinite,,,0,0,,
,runs\produce_run_20260720_072000\master_work\worker_04\49e486b1014f1ccc__MAS_RST.APRQ_11_0767.1-d4782bdfbd-6eufu2d2,nonfinite,,,0,0,,
,runs\produce_run_20260720_072000\master_work\worker_04\9de7e4ea4877d497__MAS_RST.APRQ_11_0705.0-0096f1f7cc-gh0l88fc,nonfinite,,,0,0,,
,runs\produce_run_20260720_072000\master_work\worker_05\149c5b396c24eb7d__MAS_RST.APRQ_11_0705.0-2bc3b77656-cye70lc1,nonfinite,,,0,0,,
,runs\produce_run_20260720_072000\master_work\worker_05\42f3892cb5cd3bea__MAS_RST.APRQ_11_0705.0-79ae95e39f-4zgnic_b,nonfinite,,,0,0,,
,runs\produce_run_20260720_072000\master_work\worker_05\4884664e797da8a2__MAS_RST.APRQ_11_0767.1-49cc83f5e4-82ljz58d,nonfinite,,,0,0,,
,runs\produce_run_20260720_072000\master_work\worker_06\3a10c008e928bc0b__MAS_RST.APRQ_11_0705.0-5884b69d51-65osk760,nonfinite,,,0,0,,
,runs\produce_run_20260720_072000\master_work\worker_06\5c111270b4b7f509__MAS_RST.APRQ_11_0767.1-0becc8ed43-ai70aegq,nonfinite,,,0,0,,
,runs\produce_run_20260720_072000\master_work\worker_06\5cb25fefb25ec886__MAS_RST.APRQ_11_0705.0-8ed71f76dd-5wqoh233,nonfinite,,,0,0,,
,runs\produce_run_20260720_072000\master_work\worker_06\633d6e500e533a5b__MAS_RST.APRQ_11_0705.0-5eb408d0cd-16ssvab9,nonfinite,,,0,0,,
,runs\produce_run_20260720_072000\master_work\worker_07\13cf613a486daf18__MAS_RST.APRQ_11_0767.1-20ee1b3a50-x1zqp71g,nonfinite,,,0,0,,
,runs\produce_run_20260720_072000\master_work\worker_07\aef348b9b9fe4a5e__MAS_RST.APRQ_11_0705.0-a8723b43bc-u6sy55po,nonfinite,,,0,0,,
,runs\produce_run_20260720_072000\master_work\worker_07\bcbd02f9ab0f85b6__MAS_RST.APRQ_11_0705.0-5ff14bf2e8-0o7qt295,nonfinite,,,0,0,,
,runs\produce_run_20260720_072000\master_work\worker_08\6a2cc73302118663__MAS_RST.APRQ_11_0767.1-e4cef51bb4-fd170qcd,nonfinite,,,0,0,,
,runs\produce_run_20260720_072000\master_work\worker_09\085d0fbbea6d821d__MAS_RST.APRQ_11_0705.0-03f5647c86-zyr9jjsg,nonfinite,,,0,0,,
,runs\produce_run_20260720_072000\master_work\worker_09\3c935bf26499cc27__MAS_RST.APRQ_11_0705.0-fbc875e090-l_qcv9vu,nonfinite,,,0,0,,
,runs\produce_run_20260720_072000\master_work\worker_09\befe8ed58a194521__MAS_RST.APRQ_11_0705.0-313f9d43c8-qfd2cr13,nonfinite,,,0,0,,
,runs\produce_run_20260720_072000\master_work\worker_09\f38fd933f9d20ed9__MAS_RST.APRQ_11_0705.0-367850fdd8-9dzd6cu5,nonfinite,,,0,0,,
,runs\produce_run_20260720_072000\master_work\worker_10\0a51c48c1d6f520b__MAS_RST.APRQ_11_0705.0-b4a370e070-szz4wj2q,nonfinite,,,0,0,,
,runs\produce_run_20260720_072000\master_work\worker_10\49aee2a211694419__MAS_RST.APRQ_11_0705.0-f650478326-v9_khil0,nonfinite,,,0,0,,
,runs\produce_run_20260720_072000\master_work\worker_10\ba75114dbb9ff231__MAS_RST.APRQ_11_0705.0-a493d4046d-0yer0sli,nonfinite,,,0,0,,
,runs\produce_run_20260720_072000\master_work\worker_10\e82e0ee9b0a4281a__MAS_RST.APRQ_11_0705.0-34e529943c-is6lbk4u,nonfinite,,,0,0,,
,runs\produce_run_20260720_072000\master_work\worker_11\0137b960895b9ad3__MAS_RST.APRQ_11_0767.1-c725fedb5b-nx2myaaf,nonfinite,,,0,0,,
,runs\produce_run_20260720_072000\master_work\worker_11\39e999ff58f8801d__MAS_RST.APRQ_11_0705.0-4cae07a8fa-4nzmcgsi,nonfinite,,,0,0,,
,runs\produce_run_20260720_072000\master_work\worker_11\9e58612c94ca9624__MAS_RST.APRQ_11_0705.0-ede3432a79-7bfgizes,nonfinite,,,0,0,,
,runs\produce_run_20260720_072000\master_work\worker_11\a29f91a1fee0b0c8__MAS_RST.APRQ_11_0705.0-4fed47dd87-gzwowbbr,nonfinite,,,0,0,,
,runs\produce_run_20260720_072000\master_work\worker_12\1406eeb79cbaec76__MAS_RST.APRQ_11_0705.0-8a580f61b0-6smo6yxs,nonfinite,,,0,0,,
,runs\produce_run_20260720_072000\master_work\worker_12\8fafd2ef8a45dd4b__MAS_RST.APRQ_11_0705.0-66890b961f-97qbp2u9,nonfinite,,,0,0,,
,runs\produce_run_20260720_072000\master_work\worker_13\2cee006c56a6898e__MAS_RST.APRQ_11_0705.0-3630e46d3c-nqz0h2v7,nonfinite,,,0,0,,
,runs\produce_run_20260720_072000\master_work\worker_13\3971680bcd0610d3__MAS_RST.APRQ_11_0705.0-6943da9c6f-3jx3bz9c,nonfinite,,,0,0,,
,runs\produce_run_20260720_072000\master_work\worker_14\4e56100d7a1d2a6f__MAS_RST.APRQ_11_0705.0-4c51dc32d3-_d4ju1cy,nonfinite,,,0,0,,
,runs\produce_run_20260720_072000\master_work\worker_14\d9795e950b2c31cc__MAS_RST.APRQ_11_0767.1-a5063b9635-53jwdm5h,nonfinite,,,0,0,,
,runs\produce_run_20260720_072000\master_work\worker_15\9ac139841093e363__MAS_RST.APRQ_11_0767.1-bf969aef44-k2yfeyaj,nonfinite,,,0,0,,
,runs\produce_run_20260720_072000\master_work\worker_16\221ebf49f5bc0ec1__MAS_RST.APRQ_11_0705.0-c1743068b6-u93zvz7k,nonfinite,,,0,0,,
,runs\produce_run_20260720_072000\master_work\worker_16\842842e24f52530f__MAS_RST.APRQ_11_0705.0-d55bb00673-9_a7bfvc,nonfinite,,,0,0,,
,runs\produce_run_20260720_072000\master_work\worker_17\25b9f7c9f9efdf7e__MAS_RST.APRQ_11_0767.1-3b6a738b02-7l6gebpc,nonfinite,,,0,0,,
,runs\produce_run_20260720_072000\master_work\worker_17\73d511616d7c407f__MAS_RST.APRQ_11_0767.1-6dd38303f8-uksh65zw,nonfinite,,,0,0,,
,runs\produce_run_20260720_072000\master_work\worker_17\add7c4d1740ff211__MAS_RST.APRQ_11_0705.0-5a52514d6c-p2xxow0h,nonfinite,,,0,0,,
,runs\produce_run_20260720_072000\master_work\worker_18\a5f3571f1b558f80__MAS_RST.APRQ_11_0767.1-186c437d4a-iej708v2,nonfinite,,,0,0,,
,runs\produce_run_20260720_072000\master_work\worker_18\b9fcba176bf644a6__MAS_RST.APRQ_11_0705.0-b8085aeabd-4dbswphu,nonfinite,,,0,0,,
,runs\produce_run_20260720_072000\master_work\worker_19\0a8819bb9eebd730__MAS_RST.APRQ_11_0767.1-9e9604852e-pucoymna,nonfinite,,,0,0,,
,runs\produce_run_20260720_072000\master_work\worker_19\9a495bfe2bfe2d8c__MAS_RST.APRQ_11_0767.1-a44803680c-t2ye4nyn,nonfinite,,,0,0,,
,runs\produce_run_20260720_072000\master_work\worker_19\f53bbbce22c07a4a__MAS_RST.APRQ_11_0705.0-5d618aa777-uin1czy7,nonfinite,,,0,0,,
,runs\produce_run_20260720_072000\master_work\worker_20\15770e47f7860358__MAS_RST.APRQ_11_0705.0-456315c5a0-dciyhc8s,nonfinite,,,0,0,,
,runs\produce_run_20260720_072000\master_work\worker_21\34ef7fb23481495d__MAS_RST.APRQ_11_0767.1-597e86907a-55h44fdy,nonfinite,,,0,0,,
,runs\produce_run_20260720_072000\master_work\worker_21\985fe922db62abd0__MAS_RST.APRQ_11_0705.0-a4e131fbd6-wf3dg6_l,nonfinite,,,0,0,,
,runs\produce_run_20260720_072000\master_work\worker_21\e385604dbecb17d8__MAS_RST.APRQ_11_0705.0-0f4dfe57b9-gw5cvb5k,nonfinite,,,0,0,,
,runs\produce_run_20260720_072000\master_work\worker_22\0cc10ed5bc8e3535__MAS_RST.APRQ_11_0705.0-e4afc755f1-ucjbolnr,nonfinite,,,0,0,,
,runs\produce_run_20260720_072000\master_work\worker_22\226d8739570cd185__MAS_RST.APRQ_11_0705.0-59c0cc3bec-jziu9mra,nonfinite,,,0,0,,
,runs\produce_run_20260720_072000\master_work\worker_22\8581f6725ee4b1ca__MAS_RST.APRQ_11_0705.0-eedca07ca4-r92ygbl4,nonfinite,,,0,0,,
,runs\produce_run_20260720_142157\master_work\worker_00\097924d6655ef268__MAS_RST.APRQ_11_0630.4-606171b9fb-mci27p57,no_mas_sum,,,0,0,,
097924d6655ef268,runs\produce_run_20260720_142157\master_work\worker_00\097924d6655ef268__MAS_RST.APRQ_11_0630.4-b456d2a295-tkbwkqlw,superseded,,,0,0,,
,runs\produce_run_20260720_142157\master_work\worker_00\8da01185e3559c5c__MAS_RST.APRQ_11_0630.4-f1053553bc-gynredrx,nonfinite,,,0,0,,
,runs\produce_run_20260720_142157\master_work\worker_00\a919eb78dff1f9cf__MAS_RST.APRQ_11_0686.4-012c15ed27-fu_zgz1z,nonfinite,,,0,0,,
,runs\produce_run_20260720_142157\master_work\worker_00\e72df61a22946d80__MAS_RST.APRQ_11_0637.5-87a4b788d2-qwrgxyp0,nonfinite,,,0,0,,
,runs\produce_run_20260720_142157\master_work\worker_01\0e3ccb5712ac274d__MAS_RST.APRQ_11_0637.5-b464190651-jy3l3ees,nonfinite,,,0,0,,
,runs\produce_run_20260720_142157\master_work\worker_01\28f2fccd725db59a__MAS_RST.APRQ_11_0692.6-8e6e64726e-kjby_pm7,nonfinite,,,0,0,,
85d71961161923ce,runs\produce_run_20260720_142157\master_work\worker_01\85d71961161923ce__MAS_RST.APRQ_11_0637.5-5ca445e1e5-2b4e0_kg,superseded,,,0,0,,
,runs\produce_run_20260720_142157\master_work\worker_01\85d71961161923ce__MAS_RST.APRQ_11_0637.5-65b3bf67c5-n0c2ktpl,no_mas_sum,,,0,0,,
,runs\produce_run_20260720_142157\master_work\worker_01\e12e0d792585a12a__MAS_RST.APRQ_11_0635.1-79ee5a642d-fkjg5033,nonfinite,,,0,0,,
,runs\produce_run_20260720_142157\master_work\worker_02\6eec9c447fb9a0cf__MAS_RST.APRQ_10_0635.8-d3d560b152-zqx_27rg,nonfinite,,,0,0,,
,runs\produce_run_20260720_142157\master_work\worker_02\c260801f2575bfdd__MAS_RST.APRQ_11_0688.2-165d480253-jgagmeno,nonfinite,,,0,0,,
,runs\produce_run_20260720_142157\master_work\worker_02\c71ec7ac899bc44c__MAS_RST.APRQ_10_0635.8-4e0121a983-ljlqzvdp,nonfinite,,,0,0,,
,runs\produce_run_20260720_142157\master_work\worker_02\d7602df619c9643b__MAS_RST.APRQ_11_0630.4-e20c53e59f-_talp01h,nonfinite,,,0,0,,
,runs\produce_run_20260720_142157\master_work\worker_03\5a419e71becae9ea__MAS_RST.APRQ_11_0635.1-005e50912d-9c_uuzv8,nonfinite,,,0,0,,
,runs\produce_run_20260720_142157\master_work\worker_03\709a4d2f6a69f990__MAS_RST.APRQ_11_0630.4-9bd889762c-gll8d2fm,no_mas_sum,,,0,0,,
709a4d2f6a69f990,runs\produce_run_20260720_142157\master_work\worker_03\709a4d2f6a69f990__MAS_RST.APRQ_11_0630.4-f91a37e5b5-1jbsmb52,superseded,,,0,0,,
,runs\produce_run_20260720_142157\master_work\worker_03\7d593f38efffec78__MAS_RST.APRQ_10_0635.8-b8342259ed-beorti2m,nonfinite,,,0,0,,
,runs\produce_run_20260720_142157\master_work\worker_03\85ddec371e84694d__MAS_RST.APRQ_11_0635.1-77067edd53-2s73y33y,nonfinite,,,0,0,,
,runs\produce_run_20260720_142157\master_work\worker_03\8b0d2601f5b3db58__MAS_RST.APRQ_10_0635.8-3e4c45a4e2-dk55c_vq,nonfinite,,,0,0,,
,runs\produce_run_20260720_142157\master_work\worker_04\768bb21b46537897__MAS_RST.APRQ_11_0635.1-3654f39121-7c7_dn35,no_mas_sum,,,0,0,,
768bb21b46537897,runs\produce_run_20260720_142157\master_work\worker_04\768bb21b46537897__MAS_RST.APRQ_11_0635.1-7c96d442b2-2uz9601d,superseded,,,0,0,,
,runs\produce_run_20260720_142157\master_work\worker_04\925143dd43e97625__MAS_RST.APRQ_10_0635.8-228064a927-j9sdn06b,nonfinite,,,0,0,,
,runs\produce_run_20260720_142157\master_work\worker_04\ec822d4dd5f5f13a__MAS_RST.APRQ_10_0635.8-34b87fdad9-y5pqzdc4,nonfinite,,,0,0,,
,runs\produce_run_20260720_142157\master_work\worker_04\f32a0735ef229769__MAS_RST.APRQ_11_0692.6-4e9e8f85ae-ln6wctwn,nonfinite,,,0,0,,
,runs\produce_run_20260720_142157\master_work\worker_05\7aaa07b281473b38__MAS_RST.APRQ_11_0686.4-0025d5873d-o45cokv0,nonfinite,,,0,0,,
,runs\produce_run_20260720_142157\master_work\worker_05\a231ba4aabf1b447__MAS_RST.APRQ_11_0637.5-7cc5c24739-nr2967o7,nonfinite,,,0,0,,
,runs\produce_run_20260720_142157\master_work\worker_05\b39e0dc47f71c2b7__MAS_RST.APRQ_11_0688.2-a004f0b2c9-ob7udfp2,nonfinite,,,0,0,,
,runs\produce_run_20260720_142157\master_work\worker_05\d120f3cc59f8a108__MAS_RST.APRQ_11_0686.4-e131f52361-fiyg26x8,nonfinite,,,0,0,,
,runs\produce_run_20260720_142157\master_work\worker_06\298ef4049ef7d7ef__MAS_RST.APRQ_11_0635.1-5d9a8de229-prkajfeo,nonfinite,,,0,0,,
,runs\produce_run_20260720_142157\master_work\worker_06\44b0aacae9aa824a__MAS_RST.APRQ_11_0635.1-273a918434-kojszu0b,nonfinite,,,0,0,,
,runs\produce_run_20260720_142157\master_work\worker_06\4b37f5684a86eca2__MAS_RST.APRQ_11_0630.4-d92c385172-sm3ojryb,nonfinite,,,0,0,,
,runs\produce_run_20260720_142157\master_work\worker_06\7aac90eddeff058b__MAS_RST.APRQ_11_0688.2-d1b1fcc0b2-4f68qo1e,nonfinite,,,0,0,,
,runs\produce_run_20260720_142157\master_work\worker_06\b8d5182906ca8861__MAS_RST.APRQ_11_0688.2-5fc49d03c1-w2sfc1b0,nonfinite,,,0,0,,
,runs\produce_run_20260720_142157\master_work\worker_06\d12c20107d13545b__MAS_RST.APRQ_11_0692.6-398ffd327c-hpzs_qlz,nonfinite,,,0,0,,
,runs\produce_run_20260720_142157\master_work\worker_06\e09fec37eea65639__MAS_RST.APRQ_11_0635.1-6f3874141a-5erokq9u,nonfinite,,,0,0,,
,runs\produce_run_20260720_142157\master_work\worker_06\e4b8df018124028a__MAS_RST.APRQ_11_0692.6-e223fc3812-prrnsxx_,nonfinite,,,0,0,,
,runs\produce_run_20260720_142157\master_work\worker_07\37b320ebf18ee5cd__MAS_RST.APRQ_11_0688.2-c63f40c7c9-l54m_jky,nonfinite,,,0,0,,
,runs\produce_run_20260720_142157\master_work\worker_07\4c0d60ef62666602__MAS_RST.APRQ_11_0688.2-ffe5c00427-n4_6qjk4,nonfinite,,,0,0,,
,runs\produce_run_20260720_142157\master_work\worker_07\7a7f994328f4d43c__MAS_RST.APRQ_11_0637.5-e847245afc-l_n05lm_,nonfinite,,,0,0,,
,runs\produce_run_20260720_142157\master_work\worker_07\b5dd6f45713e54f5__MAS_RST.APRQ_11_0692.6-838f819b43-bj6b1ebu,nonfinite,,,0,0,,
,runs\produce_run_20260720_142157\master_work\worker_07\b639f46f7d9b25a4__MAS_RST.APRQ_11_0635.1-7ed38ed0d7-bpzzhpls,nonfinite,,,0,0,,
,runs\produce_run_20260720_142157\master_work\worker_07\e9e40acc26f84dba__MAS_RST.APRQ_11_0635.1-6eafdad9d5-0llr_w0v,nonfinite,,,0,0,,
,runs\produce_run_20260720_142157\master_work\worker_07\fc284077ccc8ada7__MAS_RST.APRQ_11_0692.6-37176e7366-dadbw3z0,nonfinite,,,0,0,,
,runs\produce_run_20260720_142157\master_work\worker_08\5598aa5e131ffd84__MAS_RST.APRQ_11_0686.4-5435dba372-ttbewn5_,nonfinite,,,0,0,,
,runs\produce_run_20260720_142157\master_work\worker_08\6acccd8c6d18016c__MAS_RST.APRQ_10_0635.8-beb86140d3-sp9wn3ge,nonfinite,,,0,0,,
,runs\produce_run_20260720_142157\master_work\worker_08\a0bcb1593a6ce33b__MAS_RST.APRQ_11_0688.2-2edbb2d20b-k_vb_a0r,nonfinite,,,0,0,,
,runs\produce_run_20260720_142157\master_work\worker_08\a65a70466b635df4__MAS_RST.APRQ_11_0637.5-44a6d79f43-cbsahq4m,nonfinite,,,0,0,,
,runs\produce_run_20260720_142157\master_work\worker_08\e22373172dee5bb5__MAS_RST.APRQ_11_0635.1-8ee4d4ff1a-mkqh0s8h,nonfinite,,,0,0,,
,runs\produce_run_20260720_142157\master_work\worker_09\1dd61c03f7a6bba9__MAS_RST.APRQ_11_0686.4-4d81f25527-76hfhmo1,nonfinite,,,0,0,,
,runs\produce_run_20260720_142157\master_work\worker_09\3c828a96f3b1c07c__MAS_RST.APRQ_11_0635.1-a05fc584b1-_2pd1r4d,nonfinite,,,0,0,,
,runs\produce_run_20260720_142157\master_work\worker_09\e6ccf1fdbdefc622__MAS_RST.APRQ_11_0688.2-c96eb662ce-_xojngcu,nonfinite,,,0,0,,
,runs\produce_run_20260720_142157\master_work\worker_09\eb9ddef500b49724__MAS_RST.APRQ_11_0692.6-9f06ed07d6-ndsg0vyl,nonfinite,,,0,0,,
,runs\produce_run_20260720_142157\master_work\worker_10\09f55a631b98eafd__MAS_RST.APRQ_11_0688.2-a213639eb1-xf93x5h6,nonfinite,,,0,0,,
,runs\produce_run_20260720_142157\master_work\worker_10\25a0daf3d5bcc18a__MAS_RST.APRQ_11_0635.1-f3a6412ccf-ucyk_vxg,nonfinite,,,0,0,,
,runs\produce_run_20260720_142157\master_work\worker_10\38efe71ca894ac92__MAS_RST.APRQ_11_0635.1-a0ff367cdb-hfuc6yo2,nonfinite,,,0,0,,
,runs\produce_run_20260720_142157\master_work\worker_10\8caede950cd0fb29__MAS_RST.APRQ_11_0692.6-92b6f5ddfb-xgzp93x8,nonfinite,,,0,0,,
,runs\produce_run_20260720_142157\master_work\worker_10\8ed5d4693a216361__MAS_RST.APRQ_11_0688.2-ef28d29f89-rmjpj9m4,nonfinite,,,0,0,,
,runs\produce_run_20260720_142157\master_work\worker_10\9694d90685920749__MAS_RST.APRQ_11_0635.1-1fde097af0-ps3o2fex,nonfinite,,,0,0,,
,runs\produce_run_20260720_142157\master_work\worker_11\269d657234c4ee1b__MAS_RST.APRQ_11_0686.4-da09aea362-yc6zn0zo,nonfinite,,,0,0,,
,runs\produce_run_20260720_142157\master_work\worker_11\5c5987d9b28efadf__MAS_RST.APRQ_11_0688.2-9d04988300-778m3g5p,nonfinite,,,0,0,,
,runs\produce_run_20260720_142157\master_work\worker_11\938e2cf6ad8bb6b9__MAS_RST.APRQ_11_0692.6-f90a448999-d5yascbj,nonfinite,,,0,0,,
,runs\produce_run_20260720_142157\master_work\worker_11\f33af96499b07525__MAS_RST.APRQ_11_0692.6-1ddd4b7459-fny5aaeg,nonfinite,,,0,0,,
,runs\produce_run_20260720_142157\master_work\worker_12\019ec50dce708942__MAS_RST.APRQ_11_0637.5-178241cc82-jwpkw4ne,nonfinite,,,0,0,,
,runs\produce_run_20260720_142157\master_work\worker_12\340e2cd73e596cf1__MAS_RST.APRQ_11_0686.4-fdecf46c89-6ptt6u75,nonfinite,,,0,0,,
,runs\produce_run_20260720_142157\master_work\worker_12\90df0078928c9c4d__MAS_RST.APRQ_11_0630.4-3e9eeea431-jriu57fw,nonfinite,,,0,0,,
,runs\produce_run_20260720_142157\master_work\worker_12\a908e28c639059a4__MAS_RST.APRQ_11_0686.4-ee752e2c1a-_0livrh3,nonfinite,,,0,0,,
,runs\produce_run_20260720_142157\master_work\worker_12\c2b74084742ce580__MAS_RST.APRQ_11_0688.2-8eb4205602-i9jxhppr,nonfinite,,,0,0,,
,runs\produce_run_20260720_142157\master_work\worker_12\f2d795e9a177b3a3__MAS_RST.APRQ_11_0637.5-48df738722-srdbt8d5,nonfinite,,,0,0,,
,runs\produce_run_20260720_142157\master_work\worker_13\5192b6ff8a9023b6__MAS_RST.APRQ_11_0686.4-b6c8e06ebe-z_30197g,nonfinite,,,0,0,,
,runs\produce_run_20260720_142157\master_work\worker_13\5bf894f31ed862be__MAS_RST.APRQ_11_0688.2-10b42cdcd3-kr4z7b7g,nonfinite,,,0,0,,
,runs\produce_run_20260720_142157\master_work\worker_13\ab4cf5d8bf1cf01a__MAS_RST.APRQ_11_0630.4-d4fa530fcb-t8bpzu2t,nonfinite,,,0,0,,
,runs\produce_run_20260720_142157\master_work\worker_14\42734ddb5be4a7ca__MAS_RST.APRQ_11_0692.6-0192ad4e55-9r0d1j2w,nonfinite,,,0,0,,
,runs\produce_run_20260720_142157\master_work\worker_14\5399caa6e119486c__MAS_RST.APRQ_11_0688.2-98069d3f64-6r38ipgw,nonfinite,,,0,0,,
,runs\produce_run_20260720_142157\master_work\worker_14\697190cc6b789c0d__MAS_RST.APRQ_11_0635.1-adcbd8d68a-jmzq9ah1,nonfinite,,,0,0,,
,runs\produce_run_20260720_142157\master_work\worker_14\d78385ef8c290b0b__MAS_RST.APRQ_10_0635.8-0da3ff1abd-ekupeqa5,nonfinite,,,0,0,,
,runs\produce_run_20260720_142157\master_work\worker_14\e65d92cc825051a1__MAS_RST.APRQ_10_0635.8-5631463b85-__yueipp,nonfinite,,,0,0,,
,runs\produce_run_20260720_142157\master_work\worker_14\f4ea8fc117c08346__MAS_RST.APRQ_10_0635.8-c301e1951e-3n372_nz,nonfinite,,,0,0,,
,runs\produce_run_20260720_142157\master_work\worker_15\69962e3daaf869ff__MAS_RST.APRQ_11_0637.5-a6739072ff-283jchcw,nonfinite,,,0,0,,
,runs\produce_run_20260720_142157\master_work\worker_15\b94d75abd0294b1a__MAS_RST.APRQ_11_0637.5-22c80e4165-ophuhgv9,nonfinite,,,0,0,,
,runs\produce_run_20260720_142157\master_work\worker_15\d9c9ef66aad17529__MAS_RST.APRQ_11_0686.4-f4bd222b66-t85xipdl,nonfinite,,,0,0,,
,runs\produce_run_20260720_142157\master_work\worker_16\1a2aaa28c91c7bba__MAS_RST.APRQ_11_0630.4-4ae3cb9677-8hjldkxq,nonfinite,,,0,0,,
,runs\produce_run_20260720_142157\master_work\worker_16\2370970f36d7b0e1__MAS_RST.APRQ_11_0630.4-b8512af5d5-hqr6hukd,nonfinite,,,0,0,,
,runs\produce_run_20260720_142157\master_work\worker_17\232f0df571a12ffb__MAS_RST.APRQ_11_0637.5-f5d4c7b726-j5tym26z,nonfinite,,,0,0,,
,runs\produce_run_20260720_142157\master_work\worker_17\d48e34ac10120c77__MAS_RST.APRQ_11_0635.1-3c402fc694-coqb8oek,nonfinite,,,0,0,,
,runs\produce_run_20260720_142157\master_work\worker_18\8390d641f0c9baf2__MAS_RST.APRQ_11_0630.4-49c71b83f9-kl_qkqci,nonfinite,,,0,0,,
,runs\produce_run_20260720_142157\master_work\worker_18\affea2feb34e79e2__MAS_RST.APRQ_11_0686.4-e62eba18ea-5xb3keix,nonfinite,,,0,0,,
,runs\produce_run_20260720_142157\master_work\worker_18\c9b1ccf8a3344d0b__MAS_RST.APRQ_11_0686.4-d3926b5e1c-hl7add6k,nonfinite,,,0,0,,
,runs\produce_run_20260720_142157\master_work\worker_18\ca276cf6ac471b40__MAS_RST.APRQ_11_0688.2-148a882dfd-72heeuqi,nonfinite,,,0,0,,
,runs\produce_run_20260720_142157\master_work\worker_18\e6e9473c31f9ee25__MAS_RST.APRQ_11_0637.5-0ab0b0d926-l2zq7idv,nonfinite,,,0,0,,
,runs\produce_run_20260720_142157\master_work\worker_18\edba38470da16ce3__MAS_RST.APRQ_11_0635.1-0085eaa850-k4okc72l,nonfinite,,,0,0,,
,runs\produce_run_20260720_142157\master_work\worker_19\8d2029b1d37d70a1__MAS_RST.APRQ_10_0635.8-f08bf4cf30-t61djmu3,nonfinite,,,0,0,,
,runs\produce_run_20260720_142157\master_work\worker_19\a4c89c73d29d69be__MAS_RST.APRQ_11_0686.4-f966f606a4-xjuhkcy9,nonfinite,,,0,0,,
,runs\produce_run_20260720_142157\master_work\worker_19\c2c2920070473592__MAS_RST.APRQ_11_0630.4-b52f09cd73-xctkx72p,nonfinite,,,0,0,,
,runs\produce_run_20260720_142157\master_work\worker_20\3aa6a34900ecf754__MAS_RST.APRQ_10_0635.8-9b1d90628a-2vm9sopa,nonfinite,,,0,0,,
,runs\produce_run_20260720_142157\master_work\worker_20\cd78f19089ed5974__MAS_RST.APRQ_11_0630.4-c9d6eae3fe-sh5897kk,nonfinite,,,0,0,,
,runs\produce_run_20260720_142157\master_work\worker_21\0d4032b0ac526ef3__MAS_RST.APRQ_11_0692.6-1b8bf05e2c-glrccurz,nonfinite,,,0,0,,
,runs\produce_run_20260720_142157\master_work\worker_21\577018113362d382__MAS_RST.APRQ_11_0688.2-e7582486ae-8q1kafiv,nonfinite,,,0,0,,
,runs\produce_run_20260720_142157\master_work\worker_21\7a44d2a7a15f2418__MAS_RST.APRQ_11_0635.1-334499e3ff-ot35p01f,nonfinite,,,0,0,,
,runs\produce_run_20260720_142157\master_work\worker_21\83dc2d819f94880e__MAS_RST.APRQ_11_0688.2-6737aeea85-pxavoj53,nonfinite,,,0,0,,
,runs\produce_run_20260720_142157\master_work\worker_21\938bbfca565672a5__MAS_RST.APRQ_11_0692.6-c5ef389488-fsi5qzuh,nonfinite,,,0,0,,
,runs\produce_run_20260720_142157\master_work\worker_21\a5b5347a1095df76__MAS_RST.APRQ_11_0630.4-540974ec37-c61m8we7,nonfinite,,,0,0,,
,runs\produce_run_20260720_142157\master_work\worker_21\be8b8a26def77da2__MAS_RST.APRQ_11_0635.1-4c827e3997-rh0yfdqi,nonfinite,,,0,0,,
,runs\produce_run_20260720_142157\master_work\worker_21\ef852e6d8efe644a__MAS_RST.APRQ_11_0637.5-97cc20c17b-xk1ltt7g,nonfinite,,,0,0,,
,runs\produce_run_20260720_142157\master_work\worker_22\15890e8f9fc9dfbe__MAS_RST.APRQ_11_0692.6-929858e2de-8wwa4p6_,nonfinite,,,0,0,,
,runs\produce_run_20260720_142157\master_work\worker_22\3be01469d1d7f908__MAS_RST.APRQ_11_0637.5-58b96c2e45-_z2_vah0,nonfinite,,,0,0,,
,runs\produce_run_20260720_142157\master_work\worker_22\8f06e5f0c77ad96c__MAS_RST.APRQ_11_0692.6-b2d625f638-ukx4syr2,nonfinite,,,0,0,,
,runs\produce_run_20260720_142157\master_work\worker_22\bbc4cf7eaa860e50__MAS_RST.APRQ_11_0630.4-4696adfa7e-blsdr2s0,nonfinite,,,0,0,,
,runs\produce_run_20260720_142157\master_work\worker_22\cbd0037cca44e366__MAS_RST.APRQ_11_0688.2-e62b8b0e9b-fdvyq163,nonfinite,,,0,0,,
2d885ee9e85183db,runs\produce_run_20260725_035902\master_work\worker_00\2d885ee9e85183db__MAS_RST.APRQ_11_0688.2-167021f729-_ebbrplf,final,2.2938,2.1023,27,1,,640.992
c1c654cf416fab54,runs\produce_run_20260725_035902\master_work\worker_00\c1c654cf416fab54__MAS_RST.APRQ_11_0679.4-895068ae6a-a175oibd,final,2.3425,2.1064,27,1,,633.913
fc7917172be0d377,runs\produce_run_20260725_035902\master_work\worker_00\fc7917172be0d377__MAS_RST.APRQ_11_0662.3-67a12d78d9-6sp0h44_,final,2.927,2.6006,26,1,,611.55
c9161b623f219f07,runs\produce_run_20260725_035902\master_work\worker_01\c9161b623f219f07__MAS_RST.APRQ_11_0677.2-d2a756a519-2nw1011q,final,2.6075,2.3317,27,1,,637.022
f022e4cea58ff7c9,runs\produce_run_20260725_035902\master_work\worker_01\f022e4cea58ff7c9__MAS_RST.APRQ_11_0665.0-5ecff3b6c5-vl3n3rh2,final,5.3963,4.8195,26,0,above_ceiling,627.468
f403a65aba3518f6,runs\produce_run_20260725_035902\master_work\worker_01\f403a65aba3518f6__MAS_RST.APRQ_11_0688.2-1318ad388a-5_b0zmkg,final,2.6069,2.2961,27,1,,647.198
aa7982f285a9c559,runs\produce_run_20260725_035902\master_work\worker_02\aa7982f285a9c559__MAS_RST.APRQ_11_0692.6-d1e8681e37-71m_rvou,final,2.3378,2.0835,27,1,,643.785
f7fef8f4b462d990,runs\produce_run_20260725_035902\master_work\worker_02\f7fef8f4b462d990__MAS_RST.APRQ_11_0677.2-344d6aa013-gtzbve7o,final,2.5932,2.3189,26,1,,619.321
f9ba7b74d78b4240,runs\produce_run_20260725_035902\master_work\worker_02\f9ba7b74d78b4240__MAS_RST.APRQ_11_0662.3-1475178bed-o0hr7atx,final,2.4394,2.1757,26,1,,614.873
,runs\produce_run_20260725_035902\master_work\worker_03\1cc4d0ad5af704bc__MAS_RST.APRQ_11_0662.3-e13d7fc1c8-0aocmq3v,nonfinite,,,0,0,,
,runs\produce_run_20260725_035902\master_work\worker_03\6dfcf1047e637b26__MAS_RST.APRQ_11_0692.6-053432e3c3-myt0pdtq,nonfinite,,,0,0,,
b2439e4c29a37ea4,runs\produce_run_20260725_035902\master_work\worker_03\b2439e4c29a37ea4__MAS_RST.APRQ_11_0679.4-b43805f3d0-s13jsk4o,final,2.4883,2.2296,27,1,,630.745
48ebfb51ae8610ad,runs\produce_run_20260725_035902\master_work\worker_04\48ebfb51ae8610ad__MAS_RST.APRQ_11_0662.3-0b89964b5a-9u8txh3a,final,2.0892,1.8642,26,1,,620.405
50de3181a5b7c3a2,runs\produce_run_20260725_035902\master_work\worker_04\50de3181a5b7c3a2__MAS_RST.APRQ_11_0686.4-be1e5c124a-5xhdu6s3,final,2.2009,1.8803,26,1,,629.093
dc19a7036da6794d,runs\produce_run_20260725_035902\master_work\worker_04\dc19a7036da6794d__MAS_RST.APRQ_11_0658.9-ae42ed24b1-p_ubwf47,final,2.0687,1.8327,26,1,,615.606
0b0ad4078df8f3f8,runs\produce_run_20260725_035902\master_work\worker_05\0b0ad4078df8f3f8__MAS_RST.APRQ_11_0678.9-90dcffa71b-sz_94sf9,final,2.1379,1.9164,27,1,,645.639
,runs\produce_run_20260725_035902\master_work\worker_05\df992aace1ebee7c__MAS_RST.APRQ_11_0688.2-98f75ae195-1dy68ytq,nonfinite,,,0,0,,
,runs\produce_run_20260725_035902\master_work\worker_05\ff29be049f1f0798__MAS_RST.APRQ_11_0677.2-adac873b4a-1f4i76qk,nonfinite,,,0,0,,
,runs\produce_run_20260725_035902\master_work\worker_06\33351149c4fd2d79__MAS_RST.APRQ_11_0688.2-4350a779a0-pagwcrvg,nonfinite,,,0,0,,
643b2d2f015834d4,runs\produce_run_20260725_035902\master_work\worker_06\643b2d2f015834d4__MAS_RST.APRQ_11_0658.9-63478ecf64-bhlkb8sq,final,2.3276,2.0203,26,1,,617.261
e7fa26814fe69690,runs\produce_run_20260725_035902\master_work\worker_06\e7fa26814fe69690__MAS_RST.APRQ_11_0658.9-fff5ebca6e-fiu0mg19,final,2.3865,2.2156,26,1,,616.452
26ea7a13afef0c4c,runs\produce_run_20260725_035902\master_work\worker_07\26ea7a13afef0c4c__MAS_RST.APRQ_11_0678.9-4c1fb1f74d-qmek13xq,final,1.9136,1.7461,27,1,,635.459
707d03e8acdafdf7,runs\produce_run_20260725_035902\master_work\worker_07\707d03e8acdafdf7__MAS_RST.APRQ_11_0692.6-b76bf7fbf4-rgkhneh2,final,2.066,1.8665,27,1,,644.69
80add9243ff99005,runs\produce_run_20260725_035902\master_work\worker_07\80add9243ff99005__MAS_RST.APRQ_11_0679.4-cc1d209d43-vifcfsor,final,2.2913,2.0453,27,1,,638.989
,runs\produce_run_20260725_041621\master_work\worker_00\0ec044d20f13e1c0__MAS_RST.APRQ_11_0665.0-670fa866e8-ldm_pkm4,nonfinite,,,0,0,,
36338b00017b0d50,runs\produce_run_20260725_041621\master_work\worker_00\36338b00017b0d50__MAS_RST.APRQ_11_0692.6-2b12e449b0-j_165x5w,final,2.2786,2.0204,26,1,,613.981
39b81615f7f08e52,runs\produce_run_20260725_041621\master_work\worker_00\39b81615f7f08e52__MAS_RST.APRQ_11_0615.8-3ac686ea17-qwdmjilq,final,2.3027,2.0648,23,1,,537.149
52969b475784d4ed,runs\produce_run_20260725_041621\master_work\worker_00\52969b475784d4ed__MAS_RST.APRQ_10_0635.8-9dbaab442b-4k2bawe7,final,2.2064,1.9927,24,1,,558.336
83bc348229339048,runs\produce_run_20260725_041621\master_work\worker_00\83bc348229339048__MAS_RST.APRQ_11_0692.6-b69884f888-zewuajw4,final,2.3083,2.0564,26,1,,617.915
,runs\produce_run_20260725_041621\master_work\worker_00\a10a24ae752f9405__MAS_RST.APRQ_11_0618.3-1bcdf81e2e-j49eag_f,nonfinite,,,0,0,,
a6d623a3679b26ec,runs\produce_run_20260725_041621\master_work\worker_00\a6d623a3679b26ec__MAS_RST.APRQ_11_0679.4-1bbb52c188-1rpxadrr,final,2.3213,2.0589,25,1,,579.891
,runs\produce_run_20260725_041621\master_work\worker_00\ab765f68acbe7adf__MAS_RST.APRQ_11_0677.2-0a42874690-a9gxkgbc,nonfinite,,,0,0,,
,runs\produce_run_20260725_041621\master_work\worker_00\ae99de0f089728c4__MAS_RST.APRQ_11_0686.4-48e56ea43b-dlhsbdjy,nonfinite,,,0,0,,
ba502204eac02820,runs\produce_run_20260725_041621\master_work\worker_00\ba502204eac02820__MAS_RST.APRQ_11_0618.3-95e4a8fa75-2d13ntib,final,2.2167,2.0337,24,1,,555.092
d27cd6d43b342d70,runs\produce_run_20260725_041621\master_work\worker_00\d27cd6d43b342d70__MAS_RST.APRQ_11_0677.2-b60dadea1b-bmyxj8b0,final,2.0002,1.7679,26,1,,601.977
e72ac34ea7774a84,runs\produce_run_20260725_041621\master_work\worker_00\e72ac34ea7774a84__MAS_RST.APRQ_10_0635.8-0c2d1747c4-q0ntv_z2,final,2.1553,1.8924,24,1,,569.537
f3a9605cd4c5c624,runs\produce_run_20260725_041621\master_work\worker_00\f3a9605cd4c5c624__MAS_RST.APRQ_11_0665.0-19efc31112-rdy_tbzt,final,2.4704,2.2069,25,1,,590.346
fba2b8445fae9375,runs\produce_run_20260725_041621\master_work\worker_00\fba2b8445fae9375__MAS_RST.APRQ_11_0686.4-40f2e88406-r8ia9ux1,final,2.0178,1.7731,26,1,,612.619
,runs\produce_run_20260725_041621\master_work\worker_01\342ad7f3ddf105dc__MAS_RST.APRQ_11_0692.6-2429c89f03-yrm_idpb,nonfinite,,,0,0,,
37b6b2aab4efe5b0,runs\produce_run_20260725_041621\master_work\worker_01\37b6b2aab4efe5b0__MAS_RST.APRQ_11_0686.4-c30b2ec3cb-huhhf6b7,final,2.1687,1.9803,26,1,,601.536
410bcc0e7a0d797b,runs\produce_run_20260725_041621\master_work\worker_01\410bcc0e7a0d797b__MAS_RST.APRQ_11_0615.8-8157047a72-9y_gyjmf,final,2.4776,2.065,24,1,,542.672
,runs\produce_run_20260725_041621\master_work\worker_01\4513ff4f777d8e4a__MAS_RST.APRQ_11_0677.2-b121559074-jkwg17gb,nonfinite,,,0,0,,
4f736ba8364e5de6,runs\produce_run_20260725_041621\master_work\worker_01\4f736ba8364e5de6__MAS_RST.APRQ_10_0635.8-c13155fbe1-gey1ck8u,final,4.5957,4.0736,24,0,above_ceiling,564.302
5bad3ac2098f1f07,runs\produce_run_20260725_041621\master_work\worker_01\5bad3ac2098f1f07__MAS_RST.APRQ_11_0665.0-5550a72381-9rm06ete,final,4.3238,3.8608,26,0,above_ceiling,604.551
6f9b8c2925f8082b,runs\produce_run_20260725_041621\master_work\worker_01\6f9b8c2925f8082b__MAS_RST.APRQ_11_0678.9-2917357028-031h3y8g,final,2.5775,2.3019,25,1,,596.737
7c394075392691b4,runs\produce_run_20260725_041621\master_work\worker_01\7c394075392691b4__MAS_RST.APRQ_11_0615.8-28d735f1b0-v5r_33qz,final,2.5493,2.2662,24,1,,557.991
,runs\produce_run_20260725_041621\master_work\worker_01\9d86e13d54748d6f__MAS_RST.APRQ_11_0665.0-62f1052bee-c4uiw6ny,nonfinite,,,0,0,,
,runs\produce_run_20260725_041621\master_work\worker_01\ace991fa8511b5a1__MAS_RST.APRQ_11_0692.6-53deb65ec4-qn2oz9z0,nonfinite,,,0,0,,
b2c22643606fc05c,runs\produce_run_20260725_041621\master_work\worker_01\b2c22643606fc05c__MAS_RST.APRQ_11_0618.3-6a94e88dbb-c58fvacn,final,5.366,4.8024,24,0,above_ceiling,556.318
,runs\produce_run_20260725_041621\master_work\worker_01\cd7f5be74a3e56b3__MAS_RST.APRQ_11_0692.6-9b93973f26-zy5cj9il,nonfinite,,,0,0,,
da9d33a6455df6fb,runs\produce_run_20260725_041621\master_work\worker_01\da9d33a6455df6fb__MAS_RST.APRQ_10_0635.8-74a5a6dcc9-f0i1ykxy,final,2.1234,1.8417,24,1,,566.917
dec3574fc3eed186,runs\produce_run_20260725_041621\master_work\worker_01\dec3574fc3eed186__MAS_RST.APRQ_11_0677.2-c351a80325-8so3fsu6,final,2.3332,2.0975,25,1,,594.881
,runs\produce_run_20260725_041621\master_work\worker_02\0919eedb7a51e9db__MAS_RST.APRQ_11_0678.9-97b38b869a-3cvbovo5,nonfinite,,,0,0,,
,runs\produce_run_20260725_041621\master_work\worker_02\19404a730ccbbab9__MAS_RST.APRQ_11_0692.6-58297e9d2e-ayvq_c2r,nonfinite,,,0,0,,
,runs\produce_run_20260725_041621\master_work\worker_02\2c9fd16a4c4f61bf__MAS_RST.APRQ_11_0618.3-53768f7f64-0iy75wc9,nonfinite,,,0,0,,
2ee8e8ba52abd41c,runs\produce_run_20260725_041621\master_work\worker_02\2ee8e8ba52abd41c__MAS_RST.APRQ_11_0692.6-2ec688e70d-624rk5og,final,2.3247,2.0518,26,1,,608.433
4126c9abfbf9d7bb,runs\produce_run_20260725_041621\master_work\worker_02\4126c9abfbf9d7bb__MAS_RST.APRQ_11_0688.2-d7602d83b1-kfogpon0,final,5.2772,4.714,25,0,above_ceiling,597.12
4c05b92235ca46ca,runs\produce_run_20260725_041621\master_work\worker_02\4c05b92235ca46ca__MAS_RST.APRQ_10_0635.8-dea90bfcfb-i_da4d2k,final,2.1482,1.8625,24,1,,554.755
5c00b879b06d3d49,runs\produce_run_20260725_041621\master_work\worker_02\5c00b879b06d3d49__MAS_RST.APRQ_11_0686.4-20f744a870-bs148pk_,final,2.3461,2.0919,26,1,,608.535
8a3c138a7e50791a,runs\produce_run_20260725_041621\master_work\worker_02\8a3c138a7e50791a__MAS_RST.APRQ_11_0665.0-b47897c224-9az60314,final,2.0047,1.7945,25,1,,575.267
ac59933c18a8dd27,runs\produce_run_20260725_041621\master_work\worker_02\ac59933c18a8dd27__MAS_RST.APRQ_11_0665.0-29ce96ff16-3cjddvk7,final,2.4715,2.2085,25,1,,587.856
b55e3149d4860f57,runs\produce_run_20260725_041621\master_work\worker_02\b55e3149d4860f57__MAS_RST.APRQ_11_0679.4-1891921e5b-w0s1z_zm,final,6.3777,5.6589,25,0,above_ceiling,593.712
,runs\produce_run_20260725_041621\master_work\worker_02\da9311ff04b24ce0__MAS_RST.APRQ_11_0615.8-a863e152fd-xy4rm4lx,nonfinite,,,0,0,,
e2ec57f0f8d242ea,runs\produce_run_20260725_041621\master_work\worker_02\e2ec57f0f8d242ea__MAS_RST.APRQ_11_0615.8-4ce6f536fe-pawutzbc,final,2.0383,1.7337,24,1,,565.574
e30e71fe42928002,runs\produce_run_20260725_041621\master_work\worker_02\e30e71fe42928002__MAS_RST.APRQ_11_0678.9-823382936f-c8dbfham,final,5.1316,4.5715,25,0,above_ceiling,591.777
,runs\produce_run_20260725_041621\master_work\worker_02\ecad4e61f7853eb6__MAS_RST.APRQ_11_0618.3-b6c3deb92c-7l2fs3c4,nonfinite,,,0,0,,
,runs\produce_run_20260725_041621\master_work\worker_03\0934c7bb8694e46c__MAS_RST.APRQ_11_0665.0-b576eceeea-apxzq5lg,nonfinite,,,0,0,,
,runs\produce_run_20260725_041621\master_work\worker_03\1136cb06a808db10__MAS_RST.APRQ_11_0692.6-a9f787a90d-axonimf5,nonfinite,,,0,0,,
117b8f2dffc8d20b,runs\produce_run_20260725_041621\master_work\worker_03\117b8f2dffc8d20b__MAS_RST.APRQ_11_0679.4-74ee71736d-_1chmz9n,final,2.5619,2.3257,26,1,,602.392
4aaa93005cdb6630,runs\produce_run_20260725_041621\master_work\worker_03\4aaa93005cdb6630__MAS_RST.APRQ_11_0677.2-2a17b232bc-kmrj_l15,final,3.1125,2.7393,25,0,above_ceiling,594.744
,runs\produce_run_20260725_041621\master_work\worker_03\522b29db520d92cb__MAS_RST.APRQ_11_0686.4-6aca204951-8olc1xwd,nonfinite,,,0,0,,
578fcee4957ed0f9,runs\produce_run_20260725_041621\master_work\worker_03\578fcee4957ed0f9__MAS_RST.APRQ_11_0688.2-5c2223fb24-9fhe87ve,final,3.1299,2.711,26,0,above_ceiling,601.289
7a0029266461abfd,runs\produce_run_20260725_041621\master_work\worker_03\7a0029266461abfd__MAS_RST.APRQ_11_0686.4-a83b67932c-qifl8fsx,final,1.9777,1.7894,26,1,,611.705
7acaf5fb54237dba,runs\produce_run_20260725_041621\master_work\worker_03\7acaf5fb54237dba__MAS_RST.APRQ_11_0677.2-cd7374e796-spdigoh0,final,2.1439,1.9669,25,1,,584.495
99f9ddc90e6b7429,runs\produce_run_20260725_041621\master_work\worker_03\99f9ddc90e6b7429__MAS_RST.APRQ_11_0618.3-07f9e029dd-zn1zaf6p,final,2.632,2.3585,24,1,,556.305
9c05ad3ad5f4f60d,runs\produce_run_20260725_041621\master_work\worker_03\9c05ad3ad5f4f60d__MAS_RST.APRQ_10_0635.8-70f4c73706-kiukm4bu,final,1.9136,1.7251,24,1,,563.282
,runs\produce_run_20260725_041621\master_work\worker_03\a08ba9704577391f__MAS_RST.APRQ_11_0677.2-06c13ad8de-a2_6e88o,nonfinite,,,0,0,,
b39a8d6fadbd8fe0,runs\produce_run_20260725_041621\master_work\worker_03\b39a8d6fadbd8fe0__MAS_RST.APRQ_11_0618.3-a7a26bf05a-bc4g41p7,final,2.4835,2.296,24,1,,549.339
,runs\produce_run_20260725_041621\master_work\worker_03\c0fb012a4d82ca8b__MAS_RST.APRQ_10_0635.8-00e37eab38-w6c0f4ix,nonfinite,,,0,0,,
f3864dd7a1f2c9a2,runs\produce_run_20260725_041621\master_work\worker_03\f3864dd7a1f2c9a2__MAS_RST.APRQ_11_0615.8-7a602117c2-nf8vwj5r,final,2.5592,2.2901,24,1,,547.673
16d0a4d141939cf2,runs\produce_run_20260725_041621\master_work\worker_04\16d0a4d141939cf2__MAS_RST.APRQ_11_0658.9-3de9972b23-4_taup_i,final,2.2816,2.0378,25,1,,572.841
,runs\produce_run_20260725_041621\master_work\worker_04\3a7c49aaddf1bc2e__MAS_RST.APRQ_11_0677.2-c4d2c9f3f5-34g8vbh7,nonfinite,,,0,0,,
4b6ae0eef6c8187c,runs\produce_run_20260725_041621\master_work\worker_04\4b6ae0eef6c8187c__MAS_RST.APRQ_11_0615.8-171f82b5ac-vypbfhio,final,2.4015,2.1905,24,1,,555.713
,runs\produce_run_20260725_041621\master_work\worker_04\546210bfe4fca27b__MAS_RST.APRQ_11_0678.9-08d06c9c2a-k_nmp1qk,nonfinite,,,0,0,,
55b0766803a9da80,runs\produce_run_20260725_041621\master_work\worker_04\55b0766803a9da80__MAS_RST.APRQ_11_0692.6-e933200eff-i6meco98,final,3.4204,2.9393,26,0,above_ceiling,603.61
,runs\produce_run_20260725_041621\master_work\worker_04\7b78854c5116145a__MAS_RST.APRQ_11_0615.8-4625c8d015-rzoyr7ei,nonfinite,,,0,0,,
,runs\produce_run_20260725_041621\master_work\worker_04\8680d77d9f64a3c0__MAS_RST.APRQ_11_0679.4-ca975bd4f3-65hkxeej,nonfinite,,,0,0,,
985de5beb0a5e065,runs\produce_run_20260725_041621\master_work\worker_04\985de5beb0a5e065__MAS_RST.APRQ_11_0688.2-8294529908-0f80_nk7,final,1.9005,1.6644,25,1,,596.994
a1079e988e2c7102,runs\produce_run_20260725_041621\master_work\worker_04\a1079e988e2c7102__MAS_RST.APRQ_11_0692.6-b3940cd3b9-yha2ft14,final,2.2208,1.9343,26,1,,628.182
a46a4385e71d274f,runs\produce_run_20260725_041621\master_work\worker_04\a46a4385e71d274f__MAS_RST.APRQ_11_0677.2-e14278fbe7-j0uc2_25,final,2.3831,2.1212,25,1,,595.389
bfbb2e2eb2d4727b,runs\produce_run_20260725_041621\master_work\worker_04\bfbb2e2eb2d4727b__MAS_RST.APRQ_11_0615.8-6289c30a05-kr74dnb0,final,2.195,1.9612,24,1,,560.348
c7ae69cff6619ea1,runs\produce_run_20260725_041621\master_work\worker_04\c7ae69cff6619ea1__MAS_RST.APRQ_11_0688.2-343c623c54-n2mur07n,final,2.4268,2.2006,26,1,,604.332
,runs\produce_run_20260725_041621\master_work\worker_04\e7c307aa6c940a7b__MAS_RST.APRQ_10_0635.8-fdc09f75f6-749igne8,nonfinite,,,0,0,,
ff68cfcbe9f42bf3,runs\produce_run_20260725_041621\master_work\worker_04\ff68cfcbe9f42bf3__MAS_RST.APRQ_11_0618.3-7e087f7da4-djbaoyyp,final,2.0469,1.8335,24,1,,557.161
01b82f263a48e909,runs\produce_run_20260725_041621\master_work\worker_05\01b82f263a48e909__MAS_RST.APRQ_11_0615.8-3eae4b71dc-0lkm0m5_,final,2.1902,1.9427,24,1,,564.663
0758924504efd169,runs\produce_run_20260725_041621\master_work\worker_05\0758924504efd169__MAS_RST.APRQ_11_0686.4-f7397ca5cd-sf10u4qq,final,5.0802,4.5324,26,0,above_ceiling,604.645
0ed0f8fc3e8f7521,runs\produce_run_20260725_041621\master_work\worker_05\0ed0f8fc3e8f7521__MAS_RST.APRQ_11_0686.4-c160cc5b25-0_plb8ua,final,2.0225,1.8068,26,1,,606.705
14fbafd04a2dae08,runs\produce_run_20260725_041621\master_work\worker_05\14fbafd04a2dae08__MAS_RST.APRQ_11_0618.3-a895fc8b36-28qc_4bj,final,5.1909,4.7881,24,0,above_ceiling,540.755
,runs\produce_run_20260725_041621\master_work\worker_05\24a36005f3d928a0__MAS_RST.APRQ_10_0635.8-b44fe6e122-1roz5r9l,nonfinite,,,0,0,,
4c7a039d4d1f1152,runs\produce_run_20260725_041621\master_work\worker_05\4c7a039d4d1f1152__MAS_RST.APRQ_11_0658.9-e59143d3fa-joe_r9vh,final,2.2565,2.0473,25,1,,575.949
,runs\produce_run_20260725_041621\master_work\worker_05\56454958e30b1d0c__MAS_RST.APRQ_11_0677.2-e27ea9855d-d06dlydl,nonfinite,,,0,0,,
5f756b753ae928e8,runs\produce_run_20260725_041621\master_work\worker_05\5f756b753ae928e8__MAS_RST.APRQ_11_0618.3-44e98c949e-z7yj4wuo,final,3.3804,2.9958,24,0,above_ceiling,559.275
73d9722c9eebe4fe,runs\produce_run_20260725_041621\master_work\worker_05\73d9722c9eebe4fe__MAS_RST.APRQ_11_0692.6-694c083cc3-fn1w2wte,final,3.5883,3.1211,26,0,above_ceiling,606.751
,runs\produce_run_20260725_041621\master_work\worker_05\a2108d0e28697975__MAS_RST.APRQ_11_0679.4-1df7dc18a6-tc2nuly0,nonfinite,,,0,0,,
,runs\produce_run_20260725_041621\master_work\worker_05\bed7081a18865b8e__MAS_RST.APRQ_11_0679.4-52373e1bd9-vfxn8l12,nonfinite,,,0,0,,
,runs\produce_run_20260725_041621\master_work\worker_05\c043665ce4f13561__MAS_RST.APRQ_10_0635.8-ed86c4c993-63u4xujn,nonfinite,,,0,0,,
,runs\produce_run_20260725_041621\master_work\worker_05\c43e3fe25b2ddd1c__MAS_RST.APRQ_11_0686.4-2c4b459de4-x20yrc7u,nonfinite,,,0,0,,
ce9355e24069a771,runs\produce_run_20260725_041621\master_work\worker_05\ce9355e24069a771__MAS_RST.APRQ_11_0658.9-e31665efb5-i6v7jcyq,final,2.3795,2.0481,25,1,,576.808
,runs\produce_run_20260725_041621\master_work\worker_06\07920fd1cdd0bca3__MAS_RST.APRQ_11_0618.3-33d32dc29a-x63yoesx,nonfinite,,,0,0,,
,runs\produce_run_20260725_041621\master_work\worker_06\0d40333cc2c5c801__MAS_RST.APRQ_11_0688.2-a24696c12e-xyt60shx,nonfinite,,,0,0,,
,runs\produce_run_20260725_041621\master_work\worker_06\12bc0841ec4c23da__MAS_RST.APRQ_10_0635.8-f2384c41dc-h5ajulih,nonfinite,,,0,0,,
,runs\produce_run_20260725_041621\master_work\worker_06\2048a3d75ff42b02__MAS_RST.APRQ_11_0615.8-b0f30dfd57-vqxh61zy,nonfinite,,,0,0,,
3d55638fc9a3a3b0,runs\produce_run_20260725_041621\master_work\worker_06\3d55638fc9a3a3b0__MAS_RST.APRQ_11_0615.8-b6ce4959d8-bbodk2su,final,2.5833,2.2175,24,1,,548.525
591cd3568c9a8555,runs\produce_run_20260725_041621\master_work\worker_06\591cd3568c9a8555__MAS_RST.APRQ_11_0679.4-5297283504-14bwozma,final,2.2649,1.9479,26,1,,604.021
751a46027e72d524,runs\produce_run_20260725_041621\master_work\worker_06\751a46027e72d524__MAS_RST.APRQ_11_0662.3-6fe0e1f7d1-cjkvlk2h,final,2.2758,2.0108,25,1,,589.321
,runs\produce_run_20260725_041621\master_work\worker_06\7a1842b5dfd11238__MAS_RST.APRQ_11_0688.2-2b95e25e97-e1768pwe,nonfinite,,,0,0,,
8a0d264675419faa,runs\produce_run_20260725_041621\master_work\worker_06\8a0d264675419faa__MAS_RST.APRQ_11_0665.0-a2622cd903-y1v_4dri,final,2.4707,2.2081,25,1,,571.19
8c374ac48d1d8c16,runs\produce_run_20260725_041621\master_work\worker_06\8c374ac48d1d8c16__MAS_RST.APRQ_11_0615.8-92da332df4-g_w1_3g4,final,2.5051,2.2731,24,1,,556.856
,runs\produce_run_20260725_041621\master_work\worker_06\995963de1f04adf8__MAS_RST.APRQ_11_0688.2-01fef8fddc-a6uep0c1,nonfinite,,,0,0,,
cd9205f107af21f2,runs\produce_run_20260725_041621\master_work\worker_06\cd9205f107af21f2__MAS_RST.APRQ_11_0677.2-1ed8823e92-17yh2cpa,final,2.4272,2.1124,25,1,,595.464
,runs\produce_run_20260725_041621\master_work\worker_06\dc28680c31cfb100__MAS_RST.APRQ_11_0662.3-51bfed2d61-3cvv3nqu,nonfinite,,,0,0,,
,runs\produce_run_20260725_041621\master_work\worker_06\e75cd23a6f9630af__MAS_RST.APRQ_11_0692.6-fb785ef917-04kv6xnm,nonfinite,,,0,0,,
,runs\produce_run_20260725_041621\master_work\worker_07\10331506f3c0fbdc__MAS_RST.APRQ_11_0686.4-57474c7578-9es82xbf,nonfinite,,,0,0,,
1b6a4645942eaebb,runs\produce_run_20260725_041621\master_work\worker_07\1b6a4645942eaebb__MAS_RST.APRQ_11_0686.4-66c90918d8-y9068ts8,final,2.3477,2.0971,26,1,,615.026
,runs\produce_run_20260725_041621\master_work\worker_07\2d965f359c755cf4__MAS_RST.APRQ_11_0615.8-154f8e0e56-z_n0l7yp,nonfinite,,,0,0,,
,runs\produce_run_20260725_041621\master_work\worker_07\2ff9b54d50ebadd3__MAS_RST.APRQ_11_0688.2-0d83f3abb2-cnom1gkc,nonfinite,,,0,0,,
322576423a8dd310,runs\produce_run_20260725_041621\master_work\worker_07\322576423a8dd310__MAS_RST.APRQ_11_0688.2-32e7c8a38b-zxhmkspn,final,2.3323,2.0706,26,1,,601.971
3f235068213d4b98,runs\produce_run_20260725_041621\master_work\worker_07\3f235068213d4b98__MAS_RST.APRQ_11_0678.9-d7515228b8-jflypeek,final,2.3366,2.1021,25,1,,588.859
,runs\produce_run_20260725_041621\master_work\worker_07\467ec8e53f4c022a__MAS_RST.APRQ_11_0677.2-1e2af9bc1e-e47crvee,nonfinite,,,0,0,,
6e39828d7098aeeb,runs\produce_run_20260725_041621\master_work\worker_07\6e39828d7098aeeb__MAS_RST.APRQ_10_0635.8-be709bdf42-0ufc6ogl,final,3.3182,2.8662,24,0,above_ceiling,560.673
971f4f0d189d3dce,runs\produce_run_20260725_041621\master_work\worker_07\971f4f0d189d3dce__MAS_RST.APRQ_11_0679.4-c2a59994da-15nwx1x_,final,2.5056,2.2527,25,1,,599.496
a6db4d60930e5286,runs\produce_run_20260725_041621\master_work\worker_07\a6db4d60930e5286__MAS_RST.APRQ_11_0662.3-cb9064b59e-pb0s4dnw,final,3.5571,3.0742,25,0,above_ceiling,579.82
af9503f1d47d5da3,runs\produce_run_20260725_041621\master_work\worker_07\af9503f1d47d5da3__MAS_RST.APRQ_11_0665.0-d5c1abc2f4-l269jxt7,final,2.2947,2.0588,25,1,,588.753
bc4e3bcac8a9649d,runs\produce_run_20260725_041621\master_work\worker_07\bc4e3bcac8a9649d__MAS_RST.APRQ_10_0635.8-1ec7d7be91-t0ipvrqg,final,2.4615,2.2205,24,1,,566.57
cbab2561cb27c112,runs\produce_run_20260725_041621\master_work\worker_07\cbab2561cb27c112__MAS_RST.APRQ_11_0615.8-20e29fa232-z6hw4x9j,final,1.9668,1.6741,24,1,,561.111
,runs\produce_run_20260725_041621\master_work\worker_07\d0e87fdfc0b08d6e__MAS_RST.APRQ_11_0615.8-613603f400-q8iqpolh,nonfinite,,,0,0,,
0c26a255e471c0b4,runs\produce_run_20260725_120911\master_work\worker_00\0c26a255e471c0b4__MAS_RST.APRQ_11_0686.4-8840b865bb-46bfllzs,final,5.103,4.5692,26,0,above_ceiling,624.825
24c87d6ca4d8a8b4,runs\produce_run_20260725_120911\master_work\worker_00\24c87d6ca4d8a8b4__MAS_RST.APRQ_11_0677.2-afcb0a7b36-kdnxj57i,final,2.1689,1.9527,26,1,,617.462
3807eb5869b8c273,runs\produce_run_20260725_120911\master_work\worker_00\3807eb5869b8c273__MAS_RST.APRQ_11_0688.2-8e89658b75-lk447bxr,final,4.2638,3.8088,27,0,above_ceiling,654.931
,runs\produce_run_20260725_120911\master_work\worker_00\4ce5b3dd0931db29__MAS_RST.APRQ_11_0686.4-41ecd1db33-5y6334a0,nonfinite,,,0,0,,
,runs\produce_run_20260725_120911\master_work\worker_00\7e15d55eaeaffccc__MAS_RST.APRQ_11_0678.9-455a41bc89-j0k44vog,nonfinite,,,0,0,,
,runs\produce_run_20260725_120911\master_work\worker_00\99dcf61e5389754e__MAS_RST.APRQ_11_0665.0-e20b6cf590-wo0h43h7,nonfinite,,,0,0,,
accf41aff0fbcdf5,runs\produce_run_20260725_120911\master_work\worker_00\accf41aff0fbcdf5__MAS_RST.APRQ_11_0662.3-1f96d7ab0d-1ktyuke3,final,2.3299,2.1193,26,1,,616.349
c62fedb86ffd4d97,runs\produce_run_20260725_120911\master_work\worker_00\c62fedb86ffd4d97__MAS_RST.APRQ_11_0662.3-f21b66d398-ti7yfufn,final,3.1125,2.6765,25,0,above_ceiling,587.71
e91f63ff7d30c2b3,runs\produce_run_20260725_120911\master_work\worker_00\e91f63ff7d30c2b3__MAS_RST.APRQ_11_0688.2-aea1509505-01ugxg3x,final,2.291,2.0744,27,1,,638.509
,runs\produce_run_20260725_120911\master_work\worker_01\137cb9850d99338f__MAS_RST.APRQ_11_0688.2-5d35d779dd-2ud4fvhe,nonfinite,,,0,0,,
2a2398c8bf9ca850,runs\produce_run_20260725_120911\master_work\worker_01\2a2398c8bf9ca850__MAS_RST.APRQ_11_0678.9-e84be12ff7-ftpv03sc,final,2.0001,1.8038,27,1,,633.175
4f3b10d46ec90646,runs\produce_run_20260725_120911\master_work\worker_01\4f3b10d46ec90646__MAS_RST.APRQ_11_0688.2-58e143206e-2z2v1lat,final,2.1277,1.9443,27,1,,648.664
,runs\produce_run_20260725_120911\master_work\worker_01\53d026b082f090bc__MAS_RST.APRQ_11_0678.9-c62b3dedec-h2_8pxlr,nonfinite,,,0,0,,
,runs\produce_run_20260725_120911\master_work\worker_01\58dc14d14eb4a529__MAS_RST.APRQ_11_0677.2-7afd76bb0d-v31p2a9u,nonfinite,,,0,0,,
,runs\produce_run_20260725_120911\master_work\worker_01\622c1dad65247980__MAS_RST.APRQ_11_0686.4-8143006a58-qeiqunt_,nonfinite,,,0,0,,
acf2ad695a0829cd,runs\produce_run_20260725_120911\master_work\worker_01\acf2ad695a0829cd__MAS_RST.APRQ_11_0688.2-ded4efcb31-se_3ucmo,final,2.0633,1.8461,27,1,,656.655
,runs\produce_run_20260725_120911\master_work\worker_01\dd490161f47855b0__MAS_RST.APRQ_11_0665.0-832373d545-slrpsy06,nonfinite,,,0,0,,
e1d5161228f7a9b5,runs\produce_run_20260725_120911\master_work\worker_01\e1d5161228f7a9b5__MAS_RST.APRQ_11_0662.3-35ecbe6a51-ttn_p6v1,final,3.0226,2.6379,27,0,above_ceiling,630.59
3f1f74d4953ee13b,runs\produce_run_20260725_120911\master_work\worker_02\3f1f74d4953ee13b__MAS_RST.APRQ_11_0677.2-55d24c0829-7tyt8jjr,final,2.3565,2.1071,27,1,,639.098
45c12a0a9a9c1a8b,runs\produce_run_20260725_120911\master_work\worker_02\45c12a0a9a9c1a8b__MAS_RST.APRQ_11_0678.9-8cafc79d9c-lqzc9sfr,final,2.2788,1.9889,27,1,,630.687
5a6c7aa9e21aad95,runs\produce_run_20260725_120911\master_work\worker_02\5a6c7aa9e21aad95__MAS_RST.APRQ_11_0658.9-4e74bcd544-25iw2swi,final,2.248,2.0658,26,1,,612.289
813c3af413c89e2d,runs\produce_run_20260725_120911\master_work\worker_02\813c3af413c89e2d__MAS_RST.APRQ_11_0688.2-74051e9dd6-s6fxw3c8,final,2.4105,2.0951,27,1,,631.083
90c0feb35d573684,runs\produce_run_20260725_120911\master_work\worker_02\90c0feb35d573684__MAS_RST.APRQ_11_0679.4-8689ee935c-w__bwnhr,final,2.3484,2.1108,27,1,,631.637
,runs\produce_run_20260725_120911\master_work\worker_02\952a574265669ae2__MAS_RST.APRQ_11_0688.2-c72145d671-xxeknwdz,nonfinite,,,0,0,,
b60a19865e22cea2,runs\produce_run_20260725_120911\master_work\worker_02\b60a19865e22cea2__MAS_RST.APRQ_11_0658.9-5e894e6743-ntfkbb61,final,2.2339,2.0369,26,1,,607.478
dfc931ed64767acc,runs\produce_run_20260725_120911\master_work\worker_02\dfc931ed64767acc__MAS_RST.APRQ_11_0692.6-571390721d-1l4sp551,final,4.9203,4.386,27,0,above_ceiling,655.431
e664ff1edefb49bd,runs\produce_run_20260725_120911\master_work\worker_02\e664ff1edefb49bd__MAS_RST.APRQ_11_0688.2-ba63966d85-_opy34b_,final,2.2733,2.0321,27,1,,634.383
20a75edf2e5af1d1,runs\produce_run_20260725_120911\master_work\worker_03\20a75edf2e5af1d1__MAS_RST.APRQ_11_0692.6-39f22525c7-2ghxdglk,final,1.8764,1.6743,27,1,,649.541
33249f496e3f323b,runs\produce_run_20260725_120911\master_work\worker_03\33249f496e3f323b__MAS_RST.APRQ_11_0686.4-3f6c219212-rm9df1mc,final,2.1698,1.9761,27,1,,635.797
,runs\produce_run_20260725_120911\master_work\worker_03\61b0ebb33cc0d72d__MAS_RST.APRQ_11_0658.9-0cdfc2c6a9-qfpa5btb,nonfinite,,,0,0,,
,runs\produce_run_20260725_120911\master_work\worker_03\955363efa4015807__MAS_RST.APRQ_11_0688.2-219b71999f-zsu7y83c,nonfinite,,,0,0,,
,runs\produce_run_20260725_120911\master_work\worker_03\ac1acf64b70211b0__MAS_RST.APRQ_11_0662.3-6b8b6bc680-fh0sljrj,nonfinite,,,0,0,,
,runs\produce_run_20260725_120911\master_work\worker_03\b5d34cccf419d09e__MAS_RST.APRQ_11_0678.9-f014af8b65-i_i3zv74,nonfinite,,,0,0,,
,runs\produce_run_20260725_120911\master_work\worker_03\b7dc110f52f75a3e__MAS_RST.APRQ_11_0662.3-5e6d713f2f-kms0kqnr,nonfinite,,,0,0,,
,runs\produce_run_20260725_120911\master_work\worker_03\d7871db506828933__MAS_RST.APRQ_11_0662.3-bd30d923ad-83hxt5_v,nonfinite,,,0,0,,
,runs\produce_run_20260725_120911\master_work\worker_03\f369e4b8b325f072__MAS_RST.APRQ_11_0686.4-a0fb4db67f-zqngejac,nonfinite,,,0,0,,
,runs\produce_run_20260725_120911\master_work\worker_04\2905e238abed7cda__MAS_RST.APRQ_11_0692.6-b688c5cbb8-c_z4v_z4,nonfinite,,,0,0,,
,runs\produce_run_20260725_120911\master_work\worker_04\36d9da284b88d907__MAS_RST.APRQ_11_0686.4-c6e7aa6c28-ac_u3h9q,nonfinite,,,0,0,,
3833dcdb47acf481,runs\produce_run_20260725_120911\master_work\worker_04\3833dcdb47acf481__MAS_RST.APRQ_11_0679.4-d8d1bb3f76-fzrdqanm,final,2.039,1.7818,27,1,,644.499
,runs\produce_run_20260725_120911\master_work\worker_04\59354a3259563f3b__MAS_RST.APRQ_11_0688.2-db4e73a947-2_uu7ya7,nonfinite,,,0,0,,
,runs\produce_run_20260725_120911\master_work\worker_04\5c78d9d099d1e108__MAS_RST.APRQ_11_0665.0-13a2e24aef-6mrola6f,nonfinite,,,0,0,,
a9bbe8de9b5bdc02,runs\produce_run_20260725_120911\master_work\worker_04\a9bbe8de9b5bdc02__MAS_RST.APRQ_11_0677.2-eafcfc58e3-cuez3l40,final,2.2736,2.0347,26,1,,629.059
bb39c2c2c7af574c,runs\produce_run_20260725_120911\master_work\worker_04\bb39c2c2c7af574c__MAS_RST.APRQ_11_0665.0-73ce7ca291-9z51fzx8,final,4.7735,4.2628,26,0,above_ceiling,611.448
,runs\produce_run_20260725_120911\master_work\worker_04\d780f17b2a6b17a1__MAS_RST.APRQ_11_0662.3-b3cf49b4e1-s2ecgtxz,nonfinite,,,0,0,,
fbbdcb055f6924c4,runs\produce_run_20260725_120911\master_work\worker_04\fbbdcb055f6924c4__MAS_RST.APRQ_11_0692.6-a9b895ab56-alg8je9a,final,2.0438,1.8117,27,1,,641.369
06ecd670f1a67fa4,runs\produce_run_20260725_120911\master_work\worker_05\06ecd670f1a67fa4__MAS_RST.APRQ_11_0677.2-01f7adb912-1kk57tth,final,3.659,3.1446,26,0,above_ceiling,624.879
1d5787cbf2c50c58,runs\produce_run_20260725_120911\master_work\worker_05\1d5787cbf2c50c58__MAS_RST.APRQ_11_0688.2-ae2ea8915f-t_zszhzi,final,2.2594,2.0646,27,1,,633.309
,runs\produce_run_20260725_120911\master_work\worker_05\3895f7b190b47266__MAS_RST.APRQ_11_0679.4-4f991fe049-0yzvrb96,nonfinite,,,0,0,,
,runs\produce_run_20260725_120911\master_work\worker_05\3a4a953dc57e8084__MAS_RST.APRQ_11_0658.9-29cc4123ff-hh9eacms,nonfinite,,,0,0,,
,runs\produce_run_20260725_120911\master_work\worker_05\737c0b68c00381db__MAS_RST.APRQ_11_0692.6-81b11f3a77-qy4dkeo4,nonfinite,,,0,0,,
7fc3e4386fad9785,runs\produce_run_20260725_120911\master_work\worker_05\7fc3e4386fad9785__MAS_RST.APRQ_11_0686.4-e6ea477108-_xbny8no,final,2.3673,2.1164,27,1,,652.711
85f9660fba8b5f73,runs\produce_run_20260725_120911\master_work\worker_05\85f9660fba8b5f73__MAS_RST.APRQ_11_0686.4-61a36ba8df-bk85fgfl,final,2.1203,1.8544,26,1,,622.921
,runs\produce_run_20260725_120911\master_work\worker_05\953753b5d021f23a__MAS_RST.APRQ_11_0662.3-c75d65f436-e9wqvz2c,nonfinite,,,0,0,,
e5b72ca7a5eb7295,runs\produce_run_20260725_120911\master_work\worker_05\e5b72ca7a5eb7295__MAS_RST.APRQ_11_0679.4-4dcbb0b55f-hdrp1s67,final,4.8849,4.3541,27,0,above_ceiling,633.679
01946eb5f56e528f,runs\produce_run_20260725_120911\master_work\worker_06\01946eb5f56e528f__MAS_RST.APRQ_11_0692.6-73abdda547-i_g7p50q,final,2.188,1.9693,27,1,,634.78
26fde0c4cd301b98,runs\produce_run_20260725_120911\master_work\worker_06\26fde0c4cd301b98__MAS_RST.APRQ_11_0678.9-d264b19243-vzw6xb0v,final,6.2943,5.617,27,0,above_ceiling,634.421
2d9b4896caf0b86b,runs\produce_run_20260725_120911\master_work\worker_06\2d9b4896caf0b86b__MAS_RST.APRQ_11_0678.9-ae1ef5c459-kb7l3srn,final,2.1574,1.9257,27,1,,641.632
,runs\produce_run_20260725_120911\master_work\worker_06\b16ce3e0ade04218__MAS_RST.APRQ_11_0679.4-33403dda6c-92ikwrsf,nonfinite,,,0,0,,
b16ce3e0ade04218,runs\produce_run_20260725_120911\master_work\worker_06\b16ce3e0ade04218__MAS_RST.APRQ_11_0679.4-fde8b56350-3voxi9ir,first_cycle,,,0,0,,
b402387107867264,runs\produce_run_20260725_120911\master_work\worker_06\b402387107867264__MAS_RST.APRQ_11_0686.4-31565e422b-z2z0xycl,final,3.1935,2.7991,27,0,above_ceiling,643.349
,runs\produce_run_20260725_120911\master_work\worker_06\c2da2cde468c82c7__MAS_RST.APRQ_11_0688.2-eaa70b287c-tbsc_2vt,nonfinite,,,0,0,,
c924129cec8f15cc,runs\produce_run_20260725_120911\master_work\worker_06\c924129cec8f15cc__MAS_RST.APRQ_11_0678.9-b801a796e0-hhqykyal,final,2.1498,1.9148,27,1,,640.738
,runs\produce_run_20260725_120911\master_work\worker_06\cb2b1efbb5c51b7f__MAS_RST.APRQ_11_0692.6-a3fc5c952a-5wplp24z,nonfinite,,,0,0,,
ebda3fa4cd5d2534,runs\produce_run_20260725_120911\master_work\worker_06\ebda3fa4cd5d2534__MAS_RST.APRQ_11_0677.2-e90a421f75-ieh6cyh6,final,2.301,2.1331,27,1,,645.106
05e960c42d56211d,runs\produce_run_20260725_120911\master_work\worker_07\05e960c42d56211d__MAS_RST.APRQ_11_0662.3-28e0e4c9dc-lpod8zib,final,2.2443,1.9997,26,1,,622.796
1a638a4369cfd64b,runs\produce_run_20260725_120911\master_work\worker_07\1a638a4369cfd64b__MAS_RST.APRQ_11_0678.9-9aea259688-8aw7g055,final,2.101,1.8841,26,1,,629.958
1cff8f3e260f7dec,runs\produce_run_20260725_120911\master_work\worker_07\1cff8f3e260f7dec__MAS_RST.APRQ_11_0692.6-0065b0bbe5-_lv52wqd,final,3.9475,3.5864,27,0,above_ceiling,655.737
417f2762ff765402,runs\produce_run_20260725_120911\master_work\worker_07\417f2762ff765402__MAS_RST.APRQ_11_0692.6-5cec0fec59-1xiopw77,final,2.2351,1.9763,27,1,,646.239
4ee43c51fbca4dea,runs\produce_run_20260725_120911\master_work\worker_07\4ee43c51fbca4dea__MAS_RST.APRQ_11_0658.9-a1477d247a-o6bxtttj,final,2.2568,2.018,26,1,,614.736
,runs\produce_run_20260725_120911\master_work\worker_07\59b5e2434b97d277__MAS_RST.APRQ_11_0665.0-8f7b6689f3-omo0ygq5,nonfinite,,,0,0,,
,runs\produce_run_20260725_120911\master_work\worker_07\c95bea78bd033040__MAS_RST.APRQ_11_0658.9-4732edc6b8-defyvhb2,nonfinite,,,0,0,,
ce878beb8a6cef3e,runs\produce_run_20260725_120911\master_work\worker_07\ce878beb8a6cef3e__MAS_RST.APRQ_11_0686.4-9380c2a191-qp9vda3v,final,2.1123,1.8412,27,1,,639.821
,runs\produce_run_20260725_120911\master_work\worker_07\d97533b027a4084d__MAS_RST.APRQ_11_0686.4-0f14da8e69-sk4lsafq,nonfinite,,,0,0,,
08707fe6778b3cf6,runs\produce_run_20260725_135935\master_work\worker_00\08707fe6778b3cf6__MAS_RST.APRQ_11_0688.2-0c2c5858fe-crux4cmo,superseded,,,0,0,,
,runs\produce_run_20260725_135935\master_work\worker_00\08707fe6778b3cf6__MAS_RST.APRQ_11_0688.2-fc8161928e-wk_3guma,nonfinite,,,0,0,,
09b00db7fdae3306,runs\produce_run_20260725_135935\master_work\worker_00\09b00db7fdae3306__MAS_RST.APRQ_11_0688.2-df7c950389-7yp3ggpp,final,2.1818,1.9555,26,1,,628.047
,runs\produce_run_20260725_135935\master_work\worker_00\0a5cc91cb463bfef__MAS_RST.APRQ_11_0615.8-caf9a7a21d-_8jcexkh,nonfinite,,,0,0,,
0a88d42d5c118aa8,runs\produce_run_20260725_135935\master_work\worker_00\0a88d42d5c118aa8__MAS_RST.APRQ_11_0686.4-1931769bc3-mnxh6s83,final,4.4775,3.9865,26,0,above_ceiling,628.247
0cb7a1a25f005b2a,runs\produce_run_20260725_135935\master_work\worker_00\0cb7a1a25f005b2a__MAS_RST.APRQ_11_0615.8-d7efcd5786-vs3szlp8,final,4.4435,3.8055,25,0,above_ceiling,574.957
0e0ba398f0fb6f0a,runs\produce_run_20260725_135935\master_work\worker_00\0e0ba398f0fb6f0a__MAS_RST.APRQ_10_0635.8-3fcf3b2fa2-68fot5yg,final,2.1232,1.8673,23,1,,530.44
106d4d29b57f3a52,runs\produce_run_20260725_135935\master_work\worker_00\106d4d29b57f3a52__MAS_RST.APRQ_11_0615.8-8006670801-7f8f87sk,final,2.5806,2.2371,25,1,,586.681
15426c28de3087e6,runs\produce_run_20260725_135935\master_work\worker_00\15426c28de3087e6__MAS_RST.APRQ_11_0615.8-384c7f66dd-majqxnpw,final,2.7631,2.4079,23,1,,538.136
15d5968afa8365c1,runs\produce_run_20260725_135935\master_work\worker_00\15d5968afa8365c1__MAS_RST.APRQ_11_0618.3-63b3d7e14d-erhv568m,final,2.3678,2.1848,25,1,,578.454
1c61e3426dc515f6,runs\produce_run_20260725_135935\master_work\worker_00\1c61e3426dc515f6__MAS_RST.APRQ_11_0688.2-09349a7450-i5v9dzoq,final,4.6114,4.119,27,0,above_ceiling,639.158
1e1f115b21839215,runs\produce_run_20260725_135935\master_work\worker_00\1e1f115b21839215__MAS_RST.APRQ_11_0678.9-b728ba4dbb-ma08ll7v,final,2.0288,1.8225,27,1,,630.249
,runs\produce_run_20260725_135935\master_work\worker_00\20572f60909df914__MAS_RST.APRQ_10_0635.8-d8cb993f39-oyo6qbid,nonfinite,,,0,0,,
21b73a08cfdbd509,runs\produce_run_20260725_135935\master_work\worker_00\21b73a08cfdbd509__MAS_RST.APRQ_11_0615.8-b935f2f35a-3gdtqdpd,final,3.5901,3.0996,25,0,above_ceiling,581.494
,runs\produce_run_20260725_135935\master_work\worker_00\23edf153ae12e6a0__MAS_RST.APRQ_11_0618.3-490f0ba9d2-0i2mcun7,nonfinite,,,0,0,,
,runs\produce_run_20260725_135935\master_work\worker_00\2baa6fda36845047__MAS_RST.APRQ_11_0679.4-7001666f20-ygdn9f6e,nonfinite,,,0,0,,
3106516f672f7373,runs\produce_run_20260725_135935\master_work\worker_00\3106516f672f7373__MAS_RST.APRQ_11_0615.8-e7d6a647f3-_6xs6gog,final,2.3154,2.0245,25,1,,579.937
3830a903abfdae22,runs\produce_run_20260725_135935\master_work\worker_00\3830a903abfdae22__MAS_RST.APRQ_11_0665.0-dfbd3623be-27zd0xmt,final,2.38,2.099,26,1,,622.804
3a09cf238be220e4,runs\produce_run_20260725_135935\master_work\worker_00\3a09cf238be220e4__MAS_RST.APRQ_11_0615.8-44e684d7e1-dqt7cfzz,final,2.33,2.0764,24,1,,542.334
,runs\produce_run_20260725_135935\master_work\worker_00\3a312b0c387659d5__MAS_RST.APRQ_11_0658.9-403bfc6688-aah9qih1,nonfinite,,,0,0,,
3d726576dc62b32c,runs\produce_run_20260725_135935\master_work\worker_00\3d726576dc62b32c__MAS_RST.APRQ_11_0618.3-0676852447-58w_uren,final,1.8941,1.7269,24,1,,547.481
42fb6dbbb93ce067,runs\produce_run_20260725_135935\master_work\worker_00\42fb6dbbb93ce067__MAS_RST.APRQ_11_0686.4-645f8990f5-g07dopa5,final,2.4651,2.2739,27,1,,640.637
45778646da7a3359,runs\produce_run_20260725_135935\master_work\worker_00\45778646da7a3359__MAS_RST.APRQ_11_0692.6-60ded9faa7-dz9jawmw,final,2.2871,2.0304,27,1,,646.139
,runs\produce_run_20260725_135935\master_work\worker_00\479e939bd6179924__MAS_RST.APRQ_11_0677.2-e1dd850b2e-1agn83by,nonfinite,,,0,0,,
,runs\produce_run_20260725_135935\master_work\worker_00\4ed9002def41c0ea__MAS_RST.APRQ_11_0688.2-a4ef804e9c-9r8nn_dw,nonfinite,,,0,0,,
5000281be2973fd0,runs\produce_run_20260725_135935\master_work\worker_00\5000281be2973fd0__MAS_RST.APRQ_11_0686.4-eed674042f-yjfn9zj8,final,3.9967,3.5421,27,0,above_ceiling,646.375
,runs\produce_run_20260725_135935\master_work\worker_00\504444aaee1c36c3__MAS_RST.APRQ_11_0615.8-c0d944b163-6wy34yyp,nonfinite,,,0,0,,
,runs\produce_run_20260725_135935\master_work\worker_00\513915cf9788011b__MAS_RST.APRQ_11_0678.9-238b5a94ad-rs90jk6c,nonfinite,,,0,0,,
527f8ce16ea9b77c,runs\produce_run_20260725_135935\master_work\worker_00\527f8ce16ea9b77c__MAS_RST.APRQ_11_0677.2-4faea0b489-ga08dwso,final,4.0668,3.7614,26,0,above_ceiling,628.809
544c294a89e3bf67,runs\produce_run_20260725_135935\master_work\worker_00\544c294a89e3bf67__MAS_RST.APRQ_11_0615.8-ebb75d4a95-k6x9ffn0,final,3.4712,3.0033,23,0,above_ceiling,535.676
5ea5282990873e6d,runs\produce_run_20260725_135935\master_work\worker_00\5ea5282990873e6d__MAS_RST.APRQ_11_0678.9-aef624ab8e-ki65nsc8,final,2.4751,2.2108,27,1,,630.872
645558934d801ff7,runs\produce_run_20260725_135935\master_work\worker_00\645558934d801ff7__MAS_RST.APRQ_11_0688.2-b6a247f61a-m7kri5zp,final,3.0674,2.6341,26,0,above_ceiling,611.936
67600de54a95df27,runs\produce_run_20260725_135935\master_work\worker_00\67600de54a95df27__MAS_RST.APRQ_11_0686.4-ec5253858c-leuc0x7j,final,2.5312,2.289,27,1,,641.609
,runs\produce_run_20260725_135935\master_work\worker_00\6772222d2772ff68__MAS_RST.APRQ_11_0615.8-b0c05a02f0-dnsb7iyq,nonfinite,,,0,0,,
,runs\produce_run_20260725_135935\master_work\worker_00\6798daf8902c1b40__MAS_RST.APRQ_11_0692.6-97adc0cdd7-65qzpbuq,nonfinite,,,0,0,,
,runs\produce_run_20260725_135935\master_work\worker_00\6c7faf5a31176538__MAS_RST.APRQ_11_0618.3-3395231a93-pu0_t5vh,nonfinite,,,0,0,,
6e9f0908e30d8a2d,runs\produce_run_20260725_135935\master_work\worker_00\6e9f0908e30d8a2d__MAS_RST.APRQ_11_0677.2-3a537b4289-_ii2z3i3,final,4.2451,3.7924,27,0,above_ceiling,644.137
6f74ee97c0b8ee03,runs\produce_run_20260725_135935\master_work\worker_00\6f74ee97c0b8ee03__MAS_RST.APRQ_11_0618.3-81a0d1b61e-33h1_4cg,final,2.5505,2.2866,24,1,,562.764
709a9fa4e9159153,runs\produce_run_20260725_135935\master_work\worker_00\709a9fa4e9159153__MAS_RST.APRQ_11_0618.3-3e27b38c35-jwc2p08p,final,2.9978,2.6287,23,1,,530.756
76f0fc55cbd4b364,runs\produce_run_20260725_135935\master_work\worker_00\76f0fc55cbd4b364__MAS_RST.APRQ_11_0618.3-767c667599-1ua3sb6v,final,2.4153,2.0897,25,1,,584.57
,runs\produce_run_20260725_135935\master_work\worker_00\7a763513a3e6ce46__MAS_RST.APRQ_11_0615.8-ed1d920e96-kd4q0xyp,nonfinite,,,0,0,,
,runs\produce_run_20260725_135935\master_work\worker_00\7aa9ca25b70610b7__MAS_RST.APRQ_11_0692.6-1e076cb743-r6pdqipx,nonfinite,,,0,0,,
7abe768d5b87b20a,runs\produce_run_20260725_135935\master_work\worker_00\7abe768d5b87b20a__MAS_RST.APRQ_11_0615.8-8ce1adf34a-3e6ny35h,final,4.0196,3.6047,23,0,above_ceiling,527.857
81b22503ecbe39d5,runs\produce_run_20260725_135935\master_work\worker_00\81b22503ecbe39d5__MAS_RST.APRQ_10_0635.8-abfda36c5e-dbr9qezj,final,2.1553,1.8657,23,1,,538.973
,runs\produce_run_20260725_135935\master_work\worker_00\83fa7ba59b7c7632__MAS_RST.APRQ_11_0615.8-205f66f3de-fnc3rmtw,nonfinite,,,0,0,,
8613a21bb3c63c27,runs\produce_run_20260725_135935\master_work\worker_00\8613a21bb3c63c27__MAS_RST.APRQ_11_0686.4-4cbca4790f-ohmh3fpe,final,2.1536,1.8793,27,1,,655.691
8b82840e78b2981d,runs\produce_run_20260725_135935\master_work\worker_00\8b82840e78b2981d__MAS_RST.APRQ_11_0692.6-8c6d2590e7-qp4lrk7k,final,1.9726,1.7483,27,1,,648.272
8f59282c651af80b,runs\produce_run_20260725_135935\master_work\worker_00\8f59282c651af80b__MAS_RST.APRQ_11_0686.4-5eee2496de-y_pgtvp6,final,1.8425,1.6235,27,1,,648.774
954fe14025a1eaab,runs\produce_run_20260725_135935\master_work\worker_00\954fe14025a1eaab__MAS_RST.APRQ_11_0665.0-b95a92f14d-7532pi_e,final,2.1107,1.8871,26,1,,619.746
95ed8727d6b058cd,runs\produce_run_20260725_135935\master_work\worker_00\95ed8727d6b058cd__MAS_RST.APRQ_11_0688.2-ae192891ee-bj4u8cew,final,4.2,3.8325,27,0,above_ceiling,647.681
,runs\produce_run_20260725_135935\master_work\worker_00\9892451a398ab049__MAS_RST.APRQ_11_0618.3-23184a5aeb-54nt5mdi,nonfinite,,,0,0,,
9a0be0fa6190d4dd,runs\produce_run_20260725_135935\master_work\worker_00\9a0be0fa6190d4dd__MAS_RST.APRQ_11_0615.8-f465fe3f55-f08z_3fe,final,4.2614,3.509,23,0,above_ceiling,535.339
9d354ff4f931950f,runs\produce_run_20260725_135935\master_work\worker_00\9d354ff4f931950f__MAS_RST.APRQ_11_0686.4-f8e4d487ea-gvqi_5hc,final,1.8984,1.7174,27,1,,649.169
,runs\produce_run_20260725_135935\master_work\worker_00\abc04c3e43b31048__MAS_RST.APRQ_11_0618.3-2cf6eb8702-4td072pa,nonfinite,,,0,0,,
aca8ade9ab565062,runs\produce_run_20260725_135935\master_work\worker_00\aca8ade9ab565062__MAS_RST.APRQ_11_0662.3-88a6c035ab-yj18qp0u,final,2.2996,2.0129,26,1,,622.09
b0c8a7e46f3574b4,runs\produce_run_20260725_135935\master_work\worker_00\b0c8a7e46f3574b4__MAS_RST.APRQ_11_0662.3-d2f5a28df5-yznp8m49,final,2.2574,2.014,26,1,,617.04
,runs\produce_run_20260725_135935\master_work\worker_00\b35903805bd908c9__MAS_RST.APRQ_11_0618.3-914ec68683-1os8fam7,nonfinite,,,0,0,,
b68acb19d3b76056,runs\produce_run_20260725_135935\master_work\worker_00\b68acb19d3b76056__MAS_RST.APRQ_11_0686.4-531828af1e-kageim4q,final,2.2098,1.9363,27,1,,652.459
,runs\produce_run_20260725_135935\master_work\worker_00\b7b2bc2a416809b4__MAS_RST.APRQ_11_0677.2-b05af7d86e-712h9hqu,nonfinite,,,0,0,,
,runs\produce_run_20260725_135935\master_work\worker_00\b8c4d9fec83b5805__MAS_RST.APRQ_11_0665.0-3ee11973a1-zymopmt_,nonfinite,,,0,0,,
,runs\produce_run_20260725_135935\master_work\worker_00\be44cd4fc6918fa6__MAS_RST.APRQ_11_0618.3-39827d3401-k2_x2ehw,nonfinite,,,0,0,,
c33d2dca8d70d93c,runs\produce_run_20260725_135935\master_work\worker_00\c33d2dca8d70d93c__MAS_RST.APRQ_11_0615.8-1e022c10fd-zdu8vqil,final,2.4185,2.1975,23,1,,531.705
c59b8177f5a082d9,runs\produce_run_20260725_135935\master_work\worker_00\c59b8177f5a082d9__MAS_RST.APRQ_11_0618.3-76dfe33edb-aql7vwbo,final,2.4141,2.206,24,1,,546.092
c8fad2b0047a7203,runs\produce_run_20260725_135935\master_work\worker_00\c8fad2b0047a7203__MAS_RST.APRQ_11_0615.8-3a10ca4f17-stqnc340,final,2.4275,2.1424,24,1,,555.181
,runs\produce_run_20260725_135935\master_work\worker_00\d02993c51af7ff04__MAS_RST.APRQ_11_0678.9-01ba04dce8-cpx39tbf,nonfinite,,,0,0,,
,runs\produce_run_20260725_135935\master_work\worker_00\dd50c8f50a0c532f__MAS_RST.APRQ_11_0662.3-5a944f0296-8mhwn8ff,nonfinite,,,0,0,,
,runs\produce_run_20260725_135935\master_work\worker_00\df85a203a69f8655__MAS_RST.APRQ_11_0658.9-5b478a1002-io87u0wk,nonfinite,,,0,0,,
dfb5564ecf503929,runs\produce_run_20260725_135935\master_work\worker_00\dfb5564ecf503929__MAS_RST.APRQ_11_0615.8-bf31363498-8rs6dwhw,final,2.7106,2.3845,23,1,,537.394
eeba733ec1da484c,runs\produce_run_20260725_135935\master_work\worker_00\eeba733ec1da484c__MAS_RST.APRQ_11_0618.3-c0dea8641c-vccbgrn2,final,2.129,1.9227,25,1,,575.85
f08ec217a6078a92,runs\produce_run_20260725_135935\master_work\worker_00\f08ec217a6078a92__MAS_RST.APRQ_11_0615.8-05439f570a-rq2t0z2_,final,2.005,1.711,25,1,,578.526
f22b9964e7d42200,runs\produce_run_20260725_135935\master_work\worker_00\f22b9964e7d42200__MAS_RST.APRQ_11_0618.3-7664b78e5d-ajcmml5c,final,2.2056,2.0011,24,1,,543.113
,runs\produce_run_20260725_135935\master_work\worker_00\f65e5b205a986ade__MAS_RST.APRQ_11_0615.8-324e4791b7-b1qyepyj,nonfinite,,,0,0,,
,runs\produce_run_20260725_135935\master_work\worker_00\f6ccc8d5b427113c__MAS_RST.APRQ_10_0635.8-bb0e802605-6ryw6ide,nonfinite,,,0,0,,
f9164f2f3b7e005f,runs\produce_run_20260725_135935\master_work\worker_00\f9164f2f3b7e005f__MAS_RST.APRQ_11_0615.8-36d6cebbdc-3g00k7ad,final,2.6491,2.3346,25,1,,578.443
fb298378d71dbca9,runs\produce_run_20260725_135935\master_work\worker_00\fb298378d71dbca9__MAS_RST.APRQ_11_0618.3-e606eb1d82-fsr3kiju,final,2.6123,2.3451,23,1,,519.943
fd20c7eebfaec4be,runs\produce_run_20260725_135935\master_work\worker_00\fd20c7eebfaec4be__MAS_RST.APRQ_11_0686.4-a8ff8fd6ff-3qt855ex,final,2.3982,2.1453,27,1,,649.318
fe67de99b2af267b,runs\produce_run_20260725_135935\master_work\worker_00\fe67de99b2af267b__MAS_RST.APRQ_11_0688.2-b965643d14-eevqxe_b,final,2.1696,1.9241,27,1,,648.44
06a3425d9a493e31,runs\produce_run_20260725_135935\master_work\worker_01\06a3425d9a493e31__MAS_RST.APRQ_11_0692.6-c77ab6d662-093lb9o7,final,2.3872,2.1258,27,1,,647.389
0bf921e41523a6ec,runs\produce_run_20260725_135935\master_work\worker_01\0bf921e41523a6ec__MAS_RST.APRQ_11_0686.4-27d5a1f0bf-6qxc8kx8,final,3.6134,3.1178,27,0,above_ceiling,637.769
0d87e33baf6c7c6f,runs\produce_run_20260725_135935\master_work\worker_01\0d87e33baf6c7c6f__MAS_RST.APRQ_11_0615.8-c8cdbe7398-_vdvs1ei,final,2.4863,2.1234,23,1,,539.504
1000a8f60137c147,runs\produce_run_20260725_135935\master_work\worker_01\1000a8f60137c147__MAS_RST.APRQ_11_0615.8-1a2b4f6f36-amojegbe,final,2.3392,2.0859,23,1,,532.964
1142fd96863f5ad6,runs\produce_run_20260725_135935\master_work\worker_01\1142fd96863f5ad6__MAS_RST.APRQ_11_0677.2-782ea0b4d3-e5pqwips,final,2.1644,1.9192,26,1,,620.56
1574b58ab8599a3a,runs\produce_run_20260725_135935\master_work\worker_01\1574b58ab8599a3a__MAS_RST.APRQ_11_0615.8-b448dfa699-xhgzc008,final,2.4956,2.2084,24,1,,542.941
,runs\produce_run_20260725_135935\master_work\worker_01\1707c6be2b5530c1__MAS_RST.APRQ_11_0678.9-9cab37cd52-tevlpmnj,nonfinite,,,0,0,,
,runs\produce_run_20260725_135935\master_work\worker_01\1a243d5d676d419b__MAS_RST.APRQ_11_0618.3-ce27fb1a36-pb6frmm6,nonfinite,,,0,0,,
1c7e711082171828,runs\produce_run_20260725_135935\master_work\worker_01\1c7e711082171828__MAS_RST.APRQ_11_0688.2-5b273cfe7b-69n_obv1,final,3.191,2.8825,27,0,above_ceiling,648.388
,runs\produce_run_20260725_135935\master_work\worker_01\1d5f92ee679ce168__MAS_RST.APRQ_11_0677.2-6bc1ce1191-qouv9qmr,nonfinite,,,0,0,,
1df13f9f97b2eff3,runs\produce_run_20260725_135935\master_work\worker_01\1df13f9f97b2eff3__MAS_RST.APRQ_10_0635.8-b84654930f-8ezwpvg1,final,3.6151,3.1556,25,0,above_ceiling,574.652
2684b3922718e3fe,runs\produce_run_20260725_135935\master_work\worker_01\2684b3922718e3fe__MAS_RST.APRQ_11_0692.6-fbfd4ecf07-zlle3vxj,final,5.0232,4.4621,26,0,above_ceiling,629.844
,runs\produce_run_20260725_135935\master_work\worker_01\29adfcb431b3e702__MAS_RST.APRQ_11_0688.2-02ccf9bafc-4ef87moa,nonfinite,,,0,0,,
,runs\produce_run_20260725_135935\master_work\worker_01\2a9ba3a2bddbfd6e__MAS_RST.APRQ_11_0677.2-73620739a5-7uh5j6ho,nonfinite,,,0,0,,
,runs\produce_run_20260725_135935\master_work\worker_01\2b7788a78a867020__MAS_RST.APRQ_11_0618.3-4b8d14a56e-oqymsntr,nonfinite,,,0,0,,
2cab08ac872a6fdd,runs\produce_run_20260725_135935\master_work\worker_01\2cab08ac872a6fdd__MAS_RST.APRQ_11_0618.3-bdaae4ecd2-98dul0fd,final,2.3806,2.1347,24,1,,549.057
3096542789e71f36,runs\produce_run_20260725_135935\master_work\worker_01\3096542789e71f36__MAS_RST.APRQ_10_0635.8-9db741cd40-xffsbxqk,final,5.7413,5.1234,25,0,above_ceiling,574.353
,runs\produce_run_20260725_135935\master_work\worker_01\3d088d5d7293139f__MAS_RST.APRQ_10_0635.8-9858984242-v2z6ebhy,nonfinite,,,0,0,,
,runs\produce_run_20260725_135935\master_work\worker_01\3f8c934131898dc8__MAS_RST.APRQ_11_0615.8-ae47e5138e-ff7i5cgy,nonfinite,,,0,0,,
41356de2b3809e5f,runs\produce_run_20260725_135935\master_work\worker_01\41356de2b3809e5f__MAS_RST.APRQ_11_0688.2-b7c1191678-44q7nd7_,final,2.0908,1.8822,27,1,,637.287
,runs\produce_run_20260725_135935\master_work\worker_01\4621878942ed335e__MAS_RST.APRQ_11_0688.2-93e2a2979a-c29wn94l,nonfinite,,,0,0,,
47d910d02a3b4971,runs\produce_run_20260725_135935\master_work\worker_01\47d910d02a3b4971__MAS_RST.APRQ_11_0678.9-1c481180ae-bzgrloc1,final,4.9818,4.4244,26,0,above_ceiling,624.471
49690d6690bfa818,runs\produce_run_20260725_135935\master_work\worker_01\49690d6690bfa818__MAS_RST.APRQ_11_0665.0-1680b4be81-u0n44shd,final,1.9463,1.7693,26,1,,626.718
4ef49dc45d622476,runs\produce_run_20260725_135935\master_work\worker_01\4ef49dc45d622476__MAS_RST.APRQ_11_0618.3-9616cf69ab-gqrafbj6,final,2.1106,1.9527,25,1,,579.376
54b9d419b3945c47,runs\produce_run_20260725_135935\master_work\worker_01\54b9d419b3945c47__MAS_RST.APRQ_11_0618.3-6944365c88-kf11wb3_,final,5.5454,4.9689,25,0,above_ceiling,581.237
5571429aa5998cb3,runs\produce_run_20260725_135935\master_work\worker_01\5571429aa5998cb3__MAS_RST.APRQ_11_0615.8-3c67e25909-iuvbt_5z,final,2.3565,1.97,24,1,,568.356
,runs\produce_run_20260725_135935\master_work\worker_01\55dbdb4bd571edd9__MAS_RST.APRQ_11_0618.3-b5f9223b32-6ucfswvj,nonfinite,,,0,0,,
58425ca8e61422bc,runs\produce_run_20260725_135935\master_work\worker_01\58425ca8e61422bc__MAS_RST.APRQ_11_0615.8-9b08f31858-9m7o9kyg,final,3.1839,2.4133,24,0,above_ceiling,556.31
,runs\produce_run_20260725_135935\master_work\worker_01\5b35c1e1589299f5__MAS_RST.APRQ_11_0615.8-66867444c4-6yeura33,nonfinite,,,0,0,,
5bd466ce44271aa5,runs\produce_run_20260725_135935\master_work\worker_01\5bd466ce44271aa5__MAS_RST.APRQ_10_0635.8-a6ce7a2273-isnewu32,final,4.2611,3.649,25,0,above_ceiling,576.184
5c2b99baa3f0b0e9,runs\produce_run_20260725_135935\master_work\worker_01\5c2b99baa3f0b0e9__MAS_RST.APRQ_11_0688.2-c3b9ed5f24-vysu2q2w,final,2.5702,2.2949,27,1,,643.06
5caee18922600bf6,runs\produce_run_20260725_135935\master_work\worker_01\5caee18922600bf6__MAS_RST.APRQ_10_0635.8-91692a411f-ipsjvvao,final,2.478,2.2531,25,1,,575.687
,runs\produce_run_20260725_135935\master_work\worker_01\5cf7bf02771b9ca9__MAS_RST.APRQ_11_0688.2-9054a27673-0ykq4vdb,nonfinite,,,0,0,,
63a1261c090074d9,runs\produce_run_20260725_135935\master_work\worker_01\63a1261c090074d9__MAS_RST.APRQ_11_0688.2-e4f555aa4e-wgb63y6j,final,2.4591,2.1311,26,1,,619.696
699177ffce312a76,runs\produce_run_20260725_135935\master_work\worker_01\699177ffce312a76__MAS_RST.APRQ_11_0615.8-fc6d5a3e06-3y4spt60,final,2.3143,1.9634,23,1,,540
6a462972f40619cf,runs\produce_run_20260725_135935\master_work\worker_01\6a462972f40619cf__MAS_RST.APRQ_11_0615.8-354710c417-oqabqatb,final,2.2063,1.9053,24,1,,544.58
6cf892e603d2161d,runs\produce_run_20260725_135935\master_work\worker_01\6cf892e603d2161d__MAS_RST.APRQ_11_0692.6-9767c445e7-9ug_8db2,final,2.0412,1.858,27,1,,655.872
7142237ad2c890cb,runs\produce_run_20260725_135935\master_work\worker_01\7142237ad2c890cb__MAS_RST.APRQ_11_0665.0-78b4863a90-zk_n4uqe,final,2.4291,2.2615,27,1,,630.267
75659522a1cb9a42,runs\produce_run_20260725_135935\master_work\worker_01\75659522a1cb9a42__MAS_RST.APRQ_10_0635.8-a87b82be94-aq4bd6qt,final,2.1705,1.9534,24,1,,547.849
,runs\produce_run_20260725_135935\master_work\worker_01\7626e1a0e2f8c365__MAS_RST.APRQ_11_0618.3-ecc03b15b0-y1tlgbs2,nonfinite,,,0,0,,
7a0eb146f26fb3cd,runs\produce_run_20260725_135935\master_work\worker_01\7a0eb146f26fb3cd__MAS_RST.APRQ_11_0618.3-9cfd7edd74-wei8r4rb,final,2.0347,1.8736,25,1,,586.166
,runs\produce_run_20260725_135935\master_work\worker_01\7cd18b855cfe8895__MAS_RST.APRQ_10_0635.8-c14eef58a0-7lpqg6mw,nonfinite,,,0,0,,
7d35ca460d07b4a0,runs\produce_run_20260725_135935\master_work\worker_01\7d35ca460d07b4a0__MAS_RST.APRQ_11_0618.3-bab2e4b571-i8dpgvfi,final,2.5295,2.3186,25,1,,572.082
,runs\produce_run_20260725_135935\master_work\worker_01\7e3cd5afc3ec02ee__MAS_RST.APRQ_11_0662.3-25b5f61123-cffw5omb,nonfinite,,,0,0,,
80d2e4608fe31924,runs\produce_run_20260725_135935\master_work\worker_01\80d2e4608fe31924__MAS_RST.APRQ_11_0615.8-644785e88b-0i8s_fs7,final,2.1913,1.9168,25,1,,579.24
,runs\produce_run_20260725_135935\master_work\worker_01\8500abd1c6a46f45__MAS_RST.APRQ_11_0688.2-7ce0af4cad-jua7h2o3,nonfinite,,,0,0,,
,runs\produce_run_20260725_135935\master_work\worker_01\89e7893fb3fc520d__MAS_RST.APRQ_11_0692.6-01e0221c51-9m5zxuk3,nonfinite,,,0,0,,
8db8fa39c496562b,runs\produce_run_20260725_135935\master_work\worker_01\8db8fa39c496562b__MAS_RST.APRQ_11_0615.8-c2dcc7fd47-uqbha5z_,final,5.4792,4.8643,24,0,above_ceiling,545.319
8ef9dd3a08340a0a,runs\produce_run_20260725_135935\master_work\worker_01\8ef9dd3a08340a0a__MAS_RST.APRQ_11_0686.4-729e163e42-e6t3hdih,final,2.3442,2.1602,27,1,,646.262
,runs\produce_run_20260725_135935\master_work\worker_01\ac8ee90284b451ea__MAS_RST.APRQ_11_0678.9-420a85a972-1_jtoqml,nonfinite,,,0,0,,
b1a8dd7b43a169c2,runs\produce_run_20260725_135935\master_work\worker_01\b1a8dd7b43a169c2__MAS_RST.APRQ_11_0677.2-765d090b63-r0e9exta,final,2.1319,1.9516,27,1,,638.33
b396068daa40868a,runs\produce_run_20260725_135935\master_work\worker_01\b396068daa40868a__MAS_RST.APRQ_11_0662.3-1cda4f9fc9-i23k1_18,final,1.967,1.7415,26,1,,622.514
,runs\produce_run_20260725_135935\master_work\worker_01\b9a5dec1682c662c__MAS_RST.APRQ_11_0662.3-8b167e199f-24oophmq,nonfinite,,,0,0,,
bbf46cae4e80f843,runs\produce_run_20260725_135935\master_work\worker_01\bbf46cae4e80f843__MAS_RST.APRQ_11_0692.6-2c0349cc59-l20ph_xs,final,2.5752,2.294,27,1,,653.515
cbb3248373fe9b78,runs\produce_run_20260725_135935\master_work\worker_01\cbb3248373fe9b78__MAS_RST.APRQ_11_0615.8-02d535f187-_7rhtkeq,final,2.1934,1.9544,24,1,,550.699
,runs\produce_run_20260725_135935\master_work\worker_01\cc75febbfff2ba60__MAS_RST.APRQ_11_0618.3-e364c21359-4sa4zhh1,nonfinite,,,0,0,,
,runs\produce_run_20260725_135935\master_work\worker_01\cee98efde05dd202__MAS_RST.APRQ_11_0688.2-6dd48aee49-n4nllhmj,nonfinite,,,0,0,,
,runs\produce_run_20260725_135935\master_work\worker_01\d192a2aed3eb7ced__MAS_RST.APRQ_11_0618.3-2fcba04817-mb47m_f1,nonfinite,,,0,0,,
,runs\produce_run_20260725_135935\master_work\worker_01\d2dc647d7413ca81__MAS_RST.APRQ_11_0686.4-d84dd96f8e-ga_0q2cx,nonfinite,,,0,0,,
,runs\produce_run_20260725_135935\master_work\worker_01\d5aba9539d222101__MAS_RST.APRQ_11_0692.6-e5a3036cdc-ygkgis1i,nonfinite,,,0,0,,
d8a9f29f99659a26,runs\produce_run_20260725_135935\master_work\worker_01\d8a9f29f99659a26__MAS_RST.APRQ_11_0618.3-f1c5b172d3-pqylps3w,final,1.8124,1.6693,25,1,,583.299
d92dc7e5cb852230,runs\produce_run_20260725_135935\master_work\worker_01\d92dc7e5cb852230__MAS_RST.APRQ_11_0679.4-c7541c323a-tkobq8bo,final,2.1692,1.9123,27,1,,639.67
dba1eb0a1ecff8fc,runs\produce_run_20260725_135935\master_work\worker_01\dba1eb0a1ecff8fc__MAS_RST.APRQ_11_0618.3-fd0515e4e8-cu5v858f,final,1.9884,1.8138,25,1,,570.531
e19084f0b93f746e,runs\produce_run_20260725_135935\master_work\worker_01\e19084f0b93f746e__MAS_RST.APRQ_11_0615.8-c0ad27510a-xhxrvdkx,final,2.2499,2.0459,24,1,,550.708
,runs\produce_run_20260725_135935\master_work\worker_01\e4e1db5e75aa495f__MAS_RST.APRQ_11_0677.2-dec7d11a29-a3liby6e,nonfinite,,,0,0,,
,runs\produce_run_20260725_135935\master_work\worker_01\e8d6f6efd4f149df__MAS_RST.APRQ_11_0615.8-5f81e27365-6ue07g0x,nonfinite,,,0,0,,
,runs\produce_run_20260725_135935\master_work\worker_01\eae1bd091c0b654a__MAS_RST.APRQ_11_0688.2-65dc27b2bc-ir1j0p5j,nonfinite,,,0,0,,
eb993a3c8ad28335,runs\produce_run_20260725_135935\master_work\worker_01\eb993a3c8ad28335__MAS_RST.APRQ_11_0662.3-5261acd9d1-xj54ygil,final,2.2139,1.9951,26,1,,611.315
,runs\produce_run_20260725_135935\master_work\worker_01\ece67ea49e9ec229__MAS_RST.APRQ_11_0618.3-5d943c6384-acdmnu3s,nonfinite,,,0,0,,
ece67ea49e9ec229,runs\produce_run_20260725_135935\master_work\worker_01\ece67ea49e9ec229__MAS_RST.APRQ_11_0618.3-6ce2fe8a49-uecagoq7,superseded,,,0,0,,
ecff0fc6c82441e6,runs\produce_run_20260725_135935\master_work\worker_01\ecff0fc6c82441e6__MAS_RST.APRQ_11_0615.8-b22eb36203-iisfdmjj,final,4.7367,4.1826,23,0,above_ceiling,535.65
f0ce4a2bbc7cef02,runs\produce_run_20260725_135935\master_work\worker_01\f0ce4a2bbc7cef02__MAS_RST.APRQ_11_0658.9-4c597abf4c-ae603pye,final,2.0139,1.7924,26,1,,616.998
,runs\produce_run_20260725_135935\master_work\worker_01\f23eeb94b9b0c13a__MAS_RST.APRQ_11_0615.8-98379ca874-kz8cqkmz,nonfinite,,,0,0,,
fb5697cc3ce9d9ec,runs\produce_run_20260725_135935\master_work\worker_01\fb5697cc3ce9d9ec__MAS_RST.APRQ_11_0686.4-49bddc3e69-fc961pt1,final,1.9882,1.8027,27,1,,639.828
,runs\produce_run_20260725_135935\master_work\worker_01\fd762cd05d54e364__MAS_RST.APRQ_11_0615.8-44f376cee3-y2v6z0oc,nonfinite,,,0,0,,
0056d5338027bd44,runs\produce_run_20260725_135935\master_work\worker_02\0056d5338027bd44__MAS_RST.APRQ_11_0692.6-39ebec9c56-3lu1a7zw,final,2.3334,2.0796,27,1,,655.846
,runs\produce_run_20260725_135935\master_work\worker_02\01616191369686d8__MAS_RST.APRQ_11_0662.3-1718a36e89-nxw9vwxr,nonfinite,,,0,0,,
04d0b56ef3ac9839,runs\produce_run_20260725_135935\master_work\worker_02\04d0b56ef3ac9839__MAS_RST.APRQ_10_0635.8-abda8138ad-6x3ft4ku,final,2.1117,1.8881,25,1,,576.287
05fdc5b5790b8c4b,runs\produce_run_20260725_135935\master_work\worker_02\05fdc5b5790b8c4b__MAS_RST.APRQ_11_0618.3-8bacdb2fb9-yz0_58ub,final,2.5864,2.3203,23,1,,523.25
06339880179347ff,runs\produce_run_20260725_135935\master_work\worker_02\06339880179347ff__MAS_RST.APRQ_11_0679.4-6c4079a00b-va5zobnt,final,2.0581,1.8387,27,1,,636.151
06fc964b35c46506,runs\produce_run_20260725_135935\master_work\worker_02\06fc964b35c46506__MAS_RST.APRQ_11_0662.3-0991d0d299-3u61i3b1,final,2.2096,1.9679,26,1,,627.389
07009e5c0078962a,runs\produce_run_20260725_135935\master_work\worker_02\07009e5c0078962a__MAS_RST.APRQ_11_0679.4-78e4b8efb6-41si0g3j,final,3.6145,3.1371,27,0,above_ceiling,633.943
07fca25ad0b60547,runs\produce_run_20260725_135935\master_work\worker_02\07fca25ad0b60547__MAS_RST.APRQ_11_0615.8-9d117de4bc-gn93rl2m,final,2.1445,1.8303,24,1,,550.21
,runs\produce_run_20260725_135935\master_work\worker_02\091c12931342893a__MAS_RST.APRQ_11_0615.8-a45ca9e88f-kifkmip6,nonfinite,,,0,0,,
0c21172c5ecdbd0a,runs\produce_run_20260725_135935\master_work\worker_02\0c21172c5ecdbd0a__MAS_RST.APRQ_11_0615.8-03645d8cbf-cc70euor,final,2.5837,2.2767,25,1,,584.674
,runs\produce_run_20260725_135935\master_work\worker_02\0c68eefd7aceb8f6__MAS_RST.APRQ_11_0615.8-838920eda8-s7r8760g,nonfinite,,,0,0,,
141c3ffec9497b0d,runs\produce_run_20260725_135935\master_work\worker_02\141c3ffec9497b0d__MAS_RST.APRQ_11_0618.3-9ad98e94f9-vfcgnbq6,final,2.5773,2.3106,24,1,,544.029
1561b5e20ecb636b,runs\produce_run_20260725_135935\master_work\worker_02\1561b5e20ecb636b__MAS_RST.APRQ_11_0662.3-7028f3a9bf-un7tgz23,final,2.5713,2.2945,26,1,,620.502
1be6687bb8e92f66,runs\produce_run_20260725_135935\master_work\worker_02\1be6687bb8e92f66__MAS_RST.APRQ_11_0678.9-c0efa25730-83fkzmb1,final,2.188,1.954,27,1,,637.083
1fa4aade9a12681b,runs\produce_run_20260725_135935\master_work\worker_02\1fa4aade9a12681b__MAS_RST.APRQ_10_0635.8-a4635dce0b-ir9_bnc5,final,3.5711,3.1082,25,0,above_ceiling,588.096
2118d8f5e0950482,runs\produce_run_20260725_135935\master_work\worker_02\2118d8f5e0950482__MAS_RST.APRQ_11_0662.3-7332af1490-timkwt_k,final,1.9185,1.7263,26,1,,612.469
2a3f6fc65a072c70,runs\produce_run_20260725_135935\master_work\worker_02\2a3f6fc65a072c70__MAS_RST.APRQ_10_0635.8-ce3b2c504d-94u5knmz,final,3.1495,2.7439,25,0,above_ceiling,584.657
31791a9180428e4e,runs\produce_run_20260725_135935\master_work\worker_02\31791a9180428e4e__MAS_RST.APRQ_11_0692.6-b256557978-hq9c3v2u,final,2.3835,2.1248,27,1,,643.935
3f010180dbb6fe46,runs\produce_run_20260725_135935\master_work\worker_02\3f010180dbb6fe46__MAS_RST.APRQ_11_0618.3-4ce87d0292-vp00b71k,final,2.6282,2.3565,24,1,,550.253
417f8ddf06941a37,runs\produce_run_20260725_135935\master_work\worker_02\417f8ddf06941a37__MAS_RST.APRQ_11_0618.3-af6fefecf2-ggfzyjj2,final,2.2839,2.0877,25,1,,583.914
42868f015b86352a,runs\produce_run_20260725_135935\master_work\worker_02\42868f015b86352a__MAS_RST.APRQ_11_0615.8-dc29afe121-i9szm0ig,final,6.1624,5.1266,24,0,above_ceiling,557.493
45c99d34157d25b5,runs\produce_run_20260725_135935\master_work\worker_02\45c99d34157d25b5__MAS_RST.APRQ_11_0688.2-7e8a2922d8-wjm4gbw1,final,2.3652,2.1147,27,1,,642.569
4c11b78df72a6f73,runs\produce_run_20260725_135935\master_work\worker_02\4c11b78df72a6f73__MAS_RST.APRQ_11_0692.6-d99813d5ca-wlzcuq9c,final,2.1007,1.8817,27,1,,649.444
4ec0e2cb426045ea,runs\produce_run_20260725_135935\master_work\worker_02\4ec0e2cb426045ea__MAS_RST.APRQ_10_0635.8-281689add1-ruivawal,final,2.5419,2.3295,24,1,,547.984
5093ac01860db335,runs\produce_run_20260725_135935\master_work\worker_02\5093ac01860db335__MAS_RST.APRQ_11_0615.8-27563c2e48-euu8lroc,final,2.0808,1.8887,25,1,,587.274
5220d7504e624a17,runs\produce_run_20260725_135935\master_work\worker_02\5220d7504e624a17__MAS_RST.APRQ_11_0615.8-fa1023b5cf-xnkh68l7,final,2.3916,1.997,24,1,,570
54999f352de2d982,runs\produce_run_20260725_135935\master_work\worker_02\54999f352de2d982__MAS_RST.APRQ_11_0615.8-cb916c7430-0ydf59o_,final,2.2057,1.9138,24,1,,548.293
55eef1a5dc264751,runs\produce_run_20260725_135935\master_work\worker_02\55eef1a5dc264751__MAS_RST.APRQ_10_0635.8-790e66884a-e62ogt89,final,4.0546,3.4611,23,0,above_ceiling,523.802
65e1d28ddc825080,runs\produce_run_20260725_135935\master_work\worker_02\65e1d28ddc825080__MAS_RST.APRQ_11_0615.8-7ea1143350-gtr2uno9,final,2.7681,2.3652,24,1,,540.261
,runs\produce_run_20260725_135935\master_work\worker_02\6f5044fe98a782bf__MAS_RST.APRQ_11_0688.2-e568c8c9c0-hx5vv4m5,nonfinite,,,0,0,,
741ca70c9dcf7603,runs\produce_run_20260725_135935\master_work\worker_02\741ca70c9dcf7603__MAS_RST.APRQ_11_0686.4-7a509949f3-uqcftiep,final,2.4393,2.1553,27,1,,653.138
,runs\produce_run_20260725_135935\master_work\worker_02\74dfcd230884bda3__MAS_RST.APRQ_11_0662.3-e278439f51-m4hi4kt1,nonfinite,,,0,0,,
,runs\produce_run_20260725_135935\master_work\worker_02\7535f3384a783f74__MAS_RST.APRQ_11_0615.8-117a8048ed-3mdcazv9,nonfinite,,,0,0,,
7535f3384a783f74,runs\produce_run_20260725_135935\master_work\worker_02\7535f3384a783f74__MAS_RST.APRQ_11_0615.8-dac7c37004-j0h1y3yq,first_cycle,,,0,0,,
7635a1503b9232d1,runs\produce_run_20260725_135935\master_work\worker_02\7635a1503b9232d1__MAS_RST.APRQ_10_0635.8-2bf4fdd429-x92cll8g,final,2.5706,2.2123,23,1,,536.984
7ca7b1fe81b02a26,runs\produce_run_20260725_135935\master_work\worker_02\7ca7b1fe81b02a26__MAS_RST.APRQ_11_0679.4-5ebdb367b4-qn5diwk0,final,2.0305,1.7833,27,1,,641.117
7e69a3f54fb298a9,runs\produce_run_20260725_135935\master_work\worker_02\7e69a3f54fb298a9__MAS_RST.APRQ_11_0677.2-075dc1b1e4-zbqdd_7o,final,1.9816,1.8193,27,1,,631.271
,runs\produce_run_20260725_135935\master_work\worker_02\838698518dee110d__MAS_RST.APRQ_11_0615.8-390888c2eb-c9z89vvp,nonfinite,,,0,0,,
,runs\produce_run_20260725_135935\master_work\worker_02\856dc0e26b281316__MAS_RST.APRQ_11_0678.9-aea8245890-a19m9tsf,nonfinite,,,0,0,,
86ad773e12d9290d,runs\produce_run_20260725_135935\master_work\worker_02\86ad773e12d9290d__MAS_RST.APRQ_11_0618.3-1b9071f5d2-_g7o_znj,final,2.1417,1.9199,24,1,,555.442
8e42028dbb1bf796,runs\produce_run_20260725_135935\master_work\worker_02\8e42028dbb1bf796__MAS_RST.APRQ_11_0686.4-83392614a1-78su6wm2,final,3.4053,2.9788,27,0,above_ceiling,644.865
903301d4f6e66117,runs\produce_run_20260725_135935\master_work\worker_02\903301d4f6e66117__MAS_RST.APRQ_11_0662.3-4d9a9ab797-ebq9kqhs,final,2.3983,2.1374,26,1,,614.615
92656f0e034da911,runs\produce_run_20260725_135935\master_work\worker_02\92656f0e034da911__MAS_RST.APRQ_11_0686.4-b31f8c1eaa-h_lnle8f,final,2.4216,2.1658,27,1,,650.083
,runs\produce_run_20260725_135935\master_work\worker_02\977f682ab03bad6d__MAS_RST.APRQ_11_0688.2-787ec85d21-48kke7zl,nonfinite,,,0,0,,
9cd8507ab4956e96,runs\produce_run_20260725_135935\master_work\worker_02\9cd8507ab4956e96__MAS_RST.APRQ_11_0618.3-63257cf5d5-xi963sy3,final,2.6569,2.4375,23,1,,540
9eb5016d1fdc75f1,runs\produce_run_20260725_135935\master_work\worker_02\9eb5016d1fdc75f1__MAS_RST.APRQ_11_0662.3-00a8b1c0cf-wlp68thn,final,4.0946,3.7217,26,0,above_ceiling,626.225
a0102c8c3dc5ed17,runs\produce_run_20260725_135935\master_work\worker_02\a0102c8c3dc5ed17__MAS_RST.APRQ_11_0688.2-8071a4b5b0-lrwjpavc,final,2.2616,1.9658,27,1,,651.095
ab2c9851ae9bf04f,runs\produce_run_20260725_135935\master_work\worker_02\ab2c9851ae9bf04f__MAS_RST.APRQ_11_0686.4-7f3e7e7fe3-v8xlnnd1,final,2.3259,2.1127,27,1,,638.045
acebcdff33952d8f,runs\produce_run_20260725_135935\master_work\worker_02\acebcdff33952d8f__MAS_RST.APRQ_11_0615.8-afad4ebf0b-1jysi3wi,final,6.2752,5.5466,24,0,above_ceiling,553.451
adcfc83fbb2bd582,runs\produce_run_20260725_135935\master_work\worker_02\adcfc83fbb2bd582__MAS_RST.APRQ_11_0618.3-61807c79e3-a63ijmx8,final,2.3116,2.0412,24,1,,555.061
b0569b6044af674a,runs\produce_run_20260725_135935\master_work\worker_02\b0569b6044af674a__MAS_RST.APRQ_10_0635.8-6ab1899dd5-xaza644o,final,2.2753,1.9819,24,1,,565.824
b3d5a75a2c87590f,runs\produce_run_20260725_135935\master_work\worker_02\b3d5a75a2c87590f__MAS_RST.APRQ_11_0658.9-6cbacbe4d8-q78gx2vs,final,4.3755,3.9086,26,0,above_ceiling,623.182
b672389a0e45dcc4,runs\produce_run_20260725_135935\master_work\worker_02\b672389a0e45dcc4__MAS_RST.APRQ_11_0615.8-b290236e4e-3eg87xnn,first_cycle,,,0,0,,
,runs\produce_run_20260725_135935\master_work\worker_02\b672389a0e45dcc4__MAS_RST.APRQ_11_0615.8-e93ad174bc-j4g0nslv,nonfinite,,,0,0,,
,runs\produce_run_20260725_135935\master_work\worker_02\bb6b4b23049576f1__MAS_RST.APRQ_10_0635.8-eeb9e7cd12-vf1jkwkg,nonfinite,,,0,0,,
c0bd45c9d1686543,runs\produce_run_20260725_135935\master_work\worker_02\c0bd45c9d1686543__MAS_RST.APRQ_11_0692.6-19d7b423a1-ydu526cg,final,2.5459,2.304,27,1,,648.82
c1bd1836384dc5fa,runs\produce_run_20260725_135935\master_work\worker_02\c1bd1836384dc5fa__MAS_RST.APRQ_11_0692.6-4137c9355c-wfhodwgc,final,2.1266,1.8921,27,1,,653.596
c2a4f61193109ebc,runs\produce_run_20260725_135935\master_work\worker_02\c2a4f61193109ebc__MAS_RST.APRQ_11_0615.8-9525d02d57-77p1l8hd,final,2.3079,1.9065,23,1,,531.591
,runs\produce_run_20260725_135935\master_work\worker_02\c2ccd910667e1a1c__MAS_RST.APRQ_10_0635.8-3c6763d581-82hmibou,nonfinite,,,0,0,,
c33a1df182903a76,runs\produce_run_20260725_135935\master_work\worker_02\c33a1df182903a76__MAS_RST.APRQ_11_0692.6-e745c8eceb-kb74qxeg,final,4.4914,4.0037,27,0,above_ceiling,647.704
c40550e08de4395d,runs\produce_run_20260725_135935\master_work\worker_02\c40550e08de4395d__MAS_RST.APRQ_10_0635.8-c5e2e12fa0-2zp_inbn,final,2.0661,1.8384,24,1,,568.769
,runs\produce_run_20260725_135935\master_work\worker_02\c65f2391e659e6b6__MAS_RST.APRQ_11_0615.8-dfacf9d20c-sc04zzg4,nonfinite,,,0,0,,
,runs\produce_run_20260725_135935\master_work\worker_02\c74742223f98fc50__MAS_RST.APRQ_11_0615.8-1ffa543a3e-iju0pds6,nonfinite,,,0,0,,
ce7a6e9eab77d1b0,runs\produce_run_20260725_135935\master_work\worker_02\ce7a6e9eab77d1b0__MAS_RST.APRQ_11_0615.8-b2cd0fee93-wxc25oa7,final,2.1909,1.9343,25,1,,579.406
cec428c4e5e95170,runs\produce_run_20260725_135935\master_work\worker_02\cec428c4e5e95170__MAS_RST.APRQ_11_0686.4-5d5bba465d-jq8u8ng3,final,2.1147,1.8283,27,1,,644.208
d7ec069905f0c9e8,runs\produce_run_20260725_135935\master_work\worker_02\d7ec069905f0c9e8__MAS_RST.APRQ_11_0615.8-2ccbd349bf-2zkm4p0_,final,2.6051,2.1591,24,1,,548.402
d8fb11bda20ec716,runs\produce_run_20260725_135935\master_work\worker_02\d8fb11bda20ec716__MAS_RST.APRQ_11_0688.2-af7efb9d7d-syt6xtfj,final,1.9395,1.7423,27,1,,649.183
de2e640833bd5b55,runs\produce_run_20260725_135935\master_work\worker_02\de2e640833bd5b55__MAS_RST.APRQ_11_0618.3-9c1e819874-rbyua95o,final,2.313,2.0766,24,1,,545.293
df3fb00c04580133,runs\produce_run_20260725_135935\master_work\worker_02\df3fb00c04580133__MAS_RST.APRQ_11_0679.4-4fd46a5c78-b4gi9yls,final,3.1868,2.7764,27,0,above_ceiling,646.208
e3ff79aa1b3ddfb0,runs\produce_run_20260725_135935\master_work\worker_02\e3ff79aa1b3ddfb0__MAS_RST.APRQ_11_0678.9-5b1ab4138b-_d3nqb5n,final,2.1661,1.9908,26,1,,622.351
e7160aa9ce2d4b15,runs\produce_run_20260725_135935\master_work\worker_02\e7160aa9ce2d4b15__MAS_RST.APRQ_11_0692.6-af4d4b752e-7wzkt6ok,final,2.1341,1.8496,27,1,,643.514
e9b865a31f89b98f,runs\produce_run_20260725_135935\master_work\worker_02\e9b865a31f89b98f__MAS_RST.APRQ_11_0615.8-39bbba0c16-fjoeao46,final,2.1621,1.9368,24,1,,551.044
ea4a758099670a7a,runs\produce_run_20260725_135935\master_work\worker_02\ea4a758099670a7a__MAS_RST.APRQ_11_0692.6-f75b73732c-wpbo7udv,final,2.8097,2.4586,27,1,,648.2
eab71ef62edb801b,runs\produce_run_20260725_135935\master_work\worker_02\eab71ef62edb801b__MAS_RST.APRQ_11_0615.8-36f3d6f639-u88g7tij,final,2.3895,2.0203,25,1,,578.919
eb47c18c0296732c,runs\produce_run_20260725_135935\master_work\worker_02\eb47c18c0296732c__MAS_RST.APRQ_11_0688.2-1cc26cbfff-lxhen3tt,final,3.7609,3.3408,28,0,above_ceiling,660.075
fc4d54aa0e6b5c7a,runs\produce_run_20260725_135935\master_work\worker_02\fc4d54aa0e6b5c7a__MAS_RST.APRQ_11_0688.2-ce4905591c-7zehzh4f,final,2.427,2.1688,27,1,,650.622
01633696ce3283bf,runs\produce_run_20260725_135935\master_work\worker_03\01633696ce3283bf__MAS_RST.APRQ_11_0688.2-3c8241e02e-6m3qtc8s,final,4.5303,4.0681,27,0,above_ceiling,640.473
033b947bb4be6a3b,runs\produce_run_20260725_135935\master_work\worker_03\033b947bb4be6a3b__MAS_RST.APRQ_11_0658.9-068b1bad27-ojy5846k,final,2.533,2.2676,26,1,,608.8
0a6207c9d0cca846,runs\produce_run_20260725_135935\master_work\worker_03\0a6207c9d0cca846__MAS_RST.APRQ_11_0686.4-da99ef869e-uy184jbv,final,2.6683,2.3839,27,1,,649.36
0f72d6a5944d7fb5,runs\produce_run_20260725_135935\master_work\worker_03\0f72d6a5944d7fb5__MAS_RST.APRQ_11_0615.8-f62b92aea7-3l5dvqhg,final,2.3393,1.9151,25,1,,578.384
,runs\produce_run_20260725_135935\master_work\worker_03\1f1275ab474a53da__MAS_RST.APRQ_11_0618.3-c70c6e91b2-69es8jls,nonfinite,,,0,0,,
,runs\produce_run_20260725_135935\master_work\worker_03\269ce4de87b7e77e__MAS_RST.APRQ_10_0635.8-71d8664c15-81mx09g5,nonfinite,,,0,0,,
276bf6882923e109,runs\produce_run_20260725_135935\master_work\worker_03\276bf6882923e109__MAS_RST.APRQ_10_0635.8-a5e7156406-h67l3c7c,final,5.1308,4.7251,23,0,above_ceiling,526.349
,runs\produce_run_20260725_135935\master_work\worker_03\30a12bcbd638ec8c__MAS_RST.APRQ_11_0692.6-3dc0104ca5-00fri9uo,nonfinite,,,0,0,,
3502234e1361ac0c,runs\produce_run_20260725_135935\master_work\worker_03\3502234e1361ac0c__MAS_RST.APRQ_11_0615.8-ef165e876f-3jl5mzry,final,2.7019,2.3359,24,1,,540.101
,runs\produce_run_20260725_135935\master_work\worker_03\3a5dab4ef16eaf12__MAS_RST.APRQ_11_0618.3-e049a7f611-7u27cjke,nonfinite,,,0,0,,
3e02cd69b4f79220,runs\produce_run_20260725_135935\master_work\worker_03\3e02cd69b4f79220__MAS_RST.APRQ_11_0679.4-8df71c140d-lvjimutx,final,2.2551,1.9999,26,1,,627.826
4170fabac6d00c10,runs\produce_run_20260725_135935\master_work\worker_03\4170fabac6d00c10__MAS_RST.APRQ_11_0686.4-473b804948-e9uca_ru,final,2.6389,2.4268,27,1,,640.444
455108ea22baf342,runs\produce_run_20260725_135935\master_work\worker_03\455108ea22baf342__MAS_RST.APRQ_11_0658.9-dc141a48fe-l_ogkqpn,final,2.2584,1.986,26,1,,608.72
,runs\produce_run_20260725_135935\master_work\worker_03\465089ae74c8d0c2__MAS_RST.APRQ_11_0615.8-54a00f3069-vpcb66jb,nonfinite,,,0,0,,
49dd8575d6e76e74,runs\produce_run_20260725_135935\master_work\worker_03\49dd8575d6e76e74__MAS_RST.APRQ_11_0692.6-c92545d3ea-cgvxil5t,final,2.1825,1.9482,27,1,,659.139
4ae282e3635671fe,runs\produce_run_20260725_135935\master_work\worker_03\4ae282e3635671fe__MAS_RST.APRQ_11_0618.3-8b34b0a30b-qk5jkj8s,final,3.4226,2.9707,24,0,above_ceiling,551.354
50c157bcd359cbf2,runs\produce_run_20260725_135935\master_work\worker_03\50c157bcd359cbf2__MAS_RST.APRQ_11_0618.3-cfca9896cb-drbs7w1w,final,2.332,2.1214,25,1,,579.045
,runs\produce_run_20260725_135935\master_work\worker_03\50d303939ea5bbc8__MAS_RST.APRQ_11_0665.0-fe52df6d27-91l4h9av,nonfinite,,,0,0,,
513b12dbfdcae371,runs\produce_run_20260725_135935\master_work\worker_03\513b12dbfdcae371__MAS_RST.APRQ_11_0615.8-efcc03ac5b-_2tz85_y,final,2.3863,1.9956,24,1,,563.766
,runs\produce_run_20260725_135935\master_work\worker_03\572e284f8069893a__MAS_RST.APRQ_11_0692.6-867e53f403-u2n0o7ot,nonfinite,,,0,0,,
,runs\produce_run_20260725_135935\master_work\worker_03\595c31437d6158cd__MAS_RST.APRQ_11_0618.3-3ae4d0a6b9-icst_0h4,nonfinite,,,0,0,,
5ad1efd3be48ac52,runs\produce_run_20260725_135935\master_work\worker_03\5ad1efd3be48ac52__MAS_RST.APRQ_11_0692.6-cfcfff573c-dhxk3j28,final,2.2039,1.9862,27,1,,654.632
,runs\produce_run_20260725_135935\master_work\worker_03\6d14fd0b7ddba0e0__MAS_RST.APRQ_11_0678.9-30fe1d0eeb-lliwhi_9,nonfinite,,,0,0,,
6eb77340a9571120,runs\produce_run_20260725_135935\master_work\worker_03\6eb77340a9571120__MAS_RST.APRQ_11_0615.8-5ac9741c1a-_mj97aak,final,2.0341,1.7911,23,1,,535.411
,runs\produce_run_20260725_135935\master_work\worker_03\762094f65355ba2c__MAS_RST.APRQ_11_0615.8-7328d794a6-thsvtgg4,nonfinite,,,0,0,,
76bc93760de6177b,runs\produce_run_20260725_135935\master_work\worker_03\76bc93760de6177b__MAS_RST.APRQ_11_0686.4-3f5ea95185-31n11bwk,final,3.9618,3.5892,27,0,above_ceiling,633.217
7bf27fad8efc1519,runs\produce_run_20260725_135935\master_work\worker_03\7bf27fad8efc1519__MAS_RST.APRQ_11_0686.4-200794d8ef-er98mrvc,final,2.4183,2.1702,27,1,,637.829
816786e78853c510,runs\produce_run_20260725_135935\master_work\worker_03\816786e78853c510__MAS_RST.APRQ_11_0615.8-670adf147a-iwd5xi5n,final,2.256,1.9992,25,1,,581.7
8ac8981ba394b862,runs\produce_run_20260725_135935\master_work\worker_03\8ac8981ba394b862__MAS_RST.APRQ_11_0615.8-f90c599708-49a_u7c4,final,2.2543,2.046,23,1,,537.277
,runs\produce_run_20260725_135935\master_work\worker_03\8b63a506addc5c6d__MAS_RST.APRQ_11_0692.6-cc09c675df-ililmh11,nonfinite,,,0,0,,
8e5e1311f47e65b6,runs\produce_run_20260725_135935\master_work\worker_03\8e5e1311f47e65b6__MAS_RST.APRQ_11_0688.2-45ca6f637b-zotwnf9y,final,3.6157,3.2125,27,0,above_ceiling,644.176
911f2db1d3e9b797,runs\produce_run_20260725_135935\master_work\worker_03\911f2db1d3e9b797__MAS_RST.APRQ_11_0615.8-46329a27c3-_piv7qjo,final,2.3083,2.0531,25,1,,570.574
,runs\produce_run_20260725_135935\master_work\worker_03\986bcf9f198ad3ce__MAS_RST.APRQ_11_0615.8-a8d7f89c4b-io2o6et2,nonfinite,,,0,0,,
,runs\produce_run_20260725_135935\master_work\worker_03\991c2a1d6c941f1c__MAS_RST.APRQ_11_0615.8-9e4beada0f-7fzi5c_6,nonfinite,,,0,0,,
9c135c0abfc5d932,runs\produce_run_20260725_135935\master_work\worker_03\9c135c0abfc5d932__MAS_RST.APRQ_11_0692.6-9fa6bfff66-knp2fmu9,final,2.6733,2.3833,27,1,,652.222
9f9f6cc68bceeb4c,runs\produce_run_20260725_135935\master_work\worker_03\9f9f6cc68bceeb4c__MAS_RST.APRQ_11_0615.8-e0b446a75c-1oa2875v,final,2.2718,2.0132,24,1,,562.03
a02a278881cd2d8f,runs\produce_run_20260725_135935\master_work\worker_03\a02a278881cd2d8f__MAS_RST.APRQ_11_0615.8-bb4c535293-3it32d4y,final,2.4771,2.2582,24,1,,546.945
a194b24caa6b2c7f,runs\produce_run_20260725_135935\master_work\worker_03\a194b24caa6b2c7f__MAS_RST.APRQ_11_0678.9-7c326194f6-ywox6m1x,final,2.1263,1.8906,27,1,,632.053
a1c57fe1082a9c65,runs\produce_run_20260725_135935\master_work\worker_03\a1c57fe1082a9c65__MAS_RST.APRQ_11_0679.4-e2bd6197f5-58k846yq,final,2.5731,2.3705,27,1,,638.489
,runs\produce_run_20260725_135935\master_work\worker_03\a40989d093f9e9d0__MAS_RST.APRQ_11_0618.3-bed189a01f-fmpdvz2t,nonfinite,,,0,0,,
a4b100042d06e53c,runs\produce_run_20260725_135935\master_work\worker_03\a4b100042d06e53c__MAS_RST.APRQ_11_0688.2-c35c3d930b-lmo5fv2v,final,2.3732,2.0923,27,1,,649.843
,runs\produce_run_20260725_135935\master_work\worker_03\abd2533c1e6da3dc__MAS_RST.APRQ_11_0688.2-d34238b43b-2jmdcgrt,nonfinite,,,0,0,,
,runs\produce_run_20260725_135935\master_work\worker_03\be2e0594f2ca0966__MAS_RST.APRQ_11_0618.3-411681271a-_lusfwa9,nonfinite,,,0,0,,
be5b4a1eee5920f0,runs\produce_run_20260725_135935\master_work\worker_03\be5b4a1eee5920f0__MAS_RST.APRQ_10_0635.8-51ff73b476-7xt3655e,final,2.5495,2.2208,23,1,,531.306
c07644454262a373,runs\produce_run_20260725_135935\master_work\worker_03\c07644454262a373__MAS_RST.APRQ_11_0678.9-c467f1ee3c-o_96xsxi,final,2.1845,1.9762,26,1,,628.631
c0b5e6e11d24e552,runs\produce_run_20260725_135935\master_work\worker_03\c0b5e6e11d24e552__MAS_RST.APRQ_11_0618.3-1bfc4138ce-8s9isepn,final,2.3423,2.1629,25,1,,573.819
c31c11e6487121a9,runs\produce_run_20260725_135935\master_work\worker_03\c31c11e6487121a9__MAS_RST.APRQ_11_0678.9-a8302bed41-gimcr054,final,1.9301,1.7267,27,1,,639.055
,runs\produce_run_20260725_135935\master_work\worker_03\c438a5b0384e9fc3__MAS_RST.APRQ_11_0618.3-099c031490-vn_lfdqj,nonfinite,,,0,0,,
c68caac08120fa34,runs\produce_run_20260725_135935\master_work\worker_03\c68caac08120fa34__MAS_RST.APRQ_11_0662.3-c8e36d5f46-tv72q4yg,final,2.0803,1.9043,26,1,,627.994
c793c078330079b7,runs\produce_run_20260725_135935\master_work\worker_03\c793c078330079b7__MAS_RST.APRQ_11_0618.3-5563592e29-2g6pdlqo,final,2.5695,2.3047,25,1,,585.018
c83c41001869a64c,runs\produce_run_20260725_135935\master_work\worker_03\c83c41001869a64c__MAS_RST.APRQ_11_0662.3-23cb00503f-m1foqoa7,final,2.0825,1.8303,26,1,,619.814
,runs\produce_run_20260725_135935\master_work\worker_03\c98c684215dab0d6__MAS_RST.APRQ_10_0635.8-8af9c96b30-vm5t0w1v,nonfinite,,,0,0,,
c9a9fbfaafcd7c02,runs\produce_run_20260725_135935\master_work\worker_03\c9a9fbfaafcd7c02__MAS_RST.APRQ_11_0618.3-565be3ebec-qwiindi4,final,2.2511,2.0724,24,1,,547.04
cb4c835ed28f9922,runs\produce_run_20260725_135935\master_work\worker_03\cb4c835ed28f9922__MAS_RST.APRQ_11_0665.0-6985d8f719-lbhp9s5m,final,2.1804,1.9599,26,1,,610.019
cc0245fca8a2672c,runs\produce_run_20260725_135935\master_work\worker_03\cc0245fca8a2672c__MAS_RST.APRQ_11_0658.9-5c78d3a970-34rxxww5,final,4.0752,3.6172,26,0,above_ceiling,613.724
,runs\produce_run_20260725_135935\master_work\worker_03\ccf7194d7ebe810a__MAS_RST.APRQ_10_0635.8-21f9d67884-sjdidets,nonfinite,,,0,0,,
d110b317db653ed9,runs\produce_run_20260725_135935\master_work\worker_03\d110b317db653ed9__MAS_RST.APRQ_11_0678.9-55d490deba-wzm0s6xd,final,2.219,1.9801,27,1,,644.335
d159c4180053bde8,runs\produce_run_20260725_135935\master_work\worker_03\d159c4180053bde8__MAS_RST.APRQ_11_0615.8-0f2f12bb75-hiowcu56,final,2.1433,1.894,24,1,,545.318
,runs\produce_run_20260725_135935\master_work\worker_03\d490abdd58ad7274__MAS_RST.APRQ_11_0688.2-b6eaa980c5-dvavecjn,nonfinite,,,0,0,,
,runs\produce_run_20260725_135935\master_work\worker_03\d6c070c2656194ed__MAS_RST.APRQ_11_0618.3-0ed10e12d3-_lj_hgv8,nonfinite,,,0,0,,
d8b334e3c3fa4deb,runs\produce_run_20260725_135935\master_work\worker_03\d8b334e3c3fa4deb__MAS_RST.APRQ_11_0615.8-2adab17145-14kyneye,final,2.238,1.9639,23,1,,521.742
,runs\produce_run_20260725_135935\master_work\worker_03\d9dadb9d0ab056eb__MAS_RST.APRQ_11_0688.2-b5fec97914-hyrw7cfk,nonfinite,,,0,0,,
dac5ed485eb25284,runs\produce_run_20260725_135935\master_work\worker_03\dac5ed485eb25284__MAS_RST.APRQ_11_0686.4-56cb8c6d84-pajcnzp2,final,2.168,1.9539,26,1,,628.618
dace2b4299edb391,runs\produce_run_20260725_135935\master_work\worker_03\dace2b4299edb391__MAS_RST.APRQ_11_0615.8-94de97fef7-xvfb0me0,final,1.9594,1.6693,25,1,,584.606
db50b2df3fa3559b,runs\produce_run_20260725_135935\master_work\worker_03\db50b2df3fa3559b__MAS_RST.APRQ_11_0688.2-b3b5c6a488-m6gghe2e,final,2.0632,1.8475,27,1,,647.89
dca22e0f9b0a59cb,runs\produce_run_20260725_135935\master_work\worker_03\dca22e0f9b0a59cb__MAS_RST.APRQ_10_0635.8-4fdd6c8afd-j92lcovd,final,2.2302,2.0705,25,1,,575.909
deb241ee8b67b6f2,runs\produce_run_20260725_135935\master_work\worker_03\deb241ee8b67b6f2__MAS_RST.APRQ_11_0678.9-6f9bfbb547-08x7aqkj,final,2.572,2.2696,27,1,,637.596
e39184f41224a357,runs\produce_run_20260725_135935\master_work\worker_03\e39184f41224a357__MAS_RST.APRQ_11_0686.4-33dc8cef69-z05hp3tl,final,2.4941,2.2311,27,1,,635.185
e8e875f13153a51b,runs\produce_run_20260725_135935\master_work\worker_03\e8e875f13153a51b__MAS_RST.APRQ_10_0635.8-d417809309-3_cs12ja,final,2.3089,2.0445,25,1,,585.646
ebd14958b9642ab1,runs\produce_run_20260725_135935\master_work\worker_03\ebd14958b9642ab1__MAS_RST.APRQ_10_0635.8-86294ca553-gfg4dgfh,final,2.2088,2.0485,25,1,,589.201
ee1c82e586f35146,runs\produce_run_20260725_135935\master_work\worker_03\ee1c82e586f35146__MAS_RST.APRQ_11_0678.9-1ebdd66d56-d9nqah4f,final,2.1434,1.8648,27,1,,631.861
f0b62e030a3175c0,runs\produce_run_20260725_135935\master_work\worker_03\f0b62e030a3175c0__MAS_RST.APRQ_11_0615.8-286e751b49-6c_mrnpk,final,2.4966,2.199,24,1,,546.61
,runs\produce_run_20260725_135935\master_work\worker_03\f59b3c0b4ceb7aee__MAS_RST.APRQ_11_0692.6-56ae7ddd06-09iwbeku,nonfinite,,,0,0,,
,runs\produce_run_20260725_135935\master_work\worker_03\fc058b1c7fdaebdc__MAS_RST.APRQ_11_0615.8-8b30245b16-gyzs_1v3,nonfinite,,,0,0,,
,runs\produce_run_20260725_135935\master_work\worker_04\016ba9153e281870__MAS_RST.APRQ_11_0679.4-b140cf6fc8-qk2urvdz,nonfinite,,,0,0,,
016d819fe84d55aa,runs\produce_run_20260725_135935\master_work\worker_04\016d819fe84d55aa__MAS_RST.APRQ_11_0618.3-c1e5442e93-aew6q2qp,final,2.0907,1.9202,25,1,,585.25
,runs\produce_run_20260725_135935\master_work\worker_04\035433ee72672f3c__MAS_RST.APRQ_11_0615.8-6cc59b4900-0_z_f64r,nonfinite,,,0,0,,
06d6cb651386b37f,runs\produce_run_20260725_135935\master_work\worker_04\06d6cb651386b37f__MAS_RST.APRQ_11_0677.2-3ef4516436-je3sms0m,final,2.3579,2.1516,26,1,,629.446
070172ec93dc71df,runs\produce_run_20260725_135935\master_work\worker_04\070172ec93dc71df__MAS_RST.APRQ_11_0662.3-4ca943947f-5fc6nmt1,final,2.0871,1.8937,26,1,,625.993
,runs\produce_run_20260725_135935\master_work\worker_04\10003c0eb58c7252__MAS_RST.APRQ_11_0692.6-b8217dc5ab-h5qywxqd,nonfinite,,,0,0,,
164c9d0fb8675fd7,runs\produce_run_20260725_135935\master_work\worker_04\164c9d0fb8675fd7__MAS_RST.APRQ_11_0678.9-bacab46c7a-54t9gn86,final,2.1631,1.9726,27,1,,632.932
1d385e2100f3722b,runs\produce_run_20260725_135935\master_work\worker_04\1d385e2100f3722b__MAS_RST.APRQ_11_0618.3-284e58c1fd-mzy6lcg9,final,2.0848,1.8752,25,1,,574.875
1fac694922ec10db,runs\produce_run_20260725_135935\master_work\worker_04\1fac694922ec10db__MAS_RST.APRQ_11_0615.8-265ca80b84-vas4pynu,final,2.3723,2.0039,24,1,,562.555
,runs\produce_run_20260725_135935\master_work\worker_04\216dc82fd5dd1308__MAS_RST.APRQ_11_0615.8-0d2688371f-6pmy120p,nonfinite,,,0,0,,
27072ddcaf563c87,runs\produce_run_20260725_135935\master_work\worker_04\27072ddcaf563c87__MAS_RST.APRQ_11_0692.6-40c0d1bdee-y9ve1oip,final,3.6446,3.3075,27,0,above_ceiling,632.079
271e652a243d2e2a,runs\produce_run_20260725_135935\master_work\worker_04\271e652a243d2e2a__MAS_RST.APRQ_10_0635.8-a18450fba7-dmrxgnfh,final,2.3582,2.0747,23,1,,531.715
29a0d34de597050b,runs\produce_run_20260725_135935\master_work\worker_04\29a0d34de597050b__MAS_RST.APRQ_11_0692.6-400412fc57-o3t0q4ws,final,2.4453,2.1516,27,1,,641.877
2a26afaac565c366,runs\produce_run_20260725_135935\master_work\worker_04\2a26afaac565c366__MAS_RST.APRQ_11_0615.8-1d76259de9-yyowwox5,final,2.5871,2.2625,23,1,,536.277
2bdc5a98563fef67,runs\produce_run_20260725_135935\master_work\worker_04\2bdc5a98563fef67__MAS_RST.APRQ_11_0688.2-2550a0f28e-2z6z9gin,final,2.2012,1.9411,27,1,,642.922
2beb5de8f32bea18,runs\produce_run_20260725_135935\master_work\worker_04\2beb5de8f32bea18__MAS_RST.APRQ_11_0618.3-0d149bf8e3-7qr4v_qu,final,2.2766,2.0447,24,1,,543.214
,runs\produce_run_20260725_135935\master_work\worker_04\2cb509199bd6358f__MAS_RST.APRQ_11_0686.4-736b73b796-nccfyptl,nonfinite,,,0,0,,
,runs\produce_run_20260725_135935\master_work\worker_04\30bd6aa4436aa208__MAS_RST.APRQ_11_0618.3-eae1fbb24e-qt93i0wn,nonfinite,,,0,0,,
3b8c326d6eae02aa,runs\produce_run_20260725_135935\master_work\worker_04\3b8c326d6eae02aa__MAS_RST.APRQ_11_0615.8-38568afe28-einf_p65,final,2.2189,1.9152,24,1,,545.82
3bf5afa93802c387,runs\produce_run_20260725_135935\master_work\worker_04\3bf5afa93802c387__MAS_RST.APRQ_11_0618.3-f08924ba71-kifx7w15,final,4.2476,3.8769,25,0,above_ceiling,576.674
,runs\produce_run_20260725_135935\master_work\worker_04\3fde2412b312a907__MAS_RST.APRQ_10_0635.8-12ac2eb72e-e0dhrom8,nonfinite,,,0,0,,
405223e4f62f96c1,runs\produce_run_20260725_135935\master_work\worker_04\405223e4f62f96c1__MAS_RST.APRQ_10_0635.8-5148a74bd5-9kpzfa4v,final,2.0352,1.8068,25,1,,581.582
,runs\produce_run_20260725_135935\master_work\worker_04\46ef0ccb6f656923__MAS_RST.APRQ_11_0658.9-a7170ebdd7-uludkcct,nonfinite,,,0,0,,
49f70ff774219ee9,runs\produce_run_20260725_135935\master_work\worker_04\49f70ff774219ee9__MAS_RST.APRQ_11_0658.9-05e8435e29-stwqvji4,final,2.0972,1.8213,26,1,,625.38
,runs\produce_run_20260725_135935\master_work\worker_04\4b2405bdbf645e53__MAS_RST.APRQ_11_0692.6-171fd9b8c2-kulmek72,nonfinite,,,0,0,,
4b2a2324e00d209f,runs\produce_run_20260725_135935\master_work\worker_04\4b2a2324e00d209f__MAS_RST.APRQ_11_0662.3-56020e4dd6-uoomqehf,final,2.1167,1.9113,26,1,,628.654
4f480010a685fa96,runs\produce_run_20260725_135935\master_work\worker_04\4f480010a685fa96__MAS_RST.APRQ_11_0618.3-e5c3e5e3a9-glnpku1y,final,2.1103,1.8423,25,1,,579.405
505ea8dbb8042429,runs\produce_run_20260725_135935\master_work\worker_04\505ea8dbb8042429__MAS_RST.APRQ_11_0615.8-20db76bd36-xx3_pcbo,final,2.3622,2.1161,25,1,,570.283
5290ea1c0036627c,runs\produce_run_20260725_135935\master_work\worker_04\5290ea1c0036627c__MAS_RST.APRQ_11_0618.3-ec98a7eb10-7f9lnfi7,final,2.3044,2.0645,24,1,,540.606
,runs\produce_run_20260725_135935\master_work\worker_04\62563fccf32e265d__MAS_RST.APRQ_11_0688.2-c48675acbc-2olpp5gp,nonfinite,,,0,0,,
62b354ca41b0919a,runs\produce_run_20260725_135935\master_work\worker_04\62b354ca41b0919a__MAS_RST.APRQ_11_0686.4-affcb4f56c-ypy7vjpb,final,2.1309,1.9511,27,1,,644.28
64335d00a7e5db1f,runs\produce_run_20260725_135935\master_work\worker_04\64335d00a7e5db1f__MAS_RST.APRQ_11_0692.6-cec0fdf726-gxejc4yl,final,2.1016,1.8515,27,1,,649.613
,runs\produce_run_20260725_135935\master_work\worker_04\69433142fba5bedc__MAS_RST.APRQ_11_0615.8-1bd58f0fbb-nihppkb7,nonfinite,,,0,0,,
,runs\produce_run_20260725_135935\master_work\worker_04\6fd401f7f66b5a17__MAS_RST.APRQ_11_0615.8-bb30e76a42-dphz_uwt,nonfinite,,,0,0,,
71a3c9f0d18fbe8f,runs\produce_run_20260725_135935\master_work\worker_04\71a3c9f0d18fbe8f__MAS_RST.APRQ_11_0618.3-15641f8190-nqboe6ku,final,2.3728,2.1618,24,1,,544.001
,runs\produce_run_20260725_135935\master_work\worker_04\74d22d2908c17f32__MAS_RST.APRQ_11_0615.8-bacfff1215-5z8gbb3t,nonfinite,,,0,0,,
76ae3f3438176cdc,runs\produce_run_20260725_135935\master_work\worker_04\76ae3f3438176cdc__MAS_RST.APRQ_11_0615.8-5b8fac6fc4-q7qgha4k,final,3.4547,2.5284,24,0,above_ceiling,546.529
7c81450ecfba8ab0,runs\produce_run_20260725_135935\master_work\worker_04\7c81450ecfba8ab0__MAS_RST.APRQ_11_0615.8-f269067da6-ryji6wy1,final,2.1447,1.957,25,1,,579.834
,runs\produce_run_20260725_135935\master_work\worker_04\7d59d8694e6fc668__MAS_RST.APRQ_11_0688.2-a3842aa00d-3ksjgji0,nonfinite,,,0,0,,
,runs\produce_run_20260725_135935\master_work\worker_04\7e772d6058528573__MAS_RST.APRQ_11_0686.4-e6b7ea0485-nvgzsrpe,nonfinite,,,0,0,,
7f533fae82705909,runs\produce_run_20260725_135935\master_work\worker_04\7f533fae82705909__MAS_RST.APRQ_11_0615.8-373cae538c-q8b6mxuj,final,2.2249,1.8879,25,1,,575.747
,runs\produce_run_20260725_135935\master_work\worker_04\965a02fe6711a14a__MAS_RST.APRQ_10_0635.8-7aed6e9d09-zoq6qzee,nonfinite,,,0,0,,
,runs\produce_run_20260725_135935\master_work\worker_04\9b66b21b85b4138e__MAS_RST.APRQ_11_0618.3-abdca7a3ac-32gv3vcy,nonfinite,,,0,0,,
9db7218021ff8b31,runs\produce_run_20260725_135935\master_work\worker_04\9db7218021ff8b31__MAS_RST.APRQ_10_0635.8-b2cbbd6da5-rzd38rpj,final,2.6292,2.3463,24,1,,554.135
a0a15e759feaf563,runs\produce_run_20260725_135935\master_work\worker_04\a0a15e759feaf563__MAS_RST.APRQ_11_0692.6-0a7346fe90-4b_g2vlj,final,2.3176,2.0329,27,1,,635.62
a2ba39af7d2f6df2,runs\produce_run_20260725_135935\master_work\worker_04\a2ba39af7d2f6df2__MAS_RST.APRQ_11_0615.8-9cf5eb01eb-680cvq8h,final,2.1797,1.8179,23,1,,538.085
a37962c114ec2520,runs\produce_run_20260725_135935\master_work\worker_04\a37962c114ec2520__MAS_RST.APRQ_10_0635.8-abb13c759e-6uhyvmc_,final,1.8421,1.6643,25,1,,576.881
,runs\produce_run_20260725_135935\master_work\worker_04\a78a34bf422610b6__MAS_RST.APRQ_11_0692.6-86c6659889-pg2tpybk,nonfinite,,,0,0,,
ad8e8f8ca9b53eb5,runs\produce_run_20260725_135935\master_work\worker_04\ad8e8f8ca9b53eb5__MAS_RST.APRQ_11_0678.9-6f19c93443-sgzkjekd,final,2.3699,2.0782,26,1,,619.211
affb835f37ed2876,runs\produce_run_20260725_135935\master_work\worker_04\affb835f37ed2876__MAS_RST.APRQ_11_0618.3-2af018d377-7uujbgfh,final,2.5449,2.3385,24,1,,569.829
b55a006b9421634c,runs\produce_run_20260725_135935\master_work\worker_04\b55a006b9421634c__MAS_RST.APRQ_11_0677.2-640f72455a-jb8j0u0x,final,3.8416,3.4109,27,0,above_ceiling,637.837
bbb1bf01d70f096e,runs\produce_run_20260725_135935\master_work\worker_04\bbb1bf01d70f096e__MAS_RST.APRQ_11_0678.9-6aa08cba20-hi199dvh,final,2.1912,1.9515,26,1,,626.671
c12bc59bdaf0645b,runs\produce_run_20260725_135935\master_work\worker_04\c12bc59bdaf0645b__MAS_RST.APRQ_10_0635.8-29781a52b4-w5u50hnx,final,2.2185,1.9659,23,1,,531.143
,runs\produce_run_20260725_135935\master_work\worker_04\c372762dd430baa2__MAS_RST.APRQ_11_0688.2-aa6c2b1e52-z6vg3_gp,nonfinite,,,0,0,,
,runs\produce_run_20260725_135935\master_work\worker_04\c4cdfc05427d6c10__MAS_RST.APRQ_11_0679.4-af8738dc67-afwdqv95,nonfinite,,,0,0,,
,runs\produce_run_20260725_135935\master_work\worker_04\ca73c7c3782683ba__MAS_RST.APRQ_11_0662.3-71d2e823b4-phx1zpg0,nonfinite,,,0,0,,
,runs\produce_run_20260725_135935\master_work\worker_04\d59844199296083b__MAS_RST.APRQ_10_0635.8-47b8edebab-bftfy6xu,nonfinite,,,0,0,,
dacbdf5029d34df1,runs\produce_run_20260725_135935\master_work\worker_04\dacbdf5029d34df1__MAS_RST.APRQ_11_0686.4-ca6c8a2b19-oc2lni53,final,2.5087,2.2415,27,1,,634.513
,runs\produce_run_20260725_135935\master_work\worker_04\dc25d1939e4eee66__MAS_RST.APRQ_11_0677.2-6a59d7b540-_wv0ta1n,nonfinite,,,0,0,,
,runs\produce_run_20260725_135935\master_work\worker_04\dd546d1919191b96__MAS_RST.APRQ_10_0635.8-32056cc16a-c660h5_t,nonfinite,,,0,0,,
,runs\produce_run_20260725_135935\master_work\worker_04\de1fecc245c6927c__MAS_RST.APRQ_11_0688.2-5c9ed4a40d-bjdh3muk,nonfinite,,,0,0,,
df4236cc6325e463,runs\produce_run_20260725_135935\master_work\worker_04\df4236cc6325e463__MAS_RST.APRQ_10_0635.8-adcaac9893-sxxi3j2j,final,2.1232,1.8726,24,1,,549.252
df5d7674cbb1e81c,runs\produce_run_20260725_135935\master_work\worker_04\df5d7674cbb1e81c__MAS_RST.APRQ_11_0692.6-2da480ae40-j0kvd9b8,final,2.5249,2.2585,27,1,,631.728
,runs\produce_run_20260725_135935\master_work\worker_04\e231efb1dba40d0a__MAS_RST.APRQ_11_0615.8-55d29a8471-z9_8z7ki,nonfinite,,,0,0,,
,runs\produce_run_20260725_135935\master_work\worker_04\e3512d2403e772e0__MAS_RST.APRQ_11_0615.8-1a7edffebb-g1ael82p,nonfinite,,,0,0,,
e45d076fa72a61e0,runs\produce_run_20260725_135935\master_work\worker_04\e45d076fa72a61e0__MAS_RST.APRQ_11_0662.3-b46f7ee013-t3vwweze,final,2.1195,1.8977,26,1,,620.479
f46e9f85762de6dd,runs\produce_run_20260725_135935\master_work\worker_04\f46e9f85762de6dd__MAS_RST.APRQ_11_0618.3-4d1134e9a1-5h03_52m,final,2.6692,2.3918,25,1,,576.608
f6dfe830e6e2b0bd,runs\produce_run_20260725_135935\master_work\worker_04\f6dfe830e6e2b0bd__MAS_RST.APRQ_11_0686.4-87ef3c93cb-isie2nyq,final,2.1227,1.9241,27,1,,645.886
f7f98843571e34e7,runs\produce_run_20260725_135935\master_work\worker_04\f7f98843571e34e7__MAS_RST.APRQ_11_0688.2-f35fdebd9d-i0543qem,final,2.2859,2.0005,27,1,,640.296
f898877e5cbb8e8d,runs\produce_run_20260725_135935\master_work\worker_04\f898877e5cbb8e8d__MAS_RST.APRQ_11_0665.0-e470d2520a-drdroosk,final,2.2005,1.9858,26,1,,627.545
,runs\produce_run_20260725_135935\master_work\worker_04\fb377a86d9472d48__MAS_RST.APRQ_11_0677.2-d8c5836069-wout5zgj,nonfinite,,,0,0,,
fe81d5aff2dc8a3a,runs\produce_run_20260725_135935\master_work\worker_04\fe81d5aff2dc8a3a__MAS_RST.APRQ_11_0615.8-1fb4867d8f-85h73f3o,final,2.4632,2.2141,24,1,,548.795
,runs\produce_run_20260725_135935\master_work\worker_05\0003c16b673fef4a__MAS_RST.APRQ_11_0692.6-c1d8aa2e43-2oltrz9r,nonfinite,,,0,0,,
0237e3fe1863088c,runs\produce_run_20260725_135935\master_work\worker_05\0237e3fe1863088c__MAS_RST.APRQ_11_0688.2-bfb30fb51f-83w7x9nd,final,3.5163,3.1778,27,0,above_ceiling,644.987
09727a60bafab4ce,runs\produce_run_20260725_135935\master_work\worker_05\09727a60bafab4ce__MAS_RST.APRQ_11_0678.9-c951f9d300-uncgu4x5,final,2.0841,1.8226,27,1,,641.294
0998d302298bd219,runs\produce_run_20260725_135935\master_work\worker_05\0998d302298bd219__MAS_RST.APRQ_11_0686.4-2b4b0dd516-pavtfad_,final,2.1468,1.9416,27,1,,634.695
,runs\produce_run_20260725_135935\master_work\worker_05\0f93b9c0ef23294d__MAS_RST.APRQ_11_0688.2-bcb9e7170f-rhytsr1i,nonfinite,,,0,0,,
102d364e3ac73621,runs\produce_run_20260725_135935\master_work\worker_05\102d364e3ac73621__MAS_RST.APRQ_11_0615.8-a887e7cc97-uvq38_k4,final,2.1444,1.9129,23,1,,539.111
123124d5aed88e35,runs\produce_run_20260725_135935\master_work\worker_05\123124d5aed88e35__MAS_RST.APRQ_11_0615.8-b290b7329c-5i725p6o,final,3.9012,3.5213,23,0,above_ceiling,515.71
,runs\produce_run_20260725_135935\master_work\worker_05\16cb25f078d93f53__MAS_RST.APRQ_11_0618.3-1c3808bc5d-svb_lf1j,nonfinite,,,0,0,,
,runs\produce_run_20260725_135935\master_work\worker_05\18227b39a4eacb92__MAS_RST.APRQ_11_0692.6-8b355a4bac-gd5y2575,nonfinite,,,0,0,,
2837360f08c607da,runs\produce_run_20260725_135935\master_work\worker_05\2837360f08c607da__MAS_RST.APRQ_11_0615.8-7f0fc71d87-6luvjdtw,final,2.4646,2.192,24,1,,569.697
,runs\produce_run_20260725_135935\master_work\worker_05\2c81a376df727dbb__MAS_RST.APRQ_11_0658.9-047be096d5-6jllta0v,nonfinite,,,0,0,,
2cd5de3deb06a0e9,runs\produce_run_20260725_135935\master_work\worker_05\2cd5de3deb06a0e9__MAS_RST.APRQ_11_0615.8-e9383a8c4f-mdsadowj,final,2.6849,2.4281,24,1,,552.146
,runs\produce_run_20260725_135935\master_work\worker_05\2fa4f4ce957c0895__MAS_RST.APRQ_11_0615.8-3ace878da3-t7w9_6qy,nonfinite,,,0,0,,
32a47c23257d3abc,runs\produce_run_20260725_135935\master_work\worker_05\32a47c23257d3abc__MAS_RST.APRQ_11_0658.9-0ac048f8af-wx4ngku3,final,2.2889,2.0464,26,1,,613.034
344bdc1c37cb6981,runs\produce_run_20260725_135935\master_work\worker_05\344bdc1c37cb6981__MAS_RST.APRQ_10_0635.8-3f6eae53c7-sz74hdr4,final,3.2606,2.8262,24,0,above_ceiling,556.835
,runs\produce_run_20260725_135935\master_work\worker_05\376a9bb631e0dc82__MAS_RST.APRQ_11_0618.3-315d78cd04-7fgrcy8d,nonfinite,,,0,0,,
,runs\produce_run_20260725_135935\master_work\worker_05\37ba87644052365d__MAS_RST.APRQ_10_0635.8-a47cb699f4-3o81tg7x,nonfinite,,,0,0,,
3e1294b12173a2d4,runs\produce_run_20260725_135935\master_work\worker_05\3e1294b12173a2d4__MAS_RST.APRQ_11_0615.8-812eb663e1-stmoari6,final,2.2912,1.9846,24,1,,568.989
3eb4c629ed91e663,runs\produce_run_20260725_135935\master_work\worker_05\3eb4c629ed91e663__MAS_RST.APRQ_11_0615.8-5dccf97d52-z40yn5r5,final,2.5828,2.3366,24,1,,566.486
441c4a29f02a40ea,runs\produce_run_20260725_135935\master_work\worker_05\441c4a29f02a40ea__MAS_RST.APRQ_11_0662.3-d73960c0ae-b6_frkd0,final,2.2552,2.0119,26,1,,630
4662f0d558673af5,runs\produce_run_20260725_135935\master_work\worker_05\4662f0d558673af5__MAS_RST.APRQ_11_0662.3-e9bc1a3cd4-cgup9pyz,final,2.4018,2.1522,26,1,,616.11
482ddcc4ee047cc4,runs\produce_run_20260725_135935\master_work\worker_05\482ddcc4ee047cc4__MAS_RST.APRQ_11_0615.8-6d0d6e5761-v26sfsv5,final,2.7011,2.384,24,1,,540.332
,runs\produce_run_20260725_135935\master_work\worker_05\4c5a40bca0b1dd91__MAS_RST.APRQ_11_0688.2-86f670cfac-zxv_0ohx,nonfinite,,,0,0,,
4f86c310704cf429,runs\produce_run_20260725_135935\master_work\worker_05\4f86c310704cf429__MAS_RST.APRQ_11_0665.0-ef5fee803c-r0lav3go,final,1.9358,1.7294,26,1,,622.659
,runs\produce_run_20260725_135935\master_work\worker_05\50dbf8e08c74f889__MAS_RST.APRQ_11_0665.0-94b8758b55-j6i951ul,nonfinite,,,0,0,,
51e21eba9d5932e7,runs\produce_run_20260725_135935\master_work\worker_05\51e21eba9d5932e7__MAS_RST.APRQ_11_0679.4-749656f77b-q2_3za_g,final,2.1259,1.8529,26,1,,616.619
530964714da9e331,runs\produce_run_20260725_135935\master_work\worker_05\530964714da9e331__MAS_RST.APRQ_11_0677.2-d1acb447fc-ue26yjr9,final,2.3195,2.0316,27,1,,632.921
,runs\produce_run_20260725_135935\master_work\worker_05\5449a96e04c3347b__MAS_RST.APRQ_10_0635.8-acabb153ad-c1cj56mo,nonfinite,,,0,0,,
,runs\produce_run_20260725_135935\master_work\worker_05\5a975b4335b44351__MAS_RST.APRQ_11_0688.2-80c6f7192f-3wz41ul2,nonfinite,,,0,0,,
5d1c280539847488,runs\produce_run_20260725_135935\master_work\worker_05\5d1c280539847488__MAS_RST.APRQ_11_0686.4-b5abfe525c-i39gc4ob,final,2.2521,2.0116,27,1,,649.711
654bac4674fddff6,runs\produce_run_20260725_135935\master_work\worker_05\654bac4674fddff6__MAS_RST.APRQ_11_0678.9-cf88255192-yx3wlj0w,final,2.3974,2.1405,27,1,,647.749
67324de4e422c744,runs\produce_run_20260725_135935\master_work\worker_05\67324de4e422c744__MAS_RST.APRQ_11_0615.8-d6c5928d5d-honljb36,final,2.0293,1.7913,24,1,,548.52
,runs\produce_run_20260725_135935\master_work\worker_05\7133fb0b650f9b29__MAS_RST.APRQ_11_0618.3-2c2446ab70-8hbtqt9q,nonfinite,,,0,0,,
,runs\produce_run_20260725_135935\master_work\worker_05\7499d63d0283754e__MAS_RST.APRQ_10_0635.8-82c6af237e-psjjlqod,nonfinite,,,0,0,,
,runs\produce_run_20260725_135935\master_work\worker_05\77e6ffb25b469ff6__MAS_RST.APRQ_11_0686.4-f8fa6f57c0-3zg0pndo,nonfinite,,,0,0,,
7f38c98708d99095,runs\produce_run_20260725_135935\master_work\worker_05\7f38c98708d99095__MAS_RST.APRQ_11_0686.4-22b27efce8-5351ug18,final,1.7674,1.5801,27,1,,643.097
849b5727edb49969,runs\produce_run_20260725_135935\master_work\worker_05\849b5727edb49969__MAS_RST.APRQ_11_0686.4-90f0bfa4f2-4thgxodh,final,3.1804,2.789,27,0,above_ceiling,657.346
88bddc81e2b56e09,runs\produce_run_20260725_135935\master_work\worker_05\88bddc81e2b56e09__MAS_RST.APRQ_11_0686.4-2de3ba34c8-l8r6bgu4,final,2.5089,2.3177,27,1,,639.248
8a742c25d6319470,runs\produce_run_20260725_135935\master_work\worker_05\8a742c25d6319470__MAS_RST.APRQ_11_0662.3-357c2b83c6-c7ckqp5_,final,2.082,1.8752,26,1,,605.65
92c312c74d5f9a55,runs\produce_run_20260725_135935\master_work\worker_05\92c312c74d5f9a55__MAS_RST.APRQ_11_0618.3-d389883787-_49i8fuo,final,2.1983,2.0138,25,1,,581.1
9625fe785e441d31,runs\produce_run_20260725_135935\master_work\worker_05\9625fe785e441d31__MAS_RST.APRQ_11_0686.4-0d0f00e6ab-_lghogaf,final,2.3275,2.0461,27,1,,656.557
,runs\produce_run_20260725_135935\master_work\worker_05\9cf4e1550e8b867b__MAS_RST.APRQ_11_0686.4-a42d75a896-eidimp1f,nonfinite,,,0,0,,
9f787d1a533f7e82,runs\produce_run_20260725_135935\master_work\worker_05\9f787d1a533f7e82__MAS_RST.APRQ_11_0677.2-320e5c7121-_m_fjo28,final,2.0819,1.88,27,1,,637.57
a0e991de9a8a665a,runs\produce_run_20260725_135935\master_work\worker_05\a0e991de9a8a665a__MAS_RST.APRQ_11_0692.6-03f4f27503-h415pjjg,final,2.2399,1.9995,27,1,,655.288
a1fefeb62c5f6564,runs\produce_run_20260725_135935\master_work\worker_05\a1fefeb62c5f6564__MAS_RST.APRQ_11_0615.8-a9d47012d5-a80vb97d,final,2.6253,2.2755,24,1,,548.456
a513cb49a9b9414d,runs\produce_run_20260725_135935\master_work\worker_05\a513cb49a9b9414d__MAS_RST.APRQ_11_0615.8-40ce8e69e7-1cta8d3p,final,2.592,2.2907,25,1,,583.597
a65a412371bd7388,runs\produce_run_20260725_135935\master_work\worker_05\a65a412371bd7388__MAS_RST.APRQ_10_0635.8-f187bb6bbd-us5xxugm,final,2.6222,2.3547,24,1,,569.162
a6f64ed65b0375eb,runs\produce_run_20260725_135935\master_work\worker_05\a6f64ed65b0375eb__MAS_RST.APRQ_11_0615.8-763a415f45-p_f9w53p,final,2.8269,2.5991,24,1,,546.359
a946929a41f92ac8,runs\produce_run_20260725_135935\master_work\worker_05\a946929a41f92ac8__MAS_RST.APRQ_11_0618.3-32cc325ed2-j79z20vl,final,2.1829,1.9264,24,1,,559.696
a97b7a413a0d89c4,runs\produce_run_20260725_135935\master_work\worker_05\a97b7a413a0d89c4__MAS_RST.APRQ_11_0677.2-021a03c71a-b3a4q1_h,final,2.5411,2.2707,27,1,,636.873
acadeeb9fdaad60d,runs\produce_run_20260725_135935\master_work\worker_05\acadeeb9fdaad60d__MAS_RST.APRQ_10_0635.8-96e9b581ec-fdfbyr44,final,2.0298,1.7543,24,1,,555.789
,runs\produce_run_20260725_135935\master_work\worker_05\adde9bfaf6e89b14__MAS_RST.APRQ_11_0692.6-167cacb626-gek0jtxo,nonfinite,,,0,0,,
aee091572454c834,runs\produce_run_20260725_135935\master_work\worker_05\aee091572454c834__MAS_RST.APRQ_10_0635.8-74910b48c5-p_mwhw9b,final,2.3252,2.1271,25,1,,583.325
b211cde989dfcdcf,runs\produce_run_20260725_135935\master_work\worker_05\b211cde989dfcdcf__MAS_RST.APRQ_11_0615.8-f1abffeac1-ed1orsz1,final,2.3765,2.103,25,1,,576.645
b6a44bfd6ed7efd9,runs\produce_run_20260725_135935\master_work\worker_05\b6a44bfd6ed7efd9__MAS_RST.APRQ_11_0688.2-67e109e032-ye3ssup6,final,1.8531,1.6728,27,1,,647.235
c11c01a20aa24db7,runs\produce_run_20260725_135935\master_work\worker_05\c11c01a20aa24db7__MAS_RST.APRQ_11_0615.8-4f4dcd7eae-9bjf9gll,final,2.2352,2.0309,25,1,,593.794
,runs\produce_run_20260725_135935\master_work\worker_05\c195f385ef8083ad__MAS_RST.APRQ_11_0658.9-86809b46ca-u8yovg5v,nonfinite,,,0,0,,
,runs\produce_run_20260725_135935\master_work\worker_05\c75826340367fd64__MAS_RST.APRQ_11_0618.3-a6ce279d0a-03ptouic,nonfinite,,,0,0,,
,runs\produce_run_20260725_135935\master_work\worker_05\caed8881f1d69985__MAS_RST.APRQ_11_0679.4-11801853a3-yzl56p8t,nonfinite,,,0,0,,
d0b8bd058f62ba11,runs\produce_run_20260725_135935\master_work\worker_05\d0b8bd058f62ba11__MAS_RST.APRQ_11_0615.8-97901947ca-unky1s6_,final,2.4943,2.2371,24,1,,559.627
,runs\produce_run_20260725_135935\master_work\worker_05\dd3e9873556b63d2__MAS_RST.APRQ_11_0615.8-23a5e1d743-kkqf6pgz,nonfinite,,,0,0,,
,runs\produce_run_20260725_135935\master_work\worker_05\e448e8c0715d58b7__MAS_RST.APRQ_11_0688.2-4130091337-4pz3ltyt,nonfinite,,,0,0,,
e5ab64178570b0be,runs\produce_run_20260725_135935\master_work\worker_05\e5ab64178570b0be__MAS_RST.APRQ_11_0615.8-429acc1354-__dkqi80,final,3.8927,3.5746,23,0,above_ceiling,527.385
e62440ecc1994433,runs\produce_run_20260725_135935\master_work\worker_05\e62440ecc1994433__MAS_RST.APRQ_11_0615.8-0ef14343f5-i8lfjzte,superseded,,,0,0,,
,runs\produce_run_20260725_135935\master_work\worker_05\e62440ecc1994433__MAS_RST.APRQ_11_0615.8-5186729f9d-vc8ayxv8,nonfinite,,,0,0,,
e6b86b9007506312,runs\produce_run_20260725_135935\master_work\worker_05\e6b86b9007506312__MAS_RST.APRQ_11_0615.8-ab9518aef3-kt0pnsu4,final,2.2095,1.8374,23,1,,531.104
eb493f70643a9bee,runs\produce_run_20260725_135935\master_work\worker_05\eb493f70643a9bee__MAS_RST.APRQ_10_0635.8-51a2b4e0ff-tdydljuj,final,2.0045,1.7866,25,1,,590.976
ec847eaa78850a5a,runs\produce_run_20260725_135935\master_work\worker_05\ec847eaa78850a5a__MAS_RST.APRQ_11_0686.4-4cc6093e76-wio0y28k,final,2.3874,2.1793,27,1,,638.464
ecc1603490392970,runs\produce_run_20260725_135935\master_work\worker_05\ecc1603490392970__MAS_RST.APRQ_11_0618.3-f103054d1e-_pwzewf8,final,2.2276,1.9954,23,1,,536.974
ed3e3ad4bca909b4,runs\produce_run_20260725_135935\master_work\worker_05\ed3e3ad4bca909b4__MAS_RST.APRQ_10_0635.8-7b8e88a69d-rwjljd_c,final,2.2629,2.0132,25,1,,585.597
f0bb0137728fc73a,runs\produce_run_20260725_135935\master_work\worker_05\f0bb0137728fc73a__MAS_RST.APRQ_11_0665.0-9e346fcbc3-d3edd7sw,final,1.9688,1.7633,26,1,,617.677
,runs\produce_run_20260725_135935\master_work\worker_05\f667ed63dc9558df__MAS_RST.APRQ_11_0618.3-cd0be75e90-tffc3s5j,nonfinite,,,0,0,,
fcbc7ab0894b0567,runs\produce_run_20260725_135935\master_work\worker_05\fcbc7ab0894b0567__MAS_RST.APRQ_10_0635.8-e90d890cde-0ggr9583,final,1.9642,1.7638,24,1,,551.595
0106421f14d989c6,runs\produce_run_20260725_135935\master_work\worker_06\0106421f14d989c6__MAS_RST.APRQ_11_0686.4-b324dd92e5-1f5_29iy,final,2.5126,2.2468,27,1,,644.678
010d192ed6c339ce,runs\produce_run_20260725_135935\master_work\worker_06\010d192ed6c339ce__MAS_RST.APRQ_11_0618.3-f923a88a82-ly62j8bv,final,2.5102,2.2879,23,1,,528.257
03470379d1377b66,runs\produce_run_20260725_135935\master_work\worker_06\03470379d1377b66__MAS_RST.APRQ_11_0662.3-00ee538a31-2zv30h7a,final,2.5934,2.2466,26,1,,624.848
,runs\produce_run_20260725_135935\master_work\worker_06\0b2cc97d841dd581__MAS_RST.APRQ_11_0665.0-e620adaf3a-17zc27ar,nonfinite,,,0,0,,
0cf5cabd5c515ddc,runs\produce_run_20260725_135935\master_work\worker_06\0cf5cabd5c515ddc__MAS_RST.APRQ_11_0692.6-80ba0a42e1-w_a8dc66,final,2.39,2.1514,27,1,,639.035
0d6a705bcfec2d29,runs\produce_run_20260725_135935\master_work\worker_06\0d6a705bcfec2d29__MAS_RST.APRQ_11_0615.8-e3d7d507f1-7c1sxkoa,final,2.274,1.9572,24,1,,540.642
0de0dedd3b87da75,runs\produce_run_20260725_135935\master_work\worker_06\0de0dedd3b87da75__MAS_RST.APRQ_11_0615.8-5d7e630614-rmnguhut,final,2.2096,1.9482,24,1,,569.351
0e46e03a3e0b356b,runs\produce_run_20260725_135935\master_work\worker_06\0e46e03a3e0b356b__MAS_RST.APRQ_11_0615.8-0ebb78706d-xk9f1oga,final,2.2904,1.9456,23,1,,538.333
129767affd4648a5,runs\produce_run_20260725_135935\master_work\worker_06\129767affd4648a5__MAS_RST.APRQ_11_0615.8-bb5020fa1f-9j31uy_u,final,2.5214,2.1922,24,1,,560.184
13333be4a1c460cc,runs\produce_run_20260725_135935\master_work\worker_06\13333be4a1c460cc__MAS_RST.APRQ_11_0658.9-799ae43950-4taq6xgh,final,2.0967,1.8586,26,1,,606.082
,runs\produce_run_20260725_135935\master_work\worker_06\15efd89da1e690a6__MAS_RST.APRQ_11_0658.9-6da2c1b0a9-mput73o1,nonfinite,,,0,0,,
2216219ae45728fe,runs\produce_run_20260725_135935\master_work\worker_06\2216219ae45728fe__MAS_RST.APRQ_11_0615.8-c72c76b1ec-svvtjdpo,final,2.5808,2.2839,23,1,,514.617
2744dc1b821b7fef,runs\produce_run_20260725_135935\master_work\worker_06\2744dc1b821b7fef__MAS_RST.APRQ_10_0635.8-09ab8cbee7-rnrqye5m,final,2.2379,1.9702,24,1,,542.557
2af526d2d336e5ec,runs\produce_run_20260725_135935\master_work\worker_06\2af526d2d336e5ec__MAS_RST.APRQ_11_0618.3-510b6ce85e-d0a8ctnp,final,2.0799,1.8395,25,1,,583.16
2b3e64b6e865c046,runs\produce_run_20260725_135935\master_work\worker_06\2b3e64b6e865c046__MAS_RST.APRQ_11_0618.3-fef496b748-oqcublc_,final,2.6295,2.4373,24,1,,562.179
3007b18e26a63849,runs\produce_run_20260725_135935\master_work\worker_06\3007b18e26a63849__MAS_RST.APRQ_11_0692.6-a071b29ada-hc_px4ew,final,4.2492,3.7658,27,0,above_ceiling,646.229
310128da0d8219d3,runs\produce_run_20260725_135935\master_work\worker_06\310128da0d8219d3__MAS_RST.APRQ_11_0688.2-0ab62099bb-4_66svck,final,1.9869,1.8215,27,1,,639.353
381a62ab619f16e7,runs\produce_run_20260725_135935\master_work\worker_06\381a62ab619f16e7__MAS_RST.APRQ_11_0615.8-7ee1e69b57-4moffhcw,final,2.1983,1.9377,24,1,,553.989
3a46688787d8223f,runs\produce_run_20260725_135935\master_work\worker_06\3a46688787d8223f__MAS_RST.APRQ_11_0679.4-d6e10c5ecb-6tn3vfso,final,2.4402,2.2419,27,1,,632.797
494c39c41cb559b4,runs\produce_run_20260725_135935\master_work\worker_06\494c39c41cb559b4__MAS_RST.APRQ_11_0686.4-68c350889c-mh5r73t2,final,2.499,2.3046,27,1,,641.161
4a8fffa9721e6508,runs\produce_run_20260725_135935\master_work\worker_06\4a8fffa9721e6508__MAS_RST.APRQ_11_0678.9-c266af372e-an27swqc,final,2.0679,1.8847,27,1,,643.042
,runs\produce_run_20260725_135935\master_work\worker_06\4ca3ce7681e3ad8e__MAS_RST.APRQ_11_0692.6-71003ca787-pciq2_6a,nonfinite,,,0,0,,
,runs\produce_run_20260725_135935\master_work\worker_06\52e3f003de768f15__MAS_RST.APRQ_11_0686.4-ce8ff03f9f-7lpyb1_c,nonfinite,,,0,0,,
547a4aa26b4b72d9,runs\produce_run_20260725_135935\master_work\worker_06\547a4aa26b4b72d9__MAS_RST.APRQ_11_0678.9-7f4c5635f5-n40iwnmx,final,2.6248,2.3438,27,1,,634.543
,runs\produce_run_20260725_135935\master_work\worker_06\57cde1c2b7a14bee__MAS_RST.APRQ_10_0635.8-d637c80bcc-4bagi8ne,nonfinite,,,0,0,,
5ccfbca704dd3320,runs\produce_run_20260725_135935\master_work\worker_06\5ccfbca704dd3320__MAS_RST.APRQ_11_0618.3-db19990f8c-jyt24jmf,final,2.3241,2.14,24,1,,562.077
5fd04c13e6d43476,runs\produce_run_20260725_135935\master_work\worker_06\5fd04c13e6d43476__MAS_RST.APRQ_11_0692.6-9984124107-0ezpjkln,final,2.2495,2.0079,27,1,,646.84
5fea8d63e1d76734,runs\produce_run_20260725_135935\master_work\worker_06\5fea8d63e1d76734__MAS_RST.APRQ_11_0615.8-6051c065f4-r9od7xap,final,5.7726,5.0896,24,0,above_ceiling,547.804
,runs\produce_run_20260725_135935\master_work\worker_06\600301f30d3af4c5__MAS_RST.APRQ_11_0686.4-596084b08b-y4xyl9q7,nonfinite,,,0,0,,
,runs\produce_run_20260725_135935\master_work\worker_06\6160ba17937f8e92__MAS_RST.APRQ_11_0688.2-31afb7b636-1a3uxiem,nonfinite,,,0,0,,
6301c568f1aca1b7,runs\produce_run_20260725_135935\master_work\worker_06\6301c568f1aca1b7__MAS_RST.APRQ_11_0692.6-bcf3bbce70-8a5ypsqz,final,2.4093,2.1382,27,1,,642.952
6409e440c4ab55d3,runs\produce_run_20260725_135935\master_work\worker_06\6409e440c4ab55d3__MAS_RST.APRQ_11_0615.8-98bfeb8149-fjjint1p,final,2.0035,1.7258,24,1,,556.792
6d83d9bd0231ba91,runs\produce_run_20260725_135935\master_work\worker_06\6d83d9bd0231ba91__MAS_RST.APRQ_10_0635.8-0032f3210e-08e30v1u,first_cycle,,,0,0,,
,runs\produce_run_20260725_135935\master_work\worker_06\6d83d9bd0231ba91__MAS_RST.APRQ_10_0635.8-9cee35a652-z281epbw,nonfinite,,,0,0,,
70162f041f23f8a2,runs\produce_run_20260725_135935\master_work\worker_06\70162f041f23f8a2__MAS_RST.APRQ_11_0615.8-1569ebebc8-mbfzk8qw,final,2.5543,2.2562,23,1,,530.575
72e52a5d4e670ced,runs\produce_run_20260725_135935\master_work\worker_06\72e52a5d4e670ced__MAS_RST.APRQ_10_0635.8-51cb5cec16-5ls24uel,final,2.2522,2.0613,24,1,,545.737
,runs\produce_run_20260725_135935\master_work\worker_06\7cd323a8e08a8f87__MAS_RST.APRQ_10_0635.8-67dc304fb0-8x0jwv1u,nonfinite,,,0,0,,
,runs\produce_run_20260725_135935\master_work\worker_06\8c0ac4b1f64ae1b0__MAS_RST.APRQ_11_0618.3-f6b7b7c00e-qyqtdbrq,nonfinite,,,0,0,,
8c9bce38d567dd50,runs\produce_run_20260725_135935\master_work\worker_06\8c9bce38d567dd50__MAS_RST.APRQ_11_0615.8-713afd5207-7mm5wvbz,final,2.3923,2.0951,25,1,,584.686
91ddbed8ad8e8d48,runs\produce_run_20260725_135935\master_work\worker_06\91ddbed8ad8e8d48__MAS_RST.APRQ_11_0678.9-c993b9cdfe-o5acht07,final,2.116,1.92,27,1,,633.905
920d830cb221b67e,runs\produce_run_20260725_135935\master_work\worker_06\920d830cb221b67e__MAS_RST.APRQ_11_0658.9-d49e7313a7-d2ewdqkz,final,2.3171,2.0275,26,1,,622.991
92da5a54ebae4de5,runs\produce_run_20260725_135935\master_work\worker_06\92da5a54ebae4de5__MAS_RST.APRQ_11_0615.8-5ce3baa0cf-35li67_s,final,2.7385,2.3054,23,1,,517.651
93b3266a06d9de68,runs\produce_run_20260725_135935\master_work\worker_06\93b3266a06d9de68__MAS_RST.APRQ_11_0615.8-b59aca9dbf-pj4x33b3,final,2.3548,1.986,24,1,,547.539
,runs\produce_run_20260725_135935\master_work\worker_06\95e4289dbca60c3b__MAS_RST.APRQ_11_0662.3-c1dd4706c3-w6lasgdk,nonfinite,,,0,0,,
972c883d1745759b,runs\produce_run_20260725_135935\master_work\worker_06\972c883d1745759b__MAS_RST.APRQ_10_0635.8-f1812a756b-fch9g4t2,final,2.3914,2.1242,25,1,,575.994
,runs\produce_run_20260725_135935\master_work\worker_06\9822dcbaf0edc080__MAS_RST.APRQ_11_0686.4-0d8936e0e3-81bc69in,nonfinite,,,0,0,,
98b60f6a0ad91148,runs\produce_run_20260725_135935\master_work\worker_06\98b60f6a0ad91148__MAS_RST.APRQ_11_0662.3-2651bc7456-56xjsh6k,final,2.4413,2.2043,26,1,,617.287
9a48385344dca685,runs\produce_run_20260725_135935\master_work\worker_06\9a48385344dca685__MAS_RST.APRQ_11_0686.4-7cccba5ff1-y3hnn0ue,final,2.3699,2.068,27,1,,644.403
9d769fda5daf0254,runs\produce_run_20260725_135935\master_work\worker_06\9d769fda5daf0254__MAS_RST.APRQ_11_0615.8-1375ac70bd-u3q8ydin,final,2.4462,2.1827,24,1,,542.293
,runs\produce_run_20260725_135935\master_work\worker_06\9e1ca864751dd55a__MAS_RST.APRQ_11_0618.3-8d5ce6a84f-mwr770bf,nonfinite,,,0,0,,
,runs\produce_run_20260725_135935\master_work\worker_06\9e84b081072faf83__MAS_RST.APRQ_10_0635.8-8b1816aa8f-t1w_kk5u,nonfinite,,,0,0,,
,runs\produce_run_20260725_135935\master_work\worker_06\a7ea385bb02bf8ee__MAS_RST.APRQ_10_0635.8-5aa19c9c67-s0u2czhy,nonfinite,,,0,0,,
aabc35590377af0b,runs\produce_run_20260725_135935\master_work\worker_06\aabc35590377af0b__MAS_RST.APRQ_11_0615.8-c5cc933482-tcqhl65d,final,2.3547,2.0512,24,1,,568.306
,runs\produce_run_20260725_135935\master_work\worker_06\abd43477ea8278ef__MAS_RST.APRQ_11_0615.8-e080f369b5-jjtiyth4,nonfinite,,,0,0,,
,runs\produce_run_20260725_135935\master_work\worker_06\aeffad6873f525bb__MAS_RST.APRQ_11_0618.3-3e66b2d9e5-d21bequs,nonfinite,,,0,0,,
b3bd682693149a95,runs\produce_run_20260725_135935\master_work\worker_06\b3bd682693149a95__MAS_RST.APRQ_11_0618.3-b472c2ec79-bg58gixn,final,4.9446,4.4309,25,0,above_ceiling,577.421
c13693048263b450,runs\produce_run_20260725_135935\master_work\worker_06\c13693048263b450__MAS_RST.APRQ_11_0686.4-346f2d8c1d-t51vflsb,final,2.3911,2.1851,27,1,,657.454
c16a76644dafb2a4,runs\produce_run_20260725_135935\master_work\worker_06\c16a76644dafb2a4__MAS_RST.APRQ_10_0635.8-94e2920f9f-pata9o3_,final,2.4424,2.1525,24,1,,570
,runs\produce_run_20260725_135935\master_work\worker_06\c41cb84323bb5b95__MAS_RST.APRQ_11_0615.8-c2d5039a68-g8y6s2_g,nonfinite,,,0,0,,
d382b7d629375869,runs\produce_run_20260725_135935\master_work\worker_06\d382b7d629375869__MAS_RST.APRQ_11_0677.2-8e447165d0-ouz1_dw2,final,3.1406,2.7183,26,0,above_ceiling,622.464
d3be08b4fcfac631,runs\produce_run_20260725_135935\master_work\worker_06\d3be08b4fcfac631__MAS_RST.APRQ_11_0615.8-799d189465-duju0zjt,final,2.5339,2.1082,25,1,,580.841
da2d737d7dd38378,runs\produce_run_20260725_135935\master_work\worker_06\da2d737d7dd38378__MAS_RST.APRQ_11_0665.0-77281f9279-o1p60qno,final,2.1883,1.9583,26,1,,620.074
,runs\produce_run_20260725_135935\master_work\worker_06\ddc6b766d3097b99__MAS_RST.APRQ_11_0688.2-d36c14f2d7-vu0kglh6,nonfinite,,,0,0,,
ddefcaf820e0d787,runs\produce_run_20260725_135935\master_work\worker_06\ddefcaf820e0d787__MAS_RST.APRQ_11_0677.2-e64b0ef8c5-4q8ymlhh,final,2.0813,1.9087,27,1,,636.948
,runs\produce_run_20260725_135935\master_work\worker_06\df4fb687183f0446__MAS_RST.APRQ_11_0686.4-c3f444b21d-exiazmdw,nonfinite,,,0,0,,
,runs\produce_run_20260725_135935\master_work\worker_06\e0eaf10995cce0f2__MAS_RST.APRQ_11_0677.2-95c5e7f909-2mimts7x,nonfinite,,,0,0,,
e50625967fe08057,runs\produce_run_20260725_135935\master_work\worker_06\e50625967fe08057__MAS_RST.APRQ_11_0686.4-00bebf4954-2my607jz,final,2.1487,1.913,27,1,,647.913
e52757d2daabcf03,runs\produce_run_20260725_135935\master_work\worker_06\e52757d2daabcf03__MAS_RST.APRQ_11_0677.2-5446599ea9-x2_qdvsr,final,2.1641,1.8911,27,1,,640.987
,runs\produce_run_20260725_135935\master_work\worker_06\e8a5a127ce0371ad__MAS_RST.APRQ_11_0688.2-249edb540e-w55_kzbn,nonfinite,,,0,0,,
,runs\produce_run_20260725_135935\master_work\worker_06\ed3208b5d0e458eb__MAS_RST.APRQ_10_0635.8-0dc2c357c4-z6rvyy3x,nonfinite,,,0,0,,
f620ad5b20f8dfb8,runs\produce_run_20260725_135935\master_work\worker_06\f620ad5b20f8dfb8__MAS_RST.APRQ_11_0688.2-5121a4ec01-3d02ep6e,final,2.4189,2.2321,27,1,,641.038
f7144454fd80052f,runs\produce_run_20260725_135935\master_work\worker_06\f7144454fd80052f__MAS_RST.APRQ_11_0615.8-c6f7cebd8f-oe01fc_9,final,2.3572,2.0871,25,1,,577.976
fb7dcafbd2c6a964,runs\produce_run_20260725_135935\master_work\worker_06\fb7dcafbd2c6a964__MAS_RST.APRQ_10_0635.8-ff3f948a8b-ggplupm0,final,2.4964,2.1801,23,1,,538.193
002ace1c15162b0b,runs\produce_run_20260725_135935\master_work\worker_07\002ace1c15162b0b__MAS_RST.APRQ_10_0635.8-127967b3c4-grd71o5u,final,3.9654,3.617,24,0,above_ceiling,567.487
09502c89cb61b0ec,runs\produce_run_20260725_135935\master_work\worker_07\09502c89cb61b0ec__MAS_RST.APRQ_11_0688.2-7e988cf4a0-um1d8jum,final,2.1331,1.8602,27,1,,646.301
0d4d21f8644bd2d4,runs\produce_run_20260725_135935\master_work\worker_07\0d4d21f8644bd2d4__MAS_RST.APRQ_11_0618.3-c52ed17d10-vsa_4i8t,final,2.5284,2.3277,25,1,,587.028
,runs\produce_run_20260725_135935\master_work\worker_07\12027a8a0f60b917__MAS_RST.APRQ_11_0615.8-1d2673e17b-nst5vlq5,nonfinite,,,0,0,,
12a61e354ff69b11,runs\produce_run_20260725_135935\master_work\worker_07\12a61e354ff69b11__MAS_RST.APRQ_11_0615.8-a7b0d7fc5c-hlv_7fsy,final,2.3275,1.9442,24,1,,565.023
17fe1a3e63646028,runs\produce_run_20260725_135935\master_work\worker_07\17fe1a3e63646028__MAS_RST.APRQ_11_0692.6-26e4799f96-_g_w7q3s,final,4.278,3.8085,27,0,above_ceiling,645.75
,runs\produce_run_20260725_135935\master_work\worker_07\1b98c3c1029c1d06__MAS_RST.APRQ_11_0618.3-d90d6b1d64-leef0apq,nonfinite,,,0,0,,
1f16f9bef7e0a61c,runs\produce_run_20260725_135935\master_work\worker_07\1f16f9bef7e0a61c__MAS_RST.APRQ_10_0635.8-ac3db2570e-intr156d,final,2.0046,1.8101,25,1,,582.006
,runs\produce_run_20260725_135935\master_work\worker_07\2731becebd87bf61__MAS_RST.APRQ_11_0618.3-5635c9865c-ocrf6vtt,nonfinite,,,0,0,,
,runs\produce_run_20260725_135935\master_work\worker_07\2a11d9a96ca7a013__MAS_RST.APRQ_11_0686.4-5f460cbbc4-9fgosguq,nonfinite,,,0,0,,
,runs\produce_run_20260725_135935\master_work\worker_07\2b4247e0e8893a0f__MAS_RST.APRQ_11_0615.8-671c8fa7eb-qc70g3jn,nonfinite,,,0,0,,
33c4e7164c529b43,runs\produce_run_20260725_135935\master_work\worker_07\33c4e7164c529b43__MAS_RST.APRQ_11_0692.6-9a84b31904-pin2lyi7,final,2.1955,1.9408,27,1,,641.464
33e55c15b90b007d,runs\produce_run_20260725_135935\master_work\worker_07\33e55c15b90b007d__MAS_RST.APRQ_11_0615.8-29c4c11670-uioz2ugl,superseded,,,0,0,,
,runs\produce_run_20260725_135935\master_work\worker_07\33e55c15b90b007d__MAS_RST.APRQ_11_0615.8-f04e632586-bvt0eudr,nonfinite,,,0,0,,
37a06c8a6d1745b0,runs\produce_run_20260725_135935\master_work\worker_07\37a06c8a6d1745b0__MAS_RST.APRQ_11_0686.4-ec75ea75d4-59lkzzzi,final,2.6757,2.3934,27,1,,634.374
,runs\produce_run_20260725_135935\master_work\worker_07\3cc1cbfbe93b43bc__MAS_RST.APRQ_11_0686.4-e177590590-tli__sw7,nonfinite,,,0,0,,
4551f81a2b3edc43,runs\produce_run_20260725_135935\master_work\worker_07\4551f81a2b3edc43__MAS_RST.APRQ_11_0618.3-6fc4118e0e-77rn8vfq,final,2.1981,1.9692,25,1,,583.018
4ba615085b994a4a,runs\produce_run_20260725_135935\master_work\worker_07\4ba615085b994a4a__MAS_RST.APRQ_10_0635.8-5699b10efa-honkl3ba,final,2.1722,1.9215,25,1,,582.776
5592da01a021f4a0,runs\produce_run_20260725_135935\master_work\worker_07\5592da01a021f4a0__MAS_RST.APRQ_11_0679.4-72491c2f65-4vin4iki,final,2.2746,2.0327,26,1,,624.372
,runs\produce_run_20260725_135935\master_work\worker_07\56642987a917b295__MAS_RST.APRQ_11_0678.9-e7b71ee5e9-ch7h1501,nonfinite,,,0,0,,
,runs\produce_run_20260725_135935\master_work\worker_07\5b4b6358c9c04a08__MAS_RST.APRQ_11_0615.8-227a214547-affeelml,nonfinite,,,0,0,,
5e79a3cde6917fb4,runs\produce_run_20260725_135935\master_work\worker_07\5e79a3cde6917fb4__MAS_RST.APRQ_11_0618.3-5c039ab60f-pi9gxuec,final,2.1489,1.9662,25,1,,578.953
63cfe1a0caa5fefa,runs\produce_run_20260725_135935\master_work\worker_07\63cfe1a0caa5fefa__MAS_RST.APRQ_11_0686.4-0def87ce22-g55qdwfo,final,2.2745,2.0785,27,1,,636.322
,runs\produce_run_20260725_135935\master_work\worker_07\679b84443cde1642__MAS_RST.APRQ_11_0615.8-3a2b505ddd-c49km__j,nonfinite,,,0,0,,
689e5c3e0f041667,runs\produce_run_20260725_135935\master_work\worker_07\689e5c3e0f041667__MAS_RST.APRQ_11_0692.6-7d4bba3f39-hv3u45yb,final,2.2512,2.0368,27,1,,635.618
,runs\produce_run_20260725_135935\master_work\worker_07\6b99d2c157185765__MAS_RST.APRQ_11_0618.3-83b96b4d6b-3dkwau__,nonfinite,,,0,0,,
6f317d2e1f2aa95f,runs\produce_run_20260725_135935\master_work\worker_07\6f317d2e1f2aa95f__MAS_RST.APRQ_11_0615.8-0d7cba9e42-hfuh1j0a,final,2.618,2.3396,23,1,,532.355
,runs\produce_run_20260725_135935\master_work\worker_07\761353cd7a3fbd6d__MAS_RST.APRQ_10_0635.8-31fe7798a1-7gib2ftt,nonfinite,,,0,0,,
7c45734df9e9840b,runs\produce_run_20260725_135935\master_work\worker_07\7c45734df9e9840b__MAS_RST.APRQ_11_0658.9-eb5a65f452-zhi1jt6p,final,3.5826,3.105,26,0,above_ceiling,616.162
811ee490e214f28c,runs\produce_run_20260725_135935\master_work\worker_07\811ee490e214f28c__MAS_RST.APRQ_11_0679.4-f754a7949c-86yhrg3_,final,2.1426,1.9339,26,1,,630
,runs\produce_run_20260725_135935\master_work\worker_07\82236336d7eeb11a__MAS_RST.APRQ_11_0688.2-799734b2ee-p957y1s1,nonfinite,,,0,0,,
,runs\produce_run_20260725_135935\master_work\worker_07\905286dad3f80d0a__MAS_RST.APRQ_11_0665.0-9cfdf7ffa4-m3xejiy6,nonfinite,,,0,0,,
94a5d95a86385499,runs\produce_run_20260725_135935\master_work\worker_07\94a5d95a86385499__MAS_RST.APRQ_11_0618.3-f875f6c606-3vgdu9wb,final,2.203,1.975,24,1,,550.025
,runs\produce_run_20260725_135935\master_work\worker_07\96c82174bbdabd85__MAS_RST.APRQ_11_0615.8-3691301a80-qwvgs1nc,nonfinite,,,0,0,,
a0188f34e320dfe4,runs\produce_run_20260725_135935\master_work\worker_07\a0188f34e320dfe4__MAS_RST.APRQ_11_0658.9-2131032b52-bzhkmtzn,final,2.1002,1.8721,26,1,,609.586
,runs\produce_run_20260725_135935\master_work\worker_07\a0604d5a0c43b123__MAS_RST.APRQ_11_0679.4-0089e2a59c-6xil511m,nonfinite,,,0,0,,
a10fdc64e086bf70,runs\produce_run_20260725_135935\master_work\worker_07\a10fdc64e086bf70__MAS_RST.APRQ_10_0635.8-c77c14a38b-ve6qhlsh,final,5.2785,4.6811,24,0,above_ceiling,559.574
a16a592be75c2885,runs\produce_run_20260725_135935\master_work\worker_07\a16a592be75c2885__MAS_RST.APRQ_11_0615.8-3aa5125f2b-hvat2p9j,final,2.0559,1.8457,25,1,,571.65
,runs\produce_run_20260725_135935\master_work\worker_07\a2212c49858f39ad__MAS_RST.APRQ_11_0688.2-bdc61be9f4-wfz3d_y8,nonfinite,,,0,0,,
a2a2258bf5d74b68,runs\produce_run_20260725_135935\master_work\worker_07\a2a2258bf5d74b68__MAS_RST.APRQ_11_0686.4-323940073b-a0_obzed,final,2.1095,1.8616,27,1,,631.632
a7d0a27cd0577815,runs\produce_run_20260725_135935\master_work\worker_07\a7d0a27cd0577815__MAS_RST.APRQ_11_0615.8-a41474ae41-sl8js2ai,final,2.1461,1.9079,24,1,,568.121
,runs\produce_run_20260725_135935\master_work\worker_07\a90d53f04225ac67__MAS_RST.APRQ_10_0635.8-7983f20cc7-mu1shxtl,nonfinite,,,0,0,,
a90d53f04225ac67,runs\produce_run_20260725_135935\master_work\worker_07\a90d53f04225ac67__MAS_RST.APRQ_10_0635.8-aabe3a2704-qoi5ikv6,superseded,,,0,0,,
aa68364deb4f2770,runs\produce_run_20260725_135935\master_work\worker_07\aa68364deb4f2770__MAS_RST.APRQ_11_0692.6-2a9f2a89b5-wjw11pmh,final,2.2551,2.0279,27,1,,635.763
afc2ab1ad8e51a0e,runs\produce_run_20260725_135935\master_work\worker_07\afc2ab1ad8e51a0e__MAS_RST.APRQ_11_0665.0-27aa1ffb22-wqaks_95,final,5.8869,5.256,26,0,above_ceiling,616.59
b03d37bceebc9165,runs\produce_run_20260725_135935\master_work\worker_07\b03d37bceebc9165__MAS_RST.APRQ_11_0618.3-a77ef58a18-1h22pv3j,final,2.0335,1.8426,24,1,,555.003
b141c20eac2cc9a5,runs\produce_run_20260725_135935\master_work\worker_07\b141c20eac2cc9a5__MAS_RST.APRQ_11_0615.8-402852394f-ikzk5blr,final,4.032,3.4713,23,0,above_ceiling,534.697
b577e5f0ebb062fd,runs\produce_run_20260725_135935\master_work\worker_07\b577e5f0ebb062fd__MAS_RST.APRQ_11_0662.3-41bbe188ff-rl0pdh8i,final,2.1702,1.9029,26,1,,625.01
b5e3c3be3fc47fff,runs\produce_run_20260725_135935\master_work\worker_07\b5e3c3be3fc47fff__MAS_RST.APRQ_11_0665.0-fb1c03da00-v1g9hdo4,final,2.1789,1.9432,26,1,,620.242
b83df0676e7fdfb6,runs\produce_run_20260725_135935\master_work\worker_07\b83df0676e7fdfb6__MAS_RST.APRQ_11_0688.2-42bdbc9ab3-90sa9k4c,final,2.3071,2.1061,27,1,,647.982
bee893f1da04d1b2,runs\produce_run_20260725_135935\master_work\worker_07\bee893f1da04d1b2__MAS_RST.APRQ_11_0615.8-e0e46df869-jgvcz5qd,final,3.7059,3.2347,24,0,above_ceiling,560.996
,runs\produce_run_20260725_135935\master_work\worker_07\c19e11b23e62a3ff__MAS_RST.APRQ_10_0635.8-e4ff8dd026-413al8ow,nonfinite,,,0,0,,
c2459e405bc68aa1,runs\produce_run_20260725_135935\master_work\worker_07\c2459e405bc68aa1__MAS_RST.APRQ_11_0665.0-3a04306e6f-1wrbiji7,final,2.9828,2.618,26,1,,623.347
c4d864458331e0c0,runs\produce_run_20260725_135935\master_work\worker_07\c4d864458331e0c0__MAS_RST.APRQ_11_0692.6-ac85cd71c8-4r00udxp,final,2.4184,2.1538,27,1,,642.966
c63b89fb451ed3bd,runs\produce_run_20260725_135935\master_work\worker_07\c63b89fb451ed3bd__MAS_RST.APRQ_11_0658.9-4c45e7f031-9ew_hppw,final,2.0748,1.7889,26,1,,621.814
c8c6436a6480ef00,runs\produce_run_20260725_135935\master_work\worker_07\c8c6436a6480ef00__MAS_RST.APRQ_11_0618.3-41d1a01166-akk5mzgu,final,2.4615,2.2592,24,1,,555.225
ca8538a0883b470c,runs\produce_run_20260725_135935\master_work\worker_07\ca8538a0883b470c__MAS_RST.APRQ_11_0665.0-cb40d104d9-515sp1v4,final,2.0113,1.8576,26,1,,621.966
cd943f4ff052f032,runs\produce_run_20260725_135935\master_work\worker_07\cd943f4ff052f032__MAS_RST.APRQ_11_0615.8-c9ce6994dd-kft2ayz2,final,3.783,3.3701,23,0,above_ceiling,534.297
cfdd9ae9eeafb658,runs\produce_run_20260725_135935\master_work\worker_07\cfdd9ae9eeafb658__MAS_RST.APRQ_11_0615.8-bc55133ae0-x2dgzgkq,final,3.2459,2.4407,23,0,above_ceiling,525.45
d3b30360f67aa2d8,runs\produce_run_20260725_135935\master_work\worker_07\d3b30360f67aa2d8__MAS_RST.APRQ_11_0615.8-0dcbfe0c3f-mdqh44ke,final,2.4435,2.1065,24,1,,562.572
d43e5ffe1674eeac,runs\produce_run_20260725_135935\master_work\worker_07\d43e5ffe1674eeac__MAS_RST.APRQ_11_0618.3-23398c7969-33_e4yzl,final,2.375,2.1563,24,1,,565.111
db54bfdb03eebb9c,runs\produce_run_20260725_135935\master_work\worker_07\db54bfdb03eebb9c__MAS_RST.APRQ_11_0618.3-14b71763f7-khvfzy_3,final,3.4679,3.0882,24,0,above_ceiling,544.948
,runs\produce_run_20260725_135935\master_work\worker_07\db55acaad5204c32__MAS_RST.APRQ_11_0677.2-2421dd1420-_bddyaei,nonfinite,,,0,0,,
dc0566f320421ebd,runs\produce_run_20260725_135935\master_work\worker_07\dc0566f320421ebd__MAS_RST.APRQ_11_0686.4-1ff82b0b10-u2og5t58,final,2.1681,1.8547,27,1,,641.506
,runs\produce_run_20260725_135935\master_work\worker_07\dd6cb712e8a7e25d__MAS_RST.APRQ_11_0615.8-a3c3b48900-z9hvith1,nonfinite,,,0,0,,
ddba6fca1d2caf63,runs\produce_run_20260725_135935\master_work\worker_07\ddba6fca1d2caf63__MAS_RST.APRQ_11_0665.0-6d17a72a43-dzsc7rco,final,1.9994,1.7686,26,1,,624.916
eea5c1cef6ea65ee,runs\produce_run_20260725_135935\master_work\worker_07\eea5c1cef6ea65ee__MAS_RST.APRQ_11_0615.8-e60f368a31-rqfkreyr,final,2.3651,2.1353,25,1,,571.959
,runs\produce_run_20260725_135935\master_work\worker_07\ef7d4e15941462d9__MAS_RST.APRQ_11_0688.2-8b0e8077a1-o29dk2nu,nonfinite,,,0,0,,
f586de9696b2db40,runs\produce_run_20260725_135935\master_work\worker_07\f586de9696b2db40__MAS_RST.APRQ_11_0692.6-af6ec9ed7a-t0af95n5,final,2.4511,2.1843,27,1,,636.741
f8cb2b3486a7f47a,runs\produce_run_20260725_135935\master_work\worker_07\f8cb2b3486a7f47a__MAS_RST.APRQ_11_0692.6-66da8cad71-30m7k_9c,final,3.7244,3.0926,27,0,above_ceiling,643.219
fbdcca1b64b6e04c,runs\produce_run_20260725_135935\master_work\worker_07\fbdcca1b64b6e04c__MAS_RST.APRQ_11_0615.8-21880f00a4-3p73ewjw,final,2.8066,2.3955,23,1,,530.784
,runs\produce_run_20260725_135935\master_work\worker_07\fcc30013dc1321e4__MAS_RST.APRQ_11_0688.2-cf71681e42-vle25480,nonfinite,,,0,0,,
5afdb1020f57c756,runs\produce_run_20260729_152450\master_work\worker_00\5afdb1020f57c756__MAS_RST.APRQ_11_0633.2-1a5a1528ba-a4_0a8w2,final,2.5672,2.256,26,1,,616.59
,runs\regen_p1\46a36724de71\master\seed-3b556c75fb-vcnw7q5j,no_digest,,,0,0,,
,runs\regen_p1\46a36724de71\master\seed-532c3b1317-ziria5gz,no_mas_sum,,,0,0,,
,runs\regen_p1\46a36724de71\master\seed-ea7a1e9968-_ww6vq4y,no_digest,,,0,0,,
,runs\regen_p1\46a36724de71\master\seed-fd4bfffed1-mxvq23r8,no_digest,,,0,0,,
,runs\regen_p1\cy1\T6_T4_cap620,no_digest,,,0,0,,
,runs\regen_p2\027325df3140\master\seed-201b755c4b-xo91tvio,no_mas_sum,,,0,0,,
,runs\regen_p2\027325df3140\master\seed-8e6cbe3aa4-qekbe753,no_digest,,,0,0,,
,runs\regen_p2\027325df3140\master\seed-d147441350-3uat9if8,no_digest,,,0,0,,
,runs\regen_p2\0c4cdce2ed93\master\seed-b1478b376d-b0g2cdyh,no_digest,,,0,0,,
,runs\regen_p2\0cc939510c5c\master\seed-1e8a4a45a4-lgqxrmne,no_digest,,,0,0,,
,runs\regen_p2\0cc939510c5c\master\seed-448fdee653-d3kltwk9,no_digest,,,0,0,,
,runs\regen_p2\0cc939510c5c\master\seed-7d39a615fb-9_od06uc,no_digest,,,0,0,,
,runs\regen_p2\0cc939510c5c\master\seed-d6bf892811-njyzek8d,no_digest,,,0,0,,
,runs\regen_p2\0cc939510c5c\master\seed-da049e10c9-aefwf48q,no_digest,,,0,0,,
,runs\regen_p2\0cc939510c5c\master\seed-dd5499ae20-1c8syubn,no_digest,,,0,0,,
,runs\regen_p2\0cc939510c5c\master\seed-e41da1f1cf-k1okkou9,no_digest,,,0,0,,
,runs\regen_p2\0cc939510c5c\master\seed-ffbab5f977-zxtdri0p,no_mas_sum,,,0,0,,
,runs\regen_p2\1d1e3a3b5485\master\seed-526a9fff50-88ydz3vw,no_digest,,,0,0,,
,runs\regen_p2\28e7969971e6\master\seed-5e7c5021a5-t68phzt8,no_digest,,,0,0,,
,runs\regen_p2\2d45a4a9c86b\master\seed-8b9782af1f-u3ntmoeb,no_digest,,,0,0,,
,runs\regen_p2\2f000442fc5b\master\seed-4e6feec33b-706qkz5g,no_digest,,,0,0,,
,runs\regen_p2\389c45238d6a\master\seed-9c6c1e3385-hthce6cf,no_digest,,,0,0,,
,runs\regen_p2\7b978ba6e5c4\master\seed-34d5c9e6bd-e6d2jqew,no_digest,,,0,0,,
,runs\regen_p2\7f5aabb6092a\master\seed-2b806b9f72-lqiv8o8p,no_digest,,,0,0,,
,runs\regen_p2\7fa8258b0aa4\master\seed-5c49c07381-lnuj97om,no_digest,,,0,0,,
,runs\regen_p2\898fcc5191b9\master\seed-93cb3f1fc9-v6aoa7w9,no_digest,,,0,0,,
,runs\regen_p2\9064f643682d\master\seed-e4dd516392-_mtmvz8e,no_digest,,,0,0,,
,runs\regen_p2\97799f5ce87d\master\seed-d547295b04-now2pida,no_digest,,,0,0,,
,runs\regen_p2\b025550ba4fe\master\seed-1dfbe7b1c8-d4ekt2ur,no_digest,,,0,0,,
,runs\regen_p2\bc1839d53360\master\seed-d2335201d5-kzoatqra,no_digest,,,0,0,,
,runs\regen_p2\c6de8633ee82\master\seed-99e960dc5e-ghhaxiry,no_digest,,,0,0,,
,runs\regen_p2\cy1\T6_T4_cap620,no_digest,,,0,0,,
,runs\regen_p2\f40d23f21d9a\master\seed-0919d5ca89-1sj20juh,no_digest,,,0,0,,
,runs\regen_p2\f40d23f21d9a\master\seed-0919d5ca89-sxq7l1sy,no_digest,,,0,0,,
,runs\regen_p2\f40d23f21d9a\master\seed-0d257df12a-5pj6ch09,no_mas_sum,,,0,0,,
,runs\regen_p2\f40d23f21d9a\master\seed-0d257df12a-rvn05o0h,no_mas_sum,,,0,0,,
,runs\regen_p2\f40d23f21d9a\master\seed-1c7ccc3319-kkposcm6,no_digest,,,0,0,,
,runs\regen_p2\f40d23f21d9a\master\seed-1c7ccc3319-nzw37_fz,no_digest,,,0,0,,
,runs\regen_p2\f40d23f21d9a\master\seed-dc25756dc2-05kkwc8e,no_digest,,,0,0,,
,runs\regen_p2\f40d23f21d9a\master\seed-dc25756dc2-qalejcdr,no_digest,,,0,0,,
,runs\regen_p2\f40d23f21d9a\master\seed-e828b11daf-4tmmsi3_,no_digest,,,0,0,,
,runs\regen_p2\f40d23f21d9a\master\seed-e828b11daf-bo2q8vl9,no_digest,,,0,0,,
,runs\regen_p2\f5c2ce27722b\master\seed-d4047d477b-ukl9jdy0,no_digest,,,0,0,,
,runs\regen_p2\f9aa8a81155a\master\seed-a44a804920-s0nc0jqs,no_digest,,,0,0,,
,runs\regen_p3\0203ae6b93df\master\seed-2d29bd0e91-qu6ftc0i,no_digest,,,0,0,,
,runs\regen_p3\0203ae6b93df\master\seed-37c64560f4-tadq1qa2,no_mas_sum,,,0,0,,
,runs\regen_p3\0203ae6b93df\master\seed-8989aaf5c9-upccvxuv,no_digest,,,0,0,,
,runs\regen_p3\0203ae6b93df\master\seed-ee28e48cbc-bkivex6d,no_digest,,,0,0,,
,runs\regen_p3\0dc8c44a530f\master\seed-1774291dfc-ee7lawu9,no_digest,,,0,0,,
,runs\regen_p3\4130a68802a2\master\seed-65c3a87921-stpj9fn9,no_digest,,,0,0,,
,runs\regen_p3\8d22cab0a0a9\master\seed-dfb45cbc59-d59jq80q,no_digest,,,0,0,,
,runs\regen_p3\97ae2ee9c3ee\master\seed-4d9386e02a-yrzvnvll,no_digest,,,0,0,,
,runs\regen_p3\97ae2ee9c3ee\master\seed-5a01b3b990-1s9zlzf4,no_digest,,,0,0,,
,runs\regen_p3\97ae2ee9c3ee\master\seed-69e68d1312-1n4lxmuu,no_mas_sum,,,0,0,,
,runs\regen_p3\97ae2ee9c3ee\master\seed-c742c8b449-oypcr1dj,no_digest,,,0,0,,
,runs\regen_p3\97ae2ee9c3ee\master\seed-dcff0df867-pau3aoll,no_digest,,,0,0,,
,runs\regen_p3\97ae2ee9c3ee\master\seed-fbafea21ca-mv9gygiy,no_digest,,,0,0,,
,runs\regen_p3\cy1\T6_T4_cap620,no_digest,,,0,0,,
,runs\regen_p3\fafb6389c64e\master\seed-32d1cf473b-z3svw0rw,no_digest,,,0,0,,
,runs\regen_p3\fafb6389c64e\master\seed-463a580e16-j6m3jwm4,no_mas_sum,,,0,0,,
,runs\regen_p3\fafb6389c64e\master\seed-af6958d17f-o78t1pug,no_digest,,,0,0,,
,runs\regen_p3\fafb6389c64e\master\seed-cf3fc4b275-dwt1qtxw,no_digest,,,0,0,,
,runs\regen_p4\cy1\T6_T4_cap620,no_digest,,,0,0,,
,runs\regen_pilot\cy1\T6_T4_cap620,no_digest,,,0,0,,
2d6e0f53afee2595,runs\rule_acid\master_work\worker_00\2d6e0f53afee2595__MAS_RST.APRQ_11_0635.1-d9a96cfe35-204bsevo,final,1.6583,1.4886,27,1,,634.304
4e22d5e069109e5c,runs\rule_acid\master_work\worker_01\4e22d5e069109e5c__MAS_RST.APRQ_11_0635.1-6a28f3e301-lfru7sdn,final,1.6502,1.4474,27,1,,633.488
696685282c66a5a2,runs\rule_acid\master_work\worker_02\696685282c66a5a2__MAS_RST.APRQ_11_0635.1-86012ba7e9-t3yvxxqw,final,1.7375,1.5565,27,1,,637.363
834ac4ad5e3b9b41,runs\rule_acid\master_work\worker_03\834ac4ad5e3b9b41__MAS_RST.APRQ_11_0635.1-1345a5699b-urvtzdjq,final,1.6981,1.4885,27,1,,635.273
215a65bd3607301a,runs\rule_acid\master_work\worker_04\215a65bd3607301a__MAS_RST.APRQ_11_0635.1-c6e8eab33e-31z1u7_r,final,1.5952,1.4426,27,1,,637.334
e8be01e490f077e3,runs\rule_acid\master_work\worker_05\e8be01e490f077e3__MAS_RST.APRQ_11_0635.1-eaa4c0f10f-f9zuk_qa,final,1.976,1.7133,27,1,,637.217
e79511cfd4afc240,runs\rule_acid\master_work\worker_06\e79511cfd4afc240__MAS_RST.APRQ_11_0635.1-479d33f900-ytrss6_5,final,1.7526,1.5996,27,1,,636.129
fc40e87cd5e35147,runs\rule_acid\master_work\worker_07\fc40e87cd5e35147__MAS_RST.APRQ_11_0635.1-ba8f540c0e-efrnoj43,final,1.7174,1.5465,27,1,,635.291
0750ef50d373864e,runs\transpose_pairs\master\master_work\worker_00\0750ef50d373864e__MAS_RST.APRQ_11_0637.5-694f127898-4z2vp88p,final,1.5989,1.461,27,1,,640.722
3f235068213d4b98,runs\transpose_pairs\master\master_work\worker_00\3f235068213d4b98__MAS_RST.APRQ_11_0678.9-d7515228b8-1gmncdc4,final,2.3366,2.1021,25,1,,588.859
3f235068213d4b98,runs\transpose_pairs\master\master_work\worker_00\3f235068213d4b98__MAS_RST.APRQ_11_0678.9-d7515228b8-m3f1leuu,final,2.3366,2.1021,25,1,,588.859
46ea0d33769e6955,runs\transpose_pairs\master\master_work\worker_00\46ea0d33769e6955__MAS_RST.APRQ_11_0635.1-3c5f1747cc-3ursszq5,final,4.7819,4.2175,28,0,above_ceiling,666.198
49f48a17569e6af5,runs\transpose_pairs\master\master_work\worker_00\49f48a17569e6af5__MAS_RST.APRQ_11_0686.4-1b1ecc96c4-wt3nib4s,final,2.1859,1.9724,25,1,,598.681
52e1d1287ad6ba14,runs\transpose_pairs\master\master_work\worker_00\52e1d1287ad6ba14__MAS_RST.APRQ_10_0635.8-c8352ced2b-60js5c68,final,2.2608,2.0015,24,1,,549.554
62296c7be847a13c,runs\transpose_pairs\master\master_work\worker_00\62296c7be847a13c__MAS_RST.APRQ_11_0677.2-da4eabe4b7-9yqytlvg,final,1.6831,1.5374,28,1,,661.744
654bac4674fddff6,runs\transpose_pairs\master\master_work\worker_00\654bac4674fddff6__MAS_RST.APRQ_11_0678.9-cf88255192-eeafg_tq,final,2.3974,2.1405,27,1,,647.749
654bac4674fddff6,runs\transpose_pairs\master\master_work\worker_00\654bac4674fddff6__MAS_RST.APRQ_11_0678.9-cf88255192-sk632kc4,final,2.3974,2.1405,27,1,,647.749
83bc348229339048,runs\transpose_pairs\master\master_work\worker_00\83bc348229339048__MAS_RST.APRQ_11_0692.6-b69884f888-v_wrkian,final,2.3083,2.0564,26,1,,617.915
b132434fae084081,runs\transpose_pairs\master\master_work\worker_00\b132434fae084081__MAS_RST.APRQ_11_0615.8-9c85dce179-pxaikzrl,final,2.3187,2.0455,23,1,,537.9
b132434fae084081,runs\transpose_pairs\master\master_work\worker_00\b132434fae084081__MAS_RST.APRQ_11_0615.8-9c85dce179-rb2eu60q,final,2.3187,2.0455,23,1,,537.9
bc67bdf5376d5f42,runs\transpose_pairs\master\master_work\worker_00\bc67bdf5376d5f42__MAS_RST.APRQ_11_0686.4-ce1620c909-7nnn7xix,final,2.3739,2.1188,25,1,,587.417
bc67bdf5376d5f42,runs\transpose_pairs\master\master_work\worker_00\bc67bdf5376d5f42__MAS_RST.APRQ_11_0686.4-ce1620c909-hxrmvs1f,final,2.3739,2.1188,25,1,,587.417
bfe2d7c8ea5b68dd,runs\transpose_pairs\master\master_work\worker_00\bfe2d7c8ea5b68dd__MAS_RST.APRQ_11_0637.5-39133403dc-uwxyfqqf,final,1.7247,1.5166,27,1,,645.401
bfe2d7c8ea5b68dd,runs\transpose_pairs\master\master_work\worker_00\bfe2d7c8ea5b68dd__MAS_RST.APRQ_11_0637.5-39133403dc-w8fwzv5q,final,1.7247,1.5166,27,1,,645.401
e9f57eff68bd3f2e,runs\transpose_pairs\master\master_work\worker_00\e9f57eff68bd3f2e__MAS_RST.APRQ_11_0692.6-4e396862e6-ozldl11l,final,1.9582,1.743,29,1,,692.621
fa9f4f26b8c4f9f3,runs\transpose_pairs\master\master_work\worker_00\fa9f4f26b8c4f9f3__MAS_RST.APRQ_11_0637.5-c5379aefc0-chlerind,final,1.6121,1.4633,27,1,,645.422
fa9f4f26b8c4f9f3,runs\transpose_pairs\master\master_work\worker_00\fa9f4f26b8c4f9f3__MAS_RST.APRQ_11_0637.5-c5379aefc0-sei2u_xm,final,1.6121,1.4633,27,1,,645.422
0778e1e905ffda82,runs\transpose_pairs\master\master_work\worker_01\0778e1e905ffda82__MAS_RST.APRQ_11_0686.4-19decd4544-v3tua059,final,2.3732,2.1182,25,1,,587.412
0778e1e905ffda82,runs\transpose_pairs\master\master_work\worker_01\0778e1e905ffda82__MAS_RST.APRQ_11_0686.4-19decd4544-x2oze2zl,final,2.3732,2.1182,25,1,,587.412
358da3df791f81b5,runs\transpose_pairs\master\master_work\worker_01\358da3df791f81b5__MAS_RST.APRQ_11_0637.5-7cf2ffc8f5-nk9a8yhm,final,1.742,1.5401,27,1,,645.494
358da3df791f81b5,runs\transpose_pairs\master\master_work\worker_01\358da3df791f81b5__MAS_RST.APRQ_11_0637.5-7cf2ffc8f5-s71kjp5j,final,1.742,1.5401,27,1,,645.494
43758bc76157e7c5,runs\transpose_pairs\master\master_work\worker_01\43758bc76157e7c5__MAS_RST.APRQ_11_0615.8-35a7374fd7-_6aywvg1,final,2.3209,2.0474,23,1,,537.752
43758bc76157e7c5,runs\transpose_pairs\master\master_work\worker_01\43758bc76157e7c5__MAS_RST.APRQ_11_0615.8-35a7374fd7-b3e65i28,final,2.3209,2.0474,23,1,,537.752
774e4b99ef1877ea,runs\transpose_pairs\master\master_work\worker_01\774e4b99ef1877ea__MAS_RST.APRQ_11_0637.5-399cc4cf38-9865k55b,final,1.6163,1.4668,27,1,,645.424
774e4b99ef1877ea,runs\transpose_pairs\master\master_work\worker_01\774e4b99ef1877ea__MAS_RST.APRQ_11_0637.5-399cc4cf38-cmjva0r9,final,1.6163,1.4668,27,1,,645.424
c1a554285a5dcd49,runs\transpose_pairs\master\master_work\worker_01\c1a554285a5dcd49__MAS_RST.APRQ_11_0677.2-fef026254a-el78tfxb,final,1.6844,1.5376,28,1,,661.746
e89162ed73f6341d,runs\transpose_pairs\master\master_work\worker_01\e89162ed73f6341d__MAS_RST.APRQ_11_0678.9-eace2e2ed9-2eqpxr7q,final,2.3939,2.1374,27,1,,647.825
e89162ed73f6341d,runs\transpose_pairs\master\master_work\worker_01\e89162ed73f6341d__MAS_RST.APRQ_11_0678.9-eace2e2ed9-sg4238cp,final,2.3939,2.1374,27,1,,647.825
fba3c76380fab1ca,runs\transpose_pairs\master\master_work\worker_01\fba3c76380fab1ca__MAS_RST.APRQ_11_0678.9-7d7e3dc14b-_s8wbzn7,final,2.3369,2.1034,25,1,,588.797
fba3c76380fab1ca,runs\transpose_pairs\master\master_work\worker_01\fba3c76380fab1ca__MAS_RST.APRQ_11_0678.9-7d7e3dc14b-oxyt3l1y,final,2.3369,2.1034,25,1,,588.797
0f0169ff0308bee2,runs\transpose_pairs\master\master_work\worker_02\0f0169ff0308bee2__MAS_RST.APRQ_11_0615.8-6c1924aff2-oqwbr2_j,final,2.2312,1.9026,26,1,,608.564
0f0169ff0308bee2,runs\transpose_pairs\master\master_work\worker_02\0f0169ff0308bee2__MAS_RST.APRQ_11_0615.8-6c1924aff2-ti_t3xgi,final,2.2312,1.9026,26,1,,608.564
297de3a3e4b3f6b0,runs\transpose_pairs\master\master_work\worker_02\297de3a3e4b3f6b0__MAS_RST.APRQ_11_0635.1-4a8c82d69a-0pt4xg1l,final,1.6549,1.4948,27,1,,632.586
297de3a3e4b3f6b0,runs\transpose_pairs\master\master_work\worker_02\297de3a3e4b3f6b0__MAS_RST.APRQ_11_0635.1-4a8c82d69a-9xs7elim,final,1.6549,1.4948,27,1,,632.586
2d71ab23cdb522e3,runs\transpose_pairs\master\master_work\worker_02\2d71ab23cdb522e3__MAS_RST.APRQ_11_0635.1-1c8280215b-xpseg547,final,3.2881,2.9657,27,0,above_ceiling,655.833
3090b88c20c924e2,runs\transpose_pairs\master\master_work\worker_02\3090b88c20c924e2__MAS_RST.APRQ_10_0635.8-537c456991-85w31vmf,final,4.5123,4.1523,27,0,above_ceiling,658.122
3090b88c20c924e2,runs\transpose_pairs\master\master_work\worker_02\3090b88c20c924e2__MAS_RST.APRQ_10_0635.8-537c456991-yoza5f2_,final,4.5123,4.1523,27,0,above_ceiling,658.122
374a6153bda00847,runs\transpose_pairs\master\master_work\worker_02\374a6153bda00847__MAS_RST.APRQ_11_0686.4-bc24e55646-0iqn5ppo,final,2.3388,2.0982,25,1,,575.732
9d7ba5cec211f2e7,runs\transpose_pairs\master\master_work\worker_02\9d7ba5cec211f2e7__MAS_RST.APRQ_11_0615.8-d5525f91c1-c5caon0v,final,2.236,1.9885,26,1,,601.51
9d7ba5cec211f2e7,runs\transpose_pairs\master\master_work\worker_02\9d7ba5cec211f2e7__MAS_RST.APRQ_11_0615.8-d5525f91c1-hxwt4gyc,final,2.236,1.9885,26,1,,601.51
a0d39738520a899f,runs\transpose_pairs\master\master_work\worker_02\a0d39738520a899f__MAS_RST.APRQ_11_0615.8-203e31b9f5-efk5b081,final,1.9722,1.6827,26,1,,608.915
a1a5c3648473eb36,runs\transpose_pairs\master\master_work\worker_02\a1a5c3648473eb36__MAS_RST.APRQ_11_0692.6-1f1af1e6bb-_x5obez5,final,2.1825,1.8898,28,1,,677.078
bf83adcadd2e5bed,runs\transpose_pairs\master\master_work\worker_02\bf83adcadd2e5bed__MAS_RST.APRQ_10_0635.8-a4fc8ca9da-csneqp6h,final,2.2462,2.0196,28,1,,686.453
bf9acb5000692a11,runs\transpose_pairs\master\master_work\worker_02\bf9acb5000692a11__MAS_RST.APRQ_11_0686.4-95868d2c33-baghre4l,final,1.6136,1.4669,28,1,,689.469
d4ab790d3df5565b,runs\transpose_pairs\master\master_work\worker_02\d4ab790d3df5565b__MAS_RST.APRQ_11_0692.6-266bb40c45-njdd1ipd,final,1.8281,1.6653,29,1,,709.972
d4ab790d3df5565b,runs\transpose_pairs\master\master_work\worker_02\d4ab790d3df5565b__MAS_RST.APRQ_11_0692.6-266bb40c45-xi_3nju7,final,1.8281,1.6653,29,1,,709.972
edb671b69c3bac60,runs\transpose_pairs\master\master_work\worker_02\edb671b69c3bac60__MAS_RST.APRQ_11_0615.8-4741a042d9-1k_6iad1,final,2.1231,1.8493,25,1,,579.911
edb671b69c3bac60,runs\transpose_pairs\master\master_work\worker_02\edb671b69c3bac60__MAS_RST.APRQ_11_0615.8-4741a042d9-787tisir,final,2.1231,1.8493,25,1,,579.911
5bea9b4cf02cf826,runs\transpose_pairs\master\master_work\worker_03\5bea9b4cf02cf826__MAS_RST.APRQ_11_0635.1-afb1addb7e-eioo96ul,final,1.6614,1.4963,27,1,,632.549
5bea9b4cf02cf826,runs\transpose_pairs\master\master_work\worker_03\5bea9b4cf02cf826__MAS_RST.APRQ_11_0635.1-afb1addb7e-kisxyssg,final,1.6614,1.4963,27,1,,632.549
73736189f0bd8227,runs\transpose_pairs\master\master_work\worker_03\73736189f0bd8227__MAS_RST.APRQ_10_0635.8-f3d62c84b0-4f0d3m22,final,4.5189,4.1591,27,0,above_ceiling,658.113
73736189f0bd8227,runs\transpose_pairs\master\master_work\worker_03\73736189f0bd8227__MAS_RST.APRQ_10_0635.8-f3d62c84b0-jsfanj8q,final,4.5189,4.1591,27,0,above_ceiling,658.113
b266ff99d48b26c7,runs\transpose_pairs\master\master_work\worker_03\b266ff99d48b26c7__MAS_RST.APRQ_11_0615.8-39c18d1ee5-a06iewrq,final,2.1041,1.8523,25,1,,580.046
b266ff99d48b26c7,runs\transpose_pairs\master\master_work\worker_03\b266ff99d48b26c7__MAS_RST.APRQ_11_0615.8-39c18d1ee5-k30dof93,final,2.1041,1.8523,25,1,,580.046
e146b3b5b3d92ecd,runs\transpose_pairs\master\master_work\worker_03\e146b3b5b3d92ecd__MAS_RST.APRQ_11_0692.6-58b51edf6a-edgr1tsk,final,1.8327,1.6624,29,1,,709.851
e146b3b5b3d92ecd,runs\transpose_pairs\master\master_work\worker_03\e146b3b5b3d92ecd__MAS_RST.APRQ_11_0692.6-58b51edf6a-f9xusq0q,final,1.8327,1.6624,29,1,,709.851
f6223cfdb2375058,runs\transpose_pairs\master\master_work\worker_03\f6223cfdb2375058__MAS_RST.APRQ_11_0615.8-a593fd73ca-jfsxd40z,final,2.2293,1.9023,26,1,,608.556
f6223cfdb2375058,runs\transpose_pairs\master\master_work\worker_03\f6223cfdb2375058__MAS_RST.APRQ_11_0615.8-a593fd73ca-pbrdh594,final,2.2293,1.9023,26,1,,608.556
f6515774814b663e,runs\transpose_pairs\master\master_work\worker_03\f6515774814b663e__MAS_RST.APRQ_11_0615.8-1860c3e77a-lktwbsn4,final,2.2355,1.98,26,1,,601.495
f6515774814b663e,runs\transpose_pairs\master\master_work\worker_03\f6515774814b663e__MAS_RST.APRQ_11_0615.8-1860c3e77a-wtcdrqij,final,2.2355,1.98,26,1,,601.495
045345ad8f2e21bd,runs\transpose_pairs\master\master_work\worker_04\045345ad8f2e21bd__MAS_RST.APRQ_11_0618.3-89c3e535d5-aav632hl,final,1.8309,1.6419,26,1,,621.948
0a5209fb613e1a78,runs\transpose_pairs\master\master_work\worker_04\0a5209fb613e1a78__MAS_RST.APRQ_11_0618.3-4d48b03df1-0qb1kni4,final,2.057,1.7939,25,1,,591.273
0a5209fb613e1a78,runs\transpose_pairs\master\master_work\worker_04\0a5209fb613e1a78__MAS_RST.APRQ_11_0618.3-4d48b03df1-6j8txtjc,final,2.057,1.7939,25,1,,591.273
0c00506ff05b0f31,runs\transpose_pairs\master\master_work\worker_04\0c00506ff05b0f31__MAS_RST.APRQ_11_0652.8-ebb01ea211-odw3blag,final,1.618,1.4651,27,1,,656.259
1015a53f79b9c9b8,runs\transpose_pairs\master\master_work\worker_04\1015a53f79b9c9b8__MAS_RST.APRQ_10_0635.8-ae392900a0-q2flkggk,final,2.0739,1.8875,26,1,,628.618
45c55a51f9bf62dd,runs\transpose_pairs\master\master_work\worker_04\45c55a51f9bf62dd__MAS_RST.APRQ_11_0688.2-e5c6a9e64d-dsgt935a,final,4.2707,3.7908,25,0,above_ceiling,589.699
45c55a51f9bf62dd,runs\transpose_pairs\master\master_work\worker_04\45c55a51f9bf62dd__MAS_RST.APRQ_11_0688.2-e5c6a9e64d-jowvlal1,final,4.2707,3.7908,25,0,above_ceiling,589.699
5abb7b390bd66ce6,runs\transpose_pairs\master\master_work\worker_04\5abb7b390bd66ce6__MAS_RST.APRQ_11_0652.8-98bd54e91f-4ta16dw2,final,1.6078,1.4661,27,1,,655.734
5abb7b390bd66ce6,runs\transpose_pairs\master\master_work\worker_04\5abb7b390bd66ce6__MAS_RST.APRQ_11_0652.8-98bd54e91f-50r3zjey,final,1.6078,1.4661,27,1,,655.734
62477e50162b78a2,runs\transpose_pairs\master\master_work\worker_04\62477e50162b78a2__MAS_RST.APRQ_11_0677.2-3567df3fde-9cp3tveq,final,1.9379,1.7691,28,1,,688.003
6c310f82ed2c667f,runs\transpose_pairs\master\master_work\worker_04\6c310f82ed2c667f__MAS_RST.APRQ_10_0635.8-000965f8b3-ha11lqqq,final,2.0006,1.7655,26,1,,622.055
6c310f82ed2c667f,runs\transpose_pairs\master\master_work\worker_04\6c310f82ed2c667f__MAS_RST.APRQ_10_0635.8-000965f8b3-teeey0yg,final,2.0006,1.7655,26,1,,622.055
7777b0e5702e7a8b,runs\transpose_pairs\master\master_work\worker_04\7777b0e5702e7a8b__MAS_RST.APRQ_11_0635.1-5640ee1245-isjzwv1c,final,1.6267,1.4548,27,1,,646.43
7777b0e5702e7a8b,runs\transpose_pairs\master\master_work\worker_04\7777b0e5702e7a8b__MAS_RST.APRQ_11_0635.1-5640ee1245-xmhpy5kx,final,1.6267,1.4548,27,1,,646.43
8075adc94d133655,runs\transpose_pairs\master\master_work\worker_04\8075adc94d133655__MAS_RST.APRQ_10_0635.8-e67c09f69b-s1jg09ln,final,2.1532,1.9374,26,1,,616.773
b56956d991419e44,runs\transpose_pairs\master\master_work\worker_04\b56956d991419e44__MAS_RST.APRQ_11_0688.2-01c91807aa-hhpvnzz8,final,3.6779,3.2637,25,0,above_ceiling,582.434
b6a124294376b2a7,runs\transpose_pairs\master\master_work\worker_04\b6a124294376b2a7__MAS_RST.APRQ_11_0630.4-abe699497e-4bexg08a,final,2.6416,2.1641,27,1,,654.819
b6a124294376b2a7,runs\transpose_pairs\master\master_work\worker_04\b6a124294376b2a7__MAS_RST.APRQ_11_0630.4-abe699497e-h4wj5gf3,final,2.6416,2.1641,27,1,,654.819
32943d3f984c402e,runs\transpose_pairs\master\master_work\worker_05\32943d3f984c402e__MAS_RST.APRQ_10_0635.8-cbf06bde78-g3j424sk,final,2.0053,1.7703,26,1,,622.207
32943d3f984c402e,runs\transpose_pairs\master\master_work\worker_05\32943d3f984c402e__MAS_RST.APRQ_10_0635.8-cbf06bde78-wp9pgfuo,final,2.0053,1.7703,26,1,,622.207
,runs\transpose_pairs\master\master_work\worker_05\54f2053edb0dd093__MAS_RST.APRQ_11_0688.2-490192d8cd-tn75wtqn,nonfinite,,,0,0,,
,runs\transpose_pairs\master\master_work\worker_05\54f2053edb0dd093__MAS_RST.APRQ_11_0688.2-490192d8cd-x42uzny_,nonfinite,,,0,0,,
8404b59bbf3f6e4a,runs\transpose_pairs\master\master_work\worker_05\8404b59bbf3f6e4a__MAS_RST.APRQ_11_0630.4-2fddef3f1d-6v_l5n4l,final,2.6265,2.1583,27,1,,655.141
8404b59bbf3f6e4a,runs\transpose_pairs\master\master_work\worker_05\8404b59bbf3f6e4a__MAS_RST.APRQ_11_0630.4-2fddef3f1d-gjdcrtoh,final,2.6265,2.1583,27,1,,655.141
a059d7094607ea3f,runs\transpose_pairs\master\master_work\worker_05\a059d7094607ea3f__MAS_RST.APRQ_11_0635.1-30f6560e6d-eis6j3ib,final,1.6339,1.459,27,1,,646.48
a059d7094607ea3f,runs\transpose_pairs\master\master_work\worker_05\a059d7094607ea3f__MAS_RST.APRQ_11_0635.1-30f6560e6d-hgvk6jbn,final,1.6339,1.459,27,1,,646.48
bda3d9bc4164ff1b,runs\transpose_pairs\master\master_work\worker_05\bda3d9bc4164ff1b__MAS_RST.APRQ_11_0618.3-3392b2740c-ji8mcggt,final,2.0636,1.8029,25,1,,591.293
bda3d9bc4164ff1b,runs\transpose_pairs\master\master_work\worker_05\bda3d9bc4164ff1b__MAS_RST.APRQ_11_0618.3-3392b2740c-yixxoikp,final,2.0636,1.8029,25,1,,591.293
d3a688a19ddd8774,runs\transpose_pairs\master\master_work\worker_05\d3a688a19ddd8774__MAS_RST.APRQ_11_0652.8-7bc0635bfe-msh_tn9h,final,1.614,1.4607,27,1,,655.709
d3a688a19ddd8774,runs\transpose_pairs\master\master_work\worker_05\d3a688a19ddd8774__MAS_RST.APRQ_11_0652.8-7bc0635bfe-qadh8tp0,final,1.614,1.4607,27,1,,655.709
30b2a3140a52118b,runs\transpose_pairs\master\master_work\worker_06\30b2a3140a52118b__MAS_RST.APRQ_11_0688.2-74def01455-3rp47h8x,final,4.7413,4.2428,28,0,above_ceiling,680.967
4e92d69a4ad4614e,runs\transpose_pairs\master\master_work\worker_06\4e92d69a4ad4614e__MAS_RST.APRQ_11_0692.6-54f14a0787-yzhmaudb,final,2.0217,1.8014,29,1,,703.964
4e92d69a4ad4614e,runs\transpose_pairs\master\master_work\worker_06\4e92d69a4ad4614e__MAS_RST.APRQ_11_0692.6-54f14a0787-zthqo7is,final,2.0217,1.8014,29,1,,703.964
6a3c972672f4fa94,runs\transpose_pairs\master\master_work\worker_06\6a3c972672f4fa94__MAS_RST.APRQ_11_0692.6-e64aca18d1-_t1epr57,final,1.6454,1.4703,29,1,,693.883
6a3c972672f4fa94,runs\transpose_pairs\master\master_work\worker_06\6a3c972672f4fa94__MAS_RST.APRQ_11_0692.6-e64aca18d1-qs33ecdy,final,1.6454,1.4703,29,1,,693.883
802d379dfc3209bb,runs\transpose_pairs\master\master_work\worker_06\802d379dfc3209bb__MAS_RST.APRQ_11_0686.4-d19fdc3d66-r24brnnq,final,2.2364,2.0191,25,1,,590.572
802d379dfc3209bb,runs\transpose_pairs\master\master_work\worker_06\802d379dfc3209bb__MAS_RST.APRQ_11_0686.4-d19fdc3d66-ttp813k1,final,2.2364,2.0191,25,1,,590.572
82d3235961f29f8c,runs\transpose_pairs\master\master_work\worker_06\82d3235961f29f8c__MAS_RST.APRQ_11_0686.4-39f969d2ee-auy4s7ft,final,4.5222,4.0165,25,0,above_ceiling,588.401
8746ca4bd58014ca,runs\transpose_pairs\master\master_work\worker_06\8746ca4bd58014ca__MAS_RST.APRQ_11_0658.9-f7af596290-9q2jz0w4,final,1.8201,1.6386,26,1,,601.083
9f71a9be954d4f75,runs\transpose_pairs\master\master_work\worker_06\9f71a9be954d4f75__MAS_RST.APRQ_11_0677.2-3622e90b1d-1kbkyzl7,final,1.7568,1.5281,28,1,,664.298
9f71a9be954d4f75,runs\transpose_pairs\master\master_work\worker_06\9f71a9be954d4f75__MAS_RST.APRQ_11_0677.2-3622e90b1d-podzuibl,final,1.7568,1.5281,28,1,,664.298
a2a4cbcd07cd26ef,runs\transpose_pairs\master\master_work\worker_06\a2a4cbcd07cd26ef__MAS_RST.APRQ_11_0677.2-91ae0d23d9-w0dbe1yo,final,1.7832,1.6127,27,1,,656.632
ab01fdc42b5d4484,runs\transpose_pairs\master\master_work\worker_06\ab01fdc42b5d4484__MAS_RST.APRQ_11_0692.6-76f3259ccd-0rkhpkk3,final,1.7032,1.515,29,1,,696.896
bf1abd65fc65e3dc,runs\transpose_pairs\master\master_work\worker_06\bf1abd65fc65e3dc__MAS_RST.APRQ_11_0658.9-34508d2625-1ygjs5vt,final,1.7123,1.53,27,1,,642.632
e2aa4a012f46c351,runs\transpose_pairs\master\master_work\worker_06\e2aa4a012f46c351__MAS_RST.APRQ_11_0637.5-5886fc204c-byf1755p,final,1.6781,1.5364,27,1,,635.523
e2aa4a012f46c351,runs\transpose_pairs\master\master_work\worker_06\e2aa4a012f46c351__MAS_RST.APRQ_11_0637.5-5886fc204c-ph67jsaa,final,1.6781,1.5364,27,1,,635.523
f2a6083a68599f2c,runs\transpose_pairs\master\master_work\worker_06\f2a6083a68599f2c__MAS_RST.APRQ_11_0652.8-812b6665c8-vo5c9r96,final,1.9357,1.7298,27,1,,649.658
f2a6083a68599f2c,runs\transpose_pairs\master\master_work\worker_06\f2a6083a68599f2c__MAS_RST.APRQ_11_0652.8-812b6665c8-xj1wnvyn,final,1.9357,1.7298,27,1,,649.658
2369be31cf941b0a,runs\transpose_pairs\master\master_work\worker_07\2369be31cf941b0a__MAS_RST.APRQ_11_0677.2-06323615c8-33x4jg07,final,1.7488,1.524,28,1,,664.357
2369be31cf941b0a,runs\transpose_pairs\master\master_work\worker_07\2369be31cf941b0a__MAS_RST.APRQ_11_0677.2-06323615c8-dh737bop,final,1.7488,1.524,28,1,,664.357
,runs\transpose_pairs\master\master_work\worker_07\30aacdfabc8df495__MAS_RST.APRQ_11_0686.4-38580aad5d-05o84g4q,nonfinite,,,0,0,,
,runs\transpose_pairs\master\master_work\worker_07\30aacdfabc8df495__MAS_RST.APRQ_11_0686.4-38580aad5d-u8op61ed,nonfinite,,,0,0,,
9b919932fd3c9d13,runs\transpose_pairs\master\master_work\worker_07\9b919932fd3c9d13__MAS_RST.APRQ_11_0637.5-6fae0b584b-fhuvhr6k,final,1.6775,1.5301,27,1,,635.448
9b919932fd3c9d13,runs\transpose_pairs\master\master_work\worker_07\9b919932fd3c9d13__MAS_RST.APRQ_11_0637.5-6fae0b584b-mgl6v6ax,final,1.6775,1.5301,27,1,,635.448
d9dd1f26d14dab6b,runs\transpose_pairs\master\master_work\worker_07\d9dd1f26d14dab6b__MAS_RST.APRQ_11_0692.6-139682f85b-nnzlm_b0,final,2.0244,1.8038,29,1,,703.746
d9dd1f26d14dab6b,runs\transpose_pairs\master\master_work\worker_07\d9dd1f26d14dab6b__MAS_RST.APRQ_11_0692.6-139682f85b-vg7itbce,final,2.0244,1.8038,29,1,,703.746
fc4fe7f4c112dde6,runs\transpose_pairs\master\master_work\worker_07\fc4fe7f4c112dde6__MAS_RST.APRQ_11_0652.8-f8fa2383f1-fdhvh1jm,final,1.9014,1.6991,27,1,,649.602
fc4fe7f4c112dde6,runs\transpose_pairs\master\master_work\worker_07\fc4fe7f4c112dde6__MAS_RST.APRQ_11_0652.8-f8fa2383f1-qrztl0lh,final,1.9014,1.6991,27,1,,649.602
fe849b0f0e9624ce,runs\transpose_pairs\master\master_work\worker_07\fe849b0f0e9624ce__MAS_RST.APRQ_11_0692.6-d7b3a27f0f-pndi988p,final,1.6521,1.4757,29,1,,693.808
fe849b0f0e9624ce,runs\transpose_pairs\master\master_work\worker_07\fe849b0f0e9624ce__MAS_RST.APRQ_11_0692.6-d7b3a27f0f-yhna6fvc,final,1.6521,1.4757,29,1,,693.808
645af8167aeedeb2,runs\v520\master_work\worker_00\645af8167aeedeb2__MAS_RST.APRQ_11_0635.1-1c1180ac40-rbn1dvl6,final,1.6222,1.4448,27,1,,634.52
e73dc7eb6bbfd6ac,runs\v520\master_work\worker_00\e73dc7eb6bbfd6ac__MAS_RST.APRQ_11_0635.1-327e66e4eb-ujlb83ix,final,1.5572,1.4041,27,1,,634.9
e988ea4512f91489,runs\v520\master_work\worker_00\e988ea4512f91489__MAS_RST.APRQ_11_0635.1-ef2d7238dd-6f_juquq,final,1.5851,1.4266,27,1,,636.961
15f58e2d5a7e5bce,runs\v520\master_work\worker_01\15f58e2d5a7e5bce__MAS_RST.APRQ_11_0635.1-fb9d64f576-0gff9kxn,final,1.6638,1.4777,27,1,,635.484
c6ae8beb4f44821c,runs\v520\master_work\worker_01\c6ae8beb4f44821c__MAS_RST.APRQ_11_0635.1-a37433ad5a-vg7awe8t,final,1.5787,1.4201,27,1,,635.853
c826b38ba6487280,runs\v520\master_work\worker_01\c826b38ba6487280__MAS_RST.APRQ_11_0635.1-bb0570ef08-9z5m24ge,final,1.6029,1.4465,27,1,,635.939
aaf77fea42e4708a,runs\v520\master_work\worker_02\aaf77fea42e4708a__MAS_RST.APRQ_11_0635.1-58f89d61a8-6wqon9hv,final,1.675,1.509,27,1,,633.831
c4dabd48460be800,runs\v520\master_work\worker_02\c4dabd48460be800__MAS_RST.APRQ_11_0635.1-290cc8092e-gcauke62,final,1.5804,1.4229,27,1,,635.953
f71443f6242d5531,runs\v520\master_work\worker_02\f71443f6242d5531__MAS_RST.APRQ_11_0635.1-9db1f74059-2aqxwggt,final,1.7023,1.5348,27,1,,635.725
12feabfd48f653d9,runs\v520\master_work\worker_03\12feabfd48f653d9__MAS_RST.APRQ_11_0635.1-54e363b3b1-o_9v45zw,final,1.6406,1.4283,27,1,,636.495
569cc9f5bfed31a2,runs\v520\master_work\worker_03\569cc9f5bfed31a2__MAS_RST.APRQ_11_0635.1-c65ba634af-ml_3olsk,final,1.6277,1.4676,27,1,,634.883
bbef141b609f4d8a,runs\v520\master_work\worker_03\bbef141b609f4d8a__MAS_RST.APRQ_11_0635.1-181c1dcb34-4hh726g_,final,1.5754,1.4175,27,1,,636.083
0db31dda25ca675f,runs\v520\master_work\worker_04\0db31dda25ca675f__MAS_RST.APRQ_11_0635.1-eeaa846c6b-ny4jncax,final,1.6504,1.4833,27,1,,634.178
5eeffcb06fa20bdd,runs\v520\master_work\worker_04\5eeffcb06fa20bdd__MAS_RST.APRQ_11_0635.1-a0abe865f3-n8_db2y4,final,1.5766,1.4185,27,1,,635.925
782ed0fe9e8fc275,runs\v520\master_work\worker_05\782ed0fe9e8fc275__MAS_RST.APRQ_11_0635.1-49cb2203a5-a_77b5f3,final,1.5992,1.4328,27,1,,636.021
c0596c0f2c0bd765,runs\v520\master_work\worker_05\c0596c0f2c0bd765__MAS_RST.APRQ_11_0635.1-5a525c06db-gvwpa4gl,final,1.5808,1.4224,27,1,,635.787
406b685785e25d4b,runs\v520\master_work\worker_06\406b685785e25d4b__MAS_RST.APRQ_11_0635.1-2cc34aa1d0-0ozushvc,final,1.5769,1.4135,27,1,,634.751
e8aca4ae0c9aa596,runs\v520\master_work\worker_06\e8aca4ae0c9aa596__MAS_RST.APRQ_11_0635.1-ec55051ec5-a4o6b1rh,final,1.5662,1.4096,27,1,,636.404
dfd49484c79bce08,runs\v520\master_work\worker_07\dfd49484c79bce08__MAS_RST.APRQ_11_0635.1-67ff504cde-k_43h7m0,final,1.5733,1.4154,27,1,,635.912
e4a6fb35755f8de8,runs\v520\master_work\worker_07\e4a6fb35755f8de8__MAS_RST.APRQ_11_0635.1-ae6b10df31-00hm4fen,final,1.7444,1.5742,27,1,,634.182
493e2916f2204e3a,runs\v520_b3\master_work\worker_00\493e2916f2204e3a__MAS_RST.APRQ_11_0635.1-d5c834220c-awxr47j2,final,1.5789,1.4085,27,1,,634.71
b0ed42ec0546eab6,runs\v520_b3\master_work\worker_00\b0ed42ec0546eab6__MAS_RST.APRQ_11_0635.1-ac63e09e23-k8q1q9rb,final,1.5549,1.4021,27,1,,635.21
f5b8ebfbab4a47dc,runs\v520_b3\master_work\worker_00\f5b8ebfbab4a47dc__MAS_RST.APRQ_11_0635.1-d64a34043e-qc5njozn,final,1.5729,1.415,27,1,,635.899
4a3216509cd3480e,runs\v520_b3\master_work\worker_01\4a3216509cd3480e__MAS_RST.APRQ_11_0635.1-9f5bf01861-s817wc4a,final,1.5772,1.4189,27,1,,635.936
b9e8a549c1c644ac,runs\v520_b3\master_work\worker_01\b9e8a549c1c644ac__MAS_RST.APRQ_11_0635.1-307ae71be4-1uz5f6td,final,1.5916,1.4198,27,1,,635.837
ccab81c992d3804e,runs\v520_b3\master_work\worker_01\ccab81c992d3804e__MAS_RST.APRQ_11_0635.1-cbfdfd6564-odj7qy6i,final,1.5576,1.4045,27,1,,634.936
0af2b094a9c18471,runs\v520_b3\master_work\worker_02\0af2b094a9c18471__MAS_RST.APRQ_11_0635.1-b308c5138b-k1irgto8,final,1.6497,1.4336,27,1,,633.924
15cf95e718d4c114,runs\v520_b3\master_work\worker_02\15cf95e718d4c114__MAS_RST.APRQ_11_0635.1-ca8820dd5f-bbmkn5vu,final,1.5757,1.4144,27,1,,635.995
641a3130d7ae1ff2,runs\v520_b3\master_work\worker_02\641a3130d7ae1ff2__MAS_RST.APRQ_11_0635.1-e33904e7b2-70cc0pjt,final,1.7558,1.6092,27,1,,636.549
8c3aed0eb83ea794,runs\v520_b3\master_work\worker_03\8c3aed0eb83ea794__MAS_RST.APRQ_11_0635.1-0236d6aea4-4qitknms,final,1.5871,1.4278,27,1,,635.546
d2ad521af287c0a5,runs\v520_b3\master_work\worker_03\d2ad521af287c0a5__MAS_RST.APRQ_11_0635.1-4c83ed3ae9-96wu3nz4,final,1.5811,1.399,27,1,,635.547
ec682c2cb1aafeb2,runs\v520_b3\master_work\worker_03\ec682c2cb1aafeb2__MAS_RST.APRQ_11_0635.1-88babe9883-m79ljtab,final,1.5732,1.4137,27,1,,636.085
1c61b26e4d5116b0,runs\v520_b3\master_work\worker_04\1c61b26e4d5116b0__MAS_RST.APRQ_11_0635.1-6e5cd11002-jqx5_mb4,final,1.5807,1.4233,27,1,,636.011
5c20a179f091cc18,runs\v520_b3\master_work\worker_04\5c20a179f091cc18__MAS_RST.APRQ_11_0635.1-d292c9e46c-1nbnsz7g,final,1.5753,1.4175,27,1,,635.871
754f65e82d076af2,runs\v520_b3\master_work\worker_05\754f65e82d076af2__MAS_RST.APRQ_11_0635.1-dd087e8b75-h2ylun77,final,1.5973,1.4391,27,1,,634.527
ee8139603269b578,runs\v520_b3\master_work\worker_05\ee8139603269b578__MAS_RST.APRQ_11_0635.1-b0f6c125e8-j2cv9wtf,final,1.573,1.4158,27,1,,636.095
22d116bab9c46045,runs\v520_b3\master_work\worker_06\22d116bab9c46045__MAS_RST.APRQ_11_0635.1-121614da3a-61m7bsdh,final,1.6002,1.4425,27,1,,635.829
3a8539afbc0c2d73,runs\v520_b3\master_work\worker_06\3a8539afbc0c2d73__MAS_RST.APRQ_11_0635.1-ebc79f4bdb-gbu4p6jh,final,1.5571,1.404,27,1,,634.893
7a15602a579e77c8,runs\v520_b3\master_work\worker_07\7a15602a579e77c8__MAS_RST.APRQ_11_0635.1-675601a896-sw5jbgzp,final,1.5646,1.4103,27,1,,636.288
b28fe8159df922ad,runs\v520_b3\master_work\worker_07\b28fe8159df922ad__MAS_RST.APRQ_11_0635.1-995b11b0e1-d_9ir3la,final,1.5442,1.3916,27,1,,634.22
