digest16,work_dir,cycle_evidence,f_xy,f_xya,n_steps,sane,reason,efpd_max,key_source
,..\2_LP\LOW_Fr_MASTER_result\regen\00ecd022ec21\cy01,superseded,,,0,0,,,
4dfbe7e0ea7fc733,..\2_LP\LOW_Fr_MASTER_result\regen\00ecd022ec21\cy02,superseded,,,0,0,,,deck
4dfbe7e0ea7fc733,..\2_LP\LOW_Fr_MASTER_result\regen\00ecd022ec21\cy03,superseded,,,0,0,,,deck
4dfbe7e0ea7fc733,..\2_LP\LOW_Fr_MASTER_result\regen\00ecd022ec21\cy04,superseded,,,0,0,,,deck
4dfbe7e0ea7fc733,..\2_LP\LOW_Fr_MASTER_result\regen\00ecd022ec21\cy05,superseded,,,0,0,,,deck
4dfbe7e0ea7fc733,..\2_LP\LOW_Fr_MASTER_result\regen\00ecd022ec21\cy06,superseded,,,0,0,,,deck
4dfbe7e0ea7fc733,..\2_LP\LOW_Fr_MASTER_result\regen\00ecd022ec21\cy07,superseded,,,0,0,,,deck
4dfbe7e0ea7fc733,..\2_LP\LOW_Fr_MASTER_result\regen\00ecd022ec21\cy08,superseded,,,0,0,,,deck
4dfbe7e0ea7fc733,..\2_LP\LOW_Fr_MASTER_result\regen\00ecd022ec21\cy09,superseded,,,0,0,,,deck
4dfbe7e0ea7fc733,..\2_LP\LOW_Fr_MASTER_result\regen\00ecd022ec21\cy10,superseded,,,0,0,,,deck
4dfbe7e0ea7fc733,..\2_LP\LOW_Fr_MASTER_result\regen\00ecd022ec21\cy11,superseded,,,0,0,,,deck
4dfbe7e0ea7fc733,..\2_LP\LOW_Fr_MASTER_result\regen\00ecd022ec21\cy12,regen:cy12/12,1.6307,1.4437,25,1,,618.074,deck
,..\2_LP\LOW_Fr_MASTER_result\regen\011d71e95aaf\cy01,superseded,,,0,0,,,
a01820d013841778,..\2_LP\LOW_Fr_MASTER_result\regen\011d71e95aaf\cy02,superseded,,,0,0,,,deck
a01820d013841778,..\2_LP\LOW_Fr_MASTER_result\regen\011d71e95aaf\cy03,superseded,,,0,0,,,deck
a01820d013841778,..\2_LP\LOW_Fr_MASTER_result\regen\011d71e95aaf\cy04,superseded,,,0,0,,,deck
a01820d013841778,..\2_LP\LOW_Fr_MASTER_result\regen\011d71e95aaf\cy05,superseded,,,0,0,,,deck
a01820d013841778,..\2_LP\LOW_Fr_MASTER_result\regen\011d71e95aaf\cy06,superseded,,,0,0,,,deck
a01820d013841778,..\2_LP\LOW_Fr_MASTER_result\regen\011d71e95aaf\cy07,superseded,,,0,0,,,deck
a01820d013841778,..\2_LP\LOW_Fr_MASTER_result\regen\011d71e95aaf\cy08,superseded,,,0,0,,,deck
a01820d013841778,..\2_LP\LOW_Fr_MASTER_result\regen\011d71e95aaf\cy09,superseded,,,0,0,,,deck
a01820d013841778,..\2_LP\LOW_Fr_MASTER_result\regen\011d71e95aaf\cy10,superseded,,,0,0,,,deck
a01820d013841778,..\2_LP\LOW_Fr_MASTER_result\regen\011d71e95aaf\cy11,superseded,,,0,0,,,deck
a01820d013841778,..\2_LP\LOW_Fr_MASTER_result\regen\011d71e95aaf\cy12,regen:cy12/12,1.7796,1.5719,25,1,,622.087,deck
,..\2_LP\LOW_Fr_MASTER_result\regen\019ba6251c4a\cy01,superseded,,,0,0,,,
7773e0d1d255de42,..\2_LP\LOW_Fr_MASTER_result\regen\019ba6251c4a\cy02,superseded,,,0,0,,,deck
7773e0d1d255de42,..\2_LP\LOW_Fr_MASTER_result\regen\019ba6251c4a\cy03,superseded,,,0,0,,,deck
7773e0d1d255de42,..\2_LP\LOW_Fr_MASTER_result\regen\019ba6251c4a\cy04,superseded,,,0,0,,,deck
7773e0d1d255de42,..\2_LP\LOW_Fr_MASTER_result\regen\019ba6251c4a\cy05,superseded,,,0,0,,,deck
7773e0d1d255de42,..\2_LP\LOW_Fr_MASTER_result\regen\019ba6251c4a\cy06,superseded,,,0,0,,,deck
7773e0d1d255de42,..\2_LP\LOW_Fr_MASTER_result\regen\019ba6251c4a\cy07,superseded,,,0,0,,,deck
7773e0d1d255de42,..\2_LP\LOW_Fr_MASTER_result\regen\019ba6251c4a\cy08,superseded,,,0,0,,,deck
7773e0d1d255de42,..\2_LP\LOW_Fr_MASTER_result\regen\019ba6251c4a\cy09,superseded,,,0,0,,,deck
7773e0d1d255de42,..\2_LP\LOW_Fr_MASTER_result\regen\019ba6251c4a\cy10,superseded,,,0,0,,,deck
7773e0d1d255de42,..\2_LP\LOW_Fr_MASTER_result\regen\019ba6251c4a\cy11,superseded,,,0,0,,,deck
7773e0d1d255de42,..\2_LP\LOW_Fr_MASTER_result\regen\019ba6251c4a\cy12,regen:cy12/12,1.6145,1.4802,25,1,,622.119,deck
,..\2_LP\LOW_Fr_MASTER_result\regen\01a57f147219\cy01,superseded,,,0,0,,,
26e57ee3048fc878,..\2_LP\LOW_Fr_MASTER_result\regen\01a57f147219\cy02,superseded,,,0,0,,,deck
26e57ee3048fc878,..\2_LP\LOW_Fr_MASTER_result\regen\01a57f147219\cy03,superseded,,,0,0,,,deck
26e57ee3048fc878,..\2_LP\LOW_Fr_MASTER_result\regen\01a57f147219\cy04,superseded,,,0,0,,,deck
26e57ee3048fc878,..\2_LP\LOW_Fr_MASTER_result\regen\01a57f147219\cy05,superseded,,,0,0,,,deck
26e57ee3048fc878,..\2_LP\LOW_Fr_MASTER_result\regen\01a57f147219\cy06,superseded,,,0,0,,,deck
26e57ee3048fc878,..\2_LP\LOW_Fr_MASTER_result\regen\01a57f147219\cy07,superseded,,,0,0,,,deck
26e57ee3048fc878,..\2_LP\LOW_Fr_MASTER_result\regen\01a57f147219\cy08,superseded,,,0,0,,,deck
26e57ee3048fc878,..\2_LP\LOW_Fr_MASTER_result\regen\01a57f147219\cy09,superseded,,,0,0,,,deck
26e57ee3048fc878,..\2_LP\LOW_Fr_MASTER_result\regen\01a57f147219\cy10,superseded,,,0,0,,,deck
26e57ee3048fc878,..\2_LP\LOW_Fr_MASTER_result\regen\01a57f147219\cy11,regen:cy11/11,1.9185,1.731,25,1,,614.917,deck
,..\2_LP\LOW_Fr_MASTER_result\regen\03173a0e48c4\cy01,superseded,,,0,0,,,
6a848bbe5876b416,..\2_LP\LOW_Fr_MASTER_result\regen\03173a0e48c4\cy02,superseded,,,0,0,,,deck
6a848bbe5876b416,..\2_LP\LOW_Fr_MASTER_result\regen\03173a0e48c4\cy03,superseded,,,0,0,,,deck
6a848bbe5876b416,..\2_LP\LOW_Fr_MASTER_result\regen\03173a0e48c4\cy04,superseded,,,0,0,,,deck
6a848bbe5876b416,..\2_LP\LOW_Fr_MASTER_result\regen\03173a0e48c4\cy05,superseded,,,0,0,,,deck
6a848bbe5876b416,..\2_LP\LOW_Fr_MASTER_result\regen\03173a0e48c4\cy06,superseded,,,0,0,,,deck
6a848bbe5876b416,..\2_LP\LOW_Fr_MASTER_result\regen\03173a0e48c4\cy07,superseded,,,0,0,,,deck
6a848bbe5876b416,..\2_LP\LOW_Fr_MASTER_result\regen\03173a0e48c4\cy08,superseded,,,0,0,,,deck
6a848bbe5876b416,..\2_LP\LOW_Fr_MASTER_result\regen\03173a0e48c4\cy09,superseded,,,0,0,,,deck
6a848bbe5876b416,..\2_LP\LOW_Fr_MASTER_result\regen\03173a0e48c4\cy10,superseded,,,0,0,,,deck
6a848bbe5876b416,..\2_LP\LOW_Fr_MASTER_result\regen\03173a0e48c4\cy11,superseded,,,0,0,,,deck
6a848bbe5876b416,..\2_LP\LOW_Fr_MASTER_result\regen\03173a0e48c4\cy12,regen:cy12/12,1.6508,1.4745,25,1,,619.917,deck
,..\2_LP\LOW_Fr_MASTER_result\regen\0336087ec5f8\cy01,superseded,,,0,0,,,
b2cf499e9ede0bc2,..\2_LP\LOW_Fr_MASTER_result\regen\0336087ec5f8\cy02,superseded,,,0,0,,,deck
b2cf499e9ede0bc2,..\2_LP\LOW_Fr_MASTER_result\regen\0336087ec5f8\cy03,superseded,,,0,0,,,deck
b2cf499e9ede0bc2,..\2_LP\LOW_Fr_MASTER_result\regen\0336087ec5f8\cy04,superseded,,,0,0,,,deck
b2cf499e9ede0bc2,..\2_LP\LOW_Fr_MASTER_result\regen\0336087ec5f8\cy05,superseded,,,0,0,,,deck
b2cf499e9ede0bc2,..\2_LP\LOW_Fr_MASTER_result\regen\0336087ec5f8\cy06,superseded,,,0,0,,,deck
b2cf499e9ede0bc2,..\2_LP\LOW_Fr_MASTER_result\regen\0336087ec5f8\cy07,superseded,,,0,0,,,deck
b2cf499e9ede0bc2,..\2_LP\LOW_Fr_MASTER_result\regen\0336087ec5f8\cy08,superseded,,,0,0,,,deck
b2cf499e9ede0bc2,..\2_LP\LOW_Fr_MASTER_result\regen\0336087ec5f8\cy09,superseded,,,0,0,,,deck
b2cf499e9ede0bc2,..\2_LP\LOW_Fr_MASTER_result\regen\0336087ec5f8\cy10,superseded,,,0,0,,,deck
b2cf499e9ede0bc2,..\2_LP\LOW_Fr_MASTER_result\regen\0336087ec5f8\cy11,superseded,,,0,0,,,deck
b2cf499e9ede0bc2,..\2_LP\LOW_Fr_MASTER_result\regen\0336087ec5f8\cy12,regen:cy12/12,1.6076,1.4559,25,1,,619.464,deck
,..\2_LP\LOW_Fr_MASTER_result\regen\03b4eb8e5cf0\cy01,superseded,,,0,0,,,
e2fb019e1ca9c4e3,..\2_LP\LOW_Fr_MASTER_result\regen\03b4eb8e5cf0\cy02,superseded,,,0,0,,,deck
e2fb019e1ca9c4e3,..\2_LP\LOW_Fr_MASTER_result\regen\03b4eb8e5cf0\cy03,superseded,,,0,0,,,deck
e2fb019e1ca9c4e3,..\2_LP\LOW_Fr_MASTER_result\regen\03b4eb8e5cf0\cy04,superseded,,,0,0,,,deck
e2fb019e1ca9c4e3,..\2_LP\LOW_Fr_MASTER_result\regen\03b4eb8e5cf0\cy05,superseded,,,0,0,,,deck
e2fb019e1ca9c4e3,..\2_LP\LOW_Fr_MASTER_result\regen\03b4eb8e5cf0\cy06,superseded,,,0,0,,,deck
e2fb019e1ca9c4e3,..\2_LP\LOW_Fr_MASTER_result\regen\03b4eb8e5cf0\cy07,superseded,,,0,0,,,deck
e2fb019e1ca9c4e3,..\2_LP\LOW_Fr_MASTER_result\regen\03b4eb8e5cf0\cy08,superseded,,,0,0,,,deck
e2fb019e1ca9c4e3,..\2_LP\LOW_Fr_MASTER_result\regen\03b4eb8e5cf0\cy09,superseded,,,0,0,,,deck
e2fb019e1ca9c4e3,..\2_LP\LOW_Fr_MASTER_result\regen\03b4eb8e5cf0\cy10,superseded,,,0,0,,,deck
e2fb019e1ca9c4e3,..\2_LP\LOW_Fr_MASTER_result\regen\03b4eb8e5cf0\cy11,superseded,,,0,0,,,deck
e2fb019e1ca9c4e3,..\2_LP\LOW_Fr_MASTER_result\regen\03b4eb8e5cf0\cy12,regen:cy12/12,1.717,1.5382,25,1,,614.606,deck
,..\2_LP\LOW_Fr_MASTER_result\regen\040bea4d9a7f\cy01,superseded,,,0,0,,,
f4f353308aa623c1,..\2_LP\LOW_Fr_MASTER_result\regen\040bea4d9a7f\cy02,superseded,,,0,0,,,deck
f4f353308aa623c1,..\2_LP\LOW_Fr_MASTER_result\regen\040bea4d9a7f\cy03,superseded,,,0,0,,,deck
f4f353308aa623c1,..\2_LP\LOW_Fr_MASTER_result\regen\040bea4d9a7f\cy04,superseded,,,0,0,,,deck
f4f353308aa623c1,..\2_LP\LOW_Fr_MASTER_result\regen\040bea4d9a7f\cy05,superseded,,,0,0,,,deck
f4f353308aa623c1,..\2_LP\LOW_Fr_MASTER_result\regen\040bea4d9a7f\cy06,superseded,,,0,0,,,deck
f4f353308aa623c1,..\2_LP\LOW_Fr_MASTER_result\regen\040bea4d9a7f\cy07,superseded,,,0,0,,,deck
f4f353308aa623c1,..\2_LP\LOW_Fr_MASTER_result\regen\040bea4d9a7f\cy08,superseded,,,0,0,,,deck
f4f353308aa623c1,..\2_LP\LOW_Fr_MASTER_result\regen\040bea4d9a7f\cy09,superseded,,,0,0,,,deck
f4f353308aa623c1,..\2_LP\LOW_Fr_MASTER_result\regen\040bea4d9a7f\cy10,superseded,,,0,0,,,deck
f4f353308aa623c1,..\2_LP\LOW_Fr_MASTER_result\regen\040bea4d9a7f\cy11,regen:cy11/11,1.7825,1.563,25,1,,617.872,deck
,..\2_LP\LOW_Fr_MASTER_result\regen\04352ed26fef\cy01,superseded,,,0,0,,,
a2d0440de390001f,..\2_LP\LOW_Fr_MASTER_result\regen\04352ed26fef\cy02,superseded,,,0,0,,,deck
a2d0440de390001f,..\2_LP\LOW_Fr_MASTER_result\regen\04352ed26fef\cy03,superseded,,,0,0,,,deck
a2d0440de390001f,..\2_LP\LOW_Fr_MASTER_result\regen\04352ed26fef\cy04,superseded,,,0,0,,,deck
a2d0440de390001f,..\2_LP\LOW_Fr_MASTER_result\regen\04352ed26fef\cy05,superseded,,,0,0,,,deck
a2d0440de390001f,..\2_LP\LOW_Fr_MASTER_result\regen\04352ed26fef\cy06,superseded,,,0,0,,,deck
a2d0440de390001f,..\2_LP\LOW_Fr_MASTER_result\regen\04352ed26fef\cy07,superseded,,,0,0,,,deck
a2d0440de390001f,..\2_LP\LOW_Fr_MASTER_result\regen\04352ed26fef\cy08,superseded,,,0,0,,,deck
a2d0440de390001f,..\2_LP\LOW_Fr_MASTER_result\regen\04352ed26fef\cy09,superseded,,,0,0,,,deck
a2d0440de390001f,..\2_LP\LOW_Fr_MASTER_result\regen\04352ed26fef\cy10,superseded,,,0,0,,,deck
a2d0440de390001f,..\2_LP\LOW_Fr_MASTER_result\regen\04352ed26fef\cy11,superseded,,,0,0,,,deck
a2d0440de390001f,..\2_LP\LOW_Fr_MASTER_result\regen\04352ed26fef\cy12,regen:cy12/12,1.7213,1.5116,25,1,,621.212,deck
,..\2_LP\LOW_Fr_MASTER_result\regen\047f26f86333\cy01,superseded,,,0,0,,,
ac1f0887c8375278,..\2_LP\LOW_Fr_MASTER_result\regen\047f26f86333\cy02,superseded,,,0,0,,,deck
ac1f0887c8375278,..\2_LP\LOW_Fr_MASTER_result\regen\047f26f86333\cy03,superseded,,,0,0,,,deck
ac1f0887c8375278,..\2_LP\LOW_Fr_MASTER_result\regen\047f26f86333\cy04,superseded,,,0,0,,,deck
ac1f0887c8375278,..\2_LP\LOW_Fr_MASTER_result\regen\047f26f86333\cy05,superseded,,,0,0,,,deck
ac1f0887c8375278,..\2_LP\LOW_Fr_MASTER_result\regen\047f26f86333\cy06,superseded,,,0,0,,,deck
ac1f0887c8375278,..\2_LP\LOW_Fr_MASTER_result\regen\047f26f86333\cy07,superseded,,,0,0,,,deck
ac1f0887c8375278,..\2_LP\LOW_Fr_MASTER_result\regen\047f26f86333\cy08,superseded,,,0,0,,,deck
ac1f0887c8375278,..\2_LP\LOW_Fr_MASTER_result\regen\047f26f86333\cy09,superseded,,,0,0,,,deck
ac1f0887c8375278,..\2_LP\LOW_Fr_MASTER_result\regen\047f26f86333\cy10,regen:cy10/10,1.5953,1.4477,25,1,,623.577,deck
,..\2_LP\LOW_Fr_MASTER_result\regen\049f46cb80aa\cy01,superseded,,,0,0,,,
4e178a42186285e8,..\2_LP\LOW_Fr_MASTER_result\regen\049f46cb80aa\cy02,superseded,,,0,0,,,deck
4e178a42186285e8,..\2_LP\LOW_Fr_MASTER_result\regen\049f46cb80aa\cy03,superseded,,,0,0,,,deck
4e178a42186285e8,..\2_LP\LOW_Fr_MASTER_result\regen\049f46cb80aa\cy04,superseded,,,0,0,,,deck
4e178a42186285e8,..\2_LP\LOW_Fr_MASTER_result\regen\049f46cb80aa\cy05,superseded,,,0,0,,,deck
4e178a42186285e8,..\2_LP\LOW_Fr_MASTER_result\regen\049f46cb80aa\cy06,superseded,,,0,0,,,deck
4e178a42186285e8,..\2_LP\LOW_Fr_MASTER_result\regen\049f46cb80aa\cy07,superseded,,,0,0,,,deck
4e178a42186285e8,..\2_LP\LOW_Fr_MASTER_result\regen\049f46cb80aa\cy08,superseded,,,0,0,,,deck
4e178a42186285e8,..\2_LP\LOW_Fr_MASTER_result\regen\049f46cb80aa\cy09,superseded,,,0,0,,,deck
4e178a42186285e8,..\2_LP\LOW_Fr_MASTER_result\regen\049f46cb80aa\cy10,superseded,,,0,0,,,deck
4e178a42186285e8,..\2_LP\LOW_Fr_MASTER_result\regen\049f46cb80aa\cy11,regen:cy11/11,1.6089,1.4741,25,1,,622.141,deck
,..\2_LP\LOW_Fr_MASTER_result\regen\0523ac9d5713\cy01,superseded,,,0,0,,,
b88f6dfcbd036e44,..\2_LP\LOW_Fr_MASTER_result\regen\0523ac9d5713\cy02,superseded,,,0,0,,,deck
b88f6dfcbd036e44,..\2_LP\LOW_Fr_MASTER_result\regen\0523ac9d5713\cy03,superseded,,,0,0,,,deck
b88f6dfcbd036e44,..\2_LP\LOW_Fr_MASTER_result\regen\0523ac9d5713\cy04,superseded,,,0,0,,,deck
b88f6dfcbd036e44,..\2_LP\LOW_Fr_MASTER_result\regen\0523ac9d5713\cy05,superseded,,,0,0,,,deck
b88f6dfcbd036e44,..\2_LP\LOW_Fr_MASTER_result\regen\0523ac9d5713\cy06,superseded,,,0,0,,,deck
b88f6dfcbd036e44,..\2_LP\LOW_Fr_MASTER_result\regen\0523ac9d5713\cy07,superseded,,,0,0,,,deck
b88f6dfcbd036e44,..\2_LP\LOW_Fr_MASTER_result\regen\0523ac9d5713\cy08,superseded,,,0,0,,,deck
b88f6dfcbd036e44,..\2_LP\LOW_Fr_MASTER_result\regen\0523ac9d5713\cy09,superseded,,,0,0,,,deck
b88f6dfcbd036e44,..\2_LP\LOW_Fr_MASTER_result\regen\0523ac9d5713\cy10,superseded,,,0,0,,,deck
b88f6dfcbd036e44,..\2_LP\LOW_Fr_MASTER_result\regen\0523ac9d5713\cy11,superseded,,,0,0,,,deck
b88f6dfcbd036e44,..\2_LP\LOW_Fr_MASTER_result\regen\0523ac9d5713\cy12,regen:cy12/12,1.6847,1.5347,25,1,,614.548,deck
,..\2_LP\LOW_Fr_MASTER_result\regen\05778598b88e\cy01,superseded,,,0,0,,,
c34de455e1b6890c,..\2_LP\LOW_Fr_MASTER_result\regen\05778598b88e\cy02,superseded,,,0,0,,,deck
c34de455e1b6890c,..\2_LP\LOW_Fr_MASTER_result\regen\05778598b88e\cy03,superseded,,,0,0,,,deck
c34de455e1b6890c,..\2_LP\LOW_Fr_MASTER_result\regen\05778598b88e\cy04,superseded,,,0,0,,,deck
c34de455e1b6890c,..\2_LP\LOW_Fr_MASTER_result\regen\05778598b88e\cy05,superseded,,,0,0,,,deck
c34de455e1b6890c,..\2_LP\LOW_Fr_MASTER_result\regen\05778598b88e\cy06,superseded,,,0,0,,,deck
c34de455e1b6890c,..\2_LP\LOW_Fr_MASTER_result\regen\05778598b88e\cy07,superseded,,,0,0,,,deck
c34de455e1b6890c,..\2_LP\LOW_Fr_MASTER_result\regen\05778598b88e\cy08,superseded,,,0,0,,,deck
c34de455e1b6890c,..\2_LP\LOW_Fr_MASTER_result\regen\05778598b88e\cy09,superseded,,,0,0,,,deck
c34de455e1b6890c,..\2_LP\LOW_Fr_MASTER_result\regen\05778598b88e\cy10,superseded,,,0,0,,,deck
c34de455e1b6890c,..\2_LP\LOW_Fr_MASTER_result\regen\05778598b88e\cy11,regen:cy11/11,1.7866,1.6111,25,1,,626.246,deck
,..\2_LP\LOW_Fr_MASTER_result\regen\060c8bec58d2\cy01,superseded,,,0,0,,,
307f6d3b8bab675f,..\2_LP\LOW_Fr_MASTER_result\regen\060c8bec58d2\cy02,superseded,,,0,0,,,deck
307f6d3b8bab675f,..\2_LP\LOW_Fr_MASTER_result\regen\060c8bec58d2\cy03,superseded,,,0,0,,,deck
307f6d3b8bab675f,..\2_LP\LOW_Fr_MASTER_result\regen\060c8bec58d2\cy04,superseded,,,0,0,,,deck
307f6d3b8bab675f,..\2_LP\LOW_Fr_MASTER_result\regen\060c8bec58d2\cy05,superseded,,,0,0,,,deck
307f6d3b8bab675f,..\2_LP\LOW_Fr_MASTER_result\regen\060c8bec58d2\cy06,superseded,,,0,0,,,deck
307f6d3b8bab675f,..\2_LP\LOW_Fr_MASTER_result\regen\060c8bec58d2\cy07,superseded,,,0,0,,,deck
307f6d3b8bab675f,..\2_LP\LOW_Fr_MASTER_result\regen\060c8bec58d2\cy08,superseded,,,0,0,,,deck
307f6d3b8bab675f,..\2_LP\LOW_Fr_MASTER_result\regen\060c8bec58d2\cy09,superseded,,,0,0,,,deck
307f6d3b8bab675f,..\2_LP\LOW_Fr_MASTER_result\regen\060c8bec58d2\cy10,superseded,,,0,0,,,deck
307f6d3b8bab675f,..\2_LP\LOW_Fr_MASTER_result\regen\060c8bec58d2\cy11,superseded,,,0,0,,,deck
307f6d3b8bab675f,..\2_LP\LOW_Fr_MASTER_result\regen\060c8bec58d2\cy12,regen:cy12/12,1.7071,1.5499,25,1,,613.238,deck
,..\2_LP\LOW_Fr_MASTER_result\regen\061b17a666cf\cy01,superseded,,,0,0,,,
0e4988ef5804876b,..\2_LP\LOW_Fr_MASTER_result\regen\061b17a666cf\cy02,superseded,,,0,0,,,deck
0e4988ef5804876b,..\2_LP\LOW_Fr_MASTER_result\regen\061b17a666cf\cy03,superseded,,,0,0,,,deck
0e4988ef5804876b,..\2_LP\LOW_Fr_MASTER_result\regen\061b17a666cf\cy04,superseded,,,0,0,,,deck
0e4988ef5804876b,..\2_LP\LOW_Fr_MASTER_result\regen\061b17a666cf\cy05,superseded,,,0,0,,,deck
0e4988ef5804876b,..\2_LP\LOW_Fr_MASTER_result\regen\061b17a666cf\cy06,superseded,,,0,0,,,deck
0e4988ef5804876b,..\2_LP\LOW_Fr_MASTER_result\regen\061b17a666cf\cy07,superseded,,,0,0,,,deck
0e4988ef5804876b,..\2_LP\LOW_Fr_MASTER_result\regen\061b17a666cf\cy08,superseded,,,0,0,,,deck
0e4988ef5804876b,..\2_LP\LOW_Fr_MASTER_result\regen\061b17a666cf\cy09,superseded,,,0,0,,,deck
0e4988ef5804876b,..\2_LP\LOW_Fr_MASTER_result\regen\061b17a666cf\cy10,superseded,,,0,0,,,deck
0e4988ef5804876b,..\2_LP\LOW_Fr_MASTER_result\regen\061b17a666cf\cy11,superseded,,,0,0,,,deck
0e4988ef5804876b,..\2_LP\LOW_Fr_MASTER_result\regen\061b17a666cf\cy12,regen:cy12/12,1.5698,1.4073,25,1,,618.628,deck
,..\2_LP\LOW_Fr_MASTER_result\regen\06499bac3f73\cy01,superseded,,,0,0,,,
7b9517861401f75c,..\2_LP\LOW_Fr_MASTER_result\regen\06499bac3f73\cy02,superseded,,,0,0,,,deck
7b9517861401f75c,..\2_LP\LOW_Fr_MASTER_result\regen\06499bac3f73\cy03,superseded,,,0,0,,,deck
7b9517861401f75c,..\2_LP\LOW_Fr_MASTER_result\regen\06499bac3f73\cy04,superseded,,,0,0,,,deck
7b9517861401f75c,..\2_LP\LOW_Fr_MASTER_result\regen\06499bac3f73\cy05,superseded,,,0,0,,,deck
7b9517861401f75c,..\2_LP\LOW_Fr_MASTER_result\regen\06499bac3f73\cy06,superseded,,,0,0,,,deck
7b9517861401f75c,..\2_LP\LOW_Fr_MASTER_result\regen\06499bac3f73\cy07,superseded,,,0,0,,,deck
7b9517861401f75c,..\2_LP\LOW_Fr_MASTER_result\regen\06499bac3f73\cy08,superseded,,,0,0,,,deck
7b9517861401f75c,..\2_LP\LOW_Fr_MASTER_result\regen\06499bac3f73\cy09,superseded,,,0,0,,,deck
7b9517861401f75c,..\2_LP\LOW_Fr_MASTER_result\regen\06499bac3f73\cy10,superseded,,,0,0,,,deck
7b9517861401f75c,..\2_LP\LOW_Fr_MASTER_result\regen\06499bac3f73\cy11,superseded,,,0,0,,,deck
7b9517861401f75c,..\2_LP\LOW_Fr_MASTER_result\regen\06499bac3f73\cy12,regen:cy12/12,1.6759,1.5454,25,1,,624.045,deck
,..\2_LP\LOW_Fr_MASTER_result\regen\0672ab465113\cy01,superseded,,,0,0,,,
48c3f2587d865271,..\2_LP\LOW_Fr_MASTER_result\regen\0672ab465113\cy02,superseded,,,0,0,,,deck
48c3f2587d865271,..\2_LP\LOW_Fr_MASTER_result\regen\0672ab465113\cy03,superseded,,,0,0,,,deck
48c3f2587d865271,..\2_LP\LOW_Fr_MASTER_result\regen\0672ab465113\cy04,superseded,,,0,0,,,deck
48c3f2587d865271,..\2_LP\LOW_Fr_MASTER_result\regen\0672ab465113\cy05,superseded,,,0,0,,,deck
48c3f2587d865271,..\2_LP\LOW_Fr_MASTER_result\regen\0672ab465113\cy06,superseded,,,0,0,,,deck
48c3f2587d865271,..\2_LP\LOW_Fr_MASTER_result\regen\0672ab465113\cy07,superseded,,,0,0,,,deck
48c3f2587d865271,..\2_LP\LOW_Fr_MASTER_result\regen\0672ab465113\cy08,superseded,,,0,0,,,deck
48c3f2587d865271,..\2_LP\LOW_Fr_MASTER_result\regen\0672ab465113\cy09,superseded,,,0,0,,,deck
48c3f2587d865271,..\2_LP\LOW_Fr_MASTER_result\regen\0672ab465113\cy10,superseded,,,0,0,,,deck
48c3f2587d865271,..\2_LP\LOW_Fr_MASTER_result\regen\0672ab465113\cy11,superseded,,,0,0,,,deck
48c3f2587d865271,..\2_LP\LOW_Fr_MASTER_result\regen\0672ab465113\cy12,regen:cy12/12,2.4412,2.1795,25,1,,628.105,deck
,..\2_LP\LOW_Fr_MASTER_result\regen\068b55fb19b8\cy01,superseded,,,0,0,,,
9e042bc91a2ff933,..\2_LP\LOW_Fr_MASTER_result\regen\068b55fb19b8\cy02,superseded,,,0,0,,,deck
9e042bc91a2ff933,..\2_LP\LOW_Fr_MASTER_result\regen\068b55fb19b8\cy03,superseded,,,0,0,,,deck
9e042bc91a2ff933,..\2_LP\LOW_Fr_MASTER_result\regen\068b55fb19b8\cy04,superseded,,,0,0,,,deck
9e042bc91a2ff933,..\2_LP\LOW_Fr_MASTER_result\regen\068b55fb19b8\cy05,superseded,,,0,0,,,deck
9e042bc91a2ff933,..\2_LP\LOW_Fr_MASTER_result\regen\068b55fb19b8\cy06,superseded,,,0,0,,,deck
9e042bc91a2ff933,..\2_LP\LOW_Fr_MASTER_result\regen\068b55fb19b8\cy07,superseded,,,0,0,,,deck
9e042bc91a2ff933,..\2_LP\LOW_Fr_MASTER_result\regen\068b55fb19b8\cy08,superseded,,,0,0,,,deck
9e042bc91a2ff933,..\2_LP\LOW_Fr_MASTER_result\regen\068b55fb19b8\cy09,superseded,,,0,0,,,deck
9e042bc91a2ff933,..\2_LP\LOW_Fr_MASTER_result\regen\068b55fb19b8\cy10,superseded,,,0,0,,,deck
9e042bc91a2ff933,..\2_LP\LOW_Fr_MASTER_result\regen\068b55fb19b8\cy11,regen:cy11/11,1.6468,1.4932,25,1,,619.328,deck
,..\2_LP\LOW_Fr_MASTER_result\regen\06bb97cca4c2\cy01,superseded,,,0,0,,,
7695cd74a70c0417,..\2_LP\LOW_Fr_MASTER_result\regen\06bb97cca4c2\cy02,superseded,,,0,0,,,deck
7695cd74a70c0417,..\2_LP\LOW_Fr_MASTER_result\regen\06bb97cca4c2\cy03,superseded,,,0,0,,,deck
7695cd74a70c0417,..\2_LP\LOW_Fr_MASTER_result\regen\06bb97cca4c2\cy04,superseded,,,0,0,,,deck
7695cd74a70c0417,..\2_LP\LOW_Fr_MASTER_result\regen\06bb97cca4c2\cy05,superseded,,,0,0,,,deck
7695cd74a70c0417,..\2_LP\LOW_Fr_MASTER_result\regen\06bb97cca4c2\cy06,superseded,,,0,0,,,deck
7695cd74a70c0417,..\2_LP\LOW_Fr_MASTER_result\regen\06bb97cca4c2\cy07,superseded,,,0,0,,,deck
7695cd74a70c0417,..\2_LP\LOW_Fr_MASTER_result\regen\06bb97cca4c2\cy08,superseded,,,0,0,,,deck
7695cd74a70c0417,..\2_LP\LOW_Fr_MASTER_result\regen\06bb97cca4c2\cy09,superseded,,,0,0,,,deck
7695cd74a70c0417,..\2_LP\LOW_Fr_MASTER_result\regen\06bb97cca4c2\cy10,superseded,,,0,0,,,deck
7695cd74a70c0417,..\2_LP\LOW_Fr_MASTER_result\regen\06bb97cca4c2\cy11,superseded,,,0,0,,,deck
7695cd74a70c0417,..\2_LP\LOW_Fr_MASTER_result\regen\06bb97cca4c2\cy12,regen:cy12/12,1.7204,1.5162,25,1,,616.119,deck
,..\2_LP\LOW_Fr_MASTER_result\regen\06d9fbda9250\cy01,superseded,,,0,0,,,
94faa5ddaaab0ff9,..\2_LP\LOW_Fr_MASTER_result\regen\06d9fbda9250\cy02,superseded,,,0,0,,,deck
94faa5ddaaab0ff9,..\2_LP\LOW_Fr_MASTER_result\regen\06d9fbda9250\cy03,superseded,,,0,0,,,deck
94faa5ddaaab0ff9,..\2_LP\LOW_Fr_MASTER_result\regen\06d9fbda9250\cy04,superseded,,,0,0,,,deck
94faa5ddaaab0ff9,..\2_LP\LOW_Fr_MASTER_result\regen\06d9fbda9250\cy05,superseded,,,0,0,,,deck
94faa5ddaaab0ff9,..\2_LP\LOW_Fr_MASTER_result\regen\06d9fbda9250\cy06,superseded,,,0,0,,,deck
94faa5ddaaab0ff9,..\2_LP\LOW_Fr_MASTER_result\regen\06d9fbda9250\cy07,superseded,,,0,0,,,deck
94faa5ddaaab0ff9,..\2_LP\LOW_Fr_MASTER_result\regen\06d9fbda9250\cy08,superseded,,,0,0,,,deck
94faa5ddaaab0ff9,..\2_LP\LOW_Fr_MASTER_result\regen\06d9fbda9250\cy09,superseded,,,0,0,,,deck
94faa5ddaaab0ff9,..\2_LP\LOW_Fr_MASTER_result\regen\06d9fbda9250\cy10,superseded,,,0,0,,,deck
94faa5ddaaab0ff9,..\2_LP\LOW_Fr_MASTER_result\regen\06d9fbda9250\cy11,superseded,,,0,0,,,deck
94faa5ddaaab0ff9,..\2_LP\LOW_Fr_MASTER_result\regen\06d9fbda9250\cy12,regen:cy12/12,1.5919,1.4499,25,1,,623.168,deck
,..\2_LP\LOW_Fr_MASTER_result\regen\070e86689247\cy01,superseded,,,0,0,,,
66ef7da96b486630,..\2_LP\LOW_Fr_MASTER_result\regen\070e86689247\cy02,superseded,,,0,0,,,deck
66ef7da96b486630,..\2_LP\LOW_Fr_MASTER_result\regen\070e86689247\cy03,superseded,,,0,0,,,deck
66ef7da96b486630,..\2_LP\LOW_Fr_MASTER_result\regen\070e86689247\cy04,superseded,,,0,0,,,deck
66ef7da96b486630,..\2_LP\LOW_Fr_MASTER_result\regen\070e86689247\cy05,superseded,,,0,0,,,deck
66ef7da96b486630,..\2_LP\LOW_Fr_MASTER_result\regen\070e86689247\cy06,superseded,,,0,0,,,deck
66ef7da96b486630,..\2_LP\LOW_Fr_MASTER_result\regen\070e86689247\cy07,superseded,,,0,0,,,deck
66ef7da96b486630,..\2_LP\LOW_Fr_MASTER_result\regen\070e86689247\cy08,superseded,,,0,0,,,deck
66ef7da96b486630,..\2_LP\LOW_Fr_MASTER_result\regen\070e86689247\cy09,superseded,,,0,0,,,deck
66ef7da96b486630,..\2_LP\LOW_Fr_MASTER_result\regen\070e86689247\cy10,superseded,,,0,0,,,deck
66ef7da96b486630,..\2_LP\LOW_Fr_MASTER_result\regen\070e86689247\cy11,superseded,,,0,0,,,deck
66ef7da96b486630,..\2_LP\LOW_Fr_MASTER_result\regen\070e86689247\cy12,regen:cy12/12,1.6181,1.4299,25,1,,619.681,deck
,..\2_LP\LOW_Fr_MASTER_result\regen\0729144ed74f\cy01,superseded,,,0,0,,,
41b2676b3e24f1d5,..\2_LP\LOW_Fr_MASTER_result\regen\0729144ed74f\cy02,superseded,,,0,0,,,deck
41b2676b3e24f1d5,..\2_LP\LOW_Fr_MASTER_result\regen\0729144ed74f\cy03,superseded,,,0,0,,,deck
41b2676b3e24f1d5,..\2_LP\LOW_Fr_MASTER_result\regen\0729144ed74f\cy04,superseded,,,0,0,,,deck
41b2676b3e24f1d5,..\2_LP\LOW_Fr_MASTER_result\regen\0729144ed74f\cy05,superseded,,,0,0,,,deck
41b2676b3e24f1d5,..\2_LP\LOW_Fr_MASTER_result\regen\0729144ed74f\cy06,superseded,,,0,0,,,deck
41b2676b3e24f1d5,..\2_LP\LOW_Fr_MASTER_result\regen\0729144ed74f\cy07,superseded,,,0,0,,,deck
41b2676b3e24f1d5,..\2_LP\LOW_Fr_MASTER_result\regen\0729144ed74f\cy08,superseded,,,0,0,,,deck
41b2676b3e24f1d5,..\2_LP\LOW_Fr_MASTER_result\regen\0729144ed74f\cy09,superseded,,,0,0,,,deck
41b2676b3e24f1d5,..\2_LP\LOW_Fr_MASTER_result\regen\0729144ed74f\cy10,superseded,,,0,0,,,deck
41b2676b3e24f1d5,..\2_LP\LOW_Fr_MASTER_result\regen\0729144ed74f\cy11,superseded,,,0,0,,,deck
41b2676b3e24f1d5,..\2_LP\LOW_Fr_MASTER_result\regen\0729144ed74f\cy12,regen:cy12/12,1.7347,1.483,25,1,,620.687,deck
,..\2_LP\LOW_Fr_MASTER_result\regen\0799bfc806cb\cy01,superseded,,,0,0,,,
e742d3384d37854f,..\2_LP\LOW_Fr_MASTER_result\regen\0799bfc806cb\cy02,superseded,,,0,0,,,deck
e742d3384d37854f,..\2_LP\LOW_Fr_MASTER_result\regen\0799bfc806cb\cy03,superseded,,,0,0,,,deck
e742d3384d37854f,..\2_LP\LOW_Fr_MASTER_result\regen\0799bfc806cb\cy04,superseded,,,0,0,,,deck
e742d3384d37854f,..\2_LP\LOW_Fr_MASTER_result\regen\0799bfc806cb\cy05,superseded,,,0,0,,,deck
e742d3384d37854f,..\2_LP\LOW_Fr_MASTER_result\regen\0799bfc806cb\cy06,superseded,,,0,0,,,deck
e742d3384d37854f,..\2_LP\LOW_Fr_MASTER_result\regen\0799bfc806cb\cy07,superseded,,,0,0,,,deck
e742d3384d37854f,..\2_LP\LOW_Fr_MASTER_result\regen\0799bfc806cb\cy08,superseded,,,0,0,,,deck
e742d3384d37854f,..\2_LP\LOW_Fr_MASTER_result\regen\0799bfc806cb\cy09,superseded,,,0,0,,,deck
e742d3384d37854f,..\2_LP\LOW_Fr_MASTER_result\regen\0799bfc806cb\cy10,superseded,,,0,0,,,deck
e742d3384d37854f,..\2_LP\LOW_Fr_MASTER_result\regen\0799bfc806cb\cy11,superseded,,,0,0,,,deck
e742d3384d37854f,..\2_LP\LOW_Fr_MASTER_result\regen\0799bfc806cb\cy12,regen:cy12/12,1.7242,1.6069,25,1,,623.547,deck
,..\2_LP\LOW_Fr_MASTER_result\regen\0839ff2ee89f\cy01,superseded,,,0,0,,,
c2bbba59e26ae0a1,..\2_LP\LOW_Fr_MASTER_result\regen\0839ff2ee89f\cy02,superseded,,,0,0,,,deck
c2bbba59e26ae0a1,..\2_LP\LOW_Fr_MASTER_result\regen\0839ff2ee89f\cy03,superseded,,,0,0,,,deck
c2bbba59e26ae0a1,..\2_LP\LOW_Fr_MASTER_result\regen\0839ff2ee89f\cy04,superseded,,,0,0,,,deck
c2bbba59e26ae0a1,..\2_LP\LOW_Fr_MASTER_result\regen\0839ff2ee89f\cy05,superseded,,,0,0,,,deck
c2bbba59e26ae0a1,..\2_LP\LOW_Fr_MASTER_result\regen\0839ff2ee89f\cy06,superseded,,,0,0,,,deck
c2bbba59e26ae0a1,..\2_LP\LOW_Fr_MASTER_result\regen\0839ff2ee89f\cy07,superseded,,,0,0,,,deck
c2bbba59e26ae0a1,..\2_LP\LOW_Fr_MASTER_result\regen\0839ff2ee89f\cy08,superseded,,,0,0,,,deck
c2bbba59e26ae0a1,..\2_LP\LOW_Fr_MASTER_result\regen\0839ff2ee89f\cy09,superseded,,,0,0,,,deck
c2bbba59e26ae0a1,..\2_LP\LOW_Fr_MASTER_result\regen\0839ff2ee89f\cy10,superseded,,,0,0,,,deck
c2bbba59e26ae0a1,..\2_LP\LOW_Fr_MASTER_result\regen\0839ff2ee89f\cy11,superseded,,,0,0,,,deck
c2bbba59e26ae0a1,..\2_LP\LOW_Fr_MASTER_result\regen\0839ff2ee89f\cy12,regen:cy12/12,1.5938,1.444,25,1,,623.623,deck
,..\2_LP\LOW_Fr_MASTER_result\regen\088f3de74962\cy01,superseded,,,0,0,,,
f3c243497037380c,..\2_LP\LOW_Fr_MASTER_result\regen\088f3de74962\cy02,superseded,,,0,0,,,deck
f3c243497037380c,..\2_LP\LOW_Fr_MASTER_result\regen\088f3de74962\cy03,superseded,,,0,0,,,deck
f3c243497037380c,..\2_LP\LOW_Fr_MASTER_result\regen\088f3de74962\cy04,superseded,,,0,0,,,deck
f3c243497037380c,..\2_LP\LOW_Fr_MASTER_result\regen\088f3de74962\cy05,superseded,,,0,0,,,deck
f3c243497037380c,..\2_LP\LOW_Fr_MASTER_result\regen\088f3de74962\cy06,superseded,,,0,0,,,deck
f3c243497037380c,..\2_LP\LOW_Fr_MASTER_result\regen\088f3de74962\cy07,superseded,,,0,0,,,deck
f3c243497037380c,..\2_LP\LOW_Fr_MASTER_result\regen\088f3de74962\cy08,superseded,,,0,0,,,deck
f3c243497037380c,..\2_LP\LOW_Fr_MASTER_result\regen\088f3de74962\cy09,superseded,,,0,0,,,deck
f3c243497037380c,..\2_LP\LOW_Fr_MASTER_result\regen\088f3de74962\cy10,superseded,,,0,0,,,deck
f3c243497037380c,..\2_LP\LOW_Fr_MASTER_result\regen\088f3de74962\cy11,superseded,,,0,0,,,deck
f3c243497037380c,..\2_LP\LOW_Fr_MASTER_result\regen\088f3de74962\cy12,regen:cy12/12,1.5899,1.4438,25,1,,623.232,deck
,..\2_LP\LOW_Fr_MASTER_result\regen\0966d8132582\cy01,superseded,,,0,0,,,
d595213dede66a9a,..\2_LP\LOW_Fr_MASTER_result\regen\0966d8132582\cy02,superseded,,,0,0,,,deck
d595213dede66a9a,..\2_LP\LOW_Fr_MASTER_result\regen\0966d8132582\cy03,superseded,,,0,0,,,deck
d595213dede66a9a,..\2_LP\LOW_Fr_MASTER_result\regen\0966d8132582\cy04,superseded,,,0,0,,,deck
d595213dede66a9a,..\2_LP\LOW_Fr_MASTER_result\regen\0966d8132582\cy05,superseded,,,0,0,,,deck
d595213dede66a9a,..\2_LP\LOW_Fr_MASTER_result\regen\0966d8132582\cy06,superseded,,,0,0,,,deck
d595213dede66a9a,..\2_LP\LOW_Fr_MASTER_result\regen\0966d8132582\cy07,superseded,,,0,0,,,deck
d595213dede66a9a,..\2_LP\LOW_Fr_MASTER_result\regen\0966d8132582\cy08,superseded,,,0,0,,,deck
d595213dede66a9a,..\2_LP\LOW_Fr_MASTER_result\regen\0966d8132582\cy09,superseded,,,0,0,,,deck
d595213dede66a9a,..\2_LP\LOW_Fr_MASTER_result\regen\0966d8132582\cy10,superseded,,,0,0,,,deck
d595213dede66a9a,..\2_LP\LOW_Fr_MASTER_result\regen\0966d8132582\cy11,superseded,,,0,0,,,deck
d595213dede66a9a,..\2_LP\LOW_Fr_MASTER_result\regen\0966d8132582\cy12,regen:cy12/12,1.7179,1.5584,25,1,,614.389,deck
,..\2_LP\LOW_Fr_MASTER_result\regen\09d464e3e666\cy01,superseded,,,0,0,,,
fb41475f60365bf8,..\2_LP\LOW_Fr_MASTER_result\regen\09d464e3e666\cy02,superseded,,,0,0,,,deck
fb41475f60365bf8,..\2_LP\LOW_Fr_MASTER_result\regen\09d464e3e666\cy03,superseded,,,0,0,,,deck
fb41475f60365bf8,..\2_LP\LOW_Fr_MASTER_result\regen\09d464e3e666\cy04,superseded,,,0,0,,,deck
fb41475f60365bf8,..\2_LP\LOW_Fr_MASTER_result\regen\09d464e3e666\cy05,superseded,,,0,0,,,deck
fb41475f60365bf8,..\2_LP\LOW_Fr_MASTER_result\regen\09d464e3e666\cy06,superseded,,,0,0,,,deck
fb41475f60365bf8,..\2_LP\LOW_Fr_MASTER_result\regen\09d464e3e666\cy07,superseded,,,0,0,,,deck
fb41475f60365bf8,..\2_LP\LOW_Fr_MASTER_result\regen\09d464e3e666\cy08,superseded,,,0,0,,,deck
fb41475f60365bf8,..\2_LP\LOW_Fr_MASTER_result\regen\09d464e3e666\cy09,superseded,,,0,0,,,deck
fb41475f60365bf8,..\2_LP\LOW_Fr_MASTER_result\regen\09d464e3e666\cy10,superseded,,,0,0,,,deck
fb41475f60365bf8,..\2_LP\LOW_Fr_MASTER_result\regen\09d464e3e666\cy11,regen:cy11/11,1.7148,1.532,25,1,,619.458,deck
,..\2_LP\LOW_Fr_MASTER_result\regen\0a38b6c57c83\cy01,superseded,,,0,0,,,
086980a5a2aa05a1,..\2_LP\LOW_Fr_MASTER_result\regen\0a38b6c57c83\cy02,superseded,,,0,0,,,deck
086980a5a2aa05a1,..\2_LP\LOW_Fr_MASTER_result\regen\0a38b6c57c83\cy03,superseded,,,0,0,,,deck
086980a5a2aa05a1,..\2_LP\LOW_Fr_MASTER_result\regen\0a38b6c57c83\cy04,superseded,,,0,0,,,deck
086980a5a2aa05a1,..\2_LP\LOW_Fr_MASTER_result\regen\0a38b6c57c83\cy05,superseded,,,0,0,,,deck
086980a5a2aa05a1,..\2_LP\LOW_Fr_MASTER_result\regen\0a38b6c57c83\cy06,superseded,,,0,0,,,deck
086980a5a2aa05a1,..\2_LP\LOW_Fr_MASTER_result\regen\0a38b6c57c83\cy07,superseded,,,0,0,,,deck
086980a5a2aa05a1,..\2_LP\LOW_Fr_MASTER_result\regen\0a38b6c57c83\cy08,superseded,,,0,0,,,deck
086980a5a2aa05a1,..\2_LP\LOW_Fr_MASTER_result\regen\0a38b6c57c83\cy09,superseded,,,0,0,,,deck
086980a5a2aa05a1,..\2_LP\LOW_Fr_MASTER_result\regen\0a38b6c57c83\cy10,superseded,,,0,0,,,deck
086980a5a2aa05a1,..\2_LP\LOW_Fr_MASTER_result\regen\0a38b6c57c83\cy11,superseded,,,0,0,,,deck
086980a5a2aa05a1,..\2_LP\LOW_Fr_MASTER_result\regen\0a38b6c57c83\cy12,regen:cy12/12,1.6438,1.4756,25,1,,620.389,deck
,..\2_LP\LOW_Fr_MASTER_result\regen\0acf6655a9cf\cy01,superseded,,,0,0,,,
fd8ae7de8ac17857,..\2_LP\LOW_Fr_MASTER_result\regen\0acf6655a9cf\cy02,superseded,,,0,0,,,deck
fd8ae7de8ac17857,..\2_LP\LOW_Fr_MASTER_result\regen\0acf6655a9cf\cy03,superseded,,,0,0,,,deck
fd8ae7de8ac17857,..\2_LP\LOW_Fr_MASTER_result\regen\0acf6655a9cf\cy04,superseded,,,0,0,,,deck
fd8ae7de8ac17857,..\2_LP\LOW_Fr_MASTER_result\regen\0acf6655a9cf\cy05,superseded,,,0,0,,,deck
fd8ae7de8ac17857,..\2_LP\LOW_Fr_MASTER_result\regen\0acf6655a9cf\cy06,superseded,,,0,0,,,deck
fd8ae7de8ac17857,..\2_LP\LOW_Fr_MASTER_result\regen\0acf6655a9cf\cy07,superseded,,,0,0,,,deck
fd8ae7de8ac17857,..\2_LP\LOW_Fr_MASTER_result\regen\0acf6655a9cf\cy08,superseded,,,0,0,,,deck
fd8ae7de8ac17857,..\2_LP\LOW_Fr_MASTER_result\regen\0acf6655a9cf\cy09,superseded,,,0,0,,,deck
fd8ae7de8ac17857,..\2_LP\LOW_Fr_MASTER_result\regen\0acf6655a9cf\cy10,superseded,,,0,0,,,deck
fd8ae7de8ac17857,..\2_LP\LOW_Fr_MASTER_result\regen\0acf6655a9cf\cy11,superseded,,,0,0,,,deck
fd8ae7de8ac17857,..\2_LP\LOW_Fr_MASTER_result\regen\0acf6655a9cf\cy12,regen:cy12/12,1.6991,1.5285,25,1,,617.816,deck
,..\2_LP\LOW_Fr_MASTER_result\regen\0bac25d1473b\cy01,superseded,,,0,0,,,
970634a9e00f236b,..\2_LP\LOW_Fr_MASTER_result\regen\0bac25d1473b\cy02,superseded,,,0,0,,,deck
970634a9e00f236b,..\2_LP\LOW_Fr_MASTER_result\regen\0bac25d1473b\cy03,superseded,,,0,0,,,deck
970634a9e00f236b,..\2_LP\LOW_Fr_MASTER_result\regen\0bac25d1473b\cy04,superseded,,,0,0,,,deck
970634a9e00f236b,..\2_LP\LOW_Fr_MASTER_result\regen\0bac25d1473b\cy05,superseded,,,0,0,,,deck
970634a9e00f236b,..\2_LP\LOW_Fr_MASTER_result\regen\0bac25d1473b\cy06,superseded,,,0,0,,,deck
970634a9e00f236b,..\2_LP\LOW_Fr_MASTER_result\regen\0bac25d1473b\cy07,superseded,,,0,0,,,deck
970634a9e00f236b,..\2_LP\LOW_Fr_MASTER_result\regen\0bac25d1473b\cy08,superseded,,,0,0,,,deck
970634a9e00f236b,..\2_LP\LOW_Fr_MASTER_result\regen\0bac25d1473b\cy09,superseded,,,0,0,,,deck
970634a9e00f236b,..\2_LP\LOW_Fr_MASTER_result\regen\0bac25d1473b\cy10,regen:cy10/10,2.2973,2.0565,25,1,,628.734,deck
,..\2_LP\LOW_Fr_MASTER_result\regen\0bcb042a0044\cy01,superseded,,,0,0,,,
df8f0866112fab89,..\2_LP\LOW_Fr_MASTER_result\regen\0bcb042a0044\cy02,superseded,,,0,0,,,deck
df8f0866112fab89,..\2_LP\LOW_Fr_MASTER_result\regen\0bcb042a0044\cy03,superseded,,,0,0,,,deck
df8f0866112fab89,..\2_LP\LOW_Fr_MASTER_result\regen\0bcb042a0044\cy04,superseded,,,0,0,,,deck
df8f0866112fab89,..\2_LP\LOW_Fr_MASTER_result\regen\0bcb042a0044\cy05,superseded,,,0,0,,,deck
df8f0866112fab89,..\2_LP\LOW_Fr_MASTER_result\regen\0bcb042a0044\cy06,superseded,,,0,0,,,deck
df8f0866112fab89,..\2_LP\LOW_Fr_MASTER_result\regen\0bcb042a0044\cy07,superseded,,,0,0,,,deck
df8f0866112fab89,..\2_LP\LOW_Fr_MASTER_result\regen\0bcb042a0044\cy08,superseded,,,0,0,,,deck
df8f0866112fab89,..\2_LP\LOW_Fr_MASTER_result\regen\0bcb042a0044\cy09,superseded,,,0,0,,,deck
df8f0866112fab89,..\2_LP\LOW_Fr_MASTER_result\regen\0bcb042a0044\cy10,superseded,,,0,0,,,deck
df8f0866112fab89,..\2_LP\LOW_Fr_MASTER_result\regen\0bcb042a0044\cy11,superseded,,,0,0,,,deck
df8f0866112fab89,..\2_LP\LOW_Fr_MASTER_result\regen\0bcb042a0044\cy12,regen:cy12/12,1.7285,1.5308,25,1,,619.109,deck
,..\2_LP\LOW_Fr_MASTER_result\regen\0bd6d5ab777c\cy01,superseded,,,0,0,,,
e1841921fa68039e,..\2_LP\LOW_Fr_MASTER_result\regen\0bd6d5ab777c\cy02,superseded,,,0,0,,,deck
e1841921fa68039e,..\2_LP\LOW_Fr_MASTER_result\regen\0bd6d5ab777c\cy03,superseded,,,0,0,,,deck
e1841921fa68039e,..\2_LP\LOW_Fr_MASTER_result\regen\0bd6d5ab777c\cy04,superseded,,,0,0,,,deck
e1841921fa68039e,..\2_LP\LOW_Fr_MASTER_result\regen\0bd6d5ab777c\cy05,superseded,,,0,0,,,deck
e1841921fa68039e,..\2_LP\LOW_Fr_MASTER_result\regen\0bd6d5ab777c\cy06,superseded,,,0,0,,,deck
e1841921fa68039e,..\2_LP\LOW_Fr_MASTER_result\regen\0bd6d5ab777c\cy07,superseded,,,0,0,,,deck
e1841921fa68039e,..\2_LP\LOW_Fr_MASTER_result\regen\0bd6d5ab777c\cy08,superseded,,,0,0,,,deck
e1841921fa68039e,..\2_LP\LOW_Fr_MASTER_result\regen\0bd6d5ab777c\cy09,superseded,,,0,0,,,deck
e1841921fa68039e,..\2_LP\LOW_Fr_MASTER_result\regen\0bd6d5ab777c\cy10,superseded,,,0,0,,,deck
e1841921fa68039e,..\2_LP\LOW_Fr_MASTER_result\regen\0bd6d5ab777c\cy11,superseded,,,0,0,,,deck
e1841921fa68039e,..\2_LP\LOW_Fr_MASTER_result\regen\0bd6d5ab777c\cy12,regen:cy12/12,1.7645,1.5532,25,1,,613.718,deck
,..\2_LP\LOW_Fr_MASTER_result\regen\0bffcfca814a\cy01,superseded,,,0,0,,,
a0be46492d522e05,..\2_LP\LOW_Fr_MASTER_result\regen\0bffcfca814a\cy02,superseded,,,0,0,,,deck
a0be46492d522e05,..\2_LP\LOW_Fr_MASTER_result\regen\0bffcfca814a\cy03,superseded,,,0,0,,,deck
a0be46492d522e05,..\2_LP\LOW_Fr_MASTER_result\regen\0bffcfca814a\cy04,superseded,,,0,0,,,deck
a0be46492d522e05,..\2_LP\LOW_Fr_MASTER_result\regen\0bffcfca814a\cy05,superseded,,,0,0,,,deck
a0be46492d522e05,..\2_LP\LOW_Fr_MASTER_result\regen\0bffcfca814a\cy06,superseded,,,0,0,,,deck
a0be46492d522e05,..\2_LP\LOW_Fr_MASTER_result\regen\0bffcfca814a\cy07,superseded,,,0,0,,,deck
a0be46492d522e05,..\2_LP\LOW_Fr_MASTER_result\regen\0bffcfca814a\cy08,superseded,,,0,0,,,deck
a0be46492d522e05,..\2_LP\LOW_Fr_MASTER_result\regen\0bffcfca814a\cy09,superseded,,,0,0,,,deck
a0be46492d522e05,..\2_LP\LOW_Fr_MASTER_result\regen\0bffcfca814a\cy10,superseded,,,0,0,,,deck
a0be46492d522e05,..\2_LP\LOW_Fr_MASTER_result\regen\0bffcfca814a\cy11,regen:cy11/11,1.6141,1.476,25,1,,621.539,deck
,..\2_LP\LOW_Fr_MASTER_result\regen\0c01c6255e45\cy01,superseded,,,0,0,,,
1c22577935476b34,..\2_LP\LOW_Fr_MASTER_result\regen\0c01c6255e45\cy02,superseded,,,0,0,,,deck
1c22577935476b34,..\2_LP\LOW_Fr_MASTER_result\regen\0c01c6255e45\cy03,superseded,,,0,0,,,deck
1c22577935476b34,..\2_LP\LOW_Fr_MASTER_result\regen\0c01c6255e45\cy04,superseded,,,0,0,,,deck
1c22577935476b34,..\2_LP\LOW_Fr_MASTER_result\regen\0c01c6255e45\cy05,superseded,,,0,0,,,deck
1c22577935476b34,..\2_LP\LOW_Fr_MASTER_result\regen\0c01c6255e45\cy06,superseded,,,0,0,,,deck
1c22577935476b34,..\2_LP\LOW_Fr_MASTER_result\regen\0c01c6255e45\cy07,superseded,,,0,0,,,deck
1c22577935476b34,..\2_LP\LOW_Fr_MASTER_result\regen\0c01c6255e45\cy08,superseded,,,0,0,,,deck
1c22577935476b34,..\2_LP\LOW_Fr_MASTER_result\regen\0c01c6255e45\cy09,superseded,,,0,0,,,deck
1c22577935476b34,..\2_LP\LOW_Fr_MASTER_result\regen\0c01c6255e45\cy10,superseded,,,0,0,,,deck
1c22577935476b34,..\2_LP\LOW_Fr_MASTER_result\regen\0c01c6255e45\cy11,superseded,,,0,0,,,deck
1c22577935476b34,..\2_LP\LOW_Fr_MASTER_result\regen\0c01c6255e45\cy12,regen:cy12/12,1.6846,1.5288,25,1,,613.253,deck
,..\2_LP\LOW_Fr_MASTER_result\regen\0c4cdce2ed93\cy01,no_digest,,,0,0,,,
,..\2_LP\LOW_Fr_MASTER_result\regen\0c97d7fc4a1d\cy01,superseded,,,0,0,,,
6787beab1e0b77fe,..\2_LP\LOW_Fr_MASTER_result\regen\0c97d7fc4a1d\cy02,superseded,,,0,0,,,deck
6787beab1e0b77fe,..\2_LP\LOW_Fr_MASTER_result\regen\0c97d7fc4a1d\cy03,superseded,,,0,0,,,deck
6787beab1e0b77fe,..\2_LP\LOW_Fr_MASTER_result\regen\0c97d7fc4a1d\cy04,superseded,,,0,0,,,deck
6787beab1e0b77fe,..\2_LP\LOW_Fr_MASTER_result\regen\0c97d7fc4a1d\cy05,superseded,,,0,0,,,deck
6787beab1e0b77fe,..\2_LP\LOW_Fr_MASTER_result\regen\0c97d7fc4a1d\cy06,superseded,,,0,0,,,deck
6787beab1e0b77fe,..\2_LP\LOW_Fr_MASTER_result\regen\0c97d7fc4a1d\cy07,superseded,,,0,0,,,deck
6787beab1e0b77fe,..\2_LP\LOW_Fr_MASTER_result\regen\0c97d7fc4a1d\cy08,superseded,,,0,0,,,deck
6787beab1e0b77fe,..\2_LP\LOW_Fr_MASTER_result\regen\0c97d7fc4a1d\cy09,superseded,,,0,0,,,deck
6787beab1e0b77fe,..\2_LP\LOW_Fr_MASTER_result\regen\0c97d7fc4a1d\cy10,superseded,,,0,0,,,deck
6787beab1e0b77fe,..\2_LP\LOW_Fr_MASTER_result\regen\0c97d7fc4a1d\cy11,regen:cy11/11,1.6396,1.4921,25,1,,618.278,deck
,..\2_LP\LOW_Fr_MASTER_result\regen\0ccea6621d83\cy01,superseded,,,0,0,,,
6d01384aea1e58d7,..\2_LP\LOW_Fr_MASTER_result\regen\0ccea6621d83\cy02,superseded,,,0,0,,,deck
6d01384aea1e58d7,..\2_LP\LOW_Fr_MASTER_result\regen\0ccea6621d83\cy03,superseded,,,0,0,,,deck
6d01384aea1e58d7,..\2_LP\LOW_Fr_MASTER_result\regen\0ccea6621d83\cy04,superseded,,,0,0,,,deck
6d01384aea1e58d7,..\2_LP\LOW_Fr_MASTER_result\regen\0ccea6621d83\cy05,superseded,,,0,0,,,deck
6d01384aea1e58d7,..\2_LP\LOW_Fr_MASTER_result\regen\0ccea6621d83\cy06,superseded,,,0,0,,,deck
6d01384aea1e58d7,..\2_LP\LOW_Fr_MASTER_result\regen\0ccea6621d83\cy07,superseded,,,0,0,,,deck
6d01384aea1e58d7,..\2_LP\LOW_Fr_MASTER_result\regen\0ccea6621d83\cy08,superseded,,,0,0,,,deck
6d01384aea1e58d7,..\2_LP\LOW_Fr_MASTER_result\regen\0ccea6621d83\cy09,superseded,,,0,0,,,deck
6d01384aea1e58d7,..\2_LP\LOW_Fr_MASTER_result\regen\0ccea6621d83\cy10,superseded,,,0,0,,,deck
6d01384aea1e58d7,..\2_LP\LOW_Fr_MASTER_result\regen\0ccea6621d83\cy11,regen:cy11/11,1.6097,1.472,25,1,,623.24,deck
,..\2_LP\LOW_Fr_MASTER_result\regen\0d7afb8fd8e9\cy01,superseded,,,0,0,,,
345b8c0d623869ea,..\2_LP\LOW_Fr_MASTER_result\regen\0d7afb8fd8e9\cy02,superseded,,,0,0,,,deck
345b8c0d623869ea,..\2_LP\LOW_Fr_MASTER_result\regen\0d7afb8fd8e9\cy03,superseded,,,0,0,,,deck
345b8c0d623869ea,..\2_LP\LOW_Fr_MASTER_result\regen\0d7afb8fd8e9\cy04,superseded,,,0,0,,,deck
345b8c0d623869ea,..\2_LP\LOW_Fr_MASTER_result\regen\0d7afb8fd8e9\cy05,superseded,,,0,0,,,deck
345b8c0d623869ea,..\2_LP\LOW_Fr_MASTER_result\regen\0d7afb8fd8e9\cy06,superseded,,,0,0,,,deck
345b8c0d623869ea,..\2_LP\LOW_Fr_MASTER_result\regen\0d7afb8fd8e9\cy07,superseded,,,0,0,,,deck
345b8c0d623869ea,..\2_LP\LOW_Fr_MASTER_result\regen\0d7afb8fd8e9\cy08,superseded,,,0,0,,,deck
345b8c0d623869ea,..\2_LP\LOW_Fr_MASTER_result\regen\0d7afb8fd8e9\cy09,superseded,,,0,0,,,deck
345b8c0d623869ea,..\2_LP\LOW_Fr_MASTER_result\regen\0d7afb8fd8e9\cy10,superseded,,,0,0,,,deck
345b8c0d623869ea,..\2_LP\LOW_Fr_MASTER_result\regen\0d7afb8fd8e9\cy11,regen:cy11/11,1.7548,1.5932,25,1,,619.098,deck
,..\2_LP\LOW_Fr_MASTER_result\regen\0dc8c44a530f\cy01,no_digest,,,0,0,,,
,..\2_LP\LOW_Fr_MASTER_result\regen\0df012cc2474\cy01,superseded,,,0,0,,,
f89f90c9902e624e,..\2_LP\LOW_Fr_MASTER_result\regen\0df012cc2474\cy02,superseded,,,0,0,,,deck
f89f90c9902e624e,..\2_LP\LOW_Fr_MASTER_result\regen\0df012cc2474\cy03,superseded,,,0,0,,,deck
f89f90c9902e624e,..\2_LP\LOW_Fr_MASTER_result\regen\0df012cc2474\cy04,superseded,,,0,0,,,deck
f89f90c9902e624e,..\2_LP\LOW_Fr_MASTER_result\regen\0df012cc2474\cy05,superseded,,,0,0,,,deck
f89f90c9902e624e,..\2_LP\LOW_Fr_MASTER_result\regen\0df012cc2474\cy06,superseded,,,0,0,,,deck
f89f90c9902e624e,..\2_LP\LOW_Fr_MASTER_result\regen\0df012cc2474\cy07,superseded,,,0,0,,,deck
f89f90c9902e624e,..\2_LP\LOW_Fr_MASTER_result\regen\0df012cc2474\cy08,superseded,,,0,0,,,deck
f89f90c9902e624e,..\2_LP\LOW_Fr_MASTER_result\regen\0df012cc2474\cy09,superseded,,,0,0,,,deck
f89f90c9902e624e,..\2_LP\LOW_Fr_MASTER_result\regen\0df012cc2474\cy10,superseded,,,0,0,,,deck
f89f90c9902e624e,..\2_LP\LOW_Fr_MASTER_result\regen\0df012cc2474\cy11,superseded,,,0,0,,,deck
f89f90c9902e624e,..\2_LP\LOW_Fr_MASTER_result\regen\0df012cc2474\cy12,regen:cy12/12,1.6241,1.4649,25,1,,622.518,deck
,..\2_LP\LOW_Fr_MASTER_result\regen\0e587e020e90\cy01,superseded,,,0,0,,,
fd72cf4b41d7dabb,..\2_LP\LOW_Fr_MASTER_result\regen\0e587e020e90\cy02,superseded,,,0,0,,,deck
fd72cf4b41d7dabb,..\2_LP\LOW_Fr_MASTER_result\regen\0e587e020e90\cy03,superseded,,,0,0,,,deck
fd72cf4b41d7dabb,..\2_LP\LOW_Fr_MASTER_result\regen\0e587e020e90\cy04,superseded,,,0,0,,,deck
fd72cf4b41d7dabb,..\2_LP\LOW_Fr_MASTER_result\regen\0e587e020e90\cy05,superseded,,,0,0,,,deck
fd72cf4b41d7dabb,..\2_LP\LOW_Fr_MASTER_result\regen\0e587e020e90\cy06,superseded,,,0,0,,,deck
fd72cf4b41d7dabb,..\2_LP\LOW_Fr_MASTER_result\regen\0e587e020e90\cy07,superseded,,,0,0,,,deck
fd72cf4b41d7dabb,..\2_LP\LOW_Fr_MASTER_result\regen\0e587e020e90\cy08,superseded,,,0,0,,,deck
fd72cf4b41d7dabb,..\2_LP\LOW_Fr_MASTER_result\regen\0e587e020e90\cy09,superseded,,,0,0,,,deck
fd72cf4b41d7dabb,..\2_LP\LOW_Fr_MASTER_result\regen\0e587e020e90\cy10,superseded,,,0,0,,,deck
fd72cf4b41d7dabb,..\2_LP\LOW_Fr_MASTER_result\regen\0e587e020e90\cy11,superseded,,,0,0,,,deck
fd72cf4b41d7dabb,..\2_LP\LOW_Fr_MASTER_result\regen\0e587e020e90\cy12,regen:cy12/12,1.6899,1.5318,25,1,,613.75,deck
,..\2_LP\LOW_Fr_MASTER_result\regen\0e698be945b3\cy01,superseded,,,0,0,,,
81fa14ffd250fb50,..\2_LP\LOW_Fr_MASTER_result\regen\0e698be945b3\cy02,superseded,,,0,0,,,deck
81fa14ffd250fb50,..\2_LP\LOW_Fr_MASTER_result\regen\0e698be945b3\cy03,superseded,,,0,0,,,deck
81fa14ffd250fb50,..\2_LP\LOW_Fr_MASTER_result\regen\0e698be945b3\cy04,superseded,,,0,0,,,deck
81fa14ffd250fb50,..\2_LP\LOW_Fr_MASTER_result\regen\0e698be945b3\cy05,superseded,,,0,0,,,deck
81fa14ffd250fb50,..\2_LP\LOW_Fr_MASTER_result\regen\0e698be945b3\cy06,superseded,,,0,0,,,deck
81fa14ffd250fb50,..\2_LP\LOW_Fr_MASTER_result\regen\0e698be945b3\cy07,superseded,,,0,0,,,deck
81fa14ffd250fb50,..\2_LP\LOW_Fr_MASTER_result\regen\0e698be945b3\cy08,superseded,,,0,0,,,deck
81fa14ffd250fb50,..\2_LP\LOW_Fr_MASTER_result\regen\0e698be945b3\cy09,superseded,,,0,0,,,deck
81fa14ffd250fb50,..\2_LP\LOW_Fr_MASTER_result\regen\0e698be945b3\cy10,superseded,,,0,0,,,deck
81fa14ffd250fb50,..\2_LP\LOW_Fr_MASTER_result\regen\0e698be945b3\cy11,superseded,,,0,0,,,deck
81fa14ffd250fb50,..\2_LP\LOW_Fr_MASTER_result\regen\0e698be945b3\cy12,regen:cy12/12,1.7632,1.5764,25,1,,613.2,deck
,..\2_LP\LOW_Fr_MASTER_result\regen\0e83d4f60037\cy01,superseded,,,0,0,,,
8d01b7015b9490cb,..\2_LP\LOW_Fr_MASTER_result\regen\0e83d4f60037\cy02,superseded,,,0,0,,,deck
8d01b7015b9490cb,..\2_LP\LOW_Fr_MASTER_result\regen\0e83d4f60037\cy03,superseded,,,0,0,,,deck
8d01b7015b9490cb,..\2_LP\LOW_Fr_MASTER_result\regen\0e83d4f60037\cy04,superseded,,,0,0,,,deck
8d01b7015b9490cb,..\2_LP\LOW_Fr_MASTER_result\regen\0e83d4f60037\cy05,superseded,,,0,0,,,deck
8d01b7015b9490cb,..\2_LP\LOW_Fr_MASTER_result\regen\0e83d4f60037\cy06,superseded,,,0,0,,,deck
8d01b7015b9490cb,..\2_LP\LOW_Fr_MASTER_result\regen\0e83d4f60037\cy07,superseded,,,0,0,,,deck
8d01b7015b9490cb,..\2_LP\LOW_Fr_MASTER_result\regen\0e83d4f60037\cy08,superseded,,,0,0,,,deck
8d01b7015b9490cb,..\2_LP\LOW_Fr_MASTER_result\regen\0e83d4f60037\cy09,superseded,,,0,0,,,deck
8d01b7015b9490cb,..\2_LP\LOW_Fr_MASTER_result\regen\0e83d4f60037\cy10,superseded,,,0,0,,,deck
8d01b7015b9490cb,..\2_LP\LOW_Fr_MASTER_result\regen\0e83d4f60037\cy11,regen:cy11/11,1.6186,1.4839,25,1,,621.598,deck
,..\2_LP\LOW_Fr_MASTER_result\regen\0f00bfe5590c\cy01,superseded,,,0,0,,,
defb17c4c734d991,..\2_LP\LOW_Fr_MASTER_result\regen\0f00bfe5590c\cy02,superseded,,,0,0,,,deck
defb17c4c734d991,..\2_LP\LOW_Fr_MASTER_result\regen\0f00bfe5590c\cy03,superseded,,,0,0,,,deck
defb17c4c734d991,..\2_LP\LOW_Fr_MASTER_result\regen\0f00bfe5590c\cy04,superseded,,,0,0,,,deck
defb17c4c734d991,..\2_LP\LOW_Fr_MASTER_result\regen\0f00bfe5590c\cy05,superseded,,,0,0,,,deck
defb17c4c734d991,..\2_LP\LOW_Fr_MASTER_result\regen\0f00bfe5590c\cy06,superseded,,,0,0,,,deck
defb17c4c734d991,..\2_LP\LOW_Fr_MASTER_result\regen\0f00bfe5590c\cy07,superseded,,,0,0,,,deck
defb17c4c734d991,..\2_LP\LOW_Fr_MASTER_result\regen\0f00bfe5590c\cy08,superseded,,,0,0,,,deck
defb17c4c734d991,..\2_LP\LOW_Fr_MASTER_result\regen\0f00bfe5590c\cy09,superseded,,,0,0,,,deck
defb17c4c734d991,..\2_LP\LOW_Fr_MASTER_result\regen\0f00bfe5590c\cy10,superseded,,,0,0,,,deck
defb17c4c734d991,..\2_LP\LOW_Fr_MASTER_result\regen\0f00bfe5590c\cy11,regen:cy11/11,1.6761,1.5159,25,1,,623.259,deck
,..\2_LP\LOW_Fr_MASTER_result\regen\10567e64ed8c\cy01,superseded,,,0,0,,,
e1b86ea161d2d662,..\2_LP\LOW_Fr_MASTER_result\regen\10567e64ed8c\cy02,superseded,,,0,0,,,deck
e1b86ea161d2d662,..\2_LP\LOW_Fr_MASTER_result\regen\10567e64ed8c\cy03,superseded,,,0,0,,,deck
e1b86ea161d2d662,..\2_LP\LOW_Fr_MASTER_result\regen\10567e64ed8c\cy04,superseded,,,0,0,,,deck
e1b86ea161d2d662,..\2_LP\LOW_Fr_MASTER_result\regen\10567e64ed8c\cy05,superseded,,,0,0,,,deck
e1b86ea161d2d662,..\2_LP\LOW_Fr_MASTER_result\regen\10567e64ed8c\cy06,superseded,,,0,0,,,deck
e1b86ea161d2d662,..\2_LP\LOW_Fr_MASTER_result\regen\10567e64ed8c\cy07,superseded,,,0,0,,,deck
e1b86ea161d2d662,..\2_LP\LOW_Fr_MASTER_result\regen\10567e64ed8c\cy08,superseded,,,0,0,,,deck
e1b86ea161d2d662,..\2_LP\LOW_Fr_MASTER_result\regen\10567e64ed8c\cy09,superseded,,,0,0,,,deck
e1b86ea161d2d662,..\2_LP\LOW_Fr_MASTER_result\regen\10567e64ed8c\cy10,superseded,,,0,0,,,deck
e1b86ea161d2d662,..\2_LP\LOW_Fr_MASTER_result\regen\10567e64ed8c\cy11,superseded,,,0,0,,,deck
e1b86ea161d2d662,..\2_LP\LOW_Fr_MASTER_result\regen\10567e64ed8c\cy12,regen:cy12/12,1.6637,1.5343,25,1,,620.164,deck
,..\2_LP\LOW_Fr_MASTER_result\regen\106f19152e29\cy01,superseded,,,0,0,,,
f4793a0e0c0e1f4b,..\2_LP\LOW_Fr_MASTER_result\regen\106f19152e29\cy02,superseded,,,0,0,,,deck
f4793a0e0c0e1f4b,..\2_LP\LOW_Fr_MASTER_result\regen\106f19152e29\cy03,superseded,,,0,0,,,deck
f4793a0e0c0e1f4b,..\2_LP\LOW_Fr_MASTER_result\regen\106f19152e29\cy04,superseded,,,0,0,,,deck
f4793a0e0c0e1f4b,..\2_LP\LOW_Fr_MASTER_result\regen\106f19152e29\cy05,superseded,,,0,0,,,deck
f4793a0e0c0e1f4b,..\2_LP\LOW_Fr_MASTER_result\regen\106f19152e29\cy06,superseded,,,0,0,,,deck
f4793a0e0c0e1f4b,..\2_LP\LOW_Fr_MASTER_result\regen\106f19152e29\cy07,superseded,,,0,0,,,deck
f4793a0e0c0e1f4b,..\2_LP\LOW_Fr_MASTER_result\regen\106f19152e29\cy08,superseded,,,0,0,,,deck
f4793a0e0c0e1f4b,..\2_LP\LOW_Fr_MASTER_result\regen\106f19152e29\cy09,superseded,,,0,0,,,deck
f4793a0e0c0e1f4b,..\2_LP\LOW_Fr_MASTER_result\regen\106f19152e29\cy10,superseded,,,0,0,,,deck
f4793a0e0c0e1f4b,..\2_LP\LOW_Fr_MASTER_result\regen\106f19152e29\cy11,regen:cy11/11,1.7519,1.5635,25,1,,619.036,deck
,..\2_LP\LOW_Fr_MASTER_result\regen\1165441c31ea\cy01,superseded,,,0,0,,,
b8878d388bcdc664,..\2_LP\LOW_Fr_MASTER_result\regen\1165441c31ea\cy02,superseded,,,0,0,,,deck
b8878d388bcdc664,..\2_LP\LOW_Fr_MASTER_result\regen\1165441c31ea\cy03,superseded,,,0,0,,,deck
b8878d388bcdc664,..\2_LP\LOW_Fr_MASTER_result\regen\1165441c31ea\cy04,superseded,,,0,0,,,deck
b8878d388bcdc664,..\2_LP\LOW_Fr_MASTER_result\regen\1165441c31ea\cy05,superseded,,,0,0,,,deck
b8878d388bcdc664,..\2_LP\LOW_Fr_MASTER_result\regen\1165441c31ea\cy06,superseded,,,0,0,,,deck
b8878d388bcdc664,..\2_LP\LOW_Fr_MASTER_result\regen\1165441c31ea\cy07,superseded,,,0,0,,,deck
b8878d388bcdc664,..\2_LP\LOW_Fr_MASTER_result\regen\1165441c31ea\cy08,superseded,,,0,0,,,deck
b8878d388bcdc664,..\2_LP\LOW_Fr_MASTER_result\regen\1165441c31ea\cy09,superseded,,,0,0,,,deck
b8878d388bcdc664,..\2_LP\LOW_Fr_MASTER_result\regen\1165441c31ea\cy10,superseded,,,0,0,,,deck
b8878d388bcdc664,..\2_LP\LOW_Fr_MASTER_result\regen\1165441c31ea\cy11,superseded,,,0,0,,,deck
b8878d388bcdc664,..\2_LP\LOW_Fr_MASTER_result\regen\1165441c31ea\cy12,regen:cy12/12,1.5864,1.4349,25,1,,618.82,deck
,..\2_LP\LOW_Fr_MASTER_result\regen\122de062445d\cy01,superseded,,,0,0,,,
42106e1ca3e90b25,..\2_LP\LOW_Fr_MASTER_result\regen\122de062445d\cy02,superseded,,,0,0,,,deck
42106e1ca3e90b25,..\2_LP\LOW_Fr_MASTER_result\regen\122de062445d\cy03,superseded,,,0,0,,,deck
42106e1ca3e90b25,..\2_LP\LOW_Fr_MASTER_result\regen\122de062445d\cy04,superseded,,,0,0,,,deck
42106e1ca3e90b25,..\2_LP\LOW_Fr_MASTER_result\regen\122de062445d\cy05,superseded,,,0,0,,,deck
42106e1ca3e90b25,..\2_LP\LOW_Fr_MASTER_result\regen\122de062445d\cy06,superseded,,,0,0,,,deck
42106e1ca3e90b25,..\2_LP\LOW_Fr_MASTER_result\regen\122de062445d\cy07,superseded,,,0,0,,,deck
42106e1ca3e90b25,..\2_LP\LOW_Fr_MASTER_result\regen\122de062445d\cy08,superseded,,,0,0,,,deck
42106e1ca3e90b25,..\2_LP\LOW_Fr_MASTER_result\regen\122de062445d\cy09,superseded,,,0,0,,,deck
42106e1ca3e90b25,..\2_LP\LOW_Fr_MASTER_result\regen\122de062445d\cy10,superseded,,,0,0,,,deck
42106e1ca3e90b25,..\2_LP\LOW_Fr_MASTER_result\regen\122de062445d\cy11,regen:cy11/11,1.7969,1.6226,25,1,,614.823,deck
,..\2_LP\LOW_Fr_MASTER_result\regen\12971dd0de7c\cy01,superseded,,,0,0,,,
8530d592a4bdccce,..\2_LP\LOW_Fr_MASTER_result\regen\12971dd0de7c\cy02,superseded,,,0,0,,,deck
8530d592a4bdccce,..\2_LP\LOW_Fr_MASTER_result\regen\12971dd0de7c\cy03,superseded,,,0,0,,,deck
8530d592a4bdccce,..\2_LP\LOW_Fr_MASTER_result\regen\12971dd0de7c\cy04,superseded,,,0,0,,,deck
8530d592a4bdccce,..\2_LP\LOW_Fr_MASTER_result\regen\12971dd0de7c\cy05,superseded,,,0,0,,,deck
8530d592a4bdccce,..\2_LP\LOW_Fr_MASTER_result\regen\12971dd0de7c\cy06,superseded,,,0,0,,,deck
8530d592a4bdccce,..\2_LP\LOW_Fr_MASTER_result\regen\12971dd0de7c\cy07,superseded,,,0,0,,,deck
8530d592a4bdccce,..\2_LP\LOW_Fr_MASTER_result\regen\12971dd0de7c\cy08,superseded,,,0,0,,,deck
8530d592a4bdccce,..\2_LP\LOW_Fr_MASTER_result\regen\12971dd0de7c\cy09,superseded,,,0,0,,,deck
8530d592a4bdccce,..\2_LP\LOW_Fr_MASTER_result\regen\12971dd0de7c\cy10,superseded,,,0,0,,,deck
8530d592a4bdccce,..\2_LP\LOW_Fr_MASTER_result\regen\12971dd0de7c\cy11,superseded,,,0,0,,,deck
8530d592a4bdccce,..\2_LP\LOW_Fr_MASTER_result\regen\12971dd0de7c\cy12,regen:cy12/12,1.6367,1.5096,25,1,,616.785,deck
,..\2_LP\LOW_Fr_MASTER_result\regen\12979640aec5\cy01,superseded,,,0,0,,,
b0c80837b30f5113,..\2_LP\LOW_Fr_MASTER_result\regen\12979640aec5\cy02,superseded,,,0,0,,,deck
b0c80837b30f5113,..\2_LP\LOW_Fr_MASTER_result\regen\12979640aec5\cy03,superseded,,,0,0,,,deck
b0c80837b30f5113,..\2_LP\LOW_Fr_MASTER_result\regen\12979640aec5\cy04,superseded,,,0,0,,,deck
b0c80837b30f5113,..\2_LP\LOW_Fr_MASTER_result\regen\12979640aec5\cy05,superseded,,,0,0,,,deck
b0c80837b30f5113,..\2_LP\LOW_Fr_MASTER_result\regen\12979640aec5\cy06,superseded,,,0,0,,,deck
b0c80837b30f5113,..\2_LP\LOW_Fr_MASTER_result\regen\12979640aec5\cy07,superseded,,,0,0,,,deck
b0c80837b30f5113,..\2_LP\LOW_Fr_MASTER_result\regen\12979640aec5\cy08,superseded,,,0,0,,,deck
b0c80837b30f5113,..\2_LP\LOW_Fr_MASTER_result\regen\12979640aec5\cy09,superseded,,,0,0,,,deck
b0c80837b30f5113,..\2_LP\LOW_Fr_MASTER_result\regen\12979640aec5\cy10,superseded,,,0,0,,,deck
b0c80837b30f5113,..\2_LP\LOW_Fr_MASTER_result\regen\12979640aec5\cy11,regen:cy11/11,1.8053,1.6092,25,1,,618.889,deck
,..\2_LP\LOW_Fr_MASTER_result\regen\12e8bf111fd1\cy01,superseded,,,0,0,,,
9c44a291748f7181,..\2_LP\LOW_Fr_MASTER_result\regen\12e8bf111fd1\cy02,superseded,,,0,0,,,deck
9c44a291748f7181,..\2_LP\LOW_Fr_MASTER_result\regen\12e8bf111fd1\cy03,superseded,,,0,0,,,deck
9c44a291748f7181,..\2_LP\LOW_Fr_MASTER_result\regen\12e8bf111fd1\cy04,superseded,,,0,0,,,deck
9c44a291748f7181,..\2_LP\LOW_Fr_MASTER_result\regen\12e8bf111fd1\cy05,superseded,,,0,0,,,deck
9c44a291748f7181,..\2_LP\LOW_Fr_MASTER_result\regen\12e8bf111fd1\cy06,superseded,,,0,0,,,deck
9c44a291748f7181,..\2_LP\LOW_Fr_MASTER_result\regen\12e8bf111fd1\cy07,superseded,,,0,0,,,deck
9c44a291748f7181,..\2_LP\LOW_Fr_MASTER_result\regen\12e8bf111fd1\cy08,superseded,,,0,0,,,deck
9c44a291748f7181,..\2_LP\LOW_Fr_MASTER_result\regen\12e8bf111fd1\cy09,superseded,,,0,0,,,deck
9c44a291748f7181,..\2_LP\LOW_Fr_MASTER_result\regen\12e8bf111fd1\cy10,superseded,,,0,0,,,deck
9c44a291748f7181,..\2_LP\LOW_Fr_MASTER_result\regen\12e8bf111fd1\cy11,superseded,,,0,0,,,deck
9c44a291748f7181,..\2_LP\LOW_Fr_MASTER_result\regen\12e8bf111fd1\cy12,regen:cy12/12,1.6786,1.4881,25,1,,619.42,deck
,..\2_LP\LOW_Fr_MASTER_result\regen\1331bb5a8ed4\cy01,superseded,,,0,0,,,
6c2595e8bb247167,..\2_LP\LOW_Fr_MASTER_result\regen\1331bb5a8ed4\cy02,superseded,,,0,0,,,deck
6c2595e8bb247167,..\2_LP\LOW_Fr_MASTER_result\regen\1331bb5a8ed4\cy03,superseded,,,0,0,,,deck
6c2595e8bb247167,..\2_LP\LOW_Fr_MASTER_result\regen\1331bb5a8ed4\cy04,superseded,,,0,0,,,deck
6c2595e8bb247167,..\2_LP\LOW_Fr_MASTER_result\regen\1331bb5a8ed4\cy05,superseded,,,0,0,,,deck
6c2595e8bb247167,..\2_LP\LOW_Fr_MASTER_result\regen\1331bb5a8ed4\cy06,superseded,,,0,0,,,deck
6c2595e8bb247167,..\2_LP\LOW_Fr_MASTER_result\regen\1331bb5a8ed4\cy07,superseded,,,0,0,,,deck
6c2595e8bb247167,..\2_LP\LOW_Fr_MASTER_result\regen\1331bb5a8ed4\cy08,superseded,,,0,0,,,deck
6c2595e8bb247167,..\2_LP\LOW_Fr_MASTER_result\regen\1331bb5a8ed4\cy09,superseded,,,0,0,,,deck
6c2595e8bb247167,..\2_LP\LOW_Fr_MASTER_result\regen\1331bb5a8ed4\cy10,regen:cy10/10,1.7141,1.5619,25,1,,621.599,deck
,..\2_LP\LOW_Fr_MASTER_result\regen\1447bb03564f\cy01,superseded,,,0,0,,,
a1cb7ccb63e7fbd6,..\2_LP\LOW_Fr_MASTER_result\regen\1447bb03564f\cy02,superseded,,,0,0,,,deck
a1cb7ccb63e7fbd6,..\2_LP\LOW_Fr_MASTER_result\regen\1447bb03564f\cy03,superseded,,,0,0,,,deck
a1cb7ccb63e7fbd6,..\2_LP\LOW_Fr_MASTER_result\regen\1447bb03564f\cy04,superseded,,,0,0,,,deck
a1cb7ccb63e7fbd6,..\2_LP\LOW_Fr_MASTER_result\regen\1447bb03564f\cy05,superseded,,,0,0,,,deck
a1cb7ccb63e7fbd6,..\2_LP\LOW_Fr_MASTER_result\regen\1447bb03564f\cy06,superseded,,,0,0,,,deck
a1cb7ccb63e7fbd6,..\2_LP\LOW_Fr_MASTER_result\regen\1447bb03564f\cy07,superseded,,,0,0,,,deck
a1cb7ccb63e7fbd6,..\2_LP\LOW_Fr_MASTER_result\regen\1447bb03564f\cy08,superseded,,,0,0,,,deck
a1cb7ccb63e7fbd6,..\2_LP\LOW_Fr_MASTER_result\regen\1447bb03564f\cy09,superseded,,,0,0,,,deck
a1cb7ccb63e7fbd6,..\2_LP\LOW_Fr_MASTER_result\regen\1447bb03564f\cy10,superseded,,,0,0,,,deck
a1cb7ccb63e7fbd6,..\2_LP\LOW_Fr_MASTER_result\regen\1447bb03564f\cy11,superseded,,,0,0,,,deck
a1cb7ccb63e7fbd6,..\2_LP\LOW_Fr_MASTER_result\regen\1447bb03564f\cy12,regen:cy12/12,1.7186,1.5197,25,1,,621.07,deck
,..\2_LP\LOW_Fr_MASTER_result\regen\14572ab42e3a\cy01,superseded,,,0,0,,,
111386b6a17ad02f,..\2_LP\LOW_Fr_MASTER_result\regen\14572ab42e3a\cy02,superseded,,,0,0,,,deck
111386b6a17ad02f,..\2_LP\LOW_Fr_MASTER_result\regen\14572ab42e3a\cy03,superseded,,,0,0,,,deck
111386b6a17ad02f,..\2_LP\LOW_Fr_MASTER_result\regen\14572ab42e3a\cy04,superseded,,,0,0,,,deck
111386b6a17ad02f,..\2_LP\LOW_Fr_MASTER_result\regen\14572ab42e3a\cy05,superseded,,,0,0,,,deck
111386b6a17ad02f,..\2_LP\LOW_Fr_MASTER_result\regen\14572ab42e3a\cy06,superseded,,,0,0,,,deck
111386b6a17ad02f,..\2_LP\LOW_Fr_MASTER_result\regen\14572ab42e3a\cy07,superseded,,,0,0,,,deck
111386b6a17ad02f,..\2_LP\LOW_Fr_MASTER_result\regen\14572ab42e3a\cy08,superseded,,,0,0,,,deck
111386b6a17ad02f,..\2_LP\LOW_Fr_MASTER_result\regen\14572ab42e3a\cy09,superseded,,,0,0,,,deck
111386b6a17ad02f,..\2_LP\LOW_Fr_MASTER_result\regen\14572ab42e3a\cy10,regen:cy10/10,1.5948,1.4465,25,1,,623.53,deck
,..\2_LP\LOW_Fr_MASTER_result\regen\145962fa8ba9\cy01,superseded,,,0,0,,,
025edfedc5444690,..\2_LP\LOW_Fr_MASTER_result\regen\145962fa8ba9\cy02,superseded,,,0,0,,,deck
025edfedc5444690,..\2_LP\LOW_Fr_MASTER_result\regen\145962fa8ba9\cy03,superseded,,,0,0,,,deck
025edfedc5444690,..\2_LP\LOW_Fr_MASTER_result\regen\145962fa8ba9\cy04,superseded,,,0,0,,,deck
025edfedc5444690,..\2_LP\LOW_Fr_MASTER_result\regen\145962fa8ba9\cy05,superseded,,,0,0,,,deck
025edfedc5444690,..\2_LP\LOW_Fr_MASTER_result\regen\145962fa8ba9\cy06,superseded,,,0,0,,,deck
025edfedc5444690,..\2_LP\LOW_Fr_MASTER_result\regen\145962fa8ba9\cy07,superseded,,,0,0,,,deck
025edfedc5444690,..\2_LP\LOW_Fr_MASTER_result\regen\145962fa8ba9\cy08,superseded,,,0,0,,,deck
025edfedc5444690,..\2_LP\LOW_Fr_MASTER_result\regen\145962fa8ba9\cy09,superseded,,,0,0,,,deck
025edfedc5444690,..\2_LP\LOW_Fr_MASTER_result\regen\145962fa8ba9\cy10,superseded,,,0,0,,,deck
025edfedc5444690,..\2_LP\LOW_Fr_MASTER_result\regen\145962fa8ba9\cy11,regen:cy11/11,1.6298,1.5129,25,1,,627.334,deck
,..\2_LP\LOW_Fr_MASTER_result\regen\156ea9c3e21e\cy01,superseded,,,0,0,,,
4c386eb7bfa352aa,..\2_LP\LOW_Fr_MASTER_result\regen\156ea9c3e21e\cy02,superseded,,,0,0,,,deck
4c386eb7bfa352aa,..\2_LP\LOW_Fr_MASTER_result\regen\156ea9c3e21e\cy03,superseded,,,0,0,,,deck
4c386eb7bfa352aa,..\2_LP\LOW_Fr_MASTER_result\regen\156ea9c3e21e\cy04,superseded,,,0,0,,,deck
4c386eb7bfa352aa,..\2_LP\LOW_Fr_MASTER_result\regen\156ea9c3e21e\cy05,superseded,,,0,0,,,deck
4c386eb7bfa352aa,..\2_LP\LOW_Fr_MASTER_result\regen\156ea9c3e21e\cy06,superseded,,,0,0,,,deck
4c386eb7bfa352aa,..\2_LP\LOW_Fr_MASTER_result\regen\156ea9c3e21e\cy07,superseded,,,0,0,,,deck
4c386eb7bfa352aa,..\2_LP\LOW_Fr_MASTER_result\regen\156ea9c3e21e\cy08,superseded,,,0,0,,,deck
4c386eb7bfa352aa,..\2_LP\LOW_Fr_MASTER_result\regen\156ea9c3e21e\cy09,superseded,,,0,0,,,deck
4c386eb7bfa352aa,..\2_LP\LOW_Fr_MASTER_result\regen\156ea9c3e21e\cy10,superseded,,,0,0,,,deck
4c386eb7bfa352aa,..\2_LP\LOW_Fr_MASTER_result\regen\156ea9c3e21e\cy11,superseded,,,0,0,,,deck
4c386eb7bfa352aa,..\2_LP\LOW_Fr_MASTER_result\regen\156ea9c3e21e\cy12,regen:cy12/12,1.5835,1.45,25,1,,619.101,deck
,..\2_LP\LOW_Fr_MASTER_result\regen\1637c21e5789\cy01,superseded,,,0,0,,,
563cb4350c47b6d4,..\2_LP\LOW_Fr_MASTER_result\regen\1637c21e5789\cy02,superseded,,,0,0,,,deck
563cb4350c47b6d4,..\2_LP\LOW_Fr_MASTER_result\regen\1637c21e5789\cy03,superseded,,,0,0,,,deck
563cb4350c47b6d4,..\2_LP\LOW_Fr_MASTER_result\regen\1637c21e5789\cy04,superseded,,,0,0,,,deck
563cb4350c47b6d4,..\2_LP\LOW_Fr_MASTER_result\regen\1637c21e5789\cy05,superseded,,,0,0,,,deck
563cb4350c47b6d4,..\2_LP\LOW_Fr_MASTER_result\regen\1637c21e5789\cy06,superseded,,,0,0,,,deck
563cb4350c47b6d4,..\2_LP\LOW_Fr_MASTER_result\regen\1637c21e5789\cy07,superseded,,,0,0,,,deck
563cb4350c47b6d4,..\2_LP\LOW_Fr_MASTER_result\regen\1637c21e5789\cy08,superseded,,,0,0,,,deck
563cb4350c47b6d4,..\2_LP\LOW_Fr_MASTER_result\regen\1637c21e5789\cy09,superseded,,,0,0,,,deck
563cb4350c47b6d4,..\2_LP\LOW_Fr_MASTER_result\regen\1637c21e5789\cy10,superseded,,,0,0,,,deck
563cb4350c47b6d4,..\2_LP\LOW_Fr_MASTER_result\regen\1637c21e5789\cy11,regen:cy11/11,1.6702,1.5403,25,1,,622.032,deck
,..\2_LP\LOW_Fr_MASTER_result\regen\167d8ebc3ac9\cy01,superseded,,,0,0,,,
b937203293d1442b,..\2_LP\LOW_Fr_MASTER_result\regen\167d8ebc3ac9\cy02,superseded,,,0,0,,,deck
b937203293d1442b,..\2_LP\LOW_Fr_MASTER_result\regen\167d8ebc3ac9\cy03,superseded,,,0,0,,,deck
b937203293d1442b,..\2_LP\LOW_Fr_MASTER_result\regen\167d8ebc3ac9\cy04,superseded,,,0,0,,,deck
b937203293d1442b,..\2_LP\LOW_Fr_MASTER_result\regen\167d8ebc3ac9\cy05,superseded,,,0,0,,,deck
b937203293d1442b,..\2_LP\LOW_Fr_MASTER_result\regen\167d8ebc3ac9\cy06,superseded,,,0,0,,,deck
b937203293d1442b,..\2_LP\LOW_Fr_MASTER_result\regen\167d8ebc3ac9\cy07,superseded,,,0,0,,,deck
b937203293d1442b,..\2_LP\LOW_Fr_MASTER_result\regen\167d8ebc3ac9\cy08,superseded,,,0,0,,,deck
b937203293d1442b,..\2_LP\LOW_Fr_MASTER_result\regen\167d8ebc3ac9\cy09,superseded,,,0,0,,,deck
b937203293d1442b,..\2_LP\LOW_Fr_MASTER_result\regen\167d8ebc3ac9\cy10,superseded,,,0,0,,,deck
b937203293d1442b,..\2_LP\LOW_Fr_MASTER_result\regen\167d8ebc3ac9\cy11,superseded,,,0,0,,,deck
b937203293d1442b,..\2_LP\LOW_Fr_MASTER_result\regen\167d8ebc3ac9\cy12,regen:cy12/12,1.618,1.5009,25,1,,623.427,deck
,..\2_LP\LOW_Fr_MASTER_result\regen\16ca0d000e72\cy01,superseded,,,0,0,,,
58c5929497ba296d,..\2_LP\LOW_Fr_MASTER_result\regen\16ca0d000e72\cy02,superseded,,,0,0,,,deck
58c5929497ba296d,..\2_LP\LOW_Fr_MASTER_result\regen\16ca0d000e72\cy03,superseded,,,0,0,,,deck
58c5929497ba296d,..\2_LP\LOW_Fr_MASTER_result\regen\16ca0d000e72\cy04,superseded,,,0,0,,,deck
58c5929497ba296d,..\2_LP\LOW_Fr_MASTER_result\regen\16ca0d000e72\cy05,superseded,,,0,0,,,deck
58c5929497ba296d,..\2_LP\LOW_Fr_MASTER_result\regen\16ca0d000e72\cy06,superseded,,,0,0,,,deck
58c5929497ba296d,..\2_LP\LOW_Fr_MASTER_result\regen\16ca0d000e72\cy07,superseded,,,0,0,,,deck
58c5929497ba296d,..\2_LP\LOW_Fr_MASTER_result\regen\16ca0d000e72\cy08,superseded,,,0,0,,,deck
58c5929497ba296d,..\2_LP\LOW_Fr_MASTER_result\regen\16ca0d000e72\cy09,superseded,,,0,0,,,deck
58c5929497ba296d,..\2_LP\LOW_Fr_MASTER_result\regen\16ca0d000e72\cy10,superseded,,,0,0,,,deck
58c5929497ba296d,..\2_LP\LOW_Fr_MASTER_result\regen\16ca0d000e72\cy11,superseded,,,0,0,,,deck
58c5929497ba296d,..\2_LP\LOW_Fr_MASTER_result\regen\16ca0d000e72\cy12,regen:cy12/12,1.7249,1.5267,25,1,,614.034,deck
,..\2_LP\LOW_Fr_MASTER_result\regen\16e253501007\cy01,superseded,,,0,0,,,
315972b4ee457d28,..\2_LP\LOW_Fr_MASTER_result\regen\16e253501007\cy02,superseded,,,0,0,,,deck
315972b4ee457d28,..\2_LP\LOW_Fr_MASTER_result\regen\16e253501007\cy03,superseded,,,0,0,,,deck
315972b4ee457d28,..\2_LP\LOW_Fr_MASTER_result\regen\16e253501007\cy04,superseded,,,0,0,,,deck
315972b4ee457d28,..\2_LP\LOW_Fr_MASTER_result\regen\16e253501007\cy05,superseded,,,0,0,,,deck
315972b4ee457d28,..\2_LP\LOW_Fr_MASTER_result\regen\16e253501007\cy06,superseded,,,0,0,,,deck
315972b4ee457d28,..\2_LP\LOW_Fr_MASTER_result\regen\16e253501007\cy07,superseded,,,0,0,,,deck
315972b4ee457d28,..\2_LP\LOW_Fr_MASTER_result\regen\16e253501007\cy08,superseded,,,0,0,,,deck
315972b4ee457d28,..\2_LP\LOW_Fr_MASTER_result\regen\16e253501007\cy09,superseded,,,0,0,,,deck
315972b4ee457d28,..\2_LP\LOW_Fr_MASTER_result\regen\16e253501007\cy10,superseded,,,0,0,,,deck
315972b4ee457d28,..\2_LP\LOW_Fr_MASTER_result\regen\16e253501007\cy11,superseded,,,0,0,,,deck
315972b4ee457d28,..\2_LP\LOW_Fr_MASTER_result\regen\16e253501007\cy12,regen:cy12/12,1.6501,1.4574,25,1,,622.239,deck
,..\2_LP\LOW_Fr_MASTER_result\regen\16f38814972b\cy01,superseded,,,0,0,,,
33f995c4a90569a3,..\2_LP\LOW_Fr_MASTER_result\regen\16f38814972b\cy02,superseded,,,0,0,,,deck
33f995c4a90569a3,..\2_LP\LOW_Fr_MASTER_result\regen\16f38814972b\cy03,superseded,,,0,0,,,deck
33f995c4a90569a3,..\2_LP\LOW_Fr_MASTER_result\regen\16f38814972b\cy04,superseded,,,0,0,,,deck
33f995c4a90569a3,..\2_LP\LOW_Fr_MASTER_result\regen\16f38814972b\cy05,superseded,,,0,0,,,deck
33f995c4a90569a3,..\2_LP\LOW_Fr_MASTER_result\regen\16f38814972b\cy06,superseded,,,0,0,,,deck
33f995c4a90569a3,..\2_LP\LOW_Fr_MASTER_result\regen\16f38814972b\cy07,superseded,,,0,0,,,deck
33f995c4a90569a3,..\2_LP\LOW_Fr_MASTER_result\regen\16f38814972b\cy08,superseded,,,0,0,,,deck
33f995c4a90569a3,..\2_LP\LOW_Fr_MASTER_result\regen\16f38814972b\cy09,superseded,,,0,0,,,deck
33f995c4a90569a3,..\2_LP\LOW_Fr_MASTER_result\regen\16f38814972b\cy10,superseded,,,0,0,,,deck
33f995c4a90569a3,..\2_LP\LOW_Fr_MASTER_result\regen\16f38814972b\cy11,superseded,,,0,0,,,deck
33f995c4a90569a3,..\2_LP\LOW_Fr_MASTER_result\regen\16f38814972b\cy12,regen:cy12/12,1.6241,1.4669,25,1,,619.389,deck
,..\2_LP\LOW_Fr_MASTER_result\regen\1731671097d9\cy01,superseded,,,0,0,,,
a042a58063b19d01,..\2_LP\LOW_Fr_MASTER_result\regen\1731671097d9\cy02,superseded,,,0,0,,,deck
a042a58063b19d01,..\2_LP\LOW_Fr_MASTER_result\regen\1731671097d9\cy03,superseded,,,0,0,,,deck
a042a58063b19d01,..\2_LP\LOW_Fr_MASTER_result\regen\1731671097d9\cy04,superseded,,,0,0,,,deck
a042a58063b19d01,..\2_LP\LOW_Fr_MASTER_result\regen\1731671097d9\cy05,superseded,,,0,0,,,deck
a042a58063b19d01,..\2_LP\LOW_Fr_MASTER_result\regen\1731671097d9\cy06,superseded,,,0,0,,,deck
a042a58063b19d01,..\2_LP\LOW_Fr_MASTER_result\regen\1731671097d9\cy07,superseded,,,0,0,,,deck
a042a58063b19d01,..\2_LP\LOW_Fr_MASTER_result\regen\1731671097d9\cy08,superseded,,,0,0,,,deck
a042a58063b19d01,..\2_LP\LOW_Fr_MASTER_result\regen\1731671097d9\cy09,superseded,,,0,0,,,deck
a042a58063b19d01,..\2_LP\LOW_Fr_MASTER_result\regen\1731671097d9\cy10,superseded,,,0,0,,,deck
a042a58063b19d01,..\2_LP\LOW_Fr_MASTER_result\regen\1731671097d9\cy11,superseded,,,0,0,,,deck
a042a58063b19d01,..\2_LP\LOW_Fr_MASTER_result\regen\1731671097d9\cy12,regen:cy12/12,1.5909,1.446,25,1,,616.81,deck
,..\2_LP\LOW_Fr_MASTER_result\regen\183f7fe0b4ec\cy01,superseded,,,0,0,,,
de74c99ca84ec4dc,..\2_LP\LOW_Fr_MASTER_result\regen\183f7fe0b4ec\cy02,superseded,,,0,0,,,deck
de74c99ca84ec4dc,..\2_LP\LOW_Fr_MASTER_result\regen\183f7fe0b4ec\cy03,superseded,,,0,0,,,deck
de74c99ca84ec4dc,..\2_LP\LOW_Fr_MASTER_result\regen\183f7fe0b4ec\cy04,superseded,,,0,0,,,deck
de74c99ca84ec4dc,..\2_LP\LOW_Fr_MASTER_result\regen\183f7fe0b4ec\cy05,superseded,,,0,0,,,deck
de74c99ca84ec4dc,..\2_LP\LOW_Fr_MASTER_result\regen\183f7fe0b4ec\cy06,superseded,,,0,0,,,deck
de74c99ca84ec4dc,..\2_LP\LOW_Fr_MASTER_result\regen\183f7fe0b4ec\cy07,superseded,,,0,0,,,deck
de74c99ca84ec4dc,..\2_LP\LOW_Fr_MASTER_result\regen\183f7fe0b4ec\cy08,superseded,,,0,0,,,deck
de74c99ca84ec4dc,..\2_LP\LOW_Fr_MASTER_result\regen\183f7fe0b4ec\cy09,superseded,,,0,0,,,deck
de74c99ca84ec4dc,..\2_LP\LOW_Fr_MASTER_result\regen\183f7fe0b4ec\cy10,superseded,,,0,0,,,deck
de74c99ca84ec4dc,..\2_LP\LOW_Fr_MASTER_result\regen\183f7fe0b4ec\cy11,superseded,,,0,0,,,deck
de74c99ca84ec4dc,..\2_LP\LOW_Fr_MASTER_result\regen\183f7fe0b4ec\cy12,regen:cy12/12,1.7149,1.5158,25,1,,617.386,deck
,..\2_LP\LOW_Fr_MASTER_result\regen\188866619847\cy01,superseded,,,0,0,,,
0df612a67c6ef996,..\2_LP\LOW_Fr_MASTER_result\regen\188866619847\cy02,superseded,,,0,0,,,deck
0df612a67c6ef996,..\2_LP\LOW_Fr_MASTER_result\regen\188866619847\cy03,superseded,,,0,0,,,deck
0df612a67c6ef996,..\2_LP\LOW_Fr_MASTER_result\regen\188866619847\cy04,superseded,,,0,0,,,deck
0df612a67c6ef996,..\2_LP\LOW_Fr_MASTER_result\regen\188866619847\cy05,superseded,,,0,0,,,deck
0df612a67c6ef996,..\2_LP\LOW_Fr_MASTER_result\regen\188866619847\cy06,superseded,,,0,0,,,deck
0df612a67c6ef996,..\2_LP\LOW_Fr_MASTER_result\regen\188866619847\cy07,superseded,,,0,0,,,deck
0df612a67c6ef996,..\2_LP\LOW_Fr_MASTER_result\regen\188866619847\cy08,superseded,,,0,0,,,deck
0df612a67c6ef996,..\2_LP\LOW_Fr_MASTER_result\regen\188866619847\cy09,superseded,,,0,0,,,deck
0df612a67c6ef996,..\2_LP\LOW_Fr_MASTER_result\regen\188866619847\cy10,superseded,,,0,0,,,deck
0df612a67c6ef996,..\2_LP\LOW_Fr_MASTER_result\regen\188866619847\cy11,superseded,,,0,0,,,deck
0df612a67c6ef996,..\2_LP\LOW_Fr_MASTER_result\regen\188866619847\cy12,regen:cy12/12,1.644,1.4794,25,1,,619.526,deck
,..\2_LP\LOW_Fr_MASTER_result\regen\189794cb2a4e\cy01,superseded,,,0,0,,,
e4fc00e3f3c4ca95,..\2_LP\LOW_Fr_MASTER_result\regen\189794cb2a4e\cy02,superseded,,,0,0,,,deck
e4fc00e3f3c4ca95,..\2_LP\LOW_Fr_MASTER_result\regen\189794cb2a4e\cy03,superseded,,,0,0,,,deck
e4fc00e3f3c4ca95,..\2_LP\LOW_Fr_MASTER_result\regen\189794cb2a4e\cy04,superseded,,,0,0,,,deck
e4fc00e3f3c4ca95,..\2_LP\LOW_Fr_MASTER_result\regen\189794cb2a4e\cy05,superseded,,,0,0,,,deck
e4fc00e3f3c4ca95,..\2_LP\LOW_Fr_MASTER_result\regen\189794cb2a4e\cy06,superseded,,,0,0,,,deck
e4fc00e3f3c4ca95,..\2_LP\LOW_Fr_MASTER_result\regen\189794cb2a4e\cy07,superseded,,,0,0,,,deck
e4fc00e3f3c4ca95,..\2_LP\LOW_Fr_MASTER_result\regen\189794cb2a4e\cy08,superseded,,,0,0,,,deck
e4fc00e3f3c4ca95,..\2_LP\LOW_Fr_MASTER_result\regen\189794cb2a4e\cy09,superseded,,,0,0,,,deck
e4fc00e3f3c4ca95,..\2_LP\LOW_Fr_MASTER_result\regen\189794cb2a4e\cy10,superseded,,,0,0,,,deck
e4fc00e3f3c4ca95,..\2_LP\LOW_Fr_MASTER_result\regen\189794cb2a4e\cy11,superseded,,,0,0,,,deck
e4fc00e3f3c4ca95,..\2_LP\LOW_Fr_MASTER_result\regen\189794cb2a4e\cy12,regen:cy12/12,1.6853,1.5318,25,1,,617.806,deck
,..\2_LP\LOW_Fr_MASTER_result\regen\189a5d3ad823\cy01,superseded,,,0,0,,,
a37e024e8fc828c1,..\2_LP\LOW_Fr_MASTER_result\regen\189a5d3ad823\cy02,superseded,,,0,0,,,deck
a37e024e8fc828c1,..\2_LP\LOW_Fr_MASTER_result\regen\189a5d3ad823\cy03,superseded,,,0,0,,,deck
a37e024e8fc828c1,..\2_LP\LOW_Fr_MASTER_result\regen\189a5d3ad823\cy04,superseded,,,0,0,,,deck
a37e024e8fc828c1,..\2_LP\LOW_Fr_MASTER_result\regen\189a5d3ad823\cy05,superseded,,,0,0,,,deck
a37e024e8fc828c1,..\2_LP\LOW_Fr_MASTER_result\regen\189a5d3ad823\cy06,superseded,,,0,0,,,deck
a37e024e8fc828c1,..\2_LP\LOW_Fr_MASTER_result\regen\189a5d3ad823\cy07,superseded,,,0,0,,,deck
a37e024e8fc828c1,..\2_LP\LOW_Fr_MASTER_result\regen\189a5d3ad823\cy08,superseded,,,0,0,,,deck
a37e024e8fc828c1,..\2_LP\LOW_Fr_MASTER_result\regen\189a5d3ad823\cy09,superseded,,,0,0,,,deck
a37e024e8fc828c1,..\2_LP\LOW_Fr_MASTER_result\regen\189a5d3ad823\cy10,superseded,,,0,0,,,deck
a37e024e8fc828c1,..\2_LP\LOW_Fr_MASTER_result\regen\189a5d3ad823\cy11,superseded,,,0,0,,,deck
a37e024e8fc828c1,..\2_LP\LOW_Fr_MASTER_result\regen\189a5d3ad823\cy12,regen:cy12/12,1.6257,1.476,25,1,,616.659,deck
,..\2_LP\LOW_Fr_MASTER_result\regen\189e37e68dc2\cy01,superseded,,,0,0,,,
b2a035dc629b9049,..\2_LP\LOW_Fr_MASTER_result\regen\189e37e68dc2\cy02,superseded,,,0,0,,,deck
b2a035dc629b9049,..\2_LP\LOW_Fr_MASTER_result\regen\189e37e68dc2\cy03,superseded,,,0,0,,,deck
b2a035dc629b9049,..\2_LP\LOW_Fr_MASTER_result\regen\189e37e68dc2\cy04,superseded,,,0,0,,,deck
b2a035dc629b9049,..\2_LP\LOW_Fr_MASTER_result\regen\189e37e68dc2\cy05,superseded,,,0,0,,,deck
b2a035dc629b9049,..\2_LP\LOW_Fr_MASTER_result\regen\189e37e68dc2\cy06,superseded,,,0,0,,,deck
b2a035dc629b9049,..\2_LP\LOW_Fr_MASTER_result\regen\189e37e68dc2\cy07,superseded,,,0,0,,,deck
b2a035dc629b9049,..\2_LP\LOW_Fr_MASTER_result\regen\189e37e68dc2\cy08,superseded,,,0,0,,,deck
b2a035dc629b9049,..\2_LP\LOW_Fr_MASTER_result\regen\189e37e68dc2\cy09,superseded,,,0,0,,,deck
b2a035dc629b9049,..\2_LP\LOW_Fr_MASTER_result\regen\189e37e68dc2\cy10,superseded,,,0,0,,,deck
b2a035dc629b9049,..\2_LP\LOW_Fr_MASTER_result\regen\189e37e68dc2\cy11,superseded,,,0,0,,,deck
b2a035dc629b9049,..\2_LP\LOW_Fr_MASTER_result\regen\189e37e68dc2\cy12,regen:cy12/12,1.6532,1.4583,25,1,,622.914,deck
,..\2_LP\LOW_Fr_MASTER_result\regen\18e6c23e7e85\cy01,superseded,,,0,0,,,
98a7631d473a3522,..\2_LP\LOW_Fr_MASTER_result\regen\18e6c23e7e85\cy02,superseded,,,0,0,,,deck
98a7631d473a3522,..\2_LP\LOW_Fr_MASTER_result\regen\18e6c23e7e85\cy03,superseded,,,0,0,,,deck
98a7631d473a3522,..\2_LP\LOW_Fr_MASTER_result\regen\18e6c23e7e85\cy04,superseded,,,0,0,,,deck
98a7631d473a3522,..\2_LP\LOW_Fr_MASTER_result\regen\18e6c23e7e85\cy05,superseded,,,0,0,,,deck
98a7631d473a3522,..\2_LP\LOW_Fr_MASTER_result\regen\18e6c23e7e85\cy06,superseded,,,0,0,,,deck
98a7631d473a3522,..\2_LP\LOW_Fr_MASTER_result\regen\18e6c23e7e85\cy07,superseded,,,0,0,,,deck
98a7631d473a3522,..\2_LP\LOW_Fr_MASTER_result\regen\18e6c23e7e85\cy08,superseded,,,0,0,,,deck
98a7631d473a3522,..\2_LP\LOW_Fr_MASTER_result\regen\18e6c23e7e85\cy09,superseded,,,0,0,,,deck
98a7631d473a3522,..\2_LP\LOW_Fr_MASTER_result\regen\18e6c23e7e85\cy10,superseded,,,0,0,,,deck
98a7631d473a3522,..\2_LP\LOW_Fr_MASTER_result\regen\18e6c23e7e85\cy11,superseded,,,0,0,,,deck
98a7631d473a3522,..\2_LP\LOW_Fr_MASTER_result\regen\18e6c23e7e85\cy12,regen:cy12/12,1.765,1.5552,25,1,,620.203,deck
,..\2_LP\LOW_Fr_MASTER_result\regen\18fd3d901642\cy01,superseded,,,0,0,,,
c7356aa4d30025c7,..\2_LP\LOW_Fr_MASTER_result\regen\18fd3d901642\cy02,superseded,,,0,0,,,deck
c7356aa4d30025c7,..\2_LP\LOW_Fr_MASTER_result\regen\18fd3d901642\cy03,superseded,,,0,0,,,deck
c7356aa4d30025c7,..\2_LP\LOW_Fr_MASTER_result\regen\18fd3d901642\cy04,superseded,,,0,0,,,deck
c7356aa4d30025c7,..\2_LP\LOW_Fr_MASTER_result\regen\18fd3d901642\cy05,superseded,,,0,0,,,deck
c7356aa4d30025c7,..\2_LP\LOW_Fr_MASTER_result\regen\18fd3d901642\cy06,superseded,,,0,0,,,deck
c7356aa4d30025c7,..\2_LP\LOW_Fr_MASTER_result\regen\18fd3d901642\cy07,superseded,,,0,0,,,deck
c7356aa4d30025c7,..\2_LP\LOW_Fr_MASTER_result\regen\18fd3d901642\cy08,superseded,,,0,0,,,deck
c7356aa4d30025c7,..\2_LP\LOW_Fr_MASTER_result\regen\18fd3d901642\cy09,superseded,,,0,0,,,deck
c7356aa4d30025c7,..\2_LP\LOW_Fr_MASTER_result\regen\18fd3d901642\cy10,superseded,,,0,0,,,deck
c7356aa4d30025c7,..\2_LP\LOW_Fr_MASTER_result\regen\18fd3d901642\cy11,superseded,,,0,0,,,deck
c7356aa4d30025c7,..\2_LP\LOW_Fr_MASTER_result\regen\18fd3d901642\cy12,regen:cy12/12,1.5976,1.4145,25,1,,618.646,deck
,..\2_LP\LOW_Fr_MASTER_result\regen\19634b1e24d7\cy01,superseded,,,0,0,,,
0bdc46fc432a9439,..\2_LP\LOW_Fr_MASTER_result\regen\19634b1e24d7\cy02,superseded,,,0,0,,,deck
0bdc46fc432a9439,..\2_LP\LOW_Fr_MASTER_result\regen\19634b1e24d7\cy03,superseded,,,0,0,,,deck
0bdc46fc432a9439,..\2_LP\LOW_Fr_MASTER_result\regen\19634b1e24d7\cy04,superseded,,,0,0,,,deck
0bdc46fc432a9439,..\2_LP\LOW_Fr_MASTER_result\regen\19634b1e24d7\cy05,superseded,,,0,0,,,deck
0bdc46fc432a9439,..\2_LP\LOW_Fr_MASTER_result\regen\19634b1e24d7\cy06,superseded,,,0,0,,,deck
0bdc46fc432a9439,..\2_LP\LOW_Fr_MASTER_result\regen\19634b1e24d7\cy07,superseded,,,0,0,,,deck
0bdc46fc432a9439,..\2_LP\LOW_Fr_MASTER_result\regen\19634b1e24d7\cy08,superseded,,,0,0,,,deck
0bdc46fc432a9439,..\2_LP\LOW_Fr_MASTER_result\regen\19634b1e24d7\cy09,superseded,,,0,0,,,deck
0bdc46fc432a9439,..\2_LP\LOW_Fr_MASTER_result\regen\19634b1e24d7\cy10,superseded,,,0,0,,,deck
0bdc46fc432a9439,..\2_LP\LOW_Fr_MASTER_result\regen\19634b1e24d7\cy11,regen:cy11/11,1.6315,1.5043,25,1,,621.621,deck
,..\2_LP\LOW_Fr_MASTER_result\regen\19c487aed2ea\cy01,superseded,,,0,0,,,
99b084f3d072b6e2,..\2_LP\LOW_Fr_MASTER_result\regen\19c487aed2ea\cy02,superseded,,,0,0,,,deck
99b084f3d072b6e2,..\2_LP\LOW_Fr_MASTER_result\regen\19c487aed2ea\cy03,superseded,,,0,0,,,deck
99b084f3d072b6e2,..\2_LP\LOW_Fr_MASTER_result\regen\19c487aed2ea\cy04,superseded,,,0,0,,,deck
99b084f3d072b6e2,..\2_LP\LOW_Fr_MASTER_result\regen\19c487aed2ea\cy05,superseded,,,0,0,,,deck
99b084f3d072b6e2,..\2_LP\LOW_Fr_MASTER_result\regen\19c487aed2ea\cy06,superseded,,,0,0,,,deck
99b084f3d072b6e2,..\2_LP\LOW_Fr_MASTER_result\regen\19c487aed2ea\cy07,superseded,,,0,0,,,deck
99b084f3d072b6e2,..\2_LP\LOW_Fr_MASTER_result\regen\19c487aed2ea\cy08,superseded,,,0,0,,,deck
99b084f3d072b6e2,..\2_LP\LOW_Fr_MASTER_result\regen\19c487aed2ea\cy09,superseded,,,0,0,,,deck
99b084f3d072b6e2,..\2_LP\LOW_Fr_MASTER_result\regen\19c487aed2ea\cy10,superseded,,,0,0,,,deck
99b084f3d072b6e2,..\2_LP\LOW_Fr_MASTER_result\regen\19c487aed2ea\cy11,superseded,,,0,0,,,deck
99b084f3d072b6e2,..\2_LP\LOW_Fr_MASTER_result\regen\19c487aed2ea\cy12,regen:cy12/12,1.6488,1.504,25,1,,616.723,deck
,..\2_LP\LOW_Fr_MASTER_result\regen\19e14d9ff39c\cy01,superseded,,,0,0,,,
cdc9b4eaa704904e,..\2_LP\LOW_Fr_MASTER_result\regen\19e14d9ff39c\cy02,superseded,,,0,0,,,deck
cdc9b4eaa704904e,..\2_LP\LOW_Fr_MASTER_result\regen\19e14d9ff39c\cy03,superseded,,,0,0,,,deck
cdc9b4eaa704904e,..\2_LP\LOW_Fr_MASTER_result\regen\19e14d9ff39c\cy04,superseded,,,0,0,,,deck
cdc9b4eaa704904e,..\2_LP\LOW_Fr_MASTER_result\regen\19e14d9ff39c\cy05,superseded,,,0,0,,,deck
cdc9b4eaa704904e,..\2_LP\LOW_Fr_MASTER_result\regen\19e14d9ff39c\cy06,superseded,,,0,0,,,deck
cdc9b4eaa704904e,..\2_LP\LOW_Fr_MASTER_result\regen\19e14d9ff39c\cy07,superseded,,,0,0,,,deck
cdc9b4eaa704904e,..\2_LP\LOW_Fr_MASTER_result\regen\19e14d9ff39c\cy08,superseded,,,0,0,,,deck
cdc9b4eaa704904e,..\2_LP\LOW_Fr_MASTER_result\regen\19e14d9ff39c\cy09,superseded,,,0,0,,,deck
cdc9b4eaa704904e,..\2_LP\LOW_Fr_MASTER_result\regen\19e14d9ff39c\cy10,superseded,,,0,0,,,deck
cdc9b4eaa704904e,..\2_LP\LOW_Fr_MASTER_result\regen\19e14d9ff39c\cy11,superseded,,,0,0,,,deck
cdc9b4eaa704904e,..\2_LP\LOW_Fr_MASTER_result\regen\19e14d9ff39c\cy12,regen:cy12/12,1.6637,1.534,25,1,,621.974,deck
,..\2_LP\LOW_Fr_MASTER_result\regen\19e1a459ecec\cy01,superseded,,,0,0,,,
29a0218b9eae000c,..\2_LP\LOW_Fr_MASTER_result\regen\19e1a459ecec\cy02,superseded,,,0,0,,,deck
29a0218b9eae000c,..\2_LP\LOW_Fr_MASTER_result\regen\19e1a459ecec\cy03,superseded,,,0,0,,,deck
29a0218b9eae000c,..\2_LP\LOW_Fr_MASTER_result\regen\19e1a459ecec\cy04,superseded,,,0,0,,,deck
29a0218b9eae000c,..\2_LP\LOW_Fr_MASTER_result\regen\19e1a459ecec\cy05,superseded,,,0,0,,,deck
29a0218b9eae000c,..\2_LP\LOW_Fr_MASTER_result\regen\19e1a459ecec\cy06,superseded,,,0,0,,,deck
29a0218b9eae000c,..\2_LP\LOW_Fr_MASTER_result\regen\19e1a459ecec\cy07,superseded,,,0,0,,,deck
29a0218b9eae000c,..\2_LP\LOW_Fr_MASTER_result\regen\19e1a459ecec\cy08,superseded,,,0,0,,,deck
29a0218b9eae000c,..\2_LP\LOW_Fr_MASTER_result\regen\19e1a459ecec\cy09,superseded,,,0,0,,,deck
29a0218b9eae000c,..\2_LP\LOW_Fr_MASTER_result\regen\19e1a459ecec\cy10,superseded,,,0,0,,,deck
29a0218b9eae000c,..\2_LP\LOW_Fr_MASTER_result\regen\19e1a459ecec\cy11,superseded,,,0,0,,,deck
29a0218b9eae000c,..\2_LP\LOW_Fr_MASTER_result\regen\19e1a459ecec\cy12,regen:cy12/12,1.606,1.4726,25,1,,621.811,deck
,..\2_LP\LOW_Fr_MASTER_result\regen\1a5e89adb9b1\cy01,superseded,,,0,0,,,
317fa56c687af0e6,..\2_LP\LOW_Fr_MASTER_result\regen\1a5e89adb9b1\cy02,superseded,,,0,0,,,deck
317fa56c687af0e6,..\2_LP\LOW_Fr_MASTER_result\regen\1a5e89adb9b1\cy03,superseded,,,0,0,,,deck
317fa56c687af0e6,..\2_LP\LOW_Fr_MASTER_result\regen\1a5e89adb9b1\cy04,superseded,,,0,0,,,deck
317fa56c687af0e6,..\2_LP\LOW_Fr_MASTER_result\regen\1a5e89adb9b1\cy05,superseded,,,0,0,,,deck
317fa56c687af0e6,..\2_LP\LOW_Fr_MASTER_result\regen\1a5e89adb9b1\cy06,superseded,,,0,0,,,deck
317fa56c687af0e6,..\2_LP\LOW_Fr_MASTER_result\regen\1a5e89adb9b1\cy07,superseded,,,0,0,,,deck
317fa56c687af0e6,..\2_LP\LOW_Fr_MASTER_result\regen\1a5e89adb9b1\cy08,superseded,,,0,0,,,deck
317fa56c687af0e6,..\2_LP\LOW_Fr_MASTER_result\regen\1a5e89adb9b1\cy09,superseded,,,0,0,,,deck
317fa56c687af0e6,..\2_LP\LOW_Fr_MASTER_result\regen\1a5e89adb9b1\cy10,superseded,,,0,0,,,deck
317fa56c687af0e6,..\2_LP\LOW_Fr_MASTER_result\regen\1a5e89adb9b1\cy11,superseded,,,0,0,,,deck
317fa56c687af0e6,..\2_LP\LOW_Fr_MASTER_result\regen\1a5e89adb9b1\cy12,regen:cy12/12,1.7243,1.5468,25,1,,613.777,deck
,..\2_LP\LOW_Fr_MASTER_result\regen\1a710773ee5c\cy01,superseded,,,0,0,,,
f85ae338dfef464c,..\2_LP\LOW_Fr_MASTER_result\regen\1a710773ee5c\cy02,superseded,,,0,0,,,deck
f85ae338dfef464c,..\2_LP\LOW_Fr_MASTER_result\regen\1a710773ee5c\cy03,superseded,,,0,0,,,deck
f85ae338dfef464c,..\2_LP\LOW_Fr_MASTER_result\regen\1a710773ee5c\cy04,superseded,,,0,0,,,deck
f85ae338dfef464c,..\2_LP\LOW_Fr_MASTER_result\regen\1a710773ee5c\cy05,superseded,,,0,0,,,deck
f85ae338dfef464c,..\2_LP\LOW_Fr_MASTER_result\regen\1a710773ee5c\cy06,superseded,,,0,0,,,deck
f85ae338dfef464c,..\2_LP\LOW_Fr_MASTER_result\regen\1a710773ee5c\cy07,superseded,,,0,0,,,deck
f85ae338dfef464c,..\2_LP\LOW_Fr_MASTER_result\regen\1a710773ee5c\cy08,superseded,,,0,0,,,deck
f85ae338dfef464c,..\2_LP\LOW_Fr_MASTER_result\regen\1a710773ee5c\cy09,superseded,,,0,0,,,deck
f85ae338dfef464c,..\2_LP\LOW_Fr_MASTER_result\regen\1a710773ee5c\cy10,superseded,,,0,0,,,deck
f85ae338dfef464c,..\2_LP\LOW_Fr_MASTER_result\regen\1a710773ee5c\cy11,superseded,,,0,0,,,deck
f85ae338dfef464c,..\2_LP\LOW_Fr_MASTER_result\regen\1a710773ee5c\cy12,regen:cy12/12,1.7012,1.544,25,1,,614.901,deck
,..\2_LP\LOW_Fr_MASTER_result\regen\1aacedb91476\cy01,superseded,,,0,0,,,
c6dd9a4b70b2aa7f,..\2_LP\LOW_Fr_MASTER_result\regen\1aacedb91476\cy02,superseded,,,0,0,,,deck
c6dd9a4b70b2aa7f,..\2_LP\LOW_Fr_MASTER_result\regen\1aacedb91476\cy03,superseded,,,0,0,,,deck
c6dd9a4b70b2aa7f,..\2_LP\LOW_Fr_MASTER_result\regen\1aacedb91476\cy04,superseded,,,0,0,,,deck
c6dd9a4b70b2aa7f,..\2_LP\LOW_Fr_MASTER_result\regen\1aacedb91476\cy05,superseded,,,0,0,,,deck
c6dd9a4b70b2aa7f,..\2_LP\LOW_Fr_MASTER_result\regen\1aacedb91476\cy06,superseded,,,0,0,,,deck
c6dd9a4b70b2aa7f,..\2_LP\LOW_Fr_MASTER_result\regen\1aacedb91476\cy07,superseded,,,0,0,,,deck
c6dd9a4b70b2aa7f,..\2_LP\LOW_Fr_MASTER_result\regen\1aacedb91476\cy08,superseded,,,0,0,,,deck
c6dd9a4b70b2aa7f,..\2_LP\LOW_Fr_MASTER_result\regen\1aacedb91476\cy09,superseded,,,0,0,,,deck
c6dd9a4b70b2aa7f,..\2_LP\LOW_Fr_MASTER_result\regen\1aacedb91476\cy10,superseded,,,0,0,,,deck
c6dd9a4b70b2aa7f,..\2_LP\LOW_Fr_MASTER_result\regen\1aacedb91476\cy11,superseded,,,0,0,,,deck
c6dd9a4b70b2aa7f,..\2_LP\LOW_Fr_MASTER_result\regen\1aacedb91476\cy12,regen:cy12/12,1.6377,1.4428,25,1,,618.097,deck
,..\2_LP\LOW_Fr_MASTER_result\regen\1aea68b70aea\cy01,superseded,,,0,0,,,
4e197fce3d381911,..\2_LP\LOW_Fr_MASTER_result\regen\1aea68b70aea\cy02,superseded,,,0,0,,,deck
4e197fce3d381911,..\2_LP\LOW_Fr_MASTER_result\regen\1aea68b70aea\cy03,superseded,,,0,0,,,deck
4e197fce3d381911,..\2_LP\LOW_Fr_MASTER_result\regen\1aea68b70aea\cy04,superseded,,,0,0,,,deck
4e197fce3d381911,..\2_LP\LOW_Fr_MASTER_result\regen\1aea68b70aea\cy05,superseded,,,0,0,,,deck
4e197fce3d381911,..\2_LP\LOW_Fr_MASTER_result\regen\1aea68b70aea\cy06,superseded,,,0,0,,,deck
4e197fce3d381911,..\2_LP\LOW_Fr_MASTER_result\regen\1aea68b70aea\cy07,superseded,,,0,0,,,deck
4e197fce3d381911,..\2_LP\LOW_Fr_MASTER_result\regen\1aea68b70aea\cy08,superseded,,,0,0,,,deck
4e197fce3d381911,..\2_LP\LOW_Fr_MASTER_result\regen\1aea68b70aea\cy09,superseded,,,0,0,,,deck
4e197fce3d381911,..\2_LP\LOW_Fr_MASTER_result\regen\1aea68b70aea\cy10,superseded,,,0,0,,,deck
4e197fce3d381911,..\2_LP\LOW_Fr_MASTER_result\regen\1aea68b70aea\cy11,superseded,,,0,0,,,deck
4e197fce3d381911,..\2_LP\LOW_Fr_MASTER_result\regen\1aea68b70aea\cy12,regen:cy12/12,1.7313,1.544,25,1,,611.577,deck
,..\2_LP\LOW_Fr_MASTER_result\regen\1b5a117fc9c0\cy01,superseded,,,0,0,,,
19ab34ca10ad41b1,..\2_LP\LOW_Fr_MASTER_result\regen\1b5a117fc9c0\cy02,superseded,,,0,0,,,deck
19ab34ca10ad41b1,..\2_LP\LOW_Fr_MASTER_result\regen\1b5a117fc9c0\cy03,superseded,,,0,0,,,deck
19ab34ca10ad41b1,..\2_LP\LOW_Fr_MASTER_result\regen\1b5a117fc9c0\cy04,superseded,,,0,0,,,deck
19ab34ca10ad41b1,..\2_LP\LOW_Fr_MASTER_result\regen\1b5a117fc9c0\cy05,superseded,,,0,0,,,deck
19ab34ca10ad41b1,..\2_LP\LOW_Fr_MASTER_result\regen\1b5a117fc9c0\cy06,superseded,,,0,0,,,deck
19ab34ca10ad41b1,..\2_LP\LOW_Fr_MASTER_result\regen\1b5a117fc9c0\cy07,superseded,,,0,0,,,deck
19ab34ca10ad41b1,..\2_LP\LOW_Fr_MASTER_result\regen\1b5a117fc9c0\cy08,superseded,,,0,0,,,deck
19ab34ca10ad41b1,..\2_LP\LOW_Fr_MASTER_result\regen\1b5a117fc9c0\cy09,superseded,,,0,0,,,deck
19ab34ca10ad41b1,..\2_LP\LOW_Fr_MASTER_result\regen\1b5a117fc9c0\cy10,superseded,,,0,0,,,deck
19ab34ca10ad41b1,..\2_LP\LOW_Fr_MASTER_result\regen\1b5a117fc9c0\cy11,superseded,,,0,0,,,deck
19ab34ca10ad41b1,..\2_LP\LOW_Fr_MASTER_result\regen\1b5a117fc9c0\cy12,regen:cy12/12,1.5923,1.45,25,1,,623.637,deck
,..\2_LP\LOW_Fr_MASTER_result\regen\1c38913a799f\cy01,superseded,,,0,0,,,
09d18bd5e729c2cb,..\2_LP\LOW_Fr_MASTER_result\regen\1c38913a799f\cy02,superseded,,,0,0,,,deck
09d18bd5e729c2cb,..\2_LP\LOW_Fr_MASTER_result\regen\1c38913a799f\cy03,superseded,,,0,0,,,deck
09d18bd5e729c2cb,..\2_LP\LOW_Fr_MASTER_result\regen\1c38913a799f\cy04,superseded,,,0,0,,,deck
09d18bd5e729c2cb,..\2_LP\LOW_Fr_MASTER_result\regen\1c38913a799f\cy05,superseded,,,0,0,,,deck
09d18bd5e729c2cb,..\2_LP\LOW_Fr_MASTER_result\regen\1c38913a799f\cy06,superseded,,,0,0,,,deck
09d18bd5e729c2cb,..\2_LP\LOW_Fr_MASTER_result\regen\1c38913a799f\cy07,superseded,,,0,0,,,deck
09d18bd5e729c2cb,..\2_LP\LOW_Fr_MASTER_result\regen\1c38913a799f\cy08,superseded,,,0,0,,,deck
09d18bd5e729c2cb,..\2_LP\LOW_Fr_MASTER_result\regen\1c38913a799f\cy09,superseded,,,0,0,,,deck
09d18bd5e729c2cb,..\2_LP\LOW_Fr_MASTER_result\regen\1c38913a799f\cy10,superseded,,,0,0,,,deck
09d18bd5e729c2cb,..\2_LP\LOW_Fr_MASTER_result\regen\1c38913a799f\cy11,superseded,,,0,0,,,deck
09d18bd5e729c2cb,..\2_LP\LOW_Fr_MASTER_result\regen\1c38913a799f\cy12,regen:cy12/12,1.7186,1.5914,25,1,,617.415,deck
,..\2_LP\LOW_Fr_MASTER_result\regen\1c587b6b2f7a\cy01,superseded,,,0,0,,,
66c05f79ced83034,..\2_LP\LOW_Fr_MASTER_result\regen\1c587b6b2f7a\cy02,superseded,,,0,0,,,deck
66c05f79ced83034,..\2_LP\LOW_Fr_MASTER_result\regen\1c587b6b2f7a\cy03,superseded,,,0,0,,,deck
66c05f79ced83034,..\2_LP\LOW_Fr_MASTER_result\regen\1c587b6b2f7a\cy04,superseded,,,0,0,,,deck
66c05f79ced83034,..\2_LP\LOW_Fr_MASTER_result\regen\1c587b6b2f7a\cy05,superseded,,,0,0,,,deck
66c05f79ced83034,..\2_LP\LOW_Fr_MASTER_result\regen\1c587b6b2f7a\cy06,superseded,,,0,0,,,deck
66c05f79ced83034,..\2_LP\LOW_Fr_MASTER_result\regen\1c587b6b2f7a\cy07,superseded,,,0,0,,,deck
66c05f79ced83034,..\2_LP\LOW_Fr_MASTER_result\regen\1c587b6b2f7a\cy08,superseded,,,0,0,,,deck
66c05f79ced83034,..\2_LP\LOW_Fr_MASTER_result\regen\1c587b6b2f7a\cy09,superseded,,,0,0,,,deck
66c05f79ced83034,..\2_LP\LOW_Fr_MASTER_result\regen\1c587b6b2f7a\cy10,superseded,,,0,0,,,deck
66c05f79ced83034,..\2_LP\LOW_Fr_MASTER_result\regen\1c587b6b2f7a\cy11,superseded,,,0,0,,,deck
66c05f79ced83034,..\2_LP\LOW_Fr_MASTER_result\regen\1c587b6b2f7a\cy12,regen:cy12/12,1.6234,1.4705,25,1,,618.441,deck
,..\2_LP\LOW_Fr_MASTER_result\regen\1cc60b37a6e2\cy01,superseded,,,0,0,,,
469655f512e7c874,..\2_LP\LOW_Fr_MASTER_result\regen\1cc60b37a6e2\cy02,superseded,,,0,0,,,deck
469655f512e7c874,..\2_LP\LOW_Fr_MASTER_result\regen\1cc60b37a6e2\cy03,superseded,,,0,0,,,deck
469655f512e7c874,..\2_LP\LOW_Fr_MASTER_result\regen\1cc60b37a6e2\cy04,superseded,,,0,0,,,deck
469655f512e7c874,..\2_LP\LOW_Fr_MASTER_result\regen\1cc60b37a6e2\cy05,superseded,,,0,0,,,deck
469655f512e7c874,..\2_LP\LOW_Fr_MASTER_result\regen\1cc60b37a6e2\cy06,superseded,,,0,0,,,deck
469655f512e7c874,..\2_LP\LOW_Fr_MASTER_result\regen\1cc60b37a6e2\cy07,superseded,,,0,0,,,deck
469655f512e7c874,..\2_LP\LOW_Fr_MASTER_result\regen\1cc60b37a6e2\cy08,superseded,,,0,0,,,deck
469655f512e7c874,..\2_LP\LOW_Fr_MASTER_result\regen\1cc60b37a6e2\cy09,superseded,,,0,0,,,deck
469655f512e7c874,..\2_LP\LOW_Fr_MASTER_result\regen\1cc60b37a6e2\cy10,superseded,,,0,0,,,deck
469655f512e7c874,..\2_LP\LOW_Fr_MASTER_result\regen\1cc60b37a6e2\cy11,superseded,,,0,0,,,deck
469655f512e7c874,..\2_LP\LOW_Fr_MASTER_result\regen\1cc60b37a6e2\cy12,regen:cy12/12,1.7267,1.5476,25,1,,613.72,deck
,..\2_LP\LOW_Fr_MASTER_result\regen\1d1e3a3b5485\cy01,no_digest,,,0,0,,,
,..\2_LP\LOW_Fr_MASTER_result\regen\1d29e42e70a8\cy01,superseded,,,0,0,,,
9d4e7123c0d1ad6d,..\2_LP\LOW_Fr_MASTER_result\regen\1d29e42e70a8\cy02,superseded,,,0,0,,,deck
9d4e7123c0d1ad6d,..\2_LP\LOW_Fr_MASTER_result\regen\1d29e42e70a8\cy03,superseded,,,0,0,,,deck
9d4e7123c0d1ad6d,..\2_LP\LOW_Fr_MASTER_result\regen\1d29e42e70a8\cy04,superseded,,,0,0,,,deck
9d4e7123c0d1ad6d,..\2_LP\LOW_Fr_MASTER_result\regen\1d29e42e70a8\cy05,superseded,,,0,0,,,deck
9d4e7123c0d1ad6d,..\2_LP\LOW_Fr_MASTER_result\regen\1d29e42e70a8\cy06,superseded,,,0,0,,,deck
9d4e7123c0d1ad6d,..\2_LP\LOW_Fr_MASTER_result\regen\1d29e42e70a8\cy07,superseded,,,0,0,,,deck
9d4e7123c0d1ad6d,..\2_LP\LOW_Fr_MASTER_result\regen\1d29e42e70a8\cy08,superseded,,,0,0,,,deck
9d4e7123c0d1ad6d,..\2_LP\LOW_Fr_MASTER_result\regen\1d29e42e70a8\cy09,superseded,,,0,0,,,deck
9d4e7123c0d1ad6d,..\2_LP\LOW_Fr_MASTER_result\regen\1d29e42e70a8\cy10,superseded,,,0,0,,,deck
9d4e7123c0d1ad6d,..\2_LP\LOW_Fr_MASTER_result\regen\1d29e42e70a8\cy11,superseded,,,0,0,,,deck
9d4e7123c0d1ad6d,..\2_LP\LOW_Fr_MASTER_result\regen\1d29e42e70a8\cy12,regen:cy12/12,1.5788,1.4098,25,1,,617.056,deck
,..\2_LP\LOW_Fr_MASTER_result\regen\1e4a57971659\cy01,superseded,,,0,0,,,
29dbabe1b19aa499,..\2_LP\LOW_Fr_MASTER_result\regen\1e4a57971659\cy02,superseded,,,0,0,,,deck
29dbabe1b19aa499,..\2_LP\LOW_Fr_MASTER_result\regen\1e4a57971659\cy03,superseded,,,0,0,,,deck
29dbabe1b19aa499,..\2_LP\LOW_Fr_MASTER_result\regen\1e4a57971659\cy04,superseded,,,0,0,,,deck
29dbabe1b19aa499,..\2_LP\LOW_Fr_MASTER_result\regen\1e4a57971659\cy05,superseded,,,0,0,,,deck
29dbabe1b19aa499,..\2_LP\LOW_Fr_MASTER_result\regen\1e4a57971659\cy06,superseded,,,0,0,,,deck
29dbabe1b19aa499,..\2_LP\LOW_Fr_MASTER_result\regen\1e4a57971659\cy07,superseded,,,0,0,,,deck
29dbabe1b19aa499,..\2_LP\LOW_Fr_MASTER_result\regen\1e4a57971659\cy08,superseded,,,0,0,,,deck
29dbabe1b19aa499,..\2_LP\LOW_Fr_MASTER_result\regen\1e4a57971659\cy09,superseded,,,0,0,,,deck
29dbabe1b19aa499,..\2_LP\LOW_Fr_MASTER_result\regen\1e4a57971659\cy10,superseded,,,0,0,,,deck
29dbabe1b19aa499,..\2_LP\LOW_Fr_MASTER_result\regen\1e4a57971659\cy11,regen:cy11/11,1.6193,1.484,25,1,,621.493,deck
,..\2_LP\LOW_Fr_MASTER_result\regen\1e5a347d4f1c\cy01,superseded,,,0,0,,,
fd8df322ca16095d,..\2_LP\LOW_Fr_MASTER_result\regen\1e5a347d4f1c\cy02,superseded,,,0,0,,,deck
fd8df322ca16095d,..\2_LP\LOW_Fr_MASTER_result\regen\1e5a347d4f1c\cy03,superseded,,,0,0,,,deck
fd8df322ca16095d,..\2_LP\LOW_Fr_MASTER_result\regen\1e5a347d4f1c\cy04,superseded,,,0,0,,,deck
fd8df322ca16095d,..\2_LP\LOW_Fr_MASTER_result\regen\1e5a347d4f1c\cy05,superseded,,,0,0,,,deck
fd8df322ca16095d,..\2_LP\LOW_Fr_MASTER_result\regen\1e5a347d4f1c\cy06,superseded,,,0,0,,,deck
fd8df322ca16095d,..\2_LP\LOW_Fr_MASTER_result\regen\1e5a347d4f1c\cy07,superseded,,,0,0,,,deck
fd8df322ca16095d,..\2_LP\LOW_Fr_MASTER_result\regen\1e5a347d4f1c\cy08,superseded,,,0,0,,,deck
fd8df322ca16095d,..\2_LP\LOW_Fr_MASTER_result\regen\1e5a347d4f1c\cy09,superseded,,,0,0,,,deck
fd8df322ca16095d,..\2_LP\LOW_Fr_MASTER_result\regen\1e5a347d4f1c\cy10,superseded,,,0,0,,,deck
fd8df322ca16095d,..\2_LP\LOW_Fr_MASTER_result\regen\1e5a347d4f1c\cy11,superseded,,,0,0,,,deck
fd8df322ca16095d,..\2_LP\LOW_Fr_MASTER_result\regen\1e5a347d4f1c\cy12,regen:cy12/12,1.6692,1.5155,25,1,,616.892,deck
,..\2_LP\LOW_Fr_MASTER_result\regen\1edea643e3a4\cy01,superseded,,,0,0,,,
1ef5a58d44cad529,..\2_LP\LOW_Fr_MASTER_result\regen\1edea643e3a4\cy02,superseded,,,0,0,,,deck
1ef5a58d44cad529,..\2_LP\LOW_Fr_MASTER_result\regen\1edea643e3a4\cy03,superseded,,,0,0,,,deck
1ef5a58d44cad529,..\2_LP\LOW_Fr_MASTER_result\regen\1edea643e3a4\cy04,superseded,,,0,0,,,deck
1ef5a58d44cad529,..\2_LP\LOW_Fr_MASTER_result\regen\1edea643e3a4\cy05,superseded,,,0,0,,,deck
1ef5a58d44cad529,..\2_LP\LOW_Fr_MASTER_result\regen\1edea643e3a4\cy06,superseded,,,0,0,,,deck
1ef5a58d44cad529,..\2_LP\LOW_Fr_MASTER_result\regen\1edea643e3a4\cy07,superseded,,,0,0,,,deck
1ef5a58d44cad529,..\2_LP\LOW_Fr_MASTER_result\regen\1edea643e3a4\cy08,superseded,,,0,0,,,deck
1ef5a58d44cad529,..\2_LP\LOW_Fr_MASTER_result\regen\1edea643e3a4\cy09,superseded,,,0,0,,,deck
1ef5a58d44cad529,..\2_LP\LOW_Fr_MASTER_result\regen\1edea643e3a4\cy10,superseded,,,0,0,,,deck
1ef5a58d44cad529,..\2_LP\LOW_Fr_MASTER_result\regen\1edea643e3a4\cy11,superseded,,,0,0,,,deck
1ef5a58d44cad529,..\2_LP\LOW_Fr_MASTER_result\regen\1edea643e3a4\cy12,regen:cy12/12,1.688,1.532,25,1,,613.832,deck
,..\2_LP\LOW_Fr_MASTER_result\regen\1f1e048585fe\cy01,superseded,,,0,0,,,
43360d29af83b0b6,..\2_LP\LOW_Fr_MASTER_result\regen\1f1e048585fe\cy02,superseded,,,0,0,,,deck
43360d29af83b0b6,..\2_LP\LOW_Fr_MASTER_result\regen\1f1e048585fe\cy03,superseded,,,0,0,,,deck
43360d29af83b0b6,..\2_LP\LOW_Fr_MASTER_result\regen\1f1e048585fe\cy04,superseded,,,0,0,,,deck
43360d29af83b0b6,..\2_LP\LOW_Fr_MASTER_result\regen\1f1e048585fe\cy05,superseded,,,0,0,,,deck
43360d29af83b0b6,..\2_LP\LOW_Fr_MASTER_result\regen\1f1e048585fe\cy06,superseded,,,0,0,,,deck
43360d29af83b0b6,..\2_LP\LOW_Fr_MASTER_result\regen\1f1e048585fe\cy07,superseded,,,0,0,,,deck
43360d29af83b0b6,..\2_LP\LOW_Fr_MASTER_result\regen\1f1e048585fe\cy08,superseded,,,0,0,,,deck
43360d29af83b0b6,..\2_LP\LOW_Fr_MASTER_result\regen\1f1e048585fe\cy09,superseded,,,0,0,,,deck
43360d29af83b0b6,..\2_LP\LOW_Fr_MASTER_result\regen\1f1e048585fe\cy10,superseded,,,0,0,,,deck
43360d29af83b0b6,..\2_LP\LOW_Fr_MASTER_result\regen\1f1e048585fe\cy11,superseded,,,0,0,,,deck
43360d29af83b0b6,..\2_LP\LOW_Fr_MASTER_result\regen\1f1e048585fe\cy12,regen:cy12/12,1.6587,1.5412,25,1,,622.302,deck
,..\2_LP\LOW_Fr_MASTER_result\regen\1f31b152a1b6\cy01,superseded,,,0,0,,,
6c281eb21c0e0c54,..\2_LP\LOW_Fr_MASTER_result\regen\1f31b152a1b6\cy02,superseded,,,0,0,,,deck
6c281eb21c0e0c54,..\2_LP\LOW_Fr_MASTER_result\regen\1f31b152a1b6\cy03,superseded,,,0,0,,,deck
6c281eb21c0e0c54,..\2_LP\LOW_Fr_MASTER_result\regen\1f31b152a1b6\cy04,superseded,,,0,0,,,deck
6c281eb21c0e0c54,..\2_LP\LOW_Fr_MASTER_result\regen\1f31b152a1b6\cy05,superseded,,,0,0,,,deck
6c281eb21c0e0c54,..\2_LP\LOW_Fr_MASTER_result\regen\1f31b152a1b6\cy06,superseded,,,0,0,,,deck
6c281eb21c0e0c54,..\2_LP\LOW_Fr_MASTER_result\regen\1f31b152a1b6\cy07,superseded,,,0,0,,,deck
6c281eb21c0e0c54,..\2_LP\LOW_Fr_MASTER_result\regen\1f31b152a1b6\cy08,superseded,,,0,0,,,deck
6c281eb21c0e0c54,..\2_LP\LOW_Fr_MASTER_result\regen\1f31b152a1b6\cy09,superseded,,,0,0,,,deck
6c281eb21c0e0c54,..\2_LP\LOW_Fr_MASTER_result\regen\1f31b152a1b6\cy10,superseded,,,0,0,,,deck
6c281eb21c0e0c54,..\2_LP\LOW_Fr_MASTER_result\regen\1f31b152a1b6\cy11,regen:cy11/11,1.5995,1.4562,25,1,,623.597,deck
,..\2_LP\LOW_Fr_MASTER_result\regen\1f3a6ddca899\cy01,superseded,,,0,0,,,
72def5458a108364,..\2_LP\LOW_Fr_MASTER_result\regen\1f3a6ddca899\cy02,superseded,,,0,0,,,deck
72def5458a108364,..\2_LP\LOW_Fr_MASTER_result\regen\1f3a6ddca899\cy03,superseded,,,0,0,,,deck
72def5458a108364,..\2_LP\LOW_Fr_MASTER_result\regen\1f3a6ddca899\cy04,superseded,,,0,0,,,deck
72def5458a108364,..\2_LP\LOW_Fr_MASTER_result\regen\1f3a6ddca899\cy05,superseded,,,0,0,,,deck
72def5458a108364,..\2_LP\LOW_Fr_MASTER_result\regen\1f3a6ddca899\cy06,superseded,,,0,0,,,deck
72def5458a108364,..\2_LP\LOW_Fr_MASTER_result\regen\1f3a6ddca899\cy07,superseded,,,0,0,,,deck
72def5458a108364,..\2_LP\LOW_Fr_MASTER_result\regen\1f3a6ddca899\cy08,superseded,,,0,0,,,deck
72def5458a108364,..\2_LP\LOW_Fr_MASTER_result\regen\1f3a6ddca899\cy09,superseded,,,0,0,,,deck
72def5458a108364,..\2_LP\LOW_Fr_MASTER_result\regen\1f3a6ddca899\cy10,superseded,,,0,0,,,deck
72def5458a108364,..\2_LP\LOW_Fr_MASTER_result\regen\1f3a6ddca899\cy11,superseded,,,0,0,,,deck
72def5458a108364,..\2_LP\LOW_Fr_MASTER_result\regen\1f3a6ddca899\cy12,regen:cy12/12,1.7875,1.5845,25,1,,623.045,deck
,..\2_LP\LOW_Fr_MASTER_result\regen\1f4fc3bf1b72\cy01,superseded,,,0,0,,,
124dfc8625c139d2,..\2_LP\LOW_Fr_MASTER_result\regen\1f4fc3bf1b72\cy02,superseded,,,0,0,,,deck
124dfc8625c139d2,..\2_LP\LOW_Fr_MASTER_result\regen\1f4fc3bf1b72\cy03,superseded,,,0,0,,,deck
124dfc8625c139d2,..\2_LP\LOW_Fr_MASTER_result\regen\1f4fc3bf1b72\cy04,superseded,,,0,0,,,deck
124dfc8625c139d2,..\2_LP\LOW_Fr_MASTER_result\regen\1f4fc3bf1b72\cy05,superseded,,,0,0,,,deck
124dfc8625c139d2,..\2_LP\LOW_Fr_MASTER_result\regen\1f4fc3bf1b72\cy06,superseded,,,0,0,,,deck
124dfc8625c139d2,..\2_LP\LOW_Fr_MASTER_result\regen\1f4fc3bf1b72\cy07,superseded,,,0,0,,,deck
124dfc8625c139d2,..\2_LP\LOW_Fr_MASTER_result\regen\1f4fc3bf1b72\cy08,superseded,,,0,0,,,deck
124dfc8625c139d2,..\2_LP\LOW_Fr_MASTER_result\regen\1f4fc3bf1b72\cy09,superseded,,,0,0,,,deck
124dfc8625c139d2,..\2_LP\LOW_Fr_MASTER_result\regen\1f4fc3bf1b72\cy10,superseded,,,0,0,,,deck
124dfc8625c139d2,..\2_LP\LOW_Fr_MASTER_result\regen\1f4fc3bf1b72\cy11,regen:cy11/11,1.6497,1.4897,25,1,,617.299,deck
,..\2_LP\LOW_Fr_MASTER_result\regen\1f9cbee7d370\cy01,superseded,,,0,0,,,
b1053b9a63ac4d64,..\2_LP\LOW_Fr_MASTER_result\regen\1f9cbee7d370\cy02,superseded,,,0,0,,,deck
b1053b9a63ac4d64,..\2_LP\LOW_Fr_MASTER_result\regen\1f9cbee7d370\cy03,superseded,,,0,0,,,deck
b1053b9a63ac4d64,..\2_LP\LOW_Fr_MASTER_result\regen\1f9cbee7d370\cy04,superseded,,,0,0,,,deck
b1053b9a63ac4d64,..\2_LP\LOW_Fr_MASTER_result\regen\1f9cbee7d370\cy05,superseded,,,0,0,,,deck
b1053b9a63ac4d64,..\2_LP\LOW_Fr_MASTER_result\regen\1f9cbee7d370\cy06,superseded,,,0,0,,,deck
b1053b9a63ac4d64,..\2_LP\LOW_Fr_MASTER_result\regen\1f9cbee7d370\cy07,superseded,,,0,0,,,deck
b1053b9a63ac4d64,..\2_LP\LOW_Fr_MASTER_result\regen\1f9cbee7d370\cy08,superseded,,,0,0,,,deck
b1053b9a63ac4d64,..\2_LP\LOW_Fr_MASTER_result\regen\1f9cbee7d370\cy09,superseded,,,0,0,,,deck
b1053b9a63ac4d64,..\2_LP\LOW_Fr_MASTER_result\regen\1f9cbee7d370\cy10,superseded,,,0,0,,,deck
b1053b9a63ac4d64,..\2_LP\LOW_Fr_MASTER_result\regen\1f9cbee7d370\cy11,superseded,,,0,0,,,deck
b1053b9a63ac4d64,..\2_LP\LOW_Fr_MASTER_result\regen\1f9cbee7d370\cy12,regen:cy12/12,1.6776,1.5233,25,1,,616.779,deck
,..\2_LP\LOW_Fr_MASTER_result\regen\204400852ac4\cy01,superseded,,,0,0,,,
58e7b59c3ca5855f,..\2_LP\LOW_Fr_MASTER_result\regen\204400852ac4\cy02,superseded,,,0,0,,,deck
58e7b59c3ca5855f,..\2_LP\LOW_Fr_MASTER_result\regen\204400852ac4\cy03,superseded,,,0,0,,,deck
58e7b59c3ca5855f,..\2_LP\LOW_Fr_MASTER_result\regen\204400852ac4\cy04,superseded,,,0,0,,,deck
58e7b59c3ca5855f,..\2_LP\LOW_Fr_MASTER_result\regen\204400852ac4\cy05,superseded,,,0,0,,,deck
58e7b59c3ca5855f,..\2_LP\LOW_Fr_MASTER_result\regen\204400852ac4\cy06,superseded,,,0,0,,,deck
58e7b59c3ca5855f,..\2_LP\LOW_Fr_MASTER_result\regen\204400852ac4\cy07,superseded,,,0,0,,,deck
58e7b59c3ca5855f,..\2_LP\LOW_Fr_MASTER_result\regen\204400852ac4\cy08,superseded,,,0,0,,,deck
58e7b59c3ca5855f,..\2_LP\LOW_Fr_MASTER_result\regen\204400852ac4\cy09,superseded,,,0,0,,,deck
58e7b59c3ca5855f,..\2_LP\LOW_Fr_MASTER_result\regen\204400852ac4\cy10,superseded,,,0,0,,,deck
58e7b59c3ca5855f,..\2_LP\LOW_Fr_MASTER_result\regen\204400852ac4\cy11,regen:cy11/11,1.6092,1.4647,25,1,,623.318,deck
,..\2_LP\LOW_Fr_MASTER_result\regen\208c26e3e980\cy01,superseded,,,0,0,,,
4df41e4c51ed91a3,..\2_LP\LOW_Fr_MASTER_result\regen\208c26e3e980\cy02,superseded,,,0,0,,,deck
4df41e4c51ed91a3,..\2_LP\LOW_Fr_MASTER_result\regen\208c26e3e980\cy03,superseded,,,0,0,,,deck
4df41e4c51ed91a3,..\2_LP\LOW_Fr_MASTER_result\regen\208c26e3e980\cy04,superseded,,,0,0,,,deck
4df41e4c51ed91a3,..\2_LP\LOW_Fr_MASTER_result\regen\208c26e3e980\cy05,superseded,,,0,0,,,deck
4df41e4c51ed91a3,..\2_LP\LOW_Fr_MASTER_result\regen\208c26e3e980\cy06,superseded,,,0,0,,,deck
4df41e4c51ed91a3,..\2_LP\LOW_Fr_MASTER_result\regen\208c26e3e980\cy07,superseded,,,0,0,,,deck
4df41e4c51ed91a3,..\2_LP\LOW_Fr_MASTER_result\regen\208c26e3e980\cy08,superseded,,,0,0,,,deck
4df41e4c51ed91a3,..\2_LP\LOW_Fr_MASTER_result\regen\208c26e3e980\cy09,superseded,,,0,0,,,deck
4df41e4c51ed91a3,..\2_LP\LOW_Fr_MASTER_result\regen\208c26e3e980\cy10,superseded,,,0,0,,,deck
4df41e4c51ed91a3,..\2_LP\LOW_Fr_MASTER_result\regen\208c26e3e980\cy11,superseded,,,0,0,,,deck
4df41e4c51ed91a3,..\2_LP\LOW_Fr_MASTER_result\regen\208c26e3e980\cy12,regen:cy12/12,1.7074,1.5538,25,1,,613.808,deck
,..\2_LP\LOW_Fr_MASTER_result\regen\209d570ade13\cy01,superseded,,,0,0,,,
10600ad93f9400e2,..\2_LP\LOW_Fr_MASTER_result\regen\209d570ade13\cy02,superseded,,,0,0,,,deck
10600ad93f9400e2,..\2_LP\LOW_Fr_MASTER_result\regen\209d570ade13\cy03,superseded,,,0,0,,,deck
10600ad93f9400e2,..\2_LP\LOW_Fr_MASTER_result\regen\209d570ade13\cy04,superseded,,,0,0,,,deck
10600ad93f9400e2,..\2_LP\LOW_Fr_MASTER_result\regen\209d570ade13\cy05,superseded,,,0,0,,,deck
10600ad93f9400e2,..\2_LP\LOW_Fr_MASTER_result\regen\209d570ade13\cy06,superseded,,,0,0,,,deck
10600ad93f9400e2,..\2_LP\LOW_Fr_MASTER_result\regen\209d570ade13\cy07,superseded,,,0,0,,,deck
10600ad93f9400e2,..\2_LP\LOW_Fr_MASTER_result\regen\209d570ade13\cy08,superseded,,,0,0,,,deck
10600ad93f9400e2,..\2_LP\LOW_Fr_MASTER_result\regen\209d570ade13\cy09,superseded,,,0,0,,,deck
10600ad93f9400e2,..\2_LP\LOW_Fr_MASTER_result\regen\209d570ade13\cy10,superseded,,,0,0,,,deck
10600ad93f9400e2,..\2_LP\LOW_Fr_MASTER_result\regen\209d570ade13\cy11,regen:cy11/11,1.758,1.5959,25,1,,619.094,deck
,..\2_LP\LOW_Fr_MASTER_result\regen\21a0d3c9ada1\cy01,superseded,,,0,0,,,
a4eeeca3d279cc80,..\2_LP\LOW_Fr_MASTER_result\regen\21a0d3c9ada1\cy02,superseded,,,0,0,,,deck
a4eeeca3d279cc80,..\2_LP\LOW_Fr_MASTER_result\regen\21a0d3c9ada1\cy03,superseded,,,0,0,,,deck
a4eeeca3d279cc80,..\2_LP\LOW_Fr_MASTER_result\regen\21a0d3c9ada1\cy04,superseded,,,0,0,,,deck
a4eeeca3d279cc80,..\2_LP\LOW_Fr_MASTER_result\regen\21a0d3c9ada1\cy05,superseded,,,0,0,,,deck
a4eeeca3d279cc80,..\2_LP\LOW_Fr_MASTER_result\regen\21a0d3c9ada1\cy06,superseded,,,0,0,,,deck
a4eeeca3d279cc80,..\2_LP\LOW_Fr_MASTER_result\regen\21a0d3c9ada1\cy07,superseded,,,0,0,,,deck
a4eeeca3d279cc80,..\2_LP\LOW_Fr_MASTER_result\regen\21a0d3c9ada1\cy08,superseded,,,0,0,,,deck
a4eeeca3d279cc80,..\2_LP\LOW_Fr_MASTER_result\regen\21a0d3c9ada1\cy09,superseded,,,0,0,,,deck
a4eeeca3d279cc80,..\2_LP\LOW_Fr_MASTER_result\regen\21a0d3c9ada1\cy10,superseded,,,0,0,,,deck
a4eeeca3d279cc80,..\2_LP\LOW_Fr_MASTER_result\regen\21a0d3c9ada1\cy11,superseded,,,0,0,,,deck
a4eeeca3d279cc80,..\2_LP\LOW_Fr_MASTER_result\regen\21a0d3c9ada1\cy12,regen:cy12/12,2.0309,1.7915,25,1,,622.443,deck
,..\2_LP\LOW_Fr_MASTER_result\regen\221b397be96c\cy01,superseded,,,0,0,,,
24e78fef08d290e5,..\2_LP\LOW_Fr_MASTER_result\regen\221b397be96c\cy02,superseded,,,0,0,,,deck
24e78fef08d290e5,..\2_LP\LOW_Fr_MASTER_result\regen\221b397be96c\cy03,superseded,,,0,0,,,deck
24e78fef08d290e5,..\2_LP\LOW_Fr_MASTER_result\regen\221b397be96c\cy04,superseded,,,0,0,,,deck
24e78fef08d290e5,..\2_LP\LOW_Fr_MASTER_result\regen\221b397be96c\cy05,superseded,,,0,0,,,deck
24e78fef08d290e5,..\2_LP\LOW_Fr_MASTER_result\regen\221b397be96c\cy06,superseded,,,0,0,,,deck
24e78fef08d290e5,..\2_LP\LOW_Fr_MASTER_result\regen\221b397be96c\cy07,superseded,,,0,0,,,deck
24e78fef08d290e5,..\2_LP\LOW_Fr_MASTER_result\regen\221b397be96c\cy08,superseded,,,0,0,,,deck
24e78fef08d290e5,..\2_LP\LOW_Fr_MASTER_result\regen\221b397be96c\cy09,superseded,,,0,0,,,deck
24e78fef08d290e5,..\2_LP\LOW_Fr_MASTER_result\regen\221b397be96c\cy10,superseded,,,0,0,,,deck
24e78fef08d290e5,..\2_LP\LOW_Fr_MASTER_result\regen\221b397be96c\cy11,regen:cy11/11,2.5531,2.2764,25,1,,625.763,deck
,..\2_LP\LOW_Fr_MASTER_result\regen\22d370b1d799\cy01,superseded,,,0,0,,,
884529ff04c50079,..\2_LP\LOW_Fr_MASTER_result\regen\22d370b1d799\cy02,superseded,,,0,0,,,deck
884529ff04c50079,..\2_LP\LOW_Fr_MASTER_result\regen\22d370b1d799\cy03,superseded,,,0,0,,,deck
884529ff04c50079,..\2_LP\LOW_Fr_MASTER_result\regen\22d370b1d799\cy04,superseded,,,0,0,,,deck
884529ff04c50079,..\2_LP\LOW_Fr_MASTER_result\regen\22d370b1d799\cy05,superseded,,,0,0,,,deck
884529ff04c50079,..\2_LP\LOW_Fr_MASTER_result\regen\22d370b1d799\cy06,superseded,,,0,0,,,deck
884529ff04c50079,..\2_LP\LOW_Fr_MASTER_result\regen\22d370b1d799\cy07,superseded,,,0,0,,,deck
884529ff04c50079,..\2_LP\LOW_Fr_MASTER_result\regen\22d370b1d799\cy08,superseded,,,0,0,,,deck
884529ff04c50079,..\2_LP\LOW_Fr_MASTER_result\regen\22d370b1d799\cy09,superseded,,,0,0,,,deck
884529ff04c50079,..\2_LP\LOW_Fr_MASTER_result\regen\22d370b1d799\cy10,superseded,,,0,0,,,deck
884529ff04c50079,..\2_LP\LOW_Fr_MASTER_result\regen\22d370b1d799\cy11,superseded,,,0,0,,,deck
884529ff04c50079,..\2_LP\LOW_Fr_MASTER_result\regen\22d370b1d799\cy12,regen:cy12/12,1.8235,1.6029,25,1,,619.019,deck
,..\2_LP\LOW_Fr_MASTER_result\regen\23a2fa1d8bfe\cy01,superseded,,,0,0,,,
f7149e4449938560,..\2_LP\LOW_Fr_MASTER_result\regen\23a2fa1d8bfe\cy02,superseded,,,0,0,,,deck
f7149e4449938560,..\2_LP\LOW_Fr_MASTER_result\regen\23a2fa1d8bfe\cy03,superseded,,,0,0,,,deck
f7149e4449938560,..\2_LP\LOW_Fr_MASTER_result\regen\23a2fa1d8bfe\cy04,superseded,,,0,0,,,deck
f7149e4449938560,..\2_LP\LOW_Fr_MASTER_result\regen\23a2fa1d8bfe\cy05,superseded,,,0,0,,,deck
f7149e4449938560,..\2_LP\LOW_Fr_MASTER_result\regen\23a2fa1d8bfe\cy06,superseded,,,0,0,,,deck
f7149e4449938560,..\2_LP\LOW_Fr_MASTER_result\regen\23a2fa1d8bfe\cy07,superseded,,,0,0,,,deck
f7149e4449938560,..\2_LP\LOW_Fr_MASTER_result\regen\23a2fa1d8bfe\cy08,superseded,,,0,0,,,deck
f7149e4449938560,..\2_LP\LOW_Fr_MASTER_result\regen\23a2fa1d8bfe\cy09,superseded,,,0,0,,,deck
f7149e4449938560,..\2_LP\LOW_Fr_MASTER_result\regen\23a2fa1d8bfe\cy10,superseded,,,0,0,,,deck
f7149e4449938560,..\2_LP\LOW_Fr_MASTER_result\regen\23a2fa1d8bfe\cy11,superseded,,,0,0,,,deck
f7149e4449938560,..\2_LP\LOW_Fr_MASTER_result\regen\23a2fa1d8bfe\cy12,regen:cy12/12,1.5955,1.4713,25,1,,617.211,deck
,..\2_LP\LOW_Fr_MASTER_result\regen\23f387ce559a\cy01,superseded,,,0,0,,,
529d2cd257c892e7,..\2_LP\LOW_Fr_MASTER_result\regen\23f387ce559a\cy02,superseded,,,0,0,,,deck
529d2cd257c892e7,..\2_LP\LOW_Fr_MASTER_result\regen\23f387ce559a\cy03,superseded,,,0,0,,,deck
529d2cd257c892e7,..\2_LP\LOW_Fr_MASTER_result\regen\23f387ce559a\cy04,superseded,,,0,0,,,deck
529d2cd257c892e7,..\2_LP\LOW_Fr_MASTER_result\regen\23f387ce559a\cy05,superseded,,,0,0,,,deck
529d2cd257c892e7,..\2_LP\LOW_Fr_MASTER_result\regen\23f387ce559a\cy06,superseded,,,0,0,,,deck
529d2cd257c892e7,..\2_LP\LOW_Fr_MASTER_result\regen\23f387ce559a\cy07,superseded,,,0,0,,,deck
529d2cd257c892e7,..\2_LP\LOW_Fr_MASTER_result\regen\23f387ce559a\cy08,superseded,,,0,0,,,deck
529d2cd257c892e7,..\2_LP\LOW_Fr_MASTER_result\regen\23f387ce559a\cy09,superseded,,,0,0,,,deck
529d2cd257c892e7,..\2_LP\LOW_Fr_MASTER_result\regen\23f387ce559a\cy10,superseded,,,0,0,,,deck
529d2cd257c892e7,..\2_LP\LOW_Fr_MASTER_result\regen\23f387ce559a\cy11,superseded,,,0,0,,,deck
529d2cd257c892e7,..\2_LP\LOW_Fr_MASTER_result\regen\23f387ce559a\cy12,regen:cy12/12,1.6795,1.5318,25,1,,619.804,deck
,..\2_LP\LOW_Fr_MASTER_result\regen\24f6f18332f9\cy01,superseded,,,0,0,,,
b157af1b7a0c58c7,..\2_LP\LOW_Fr_MASTER_result\regen\24f6f18332f9\cy02,superseded,,,0,0,,,deck
b157af1b7a0c58c7,..\2_LP\LOW_Fr_MASTER_result\regen\24f6f18332f9\cy03,superseded,,,0,0,,,deck
b157af1b7a0c58c7,..\2_LP\LOW_Fr_MASTER_result\regen\24f6f18332f9\cy04,superseded,,,0,0,,,deck
b157af1b7a0c58c7,..\2_LP\LOW_Fr_MASTER_result\regen\24f6f18332f9\cy05,superseded,,,0,0,,,deck
b157af1b7a0c58c7,..\2_LP\LOW_Fr_MASTER_result\regen\24f6f18332f9\cy06,superseded,,,0,0,,,deck
b157af1b7a0c58c7,..\2_LP\LOW_Fr_MASTER_result\regen\24f6f18332f9\cy07,superseded,,,0,0,,,deck
b157af1b7a0c58c7,..\2_LP\LOW_Fr_MASTER_result\regen\24f6f18332f9\cy08,superseded,,,0,0,,,deck
b157af1b7a0c58c7,..\2_LP\LOW_Fr_MASTER_result\regen\24f6f18332f9\cy09,superseded,,,0,0,,,deck
b157af1b7a0c58c7,..\2_LP\LOW_Fr_MASTER_result\regen\24f6f18332f9\cy10,superseded,,,0,0,,,deck
b157af1b7a0c58c7,..\2_LP\LOW_Fr_MASTER_result\regen\24f6f18332f9\cy11,superseded,,,0,0,,,deck
b157af1b7a0c58c7,..\2_LP\LOW_Fr_MASTER_result\regen\24f6f18332f9\cy12,regen:cy12/12,1.8201,1.6089,25,1,,622.225,deck
,..\2_LP\LOW_Fr_MASTER_result\regen\259637b46eb6\cy01,superseded,,,0,0,,,
980babed8ce5374a,..\2_LP\LOW_Fr_MASTER_result\regen\259637b46eb6\cy02,superseded,,,0,0,,,deck
980babed8ce5374a,..\2_LP\LOW_Fr_MASTER_result\regen\259637b46eb6\cy03,superseded,,,0,0,,,deck
980babed8ce5374a,..\2_LP\LOW_Fr_MASTER_result\regen\259637b46eb6\cy04,superseded,,,0,0,,,deck
980babed8ce5374a,..\2_LP\LOW_Fr_MASTER_result\regen\259637b46eb6\cy05,superseded,,,0,0,,,deck
980babed8ce5374a,..\2_LP\LOW_Fr_MASTER_result\regen\259637b46eb6\cy06,superseded,,,0,0,,,deck
980babed8ce5374a,..\2_LP\LOW_Fr_MASTER_result\regen\259637b46eb6\cy07,superseded,,,0,0,,,deck
980babed8ce5374a,..\2_LP\LOW_Fr_MASTER_result\regen\259637b46eb6\cy08,superseded,,,0,0,,,deck
980babed8ce5374a,..\2_LP\LOW_Fr_MASTER_result\regen\259637b46eb6\cy09,superseded,,,0,0,,,deck
980babed8ce5374a,..\2_LP\LOW_Fr_MASTER_result\regen\259637b46eb6\cy10,superseded,,,0,0,,,deck
980babed8ce5374a,..\2_LP\LOW_Fr_MASTER_result\regen\259637b46eb6\cy11,regen:cy11/11,1.5983,1.4585,25,1,,622.449,deck
,..\2_LP\LOW_Fr_MASTER_result\regen\25f936adeaa5\cy01,superseded,,,0,0,,,
83dafc9d8778e2f9,..\2_LP\LOW_Fr_MASTER_result\regen\25f936adeaa5\cy02,superseded,,,0,0,,,deck
83dafc9d8778e2f9,..\2_LP\LOW_Fr_MASTER_result\regen\25f936adeaa5\cy03,superseded,,,0,0,,,deck
83dafc9d8778e2f9,..\2_LP\LOW_Fr_MASTER_result\regen\25f936adeaa5\cy04,superseded,,,0,0,,,deck
83dafc9d8778e2f9,..\2_LP\LOW_Fr_MASTER_result\regen\25f936adeaa5\cy05,superseded,,,0,0,,,deck
83dafc9d8778e2f9,..\2_LP\LOW_Fr_MASTER_result\regen\25f936adeaa5\cy06,superseded,,,0,0,,,deck
83dafc9d8778e2f9,..\2_LP\LOW_Fr_MASTER_result\regen\25f936adeaa5\cy07,superseded,,,0,0,,,deck
83dafc9d8778e2f9,..\2_LP\LOW_Fr_MASTER_result\regen\25f936adeaa5\cy08,superseded,,,0,0,,,deck
83dafc9d8778e2f9,..\2_LP\LOW_Fr_MASTER_result\regen\25f936adeaa5\cy09,superseded,,,0,0,,,deck
83dafc9d8778e2f9,..\2_LP\LOW_Fr_MASTER_result\regen\25f936adeaa5\cy10,superseded,,,0,0,,,deck
83dafc9d8778e2f9,..\2_LP\LOW_Fr_MASTER_result\regen\25f936adeaa5\cy11,superseded,,,0,0,,,deck
83dafc9d8778e2f9,..\2_LP\LOW_Fr_MASTER_result\regen\25f936adeaa5\cy12,regen:cy12/12,1.8061,1.5978,25,1,,622.233,deck
,..\2_LP\LOW_Fr_MASTER_result\regen\262cfd84e6c6\cy01,superseded,,,0,0,,,
73b6dafd7629f585,..\2_LP\LOW_Fr_MASTER_result\regen\262cfd84e6c6\cy02,superseded,,,0,0,,,deck
73b6dafd7629f585,..\2_LP\LOW_Fr_MASTER_result\regen\262cfd84e6c6\cy03,superseded,,,0,0,,,deck
73b6dafd7629f585,..\2_LP\LOW_Fr_MASTER_result\regen\262cfd84e6c6\cy04,superseded,,,0,0,,,deck
73b6dafd7629f585,..\2_LP\LOW_Fr_MASTER_result\regen\262cfd84e6c6\cy05,superseded,,,0,0,,,deck
73b6dafd7629f585,..\2_LP\LOW_Fr_MASTER_result\regen\262cfd84e6c6\cy06,superseded,,,0,0,,,deck
73b6dafd7629f585,..\2_LP\LOW_Fr_MASTER_result\regen\262cfd84e6c6\cy07,superseded,,,0,0,,,deck
73b6dafd7629f585,..\2_LP\LOW_Fr_MASTER_result\regen\262cfd84e6c6\cy08,superseded,,,0,0,,,deck
73b6dafd7629f585,..\2_LP\LOW_Fr_MASTER_result\regen\262cfd84e6c6\cy09,superseded,,,0,0,,,deck
73b6dafd7629f585,..\2_LP\LOW_Fr_MASTER_result\regen\262cfd84e6c6\cy10,regen:cy10/10,1.6128,1.4651,25,1,,623.483,deck
,..\2_LP\LOW_Fr_MASTER_result\regen\2664d2a59b6d\cy01,superseded,,,0,0,,,
fd86e729491bba16,..\2_LP\LOW_Fr_MASTER_result\regen\2664d2a59b6d\cy02,superseded,,,0,0,,,deck
fd86e729491bba16,..\2_LP\LOW_Fr_MASTER_result\regen\2664d2a59b6d\cy03,superseded,,,0,0,,,deck
fd86e729491bba16,..\2_LP\LOW_Fr_MASTER_result\regen\2664d2a59b6d\cy04,superseded,,,0,0,,,deck
fd86e729491bba16,..\2_LP\LOW_Fr_MASTER_result\regen\2664d2a59b6d\cy05,superseded,,,0,0,,,deck
fd86e729491bba16,..\2_LP\LOW_Fr_MASTER_result\regen\2664d2a59b6d\cy06,superseded,,,0,0,,,deck
fd86e729491bba16,..\2_LP\LOW_Fr_MASTER_result\regen\2664d2a59b6d\cy07,superseded,,,0,0,,,deck
fd86e729491bba16,..\2_LP\LOW_Fr_MASTER_result\regen\2664d2a59b6d\cy08,superseded,,,0,0,,,deck
fd86e729491bba16,..\2_LP\LOW_Fr_MASTER_result\regen\2664d2a59b6d\cy09,superseded,,,0,0,,,deck
fd86e729491bba16,..\2_LP\LOW_Fr_MASTER_result\regen\2664d2a59b6d\cy10,superseded,,,0,0,,,deck
fd86e729491bba16,..\2_LP\LOW_Fr_MASTER_result\regen\2664d2a59b6d\cy11,superseded,,,0,0,,,deck
fd86e729491bba16,..\2_LP\LOW_Fr_MASTER_result\regen\2664d2a59b6d\cy12,regen:cy12/12,1.7876,1.58,25,1,,621.827,deck
,..\2_LP\LOW_Fr_MASTER_result\regen\26888b832b8d\cy01,superseded,,,0,0,,,
2ff63e513000929e,..\2_LP\LOW_Fr_MASTER_result\regen\26888b832b8d\cy02,superseded,,,0,0,,,deck
2ff63e513000929e,..\2_LP\LOW_Fr_MASTER_result\regen\26888b832b8d\cy03,superseded,,,0,0,,,deck
2ff63e513000929e,..\2_LP\LOW_Fr_MASTER_result\regen\26888b832b8d\cy04,superseded,,,0,0,,,deck
2ff63e513000929e,..\2_LP\LOW_Fr_MASTER_result\regen\26888b832b8d\cy05,superseded,,,0,0,,,deck
2ff63e513000929e,..\2_LP\LOW_Fr_MASTER_result\regen\26888b832b8d\cy06,superseded,,,0,0,,,deck
2ff63e513000929e,..\2_LP\LOW_Fr_MASTER_result\regen\26888b832b8d\cy07,superseded,,,0,0,,,deck
2ff63e513000929e,..\2_LP\LOW_Fr_MASTER_result\regen\26888b832b8d\cy08,superseded,,,0,0,,,deck
2ff63e513000929e,..\2_LP\LOW_Fr_MASTER_result\regen\26888b832b8d\cy09,superseded,,,0,0,,,deck
2ff63e513000929e,..\2_LP\LOW_Fr_MASTER_result\regen\26888b832b8d\cy10,superseded,,,0,0,,,deck
2ff63e513000929e,..\2_LP\LOW_Fr_MASTER_result\regen\26888b832b8d\cy11,superseded,,,0,0,,,deck
2ff63e513000929e,..\2_LP\LOW_Fr_MASTER_result\regen\26888b832b8d\cy12,regen:cy12/12,1.8246,1.6253,25,1,,619.101,deck
,..\2_LP\LOW_Fr_MASTER_result\regen\26b09ef6d491\cy01,superseded,,,0,0,,,
582ef93c0f996cb3,..\2_LP\LOW_Fr_MASTER_result\regen\26b09ef6d491\cy02,superseded,,,0,0,,,deck
582ef93c0f996cb3,..\2_LP\LOW_Fr_MASTER_result\regen\26b09ef6d491\cy03,superseded,,,0,0,,,deck
582ef93c0f996cb3,..\2_LP\LOW_Fr_MASTER_result\regen\26b09ef6d491\cy04,superseded,,,0,0,,,deck
582ef93c0f996cb3,..\2_LP\LOW_Fr_MASTER_result\regen\26b09ef6d491\cy05,superseded,,,0,0,,,deck
582ef93c0f996cb3,..\2_LP\LOW_Fr_MASTER_result\regen\26b09ef6d491\cy06,superseded,,,0,0,,,deck
582ef93c0f996cb3,..\2_LP\LOW_Fr_MASTER_result\regen\26b09ef6d491\cy07,superseded,,,0,0,,,deck
582ef93c0f996cb3,..\2_LP\LOW_Fr_MASTER_result\regen\26b09ef6d491\cy08,superseded,,,0,0,,,deck
582ef93c0f996cb3,..\2_LP\LOW_Fr_MASTER_result\regen\26b09ef6d491\cy09,superseded,,,0,0,,,deck
582ef93c0f996cb3,..\2_LP\LOW_Fr_MASTER_result\regen\26b09ef6d491\cy10,superseded,,,0,0,,,deck
582ef93c0f996cb3,..\2_LP\LOW_Fr_MASTER_result\regen\26b09ef6d491\cy11,superseded,,,0,0,,,deck
582ef93c0f996cb3,..\2_LP\LOW_Fr_MASTER_result\regen\26b09ef6d491\cy12,regen:cy12/12,1.6705,1.4753,25,1,,617.443,deck
,..\2_LP\LOW_Fr_MASTER_result\regen\26bc73d26e83\cy01,superseded,,,0,0,,,
7c1d2dae19f48a1b,..\2_LP\LOW_Fr_MASTER_result\regen\26bc73d26e83\cy02,superseded,,,0,0,,,deck
7c1d2dae19f48a1b,..\2_LP\LOW_Fr_MASTER_result\regen\26bc73d26e83\cy03,superseded,,,0,0,,,deck
7c1d2dae19f48a1b,..\2_LP\LOW_Fr_MASTER_result\regen\26bc73d26e83\cy04,superseded,,,0,0,,,deck
7c1d2dae19f48a1b,..\2_LP\LOW_Fr_MASTER_result\regen\26bc73d26e83\cy05,superseded,,,0,0,,,deck
7c1d2dae19f48a1b,..\2_LP\LOW_Fr_MASTER_result\regen\26bc73d26e83\cy06,superseded,,,0,0,,,deck
7c1d2dae19f48a1b,..\2_LP\LOW_Fr_MASTER_result\regen\26bc73d26e83\cy07,superseded,,,0,0,,,deck
7c1d2dae19f48a1b,..\2_LP\LOW_Fr_MASTER_result\regen\26bc73d26e83\cy08,superseded,,,0,0,,,deck
7c1d2dae19f48a1b,..\2_LP\LOW_Fr_MASTER_result\regen\26bc73d26e83\cy09,superseded,,,0,0,,,deck
7c1d2dae19f48a1b,..\2_LP\LOW_Fr_MASTER_result\regen\26bc73d26e83\cy10,superseded,,,0,0,,,deck
7c1d2dae19f48a1b,..\2_LP\LOW_Fr_MASTER_result\regen\26bc73d26e83\cy11,superseded,,,0,0,,,deck
7c1d2dae19f48a1b,..\2_LP\LOW_Fr_MASTER_result\regen\26bc73d26e83\cy12,regen:cy12/12,1.7823,1.5769,25,1,,619.511,deck
,..\2_LP\LOW_Fr_MASTER_result\regen\26c858d73075\cy01,superseded,,,0,0,,,
d7954b6dac088d89,..\2_LP\LOW_Fr_MASTER_result\regen\26c858d73075\cy02,superseded,,,0,0,,,deck
d7954b6dac088d89,..\2_LP\LOW_Fr_MASTER_result\regen\26c858d73075\cy03,superseded,,,0,0,,,deck
d7954b6dac088d89,..\2_LP\LOW_Fr_MASTER_result\regen\26c858d73075\cy04,superseded,,,0,0,,,deck
d7954b6dac088d89,..\2_LP\LOW_Fr_MASTER_result\regen\26c858d73075\cy05,superseded,,,0,0,,,deck
d7954b6dac088d89,..\2_LP\LOW_Fr_MASTER_result\regen\26c858d73075\cy06,superseded,,,0,0,,,deck
d7954b6dac088d89,..\2_LP\LOW_Fr_MASTER_result\regen\26c858d73075\cy07,superseded,,,0,0,,,deck
d7954b6dac088d89,..\2_LP\LOW_Fr_MASTER_result\regen\26c858d73075\cy08,superseded,,,0,0,,,deck
d7954b6dac088d89,..\2_LP\LOW_Fr_MASTER_result\regen\26c858d73075\cy09,superseded,,,0,0,,,deck
d7954b6dac088d89,..\2_LP\LOW_Fr_MASTER_result\regen\26c858d73075\cy10,superseded,,,0,0,,,deck
d7954b6dac088d89,..\2_LP\LOW_Fr_MASTER_result\regen\26c858d73075\cy11,superseded,,,0,0,,,deck
d7954b6dac088d89,..\2_LP\LOW_Fr_MASTER_result\regen\26c858d73075\cy12,regen:cy12/12,1.6926,1.498,25,1,,618.902,deck
,..\2_LP\LOW_Fr_MASTER_result\regen\270b39d83ec3\cy01,superseded,,,0,0,,,
824ebec714b75dd6,..\2_LP\LOW_Fr_MASTER_result\regen\270b39d83ec3\cy02,superseded,,,0,0,,,deck
824ebec714b75dd6,..\2_LP\LOW_Fr_MASTER_result\regen\270b39d83ec3\cy03,superseded,,,0,0,,,deck
824ebec714b75dd6,..\2_LP\LOW_Fr_MASTER_result\regen\270b39d83ec3\cy04,superseded,,,0,0,,,deck
824ebec714b75dd6,..\2_LP\LOW_Fr_MASTER_result\regen\270b39d83ec3\cy05,superseded,,,0,0,,,deck
824ebec714b75dd6,..\2_LP\LOW_Fr_MASTER_result\regen\270b39d83ec3\cy06,superseded,,,0,0,,,deck
824ebec714b75dd6,..\2_LP\LOW_Fr_MASTER_result\regen\270b39d83ec3\cy07,superseded,,,0,0,,,deck
824ebec714b75dd6,..\2_LP\LOW_Fr_MASTER_result\regen\270b39d83ec3\cy08,superseded,,,0,0,,,deck
824ebec714b75dd6,..\2_LP\LOW_Fr_MASTER_result\regen\270b39d83ec3\cy09,superseded,,,0,0,,,deck
824ebec714b75dd6,..\2_LP\LOW_Fr_MASTER_result\regen\270b39d83ec3\cy10,superseded,,,0,0,,,deck
824ebec714b75dd6,..\2_LP\LOW_Fr_MASTER_result\regen\270b39d83ec3\cy11,superseded,,,0,0,,,deck
824ebec714b75dd6,..\2_LP\LOW_Fr_MASTER_result\regen\270b39d83ec3\cy12,regen:cy12/12,1.7698,1.6084,25,1,,619.844,deck
,..\2_LP\LOW_Fr_MASTER_result\regen\27cad9fdb153\cy01,superseded,,,0,0,,,
5bde5873c754ed49,..\2_LP\LOW_Fr_MASTER_result\regen\27cad9fdb153\cy02,superseded,,,0,0,,,deck
5bde5873c754ed49,..\2_LP\LOW_Fr_MASTER_result\regen\27cad9fdb153\cy03,superseded,,,0,0,,,deck
5bde5873c754ed49,..\2_LP\LOW_Fr_MASTER_result\regen\27cad9fdb153\cy04,superseded,,,0,0,,,deck
5bde5873c754ed49,..\2_LP\LOW_Fr_MASTER_result\regen\27cad9fdb153\cy05,superseded,,,0,0,,,deck
5bde5873c754ed49,..\2_LP\LOW_Fr_MASTER_result\regen\27cad9fdb153\cy06,superseded,,,0,0,,,deck
5bde5873c754ed49,..\2_LP\LOW_Fr_MASTER_result\regen\27cad9fdb153\cy07,superseded,,,0,0,,,deck
5bde5873c754ed49,..\2_LP\LOW_Fr_MASTER_result\regen\27cad9fdb153\cy08,superseded,,,0,0,,,deck
5bde5873c754ed49,..\2_LP\LOW_Fr_MASTER_result\regen\27cad9fdb153\cy09,superseded,,,0,0,,,deck
5bde5873c754ed49,..\2_LP\LOW_Fr_MASTER_result\regen\27cad9fdb153\cy10,superseded,,,0,0,,,deck
5bde5873c754ed49,..\2_LP\LOW_Fr_MASTER_result\regen\27cad9fdb153\cy11,superseded,,,0,0,,,deck
5bde5873c754ed49,..\2_LP\LOW_Fr_MASTER_result\regen\27cad9fdb153\cy12,regen:cy12/12,1.6326,1.4294,25,1,,617.244,deck
,..\2_LP\LOW_Fr_MASTER_result\regen\286b3944b2fb\cy01,superseded,,,0,0,,,
b10b383dd725e26e,..\2_LP\LOW_Fr_MASTER_result\regen\286b3944b2fb\cy02,superseded,,,0,0,,,deck
b10b383dd725e26e,..\2_LP\LOW_Fr_MASTER_result\regen\286b3944b2fb\cy03,superseded,,,0,0,,,deck
b10b383dd725e26e,..\2_LP\LOW_Fr_MASTER_result\regen\286b3944b2fb\cy04,superseded,,,0,0,,,deck
b10b383dd725e26e,..\2_LP\LOW_Fr_MASTER_result\regen\286b3944b2fb\cy05,superseded,,,0,0,,,deck
b10b383dd725e26e,..\2_LP\LOW_Fr_MASTER_result\regen\286b3944b2fb\cy06,superseded,,,0,0,,,deck
b10b383dd725e26e,..\2_LP\LOW_Fr_MASTER_result\regen\286b3944b2fb\cy07,superseded,,,0,0,,,deck
b10b383dd725e26e,..\2_LP\LOW_Fr_MASTER_result\regen\286b3944b2fb\cy08,superseded,,,0,0,,,deck
b10b383dd725e26e,..\2_LP\LOW_Fr_MASTER_result\regen\286b3944b2fb\cy09,superseded,,,0,0,,,deck
b10b383dd725e26e,..\2_LP\LOW_Fr_MASTER_result\regen\286b3944b2fb\cy10,regen:cy10/10,1.7859,1.6055,25,1,,619.318,deck
,..\2_LP\LOW_Fr_MASTER_result\regen\287ed8225a22\cy01,superseded,,,0,0,,,
3e18418ef365de02,..\2_LP\LOW_Fr_MASTER_result\regen\287ed8225a22\cy02,superseded,,,0,0,,,deck
3e18418ef365de02,..\2_LP\LOW_Fr_MASTER_result\regen\287ed8225a22\cy03,superseded,,,0,0,,,deck
3e18418ef365de02,..\2_LP\LOW_Fr_MASTER_result\regen\287ed8225a22\cy04,superseded,,,0,0,,,deck
3e18418ef365de02,..\2_LP\LOW_Fr_MASTER_result\regen\287ed8225a22\cy05,superseded,,,0,0,,,deck
3e18418ef365de02,..\2_LP\LOW_Fr_MASTER_result\regen\287ed8225a22\cy06,superseded,,,0,0,,,deck
3e18418ef365de02,..\2_LP\LOW_Fr_MASTER_result\regen\287ed8225a22\cy07,superseded,,,0,0,,,deck
3e18418ef365de02,..\2_LP\LOW_Fr_MASTER_result\regen\287ed8225a22\cy08,superseded,,,0,0,,,deck
3e18418ef365de02,..\2_LP\LOW_Fr_MASTER_result\regen\287ed8225a22\cy09,superseded,,,0,0,,,deck
3e18418ef365de02,..\2_LP\LOW_Fr_MASTER_result\regen\287ed8225a22\cy10,superseded,,,0,0,,,deck
3e18418ef365de02,..\2_LP\LOW_Fr_MASTER_result\regen\287ed8225a22\cy11,superseded,,,0,0,,,deck
3e18418ef365de02,..\2_LP\LOW_Fr_MASTER_result\regen\287ed8225a22\cy12,regen:cy12/12,1.622,1.4637,25,1,,622.531,deck
,..\2_LP\LOW_Fr_MASTER_result\regen\28c0b57c0741\cy01,superseded,,,0,0,,,
526e68132e1f7efa,..\2_LP\LOW_Fr_MASTER_result\regen\28c0b57c0741\cy02,superseded,,,0,0,,,deck
526e68132e1f7efa,..\2_LP\LOW_Fr_MASTER_result\regen\28c0b57c0741\cy03,superseded,,,0,0,,,deck
526e68132e1f7efa,..\2_LP\LOW_Fr_MASTER_result\regen\28c0b57c0741\cy04,superseded,,,0,0,,,deck
526e68132e1f7efa,..\2_LP\LOW_Fr_MASTER_result\regen\28c0b57c0741\cy05,superseded,,,0,0,,,deck
526e68132e1f7efa,..\2_LP\LOW_Fr_MASTER_result\regen\28c0b57c0741\cy06,superseded,,,0,0,,,deck
526e68132e1f7efa,..\2_LP\LOW_Fr_MASTER_result\regen\28c0b57c0741\cy07,superseded,,,0,0,,,deck
526e68132e1f7efa,..\2_LP\LOW_Fr_MASTER_result\regen\28c0b57c0741\cy08,superseded,,,0,0,,,deck
526e68132e1f7efa,..\2_LP\LOW_Fr_MASTER_result\regen\28c0b57c0741\cy09,superseded,,,0,0,,,deck
526e68132e1f7efa,..\2_LP\LOW_Fr_MASTER_result\regen\28c0b57c0741\cy10,superseded,,,0,0,,,deck
526e68132e1f7efa,..\2_LP\LOW_Fr_MASTER_result\regen\28c0b57c0741\cy11,regen:cy11/11,1.6663,1.5364,25,1,,622.004,deck
,..\2_LP\LOW_Fr_MASTER_result\regen\28e7969971e6\cy01,no_digest,,,0,0,,,
,..\2_LP\LOW_Fr_MASTER_result\regen\294709013cdb\cy01,superseded,,,0,0,,,
b784388e1a97e3f8,..\2_LP\LOW_Fr_MASTER_result\regen\294709013cdb\cy02,superseded,,,0,0,,,deck
b784388e1a97e3f8,..\2_LP\LOW_Fr_MASTER_result\regen\294709013cdb\cy03,superseded,,,0,0,,,deck
b784388e1a97e3f8,..\2_LP\LOW_Fr_MASTER_result\regen\294709013cdb\cy04,superseded,,,0,0,,,deck
b784388e1a97e3f8,..\2_LP\LOW_Fr_MASTER_result\regen\294709013cdb\cy05,superseded,,,0,0,,,deck
b784388e1a97e3f8,..\2_LP\LOW_Fr_MASTER_result\regen\294709013cdb\cy06,superseded,,,0,0,,,deck
b784388e1a97e3f8,..\2_LP\LOW_Fr_MASTER_result\regen\294709013cdb\cy07,superseded,,,0,0,,,deck
b784388e1a97e3f8,..\2_LP\LOW_Fr_MASTER_result\regen\294709013cdb\cy08,superseded,,,0,0,,,deck
b784388e1a97e3f8,..\2_LP\LOW_Fr_MASTER_result\regen\294709013cdb\cy09,superseded,,,0,0,,,deck
b784388e1a97e3f8,..\2_LP\LOW_Fr_MASTER_result\regen\294709013cdb\cy10,regen:cy10/10,1.708,1.5582,25,1,,621.608,deck
,..\2_LP\LOW_Fr_MASTER_result\regen\297f514b6bed\cy01,superseded,,,0,0,,,
6e414ec5460780c3,..\2_LP\LOW_Fr_MASTER_result\regen\297f514b6bed\cy02,superseded,,,0,0,,,deck
6e414ec5460780c3,..\2_LP\LOW_Fr_MASTER_result\regen\297f514b6bed\cy03,superseded,,,0,0,,,deck
6e414ec5460780c3,..\2_LP\LOW_Fr_MASTER_result\regen\297f514b6bed\cy04,superseded,,,0,0,,,deck
6e414ec5460780c3,..\2_LP\LOW_Fr_MASTER_result\regen\297f514b6bed\cy05,superseded,,,0,0,,,deck
6e414ec5460780c3,..\2_LP\LOW_Fr_MASTER_result\regen\297f514b6bed\cy06,superseded,,,0,0,,,deck
6e414ec5460780c3,..\2_LP\LOW_Fr_MASTER_result\regen\297f514b6bed\cy07,superseded,,,0,0,,,deck
6e414ec5460780c3,..\2_LP\LOW_Fr_MASTER_result\regen\297f514b6bed\cy08,superseded,,,0,0,,,deck
6e414ec5460780c3,..\2_LP\LOW_Fr_MASTER_result\regen\297f514b6bed\cy09,superseded,,,0,0,,,deck
6e414ec5460780c3,..\2_LP\LOW_Fr_MASTER_result\regen\297f514b6bed\cy10,superseded,,,0,0,,,deck
6e414ec5460780c3,..\2_LP\LOW_Fr_MASTER_result\regen\297f514b6bed\cy11,regen:cy11/11,1.7311,1.5578,25,1,,614.11,deck
,..\2_LP\LOW_Fr_MASTER_result\regen\2aeb0f5a0d61\cy01,superseded,,,0,0,,,
2d5da8a30113fce0,..\2_LP\LOW_Fr_MASTER_result\regen\2aeb0f5a0d61\cy02,superseded,,,0,0,,,deck
2d5da8a30113fce0,..\2_LP\LOW_Fr_MASTER_result\regen\2aeb0f5a0d61\cy03,superseded,,,0,0,,,deck
2d5da8a30113fce0,..\2_LP\LOW_Fr_MASTER_result\regen\2aeb0f5a0d61\cy04,superseded,,,0,0,,,deck
2d5da8a30113fce0,..\2_LP\LOW_Fr_MASTER_result\regen\2aeb0f5a0d61\cy05,superseded,,,0,0,,,deck
2d5da8a30113fce0,..\2_LP\LOW_Fr_MASTER_result\regen\2aeb0f5a0d61\cy06,superseded,,,0,0,,,deck
2d5da8a30113fce0,..\2_LP\LOW_Fr_MASTER_result\regen\2aeb0f5a0d61\cy07,superseded,,,0,0,,,deck
2d5da8a30113fce0,..\2_LP\LOW_Fr_MASTER_result\regen\2aeb0f5a0d61\cy08,superseded,,,0,0,,,deck
2d5da8a30113fce0,..\2_LP\LOW_Fr_MASTER_result\regen\2aeb0f5a0d61\cy09,superseded,,,0,0,,,deck
2d5da8a30113fce0,..\2_LP\LOW_Fr_MASTER_result\regen\2aeb0f5a0d61\cy10,superseded,,,0,0,,,deck
2d5da8a30113fce0,..\2_LP\LOW_Fr_MASTER_result\regen\2aeb0f5a0d61\cy11,superseded,,,0,0,,,deck
2d5da8a30113fce0,..\2_LP\LOW_Fr_MASTER_result\regen\2aeb0f5a0d61\cy12,regen:cy12/12,1.8133,1.6098,25,1,,620.766,deck
,..\2_LP\LOW_Fr_MASTER_result\regen\2afc709bb98b\cy01,superseded,,,0,0,,,
df51258527706dde,..\2_LP\LOW_Fr_MASTER_result\regen\2afc709bb98b\cy02,superseded,,,0,0,,,deck
df51258527706dde,..\2_LP\LOW_Fr_MASTER_result\regen\2afc709bb98b\cy03,superseded,,,0,0,,,deck
df51258527706dde,..\2_LP\LOW_Fr_MASTER_result\regen\2afc709bb98b\cy04,superseded,,,0,0,,,deck
df51258527706dde,..\2_LP\LOW_Fr_MASTER_result\regen\2afc709bb98b\cy05,superseded,,,0,0,,,deck
df51258527706dde,..\2_LP\LOW_Fr_MASTER_result\regen\2afc709bb98b\cy06,superseded,,,0,0,,,deck
df51258527706dde,..\2_LP\LOW_Fr_MASTER_result\regen\2afc709bb98b\cy07,superseded,,,0,0,,,deck
df51258527706dde,..\2_LP\LOW_Fr_MASTER_result\regen\2afc709bb98b\cy08,superseded,,,0,0,,,deck
df51258527706dde,..\2_LP\LOW_Fr_MASTER_result\regen\2afc709bb98b\cy09,superseded,,,0,0,,,deck
df51258527706dde,..\2_LP\LOW_Fr_MASTER_result\regen\2afc709bb98b\cy10,superseded,,,0,0,,,deck
df51258527706dde,..\2_LP\LOW_Fr_MASTER_result\regen\2afc709bb98b\cy11,superseded,,,0,0,,,deck
df51258527706dde,..\2_LP\LOW_Fr_MASTER_result\regen\2afc709bb98b\cy12,regen:cy12/12,1.794,1.5608,25,1,,617.161,deck
,..\2_LP\LOW_Fr_MASTER_result\regen\2b1b8fc19f49\cy01,superseded,,,0,0,,,
66cc9742abcc2ace,..\2_LP\LOW_Fr_MASTER_result\regen\2b1b8fc19f49\cy02,superseded,,,0,0,,,deck
66cc9742abcc2ace,..\2_LP\LOW_Fr_MASTER_result\regen\2b1b8fc19f49\cy03,superseded,,,0,0,,,deck
66cc9742abcc2ace,..\2_LP\LOW_Fr_MASTER_result\regen\2b1b8fc19f49\cy04,superseded,,,0,0,,,deck
66cc9742abcc2ace,..\2_LP\LOW_Fr_MASTER_result\regen\2b1b8fc19f49\cy05,superseded,,,0,0,,,deck
66cc9742abcc2ace,..\2_LP\LOW_Fr_MASTER_result\regen\2b1b8fc19f49\cy06,superseded,,,0,0,,,deck
66cc9742abcc2ace,..\2_LP\LOW_Fr_MASTER_result\regen\2b1b8fc19f49\cy07,superseded,,,0,0,,,deck
66cc9742abcc2ace,..\2_LP\LOW_Fr_MASTER_result\regen\2b1b8fc19f49\cy08,superseded,,,0,0,,,deck
66cc9742abcc2ace,..\2_LP\LOW_Fr_MASTER_result\regen\2b1b8fc19f49\cy09,superseded,,,0,0,,,deck
66cc9742abcc2ace,..\2_LP\LOW_Fr_MASTER_result\regen\2b1b8fc19f49\cy10,superseded,,,0,0,,,deck
66cc9742abcc2ace,..\2_LP\LOW_Fr_MASTER_result\regen\2b1b8fc19f49\cy11,superseded,,,0,0,,,deck
66cc9742abcc2ace,..\2_LP\LOW_Fr_MASTER_result\regen\2b1b8fc19f49\cy12,regen:cy12/12,1.7679,1.6297,25,1,,620.031,deck
,..\2_LP\LOW_Fr_MASTER_result\regen\2b670c0191ac\cy01,superseded,,,0,0,,,
fd3cedb031f0f4ec,..\2_LP\LOW_Fr_MASTER_result\regen\2b670c0191ac\cy02,superseded,,,0,0,,,deck
fd3cedb031f0f4ec,..\2_LP\LOW_Fr_MASTER_result\regen\2b670c0191ac\cy03,superseded,,,0,0,,,deck
fd3cedb031f0f4ec,..\2_LP\LOW_Fr_MASTER_result\regen\2b670c0191ac\cy04,superseded,,,0,0,,,deck
fd3cedb031f0f4ec,..\2_LP\LOW_Fr_MASTER_result\regen\2b670c0191ac\cy05,superseded,,,0,0,,,deck
fd3cedb031f0f4ec,..\2_LP\LOW_Fr_MASTER_result\regen\2b670c0191ac\cy06,superseded,,,0,0,,,deck
fd3cedb031f0f4ec,..\2_LP\LOW_Fr_MASTER_result\regen\2b670c0191ac\cy07,superseded,,,0,0,,,deck
fd3cedb031f0f4ec,..\2_LP\LOW_Fr_MASTER_result\regen\2b670c0191ac\cy08,superseded,,,0,0,,,deck
fd3cedb031f0f4ec,..\2_LP\LOW_Fr_MASTER_result\regen\2b670c0191ac\cy09,superseded,,,0,0,,,deck
fd3cedb031f0f4ec,..\2_LP\LOW_Fr_MASTER_result\regen\2b670c0191ac\cy10,superseded,,,0,0,,,deck
fd3cedb031f0f4ec,..\2_LP\LOW_Fr_MASTER_result\regen\2b670c0191ac\cy11,regen:cy11/11,1.8971,1.7493,25,1,,622.218,deck
,..\2_LP\LOW_Fr_MASTER_result\regen\2bc7760ab711\cy01,superseded,,,0,0,,,
4ed109e5fa8c8bcd,..\2_LP\LOW_Fr_MASTER_result\regen\2bc7760ab711\cy02,superseded,,,0,0,,,deck
4ed109e5fa8c8bcd,..\2_LP\LOW_Fr_MASTER_result\regen\2bc7760ab711\cy03,superseded,,,0,0,,,deck
4ed109e5fa8c8bcd,..\2_LP\LOW_Fr_MASTER_result\regen\2bc7760ab711\cy04,superseded,,,0,0,,,deck
4ed109e5fa8c8bcd,..\2_LP\LOW_Fr_MASTER_result\regen\2bc7760ab711\cy05,superseded,,,0,0,,,deck
4ed109e5fa8c8bcd,..\2_LP\LOW_Fr_MASTER_result\regen\2bc7760ab711\cy06,superseded,,,0,0,,,deck
4ed109e5fa8c8bcd,..\2_LP\LOW_Fr_MASTER_result\regen\2bc7760ab711\cy07,superseded,,,0,0,,,deck
4ed109e5fa8c8bcd,..\2_LP\LOW_Fr_MASTER_result\regen\2bc7760ab711\cy08,superseded,,,0,0,,,deck
4ed109e5fa8c8bcd,..\2_LP\LOW_Fr_MASTER_result\regen\2bc7760ab711\cy09,superseded,,,0,0,,,deck
4ed109e5fa8c8bcd,..\2_LP\LOW_Fr_MASTER_result\regen\2bc7760ab711\cy10,superseded,,,0,0,,,deck
4ed109e5fa8c8bcd,..\2_LP\LOW_Fr_MASTER_result\regen\2bc7760ab711\cy11,superseded,,,0,0,,,deck
4ed109e5fa8c8bcd,..\2_LP\LOW_Fr_MASTER_result\regen\2bc7760ab711\cy12,regen:cy12/12,1.5915,1.4483,25,1,,623.553,deck
,..\2_LP\LOW_Fr_MASTER_result\regen\2c611ef7292b\cy01,superseded,,,0,0,,,
babe999acfbc6151,..\2_LP\LOW_Fr_MASTER_result\regen\2c611ef7292b\cy02,superseded,,,0,0,,,deck
babe999acfbc6151,..\2_LP\LOW_Fr_MASTER_result\regen\2c611ef7292b\cy03,superseded,,,0,0,,,deck
babe999acfbc6151,..\2_LP\LOW_Fr_MASTER_result\regen\2c611ef7292b\cy04,superseded,,,0,0,,,deck
babe999acfbc6151,..\2_LP\LOW_Fr_MASTER_result\regen\2c611ef7292b\cy05,superseded,,,0,0,,,deck
babe999acfbc6151,..\2_LP\LOW_Fr_MASTER_result\regen\2c611ef7292b\cy06,superseded,,,0,0,,,deck
babe999acfbc6151,..\2_LP\LOW_Fr_MASTER_result\regen\2c611ef7292b\cy07,superseded,,,0,0,,,deck
babe999acfbc6151,..\2_LP\LOW_Fr_MASTER_result\regen\2c611ef7292b\cy08,superseded,,,0,0,,,deck
babe999acfbc6151,..\2_LP\LOW_Fr_MASTER_result\regen\2c611ef7292b\cy09,superseded,,,0,0,,,deck
babe999acfbc6151,..\2_LP\LOW_Fr_MASTER_result\regen\2c611ef7292b\cy10,superseded,,,0,0,,,deck
babe999acfbc6151,..\2_LP\LOW_Fr_MASTER_result\regen\2c611ef7292b\cy11,superseded,,,0,0,,,deck
babe999acfbc6151,..\2_LP\LOW_Fr_MASTER_result\regen\2c611ef7292b\cy12,regen:cy12/12,1.615,1.4176,25,1,,616.541,deck
,..\2_LP\LOW_Fr_MASTER_result\regen\2c7e231c67ad\cy01,superseded,,,0,0,,,
baea7296ed7f4cfe,..\2_LP\LOW_Fr_MASTER_result\regen\2c7e231c67ad\cy02,superseded,,,0,0,,,deck
baea7296ed7f4cfe,..\2_LP\LOW_Fr_MASTER_result\regen\2c7e231c67ad\cy03,superseded,,,0,0,,,deck
baea7296ed7f4cfe,..\2_LP\LOW_Fr_MASTER_result\regen\2c7e231c67ad\cy04,superseded,,,0,0,,,deck
baea7296ed7f4cfe,..\2_LP\LOW_Fr_MASTER_result\regen\2c7e231c67ad\cy05,superseded,,,0,0,,,deck
baea7296ed7f4cfe,..\2_LP\LOW_Fr_MASTER_result\regen\2c7e231c67ad\cy06,superseded,,,0,0,,,deck
baea7296ed7f4cfe,..\2_LP\LOW_Fr_MASTER_result\regen\2c7e231c67ad\cy07,superseded,,,0,0,,,deck
baea7296ed7f4cfe,..\2_LP\LOW_Fr_MASTER_result\regen\2c7e231c67ad\cy08,superseded,,,0,0,,,deck
baea7296ed7f4cfe,..\2_LP\LOW_Fr_MASTER_result\regen\2c7e231c67ad\cy09,superseded,,,0,0,,,deck
baea7296ed7f4cfe,..\2_LP\LOW_Fr_MASTER_result\regen\2c7e231c67ad\cy10,superseded,,,0,0,,,deck
baea7296ed7f4cfe,..\2_LP\LOW_Fr_MASTER_result\regen\2c7e231c67ad\cy11,superseded,,,0,0,,,deck
baea7296ed7f4cfe,..\2_LP\LOW_Fr_MASTER_result\regen\2c7e231c67ad\cy12,regen:cy12/12,1.5549,1.4046,25,1,,621.184,deck
,..\2_LP\LOW_Fr_MASTER_result\regen\2cc8d21d253b\cy01,superseded,,,0,0,,,
138bdc2eafe6e99d,..\2_LP\LOW_Fr_MASTER_result\regen\2cc8d21d253b\cy02,superseded,,,0,0,,,deck
138bdc2eafe6e99d,..\2_LP\LOW_Fr_MASTER_result\regen\2cc8d21d253b\cy03,superseded,,,0,0,,,deck
138bdc2eafe6e99d,..\2_LP\LOW_Fr_MASTER_result\regen\2cc8d21d253b\cy04,superseded,,,0,0,,,deck
138bdc2eafe6e99d,..\2_LP\LOW_Fr_MASTER_result\regen\2cc8d21d253b\cy05,superseded,,,0,0,,,deck
138bdc2eafe6e99d,..\2_LP\LOW_Fr_MASTER_result\regen\2cc8d21d253b\cy06,superseded,,,0,0,,,deck
138bdc2eafe6e99d,..\2_LP\LOW_Fr_MASTER_result\regen\2cc8d21d253b\cy07,superseded,,,0,0,,,deck
138bdc2eafe6e99d,..\2_LP\LOW_Fr_MASTER_result\regen\2cc8d21d253b\cy08,superseded,,,0,0,,,deck
138bdc2eafe6e99d,..\2_LP\LOW_Fr_MASTER_result\regen\2cc8d21d253b\cy09,superseded,,,0,0,,,deck
138bdc2eafe6e99d,..\2_LP\LOW_Fr_MASTER_result\regen\2cc8d21d253b\cy10,superseded,,,0,0,,,deck
138bdc2eafe6e99d,..\2_LP\LOW_Fr_MASTER_result\regen\2cc8d21d253b\cy11,superseded,,,0,0,,,deck
138bdc2eafe6e99d,..\2_LP\LOW_Fr_MASTER_result\regen\2cc8d21d253b\cy12,regen:cy12/12,1.5842,1.44,25,1,,623.642,deck
,..\2_LP\LOW_Fr_MASTER_result\regen\2d45a4a9c86b\cy01,no_digest,,,0,0,,,
,..\2_LP\LOW_Fr_MASTER_result\regen\2d58ed16aedd\cy01,superseded,,,0,0,,,
08e2ba00b83c1763,..\2_LP\LOW_Fr_MASTER_result\regen\2d58ed16aedd\cy02,superseded,,,0,0,,,deck
08e2ba00b83c1763,..\2_LP\LOW_Fr_MASTER_result\regen\2d58ed16aedd\cy03,superseded,,,0,0,,,deck
08e2ba00b83c1763,..\2_LP\LOW_Fr_MASTER_result\regen\2d58ed16aedd\cy04,superseded,,,0,0,,,deck
08e2ba00b83c1763,..\2_LP\LOW_Fr_MASTER_result\regen\2d58ed16aedd\cy05,superseded,,,0,0,,,deck
08e2ba00b83c1763,..\2_LP\LOW_Fr_MASTER_result\regen\2d58ed16aedd\cy06,superseded,,,0,0,,,deck
08e2ba00b83c1763,..\2_LP\LOW_Fr_MASTER_result\regen\2d58ed16aedd\cy07,superseded,,,0,0,,,deck
08e2ba00b83c1763,..\2_LP\LOW_Fr_MASTER_result\regen\2d58ed16aedd\cy08,superseded,,,0,0,,,deck
08e2ba00b83c1763,..\2_LP\LOW_Fr_MASTER_result\regen\2d58ed16aedd\cy09,superseded,,,0,0,,,deck
08e2ba00b83c1763,..\2_LP\LOW_Fr_MASTER_result\regen\2d58ed16aedd\cy10,superseded,,,0,0,,,deck
08e2ba00b83c1763,..\2_LP\LOW_Fr_MASTER_result\regen\2d58ed16aedd\cy11,superseded,,,0,0,,,deck
08e2ba00b83c1763,..\2_LP\LOW_Fr_MASTER_result\regen\2d58ed16aedd\cy12,regen:cy12/12,1.6,1.46,25,1,,623.42,deck
,..\2_LP\LOW_Fr_MASTER_result\regen\2db679245aa3\cy01,superseded,,,0,0,,,
a51a1d0ea7323359,..\2_LP\LOW_Fr_MASTER_result\regen\2db679245aa3\cy02,superseded,,,0,0,,,deck
a51a1d0ea7323359,..\2_LP\LOW_Fr_MASTER_result\regen\2db679245aa3\cy03,superseded,,,0,0,,,deck
a51a1d0ea7323359,..\2_LP\LOW_Fr_MASTER_result\regen\2db679245aa3\cy04,superseded,,,0,0,,,deck
a51a1d0ea7323359,..\2_LP\LOW_Fr_MASTER_result\regen\2db679245aa3\cy05,superseded,,,0,0,,,deck
a51a1d0ea7323359,..\2_LP\LOW_Fr_MASTER_result\regen\2db679245aa3\cy06,superseded,,,0,0,,,deck
a51a1d0ea7323359,..\2_LP\LOW_Fr_MASTER_result\regen\2db679245aa3\cy07,superseded,,,0,0,,,deck
a51a1d0ea7323359,..\2_LP\LOW_Fr_MASTER_result\regen\2db679245aa3\cy08,superseded,,,0,0,,,deck
a51a1d0ea7323359,..\2_LP\LOW_Fr_MASTER_result\regen\2db679245aa3\cy09,superseded,,,0,0,,,deck
a51a1d0ea7323359,..\2_LP\LOW_Fr_MASTER_result\regen\2db679245aa3\cy10,superseded,,,0,0,,,deck
a51a1d0ea7323359,..\2_LP\LOW_Fr_MASTER_result\regen\2db679245aa3\cy11,superseded,,,0,0,,,deck
a51a1d0ea7323359,..\2_LP\LOW_Fr_MASTER_result\regen\2db679245aa3\cy12,regen:cy12/12,1.5856,1.4435,25,1,,623.605,deck
,..\2_LP\LOW_Fr_MASTER_result\regen\2de32651e9b7\cy01,superseded,,,0,0,,,
c544477c7d30bca9,..\2_LP\LOW_Fr_MASTER_result\regen\2de32651e9b7\cy02,superseded,,,0,0,,,deck
c544477c7d30bca9,..\2_LP\LOW_Fr_MASTER_result\regen\2de32651e9b7\cy03,superseded,,,0,0,,,deck
c544477c7d30bca9,..\2_LP\LOW_Fr_MASTER_result\regen\2de32651e9b7\cy04,superseded,,,0,0,,,deck
c544477c7d30bca9,..\2_LP\LOW_Fr_MASTER_result\regen\2de32651e9b7\cy05,superseded,,,0,0,,,deck
c544477c7d30bca9,..\2_LP\LOW_Fr_MASTER_result\regen\2de32651e9b7\cy06,superseded,,,0,0,,,deck
c544477c7d30bca9,..\2_LP\LOW_Fr_MASTER_result\regen\2de32651e9b7\cy07,superseded,,,0,0,,,deck
c544477c7d30bca9,..\2_LP\LOW_Fr_MASTER_result\regen\2de32651e9b7\cy08,superseded,,,0,0,,,deck
c544477c7d30bca9,..\2_LP\LOW_Fr_MASTER_result\regen\2de32651e9b7\cy09,superseded,,,0,0,,,deck
c544477c7d30bca9,..\2_LP\LOW_Fr_MASTER_result\regen\2de32651e9b7\cy10,superseded,,,0,0,,,deck
c544477c7d30bca9,..\2_LP\LOW_Fr_MASTER_result\regen\2de32651e9b7\cy11,superseded,,,0,0,,,deck
c544477c7d30bca9,..\2_LP\LOW_Fr_MASTER_result\regen\2de32651e9b7\cy12,regen:cy12/12,1.7169,1.5557,25,1,,616.952,deck
,..\2_LP\LOW_Fr_MASTER_result\regen\2e5195c844cb\cy01,superseded,,,0,0,,,
6de808d668ee435f,..\2_LP\LOW_Fr_MASTER_result\regen\2e5195c844cb\cy02,superseded,,,0,0,,,deck
6de808d668ee435f,..\2_LP\LOW_Fr_MASTER_result\regen\2e5195c844cb\cy03,superseded,,,0,0,,,deck
6de808d668ee435f,..\2_LP\LOW_Fr_MASTER_result\regen\2e5195c844cb\cy04,superseded,,,0,0,,,deck
6de808d668ee435f,..\2_LP\LOW_Fr_MASTER_result\regen\2e5195c844cb\cy05,superseded,,,0,0,,,deck
6de808d668ee435f,..\2_LP\LOW_Fr_MASTER_result\regen\2e5195c844cb\cy06,superseded,,,0,0,,,deck
6de808d668ee435f,..\2_LP\LOW_Fr_MASTER_result\regen\2e5195c844cb\cy07,superseded,,,0,0,,,deck
6de808d668ee435f,..\2_LP\LOW_Fr_MASTER_result\regen\2e5195c844cb\cy08,superseded,,,0,0,,,deck
6de808d668ee435f,..\2_LP\LOW_Fr_MASTER_result\regen\2e5195c844cb\cy09,superseded,,,0,0,,,deck
6de808d668ee435f,..\2_LP\LOW_Fr_MASTER_result\regen\2e5195c844cb\cy10,superseded,,,0,0,,,deck
6de808d668ee435f,..\2_LP\LOW_Fr_MASTER_result\regen\2e5195c844cb\cy11,superseded,,,0,0,,,deck
6de808d668ee435f,..\2_LP\LOW_Fr_MASTER_result\regen\2e5195c844cb\cy12,regen:cy12/12,1.6123,1.4775,25,1,,621.737,deck
,..\2_LP\LOW_Fr_MASTER_result\regen\2ed8bec7257a\cy01,superseded,,,0,0,,,
991947f9e7541437,..\2_LP\LOW_Fr_MASTER_result\regen\2ed8bec7257a\cy02,superseded,,,0,0,,,deck
991947f9e7541437,..\2_LP\LOW_Fr_MASTER_result\regen\2ed8bec7257a\cy03,superseded,,,0,0,,,deck
991947f9e7541437,..\2_LP\LOW_Fr_MASTER_result\regen\2ed8bec7257a\cy04,superseded,,,0,0,,,deck
991947f9e7541437,..\2_LP\LOW_Fr_MASTER_result\regen\2ed8bec7257a\cy05,superseded,,,0,0,,,deck
991947f9e7541437,..\2_LP\LOW_Fr_MASTER_result\regen\2ed8bec7257a\cy06,superseded,,,0,0,,,deck
991947f9e7541437,..\2_LP\LOW_Fr_MASTER_result\regen\2ed8bec7257a\cy07,superseded,,,0,0,,,deck
991947f9e7541437,..\2_LP\LOW_Fr_MASTER_result\regen\2ed8bec7257a\cy08,superseded,,,0,0,,,deck
991947f9e7541437,..\2_LP\LOW_Fr_MASTER_result\regen\2ed8bec7257a\cy09,superseded,,,0,0,,,deck
991947f9e7541437,..\2_LP\LOW_Fr_MASTER_result\regen\2ed8bec7257a\cy10,superseded,,,0,0,,,deck
991947f9e7541437,..\2_LP\LOW_Fr_MASTER_result\regen\2ed8bec7257a\cy11,superseded,,,0,0,,,deck
991947f9e7541437,..\2_LP\LOW_Fr_MASTER_result\regen\2ed8bec7257a\cy12,regen:cy12/12,1.6664,1.5365,25,1,,622.004,deck
,..\2_LP\LOW_Fr_MASTER_result\regen\2edb9049a843\cy01,superseded,,,0,0,,,
948cc5a7d8d6d890,..\2_LP\LOW_Fr_MASTER_result\regen\2edb9049a843\cy02,superseded,,,0,0,,,deck
948cc5a7d8d6d890,..\2_LP\LOW_Fr_MASTER_result\regen\2edb9049a843\cy03,superseded,,,0,0,,,deck
948cc5a7d8d6d890,..\2_LP\LOW_Fr_MASTER_result\regen\2edb9049a843\cy04,superseded,,,0,0,,,deck
948cc5a7d8d6d890,..\2_LP\LOW_Fr_MASTER_result\regen\2edb9049a843\cy05,superseded,,,0,0,,,deck
948cc5a7d8d6d890,..\2_LP\LOW_Fr_MASTER_result\regen\2edb9049a843\cy06,superseded,,,0,0,,,deck
948cc5a7d8d6d890,..\2_LP\LOW_Fr_MASTER_result\regen\2edb9049a843\cy07,superseded,,,0,0,,,deck
948cc5a7d8d6d890,..\2_LP\LOW_Fr_MASTER_result\regen\2edb9049a843\cy08,superseded,,,0,0,,,deck
948cc5a7d8d6d890,..\2_LP\LOW_Fr_MASTER_result\regen\2edb9049a843\cy09,superseded,,,0,0,,,deck
948cc5a7d8d6d890,..\2_LP\LOW_Fr_MASTER_result\regen\2edb9049a843\cy10,superseded,,,0,0,,,deck
948cc5a7d8d6d890,..\2_LP\LOW_Fr_MASTER_result\regen\2edb9049a843\cy11,superseded,,,0,0,,,deck
948cc5a7d8d6d890,..\2_LP\LOW_Fr_MASTER_result\regen\2edb9049a843\cy12,regen:cy12/12,1.603,1.4607,25,1,,621.433,deck
,..\2_LP\LOW_Fr_MASTER_result\regen\2ee3ff091887\cy01,superseded,,,0,0,,,
f7e243a1277a8959,..\2_LP\LOW_Fr_MASTER_result\regen\2ee3ff091887\cy02,superseded,,,0,0,,,deck
f7e243a1277a8959,..\2_LP\LOW_Fr_MASTER_result\regen\2ee3ff091887\cy03,superseded,,,0,0,,,deck
f7e243a1277a8959,..\2_LP\LOW_Fr_MASTER_result\regen\2ee3ff091887\cy04,superseded,,,0,0,,,deck
f7e243a1277a8959,..\2_LP\LOW_Fr_MASTER_result\regen\2ee3ff091887\cy05,superseded,,,0,0,,,deck
f7e243a1277a8959,..\2_LP\LOW_Fr_MASTER_result\regen\2ee3ff091887\cy06,superseded,,,0,0,,,deck
f7e243a1277a8959,..\2_LP\LOW_Fr_MASTER_result\regen\2ee3ff091887\cy07,superseded,,,0,0,,,deck
f7e243a1277a8959,..\2_LP\LOW_Fr_MASTER_result\regen\2ee3ff091887\cy08,superseded,,,0,0,,,deck
f7e243a1277a8959,..\2_LP\LOW_Fr_MASTER_result\regen\2ee3ff091887\cy09,superseded,,,0,0,,,deck
f7e243a1277a8959,..\2_LP\LOW_Fr_MASTER_result\regen\2ee3ff091887\cy10,regen:cy10/10,1.6779,1.5284,25,1,,619.948,deck
,..\2_LP\LOW_Fr_MASTER_result\regen\2f000442fc5b\cy01,no_digest,,,0,0,,,
,..\2_LP\LOW_Fr_MASTER_result\regen\2f09a7fc28d0\cy01,superseded,,,0,0,,,
edbf90cc7160edd0,..\2_LP\LOW_Fr_MASTER_result\regen\2f09a7fc28d0\cy02,superseded,,,0,0,,,deck
edbf90cc7160edd0,..\2_LP\LOW_Fr_MASTER_result\regen\2f09a7fc28d0\cy03,superseded,,,0,0,,,deck
edbf90cc7160edd0,..\2_LP\LOW_Fr_MASTER_result\regen\2f09a7fc28d0\cy04,superseded,,,0,0,,,deck
edbf90cc7160edd0,..\2_LP\LOW_Fr_MASTER_result\regen\2f09a7fc28d0\cy05,superseded,,,0,0,,,deck
edbf90cc7160edd0,..\2_LP\LOW_Fr_MASTER_result\regen\2f09a7fc28d0\cy06,superseded,,,0,0,,,deck
edbf90cc7160edd0,..\2_LP\LOW_Fr_MASTER_result\regen\2f09a7fc28d0\cy07,superseded,,,0,0,,,deck
edbf90cc7160edd0,..\2_LP\LOW_Fr_MASTER_result\regen\2f09a7fc28d0\cy08,superseded,,,0,0,,,deck
edbf90cc7160edd0,..\2_LP\LOW_Fr_MASTER_result\regen\2f09a7fc28d0\cy09,superseded,,,0,0,,,deck
edbf90cc7160edd0,..\2_LP\LOW_Fr_MASTER_result\regen\2f09a7fc28d0\cy10,superseded,,,0,0,,,deck
edbf90cc7160edd0,..\2_LP\LOW_Fr_MASTER_result\regen\2f09a7fc28d0\cy11,superseded,,,0,0,,,deck
edbf90cc7160edd0,..\2_LP\LOW_Fr_MASTER_result\regen\2f09a7fc28d0\cy12,regen:cy12/12,1.6893,1.5581,25,1,,622.551,deck
,..\2_LP\LOW_Fr_MASTER_result\regen\2f3901555d5d\cy01,superseded,,,0,0,,,
b449c4b7de56d04e,..\2_LP\LOW_Fr_MASTER_result\regen\2f3901555d5d\cy02,superseded,,,0,0,,,deck
b449c4b7de56d04e,..\2_LP\LOW_Fr_MASTER_result\regen\2f3901555d5d\cy03,superseded,,,0,0,,,deck
b449c4b7de56d04e,..\2_LP\LOW_Fr_MASTER_result\regen\2f3901555d5d\cy04,superseded,,,0,0,,,deck
b449c4b7de56d04e,..\2_LP\LOW_Fr_MASTER_result\regen\2f3901555d5d\cy05,superseded,,,0,0,,,deck
b449c4b7de56d04e,..\2_LP\LOW_Fr_MASTER_result\regen\2f3901555d5d\cy06,superseded,,,0,0,,,deck
b449c4b7de56d04e,..\2_LP\LOW_Fr_MASTER_result\regen\2f3901555d5d\cy07,superseded,,,0,0,,,deck
b449c4b7de56d04e,..\2_LP\LOW_Fr_MASTER_result\regen\2f3901555d5d\cy08,superseded,,,0,0,,,deck
b449c4b7de56d04e,..\2_LP\LOW_Fr_MASTER_result\regen\2f3901555d5d\cy09,superseded,,,0,0,,,deck
b449c4b7de56d04e,..\2_LP\LOW_Fr_MASTER_result\regen\2f3901555d5d\cy10,superseded,,,0,0,,,deck
b449c4b7de56d04e,..\2_LP\LOW_Fr_MASTER_result\regen\2f3901555d5d\cy11,regen:cy11/11,1.7917,1.5774,25,1,,621.722,deck
,..\2_LP\LOW_Fr_MASTER_result\regen\30502b4aedb4\cy01,superseded,,,0,0,,,
9d209291bf3f0f4f,..\2_LP\LOW_Fr_MASTER_result\regen\30502b4aedb4\cy02,superseded,,,0,0,,,deck
9d209291bf3f0f4f,..\2_LP\LOW_Fr_MASTER_result\regen\30502b4aedb4\cy03,superseded,,,0,0,,,deck
9d209291bf3f0f4f,..\2_LP\LOW_Fr_MASTER_result\regen\30502b4aedb4\cy04,superseded,,,0,0,,,deck
9d209291bf3f0f4f,..\2_LP\LOW_Fr_MASTER_result\regen\30502b4aedb4\cy05,superseded,,,0,0,,,deck
9d209291bf3f0f4f,..\2_LP\LOW_Fr_MASTER_result\regen\30502b4aedb4\cy06,superseded,,,0,0,,,deck
9d209291bf3f0f4f,..\2_LP\LOW_Fr_MASTER_result\regen\30502b4aedb4\cy07,superseded,,,0,0,,,deck
9d209291bf3f0f4f,..\2_LP\LOW_Fr_MASTER_result\regen\30502b4aedb4\cy08,superseded,,,0,0,,,deck
9d209291bf3f0f4f,..\2_LP\LOW_Fr_MASTER_result\regen\30502b4aedb4\cy09,superseded,,,0,0,,,deck
9d209291bf3f0f4f,..\2_LP\LOW_Fr_MASTER_result\regen\30502b4aedb4\cy10,superseded,,,0,0,,,deck
9d209291bf3f0f4f,..\2_LP\LOW_Fr_MASTER_result\regen\30502b4aedb4\cy11,superseded,,,0,0,,,deck
9d209291bf3f0f4f,..\2_LP\LOW_Fr_MASTER_result\regen\30502b4aedb4\cy12,regen:cy12/12,1.6854,1.5301,25,1,,613.557,deck
,..\2_LP\LOW_Fr_MASTER_result\regen\309d0fe8f4a8\cy01,superseded,,,0,0,,,
f2018f0b599e0633,..\2_LP\LOW_Fr_MASTER_result\regen\309d0fe8f4a8\cy02,superseded,,,0,0,,,deck
f2018f0b599e0633,..\2_LP\LOW_Fr_MASTER_result\regen\309d0fe8f4a8\cy03,superseded,,,0,0,,,deck
f2018f0b599e0633,..\2_LP\LOW_Fr_MASTER_result\regen\309d0fe8f4a8\cy04,superseded,,,0,0,,,deck
f2018f0b599e0633,..\2_LP\LOW_Fr_MASTER_result\regen\309d0fe8f4a8\cy05,superseded,,,0,0,,,deck
f2018f0b599e0633,..\2_LP\LOW_Fr_MASTER_result\regen\309d0fe8f4a8\cy06,superseded,,,0,0,,,deck
f2018f0b599e0633,..\2_LP\LOW_Fr_MASTER_result\regen\309d0fe8f4a8\cy07,superseded,,,0,0,,,deck
f2018f0b599e0633,..\2_LP\LOW_Fr_MASTER_result\regen\309d0fe8f4a8\cy08,superseded,,,0,0,,,deck
f2018f0b599e0633,..\2_LP\LOW_Fr_MASTER_result\regen\309d0fe8f4a8\cy09,superseded,,,0,0,,,deck
f2018f0b599e0633,..\2_LP\LOW_Fr_MASTER_result\regen\309d0fe8f4a8\cy10,superseded,,,0,0,,,deck
f2018f0b599e0633,..\2_LP\LOW_Fr_MASTER_result\regen\309d0fe8f4a8\cy11,regen:cy11/11,1.703,1.5266,25,1,,621.881,deck
,..\2_LP\LOW_Fr_MASTER_result\regen\30b23195843b\cy01,superseded,,,0,0,,,
79459384ed977abc,..\2_LP\LOW_Fr_MASTER_result\regen\30b23195843b\cy02,superseded,,,0,0,,,deck
79459384ed977abc,..\2_LP\LOW_Fr_MASTER_result\regen\30b23195843b\cy03,superseded,,,0,0,,,deck
79459384ed977abc,..\2_LP\LOW_Fr_MASTER_result\regen\30b23195843b\cy04,superseded,,,0,0,,,deck
79459384ed977abc,..\2_LP\LOW_Fr_MASTER_result\regen\30b23195843b\cy05,superseded,,,0,0,,,deck
79459384ed977abc,..\2_LP\LOW_Fr_MASTER_result\regen\30b23195843b\cy06,superseded,,,0,0,,,deck
79459384ed977abc,..\2_LP\LOW_Fr_MASTER_result\regen\30b23195843b\cy07,superseded,,,0,0,,,deck
79459384ed977abc,..\2_LP\LOW_Fr_MASTER_result\regen\30b23195843b\cy08,superseded,,,0,0,,,deck
79459384ed977abc,..\2_LP\LOW_Fr_MASTER_result\regen\30b23195843b\cy09,superseded,,,0,0,,,deck
79459384ed977abc,..\2_LP\LOW_Fr_MASTER_result\regen\30b23195843b\cy10,superseded,,,0,0,,,deck
79459384ed977abc,..\2_LP\LOW_Fr_MASTER_result\regen\30b23195843b\cy11,regen:cy11/11,1.617,1.4924,25,1,,621.962,deck
,..\2_LP\LOW_Fr_MASTER_result\regen\318a8fe210b3\cy01,superseded,,,0,0,,,
f0608459579bd857,..\2_LP\LOW_Fr_MASTER_result\regen\318a8fe210b3\cy02,superseded,,,0,0,,,deck
f0608459579bd857,..\2_LP\LOW_Fr_MASTER_result\regen\318a8fe210b3\cy03,superseded,,,0,0,,,deck
f0608459579bd857,..\2_LP\LOW_Fr_MASTER_result\regen\318a8fe210b3\cy04,superseded,,,0,0,,,deck
f0608459579bd857,..\2_LP\LOW_Fr_MASTER_result\regen\318a8fe210b3\cy05,superseded,,,0,0,,,deck
f0608459579bd857,..\2_LP\LOW_Fr_MASTER_result\regen\318a8fe210b3\cy06,superseded,,,0,0,,,deck
f0608459579bd857,..\2_LP\LOW_Fr_MASTER_result\regen\318a8fe210b3\cy07,superseded,,,0,0,,,deck
f0608459579bd857,..\2_LP\LOW_Fr_MASTER_result\regen\318a8fe210b3\cy08,superseded,,,0,0,,,deck
f0608459579bd857,..\2_LP\LOW_Fr_MASTER_result\regen\318a8fe210b3\cy09,superseded,,,0,0,,,deck
f0608459579bd857,..\2_LP\LOW_Fr_MASTER_result\regen\318a8fe210b3\cy10,superseded,,,0,0,,,deck
f0608459579bd857,..\2_LP\LOW_Fr_MASTER_result\regen\318a8fe210b3\cy11,regen:cy11/11,1.7818,1.592,25,1,,621.227,deck
,..\2_LP\LOW_Fr_MASTER_result\regen\318e4fb0b811\cy01,superseded,,,0,0,,,
f86ee8814441ab7f,..\2_LP\LOW_Fr_MASTER_result\regen\318e4fb0b811\cy02,superseded,,,0,0,,,deck
f86ee8814441ab7f,..\2_LP\LOW_Fr_MASTER_result\regen\318e4fb0b811\cy03,superseded,,,0,0,,,deck
f86ee8814441ab7f,..\2_LP\LOW_Fr_MASTER_result\regen\318e4fb0b811\cy04,superseded,,,0,0,,,deck
f86ee8814441ab7f,..\2_LP\LOW_Fr_MASTER_result\regen\318e4fb0b811\cy05,superseded,,,0,0,,,deck
f86ee8814441ab7f,..\2_LP\LOW_Fr_MASTER_result\regen\318e4fb0b811\cy06,superseded,,,0,0,,,deck
f86ee8814441ab7f,..\2_LP\LOW_Fr_MASTER_result\regen\318e4fb0b811\cy07,superseded,,,0,0,,,deck
f86ee8814441ab7f,..\2_LP\LOW_Fr_MASTER_result\regen\318e4fb0b811\cy08,superseded,,,0,0,,,deck
f86ee8814441ab7f,..\2_LP\LOW_Fr_MASTER_result\regen\318e4fb0b811\cy09,superseded,,,0,0,,,deck
f86ee8814441ab7f,..\2_LP\LOW_Fr_MASTER_result\regen\318e4fb0b811\cy10,superseded,,,0,0,,,deck
f86ee8814441ab7f,..\2_LP\LOW_Fr_MASTER_result\regen\318e4fb0b811\cy11,superseded,,,0,0,,,deck
f86ee8814441ab7f,..\2_LP\LOW_Fr_MASTER_result\regen\318e4fb0b811\cy12,regen:cy12/12,1.5895,1.4596,25,1,,616.892,deck
,..\2_LP\LOW_Fr_MASTER_result\regen\31b7b9562f0d\cy01,superseded,,,0,0,,,
f587bae2959edb65,..\2_LP\LOW_Fr_MASTER_result\regen\31b7b9562f0d\cy02,superseded,,,0,0,,,deck
f587bae2959edb65,..\2_LP\LOW_Fr_MASTER_result\regen\31b7b9562f0d\cy03,superseded,,,0,0,,,deck
f587bae2959edb65,..\2_LP\LOW_Fr_MASTER_result\regen\31b7b9562f0d\cy04,superseded,,,0,0,,,deck
f587bae2959edb65,..\2_LP\LOW_Fr_MASTER_result\regen\31b7b9562f0d\cy05,superseded,,,0,0,,,deck
f587bae2959edb65,..\2_LP\LOW_Fr_MASTER_result\regen\31b7b9562f0d\cy06,superseded,,,0,0,,,deck
f587bae2959edb65,..\2_LP\LOW_Fr_MASTER_result\regen\31b7b9562f0d\cy07,superseded,,,0,0,,,deck
f587bae2959edb65,..\2_LP\LOW_Fr_MASTER_result\regen\31b7b9562f0d\cy08,superseded,,,0,0,,,deck
f587bae2959edb65,..\2_LP\LOW_Fr_MASTER_result\regen\31b7b9562f0d\cy09,superseded,,,0,0,,,deck
f587bae2959edb65,..\2_LP\LOW_Fr_MASTER_result\regen\31b7b9562f0d\cy10,superseded,,,0,0,,,deck
f587bae2959edb65,..\2_LP\LOW_Fr_MASTER_result\regen\31b7b9562f0d\cy11,superseded,,,0,0,,,deck
f587bae2959edb65,..\2_LP\LOW_Fr_MASTER_result\regen\31b7b9562f0d\cy12,regen:cy12/12,1.7824,1.5911,25,1,,620.515,deck
,..\2_LP\LOW_Fr_MASTER_result\regen\31f9afe10811\cy01,superseded,,,0,0,,,
f44a84659b75b618,..\2_LP\LOW_Fr_MASTER_result\regen\31f9afe10811\cy02,superseded,,,0,0,,,deck
f44a84659b75b618,..\2_LP\LOW_Fr_MASTER_result\regen\31f9afe10811\cy03,superseded,,,0,0,,,deck
f44a84659b75b618,..\2_LP\LOW_Fr_MASTER_result\regen\31f9afe10811\cy04,superseded,,,0,0,,,deck
f44a84659b75b618,..\2_LP\LOW_Fr_MASTER_result\regen\31f9afe10811\cy05,superseded,,,0,0,,,deck
f44a84659b75b618,..\2_LP\LOW_Fr_MASTER_result\regen\31f9afe10811\cy06,superseded,,,0,0,,,deck
f44a84659b75b618,..\2_LP\LOW_Fr_MASTER_result\regen\31f9afe10811\cy07,superseded,,,0,0,,,deck
f44a84659b75b618,..\2_LP\LOW_Fr_MASTER_result\regen\31f9afe10811\cy08,superseded,,,0,0,,,deck
f44a84659b75b618,..\2_LP\LOW_Fr_MASTER_result\regen\31f9afe10811\cy09,superseded,,,0,0,,,deck
f44a84659b75b618,..\2_LP\LOW_Fr_MASTER_result\regen\31f9afe10811\cy10,superseded,,,0,0,,,deck
f44a84659b75b618,..\2_LP\LOW_Fr_MASTER_result\regen\31f9afe10811\cy11,regen:cy11/11,1.7035,1.551,25,1,,619.943,deck
,..\2_LP\LOW_Fr_MASTER_result\regen\324492cdd27e\cy01,superseded,,,0,0,,,
aaf4dfe8251ef99d,..\2_LP\LOW_Fr_MASTER_result\regen\324492cdd27e\cy02,superseded,,,0,0,,,deck
aaf4dfe8251ef99d,..\2_LP\LOW_Fr_MASTER_result\regen\324492cdd27e\cy03,superseded,,,0,0,,,deck
aaf4dfe8251ef99d,..\2_LP\LOW_Fr_MASTER_result\regen\324492cdd27e\cy04,superseded,,,0,0,,,deck
aaf4dfe8251ef99d,..\2_LP\LOW_Fr_MASTER_result\regen\324492cdd27e\cy05,superseded,,,0,0,,,deck
aaf4dfe8251ef99d,..\2_LP\LOW_Fr_MASTER_result\regen\324492cdd27e\cy06,superseded,,,0,0,,,deck
aaf4dfe8251ef99d,..\2_LP\LOW_Fr_MASTER_result\regen\324492cdd27e\cy07,superseded,,,0,0,,,deck
aaf4dfe8251ef99d,..\2_LP\LOW_Fr_MASTER_result\regen\324492cdd27e\cy08,superseded,,,0,0,,,deck
aaf4dfe8251ef99d,..\2_LP\LOW_Fr_MASTER_result\regen\324492cdd27e\cy09,superseded,,,0,0,,,deck
aaf4dfe8251ef99d,..\2_LP\LOW_Fr_MASTER_result\regen\324492cdd27e\cy10,superseded,,,0,0,,,deck
aaf4dfe8251ef99d,..\2_LP\LOW_Fr_MASTER_result\regen\324492cdd27e\cy11,regen:cy11/11,1.6899,1.4619,25,1,,626.527,deck
,..\2_LP\LOW_Fr_MASTER_result\regen\32c7927601ed\cy01,superseded,,,0,0,,,
dfd913b5bd64ef52,..\2_LP\LOW_Fr_MASTER_result\regen\32c7927601ed\cy02,superseded,,,0,0,,,deck
dfd913b5bd64ef52,..\2_LP\LOW_Fr_MASTER_result\regen\32c7927601ed\cy03,superseded,,,0,0,,,deck
dfd913b5bd64ef52,..\2_LP\LOW_Fr_MASTER_result\regen\32c7927601ed\cy04,superseded,,,0,0,,,deck
dfd913b5bd64ef52,..\2_LP\LOW_Fr_MASTER_result\regen\32c7927601ed\cy05,superseded,,,0,0,,,deck
dfd913b5bd64ef52,..\2_LP\LOW_Fr_MASTER_result\regen\32c7927601ed\cy06,superseded,,,0,0,,,deck
dfd913b5bd64ef52,..\2_LP\LOW_Fr_MASTER_result\regen\32c7927601ed\cy07,superseded,,,0,0,,,deck
dfd913b5bd64ef52,..\2_LP\LOW_Fr_MASTER_result\regen\32c7927601ed\cy08,superseded,,,0,0,,,deck
dfd913b5bd64ef52,..\2_LP\LOW_Fr_MASTER_result\regen\32c7927601ed\cy09,superseded,,,0,0,,,deck
dfd913b5bd64ef52,..\2_LP\LOW_Fr_MASTER_result\regen\32c7927601ed\cy10,superseded,,,0,0,,,deck
dfd913b5bd64ef52,..\2_LP\LOW_Fr_MASTER_result\regen\32c7927601ed\cy11,superseded,,,0,0,,,deck
dfd913b5bd64ef52,..\2_LP\LOW_Fr_MASTER_result\regen\32c7927601ed\cy12,regen:cy12/12,1.6898,1.517,25,1,,622.377,deck
,..\2_LP\LOW_Fr_MASTER_result\regen\33343161293e\cy01,superseded,,,0,0,,,
369210341d3a8f64,..\2_LP\LOW_Fr_MASTER_result\regen\33343161293e\cy02,superseded,,,0,0,,,deck
369210341d3a8f64,..\2_LP\LOW_Fr_MASTER_result\regen\33343161293e\cy03,superseded,,,0,0,,,deck
369210341d3a8f64,..\2_LP\LOW_Fr_MASTER_result\regen\33343161293e\cy04,superseded,,,0,0,,,deck
369210341d3a8f64,..\2_LP\LOW_Fr_MASTER_result\regen\33343161293e\cy05,superseded,,,0,0,,,deck
369210341d3a8f64,..\2_LP\LOW_Fr_MASTER_result\regen\33343161293e\cy06,superseded,,,0,0,,,deck
369210341d3a8f64,..\2_LP\LOW_Fr_MASTER_result\regen\33343161293e\cy07,superseded,,,0,0,,,deck
369210341d3a8f64,..\2_LP\LOW_Fr_MASTER_result\regen\33343161293e\cy08,superseded,,,0,0,,,deck
369210341d3a8f64,..\2_LP\LOW_Fr_MASTER_result\regen\33343161293e\cy09,superseded,,,0,0,,,deck
369210341d3a8f64,..\2_LP\LOW_Fr_MASTER_result\regen\33343161293e\cy10,superseded,,,0,0,,,deck
369210341d3a8f64,..\2_LP\LOW_Fr_MASTER_result\regen\33343161293e\cy11,superseded,,,0,0,,,deck
369210341d3a8f64,..\2_LP\LOW_Fr_MASTER_result\regen\33343161293e\cy12,regen:cy12/12,1.6747,1.4981,25,1,,619.521,deck
,..\2_LP\LOW_Fr_MASTER_result\regen\3366781782d5\cy01,superseded,,,0,0,,,
33ddad591e55f867,..\2_LP\LOW_Fr_MASTER_result\regen\3366781782d5\cy02,superseded,,,0,0,,,deck
33ddad591e55f867,..\2_LP\LOW_Fr_MASTER_result\regen\3366781782d5\cy03,superseded,,,0,0,,,deck
33ddad591e55f867,..\2_LP\LOW_Fr_MASTER_result\regen\3366781782d5\cy04,superseded,,,0,0,,,deck
33ddad591e55f867,..\2_LP\LOW_Fr_MASTER_result\regen\3366781782d5\cy05,superseded,,,0,0,,,deck
33ddad591e55f867,..\2_LP\LOW_Fr_MASTER_result\regen\3366781782d5\cy06,superseded,,,0,0,,,deck
33ddad591e55f867,..\2_LP\LOW_Fr_MASTER_result\regen\3366781782d5\cy07,superseded,,,0,0,,,deck
33ddad591e55f867,..\2_LP\LOW_Fr_MASTER_result\regen\3366781782d5\cy08,superseded,,,0,0,,,deck
33ddad591e55f867,..\2_LP\LOW_Fr_MASTER_result\regen\3366781782d5\cy09,superseded,,,0,0,,,deck
33ddad591e55f867,..\2_LP\LOW_Fr_MASTER_result\regen\3366781782d5\cy10,superseded,,,0,0,,,deck
33ddad591e55f867,..\2_LP\LOW_Fr_MASTER_result\regen\3366781782d5\cy11,superseded,,,0,0,,,deck
33ddad591e55f867,..\2_LP\LOW_Fr_MASTER_result\regen\3366781782d5\cy12,regen:cy12/12,1.7515,1.5484,25,1,,613.773,deck
,..\2_LP\LOW_Fr_MASTER_result\regen\339cae055fa6\cy01,superseded,,,0,0,,,
ce515c60f31164c6,..\2_LP\LOW_Fr_MASTER_result\regen\339cae055fa6\cy02,superseded,,,0,0,,,deck
ce515c60f31164c6,..\2_LP\LOW_Fr_MASTER_result\regen\339cae055fa6\cy03,superseded,,,0,0,,,deck
ce515c60f31164c6,..\2_LP\LOW_Fr_MASTER_result\regen\339cae055fa6\cy04,superseded,,,0,0,,,deck
ce515c60f31164c6,..\2_LP\LOW_Fr_MASTER_result\regen\339cae055fa6\cy05,superseded,,,0,0,,,deck
ce515c60f31164c6,..\2_LP\LOW_Fr_MASTER_result\regen\339cae055fa6\cy06,superseded,,,0,0,,,deck
ce515c60f31164c6,..\2_LP\LOW_Fr_MASTER_result\regen\339cae055fa6\cy07,superseded,,,0,0,,,deck
ce515c60f31164c6,..\2_LP\LOW_Fr_MASTER_result\regen\339cae055fa6\cy08,superseded,,,0,0,,,deck
ce515c60f31164c6,..\2_LP\LOW_Fr_MASTER_result\regen\339cae055fa6\cy09,superseded,,,0,0,,,deck
ce515c60f31164c6,..\2_LP\LOW_Fr_MASTER_result\regen\339cae055fa6\cy10,superseded,,,0,0,,,deck
ce515c60f31164c6,..\2_LP\LOW_Fr_MASTER_result\regen\339cae055fa6\cy11,superseded,,,0,0,,,deck
ce515c60f31164c6,..\2_LP\LOW_Fr_MASTER_result\regen\339cae055fa6\cy12,regen:cy12/12,1.602,1.4648,25,1,,617.198,deck
,..\2_LP\LOW_Fr_MASTER_result\regen\33b36745f57e\cy01,superseded,,,0,0,,,
bd22ec9884591a7b,..\2_LP\LOW_Fr_MASTER_result\regen\33b36745f57e\cy02,superseded,,,0,0,,,deck
bd22ec9884591a7b,..\2_LP\LOW_Fr_MASTER_result\regen\33b36745f57e\cy03,superseded,,,0,0,,,deck
bd22ec9884591a7b,..\2_LP\LOW_Fr_MASTER_result\regen\33b36745f57e\cy04,superseded,,,0,0,,,deck
bd22ec9884591a7b,..\2_LP\LOW_Fr_MASTER_result\regen\33b36745f57e\cy05,superseded,,,0,0,,,deck
bd22ec9884591a7b,..\2_LP\LOW_Fr_MASTER_result\regen\33b36745f57e\cy06,superseded,,,0,0,,,deck
bd22ec9884591a7b,..\2_LP\LOW_Fr_MASTER_result\regen\33b36745f57e\cy07,superseded,,,0,0,,,deck
bd22ec9884591a7b,..\2_LP\LOW_Fr_MASTER_result\regen\33b36745f57e\cy08,superseded,,,0,0,,,deck
bd22ec9884591a7b,..\2_LP\LOW_Fr_MASTER_result\regen\33b36745f57e\cy09,superseded,,,0,0,,,deck
bd22ec9884591a7b,..\2_LP\LOW_Fr_MASTER_result\regen\33b36745f57e\cy10,superseded,,,0,0,,,deck
bd22ec9884591a7b,..\2_LP\LOW_Fr_MASTER_result\regen\33b36745f57e\cy11,superseded,,,0,0,,,deck
bd22ec9884591a7b,..\2_LP\LOW_Fr_MASTER_result\regen\33b36745f57e\cy12,regen:cy12/12,1.6932,1.5151,25,1,,614.922,deck
,..\2_LP\LOW_Fr_MASTER_result\regen\33c8aa3aab2e\cy01,superseded,,,0,0,,,
3e83ec163d499a74,..\2_LP\LOW_Fr_MASTER_result\regen\33c8aa3aab2e\cy02,superseded,,,0,0,,,deck
3e83ec163d499a74,..\2_LP\LOW_Fr_MASTER_result\regen\33c8aa3aab2e\cy03,superseded,,,0,0,,,deck
3e83ec163d499a74,..\2_LP\LOW_Fr_MASTER_result\regen\33c8aa3aab2e\cy04,superseded,,,0,0,,,deck
3e83ec163d499a74,..\2_LP\LOW_Fr_MASTER_result\regen\33c8aa3aab2e\cy05,superseded,,,0,0,,,deck
3e83ec163d499a74,..\2_LP\LOW_Fr_MASTER_result\regen\33c8aa3aab2e\cy06,superseded,,,0,0,,,deck
3e83ec163d499a74,..\2_LP\LOW_Fr_MASTER_result\regen\33c8aa3aab2e\cy07,superseded,,,0,0,,,deck
3e83ec163d499a74,..\2_LP\LOW_Fr_MASTER_result\regen\33c8aa3aab2e\cy08,superseded,,,0,0,,,deck
3e83ec163d499a74,..\2_LP\LOW_Fr_MASTER_result\regen\33c8aa3aab2e\cy09,superseded,,,0,0,,,deck
3e83ec163d499a74,..\2_LP\LOW_Fr_MASTER_result\regen\33c8aa3aab2e\cy10,superseded,,,0,0,,,deck
3e83ec163d499a74,..\2_LP\LOW_Fr_MASTER_result\regen\33c8aa3aab2e\cy11,superseded,,,0,0,,,deck
3e83ec163d499a74,..\2_LP\LOW_Fr_MASTER_result\regen\33c8aa3aab2e\cy12,regen:cy12/12,1.9613,1.7239,25,1,,621.79,deck
,..\2_LP\LOW_Fr_MASTER_result\regen\33fa6fb44f1a\cy01,superseded,,,0,0,,,
c782ca0b980469ec,..\2_LP\LOW_Fr_MASTER_result\regen\33fa6fb44f1a\cy02,superseded,,,0,0,,,deck
c782ca0b980469ec,..\2_LP\LOW_Fr_MASTER_result\regen\33fa6fb44f1a\cy03,superseded,,,0,0,,,deck
c782ca0b980469ec,..\2_LP\LOW_Fr_MASTER_result\regen\33fa6fb44f1a\cy04,superseded,,,0,0,,,deck
c782ca0b980469ec,..\2_LP\LOW_Fr_MASTER_result\regen\33fa6fb44f1a\cy05,superseded,,,0,0,,,deck
c782ca0b980469ec,..\2_LP\LOW_Fr_MASTER_result\regen\33fa6fb44f1a\cy06,superseded,,,0,0,,,deck
c782ca0b980469ec,..\2_LP\LOW_Fr_MASTER_result\regen\33fa6fb44f1a\cy07,superseded,,,0,0,,,deck
c782ca0b980469ec,..\2_LP\LOW_Fr_MASTER_result\regen\33fa6fb44f1a\cy08,superseded,,,0,0,,,deck
c782ca0b980469ec,..\2_LP\LOW_Fr_MASTER_result\regen\33fa6fb44f1a\cy09,superseded,,,0,0,,,deck
c782ca0b980469ec,..\2_LP\LOW_Fr_MASTER_result\regen\33fa6fb44f1a\cy10,superseded,,,0,0,,,deck
c782ca0b980469ec,..\2_LP\LOW_Fr_MASTER_result\regen\33fa6fb44f1a\cy11,regen:cy11/11,1.7239,1.5662,25,1,,619.875,deck
,..\2_LP\LOW_Fr_MASTER_result\regen\34437e443759\cy01,superseded,,,0,0,,,
1cdcbf6bd380c4ee,..\2_LP\LOW_Fr_MASTER_result\regen\34437e443759\cy02,superseded,,,0,0,,,deck
1cdcbf6bd380c4ee,..\2_LP\LOW_Fr_MASTER_result\regen\34437e443759\cy03,superseded,,,0,0,,,deck
1cdcbf6bd380c4ee,..\2_LP\LOW_Fr_MASTER_result\regen\34437e443759\cy04,superseded,,,0,0,,,deck
1cdcbf6bd380c4ee,..\2_LP\LOW_Fr_MASTER_result\regen\34437e443759\cy05,superseded,,,0,0,,,deck
1cdcbf6bd380c4ee,..\2_LP\LOW_Fr_MASTER_result\regen\34437e443759\cy06,superseded,,,0,0,,,deck
1cdcbf6bd380c4ee,..\2_LP\LOW_Fr_MASTER_result\regen\34437e443759\cy07,superseded,,,0,0,,,deck
1cdcbf6bd380c4ee,..\2_LP\LOW_Fr_MASTER_result\regen\34437e443759\cy08,superseded,,,0,0,,,deck
1cdcbf6bd380c4ee,..\2_LP\LOW_Fr_MASTER_result\regen\34437e443759\cy09,superseded,,,0,0,,,deck
1cdcbf6bd380c4ee,..\2_LP\LOW_Fr_MASTER_result\regen\34437e443759\cy10,superseded,,,0,0,,,deck
1cdcbf6bd380c4ee,..\2_LP\LOW_Fr_MASTER_result\regen\34437e443759\cy11,superseded,,,0,0,,,deck
1cdcbf6bd380c4ee,..\2_LP\LOW_Fr_MASTER_result\regen\34437e443759\cy12,regen:cy12/12,1.724,1.5295,25,1,,619.646,deck
,..\2_LP\LOW_Fr_MASTER_result\regen\3548fe517b76\cy01,superseded,,,0,0,,,
74bf89ff65882a59,..\2_LP\LOW_Fr_MASTER_result\regen\3548fe517b76\cy02,superseded,,,0,0,,,deck
74bf89ff65882a59,..\2_LP\LOW_Fr_MASTER_result\regen\3548fe517b76\cy03,superseded,,,0,0,,,deck
74bf89ff65882a59,..\2_LP\LOW_Fr_MASTER_result\regen\3548fe517b76\cy04,superseded,,,0,0,,,deck
74bf89ff65882a59,..\2_LP\LOW_Fr_MASTER_result\regen\3548fe517b76\cy05,superseded,,,0,0,,,deck
74bf89ff65882a59,..\2_LP\LOW_Fr_MASTER_result\regen\3548fe517b76\cy06,superseded,,,0,0,,,deck
74bf89ff65882a59,..\2_LP\LOW_Fr_MASTER_result\regen\3548fe517b76\cy07,superseded,,,0,0,,,deck
74bf89ff65882a59,..\2_LP\LOW_Fr_MASTER_result\regen\3548fe517b76\cy08,superseded,,,0,0,,,deck
74bf89ff65882a59,..\2_LP\LOW_Fr_MASTER_result\regen\3548fe517b76\cy09,superseded,,,0,0,,,deck
74bf89ff65882a59,..\2_LP\LOW_Fr_MASTER_result\regen\3548fe517b76\cy10,superseded,,,0,0,,,deck
74bf89ff65882a59,..\2_LP\LOW_Fr_MASTER_result\regen\3548fe517b76\cy11,superseded,,,0,0,,,deck
74bf89ff65882a59,..\2_LP\LOW_Fr_MASTER_result\regen\3548fe517b76\cy12,regen:cy12/12,1.699,1.5435,25,1,,613.836,deck
,..\2_LP\LOW_Fr_MASTER_result\regen\36a1fef1c2f1\cy01,superseded,,,0,0,,,
f1f89e87d0d98353,..\2_LP\LOW_Fr_MASTER_result\regen\36a1fef1c2f1\cy02,superseded,,,0,0,,,deck
f1f89e87d0d98353,..\2_LP\LOW_Fr_MASTER_result\regen\36a1fef1c2f1\cy03,superseded,,,0,0,,,deck
f1f89e87d0d98353,..\2_LP\LOW_Fr_MASTER_result\regen\36a1fef1c2f1\cy04,superseded,,,0,0,,,deck
f1f89e87d0d98353,..\2_LP\LOW_Fr_MASTER_result\regen\36a1fef1c2f1\cy05,superseded,,,0,0,,,deck
f1f89e87d0d98353,..\2_LP\LOW_Fr_MASTER_result\regen\36a1fef1c2f1\cy06,superseded,,,0,0,,,deck
f1f89e87d0d98353,..\2_LP\LOW_Fr_MASTER_result\regen\36a1fef1c2f1\cy07,superseded,,,0,0,,,deck
f1f89e87d0d98353,..\2_LP\LOW_Fr_MASTER_result\regen\36a1fef1c2f1\cy08,superseded,,,0,0,,,deck
f1f89e87d0d98353,..\2_LP\LOW_Fr_MASTER_result\regen\36a1fef1c2f1\cy09,superseded,,,0,0,,,deck
f1f89e87d0d98353,..\2_LP\LOW_Fr_MASTER_result\regen\36a1fef1c2f1\cy10,regen:cy10/10,1.6202,1.4667,25,1,,622.184,deck
,..\2_LP\LOW_Fr_MASTER_result\regen\379c6a02294e\cy01,superseded,,,0,0,,,
351d49dddf11cb50,..\2_LP\LOW_Fr_MASTER_result\regen\379c6a02294e\cy02,superseded,,,0,0,,,deck
351d49dddf11cb50,..\2_LP\LOW_Fr_MASTER_result\regen\379c6a02294e\cy03,superseded,,,0,0,,,deck
351d49dddf11cb50,..\2_LP\LOW_Fr_MASTER_result\regen\379c6a02294e\cy04,superseded,,,0,0,,,deck
351d49dddf11cb50,..\2_LP\LOW_Fr_MASTER_result\regen\379c6a02294e\cy05,superseded,,,0,0,,,deck
351d49dddf11cb50,..\2_LP\LOW_Fr_MASTER_result\regen\379c6a02294e\cy06,superseded,,,0,0,,,deck
351d49dddf11cb50,..\2_LP\LOW_Fr_MASTER_result\regen\379c6a02294e\cy07,superseded,,,0,0,,,deck
351d49dddf11cb50,..\2_LP\LOW_Fr_MASTER_result\regen\379c6a02294e\cy08,superseded,,,0,0,,,deck
351d49dddf11cb50,..\2_LP\LOW_Fr_MASTER_result\regen\379c6a02294e\cy09,superseded,,,0,0,,,deck
351d49dddf11cb50,..\2_LP\LOW_Fr_MASTER_result\regen\379c6a02294e\cy10,superseded,,,0,0,,,deck
351d49dddf11cb50,..\2_LP\LOW_Fr_MASTER_result\regen\379c6a02294e\cy11,superseded,,,0,0,,,deck
351d49dddf11cb50,..\2_LP\LOW_Fr_MASTER_result\regen\379c6a02294e\cy12,regen:cy12/12,1.5833,1.4406,25,1,,623.249,deck
,..\2_LP\LOW_Fr_MASTER_result\regen\37c32ad5ed33\cy01,superseded,,,0,0,,,
5bc5299a2fed5241,..\2_LP\LOW_Fr_MASTER_result\regen\37c32ad5ed33\cy02,superseded,,,0,0,,,deck
5bc5299a2fed5241,..\2_LP\LOW_Fr_MASTER_result\regen\37c32ad5ed33\cy03,superseded,,,0,0,,,deck
5bc5299a2fed5241,..\2_LP\LOW_Fr_MASTER_result\regen\37c32ad5ed33\cy04,superseded,,,0,0,,,deck
5bc5299a2fed5241,..\2_LP\LOW_Fr_MASTER_result\regen\37c32ad5ed33\cy05,superseded,,,0,0,,,deck
5bc5299a2fed5241,..\2_LP\LOW_Fr_MASTER_result\regen\37c32ad5ed33\cy06,superseded,,,0,0,,,deck
5bc5299a2fed5241,..\2_LP\LOW_Fr_MASTER_result\regen\37c32ad5ed33\cy07,superseded,,,0,0,,,deck
5bc5299a2fed5241,..\2_LP\LOW_Fr_MASTER_result\regen\37c32ad5ed33\cy08,superseded,,,0,0,,,deck
5bc5299a2fed5241,..\2_LP\LOW_Fr_MASTER_result\regen\37c32ad5ed33\cy09,superseded,,,0,0,,,deck
5bc5299a2fed5241,..\2_LP\LOW_Fr_MASTER_result\regen\37c32ad5ed33\cy10,superseded,,,0,0,,,deck
5bc5299a2fed5241,..\2_LP\LOW_Fr_MASTER_result\regen\37c32ad5ed33\cy11,superseded,,,0,0,,,deck
5bc5299a2fed5241,..\2_LP\LOW_Fr_MASTER_result\regen\37c32ad5ed33\cy12,regen:cy12/12,1.5901,1.4478,25,1,,623.558,deck
,..\2_LP\LOW_Fr_MASTER_result\regen\382b36fe5639\cy01,superseded,,,0,0,,,
89a3a45476448c81,..\2_LP\LOW_Fr_MASTER_result\regen\382b36fe5639\cy02,superseded,,,0,0,,,deck
89a3a45476448c81,..\2_LP\LOW_Fr_MASTER_result\regen\382b36fe5639\cy03,superseded,,,0,0,,,deck
89a3a45476448c81,..\2_LP\LOW_Fr_MASTER_result\regen\382b36fe5639\cy04,superseded,,,0,0,,,deck
89a3a45476448c81,..\2_LP\LOW_Fr_MASTER_result\regen\382b36fe5639\cy05,superseded,,,0,0,,,deck
89a3a45476448c81,..\2_LP\LOW_Fr_MASTER_result\regen\382b36fe5639\cy06,superseded,,,0,0,,,deck
89a3a45476448c81,..\2_LP\LOW_Fr_MASTER_result\regen\382b36fe5639\cy07,superseded,,,0,0,,,deck
89a3a45476448c81,..\2_LP\LOW_Fr_MASTER_result\regen\382b36fe5639\cy08,superseded,,,0,0,,,deck
89a3a45476448c81,..\2_LP\LOW_Fr_MASTER_result\regen\382b36fe5639\cy09,superseded,,,0,0,,,deck
89a3a45476448c81,..\2_LP\LOW_Fr_MASTER_result\regen\382b36fe5639\cy10,superseded,,,0,0,,,deck
89a3a45476448c81,..\2_LP\LOW_Fr_MASTER_result\regen\382b36fe5639\cy11,superseded,,,0,0,,,deck
89a3a45476448c81,..\2_LP\LOW_Fr_MASTER_result\regen\382b36fe5639\cy12,regen:cy12/12,1.7368,1.5306,25,1,,618.528,deck
,..\2_LP\LOW_Fr_MASTER_result\regen\389c45238d6a\cy01,no_digest,,,0,0,,,
,..\2_LP\LOW_Fr_MASTER_result\regen\3904c8ae6edf\cy01,superseded,,,0,0,,,
1b7b1bd32ae1e15d,..\2_LP\LOW_Fr_MASTER_result\regen\3904c8ae6edf\cy02,superseded,,,0,0,,,deck
1b7b1bd32ae1e15d,..\2_LP\LOW_Fr_MASTER_result\regen\3904c8ae6edf\cy03,superseded,,,0,0,,,deck
1b7b1bd32ae1e15d,..\2_LP\LOW_Fr_MASTER_result\regen\3904c8ae6edf\cy04,superseded,,,0,0,,,deck
1b7b1bd32ae1e15d,..\2_LP\LOW_Fr_MASTER_result\regen\3904c8ae6edf\cy05,superseded,,,0,0,,,deck
1b7b1bd32ae1e15d,..\2_LP\LOW_Fr_MASTER_result\regen\3904c8ae6edf\cy06,superseded,,,0,0,,,deck
1b7b1bd32ae1e15d,..\2_LP\LOW_Fr_MASTER_result\regen\3904c8ae6edf\cy07,superseded,,,0,0,,,deck
1b7b1bd32ae1e15d,..\2_LP\LOW_Fr_MASTER_result\regen\3904c8ae6edf\cy08,superseded,,,0,0,,,deck
1b7b1bd32ae1e15d,..\2_LP\LOW_Fr_MASTER_result\regen\3904c8ae6edf\cy09,superseded,,,0,0,,,deck
1b7b1bd32ae1e15d,..\2_LP\LOW_Fr_MASTER_result\regen\3904c8ae6edf\cy10,superseded,,,0,0,,,deck
1b7b1bd32ae1e15d,..\2_LP\LOW_Fr_MASTER_result\regen\3904c8ae6edf\cy11,superseded,,,0,0,,,deck
1b7b1bd32ae1e15d,..\2_LP\LOW_Fr_MASTER_result\regen\3904c8ae6edf\cy12,regen:cy12/12,1.6554,1.5069,25,1,,613.989,deck
,..\2_LP\LOW_Fr_MASTER_result\regen\395a551c47d0\cy01,superseded,,,0,0,,,
add0ad9939433de2,..\2_LP\LOW_Fr_MASTER_result\regen\395a551c47d0\cy02,superseded,,,0,0,,,deck
add0ad9939433de2,..\2_LP\LOW_Fr_MASTER_result\regen\395a551c47d0\cy03,superseded,,,0,0,,,deck
add0ad9939433de2,..\2_LP\LOW_Fr_MASTER_result\regen\395a551c47d0\cy04,superseded,,,0,0,,,deck
add0ad9939433de2,..\2_LP\LOW_Fr_MASTER_result\regen\395a551c47d0\cy05,superseded,,,0,0,,,deck
add0ad9939433de2,..\2_LP\LOW_Fr_MASTER_result\regen\395a551c47d0\cy06,superseded,,,0,0,,,deck
add0ad9939433de2,..\2_LP\LOW_Fr_MASTER_result\regen\395a551c47d0\cy07,superseded,,,0,0,,,deck
add0ad9939433de2,..\2_LP\LOW_Fr_MASTER_result\regen\395a551c47d0\cy08,superseded,,,0,0,,,deck
add0ad9939433de2,..\2_LP\LOW_Fr_MASTER_result\regen\395a551c47d0\cy09,superseded,,,0,0,,,deck
add0ad9939433de2,..\2_LP\LOW_Fr_MASTER_result\regen\395a551c47d0\cy10,superseded,,,0,0,,,deck
add0ad9939433de2,..\2_LP\LOW_Fr_MASTER_result\regen\395a551c47d0\cy11,superseded,,,0,0,,,deck
add0ad9939433de2,..\2_LP\LOW_Fr_MASTER_result\regen\395a551c47d0\cy12,regen:cy12/12,1.7042,1.5353,25,1,,614.048,deck
,..\2_LP\LOW_Fr_MASTER_result\regen\3960ec258b9c\cy01,superseded,,,0,0,,,
7d39510411ed6e81,..\2_LP\LOW_Fr_MASTER_result\regen\3960ec258b9c\cy02,superseded,,,0,0,,,deck
7d39510411ed6e81,..\2_LP\LOW_Fr_MASTER_result\regen\3960ec258b9c\cy03,superseded,,,0,0,,,deck
7d39510411ed6e81,..\2_LP\LOW_Fr_MASTER_result\regen\3960ec258b9c\cy04,superseded,,,0,0,,,deck
7d39510411ed6e81,..\2_LP\LOW_Fr_MASTER_result\regen\3960ec258b9c\cy05,superseded,,,0,0,,,deck
7d39510411ed6e81,..\2_LP\LOW_Fr_MASTER_result\regen\3960ec258b9c\cy06,superseded,,,0,0,,,deck
7d39510411ed6e81,..\2_LP\LOW_Fr_MASTER_result\regen\3960ec258b9c\cy07,superseded,,,0,0,,,deck
7d39510411ed6e81,..\2_LP\LOW_Fr_MASTER_result\regen\3960ec258b9c\cy08,superseded,,,0,0,,,deck
7d39510411ed6e81,..\2_LP\LOW_Fr_MASTER_result\regen\3960ec258b9c\cy09,superseded,,,0,0,,,deck
7d39510411ed6e81,..\2_LP\LOW_Fr_MASTER_result\regen\3960ec258b9c\cy10,superseded,,,0,0,,,deck
7d39510411ed6e81,..\2_LP\LOW_Fr_MASTER_result\regen\3960ec258b9c\cy11,superseded,,,0,0,,,deck
7d39510411ed6e81,..\2_LP\LOW_Fr_MASTER_result\regen\3960ec258b9c\cy12,regen:cy12/12,2.019,1.7407,25,1,,615.901,deck
,..\2_LP\LOW_Fr_MASTER_result\regen\39e8f10ed3e3\cy01,superseded,,,0,0,,,
1c6707702dc454eb,..\2_LP\LOW_Fr_MASTER_result\regen\39e8f10ed3e3\cy02,superseded,,,0,0,,,deck
1c6707702dc454eb,..\2_LP\LOW_Fr_MASTER_result\regen\39e8f10ed3e3\cy03,superseded,,,0,0,,,deck
1c6707702dc454eb,..\2_LP\LOW_Fr_MASTER_result\regen\39e8f10ed3e3\cy04,superseded,,,0,0,,,deck
1c6707702dc454eb,..\2_LP\LOW_Fr_MASTER_result\regen\39e8f10ed3e3\cy05,superseded,,,0,0,,,deck
1c6707702dc454eb,..\2_LP\LOW_Fr_MASTER_result\regen\39e8f10ed3e3\cy06,superseded,,,0,0,,,deck
1c6707702dc454eb,..\2_LP\LOW_Fr_MASTER_result\regen\39e8f10ed3e3\cy07,superseded,,,0,0,,,deck
1c6707702dc454eb,..\2_LP\LOW_Fr_MASTER_result\regen\39e8f10ed3e3\cy08,superseded,,,0,0,,,deck
1c6707702dc454eb,..\2_LP\LOW_Fr_MASTER_result\regen\39e8f10ed3e3\cy09,superseded,,,0,0,,,deck
1c6707702dc454eb,..\2_LP\LOW_Fr_MASTER_result\regen\39e8f10ed3e3\cy10,superseded,,,0,0,,,deck
1c6707702dc454eb,..\2_LP\LOW_Fr_MASTER_result\regen\39e8f10ed3e3\cy11,superseded,,,0,0,,,deck
1c6707702dc454eb,..\2_LP\LOW_Fr_MASTER_result\regen\39e8f10ed3e3\cy12,regen:cy12/12,1.6773,1.5233,25,1,,616.511,deck
,..\2_LP\LOW_Fr_MASTER_result\regen\39ee9c230ea8\cy01,superseded,,,0,0,,,
5f8f1db61ba2077e,..\2_LP\LOW_Fr_MASTER_result\regen\39ee9c230ea8\cy02,superseded,,,0,0,,,deck
5f8f1db61ba2077e,..\2_LP\LOW_Fr_MASTER_result\regen\39ee9c230ea8\cy03,superseded,,,0,0,,,deck
5f8f1db61ba2077e,..\2_LP\LOW_Fr_MASTER_result\regen\39ee9c230ea8\cy04,superseded,,,0,0,,,deck
5f8f1db61ba2077e,..\2_LP\LOW_Fr_MASTER_result\regen\39ee9c230ea8\cy05,superseded,,,0,0,,,deck
5f8f1db61ba2077e,..\2_LP\LOW_Fr_MASTER_result\regen\39ee9c230ea8\cy06,superseded,,,0,0,,,deck
5f8f1db61ba2077e,..\2_LP\LOW_Fr_MASTER_result\regen\39ee9c230ea8\cy07,superseded,,,0,0,,,deck
5f8f1db61ba2077e,..\2_LP\LOW_Fr_MASTER_result\regen\39ee9c230ea8\cy08,superseded,,,0,0,,,deck
5f8f1db61ba2077e,..\2_LP\LOW_Fr_MASTER_result\regen\39ee9c230ea8\cy09,superseded,,,0,0,,,deck
5f8f1db61ba2077e,..\2_LP\LOW_Fr_MASTER_result\regen\39ee9c230ea8\cy10,superseded,,,0,0,,,deck
5f8f1db61ba2077e,..\2_LP\LOW_Fr_MASTER_result\regen\39ee9c230ea8\cy11,superseded,,,0,0,,,deck
5f8f1db61ba2077e,..\2_LP\LOW_Fr_MASTER_result\regen\39ee9c230ea8\cy12,regen:cy12/12,1.6535,1.5363,25,1,,621.676,deck
,..\2_LP\LOW_Fr_MASTER_result\regen\39f22d292f54\cy01,superseded,,,0,0,,,
080a406df589706b,..\2_LP\LOW_Fr_MASTER_result\regen\39f22d292f54\cy02,superseded,,,0,0,,,deck
080a406df589706b,..\2_LP\LOW_Fr_MASTER_result\regen\39f22d292f54\cy03,superseded,,,0,0,,,deck
080a406df589706b,..\2_LP\LOW_Fr_MASTER_result\regen\39f22d292f54\cy04,superseded,,,0,0,,,deck
080a406df589706b,..\2_LP\LOW_Fr_MASTER_result\regen\39f22d292f54\cy05,superseded,,,0,0,,,deck
080a406df589706b,..\2_LP\LOW_Fr_MASTER_result\regen\39f22d292f54\cy06,superseded,,,0,0,,,deck
080a406df589706b,..\2_LP\LOW_Fr_MASTER_result\regen\39f22d292f54\cy07,superseded,,,0,0,,,deck
080a406df589706b,..\2_LP\LOW_Fr_MASTER_result\regen\39f22d292f54\cy08,superseded,,,0,0,,,deck
080a406df589706b,..\2_LP\LOW_Fr_MASTER_result\regen\39f22d292f54\cy09,superseded,,,0,0,,,deck
080a406df589706b,..\2_LP\LOW_Fr_MASTER_result\regen\39f22d292f54\cy10,regen:cy10/10,2.0489,1.8453,25,1,,614.467,deck
,..\2_LP\LOW_Fr_MASTER_result\regen\3a4dec687a91\cy01,superseded,,,0,0,,,
ca83ac910cc08ab7,..\2_LP\LOW_Fr_MASTER_result\regen\3a4dec687a91\cy02,superseded,,,0,0,,,deck
ca83ac910cc08ab7,..\2_LP\LOW_Fr_MASTER_result\regen\3a4dec687a91\cy03,superseded,,,0,0,,,deck
ca83ac910cc08ab7,..\2_LP\LOW_Fr_MASTER_result\regen\3a4dec687a91\cy04,superseded,,,0,0,,,deck
ca83ac910cc08ab7,..\2_LP\LOW_Fr_MASTER_result\regen\3a4dec687a91\cy05,superseded,,,0,0,,,deck
ca83ac910cc08ab7,..\2_LP\LOW_Fr_MASTER_result\regen\3a4dec687a91\cy06,superseded,,,0,0,,,deck
ca83ac910cc08ab7,..\2_LP\LOW_Fr_MASTER_result\regen\3a4dec687a91\cy07,superseded,,,0,0,,,deck
ca83ac910cc08ab7,..\2_LP\LOW_Fr_MASTER_result\regen\3a4dec687a91\cy08,superseded,,,0,0,,,deck
ca83ac910cc08ab7,..\2_LP\LOW_Fr_MASTER_result\regen\3a4dec687a91\cy09,superseded,,,0,0,,,deck
ca83ac910cc08ab7,..\2_LP\LOW_Fr_MASTER_result\regen\3a4dec687a91\cy10,superseded,,,0,0,,,deck
ca83ac910cc08ab7,..\2_LP\LOW_Fr_MASTER_result\regen\3a4dec687a91\cy11,superseded,,,0,0,,,deck
ca83ac910cc08ab7,..\2_LP\LOW_Fr_MASTER_result\regen\3a4dec687a91\cy12,regen:cy12/12,1.7895,1.5584,25,1,,619.582,deck
,..\2_LP\LOW_Fr_MASTER_result\regen\3aab5600ed68\cy01,superseded,,,0,0,,,
9faaf4c90cbe3008,..\2_LP\LOW_Fr_MASTER_result\regen\3aab5600ed68\cy02,superseded,,,0,0,,,deck
9faaf4c90cbe3008,..\2_LP\LOW_Fr_MASTER_result\regen\3aab5600ed68\cy03,superseded,,,0,0,,,deck
9faaf4c90cbe3008,..\2_LP\LOW_Fr_MASTER_result\regen\3aab5600ed68\cy04,superseded,,,0,0,,,deck
9faaf4c90cbe3008,..\2_LP\LOW_Fr_MASTER_result\regen\3aab5600ed68\cy05,superseded,,,0,0,,,deck
9faaf4c90cbe3008,..\2_LP\LOW_Fr_MASTER_result\regen\3aab5600ed68\cy06,superseded,,,0,0,,,deck
9faaf4c90cbe3008,..\2_LP\LOW_Fr_MASTER_result\regen\3aab5600ed68\cy07,superseded,,,0,0,,,deck
9faaf4c90cbe3008,..\2_LP\LOW_Fr_MASTER_result\regen\3aab5600ed68\cy08,superseded,,,0,0,,,deck
9faaf4c90cbe3008,..\2_LP\LOW_Fr_MASTER_result\regen\3aab5600ed68\cy09,superseded,,,0,0,,,deck
9faaf4c90cbe3008,..\2_LP\LOW_Fr_MASTER_result\regen\3aab5600ed68\cy10,superseded,,,0,0,,,deck
9faaf4c90cbe3008,..\2_LP\LOW_Fr_MASTER_result\regen\3aab5600ed68\cy11,superseded,,,0,0,,,deck
9faaf4c90cbe3008,..\2_LP\LOW_Fr_MASTER_result\regen\3aab5600ed68\cy12,regen:cy12/12,1.5688,1.3919,25,1,,617.165,deck
,..\2_LP\LOW_Fr_MASTER_result\regen\3b6f537e1695\cy01,superseded,,,0,0,,,
80cfad5a50377767,..\2_LP\LOW_Fr_MASTER_result\regen\3b6f537e1695\cy02,superseded,,,0,0,,,deck
80cfad5a50377767,..\2_LP\LOW_Fr_MASTER_result\regen\3b6f537e1695\cy03,superseded,,,0,0,,,deck
80cfad5a50377767,..\2_LP\LOW_Fr_MASTER_result\regen\3b6f537e1695\cy04,superseded,,,0,0,,,deck
80cfad5a50377767,..\2_LP\LOW_Fr_MASTER_result\regen\3b6f537e1695\cy05,superseded,,,0,0,,,deck
80cfad5a50377767,..\2_LP\LOW_Fr_MASTER_result\regen\3b6f537e1695\cy06,superseded,,,0,0,,,deck
80cfad5a50377767,..\2_LP\LOW_Fr_MASTER_result\regen\3b6f537e1695\cy07,superseded,,,0,0,,,deck
80cfad5a50377767,..\2_LP\LOW_Fr_MASTER_result\regen\3b6f537e1695\cy08,superseded,,,0,0,,,deck
80cfad5a50377767,..\2_LP\LOW_Fr_MASTER_result\regen\3b6f537e1695\cy09,superseded,,,0,0,,,deck
80cfad5a50377767,..\2_LP\LOW_Fr_MASTER_result\regen\3b6f537e1695\cy10,superseded,,,0,0,,,deck
80cfad5a50377767,..\2_LP\LOW_Fr_MASTER_result\regen\3b6f537e1695\cy11,superseded,,,0,0,,,deck
80cfad5a50377767,..\2_LP\LOW_Fr_MASTER_result\regen\3b6f537e1695\cy12,regen:cy12/12,1.6168,1.4821,25,1,,621.043,deck
,..\2_LP\LOW_Fr_MASTER_result\regen\3bfd9b2c8d63\cy01,superseded,,,0,0,,,
ea8a1f1335880f33,..\2_LP\LOW_Fr_MASTER_result\regen\3bfd9b2c8d63\cy02,superseded,,,0,0,,,deck
ea8a1f1335880f33,..\2_LP\LOW_Fr_MASTER_result\regen\3bfd9b2c8d63\cy03,superseded,,,0,0,,,deck
ea8a1f1335880f33,..\2_LP\LOW_Fr_MASTER_result\regen\3bfd9b2c8d63\cy04,superseded,,,0,0,,,deck
ea8a1f1335880f33,..\2_LP\LOW_Fr_MASTER_result\regen\3bfd9b2c8d63\cy05,superseded,,,0,0,,,deck
ea8a1f1335880f33,..\2_LP\LOW_Fr_MASTER_result\regen\3bfd9b2c8d63\cy06,superseded,,,0,0,,,deck
ea8a1f1335880f33,..\2_LP\LOW_Fr_MASTER_result\regen\3bfd9b2c8d63\cy07,superseded,,,0,0,,,deck
ea8a1f1335880f33,..\2_LP\LOW_Fr_MASTER_result\regen\3bfd9b2c8d63\cy08,superseded,,,0,0,,,deck
ea8a1f1335880f33,..\2_LP\LOW_Fr_MASTER_result\regen\3bfd9b2c8d63\cy09,superseded,,,0,0,,,deck
ea8a1f1335880f33,..\2_LP\LOW_Fr_MASTER_result\regen\3bfd9b2c8d63\cy10,superseded,,,0,0,,,deck
ea8a1f1335880f33,..\2_LP\LOW_Fr_MASTER_result\regen\3bfd9b2c8d63\cy11,superseded,,,0,0,,,deck
ea8a1f1335880f33,..\2_LP\LOW_Fr_MASTER_result\regen\3bfd9b2c8d63\cy12,regen:cy12/12,1.7493,1.4909,25,1,,619.14,deck
,..\2_LP\LOW_Fr_MASTER_result\regen\3c905b40664b\cy01,superseded,,,0,0,,,
25e3eeb136144b46,..\2_LP\LOW_Fr_MASTER_result\regen\3c905b40664b\cy02,superseded,,,0,0,,,deck
25e3eeb136144b46,..\2_LP\LOW_Fr_MASTER_result\regen\3c905b40664b\cy03,superseded,,,0,0,,,deck
25e3eeb136144b46,..\2_LP\LOW_Fr_MASTER_result\regen\3c905b40664b\cy04,superseded,,,0,0,,,deck
25e3eeb136144b46,..\2_LP\LOW_Fr_MASTER_result\regen\3c905b40664b\cy05,superseded,,,0,0,,,deck
25e3eeb136144b46,..\2_LP\LOW_Fr_MASTER_result\regen\3c905b40664b\cy06,superseded,,,0,0,,,deck
25e3eeb136144b46,..\2_LP\LOW_Fr_MASTER_result\regen\3c905b40664b\cy07,superseded,,,0,0,,,deck
25e3eeb136144b46,..\2_LP\LOW_Fr_MASTER_result\regen\3c905b40664b\cy08,superseded,,,0,0,,,deck
25e3eeb136144b46,..\2_LP\LOW_Fr_MASTER_result\regen\3c905b40664b\cy09,superseded,,,0,0,,,deck
25e3eeb136144b46,..\2_LP\LOW_Fr_MASTER_result\regen\3c905b40664b\cy10,superseded,,,0,0,,,deck
25e3eeb136144b46,..\2_LP\LOW_Fr_MASTER_result\regen\3c905b40664b\cy11,superseded,,,0,0,,,deck
25e3eeb136144b46,..\2_LP\LOW_Fr_MASTER_result\regen\3c905b40664b\cy12,regen:cy12/12,1.6008,1.4765,25,1,,621.693,deck
,..\2_LP\LOW_Fr_MASTER_result\regen\3ca00a2bcc0f\cy01,superseded,,,0,0,,,
905247b997e88668,..\2_LP\LOW_Fr_MASTER_result\regen\3ca00a2bcc0f\cy02,superseded,,,0,0,,,deck
905247b997e88668,..\2_LP\LOW_Fr_MASTER_result\regen\3ca00a2bcc0f\cy03,superseded,,,0,0,,,deck
905247b997e88668,..\2_LP\LOW_Fr_MASTER_result\regen\3ca00a2bcc0f\cy04,superseded,,,0,0,,,deck
905247b997e88668,..\2_LP\LOW_Fr_MASTER_result\regen\3ca00a2bcc0f\cy05,superseded,,,0,0,,,deck
905247b997e88668,..\2_LP\LOW_Fr_MASTER_result\regen\3ca00a2bcc0f\cy06,superseded,,,0,0,,,deck
905247b997e88668,..\2_LP\LOW_Fr_MASTER_result\regen\3ca00a2bcc0f\cy07,superseded,,,0,0,,,deck
905247b997e88668,..\2_LP\LOW_Fr_MASTER_result\regen\3ca00a2bcc0f\cy08,superseded,,,0,0,,,deck
905247b997e88668,..\2_LP\LOW_Fr_MASTER_result\regen\3ca00a2bcc0f\cy09,superseded,,,0,0,,,deck
905247b997e88668,..\2_LP\LOW_Fr_MASTER_result\regen\3ca00a2bcc0f\cy10,superseded,,,0,0,,,deck
905247b997e88668,..\2_LP\LOW_Fr_MASTER_result\regen\3ca00a2bcc0f\cy11,superseded,,,0,0,,,deck
905247b997e88668,..\2_LP\LOW_Fr_MASTER_result\regen\3ca00a2bcc0f\cy12,regen:cy12/12,1.6011,1.4228,25,1,,616.26,deck
,..\2_LP\LOW_Fr_MASTER_result\regen\3cb49dfbc0c8\cy01,superseded,,,0,0,,,
124cf8d9b3872b59,..\2_LP\LOW_Fr_MASTER_result\regen\3cb49dfbc0c8\cy02,superseded,,,0,0,,,deck
124cf8d9b3872b59,..\2_LP\LOW_Fr_MASTER_result\regen\3cb49dfbc0c8\cy03,superseded,,,0,0,,,deck
124cf8d9b3872b59,..\2_LP\LOW_Fr_MASTER_result\regen\3cb49dfbc0c8\cy04,superseded,,,0,0,,,deck
124cf8d9b3872b59,..\2_LP\LOW_Fr_MASTER_result\regen\3cb49dfbc0c8\cy05,superseded,,,0,0,,,deck
124cf8d9b3872b59,..\2_LP\LOW_Fr_MASTER_result\regen\3cb49dfbc0c8\cy06,superseded,,,0,0,,,deck
124cf8d9b3872b59,..\2_LP\LOW_Fr_MASTER_result\regen\3cb49dfbc0c8\cy07,superseded,,,0,0,,,deck
124cf8d9b3872b59,..\2_LP\LOW_Fr_MASTER_result\regen\3cb49dfbc0c8\cy08,superseded,,,0,0,,,deck
124cf8d9b3872b59,..\2_LP\LOW_Fr_MASTER_result\regen\3cb49dfbc0c8\cy09,superseded,,,0,0,,,deck
124cf8d9b3872b59,..\2_LP\LOW_Fr_MASTER_result\regen\3cb49dfbc0c8\cy10,superseded,,,0,0,,,deck
124cf8d9b3872b59,..\2_LP\LOW_Fr_MASTER_result\regen\3cb49dfbc0c8\cy11,superseded,,,0,0,,,deck
124cf8d9b3872b59,..\2_LP\LOW_Fr_MASTER_result\regen\3cb49dfbc0c8\cy12,regen:cy12/12,1.6906,1.4946,25,1,,618.357,deck
,..\2_LP\LOW_Fr_MASTER_result\regen\3ccf5ac259a3\cy01,superseded,,,0,0,,,
17bbeb20a7378df4,..\2_LP\LOW_Fr_MASTER_result\regen\3ccf5ac259a3\cy02,superseded,,,0,0,,,deck
17bbeb20a7378df4,..\2_LP\LOW_Fr_MASTER_result\regen\3ccf5ac259a3\cy03,superseded,,,0,0,,,deck
17bbeb20a7378df4,..\2_LP\LOW_Fr_MASTER_result\regen\3ccf5ac259a3\cy04,superseded,,,0,0,,,deck
17bbeb20a7378df4,..\2_LP\LOW_Fr_MASTER_result\regen\3ccf5ac259a3\cy05,superseded,,,0,0,,,deck
17bbeb20a7378df4,..\2_LP\LOW_Fr_MASTER_result\regen\3ccf5ac259a3\cy06,superseded,,,0,0,,,deck
17bbeb20a7378df4,..\2_LP\LOW_Fr_MASTER_result\regen\3ccf5ac259a3\cy07,superseded,,,0,0,,,deck
17bbeb20a7378df4,..\2_LP\LOW_Fr_MASTER_result\regen\3ccf5ac259a3\cy08,superseded,,,0,0,,,deck
17bbeb20a7378df4,..\2_LP\LOW_Fr_MASTER_result\regen\3ccf5ac259a3\cy09,superseded,,,0,0,,,deck
17bbeb20a7378df4,..\2_LP\LOW_Fr_MASTER_result\regen\3ccf5ac259a3\cy10,superseded,,,0,0,,,deck
17bbeb20a7378df4,..\2_LP\LOW_Fr_MASTER_result\regen\3ccf5ac259a3\cy11,regen:cy11/11,2.0819,1.8534,25,1,,620.503,deck
,..\2_LP\LOW_Fr_MASTER_result\regen\3d0b81a51110\cy01,superseded,,,0,0,,,
e4296655fe4b2f0d,..\2_LP\LOW_Fr_MASTER_result\regen\3d0b81a51110\cy02,superseded,,,0,0,,,deck
e4296655fe4b2f0d,..\2_LP\LOW_Fr_MASTER_result\regen\3d0b81a51110\cy03,superseded,,,0,0,,,deck
e4296655fe4b2f0d,..\2_LP\LOW_Fr_MASTER_result\regen\3d0b81a51110\cy04,superseded,,,0,0,,,deck
e4296655fe4b2f0d,..\2_LP\LOW_Fr_MASTER_result\regen\3d0b81a51110\cy05,superseded,,,0,0,,,deck
e4296655fe4b2f0d,..\2_LP\LOW_Fr_MASTER_result\regen\3d0b81a51110\cy06,superseded,,,0,0,,,deck
e4296655fe4b2f0d,..\2_LP\LOW_Fr_MASTER_result\regen\3d0b81a51110\cy07,superseded,,,0,0,,,deck
e4296655fe4b2f0d,..\2_LP\LOW_Fr_MASTER_result\regen\3d0b81a51110\cy08,superseded,,,0,0,,,deck
e4296655fe4b2f0d,..\2_LP\LOW_Fr_MASTER_result\regen\3d0b81a51110\cy09,superseded,,,0,0,,,deck
e4296655fe4b2f0d,..\2_LP\LOW_Fr_MASTER_result\regen\3d0b81a51110\cy10,superseded,,,0,0,,,deck
e4296655fe4b2f0d,..\2_LP\LOW_Fr_MASTER_result\regen\3d0b81a51110\cy11,superseded,,,0,0,,,deck
e4296655fe4b2f0d,..\2_LP\LOW_Fr_MASTER_result\regen\3d0b81a51110\cy12,regen:cy12/12,1.6579,1.4623,25,1,,619.602,deck
,..\2_LP\LOW_Fr_MASTER_result\regen\3db710365cd1\cy01,superseded,,,0,0,,,
ff3863ab4891f39a,..\2_LP\LOW_Fr_MASTER_result\regen\3db710365cd1\cy02,superseded,,,0,0,,,deck
ff3863ab4891f39a,..\2_LP\LOW_Fr_MASTER_result\regen\3db710365cd1\cy03,superseded,,,0,0,,,deck
ff3863ab4891f39a,..\2_LP\LOW_Fr_MASTER_result\regen\3db710365cd1\cy04,superseded,,,0,0,,,deck
ff3863ab4891f39a,..\2_LP\LOW_Fr_MASTER_result\regen\3db710365cd1\cy05,superseded,,,0,0,,,deck
ff3863ab4891f39a,..\2_LP\LOW_Fr_MASTER_result\regen\3db710365cd1\cy06,superseded,,,0,0,,,deck
ff3863ab4891f39a,..\2_LP\LOW_Fr_MASTER_result\regen\3db710365cd1\cy07,superseded,,,0,0,,,deck
ff3863ab4891f39a,..\2_LP\LOW_Fr_MASTER_result\regen\3db710365cd1\cy08,superseded,,,0,0,,,deck
ff3863ab4891f39a,..\2_LP\LOW_Fr_MASTER_result\regen\3db710365cd1\cy09,superseded,,,0,0,,,deck
ff3863ab4891f39a,..\2_LP\LOW_Fr_MASTER_result\regen\3db710365cd1\cy10,regen:cy10/10,1.6254,1.4784,25,1,,623.375,deck
,..\2_LP\LOW_Fr_MASTER_result\regen\3e2565dbefcc\cy01,superseded,,,0,0,,,
44c41bae58acae5b,..\2_LP\LOW_Fr_MASTER_result\regen\3e2565dbefcc\cy02,superseded,,,0,0,,,deck
44c41bae58acae5b,..\2_LP\LOW_Fr_MASTER_result\regen\3e2565dbefcc\cy03,superseded,,,0,0,,,deck
44c41bae58acae5b,..\2_LP\LOW_Fr_MASTER_result\regen\3e2565dbefcc\cy04,superseded,,,0,0,,,deck
44c41bae58acae5b,..\2_LP\LOW_Fr_MASTER_result\regen\3e2565dbefcc\cy05,superseded,,,0,0,,,deck
44c41bae58acae5b,..\2_LP\LOW_Fr_MASTER_result\regen\3e2565dbefcc\cy06,superseded,,,0,0,,,deck
44c41bae58acae5b,..\2_LP\LOW_Fr_MASTER_result\regen\3e2565dbefcc\cy07,superseded,,,0,0,,,deck
44c41bae58acae5b,..\2_LP\LOW_Fr_MASTER_result\regen\3e2565dbefcc\cy08,superseded,,,0,0,,,deck
44c41bae58acae5b,..\2_LP\LOW_Fr_MASTER_result\regen\3e2565dbefcc\cy09,superseded,,,0,0,,,deck
44c41bae58acae5b,..\2_LP\LOW_Fr_MASTER_result\regen\3e2565dbefcc\cy10,superseded,,,0,0,,,deck
44c41bae58acae5b,..\2_LP\LOW_Fr_MASTER_result\regen\3e2565dbefcc\cy11,superseded,,,0,0,,,deck
44c41bae58acae5b,..\2_LP\LOW_Fr_MASTER_result\regen\3e2565dbefcc\cy12,regen:cy12/12,1.5957,1.451,25,1,,623.604,deck
,..\2_LP\LOW_Fr_MASTER_result\regen\3efd6a0fb823\cy01,superseded,,,0,0,,,
6498ae7d13ba2f0f,..\2_LP\LOW_Fr_MASTER_result\regen\3efd6a0fb823\cy02,superseded,,,0,0,,,deck
6498ae7d13ba2f0f,..\2_LP\LOW_Fr_MASTER_result\regen\3efd6a0fb823\cy03,superseded,,,0,0,,,deck
6498ae7d13ba2f0f,..\2_LP\LOW_Fr_MASTER_result\regen\3efd6a0fb823\cy04,superseded,,,0,0,,,deck
6498ae7d13ba2f0f,..\2_LP\LOW_Fr_MASTER_result\regen\3efd6a0fb823\cy05,superseded,,,0,0,,,deck
6498ae7d13ba2f0f,..\2_LP\LOW_Fr_MASTER_result\regen\3efd6a0fb823\cy06,superseded,,,0,0,,,deck
6498ae7d13ba2f0f,..\2_LP\LOW_Fr_MASTER_result\regen\3efd6a0fb823\cy07,superseded,,,0,0,,,deck
6498ae7d13ba2f0f,..\2_LP\LOW_Fr_MASTER_result\regen\3efd6a0fb823\cy08,superseded,,,0,0,,,deck
6498ae7d13ba2f0f,..\2_LP\LOW_Fr_MASTER_result\regen\3efd6a0fb823\cy09,superseded,,,0,0,,,deck
6498ae7d13ba2f0f,..\2_LP\LOW_Fr_MASTER_result\regen\3efd6a0fb823\cy10,superseded,,,0,0,,,deck
6498ae7d13ba2f0f,..\2_LP\LOW_Fr_MASTER_result\regen\3efd6a0fb823\cy11,superseded,,,0,0,,,deck
6498ae7d13ba2f0f,..\2_LP\LOW_Fr_MASTER_result\regen\3efd6a0fb823\cy12,regen:cy12/12,1.6873,1.5312,25,1,,613.899,deck
,..\2_LP\LOW_Fr_MASTER_result\regen\3efe0dde73a7\cy01,superseded,,,0,0,,,
f280d2021e7306a8,..\2_LP\LOW_Fr_MASTER_result\regen\3efe0dde73a7\cy02,superseded,,,0,0,,,deck
f280d2021e7306a8,..\2_LP\LOW_Fr_MASTER_result\regen\3efe0dde73a7\cy03,superseded,,,0,0,,,deck
f280d2021e7306a8,..\2_LP\LOW_Fr_MASTER_result\regen\3efe0dde73a7\cy04,superseded,,,0,0,,,deck
f280d2021e7306a8,..\2_LP\LOW_Fr_MASTER_result\regen\3efe0dde73a7\cy05,superseded,,,0,0,,,deck
f280d2021e7306a8,..\2_LP\LOW_Fr_MASTER_result\regen\3efe0dde73a7\cy06,superseded,,,0,0,,,deck
f280d2021e7306a8,..\2_LP\LOW_Fr_MASTER_result\regen\3efe0dde73a7\cy07,superseded,,,0,0,,,deck
f280d2021e7306a8,..\2_LP\LOW_Fr_MASTER_result\regen\3efe0dde73a7\cy08,superseded,,,0,0,,,deck
f280d2021e7306a8,..\2_LP\LOW_Fr_MASTER_result\regen\3efe0dde73a7\cy09,superseded,,,0,0,,,deck
f280d2021e7306a8,..\2_LP\LOW_Fr_MASTER_result\regen\3efe0dde73a7\cy10,superseded,,,0,0,,,deck
f280d2021e7306a8,..\2_LP\LOW_Fr_MASTER_result\regen\3efe0dde73a7\cy11,superseded,,,0,0,,,deck
f280d2021e7306a8,..\2_LP\LOW_Fr_MASTER_result\regen\3efe0dde73a7\cy12,regen:cy12/12,1.6429,1.4712,25,1,,616.609,deck
,..\2_LP\LOW_Fr_MASTER_result\regen\3fd3a93ccd94\cy01,superseded,,,0,0,,,
86ca79cecbf0229b,..\2_LP\LOW_Fr_MASTER_result\regen\3fd3a93ccd94\cy02,superseded,,,0,0,,,deck
86ca79cecbf0229b,..\2_LP\LOW_Fr_MASTER_result\regen\3fd3a93ccd94\cy03,superseded,,,0,0,,,deck
86ca79cecbf0229b,..\2_LP\LOW_Fr_MASTER_result\regen\3fd3a93ccd94\cy04,superseded,,,0,0,,,deck
86ca79cecbf0229b,..\2_LP\LOW_Fr_MASTER_result\regen\3fd3a93ccd94\cy05,superseded,,,0,0,,,deck
86ca79cecbf0229b,..\2_LP\LOW_Fr_MASTER_result\regen\3fd3a93ccd94\cy06,superseded,,,0,0,,,deck
86ca79cecbf0229b,..\2_LP\LOW_Fr_MASTER_result\regen\3fd3a93ccd94\cy07,superseded,,,0,0,,,deck
86ca79cecbf0229b,..\2_LP\LOW_Fr_MASTER_result\regen\3fd3a93ccd94\cy08,superseded,,,0,0,,,deck
86ca79cecbf0229b,..\2_LP\LOW_Fr_MASTER_result\regen\3fd3a93ccd94\cy09,superseded,,,0,0,,,deck
86ca79cecbf0229b,..\2_LP\LOW_Fr_MASTER_result\regen\3fd3a93ccd94\cy10,superseded,,,0,0,,,deck
86ca79cecbf0229b,..\2_LP\LOW_Fr_MASTER_result\regen\3fd3a93ccd94\cy11,superseded,,,0,0,,,deck
86ca79cecbf0229b,..\2_LP\LOW_Fr_MASTER_result\regen\3fd3a93ccd94\cy12,regen:cy12/12,1.7015,1.544,25,1,,608.894,deck
,..\2_LP\LOW_Fr_MASTER_result\regen\40121fc1f710\cy01,superseded,,,0,0,,,
6ccc3f2fb2101353,..\2_LP\LOW_Fr_MASTER_result\regen\40121fc1f710\cy02,superseded,,,0,0,,,deck
6ccc3f2fb2101353,..\2_LP\LOW_Fr_MASTER_result\regen\40121fc1f710\cy03,superseded,,,0,0,,,deck
6ccc3f2fb2101353,..\2_LP\LOW_Fr_MASTER_result\regen\40121fc1f710\cy04,superseded,,,0,0,,,deck
6ccc3f2fb2101353,..\2_LP\LOW_Fr_MASTER_result\regen\40121fc1f710\cy05,superseded,,,0,0,,,deck
6ccc3f2fb2101353,..\2_LP\LOW_Fr_MASTER_result\regen\40121fc1f710\cy06,superseded,,,0,0,,,deck
6ccc3f2fb2101353,..\2_LP\LOW_Fr_MASTER_result\regen\40121fc1f710\cy07,superseded,,,0,0,,,deck
6ccc3f2fb2101353,..\2_LP\LOW_Fr_MASTER_result\regen\40121fc1f710\cy08,superseded,,,0,0,,,deck
6ccc3f2fb2101353,..\2_LP\LOW_Fr_MASTER_result\regen\40121fc1f710\cy09,superseded,,,0,0,,,deck
6ccc3f2fb2101353,..\2_LP\LOW_Fr_MASTER_result\regen\40121fc1f710\cy10,superseded,,,0,0,,,deck
6ccc3f2fb2101353,..\2_LP\LOW_Fr_MASTER_result\regen\40121fc1f710\cy11,superseded,,,0,0,,,deck
6ccc3f2fb2101353,..\2_LP\LOW_Fr_MASTER_result\regen\40121fc1f710\cy12,regen:cy12/12,1.5878,1.4423,25,1,,623.535,deck
,..\2_LP\LOW_Fr_MASTER_result\regen\401f9ce597a7\cy01,superseded,,,0,0,,,
e8153d797e935862,..\2_LP\LOW_Fr_MASTER_result\regen\401f9ce597a7\cy02,superseded,,,0,0,,,deck
e8153d797e935862,..\2_LP\LOW_Fr_MASTER_result\regen\401f9ce597a7\cy03,superseded,,,0,0,,,deck
e8153d797e935862,..\2_LP\LOW_Fr_MASTER_result\regen\401f9ce597a7\cy04,superseded,,,0,0,,,deck
e8153d797e935862,..\2_LP\LOW_Fr_MASTER_result\regen\401f9ce597a7\cy05,superseded,,,0,0,,,deck
e8153d797e935862,..\2_LP\LOW_Fr_MASTER_result\regen\401f9ce597a7\cy06,superseded,,,0,0,,,deck
e8153d797e935862,..\2_LP\LOW_Fr_MASTER_result\regen\401f9ce597a7\cy07,superseded,,,0,0,,,deck
e8153d797e935862,..\2_LP\LOW_Fr_MASTER_result\regen\401f9ce597a7\cy08,superseded,,,0,0,,,deck
e8153d797e935862,..\2_LP\LOW_Fr_MASTER_result\regen\401f9ce597a7\cy09,superseded,,,0,0,,,deck
e8153d797e935862,..\2_LP\LOW_Fr_MASTER_result\regen\401f9ce597a7\cy10,superseded,,,0,0,,,deck
e8153d797e935862,..\2_LP\LOW_Fr_MASTER_result\regen\401f9ce597a7\cy11,superseded,,,0,0,,,deck
e8153d797e935862,..\2_LP\LOW_Fr_MASTER_result\regen\401f9ce597a7\cy12,regen:cy12/12,1.771,1.5407,25,1,,615.408,deck
,..\2_LP\LOW_Fr_MASTER_result\regen\404a7093b705\cy01,superseded,,,0,0,,,
946d06fc2bf17e72,..\2_LP\LOW_Fr_MASTER_result\regen\404a7093b705\cy02,superseded,,,0,0,,,deck
946d06fc2bf17e72,..\2_LP\LOW_Fr_MASTER_result\regen\404a7093b705\cy03,superseded,,,0,0,,,deck
946d06fc2bf17e72,..\2_LP\LOW_Fr_MASTER_result\regen\404a7093b705\cy04,superseded,,,0,0,,,deck
946d06fc2bf17e72,..\2_LP\LOW_Fr_MASTER_result\regen\404a7093b705\cy05,superseded,,,0,0,,,deck
946d06fc2bf17e72,..\2_LP\LOW_Fr_MASTER_result\regen\404a7093b705\cy06,superseded,,,0,0,,,deck
946d06fc2bf17e72,..\2_LP\LOW_Fr_MASTER_result\regen\404a7093b705\cy07,superseded,,,0,0,,,deck
946d06fc2bf17e72,..\2_LP\LOW_Fr_MASTER_result\regen\404a7093b705\cy08,superseded,,,0,0,,,deck
946d06fc2bf17e72,..\2_LP\LOW_Fr_MASTER_result\regen\404a7093b705\cy09,superseded,,,0,0,,,deck
946d06fc2bf17e72,..\2_LP\LOW_Fr_MASTER_result\regen\404a7093b705\cy10,regen:cy10/10,1.6828,1.5349,25,1,,619.95,deck
,..\2_LP\LOW_Fr_MASTER_result\regen\404e48aad232\cy01,superseded,,,0,0,,,
7b7bcaccd7c3d248,..\2_LP\LOW_Fr_MASTER_result\regen\404e48aad232\cy02,superseded,,,0,0,,,deck
7b7bcaccd7c3d248,..\2_LP\LOW_Fr_MASTER_result\regen\404e48aad232\cy03,superseded,,,0,0,,,deck
7b7bcaccd7c3d248,..\2_LP\LOW_Fr_MASTER_result\regen\404e48aad232\cy04,superseded,,,0,0,,,deck
7b7bcaccd7c3d248,..\2_LP\LOW_Fr_MASTER_result\regen\404e48aad232\cy05,superseded,,,0,0,,,deck
7b7bcaccd7c3d248,..\2_LP\LOW_Fr_MASTER_result\regen\404e48aad232\cy06,superseded,,,0,0,,,deck
7b7bcaccd7c3d248,..\2_LP\LOW_Fr_MASTER_result\regen\404e48aad232\cy07,superseded,,,0,0,,,deck
7b7bcaccd7c3d248,..\2_LP\LOW_Fr_MASTER_result\regen\404e48aad232\cy08,superseded,,,0,0,,,deck
7b7bcaccd7c3d248,..\2_LP\LOW_Fr_MASTER_result\regen\404e48aad232\cy09,superseded,,,0,0,,,deck
7b7bcaccd7c3d248,..\2_LP\LOW_Fr_MASTER_result\regen\404e48aad232\cy10,superseded,,,0,0,,,deck
7b7bcaccd7c3d248,..\2_LP\LOW_Fr_MASTER_result\regen\404e48aad232\cy11,superseded,,,0,0,,,deck
7b7bcaccd7c3d248,..\2_LP\LOW_Fr_MASTER_result\regen\404e48aad232\cy12,regen:cy12/12,1.629,1.4529,25,1,,621.749,deck
,..\2_LP\LOW_Fr_MASTER_result\regen\408bb21219c7\cy01,superseded,,,0,0,,,
2d7b3c23ec74dba9,..\2_LP\LOW_Fr_MASTER_result\regen\408bb21219c7\cy02,superseded,,,0,0,,,deck
2d7b3c23ec74dba9,..\2_LP\LOW_Fr_MASTER_result\regen\408bb21219c7\cy03,superseded,,,0,0,,,deck
2d7b3c23ec74dba9,..\2_LP\LOW_Fr_MASTER_result\regen\408bb21219c7\cy04,superseded,,,0,0,,,deck
2d7b3c23ec74dba9,..\2_LP\LOW_Fr_MASTER_result\regen\408bb21219c7\cy05,superseded,,,0,0,,,deck
2d7b3c23ec74dba9,..\2_LP\LOW_Fr_MASTER_result\regen\408bb21219c7\cy06,superseded,,,0,0,,,deck
2d7b3c23ec74dba9,..\2_LP\LOW_Fr_MASTER_result\regen\408bb21219c7\cy07,superseded,,,0,0,,,deck
2d7b3c23ec74dba9,..\2_LP\LOW_Fr_MASTER_result\regen\408bb21219c7\cy08,superseded,,,0,0,,,deck
2d7b3c23ec74dba9,..\2_LP\LOW_Fr_MASTER_result\regen\408bb21219c7\cy09,superseded,,,0,0,,,deck
2d7b3c23ec74dba9,..\2_LP\LOW_Fr_MASTER_result\regen\408bb21219c7\cy10,superseded,,,0,0,,,deck
2d7b3c23ec74dba9,..\2_LP\LOW_Fr_MASTER_result\regen\408bb21219c7\cy11,superseded,,,0,0,,,deck
2d7b3c23ec74dba9,..\2_LP\LOW_Fr_MASTER_result\regen\408bb21219c7\cy12,regen:cy12/12,1.8177,1.6134,25,1,,622.871,deck
,..\2_LP\LOW_Fr_MASTER_result\regen\40fc73de48af\cy01,superseded,,,0,0,,,
99585943dbf9b6ea,..\2_LP\LOW_Fr_MASTER_result\regen\40fc73de48af\cy02,superseded,,,0,0,,,deck
99585943dbf9b6ea,..\2_LP\LOW_Fr_MASTER_result\regen\40fc73de48af\cy03,superseded,,,0,0,,,deck
99585943dbf9b6ea,..\2_LP\LOW_Fr_MASTER_result\regen\40fc73de48af\cy04,superseded,,,0,0,,,deck
99585943dbf9b6ea,..\2_LP\LOW_Fr_MASTER_result\regen\40fc73de48af\cy05,superseded,,,0,0,,,deck
99585943dbf9b6ea,..\2_LP\LOW_Fr_MASTER_result\regen\40fc73de48af\cy06,superseded,,,0,0,,,deck
99585943dbf9b6ea,..\2_LP\LOW_Fr_MASTER_result\regen\40fc73de48af\cy07,superseded,,,0,0,,,deck
99585943dbf9b6ea,..\2_LP\LOW_Fr_MASTER_result\regen\40fc73de48af\cy08,superseded,,,0,0,,,deck
99585943dbf9b6ea,..\2_LP\LOW_Fr_MASTER_result\regen\40fc73de48af\cy09,superseded,,,0,0,,,deck
99585943dbf9b6ea,..\2_LP\LOW_Fr_MASTER_result\regen\40fc73de48af\cy10,superseded,,,0,0,,,deck
99585943dbf9b6ea,..\2_LP\LOW_Fr_MASTER_result\regen\40fc73de48af\cy11,superseded,,,0,0,,,deck
99585943dbf9b6ea,..\2_LP\LOW_Fr_MASTER_result\regen\40fc73de48af\cy12,regen:cy12/12,1.6288,1.4635,25,1,,623.522,deck
,..\2_LP\LOW_Fr_MASTER_result\regen\410bb85f06f8\cy01,superseded,,,0,0,,,
5783dbc97febb335,..\2_LP\LOW_Fr_MASTER_result\regen\410bb85f06f8\cy02,superseded,,,0,0,,,deck
5783dbc97febb335,..\2_LP\LOW_Fr_MASTER_result\regen\410bb85f06f8\cy03,superseded,,,0,0,,,deck
5783dbc97febb335,..\2_LP\LOW_Fr_MASTER_result\regen\410bb85f06f8\cy04,superseded,,,0,0,,,deck
5783dbc97febb335,..\2_LP\LOW_Fr_MASTER_result\regen\410bb85f06f8\cy05,superseded,,,0,0,,,deck
5783dbc97febb335,..\2_LP\LOW_Fr_MASTER_result\regen\410bb85f06f8\cy06,superseded,,,0,0,,,deck
5783dbc97febb335,..\2_LP\LOW_Fr_MASTER_result\regen\410bb85f06f8\cy07,superseded,,,0,0,,,deck
5783dbc97febb335,..\2_LP\LOW_Fr_MASTER_result\regen\410bb85f06f8\cy08,superseded,,,0,0,,,deck
5783dbc97febb335,..\2_LP\LOW_Fr_MASTER_result\regen\410bb85f06f8\cy09,superseded,,,0,0,,,deck
5783dbc97febb335,..\2_LP\LOW_Fr_MASTER_result\regen\410bb85f06f8\cy10,superseded,,,0,0,,,deck
5783dbc97febb335,..\2_LP\LOW_Fr_MASTER_result\regen\410bb85f06f8\cy11,superseded,,,0,0,,,deck
5783dbc97febb335,..\2_LP\LOW_Fr_MASTER_result\regen\410bb85f06f8\cy12,regen:cy12/12,1.6833,1.5095,25,1,,619.734,deck
,..\2_LP\LOW_Fr_MASTER_result\regen\41100914e7d2\cy01,superseded,,,0,0,,,
8e038de3fb757893,..\2_LP\LOW_Fr_MASTER_result\regen\41100914e7d2\cy02,superseded,,,0,0,,,deck
8e038de3fb757893,..\2_LP\LOW_Fr_MASTER_result\regen\41100914e7d2\cy03,superseded,,,0,0,,,deck
8e038de3fb757893,..\2_LP\LOW_Fr_MASTER_result\regen\41100914e7d2\cy04,superseded,,,0,0,,,deck
8e038de3fb757893,..\2_LP\LOW_Fr_MASTER_result\regen\41100914e7d2\cy05,superseded,,,0,0,,,deck
8e038de3fb757893,..\2_LP\LOW_Fr_MASTER_result\regen\41100914e7d2\cy06,superseded,,,0,0,,,deck
8e038de3fb757893,..\2_LP\LOW_Fr_MASTER_result\regen\41100914e7d2\cy07,superseded,,,0,0,,,deck
8e038de3fb757893,..\2_LP\LOW_Fr_MASTER_result\regen\41100914e7d2\cy08,superseded,,,0,0,,,deck
8e038de3fb757893,..\2_LP\LOW_Fr_MASTER_result\regen\41100914e7d2\cy09,superseded,,,0,0,,,deck
8e038de3fb757893,..\2_LP\LOW_Fr_MASTER_result\regen\41100914e7d2\cy10,superseded,,,0,0,,,deck
8e038de3fb757893,..\2_LP\LOW_Fr_MASTER_result\regen\41100914e7d2\cy11,superseded,,,0,0,,,deck
8e038de3fb757893,..\2_LP\LOW_Fr_MASTER_result\regen\41100914e7d2\cy12,regen:cy12/12,1.6198,1.4533,25,1,,621.14,deck
,..\2_LP\LOW_Fr_MASTER_result\regen\4130a68802a2\cy01,superseded,,,0,0,,,
419d07bc300ca2ec,..\2_LP\LOW_Fr_MASTER_result\regen\4130a68802a2\cy02,superseded,,,0,0,,,deck
419d07bc300ca2ec,..\2_LP\LOW_Fr_MASTER_result\regen\4130a68802a2\cy03,superseded,,,0,0,,,deck
419d07bc300ca2ec,..\2_LP\LOW_Fr_MASTER_result\regen\4130a68802a2\cy04,superseded,,,0,0,,,deck
419d07bc300ca2ec,..\2_LP\LOW_Fr_MASTER_result\regen\4130a68802a2\cy05,superseded,,,0,0,,,deck
419d07bc300ca2ec,..\2_LP\LOW_Fr_MASTER_result\regen\4130a68802a2\cy06,superseded,,,0,0,,,deck
419d07bc300ca2ec,..\2_LP\LOW_Fr_MASTER_result\regen\4130a68802a2\cy07,superseded,,,0,0,,,deck
419d07bc300ca2ec,..\2_LP\LOW_Fr_MASTER_result\regen\4130a68802a2\cy08,superseded,,,0,0,,,deck
419d07bc300ca2ec,..\2_LP\LOW_Fr_MASTER_result\regen\4130a68802a2\cy09,superseded,,,0,0,,,deck
419d07bc300ca2ec,..\2_LP\LOW_Fr_MASTER_result\regen\4130a68802a2\cy10,superseded,,,0,0,,,deck
419d07bc300ca2ec,..\2_LP\LOW_Fr_MASTER_result\regen\4130a68802a2\cy11,superseded,,,0,0,,,deck
419d07bc300ca2ec,..\2_LP\LOW_Fr_MASTER_result\regen\4130a68802a2\cy12,regen:cy12/12,2.2981,2.1364,25,1,,622.121,deck
,..\2_LP\LOW_Fr_MASTER_result\regen\4136bf3f3a74\cy01,superseded,,,0,0,,,
70497d9c3643cdd9,..\2_LP\LOW_Fr_MASTER_result\regen\4136bf3f3a74\cy02,superseded,,,0,0,,,deck
70497d9c3643cdd9,..\2_LP\LOW_Fr_MASTER_result\regen\4136bf3f3a74\cy03,superseded,,,0,0,,,deck
70497d9c3643cdd9,..\2_LP\LOW_Fr_MASTER_result\regen\4136bf3f3a74\cy04,superseded,,,0,0,,,deck
70497d9c3643cdd9,..\2_LP\LOW_Fr_MASTER_result\regen\4136bf3f3a74\cy05,superseded,,,0,0,,,deck
70497d9c3643cdd9,..\2_LP\LOW_Fr_MASTER_result\regen\4136bf3f3a74\cy06,superseded,,,0,0,,,deck
70497d9c3643cdd9,..\2_LP\LOW_Fr_MASTER_result\regen\4136bf3f3a74\cy07,superseded,,,0,0,,,deck
70497d9c3643cdd9,..\2_LP\LOW_Fr_MASTER_result\regen\4136bf3f3a74\cy08,superseded,,,0,0,,,deck
70497d9c3643cdd9,..\2_LP\LOW_Fr_MASTER_result\regen\4136bf3f3a74\cy09,superseded,,,0,0,,,deck
70497d9c3643cdd9,..\2_LP\LOW_Fr_MASTER_result\regen\4136bf3f3a74\cy10,superseded,,,0,0,,,deck
70497d9c3643cdd9,..\2_LP\LOW_Fr_MASTER_result\regen\4136bf3f3a74\cy11,superseded,,,0,0,,,deck
70497d9c3643cdd9,..\2_LP\LOW_Fr_MASTER_result\regen\4136bf3f3a74\cy12,regen:cy12/12,1.6842,1.5317,25,1,,613.47,deck
,..\2_LP\LOW_Fr_MASTER_result\regen\41c6956cf264\cy01,superseded,,,0,0,,,
ec85e98c81128cfe,..\2_LP\LOW_Fr_MASTER_result\regen\41c6956cf264\cy02,superseded,,,0,0,,,deck
ec85e98c81128cfe,..\2_LP\LOW_Fr_MASTER_result\regen\41c6956cf264\cy03,superseded,,,0,0,,,deck
ec85e98c81128cfe,..\2_LP\LOW_Fr_MASTER_result\regen\41c6956cf264\cy04,superseded,,,0,0,,,deck
ec85e98c81128cfe,..\2_LP\LOW_Fr_MASTER_result\regen\41c6956cf264\cy05,superseded,,,0,0,,,deck
ec85e98c81128cfe,..\2_LP\LOW_Fr_MASTER_result\regen\41c6956cf264\cy06,superseded,,,0,0,,,deck
ec85e98c81128cfe,..\2_LP\LOW_Fr_MASTER_result\regen\41c6956cf264\cy07,superseded,,,0,0,,,deck
ec85e98c81128cfe,..\2_LP\LOW_Fr_MASTER_result\regen\41c6956cf264\cy08,superseded,,,0,0,,,deck
ec85e98c81128cfe,..\2_LP\LOW_Fr_MASTER_result\regen\41c6956cf264\cy09,superseded,,,0,0,,,deck
ec85e98c81128cfe,..\2_LP\LOW_Fr_MASTER_result\regen\41c6956cf264\cy10,superseded,,,0,0,,,deck
ec85e98c81128cfe,..\2_LP\LOW_Fr_MASTER_result\regen\41c6956cf264\cy11,regen:cy11/11,1.6541,1.4957,25,1,,622.962,deck
,..\2_LP\LOW_Fr_MASTER_result\regen\427bb7fdb726\cy01,superseded,,,0,0,,,
7a5a7e73a47ccf47,..\2_LP\LOW_Fr_MASTER_result\regen\427bb7fdb726\cy02,superseded,,,0,0,,,deck
7a5a7e73a47ccf47,..\2_LP\LOW_Fr_MASTER_result\regen\427bb7fdb726\cy03,superseded,,,0,0,,,deck
7a5a7e73a47ccf47,..\2_LP\LOW_Fr_MASTER_result\regen\427bb7fdb726\cy04,superseded,,,0,0,,,deck
7a5a7e73a47ccf47,..\2_LP\LOW_Fr_MASTER_result\regen\427bb7fdb726\cy05,superseded,,,0,0,,,deck
7a5a7e73a47ccf47,..\2_LP\LOW_Fr_MASTER_result\regen\427bb7fdb726\cy06,superseded,,,0,0,,,deck
7a5a7e73a47ccf47,..\2_LP\LOW_Fr_MASTER_result\regen\427bb7fdb726\cy07,superseded,,,0,0,,,deck
7a5a7e73a47ccf47,..\2_LP\LOW_Fr_MASTER_result\regen\427bb7fdb726\cy08,superseded,,,0,0,,,deck
7a5a7e73a47ccf47,..\2_LP\LOW_Fr_MASTER_result\regen\427bb7fdb726\cy09,superseded,,,0,0,,,deck
7a5a7e73a47ccf47,..\2_LP\LOW_Fr_MASTER_result\regen\427bb7fdb726\cy10,superseded,,,0,0,,,deck
7a5a7e73a47ccf47,..\2_LP\LOW_Fr_MASTER_result\regen\427bb7fdb726\cy11,superseded,,,0,0,,,deck
7a5a7e73a47ccf47,..\2_LP\LOW_Fr_MASTER_result\regen\427bb7fdb726\cy12,regen:cy12/12,1.782,1.5874,25,1,,618.591,deck
,..\2_LP\LOW_Fr_MASTER_result\regen\42e18fda3366\cy01,superseded,,,0,0,,,
c3d0525c0749cde7,..\2_LP\LOW_Fr_MASTER_result\regen\42e18fda3366\cy02,superseded,,,0,0,,,deck
c3d0525c0749cde7,..\2_LP\LOW_Fr_MASTER_result\regen\42e18fda3366\cy03,superseded,,,0,0,,,deck
c3d0525c0749cde7,..\2_LP\LOW_Fr_MASTER_result\regen\42e18fda3366\cy04,superseded,,,0,0,,,deck
c3d0525c0749cde7,..\2_LP\LOW_Fr_MASTER_result\regen\42e18fda3366\cy05,superseded,,,0,0,,,deck
c3d0525c0749cde7,..\2_LP\LOW_Fr_MASTER_result\regen\42e18fda3366\cy06,superseded,,,0,0,,,deck
c3d0525c0749cde7,..\2_LP\LOW_Fr_MASTER_result\regen\42e18fda3366\cy07,superseded,,,0,0,,,deck
c3d0525c0749cde7,..\2_LP\LOW_Fr_MASTER_result\regen\42e18fda3366\cy08,superseded,,,0,0,,,deck
c3d0525c0749cde7,..\2_LP\LOW_Fr_MASTER_result\regen\42e18fda3366\cy09,superseded,,,0,0,,,deck
c3d0525c0749cde7,..\2_LP\LOW_Fr_MASTER_result\regen\42e18fda3366\cy10,superseded,,,0,0,,,deck
c3d0525c0749cde7,..\2_LP\LOW_Fr_MASTER_result\regen\42e18fda3366\cy11,superseded,,,0,0,,,deck
c3d0525c0749cde7,..\2_LP\LOW_Fr_MASTER_result\regen\42e18fda3366\cy12,regen:cy12/12,1.6715,1.512,25,1,,618.575,deck
,..\2_LP\LOW_Fr_MASTER_result\regen\430a04b46538\cy01,superseded,,,0,0,,,
8546a980d0dfa988,..\2_LP\LOW_Fr_MASTER_result\regen\430a04b46538\cy02,superseded,,,0,0,,,deck
8546a980d0dfa988,..\2_LP\LOW_Fr_MASTER_result\regen\430a04b46538\cy03,superseded,,,0,0,,,deck
8546a980d0dfa988,..\2_LP\LOW_Fr_MASTER_result\regen\430a04b46538\cy04,superseded,,,0,0,,,deck
8546a980d0dfa988,..\2_LP\LOW_Fr_MASTER_result\regen\430a04b46538\cy05,superseded,,,0,0,,,deck
8546a980d0dfa988,..\2_LP\LOW_Fr_MASTER_result\regen\430a04b46538\cy06,superseded,,,0,0,,,deck
8546a980d0dfa988,..\2_LP\LOW_Fr_MASTER_result\regen\430a04b46538\cy07,superseded,,,0,0,,,deck
8546a980d0dfa988,..\2_LP\LOW_Fr_MASTER_result\regen\430a04b46538\cy08,superseded,,,0,0,,,deck
8546a980d0dfa988,..\2_LP\LOW_Fr_MASTER_result\regen\430a04b46538\cy09,superseded,,,0,0,,,deck
8546a980d0dfa988,..\2_LP\LOW_Fr_MASTER_result\regen\430a04b46538\cy10,superseded,,,0,0,,,deck
8546a980d0dfa988,..\2_LP\LOW_Fr_MASTER_result\regen\430a04b46538\cy11,superseded,,,0,0,,,deck
8546a980d0dfa988,..\2_LP\LOW_Fr_MASTER_result\regen\430a04b46538\cy12,regen:cy12/12,1.69,1.5515,25,1,,621.701,deck
,..\2_LP\LOW_Fr_MASTER_result\regen\43ef228dc00a\cy01,superseded,,,0,0,,,
b49882a4beb03144,..\2_LP\LOW_Fr_MASTER_result\regen\43ef228dc00a\cy02,superseded,,,0,0,,,deck
b49882a4beb03144,..\2_LP\LOW_Fr_MASTER_result\regen\43ef228dc00a\cy03,superseded,,,0,0,,,deck
b49882a4beb03144,..\2_LP\LOW_Fr_MASTER_result\regen\43ef228dc00a\cy04,superseded,,,0,0,,,deck
b49882a4beb03144,..\2_LP\LOW_Fr_MASTER_result\regen\43ef228dc00a\cy05,superseded,,,0,0,,,deck
b49882a4beb03144,..\2_LP\LOW_Fr_MASTER_result\regen\43ef228dc00a\cy06,superseded,,,0,0,,,deck
b49882a4beb03144,..\2_LP\LOW_Fr_MASTER_result\regen\43ef228dc00a\cy07,superseded,,,0,0,,,deck
b49882a4beb03144,..\2_LP\LOW_Fr_MASTER_result\regen\43ef228dc00a\cy08,superseded,,,0,0,,,deck
b49882a4beb03144,..\2_LP\LOW_Fr_MASTER_result\regen\43ef228dc00a\cy09,superseded,,,0,0,,,deck
b49882a4beb03144,..\2_LP\LOW_Fr_MASTER_result\regen\43ef228dc00a\cy10,superseded,,,0,0,,,deck
b49882a4beb03144,..\2_LP\LOW_Fr_MASTER_result\regen\43ef228dc00a\cy11,superseded,,,0,0,,,deck
b49882a4beb03144,..\2_LP\LOW_Fr_MASTER_result\regen\43ef228dc00a\cy12,regen:cy12/12,1.7929,1.5635,25,1,,617.529,deck
,..\2_LP\LOW_Fr_MASTER_result\regen\43f763818f31\cy01,superseded,,,0,0,,,
beee01baca797b34,..\2_LP\LOW_Fr_MASTER_result\regen\43f763818f31\cy02,superseded,,,0,0,,,deck
beee01baca797b34,..\2_LP\LOW_Fr_MASTER_result\regen\43f763818f31\cy03,superseded,,,0,0,,,deck
beee01baca797b34,..\2_LP\LOW_Fr_MASTER_result\regen\43f763818f31\cy04,superseded,,,0,0,,,deck
beee01baca797b34,..\2_LP\LOW_Fr_MASTER_result\regen\43f763818f31\cy05,superseded,,,0,0,,,deck
beee01baca797b34,..\2_LP\LOW_Fr_MASTER_result\regen\43f763818f31\cy06,superseded,,,0,0,,,deck
beee01baca797b34,..\2_LP\LOW_Fr_MASTER_result\regen\43f763818f31\cy07,superseded,,,0,0,,,deck
beee01baca797b34,..\2_LP\LOW_Fr_MASTER_result\regen\43f763818f31\cy08,superseded,,,0,0,,,deck
beee01baca797b34,..\2_LP\LOW_Fr_MASTER_result\regen\43f763818f31\cy09,superseded,,,0,0,,,deck
beee01baca797b34,..\2_LP\LOW_Fr_MASTER_result\regen\43f763818f31\cy10,superseded,,,0,0,,,deck
beee01baca797b34,..\2_LP\LOW_Fr_MASTER_result\regen\43f763818f31\cy11,superseded,,,0,0,,,deck
beee01baca797b34,..\2_LP\LOW_Fr_MASTER_result\regen\43f763818f31\cy12,regen:cy12/12,1.6478,1.4705,25,1,,619.134,deck
,..\2_LP\LOW_Fr_MASTER_result\regen\445ed8f3ba75\cy01,superseded,,,0,0,,,
fa04ff85f615e9d8,..\2_LP\LOW_Fr_MASTER_result\regen\445ed8f3ba75\cy02,superseded,,,0,0,,,deck
fa04ff85f615e9d8,..\2_LP\LOW_Fr_MASTER_result\regen\445ed8f3ba75\cy03,superseded,,,0,0,,,deck
fa04ff85f615e9d8,..\2_LP\LOW_Fr_MASTER_result\regen\445ed8f3ba75\cy04,superseded,,,0,0,,,deck
fa04ff85f615e9d8,..\2_LP\LOW_Fr_MASTER_result\regen\445ed8f3ba75\cy05,superseded,,,0,0,,,deck
fa04ff85f615e9d8,..\2_LP\LOW_Fr_MASTER_result\regen\445ed8f3ba75\cy06,superseded,,,0,0,,,deck
fa04ff85f615e9d8,..\2_LP\LOW_Fr_MASTER_result\regen\445ed8f3ba75\cy07,superseded,,,0,0,,,deck
fa04ff85f615e9d8,..\2_LP\LOW_Fr_MASTER_result\regen\445ed8f3ba75\cy08,superseded,,,0,0,,,deck
fa04ff85f615e9d8,..\2_LP\LOW_Fr_MASTER_result\regen\445ed8f3ba75\cy09,superseded,,,0,0,,,deck
fa04ff85f615e9d8,..\2_LP\LOW_Fr_MASTER_result\regen\445ed8f3ba75\cy10,superseded,,,0,0,,,deck
fa04ff85f615e9d8,..\2_LP\LOW_Fr_MASTER_result\regen\445ed8f3ba75\cy11,regen:cy11/11,1.9525,1.7692,25,1,,620.322,deck
,..\2_LP\LOW_Fr_MASTER_result\regen\44f2f2d840a9\cy01,superseded,,,0,0,,,
a13f7630d5309bbf,..\2_LP\LOW_Fr_MASTER_result\regen\44f2f2d840a9\cy02,superseded,,,0,0,,,deck
a13f7630d5309bbf,..\2_LP\LOW_Fr_MASTER_result\regen\44f2f2d840a9\cy03,superseded,,,0,0,,,deck
a13f7630d5309bbf,..\2_LP\LOW_Fr_MASTER_result\regen\44f2f2d840a9\cy04,superseded,,,0,0,,,deck
a13f7630d5309bbf,..\2_LP\LOW_Fr_MASTER_result\regen\44f2f2d840a9\cy05,superseded,,,0,0,,,deck
a13f7630d5309bbf,..\2_LP\LOW_Fr_MASTER_result\regen\44f2f2d840a9\cy06,superseded,,,0,0,,,deck
a13f7630d5309bbf,..\2_LP\LOW_Fr_MASTER_result\regen\44f2f2d840a9\cy07,superseded,,,0,0,,,deck
a13f7630d5309bbf,..\2_LP\LOW_Fr_MASTER_result\regen\44f2f2d840a9\cy08,superseded,,,0,0,,,deck
a13f7630d5309bbf,..\2_LP\LOW_Fr_MASTER_result\regen\44f2f2d840a9\cy09,superseded,,,0,0,,,deck
a13f7630d5309bbf,..\2_LP\LOW_Fr_MASTER_result\regen\44f2f2d840a9\cy10,superseded,,,0,0,,,deck
a13f7630d5309bbf,..\2_LP\LOW_Fr_MASTER_result\regen\44f2f2d840a9\cy11,superseded,,,0,0,,,deck
a13f7630d5309bbf,..\2_LP\LOW_Fr_MASTER_result\regen\44f2f2d840a9\cy12,regen:cy12/12,1.6875,1.5317,25,1,,613.984,deck
,..\2_LP\LOW_Fr_MASTER_result\regen\45601534c6b6\cy01,superseded,,,0,0,,,
8367b01e3148c18b,..\2_LP\LOW_Fr_MASTER_result\regen\45601534c6b6\cy02,superseded,,,0,0,,,deck
8367b01e3148c18b,..\2_LP\LOW_Fr_MASTER_result\regen\45601534c6b6\cy03,superseded,,,0,0,,,deck
8367b01e3148c18b,..\2_LP\LOW_Fr_MASTER_result\regen\45601534c6b6\cy04,superseded,,,0,0,,,deck
8367b01e3148c18b,..\2_LP\LOW_Fr_MASTER_result\regen\45601534c6b6\cy05,superseded,,,0,0,,,deck
8367b01e3148c18b,..\2_LP\LOW_Fr_MASTER_result\regen\45601534c6b6\cy06,superseded,,,0,0,,,deck
8367b01e3148c18b,..\2_LP\LOW_Fr_MASTER_result\regen\45601534c6b6\cy07,superseded,,,0,0,,,deck
8367b01e3148c18b,..\2_LP\LOW_Fr_MASTER_result\regen\45601534c6b6\cy08,superseded,,,0,0,,,deck
8367b01e3148c18b,..\2_LP\LOW_Fr_MASTER_result\regen\45601534c6b6\cy09,superseded,,,0,0,,,deck
8367b01e3148c18b,..\2_LP\LOW_Fr_MASTER_result\regen\45601534c6b6\cy10,superseded,,,0,0,,,deck
8367b01e3148c18b,..\2_LP\LOW_Fr_MASTER_result\regen\45601534c6b6\cy11,superseded,,,0,0,,,deck
8367b01e3148c18b,..\2_LP\LOW_Fr_MASTER_result\regen\45601534c6b6\cy12,regen:cy12/12,1.7856,1.5506,25,1,,615.739,deck
,..\2_LP\LOW_Fr_MASTER_result\regen\45a48b616632\cy01,superseded,,,0,0,,,
52291f76f81cd001,..\2_LP\LOW_Fr_MASTER_result\regen\45a48b616632\cy02,superseded,,,0,0,,,deck
52291f76f81cd001,..\2_LP\LOW_Fr_MASTER_result\regen\45a48b616632\cy03,superseded,,,0,0,,,deck
52291f76f81cd001,..\2_LP\LOW_Fr_MASTER_result\regen\45a48b616632\cy04,superseded,,,0,0,,,deck
52291f76f81cd001,..\2_LP\LOW_Fr_MASTER_result\regen\45a48b616632\cy05,superseded,,,0,0,,,deck
52291f76f81cd001,..\2_LP\LOW_Fr_MASTER_result\regen\45a48b616632\cy06,superseded,,,0,0,,,deck
52291f76f81cd001,..\2_LP\LOW_Fr_MASTER_result\regen\45a48b616632\cy07,superseded,,,0,0,,,deck
52291f76f81cd001,..\2_LP\LOW_Fr_MASTER_result\regen\45a48b616632\cy08,superseded,,,0,0,,,deck
52291f76f81cd001,..\2_LP\LOW_Fr_MASTER_result\regen\45a48b616632\cy09,superseded,,,0,0,,,deck
52291f76f81cd001,..\2_LP\LOW_Fr_MASTER_result\regen\45a48b616632\cy10,superseded,,,0,0,,,deck
52291f76f81cd001,..\2_LP\LOW_Fr_MASTER_result\regen\45a48b616632\cy11,regen:cy11/11,1.7281,1.5698,25,1,,619.904,deck
,..\2_LP\LOW_Fr_MASTER_result\regen\45d59b0d3039\cy01,superseded,,,0,0,,,
4e4d7fa7e703b322,..\2_LP\LOW_Fr_MASTER_result\regen\45d59b0d3039\cy02,superseded,,,0,0,,,deck
4e4d7fa7e703b322,..\2_LP\LOW_Fr_MASTER_result\regen\45d59b0d3039\cy03,superseded,,,0,0,,,deck
4e4d7fa7e703b322,..\2_LP\LOW_Fr_MASTER_result\regen\45d59b0d3039\cy04,superseded,,,0,0,,,deck
4e4d7fa7e703b322,..\2_LP\LOW_Fr_MASTER_result\regen\45d59b0d3039\cy05,superseded,,,0,0,,,deck
4e4d7fa7e703b322,..\2_LP\LOW_Fr_MASTER_result\regen\45d59b0d3039\cy06,superseded,,,0,0,,,deck
4e4d7fa7e703b322,..\2_LP\LOW_Fr_MASTER_result\regen\45d59b0d3039\cy07,superseded,,,0,0,,,deck
4e4d7fa7e703b322,..\2_LP\LOW_Fr_MASTER_result\regen\45d59b0d3039\cy08,superseded,,,0,0,,,deck
4e4d7fa7e703b322,..\2_LP\LOW_Fr_MASTER_result\regen\45d59b0d3039\cy09,superseded,,,0,0,,,deck
4e4d7fa7e703b322,..\2_LP\LOW_Fr_MASTER_result\regen\45d59b0d3039\cy10,superseded,,,0,0,,,deck
4e4d7fa7e703b322,..\2_LP\LOW_Fr_MASTER_result\regen\45d59b0d3039\cy11,superseded,,,0,0,,,deck
4e4d7fa7e703b322,..\2_LP\LOW_Fr_MASTER_result\regen\45d59b0d3039\cy12,regen:cy12/12,1.6804,1.4815,25,1,,618.861,deck
,..\2_LP\LOW_Fr_MASTER_result\regen\45e2d7ce3d1f\cy01,superseded,,,0,0,,,
374a50347862bc55,..\2_LP\LOW_Fr_MASTER_result\regen\45e2d7ce3d1f\cy02,superseded,,,0,0,,,deck
374a50347862bc55,..\2_LP\LOW_Fr_MASTER_result\regen\45e2d7ce3d1f\cy03,superseded,,,0,0,,,deck
374a50347862bc55,..\2_LP\LOW_Fr_MASTER_result\regen\45e2d7ce3d1f\cy04,superseded,,,0,0,,,deck
374a50347862bc55,..\2_LP\LOW_Fr_MASTER_result\regen\45e2d7ce3d1f\cy05,superseded,,,0,0,,,deck
374a50347862bc55,..\2_LP\LOW_Fr_MASTER_result\regen\45e2d7ce3d1f\cy06,superseded,,,0,0,,,deck
374a50347862bc55,..\2_LP\LOW_Fr_MASTER_result\regen\45e2d7ce3d1f\cy07,superseded,,,0,0,,,deck
374a50347862bc55,..\2_LP\LOW_Fr_MASTER_result\regen\45e2d7ce3d1f\cy08,superseded,,,0,0,,,deck
374a50347862bc55,..\2_LP\LOW_Fr_MASTER_result\regen\45e2d7ce3d1f\cy09,superseded,,,0,0,,,deck
374a50347862bc55,..\2_LP\LOW_Fr_MASTER_result\regen\45e2d7ce3d1f\cy10,regen:cy10/10,1.9366,1.7238,25,1,,620.332,deck
,..\2_LP\LOW_Fr_MASTER_result\regen\45fc82094d40\cy01,superseded,,,0,0,,,
c6abeffd5bcd0f05,..\2_LP\LOW_Fr_MASTER_result\regen\45fc82094d40\cy02,superseded,,,0,0,,,deck
c6abeffd5bcd0f05,..\2_LP\LOW_Fr_MASTER_result\regen\45fc82094d40\cy03,superseded,,,0,0,,,deck
c6abeffd5bcd0f05,..\2_LP\LOW_Fr_MASTER_result\regen\45fc82094d40\cy04,superseded,,,0,0,,,deck
c6abeffd5bcd0f05,..\2_LP\LOW_Fr_MASTER_result\regen\45fc82094d40\cy05,superseded,,,0,0,,,deck
c6abeffd5bcd0f05,..\2_LP\LOW_Fr_MASTER_result\regen\45fc82094d40\cy06,superseded,,,0,0,,,deck
c6abeffd5bcd0f05,..\2_LP\LOW_Fr_MASTER_result\regen\45fc82094d40\cy07,superseded,,,0,0,,,deck
c6abeffd5bcd0f05,..\2_LP\LOW_Fr_MASTER_result\regen\45fc82094d40\cy08,superseded,,,0,0,,,deck
c6abeffd5bcd0f05,..\2_LP\LOW_Fr_MASTER_result\regen\45fc82094d40\cy09,superseded,,,0,0,,,deck
c6abeffd5bcd0f05,..\2_LP\LOW_Fr_MASTER_result\regen\45fc82094d40\cy10,superseded,,,0,0,,,deck
c6abeffd5bcd0f05,..\2_LP\LOW_Fr_MASTER_result\regen\45fc82094d40\cy11,superseded,,,0,0,,,deck
c6abeffd5bcd0f05,..\2_LP\LOW_Fr_MASTER_result\regen\45fc82094d40\cy12,regen:cy12/12,1.7134,1.4987,25,1,,617.565,deck
,..\2_LP\LOW_Fr_MASTER_result\regen\4658500db5b5\cy01,superseded,,,0,0,,,
8da7da4a9f07b4c0,..\2_LP\LOW_Fr_MASTER_result\regen\4658500db5b5\cy02,superseded,,,0,0,,,deck
8da7da4a9f07b4c0,..\2_LP\LOW_Fr_MASTER_result\regen\4658500db5b5\cy03,superseded,,,0,0,,,deck
8da7da4a9f07b4c0,..\2_LP\LOW_Fr_MASTER_result\regen\4658500db5b5\cy04,superseded,,,0,0,,,deck
8da7da4a9f07b4c0,..\2_LP\LOW_Fr_MASTER_result\regen\4658500db5b5\cy05,superseded,,,0,0,,,deck
8da7da4a9f07b4c0,..\2_LP\LOW_Fr_MASTER_result\regen\4658500db5b5\cy06,superseded,,,0,0,,,deck
8da7da4a9f07b4c0,..\2_LP\LOW_Fr_MASTER_result\regen\4658500db5b5\cy07,superseded,,,0,0,,,deck
8da7da4a9f07b4c0,..\2_LP\LOW_Fr_MASTER_result\regen\4658500db5b5\cy08,superseded,,,0,0,,,deck
8da7da4a9f07b4c0,..\2_LP\LOW_Fr_MASTER_result\regen\4658500db5b5\cy09,superseded,,,0,0,,,deck
8da7da4a9f07b4c0,..\2_LP\LOW_Fr_MASTER_result\regen\4658500db5b5\cy10,superseded,,,0,0,,,deck
8da7da4a9f07b4c0,..\2_LP\LOW_Fr_MASTER_result\regen\4658500db5b5\cy11,superseded,,,0,0,,,deck
8da7da4a9f07b4c0,..\2_LP\LOW_Fr_MASTER_result\regen\4658500db5b5\cy12,regen:cy12/12,1.5935,1.4475,25,1,,623.52,deck
,..\2_LP\LOW_Fr_MASTER_result\regen\46e687ed8604\cy01,superseded,,,0,0,,,
e54434bfb96cc670,..\2_LP\LOW_Fr_MASTER_result\regen\46e687ed8604\cy02,superseded,,,0,0,,,deck
e54434bfb96cc670,..\2_LP\LOW_Fr_MASTER_result\regen\46e687ed8604\cy03,superseded,,,0,0,,,deck
e54434bfb96cc670,..\2_LP\LOW_Fr_MASTER_result\regen\46e687ed8604\cy04,superseded,,,0,0,,,deck
e54434bfb96cc670,..\2_LP\LOW_Fr_MASTER_result\regen\46e687ed8604\cy05,superseded,,,0,0,,,deck
e54434bfb96cc670,..\2_LP\LOW_Fr_MASTER_result\regen\46e687ed8604\cy06,superseded,,,0,0,,,deck
e54434bfb96cc670,..\2_LP\LOW_Fr_MASTER_result\regen\46e687ed8604\cy07,superseded,,,0,0,,,deck
e54434bfb96cc670,..\2_LP\LOW_Fr_MASTER_result\regen\46e687ed8604\cy08,superseded,,,0,0,,,deck
e54434bfb96cc670,..\2_LP\LOW_Fr_MASTER_result\regen\46e687ed8604\cy09,superseded,,,0,0,,,deck
e54434bfb96cc670,..\2_LP\LOW_Fr_MASTER_result\regen\46e687ed8604\cy10,superseded,,,0,0,,,deck
e54434bfb96cc670,..\2_LP\LOW_Fr_MASTER_result\regen\46e687ed8604\cy11,superseded,,,0,0,,,deck
e54434bfb96cc670,..\2_LP\LOW_Fr_MASTER_result\regen\46e687ed8604\cy12,regen:cy12/12,1.5491,1.4192,25,1,,621.278,deck
,..\2_LP\LOW_Fr_MASTER_result\regen\46f8dea83011\cy01,superseded,,,0,0,,,
6b9069b37e38fb6a,..\2_LP\LOW_Fr_MASTER_result\regen\46f8dea83011\cy02,superseded,,,0,0,,,deck
6b9069b37e38fb6a,..\2_LP\LOW_Fr_MASTER_result\regen\46f8dea83011\cy03,superseded,,,0,0,,,deck
6b9069b37e38fb6a,..\2_LP\LOW_Fr_MASTER_result\regen\46f8dea83011\cy04,superseded,,,0,0,,,deck
6b9069b37e38fb6a,..\2_LP\LOW_Fr_MASTER_result\regen\46f8dea83011\cy05,superseded,,,0,0,,,deck
6b9069b37e38fb6a,..\2_LP\LOW_Fr_MASTER_result\regen\46f8dea83011\cy06,superseded,,,0,0,,,deck
6b9069b37e38fb6a,..\2_LP\LOW_Fr_MASTER_result\regen\46f8dea83011\cy07,superseded,,,0,0,,,deck
6b9069b37e38fb6a,..\2_LP\LOW_Fr_MASTER_result\regen\46f8dea83011\cy08,superseded,,,0,0,,,deck
6b9069b37e38fb6a,..\2_LP\LOW_Fr_MASTER_result\regen\46f8dea83011\cy09,superseded,,,0,0,,,deck
6b9069b37e38fb6a,..\2_LP\LOW_Fr_MASTER_result\regen\46f8dea83011\cy10,superseded,,,0,0,,,deck
6b9069b37e38fb6a,..\2_LP\LOW_Fr_MASTER_result\regen\46f8dea83011\cy11,superseded,,,0,0,,,deck
6b9069b37e38fb6a,..\2_LP\LOW_Fr_MASTER_result\regen\46f8dea83011\cy12,regen:cy12/12,1.5863,1.4351,25,1,,617.226,deck
,..\2_LP\LOW_Fr_MASTER_result\regen\4784ebe2838f\cy01,superseded,,,0,0,,,
7e32873a7a040047,..\2_LP\LOW_Fr_MASTER_result\regen\4784ebe2838f\cy02,superseded,,,0,0,,,deck
7e32873a7a040047,..\2_LP\LOW_Fr_MASTER_result\regen\4784ebe2838f\cy03,superseded,,,0,0,,,deck
7e32873a7a040047,..\2_LP\LOW_Fr_MASTER_result\regen\4784ebe2838f\cy04,superseded,,,0,0,,,deck
7e32873a7a040047,..\2_LP\LOW_Fr_MASTER_result\regen\4784ebe2838f\cy05,superseded,,,0,0,,,deck
7e32873a7a040047,..\2_LP\LOW_Fr_MASTER_result\regen\4784ebe2838f\cy06,superseded,,,0,0,,,deck
7e32873a7a040047,..\2_LP\LOW_Fr_MASTER_result\regen\4784ebe2838f\cy07,superseded,,,0,0,,,deck
7e32873a7a040047,..\2_LP\LOW_Fr_MASTER_result\regen\4784ebe2838f\cy08,superseded,,,0,0,,,deck
7e32873a7a040047,..\2_LP\LOW_Fr_MASTER_result\regen\4784ebe2838f\cy09,superseded,,,0,0,,,deck
7e32873a7a040047,..\2_LP\LOW_Fr_MASTER_result\regen\4784ebe2838f\cy10,superseded,,,0,0,,,deck
7e32873a7a040047,..\2_LP\LOW_Fr_MASTER_result\regen\4784ebe2838f\cy11,superseded,,,0,0,,,deck
7e32873a7a040047,..\2_LP\LOW_Fr_MASTER_result\regen\4784ebe2838f\cy12,regen:cy12/12,1.6631,1.4881,25,1,,622.505,deck
,..\2_LP\LOW_Fr_MASTER_result\regen\479e00dfb3ec\cy01,superseded,,,0,0,,,
93e3d10ff0ffaa59,..\2_LP\LOW_Fr_MASTER_result\regen\479e00dfb3ec\cy02,superseded,,,0,0,,,deck
93e3d10ff0ffaa59,..\2_LP\LOW_Fr_MASTER_result\regen\479e00dfb3ec\cy03,superseded,,,0,0,,,deck
93e3d10ff0ffaa59,..\2_LP\LOW_Fr_MASTER_result\regen\479e00dfb3ec\cy04,superseded,,,0,0,,,deck
93e3d10ff0ffaa59,..\2_LP\LOW_Fr_MASTER_result\regen\479e00dfb3ec\cy05,superseded,,,0,0,,,deck
93e3d10ff0ffaa59,..\2_LP\LOW_Fr_MASTER_result\regen\479e00dfb3ec\cy06,superseded,,,0,0,,,deck
93e3d10ff0ffaa59,..\2_LP\LOW_Fr_MASTER_result\regen\479e00dfb3ec\cy07,superseded,,,0,0,,,deck
93e3d10ff0ffaa59,..\2_LP\LOW_Fr_MASTER_result\regen\479e00dfb3ec\cy08,superseded,,,0,0,,,deck
93e3d10ff0ffaa59,..\2_LP\LOW_Fr_MASTER_result\regen\479e00dfb3ec\cy09,superseded,,,0,0,,,deck
93e3d10ff0ffaa59,..\2_LP\LOW_Fr_MASTER_result\regen\479e00dfb3ec\cy10,superseded,,,0,0,,,deck
93e3d10ff0ffaa59,..\2_LP\LOW_Fr_MASTER_result\regen\479e00dfb3ec\cy11,regen:cy11/11,1.6013,1.4378,25,1,,621.282,deck
,..\2_LP\LOW_Fr_MASTER_result\regen\48de883f118b\cy01,superseded,,,0,0,,,
464b9c10cdd762e8,..\2_LP\LOW_Fr_MASTER_result\regen\48de883f118b\cy02,superseded,,,0,0,,,deck
464b9c10cdd762e8,..\2_LP\LOW_Fr_MASTER_result\regen\48de883f118b\cy03,superseded,,,0,0,,,deck
464b9c10cdd762e8,..\2_LP\LOW_Fr_MASTER_result\regen\48de883f118b\cy04,superseded,,,0,0,,,deck
464b9c10cdd762e8,..\2_LP\LOW_Fr_MASTER_result\regen\48de883f118b\cy05,superseded,,,0,0,,,deck
464b9c10cdd762e8,..\2_LP\LOW_Fr_MASTER_result\regen\48de883f118b\cy06,superseded,,,0,0,,,deck
464b9c10cdd762e8,..\2_LP\LOW_Fr_MASTER_result\regen\48de883f118b\cy07,superseded,,,0,0,,,deck
464b9c10cdd762e8,..\2_LP\LOW_Fr_MASTER_result\regen\48de883f118b\cy08,superseded,,,0,0,,,deck
464b9c10cdd762e8,..\2_LP\LOW_Fr_MASTER_result\regen\48de883f118b\cy09,superseded,,,0,0,,,deck
464b9c10cdd762e8,..\2_LP\LOW_Fr_MASTER_result\regen\48de883f118b\cy10,superseded,,,0,0,,,deck
464b9c10cdd762e8,..\2_LP\LOW_Fr_MASTER_result\regen\48de883f118b\cy11,regen:cy11/11,1.6574,1.4999,25,1,,624.169,deck
,..\2_LP\LOW_Fr_MASTER_result\regen\48e0e970d9b6\cy01,superseded,,,0,0,,,
7e3a185449a0c445,..\2_LP\LOW_Fr_MASTER_result\regen\48e0e970d9b6\cy02,superseded,,,0,0,,,deck
7e3a185449a0c445,..\2_LP\LOW_Fr_MASTER_result\regen\48e0e970d9b6\cy03,superseded,,,0,0,,,deck
7e3a185449a0c445,..\2_LP\LOW_Fr_MASTER_result\regen\48e0e970d9b6\cy04,superseded,,,0,0,,,deck
7e3a185449a0c445,..\2_LP\LOW_Fr_MASTER_result\regen\48e0e970d9b6\cy05,superseded,,,0,0,,,deck
7e3a185449a0c445,..\2_LP\LOW_Fr_MASTER_result\regen\48e0e970d9b6\cy06,superseded,,,0,0,,,deck
7e3a185449a0c445,..\2_LP\LOW_Fr_MASTER_result\regen\48e0e970d9b6\cy07,superseded,,,0,0,,,deck
7e3a185449a0c445,..\2_LP\LOW_Fr_MASTER_result\regen\48e0e970d9b6\cy08,superseded,,,0,0,,,deck
7e3a185449a0c445,..\2_LP\LOW_Fr_MASTER_result\regen\48e0e970d9b6\cy09,superseded,,,0,0,,,deck
7e3a185449a0c445,..\2_LP\LOW_Fr_MASTER_result\regen\48e0e970d9b6\cy10,superseded,,,0,0,,,deck
7e3a185449a0c445,..\2_LP\LOW_Fr_MASTER_result\regen\48e0e970d9b6\cy11,superseded,,,0,0,,,deck
7e3a185449a0c445,..\2_LP\LOW_Fr_MASTER_result\regen\48e0e970d9b6\cy12,regen:cy12/12,1.5972,1.4464,25,1,,623.638,deck
,..\2_LP\LOW_Fr_MASTER_result\regen\48ea5d6c0fe6\cy01,superseded,,,0,0,,,
4797e2b5ef5bdd91,..\2_LP\LOW_Fr_MASTER_result\regen\48ea5d6c0fe6\cy02,superseded,,,0,0,,,deck
4797e2b5ef5bdd91,..\2_LP\LOW_Fr_MASTER_result\regen\48ea5d6c0fe6\cy03,superseded,,,0,0,,,deck
4797e2b5ef5bdd91,..\2_LP\LOW_Fr_MASTER_result\regen\48ea5d6c0fe6\cy04,superseded,,,0,0,,,deck
4797e2b5ef5bdd91,..\2_LP\LOW_Fr_MASTER_result\regen\48ea5d6c0fe6\cy05,superseded,,,0,0,,,deck
4797e2b5ef5bdd91,..\2_LP\LOW_Fr_MASTER_result\regen\48ea5d6c0fe6\cy06,superseded,,,0,0,,,deck
4797e2b5ef5bdd91,..\2_LP\LOW_Fr_MASTER_result\regen\48ea5d6c0fe6\cy07,superseded,,,0,0,,,deck
4797e2b5ef5bdd91,..\2_LP\LOW_Fr_MASTER_result\regen\48ea5d6c0fe6\cy08,superseded,,,0,0,,,deck
4797e2b5ef5bdd91,..\2_LP\LOW_Fr_MASTER_result\regen\48ea5d6c0fe6\cy09,superseded,,,0,0,,,deck
4797e2b5ef5bdd91,..\2_LP\LOW_Fr_MASTER_result\regen\48ea5d6c0fe6\cy10,superseded,,,0,0,,,deck
4797e2b5ef5bdd91,..\2_LP\LOW_Fr_MASTER_result\regen\48ea5d6c0fe6\cy11,regen:cy11/11,1.72,1.5177,25,1,,619.418,deck
,..\2_LP\LOW_Fr_MASTER_result\regen\4987c89fff33\cy01,superseded,,,0,0,,,
34715416e0158177,..\2_LP\LOW_Fr_MASTER_result\regen\4987c89fff33\cy02,superseded,,,0,0,,,deck
34715416e0158177,..\2_LP\LOW_Fr_MASTER_result\regen\4987c89fff33\cy03,superseded,,,0,0,,,deck
34715416e0158177,..\2_LP\LOW_Fr_MASTER_result\regen\4987c89fff33\cy04,superseded,,,0,0,,,deck
34715416e0158177,..\2_LP\LOW_Fr_MASTER_result\regen\4987c89fff33\cy05,superseded,,,0,0,,,deck
34715416e0158177,..\2_LP\LOW_Fr_MASTER_result\regen\4987c89fff33\cy06,superseded,,,0,0,,,deck
34715416e0158177,..\2_LP\LOW_Fr_MASTER_result\regen\4987c89fff33\cy07,superseded,,,0,0,,,deck
34715416e0158177,..\2_LP\LOW_Fr_MASTER_result\regen\4987c89fff33\cy08,superseded,,,0,0,,,deck
34715416e0158177,..\2_LP\LOW_Fr_MASTER_result\regen\4987c89fff33\cy09,superseded,,,0,0,,,deck
34715416e0158177,..\2_LP\LOW_Fr_MASTER_result\regen\4987c89fff33\cy10,superseded,,,0,0,,,deck
34715416e0158177,..\2_LP\LOW_Fr_MASTER_result\regen\4987c89fff33\cy11,superseded,,,0,0,,,deck
34715416e0158177,..\2_LP\LOW_Fr_MASTER_result\regen\4987c89fff33\cy12,regen:cy12/12,1.7104,1.5936,25,1,,621.127,deck
,..\2_LP\LOW_Fr_MASTER_result\regen\4a6f69653490\cy01,superseded,,,0,0,,,
9dd116a604343ec2,..\2_LP\LOW_Fr_MASTER_result\regen\4a6f69653490\cy02,superseded,,,0,0,,,deck
9dd116a604343ec2,..\2_LP\LOW_Fr_MASTER_result\regen\4a6f69653490\cy03,superseded,,,0,0,,,deck
9dd116a604343ec2,..\2_LP\LOW_Fr_MASTER_result\regen\4a6f69653490\cy04,superseded,,,0,0,,,deck
9dd116a604343ec2,..\2_LP\LOW_Fr_MASTER_result\regen\4a6f69653490\cy05,superseded,,,0,0,,,deck
9dd116a604343ec2,..\2_LP\LOW_Fr_MASTER_result\regen\4a6f69653490\cy06,superseded,,,0,0,,,deck
9dd116a604343ec2,..\2_LP\LOW_Fr_MASTER_result\regen\4a6f69653490\cy07,superseded,,,0,0,,,deck
9dd116a604343ec2,..\2_LP\LOW_Fr_MASTER_result\regen\4a6f69653490\cy08,superseded,,,0,0,,,deck
9dd116a604343ec2,..\2_LP\LOW_Fr_MASTER_result\regen\4a6f69653490\cy09,superseded,,,0,0,,,deck
9dd116a604343ec2,..\2_LP\LOW_Fr_MASTER_result\regen\4a6f69653490\cy10,superseded,,,0,0,,,deck
9dd116a604343ec2,..\2_LP\LOW_Fr_MASTER_result\regen\4a6f69653490\cy11,superseded,,,0,0,,,deck
9dd116a604343ec2,..\2_LP\LOW_Fr_MASTER_result\regen\4a6f69653490\cy12,regen:cy12/12,1.7887,1.6002,25,1,,620.327,deck
,..\2_LP\LOW_Fr_MASTER_result\regen\4a8bc0890a2e\cy01,superseded,,,0,0,,,
5ac562e03427a26c,..\2_LP\LOW_Fr_MASTER_result\regen\4a8bc0890a2e\cy02,superseded,,,0,0,,,deck
5ac562e03427a26c,..\2_LP\LOW_Fr_MASTER_result\regen\4a8bc0890a2e\cy03,superseded,,,0,0,,,deck
5ac562e03427a26c,..\2_LP\LOW_Fr_MASTER_result\regen\4a8bc0890a2e\cy04,superseded,,,0,0,,,deck
5ac562e03427a26c,..\2_LP\LOW_Fr_MASTER_result\regen\4a8bc0890a2e\cy05,superseded,,,0,0,,,deck
5ac562e03427a26c,..\2_LP\LOW_Fr_MASTER_result\regen\4a8bc0890a2e\cy06,superseded,,,0,0,,,deck
5ac562e03427a26c,..\2_LP\LOW_Fr_MASTER_result\regen\4a8bc0890a2e\cy07,superseded,,,0,0,,,deck
5ac562e03427a26c,..\2_LP\LOW_Fr_MASTER_result\regen\4a8bc0890a2e\cy08,superseded,,,0,0,,,deck
5ac562e03427a26c,..\2_LP\LOW_Fr_MASTER_result\regen\4a8bc0890a2e\cy09,superseded,,,0,0,,,deck
5ac562e03427a26c,..\2_LP\LOW_Fr_MASTER_result\regen\4a8bc0890a2e\cy10,superseded,,,0,0,,,deck
5ac562e03427a26c,..\2_LP\LOW_Fr_MASTER_result\regen\4a8bc0890a2e\cy11,superseded,,,0,0,,,deck
5ac562e03427a26c,..\2_LP\LOW_Fr_MASTER_result\regen\4a8bc0890a2e\cy12,regen:cy12/12,1.634,1.5161,25,1,,621.92,deck
,..\2_LP\LOW_Fr_MASTER_result\regen\4a96217c80ee\cy01,superseded,,,0,0,,,
6aef6dfc8dd48df7,..\2_LP\LOW_Fr_MASTER_result\regen\4a96217c80ee\cy02,superseded,,,0,0,,,deck
6aef6dfc8dd48df7,..\2_LP\LOW_Fr_MASTER_result\regen\4a96217c80ee\cy03,superseded,,,0,0,,,deck
6aef6dfc8dd48df7,..\2_LP\LOW_Fr_MASTER_result\regen\4a96217c80ee\cy04,superseded,,,0,0,,,deck
6aef6dfc8dd48df7,..\2_LP\LOW_Fr_MASTER_result\regen\4a96217c80ee\cy05,superseded,,,0,0,,,deck
6aef6dfc8dd48df7,..\2_LP\LOW_Fr_MASTER_result\regen\4a96217c80ee\cy06,superseded,,,0,0,,,deck
6aef6dfc8dd48df7,..\2_LP\LOW_Fr_MASTER_result\regen\4a96217c80ee\cy07,superseded,,,0,0,,,deck
6aef6dfc8dd48df7,..\2_LP\LOW_Fr_MASTER_result\regen\4a96217c80ee\cy08,superseded,,,0,0,,,deck
6aef6dfc8dd48df7,..\2_LP\LOW_Fr_MASTER_result\regen\4a96217c80ee\cy09,superseded,,,0,0,,,deck
6aef6dfc8dd48df7,..\2_LP\LOW_Fr_MASTER_result\regen\4a96217c80ee\cy10,superseded,,,0,0,,,deck
6aef6dfc8dd48df7,..\2_LP\LOW_Fr_MASTER_result\regen\4a96217c80ee\cy11,regen:cy11/11,1.6047,1.4526,25,1,,623.226,deck
,..\2_LP\LOW_Fr_MASTER_result\regen\4af60000dc8d\cy01,superseded,,,0,0,,,
1eaf858a86529ac2,..\2_LP\LOW_Fr_MASTER_result\regen\4af60000dc8d\cy02,superseded,,,0,0,,,deck
1eaf858a86529ac2,..\2_LP\LOW_Fr_MASTER_result\regen\4af60000dc8d\cy03,superseded,,,0,0,,,deck
1eaf858a86529ac2,..\2_LP\LOW_Fr_MASTER_result\regen\4af60000dc8d\cy04,superseded,,,0,0,,,deck
1eaf858a86529ac2,..\2_LP\LOW_Fr_MASTER_result\regen\4af60000dc8d\cy05,superseded,,,0,0,,,deck
1eaf858a86529ac2,..\2_LP\LOW_Fr_MASTER_result\regen\4af60000dc8d\cy06,superseded,,,0,0,,,deck
1eaf858a86529ac2,..\2_LP\LOW_Fr_MASTER_result\regen\4af60000dc8d\cy07,superseded,,,0,0,,,deck
1eaf858a86529ac2,..\2_LP\LOW_Fr_MASTER_result\regen\4af60000dc8d\cy08,superseded,,,0,0,,,deck
1eaf858a86529ac2,..\2_LP\LOW_Fr_MASTER_result\regen\4af60000dc8d\cy09,superseded,,,0,0,,,deck
1eaf858a86529ac2,..\2_LP\LOW_Fr_MASTER_result\regen\4af60000dc8d\cy10,superseded,,,0,0,,,deck
1eaf858a86529ac2,..\2_LP\LOW_Fr_MASTER_result\regen\4af60000dc8d\cy11,superseded,,,0,0,,,deck
1eaf858a86529ac2,..\2_LP\LOW_Fr_MASTER_result\regen\4af60000dc8d\cy12,regen:cy12/12,1.7149,1.5555,25,1,,613.067,deck
,..\2_LP\LOW_Fr_MASTER_result\regen\4afeafa8bfbc\cy01,superseded,,,0,0,,,
5cdb0c6817307e97,..\2_LP\LOW_Fr_MASTER_result\regen\4afeafa8bfbc\cy02,superseded,,,0,0,,,deck
5cdb0c6817307e97,..\2_LP\LOW_Fr_MASTER_result\regen\4afeafa8bfbc\cy03,superseded,,,0,0,,,deck
5cdb0c6817307e97,..\2_LP\LOW_Fr_MASTER_result\regen\4afeafa8bfbc\cy04,superseded,,,0,0,,,deck
5cdb0c6817307e97,..\2_LP\LOW_Fr_MASTER_result\regen\4afeafa8bfbc\cy05,superseded,,,0,0,,,deck
5cdb0c6817307e97,..\2_LP\LOW_Fr_MASTER_result\regen\4afeafa8bfbc\cy06,superseded,,,0,0,,,deck
5cdb0c6817307e97,..\2_LP\LOW_Fr_MASTER_result\regen\4afeafa8bfbc\cy07,superseded,,,0,0,,,deck
5cdb0c6817307e97,..\2_LP\LOW_Fr_MASTER_result\regen\4afeafa8bfbc\cy08,superseded,,,0,0,,,deck
5cdb0c6817307e97,..\2_LP\LOW_Fr_MASTER_result\regen\4afeafa8bfbc\cy09,superseded,,,0,0,,,deck
5cdb0c6817307e97,..\2_LP\LOW_Fr_MASTER_result\regen\4afeafa8bfbc\cy10,superseded,,,0,0,,,deck
5cdb0c6817307e97,..\2_LP\LOW_Fr_MASTER_result\regen\4afeafa8bfbc\cy11,superseded,,,0,0,,,deck
5cdb0c6817307e97,..\2_LP\LOW_Fr_MASTER_result\regen\4afeafa8bfbc\cy12,regen:cy12/12,1.6721,1.4952,25,1,,617.891,deck
,..\2_LP\LOW_Fr_MASTER_result\regen\4b3aae326275\cy01,superseded,,,0,0,,,
22d9e13bb9e7115d,..\2_LP\LOW_Fr_MASTER_result\regen\4b3aae326275\cy02,superseded,,,0,0,,,deck
22d9e13bb9e7115d,..\2_LP\LOW_Fr_MASTER_result\regen\4b3aae326275\cy03,superseded,,,0,0,,,deck
22d9e13bb9e7115d,..\2_LP\LOW_Fr_MASTER_result\regen\4b3aae326275\cy04,superseded,,,0,0,,,deck
22d9e13bb9e7115d,..\2_LP\LOW_Fr_MASTER_result\regen\4b3aae326275\cy05,superseded,,,0,0,,,deck
22d9e13bb9e7115d,..\2_LP\LOW_Fr_MASTER_result\regen\4b3aae326275\cy06,superseded,,,0,0,,,deck
22d9e13bb9e7115d,..\2_LP\LOW_Fr_MASTER_result\regen\4b3aae326275\cy07,superseded,,,0,0,,,deck
22d9e13bb9e7115d,..\2_LP\LOW_Fr_MASTER_result\regen\4b3aae326275\cy08,superseded,,,0,0,,,deck
22d9e13bb9e7115d,..\2_LP\LOW_Fr_MASTER_result\regen\4b3aae326275\cy09,superseded,,,0,0,,,deck
22d9e13bb9e7115d,..\2_LP\LOW_Fr_MASTER_result\regen\4b3aae326275\cy10,superseded,,,0,0,,,deck
22d9e13bb9e7115d,..\2_LP\LOW_Fr_MASTER_result\regen\4b3aae326275\cy11,superseded,,,0,0,,,deck
22d9e13bb9e7115d,..\2_LP\LOW_Fr_MASTER_result\regen\4b3aae326275\cy12,superseded,,,0,0,,,deck
22d9e13bb9e7115d,..\2_LP\LOW_Fr_MASTER_result\regen\4b3aae326275\cy13,regen:cy13/13,2.3226,2.0909,25,1,,617.078,deck
,..\2_LP\LOW_Fr_MASTER_result\regen\4c313e4587cd\cy01,superseded,,,0,0,,,
465d7a8dc696bdf7,..\2_LP\LOW_Fr_MASTER_result\regen\4c313e4587cd\cy02,superseded,,,0,0,,,deck
465d7a8dc696bdf7,..\2_LP\LOW_Fr_MASTER_result\regen\4c313e4587cd\cy03,superseded,,,0,0,,,deck
465d7a8dc696bdf7,..\2_LP\LOW_Fr_MASTER_result\regen\4c313e4587cd\cy04,superseded,,,0,0,,,deck
465d7a8dc696bdf7,..\2_LP\LOW_Fr_MASTER_result\regen\4c313e4587cd\cy05,superseded,,,0,0,,,deck
465d7a8dc696bdf7,..\2_LP\LOW_Fr_MASTER_result\regen\4c313e4587cd\cy06,superseded,,,0,0,,,deck
465d7a8dc696bdf7,..\2_LP\LOW_Fr_MASTER_result\regen\4c313e4587cd\cy07,superseded,,,0,0,,,deck
465d7a8dc696bdf7,..\2_LP\LOW_Fr_MASTER_result\regen\4c313e4587cd\cy08,superseded,,,0,0,,,deck
465d7a8dc696bdf7,..\2_LP\LOW_Fr_MASTER_result\regen\4c313e4587cd\cy09,superseded,,,0,0,,,deck
465d7a8dc696bdf7,..\2_LP\LOW_Fr_MASTER_result\regen\4c313e4587cd\cy10,superseded,,,0,0,,,deck
465d7a8dc696bdf7,..\2_LP\LOW_Fr_MASTER_result\regen\4c313e4587cd\cy11,regen:cy11/11,1.658,1.5288,25,1,,621.978,deck
,..\2_LP\LOW_Fr_MASTER_result\regen\4c4134fa29a4\cy01,superseded,,,0,0,,,
b3280aa7f2c345b1,..\2_LP\LOW_Fr_MASTER_result\regen\4c4134fa29a4\cy02,superseded,,,0,0,,,deck
b3280aa7f2c345b1,..\2_LP\LOW_Fr_MASTER_result\regen\4c4134fa29a4\cy03,superseded,,,0,0,,,deck
b3280aa7f2c345b1,..\2_LP\LOW_Fr_MASTER_result\regen\4c4134fa29a4\cy04,superseded,,,0,0,,,deck
b3280aa7f2c345b1,..\2_LP\LOW_Fr_MASTER_result\regen\4c4134fa29a4\cy05,superseded,,,0,0,,,deck
b3280aa7f2c345b1,..\2_LP\LOW_Fr_MASTER_result\regen\4c4134fa29a4\cy06,superseded,,,0,0,,,deck
b3280aa7f2c345b1,..\2_LP\LOW_Fr_MASTER_result\regen\4c4134fa29a4\cy07,superseded,,,0,0,,,deck
b3280aa7f2c345b1,..\2_LP\LOW_Fr_MASTER_result\regen\4c4134fa29a4\cy08,superseded,,,0,0,,,deck
b3280aa7f2c345b1,..\2_LP\LOW_Fr_MASTER_result\regen\4c4134fa29a4\cy09,superseded,,,0,0,,,deck
b3280aa7f2c345b1,..\2_LP\LOW_Fr_MASTER_result\regen\4c4134fa29a4\cy10,superseded,,,0,0,,,deck
b3280aa7f2c345b1,..\2_LP\LOW_Fr_MASTER_result\regen\4c4134fa29a4\cy11,superseded,,,0,0,,,deck
b3280aa7f2c345b1,..\2_LP\LOW_Fr_MASTER_result\regen\4c4134fa29a4\cy12,regen:cy12/12,1.8047,1.6303,25,1,,623.547,deck
,..\2_LP\LOW_Fr_MASTER_result\regen\4cbf7d864a87\cy01,superseded,,,0,0,,,
eb770ee5161bc31c,..\2_LP\LOW_Fr_MASTER_result\regen\4cbf7d864a87\cy02,superseded,,,0,0,,,deck
eb770ee5161bc31c,..\2_LP\LOW_Fr_MASTER_result\regen\4cbf7d864a87\cy03,superseded,,,0,0,,,deck
eb770ee5161bc31c,..\2_LP\LOW_Fr_MASTER_result\regen\4cbf7d864a87\cy04,superseded,,,0,0,,,deck
eb770ee5161bc31c,..\2_LP\LOW_Fr_MASTER_result\regen\4cbf7d864a87\cy05,superseded,,,0,0,,,deck
eb770ee5161bc31c,..\2_LP\LOW_Fr_MASTER_result\regen\4cbf7d864a87\cy06,superseded,,,0,0,,,deck
eb770ee5161bc31c,..\2_LP\LOW_Fr_MASTER_result\regen\4cbf7d864a87\cy07,superseded,,,0,0,,,deck
eb770ee5161bc31c,..\2_LP\LOW_Fr_MASTER_result\regen\4cbf7d864a87\cy08,superseded,,,0,0,,,deck
eb770ee5161bc31c,..\2_LP\LOW_Fr_MASTER_result\regen\4cbf7d864a87\cy09,superseded,,,0,0,,,deck
eb770ee5161bc31c,..\2_LP\LOW_Fr_MASTER_result\regen\4cbf7d864a87\cy10,superseded,,,0,0,,,deck
eb770ee5161bc31c,..\2_LP\LOW_Fr_MASTER_result\regen\4cbf7d864a87\cy11,superseded,,,0,0,,,deck
eb770ee5161bc31c,..\2_LP\LOW_Fr_MASTER_result\regen\4cbf7d864a87\cy12,regen:cy12/12,1.7821,1.5711,25,1,,614.533,deck
,..\2_LP\LOW_Fr_MASTER_result\regen\4d83867af0a2\cy01,superseded,,,0,0,,,
de20564288082e04,..\2_LP\LOW_Fr_MASTER_result\regen\4d83867af0a2\cy02,superseded,,,0,0,,,deck
de20564288082e04,..\2_LP\LOW_Fr_MASTER_result\regen\4d83867af0a2\cy03,superseded,,,0,0,,,deck
de20564288082e04,..\2_LP\LOW_Fr_MASTER_result\regen\4d83867af0a2\cy04,superseded,,,0,0,,,deck
de20564288082e04,..\2_LP\LOW_Fr_MASTER_result\regen\4d83867af0a2\cy05,superseded,,,0,0,,,deck
de20564288082e04,..\2_LP\LOW_Fr_MASTER_result\regen\4d83867af0a2\cy06,superseded,,,0,0,,,deck
de20564288082e04,..\2_LP\LOW_Fr_MASTER_result\regen\4d83867af0a2\cy07,superseded,,,0,0,,,deck
de20564288082e04,..\2_LP\LOW_Fr_MASTER_result\regen\4d83867af0a2\cy08,superseded,,,0,0,,,deck
de20564288082e04,..\2_LP\LOW_Fr_MASTER_result\regen\4d83867af0a2\cy09,superseded,,,0,0,,,deck
de20564288082e04,..\2_LP\LOW_Fr_MASTER_result\regen\4d83867af0a2\cy10,superseded,,,0,0,,,deck
de20564288082e04,..\2_LP\LOW_Fr_MASTER_result\regen\4d83867af0a2\cy11,superseded,,,0,0,,,deck
de20564288082e04,..\2_LP\LOW_Fr_MASTER_result\regen\4d83867af0a2\cy12,regen:cy12/12,1.6877,1.492,25,1,,618.411,deck
,..\2_LP\LOW_Fr_MASTER_result\regen\4de35e2c6205\cy01,superseded,,,0,0,,,
af7f2218067e3daa,..\2_LP\LOW_Fr_MASTER_result\regen\4de35e2c6205\cy02,superseded,,,0,0,,,deck
af7f2218067e3daa,..\2_LP\LOW_Fr_MASTER_result\regen\4de35e2c6205\cy03,superseded,,,0,0,,,deck
af7f2218067e3daa,..\2_LP\LOW_Fr_MASTER_result\regen\4de35e2c6205\cy04,superseded,,,0,0,,,deck
af7f2218067e3daa,..\2_LP\LOW_Fr_MASTER_result\regen\4de35e2c6205\cy05,superseded,,,0,0,,,deck
af7f2218067e3daa,..\2_LP\LOW_Fr_MASTER_result\regen\4de35e2c6205\cy06,superseded,,,0,0,,,deck
af7f2218067e3daa,..\2_LP\LOW_Fr_MASTER_result\regen\4de35e2c6205\cy07,superseded,,,0,0,,,deck
af7f2218067e3daa,..\2_LP\LOW_Fr_MASTER_result\regen\4de35e2c6205\cy08,superseded,,,0,0,,,deck
af7f2218067e3daa,..\2_LP\LOW_Fr_MASTER_result\regen\4de35e2c6205\cy09,superseded,,,0,0,,,deck
af7f2218067e3daa,..\2_LP\LOW_Fr_MASTER_result\regen\4de35e2c6205\cy10,superseded,,,0,0,,,deck
af7f2218067e3daa,..\2_LP\LOW_Fr_MASTER_result\regen\4de35e2c6205\cy11,superseded,,,0,0,,,deck
af7f2218067e3daa,..\2_LP\LOW_Fr_MASTER_result\regen\4de35e2c6205\cy12,regen:cy12/12,1.8031,1.5502,25,1,,617.213,deck
,..\2_LP\LOW_Fr_MASTER_result\regen\4f85215ded2e\cy01,superseded,,,0,0,,,
cd9cf6fc3ff85c3b,..\2_LP\LOW_Fr_MASTER_result\regen\4f85215ded2e\cy02,superseded,,,0,0,,,deck
cd9cf6fc3ff85c3b,..\2_LP\LOW_Fr_MASTER_result\regen\4f85215ded2e\cy03,superseded,,,0,0,,,deck
cd9cf6fc3ff85c3b,..\2_LP\LOW_Fr_MASTER_result\regen\4f85215ded2e\cy04,superseded,,,0,0,,,deck
cd9cf6fc3ff85c3b,..\2_LP\LOW_Fr_MASTER_result\regen\4f85215ded2e\cy05,superseded,,,0,0,,,deck
cd9cf6fc3ff85c3b,..\2_LP\LOW_Fr_MASTER_result\regen\4f85215ded2e\cy06,superseded,,,0,0,,,deck
cd9cf6fc3ff85c3b,..\2_LP\LOW_Fr_MASTER_result\regen\4f85215ded2e\cy07,superseded,,,0,0,,,deck
cd9cf6fc3ff85c3b,..\2_LP\LOW_Fr_MASTER_result\regen\4f85215ded2e\cy08,superseded,,,0,0,,,deck
cd9cf6fc3ff85c3b,..\2_LP\LOW_Fr_MASTER_result\regen\4f85215ded2e\cy09,superseded,,,0,0,,,deck
cd9cf6fc3ff85c3b,..\2_LP\LOW_Fr_MASTER_result\regen\4f85215ded2e\cy10,superseded,,,0,0,,,deck
cd9cf6fc3ff85c3b,..\2_LP\LOW_Fr_MASTER_result\regen\4f85215ded2e\cy11,superseded,,,0,0,,,deck
cd9cf6fc3ff85c3b,..\2_LP\LOW_Fr_MASTER_result\regen\4f85215ded2e\cy12,regen:cy12/12,1.6424,1.5089,25,1,,618.652,deck
,..\2_LP\LOW_Fr_MASTER_result\regen\505fdbe76ce8\cy01,superseded,,,0,0,,,
faa6b9f8913210e5,..\2_LP\LOW_Fr_MASTER_result\regen\505fdbe76ce8\cy02,superseded,,,0,0,,,deck
faa6b9f8913210e5,..\2_LP\LOW_Fr_MASTER_result\regen\505fdbe76ce8\cy03,superseded,,,0,0,,,deck
faa6b9f8913210e5,..\2_LP\LOW_Fr_MASTER_result\regen\505fdbe76ce8\cy04,superseded,,,0,0,,,deck
faa6b9f8913210e5,..\2_LP\LOW_Fr_MASTER_result\regen\505fdbe76ce8\cy05,superseded,,,0,0,,,deck
faa6b9f8913210e5,..\2_LP\LOW_Fr_MASTER_result\regen\505fdbe76ce8\cy06,superseded,,,0,0,,,deck
faa6b9f8913210e5,..\2_LP\LOW_Fr_MASTER_result\regen\505fdbe76ce8\cy07,superseded,,,0,0,,,deck
faa6b9f8913210e5,..\2_LP\LOW_Fr_MASTER_result\regen\505fdbe76ce8\cy08,superseded,,,0,0,,,deck
faa6b9f8913210e5,..\2_LP\LOW_Fr_MASTER_result\regen\505fdbe76ce8\cy09,superseded,,,0,0,,,deck
faa6b9f8913210e5,..\2_LP\LOW_Fr_MASTER_result\regen\505fdbe76ce8\cy10,superseded,,,0,0,,,deck
faa6b9f8913210e5,..\2_LP\LOW_Fr_MASTER_result\regen\505fdbe76ce8\cy11,superseded,,,0,0,,,deck
faa6b9f8913210e5,..\2_LP\LOW_Fr_MASTER_result\regen\505fdbe76ce8\cy12,regen:cy12/12,1.7615,1.5209,25,1,,619.278,deck
,..\2_LP\LOW_Fr_MASTER_result\regen\50b90b723b03\cy01,superseded,,,0,0,,,
83a6f053cc0e6756,..\2_LP\LOW_Fr_MASTER_result\regen\50b90b723b03\cy02,superseded,,,0,0,,,deck
83a6f053cc0e6756,..\2_LP\LOW_Fr_MASTER_result\regen\50b90b723b03\cy03,superseded,,,0,0,,,deck
83a6f053cc0e6756,..\2_LP\LOW_Fr_MASTER_result\regen\50b90b723b03\cy04,superseded,,,0,0,,,deck
83a6f053cc0e6756,..\2_LP\LOW_Fr_MASTER_result\regen\50b90b723b03\cy05,superseded,,,0,0,,,deck
83a6f053cc0e6756,..\2_LP\LOW_Fr_MASTER_result\regen\50b90b723b03\cy06,superseded,,,0,0,,,deck
83a6f053cc0e6756,..\2_LP\LOW_Fr_MASTER_result\regen\50b90b723b03\cy07,superseded,,,0,0,,,deck
83a6f053cc0e6756,..\2_LP\LOW_Fr_MASTER_result\regen\50b90b723b03\cy08,superseded,,,0,0,,,deck
83a6f053cc0e6756,..\2_LP\LOW_Fr_MASTER_result\regen\50b90b723b03\cy09,superseded,,,0,0,,,deck
83a6f053cc0e6756,..\2_LP\LOW_Fr_MASTER_result\regen\50b90b723b03\cy10,superseded,,,0,0,,,deck
83a6f053cc0e6756,..\2_LP\LOW_Fr_MASTER_result\regen\50b90b723b03\cy11,superseded,,,0,0,,,deck
83a6f053cc0e6756,..\2_LP\LOW_Fr_MASTER_result\regen\50b90b723b03\cy12,regen:cy12/12,1.7248,1.5211,25,1,,614.781,deck
,..\2_LP\LOW_Fr_MASTER_result\regen\50c9a14bf572\cy01,superseded,,,0,0,,,
ab550f70c5847b59,..\2_LP\LOW_Fr_MASTER_result\regen\50c9a14bf572\cy02,superseded,,,0,0,,,deck
ab550f70c5847b59,..\2_LP\LOW_Fr_MASTER_result\regen\50c9a14bf572\cy03,superseded,,,0,0,,,deck
ab550f70c5847b59,..\2_LP\LOW_Fr_MASTER_result\regen\50c9a14bf572\cy04,superseded,,,0,0,,,deck
ab550f70c5847b59,..\2_LP\LOW_Fr_MASTER_result\regen\50c9a14bf572\cy05,superseded,,,0,0,,,deck
ab550f70c5847b59,..\2_LP\LOW_Fr_MASTER_result\regen\50c9a14bf572\cy06,superseded,,,0,0,,,deck
ab550f70c5847b59,..\2_LP\LOW_Fr_MASTER_result\regen\50c9a14bf572\cy07,superseded,,,0,0,,,deck
ab550f70c5847b59,..\2_LP\LOW_Fr_MASTER_result\regen\50c9a14bf572\cy08,superseded,,,0,0,,,deck
ab550f70c5847b59,..\2_LP\LOW_Fr_MASTER_result\regen\50c9a14bf572\cy09,superseded,,,0,0,,,deck
ab550f70c5847b59,..\2_LP\LOW_Fr_MASTER_result\regen\50c9a14bf572\cy10,superseded,,,0,0,,,deck
ab550f70c5847b59,..\2_LP\LOW_Fr_MASTER_result\regen\50c9a14bf572\cy11,regen:cy11/11,1.8546,1.6309,25,1,,622.969,deck
,..\2_LP\LOW_Fr_MASTER_result\regen\519265c6a987\cy01,superseded,,,0,0,,,
d3b592480245b0a4,..\2_LP\LOW_Fr_MASTER_result\regen\519265c6a987\cy02,superseded,,,0,0,,,deck
d3b592480245b0a4,..\2_LP\LOW_Fr_MASTER_result\regen\519265c6a987\cy03,superseded,,,0,0,,,deck
d3b592480245b0a4,..\2_LP\LOW_Fr_MASTER_result\regen\519265c6a987\cy04,superseded,,,0,0,,,deck
d3b592480245b0a4,..\2_LP\LOW_Fr_MASTER_result\regen\519265c6a987\cy05,superseded,,,0,0,,,deck
d3b592480245b0a4,..\2_LP\LOW_Fr_MASTER_result\regen\519265c6a987\cy06,superseded,,,0,0,,,deck
d3b592480245b0a4,..\2_LP\LOW_Fr_MASTER_result\regen\519265c6a987\cy07,superseded,,,0,0,,,deck
d3b592480245b0a4,..\2_LP\LOW_Fr_MASTER_result\regen\519265c6a987\cy08,superseded,,,0,0,,,deck
d3b592480245b0a4,..\2_LP\LOW_Fr_MASTER_result\regen\519265c6a987\cy09,superseded,,,0,0,,,deck
d3b592480245b0a4,..\2_LP\LOW_Fr_MASTER_result\regen\519265c6a987\cy10,superseded,,,0,0,,,deck
d3b592480245b0a4,..\2_LP\LOW_Fr_MASTER_result\regen\519265c6a987\cy11,superseded,,,0,0,,,deck
d3b592480245b0a4,..\2_LP\LOW_Fr_MASTER_result\regen\519265c6a987\cy12,regen:cy12/12,1.6029,1.4509,25,1,,623.074,deck
,..\2_LP\LOW_Fr_MASTER_result\regen\519af8a8e65f\cy01,superseded,,,0,0,,,
fe22bc3e4adaefae,..\2_LP\LOW_Fr_MASTER_result\regen\519af8a8e65f\cy02,superseded,,,0,0,,,deck
fe22bc3e4adaefae,..\2_LP\LOW_Fr_MASTER_result\regen\519af8a8e65f\cy03,superseded,,,0,0,,,deck
fe22bc3e4adaefae,..\2_LP\LOW_Fr_MASTER_result\regen\519af8a8e65f\cy04,superseded,,,0,0,,,deck
fe22bc3e4adaefae,..\2_LP\LOW_Fr_MASTER_result\regen\519af8a8e65f\cy05,superseded,,,0,0,,,deck
fe22bc3e4adaefae,..\2_LP\LOW_Fr_MASTER_result\regen\519af8a8e65f\cy06,superseded,,,0,0,,,deck
fe22bc3e4adaefae,..\2_LP\LOW_Fr_MASTER_result\regen\519af8a8e65f\cy07,superseded,,,0,0,,,deck
fe22bc3e4adaefae,..\2_LP\LOW_Fr_MASTER_result\regen\519af8a8e65f\cy08,superseded,,,0,0,,,deck
fe22bc3e4adaefae,..\2_LP\LOW_Fr_MASTER_result\regen\519af8a8e65f\cy09,superseded,,,0,0,,,deck
fe22bc3e4adaefae,..\2_LP\LOW_Fr_MASTER_result\regen\519af8a8e65f\cy10,superseded,,,0,0,,,deck
fe22bc3e4adaefae,..\2_LP\LOW_Fr_MASTER_result\regen\519af8a8e65f\cy11,superseded,,,0,0,,,deck
fe22bc3e4adaefae,..\2_LP\LOW_Fr_MASTER_result\regen\519af8a8e65f\cy12,regen:cy12/12,1.6878,1.5313,25,1,,613.497,deck
,..\2_LP\LOW_Fr_MASTER_result\regen\51cd7ff30c67\cy01,superseded,,,0,0,,,
95f809d08c6aa320,..\2_LP\LOW_Fr_MASTER_result\regen\51cd7ff30c67\cy02,superseded,,,0,0,,,deck
95f809d08c6aa320,..\2_LP\LOW_Fr_MASTER_result\regen\51cd7ff30c67\cy03,superseded,,,0,0,,,deck
95f809d08c6aa320,..\2_LP\LOW_Fr_MASTER_result\regen\51cd7ff30c67\cy04,superseded,,,0,0,,,deck
95f809d08c6aa320,..\2_LP\LOW_Fr_MASTER_result\regen\51cd7ff30c67\cy05,superseded,,,0,0,,,deck
95f809d08c6aa320,..\2_LP\LOW_Fr_MASTER_result\regen\51cd7ff30c67\cy06,superseded,,,0,0,,,deck
95f809d08c6aa320,..\2_LP\LOW_Fr_MASTER_result\regen\51cd7ff30c67\cy07,superseded,,,0,0,,,deck
95f809d08c6aa320,..\2_LP\LOW_Fr_MASTER_result\regen\51cd7ff30c67\cy08,superseded,,,0,0,,,deck
95f809d08c6aa320,..\2_LP\LOW_Fr_MASTER_result\regen\51cd7ff30c67\cy09,superseded,,,0,0,,,deck
95f809d08c6aa320,..\2_LP\LOW_Fr_MASTER_result\regen\51cd7ff30c67\cy10,superseded,,,0,0,,,deck
95f809d08c6aa320,..\2_LP\LOW_Fr_MASTER_result\regen\51cd7ff30c67\cy11,superseded,,,0,0,,,deck
95f809d08c6aa320,..\2_LP\LOW_Fr_MASTER_result\regen\51cd7ff30c67\cy12,regen:cy12/12,1.7041,1.5152,25,1,,617.755,deck
,..\2_LP\LOW_Fr_MASTER_result\regen\52b170088f07\cy01,superseded,,,0,0,,,
7b1ace40d9b7e032,..\2_LP\LOW_Fr_MASTER_result\regen\52b170088f07\cy02,superseded,,,0,0,,,deck
7b1ace40d9b7e032,..\2_LP\LOW_Fr_MASTER_result\regen\52b170088f07\cy03,superseded,,,0,0,,,deck
7b1ace40d9b7e032,..\2_LP\LOW_Fr_MASTER_result\regen\52b170088f07\cy04,superseded,,,0,0,,,deck
7b1ace40d9b7e032,..\2_LP\LOW_Fr_MASTER_result\regen\52b170088f07\cy05,superseded,,,0,0,,,deck
7b1ace40d9b7e032,..\2_LP\LOW_Fr_MASTER_result\regen\52b170088f07\cy06,superseded,,,0,0,,,deck
7b1ace40d9b7e032,..\2_LP\LOW_Fr_MASTER_result\regen\52b170088f07\cy07,superseded,,,0,0,,,deck
7b1ace40d9b7e032,..\2_LP\LOW_Fr_MASTER_result\regen\52b170088f07\cy08,superseded,,,0,0,,,deck
7b1ace40d9b7e032,..\2_LP\LOW_Fr_MASTER_result\regen\52b170088f07\cy09,superseded,,,0,0,,,deck
7b1ace40d9b7e032,..\2_LP\LOW_Fr_MASTER_result\regen\52b170088f07\cy10,superseded,,,0,0,,,deck
7b1ace40d9b7e032,..\2_LP\LOW_Fr_MASTER_result\regen\52b170088f07\cy11,superseded,,,0,0,,,deck
7b1ace40d9b7e032,..\2_LP\LOW_Fr_MASTER_result\regen\52b170088f07\cy12,regen:cy12/12,1.6753,1.522,25,1,,616.418,deck
,..\2_LP\LOW_Fr_MASTER_result\regen\53377c7a3ade\cy01,superseded,,,0,0,,,
ba7b8043aecee52b,..\2_LP\LOW_Fr_MASTER_result\regen\53377c7a3ade\cy02,superseded,,,0,0,,,deck
ba7b8043aecee52b,..\2_LP\LOW_Fr_MASTER_result\regen\53377c7a3ade\cy03,superseded,,,0,0,,,deck
ba7b8043aecee52b,..\2_LP\LOW_Fr_MASTER_result\regen\53377c7a3ade\cy04,superseded,,,0,0,,,deck
ba7b8043aecee52b,..\2_LP\LOW_Fr_MASTER_result\regen\53377c7a3ade\cy05,superseded,,,0,0,,,deck
ba7b8043aecee52b,..\2_LP\LOW_Fr_MASTER_result\regen\53377c7a3ade\cy06,superseded,,,0,0,,,deck
ba7b8043aecee52b,..\2_LP\LOW_Fr_MASTER_result\regen\53377c7a3ade\cy07,superseded,,,0,0,,,deck
ba7b8043aecee52b,..\2_LP\LOW_Fr_MASTER_result\regen\53377c7a3ade\cy08,superseded,,,0,0,,,deck
ba7b8043aecee52b,..\2_LP\LOW_Fr_MASTER_result\regen\53377c7a3ade\cy09,superseded,,,0,0,,,deck
ba7b8043aecee52b,..\2_LP\LOW_Fr_MASTER_result\regen\53377c7a3ade\cy10,superseded,,,0,0,,,deck
ba7b8043aecee52b,..\2_LP\LOW_Fr_MASTER_result\regen\53377c7a3ade\cy11,regen:cy11/11,1.6478,1.53,25,1,,621.905,deck
,..\2_LP\LOW_Fr_MASTER_result\regen\5338d585e727\cy01,superseded,,,0,0,,,
54a0d02fc639559a,..\2_LP\LOW_Fr_MASTER_result\regen\5338d585e727\cy02,superseded,,,0,0,,,deck
54a0d02fc639559a,..\2_LP\LOW_Fr_MASTER_result\regen\5338d585e727\cy03,superseded,,,0,0,,,deck
54a0d02fc639559a,..\2_LP\LOW_Fr_MASTER_result\regen\5338d585e727\cy04,superseded,,,0,0,,,deck
54a0d02fc639559a,..\2_LP\LOW_Fr_MASTER_result\regen\5338d585e727\cy05,superseded,,,0,0,,,deck
54a0d02fc639559a,..\2_LP\LOW_Fr_MASTER_result\regen\5338d585e727\cy06,superseded,,,0,0,,,deck
54a0d02fc639559a,..\2_LP\LOW_Fr_MASTER_result\regen\5338d585e727\cy07,superseded,,,0,0,,,deck
54a0d02fc639559a,..\2_LP\LOW_Fr_MASTER_result\regen\5338d585e727\cy08,superseded,,,0,0,,,deck
54a0d02fc639559a,..\2_LP\LOW_Fr_MASTER_result\regen\5338d585e727\cy09,superseded,,,0,0,,,deck
54a0d02fc639559a,..\2_LP\LOW_Fr_MASTER_result\regen\5338d585e727\cy10,superseded,,,0,0,,,deck
54a0d02fc639559a,..\2_LP\LOW_Fr_MASTER_result\regen\5338d585e727\cy11,superseded,,,0,0,,,deck
54a0d02fc639559a,..\2_LP\LOW_Fr_MASTER_result\regen\5338d585e727\cy12,regen:cy12/12,1.5825,1.4057,25,1,,617.464,deck
,..\2_LP\LOW_Fr_MASTER_result\regen\537047a2da83\cy01,superseded,,,0,0,,,
e343ff61218b03ca,..\2_LP\LOW_Fr_MASTER_result\regen\537047a2da83\cy02,superseded,,,0,0,,,deck
e343ff61218b03ca,..\2_LP\LOW_Fr_MASTER_result\regen\537047a2da83\cy03,superseded,,,0,0,,,deck
e343ff61218b03ca,..\2_LP\LOW_Fr_MASTER_result\regen\537047a2da83\cy04,superseded,,,0,0,,,deck
e343ff61218b03ca,..\2_LP\LOW_Fr_MASTER_result\regen\537047a2da83\cy05,superseded,,,0,0,,,deck
e343ff61218b03ca,..\2_LP\LOW_Fr_MASTER_result\regen\537047a2da83\cy06,superseded,,,0,0,,,deck
e343ff61218b03ca,..\2_LP\LOW_Fr_MASTER_result\regen\537047a2da83\cy07,superseded,,,0,0,,,deck
e343ff61218b03ca,..\2_LP\LOW_Fr_MASTER_result\regen\537047a2da83\cy08,superseded,,,0,0,,,deck
e343ff61218b03ca,..\2_LP\LOW_Fr_MASTER_result\regen\537047a2da83\cy09,superseded,,,0,0,,,deck
e343ff61218b03ca,..\2_LP\LOW_Fr_MASTER_result\regen\537047a2da83\cy10,superseded,,,0,0,,,deck
e343ff61218b03ca,..\2_LP\LOW_Fr_MASTER_result\regen\537047a2da83\cy11,regen:cy11/11,1.5942,1.4463,25,1,,623.517,deck
,..\2_LP\LOW_Fr_MASTER_result\regen\53c4bda89f2d\cy01,superseded,,,0,0,,,
cfd7deb98620e20d,..\2_LP\LOW_Fr_MASTER_result\regen\53c4bda89f2d\cy02,superseded,,,0,0,,,deck
cfd7deb98620e20d,..\2_LP\LOW_Fr_MASTER_result\regen\53c4bda89f2d\cy03,superseded,,,0,0,,,deck
cfd7deb98620e20d,..\2_LP\LOW_Fr_MASTER_result\regen\53c4bda89f2d\cy04,superseded,,,0,0,,,deck
cfd7deb98620e20d,..\2_LP\LOW_Fr_MASTER_result\regen\53c4bda89f2d\cy05,superseded,,,0,0,,,deck
cfd7deb98620e20d,..\2_LP\LOW_Fr_MASTER_result\regen\53c4bda89f2d\cy06,superseded,,,0,0,,,deck
cfd7deb98620e20d,..\2_LP\LOW_Fr_MASTER_result\regen\53c4bda89f2d\cy07,superseded,,,0,0,,,deck
cfd7deb98620e20d,..\2_LP\LOW_Fr_MASTER_result\regen\53c4bda89f2d\cy08,superseded,,,0,0,,,deck
cfd7deb98620e20d,..\2_LP\LOW_Fr_MASTER_result\regen\53c4bda89f2d\cy09,superseded,,,0,0,,,deck
cfd7deb98620e20d,..\2_LP\LOW_Fr_MASTER_result\regen\53c4bda89f2d\cy10,superseded,,,0,0,,,deck
cfd7deb98620e20d,..\2_LP\LOW_Fr_MASTER_result\regen\53c4bda89f2d\cy11,superseded,,,0,0,,,deck
cfd7deb98620e20d,..\2_LP\LOW_Fr_MASTER_result\regen\53c4bda89f2d\cy12,regen:cy12/12,1.6058,1.4609,25,1,,617.216,deck
,..\2_LP\LOW_Fr_MASTER_result\regen\53ec16b28d72\cy01,superseded,,,0,0,,,
9ada242a594e7454,..\2_LP\LOW_Fr_MASTER_result\regen\53ec16b28d72\cy02,superseded,,,0,0,,,deck
9ada242a594e7454,..\2_LP\LOW_Fr_MASTER_result\regen\53ec16b28d72\cy03,superseded,,,0,0,,,deck
9ada242a594e7454,..\2_LP\LOW_Fr_MASTER_result\regen\53ec16b28d72\cy04,superseded,,,0,0,,,deck
9ada242a594e7454,..\2_LP\LOW_Fr_MASTER_result\regen\53ec16b28d72\cy05,superseded,,,0,0,,,deck
9ada242a594e7454,..\2_LP\LOW_Fr_MASTER_result\regen\53ec16b28d72\cy06,superseded,,,0,0,,,deck
9ada242a594e7454,..\2_LP\LOW_Fr_MASTER_result\regen\53ec16b28d72\cy07,superseded,,,0,0,,,deck
9ada242a594e7454,..\2_LP\LOW_Fr_MASTER_result\regen\53ec16b28d72\cy08,superseded,,,0,0,,,deck
9ada242a594e7454,..\2_LP\LOW_Fr_MASTER_result\regen\53ec16b28d72\cy09,superseded,,,0,0,,,deck
9ada242a594e7454,..\2_LP\LOW_Fr_MASTER_result\regen\53ec16b28d72\cy10,superseded,,,0,0,,,deck
9ada242a594e7454,..\2_LP\LOW_Fr_MASTER_result\regen\53ec16b28d72\cy11,superseded,,,0,0,,,deck
9ada242a594e7454,..\2_LP\LOW_Fr_MASTER_result\regen\53ec16b28d72\cy12,regen:cy12/12,1.6033,1.4738,25,1,,621.189,deck
,..\2_LP\LOW_Fr_MASTER_result\regen\54b1256ede12\cy01,superseded,,,0,0,,,
76b2c8f8ce620dc4,..\2_LP\LOW_Fr_MASTER_result\regen\54b1256ede12\cy02,superseded,,,0,0,,,deck
76b2c8f8ce620dc4,..\2_LP\LOW_Fr_MASTER_result\regen\54b1256ede12\cy03,superseded,,,0,0,,,deck
76b2c8f8ce620dc4,..\2_LP\LOW_Fr_MASTER_result\regen\54b1256ede12\cy04,superseded,,,0,0,,,deck
76b2c8f8ce620dc4,..\2_LP\LOW_Fr_MASTER_result\regen\54b1256ede12\cy05,superseded,,,0,0,,,deck
76b2c8f8ce620dc4,..\2_LP\LOW_Fr_MASTER_result\regen\54b1256ede12\cy06,superseded,,,0,0,,,deck
76b2c8f8ce620dc4,..\2_LP\LOW_Fr_MASTER_result\regen\54b1256ede12\cy07,superseded,,,0,0,,,deck
76b2c8f8ce620dc4,..\2_LP\LOW_Fr_MASTER_result\regen\54b1256ede12\cy08,superseded,,,0,0,,,deck
76b2c8f8ce620dc4,..\2_LP\LOW_Fr_MASTER_result\regen\54b1256ede12\cy09,superseded,,,0,0,,,deck
76b2c8f8ce620dc4,..\2_LP\LOW_Fr_MASTER_result\regen\54b1256ede12\cy10,superseded,,,0,0,,,deck
76b2c8f8ce620dc4,..\2_LP\LOW_Fr_MASTER_result\regen\54b1256ede12\cy11,superseded,,,0,0,,,deck
76b2c8f8ce620dc4,..\2_LP\LOW_Fr_MASTER_result\regen\54b1256ede12\cy12,regen:cy12/12,1.606,1.4444,25,1,,619.635,deck
,..\2_LP\LOW_Fr_MASTER_result\regen\54e6b067c653\cy01,superseded,,,0,0,,,
44ecb463a77f4e43,..\2_LP\LOW_Fr_MASTER_result\regen\54e6b067c653\cy02,superseded,,,0,0,,,deck
44ecb463a77f4e43,..\2_LP\LOW_Fr_MASTER_result\regen\54e6b067c653\cy03,superseded,,,0,0,,,deck
44ecb463a77f4e43,..\2_LP\LOW_Fr_MASTER_result\regen\54e6b067c653\cy04,superseded,,,0,0,,,deck
44ecb463a77f4e43,..\2_LP\LOW_Fr_MASTER_result\regen\54e6b067c653\cy05,superseded,,,0,0,,,deck
44ecb463a77f4e43,..\2_LP\LOW_Fr_MASTER_result\regen\54e6b067c653\cy06,superseded,,,0,0,,,deck
44ecb463a77f4e43,..\2_LP\LOW_Fr_MASTER_result\regen\54e6b067c653\cy07,superseded,,,0,0,,,deck
44ecb463a77f4e43,..\2_LP\LOW_Fr_MASTER_result\regen\54e6b067c653\cy08,superseded,,,0,0,,,deck
44ecb463a77f4e43,..\2_LP\LOW_Fr_MASTER_result\regen\54e6b067c653\cy09,superseded,,,0,0,,,deck
44ecb463a77f4e43,..\2_LP\LOW_Fr_MASTER_result\regen\54e6b067c653\cy10,superseded,,,0,0,,,deck
44ecb463a77f4e43,..\2_LP\LOW_Fr_MASTER_result\regen\54e6b067c653\cy11,superseded,,,0,0,,,deck
44ecb463a77f4e43,..\2_LP\LOW_Fr_MASTER_result\regen\54e6b067c653\cy12,regen:cy12/12,1.5938,1.4519,25,1,,623.086,deck
,..\2_LP\LOW_Fr_MASTER_result\regen\559a01d96b0a\cy01,superseded,,,0,0,,,
e01e8bee6c658119,..\2_LP\LOW_Fr_MASTER_result\regen\559a01d96b0a\cy02,superseded,,,0,0,,,deck
e01e8bee6c658119,..\2_LP\LOW_Fr_MASTER_result\regen\559a01d96b0a\cy03,superseded,,,0,0,,,deck
e01e8bee6c658119,..\2_LP\LOW_Fr_MASTER_result\regen\559a01d96b0a\cy04,superseded,,,0,0,,,deck
e01e8bee6c658119,..\2_LP\LOW_Fr_MASTER_result\regen\559a01d96b0a\cy05,superseded,,,0,0,,,deck
e01e8bee6c658119,..\2_LP\LOW_Fr_MASTER_result\regen\559a01d96b0a\cy06,superseded,,,0,0,,,deck
e01e8bee6c658119,..\2_LP\LOW_Fr_MASTER_result\regen\559a01d96b0a\cy07,superseded,,,0,0,,,deck
e01e8bee6c658119,..\2_LP\LOW_Fr_MASTER_result\regen\559a01d96b0a\cy08,superseded,,,0,0,,,deck
e01e8bee6c658119,..\2_LP\LOW_Fr_MASTER_result\regen\559a01d96b0a\cy09,superseded,,,0,0,,,deck
e01e8bee6c658119,..\2_LP\LOW_Fr_MASTER_result\regen\559a01d96b0a\cy10,superseded,,,0,0,,,deck
e01e8bee6c658119,..\2_LP\LOW_Fr_MASTER_result\regen\559a01d96b0a\cy11,regen:cy11/11,1.7446,1.5672,25,1,,614.633,deck
,..\2_LP\LOW_Fr_MASTER_result\regen\55a1b8af7cd1\cy01,superseded,,,0,0,,,
e69a8753e074a6b6,..\2_LP\LOW_Fr_MASTER_result\regen\55a1b8af7cd1\cy02,superseded,,,0,0,,,deck
e69a8753e074a6b6,..\2_LP\LOW_Fr_MASTER_result\regen\55a1b8af7cd1\cy03,superseded,,,0,0,,,deck
e69a8753e074a6b6,..\2_LP\LOW_Fr_MASTER_result\regen\55a1b8af7cd1\cy04,superseded,,,0,0,,,deck
e69a8753e074a6b6,..\2_LP\LOW_Fr_MASTER_result\regen\55a1b8af7cd1\cy05,superseded,,,0,0,,,deck
e69a8753e074a6b6,..\2_LP\LOW_Fr_MASTER_result\regen\55a1b8af7cd1\cy06,superseded,,,0,0,,,deck
e69a8753e074a6b6,..\2_LP\LOW_Fr_MASTER_result\regen\55a1b8af7cd1\cy07,superseded,,,0,0,,,deck
e69a8753e074a6b6,..\2_LP\LOW_Fr_MASTER_result\regen\55a1b8af7cd1\cy08,superseded,,,0,0,,,deck
e69a8753e074a6b6,..\2_LP\LOW_Fr_MASTER_result\regen\55a1b8af7cd1\cy09,superseded,,,0,0,,,deck
e69a8753e074a6b6,..\2_LP\LOW_Fr_MASTER_result\regen\55a1b8af7cd1\cy10,superseded,,,0,0,,,deck
e69a8753e074a6b6,..\2_LP\LOW_Fr_MASTER_result\regen\55a1b8af7cd1\cy11,superseded,,,0,0,,,deck
e69a8753e074a6b6,..\2_LP\LOW_Fr_MASTER_result\regen\55a1b8af7cd1\cy12,regen:cy12/12,1.8066,1.5759,25,1,,617.999,deck
,..\2_LP\LOW_Fr_MASTER_result\regen\564711b4e169\cy01,superseded,,,0,0,,,
f1f6deadfdbc9fdf,..\2_LP\LOW_Fr_MASTER_result\regen\564711b4e169\cy02,superseded,,,0,0,,,deck
f1f6deadfdbc9fdf,..\2_LP\LOW_Fr_MASTER_result\regen\564711b4e169\cy03,superseded,,,0,0,,,deck
f1f6deadfdbc9fdf,..\2_LP\LOW_Fr_MASTER_result\regen\564711b4e169\cy04,superseded,,,0,0,,,deck
f1f6deadfdbc9fdf,..\2_LP\LOW_Fr_MASTER_result\regen\564711b4e169\cy05,superseded,,,0,0,,,deck
f1f6deadfdbc9fdf,..\2_LP\LOW_Fr_MASTER_result\regen\564711b4e169\cy06,superseded,,,0,0,,,deck
f1f6deadfdbc9fdf,..\2_LP\LOW_Fr_MASTER_result\regen\564711b4e169\cy07,superseded,,,0,0,,,deck
f1f6deadfdbc9fdf,..\2_LP\LOW_Fr_MASTER_result\regen\564711b4e169\cy08,superseded,,,0,0,,,deck
f1f6deadfdbc9fdf,..\2_LP\LOW_Fr_MASTER_result\regen\564711b4e169\cy09,superseded,,,0,0,,,deck
f1f6deadfdbc9fdf,..\2_LP\LOW_Fr_MASTER_result\regen\564711b4e169\cy10,superseded,,,0,0,,,deck
f1f6deadfdbc9fdf,..\2_LP\LOW_Fr_MASTER_result\regen\564711b4e169\cy11,superseded,,,0,0,,,deck
f1f6deadfdbc9fdf,..\2_LP\LOW_Fr_MASTER_result\regen\564711b4e169\cy12,regen:cy12/12,1.6377,1.4345,25,1,,617.185,deck
,..\2_LP\LOW_Fr_MASTER_result\regen\56d22b95a9c3\cy01,superseded,,,0,0,,,
ee3148b0c0480ba1,..\2_LP\LOW_Fr_MASTER_result\regen\56d22b95a9c3\cy02,superseded,,,0,0,,,deck
ee3148b0c0480ba1,..\2_LP\LOW_Fr_MASTER_result\regen\56d22b95a9c3\cy03,superseded,,,0,0,,,deck
ee3148b0c0480ba1,..\2_LP\LOW_Fr_MASTER_result\regen\56d22b95a9c3\cy04,superseded,,,0,0,,,deck
ee3148b0c0480ba1,..\2_LP\LOW_Fr_MASTER_result\regen\56d22b95a9c3\cy05,superseded,,,0,0,,,deck
ee3148b0c0480ba1,..\2_LP\LOW_Fr_MASTER_result\regen\56d22b95a9c3\cy06,superseded,,,0,0,,,deck
ee3148b0c0480ba1,..\2_LP\LOW_Fr_MASTER_result\regen\56d22b95a9c3\cy07,superseded,,,0,0,,,deck
ee3148b0c0480ba1,..\2_LP\LOW_Fr_MASTER_result\regen\56d22b95a9c3\cy08,superseded,,,0,0,,,deck
ee3148b0c0480ba1,..\2_LP\LOW_Fr_MASTER_result\regen\56d22b95a9c3\cy09,superseded,,,0,0,,,deck
ee3148b0c0480ba1,..\2_LP\LOW_Fr_MASTER_result\regen\56d22b95a9c3\cy10,superseded,,,0,0,,,deck
ee3148b0c0480ba1,..\2_LP\LOW_Fr_MASTER_result\regen\56d22b95a9c3\cy11,superseded,,,0,0,,,deck
ee3148b0c0480ba1,..\2_LP\LOW_Fr_MASTER_result\regen\56d22b95a9c3\cy12,regen:cy12/12,1.6582,1.5326,25,1,,620.164,deck
,..\2_LP\LOW_Fr_MASTER_result\regen\56e6d524b76a\cy01,superseded,,,0,0,,,
a66c26934246c999,..\2_LP\LOW_Fr_MASTER_result\regen\56e6d524b76a\cy02,superseded,,,0,0,,,deck
a66c26934246c999,..\2_LP\LOW_Fr_MASTER_result\regen\56e6d524b76a\cy03,superseded,,,0,0,,,deck
a66c26934246c999,..\2_LP\LOW_Fr_MASTER_result\regen\56e6d524b76a\cy04,superseded,,,0,0,,,deck
a66c26934246c999,..\2_LP\LOW_Fr_MASTER_result\regen\56e6d524b76a\cy05,superseded,,,0,0,,,deck
a66c26934246c999,..\2_LP\LOW_Fr_MASTER_result\regen\56e6d524b76a\cy06,superseded,,,0,0,,,deck
a66c26934246c999,..\2_LP\LOW_Fr_MASTER_result\regen\56e6d524b76a\cy07,superseded,,,0,0,,,deck
a66c26934246c999,..\2_LP\LOW_Fr_MASTER_result\regen\56e6d524b76a\cy08,superseded,,,0,0,,,deck
a66c26934246c999,..\2_LP\LOW_Fr_MASTER_result\regen\56e6d524b76a\cy09,superseded,,,0,0,,,deck
a66c26934246c999,..\2_LP\LOW_Fr_MASTER_result\regen\56e6d524b76a\cy10,regen:cy10/10,2.0382,1.8413,25,1,,616.887,deck
,..\2_LP\LOW_Fr_MASTER_result\regen\57443edabe8a\cy01,superseded,,,0,0,,,
4ba9138cd922e03d,..\2_LP\LOW_Fr_MASTER_result\regen\57443edabe8a\cy02,superseded,,,0,0,,,deck
4ba9138cd922e03d,..\2_LP\LOW_Fr_MASTER_result\regen\57443edabe8a\cy03,superseded,,,0,0,,,deck
4ba9138cd922e03d,..\2_LP\LOW_Fr_MASTER_result\regen\57443edabe8a\cy04,superseded,,,0,0,,,deck
4ba9138cd922e03d,..\2_LP\LOW_Fr_MASTER_result\regen\57443edabe8a\cy05,superseded,,,0,0,,,deck
4ba9138cd922e03d,..\2_LP\LOW_Fr_MASTER_result\regen\57443edabe8a\cy06,superseded,,,0,0,,,deck
4ba9138cd922e03d,..\2_LP\LOW_Fr_MASTER_result\regen\57443edabe8a\cy07,superseded,,,0,0,,,deck
4ba9138cd922e03d,..\2_LP\LOW_Fr_MASTER_result\regen\57443edabe8a\cy08,superseded,,,0,0,,,deck
4ba9138cd922e03d,..\2_LP\LOW_Fr_MASTER_result\regen\57443edabe8a\cy09,superseded,,,0,0,,,deck
4ba9138cd922e03d,..\2_LP\LOW_Fr_MASTER_result\regen\57443edabe8a\cy10,superseded,,,0,0,,,deck
4ba9138cd922e03d,..\2_LP\LOW_Fr_MASTER_result\regen\57443edabe8a\cy11,superseded,,,0,0,,,deck
4ba9138cd922e03d,..\2_LP\LOW_Fr_MASTER_result\regen\57443edabe8a\cy12,regen:cy12/12,1.7144,1.5097,25,1,,616.459,deck
,..\2_LP\LOW_Fr_MASTER_result\regen\57ede2cd90d4\cy01,superseded,,,0,0,,,
5ab67ce404b22f59,..\2_LP\LOW_Fr_MASTER_result\regen\57ede2cd90d4\cy02,superseded,,,0,0,,,deck
5ab67ce404b22f59,..\2_LP\LOW_Fr_MASTER_result\regen\57ede2cd90d4\cy03,superseded,,,0,0,,,deck
5ab67ce404b22f59,..\2_LP\LOW_Fr_MASTER_result\regen\57ede2cd90d4\cy04,superseded,,,0,0,,,deck
5ab67ce404b22f59,..\2_LP\LOW_Fr_MASTER_result\regen\57ede2cd90d4\cy05,superseded,,,0,0,,,deck
5ab67ce404b22f59,..\2_LP\LOW_Fr_MASTER_result\regen\57ede2cd90d4\cy06,superseded,,,0,0,,,deck
5ab67ce404b22f59,..\2_LP\LOW_Fr_MASTER_result\regen\57ede2cd90d4\cy07,superseded,,,0,0,,,deck
5ab67ce404b22f59,..\2_LP\LOW_Fr_MASTER_result\regen\57ede2cd90d4\cy08,superseded,,,0,0,,,deck
5ab67ce404b22f59,..\2_LP\LOW_Fr_MASTER_result\regen\57ede2cd90d4\cy09,superseded,,,0,0,,,deck
5ab67ce404b22f59,..\2_LP\LOW_Fr_MASTER_result\regen\57ede2cd90d4\cy10,superseded,,,0,0,,,deck
5ab67ce404b22f59,..\2_LP\LOW_Fr_MASTER_result\regen\57ede2cd90d4\cy11,regen:cy11/11,1.8351,1.6742,25,1,,611.319,deck
,..\2_LP\LOW_Fr_MASTER_result\regen\57ff7d11da01\cy01,superseded,,,0,0,,,
dd0de7788ba84e7e,..\2_LP\LOW_Fr_MASTER_result\regen\57ff7d11da01\cy02,superseded,,,0,0,,,deck
dd0de7788ba84e7e,..\2_LP\LOW_Fr_MASTER_result\regen\57ff7d11da01\cy03,superseded,,,0,0,,,deck
dd0de7788ba84e7e,..\2_LP\LOW_Fr_MASTER_result\regen\57ff7d11da01\cy04,superseded,,,0,0,,,deck
dd0de7788ba84e7e,..\2_LP\LOW_Fr_MASTER_result\regen\57ff7d11da01\cy05,superseded,,,0,0,,,deck
dd0de7788ba84e7e,..\2_LP\LOW_Fr_MASTER_result\regen\57ff7d11da01\cy06,superseded,,,0,0,,,deck
dd0de7788ba84e7e,..\2_LP\LOW_Fr_MASTER_result\regen\57ff7d11da01\cy07,superseded,,,0,0,,,deck
dd0de7788ba84e7e,..\2_LP\LOW_Fr_MASTER_result\regen\57ff7d11da01\cy08,superseded,,,0,0,,,deck
dd0de7788ba84e7e,..\2_LP\LOW_Fr_MASTER_result\regen\57ff7d11da01\cy09,superseded,,,0,0,,,deck
dd0de7788ba84e7e,..\2_LP\LOW_Fr_MASTER_result\regen\57ff7d11da01\cy10,superseded,,,0,0,,,deck
dd0de7788ba84e7e,..\2_LP\LOW_Fr_MASTER_result\regen\57ff7d11da01\cy11,superseded,,,0,0,,,deck
dd0de7788ba84e7e,..\2_LP\LOW_Fr_MASTER_result\regen\57ff7d11da01\cy12,regen:cy12/12,1.6067,1.414,25,1,,615.407,deck
,..\2_LP\LOW_Fr_MASTER_result\regen\58445f2665bd\cy01,superseded,,,0,0,,,
a78ab900608c445c,..\2_LP\LOW_Fr_MASTER_result\regen\58445f2665bd\cy02,superseded,,,0,0,,,deck
a78ab900608c445c,..\2_LP\LOW_Fr_MASTER_result\regen\58445f2665bd\cy03,superseded,,,0,0,,,deck
a78ab900608c445c,..\2_LP\LOW_Fr_MASTER_result\regen\58445f2665bd\cy04,superseded,,,0,0,,,deck
a78ab900608c445c,..\2_LP\LOW_Fr_MASTER_result\regen\58445f2665bd\cy05,superseded,,,0,0,,,deck
a78ab900608c445c,..\2_LP\LOW_Fr_MASTER_result\regen\58445f2665bd\cy06,superseded,,,0,0,,,deck
a78ab900608c445c,..\2_LP\LOW_Fr_MASTER_result\regen\58445f2665bd\cy07,superseded,,,0,0,,,deck
a78ab900608c445c,..\2_LP\LOW_Fr_MASTER_result\regen\58445f2665bd\cy08,superseded,,,0,0,,,deck
a78ab900608c445c,..\2_LP\LOW_Fr_MASTER_result\regen\58445f2665bd\cy09,superseded,,,0,0,,,deck
a78ab900608c445c,..\2_LP\LOW_Fr_MASTER_result\regen\58445f2665bd\cy10,superseded,,,0,0,,,deck
a78ab900608c445c,..\2_LP\LOW_Fr_MASTER_result\regen\58445f2665bd\cy11,superseded,,,0,0,,,deck
a78ab900608c445c,..\2_LP\LOW_Fr_MASTER_result\regen\58445f2665bd\cy12,regen:cy12/12,1.6016,1.4571,25,1,,623.114,deck
,..\2_LP\LOW_Fr_MASTER_result\regen\5853cbe70c9a\cy01,superseded,,,0,0,,,
11b74c5845770027,..\2_LP\LOW_Fr_MASTER_result\regen\5853cbe70c9a\cy02,superseded,,,0,0,,,deck
11b74c5845770027,..\2_LP\LOW_Fr_MASTER_result\regen\5853cbe70c9a\cy03,superseded,,,0,0,,,deck
11b74c5845770027,..\2_LP\LOW_Fr_MASTER_result\regen\5853cbe70c9a\cy04,superseded,,,0,0,,,deck
11b74c5845770027,..\2_LP\LOW_Fr_MASTER_result\regen\5853cbe70c9a\cy05,superseded,,,0,0,,,deck
11b74c5845770027,..\2_LP\LOW_Fr_MASTER_result\regen\5853cbe70c9a\cy06,superseded,,,0,0,,,deck
11b74c5845770027,..\2_LP\LOW_Fr_MASTER_result\regen\5853cbe70c9a\cy07,superseded,,,0,0,,,deck
11b74c5845770027,..\2_LP\LOW_Fr_MASTER_result\regen\5853cbe70c9a\cy08,superseded,,,0,0,,,deck
11b74c5845770027,..\2_LP\LOW_Fr_MASTER_result\regen\5853cbe70c9a\cy09,superseded,,,0,0,,,deck
11b74c5845770027,..\2_LP\LOW_Fr_MASTER_result\regen\5853cbe70c9a\cy10,superseded,,,0,0,,,deck
11b74c5845770027,..\2_LP\LOW_Fr_MASTER_result\regen\5853cbe70c9a\cy11,superseded,,,0,0,,,deck
11b74c5845770027,..\2_LP\LOW_Fr_MASTER_result\regen\5853cbe70c9a\cy12,regen:cy12/12,1.7293,1.5956,25,1,,619.569,deck
,..\2_LP\LOW_Fr_MASTER_result\regen\59572f33de87\cy01,superseded,,,0,0,,,
90c8697b28ea92d4,..\2_LP\LOW_Fr_MASTER_result\regen\59572f33de87\cy02,superseded,,,0,0,,,deck
90c8697b28ea92d4,..\2_LP\LOW_Fr_MASTER_result\regen\59572f33de87\cy03,superseded,,,0,0,,,deck
90c8697b28ea92d4,..\2_LP\LOW_Fr_MASTER_result\regen\59572f33de87\cy04,superseded,,,0,0,,,deck
90c8697b28ea92d4,..\2_LP\LOW_Fr_MASTER_result\regen\59572f33de87\cy05,superseded,,,0,0,,,deck
90c8697b28ea92d4,..\2_LP\LOW_Fr_MASTER_result\regen\59572f33de87\cy06,superseded,,,0,0,,,deck
90c8697b28ea92d4,..\2_LP\LOW_Fr_MASTER_result\regen\59572f33de87\cy07,superseded,,,0,0,,,deck
90c8697b28ea92d4,..\2_LP\LOW_Fr_MASTER_result\regen\59572f33de87\cy08,superseded,,,0,0,,,deck
90c8697b28ea92d4,..\2_LP\LOW_Fr_MASTER_result\regen\59572f33de87\cy09,superseded,,,0,0,,,deck
90c8697b28ea92d4,..\2_LP\LOW_Fr_MASTER_result\regen\59572f33de87\cy10,superseded,,,0,0,,,deck
90c8697b28ea92d4,..\2_LP\LOW_Fr_MASTER_result\regen\59572f33de87\cy11,regen:cy11/11,2.0365,1.8463,25,1,,611.599,deck
,..\2_LP\LOW_Fr_MASTER_result\regen\59dba9381b2e\cy01,superseded,,,0,0,,,
f417475654cf59c8,..\2_LP\LOW_Fr_MASTER_result\regen\59dba9381b2e\cy02,superseded,,,0,0,,,deck
f417475654cf59c8,..\2_LP\LOW_Fr_MASTER_result\regen\59dba9381b2e\cy03,superseded,,,0,0,,,deck
f417475654cf59c8,..\2_LP\LOW_Fr_MASTER_result\regen\59dba9381b2e\cy04,superseded,,,0,0,,,deck
f417475654cf59c8,..\2_LP\LOW_Fr_MASTER_result\regen\59dba9381b2e\cy05,superseded,,,0,0,,,deck
f417475654cf59c8,..\2_LP\LOW_Fr_MASTER_result\regen\59dba9381b2e\cy06,superseded,,,0,0,,,deck
f417475654cf59c8,..\2_LP\LOW_Fr_MASTER_result\regen\59dba9381b2e\cy07,superseded,,,0,0,,,deck
f417475654cf59c8,..\2_LP\LOW_Fr_MASTER_result\regen\59dba9381b2e\cy08,superseded,,,0,0,,,deck
f417475654cf59c8,..\2_LP\LOW_Fr_MASTER_result\regen\59dba9381b2e\cy09,superseded,,,0,0,,,deck
f417475654cf59c8,..\2_LP\LOW_Fr_MASTER_result\regen\59dba9381b2e\cy10,superseded,,,0,0,,,deck
f417475654cf59c8,..\2_LP\LOW_Fr_MASTER_result\regen\59dba9381b2e\cy11,superseded,,,0,0,,,deck
f417475654cf59c8,..\2_LP\LOW_Fr_MASTER_result\regen\59dba9381b2e\cy12,regen:cy12/12,1.6154,1.4488,25,1,,619.459,deck
,..\2_LP\LOW_Fr_MASTER_result\regen\5a03ed5236f6\cy01,superseded,,,0,0,,,
40db80d0d4fb2b27,..\2_LP\LOW_Fr_MASTER_result\regen\5a03ed5236f6\cy02,superseded,,,0,0,,,deck
40db80d0d4fb2b27,..\2_LP\LOW_Fr_MASTER_result\regen\5a03ed5236f6\cy03,superseded,,,0,0,,,deck
40db80d0d4fb2b27,..\2_LP\LOW_Fr_MASTER_result\regen\5a03ed5236f6\cy04,superseded,,,0,0,,,deck
40db80d0d4fb2b27,..\2_LP\LOW_Fr_MASTER_result\regen\5a03ed5236f6\cy05,superseded,,,0,0,,,deck
40db80d0d4fb2b27,..\2_LP\LOW_Fr_MASTER_result\regen\5a03ed5236f6\cy06,superseded,,,0,0,,,deck
40db80d0d4fb2b27,..\2_LP\LOW_Fr_MASTER_result\regen\5a03ed5236f6\cy07,superseded,,,0,0,,,deck
40db80d0d4fb2b27,..\2_LP\LOW_Fr_MASTER_result\regen\5a03ed5236f6\cy08,superseded,,,0,0,,,deck
40db80d0d4fb2b27,..\2_LP\LOW_Fr_MASTER_result\regen\5a03ed5236f6\cy09,superseded,,,0,0,,,deck
40db80d0d4fb2b27,..\2_LP\LOW_Fr_MASTER_result\regen\5a03ed5236f6\cy10,superseded,,,0,0,,,deck
40db80d0d4fb2b27,..\2_LP\LOW_Fr_MASTER_result\regen\5a03ed5236f6\cy11,superseded,,,0,0,,,deck
40db80d0d4fb2b27,..\2_LP\LOW_Fr_MASTER_result\regen\5a03ed5236f6\cy12,regen:cy12/12,1.625,1.5022,25,1,,618.861,deck
,..\2_LP\LOW_Fr_MASTER_result\regen\5a6a641d653d\cy01,superseded,,,0,0,,,
867adc3ac9e33031,..\2_LP\LOW_Fr_MASTER_result\regen\5a6a641d653d\cy02,superseded,,,0,0,,,deck
867adc3ac9e33031,..\2_LP\LOW_Fr_MASTER_result\regen\5a6a641d653d\cy03,superseded,,,0,0,,,deck
867adc3ac9e33031,..\2_LP\LOW_Fr_MASTER_result\regen\5a6a641d653d\cy04,superseded,,,0,0,,,deck
867adc3ac9e33031,..\2_LP\LOW_Fr_MASTER_result\regen\5a6a641d653d\cy05,superseded,,,0,0,,,deck
867adc3ac9e33031,..\2_LP\LOW_Fr_MASTER_result\regen\5a6a641d653d\cy06,superseded,,,0,0,,,deck
867adc3ac9e33031,..\2_LP\LOW_Fr_MASTER_result\regen\5a6a641d653d\cy07,superseded,,,0,0,,,deck
867adc3ac9e33031,..\2_LP\LOW_Fr_MASTER_result\regen\5a6a641d653d\cy08,superseded,,,0,0,,,deck
867adc3ac9e33031,..\2_LP\LOW_Fr_MASTER_result\regen\5a6a641d653d\cy09,superseded,,,0,0,,,deck
867adc3ac9e33031,..\2_LP\LOW_Fr_MASTER_result\regen\5a6a641d653d\cy10,superseded,,,0,0,,,deck
867adc3ac9e33031,..\2_LP\LOW_Fr_MASTER_result\regen\5a6a641d653d\cy11,superseded,,,0,0,,,deck
867adc3ac9e33031,..\2_LP\LOW_Fr_MASTER_result\regen\5a6a641d653d\cy12,regen:cy12/12,1.6365,1.4843,25,1,,623.608,deck
,..\2_LP\LOW_Fr_MASTER_result\regen\5a86a57f97b3\cy01,superseded,,,0,0,,,
10bc5426c453e850,..\2_LP\LOW_Fr_MASTER_result\regen\5a86a57f97b3\cy02,superseded,,,0,0,,,deck
10bc5426c453e850,..\2_LP\LOW_Fr_MASTER_result\regen\5a86a57f97b3\cy03,superseded,,,0,0,,,deck
10bc5426c453e850,..\2_LP\LOW_Fr_MASTER_result\regen\5a86a57f97b3\cy04,superseded,,,0,0,,,deck
10bc5426c453e850,..\2_LP\LOW_Fr_MASTER_result\regen\5a86a57f97b3\cy05,superseded,,,0,0,,,deck
10bc5426c453e850,..\2_LP\LOW_Fr_MASTER_result\regen\5a86a57f97b3\cy06,superseded,,,0,0,,,deck
10bc5426c453e850,..\2_LP\LOW_Fr_MASTER_result\regen\5a86a57f97b3\cy07,superseded,,,0,0,,,deck
10bc5426c453e850,..\2_LP\LOW_Fr_MASTER_result\regen\5a86a57f97b3\cy08,superseded,,,0,0,,,deck
10bc5426c453e850,..\2_LP\LOW_Fr_MASTER_result\regen\5a86a57f97b3\cy09,superseded,,,0,0,,,deck
10bc5426c453e850,..\2_LP\LOW_Fr_MASTER_result\regen\5a86a57f97b3\cy10,superseded,,,0,0,,,deck
10bc5426c453e850,..\2_LP\LOW_Fr_MASTER_result\regen\5a86a57f97b3\cy11,superseded,,,0,0,,,deck
10bc5426c453e850,..\2_LP\LOW_Fr_MASTER_result\regen\5a86a57f97b3\cy12,regen:cy12/12,1.7266,1.5469,25,1,,614.713,deck
,..\2_LP\LOW_Fr_MASTER_result\regen\5aae7239a5bd\cy01,superseded,,,0,0,,,
b4028a995d7fd55d,..\2_LP\LOW_Fr_MASTER_result\regen\5aae7239a5bd\cy02,superseded,,,0,0,,,deck
b4028a995d7fd55d,..\2_LP\LOW_Fr_MASTER_result\regen\5aae7239a5bd\cy03,superseded,,,0,0,,,deck
b4028a995d7fd55d,..\2_LP\LOW_Fr_MASTER_result\regen\5aae7239a5bd\cy04,superseded,,,0,0,,,deck
b4028a995d7fd55d,..\2_LP\LOW_Fr_MASTER_result\regen\5aae7239a5bd\cy05,superseded,,,0,0,,,deck
b4028a995d7fd55d,..\2_LP\LOW_Fr_MASTER_result\regen\5aae7239a5bd\cy06,superseded,,,0,0,,,deck
b4028a995d7fd55d,..\2_LP\LOW_Fr_MASTER_result\regen\5aae7239a5bd\cy07,superseded,,,0,0,,,deck
b4028a995d7fd55d,..\2_LP\LOW_Fr_MASTER_result\regen\5aae7239a5bd\cy08,superseded,,,0,0,,,deck
b4028a995d7fd55d,..\2_LP\LOW_Fr_MASTER_result\regen\5aae7239a5bd\cy09,superseded,,,0,0,,,deck
b4028a995d7fd55d,..\2_LP\LOW_Fr_MASTER_result\regen\5aae7239a5bd\cy10,superseded,,,0,0,,,deck
b4028a995d7fd55d,..\2_LP\LOW_Fr_MASTER_result\regen\5aae7239a5bd\cy11,superseded,,,0,0,,,deck
b4028a995d7fd55d,..\2_LP\LOW_Fr_MASTER_result\regen\5aae7239a5bd\cy12,regen:cy12/12,1.6126,1.4735,25,1,,621.859,deck
,..\2_LP\LOW_Fr_MASTER_result\regen\5b8b15242f65\cy01,superseded,,,0,0,,,
315bea124403e094,..\2_LP\LOW_Fr_MASTER_result\regen\5b8b15242f65\cy02,superseded,,,0,0,,,deck
315bea124403e094,..\2_LP\LOW_Fr_MASTER_result\regen\5b8b15242f65\cy03,superseded,,,0,0,,,deck
315bea124403e094,..\2_LP\LOW_Fr_MASTER_result\regen\5b8b15242f65\cy04,superseded,,,0,0,,,deck
315bea124403e094,..\2_LP\LOW_Fr_MASTER_result\regen\5b8b15242f65\cy05,superseded,,,0,0,,,deck
315bea124403e094,..\2_LP\LOW_Fr_MASTER_result\regen\5b8b15242f65\cy06,superseded,,,0,0,,,deck
315bea124403e094,..\2_LP\LOW_Fr_MASTER_result\regen\5b8b15242f65\cy07,superseded,,,0,0,,,deck
315bea124403e094,..\2_LP\LOW_Fr_MASTER_result\regen\5b8b15242f65\cy08,superseded,,,0,0,,,deck
315bea124403e094,..\2_LP\LOW_Fr_MASTER_result\regen\5b8b15242f65\cy09,superseded,,,0,0,,,deck
315bea124403e094,..\2_LP\LOW_Fr_MASTER_result\regen\5b8b15242f65\cy10,superseded,,,0,0,,,deck
315bea124403e094,..\2_LP\LOW_Fr_MASTER_result\regen\5b8b15242f65\cy11,superseded,,,0,0,,,deck
315bea124403e094,..\2_LP\LOW_Fr_MASTER_result\regen\5b8b15242f65\cy12,regen:cy12/12,1.8097,1.623,25,1,,621.743,deck
,..\2_LP\LOW_Fr_MASTER_result\regen\5bb60b46d7f3\cy01,superseded,,,0,0,,,
e48aa269afff2796,..\2_LP\LOW_Fr_MASTER_result\regen\5bb60b46d7f3\cy02,superseded,,,0,0,,,deck
e48aa269afff2796,..\2_LP\LOW_Fr_MASTER_result\regen\5bb60b46d7f3\cy03,superseded,,,0,0,,,deck
e48aa269afff2796,..\2_LP\LOW_Fr_MASTER_result\regen\5bb60b46d7f3\cy04,superseded,,,0,0,,,deck
e48aa269afff2796,..\2_LP\LOW_Fr_MASTER_result\regen\5bb60b46d7f3\cy05,superseded,,,0,0,,,deck
e48aa269afff2796,..\2_LP\LOW_Fr_MASTER_result\regen\5bb60b46d7f3\cy06,superseded,,,0,0,,,deck
e48aa269afff2796,..\2_LP\LOW_Fr_MASTER_result\regen\5bb60b46d7f3\cy07,superseded,,,0,0,,,deck
e48aa269afff2796,..\2_LP\LOW_Fr_MASTER_result\regen\5bb60b46d7f3\cy08,superseded,,,0,0,,,deck
e48aa269afff2796,..\2_LP\LOW_Fr_MASTER_result\regen\5bb60b46d7f3\cy09,superseded,,,0,0,,,deck
e48aa269afff2796,..\2_LP\LOW_Fr_MASTER_result\regen\5bb60b46d7f3\cy10,superseded,,,0,0,,,deck
e48aa269afff2796,..\2_LP\LOW_Fr_MASTER_result\regen\5bb60b46d7f3\cy11,superseded,,,0,0,,,deck
e48aa269afff2796,..\2_LP\LOW_Fr_MASTER_result\regen\5bb60b46d7f3\cy12,regen:cy12/12,1.7948,1.5888,25,1,,619.283,deck
,..\2_LP\LOW_Fr_MASTER_result\regen\5c73329e266a\cy01,superseded,,,0,0,,,
3d9841416a62bd7c,..\2_LP\LOW_Fr_MASTER_result\regen\5c73329e266a\cy02,superseded,,,0,0,,,deck
3d9841416a62bd7c,..\2_LP\LOW_Fr_MASTER_result\regen\5c73329e266a\cy03,superseded,,,0,0,,,deck
3d9841416a62bd7c,..\2_LP\LOW_Fr_MASTER_result\regen\5c73329e266a\cy04,superseded,,,0,0,,,deck
3d9841416a62bd7c,..\2_LP\LOW_Fr_MASTER_result\regen\5c73329e266a\cy05,superseded,,,0,0,,,deck
3d9841416a62bd7c,..\2_LP\LOW_Fr_MASTER_result\regen\5c73329e266a\cy06,superseded,,,0,0,,,deck
3d9841416a62bd7c,..\2_LP\LOW_Fr_MASTER_result\regen\5c73329e266a\cy07,superseded,,,0,0,,,deck
3d9841416a62bd7c,..\2_LP\LOW_Fr_MASTER_result\regen\5c73329e266a\cy08,superseded,,,0,0,,,deck
3d9841416a62bd7c,..\2_LP\LOW_Fr_MASTER_result\regen\5c73329e266a\cy09,superseded,,,0,0,,,deck
3d9841416a62bd7c,..\2_LP\LOW_Fr_MASTER_result\regen\5c73329e266a\cy10,superseded,,,0,0,,,deck
3d9841416a62bd7c,..\2_LP\LOW_Fr_MASTER_result\regen\5c73329e266a\cy11,superseded,,,0,0,,,deck
3d9841416a62bd7c,..\2_LP\LOW_Fr_MASTER_result\regen\5c73329e266a\cy12,regen:cy12/12,1.6636,1.4932,25,1,,620.606,deck
,..\2_LP\LOW_Fr_MASTER_result\regen\5cb0a65f65ae\cy01,superseded,,,0,0,,,
55d31a64eba7c1a9,..\2_LP\LOW_Fr_MASTER_result\regen\5cb0a65f65ae\cy02,superseded,,,0,0,,,deck
55d31a64eba7c1a9,..\2_LP\LOW_Fr_MASTER_result\regen\5cb0a65f65ae\cy03,superseded,,,0,0,,,deck
55d31a64eba7c1a9,..\2_LP\LOW_Fr_MASTER_result\regen\5cb0a65f65ae\cy04,superseded,,,0,0,,,deck
55d31a64eba7c1a9,..\2_LP\LOW_Fr_MASTER_result\regen\5cb0a65f65ae\cy05,superseded,,,0,0,,,deck
55d31a64eba7c1a9,..\2_LP\LOW_Fr_MASTER_result\regen\5cb0a65f65ae\cy06,superseded,,,0,0,,,deck
55d31a64eba7c1a9,..\2_LP\LOW_Fr_MASTER_result\regen\5cb0a65f65ae\cy07,superseded,,,0,0,,,deck
55d31a64eba7c1a9,..\2_LP\LOW_Fr_MASTER_result\regen\5cb0a65f65ae\cy08,superseded,,,0,0,,,deck
55d31a64eba7c1a9,..\2_LP\LOW_Fr_MASTER_result\regen\5cb0a65f65ae\cy09,superseded,,,0,0,,,deck
55d31a64eba7c1a9,..\2_LP\LOW_Fr_MASTER_result\regen\5cb0a65f65ae\cy10,superseded,,,0,0,,,deck
55d31a64eba7c1a9,..\2_LP\LOW_Fr_MASTER_result\regen\5cb0a65f65ae\cy11,superseded,,,0,0,,,deck
55d31a64eba7c1a9,..\2_LP\LOW_Fr_MASTER_result\regen\5cb0a65f65ae\cy12,regen:cy12/12,1.9061,1.7278,25,1,,622.638,deck
,..\2_LP\LOW_Fr_MASTER_result\regen\5ce7e6138997\cy01,superseded,,,0,0,,,
4636ef864fca4205,..\2_LP\LOW_Fr_MASTER_result\regen\5ce7e6138997\cy02,superseded,,,0,0,,,deck
4636ef864fca4205,..\2_LP\LOW_Fr_MASTER_result\regen\5ce7e6138997\cy03,superseded,,,0,0,,,deck
4636ef864fca4205,..\2_LP\LOW_Fr_MASTER_result\regen\5ce7e6138997\cy04,superseded,,,0,0,,,deck
4636ef864fca4205,..\2_LP\LOW_Fr_MASTER_result\regen\5ce7e6138997\cy05,superseded,,,0,0,,,deck
4636ef864fca4205,..\2_LP\LOW_Fr_MASTER_result\regen\5ce7e6138997\cy06,superseded,,,0,0,,,deck
4636ef864fca4205,..\2_LP\LOW_Fr_MASTER_result\regen\5ce7e6138997\cy07,superseded,,,0,0,,,deck
4636ef864fca4205,..\2_LP\LOW_Fr_MASTER_result\regen\5ce7e6138997\cy08,superseded,,,0,0,,,deck
4636ef864fca4205,..\2_LP\LOW_Fr_MASTER_result\regen\5ce7e6138997\cy09,superseded,,,0,0,,,deck
4636ef864fca4205,..\2_LP\LOW_Fr_MASTER_result\regen\5ce7e6138997\cy10,superseded,,,0,0,,,deck
4636ef864fca4205,..\2_LP\LOW_Fr_MASTER_result\regen\5ce7e6138997\cy11,superseded,,,0,0,,,deck
4636ef864fca4205,..\2_LP\LOW_Fr_MASTER_result\regen\5ce7e6138997\cy12,regen:cy12/12,1.7581,1.5563,25,1,,617.874,deck
,..\2_LP\LOW_Fr_MASTER_result\regen\5d241a28a82b\cy01,superseded,,,0,0,,,
aba0c2b66d4d351e,..\2_LP\LOW_Fr_MASTER_result\regen\5d241a28a82b\cy02,superseded,,,0,0,,,deck
aba0c2b66d4d351e,..\2_LP\LOW_Fr_MASTER_result\regen\5d241a28a82b\cy03,superseded,,,0,0,,,deck
aba0c2b66d4d351e,..\2_LP\LOW_Fr_MASTER_result\regen\5d241a28a82b\cy04,superseded,,,0,0,,,deck
aba0c2b66d4d351e,..\2_LP\LOW_Fr_MASTER_result\regen\5d241a28a82b\cy05,superseded,,,0,0,,,deck
aba0c2b66d4d351e,..\2_LP\LOW_Fr_MASTER_result\regen\5d241a28a82b\cy06,superseded,,,0,0,,,deck
aba0c2b66d4d351e,..\2_LP\LOW_Fr_MASTER_result\regen\5d241a28a82b\cy07,superseded,,,0,0,,,deck
aba0c2b66d4d351e,..\2_LP\LOW_Fr_MASTER_result\regen\5d241a28a82b\cy08,superseded,,,0,0,,,deck
aba0c2b66d4d351e,..\2_LP\LOW_Fr_MASTER_result\regen\5d241a28a82b\cy09,superseded,,,0,0,,,deck
aba0c2b66d4d351e,..\2_LP\LOW_Fr_MASTER_result\regen\5d241a28a82b\cy10,superseded,,,0,0,,,deck
aba0c2b66d4d351e,..\2_LP\LOW_Fr_MASTER_result\regen\5d241a28a82b\cy11,superseded,,,0,0,,,deck
aba0c2b66d4d351e,..\2_LP\LOW_Fr_MASTER_result\regen\5d241a28a82b\cy12,regen:cy12/12,1.821,1.6669,25,1,,624.687,deck
,..\2_LP\LOW_Fr_MASTER_result\regen\5d76af5f54b7\cy01,superseded,,,0,0,,,
8ff4af6117e6fb7f,..\2_LP\LOW_Fr_MASTER_result\regen\5d76af5f54b7\cy02,superseded,,,0,0,,,deck
8ff4af6117e6fb7f,..\2_LP\LOW_Fr_MASTER_result\regen\5d76af5f54b7\cy03,superseded,,,0,0,,,deck
8ff4af6117e6fb7f,..\2_LP\LOW_Fr_MASTER_result\regen\5d76af5f54b7\cy04,superseded,,,0,0,,,deck
8ff4af6117e6fb7f,..\2_LP\LOW_Fr_MASTER_result\regen\5d76af5f54b7\cy05,superseded,,,0,0,,,deck
8ff4af6117e6fb7f,..\2_LP\LOW_Fr_MASTER_result\regen\5d76af5f54b7\cy06,superseded,,,0,0,,,deck
8ff4af6117e6fb7f,..\2_LP\LOW_Fr_MASTER_result\regen\5d76af5f54b7\cy07,superseded,,,0,0,,,deck
8ff4af6117e6fb7f,..\2_LP\LOW_Fr_MASTER_result\regen\5d76af5f54b7\cy08,superseded,,,0,0,,,deck
8ff4af6117e6fb7f,..\2_LP\LOW_Fr_MASTER_result\regen\5d76af5f54b7\cy09,superseded,,,0,0,,,deck
8ff4af6117e6fb7f,..\2_LP\LOW_Fr_MASTER_result\regen\5d76af5f54b7\cy10,superseded,,,0,0,,,deck
8ff4af6117e6fb7f,..\2_LP\LOW_Fr_MASTER_result\regen\5d76af5f54b7\cy11,superseded,,,0,0,,,deck
8ff4af6117e6fb7f,..\2_LP\LOW_Fr_MASTER_result\regen\5d76af5f54b7\cy12,regen:cy12/12,1.7203,1.5323,25,1,,619.053,deck
,..\2_LP\LOW_Fr_MASTER_result\regen\5db7dfa68ae7\cy01,superseded,,,0,0,,,
dbc7ff6d7fc20097,..\2_LP\LOW_Fr_MASTER_result\regen\5db7dfa68ae7\cy02,superseded,,,0,0,,,deck
dbc7ff6d7fc20097,..\2_LP\LOW_Fr_MASTER_result\regen\5db7dfa68ae7\cy03,superseded,,,0,0,,,deck
dbc7ff6d7fc20097,..\2_LP\LOW_Fr_MASTER_result\regen\5db7dfa68ae7\cy04,superseded,,,0,0,,,deck
dbc7ff6d7fc20097,..\2_LP\LOW_Fr_MASTER_result\regen\5db7dfa68ae7\cy05,superseded,,,0,0,,,deck
dbc7ff6d7fc20097,..\2_LP\LOW_Fr_MASTER_result\regen\5db7dfa68ae7\cy06,superseded,,,0,0,,,deck
dbc7ff6d7fc20097,..\2_LP\LOW_Fr_MASTER_result\regen\5db7dfa68ae7\cy07,superseded,,,0,0,,,deck
dbc7ff6d7fc20097,..\2_LP\LOW_Fr_MASTER_result\regen\5db7dfa68ae7\cy08,superseded,,,0,0,,,deck
dbc7ff6d7fc20097,..\2_LP\LOW_Fr_MASTER_result\regen\5db7dfa68ae7\cy09,superseded,,,0,0,,,deck
dbc7ff6d7fc20097,..\2_LP\LOW_Fr_MASTER_result\regen\5db7dfa68ae7\cy10,superseded,,,0,0,,,deck
dbc7ff6d7fc20097,..\2_LP\LOW_Fr_MASTER_result\regen\5db7dfa68ae7\cy11,superseded,,,0,0,,,deck
dbc7ff6d7fc20097,..\2_LP\LOW_Fr_MASTER_result\regen\5db7dfa68ae7\cy12,regen:cy12/12,1.8571,1.6808,25,1,,617.891,deck
,..\2_LP\LOW_Fr_MASTER_result\regen\5e182e984424\cy01,superseded,,,0,0,,,
3d498f8a570a7ca7,..\2_LP\LOW_Fr_MASTER_result\regen\5e182e984424\cy02,superseded,,,0,0,,,deck
3d498f8a570a7ca7,..\2_LP\LOW_Fr_MASTER_result\regen\5e182e984424\cy03,superseded,,,0,0,,,deck
3d498f8a570a7ca7,..\2_LP\LOW_Fr_MASTER_result\regen\5e182e984424\cy04,superseded,,,0,0,,,deck
3d498f8a570a7ca7,..\2_LP\LOW_Fr_MASTER_result\regen\5e182e984424\cy05,superseded,,,0,0,,,deck
3d498f8a570a7ca7,..\2_LP\LOW_Fr_MASTER_result\regen\5e182e984424\cy06,superseded,,,0,0,,,deck
3d498f8a570a7ca7,..\2_LP\LOW_Fr_MASTER_result\regen\5e182e984424\cy07,superseded,,,0,0,,,deck
3d498f8a570a7ca7,..\2_LP\LOW_Fr_MASTER_result\regen\5e182e984424\cy08,superseded,,,0,0,,,deck
3d498f8a570a7ca7,..\2_LP\LOW_Fr_MASTER_result\regen\5e182e984424\cy09,superseded,,,0,0,,,deck
3d498f8a570a7ca7,..\2_LP\LOW_Fr_MASTER_result\regen\5e182e984424\cy10,superseded,,,0,0,,,deck
3d498f8a570a7ca7,..\2_LP\LOW_Fr_MASTER_result\regen\5e182e984424\cy11,superseded,,,0,0,,,deck
3d498f8a570a7ca7,..\2_LP\LOW_Fr_MASTER_result\regen\5e182e984424\cy12,regen:cy12/12,1.6734,1.519,25,1,,617.397,deck
,..\2_LP\LOW_Fr_MASTER_result\regen\5ee77c0fb644\cy01,superseded,,,0,0,,,
e66b305a89dd8878,..\2_LP\LOW_Fr_MASTER_result\regen\5ee77c0fb644\cy02,superseded,,,0,0,,,deck
e66b305a89dd8878,..\2_LP\LOW_Fr_MASTER_result\regen\5ee77c0fb644\cy03,superseded,,,0,0,,,deck
e66b305a89dd8878,..\2_LP\LOW_Fr_MASTER_result\regen\5ee77c0fb644\cy04,superseded,,,0,0,,,deck
e66b305a89dd8878,..\2_LP\LOW_Fr_MASTER_result\regen\5ee77c0fb644\cy05,superseded,,,0,0,,,deck
e66b305a89dd8878,..\2_LP\LOW_Fr_MASTER_result\regen\5ee77c0fb644\cy06,superseded,,,0,0,,,deck
e66b305a89dd8878,..\2_LP\LOW_Fr_MASTER_result\regen\5ee77c0fb644\cy07,superseded,,,0,0,,,deck
e66b305a89dd8878,..\2_LP\LOW_Fr_MASTER_result\regen\5ee77c0fb644\cy08,superseded,,,0,0,,,deck
e66b305a89dd8878,..\2_LP\LOW_Fr_MASTER_result\regen\5ee77c0fb644\cy09,superseded,,,0,0,,,deck
e66b305a89dd8878,..\2_LP\LOW_Fr_MASTER_result\regen\5ee77c0fb644\cy10,superseded,,,0,0,,,deck
e66b305a89dd8878,..\2_LP\LOW_Fr_MASTER_result\regen\5ee77c0fb644\cy11,superseded,,,0,0,,,deck
e66b305a89dd8878,..\2_LP\LOW_Fr_MASTER_result\regen\5ee77c0fb644\cy12,regen:cy12/12,1.6897,1.5332,25,1,,613.789,deck
,..\2_LP\LOW_Fr_MASTER_result\regen\5eedef9b3204\cy01,superseded,,,0,0,,,
bdd2e78a9c730865,..\2_LP\LOW_Fr_MASTER_result\regen\5eedef9b3204\cy02,superseded,,,0,0,,,deck
bdd2e78a9c730865,..\2_LP\LOW_Fr_MASTER_result\regen\5eedef9b3204\cy03,superseded,,,0,0,,,deck
bdd2e78a9c730865,..\2_LP\LOW_Fr_MASTER_result\regen\5eedef9b3204\cy04,superseded,,,0,0,,,deck
bdd2e78a9c730865,..\2_LP\LOW_Fr_MASTER_result\regen\5eedef9b3204\cy05,superseded,,,0,0,,,deck
bdd2e78a9c730865,..\2_LP\LOW_Fr_MASTER_result\regen\5eedef9b3204\cy06,superseded,,,0,0,,,deck
bdd2e78a9c730865,..\2_LP\LOW_Fr_MASTER_result\regen\5eedef9b3204\cy07,superseded,,,0,0,,,deck
bdd2e78a9c730865,..\2_LP\LOW_Fr_MASTER_result\regen\5eedef9b3204\cy08,superseded,,,0,0,,,deck
bdd2e78a9c730865,..\2_LP\LOW_Fr_MASTER_result\regen\5eedef9b3204\cy09,superseded,,,0,0,,,deck
bdd2e78a9c730865,..\2_LP\LOW_Fr_MASTER_result\regen\5eedef9b3204\cy10,superseded,,,0,0,,,deck
bdd2e78a9c730865,..\2_LP\LOW_Fr_MASTER_result\regen\5eedef9b3204\cy11,regen:cy11/11,1.6539,1.5022,25,1,,621.463,deck
,..\2_LP\LOW_Fr_MASTER_result\regen\606329e5f5b5\cy01,superseded,,,0,0,,,
f72c1025edf4041d,..\2_LP\LOW_Fr_MASTER_result\regen\606329e5f5b5\cy02,superseded,,,0,0,,,deck
f72c1025edf4041d,..\2_LP\LOW_Fr_MASTER_result\regen\606329e5f5b5\cy03,superseded,,,0,0,,,deck
f72c1025edf4041d,..\2_LP\LOW_Fr_MASTER_result\regen\606329e5f5b5\cy04,superseded,,,0,0,,,deck
f72c1025edf4041d,..\2_LP\LOW_Fr_MASTER_result\regen\606329e5f5b5\cy05,superseded,,,0,0,,,deck
f72c1025edf4041d,..\2_LP\LOW_Fr_MASTER_result\regen\606329e5f5b5\cy06,superseded,,,0,0,,,deck
f72c1025edf4041d,..\2_LP\LOW_Fr_MASTER_result\regen\606329e5f5b5\cy07,superseded,,,0,0,,,deck
f72c1025edf4041d,..\2_LP\LOW_Fr_MASTER_result\regen\606329e5f5b5\cy08,superseded,,,0,0,,,deck
f72c1025edf4041d,..\2_LP\LOW_Fr_MASTER_result\regen\606329e5f5b5\cy09,superseded,,,0,0,,,deck
f72c1025edf4041d,..\2_LP\LOW_Fr_MASTER_result\regen\606329e5f5b5\cy10,superseded,,,0,0,,,deck
f72c1025edf4041d,..\2_LP\LOW_Fr_MASTER_result\regen\606329e5f5b5\cy11,superseded,,,0,0,,,deck
f72c1025edf4041d,..\2_LP\LOW_Fr_MASTER_result\regen\606329e5f5b5\cy12,regen:cy12/12,1.6524,1.5018,25,1,,614.785,deck
,..\2_LP\LOW_Fr_MASTER_result\regen\60882dc44250\cy01,superseded,,,0,0,,,
b4cbcf41be6dc5eb,..\2_LP\LOW_Fr_MASTER_result\regen\60882dc44250\cy02,superseded,,,0,0,,,deck
b4cbcf41be6dc5eb,..\2_LP\LOW_Fr_MASTER_result\regen\60882dc44250\cy03,superseded,,,0,0,,,deck
b4cbcf41be6dc5eb,..\2_LP\LOW_Fr_MASTER_result\regen\60882dc44250\cy04,superseded,,,0,0,,,deck
b4cbcf41be6dc5eb,..\2_LP\LOW_Fr_MASTER_result\regen\60882dc44250\cy05,superseded,,,0,0,,,deck
b4cbcf41be6dc5eb,..\2_LP\LOW_Fr_MASTER_result\regen\60882dc44250\cy06,superseded,,,0,0,,,deck
b4cbcf41be6dc5eb,..\2_LP\LOW_Fr_MASTER_result\regen\60882dc44250\cy07,superseded,,,0,0,,,deck
b4cbcf41be6dc5eb,..\2_LP\LOW_Fr_MASTER_result\regen\60882dc44250\cy08,superseded,,,0,0,,,deck
b4cbcf41be6dc5eb,..\2_LP\LOW_Fr_MASTER_result\regen\60882dc44250\cy09,superseded,,,0,0,,,deck
b4cbcf41be6dc5eb,..\2_LP\LOW_Fr_MASTER_result\regen\60882dc44250\cy10,superseded,,,0,0,,,deck
b4cbcf41be6dc5eb,..\2_LP\LOW_Fr_MASTER_result\regen\60882dc44250\cy11,superseded,,,0,0,,,deck
b4cbcf41be6dc5eb,..\2_LP\LOW_Fr_MASTER_result\regen\60882dc44250\cy12,regen:cy12/12,1.6208,1.4638,25,1,,619.401,deck
,..\2_LP\LOW_Fr_MASTER_result\regen\60b98a3e8a18\cy01,superseded,,,0,0,,,
9babd38f800c8eba,..\2_LP\LOW_Fr_MASTER_result\regen\60b98a3e8a18\cy02,superseded,,,0,0,,,deck
9babd38f800c8eba,..\2_LP\LOW_Fr_MASTER_result\regen\60b98a3e8a18\cy03,superseded,,,0,0,,,deck
9babd38f800c8eba,..\2_LP\LOW_Fr_MASTER_result\regen\60b98a3e8a18\cy04,superseded,,,0,0,,,deck
9babd38f800c8eba,..\2_LP\LOW_Fr_MASTER_result\regen\60b98a3e8a18\cy05,superseded,,,0,0,,,deck
9babd38f800c8eba,..\2_LP\LOW_Fr_MASTER_result\regen\60b98a3e8a18\cy06,superseded,,,0,0,,,deck
9babd38f800c8eba,..\2_LP\LOW_Fr_MASTER_result\regen\60b98a3e8a18\cy07,superseded,,,0,0,,,deck
9babd38f800c8eba,..\2_LP\LOW_Fr_MASTER_result\regen\60b98a3e8a18\cy08,superseded,,,0,0,,,deck
9babd38f800c8eba,..\2_LP\LOW_Fr_MASTER_result\regen\60b98a3e8a18\cy09,superseded,,,0,0,,,deck
9babd38f800c8eba,..\2_LP\LOW_Fr_MASTER_result\regen\60b98a3e8a18\cy10,superseded,,,0,0,,,deck
9babd38f800c8eba,..\2_LP\LOW_Fr_MASTER_result\regen\60b98a3e8a18\cy11,superseded,,,0,0,,,deck
9babd38f800c8eba,..\2_LP\LOW_Fr_MASTER_result\regen\60b98a3e8a18\cy12,regen:cy12/12,1.6104,1.4776,25,1,,621.517,deck
,..\2_LP\LOW_Fr_MASTER_result\regen\60f492e7bed4\cy01,superseded,,,0,0,,,
01c85c31593c1ec2,..\2_LP\LOW_Fr_MASTER_result\regen\60f492e7bed4\cy02,superseded,,,0,0,,,deck
01c85c31593c1ec2,..\2_LP\LOW_Fr_MASTER_result\regen\60f492e7bed4\cy03,superseded,,,0,0,,,deck
01c85c31593c1ec2,..\2_LP\LOW_Fr_MASTER_result\regen\60f492e7bed4\cy04,superseded,,,0,0,,,deck
01c85c31593c1ec2,..\2_LP\LOW_Fr_MASTER_result\regen\60f492e7bed4\cy05,superseded,,,0,0,,,deck
01c85c31593c1ec2,..\2_LP\LOW_Fr_MASTER_result\regen\60f492e7bed4\cy06,superseded,,,0,0,,,deck
01c85c31593c1ec2,..\2_LP\LOW_Fr_MASTER_result\regen\60f492e7bed4\cy07,superseded,,,0,0,,,deck
01c85c31593c1ec2,..\2_LP\LOW_Fr_MASTER_result\regen\60f492e7bed4\cy08,superseded,,,0,0,,,deck
01c85c31593c1ec2,..\2_LP\LOW_Fr_MASTER_result\regen\60f492e7bed4\cy09,superseded,,,0,0,,,deck
01c85c31593c1ec2,..\2_LP\LOW_Fr_MASTER_result\regen\60f492e7bed4\cy10,superseded,,,0,0,,,deck
01c85c31593c1ec2,..\2_LP\LOW_Fr_MASTER_result\regen\60f492e7bed4\cy11,superseded,,,0,0,,,deck
01c85c31593c1ec2,..\2_LP\LOW_Fr_MASTER_result\regen\60f492e7bed4\cy12,regen:cy12/12,1.7989,1.5975,25,1,,620.909,deck
,..\2_LP\LOW_Fr_MASTER_result\regen\6110ad533263\cy01,superseded,,,0,0,,,
d40287a9c2ce844a,..\2_LP\LOW_Fr_MASTER_result\regen\6110ad533263\cy02,superseded,,,0,0,,,deck
d40287a9c2ce844a,..\2_LP\LOW_Fr_MASTER_result\regen\6110ad533263\cy03,superseded,,,0,0,,,deck
d40287a9c2ce844a,..\2_LP\LOW_Fr_MASTER_result\regen\6110ad533263\cy04,superseded,,,0,0,,,deck
d40287a9c2ce844a,..\2_LP\LOW_Fr_MASTER_result\regen\6110ad533263\cy05,superseded,,,0,0,,,deck
d40287a9c2ce844a,..\2_LP\LOW_Fr_MASTER_result\regen\6110ad533263\cy06,superseded,,,0,0,,,deck
d40287a9c2ce844a,..\2_LP\LOW_Fr_MASTER_result\regen\6110ad533263\cy07,superseded,,,0,0,,,deck
d40287a9c2ce844a,..\2_LP\LOW_Fr_MASTER_result\regen\6110ad533263\cy08,superseded,,,0,0,,,deck
d40287a9c2ce844a,..\2_LP\LOW_Fr_MASTER_result\regen\6110ad533263\cy09,superseded,,,0,0,,,deck
d40287a9c2ce844a,..\2_LP\LOW_Fr_MASTER_result\regen\6110ad533263\cy10,regen:cy10/10,1.5967,1.4503,25,1,,623.518,deck
,..\2_LP\LOW_Fr_MASTER_result\regen\6179589353a9\cy01,superseded,,,0,0,,,
45dc97e8c488f8fd,..\2_LP\LOW_Fr_MASTER_result\regen\6179589353a9\cy02,superseded,,,0,0,,,deck
45dc97e8c488f8fd,..\2_LP\LOW_Fr_MASTER_result\regen\6179589353a9\cy03,superseded,,,0,0,,,deck
45dc97e8c488f8fd,..\2_LP\LOW_Fr_MASTER_result\regen\6179589353a9\cy04,superseded,,,0,0,,,deck
45dc97e8c488f8fd,..\2_LP\LOW_Fr_MASTER_result\regen\6179589353a9\cy05,superseded,,,0,0,,,deck
45dc97e8c488f8fd,..\2_LP\LOW_Fr_MASTER_result\regen\6179589353a9\cy06,superseded,,,0,0,,,deck
45dc97e8c488f8fd,..\2_LP\LOW_Fr_MASTER_result\regen\6179589353a9\cy07,superseded,,,0,0,,,deck
45dc97e8c488f8fd,..\2_LP\LOW_Fr_MASTER_result\regen\6179589353a9\cy08,superseded,,,0,0,,,deck
45dc97e8c488f8fd,..\2_LP\LOW_Fr_MASTER_result\regen\6179589353a9\cy09,superseded,,,0,0,,,deck
45dc97e8c488f8fd,..\2_LP\LOW_Fr_MASTER_result\regen\6179589353a9\cy10,superseded,,,0,0,,,deck
45dc97e8c488f8fd,..\2_LP\LOW_Fr_MASTER_result\regen\6179589353a9\cy11,regen:cy11/11,1.791,1.6372,25,1,,612.661,deck
,..\2_LP\LOW_Fr_MASTER_result\regen\61f802d6d750\cy01,superseded,,,0,0,,,
2b5775b91c2588c0,..\2_LP\LOW_Fr_MASTER_result\regen\61f802d6d750\cy02,superseded,,,0,0,,,deck
2b5775b91c2588c0,..\2_LP\LOW_Fr_MASTER_result\regen\61f802d6d750\cy03,superseded,,,0,0,,,deck
2b5775b91c2588c0,..\2_LP\LOW_Fr_MASTER_result\regen\61f802d6d750\cy04,superseded,,,0,0,,,deck
2b5775b91c2588c0,..\2_LP\LOW_Fr_MASTER_result\regen\61f802d6d750\cy05,superseded,,,0,0,,,deck
2b5775b91c2588c0,..\2_LP\LOW_Fr_MASTER_result\regen\61f802d6d750\cy06,superseded,,,0,0,,,deck
2b5775b91c2588c0,..\2_LP\LOW_Fr_MASTER_result\regen\61f802d6d750\cy07,superseded,,,0,0,,,deck
2b5775b91c2588c0,..\2_LP\LOW_Fr_MASTER_result\regen\61f802d6d750\cy08,superseded,,,0,0,,,deck
2b5775b91c2588c0,..\2_LP\LOW_Fr_MASTER_result\regen\61f802d6d750\cy09,superseded,,,0,0,,,deck
2b5775b91c2588c0,..\2_LP\LOW_Fr_MASTER_result\regen\61f802d6d750\cy10,superseded,,,0,0,,,deck
2b5775b91c2588c0,..\2_LP\LOW_Fr_MASTER_result\regen\61f802d6d750\cy11,regen:cy11/11,1.81,1.6151,25,1,,622.232,deck
,..\2_LP\LOW_Fr_MASTER_result\regen\629c91cfb01e\cy01,superseded,,,0,0,,,
e2d9ab8ada15a4ce,..\2_LP\LOW_Fr_MASTER_result\regen\629c91cfb01e\cy02,superseded,,,0,0,,,deck
e2d9ab8ada15a4ce,..\2_LP\LOW_Fr_MASTER_result\regen\629c91cfb01e\cy03,superseded,,,0,0,,,deck
e2d9ab8ada15a4ce,..\2_LP\LOW_Fr_MASTER_result\regen\629c91cfb01e\cy04,superseded,,,0,0,,,deck
e2d9ab8ada15a4ce,..\2_LP\LOW_Fr_MASTER_result\regen\629c91cfb01e\cy05,superseded,,,0,0,,,deck
e2d9ab8ada15a4ce,..\2_LP\LOW_Fr_MASTER_result\regen\629c91cfb01e\cy06,superseded,,,0,0,,,deck
e2d9ab8ada15a4ce,..\2_LP\LOW_Fr_MASTER_result\regen\629c91cfb01e\cy07,superseded,,,0,0,,,deck
e2d9ab8ada15a4ce,..\2_LP\LOW_Fr_MASTER_result\regen\629c91cfb01e\cy08,superseded,,,0,0,,,deck
e2d9ab8ada15a4ce,..\2_LP\LOW_Fr_MASTER_result\regen\629c91cfb01e\cy09,superseded,,,0,0,,,deck
e2d9ab8ada15a4ce,..\2_LP\LOW_Fr_MASTER_result\regen\629c91cfb01e\cy10,superseded,,,0,0,,,deck
e2d9ab8ada15a4ce,..\2_LP\LOW_Fr_MASTER_result\regen\629c91cfb01e\cy11,superseded,,,0,0,,,deck
e2d9ab8ada15a4ce,..\2_LP\LOW_Fr_MASTER_result\regen\629c91cfb01e\cy12,regen:cy12/12,1.7037,1.5032,25,1,,620.311,deck
,..\2_LP\LOW_Fr_MASTER_result\regen\62a20785cba6\cy01,superseded,,,0,0,,,
ddb8140e503da51f,..\2_LP\LOW_Fr_MASTER_result\regen\62a20785cba6\cy02,superseded,,,0,0,,,deck
ddb8140e503da51f,..\2_LP\LOW_Fr_MASTER_result\regen\62a20785cba6\cy03,superseded,,,0,0,,,deck
ddb8140e503da51f,..\2_LP\LOW_Fr_MASTER_result\regen\62a20785cba6\cy04,superseded,,,0,0,,,deck
ddb8140e503da51f,..\2_LP\LOW_Fr_MASTER_result\regen\62a20785cba6\cy05,superseded,,,0,0,,,deck
ddb8140e503da51f,..\2_LP\LOW_Fr_MASTER_result\regen\62a20785cba6\cy06,superseded,,,0,0,,,deck
ddb8140e503da51f,..\2_LP\LOW_Fr_MASTER_result\regen\62a20785cba6\cy07,superseded,,,0,0,,,deck
ddb8140e503da51f,..\2_LP\LOW_Fr_MASTER_result\regen\62a20785cba6\cy08,superseded,,,0,0,,,deck
ddb8140e503da51f,..\2_LP\LOW_Fr_MASTER_result\regen\62a20785cba6\cy09,superseded,,,0,0,,,deck
ddb8140e503da51f,..\2_LP\LOW_Fr_MASTER_result\regen\62a20785cba6\cy10,superseded,,,0,0,,,deck
ddb8140e503da51f,..\2_LP\LOW_Fr_MASTER_result\regen\62a20785cba6\cy11,superseded,,,0,0,,,deck
ddb8140e503da51f,..\2_LP\LOW_Fr_MASTER_result\regen\62a20785cba6\cy12,regen:cy12/12,1.6829,1.494,25,1,,621.483,deck
,..\2_LP\LOW_Fr_MASTER_result\regen\63594888ce43\cy01,superseded,,,0,0,,,
1e10dc61ba2d2d46,..\2_LP\LOW_Fr_MASTER_result\regen\63594888ce43\cy02,superseded,,,0,0,,,deck
1e10dc61ba2d2d46,..\2_LP\LOW_Fr_MASTER_result\regen\63594888ce43\cy03,superseded,,,0,0,,,deck
1e10dc61ba2d2d46,..\2_LP\LOW_Fr_MASTER_result\regen\63594888ce43\cy04,superseded,,,0,0,,,deck
1e10dc61ba2d2d46,..\2_LP\LOW_Fr_MASTER_result\regen\63594888ce43\cy05,superseded,,,0,0,,,deck
1e10dc61ba2d2d46,..\2_LP\LOW_Fr_MASTER_result\regen\63594888ce43\cy06,superseded,,,0,0,,,deck
1e10dc61ba2d2d46,..\2_LP\LOW_Fr_MASTER_result\regen\63594888ce43\cy07,superseded,,,0,0,,,deck
1e10dc61ba2d2d46,..\2_LP\LOW_Fr_MASTER_result\regen\63594888ce43\cy08,superseded,,,0,0,,,deck
1e10dc61ba2d2d46,..\2_LP\LOW_Fr_MASTER_result\regen\63594888ce43\cy09,superseded,,,0,0,,,deck
1e10dc61ba2d2d46,..\2_LP\LOW_Fr_MASTER_result\regen\63594888ce43\cy10,superseded,,,0,0,,,deck
1e10dc61ba2d2d46,..\2_LP\LOW_Fr_MASTER_result\regen\63594888ce43\cy11,superseded,,,0,0,,,deck
1e10dc61ba2d2d46,..\2_LP\LOW_Fr_MASTER_result\regen\63594888ce43\cy12,regen:cy12/12,1.6986,1.5417,25,1,,613.812,deck
,..\2_LP\LOW_Fr_MASTER_result\regen\63d5825cedb3\cy01,superseded,,,0,0,,,
5da180bd4f4b9ba9,..\2_LP\LOW_Fr_MASTER_result\regen\63d5825cedb3\cy02,superseded,,,0,0,,,deck
5da180bd4f4b9ba9,..\2_LP\LOW_Fr_MASTER_result\regen\63d5825cedb3\cy03,superseded,,,0,0,,,deck
5da180bd4f4b9ba9,..\2_LP\LOW_Fr_MASTER_result\regen\63d5825cedb3\cy04,superseded,,,0,0,,,deck
5da180bd4f4b9ba9,..\2_LP\LOW_Fr_MASTER_result\regen\63d5825cedb3\cy05,superseded,,,0,0,,,deck
5da180bd4f4b9ba9,..\2_LP\LOW_Fr_MASTER_result\regen\63d5825cedb3\cy06,superseded,,,0,0,,,deck
5da180bd4f4b9ba9,..\2_LP\LOW_Fr_MASTER_result\regen\63d5825cedb3\cy07,superseded,,,0,0,,,deck
5da180bd4f4b9ba9,..\2_LP\LOW_Fr_MASTER_result\regen\63d5825cedb3\cy08,superseded,,,0,0,,,deck
5da180bd4f4b9ba9,..\2_LP\LOW_Fr_MASTER_result\regen\63d5825cedb3\cy09,superseded,,,0,0,,,deck
5da180bd4f4b9ba9,..\2_LP\LOW_Fr_MASTER_result\regen\63d5825cedb3\cy10,superseded,,,0,0,,,deck
5da180bd4f4b9ba9,..\2_LP\LOW_Fr_MASTER_result\regen\63d5825cedb3\cy11,superseded,,,0,0,,,deck
5da180bd4f4b9ba9,..\2_LP\LOW_Fr_MASTER_result\regen\63d5825cedb3\cy12,regen:cy12/12,1.5821,1.4527,25,1,,621.585,deck
,..\2_LP\LOW_Fr_MASTER_result\regen\646a50de12f9\cy01,superseded,,,0,0,,,
eb15aea73c27fb3c,..\2_LP\LOW_Fr_MASTER_result\regen\646a50de12f9\cy02,superseded,,,0,0,,,deck
eb15aea73c27fb3c,..\2_LP\LOW_Fr_MASTER_result\regen\646a50de12f9\cy03,superseded,,,0,0,,,deck
eb15aea73c27fb3c,..\2_LP\LOW_Fr_MASTER_result\regen\646a50de12f9\cy04,superseded,,,0,0,,,deck
eb15aea73c27fb3c,..\2_LP\LOW_Fr_MASTER_result\regen\646a50de12f9\cy05,superseded,,,0,0,,,deck
eb15aea73c27fb3c,..\2_LP\LOW_Fr_MASTER_result\regen\646a50de12f9\cy06,superseded,,,0,0,,,deck
eb15aea73c27fb3c,..\2_LP\LOW_Fr_MASTER_result\regen\646a50de12f9\cy07,superseded,,,0,0,,,deck
eb15aea73c27fb3c,..\2_LP\LOW_Fr_MASTER_result\regen\646a50de12f9\cy08,superseded,,,0,0,,,deck
eb15aea73c27fb3c,..\2_LP\LOW_Fr_MASTER_result\regen\646a50de12f9\cy09,superseded,,,0,0,,,deck
eb15aea73c27fb3c,..\2_LP\LOW_Fr_MASTER_result\regen\646a50de12f9\cy10,superseded,,,0,0,,,deck
eb15aea73c27fb3c,..\2_LP\LOW_Fr_MASTER_result\regen\646a50de12f9\cy11,superseded,,,0,0,,,deck
eb15aea73c27fb3c,..\2_LP\LOW_Fr_MASTER_result\regen\646a50de12f9\cy12,regen:cy12/12,1.61,1.4581,25,1,,623.373,deck
,..\2_LP\LOW_Fr_MASTER_result\regen\65029badfe5b\cy01,superseded,,,0,0,,,
26c26965fc2ae002,..\2_LP\LOW_Fr_MASTER_result\regen\65029badfe5b\cy02,superseded,,,0,0,,,deck
26c26965fc2ae002,..\2_LP\LOW_Fr_MASTER_result\regen\65029badfe5b\cy03,superseded,,,0,0,,,deck
26c26965fc2ae002,..\2_LP\LOW_Fr_MASTER_result\regen\65029badfe5b\cy04,superseded,,,0,0,,,deck
26c26965fc2ae002,..\2_LP\LOW_Fr_MASTER_result\regen\65029badfe5b\cy05,superseded,,,0,0,,,deck
26c26965fc2ae002,..\2_LP\LOW_Fr_MASTER_result\regen\65029badfe5b\cy06,superseded,,,0,0,,,deck
26c26965fc2ae002,..\2_LP\LOW_Fr_MASTER_result\regen\65029badfe5b\cy07,superseded,,,0,0,,,deck
26c26965fc2ae002,..\2_LP\LOW_Fr_MASTER_result\regen\65029badfe5b\cy08,superseded,,,0,0,,,deck
26c26965fc2ae002,..\2_LP\LOW_Fr_MASTER_result\regen\65029badfe5b\cy09,superseded,,,0,0,,,deck
26c26965fc2ae002,..\2_LP\LOW_Fr_MASTER_result\regen\65029badfe5b\cy10,superseded,,,0,0,,,deck
26c26965fc2ae002,..\2_LP\LOW_Fr_MASTER_result\regen\65029badfe5b\cy11,superseded,,,0,0,,,deck
26c26965fc2ae002,..\2_LP\LOW_Fr_MASTER_result\regen\65029badfe5b\cy12,regen:cy12/12,1.6642,1.5382,25,1,,624.311,deck
,..\2_LP\LOW_Fr_MASTER_result\regen\655bb3845b5a\cy01,superseded,,,0,0,,,
9872a67bd4eb8552,..\2_LP\LOW_Fr_MASTER_result\regen\655bb3845b5a\cy02,superseded,,,0,0,,,deck
9872a67bd4eb8552,..\2_LP\LOW_Fr_MASTER_result\regen\655bb3845b5a\cy03,superseded,,,0,0,,,deck
9872a67bd4eb8552,..\2_LP\LOW_Fr_MASTER_result\regen\655bb3845b5a\cy04,superseded,,,0,0,,,deck
9872a67bd4eb8552,..\2_LP\LOW_Fr_MASTER_result\regen\655bb3845b5a\cy05,superseded,,,0,0,,,deck
9872a67bd4eb8552,..\2_LP\LOW_Fr_MASTER_result\regen\655bb3845b5a\cy06,superseded,,,0,0,,,deck
9872a67bd4eb8552,..\2_LP\LOW_Fr_MASTER_result\regen\655bb3845b5a\cy07,superseded,,,0,0,,,deck
9872a67bd4eb8552,..\2_LP\LOW_Fr_MASTER_result\regen\655bb3845b5a\cy08,superseded,,,0,0,,,deck
9872a67bd4eb8552,..\2_LP\LOW_Fr_MASTER_result\regen\655bb3845b5a\cy09,superseded,,,0,0,,,deck
9872a67bd4eb8552,..\2_LP\LOW_Fr_MASTER_result\regen\655bb3845b5a\cy10,superseded,,,0,0,,,deck
9872a67bd4eb8552,..\2_LP\LOW_Fr_MASTER_result\regen\655bb3845b5a\cy11,superseded,,,0,0,,,deck
9872a67bd4eb8552,..\2_LP\LOW_Fr_MASTER_result\regen\655bb3845b5a\cy12,regen:cy12/12,1.644,1.4595,25,1,,620.543,deck
,..\2_LP\LOW_Fr_MASTER_result\regen\656fe2261972\cy01,superseded,,,0,0,,,
72fc230d4056dec5,..\2_LP\LOW_Fr_MASTER_result\regen\656fe2261972\cy02,superseded,,,0,0,,,deck
72fc230d4056dec5,..\2_LP\LOW_Fr_MASTER_result\regen\656fe2261972\cy03,superseded,,,0,0,,,deck
72fc230d4056dec5,..\2_LP\LOW_Fr_MASTER_result\regen\656fe2261972\cy04,superseded,,,0,0,,,deck
72fc230d4056dec5,..\2_LP\LOW_Fr_MASTER_result\regen\656fe2261972\cy05,superseded,,,0,0,,,deck
72fc230d4056dec5,..\2_LP\LOW_Fr_MASTER_result\regen\656fe2261972\cy06,superseded,,,0,0,,,deck
72fc230d4056dec5,..\2_LP\LOW_Fr_MASTER_result\regen\656fe2261972\cy07,superseded,,,0,0,,,deck
72fc230d4056dec5,..\2_LP\LOW_Fr_MASTER_result\regen\656fe2261972\cy08,superseded,,,0,0,,,deck
72fc230d4056dec5,..\2_LP\LOW_Fr_MASTER_result\regen\656fe2261972\cy09,superseded,,,0,0,,,deck
72fc230d4056dec5,..\2_LP\LOW_Fr_MASTER_result\regen\656fe2261972\cy10,superseded,,,0,0,,,deck
72fc230d4056dec5,..\2_LP\LOW_Fr_MASTER_result\regen\656fe2261972\cy11,superseded,,,0,0,,,deck
72fc230d4056dec5,..\2_LP\LOW_Fr_MASTER_result\regen\656fe2261972\cy12,regen:cy12/12,1.6609,1.4865,25,1,,616.081,deck
,..\2_LP\LOW_Fr_MASTER_result\regen\65b7ccb35822\cy01,superseded,,,0,0,,,
cf4a38d13f248d98,..\2_LP\LOW_Fr_MASTER_result\regen\65b7ccb35822\cy02,superseded,,,0,0,,,deck
cf4a38d13f248d98,..\2_LP\LOW_Fr_MASTER_result\regen\65b7ccb35822\cy03,superseded,,,0,0,,,deck
cf4a38d13f248d98,..\2_LP\LOW_Fr_MASTER_result\regen\65b7ccb35822\cy04,superseded,,,0,0,,,deck
cf4a38d13f248d98,..\2_LP\LOW_Fr_MASTER_result\regen\65b7ccb35822\cy05,superseded,,,0,0,,,deck
cf4a38d13f248d98,..\2_LP\LOW_Fr_MASTER_result\regen\65b7ccb35822\cy06,superseded,,,0,0,,,deck
cf4a38d13f248d98,..\2_LP\LOW_Fr_MASTER_result\regen\65b7ccb35822\cy07,superseded,,,0,0,,,deck
cf4a38d13f248d98,..\2_LP\LOW_Fr_MASTER_result\regen\65b7ccb35822\cy08,superseded,,,0,0,,,deck
cf4a38d13f248d98,..\2_LP\LOW_Fr_MASTER_result\regen\65b7ccb35822\cy09,superseded,,,0,0,,,deck
cf4a38d13f248d98,..\2_LP\LOW_Fr_MASTER_result\regen\65b7ccb35822\cy10,superseded,,,0,0,,,deck
cf4a38d13f248d98,..\2_LP\LOW_Fr_MASTER_result\regen\65b7ccb35822\cy11,regen:cy11/11,1.6635,1.5342,25,1,,621.893,deck
,..\2_LP\LOW_Fr_MASTER_result\regen\6647d085c532\cy01,superseded,,,0,0,,,
aade3e0cff8e3e92,..\2_LP\LOW_Fr_MASTER_result\regen\6647d085c532\cy02,superseded,,,0,0,,,deck
aade3e0cff8e3e92,..\2_LP\LOW_Fr_MASTER_result\regen\6647d085c532\cy03,superseded,,,0,0,,,deck
aade3e0cff8e3e92,..\2_LP\LOW_Fr_MASTER_result\regen\6647d085c532\cy04,superseded,,,0,0,,,deck
aade3e0cff8e3e92,..\2_LP\LOW_Fr_MASTER_result\regen\6647d085c532\cy05,superseded,,,0,0,,,deck
aade3e0cff8e3e92,..\2_LP\LOW_Fr_MASTER_result\regen\6647d085c532\cy06,superseded,,,0,0,,,deck
aade3e0cff8e3e92,..\2_LP\LOW_Fr_MASTER_result\regen\6647d085c532\cy07,superseded,,,0,0,,,deck
aade3e0cff8e3e92,..\2_LP\LOW_Fr_MASTER_result\regen\6647d085c532\cy08,superseded,,,0,0,,,deck
aade3e0cff8e3e92,..\2_LP\LOW_Fr_MASTER_result\regen\6647d085c532\cy09,superseded,,,0,0,,,deck
aade3e0cff8e3e92,..\2_LP\LOW_Fr_MASTER_result\regen\6647d085c532\cy10,superseded,,,0,0,,,deck
aade3e0cff8e3e92,..\2_LP\LOW_Fr_MASTER_result\regen\6647d085c532\cy11,superseded,,,0,0,,,deck
aade3e0cff8e3e92,..\2_LP\LOW_Fr_MASTER_result\regen\6647d085c532\cy12,regen:cy12/12,1.7101,1.5297,25,1,,620.194,deck
,..\2_LP\LOW_Fr_MASTER_result\regen\6651521a5b67\cy01,superseded,,,0,0,,,
913bca645b184cae,..\2_LP\LOW_Fr_MASTER_result\regen\6651521a5b67\cy02,superseded,,,0,0,,,deck
913bca645b184cae,..\2_LP\LOW_Fr_MASTER_result\regen\6651521a5b67\cy03,superseded,,,0,0,,,deck
913bca645b184cae,..\2_LP\LOW_Fr_MASTER_result\regen\6651521a5b67\cy04,superseded,,,0,0,,,deck
913bca645b184cae,..\2_LP\LOW_Fr_MASTER_result\regen\6651521a5b67\cy05,superseded,,,0,0,,,deck
913bca645b184cae,..\2_LP\LOW_Fr_MASTER_result\regen\6651521a5b67\cy06,superseded,,,0,0,,,deck
913bca645b184cae,..\2_LP\LOW_Fr_MASTER_result\regen\6651521a5b67\cy07,superseded,,,0,0,,,deck
913bca645b184cae,..\2_LP\LOW_Fr_MASTER_result\regen\6651521a5b67\cy08,superseded,,,0,0,,,deck
913bca645b184cae,..\2_LP\LOW_Fr_MASTER_result\regen\6651521a5b67\cy09,superseded,,,0,0,,,deck
913bca645b184cae,..\2_LP\LOW_Fr_MASTER_result\regen\6651521a5b67\cy10,superseded,,,0,0,,,deck
913bca645b184cae,..\2_LP\LOW_Fr_MASTER_result\regen\6651521a5b67\cy11,superseded,,,0,0,,,deck
913bca645b184cae,..\2_LP\LOW_Fr_MASTER_result\regen\6651521a5b67\cy12,regen:cy12/12,1.6033,1.46,25,1,,623.435,deck
,..\2_LP\LOW_Fr_MASTER_result\regen\6657890d7568\cy01,superseded,,,0,0,,,
057e9686ca8af6fa,..\2_LP\LOW_Fr_MASTER_result\regen\6657890d7568\cy02,superseded,,,0,0,,,deck
057e9686ca8af6fa,..\2_LP\LOW_Fr_MASTER_result\regen\6657890d7568\cy03,superseded,,,0,0,,,deck
057e9686ca8af6fa,..\2_LP\LOW_Fr_MASTER_result\regen\6657890d7568\cy04,superseded,,,0,0,,,deck
057e9686ca8af6fa,..\2_LP\LOW_Fr_MASTER_result\regen\6657890d7568\cy05,superseded,,,0,0,,,deck
057e9686ca8af6fa,..\2_LP\LOW_Fr_MASTER_result\regen\6657890d7568\cy06,superseded,,,0,0,,,deck
057e9686ca8af6fa,..\2_LP\LOW_Fr_MASTER_result\regen\6657890d7568\cy07,superseded,,,0,0,,,deck
057e9686ca8af6fa,..\2_LP\LOW_Fr_MASTER_result\regen\6657890d7568\cy08,superseded,,,0,0,,,deck
057e9686ca8af6fa,..\2_LP\LOW_Fr_MASTER_result\regen\6657890d7568\cy09,superseded,,,0,0,,,deck
057e9686ca8af6fa,..\2_LP\LOW_Fr_MASTER_result\regen\6657890d7568\cy10,superseded,,,0,0,,,deck
057e9686ca8af6fa,..\2_LP\LOW_Fr_MASTER_result\regen\6657890d7568\cy11,superseded,,,0,0,,,deck
057e9686ca8af6fa,..\2_LP\LOW_Fr_MASTER_result\regen\6657890d7568\cy12,regen:cy12/12,1.7724,1.5713,25,1,,623.547,deck
,..\2_LP\LOW_Fr_MASTER_result\regen\668a6962cfdf\cy01,superseded,,,0,0,,,
bed7ceb31791679c,..\2_LP\LOW_Fr_MASTER_result\regen\668a6962cfdf\cy02,superseded,,,0,0,,,deck
bed7ceb31791679c,..\2_LP\LOW_Fr_MASTER_result\regen\668a6962cfdf\cy03,superseded,,,0,0,,,deck
bed7ceb31791679c,..\2_LP\LOW_Fr_MASTER_result\regen\668a6962cfdf\cy04,superseded,,,0,0,,,deck
bed7ceb31791679c,..\2_LP\LOW_Fr_MASTER_result\regen\668a6962cfdf\cy05,superseded,,,0,0,,,deck
bed7ceb31791679c,..\2_LP\LOW_Fr_MASTER_result\regen\668a6962cfdf\cy06,superseded,,,0,0,,,deck
bed7ceb31791679c,..\2_LP\LOW_Fr_MASTER_result\regen\668a6962cfdf\cy07,superseded,,,0,0,,,deck
bed7ceb31791679c,..\2_LP\LOW_Fr_MASTER_result\regen\668a6962cfdf\cy08,superseded,,,0,0,,,deck
bed7ceb31791679c,..\2_LP\LOW_Fr_MASTER_result\regen\668a6962cfdf\cy09,superseded,,,0,0,,,deck
bed7ceb31791679c,..\2_LP\LOW_Fr_MASTER_result\regen\668a6962cfdf\cy10,superseded,,,0,0,,,deck
bed7ceb31791679c,..\2_LP\LOW_Fr_MASTER_result\regen\668a6962cfdf\cy11,superseded,,,0,0,,,deck
bed7ceb31791679c,..\2_LP\LOW_Fr_MASTER_result\regen\668a6962cfdf\cy12,regen:cy12/12,1.733,1.5203,25,1,,615.011,deck
,..\2_LP\LOW_Fr_MASTER_result\regen\668d58c2fedc\cy01,superseded,,,0,0,,,
6f688d3b623a2f11,..\2_LP\LOW_Fr_MASTER_result\regen\668d58c2fedc\cy02,superseded,,,0,0,,,deck
6f688d3b623a2f11,..\2_LP\LOW_Fr_MASTER_result\regen\668d58c2fedc\cy03,superseded,,,0,0,,,deck
6f688d3b623a2f11,..\2_LP\LOW_Fr_MASTER_result\regen\668d58c2fedc\cy04,superseded,,,0,0,,,deck
6f688d3b623a2f11,..\2_LP\LOW_Fr_MASTER_result\regen\668d58c2fedc\cy05,superseded,,,0,0,,,deck
6f688d3b623a2f11,..\2_LP\LOW_Fr_MASTER_result\regen\668d58c2fedc\cy06,superseded,,,0,0,,,deck
6f688d3b623a2f11,..\2_LP\LOW_Fr_MASTER_result\regen\668d58c2fedc\cy07,superseded,,,0,0,,,deck
6f688d3b623a2f11,..\2_LP\LOW_Fr_MASTER_result\regen\668d58c2fedc\cy08,superseded,,,0,0,,,deck
6f688d3b623a2f11,..\2_LP\LOW_Fr_MASTER_result\regen\668d58c2fedc\cy09,superseded,,,0,0,,,deck
6f688d3b623a2f11,..\2_LP\LOW_Fr_MASTER_result\regen\668d58c2fedc\cy10,superseded,,,0,0,,,deck
6f688d3b623a2f11,..\2_LP\LOW_Fr_MASTER_result\regen\668d58c2fedc\cy11,superseded,,,0,0,,,deck
6f688d3b623a2f11,..\2_LP\LOW_Fr_MASTER_result\regen\668d58c2fedc\cy12,regen:cy12/12,1.6107,1.4568,25,1,,622.088,deck
,..\2_LP\LOW_Fr_MASTER_result\regen\66dccd295106\cy01,superseded,,,0,0,,,
d8dfa19982ce301c,..\2_LP\LOW_Fr_MASTER_result\regen\66dccd295106\cy02,superseded,,,0,0,,,deck
d8dfa19982ce301c,..\2_LP\LOW_Fr_MASTER_result\regen\66dccd295106\cy03,superseded,,,0,0,,,deck
d8dfa19982ce301c,..\2_LP\LOW_Fr_MASTER_result\regen\66dccd295106\cy04,superseded,,,0,0,,,deck
d8dfa19982ce301c,..\2_LP\LOW_Fr_MASTER_result\regen\66dccd295106\cy05,superseded,,,0,0,,,deck
d8dfa19982ce301c,..\2_LP\LOW_Fr_MASTER_result\regen\66dccd295106\cy06,superseded,,,0,0,,,deck
d8dfa19982ce301c,..\2_LP\LOW_Fr_MASTER_result\regen\66dccd295106\cy07,superseded,,,0,0,,,deck
d8dfa19982ce301c,..\2_LP\LOW_Fr_MASTER_result\regen\66dccd295106\cy08,superseded,,,0,0,,,deck
d8dfa19982ce301c,..\2_LP\LOW_Fr_MASTER_result\regen\66dccd295106\cy09,superseded,,,0,0,,,deck
d8dfa19982ce301c,..\2_LP\LOW_Fr_MASTER_result\regen\66dccd295106\cy10,superseded,,,0,0,,,deck
d8dfa19982ce301c,..\2_LP\LOW_Fr_MASTER_result\regen\66dccd295106\cy11,regen:cy11/11,1.7296,1.5244,25,1,,618.644,deck
,..\2_LP\LOW_Fr_MASTER_result\regen\6726db8b1308\cy01,superseded,,,0,0,,,
bfbeae03df899b19,..\2_LP\LOW_Fr_MASTER_result\regen\6726db8b1308\cy02,superseded,,,0,0,,,deck
bfbeae03df899b19,..\2_LP\LOW_Fr_MASTER_result\regen\6726db8b1308\cy03,superseded,,,0,0,,,deck
bfbeae03df899b19,..\2_LP\LOW_Fr_MASTER_result\regen\6726db8b1308\cy04,superseded,,,0,0,,,deck
bfbeae03df899b19,..\2_LP\LOW_Fr_MASTER_result\regen\6726db8b1308\cy05,superseded,,,0,0,,,deck
bfbeae03df899b19,..\2_LP\LOW_Fr_MASTER_result\regen\6726db8b1308\cy06,superseded,,,0,0,,,deck
bfbeae03df899b19,..\2_LP\LOW_Fr_MASTER_result\regen\6726db8b1308\cy07,superseded,,,0,0,,,deck
bfbeae03df899b19,..\2_LP\LOW_Fr_MASTER_result\regen\6726db8b1308\cy08,superseded,,,0,0,,,deck
bfbeae03df899b19,..\2_LP\LOW_Fr_MASTER_result\regen\6726db8b1308\cy09,superseded,,,0,0,,,deck
bfbeae03df899b19,..\2_LP\LOW_Fr_MASTER_result\regen\6726db8b1308\cy10,superseded,,,0,0,,,deck
bfbeae03df899b19,..\2_LP\LOW_Fr_MASTER_result\regen\6726db8b1308\cy11,superseded,,,0,0,,,deck
bfbeae03df899b19,..\2_LP\LOW_Fr_MASTER_result\regen\6726db8b1308\cy12,regen:cy12/12,1.7405,1.5182,25,1,,618.477,deck
,..\2_LP\LOW_Fr_MASTER_result\regen\67abed8cb52a\cy01,superseded,,,0,0,,,
b01a20497d495443,..\2_LP\LOW_Fr_MASTER_result\regen\67abed8cb52a\cy02,superseded,,,0,0,,,deck
b01a20497d495443,..\2_LP\LOW_Fr_MASTER_result\regen\67abed8cb52a\cy03,superseded,,,0,0,,,deck
b01a20497d495443,..\2_LP\LOW_Fr_MASTER_result\regen\67abed8cb52a\cy04,superseded,,,0,0,,,deck
b01a20497d495443,..\2_LP\LOW_Fr_MASTER_result\regen\67abed8cb52a\cy05,superseded,,,0,0,,,deck
b01a20497d495443,..\2_LP\LOW_Fr_MASTER_result\regen\67abed8cb52a\cy06,superseded,,,0,0,,,deck
b01a20497d495443,..\2_LP\LOW_Fr_MASTER_result\regen\67abed8cb52a\cy07,superseded,,,0,0,,,deck
b01a20497d495443,..\2_LP\LOW_Fr_MASTER_result\regen\67abed8cb52a\cy08,superseded,,,0,0,,,deck
b01a20497d495443,..\2_LP\LOW_Fr_MASTER_result\regen\67abed8cb52a\cy09,superseded,,,0,0,,,deck
b01a20497d495443,..\2_LP\LOW_Fr_MASTER_result\regen\67abed8cb52a\cy10,superseded,,,0,0,,,deck
b01a20497d495443,..\2_LP\LOW_Fr_MASTER_result\regen\67abed8cb52a\cy11,superseded,,,0,0,,,deck
b01a20497d495443,..\2_LP\LOW_Fr_MASTER_result\regen\67abed8cb52a\cy12,regen:cy12/12,1.7007,1.5435,25,1,,614.241,deck
,..\2_LP\LOW_Fr_MASTER_result\regen\68451a6b63c2\cy01,superseded,,,0,0,,,
6cc22e4140d3aa94,..\2_LP\LOW_Fr_MASTER_result\regen\68451a6b63c2\cy02,superseded,,,0,0,,,deck
6cc22e4140d3aa94,..\2_LP\LOW_Fr_MASTER_result\regen\68451a6b63c2\cy03,superseded,,,0,0,,,deck
6cc22e4140d3aa94,..\2_LP\LOW_Fr_MASTER_result\regen\68451a6b63c2\cy04,superseded,,,0,0,,,deck
6cc22e4140d3aa94,..\2_LP\LOW_Fr_MASTER_result\regen\68451a6b63c2\cy05,superseded,,,0,0,,,deck
6cc22e4140d3aa94,..\2_LP\LOW_Fr_MASTER_result\regen\68451a6b63c2\cy06,superseded,,,0,0,,,deck
6cc22e4140d3aa94,..\2_LP\LOW_Fr_MASTER_result\regen\68451a6b63c2\cy07,superseded,,,0,0,,,deck
6cc22e4140d3aa94,..\2_LP\LOW_Fr_MASTER_result\regen\68451a6b63c2\cy08,superseded,,,0,0,,,deck
6cc22e4140d3aa94,..\2_LP\LOW_Fr_MASTER_result\regen\68451a6b63c2\cy09,superseded,,,0,0,,,deck
6cc22e4140d3aa94,..\2_LP\LOW_Fr_MASTER_result\regen\68451a6b63c2\cy10,superseded,,,0,0,,,deck
6cc22e4140d3aa94,..\2_LP\LOW_Fr_MASTER_result\regen\68451a6b63c2\cy11,superseded,,,0,0,,,deck
6cc22e4140d3aa94,..\2_LP\LOW_Fr_MASTER_result\regen\68451a6b63c2\cy12,regen:cy12/12,1.6076,1.4688,25,1,,619.594,deck
,..\2_LP\LOW_Fr_MASTER_result\regen\6943e7e5524b\cy01,superseded,,,0,0,,,
dc47f0a074ccb90d,..\2_LP\LOW_Fr_MASTER_result\regen\6943e7e5524b\cy02,superseded,,,0,0,,,deck
dc47f0a074ccb90d,..\2_LP\LOW_Fr_MASTER_result\regen\6943e7e5524b\cy03,superseded,,,0,0,,,deck
dc47f0a074ccb90d,..\2_LP\LOW_Fr_MASTER_result\regen\6943e7e5524b\cy04,superseded,,,0,0,,,deck
dc47f0a074ccb90d,..\2_LP\LOW_Fr_MASTER_result\regen\6943e7e5524b\cy05,superseded,,,0,0,,,deck
dc47f0a074ccb90d,..\2_LP\LOW_Fr_MASTER_result\regen\6943e7e5524b\cy06,superseded,,,0,0,,,deck
dc47f0a074ccb90d,..\2_LP\LOW_Fr_MASTER_result\regen\6943e7e5524b\cy07,superseded,,,0,0,,,deck
dc47f0a074ccb90d,..\2_LP\LOW_Fr_MASTER_result\regen\6943e7e5524b\cy08,superseded,,,0,0,,,deck
dc47f0a074ccb90d,..\2_LP\LOW_Fr_MASTER_result\regen\6943e7e5524b\cy09,superseded,,,0,0,,,deck
dc47f0a074ccb90d,..\2_LP\LOW_Fr_MASTER_result\regen\6943e7e5524b\cy10,superseded,,,0,0,,,deck
dc47f0a074ccb90d,..\2_LP\LOW_Fr_MASTER_result\regen\6943e7e5524b\cy11,superseded,,,0,0,,,deck
dc47f0a074ccb90d,..\2_LP\LOW_Fr_MASTER_result\regen\6943e7e5524b\cy12,regen:cy12/12,1.6689,1.4795,25,1,,619.495,deck
,..\2_LP\LOW_Fr_MASTER_result\regen\695d58caa3b9\cy01,superseded,,,0,0,,,
985209baa57c1098,..\2_LP\LOW_Fr_MASTER_result\regen\695d58caa3b9\cy02,superseded,,,0,0,,,deck
985209baa57c1098,..\2_LP\LOW_Fr_MASTER_result\regen\695d58caa3b9\cy03,superseded,,,0,0,,,deck
985209baa57c1098,..\2_LP\LOW_Fr_MASTER_result\regen\695d58caa3b9\cy04,superseded,,,0,0,,,deck
985209baa57c1098,..\2_LP\LOW_Fr_MASTER_result\regen\695d58caa3b9\cy05,superseded,,,0,0,,,deck
985209baa57c1098,..\2_LP\LOW_Fr_MASTER_result\regen\695d58caa3b9\cy06,superseded,,,0,0,,,deck
985209baa57c1098,..\2_LP\LOW_Fr_MASTER_result\regen\695d58caa3b9\cy07,superseded,,,0,0,,,deck
985209baa57c1098,..\2_LP\LOW_Fr_MASTER_result\regen\695d58caa3b9\cy08,superseded,,,0,0,,,deck
985209baa57c1098,..\2_LP\LOW_Fr_MASTER_result\regen\695d58caa3b9\cy09,superseded,,,0,0,,,deck
985209baa57c1098,..\2_LP\LOW_Fr_MASTER_result\regen\695d58caa3b9\cy10,superseded,,,0,0,,,deck
985209baa57c1098,..\2_LP\LOW_Fr_MASTER_result\regen\695d58caa3b9\cy11,superseded,,,0,0,,,deck
985209baa57c1098,..\2_LP\LOW_Fr_MASTER_result\regen\695d58caa3b9\cy12,regen:cy12/12,1.6983,1.5307,25,1,,614.422,deck
,..\2_LP\LOW_Fr_MASTER_result\regen\698a1486772f\cy01,superseded,,,0,0,,,
c80bc50186d02563,..\2_LP\LOW_Fr_MASTER_result\regen\698a1486772f\cy02,superseded,,,0,0,,,deck
c80bc50186d02563,..\2_LP\LOW_Fr_MASTER_result\regen\698a1486772f\cy03,superseded,,,0,0,,,deck
c80bc50186d02563,..\2_LP\LOW_Fr_MASTER_result\regen\698a1486772f\cy04,superseded,,,0,0,,,deck
c80bc50186d02563,..\2_LP\LOW_Fr_MASTER_result\regen\698a1486772f\cy05,superseded,,,0,0,,,deck
c80bc50186d02563,..\2_LP\LOW_Fr_MASTER_result\regen\698a1486772f\cy06,superseded,,,0,0,,,deck
c80bc50186d02563,..\2_LP\LOW_Fr_MASTER_result\regen\698a1486772f\cy07,superseded,,,0,0,,,deck
c80bc50186d02563,..\2_LP\LOW_Fr_MASTER_result\regen\698a1486772f\cy08,superseded,,,0,0,,,deck
c80bc50186d02563,..\2_LP\LOW_Fr_MASTER_result\regen\698a1486772f\cy09,superseded,,,0,0,,,deck
c80bc50186d02563,..\2_LP\LOW_Fr_MASTER_result\regen\698a1486772f\cy10,superseded,,,0,0,,,deck
c80bc50186d02563,..\2_LP\LOW_Fr_MASTER_result\regen\698a1486772f\cy11,superseded,,,0,0,,,deck
c80bc50186d02563,..\2_LP\LOW_Fr_MASTER_result\regen\698a1486772f\cy12,regen:cy12/12,1.6003,1.4553,25,1,,623.452,deck
,..\2_LP\LOW_Fr_MASTER_result\regen\69a2d6f519a9\cy01,superseded,,,0,0,,,
3ee67cb9b6d5b24e,..\2_LP\LOW_Fr_MASTER_result\regen\69a2d6f519a9\cy02,superseded,,,0,0,,,deck
3ee67cb9b6d5b24e,..\2_LP\LOW_Fr_MASTER_result\regen\69a2d6f519a9\cy03,superseded,,,0,0,,,deck
3ee67cb9b6d5b24e,..\2_LP\LOW_Fr_MASTER_result\regen\69a2d6f519a9\cy04,superseded,,,0,0,,,deck
3ee67cb9b6d5b24e,..\2_LP\LOW_Fr_MASTER_result\regen\69a2d6f519a9\cy05,superseded,,,0,0,,,deck
3ee67cb9b6d5b24e,..\2_LP\LOW_Fr_MASTER_result\regen\69a2d6f519a9\cy06,superseded,,,0,0,,,deck
3ee67cb9b6d5b24e,..\2_LP\LOW_Fr_MASTER_result\regen\69a2d6f519a9\cy07,superseded,,,0,0,,,deck
3ee67cb9b6d5b24e,..\2_LP\LOW_Fr_MASTER_result\regen\69a2d6f519a9\cy08,superseded,,,0,0,,,deck
3ee67cb9b6d5b24e,..\2_LP\LOW_Fr_MASTER_result\regen\69a2d6f519a9\cy09,superseded,,,0,0,,,deck
3ee67cb9b6d5b24e,..\2_LP\LOW_Fr_MASTER_result\regen\69a2d6f519a9\cy10,superseded,,,0,0,,,deck
3ee67cb9b6d5b24e,..\2_LP\LOW_Fr_MASTER_result\regen\69a2d6f519a9\cy11,superseded,,,0,0,,,deck
3ee67cb9b6d5b24e,..\2_LP\LOW_Fr_MASTER_result\regen\69a2d6f519a9\cy12,regen:cy12/12,1.6481,1.4566,25,1,,614.872,deck
,..\2_LP\LOW_Fr_MASTER_result\regen\69b782638263\cy01,superseded,,,0,0,,,
f125af85534e621e,..\2_LP\LOW_Fr_MASTER_result\regen\69b782638263\cy02,superseded,,,0,0,,,deck
f125af85534e621e,..\2_LP\LOW_Fr_MASTER_result\regen\69b782638263\cy03,superseded,,,0,0,,,deck
f125af85534e621e,..\2_LP\LOW_Fr_MASTER_result\regen\69b782638263\cy04,superseded,,,0,0,,,deck
f125af85534e621e,..\2_LP\LOW_Fr_MASTER_result\regen\69b782638263\cy05,superseded,,,0,0,,,deck
f125af85534e621e,..\2_LP\LOW_Fr_MASTER_result\regen\69b782638263\cy06,superseded,,,0,0,,,deck
f125af85534e621e,..\2_LP\LOW_Fr_MASTER_result\regen\69b782638263\cy07,superseded,,,0,0,,,deck
f125af85534e621e,..\2_LP\LOW_Fr_MASTER_result\regen\69b782638263\cy08,superseded,,,0,0,,,deck
f125af85534e621e,..\2_LP\LOW_Fr_MASTER_result\regen\69b782638263\cy09,superseded,,,0,0,,,deck
f125af85534e621e,..\2_LP\LOW_Fr_MASTER_result\regen\69b782638263\cy10,superseded,,,0,0,,,deck
f125af85534e621e,..\2_LP\LOW_Fr_MASTER_result\regen\69b782638263\cy11,superseded,,,0,0,,,deck
f125af85534e621e,..\2_LP\LOW_Fr_MASTER_result\regen\69b782638263\cy12,regen:cy12/12,1.7644,1.5696,25,1,,622.707,deck
,..\2_LP\LOW_Fr_MASTER_result\regen\69f2b53b9590\cy01,superseded,,,0,0,,,
2bc795df9b1ff55e,..\2_LP\LOW_Fr_MASTER_result\regen\69f2b53b9590\cy02,superseded,,,0,0,,,deck
2bc795df9b1ff55e,..\2_LP\LOW_Fr_MASTER_result\regen\69f2b53b9590\cy03,superseded,,,0,0,,,deck
2bc795df9b1ff55e,..\2_LP\LOW_Fr_MASTER_result\regen\69f2b53b9590\cy04,superseded,,,0,0,,,deck
2bc795df9b1ff55e,..\2_LP\LOW_Fr_MASTER_result\regen\69f2b53b9590\cy05,superseded,,,0,0,,,deck
2bc795df9b1ff55e,..\2_LP\LOW_Fr_MASTER_result\regen\69f2b53b9590\cy06,superseded,,,0,0,,,deck
2bc795df9b1ff55e,..\2_LP\LOW_Fr_MASTER_result\regen\69f2b53b9590\cy07,superseded,,,0,0,,,deck
2bc795df9b1ff55e,..\2_LP\LOW_Fr_MASTER_result\regen\69f2b53b9590\cy08,superseded,,,0,0,,,deck
2bc795df9b1ff55e,..\2_LP\LOW_Fr_MASTER_result\regen\69f2b53b9590\cy09,superseded,,,0,0,,,deck
2bc795df9b1ff55e,..\2_LP\LOW_Fr_MASTER_result\regen\69f2b53b9590\cy10,superseded,,,0,0,,,deck
2bc795df9b1ff55e,..\2_LP\LOW_Fr_MASTER_result\regen\69f2b53b9590\cy11,superseded,,,0,0,,,deck
2bc795df9b1ff55e,..\2_LP\LOW_Fr_MASTER_result\regen\69f2b53b9590\cy12,regen:cy12/12,1.6835,1.4911,25,1,,619.341,deck
,..\2_LP\LOW_Fr_MASTER_result\regen\6a8a8d93f8f6\cy01,superseded,,,0,0,,,
4ecc3677d6b4e8b9,..\2_LP\LOW_Fr_MASTER_result\regen\6a8a8d93f8f6\cy02,superseded,,,0,0,,,deck
4ecc3677d6b4e8b9,..\2_LP\LOW_Fr_MASTER_result\regen\6a8a8d93f8f6\cy03,superseded,,,0,0,,,deck
4ecc3677d6b4e8b9,..\2_LP\LOW_Fr_MASTER_result\regen\6a8a8d93f8f6\cy04,superseded,,,0,0,,,deck
4ecc3677d6b4e8b9,..\2_LP\LOW_Fr_MASTER_result\regen\6a8a8d93f8f6\cy05,superseded,,,0,0,,,deck
4ecc3677d6b4e8b9,..\2_LP\LOW_Fr_MASTER_result\regen\6a8a8d93f8f6\cy06,superseded,,,0,0,,,deck
4ecc3677d6b4e8b9,..\2_LP\LOW_Fr_MASTER_result\regen\6a8a8d93f8f6\cy07,superseded,,,0,0,,,deck
4ecc3677d6b4e8b9,..\2_LP\LOW_Fr_MASTER_result\regen\6a8a8d93f8f6\cy08,superseded,,,0,0,,,deck
4ecc3677d6b4e8b9,..\2_LP\LOW_Fr_MASTER_result\regen\6a8a8d93f8f6\cy09,superseded,,,0,0,,,deck
4ecc3677d6b4e8b9,..\2_LP\LOW_Fr_MASTER_result\regen\6a8a8d93f8f6\cy10,superseded,,,0,0,,,deck
4ecc3677d6b4e8b9,..\2_LP\LOW_Fr_MASTER_result\regen\6a8a8d93f8f6\cy11,superseded,,,0,0,,,deck
4ecc3677d6b4e8b9,..\2_LP\LOW_Fr_MASTER_result\regen\6a8a8d93f8f6\cy12,regen:cy12/12,1.7128,1.554,25,1,,614.549,deck
,..\2_LP\LOW_Fr_MASTER_result\regen\6b643e3402bc\cy01,superseded,,,0,0,,,
ae76f57f532a8760,..\2_LP\LOW_Fr_MASTER_result\regen\6b643e3402bc\cy02,superseded,,,0,0,,,deck
ae76f57f532a8760,..\2_LP\LOW_Fr_MASTER_result\regen\6b643e3402bc\cy03,superseded,,,0,0,,,deck
ae76f57f532a8760,..\2_LP\LOW_Fr_MASTER_result\regen\6b643e3402bc\cy04,superseded,,,0,0,,,deck
ae76f57f532a8760,..\2_LP\LOW_Fr_MASTER_result\regen\6b643e3402bc\cy05,superseded,,,0,0,,,deck
ae76f57f532a8760,..\2_LP\LOW_Fr_MASTER_result\regen\6b643e3402bc\cy06,superseded,,,0,0,,,deck
ae76f57f532a8760,..\2_LP\LOW_Fr_MASTER_result\regen\6b643e3402bc\cy07,superseded,,,0,0,,,deck
ae76f57f532a8760,..\2_LP\LOW_Fr_MASTER_result\regen\6b643e3402bc\cy08,superseded,,,0,0,,,deck
ae76f57f532a8760,..\2_LP\LOW_Fr_MASTER_result\regen\6b643e3402bc\cy09,superseded,,,0,0,,,deck
ae76f57f532a8760,..\2_LP\LOW_Fr_MASTER_result\regen\6b643e3402bc\cy10,superseded,,,0,0,,,deck
ae76f57f532a8760,..\2_LP\LOW_Fr_MASTER_result\regen\6b643e3402bc\cy11,superseded,,,0,0,,,deck
ae76f57f532a8760,..\2_LP\LOW_Fr_MASTER_result\regen\6b643e3402bc\cy12,regen:cy12/12,1.7945,1.5385,25,1,,622.25,deck
,..\2_LP\LOW_Fr_MASTER_result\regen\6b8716890968\cy01,superseded,,,0,0,,,
9ac05d9c09ade80d,..\2_LP\LOW_Fr_MASTER_result\regen\6b8716890968\cy02,superseded,,,0,0,,,deck
9ac05d9c09ade80d,..\2_LP\LOW_Fr_MASTER_result\regen\6b8716890968\cy03,superseded,,,0,0,,,deck
9ac05d9c09ade80d,..\2_LP\LOW_Fr_MASTER_result\regen\6b8716890968\cy04,superseded,,,0,0,,,deck
9ac05d9c09ade80d,..\2_LP\LOW_Fr_MASTER_result\regen\6b8716890968\cy05,superseded,,,0,0,,,deck
9ac05d9c09ade80d,..\2_LP\LOW_Fr_MASTER_result\regen\6b8716890968\cy06,superseded,,,0,0,,,deck
9ac05d9c09ade80d,..\2_LP\LOW_Fr_MASTER_result\regen\6b8716890968\cy07,superseded,,,0,0,,,deck
9ac05d9c09ade80d,..\2_LP\LOW_Fr_MASTER_result\regen\6b8716890968\cy08,superseded,,,0,0,,,deck
9ac05d9c09ade80d,..\2_LP\LOW_Fr_MASTER_result\regen\6b8716890968\cy09,superseded,,,0,0,,,deck
9ac05d9c09ade80d,..\2_LP\LOW_Fr_MASTER_result\regen\6b8716890968\cy10,superseded,,,0,0,,,deck
9ac05d9c09ade80d,..\2_LP\LOW_Fr_MASTER_result\regen\6b8716890968\cy11,superseded,,,0,0,,,deck
9ac05d9c09ade80d,..\2_LP\LOW_Fr_MASTER_result\regen\6b8716890968\cy12,regen:cy12/12,1.6854,1.5225,25,1,,615.73,deck
,..\2_LP\LOW_Fr_MASTER_result\regen\6c482c10e1ce\cy01,superseded,,,0,0,,,
68702f7a8d97c4c6,..\2_LP\LOW_Fr_MASTER_result\regen\6c482c10e1ce\cy02,superseded,,,0,0,,,deck
68702f7a8d97c4c6,..\2_LP\LOW_Fr_MASTER_result\regen\6c482c10e1ce\cy03,superseded,,,0,0,,,deck
68702f7a8d97c4c6,..\2_LP\LOW_Fr_MASTER_result\regen\6c482c10e1ce\cy04,superseded,,,0,0,,,deck
68702f7a8d97c4c6,..\2_LP\LOW_Fr_MASTER_result\regen\6c482c10e1ce\cy05,superseded,,,0,0,,,deck
68702f7a8d97c4c6,..\2_LP\LOW_Fr_MASTER_result\regen\6c482c10e1ce\cy06,superseded,,,0,0,,,deck
68702f7a8d97c4c6,..\2_LP\LOW_Fr_MASTER_result\regen\6c482c10e1ce\cy07,superseded,,,0,0,,,deck
68702f7a8d97c4c6,..\2_LP\LOW_Fr_MASTER_result\regen\6c482c10e1ce\cy08,superseded,,,0,0,,,deck
68702f7a8d97c4c6,..\2_LP\LOW_Fr_MASTER_result\regen\6c482c10e1ce\cy09,superseded,,,0,0,,,deck
68702f7a8d97c4c6,..\2_LP\LOW_Fr_MASTER_result\regen\6c482c10e1ce\cy10,superseded,,,0,0,,,deck
68702f7a8d97c4c6,..\2_LP\LOW_Fr_MASTER_result\regen\6c482c10e1ce\cy11,superseded,,,0,0,,,deck
68702f7a8d97c4c6,..\2_LP\LOW_Fr_MASTER_result\regen\6c482c10e1ce\cy12,regen:cy12/12,1.7121,1.5198,25,1,,618.097,deck
,..\2_LP\LOW_Fr_MASTER_result\regen\6c886f086cee\cy01,superseded,,,0,0,,,
2b4596a45a1f549f,..\2_LP\LOW_Fr_MASTER_result\regen\6c886f086cee\cy02,superseded,,,0,0,,,deck
2b4596a45a1f549f,..\2_LP\LOW_Fr_MASTER_result\regen\6c886f086cee\cy03,superseded,,,0,0,,,deck
2b4596a45a1f549f,..\2_LP\LOW_Fr_MASTER_result\regen\6c886f086cee\cy04,superseded,,,0,0,,,deck
2b4596a45a1f549f,..\2_LP\LOW_Fr_MASTER_result\regen\6c886f086cee\cy05,superseded,,,0,0,,,deck
2b4596a45a1f549f,..\2_LP\LOW_Fr_MASTER_result\regen\6c886f086cee\cy06,superseded,,,0,0,,,deck
2b4596a45a1f549f,..\2_LP\LOW_Fr_MASTER_result\regen\6c886f086cee\cy07,superseded,,,0,0,,,deck
2b4596a45a1f549f,..\2_LP\LOW_Fr_MASTER_result\regen\6c886f086cee\cy08,superseded,,,0,0,,,deck
2b4596a45a1f549f,..\2_LP\LOW_Fr_MASTER_result\regen\6c886f086cee\cy09,superseded,,,0,0,,,deck
2b4596a45a1f549f,..\2_LP\LOW_Fr_MASTER_result\regen\6c886f086cee\cy10,superseded,,,0,0,,,deck
2b4596a45a1f549f,..\2_LP\LOW_Fr_MASTER_result\regen\6c886f086cee\cy11,superseded,,,0,0,,,deck
2b4596a45a1f549f,..\2_LP\LOW_Fr_MASTER_result\regen\6c886f086cee\cy12,regen:cy12/12,1.6201,1.4321,25,1,,616.436,deck
,..\2_LP\LOW_Fr_MASTER_result\regen\6ccbd209f13b\cy01,superseded,,,0,0,,,
08db1af17721b8d6,..\2_LP\LOW_Fr_MASTER_result\regen\6ccbd209f13b\cy02,superseded,,,0,0,,,deck
08db1af17721b8d6,..\2_LP\LOW_Fr_MASTER_result\regen\6ccbd209f13b\cy03,superseded,,,0,0,,,deck
08db1af17721b8d6,..\2_LP\LOW_Fr_MASTER_result\regen\6ccbd209f13b\cy04,superseded,,,0,0,,,deck
08db1af17721b8d6,..\2_LP\LOW_Fr_MASTER_result\regen\6ccbd209f13b\cy05,superseded,,,0,0,,,deck
08db1af17721b8d6,..\2_LP\LOW_Fr_MASTER_result\regen\6ccbd209f13b\cy06,superseded,,,0,0,,,deck
08db1af17721b8d6,..\2_LP\LOW_Fr_MASTER_result\regen\6ccbd209f13b\cy07,superseded,,,0,0,,,deck
08db1af17721b8d6,..\2_LP\LOW_Fr_MASTER_result\regen\6ccbd209f13b\cy08,superseded,,,0,0,,,deck
08db1af17721b8d6,..\2_LP\LOW_Fr_MASTER_result\regen\6ccbd209f13b\cy09,superseded,,,0,0,,,deck
08db1af17721b8d6,..\2_LP\LOW_Fr_MASTER_result\regen\6ccbd209f13b\cy10,superseded,,,0,0,,,deck
08db1af17721b8d6,..\2_LP\LOW_Fr_MASTER_result\regen\6ccbd209f13b\cy11,superseded,,,0,0,,,deck
08db1af17721b8d6,..\2_LP\LOW_Fr_MASTER_result\regen\6ccbd209f13b\cy12,regen:cy12/12,1.5843,1.4159,25,1,,621.536,deck
,..\2_LP\LOW_Fr_MASTER_result\regen\6d31c7ae3ea6\cy01,superseded,,,0,0,,,
371e1fb859280ea4,..\2_LP\LOW_Fr_MASTER_result\regen\6d31c7ae3ea6\cy02,superseded,,,0,0,,,deck
371e1fb859280ea4,..\2_LP\LOW_Fr_MASTER_result\regen\6d31c7ae3ea6\cy03,superseded,,,0,0,,,deck
371e1fb859280ea4,..\2_LP\LOW_Fr_MASTER_result\regen\6d31c7ae3ea6\cy04,superseded,,,0,0,,,deck
371e1fb859280ea4,..\2_LP\LOW_Fr_MASTER_result\regen\6d31c7ae3ea6\cy05,superseded,,,0,0,,,deck
371e1fb859280ea4,..\2_LP\LOW_Fr_MASTER_result\regen\6d31c7ae3ea6\cy06,superseded,,,0,0,,,deck
371e1fb859280ea4,..\2_LP\LOW_Fr_MASTER_result\regen\6d31c7ae3ea6\cy07,superseded,,,0,0,,,deck
371e1fb859280ea4,..\2_LP\LOW_Fr_MASTER_result\regen\6d31c7ae3ea6\cy08,superseded,,,0,0,,,deck
371e1fb859280ea4,..\2_LP\LOW_Fr_MASTER_result\regen\6d31c7ae3ea6\cy09,superseded,,,0,0,,,deck
371e1fb859280ea4,..\2_LP\LOW_Fr_MASTER_result\regen\6d31c7ae3ea6\cy10,superseded,,,0,0,,,deck
371e1fb859280ea4,..\2_LP\LOW_Fr_MASTER_result\regen\6d31c7ae3ea6\cy11,superseded,,,0,0,,,deck
371e1fb859280ea4,..\2_LP\LOW_Fr_MASTER_result\regen\6d31c7ae3ea6\cy12,regen:cy12/12,1.6538,1.4551,25,1,,616.238,deck
,..\2_LP\LOW_Fr_MASTER_result\regen\6d399b0e931f\cy01,superseded,,,0,0,,,
a9c0794edde48b6f,..\2_LP\LOW_Fr_MASTER_result\regen\6d399b0e931f\cy02,superseded,,,0,0,,,deck
a9c0794edde48b6f,..\2_LP\LOW_Fr_MASTER_result\regen\6d399b0e931f\cy03,superseded,,,0,0,,,deck
a9c0794edde48b6f,..\2_LP\LOW_Fr_MASTER_result\regen\6d399b0e931f\cy04,superseded,,,0,0,,,deck
a9c0794edde48b6f,..\2_LP\LOW_Fr_MASTER_result\regen\6d399b0e931f\cy05,superseded,,,0,0,,,deck
a9c0794edde48b6f,..\2_LP\LOW_Fr_MASTER_result\regen\6d399b0e931f\cy06,superseded,,,0,0,,,deck
a9c0794edde48b6f,..\2_LP\LOW_Fr_MASTER_result\regen\6d399b0e931f\cy07,superseded,,,0,0,,,deck
a9c0794edde48b6f,..\2_LP\LOW_Fr_MASTER_result\regen\6d399b0e931f\cy08,superseded,,,0,0,,,deck
a9c0794edde48b6f,..\2_LP\LOW_Fr_MASTER_result\regen\6d399b0e931f\cy09,superseded,,,0,0,,,deck
a9c0794edde48b6f,..\2_LP\LOW_Fr_MASTER_result\regen\6d399b0e931f\cy10,superseded,,,0,0,,,deck
a9c0794edde48b6f,..\2_LP\LOW_Fr_MASTER_result\regen\6d399b0e931f\cy11,superseded,,,0,0,,,deck
a9c0794edde48b6f,..\2_LP\LOW_Fr_MASTER_result\regen\6d399b0e931f\cy12,regen:cy12/12,1.6912,1.5339,25,1,,613.864,deck
,..\2_LP\LOW_Fr_MASTER_result\regen\6dad48e2579d\cy01,superseded,,,0,0,,,
2fa282334fc50654,..\2_LP\LOW_Fr_MASTER_result\regen\6dad48e2579d\cy02,superseded,,,0,0,,,deck
2fa282334fc50654,..\2_LP\LOW_Fr_MASTER_result\regen\6dad48e2579d\cy03,superseded,,,0,0,,,deck
2fa282334fc50654,..\2_LP\LOW_Fr_MASTER_result\regen\6dad48e2579d\cy04,superseded,,,0,0,,,deck
2fa282334fc50654,..\2_LP\LOW_Fr_MASTER_result\regen\6dad48e2579d\cy05,superseded,,,0,0,,,deck
2fa282334fc50654,..\2_LP\LOW_Fr_MASTER_result\regen\6dad48e2579d\cy06,superseded,,,0,0,,,deck
2fa282334fc50654,..\2_LP\LOW_Fr_MASTER_result\regen\6dad48e2579d\cy07,superseded,,,0,0,,,deck
2fa282334fc50654,..\2_LP\LOW_Fr_MASTER_result\regen\6dad48e2579d\cy08,superseded,,,0,0,,,deck
2fa282334fc50654,..\2_LP\LOW_Fr_MASTER_result\regen\6dad48e2579d\cy09,superseded,,,0,0,,,deck
2fa282334fc50654,..\2_LP\LOW_Fr_MASTER_result\regen\6dad48e2579d\cy10,superseded,,,0,0,,,deck
2fa282334fc50654,..\2_LP\LOW_Fr_MASTER_result\regen\6dad48e2579d\cy11,superseded,,,0,0,,,deck
2fa282334fc50654,..\2_LP\LOW_Fr_MASTER_result\regen\6dad48e2579d\cy12,regen:cy12/12,1.7068,1.5505,25,1,,614.827,deck
,..\2_LP\LOW_Fr_MASTER_result\regen\6e2e79430790\cy01,superseded,,,0,0,,,
b673b98748dad74c,..\2_LP\LOW_Fr_MASTER_result\regen\6e2e79430790\cy02,superseded,,,0,0,,,deck
b673b98748dad74c,..\2_LP\LOW_Fr_MASTER_result\regen\6e2e79430790\cy03,superseded,,,0,0,,,deck
b673b98748dad74c,..\2_LP\LOW_Fr_MASTER_result\regen\6e2e79430790\cy04,superseded,,,0,0,,,deck
b673b98748dad74c,..\2_LP\LOW_Fr_MASTER_result\regen\6e2e79430790\cy05,superseded,,,0,0,,,deck
b673b98748dad74c,..\2_LP\LOW_Fr_MASTER_result\regen\6e2e79430790\cy06,superseded,,,0,0,,,deck
b673b98748dad74c,..\2_LP\LOW_Fr_MASTER_result\regen\6e2e79430790\cy07,superseded,,,0,0,,,deck
b673b98748dad74c,..\2_LP\LOW_Fr_MASTER_result\regen\6e2e79430790\cy08,superseded,,,0,0,,,deck
b673b98748dad74c,..\2_LP\LOW_Fr_MASTER_result\regen\6e2e79430790\cy09,superseded,,,0,0,,,deck
b673b98748dad74c,..\2_LP\LOW_Fr_MASTER_result\regen\6e2e79430790\cy10,superseded,,,0,0,,,deck
b673b98748dad74c,..\2_LP\LOW_Fr_MASTER_result\regen\6e2e79430790\cy11,superseded,,,0,0,,,deck
b673b98748dad74c,..\2_LP\LOW_Fr_MASTER_result\regen\6e2e79430790\cy12,regen:cy12/12,1.6524,1.5211,25,1,,614.066,deck
,..\2_LP\LOW_Fr_MASTER_result\regen\6f0502e2931f\cy01,superseded,,,0,0,,,
cb211b51e1beb85f,..\2_LP\LOW_Fr_MASTER_result\regen\6f0502e2931f\cy02,superseded,,,0,0,,,deck
cb211b51e1beb85f,..\2_LP\LOW_Fr_MASTER_result\regen\6f0502e2931f\cy03,superseded,,,0,0,,,deck
cb211b51e1beb85f,..\2_LP\LOW_Fr_MASTER_result\regen\6f0502e2931f\cy04,superseded,,,0,0,,,deck
cb211b51e1beb85f,..\2_LP\LOW_Fr_MASTER_result\regen\6f0502e2931f\cy05,superseded,,,0,0,,,deck
cb211b51e1beb85f,..\2_LP\LOW_Fr_MASTER_result\regen\6f0502e2931f\cy06,superseded,,,0,0,,,deck
cb211b51e1beb85f,..\2_LP\LOW_Fr_MASTER_result\regen\6f0502e2931f\cy07,superseded,,,0,0,,,deck
cb211b51e1beb85f,..\2_LP\LOW_Fr_MASTER_result\regen\6f0502e2931f\cy08,superseded,,,0,0,,,deck
cb211b51e1beb85f,..\2_LP\LOW_Fr_MASTER_result\regen\6f0502e2931f\cy09,superseded,,,0,0,,,deck
cb211b51e1beb85f,..\2_LP\LOW_Fr_MASTER_result\regen\6f0502e2931f\cy10,superseded,,,0,0,,,deck
cb211b51e1beb85f,..\2_LP\LOW_Fr_MASTER_result\regen\6f0502e2931f\cy11,regen:cy11/11,1.6514,1.5227,25,1,,621.559,deck
,..\2_LP\LOW_Fr_MASTER_result\regen\6f2b863c4ea4\cy01,superseded,,,0,0,,,
55215acfa287a576,..\2_LP\LOW_Fr_MASTER_result\regen\6f2b863c4ea4\cy02,superseded,,,0,0,,,deck
55215acfa287a576,..\2_LP\LOW_Fr_MASTER_result\regen\6f2b863c4ea4\cy03,superseded,,,0,0,,,deck
55215acfa287a576,..\2_LP\LOW_Fr_MASTER_result\regen\6f2b863c4ea4\cy04,superseded,,,0,0,,,deck
55215acfa287a576,..\2_LP\LOW_Fr_MASTER_result\regen\6f2b863c4ea4\cy05,superseded,,,0,0,,,deck
55215acfa287a576,..\2_LP\LOW_Fr_MASTER_result\regen\6f2b863c4ea4\cy06,superseded,,,0,0,,,deck
55215acfa287a576,..\2_LP\LOW_Fr_MASTER_result\regen\6f2b863c4ea4\cy07,superseded,,,0,0,,,deck
55215acfa287a576,..\2_LP\LOW_Fr_MASTER_result\regen\6f2b863c4ea4\cy08,superseded,,,0,0,,,deck
55215acfa287a576,..\2_LP\LOW_Fr_MASTER_result\regen\6f2b863c4ea4\cy09,superseded,,,0,0,,,deck
55215acfa287a576,..\2_LP\LOW_Fr_MASTER_result\regen\6f2b863c4ea4\cy10,superseded,,,0,0,,,deck
55215acfa287a576,..\2_LP\LOW_Fr_MASTER_result\regen\6f2b863c4ea4\cy11,superseded,,,0,0,,,deck
55215acfa287a576,..\2_LP\LOW_Fr_MASTER_result\regen\6f2b863c4ea4\cy12,regen:cy12/12,1.7349,1.5325,25,1,,620.558,deck
,..\2_LP\LOW_Fr_MASTER_result\regen\6f70a1bd048e\cy01,superseded,,,0,0,,,
7613bcbd87b874fb,..\2_LP\LOW_Fr_MASTER_result\regen\6f70a1bd048e\cy02,superseded,,,0,0,,,deck
7613bcbd87b874fb,..\2_LP\LOW_Fr_MASTER_result\regen\6f70a1bd048e\cy03,superseded,,,0,0,,,deck
7613bcbd87b874fb,..\2_LP\LOW_Fr_MASTER_result\regen\6f70a1bd048e\cy04,superseded,,,0,0,,,deck
7613bcbd87b874fb,..\2_LP\LOW_Fr_MASTER_result\regen\6f70a1bd048e\cy05,superseded,,,0,0,,,deck
7613bcbd87b874fb,..\2_LP\LOW_Fr_MASTER_result\regen\6f70a1bd048e\cy06,superseded,,,0,0,,,deck
7613bcbd87b874fb,..\2_LP\LOW_Fr_MASTER_result\regen\6f70a1bd048e\cy07,superseded,,,0,0,,,deck
7613bcbd87b874fb,..\2_LP\LOW_Fr_MASTER_result\regen\6f70a1bd048e\cy08,superseded,,,0,0,,,deck
7613bcbd87b874fb,..\2_LP\LOW_Fr_MASTER_result\regen\6f70a1bd048e\cy09,superseded,,,0,0,,,deck
7613bcbd87b874fb,..\2_LP\LOW_Fr_MASTER_result\regen\6f70a1bd048e\cy10,superseded,,,0,0,,,deck
7613bcbd87b874fb,..\2_LP\LOW_Fr_MASTER_result\regen\6f70a1bd048e\cy11,superseded,,,0,0,,,deck
7613bcbd87b874fb,..\2_LP\LOW_Fr_MASTER_result\regen\6f70a1bd048e\cy12,regen:cy12/12,1.7103,1.4871,25,1,,622.786,deck
,..\2_LP\LOW_Fr_MASTER_result\regen\700f9d75090a\cy01,superseded,,,0,0,,,
8182beda2d711f03,..\2_LP\LOW_Fr_MASTER_result\regen\700f9d75090a\cy02,superseded,,,0,0,,,deck
8182beda2d711f03,..\2_LP\LOW_Fr_MASTER_result\regen\700f9d75090a\cy03,superseded,,,0,0,,,deck
8182beda2d711f03,..\2_LP\LOW_Fr_MASTER_result\regen\700f9d75090a\cy04,superseded,,,0,0,,,deck
8182beda2d711f03,..\2_LP\LOW_Fr_MASTER_result\regen\700f9d75090a\cy05,superseded,,,0,0,,,deck
8182beda2d711f03,..\2_LP\LOW_Fr_MASTER_result\regen\700f9d75090a\cy06,superseded,,,0,0,,,deck
8182beda2d711f03,..\2_LP\LOW_Fr_MASTER_result\regen\700f9d75090a\cy07,superseded,,,0,0,,,deck
8182beda2d711f03,..\2_LP\LOW_Fr_MASTER_result\regen\700f9d75090a\cy08,superseded,,,0,0,,,deck
8182beda2d711f03,..\2_LP\LOW_Fr_MASTER_result\regen\700f9d75090a\cy09,superseded,,,0,0,,,deck
8182beda2d711f03,..\2_LP\LOW_Fr_MASTER_result\regen\700f9d75090a\cy10,superseded,,,0,0,,,deck
8182beda2d711f03,..\2_LP\LOW_Fr_MASTER_result\regen\700f9d75090a\cy11,superseded,,,0,0,,,deck
8182beda2d711f03,..\2_LP\LOW_Fr_MASTER_result\regen\700f9d75090a\cy12,regen:cy12/12,1.7877,1.5871,25,1,,620.936,deck
,..\2_LP\LOW_Fr_MASTER_result\regen\702a4b5770dc\cy01,superseded,,,0,0,,,
d1d1a3a33e578802,..\2_LP\LOW_Fr_MASTER_result\regen\702a4b5770dc\cy02,superseded,,,0,0,,,deck
d1d1a3a33e578802,..\2_LP\LOW_Fr_MASTER_result\regen\702a4b5770dc\cy03,superseded,,,0,0,,,deck
d1d1a3a33e578802,..\2_LP\LOW_Fr_MASTER_result\regen\702a4b5770dc\cy04,superseded,,,0,0,,,deck
d1d1a3a33e578802,..\2_LP\LOW_Fr_MASTER_result\regen\702a4b5770dc\cy05,superseded,,,0,0,,,deck
d1d1a3a33e578802,..\2_LP\LOW_Fr_MASTER_result\regen\702a4b5770dc\cy06,superseded,,,0,0,,,deck
d1d1a3a33e578802,..\2_LP\LOW_Fr_MASTER_result\regen\702a4b5770dc\cy07,superseded,,,0,0,,,deck
d1d1a3a33e578802,..\2_LP\LOW_Fr_MASTER_result\regen\702a4b5770dc\cy08,superseded,,,0,0,,,deck
d1d1a3a33e578802,..\2_LP\LOW_Fr_MASTER_result\regen\702a4b5770dc\cy09,superseded,,,0,0,,,deck
d1d1a3a33e578802,..\2_LP\LOW_Fr_MASTER_result\regen\702a4b5770dc\cy10,superseded,,,0,0,,,deck
d1d1a3a33e578802,..\2_LP\LOW_Fr_MASTER_result\regen\702a4b5770dc\cy11,superseded,,,0,0,,,deck
d1d1a3a33e578802,..\2_LP\LOW_Fr_MASTER_result\regen\702a4b5770dc\cy12,regen:cy12/12,1.7191,1.5552,25,1,,612.774,deck
,..\2_LP\LOW_Fr_MASTER_result\regen\70da2ef25e07\cy01,superseded,,,0,0,,,
f285be8d5ac4e6fc,..\2_LP\LOW_Fr_MASTER_result\regen\70da2ef25e07\cy02,superseded,,,0,0,,,deck
f285be8d5ac4e6fc,..\2_LP\LOW_Fr_MASTER_result\regen\70da2ef25e07\cy03,superseded,,,0,0,,,deck
f285be8d5ac4e6fc,..\2_LP\LOW_Fr_MASTER_result\regen\70da2ef25e07\cy04,superseded,,,0,0,,,deck
f285be8d5ac4e6fc,..\2_LP\LOW_Fr_MASTER_result\regen\70da2ef25e07\cy05,superseded,,,0,0,,,deck
f285be8d5ac4e6fc,..\2_LP\LOW_Fr_MASTER_result\regen\70da2ef25e07\cy06,superseded,,,0,0,,,deck
f285be8d5ac4e6fc,..\2_LP\LOW_Fr_MASTER_result\regen\70da2ef25e07\cy07,superseded,,,0,0,,,deck
f285be8d5ac4e6fc,..\2_LP\LOW_Fr_MASTER_result\regen\70da2ef25e07\cy08,superseded,,,0,0,,,deck
f285be8d5ac4e6fc,..\2_LP\LOW_Fr_MASTER_result\regen\70da2ef25e07\cy09,superseded,,,0,0,,,deck
f285be8d5ac4e6fc,..\2_LP\LOW_Fr_MASTER_result\regen\70da2ef25e07\cy10,superseded,,,0,0,,,deck
f285be8d5ac4e6fc,..\2_LP\LOW_Fr_MASTER_result\regen\70da2ef25e07\cy11,superseded,,,0,0,,,deck
f285be8d5ac4e6fc,..\2_LP\LOW_Fr_MASTER_result\regen\70da2ef25e07\cy12,regen:cy12/12,1.6749,1.5117,25,1,,619.164,deck
,..\2_LP\LOW_Fr_MASTER_result\regen\70dc5dc16aeb\cy01,superseded,,,0,0,,,
314a710f9b73a078,..\2_LP\LOW_Fr_MASTER_result\regen\70dc5dc16aeb\cy02,superseded,,,0,0,,,deck
314a710f9b73a078,..\2_LP\LOW_Fr_MASTER_result\regen\70dc5dc16aeb\cy03,superseded,,,0,0,,,deck
314a710f9b73a078,..\2_LP\LOW_Fr_MASTER_result\regen\70dc5dc16aeb\cy04,superseded,,,0,0,,,deck
314a710f9b73a078,..\2_LP\LOW_Fr_MASTER_result\regen\70dc5dc16aeb\cy05,superseded,,,0,0,,,deck
314a710f9b73a078,..\2_LP\LOW_Fr_MASTER_result\regen\70dc5dc16aeb\cy06,superseded,,,0,0,,,deck
314a710f9b73a078,..\2_LP\LOW_Fr_MASTER_result\regen\70dc5dc16aeb\cy07,superseded,,,0,0,,,deck
314a710f9b73a078,..\2_LP\LOW_Fr_MASTER_result\regen\70dc5dc16aeb\cy08,superseded,,,0,0,,,deck
314a710f9b73a078,..\2_LP\LOW_Fr_MASTER_result\regen\70dc5dc16aeb\cy09,superseded,,,0,0,,,deck
314a710f9b73a078,..\2_LP\LOW_Fr_MASTER_result\regen\70dc5dc16aeb\cy10,superseded,,,0,0,,,deck
314a710f9b73a078,..\2_LP\LOW_Fr_MASTER_result\regen\70dc5dc16aeb\cy11,superseded,,,0,0,,,deck
314a710f9b73a078,..\2_LP\LOW_Fr_MASTER_result\regen\70dc5dc16aeb\cy12,regen:cy12/12,4.5175,4.0542,25,0,above_ceiling,622.207,deck
,..\2_LP\LOW_Fr_MASTER_result\regen\714c9a64f03e\cy01,superseded,,,0,0,,,
879532ada150da13,..\2_LP\LOW_Fr_MASTER_result\regen\714c9a64f03e\cy02,superseded,,,0,0,,,deck
879532ada150da13,..\2_LP\LOW_Fr_MASTER_result\regen\714c9a64f03e\cy03,superseded,,,0,0,,,deck
879532ada150da13,..\2_LP\LOW_Fr_MASTER_result\regen\714c9a64f03e\cy04,superseded,,,0,0,,,deck
879532ada150da13,..\2_LP\LOW_Fr_MASTER_result\regen\714c9a64f03e\cy05,superseded,,,0,0,,,deck
879532ada150da13,..\2_LP\LOW_Fr_MASTER_result\regen\714c9a64f03e\cy06,superseded,,,0,0,,,deck
879532ada150da13,..\2_LP\LOW_Fr_MASTER_result\regen\714c9a64f03e\cy07,superseded,,,0,0,,,deck
879532ada150da13,..\2_LP\LOW_Fr_MASTER_result\regen\714c9a64f03e\cy08,superseded,,,0,0,,,deck
879532ada150da13,..\2_LP\LOW_Fr_MASTER_result\regen\714c9a64f03e\cy09,superseded,,,0,0,,,deck
879532ada150da13,..\2_LP\LOW_Fr_MASTER_result\regen\714c9a64f03e\cy10,superseded,,,0,0,,,deck
879532ada150da13,..\2_LP\LOW_Fr_MASTER_result\regen\714c9a64f03e\cy11,regen:cy11/11,1.7562,1.5944,25,1,,619.095,deck
,..\2_LP\LOW_Fr_MASTER_result\regen\714e6a7158b0\cy01,superseded,,,0,0,,,
971d351f3d004536,..\2_LP\LOW_Fr_MASTER_result\regen\714e6a7158b0\cy02,superseded,,,0,0,,,deck
971d351f3d004536,..\2_LP\LOW_Fr_MASTER_result\regen\714e6a7158b0\cy03,superseded,,,0,0,,,deck
971d351f3d004536,..\2_LP\LOW_Fr_MASTER_result\regen\714e6a7158b0\cy04,superseded,,,0,0,,,deck
971d351f3d004536,..\2_LP\LOW_Fr_MASTER_result\regen\714e6a7158b0\cy05,superseded,,,0,0,,,deck
971d351f3d004536,..\2_LP\LOW_Fr_MASTER_result\regen\714e6a7158b0\cy06,superseded,,,0,0,,,deck
971d351f3d004536,..\2_LP\LOW_Fr_MASTER_result\regen\714e6a7158b0\cy07,superseded,,,0,0,,,deck
971d351f3d004536,..\2_LP\LOW_Fr_MASTER_result\regen\714e6a7158b0\cy08,superseded,,,0,0,,,deck
971d351f3d004536,..\2_LP\LOW_Fr_MASTER_result\regen\714e6a7158b0\cy09,superseded,,,0,0,,,deck
971d351f3d004536,..\2_LP\LOW_Fr_MASTER_result\regen\714e6a7158b0\cy10,superseded,,,0,0,,,deck
971d351f3d004536,..\2_LP\LOW_Fr_MASTER_result\regen\714e6a7158b0\cy11,regen:cy11/11,1.909,1.6729,25,1,,621.096,deck
,..\2_LP\LOW_Fr_MASTER_result\regen\715357ce2782\cy01,superseded,,,0,0,,,
2cb168168c5e461a,..\2_LP\LOW_Fr_MASTER_result\regen\715357ce2782\cy02,superseded,,,0,0,,,deck
2cb168168c5e461a,..\2_LP\LOW_Fr_MASTER_result\regen\715357ce2782\cy03,superseded,,,0,0,,,deck
2cb168168c5e461a,..\2_LP\LOW_Fr_MASTER_result\regen\715357ce2782\cy04,superseded,,,0,0,,,deck
2cb168168c5e461a,..\2_LP\LOW_Fr_MASTER_result\regen\715357ce2782\cy05,superseded,,,0,0,,,deck
2cb168168c5e461a,..\2_LP\LOW_Fr_MASTER_result\regen\715357ce2782\cy06,superseded,,,0,0,,,deck
2cb168168c5e461a,..\2_LP\LOW_Fr_MASTER_result\regen\715357ce2782\cy07,superseded,,,0,0,,,deck
2cb168168c5e461a,..\2_LP\LOW_Fr_MASTER_result\regen\715357ce2782\cy08,superseded,,,0,0,,,deck
2cb168168c5e461a,..\2_LP\LOW_Fr_MASTER_result\regen\715357ce2782\cy09,superseded,,,0,0,,,deck
2cb168168c5e461a,..\2_LP\LOW_Fr_MASTER_result\regen\715357ce2782\cy10,superseded,,,0,0,,,deck
2cb168168c5e461a,..\2_LP\LOW_Fr_MASTER_result\regen\715357ce2782\cy11,regen:cy11/11,1.7177,1.4959,25,1,,622.948,deck
,..\2_LP\LOW_Fr_MASTER_result\regen\7162fb8fc747\cy01,superseded,,,0,0,,,
3a6f0e6012845c28,..\2_LP\LOW_Fr_MASTER_result\regen\7162fb8fc747\cy02,superseded,,,0,0,,,deck
3a6f0e6012845c28,..\2_LP\LOW_Fr_MASTER_result\regen\7162fb8fc747\cy03,superseded,,,0,0,,,deck
3a6f0e6012845c28,..\2_LP\LOW_Fr_MASTER_result\regen\7162fb8fc747\cy04,superseded,,,0,0,,,deck
3a6f0e6012845c28,..\2_LP\LOW_Fr_MASTER_result\regen\7162fb8fc747\cy05,superseded,,,0,0,,,deck
3a6f0e6012845c28,..\2_LP\LOW_Fr_MASTER_result\regen\7162fb8fc747\cy06,superseded,,,0,0,,,deck
3a6f0e6012845c28,..\2_LP\LOW_Fr_MASTER_result\regen\7162fb8fc747\cy07,superseded,,,0,0,,,deck
3a6f0e6012845c28,..\2_LP\LOW_Fr_MASTER_result\regen\7162fb8fc747\cy08,superseded,,,0,0,,,deck
3a6f0e6012845c28,..\2_LP\LOW_Fr_MASTER_result\regen\7162fb8fc747\cy09,superseded,,,0,0,,,deck
3a6f0e6012845c28,..\2_LP\LOW_Fr_MASTER_result\regen\7162fb8fc747\cy10,superseded,,,0,0,,,deck
3a6f0e6012845c28,..\2_LP\LOW_Fr_MASTER_result\regen\7162fb8fc747\cy11,superseded,,,0,0,,,deck
3a6f0e6012845c28,..\2_LP\LOW_Fr_MASTER_result\regen\7162fb8fc747\cy12,regen:cy12/12,1.5862,1.4536,25,1,,621.407,deck
,..\2_LP\LOW_Fr_MASTER_result\regen\7175e22bd079\cy01,superseded,,,0,0,,,
dfdbb05b55424abf,..\2_LP\LOW_Fr_MASTER_result\regen\7175e22bd079\cy02,superseded,,,0,0,,,deck
dfdbb05b55424abf,..\2_LP\LOW_Fr_MASTER_result\regen\7175e22bd079\cy03,superseded,,,0,0,,,deck
dfdbb05b55424abf,..\2_LP\LOW_Fr_MASTER_result\regen\7175e22bd079\cy04,superseded,,,0,0,,,deck
dfdbb05b55424abf,..\2_LP\LOW_Fr_MASTER_result\regen\7175e22bd079\cy05,superseded,,,0,0,,,deck
dfdbb05b55424abf,..\2_LP\LOW_Fr_MASTER_result\regen\7175e22bd079\cy06,superseded,,,0,0,,,deck
dfdbb05b55424abf,..\2_LP\LOW_Fr_MASTER_result\regen\7175e22bd079\cy07,superseded,,,0,0,,,deck
dfdbb05b55424abf,..\2_LP\LOW_Fr_MASTER_result\regen\7175e22bd079\cy08,superseded,,,0,0,,,deck
dfdbb05b55424abf,..\2_LP\LOW_Fr_MASTER_result\regen\7175e22bd079\cy09,superseded,,,0,0,,,deck
dfdbb05b55424abf,..\2_LP\LOW_Fr_MASTER_result\regen\7175e22bd079\cy10,superseded,,,0,0,,,deck
dfdbb05b55424abf,..\2_LP\LOW_Fr_MASTER_result\regen\7175e22bd079\cy11,regen:cy11/11,1.6995,1.5425,25,1,,619.444,deck
,..\2_LP\LOW_Fr_MASTER_result\regen\71aa79fa7610\cy01,superseded,,,0,0,,,
947db8ca2f94d364,..\2_LP\LOW_Fr_MASTER_result\regen\71aa79fa7610\cy02,superseded,,,0,0,,,deck
947db8ca2f94d364,..\2_LP\LOW_Fr_MASTER_result\regen\71aa79fa7610\cy03,superseded,,,0,0,,,deck
947db8ca2f94d364,..\2_LP\LOW_Fr_MASTER_result\regen\71aa79fa7610\cy04,superseded,,,0,0,,,deck
947db8ca2f94d364,..\2_LP\LOW_Fr_MASTER_result\regen\71aa79fa7610\cy05,superseded,,,0,0,,,deck
947db8ca2f94d364,..\2_LP\LOW_Fr_MASTER_result\regen\71aa79fa7610\cy06,superseded,,,0,0,,,deck
947db8ca2f94d364,..\2_LP\LOW_Fr_MASTER_result\regen\71aa79fa7610\cy07,superseded,,,0,0,,,deck
947db8ca2f94d364,..\2_LP\LOW_Fr_MASTER_result\regen\71aa79fa7610\cy08,superseded,,,0,0,,,deck
947db8ca2f94d364,..\2_LP\LOW_Fr_MASTER_result\regen\71aa79fa7610\cy09,superseded,,,0,0,,,deck
947db8ca2f94d364,..\2_LP\LOW_Fr_MASTER_result\regen\71aa79fa7610\cy10,superseded,,,0,0,,,deck
947db8ca2f94d364,..\2_LP\LOW_Fr_MASTER_result\regen\71aa79fa7610\cy11,superseded,,,0,0,,,deck
947db8ca2f94d364,..\2_LP\LOW_Fr_MASTER_result\regen\71aa79fa7610\cy12,regen:cy12/12,1.7021,1.5075,25,1,,616.833,deck
,..\2_LP\LOW_Fr_MASTER_result\regen\71c63102af38\cy01,superseded,,,0,0,,,
8a8435129ece072a,..\2_LP\LOW_Fr_MASTER_result\regen\71c63102af38\cy02,superseded,,,0,0,,,deck
8a8435129ece072a,..\2_LP\LOW_Fr_MASTER_result\regen\71c63102af38\cy03,superseded,,,0,0,,,deck
8a8435129ece072a,..\2_LP\LOW_Fr_MASTER_result\regen\71c63102af38\cy04,superseded,,,0,0,,,deck
8a8435129ece072a,..\2_LP\LOW_Fr_MASTER_result\regen\71c63102af38\cy05,superseded,,,0,0,,,deck
8a8435129ece072a,..\2_LP\LOW_Fr_MASTER_result\regen\71c63102af38\cy06,superseded,,,0,0,,,deck
8a8435129ece072a,..\2_LP\LOW_Fr_MASTER_result\regen\71c63102af38\cy07,superseded,,,0,0,,,deck
8a8435129ece072a,..\2_LP\LOW_Fr_MASTER_result\regen\71c63102af38\cy08,superseded,,,0,0,,,deck
8a8435129ece072a,..\2_LP\LOW_Fr_MASTER_result\regen\71c63102af38\cy09,superseded,,,0,0,,,deck
8a8435129ece072a,..\2_LP\LOW_Fr_MASTER_result\regen\71c63102af38\cy10,superseded,,,0,0,,,deck
8a8435129ece072a,..\2_LP\LOW_Fr_MASTER_result\regen\71c63102af38\cy11,superseded,,,0,0,,,deck
8a8435129ece072a,..\2_LP\LOW_Fr_MASTER_result\regen\71c63102af38\cy12,regen:cy12/12,1.7075,1.5501,25,1,,613.786,deck
,..\2_LP\LOW_Fr_MASTER_result\regen\722ead6a8c0a\cy01,superseded,,,0,0,,,
125e7f37116b8987,..\2_LP\LOW_Fr_MASTER_result\regen\722ead6a8c0a\cy02,superseded,,,0,0,,,deck
125e7f37116b8987,..\2_LP\LOW_Fr_MASTER_result\regen\722ead6a8c0a\cy03,superseded,,,0,0,,,deck
125e7f37116b8987,..\2_LP\LOW_Fr_MASTER_result\regen\722ead6a8c0a\cy04,superseded,,,0,0,,,deck
125e7f37116b8987,..\2_LP\LOW_Fr_MASTER_result\regen\722ead6a8c0a\cy05,superseded,,,0,0,,,deck
125e7f37116b8987,..\2_LP\LOW_Fr_MASTER_result\regen\722ead6a8c0a\cy06,superseded,,,0,0,,,deck
125e7f37116b8987,..\2_LP\LOW_Fr_MASTER_result\regen\722ead6a8c0a\cy07,superseded,,,0,0,,,deck
125e7f37116b8987,..\2_LP\LOW_Fr_MASTER_result\regen\722ead6a8c0a\cy08,superseded,,,0,0,,,deck
125e7f37116b8987,..\2_LP\LOW_Fr_MASTER_result\regen\722ead6a8c0a\cy09,superseded,,,0,0,,,deck
125e7f37116b8987,..\2_LP\LOW_Fr_MASTER_result\regen\722ead6a8c0a\cy10,superseded,,,0,0,,,deck
125e7f37116b8987,..\2_LP\LOW_Fr_MASTER_result\regen\722ead6a8c0a\cy11,regen:cy11/11,1.7044,1.5312,25,1,,622.944,deck
,..\2_LP\LOW_Fr_MASTER_result\regen\727b4574a1d7\cy01,superseded,,,0,0,,,
fda96cd91fa5b920,..\2_LP\LOW_Fr_MASTER_result\regen\727b4574a1d7\cy02,superseded,,,0,0,,,deck
fda96cd91fa5b920,..\2_LP\LOW_Fr_MASTER_result\regen\727b4574a1d7\cy03,superseded,,,0,0,,,deck
fda96cd91fa5b920,..\2_LP\LOW_Fr_MASTER_result\regen\727b4574a1d7\cy04,superseded,,,0,0,,,deck
fda96cd91fa5b920,..\2_LP\LOW_Fr_MASTER_result\regen\727b4574a1d7\cy05,superseded,,,0,0,,,deck
fda96cd91fa5b920,..\2_LP\LOW_Fr_MASTER_result\regen\727b4574a1d7\cy06,superseded,,,0,0,,,deck
fda96cd91fa5b920,..\2_LP\LOW_Fr_MASTER_result\regen\727b4574a1d7\cy07,superseded,,,0,0,,,deck
fda96cd91fa5b920,..\2_LP\LOW_Fr_MASTER_result\regen\727b4574a1d7\cy08,superseded,,,0,0,,,deck
fda96cd91fa5b920,..\2_LP\LOW_Fr_MASTER_result\regen\727b4574a1d7\cy09,superseded,,,0,0,,,deck
fda96cd91fa5b920,..\2_LP\LOW_Fr_MASTER_result\regen\727b4574a1d7\cy10,superseded,,,0,0,,,deck
fda96cd91fa5b920,..\2_LP\LOW_Fr_MASTER_result\regen\727b4574a1d7\cy11,superseded,,,0,0,,,deck
fda96cd91fa5b920,..\2_LP\LOW_Fr_MASTER_result\regen\727b4574a1d7\cy12,regen:cy12/12,1.6815,1.5162,25,1,,619.733,deck
,..\2_LP\LOW_Fr_MASTER_result\regen\72834dd6d085\cy01,superseded,,,0,0,,,
904602adbcc49c6b,..\2_LP\LOW_Fr_MASTER_result\regen\72834dd6d085\cy02,superseded,,,0,0,,,deck
904602adbcc49c6b,..\2_LP\LOW_Fr_MASTER_result\regen\72834dd6d085\cy03,superseded,,,0,0,,,deck
904602adbcc49c6b,..\2_LP\LOW_Fr_MASTER_result\regen\72834dd6d085\cy04,superseded,,,0,0,,,deck
904602adbcc49c6b,..\2_LP\LOW_Fr_MASTER_result\regen\72834dd6d085\cy05,superseded,,,0,0,,,deck
904602adbcc49c6b,..\2_LP\LOW_Fr_MASTER_result\regen\72834dd6d085\cy06,superseded,,,0,0,,,deck
904602adbcc49c6b,..\2_LP\LOW_Fr_MASTER_result\regen\72834dd6d085\cy07,superseded,,,0,0,,,deck
904602adbcc49c6b,..\2_LP\LOW_Fr_MASTER_result\regen\72834dd6d085\cy08,superseded,,,0,0,,,deck
904602adbcc49c6b,..\2_LP\LOW_Fr_MASTER_result\regen\72834dd6d085\cy09,superseded,,,0,0,,,deck
904602adbcc49c6b,..\2_LP\LOW_Fr_MASTER_result\regen\72834dd6d085\cy10,superseded,,,0,0,,,deck
904602adbcc49c6b,..\2_LP\LOW_Fr_MASTER_result\regen\72834dd6d085\cy11,regen:cy11/11,1.6021,1.4697,25,1,,621.723,deck
,..\2_LP\LOW_Fr_MASTER_result\regen\72b0492db51a\cy01,superseded,,,0,0,,,
352be8f42cfd26ed,..\2_LP\LOW_Fr_MASTER_result\regen\72b0492db51a\cy02,superseded,,,0,0,,,deck
352be8f42cfd26ed,..\2_LP\LOW_Fr_MASTER_result\regen\72b0492db51a\cy03,superseded,,,0,0,,,deck
352be8f42cfd26ed,..\2_LP\LOW_Fr_MASTER_result\regen\72b0492db51a\cy04,superseded,,,0,0,,,deck
352be8f42cfd26ed,..\2_LP\LOW_Fr_MASTER_result\regen\72b0492db51a\cy05,superseded,,,0,0,,,deck
352be8f42cfd26ed,..\2_LP\LOW_Fr_MASTER_result\regen\72b0492db51a\cy06,superseded,,,0,0,,,deck
352be8f42cfd26ed,..\2_LP\LOW_Fr_MASTER_result\regen\72b0492db51a\cy07,superseded,,,0,0,,,deck
352be8f42cfd26ed,..\2_LP\LOW_Fr_MASTER_result\regen\72b0492db51a\cy08,superseded,,,0,0,,,deck
352be8f42cfd26ed,..\2_LP\LOW_Fr_MASTER_result\regen\72b0492db51a\cy09,superseded,,,0,0,,,deck
352be8f42cfd26ed,..\2_LP\LOW_Fr_MASTER_result\regen\72b0492db51a\cy10,superseded,,,0,0,,,deck
352be8f42cfd26ed,..\2_LP\LOW_Fr_MASTER_result\regen\72b0492db51a\cy11,superseded,,,0,0,,,deck
352be8f42cfd26ed,..\2_LP\LOW_Fr_MASTER_result\regen\72b0492db51a\cy12,regen:cy12/12,1.7402,1.6084,25,1,,619.023,deck
,..\2_LP\LOW_Fr_MASTER_result\regen\73593e264c09\cy01,superseded,,,0,0,,,
8f20af6f66593d12,..\2_LP\LOW_Fr_MASTER_result\regen\73593e264c09\cy02,superseded,,,0,0,,,deck
8f20af6f66593d12,..\2_LP\LOW_Fr_MASTER_result\regen\73593e264c09\cy03,superseded,,,0,0,,,deck
8f20af6f66593d12,..\2_LP\LOW_Fr_MASTER_result\regen\73593e264c09\cy04,superseded,,,0,0,,,deck
8f20af6f66593d12,..\2_LP\LOW_Fr_MASTER_result\regen\73593e264c09\cy05,superseded,,,0,0,,,deck
8f20af6f66593d12,..\2_LP\LOW_Fr_MASTER_result\regen\73593e264c09\cy06,superseded,,,0,0,,,deck
8f20af6f66593d12,..\2_LP\LOW_Fr_MASTER_result\regen\73593e264c09\cy07,superseded,,,0,0,,,deck
8f20af6f66593d12,..\2_LP\LOW_Fr_MASTER_result\regen\73593e264c09\cy08,superseded,,,0,0,,,deck
8f20af6f66593d12,..\2_LP\LOW_Fr_MASTER_result\regen\73593e264c09\cy09,superseded,,,0,0,,,deck
8f20af6f66593d12,..\2_LP\LOW_Fr_MASTER_result\regen\73593e264c09\cy10,superseded,,,0,0,,,deck
8f20af6f66593d12,..\2_LP\LOW_Fr_MASTER_result\regen\73593e264c09\cy11,regen:cy11/11,1.7996,1.5976,25,1,,619.211,deck
,..\2_LP\LOW_Fr_MASTER_result\regen\73dfe365299a\cy01,superseded,,,0,0,,,
f5df19bc458182a8,..\2_LP\LOW_Fr_MASTER_result\regen\73dfe365299a\cy02,superseded,,,0,0,,,deck
f5df19bc458182a8,..\2_LP\LOW_Fr_MASTER_result\regen\73dfe365299a\cy03,superseded,,,0,0,,,deck
f5df19bc458182a8,..\2_LP\LOW_Fr_MASTER_result\regen\73dfe365299a\cy04,superseded,,,0,0,,,deck
f5df19bc458182a8,..\2_LP\LOW_Fr_MASTER_result\regen\73dfe365299a\cy05,superseded,,,0,0,,,deck
f5df19bc458182a8,..\2_LP\LOW_Fr_MASTER_result\regen\73dfe365299a\cy06,superseded,,,0,0,,,deck
f5df19bc458182a8,..\2_LP\LOW_Fr_MASTER_result\regen\73dfe365299a\cy07,superseded,,,0,0,,,deck
f5df19bc458182a8,..\2_LP\LOW_Fr_MASTER_result\regen\73dfe365299a\cy08,superseded,,,0,0,,,deck
f5df19bc458182a8,..\2_LP\LOW_Fr_MASTER_result\regen\73dfe365299a\cy09,superseded,,,0,0,,,deck
f5df19bc458182a8,..\2_LP\LOW_Fr_MASTER_result\regen\73dfe365299a\cy10,superseded,,,0,0,,,deck
f5df19bc458182a8,..\2_LP\LOW_Fr_MASTER_result\regen\73dfe365299a\cy11,superseded,,,0,0,,,deck
f5df19bc458182a8,..\2_LP\LOW_Fr_MASTER_result\regen\73dfe365299a\cy12,regen:cy12/12,1.6875,1.5306,25,1,,614.092,deck
,..\2_LP\LOW_Fr_MASTER_result\regen\73f6696391f5\cy01,superseded,,,0,0,,,
ddcf0d8b34c3772c,..\2_LP\LOW_Fr_MASTER_result\regen\73f6696391f5\cy02,superseded,,,0,0,,,deck
ddcf0d8b34c3772c,..\2_LP\LOW_Fr_MASTER_result\regen\73f6696391f5\cy03,superseded,,,0,0,,,deck
ddcf0d8b34c3772c,..\2_LP\LOW_Fr_MASTER_result\regen\73f6696391f5\cy04,superseded,,,0,0,,,deck
ddcf0d8b34c3772c,..\2_LP\LOW_Fr_MASTER_result\regen\73f6696391f5\cy05,superseded,,,0,0,,,deck
ddcf0d8b34c3772c,..\2_LP\LOW_Fr_MASTER_result\regen\73f6696391f5\cy06,superseded,,,0,0,,,deck
ddcf0d8b34c3772c,..\2_LP\LOW_Fr_MASTER_result\regen\73f6696391f5\cy07,superseded,,,0,0,,,deck
ddcf0d8b34c3772c,..\2_LP\LOW_Fr_MASTER_result\regen\73f6696391f5\cy08,superseded,,,0,0,,,deck
ddcf0d8b34c3772c,..\2_LP\LOW_Fr_MASTER_result\regen\73f6696391f5\cy09,superseded,,,0,0,,,deck
ddcf0d8b34c3772c,..\2_LP\LOW_Fr_MASTER_result\regen\73f6696391f5\cy10,superseded,,,0,0,,,deck
ddcf0d8b34c3772c,..\2_LP\LOW_Fr_MASTER_result\regen\73f6696391f5\cy11,superseded,,,0,0,,,deck
ddcf0d8b34c3772c,..\2_LP\LOW_Fr_MASTER_result\regen\73f6696391f5\cy12,regen:cy12/12,1.6611,1.5034,25,1,,621.806,deck
,..\2_LP\LOW_Fr_MASTER_result\regen\741c6a43cadb\cy01,superseded,,,0,0,,,
953f7d7343c664f8,..\2_LP\LOW_Fr_MASTER_result\regen\741c6a43cadb\cy02,superseded,,,0,0,,,deck
953f7d7343c664f8,..\2_LP\LOW_Fr_MASTER_result\regen\741c6a43cadb\cy03,superseded,,,0,0,,,deck
953f7d7343c664f8,..\2_LP\LOW_Fr_MASTER_result\regen\741c6a43cadb\cy04,superseded,,,0,0,,,deck
953f7d7343c664f8,..\2_LP\LOW_Fr_MASTER_result\regen\741c6a43cadb\cy05,superseded,,,0,0,,,deck
953f7d7343c664f8,..\2_LP\LOW_Fr_MASTER_result\regen\741c6a43cadb\cy06,superseded,,,0,0,,,deck
953f7d7343c664f8,..\2_LP\LOW_Fr_MASTER_result\regen\741c6a43cadb\cy07,superseded,,,0,0,,,deck
953f7d7343c664f8,..\2_LP\LOW_Fr_MASTER_result\regen\741c6a43cadb\cy08,superseded,,,0,0,,,deck
953f7d7343c664f8,..\2_LP\LOW_Fr_MASTER_result\regen\741c6a43cadb\cy09,superseded,,,0,0,,,deck
953f7d7343c664f8,..\2_LP\LOW_Fr_MASTER_result\regen\741c6a43cadb\cy10,superseded,,,0,0,,,deck
953f7d7343c664f8,..\2_LP\LOW_Fr_MASTER_result\regen\741c6a43cadb\cy11,superseded,,,0,0,,,deck
953f7d7343c664f8,..\2_LP\LOW_Fr_MASTER_result\regen\741c6a43cadb\cy12,regen:cy12/12,1.7131,1.5079,25,1,,616.453,deck
,..\2_LP\LOW_Fr_MASTER_result\regen\7462b23ff808\cy01,superseded,,,0,0,,,
6e6fdd276bd8fecd,..\2_LP\LOW_Fr_MASTER_result\regen\7462b23ff808\cy02,superseded,,,0,0,,,deck
6e6fdd276bd8fecd,..\2_LP\LOW_Fr_MASTER_result\regen\7462b23ff808\cy03,superseded,,,0,0,,,deck
6e6fdd276bd8fecd,..\2_LP\LOW_Fr_MASTER_result\regen\7462b23ff808\cy04,superseded,,,0,0,,,deck
6e6fdd276bd8fecd,..\2_LP\LOW_Fr_MASTER_result\regen\7462b23ff808\cy05,superseded,,,0,0,,,deck
6e6fdd276bd8fecd,..\2_LP\LOW_Fr_MASTER_result\regen\7462b23ff808\cy06,superseded,,,0,0,,,deck
6e6fdd276bd8fecd,..\2_LP\LOW_Fr_MASTER_result\regen\7462b23ff808\cy07,superseded,,,0,0,,,deck
6e6fdd276bd8fecd,..\2_LP\LOW_Fr_MASTER_result\regen\7462b23ff808\cy08,superseded,,,0,0,,,deck
6e6fdd276bd8fecd,..\2_LP\LOW_Fr_MASTER_result\regen\7462b23ff808\cy09,superseded,,,0,0,,,deck
6e6fdd276bd8fecd,..\2_LP\LOW_Fr_MASTER_result\regen\7462b23ff808\cy10,superseded,,,0,0,,,deck
6e6fdd276bd8fecd,..\2_LP\LOW_Fr_MASTER_result\regen\7462b23ff808\cy11,superseded,,,0,0,,,deck
6e6fdd276bd8fecd,..\2_LP\LOW_Fr_MASTER_result\regen\7462b23ff808\cy12,regen:cy12/12,1.5996,1.4538,25,1,,623.432,deck
,..\2_LP\LOW_Fr_MASTER_result\regen\74995f2110d4\cy01,superseded,,,0,0,,,
ede14a7ee7efb1aa,..\2_LP\LOW_Fr_MASTER_result\regen\74995f2110d4\cy02,superseded,,,0,0,,,deck
ede14a7ee7efb1aa,..\2_LP\LOW_Fr_MASTER_result\regen\74995f2110d4\cy03,superseded,,,0,0,,,deck
ede14a7ee7efb1aa,..\2_LP\LOW_Fr_MASTER_result\regen\74995f2110d4\cy04,superseded,,,0,0,,,deck
ede14a7ee7efb1aa,..\2_LP\LOW_Fr_MASTER_result\regen\74995f2110d4\cy05,superseded,,,0,0,,,deck
ede14a7ee7efb1aa,..\2_LP\LOW_Fr_MASTER_result\regen\74995f2110d4\cy06,superseded,,,0,0,,,deck
ede14a7ee7efb1aa,..\2_LP\LOW_Fr_MASTER_result\regen\74995f2110d4\cy07,superseded,,,0,0,,,deck
ede14a7ee7efb1aa,..\2_LP\LOW_Fr_MASTER_result\regen\74995f2110d4\cy08,superseded,,,0,0,,,deck
ede14a7ee7efb1aa,..\2_LP\LOW_Fr_MASTER_result\regen\74995f2110d4\cy09,superseded,,,0,0,,,deck
ede14a7ee7efb1aa,..\2_LP\LOW_Fr_MASTER_result\regen\74995f2110d4\cy10,superseded,,,0,0,,,deck
ede14a7ee7efb1aa,..\2_LP\LOW_Fr_MASTER_result\regen\74995f2110d4\cy11,regen:cy11/11,1.6577,1.5286,25,1,,621.749,deck
,..\2_LP\LOW_Fr_MASTER_result\regen\752b342cc086\cy01,superseded,,,0,0,,,
6d7fccfed0512b21,..\2_LP\LOW_Fr_MASTER_result\regen\752b342cc086\cy02,superseded,,,0,0,,,deck
6d7fccfed0512b21,..\2_LP\LOW_Fr_MASTER_result\regen\752b342cc086\cy03,superseded,,,0,0,,,deck
6d7fccfed0512b21,..\2_LP\LOW_Fr_MASTER_result\regen\752b342cc086\cy04,superseded,,,0,0,,,deck
6d7fccfed0512b21,..\2_LP\LOW_Fr_MASTER_result\regen\752b342cc086\cy05,superseded,,,0,0,,,deck
6d7fccfed0512b21,..\2_LP\LOW_Fr_MASTER_result\regen\752b342cc086\cy06,superseded,,,0,0,,,deck
6d7fccfed0512b21,..\2_LP\LOW_Fr_MASTER_result\regen\752b342cc086\cy07,superseded,,,0,0,,,deck
6d7fccfed0512b21,..\2_LP\LOW_Fr_MASTER_result\regen\752b342cc086\cy08,superseded,,,0,0,,,deck
6d7fccfed0512b21,..\2_LP\LOW_Fr_MASTER_result\regen\752b342cc086\cy09,superseded,,,0,0,,,deck
6d7fccfed0512b21,..\2_LP\LOW_Fr_MASTER_result\regen\752b342cc086\cy10,superseded,,,0,0,,,deck
6d7fccfed0512b21,..\2_LP\LOW_Fr_MASTER_result\regen\752b342cc086\cy11,superseded,,,0,0,,,deck
6d7fccfed0512b21,..\2_LP\LOW_Fr_MASTER_result\regen\752b342cc086\cy12,regen:cy12/12,1.6438,1.5057,25,1,,620.836,deck
,..\2_LP\LOW_Fr_MASTER_result\regen\753c7ca4a565\cy01,superseded,,,0,0,,,
05ca19c6c5b489eb,..\2_LP\LOW_Fr_MASTER_result\regen\753c7ca4a565\cy02,superseded,,,0,0,,,deck
05ca19c6c5b489eb,..\2_LP\LOW_Fr_MASTER_result\regen\753c7ca4a565\cy03,superseded,,,0,0,,,deck
05ca19c6c5b489eb,..\2_LP\LOW_Fr_MASTER_result\regen\753c7ca4a565\cy04,superseded,,,0,0,,,deck
05ca19c6c5b489eb,..\2_LP\LOW_Fr_MASTER_result\regen\753c7ca4a565\cy05,superseded,,,0,0,,,deck
05ca19c6c5b489eb,..\2_LP\LOW_Fr_MASTER_result\regen\753c7ca4a565\cy06,superseded,,,0,0,,,deck
05ca19c6c5b489eb,..\2_LP\LOW_Fr_MASTER_result\regen\753c7ca4a565\cy07,superseded,,,0,0,,,deck
05ca19c6c5b489eb,..\2_LP\LOW_Fr_MASTER_result\regen\753c7ca4a565\cy08,superseded,,,0,0,,,deck
05ca19c6c5b489eb,..\2_LP\LOW_Fr_MASTER_result\regen\753c7ca4a565\cy09,superseded,,,0,0,,,deck
05ca19c6c5b489eb,..\2_LP\LOW_Fr_MASTER_result\regen\753c7ca4a565\cy10,superseded,,,0,0,,,deck
05ca19c6c5b489eb,..\2_LP\LOW_Fr_MASTER_result\regen\753c7ca4a565\cy11,regen:cy11/11,1.6683,1.506,25,1,,622.254,deck
,..\2_LP\LOW_Fr_MASTER_result\regen\75662be08461\cy01,superseded,,,0,0,,,
abdaae46c20fe8c6,..\2_LP\LOW_Fr_MASTER_result\regen\75662be08461\cy02,superseded,,,0,0,,,deck
abdaae46c20fe8c6,..\2_LP\LOW_Fr_MASTER_result\regen\75662be08461\cy03,superseded,,,0,0,,,deck
abdaae46c20fe8c6,..\2_LP\LOW_Fr_MASTER_result\regen\75662be08461\cy04,superseded,,,0,0,,,deck
abdaae46c20fe8c6,..\2_LP\LOW_Fr_MASTER_result\regen\75662be08461\cy05,superseded,,,0,0,,,deck
abdaae46c20fe8c6,..\2_LP\LOW_Fr_MASTER_result\regen\75662be08461\cy06,superseded,,,0,0,,,deck
abdaae46c20fe8c6,..\2_LP\LOW_Fr_MASTER_result\regen\75662be08461\cy07,superseded,,,0,0,,,deck
abdaae46c20fe8c6,..\2_LP\LOW_Fr_MASTER_result\regen\75662be08461\cy08,superseded,,,0,0,,,deck
abdaae46c20fe8c6,..\2_LP\LOW_Fr_MASTER_result\regen\75662be08461\cy09,superseded,,,0,0,,,deck
abdaae46c20fe8c6,..\2_LP\LOW_Fr_MASTER_result\regen\75662be08461\cy10,superseded,,,0,0,,,deck
abdaae46c20fe8c6,..\2_LP\LOW_Fr_MASTER_result\regen\75662be08461\cy11,regen:cy11/11,1.6573,1.5282,25,1,,621.796,deck
,..\2_LP\LOW_Fr_MASTER_result\regen\760bf5fe849d\cy01,superseded,,,0,0,,,
38100844b9c38515,..\2_LP\LOW_Fr_MASTER_result\regen\760bf5fe849d\cy02,superseded,,,0,0,,,deck
38100844b9c38515,..\2_LP\LOW_Fr_MASTER_result\regen\760bf5fe849d\cy03,superseded,,,0,0,,,deck
38100844b9c38515,..\2_LP\LOW_Fr_MASTER_result\regen\760bf5fe849d\cy04,superseded,,,0,0,,,deck
38100844b9c38515,..\2_LP\LOW_Fr_MASTER_result\regen\760bf5fe849d\cy05,superseded,,,0,0,,,deck
38100844b9c38515,..\2_LP\LOW_Fr_MASTER_result\regen\760bf5fe849d\cy06,superseded,,,0,0,,,deck
38100844b9c38515,..\2_LP\LOW_Fr_MASTER_result\regen\760bf5fe849d\cy07,superseded,,,0,0,,,deck
38100844b9c38515,..\2_LP\LOW_Fr_MASTER_result\regen\760bf5fe849d\cy08,superseded,,,0,0,,,deck
38100844b9c38515,..\2_LP\LOW_Fr_MASTER_result\regen\760bf5fe849d\cy09,superseded,,,0,0,,,deck
38100844b9c38515,..\2_LP\LOW_Fr_MASTER_result\regen\760bf5fe849d\cy10,superseded,,,0,0,,,deck
38100844b9c38515,..\2_LP\LOW_Fr_MASTER_result\regen\760bf5fe849d\cy11,regen:cy11/11,1.6332,1.5154,25,1,,621.92,deck
,..\2_LP\LOW_Fr_MASTER_result\regen\76569a182d79\cy01,superseded,,,0,0,,,
b0077ca467857dc6,..\2_LP\LOW_Fr_MASTER_result\regen\76569a182d79\cy02,superseded,,,0,0,,,deck
b0077ca467857dc6,..\2_LP\LOW_Fr_MASTER_result\regen\76569a182d79\cy03,superseded,,,0,0,,,deck
b0077ca467857dc6,..\2_LP\LOW_Fr_MASTER_result\regen\76569a182d79\cy04,superseded,,,0,0,,,deck
b0077ca467857dc6,..\2_LP\LOW_Fr_MASTER_result\regen\76569a182d79\cy05,superseded,,,0,0,,,deck
b0077ca467857dc6,..\2_LP\LOW_Fr_MASTER_result\regen\76569a182d79\cy06,superseded,,,0,0,,,deck
b0077ca467857dc6,..\2_LP\LOW_Fr_MASTER_result\regen\76569a182d79\cy07,superseded,,,0,0,,,deck
b0077ca467857dc6,..\2_LP\LOW_Fr_MASTER_result\regen\76569a182d79\cy08,superseded,,,0,0,,,deck
b0077ca467857dc6,..\2_LP\LOW_Fr_MASTER_result\regen\76569a182d79\cy09,superseded,,,0,0,,,deck
b0077ca467857dc6,..\2_LP\LOW_Fr_MASTER_result\regen\76569a182d79\cy10,superseded,,,0,0,,,deck
b0077ca467857dc6,..\2_LP\LOW_Fr_MASTER_result\regen\76569a182d79\cy11,superseded,,,0,0,,,deck
b0077ca467857dc6,..\2_LP\LOW_Fr_MASTER_result\regen\76569a182d79\cy12,regen:cy12/12,1.575,1.4096,25,1,,617.307,deck
,..\2_LP\LOW_Fr_MASTER_result\regen\76d21118a36b\cy01,superseded,,,0,0,,,
e61707edc6486461,..\2_LP\LOW_Fr_MASTER_result\regen\76d21118a36b\cy02,superseded,,,0,0,,,deck
e61707edc6486461,..\2_LP\LOW_Fr_MASTER_result\regen\76d21118a36b\cy03,superseded,,,0,0,,,deck
e61707edc6486461,..\2_LP\LOW_Fr_MASTER_result\regen\76d21118a36b\cy04,superseded,,,0,0,,,deck
e61707edc6486461,..\2_LP\LOW_Fr_MASTER_result\regen\76d21118a36b\cy05,superseded,,,0,0,,,deck
e61707edc6486461,..\2_LP\LOW_Fr_MASTER_result\regen\76d21118a36b\cy06,superseded,,,0,0,,,deck
e61707edc6486461,..\2_LP\LOW_Fr_MASTER_result\regen\76d21118a36b\cy07,superseded,,,0,0,,,deck
e61707edc6486461,..\2_LP\LOW_Fr_MASTER_result\regen\76d21118a36b\cy08,superseded,,,0,0,,,deck
e61707edc6486461,..\2_LP\LOW_Fr_MASTER_result\regen\76d21118a36b\cy09,superseded,,,0,0,,,deck
e61707edc6486461,..\2_LP\LOW_Fr_MASTER_result\regen\76d21118a36b\cy10,superseded,,,0,0,,,deck
e61707edc6486461,..\2_LP\LOW_Fr_MASTER_result\regen\76d21118a36b\cy11,superseded,,,0,0,,,deck
e61707edc6486461,..\2_LP\LOW_Fr_MASTER_result\regen\76d21118a36b\cy12,regen:cy12/12,1.6788,1.5257,25,1,,619.302,deck
,..\2_LP\LOW_Fr_MASTER_result\regen\77600ba2488f\cy01,superseded,,,0,0,,,
535a2216fc9acb86,..\2_LP\LOW_Fr_MASTER_result\regen\77600ba2488f\cy02,superseded,,,0,0,,,deck
535a2216fc9acb86,..\2_LP\LOW_Fr_MASTER_result\regen\77600ba2488f\cy03,superseded,,,0,0,,,deck
535a2216fc9acb86,..\2_LP\LOW_Fr_MASTER_result\regen\77600ba2488f\cy04,superseded,,,0,0,,,deck
535a2216fc9acb86,..\2_LP\LOW_Fr_MASTER_result\regen\77600ba2488f\cy05,superseded,,,0,0,,,deck
535a2216fc9acb86,..\2_LP\LOW_Fr_MASTER_result\regen\77600ba2488f\cy06,superseded,,,0,0,,,deck
535a2216fc9acb86,..\2_LP\LOW_Fr_MASTER_result\regen\77600ba2488f\cy07,superseded,,,0,0,,,deck
535a2216fc9acb86,..\2_LP\LOW_Fr_MASTER_result\regen\77600ba2488f\cy08,superseded,,,0,0,,,deck
535a2216fc9acb86,..\2_LP\LOW_Fr_MASTER_result\regen\77600ba2488f\cy09,superseded,,,0,0,,,deck
535a2216fc9acb86,..\2_LP\LOW_Fr_MASTER_result\regen\77600ba2488f\cy10,superseded,,,0,0,,,deck
535a2216fc9acb86,..\2_LP\LOW_Fr_MASTER_result\regen\77600ba2488f\cy11,regen:cy11/11,1.9937,1.8063,25,1,,621.944,deck
,..\2_LP\LOW_Fr_MASTER_result\regen\77c884fbed06\cy01,superseded,,,0,0,,,
085f0802b0fb2c4a,..\2_LP\LOW_Fr_MASTER_result\regen\77c884fbed06\cy02,superseded,,,0,0,,,deck
085f0802b0fb2c4a,..\2_LP\LOW_Fr_MASTER_result\regen\77c884fbed06\cy03,superseded,,,0,0,,,deck
085f0802b0fb2c4a,..\2_LP\LOW_Fr_MASTER_result\regen\77c884fbed06\cy04,superseded,,,0,0,,,deck
085f0802b0fb2c4a,..\2_LP\LOW_Fr_MASTER_result\regen\77c884fbed06\cy05,superseded,,,0,0,,,deck
085f0802b0fb2c4a,..\2_LP\LOW_Fr_MASTER_result\regen\77c884fbed06\cy06,superseded,,,0,0,,,deck
085f0802b0fb2c4a,..\2_LP\LOW_Fr_MASTER_result\regen\77c884fbed06\cy07,superseded,,,0,0,,,deck
085f0802b0fb2c4a,..\2_LP\LOW_Fr_MASTER_result\regen\77c884fbed06\cy08,superseded,,,0,0,,,deck
085f0802b0fb2c4a,..\2_LP\LOW_Fr_MASTER_result\regen\77c884fbed06\cy09,superseded,,,0,0,,,deck
085f0802b0fb2c4a,..\2_LP\LOW_Fr_MASTER_result\regen\77c884fbed06\cy10,superseded,,,0,0,,,deck
085f0802b0fb2c4a,..\2_LP\LOW_Fr_MASTER_result\regen\77c884fbed06\cy11,superseded,,,0,0,,,deck
085f0802b0fb2c4a,..\2_LP\LOW_Fr_MASTER_result\regen\77c884fbed06\cy12,regen:cy12/12,1.6538,1.5259,25,1,,621.964,deck
,..\2_LP\LOW_Fr_MASTER_result\regen\78377f7b1bdd\cy01,superseded,,,0,0,,,
2a756d8762f55ca5,..\2_LP\LOW_Fr_MASTER_result\regen\78377f7b1bdd\cy02,superseded,,,0,0,,,deck
2a756d8762f55ca5,..\2_LP\LOW_Fr_MASTER_result\regen\78377f7b1bdd\cy03,superseded,,,0,0,,,deck
2a756d8762f55ca5,..\2_LP\LOW_Fr_MASTER_result\regen\78377f7b1bdd\cy04,superseded,,,0,0,,,deck
2a756d8762f55ca5,..\2_LP\LOW_Fr_MASTER_result\regen\78377f7b1bdd\cy05,superseded,,,0,0,,,deck
2a756d8762f55ca5,..\2_LP\LOW_Fr_MASTER_result\regen\78377f7b1bdd\cy06,superseded,,,0,0,,,deck
2a756d8762f55ca5,..\2_LP\LOW_Fr_MASTER_result\regen\78377f7b1bdd\cy07,superseded,,,0,0,,,deck
2a756d8762f55ca5,..\2_LP\LOW_Fr_MASTER_result\regen\78377f7b1bdd\cy08,superseded,,,0,0,,,deck
2a756d8762f55ca5,..\2_LP\LOW_Fr_MASTER_result\regen\78377f7b1bdd\cy09,superseded,,,0,0,,,deck
2a756d8762f55ca5,..\2_LP\LOW_Fr_MASTER_result\regen\78377f7b1bdd\cy10,superseded,,,0,0,,,deck
2a756d8762f55ca5,..\2_LP\LOW_Fr_MASTER_result\regen\78377f7b1bdd\cy11,regen:cy11/11,1.6583,1.5106,25,1,,621.619,deck
,..\2_LP\LOW_Fr_MASTER_result\regen\791844fb6ed7\cy01,superseded,,,0,0,,,
2a81e2603db8262d,..\2_LP\LOW_Fr_MASTER_result\regen\791844fb6ed7\cy02,superseded,,,0,0,,,deck
2a81e2603db8262d,..\2_LP\LOW_Fr_MASTER_result\regen\791844fb6ed7\cy03,superseded,,,0,0,,,deck
2a81e2603db8262d,..\2_LP\LOW_Fr_MASTER_result\regen\791844fb6ed7\cy04,superseded,,,0,0,,,deck
2a81e2603db8262d,..\2_LP\LOW_Fr_MASTER_result\regen\791844fb6ed7\cy05,superseded,,,0,0,,,deck
2a81e2603db8262d,..\2_LP\LOW_Fr_MASTER_result\regen\791844fb6ed7\cy06,superseded,,,0,0,,,deck
2a81e2603db8262d,..\2_LP\LOW_Fr_MASTER_result\regen\791844fb6ed7\cy07,superseded,,,0,0,,,deck
2a81e2603db8262d,..\2_LP\LOW_Fr_MASTER_result\regen\791844fb6ed7\cy08,superseded,,,0,0,,,deck
2a81e2603db8262d,..\2_LP\LOW_Fr_MASTER_result\regen\791844fb6ed7\cy09,superseded,,,0,0,,,deck
2a81e2603db8262d,..\2_LP\LOW_Fr_MASTER_result\regen\791844fb6ed7\cy10,superseded,,,0,0,,,deck
2a81e2603db8262d,..\2_LP\LOW_Fr_MASTER_result\regen\791844fb6ed7\cy11,superseded,,,0,0,,,deck
2a81e2603db8262d,..\2_LP\LOW_Fr_MASTER_result\regen\791844fb6ed7\cy12,regen:cy12/12,1.6749,1.514,25,1,,622.739,deck
,..\2_LP\LOW_Fr_MASTER_result\regen\7934c239067c\cy01,superseded,,,0,0,,,
312105018f879683,..\2_LP\LOW_Fr_MASTER_result\regen\7934c239067c\cy02,superseded,,,0,0,,,deck
312105018f879683,..\2_LP\LOW_Fr_MASTER_result\regen\7934c239067c\cy03,superseded,,,0,0,,,deck
312105018f879683,..\2_LP\LOW_Fr_MASTER_result\regen\7934c239067c\cy04,superseded,,,0,0,,,deck
312105018f879683,..\2_LP\LOW_Fr_MASTER_result\regen\7934c239067c\cy05,superseded,,,0,0,,,deck
312105018f879683,..\2_LP\LOW_Fr_MASTER_result\regen\7934c239067c\cy06,superseded,,,0,0,,,deck
312105018f879683,..\2_LP\LOW_Fr_MASTER_result\regen\7934c239067c\cy07,superseded,,,0,0,,,deck
312105018f879683,..\2_LP\LOW_Fr_MASTER_result\regen\7934c239067c\cy08,superseded,,,0,0,,,deck
312105018f879683,..\2_LP\LOW_Fr_MASTER_result\regen\7934c239067c\cy09,superseded,,,0,0,,,deck
312105018f879683,..\2_LP\LOW_Fr_MASTER_result\regen\7934c239067c\cy10,superseded,,,0,0,,,deck
312105018f879683,..\2_LP\LOW_Fr_MASTER_result\regen\7934c239067c\cy11,superseded,,,0,0,,,deck
312105018f879683,..\2_LP\LOW_Fr_MASTER_result\regen\7934c239067c\cy12,regen:cy12/12,1.6867,1.5305,25,1,,613.895,deck
,..\2_LP\LOW_Fr_MASTER_result\regen\79ce3fb602b2\cy01,superseded,,,0,0,,,
21a24e7968a098e0,..\2_LP\LOW_Fr_MASTER_result\regen\79ce3fb602b2\cy02,superseded,,,0,0,,,deck
21a24e7968a098e0,..\2_LP\LOW_Fr_MASTER_result\regen\79ce3fb602b2\cy03,superseded,,,0,0,,,deck
21a24e7968a098e0,..\2_LP\LOW_Fr_MASTER_result\regen\79ce3fb602b2\cy04,superseded,,,0,0,,,deck
21a24e7968a098e0,..\2_LP\LOW_Fr_MASTER_result\regen\79ce3fb602b2\cy05,superseded,,,0,0,,,deck
21a24e7968a098e0,..\2_LP\LOW_Fr_MASTER_result\regen\79ce3fb602b2\cy06,superseded,,,0,0,,,deck
21a24e7968a098e0,..\2_LP\LOW_Fr_MASTER_result\regen\79ce3fb602b2\cy07,superseded,,,0,0,,,deck
21a24e7968a098e0,..\2_LP\LOW_Fr_MASTER_result\regen\79ce3fb602b2\cy08,superseded,,,0,0,,,deck
21a24e7968a098e0,..\2_LP\LOW_Fr_MASTER_result\regen\79ce3fb602b2\cy09,superseded,,,0,0,,,deck
21a24e7968a098e0,..\2_LP\LOW_Fr_MASTER_result\regen\79ce3fb602b2\cy10,superseded,,,0,0,,,deck
21a24e7968a098e0,..\2_LP\LOW_Fr_MASTER_result\regen\79ce3fb602b2\cy11,superseded,,,0,0,,,deck
21a24e7968a098e0,..\2_LP\LOW_Fr_MASTER_result\regen\79ce3fb602b2\cy12,regen:cy12/12,1.6948,1.5358,25,1,,613.809,deck
,..\2_LP\LOW_Fr_MASTER_result\regen\7a44b6314751\cy01,superseded,,,0,0,,,
ae377c53b1da1db2,..\2_LP\LOW_Fr_MASTER_result\regen\7a44b6314751\cy02,superseded,,,0,0,,,deck
ae377c53b1da1db2,..\2_LP\LOW_Fr_MASTER_result\regen\7a44b6314751\cy03,superseded,,,0,0,,,deck
ae377c53b1da1db2,..\2_LP\LOW_Fr_MASTER_result\regen\7a44b6314751\cy04,superseded,,,0,0,,,deck
ae377c53b1da1db2,..\2_LP\LOW_Fr_MASTER_result\regen\7a44b6314751\cy05,superseded,,,0,0,,,deck
ae377c53b1da1db2,..\2_LP\LOW_Fr_MASTER_result\regen\7a44b6314751\cy06,superseded,,,0,0,,,deck
ae377c53b1da1db2,..\2_LP\LOW_Fr_MASTER_result\regen\7a44b6314751\cy07,superseded,,,0,0,,,deck
ae377c53b1da1db2,..\2_LP\LOW_Fr_MASTER_result\regen\7a44b6314751\cy08,superseded,,,0,0,,,deck
ae377c53b1da1db2,..\2_LP\LOW_Fr_MASTER_result\regen\7a44b6314751\cy09,superseded,,,0,0,,,deck
ae377c53b1da1db2,..\2_LP\LOW_Fr_MASTER_result\regen\7a44b6314751\cy10,superseded,,,0,0,,,deck
ae377c53b1da1db2,..\2_LP\LOW_Fr_MASTER_result\regen\7a44b6314751\cy11,regen:cy11/11,1.7328,1.5627,25,1,,613.682,deck
,..\2_LP\LOW_Fr_MASTER_result\regen\7a4f8feb6678\cy01,superseded,,,0,0,,,
317a98c0c7775218,..\2_LP\LOW_Fr_MASTER_result\regen\7a4f8feb6678\cy02,superseded,,,0,0,,,deck
317a98c0c7775218,..\2_LP\LOW_Fr_MASTER_result\regen\7a4f8feb6678\cy03,superseded,,,0,0,,,deck
317a98c0c7775218,..\2_LP\LOW_Fr_MASTER_result\regen\7a4f8feb6678\cy04,superseded,,,0,0,,,deck
317a98c0c7775218,..\2_LP\LOW_Fr_MASTER_result\regen\7a4f8feb6678\cy05,superseded,,,0,0,,,deck
317a98c0c7775218,..\2_LP\LOW_Fr_MASTER_result\regen\7a4f8feb6678\cy06,superseded,,,0,0,,,deck
317a98c0c7775218,..\2_LP\LOW_Fr_MASTER_result\regen\7a4f8feb6678\cy07,superseded,,,0,0,,,deck
317a98c0c7775218,..\2_LP\LOW_Fr_MASTER_result\regen\7a4f8feb6678\cy08,superseded,,,0,0,,,deck
317a98c0c7775218,..\2_LP\LOW_Fr_MASTER_result\regen\7a4f8feb6678\cy09,superseded,,,0,0,,,deck
317a98c0c7775218,..\2_LP\LOW_Fr_MASTER_result\regen\7a4f8feb6678\cy10,superseded,,,0,0,,,deck
317a98c0c7775218,..\2_LP\LOW_Fr_MASTER_result\regen\7a4f8feb6678\cy11,superseded,,,0,0,,,deck
317a98c0c7775218,..\2_LP\LOW_Fr_MASTER_result\regen\7a4f8feb6678\cy12,regen:cy12/12,1.7103,1.5521,25,1,,614.315,deck
,..\2_LP\LOW_Fr_MASTER_result\regen\7a90e0d47334\cy01,superseded,,,0,0,,,
25769ec8d4de41f6,..\2_LP\LOW_Fr_MASTER_result\regen\7a90e0d47334\cy02,superseded,,,0,0,,,deck
25769ec8d4de41f6,..\2_LP\LOW_Fr_MASTER_result\regen\7a90e0d47334\cy03,superseded,,,0,0,,,deck
25769ec8d4de41f6,..\2_LP\LOW_Fr_MASTER_result\regen\7a90e0d47334\cy04,superseded,,,0,0,,,deck
25769ec8d4de41f6,..\2_LP\LOW_Fr_MASTER_result\regen\7a90e0d47334\cy05,superseded,,,0,0,,,deck
25769ec8d4de41f6,..\2_LP\LOW_Fr_MASTER_result\regen\7a90e0d47334\cy06,superseded,,,0,0,,,deck
25769ec8d4de41f6,..\2_LP\LOW_Fr_MASTER_result\regen\7a90e0d47334\cy07,superseded,,,0,0,,,deck
25769ec8d4de41f6,..\2_LP\LOW_Fr_MASTER_result\regen\7a90e0d47334\cy08,superseded,,,0,0,,,deck
25769ec8d4de41f6,..\2_LP\LOW_Fr_MASTER_result\regen\7a90e0d47334\cy09,superseded,,,0,0,,,deck
25769ec8d4de41f6,..\2_LP\LOW_Fr_MASTER_result\regen\7a90e0d47334\cy10,superseded,,,0,0,,,deck
25769ec8d4de41f6,..\2_LP\LOW_Fr_MASTER_result\regen\7a90e0d47334\cy11,regen:cy11/11,1.7526,1.5893,25,1,,622.61,deck
,..\2_LP\LOW_Fr_MASTER_result\regen\7b026e7ddc77\cy01,superseded,,,0,0,,,
92e20ebe2227bc45,..\2_LP\LOW_Fr_MASTER_result\regen\7b026e7ddc77\cy02,superseded,,,0,0,,,deck
92e20ebe2227bc45,..\2_LP\LOW_Fr_MASTER_result\regen\7b026e7ddc77\cy03,superseded,,,0,0,,,deck
92e20ebe2227bc45,..\2_LP\LOW_Fr_MASTER_result\regen\7b026e7ddc77\cy04,superseded,,,0,0,,,deck
92e20ebe2227bc45,..\2_LP\LOW_Fr_MASTER_result\regen\7b026e7ddc77\cy05,superseded,,,0,0,,,deck
92e20ebe2227bc45,..\2_LP\LOW_Fr_MASTER_result\regen\7b026e7ddc77\cy06,superseded,,,0,0,,,deck
92e20ebe2227bc45,..\2_LP\LOW_Fr_MASTER_result\regen\7b026e7ddc77\cy07,superseded,,,0,0,,,deck
92e20ebe2227bc45,..\2_LP\LOW_Fr_MASTER_result\regen\7b026e7ddc77\cy08,superseded,,,0,0,,,deck
92e20ebe2227bc45,..\2_LP\LOW_Fr_MASTER_result\regen\7b026e7ddc77\cy09,superseded,,,0,0,,,deck
92e20ebe2227bc45,..\2_LP\LOW_Fr_MASTER_result\regen\7b026e7ddc77\cy10,superseded,,,0,0,,,deck
92e20ebe2227bc45,..\2_LP\LOW_Fr_MASTER_result\regen\7b026e7ddc77\cy11,superseded,,,0,0,,,deck
92e20ebe2227bc45,..\2_LP\LOW_Fr_MASTER_result\regen\7b026e7ddc77\cy12,regen:cy12/12,1.8707,1.6569,25,1,,621.886,deck
,..\2_LP\LOW_Fr_MASTER_result\regen\7b29bb7b8810\cy01,superseded,,,0,0,,,
b8565db7c830bb63,..\2_LP\LOW_Fr_MASTER_result\regen\7b29bb7b8810\cy02,superseded,,,0,0,,,deck
b8565db7c830bb63,..\2_LP\LOW_Fr_MASTER_result\regen\7b29bb7b8810\cy03,superseded,,,0,0,,,deck
b8565db7c830bb63,..\2_LP\LOW_Fr_MASTER_result\regen\7b29bb7b8810\cy04,superseded,,,0,0,,,deck
b8565db7c830bb63,..\2_LP\LOW_Fr_MASTER_result\regen\7b29bb7b8810\cy05,superseded,,,0,0,,,deck
b8565db7c830bb63,..\2_LP\LOW_Fr_MASTER_result\regen\7b29bb7b8810\cy06,superseded,,,0,0,,,deck
b8565db7c830bb63,..\2_LP\LOW_Fr_MASTER_result\regen\7b29bb7b8810\cy07,superseded,,,0,0,,,deck
b8565db7c830bb63,..\2_LP\LOW_Fr_MASTER_result\regen\7b29bb7b8810\cy08,superseded,,,0,0,,,deck
b8565db7c830bb63,..\2_LP\LOW_Fr_MASTER_result\regen\7b29bb7b8810\cy09,superseded,,,0,0,,,deck
b8565db7c830bb63,..\2_LP\LOW_Fr_MASTER_result\regen\7b29bb7b8810\cy10,superseded,,,0,0,,,deck
b8565db7c830bb63,..\2_LP\LOW_Fr_MASTER_result\regen\7b29bb7b8810\cy11,superseded,,,0,0,,,deck
b8565db7c830bb63,..\2_LP\LOW_Fr_MASTER_result\regen\7b29bb7b8810\cy12,regen:cy12/12,1.9185,1.6787,25,1,,617.615,deck
,..\2_LP\LOW_Fr_MASTER_result\regen\7b7aa36855d4\cy01,superseded,,,0,0,,,
2a0b7e58110d55b1,..\2_LP\LOW_Fr_MASTER_result\regen\7b7aa36855d4\cy02,superseded,,,0,0,,,deck
2a0b7e58110d55b1,..\2_LP\LOW_Fr_MASTER_result\regen\7b7aa36855d4\cy03,superseded,,,0,0,,,deck
2a0b7e58110d55b1,..\2_LP\LOW_Fr_MASTER_result\regen\7b7aa36855d4\cy04,superseded,,,0,0,,,deck
2a0b7e58110d55b1,..\2_LP\LOW_Fr_MASTER_result\regen\7b7aa36855d4\cy05,superseded,,,0,0,,,deck
2a0b7e58110d55b1,..\2_LP\LOW_Fr_MASTER_result\regen\7b7aa36855d4\cy06,superseded,,,0,0,,,deck
2a0b7e58110d55b1,..\2_LP\LOW_Fr_MASTER_result\regen\7b7aa36855d4\cy07,superseded,,,0,0,,,deck
2a0b7e58110d55b1,..\2_LP\LOW_Fr_MASTER_result\regen\7b7aa36855d4\cy08,superseded,,,0,0,,,deck
2a0b7e58110d55b1,..\2_LP\LOW_Fr_MASTER_result\regen\7b7aa36855d4\cy09,superseded,,,0,0,,,deck
2a0b7e58110d55b1,..\2_LP\LOW_Fr_MASTER_result\regen\7b7aa36855d4\cy10,superseded,,,0,0,,,deck
2a0b7e58110d55b1,..\2_LP\LOW_Fr_MASTER_result\regen\7b7aa36855d4\cy11,superseded,,,0,0,,,deck
2a0b7e58110d55b1,..\2_LP\LOW_Fr_MASTER_result\regen\7b7aa36855d4\cy12,regen:cy12/12,1.6953,1.5064,25,1,,619.064,deck
,..\2_LP\LOW_Fr_MASTER_result\regen\7b83d31ebf12\cy01,superseded,,,0,0,,,
673c3e964de3eb7f,..\2_LP\LOW_Fr_MASTER_result\regen\7b83d31ebf12\cy02,superseded,,,0,0,,,deck
673c3e964de3eb7f,..\2_LP\LOW_Fr_MASTER_result\regen\7b83d31ebf12\cy03,superseded,,,0,0,,,deck
673c3e964de3eb7f,..\2_LP\LOW_Fr_MASTER_result\regen\7b83d31ebf12\cy04,superseded,,,0,0,,,deck
673c3e964de3eb7f,..\2_LP\LOW_Fr_MASTER_result\regen\7b83d31ebf12\cy05,superseded,,,0,0,,,deck
673c3e964de3eb7f,..\2_LP\LOW_Fr_MASTER_result\regen\7b83d31ebf12\cy06,superseded,,,0,0,,,deck
673c3e964de3eb7f,..\2_LP\LOW_Fr_MASTER_result\regen\7b83d31ebf12\cy07,superseded,,,0,0,,,deck
673c3e964de3eb7f,..\2_LP\LOW_Fr_MASTER_result\regen\7b83d31ebf12\cy08,superseded,,,0,0,,,deck
673c3e964de3eb7f,..\2_LP\LOW_Fr_MASTER_result\regen\7b83d31ebf12\cy09,superseded,,,0,0,,,deck
673c3e964de3eb7f,..\2_LP\LOW_Fr_MASTER_result\regen\7b83d31ebf12\cy10,superseded,,,0,0,,,deck
673c3e964de3eb7f,..\2_LP\LOW_Fr_MASTER_result\regen\7b83d31ebf12\cy11,regen:cy11/11,1.6797,1.5142,25,1,,620.946,deck
,..\2_LP\LOW_Fr_MASTER_result\regen\7b978ba6e5c4\cy01,no_digest,,,0,0,,,
,..\2_LP\LOW_Fr_MASTER_result\regen\7bbf193ee6ea\cy01,superseded,,,0,0,,,
ca97474b3f1c0e52,..\2_LP\LOW_Fr_MASTER_result\regen\7bbf193ee6ea\cy02,superseded,,,0,0,,,deck
ca97474b3f1c0e52,..\2_LP\LOW_Fr_MASTER_result\regen\7bbf193ee6ea\cy03,superseded,,,0,0,,,deck
ca97474b3f1c0e52,..\2_LP\LOW_Fr_MASTER_result\regen\7bbf193ee6ea\cy04,superseded,,,0,0,,,deck
ca97474b3f1c0e52,..\2_LP\LOW_Fr_MASTER_result\regen\7bbf193ee6ea\cy05,superseded,,,0,0,,,deck
ca97474b3f1c0e52,..\2_LP\LOW_Fr_MASTER_result\regen\7bbf193ee6ea\cy06,superseded,,,0,0,,,deck
ca97474b3f1c0e52,..\2_LP\LOW_Fr_MASTER_result\regen\7bbf193ee6ea\cy07,superseded,,,0,0,,,deck
ca97474b3f1c0e52,..\2_LP\LOW_Fr_MASTER_result\regen\7bbf193ee6ea\cy08,superseded,,,0,0,,,deck
ca97474b3f1c0e52,..\2_LP\LOW_Fr_MASTER_result\regen\7bbf193ee6ea\cy09,superseded,,,0,0,,,deck
ca97474b3f1c0e52,..\2_LP\LOW_Fr_MASTER_result\regen\7bbf193ee6ea\cy10,superseded,,,0,0,,,deck
ca97474b3f1c0e52,..\2_LP\LOW_Fr_MASTER_result\regen\7bbf193ee6ea\cy11,regen:cy11/11,1.9034,1.6461,25,1,,622.297,deck
,..\2_LP\LOW_Fr_MASTER_result\regen\7c25f2a813d5\cy01,superseded,,,0,0,,,
58b4e68596a78583,..\2_LP\LOW_Fr_MASTER_result\regen\7c25f2a813d5\cy02,superseded,,,0,0,,,deck
58b4e68596a78583,..\2_LP\LOW_Fr_MASTER_result\regen\7c25f2a813d5\cy03,superseded,,,0,0,,,deck
58b4e68596a78583,..\2_LP\LOW_Fr_MASTER_result\regen\7c25f2a813d5\cy04,superseded,,,0,0,,,deck
58b4e68596a78583,..\2_LP\LOW_Fr_MASTER_result\regen\7c25f2a813d5\cy05,superseded,,,0,0,,,deck
58b4e68596a78583,..\2_LP\LOW_Fr_MASTER_result\regen\7c25f2a813d5\cy06,superseded,,,0,0,,,deck
58b4e68596a78583,..\2_LP\LOW_Fr_MASTER_result\regen\7c25f2a813d5\cy07,superseded,,,0,0,,,deck
58b4e68596a78583,..\2_LP\LOW_Fr_MASTER_result\regen\7c25f2a813d5\cy08,superseded,,,0,0,,,deck
58b4e68596a78583,..\2_LP\LOW_Fr_MASTER_result\regen\7c25f2a813d5\cy09,superseded,,,0,0,,,deck
58b4e68596a78583,..\2_LP\LOW_Fr_MASTER_result\regen\7c25f2a813d5\cy10,superseded,,,0,0,,,deck
58b4e68596a78583,..\2_LP\LOW_Fr_MASTER_result\regen\7c25f2a813d5\cy11,superseded,,,0,0,,,deck
58b4e68596a78583,..\2_LP\LOW_Fr_MASTER_result\regen\7c25f2a813d5\cy12,regen:cy12/12,1.5993,1.4483,25,1,,623.258,deck
,..\2_LP\LOW_Fr_MASTER_result\regen\7c890d68501e\cy01,superseded,,,0,0,,,
964f3e5e6aea4870,..\2_LP\LOW_Fr_MASTER_result\regen\7c890d68501e\cy02,superseded,,,0,0,,,deck
964f3e5e6aea4870,..\2_LP\LOW_Fr_MASTER_result\regen\7c890d68501e\cy03,superseded,,,0,0,,,deck
964f3e5e6aea4870,..\2_LP\LOW_Fr_MASTER_result\regen\7c890d68501e\cy04,superseded,,,0,0,,,deck
964f3e5e6aea4870,..\2_LP\LOW_Fr_MASTER_result\regen\7c890d68501e\cy05,superseded,,,0,0,,,deck
964f3e5e6aea4870,..\2_LP\LOW_Fr_MASTER_result\regen\7c890d68501e\cy06,superseded,,,0,0,,,deck
964f3e5e6aea4870,..\2_LP\LOW_Fr_MASTER_result\regen\7c890d68501e\cy07,superseded,,,0,0,,,deck
964f3e5e6aea4870,..\2_LP\LOW_Fr_MASTER_result\regen\7c890d68501e\cy08,superseded,,,0,0,,,deck
964f3e5e6aea4870,..\2_LP\LOW_Fr_MASTER_result\regen\7c890d68501e\cy09,superseded,,,0,0,,,deck
964f3e5e6aea4870,..\2_LP\LOW_Fr_MASTER_result\regen\7c890d68501e\cy10,superseded,,,0,0,,,deck
964f3e5e6aea4870,..\2_LP\LOW_Fr_MASTER_result\regen\7c890d68501e\cy11,superseded,,,0,0,,,deck
964f3e5e6aea4870,..\2_LP\LOW_Fr_MASTER_result\regen\7c890d68501e\cy12,regen:cy12/12,1.6186,1.4727,25,1,,619.404,deck
,..\2_LP\LOW_Fr_MASTER_result\regen\7cfc7400e0bb\cy01,superseded,,,0,0,,,
c96f916e32c992cb,..\2_LP\LOW_Fr_MASTER_result\regen\7cfc7400e0bb\cy02,superseded,,,0,0,,,deck
c96f916e32c992cb,..\2_LP\LOW_Fr_MASTER_result\regen\7cfc7400e0bb\cy03,superseded,,,0,0,,,deck
c96f916e32c992cb,..\2_LP\LOW_Fr_MASTER_result\regen\7cfc7400e0bb\cy04,superseded,,,0,0,,,deck
c96f916e32c992cb,..\2_LP\LOW_Fr_MASTER_result\regen\7cfc7400e0bb\cy05,superseded,,,0,0,,,deck
c96f916e32c992cb,..\2_LP\LOW_Fr_MASTER_result\regen\7cfc7400e0bb\cy06,superseded,,,0,0,,,deck
c96f916e32c992cb,..\2_LP\LOW_Fr_MASTER_result\regen\7cfc7400e0bb\cy07,superseded,,,0,0,,,deck
c96f916e32c992cb,..\2_LP\LOW_Fr_MASTER_result\regen\7cfc7400e0bb\cy08,superseded,,,0,0,,,deck
c96f916e32c992cb,..\2_LP\LOW_Fr_MASTER_result\regen\7cfc7400e0bb\cy09,superseded,,,0,0,,,deck
c96f916e32c992cb,..\2_LP\LOW_Fr_MASTER_result\regen\7cfc7400e0bb\cy10,superseded,,,0,0,,,deck
c96f916e32c992cb,..\2_LP\LOW_Fr_MASTER_result\regen\7cfc7400e0bb\cy11,regen:cy11/11,1.6057,1.4498,25,1,,622.076,deck
,..\2_LP\LOW_Fr_MASTER_result\regen\7d0fa0e3153d\cy01,superseded,,,0,0,,,
4e77dcf47d592c37,..\2_LP\LOW_Fr_MASTER_result\regen\7d0fa0e3153d\cy02,superseded,,,0,0,,,deck
4e77dcf47d592c37,..\2_LP\LOW_Fr_MASTER_result\regen\7d0fa0e3153d\cy03,superseded,,,0,0,,,deck
4e77dcf47d592c37,..\2_LP\LOW_Fr_MASTER_result\regen\7d0fa0e3153d\cy04,superseded,,,0,0,,,deck
4e77dcf47d592c37,..\2_LP\LOW_Fr_MASTER_result\regen\7d0fa0e3153d\cy05,superseded,,,0,0,,,deck
4e77dcf47d592c37,..\2_LP\LOW_Fr_MASTER_result\regen\7d0fa0e3153d\cy06,superseded,,,0,0,,,deck
4e77dcf47d592c37,..\2_LP\LOW_Fr_MASTER_result\regen\7d0fa0e3153d\cy07,superseded,,,0,0,,,deck
4e77dcf47d592c37,..\2_LP\LOW_Fr_MASTER_result\regen\7d0fa0e3153d\cy08,superseded,,,0,0,,,deck
4e77dcf47d592c37,..\2_LP\LOW_Fr_MASTER_result\regen\7d0fa0e3153d\cy09,superseded,,,0,0,,,deck
4e77dcf47d592c37,..\2_LP\LOW_Fr_MASTER_result\regen\7d0fa0e3153d\cy10,superseded,,,0,0,,,deck
4e77dcf47d592c37,..\2_LP\LOW_Fr_MASTER_result\regen\7d0fa0e3153d\cy11,regen:cy11/11,1.6467,1.4913,25,1,,622.513,deck
,..\2_LP\LOW_Fr_MASTER_result\regen\7d722b00be0b\cy01,superseded,,,0,0,,,
aaeaa3a4c6f00723,..\2_LP\LOW_Fr_MASTER_result\regen\7d722b00be0b\cy02,superseded,,,0,0,,,deck
aaeaa3a4c6f00723,..\2_LP\LOW_Fr_MASTER_result\regen\7d722b00be0b\cy03,superseded,,,0,0,,,deck
aaeaa3a4c6f00723,..\2_LP\LOW_Fr_MASTER_result\regen\7d722b00be0b\cy04,superseded,,,0,0,,,deck
aaeaa3a4c6f00723,..\2_LP\LOW_Fr_MASTER_result\regen\7d722b00be0b\cy05,superseded,,,0,0,,,deck
aaeaa3a4c6f00723,..\2_LP\LOW_Fr_MASTER_result\regen\7d722b00be0b\cy06,superseded,,,0,0,,,deck
aaeaa3a4c6f00723,..\2_LP\LOW_Fr_MASTER_result\regen\7d722b00be0b\cy07,superseded,,,0,0,,,deck
aaeaa3a4c6f00723,..\2_LP\LOW_Fr_MASTER_result\regen\7d722b00be0b\cy08,superseded,,,0,0,,,deck
aaeaa3a4c6f00723,..\2_LP\LOW_Fr_MASTER_result\regen\7d722b00be0b\cy09,superseded,,,0,0,,,deck
aaeaa3a4c6f00723,..\2_LP\LOW_Fr_MASTER_result\regen\7d722b00be0b\cy10,superseded,,,0,0,,,deck
aaeaa3a4c6f00723,..\2_LP\LOW_Fr_MASTER_result\regen\7d722b00be0b\cy11,superseded,,,0,0,,,deck
aaeaa3a4c6f00723,..\2_LP\LOW_Fr_MASTER_result\regen\7d722b00be0b\cy12,regen:cy12/12,1.6238,1.4963,25,1,,616.512,deck
,..\2_LP\LOW_Fr_MASTER_result\regen\7e13eab1c060\cy01,superseded,,,0,0,,,
aae71e3e21b31444,..\2_LP\LOW_Fr_MASTER_result\regen\7e13eab1c060\cy02,superseded,,,0,0,,,deck
aae71e3e21b31444,..\2_LP\LOW_Fr_MASTER_result\regen\7e13eab1c060\cy03,superseded,,,0,0,,,deck
aae71e3e21b31444,..\2_LP\LOW_Fr_MASTER_result\regen\7e13eab1c060\cy04,superseded,,,0,0,,,deck
aae71e3e21b31444,..\2_LP\LOW_Fr_MASTER_result\regen\7e13eab1c060\cy05,superseded,,,0,0,,,deck
aae71e3e21b31444,..\2_LP\LOW_Fr_MASTER_result\regen\7e13eab1c060\cy06,superseded,,,0,0,,,deck
aae71e3e21b31444,..\2_LP\LOW_Fr_MASTER_result\regen\7e13eab1c060\cy07,superseded,,,0,0,,,deck
aae71e3e21b31444,..\2_LP\LOW_Fr_MASTER_result\regen\7e13eab1c060\cy08,superseded,,,0,0,,,deck
aae71e3e21b31444,..\2_LP\LOW_Fr_MASTER_result\regen\7e13eab1c060\cy09,superseded,,,0,0,,,deck
aae71e3e21b31444,..\2_LP\LOW_Fr_MASTER_result\regen\7e13eab1c060\cy10,superseded,,,0,0,,,deck
aae71e3e21b31444,..\2_LP\LOW_Fr_MASTER_result\regen\7e13eab1c060\cy11,regen:cy11/11,1.7173,1.5468,25,1,,619.878,deck
,..\2_LP\LOW_Fr_MASTER_result\regen\7e8a17127122\cy01,superseded,,,0,0,,,
5f8bbfb8fdbcd322,..\2_LP\LOW_Fr_MASTER_result\regen\7e8a17127122\cy02,superseded,,,0,0,,,deck
5f8bbfb8fdbcd322,..\2_LP\LOW_Fr_MASTER_result\regen\7e8a17127122\cy03,superseded,,,0,0,,,deck
5f8bbfb8fdbcd322,..\2_LP\LOW_Fr_MASTER_result\regen\7e8a17127122\cy04,superseded,,,0,0,,,deck
5f8bbfb8fdbcd322,..\2_LP\LOW_Fr_MASTER_result\regen\7e8a17127122\cy05,superseded,,,0,0,,,deck
5f8bbfb8fdbcd322,..\2_LP\LOW_Fr_MASTER_result\regen\7e8a17127122\cy06,superseded,,,0,0,,,deck
5f8bbfb8fdbcd322,..\2_LP\LOW_Fr_MASTER_result\regen\7e8a17127122\cy07,superseded,,,0,0,,,deck
5f8bbfb8fdbcd322,..\2_LP\LOW_Fr_MASTER_result\regen\7e8a17127122\cy08,superseded,,,0,0,,,deck
5f8bbfb8fdbcd322,..\2_LP\LOW_Fr_MASTER_result\regen\7e8a17127122\cy09,superseded,,,0,0,,,deck
5f8bbfb8fdbcd322,..\2_LP\LOW_Fr_MASTER_result\regen\7e8a17127122\cy10,superseded,,,0,0,,,deck
5f8bbfb8fdbcd322,..\2_LP\LOW_Fr_MASTER_result\regen\7e8a17127122\cy11,regen:cy11/11,1.6046,1.4608,25,1,,623.406,deck
,..\2_LP\LOW_Fr_MASTER_result\regen\7f5aabb6092a\cy01,no_digest,,,0,0,,,
,..\2_LP\LOW_Fr_MASTER_result\regen\7fa8258b0aa4\cy01,no_digest,,,0,0,,,
,..\2_LP\LOW_Fr_MASTER_result\regen\80d100e1f1c8\cy01,superseded,,,0,0,,,
79b1f73acc8c8053,..\2_LP\LOW_Fr_MASTER_result\regen\80d100e1f1c8\cy02,superseded,,,0,0,,,deck
79b1f73acc8c8053,..\2_LP\LOW_Fr_MASTER_result\regen\80d100e1f1c8\cy03,superseded,,,0,0,,,deck
79b1f73acc8c8053,..\2_LP\LOW_Fr_MASTER_result\regen\80d100e1f1c8\cy04,superseded,,,0,0,,,deck
79b1f73acc8c8053,..\2_LP\LOW_Fr_MASTER_result\regen\80d100e1f1c8\cy05,superseded,,,0,0,,,deck
79b1f73acc8c8053,..\2_LP\LOW_Fr_MASTER_result\regen\80d100e1f1c8\cy06,superseded,,,0,0,,,deck
79b1f73acc8c8053,..\2_LP\LOW_Fr_MASTER_result\regen\80d100e1f1c8\cy07,superseded,,,0,0,,,deck
79b1f73acc8c8053,..\2_LP\LOW_Fr_MASTER_result\regen\80d100e1f1c8\cy08,superseded,,,0,0,,,deck
79b1f73acc8c8053,..\2_LP\LOW_Fr_MASTER_result\regen\80d100e1f1c8\cy09,superseded,,,0,0,,,deck
79b1f73acc8c8053,..\2_LP\LOW_Fr_MASTER_result\regen\80d100e1f1c8\cy10,superseded,,,0,0,,,deck
79b1f73acc8c8053,..\2_LP\LOW_Fr_MASTER_result\regen\80d100e1f1c8\cy11,superseded,,,0,0,,,deck
79b1f73acc8c8053,..\2_LP\LOW_Fr_MASTER_result\regen\80d100e1f1c8\cy12,regen:cy12/12,1.7127,1.5219,25,1,,614.717,deck
,..\2_LP\LOW_Fr_MASTER_result\regen\80e4c805653c\cy01,superseded,,,0,0,,,
bf039f8d83a0f2f7,..\2_LP\LOW_Fr_MASTER_result\regen\80e4c805653c\cy02,superseded,,,0,0,,,deck
bf039f8d83a0f2f7,..\2_LP\LOW_Fr_MASTER_result\regen\80e4c805653c\cy03,superseded,,,0,0,,,deck
bf039f8d83a0f2f7,..\2_LP\LOW_Fr_MASTER_result\regen\80e4c805653c\cy04,superseded,,,0,0,,,deck
bf039f8d83a0f2f7,..\2_LP\LOW_Fr_MASTER_result\regen\80e4c805653c\cy05,superseded,,,0,0,,,deck
bf039f8d83a0f2f7,..\2_LP\LOW_Fr_MASTER_result\regen\80e4c805653c\cy06,superseded,,,0,0,,,deck
bf039f8d83a0f2f7,..\2_LP\LOW_Fr_MASTER_result\regen\80e4c805653c\cy07,superseded,,,0,0,,,deck
bf039f8d83a0f2f7,..\2_LP\LOW_Fr_MASTER_result\regen\80e4c805653c\cy08,superseded,,,0,0,,,deck
bf039f8d83a0f2f7,..\2_LP\LOW_Fr_MASTER_result\regen\80e4c805653c\cy09,superseded,,,0,0,,,deck
bf039f8d83a0f2f7,..\2_LP\LOW_Fr_MASTER_result\regen\80e4c805653c\cy10,superseded,,,0,0,,,deck
bf039f8d83a0f2f7,..\2_LP\LOW_Fr_MASTER_result\regen\80e4c805653c\cy11,superseded,,,0,0,,,deck
bf039f8d83a0f2f7,..\2_LP\LOW_Fr_MASTER_result\regen\80e4c805653c\cy12,regen:cy12/12,1.6229,1.4973,25,1,,623.711,deck
,..\2_LP\LOW_Fr_MASTER_result\regen\8122d818e7f0\cy01,superseded,,,0,0,,,
96504cf82228974b,..\2_LP\LOW_Fr_MASTER_result\regen\8122d818e7f0\cy02,superseded,,,0,0,,,deck
96504cf82228974b,..\2_LP\LOW_Fr_MASTER_result\regen\8122d818e7f0\cy03,superseded,,,0,0,,,deck
96504cf82228974b,..\2_LP\LOW_Fr_MASTER_result\regen\8122d818e7f0\cy04,superseded,,,0,0,,,deck
96504cf82228974b,..\2_LP\LOW_Fr_MASTER_result\regen\8122d818e7f0\cy05,superseded,,,0,0,,,deck
96504cf82228974b,..\2_LP\LOW_Fr_MASTER_result\regen\8122d818e7f0\cy06,superseded,,,0,0,,,deck
96504cf82228974b,..\2_LP\LOW_Fr_MASTER_result\regen\8122d818e7f0\cy07,superseded,,,0,0,,,deck
96504cf82228974b,..\2_LP\LOW_Fr_MASTER_result\regen\8122d818e7f0\cy08,superseded,,,0,0,,,deck
96504cf82228974b,..\2_LP\LOW_Fr_MASTER_result\regen\8122d818e7f0\cy09,superseded,,,0,0,,,deck
96504cf82228974b,..\2_LP\LOW_Fr_MASTER_result\regen\8122d818e7f0\cy10,superseded,,,0,0,,,deck
96504cf82228974b,..\2_LP\LOW_Fr_MASTER_result\regen\8122d818e7f0\cy11,superseded,,,0,0,,,deck
96504cf82228974b,..\2_LP\LOW_Fr_MASTER_result\regen\8122d818e7f0\cy12,regen:cy12/12,1.7939,1.5435,25,1,,617.495,deck
,..\2_LP\LOW_Fr_MASTER_result\regen\81ca1a621447\cy01,superseded,,,0,0,,,
c2d4ec4a74b9e22f,..\2_LP\LOW_Fr_MASTER_result\regen\81ca1a621447\cy02,superseded,,,0,0,,,deck
c2d4ec4a74b9e22f,..\2_LP\LOW_Fr_MASTER_result\regen\81ca1a621447\cy03,superseded,,,0,0,,,deck
c2d4ec4a74b9e22f,..\2_LP\LOW_Fr_MASTER_result\regen\81ca1a621447\cy04,superseded,,,0,0,,,deck
c2d4ec4a74b9e22f,..\2_LP\LOW_Fr_MASTER_result\regen\81ca1a621447\cy05,superseded,,,0,0,,,deck
c2d4ec4a74b9e22f,..\2_LP\LOW_Fr_MASTER_result\regen\81ca1a621447\cy06,superseded,,,0,0,,,deck
c2d4ec4a74b9e22f,..\2_LP\LOW_Fr_MASTER_result\regen\81ca1a621447\cy07,superseded,,,0,0,,,deck
c2d4ec4a74b9e22f,..\2_LP\LOW_Fr_MASTER_result\regen\81ca1a621447\cy08,superseded,,,0,0,,,deck
c2d4ec4a74b9e22f,..\2_LP\LOW_Fr_MASTER_result\regen\81ca1a621447\cy09,superseded,,,0,0,,,deck
c2d4ec4a74b9e22f,..\2_LP\LOW_Fr_MASTER_result\regen\81ca1a621447\cy10,superseded,,,0,0,,,deck
c2d4ec4a74b9e22f,..\2_LP\LOW_Fr_MASTER_result\regen\81ca1a621447\cy11,superseded,,,0,0,,,deck
c2d4ec4a74b9e22f,..\2_LP\LOW_Fr_MASTER_result\regen\81ca1a621447\cy12,regen:cy12/12,1.663,1.5119,25,1,,618.575,deck
,..\2_LP\LOW_Fr_MASTER_result\regen\82188fd4081a\cy01,superseded,,,0,0,,,
bb49bdfd4bf41083,..\2_LP\LOW_Fr_MASTER_result\regen\82188fd4081a\cy02,superseded,,,0,0,,,deck
bb49bdfd4bf41083,..\2_LP\LOW_Fr_MASTER_result\regen\82188fd4081a\cy03,superseded,,,0,0,,,deck
bb49bdfd4bf41083,..\2_LP\LOW_Fr_MASTER_result\regen\82188fd4081a\cy04,superseded,,,0,0,,,deck
bb49bdfd4bf41083,..\2_LP\LOW_Fr_MASTER_result\regen\82188fd4081a\cy05,superseded,,,0,0,,,deck
bb49bdfd4bf41083,..\2_LP\LOW_Fr_MASTER_result\regen\82188fd4081a\cy06,superseded,,,0,0,,,deck
bb49bdfd4bf41083,..\2_LP\LOW_Fr_MASTER_result\regen\82188fd4081a\cy07,superseded,,,0,0,,,deck
bb49bdfd4bf41083,..\2_LP\LOW_Fr_MASTER_result\regen\82188fd4081a\cy08,superseded,,,0,0,,,deck
bb49bdfd4bf41083,..\2_LP\LOW_Fr_MASTER_result\regen\82188fd4081a\cy09,superseded,,,0,0,,,deck
bb49bdfd4bf41083,..\2_LP\LOW_Fr_MASTER_result\regen\82188fd4081a\cy10,superseded,,,0,0,,,deck
bb49bdfd4bf41083,..\2_LP\LOW_Fr_MASTER_result\regen\82188fd4081a\cy11,superseded,,,0,0,,,deck
bb49bdfd4bf41083,..\2_LP\LOW_Fr_MASTER_result\regen\82188fd4081a\cy12,regen:cy12/12,1.6985,1.5449,25,1,,613.856,deck
,..\2_LP\LOW_Fr_MASTER_result\regen\83032f4aa7c5\cy01,superseded,,,0,0,,,
ad5c7de8614d4694,..\2_LP\LOW_Fr_MASTER_result\regen\83032f4aa7c5\cy02,superseded,,,0,0,,,deck
ad5c7de8614d4694,..\2_LP\LOW_Fr_MASTER_result\regen\83032f4aa7c5\cy03,superseded,,,0,0,,,deck
ad5c7de8614d4694,..\2_LP\LOW_Fr_MASTER_result\regen\83032f4aa7c5\cy04,superseded,,,0,0,,,deck
ad5c7de8614d4694,..\2_LP\LOW_Fr_MASTER_result\regen\83032f4aa7c5\cy05,superseded,,,0,0,,,deck
ad5c7de8614d4694,..\2_LP\LOW_Fr_MASTER_result\regen\83032f4aa7c5\cy06,superseded,,,0,0,,,deck
ad5c7de8614d4694,..\2_LP\LOW_Fr_MASTER_result\regen\83032f4aa7c5\cy07,superseded,,,0,0,,,deck
ad5c7de8614d4694,..\2_LP\LOW_Fr_MASTER_result\regen\83032f4aa7c5\cy08,superseded,,,0,0,,,deck
ad5c7de8614d4694,..\2_LP\LOW_Fr_MASTER_result\regen\83032f4aa7c5\cy09,superseded,,,0,0,,,deck
ad5c7de8614d4694,..\2_LP\LOW_Fr_MASTER_result\regen\83032f4aa7c5\cy10,superseded,,,0,0,,,deck
ad5c7de8614d4694,..\2_LP\LOW_Fr_MASTER_result\regen\83032f4aa7c5\cy11,superseded,,,0,0,,,deck
ad5c7de8614d4694,..\2_LP\LOW_Fr_MASTER_result\regen\83032f4aa7c5\cy12,regen:cy12/12,1.6857,1.5287,25,1,,613.904,deck
,..\2_LP\LOW_Fr_MASTER_result\regen\834314a7f6c8\cy01,superseded,,,0,0,,,
75edaadb5dfda9d1,..\2_LP\LOW_Fr_MASTER_result\regen\834314a7f6c8\cy02,superseded,,,0,0,,,deck
75edaadb5dfda9d1,..\2_LP\LOW_Fr_MASTER_result\regen\834314a7f6c8\cy03,superseded,,,0,0,,,deck
75edaadb5dfda9d1,..\2_LP\LOW_Fr_MASTER_result\regen\834314a7f6c8\cy04,superseded,,,0,0,,,deck
75edaadb5dfda9d1,..\2_LP\LOW_Fr_MASTER_result\regen\834314a7f6c8\cy05,superseded,,,0,0,,,deck
75edaadb5dfda9d1,..\2_LP\LOW_Fr_MASTER_result\regen\834314a7f6c8\cy06,superseded,,,0,0,,,deck
75edaadb5dfda9d1,..\2_LP\LOW_Fr_MASTER_result\regen\834314a7f6c8\cy07,superseded,,,0,0,,,deck
75edaadb5dfda9d1,..\2_LP\LOW_Fr_MASTER_result\regen\834314a7f6c8\cy08,superseded,,,0,0,,,deck
75edaadb5dfda9d1,..\2_LP\LOW_Fr_MASTER_result\regen\834314a7f6c8\cy09,superseded,,,0,0,,,deck
75edaadb5dfda9d1,..\2_LP\LOW_Fr_MASTER_result\regen\834314a7f6c8\cy10,superseded,,,0,0,,,deck
75edaadb5dfda9d1,..\2_LP\LOW_Fr_MASTER_result\regen\834314a7f6c8\cy11,superseded,,,0,0,,,deck
75edaadb5dfda9d1,..\2_LP\LOW_Fr_MASTER_result\regen\834314a7f6c8\cy12,regen:cy12/12,1.5933,1.4492,25,1,,623.043,deck
,..\2_LP\LOW_Fr_MASTER_result\regen\834511da8f9e\cy01,superseded,,,0,0,,,
7c799ed2c5bdd55e,..\2_LP\LOW_Fr_MASTER_result\regen\834511da8f9e\cy02,superseded,,,0,0,,,deck
7c799ed2c5bdd55e,..\2_LP\LOW_Fr_MASTER_result\regen\834511da8f9e\cy03,superseded,,,0,0,,,deck
7c799ed2c5bdd55e,..\2_LP\LOW_Fr_MASTER_result\regen\834511da8f9e\cy04,superseded,,,0,0,,,deck
7c799ed2c5bdd55e,..\2_LP\LOW_Fr_MASTER_result\regen\834511da8f9e\cy05,superseded,,,0,0,,,deck
7c799ed2c5bdd55e,..\2_LP\LOW_Fr_MASTER_result\regen\834511da8f9e\cy06,superseded,,,0,0,,,deck
7c799ed2c5bdd55e,..\2_LP\LOW_Fr_MASTER_result\regen\834511da8f9e\cy07,superseded,,,0,0,,,deck
7c799ed2c5bdd55e,..\2_LP\LOW_Fr_MASTER_result\regen\834511da8f9e\cy08,superseded,,,0,0,,,deck
7c799ed2c5bdd55e,..\2_LP\LOW_Fr_MASTER_result\regen\834511da8f9e\cy09,superseded,,,0,0,,,deck
7c799ed2c5bdd55e,..\2_LP\LOW_Fr_MASTER_result\regen\834511da8f9e\cy10,superseded,,,0,0,,,deck
7c799ed2c5bdd55e,..\2_LP\LOW_Fr_MASTER_result\regen\834511da8f9e\cy11,regen:cy11/11,1.6649,1.5051,25,1,,619.919,deck
,..\2_LP\LOW_Fr_MASTER_result\regen\83743c5e2319\cy01,superseded,,,0,0,,,
344a1ff36d2cbffa,..\2_LP\LOW_Fr_MASTER_result\regen\83743c5e2319\cy02,superseded,,,0,0,,,deck
344a1ff36d2cbffa,..\2_LP\LOW_Fr_MASTER_result\regen\83743c5e2319\cy03,superseded,,,0,0,,,deck
344a1ff36d2cbffa,..\2_LP\LOW_Fr_MASTER_result\regen\83743c5e2319\cy04,superseded,,,0,0,,,deck
344a1ff36d2cbffa,..\2_LP\LOW_Fr_MASTER_result\regen\83743c5e2319\cy05,superseded,,,0,0,,,deck
344a1ff36d2cbffa,..\2_LP\LOW_Fr_MASTER_result\regen\83743c5e2319\cy06,superseded,,,0,0,,,deck
344a1ff36d2cbffa,..\2_LP\LOW_Fr_MASTER_result\regen\83743c5e2319\cy07,superseded,,,0,0,,,deck
344a1ff36d2cbffa,..\2_LP\LOW_Fr_MASTER_result\regen\83743c5e2319\cy08,superseded,,,0,0,,,deck
344a1ff36d2cbffa,..\2_LP\LOW_Fr_MASTER_result\regen\83743c5e2319\cy09,superseded,,,0,0,,,deck
344a1ff36d2cbffa,..\2_LP\LOW_Fr_MASTER_result\regen\83743c5e2319\cy10,superseded,,,0,0,,,deck
344a1ff36d2cbffa,..\2_LP\LOW_Fr_MASTER_result\regen\83743c5e2319\cy11,regen:cy11/11,1.6666,1.5366,25,1,,621.843,deck
,..\2_LP\LOW_Fr_MASTER_result\regen\837a4333be43\cy01,superseded,,,0,0,,,
9d441c54b2a17277,..\2_LP\LOW_Fr_MASTER_result\regen\837a4333be43\cy02,superseded,,,0,0,,,deck
9d441c54b2a17277,..\2_LP\LOW_Fr_MASTER_result\regen\837a4333be43\cy03,superseded,,,0,0,,,deck
9d441c54b2a17277,..\2_LP\LOW_Fr_MASTER_result\regen\837a4333be43\cy04,superseded,,,0,0,,,deck
9d441c54b2a17277,..\2_LP\LOW_Fr_MASTER_result\regen\837a4333be43\cy05,superseded,,,0,0,,,deck
9d441c54b2a17277,..\2_LP\LOW_Fr_MASTER_result\regen\837a4333be43\cy06,superseded,,,0,0,,,deck
9d441c54b2a17277,..\2_LP\LOW_Fr_MASTER_result\regen\837a4333be43\cy07,superseded,,,0,0,,,deck
9d441c54b2a17277,..\2_LP\LOW_Fr_MASTER_result\regen\837a4333be43\cy08,superseded,,,0,0,,,deck
9d441c54b2a17277,..\2_LP\LOW_Fr_MASTER_result\regen\837a4333be43\cy09,superseded,,,0,0,,,deck
9d441c54b2a17277,..\2_LP\LOW_Fr_MASTER_result\regen\837a4333be43\cy10,superseded,,,0,0,,,deck
9d441c54b2a17277,..\2_LP\LOW_Fr_MASTER_result\regen\837a4333be43\cy11,superseded,,,0,0,,,deck
9d441c54b2a17277,..\2_LP\LOW_Fr_MASTER_result\regen\837a4333be43\cy12,regen:cy12/12,1.669,1.445,25,1,,617.372,deck
,..\2_LP\LOW_Fr_MASTER_result\regen\84f995d826d7\cy01,superseded,,,0,0,,,
241140f9497570b7,..\2_LP\LOW_Fr_MASTER_result\regen\84f995d826d7\cy02,superseded,,,0,0,,,deck
241140f9497570b7,..\2_LP\LOW_Fr_MASTER_result\regen\84f995d826d7\cy03,superseded,,,0,0,,,deck
241140f9497570b7,..\2_LP\LOW_Fr_MASTER_result\regen\84f995d826d7\cy04,superseded,,,0,0,,,deck
241140f9497570b7,..\2_LP\LOW_Fr_MASTER_result\regen\84f995d826d7\cy05,superseded,,,0,0,,,deck
241140f9497570b7,..\2_LP\LOW_Fr_MASTER_result\regen\84f995d826d7\cy06,superseded,,,0,0,,,deck
241140f9497570b7,..\2_LP\LOW_Fr_MASTER_result\regen\84f995d826d7\cy07,superseded,,,0,0,,,deck
241140f9497570b7,..\2_LP\LOW_Fr_MASTER_result\regen\84f995d826d7\cy08,superseded,,,0,0,,,deck
241140f9497570b7,..\2_LP\LOW_Fr_MASTER_result\regen\84f995d826d7\cy09,superseded,,,0,0,,,deck
241140f9497570b7,..\2_LP\LOW_Fr_MASTER_result\regen\84f995d826d7\cy10,superseded,,,0,0,,,deck
241140f9497570b7,..\2_LP\LOW_Fr_MASTER_result\regen\84f995d826d7\cy11,superseded,,,0,0,,,deck
241140f9497570b7,..\2_LP\LOW_Fr_MASTER_result\regen\84f995d826d7\cy12,regen:cy12/12,1.6792,1.5264,25,1,,618.347,deck
,..\2_LP\LOW_Fr_MASTER_result\regen\85669501afa0\cy01,superseded,,,0,0,,,
42cef5bdbe5def04,..\2_LP\LOW_Fr_MASTER_result\regen\85669501afa0\cy02,superseded,,,0,0,,,deck
42cef5bdbe5def04,..\2_LP\LOW_Fr_MASTER_result\regen\85669501afa0\cy03,superseded,,,0,0,,,deck
42cef5bdbe5def04,..\2_LP\LOW_Fr_MASTER_result\regen\85669501afa0\cy04,superseded,,,0,0,,,deck
42cef5bdbe5def04,..\2_LP\LOW_Fr_MASTER_result\regen\85669501afa0\cy05,superseded,,,0,0,,,deck
42cef5bdbe5def04,..\2_LP\LOW_Fr_MASTER_result\regen\85669501afa0\cy06,superseded,,,0,0,,,deck
42cef5bdbe5def04,..\2_LP\LOW_Fr_MASTER_result\regen\85669501afa0\cy07,superseded,,,0,0,,,deck
42cef5bdbe5def04,..\2_LP\LOW_Fr_MASTER_result\regen\85669501afa0\cy08,superseded,,,0,0,,,deck
42cef5bdbe5def04,..\2_LP\LOW_Fr_MASTER_result\regen\85669501afa0\cy09,superseded,,,0,0,,,deck
42cef5bdbe5def04,..\2_LP\LOW_Fr_MASTER_result\regen\85669501afa0\cy10,superseded,,,0,0,,,deck
42cef5bdbe5def04,..\2_LP\LOW_Fr_MASTER_result\regen\85669501afa0\cy11,superseded,,,0,0,,,deck
42cef5bdbe5def04,..\2_LP\LOW_Fr_MASTER_result\regen\85669501afa0\cy12,regen:cy12/12,1.6369,1.4905,25,1,,622.427,deck
,..\2_LP\LOW_Fr_MASTER_result\regen\857ad30f88ab\cy01,superseded,,,0,0,,,
3b61f784903fe090,..\2_LP\LOW_Fr_MASTER_result\regen\857ad30f88ab\cy02,superseded,,,0,0,,,deck
3b61f784903fe090,..\2_LP\LOW_Fr_MASTER_result\regen\857ad30f88ab\cy03,superseded,,,0,0,,,deck
3b61f784903fe090,..\2_LP\LOW_Fr_MASTER_result\regen\857ad30f88ab\cy04,superseded,,,0,0,,,deck
3b61f784903fe090,..\2_LP\LOW_Fr_MASTER_result\regen\857ad30f88ab\cy05,superseded,,,0,0,,,deck
3b61f784903fe090,..\2_LP\LOW_Fr_MASTER_result\regen\857ad30f88ab\cy06,superseded,,,0,0,,,deck
3b61f784903fe090,..\2_LP\LOW_Fr_MASTER_result\regen\857ad30f88ab\cy07,superseded,,,0,0,,,deck
3b61f784903fe090,..\2_LP\LOW_Fr_MASTER_result\regen\857ad30f88ab\cy08,superseded,,,0,0,,,deck
3b61f784903fe090,..\2_LP\LOW_Fr_MASTER_result\regen\857ad30f88ab\cy09,superseded,,,0,0,,,deck
3b61f784903fe090,..\2_LP\LOW_Fr_MASTER_result\regen\857ad30f88ab\cy10,superseded,,,0,0,,,deck
3b61f784903fe090,..\2_LP\LOW_Fr_MASTER_result\regen\857ad30f88ab\cy11,superseded,,,0,0,,,deck
3b61f784903fe090,..\2_LP\LOW_Fr_MASTER_result\regen\857ad30f88ab\cy12,regen:cy12/12,1.6827,1.4828,25,1,,619.329,deck
,..\2_LP\LOW_Fr_MASTER_result\regen\8628ef6f9c74\cy01,superseded,,,0,0,,,
129778ef699330c9,..\2_LP\LOW_Fr_MASTER_result\regen\8628ef6f9c74\cy02,superseded,,,0,0,,,deck
129778ef699330c9,..\2_LP\LOW_Fr_MASTER_result\regen\8628ef6f9c74\cy03,superseded,,,0,0,,,deck
129778ef699330c9,..\2_LP\LOW_Fr_MASTER_result\regen\8628ef6f9c74\cy04,superseded,,,0,0,,,deck
129778ef699330c9,..\2_LP\LOW_Fr_MASTER_result\regen\8628ef6f9c74\cy05,superseded,,,0,0,,,deck
129778ef699330c9,..\2_LP\LOW_Fr_MASTER_result\regen\8628ef6f9c74\cy06,superseded,,,0,0,,,deck
129778ef699330c9,..\2_LP\LOW_Fr_MASTER_result\regen\8628ef6f9c74\cy07,superseded,,,0,0,,,deck
129778ef699330c9,..\2_LP\LOW_Fr_MASTER_result\regen\8628ef6f9c74\cy08,superseded,,,0,0,,,deck
129778ef699330c9,..\2_LP\LOW_Fr_MASTER_result\regen\8628ef6f9c74\cy09,superseded,,,0,0,,,deck
129778ef699330c9,..\2_LP\LOW_Fr_MASTER_result\regen\8628ef6f9c74\cy10,superseded,,,0,0,,,deck
129778ef699330c9,..\2_LP\LOW_Fr_MASTER_result\regen\8628ef6f9c74\cy11,regen:cy11/11,1.7065,1.4999,25,1,,621.728,deck
,..\2_LP\LOW_Fr_MASTER_result\regen\86b8f29979b7\cy01,superseded,,,0,0,,,
fa9358e4adb603b8,..\2_LP\LOW_Fr_MASTER_result\regen\86b8f29979b7\cy02,superseded,,,0,0,,,deck
fa9358e4adb603b8,..\2_LP\LOW_Fr_MASTER_result\regen\86b8f29979b7\cy03,superseded,,,0,0,,,deck
fa9358e4adb603b8,..\2_LP\LOW_Fr_MASTER_result\regen\86b8f29979b7\cy04,superseded,,,0,0,,,deck
fa9358e4adb603b8,..\2_LP\LOW_Fr_MASTER_result\regen\86b8f29979b7\cy05,superseded,,,0,0,,,deck
fa9358e4adb603b8,..\2_LP\LOW_Fr_MASTER_result\regen\86b8f29979b7\cy06,superseded,,,0,0,,,deck
fa9358e4adb603b8,..\2_LP\LOW_Fr_MASTER_result\regen\86b8f29979b7\cy07,superseded,,,0,0,,,deck
fa9358e4adb603b8,..\2_LP\LOW_Fr_MASTER_result\regen\86b8f29979b7\cy08,superseded,,,0,0,,,deck
fa9358e4adb603b8,..\2_LP\LOW_Fr_MASTER_result\regen\86b8f29979b7\cy09,superseded,,,0,0,,,deck
fa9358e4adb603b8,..\2_LP\LOW_Fr_MASTER_result\regen\86b8f29979b7\cy10,superseded,,,0,0,,,deck
fa9358e4adb603b8,..\2_LP\LOW_Fr_MASTER_result\regen\86b8f29979b7\cy11,superseded,,,0,0,,,deck
fa9358e4adb603b8,..\2_LP\LOW_Fr_MASTER_result\regen\86b8f29979b7\cy12,regen:cy12/12,1.5923,1.4486,25,1,,623.611,deck
,..\2_LP\LOW_Fr_MASTER_result\regen\86e6ab4c3902\cy01,superseded,,,0,0,,,
67900642ed1665e9,..\2_LP\LOW_Fr_MASTER_result\regen\86e6ab4c3902\cy02,superseded,,,0,0,,,deck
67900642ed1665e9,..\2_LP\LOW_Fr_MASTER_result\regen\86e6ab4c3902\cy03,superseded,,,0,0,,,deck
67900642ed1665e9,..\2_LP\LOW_Fr_MASTER_result\regen\86e6ab4c3902\cy04,superseded,,,0,0,,,deck
67900642ed1665e9,..\2_LP\LOW_Fr_MASTER_result\regen\86e6ab4c3902\cy05,superseded,,,0,0,,,deck
67900642ed1665e9,..\2_LP\LOW_Fr_MASTER_result\regen\86e6ab4c3902\cy06,superseded,,,0,0,,,deck
67900642ed1665e9,..\2_LP\LOW_Fr_MASTER_result\regen\86e6ab4c3902\cy07,superseded,,,0,0,,,deck
67900642ed1665e9,..\2_LP\LOW_Fr_MASTER_result\regen\86e6ab4c3902\cy08,superseded,,,0,0,,,deck
67900642ed1665e9,..\2_LP\LOW_Fr_MASTER_result\regen\86e6ab4c3902\cy09,superseded,,,0,0,,,deck
67900642ed1665e9,..\2_LP\LOW_Fr_MASTER_result\regen\86e6ab4c3902\cy10,regen:cy10/10,1.6057,1.4573,25,1,,623.487,deck
,..\2_LP\LOW_Fr_MASTER_result\regen\8733f6e653e2\cy01,superseded,,,0,0,,,
5f779c92273ae002,..\2_LP\LOW_Fr_MASTER_result\regen\8733f6e653e2\cy02,superseded,,,0,0,,,deck
5f779c92273ae002,..\2_LP\LOW_Fr_MASTER_result\regen\8733f6e653e2\cy03,superseded,,,0,0,,,deck
5f779c92273ae002,..\2_LP\LOW_Fr_MASTER_result\regen\8733f6e653e2\cy04,superseded,,,0,0,,,deck
5f779c92273ae002,..\2_LP\LOW_Fr_MASTER_result\regen\8733f6e653e2\cy05,superseded,,,0,0,,,deck
5f779c92273ae002,..\2_LP\LOW_Fr_MASTER_result\regen\8733f6e653e2\cy06,superseded,,,0,0,,,deck
5f779c92273ae002,..\2_LP\LOW_Fr_MASTER_result\regen\8733f6e653e2\cy07,superseded,,,0,0,,,deck
5f779c92273ae002,..\2_LP\LOW_Fr_MASTER_result\regen\8733f6e653e2\cy08,superseded,,,0,0,,,deck
5f779c92273ae002,..\2_LP\LOW_Fr_MASTER_result\regen\8733f6e653e2\cy09,superseded,,,0,0,,,deck
5f779c92273ae002,..\2_LP\LOW_Fr_MASTER_result\regen\8733f6e653e2\cy10,superseded,,,0,0,,,deck
5f779c92273ae002,..\2_LP\LOW_Fr_MASTER_result\regen\8733f6e653e2\cy11,superseded,,,0,0,,,deck
5f779c92273ae002,..\2_LP\LOW_Fr_MASTER_result\regen\8733f6e653e2\cy12,regen:cy12/12,1.6303,1.4561,25,1,,615.657,deck
,..\2_LP\LOW_Fr_MASTER_result\regen\8793dc9cf6f1\cy01,superseded,,,0,0,,,
61db3db980be0f09,..\2_LP\LOW_Fr_MASTER_result\regen\8793dc9cf6f1\cy02,superseded,,,0,0,,,deck
61db3db980be0f09,..\2_LP\LOW_Fr_MASTER_result\regen\8793dc9cf6f1\cy03,superseded,,,0,0,,,deck
61db3db980be0f09,..\2_LP\LOW_Fr_MASTER_result\regen\8793dc9cf6f1\cy04,superseded,,,0,0,,,deck
61db3db980be0f09,..\2_LP\LOW_Fr_MASTER_result\regen\8793dc9cf6f1\cy05,superseded,,,0,0,,,deck
61db3db980be0f09,..\2_LP\LOW_Fr_MASTER_result\regen\8793dc9cf6f1\cy06,superseded,,,0,0,,,deck
61db3db980be0f09,..\2_LP\LOW_Fr_MASTER_result\regen\8793dc9cf6f1\cy07,superseded,,,0,0,,,deck
61db3db980be0f09,..\2_LP\LOW_Fr_MASTER_result\regen\8793dc9cf6f1\cy08,superseded,,,0,0,,,deck
61db3db980be0f09,..\2_LP\LOW_Fr_MASTER_result\regen\8793dc9cf6f1\cy09,superseded,,,0,0,,,deck
61db3db980be0f09,..\2_LP\LOW_Fr_MASTER_result\regen\8793dc9cf6f1\cy10,superseded,,,0,0,,,deck
61db3db980be0f09,..\2_LP\LOW_Fr_MASTER_result\regen\8793dc9cf6f1\cy11,superseded,,,0,0,,,deck
61db3db980be0f09,..\2_LP\LOW_Fr_MASTER_result\regen\8793dc9cf6f1\cy12,regen:cy12/12,1.6863,1.491,25,1,,618.321,deck
,..\2_LP\LOW_Fr_MASTER_result\regen\87f0f433b66a\cy01,superseded,,,0,0,,,
5da661be9aca6168,..\2_LP\LOW_Fr_MASTER_result\regen\87f0f433b66a\cy02,superseded,,,0,0,,,deck
5da661be9aca6168,..\2_LP\LOW_Fr_MASTER_result\regen\87f0f433b66a\cy03,superseded,,,0,0,,,deck
5da661be9aca6168,..\2_LP\LOW_Fr_MASTER_result\regen\87f0f433b66a\cy04,superseded,,,0,0,,,deck
5da661be9aca6168,..\2_LP\LOW_Fr_MASTER_result\regen\87f0f433b66a\cy05,superseded,,,0,0,,,deck
5da661be9aca6168,..\2_LP\LOW_Fr_MASTER_result\regen\87f0f433b66a\cy06,superseded,,,0,0,,,deck
5da661be9aca6168,..\2_LP\LOW_Fr_MASTER_result\regen\87f0f433b66a\cy07,superseded,,,0,0,,,deck
5da661be9aca6168,..\2_LP\LOW_Fr_MASTER_result\regen\87f0f433b66a\cy08,superseded,,,0,0,,,deck
5da661be9aca6168,..\2_LP\LOW_Fr_MASTER_result\regen\87f0f433b66a\cy09,superseded,,,0,0,,,deck
5da661be9aca6168,..\2_LP\LOW_Fr_MASTER_result\regen\87f0f433b66a\cy10,superseded,,,0,0,,,deck
5da661be9aca6168,..\2_LP\LOW_Fr_MASTER_result\regen\87f0f433b66a\cy11,superseded,,,0,0,,,deck
5da661be9aca6168,..\2_LP\LOW_Fr_MASTER_result\regen\87f0f433b66a\cy12,regen:cy12/12,1.6485,1.4428,25,1,,617.891,deck
,..\2_LP\LOW_Fr_MASTER_result\regen\88824637f5dc\cy01,superseded,,,0,0,,,
1dd7795d77adf851,..\2_LP\LOW_Fr_MASTER_result\regen\88824637f5dc\cy02,superseded,,,0,0,,,deck
1dd7795d77adf851,..\2_LP\LOW_Fr_MASTER_result\regen\88824637f5dc\cy03,superseded,,,0,0,,,deck
1dd7795d77adf851,..\2_LP\LOW_Fr_MASTER_result\regen\88824637f5dc\cy04,superseded,,,0,0,,,deck
1dd7795d77adf851,..\2_LP\LOW_Fr_MASTER_result\regen\88824637f5dc\cy05,superseded,,,0,0,,,deck
1dd7795d77adf851,..\2_LP\LOW_Fr_MASTER_result\regen\88824637f5dc\cy06,superseded,,,0,0,,,deck
1dd7795d77adf851,..\2_LP\LOW_Fr_MASTER_result\regen\88824637f5dc\cy07,superseded,,,0,0,,,deck
1dd7795d77adf851,..\2_LP\LOW_Fr_MASTER_result\regen\88824637f5dc\cy08,superseded,,,0,0,,,deck
1dd7795d77adf851,..\2_LP\LOW_Fr_MASTER_result\regen\88824637f5dc\cy09,superseded,,,0,0,,,deck
1dd7795d77adf851,..\2_LP\LOW_Fr_MASTER_result\regen\88824637f5dc\cy10,superseded,,,0,0,,,deck
1dd7795d77adf851,..\2_LP\LOW_Fr_MASTER_result\regen\88824637f5dc\cy11,superseded,,,0,0,,,deck
1dd7795d77adf851,..\2_LP\LOW_Fr_MASTER_result\regen\88824637f5dc\cy12,regen:cy12/12,1.762,1.5585,25,1,,619.837,deck
,..\2_LP\LOW_Fr_MASTER_result\regen\88f91aaeb429\cy01,superseded,,,0,0,,,
0fcf12eb881448a1,..\2_LP\LOW_Fr_MASTER_result\regen\88f91aaeb429\cy02,superseded,,,0,0,,,deck
0fcf12eb881448a1,..\2_LP\LOW_Fr_MASTER_result\regen\88f91aaeb429\cy03,superseded,,,0,0,,,deck
0fcf12eb881448a1,..\2_LP\LOW_Fr_MASTER_result\regen\88f91aaeb429\cy04,superseded,,,0,0,,,deck
0fcf12eb881448a1,..\2_LP\LOW_Fr_MASTER_result\regen\88f91aaeb429\cy05,superseded,,,0,0,,,deck
0fcf12eb881448a1,..\2_LP\LOW_Fr_MASTER_result\regen\88f91aaeb429\cy06,superseded,,,0,0,,,deck
0fcf12eb881448a1,..\2_LP\LOW_Fr_MASTER_result\regen\88f91aaeb429\cy07,superseded,,,0,0,,,deck
0fcf12eb881448a1,..\2_LP\LOW_Fr_MASTER_result\regen\88f91aaeb429\cy08,superseded,,,0,0,,,deck
0fcf12eb881448a1,..\2_LP\LOW_Fr_MASTER_result\regen\88f91aaeb429\cy09,superseded,,,0,0,,,deck
0fcf12eb881448a1,..\2_LP\LOW_Fr_MASTER_result\regen\88f91aaeb429\cy10,superseded,,,0,0,,,deck
0fcf12eb881448a1,..\2_LP\LOW_Fr_MASTER_result\regen\88f91aaeb429\cy11,superseded,,,0,0,,,deck
0fcf12eb881448a1,..\2_LP\LOW_Fr_MASTER_result\regen\88f91aaeb429\cy12,regen:cy12/12,1.7779,1.5406,25,1,,619.564,deck
,..\2_LP\LOW_Fr_MASTER_result\regen\890a6f15769d\cy01,superseded,,,0,0,,,
3f6fbcde384b6634,..\2_LP\LOW_Fr_MASTER_result\regen\890a6f15769d\cy02,superseded,,,0,0,,,deck
3f6fbcde384b6634,..\2_LP\LOW_Fr_MASTER_result\regen\890a6f15769d\cy03,superseded,,,0,0,,,deck
3f6fbcde384b6634,..\2_LP\LOW_Fr_MASTER_result\regen\890a6f15769d\cy04,superseded,,,0,0,,,deck
3f6fbcde384b6634,..\2_LP\LOW_Fr_MASTER_result\regen\890a6f15769d\cy05,superseded,,,0,0,,,deck
3f6fbcde384b6634,..\2_LP\LOW_Fr_MASTER_result\regen\890a6f15769d\cy06,superseded,,,0,0,,,deck
3f6fbcde384b6634,..\2_LP\LOW_Fr_MASTER_result\regen\890a6f15769d\cy07,superseded,,,0,0,,,deck
3f6fbcde384b6634,..\2_LP\LOW_Fr_MASTER_result\regen\890a6f15769d\cy08,superseded,,,0,0,,,deck
3f6fbcde384b6634,..\2_LP\LOW_Fr_MASTER_result\regen\890a6f15769d\cy09,superseded,,,0,0,,,deck
3f6fbcde384b6634,..\2_LP\LOW_Fr_MASTER_result\regen\890a6f15769d\cy10,regen:cy10/10,1.5942,1.4463,25,1,,623.542,deck
,..\2_LP\LOW_Fr_MASTER_result\regen\8923d67a0b07\cy01,superseded,,,0,0,,,
fe5b1a540a81a852,..\2_LP\LOW_Fr_MASTER_result\regen\8923d67a0b07\cy02,superseded,,,0,0,,,deck
fe5b1a540a81a852,..\2_LP\LOW_Fr_MASTER_result\regen\8923d67a0b07\cy03,superseded,,,0,0,,,deck
fe5b1a540a81a852,..\2_LP\LOW_Fr_MASTER_result\regen\8923d67a0b07\cy04,superseded,,,0,0,,,deck
fe5b1a540a81a852,..\2_LP\LOW_Fr_MASTER_result\regen\8923d67a0b07\cy05,superseded,,,0,0,,,deck
fe5b1a540a81a852,..\2_LP\LOW_Fr_MASTER_result\regen\8923d67a0b07\cy06,superseded,,,0,0,,,deck
fe5b1a540a81a852,..\2_LP\LOW_Fr_MASTER_result\regen\8923d67a0b07\cy07,superseded,,,0,0,,,deck
fe5b1a540a81a852,..\2_LP\LOW_Fr_MASTER_result\regen\8923d67a0b07\cy08,superseded,,,0,0,,,deck
fe5b1a540a81a852,..\2_LP\LOW_Fr_MASTER_result\regen\8923d67a0b07\cy09,superseded,,,0,0,,,deck
fe5b1a540a81a852,..\2_LP\LOW_Fr_MASTER_result\regen\8923d67a0b07\cy10,superseded,,,0,0,,,deck
fe5b1a540a81a852,..\2_LP\LOW_Fr_MASTER_result\regen\8923d67a0b07\cy11,superseded,,,0,0,,,deck
fe5b1a540a81a852,..\2_LP\LOW_Fr_MASTER_result\regen\8923d67a0b07\cy12,regen:cy12/12,1.9184,1.7201,25,1,,624.27,deck
,..\2_LP\LOW_Fr_MASTER_result\regen\892c0ef1d65c\cy01,superseded,,,0,0,,,
17a9fc93f0d2181b,..\2_LP\LOW_Fr_MASTER_result\regen\892c0ef1d65c\cy02,superseded,,,0,0,,,deck
17a9fc93f0d2181b,..\2_LP\LOW_Fr_MASTER_result\regen\892c0ef1d65c\cy03,superseded,,,0,0,,,deck
17a9fc93f0d2181b,..\2_LP\LOW_Fr_MASTER_result\regen\892c0ef1d65c\cy04,superseded,,,0,0,,,deck
17a9fc93f0d2181b,..\2_LP\LOW_Fr_MASTER_result\regen\892c0ef1d65c\cy05,superseded,,,0,0,,,deck
17a9fc93f0d2181b,..\2_LP\LOW_Fr_MASTER_result\regen\892c0ef1d65c\cy06,superseded,,,0,0,,,deck
17a9fc93f0d2181b,..\2_LP\LOW_Fr_MASTER_result\regen\892c0ef1d65c\cy07,superseded,,,0,0,,,deck
17a9fc93f0d2181b,..\2_LP\LOW_Fr_MASTER_result\regen\892c0ef1d65c\cy08,superseded,,,0,0,,,deck
17a9fc93f0d2181b,..\2_LP\LOW_Fr_MASTER_result\regen\892c0ef1d65c\cy09,superseded,,,0,0,,,deck
17a9fc93f0d2181b,..\2_LP\LOW_Fr_MASTER_result\regen\892c0ef1d65c\cy10,superseded,,,0,0,,,deck
17a9fc93f0d2181b,..\2_LP\LOW_Fr_MASTER_result\regen\892c0ef1d65c\cy11,superseded,,,0,0,,,deck
17a9fc93f0d2181b,..\2_LP\LOW_Fr_MASTER_result\regen\892c0ef1d65c\cy12,regen:cy12/12,1.5998,1.4223,25,1,,617.011,deck
,..\2_LP\LOW_Fr_MASTER_result\regen\89457360cf04\cy01,superseded,,,0,0,,,
bae563fd9545b0c3,..\2_LP\LOW_Fr_MASTER_result\regen\89457360cf04\cy02,superseded,,,0,0,,,deck
bae563fd9545b0c3,..\2_LP\LOW_Fr_MASTER_result\regen\89457360cf04\cy03,superseded,,,0,0,,,deck
bae563fd9545b0c3,..\2_LP\LOW_Fr_MASTER_result\regen\89457360cf04\cy04,superseded,,,0,0,,,deck
bae563fd9545b0c3,..\2_LP\LOW_Fr_MASTER_result\regen\89457360cf04\cy05,superseded,,,0,0,,,deck
bae563fd9545b0c3,..\2_LP\LOW_Fr_MASTER_result\regen\89457360cf04\cy06,superseded,,,0,0,,,deck
bae563fd9545b0c3,..\2_LP\LOW_Fr_MASTER_result\regen\89457360cf04\cy07,superseded,,,0,0,,,deck
bae563fd9545b0c3,..\2_LP\LOW_Fr_MASTER_result\regen\89457360cf04\cy08,superseded,,,0,0,,,deck
bae563fd9545b0c3,..\2_LP\LOW_Fr_MASTER_result\regen\89457360cf04\cy09,superseded,,,0,0,,,deck
bae563fd9545b0c3,..\2_LP\LOW_Fr_MASTER_result\regen\89457360cf04\cy10,superseded,,,0,0,,,deck
bae563fd9545b0c3,..\2_LP\LOW_Fr_MASTER_result\regen\89457360cf04\cy11,superseded,,,0,0,,,deck
bae563fd9545b0c3,..\2_LP\LOW_Fr_MASTER_result\regen\89457360cf04\cy12,regen:cy12/12,1.6846,1.4946,25,1,,619.496,deck
,..\2_LP\LOW_Fr_MASTER_result\regen\898c76b3d2b7\cy01,superseded,,,0,0,,,
04a6bf7a7785a20b,..\2_LP\LOW_Fr_MASTER_result\regen\898c76b3d2b7\cy02,superseded,,,0,0,,,deck
04a6bf7a7785a20b,..\2_LP\LOW_Fr_MASTER_result\regen\898c76b3d2b7\cy03,superseded,,,0,0,,,deck
04a6bf7a7785a20b,..\2_LP\LOW_Fr_MASTER_result\regen\898c76b3d2b7\cy04,superseded,,,0,0,,,deck
04a6bf7a7785a20b,..\2_LP\LOW_Fr_MASTER_result\regen\898c76b3d2b7\cy05,superseded,,,0,0,,,deck
04a6bf7a7785a20b,..\2_LP\LOW_Fr_MASTER_result\regen\898c76b3d2b7\cy06,superseded,,,0,0,,,deck
04a6bf7a7785a20b,..\2_LP\LOW_Fr_MASTER_result\regen\898c76b3d2b7\cy07,superseded,,,0,0,,,deck
04a6bf7a7785a20b,..\2_LP\LOW_Fr_MASTER_result\regen\898c76b3d2b7\cy08,superseded,,,0,0,,,deck
04a6bf7a7785a20b,..\2_LP\LOW_Fr_MASTER_result\regen\898c76b3d2b7\cy09,superseded,,,0,0,,,deck
04a6bf7a7785a20b,..\2_LP\LOW_Fr_MASTER_result\regen\898c76b3d2b7\cy10,superseded,,,0,0,,,deck
04a6bf7a7785a20b,..\2_LP\LOW_Fr_MASTER_result\regen\898c76b3d2b7\cy11,superseded,,,0,0,,,deck
04a6bf7a7785a20b,..\2_LP\LOW_Fr_MASTER_result\regen\898c76b3d2b7\cy12,regen:cy12/12,1.8051,1.5724,25,1,,617.699,deck
,..\2_LP\LOW_Fr_MASTER_result\regen\898fcc5191b9\cy01,no_digest,,,0,0,,,
,..\2_LP\LOW_Fr_MASTER_result\regen\89ceac2961b9\cy01,superseded,,,0,0,,,
0c4fccd09b94fcb6,..\2_LP\LOW_Fr_MASTER_result\regen\89ceac2961b9\cy02,superseded,,,0,0,,,deck
0c4fccd09b94fcb6,..\2_LP\LOW_Fr_MASTER_result\regen\89ceac2961b9\cy03,superseded,,,0,0,,,deck
0c4fccd09b94fcb6,..\2_LP\LOW_Fr_MASTER_result\regen\89ceac2961b9\cy04,superseded,,,0,0,,,deck
0c4fccd09b94fcb6,..\2_LP\LOW_Fr_MASTER_result\regen\89ceac2961b9\cy05,superseded,,,0,0,,,deck
0c4fccd09b94fcb6,..\2_LP\LOW_Fr_MASTER_result\regen\89ceac2961b9\cy06,superseded,,,0,0,,,deck
0c4fccd09b94fcb6,..\2_LP\LOW_Fr_MASTER_result\regen\89ceac2961b9\cy07,superseded,,,0,0,,,deck
0c4fccd09b94fcb6,..\2_LP\LOW_Fr_MASTER_result\regen\89ceac2961b9\cy08,superseded,,,0,0,,,deck
0c4fccd09b94fcb6,..\2_LP\LOW_Fr_MASTER_result\regen\89ceac2961b9\cy09,superseded,,,0,0,,,deck
0c4fccd09b94fcb6,..\2_LP\LOW_Fr_MASTER_result\regen\89ceac2961b9\cy10,superseded,,,0,0,,,deck
0c4fccd09b94fcb6,..\2_LP\LOW_Fr_MASTER_result\regen\89ceac2961b9\cy11,superseded,,,0,0,,,deck
0c4fccd09b94fcb6,..\2_LP\LOW_Fr_MASTER_result\regen\89ceac2961b9\cy12,regen:cy12/12,1.5977,1.4566,25,1,,619.268,deck
,..\2_LP\LOW_Fr_MASTER_result\regen\8ab81b89e2ad\cy01,superseded,,,0,0,,,
aa726997f948a8c0,..\2_LP\LOW_Fr_MASTER_result\regen\8ab81b89e2ad\cy02,superseded,,,0,0,,,deck
aa726997f948a8c0,..\2_LP\LOW_Fr_MASTER_result\regen\8ab81b89e2ad\cy03,superseded,,,0,0,,,deck
aa726997f948a8c0,..\2_LP\LOW_Fr_MASTER_result\regen\8ab81b89e2ad\cy04,superseded,,,0,0,,,deck
aa726997f948a8c0,..\2_LP\LOW_Fr_MASTER_result\regen\8ab81b89e2ad\cy05,superseded,,,0,0,,,deck
aa726997f948a8c0,..\2_LP\LOW_Fr_MASTER_result\regen\8ab81b89e2ad\cy06,superseded,,,0,0,,,deck
aa726997f948a8c0,..\2_LP\LOW_Fr_MASTER_result\regen\8ab81b89e2ad\cy07,superseded,,,0,0,,,deck
aa726997f948a8c0,..\2_LP\LOW_Fr_MASTER_result\regen\8ab81b89e2ad\cy08,superseded,,,0,0,,,deck
aa726997f948a8c0,..\2_LP\LOW_Fr_MASTER_result\regen\8ab81b89e2ad\cy09,superseded,,,0,0,,,deck
aa726997f948a8c0,..\2_LP\LOW_Fr_MASTER_result\regen\8ab81b89e2ad\cy10,superseded,,,0,0,,,deck
aa726997f948a8c0,..\2_LP\LOW_Fr_MASTER_result\regen\8ab81b89e2ad\cy11,superseded,,,0,0,,,deck
aa726997f948a8c0,..\2_LP\LOW_Fr_MASTER_result\regen\8ab81b89e2ad\cy12,regen:cy12/12,1.5872,1.3995,25,1,,616.213,deck
,..\2_LP\LOW_Fr_MASTER_result\regen\8b43296de700\cy01,superseded,,,0,0,,,
7f4750d77e4c98f1,..\2_LP\LOW_Fr_MASTER_result\regen\8b43296de700\cy02,superseded,,,0,0,,,deck
7f4750d77e4c98f1,..\2_LP\LOW_Fr_MASTER_result\regen\8b43296de700\cy03,superseded,,,0,0,,,deck
7f4750d77e4c98f1,..\2_LP\LOW_Fr_MASTER_result\regen\8b43296de700\cy04,superseded,,,0,0,,,deck
7f4750d77e4c98f1,..\2_LP\LOW_Fr_MASTER_result\regen\8b43296de700\cy05,superseded,,,0,0,,,deck
7f4750d77e4c98f1,..\2_LP\LOW_Fr_MASTER_result\regen\8b43296de700\cy06,superseded,,,0,0,,,deck
7f4750d77e4c98f1,..\2_LP\LOW_Fr_MASTER_result\regen\8b43296de700\cy07,superseded,,,0,0,,,deck
7f4750d77e4c98f1,..\2_LP\LOW_Fr_MASTER_result\regen\8b43296de700\cy08,superseded,,,0,0,,,deck
7f4750d77e4c98f1,..\2_LP\LOW_Fr_MASTER_result\regen\8b43296de700\cy09,superseded,,,0,0,,,deck
7f4750d77e4c98f1,..\2_LP\LOW_Fr_MASTER_result\regen\8b43296de700\cy10,superseded,,,0,0,,,deck
7f4750d77e4c98f1,..\2_LP\LOW_Fr_MASTER_result\regen\8b43296de700\cy11,superseded,,,0,0,,,deck
7f4750d77e4c98f1,..\2_LP\LOW_Fr_MASTER_result\regen\8b43296de700\cy12,regen:cy12/12,1.7152,1.5432,25,1,,617.67,deck
,..\2_LP\LOW_Fr_MASTER_result\regen\8b6198c0100a\cy01,superseded,,,0,0,,,
c4a493e12fee3689,..\2_LP\LOW_Fr_MASTER_result\regen\8b6198c0100a\cy02,superseded,,,0,0,,,deck
c4a493e12fee3689,..\2_LP\LOW_Fr_MASTER_result\regen\8b6198c0100a\cy03,superseded,,,0,0,,,deck
c4a493e12fee3689,..\2_LP\LOW_Fr_MASTER_result\regen\8b6198c0100a\cy04,superseded,,,0,0,,,deck
c4a493e12fee3689,..\2_LP\LOW_Fr_MASTER_result\regen\8b6198c0100a\cy05,superseded,,,0,0,,,deck
c4a493e12fee3689,..\2_LP\LOW_Fr_MASTER_result\regen\8b6198c0100a\cy06,superseded,,,0,0,,,deck
c4a493e12fee3689,..\2_LP\LOW_Fr_MASTER_result\regen\8b6198c0100a\cy07,superseded,,,0,0,,,deck
c4a493e12fee3689,..\2_LP\LOW_Fr_MASTER_result\regen\8b6198c0100a\cy08,superseded,,,0,0,,,deck
c4a493e12fee3689,..\2_LP\LOW_Fr_MASTER_result\regen\8b6198c0100a\cy09,superseded,,,0,0,,,deck
c4a493e12fee3689,..\2_LP\LOW_Fr_MASTER_result\regen\8b6198c0100a\cy10,superseded,,,0,0,,,deck
c4a493e12fee3689,..\2_LP\LOW_Fr_MASTER_result\regen\8b6198c0100a\cy11,superseded,,,0,0,,,deck
c4a493e12fee3689,..\2_LP\LOW_Fr_MASTER_result\regen\8b6198c0100a\cy12,regen:cy12/12,1.8378,1.6094,25,1,,621.578,deck
,..\2_LP\LOW_Fr_MASTER_result\regen\8c270c30a441\cy01,superseded,,,0,0,,,
650d27a770f4f005,..\2_LP\LOW_Fr_MASTER_result\regen\8c270c30a441\cy02,superseded,,,0,0,,,deck
650d27a770f4f005,..\2_LP\LOW_Fr_MASTER_result\regen\8c270c30a441\cy03,superseded,,,0,0,,,deck
650d27a770f4f005,..\2_LP\LOW_Fr_MASTER_result\regen\8c270c30a441\cy04,superseded,,,0,0,,,deck
650d27a770f4f005,..\2_LP\LOW_Fr_MASTER_result\regen\8c270c30a441\cy05,superseded,,,0,0,,,deck
650d27a770f4f005,..\2_LP\LOW_Fr_MASTER_result\regen\8c270c30a441\cy06,superseded,,,0,0,,,deck
650d27a770f4f005,..\2_LP\LOW_Fr_MASTER_result\regen\8c270c30a441\cy07,superseded,,,0,0,,,deck
650d27a770f4f005,..\2_LP\LOW_Fr_MASTER_result\regen\8c270c30a441\cy08,superseded,,,0,0,,,deck
650d27a770f4f005,..\2_LP\LOW_Fr_MASTER_result\regen\8c270c30a441\cy09,superseded,,,0,0,,,deck
650d27a770f4f005,..\2_LP\LOW_Fr_MASTER_result\regen\8c270c30a441\cy10,superseded,,,0,0,,,deck
650d27a770f4f005,..\2_LP\LOW_Fr_MASTER_result\regen\8c270c30a441\cy11,superseded,,,0,0,,,deck
650d27a770f4f005,..\2_LP\LOW_Fr_MASTER_result\regen\8c270c30a441\cy12,regen:cy12/12,2.087,1.8601,25,1,,620.931,deck
,..\2_LP\LOW_Fr_MASTER_result\regen\8c5d903d7644\cy01,superseded,,,0,0,,,
37784b9479a8e0e9,..\2_LP\LOW_Fr_MASTER_result\regen\8c5d903d7644\cy02,superseded,,,0,0,,,deck
37784b9479a8e0e9,..\2_LP\LOW_Fr_MASTER_result\regen\8c5d903d7644\cy03,superseded,,,0,0,,,deck
37784b9479a8e0e9,..\2_LP\LOW_Fr_MASTER_result\regen\8c5d903d7644\cy04,superseded,,,0,0,,,deck
37784b9479a8e0e9,..\2_LP\LOW_Fr_MASTER_result\regen\8c5d903d7644\cy05,superseded,,,0,0,,,deck
37784b9479a8e0e9,..\2_LP\LOW_Fr_MASTER_result\regen\8c5d903d7644\cy06,superseded,,,0,0,,,deck
37784b9479a8e0e9,..\2_LP\LOW_Fr_MASTER_result\regen\8c5d903d7644\cy07,superseded,,,0,0,,,deck
37784b9479a8e0e9,..\2_LP\LOW_Fr_MASTER_result\regen\8c5d903d7644\cy08,superseded,,,0,0,,,deck
37784b9479a8e0e9,..\2_LP\LOW_Fr_MASTER_result\regen\8c5d903d7644\cy09,superseded,,,0,0,,,deck
37784b9479a8e0e9,..\2_LP\LOW_Fr_MASTER_result\regen\8c5d903d7644\cy10,superseded,,,0,0,,,deck
37784b9479a8e0e9,..\2_LP\LOW_Fr_MASTER_result\regen\8c5d903d7644\cy11,superseded,,,0,0,,,deck
37784b9479a8e0e9,..\2_LP\LOW_Fr_MASTER_result\regen\8c5d903d7644\cy12,regen:cy12/12,1.6433,1.5155,25,1,,617.322,deck
,..\2_LP\LOW_Fr_MASTER_result\regen\8c94177d14c0\cy01,superseded,,,0,0,,,
2612eafdc9c54d6c,..\2_LP\LOW_Fr_MASTER_result\regen\8c94177d14c0\cy02,superseded,,,0,0,,,deck
2612eafdc9c54d6c,..\2_LP\LOW_Fr_MASTER_result\regen\8c94177d14c0\cy03,superseded,,,0,0,,,deck
2612eafdc9c54d6c,..\2_LP\LOW_Fr_MASTER_result\regen\8c94177d14c0\cy04,superseded,,,0,0,,,deck
2612eafdc9c54d6c,..\2_LP\LOW_Fr_MASTER_result\regen\8c94177d14c0\cy05,superseded,,,0,0,,,deck
2612eafdc9c54d6c,..\2_LP\LOW_Fr_MASTER_result\regen\8c94177d14c0\cy06,superseded,,,0,0,,,deck
2612eafdc9c54d6c,..\2_LP\LOW_Fr_MASTER_result\regen\8c94177d14c0\cy07,superseded,,,0,0,,,deck
2612eafdc9c54d6c,..\2_LP\LOW_Fr_MASTER_result\regen\8c94177d14c0\cy08,superseded,,,0,0,,,deck
2612eafdc9c54d6c,..\2_LP\LOW_Fr_MASTER_result\regen\8c94177d14c0\cy09,superseded,,,0,0,,,deck
2612eafdc9c54d6c,..\2_LP\LOW_Fr_MASTER_result\regen\8c94177d14c0\cy10,superseded,,,0,0,,,deck
2612eafdc9c54d6c,..\2_LP\LOW_Fr_MASTER_result\regen\8c94177d14c0\cy11,superseded,,,0,0,,,deck
2612eafdc9c54d6c,..\2_LP\LOW_Fr_MASTER_result\regen\8c94177d14c0\cy12,regen:cy12/12,1.6029,1.4603,25,1,,617.236,deck
,..\2_LP\LOW_Fr_MASTER_result\regen\8ca111ee08db\cy01,superseded,,,0,0,,,
75ec8b490b906c44,..\2_LP\LOW_Fr_MASTER_result\regen\8ca111ee08db\cy02,superseded,,,0,0,,,deck
75ec8b490b906c44,..\2_LP\LOW_Fr_MASTER_result\regen\8ca111ee08db\cy03,superseded,,,0,0,,,deck
75ec8b490b906c44,..\2_LP\LOW_Fr_MASTER_result\regen\8ca111ee08db\cy04,superseded,,,0,0,,,deck
75ec8b490b906c44,..\2_LP\LOW_Fr_MASTER_result\regen\8ca111ee08db\cy05,superseded,,,0,0,,,deck
75ec8b490b906c44,..\2_LP\LOW_Fr_MASTER_result\regen\8ca111ee08db\cy06,superseded,,,0,0,,,deck
75ec8b490b906c44,..\2_LP\LOW_Fr_MASTER_result\regen\8ca111ee08db\cy07,superseded,,,0,0,,,deck
75ec8b490b906c44,..\2_LP\LOW_Fr_MASTER_result\regen\8ca111ee08db\cy08,superseded,,,0,0,,,deck
75ec8b490b906c44,..\2_LP\LOW_Fr_MASTER_result\regen\8ca111ee08db\cy09,superseded,,,0,0,,,deck
75ec8b490b906c44,..\2_LP\LOW_Fr_MASTER_result\regen\8ca111ee08db\cy10,superseded,,,0,0,,,deck
75ec8b490b906c44,..\2_LP\LOW_Fr_MASTER_result\regen\8ca111ee08db\cy11,superseded,,,0,0,,,deck
75ec8b490b906c44,..\2_LP\LOW_Fr_MASTER_result\regen\8ca111ee08db\cy12,regen:cy12/12,1.7969,1.5698,25,1,,616.967,deck
,..\2_LP\LOW_Fr_MASTER_result\regen\8cd977035bcd\cy01,superseded,,,0,0,,,
b54126546b6a0f29,..\2_LP\LOW_Fr_MASTER_result\regen\8cd977035bcd\cy02,superseded,,,0,0,,,deck
b54126546b6a0f29,..\2_LP\LOW_Fr_MASTER_result\regen\8cd977035bcd\cy03,superseded,,,0,0,,,deck
b54126546b6a0f29,..\2_LP\LOW_Fr_MASTER_result\regen\8cd977035bcd\cy04,superseded,,,0,0,,,deck
b54126546b6a0f29,..\2_LP\LOW_Fr_MASTER_result\regen\8cd977035bcd\cy05,superseded,,,0,0,,,deck
b54126546b6a0f29,..\2_LP\LOW_Fr_MASTER_result\regen\8cd977035bcd\cy06,superseded,,,0,0,,,deck
b54126546b6a0f29,..\2_LP\LOW_Fr_MASTER_result\regen\8cd977035bcd\cy07,superseded,,,0,0,,,deck
b54126546b6a0f29,..\2_LP\LOW_Fr_MASTER_result\regen\8cd977035bcd\cy08,superseded,,,0,0,,,deck
b54126546b6a0f29,..\2_LP\LOW_Fr_MASTER_result\regen\8cd977035bcd\cy09,superseded,,,0,0,,,deck
b54126546b6a0f29,..\2_LP\LOW_Fr_MASTER_result\regen\8cd977035bcd\cy10,superseded,,,0,0,,,deck
b54126546b6a0f29,..\2_LP\LOW_Fr_MASTER_result\regen\8cd977035bcd\cy11,superseded,,,0,0,,,deck
b54126546b6a0f29,..\2_LP\LOW_Fr_MASTER_result\regen\8cd977035bcd\cy12,regen:cy12/12,1.7573,1.5358,25,1,,615.024,deck
,..\2_LP\LOW_Fr_MASTER_result\regen\8cfacbb58620\cy01,superseded,,,0,0,,,
534601a1403ea9b6,..\2_LP\LOW_Fr_MASTER_result\regen\8cfacbb58620\cy02,superseded,,,0,0,,,deck
534601a1403ea9b6,..\2_LP\LOW_Fr_MASTER_result\regen\8cfacbb58620\cy03,superseded,,,0,0,,,deck
534601a1403ea9b6,..\2_LP\LOW_Fr_MASTER_result\regen\8cfacbb58620\cy04,superseded,,,0,0,,,deck
534601a1403ea9b6,..\2_LP\LOW_Fr_MASTER_result\regen\8cfacbb58620\cy05,superseded,,,0,0,,,deck
534601a1403ea9b6,..\2_LP\LOW_Fr_MASTER_result\regen\8cfacbb58620\cy06,superseded,,,0,0,,,deck
534601a1403ea9b6,..\2_LP\LOW_Fr_MASTER_result\regen\8cfacbb58620\cy07,superseded,,,0,0,,,deck
534601a1403ea9b6,..\2_LP\LOW_Fr_MASTER_result\regen\8cfacbb58620\cy08,superseded,,,0,0,,,deck
534601a1403ea9b6,..\2_LP\LOW_Fr_MASTER_result\regen\8cfacbb58620\cy09,superseded,,,0,0,,,deck
534601a1403ea9b6,..\2_LP\LOW_Fr_MASTER_result\regen\8cfacbb58620\cy10,superseded,,,0,0,,,deck
534601a1403ea9b6,..\2_LP\LOW_Fr_MASTER_result\regen\8cfacbb58620\cy11,superseded,,,0,0,,,deck
534601a1403ea9b6,..\2_LP\LOW_Fr_MASTER_result\regen\8cfacbb58620\cy12,regen:cy12/12,1.591,1.4466,25,1,,623.635,deck
,..\2_LP\LOW_Fr_MASTER_result\regen\8d22cab0a0a9\cy01,superseded,,,0,0,,,
3781e0771dc901ba,..\2_LP\LOW_Fr_MASTER_result\regen\8d22cab0a0a9\cy02,superseded,,,0,0,,,deck
3781e0771dc901ba,..\2_LP\LOW_Fr_MASTER_result\regen\8d22cab0a0a9\cy03,superseded,,,0,0,,,deck
3781e0771dc901ba,..\2_LP\LOW_Fr_MASTER_result\regen\8d22cab0a0a9\cy04,superseded,,,0,0,,,deck
3781e0771dc901ba,..\2_LP\LOW_Fr_MASTER_result\regen\8d22cab0a0a9\cy05,superseded,,,0,0,,,deck
3781e0771dc901ba,..\2_LP\LOW_Fr_MASTER_result\regen\8d22cab0a0a9\cy06,superseded,,,0,0,,,deck
3781e0771dc901ba,..\2_LP\LOW_Fr_MASTER_result\regen\8d22cab0a0a9\cy07,superseded,,,0,0,,,deck
3781e0771dc901ba,..\2_LP\LOW_Fr_MASTER_result\regen\8d22cab0a0a9\cy08,superseded,,,0,0,,,deck
3781e0771dc901ba,..\2_LP\LOW_Fr_MASTER_result\regen\8d22cab0a0a9\cy09,superseded,,,0,0,,,deck
3781e0771dc901ba,..\2_LP\LOW_Fr_MASTER_result\regen\8d22cab0a0a9\cy10,regen:cy10/10,2.3554,2.1297,25,1,,618.931,deck
,..\2_LP\LOW_Fr_MASTER_result\regen\8d2603f5faa8\cy01,superseded,,,0,0,,,
d7cf0f83ac235b8b,..\2_LP\LOW_Fr_MASTER_result\regen\8d2603f5faa8\cy02,superseded,,,0,0,,,deck
d7cf0f83ac235b8b,..\2_LP\LOW_Fr_MASTER_result\regen\8d2603f5faa8\cy03,superseded,,,0,0,,,deck
d7cf0f83ac235b8b,..\2_LP\LOW_Fr_MASTER_result\regen\8d2603f5faa8\cy04,superseded,,,0,0,,,deck
d7cf0f83ac235b8b,..\2_LP\LOW_Fr_MASTER_result\regen\8d2603f5faa8\cy05,superseded,,,0,0,,,deck
d7cf0f83ac235b8b,..\2_LP\LOW_Fr_MASTER_result\regen\8d2603f5faa8\cy06,superseded,,,0,0,,,deck
d7cf0f83ac235b8b,..\2_LP\LOW_Fr_MASTER_result\regen\8d2603f5faa8\cy07,superseded,,,0,0,,,deck
d7cf0f83ac235b8b,..\2_LP\LOW_Fr_MASTER_result\regen\8d2603f5faa8\cy08,superseded,,,0,0,,,deck
d7cf0f83ac235b8b,..\2_LP\LOW_Fr_MASTER_result\regen\8d2603f5faa8\cy09,superseded,,,0,0,,,deck
d7cf0f83ac235b8b,..\2_LP\LOW_Fr_MASTER_result\regen\8d2603f5faa8\cy10,superseded,,,0,0,,,deck
d7cf0f83ac235b8b,..\2_LP\LOW_Fr_MASTER_result\regen\8d2603f5faa8\cy11,regen:cy11/11,1.6574,1.5283,25,1,,621.711,deck
,..\2_LP\LOW_Fr_MASTER_result\regen\8da7aee0a864\cy01,superseded,,,0,0,,,
93ca190c3912fefa,..\2_LP\LOW_Fr_MASTER_result\regen\8da7aee0a864\cy02,superseded,,,0,0,,,deck
93ca190c3912fefa,..\2_LP\LOW_Fr_MASTER_result\regen\8da7aee0a864\cy03,superseded,,,0,0,,,deck
93ca190c3912fefa,..\2_LP\LOW_Fr_MASTER_result\regen\8da7aee0a864\cy04,superseded,,,0,0,,,deck
93ca190c3912fefa,..\2_LP\LOW_Fr_MASTER_result\regen\8da7aee0a864\cy05,superseded,,,0,0,,,deck
93ca190c3912fefa,..\2_LP\LOW_Fr_MASTER_result\regen\8da7aee0a864\cy06,superseded,,,0,0,,,deck
93ca190c3912fefa,..\2_LP\LOW_Fr_MASTER_result\regen\8da7aee0a864\cy07,superseded,,,0,0,,,deck
93ca190c3912fefa,..\2_LP\LOW_Fr_MASTER_result\regen\8da7aee0a864\cy08,superseded,,,0,0,,,deck
93ca190c3912fefa,..\2_LP\LOW_Fr_MASTER_result\regen\8da7aee0a864\cy09,superseded,,,0,0,,,deck
93ca190c3912fefa,..\2_LP\LOW_Fr_MASTER_result\regen\8da7aee0a864\cy10,superseded,,,0,0,,,deck
93ca190c3912fefa,..\2_LP\LOW_Fr_MASTER_result\regen\8da7aee0a864\cy11,superseded,,,0,0,,,deck
93ca190c3912fefa,..\2_LP\LOW_Fr_MASTER_result\regen\8da7aee0a864\cy12,regen:cy12/12,1.7144,1.5511,25,1,,613.605,deck
,..\2_LP\LOW_Fr_MASTER_result\regen\8e1c58291dff\cy01,superseded,,,0,0,,,
96b2ab68ed62fdf9,..\2_LP\LOW_Fr_MASTER_result\regen\8e1c58291dff\cy02,superseded,,,0,0,,,deck
96b2ab68ed62fdf9,..\2_LP\LOW_Fr_MASTER_result\regen\8e1c58291dff\cy03,superseded,,,0,0,,,deck
96b2ab68ed62fdf9,..\2_LP\LOW_Fr_MASTER_result\regen\8e1c58291dff\cy04,superseded,,,0,0,,,deck
96b2ab68ed62fdf9,..\2_LP\LOW_Fr_MASTER_result\regen\8e1c58291dff\cy05,superseded,,,0,0,,,deck
96b2ab68ed62fdf9,..\2_LP\LOW_Fr_MASTER_result\regen\8e1c58291dff\cy06,superseded,,,0,0,,,deck
96b2ab68ed62fdf9,..\2_LP\LOW_Fr_MASTER_result\regen\8e1c58291dff\cy07,superseded,,,0,0,,,deck
96b2ab68ed62fdf9,..\2_LP\LOW_Fr_MASTER_result\regen\8e1c58291dff\cy08,superseded,,,0,0,,,deck
96b2ab68ed62fdf9,..\2_LP\LOW_Fr_MASTER_result\regen\8e1c58291dff\cy09,superseded,,,0,0,,,deck
96b2ab68ed62fdf9,..\2_LP\LOW_Fr_MASTER_result\regen\8e1c58291dff\cy10,superseded,,,0,0,,,deck
96b2ab68ed62fdf9,..\2_LP\LOW_Fr_MASTER_result\regen\8e1c58291dff\cy11,superseded,,,0,0,,,deck
96b2ab68ed62fdf9,..\2_LP\LOW_Fr_MASTER_result\regen\8e1c58291dff\cy12,regen:cy12/12,1.6119,1.4727,25,1,,617.216,deck
,..\2_LP\LOW_Fr_MASTER_result\regen\8e4244910526\cy01,superseded,,,0,0,,,
69ce08ab8515d0f2,..\2_LP\LOW_Fr_MASTER_result\regen\8e4244910526\cy02,superseded,,,0,0,,,deck
69ce08ab8515d0f2,..\2_LP\LOW_Fr_MASTER_result\regen\8e4244910526\cy03,superseded,,,0,0,,,deck
69ce08ab8515d0f2,..\2_LP\LOW_Fr_MASTER_result\regen\8e4244910526\cy04,superseded,,,0,0,,,deck
69ce08ab8515d0f2,..\2_LP\LOW_Fr_MASTER_result\regen\8e4244910526\cy05,superseded,,,0,0,,,deck
69ce08ab8515d0f2,..\2_LP\LOW_Fr_MASTER_result\regen\8e4244910526\cy06,superseded,,,0,0,,,deck
69ce08ab8515d0f2,..\2_LP\LOW_Fr_MASTER_result\regen\8e4244910526\cy07,superseded,,,0,0,,,deck
69ce08ab8515d0f2,..\2_LP\LOW_Fr_MASTER_result\regen\8e4244910526\cy08,superseded,,,0,0,,,deck
69ce08ab8515d0f2,..\2_LP\LOW_Fr_MASTER_result\regen\8e4244910526\cy09,superseded,,,0,0,,,deck
69ce08ab8515d0f2,..\2_LP\LOW_Fr_MASTER_result\regen\8e4244910526\cy10,superseded,,,0,0,,,deck
69ce08ab8515d0f2,..\2_LP\LOW_Fr_MASTER_result\regen\8e4244910526\cy11,superseded,,,0,0,,,deck
69ce08ab8515d0f2,..\2_LP\LOW_Fr_MASTER_result\regen\8e4244910526\cy12,regen:cy12/12,1.7401,1.5765,25,1,,613.893,deck
,..\2_LP\LOW_Fr_MASTER_result\regen\8e6398c10b01\cy01,superseded,,,0,0,,,
232102103725fef1,..\2_LP\LOW_Fr_MASTER_result\regen\8e6398c10b01\cy02,superseded,,,0,0,,,deck
232102103725fef1,..\2_LP\LOW_Fr_MASTER_result\regen\8e6398c10b01\cy03,superseded,,,0,0,,,deck
232102103725fef1,..\2_LP\LOW_Fr_MASTER_result\regen\8e6398c10b01\cy04,superseded,,,0,0,,,deck
232102103725fef1,..\2_LP\LOW_Fr_MASTER_result\regen\8e6398c10b01\cy05,superseded,,,0,0,,,deck
232102103725fef1,..\2_LP\LOW_Fr_MASTER_result\regen\8e6398c10b01\cy06,superseded,,,0,0,,,deck
232102103725fef1,..\2_LP\LOW_Fr_MASTER_result\regen\8e6398c10b01\cy07,superseded,,,0,0,,,deck
232102103725fef1,..\2_LP\LOW_Fr_MASTER_result\regen\8e6398c10b01\cy08,superseded,,,0,0,,,deck
232102103725fef1,..\2_LP\LOW_Fr_MASTER_result\regen\8e6398c10b01\cy09,superseded,,,0,0,,,deck
232102103725fef1,..\2_LP\LOW_Fr_MASTER_result\regen\8e6398c10b01\cy10,superseded,,,0,0,,,deck
232102103725fef1,..\2_LP\LOW_Fr_MASTER_result\regen\8e6398c10b01\cy11,regen:cy11/11,1.7014,1.5458,25,1,,621.896,deck
,..\2_LP\LOW_Fr_MASTER_result\regen\8ed8364a68e9\cy01,superseded,,,0,0,,,
43f93cc8794217c8,..\2_LP\LOW_Fr_MASTER_result\regen\8ed8364a68e9\cy02,superseded,,,0,0,,,deck
43f93cc8794217c8,..\2_LP\LOW_Fr_MASTER_result\regen\8ed8364a68e9\cy03,superseded,,,0,0,,,deck
43f93cc8794217c8,..\2_LP\LOW_Fr_MASTER_result\regen\8ed8364a68e9\cy04,superseded,,,0,0,,,deck
43f93cc8794217c8,..\2_LP\LOW_Fr_MASTER_result\regen\8ed8364a68e9\cy05,superseded,,,0,0,,,deck
43f93cc8794217c8,..\2_LP\LOW_Fr_MASTER_result\regen\8ed8364a68e9\cy06,superseded,,,0,0,,,deck
43f93cc8794217c8,..\2_LP\LOW_Fr_MASTER_result\regen\8ed8364a68e9\cy07,superseded,,,0,0,,,deck
43f93cc8794217c8,..\2_LP\LOW_Fr_MASTER_result\regen\8ed8364a68e9\cy08,superseded,,,0,0,,,deck
43f93cc8794217c8,..\2_LP\LOW_Fr_MASTER_result\regen\8ed8364a68e9\cy09,superseded,,,0,0,,,deck
43f93cc8794217c8,..\2_LP\LOW_Fr_MASTER_result\regen\8ed8364a68e9\cy10,superseded,,,0,0,,,deck
43f93cc8794217c8,..\2_LP\LOW_Fr_MASTER_result\regen\8ed8364a68e9\cy11,regen:cy11/11,1.6474,1.5189,25,1,,621.697,deck
,..\2_LP\LOW_Fr_MASTER_result\regen\8f129d96e832\cy01,superseded,,,0,0,,,
a598972c595b6a90,..\2_LP\LOW_Fr_MASTER_result\regen\8f129d96e832\cy02,superseded,,,0,0,,,deck
a598972c595b6a90,..\2_LP\LOW_Fr_MASTER_result\regen\8f129d96e832\cy03,superseded,,,0,0,,,deck
a598972c595b6a90,..\2_LP\LOW_Fr_MASTER_result\regen\8f129d96e832\cy04,superseded,,,0,0,,,deck
a598972c595b6a90,..\2_LP\LOW_Fr_MASTER_result\regen\8f129d96e832\cy05,superseded,,,0,0,,,deck
a598972c595b6a90,..\2_LP\LOW_Fr_MASTER_result\regen\8f129d96e832\cy06,superseded,,,0,0,,,deck
a598972c595b6a90,..\2_LP\LOW_Fr_MASTER_result\regen\8f129d96e832\cy07,superseded,,,0,0,,,deck
a598972c595b6a90,..\2_LP\LOW_Fr_MASTER_result\regen\8f129d96e832\cy08,superseded,,,0,0,,,deck
a598972c595b6a90,..\2_LP\LOW_Fr_MASTER_result\regen\8f129d96e832\cy09,superseded,,,0,0,,,deck
a598972c595b6a90,..\2_LP\LOW_Fr_MASTER_result\regen\8f129d96e832\cy10,superseded,,,0,0,,,deck
a598972c595b6a90,..\2_LP\LOW_Fr_MASTER_result\regen\8f129d96e832\cy11,regen:cy11/11,1.9423,1.7709,25,1,,610.737,deck
,..\2_LP\LOW_Fr_MASTER_result\regen\8f1d1477475c\cy01,superseded,,,0,0,,,
a63deb2e4cf39b2a,..\2_LP\LOW_Fr_MASTER_result\regen\8f1d1477475c\cy02,superseded,,,0,0,,,deck
a63deb2e4cf39b2a,..\2_LP\LOW_Fr_MASTER_result\regen\8f1d1477475c\cy03,superseded,,,0,0,,,deck
a63deb2e4cf39b2a,..\2_LP\LOW_Fr_MASTER_result\regen\8f1d1477475c\cy04,superseded,,,0,0,,,deck
a63deb2e4cf39b2a,..\2_LP\LOW_Fr_MASTER_result\regen\8f1d1477475c\cy05,superseded,,,0,0,,,deck
a63deb2e4cf39b2a,..\2_LP\LOW_Fr_MASTER_result\regen\8f1d1477475c\cy06,superseded,,,0,0,,,deck
a63deb2e4cf39b2a,..\2_LP\LOW_Fr_MASTER_result\regen\8f1d1477475c\cy07,superseded,,,0,0,,,deck
a63deb2e4cf39b2a,..\2_LP\LOW_Fr_MASTER_result\regen\8f1d1477475c\cy08,superseded,,,0,0,,,deck
a63deb2e4cf39b2a,..\2_LP\LOW_Fr_MASTER_result\regen\8f1d1477475c\cy09,superseded,,,0,0,,,deck
a63deb2e4cf39b2a,..\2_LP\LOW_Fr_MASTER_result\regen\8f1d1477475c\cy10,superseded,,,0,0,,,deck
a63deb2e4cf39b2a,..\2_LP\LOW_Fr_MASTER_result\regen\8f1d1477475c\cy11,regen:cy11/11,1.7185,1.5076,25,1,,622.398,deck
,..\2_LP\LOW_Fr_MASTER_result\regen\8f8061b1a20a\cy01,superseded,,,0,0,,,
47927425f3572872,..\2_LP\LOW_Fr_MASTER_result\regen\8f8061b1a20a\cy02,superseded,,,0,0,,,deck
47927425f3572872,..\2_LP\LOW_Fr_MASTER_result\regen\8f8061b1a20a\cy03,superseded,,,0,0,,,deck
47927425f3572872,..\2_LP\LOW_Fr_MASTER_result\regen\8f8061b1a20a\cy04,superseded,,,0,0,,,deck
47927425f3572872,..\2_LP\LOW_Fr_MASTER_result\regen\8f8061b1a20a\cy05,superseded,,,0,0,,,deck
47927425f3572872,..\2_LP\LOW_Fr_MASTER_result\regen\8f8061b1a20a\cy06,superseded,,,0,0,,,deck
47927425f3572872,..\2_LP\LOW_Fr_MASTER_result\regen\8f8061b1a20a\cy07,superseded,,,0,0,,,deck
47927425f3572872,..\2_LP\LOW_Fr_MASTER_result\regen\8f8061b1a20a\cy08,superseded,,,0,0,,,deck
47927425f3572872,..\2_LP\LOW_Fr_MASTER_result\regen\8f8061b1a20a\cy09,superseded,,,0,0,,,deck
47927425f3572872,..\2_LP\LOW_Fr_MASTER_result\regen\8f8061b1a20a\cy10,superseded,,,0,0,,,deck
47927425f3572872,..\2_LP\LOW_Fr_MASTER_result\regen\8f8061b1a20a\cy11,superseded,,,0,0,,,deck
47927425f3572872,..\2_LP\LOW_Fr_MASTER_result\regen\8f8061b1a20a\cy12,regen:cy12/12,1.6065,1.4083,25,1,,617.573,deck
,..\2_LP\LOW_Fr_MASTER_result\regen\8f9f57ad5b6c\cy01,superseded,,,0,0,,,
0660ac0ac695211d,..\2_LP\LOW_Fr_MASTER_result\regen\8f9f57ad5b6c\cy02,superseded,,,0,0,,,deck
0660ac0ac695211d,..\2_LP\LOW_Fr_MASTER_result\regen\8f9f57ad5b6c\cy03,superseded,,,0,0,,,deck
0660ac0ac695211d,..\2_LP\LOW_Fr_MASTER_result\regen\8f9f57ad5b6c\cy04,superseded,,,0,0,,,deck
0660ac0ac695211d,..\2_LP\LOW_Fr_MASTER_result\regen\8f9f57ad5b6c\cy05,superseded,,,0,0,,,deck
0660ac0ac695211d,..\2_LP\LOW_Fr_MASTER_result\regen\8f9f57ad5b6c\cy06,superseded,,,0,0,,,deck
0660ac0ac695211d,..\2_LP\LOW_Fr_MASTER_result\regen\8f9f57ad5b6c\cy07,superseded,,,0,0,,,deck
0660ac0ac695211d,..\2_LP\LOW_Fr_MASTER_result\regen\8f9f57ad5b6c\cy08,superseded,,,0,0,,,deck
0660ac0ac695211d,..\2_LP\LOW_Fr_MASTER_result\regen\8f9f57ad5b6c\cy09,superseded,,,0,0,,,deck
0660ac0ac695211d,..\2_LP\LOW_Fr_MASTER_result\regen\8f9f57ad5b6c\cy10,superseded,,,0,0,,,deck
0660ac0ac695211d,..\2_LP\LOW_Fr_MASTER_result\regen\8f9f57ad5b6c\cy11,superseded,,,0,0,,,deck
0660ac0ac695211d,..\2_LP\LOW_Fr_MASTER_result\regen\8f9f57ad5b6c\cy12,regen:cy12/12,1.6086,1.4738,25,1,,621.533,deck
,..\2_LP\LOW_Fr_MASTER_result\regen\900dd6a93e9e\cy01,superseded,,,0,0,,,
e83a7553eb812d00,..\2_LP\LOW_Fr_MASTER_result\regen\900dd6a93e9e\cy02,superseded,,,0,0,,,deck
e83a7553eb812d00,..\2_LP\LOW_Fr_MASTER_result\regen\900dd6a93e9e\cy03,superseded,,,0,0,,,deck
e83a7553eb812d00,..\2_LP\LOW_Fr_MASTER_result\regen\900dd6a93e9e\cy04,superseded,,,0,0,,,deck
e83a7553eb812d00,..\2_LP\LOW_Fr_MASTER_result\regen\900dd6a93e9e\cy05,superseded,,,0,0,,,deck
e83a7553eb812d00,..\2_LP\LOW_Fr_MASTER_result\regen\900dd6a93e9e\cy06,superseded,,,0,0,,,deck
e83a7553eb812d00,..\2_LP\LOW_Fr_MASTER_result\regen\900dd6a93e9e\cy07,superseded,,,0,0,,,deck
e83a7553eb812d00,..\2_LP\LOW_Fr_MASTER_result\regen\900dd6a93e9e\cy08,superseded,,,0,0,,,deck
e83a7553eb812d00,..\2_LP\LOW_Fr_MASTER_result\regen\900dd6a93e9e\cy09,superseded,,,0,0,,,deck
e83a7553eb812d00,..\2_LP\LOW_Fr_MASTER_result\regen\900dd6a93e9e\cy10,superseded,,,0,0,,,deck
e83a7553eb812d00,..\2_LP\LOW_Fr_MASTER_result\regen\900dd6a93e9e\cy11,regen:cy11/11,1.5955,1.4478,25,1,,621.479,deck
,..\2_LP\LOW_Fr_MASTER_result\regen\901e9c5af794\cy01,superseded,,,0,0,,,
e363a86875602b37,..\2_LP\LOW_Fr_MASTER_result\regen\901e9c5af794\cy02,superseded,,,0,0,,,deck
e363a86875602b37,..\2_LP\LOW_Fr_MASTER_result\regen\901e9c5af794\cy03,superseded,,,0,0,,,deck
e363a86875602b37,..\2_LP\LOW_Fr_MASTER_result\regen\901e9c5af794\cy04,superseded,,,0,0,,,deck
e363a86875602b37,..\2_LP\LOW_Fr_MASTER_result\regen\901e9c5af794\cy05,superseded,,,0,0,,,deck
e363a86875602b37,..\2_LP\LOW_Fr_MASTER_result\regen\901e9c5af794\cy06,superseded,,,0,0,,,deck
e363a86875602b37,..\2_LP\LOW_Fr_MASTER_result\regen\901e9c5af794\cy07,superseded,,,0,0,,,deck
e363a86875602b37,..\2_LP\LOW_Fr_MASTER_result\regen\901e9c5af794\cy08,superseded,,,0,0,,,deck
e363a86875602b37,..\2_LP\LOW_Fr_MASTER_result\regen\901e9c5af794\cy09,superseded,,,0,0,,,deck
e363a86875602b37,..\2_LP\LOW_Fr_MASTER_result\regen\901e9c5af794\cy10,regen:cy10/10,1.7913,1.6455,25,1,,622.865,deck
,..\2_LP\LOW_Fr_MASTER_result\regen\90218137b6a5\cy01,superseded,,,0,0,,,
bfef37fd979a9378,..\2_LP\LOW_Fr_MASTER_result\regen\90218137b6a5\cy02,superseded,,,0,0,,,deck
bfef37fd979a9378,..\2_LP\LOW_Fr_MASTER_result\regen\90218137b6a5\cy03,superseded,,,0,0,,,deck
bfef37fd979a9378,..\2_LP\LOW_Fr_MASTER_result\regen\90218137b6a5\cy04,superseded,,,0,0,,,deck
bfef37fd979a9378,..\2_LP\LOW_Fr_MASTER_result\regen\90218137b6a5\cy05,superseded,,,0,0,,,deck
bfef37fd979a9378,..\2_LP\LOW_Fr_MASTER_result\regen\90218137b6a5\cy06,superseded,,,0,0,,,deck
bfef37fd979a9378,..\2_LP\LOW_Fr_MASTER_result\regen\90218137b6a5\cy07,superseded,,,0,0,,,deck
bfef37fd979a9378,..\2_LP\LOW_Fr_MASTER_result\regen\90218137b6a5\cy08,superseded,,,0,0,,,deck
bfef37fd979a9378,..\2_LP\LOW_Fr_MASTER_result\regen\90218137b6a5\cy09,superseded,,,0,0,,,deck
bfef37fd979a9378,..\2_LP\LOW_Fr_MASTER_result\regen\90218137b6a5\cy10,superseded,,,0,0,,,deck
bfef37fd979a9378,..\2_LP\LOW_Fr_MASTER_result\regen\90218137b6a5\cy11,superseded,,,0,0,,,deck
bfef37fd979a9378,..\2_LP\LOW_Fr_MASTER_result\regen\90218137b6a5\cy12,regen:cy12/12,1.6306,1.447,25,1,,616.203,deck
,..\2_LP\LOW_Fr_MASTER_result\regen\9037049b45de\cy01,superseded,,,0,0,,,
55f4a6acdabb0966,..\2_LP\LOW_Fr_MASTER_result\regen\9037049b45de\cy02,superseded,,,0,0,,,deck
55f4a6acdabb0966,..\2_LP\LOW_Fr_MASTER_result\regen\9037049b45de\cy03,superseded,,,0,0,,,deck
55f4a6acdabb0966,..\2_LP\LOW_Fr_MASTER_result\regen\9037049b45de\cy04,superseded,,,0,0,,,deck
55f4a6acdabb0966,..\2_LP\LOW_Fr_MASTER_result\regen\9037049b45de\cy05,superseded,,,0,0,,,deck
55f4a6acdabb0966,..\2_LP\LOW_Fr_MASTER_result\regen\9037049b45de\cy06,superseded,,,0,0,,,deck
55f4a6acdabb0966,..\2_LP\LOW_Fr_MASTER_result\regen\9037049b45de\cy07,superseded,,,0,0,,,deck
55f4a6acdabb0966,..\2_LP\LOW_Fr_MASTER_result\regen\9037049b45de\cy08,superseded,,,0,0,,,deck
55f4a6acdabb0966,..\2_LP\LOW_Fr_MASTER_result\regen\9037049b45de\cy09,superseded,,,0,0,,,deck
55f4a6acdabb0966,..\2_LP\LOW_Fr_MASTER_result\regen\9037049b45de\cy10,regen:cy10/10,1.5976,1.4461,25,1,,623.537,deck
,..\2_LP\LOW_Fr_MASTER_result\regen\9056d675ab99\cy01,superseded,,,0,0,,,
ead3182f16a1b6df,..\2_LP\LOW_Fr_MASTER_result\regen\9056d675ab99\cy02,superseded,,,0,0,,,deck
ead3182f16a1b6df,..\2_LP\LOW_Fr_MASTER_result\regen\9056d675ab99\cy03,superseded,,,0,0,,,deck
ead3182f16a1b6df,..\2_LP\LOW_Fr_MASTER_result\regen\9056d675ab99\cy04,superseded,,,0,0,,,deck
ead3182f16a1b6df,..\2_LP\LOW_Fr_MASTER_result\regen\9056d675ab99\cy05,superseded,,,0,0,,,deck
ead3182f16a1b6df,..\2_LP\LOW_Fr_MASTER_result\regen\9056d675ab99\cy06,superseded,,,0,0,,,deck
ead3182f16a1b6df,..\2_LP\LOW_Fr_MASTER_result\regen\9056d675ab99\cy07,superseded,,,0,0,,,deck
ead3182f16a1b6df,..\2_LP\LOW_Fr_MASTER_result\regen\9056d675ab99\cy08,superseded,,,0,0,,,deck
ead3182f16a1b6df,..\2_LP\LOW_Fr_MASTER_result\regen\9056d675ab99\cy09,superseded,,,0,0,,,deck
ead3182f16a1b6df,..\2_LP\LOW_Fr_MASTER_result\regen\9056d675ab99\cy10,superseded,,,0,0,,,deck
ead3182f16a1b6df,..\2_LP\LOW_Fr_MASTER_result\regen\9056d675ab99\cy11,superseded,,,0,0,,,deck
ead3182f16a1b6df,..\2_LP\LOW_Fr_MASTER_result\regen\9056d675ab99\cy12,regen:cy12/12,1.7162,1.5556,25,1,,616.998,deck
,..\2_LP\LOW_Fr_MASTER_result\regen\9064f643682d\cy01,no_digest,,,0,0,,,
,..\2_LP\LOW_Fr_MASTER_result\regen\90af95caba0b\cy01,superseded,,,0,0,,,
1ff4372b5b976b33,..\2_LP\LOW_Fr_MASTER_result\regen\90af95caba0b\cy02,superseded,,,0,0,,,deck
1ff4372b5b976b33,..\2_LP\LOW_Fr_MASTER_result\regen\90af95caba0b\cy03,superseded,,,0,0,,,deck
1ff4372b5b976b33,..\2_LP\LOW_Fr_MASTER_result\regen\90af95caba0b\cy04,superseded,,,0,0,,,deck
1ff4372b5b976b33,..\2_LP\LOW_Fr_MASTER_result\regen\90af95caba0b\cy05,superseded,,,0,0,,,deck
1ff4372b5b976b33,..\2_LP\LOW_Fr_MASTER_result\regen\90af95caba0b\cy06,superseded,,,0,0,,,deck
1ff4372b5b976b33,..\2_LP\LOW_Fr_MASTER_result\regen\90af95caba0b\cy07,superseded,,,0,0,,,deck
1ff4372b5b976b33,..\2_LP\LOW_Fr_MASTER_result\regen\90af95caba0b\cy08,superseded,,,0,0,,,deck
1ff4372b5b976b33,..\2_LP\LOW_Fr_MASTER_result\regen\90af95caba0b\cy09,superseded,,,0,0,,,deck
1ff4372b5b976b33,..\2_LP\LOW_Fr_MASTER_result\regen\90af95caba0b\cy10,superseded,,,0,0,,,deck
1ff4372b5b976b33,..\2_LP\LOW_Fr_MASTER_result\regen\90af95caba0b\cy11,superseded,,,0,0,,,deck
1ff4372b5b976b33,..\2_LP\LOW_Fr_MASTER_result\regen\90af95caba0b\cy12,regen:cy12/12,1.6689,1.4722,25,1,,615.672,deck
,..\2_LP\LOW_Fr_MASTER_result\regen\911d9ae0ffe4\cy01,superseded,,,0,0,,,
4680acb07e7f8d22,..\2_LP\LOW_Fr_MASTER_result\regen\911d9ae0ffe4\cy02,superseded,,,0,0,,,deck
4680acb07e7f8d22,..\2_LP\LOW_Fr_MASTER_result\regen\911d9ae0ffe4\cy03,superseded,,,0,0,,,deck
4680acb07e7f8d22,..\2_LP\LOW_Fr_MASTER_result\regen\911d9ae0ffe4\cy04,superseded,,,0,0,,,deck
4680acb07e7f8d22,..\2_LP\LOW_Fr_MASTER_result\regen\911d9ae0ffe4\cy05,superseded,,,0,0,,,deck
4680acb07e7f8d22,..\2_LP\LOW_Fr_MASTER_result\regen\911d9ae0ffe4\cy06,superseded,,,0,0,,,deck
4680acb07e7f8d22,..\2_LP\LOW_Fr_MASTER_result\regen\911d9ae0ffe4\cy07,superseded,,,0,0,,,deck
4680acb07e7f8d22,..\2_LP\LOW_Fr_MASTER_result\regen\911d9ae0ffe4\cy08,superseded,,,0,0,,,deck
4680acb07e7f8d22,..\2_LP\LOW_Fr_MASTER_result\regen\911d9ae0ffe4\cy09,superseded,,,0,0,,,deck
4680acb07e7f8d22,..\2_LP\LOW_Fr_MASTER_result\regen\911d9ae0ffe4\cy10,superseded,,,0,0,,,deck
4680acb07e7f8d22,..\2_LP\LOW_Fr_MASTER_result\regen\911d9ae0ffe4\cy11,superseded,,,0,0,,,deck
4680acb07e7f8d22,..\2_LP\LOW_Fr_MASTER_result\regen\911d9ae0ffe4\cy12,regen:cy12/12,1.6066,1.4566,25,1,,615.439,deck
,..\2_LP\LOW_Fr_MASTER_result\regen\917ebc2b2763\cy01,superseded,,,0,0,,,
e5a6805787162a88,..\2_LP\LOW_Fr_MASTER_result\regen\917ebc2b2763\cy02,superseded,,,0,0,,,deck
e5a6805787162a88,..\2_LP\LOW_Fr_MASTER_result\regen\917ebc2b2763\cy03,superseded,,,0,0,,,deck
e5a6805787162a88,..\2_LP\LOW_Fr_MASTER_result\regen\917ebc2b2763\cy04,superseded,,,0,0,,,deck
e5a6805787162a88,..\2_LP\LOW_Fr_MASTER_result\regen\917ebc2b2763\cy05,superseded,,,0,0,,,deck
e5a6805787162a88,..\2_LP\LOW_Fr_MASTER_result\regen\917ebc2b2763\cy06,superseded,,,0,0,,,deck
e5a6805787162a88,..\2_LP\LOW_Fr_MASTER_result\regen\917ebc2b2763\cy07,superseded,,,0,0,,,deck
e5a6805787162a88,..\2_LP\LOW_Fr_MASTER_result\regen\917ebc2b2763\cy08,superseded,,,0,0,,,deck
e5a6805787162a88,..\2_LP\LOW_Fr_MASTER_result\regen\917ebc2b2763\cy09,superseded,,,0,0,,,deck
e5a6805787162a88,..\2_LP\LOW_Fr_MASTER_result\regen\917ebc2b2763\cy10,superseded,,,0,0,,,deck
e5a6805787162a88,..\2_LP\LOW_Fr_MASTER_result\regen\917ebc2b2763\cy11,superseded,,,0,0,,,deck
e5a6805787162a88,..\2_LP\LOW_Fr_MASTER_result\regen\917ebc2b2763\cy12,regen:cy12/12,1.6535,1.489,25,1,,619.839,deck
,..\2_LP\LOW_Fr_MASTER_result\regen\9232d21b6af7\cy01,superseded,,,0,0,,,
506ad39dce62b1b6,..\2_LP\LOW_Fr_MASTER_result\regen\9232d21b6af7\cy02,superseded,,,0,0,,,deck
506ad39dce62b1b6,..\2_LP\LOW_Fr_MASTER_result\regen\9232d21b6af7\cy03,superseded,,,0,0,,,deck
506ad39dce62b1b6,..\2_LP\LOW_Fr_MASTER_result\regen\9232d21b6af7\cy04,superseded,,,0,0,,,deck
506ad39dce62b1b6,..\2_LP\LOW_Fr_MASTER_result\regen\9232d21b6af7\cy05,superseded,,,0,0,,,deck
506ad39dce62b1b6,..\2_LP\LOW_Fr_MASTER_result\regen\9232d21b6af7\cy06,superseded,,,0,0,,,deck
506ad39dce62b1b6,..\2_LP\LOW_Fr_MASTER_result\regen\9232d21b6af7\cy07,superseded,,,0,0,,,deck
506ad39dce62b1b6,..\2_LP\LOW_Fr_MASTER_result\regen\9232d21b6af7\cy08,superseded,,,0,0,,,deck
506ad39dce62b1b6,..\2_LP\LOW_Fr_MASTER_result\regen\9232d21b6af7\cy09,superseded,,,0,0,,,deck
506ad39dce62b1b6,..\2_LP\LOW_Fr_MASTER_result\regen\9232d21b6af7\cy10,superseded,,,0,0,,,deck
506ad39dce62b1b6,..\2_LP\LOW_Fr_MASTER_result\regen\9232d21b6af7\cy11,superseded,,,0,0,,,deck
506ad39dce62b1b6,..\2_LP\LOW_Fr_MASTER_result\regen\9232d21b6af7\cy12,regen:cy12/12,1.6888,1.4838,25,1,,616.662,deck
,..\2_LP\LOW_Fr_MASTER_result\regen\92aa4f611657\cy01,superseded,,,0,0,,,
8cb8cc079379b6dd,..\2_LP\LOW_Fr_MASTER_result\regen\92aa4f611657\cy02,superseded,,,0,0,,,deck
8cb8cc079379b6dd,..\2_LP\LOW_Fr_MASTER_result\regen\92aa4f611657\cy03,superseded,,,0,0,,,deck
8cb8cc079379b6dd,..\2_LP\LOW_Fr_MASTER_result\regen\92aa4f611657\cy04,superseded,,,0,0,,,deck
8cb8cc079379b6dd,..\2_LP\LOW_Fr_MASTER_result\regen\92aa4f611657\cy05,superseded,,,0,0,,,deck
8cb8cc079379b6dd,..\2_LP\LOW_Fr_MASTER_result\regen\92aa4f611657\cy06,superseded,,,0,0,,,deck
8cb8cc079379b6dd,..\2_LP\LOW_Fr_MASTER_result\regen\92aa4f611657\cy07,superseded,,,0,0,,,deck
8cb8cc079379b6dd,..\2_LP\LOW_Fr_MASTER_result\regen\92aa4f611657\cy08,superseded,,,0,0,,,deck
8cb8cc079379b6dd,..\2_LP\LOW_Fr_MASTER_result\regen\92aa4f611657\cy09,superseded,,,0,0,,,deck
8cb8cc079379b6dd,..\2_LP\LOW_Fr_MASTER_result\regen\92aa4f611657\cy10,superseded,,,0,0,,,deck
8cb8cc079379b6dd,..\2_LP\LOW_Fr_MASTER_result\regen\92aa4f611657\cy11,regen:cy11/11,1.8231,1.6476,25,1,,613.641,deck
,..\2_LP\LOW_Fr_MASTER_result\regen\936dfc271958\cy01,superseded,,,0,0,,,
8f96c3ba9ffced7e,..\2_LP\LOW_Fr_MASTER_result\regen\936dfc271958\cy02,superseded,,,0,0,,,deck
8f96c3ba9ffced7e,..\2_LP\LOW_Fr_MASTER_result\regen\936dfc271958\cy03,superseded,,,0,0,,,deck
8f96c3ba9ffced7e,..\2_LP\LOW_Fr_MASTER_result\regen\936dfc271958\cy04,superseded,,,0,0,,,deck
8f96c3ba9ffced7e,..\2_LP\LOW_Fr_MASTER_result\regen\936dfc271958\cy05,superseded,,,0,0,,,deck
8f96c3ba9ffced7e,..\2_LP\LOW_Fr_MASTER_result\regen\936dfc271958\cy06,superseded,,,0,0,,,deck
8f96c3ba9ffced7e,..\2_LP\LOW_Fr_MASTER_result\regen\936dfc271958\cy07,superseded,,,0,0,,,deck
8f96c3ba9ffced7e,..\2_LP\LOW_Fr_MASTER_result\regen\936dfc271958\cy08,superseded,,,0,0,,,deck
8f96c3ba9ffced7e,..\2_LP\LOW_Fr_MASTER_result\regen\936dfc271958\cy09,superseded,,,0,0,,,deck
8f96c3ba9ffced7e,..\2_LP\LOW_Fr_MASTER_result\regen\936dfc271958\cy10,superseded,,,0,0,,,deck
8f96c3ba9ffced7e,..\2_LP\LOW_Fr_MASTER_result\regen\936dfc271958\cy11,regen:cy11/11,1.7618,1.5769,25,1,,621.818,deck
,..\2_LP\LOW_Fr_MASTER_result\regen\93b3dd24fe0e\cy01,superseded,,,0,0,,,
cd99912c3ba10661,..\2_LP\LOW_Fr_MASTER_result\regen\93b3dd24fe0e\cy02,superseded,,,0,0,,,deck
cd99912c3ba10661,..\2_LP\LOW_Fr_MASTER_result\regen\93b3dd24fe0e\cy03,superseded,,,0,0,,,deck
cd99912c3ba10661,..\2_LP\LOW_Fr_MASTER_result\regen\93b3dd24fe0e\cy04,superseded,,,0,0,,,deck
cd99912c3ba10661,..\2_LP\LOW_Fr_MASTER_result\regen\93b3dd24fe0e\cy05,superseded,,,0,0,,,deck
cd99912c3ba10661,..\2_LP\LOW_Fr_MASTER_result\regen\93b3dd24fe0e\cy06,superseded,,,0,0,,,deck
cd99912c3ba10661,..\2_LP\LOW_Fr_MASTER_result\regen\93b3dd24fe0e\cy07,superseded,,,0,0,,,deck
cd99912c3ba10661,..\2_LP\LOW_Fr_MASTER_result\regen\93b3dd24fe0e\cy08,superseded,,,0,0,,,deck
cd99912c3ba10661,..\2_LP\LOW_Fr_MASTER_result\regen\93b3dd24fe0e\cy09,superseded,,,0,0,,,deck
cd99912c3ba10661,..\2_LP\LOW_Fr_MASTER_result\regen\93b3dd24fe0e\cy10,superseded,,,0,0,,,deck
cd99912c3ba10661,..\2_LP\LOW_Fr_MASTER_result\regen\93b3dd24fe0e\cy11,superseded,,,0,0,,,deck
cd99912c3ba10661,..\2_LP\LOW_Fr_MASTER_result\regen\93b3dd24fe0e\cy12,regen:cy12/12,1.7387,1.5278,25,1,,626.317,deck
,..\2_LP\LOW_Fr_MASTER_result\regen\93e223cb0577\cy01,superseded,,,0,0,,,
74edb7812ed1c046,..\2_LP\LOW_Fr_MASTER_result\regen\93e223cb0577\cy02,superseded,,,0,0,,,deck
74edb7812ed1c046,..\2_LP\LOW_Fr_MASTER_result\regen\93e223cb0577\cy03,superseded,,,0,0,,,deck
74edb7812ed1c046,..\2_LP\LOW_Fr_MASTER_result\regen\93e223cb0577\cy04,superseded,,,0,0,,,deck
74edb7812ed1c046,..\2_LP\LOW_Fr_MASTER_result\regen\93e223cb0577\cy05,superseded,,,0,0,,,deck
74edb7812ed1c046,..\2_LP\LOW_Fr_MASTER_result\regen\93e223cb0577\cy06,superseded,,,0,0,,,deck
74edb7812ed1c046,..\2_LP\LOW_Fr_MASTER_result\regen\93e223cb0577\cy07,superseded,,,0,0,,,deck
74edb7812ed1c046,..\2_LP\LOW_Fr_MASTER_result\regen\93e223cb0577\cy08,superseded,,,0,0,,,deck
74edb7812ed1c046,..\2_LP\LOW_Fr_MASTER_result\regen\93e223cb0577\cy09,superseded,,,0,0,,,deck
74edb7812ed1c046,..\2_LP\LOW_Fr_MASTER_result\regen\93e223cb0577\cy10,superseded,,,0,0,,,deck
74edb7812ed1c046,..\2_LP\LOW_Fr_MASTER_result\regen\93e223cb0577\cy11,superseded,,,0,0,,,deck
74edb7812ed1c046,..\2_LP\LOW_Fr_MASTER_result\regen\93e223cb0577\cy12,regen:cy12/12,1.6805,1.5495,25,1,,619.119,deck
,..\2_LP\LOW_Fr_MASTER_result\regen\956a81e3ed91\cy01,superseded,,,0,0,,,
46cecbb931bd0cd5,..\2_LP\LOW_Fr_MASTER_result\regen\956a81e3ed91\cy02,superseded,,,0,0,,,deck
46cecbb931bd0cd5,..\2_LP\LOW_Fr_MASTER_result\regen\956a81e3ed91\cy03,superseded,,,0,0,,,deck
46cecbb931bd0cd5,..\2_LP\LOW_Fr_MASTER_result\regen\956a81e3ed91\cy04,superseded,,,0,0,,,deck
46cecbb931bd0cd5,..\2_LP\LOW_Fr_MASTER_result\regen\956a81e3ed91\cy05,superseded,,,0,0,,,deck
46cecbb931bd0cd5,..\2_LP\LOW_Fr_MASTER_result\regen\956a81e3ed91\cy06,superseded,,,0,0,,,deck
46cecbb931bd0cd5,..\2_LP\LOW_Fr_MASTER_result\regen\956a81e3ed91\cy07,superseded,,,0,0,,,deck
46cecbb931bd0cd5,..\2_LP\LOW_Fr_MASTER_result\regen\956a81e3ed91\cy08,superseded,,,0,0,,,deck
46cecbb931bd0cd5,..\2_LP\LOW_Fr_MASTER_result\regen\956a81e3ed91\cy09,superseded,,,0,0,,,deck
46cecbb931bd0cd5,..\2_LP\LOW_Fr_MASTER_result\regen\956a81e3ed91\cy10,superseded,,,0,0,,,deck
46cecbb931bd0cd5,..\2_LP\LOW_Fr_MASTER_result\regen\956a81e3ed91\cy11,superseded,,,0,0,,,deck
46cecbb931bd0cd5,..\2_LP\LOW_Fr_MASTER_result\regen\956a81e3ed91\cy12,regen:cy12/12,1.6351,1.5082,25,1,,616.772,deck
,..\2_LP\LOW_Fr_MASTER_result\regen\9602f26d251a\cy01,superseded,,,0,0,,,
95e7dd0376f11c55,..\2_LP\LOW_Fr_MASTER_result\regen\9602f26d251a\cy02,superseded,,,0,0,,,deck
95e7dd0376f11c55,..\2_LP\LOW_Fr_MASTER_result\regen\9602f26d251a\cy03,superseded,,,0,0,,,deck
95e7dd0376f11c55,..\2_LP\LOW_Fr_MASTER_result\regen\9602f26d251a\cy04,superseded,,,0,0,,,deck
95e7dd0376f11c55,..\2_LP\LOW_Fr_MASTER_result\regen\9602f26d251a\cy05,superseded,,,0,0,,,deck
95e7dd0376f11c55,..\2_LP\LOW_Fr_MASTER_result\regen\9602f26d251a\cy06,superseded,,,0,0,,,deck
95e7dd0376f11c55,..\2_LP\LOW_Fr_MASTER_result\regen\9602f26d251a\cy07,superseded,,,0,0,,,deck
95e7dd0376f11c55,..\2_LP\LOW_Fr_MASTER_result\regen\9602f26d251a\cy08,superseded,,,0,0,,,deck
95e7dd0376f11c55,..\2_LP\LOW_Fr_MASTER_result\regen\9602f26d251a\cy09,superseded,,,0,0,,,deck
95e7dd0376f11c55,..\2_LP\LOW_Fr_MASTER_result\regen\9602f26d251a\cy10,superseded,,,0,0,,,deck
95e7dd0376f11c55,..\2_LP\LOW_Fr_MASTER_result\regen\9602f26d251a\cy11,superseded,,,0,0,,,deck
95e7dd0376f11c55,..\2_LP\LOW_Fr_MASTER_result\regen\9602f26d251a\cy12,regen:cy12/12,1.6559,1.5282,25,1,,619.278,deck
,..\2_LP\LOW_Fr_MASTER_result\regen\971d6a291913\cy01,superseded,,,0,0,,,
2c7e249f6c7b1650,..\2_LP\LOW_Fr_MASTER_result\regen\971d6a291913\cy02,superseded,,,0,0,,,deck
2c7e249f6c7b1650,..\2_LP\LOW_Fr_MASTER_result\regen\971d6a291913\cy03,superseded,,,0,0,,,deck
2c7e249f6c7b1650,..\2_LP\LOW_Fr_MASTER_result\regen\971d6a291913\cy04,superseded,,,0,0,,,deck
2c7e249f6c7b1650,..\2_LP\LOW_Fr_MASTER_result\regen\971d6a291913\cy05,superseded,,,0,0,,,deck
2c7e249f6c7b1650,..\2_LP\LOW_Fr_MASTER_result\regen\971d6a291913\cy06,superseded,,,0,0,,,deck
2c7e249f6c7b1650,..\2_LP\LOW_Fr_MASTER_result\regen\971d6a291913\cy07,superseded,,,0,0,,,deck
2c7e249f6c7b1650,..\2_LP\LOW_Fr_MASTER_result\regen\971d6a291913\cy08,superseded,,,0,0,,,deck
2c7e249f6c7b1650,..\2_LP\LOW_Fr_MASTER_result\regen\971d6a291913\cy09,superseded,,,0,0,,,deck
2c7e249f6c7b1650,..\2_LP\LOW_Fr_MASTER_result\regen\971d6a291913\cy10,superseded,,,0,0,,,deck
2c7e249f6c7b1650,..\2_LP\LOW_Fr_MASTER_result\regen\971d6a291913\cy11,regen:cy11/11,1.713,1.5585,25,1,,619.894,deck
,..\2_LP\LOW_Fr_MASTER_result\regen\9746b2cde0c0\cy01,superseded,,,0,0,,,
d24c83eaf7bbb664,..\2_LP\LOW_Fr_MASTER_result\regen\9746b2cde0c0\cy02,superseded,,,0,0,,,deck
d24c83eaf7bbb664,..\2_LP\LOW_Fr_MASTER_result\regen\9746b2cde0c0\cy03,superseded,,,0,0,,,deck
d24c83eaf7bbb664,..\2_LP\LOW_Fr_MASTER_result\regen\9746b2cde0c0\cy04,superseded,,,0,0,,,deck
d24c83eaf7bbb664,..\2_LP\LOW_Fr_MASTER_result\regen\9746b2cde0c0\cy05,superseded,,,0,0,,,deck
d24c83eaf7bbb664,..\2_LP\LOW_Fr_MASTER_result\regen\9746b2cde0c0\cy06,superseded,,,0,0,,,deck
d24c83eaf7bbb664,..\2_LP\LOW_Fr_MASTER_result\regen\9746b2cde0c0\cy07,superseded,,,0,0,,,deck
d24c83eaf7bbb664,..\2_LP\LOW_Fr_MASTER_result\regen\9746b2cde0c0\cy08,superseded,,,0,0,,,deck
d24c83eaf7bbb664,..\2_LP\LOW_Fr_MASTER_result\regen\9746b2cde0c0\cy09,superseded,,,0,0,,,deck
d24c83eaf7bbb664,..\2_LP\LOW_Fr_MASTER_result\regen\9746b2cde0c0\cy10,superseded,,,0,0,,,deck
d24c83eaf7bbb664,..\2_LP\LOW_Fr_MASTER_result\regen\9746b2cde0c0\cy11,superseded,,,0,0,,,deck
d24c83eaf7bbb664,..\2_LP\LOW_Fr_MASTER_result\regen\9746b2cde0c0\cy12,regen:cy12/12,1.5895,1.4445,25,1,,623.273,deck
,..\2_LP\LOW_Fr_MASTER_result\regen\97799f5ce87d\cy01,no_digest,,,0,0,,,
,..\2_LP\LOW_Fr_MASTER_result\regen\97c2ac1a2e34\cy01,superseded,,,0,0,,,
20aba9ad65d031fb,..\2_LP\LOW_Fr_MASTER_result\regen\97c2ac1a2e34\cy02,superseded,,,0,0,,,deck
20aba9ad65d031fb,..\2_LP\LOW_Fr_MASTER_result\regen\97c2ac1a2e34\cy03,superseded,,,0,0,,,deck
20aba9ad65d031fb,..\2_LP\LOW_Fr_MASTER_result\regen\97c2ac1a2e34\cy04,superseded,,,0,0,,,deck
20aba9ad65d031fb,..\2_LP\LOW_Fr_MASTER_result\regen\97c2ac1a2e34\cy05,superseded,,,0,0,,,deck
20aba9ad65d031fb,..\2_LP\LOW_Fr_MASTER_result\regen\97c2ac1a2e34\cy06,superseded,,,0,0,,,deck
20aba9ad65d031fb,..\2_LP\LOW_Fr_MASTER_result\regen\97c2ac1a2e34\cy07,superseded,,,0,0,,,deck
20aba9ad65d031fb,..\2_LP\LOW_Fr_MASTER_result\regen\97c2ac1a2e34\cy08,superseded,,,0,0,,,deck
20aba9ad65d031fb,..\2_LP\LOW_Fr_MASTER_result\regen\97c2ac1a2e34\cy09,superseded,,,0,0,,,deck
20aba9ad65d031fb,..\2_LP\LOW_Fr_MASTER_result\regen\97c2ac1a2e34\cy10,superseded,,,0,0,,,deck
20aba9ad65d031fb,..\2_LP\LOW_Fr_MASTER_result\regen\97c2ac1a2e34\cy11,superseded,,,0,0,,,deck
20aba9ad65d031fb,..\2_LP\LOW_Fr_MASTER_result\regen\97c2ac1a2e34\cy12,regen:cy12/12,1.6941,1.5419,25,1,,613.859,deck
,..\2_LP\LOW_Fr_MASTER_result\regen\97e031a2c90b\cy01,superseded,,,0,0,,,
1398cf0de7adaaee,..\2_LP\LOW_Fr_MASTER_result\regen\97e031a2c90b\cy02,superseded,,,0,0,,,deck
1398cf0de7adaaee,..\2_LP\LOW_Fr_MASTER_result\regen\97e031a2c90b\cy03,superseded,,,0,0,,,deck
1398cf0de7adaaee,..\2_LP\LOW_Fr_MASTER_result\regen\97e031a2c90b\cy04,superseded,,,0,0,,,deck
1398cf0de7adaaee,..\2_LP\LOW_Fr_MASTER_result\regen\97e031a2c90b\cy05,superseded,,,0,0,,,deck
1398cf0de7adaaee,..\2_LP\LOW_Fr_MASTER_result\regen\97e031a2c90b\cy06,superseded,,,0,0,,,deck
1398cf0de7adaaee,..\2_LP\LOW_Fr_MASTER_result\regen\97e031a2c90b\cy07,superseded,,,0,0,,,deck
1398cf0de7adaaee,..\2_LP\LOW_Fr_MASTER_result\regen\97e031a2c90b\cy08,superseded,,,0,0,,,deck
1398cf0de7adaaee,..\2_LP\LOW_Fr_MASTER_result\regen\97e031a2c90b\cy09,superseded,,,0,0,,,deck
1398cf0de7adaaee,..\2_LP\LOW_Fr_MASTER_result\regen\97e031a2c90b\cy10,superseded,,,0,0,,,deck
1398cf0de7adaaee,..\2_LP\LOW_Fr_MASTER_result\regen\97e031a2c90b\cy11,superseded,,,0,0,,,deck
1398cf0de7adaaee,..\2_LP\LOW_Fr_MASTER_result\regen\97e031a2c90b\cy12,regen:cy12/12,1.6784,1.5502,25,1,,620.332,deck
,..\2_LP\LOW_Fr_MASTER_result\regen\97e885e72353\cy01,superseded,,,0,0,,,
fb9d1e8222949535,..\2_LP\LOW_Fr_MASTER_result\regen\97e885e72353\cy02,superseded,,,0,0,,,deck
fb9d1e8222949535,..\2_LP\LOW_Fr_MASTER_result\regen\97e885e72353\cy03,superseded,,,0,0,,,deck
fb9d1e8222949535,..\2_LP\LOW_Fr_MASTER_result\regen\97e885e72353\cy04,superseded,,,0,0,,,deck
fb9d1e8222949535,..\2_LP\LOW_Fr_MASTER_result\regen\97e885e72353\cy05,superseded,,,0,0,,,deck
fb9d1e8222949535,..\2_LP\LOW_Fr_MASTER_result\regen\97e885e72353\cy06,superseded,,,0,0,,,deck
fb9d1e8222949535,..\2_LP\LOW_Fr_MASTER_result\regen\97e885e72353\cy07,superseded,,,0,0,,,deck
fb9d1e8222949535,..\2_LP\LOW_Fr_MASTER_result\regen\97e885e72353\cy08,superseded,,,0,0,,,deck
fb9d1e8222949535,..\2_LP\LOW_Fr_MASTER_result\regen\97e885e72353\cy09,superseded,,,0,0,,,deck
fb9d1e8222949535,..\2_LP\LOW_Fr_MASTER_result\regen\97e885e72353\cy10,superseded,,,0,0,,,deck
fb9d1e8222949535,..\2_LP\LOW_Fr_MASTER_result\regen\97e885e72353\cy11,superseded,,,0,0,,,deck
fb9d1e8222949535,..\2_LP\LOW_Fr_MASTER_result\regen\97e885e72353\cy12,regen:cy12/12,1.7208,1.6033,25,1,,621.424,deck
,..\2_LP\LOW_Fr_MASTER_result\regen\9807bc4bd793\cy01,superseded,,,0,0,,,
2c12916c814afbc5,..\2_LP\LOW_Fr_MASTER_result\regen\9807bc4bd793\cy02,superseded,,,0,0,,,deck
2c12916c814afbc5,..\2_LP\LOW_Fr_MASTER_result\regen\9807bc4bd793\cy03,superseded,,,0,0,,,deck
2c12916c814afbc5,..\2_LP\LOW_Fr_MASTER_result\regen\9807bc4bd793\cy04,superseded,,,0,0,,,deck
2c12916c814afbc5,..\2_LP\LOW_Fr_MASTER_result\regen\9807bc4bd793\cy05,superseded,,,0,0,,,deck
2c12916c814afbc5,..\2_LP\LOW_Fr_MASTER_result\regen\9807bc4bd793\cy06,superseded,,,0,0,,,deck
2c12916c814afbc5,..\2_LP\LOW_Fr_MASTER_result\regen\9807bc4bd793\cy07,superseded,,,0,0,,,deck
2c12916c814afbc5,..\2_LP\LOW_Fr_MASTER_result\regen\9807bc4bd793\cy08,superseded,,,0,0,,,deck
2c12916c814afbc5,..\2_LP\LOW_Fr_MASTER_result\regen\9807bc4bd793\cy09,superseded,,,0,0,,,deck
2c12916c814afbc5,..\2_LP\LOW_Fr_MASTER_result\regen\9807bc4bd793\cy10,regen:cy10/10,1.6898,1.5338,25,1,,619.491,deck
,..\2_LP\LOW_Fr_MASTER_result\regen\9886ec1b0177\cy01,superseded,,,0,0,,,
0735fde371350d09,..\2_LP\LOW_Fr_MASTER_result\regen\9886ec1b0177\cy02,superseded,,,0,0,,,deck
0735fde371350d09,..\2_LP\LOW_Fr_MASTER_result\regen\9886ec1b0177\cy03,superseded,,,0,0,,,deck
0735fde371350d09,..\2_LP\LOW_Fr_MASTER_result\regen\9886ec1b0177\cy04,superseded,,,0,0,,,deck
0735fde371350d09,..\2_LP\LOW_Fr_MASTER_result\regen\9886ec1b0177\cy05,superseded,,,0,0,,,deck
0735fde371350d09,..\2_LP\LOW_Fr_MASTER_result\regen\9886ec1b0177\cy06,superseded,,,0,0,,,deck
0735fde371350d09,..\2_LP\LOW_Fr_MASTER_result\regen\9886ec1b0177\cy07,superseded,,,0,0,,,deck
0735fde371350d09,..\2_LP\LOW_Fr_MASTER_result\regen\9886ec1b0177\cy08,superseded,,,0,0,,,deck
0735fde371350d09,..\2_LP\LOW_Fr_MASTER_result\regen\9886ec1b0177\cy09,superseded,,,0,0,,,deck
0735fde371350d09,..\2_LP\LOW_Fr_MASTER_result\regen\9886ec1b0177\cy10,superseded,,,0,0,,,deck
0735fde371350d09,..\2_LP\LOW_Fr_MASTER_result\regen\9886ec1b0177\cy11,superseded,,,0,0,,,deck
0735fde371350d09,..\2_LP\LOW_Fr_MASTER_result\regen\9886ec1b0177\cy12,regen:cy12/12,1.5895,1.4481,25,1,,623.193,deck
,..\2_LP\LOW_Fr_MASTER_result\regen\98abe2771777\cy01,superseded,,,0,0,,,
91be258011a326cb,..\2_LP\LOW_Fr_MASTER_result\regen\98abe2771777\cy02,superseded,,,0,0,,,deck
91be258011a326cb,..\2_LP\LOW_Fr_MASTER_result\regen\98abe2771777\cy03,superseded,,,0,0,,,deck
91be258011a326cb,..\2_LP\LOW_Fr_MASTER_result\regen\98abe2771777\cy04,superseded,,,0,0,,,deck
91be258011a326cb,..\2_LP\LOW_Fr_MASTER_result\regen\98abe2771777\cy05,superseded,,,0,0,,,deck
91be258011a326cb,..\2_LP\LOW_Fr_MASTER_result\regen\98abe2771777\cy06,superseded,,,0,0,,,deck
91be258011a326cb,..\2_LP\LOW_Fr_MASTER_result\regen\98abe2771777\cy07,superseded,,,0,0,,,deck
91be258011a326cb,..\2_LP\LOW_Fr_MASTER_result\regen\98abe2771777\cy08,superseded,,,0,0,,,deck
91be258011a326cb,..\2_LP\LOW_Fr_MASTER_result\regen\98abe2771777\cy09,superseded,,,0,0,,,deck
91be258011a326cb,..\2_LP\LOW_Fr_MASTER_result\regen\98abe2771777\cy10,superseded,,,0,0,,,deck
91be258011a326cb,..\2_LP\LOW_Fr_MASTER_result\regen\98abe2771777\cy11,superseded,,,0,0,,,deck
91be258011a326cb,..\2_LP\LOW_Fr_MASTER_result\regen\98abe2771777\cy12,regen:cy12/12,1.6263,1.4673,25,1,,619.435,deck
,..\2_LP\LOW_Fr_MASTER_result\regen\98cf5e7aff54\cy01,superseded,,,0,0,,,
148eda36d17e37cb,..\2_LP\LOW_Fr_MASTER_result\regen\98cf5e7aff54\cy02,superseded,,,0,0,,,deck
148eda36d17e37cb,..\2_LP\LOW_Fr_MASTER_result\regen\98cf5e7aff54\cy03,superseded,,,0,0,,,deck
148eda36d17e37cb,..\2_LP\LOW_Fr_MASTER_result\regen\98cf5e7aff54\cy04,superseded,,,0,0,,,deck
148eda36d17e37cb,..\2_LP\LOW_Fr_MASTER_result\regen\98cf5e7aff54\cy05,superseded,,,0,0,,,deck
148eda36d17e37cb,..\2_LP\LOW_Fr_MASTER_result\regen\98cf5e7aff54\cy06,superseded,,,0,0,,,deck
148eda36d17e37cb,..\2_LP\LOW_Fr_MASTER_result\regen\98cf5e7aff54\cy07,superseded,,,0,0,,,deck
148eda36d17e37cb,..\2_LP\LOW_Fr_MASTER_result\regen\98cf5e7aff54\cy08,superseded,,,0,0,,,deck
148eda36d17e37cb,..\2_LP\LOW_Fr_MASTER_result\regen\98cf5e7aff54\cy09,superseded,,,0,0,,,deck
148eda36d17e37cb,..\2_LP\LOW_Fr_MASTER_result\regen\98cf5e7aff54\cy10,superseded,,,0,0,,,deck
148eda36d17e37cb,..\2_LP\LOW_Fr_MASTER_result\regen\98cf5e7aff54\cy11,superseded,,,0,0,,,deck
148eda36d17e37cb,..\2_LP\LOW_Fr_MASTER_result\regen\98cf5e7aff54\cy12,regen:cy12/12,1.7661,1.5532,25,1,,617.736,deck
,..\2_LP\LOW_Fr_MASTER_result\regen\98dc2334c202\cy01,superseded,,,0,0,,,
f9be0a00a2e90fe6,..\2_LP\LOW_Fr_MASTER_result\regen\98dc2334c202\cy02,superseded,,,0,0,,,deck
f9be0a00a2e90fe6,..\2_LP\LOW_Fr_MASTER_result\regen\98dc2334c202\cy03,superseded,,,0,0,,,deck
f9be0a00a2e90fe6,..\2_LP\LOW_Fr_MASTER_result\regen\98dc2334c202\cy04,superseded,,,0,0,,,deck
f9be0a00a2e90fe6,..\2_LP\LOW_Fr_MASTER_result\regen\98dc2334c202\cy05,superseded,,,0,0,,,deck
f9be0a00a2e90fe6,..\2_LP\LOW_Fr_MASTER_result\regen\98dc2334c202\cy06,superseded,,,0,0,,,deck
f9be0a00a2e90fe6,..\2_LP\LOW_Fr_MASTER_result\regen\98dc2334c202\cy07,superseded,,,0,0,,,deck
f9be0a00a2e90fe6,..\2_LP\LOW_Fr_MASTER_result\regen\98dc2334c202\cy08,superseded,,,0,0,,,deck
f9be0a00a2e90fe6,..\2_LP\LOW_Fr_MASTER_result\regen\98dc2334c202\cy09,superseded,,,0,0,,,deck
f9be0a00a2e90fe6,..\2_LP\LOW_Fr_MASTER_result\regen\98dc2334c202\cy10,superseded,,,0,0,,,deck
f9be0a00a2e90fe6,..\2_LP\LOW_Fr_MASTER_result\regen\98dc2334c202\cy11,superseded,,,0,0,,,deck
f9be0a00a2e90fe6,..\2_LP\LOW_Fr_MASTER_result\regen\98dc2334c202\cy12,regen:cy12/12,1.6957,1.5386,25,1,,614.462,deck
,..\2_LP\LOW_Fr_MASTER_result\regen\998694b8c61a\cy01,superseded,,,0,0,,,
49137910b75bca25,..\2_LP\LOW_Fr_MASTER_result\regen\998694b8c61a\cy02,superseded,,,0,0,,,deck
49137910b75bca25,..\2_LP\LOW_Fr_MASTER_result\regen\998694b8c61a\cy03,superseded,,,0,0,,,deck
49137910b75bca25,..\2_LP\LOW_Fr_MASTER_result\regen\998694b8c61a\cy04,superseded,,,0,0,,,deck
49137910b75bca25,..\2_LP\LOW_Fr_MASTER_result\regen\998694b8c61a\cy05,superseded,,,0,0,,,deck
49137910b75bca25,..\2_LP\LOW_Fr_MASTER_result\regen\998694b8c61a\cy06,superseded,,,0,0,,,deck
49137910b75bca25,..\2_LP\LOW_Fr_MASTER_result\regen\998694b8c61a\cy07,superseded,,,0,0,,,deck
49137910b75bca25,..\2_LP\LOW_Fr_MASTER_result\regen\998694b8c61a\cy08,superseded,,,0,0,,,deck
49137910b75bca25,..\2_LP\LOW_Fr_MASTER_result\regen\998694b8c61a\cy09,superseded,,,0,0,,,deck
49137910b75bca25,..\2_LP\LOW_Fr_MASTER_result\regen\998694b8c61a\cy10,superseded,,,0,0,,,deck
49137910b75bca25,..\2_LP\LOW_Fr_MASTER_result\regen\998694b8c61a\cy11,superseded,,,0,0,,,deck
49137910b75bca25,..\2_LP\LOW_Fr_MASTER_result\regen\998694b8c61a\cy12,regen:cy12/12,1.6701,1.4809,25,1,,622.28,deck
,..\2_LP\LOW_Fr_MASTER_result\regen\99874ace250f\cy01,superseded,,,0,0,,,
f7e875c66d725b04,..\2_LP\LOW_Fr_MASTER_result\regen\99874ace250f\cy02,superseded,,,0,0,,,deck
f7e875c66d725b04,..\2_LP\LOW_Fr_MASTER_result\regen\99874ace250f\cy03,superseded,,,0,0,,,deck
f7e875c66d725b04,..\2_LP\LOW_Fr_MASTER_result\regen\99874ace250f\cy04,superseded,,,0,0,,,deck
f7e875c66d725b04,..\2_LP\LOW_Fr_MASTER_result\regen\99874ace250f\cy05,superseded,,,0,0,,,deck
f7e875c66d725b04,..\2_LP\LOW_Fr_MASTER_result\regen\99874ace250f\cy06,superseded,,,0,0,,,deck
f7e875c66d725b04,..\2_LP\LOW_Fr_MASTER_result\regen\99874ace250f\cy07,superseded,,,0,0,,,deck
f7e875c66d725b04,..\2_LP\LOW_Fr_MASTER_result\regen\99874ace250f\cy08,superseded,,,0,0,,,deck
f7e875c66d725b04,..\2_LP\LOW_Fr_MASTER_result\regen\99874ace250f\cy09,superseded,,,0,0,,,deck
f7e875c66d725b04,..\2_LP\LOW_Fr_MASTER_result\regen\99874ace250f\cy10,superseded,,,0,0,,,deck
f7e875c66d725b04,..\2_LP\LOW_Fr_MASTER_result\regen\99874ace250f\cy11,superseded,,,0,0,,,deck
f7e875c66d725b04,..\2_LP\LOW_Fr_MASTER_result\regen\99874ace250f\cy12,regen:cy12/12,1.6002,1.4866,25,1,,619.823,deck
,..\2_LP\LOW_Fr_MASTER_result\regen\99b4d65d4af5\cy01,superseded,,,0,0,,,
256553554af18dc3,..\2_LP\LOW_Fr_MASTER_result\regen\99b4d65d4af5\cy02,superseded,,,0,0,,,deck
256553554af18dc3,..\2_LP\LOW_Fr_MASTER_result\regen\99b4d65d4af5\cy03,superseded,,,0,0,,,deck
256553554af18dc3,..\2_LP\LOW_Fr_MASTER_result\regen\99b4d65d4af5\cy04,superseded,,,0,0,,,deck
256553554af18dc3,..\2_LP\LOW_Fr_MASTER_result\regen\99b4d65d4af5\cy05,superseded,,,0,0,,,deck
256553554af18dc3,..\2_LP\LOW_Fr_MASTER_result\regen\99b4d65d4af5\cy06,superseded,,,0,0,,,deck
256553554af18dc3,..\2_LP\LOW_Fr_MASTER_result\regen\99b4d65d4af5\cy07,superseded,,,0,0,,,deck
256553554af18dc3,..\2_LP\LOW_Fr_MASTER_result\regen\99b4d65d4af5\cy08,superseded,,,0,0,,,deck
256553554af18dc3,..\2_LP\LOW_Fr_MASTER_result\regen\99b4d65d4af5\cy09,superseded,,,0,0,,,deck
256553554af18dc3,..\2_LP\LOW_Fr_MASTER_result\regen\99b4d65d4af5\cy10,superseded,,,0,0,,,deck
256553554af18dc3,..\2_LP\LOW_Fr_MASTER_result\regen\99b4d65d4af5\cy11,superseded,,,0,0,,,deck
256553554af18dc3,..\2_LP\LOW_Fr_MASTER_result\regen\99b4d65d4af5\cy12,regen:cy12/12,1.6558,1.4752,25,1,,617.978,deck
,..\2_LP\LOW_Fr_MASTER_result\regen\99de0d20a15e\cy01,superseded,,,0,0,,,
a2e43ac5aa03371c,..\2_LP\LOW_Fr_MASTER_result\regen\99de0d20a15e\cy02,superseded,,,0,0,,,deck
a2e43ac5aa03371c,..\2_LP\LOW_Fr_MASTER_result\regen\99de0d20a15e\cy03,superseded,,,0,0,,,deck
a2e43ac5aa03371c,..\2_LP\LOW_Fr_MASTER_result\regen\99de0d20a15e\cy04,superseded,,,0,0,,,deck
a2e43ac5aa03371c,..\2_LP\LOW_Fr_MASTER_result\regen\99de0d20a15e\cy05,superseded,,,0,0,,,deck
a2e43ac5aa03371c,..\2_LP\LOW_Fr_MASTER_result\regen\99de0d20a15e\cy06,superseded,,,0,0,,,deck
a2e43ac5aa03371c,..\2_LP\LOW_Fr_MASTER_result\regen\99de0d20a15e\cy07,superseded,,,0,0,,,deck
a2e43ac5aa03371c,..\2_LP\LOW_Fr_MASTER_result\regen\99de0d20a15e\cy08,superseded,,,0,0,,,deck
a2e43ac5aa03371c,..\2_LP\LOW_Fr_MASTER_result\regen\99de0d20a15e\cy09,superseded,,,0,0,,,deck
a2e43ac5aa03371c,..\2_LP\LOW_Fr_MASTER_result\regen\99de0d20a15e\cy10,superseded,,,0,0,,,deck
a2e43ac5aa03371c,..\2_LP\LOW_Fr_MASTER_result\regen\99de0d20a15e\cy11,regen:cy11/11,1.8084,1.5944,25,1,,623.123,deck
,..\2_LP\LOW_Fr_MASTER_result\regen\9a734f65e65d\cy01,superseded,,,0,0,,,
f217f478e485258e,..\2_LP\LOW_Fr_MASTER_result\regen\9a734f65e65d\cy02,superseded,,,0,0,,,deck
f217f478e485258e,..\2_LP\LOW_Fr_MASTER_result\regen\9a734f65e65d\cy03,superseded,,,0,0,,,deck
f217f478e485258e,..\2_LP\LOW_Fr_MASTER_result\regen\9a734f65e65d\cy04,superseded,,,0,0,,,deck
f217f478e485258e,..\2_LP\LOW_Fr_MASTER_result\regen\9a734f65e65d\cy05,superseded,,,0,0,,,deck
f217f478e485258e,..\2_LP\LOW_Fr_MASTER_result\regen\9a734f65e65d\cy06,superseded,,,0,0,,,deck
f217f478e485258e,..\2_LP\LOW_Fr_MASTER_result\regen\9a734f65e65d\cy07,superseded,,,0,0,,,deck
f217f478e485258e,..\2_LP\LOW_Fr_MASTER_result\regen\9a734f65e65d\cy08,superseded,,,0,0,,,deck
f217f478e485258e,..\2_LP\LOW_Fr_MASTER_result\regen\9a734f65e65d\cy09,superseded,,,0,0,,,deck
f217f478e485258e,..\2_LP\LOW_Fr_MASTER_result\regen\9a734f65e65d\cy10,superseded,,,0,0,,,deck
f217f478e485258e,..\2_LP\LOW_Fr_MASTER_result\regen\9a734f65e65d\cy11,regen:cy11/11,1.7377,1.5578,25,1,,621.504,deck
,..\2_LP\LOW_Fr_MASTER_result\regen\9a954c639fac\cy01,superseded,,,0,0,,,
e299a66976fce73a,..\2_LP\LOW_Fr_MASTER_result\regen\9a954c639fac\cy02,superseded,,,0,0,,,deck
e299a66976fce73a,..\2_LP\LOW_Fr_MASTER_result\regen\9a954c639fac\cy03,superseded,,,0,0,,,deck
e299a66976fce73a,..\2_LP\LOW_Fr_MASTER_result\regen\9a954c639fac\cy04,superseded,,,0,0,,,deck
e299a66976fce73a,..\2_LP\LOW_Fr_MASTER_result\regen\9a954c639fac\cy05,superseded,,,0,0,,,deck
e299a66976fce73a,..\2_LP\LOW_Fr_MASTER_result\regen\9a954c639fac\cy06,superseded,,,0,0,,,deck
e299a66976fce73a,..\2_LP\LOW_Fr_MASTER_result\regen\9a954c639fac\cy07,superseded,,,0,0,,,deck
e299a66976fce73a,..\2_LP\LOW_Fr_MASTER_result\regen\9a954c639fac\cy08,superseded,,,0,0,,,deck
e299a66976fce73a,..\2_LP\LOW_Fr_MASTER_result\regen\9a954c639fac\cy09,superseded,,,0,0,,,deck
e299a66976fce73a,..\2_LP\LOW_Fr_MASTER_result\regen\9a954c639fac\cy10,regen:cy10/10,1.707,1.5572,25,1,,621.605,deck
,..\2_LP\LOW_Fr_MASTER_result\regen\9b9fabe89cc1\cy01,superseded,,,0,0,,,
ab76bbafaa975ddd,..\2_LP\LOW_Fr_MASTER_result\regen\9b9fabe89cc1\cy02,superseded,,,0,0,,,deck
ab76bbafaa975ddd,..\2_LP\LOW_Fr_MASTER_result\regen\9b9fabe89cc1\cy03,superseded,,,0,0,,,deck
ab76bbafaa975ddd,..\2_LP\LOW_Fr_MASTER_result\regen\9b9fabe89cc1\cy04,superseded,,,0,0,,,deck
ab76bbafaa975ddd,..\2_LP\LOW_Fr_MASTER_result\regen\9b9fabe89cc1\cy05,superseded,,,0,0,,,deck
ab76bbafaa975ddd,..\2_LP\LOW_Fr_MASTER_result\regen\9b9fabe89cc1\cy06,superseded,,,0,0,,,deck
ab76bbafaa975ddd,..\2_LP\LOW_Fr_MASTER_result\regen\9b9fabe89cc1\cy07,superseded,,,0,0,,,deck
ab76bbafaa975ddd,..\2_LP\LOW_Fr_MASTER_result\regen\9b9fabe89cc1\cy08,superseded,,,0,0,,,deck
ab76bbafaa975ddd,..\2_LP\LOW_Fr_MASTER_result\regen\9b9fabe89cc1\cy09,superseded,,,0,0,,,deck
ab76bbafaa975ddd,..\2_LP\LOW_Fr_MASTER_result\regen\9b9fabe89cc1\cy10,superseded,,,0,0,,,deck
ab76bbafaa975ddd,..\2_LP\LOW_Fr_MASTER_result\regen\9b9fabe89cc1\cy11,superseded,,,0,0,,,deck
ab76bbafaa975ddd,..\2_LP\LOW_Fr_MASTER_result\regen\9b9fabe89cc1\cy12,regen:cy12/12,1.5829,1.4412,25,1,,623.594,deck
,..\2_LP\LOW_Fr_MASTER_result\regen\9c7e77daa311\cy01,superseded,,,0,0,,,
fc43948e721cb442,..\2_LP\LOW_Fr_MASTER_result\regen\9c7e77daa311\cy02,superseded,,,0,0,,,deck
fc43948e721cb442,..\2_LP\LOW_Fr_MASTER_result\regen\9c7e77daa311\cy03,superseded,,,0,0,,,deck
fc43948e721cb442,..\2_LP\LOW_Fr_MASTER_result\regen\9c7e77daa311\cy04,superseded,,,0,0,,,deck
fc43948e721cb442,..\2_LP\LOW_Fr_MASTER_result\regen\9c7e77daa311\cy05,superseded,,,0,0,,,deck
fc43948e721cb442,..\2_LP\LOW_Fr_MASTER_result\regen\9c7e77daa311\cy06,superseded,,,0,0,,,deck
fc43948e721cb442,..\2_LP\LOW_Fr_MASTER_result\regen\9c7e77daa311\cy07,superseded,,,0,0,,,deck
fc43948e721cb442,..\2_LP\LOW_Fr_MASTER_result\regen\9c7e77daa311\cy08,superseded,,,0,0,,,deck
fc43948e721cb442,..\2_LP\LOW_Fr_MASTER_result\regen\9c7e77daa311\cy09,superseded,,,0,0,,,deck
fc43948e721cb442,..\2_LP\LOW_Fr_MASTER_result\regen\9c7e77daa311\cy10,superseded,,,0,0,,,deck
fc43948e721cb442,..\2_LP\LOW_Fr_MASTER_result\regen\9c7e77daa311\cy11,superseded,,,0,0,,,deck
fc43948e721cb442,..\2_LP\LOW_Fr_MASTER_result\regen\9c7e77daa311\cy12,regen:cy12/12,1.6065,1.4353,25,1,,619.982,deck
,..\2_LP\LOW_Fr_MASTER_result\regen\9d2870fa6d1f\cy01,superseded,,,0,0,,,
48fd0671998b405f,..\2_LP\LOW_Fr_MASTER_result\regen\9d2870fa6d1f\cy02,superseded,,,0,0,,,deck
48fd0671998b405f,..\2_LP\LOW_Fr_MASTER_result\regen\9d2870fa6d1f\cy03,superseded,,,0,0,,,deck
48fd0671998b405f,..\2_LP\LOW_Fr_MASTER_result\regen\9d2870fa6d1f\cy04,superseded,,,0,0,,,deck
48fd0671998b405f,..\2_LP\LOW_Fr_MASTER_result\regen\9d2870fa6d1f\cy05,superseded,,,0,0,,,deck
48fd0671998b405f,..\2_LP\LOW_Fr_MASTER_result\regen\9d2870fa6d1f\cy06,superseded,,,0,0,,,deck
48fd0671998b405f,..\2_LP\LOW_Fr_MASTER_result\regen\9d2870fa6d1f\cy07,superseded,,,0,0,,,deck
48fd0671998b405f,..\2_LP\LOW_Fr_MASTER_result\regen\9d2870fa6d1f\cy08,superseded,,,0,0,,,deck
48fd0671998b405f,..\2_LP\LOW_Fr_MASTER_result\regen\9d2870fa6d1f\cy09,superseded,,,0,0,,,deck
48fd0671998b405f,..\2_LP\LOW_Fr_MASTER_result\regen\9d2870fa6d1f\cy10,superseded,,,0,0,,,deck
48fd0671998b405f,..\2_LP\LOW_Fr_MASTER_result\regen\9d2870fa6d1f\cy11,superseded,,,0,0,,,deck
48fd0671998b405f,..\2_LP\LOW_Fr_MASTER_result\regen\9d2870fa6d1f\cy12,regen:cy12/12,1.6309,1.4428,25,1,,620.222,deck
,..\2_LP\LOW_Fr_MASTER_result\regen\9e07380af280\cy01,superseded,,,0,0,,,
a6432b90a039d695,..\2_LP\LOW_Fr_MASTER_result\regen\9e07380af280\cy02,superseded,,,0,0,,,deck
a6432b90a039d695,..\2_LP\LOW_Fr_MASTER_result\regen\9e07380af280\cy03,superseded,,,0,0,,,deck
a6432b90a039d695,..\2_LP\LOW_Fr_MASTER_result\regen\9e07380af280\cy04,superseded,,,0,0,,,deck
a6432b90a039d695,..\2_LP\LOW_Fr_MASTER_result\regen\9e07380af280\cy05,superseded,,,0,0,,,deck
a6432b90a039d695,..\2_LP\LOW_Fr_MASTER_result\regen\9e07380af280\cy06,superseded,,,0,0,,,deck
a6432b90a039d695,..\2_LP\LOW_Fr_MASTER_result\regen\9e07380af280\cy07,superseded,,,0,0,,,deck
a6432b90a039d695,..\2_LP\LOW_Fr_MASTER_result\regen\9e07380af280\cy08,superseded,,,0,0,,,deck
a6432b90a039d695,..\2_LP\LOW_Fr_MASTER_result\regen\9e07380af280\cy09,superseded,,,0,0,,,deck
a6432b90a039d695,..\2_LP\LOW_Fr_MASTER_result\regen\9e07380af280\cy10,superseded,,,0,0,,,deck
a6432b90a039d695,..\2_LP\LOW_Fr_MASTER_result\regen\9e07380af280\cy11,superseded,,,0,0,,,deck
a6432b90a039d695,..\2_LP\LOW_Fr_MASTER_result\regen\9e07380af280\cy12,regen:cy12/12,1.6988,1.5433,25,1,,613.97,deck
,..\2_LP\LOW_Fr_MASTER_result\regen\9ee177ad6c57\cy01,superseded,,,0,0,,,
36a0a228f1e6787d,..\2_LP\LOW_Fr_MASTER_result\regen\9ee177ad6c57\cy02,superseded,,,0,0,,,deck
36a0a228f1e6787d,..\2_LP\LOW_Fr_MASTER_result\regen\9ee177ad6c57\cy03,superseded,,,0,0,,,deck
36a0a228f1e6787d,..\2_LP\LOW_Fr_MASTER_result\regen\9ee177ad6c57\cy04,superseded,,,0,0,,,deck
36a0a228f1e6787d,..\2_LP\LOW_Fr_MASTER_result\regen\9ee177ad6c57\cy05,superseded,,,0,0,,,deck
36a0a228f1e6787d,..\2_LP\LOW_Fr_MASTER_result\regen\9ee177ad6c57\cy06,superseded,,,0,0,,,deck
36a0a228f1e6787d,..\2_LP\LOW_Fr_MASTER_result\regen\9ee177ad6c57\cy07,superseded,,,0,0,,,deck
36a0a228f1e6787d,..\2_LP\LOW_Fr_MASTER_result\regen\9ee177ad6c57\cy08,superseded,,,0,0,,,deck
36a0a228f1e6787d,..\2_LP\LOW_Fr_MASTER_result\regen\9ee177ad6c57\cy09,superseded,,,0,0,,,deck
36a0a228f1e6787d,..\2_LP\LOW_Fr_MASTER_result\regen\9ee177ad6c57\cy10,superseded,,,0,0,,,deck
36a0a228f1e6787d,..\2_LP\LOW_Fr_MASTER_result\regen\9ee177ad6c57\cy11,superseded,,,0,0,,,deck
36a0a228f1e6787d,..\2_LP\LOW_Fr_MASTER_result\regen\9ee177ad6c57\cy12,regen:cy12/12,1.6949,1.522,25,1,,617.075,deck
,..\2_LP\LOW_Fr_MASTER_result\regen\9f8a2c92715a\cy01,superseded,,,0,0,,,
898881d7e9fbb307,..\2_LP\LOW_Fr_MASTER_result\regen\9f8a2c92715a\cy02,superseded,,,0,0,,,deck
898881d7e9fbb307,..\2_LP\LOW_Fr_MASTER_result\regen\9f8a2c92715a\cy03,superseded,,,0,0,,,deck
898881d7e9fbb307,..\2_LP\LOW_Fr_MASTER_result\regen\9f8a2c92715a\cy04,superseded,,,0,0,,,deck
898881d7e9fbb307,..\2_LP\LOW_Fr_MASTER_result\regen\9f8a2c92715a\cy05,superseded,,,0,0,,,deck
898881d7e9fbb307,..\2_LP\LOW_Fr_MASTER_result\regen\9f8a2c92715a\cy06,superseded,,,0,0,,,deck
898881d7e9fbb307,..\2_LP\LOW_Fr_MASTER_result\regen\9f8a2c92715a\cy07,superseded,,,0,0,,,deck
898881d7e9fbb307,..\2_LP\LOW_Fr_MASTER_result\regen\9f8a2c92715a\cy08,superseded,,,0,0,,,deck
898881d7e9fbb307,..\2_LP\LOW_Fr_MASTER_result\regen\9f8a2c92715a\cy09,superseded,,,0,0,,,deck
898881d7e9fbb307,..\2_LP\LOW_Fr_MASTER_result\regen\9f8a2c92715a\cy10,superseded,,,0,0,,,deck
898881d7e9fbb307,..\2_LP\LOW_Fr_MASTER_result\regen\9f8a2c92715a\cy11,regen:cy11/11,1.6555,1.5265,25,1,,621.856,deck
,..\2_LP\LOW_Fr_MASTER_result\regen\9fa6c3b361b9\cy01,superseded,,,0,0,,,
4bc1691d5c00f5f7,..\2_LP\LOW_Fr_MASTER_result\regen\9fa6c3b361b9\cy02,superseded,,,0,0,,,deck
4bc1691d5c00f5f7,..\2_LP\LOW_Fr_MASTER_result\regen\9fa6c3b361b9\cy03,superseded,,,0,0,,,deck
4bc1691d5c00f5f7,..\2_LP\LOW_Fr_MASTER_result\regen\9fa6c3b361b9\cy04,superseded,,,0,0,,,deck
4bc1691d5c00f5f7,..\2_LP\LOW_Fr_MASTER_result\regen\9fa6c3b361b9\cy05,superseded,,,0,0,,,deck
4bc1691d5c00f5f7,..\2_LP\LOW_Fr_MASTER_result\regen\9fa6c3b361b9\cy06,superseded,,,0,0,,,deck
4bc1691d5c00f5f7,..\2_LP\LOW_Fr_MASTER_result\regen\9fa6c3b361b9\cy07,superseded,,,0,0,,,deck
4bc1691d5c00f5f7,..\2_LP\LOW_Fr_MASTER_result\regen\9fa6c3b361b9\cy08,superseded,,,0,0,,,deck
4bc1691d5c00f5f7,..\2_LP\LOW_Fr_MASTER_result\regen\9fa6c3b361b9\cy09,superseded,,,0,0,,,deck
4bc1691d5c00f5f7,..\2_LP\LOW_Fr_MASTER_result\regen\9fa6c3b361b9\cy10,superseded,,,0,0,,,deck
4bc1691d5c00f5f7,..\2_LP\LOW_Fr_MASTER_result\regen\9fa6c3b361b9\cy11,superseded,,,0,0,,,deck
4bc1691d5c00f5f7,..\2_LP\LOW_Fr_MASTER_result\regen\9fa6c3b361b9\cy12,regen:cy12/12,1.696,1.5337,25,1,,618.624,deck
,..\2_LP\LOW_Fr_MASTER_result\regen\9fae0ce71f50\cy01,superseded,,,0,0,,,
7eb1bb49da899bf5,..\2_LP\LOW_Fr_MASTER_result\regen\9fae0ce71f50\cy02,superseded,,,0,0,,,deck
7eb1bb49da899bf5,..\2_LP\LOW_Fr_MASTER_result\regen\9fae0ce71f50\cy03,superseded,,,0,0,,,deck
7eb1bb49da899bf5,..\2_LP\LOW_Fr_MASTER_result\regen\9fae0ce71f50\cy04,superseded,,,0,0,,,deck
7eb1bb49da899bf5,..\2_LP\LOW_Fr_MASTER_result\regen\9fae0ce71f50\cy05,superseded,,,0,0,,,deck
7eb1bb49da899bf5,..\2_LP\LOW_Fr_MASTER_result\regen\9fae0ce71f50\cy06,superseded,,,0,0,,,deck
7eb1bb49da899bf5,..\2_LP\LOW_Fr_MASTER_result\regen\9fae0ce71f50\cy07,superseded,,,0,0,,,deck
7eb1bb49da899bf5,..\2_LP\LOW_Fr_MASTER_result\regen\9fae0ce71f50\cy08,superseded,,,0,0,,,deck
7eb1bb49da899bf5,..\2_LP\LOW_Fr_MASTER_result\regen\9fae0ce71f50\cy09,superseded,,,0,0,,,deck
7eb1bb49da899bf5,..\2_LP\LOW_Fr_MASTER_result\regen\9fae0ce71f50\cy10,superseded,,,0,0,,,deck
7eb1bb49da899bf5,..\2_LP\LOW_Fr_MASTER_result\regen\9fae0ce71f50\cy11,superseded,,,0,0,,,deck
7eb1bb49da899bf5,..\2_LP\LOW_Fr_MASTER_result\regen\9fae0ce71f50\cy12,regen:cy12/12,1.8548,1.6438,25,1,,621.789,deck
,..\2_LP\LOW_Fr_MASTER_result\regen\9fb79b9221d5\cy01,superseded,,,0,0,,,
7145b200bfcad928,..\2_LP\LOW_Fr_MASTER_result\regen\9fb79b9221d5\cy02,superseded,,,0,0,,,deck
7145b200bfcad928,..\2_LP\LOW_Fr_MASTER_result\regen\9fb79b9221d5\cy03,superseded,,,0,0,,,deck
7145b200bfcad928,..\2_LP\LOW_Fr_MASTER_result\regen\9fb79b9221d5\cy04,superseded,,,0,0,,,deck
7145b200bfcad928,..\2_LP\LOW_Fr_MASTER_result\regen\9fb79b9221d5\cy05,superseded,,,0,0,,,deck
7145b200bfcad928,..\2_LP\LOW_Fr_MASTER_result\regen\9fb79b9221d5\cy06,superseded,,,0,0,,,deck
7145b200bfcad928,..\2_LP\LOW_Fr_MASTER_result\regen\9fb79b9221d5\cy07,superseded,,,0,0,,,deck
7145b200bfcad928,..\2_LP\LOW_Fr_MASTER_result\regen\9fb79b9221d5\cy08,superseded,,,0,0,,,deck
7145b200bfcad928,..\2_LP\LOW_Fr_MASTER_result\regen\9fb79b9221d5\cy09,superseded,,,0,0,,,deck
7145b200bfcad928,..\2_LP\LOW_Fr_MASTER_result\regen\9fb79b9221d5\cy10,superseded,,,0,0,,,deck
7145b200bfcad928,..\2_LP\LOW_Fr_MASTER_result\regen\9fb79b9221d5\cy11,superseded,,,0,0,,,deck
7145b200bfcad928,..\2_LP\LOW_Fr_MASTER_result\regen\9fb79b9221d5\cy12,regen:cy12/12,1.7415,1.5795,25,1,,613.929,deck
,..\2_LP\LOW_Fr_MASTER_result\regen\a00a83871b5f\cy01,superseded,,,0,0,,,
3b03cc23669d99c6,..\2_LP\LOW_Fr_MASTER_result\regen\a00a83871b5f\cy02,superseded,,,0,0,,,deck
3b03cc23669d99c6,..\2_LP\LOW_Fr_MASTER_result\regen\a00a83871b5f\cy03,superseded,,,0,0,,,deck
3b03cc23669d99c6,..\2_LP\LOW_Fr_MASTER_result\regen\a00a83871b5f\cy04,superseded,,,0,0,,,deck
3b03cc23669d99c6,..\2_LP\LOW_Fr_MASTER_result\regen\a00a83871b5f\cy05,superseded,,,0,0,,,deck
3b03cc23669d99c6,..\2_LP\LOW_Fr_MASTER_result\regen\a00a83871b5f\cy06,superseded,,,0,0,,,deck
3b03cc23669d99c6,..\2_LP\LOW_Fr_MASTER_result\regen\a00a83871b5f\cy07,superseded,,,0,0,,,deck
3b03cc23669d99c6,..\2_LP\LOW_Fr_MASTER_result\regen\a00a83871b5f\cy08,superseded,,,0,0,,,deck
3b03cc23669d99c6,..\2_LP\LOW_Fr_MASTER_result\regen\a00a83871b5f\cy09,superseded,,,0,0,,,deck
3b03cc23669d99c6,..\2_LP\LOW_Fr_MASTER_result\regen\a00a83871b5f\cy10,superseded,,,0,0,,,deck
3b03cc23669d99c6,..\2_LP\LOW_Fr_MASTER_result\regen\a00a83871b5f\cy11,superseded,,,0,0,,,deck
3b03cc23669d99c6,..\2_LP\LOW_Fr_MASTER_result\regen\a00a83871b5f\cy12,regen:cy12/12,1.7378,1.5414,25,1,,623.889,deck
,..\2_LP\LOW_Fr_MASTER_result\regen\a02e30b38541\cy01,superseded,,,0,0,,,
6f736fdbb6c6c626,..\2_LP\LOW_Fr_MASTER_result\regen\a02e30b38541\cy02,superseded,,,0,0,,,deck
6f736fdbb6c6c626,..\2_LP\LOW_Fr_MASTER_result\regen\a02e30b38541\cy03,superseded,,,0,0,,,deck
6f736fdbb6c6c626,..\2_LP\LOW_Fr_MASTER_result\regen\a02e30b38541\cy04,superseded,,,0,0,,,deck
6f736fdbb6c6c626,..\2_LP\LOW_Fr_MASTER_result\regen\a02e30b38541\cy05,superseded,,,0,0,,,deck
6f736fdbb6c6c626,..\2_LP\LOW_Fr_MASTER_result\regen\a02e30b38541\cy06,superseded,,,0,0,,,deck
6f736fdbb6c6c626,..\2_LP\LOW_Fr_MASTER_result\regen\a02e30b38541\cy07,superseded,,,0,0,,,deck
6f736fdbb6c6c626,..\2_LP\LOW_Fr_MASTER_result\regen\a02e30b38541\cy08,superseded,,,0,0,,,deck
6f736fdbb6c6c626,..\2_LP\LOW_Fr_MASTER_result\regen\a02e30b38541\cy09,superseded,,,0,0,,,deck
6f736fdbb6c6c626,..\2_LP\LOW_Fr_MASTER_result\regen\a02e30b38541\cy10,superseded,,,0,0,,,deck
6f736fdbb6c6c626,..\2_LP\LOW_Fr_MASTER_result\regen\a02e30b38541\cy11,superseded,,,0,0,,,deck
6f736fdbb6c6c626,..\2_LP\LOW_Fr_MASTER_result\regen\a02e30b38541\cy12,regen:cy12/12,1.6671,1.4943,25,1,,618.922,deck
,..\2_LP\LOW_Fr_MASTER_result\regen\a0631086b801\cy01,superseded,,,0,0,,,
68470038ae5988f3,..\2_LP\LOW_Fr_MASTER_result\regen\a0631086b801\cy02,superseded,,,0,0,,,deck
68470038ae5988f3,..\2_LP\LOW_Fr_MASTER_result\regen\a0631086b801\cy03,superseded,,,0,0,,,deck
68470038ae5988f3,..\2_LP\LOW_Fr_MASTER_result\regen\a0631086b801\cy04,superseded,,,0,0,,,deck
68470038ae5988f3,..\2_LP\LOW_Fr_MASTER_result\regen\a0631086b801\cy05,superseded,,,0,0,,,deck
68470038ae5988f3,..\2_LP\LOW_Fr_MASTER_result\regen\a0631086b801\cy06,superseded,,,0,0,,,deck
68470038ae5988f3,..\2_LP\LOW_Fr_MASTER_result\regen\a0631086b801\cy07,superseded,,,0,0,,,deck
68470038ae5988f3,..\2_LP\LOW_Fr_MASTER_result\regen\a0631086b801\cy08,superseded,,,0,0,,,deck
68470038ae5988f3,..\2_LP\LOW_Fr_MASTER_result\regen\a0631086b801\cy09,superseded,,,0,0,,,deck
68470038ae5988f3,..\2_LP\LOW_Fr_MASTER_result\regen\a0631086b801\cy10,superseded,,,0,0,,,deck
68470038ae5988f3,..\2_LP\LOW_Fr_MASTER_result\regen\a0631086b801\cy11,superseded,,,0,0,,,deck
68470038ae5988f3,..\2_LP\LOW_Fr_MASTER_result\regen\a0631086b801\cy12,regen:cy12/12,1.7617,1.5967,25,1,,619.565,deck
,..\2_LP\LOW_Fr_MASTER_result\regen\a0c8773f26a1\cy01,superseded,,,0,0,,,
f9ee1507bc5c8c48,..\2_LP\LOW_Fr_MASTER_result\regen\a0c8773f26a1\cy02,superseded,,,0,0,,,deck
f9ee1507bc5c8c48,..\2_LP\LOW_Fr_MASTER_result\regen\a0c8773f26a1\cy03,superseded,,,0,0,,,deck
f9ee1507bc5c8c48,..\2_LP\LOW_Fr_MASTER_result\regen\a0c8773f26a1\cy04,superseded,,,0,0,,,deck
f9ee1507bc5c8c48,..\2_LP\LOW_Fr_MASTER_result\regen\a0c8773f26a1\cy05,superseded,,,0,0,,,deck
f9ee1507bc5c8c48,..\2_LP\LOW_Fr_MASTER_result\regen\a0c8773f26a1\cy06,superseded,,,0,0,,,deck
f9ee1507bc5c8c48,..\2_LP\LOW_Fr_MASTER_result\regen\a0c8773f26a1\cy07,superseded,,,0,0,,,deck
f9ee1507bc5c8c48,..\2_LP\LOW_Fr_MASTER_result\regen\a0c8773f26a1\cy08,superseded,,,0,0,,,deck
f9ee1507bc5c8c48,..\2_LP\LOW_Fr_MASTER_result\regen\a0c8773f26a1\cy09,superseded,,,0,0,,,deck
f9ee1507bc5c8c48,..\2_LP\LOW_Fr_MASTER_result\regen\a0c8773f26a1\cy10,superseded,,,0,0,,,deck
f9ee1507bc5c8c48,..\2_LP\LOW_Fr_MASTER_result\regen\a0c8773f26a1\cy11,superseded,,,0,0,,,deck
f9ee1507bc5c8c48,..\2_LP\LOW_Fr_MASTER_result\regen\a0c8773f26a1\cy12,regen:cy12/12,1.6589,1.5074,25,1,,616.923,deck
,..\2_LP\LOW_Fr_MASTER_result\regen\a0eadf075388\cy01,superseded,,,0,0,,,
f99af3be21737c41,..\2_LP\LOW_Fr_MASTER_result\regen\a0eadf075388\cy02,superseded,,,0,0,,,deck
f99af3be21737c41,..\2_LP\LOW_Fr_MASTER_result\regen\a0eadf075388\cy03,superseded,,,0,0,,,deck
f99af3be21737c41,..\2_LP\LOW_Fr_MASTER_result\regen\a0eadf075388\cy04,superseded,,,0,0,,,deck
f99af3be21737c41,..\2_LP\LOW_Fr_MASTER_result\regen\a0eadf075388\cy05,superseded,,,0,0,,,deck
f99af3be21737c41,..\2_LP\LOW_Fr_MASTER_result\regen\a0eadf075388\cy06,superseded,,,0,0,,,deck
f99af3be21737c41,..\2_LP\LOW_Fr_MASTER_result\regen\a0eadf075388\cy07,superseded,,,0,0,,,deck
f99af3be21737c41,..\2_LP\LOW_Fr_MASTER_result\regen\a0eadf075388\cy08,superseded,,,0,0,,,deck
f99af3be21737c41,..\2_LP\LOW_Fr_MASTER_result\regen\a0eadf075388\cy09,superseded,,,0,0,,,deck
f99af3be21737c41,..\2_LP\LOW_Fr_MASTER_result\regen\a0eadf075388\cy10,superseded,,,0,0,,,deck
f99af3be21737c41,..\2_LP\LOW_Fr_MASTER_result\regen\a0eadf075388\cy11,regen:cy11/11,1.7557,1.5483,25,1,,617.791,deck
,..\2_LP\LOW_Fr_MASTER_result\regen\a17989d85535\cy01,superseded,,,0,0,,,
622412757426d87c,..\2_LP\LOW_Fr_MASTER_result\regen\a17989d85535\cy02,superseded,,,0,0,,,deck
622412757426d87c,..\2_LP\LOW_Fr_MASTER_result\regen\a17989d85535\cy03,superseded,,,0,0,,,deck
622412757426d87c,..\2_LP\LOW_Fr_MASTER_result\regen\a17989d85535\cy04,superseded,,,0,0,,,deck
622412757426d87c,..\2_LP\LOW_Fr_MASTER_result\regen\a17989d85535\cy05,superseded,,,0,0,,,deck
622412757426d87c,..\2_LP\LOW_Fr_MASTER_result\regen\a17989d85535\cy06,superseded,,,0,0,,,deck
622412757426d87c,..\2_LP\LOW_Fr_MASTER_result\regen\a17989d85535\cy07,superseded,,,0,0,,,deck
622412757426d87c,..\2_LP\LOW_Fr_MASTER_result\regen\a17989d85535\cy08,superseded,,,0,0,,,deck
622412757426d87c,..\2_LP\LOW_Fr_MASTER_result\regen\a17989d85535\cy09,superseded,,,0,0,,,deck
622412757426d87c,..\2_LP\LOW_Fr_MASTER_result\regen\a17989d85535\cy10,superseded,,,0,0,,,deck
622412757426d87c,..\2_LP\LOW_Fr_MASTER_result\regen\a17989d85535\cy11,superseded,,,0,0,,,deck
622412757426d87c,..\2_LP\LOW_Fr_MASTER_result\regen\a17989d85535\cy12,regen:cy12/12,1.6438,1.4344,25,1,,616.58,deck
,..\2_LP\LOW_Fr_MASTER_result\regen\a1898de3c3f2\cy01,superseded,,,0,0,,,
4d37e42f3a780540,..\2_LP\LOW_Fr_MASTER_result\regen\a1898de3c3f2\cy02,superseded,,,0,0,,,deck
4d37e42f3a780540,..\2_LP\LOW_Fr_MASTER_result\regen\a1898de3c3f2\cy03,superseded,,,0,0,,,deck
4d37e42f3a780540,..\2_LP\LOW_Fr_MASTER_result\regen\a1898de3c3f2\cy04,superseded,,,0,0,,,deck
4d37e42f3a780540,..\2_LP\LOW_Fr_MASTER_result\regen\a1898de3c3f2\cy05,superseded,,,0,0,,,deck
4d37e42f3a780540,..\2_LP\LOW_Fr_MASTER_result\regen\a1898de3c3f2\cy06,superseded,,,0,0,,,deck
4d37e42f3a780540,..\2_LP\LOW_Fr_MASTER_result\regen\a1898de3c3f2\cy07,superseded,,,0,0,,,deck
4d37e42f3a780540,..\2_LP\LOW_Fr_MASTER_result\regen\a1898de3c3f2\cy08,superseded,,,0,0,,,deck
4d37e42f3a780540,..\2_LP\LOW_Fr_MASTER_result\regen\a1898de3c3f2\cy09,superseded,,,0,0,,,deck
4d37e42f3a780540,..\2_LP\LOW_Fr_MASTER_result\regen\a1898de3c3f2\cy10,superseded,,,0,0,,,deck
4d37e42f3a780540,..\2_LP\LOW_Fr_MASTER_result\regen\a1898de3c3f2\cy11,superseded,,,0,0,,,deck
4d37e42f3a780540,..\2_LP\LOW_Fr_MASTER_result\regen\a1898de3c3f2\cy12,regen:cy12/12,1.6652,1.4856,25,1,,616.503,deck
,..\2_LP\LOW_Fr_MASTER_result\regen\a1c1dc52a6c0\cy01,superseded,,,0,0,,,
cd35aa33efb77195,..\2_LP\LOW_Fr_MASTER_result\regen\a1c1dc52a6c0\cy02,superseded,,,0,0,,,deck
cd35aa33efb77195,..\2_LP\LOW_Fr_MASTER_result\regen\a1c1dc52a6c0\cy03,superseded,,,0,0,,,deck
cd35aa33efb77195,..\2_LP\LOW_Fr_MASTER_result\regen\a1c1dc52a6c0\cy04,superseded,,,0,0,,,deck
cd35aa33efb77195,..\2_LP\LOW_Fr_MASTER_result\regen\a1c1dc52a6c0\cy05,superseded,,,0,0,,,deck
cd35aa33efb77195,..\2_LP\LOW_Fr_MASTER_result\regen\a1c1dc52a6c0\cy06,superseded,,,0,0,,,deck
cd35aa33efb77195,..\2_LP\LOW_Fr_MASTER_result\regen\a1c1dc52a6c0\cy07,superseded,,,0,0,,,deck
cd35aa33efb77195,..\2_LP\LOW_Fr_MASTER_result\regen\a1c1dc52a6c0\cy08,superseded,,,0,0,,,deck
cd35aa33efb77195,..\2_LP\LOW_Fr_MASTER_result\regen\a1c1dc52a6c0\cy09,superseded,,,0,0,,,deck
cd35aa33efb77195,..\2_LP\LOW_Fr_MASTER_result\regen\a1c1dc52a6c0\cy10,superseded,,,0,0,,,deck
cd35aa33efb77195,..\2_LP\LOW_Fr_MASTER_result\regen\a1c1dc52a6c0\cy11,superseded,,,0,0,,,deck
cd35aa33efb77195,..\2_LP\LOW_Fr_MASTER_result\regen\a1c1dc52a6c0\cy12,regen:cy12/12,1.6975,1.5381,25,1,,613.821,deck
,..\2_LP\LOW_Fr_MASTER_result\regen\a1d037e78ce6\cy01,superseded,,,0,0,,,
00a764d389d6c39e,..\2_LP\LOW_Fr_MASTER_result\regen\a1d037e78ce6\cy02,superseded,,,0,0,,,deck
00a764d389d6c39e,..\2_LP\LOW_Fr_MASTER_result\regen\a1d037e78ce6\cy03,superseded,,,0,0,,,deck
00a764d389d6c39e,..\2_LP\LOW_Fr_MASTER_result\regen\a1d037e78ce6\cy04,superseded,,,0,0,,,deck
00a764d389d6c39e,..\2_LP\LOW_Fr_MASTER_result\regen\a1d037e78ce6\cy05,superseded,,,0,0,,,deck
00a764d389d6c39e,..\2_LP\LOW_Fr_MASTER_result\regen\a1d037e78ce6\cy06,superseded,,,0,0,,,deck
00a764d389d6c39e,..\2_LP\LOW_Fr_MASTER_result\regen\a1d037e78ce6\cy07,superseded,,,0,0,,,deck
00a764d389d6c39e,..\2_LP\LOW_Fr_MASTER_result\regen\a1d037e78ce6\cy08,superseded,,,0,0,,,deck
00a764d389d6c39e,..\2_LP\LOW_Fr_MASTER_result\regen\a1d037e78ce6\cy09,superseded,,,0,0,,,deck
00a764d389d6c39e,..\2_LP\LOW_Fr_MASTER_result\regen\a1d037e78ce6\cy10,superseded,,,0,0,,,deck
00a764d389d6c39e,..\2_LP\LOW_Fr_MASTER_result\regen\a1d037e78ce6\cy11,superseded,,,0,0,,,deck
00a764d389d6c39e,..\2_LP\LOW_Fr_MASTER_result\regen\a1d037e78ce6\cy12,regen:cy12/12,1.6961,1.5408,25,1,,613.859,deck
,..\2_LP\LOW_Fr_MASTER_result\regen\a206173e2325\cy01,superseded,,,0,0,,,
97e51b1ba7bd9288,..\2_LP\LOW_Fr_MASTER_result\regen\a206173e2325\cy02,superseded,,,0,0,,,deck
97e51b1ba7bd9288,..\2_LP\LOW_Fr_MASTER_result\regen\a206173e2325\cy03,superseded,,,0,0,,,deck
97e51b1ba7bd9288,..\2_LP\LOW_Fr_MASTER_result\regen\a206173e2325\cy04,superseded,,,0,0,,,deck
97e51b1ba7bd9288,..\2_LP\LOW_Fr_MASTER_result\regen\a206173e2325\cy05,superseded,,,0,0,,,deck
97e51b1ba7bd9288,..\2_LP\LOW_Fr_MASTER_result\regen\a206173e2325\cy06,superseded,,,0,0,,,deck
97e51b1ba7bd9288,..\2_LP\LOW_Fr_MASTER_result\regen\a206173e2325\cy07,superseded,,,0,0,,,deck
97e51b1ba7bd9288,..\2_LP\LOW_Fr_MASTER_result\regen\a206173e2325\cy08,superseded,,,0,0,,,deck
97e51b1ba7bd9288,..\2_LP\LOW_Fr_MASTER_result\regen\a206173e2325\cy09,superseded,,,0,0,,,deck
97e51b1ba7bd9288,..\2_LP\LOW_Fr_MASTER_result\regen\a206173e2325\cy10,superseded,,,0,0,,,deck
97e51b1ba7bd9288,..\2_LP\LOW_Fr_MASTER_result\regen\a206173e2325\cy11,superseded,,,0,0,,,deck
97e51b1ba7bd9288,..\2_LP\LOW_Fr_MASTER_result\regen\a206173e2325\cy12,regen:cy12/12,1.6999,1.499,25,1,,620.618,deck
,..\2_LP\LOW_Fr_MASTER_result\regen\a21c442ded7c\cy01,superseded,,,0,0,,,
e24e44afa0585ec5,..\2_LP\LOW_Fr_MASTER_result\regen\a21c442ded7c\cy02,superseded,,,0,0,,,deck
e24e44afa0585ec5,..\2_LP\LOW_Fr_MASTER_result\regen\a21c442ded7c\cy03,superseded,,,0,0,,,deck
e24e44afa0585ec5,..\2_LP\LOW_Fr_MASTER_result\regen\a21c442ded7c\cy04,superseded,,,0,0,,,deck
e24e44afa0585ec5,..\2_LP\LOW_Fr_MASTER_result\regen\a21c442ded7c\cy05,superseded,,,0,0,,,deck
e24e44afa0585ec5,..\2_LP\LOW_Fr_MASTER_result\regen\a21c442ded7c\cy06,superseded,,,0,0,,,deck
e24e44afa0585ec5,..\2_LP\LOW_Fr_MASTER_result\regen\a21c442ded7c\cy07,superseded,,,0,0,,,deck
e24e44afa0585ec5,..\2_LP\LOW_Fr_MASTER_result\regen\a21c442ded7c\cy08,superseded,,,0,0,,,deck
e24e44afa0585ec5,..\2_LP\LOW_Fr_MASTER_result\regen\a21c442ded7c\cy09,superseded,,,0,0,,,deck
e24e44afa0585ec5,..\2_LP\LOW_Fr_MASTER_result\regen\a21c442ded7c\cy10,superseded,,,0,0,,,deck
e24e44afa0585ec5,..\2_LP\LOW_Fr_MASTER_result\regen\a21c442ded7c\cy11,superseded,,,0,0,,,deck
e24e44afa0585ec5,..\2_LP\LOW_Fr_MASTER_result\regen\a21c442ded7c\cy12,regen:cy12/12,1.9118,1.6475,25,1,,614.29,deck
,..\2_LP\LOW_Fr_MASTER_result\regen\a28344f9ed67\cy01,superseded,,,0,0,,,
edb3ea9003a7f669,..\2_LP\LOW_Fr_MASTER_result\regen\a28344f9ed67\cy02,superseded,,,0,0,,,deck
edb3ea9003a7f669,..\2_LP\LOW_Fr_MASTER_result\regen\a28344f9ed67\cy03,superseded,,,0,0,,,deck
edb3ea9003a7f669,..\2_LP\LOW_Fr_MASTER_result\regen\a28344f9ed67\cy04,superseded,,,0,0,,,deck
edb3ea9003a7f669,..\2_LP\LOW_Fr_MASTER_result\regen\a28344f9ed67\cy05,superseded,,,0,0,,,deck
edb3ea9003a7f669,..\2_LP\LOW_Fr_MASTER_result\regen\a28344f9ed67\cy06,superseded,,,0,0,,,deck
edb3ea9003a7f669,..\2_LP\LOW_Fr_MASTER_result\regen\a28344f9ed67\cy07,superseded,,,0,0,,,deck
edb3ea9003a7f669,..\2_LP\LOW_Fr_MASTER_result\regen\a28344f9ed67\cy08,superseded,,,0,0,,,deck
edb3ea9003a7f669,..\2_LP\LOW_Fr_MASTER_result\regen\a28344f9ed67\cy09,superseded,,,0,0,,,deck
edb3ea9003a7f669,..\2_LP\LOW_Fr_MASTER_result\regen\a28344f9ed67\cy10,superseded,,,0,0,,,deck
edb3ea9003a7f669,..\2_LP\LOW_Fr_MASTER_result\regen\a28344f9ed67\cy11,superseded,,,0,0,,,deck
edb3ea9003a7f669,..\2_LP\LOW_Fr_MASTER_result\regen\a28344f9ed67\cy12,regen:cy12/12,1.7309,1.5468,25,1,,613.775,deck
,..\2_LP\LOW_Fr_MASTER_result\regen\a2fc62da2224\cy01,superseded,,,0,0,,,
8d2f8831e9591586,..\2_LP\LOW_Fr_MASTER_result\regen\a2fc62da2224\cy02,superseded,,,0,0,,,deck
8d2f8831e9591586,..\2_LP\LOW_Fr_MASTER_result\regen\a2fc62da2224\cy03,superseded,,,0,0,,,deck
8d2f8831e9591586,..\2_LP\LOW_Fr_MASTER_result\regen\a2fc62da2224\cy04,superseded,,,0,0,,,deck
8d2f8831e9591586,..\2_LP\LOW_Fr_MASTER_result\regen\a2fc62da2224\cy05,superseded,,,0,0,,,deck
8d2f8831e9591586,..\2_LP\LOW_Fr_MASTER_result\regen\a2fc62da2224\cy06,superseded,,,0,0,,,deck
8d2f8831e9591586,..\2_LP\LOW_Fr_MASTER_result\regen\a2fc62da2224\cy07,superseded,,,0,0,,,deck
8d2f8831e9591586,..\2_LP\LOW_Fr_MASTER_result\regen\a2fc62da2224\cy08,superseded,,,0,0,,,deck
8d2f8831e9591586,..\2_LP\LOW_Fr_MASTER_result\regen\a2fc62da2224\cy09,superseded,,,0,0,,,deck
8d2f8831e9591586,..\2_LP\LOW_Fr_MASTER_result\regen\a2fc62da2224\cy10,superseded,,,0,0,,,deck
8d2f8831e9591586,..\2_LP\LOW_Fr_MASTER_result\regen\a2fc62da2224\cy11,superseded,,,0,0,,,deck
8d2f8831e9591586,..\2_LP\LOW_Fr_MASTER_result\regen\a2fc62da2224\cy12,regen:cy12/12,1.619,1.4792,25,1,,622.195,deck
,..\2_LP\LOW_Fr_MASTER_result\regen\a33bee9f6f42\cy01,superseded,,,0,0,,,
a043f25cfdb3aa00,..\2_LP\LOW_Fr_MASTER_result\regen\a33bee9f6f42\cy02,superseded,,,0,0,,,deck
a043f25cfdb3aa00,..\2_LP\LOW_Fr_MASTER_result\regen\a33bee9f6f42\cy03,superseded,,,0,0,,,deck
a043f25cfdb3aa00,..\2_LP\LOW_Fr_MASTER_result\regen\a33bee9f6f42\cy04,superseded,,,0,0,,,deck
a043f25cfdb3aa00,..\2_LP\LOW_Fr_MASTER_result\regen\a33bee9f6f42\cy05,superseded,,,0,0,,,deck
a043f25cfdb3aa00,..\2_LP\LOW_Fr_MASTER_result\regen\a33bee9f6f42\cy06,superseded,,,0,0,,,deck
a043f25cfdb3aa00,..\2_LP\LOW_Fr_MASTER_result\regen\a33bee9f6f42\cy07,superseded,,,0,0,,,deck
a043f25cfdb3aa00,..\2_LP\LOW_Fr_MASTER_result\regen\a33bee9f6f42\cy08,superseded,,,0,0,,,deck
a043f25cfdb3aa00,..\2_LP\LOW_Fr_MASTER_result\regen\a33bee9f6f42\cy09,superseded,,,0,0,,,deck
a043f25cfdb3aa00,..\2_LP\LOW_Fr_MASTER_result\regen\a33bee9f6f42\cy10,superseded,,,0,0,,,deck
a043f25cfdb3aa00,..\2_LP\LOW_Fr_MASTER_result\regen\a33bee9f6f42\cy11,superseded,,,0,0,,,deck
a043f25cfdb3aa00,..\2_LP\LOW_Fr_MASTER_result\regen\a33bee9f6f42\cy12,regen:cy12/12,2.1171,1.8779,25,1,,620.869,deck
,..\2_LP\LOW_Fr_MASTER_result\regen\a43bc6c12ef3\cy01,superseded,,,0,0,,,
87ef72789bea5b34,..\2_LP\LOW_Fr_MASTER_result\regen\a43bc6c12ef3\cy02,superseded,,,0,0,,,deck
87ef72789bea5b34,..\2_LP\LOW_Fr_MASTER_result\regen\a43bc6c12ef3\cy03,superseded,,,0,0,,,deck
87ef72789bea5b34,..\2_LP\LOW_Fr_MASTER_result\regen\a43bc6c12ef3\cy04,superseded,,,0,0,,,deck
87ef72789bea5b34,..\2_LP\LOW_Fr_MASTER_result\regen\a43bc6c12ef3\cy05,superseded,,,0,0,,,deck
87ef72789bea5b34,..\2_LP\LOW_Fr_MASTER_result\regen\a43bc6c12ef3\cy06,superseded,,,0,0,,,deck
87ef72789bea5b34,..\2_LP\LOW_Fr_MASTER_result\regen\a43bc6c12ef3\cy07,superseded,,,0,0,,,deck
87ef72789bea5b34,..\2_LP\LOW_Fr_MASTER_result\regen\a43bc6c12ef3\cy08,superseded,,,0,0,,,deck
87ef72789bea5b34,..\2_LP\LOW_Fr_MASTER_result\regen\a43bc6c12ef3\cy09,superseded,,,0,0,,,deck
87ef72789bea5b34,..\2_LP\LOW_Fr_MASTER_result\regen\a43bc6c12ef3\cy10,superseded,,,0,0,,,deck
87ef72789bea5b34,..\2_LP\LOW_Fr_MASTER_result\regen\a43bc6c12ef3\cy11,superseded,,,0,0,,,deck
87ef72789bea5b34,..\2_LP\LOW_Fr_MASTER_result\regen\a43bc6c12ef3\cy12,regen:cy12/12,1.6825,1.5266,25,1,,613.877,deck
,..\2_LP\LOW_Fr_MASTER_result\regen\a567715a32ec\cy01,superseded,,,0,0,,,
b045e5bc61d1d497,..\2_LP\LOW_Fr_MASTER_result\regen\a567715a32ec\cy02,superseded,,,0,0,,,deck
b045e5bc61d1d497,..\2_LP\LOW_Fr_MASTER_result\regen\a567715a32ec\cy03,superseded,,,0,0,,,deck
b045e5bc61d1d497,..\2_LP\LOW_Fr_MASTER_result\regen\a567715a32ec\cy04,superseded,,,0,0,,,deck
b045e5bc61d1d497,..\2_LP\LOW_Fr_MASTER_result\regen\a567715a32ec\cy05,superseded,,,0,0,,,deck
b045e5bc61d1d497,..\2_LP\LOW_Fr_MASTER_result\regen\a567715a32ec\cy06,superseded,,,0,0,,,deck
b045e5bc61d1d497,..\2_LP\LOW_Fr_MASTER_result\regen\a567715a32ec\cy07,superseded,,,0,0,,,deck
b045e5bc61d1d497,..\2_LP\LOW_Fr_MASTER_result\regen\a567715a32ec\cy08,superseded,,,0,0,,,deck
b045e5bc61d1d497,..\2_LP\LOW_Fr_MASTER_result\regen\a567715a32ec\cy09,superseded,,,0,0,,,deck
b045e5bc61d1d497,..\2_LP\LOW_Fr_MASTER_result\regen\a567715a32ec\cy10,superseded,,,0,0,,,deck
b045e5bc61d1d497,..\2_LP\LOW_Fr_MASTER_result\regen\a567715a32ec\cy11,superseded,,,0,0,,,deck
b045e5bc61d1d497,..\2_LP\LOW_Fr_MASTER_result\regen\a567715a32ec\cy12,regen:cy12/12,1.7055,1.4958,25,1,,616.544,deck
,..\2_LP\LOW_Fr_MASTER_result\regen\a57ed5a81ea1\cy01,superseded,,,0,0,,,
6119b105aed6d1e9,..\2_LP\LOW_Fr_MASTER_result\regen\a57ed5a81ea1\cy02,superseded,,,0,0,,,deck
6119b105aed6d1e9,..\2_LP\LOW_Fr_MASTER_result\regen\a57ed5a81ea1\cy03,superseded,,,0,0,,,deck
6119b105aed6d1e9,..\2_LP\LOW_Fr_MASTER_result\regen\a57ed5a81ea1\cy04,superseded,,,0,0,,,deck
6119b105aed6d1e9,..\2_LP\LOW_Fr_MASTER_result\regen\a57ed5a81ea1\cy05,superseded,,,0,0,,,deck
6119b105aed6d1e9,..\2_LP\LOW_Fr_MASTER_result\regen\a57ed5a81ea1\cy06,superseded,,,0,0,,,deck
6119b105aed6d1e9,..\2_LP\LOW_Fr_MASTER_result\regen\a57ed5a81ea1\cy07,superseded,,,0,0,,,deck
6119b105aed6d1e9,..\2_LP\LOW_Fr_MASTER_result\regen\a57ed5a81ea1\cy08,superseded,,,0,0,,,deck
6119b105aed6d1e9,..\2_LP\LOW_Fr_MASTER_result\regen\a57ed5a81ea1\cy09,superseded,,,0,0,,,deck
6119b105aed6d1e9,..\2_LP\LOW_Fr_MASTER_result\regen\a57ed5a81ea1\cy10,superseded,,,0,0,,,deck
6119b105aed6d1e9,..\2_LP\LOW_Fr_MASTER_result\regen\a57ed5a81ea1\cy11,regen:cy11/11,1.6173,1.4937,25,1,,621.937,deck
,..\2_LP\LOW_Fr_MASTER_result\regen\a5adbe2bf855\cy01,superseded,,,0,0,,,
56e6f3d94fb7b4e3,..\2_LP\LOW_Fr_MASTER_result\regen\a5adbe2bf855\cy02,superseded,,,0,0,,,deck
56e6f3d94fb7b4e3,..\2_LP\LOW_Fr_MASTER_result\regen\a5adbe2bf855\cy03,superseded,,,0,0,,,deck
56e6f3d94fb7b4e3,..\2_LP\LOW_Fr_MASTER_result\regen\a5adbe2bf855\cy04,superseded,,,0,0,,,deck
56e6f3d94fb7b4e3,..\2_LP\LOW_Fr_MASTER_result\regen\a5adbe2bf855\cy05,superseded,,,0,0,,,deck
56e6f3d94fb7b4e3,..\2_LP\LOW_Fr_MASTER_result\regen\a5adbe2bf855\cy06,superseded,,,0,0,,,deck
56e6f3d94fb7b4e3,..\2_LP\LOW_Fr_MASTER_result\regen\a5adbe2bf855\cy07,superseded,,,0,0,,,deck
56e6f3d94fb7b4e3,..\2_LP\LOW_Fr_MASTER_result\regen\a5adbe2bf855\cy08,superseded,,,0,0,,,deck
56e6f3d94fb7b4e3,..\2_LP\LOW_Fr_MASTER_result\regen\a5adbe2bf855\cy09,superseded,,,0,0,,,deck
56e6f3d94fb7b4e3,..\2_LP\LOW_Fr_MASTER_result\regen\a5adbe2bf855\cy10,superseded,,,0,0,,,deck
56e6f3d94fb7b4e3,..\2_LP\LOW_Fr_MASTER_result\regen\a5adbe2bf855\cy11,superseded,,,0,0,,,deck
56e6f3d94fb7b4e3,..\2_LP\LOW_Fr_MASTER_result\regen\a5adbe2bf855\cy12,regen:cy12/12,1.6147,1.4798,25,1,,621.42,deck
,..\2_LP\LOW_Fr_MASTER_result\regen\a5c39ae97c16\cy01,superseded,,,0,0,,,
46b596e6345f1b97,..\2_LP\LOW_Fr_MASTER_result\regen\a5c39ae97c16\cy02,superseded,,,0,0,,,deck
46b596e6345f1b97,..\2_LP\LOW_Fr_MASTER_result\regen\a5c39ae97c16\cy03,superseded,,,0,0,,,deck
46b596e6345f1b97,..\2_LP\LOW_Fr_MASTER_result\regen\a5c39ae97c16\cy04,superseded,,,0,0,,,deck
46b596e6345f1b97,..\2_LP\LOW_Fr_MASTER_result\regen\a5c39ae97c16\cy05,superseded,,,0,0,,,deck
46b596e6345f1b97,..\2_LP\LOW_Fr_MASTER_result\regen\a5c39ae97c16\cy06,superseded,,,0,0,,,deck
46b596e6345f1b97,..\2_LP\LOW_Fr_MASTER_result\regen\a5c39ae97c16\cy07,superseded,,,0,0,,,deck
46b596e6345f1b97,..\2_LP\LOW_Fr_MASTER_result\regen\a5c39ae97c16\cy08,superseded,,,0,0,,,deck
46b596e6345f1b97,..\2_LP\LOW_Fr_MASTER_result\regen\a5c39ae97c16\cy09,superseded,,,0,0,,,deck
46b596e6345f1b97,..\2_LP\LOW_Fr_MASTER_result\regen\a5c39ae97c16\cy10,superseded,,,0,0,,,deck
46b596e6345f1b97,..\2_LP\LOW_Fr_MASTER_result\regen\a5c39ae97c16\cy11,superseded,,,0,0,,,deck
46b596e6345f1b97,..\2_LP\LOW_Fr_MASTER_result\regen\a5c39ae97c16\cy12,regen:cy12/12,1.7639,1.5347,25,1,,619.7,deck
,..\2_LP\LOW_Fr_MASTER_result\regen\a61bb7c90991\cy01,superseded,,,0,0,,,
fc4db146c9ab24e7,..\2_LP\LOW_Fr_MASTER_result\regen\a61bb7c90991\cy02,superseded,,,0,0,,,deck
fc4db146c9ab24e7,..\2_LP\LOW_Fr_MASTER_result\regen\a61bb7c90991\cy03,superseded,,,0,0,,,deck
fc4db146c9ab24e7,..\2_LP\LOW_Fr_MASTER_result\regen\a61bb7c90991\cy04,superseded,,,0,0,,,deck
fc4db146c9ab24e7,..\2_LP\LOW_Fr_MASTER_result\regen\a61bb7c90991\cy05,superseded,,,0,0,,,deck
fc4db146c9ab24e7,..\2_LP\LOW_Fr_MASTER_result\regen\a61bb7c90991\cy06,superseded,,,0,0,,,deck
fc4db146c9ab24e7,..\2_LP\LOW_Fr_MASTER_result\regen\a61bb7c90991\cy07,superseded,,,0,0,,,deck
fc4db146c9ab24e7,..\2_LP\LOW_Fr_MASTER_result\regen\a61bb7c90991\cy08,superseded,,,0,0,,,deck
fc4db146c9ab24e7,..\2_LP\LOW_Fr_MASTER_result\regen\a61bb7c90991\cy09,superseded,,,0,0,,,deck
fc4db146c9ab24e7,..\2_LP\LOW_Fr_MASTER_result\regen\a61bb7c90991\cy10,regen:cy10/10,1.6682,1.5275,25,1,,621.081,deck
,..\2_LP\LOW_Fr_MASTER_result\regen\a64b334dcc33\cy01,superseded,,,0,0,,,
be9bd56f9d2a3b1a,..\2_LP\LOW_Fr_MASTER_result\regen\a64b334dcc33\cy02,superseded,,,0,0,,,deck
be9bd56f9d2a3b1a,..\2_LP\LOW_Fr_MASTER_result\regen\a64b334dcc33\cy03,superseded,,,0,0,,,deck
be9bd56f9d2a3b1a,..\2_LP\LOW_Fr_MASTER_result\regen\a64b334dcc33\cy04,superseded,,,0,0,,,deck
be9bd56f9d2a3b1a,..\2_LP\LOW_Fr_MASTER_result\regen\a64b334dcc33\cy05,superseded,,,0,0,,,deck
be9bd56f9d2a3b1a,..\2_LP\LOW_Fr_MASTER_result\regen\a64b334dcc33\cy06,superseded,,,0,0,,,deck
be9bd56f9d2a3b1a,..\2_LP\LOW_Fr_MASTER_result\regen\a64b334dcc33\cy07,superseded,,,0,0,,,deck
be9bd56f9d2a3b1a,..\2_LP\LOW_Fr_MASTER_result\regen\a64b334dcc33\cy08,superseded,,,0,0,,,deck
be9bd56f9d2a3b1a,..\2_LP\LOW_Fr_MASTER_result\regen\a64b334dcc33\cy09,superseded,,,0,0,,,deck
be9bd56f9d2a3b1a,..\2_LP\LOW_Fr_MASTER_result\regen\a64b334dcc33\cy10,superseded,,,0,0,,,deck
be9bd56f9d2a3b1a,..\2_LP\LOW_Fr_MASTER_result\regen\a64b334dcc33\cy11,superseded,,,0,0,,,deck
be9bd56f9d2a3b1a,..\2_LP\LOW_Fr_MASTER_result\regen\a64b334dcc33\cy12,regen:cy12/12,1.6581,1.5286,25,1,,622.043,deck
,..\2_LP\LOW_Fr_MASTER_result\regen\a67bc2152e61\cy01,superseded,,,0,0,,,
680d0e645d4c0691,..\2_LP\LOW_Fr_MASTER_result\regen\a67bc2152e61\cy02,superseded,,,0,0,,,deck
680d0e645d4c0691,..\2_LP\LOW_Fr_MASTER_result\regen\a67bc2152e61\cy03,superseded,,,0,0,,,deck
680d0e645d4c0691,..\2_LP\LOW_Fr_MASTER_result\regen\a67bc2152e61\cy04,superseded,,,0,0,,,deck
680d0e645d4c0691,..\2_LP\LOW_Fr_MASTER_result\regen\a67bc2152e61\cy05,superseded,,,0,0,,,deck
680d0e645d4c0691,..\2_LP\LOW_Fr_MASTER_result\regen\a67bc2152e61\cy06,superseded,,,0,0,,,deck
680d0e645d4c0691,..\2_LP\LOW_Fr_MASTER_result\regen\a67bc2152e61\cy07,superseded,,,0,0,,,deck
680d0e645d4c0691,..\2_LP\LOW_Fr_MASTER_result\regen\a67bc2152e61\cy08,superseded,,,0,0,,,deck
680d0e645d4c0691,..\2_LP\LOW_Fr_MASTER_result\regen\a67bc2152e61\cy09,superseded,,,0,0,,,deck
680d0e645d4c0691,..\2_LP\LOW_Fr_MASTER_result\regen\a67bc2152e61\cy10,superseded,,,0,0,,,deck
680d0e645d4c0691,..\2_LP\LOW_Fr_MASTER_result\regen\a67bc2152e61\cy11,superseded,,,0,0,,,deck
680d0e645d4c0691,..\2_LP\LOW_Fr_MASTER_result\regen\a67bc2152e61\cy12,regen:cy12/12,1.5917,1.4215,25,1,,616.357,deck
,..\2_LP\LOW_Fr_MASTER_result\regen\a6899bff9ccf\cy01,superseded,,,0,0,,,
53b8ea8f2c48fc8b,..\2_LP\LOW_Fr_MASTER_result\regen\a6899bff9ccf\cy02,superseded,,,0,0,,,deck
53b8ea8f2c48fc8b,..\2_LP\LOW_Fr_MASTER_result\regen\a6899bff9ccf\cy03,superseded,,,0,0,,,deck
53b8ea8f2c48fc8b,..\2_LP\LOW_Fr_MASTER_result\regen\a6899bff9ccf\cy04,superseded,,,0,0,,,deck
53b8ea8f2c48fc8b,..\2_LP\LOW_Fr_MASTER_result\regen\a6899bff9ccf\cy05,superseded,,,0,0,,,deck
53b8ea8f2c48fc8b,..\2_LP\LOW_Fr_MASTER_result\regen\a6899bff9ccf\cy06,superseded,,,0,0,,,deck
53b8ea8f2c48fc8b,..\2_LP\LOW_Fr_MASTER_result\regen\a6899bff9ccf\cy07,superseded,,,0,0,,,deck
53b8ea8f2c48fc8b,..\2_LP\LOW_Fr_MASTER_result\regen\a6899bff9ccf\cy08,superseded,,,0,0,,,deck
53b8ea8f2c48fc8b,..\2_LP\LOW_Fr_MASTER_result\regen\a6899bff9ccf\cy09,superseded,,,0,0,,,deck
53b8ea8f2c48fc8b,..\2_LP\LOW_Fr_MASTER_result\regen\a6899bff9ccf\cy10,superseded,,,0,0,,,deck
53b8ea8f2c48fc8b,..\2_LP\LOW_Fr_MASTER_result\regen\a6899bff9ccf\cy11,superseded,,,0,0,,,deck
53b8ea8f2c48fc8b,..\2_LP\LOW_Fr_MASTER_result\regen\a6899bff9ccf\cy12,regen:cy12/12,1.6914,1.5358,25,1,,613.847,deck
,..\2_LP\LOW_Fr_MASTER_result\regen\a6eaced4d730\cy01,superseded,,,0,0,,,
e6da07126d231004,..\2_LP\LOW_Fr_MASTER_result\regen\a6eaced4d730\cy02,superseded,,,0,0,,,deck
e6da07126d231004,..\2_LP\LOW_Fr_MASTER_result\regen\a6eaced4d730\cy03,superseded,,,0,0,,,deck
e6da07126d231004,..\2_LP\LOW_Fr_MASTER_result\regen\a6eaced4d730\cy04,superseded,,,0,0,,,deck
e6da07126d231004,..\2_LP\LOW_Fr_MASTER_result\regen\a6eaced4d730\cy05,superseded,,,0,0,,,deck
e6da07126d231004,..\2_LP\LOW_Fr_MASTER_result\regen\a6eaced4d730\cy06,superseded,,,0,0,,,deck
e6da07126d231004,..\2_LP\LOW_Fr_MASTER_result\regen\a6eaced4d730\cy07,superseded,,,0,0,,,deck
e6da07126d231004,..\2_LP\LOW_Fr_MASTER_result\regen\a6eaced4d730\cy08,superseded,,,0,0,,,deck
e6da07126d231004,..\2_LP\LOW_Fr_MASTER_result\regen\a6eaced4d730\cy09,superseded,,,0,0,,,deck
e6da07126d231004,..\2_LP\LOW_Fr_MASTER_result\regen\a6eaced4d730\cy10,superseded,,,0,0,,,deck
e6da07126d231004,..\2_LP\LOW_Fr_MASTER_result\regen\a6eaced4d730\cy11,regen:cy11/11,2.1993,1.934,25,1,,605.506,deck
,..\2_LP\LOW_Fr_MASTER_result\regen\a7220c1e8b1a\cy01,superseded,,,0,0,,,
8612cf27147c8e98,..\2_LP\LOW_Fr_MASTER_result\regen\a7220c1e8b1a\cy02,superseded,,,0,0,,,deck
8612cf27147c8e98,..\2_LP\LOW_Fr_MASTER_result\regen\a7220c1e8b1a\cy03,superseded,,,0,0,,,deck
8612cf27147c8e98,..\2_LP\LOW_Fr_MASTER_result\regen\a7220c1e8b1a\cy04,superseded,,,0,0,,,deck
8612cf27147c8e98,..\2_LP\LOW_Fr_MASTER_result\regen\a7220c1e8b1a\cy05,superseded,,,0,0,,,deck
8612cf27147c8e98,..\2_LP\LOW_Fr_MASTER_result\regen\a7220c1e8b1a\cy06,superseded,,,0,0,,,deck
8612cf27147c8e98,..\2_LP\LOW_Fr_MASTER_result\regen\a7220c1e8b1a\cy07,superseded,,,0,0,,,deck
8612cf27147c8e98,..\2_LP\LOW_Fr_MASTER_result\regen\a7220c1e8b1a\cy08,superseded,,,0,0,,,deck
8612cf27147c8e98,..\2_LP\LOW_Fr_MASTER_result\regen\a7220c1e8b1a\cy09,superseded,,,0,0,,,deck
8612cf27147c8e98,..\2_LP\LOW_Fr_MASTER_result\regen\a7220c1e8b1a\cy10,superseded,,,0,0,,,deck
8612cf27147c8e98,..\2_LP\LOW_Fr_MASTER_result\regen\a7220c1e8b1a\cy11,superseded,,,0,0,,,deck
8612cf27147c8e98,..\2_LP\LOW_Fr_MASTER_result\regen\a7220c1e8b1a\cy12,regen:cy12/12,1.6483,1.5356,25,1,,621.015,deck
,..\2_LP\LOW_Fr_MASTER_result\regen\a78d1e3b49e3\cy01,superseded,,,0,0,,,
074281b7e444b6ad,..\2_LP\LOW_Fr_MASTER_result\regen\a78d1e3b49e3\cy02,superseded,,,0,0,,,deck
074281b7e444b6ad,..\2_LP\LOW_Fr_MASTER_result\regen\a78d1e3b49e3\cy03,superseded,,,0,0,,,deck
074281b7e444b6ad,..\2_LP\LOW_Fr_MASTER_result\regen\a78d1e3b49e3\cy04,superseded,,,0,0,,,deck
074281b7e444b6ad,..\2_LP\LOW_Fr_MASTER_result\regen\a78d1e3b49e3\cy05,superseded,,,0,0,,,deck
074281b7e444b6ad,..\2_LP\LOW_Fr_MASTER_result\regen\a78d1e3b49e3\cy06,superseded,,,0,0,,,deck
074281b7e444b6ad,..\2_LP\LOW_Fr_MASTER_result\regen\a78d1e3b49e3\cy07,superseded,,,0,0,,,deck
074281b7e444b6ad,..\2_LP\LOW_Fr_MASTER_result\regen\a78d1e3b49e3\cy08,superseded,,,0,0,,,deck
074281b7e444b6ad,..\2_LP\LOW_Fr_MASTER_result\regen\a78d1e3b49e3\cy09,superseded,,,0,0,,,deck
074281b7e444b6ad,..\2_LP\LOW_Fr_MASTER_result\regen\a78d1e3b49e3\cy10,superseded,,,0,0,,,deck
074281b7e444b6ad,..\2_LP\LOW_Fr_MASTER_result\regen\a78d1e3b49e3\cy11,superseded,,,0,0,,,deck
074281b7e444b6ad,..\2_LP\LOW_Fr_MASTER_result\regen\a78d1e3b49e3\cy12,regen:cy12/12,1.6402,1.4417,25,1,,621.158,deck
,..\2_LP\LOW_Fr_MASTER_result\regen\a7de1c6e1aba\cy01,superseded,,,0,0,,,
a9e6a86143e5a700,..\2_LP\LOW_Fr_MASTER_result\regen\a7de1c6e1aba\cy02,superseded,,,0,0,,,deck
a9e6a86143e5a700,..\2_LP\LOW_Fr_MASTER_result\regen\a7de1c6e1aba\cy03,superseded,,,0,0,,,deck
a9e6a86143e5a700,..\2_LP\LOW_Fr_MASTER_result\regen\a7de1c6e1aba\cy04,superseded,,,0,0,,,deck
a9e6a86143e5a700,..\2_LP\LOW_Fr_MASTER_result\regen\a7de1c6e1aba\cy05,superseded,,,0,0,,,deck
a9e6a86143e5a700,..\2_LP\LOW_Fr_MASTER_result\regen\a7de1c6e1aba\cy06,superseded,,,0,0,,,deck
a9e6a86143e5a700,..\2_LP\LOW_Fr_MASTER_result\regen\a7de1c6e1aba\cy07,superseded,,,0,0,,,deck
a9e6a86143e5a700,..\2_LP\LOW_Fr_MASTER_result\regen\a7de1c6e1aba\cy08,superseded,,,0,0,,,deck
a9e6a86143e5a700,..\2_LP\LOW_Fr_MASTER_result\regen\a7de1c6e1aba\cy09,superseded,,,0,0,,,deck
a9e6a86143e5a700,..\2_LP\LOW_Fr_MASTER_result\regen\a7de1c6e1aba\cy10,superseded,,,0,0,,,deck
a9e6a86143e5a700,..\2_LP\LOW_Fr_MASTER_result\regen\a7de1c6e1aba\cy11,superseded,,,0,0,,,deck
a9e6a86143e5a700,..\2_LP\LOW_Fr_MASTER_result\regen\a7de1c6e1aba\cy12,regen:cy12/12,1.6728,1.5192,25,1,,614.891,deck
,..\2_LP\LOW_Fr_MASTER_result\regen\a8507f999577\cy01,superseded,,,0,0,,,
9ec7157873c23fbd,..\2_LP\LOW_Fr_MASTER_result\regen\a8507f999577\cy02,superseded,,,0,0,,,deck
9ec7157873c23fbd,..\2_LP\LOW_Fr_MASTER_result\regen\a8507f999577\cy03,superseded,,,0,0,,,deck
9ec7157873c23fbd,..\2_LP\LOW_Fr_MASTER_result\regen\a8507f999577\cy04,superseded,,,0,0,,,deck
9ec7157873c23fbd,..\2_LP\LOW_Fr_MASTER_result\regen\a8507f999577\cy05,superseded,,,0,0,,,deck
9ec7157873c23fbd,..\2_LP\LOW_Fr_MASTER_result\regen\a8507f999577\cy06,superseded,,,0,0,,,deck
9ec7157873c23fbd,..\2_LP\LOW_Fr_MASTER_result\regen\a8507f999577\cy07,superseded,,,0,0,,,deck
9ec7157873c23fbd,..\2_LP\LOW_Fr_MASTER_result\regen\a8507f999577\cy08,superseded,,,0,0,,,deck
9ec7157873c23fbd,..\2_LP\LOW_Fr_MASTER_result\regen\a8507f999577\cy09,superseded,,,0,0,,,deck
9ec7157873c23fbd,..\2_LP\LOW_Fr_MASTER_result\regen\a8507f999577\cy10,superseded,,,0,0,,,deck
9ec7157873c23fbd,..\2_LP\LOW_Fr_MASTER_result\regen\a8507f999577\cy11,superseded,,,0,0,,,deck
9ec7157873c23fbd,..\2_LP\LOW_Fr_MASTER_result\regen\a8507f999577\cy12,regen:cy12/12,1.682,1.5526,25,1,,627.401,deck
,..\2_LP\LOW_Fr_MASTER_result\regen\a882eebb8183\cy01,superseded,,,0,0,,,
7cdc28d4ccded043,..\2_LP\LOW_Fr_MASTER_result\regen\a882eebb8183\cy02,superseded,,,0,0,,,deck
7cdc28d4ccded043,..\2_LP\LOW_Fr_MASTER_result\regen\a882eebb8183\cy03,superseded,,,0,0,,,deck
7cdc28d4ccded043,..\2_LP\LOW_Fr_MASTER_result\regen\a882eebb8183\cy04,superseded,,,0,0,,,deck
7cdc28d4ccded043,..\2_LP\LOW_Fr_MASTER_result\regen\a882eebb8183\cy05,superseded,,,0,0,,,deck
7cdc28d4ccded043,..\2_LP\LOW_Fr_MASTER_result\regen\a882eebb8183\cy06,superseded,,,0,0,,,deck
7cdc28d4ccded043,..\2_LP\LOW_Fr_MASTER_result\regen\a882eebb8183\cy07,superseded,,,0,0,,,deck
7cdc28d4ccded043,..\2_LP\LOW_Fr_MASTER_result\regen\a882eebb8183\cy08,superseded,,,0,0,,,deck
7cdc28d4ccded043,..\2_LP\LOW_Fr_MASTER_result\regen\a882eebb8183\cy09,superseded,,,0,0,,,deck
7cdc28d4ccded043,..\2_LP\LOW_Fr_MASTER_result\regen\a882eebb8183\cy10,superseded,,,0,0,,,deck
7cdc28d4ccded043,..\2_LP\LOW_Fr_MASTER_result\regen\a882eebb8183\cy11,regen:cy11/11,1.7596,1.5576,25,1,,624.622,deck
,..\2_LP\LOW_Fr_MASTER_result\regen\a91d15891ff0\cy01,superseded,,,0,0,,,
ab3dcb2f265eb83b,..\2_LP\LOW_Fr_MASTER_result\regen\a91d15891ff0\cy02,superseded,,,0,0,,,deck
ab3dcb2f265eb83b,..\2_LP\LOW_Fr_MASTER_result\regen\a91d15891ff0\cy03,superseded,,,0,0,,,deck
ab3dcb2f265eb83b,..\2_LP\LOW_Fr_MASTER_result\regen\a91d15891ff0\cy04,superseded,,,0,0,,,deck
ab3dcb2f265eb83b,..\2_LP\LOW_Fr_MASTER_result\regen\a91d15891ff0\cy05,superseded,,,0,0,,,deck
ab3dcb2f265eb83b,..\2_LP\LOW_Fr_MASTER_result\regen\a91d15891ff0\cy06,superseded,,,0,0,,,deck
ab3dcb2f265eb83b,..\2_LP\LOW_Fr_MASTER_result\regen\a91d15891ff0\cy07,superseded,,,0,0,,,deck
ab3dcb2f265eb83b,..\2_LP\LOW_Fr_MASTER_result\regen\a91d15891ff0\cy08,superseded,,,0,0,,,deck
ab3dcb2f265eb83b,..\2_LP\LOW_Fr_MASTER_result\regen\a91d15891ff0\cy09,superseded,,,0,0,,,deck
ab3dcb2f265eb83b,..\2_LP\LOW_Fr_MASTER_result\regen\a91d15891ff0\cy10,regen:cy10/10,1.5992,1.4536,25,1,,623.346,deck
,..\2_LP\LOW_Fr_MASTER_result\regen\a92fb7bba22d\cy01,superseded,,,0,0,,,
cd1767aee7c9792e,..\2_LP\LOW_Fr_MASTER_result\regen\a92fb7bba22d\cy02,superseded,,,0,0,,,deck
cd1767aee7c9792e,..\2_LP\LOW_Fr_MASTER_result\regen\a92fb7bba22d\cy03,superseded,,,0,0,,,deck
cd1767aee7c9792e,..\2_LP\LOW_Fr_MASTER_result\regen\a92fb7bba22d\cy04,superseded,,,0,0,,,deck
cd1767aee7c9792e,..\2_LP\LOW_Fr_MASTER_result\regen\a92fb7bba22d\cy05,superseded,,,0,0,,,deck
cd1767aee7c9792e,..\2_LP\LOW_Fr_MASTER_result\regen\a92fb7bba22d\cy06,superseded,,,0,0,,,deck
cd1767aee7c9792e,..\2_LP\LOW_Fr_MASTER_result\regen\a92fb7bba22d\cy07,superseded,,,0,0,,,deck
cd1767aee7c9792e,..\2_LP\LOW_Fr_MASTER_result\regen\a92fb7bba22d\cy08,superseded,,,0,0,,,deck
cd1767aee7c9792e,..\2_LP\LOW_Fr_MASTER_result\regen\a92fb7bba22d\cy09,superseded,,,0,0,,,deck
cd1767aee7c9792e,..\2_LP\LOW_Fr_MASTER_result\regen\a92fb7bba22d\cy10,superseded,,,0,0,,,deck
cd1767aee7c9792e,..\2_LP\LOW_Fr_MASTER_result\regen\a92fb7bba22d\cy11,superseded,,,0,0,,,deck
cd1767aee7c9792e,..\2_LP\LOW_Fr_MASTER_result\regen\a92fb7bba22d\cy12,regen:cy12/12,1.6992,1.4981,25,1,,615.412,deck
,..\2_LP\LOW_Fr_MASTER_result\regen\a9c8fb1b472a\cy01,superseded,,,0,0,,,
1654ac47a38e66bc,..\2_LP\LOW_Fr_MASTER_result\regen\a9c8fb1b472a\cy02,superseded,,,0,0,,,deck
1654ac47a38e66bc,..\2_LP\LOW_Fr_MASTER_result\regen\a9c8fb1b472a\cy03,superseded,,,0,0,,,deck
1654ac47a38e66bc,..\2_LP\LOW_Fr_MASTER_result\regen\a9c8fb1b472a\cy04,superseded,,,0,0,,,deck
1654ac47a38e66bc,..\2_LP\LOW_Fr_MASTER_result\regen\a9c8fb1b472a\cy05,superseded,,,0,0,,,deck
1654ac47a38e66bc,..\2_LP\LOW_Fr_MASTER_result\regen\a9c8fb1b472a\cy06,superseded,,,0,0,,,deck
1654ac47a38e66bc,..\2_LP\LOW_Fr_MASTER_result\regen\a9c8fb1b472a\cy07,superseded,,,0,0,,,deck
1654ac47a38e66bc,..\2_LP\LOW_Fr_MASTER_result\regen\a9c8fb1b472a\cy08,superseded,,,0,0,,,deck
1654ac47a38e66bc,..\2_LP\LOW_Fr_MASTER_result\regen\a9c8fb1b472a\cy09,superseded,,,0,0,,,deck
1654ac47a38e66bc,..\2_LP\LOW_Fr_MASTER_result\regen\a9c8fb1b472a\cy10,superseded,,,0,0,,,deck
1654ac47a38e66bc,..\2_LP\LOW_Fr_MASTER_result\regen\a9c8fb1b472a\cy11,superseded,,,0,0,,,deck
1654ac47a38e66bc,..\2_LP\LOW_Fr_MASTER_result\regen\a9c8fb1b472a\cy12,regen:cy12/12,1.6846,1.5296,25,1,,619.297,deck
,..\2_LP\LOW_Fr_MASTER_result\regen\aa1567254c87\cy01,superseded,,,0,0,,,
d808485540f84e9c,..\2_LP\LOW_Fr_MASTER_result\regen\aa1567254c87\cy02,superseded,,,0,0,,,deck
d808485540f84e9c,..\2_LP\LOW_Fr_MASTER_result\regen\aa1567254c87\cy03,superseded,,,0,0,,,deck
d808485540f84e9c,..\2_LP\LOW_Fr_MASTER_result\regen\aa1567254c87\cy04,superseded,,,0,0,,,deck
d808485540f84e9c,..\2_LP\LOW_Fr_MASTER_result\regen\aa1567254c87\cy05,superseded,,,0,0,,,deck
d808485540f84e9c,..\2_LP\LOW_Fr_MASTER_result\regen\aa1567254c87\cy06,superseded,,,0,0,,,deck
d808485540f84e9c,..\2_LP\LOW_Fr_MASTER_result\regen\aa1567254c87\cy07,superseded,,,0,0,,,deck
d808485540f84e9c,..\2_LP\LOW_Fr_MASTER_result\regen\aa1567254c87\cy08,superseded,,,0,0,,,deck
d808485540f84e9c,..\2_LP\LOW_Fr_MASTER_result\regen\aa1567254c87\cy09,superseded,,,0,0,,,deck
d808485540f84e9c,..\2_LP\LOW_Fr_MASTER_result\regen\aa1567254c87\cy10,superseded,,,0,0,,,deck
d808485540f84e9c,..\2_LP\LOW_Fr_MASTER_result\regen\aa1567254c87\cy11,superseded,,,0,0,,,deck
d808485540f84e9c,..\2_LP\LOW_Fr_MASTER_result\regen\aa1567254c87\cy12,regen:cy12/12,1.7056,1.538,25,1,,620.748,deck
,..\2_LP\LOW_Fr_MASTER_result\regen\aa2ddc7cd5e4\cy01,superseded,,,0,0,,,
b7e30aedef60c0bc,..\2_LP\LOW_Fr_MASTER_result\regen\aa2ddc7cd5e4\cy02,superseded,,,0,0,,,deck
b7e30aedef60c0bc,..\2_LP\LOW_Fr_MASTER_result\regen\aa2ddc7cd5e4\cy03,superseded,,,0,0,,,deck
b7e30aedef60c0bc,..\2_LP\LOW_Fr_MASTER_result\regen\aa2ddc7cd5e4\cy04,superseded,,,0,0,,,deck
b7e30aedef60c0bc,..\2_LP\LOW_Fr_MASTER_result\regen\aa2ddc7cd5e4\cy05,superseded,,,0,0,,,deck
b7e30aedef60c0bc,..\2_LP\LOW_Fr_MASTER_result\regen\aa2ddc7cd5e4\cy06,superseded,,,0,0,,,deck
b7e30aedef60c0bc,..\2_LP\LOW_Fr_MASTER_result\regen\aa2ddc7cd5e4\cy07,superseded,,,0,0,,,deck
b7e30aedef60c0bc,..\2_LP\LOW_Fr_MASTER_result\regen\aa2ddc7cd5e4\cy08,superseded,,,0,0,,,deck
b7e30aedef60c0bc,..\2_LP\LOW_Fr_MASTER_result\regen\aa2ddc7cd5e4\cy09,superseded,,,0,0,,,deck
b7e30aedef60c0bc,..\2_LP\LOW_Fr_MASTER_result\regen\aa2ddc7cd5e4\cy10,superseded,,,0,0,,,deck
b7e30aedef60c0bc,..\2_LP\LOW_Fr_MASTER_result\regen\aa2ddc7cd5e4\cy11,superseded,,,0,0,,,deck
b7e30aedef60c0bc,..\2_LP\LOW_Fr_MASTER_result\regen\aa2ddc7cd5e4\cy12,regen:cy12/12,1.6885,1.5058,25,1,,617.835,deck
,..\2_LP\LOW_Fr_MASTER_result\regen\ab31af5b68b9\cy01,superseded,,,0,0,,,
bc174fa8a1d3925f,..\2_LP\LOW_Fr_MASTER_result\regen\ab31af5b68b9\cy02,superseded,,,0,0,,,deck
bc174fa8a1d3925f,..\2_LP\LOW_Fr_MASTER_result\regen\ab31af5b68b9\cy03,superseded,,,0,0,,,deck
bc174fa8a1d3925f,..\2_LP\LOW_Fr_MASTER_result\regen\ab31af5b68b9\cy04,superseded,,,0,0,,,deck
bc174fa8a1d3925f,..\2_LP\LOW_Fr_MASTER_result\regen\ab31af5b68b9\cy05,superseded,,,0,0,,,deck
bc174fa8a1d3925f,..\2_LP\LOW_Fr_MASTER_result\regen\ab31af5b68b9\cy06,superseded,,,0,0,,,deck
bc174fa8a1d3925f,..\2_LP\LOW_Fr_MASTER_result\regen\ab31af5b68b9\cy07,superseded,,,0,0,,,deck
bc174fa8a1d3925f,..\2_LP\LOW_Fr_MASTER_result\regen\ab31af5b68b9\cy08,superseded,,,0,0,,,deck
bc174fa8a1d3925f,..\2_LP\LOW_Fr_MASTER_result\regen\ab31af5b68b9\cy09,superseded,,,0,0,,,deck
bc174fa8a1d3925f,..\2_LP\LOW_Fr_MASTER_result\regen\ab31af5b68b9\cy10,superseded,,,0,0,,,deck
bc174fa8a1d3925f,..\2_LP\LOW_Fr_MASTER_result\regen\ab31af5b68b9\cy11,superseded,,,0,0,,,deck
bc174fa8a1d3925f,..\2_LP\LOW_Fr_MASTER_result\regen\ab31af5b68b9\cy12,regen:cy12/12,1.6045,1.4276,25,1,,617.082,deck
,..\2_LP\LOW_Fr_MASTER_result\regen\acebc6877746\cy01,superseded,,,0,0,,,
4ce02805b689e9f5,..\2_LP\LOW_Fr_MASTER_result\regen\acebc6877746\cy02,superseded,,,0,0,,,deck
4ce02805b689e9f5,..\2_LP\LOW_Fr_MASTER_result\regen\acebc6877746\cy03,superseded,,,0,0,,,deck
4ce02805b689e9f5,..\2_LP\LOW_Fr_MASTER_result\regen\acebc6877746\cy04,superseded,,,0,0,,,deck
4ce02805b689e9f5,..\2_LP\LOW_Fr_MASTER_result\regen\acebc6877746\cy05,superseded,,,0,0,,,deck
4ce02805b689e9f5,..\2_LP\LOW_Fr_MASTER_result\regen\acebc6877746\cy06,superseded,,,0,0,,,deck
4ce02805b689e9f5,..\2_LP\LOW_Fr_MASTER_result\regen\acebc6877746\cy07,superseded,,,0,0,,,deck
4ce02805b689e9f5,..\2_LP\LOW_Fr_MASTER_result\regen\acebc6877746\cy08,superseded,,,0,0,,,deck
4ce02805b689e9f5,..\2_LP\LOW_Fr_MASTER_result\regen\acebc6877746\cy09,superseded,,,0,0,,,deck
4ce02805b689e9f5,..\2_LP\LOW_Fr_MASTER_result\regen\acebc6877746\cy10,superseded,,,0,0,,,deck
4ce02805b689e9f5,..\2_LP\LOW_Fr_MASTER_result\regen\acebc6877746\cy11,regen:cy11/11,1.6567,1.5089,25,1,,616.846,deck
,..\2_LP\LOW_Fr_MASTER_result\regen\acfb54cc1fcb\cy01,superseded,,,0,0,,,
99c7c7d86755729c,..\2_LP\LOW_Fr_MASTER_result\regen\acfb54cc1fcb\cy02,superseded,,,0,0,,,deck
99c7c7d86755729c,..\2_LP\LOW_Fr_MASTER_result\regen\acfb54cc1fcb\cy03,superseded,,,0,0,,,deck
99c7c7d86755729c,..\2_LP\LOW_Fr_MASTER_result\regen\acfb54cc1fcb\cy04,superseded,,,0,0,,,deck
99c7c7d86755729c,..\2_LP\LOW_Fr_MASTER_result\regen\acfb54cc1fcb\cy05,superseded,,,0,0,,,deck
99c7c7d86755729c,..\2_LP\LOW_Fr_MASTER_result\regen\acfb54cc1fcb\cy06,superseded,,,0,0,,,deck
99c7c7d86755729c,..\2_LP\LOW_Fr_MASTER_result\regen\acfb54cc1fcb\cy07,superseded,,,0,0,,,deck
99c7c7d86755729c,..\2_LP\LOW_Fr_MASTER_result\regen\acfb54cc1fcb\cy08,superseded,,,0,0,,,deck
99c7c7d86755729c,..\2_LP\LOW_Fr_MASTER_result\regen\acfb54cc1fcb\cy09,superseded,,,0,0,,,deck
99c7c7d86755729c,..\2_LP\LOW_Fr_MASTER_result\regen\acfb54cc1fcb\cy10,superseded,,,0,0,,,deck
99c7c7d86755729c,..\2_LP\LOW_Fr_MASTER_result\regen\acfb54cc1fcb\cy11,superseded,,,0,0,,,deck
99c7c7d86755729c,..\2_LP\LOW_Fr_MASTER_result\regen\acfb54cc1fcb\cy12,regen:cy12/12,1.6381,1.5116,25,1,,616.765,deck
,..\2_LP\LOW_Fr_MASTER_result\regen\adac48bb3202\cy01,superseded,,,0,0,,,
0854f4431f262813,..\2_LP\LOW_Fr_MASTER_result\regen\adac48bb3202\cy02,superseded,,,0,0,,,deck
0854f4431f262813,..\2_LP\LOW_Fr_MASTER_result\regen\adac48bb3202\cy03,superseded,,,0,0,,,deck
0854f4431f262813,..\2_LP\LOW_Fr_MASTER_result\regen\adac48bb3202\cy04,superseded,,,0,0,,,deck
0854f4431f262813,..\2_LP\LOW_Fr_MASTER_result\regen\adac48bb3202\cy05,superseded,,,0,0,,,deck
0854f4431f262813,..\2_LP\LOW_Fr_MASTER_result\regen\adac48bb3202\cy06,superseded,,,0,0,,,deck
0854f4431f262813,..\2_LP\LOW_Fr_MASTER_result\regen\adac48bb3202\cy07,superseded,,,0,0,,,deck
0854f4431f262813,..\2_LP\LOW_Fr_MASTER_result\regen\adac48bb3202\cy08,superseded,,,0,0,,,deck
0854f4431f262813,..\2_LP\LOW_Fr_MASTER_result\regen\adac48bb3202\cy09,superseded,,,0,0,,,deck
0854f4431f262813,..\2_LP\LOW_Fr_MASTER_result\regen\adac48bb3202\cy10,superseded,,,0,0,,,deck
0854f4431f262813,..\2_LP\LOW_Fr_MASTER_result\regen\adac48bb3202\cy11,superseded,,,0,0,,,deck
0854f4431f262813,..\2_LP\LOW_Fr_MASTER_result\regen\adac48bb3202\cy12,regen:cy12/12,1.7086,1.5512,25,1,,614.591,deck
,..\2_LP\LOW_Fr_MASTER_result\regen\ae877945b38e\cy01,superseded,,,0,0,,,
049671b62285d90a,..\2_LP\LOW_Fr_MASTER_result\regen\ae877945b38e\cy02,superseded,,,0,0,,,deck
049671b62285d90a,..\2_LP\LOW_Fr_MASTER_result\regen\ae877945b38e\cy03,superseded,,,0,0,,,deck
049671b62285d90a,..\2_LP\LOW_Fr_MASTER_result\regen\ae877945b38e\cy04,superseded,,,0,0,,,deck
049671b62285d90a,..\2_LP\LOW_Fr_MASTER_result\regen\ae877945b38e\cy05,superseded,,,0,0,,,deck
049671b62285d90a,..\2_LP\LOW_Fr_MASTER_result\regen\ae877945b38e\cy06,superseded,,,0,0,,,deck
049671b62285d90a,..\2_LP\LOW_Fr_MASTER_result\regen\ae877945b38e\cy07,superseded,,,0,0,,,deck
049671b62285d90a,..\2_LP\LOW_Fr_MASTER_result\regen\ae877945b38e\cy08,superseded,,,0,0,,,deck
049671b62285d90a,..\2_LP\LOW_Fr_MASTER_result\regen\ae877945b38e\cy09,superseded,,,0,0,,,deck
049671b62285d90a,..\2_LP\LOW_Fr_MASTER_result\regen\ae877945b38e\cy10,superseded,,,0,0,,,deck
049671b62285d90a,..\2_LP\LOW_Fr_MASTER_result\regen\ae877945b38e\cy11,superseded,,,0,0,,,deck
049671b62285d90a,..\2_LP\LOW_Fr_MASTER_result\regen\ae877945b38e\cy12,regen:cy12/12,1.6696,1.5176,25,1,,617.539,deck
,..\2_LP\LOW_Fr_MASTER_result\regen\ae96702443c2\cy01,superseded,,,0,0,,,
77071400e4711a20,..\2_LP\LOW_Fr_MASTER_result\regen\ae96702443c2\cy02,superseded,,,0,0,,,deck
77071400e4711a20,..\2_LP\LOW_Fr_MASTER_result\regen\ae96702443c2\cy03,superseded,,,0,0,,,deck
77071400e4711a20,..\2_LP\LOW_Fr_MASTER_result\regen\ae96702443c2\cy04,superseded,,,0,0,,,deck
77071400e4711a20,..\2_LP\LOW_Fr_MASTER_result\regen\ae96702443c2\cy05,superseded,,,0,0,,,deck
77071400e4711a20,..\2_LP\LOW_Fr_MASTER_result\regen\ae96702443c2\cy06,superseded,,,0,0,,,deck
77071400e4711a20,..\2_LP\LOW_Fr_MASTER_result\regen\ae96702443c2\cy07,superseded,,,0,0,,,deck
77071400e4711a20,..\2_LP\LOW_Fr_MASTER_result\regen\ae96702443c2\cy08,superseded,,,0,0,,,deck
77071400e4711a20,..\2_LP\LOW_Fr_MASTER_result\regen\ae96702443c2\cy09,superseded,,,0,0,,,deck
77071400e4711a20,..\2_LP\LOW_Fr_MASTER_result\regen\ae96702443c2\cy10,superseded,,,0,0,,,deck
77071400e4711a20,..\2_LP\LOW_Fr_MASTER_result\regen\ae96702443c2\cy11,superseded,,,0,0,,,deck
77071400e4711a20,..\2_LP\LOW_Fr_MASTER_result\regen\ae96702443c2\cy12,regen:cy12/12,1.5996,1.4779,25,1,,617.221,deck
,..\2_LP\LOW_Fr_MASTER_result\regen\aeea988a254a\cy01,superseded,,,0,0,,,
e744016099d89b8c,..\2_LP\LOW_Fr_MASTER_result\regen\aeea988a254a\cy02,superseded,,,0,0,,,deck
e744016099d89b8c,..\2_LP\LOW_Fr_MASTER_result\regen\aeea988a254a\cy03,superseded,,,0,0,,,deck
e744016099d89b8c,..\2_LP\LOW_Fr_MASTER_result\regen\aeea988a254a\cy04,superseded,,,0,0,,,deck
e744016099d89b8c,..\2_LP\LOW_Fr_MASTER_result\regen\aeea988a254a\cy05,superseded,,,0,0,,,deck
e744016099d89b8c,..\2_LP\LOW_Fr_MASTER_result\regen\aeea988a254a\cy06,superseded,,,0,0,,,deck
e744016099d89b8c,..\2_LP\LOW_Fr_MASTER_result\regen\aeea988a254a\cy07,superseded,,,0,0,,,deck
e744016099d89b8c,..\2_LP\LOW_Fr_MASTER_result\regen\aeea988a254a\cy08,superseded,,,0,0,,,deck
e744016099d89b8c,..\2_LP\LOW_Fr_MASTER_result\regen\aeea988a254a\cy09,superseded,,,0,0,,,deck
e744016099d89b8c,..\2_LP\LOW_Fr_MASTER_result\regen\aeea988a254a\cy10,superseded,,,0,0,,,deck
e744016099d89b8c,..\2_LP\LOW_Fr_MASTER_result\regen\aeea988a254a\cy11,superseded,,,0,0,,,deck
e744016099d89b8c,..\2_LP\LOW_Fr_MASTER_result\regen\aeea988a254a\cy12,regen:cy12/12,1.5912,1.4476,25,1,,623.59,deck
,..\2_LP\LOW_Fr_MASTER_result\regen\af1cc63b21f6\cy01,superseded,,,0,0,,,
77ae0546a7af0c50,..\2_LP\LOW_Fr_MASTER_result\regen\af1cc63b21f6\cy02,superseded,,,0,0,,,deck
77ae0546a7af0c50,..\2_LP\LOW_Fr_MASTER_result\regen\af1cc63b21f6\cy03,superseded,,,0,0,,,deck
77ae0546a7af0c50,..\2_LP\LOW_Fr_MASTER_result\regen\af1cc63b21f6\cy04,superseded,,,0,0,,,deck
77ae0546a7af0c50,..\2_LP\LOW_Fr_MASTER_result\regen\af1cc63b21f6\cy05,superseded,,,0,0,,,deck
77ae0546a7af0c50,..\2_LP\LOW_Fr_MASTER_result\regen\af1cc63b21f6\cy06,superseded,,,0,0,,,deck
77ae0546a7af0c50,..\2_LP\LOW_Fr_MASTER_result\regen\af1cc63b21f6\cy07,superseded,,,0,0,,,deck
77ae0546a7af0c50,..\2_LP\LOW_Fr_MASTER_result\regen\af1cc63b21f6\cy08,superseded,,,0,0,,,deck
77ae0546a7af0c50,..\2_LP\LOW_Fr_MASTER_result\regen\af1cc63b21f6\cy09,superseded,,,0,0,,,deck
77ae0546a7af0c50,..\2_LP\LOW_Fr_MASTER_result\regen\af1cc63b21f6\cy10,superseded,,,0,0,,,deck
77ae0546a7af0c50,..\2_LP\LOW_Fr_MASTER_result\regen\af1cc63b21f6\cy11,superseded,,,0,0,,,deck
77ae0546a7af0c50,..\2_LP\LOW_Fr_MASTER_result\regen\af1cc63b21f6\cy12,regen:cy12/12,1.7858,1.546,25,1,,623.25,deck
,..\2_LP\LOW_Fr_MASTER_result\regen\af4bdb014496\cy01,superseded,,,0,0,,,
ba2d6d6b383270bd,..\2_LP\LOW_Fr_MASTER_result\regen\af4bdb014496\cy02,superseded,,,0,0,,,deck
ba2d6d6b383270bd,..\2_LP\LOW_Fr_MASTER_result\regen\af4bdb014496\cy03,superseded,,,0,0,,,deck
ba2d6d6b383270bd,..\2_LP\LOW_Fr_MASTER_result\regen\af4bdb014496\cy04,superseded,,,0,0,,,deck
ba2d6d6b383270bd,..\2_LP\LOW_Fr_MASTER_result\regen\af4bdb014496\cy05,superseded,,,0,0,,,deck
ba2d6d6b383270bd,..\2_LP\LOW_Fr_MASTER_result\regen\af4bdb014496\cy06,superseded,,,0,0,,,deck
ba2d6d6b383270bd,..\2_LP\LOW_Fr_MASTER_result\regen\af4bdb014496\cy07,superseded,,,0,0,,,deck
ba2d6d6b383270bd,..\2_LP\LOW_Fr_MASTER_result\regen\af4bdb014496\cy08,superseded,,,0,0,,,deck
ba2d6d6b383270bd,..\2_LP\LOW_Fr_MASTER_result\regen\af4bdb014496\cy09,superseded,,,0,0,,,deck
ba2d6d6b383270bd,..\2_LP\LOW_Fr_MASTER_result\regen\af4bdb014496\cy10,superseded,,,0,0,,,deck
ba2d6d6b383270bd,..\2_LP\LOW_Fr_MASTER_result\regen\af4bdb014496\cy11,superseded,,,0,0,,,deck
ba2d6d6b383270bd,..\2_LP\LOW_Fr_MASTER_result\regen\af4bdb014496\cy12,regen:cy12/12,1.6406,1.4853,25,1,,620.975,deck
,..\2_LP\LOW_Fr_MASTER_result\regen\af99fb3f9ec6\cy01,superseded,,,0,0,,,
7e56acbfa4c8bf8f,..\2_LP\LOW_Fr_MASTER_result\regen\af99fb3f9ec6\cy02,superseded,,,0,0,,,deck
7e56acbfa4c8bf8f,..\2_LP\LOW_Fr_MASTER_result\regen\af99fb3f9ec6\cy03,superseded,,,0,0,,,deck
7e56acbfa4c8bf8f,..\2_LP\LOW_Fr_MASTER_result\regen\af99fb3f9ec6\cy04,superseded,,,0,0,,,deck
7e56acbfa4c8bf8f,..\2_LP\LOW_Fr_MASTER_result\regen\af99fb3f9ec6\cy05,superseded,,,0,0,,,deck
7e56acbfa4c8bf8f,..\2_LP\LOW_Fr_MASTER_result\regen\af99fb3f9ec6\cy06,superseded,,,0,0,,,deck
7e56acbfa4c8bf8f,..\2_LP\LOW_Fr_MASTER_result\regen\af99fb3f9ec6\cy07,superseded,,,0,0,,,deck
7e56acbfa4c8bf8f,..\2_LP\LOW_Fr_MASTER_result\regen\af99fb3f9ec6\cy08,superseded,,,0,0,,,deck
7e56acbfa4c8bf8f,..\2_LP\LOW_Fr_MASTER_result\regen\af99fb3f9ec6\cy09,superseded,,,0,0,,,deck
7e56acbfa4c8bf8f,..\2_LP\LOW_Fr_MASTER_result\regen\af99fb3f9ec6\cy10,superseded,,,0,0,,,deck
7e56acbfa4c8bf8f,..\2_LP\LOW_Fr_MASTER_result\regen\af99fb3f9ec6\cy11,superseded,,,0,0,,,deck
7e56acbfa4c8bf8f,..\2_LP\LOW_Fr_MASTER_result\regen\af99fb3f9ec6\cy12,regen:cy12/12,1.6351,1.4731,25,1,,618.468,deck
,..\2_LP\LOW_Fr_MASTER_result\regen\aff9039e538e\cy01,superseded,,,0,0,,,
1a8081bc763de23d,..\2_LP\LOW_Fr_MASTER_result\regen\aff9039e538e\cy02,superseded,,,0,0,,,deck
1a8081bc763de23d,..\2_LP\LOW_Fr_MASTER_result\regen\aff9039e538e\cy03,superseded,,,0,0,,,deck
1a8081bc763de23d,..\2_LP\LOW_Fr_MASTER_result\regen\aff9039e538e\cy04,superseded,,,0,0,,,deck
1a8081bc763de23d,..\2_LP\LOW_Fr_MASTER_result\regen\aff9039e538e\cy05,superseded,,,0,0,,,deck
1a8081bc763de23d,..\2_LP\LOW_Fr_MASTER_result\regen\aff9039e538e\cy06,superseded,,,0,0,,,deck
1a8081bc763de23d,..\2_LP\LOW_Fr_MASTER_result\regen\aff9039e538e\cy07,superseded,,,0,0,,,deck
1a8081bc763de23d,..\2_LP\LOW_Fr_MASTER_result\regen\aff9039e538e\cy08,superseded,,,0,0,,,deck
1a8081bc763de23d,..\2_LP\LOW_Fr_MASTER_result\regen\aff9039e538e\cy09,superseded,,,0,0,,,deck
1a8081bc763de23d,..\2_LP\LOW_Fr_MASTER_result\regen\aff9039e538e\cy10,regen:cy10/10,1.6,1.4523,25,1,,623.61,deck
,..\2_LP\LOW_Fr_MASTER_result\regen\b025550ba4fe\cy01,no_digest,,,0,0,,,
,..\2_LP\LOW_Fr_MASTER_result\regen\b034c46fbef1\cy01,superseded,,,0,0,,,
6919097606e7bcb5,..\2_LP\LOW_Fr_MASTER_result\regen\b034c46fbef1\cy02,superseded,,,0,0,,,deck
6919097606e7bcb5,..\2_LP\LOW_Fr_MASTER_result\regen\b034c46fbef1\cy03,superseded,,,0,0,,,deck
6919097606e7bcb5,..\2_LP\LOW_Fr_MASTER_result\regen\b034c46fbef1\cy04,superseded,,,0,0,,,deck
6919097606e7bcb5,..\2_LP\LOW_Fr_MASTER_result\regen\b034c46fbef1\cy05,superseded,,,0,0,,,deck
6919097606e7bcb5,..\2_LP\LOW_Fr_MASTER_result\regen\b034c46fbef1\cy06,superseded,,,0,0,,,deck
6919097606e7bcb5,..\2_LP\LOW_Fr_MASTER_result\regen\b034c46fbef1\cy07,superseded,,,0,0,,,deck
6919097606e7bcb5,..\2_LP\LOW_Fr_MASTER_result\regen\b034c46fbef1\cy08,superseded,,,0,0,,,deck
6919097606e7bcb5,..\2_LP\LOW_Fr_MASTER_result\regen\b034c46fbef1\cy09,superseded,,,0,0,,,deck
6919097606e7bcb5,..\2_LP\LOW_Fr_MASTER_result\regen\b034c46fbef1\cy10,superseded,,,0,0,,,deck
6919097606e7bcb5,..\2_LP\LOW_Fr_MASTER_result\regen\b034c46fbef1\cy11,superseded,,,0,0,,,deck
6919097606e7bcb5,..\2_LP\LOW_Fr_MASTER_result\regen\b034c46fbef1\cy12,regen:cy12/12,1.7209,1.4981,25,1,,617.602,deck
,..\2_LP\LOW_Fr_MASTER_result\regen\b06e0b6b036d\cy01,superseded,,,0,0,,,
95e72feb5d2f8bcc,..\2_LP\LOW_Fr_MASTER_result\regen\b06e0b6b036d\cy02,superseded,,,0,0,,,deck
95e72feb5d2f8bcc,..\2_LP\LOW_Fr_MASTER_result\regen\b06e0b6b036d\cy03,superseded,,,0,0,,,deck
95e72feb5d2f8bcc,..\2_LP\LOW_Fr_MASTER_result\regen\b06e0b6b036d\cy04,superseded,,,0,0,,,deck
95e72feb5d2f8bcc,..\2_LP\LOW_Fr_MASTER_result\regen\b06e0b6b036d\cy05,superseded,,,0,0,,,deck
95e72feb5d2f8bcc,..\2_LP\LOW_Fr_MASTER_result\regen\b06e0b6b036d\cy06,superseded,,,0,0,,,deck
95e72feb5d2f8bcc,..\2_LP\LOW_Fr_MASTER_result\regen\b06e0b6b036d\cy07,superseded,,,0,0,,,deck
95e72feb5d2f8bcc,..\2_LP\LOW_Fr_MASTER_result\regen\b06e0b6b036d\cy08,superseded,,,0,0,,,deck
95e72feb5d2f8bcc,..\2_LP\LOW_Fr_MASTER_result\regen\b06e0b6b036d\cy09,superseded,,,0,0,,,deck
95e72feb5d2f8bcc,..\2_LP\LOW_Fr_MASTER_result\regen\b06e0b6b036d\cy10,superseded,,,0,0,,,deck
95e72feb5d2f8bcc,..\2_LP\LOW_Fr_MASTER_result\regen\b06e0b6b036d\cy11,superseded,,,0,0,,,deck
95e72feb5d2f8bcc,..\2_LP\LOW_Fr_MASTER_result\regen\b06e0b6b036d\cy12,regen:cy12/12,1.6696,1.4643,25,1,,617.668,deck
,..\2_LP\LOW_Fr_MASTER_result\regen\b07330ab10cc\cy01,superseded,,,0,0,,,
e2924a8a22a7c0eb,..\2_LP\LOW_Fr_MASTER_result\regen\b07330ab10cc\cy02,superseded,,,0,0,,,deck
e2924a8a22a7c0eb,..\2_LP\LOW_Fr_MASTER_result\regen\b07330ab10cc\cy03,superseded,,,0,0,,,deck
e2924a8a22a7c0eb,..\2_LP\LOW_Fr_MASTER_result\regen\b07330ab10cc\cy04,superseded,,,0,0,,,deck
e2924a8a22a7c0eb,..\2_LP\LOW_Fr_MASTER_result\regen\b07330ab10cc\cy05,superseded,,,0,0,,,deck
e2924a8a22a7c0eb,..\2_LP\LOW_Fr_MASTER_result\regen\b07330ab10cc\cy06,superseded,,,0,0,,,deck
e2924a8a22a7c0eb,..\2_LP\LOW_Fr_MASTER_result\regen\b07330ab10cc\cy07,superseded,,,0,0,,,deck
e2924a8a22a7c0eb,..\2_LP\LOW_Fr_MASTER_result\regen\b07330ab10cc\cy08,superseded,,,0,0,,,deck
e2924a8a22a7c0eb,..\2_LP\LOW_Fr_MASTER_result\regen\b07330ab10cc\cy09,superseded,,,0,0,,,deck
e2924a8a22a7c0eb,..\2_LP\LOW_Fr_MASTER_result\regen\b07330ab10cc\cy10,superseded,,,0,0,,,deck
e2924a8a22a7c0eb,..\2_LP\LOW_Fr_MASTER_result\regen\b07330ab10cc\cy11,regen:cy11/11,1.7529,1.6337,25,1,,622.567,deck
,..\2_LP\LOW_Fr_MASTER_result\regen\b09e795dcb0e\cy01,superseded,,,0,0,,,
94d99a0760e9aa9b,..\2_LP\LOW_Fr_MASTER_result\regen\b09e795dcb0e\cy02,superseded,,,0,0,,,deck
94d99a0760e9aa9b,..\2_LP\LOW_Fr_MASTER_result\regen\b09e795dcb0e\cy03,superseded,,,0,0,,,deck
94d99a0760e9aa9b,..\2_LP\LOW_Fr_MASTER_result\regen\b09e795dcb0e\cy04,superseded,,,0,0,,,deck
94d99a0760e9aa9b,..\2_LP\LOW_Fr_MASTER_result\regen\b09e795dcb0e\cy05,superseded,,,0,0,,,deck
94d99a0760e9aa9b,..\2_LP\LOW_Fr_MASTER_result\regen\b09e795dcb0e\cy06,superseded,,,0,0,,,deck
94d99a0760e9aa9b,..\2_LP\LOW_Fr_MASTER_result\regen\b09e795dcb0e\cy07,superseded,,,0,0,,,deck
94d99a0760e9aa9b,..\2_LP\LOW_Fr_MASTER_result\regen\b09e795dcb0e\cy08,superseded,,,0,0,,,deck
94d99a0760e9aa9b,..\2_LP\LOW_Fr_MASTER_result\regen\b09e795dcb0e\cy09,superseded,,,0,0,,,deck
94d99a0760e9aa9b,..\2_LP\LOW_Fr_MASTER_result\regen\b09e795dcb0e\cy10,superseded,,,0,0,,,deck
94d99a0760e9aa9b,..\2_LP\LOW_Fr_MASTER_result\regen\b09e795dcb0e\cy11,superseded,,,0,0,,,deck
94d99a0760e9aa9b,..\2_LP\LOW_Fr_MASTER_result\regen\b09e795dcb0e\cy12,regen:cy12/12,1.6021,1.4545,25,1,,623.602,deck
,..\2_LP\LOW_Fr_MASTER_result\regen\b1125e18d080\cy01,superseded,,,0,0,,,
01108b3aa29aa932,..\2_LP\LOW_Fr_MASTER_result\regen\b1125e18d080\cy02,superseded,,,0,0,,,deck
01108b3aa29aa932,..\2_LP\LOW_Fr_MASTER_result\regen\b1125e18d080\cy03,superseded,,,0,0,,,deck
01108b3aa29aa932,..\2_LP\LOW_Fr_MASTER_result\regen\b1125e18d080\cy04,superseded,,,0,0,,,deck
01108b3aa29aa932,..\2_LP\LOW_Fr_MASTER_result\regen\b1125e18d080\cy05,superseded,,,0,0,,,deck
01108b3aa29aa932,..\2_LP\LOW_Fr_MASTER_result\regen\b1125e18d080\cy06,superseded,,,0,0,,,deck
01108b3aa29aa932,..\2_LP\LOW_Fr_MASTER_result\regen\b1125e18d080\cy07,superseded,,,0,0,,,deck
01108b3aa29aa932,..\2_LP\LOW_Fr_MASTER_result\regen\b1125e18d080\cy08,superseded,,,0,0,,,deck
01108b3aa29aa932,..\2_LP\LOW_Fr_MASTER_result\regen\b1125e18d080\cy09,superseded,,,0,0,,,deck
01108b3aa29aa932,..\2_LP\LOW_Fr_MASTER_result\regen\b1125e18d080\cy10,superseded,,,0,0,,,deck
01108b3aa29aa932,..\2_LP\LOW_Fr_MASTER_result\regen\b1125e18d080\cy11,superseded,,,0,0,,,deck
01108b3aa29aa932,..\2_LP\LOW_Fr_MASTER_result\regen\b1125e18d080\cy12,regen:cy12/12,1.6371,1.4906,25,1,,623.822,deck
,..\2_LP\LOW_Fr_MASTER_result\regen\b16e4f41b0f3\cy01,superseded,,,0,0,,,
d03afcb500a76510,..\2_LP\LOW_Fr_MASTER_result\regen\b16e4f41b0f3\cy02,superseded,,,0,0,,,deck
d03afcb500a76510,..\2_LP\LOW_Fr_MASTER_result\regen\b16e4f41b0f3\cy03,superseded,,,0,0,,,deck
d03afcb500a76510,..\2_LP\LOW_Fr_MASTER_result\regen\b16e4f41b0f3\cy04,superseded,,,0,0,,,deck
d03afcb500a76510,..\2_LP\LOW_Fr_MASTER_result\regen\b16e4f41b0f3\cy05,superseded,,,0,0,,,deck
d03afcb500a76510,..\2_LP\LOW_Fr_MASTER_result\regen\b16e4f41b0f3\cy06,superseded,,,0,0,,,deck
d03afcb500a76510,..\2_LP\LOW_Fr_MASTER_result\regen\b16e4f41b0f3\cy07,superseded,,,0,0,,,deck
d03afcb500a76510,..\2_LP\LOW_Fr_MASTER_result\regen\b16e4f41b0f3\cy08,superseded,,,0,0,,,deck
d03afcb500a76510,..\2_LP\LOW_Fr_MASTER_result\regen\b16e4f41b0f3\cy09,superseded,,,0,0,,,deck
d03afcb500a76510,..\2_LP\LOW_Fr_MASTER_result\regen\b16e4f41b0f3\cy10,superseded,,,0,0,,,deck
d03afcb500a76510,..\2_LP\LOW_Fr_MASTER_result\regen\b16e4f41b0f3\cy11,superseded,,,0,0,,,deck
d03afcb500a76510,..\2_LP\LOW_Fr_MASTER_result\regen\b16e4f41b0f3\cy12,regen:cy12/12,1.6454,1.5285,25,1,,621.666,deck
,..\2_LP\LOW_Fr_MASTER_result\regen\b1d9dcf29c8e\cy01,superseded,,,0,0,,,
58463f8c56c57b42,..\2_LP\LOW_Fr_MASTER_result\regen\b1d9dcf29c8e\cy02,superseded,,,0,0,,,deck
58463f8c56c57b42,..\2_LP\LOW_Fr_MASTER_result\regen\b1d9dcf29c8e\cy03,superseded,,,0,0,,,deck
58463f8c56c57b42,..\2_LP\LOW_Fr_MASTER_result\regen\b1d9dcf29c8e\cy04,superseded,,,0,0,,,deck
58463f8c56c57b42,..\2_LP\LOW_Fr_MASTER_result\regen\b1d9dcf29c8e\cy05,superseded,,,0,0,,,deck
58463f8c56c57b42,..\2_LP\LOW_Fr_MASTER_result\regen\b1d9dcf29c8e\cy06,superseded,,,0,0,,,deck
58463f8c56c57b42,..\2_LP\LOW_Fr_MASTER_result\regen\b1d9dcf29c8e\cy07,superseded,,,0,0,,,deck
58463f8c56c57b42,..\2_LP\LOW_Fr_MASTER_result\regen\b1d9dcf29c8e\cy08,superseded,,,0,0,,,deck
58463f8c56c57b42,..\2_LP\LOW_Fr_MASTER_result\regen\b1d9dcf29c8e\cy09,superseded,,,0,0,,,deck
58463f8c56c57b42,..\2_LP\LOW_Fr_MASTER_result\regen\b1d9dcf29c8e\cy10,superseded,,,0,0,,,deck
58463f8c56c57b42,..\2_LP\LOW_Fr_MASTER_result\regen\b1d9dcf29c8e\cy11,superseded,,,0,0,,,deck
58463f8c56c57b42,..\2_LP\LOW_Fr_MASTER_result\regen\b1d9dcf29c8e\cy12,regen:cy12/12,1.767,1.596,25,1,,622.008,deck
,..\2_LP\LOW_Fr_MASTER_result\regen\b20c62380fd8\cy01,superseded,,,0,0,,,
ccbfcf7b01b440b6,..\2_LP\LOW_Fr_MASTER_result\regen\b20c62380fd8\cy02,superseded,,,0,0,,,deck
ccbfcf7b01b440b6,..\2_LP\LOW_Fr_MASTER_result\regen\b20c62380fd8\cy03,superseded,,,0,0,,,deck
ccbfcf7b01b440b6,..\2_LP\LOW_Fr_MASTER_result\regen\b20c62380fd8\cy04,superseded,,,0,0,,,deck
ccbfcf7b01b440b6,..\2_LP\LOW_Fr_MASTER_result\regen\b20c62380fd8\cy05,superseded,,,0,0,,,deck
ccbfcf7b01b440b6,..\2_LP\LOW_Fr_MASTER_result\regen\b20c62380fd8\cy06,superseded,,,0,0,,,deck
ccbfcf7b01b440b6,..\2_LP\LOW_Fr_MASTER_result\regen\b20c62380fd8\cy07,superseded,,,0,0,,,deck
ccbfcf7b01b440b6,..\2_LP\LOW_Fr_MASTER_result\regen\b20c62380fd8\cy08,superseded,,,0,0,,,deck
ccbfcf7b01b440b6,..\2_LP\LOW_Fr_MASTER_result\regen\b20c62380fd8\cy09,superseded,,,0,0,,,deck
ccbfcf7b01b440b6,..\2_LP\LOW_Fr_MASTER_result\regen\b20c62380fd8\cy10,superseded,,,0,0,,,deck
ccbfcf7b01b440b6,..\2_LP\LOW_Fr_MASTER_result\regen\b20c62380fd8\cy11,superseded,,,0,0,,,deck
ccbfcf7b01b440b6,..\2_LP\LOW_Fr_MASTER_result\regen\b20c62380fd8\cy12,regen:cy12/12,1.6059,1.4616,25,1,,623.412,deck
,..\2_LP\LOW_Fr_MASTER_result\regen\b21616a21626\cy01,superseded,,,0,0,,,
967d6eb6ce67c821,..\2_LP\LOW_Fr_MASTER_result\regen\b21616a21626\cy02,superseded,,,0,0,,,deck
967d6eb6ce67c821,..\2_LP\LOW_Fr_MASTER_result\regen\b21616a21626\cy03,superseded,,,0,0,,,deck
967d6eb6ce67c821,..\2_LP\LOW_Fr_MASTER_result\regen\b21616a21626\cy04,superseded,,,0,0,,,deck
967d6eb6ce67c821,..\2_LP\LOW_Fr_MASTER_result\regen\b21616a21626\cy05,superseded,,,0,0,,,deck
967d6eb6ce67c821,..\2_LP\LOW_Fr_MASTER_result\regen\b21616a21626\cy06,superseded,,,0,0,,,deck
967d6eb6ce67c821,..\2_LP\LOW_Fr_MASTER_result\regen\b21616a21626\cy07,superseded,,,0,0,,,deck
967d6eb6ce67c821,..\2_LP\LOW_Fr_MASTER_result\regen\b21616a21626\cy08,superseded,,,0,0,,,deck
967d6eb6ce67c821,..\2_LP\LOW_Fr_MASTER_result\regen\b21616a21626\cy09,superseded,,,0,0,,,deck
967d6eb6ce67c821,..\2_LP\LOW_Fr_MASTER_result\regen\b21616a21626\cy10,superseded,,,0,0,,,deck
967d6eb6ce67c821,..\2_LP\LOW_Fr_MASTER_result\regen\b21616a21626\cy11,regen:cy11/11,1.9455,1.7203,25,1,,618.659,deck
,..\2_LP\LOW_Fr_MASTER_result\regen\b2854dcfda1a\cy01,superseded,,,0,0,,,
bb8377bca46aaf87,..\2_LP\LOW_Fr_MASTER_result\regen\b2854dcfda1a\cy02,superseded,,,0,0,,,deck
bb8377bca46aaf87,..\2_LP\LOW_Fr_MASTER_result\regen\b2854dcfda1a\cy03,superseded,,,0,0,,,deck
bb8377bca46aaf87,..\2_LP\LOW_Fr_MASTER_result\regen\b2854dcfda1a\cy04,superseded,,,0,0,,,deck
bb8377bca46aaf87,..\2_LP\LOW_Fr_MASTER_result\regen\b2854dcfda1a\cy05,superseded,,,0,0,,,deck
bb8377bca46aaf87,..\2_LP\LOW_Fr_MASTER_result\regen\b2854dcfda1a\cy06,superseded,,,0,0,,,deck
bb8377bca46aaf87,..\2_LP\LOW_Fr_MASTER_result\regen\b2854dcfda1a\cy07,superseded,,,0,0,,,deck
bb8377bca46aaf87,..\2_LP\LOW_Fr_MASTER_result\regen\b2854dcfda1a\cy08,superseded,,,0,0,,,deck
bb8377bca46aaf87,..\2_LP\LOW_Fr_MASTER_result\regen\b2854dcfda1a\cy09,superseded,,,0,0,,,deck
bb8377bca46aaf87,..\2_LP\LOW_Fr_MASTER_result\regen\b2854dcfda1a\cy10,superseded,,,0,0,,,deck
bb8377bca46aaf87,..\2_LP\LOW_Fr_MASTER_result\regen\b2854dcfda1a\cy11,superseded,,,0,0,,,deck
bb8377bca46aaf87,..\2_LP\LOW_Fr_MASTER_result\regen\b2854dcfda1a\cy12,regen:cy12/12,1.622,1.4997,25,1,,617.104,deck
,..\2_LP\LOW_Fr_MASTER_result\regen\b2a4225505a7\cy01,superseded,,,0,0,,,
6bdc688742ab959b,..\2_LP\LOW_Fr_MASTER_result\regen\b2a4225505a7\cy02,superseded,,,0,0,,,deck
6bdc688742ab959b,..\2_LP\LOW_Fr_MASTER_result\regen\b2a4225505a7\cy03,superseded,,,0,0,,,deck
6bdc688742ab959b,..\2_LP\LOW_Fr_MASTER_result\regen\b2a4225505a7\cy04,superseded,,,0,0,,,deck
6bdc688742ab959b,..\2_LP\LOW_Fr_MASTER_result\regen\b2a4225505a7\cy05,superseded,,,0,0,,,deck
6bdc688742ab959b,..\2_LP\LOW_Fr_MASTER_result\regen\b2a4225505a7\cy06,superseded,,,0,0,,,deck
6bdc688742ab959b,..\2_LP\LOW_Fr_MASTER_result\regen\b2a4225505a7\cy07,superseded,,,0,0,,,deck
6bdc688742ab959b,..\2_LP\LOW_Fr_MASTER_result\regen\b2a4225505a7\cy08,superseded,,,0,0,,,deck
6bdc688742ab959b,..\2_LP\LOW_Fr_MASTER_result\regen\b2a4225505a7\cy09,superseded,,,0,0,,,deck
6bdc688742ab959b,..\2_LP\LOW_Fr_MASTER_result\regen\b2a4225505a7\cy10,superseded,,,0,0,,,deck
6bdc688742ab959b,..\2_LP\LOW_Fr_MASTER_result\regen\b2a4225505a7\cy11,regen:cy11/11,2.1232,1.9233,25,1,,622.776,deck
,..\2_LP\LOW_Fr_MASTER_result\regen\b3408e29ccb5\cy01,superseded,,,0,0,,,
834929c6ecacf5b5,..\2_LP\LOW_Fr_MASTER_result\regen\b3408e29ccb5\cy02,superseded,,,0,0,,,deck
834929c6ecacf5b5,..\2_LP\LOW_Fr_MASTER_result\regen\b3408e29ccb5\cy03,superseded,,,0,0,,,deck
834929c6ecacf5b5,..\2_LP\LOW_Fr_MASTER_result\regen\b3408e29ccb5\cy04,superseded,,,0,0,,,deck
834929c6ecacf5b5,..\2_LP\LOW_Fr_MASTER_result\regen\b3408e29ccb5\cy05,superseded,,,0,0,,,deck
834929c6ecacf5b5,..\2_LP\LOW_Fr_MASTER_result\regen\b3408e29ccb5\cy06,superseded,,,0,0,,,deck
834929c6ecacf5b5,..\2_LP\LOW_Fr_MASTER_result\regen\b3408e29ccb5\cy07,superseded,,,0,0,,,deck
834929c6ecacf5b5,..\2_LP\LOW_Fr_MASTER_result\regen\b3408e29ccb5\cy08,superseded,,,0,0,,,deck
834929c6ecacf5b5,..\2_LP\LOW_Fr_MASTER_result\regen\b3408e29ccb5\cy09,superseded,,,0,0,,,deck
834929c6ecacf5b5,..\2_LP\LOW_Fr_MASTER_result\regen\b3408e29ccb5\cy10,superseded,,,0,0,,,deck
834929c6ecacf5b5,..\2_LP\LOW_Fr_MASTER_result\regen\b3408e29ccb5\cy11,superseded,,,0,0,,,deck
834929c6ecacf5b5,..\2_LP\LOW_Fr_MASTER_result\regen\b3408e29ccb5\cy12,regen:cy12/12,1.6916,1.5362,25,1,,613.862,deck
,..\2_LP\LOW_Fr_MASTER_result\regen\b357504c3307\cy01,superseded,,,0,0,,,
ad56c805fa9eec95,..\2_LP\LOW_Fr_MASTER_result\regen\b357504c3307\cy02,superseded,,,0,0,,,deck
ad56c805fa9eec95,..\2_LP\LOW_Fr_MASTER_result\regen\b357504c3307\cy03,superseded,,,0,0,,,deck
ad56c805fa9eec95,..\2_LP\LOW_Fr_MASTER_result\regen\b357504c3307\cy04,superseded,,,0,0,,,deck
ad56c805fa9eec95,..\2_LP\LOW_Fr_MASTER_result\regen\b357504c3307\cy05,superseded,,,0,0,,,deck
ad56c805fa9eec95,..\2_LP\LOW_Fr_MASTER_result\regen\b357504c3307\cy06,superseded,,,0,0,,,deck
ad56c805fa9eec95,..\2_LP\LOW_Fr_MASTER_result\regen\b357504c3307\cy07,superseded,,,0,0,,,deck
ad56c805fa9eec95,..\2_LP\LOW_Fr_MASTER_result\regen\b357504c3307\cy08,superseded,,,0,0,,,deck
ad56c805fa9eec95,..\2_LP\LOW_Fr_MASTER_result\regen\b357504c3307\cy09,superseded,,,0,0,,,deck
ad56c805fa9eec95,..\2_LP\LOW_Fr_MASTER_result\regen\b357504c3307\cy10,superseded,,,0,0,,,deck
ad56c805fa9eec95,..\2_LP\LOW_Fr_MASTER_result\regen\b357504c3307\cy11,superseded,,,0,0,,,deck
ad56c805fa9eec95,..\2_LP\LOW_Fr_MASTER_result\regen\b357504c3307\cy12,regen:cy12/12,1.5954,1.4467,25,1,,623.34,deck
,..\2_LP\LOW_Fr_MASTER_result\regen\b489298c1c8a\cy01,superseded,,,0,0,,,
406679e820025bff,..\2_LP\LOW_Fr_MASTER_result\regen\b489298c1c8a\cy02,superseded,,,0,0,,,deck
406679e820025bff,..\2_LP\LOW_Fr_MASTER_result\regen\b489298c1c8a\cy03,superseded,,,0,0,,,deck
406679e820025bff,..\2_LP\LOW_Fr_MASTER_result\regen\b489298c1c8a\cy04,superseded,,,0,0,,,deck
406679e820025bff,..\2_LP\LOW_Fr_MASTER_result\regen\b489298c1c8a\cy05,superseded,,,0,0,,,deck
406679e820025bff,..\2_LP\LOW_Fr_MASTER_result\regen\b489298c1c8a\cy06,superseded,,,0,0,,,deck
406679e820025bff,..\2_LP\LOW_Fr_MASTER_result\regen\b489298c1c8a\cy07,superseded,,,0,0,,,deck
406679e820025bff,..\2_LP\LOW_Fr_MASTER_result\regen\b489298c1c8a\cy08,superseded,,,0,0,,,deck
406679e820025bff,..\2_LP\LOW_Fr_MASTER_result\regen\b489298c1c8a\cy09,superseded,,,0,0,,,deck
406679e820025bff,..\2_LP\LOW_Fr_MASTER_result\regen\b489298c1c8a\cy10,superseded,,,0,0,,,deck
406679e820025bff,..\2_LP\LOW_Fr_MASTER_result\regen\b489298c1c8a\cy11,regen:cy11/11,1.6304,1.483,25,1,,620.953,deck
,..\2_LP\LOW_Fr_MASTER_result\regen\b53f25f80ff4\cy01,superseded,,,0,0,,,
bc4d04cd71865831,..\2_LP\LOW_Fr_MASTER_result\regen\b53f25f80ff4\cy02,superseded,,,0,0,,,deck
bc4d04cd71865831,..\2_LP\LOW_Fr_MASTER_result\regen\b53f25f80ff4\cy03,superseded,,,0,0,,,deck
bc4d04cd71865831,..\2_LP\LOW_Fr_MASTER_result\regen\b53f25f80ff4\cy04,superseded,,,0,0,,,deck
bc4d04cd71865831,..\2_LP\LOW_Fr_MASTER_result\regen\b53f25f80ff4\cy05,superseded,,,0,0,,,deck
bc4d04cd71865831,..\2_LP\LOW_Fr_MASTER_result\regen\b53f25f80ff4\cy06,superseded,,,0,0,,,deck
bc4d04cd71865831,..\2_LP\LOW_Fr_MASTER_result\regen\b53f25f80ff4\cy07,superseded,,,0,0,,,deck
bc4d04cd71865831,..\2_LP\LOW_Fr_MASTER_result\regen\b53f25f80ff4\cy08,superseded,,,0,0,,,deck
bc4d04cd71865831,..\2_LP\LOW_Fr_MASTER_result\regen\b53f25f80ff4\cy09,superseded,,,0,0,,,deck
bc4d04cd71865831,..\2_LP\LOW_Fr_MASTER_result\regen\b53f25f80ff4\cy10,superseded,,,0,0,,,deck
bc4d04cd71865831,..\2_LP\LOW_Fr_MASTER_result\regen\b53f25f80ff4\cy11,superseded,,,0,0,,,deck
bc4d04cd71865831,..\2_LP\LOW_Fr_MASTER_result\regen\b53f25f80ff4\cy12,regen:cy12/12,1.713,1.5082,25,1,,616.507,deck
,..\2_LP\LOW_Fr_MASTER_result\regen\b5ad2c79271d\cy01,superseded,,,0,0,,,
906292f552eb852c,..\2_LP\LOW_Fr_MASTER_result\regen\b5ad2c79271d\cy02,superseded,,,0,0,,,deck
906292f552eb852c,..\2_LP\LOW_Fr_MASTER_result\regen\b5ad2c79271d\cy03,superseded,,,0,0,,,deck
906292f552eb852c,..\2_LP\LOW_Fr_MASTER_result\regen\b5ad2c79271d\cy04,superseded,,,0,0,,,deck
906292f552eb852c,..\2_LP\LOW_Fr_MASTER_result\regen\b5ad2c79271d\cy05,superseded,,,0,0,,,deck
906292f552eb852c,..\2_LP\LOW_Fr_MASTER_result\regen\b5ad2c79271d\cy06,superseded,,,0,0,,,deck
906292f552eb852c,..\2_LP\LOW_Fr_MASTER_result\regen\b5ad2c79271d\cy07,superseded,,,0,0,,,deck
906292f552eb852c,..\2_LP\LOW_Fr_MASTER_result\regen\b5ad2c79271d\cy08,superseded,,,0,0,,,deck
906292f552eb852c,..\2_LP\LOW_Fr_MASTER_result\regen\b5ad2c79271d\cy09,superseded,,,0,0,,,deck
906292f552eb852c,..\2_LP\LOW_Fr_MASTER_result\regen\b5ad2c79271d\cy10,superseded,,,0,0,,,deck
906292f552eb852c,..\2_LP\LOW_Fr_MASTER_result\regen\b5ad2c79271d\cy11,superseded,,,0,0,,,deck
906292f552eb852c,..\2_LP\LOW_Fr_MASTER_result\regen\b5ad2c79271d\cy12,regen:cy12/12,1.5978,1.4722,25,1,,617.48,deck
,..\2_LP\LOW_Fr_MASTER_result\regen\b608977bcd03\cy01,superseded,,,0,0,,,
ff70e3b2facdfe7c,..\2_LP\LOW_Fr_MASTER_result\regen\b608977bcd03\cy02,superseded,,,0,0,,,deck
ff70e3b2facdfe7c,..\2_LP\LOW_Fr_MASTER_result\regen\b608977bcd03\cy03,superseded,,,0,0,,,deck
ff70e3b2facdfe7c,..\2_LP\LOW_Fr_MASTER_result\regen\b608977bcd03\cy04,superseded,,,0,0,,,deck
ff70e3b2facdfe7c,..\2_LP\LOW_Fr_MASTER_result\regen\b608977bcd03\cy05,superseded,,,0,0,,,deck
ff70e3b2facdfe7c,..\2_LP\LOW_Fr_MASTER_result\regen\b608977bcd03\cy06,superseded,,,0,0,,,deck
ff70e3b2facdfe7c,..\2_LP\LOW_Fr_MASTER_result\regen\b608977bcd03\cy07,superseded,,,0,0,,,deck
ff70e3b2facdfe7c,..\2_LP\LOW_Fr_MASTER_result\regen\b608977bcd03\cy08,superseded,,,0,0,,,deck
ff70e3b2facdfe7c,..\2_LP\LOW_Fr_MASTER_result\regen\b608977bcd03\cy09,superseded,,,0,0,,,deck
ff70e3b2facdfe7c,..\2_LP\LOW_Fr_MASTER_result\regen\b608977bcd03\cy10,superseded,,,0,0,,,deck
ff70e3b2facdfe7c,..\2_LP\LOW_Fr_MASTER_result\regen\b608977bcd03\cy11,superseded,,,0,0,,,deck
ff70e3b2facdfe7c,..\2_LP\LOW_Fr_MASTER_result\regen\b608977bcd03\cy12,regen:cy12/12,1.7457,1.4849,25,1,,619.098,deck
,..\2_LP\LOW_Fr_MASTER_result\regen\b6266da61f06\cy01,superseded,,,0,0,,,
ef8a2e6024fd1451,..\2_LP\LOW_Fr_MASTER_result\regen\b6266da61f06\cy02,superseded,,,0,0,,,deck
ef8a2e6024fd1451,..\2_LP\LOW_Fr_MASTER_result\regen\b6266da61f06\cy03,superseded,,,0,0,,,deck
ef8a2e6024fd1451,..\2_LP\LOW_Fr_MASTER_result\regen\b6266da61f06\cy04,superseded,,,0,0,,,deck
ef8a2e6024fd1451,..\2_LP\LOW_Fr_MASTER_result\regen\b6266da61f06\cy05,superseded,,,0,0,,,deck
ef8a2e6024fd1451,..\2_LP\LOW_Fr_MASTER_result\regen\b6266da61f06\cy06,superseded,,,0,0,,,deck
ef8a2e6024fd1451,..\2_LP\LOW_Fr_MASTER_result\regen\b6266da61f06\cy07,superseded,,,0,0,,,deck
ef8a2e6024fd1451,..\2_LP\LOW_Fr_MASTER_result\regen\b6266da61f06\cy08,superseded,,,0,0,,,deck
ef8a2e6024fd1451,..\2_LP\LOW_Fr_MASTER_result\regen\b6266da61f06\cy09,superseded,,,0,0,,,deck
ef8a2e6024fd1451,..\2_LP\LOW_Fr_MASTER_result\regen\b6266da61f06\cy10,superseded,,,0,0,,,deck
ef8a2e6024fd1451,..\2_LP\LOW_Fr_MASTER_result\regen\b6266da61f06\cy11,superseded,,,0,0,,,deck
ef8a2e6024fd1451,..\2_LP\LOW_Fr_MASTER_result\regen\b6266da61f06\cy12,regen:cy12/12,1.8093,1.6088,25,1,,620.214,deck
,..\2_LP\LOW_Fr_MASTER_result\regen\b64fc11fd8f5\cy01,superseded,,,0,0,,,
1872d1018260ddb5,..\2_LP\LOW_Fr_MASTER_result\regen\b64fc11fd8f5\cy02,superseded,,,0,0,,,deck
1872d1018260ddb5,..\2_LP\LOW_Fr_MASTER_result\regen\b64fc11fd8f5\cy03,superseded,,,0,0,,,deck
1872d1018260ddb5,..\2_LP\LOW_Fr_MASTER_result\regen\b64fc11fd8f5\cy04,superseded,,,0,0,,,deck
1872d1018260ddb5,..\2_LP\LOW_Fr_MASTER_result\regen\b64fc11fd8f5\cy05,superseded,,,0,0,,,deck
1872d1018260ddb5,..\2_LP\LOW_Fr_MASTER_result\regen\b64fc11fd8f5\cy06,superseded,,,0,0,,,deck
1872d1018260ddb5,..\2_LP\LOW_Fr_MASTER_result\regen\b64fc11fd8f5\cy07,superseded,,,0,0,,,deck
1872d1018260ddb5,..\2_LP\LOW_Fr_MASTER_result\regen\b64fc11fd8f5\cy08,superseded,,,0,0,,,deck
1872d1018260ddb5,..\2_LP\LOW_Fr_MASTER_result\regen\b64fc11fd8f5\cy09,superseded,,,0,0,,,deck
1872d1018260ddb5,..\2_LP\LOW_Fr_MASTER_result\regen\b64fc11fd8f5\cy10,superseded,,,0,0,,,deck
1872d1018260ddb5,..\2_LP\LOW_Fr_MASTER_result\regen\b64fc11fd8f5\cy11,regen:cy11/11,1.6956,1.4929,25,1,,622.539,deck
,..\2_LP\LOW_Fr_MASTER_result\regen\b6540a24025d\cy01,superseded,,,0,0,,,
97ba4c2dee6605dc,..\2_LP\LOW_Fr_MASTER_result\regen\b6540a24025d\cy02,superseded,,,0,0,,,deck
97ba4c2dee6605dc,..\2_LP\LOW_Fr_MASTER_result\regen\b6540a24025d\cy03,superseded,,,0,0,,,deck
97ba4c2dee6605dc,..\2_LP\LOW_Fr_MASTER_result\regen\b6540a24025d\cy04,superseded,,,0,0,,,deck
97ba4c2dee6605dc,..\2_LP\LOW_Fr_MASTER_result\regen\b6540a24025d\cy05,superseded,,,0,0,,,deck
97ba4c2dee6605dc,..\2_LP\LOW_Fr_MASTER_result\regen\b6540a24025d\cy06,superseded,,,0,0,,,deck
97ba4c2dee6605dc,..\2_LP\LOW_Fr_MASTER_result\regen\b6540a24025d\cy07,superseded,,,0,0,,,deck
97ba4c2dee6605dc,..\2_LP\LOW_Fr_MASTER_result\regen\b6540a24025d\cy08,superseded,,,0,0,,,deck
97ba4c2dee6605dc,..\2_LP\LOW_Fr_MASTER_result\regen\b6540a24025d\cy09,superseded,,,0,0,,,deck
97ba4c2dee6605dc,..\2_LP\LOW_Fr_MASTER_result\regen\b6540a24025d\cy10,superseded,,,0,0,,,deck
97ba4c2dee6605dc,..\2_LP\LOW_Fr_MASTER_result\regen\b6540a24025d\cy11,superseded,,,0,0,,,deck
97ba4c2dee6605dc,..\2_LP\LOW_Fr_MASTER_result\regen\b6540a24025d\cy12,regen:cy12/12,1.7035,1.5225,25,1,,618.993,deck
,..\2_LP\LOW_Fr_MASTER_result\regen\b6686b9f2097\cy01,superseded,,,0,0,,,
139fd145eb04d0b1,..\2_LP\LOW_Fr_MASTER_result\regen\b6686b9f2097\cy02,superseded,,,0,0,,,deck
139fd145eb04d0b1,..\2_LP\LOW_Fr_MASTER_result\regen\b6686b9f2097\cy03,superseded,,,0,0,,,deck
139fd145eb04d0b1,..\2_LP\LOW_Fr_MASTER_result\regen\b6686b9f2097\cy04,superseded,,,0,0,,,deck
139fd145eb04d0b1,..\2_LP\LOW_Fr_MASTER_result\regen\b6686b9f2097\cy05,superseded,,,0,0,,,deck
139fd145eb04d0b1,..\2_LP\LOW_Fr_MASTER_result\regen\b6686b9f2097\cy06,superseded,,,0,0,,,deck
139fd145eb04d0b1,..\2_LP\LOW_Fr_MASTER_result\regen\b6686b9f2097\cy07,superseded,,,0,0,,,deck
139fd145eb04d0b1,..\2_LP\LOW_Fr_MASTER_result\regen\b6686b9f2097\cy08,superseded,,,0,0,,,deck
139fd145eb04d0b1,..\2_LP\LOW_Fr_MASTER_result\regen\b6686b9f2097\cy09,superseded,,,0,0,,,deck
139fd145eb04d0b1,..\2_LP\LOW_Fr_MASTER_result\regen\b6686b9f2097\cy10,superseded,,,0,0,,,deck
139fd145eb04d0b1,..\2_LP\LOW_Fr_MASTER_result\regen\b6686b9f2097\cy11,superseded,,,0,0,,,deck
139fd145eb04d0b1,..\2_LP\LOW_Fr_MASTER_result\regen\b6686b9f2097\cy12,regen:cy12/12,1.6483,1.5213,25,1,,619.284,deck
,..\2_LP\LOW_Fr_MASTER_result\regen\b783afeabbae\cy01,superseded,,,0,0,,,
f186f6a7a5eeca5a,..\2_LP\LOW_Fr_MASTER_result\regen\b783afeabbae\cy02,superseded,,,0,0,,,deck
f186f6a7a5eeca5a,..\2_LP\LOW_Fr_MASTER_result\regen\b783afeabbae\cy03,superseded,,,0,0,,,deck
f186f6a7a5eeca5a,..\2_LP\LOW_Fr_MASTER_result\regen\b783afeabbae\cy04,superseded,,,0,0,,,deck
f186f6a7a5eeca5a,..\2_LP\LOW_Fr_MASTER_result\regen\b783afeabbae\cy05,superseded,,,0,0,,,deck
f186f6a7a5eeca5a,..\2_LP\LOW_Fr_MASTER_result\regen\b783afeabbae\cy06,superseded,,,0,0,,,deck
f186f6a7a5eeca5a,..\2_LP\LOW_Fr_MASTER_result\regen\b783afeabbae\cy07,superseded,,,0,0,,,deck
f186f6a7a5eeca5a,..\2_LP\LOW_Fr_MASTER_result\regen\b783afeabbae\cy08,superseded,,,0,0,,,deck
f186f6a7a5eeca5a,..\2_LP\LOW_Fr_MASTER_result\regen\b783afeabbae\cy09,superseded,,,0,0,,,deck
f186f6a7a5eeca5a,..\2_LP\LOW_Fr_MASTER_result\regen\b783afeabbae\cy10,superseded,,,0,0,,,deck
f186f6a7a5eeca5a,..\2_LP\LOW_Fr_MASTER_result\regen\b783afeabbae\cy11,superseded,,,0,0,,,deck
f186f6a7a5eeca5a,..\2_LP\LOW_Fr_MASTER_result\regen\b783afeabbae\cy12,regen:cy12/12,1.6916,1.5342,25,1,,613.857,deck
,..\2_LP\LOW_Fr_MASTER_result\regen\b80256f1c4db\cy01,superseded,,,0,0,,,
3505249817f78e53,..\2_LP\LOW_Fr_MASTER_result\regen\b80256f1c4db\cy02,superseded,,,0,0,,,deck
3505249817f78e53,..\2_LP\LOW_Fr_MASTER_result\regen\b80256f1c4db\cy03,superseded,,,0,0,,,deck
3505249817f78e53,..\2_LP\LOW_Fr_MASTER_result\regen\b80256f1c4db\cy04,superseded,,,0,0,,,deck
3505249817f78e53,..\2_LP\LOW_Fr_MASTER_result\regen\b80256f1c4db\cy05,superseded,,,0,0,,,deck
3505249817f78e53,..\2_LP\LOW_Fr_MASTER_result\regen\b80256f1c4db\cy06,superseded,,,0,0,,,deck
3505249817f78e53,..\2_LP\LOW_Fr_MASTER_result\regen\b80256f1c4db\cy07,superseded,,,0,0,,,deck
3505249817f78e53,..\2_LP\LOW_Fr_MASTER_result\regen\b80256f1c4db\cy08,superseded,,,0,0,,,deck
3505249817f78e53,..\2_LP\LOW_Fr_MASTER_result\regen\b80256f1c4db\cy09,superseded,,,0,0,,,deck
3505249817f78e53,..\2_LP\LOW_Fr_MASTER_result\regen\b80256f1c4db\cy10,superseded,,,0,0,,,deck
3505249817f78e53,..\2_LP\LOW_Fr_MASTER_result\regen\b80256f1c4db\cy11,superseded,,,0,0,,,deck
3505249817f78e53,..\2_LP\LOW_Fr_MASTER_result\regen\b80256f1c4db\cy12,regen:cy12/12,1.6465,1.4584,25,1,,620.676,deck
,..\2_LP\LOW_Fr_MASTER_result\regen\b82150e5d391\cy01,superseded,,,0,0,,,
9816bd327a395bc0,..\2_LP\LOW_Fr_MASTER_result\regen\b82150e5d391\cy02,superseded,,,0,0,,,deck
9816bd327a395bc0,..\2_LP\LOW_Fr_MASTER_result\regen\b82150e5d391\cy03,superseded,,,0,0,,,deck
9816bd327a395bc0,..\2_LP\LOW_Fr_MASTER_result\regen\b82150e5d391\cy04,superseded,,,0,0,,,deck
9816bd327a395bc0,..\2_LP\LOW_Fr_MASTER_result\regen\b82150e5d391\cy05,superseded,,,0,0,,,deck
9816bd327a395bc0,..\2_LP\LOW_Fr_MASTER_result\regen\b82150e5d391\cy06,superseded,,,0,0,,,deck
9816bd327a395bc0,..\2_LP\LOW_Fr_MASTER_result\regen\b82150e5d391\cy07,superseded,,,0,0,,,deck
9816bd327a395bc0,..\2_LP\LOW_Fr_MASTER_result\regen\b82150e5d391\cy08,superseded,,,0,0,,,deck
9816bd327a395bc0,..\2_LP\LOW_Fr_MASTER_result\regen\b82150e5d391\cy09,superseded,,,0,0,,,deck
9816bd327a395bc0,..\2_LP\LOW_Fr_MASTER_result\regen\b82150e5d391\cy10,superseded,,,0,0,,,deck
9816bd327a395bc0,..\2_LP\LOW_Fr_MASTER_result\regen\b82150e5d391\cy11,superseded,,,0,0,,,deck
9816bd327a395bc0,..\2_LP\LOW_Fr_MASTER_result\regen\b82150e5d391\cy12,regen:cy12/12,1.661,1.5321,25,1,,621.427,deck
,..\2_LP\LOW_Fr_MASTER_result\regen\b828c584a107\cy01,superseded,,,0,0,,,
a674a7456a6047b9,..\2_LP\LOW_Fr_MASTER_result\regen\b828c584a107\cy02,superseded,,,0,0,,,deck
a674a7456a6047b9,..\2_LP\LOW_Fr_MASTER_result\regen\b828c584a107\cy03,superseded,,,0,0,,,deck
a674a7456a6047b9,..\2_LP\LOW_Fr_MASTER_result\regen\b828c584a107\cy04,superseded,,,0,0,,,deck
a674a7456a6047b9,..\2_LP\LOW_Fr_MASTER_result\regen\b828c584a107\cy05,superseded,,,0,0,,,deck
a674a7456a6047b9,..\2_LP\LOW_Fr_MASTER_result\regen\b828c584a107\cy06,superseded,,,0,0,,,deck
a674a7456a6047b9,..\2_LP\LOW_Fr_MASTER_result\regen\b828c584a107\cy07,superseded,,,0,0,,,deck
a674a7456a6047b9,..\2_LP\LOW_Fr_MASTER_result\regen\b828c584a107\cy08,superseded,,,0,0,,,deck
a674a7456a6047b9,..\2_LP\LOW_Fr_MASTER_result\regen\b828c584a107\cy09,superseded,,,0,0,,,deck
a674a7456a6047b9,..\2_LP\LOW_Fr_MASTER_result\regen\b828c584a107\cy10,superseded,,,0,0,,,deck
a674a7456a6047b9,..\2_LP\LOW_Fr_MASTER_result\regen\b828c584a107\cy11,superseded,,,0,0,,,deck
a674a7456a6047b9,..\2_LP\LOW_Fr_MASTER_result\regen\b828c584a107\cy12,regen:cy12/12,1.6915,1.5356,25,1,,614.556,deck
,..\2_LP\LOW_Fr_MASTER_result\regen\b82becee1bfc\cy01,superseded,,,0,0,,,
e58af875ad3c94ab,..\2_LP\LOW_Fr_MASTER_result\regen\b82becee1bfc\cy02,superseded,,,0,0,,,deck
e58af875ad3c94ab,..\2_LP\LOW_Fr_MASTER_result\regen\b82becee1bfc\cy03,superseded,,,0,0,,,deck
e58af875ad3c94ab,..\2_LP\LOW_Fr_MASTER_result\regen\b82becee1bfc\cy04,superseded,,,0,0,,,deck
e58af875ad3c94ab,..\2_LP\LOW_Fr_MASTER_result\regen\b82becee1bfc\cy05,superseded,,,0,0,,,deck
e58af875ad3c94ab,..\2_LP\LOW_Fr_MASTER_result\regen\b82becee1bfc\cy06,superseded,,,0,0,,,deck
e58af875ad3c94ab,..\2_LP\LOW_Fr_MASTER_result\regen\b82becee1bfc\cy07,superseded,,,0,0,,,deck
e58af875ad3c94ab,..\2_LP\LOW_Fr_MASTER_result\regen\b82becee1bfc\cy08,superseded,,,0,0,,,deck
e58af875ad3c94ab,..\2_LP\LOW_Fr_MASTER_result\regen\b82becee1bfc\cy09,superseded,,,0,0,,,deck
e58af875ad3c94ab,..\2_LP\LOW_Fr_MASTER_result\regen\b82becee1bfc\cy10,superseded,,,0,0,,,deck
e58af875ad3c94ab,..\2_LP\LOW_Fr_MASTER_result\regen\b82becee1bfc\cy11,superseded,,,0,0,,,deck
e58af875ad3c94ab,..\2_LP\LOW_Fr_MASTER_result\regen\b82becee1bfc\cy12,regen:cy12/12,1.7564,1.5369,25,1,,618.705,deck
,..\2_LP\LOW_Fr_MASTER_result\regen\ba125c164163\cy01,superseded,,,0,0,,,
d1625c803fb5f9f1,..\2_LP\LOW_Fr_MASTER_result\regen\ba125c164163\cy02,superseded,,,0,0,,,deck
d1625c803fb5f9f1,..\2_LP\LOW_Fr_MASTER_result\regen\ba125c164163\cy03,superseded,,,0,0,,,deck
d1625c803fb5f9f1,..\2_LP\LOW_Fr_MASTER_result\regen\ba125c164163\cy04,superseded,,,0,0,,,deck
d1625c803fb5f9f1,..\2_LP\LOW_Fr_MASTER_result\regen\ba125c164163\cy05,superseded,,,0,0,,,deck
d1625c803fb5f9f1,..\2_LP\LOW_Fr_MASTER_result\regen\ba125c164163\cy06,superseded,,,0,0,,,deck
d1625c803fb5f9f1,..\2_LP\LOW_Fr_MASTER_result\regen\ba125c164163\cy07,superseded,,,0,0,,,deck
d1625c803fb5f9f1,..\2_LP\LOW_Fr_MASTER_result\regen\ba125c164163\cy08,superseded,,,0,0,,,deck
d1625c803fb5f9f1,..\2_LP\LOW_Fr_MASTER_result\regen\ba125c164163\cy09,superseded,,,0,0,,,deck
d1625c803fb5f9f1,..\2_LP\LOW_Fr_MASTER_result\regen\ba125c164163\cy10,superseded,,,0,0,,,deck
d1625c803fb5f9f1,..\2_LP\LOW_Fr_MASTER_result\regen\ba125c164163\cy11,superseded,,,0,0,,,deck
d1625c803fb5f9f1,..\2_LP\LOW_Fr_MASTER_result\regen\ba125c164163\cy12,regen:cy12/12,1.6534,1.4663,25,1,,620.408,deck
,..\2_LP\LOW_Fr_MASTER_result\regen\ba3d00059ec7\cy01,superseded,,,0,0,,,
7877a582ef9d6647,..\2_LP\LOW_Fr_MASTER_result\regen\ba3d00059ec7\cy02,superseded,,,0,0,,,deck
7877a582ef9d6647,..\2_LP\LOW_Fr_MASTER_result\regen\ba3d00059ec7\cy03,superseded,,,0,0,,,deck
7877a582ef9d6647,..\2_LP\LOW_Fr_MASTER_result\regen\ba3d00059ec7\cy04,superseded,,,0,0,,,deck
7877a582ef9d6647,..\2_LP\LOW_Fr_MASTER_result\regen\ba3d00059ec7\cy05,superseded,,,0,0,,,deck
7877a582ef9d6647,..\2_LP\LOW_Fr_MASTER_result\regen\ba3d00059ec7\cy06,superseded,,,0,0,,,deck
7877a582ef9d6647,..\2_LP\LOW_Fr_MASTER_result\regen\ba3d00059ec7\cy07,superseded,,,0,0,,,deck
7877a582ef9d6647,..\2_LP\LOW_Fr_MASTER_result\regen\ba3d00059ec7\cy08,superseded,,,0,0,,,deck
7877a582ef9d6647,..\2_LP\LOW_Fr_MASTER_result\regen\ba3d00059ec7\cy09,superseded,,,0,0,,,deck
7877a582ef9d6647,..\2_LP\LOW_Fr_MASTER_result\regen\ba3d00059ec7\cy10,superseded,,,0,0,,,deck
7877a582ef9d6647,..\2_LP\LOW_Fr_MASTER_result\regen\ba3d00059ec7\cy11,superseded,,,0,0,,,deck
7877a582ef9d6647,..\2_LP\LOW_Fr_MASTER_result\regen\ba3d00059ec7\cy12,regen:cy12/12,1.672,1.4741,25,1,,621.504,deck
,..\2_LP\LOW_Fr_MASTER_result\regen\bb4425e05595\cy01,superseded,,,0,0,,,
e87ab521629f8267,..\2_LP\LOW_Fr_MASTER_result\regen\bb4425e05595\cy02,superseded,,,0,0,,,deck
e87ab521629f8267,..\2_LP\LOW_Fr_MASTER_result\regen\bb4425e05595\cy03,superseded,,,0,0,,,deck
e87ab521629f8267,..\2_LP\LOW_Fr_MASTER_result\regen\bb4425e05595\cy04,superseded,,,0,0,,,deck
e87ab521629f8267,..\2_LP\LOW_Fr_MASTER_result\regen\bb4425e05595\cy05,superseded,,,0,0,,,deck
e87ab521629f8267,..\2_LP\LOW_Fr_MASTER_result\regen\bb4425e05595\cy06,superseded,,,0,0,,,deck
e87ab521629f8267,..\2_LP\LOW_Fr_MASTER_result\regen\bb4425e05595\cy07,superseded,,,0,0,,,deck
e87ab521629f8267,..\2_LP\LOW_Fr_MASTER_result\regen\bb4425e05595\cy08,superseded,,,0,0,,,deck
e87ab521629f8267,..\2_LP\LOW_Fr_MASTER_result\regen\bb4425e05595\cy09,superseded,,,0,0,,,deck
e87ab521629f8267,..\2_LP\LOW_Fr_MASTER_result\regen\bb4425e05595\cy10,superseded,,,0,0,,,deck
e87ab521629f8267,..\2_LP\LOW_Fr_MASTER_result\regen\bb4425e05595\cy11,superseded,,,0,0,,,deck
e87ab521629f8267,..\2_LP\LOW_Fr_MASTER_result\regen\bb4425e05595\cy12,regen:cy12/12,1.6042,1.4634,25,1,,617.242,deck
,..\2_LP\LOW_Fr_MASTER_result\regen\bb6c68b79041\cy01,superseded,,,0,0,,,
66c7a2b7ca71bf14,..\2_LP\LOW_Fr_MASTER_result\regen\bb6c68b79041\cy02,superseded,,,0,0,,,deck
66c7a2b7ca71bf14,..\2_LP\LOW_Fr_MASTER_result\regen\bb6c68b79041\cy03,superseded,,,0,0,,,deck
66c7a2b7ca71bf14,..\2_LP\LOW_Fr_MASTER_result\regen\bb6c68b79041\cy04,superseded,,,0,0,,,deck
66c7a2b7ca71bf14,..\2_LP\LOW_Fr_MASTER_result\regen\bb6c68b79041\cy05,superseded,,,0,0,,,deck
66c7a2b7ca71bf14,..\2_LP\LOW_Fr_MASTER_result\regen\bb6c68b79041\cy06,superseded,,,0,0,,,deck
66c7a2b7ca71bf14,..\2_LP\LOW_Fr_MASTER_result\regen\bb6c68b79041\cy07,superseded,,,0,0,,,deck
66c7a2b7ca71bf14,..\2_LP\LOW_Fr_MASTER_result\regen\bb6c68b79041\cy08,superseded,,,0,0,,,deck
66c7a2b7ca71bf14,..\2_LP\LOW_Fr_MASTER_result\regen\bb6c68b79041\cy09,superseded,,,0,0,,,deck
66c7a2b7ca71bf14,..\2_LP\LOW_Fr_MASTER_result\regen\bb6c68b79041\cy10,superseded,,,0,0,,,deck
66c7a2b7ca71bf14,..\2_LP\LOW_Fr_MASTER_result\regen\bb6c68b79041\cy11,superseded,,,0,0,,,deck
66c7a2b7ca71bf14,..\2_LP\LOW_Fr_MASTER_result\regen\bb6c68b79041\cy12,regen:cy12/12,1.9606,1.7764,25,1,,622.417,deck
,..\2_LP\LOW_Fr_MASTER_result\regen\bb8c85050629\cy01,superseded,,,0,0,,,
54db4d0aed8390c1,..\2_LP\LOW_Fr_MASTER_result\regen\bb8c85050629\cy02,superseded,,,0,0,,,deck
54db4d0aed8390c1,..\2_LP\LOW_Fr_MASTER_result\regen\bb8c85050629\cy03,superseded,,,0,0,,,deck
54db4d0aed8390c1,..\2_LP\LOW_Fr_MASTER_result\regen\bb8c85050629\cy04,superseded,,,0,0,,,deck
54db4d0aed8390c1,..\2_LP\LOW_Fr_MASTER_result\regen\bb8c85050629\cy05,superseded,,,0,0,,,deck
54db4d0aed8390c1,..\2_LP\LOW_Fr_MASTER_result\regen\bb8c85050629\cy06,superseded,,,0,0,,,deck
54db4d0aed8390c1,..\2_LP\LOW_Fr_MASTER_result\regen\bb8c85050629\cy07,superseded,,,0,0,,,deck
54db4d0aed8390c1,..\2_LP\LOW_Fr_MASTER_result\regen\bb8c85050629\cy08,superseded,,,0,0,,,deck
54db4d0aed8390c1,..\2_LP\LOW_Fr_MASTER_result\regen\bb8c85050629\cy09,superseded,,,0,0,,,deck
54db4d0aed8390c1,..\2_LP\LOW_Fr_MASTER_result\regen\bb8c85050629\cy10,superseded,,,0,0,,,deck
54db4d0aed8390c1,..\2_LP\LOW_Fr_MASTER_result\regen\bb8c85050629\cy11,superseded,,,0,0,,,deck
54db4d0aed8390c1,..\2_LP\LOW_Fr_MASTER_result\regen\bb8c85050629\cy12,regen:cy12/12,1.73,1.5149,25,1,,623.449,deck
,..\2_LP\LOW_Fr_MASTER_result\regen\bbd350516f94\cy01,superseded,,,0,0,,,
b8664be5c5b87927,..\2_LP\LOW_Fr_MASTER_result\regen\bbd350516f94\cy02,superseded,,,0,0,,,deck
b8664be5c5b87927,..\2_LP\LOW_Fr_MASTER_result\regen\bbd350516f94\cy03,superseded,,,0,0,,,deck
b8664be5c5b87927,..\2_LP\LOW_Fr_MASTER_result\regen\bbd350516f94\cy04,superseded,,,0,0,,,deck
b8664be5c5b87927,..\2_LP\LOW_Fr_MASTER_result\regen\bbd350516f94\cy05,superseded,,,0,0,,,deck
b8664be5c5b87927,..\2_LP\LOW_Fr_MASTER_result\regen\bbd350516f94\cy06,superseded,,,0,0,,,deck
b8664be5c5b87927,..\2_LP\LOW_Fr_MASTER_result\regen\bbd350516f94\cy07,superseded,,,0,0,,,deck
b8664be5c5b87927,..\2_LP\LOW_Fr_MASTER_result\regen\bbd350516f94\cy08,superseded,,,0,0,,,deck
b8664be5c5b87927,..\2_LP\LOW_Fr_MASTER_result\regen\bbd350516f94\cy09,superseded,,,0,0,,,deck
b8664be5c5b87927,..\2_LP\LOW_Fr_MASTER_result\regen\bbd350516f94\cy10,superseded,,,0,0,,,deck
b8664be5c5b87927,..\2_LP\LOW_Fr_MASTER_result\regen\bbd350516f94\cy11,superseded,,,0,0,,,deck
b8664be5c5b87927,..\2_LP\LOW_Fr_MASTER_result\regen\bbd350516f94\cy12,regen:cy12/12,1.6847,1.5276,25,1,,613.933,deck
,..\2_LP\LOW_Fr_MASTER_result\regen\bc020c40cb2d\cy01,superseded,,,0,0,,,
7b65dff48f0f1561,..\2_LP\LOW_Fr_MASTER_result\regen\bc020c40cb2d\cy02,superseded,,,0,0,,,deck
7b65dff48f0f1561,..\2_LP\LOW_Fr_MASTER_result\regen\bc020c40cb2d\cy03,superseded,,,0,0,,,deck
7b65dff48f0f1561,..\2_LP\LOW_Fr_MASTER_result\regen\bc020c40cb2d\cy04,superseded,,,0,0,,,deck
7b65dff48f0f1561,..\2_LP\LOW_Fr_MASTER_result\regen\bc020c40cb2d\cy05,superseded,,,0,0,,,deck
7b65dff48f0f1561,..\2_LP\LOW_Fr_MASTER_result\regen\bc020c40cb2d\cy06,superseded,,,0,0,,,deck
7b65dff48f0f1561,..\2_LP\LOW_Fr_MASTER_result\regen\bc020c40cb2d\cy07,superseded,,,0,0,,,deck
7b65dff48f0f1561,..\2_LP\LOW_Fr_MASTER_result\regen\bc020c40cb2d\cy08,superseded,,,0,0,,,deck
7b65dff48f0f1561,..\2_LP\LOW_Fr_MASTER_result\regen\bc020c40cb2d\cy09,superseded,,,0,0,,,deck
7b65dff48f0f1561,..\2_LP\LOW_Fr_MASTER_result\regen\bc020c40cb2d\cy10,superseded,,,0,0,,,deck
7b65dff48f0f1561,..\2_LP\LOW_Fr_MASTER_result\regen\bc020c40cb2d\cy11,regen:cy11/11,1.7292,1.5081,25,1,,623.733,deck
,..\2_LP\LOW_Fr_MASTER_result\regen\bc153fe06ef9\cy01,superseded,,,0,0,,,
a04f719778653780,..\2_LP\LOW_Fr_MASTER_result\regen\bc153fe06ef9\cy02,superseded,,,0,0,,,deck
a04f719778653780,..\2_LP\LOW_Fr_MASTER_result\regen\bc153fe06ef9\cy03,superseded,,,0,0,,,deck
a04f719778653780,..\2_LP\LOW_Fr_MASTER_result\regen\bc153fe06ef9\cy04,superseded,,,0,0,,,deck
a04f719778653780,..\2_LP\LOW_Fr_MASTER_result\regen\bc153fe06ef9\cy05,superseded,,,0,0,,,deck
a04f719778653780,..\2_LP\LOW_Fr_MASTER_result\regen\bc153fe06ef9\cy06,superseded,,,0,0,,,deck
a04f719778653780,..\2_LP\LOW_Fr_MASTER_result\regen\bc153fe06ef9\cy07,superseded,,,0,0,,,deck
a04f719778653780,..\2_LP\LOW_Fr_MASTER_result\regen\bc153fe06ef9\cy08,superseded,,,0,0,,,deck
a04f719778653780,..\2_LP\LOW_Fr_MASTER_result\regen\bc153fe06ef9\cy09,superseded,,,0,0,,,deck
a04f719778653780,..\2_LP\LOW_Fr_MASTER_result\regen\bc153fe06ef9\cy10,superseded,,,0,0,,,deck
a04f719778653780,..\2_LP\LOW_Fr_MASTER_result\regen\bc153fe06ef9\cy11,regen:cy11/11,1.6767,1.5253,25,1,,622.95,deck
,..\2_LP\LOW_Fr_MASTER_result\regen\bc1839d53360\cy01,no_digest,,,0,0,,,
,..\2_LP\LOW_Fr_MASTER_result\regen\bc84130aca98\cy01,superseded,,,0,0,,,
69d1c7b66f21ade4,..\2_LP\LOW_Fr_MASTER_result\regen\bc84130aca98\cy02,superseded,,,0,0,,,deck
69d1c7b66f21ade4,..\2_LP\LOW_Fr_MASTER_result\regen\bc84130aca98\cy03,superseded,,,0,0,,,deck
69d1c7b66f21ade4,..\2_LP\LOW_Fr_MASTER_result\regen\bc84130aca98\cy04,superseded,,,0,0,,,deck
69d1c7b66f21ade4,..\2_LP\LOW_Fr_MASTER_result\regen\bc84130aca98\cy05,superseded,,,0,0,,,deck
69d1c7b66f21ade4,..\2_LP\LOW_Fr_MASTER_result\regen\bc84130aca98\cy06,superseded,,,0,0,,,deck
69d1c7b66f21ade4,..\2_LP\LOW_Fr_MASTER_result\regen\bc84130aca98\cy07,superseded,,,0,0,,,deck
69d1c7b66f21ade4,..\2_LP\LOW_Fr_MASTER_result\regen\bc84130aca98\cy08,superseded,,,0,0,,,deck
69d1c7b66f21ade4,..\2_LP\LOW_Fr_MASTER_result\regen\bc84130aca98\cy09,superseded,,,0,0,,,deck
69d1c7b66f21ade4,..\2_LP\LOW_Fr_MASTER_result\regen\bc84130aca98\cy10,superseded,,,0,0,,,deck
69d1c7b66f21ade4,..\2_LP\LOW_Fr_MASTER_result\regen\bc84130aca98\cy11,regen:cy11/11,1.6361,1.5181,25,1,,621.946,deck
,..\2_LP\LOW_Fr_MASTER_result\regen\bc86a7b73d23\cy01,superseded,,,0,0,,,
0418bf75889d2006,..\2_LP\LOW_Fr_MASTER_result\regen\bc86a7b73d23\cy02,superseded,,,0,0,,,deck
0418bf75889d2006,..\2_LP\LOW_Fr_MASTER_result\regen\bc86a7b73d23\cy03,superseded,,,0,0,,,deck
0418bf75889d2006,..\2_LP\LOW_Fr_MASTER_result\regen\bc86a7b73d23\cy04,superseded,,,0,0,,,deck
0418bf75889d2006,..\2_LP\LOW_Fr_MASTER_result\regen\bc86a7b73d23\cy05,superseded,,,0,0,,,deck
0418bf75889d2006,..\2_LP\LOW_Fr_MASTER_result\regen\bc86a7b73d23\cy06,superseded,,,0,0,,,deck
0418bf75889d2006,..\2_LP\LOW_Fr_MASTER_result\regen\bc86a7b73d23\cy07,superseded,,,0,0,,,deck
0418bf75889d2006,..\2_LP\LOW_Fr_MASTER_result\regen\bc86a7b73d23\cy08,superseded,,,0,0,,,deck
0418bf75889d2006,..\2_LP\LOW_Fr_MASTER_result\regen\bc86a7b73d23\cy09,superseded,,,0,0,,,deck
0418bf75889d2006,..\2_LP\LOW_Fr_MASTER_result\regen\bc86a7b73d23\cy10,superseded,,,0,0,,,deck
0418bf75889d2006,..\2_LP\LOW_Fr_MASTER_result\regen\bc86a7b73d23\cy11,superseded,,,0,0,,,deck
0418bf75889d2006,..\2_LP\LOW_Fr_MASTER_result\regen\bc86a7b73d23\cy12,regen:cy12/12,1.5969,1.4475,25,1,,623.233,deck
,..\2_LP\LOW_Fr_MASTER_result\regen\bd1006b4625e\cy01,superseded,,,0,0,,,
49c4c107274bbd59,..\2_LP\LOW_Fr_MASTER_result\regen\bd1006b4625e\cy02,superseded,,,0,0,,,deck
49c4c107274bbd59,..\2_LP\LOW_Fr_MASTER_result\regen\bd1006b4625e\cy03,superseded,,,0,0,,,deck
49c4c107274bbd59,..\2_LP\LOW_Fr_MASTER_result\regen\bd1006b4625e\cy04,superseded,,,0,0,,,deck
49c4c107274bbd59,..\2_LP\LOW_Fr_MASTER_result\regen\bd1006b4625e\cy05,superseded,,,0,0,,,deck
49c4c107274bbd59,..\2_LP\LOW_Fr_MASTER_result\regen\bd1006b4625e\cy06,superseded,,,0,0,,,deck
49c4c107274bbd59,..\2_LP\LOW_Fr_MASTER_result\regen\bd1006b4625e\cy07,superseded,,,0,0,,,deck
49c4c107274bbd59,..\2_LP\LOW_Fr_MASTER_result\regen\bd1006b4625e\cy08,superseded,,,0,0,,,deck
49c4c107274bbd59,..\2_LP\LOW_Fr_MASTER_result\regen\bd1006b4625e\cy09,superseded,,,0,0,,,deck
49c4c107274bbd59,..\2_LP\LOW_Fr_MASTER_result\regen\bd1006b4625e\cy10,superseded,,,0,0,,,deck
49c4c107274bbd59,..\2_LP\LOW_Fr_MASTER_result\regen\bd1006b4625e\cy11,superseded,,,0,0,,,deck
49c4c107274bbd59,..\2_LP\LOW_Fr_MASTER_result\regen\bd1006b4625e\cy12,regen:cy12/12,1.7276,1.568,25,1,,613.361,deck
,..\2_LP\LOW_Fr_MASTER_result\regen\bd9fb48e75d2\cy01,superseded,,,0,0,,,
d1be91ca2a77e699,..\2_LP\LOW_Fr_MASTER_result\regen\bd9fb48e75d2\cy02,superseded,,,0,0,,,deck
d1be91ca2a77e699,..\2_LP\LOW_Fr_MASTER_result\regen\bd9fb48e75d2\cy03,superseded,,,0,0,,,deck
d1be91ca2a77e699,..\2_LP\LOW_Fr_MASTER_result\regen\bd9fb48e75d2\cy04,superseded,,,0,0,,,deck
d1be91ca2a77e699,..\2_LP\LOW_Fr_MASTER_result\regen\bd9fb48e75d2\cy05,superseded,,,0,0,,,deck
d1be91ca2a77e699,..\2_LP\LOW_Fr_MASTER_result\regen\bd9fb48e75d2\cy06,superseded,,,0,0,,,deck
d1be91ca2a77e699,..\2_LP\LOW_Fr_MASTER_result\regen\bd9fb48e75d2\cy07,superseded,,,0,0,,,deck
d1be91ca2a77e699,..\2_LP\LOW_Fr_MASTER_result\regen\bd9fb48e75d2\cy08,superseded,,,0,0,,,deck
d1be91ca2a77e699,..\2_LP\LOW_Fr_MASTER_result\regen\bd9fb48e75d2\cy09,superseded,,,0,0,,,deck
d1be91ca2a77e699,..\2_LP\LOW_Fr_MASTER_result\regen\bd9fb48e75d2\cy10,superseded,,,0,0,,,deck
d1be91ca2a77e699,..\2_LP\LOW_Fr_MASTER_result\regen\bd9fb48e75d2\cy11,superseded,,,0,0,,,deck
d1be91ca2a77e699,..\2_LP\LOW_Fr_MASTER_result\regen\bd9fb48e75d2\cy12,regen:cy12/12,1.865,1.7211,25,1,,617.228,deck
,..\2_LP\LOW_Fr_MASTER_result\regen\bdec50298ffd\cy01,superseded,,,0,0,,,
97a91851d995440a,..\2_LP\LOW_Fr_MASTER_result\regen\bdec50298ffd\cy02,superseded,,,0,0,,,deck
97a91851d995440a,..\2_LP\LOW_Fr_MASTER_result\regen\bdec50298ffd\cy03,superseded,,,0,0,,,deck
97a91851d995440a,..\2_LP\LOW_Fr_MASTER_result\regen\bdec50298ffd\cy04,superseded,,,0,0,,,deck
97a91851d995440a,..\2_LP\LOW_Fr_MASTER_result\regen\bdec50298ffd\cy05,superseded,,,0,0,,,deck
97a91851d995440a,..\2_LP\LOW_Fr_MASTER_result\regen\bdec50298ffd\cy06,superseded,,,0,0,,,deck
97a91851d995440a,..\2_LP\LOW_Fr_MASTER_result\regen\bdec50298ffd\cy07,superseded,,,0,0,,,deck
97a91851d995440a,..\2_LP\LOW_Fr_MASTER_result\regen\bdec50298ffd\cy08,superseded,,,0,0,,,deck
97a91851d995440a,..\2_LP\LOW_Fr_MASTER_result\regen\bdec50298ffd\cy09,superseded,,,0,0,,,deck
97a91851d995440a,..\2_LP\LOW_Fr_MASTER_result\regen\bdec50298ffd\cy10,superseded,,,0,0,,,deck
97a91851d995440a,..\2_LP\LOW_Fr_MASTER_result\regen\bdec50298ffd\cy11,superseded,,,0,0,,,deck
97a91851d995440a,..\2_LP\LOW_Fr_MASTER_result\regen\bdec50298ffd\cy12,regen:cy12/12,1.6145,1.4925,25,1,,618.925,deck
,..\2_LP\LOW_Fr_MASTER_result\regen\beee6c665994\cy01,superseded,,,0,0,,,
460a50e9ecee39e3,..\2_LP\LOW_Fr_MASTER_result\regen\beee6c665994\cy02,superseded,,,0,0,,,deck
460a50e9ecee39e3,..\2_LP\LOW_Fr_MASTER_result\regen\beee6c665994\cy03,superseded,,,0,0,,,deck
460a50e9ecee39e3,..\2_LP\LOW_Fr_MASTER_result\regen\beee6c665994\cy04,superseded,,,0,0,,,deck
460a50e9ecee39e3,..\2_LP\LOW_Fr_MASTER_result\regen\beee6c665994\cy05,superseded,,,0,0,,,deck
460a50e9ecee39e3,..\2_LP\LOW_Fr_MASTER_result\regen\beee6c665994\cy06,superseded,,,0,0,,,deck
460a50e9ecee39e3,..\2_LP\LOW_Fr_MASTER_result\regen\beee6c665994\cy07,superseded,,,0,0,,,deck
460a50e9ecee39e3,..\2_LP\LOW_Fr_MASTER_result\regen\beee6c665994\cy08,superseded,,,0,0,,,deck
460a50e9ecee39e3,..\2_LP\LOW_Fr_MASTER_result\regen\beee6c665994\cy09,superseded,,,0,0,,,deck
460a50e9ecee39e3,..\2_LP\LOW_Fr_MASTER_result\regen\beee6c665994\cy10,superseded,,,0,0,,,deck
460a50e9ecee39e3,..\2_LP\LOW_Fr_MASTER_result\regen\beee6c665994\cy11,superseded,,,0,0,,,deck
460a50e9ecee39e3,..\2_LP\LOW_Fr_MASTER_result\regen\beee6c665994\cy12,regen:cy12/12,1.7672,1.5329,25,1,,619.065,deck
,..\2_LP\LOW_Fr_MASTER_result\regen\bf7bcd2797d7\cy01,superseded,,,0,0,,,
aebf9396522a6680,..\2_LP\LOW_Fr_MASTER_result\regen\bf7bcd2797d7\cy02,superseded,,,0,0,,,deck
aebf9396522a6680,..\2_LP\LOW_Fr_MASTER_result\regen\bf7bcd2797d7\cy03,superseded,,,0,0,,,deck
aebf9396522a6680,..\2_LP\LOW_Fr_MASTER_result\regen\bf7bcd2797d7\cy04,superseded,,,0,0,,,deck
aebf9396522a6680,..\2_LP\LOW_Fr_MASTER_result\regen\bf7bcd2797d7\cy05,superseded,,,0,0,,,deck
aebf9396522a6680,..\2_LP\LOW_Fr_MASTER_result\regen\bf7bcd2797d7\cy06,superseded,,,0,0,,,deck
aebf9396522a6680,..\2_LP\LOW_Fr_MASTER_result\regen\bf7bcd2797d7\cy07,superseded,,,0,0,,,deck
aebf9396522a6680,..\2_LP\LOW_Fr_MASTER_result\regen\bf7bcd2797d7\cy08,superseded,,,0,0,,,deck
aebf9396522a6680,..\2_LP\LOW_Fr_MASTER_result\regen\bf7bcd2797d7\cy09,superseded,,,0,0,,,deck
aebf9396522a6680,..\2_LP\LOW_Fr_MASTER_result\regen\bf7bcd2797d7\cy10,superseded,,,0,0,,,deck
aebf9396522a6680,..\2_LP\LOW_Fr_MASTER_result\regen\bf7bcd2797d7\cy11,superseded,,,0,0,,,deck
aebf9396522a6680,..\2_LP\LOW_Fr_MASTER_result\regen\bf7bcd2797d7\cy12,regen:cy12/12,1.7119,1.5542,25,1,,614.039,deck
,..\2_LP\LOW_Fr_MASTER_result\regen\bfe37c6f2a78\cy01,superseded,,,0,0,,,
eff1f52c2f57f25f,..\2_LP\LOW_Fr_MASTER_result\regen\bfe37c6f2a78\cy02,superseded,,,0,0,,,deck
eff1f52c2f57f25f,..\2_LP\LOW_Fr_MASTER_result\regen\bfe37c6f2a78\cy03,superseded,,,0,0,,,deck
eff1f52c2f57f25f,..\2_LP\LOW_Fr_MASTER_result\regen\bfe37c6f2a78\cy04,superseded,,,0,0,,,deck
eff1f52c2f57f25f,..\2_LP\LOW_Fr_MASTER_result\regen\bfe37c6f2a78\cy05,superseded,,,0,0,,,deck
eff1f52c2f57f25f,..\2_LP\LOW_Fr_MASTER_result\regen\bfe37c6f2a78\cy06,superseded,,,0,0,,,deck
eff1f52c2f57f25f,..\2_LP\LOW_Fr_MASTER_result\regen\bfe37c6f2a78\cy07,superseded,,,0,0,,,deck
eff1f52c2f57f25f,..\2_LP\LOW_Fr_MASTER_result\regen\bfe37c6f2a78\cy08,superseded,,,0,0,,,deck
eff1f52c2f57f25f,..\2_LP\LOW_Fr_MASTER_result\regen\bfe37c6f2a78\cy09,superseded,,,0,0,,,deck
eff1f52c2f57f25f,..\2_LP\LOW_Fr_MASTER_result\regen\bfe37c6f2a78\cy10,superseded,,,0,0,,,deck
eff1f52c2f57f25f,..\2_LP\LOW_Fr_MASTER_result\regen\bfe37c6f2a78\cy11,superseded,,,0,0,,,deck
eff1f52c2f57f25f,..\2_LP\LOW_Fr_MASTER_result\regen\bfe37c6f2a78\cy12,regen:cy12/12,1.7042,1.5264,25,1,,617.569,deck
,..\2_LP\LOW_Fr_MASTER_result\regen\bff490669179\cy01,superseded,,,0,0,,,
40245938335d719c,..\2_LP\LOW_Fr_MASTER_result\regen\bff490669179\cy02,superseded,,,0,0,,,deck
40245938335d719c,..\2_LP\LOW_Fr_MASTER_result\regen\bff490669179\cy03,superseded,,,0,0,,,deck
40245938335d719c,..\2_LP\LOW_Fr_MASTER_result\regen\bff490669179\cy04,superseded,,,0,0,,,deck
40245938335d719c,..\2_LP\LOW_Fr_MASTER_result\regen\bff490669179\cy05,superseded,,,0,0,,,deck
40245938335d719c,..\2_LP\LOW_Fr_MASTER_result\regen\bff490669179\cy06,superseded,,,0,0,,,deck
40245938335d719c,..\2_LP\LOW_Fr_MASTER_result\regen\bff490669179\cy07,superseded,,,0,0,,,deck
40245938335d719c,..\2_LP\LOW_Fr_MASTER_result\regen\bff490669179\cy08,superseded,,,0,0,,,deck
40245938335d719c,..\2_LP\LOW_Fr_MASTER_result\regen\bff490669179\cy09,superseded,,,0,0,,,deck
40245938335d719c,..\2_LP\LOW_Fr_MASTER_result\regen\bff490669179\cy10,regen:cy10/10,1.6792,1.5295,25,1,,619.931,deck
,..\2_LP\LOW_Fr_MASTER_result\regen\c0d8f472a938\cy01,superseded,,,0,0,,,
7a7e3faf73983649,..\2_LP\LOW_Fr_MASTER_result\regen\c0d8f472a938\cy02,superseded,,,0,0,,,deck
7a7e3faf73983649,..\2_LP\LOW_Fr_MASTER_result\regen\c0d8f472a938\cy03,superseded,,,0,0,,,deck
7a7e3faf73983649,..\2_LP\LOW_Fr_MASTER_result\regen\c0d8f472a938\cy04,superseded,,,0,0,,,deck
7a7e3faf73983649,..\2_LP\LOW_Fr_MASTER_result\regen\c0d8f472a938\cy05,superseded,,,0,0,,,deck
7a7e3faf73983649,..\2_LP\LOW_Fr_MASTER_result\regen\c0d8f472a938\cy06,superseded,,,0,0,,,deck
7a7e3faf73983649,..\2_LP\LOW_Fr_MASTER_result\regen\c0d8f472a938\cy07,superseded,,,0,0,,,deck
7a7e3faf73983649,..\2_LP\LOW_Fr_MASTER_result\regen\c0d8f472a938\cy08,superseded,,,0,0,,,deck
7a7e3faf73983649,..\2_LP\LOW_Fr_MASTER_result\regen\c0d8f472a938\cy09,superseded,,,0,0,,,deck
7a7e3faf73983649,..\2_LP\LOW_Fr_MASTER_result\regen\c0d8f472a938\cy10,superseded,,,0,0,,,deck
7a7e3faf73983649,..\2_LP\LOW_Fr_MASTER_result\regen\c0d8f472a938\cy11,regen:cy11/11,1.6846,1.5148,25,1,,618.164,deck
,..\2_LP\LOW_Fr_MASTER_result\regen\c108e85e0ce6\cy01,superseded,,,0,0,,,
14f1930491d0b39a,..\2_LP\LOW_Fr_MASTER_result\regen\c108e85e0ce6\cy02,superseded,,,0,0,,,deck
14f1930491d0b39a,..\2_LP\LOW_Fr_MASTER_result\regen\c108e85e0ce6\cy03,superseded,,,0,0,,,deck
14f1930491d0b39a,..\2_LP\LOW_Fr_MASTER_result\regen\c108e85e0ce6\cy04,superseded,,,0,0,,,deck
14f1930491d0b39a,..\2_LP\LOW_Fr_MASTER_result\regen\c108e85e0ce6\cy05,superseded,,,0,0,,,deck
14f1930491d0b39a,..\2_LP\LOW_Fr_MASTER_result\regen\c108e85e0ce6\cy06,superseded,,,0,0,,,deck
14f1930491d0b39a,..\2_LP\LOW_Fr_MASTER_result\regen\c108e85e0ce6\cy07,superseded,,,0,0,,,deck
14f1930491d0b39a,..\2_LP\LOW_Fr_MASTER_result\regen\c108e85e0ce6\cy08,superseded,,,0,0,,,deck
14f1930491d0b39a,..\2_LP\LOW_Fr_MASTER_result\regen\c108e85e0ce6\cy09,superseded,,,0,0,,,deck
14f1930491d0b39a,..\2_LP\LOW_Fr_MASTER_result\regen\c108e85e0ce6\cy10,superseded,,,0,0,,,deck
14f1930491d0b39a,..\2_LP\LOW_Fr_MASTER_result\regen\c108e85e0ce6\cy11,regen:cy11/11,1.628,1.4816,25,1,,621.533,deck
,..\2_LP\LOW_Fr_MASTER_result\regen\c12f25a19474\cy01,superseded,,,0,0,,,
5385ac6123e663d3,..\2_LP\LOW_Fr_MASTER_result\regen\c12f25a19474\cy02,superseded,,,0,0,,,deck
5385ac6123e663d3,..\2_LP\LOW_Fr_MASTER_result\regen\c12f25a19474\cy03,superseded,,,0,0,,,deck
5385ac6123e663d3,..\2_LP\LOW_Fr_MASTER_result\regen\c12f25a19474\cy04,superseded,,,0,0,,,deck
5385ac6123e663d3,..\2_LP\LOW_Fr_MASTER_result\regen\c12f25a19474\cy05,superseded,,,0,0,,,deck
5385ac6123e663d3,..\2_LP\LOW_Fr_MASTER_result\regen\c12f25a19474\cy06,superseded,,,0,0,,,deck
5385ac6123e663d3,..\2_LP\LOW_Fr_MASTER_result\regen\c12f25a19474\cy07,superseded,,,0,0,,,deck
5385ac6123e663d3,..\2_LP\LOW_Fr_MASTER_result\regen\c12f25a19474\cy08,superseded,,,0,0,,,deck
5385ac6123e663d3,..\2_LP\LOW_Fr_MASTER_result\regen\c12f25a19474\cy09,superseded,,,0,0,,,deck
5385ac6123e663d3,..\2_LP\LOW_Fr_MASTER_result\regen\c12f25a19474\cy10,superseded,,,0,0,,,deck
5385ac6123e663d3,..\2_LP\LOW_Fr_MASTER_result\regen\c12f25a19474\cy11,superseded,,,0,0,,,deck
5385ac6123e663d3,..\2_LP\LOW_Fr_MASTER_result\regen\c12f25a19474\cy12,regen:cy12/12,1.599,1.4474,25,1,,623.015,deck
,..\2_LP\LOW_Fr_MASTER_result\regen\c27b954ca7fa\cy01,superseded,,,0,0,,,
d71fa084a08db7f9,..\2_LP\LOW_Fr_MASTER_result\regen\c27b954ca7fa\cy02,superseded,,,0,0,,,deck
d71fa084a08db7f9,..\2_LP\LOW_Fr_MASTER_result\regen\c27b954ca7fa\cy03,superseded,,,0,0,,,deck
d71fa084a08db7f9,..\2_LP\LOW_Fr_MASTER_result\regen\c27b954ca7fa\cy04,superseded,,,0,0,,,deck
d71fa084a08db7f9,..\2_LP\LOW_Fr_MASTER_result\regen\c27b954ca7fa\cy05,superseded,,,0,0,,,deck
d71fa084a08db7f9,..\2_LP\LOW_Fr_MASTER_result\regen\c27b954ca7fa\cy06,superseded,,,0,0,,,deck
d71fa084a08db7f9,..\2_LP\LOW_Fr_MASTER_result\regen\c27b954ca7fa\cy07,superseded,,,0,0,,,deck
d71fa084a08db7f9,..\2_LP\LOW_Fr_MASTER_result\regen\c27b954ca7fa\cy08,superseded,,,0,0,,,deck
d71fa084a08db7f9,..\2_LP\LOW_Fr_MASTER_result\regen\c27b954ca7fa\cy09,superseded,,,0,0,,,deck
d71fa084a08db7f9,..\2_LP\LOW_Fr_MASTER_result\regen\c27b954ca7fa\cy10,superseded,,,0,0,,,deck
d71fa084a08db7f9,..\2_LP\LOW_Fr_MASTER_result\regen\c27b954ca7fa\cy11,regen:cy11/11,1.6619,1.546,25,1,,621.161,deck
,..\2_LP\LOW_Fr_MASTER_result\regen\c27d7f9ee4b1\cy01,superseded,,,0,0,,,
abad8f74dc03ed96,..\2_LP\LOW_Fr_MASTER_result\regen\c27d7f9ee4b1\cy02,superseded,,,0,0,,,deck
abad8f74dc03ed96,..\2_LP\LOW_Fr_MASTER_result\regen\c27d7f9ee4b1\cy03,superseded,,,0,0,,,deck
abad8f74dc03ed96,..\2_LP\LOW_Fr_MASTER_result\regen\c27d7f9ee4b1\cy04,superseded,,,0,0,,,deck
abad8f74dc03ed96,..\2_LP\LOW_Fr_MASTER_result\regen\c27d7f9ee4b1\cy05,superseded,,,0,0,,,deck
abad8f74dc03ed96,..\2_LP\LOW_Fr_MASTER_result\regen\c27d7f9ee4b1\cy06,superseded,,,0,0,,,deck
abad8f74dc03ed96,..\2_LP\LOW_Fr_MASTER_result\regen\c27d7f9ee4b1\cy07,superseded,,,0,0,,,deck
abad8f74dc03ed96,..\2_LP\LOW_Fr_MASTER_result\regen\c27d7f9ee4b1\cy08,superseded,,,0,0,,,deck
abad8f74dc03ed96,..\2_LP\LOW_Fr_MASTER_result\regen\c27d7f9ee4b1\cy09,superseded,,,0,0,,,deck
abad8f74dc03ed96,..\2_LP\LOW_Fr_MASTER_result\regen\c27d7f9ee4b1\cy10,superseded,,,0,0,,,deck
abad8f74dc03ed96,..\2_LP\LOW_Fr_MASTER_result\regen\c27d7f9ee4b1\cy11,regen:cy11/11,1.7193,1.5586,25,1,,620.105,deck
,..\2_LP\LOW_Fr_MASTER_result\regen\c28efdde8f3a\cy01,superseded,,,0,0,,,
3fb85ca5917a3dfe,..\2_LP\LOW_Fr_MASTER_result\regen\c28efdde8f3a\cy02,superseded,,,0,0,,,deck
3fb85ca5917a3dfe,..\2_LP\LOW_Fr_MASTER_result\regen\c28efdde8f3a\cy03,superseded,,,0,0,,,deck
3fb85ca5917a3dfe,..\2_LP\LOW_Fr_MASTER_result\regen\c28efdde8f3a\cy04,superseded,,,0,0,,,deck
3fb85ca5917a3dfe,..\2_LP\LOW_Fr_MASTER_result\regen\c28efdde8f3a\cy05,superseded,,,0,0,,,deck
3fb85ca5917a3dfe,..\2_LP\LOW_Fr_MASTER_result\regen\c28efdde8f3a\cy06,superseded,,,0,0,,,deck
3fb85ca5917a3dfe,..\2_LP\LOW_Fr_MASTER_result\regen\c28efdde8f3a\cy07,superseded,,,0,0,,,deck
3fb85ca5917a3dfe,..\2_LP\LOW_Fr_MASTER_result\regen\c28efdde8f3a\cy08,superseded,,,0,0,,,deck
3fb85ca5917a3dfe,..\2_LP\LOW_Fr_MASTER_result\regen\c28efdde8f3a\cy09,superseded,,,0,0,,,deck
3fb85ca5917a3dfe,..\2_LP\LOW_Fr_MASTER_result\regen\c28efdde8f3a\cy10,superseded,,,0,0,,,deck
3fb85ca5917a3dfe,..\2_LP\LOW_Fr_MASTER_result\regen\c28efdde8f3a\cy11,superseded,,,0,0,,,deck
3fb85ca5917a3dfe,..\2_LP\LOW_Fr_MASTER_result\regen\c28efdde8f3a\cy12,regen:cy12/12,1.6932,1.5382,25,1,,613.82,deck
,..\2_LP\LOW_Fr_MASTER_result\regen\c2cf661bcde8\cy01,superseded,,,0,0,,,
051ab84e8e169e18,..\2_LP\LOW_Fr_MASTER_result\regen\c2cf661bcde8\cy02,superseded,,,0,0,,,deck
051ab84e8e169e18,..\2_LP\LOW_Fr_MASTER_result\regen\c2cf661bcde8\cy03,superseded,,,0,0,,,deck
051ab84e8e169e18,..\2_LP\LOW_Fr_MASTER_result\regen\c2cf661bcde8\cy04,superseded,,,0,0,,,deck
051ab84e8e169e18,..\2_LP\LOW_Fr_MASTER_result\regen\c2cf661bcde8\cy05,superseded,,,0,0,,,deck
051ab84e8e169e18,..\2_LP\LOW_Fr_MASTER_result\regen\c2cf661bcde8\cy06,superseded,,,0,0,,,deck
051ab84e8e169e18,..\2_LP\LOW_Fr_MASTER_result\regen\c2cf661bcde8\cy07,superseded,,,0,0,,,deck
051ab84e8e169e18,..\2_LP\LOW_Fr_MASTER_result\regen\c2cf661bcde8\cy08,superseded,,,0,0,,,deck
051ab84e8e169e18,..\2_LP\LOW_Fr_MASTER_result\regen\c2cf661bcde8\cy09,superseded,,,0,0,,,deck
051ab84e8e169e18,..\2_LP\LOW_Fr_MASTER_result\regen\c2cf661bcde8\cy10,superseded,,,0,0,,,deck
051ab84e8e169e18,..\2_LP\LOW_Fr_MASTER_result\regen\c2cf661bcde8\cy11,regen:cy11/11,1.5949,1.4579,25,1,,622.428,deck
,..\2_LP\LOW_Fr_MASTER_result\regen\c2e2c304902a\cy01,superseded,,,0,0,,,
031f21744585fd1f,..\2_LP\LOW_Fr_MASTER_result\regen\c2e2c304902a\cy02,superseded,,,0,0,,,deck
031f21744585fd1f,..\2_LP\LOW_Fr_MASTER_result\regen\c2e2c304902a\cy03,superseded,,,0,0,,,deck
031f21744585fd1f,..\2_LP\LOW_Fr_MASTER_result\regen\c2e2c304902a\cy04,superseded,,,0,0,,,deck
031f21744585fd1f,..\2_LP\LOW_Fr_MASTER_result\regen\c2e2c304902a\cy05,superseded,,,0,0,,,deck
031f21744585fd1f,..\2_LP\LOW_Fr_MASTER_result\regen\c2e2c304902a\cy06,superseded,,,0,0,,,deck
031f21744585fd1f,..\2_LP\LOW_Fr_MASTER_result\regen\c2e2c304902a\cy07,superseded,,,0,0,,,deck
031f21744585fd1f,..\2_LP\LOW_Fr_MASTER_result\regen\c2e2c304902a\cy08,superseded,,,0,0,,,deck
031f21744585fd1f,..\2_LP\LOW_Fr_MASTER_result\regen\c2e2c304902a\cy09,superseded,,,0,0,,,deck
031f21744585fd1f,..\2_LP\LOW_Fr_MASTER_result\regen\c2e2c304902a\cy10,superseded,,,0,0,,,deck
031f21744585fd1f,..\2_LP\LOW_Fr_MASTER_result\regen\c2e2c304902a\cy11,superseded,,,0,0,,,deck
031f21744585fd1f,..\2_LP\LOW_Fr_MASTER_result\regen\c2e2c304902a\cy12,regen:cy12/12,1.7291,1.5472,25,1,,619.545,deck
,..\2_LP\LOW_Fr_MASTER_result\regen\c335a06b9d54\cy01,superseded,,,0,0,,,
237c4fc6c138746f,..\2_LP\LOW_Fr_MASTER_result\regen\c335a06b9d54\cy02,superseded,,,0,0,,,deck
237c4fc6c138746f,..\2_LP\LOW_Fr_MASTER_result\regen\c335a06b9d54\cy03,superseded,,,0,0,,,deck
237c4fc6c138746f,..\2_LP\LOW_Fr_MASTER_result\regen\c335a06b9d54\cy04,superseded,,,0,0,,,deck
237c4fc6c138746f,..\2_LP\LOW_Fr_MASTER_result\regen\c335a06b9d54\cy05,superseded,,,0,0,,,deck
237c4fc6c138746f,..\2_LP\LOW_Fr_MASTER_result\regen\c335a06b9d54\cy06,superseded,,,0,0,,,deck
237c4fc6c138746f,..\2_LP\LOW_Fr_MASTER_result\regen\c335a06b9d54\cy07,superseded,,,0,0,,,deck
237c4fc6c138746f,..\2_LP\LOW_Fr_MASTER_result\regen\c335a06b9d54\cy08,superseded,,,0,0,,,deck
237c4fc6c138746f,..\2_LP\LOW_Fr_MASTER_result\regen\c335a06b9d54\cy09,superseded,,,0,0,,,deck
237c4fc6c138746f,..\2_LP\LOW_Fr_MASTER_result\regen\c335a06b9d54\cy10,superseded,,,0,0,,,deck
237c4fc6c138746f,..\2_LP\LOW_Fr_MASTER_result\regen\c335a06b9d54\cy11,superseded,,,0,0,,,deck
237c4fc6c138746f,..\2_LP\LOW_Fr_MASTER_result\regen\c335a06b9d54\cy12,regen:cy12/12,1.6948,1.5399,25,1,,613.821,deck
,..\2_LP\LOW_Fr_MASTER_result\regen\c33a82529445\cy01,superseded,,,0,0,,,
0d55b456a9ecef7b,..\2_LP\LOW_Fr_MASTER_result\regen\c33a82529445\cy02,superseded,,,0,0,,,deck
0d55b456a9ecef7b,..\2_LP\LOW_Fr_MASTER_result\regen\c33a82529445\cy03,superseded,,,0,0,,,deck
0d55b456a9ecef7b,..\2_LP\LOW_Fr_MASTER_result\regen\c33a82529445\cy04,superseded,,,0,0,,,deck
0d55b456a9ecef7b,..\2_LP\LOW_Fr_MASTER_result\regen\c33a82529445\cy05,superseded,,,0,0,,,deck
0d55b456a9ecef7b,..\2_LP\LOW_Fr_MASTER_result\regen\c33a82529445\cy06,superseded,,,0,0,,,deck
0d55b456a9ecef7b,..\2_LP\LOW_Fr_MASTER_result\regen\c33a82529445\cy07,superseded,,,0,0,,,deck
0d55b456a9ecef7b,..\2_LP\LOW_Fr_MASTER_result\regen\c33a82529445\cy08,superseded,,,0,0,,,deck
0d55b456a9ecef7b,..\2_LP\LOW_Fr_MASTER_result\regen\c33a82529445\cy09,superseded,,,0,0,,,deck
0d55b456a9ecef7b,..\2_LP\LOW_Fr_MASTER_result\regen\c33a82529445\cy10,superseded,,,0,0,,,deck
0d55b456a9ecef7b,..\2_LP\LOW_Fr_MASTER_result\regen\c33a82529445\cy11,regen:cy11/11,1.6278,1.5011,25,1,,621.913,deck
,..\2_LP\LOW_Fr_MASTER_result\regen\c49257e2356c\cy01,superseded,,,0,0,,,
8b1fa95bf5feb4fc,..\2_LP\LOW_Fr_MASTER_result\regen\c49257e2356c\cy02,superseded,,,0,0,,,deck
8b1fa95bf5feb4fc,..\2_LP\LOW_Fr_MASTER_result\regen\c49257e2356c\cy03,superseded,,,0,0,,,deck
8b1fa95bf5feb4fc,..\2_LP\LOW_Fr_MASTER_result\regen\c49257e2356c\cy04,superseded,,,0,0,,,deck
8b1fa95bf5feb4fc,..\2_LP\LOW_Fr_MASTER_result\regen\c49257e2356c\cy05,superseded,,,0,0,,,deck
8b1fa95bf5feb4fc,..\2_LP\LOW_Fr_MASTER_result\regen\c49257e2356c\cy06,superseded,,,0,0,,,deck
8b1fa95bf5feb4fc,..\2_LP\LOW_Fr_MASTER_result\regen\c49257e2356c\cy07,superseded,,,0,0,,,deck
8b1fa95bf5feb4fc,..\2_LP\LOW_Fr_MASTER_result\regen\c49257e2356c\cy08,superseded,,,0,0,,,deck
8b1fa95bf5feb4fc,..\2_LP\LOW_Fr_MASTER_result\regen\c49257e2356c\cy09,superseded,,,0,0,,,deck
8b1fa95bf5feb4fc,..\2_LP\LOW_Fr_MASTER_result\regen\c49257e2356c\cy10,regen:cy10/10,1.7085,1.5561,25,1,,617.098,deck
,..\2_LP\LOW_Fr_MASTER_result\regen\c6de8633ee82\cy01,no_digest,,,0,0,,,
,..\2_LP\LOW_Fr_MASTER_result\regen\c751dbfc7f50\cy01,superseded,,,0,0,,,
dcdf607f34ef26ce,..\2_LP\LOW_Fr_MASTER_result\regen\c751dbfc7f50\cy02,superseded,,,0,0,,,deck
dcdf607f34ef26ce,..\2_LP\LOW_Fr_MASTER_result\regen\c751dbfc7f50\cy03,superseded,,,0,0,,,deck
dcdf607f34ef26ce,..\2_LP\LOW_Fr_MASTER_result\regen\c751dbfc7f50\cy04,superseded,,,0,0,,,deck
dcdf607f34ef26ce,..\2_LP\LOW_Fr_MASTER_result\regen\c751dbfc7f50\cy05,superseded,,,0,0,,,deck
dcdf607f34ef26ce,..\2_LP\LOW_Fr_MASTER_result\regen\c751dbfc7f50\cy06,superseded,,,0,0,,,deck
dcdf607f34ef26ce,..\2_LP\LOW_Fr_MASTER_result\regen\c751dbfc7f50\cy07,superseded,,,0,0,,,deck
dcdf607f34ef26ce,..\2_LP\LOW_Fr_MASTER_result\regen\c751dbfc7f50\cy08,superseded,,,0,0,,,deck
dcdf607f34ef26ce,..\2_LP\LOW_Fr_MASTER_result\regen\c751dbfc7f50\cy09,superseded,,,0,0,,,deck
dcdf607f34ef26ce,..\2_LP\LOW_Fr_MASTER_result\regen\c751dbfc7f50\cy10,superseded,,,0,0,,,deck
dcdf607f34ef26ce,..\2_LP\LOW_Fr_MASTER_result\regen\c751dbfc7f50\cy11,superseded,,,0,0,,,deck
dcdf607f34ef26ce,..\2_LP\LOW_Fr_MASTER_result\regen\c751dbfc7f50\cy12,regen:cy12/12,1.8306,1.6173,25,1,,620.949,deck
,..\2_LP\LOW_Fr_MASTER_result\regen\c770996f775c\cy01,superseded,,,0,0,,,
29668c291173e4b3,..\2_LP\LOW_Fr_MASTER_result\regen\c770996f775c\cy02,superseded,,,0,0,,,deck
29668c291173e4b3,..\2_LP\LOW_Fr_MASTER_result\regen\c770996f775c\cy03,superseded,,,0,0,,,deck
29668c291173e4b3,..\2_LP\LOW_Fr_MASTER_result\regen\c770996f775c\cy04,superseded,,,0,0,,,deck
29668c291173e4b3,..\2_LP\LOW_Fr_MASTER_result\regen\c770996f775c\cy05,superseded,,,0,0,,,deck
29668c291173e4b3,..\2_LP\LOW_Fr_MASTER_result\regen\c770996f775c\cy06,superseded,,,0,0,,,deck
29668c291173e4b3,..\2_LP\LOW_Fr_MASTER_result\regen\c770996f775c\cy07,superseded,,,0,0,,,deck
29668c291173e4b3,..\2_LP\LOW_Fr_MASTER_result\regen\c770996f775c\cy08,superseded,,,0,0,,,deck
29668c291173e4b3,..\2_LP\LOW_Fr_MASTER_result\regen\c770996f775c\cy09,superseded,,,0,0,,,deck
29668c291173e4b3,..\2_LP\LOW_Fr_MASTER_result\regen\c770996f775c\cy10,superseded,,,0,0,,,deck
29668c291173e4b3,..\2_LP\LOW_Fr_MASTER_result\regen\c770996f775c\cy11,superseded,,,0,0,,,deck
29668c291173e4b3,..\2_LP\LOW_Fr_MASTER_result\regen\c770996f775c\cy12,regen:cy12/12,1.6353,1.4747,25,1,,620.02,deck
,..\2_LP\LOW_Fr_MASTER_result\regen\c8a088a693b9\cy01,superseded,,,0,0,,,
d10254092ab05c51,..\2_LP\LOW_Fr_MASTER_result\regen\c8a088a693b9\cy02,superseded,,,0,0,,,deck
d10254092ab05c51,..\2_LP\LOW_Fr_MASTER_result\regen\c8a088a693b9\cy03,superseded,,,0,0,,,deck
d10254092ab05c51,..\2_LP\LOW_Fr_MASTER_result\regen\c8a088a693b9\cy04,superseded,,,0,0,,,deck
d10254092ab05c51,..\2_LP\LOW_Fr_MASTER_result\regen\c8a088a693b9\cy05,superseded,,,0,0,,,deck
d10254092ab05c51,..\2_LP\LOW_Fr_MASTER_result\regen\c8a088a693b9\cy06,superseded,,,0,0,,,deck
d10254092ab05c51,..\2_LP\LOW_Fr_MASTER_result\regen\c8a088a693b9\cy07,superseded,,,0,0,,,deck
d10254092ab05c51,..\2_LP\LOW_Fr_MASTER_result\regen\c8a088a693b9\cy08,superseded,,,0,0,,,deck
d10254092ab05c51,..\2_LP\LOW_Fr_MASTER_result\regen\c8a088a693b9\cy09,superseded,,,0,0,,,deck
d10254092ab05c51,..\2_LP\LOW_Fr_MASTER_result\regen\c8a088a693b9\cy10,superseded,,,0,0,,,deck
d10254092ab05c51,..\2_LP\LOW_Fr_MASTER_result\regen\c8a088a693b9\cy11,superseded,,,0,0,,,deck
d10254092ab05c51,..\2_LP\LOW_Fr_MASTER_result\regen\c8a088a693b9\cy12,regen:cy12/12,1.7724,1.5694,25,1,,621.305,deck
,..\2_LP\LOW_Fr_MASTER_result\regen\c9f2220110d5\cy01,superseded,,,0,0,,,
a32732d819b26dc3,..\2_LP\LOW_Fr_MASTER_result\regen\c9f2220110d5\cy02,superseded,,,0,0,,,deck
a32732d819b26dc3,..\2_LP\LOW_Fr_MASTER_result\regen\c9f2220110d5\cy03,superseded,,,0,0,,,deck
a32732d819b26dc3,..\2_LP\LOW_Fr_MASTER_result\regen\c9f2220110d5\cy04,superseded,,,0,0,,,deck
a32732d819b26dc3,..\2_LP\LOW_Fr_MASTER_result\regen\c9f2220110d5\cy05,superseded,,,0,0,,,deck
a32732d819b26dc3,..\2_LP\LOW_Fr_MASTER_result\regen\c9f2220110d5\cy06,superseded,,,0,0,,,deck
a32732d819b26dc3,..\2_LP\LOW_Fr_MASTER_result\regen\c9f2220110d5\cy07,superseded,,,0,0,,,deck
a32732d819b26dc3,..\2_LP\LOW_Fr_MASTER_result\regen\c9f2220110d5\cy08,superseded,,,0,0,,,deck
a32732d819b26dc3,..\2_LP\LOW_Fr_MASTER_result\regen\c9f2220110d5\cy09,superseded,,,0,0,,,deck
a32732d819b26dc3,..\2_LP\LOW_Fr_MASTER_result\regen\c9f2220110d5\cy10,superseded,,,0,0,,,deck
a32732d819b26dc3,..\2_LP\LOW_Fr_MASTER_result\regen\c9f2220110d5\cy11,superseded,,,0,0,,,deck
a32732d819b26dc3,..\2_LP\LOW_Fr_MASTER_result\regen\c9f2220110d5\cy12,regen:cy12/12,1.6428,1.5144,25,1,,618.338,deck
,..\2_LP\LOW_Fr_MASTER_result\regen\ca9484bf8d61\cy01,superseded,,,0,0,,,
9d617008a72c2f3e,..\2_LP\LOW_Fr_MASTER_result\regen\ca9484bf8d61\cy02,superseded,,,0,0,,,deck
9d617008a72c2f3e,..\2_LP\LOW_Fr_MASTER_result\regen\ca9484bf8d61\cy03,superseded,,,0,0,,,deck
9d617008a72c2f3e,..\2_LP\LOW_Fr_MASTER_result\regen\ca9484bf8d61\cy04,superseded,,,0,0,,,deck
9d617008a72c2f3e,..\2_LP\LOW_Fr_MASTER_result\regen\ca9484bf8d61\cy05,superseded,,,0,0,,,deck
9d617008a72c2f3e,..\2_LP\LOW_Fr_MASTER_result\regen\ca9484bf8d61\cy06,superseded,,,0,0,,,deck
9d617008a72c2f3e,..\2_LP\LOW_Fr_MASTER_result\regen\ca9484bf8d61\cy07,superseded,,,0,0,,,deck
9d617008a72c2f3e,..\2_LP\LOW_Fr_MASTER_result\regen\ca9484bf8d61\cy08,superseded,,,0,0,,,deck
9d617008a72c2f3e,..\2_LP\LOW_Fr_MASTER_result\regen\ca9484bf8d61\cy09,superseded,,,0,0,,,deck
9d617008a72c2f3e,..\2_LP\LOW_Fr_MASTER_result\regen\ca9484bf8d61\cy10,superseded,,,0,0,,,deck
9d617008a72c2f3e,..\2_LP\LOW_Fr_MASTER_result\regen\ca9484bf8d61\cy11,superseded,,,0,0,,,deck
9d617008a72c2f3e,..\2_LP\LOW_Fr_MASTER_result\regen\ca9484bf8d61\cy12,regen:cy12/12,1.6438,1.4512,25,1,,614.365,deck
,..\2_LP\LOW_Fr_MASTER_result\regen\ca94fa6d384b\cy01,superseded,,,0,0,,,
3145045cf36a99f3,..\2_LP\LOW_Fr_MASTER_result\regen\ca94fa6d384b\cy02,superseded,,,0,0,,,deck
3145045cf36a99f3,..\2_LP\LOW_Fr_MASTER_result\regen\ca94fa6d384b\cy03,superseded,,,0,0,,,deck
3145045cf36a99f3,..\2_LP\LOW_Fr_MASTER_result\regen\ca94fa6d384b\cy04,superseded,,,0,0,,,deck
3145045cf36a99f3,..\2_LP\LOW_Fr_MASTER_result\regen\ca94fa6d384b\cy05,superseded,,,0,0,,,deck
3145045cf36a99f3,..\2_LP\LOW_Fr_MASTER_result\regen\ca94fa6d384b\cy06,superseded,,,0,0,,,deck
3145045cf36a99f3,..\2_LP\LOW_Fr_MASTER_result\regen\ca94fa6d384b\cy07,superseded,,,0,0,,,deck
3145045cf36a99f3,..\2_LP\LOW_Fr_MASTER_result\regen\ca94fa6d384b\cy08,superseded,,,0,0,,,deck
3145045cf36a99f3,..\2_LP\LOW_Fr_MASTER_result\regen\ca94fa6d384b\cy09,superseded,,,0,0,,,deck
3145045cf36a99f3,..\2_LP\LOW_Fr_MASTER_result\regen\ca94fa6d384b\cy10,regen:cy10/10,1.6056,1.4595,25,1,,623.497,deck
,..\2_LP\LOW_Fr_MASTER_result\regen\cad2278667b3\cy01,superseded,,,0,0,,,
8fd24fab175dd7d6,..\2_LP\LOW_Fr_MASTER_result\regen\cad2278667b3\cy02,superseded,,,0,0,,,deck
8fd24fab175dd7d6,..\2_LP\LOW_Fr_MASTER_result\regen\cad2278667b3\cy03,superseded,,,0,0,,,deck
8fd24fab175dd7d6,..\2_LP\LOW_Fr_MASTER_result\regen\cad2278667b3\cy04,superseded,,,0,0,,,deck
8fd24fab175dd7d6,..\2_LP\LOW_Fr_MASTER_result\regen\cad2278667b3\cy05,superseded,,,0,0,,,deck
8fd24fab175dd7d6,..\2_LP\LOW_Fr_MASTER_result\regen\cad2278667b3\cy06,superseded,,,0,0,,,deck
8fd24fab175dd7d6,..\2_LP\LOW_Fr_MASTER_result\regen\cad2278667b3\cy07,superseded,,,0,0,,,deck
8fd24fab175dd7d6,..\2_LP\LOW_Fr_MASTER_result\regen\cad2278667b3\cy08,superseded,,,0,0,,,deck
8fd24fab175dd7d6,..\2_LP\LOW_Fr_MASTER_result\regen\cad2278667b3\cy09,superseded,,,0,0,,,deck
8fd24fab175dd7d6,..\2_LP\LOW_Fr_MASTER_result\regen\cad2278667b3\cy10,regen:cy10/10,2.1125,1.9149,25,1,,622.603,deck
,..\2_LP\LOW_Fr_MASTER_result\regen\cbf27415d207\cy01,superseded,,,0,0,,,
9a0959e7d6d6aa3e,..\2_LP\LOW_Fr_MASTER_result\regen\cbf27415d207\cy02,superseded,,,0,0,,,deck
9a0959e7d6d6aa3e,..\2_LP\LOW_Fr_MASTER_result\regen\cbf27415d207\cy03,superseded,,,0,0,,,deck
9a0959e7d6d6aa3e,..\2_LP\LOW_Fr_MASTER_result\regen\cbf27415d207\cy04,superseded,,,0,0,,,deck
9a0959e7d6d6aa3e,..\2_LP\LOW_Fr_MASTER_result\regen\cbf27415d207\cy05,superseded,,,0,0,,,deck
9a0959e7d6d6aa3e,..\2_LP\LOW_Fr_MASTER_result\regen\cbf27415d207\cy06,superseded,,,0,0,,,deck
9a0959e7d6d6aa3e,..\2_LP\LOW_Fr_MASTER_result\regen\cbf27415d207\cy07,superseded,,,0,0,,,deck
9a0959e7d6d6aa3e,..\2_LP\LOW_Fr_MASTER_result\regen\cbf27415d207\cy08,superseded,,,0,0,,,deck
9a0959e7d6d6aa3e,..\2_LP\LOW_Fr_MASTER_result\regen\cbf27415d207\cy09,superseded,,,0,0,,,deck
9a0959e7d6d6aa3e,..\2_LP\LOW_Fr_MASTER_result\regen\cbf27415d207\cy10,superseded,,,0,0,,,deck
9a0959e7d6d6aa3e,..\2_LP\LOW_Fr_MASTER_result\regen\cbf27415d207\cy11,superseded,,,0,0,,,deck
9a0959e7d6d6aa3e,..\2_LP\LOW_Fr_MASTER_result\regen\cbf27415d207\cy12,regen:cy12/12,1.5906,1.4426,25,1,,623.185,deck
,..\2_LP\LOW_Fr_MASTER_result\regen\cc2bf1d0c394\cy01,superseded,,,0,0,,,
2187c7eaaaca3dc9,..\2_LP\LOW_Fr_MASTER_result\regen\cc2bf1d0c394\cy02,superseded,,,0,0,,,deck
2187c7eaaaca3dc9,..\2_LP\LOW_Fr_MASTER_result\regen\cc2bf1d0c394\cy03,superseded,,,0,0,,,deck
2187c7eaaaca3dc9,..\2_LP\LOW_Fr_MASTER_result\regen\cc2bf1d0c394\cy04,superseded,,,0,0,,,deck
2187c7eaaaca3dc9,..\2_LP\LOW_Fr_MASTER_result\regen\cc2bf1d0c394\cy05,superseded,,,0,0,,,deck
2187c7eaaaca3dc9,..\2_LP\LOW_Fr_MASTER_result\regen\cc2bf1d0c394\cy06,superseded,,,0,0,,,deck
2187c7eaaaca3dc9,..\2_LP\LOW_Fr_MASTER_result\regen\cc2bf1d0c394\cy07,superseded,,,0,0,,,deck
2187c7eaaaca3dc9,..\2_LP\LOW_Fr_MASTER_result\regen\cc2bf1d0c394\cy08,superseded,,,0,0,,,deck
2187c7eaaaca3dc9,..\2_LP\LOW_Fr_MASTER_result\regen\cc2bf1d0c394\cy09,superseded,,,0,0,,,deck
2187c7eaaaca3dc9,..\2_LP\LOW_Fr_MASTER_result\regen\cc2bf1d0c394\cy10,superseded,,,0,0,,,deck
2187c7eaaaca3dc9,..\2_LP\LOW_Fr_MASTER_result\regen\cc2bf1d0c394\cy11,superseded,,,0,0,,,deck
2187c7eaaaca3dc9,..\2_LP\LOW_Fr_MASTER_result\regen\cc2bf1d0c394\cy12,regen:cy12/12,1.6532,1.5076,25,1,,622.823,deck
,..\2_LP\LOW_Fr_MASTER_result\regen\ccfe08596bcb\cy01,superseded,,,0,0,,,
f4afe21ebeda8077,..\2_LP\LOW_Fr_MASTER_result\regen\ccfe08596bcb\cy02,superseded,,,0,0,,,deck
f4afe21ebeda8077,..\2_LP\LOW_Fr_MASTER_result\regen\ccfe08596bcb\cy03,superseded,,,0,0,,,deck
f4afe21ebeda8077,..\2_LP\LOW_Fr_MASTER_result\regen\ccfe08596bcb\cy04,superseded,,,0,0,,,deck
f4afe21ebeda8077,..\2_LP\LOW_Fr_MASTER_result\regen\ccfe08596bcb\cy05,superseded,,,0,0,,,deck
f4afe21ebeda8077,..\2_LP\LOW_Fr_MASTER_result\regen\ccfe08596bcb\cy06,superseded,,,0,0,,,deck
f4afe21ebeda8077,..\2_LP\LOW_Fr_MASTER_result\regen\ccfe08596bcb\cy07,superseded,,,0,0,,,deck
f4afe21ebeda8077,..\2_LP\LOW_Fr_MASTER_result\regen\ccfe08596bcb\cy08,superseded,,,0,0,,,deck
f4afe21ebeda8077,..\2_LP\LOW_Fr_MASTER_result\regen\ccfe08596bcb\cy09,superseded,,,0,0,,,deck
f4afe21ebeda8077,..\2_LP\LOW_Fr_MASTER_result\regen\ccfe08596bcb\cy10,regen:cy10/10,1.7889,1.6639,25,1,,619.924,deck
,..\2_LP\LOW_Fr_MASTER_result\regen\cd14ee70e227\cy01,superseded,,,0,0,,,
2d3459178e4b1913,..\2_LP\LOW_Fr_MASTER_result\regen\cd14ee70e227\cy02,superseded,,,0,0,,,deck
2d3459178e4b1913,..\2_LP\LOW_Fr_MASTER_result\regen\cd14ee70e227\cy03,superseded,,,0,0,,,deck
2d3459178e4b1913,..\2_LP\LOW_Fr_MASTER_result\regen\cd14ee70e227\cy04,superseded,,,0,0,,,deck
2d3459178e4b1913,..\2_LP\LOW_Fr_MASTER_result\regen\cd14ee70e227\cy05,superseded,,,0,0,,,deck
2d3459178e4b1913,..\2_LP\LOW_Fr_MASTER_result\regen\cd14ee70e227\cy06,superseded,,,0,0,,,deck
2d3459178e4b1913,..\2_LP\LOW_Fr_MASTER_result\regen\cd14ee70e227\cy07,superseded,,,0,0,,,deck
2d3459178e4b1913,..\2_LP\LOW_Fr_MASTER_result\regen\cd14ee70e227\cy08,superseded,,,0,0,,,deck
2d3459178e4b1913,..\2_LP\LOW_Fr_MASTER_result\regen\cd14ee70e227\cy09,superseded,,,0,0,,,deck
2d3459178e4b1913,..\2_LP\LOW_Fr_MASTER_result\regen\cd14ee70e227\cy10,superseded,,,0,0,,,deck
2d3459178e4b1913,..\2_LP\LOW_Fr_MASTER_result\regen\cd14ee70e227\cy11,regen:cy11/11,1.6129,1.4781,25,1,,621.621,deck
,..\2_LP\LOW_Fr_MASTER_result\regen\cd73d10b2f13\cy01,superseded,,,0,0,,,
ab0dbb6071e17d49,..\2_LP\LOW_Fr_MASTER_result\regen\cd73d10b2f13\cy02,superseded,,,0,0,,,deck
ab0dbb6071e17d49,..\2_LP\LOW_Fr_MASTER_result\regen\cd73d10b2f13\cy03,superseded,,,0,0,,,deck
ab0dbb6071e17d49,..\2_LP\LOW_Fr_MASTER_result\regen\cd73d10b2f13\cy04,superseded,,,0,0,,,deck
ab0dbb6071e17d49,..\2_LP\LOW_Fr_MASTER_result\regen\cd73d10b2f13\cy05,superseded,,,0,0,,,deck
ab0dbb6071e17d49,..\2_LP\LOW_Fr_MASTER_result\regen\cd73d10b2f13\cy06,superseded,,,0,0,,,deck
ab0dbb6071e17d49,..\2_LP\LOW_Fr_MASTER_result\regen\cd73d10b2f13\cy07,superseded,,,0,0,,,deck
ab0dbb6071e17d49,..\2_LP\LOW_Fr_MASTER_result\regen\cd73d10b2f13\cy08,superseded,,,0,0,,,deck
ab0dbb6071e17d49,..\2_LP\LOW_Fr_MASTER_result\regen\cd73d10b2f13\cy09,superseded,,,0,0,,,deck
ab0dbb6071e17d49,..\2_LP\LOW_Fr_MASTER_result\regen\cd73d10b2f13\cy10,superseded,,,0,0,,,deck
ab0dbb6071e17d49,..\2_LP\LOW_Fr_MASTER_result\regen\cd73d10b2f13\cy11,superseded,,,0,0,,,deck
ab0dbb6071e17d49,..\2_LP\LOW_Fr_MASTER_result\regen\cd73d10b2f13\cy12,regen:cy12/12,1.6667,1.5368,25,1,,621.984,deck
,..\2_LP\LOW_Fr_MASTER_result\regen\cd82060196cd\cy01,superseded,,,0,0,,,
7f7cb2e431717174,..\2_LP\LOW_Fr_MASTER_result\regen\cd82060196cd\cy02,superseded,,,0,0,,,deck
7f7cb2e431717174,..\2_LP\LOW_Fr_MASTER_result\regen\cd82060196cd\cy03,superseded,,,0,0,,,deck
7f7cb2e431717174,..\2_LP\LOW_Fr_MASTER_result\regen\cd82060196cd\cy04,superseded,,,0,0,,,deck
7f7cb2e431717174,..\2_LP\LOW_Fr_MASTER_result\regen\cd82060196cd\cy05,superseded,,,0,0,,,deck
7f7cb2e431717174,..\2_LP\LOW_Fr_MASTER_result\regen\cd82060196cd\cy06,superseded,,,0,0,,,deck
7f7cb2e431717174,..\2_LP\LOW_Fr_MASTER_result\regen\cd82060196cd\cy07,superseded,,,0,0,,,deck
7f7cb2e431717174,..\2_LP\LOW_Fr_MASTER_result\regen\cd82060196cd\cy08,superseded,,,0,0,,,deck
7f7cb2e431717174,..\2_LP\LOW_Fr_MASTER_result\regen\cd82060196cd\cy09,superseded,,,0,0,,,deck
7f7cb2e431717174,..\2_LP\LOW_Fr_MASTER_result\regen\cd82060196cd\cy10,superseded,,,0,0,,,deck
7f7cb2e431717174,..\2_LP\LOW_Fr_MASTER_result\regen\cd82060196cd\cy11,superseded,,,0,0,,,deck
7f7cb2e431717174,..\2_LP\LOW_Fr_MASTER_result\regen\cd82060196cd\cy12,regen:cy12/12,1.6798,1.549,25,1,,619.11,deck
,..\2_LP\LOW_Fr_MASTER_result\regen\cda1f3d0f528\cy01,superseded,,,0,0,,,
4c21def8571e5f36,..\2_LP\LOW_Fr_MASTER_result\regen\cda1f3d0f528\cy02,superseded,,,0,0,,,deck
4c21def8571e5f36,..\2_LP\LOW_Fr_MASTER_result\regen\cda1f3d0f528\cy03,superseded,,,0,0,,,deck
4c21def8571e5f36,..\2_LP\LOW_Fr_MASTER_result\regen\cda1f3d0f528\cy04,superseded,,,0,0,,,deck
4c21def8571e5f36,..\2_LP\LOW_Fr_MASTER_result\regen\cda1f3d0f528\cy05,superseded,,,0,0,,,deck
4c21def8571e5f36,..\2_LP\LOW_Fr_MASTER_result\regen\cda1f3d0f528\cy06,superseded,,,0,0,,,deck
4c21def8571e5f36,..\2_LP\LOW_Fr_MASTER_result\regen\cda1f3d0f528\cy07,superseded,,,0,0,,,deck
4c21def8571e5f36,..\2_LP\LOW_Fr_MASTER_result\regen\cda1f3d0f528\cy08,superseded,,,0,0,,,deck
4c21def8571e5f36,..\2_LP\LOW_Fr_MASTER_result\regen\cda1f3d0f528\cy09,superseded,,,0,0,,,deck
4c21def8571e5f36,..\2_LP\LOW_Fr_MASTER_result\regen\cda1f3d0f528\cy10,superseded,,,0,0,,,deck
4c21def8571e5f36,..\2_LP\LOW_Fr_MASTER_result\regen\cda1f3d0f528\cy11,superseded,,,0,0,,,deck
4c21def8571e5f36,..\2_LP\LOW_Fr_MASTER_result\regen\cda1f3d0f528\cy12,regen:cy12/12,1.6931,1.5292,25,1,,615.488,deck
,..\2_LP\LOW_Fr_MASTER_result\regen\cdae9e3e5e58\cy01,superseded,,,0,0,,,
cc1fafa8adeddcd9,..\2_LP\LOW_Fr_MASTER_result\regen\cdae9e3e5e58\cy02,superseded,,,0,0,,,deck
cc1fafa8adeddcd9,..\2_LP\LOW_Fr_MASTER_result\regen\cdae9e3e5e58\cy03,superseded,,,0,0,,,deck
cc1fafa8adeddcd9,..\2_LP\LOW_Fr_MASTER_result\regen\cdae9e3e5e58\cy04,superseded,,,0,0,,,deck
cc1fafa8adeddcd9,..\2_LP\LOW_Fr_MASTER_result\regen\cdae9e3e5e58\cy05,superseded,,,0,0,,,deck
cc1fafa8adeddcd9,..\2_LP\LOW_Fr_MASTER_result\regen\cdae9e3e5e58\cy06,superseded,,,0,0,,,deck
cc1fafa8adeddcd9,..\2_LP\LOW_Fr_MASTER_result\regen\cdae9e3e5e58\cy07,superseded,,,0,0,,,deck
cc1fafa8adeddcd9,..\2_LP\LOW_Fr_MASTER_result\regen\cdae9e3e5e58\cy08,superseded,,,0,0,,,deck
cc1fafa8adeddcd9,..\2_LP\LOW_Fr_MASTER_result\regen\cdae9e3e5e58\cy09,superseded,,,0,0,,,deck
cc1fafa8adeddcd9,..\2_LP\LOW_Fr_MASTER_result\regen\cdae9e3e5e58\cy10,superseded,,,0,0,,,deck
cc1fafa8adeddcd9,..\2_LP\LOW_Fr_MASTER_result\regen\cdae9e3e5e58\cy11,superseded,,,0,0,,,deck
cc1fafa8adeddcd9,..\2_LP\LOW_Fr_MASTER_result\regen\cdae9e3e5e58\cy12,regen:cy12/12,1.6868,1.5261,25,1,,624.763,deck
,..\2_LP\LOW_Fr_MASTER_result\regen\ce1b84285460\cy01,superseded,,,0,0,,,
15f584dff3e3c039,..\2_LP\LOW_Fr_MASTER_result\regen\ce1b84285460\cy02,superseded,,,0,0,,,deck
15f584dff3e3c039,..\2_LP\LOW_Fr_MASTER_result\regen\ce1b84285460\cy03,superseded,,,0,0,,,deck
15f584dff3e3c039,..\2_LP\LOW_Fr_MASTER_result\regen\ce1b84285460\cy04,superseded,,,0,0,,,deck
15f584dff3e3c039,..\2_LP\LOW_Fr_MASTER_result\regen\ce1b84285460\cy05,superseded,,,0,0,,,deck
15f584dff3e3c039,..\2_LP\LOW_Fr_MASTER_result\regen\ce1b84285460\cy06,superseded,,,0,0,,,deck
15f584dff3e3c039,..\2_LP\LOW_Fr_MASTER_result\regen\ce1b84285460\cy07,superseded,,,0,0,,,deck
15f584dff3e3c039,..\2_LP\LOW_Fr_MASTER_result\regen\ce1b84285460\cy08,superseded,,,0,0,,,deck
15f584dff3e3c039,..\2_LP\LOW_Fr_MASTER_result\regen\ce1b84285460\cy09,superseded,,,0,0,,,deck
15f584dff3e3c039,..\2_LP\LOW_Fr_MASTER_result\regen\ce1b84285460\cy10,superseded,,,0,0,,,deck
15f584dff3e3c039,..\2_LP\LOW_Fr_MASTER_result\regen\ce1b84285460\cy11,superseded,,,0,0,,,deck
15f584dff3e3c039,..\2_LP\LOW_Fr_MASTER_result\regen\ce1b84285460\cy12,regen:cy12/12,1.6817,1.5253,25,1,,613.962,deck
,..\2_LP\LOW_Fr_MASTER_result\regen\ce33d5b5a691\cy01,superseded,,,0,0,,,
4eb529a23b09154a,..\2_LP\LOW_Fr_MASTER_result\regen\ce33d5b5a691\cy02,superseded,,,0,0,,,deck
4eb529a23b09154a,..\2_LP\LOW_Fr_MASTER_result\regen\ce33d5b5a691\cy03,superseded,,,0,0,,,deck
4eb529a23b09154a,..\2_LP\LOW_Fr_MASTER_result\regen\ce33d5b5a691\cy04,superseded,,,0,0,,,deck
4eb529a23b09154a,..\2_LP\LOW_Fr_MASTER_result\regen\ce33d5b5a691\cy05,superseded,,,0,0,,,deck
4eb529a23b09154a,..\2_LP\LOW_Fr_MASTER_result\regen\ce33d5b5a691\cy06,superseded,,,0,0,,,deck
4eb529a23b09154a,..\2_LP\LOW_Fr_MASTER_result\regen\ce33d5b5a691\cy07,superseded,,,0,0,,,deck
4eb529a23b09154a,..\2_LP\LOW_Fr_MASTER_result\regen\ce33d5b5a691\cy08,superseded,,,0,0,,,deck
4eb529a23b09154a,..\2_LP\LOW_Fr_MASTER_result\regen\ce33d5b5a691\cy09,superseded,,,0,0,,,deck
4eb529a23b09154a,..\2_LP\LOW_Fr_MASTER_result\regen\ce33d5b5a691\cy10,superseded,,,0,0,,,deck
4eb529a23b09154a,..\2_LP\LOW_Fr_MASTER_result\regen\ce33d5b5a691\cy11,regen:cy11/11,1.7078,1.5414,25,1,,613.885,deck
,..\2_LP\LOW_Fr_MASTER_result\regen\ce5412374617\cy01,superseded,,,0,0,,,
c5af1e55851af764,..\2_LP\LOW_Fr_MASTER_result\regen\ce5412374617\cy02,superseded,,,0,0,,,deck
c5af1e55851af764,..\2_LP\LOW_Fr_MASTER_result\regen\ce5412374617\cy03,superseded,,,0,0,,,deck
c5af1e55851af764,..\2_LP\LOW_Fr_MASTER_result\regen\ce5412374617\cy04,superseded,,,0,0,,,deck
c5af1e55851af764,..\2_LP\LOW_Fr_MASTER_result\regen\ce5412374617\cy05,superseded,,,0,0,,,deck
c5af1e55851af764,..\2_LP\LOW_Fr_MASTER_result\regen\ce5412374617\cy06,superseded,,,0,0,,,deck
c5af1e55851af764,..\2_LP\LOW_Fr_MASTER_result\regen\ce5412374617\cy07,superseded,,,0,0,,,deck
c5af1e55851af764,..\2_LP\LOW_Fr_MASTER_result\regen\ce5412374617\cy08,superseded,,,0,0,,,deck
c5af1e55851af764,..\2_LP\LOW_Fr_MASTER_result\regen\ce5412374617\cy09,superseded,,,0,0,,,deck
c5af1e55851af764,..\2_LP\LOW_Fr_MASTER_result\regen\ce5412374617\cy10,superseded,,,0,0,,,deck
c5af1e55851af764,..\2_LP\LOW_Fr_MASTER_result\regen\ce5412374617\cy11,superseded,,,0,0,,,deck
c5af1e55851af764,..\2_LP\LOW_Fr_MASTER_result\regen\ce5412374617\cy12,regen:cy12/12,1.7444,1.5505,25,1,,620.024,deck
,..\2_LP\LOW_Fr_MASTER_result\regen\cecad6113951\cy01,superseded,,,0,0,,,
58a460abcdf285e2,..\2_LP\LOW_Fr_MASTER_result\regen\cecad6113951\cy02,superseded,,,0,0,,,deck
58a460abcdf285e2,..\2_LP\LOW_Fr_MASTER_result\regen\cecad6113951\cy03,superseded,,,0,0,,,deck
58a460abcdf285e2,..\2_LP\LOW_Fr_MASTER_result\regen\cecad6113951\cy04,superseded,,,0,0,,,deck
58a460abcdf285e2,..\2_LP\LOW_Fr_MASTER_result\regen\cecad6113951\cy05,superseded,,,0,0,,,deck
58a460abcdf285e2,..\2_LP\LOW_Fr_MASTER_result\regen\cecad6113951\cy06,superseded,,,0,0,,,deck
58a460abcdf285e2,..\2_LP\LOW_Fr_MASTER_result\regen\cecad6113951\cy07,superseded,,,0,0,,,deck
58a460abcdf285e2,..\2_LP\LOW_Fr_MASTER_result\regen\cecad6113951\cy08,superseded,,,0,0,,,deck
58a460abcdf285e2,..\2_LP\LOW_Fr_MASTER_result\regen\cecad6113951\cy09,superseded,,,0,0,,,deck
58a460abcdf285e2,..\2_LP\LOW_Fr_MASTER_result\regen\cecad6113951\cy10,superseded,,,0,0,,,deck
58a460abcdf285e2,..\2_LP\LOW_Fr_MASTER_result\regen\cecad6113951\cy11,superseded,,,0,0,,,deck
58a460abcdf285e2,..\2_LP\LOW_Fr_MASTER_result\regen\cecad6113951\cy12,regen:cy12/12,1.7561,1.6037,25,1,,620.586,deck
,..\2_LP\LOW_Fr_MASTER_result\regen\cee063c62d74\cy01,superseded,,,0,0,,,
bdf90341f06f8249,..\2_LP\LOW_Fr_MASTER_result\regen\cee063c62d74\cy02,superseded,,,0,0,,,deck
bdf90341f06f8249,..\2_LP\LOW_Fr_MASTER_result\regen\cee063c62d74\cy03,superseded,,,0,0,,,deck
bdf90341f06f8249,..\2_LP\LOW_Fr_MASTER_result\regen\cee063c62d74\cy04,superseded,,,0,0,,,deck
bdf90341f06f8249,..\2_LP\LOW_Fr_MASTER_result\regen\cee063c62d74\cy05,superseded,,,0,0,,,deck
bdf90341f06f8249,..\2_LP\LOW_Fr_MASTER_result\regen\cee063c62d74\cy06,superseded,,,0,0,,,deck
bdf90341f06f8249,..\2_LP\LOW_Fr_MASTER_result\regen\cee063c62d74\cy07,superseded,,,0,0,,,deck
bdf90341f06f8249,..\2_LP\LOW_Fr_MASTER_result\regen\cee063c62d74\cy08,superseded,,,0,0,,,deck
bdf90341f06f8249,..\2_LP\LOW_Fr_MASTER_result\regen\cee063c62d74\cy09,superseded,,,0,0,,,deck
bdf90341f06f8249,..\2_LP\LOW_Fr_MASTER_result\regen\cee063c62d74\cy10,superseded,,,0,0,,,deck
bdf90341f06f8249,..\2_LP\LOW_Fr_MASTER_result\regen\cee063c62d74\cy11,superseded,,,0,0,,,deck
bdf90341f06f8249,..\2_LP\LOW_Fr_MASTER_result\regen\cee063c62d74\cy12,regen:cy12/12,1.6899,1.5404,25,1,,621.812,deck
,..\2_LP\LOW_Fr_MASTER_result\regen\cf841dae866d\cy01,superseded,,,0,0,,,
85024d7e942be078,..\2_LP\LOW_Fr_MASTER_result\regen\cf841dae866d\cy02,superseded,,,0,0,,,deck
85024d7e942be078,..\2_LP\LOW_Fr_MASTER_result\regen\cf841dae866d\cy03,superseded,,,0,0,,,deck
85024d7e942be078,..\2_LP\LOW_Fr_MASTER_result\regen\cf841dae866d\cy04,superseded,,,0,0,,,deck
85024d7e942be078,..\2_LP\LOW_Fr_MASTER_result\regen\cf841dae866d\cy05,superseded,,,0,0,,,deck
85024d7e942be078,..\2_LP\LOW_Fr_MASTER_result\regen\cf841dae866d\cy06,superseded,,,0,0,,,deck
85024d7e942be078,..\2_LP\LOW_Fr_MASTER_result\regen\cf841dae866d\cy07,superseded,,,0,0,,,deck
85024d7e942be078,..\2_LP\LOW_Fr_MASTER_result\regen\cf841dae866d\cy08,superseded,,,0,0,,,deck
85024d7e942be078,..\2_LP\LOW_Fr_MASTER_result\regen\cf841dae866d\cy09,superseded,,,0,0,,,deck
85024d7e942be078,..\2_LP\LOW_Fr_MASTER_result\regen\cf841dae866d\cy10,superseded,,,0,0,,,deck
85024d7e942be078,..\2_LP\LOW_Fr_MASTER_result\regen\cf841dae866d\cy11,superseded,,,0,0,,,deck
85024d7e942be078,..\2_LP\LOW_Fr_MASTER_result\regen\cf841dae866d\cy12,regen:cy12/12,1.7011,1.5449,25,1,,613.782,deck
,..\2_LP\LOW_Fr_MASTER_result\regen\cf8afb7988be\cy01,superseded,,,0,0,,,
ea84b1c260406ee2,..\2_LP\LOW_Fr_MASTER_result\regen\cf8afb7988be\cy02,superseded,,,0,0,,,deck
ea84b1c260406ee2,..\2_LP\LOW_Fr_MASTER_result\regen\cf8afb7988be\cy03,superseded,,,0,0,,,deck
ea84b1c260406ee2,..\2_LP\LOW_Fr_MASTER_result\regen\cf8afb7988be\cy04,superseded,,,0,0,,,deck
ea84b1c260406ee2,..\2_LP\LOW_Fr_MASTER_result\regen\cf8afb7988be\cy05,superseded,,,0,0,,,deck
ea84b1c260406ee2,..\2_LP\LOW_Fr_MASTER_result\regen\cf8afb7988be\cy06,superseded,,,0,0,,,deck
ea84b1c260406ee2,..\2_LP\LOW_Fr_MASTER_result\regen\cf8afb7988be\cy07,superseded,,,0,0,,,deck
ea84b1c260406ee2,..\2_LP\LOW_Fr_MASTER_result\regen\cf8afb7988be\cy08,superseded,,,0,0,,,deck
ea84b1c260406ee2,..\2_LP\LOW_Fr_MASTER_result\regen\cf8afb7988be\cy09,superseded,,,0,0,,,deck
ea84b1c260406ee2,..\2_LP\LOW_Fr_MASTER_result\regen\cf8afb7988be\cy10,superseded,,,0,0,,,deck
ea84b1c260406ee2,..\2_LP\LOW_Fr_MASTER_result\regen\cf8afb7988be\cy11,superseded,,,0,0,,,deck
ea84b1c260406ee2,..\2_LP\LOW_Fr_MASTER_result\regen\cf8afb7988be\cy12,regen:cy12/12,1.8024,1.5675,25,1,,617.561,deck
,..\2_LP\LOW_Fr_MASTER_result\regen\cfadcc0017c3\cy01,superseded,,,0,0,,,
6b1e61fb3df1c916,..\2_LP\LOW_Fr_MASTER_result\regen\cfadcc0017c3\cy02,superseded,,,0,0,,,deck
6b1e61fb3df1c916,..\2_LP\LOW_Fr_MASTER_result\regen\cfadcc0017c3\cy03,superseded,,,0,0,,,deck
6b1e61fb3df1c916,..\2_LP\LOW_Fr_MASTER_result\regen\cfadcc0017c3\cy04,superseded,,,0,0,,,deck
6b1e61fb3df1c916,..\2_LP\LOW_Fr_MASTER_result\regen\cfadcc0017c3\cy05,superseded,,,0,0,,,deck
6b1e61fb3df1c916,..\2_LP\LOW_Fr_MASTER_result\regen\cfadcc0017c3\cy06,superseded,,,0,0,,,deck
6b1e61fb3df1c916,..\2_LP\LOW_Fr_MASTER_result\regen\cfadcc0017c3\cy07,superseded,,,0,0,,,deck
6b1e61fb3df1c916,..\2_LP\LOW_Fr_MASTER_result\regen\cfadcc0017c3\cy08,superseded,,,0,0,,,deck
6b1e61fb3df1c916,..\2_LP\LOW_Fr_MASTER_result\regen\cfadcc0017c3\cy09,superseded,,,0,0,,,deck
6b1e61fb3df1c916,..\2_LP\LOW_Fr_MASTER_result\regen\cfadcc0017c3\cy10,superseded,,,0,0,,,deck
6b1e61fb3df1c916,..\2_LP\LOW_Fr_MASTER_result\regen\cfadcc0017c3\cy11,superseded,,,0,0,,,deck
6b1e61fb3df1c916,..\2_LP\LOW_Fr_MASTER_result\regen\cfadcc0017c3\cy12,regen:cy12/12,1.735,1.5548,25,1,,617.83,deck
,..\2_LP\LOW_Fr_MASTER_result\regen\cfb0cf101b6b\cy01,superseded,,,0,0,,,
c59727632e73458d,..\2_LP\LOW_Fr_MASTER_result\regen\cfb0cf101b6b\cy02,superseded,,,0,0,,,deck
c59727632e73458d,..\2_LP\LOW_Fr_MASTER_result\regen\cfb0cf101b6b\cy03,superseded,,,0,0,,,deck
c59727632e73458d,..\2_LP\LOW_Fr_MASTER_result\regen\cfb0cf101b6b\cy04,superseded,,,0,0,,,deck
c59727632e73458d,..\2_LP\LOW_Fr_MASTER_result\regen\cfb0cf101b6b\cy05,superseded,,,0,0,,,deck
c59727632e73458d,..\2_LP\LOW_Fr_MASTER_result\regen\cfb0cf101b6b\cy06,superseded,,,0,0,,,deck
c59727632e73458d,..\2_LP\LOW_Fr_MASTER_result\regen\cfb0cf101b6b\cy07,superseded,,,0,0,,,deck
c59727632e73458d,..\2_LP\LOW_Fr_MASTER_result\regen\cfb0cf101b6b\cy08,superseded,,,0,0,,,deck
c59727632e73458d,..\2_LP\LOW_Fr_MASTER_result\regen\cfb0cf101b6b\cy09,regen:cy09/9,2.0147,1.8244,25,1,,616.442,deck
,..\2_LP\LOW_Fr_MASTER_result\regen\cff2604e8375\cy01,superseded,,,0,0,,,
bd86fee5173e73a0,..\2_LP\LOW_Fr_MASTER_result\regen\cff2604e8375\cy02,superseded,,,0,0,,,deck
bd86fee5173e73a0,..\2_LP\LOW_Fr_MASTER_result\regen\cff2604e8375\cy03,superseded,,,0,0,,,deck
bd86fee5173e73a0,..\2_LP\LOW_Fr_MASTER_result\regen\cff2604e8375\cy04,superseded,,,0,0,,,deck
bd86fee5173e73a0,..\2_LP\LOW_Fr_MASTER_result\regen\cff2604e8375\cy05,superseded,,,0,0,,,deck
bd86fee5173e73a0,..\2_LP\LOW_Fr_MASTER_result\regen\cff2604e8375\cy06,superseded,,,0,0,,,deck
bd86fee5173e73a0,..\2_LP\LOW_Fr_MASTER_result\regen\cff2604e8375\cy07,superseded,,,0,0,,,deck
bd86fee5173e73a0,..\2_LP\LOW_Fr_MASTER_result\regen\cff2604e8375\cy08,superseded,,,0,0,,,deck
bd86fee5173e73a0,..\2_LP\LOW_Fr_MASTER_result\regen\cff2604e8375\cy09,superseded,,,0,0,,,deck
bd86fee5173e73a0,..\2_LP\LOW_Fr_MASTER_result\regen\cff2604e8375\cy10,superseded,,,0,0,,,deck
bd86fee5173e73a0,..\2_LP\LOW_Fr_MASTER_result\regen\cff2604e8375\cy11,superseded,,,0,0,,,deck
bd86fee5173e73a0,..\2_LP\LOW_Fr_MASTER_result\regen\cff2604e8375\cy12,regen:cy12/12,1.7524,1.5677,25,1,,616.877,deck
,..\2_LP\LOW_Fr_MASTER_result\regen\d03196d76ac4\cy01,superseded,,,0,0,,,
662ee247bb877579,..\2_LP\LOW_Fr_MASTER_result\regen\d03196d76ac4\cy02,superseded,,,0,0,,,deck
662ee247bb877579,..\2_LP\LOW_Fr_MASTER_result\regen\d03196d76ac4\cy03,superseded,,,0,0,,,deck
662ee247bb877579,..\2_LP\LOW_Fr_MASTER_result\regen\d03196d76ac4\cy04,superseded,,,0,0,,,deck
662ee247bb877579,..\2_LP\LOW_Fr_MASTER_result\regen\d03196d76ac4\cy05,superseded,,,0,0,,,deck
662ee247bb877579,..\2_LP\LOW_Fr_MASTER_result\regen\d03196d76ac4\cy06,superseded,,,0,0,,,deck
662ee247bb877579,..\2_LP\LOW_Fr_MASTER_result\regen\d03196d76ac4\cy07,superseded,,,0,0,,,deck
662ee247bb877579,..\2_LP\LOW_Fr_MASTER_result\regen\d03196d76ac4\cy08,superseded,,,0,0,,,deck
662ee247bb877579,..\2_LP\LOW_Fr_MASTER_result\regen\d03196d76ac4\cy09,superseded,,,0,0,,,deck
662ee247bb877579,..\2_LP\LOW_Fr_MASTER_result\regen\d03196d76ac4\cy10,superseded,,,0,0,,,deck
662ee247bb877579,..\2_LP\LOW_Fr_MASTER_result\regen\d03196d76ac4\cy11,superseded,,,0,0,,,deck
662ee247bb877579,..\2_LP\LOW_Fr_MASTER_result\regen\d03196d76ac4\cy12,regen:cy12/12,1.6225,1.4355,25,1,,617.588,deck
,..\2_LP\LOW_Fr_MASTER_result\regen\d1389cdc3659\cy01,superseded,,,0,0,,,
976a58063f7cf15d,..\2_LP\LOW_Fr_MASTER_result\regen\d1389cdc3659\cy02,superseded,,,0,0,,,deck
976a58063f7cf15d,..\2_LP\LOW_Fr_MASTER_result\regen\d1389cdc3659\cy03,superseded,,,0,0,,,deck
976a58063f7cf15d,..\2_LP\LOW_Fr_MASTER_result\regen\d1389cdc3659\cy04,superseded,,,0,0,,,deck
976a58063f7cf15d,..\2_LP\LOW_Fr_MASTER_result\regen\d1389cdc3659\cy05,superseded,,,0,0,,,deck
976a58063f7cf15d,..\2_LP\LOW_Fr_MASTER_result\regen\d1389cdc3659\cy06,superseded,,,0,0,,,deck
976a58063f7cf15d,..\2_LP\LOW_Fr_MASTER_result\regen\d1389cdc3659\cy07,superseded,,,0,0,,,deck
976a58063f7cf15d,..\2_LP\LOW_Fr_MASTER_result\regen\d1389cdc3659\cy08,superseded,,,0,0,,,deck
976a58063f7cf15d,..\2_LP\LOW_Fr_MASTER_result\regen\d1389cdc3659\cy09,superseded,,,0,0,,,deck
976a58063f7cf15d,..\2_LP\LOW_Fr_MASTER_result\regen\d1389cdc3659\cy10,superseded,,,0,0,,,deck
976a58063f7cf15d,..\2_LP\LOW_Fr_MASTER_result\regen\d1389cdc3659\cy11,regen:cy11/11,1.8484,1.6694,25,1,,609.484,deck
,..\2_LP\LOW_Fr_MASTER_result\regen\d18949c68645\cy01,superseded,,,0,0,,,
ea46a56f28a9a7f4,..\2_LP\LOW_Fr_MASTER_result\regen\d18949c68645\cy02,superseded,,,0,0,,,deck
ea46a56f28a9a7f4,..\2_LP\LOW_Fr_MASTER_result\regen\d18949c68645\cy03,superseded,,,0,0,,,deck
ea46a56f28a9a7f4,..\2_LP\LOW_Fr_MASTER_result\regen\d18949c68645\cy04,superseded,,,0,0,,,deck
ea46a56f28a9a7f4,..\2_LP\LOW_Fr_MASTER_result\regen\d18949c68645\cy05,superseded,,,0,0,,,deck
ea46a56f28a9a7f4,..\2_LP\LOW_Fr_MASTER_result\regen\d18949c68645\cy06,superseded,,,0,0,,,deck
ea46a56f28a9a7f4,..\2_LP\LOW_Fr_MASTER_result\regen\d18949c68645\cy07,superseded,,,0,0,,,deck
ea46a56f28a9a7f4,..\2_LP\LOW_Fr_MASTER_result\regen\d18949c68645\cy08,superseded,,,0,0,,,deck
ea46a56f28a9a7f4,..\2_LP\LOW_Fr_MASTER_result\regen\d18949c68645\cy09,superseded,,,0,0,,,deck
ea46a56f28a9a7f4,..\2_LP\LOW_Fr_MASTER_result\regen\d18949c68645\cy10,superseded,,,0,0,,,deck
ea46a56f28a9a7f4,..\2_LP\LOW_Fr_MASTER_result\regen\d18949c68645\cy11,superseded,,,0,0,,,deck
ea46a56f28a9a7f4,..\2_LP\LOW_Fr_MASTER_result\regen\d18949c68645\cy12,regen:cy12/12,1.7571,1.5406,25,1,,617.18,deck
,..\2_LP\LOW_Fr_MASTER_result\regen\d1a95a535293\cy01,superseded,,,0,0,,,
26a4d1f39152e2a6,..\2_LP\LOW_Fr_MASTER_result\regen\d1a95a535293\cy02,superseded,,,0,0,,,deck
26a4d1f39152e2a6,..\2_LP\LOW_Fr_MASTER_result\regen\d1a95a535293\cy03,superseded,,,0,0,,,deck
26a4d1f39152e2a6,..\2_LP\LOW_Fr_MASTER_result\regen\d1a95a535293\cy04,superseded,,,0,0,,,deck
26a4d1f39152e2a6,..\2_LP\LOW_Fr_MASTER_result\regen\d1a95a535293\cy05,superseded,,,0,0,,,deck
26a4d1f39152e2a6,..\2_LP\LOW_Fr_MASTER_result\regen\d1a95a535293\cy06,superseded,,,0,0,,,deck
26a4d1f39152e2a6,..\2_LP\LOW_Fr_MASTER_result\regen\d1a95a535293\cy07,superseded,,,0,0,,,deck
26a4d1f39152e2a6,..\2_LP\LOW_Fr_MASTER_result\regen\d1a95a535293\cy08,superseded,,,0,0,,,deck
26a4d1f39152e2a6,..\2_LP\LOW_Fr_MASTER_result\regen\d1a95a535293\cy09,superseded,,,0,0,,,deck
26a4d1f39152e2a6,..\2_LP\LOW_Fr_MASTER_result\regen\d1a95a535293\cy10,superseded,,,0,0,,,deck
26a4d1f39152e2a6,..\2_LP\LOW_Fr_MASTER_result\regen\d1a95a535293\cy11,regen:cy11/11,1.63,1.5139,25,1,,623.451,deck
,..\2_LP\LOW_Fr_MASTER_result\regen\d1b64b2c6df8\cy01,superseded,,,0,0,,,
7ee8d10c9c8b40ec,..\2_LP\LOW_Fr_MASTER_result\regen\d1b64b2c6df8\cy02,superseded,,,0,0,,,deck
7ee8d10c9c8b40ec,..\2_LP\LOW_Fr_MASTER_result\regen\d1b64b2c6df8\cy03,superseded,,,0,0,,,deck
7ee8d10c9c8b40ec,..\2_LP\LOW_Fr_MASTER_result\regen\d1b64b2c6df8\cy04,superseded,,,0,0,,,deck
7ee8d10c9c8b40ec,..\2_LP\LOW_Fr_MASTER_result\regen\d1b64b2c6df8\cy05,superseded,,,0,0,,,deck
7ee8d10c9c8b40ec,..\2_LP\LOW_Fr_MASTER_result\regen\d1b64b2c6df8\cy06,superseded,,,0,0,,,deck
7ee8d10c9c8b40ec,..\2_LP\LOW_Fr_MASTER_result\regen\d1b64b2c6df8\cy07,superseded,,,0,0,,,deck
7ee8d10c9c8b40ec,..\2_LP\LOW_Fr_MASTER_result\regen\d1b64b2c6df8\cy08,superseded,,,0,0,,,deck
7ee8d10c9c8b40ec,..\2_LP\LOW_Fr_MASTER_result\regen\d1b64b2c6df8\cy09,superseded,,,0,0,,,deck
7ee8d10c9c8b40ec,..\2_LP\LOW_Fr_MASTER_result\regen\d1b64b2c6df8\cy10,superseded,,,0,0,,,deck
7ee8d10c9c8b40ec,..\2_LP\LOW_Fr_MASTER_result\regen\d1b64b2c6df8\cy11,superseded,,,0,0,,,deck
7ee8d10c9c8b40ec,..\2_LP\LOW_Fr_MASTER_result\regen\d1b64b2c6df8\cy12,regen:cy12/12,1.6909,1.5348,25,1,,614.508,deck
,..\2_LP\LOW_Fr_MASTER_result\regen\d1c235855993\cy01,superseded,,,0,0,,,
93cf09c201a4e261,..\2_LP\LOW_Fr_MASTER_result\regen\d1c235855993\cy02,superseded,,,0,0,,,deck
93cf09c201a4e261,..\2_LP\LOW_Fr_MASTER_result\regen\d1c235855993\cy03,superseded,,,0,0,,,deck
93cf09c201a4e261,..\2_LP\LOW_Fr_MASTER_result\regen\d1c235855993\cy04,superseded,,,0,0,,,deck
93cf09c201a4e261,..\2_LP\LOW_Fr_MASTER_result\regen\d1c235855993\cy05,superseded,,,0,0,,,deck
93cf09c201a4e261,..\2_LP\LOW_Fr_MASTER_result\regen\d1c235855993\cy06,superseded,,,0,0,,,deck
93cf09c201a4e261,..\2_LP\LOW_Fr_MASTER_result\regen\d1c235855993\cy07,superseded,,,0,0,,,deck
93cf09c201a4e261,..\2_LP\LOW_Fr_MASTER_result\regen\d1c235855993\cy08,superseded,,,0,0,,,deck
93cf09c201a4e261,..\2_LP\LOW_Fr_MASTER_result\regen\d1c235855993\cy09,superseded,,,0,0,,,deck
93cf09c201a4e261,..\2_LP\LOW_Fr_MASTER_result\regen\d1c235855993\cy10,regen:cy10/10,1.5995,1.4546,25,1,,623.536,deck
,..\2_LP\LOW_Fr_MASTER_result\regen\d1e0e3e9fc38\cy01,superseded,,,0,0,,,
bb820e5c72163ba4,..\2_LP\LOW_Fr_MASTER_result\regen\d1e0e3e9fc38\cy02,superseded,,,0,0,,,deck
bb820e5c72163ba4,..\2_LP\LOW_Fr_MASTER_result\regen\d1e0e3e9fc38\cy03,superseded,,,0,0,,,deck
bb820e5c72163ba4,..\2_LP\LOW_Fr_MASTER_result\regen\d1e0e3e9fc38\cy04,superseded,,,0,0,,,deck
bb820e5c72163ba4,..\2_LP\LOW_Fr_MASTER_result\regen\d1e0e3e9fc38\cy05,superseded,,,0,0,,,deck
bb820e5c72163ba4,..\2_LP\LOW_Fr_MASTER_result\regen\d1e0e3e9fc38\cy06,superseded,,,0,0,,,deck
bb820e5c72163ba4,..\2_LP\LOW_Fr_MASTER_result\regen\d1e0e3e9fc38\cy07,superseded,,,0,0,,,deck
bb820e5c72163ba4,..\2_LP\LOW_Fr_MASTER_result\regen\d1e0e3e9fc38\cy08,superseded,,,0,0,,,deck
bb820e5c72163ba4,..\2_LP\LOW_Fr_MASTER_result\regen\d1e0e3e9fc38\cy09,superseded,,,0,0,,,deck
bb820e5c72163ba4,..\2_LP\LOW_Fr_MASTER_result\regen\d1e0e3e9fc38\cy10,superseded,,,0,0,,,deck
bb820e5c72163ba4,..\2_LP\LOW_Fr_MASTER_result\regen\d1e0e3e9fc38\cy11,superseded,,,0,0,,,deck
bb820e5c72163ba4,..\2_LP\LOW_Fr_MASTER_result\regen\d1e0e3e9fc38\cy12,regen:cy12/12,1.6731,1.5266,25,1,,622.975,deck
,..\2_LP\LOW_Fr_MASTER_result\regen\d1e18fb08bb8\cy01,superseded,,,0,0,,,
207873fe60cbeb7b,..\2_LP\LOW_Fr_MASTER_result\regen\d1e18fb08bb8\cy02,superseded,,,0,0,,,deck
207873fe60cbeb7b,..\2_LP\LOW_Fr_MASTER_result\regen\d1e18fb08bb8\cy03,superseded,,,0,0,,,deck
207873fe60cbeb7b,..\2_LP\LOW_Fr_MASTER_result\regen\d1e18fb08bb8\cy04,superseded,,,0,0,,,deck
207873fe60cbeb7b,..\2_LP\LOW_Fr_MASTER_result\regen\d1e18fb08bb8\cy05,superseded,,,0,0,,,deck
207873fe60cbeb7b,..\2_LP\LOW_Fr_MASTER_result\regen\d1e18fb08bb8\cy06,superseded,,,0,0,,,deck
207873fe60cbeb7b,..\2_LP\LOW_Fr_MASTER_result\regen\d1e18fb08bb8\cy07,superseded,,,0,0,,,deck
207873fe60cbeb7b,..\2_LP\LOW_Fr_MASTER_result\regen\d1e18fb08bb8\cy08,superseded,,,0,0,,,deck
207873fe60cbeb7b,..\2_LP\LOW_Fr_MASTER_result\regen\d1e18fb08bb8\cy09,superseded,,,0,0,,,deck
207873fe60cbeb7b,..\2_LP\LOW_Fr_MASTER_result\regen\d1e18fb08bb8\cy10,superseded,,,0,0,,,deck
207873fe60cbeb7b,..\2_LP\LOW_Fr_MASTER_result\regen\d1e18fb08bb8\cy11,superseded,,,0,0,,,deck
207873fe60cbeb7b,..\2_LP\LOW_Fr_MASTER_result\regen\d1e18fb08bb8\cy12,regen:cy12/12,1.6945,1.5601,25,1,,622.318,deck
,..\2_LP\LOW_Fr_MASTER_result\regen\d1fba7fb67ca\cy01,superseded,,,0,0,,,
4fdeede4b1a2d95b,..\2_LP\LOW_Fr_MASTER_result\regen\d1fba7fb67ca\cy02,superseded,,,0,0,,,deck
4fdeede4b1a2d95b,..\2_LP\LOW_Fr_MASTER_result\regen\d1fba7fb67ca\cy03,superseded,,,0,0,,,deck
4fdeede4b1a2d95b,..\2_LP\LOW_Fr_MASTER_result\regen\d1fba7fb67ca\cy04,superseded,,,0,0,,,deck
4fdeede4b1a2d95b,..\2_LP\LOW_Fr_MASTER_result\regen\d1fba7fb67ca\cy05,superseded,,,0,0,,,deck
4fdeede4b1a2d95b,..\2_LP\LOW_Fr_MASTER_result\regen\d1fba7fb67ca\cy06,superseded,,,0,0,,,deck
4fdeede4b1a2d95b,..\2_LP\LOW_Fr_MASTER_result\regen\d1fba7fb67ca\cy07,superseded,,,0,0,,,deck
4fdeede4b1a2d95b,..\2_LP\LOW_Fr_MASTER_result\regen\d1fba7fb67ca\cy08,superseded,,,0,0,,,deck
4fdeede4b1a2d95b,..\2_LP\LOW_Fr_MASTER_result\regen\d1fba7fb67ca\cy09,superseded,,,0,0,,,deck
4fdeede4b1a2d95b,..\2_LP\LOW_Fr_MASTER_result\regen\d1fba7fb67ca\cy10,superseded,,,0,0,,,deck
4fdeede4b1a2d95b,..\2_LP\LOW_Fr_MASTER_result\regen\d1fba7fb67ca\cy11,superseded,,,0,0,,,deck
4fdeede4b1a2d95b,..\2_LP\LOW_Fr_MASTER_result\regen\d1fba7fb67ca\cy12,regen:cy12/12,1.6064,1.4836,25,1,,616.857,deck
,..\2_LP\LOW_Fr_MASTER_result\regen\d291359d2278\cy01,superseded,,,0,0,,,
ade8ad8d031a89d0,..\2_LP\LOW_Fr_MASTER_result\regen\d291359d2278\cy02,superseded,,,0,0,,,deck
ade8ad8d031a89d0,..\2_LP\LOW_Fr_MASTER_result\regen\d291359d2278\cy03,superseded,,,0,0,,,deck
ade8ad8d031a89d0,..\2_LP\LOW_Fr_MASTER_result\regen\d291359d2278\cy04,superseded,,,0,0,,,deck
ade8ad8d031a89d0,..\2_LP\LOW_Fr_MASTER_result\regen\d291359d2278\cy05,superseded,,,0,0,,,deck
ade8ad8d031a89d0,..\2_LP\LOW_Fr_MASTER_result\regen\d291359d2278\cy06,superseded,,,0,0,,,deck
ade8ad8d031a89d0,..\2_LP\LOW_Fr_MASTER_result\regen\d291359d2278\cy07,superseded,,,0,0,,,deck
ade8ad8d031a89d0,..\2_LP\LOW_Fr_MASTER_result\regen\d291359d2278\cy08,superseded,,,0,0,,,deck
ade8ad8d031a89d0,..\2_LP\LOW_Fr_MASTER_result\regen\d291359d2278\cy09,superseded,,,0,0,,,deck
ade8ad8d031a89d0,..\2_LP\LOW_Fr_MASTER_result\regen\d291359d2278\cy10,superseded,,,0,0,,,deck
ade8ad8d031a89d0,..\2_LP\LOW_Fr_MASTER_result\regen\d291359d2278\cy11,superseded,,,0,0,,,deck
ade8ad8d031a89d0,..\2_LP\LOW_Fr_MASTER_result\regen\d291359d2278\cy12,regen:cy12/12,1.6355,1.4759,25,1,,616.673,deck
,..\2_LP\LOW_Fr_MASTER_result\regen\d2d121709fe1\cy01,superseded,,,0,0,,,
e785df92a2a219b0,..\2_LP\LOW_Fr_MASTER_result\regen\d2d121709fe1\cy02,superseded,,,0,0,,,deck
e785df92a2a219b0,..\2_LP\LOW_Fr_MASTER_result\regen\d2d121709fe1\cy03,superseded,,,0,0,,,deck
e785df92a2a219b0,..\2_LP\LOW_Fr_MASTER_result\regen\d2d121709fe1\cy04,superseded,,,0,0,,,deck
e785df92a2a219b0,..\2_LP\LOW_Fr_MASTER_result\regen\d2d121709fe1\cy05,superseded,,,0,0,,,deck
e785df92a2a219b0,..\2_LP\LOW_Fr_MASTER_result\regen\d2d121709fe1\cy06,superseded,,,0,0,,,deck
e785df92a2a219b0,..\2_LP\LOW_Fr_MASTER_result\regen\d2d121709fe1\cy07,superseded,,,0,0,,,deck
e785df92a2a219b0,..\2_LP\LOW_Fr_MASTER_result\regen\d2d121709fe1\cy08,superseded,,,0,0,,,deck
e785df92a2a219b0,..\2_LP\LOW_Fr_MASTER_result\regen\d2d121709fe1\cy09,superseded,,,0,0,,,deck
e785df92a2a219b0,..\2_LP\LOW_Fr_MASTER_result\regen\d2d121709fe1\cy10,superseded,,,0,0,,,deck
e785df92a2a219b0,..\2_LP\LOW_Fr_MASTER_result\regen\d2d121709fe1\cy11,superseded,,,0,0,,,deck
e785df92a2a219b0,..\2_LP\LOW_Fr_MASTER_result\regen\d2d121709fe1\cy12,regen:cy12/12,1.701,1.5028,25,1,,614.688,deck
,..\2_LP\LOW_Fr_MASTER_result\regen\d366018644db\cy01,superseded,,,0,0,,,
4a4f4595a1e37a53,..\2_LP\LOW_Fr_MASTER_result\regen\d366018644db\cy02,superseded,,,0,0,,,deck
4a4f4595a1e37a53,..\2_LP\LOW_Fr_MASTER_result\regen\d366018644db\cy03,superseded,,,0,0,,,deck
4a4f4595a1e37a53,..\2_LP\LOW_Fr_MASTER_result\regen\d366018644db\cy04,superseded,,,0,0,,,deck
4a4f4595a1e37a53,..\2_LP\LOW_Fr_MASTER_result\regen\d366018644db\cy05,superseded,,,0,0,,,deck
4a4f4595a1e37a53,..\2_LP\LOW_Fr_MASTER_result\regen\d366018644db\cy06,superseded,,,0,0,,,deck
4a4f4595a1e37a53,..\2_LP\LOW_Fr_MASTER_result\regen\d366018644db\cy07,superseded,,,0,0,,,deck
4a4f4595a1e37a53,..\2_LP\LOW_Fr_MASTER_result\regen\d366018644db\cy08,superseded,,,0,0,,,deck
4a4f4595a1e37a53,..\2_LP\LOW_Fr_MASTER_result\regen\d366018644db\cy09,superseded,,,0,0,,,deck
4a4f4595a1e37a53,..\2_LP\LOW_Fr_MASTER_result\regen\d366018644db\cy10,superseded,,,0,0,,,deck
4a4f4595a1e37a53,..\2_LP\LOW_Fr_MASTER_result\regen\d366018644db\cy11,superseded,,,0,0,,,deck
4a4f4595a1e37a53,..\2_LP\LOW_Fr_MASTER_result\regen\d366018644db\cy12,regen:cy12/12,1.9215,1.6411,25,1,,615.786,deck
,..\2_LP\LOW_Fr_MASTER_result\regen\d373f6af181b\cy01,superseded,,,0,0,,,
405c684990d0d75c,..\2_LP\LOW_Fr_MASTER_result\regen\d373f6af181b\cy02,superseded,,,0,0,,,deck
405c684990d0d75c,..\2_LP\LOW_Fr_MASTER_result\regen\d373f6af181b\cy03,superseded,,,0,0,,,deck
405c684990d0d75c,..\2_LP\LOW_Fr_MASTER_result\regen\d373f6af181b\cy04,superseded,,,0,0,,,deck
405c684990d0d75c,..\2_LP\LOW_Fr_MASTER_result\regen\d373f6af181b\cy05,superseded,,,0,0,,,deck
405c684990d0d75c,..\2_LP\LOW_Fr_MASTER_result\regen\d373f6af181b\cy06,superseded,,,0,0,,,deck
405c684990d0d75c,..\2_LP\LOW_Fr_MASTER_result\regen\d373f6af181b\cy07,superseded,,,0,0,,,deck
405c684990d0d75c,..\2_LP\LOW_Fr_MASTER_result\regen\d373f6af181b\cy08,superseded,,,0,0,,,deck
405c684990d0d75c,..\2_LP\LOW_Fr_MASTER_result\regen\d373f6af181b\cy09,superseded,,,0,0,,,deck
405c684990d0d75c,..\2_LP\LOW_Fr_MASTER_result\regen\d373f6af181b\cy10,regen:cy10/10,1.5963,1.4512,25,1,,623.53,deck
,..\2_LP\LOW_Fr_MASTER_result\regen\d3911540677e\cy01,superseded,,,0,0,,,
b4fa8794f1bfc519,..\2_LP\LOW_Fr_MASTER_result\regen\d3911540677e\cy02,superseded,,,0,0,,,deck
b4fa8794f1bfc519,..\2_LP\LOW_Fr_MASTER_result\regen\d3911540677e\cy03,superseded,,,0,0,,,deck
b4fa8794f1bfc519,..\2_LP\LOW_Fr_MASTER_result\regen\d3911540677e\cy04,superseded,,,0,0,,,deck
b4fa8794f1bfc519,..\2_LP\LOW_Fr_MASTER_result\regen\d3911540677e\cy05,superseded,,,0,0,,,deck
b4fa8794f1bfc519,..\2_LP\LOW_Fr_MASTER_result\regen\d3911540677e\cy06,superseded,,,0,0,,,deck
b4fa8794f1bfc519,..\2_LP\LOW_Fr_MASTER_result\regen\d3911540677e\cy07,superseded,,,0,0,,,deck
b4fa8794f1bfc519,..\2_LP\LOW_Fr_MASTER_result\regen\d3911540677e\cy08,superseded,,,0,0,,,deck
b4fa8794f1bfc519,..\2_LP\LOW_Fr_MASTER_result\regen\d3911540677e\cy09,superseded,,,0,0,,,deck
b4fa8794f1bfc519,..\2_LP\LOW_Fr_MASTER_result\regen\d3911540677e\cy10,superseded,,,0,0,,,deck
b4fa8794f1bfc519,..\2_LP\LOW_Fr_MASTER_result\regen\d3911540677e\cy11,regen:cy11/11,1.6209,1.5033,25,1,,621.874,deck
,..\2_LP\LOW_Fr_MASTER_result\regen\d3a7fb1d4194\cy01,superseded,,,0,0,,,
fc03e87ad8ea2fcb,..\2_LP\LOW_Fr_MASTER_result\regen\d3a7fb1d4194\cy02,superseded,,,0,0,,,deck
fc03e87ad8ea2fcb,..\2_LP\LOW_Fr_MASTER_result\regen\d3a7fb1d4194\cy03,superseded,,,0,0,,,deck
fc03e87ad8ea2fcb,..\2_LP\LOW_Fr_MASTER_result\regen\d3a7fb1d4194\cy04,superseded,,,0,0,,,deck
fc03e87ad8ea2fcb,..\2_LP\LOW_Fr_MASTER_result\regen\d3a7fb1d4194\cy05,superseded,,,0,0,,,deck
fc03e87ad8ea2fcb,..\2_LP\LOW_Fr_MASTER_result\regen\d3a7fb1d4194\cy06,superseded,,,0,0,,,deck
fc03e87ad8ea2fcb,..\2_LP\LOW_Fr_MASTER_result\regen\d3a7fb1d4194\cy07,superseded,,,0,0,,,deck
fc03e87ad8ea2fcb,..\2_LP\LOW_Fr_MASTER_result\regen\d3a7fb1d4194\cy08,superseded,,,0,0,,,deck
fc03e87ad8ea2fcb,..\2_LP\LOW_Fr_MASTER_result\regen\d3a7fb1d4194\cy09,superseded,,,0,0,,,deck
fc03e87ad8ea2fcb,..\2_LP\LOW_Fr_MASTER_result\regen\d3a7fb1d4194\cy10,superseded,,,0,0,,,deck
fc03e87ad8ea2fcb,..\2_LP\LOW_Fr_MASTER_result\regen\d3a7fb1d4194\cy11,regen:cy11/11,1.6789,1.5168,25,1,,615.743,deck
,..\2_LP\LOW_Fr_MASTER_result\regen\d3fdc9d26338\cy01,superseded,,,0,0,,,
5890d0533f742e0b,..\2_LP\LOW_Fr_MASTER_result\regen\d3fdc9d26338\cy02,superseded,,,0,0,,,deck
5890d0533f742e0b,..\2_LP\LOW_Fr_MASTER_result\regen\d3fdc9d26338\cy03,superseded,,,0,0,,,deck
5890d0533f742e0b,..\2_LP\LOW_Fr_MASTER_result\regen\d3fdc9d26338\cy04,superseded,,,0,0,,,deck
5890d0533f742e0b,..\2_LP\LOW_Fr_MASTER_result\regen\d3fdc9d26338\cy05,superseded,,,0,0,,,deck
5890d0533f742e0b,..\2_LP\LOW_Fr_MASTER_result\regen\d3fdc9d26338\cy06,superseded,,,0,0,,,deck
5890d0533f742e0b,..\2_LP\LOW_Fr_MASTER_result\regen\d3fdc9d26338\cy07,superseded,,,0,0,,,deck
5890d0533f742e0b,..\2_LP\LOW_Fr_MASTER_result\regen\d3fdc9d26338\cy08,superseded,,,0,0,,,deck
5890d0533f742e0b,..\2_LP\LOW_Fr_MASTER_result\regen\d3fdc9d26338\cy09,superseded,,,0,0,,,deck
5890d0533f742e0b,..\2_LP\LOW_Fr_MASTER_result\regen\d3fdc9d26338\cy10,superseded,,,0,0,,,deck
5890d0533f742e0b,..\2_LP\LOW_Fr_MASTER_result\regen\d3fdc9d26338\cy11,superseded,,,0,0,,,deck
5890d0533f742e0b,..\2_LP\LOW_Fr_MASTER_result\regen\d3fdc9d26338\cy12,regen:cy12/12,1.6964,1.491,25,1,,622.923,deck
,..\2_LP\LOW_Fr_MASTER_result\regen\d40841c74b45\cy01,superseded,,,0,0,,,
35b24beadd2dba49,..\2_LP\LOW_Fr_MASTER_result\regen\d40841c74b45\cy02,superseded,,,0,0,,,deck
35b24beadd2dba49,..\2_LP\LOW_Fr_MASTER_result\regen\d40841c74b45\cy03,superseded,,,0,0,,,deck
35b24beadd2dba49,..\2_LP\LOW_Fr_MASTER_result\regen\d40841c74b45\cy04,superseded,,,0,0,,,deck
35b24beadd2dba49,..\2_LP\LOW_Fr_MASTER_result\regen\d40841c74b45\cy05,superseded,,,0,0,,,deck
35b24beadd2dba49,..\2_LP\LOW_Fr_MASTER_result\regen\d40841c74b45\cy06,superseded,,,0,0,,,deck
35b24beadd2dba49,..\2_LP\LOW_Fr_MASTER_result\regen\d40841c74b45\cy07,superseded,,,0,0,,,deck
35b24beadd2dba49,..\2_LP\LOW_Fr_MASTER_result\regen\d40841c74b45\cy08,superseded,,,0,0,,,deck
35b24beadd2dba49,..\2_LP\LOW_Fr_MASTER_result\regen\d40841c74b45\cy09,superseded,,,0,0,,,deck
35b24beadd2dba49,..\2_LP\LOW_Fr_MASTER_result\regen\d40841c74b45\cy10,regen:cy10/10,1.7069,1.5416,25,1,,623.768,deck
,..\2_LP\LOW_Fr_MASTER_result\regen\d480370956fc\cy01,superseded,,,0,0,,,
7c66e11828e3c9ed,..\2_LP\LOW_Fr_MASTER_result\regen\d480370956fc\cy02,superseded,,,0,0,,,deck
7c66e11828e3c9ed,..\2_LP\LOW_Fr_MASTER_result\regen\d480370956fc\cy03,superseded,,,0,0,,,deck
7c66e11828e3c9ed,..\2_LP\LOW_Fr_MASTER_result\regen\d480370956fc\cy04,superseded,,,0,0,,,deck
7c66e11828e3c9ed,..\2_LP\LOW_Fr_MASTER_result\regen\d480370956fc\cy05,superseded,,,0,0,,,deck
7c66e11828e3c9ed,..\2_LP\LOW_Fr_MASTER_result\regen\d480370956fc\cy06,superseded,,,0,0,,,deck
7c66e11828e3c9ed,..\2_LP\LOW_Fr_MASTER_result\regen\d480370956fc\cy07,superseded,,,0,0,,,deck
7c66e11828e3c9ed,..\2_LP\LOW_Fr_MASTER_result\regen\d480370956fc\cy08,superseded,,,0,0,,,deck
7c66e11828e3c9ed,..\2_LP\LOW_Fr_MASTER_result\regen\d480370956fc\cy09,superseded,,,0,0,,,deck
7c66e11828e3c9ed,..\2_LP\LOW_Fr_MASTER_result\regen\d480370956fc\cy10,superseded,,,0,0,,,deck
7c66e11828e3c9ed,..\2_LP\LOW_Fr_MASTER_result\regen\d480370956fc\cy11,regen:cy11/11,1.6587,1.502,25,1,,619.916,deck
,..\2_LP\LOW_Fr_MASTER_result\regen\d4913ee809ad\cy01,superseded,,,0,0,,,
0554b482b8294bed,..\2_LP\LOW_Fr_MASTER_result\regen\d4913ee809ad\cy02,superseded,,,0,0,,,deck
0554b482b8294bed,..\2_LP\LOW_Fr_MASTER_result\regen\d4913ee809ad\cy03,superseded,,,0,0,,,deck
0554b482b8294bed,..\2_LP\LOW_Fr_MASTER_result\regen\d4913ee809ad\cy04,superseded,,,0,0,,,deck
0554b482b8294bed,..\2_LP\LOW_Fr_MASTER_result\regen\d4913ee809ad\cy05,superseded,,,0,0,,,deck
0554b482b8294bed,..\2_LP\LOW_Fr_MASTER_result\regen\d4913ee809ad\cy06,superseded,,,0,0,,,deck
0554b482b8294bed,..\2_LP\LOW_Fr_MASTER_result\regen\d4913ee809ad\cy07,superseded,,,0,0,,,deck
0554b482b8294bed,..\2_LP\LOW_Fr_MASTER_result\regen\d4913ee809ad\cy08,superseded,,,0,0,,,deck
0554b482b8294bed,..\2_LP\LOW_Fr_MASTER_result\regen\d4913ee809ad\cy09,superseded,,,0,0,,,deck
0554b482b8294bed,..\2_LP\LOW_Fr_MASTER_result\regen\d4913ee809ad\cy10,superseded,,,0,0,,,deck
0554b482b8294bed,..\2_LP\LOW_Fr_MASTER_result\regen\d4913ee809ad\cy11,superseded,,,0,0,,,deck
0554b482b8294bed,..\2_LP\LOW_Fr_MASTER_result\regen\d4913ee809ad\cy12,regen:cy12/12,1.7027,1.55,25,1,,613.846,deck
,..\2_LP\LOW_Fr_MASTER_result\regen\d4f744cbb1af\cy01,superseded,,,0,0,,,
ca94d5d1802423e6,..\2_LP\LOW_Fr_MASTER_result\regen\d4f744cbb1af\cy02,superseded,,,0,0,,,deck
ca94d5d1802423e6,..\2_LP\LOW_Fr_MASTER_result\regen\d4f744cbb1af\cy03,superseded,,,0,0,,,deck
ca94d5d1802423e6,..\2_LP\LOW_Fr_MASTER_result\regen\d4f744cbb1af\cy04,superseded,,,0,0,,,deck
ca94d5d1802423e6,..\2_LP\LOW_Fr_MASTER_result\regen\d4f744cbb1af\cy05,superseded,,,0,0,,,deck
ca94d5d1802423e6,..\2_LP\LOW_Fr_MASTER_result\regen\d4f744cbb1af\cy06,superseded,,,0,0,,,deck
ca94d5d1802423e6,..\2_LP\LOW_Fr_MASTER_result\regen\d4f744cbb1af\cy07,superseded,,,0,0,,,deck
ca94d5d1802423e6,..\2_LP\LOW_Fr_MASTER_result\regen\d4f744cbb1af\cy08,superseded,,,0,0,,,deck
ca94d5d1802423e6,..\2_LP\LOW_Fr_MASTER_result\regen\d4f744cbb1af\cy09,superseded,,,0,0,,,deck
ca94d5d1802423e6,..\2_LP\LOW_Fr_MASTER_result\regen\d4f744cbb1af\cy10,superseded,,,0,0,,,deck
ca94d5d1802423e6,..\2_LP\LOW_Fr_MASTER_result\regen\d4f744cbb1af\cy11,superseded,,,0,0,,,deck
ca94d5d1802423e6,..\2_LP\LOW_Fr_MASTER_result\regen\d4f744cbb1af\cy12,regen:cy12/12,1.6589,1.4762,25,1,,619.171,deck
,..\2_LP\LOW_Fr_MASTER_result\regen\d5d092eea651\cy01,superseded,,,0,0,,,
bb326ccd14732e88,..\2_LP\LOW_Fr_MASTER_result\regen\d5d092eea651\cy02,superseded,,,0,0,,,deck
bb326ccd14732e88,..\2_LP\LOW_Fr_MASTER_result\regen\d5d092eea651\cy03,superseded,,,0,0,,,deck
bb326ccd14732e88,..\2_LP\LOW_Fr_MASTER_result\regen\d5d092eea651\cy04,superseded,,,0,0,,,deck
bb326ccd14732e88,..\2_LP\LOW_Fr_MASTER_result\regen\d5d092eea651\cy05,superseded,,,0,0,,,deck
bb326ccd14732e88,..\2_LP\LOW_Fr_MASTER_result\regen\d5d092eea651\cy06,superseded,,,0,0,,,deck
bb326ccd14732e88,..\2_LP\LOW_Fr_MASTER_result\regen\d5d092eea651\cy07,superseded,,,0,0,,,deck
bb326ccd14732e88,..\2_LP\LOW_Fr_MASTER_result\regen\d5d092eea651\cy08,superseded,,,0,0,,,deck
bb326ccd14732e88,..\2_LP\LOW_Fr_MASTER_result\regen\d5d092eea651\cy09,superseded,,,0,0,,,deck
bb326ccd14732e88,..\2_LP\LOW_Fr_MASTER_result\regen\d5d092eea651\cy10,superseded,,,0,0,,,deck
bb326ccd14732e88,..\2_LP\LOW_Fr_MASTER_result\regen\d5d092eea651\cy11,regen:cy11/11,1.6948,1.5262,25,1,,620.129,deck
,..\2_LP\LOW_Fr_MASTER_result\regen\d5d7f6c28acc\cy01,superseded,,,0,0,,,
6d2ccfac6b08240a,..\2_LP\LOW_Fr_MASTER_result\regen\d5d7f6c28acc\cy02,superseded,,,0,0,,,deck
6d2ccfac6b08240a,..\2_LP\LOW_Fr_MASTER_result\regen\d5d7f6c28acc\cy03,superseded,,,0,0,,,deck
6d2ccfac6b08240a,..\2_LP\LOW_Fr_MASTER_result\regen\d5d7f6c28acc\cy04,superseded,,,0,0,,,deck
6d2ccfac6b08240a,..\2_LP\LOW_Fr_MASTER_result\regen\d5d7f6c28acc\cy05,superseded,,,0,0,,,deck
6d2ccfac6b08240a,..\2_LP\LOW_Fr_MASTER_result\regen\d5d7f6c28acc\cy06,superseded,,,0,0,,,deck
6d2ccfac6b08240a,..\2_LP\LOW_Fr_MASTER_result\regen\d5d7f6c28acc\cy07,superseded,,,0,0,,,deck
6d2ccfac6b08240a,..\2_LP\LOW_Fr_MASTER_result\regen\d5d7f6c28acc\cy08,superseded,,,0,0,,,deck
6d2ccfac6b08240a,..\2_LP\LOW_Fr_MASTER_result\regen\d5d7f6c28acc\cy09,superseded,,,0,0,,,deck
6d2ccfac6b08240a,..\2_LP\LOW_Fr_MASTER_result\regen\d5d7f6c28acc\cy10,superseded,,,0,0,,,deck
6d2ccfac6b08240a,..\2_LP\LOW_Fr_MASTER_result\regen\d5d7f6c28acc\cy11,superseded,,,0,0,,,deck
6d2ccfac6b08240a,..\2_LP\LOW_Fr_MASTER_result\regen\d5d7f6c28acc\cy12,regen:cy12/12,1.6274,1.4339,25,1,,615.848,deck
,..\2_LP\LOW_Fr_MASTER_result\regen\d682ded903af\cy01,superseded,,,0,0,,,
ddf84e56bf8e472e,..\2_LP\LOW_Fr_MASTER_result\regen\d682ded903af\cy02,superseded,,,0,0,,,deck
ddf84e56bf8e472e,..\2_LP\LOW_Fr_MASTER_result\regen\d682ded903af\cy03,superseded,,,0,0,,,deck
ddf84e56bf8e472e,..\2_LP\LOW_Fr_MASTER_result\regen\d682ded903af\cy04,superseded,,,0,0,,,deck
ddf84e56bf8e472e,..\2_LP\LOW_Fr_MASTER_result\regen\d682ded903af\cy05,superseded,,,0,0,,,deck
ddf84e56bf8e472e,..\2_LP\LOW_Fr_MASTER_result\regen\d682ded903af\cy06,superseded,,,0,0,,,deck
ddf84e56bf8e472e,..\2_LP\LOW_Fr_MASTER_result\regen\d682ded903af\cy07,superseded,,,0,0,,,deck
ddf84e56bf8e472e,..\2_LP\LOW_Fr_MASTER_result\regen\d682ded903af\cy08,superseded,,,0,0,,,deck
ddf84e56bf8e472e,..\2_LP\LOW_Fr_MASTER_result\regen\d682ded903af\cy09,superseded,,,0,0,,,deck
ddf84e56bf8e472e,..\2_LP\LOW_Fr_MASTER_result\regen\d682ded903af\cy10,superseded,,,0,0,,,deck
ddf84e56bf8e472e,..\2_LP\LOW_Fr_MASTER_result\regen\d682ded903af\cy11,superseded,,,0,0,,,deck
ddf84e56bf8e472e,..\2_LP\LOW_Fr_MASTER_result\regen\d682ded903af\cy12,regen:cy12/12,1.9455,1.7576,25,1,,621.206,deck
,..\2_LP\LOW_Fr_MASTER_result\regen\d6f885e6e64b\cy01,superseded,,,0,0,,,
52d9fc2465445c88,..\2_LP\LOW_Fr_MASTER_result\regen\d6f885e6e64b\cy02,superseded,,,0,0,,,deck
52d9fc2465445c88,..\2_LP\LOW_Fr_MASTER_result\regen\d6f885e6e64b\cy03,superseded,,,0,0,,,deck
52d9fc2465445c88,..\2_LP\LOW_Fr_MASTER_result\regen\d6f885e6e64b\cy04,superseded,,,0,0,,,deck
52d9fc2465445c88,..\2_LP\LOW_Fr_MASTER_result\regen\d6f885e6e64b\cy05,superseded,,,0,0,,,deck
52d9fc2465445c88,..\2_LP\LOW_Fr_MASTER_result\regen\d6f885e6e64b\cy06,superseded,,,0,0,,,deck
52d9fc2465445c88,..\2_LP\LOW_Fr_MASTER_result\regen\d6f885e6e64b\cy07,superseded,,,0,0,,,deck
52d9fc2465445c88,..\2_LP\LOW_Fr_MASTER_result\regen\d6f885e6e64b\cy08,superseded,,,0,0,,,deck
52d9fc2465445c88,..\2_LP\LOW_Fr_MASTER_result\regen\d6f885e6e64b\cy09,superseded,,,0,0,,,deck
52d9fc2465445c88,..\2_LP\LOW_Fr_MASTER_result\regen\d6f885e6e64b\cy10,superseded,,,0,0,,,deck
52d9fc2465445c88,..\2_LP\LOW_Fr_MASTER_result\regen\d6f885e6e64b\cy11,superseded,,,0,0,,,deck
52d9fc2465445c88,..\2_LP\LOW_Fr_MASTER_result\regen\d6f885e6e64b\cy12,regen:cy12/12,1.8505,1.6396,25,1,,622.294,deck
,..\2_LP\LOW_Fr_MASTER_result\regen\d742622ad3c4\cy01,superseded,,,0,0,,,
44d723340aa5e764,..\2_LP\LOW_Fr_MASTER_result\regen\d742622ad3c4\cy02,superseded,,,0,0,,,deck
44d723340aa5e764,..\2_LP\LOW_Fr_MASTER_result\regen\d742622ad3c4\cy03,superseded,,,0,0,,,deck
44d723340aa5e764,..\2_LP\LOW_Fr_MASTER_result\regen\d742622ad3c4\cy04,superseded,,,0,0,,,deck
44d723340aa5e764,..\2_LP\LOW_Fr_MASTER_result\regen\d742622ad3c4\cy05,superseded,,,0,0,,,deck
44d723340aa5e764,..\2_LP\LOW_Fr_MASTER_result\regen\d742622ad3c4\cy06,superseded,,,0,0,,,deck
44d723340aa5e764,..\2_LP\LOW_Fr_MASTER_result\regen\d742622ad3c4\cy07,superseded,,,0,0,,,deck
44d723340aa5e764,..\2_LP\LOW_Fr_MASTER_result\regen\d742622ad3c4\cy08,superseded,,,0,0,,,deck
44d723340aa5e764,..\2_LP\LOW_Fr_MASTER_result\regen\d742622ad3c4\cy09,superseded,,,0,0,,,deck
44d723340aa5e764,..\2_LP\LOW_Fr_MASTER_result\regen\d742622ad3c4\cy10,superseded,,,0,0,,,deck
44d723340aa5e764,..\2_LP\LOW_Fr_MASTER_result\regen\d742622ad3c4\cy11,superseded,,,0,0,,,deck
44d723340aa5e764,..\2_LP\LOW_Fr_MASTER_result\regen\d742622ad3c4\cy12,regen:cy12/12,1.7039,1.549,25,1,,615.794,deck
,..\2_LP\LOW_Fr_MASTER_result\regen\d77b731917ca\cy01,superseded,,,0,0,,,
2ab332f4d6f08b53,..\2_LP\LOW_Fr_MASTER_result\regen\d77b731917ca\cy02,superseded,,,0,0,,,deck
2ab332f4d6f08b53,..\2_LP\LOW_Fr_MASTER_result\regen\d77b731917ca\cy03,superseded,,,0,0,,,deck
2ab332f4d6f08b53,..\2_LP\LOW_Fr_MASTER_result\regen\d77b731917ca\cy04,superseded,,,0,0,,,deck
2ab332f4d6f08b53,..\2_LP\LOW_Fr_MASTER_result\regen\d77b731917ca\cy05,superseded,,,0,0,,,deck
2ab332f4d6f08b53,..\2_LP\LOW_Fr_MASTER_result\regen\d77b731917ca\cy06,superseded,,,0,0,,,deck
2ab332f4d6f08b53,..\2_LP\LOW_Fr_MASTER_result\regen\d77b731917ca\cy07,superseded,,,0,0,,,deck
2ab332f4d6f08b53,..\2_LP\LOW_Fr_MASTER_result\regen\d77b731917ca\cy08,superseded,,,0,0,,,deck
2ab332f4d6f08b53,..\2_LP\LOW_Fr_MASTER_result\regen\d77b731917ca\cy09,superseded,,,0,0,,,deck
2ab332f4d6f08b53,..\2_LP\LOW_Fr_MASTER_result\regen\d77b731917ca\cy10,superseded,,,0,0,,,deck
2ab332f4d6f08b53,..\2_LP\LOW_Fr_MASTER_result\regen\d77b731917ca\cy11,superseded,,,0,0,,,deck
2ab332f4d6f08b53,..\2_LP\LOW_Fr_MASTER_result\regen\d77b731917ca\cy12,regen:cy12/12,1.5869,1.4535,25,1,,621.709,deck
,..\2_LP\LOW_Fr_MASTER_result\regen\d7dcdd1037f7\cy01,superseded,,,0,0,,,
6313730c1041b1f7,..\2_LP\LOW_Fr_MASTER_result\regen\d7dcdd1037f7\cy02,superseded,,,0,0,,,deck
6313730c1041b1f7,..\2_LP\LOW_Fr_MASTER_result\regen\d7dcdd1037f7\cy03,superseded,,,0,0,,,deck
6313730c1041b1f7,..\2_LP\LOW_Fr_MASTER_result\regen\d7dcdd1037f7\cy04,superseded,,,0,0,,,deck
6313730c1041b1f7,..\2_LP\LOW_Fr_MASTER_result\regen\d7dcdd1037f7\cy05,superseded,,,0,0,,,deck
6313730c1041b1f7,..\2_LP\LOW_Fr_MASTER_result\regen\d7dcdd1037f7\cy06,superseded,,,0,0,,,deck
6313730c1041b1f7,..\2_LP\LOW_Fr_MASTER_result\regen\d7dcdd1037f7\cy07,superseded,,,0,0,,,deck
6313730c1041b1f7,..\2_LP\LOW_Fr_MASTER_result\regen\d7dcdd1037f7\cy08,superseded,,,0,0,,,deck
6313730c1041b1f7,..\2_LP\LOW_Fr_MASTER_result\regen\d7dcdd1037f7\cy09,superseded,,,0,0,,,deck
6313730c1041b1f7,..\2_LP\LOW_Fr_MASTER_result\regen\d7dcdd1037f7\cy10,superseded,,,0,0,,,deck
6313730c1041b1f7,..\2_LP\LOW_Fr_MASTER_result\regen\d7dcdd1037f7\cy11,superseded,,,0,0,,,deck
6313730c1041b1f7,..\2_LP\LOW_Fr_MASTER_result\regen\d7dcdd1037f7\cy12,regen:cy12/12,1.6728,1.5201,25,1,,616.794,deck
,..\2_LP\LOW_Fr_MASTER_result\regen\d813792bb467\cy01,superseded,,,0,0,,,
b8bf7c91754af69e,..\2_LP\LOW_Fr_MASTER_result\regen\d813792bb467\cy02,superseded,,,0,0,,,deck
b8bf7c91754af69e,..\2_LP\LOW_Fr_MASTER_result\regen\d813792bb467\cy03,superseded,,,0,0,,,deck
b8bf7c91754af69e,..\2_LP\LOW_Fr_MASTER_result\regen\d813792bb467\cy04,superseded,,,0,0,,,deck
b8bf7c91754af69e,..\2_LP\LOW_Fr_MASTER_result\regen\d813792bb467\cy05,superseded,,,0,0,,,deck
b8bf7c91754af69e,..\2_LP\LOW_Fr_MASTER_result\regen\d813792bb467\cy06,superseded,,,0,0,,,deck
b8bf7c91754af69e,..\2_LP\LOW_Fr_MASTER_result\regen\d813792bb467\cy07,superseded,,,0,0,,,deck
b8bf7c91754af69e,..\2_LP\LOW_Fr_MASTER_result\regen\d813792bb467\cy08,superseded,,,0,0,,,deck
b8bf7c91754af69e,..\2_LP\LOW_Fr_MASTER_result\regen\d813792bb467\cy09,superseded,,,0,0,,,deck
b8bf7c91754af69e,..\2_LP\LOW_Fr_MASTER_result\regen\d813792bb467\cy10,superseded,,,0,0,,,deck
b8bf7c91754af69e,..\2_LP\LOW_Fr_MASTER_result\regen\d813792bb467\cy11,superseded,,,0,0,,,deck
b8bf7c91754af69e,..\2_LP\LOW_Fr_MASTER_result\regen\d813792bb467\cy12,regen:cy12/12,1.6442,1.4397,25,1,,617.183,deck
,..\2_LP\LOW_Fr_MASTER_result\regen\d821e0ccb0bd\cy01,superseded,,,0,0,,,
e5fc2eb43b5135aa,..\2_LP\LOW_Fr_MASTER_result\regen\d821e0ccb0bd\cy02,superseded,,,0,0,,,deck
e5fc2eb43b5135aa,..\2_LP\LOW_Fr_MASTER_result\regen\d821e0ccb0bd\cy03,superseded,,,0,0,,,deck
e5fc2eb43b5135aa,..\2_LP\LOW_Fr_MASTER_result\regen\d821e0ccb0bd\cy04,superseded,,,0,0,,,deck
e5fc2eb43b5135aa,..\2_LP\LOW_Fr_MASTER_result\regen\d821e0ccb0bd\cy05,superseded,,,0,0,,,deck
e5fc2eb43b5135aa,..\2_LP\LOW_Fr_MASTER_result\regen\d821e0ccb0bd\cy06,superseded,,,0,0,,,deck
e5fc2eb43b5135aa,..\2_LP\LOW_Fr_MASTER_result\regen\d821e0ccb0bd\cy07,superseded,,,0,0,,,deck
e5fc2eb43b5135aa,..\2_LP\LOW_Fr_MASTER_result\regen\d821e0ccb0bd\cy08,superseded,,,0,0,,,deck
e5fc2eb43b5135aa,..\2_LP\LOW_Fr_MASTER_result\regen\d821e0ccb0bd\cy09,superseded,,,0,0,,,deck
e5fc2eb43b5135aa,..\2_LP\LOW_Fr_MASTER_result\regen\d821e0ccb0bd\cy10,superseded,,,0,0,,,deck
e5fc2eb43b5135aa,..\2_LP\LOW_Fr_MASTER_result\regen\d821e0ccb0bd\cy11,superseded,,,0,0,,,deck
e5fc2eb43b5135aa,..\2_LP\LOW_Fr_MASTER_result\regen\d821e0ccb0bd\cy12,regen:cy12/12,1.7057,1.5863,25,1,,618.648,deck
,..\2_LP\LOW_Fr_MASTER_result\regen\d87544b494b5\cy01,superseded,,,0,0,,,
dee82fb47fd0742d,..\2_LP\LOW_Fr_MASTER_result\regen\d87544b494b5\cy02,superseded,,,0,0,,,deck
dee82fb47fd0742d,..\2_LP\LOW_Fr_MASTER_result\regen\d87544b494b5\cy03,superseded,,,0,0,,,deck
dee82fb47fd0742d,..\2_LP\LOW_Fr_MASTER_result\regen\d87544b494b5\cy04,superseded,,,0,0,,,deck
dee82fb47fd0742d,..\2_LP\LOW_Fr_MASTER_result\regen\d87544b494b5\cy05,superseded,,,0,0,,,deck
dee82fb47fd0742d,..\2_LP\LOW_Fr_MASTER_result\regen\d87544b494b5\cy06,superseded,,,0,0,,,deck
dee82fb47fd0742d,..\2_LP\LOW_Fr_MASTER_result\regen\d87544b494b5\cy07,superseded,,,0,0,,,deck
dee82fb47fd0742d,..\2_LP\LOW_Fr_MASTER_result\regen\d87544b494b5\cy08,superseded,,,0,0,,,deck
dee82fb47fd0742d,..\2_LP\LOW_Fr_MASTER_result\regen\d87544b494b5\cy09,superseded,,,0,0,,,deck
dee82fb47fd0742d,..\2_LP\LOW_Fr_MASTER_result\regen\d87544b494b5\cy10,superseded,,,0,0,,,deck
dee82fb47fd0742d,..\2_LP\LOW_Fr_MASTER_result\regen\d87544b494b5\cy11,superseded,,,0,0,,,deck
dee82fb47fd0742d,..\2_LP\LOW_Fr_MASTER_result\regen\d87544b494b5\cy12,regen:cy12/12,1.6423,1.5177,25,1,,619.013,deck
,..\2_LP\LOW_Fr_MASTER_result\regen\d89fdb0abd8f\cy01,superseded,,,0,0,,,
8bfb7ae91fbacec9,..\2_LP\LOW_Fr_MASTER_result\regen\d89fdb0abd8f\cy02,superseded,,,0,0,,,deck
8bfb7ae91fbacec9,..\2_LP\LOW_Fr_MASTER_result\regen\d89fdb0abd8f\cy03,superseded,,,0,0,,,deck
8bfb7ae91fbacec9,..\2_LP\LOW_Fr_MASTER_result\regen\d89fdb0abd8f\cy04,superseded,,,0,0,,,deck
8bfb7ae91fbacec9,..\2_LP\LOW_Fr_MASTER_result\regen\d89fdb0abd8f\cy05,superseded,,,0,0,,,deck
8bfb7ae91fbacec9,..\2_LP\LOW_Fr_MASTER_result\regen\d89fdb0abd8f\cy06,superseded,,,0,0,,,deck
8bfb7ae91fbacec9,..\2_LP\LOW_Fr_MASTER_result\regen\d89fdb0abd8f\cy07,superseded,,,0,0,,,deck
8bfb7ae91fbacec9,..\2_LP\LOW_Fr_MASTER_result\regen\d89fdb0abd8f\cy08,superseded,,,0,0,,,deck
8bfb7ae91fbacec9,..\2_LP\LOW_Fr_MASTER_result\regen\d89fdb0abd8f\cy09,superseded,,,0,0,,,deck
8bfb7ae91fbacec9,..\2_LP\LOW_Fr_MASTER_result\regen\d89fdb0abd8f\cy10,superseded,,,0,0,,,deck
8bfb7ae91fbacec9,..\2_LP\LOW_Fr_MASTER_result\regen\d89fdb0abd8f\cy11,regen:cy11/11,1.5979,1.4469,25,1,,623.668,deck
,..\2_LP\LOW_Fr_MASTER_result\regen\d923c326abc1\cy01,superseded,,,0,0,,,
c3218612e072b50d,..\2_LP\LOW_Fr_MASTER_result\regen\d923c326abc1\cy02,superseded,,,0,0,,,deck
c3218612e072b50d,..\2_LP\LOW_Fr_MASTER_result\regen\d923c326abc1\cy03,superseded,,,0,0,,,deck
c3218612e072b50d,..\2_LP\LOW_Fr_MASTER_result\regen\d923c326abc1\cy04,superseded,,,0,0,,,deck
c3218612e072b50d,..\2_LP\LOW_Fr_MASTER_result\regen\d923c326abc1\cy05,superseded,,,0,0,,,deck
c3218612e072b50d,..\2_LP\LOW_Fr_MASTER_result\regen\d923c326abc1\cy06,superseded,,,0,0,,,deck
c3218612e072b50d,..\2_LP\LOW_Fr_MASTER_result\regen\d923c326abc1\cy07,superseded,,,0,0,,,deck
c3218612e072b50d,..\2_LP\LOW_Fr_MASTER_result\regen\d923c326abc1\cy08,superseded,,,0,0,,,deck
c3218612e072b50d,..\2_LP\LOW_Fr_MASTER_result\regen\d923c326abc1\cy09,superseded,,,0,0,,,deck
c3218612e072b50d,..\2_LP\LOW_Fr_MASTER_result\regen\d923c326abc1\cy10,superseded,,,0,0,,,deck
c3218612e072b50d,..\2_LP\LOW_Fr_MASTER_result\regen\d923c326abc1\cy11,superseded,,,0,0,,,deck
c3218612e072b50d,..\2_LP\LOW_Fr_MASTER_result\regen\d923c326abc1\cy12,regen:cy12/12,1.6811,1.5249,25,1,,611.642,deck
,..\2_LP\LOW_Fr_MASTER_result\regen\da699577715d\cy01,superseded,,,0,0,,,
4cf07b17ac0a72f1,..\2_LP\LOW_Fr_MASTER_result\regen\da699577715d\cy02,superseded,,,0,0,,,deck
4cf07b17ac0a72f1,..\2_LP\LOW_Fr_MASTER_result\regen\da699577715d\cy03,superseded,,,0,0,,,deck
4cf07b17ac0a72f1,..\2_LP\LOW_Fr_MASTER_result\regen\da699577715d\cy04,superseded,,,0,0,,,deck
4cf07b17ac0a72f1,..\2_LP\LOW_Fr_MASTER_result\regen\da699577715d\cy05,superseded,,,0,0,,,deck
4cf07b17ac0a72f1,..\2_LP\LOW_Fr_MASTER_result\regen\da699577715d\cy06,superseded,,,0,0,,,deck
4cf07b17ac0a72f1,..\2_LP\LOW_Fr_MASTER_result\regen\da699577715d\cy07,superseded,,,0,0,,,deck
4cf07b17ac0a72f1,..\2_LP\LOW_Fr_MASTER_result\regen\da699577715d\cy08,superseded,,,0,0,,,deck
4cf07b17ac0a72f1,..\2_LP\LOW_Fr_MASTER_result\regen\da699577715d\cy09,superseded,,,0,0,,,deck
4cf07b17ac0a72f1,..\2_LP\LOW_Fr_MASTER_result\regen\da699577715d\cy10,regen:cy10/10,1.9684,1.7484,25,1,,613.288,deck
,..\2_LP\LOW_Fr_MASTER_result\regen\da9687db99ad\cy01,superseded,,,0,0,,,
840fc0fb7065a66d,..\2_LP\LOW_Fr_MASTER_result\regen\da9687db99ad\cy02,superseded,,,0,0,,,deck
840fc0fb7065a66d,..\2_LP\LOW_Fr_MASTER_result\regen\da9687db99ad\cy03,superseded,,,0,0,,,deck
840fc0fb7065a66d,..\2_LP\LOW_Fr_MASTER_result\regen\da9687db99ad\cy04,superseded,,,0,0,,,deck
840fc0fb7065a66d,..\2_LP\LOW_Fr_MASTER_result\regen\da9687db99ad\cy05,superseded,,,0,0,,,deck
840fc0fb7065a66d,..\2_LP\LOW_Fr_MASTER_result\regen\da9687db99ad\cy06,superseded,,,0,0,,,deck
840fc0fb7065a66d,..\2_LP\LOW_Fr_MASTER_result\regen\da9687db99ad\cy07,superseded,,,0,0,,,deck
840fc0fb7065a66d,..\2_LP\LOW_Fr_MASTER_result\regen\da9687db99ad\cy08,superseded,,,0,0,,,deck
840fc0fb7065a66d,..\2_LP\LOW_Fr_MASTER_result\regen\da9687db99ad\cy09,superseded,,,0,0,,,deck
840fc0fb7065a66d,..\2_LP\LOW_Fr_MASTER_result\regen\da9687db99ad\cy10,superseded,,,0,0,,,deck
840fc0fb7065a66d,..\2_LP\LOW_Fr_MASTER_result\regen\da9687db99ad\cy11,superseded,,,0,0,,,deck
840fc0fb7065a66d,..\2_LP\LOW_Fr_MASTER_result\regen\da9687db99ad\cy12,regen:cy12/12,1.7076,1.5754,25,1,,620.055,deck
,..\2_LP\LOW_Fr_MASTER_result\regen\dad26319b669\cy01,superseded,,,0,0,,,
c13898c6729e331b,..\2_LP\LOW_Fr_MASTER_result\regen\dad26319b669\cy02,superseded,,,0,0,,,deck
c13898c6729e331b,..\2_LP\LOW_Fr_MASTER_result\regen\dad26319b669\cy03,superseded,,,0,0,,,deck
c13898c6729e331b,..\2_LP\LOW_Fr_MASTER_result\regen\dad26319b669\cy04,superseded,,,0,0,,,deck
c13898c6729e331b,..\2_LP\LOW_Fr_MASTER_result\regen\dad26319b669\cy05,superseded,,,0,0,,,deck
c13898c6729e331b,..\2_LP\LOW_Fr_MASTER_result\regen\dad26319b669\cy06,superseded,,,0,0,,,deck
c13898c6729e331b,..\2_LP\LOW_Fr_MASTER_result\regen\dad26319b669\cy07,superseded,,,0,0,,,deck
c13898c6729e331b,..\2_LP\LOW_Fr_MASTER_result\regen\dad26319b669\cy08,superseded,,,0,0,,,deck
c13898c6729e331b,..\2_LP\LOW_Fr_MASTER_result\regen\dad26319b669\cy09,superseded,,,0,0,,,deck
c13898c6729e331b,..\2_LP\LOW_Fr_MASTER_result\regen\dad26319b669\cy10,superseded,,,0,0,,,deck
c13898c6729e331b,..\2_LP\LOW_Fr_MASTER_result\regen\dad26319b669\cy11,superseded,,,0,0,,,deck
c13898c6729e331b,..\2_LP\LOW_Fr_MASTER_result\regen\dad26319b669\cy12,regen:cy12/12,1.6944,1.5789,25,1,,619.974,deck
,..\2_LP\LOW_Fr_MASTER_result\regen\db1bc9b75d58\cy01,superseded,,,0,0,,,
a41d197981d74595,..\2_LP\LOW_Fr_MASTER_result\regen\db1bc9b75d58\cy02,superseded,,,0,0,,,deck
a41d197981d74595,..\2_LP\LOW_Fr_MASTER_result\regen\db1bc9b75d58\cy03,superseded,,,0,0,,,deck
a41d197981d74595,..\2_LP\LOW_Fr_MASTER_result\regen\db1bc9b75d58\cy04,superseded,,,0,0,,,deck
a41d197981d74595,..\2_LP\LOW_Fr_MASTER_result\regen\db1bc9b75d58\cy05,superseded,,,0,0,,,deck
a41d197981d74595,..\2_LP\LOW_Fr_MASTER_result\regen\db1bc9b75d58\cy06,superseded,,,0,0,,,deck
a41d197981d74595,..\2_LP\LOW_Fr_MASTER_result\regen\db1bc9b75d58\cy07,superseded,,,0,0,,,deck
a41d197981d74595,..\2_LP\LOW_Fr_MASTER_result\regen\db1bc9b75d58\cy08,superseded,,,0,0,,,deck
a41d197981d74595,..\2_LP\LOW_Fr_MASTER_result\regen\db1bc9b75d58\cy09,superseded,,,0,0,,,deck
a41d197981d74595,..\2_LP\LOW_Fr_MASTER_result\regen\db1bc9b75d58\cy10,superseded,,,0,0,,,deck
a41d197981d74595,..\2_LP\LOW_Fr_MASTER_result\regen\db1bc9b75d58\cy11,superseded,,,0,0,,,deck
a41d197981d74595,..\2_LP\LOW_Fr_MASTER_result\regen\db1bc9b75d58\cy12,regen:cy12/12,1.6798,1.5269,25,1,,617.152,deck
,..\2_LP\LOW_Fr_MASTER_result\regen\dbd9f01b8d62\cy01,superseded,,,0,0,,,
3fe7c4441afad1d4,..\2_LP\LOW_Fr_MASTER_result\regen\dbd9f01b8d62\cy02,superseded,,,0,0,,,deck
3fe7c4441afad1d4,..\2_LP\LOW_Fr_MASTER_result\regen\dbd9f01b8d62\cy03,superseded,,,0,0,,,deck
3fe7c4441afad1d4,..\2_LP\LOW_Fr_MASTER_result\regen\dbd9f01b8d62\cy04,superseded,,,0,0,,,deck
3fe7c4441afad1d4,..\2_LP\LOW_Fr_MASTER_result\regen\dbd9f01b8d62\cy05,superseded,,,0,0,,,deck
3fe7c4441afad1d4,..\2_LP\LOW_Fr_MASTER_result\regen\dbd9f01b8d62\cy06,superseded,,,0,0,,,deck
3fe7c4441afad1d4,..\2_LP\LOW_Fr_MASTER_result\regen\dbd9f01b8d62\cy07,superseded,,,0,0,,,deck
3fe7c4441afad1d4,..\2_LP\LOW_Fr_MASTER_result\regen\dbd9f01b8d62\cy08,superseded,,,0,0,,,deck
3fe7c4441afad1d4,..\2_LP\LOW_Fr_MASTER_result\regen\dbd9f01b8d62\cy09,superseded,,,0,0,,,deck
3fe7c4441afad1d4,..\2_LP\LOW_Fr_MASTER_result\regen\dbd9f01b8d62\cy10,superseded,,,0,0,,,deck
3fe7c4441afad1d4,..\2_LP\LOW_Fr_MASTER_result\regen\dbd9f01b8d62\cy11,superseded,,,0,0,,,deck
3fe7c4441afad1d4,..\2_LP\LOW_Fr_MASTER_result\regen\dbd9f01b8d62\cy12,regen:cy12/12,1.5958,1.4506,25,1,,623.597,deck
,..\2_LP\LOW_Fr_MASTER_result\regen\dbef3f80a441\cy01,superseded,,,0,0,,,
65cb91023c154d85,..\2_LP\LOW_Fr_MASTER_result\regen\dbef3f80a441\cy02,superseded,,,0,0,,,deck
65cb91023c154d85,..\2_LP\LOW_Fr_MASTER_result\regen\dbef3f80a441\cy03,superseded,,,0,0,,,deck
65cb91023c154d85,..\2_LP\LOW_Fr_MASTER_result\regen\dbef3f80a441\cy04,superseded,,,0,0,,,deck
65cb91023c154d85,..\2_LP\LOW_Fr_MASTER_result\regen\dbef3f80a441\cy05,superseded,,,0,0,,,deck
65cb91023c154d85,..\2_LP\LOW_Fr_MASTER_result\regen\dbef3f80a441\cy06,superseded,,,0,0,,,deck
65cb91023c154d85,..\2_LP\LOW_Fr_MASTER_result\regen\dbef3f80a441\cy07,superseded,,,0,0,,,deck
65cb91023c154d85,..\2_LP\LOW_Fr_MASTER_result\regen\dbef3f80a441\cy08,superseded,,,0,0,,,deck
65cb91023c154d85,..\2_LP\LOW_Fr_MASTER_result\regen\dbef3f80a441\cy09,superseded,,,0,0,,,deck
65cb91023c154d85,..\2_LP\LOW_Fr_MASTER_result\regen\dbef3f80a441\cy10,superseded,,,0,0,,,deck
65cb91023c154d85,..\2_LP\LOW_Fr_MASTER_result\regen\dbef3f80a441\cy11,regen:cy11/11,1.9272,1.7015,25,1,,617.593,deck
,..\2_LP\LOW_Fr_MASTER_result\regen\dc18e870a999\cy01,superseded,,,0,0,,,
0de9f68a19fab9a6,..\2_LP\LOW_Fr_MASTER_result\regen\dc18e870a999\cy02,superseded,,,0,0,,,deck
0de9f68a19fab9a6,..\2_LP\LOW_Fr_MASTER_result\regen\dc18e870a999\cy03,superseded,,,0,0,,,deck
0de9f68a19fab9a6,..\2_LP\LOW_Fr_MASTER_result\regen\dc18e870a999\cy04,superseded,,,0,0,,,deck
0de9f68a19fab9a6,..\2_LP\LOW_Fr_MASTER_result\regen\dc18e870a999\cy05,superseded,,,0,0,,,deck
0de9f68a19fab9a6,..\2_LP\LOW_Fr_MASTER_result\regen\dc18e870a999\cy06,superseded,,,0,0,,,deck
0de9f68a19fab9a6,..\2_LP\LOW_Fr_MASTER_result\regen\dc18e870a999\cy07,superseded,,,0,0,,,deck
0de9f68a19fab9a6,..\2_LP\LOW_Fr_MASTER_result\regen\dc18e870a999\cy08,superseded,,,0,0,,,deck
0de9f68a19fab9a6,..\2_LP\LOW_Fr_MASTER_result\regen\dc18e870a999\cy09,superseded,,,0,0,,,deck
0de9f68a19fab9a6,..\2_LP\LOW_Fr_MASTER_result\regen\dc18e870a999\cy10,superseded,,,0,0,,,deck
0de9f68a19fab9a6,..\2_LP\LOW_Fr_MASTER_result\regen\dc18e870a999\cy11,superseded,,,0,0,,,deck
0de9f68a19fab9a6,..\2_LP\LOW_Fr_MASTER_result\regen\dc18e870a999\cy12,regen:cy12/12,1.7351,1.5296,25,1,,616.072,deck
,..\2_LP\LOW_Fr_MASTER_result\regen\dca7f84e2ce0\cy01,superseded,,,0,0,,,
fe9cb16fee37802c,..\2_LP\LOW_Fr_MASTER_result\regen\dca7f84e2ce0\cy02,superseded,,,0,0,,,deck
fe9cb16fee37802c,..\2_LP\LOW_Fr_MASTER_result\regen\dca7f84e2ce0\cy03,superseded,,,0,0,,,deck
fe9cb16fee37802c,..\2_LP\LOW_Fr_MASTER_result\regen\dca7f84e2ce0\cy04,superseded,,,0,0,,,deck
fe9cb16fee37802c,..\2_LP\LOW_Fr_MASTER_result\regen\dca7f84e2ce0\cy05,superseded,,,0,0,,,deck
fe9cb16fee37802c,..\2_LP\LOW_Fr_MASTER_result\regen\dca7f84e2ce0\cy06,superseded,,,0,0,,,deck
fe9cb16fee37802c,..\2_LP\LOW_Fr_MASTER_result\regen\dca7f84e2ce0\cy07,superseded,,,0,0,,,deck
fe9cb16fee37802c,..\2_LP\LOW_Fr_MASTER_result\regen\dca7f84e2ce0\cy08,superseded,,,0,0,,,deck
fe9cb16fee37802c,..\2_LP\LOW_Fr_MASTER_result\regen\dca7f84e2ce0\cy09,superseded,,,0,0,,,deck
fe9cb16fee37802c,..\2_LP\LOW_Fr_MASTER_result\regen\dca7f84e2ce0\cy10,superseded,,,0,0,,,deck
fe9cb16fee37802c,..\2_LP\LOW_Fr_MASTER_result\regen\dca7f84e2ce0\cy11,superseded,,,0,0,,,deck
fe9cb16fee37802c,..\2_LP\LOW_Fr_MASTER_result\regen\dca7f84e2ce0\cy12,regen:cy12/12,1.6483,1.5089,25,1,,620.492,deck
,..\2_LP\LOW_Fr_MASTER_result\regen\dccbd9528cdf\cy01,superseded,,,0,0,,,
44492b6b114724de,..\2_LP\LOW_Fr_MASTER_result\regen\dccbd9528cdf\cy02,superseded,,,0,0,,,deck
44492b6b114724de,..\2_LP\LOW_Fr_MASTER_result\regen\dccbd9528cdf\cy03,superseded,,,0,0,,,deck
44492b6b114724de,..\2_LP\LOW_Fr_MASTER_result\regen\dccbd9528cdf\cy04,superseded,,,0,0,,,deck
44492b6b114724de,..\2_LP\LOW_Fr_MASTER_result\regen\dccbd9528cdf\cy05,superseded,,,0,0,,,deck
44492b6b114724de,..\2_LP\LOW_Fr_MASTER_result\regen\dccbd9528cdf\cy06,superseded,,,0,0,,,deck
44492b6b114724de,..\2_LP\LOW_Fr_MASTER_result\regen\dccbd9528cdf\cy07,superseded,,,0,0,,,deck
44492b6b114724de,..\2_LP\LOW_Fr_MASTER_result\regen\dccbd9528cdf\cy08,superseded,,,0,0,,,deck
44492b6b114724de,..\2_LP\LOW_Fr_MASTER_result\regen\dccbd9528cdf\cy09,superseded,,,0,0,,,deck
44492b6b114724de,..\2_LP\LOW_Fr_MASTER_result\regen\dccbd9528cdf\cy10,superseded,,,0,0,,,deck
44492b6b114724de,..\2_LP\LOW_Fr_MASTER_result\regen\dccbd9528cdf\cy11,superseded,,,0,0,,,deck
44492b6b114724de,..\2_LP\LOW_Fr_MASTER_result\regen\dccbd9528cdf\cy12,regen:cy12/12,1.5648,1.3962,25,1,,616.163,deck
,..\2_LP\LOW_Fr_MASTER_result\regen\dcd5544b9a5d\cy01,superseded,,,0,0,,,
3fd1df4fed7f7778,..\2_LP\LOW_Fr_MASTER_result\regen\dcd5544b9a5d\cy02,superseded,,,0,0,,,deck
3fd1df4fed7f7778,..\2_LP\LOW_Fr_MASTER_result\regen\dcd5544b9a5d\cy03,superseded,,,0,0,,,deck
3fd1df4fed7f7778,..\2_LP\LOW_Fr_MASTER_result\regen\dcd5544b9a5d\cy04,superseded,,,0,0,,,deck
3fd1df4fed7f7778,..\2_LP\LOW_Fr_MASTER_result\regen\dcd5544b9a5d\cy05,superseded,,,0,0,,,deck
3fd1df4fed7f7778,..\2_LP\LOW_Fr_MASTER_result\regen\dcd5544b9a5d\cy06,superseded,,,0,0,,,deck
3fd1df4fed7f7778,..\2_LP\LOW_Fr_MASTER_result\regen\dcd5544b9a5d\cy07,superseded,,,0,0,,,deck
3fd1df4fed7f7778,..\2_LP\LOW_Fr_MASTER_result\regen\dcd5544b9a5d\cy08,superseded,,,0,0,,,deck
3fd1df4fed7f7778,..\2_LP\LOW_Fr_MASTER_result\regen\dcd5544b9a5d\cy09,superseded,,,0,0,,,deck
3fd1df4fed7f7778,..\2_LP\LOW_Fr_MASTER_result\regen\dcd5544b9a5d\cy10,superseded,,,0,0,,,deck
3fd1df4fed7f7778,..\2_LP\LOW_Fr_MASTER_result\regen\dcd5544b9a5d\cy11,superseded,,,0,0,,,deck
3fd1df4fed7f7778,..\2_LP\LOW_Fr_MASTER_result\regen\dcd5544b9a5d\cy12,regen:cy12/12,1.6624,1.5331,25,1,,621.334,deck
,..\2_LP\LOW_Fr_MASTER_result\regen\ddaa2832306b\cy01,superseded,,,0,0,,,
d79df433e845f899,..\2_LP\LOW_Fr_MASTER_result\regen\ddaa2832306b\cy02,superseded,,,0,0,,,deck
d79df433e845f899,..\2_LP\LOW_Fr_MASTER_result\regen\ddaa2832306b\cy03,superseded,,,0,0,,,deck
d79df433e845f899,..\2_LP\LOW_Fr_MASTER_result\regen\ddaa2832306b\cy04,superseded,,,0,0,,,deck
d79df433e845f899,..\2_LP\LOW_Fr_MASTER_result\regen\ddaa2832306b\cy05,superseded,,,0,0,,,deck
d79df433e845f899,..\2_LP\LOW_Fr_MASTER_result\regen\ddaa2832306b\cy06,superseded,,,0,0,,,deck
d79df433e845f899,..\2_LP\LOW_Fr_MASTER_result\regen\ddaa2832306b\cy07,superseded,,,0,0,,,deck
d79df433e845f899,..\2_LP\LOW_Fr_MASTER_result\regen\ddaa2832306b\cy08,superseded,,,0,0,,,deck
d79df433e845f899,..\2_LP\LOW_Fr_MASTER_result\regen\ddaa2832306b\cy09,superseded,,,0,0,,,deck
d79df433e845f899,..\2_LP\LOW_Fr_MASTER_result\regen\ddaa2832306b\cy10,superseded,,,0,0,,,deck
d79df433e845f899,..\2_LP\LOW_Fr_MASTER_result\regen\ddaa2832306b\cy11,superseded,,,0,0,,,deck
d79df433e845f899,..\2_LP\LOW_Fr_MASTER_result\regen\ddaa2832306b\cy12,regen:cy12/12,1.828,1.6189,25,1,,622.139,deck
,..\2_LP\LOW_Fr_MASTER_result\regen\ddb7bc08ab49\cy01,superseded,,,0,0,,,
5a9ad88a00694f8a,..\2_LP\LOW_Fr_MASTER_result\regen\ddb7bc08ab49\cy02,superseded,,,0,0,,,deck
5a9ad88a00694f8a,..\2_LP\LOW_Fr_MASTER_result\regen\ddb7bc08ab49\cy03,superseded,,,0,0,,,deck
5a9ad88a00694f8a,..\2_LP\LOW_Fr_MASTER_result\regen\ddb7bc08ab49\cy04,superseded,,,0,0,,,deck
5a9ad88a00694f8a,..\2_LP\LOW_Fr_MASTER_result\regen\ddb7bc08ab49\cy05,superseded,,,0,0,,,deck
5a9ad88a00694f8a,..\2_LP\LOW_Fr_MASTER_result\regen\ddb7bc08ab49\cy06,superseded,,,0,0,,,deck
5a9ad88a00694f8a,..\2_LP\LOW_Fr_MASTER_result\regen\ddb7bc08ab49\cy07,superseded,,,0,0,,,deck
5a9ad88a00694f8a,..\2_LP\LOW_Fr_MASTER_result\regen\ddb7bc08ab49\cy08,superseded,,,0,0,,,deck
5a9ad88a00694f8a,..\2_LP\LOW_Fr_MASTER_result\regen\ddb7bc08ab49\cy09,superseded,,,0,0,,,deck
5a9ad88a00694f8a,..\2_LP\LOW_Fr_MASTER_result\regen\ddb7bc08ab49\cy10,superseded,,,0,0,,,deck
5a9ad88a00694f8a,..\2_LP\LOW_Fr_MASTER_result\regen\ddb7bc08ab49\cy11,superseded,,,0,0,,,deck
5a9ad88a00694f8a,..\2_LP\LOW_Fr_MASTER_result\regen\ddb7bc08ab49\cy12,regen:cy12/12,1.6106,1.5003,25,1,,621.451,deck
,..\2_LP\LOW_Fr_MASTER_result\regen\ddd66adaccb2\cy01,superseded,,,0,0,,,
a75c6592093d4200,..\2_LP\LOW_Fr_MASTER_result\regen\ddd66adaccb2\cy02,superseded,,,0,0,,,deck
a75c6592093d4200,..\2_LP\LOW_Fr_MASTER_result\regen\ddd66adaccb2\cy03,superseded,,,0,0,,,deck
a75c6592093d4200,..\2_LP\LOW_Fr_MASTER_result\regen\ddd66adaccb2\cy04,superseded,,,0,0,,,deck
a75c6592093d4200,..\2_LP\LOW_Fr_MASTER_result\regen\ddd66adaccb2\cy05,superseded,,,0,0,,,deck
a75c6592093d4200,..\2_LP\LOW_Fr_MASTER_result\regen\ddd66adaccb2\cy06,superseded,,,0,0,,,deck
a75c6592093d4200,..\2_LP\LOW_Fr_MASTER_result\regen\ddd66adaccb2\cy07,superseded,,,0,0,,,deck
a75c6592093d4200,..\2_LP\LOW_Fr_MASTER_result\regen\ddd66adaccb2\cy08,superseded,,,0,0,,,deck
a75c6592093d4200,..\2_LP\LOW_Fr_MASTER_result\regen\ddd66adaccb2\cy09,superseded,,,0,0,,,deck
a75c6592093d4200,..\2_LP\LOW_Fr_MASTER_result\regen\ddd66adaccb2\cy10,superseded,,,0,0,,,deck
a75c6592093d4200,..\2_LP\LOW_Fr_MASTER_result\regen\ddd66adaccb2\cy11,superseded,,,0,0,,,deck
a75c6592093d4200,..\2_LP\LOW_Fr_MASTER_result\regen\ddd66adaccb2\cy12,regen:cy12/12,1.6866,1.4878,25,1,,620.747,deck
,..\2_LP\LOW_Fr_MASTER_result\regen\de11d3e7604e\cy01,superseded,,,0,0,,,
a191445e2112f7d2,..\2_LP\LOW_Fr_MASTER_result\regen\de11d3e7604e\cy02,superseded,,,0,0,,,deck
a191445e2112f7d2,..\2_LP\LOW_Fr_MASTER_result\regen\de11d3e7604e\cy03,superseded,,,0,0,,,deck
a191445e2112f7d2,..\2_LP\LOW_Fr_MASTER_result\regen\de11d3e7604e\cy04,superseded,,,0,0,,,deck
a191445e2112f7d2,..\2_LP\LOW_Fr_MASTER_result\regen\de11d3e7604e\cy05,superseded,,,0,0,,,deck
a191445e2112f7d2,..\2_LP\LOW_Fr_MASTER_result\regen\de11d3e7604e\cy06,superseded,,,0,0,,,deck
a191445e2112f7d2,..\2_LP\LOW_Fr_MASTER_result\regen\de11d3e7604e\cy07,superseded,,,0,0,,,deck
a191445e2112f7d2,..\2_LP\LOW_Fr_MASTER_result\regen\de11d3e7604e\cy08,superseded,,,0,0,,,deck
a191445e2112f7d2,..\2_LP\LOW_Fr_MASTER_result\regen\de11d3e7604e\cy09,superseded,,,0,0,,,deck
a191445e2112f7d2,..\2_LP\LOW_Fr_MASTER_result\regen\de11d3e7604e\cy10,superseded,,,0,0,,,deck
a191445e2112f7d2,..\2_LP\LOW_Fr_MASTER_result\regen\de11d3e7604e\cy11,superseded,,,0,0,,,deck
a191445e2112f7d2,..\2_LP\LOW_Fr_MASTER_result\regen\de11d3e7604e\cy12,regen:cy12/12,1.68,1.5303,25,1,,620.91,deck
,..\2_LP\LOW_Fr_MASTER_result\regen\de1bff52fff3\cy01,superseded,,,0,0,,,
08d05ec2fdf94742,..\2_LP\LOW_Fr_MASTER_result\regen\de1bff52fff3\cy02,superseded,,,0,0,,,deck
08d05ec2fdf94742,..\2_LP\LOW_Fr_MASTER_result\regen\de1bff52fff3\cy03,superseded,,,0,0,,,deck
08d05ec2fdf94742,..\2_LP\LOW_Fr_MASTER_result\regen\de1bff52fff3\cy04,superseded,,,0,0,,,deck
08d05ec2fdf94742,..\2_LP\LOW_Fr_MASTER_result\regen\de1bff52fff3\cy05,superseded,,,0,0,,,deck
08d05ec2fdf94742,..\2_LP\LOW_Fr_MASTER_result\regen\de1bff52fff3\cy06,superseded,,,0,0,,,deck
08d05ec2fdf94742,..\2_LP\LOW_Fr_MASTER_result\regen\de1bff52fff3\cy07,superseded,,,0,0,,,deck
08d05ec2fdf94742,..\2_LP\LOW_Fr_MASTER_result\regen\de1bff52fff3\cy08,superseded,,,0,0,,,deck
08d05ec2fdf94742,..\2_LP\LOW_Fr_MASTER_result\regen\de1bff52fff3\cy09,superseded,,,0,0,,,deck
08d05ec2fdf94742,..\2_LP\LOW_Fr_MASTER_result\regen\de1bff52fff3\cy10,superseded,,,0,0,,,deck
08d05ec2fdf94742,..\2_LP\LOW_Fr_MASTER_result\regen\de1bff52fff3\cy11,superseded,,,0,0,,,deck
08d05ec2fdf94742,..\2_LP\LOW_Fr_MASTER_result\regen\de1bff52fff3\cy12,regen:cy12/12,1.6897,1.4733,25,1,,618.534,deck
,..\2_LP\LOW_Fr_MASTER_result\regen\de27159f46f9\cy01,superseded,,,0,0,,,
cd054b7c347a9f45,..\2_LP\LOW_Fr_MASTER_result\regen\de27159f46f9\cy02,superseded,,,0,0,,,deck
cd054b7c347a9f45,..\2_LP\LOW_Fr_MASTER_result\regen\de27159f46f9\cy03,superseded,,,0,0,,,deck
cd054b7c347a9f45,..\2_LP\LOW_Fr_MASTER_result\regen\de27159f46f9\cy04,superseded,,,0,0,,,deck
cd054b7c347a9f45,..\2_LP\LOW_Fr_MASTER_result\regen\de27159f46f9\cy05,superseded,,,0,0,,,deck
cd054b7c347a9f45,..\2_LP\LOW_Fr_MASTER_result\regen\de27159f46f9\cy06,superseded,,,0,0,,,deck
cd054b7c347a9f45,..\2_LP\LOW_Fr_MASTER_result\regen\de27159f46f9\cy07,superseded,,,0,0,,,deck
cd054b7c347a9f45,..\2_LP\LOW_Fr_MASTER_result\regen\de27159f46f9\cy08,superseded,,,0,0,,,deck
cd054b7c347a9f45,..\2_LP\LOW_Fr_MASTER_result\regen\de27159f46f9\cy09,superseded,,,0,0,,,deck
cd054b7c347a9f45,..\2_LP\LOW_Fr_MASTER_result\regen\de27159f46f9\cy10,superseded,,,0,0,,,deck
cd054b7c347a9f45,..\2_LP\LOW_Fr_MASTER_result\regen\de27159f46f9\cy11,superseded,,,0,0,,,deck
cd054b7c347a9f45,..\2_LP\LOW_Fr_MASTER_result\regen\de27159f46f9\cy12,regen:cy12/12,1.691,1.5357,25,1,,614.764,deck
,..\2_LP\LOW_Fr_MASTER_result\regen\de9411942700\cy01,superseded,,,0,0,,,
37b311e7af771579,..\2_LP\LOW_Fr_MASTER_result\regen\de9411942700\cy02,superseded,,,0,0,,,deck
37b311e7af771579,..\2_LP\LOW_Fr_MASTER_result\regen\de9411942700\cy03,superseded,,,0,0,,,deck
37b311e7af771579,..\2_LP\LOW_Fr_MASTER_result\regen\de9411942700\cy04,superseded,,,0,0,,,deck
37b311e7af771579,..\2_LP\LOW_Fr_MASTER_result\regen\de9411942700\cy05,superseded,,,0,0,,,deck
37b311e7af771579,..\2_LP\LOW_Fr_MASTER_result\regen\de9411942700\cy06,superseded,,,0,0,,,deck
37b311e7af771579,..\2_LP\LOW_Fr_MASTER_result\regen\de9411942700\cy07,superseded,,,0,0,,,deck
37b311e7af771579,..\2_LP\LOW_Fr_MASTER_result\regen\de9411942700\cy08,superseded,,,0,0,,,deck
37b311e7af771579,..\2_LP\LOW_Fr_MASTER_result\regen\de9411942700\cy09,superseded,,,0,0,,,deck
37b311e7af771579,..\2_LP\LOW_Fr_MASTER_result\regen\de9411942700\cy10,superseded,,,0,0,,,deck
37b311e7af771579,..\2_LP\LOW_Fr_MASTER_result\regen\de9411942700\cy11,regen:cy11/11,1.8191,1.5539,25,1,,612.271,deck
,..\2_LP\LOW_Fr_MASTER_result\regen\deb3628f740b\cy01,superseded,,,0,0,,,
911780bd9d2aa560,..\2_LP\LOW_Fr_MASTER_result\regen\deb3628f740b\cy02,superseded,,,0,0,,,deck
911780bd9d2aa560,..\2_LP\LOW_Fr_MASTER_result\regen\deb3628f740b\cy03,superseded,,,0,0,,,deck
911780bd9d2aa560,..\2_LP\LOW_Fr_MASTER_result\regen\deb3628f740b\cy04,superseded,,,0,0,,,deck
911780bd9d2aa560,..\2_LP\LOW_Fr_MASTER_result\regen\deb3628f740b\cy05,superseded,,,0,0,,,deck
911780bd9d2aa560,..\2_LP\LOW_Fr_MASTER_result\regen\deb3628f740b\cy06,superseded,,,0,0,,,deck
911780bd9d2aa560,..\2_LP\LOW_Fr_MASTER_result\regen\deb3628f740b\cy07,superseded,,,0,0,,,deck
911780bd9d2aa560,..\2_LP\LOW_Fr_MASTER_result\regen\deb3628f740b\cy08,superseded,,,0,0,,,deck
911780bd9d2aa560,..\2_LP\LOW_Fr_MASTER_result\regen\deb3628f740b\cy09,superseded,,,0,0,,,deck
911780bd9d2aa560,..\2_LP\LOW_Fr_MASTER_result\regen\deb3628f740b\cy10,superseded,,,0,0,,,deck
911780bd9d2aa560,..\2_LP\LOW_Fr_MASTER_result\regen\deb3628f740b\cy11,superseded,,,0,0,,,deck
911780bd9d2aa560,..\2_LP\LOW_Fr_MASTER_result\regen\deb3628f740b\cy12,regen:cy12/12,1.6069,1.4824,25,1,,616.675,deck
,..\2_LP\LOW_Fr_MASTER_result\regen\df3aec5680eb\cy01,superseded,,,0,0,,,
4bd968bd18dc0ca4,..\2_LP\LOW_Fr_MASTER_result\regen\df3aec5680eb\cy02,superseded,,,0,0,,,deck
4bd968bd18dc0ca4,..\2_LP\LOW_Fr_MASTER_result\regen\df3aec5680eb\cy03,superseded,,,0,0,,,deck
4bd968bd18dc0ca4,..\2_LP\LOW_Fr_MASTER_result\regen\df3aec5680eb\cy04,superseded,,,0,0,,,deck
4bd968bd18dc0ca4,..\2_LP\LOW_Fr_MASTER_result\regen\df3aec5680eb\cy05,superseded,,,0,0,,,deck
4bd968bd18dc0ca4,..\2_LP\LOW_Fr_MASTER_result\regen\df3aec5680eb\cy06,superseded,,,0,0,,,deck
4bd968bd18dc0ca4,..\2_LP\LOW_Fr_MASTER_result\regen\df3aec5680eb\cy07,superseded,,,0,0,,,deck
4bd968bd18dc0ca4,..\2_LP\LOW_Fr_MASTER_result\regen\df3aec5680eb\cy08,superseded,,,0,0,,,deck
4bd968bd18dc0ca4,..\2_LP\LOW_Fr_MASTER_result\regen\df3aec5680eb\cy09,superseded,,,0,0,,,deck
4bd968bd18dc0ca4,..\2_LP\LOW_Fr_MASTER_result\regen\df3aec5680eb\cy10,superseded,,,0,0,,,deck
4bd968bd18dc0ca4,..\2_LP\LOW_Fr_MASTER_result\regen\df3aec5680eb\cy11,superseded,,,0,0,,,deck
4bd968bd18dc0ca4,..\2_LP\LOW_Fr_MASTER_result\regen\df3aec5680eb\cy12,regen:cy12/12,1.771,1.5458,25,1,,618.427,deck
,..\2_LP\LOW_Fr_MASTER_result\regen\dfc023c69259\cy01,superseded,,,0,0,,,
ecc5ef4b309087a4,..\2_LP\LOW_Fr_MASTER_result\regen\dfc023c69259\cy02,superseded,,,0,0,,,deck
ecc5ef4b309087a4,..\2_LP\LOW_Fr_MASTER_result\regen\dfc023c69259\cy03,superseded,,,0,0,,,deck
ecc5ef4b309087a4,..\2_LP\LOW_Fr_MASTER_result\regen\dfc023c69259\cy04,superseded,,,0,0,,,deck
ecc5ef4b309087a4,..\2_LP\LOW_Fr_MASTER_result\regen\dfc023c69259\cy05,superseded,,,0,0,,,deck
ecc5ef4b309087a4,..\2_LP\LOW_Fr_MASTER_result\regen\dfc023c69259\cy06,superseded,,,0,0,,,deck
ecc5ef4b309087a4,..\2_LP\LOW_Fr_MASTER_result\regen\dfc023c69259\cy07,superseded,,,0,0,,,deck
ecc5ef4b309087a4,..\2_LP\LOW_Fr_MASTER_result\regen\dfc023c69259\cy08,superseded,,,0,0,,,deck
ecc5ef4b309087a4,..\2_LP\LOW_Fr_MASTER_result\regen\dfc023c69259\cy09,superseded,,,0,0,,,deck
ecc5ef4b309087a4,..\2_LP\LOW_Fr_MASTER_result\regen\dfc023c69259\cy10,superseded,,,0,0,,,deck
ecc5ef4b309087a4,..\2_LP\LOW_Fr_MASTER_result\regen\dfc023c69259\cy11,superseded,,,0,0,,,deck
ecc5ef4b309087a4,..\2_LP\LOW_Fr_MASTER_result\regen\dfc023c69259\cy12,regen:cy12/12,1.7515,1.5679,25,1,,619.889,deck
,..\2_LP\LOW_Fr_MASTER_result\regen\e07f79b10f80\cy01,superseded,,,0,0,,,
c0bf4ebe183f62b0,..\2_LP\LOW_Fr_MASTER_result\regen\e07f79b10f80\cy02,superseded,,,0,0,,,deck
c0bf4ebe183f62b0,..\2_LP\LOW_Fr_MASTER_result\regen\e07f79b10f80\cy03,superseded,,,0,0,,,deck
c0bf4ebe183f62b0,..\2_LP\LOW_Fr_MASTER_result\regen\e07f79b10f80\cy04,superseded,,,0,0,,,deck
c0bf4ebe183f62b0,..\2_LP\LOW_Fr_MASTER_result\regen\e07f79b10f80\cy05,superseded,,,0,0,,,deck
c0bf4ebe183f62b0,..\2_LP\LOW_Fr_MASTER_result\regen\e07f79b10f80\cy06,superseded,,,0,0,,,deck
c0bf4ebe183f62b0,..\2_LP\LOW_Fr_MASTER_result\regen\e07f79b10f80\cy07,superseded,,,0,0,,,deck
c0bf4ebe183f62b0,..\2_LP\LOW_Fr_MASTER_result\regen\e07f79b10f80\cy08,superseded,,,0,0,,,deck
c0bf4ebe183f62b0,..\2_LP\LOW_Fr_MASTER_result\regen\e07f79b10f80\cy09,superseded,,,0,0,,,deck
c0bf4ebe183f62b0,..\2_LP\LOW_Fr_MASTER_result\regen\e07f79b10f80\cy10,superseded,,,0,0,,,deck
c0bf4ebe183f62b0,..\2_LP\LOW_Fr_MASTER_result\regen\e07f79b10f80\cy11,superseded,,,0,0,,,deck
c0bf4ebe183f62b0,..\2_LP\LOW_Fr_MASTER_result\regen\e07f79b10f80\cy12,regen:cy12/12,1.6926,1.4733,25,1,,625.489,deck
,..\2_LP\LOW_Fr_MASTER_result\regen\e0914cf07ad0\cy01,superseded,,,0,0,,,
6e8b0a94984094c5,..\2_LP\LOW_Fr_MASTER_result\regen\e0914cf07ad0\cy02,superseded,,,0,0,,,deck
6e8b0a94984094c5,..\2_LP\LOW_Fr_MASTER_result\regen\e0914cf07ad0\cy03,superseded,,,0,0,,,deck
6e8b0a94984094c5,..\2_LP\LOW_Fr_MASTER_result\regen\e0914cf07ad0\cy04,superseded,,,0,0,,,deck
6e8b0a94984094c5,..\2_LP\LOW_Fr_MASTER_result\regen\e0914cf07ad0\cy05,superseded,,,0,0,,,deck
6e8b0a94984094c5,..\2_LP\LOW_Fr_MASTER_result\regen\e0914cf07ad0\cy06,superseded,,,0,0,,,deck
6e8b0a94984094c5,..\2_LP\LOW_Fr_MASTER_result\regen\e0914cf07ad0\cy07,superseded,,,0,0,,,deck
6e8b0a94984094c5,..\2_LP\LOW_Fr_MASTER_result\regen\e0914cf07ad0\cy08,superseded,,,0,0,,,deck
6e8b0a94984094c5,..\2_LP\LOW_Fr_MASTER_result\regen\e0914cf07ad0\cy09,superseded,,,0,0,,,deck
6e8b0a94984094c5,..\2_LP\LOW_Fr_MASTER_result\regen\e0914cf07ad0\cy10,superseded,,,0,0,,,deck
6e8b0a94984094c5,..\2_LP\LOW_Fr_MASTER_result\regen\e0914cf07ad0\cy11,superseded,,,0,0,,,deck
6e8b0a94984094c5,..\2_LP\LOW_Fr_MASTER_result\regen\e0914cf07ad0\cy12,regen:cy12/12,1.6077,1.4853,25,1,,621.941,deck
,..\2_LP\LOW_Fr_MASTER_result\regen\e0cb06aee929\cy01,superseded,,,0,0,,,
7f4c345389d9cef9,..\2_LP\LOW_Fr_MASTER_result\regen\e0cb06aee929\cy02,superseded,,,0,0,,,deck
7f4c345389d9cef9,..\2_LP\LOW_Fr_MASTER_result\regen\e0cb06aee929\cy03,superseded,,,0,0,,,deck
7f4c345389d9cef9,..\2_LP\LOW_Fr_MASTER_result\regen\e0cb06aee929\cy04,superseded,,,0,0,,,deck
7f4c345389d9cef9,..\2_LP\LOW_Fr_MASTER_result\regen\e0cb06aee929\cy05,superseded,,,0,0,,,deck
7f4c345389d9cef9,..\2_LP\LOW_Fr_MASTER_result\regen\e0cb06aee929\cy06,superseded,,,0,0,,,deck
7f4c345389d9cef9,..\2_LP\LOW_Fr_MASTER_result\regen\e0cb06aee929\cy07,superseded,,,0,0,,,deck
7f4c345389d9cef9,..\2_LP\LOW_Fr_MASTER_result\regen\e0cb06aee929\cy08,superseded,,,0,0,,,deck
7f4c345389d9cef9,..\2_LP\LOW_Fr_MASTER_result\regen\e0cb06aee929\cy09,superseded,,,0,0,,,deck
7f4c345389d9cef9,..\2_LP\LOW_Fr_MASTER_result\regen\e0cb06aee929\cy10,superseded,,,0,0,,,deck
7f4c345389d9cef9,..\2_LP\LOW_Fr_MASTER_result\regen\e0cb06aee929\cy11,superseded,,,0,0,,,deck
7f4c345389d9cef9,..\2_LP\LOW_Fr_MASTER_result\regen\e0cb06aee929\cy12,regen:cy12/12,1.7991,1.585,25,1,,619.673,deck
,..\2_LP\LOW_Fr_MASTER_result\regen\e14aaae7e2e5\cy01,superseded,,,0,0,,,
1574eebeae5fddcc,..\2_LP\LOW_Fr_MASTER_result\regen\e14aaae7e2e5\cy02,superseded,,,0,0,,,deck
1574eebeae5fddcc,..\2_LP\LOW_Fr_MASTER_result\regen\e14aaae7e2e5\cy03,superseded,,,0,0,,,deck
1574eebeae5fddcc,..\2_LP\LOW_Fr_MASTER_result\regen\e14aaae7e2e5\cy04,superseded,,,0,0,,,deck
1574eebeae5fddcc,..\2_LP\LOW_Fr_MASTER_result\regen\e14aaae7e2e5\cy05,superseded,,,0,0,,,deck
1574eebeae5fddcc,..\2_LP\LOW_Fr_MASTER_result\regen\e14aaae7e2e5\cy06,superseded,,,0,0,,,deck
1574eebeae5fddcc,..\2_LP\LOW_Fr_MASTER_result\regen\e14aaae7e2e5\cy07,superseded,,,0,0,,,deck
1574eebeae5fddcc,..\2_LP\LOW_Fr_MASTER_result\regen\e14aaae7e2e5\cy08,superseded,,,0,0,,,deck
1574eebeae5fddcc,..\2_LP\LOW_Fr_MASTER_result\regen\e14aaae7e2e5\cy09,superseded,,,0,0,,,deck
1574eebeae5fddcc,..\2_LP\LOW_Fr_MASTER_result\regen\e14aaae7e2e5\cy10,superseded,,,0,0,,,deck
1574eebeae5fddcc,..\2_LP\LOW_Fr_MASTER_result\regen\e14aaae7e2e5\cy11,superseded,,,0,0,,,deck
1574eebeae5fddcc,..\2_LP\LOW_Fr_MASTER_result\regen\e14aaae7e2e5\cy12,regen:cy12/12,1.7309,1.6031,25,1,,618.409,deck
,..\2_LP\LOW_Fr_MASTER_result\regen\e19911f937aa\cy01,superseded,,,0,0,,,
0401c6b60e2c2e4b,..\2_LP\LOW_Fr_MASTER_result\regen\e19911f937aa\cy02,superseded,,,0,0,,,deck
0401c6b60e2c2e4b,..\2_LP\LOW_Fr_MASTER_result\regen\e19911f937aa\cy03,superseded,,,0,0,,,deck
0401c6b60e2c2e4b,..\2_LP\LOW_Fr_MASTER_result\regen\e19911f937aa\cy04,superseded,,,0,0,,,deck
0401c6b60e2c2e4b,..\2_LP\LOW_Fr_MASTER_result\regen\e19911f937aa\cy05,superseded,,,0,0,,,deck
0401c6b60e2c2e4b,..\2_LP\LOW_Fr_MASTER_result\regen\e19911f937aa\cy06,superseded,,,0,0,,,deck
0401c6b60e2c2e4b,..\2_LP\LOW_Fr_MASTER_result\regen\e19911f937aa\cy07,superseded,,,0,0,,,deck
0401c6b60e2c2e4b,..\2_LP\LOW_Fr_MASTER_result\regen\e19911f937aa\cy08,superseded,,,0,0,,,deck
0401c6b60e2c2e4b,..\2_LP\LOW_Fr_MASTER_result\regen\e19911f937aa\cy09,superseded,,,0,0,,,deck
0401c6b60e2c2e4b,..\2_LP\LOW_Fr_MASTER_result\regen\e19911f937aa\cy10,superseded,,,0,0,,,deck
0401c6b60e2c2e4b,..\2_LP\LOW_Fr_MASTER_result\regen\e19911f937aa\cy11,regen:cy11/11,1.8159,1.5829,25,1,,621.186,deck
,..\2_LP\LOW_Fr_MASTER_result\regen\e1e85f69fc3b\cy01,superseded,,,0,0,,,
c71ec3b292766002,..\2_LP\LOW_Fr_MASTER_result\regen\e1e85f69fc3b\cy02,superseded,,,0,0,,,deck
c71ec3b292766002,..\2_LP\LOW_Fr_MASTER_result\regen\e1e85f69fc3b\cy03,superseded,,,0,0,,,deck
c71ec3b292766002,..\2_LP\LOW_Fr_MASTER_result\regen\e1e85f69fc3b\cy04,superseded,,,0,0,,,deck
c71ec3b292766002,..\2_LP\LOW_Fr_MASTER_result\regen\e1e85f69fc3b\cy05,superseded,,,0,0,,,deck
c71ec3b292766002,..\2_LP\LOW_Fr_MASTER_result\regen\e1e85f69fc3b\cy06,superseded,,,0,0,,,deck
c71ec3b292766002,..\2_LP\LOW_Fr_MASTER_result\regen\e1e85f69fc3b\cy07,superseded,,,0,0,,,deck
c71ec3b292766002,..\2_LP\LOW_Fr_MASTER_result\regen\e1e85f69fc3b\cy08,superseded,,,0,0,,,deck
c71ec3b292766002,..\2_LP\LOW_Fr_MASTER_result\regen\e1e85f69fc3b\cy09,superseded,,,0,0,,,deck
c71ec3b292766002,..\2_LP\LOW_Fr_MASTER_result\regen\e1e85f69fc3b\cy10,superseded,,,0,0,,,deck
c71ec3b292766002,..\2_LP\LOW_Fr_MASTER_result\regen\e1e85f69fc3b\cy11,superseded,,,0,0,,,deck
c71ec3b292766002,..\2_LP\LOW_Fr_MASTER_result\regen\e1e85f69fc3b\cy12,regen:cy12/12,1.7806,1.5701,25,1,,619.222,deck
,..\2_LP\LOW_Fr_MASTER_result\regen\e23e7ae62e4e\cy01,superseded,,,0,0,,,
09038a3d30a2bdbd,..\2_LP\LOW_Fr_MASTER_result\regen\e23e7ae62e4e\cy02,superseded,,,0,0,,,deck
09038a3d30a2bdbd,..\2_LP\LOW_Fr_MASTER_result\regen\e23e7ae62e4e\cy03,superseded,,,0,0,,,deck
09038a3d30a2bdbd,..\2_LP\LOW_Fr_MASTER_result\regen\e23e7ae62e4e\cy04,superseded,,,0,0,,,deck
09038a3d30a2bdbd,..\2_LP\LOW_Fr_MASTER_result\regen\e23e7ae62e4e\cy05,superseded,,,0,0,,,deck
09038a3d30a2bdbd,..\2_LP\LOW_Fr_MASTER_result\regen\e23e7ae62e4e\cy06,superseded,,,0,0,,,deck
09038a3d30a2bdbd,..\2_LP\LOW_Fr_MASTER_result\regen\e23e7ae62e4e\cy07,superseded,,,0,0,,,deck
09038a3d30a2bdbd,..\2_LP\LOW_Fr_MASTER_result\regen\e23e7ae62e4e\cy08,superseded,,,0,0,,,deck
09038a3d30a2bdbd,..\2_LP\LOW_Fr_MASTER_result\regen\e23e7ae62e4e\cy09,superseded,,,0,0,,,deck
09038a3d30a2bdbd,..\2_LP\LOW_Fr_MASTER_result\regen\e23e7ae62e4e\cy10,superseded,,,0,0,,,deck
09038a3d30a2bdbd,..\2_LP\LOW_Fr_MASTER_result\regen\e23e7ae62e4e\cy11,superseded,,,0,0,,,deck
09038a3d30a2bdbd,..\2_LP\LOW_Fr_MASTER_result\regen\e23e7ae62e4e\cy12,regen:cy12/12,1.6507,1.4655,25,1,,619.677,deck
,..\2_LP\LOW_Fr_MASTER_result\regen\e2caca2a4d44\cy01,superseded,,,0,0,,,
e43d2ac7642bcf50,..\2_LP\LOW_Fr_MASTER_result\regen\e2caca2a4d44\cy02,superseded,,,0,0,,,deck
e43d2ac7642bcf50,..\2_LP\LOW_Fr_MASTER_result\regen\e2caca2a4d44\cy03,superseded,,,0,0,,,deck
e43d2ac7642bcf50,..\2_LP\LOW_Fr_MASTER_result\regen\e2caca2a4d44\cy04,superseded,,,0,0,,,deck
e43d2ac7642bcf50,..\2_LP\LOW_Fr_MASTER_result\regen\e2caca2a4d44\cy05,superseded,,,0,0,,,deck
e43d2ac7642bcf50,..\2_LP\LOW_Fr_MASTER_result\regen\e2caca2a4d44\cy06,superseded,,,0,0,,,deck
e43d2ac7642bcf50,..\2_LP\LOW_Fr_MASTER_result\regen\e2caca2a4d44\cy07,superseded,,,0,0,,,deck
e43d2ac7642bcf50,..\2_LP\LOW_Fr_MASTER_result\regen\e2caca2a4d44\cy08,superseded,,,0,0,,,deck
e43d2ac7642bcf50,..\2_LP\LOW_Fr_MASTER_result\regen\e2caca2a4d44\cy09,superseded,,,0,0,,,deck
e43d2ac7642bcf50,..\2_LP\LOW_Fr_MASTER_result\regen\e2caca2a4d44\cy10,superseded,,,0,0,,,deck
e43d2ac7642bcf50,..\2_LP\LOW_Fr_MASTER_result\regen\e2caca2a4d44\cy11,superseded,,,0,0,,,deck
e43d2ac7642bcf50,..\2_LP\LOW_Fr_MASTER_result\regen\e2caca2a4d44\cy12,regen:cy12/12,1.8123,1.6022,25,1,,621.187,deck
,..\2_LP\LOW_Fr_MASTER_result\regen\e31dae0e3bbe\cy01,superseded,,,0,0,,,
c6207b808f4fddb5,..\2_LP\LOW_Fr_MASTER_result\regen\e31dae0e3bbe\cy02,superseded,,,0,0,,,deck
c6207b808f4fddb5,..\2_LP\LOW_Fr_MASTER_result\regen\e31dae0e3bbe\cy03,superseded,,,0,0,,,deck
c6207b808f4fddb5,..\2_LP\LOW_Fr_MASTER_result\regen\e31dae0e3bbe\cy04,superseded,,,0,0,,,deck
c6207b808f4fddb5,..\2_LP\LOW_Fr_MASTER_result\regen\e31dae0e3bbe\cy05,superseded,,,0,0,,,deck
c6207b808f4fddb5,..\2_LP\LOW_Fr_MASTER_result\regen\e31dae0e3bbe\cy06,superseded,,,0,0,,,deck
c6207b808f4fddb5,..\2_LP\LOW_Fr_MASTER_result\regen\e31dae0e3bbe\cy07,superseded,,,0,0,,,deck
c6207b808f4fddb5,..\2_LP\LOW_Fr_MASTER_result\regen\e31dae0e3bbe\cy08,superseded,,,0,0,,,deck
c6207b808f4fddb5,..\2_LP\LOW_Fr_MASTER_result\regen\e31dae0e3bbe\cy09,superseded,,,0,0,,,deck
c6207b808f4fddb5,..\2_LP\LOW_Fr_MASTER_result\regen\e31dae0e3bbe\cy10,superseded,,,0,0,,,deck
c6207b808f4fddb5,..\2_LP\LOW_Fr_MASTER_result\regen\e31dae0e3bbe\cy11,superseded,,,0,0,,,deck
c6207b808f4fddb5,..\2_LP\LOW_Fr_MASTER_result\regen\e31dae0e3bbe\cy12,regen:cy12/12,1.6566,1.5114,25,1,,613.872,deck
,..\2_LP\LOW_Fr_MASTER_result\regen\e35df34a957e\cy01,superseded,,,0,0,,,
ce1f64bb341acc90,..\2_LP\LOW_Fr_MASTER_result\regen\e35df34a957e\cy02,superseded,,,0,0,,,deck
ce1f64bb341acc90,..\2_LP\LOW_Fr_MASTER_result\regen\e35df34a957e\cy03,superseded,,,0,0,,,deck
ce1f64bb341acc90,..\2_LP\LOW_Fr_MASTER_result\regen\e35df34a957e\cy04,superseded,,,0,0,,,deck
ce1f64bb341acc90,..\2_LP\LOW_Fr_MASTER_result\regen\e35df34a957e\cy05,superseded,,,0,0,,,deck
ce1f64bb341acc90,..\2_LP\LOW_Fr_MASTER_result\regen\e35df34a957e\cy06,superseded,,,0,0,,,deck
ce1f64bb341acc90,..\2_LP\LOW_Fr_MASTER_result\regen\e35df34a957e\cy07,superseded,,,0,0,,,deck
ce1f64bb341acc90,..\2_LP\LOW_Fr_MASTER_result\regen\e35df34a957e\cy08,superseded,,,0,0,,,deck
ce1f64bb341acc90,..\2_LP\LOW_Fr_MASTER_result\regen\e35df34a957e\cy09,superseded,,,0,0,,,deck
ce1f64bb341acc90,..\2_LP\LOW_Fr_MASTER_result\regen\e35df34a957e\cy10,superseded,,,0,0,,,deck
ce1f64bb341acc90,..\2_LP\LOW_Fr_MASTER_result\regen\e35df34a957e\cy11,superseded,,,0,0,,,deck
ce1f64bb341acc90,..\2_LP\LOW_Fr_MASTER_result\regen\e35df34a957e\cy12,regen:cy12/12,1.631,1.4612,25,1,,616.415,deck
,..\2_LP\LOW_Fr_MASTER_result\regen\e362d2b67304\cy01,superseded,,,0,0,,,
dd460e831dbf4d3f,..\2_LP\LOW_Fr_MASTER_result\regen\e362d2b67304\cy02,superseded,,,0,0,,,deck
dd460e831dbf4d3f,..\2_LP\LOW_Fr_MASTER_result\regen\e362d2b67304\cy03,superseded,,,0,0,,,deck
dd460e831dbf4d3f,..\2_LP\LOW_Fr_MASTER_result\regen\e362d2b67304\cy04,superseded,,,0,0,,,deck
dd460e831dbf4d3f,..\2_LP\LOW_Fr_MASTER_result\regen\e362d2b67304\cy05,superseded,,,0,0,,,deck
dd460e831dbf4d3f,..\2_LP\LOW_Fr_MASTER_result\regen\e362d2b67304\cy06,superseded,,,0,0,,,deck
dd460e831dbf4d3f,..\2_LP\LOW_Fr_MASTER_result\regen\e362d2b67304\cy07,superseded,,,0,0,,,deck
dd460e831dbf4d3f,..\2_LP\LOW_Fr_MASTER_result\regen\e362d2b67304\cy08,superseded,,,0,0,,,deck
dd460e831dbf4d3f,..\2_LP\LOW_Fr_MASTER_result\regen\e362d2b67304\cy09,superseded,,,0,0,,,deck
dd460e831dbf4d3f,..\2_LP\LOW_Fr_MASTER_result\regen\e362d2b67304\cy10,superseded,,,0,0,,,deck
dd460e831dbf4d3f,..\2_LP\LOW_Fr_MASTER_result\regen\e362d2b67304\cy11,regen:cy11/11,1.6728,1.5426,25,1,,621.924,deck
,..\2_LP\LOW_Fr_MASTER_result\regen\e38619d9ae78\cy01,superseded,,,0,0,,,
e3044875903b0cb1,..\2_LP\LOW_Fr_MASTER_result\regen\e38619d9ae78\cy02,superseded,,,0,0,,,deck
e3044875903b0cb1,..\2_LP\LOW_Fr_MASTER_result\regen\e38619d9ae78\cy03,superseded,,,0,0,,,deck
e3044875903b0cb1,..\2_LP\LOW_Fr_MASTER_result\regen\e38619d9ae78\cy04,superseded,,,0,0,,,deck
e3044875903b0cb1,..\2_LP\LOW_Fr_MASTER_result\regen\e38619d9ae78\cy05,superseded,,,0,0,,,deck
e3044875903b0cb1,..\2_LP\LOW_Fr_MASTER_result\regen\e38619d9ae78\cy06,superseded,,,0,0,,,deck
e3044875903b0cb1,..\2_LP\LOW_Fr_MASTER_result\regen\e38619d9ae78\cy07,superseded,,,0,0,,,deck
e3044875903b0cb1,..\2_LP\LOW_Fr_MASTER_result\regen\e38619d9ae78\cy08,superseded,,,0,0,,,deck
e3044875903b0cb1,..\2_LP\LOW_Fr_MASTER_result\regen\e38619d9ae78\cy09,superseded,,,0,0,,,deck
e3044875903b0cb1,..\2_LP\LOW_Fr_MASTER_result\regen\e38619d9ae78\cy10,superseded,,,0,0,,,deck
e3044875903b0cb1,..\2_LP\LOW_Fr_MASTER_result\regen\e38619d9ae78\cy11,superseded,,,0,0,,,deck
e3044875903b0cb1,..\2_LP\LOW_Fr_MASTER_result\regen\e38619d9ae78\cy12,regen:cy12/12,1.7201,1.5599,25,1,,614.57,deck
,..\2_LP\LOW_Fr_MASTER_result\regen\e3f8893e7c92\cy01,superseded,,,0,0,,,
9548a9a3da9a166c,..\2_LP\LOW_Fr_MASTER_result\regen\e3f8893e7c92\cy02,superseded,,,0,0,,,deck
9548a9a3da9a166c,..\2_LP\LOW_Fr_MASTER_result\regen\e3f8893e7c92\cy03,superseded,,,0,0,,,deck
9548a9a3da9a166c,..\2_LP\LOW_Fr_MASTER_result\regen\e3f8893e7c92\cy04,superseded,,,0,0,,,deck
9548a9a3da9a166c,..\2_LP\LOW_Fr_MASTER_result\regen\e3f8893e7c92\cy05,superseded,,,0,0,,,deck
9548a9a3da9a166c,..\2_LP\LOW_Fr_MASTER_result\regen\e3f8893e7c92\cy06,superseded,,,0,0,,,deck
9548a9a3da9a166c,..\2_LP\LOW_Fr_MASTER_result\regen\e3f8893e7c92\cy07,superseded,,,0,0,,,deck
9548a9a3da9a166c,..\2_LP\LOW_Fr_MASTER_result\regen\e3f8893e7c92\cy08,superseded,,,0,0,,,deck
9548a9a3da9a166c,..\2_LP\LOW_Fr_MASTER_result\regen\e3f8893e7c92\cy09,superseded,,,0,0,,,deck
9548a9a3da9a166c,..\2_LP\LOW_Fr_MASTER_result\regen\e3f8893e7c92\cy10,superseded,,,0,0,,,deck
9548a9a3da9a166c,..\2_LP\LOW_Fr_MASTER_result\regen\e3f8893e7c92\cy11,superseded,,,0,0,,,deck
9548a9a3da9a166c,..\2_LP\LOW_Fr_MASTER_result\regen\e3f8893e7c92\cy12,regen:cy12/12,1.7449,1.5534,25,1,,613.723,deck
,..\2_LP\LOW_Fr_MASTER_result\regen\e5109f7b4705\cy01,superseded,,,0,0,,,
e95fa9792e0dfa4c,..\2_LP\LOW_Fr_MASTER_result\regen\e5109f7b4705\cy02,superseded,,,0,0,,,deck
e95fa9792e0dfa4c,..\2_LP\LOW_Fr_MASTER_result\regen\e5109f7b4705\cy03,superseded,,,0,0,,,deck
e95fa9792e0dfa4c,..\2_LP\LOW_Fr_MASTER_result\regen\e5109f7b4705\cy04,superseded,,,0,0,,,deck
e95fa9792e0dfa4c,..\2_LP\LOW_Fr_MASTER_result\regen\e5109f7b4705\cy05,superseded,,,0,0,,,deck
e95fa9792e0dfa4c,..\2_LP\LOW_Fr_MASTER_result\regen\e5109f7b4705\cy06,superseded,,,0,0,,,deck
e95fa9792e0dfa4c,..\2_LP\LOW_Fr_MASTER_result\regen\e5109f7b4705\cy07,superseded,,,0,0,,,deck
e95fa9792e0dfa4c,..\2_LP\LOW_Fr_MASTER_result\regen\e5109f7b4705\cy08,superseded,,,0,0,,,deck
e95fa9792e0dfa4c,..\2_LP\LOW_Fr_MASTER_result\regen\e5109f7b4705\cy09,superseded,,,0,0,,,deck
e95fa9792e0dfa4c,..\2_LP\LOW_Fr_MASTER_result\regen\e5109f7b4705\cy10,superseded,,,0,0,,,deck
e95fa9792e0dfa4c,..\2_LP\LOW_Fr_MASTER_result\regen\e5109f7b4705\cy11,superseded,,,0,0,,,deck
e95fa9792e0dfa4c,..\2_LP\LOW_Fr_MASTER_result\regen\e5109f7b4705\cy12,regen:cy12/12,1.7479,1.5481,25,1,,613.729,deck
,..\2_LP\LOW_Fr_MASTER_result\regen\e591e44006dc\cy01,superseded,,,0,0,,,
3f96773bbd39a9a6,..\2_LP\LOW_Fr_MASTER_result\regen\e591e44006dc\cy02,superseded,,,0,0,,,deck
3f96773bbd39a9a6,..\2_LP\LOW_Fr_MASTER_result\regen\e591e44006dc\cy03,superseded,,,0,0,,,deck
3f96773bbd39a9a6,..\2_LP\LOW_Fr_MASTER_result\regen\e591e44006dc\cy04,superseded,,,0,0,,,deck
3f96773bbd39a9a6,..\2_LP\LOW_Fr_MASTER_result\regen\e591e44006dc\cy05,superseded,,,0,0,,,deck
3f96773bbd39a9a6,..\2_LP\LOW_Fr_MASTER_result\regen\e591e44006dc\cy06,superseded,,,0,0,,,deck
3f96773bbd39a9a6,..\2_LP\LOW_Fr_MASTER_result\regen\e591e44006dc\cy07,superseded,,,0,0,,,deck
3f96773bbd39a9a6,..\2_LP\LOW_Fr_MASTER_result\regen\e591e44006dc\cy08,superseded,,,0,0,,,deck
3f96773bbd39a9a6,..\2_LP\LOW_Fr_MASTER_result\regen\e591e44006dc\cy09,superseded,,,0,0,,,deck
3f96773bbd39a9a6,..\2_LP\LOW_Fr_MASTER_result\regen\e591e44006dc\cy10,superseded,,,0,0,,,deck
3f96773bbd39a9a6,..\2_LP\LOW_Fr_MASTER_result\regen\e591e44006dc\cy11,superseded,,,0,0,,,deck
3f96773bbd39a9a6,..\2_LP\LOW_Fr_MASTER_result\regen\e591e44006dc\cy12,regen:cy12/12,1.6522,1.5101,25,1,,618.187,deck
,..\2_LP\LOW_Fr_MASTER_result\regen\e6da251f9eae\cy01,superseded,,,0,0,,,
514fe376a07c92c4,..\2_LP\LOW_Fr_MASTER_result\regen\e6da251f9eae\cy02,superseded,,,0,0,,,deck
514fe376a07c92c4,..\2_LP\LOW_Fr_MASTER_result\regen\e6da251f9eae\cy03,superseded,,,0,0,,,deck
514fe376a07c92c4,..\2_LP\LOW_Fr_MASTER_result\regen\e6da251f9eae\cy04,superseded,,,0,0,,,deck
514fe376a07c92c4,..\2_LP\LOW_Fr_MASTER_result\regen\e6da251f9eae\cy05,superseded,,,0,0,,,deck
514fe376a07c92c4,..\2_LP\LOW_Fr_MASTER_result\regen\e6da251f9eae\cy06,superseded,,,0,0,,,deck
514fe376a07c92c4,..\2_LP\LOW_Fr_MASTER_result\regen\e6da251f9eae\cy07,superseded,,,0,0,,,deck
514fe376a07c92c4,..\2_LP\LOW_Fr_MASTER_result\regen\e6da251f9eae\cy08,superseded,,,0,0,,,deck
514fe376a07c92c4,..\2_LP\LOW_Fr_MASTER_result\regen\e6da251f9eae\cy09,superseded,,,0,0,,,deck
514fe376a07c92c4,..\2_LP\LOW_Fr_MASTER_result\regen\e6da251f9eae\cy10,superseded,,,0,0,,,deck
514fe376a07c92c4,..\2_LP\LOW_Fr_MASTER_result\regen\e6da251f9eae\cy11,regen:cy11/11,1.7274,1.563,25,1,,619.161,deck
,..\2_LP\LOW_Fr_MASTER_result\regen\e75bf555ba02\cy01,superseded,,,0,0,,,
3e158378f1e78ae3,..\2_LP\LOW_Fr_MASTER_result\regen\e75bf555ba02\cy02,superseded,,,0,0,,,deck
3e158378f1e78ae3,..\2_LP\LOW_Fr_MASTER_result\regen\e75bf555ba02\cy03,superseded,,,0,0,,,deck
3e158378f1e78ae3,..\2_LP\LOW_Fr_MASTER_result\regen\e75bf555ba02\cy04,superseded,,,0,0,,,deck
3e158378f1e78ae3,..\2_LP\LOW_Fr_MASTER_result\regen\e75bf555ba02\cy05,superseded,,,0,0,,,deck
3e158378f1e78ae3,..\2_LP\LOW_Fr_MASTER_result\regen\e75bf555ba02\cy06,superseded,,,0,0,,,deck
3e158378f1e78ae3,..\2_LP\LOW_Fr_MASTER_result\regen\e75bf555ba02\cy07,superseded,,,0,0,,,deck
3e158378f1e78ae3,..\2_LP\LOW_Fr_MASTER_result\regen\e75bf555ba02\cy08,superseded,,,0,0,,,deck
3e158378f1e78ae3,..\2_LP\LOW_Fr_MASTER_result\regen\e75bf555ba02\cy09,superseded,,,0,0,,,deck
3e158378f1e78ae3,..\2_LP\LOW_Fr_MASTER_result\regen\e75bf555ba02\cy10,superseded,,,0,0,,,deck
3e158378f1e78ae3,..\2_LP\LOW_Fr_MASTER_result\regen\e75bf555ba02\cy11,superseded,,,0,0,,,deck
3e158378f1e78ae3,..\2_LP\LOW_Fr_MASTER_result\regen\e75bf555ba02\cy12,regen:cy12/12,1.7236,1.5639,25,1,,623.246,deck
,..\2_LP\LOW_Fr_MASTER_result\regen\e771d97ff516\cy01,superseded,,,0,0,,,
c993d8470837322c,..\2_LP\LOW_Fr_MASTER_result\regen\e771d97ff516\cy02,superseded,,,0,0,,,deck
c993d8470837322c,..\2_LP\LOW_Fr_MASTER_result\regen\e771d97ff516\cy03,superseded,,,0,0,,,deck
c993d8470837322c,..\2_LP\LOW_Fr_MASTER_result\regen\e771d97ff516\cy04,superseded,,,0,0,,,deck
c993d8470837322c,..\2_LP\LOW_Fr_MASTER_result\regen\e771d97ff516\cy05,superseded,,,0,0,,,deck
c993d8470837322c,..\2_LP\LOW_Fr_MASTER_result\regen\e771d97ff516\cy06,superseded,,,0,0,,,deck
c993d8470837322c,..\2_LP\LOW_Fr_MASTER_result\regen\e771d97ff516\cy07,superseded,,,0,0,,,deck
c993d8470837322c,..\2_LP\LOW_Fr_MASTER_result\regen\e771d97ff516\cy08,superseded,,,0,0,,,deck
c993d8470837322c,..\2_LP\LOW_Fr_MASTER_result\regen\e771d97ff516\cy09,superseded,,,0,0,,,deck
c993d8470837322c,..\2_LP\LOW_Fr_MASTER_result\regen\e771d97ff516\cy10,superseded,,,0,0,,,deck
c993d8470837322c,..\2_LP\LOW_Fr_MASTER_result\regen\e771d97ff516\cy11,superseded,,,0,0,,,deck
c993d8470837322c,..\2_LP\LOW_Fr_MASTER_result\regen\e771d97ff516\cy12,regen:cy12/12,1.7166,1.5416,25,1,,613.707,deck
,..\2_LP\LOW_Fr_MASTER_result\regen\e77cdb583cd2\cy01,superseded,,,0,0,,,
6877f07ae4590c65,..\2_LP\LOW_Fr_MASTER_result\regen\e77cdb583cd2\cy02,superseded,,,0,0,,,deck
6877f07ae4590c65,..\2_LP\LOW_Fr_MASTER_result\regen\e77cdb583cd2\cy03,superseded,,,0,0,,,deck
6877f07ae4590c65,..\2_LP\LOW_Fr_MASTER_result\regen\e77cdb583cd2\cy04,superseded,,,0,0,,,deck
6877f07ae4590c65,..\2_LP\LOW_Fr_MASTER_result\regen\e77cdb583cd2\cy05,superseded,,,0,0,,,deck
6877f07ae4590c65,..\2_LP\LOW_Fr_MASTER_result\regen\e77cdb583cd2\cy06,superseded,,,0,0,,,deck
6877f07ae4590c65,..\2_LP\LOW_Fr_MASTER_result\regen\e77cdb583cd2\cy07,superseded,,,0,0,,,deck
6877f07ae4590c65,..\2_LP\LOW_Fr_MASTER_result\regen\e77cdb583cd2\cy08,superseded,,,0,0,,,deck
6877f07ae4590c65,..\2_LP\LOW_Fr_MASTER_result\regen\e77cdb583cd2\cy09,superseded,,,0,0,,,deck
6877f07ae4590c65,..\2_LP\LOW_Fr_MASTER_result\regen\e77cdb583cd2\cy10,superseded,,,0,0,,,deck
6877f07ae4590c65,..\2_LP\LOW_Fr_MASTER_result\regen\e77cdb583cd2\cy11,superseded,,,0,0,,,deck
6877f07ae4590c65,..\2_LP\LOW_Fr_MASTER_result\regen\e77cdb583cd2\cy12,regen:cy12/12,1.7082,1.5444,25,1,,613.662,deck
,..\2_LP\LOW_Fr_MASTER_result\regen\e893a233020a\cy01,superseded,,,0,0,,,
69e1241bc2846249,..\2_LP\LOW_Fr_MASTER_result\regen\e893a233020a\cy02,superseded,,,0,0,,,deck
69e1241bc2846249,..\2_LP\LOW_Fr_MASTER_result\regen\e893a233020a\cy03,superseded,,,0,0,,,deck
69e1241bc2846249,..\2_LP\LOW_Fr_MASTER_result\regen\e893a233020a\cy04,superseded,,,0,0,,,deck
69e1241bc2846249,..\2_LP\LOW_Fr_MASTER_result\regen\e893a233020a\cy05,superseded,,,0,0,,,deck
69e1241bc2846249,..\2_LP\LOW_Fr_MASTER_result\regen\e893a233020a\cy06,superseded,,,0,0,,,deck
69e1241bc2846249,..\2_LP\LOW_Fr_MASTER_result\regen\e893a233020a\cy07,superseded,,,0,0,,,deck
69e1241bc2846249,..\2_LP\LOW_Fr_MASTER_result\regen\e893a233020a\cy08,superseded,,,0,0,,,deck
69e1241bc2846249,..\2_LP\LOW_Fr_MASTER_result\regen\e893a233020a\cy09,superseded,,,0,0,,,deck
69e1241bc2846249,..\2_LP\LOW_Fr_MASTER_result\regen\e893a233020a\cy10,superseded,,,0,0,,,deck
69e1241bc2846249,..\2_LP\LOW_Fr_MASTER_result\regen\e893a233020a\cy11,superseded,,,0,0,,,deck
69e1241bc2846249,..\2_LP\LOW_Fr_MASTER_result\regen\e893a233020a\cy12,regen:cy12/12,1.6473,1.5165,25,1,,614.663,deck
,..\2_LP\LOW_Fr_MASTER_result\regen\e99cf48fe8ab\cy01,superseded,,,0,0,,,
2df12b6f10a5ae8b,..\2_LP\LOW_Fr_MASTER_result\regen\e99cf48fe8ab\cy02,superseded,,,0,0,,,deck
2df12b6f10a5ae8b,..\2_LP\LOW_Fr_MASTER_result\regen\e99cf48fe8ab\cy03,superseded,,,0,0,,,deck
2df12b6f10a5ae8b,..\2_LP\LOW_Fr_MASTER_result\regen\e99cf48fe8ab\cy04,superseded,,,0,0,,,deck
2df12b6f10a5ae8b,..\2_LP\LOW_Fr_MASTER_result\regen\e99cf48fe8ab\cy05,superseded,,,0,0,,,deck
2df12b6f10a5ae8b,..\2_LP\LOW_Fr_MASTER_result\regen\e99cf48fe8ab\cy06,superseded,,,0,0,,,deck
2df12b6f10a5ae8b,..\2_LP\LOW_Fr_MASTER_result\regen\e99cf48fe8ab\cy07,superseded,,,0,0,,,deck
2df12b6f10a5ae8b,..\2_LP\LOW_Fr_MASTER_result\regen\e99cf48fe8ab\cy08,superseded,,,0,0,,,deck
2df12b6f10a5ae8b,..\2_LP\LOW_Fr_MASTER_result\regen\e99cf48fe8ab\cy09,superseded,,,0,0,,,deck
2df12b6f10a5ae8b,..\2_LP\LOW_Fr_MASTER_result\regen\e99cf48fe8ab\cy10,superseded,,,0,0,,,deck
2df12b6f10a5ae8b,..\2_LP\LOW_Fr_MASTER_result\regen\e99cf48fe8ab\cy11,superseded,,,0,0,,,deck
2df12b6f10a5ae8b,..\2_LP\LOW_Fr_MASTER_result\regen\e99cf48fe8ab\cy12,regen:cy12/12,1.7244,1.5181,25,1,,616.436,deck
,..\2_LP\LOW_Fr_MASTER_result\regen\eabba6795591\cy01,superseded,,,0,0,,,
aef1ab686fd7c093,..\2_LP\LOW_Fr_MASTER_result\regen\eabba6795591\cy02,superseded,,,0,0,,,deck
aef1ab686fd7c093,..\2_LP\LOW_Fr_MASTER_result\regen\eabba6795591\cy03,superseded,,,0,0,,,deck
aef1ab686fd7c093,..\2_LP\LOW_Fr_MASTER_result\regen\eabba6795591\cy04,superseded,,,0,0,,,deck
aef1ab686fd7c093,..\2_LP\LOW_Fr_MASTER_result\regen\eabba6795591\cy05,superseded,,,0,0,,,deck
aef1ab686fd7c093,..\2_LP\LOW_Fr_MASTER_result\regen\eabba6795591\cy06,superseded,,,0,0,,,deck
aef1ab686fd7c093,..\2_LP\LOW_Fr_MASTER_result\regen\eabba6795591\cy07,superseded,,,0,0,,,deck
aef1ab686fd7c093,..\2_LP\LOW_Fr_MASTER_result\regen\eabba6795591\cy08,superseded,,,0,0,,,deck
aef1ab686fd7c093,..\2_LP\LOW_Fr_MASTER_result\regen\eabba6795591\cy09,superseded,,,0,0,,,deck
aef1ab686fd7c093,..\2_LP\LOW_Fr_MASTER_result\regen\eabba6795591\cy10,superseded,,,0,0,,,deck
aef1ab686fd7c093,..\2_LP\LOW_Fr_MASTER_result\regen\eabba6795591\cy11,superseded,,,0,0,,,deck
aef1ab686fd7c093,..\2_LP\LOW_Fr_MASTER_result\regen\eabba6795591\cy12,regen:cy12/12,1.6335,1.4979,25,1,,618.921,deck
,..\2_LP\LOW_Fr_MASTER_result\regen\eacd50ef503f\cy01,superseded,,,0,0,,,
6d79421fb6a52f92,..\2_LP\LOW_Fr_MASTER_result\regen\eacd50ef503f\cy02,superseded,,,0,0,,,deck
6d79421fb6a52f92,..\2_LP\LOW_Fr_MASTER_result\regen\eacd50ef503f\cy03,superseded,,,0,0,,,deck
6d79421fb6a52f92,..\2_LP\LOW_Fr_MASTER_result\regen\eacd50ef503f\cy04,superseded,,,0,0,,,deck
6d79421fb6a52f92,..\2_LP\LOW_Fr_MASTER_result\regen\eacd50ef503f\cy05,superseded,,,0,0,,,deck
6d79421fb6a52f92,..\2_LP\LOW_Fr_MASTER_result\regen\eacd50ef503f\cy06,superseded,,,0,0,,,deck
6d79421fb6a52f92,..\2_LP\LOW_Fr_MASTER_result\regen\eacd50ef503f\cy07,superseded,,,0,0,,,deck
6d79421fb6a52f92,..\2_LP\LOW_Fr_MASTER_result\regen\eacd50ef503f\cy08,superseded,,,0,0,,,deck
6d79421fb6a52f92,..\2_LP\LOW_Fr_MASTER_result\regen\eacd50ef503f\cy09,superseded,,,0,0,,,deck
6d79421fb6a52f92,..\2_LP\LOW_Fr_MASTER_result\regen\eacd50ef503f\cy10,superseded,,,0,0,,,deck
6d79421fb6a52f92,..\2_LP\LOW_Fr_MASTER_result\regen\eacd50ef503f\cy11,superseded,,,0,0,,,deck
6d79421fb6a52f92,..\2_LP\LOW_Fr_MASTER_result\regen\eacd50ef503f\cy12,regen:cy12/12,1.6715,1.4799,25,1,,619.541,deck
,..\2_LP\LOW_Fr_MASTER_result\regen\eb341a5bf786\cy01,superseded,,,0,0,,,
43182a17a1735375,..\2_LP\LOW_Fr_MASTER_result\regen\eb341a5bf786\cy02,superseded,,,0,0,,,deck
43182a17a1735375,..\2_LP\LOW_Fr_MASTER_result\regen\eb341a5bf786\cy03,superseded,,,0,0,,,deck
43182a17a1735375,..\2_LP\LOW_Fr_MASTER_result\regen\eb341a5bf786\cy04,superseded,,,0,0,,,deck
43182a17a1735375,..\2_LP\LOW_Fr_MASTER_result\regen\eb341a5bf786\cy05,superseded,,,0,0,,,deck
43182a17a1735375,..\2_LP\LOW_Fr_MASTER_result\regen\eb341a5bf786\cy06,superseded,,,0,0,,,deck
43182a17a1735375,..\2_LP\LOW_Fr_MASTER_result\regen\eb341a5bf786\cy07,superseded,,,0,0,,,deck
43182a17a1735375,..\2_LP\LOW_Fr_MASTER_result\regen\eb341a5bf786\cy08,superseded,,,0,0,,,deck
43182a17a1735375,..\2_LP\LOW_Fr_MASTER_result\regen\eb341a5bf786\cy09,superseded,,,0,0,,,deck
43182a17a1735375,..\2_LP\LOW_Fr_MASTER_result\regen\eb341a5bf786\cy10,superseded,,,0,0,,,deck
43182a17a1735375,..\2_LP\LOW_Fr_MASTER_result\regen\eb341a5bf786\cy11,regen:cy11/11,1.8717,1.6221,25,1,,621.282,deck
,..\2_LP\LOW_Fr_MASTER_result\regen\eb590ac31763\cy01,superseded,,,0,0,,,
625420973ced8ba0,..\2_LP\LOW_Fr_MASTER_result\regen\eb590ac31763\cy02,superseded,,,0,0,,,deck
625420973ced8ba0,..\2_LP\LOW_Fr_MASTER_result\regen\eb590ac31763\cy03,superseded,,,0,0,,,deck
625420973ced8ba0,..\2_LP\LOW_Fr_MASTER_result\regen\eb590ac31763\cy04,superseded,,,0,0,,,deck
625420973ced8ba0,..\2_LP\LOW_Fr_MASTER_result\regen\eb590ac31763\cy05,superseded,,,0,0,,,deck
625420973ced8ba0,..\2_LP\LOW_Fr_MASTER_result\regen\eb590ac31763\cy06,superseded,,,0,0,,,deck
625420973ced8ba0,..\2_LP\LOW_Fr_MASTER_result\regen\eb590ac31763\cy07,superseded,,,0,0,,,deck
625420973ced8ba0,..\2_LP\LOW_Fr_MASTER_result\regen\eb590ac31763\cy08,superseded,,,0,0,,,deck
625420973ced8ba0,..\2_LP\LOW_Fr_MASTER_result\regen\eb590ac31763\cy09,superseded,,,0,0,,,deck
625420973ced8ba0,..\2_LP\LOW_Fr_MASTER_result\regen\eb590ac31763\cy10,superseded,,,0,0,,,deck
625420973ced8ba0,..\2_LP\LOW_Fr_MASTER_result\regen\eb590ac31763\cy11,superseded,,,0,0,,,deck
625420973ced8ba0,..\2_LP\LOW_Fr_MASTER_result\regen\eb590ac31763\cy12,regen:cy12/12,1.6859,1.5303,25,1,,613.857,deck
,..\2_LP\LOW_Fr_MASTER_result\regen\ece3e1459d76\cy01,superseded,,,0,0,,,
47df1957922200a2,..\2_LP\LOW_Fr_MASTER_result\regen\ece3e1459d76\cy02,superseded,,,0,0,,,deck
47df1957922200a2,..\2_LP\LOW_Fr_MASTER_result\regen\ece3e1459d76\cy03,superseded,,,0,0,,,deck
47df1957922200a2,..\2_LP\LOW_Fr_MASTER_result\regen\ece3e1459d76\cy04,superseded,,,0,0,,,deck
47df1957922200a2,..\2_LP\LOW_Fr_MASTER_result\regen\ece3e1459d76\cy05,superseded,,,0,0,,,deck
47df1957922200a2,..\2_LP\LOW_Fr_MASTER_result\regen\ece3e1459d76\cy06,superseded,,,0,0,,,deck
47df1957922200a2,..\2_LP\LOW_Fr_MASTER_result\regen\ece3e1459d76\cy07,superseded,,,0,0,,,deck
47df1957922200a2,..\2_LP\LOW_Fr_MASTER_result\regen\ece3e1459d76\cy08,superseded,,,0,0,,,deck
47df1957922200a2,..\2_LP\LOW_Fr_MASTER_result\regen\ece3e1459d76\cy09,superseded,,,0,0,,,deck
47df1957922200a2,..\2_LP\LOW_Fr_MASTER_result\regen\ece3e1459d76\cy10,superseded,,,0,0,,,deck
47df1957922200a2,..\2_LP\LOW_Fr_MASTER_result\regen\ece3e1459d76\cy11,superseded,,,0,0,,,deck
47df1957922200a2,..\2_LP\LOW_Fr_MASTER_result\regen\ece3e1459d76\cy12,regen:cy12/12,1.7387,1.5467,25,1,,623.352,deck
,..\2_LP\LOW_Fr_MASTER_result\regen\ed06c4a2d722\cy01,superseded,,,0,0,,,
551af1f2fcf3dd47,..\2_LP\LOW_Fr_MASTER_result\regen\ed06c4a2d722\cy02,superseded,,,0,0,,,deck
551af1f2fcf3dd47,..\2_LP\LOW_Fr_MASTER_result\regen\ed06c4a2d722\cy03,superseded,,,0,0,,,deck
551af1f2fcf3dd47,..\2_LP\LOW_Fr_MASTER_result\regen\ed06c4a2d722\cy04,superseded,,,0,0,,,deck
551af1f2fcf3dd47,..\2_LP\LOW_Fr_MASTER_result\regen\ed06c4a2d722\cy05,superseded,,,0,0,,,deck
551af1f2fcf3dd47,..\2_LP\LOW_Fr_MASTER_result\regen\ed06c4a2d722\cy06,superseded,,,0,0,,,deck
551af1f2fcf3dd47,..\2_LP\LOW_Fr_MASTER_result\regen\ed06c4a2d722\cy07,superseded,,,0,0,,,deck
551af1f2fcf3dd47,..\2_LP\LOW_Fr_MASTER_result\regen\ed06c4a2d722\cy08,superseded,,,0,0,,,deck
551af1f2fcf3dd47,..\2_LP\LOW_Fr_MASTER_result\regen\ed06c4a2d722\cy09,superseded,,,0,0,,,deck
551af1f2fcf3dd47,..\2_LP\LOW_Fr_MASTER_result\regen\ed06c4a2d722\cy10,superseded,,,0,0,,,deck
551af1f2fcf3dd47,..\2_LP\LOW_Fr_MASTER_result\regen\ed06c4a2d722\cy11,superseded,,,0,0,,,deck
551af1f2fcf3dd47,..\2_LP\LOW_Fr_MASTER_result\regen\ed06c4a2d722\cy12,regen:cy12/12,1.6502,1.4945,25,1,,614.348,deck
,..\2_LP\LOW_Fr_MASTER_result\regen\efaf4a4299a7\cy01,superseded,,,0,0,,,
adca830e6782f70d,..\2_LP\LOW_Fr_MASTER_result\regen\efaf4a4299a7\cy02,superseded,,,0,0,,,deck
adca830e6782f70d,..\2_LP\LOW_Fr_MASTER_result\regen\efaf4a4299a7\cy03,superseded,,,0,0,,,deck
adca830e6782f70d,..\2_LP\LOW_Fr_MASTER_result\regen\efaf4a4299a7\cy04,superseded,,,0,0,,,deck
adca830e6782f70d,..\2_LP\LOW_Fr_MASTER_result\regen\efaf4a4299a7\cy05,superseded,,,0,0,,,deck
adca830e6782f70d,..\2_LP\LOW_Fr_MASTER_result\regen\efaf4a4299a7\cy06,superseded,,,0,0,,,deck
adca830e6782f70d,..\2_LP\LOW_Fr_MASTER_result\regen\efaf4a4299a7\cy07,superseded,,,0,0,,,deck
adca830e6782f70d,..\2_LP\LOW_Fr_MASTER_result\regen\efaf4a4299a7\cy08,superseded,,,0,0,,,deck
adca830e6782f70d,..\2_LP\LOW_Fr_MASTER_result\regen\efaf4a4299a7\cy09,superseded,,,0,0,,,deck
adca830e6782f70d,..\2_LP\LOW_Fr_MASTER_result\regen\efaf4a4299a7\cy10,superseded,,,0,0,,,deck
adca830e6782f70d,..\2_LP\LOW_Fr_MASTER_result\regen\efaf4a4299a7\cy11,superseded,,,0,0,,,deck
adca830e6782f70d,..\2_LP\LOW_Fr_MASTER_result\regen\efaf4a4299a7\cy12,regen:cy12/12,1.5837,1.4511,25,1,,621.346,deck
,..\2_LP\LOW_Fr_MASTER_result\regen\efd9a62cb4ea\cy01,superseded,,,0,0,,,
5beabb041d3aa625,..\2_LP\LOW_Fr_MASTER_result\regen\efd9a62cb4ea\cy02,superseded,,,0,0,,,deck
5beabb041d3aa625,..\2_LP\LOW_Fr_MASTER_result\regen\efd9a62cb4ea\cy03,superseded,,,0,0,,,deck
5beabb041d3aa625,..\2_LP\LOW_Fr_MASTER_result\regen\efd9a62cb4ea\cy04,superseded,,,0,0,,,deck
5beabb041d3aa625,..\2_LP\LOW_Fr_MASTER_result\regen\efd9a62cb4ea\cy05,superseded,,,0,0,,,deck
5beabb041d3aa625,..\2_LP\LOW_Fr_MASTER_result\regen\efd9a62cb4ea\cy06,superseded,,,0,0,,,deck
5beabb041d3aa625,..\2_LP\LOW_Fr_MASTER_result\regen\efd9a62cb4ea\cy07,superseded,,,0,0,,,deck
5beabb041d3aa625,..\2_LP\LOW_Fr_MASTER_result\regen\efd9a62cb4ea\cy08,superseded,,,0,0,,,deck
5beabb041d3aa625,..\2_LP\LOW_Fr_MASTER_result\regen\efd9a62cb4ea\cy09,superseded,,,0,0,,,deck
5beabb041d3aa625,..\2_LP\LOW_Fr_MASTER_result\regen\efd9a62cb4ea\cy10,superseded,,,0,0,,,deck
5beabb041d3aa625,..\2_LP\LOW_Fr_MASTER_result\regen\efd9a62cb4ea\cy11,superseded,,,0,0,,,deck
5beabb041d3aa625,..\2_LP\LOW_Fr_MASTER_result\regen\efd9a62cb4ea\cy12,regen:cy12/12,1.8385,1.6285,25,1,,622.21,deck
,..\2_LP\LOW_Fr_MASTER_result\regen\f0ddde842fbe\cy01,superseded,,,0,0,,,
c3223a5c2831ffdf,..\2_LP\LOW_Fr_MASTER_result\regen\f0ddde842fbe\cy02,superseded,,,0,0,,,deck
c3223a5c2831ffdf,..\2_LP\LOW_Fr_MASTER_result\regen\f0ddde842fbe\cy03,superseded,,,0,0,,,deck
c3223a5c2831ffdf,..\2_LP\LOW_Fr_MASTER_result\regen\f0ddde842fbe\cy04,superseded,,,0,0,,,deck
c3223a5c2831ffdf,..\2_LP\LOW_Fr_MASTER_result\regen\f0ddde842fbe\cy05,superseded,,,0,0,,,deck
c3223a5c2831ffdf,..\2_LP\LOW_Fr_MASTER_result\regen\f0ddde842fbe\cy06,superseded,,,0,0,,,deck
c3223a5c2831ffdf,..\2_LP\LOW_Fr_MASTER_result\regen\f0ddde842fbe\cy07,superseded,,,0,0,,,deck
c3223a5c2831ffdf,..\2_LP\LOW_Fr_MASTER_result\regen\f0ddde842fbe\cy08,superseded,,,0,0,,,deck
c3223a5c2831ffdf,..\2_LP\LOW_Fr_MASTER_result\regen\f0ddde842fbe\cy09,superseded,,,0,0,,,deck
c3223a5c2831ffdf,..\2_LP\LOW_Fr_MASTER_result\regen\f0ddde842fbe\cy10,regen:cy10/10,1.819,1.6505,25,1,,621.704,deck
,..\2_LP\LOW_Fr_MASTER_result\regen\f0f21bf39f38\cy01,superseded,,,0,0,,,
fac7971168f79426,..\2_LP\LOW_Fr_MASTER_result\regen\f0f21bf39f38\cy02,superseded,,,0,0,,,deck
fac7971168f79426,..\2_LP\LOW_Fr_MASTER_result\regen\f0f21bf39f38\cy03,superseded,,,0,0,,,deck
fac7971168f79426,..\2_LP\LOW_Fr_MASTER_result\regen\f0f21bf39f38\cy04,superseded,,,0,0,,,deck
fac7971168f79426,..\2_LP\LOW_Fr_MASTER_result\regen\f0f21bf39f38\cy05,superseded,,,0,0,,,deck
fac7971168f79426,..\2_LP\LOW_Fr_MASTER_result\regen\f0f21bf39f38\cy06,superseded,,,0,0,,,deck
fac7971168f79426,..\2_LP\LOW_Fr_MASTER_result\regen\f0f21bf39f38\cy07,superseded,,,0,0,,,deck
fac7971168f79426,..\2_LP\LOW_Fr_MASTER_result\regen\f0f21bf39f38\cy08,superseded,,,0,0,,,deck
fac7971168f79426,..\2_LP\LOW_Fr_MASTER_result\regen\f0f21bf39f38\cy09,superseded,,,0,0,,,deck
fac7971168f79426,..\2_LP\LOW_Fr_MASTER_result\regen\f0f21bf39f38\cy10,superseded,,,0,0,,,deck
fac7971168f79426,..\2_LP\LOW_Fr_MASTER_result\regen\f0f21bf39f38\cy11,superseded,,,0,0,,,deck
fac7971168f79426,..\2_LP\LOW_Fr_MASTER_result\regen\f0f21bf39f38\cy12,regen:cy12/12,1.6936,1.5368,25,1,,614.514,deck
,..\2_LP\LOW_Fr_MASTER_result\regen\f15651345990\cy01,superseded,,,0,0,,,
b0cffd14fefec1bb,..\2_LP\LOW_Fr_MASTER_result\regen\f15651345990\cy02,superseded,,,0,0,,,deck
b0cffd14fefec1bb,..\2_LP\LOW_Fr_MASTER_result\regen\f15651345990\cy03,superseded,,,0,0,,,deck
b0cffd14fefec1bb,..\2_LP\LOW_Fr_MASTER_result\regen\f15651345990\cy04,superseded,,,0,0,,,deck
b0cffd14fefec1bb,..\2_LP\LOW_Fr_MASTER_result\regen\f15651345990\cy05,superseded,,,0,0,,,deck
b0cffd14fefec1bb,..\2_LP\LOW_Fr_MASTER_result\regen\f15651345990\cy06,superseded,,,0,0,,,deck
b0cffd14fefec1bb,..\2_LP\LOW_Fr_MASTER_result\regen\f15651345990\cy07,superseded,,,0,0,,,deck
b0cffd14fefec1bb,..\2_LP\LOW_Fr_MASTER_result\regen\f15651345990\cy08,superseded,,,0,0,,,deck
b0cffd14fefec1bb,..\2_LP\LOW_Fr_MASTER_result\regen\f15651345990\cy09,superseded,,,0,0,,,deck
b0cffd14fefec1bb,..\2_LP\LOW_Fr_MASTER_result\regen\f15651345990\cy10,superseded,,,0,0,,,deck
b0cffd14fefec1bb,..\2_LP\LOW_Fr_MASTER_result\regen\f15651345990\cy11,superseded,,,0,0,,,deck
b0cffd14fefec1bb,..\2_LP\LOW_Fr_MASTER_result\regen\f15651345990\cy12,regen:cy12/12,1.6362,1.5104,25,1,,619.267,deck
,..\2_LP\LOW_Fr_MASTER_result\regen\f15ec11956d9\cy01,superseded,,,0,0,,,
dd7d9a2562660213,..\2_LP\LOW_Fr_MASTER_result\regen\f15ec11956d9\cy02,superseded,,,0,0,,,deck
dd7d9a2562660213,..\2_LP\LOW_Fr_MASTER_result\regen\f15ec11956d9\cy03,superseded,,,0,0,,,deck
dd7d9a2562660213,..\2_LP\LOW_Fr_MASTER_result\regen\f15ec11956d9\cy04,superseded,,,0,0,,,deck
dd7d9a2562660213,..\2_LP\LOW_Fr_MASTER_result\regen\f15ec11956d9\cy05,superseded,,,0,0,,,deck
dd7d9a2562660213,..\2_LP\LOW_Fr_MASTER_result\regen\f15ec11956d9\cy06,superseded,,,0,0,,,deck
dd7d9a2562660213,..\2_LP\LOW_Fr_MASTER_result\regen\f15ec11956d9\cy07,superseded,,,0,0,,,deck
dd7d9a2562660213,..\2_LP\LOW_Fr_MASTER_result\regen\f15ec11956d9\cy08,superseded,,,0,0,,,deck
dd7d9a2562660213,..\2_LP\LOW_Fr_MASTER_result\regen\f15ec11956d9\cy09,superseded,,,0,0,,,deck
dd7d9a2562660213,..\2_LP\LOW_Fr_MASTER_result\regen\f15ec11956d9\cy10,superseded,,,0,0,,,deck
dd7d9a2562660213,..\2_LP\LOW_Fr_MASTER_result\regen\f15ec11956d9\cy11,superseded,,,0,0,,,deck
dd7d9a2562660213,..\2_LP\LOW_Fr_MASTER_result\regen\f15ec11956d9\cy12,regen:cy12/12,1.715,1.5458,25,1,,614.721,deck
,..\2_LP\LOW_Fr_MASTER_result\regen\f1780e88c11e\cy01,superseded,,,0,0,,,
f2baf0a0acd6aaae,..\2_LP\LOW_Fr_MASTER_result\regen\f1780e88c11e\cy02,superseded,,,0,0,,,deck
f2baf0a0acd6aaae,..\2_LP\LOW_Fr_MASTER_result\regen\f1780e88c11e\cy03,superseded,,,0,0,,,deck
f2baf0a0acd6aaae,..\2_LP\LOW_Fr_MASTER_result\regen\f1780e88c11e\cy04,superseded,,,0,0,,,deck
f2baf0a0acd6aaae,..\2_LP\LOW_Fr_MASTER_result\regen\f1780e88c11e\cy05,superseded,,,0,0,,,deck
f2baf0a0acd6aaae,..\2_LP\LOW_Fr_MASTER_result\regen\f1780e88c11e\cy06,superseded,,,0,0,,,deck
f2baf0a0acd6aaae,..\2_LP\LOW_Fr_MASTER_result\regen\f1780e88c11e\cy07,superseded,,,0,0,,,deck
f2baf0a0acd6aaae,..\2_LP\LOW_Fr_MASTER_result\regen\f1780e88c11e\cy08,superseded,,,0,0,,,deck
f2baf0a0acd6aaae,..\2_LP\LOW_Fr_MASTER_result\regen\f1780e88c11e\cy09,superseded,,,0,0,,,deck
f2baf0a0acd6aaae,..\2_LP\LOW_Fr_MASTER_result\regen\f1780e88c11e\cy10,superseded,,,0,0,,,deck
f2baf0a0acd6aaae,..\2_LP\LOW_Fr_MASTER_result\regen\f1780e88c11e\cy11,superseded,,,0,0,,,deck
f2baf0a0acd6aaae,..\2_LP\LOW_Fr_MASTER_result\regen\f1780e88c11e\cy12,regen:cy12/12,1.6039,1.4529,25,1,,623.509,deck
,..\2_LP\LOW_Fr_MASTER_result\regen\f225e29a24e2\cy01,superseded,,,0,0,,,
919cb3f0d13772f6,..\2_LP\LOW_Fr_MASTER_result\regen\f225e29a24e2\cy02,superseded,,,0,0,,,deck
919cb3f0d13772f6,..\2_LP\LOW_Fr_MASTER_result\regen\f225e29a24e2\cy03,superseded,,,0,0,,,deck
919cb3f0d13772f6,..\2_LP\LOW_Fr_MASTER_result\regen\f225e29a24e2\cy04,superseded,,,0,0,,,deck
919cb3f0d13772f6,..\2_LP\LOW_Fr_MASTER_result\regen\f225e29a24e2\cy05,superseded,,,0,0,,,deck
919cb3f0d13772f6,..\2_LP\LOW_Fr_MASTER_result\regen\f225e29a24e2\cy06,superseded,,,0,0,,,deck
919cb3f0d13772f6,..\2_LP\LOW_Fr_MASTER_result\regen\f225e29a24e2\cy07,superseded,,,0,0,,,deck
919cb3f0d13772f6,..\2_LP\LOW_Fr_MASTER_result\regen\f225e29a24e2\cy08,superseded,,,0,0,,,deck
919cb3f0d13772f6,..\2_LP\LOW_Fr_MASTER_result\regen\f225e29a24e2\cy09,superseded,,,0,0,,,deck
919cb3f0d13772f6,..\2_LP\LOW_Fr_MASTER_result\regen\f225e29a24e2\cy10,superseded,,,0,0,,,deck
919cb3f0d13772f6,..\2_LP\LOW_Fr_MASTER_result\regen\f225e29a24e2\cy11,regen:cy11/11,1.6254,1.4891,25,1,,621.524,deck
,..\2_LP\LOW_Fr_MASTER_result\regen\f255761cfd50\cy01,superseded,,,0,0,,,
67704b3dd17bccf2,..\2_LP\LOW_Fr_MASTER_result\regen\f255761cfd50\cy02,superseded,,,0,0,,,deck
67704b3dd17bccf2,..\2_LP\LOW_Fr_MASTER_result\regen\f255761cfd50\cy03,superseded,,,0,0,,,deck
67704b3dd17bccf2,..\2_LP\LOW_Fr_MASTER_result\regen\f255761cfd50\cy04,superseded,,,0,0,,,deck
67704b3dd17bccf2,..\2_LP\LOW_Fr_MASTER_result\regen\f255761cfd50\cy05,superseded,,,0,0,,,deck
67704b3dd17bccf2,..\2_LP\LOW_Fr_MASTER_result\regen\f255761cfd50\cy06,superseded,,,0,0,,,deck
67704b3dd17bccf2,..\2_LP\LOW_Fr_MASTER_result\regen\f255761cfd50\cy07,superseded,,,0,0,,,deck
67704b3dd17bccf2,..\2_LP\LOW_Fr_MASTER_result\regen\f255761cfd50\cy08,superseded,,,0,0,,,deck
67704b3dd17bccf2,..\2_LP\LOW_Fr_MASTER_result\regen\f255761cfd50\cy09,superseded,,,0,0,,,deck
67704b3dd17bccf2,..\2_LP\LOW_Fr_MASTER_result\regen\f255761cfd50\cy10,superseded,,,0,0,,,deck
67704b3dd17bccf2,..\2_LP\LOW_Fr_MASTER_result\regen\f255761cfd50\cy11,superseded,,,0,0,,,deck
67704b3dd17bccf2,..\2_LP\LOW_Fr_MASTER_result\regen\f255761cfd50\cy12,regen:cy12/12,1.6009,1.4668,25,1,,617.251,deck
,..\2_LP\LOW_Fr_MASTER_result\regen\f2935de9f721\cy01,superseded,,,0,0,,,
9537c1b026843cb4,..\2_LP\LOW_Fr_MASTER_result\regen\f2935de9f721\cy02,superseded,,,0,0,,,deck
9537c1b026843cb4,..\2_LP\LOW_Fr_MASTER_result\regen\f2935de9f721\cy03,superseded,,,0,0,,,deck
9537c1b026843cb4,..\2_LP\LOW_Fr_MASTER_result\regen\f2935de9f721\cy04,superseded,,,0,0,,,deck
9537c1b026843cb4,..\2_LP\LOW_Fr_MASTER_result\regen\f2935de9f721\cy05,superseded,,,0,0,,,deck
9537c1b026843cb4,..\2_LP\LOW_Fr_MASTER_result\regen\f2935de9f721\cy06,superseded,,,0,0,,,deck
9537c1b026843cb4,..\2_LP\LOW_Fr_MASTER_result\regen\f2935de9f721\cy07,superseded,,,0,0,,,deck
9537c1b026843cb4,..\2_LP\LOW_Fr_MASTER_result\regen\f2935de9f721\cy08,superseded,,,0,0,,,deck
9537c1b026843cb4,..\2_LP\LOW_Fr_MASTER_result\regen\f2935de9f721\cy09,superseded,,,0,0,,,deck
9537c1b026843cb4,..\2_LP\LOW_Fr_MASTER_result\regen\f2935de9f721\cy10,superseded,,,0,0,,,deck
9537c1b026843cb4,..\2_LP\LOW_Fr_MASTER_result\regen\f2935de9f721\cy11,superseded,,,0,0,,,deck
9537c1b026843cb4,..\2_LP\LOW_Fr_MASTER_result\regen\f2935de9f721\cy12,regen:cy12/12,1.5989,1.4504,25,1,,623.388,deck
,..\2_LP\LOW_Fr_MASTER_result\regen\f2bd4e734190\cy01,superseded,,,0,0,,,
f7b49db74da738d6,..\2_LP\LOW_Fr_MASTER_result\regen\f2bd4e734190\cy02,superseded,,,0,0,,,deck
f7b49db74da738d6,..\2_LP\LOW_Fr_MASTER_result\regen\f2bd4e734190\cy03,superseded,,,0,0,,,deck
f7b49db74da738d6,..\2_LP\LOW_Fr_MASTER_result\regen\f2bd4e734190\cy04,superseded,,,0,0,,,deck
f7b49db74da738d6,..\2_LP\LOW_Fr_MASTER_result\regen\f2bd4e734190\cy05,superseded,,,0,0,,,deck
f7b49db74da738d6,..\2_LP\LOW_Fr_MASTER_result\regen\f2bd4e734190\cy06,superseded,,,0,0,,,deck
f7b49db74da738d6,..\2_LP\LOW_Fr_MASTER_result\regen\f2bd4e734190\cy07,superseded,,,0,0,,,deck
f7b49db74da738d6,..\2_LP\LOW_Fr_MASTER_result\regen\f2bd4e734190\cy08,superseded,,,0,0,,,deck
f7b49db74da738d6,..\2_LP\LOW_Fr_MASTER_result\regen\f2bd4e734190\cy09,superseded,,,0,0,,,deck
f7b49db74da738d6,..\2_LP\LOW_Fr_MASTER_result\regen\f2bd4e734190\cy10,superseded,,,0,0,,,deck
f7b49db74da738d6,..\2_LP\LOW_Fr_MASTER_result\regen\f2bd4e734190\cy11,superseded,,,0,0,,,deck
f7b49db74da738d6,..\2_LP\LOW_Fr_MASTER_result\regen\f2bd4e734190\cy12,regen:cy12/12,1.7596,1.5669,25,1,,613.987,deck
,..\2_LP\LOW_Fr_MASTER_result\regen\f2fb142ef34c\cy01,superseded,,,0,0,,,
8db2d2b855515166,..\2_LP\LOW_Fr_MASTER_result\regen\f2fb142ef34c\cy02,superseded,,,0,0,,,deck
8db2d2b855515166,..\2_LP\LOW_Fr_MASTER_result\regen\f2fb142ef34c\cy03,superseded,,,0,0,,,deck
8db2d2b855515166,..\2_LP\LOW_Fr_MASTER_result\regen\f2fb142ef34c\cy04,superseded,,,0,0,,,deck
8db2d2b855515166,..\2_LP\LOW_Fr_MASTER_result\regen\f2fb142ef34c\cy05,superseded,,,0,0,,,deck
8db2d2b855515166,..\2_LP\LOW_Fr_MASTER_result\regen\f2fb142ef34c\cy06,superseded,,,0,0,,,deck
8db2d2b855515166,..\2_LP\LOW_Fr_MASTER_result\regen\f2fb142ef34c\cy07,superseded,,,0,0,,,deck
8db2d2b855515166,..\2_LP\LOW_Fr_MASTER_result\regen\f2fb142ef34c\cy08,superseded,,,0,0,,,deck
8db2d2b855515166,..\2_LP\LOW_Fr_MASTER_result\regen\f2fb142ef34c\cy09,superseded,,,0,0,,,deck
8db2d2b855515166,..\2_LP\LOW_Fr_MASTER_result\regen\f2fb142ef34c\cy10,superseded,,,0,0,,,deck
8db2d2b855515166,..\2_LP\LOW_Fr_MASTER_result\regen\f2fb142ef34c\cy11,superseded,,,0,0,,,deck
8db2d2b855515166,..\2_LP\LOW_Fr_MASTER_result\regen\f2fb142ef34c\cy12,regen:cy12/12,1.6065,1.4837,25,1,,616.82,deck
,..\2_LP\LOW_Fr_MASTER_result\regen\f3031f5c886d\cy01,superseded,,,0,0,,,
a1122b5786416fd2,..\2_LP\LOW_Fr_MASTER_result\regen\f3031f5c886d\cy02,superseded,,,0,0,,,deck
a1122b5786416fd2,..\2_LP\LOW_Fr_MASTER_result\regen\f3031f5c886d\cy03,superseded,,,0,0,,,deck
a1122b5786416fd2,..\2_LP\LOW_Fr_MASTER_result\regen\f3031f5c886d\cy04,superseded,,,0,0,,,deck
a1122b5786416fd2,..\2_LP\LOW_Fr_MASTER_result\regen\f3031f5c886d\cy05,superseded,,,0,0,,,deck
a1122b5786416fd2,..\2_LP\LOW_Fr_MASTER_result\regen\f3031f5c886d\cy06,superseded,,,0,0,,,deck
a1122b5786416fd2,..\2_LP\LOW_Fr_MASTER_result\regen\f3031f5c886d\cy07,superseded,,,0,0,,,deck
a1122b5786416fd2,..\2_LP\LOW_Fr_MASTER_result\regen\f3031f5c886d\cy08,superseded,,,0,0,,,deck
a1122b5786416fd2,..\2_LP\LOW_Fr_MASTER_result\regen\f3031f5c886d\cy09,superseded,,,0,0,,,deck
a1122b5786416fd2,..\2_LP\LOW_Fr_MASTER_result\regen\f3031f5c886d\cy10,regen:cy10/10,1.6026,1.4528,25,1,,620.116,deck
,..\2_LP\LOW_Fr_MASTER_result\regen\f319e04ee822\cy01,superseded,,,0,0,,,
f78546d4d0372ffb,..\2_LP\LOW_Fr_MASTER_result\regen\f319e04ee822\cy02,superseded,,,0,0,,,deck
f78546d4d0372ffb,..\2_LP\LOW_Fr_MASTER_result\regen\f319e04ee822\cy03,superseded,,,0,0,,,deck
f78546d4d0372ffb,..\2_LP\LOW_Fr_MASTER_result\regen\f319e04ee822\cy04,superseded,,,0,0,,,deck
f78546d4d0372ffb,..\2_LP\LOW_Fr_MASTER_result\regen\f319e04ee822\cy05,superseded,,,0,0,,,deck
f78546d4d0372ffb,..\2_LP\LOW_Fr_MASTER_result\regen\f319e04ee822\cy06,superseded,,,0,0,,,deck
f78546d4d0372ffb,..\2_LP\LOW_Fr_MASTER_result\regen\f319e04ee822\cy07,superseded,,,0,0,,,deck
f78546d4d0372ffb,..\2_LP\LOW_Fr_MASTER_result\regen\f319e04ee822\cy08,superseded,,,0,0,,,deck
f78546d4d0372ffb,..\2_LP\LOW_Fr_MASTER_result\regen\f319e04ee822\cy09,superseded,,,0,0,,,deck
f78546d4d0372ffb,..\2_LP\LOW_Fr_MASTER_result\regen\f319e04ee822\cy10,superseded,,,0,0,,,deck
f78546d4d0372ffb,..\2_LP\LOW_Fr_MASTER_result\regen\f319e04ee822\cy11,regen:cy11/11,1.8499,1.7083,25,1,,615.269,deck
,..\2_LP\LOW_Fr_MASTER_result\regen\f32c80e77c77\cy01,superseded,,,0,0,,,
647115c3e765c55d,..\2_LP\LOW_Fr_MASTER_result\regen\f32c80e77c77\cy02,superseded,,,0,0,,,deck
647115c3e765c55d,..\2_LP\LOW_Fr_MASTER_result\regen\f32c80e77c77\cy03,superseded,,,0,0,,,deck
647115c3e765c55d,..\2_LP\LOW_Fr_MASTER_result\regen\f32c80e77c77\cy04,superseded,,,0,0,,,deck
647115c3e765c55d,..\2_LP\LOW_Fr_MASTER_result\regen\f32c80e77c77\cy05,superseded,,,0,0,,,deck
647115c3e765c55d,..\2_LP\LOW_Fr_MASTER_result\regen\f32c80e77c77\cy06,superseded,,,0,0,,,deck
647115c3e765c55d,..\2_LP\LOW_Fr_MASTER_result\regen\f32c80e77c77\cy07,superseded,,,0,0,,,deck
647115c3e765c55d,..\2_LP\LOW_Fr_MASTER_result\regen\f32c80e77c77\cy08,superseded,,,0,0,,,deck
647115c3e765c55d,..\2_LP\LOW_Fr_MASTER_result\regen\f32c80e77c77\cy09,superseded,,,0,0,,,deck
647115c3e765c55d,..\2_LP\LOW_Fr_MASTER_result\regen\f32c80e77c77\cy10,superseded,,,0,0,,,deck
647115c3e765c55d,..\2_LP\LOW_Fr_MASTER_result\regen\f32c80e77c77\cy11,superseded,,,0,0,,,deck
647115c3e765c55d,..\2_LP\LOW_Fr_MASTER_result\regen\f32c80e77c77\cy12,regen:cy12/12,1.7961,1.5976,25,1,,621.088,deck
,..\2_LP\LOW_Fr_MASTER_result\regen\f348b6340306\cy01,superseded,,,0,0,,,
55c4f9f0575799c9,..\2_LP\LOW_Fr_MASTER_result\regen\f348b6340306\cy02,superseded,,,0,0,,,deck
55c4f9f0575799c9,..\2_LP\LOW_Fr_MASTER_result\regen\f348b6340306\cy03,superseded,,,0,0,,,deck
55c4f9f0575799c9,..\2_LP\LOW_Fr_MASTER_result\regen\f348b6340306\cy04,superseded,,,0,0,,,deck
55c4f9f0575799c9,..\2_LP\LOW_Fr_MASTER_result\regen\f348b6340306\cy05,superseded,,,0,0,,,deck
55c4f9f0575799c9,..\2_LP\LOW_Fr_MASTER_result\regen\f348b6340306\cy06,superseded,,,0,0,,,deck
55c4f9f0575799c9,..\2_LP\LOW_Fr_MASTER_result\regen\f348b6340306\cy07,superseded,,,0,0,,,deck
55c4f9f0575799c9,..\2_LP\LOW_Fr_MASTER_result\regen\f348b6340306\cy08,superseded,,,0,0,,,deck
55c4f9f0575799c9,..\2_LP\LOW_Fr_MASTER_result\regen\f348b6340306\cy09,superseded,,,0,0,,,deck
55c4f9f0575799c9,..\2_LP\LOW_Fr_MASTER_result\regen\f348b6340306\cy10,superseded,,,0,0,,,deck
55c4f9f0575799c9,..\2_LP\LOW_Fr_MASTER_result\regen\f348b6340306\cy11,superseded,,,0,0,,,deck
55c4f9f0575799c9,..\2_LP\LOW_Fr_MASTER_result\regen\f348b6340306\cy12,regen:cy12/12,1.7157,1.5887,25,1,,617.333,deck
,..\2_LP\LOW_Fr_MASTER_result\regen\f36e7988c15a\cy01,superseded,,,0,0,,,
055f5db9881bc26f,..\2_LP\LOW_Fr_MASTER_result\regen\f36e7988c15a\cy02,superseded,,,0,0,,,deck
055f5db9881bc26f,..\2_LP\LOW_Fr_MASTER_result\regen\f36e7988c15a\cy03,superseded,,,0,0,,,deck
055f5db9881bc26f,..\2_LP\LOW_Fr_MASTER_result\regen\f36e7988c15a\cy04,superseded,,,0,0,,,deck
055f5db9881bc26f,..\2_LP\LOW_Fr_MASTER_result\regen\f36e7988c15a\cy05,superseded,,,0,0,,,deck
055f5db9881bc26f,..\2_LP\LOW_Fr_MASTER_result\regen\f36e7988c15a\cy06,superseded,,,0,0,,,deck
055f5db9881bc26f,..\2_LP\LOW_Fr_MASTER_result\regen\f36e7988c15a\cy07,superseded,,,0,0,,,deck
055f5db9881bc26f,..\2_LP\LOW_Fr_MASTER_result\regen\f36e7988c15a\cy08,superseded,,,0,0,,,deck
055f5db9881bc26f,..\2_LP\LOW_Fr_MASTER_result\regen\f36e7988c15a\cy09,superseded,,,0,0,,,deck
055f5db9881bc26f,..\2_LP\LOW_Fr_MASTER_result\regen\f36e7988c15a\cy10,superseded,,,0,0,,,deck
055f5db9881bc26f,..\2_LP\LOW_Fr_MASTER_result\regen\f36e7988c15a\cy11,superseded,,,0,0,,,deck
055f5db9881bc26f,..\2_LP\LOW_Fr_MASTER_result\regen\f36e7988c15a\cy12,regen:cy12/12,1.6066,1.4751,25,1,,618.646,deck
,..\2_LP\LOW_Fr_MASTER_result\regen\f380b48a83cb\cy01,superseded,,,0,0,,,
3a787ab5b12728cc,..\2_LP\LOW_Fr_MASTER_result\regen\f380b48a83cb\cy02,superseded,,,0,0,,,deck
3a787ab5b12728cc,..\2_LP\LOW_Fr_MASTER_result\regen\f380b48a83cb\cy03,superseded,,,0,0,,,deck
3a787ab5b12728cc,..\2_LP\LOW_Fr_MASTER_result\regen\f380b48a83cb\cy04,superseded,,,0,0,,,deck
3a787ab5b12728cc,..\2_LP\LOW_Fr_MASTER_result\regen\f380b48a83cb\cy05,superseded,,,0,0,,,deck
3a787ab5b12728cc,..\2_LP\LOW_Fr_MASTER_result\regen\f380b48a83cb\cy06,superseded,,,0,0,,,deck
3a787ab5b12728cc,..\2_LP\LOW_Fr_MASTER_result\regen\f380b48a83cb\cy07,superseded,,,0,0,,,deck
3a787ab5b12728cc,..\2_LP\LOW_Fr_MASTER_result\regen\f380b48a83cb\cy08,superseded,,,0,0,,,deck
3a787ab5b12728cc,..\2_LP\LOW_Fr_MASTER_result\regen\f380b48a83cb\cy09,superseded,,,0,0,,,deck
3a787ab5b12728cc,..\2_LP\LOW_Fr_MASTER_result\regen\f380b48a83cb\cy10,superseded,,,0,0,,,deck
3a787ab5b12728cc,..\2_LP\LOW_Fr_MASTER_result\regen\f380b48a83cb\cy11,superseded,,,0,0,,,deck
3a787ab5b12728cc,..\2_LP\LOW_Fr_MASTER_result\regen\f380b48a83cb\cy12,regen:cy12/12,1.5886,1.4527,25,1,,619.236,deck
,..\2_LP\LOW_Fr_MASTER_result\regen\f41bf69af100\cy01,superseded,,,0,0,,,
1aa5c389ed188a76,..\2_LP\LOW_Fr_MASTER_result\regen\f41bf69af100\cy02,superseded,,,0,0,,,deck
1aa5c389ed188a76,..\2_LP\LOW_Fr_MASTER_result\regen\f41bf69af100\cy03,superseded,,,0,0,,,deck
1aa5c389ed188a76,..\2_LP\LOW_Fr_MASTER_result\regen\f41bf69af100\cy04,superseded,,,0,0,,,deck
1aa5c389ed188a76,..\2_LP\LOW_Fr_MASTER_result\regen\f41bf69af100\cy05,superseded,,,0,0,,,deck
1aa5c389ed188a76,..\2_LP\LOW_Fr_MASTER_result\regen\f41bf69af100\cy06,superseded,,,0,0,,,deck
1aa5c389ed188a76,..\2_LP\LOW_Fr_MASTER_result\regen\f41bf69af100\cy07,superseded,,,0,0,,,deck
1aa5c389ed188a76,..\2_LP\LOW_Fr_MASTER_result\regen\f41bf69af100\cy08,superseded,,,0,0,,,deck
1aa5c389ed188a76,..\2_LP\LOW_Fr_MASTER_result\regen\f41bf69af100\cy09,superseded,,,0,0,,,deck
1aa5c389ed188a76,..\2_LP\LOW_Fr_MASTER_result\regen\f41bf69af100\cy10,superseded,,,0,0,,,deck
1aa5c389ed188a76,..\2_LP\LOW_Fr_MASTER_result\regen\f41bf69af100\cy11,superseded,,,0,0,,,deck
1aa5c389ed188a76,..\2_LP\LOW_Fr_MASTER_result\regen\f41bf69af100\cy12,regen:cy12/12,1.682,1.5264,25,1,,613.883,deck
,..\2_LP\LOW_Fr_MASTER_result\regen\f470118cba47\cy01,superseded,,,0,0,,,
8151a9d01fb12901,..\2_LP\LOW_Fr_MASTER_result\regen\f470118cba47\cy02,superseded,,,0,0,,,deck
8151a9d01fb12901,..\2_LP\LOW_Fr_MASTER_result\regen\f470118cba47\cy03,superseded,,,0,0,,,deck
8151a9d01fb12901,..\2_LP\LOW_Fr_MASTER_result\regen\f470118cba47\cy04,superseded,,,0,0,,,deck
8151a9d01fb12901,..\2_LP\LOW_Fr_MASTER_result\regen\f470118cba47\cy05,superseded,,,0,0,,,deck
8151a9d01fb12901,..\2_LP\LOW_Fr_MASTER_result\regen\f470118cba47\cy06,superseded,,,0,0,,,deck
8151a9d01fb12901,..\2_LP\LOW_Fr_MASTER_result\regen\f470118cba47\cy07,superseded,,,0,0,,,deck
8151a9d01fb12901,..\2_LP\LOW_Fr_MASTER_result\regen\f470118cba47\cy08,superseded,,,0,0,,,deck
8151a9d01fb12901,..\2_LP\LOW_Fr_MASTER_result\regen\f470118cba47\cy09,superseded,,,0,0,,,deck
8151a9d01fb12901,..\2_LP\LOW_Fr_MASTER_result\regen\f470118cba47\cy10,superseded,,,0,0,,,deck
8151a9d01fb12901,..\2_LP\LOW_Fr_MASTER_result\regen\f470118cba47\cy11,superseded,,,0,0,,,deck
8151a9d01fb12901,..\2_LP\LOW_Fr_MASTER_result\regen\f470118cba47\cy12,regen:cy12/12,1.6913,1.5355,25,1,,616.64,deck
,..\2_LP\LOW_Fr_MASTER_result\regen\f49c2802675c\cy01,superseded,,,0,0,,,
442691acfb1fd14f,..\2_LP\LOW_Fr_MASTER_result\regen\f49c2802675c\cy02,superseded,,,0,0,,,deck
442691acfb1fd14f,..\2_LP\LOW_Fr_MASTER_result\regen\f49c2802675c\cy03,superseded,,,0,0,,,deck
442691acfb1fd14f,..\2_LP\LOW_Fr_MASTER_result\regen\f49c2802675c\cy04,superseded,,,0,0,,,deck
442691acfb1fd14f,..\2_LP\LOW_Fr_MASTER_result\regen\f49c2802675c\cy05,superseded,,,0,0,,,deck
442691acfb1fd14f,..\2_LP\LOW_Fr_MASTER_result\regen\f49c2802675c\cy06,superseded,,,0,0,,,deck
442691acfb1fd14f,..\2_LP\LOW_Fr_MASTER_result\regen\f49c2802675c\cy07,superseded,,,0,0,,,deck
442691acfb1fd14f,..\2_LP\LOW_Fr_MASTER_result\regen\f49c2802675c\cy08,superseded,,,0,0,,,deck
442691acfb1fd14f,..\2_LP\LOW_Fr_MASTER_result\regen\f49c2802675c\cy09,superseded,,,0,0,,,deck
442691acfb1fd14f,..\2_LP\LOW_Fr_MASTER_result\regen\f49c2802675c\cy10,superseded,,,0,0,,,deck
442691acfb1fd14f,..\2_LP\LOW_Fr_MASTER_result\regen\f49c2802675c\cy11,superseded,,,0,0,,,deck
442691acfb1fd14f,..\2_LP\LOW_Fr_MASTER_result\regen\f49c2802675c\cy12,regen:cy12/12,1.6993,1.5228,25,1,,617.278,deck
,..\2_LP\LOW_Fr_MASTER_result\regen\f549ca68b44f\cy01,superseded,,,0,0,,,
1c835f6ec49a5667,..\2_LP\LOW_Fr_MASTER_result\regen\f549ca68b44f\cy02,superseded,,,0,0,,,deck
1c835f6ec49a5667,..\2_LP\LOW_Fr_MASTER_result\regen\f549ca68b44f\cy03,superseded,,,0,0,,,deck
1c835f6ec49a5667,..\2_LP\LOW_Fr_MASTER_result\regen\f549ca68b44f\cy04,superseded,,,0,0,,,deck
1c835f6ec49a5667,..\2_LP\LOW_Fr_MASTER_result\regen\f549ca68b44f\cy05,superseded,,,0,0,,,deck
1c835f6ec49a5667,..\2_LP\LOW_Fr_MASTER_result\regen\f549ca68b44f\cy06,superseded,,,0,0,,,deck
1c835f6ec49a5667,..\2_LP\LOW_Fr_MASTER_result\regen\f549ca68b44f\cy07,superseded,,,0,0,,,deck
1c835f6ec49a5667,..\2_LP\LOW_Fr_MASTER_result\regen\f549ca68b44f\cy08,superseded,,,0,0,,,deck
1c835f6ec49a5667,..\2_LP\LOW_Fr_MASTER_result\regen\f549ca68b44f\cy09,superseded,,,0,0,,,deck
1c835f6ec49a5667,..\2_LP\LOW_Fr_MASTER_result\regen\f549ca68b44f\cy10,superseded,,,0,0,,,deck
1c835f6ec49a5667,..\2_LP\LOW_Fr_MASTER_result\regen\f549ca68b44f\cy11,superseded,,,0,0,,,deck
1c835f6ec49a5667,..\2_LP\LOW_Fr_MASTER_result\regen\f549ca68b44f\cy12,regen:cy12/12,1.5908,1.4495,25,1,,623.088,deck
,..\2_LP\LOW_Fr_MASTER_result\regen\f592c24a7d1c\cy01,superseded,,,0,0,,,
d228dbcec9221aaa,..\2_LP\LOW_Fr_MASTER_result\regen\f592c24a7d1c\cy02,superseded,,,0,0,,,deck
d228dbcec9221aaa,..\2_LP\LOW_Fr_MASTER_result\regen\f592c24a7d1c\cy03,superseded,,,0,0,,,deck
d228dbcec9221aaa,..\2_LP\LOW_Fr_MASTER_result\regen\f592c24a7d1c\cy04,superseded,,,0,0,,,deck
d228dbcec9221aaa,..\2_LP\LOW_Fr_MASTER_result\regen\f592c24a7d1c\cy05,superseded,,,0,0,,,deck
d228dbcec9221aaa,..\2_LP\LOW_Fr_MASTER_result\regen\f592c24a7d1c\cy06,superseded,,,0,0,,,deck
d228dbcec9221aaa,..\2_LP\LOW_Fr_MASTER_result\regen\f592c24a7d1c\cy07,superseded,,,0,0,,,deck
d228dbcec9221aaa,..\2_LP\LOW_Fr_MASTER_result\regen\f592c24a7d1c\cy08,superseded,,,0,0,,,deck
d228dbcec9221aaa,..\2_LP\LOW_Fr_MASTER_result\regen\f592c24a7d1c\cy09,superseded,,,0,0,,,deck
d228dbcec9221aaa,..\2_LP\LOW_Fr_MASTER_result\regen\f592c24a7d1c\cy10,superseded,,,0,0,,,deck
d228dbcec9221aaa,..\2_LP\LOW_Fr_MASTER_result\regen\f592c24a7d1c\cy11,superseded,,,0,0,,,deck
d228dbcec9221aaa,..\2_LP\LOW_Fr_MASTER_result\regen\f592c24a7d1c\cy12,regen:cy12/12,1.7135,1.5421,25,1,,614.107,deck
,..\2_LP\LOW_Fr_MASTER_result\regen\f5c2ce27722b\cy01,no_digest,,,0,0,,,
,..\2_LP\LOW_Fr_MASTER_result\regen\f62c9c6a64b9\cy01,superseded,,,0,0,,,
34687323499ee3c2,..\2_LP\LOW_Fr_MASTER_result\regen\f62c9c6a64b9\cy02,superseded,,,0,0,,,deck
34687323499ee3c2,..\2_LP\LOW_Fr_MASTER_result\regen\f62c9c6a64b9\cy03,superseded,,,0,0,,,deck
34687323499ee3c2,..\2_LP\LOW_Fr_MASTER_result\regen\f62c9c6a64b9\cy04,superseded,,,0,0,,,deck
34687323499ee3c2,..\2_LP\LOW_Fr_MASTER_result\regen\f62c9c6a64b9\cy05,superseded,,,0,0,,,deck
34687323499ee3c2,..\2_LP\LOW_Fr_MASTER_result\regen\f62c9c6a64b9\cy06,superseded,,,0,0,,,deck
34687323499ee3c2,..\2_LP\LOW_Fr_MASTER_result\regen\f62c9c6a64b9\cy07,superseded,,,0,0,,,deck
34687323499ee3c2,..\2_LP\LOW_Fr_MASTER_result\regen\f62c9c6a64b9\cy08,superseded,,,0,0,,,deck
34687323499ee3c2,..\2_LP\LOW_Fr_MASTER_result\regen\f62c9c6a64b9\cy09,superseded,,,0,0,,,deck
34687323499ee3c2,..\2_LP\LOW_Fr_MASTER_result\regen\f62c9c6a64b9\cy10,superseded,,,0,0,,,deck
34687323499ee3c2,..\2_LP\LOW_Fr_MASTER_result\regen\f62c9c6a64b9\cy11,superseded,,,0,0,,,deck
34687323499ee3c2,..\2_LP\LOW_Fr_MASTER_result\regen\f62c9c6a64b9\cy12,regen:cy12/12,1.7142,1.5546,25,1,,617.025,deck
,..\2_LP\LOW_Fr_MASTER_result\regen\f6e35760538d\cy01,superseded,,,0,0,,,
7aa71cfffc53f3f9,..\2_LP\LOW_Fr_MASTER_result\regen\f6e35760538d\cy02,superseded,,,0,0,,,deck
7aa71cfffc53f3f9,..\2_LP\LOW_Fr_MASTER_result\regen\f6e35760538d\cy03,superseded,,,0,0,,,deck
7aa71cfffc53f3f9,..\2_LP\LOW_Fr_MASTER_result\regen\f6e35760538d\cy04,superseded,,,0,0,,,deck
7aa71cfffc53f3f9,..\2_LP\LOW_Fr_MASTER_result\regen\f6e35760538d\cy05,superseded,,,0,0,,,deck
7aa71cfffc53f3f9,..\2_LP\LOW_Fr_MASTER_result\regen\f6e35760538d\cy06,superseded,,,0,0,,,deck
7aa71cfffc53f3f9,..\2_LP\LOW_Fr_MASTER_result\regen\f6e35760538d\cy07,superseded,,,0,0,,,deck
7aa71cfffc53f3f9,..\2_LP\LOW_Fr_MASTER_result\regen\f6e35760538d\cy08,superseded,,,0,0,,,deck
7aa71cfffc53f3f9,..\2_LP\LOW_Fr_MASTER_result\regen\f6e35760538d\cy09,superseded,,,0,0,,,deck
7aa71cfffc53f3f9,..\2_LP\LOW_Fr_MASTER_result\regen\f6e35760538d\cy10,superseded,,,0,0,,,deck
7aa71cfffc53f3f9,..\2_LP\LOW_Fr_MASTER_result\regen\f6e35760538d\cy11,superseded,,,0,0,,,deck
7aa71cfffc53f3f9,..\2_LP\LOW_Fr_MASTER_result\regen\f6e35760538d\cy12,regen:cy12/12,1.738,1.547,25,1,,620.858,deck
,..\2_LP\LOW_Fr_MASTER_result\regen\f6efbbe0e037\cy01,superseded,,,0,0,,,
5615b4b325083a3d,..\2_LP\LOW_Fr_MASTER_result\regen\f6efbbe0e037\cy02,superseded,,,0,0,,,deck
5615b4b325083a3d,..\2_LP\LOW_Fr_MASTER_result\regen\f6efbbe0e037\cy03,superseded,,,0,0,,,deck
5615b4b325083a3d,..\2_LP\LOW_Fr_MASTER_result\regen\f6efbbe0e037\cy04,superseded,,,0,0,,,deck
5615b4b325083a3d,..\2_LP\LOW_Fr_MASTER_result\regen\f6efbbe0e037\cy05,superseded,,,0,0,,,deck
5615b4b325083a3d,..\2_LP\LOW_Fr_MASTER_result\regen\f6efbbe0e037\cy06,superseded,,,0,0,,,deck
5615b4b325083a3d,..\2_LP\LOW_Fr_MASTER_result\regen\f6efbbe0e037\cy07,superseded,,,0,0,,,deck
5615b4b325083a3d,..\2_LP\LOW_Fr_MASTER_result\regen\f6efbbe0e037\cy08,superseded,,,0,0,,,deck
5615b4b325083a3d,..\2_LP\LOW_Fr_MASTER_result\regen\f6efbbe0e037\cy09,superseded,,,0,0,,,deck
5615b4b325083a3d,..\2_LP\LOW_Fr_MASTER_result\regen\f6efbbe0e037\cy10,superseded,,,0,0,,,deck
5615b4b325083a3d,..\2_LP\LOW_Fr_MASTER_result\regen\f6efbbe0e037\cy11,superseded,,,0,0,,,deck
5615b4b325083a3d,..\2_LP\LOW_Fr_MASTER_result\regen\f6efbbe0e037\cy12,regen:cy12/12,1.6902,1.5342,25,1,,613.989,deck
,..\2_LP\LOW_Fr_MASTER_result\regen\f72921f47322\cy01,superseded,,,0,0,,,
00f49dcc2b854ace,..\2_LP\LOW_Fr_MASTER_result\regen\f72921f47322\cy02,superseded,,,0,0,,,deck
00f49dcc2b854ace,..\2_LP\LOW_Fr_MASTER_result\regen\f72921f47322\cy03,superseded,,,0,0,,,deck
00f49dcc2b854ace,..\2_LP\LOW_Fr_MASTER_result\regen\f72921f47322\cy04,superseded,,,0,0,,,deck
00f49dcc2b854ace,..\2_LP\LOW_Fr_MASTER_result\regen\f72921f47322\cy05,superseded,,,0,0,,,deck
00f49dcc2b854ace,..\2_LP\LOW_Fr_MASTER_result\regen\f72921f47322\cy06,superseded,,,0,0,,,deck
00f49dcc2b854ace,..\2_LP\LOW_Fr_MASTER_result\regen\f72921f47322\cy07,superseded,,,0,0,,,deck
00f49dcc2b854ace,..\2_LP\LOW_Fr_MASTER_result\regen\f72921f47322\cy08,superseded,,,0,0,,,deck
00f49dcc2b854ace,..\2_LP\LOW_Fr_MASTER_result\regen\f72921f47322\cy09,superseded,,,0,0,,,deck
00f49dcc2b854ace,..\2_LP\LOW_Fr_MASTER_result\regen\f72921f47322\cy10,superseded,,,0,0,,,deck
00f49dcc2b854ace,..\2_LP\LOW_Fr_MASTER_result\regen\f72921f47322\cy11,regen:cy11/11,1.6108,1.494,25,1,,621.634,deck
,..\2_LP\LOW_Fr_MASTER_result\regen\f72a8bb87e5a\cy01,superseded,,,0,0,,,
e17520e7e1fd1375,..\2_LP\LOW_Fr_MASTER_result\regen\f72a8bb87e5a\cy02,superseded,,,0,0,,,deck
e17520e7e1fd1375,..\2_LP\LOW_Fr_MASTER_result\regen\f72a8bb87e5a\cy03,superseded,,,0,0,,,deck
e17520e7e1fd1375,..\2_LP\LOW_Fr_MASTER_result\regen\f72a8bb87e5a\cy04,superseded,,,0,0,,,deck
e17520e7e1fd1375,..\2_LP\LOW_Fr_MASTER_result\regen\f72a8bb87e5a\cy05,superseded,,,0,0,,,deck
e17520e7e1fd1375,..\2_LP\LOW_Fr_MASTER_result\regen\f72a8bb87e5a\cy06,superseded,,,0,0,,,deck
e17520e7e1fd1375,..\2_LP\LOW_Fr_MASTER_result\regen\f72a8bb87e5a\cy07,superseded,,,0,0,,,deck
e17520e7e1fd1375,..\2_LP\LOW_Fr_MASTER_result\regen\f72a8bb87e5a\cy08,superseded,,,0,0,,,deck
e17520e7e1fd1375,..\2_LP\LOW_Fr_MASTER_result\regen\f72a8bb87e5a\cy09,superseded,,,0,0,,,deck
e17520e7e1fd1375,..\2_LP\LOW_Fr_MASTER_result\regen\f72a8bb87e5a\cy10,superseded,,,0,0,,,deck
e17520e7e1fd1375,..\2_LP\LOW_Fr_MASTER_result\regen\f72a8bb87e5a\cy11,superseded,,,0,0,,,deck
e17520e7e1fd1375,..\2_LP\LOW_Fr_MASTER_result\regen\f72a8bb87e5a\cy12,regen:cy12/12,1.7397,1.5426,25,1,,620.013,deck
,..\2_LP\LOW_Fr_MASTER_result\regen\f749575f5ea9\cy01,superseded,,,0,0,,,
4eb0c4cad5180798,..\2_LP\LOW_Fr_MASTER_result\regen\f749575f5ea9\cy02,superseded,,,0,0,,,deck
4eb0c4cad5180798,..\2_LP\LOW_Fr_MASTER_result\regen\f749575f5ea9\cy03,superseded,,,0,0,,,deck
4eb0c4cad5180798,..\2_LP\LOW_Fr_MASTER_result\regen\f749575f5ea9\cy04,superseded,,,0,0,,,deck
4eb0c4cad5180798,..\2_LP\LOW_Fr_MASTER_result\regen\f749575f5ea9\cy05,superseded,,,0,0,,,deck
4eb0c4cad5180798,..\2_LP\LOW_Fr_MASTER_result\regen\f749575f5ea9\cy06,superseded,,,0,0,,,deck
4eb0c4cad5180798,..\2_LP\LOW_Fr_MASTER_result\regen\f749575f5ea9\cy07,superseded,,,0,0,,,deck
4eb0c4cad5180798,..\2_LP\LOW_Fr_MASTER_result\regen\f749575f5ea9\cy08,superseded,,,0,0,,,deck
4eb0c4cad5180798,..\2_LP\LOW_Fr_MASTER_result\regen\f749575f5ea9\cy09,superseded,,,0,0,,,deck
4eb0c4cad5180798,..\2_LP\LOW_Fr_MASTER_result\regen\f749575f5ea9\cy10,superseded,,,0,0,,,deck
4eb0c4cad5180798,..\2_LP\LOW_Fr_MASTER_result\regen\f749575f5ea9\cy11,superseded,,,0,0,,,deck
4eb0c4cad5180798,..\2_LP\LOW_Fr_MASTER_result\regen\f749575f5ea9\cy12,regen:cy12/12,1.869,1.6507,25,1,,623.131,deck
,..\2_LP\LOW_Fr_MASTER_result\regen\f77469562464\cy01,superseded,,,0,0,,,
48d23843d4e877cb,..\2_LP\LOW_Fr_MASTER_result\regen\f77469562464\cy02,superseded,,,0,0,,,deck
48d23843d4e877cb,..\2_LP\LOW_Fr_MASTER_result\regen\f77469562464\cy03,superseded,,,0,0,,,deck
48d23843d4e877cb,..\2_LP\LOW_Fr_MASTER_result\regen\f77469562464\cy04,superseded,,,0,0,,,deck
48d23843d4e877cb,..\2_LP\LOW_Fr_MASTER_result\regen\f77469562464\cy05,superseded,,,0,0,,,deck
48d23843d4e877cb,..\2_LP\LOW_Fr_MASTER_result\regen\f77469562464\cy06,superseded,,,0,0,,,deck
48d23843d4e877cb,..\2_LP\LOW_Fr_MASTER_result\regen\f77469562464\cy07,superseded,,,0,0,,,deck
48d23843d4e877cb,..\2_LP\LOW_Fr_MASTER_result\regen\f77469562464\cy08,superseded,,,0,0,,,deck
48d23843d4e877cb,..\2_LP\LOW_Fr_MASTER_result\regen\f77469562464\cy09,superseded,,,0,0,,,deck
48d23843d4e877cb,..\2_LP\LOW_Fr_MASTER_result\regen\f77469562464\cy10,superseded,,,0,0,,,deck
48d23843d4e877cb,..\2_LP\LOW_Fr_MASTER_result\regen\f77469562464\cy11,superseded,,,0,0,,,deck
48d23843d4e877cb,..\2_LP\LOW_Fr_MASTER_result\regen\f77469562464\cy12,regen:cy12/12,1.6833,1.5309,25,1,,613.471,deck
,..\2_LP\LOW_Fr_MASTER_result\regen\f7c156405016\cy01,superseded,,,0,0,,,
534227f572c56460,..\2_LP\LOW_Fr_MASTER_result\regen\f7c156405016\cy02,superseded,,,0,0,,,deck
534227f572c56460,..\2_LP\LOW_Fr_MASTER_result\regen\f7c156405016\cy03,superseded,,,0,0,,,deck
534227f572c56460,..\2_LP\LOW_Fr_MASTER_result\regen\f7c156405016\cy04,superseded,,,0,0,,,deck
534227f572c56460,..\2_LP\LOW_Fr_MASTER_result\regen\f7c156405016\cy05,superseded,,,0,0,,,deck
534227f572c56460,..\2_LP\LOW_Fr_MASTER_result\regen\f7c156405016\cy06,superseded,,,0,0,,,deck
534227f572c56460,..\2_LP\LOW_Fr_MASTER_result\regen\f7c156405016\cy07,superseded,,,0,0,,,deck
534227f572c56460,..\2_LP\LOW_Fr_MASTER_result\regen\f7c156405016\cy08,superseded,,,0,0,,,deck
534227f572c56460,..\2_LP\LOW_Fr_MASTER_result\regen\f7c156405016\cy09,superseded,,,0,0,,,deck
534227f572c56460,..\2_LP\LOW_Fr_MASTER_result\regen\f7c156405016\cy10,superseded,,,0,0,,,deck
534227f572c56460,..\2_LP\LOW_Fr_MASTER_result\regen\f7c156405016\cy11,superseded,,,0,0,,,deck
534227f572c56460,..\2_LP\LOW_Fr_MASTER_result\regen\f7c156405016\cy12,regen:cy12/12,1.6175,1.4943,25,1,,616.88,deck
,..\2_LP\LOW_Fr_MASTER_result\regen\f8e558fa68ce\cy01,superseded,,,0,0,,,
eb499dbff8a75268,..\2_LP\LOW_Fr_MASTER_result\regen\f8e558fa68ce\cy02,superseded,,,0,0,,,deck
eb499dbff8a75268,..\2_LP\LOW_Fr_MASTER_result\regen\f8e558fa68ce\cy03,superseded,,,0,0,,,deck
eb499dbff8a75268,..\2_LP\LOW_Fr_MASTER_result\regen\f8e558fa68ce\cy04,superseded,,,0,0,,,deck
eb499dbff8a75268,..\2_LP\LOW_Fr_MASTER_result\regen\f8e558fa68ce\cy05,superseded,,,0,0,,,deck
eb499dbff8a75268,..\2_LP\LOW_Fr_MASTER_result\regen\f8e558fa68ce\cy06,superseded,,,0,0,,,deck
eb499dbff8a75268,..\2_LP\LOW_Fr_MASTER_result\regen\f8e558fa68ce\cy07,superseded,,,0,0,,,deck
eb499dbff8a75268,..\2_LP\LOW_Fr_MASTER_result\regen\f8e558fa68ce\cy08,superseded,,,0,0,,,deck
eb499dbff8a75268,..\2_LP\LOW_Fr_MASTER_result\regen\f8e558fa68ce\cy09,superseded,,,0,0,,,deck
eb499dbff8a75268,..\2_LP\LOW_Fr_MASTER_result\regen\f8e558fa68ce\cy10,superseded,,,0,0,,,deck
eb499dbff8a75268,..\2_LP\LOW_Fr_MASTER_result\regen\f8e558fa68ce\cy11,regen:cy11/11,1.6055,1.4618,25,1,,623.419,deck
,..\2_LP\LOW_Fr_MASTER_result\regen\f8ea15b49656\cy01,superseded,,,0,0,,,
d6762be839f6cb43,..\2_LP\LOW_Fr_MASTER_result\regen\f8ea15b49656\cy02,superseded,,,0,0,,,deck
d6762be839f6cb43,..\2_LP\LOW_Fr_MASTER_result\regen\f8ea15b49656\cy03,superseded,,,0,0,,,deck
d6762be839f6cb43,..\2_LP\LOW_Fr_MASTER_result\regen\f8ea15b49656\cy04,superseded,,,0,0,,,deck
d6762be839f6cb43,..\2_LP\LOW_Fr_MASTER_result\regen\f8ea15b49656\cy05,superseded,,,0,0,,,deck
d6762be839f6cb43,..\2_LP\LOW_Fr_MASTER_result\regen\f8ea15b49656\cy06,superseded,,,0,0,,,deck
d6762be839f6cb43,..\2_LP\LOW_Fr_MASTER_result\regen\f8ea15b49656\cy07,superseded,,,0,0,,,deck
d6762be839f6cb43,..\2_LP\LOW_Fr_MASTER_result\regen\f8ea15b49656\cy08,superseded,,,0,0,,,deck
d6762be839f6cb43,..\2_LP\LOW_Fr_MASTER_result\regen\f8ea15b49656\cy09,superseded,,,0,0,,,deck
d6762be839f6cb43,..\2_LP\LOW_Fr_MASTER_result\regen\f8ea15b49656\cy10,superseded,,,0,0,,,deck
d6762be839f6cb43,..\2_LP\LOW_Fr_MASTER_result\regen\f8ea15b49656\cy11,superseded,,,0,0,,,deck
d6762be839f6cb43,..\2_LP\LOW_Fr_MASTER_result\regen\f8ea15b49656\cy12,regen:cy12/12,1.5919,1.4499,25,1,,623.501,deck
,..\2_LP\LOW_Fr_MASTER_result\regen\f93e918b39cf\cy01,superseded,,,0,0,,,
65805e6f1ee5ecec,..\2_LP\LOW_Fr_MASTER_result\regen\f93e918b39cf\cy02,superseded,,,0,0,,,deck
65805e6f1ee5ecec,..\2_LP\LOW_Fr_MASTER_result\regen\f93e918b39cf\cy03,superseded,,,0,0,,,deck
65805e6f1ee5ecec,..\2_LP\LOW_Fr_MASTER_result\regen\f93e918b39cf\cy04,superseded,,,0,0,,,deck
65805e6f1ee5ecec,..\2_LP\LOW_Fr_MASTER_result\regen\f93e918b39cf\cy05,superseded,,,0,0,,,deck
65805e6f1ee5ecec,..\2_LP\LOW_Fr_MASTER_result\regen\f93e918b39cf\cy06,superseded,,,0,0,,,deck
65805e6f1ee5ecec,..\2_LP\LOW_Fr_MASTER_result\regen\f93e918b39cf\cy07,superseded,,,0,0,,,deck
65805e6f1ee5ecec,..\2_LP\LOW_Fr_MASTER_result\regen\f93e918b39cf\cy08,superseded,,,0,0,,,deck
65805e6f1ee5ecec,..\2_LP\LOW_Fr_MASTER_result\regen\f93e918b39cf\cy09,superseded,,,0,0,,,deck
65805e6f1ee5ecec,..\2_LP\LOW_Fr_MASTER_result\regen\f93e918b39cf\cy10,superseded,,,0,0,,,deck
65805e6f1ee5ecec,..\2_LP\LOW_Fr_MASTER_result\regen\f93e918b39cf\cy11,superseded,,,0,0,,,deck
65805e6f1ee5ecec,..\2_LP\LOW_Fr_MASTER_result\regen\f93e918b39cf\cy12,regen:cy12/12,1.631,1.5073,25,1,,617.311,deck
,..\2_LP\LOW_Fr_MASTER_result\regen\f947ac104b7a\cy01,superseded,,,0,0,,,
f6f0e53afd58548a,..\2_LP\LOW_Fr_MASTER_result\regen\f947ac104b7a\cy02,superseded,,,0,0,,,deck
f6f0e53afd58548a,..\2_LP\LOW_Fr_MASTER_result\regen\f947ac104b7a\cy03,superseded,,,0,0,,,deck
f6f0e53afd58548a,..\2_LP\LOW_Fr_MASTER_result\regen\f947ac104b7a\cy04,superseded,,,0,0,,,deck
f6f0e53afd58548a,..\2_LP\LOW_Fr_MASTER_result\regen\f947ac104b7a\cy05,superseded,,,0,0,,,deck
f6f0e53afd58548a,..\2_LP\LOW_Fr_MASTER_result\regen\f947ac104b7a\cy06,superseded,,,0,0,,,deck
f6f0e53afd58548a,..\2_LP\LOW_Fr_MASTER_result\regen\f947ac104b7a\cy07,superseded,,,0,0,,,deck
f6f0e53afd58548a,..\2_LP\LOW_Fr_MASTER_result\regen\f947ac104b7a\cy08,superseded,,,0,0,,,deck
f6f0e53afd58548a,..\2_LP\LOW_Fr_MASTER_result\regen\f947ac104b7a\cy09,superseded,,,0,0,,,deck
f6f0e53afd58548a,..\2_LP\LOW_Fr_MASTER_result\regen\f947ac104b7a\cy10,superseded,,,0,0,,,deck
f6f0e53afd58548a,..\2_LP\LOW_Fr_MASTER_result\regen\f947ac104b7a\cy11,regen:cy11/11,1.6571,1.4949,25,1,,619.853,deck
,..\2_LP\LOW_Fr_MASTER_result\regen\f94dd8e0e5a9\cy01,superseded,,,0,0,,,
3e21ab13898e791d,..\2_LP\LOW_Fr_MASTER_result\regen\f94dd8e0e5a9\cy02,superseded,,,0,0,,,deck
3e21ab13898e791d,..\2_LP\LOW_Fr_MASTER_result\regen\f94dd8e0e5a9\cy03,superseded,,,0,0,,,deck
3e21ab13898e791d,..\2_LP\LOW_Fr_MASTER_result\regen\f94dd8e0e5a9\cy04,superseded,,,0,0,,,deck
3e21ab13898e791d,..\2_LP\LOW_Fr_MASTER_result\regen\f94dd8e0e5a9\cy05,superseded,,,0,0,,,deck
3e21ab13898e791d,..\2_LP\LOW_Fr_MASTER_result\regen\f94dd8e0e5a9\cy06,superseded,,,0,0,,,deck
3e21ab13898e791d,..\2_LP\LOW_Fr_MASTER_result\regen\f94dd8e0e5a9\cy07,superseded,,,0,0,,,deck
3e21ab13898e791d,..\2_LP\LOW_Fr_MASTER_result\regen\f94dd8e0e5a9\cy08,superseded,,,0,0,,,deck
3e21ab13898e791d,..\2_LP\LOW_Fr_MASTER_result\regen\f94dd8e0e5a9\cy09,superseded,,,0,0,,,deck
3e21ab13898e791d,..\2_LP\LOW_Fr_MASTER_result\regen\f94dd8e0e5a9\cy10,superseded,,,0,0,,,deck
3e21ab13898e791d,..\2_LP\LOW_Fr_MASTER_result\regen\f94dd8e0e5a9\cy11,superseded,,,0,0,,,deck
3e21ab13898e791d,..\2_LP\LOW_Fr_MASTER_result\regen\f94dd8e0e5a9\cy12,regen:cy12/12,1.6582,1.5305,25,1,,617.671,deck
,..\2_LP\LOW_Fr_MASTER_result\regen\f95b151ed294\cy01,superseded,,,0,0,,,
f5cebae11cd9b96d,..\2_LP\LOW_Fr_MASTER_result\regen\f95b151ed294\cy02,superseded,,,0,0,,,deck
f5cebae11cd9b96d,..\2_LP\LOW_Fr_MASTER_result\regen\f95b151ed294\cy03,superseded,,,0,0,,,deck
f5cebae11cd9b96d,..\2_LP\LOW_Fr_MASTER_result\regen\f95b151ed294\cy04,superseded,,,0,0,,,deck
f5cebae11cd9b96d,..\2_LP\LOW_Fr_MASTER_result\regen\f95b151ed294\cy05,superseded,,,0,0,,,deck
f5cebae11cd9b96d,..\2_LP\LOW_Fr_MASTER_result\regen\f95b151ed294\cy06,superseded,,,0,0,,,deck
f5cebae11cd9b96d,..\2_LP\LOW_Fr_MASTER_result\regen\f95b151ed294\cy07,superseded,,,0,0,,,deck
f5cebae11cd9b96d,..\2_LP\LOW_Fr_MASTER_result\regen\f95b151ed294\cy08,superseded,,,0,0,,,deck
f5cebae11cd9b96d,..\2_LP\LOW_Fr_MASTER_result\regen\f95b151ed294\cy09,superseded,,,0,0,,,deck
f5cebae11cd9b96d,..\2_LP\LOW_Fr_MASTER_result\regen\f95b151ed294\cy10,superseded,,,0,0,,,deck
f5cebae11cd9b96d,..\2_LP\LOW_Fr_MASTER_result\regen\f95b151ed294\cy11,regen:cy11/11,1.6529,1.5044,25,1,,620.698,deck
,..\2_LP\LOW_Fr_MASTER_result\regen\f9742422db29\cy01,superseded,,,0,0,,,
51da8203964a0626,..\2_LP\LOW_Fr_MASTER_result\regen\f9742422db29\cy02,superseded,,,0,0,,,deck
51da8203964a0626,..\2_LP\LOW_Fr_MASTER_result\regen\f9742422db29\cy03,superseded,,,0,0,,,deck
51da8203964a0626,..\2_LP\LOW_Fr_MASTER_result\regen\f9742422db29\cy04,superseded,,,0,0,,,deck
51da8203964a0626,..\2_LP\LOW_Fr_MASTER_result\regen\f9742422db29\cy05,superseded,,,0,0,,,deck
51da8203964a0626,..\2_LP\LOW_Fr_MASTER_result\regen\f9742422db29\cy06,superseded,,,0,0,,,deck
51da8203964a0626,..\2_LP\LOW_Fr_MASTER_result\regen\f9742422db29\cy07,superseded,,,0,0,,,deck
51da8203964a0626,..\2_LP\LOW_Fr_MASTER_result\regen\f9742422db29\cy08,superseded,,,0,0,,,deck
51da8203964a0626,..\2_LP\LOW_Fr_MASTER_result\regen\f9742422db29\cy09,superseded,,,0,0,,,deck
51da8203964a0626,..\2_LP\LOW_Fr_MASTER_result\regen\f9742422db29\cy10,superseded,,,0,0,,,deck
51da8203964a0626,..\2_LP\LOW_Fr_MASTER_result\regen\f9742422db29\cy11,superseded,,,0,0,,,deck
51da8203964a0626,..\2_LP\LOW_Fr_MASTER_result\regen\f9742422db29\cy12,regen:cy12/12,1.6939,1.5383,25,1,,614.286,deck
,..\2_LP\LOW_Fr_MASTER_result\regen\f9aa8a81155a\cy01,no_digest,,,0,0,,,
,..\2_LP\LOW_Fr_MASTER_result\regen\f9aaab5655ee\cy01,superseded,,,0,0,,,
27dcdb34a9c141d8,..\2_LP\LOW_Fr_MASTER_result\regen\f9aaab5655ee\cy02,superseded,,,0,0,,,deck
27dcdb34a9c141d8,..\2_LP\LOW_Fr_MASTER_result\regen\f9aaab5655ee\cy03,superseded,,,0,0,,,deck
27dcdb34a9c141d8,..\2_LP\LOW_Fr_MASTER_result\regen\f9aaab5655ee\cy04,superseded,,,0,0,,,deck
27dcdb34a9c141d8,..\2_LP\LOW_Fr_MASTER_result\regen\f9aaab5655ee\cy05,superseded,,,0,0,,,deck
27dcdb34a9c141d8,..\2_LP\LOW_Fr_MASTER_result\regen\f9aaab5655ee\cy06,superseded,,,0,0,,,deck
27dcdb34a9c141d8,..\2_LP\LOW_Fr_MASTER_result\regen\f9aaab5655ee\cy07,superseded,,,0,0,,,deck
27dcdb34a9c141d8,..\2_LP\LOW_Fr_MASTER_result\regen\f9aaab5655ee\cy08,superseded,,,0,0,,,deck
27dcdb34a9c141d8,..\2_LP\LOW_Fr_MASTER_result\regen\f9aaab5655ee\cy09,superseded,,,0,0,,,deck
27dcdb34a9c141d8,..\2_LP\LOW_Fr_MASTER_result\regen\f9aaab5655ee\cy10,superseded,,,0,0,,,deck
27dcdb34a9c141d8,..\2_LP\LOW_Fr_MASTER_result\regen\f9aaab5655ee\cy11,superseded,,,0,0,,,deck
27dcdb34a9c141d8,..\2_LP\LOW_Fr_MASTER_result\regen\f9aaab5655ee\cy12,regen:cy12/12,1.6945,1.5257,25,1,,620.063,deck
,..\2_LP\LOW_Fr_MASTER_result\regen\f9e6bdd5545b\cy01,superseded,,,0,0,,,
09b150335cad9d65,..\2_LP\LOW_Fr_MASTER_result\regen\f9e6bdd5545b\cy02,superseded,,,0,0,,,deck
09b150335cad9d65,..\2_LP\LOW_Fr_MASTER_result\regen\f9e6bdd5545b\cy03,superseded,,,0,0,,,deck
09b150335cad9d65,..\2_LP\LOW_Fr_MASTER_result\regen\f9e6bdd5545b\cy04,superseded,,,0,0,,,deck
09b150335cad9d65,..\2_LP\LOW_Fr_MASTER_result\regen\f9e6bdd5545b\cy05,superseded,,,0,0,,,deck
09b150335cad9d65,..\2_LP\LOW_Fr_MASTER_result\regen\f9e6bdd5545b\cy06,superseded,,,0,0,,,deck
09b150335cad9d65,..\2_LP\LOW_Fr_MASTER_result\regen\f9e6bdd5545b\cy07,superseded,,,0,0,,,deck
09b150335cad9d65,..\2_LP\LOW_Fr_MASTER_result\regen\f9e6bdd5545b\cy08,superseded,,,0,0,,,deck
09b150335cad9d65,..\2_LP\LOW_Fr_MASTER_result\regen\f9e6bdd5545b\cy09,superseded,,,0,0,,,deck
09b150335cad9d65,..\2_LP\LOW_Fr_MASTER_result\regen\f9e6bdd5545b\cy10,superseded,,,0,0,,,deck
09b150335cad9d65,..\2_LP\LOW_Fr_MASTER_result\regen\f9e6bdd5545b\cy11,superseded,,,0,0,,,deck
09b150335cad9d65,..\2_LP\LOW_Fr_MASTER_result\regen\f9e6bdd5545b\cy12,regen:cy12/12,1.7326,1.5469,25,1,,621.699,deck
,..\2_LP\LOW_Fr_MASTER_result\regen\f9fbb7f38f53\cy01,superseded,,,0,0,,,
84f333293a374285,..\2_LP\LOW_Fr_MASTER_result\regen\f9fbb7f38f53\cy02,superseded,,,0,0,,,deck
84f333293a374285,..\2_LP\LOW_Fr_MASTER_result\regen\f9fbb7f38f53\cy03,superseded,,,0,0,,,deck
84f333293a374285,..\2_LP\LOW_Fr_MASTER_result\regen\f9fbb7f38f53\cy04,superseded,,,0,0,,,deck
84f333293a374285,..\2_LP\LOW_Fr_MASTER_result\regen\f9fbb7f38f53\cy05,superseded,,,0,0,,,deck
84f333293a374285,..\2_LP\LOW_Fr_MASTER_result\regen\f9fbb7f38f53\cy06,superseded,,,0,0,,,deck
84f333293a374285,..\2_LP\LOW_Fr_MASTER_result\regen\f9fbb7f38f53\cy07,superseded,,,0,0,,,deck
84f333293a374285,..\2_LP\LOW_Fr_MASTER_result\regen\f9fbb7f38f53\cy08,superseded,,,0,0,,,deck
84f333293a374285,..\2_LP\LOW_Fr_MASTER_result\regen\f9fbb7f38f53\cy09,superseded,,,0,0,,,deck
84f333293a374285,..\2_LP\LOW_Fr_MASTER_result\regen\f9fbb7f38f53\cy10,superseded,,,0,0,,,deck
84f333293a374285,..\2_LP\LOW_Fr_MASTER_result\regen\f9fbb7f38f53\cy11,superseded,,,0,0,,,deck
84f333293a374285,..\2_LP\LOW_Fr_MASTER_result\regen\f9fbb7f38f53\cy12,regen:cy12/12,1.6687,1.5412,25,1,,620.211,deck
,..\2_LP\LOW_Fr_MASTER_result\regen\fa24da16abda\cy01,superseded,,,0,0,,,
00b9d46004065220,..\2_LP\LOW_Fr_MASTER_result\regen\fa24da16abda\cy02,superseded,,,0,0,,,deck
00b9d46004065220,..\2_LP\LOW_Fr_MASTER_result\regen\fa24da16abda\cy03,superseded,,,0,0,,,deck
00b9d46004065220,..\2_LP\LOW_Fr_MASTER_result\regen\fa24da16abda\cy04,superseded,,,0,0,,,deck
00b9d46004065220,..\2_LP\LOW_Fr_MASTER_result\regen\fa24da16abda\cy05,superseded,,,0,0,,,deck
00b9d46004065220,..\2_LP\LOW_Fr_MASTER_result\regen\fa24da16abda\cy06,superseded,,,0,0,,,deck
00b9d46004065220,..\2_LP\LOW_Fr_MASTER_result\regen\fa24da16abda\cy07,superseded,,,0,0,,,deck
00b9d46004065220,..\2_LP\LOW_Fr_MASTER_result\regen\fa24da16abda\cy08,superseded,,,0,0,,,deck
00b9d46004065220,..\2_LP\LOW_Fr_MASTER_result\regen\fa24da16abda\cy09,superseded,,,0,0,,,deck
00b9d46004065220,..\2_LP\LOW_Fr_MASTER_result\regen\fa24da16abda\cy10,superseded,,,0,0,,,deck
00b9d46004065220,..\2_LP\LOW_Fr_MASTER_result\regen\fa24da16abda\cy11,superseded,,,0,0,,,deck
00b9d46004065220,..\2_LP\LOW_Fr_MASTER_result\regen\fa24da16abda\cy12,regen:cy12/12,1.6655,1.467,25,1,,616.408,deck
,..\2_LP\LOW_Fr_MASTER_result\regen\fa4436ad2051\cy01,superseded,,,0,0,,,
1fb5b6898b36eaea,..\2_LP\LOW_Fr_MASTER_result\regen\fa4436ad2051\cy02,superseded,,,0,0,,,deck
1fb5b6898b36eaea,..\2_LP\LOW_Fr_MASTER_result\regen\fa4436ad2051\cy03,superseded,,,0,0,,,deck
1fb5b6898b36eaea,..\2_LP\LOW_Fr_MASTER_result\regen\fa4436ad2051\cy04,superseded,,,0,0,,,deck
1fb5b6898b36eaea,..\2_LP\LOW_Fr_MASTER_result\regen\fa4436ad2051\cy05,superseded,,,0,0,,,deck
1fb5b6898b36eaea,..\2_LP\LOW_Fr_MASTER_result\regen\fa4436ad2051\cy06,superseded,,,0,0,,,deck
1fb5b6898b36eaea,..\2_LP\LOW_Fr_MASTER_result\regen\fa4436ad2051\cy07,superseded,,,0,0,,,deck
1fb5b6898b36eaea,..\2_LP\LOW_Fr_MASTER_result\regen\fa4436ad2051\cy08,superseded,,,0,0,,,deck
1fb5b6898b36eaea,..\2_LP\LOW_Fr_MASTER_result\regen\fa4436ad2051\cy09,superseded,,,0,0,,,deck
1fb5b6898b36eaea,..\2_LP\LOW_Fr_MASTER_result\regen\fa4436ad2051\cy10,superseded,,,0,0,,,deck
1fb5b6898b36eaea,..\2_LP\LOW_Fr_MASTER_result\regen\fa4436ad2051\cy11,superseded,,,0,0,,,deck
1fb5b6898b36eaea,..\2_LP\LOW_Fr_MASTER_result\regen\fa4436ad2051\cy12,regen:cy12/12,1.6062,1.4221,25,1,,617.473,deck
,..\2_LP\LOW_Fr_MASTER_result\regen\fafdbc5ce25d\cy01,superseded,,,0,0,,,
1c7c095e96d9f1eb,..\2_LP\LOW_Fr_MASTER_result\regen\fafdbc5ce25d\cy02,superseded,,,0,0,,,deck
1c7c095e96d9f1eb,..\2_LP\LOW_Fr_MASTER_result\regen\fafdbc5ce25d\cy03,superseded,,,0,0,,,deck
1c7c095e96d9f1eb,..\2_LP\LOW_Fr_MASTER_result\regen\fafdbc5ce25d\cy04,superseded,,,0,0,,,deck
1c7c095e96d9f1eb,..\2_LP\LOW_Fr_MASTER_result\regen\fafdbc5ce25d\cy05,superseded,,,0,0,,,deck
1c7c095e96d9f1eb,..\2_LP\LOW_Fr_MASTER_result\regen\fafdbc5ce25d\cy06,superseded,,,0,0,,,deck
1c7c095e96d9f1eb,..\2_LP\LOW_Fr_MASTER_result\regen\fafdbc5ce25d\cy07,superseded,,,0,0,,,deck
1c7c095e96d9f1eb,..\2_LP\LOW_Fr_MASTER_result\regen\fafdbc5ce25d\cy08,superseded,,,0,0,,,deck
1c7c095e96d9f1eb,..\2_LP\LOW_Fr_MASTER_result\regen\fafdbc5ce25d\cy09,superseded,,,0,0,,,deck
1c7c095e96d9f1eb,..\2_LP\LOW_Fr_MASTER_result\regen\fafdbc5ce25d\cy10,superseded,,,0,0,,,deck
1c7c095e96d9f1eb,..\2_LP\LOW_Fr_MASTER_result\regen\fafdbc5ce25d\cy11,superseded,,,0,0,,,deck
1c7c095e96d9f1eb,..\2_LP\LOW_Fr_MASTER_result\regen\fafdbc5ce25d\cy12,regen:cy12/12,1.6544,1.4435,25,1,,618.172,deck
,..\2_LP\LOW_Fr_MASTER_result\regen\fb4251c502d1\cy01,superseded,,,0,0,,,
7576cb0ffa3fc034,..\2_LP\LOW_Fr_MASTER_result\regen\fb4251c502d1\cy02,superseded,,,0,0,,,deck
7576cb0ffa3fc034,..\2_LP\LOW_Fr_MASTER_result\regen\fb4251c502d1\cy03,superseded,,,0,0,,,deck
7576cb0ffa3fc034,..\2_LP\LOW_Fr_MASTER_result\regen\fb4251c502d1\cy04,superseded,,,0,0,,,deck
7576cb0ffa3fc034,..\2_LP\LOW_Fr_MASTER_result\regen\fb4251c502d1\cy05,superseded,,,0,0,,,deck
7576cb0ffa3fc034,..\2_LP\LOW_Fr_MASTER_result\regen\fb4251c502d1\cy06,superseded,,,0,0,,,deck
7576cb0ffa3fc034,..\2_LP\LOW_Fr_MASTER_result\regen\fb4251c502d1\cy07,superseded,,,0,0,,,deck
7576cb0ffa3fc034,..\2_LP\LOW_Fr_MASTER_result\regen\fb4251c502d1\cy08,superseded,,,0,0,,,deck
7576cb0ffa3fc034,..\2_LP\LOW_Fr_MASTER_result\regen\fb4251c502d1\cy09,superseded,,,0,0,,,deck
7576cb0ffa3fc034,..\2_LP\LOW_Fr_MASTER_result\regen\fb4251c502d1\cy10,superseded,,,0,0,,,deck
7576cb0ffa3fc034,..\2_LP\LOW_Fr_MASTER_result\regen\fb4251c502d1\cy11,regen:cy11/11,1.668,1.538,25,1,,621.931,deck
,..\2_LP\LOW_Fr_MASTER_result\regen\fb44699d121e\cy01,superseded,,,0,0,,,
080728ea1d4f7646,..\2_LP\LOW_Fr_MASTER_result\regen\fb44699d121e\cy02,superseded,,,0,0,,,deck
080728ea1d4f7646,..\2_LP\LOW_Fr_MASTER_result\regen\fb44699d121e\cy03,superseded,,,0,0,,,deck
080728ea1d4f7646,..\2_LP\LOW_Fr_MASTER_result\regen\fb44699d121e\cy04,superseded,,,0,0,,,deck
080728ea1d4f7646,..\2_LP\LOW_Fr_MASTER_result\regen\fb44699d121e\cy05,superseded,,,0,0,,,deck
080728ea1d4f7646,..\2_LP\LOW_Fr_MASTER_result\regen\fb44699d121e\cy06,superseded,,,0,0,,,deck
080728ea1d4f7646,..\2_LP\LOW_Fr_MASTER_result\regen\fb44699d121e\cy07,superseded,,,0,0,,,deck
080728ea1d4f7646,..\2_LP\LOW_Fr_MASTER_result\regen\fb44699d121e\cy08,superseded,,,0,0,,,deck
080728ea1d4f7646,..\2_LP\LOW_Fr_MASTER_result\regen\fb44699d121e\cy09,superseded,,,0,0,,,deck
080728ea1d4f7646,..\2_LP\LOW_Fr_MASTER_result\regen\fb44699d121e\cy10,superseded,,,0,0,,,deck
080728ea1d4f7646,..\2_LP\LOW_Fr_MASTER_result\regen\fb44699d121e\cy11,superseded,,,0,0,,,deck
080728ea1d4f7646,..\2_LP\LOW_Fr_MASTER_result\regen\fb44699d121e\cy12,regen:cy12/12,1.8693,1.6545,25,1,,618.692,deck
,..\2_LP\LOW_Fr_MASTER_result\regen\fb6276bad259\cy01,superseded,,,0,0,,,
59964bf952a202d7,..\2_LP\LOW_Fr_MASTER_result\regen\fb6276bad259\cy02,superseded,,,0,0,,,deck
59964bf952a202d7,..\2_LP\LOW_Fr_MASTER_result\regen\fb6276bad259\cy03,superseded,,,0,0,,,deck
59964bf952a202d7,..\2_LP\LOW_Fr_MASTER_result\regen\fb6276bad259\cy04,superseded,,,0,0,,,deck
59964bf952a202d7,..\2_LP\LOW_Fr_MASTER_result\regen\fb6276bad259\cy05,superseded,,,0,0,,,deck
59964bf952a202d7,..\2_LP\LOW_Fr_MASTER_result\regen\fb6276bad259\cy06,superseded,,,0,0,,,deck
59964bf952a202d7,..\2_LP\LOW_Fr_MASTER_result\regen\fb6276bad259\cy07,superseded,,,0,0,,,deck
59964bf952a202d7,..\2_LP\LOW_Fr_MASTER_result\regen\fb6276bad259\cy08,superseded,,,0,0,,,deck
59964bf952a202d7,..\2_LP\LOW_Fr_MASTER_result\regen\fb6276bad259\cy09,superseded,,,0,0,,,deck
59964bf952a202d7,..\2_LP\LOW_Fr_MASTER_result\regen\fb6276bad259\cy10,superseded,,,0,0,,,deck
59964bf952a202d7,..\2_LP\LOW_Fr_MASTER_result\regen\fb6276bad259\cy11,superseded,,,0,0,,,deck
59964bf952a202d7,..\2_LP\LOW_Fr_MASTER_result\regen\fb6276bad259\cy12,regen:cy12/12,1.6887,1.5295,25,1,,611.697,deck
,..\2_LP\LOW_Fr_MASTER_result\regen\fb6e563480f3\cy01,superseded,,,0,0,,,
cacded341a530cac,..\2_LP\LOW_Fr_MASTER_result\regen\fb6e563480f3\cy02,superseded,,,0,0,,,deck
cacded341a530cac,..\2_LP\LOW_Fr_MASTER_result\regen\fb6e563480f3\cy03,superseded,,,0,0,,,deck
cacded341a530cac,..\2_LP\LOW_Fr_MASTER_result\regen\fb6e563480f3\cy04,superseded,,,0,0,,,deck
cacded341a530cac,..\2_LP\LOW_Fr_MASTER_result\regen\fb6e563480f3\cy05,superseded,,,0,0,,,deck
cacded341a530cac,..\2_LP\LOW_Fr_MASTER_result\regen\fb6e563480f3\cy06,superseded,,,0,0,,,deck
cacded341a530cac,..\2_LP\LOW_Fr_MASTER_result\regen\fb6e563480f3\cy07,superseded,,,0,0,,,deck
cacded341a530cac,..\2_LP\LOW_Fr_MASTER_result\regen\fb6e563480f3\cy08,superseded,,,0,0,,,deck
cacded341a530cac,..\2_LP\LOW_Fr_MASTER_result\regen\fb6e563480f3\cy09,superseded,,,0,0,,,deck
cacded341a530cac,..\2_LP\LOW_Fr_MASTER_result\regen\fb6e563480f3\cy10,superseded,,,0,0,,,deck
cacded341a530cac,..\2_LP\LOW_Fr_MASTER_result\regen\fb6e563480f3\cy11,regen:cy11/11,1.6439,1.477,25,1,,619.799,deck
,..\2_LP\LOW_Fr_MASTER_result\regen\fb799abbd78a\cy01,superseded,,,0,0,,,
8003a0f0dfc467ea,..\2_LP\LOW_Fr_MASTER_result\regen\fb799abbd78a\cy02,superseded,,,0,0,,,deck
8003a0f0dfc467ea,..\2_LP\LOW_Fr_MASTER_result\regen\fb799abbd78a\cy03,superseded,,,0,0,,,deck
8003a0f0dfc467ea,..\2_LP\LOW_Fr_MASTER_result\regen\fb799abbd78a\cy04,superseded,,,0,0,,,deck
8003a0f0dfc467ea,..\2_LP\LOW_Fr_MASTER_result\regen\fb799abbd78a\cy05,superseded,,,0,0,,,deck
8003a0f0dfc467ea,..\2_LP\LOW_Fr_MASTER_result\regen\fb799abbd78a\cy06,superseded,,,0,0,,,deck
8003a0f0dfc467ea,..\2_LP\LOW_Fr_MASTER_result\regen\fb799abbd78a\cy07,superseded,,,0,0,,,deck
8003a0f0dfc467ea,..\2_LP\LOW_Fr_MASTER_result\regen\fb799abbd78a\cy08,superseded,,,0,0,,,deck
8003a0f0dfc467ea,..\2_LP\LOW_Fr_MASTER_result\regen\fb799abbd78a\cy09,superseded,,,0,0,,,deck
8003a0f0dfc467ea,..\2_LP\LOW_Fr_MASTER_result\regen\fb799abbd78a\cy10,superseded,,,0,0,,,deck
8003a0f0dfc467ea,..\2_LP\LOW_Fr_MASTER_result\regen\fb799abbd78a\cy11,superseded,,,0,0,,,deck
8003a0f0dfc467ea,..\2_LP\LOW_Fr_MASTER_result\regen\fb799abbd78a\cy12,regen:cy12/12,1.6519,1.4672,25,1,,618.233,deck
,..\2_LP\LOW_Fr_MASTER_result\regen\fbd53de83e67\cy01,superseded,,,0,0,,,
715e21e5aa309d79,..\2_LP\LOW_Fr_MASTER_result\regen\fbd53de83e67\cy02,superseded,,,0,0,,,deck
715e21e5aa309d79,..\2_LP\LOW_Fr_MASTER_result\regen\fbd53de83e67\cy03,superseded,,,0,0,,,deck
715e21e5aa309d79,..\2_LP\LOW_Fr_MASTER_result\regen\fbd53de83e67\cy04,superseded,,,0,0,,,deck
715e21e5aa309d79,..\2_LP\LOW_Fr_MASTER_result\regen\fbd53de83e67\cy05,superseded,,,0,0,,,deck
715e21e5aa309d79,..\2_LP\LOW_Fr_MASTER_result\regen\fbd53de83e67\cy06,superseded,,,0,0,,,deck
715e21e5aa309d79,..\2_LP\LOW_Fr_MASTER_result\regen\fbd53de83e67\cy07,superseded,,,0,0,,,deck
715e21e5aa309d79,..\2_LP\LOW_Fr_MASTER_result\regen\fbd53de83e67\cy08,superseded,,,0,0,,,deck
715e21e5aa309d79,..\2_LP\LOW_Fr_MASTER_result\regen\fbd53de83e67\cy09,superseded,,,0,0,,,deck
715e21e5aa309d79,..\2_LP\LOW_Fr_MASTER_result\regen\fbd53de83e67\cy10,superseded,,,0,0,,,deck
715e21e5aa309d79,..\2_LP\LOW_Fr_MASTER_result\regen\fbd53de83e67\cy11,superseded,,,0,0,,,deck
715e21e5aa309d79,..\2_LP\LOW_Fr_MASTER_result\regen\fbd53de83e67\cy12,regen:cy12/12,1.6217,1.4339,25,1,,614.614,deck
,..\2_LP\LOW_Fr_MASTER_result\regen\fc2b2bcb62a5\cy01,superseded,,,0,0,,,
4f3ec3265107833d,..\2_LP\LOW_Fr_MASTER_result\regen\fc2b2bcb62a5\cy02,superseded,,,0,0,,,deck
4f3ec3265107833d,..\2_LP\LOW_Fr_MASTER_result\regen\fc2b2bcb62a5\cy03,superseded,,,0,0,,,deck
4f3ec3265107833d,..\2_LP\LOW_Fr_MASTER_result\regen\fc2b2bcb62a5\cy04,superseded,,,0,0,,,deck
4f3ec3265107833d,..\2_LP\LOW_Fr_MASTER_result\regen\fc2b2bcb62a5\cy05,superseded,,,0,0,,,deck
4f3ec3265107833d,..\2_LP\LOW_Fr_MASTER_result\regen\fc2b2bcb62a5\cy06,superseded,,,0,0,,,deck
4f3ec3265107833d,..\2_LP\LOW_Fr_MASTER_result\regen\fc2b2bcb62a5\cy07,superseded,,,0,0,,,deck
4f3ec3265107833d,..\2_LP\LOW_Fr_MASTER_result\regen\fc2b2bcb62a5\cy08,superseded,,,0,0,,,deck
4f3ec3265107833d,..\2_LP\LOW_Fr_MASTER_result\regen\fc2b2bcb62a5\cy09,superseded,,,0,0,,,deck
4f3ec3265107833d,..\2_LP\LOW_Fr_MASTER_result\regen\fc2b2bcb62a5\cy10,superseded,,,0,0,,,deck
4f3ec3265107833d,..\2_LP\LOW_Fr_MASTER_result\regen\fc2b2bcb62a5\cy11,superseded,,,0,0,,,deck
4f3ec3265107833d,..\2_LP\LOW_Fr_MASTER_result\regen\fc2b2bcb62a5\cy12,regen:cy12/12,1.7429,1.5305,25,1,,614.676,deck
,..\2_LP\LOW_Fr_MASTER_result\regen\fe2de611b966\cy01,superseded,,,0,0,,,
0f039ab1491437e7,..\2_LP\LOW_Fr_MASTER_result\regen\fe2de611b966\cy02,superseded,,,0,0,,,deck
0f039ab1491437e7,..\2_LP\LOW_Fr_MASTER_result\regen\fe2de611b966\cy03,superseded,,,0,0,,,deck
0f039ab1491437e7,..\2_LP\LOW_Fr_MASTER_result\regen\fe2de611b966\cy04,superseded,,,0,0,,,deck
0f039ab1491437e7,..\2_LP\LOW_Fr_MASTER_result\regen\fe2de611b966\cy05,superseded,,,0,0,,,deck
0f039ab1491437e7,..\2_LP\LOW_Fr_MASTER_result\regen\fe2de611b966\cy06,superseded,,,0,0,,,deck
0f039ab1491437e7,..\2_LP\LOW_Fr_MASTER_result\regen\fe2de611b966\cy07,superseded,,,0,0,,,deck
0f039ab1491437e7,..\2_LP\LOW_Fr_MASTER_result\regen\fe2de611b966\cy08,superseded,,,0,0,,,deck
0f039ab1491437e7,..\2_LP\LOW_Fr_MASTER_result\regen\fe2de611b966\cy09,superseded,,,0,0,,,deck
0f039ab1491437e7,..\2_LP\LOW_Fr_MASTER_result\regen\fe2de611b966\cy10,superseded,,,0,0,,,deck
0f039ab1491437e7,..\2_LP\LOW_Fr_MASTER_result\regen\fe2de611b966\cy11,superseded,,,0,0,,,deck
0f039ab1491437e7,..\2_LP\LOW_Fr_MASTER_result\regen\fe2de611b966\cy12,regen:cy12/12,1.7156,1.5567,25,1,,613.539,deck
,..\2_LP\LOW_Fr_MASTER_result\regen\feedbe6f2829\cy01,superseded,,,0,0,,,
1388f01aa78815de,..\2_LP\LOW_Fr_MASTER_result\regen\feedbe6f2829\cy02,superseded,,,0,0,,,deck
1388f01aa78815de,..\2_LP\LOW_Fr_MASTER_result\regen\feedbe6f2829\cy03,superseded,,,0,0,,,deck
1388f01aa78815de,..\2_LP\LOW_Fr_MASTER_result\regen\feedbe6f2829\cy04,superseded,,,0,0,,,deck
1388f01aa78815de,..\2_LP\LOW_Fr_MASTER_result\regen\feedbe6f2829\cy05,superseded,,,0,0,,,deck
1388f01aa78815de,..\2_LP\LOW_Fr_MASTER_result\regen\feedbe6f2829\cy06,superseded,,,0,0,,,deck
1388f01aa78815de,..\2_LP\LOW_Fr_MASTER_result\regen\feedbe6f2829\cy07,superseded,,,0,0,,,deck
1388f01aa78815de,..\2_LP\LOW_Fr_MASTER_result\regen\feedbe6f2829\cy08,superseded,,,0,0,,,deck
1388f01aa78815de,..\2_LP\LOW_Fr_MASTER_result\regen\feedbe6f2829\cy09,superseded,,,0,0,,,deck
1388f01aa78815de,..\2_LP\LOW_Fr_MASTER_result\regen\feedbe6f2829\cy10,superseded,,,0,0,,,deck
1388f01aa78815de,..\2_LP\LOW_Fr_MASTER_result\regen\feedbe6f2829\cy11,regen:cy11/11,1.7378,1.5552,25,1,,620.971,deck
,..\2_LP\LOW_Fr_MASTER_result\regen\fef574eee122\cy01,superseded,,,0,0,,,
fca071622ef20f97,..\2_LP\LOW_Fr_MASTER_result\regen\fef574eee122\cy02,superseded,,,0,0,,,deck
fca071622ef20f97,..\2_LP\LOW_Fr_MASTER_result\regen\fef574eee122\cy03,superseded,,,0,0,,,deck
fca071622ef20f97,..\2_LP\LOW_Fr_MASTER_result\regen\fef574eee122\cy04,superseded,,,0,0,,,deck
fca071622ef20f97,..\2_LP\LOW_Fr_MASTER_result\regen\fef574eee122\cy05,superseded,,,0,0,,,deck
fca071622ef20f97,..\2_LP\LOW_Fr_MASTER_result\regen\fef574eee122\cy06,superseded,,,0,0,,,deck
fca071622ef20f97,..\2_LP\LOW_Fr_MASTER_result\regen\fef574eee122\cy07,superseded,,,0,0,,,deck
fca071622ef20f97,..\2_LP\LOW_Fr_MASTER_result\regen\fef574eee122\cy08,superseded,,,0,0,,,deck
fca071622ef20f97,..\2_LP\LOW_Fr_MASTER_result\regen\fef574eee122\cy09,superseded,,,0,0,,,deck
fca071622ef20f97,..\2_LP\LOW_Fr_MASTER_result\regen\fef574eee122\cy10,superseded,,,0,0,,,deck
fca071622ef20f97,..\2_LP\LOW_Fr_MASTER_result\regen\fef574eee122\cy11,superseded,,,0,0,,,deck
fca071622ef20f97,..\2_LP\LOW_Fr_MASTER_result\regen\fef574eee122\cy12,regen:cy12/12,1.5893,1.4477,25,1,,623.202,deck
,..\2_LP\LOW_Fr_MASTER_result\regen\ff17638150e0\cy01,superseded,,,0,0,,,
359db1ff48ff2734,..\2_LP\LOW_Fr_MASTER_result\regen\ff17638150e0\cy02,superseded,,,0,0,,,deck
359db1ff48ff2734,..\2_LP\LOW_Fr_MASTER_result\regen\ff17638150e0\cy03,superseded,,,0,0,,,deck
359db1ff48ff2734,..\2_LP\LOW_Fr_MASTER_result\regen\ff17638150e0\cy04,superseded,,,0,0,,,deck
359db1ff48ff2734,..\2_LP\LOW_Fr_MASTER_result\regen\ff17638150e0\cy05,superseded,,,0,0,,,deck
359db1ff48ff2734,..\2_LP\LOW_Fr_MASTER_result\regen\ff17638150e0\cy06,superseded,,,0,0,,,deck
359db1ff48ff2734,..\2_LP\LOW_Fr_MASTER_result\regen\ff17638150e0\cy07,superseded,,,0,0,,,deck
359db1ff48ff2734,..\2_LP\LOW_Fr_MASTER_result\regen\ff17638150e0\cy08,superseded,,,0,0,,,deck
359db1ff48ff2734,..\2_LP\LOW_Fr_MASTER_result\regen\ff17638150e0\cy09,superseded,,,0,0,,,deck
359db1ff48ff2734,..\2_LP\LOW_Fr_MASTER_result\regen\ff17638150e0\cy10,superseded,,,0,0,,,deck
359db1ff48ff2734,..\2_LP\LOW_Fr_MASTER_result\regen\ff17638150e0\cy11,regen:cy11/11,1.6601,1.5032,25,1,,619,deck
,..\2_LP\LOW_Fr_MASTER_result\regen\ff1d339ff141\cy01,superseded,,,0,0,,,
71dba0bfce2d65f0,..\2_LP\LOW_Fr_MASTER_result\regen\ff1d339ff141\cy02,superseded,,,0,0,,,deck
71dba0bfce2d65f0,..\2_LP\LOW_Fr_MASTER_result\regen\ff1d339ff141\cy03,superseded,,,0,0,,,deck
71dba0bfce2d65f0,..\2_LP\LOW_Fr_MASTER_result\regen\ff1d339ff141\cy04,superseded,,,0,0,,,deck
71dba0bfce2d65f0,..\2_LP\LOW_Fr_MASTER_result\regen\ff1d339ff141\cy05,superseded,,,0,0,,,deck
71dba0bfce2d65f0,..\2_LP\LOW_Fr_MASTER_result\regen\ff1d339ff141\cy06,superseded,,,0,0,,,deck
71dba0bfce2d65f0,..\2_LP\LOW_Fr_MASTER_result\regen\ff1d339ff141\cy07,superseded,,,0,0,,,deck
71dba0bfce2d65f0,..\2_LP\LOW_Fr_MASTER_result\regen\ff1d339ff141\cy08,superseded,,,0,0,,,deck
71dba0bfce2d65f0,..\2_LP\LOW_Fr_MASTER_result\regen\ff1d339ff141\cy09,superseded,,,0,0,,,deck
71dba0bfce2d65f0,..\2_LP\LOW_Fr_MASTER_result\regen\ff1d339ff141\cy10,superseded,,,0,0,,,deck
71dba0bfce2d65f0,..\2_LP\LOW_Fr_MASTER_result\regen\ff1d339ff141\cy11,regen:cy11/11,1.8227,1.6165,25,1,,619.385,deck
,..\2_LP\LOW_Fr_MASTER_result\regen\ff2e63881a4c\cy01,superseded,,,0,0,,,
3686d476c61266b3,..\2_LP\LOW_Fr_MASTER_result\regen\ff2e63881a4c\cy02,superseded,,,0,0,,,deck
3686d476c61266b3,..\2_LP\LOW_Fr_MASTER_result\regen\ff2e63881a4c\cy03,superseded,,,0,0,,,deck
3686d476c61266b3,..\2_LP\LOW_Fr_MASTER_result\regen\ff2e63881a4c\cy04,superseded,,,0,0,,,deck
3686d476c61266b3,..\2_LP\LOW_Fr_MASTER_result\regen\ff2e63881a4c\cy05,superseded,,,0,0,,,deck
3686d476c61266b3,..\2_LP\LOW_Fr_MASTER_result\regen\ff2e63881a4c\cy06,superseded,,,0,0,,,deck
3686d476c61266b3,..\2_LP\LOW_Fr_MASTER_result\regen\ff2e63881a4c\cy07,superseded,,,0,0,,,deck
3686d476c61266b3,..\2_LP\LOW_Fr_MASTER_result\regen\ff2e63881a4c\cy08,superseded,,,0,0,,,deck
3686d476c61266b3,..\2_LP\LOW_Fr_MASTER_result\regen\ff2e63881a4c\cy09,superseded,,,0,0,,,deck
3686d476c61266b3,..\2_LP\LOW_Fr_MASTER_result\regen\ff2e63881a4c\cy10,superseded,,,0,0,,,deck
3686d476c61266b3,..\2_LP\LOW_Fr_MASTER_result\regen\ff2e63881a4c\cy11,regen:cy11/11,1.7027,1.5468,25,1,,621.887,deck
,..\2_LP\LOW_Fr_MASTER_result\regen\ff88102e1a9a\cy01,superseded,,,0,0,,,
4dd7f5dd30c0a4e5,..\2_LP\LOW_Fr_MASTER_result\regen\ff88102e1a9a\cy02,superseded,,,0,0,,,deck
4dd7f5dd30c0a4e5,..\2_LP\LOW_Fr_MASTER_result\regen\ff88102e1a9a\cy03,superseded,,,0,0,,,deck
4dd7f5dd30c0a4e5,..\2_LP\LOW_Fr_MASTER_result\regen\ff88102e1a9a\cy04,superseded,,,0,0,,,deck
4dd7f5dd30c0a4e5,..\2_LP\LOW_Fr_MASTER_result\regen\ff88102e1a9a\cy05,superseded,,,0,0,,,deck
4dd7f5dd30c0a4e5,..\2_LP\LOW_Fr_MASTER_result\regen\ff88102e1a9a\cy06,superseded,,,0,0,,,deck
4dd7f5dd30c0a4e5,..\2_LP\LOW_Fr_MASTER_result\regen\ff88102e1a9a\cy07,superseded,,,0,0,,,deck
4dd7f5dd30c0a4e5,..\2_LP\LOW_Fr_MASTER_result\regen\ff88102e1a9a\cy08,superseded,,,0,0,,,deck
4dd7f5dd30c0a4e5,..\2_LP\LOW_Fr_MASTER_result\regen\ff88102e1a9a\cy09,superseded,,,0,0,,,deck
4dd7f5dd30c0a4e5,..\2_LP\LOW_Fr_MASTER_result\regen\ff88102e1a9a\cy10,superseded,,,0,0,,,deck
4dd7f5dd30c0a4e5,..\2_LP\LOW_Fr_MASTER_result\regen\ff88102e1a9a\cy11,superseded,,,0,0,,,deck
4dd7f5dd30c0a4e5,..\2_LP\LOW_Fr_MASTER_result\regen\ff88102e1a9a\cy12,regen:cy12/12,1.6239,1.4404,25,1,,624.053,deck
,..\2_LP\LOW_Fr_MASTER_result\regen\ff8e4c88bd6d\cy01,superseded,,,0,0,,,
77fbb2a9dd24e33c,..\2_LP\LOW_Fr_MASTER_result\regen\ff8e4c88bd6d\cy02,superseded,,,0,0,,,deck
77fbb2a9dd24e33c,..\2_LP\LOW_Fr_MASTER_result\regen\ff8e4c88bd6d\cy03,superseded,,,0,0,,,deck
77fbb2a9dd24e33c,..\2_LP\LOW_Fr_MASTER_result\regen\ff8e4c88bd6d\cy04,superseded,,,0,0,,,deck
77fbb2a9dd24e33c,..\2_LP\LOW_Fr_MASTER_result\regen\ff8e4c88bd6d\cy05,superseded,,,0,0,,,deck
77fbb2a9dd24e33c,..\2_LP\LOW_Fr_MASTER_result\regen\ff8e4c88bd6d\cy06,superseded,,,0,0,,,deck
77fbb2a9dd24e33c,..\2_LP\LOW_Fr_MASTER_result\regen\ff8e4c88bd6d\cy07,superseded,,,0,0,,,deck
77fbb2a9dd24e33c,..\2_LP\LOW_Fr_MASTER_result\regen\ff8e4c88bd6d\cy08,superseded,,,0,0,,,deck
77fbb2a9dd24e33c,..\2_LP\LOW_Fr_MASTER_result\regen\ff8e4c88bd6d\cy09,superseded,,,0,0,,,deck
77fbb2a9dd24e33c,..\2_LP\LOW_Fr_MASTER_result\regen\ff8e4c88bd6d\cy10,superseded,,,0,0,,,deck
77fbb2a9dd24e33c,..\2_LP\LOW_Fr_MASTER_result\regen\ff8e4c88bd6d\cy11,superseded,,,0,0,,,deck
77fbb2a9dd24e33c,..\2_LP\LOW_Fr_MASTER_result\regen\ff8e4c88bd6d\cy12,regen:cy12/12,1.6766,1.5416,25,1,,619.1,deck
,..\2_LP\LOW_Fr_MASTER_result\regen\ff92a92a6c7e\cy01,superseded,,,0,0,,,
fc87e2188c8a1532,..\2_LP\LOW_Fr_MASTER_result\regen\ff92a92a6c7e\cy02,superseded,,,0,0,,,deck
fc87e2188c8a1532,..\2_LP\LOW_Fr_MASTER_result\regen\ff92a92a6c7e\cy03,superseded,,,0,0,,,deck
fc87e2188c8a1532,..\2_LP\LOW_Fr_MASTER_result\regen\ff92a92a6c7e\cy04,superseded,,,0,0,,,deck
fc87e2188c8a1532,..\2_LP\LOW_Fr_MASTER_result\regen\ff92a92a6c7e\cy05,superseded,,,0,0,,,deck
fc87e2188c8a1532,..\2_LP\LOW_Fr_MASTER_result\regen\ff92a92a6c7e\cy06,superseded,,,0,0,,,deck
fc87e2188c8a1532,..\2_LP\LOW_Fr_MASTER_result\regen\ff92a92a6c7e\cy07,superseded,,,0,0,,,deck
fc87e2188c8a1532,..\2_LP\LOW_Fr_MASTER_result\regen\ff92a92a6c7e\cy08,superseded,,,0,0,,,deck
fc87e2188c8a1532,..\2_LP\LOW_Fr_MASTER_result\regen\ff92a92a6c7e\cy09,superseded,,,0,0,,,deck
fc87e2188c8a1532,..\2_LP\LOW_Fr_MASTER_result\regen\ff92a92a6c7e\cy10,superseded,,,0,0,,,deck
fc87e2188c8a1532,..\2_LP\LOW_Fr_MASTER_result\regen\ff92a92a6c7e\cy11,regen:cy11/11,1.6574,1.4638,25,1,,623.211,deck
,..\2_LP\LOW_Fr_MASTER_result\regen\ffe22bda7826\cy01,superseded,,,0,0,,,
cf998f08611ca45b,..\2_LP\LOW_Fr_MASTER_result\regen\ffe22bda7826\cy02,superseded,,,0,0,,,deck
cf998f08611ca45b,..\2_LP\LOW_Fr_MASTER_result\regen\ffe22bda7826\cy03,superseded,,,0,0,,,deck
cf998f08611ca45b,..\2_LP\LOW_Fr_MASTER_result\regen\ffe22bda7826\cy04,superseded,,,0,0,,,deck
cf998f08611ca45b,..\2_LP\LOW_Fr_MASTER_result\regen\ffe22bda7826\cy05,superseded,,,0,0,,,deck
cf998f08611ca45b,..\2_LP\LOW_Fr_MASTER_result\regen\ffe22bda7826\cy06,superseded,,,0,0,,,deck
cf998f08611ca45b,..\2_LP\LOW_Fr_MASTER_result\regen\ffe22bda7826\cy07,superseded,,,0,0,,,deck
cf998f08611ca45b,..\2_LP\LOW_Fr_MASTER_result\regen\ffe22bda7826\cy08,superseded,,,0,0,,,deck
cf998f08611ca45b,..\2_LP\LOW_Fr_MASTER_result\regen\ffe22bda7826\cy09,superseded,,,0,0,,,deck
cf998f08611ca45b,..\2_LP\LOW_Fr_MASTER_result\regen\ffe22bda7826\cy10,superseded,,,0,0,,,deck
cf998f08611ca45b,..\2_LP\LOW_Fr_MASTER_result\regen\ffe22bda7826\cy11,superseded,,,0,0,,,deck
cf998f08611ca45b,..\2_LP\LOW_Fr_MASTER_result\regen\ffe22bda7826\cy12,regen:cy12/12,1.6079,1.4273,25,1,,618.387,deck
