digest16,work_dir,cycle_evidence,f_xy,f_xya,n_steps,sane,reason,efpd_max
0bfecc4715f58937,C:\Users\USER\lpopt_work\kit_frontier\runs\intervention_wave_r1\intervention_E1E2_f109\master_work\worker_00\0bfecc4715f58937__MAS_RST.APRQ_11_0615.8-69f8c2545d-h_1keace,final,1.6659,1.4559,25,1,,592.065
1f72f2411de5c32e,C:\Users\USER\lpopt_work\kit_frontier\runs\intervention_wave_r1\intervention_E1E2_f109\master_work\worker_00\1f72f2411de5c32e__MAS_RST.APRQ_11_0615.8-25e1e3400e-p7f8cgwa,final,1.7002,1.4822,25,1,,592.721
268102ee89091c6c,C:\Users\USER\lpopt_work\kit_frontier\runs\intervention_wave_r1\intervention_E1E2_f109\master_work\worker_00\268102ee89091c6c__MAS_RST.APRQ_11_0615.8-eb7f72b599-a72bc90d,final,1.6563,1.4567,25,1,,591.998
3a45af9ce0ec477b,C:\Users\USER\lpopt_work\kit_frontier\runs\intervention_wave_r1\intervention_E1E2_f109\master_work\worker_00\3a45af9ce0ec477b__MAS_RST.APRQ_11_0615.8-ecfcaee287-f_8oh9t6,final,1.6977,1.4844,25,1,,592.311
48f9b54af50b879b,C:\Users\USER\lpopt_work\kit_frontier\runs\intervention_wave_r1\intervention_E1E2_f109\master_work\worker_00\48f9b54af50b879b__MAS_RST.APRQ_11_0615.8-f4f0ae17bd-izcd48v5,final,1.7398,1.5147,25,1,,593.497
52ddf73cf8dc8a62,C:\Users\USER\lpopt_work\kit_frontier\runs\intervention_wave_r1\intervention_E1E2_f109\master_work\worker_00\52ddf73cf8dc8a62__MAS_RST.APRQ_11_0615.8-c9eadee3dd-xpqbk1a8,final,1.6776,1.4772,25,1,,592.479
74c00f3b40e9ec17,C:\Users\USER\lpopt_work\kit_frontier\runs\intervention_wave_r1\intervention_E1E2_f109\master_work\worker_00\74c00f3b40e9ec17__MAS_RST.APRQ_11_0615.8-4547ba2a6c-uf4v_fk_,final,1.6925,1.4722,25,1,,592.152
7e13aa710325b264,C:\Users\USER\lpopt_work\kit_frontier\runs\intervention_wave_r1\intervention_E1E2_f109\master_work\worker_00\7e13aa710325b264__MAS_RST.APRQ_11_0615.8-39fef546ac-w05v0si3,final,1.6563,1.4462,25,1,,592.715
88f65f6f5e14afb6,C:\Users\USER\lpopt_work\kit_frontier\runs\intervention_wave_r1\intervention_E1E2_f109\master_work\worker_00\88f65f6f5e14afb6__MAS_RST.APRQ_11_0615.8-3e7e06394d-rtb46wv4,final,1.7256,1.5012,25,1,,593.088
8c98d29b529db7dd,C:\Users\USER\lpopt_work\kit_frontier\runs\intervention_wave_r1\intervention_E1E2_f109\master_work\worker_00\8c98d29b529db7dd__MAS_RST.APRQ_11_0615.8-dc91a6ebcb-kpo_w7nl,final,1.7917,1.5174,25,1,,591.609
91f694f22d07c643,C:\Users\USER\lpopt_work\kit_frontier\runs\intervention_wave_r1\intervention_E1E2_f109\master_work\worker_00\91f694f22d07c643__MAS_RST.APRQ_11_0615.8-46099d9833-fhkvi8t0,final,1.6671,1.4542,25,1,,592.225
9cdd902d3bf9bd6f,C:\Users\USER\lpopt_work\kit_frontier\runs\intervention_wave_r1\intervention_E1E2_f109\master_work\worker_00\9cdd902d3bf9bd6f__MAS_RST.APRQ_11_0615.8-9fc6400aea-zovfwbwp,final,1.6971,1.4665,25,1,,592.577
9d6f4497481d393a,C:\Users\USER\lpopt_work\kit_frontier\runs\intervention_wave_r1\intervention_E1E2_f109\master_work\worker_00\9d6f4497481d393a__MAS_RST.APRQ_11_0615.8-9f9c322361-u2soju6h,final,1.7171,1.5002,25,1,,592.777
ab899ce589e16120,C:\Users\USER\lpopt_work\kit_frontier\runs\intervention_wave_r1\intervention_E1E2_f109\master_work\worker_00\ab899ce589e16120__MAS_RST.APRQ_11_0615.8-a11b260cb7-mqm62_9v,final,1.664,1.48,25,1,,592.552
b5e256c98263436f,C:\Users\USER\lpopt_work\kit_frontier\runs\intervention_wave_r1\intervention_E1E2_f109\master_work\worker_00\b5e256c98263436f__MAS_RST.APRQ_11_0615.8-8b0f97bc08-nclrnh11,final,1.6581,1.4886,25,1,,592.939
bd05a2ce9ab7552f,C:\Users\USER\lpopt_work\kit_frontier\runs\intervention_wave_r1\intervention_E1E2_f109\master_work\worker_00\bd05a2ce9ab7552f__MAS_RST.APRQ_11_0615.8-09bb6352e4-6eellx8d,final,1.6632,1.4482,25,1,,592.571
d350c1b03a200cd8,C:\Users\USER\lpopt_work\kit_frontier\runs\intervention_wave_r1\intervention_E1E2_f109\master_work\worker_00\d350c1b03a200cd8__MAS_RST.APRQ_11_0615.8-9d325cad3f-bse4pvb3,final,1.6642,1.4656,25,1,,591.948
dbdb314d9e8d12dc,C:\Users\USER\lpopt_work\kit_frontier\runs\intervention_wave_r1\intervention_E1E2_f109\master_work\worker_00\dbdb314d9e8d12dc__MAS_RST.APRQ_11_0615.8-9935af3392-k7ph8ak8,final,1.6448,1.471,25,1,,592.449
e37bfed9e6fc8abf,C:\Users\USER\lpopt_work\kit_frontier\runs\intervention_wave_r1\intervention_E1E2_f109\master_work\worker_00\e37bfed9e6fc8abf__MAS_RST.APRQ_11_0615.8-20e9136118-w1_qlaen,final,1.6582,1.4539,25,1,,592.602
ed9612fef0ccd1cc,C:\Users\USER\lpopt_work\kit_frontier\runs\intervention_wave_r1\intervention_E1E2_f109\master_work\worker_00\ed9612fef0ccd1cc__MAS_RST.APRQ_11_0615.8-dc8ff9e8fd-z6kjrtb0,final,1.7219,1.4983,25,1,,592.361
384a6b68b23d0dc0,C:\Users\USER\lpopt_work\kit_frontier\runs\intervention_wave_r1\intervention_E1E2_f109\master_work\worker_01\384a6b68b23d0dc0__MAS_RST.APRQ_11_0615.8-d14386ac74-vhjbvaju,final,1.7326,1.4865,25,1,,593.448
43f55859b795b6d6,C:\Users\USER\lpopt_work\kit_frontier\runs\intervention_wave_r1\intervention_E1E2_f109\master_work\worker_01\43f55859b795b6d6__MAS_RST.APRQ_11_0615.8-c1aebd8b16-f6q22d1_,final,1.7451,1.4934,25,1,,593.111
45d4f552e1899999,C:\Users\USER\lpopt_work\kit_frontier\runs\intervention_wave_r1\intervention_E1E2_f109\master_work\worker_01\45d4f552e1899999__MAS_RST.APRQ_11_0615.8-e2cb2a145d-p81ti4uy,final,1.7084,1.4811,25,1,,593.176
4cd70e2fccac2062,C:\Users\USER\lpopt_work\kit_frontier\runs\intervention_wave_r1\intervention_E1E2_f109\master_work\worker_01\4cd70e2fccac2062__MAS_RST.APRQ_11_0615.8-a99c67e0b4-5sr6ohwh,final,1.6679,1.4917,25,1,,592.829
50392d9369cc9fb4,C:\Users\USER\lpopt_work\kit_frontier\runs\intervention_wave_r1\intervention_E1E2_f109\master_work\worker_01\50392d9369cc9fb4__MAS_RST.APRQ_11_0615.8-b32f0d0ef4-yxtd12v3,final,1.7371,1.4913,25,1,,593.103
54cc5199ed6cd8f6,C:\Users\USER\lpopt_work\kit_frontier\runs\intervention_wave_r1\intervention_E1E2_f109\master_work\worker_01\54cc5199ed6cd8f6__MAS_RST.APRQ_11_0615.8-7aafb84791-406mqar3,final,1.7929,1.5081,25,1,,593.314
621fd90015a69a3f,C:\Users\USER\lpopt_work\kit_frontier\runs\intervention_wave_r1\intervention_E1E2_f109\master_work\worker_01\621fd90015a69a3f__MAS_RST.APRQ_11_0615.8-c21b939994-ozt5vore,final,1.7075,1.4908,25,1,,592.329
69a8631358ab96e1,C:\Users\USER\lpopt_work\kit_frontier\runs\intervention_wave_r1\intervention_E1E2_f109\master_work\worker_01\69a8631358ab96e1__MAS_RST.APRQ_11_0615.8-5a97e43363-opjoxtpi,final,1.7144,1.4793,25,1,,593.841
763ecd2ea97eab4c,C:\Users\USER\lpopt_work\kit_frontier\runs\intervention_wave_r1\intervention_E1E2_f109\master_work\worker_01\763ecd2ea97eab4c__MAS_RST.APRQ_11_0615.8-4b37e37478-qpjf3v20,final,1.7395,1.486,25,1,,593.298
88339eb6e381dd9c,C:\Users\USER\lpopt_work\kit_frontier\runs\intervention_wave_r1\intervention_E1E2_f109\master_work\worker_01\88339eb6e381dd9c__MAS_RST.APRQ_11_0615.8-00f795022e-3o6kajhy,final,1.7571,1.4966,25,1,,592.902
a38b7bf9d72b41fd,C:\Users\USER\lpopt_work\kit_frontier\runs\intervention_wave_r1\intervention_E1E2_f109\master_work\worker_01\a38b7bf9d72b41fd__MAS_RST.APRQ_11_0615.8-39751d0b77-5nx30ptp,final,1.7856,1.5997,25,1,,593.594
b32d37075cdbabec,C:\Users\USER\lpopt_work\kit_frontier\runs\intervention_wave_r1\intervention_E1E2_f109\master_work\worker_01\b32d37075cdbabec__MAS_RST.APRQ_11_0615.8-619cb01173-k0c61k63,final,1.7073,1.46,25,1,,593.277
b6734d0d16b15bec,C:\Users\USER\lpopt_work\kit_frontier\runs\intervention_wave_r1\intervention_E1E2_f109\master_work\worker_01\b6734d0d16b15bec__MAS_RST.APRQ_11_0615.8-466d29fee5-53y9vj7x,final,1.7618,1.515,25,1,,592.869
d94b5fedbfb8b59f,C:\Users\USER\lpopt_work\kit_frontier\runs\intervention_wave_r1\intervention_E1E2_f109\master_work\worker_01\d94b5fedbfb8b59f__MAS_RST.APRQ_11_0615.8-58889a6e68-d42y3uh1,final,1.7011,1.474,25,1,,593.737
ddcbcedf3cb8aa86,C:\Users\USER\lpopt_work\kit_frontier\runs\intervention_wave_r1\intervention_E1E2_f109\master_work\worker_01\ddcbcedf3cb8aa86__MAS_RST.APRQ_11_0615.8-b965c541d0-7k4m5_tz,final,1.6987,1.4652,25,1,,593.095
e4629fb7537413c0,C:\Users\USER\lpopt_work\kit_frontier\runs\intervention_wave_r1\intervention_E1E2_f109\master_work\worker_01\e4629fb7537413c0__MAS_RST.APRQ_11_0615.8-c6e4e39ec6-n05w2vx2,final,1.707,1.4681,25,1,,593.377
ebb9d368f718774a,C:\Users\USER\lpopt_work\kit_frontier\runs\intervention_wave_r1\intervention_E1E2_f109\master_work\worker_01\ebb9d368f718774a__MAS_RST.APRQ_11_0615.8-b0ec78c9c3-1m3nqlo6,final,1.7646,1.5085,25,1,,593.826
eefae0e039b370f5,C:\Users\USER\lpopt_work\kit_frontier\runs\intervention_wave_r1\intervention_E1E2_f109\master_work\worker_01\eefae0e039b370f5__MAS_RST.APRQ_11_0615.8-abfefc5930-08c1gr29,final,1.7669,1.5008,25,1,,592.691
f3a27ce47433ce69,C:\Users\USER\lpopt_work\kit_frontier\runs\intervention_wave_r1\intervention_E1E2_f109\master_work\worker_01\f3a27ce47433ce69__MAS_RST.APRQ_11_0615.8-de90adb908-mbo1tjyb,final,1.7204,1.4785,25,1,,593.599
fa9bf27872ab1de3,C:\Users\USER\lpopt_work\kit_frontier\runs\intervention_wave_r1\intervention_E1E2_f109\master_work\worker_01\fa9bf27872ab1de3__MAS_RST.APRQ_11_0615.8-cbecaa7705-n7586mhw,final,1.6967,1.4613,25,1,,593.268
07efb1f19fa1609a,C:\Users\USER\lpopt_work\kit_frontier\runs\intervention_wave_r1\intervention_E1E2_f109\master_work\worker_02\07efb1f19fa1609a__MAS_RST.APRQ_11_0615.8-b9dfc579ad-b7k0gd3x,final,1.8749,1.6647,25,1,,592.803
181e93f5c1a8fc5f,C:\Users\USER\lpopt_work\kit_frontier\runs\intervention_wave_r1\intervention_E1E2_f109\master_work\worker_02\181e93f5c1a8fc5f__MAS_RST.APRQ_11_0615.8-592f0461d8-2p6z4rpj,final,1.867,1.663,25,1,,592.993
1b9d7fcb6cf15a23,C:\Users\USER\lpopt_work\kit_frontier\runs\intervention_wave_r1\intervention_E1E2_f109\master_work\worker_02\1b9d7fcb6cf15a23__MAS_RST.APRQ_11_0615.8-5cea027986-_wofrfik,final,1.6376,1.468,25,1,,593.267
35900fd066b6114c,C:\Users\USER\lpopt_work\kit_frontier\runs\intervention_wave_r1\intervention_E1E2_f109\master_work\worker_02\35900fd066b6114c__MAS_RST.APRQ_11_0615.8-9d797f7620-2245hoj2,final,1.6258,1.457,25,1,,594.757
46410d673733a424,C:\Users\USER\lpopt_work\kit_frontier\runs\intervention_wave_r1\intervention_E1E2_f109\master_work\worker_02\46410d673733a424__MAS_RST.APRQ_11_0615.8-609a4111f8-mfjq_zdj,final,1.8511,1.6503,25,1,,593.086
724dac57094c3f23,C:\Users\USER\lpopt_work\kit_frontier\runs\intervention_wave_r1\intervention_E1E2_f109\master_work\worker_02\724dac57094c3f23__MAS_RST.APRQ_11_0615.8-ccf64aa3eb-ffyyjjjf,final,1.723,1.5299,25,1,,593.808
72fb633345f9d8c5,C:\Users\USER\lpopt_work\kit_frontier\runs\intervention_wave_r1\intervention_E1E2_f109\master_work\worker_02\72fb633345f9d8c5__MAS_RST.APRQ_11_0615.8-b08bb75e04-11rc2q5w,final,1.6337,1.4668,25,1,,592.702
73b4fe619ef05a0f,C:\Users\USER\lpopt_work\kit_frontier\runs\intervention_wave_r1\intervention_E1E2_f109\master_work\worker_02\73b4fe619ef05a0f__MAS_RST.APRQ_11_0615.8-c5843356ac-m6e0ac_i,final,1.7185,1.524,25,1,,594.551
73cfe7d53fe47ca5,C:\Users\USER\lpopt_work\kit_frontier\runs\intervention_wave_r1\intervention_E1E2_f109\master_work\worker_02\73cfe7d53fe47ca5__MAS_RST.APRQ_11_0615.8-2dc5a73fca-jxkdumz2,final,1.8592,1.6569,25,1,,592.965
8edcf9e66d1e3d93,C:\Users\USER\lpopt_work\kit_frontier\runs\intervention_wave_r1\intervention_E1E2_f109\master_work\worker_02\8edcf9e66d1e3d93__MAS_RST.APRQ_11_0615.8-fda779fe88-ykyn36_r,final,1.7138,1.5147,25,1,,593.574
939e1c37c8ca2ed8,C:\Users\USER\lpopt_work\kit_frontier\runs\intervention_wave_r1\intervention_E1E2_f109\master_work\worker_02\939e1c37c8ca2ed8__MAS_RST.APRQ_11_0615.8-77124bf050-087vv44p,final,1.6804,1.5129,25,1,,592.419
a84f1783681b74a4,C:\Users\USER\lpopt_work\kit_frontier\runs\intervention_wave_r1\intervention_E1E2_f109\master_work\worker_02\a84f1783681b74a4__MAS_RST.APRQ_11_0615.8-7cdfae54c4-qepif7sq,final,1.6863,1.5175,25,1,,592.095
b081e3e794aac1df,C:\Users\USER\lpopt_work\kit_frontier\runs\intervention_wave_r1\intervention_E1E2_f109\master_work\worker_02\b081e3e794aac1df__MAS_RST.APRQ_11_0615.8-fda586b85c-qn4wtkcj,final,1.6264,1.4591,25,1,,592.605
d3c1f0f799a969d6,C:\Users\USER\lpopt_work\kit_frontier\runs\intervention_wave_r1\intervention_E1E2_f109\master_work\worker_02\d3c1f0f799a969d6__MAS_RST.APRQ_11_0615.8-3af7d1ebe1-fdqntvwe,final,1.673,1.5067,25,1,,592.414
dbaf8b0fe40554fc,C:\Users\USER\lpopt_work\kit_frontier\runs\intervention_wave_r1\intervention_E1E2_f109\master_work\worker_02\dbaf8b0fe40554fc__MAS_RST.APRQ_11_0615.8-b3272ae7d9-7963k4ju,final,1.8844,1.6775,25,1,,593.194
eb3937ac2334e5a1,C:\Users\USER\lpopt_work\kit_frontier\runs\intervention_wave_r1\intervention_E1E2_f109\master_work\worker_02\eb3937ac2334e5a1__MAS_RST.APRQ_11_0615.8-6d6807239b-fmec3ojd,final,1.6818,1.4888,25,1,,593.82
eb56160c4cdf07fe,C:\Users\USER\lpopt_work\kit_frontier\runs\intervention_wave_r1\intervention_E1E2_f109\master_work\worker_02\eb56160c4cdf07fe__MAS_RST.APRQ_11_0615.8-29971a3ea3-co6dsy22,final,1.7309,1.5298,25,1,,593.478
ebae30a861e05b48,C:\Users\USER\lpopt_work\kit_frontier\runs\intervention_wave_r1\intervention_E1E2_f109\master_work\worker_02\ebae30a861e05b48__MAS_RST.APRQ_11_0615.8-8badf10444-if6ljoxh,final,1.6869,1.518,25,1,,592.471
ed09c6113b695ac9,C:\Users\USER\lpopt_work\kit_frontier\runs\intervention_wave_r1\intervention_E1E2_f109\master_work\worker_02\ed09c6113b695ac9__MAS_RST.APRQ_11_0615.8-7c5d6e0d47-zv9jg2hf,final,1.6893,1.5194,25,1,,591.949
f3cee621a222ac69,C:\Users\USER\lpopt_work\kit_frontier\runs\intervention_wave_r1\intervention_E1E2_f109\master_work\worker_02\f3cee621a222ac69__MAS_RST.APRQ_11_0615.8-bce3a369bb-x3ksph4k,final,1.8256,1.6235,25,1,,593.624
0312bbc1f74f21a6,C:\Users\USER\lpopt_work\kit_frontier\runs\intervention_wave_r1\intervention_E1E2_f109\master_work\worker_03\0312bbc1f74f21a6__MAS_RST.APRQ_11_0615.8-89734e8385-ovre11sw,final,1.7925,1.6401,25,1,,593.337
0dbd8261b1886248,C:\Users\USER\lpopt_work\kit_frontier\runs\intervention_wave_r1\intervention_E1E2_f109\master_work\worker_03\0dbd8261b1886248__MAS_RST.APRQ_11_0615.8-e144adfa36-950rwrhx,final,1.8396,1.6499,25,1,,593.497
12db03c3121c7e91,C:\Users\USER\lpopt_work\kit_frontier\runs\intervention_wave_r1\intervention_E1E2_f109\master_work\worker_03\12db03c3121c7e91__MAS_RST.APRQ_11_0615.8-5d7d95c22a-7aoh7b6a,final,1.7956,1.6074,25,1,,593.523
1a8fb5bcd99f8900,C:\Users\USER\lpopt_work\kit_frontier\runs\intervention_wave_r1\intervention_E1E2_f109\master_work\worker_03\1a8fb5bcd99f8900__MAS_RST.APRQ_11_0615.8-05850a1cf7-4bveb4ik,final,1.81,1.6198,25,1,,593.426
2b82ad02437fe5de,C:\Users\USER\lpopt_work\kit_frontier\runs\intervention_wave_r1\intervention_E1E2_f109\master_work\worker_03\2b82ad02437fe5de__MAS_RST.APRQ_11_0615.8-2b9cb7062d-66k3r48d,final,1.7719,1.5869,25,1,,593.798
35c0ec9c6e6add4a,C:\Users\USER\lpopt_work\kit_frontier\runs\intervention_wave_r1\intervention_E1E2_f109\master_work\worker_03\35c0ec9c6e6add4a__MAS_RST.APRQ_11_0615.8-98a9664e02-lsdqtv62,final,1.8037,1.6497,25,1,,592.989
4e215c1172449b42,C:\Users\USER\lpopt_work\kit_frontier\runs\intervention_wave_r1\intervention_E1E2_f109\master_work\worker_03\4e215c1172449b42__MAS_RST.APRQ_11_0615.8-2c642622a6-vqaryqc7,final,1.6248,1.4585,25,1,,592.402
5da6f63cc0c8cb4b,C:\Users\USER\lpopt_work\kit_frontier\runs\intervention_wave_r1\intervention_E1E2_f109\master_work\worker_03\5da6f63cc0c8cb4b__MAS_RST.APRQ_11_0615.8-9755a0f836-w2rhkah9,final,1.7829,1.6285,25,1,,593.294
6f3451db07306aae,C:\Users\USER\lpopt_work\kit_frontier\runs\intervention_wave_r1\intervention_E1E2_f109\master_work\worker_03\6f3451db07306aae__MAS_RST.APRQ_11_0615.8-cee5eb9591-6yshvp5n,final,1.7856,1.6319,25,1,,593.239
7fad994f0cf96bd5,C:\Users\USER\lpopt_work\kit_frontier\runs\intervention_wave_r1\intervention_E1E2_f109\master_work\worker_03\7fad994f0cf96bd5__MAS_RST.APRQ_11_0615.8-68e453ad68-xzddzf5t,final,1.7942,1.6064,25,1,,593.488
83b4e1e109d498e0,C:\Users\USER\lpopt_work\kit_frontier\runs\intervention_wave_r1\intervention_E1E2_f109\master_work\worker_03\83b4e1e109d498e0__MAS_RST.APRQ_11_0615.8-8969c5e637-8hwdngzk,final,1.6111,1.4462,25,1,,592.933
8604590454c77976,C:\Users\USER\lpopt_work\kit_frontier\runs\intervention_wave_r1\intervention_E1E2_f109\master_work\worker_03\8604590454c77976__MAS_RST.APRQ_11_0615.8-1df228562b-rrn50zlm,final,1.7916,1.6391,25,1,,592.828
938575c3d0b348bd,C:\Users\USER\lpopt_work\kit_frontier\runs\intervention_wave_r1\intervention_E1E2_f109\master_work\worker_03\938575c3d0b348bd__MAS_RST.APRQ_11_0615.8-72646828e3-htqtjcwa,final,1.7607,1.6121,25,1,,592.797
9ae4713abb6f90c5,C:\Users\USER\lpopt_work\kit_frontier\runs\intervention_wave_r1\intervention_E1E2_f109\master_work\worker_03\9ae4713abb6f90c5__MAS_RST.APRQ_11_0615.8-d7c6368955-d3vv7jst,final,1.7983,1.6111,25,1,,593.445
a9ae548ffecdedc3,C:\Users\USER\lpopt_work\kit_frontier\runs\intervention_wave_r1\intervention_E1E2_f109\master_work\worker_03\a9ae548ffecdedc3__MAS_RST.APRQ_11_0615.8-c5ab001ece-holsm5yo,final,1.6272,1.4585,25,1,,592.828
c129c836b03c5e5a,C:\Users\USER\lpopt_work\kit_frontier\runs\intervention_wave_r1\intervention_E1E2_f109\master_work\worker_03\c129c836b03c5e5a__MAS_RST.APRQ_11_0615.8-956eaa55a8-4ngffkm5,final,1.6172,1.4497,25,1,,592.933
c1f136ddae3d6a3f,C:\Users\USER\lpopt_work\kit_frontier\runs\intervention_wave_r1\intervention_E1E2_f109\master_work\worker_03\c1f136ddae3d6a3f__MAS_RST.APRQ_11_0615.8-c861538962-l9duzg23,final,1.7907,1.6371,25,1,,592.725
c6d65c1518220d90,C:\Users\USER\lpopt_work\kit_frontier\runs\intervention_wave_r1\intervention_E1E2_f109\master_work\worker_03\c6d65c1518220d90__MAS_RST.APRQ_11_0615.8-2ea3916153-sfenzz6w,final,1.6127,1.4462,25,1,,592.709
ca9e232248c7f3ed,C:\Users\USER\lpopt_work\kit_frontier\runs\intervention_wave_r1\intervention_E1E2_f109\master_work\worker_03\ca9e232248c7f3ed__MAS_RST.APRQ_11_0615.8-5efbd9b096-cyacnz0v,final,1.7952,1.6383,25,1,,592.493
e82adb93111e1b8d,C:\Users\USER\lpopt_work\kit_frontier\runs\intervention_wave_r1\intervention_E1E2_f109\master_work\worker_03\e82adb93111e1b8d__MAS_RST.APRQ_11_0615.8-93e337646f-cm0906b9,final,1.7889,1.636,25,1,,592.391
1d89669f193348e0,C:\Users\USER\lpopt_work\kit_frontier\runs\intervention_wave_r1\intervention_E1E2_f109\master_work\worker_04\1d89669f193348e0__MAS_RST.APRQ_11_0615.8-5edc86f448-smj_3l3h,final,1.9381,1.7451,25,1,,587.584
2f801286bec3a689,C:\Users\USER\lpopt_work\kit_frontier\runs\intervention_wave_r1\intervention_E1E2_f109\master_work\worker_04\2f801286bec3a689__MAS_RST.APRQ_11_0615.8-ef7cae5468-o_agfbke,final,1.8469,1.6583,25,1,,587.426
2fd74e7a110eecff,C:\Users\USER\lpopt_work\kit_frontier\runs\intervention_wave_r1\intervention_E1E2_f109\master_work\worker_04\2fd74e7a110eecff__MAS_RST.APRQ_11_0615.8-0e5feb5cb5-5f4248q3,final,1.8281,1.6389,25,1,,583.69
30f1db41a73f7fc2,C:\Users\USER\lpopt_work\kit_frontier\runs\intervention_wave_r1\intervention_E1E2_f109\master_work\worker_04\30f1db41a73f7fc2__MAS_RST.APRQ_11_0615.8-838ef6034e-gcgzpbll,final,1.8904,1.6884,25,1,,586.329
43ad9b6bcb0284c5,C:\Users\USER\lpopt_work\kit_frontier\runs\intervention_wave_r1\intervention_E1E2_f109\master_work\worker_04\43ad9b6bcb0284c5__MAS_RST.APRQ_11_0615.8-41a5e5a8c8-s6bw7slz,final,1.836,1.6423,25,1,,586.868
44b6e9d168578eee,C:\Users\USER\lpopt_work\kit_frontier\runs\intervention_wave_r1\intervention_E1E2_f109\master_work\worker_04\44b6e9d168578eee__MAS_RST.APRQ_11_0615.8-9511ea8738-rn2s4ce_,final,1.8984,1.7069,25,1,,588.52
53cdb1d9e3677cb9,C:\Users\USER\lpopt_work\kit_frontier\runs\intervention_wave_r1\intervention_E1E2_f109\master_work\worker_04\53cdb1d9e3677cb9__MAS_RST.APRQ_11_0615.8-7ed448eec9-ebs5fjee,final,1.8307,1.6375,25,1,,586.752
5a8bae03401d743d,C:\Users\USER\lpopt_work\kit_frontier\runs\intervention_wave_r1\intervention_E1E2_f109\master_work\worker_04\5a8bae03401d743d__MAS_RST.APRQ_11_0615.8-7d3dd471d4-fin5ogga,final,1.8404,1.6447,25,1,,588.328
689852e9fe273cbc,C:\Users\USER\lpopt_work\kit_frontier\runs\intervention_wave_r1\intervention_E1E2_f109\master_work\worker_04\689852e9fe273cbc__MAS_RST.APRQ_11_0615.8-a292a91555-qtxr8czm,final,1.8239,1.6318,25,1,,586.891
711a987ca4414ec4,C:\Users\USER\lpopt_work\kit_frontier\runs\intervention_wave_r1\intervention_E1E2_f109\master_work\worker_04\711a987ca4414ec4__MAS_RST.APRQ_11_0615.8-9d20c7531b-mvgypyh2,final,1.7904,1.606,25,1,,583.893
7a31aba0624a374f,C:\Users\USER\lpopt_work\kit_frontier\runs\intervention_wave_r1\intervention_E1E2_f109\master_work\worker_04\7a31aba0624a374f__MAS_RST.APRQ_11_0615.8-8a664c74d6-x2hstvdl,final,1.8998,1.7045,25,1,,587.192
bbe7f4651efeffd8,C:\Users\USER\lpopt_work\kit_frontier\runs\intervention_wave_r1\intervention_E1E2_f109\master_work\worker_04\bbe7f4651efeffd8__MAS_RST.APRQ_11_0615.8-23168a0ca8-1hhiv7xx,final,1.8594,1.6706,25,1,,588.01
c01c92f1921d8fa3,C:\Users\USER\lpopt_work\kit_frontier\runs\intervention_wave_r1\intervention_E1E2_f109\master_work\worker_04\c01c92f1921d8fa3__MAS_RST.APRQ_11_0615.8-7c5b87a0e5-hhiqo6bi,final,1.767,1.585,25,1,,589.66
c5b59af86bb16385,C:\Users\USER\lpopt_work\kit_frontier\runs\intervention_wave_r1\intervention_E1E2_f109\master_work\worker_04\c5b59af86bb16385__MAS_RST.APRQ_11_0615.8-21add363d7-h29rz7vd,final,1.7691,1.5948,25,1,,587.881
c74c1eb8ea3013f9,C:\Users\USER\lpopt_work\kit_frontier\runs\intervention_wave_r1\intervention_E1E2_f109\master_work\worker_04\c74c1eb8ea3013f9__MAS_RST.APRQ_11_0615.8-48520dda75-a8eh0agz,final,1.8507,1.658,25,1,,589.09
d5f403847257a8f7,C:\Users\USER\lpopt_work\kit_frontier\runs\intervention_wave_r1\intervention_E1E2_f109\master_work\worker_04\d5f403847257a8f7__MAS_RST.APRQ_11_0615.8-612b005b50-detagyx5,final,2.0389,1.77,25,1,,589.131
e6694b00ce0d5be7,C:\Users\USER\lpopt_work\kit_frontier\runs\intervention_wave_r1\intervention_E1E2_f109\master_work\worker_04\e6694b00ce0d5be7__MAS_RST.APRQ_11_0615.8-7b5ca629d6-ljvse6fo,final,1.8299,1.645,25,1,,583.411
f50942e08b93d7d4,C:\Users\USER\lpopt_work\kit_frontier\runs\intervention_wave_r1\intervention_E1E2_f109\master_work\worker_04\f50942e08b93d7d4__MAS_RST.APRQ_11_0615.8-350f858539-zkgwhdqj,final,1.9051,1.7073,25,1,,584.783
f580bd59dcc8958f,C:\Users\USER\lpopt_work\kit_frontier\runs\intervention_wave_r1\intervention_E1E2_f109\master_work\worker_04\f580bd59dcc8958f__MAS_RST.APRQ_11_0615.8-c09b42156d-sqbg4cx6,final,1.8703,1.6839,25,1,,589.76
f8a38b97ffc5458b,C:\Users\USER\lpopt_work\kit_frontier\runs\intervention_wave_r1\intervention_E1E2_f109\master_work\worker_04\f8a38b97ffc5458b__MAS_RST.APRQ_11_0615.8-d96ade31eb-wnw7j3pc,final,1.8001,1.6073,25,1,,586.854
1e996ba3c49860a9,C:\Users\USER\lpopt_work\kit_frontier\runs\intervention_wave_r1\intervention_E1E2_f109\master_work\worker_05\1e996ba3c49860a9__MAS_RST.APRQ_11_0615.8-10614ad87b-mwf3i2rw,final,2.0825,1.8699,25,1,,592.863
1f1389e912ce7d79,C:\Users\USER\lpopt_work\kit_frontier\runs\intervention_wave_r1\intervention_E1E2_f109\master_work\worker_05\1f1389e912ce7d79__MAS_RST.APRQ_11_0615.8-bbda519cbc-2as2fn20,final,2.0999,1.8854,25,1,,593.777
44cf07768518499a,C:\Users\USER\lpopt_work\kit_frontier\runs\intervention_wave_r1\intervention_E1E2_f109\master_work\worker_05\44cf07768518499a__MAS_RST.APRQ_11_0615.8-df6afc53de-gfhnn_2u,final,2.2236,1.9902,25,1,,593.393
585658f52a9202d5,C:\Users\USER\lpopt_work\kit_frontier\runs\intervention_wave_r1\intervention_E1E2_f109\master_work\worker_05\585658f52a9202d5__MAS_RST.APRQ_11_0615.8-b622218318-6n4wwd51,final,2.0824,1.8734,25,1,,592.99
61c2c885663eb95f,C:\Users\USER\lpopt_work\kit_frontier\runs\intervention_wave_r1\intervention_E1E2_f109\master_work\worker_05\61c2c885663eb95f__MAS_RST.APRQ_11_0615.8-9129c2a81b-1pkf7z9j,final,2.0641,1.8297,25,1,,592.133
62e66b6ab03acc91,C:\Users\USER\lpopt_work\kit_frontier\runs\intervention_wave_r1\intervention_E1E2_f109\master_work\worker_05\62e66b6ab03acc91__MAS_RST.APRQ_11_0615.8-ced48819ab-pzja4o1z,final,2.0847,1.873,25,1,,593.716
79bdf8f3a142b5de,C:\Users\USER\lpopt_work\kit_frontier\runs\intervention_wave_r1\intervention_E1E2_f109\master_work\worker_05\79bdf8f3a142b5de__MAS_RST.APRQ_11_0615.8-b9fdc571ce-h0emwf7p,final,2.067,1.8591,25,1,,594.131
901a623ad3e5958f,C:\Users\USER\lpopt_work\kit_frontier\runs\intervention_wave_r1\intervention_E1E2_f109\master_work\worker_05\901a623ad3e5958f__MAS_RST.APRQ_11_0615.8-7773def10b-fm774m_o,final,2.065,1.8303,25,1,,593.449
a5a2b9387ab0a544,C:\Users\USER\lpopt_work\kit_frontier\runs\intervention_wave_r1\intervention_E1E2_f109\master_work\worker_05\a5a2b9387ab0a544__MAS_RST.APRQ_11_0615.8-00e824109a-i7h14ugt,final,2.0828,1.8442,25,1,,592.509
aa633e8b19bfb94e,C:\Users\USER\lpopt_work\kit_frontier\runs\intervention_wave_r1\intervention_E1E2_f109\master_work\worker_05\aa633e8b19bfb94e__MAS_RST.APRQ_11_0615.8-821c5335e7-x893q613,final,2.0848,1.8725,25,1,,593.113
b421f5a6aa4ea991,C:\Users\USER\lpopt_work\kit_frontier\runs\intervention_wave_r1\intervention_E1E2_f109\master_work\worker_05\b421f5a6aa4ea991__MAS_RST.APRQ_11_0615.8-02eaa5acd4-pubpxk1b,final,2.1372,1.9201,25,1,,593.903
c7144bf1f8081dca,C:\Users\USER\lpopt_work\kit_frontier\runs\intervention_wave_r1\intervention_E1E2_f109\master_work\worker_05\c7144bf1f8081dca__MAS_RST.APRQ_11_0615.8-cf7520ffc4-jg_zoqf1,final,2.1085,1.8935,25,1,,593.668
c7fdde4c2bf97556,C:\Users\USER\lpopt_work\kit_frontier\runs\intervention_wave_r1\intervention_E1E2_f109\master_work\worker_05\c7fdde4c2bf97556__MAS_RST.APRQ_11_0615.8-1fbe1b1a30-q587o7ea,final,2.0901,1.8775,25,1,,594.601
d004bd900b60b849,C:\Users\USER\lpopt_work\kit_frontier\runs\intervention_wave_r1\intervention_E1E2_f109\master_work\worker_05\d004bd900b60b849__MAS_RST.APRQ_11_0615.8-2a27535736-963lxv9r,final,2.0998,1.8811,25,1,,592.806
d9d8b19deaf4f857,C:\Users\USER\lpopt_work\kit_frontier\runs\intervention_wave_r1\intervention_E1E2_f109\master_work\worker_05\d9d8b19deaf4f857__MAS_RST.APRQ_11_0615.8-906dda3c32-wojyrzoh,final,2.0531,1.8185,25,1,,593.22
e18a2e3a3bd6e67e,C:\Users\USER\lpopt_work\kit_frontier\runs\intervention_wave_r1\intervention_E1E2_f109\master_work\worker_05\e18a2e3a3bd6e67e__MAS_RST.APRQ_11_0615.8-d61faf1ac2-bh217fcc,final,2.1363,1.9111,25,1,,594.251
ea9b4ccb17462fac,C:\Users\USER\lpopt_work\kit_frontier\runs\intervention_wave_r1\intervention_E1E2_f109\master_work\worker_05\ea9b4ccb17462fac__MAS_RST.APRQ_11_0615.8-08cfef7a4f-rkwltc7u,final,2.1016,1.8918,25,1,,593.779
efc106153aefbc3d,C:\Users\USER\lpopt_work\kit_frontier\runs\intervention_wave_r1\intervention_E1E2_f109\master_work\worker_05\efc106153aefbc3d__MAS_RST.APRQ_11_0615.8-0db63daedb-19vtfbqo,final,2.0868,1.8755,25,1,,593.081
f8f5ab1720602dbc,C:\Users\USER\lpopt_work\kit_frontier\runs\intervention_wave_r1\intervention_E1E2_f109\master_work\worker_05\f8f5ab1720602dbc__MAS_RST.APRQ_11_0615.8-c63ae362b4-6jagjsdn,final,2.07,1.8603,25,1,,593.842
fdd1452d81decc1f,C:\Users\USER\lpopt_work\kit_frontier\runs\intervention_wave_r1\intervention_E1E2_f109\master_work\worker_05\fdd1452d81decc1f__MAS_RST.APRQ_11_0615.8-9a495934d7-x62nr4d9,final,2.0997,1.8566,25,1,,594.791
00c447f910d6ca29,C:\Users\USER\lpopt_work\kit_frontier\runs\intervention_wave_r1\intervention_E1E2_f109\master_work\worker_06\00c447f910d6ca29__MAS_RST.APRQ_11_0615.8-2031341514-ru3kr0c0,final,1.6452,1.4869,25,1,,593.682
278c5c03901588e2,C:\Users\USER\lpopt_work\kit_frontier\runs\intervention_wave_r1\intervention_E1E2_f109\master_work\worker_06\278c5c03901588e2__MAS_RST.APRQ_11_0615.8-65b9ac5c04-lepjvlzr,final,1.6459,1.476,25,1,,593.243
2f34eabcd478c0d8,C:\Users\USER\lpopt_work\kit_frontier\runs\intervention_wave_r1\intervention_E1E2_f109\master_work\worker_06\2f34eabcd478c0d8__MAS_RST.APRQ_11_0615.8-0b43ec9146-6co0w5u1,final,1.623,1.468,25,1,,593.733
39d0b116876910a4,C:\Users\USER\lpopt_work\kit_frontier\runs\intervention_wave_r1\intervention_E1E2_f109\master_work\worker_06\39d0b116876910a4__MAS_RST.APRQ_11_0615.8-fbd377dc1b-khw5g_ee,final,1.6345,1.4657,25,1,,593.346
6072f333a76511c1,C:\Users\USER\lpopt_work\kit_frontier\runs\intervention_wave_r1\intervention_E1E2_f109\master_work\worker_06\6072f333a76511c1__MAS_RST.APRQ_11_0615.8-d7ea435053-xv86lmvt,final,1.674,1.5121,25,1,,594.061
6c2708f710638480,C:\Users\USER\lpopt_work\kit_frontier\runs\intervention_wave_r1\intervention_E1E2_f109\master_work\worker_06\6c2708f710638480__MAS_RST.APRQ_11_0615.8-9c52e59edd-0obsoch0,final,1.6307,1.4737,25,1,,593.674
7107f90bfa3a1828,C:\Users\USER\lpopt_work\kit_frontier\runs\intervention_wave_r1\intervention_E1E2_f109\master_work\worker_06\7107f90bfa3a1828__MAS_RST.APRQ_11_0615.8-554540eae2-wa5x8icf,final,1.6313,1.4697,25,1,,593.728
7f24bfd17593762e,C:\Users\USER\lpopt_work\kit_frontier\runs\intervention_wave_r1\intervention_E1E2_f109\master_work\worker_06\7f24bfd17593762e__MAS_RST.APRQ_11_0615.8-60e3ddc9fd-a7knj7zl,final,1.6325,1.4655,25,1,,593.819
7fdd3e9243a8042d,C:\Users\USER\lpopt_work\kit_frontier\runs\intervention_wave_r1\intervention_E1E2_f109\master_work\worker_06\7fdd3e9243a8042d__MAS_RST.APRQ_11_0615.8-d027300b68-bcpj8vat,final,1.6389,1.4687,25,1,,593.88
98233c8f23e87895,C:\Users\USER\lpopt_work\kit_frontier\runs\intervention_wave_r1\intervention_E1E2_f109\master_work\worker_06\98233c8f23e87895__MAS_RST.APRQ_11_0615.8-c1539a4426-crcqynh9,final,1.6512,1.482,25,1,,593.442
9dfe4510ab966302,C:\Users\USER\lpopt_work\kit_frontier\runs\intervention_wave_r1\intervention_E1E2_f109\master_work\worker_06\9dfe4510ab966302__MAS_RST.APRQ_11_0615.8-acfd9a3f5e-8_zirqw7,final,1.5943,1.437,25,1,,594.119
ac5d3937c0569116,C:\Users\USER\lpopt_work\kit_frontier\runs\intervention_wave_r1\intervention_E1E2_f109\master_work\worker_06\ac5d3937c0569116__MAS_RST.APRQ_11_0615.8-f9b10ca0e3-14n4la7o,final,1.6377,1.4695,25,1,,593.386
bdfa120a665962c7,C:\Users\USER\lpopt_work\kit_frontier\runs\intervention_wave_r1\intervention_E1E2_f109\master_work\worker_06\bdfa120a665962c7__MAS_RST.APRQ_11_0615.8-19229bde63-dbstc0xp,final,1.6647,1.4933,25,1,,592.743
c78603ba8424431c,C:\Users\USER\lpopt_work\kit_frontier\runs\intervention_wave_r1\intervention_E1E2_f109\master_work\worker_06\c78603ba8424431c__MAS_RST.APRQ_11_0615.8-63920c9a23-_i0bbud9,final,1.6353,1.4656,25,1,,593.288
d604ed5334a85976,C:\Users\USER\lpopt_work\kit_frontier\runs\intervention_wave_r1\intervention_E1E2_f109\master_work\worker_06\d604ed5334a85976__MAS_RST.APRQ_11_0615.8-7a1b06f774-16m4fwbh,final,1.6214,1.4678,25,1,,594.118
d98f79799109d06e,C:\Users\USER\lpopt_work\kit_frontier\runs\intervention_wave_r1\intervention_E1E2_f109\master_work\worker_06\d98f79799109d06e__MAS_RST.APRQ_11_0615.8-65d3702e2d-3v2ze7fc,final,1.6414,1.4718,25,1,,593.142
db8db6bd325e5c1e,C:\Users\USER\lpopt_work\kit_frontier\runs\intervention_wave_r1\intervention_E1E2_f109\master_work\worker_06\db8db6bd325e5c1e__MAS_RST.APRQ_11_0615.8-4128c5680d-_i79ad72,final,1.6475,1.4666,25,1,,593.346
e046ea05cd466671,C:\Users\USER\lpopt_work\kit_frontier\runs\intervention_wave_r1\intervention_E1E2_f109\master_work\worker_06\e046ea05cd466671__MAS_RST.APRQ_11_0615.8-af100d6e9e-6rrjdazr,final,1.6497,1.481,25,1,,593.579
e6c49941d3101534,C:\Users\USER\lpopt_work\kit_frontier\runs\intervention_wave_r1\intervention_E1E2_f109\master_work\worker_06\e6c49941d3101534__MAS_RST.APRQ_11_0615.8-ded9e584d8-2e_gztu2,final,1.6365,1.4675,25,1,,593.439
fbbdeadc5721d58e,C:\Users\USER\lpopt_work\kit_frontier\runs\intervention_wave_r1\intervention_E1E2_f109\master_work\worker_06\fbbdeadc5721d58e__MAS_RST.APRQ_11_0615.8-ed50926437-vqw3sghf,final,1.627,1.4707,25,1,,593.684
02a1a3bddb8beb4b,C:\Users\USER\lpopt_work\kit_frontier\runs\intervention_wave_r1\intervention_E1E2_f109\master_work\worker_07\02a1a3bddb8beb4b__MAS_RST.APRQ_11_0615.8-8d374f00c7-dcju4o0a,final,1.617,1.4516,25,1,,594.017
0825265f6f641ab4,C:\Users\USER\lpopt_work\kit_frontier\runs\intervention_wave_r1\intervention_E1E2_f109\master_work\worker_07\0825265f6f641ab4__MAS_RST.APRQ_11_0615.8-a025a0345b-88lhtu51,final,1.646,1.4279,25,1,,593.752
0bcbe13890735a1b,C:\Users\USER\lpopt_work\kit_frontier\runs\intervention_wave_r1\intervention_E1E2_f109\master_work\worker_07\0bcbe13890735a1b__MAS_RST.APRQ_11_0615.8-02f81b6c01-db1a0m6c,final,1.644,1.4752,25,1,,593.308
10de1b65ae8450c8,C:\Users\USER\lpopt_work\kit_frontier\runs\intervention_wave_r1\intervention_E1E2_f109\master_work\worker_07\10de1b65ae8450c8__MAS_RST.APRQ_11_0615.8-cb6592968c-iilpxdc2,final,1.6246,1.4573,25,1,,593.693
16267999c083d0c9,C:\Users\USER\lpopt_work\kit_frontier\runs\intervention_wave_r1\intervention_E1E2_f109\master_work\worker_07\16267999c083d0c9__MAS_RST.APRQ_11_0615.8-ca2b081e00-wiyp3g_5,final,1.6212,1.4577,25,1,,593.744
278c47bfb6000622,C:\Users\USER\lpopt_work\kit_frontier\runs\intervention_wave_r1\intervention_E1E2_f109\master_work\worker_07\278c47bfb6000622__MAS_RST.APRQ_11_0615.8-e238142cb3-b858fzx0,final,1.6515,1.4918,25,1,,594.791
2e701d734c1ac938,C:\Users\USER\lpopt_work\kit_frontier\runs\intervention_wave_r1\intervention_E1E2_f109\master_work\worker_07\2e701d734c1ac938__MAS_RST.APRQ_11_0615.8-d60876505a-61kp8jeh,final,1.6472,1.4507,25,1,,594.315
4758894a969e3fb7,C:\Users\USER\lpopt_work\kit_frontier\runs\intervention_wave_r1\intervention_E1E2_f109\master_work\worker_07\4758894a969e3fb7__MAS_RST.APRQ_11_0615.8-4eef2960a8-r103avsy,final,1.63,1.4612,25,1,,594.288
4775fe7f6161a9c0,C:\Users\USER\lpopt_work\kit_frontier\runs\intervention_wave_r1\intervention_E1E2_f109\master_work\worker_07\4775fe7f6161a9c0__MAS_RST.APRQ_11_0615.8-e4d3d5a5b9-xki2_b2m,final,1.6337,1.4673,25,1,,594.048
4a2781cd289a989f,C:\Users\USER\lpopt_work\kit_frontier\runs\intervention_wave_r1\intervention_E1E2_f109\master_work\worker_07\4a2781cd289a989f__MAS_RST.APRQ_11_0615.8-a894d0bef6-4mgcsigu,final,1.6207,1.4557,25,1,,594.515
61fe567161c49d50,C:\Users\USER\lpopt_work\kit_frontier\runs\intervention_wave_r1\intervention_E1E2_f109\master_work\worker_07\61fe567161c49d50__MAS_RST.APRQ_11_0615.8-47e77459cf-i_5u2kvr,final,1.6518,1.4527,25,1,,594.254
65283950eafa5419,C:\Users\USER\lpopt_work\kit_frontier\runs\intervention_wave_r1\intervention_E1E2_f109\master_work\worker_07\65283950eafa5419__MAS_RST.APRQ_11_0615.8-12abac38ea-zdquddzg,final,1.6181,1.4557,25,1,,594.355
6877ff29da92d80d,C:\Users\USER\lpopt_work\kit_frontier\runs\intervention_wave_r1\intervention_E1E2_f109\master_work\worker_07\6877ff29da92d80d__MAS_RST.APRQ_11_0615.8-7122e74020-q6pp2njk,final,1.5877,1.4245,25,1,,594.642
819ea93c206f9584,C:\Users\USER\lpopt_work\kit_frontier\runs\intervention_wave_r1\intervention_E1E2_f109\master_work\worker_07\819ea93c206f9584__MAS_RST.APRQ_11_0615.8-9f5742722c-t0n0pasr,final,1.6218,1.4547,25,1,,593.61
86fa50530449fb38,C:\Users\USER\lpopt_work\kit_frontier\runs\intervention_wave_r1\intervention_E1E2_f109\master_work\worker_07\86fa50530449fb38__MAS_RST.APRQ_11_0615.8-ff33a75959-suws597k,final,1.6178,1.4511,25,1,,593.954
9c7214e318d5db0a,C:\Users\USER\lpopt_work\kit_frontier\runs\intervention_wave_r1\intervention_E1E2_f109\master_work\worker_07\9c7214e318d5db0a__MAS_RST.APRQ_11_0615.8-6ea42bf4d9-z5n0lqvp,final,1.6376,1.4704,25,1,,594.033
df50f249f6a8829d,C:\Users\USER\lpopt_work\kit_frontier\runs\intervention_wave_r1\intervention_E1E2_f109\master_work\worker_07\df50f249f6a8829d__MAS_RST.APRQ_11_0615.8-f58eac2deb-f5vd0t50,final,1.6787,1.4568,25,1,,594.317
e2f5b57386f2f159,C:\Users\USER\lpopt_work\kit_frontier\runs\intervention_wave_r1\intervention_E1E2_f109\master_work\worker_07\e2f5b57386f2f159__MAS_RST.APRQ_11_0615.8-fc7e86da41-3ivs9dhw,final,1.6398,1.4346,25,1,,594.754
f02a14e59a1179ea,C:\Users\USER\lpopt_work\kit_frontier\runs\intervention_wave_r1\intervention_E1E2_f109\master_work\worker_07\f02a14e59a1179ea__MAS_RST.APRQ_11_0615.8-1edb0dde2e-aumaiy_z,final,1.621,1.452,25,1,,594.42
f54dad0344db52d8,C:\Users\USER\lpopt_work\kit_frontier\runs\intervention_wave_r1\intervention_E1E2_f109\master_work\worker_07\f54dad0344db52d8__MAS_RST.APRQ_11_0615.8-ad9a63074a-tekjm_jc,final,1.6217,1.4559,25,1,,594.087
1ffc4d49256ca1ca,C:\Users\USER\lpopt_work\kit_frontier\runs\intervention_wave_r1\intervention_E1E2_f121\master_work\worker_00\1ffc4d49256ca1ca__MAS_RST.APRQ_11_0635.1-42e5d10360-j4ymjxna,final,1.7154,1.4542,27,1,,637.831
20b2b5bffc1ecaf0,C:\Users\USER\lpopt_work\kit_frontier\runs\intervention_wave_r1\intervention_E1E2_f121\master_work\worker_00\20b2b5bffc1ecaf0__MAS_RST.APRQ_11_0635.1-8ab16d5545-4k5q9e53,final,1.7222,1.55,27,1,,634.145
2a878131ee0ff04a,C:\Users\USER\lpopt_work\kit_frontier\runs\intervention_wave_r1\intervention_E1E2_f121\master_work\worker_00\2a878131ee0ff04a__MAS_RST.APRQ_11_0635.1-5d3a5cf2a4-hiaoe0bu,final,1.692,1.5241,27,1,,634.404
3c6ad6c169a9aab2,C:\Users\USER\lpopt_work\kit_frontier\runs\intervention_wave_r1\intervention_E1E2_f121\master_work\worker_00\3c6ad6c169a9aab2__MAS_RST.APRQ_11_0635.1-1a70f4cff2-kh6zvhwb,final,1.6603,1.5096,27,1,,633.059
6246fde7cdcfdd8e,C:\Users\USER\lpopt_work\kit_frontier\runs\intervention_wave_r1\intervention_E1E2_f121\master_work\worker_00\6246fde7cdcfdd8e__MAS_RST.APRQ_11_0635.1-1ef5300ccd-2t22qk8z,final,1.7279,1.462,27,1,,637.219
6708b0d28d75c467,C:\Users\USER\lpopt_work\kit_frontier\runs\intervention_wave_r1\intervention_E1E2_f121\master_work\worker_00\6708b0d28d75c467__MAS_RST.APRQ_11_0635.1-0318002823-wg4cyf6c,final,1.7362,1.4831,27,1,,637.302
6779ea8526a716b3,C:\Users\USER\lpopt_work\kit_frontier\runs\intervention_wave_r1\intervention_E1E2_f121\master_work\worker_00\6779ea8526a716b3__MAS_RST.APRQ_11_0635.1-4d0f3358f9-4ojwaz18,final,1.6605,1.4911,27,1,,631.573
6a418ca03474f4b9,C:\Users\USER\lpopt_work\kit_frontier\runs\intervention_wave_r1\intervention_E1E2_f121\master_work\worker_00\6a418ca03474f4b9__MAS_RST.APRQ_11_0635.1-1332331e87-kskf664h,final,1.6109,1.4586,27,1,,632.909
71b36e87a0b3180f,C:\Users\USER\lpopt_work\kit_frontier\runs\intervention_wave_r1\intervention_E1E2_f121\master_work\worker_00\71b36e87a0b3180f__MAS_RST.APRQ_11_0635.1-ebde94d224-uqb_fuog,final,1.7332,1.4639,27,1,,635.644
7e5344dcbb85d466,C:\Users\USER\lpopt_work\kit_frontier\runs\intervention_wave_r1\intervention_E1E2_f121\master_work\worker_00\7e5344dcbb85d466__MAS_RST.APRQ_11_0635.1-caae9e1aaf-plihjsfv,final,1.7418,1.4699,27,1,,637.894
977bd9a8766ae6a3,C:\Users\USER\lpopt_work\kit_frontier\runs\intervention_wave_r1\intervention_E1E2_f121\master_work\worker_00\977bd9a8766ae6a3__MAS_RST.APRQ_11_0635.1-390a7c62c4-cwi2w3ke,final,1.617,1.4531,27,1,,632.668
af37e36bd7646627,C:\Users\USER\lpopt_work\kit_frontier\runs\intervention_wave_r1\intervention_E1E2_f121\master_work\worker_00\af37e36bd7646627__MAS_RST.APRQ_11_0635.1-11c3eb4717-j4p12l6k,final,1.7379,1.4753,27,1,,635.723
b2ec2578e3f65e21,C:\Users\USER\lpopt_work\kit_frontier\runs\intervention_wave_r1\intervention_E1E2_f121\master_work\worker_00\b2ec2578e3f65e21__MAS_RST.APRQ_11_0635.1-600a3380bc-i_lk34_t,final,1.7031,1.4462,27,1,,636.278
b62fedb1ee953af9,C:\Users\USER\lpopt_work\kit_frontier\runs\intervention_wave_r1\intervention_E1E2_f121\master_work\worker_00\b62fedb1ee953af9__MAS_RST.APRQ_11_0635.1-071a0e17ef-xljex_lp,final,1.6992,1.5322,27,1,,634.486
c1ff493c35de27e8,C:\Users\USER\lpopt_work\kit_frontier\runs\intervention_wave_r1\intervention_E1E2_f121\master_work\worker_00\c1ff493c35de27e8__MAS_RST.APRQ_11_0635.1-641bf53fe5-sf_dzcuy,final,1.688,1.5209,27,1,,635.661
c6ccfafccde318d1,C:\Users\USER\lpopt_work\kit_frontier\runs\intervention_wave_r1\intervention_E1E2_f121\master_work\worker_00\c6ccfafccde318d1__MAS_RST.APRQ_11_0635.1-0e77ad7707-x9k4vh3n,final,1.6974,1.4395,27,1,,636.116
d609e7f3d977cd84,C:\Users\USER\lpopt_work\kit_frontier\runs\intervention_wave_r1\intervention_E1E2_f121\master_work\worker_00\d609e7f3d977cd84__MAS_RST.APRQ_11_0635.1-19ae40c6b3-i555zqh4,final,1.665,1.4983,27,1,,635.419
d82e21fd6e412179,C:\Users\USER\lpopt_work\kit_frontier\runs\intervention_wave_r1\intervention_E1E2_f121\master_work\worker_00\d82e21fd6e412179__MAS_RST.APRQ_11_0635.1-6fbf0e659c-ntaj8j_s,final,1.652,1.4881,27,1,,633.086
e95acce882e294f8,C:\Users\USER\lpopt_work\kit_frontier\runs\intervention_wave_r1\intervention_E1E2_f121\master_work\worker_00\e95acce882e294f8__MAS_RST.APRQ_11_0635.1-9eac0d1ff7-_stqf07v,final,1.6556,1.4088,27,1,,638.481
f2b09228fd5aed5e,C:\Users\USER\lpopt_work\kit_frontier\runs\intervention_wave_r1\intervention_E1E2_f121\master_work\worker_00\f2b09228fd5aed5e__MAS_RST.APRQ_11_0635.1-980ec652e0-9tapamla,final,1.6771,1.507,27,1,,636.879
0bbf7a0bbd4577a5,C:\Users\USER\lpopt_work\kit_frontier\runs\intervention_wave_r1\intervention_E1E2_f121\master_work\worker_01\0bbf7a0bbd4577a5__MAS_RST.APRQ_11_0635.1-15af81eb2a-7b51_f9u,final,1.5669,1.4082,27,1,,638.104
0d44b33a4d4fae44,C:\Users\USER\lpopt_work\kit_frontier\runs\intervention_wave_r1\intervention_E1E2_f121\master_work\worker_01\0d44b33a4d4fae44__MAS_RST.APRQ_11_0635.1-c96958c36d-dr3fd6sr,final,1.5982,1.4474,27,1,,636.91
2ba7abf113dd9aa5,C:\Users\USER\lpopt_work\kit_frontier\runs\intervention_wave_r1\intervention_E1E2_f121\master_work\worker_01\2ba7abf113dd9aa5__MAS_RST.APRQ_11_0635.1-b399a24be0-dks0vnah,final,1.5619,1.4032,27,1,,638.47
2e15e5cc3f6d1ca8,C:\Users\USER\lpopt_work\kit_frontier\runs\intervention_wave_r1\intervention_E1E2_f121\master_work\worker_01\2e15e5cc3f6d1ca8__MAS_RST.APRQ_11_0635.1-04923e6468-8vetsm1e,final,1.5732,1.4013,27,1,,636.27
2e78679bc5bd75af,C:\Users\USER\lpopt_work\kit_frontier\runs\intervention_wave_r1\intervention_E1E2_f121\master_work\worker_01\2e78679bc5bd75af__MAS_RST.APRQ_11_0635.1-cf1b89d7ea-f98rt01l,final,1.6218,1.4605,27,1,,632.555
38152858ee4336c0,C:\Users\USER\lpopt_work\kit_frontier\runs\intervention_wave_r1\intervention_E1E2_f121\master_work\worker_01\38152858ee4336c0__MAS_RST.APRQ_11_0635.1-ccfa687e5c-2ua1eaig,final,1.6512,1.4822,27,1,,631.048
4e5f473e0a384fef,C:\Users\USER\lpopt_work\kit_frontier\runs\intervention_wave_r1\intervention_E1E2_f121\master_work\worker_01\4e5f473e0a384fef__MAS_RST.APRQ_11_0635.1-794a55dc97-noxck9u6,final,1.6128,1.4551,27,1,,636.276
6c201d59670307a1,C:\Users\USER\lpopt_work\kit_frontier\runs\intervention_wave_r1\intervention_E1E2_f121\master_work\worker_01\6c201d59670307a1__MAS_RST.APRQ_11_0635.1-c4ecc248b0-wrhtvlov,final,1.6441,1.4835,27,1,,632.821
8911f59b5bd42ff0,C:\Users\USER\lpopt_work\kit_frontier\runs\intervention_wave_r1\intervention_E1E2_f121\master_work\worker_01\8911f59b5bd42ff0__MAS_RST.APRQ_11_0635.1-174cd10697-115nm9e1,final,1.5878,1.4083,27,1,,633.143
89b74e4b933bc5a3,C:\Users\USER\lpopt_work\kit_frontier\runs\intervention_wave_r1\intervention_E1E2_f121\master_work\worker_01\89b74e4b933bc5a3__MAS_RST.APRQ_11_0635.1-e1c4facb48-tl9ofuuy,final,1.5943,1.4376,27,1,,639.119
9754b5bcbfa6e3a6,C:\Users\USER\lpopt_work\kit_frontier\runs\intervention_wave_r1\intervention_E1E2_f121\master_work\worker_01\9754b5bcbfa6e3a6__MAS_RST.APRQ_11_0635.1-80a6f23694-9u_qw_o_,final,1.5528,1.3953,27,1,,638.568
9d666d12e717bb9b,C:\Users\USER\lpopt_work\kit_frontier\runs\intervention_wave_r1\intervention_E1E2_f121\master_work\worker_01\9d666d12e717bb9b__MAS_RST.APRQ_11_0635.1-22d7dc4052-mjefcx6f,final,1.5707,1.3986,27,1,,635.013
9d7d0878a6b7b862,C:\Users\USER\lpopt_work\kit_frontier\runs\intervention_wave_r1\intervention_E1E2_f121\master_work\worker_01\9d7d0878a6b7b862__MAS_RST.APRQ_11_0635.1-3acfdda410-201_9y94,final,1.6387,1.4814,27,1,,638.085
af140ac2099d3042,C:\Users\USER\lpopt_work\kit_frontier\runs\intervention_wave_r1\intervention_E1E2_f121\master_work\worker_01\af140ac2099d3042__MAS_RST.APRQ_11_0635.1-55b07b6417-fvn2dup9,final,1.6252,1.4602,27,1,,632.605
c65e88a034e46abc,C:\Users\USER\lpopt_work\kit_frontier\runs\intervention_wave_r1\intervention_E1E2_f121\master_work\worker_01\c65e88a034e46abc__MAS_RST.APRQ_11_0635.1-cb3cc3b089-73osjpw6,final,1.6971,1.4434,27,1,,637.09
c8662053aa4620ea,C:\Users\USER\lpopt_work\kit_frontier\runs\intervention_wave_r1\intervention_E1E2_f121\master_work\worker_01\c8662053aa4620ea__MAS_RST.APRQ_11_0635.1-2e1df5eae9-o_yva_qz,final,1.6237,1.4254,27,1,,635.664
d7c800c51f16cc17,C:\Users\USER\lpopt_work\kit_frontier\runs\intervention_wave_r1\intervention_E1E2_f121\master_work\worker_01\d7c800c51f16cc17__MAS_RST.APRQ_11_0635.1-954375e1d5-yhk3yq9x,final,1.5753,1.4173,27,1,,636.708
ded99017f5b10869,C:\Users\USER\lpopt_work\kit_frontier\runs\intervention_wave_r1\intervention_E1E2_f121\master_work\worker_01\ded99017f5b10869__MAS_RST.APRQ_11_0635.1-a6bbe38014-ub20a1c9,final,1.6041,1.4454,27,1,,637.075
f5b7a29381e1590b,C:\Users\USER\lpopt_work\kit_frontier\runs\intervention_wave_r1\intervention_E1E2_f121\master_work\worker_01\f5b7a29381e1590b__MAS_RST.APRQ_11_0635.1-f0bb23dcae-zs3xc8p9,final,1.5809,1.4098,27,1,,635.058
fbd24ae867e91ce5,C:\Users\USER\lpopt_work\kit_frontier\runs\intervention_wave_r1\intervention_E1E2_f121\master_work\worker_01\fbd24ae867e91ce5__MAS_RST.APRQ_11_0635.1-706ab89976-t509il9m,final,1.5885,1.419,27,1,,634.674
0b5271b56162806a,C:\Users\USER\lpopt_work\kit_frontier\runs\intervention_wave_r1\intervention_E1E2_f121\master_work\worker_02\0b5271b56162806a__MAS_RST.APRQ_11_0635.1-dcf7e86a4e-9ph00b8i,final,1.5783,1.4156,27,1,,637.943
29faf47e38628417,C:\Users\USER\lpopt_work\kit_frontier\runs\intervention_wave_r1\intervention_E1E2_f121\master_work\worker_02\29faf47e38628417__MAS_RST.APRQ_11_0635.1-d6046b9ecb-8bnq7l7x,final,1.5763,1.4045,27,1,,637.374
31c62b9ad1835bd5,C:\Users\USER\lpopt_work\kit_frontier\runs\intervention_wave_r1\intervention_E1E2_f121\master_work\worker_02\31c62b9ad1835bd5__MAS_RST.APRQ_11_0635.1-7e6526a409-s72mrha8,final,1.5844,1.422,27,1,,635.985
3d4d7de3c1cb9cab,C:\Users\USER\lpopt_work\kit_frontier\runs\intervention_wave_r1\intervention_E1E2_f121\master_work\worker_02\3d4d7de3c1cb9cab__MAS_RST.APRQ_11_0635.1-03dc425a7b-yc2ypkrj,final,1.5989,1.4213,27,1,,635.657
46cbe9c68c6581d0,C:\Users\USER\lpopt_work\kit_frontier\runs\intervention_wave_r1\intervention_E1E2_f121\master_work\worker_02\46cbe9c68c6581d0__MAS_RST.APRQ_11_0635.1-a1de2951d4-bge5afbn,final,1.7037,1.5353,27,1,,632.084
567adc88d430f4c5,C:\Users\USER\lpopt_work\kit_frontier\runs\intervention_wave_r1\intervention_E1E2_f121\master_work\worker_02\567adc88d430f4c5__MAS_RST.APRQ_11_0635.1-6615ef8e99-ihx24o_3,final,1.6173,1.4435,27,1,,634.437
5c7693b6a40a3ee3,C:\Users\USER\lpopt_work\kit_frontier\runs\intervention_wave_r1\intervention_E1E2_f121\master_work\worker_02\5c7693b6a40a3ee3__MAS_RST.APRQ_11_0635.1-8306254de7-hi1g0nl4,final,1.5774,1.4124,27,1,,637.139
5d6d711005ca9435,C:\Users\USER\lpopt_work\kit_frontier\runs\intervention_wave_r1\intervention_E1E2_f121\master_work\worker_02\5d6d711005ca9435__MAS_RST.APRQ_11_0635.1-b7186967e4-124ij2gj,final,1.6072,1.4381,27,1,,635.307
5f8ad79bd64449ea,C:\Users\USER\lpopt_work\kit_frontier\runs\intervention_wave_r1\intervention_E1E2_f121\master_work\worker_02\5f8ad79bd64449ea__MAS_RST.APRQ_11_0635.1-f4ea465ec8-f4lgrsl8,final,1.5775,1.4145,27,1,,637.655
8c13c9376b09a4b0,C:\Users\USER\lpopt_work\kit_frontier\runs\intervention_wave_r1\intervention_E1E2_f121\master_work\worker_02\8c13c9376b09a4b0__MAS_RST.APRQ_11_0635.1-2f937c63f0-z9psr478,final,1.5834,1.4194,27,1,,635.309
96816e236421fd76,C:\Users\USER\lpopt_work\kit_frontier\runs\intervention_wave_r1\intervention_E1E2_f121\master_work\worker_02\96816e236421fd76__MAS_RST.APRQ_11_0635.1-80a4434f86-kzk_jy0x,final,1.6002,1.4382,27,1,,634.145
9fac4a6c78d9fa63,C:\Users\USER\lpopt_work\kit_frontier\runs\intervention_wave_r1\intervention_E1E2_f121\master_work\worker_02\9fac4a6c78d9fa63__MAS_RST.APRQ_11_0635.1-ee2212045f-2bfinr2z,final,1.7884,1.6047,27,1,,632.316
bfd6940713ca6608,C:\Users\USER\lpopt_work\kit_frontier\runs\intervention_wave_r1\intervention_E1E2_f121\master_work\worker_02\bfd6940713ca6608__MAS_RST.APRQ_11_0635.1-cc496e8663-fh2f0_08,final,1.5817,1.4268,27,1,,633.404
c74438225bf8af71,C:\Users\USER\lpopt_work\kit_frontier\runs\intervention_wave_r1\intervention_E1E2_f121\master_work\worker_02\c74438225bf8af71__MAS_RST.APRQ_11_0635.1-4bbfbf5316-xti2p7h4,final,1.6064,1.4358,27,1,,634.368
c973becc1412d202,C:\Users\USER\lpopt_work\kit_frontier\runs\intervention_wave_r1\intervention_E1E2_f121\master_work\worker_02\c973becc1412d202__MAS_RST.APRQ_11_0635.1-b54363a58b-f6fdxzoj,final,1.5334,1.3673,27,1,,638.126
d1fc14bd1f134d30,C:\Users\USER\lpopt_work\kit_frontier\runs\intervention_wave_r1\intervention_E1E2_f121\master_work\worker_02\d1fc14bd1f134d30__MAS_RST.APRQ_11_0635.1-0f38cc3d4a-qubx58gu,final,1.6154,1.4422,27,1,,635.604
d226e8d0e8b1af23,C:\Users\USER\lpopt_work\kit_frontier\runs\intervention_wave_r1\intervention_E1E2_f121\master_work\worker_02\d226e8d0e8b1af23__MAS_RST.APRQ_11_0635.1-c7173c7878-a4c6v8a0,final,1.6973,1.5226,27,1,,632.872
d9d7bc92c5d51153,C:\Users\USER\lpopt_work\kit_frontier\runs\intervention_wave_r1\intervention_E1E2_f121\master_work\worker_02\d9d7bc92c5d51153__MAS_RST.APRQ_11_0635.1-ab4dc1c415-jqhhcnt8,final,1.6117,1.4392,27,1,,636.702
dee666fe117afd18,C:\Users\USER\lpopt_work\kit_frontier\runs\intervention_wave_r1\intervention_E1E2_f121\master_work\worker_02\dee666fe117afd18__MAS_RST.APRQ_11_0635.1-55e43de711-ub3wb_yn,final,1.6084,1.4342,27,1,,635.658
e4214fde9544febe,C:\Users\USER\lpopt_work\kit_frontier\runs\intervention_wave_r1\intervention_E1E2_f121\master_work\worker_02\e4214fde9544febe__MAS_RST.APRQ_11_0635.1-48836b34ac-dilefs4a,final,1.8105,1.6309,27,1,,632.347
06f4b4d33b9bbe00,C:\Users\USER\lpopt_work\kit_frontier\runs\intervention_wave_r1\intervention_E1E2_f121\master_work\worker_03\06f4b4d33b9bbe00__MAS_RST.APRQ_11_0635.1-2530fa4956-smfgxnzd,final,1.7094,1.5221,27,1,,637.902
170e1e21ff7f6d0f,C:\Users\USER\lpopt_work\kit_frontier\runs\intervention_wave_r1\intervention_E1E2_f121\master_work\worker_03\170e1e21ff7f6d0f__MAS_RST.APRQ_11_0635.1-e9368fc26e-3f67r2gk,final,1.7566,1.575,27,1,,637.097
199a65dd4aabf074,C:\Users\USER\lpopt_work\kit_frontier\runs\intervention_wave_r1\intervention_E1E2_f121\master_work\worker_03\199a65dd4aabf074__MAS_RST.APRQ_11_0635.1-53d9f23393-gycp3a8y,final,1.7036,1.5173,27,1,,638.11
2a6c9328c8ef930d,C:\Users\USER\lpopt_work\kit_frontier\runs\intervention_wave_r1\intervention_E1E2_f121\master_work\worker_03\2a6c9328c8ef930d__MAS_RST.APRQ_11_0635.1-3aa5b0c36f-638sw9ke,final,1.7003,1.514,27,1,,635.056
2e3653f7fa0dd866,C:\Users\USER\lpopt_work\kit_frontier\runs\intervention_wave_r1\intervention_E1E2_f121\master_work\worker_03\2e3653f7fa0dd866__MAS_RST.APRQ_11_0635.1-69864dcfe1-avuamk4q,final,1.7266,1.5338,27,1,,636.586
31301fe40256fc9b,C:\Users\USER\lpopt_work\kit_frontier\runs\intervention_wave_r1\intervention_E1E2_f121\master_work\worker_03\31301fe40256fc9b__MAS_RST.APRQ_11_0635.1-afcf3e843b-x1as6vlm,final,1.6773,1.4869,27,1,,635.737
320e49f462c11ee8,C:\Users\USER\lpopt_work\kit_frontier\runs\intervention_wave_r1\intervention_E1E2_f121\master_work\worker_03\320e49f462c11ee8__MAS_RST.APRQ_11_0635.1-59cd9ad2d4-w8lzp22j,final,1.7317,1.5581,27,1,,638.54
45225caf133522cb,C:\Users\USER\lpopt_work\kit_frontier\runs\intervention_wave_r1\intervention_E1E2_f121\master_work\worker_03\45225caf133522cb__MAS_RST.APRQ_11_0635.1-461ab3682b-kvb432eh,final,1.7142,1.5265,27,1,,637.785
4a1fc800da65bf19,C:\Users\USER\lpopt_work\kit_frontier\runs\intervention_wave_r1\intervention_E1E2_f121\master_work\worker_03\4a1fc800da65bf19__MAS_RST.APRQ_11_0635.1-f1c2ff3838-sy3q_h59,final,1.6357,1.4663,27,1,,632.793
56b0760b4aa1ac8a,C:\Users\USER\lpopt_work\kit_frontier\runs\intervention_wave_r1\intervention_E1E2_f121\master_work\worker_03\56b0760b4aa1ac8a__MAS_RST.APRQ_11_0635.1-ed7c339313-er2o69j0,final,2.0269,1.8086,27,1,,631.22
57beb34d6692d725,C:\Users\USER\lpopt_work\kit_frontier\runs\intervention_wave_r1\intervention_E1E2_f121\master_work\worker_03\57beb34d6692d725__MAS_RST.APRQ_11_0635.1-72bc268fb1-ss9wu16c,final,1.7672,1.5764,27,1,,635.132
5b391c9b72f5772b,C:\Users\USER\lpopt_work\kit_frontier\runs\intervention_wave_r1\intervention_E1E2_f121\master_work\worker_03\5b391c9b72f5772b__MAS_RST.APRQ_11_0635.1-fb9e2c509c-x2sior4a,final,1.7046,1.5294,27,1,,634.478
5cfd0644d1f8bb3c,C:\Users\USER\lpopt_work\kit_frontier\runs\intervention_wave_r1\intervention_E1E2_f121\master_work\worker_03\5cfd0644d1f8bb3c__MAS_RST.APRQ_11_0635.1-93dac185ca-z15kg0f9,final,1.7071,1.519,27,1,,635.562
830cb2603ca20f5e,C:\Users\USER\lpopt_work\kit_frontier\runs\intervention_wave_r1\intervention_E1E2_f121\master_work\worker_03\830cb2603ca20f5e__MAS_RST.APRQ_11_0635.1-4c8c3b8421-dupqy6rx,final,1.6667,1.4755,27,1,,636.735
8b5aea793ff61b06,C:\Users\USER\lpopt_work\kit_frontier\runs\intervention_wave_r1\intervention_E1E2_f121\master_work\worker_03\8b5aea793ff61b06__MAS_RST.APRQ_11_0635.1-ad3cb4d149-7ybl5fgi,final,1.9749,1.7632,27,1,,630.405
9d925cb4bcf6cd0b,C:\Users\USER\lpopt_work\kit_frontier\runs\intervention_wave_r1\intervention_E1E2_f121\master_work\worker_03\9d925cb4bcf6cd0b__MAS_RST.APRQ_11_0635.1-a2512dca22-xwwh5y1c,final,1.6074,1.4459,27,1,,634.328
9e949f6b465ba3f3,C:\Users\USER\lpopt_work\kit_frontier\runs\intervention_wave_r1\intervention_E1E2_f121\master_work\worker_03\9e949f6b465ba3f3__MAS_RST.APRQ_11_0635.1-073aed926f-fii34g1s,final,1.7061,1.5192,27,1,,636.019
a1fb01ef2b244ff5,C:\Users\USER\lpopt_work\kit_frontier\runs\intervention_wave_r1\intervention_E1E2_f121\master_work\worker_03\a1fb01ef2b244ff5__MAS_RST.APRQ_11_0635.1-ad7c5e450c-6af1trae,final,1.6089,1.4553,27,1,,633.158
e28b7c1ba1622d38,C:\Users\USER\lpopt_work\kit_frontier\runs\intervention_wave_r1\intervention_E1E2_f121\master_work\worker_03\e28b7c1ba1622d38__MAS_RST.APRQ_11_0635.1-9e735019a2-tcelw4y0,final,1.681,1.4931,27,1,,635.547
f811d15826937035,C:\Users\USER\lpopt_work\kit_frontier\runs\intervention_wave_r1\intervention_E1E2_f121\master_work\worker_03\f811d15826937035__MAS_RST.APRQ_11_0635.1-9b0e0e9c61-sz109mde,final,1.7279,1.5547,27,1,,633.423
0a74d19fd1647a9b,C:\Users\USER\lpopt_work\kit_frontier\runs\intervention_wave_r1\intervention_E1E2_f121\master_work\worker_04\0a74d19fd1647a9b__MAS_RST.APRQ_11_0635.1-671da227a4-fmgt1p7w,final,1.9153,1.7275,27,1,,630.013
1b122761fc5c296a,C:\Users\USER\lpopt_work\kit_frontier\runs\intervention_wave_r1\intervention_E1E2_f121\master_work\worker_04\1b122761fc5c296a__MAS_RST.APRQ_11_0635.1-49d3710536-wt6nvair,final,1.6531,1.4859,27,1,,637.046
1c9087d35c863057,C:\Users\USER\lpopt_work\kit_frontier\runs\intervention_wave_r1\intervention_E1E2_f121\master_work\worker_04\1c9087d35c863057__MAS_RST.APRQ_11_0635.1-4c4a0007bf-sjpdid68,final,1.6885,1.5432,27,1,,633.079
1d8193de01197b45,C:\Users\USER\lpopt_work\kit_frontier\runs\intervention_wave_r1\intervention_E1E2_f121\master_work\worker_04\1d8193de01197b45__MAS_RST.APRQ_11_0635.1-398758a121-7214saav,final,1.56,1.4048,27,1,,637.663
1dacd4be6bf26932,C:\Users\USER\lpopt_work\kit_frontier\runs\intervention_wave_r1\intervention_E1E2_f121\master_work\worker_04\1dacd4be6bf26932__MAS_RST.APRQ_11_0635.1-9a7843bb59-6kpnl7ub,final,1.6504,1.4838,27,1,,635.892
240f470269d0f319,C:\Users\USER\lpopt_work\kit_frontier\runs\intervention_wave_r1\intervention_E1E2_f121\master_work\worker_04\240f470269d0f319__MAS_RST.APRQ_11_0635.1-59fa12db8e-m1bhynuj,final,1.635,1.4697,27,1,,634.666
4bd5460da3f93915,C:\Users\USER\lpopt_work\kit_frontier\runs\intervention_wave_r1\intervention_E1E2_f121\master_work\worker_04\4bd5460da3f93915__MAS_RST.APRQ_11_0635.1-04d89ad4ec-czi4jq14,final,1.6638,1.4878,27,1,,634.953
4ca4b09471c03fcb,C:\Users\USER\lpopt_work\kit_frontier\runs\intervention_wave_r1\intervention_E1E2_f121\master_work\worker_04\4ca4b09471c03fcb__MAS_RST.APRQ_11_0635.1-f8101446c9-gn95pv7m,final,1.5789,1.4431,27,1,,634.029
4cc956ed7fbcaefa,C:\Users\USER\lpopt_work\kit_frontier\runs\intervention_wave_r1\intervention_E1E2_f121\master_work\worker_04\4cc956ed7fbcaefa__MAS_RST.APRQ_11_0635.1-530b22e336-8t116r1u,final,1.6239,1.4639,27,1,,631.568
4dc99f9c3ccd1e81,C:\Users\USER\lpopt_work\kit_frontier\runs\intervention_wave_r1\intervention_E1E2_f121\master_work\worker_04\4dc99f9c3ccd1e81__MAS_RST.APRQ_11_0635.1-558c35e8e7-2a83t0mw,final,1.6539,1.4904,27,1,,634.882
58b9b49779bdd498,C:\Users\USER\lpopt_work\kit_frontier\runs\intervention_wave_r1\intervention_E1E2_f121\master_work\worker_04\58b9b49779bdd498__MAS_RST.APRQ_11_0635.1-fac630a141-lrtmhq6m,final,1.6597,1.4921,27,1,,636.982
6822c29ca1f1b644,C:\Users\USER\lpopt_work\kit_frontier\runs\intervention_wave_r1\intervention_E1E2_f121\master_work\worker_04\6822c29ca1f1b644__MAS_RST.APRQ_11_0635.1-11b6fd772f-ajmk0aih,final,1.6718,1.5064,27,1,,634.912
8fdc758252d87ea0,C:\Users\USER\lpopt_work\kit_frontier\runs\intervention_wave_r1\intervention_E1E2_f121\master_work\worker_04\8fdc758252d87ea0__MAS_RST.APRQ_11_0635.1-52cf04ff1d-k559ou8s,final,1.6547,1.4929,27,1,,635.134
a7785f95b3edaa9c,C:\Users\USER\lpopt_work\kit_frontier\runs\intervention_wave_r1\intervention_E1E2_f121\master_work\worker_04\a7785f95b3edaa9c__MAS_RST.APRQ_11_0635.1-47dbde58da-1m26gyw_,final,1.6593,1.4843,27,1,,633.894
c0ea85a1ed850f22,C:\Users\USER\lpopt_work\kit_frontier\runs\intervention_wave_r1\intervention_E1E2_f121\master_work\worker_04\c0ea85a1ed850f22__MAS_RST.APRQ_11_0635.1-eab5851f60-qhy1vohv,final,1.6361,1.4737,27,1,,633.592
cc290b251fb1f324,C:\Users\USER\lpopt_work\kit_frontier\runs\intervention_wave_r1\intervention_E1E2_f121\master_work\worker_04\cc290b251fb1f324__MAS_RST.APRQ_11_0635.1-f85c17c06d-8416oq2p,final,1.728,1.5533,27,1,,632.441
d89cd22a5243bb63,C:\Users\USER\lpopt_work\kit_frontier\runs\intervention_wave_r1\intervention_E1E2_f121\master_work\worker_04\d89cd22a5243bb63__MAS_RST.APRQ_11_0635.1-88bf1faa16-27n3hqae,final,1.6487,1.4824,27,1,,632.629
da82ca2a92ddf71b,C:\Users\USER\lpopt_work\kit_frontier\runs\intervention_wave_r1\intervention_E1E2_f121\master_work\worker_04\da82ca2a92ddf71b__MAS_RST.APRQ_11_0635.1-32ac14c644-3qf6n9pb,final,1.6346,1.4733,27,1,,636.542
e00d405a1a7c0ee5,C:\Users\USER\lpopt_work\kit_frontier\runs\intervention_wave_r1\intervention_E1E2_f121\master_work\worker_04\e00d405a1a7c0ee5__MAS_RST.APRQ_11_0635.1-9a17d35546-lwjq68l9,final,1.6021,1.4413,27,1,,635.041
ec65afb2a3c24c6a,C:\Users\USER\lpopt_work\kit_frontier\runs\intervention_wave_r1\intervention_E1E2_f121\master_work\worker_04\ec65afb2a3c24c6a__MAS_RST.APRQ_11_0635.1-9445acc65d-sj2_dyfb,final,1.6553,1.4883,27,1,,637.408
09b2049bea54bf9c,C:\Users\USER\lpopt_work\kit_frontier\runs\intervention_wave_r1\intervention_E1E2_f121\master_work\worker_05\09b2049bea54bf9c__MAS_RST.APRQ_11_0635.1-7fff04ea1a-ansp490m,final,1.8798,1.6792,27,1,,631.17
1f4c39095b7c017b,C:\Users\USER\lpopt_work\kit_frontier\runs\intervention_wave_r1\intervention_E1E2_f121\master_work\worker_05\1f4c39095b7c017b__MAS_RST.APRQ_11_0635.1-5959facd0d-f8i57rfe,final,1.7766,1.525,27,1,,633.96
30c065e592609a94,C:\Users\USER\lpopt_work\kit_frontier\runs\intervention_wave_r1\intervention_E1E2_f121\master_work\worker_05\30c065e592609a94__MAS_RST.APRQ_11_0635.1-efd87bff79-acca5g0a,final,1.9264,1.7694,27,1,,633.107
38cb128ec44b09ef,C:\Users\USER\lpopt_work\kit_frontier\runs\intervention_wave_r1\intervention_E1E2_f121\master_work\worker_05\38cb128ec44b09ef__MAS_RST.APRQ_11_0635.1-dcf565b355-r3mjph8v,final,1.6117,1.4085,27,1,,637.639
3b2ed4a879d6c8ea,C:\Users\USER\lpopt_work\kit_frontier\runs\intervention_wave_r1\intervention_E1E2_f121\master_work\worker_05\3b2ed4a879d6c8ea__MAS_RST.APRQ_11_0635.1-4b539d65bf-ihxi5enq,final,1.6454,1.4209,27,1,,636.96
40edecc9bd86ef47,C:\Users\USER\lpopt_work\kit_frontier\runs\intervention_wave_r1\intervention_E1E2_f121\master_work\worker_05\40edecc9bd86ef47__MAS_RST.APRQ_11_0635.1-d769ff195b-6vy_hr1j,final,1.6126,1.4035,27,1,,635.942
4b6ce51006109ed0,C:\Users\USER\lpopt_work\kit_frontier\runs\intervention_wave_r1\intervention_E1E2_f121\master_work\worker_05\4b6ce51006109ed0__MAS_RST.APRQ_11_0635.1-e952f820f9-mxz5vbvq,final,1.6869,1.4528,27,1,,635.916
50efd04fe1b75160,C:\Users\USER\lpopt_work\kit_frontier\runs\intervention_wave_r1\intervention_E1E2_f121\master_work\worker_05\50efd04fe1b75160__MAS_RST.APRQ_11_0635.1-ce4310305c-pjj9gfx4,final,1.6938,1.4901,27,1,,633.402
59931b3c825d5287,C:\Users\USER\lpopt_work\kit_frontier\runs\intervention_wave_r1\intervention_E1E2_f121\master_work\worker_05\59931b3c825d5287__MAS_RST.APRQ_11_0635.1-b9cb949b7a-s1tkcmuk,final,1.6141,1.4076,27,1,,635.557
5fdd3f01b08b9302,C:\Users\USER\lpopt_work\kit_frontier\runs\intervention_wave_r1\intervention_E1E2_f121\master_work\worker_05\5fdd3f01b08b9302__MAS_RST.APRQ_11_0635.1-b661711e15-wu42a0ji,final,1.6044,1.4206,27,1,,635.134
6504e79e426d2224,C:\Users\USER\lpopt_work\kit_frontier\runs\intervention_wave_r1\intervention_E1E2_f121\master_work\worker_05\6504e79e426d2224__MAS_RST.APRQ_11_0635.1-1d5552698f-5jx875lw,final,1.6137,1.4251,27,1,,634.202
6d920db1b5412745,C:\Users\USER\lpopt_work\kit_frontier\runs\intervention_wave_r1\intervention_E1E2_f121\master_work\worker_05\6d920db1b5412745__MAS_RST.APRQ_11_0635.1-7ab19f3d3a-s31dhbrf,final,1.6873,1.5186,27,1,,631.213
7b956c4700d025b6,C:\Users\USER\lpopt_work\kit_frontier\runs\intervention_wave_r1\intervention_E1E2_f121\master_work\worker_05\7b956c4700d025b6__MAS_RST.APRQ_11_0635.1-5f8f9dd5ed-wf4qx_qn,final,1.7213,1.5333,27,1,,633.239
813cc50b8fb7a03f,C:\Users\USER\lpopt_work\kit_frontier\runs\intervention_wave_r1\intervention_E1E2_f121\master_work\worker_05\813cc50b8fb7a03f__MAS_RST.APRQ_11_0635.1-201c68dce7-yycidv92,final,1.7681,1.5137,27,1,,634.395
9c4c87acdaa5c86d,C:\Users\USER\lpopt_work\kit_frontier\runs\intervention_wave_r1\intervention_E1E2_f121\master_work\worker_05\9c4c87acdaa5c86d__MAS_RST.APRQ_11_0635.1-1ea709ebd3-2do8w_pu,final,1.6351,1.4454,27,1,,636.816
c22c4badf7563e2f,C:\Users\USER\lpopt_work\kit_frontier\runs\intervention_wave_r1\intervention_E1E2_f121\master_work\worker_05\c22c4badf7563e2f__MAS_RST.APRQ_11_0635.1-adfbf19335-y_65jtxz,final,1.7377,1.4965,27,1,,635.258
d4e16d363019cbb8,C:\Users\USER\lpopt_work\kit_frontier\runs\intervention_wave_r1\intervention_E1E2_f121\master_work\worker_05\d4e16d363019cbb8__MAS_RST.APRQ_11_0635.1-666f847d06-oiphf78p,final,1.6836,1.525,27,1,,636.754
e59e4ad7715400a4,C:\Users\USER\lpopt_work\kit_frontier\runs\intervention_wave_r1\intervention_E1E2_f121\master_work\worker_05\e59e4ad7715400a4__MAS_RST.APRQ_11_0635.1-28171cecdb-pqz2ual3,final,1.6853,1.4883,27,1,,638.456
f0a39a89eebcab3b,C:\Users\USER\lpopt_work\kit_frontier\runs\intervention_wave_r1\intervention_E1E2_f121\master_work\worker_05\f0a39a89eebcab3b__MAS_RST.APRQ_11_0635.1-6aeccd6d5b-xlcha0oq,final,1.5979,1.4174,27,1,,637.602
f1f0023f0ac9a280,C:\Users\USER\lpopt_work\kit_frontier\runs\intervention_wave_r1\intervention_E1E2_f121\master_work\worker_05\f1f0023f0ac9a280__MAS_RST.APRQ_11_0635.1-e010f6cd72-tbrjxunt,final,1.6223,1.4428,27,1,,635.763
1d79ee4d92b9256e,C:\Users\USER\lpopt_work\kit_frontier\runs\intervention_wave_r1\intervention_E1E2_f121\master_work\worker_06\1d79ee4d92b9256e__MAS_RST.APRQ_11_0635.1-ae2728da77-h28keotp,final,1.6129,1.456,27,1,,632.867
1e6d7d216ba9b752,C:\Users\USER\lpopt_work\kit_frontier\runs\intervention_wave_r1\intervention_E1E2_f121\master_work\worker_06\1e6d7d216ba9b752__MAS_RST.APRQ_11_0635.1-ffe454df4a-l6mcz6qn,final,1.5604,1.3933,27,1,,636.324
3fbe3769cea06910,C:\Users\USER\lpopt_work\kit_frontier\runs\intervention_wave_r1\intervention_E1E2_f121\master_work\worker_06\3fbe3769cea06910__MAS_RST.APRQ_11_0635.1-15e3422733-j6js5qff,final,1.6626,1.4997,27,1,,631.826
41659ca3558724ab,C:\Users\USER\lpopt_work\kit_frontier\runs\intervention_wave_r1\intervention_E1E2_f121\master_work\worker_06\41659ca3558724ab__MAS_RST.APRQ_11_0635.1-77f6c7dac6-wlgyuiuz,final,1.5436,1.3841,27,1,,636.378
54de1f123414ae6b,C:\Users\USER\lpopt_work\kit_frontier\runs\intervention_wave_r1\intervention_E1E2_f121\master_work\worker_06\54de1f123414ae6b__MAS_RST.APRQ_11_0635.1-b6ff9b33ef-o3rm5zhz,final,1.5673,1.4126,27,1,,635.993
55afeba4900ddd6c,C:\Users\USER\lpopt_work\kit_frontier\runs\intervention_wave_r1\intervention_E1E2_f121\master_work\worker_06\55afeba4900ddd6c__MAS_RST.APRQ_11_0635.1-fe252b2d8d-2wb039nz,final,1.5687,1.4142,27,1,,635.536
5655cbe7f564a7b7,C:\Users\USER\lpopt_work\kit_frontier\runs\intervention_wave_r1\intervention_E1E2_f121\master_work\worker_06\5655cbe7f564a7b7__MAS_RST.APRQ_11_0635.1-a1270688e5-6c3rh2k6,final,1.5515,1.3948,27,1,,635.882
58e64f1754814005,C:\Users\USER\lpopt_work\kit_frontier\runs\intervention_wave_r1\intervention_E1E2_f121\master_work\worker_06\58e64f1754814005__MAS_RST.APRQ_11_0635.1-ca424eb1d7-223knn06,final,1.5381,1.3834,27,1,,639.09
5f8e5fd41c76e134,C:\Users\USER\lpopt_work\kit_frontier\runs\intervention_wave_r1\intervention_E1E2_f121\master_work\worker_06\5f8e5fd41c76e134__MAS_RST.APRQ_11_0635.1-72b0b257e9-e9slngzb,final,1.553,1.4001,27,1,,634.666
7a9f4663ed892616,C:\Users\USER\lpopt_work\kit_frontier\runs\intervention_wave_r1\intervention_E1E2_f121\master_work\worker_06\7a9f4663ed892616__MAS_RST.APRQ_11_0635.1-5a966a7522-nw2067rz,final,1.5643,1.409,27,1,,637.417
7cc16be997ed115b,C:\Users\USER\lpopt_work\kit_frontier\runs\intervention_wave_r1\intervention_E1E2_f121\master_work\worker_06\7cc16be997ed115b__MAS_RST.APRQ_11_0635.1-c70d0e7bf2-2yhf4fdh,final,1.5665,1.4194,27,1,,634.796
805ae17770e8f8ba,C:\Users\USER\lpopt_work\kit_frontier\runs\intervention_wave_r1\intervention_E1E2_f121\master_work\worker_06\805ae17770e8f8ba__MAS_RST.APRQ_11_0635.1-5567e12bfb-61fb_9wy,final,1.6476,1.4546,27,1,,633.521
85ad977a446c53d8,C:\Users\USER\lpopt_work\kit_frontier\runs\intervention_wave_r1\intervention_E1E2_f121\master_work\worker_06\85ad977a446c53d8__MAS_RST.APRQ_11_0635.1-2c785b61ce-aytt7ke6,final,1.6363,1.4725,27,1,,632.99
bb18b7e670688e7c,C:\Users\USER\lpopt_work\kit_frontier\runs\intervention_wave_r1\intervention_E1E2_f121\master_work\worker_06\bb18b7e670688e7c__MAS_RST.APRQ_11_0635.1-2ad20b7342-yrtm91r1,final,1.5313,1.3806,27,1,,634.706
cff02669460d7102,C:\Users\USER\lpopt_work\kit_frontier\runs\intervention_wave_r1\intervention_E1E2_f121\master_work\worker_06\cff02669460d7102__MAS_RST.APRQ_11_0635.1-2074e4f3ea-ewc4ofhl,final,1.6467,1.4856,27,1,,633.337
d9ffd2c625ad2b93,C:\Users\USER\lpopt_work\kit_frontier\runs\intervention_wave_r1\intervention_E1E2_f121\master_work\worker_06\d9ffd2c625ad2b93__MAS_RST.APRQ_11_0635.1-ba6dbadd72-yybeyagu,final,1.5556,1.3955,27,1,,637.559
ddd3703ba2cfa5cb,C:\Users\USER\lpopt_work\kit_frontier\runs\intervention_wave_r1\intervention_E1E2_f121\master_work\worker_06\ddd3703ba2cfa5cb__MAS_RST.APRQ_11_0635.1-07e90b4b25-pxv6vqcl,final,1.553,1.4015,27,1,,638.048
e37da741d9adede2,C:\Users\USER\lpopt_work\kit_frontier\runs\intervention_wave_r1\intervention_E1E2_f121\master_work\worker_06\e37da741d9adede2__MAS_RST.APRQ_11_0635.1-0496b9681f-d2bx72s2,final,1.5536,1.4019,27,1,,637.904
e69b326c72c764fc,C:\Users\USER\lpopt_work\kit_frontier\runs\intervention_wave_r1\intervention_E1E2_f121\master_work\worker_06\e69b326c72c764fc__MAS_RST.APRQ_11_0635.1-ccc72c11d1-_ubyx_ux,final,1.587,1.4142,27,1,,636.563
fca2af3667b52ea6,C:\Users\USER\lpopt_work\kit_frontier\runs\intervention_wave_r1\intervention_E1E2_f121\master_work\worker_06\fca2af3667b52ea6__MAS_RST.APRQ_11_0635.1-ee75e90610-yy759yc_,final,1.5526,1.3965,27,1,,636.871
076fbdf395b920db,C:\Users\USER\lpopt_work\kit_frontier\runs\intervention_wave_r1\intervention_E1E2_f121\master_work\worker_07\076fbdf395b920db__MAS_RST.APRQ_11_0635.1-1661f3d961-4m_rykgn,final,1.6469,1.4857,27,1,,632.763
1c1dee09f60eeaf3,C:\Users\USER\lpopt_work\kit_frontier\runs\intervention_wave_r1\intervention_E1E2_f121\master_work\worker_07\1c1dee09f60eeaf3__MAS_RST.APRQ_11_0635.1-4949f6a371-7mhfknt0,final,1.6297,1.4667,27,1,,632.129
224760360ab84beb,C:\Users\USER\lpopt_work\kit_frontier\runs\intervention_wave_r1\intervention_E1E2_f121\master_work\worker_07\224760360ab84beb__MAS_RST.APRQ_11_0635.1-295f9c18fe-r9i49fp6,final,1.5528,1.3884,27,1,,634.407
2920d3c0584c656b,C:\Users\USER\lpopt_work\kit_frontier\runs\intervention_wave_r1\intervention_E1E2_f121\master_work\worker_07\2920d3c0584c656b__MAS_RST.APRQ_11_0635.1-8dd0b57a03-h4lap3qt,final,1.6363,1.4546,27,1,,635.731
297c537000f8f5e3,C:\Users\USER\lpopt_work\kit_frontier\runs\intervention_wave_r1\intervention_E1E2_f121\master_work\worker_07\297c537000f8f5e3__MAS_RST.APRQ_11_0635.1-6cb3b30ee6-bdrt228z,final,1.5813,1.4056,27,1,,637.176
46cf6bc5de8f51f3,C:\Users\USER\lpopt_work\kit_frontier\runs\intervention_wave_r1\intervention_E1E2_f121\master_work\worker_07\46cf6bc5de8f51f3__MAS_RST.APRQ_11_0635.1-191978306c-ttdxm269,final,1.5733,1.4094,27,1,,636.108
4d98dca553740f9b,C:\Users\USER\lpopt_work\kit_frontier\runs\intervention_wave_r1\intervention_E1E2_f121\master_work\worker_07\4d98dca553740f9b__MAS_RST.APRQ_11_0635.1-240014b6bf-ruzuy7x4,final,1.5781,1.4151,27,1,,636.827
690799abfad95a5a,C:\Users\USER\lpopt_work\kit_frontier\runs\intervention_wave_r1\intervention_E1E2_f121\master_work\worker_07\690799abfad95a5a__MAS_RST.APRQ_11_0635.1-06a9926dba-ma2c3tzg,final,1.5967,1.4287,27,1,,635.409
6e8649fd95727e35,C:\Users\USER\lpopt_work\kit_frontier\runs\intervention_wave_r1\intervention_E1E2_f121\master_work\worker_07\6e8649fd95727e35__MAS_RST.APRQ_11_0635.1-693acb4365-gg6mr9kn,final,1.5563,1.3955,27,1,,635.637
80d4b8d657aa6229,C:\Users\USER\lpopt_work\kit_frontier\runs\intervention_wave_r1\intervention_E1E2_f121\master_work\worker_07\80d4b8d657aa6229__MAS_RST.APRQ_11_0635.1-3ff508a24f-q0ipyx_c,final,1.6035,1.4435,27,1,,637.222
83fef0039fe6ecb4,C:\Users\USER\lpopt_work\kit_frontier\runs\intervention_wave_r1\intervention_E1E2_f121\master_work\worker_07\83fef0039fe6ecb4__MAS_RST.APRQ_11_0635.1-335bcca788-uep5nwpl,final,1.5777,1.4182,27,1,,635.53
92ddec2660cf8d38,C:\Users\USER\lpopt_work\kit_frontier\runs\intervention_wave_r1\intervention_E1E2_f121\master_work\worker_07\92ddec2660cf8d38__MAS_RST.APRQ_11_0635.1-cd7c97e10e-shclau2d,final,1.5523,1.3755,27,1,,637.647
9a09522175dd9c2d,C:\Users\USER\lpopt_work\kit_frontier\runs\intervention_wave_r1\intervention_E1E2_f121\master_work\worker_07\9a09522175dd9c2d__MAS_RST.APRQ_11_0635.1-347ad6a610-3_1s81po,final,1.5975,1.4426,27,1,,635.348
a0177f38f0d96e9b,C:\Users\USER\lpopt_work\kit_frontier\runs\intervention_wave_r1\intervention_E1E2_f121\master_work\worker_07\a0177f38f0d96e9b__MAS_RST.APRQ_11_0635.1-cf038dff20-1s5lxf4s,final,1.5677,1.3919,27,1,,634.436
a3b31f1eeee755ea,C:\Users\USER\lpopt_work\kit_frontier\runs\intervention_wave_r1\intervention_E1E2_f121\master_work\worker_07\a3b31f1eeee755ea__MAS_RST.APRQ_11_0635.1-78727f6ef6-a5x_5gem,final,1.6053,1.4299,27,1,,636.073
ca8553b2bccfbd19,C:\Users\USER\lpopt_work\kit_frontier\runs\intervention_wave_r1\intervention_E1E2_f121\master_work\worker_07\ca8553b2bccfbd19__MAS_RST.APRQ_11_0635.1-ae7086db97-gfs7n6gk,final,1.5591,1.3989,27,1,,638.304
cb67b0081fdaded8,C:\Users\USER\lpopt_work\kit_frontier\runs\intervention_wave_r1\intervention_E1E2_f121\master_work\worker_07\cb67b0081fdaded8__MAS_RST.APRQ_11_0635.1-6b5ec3a221-jccwfo4v,final,1.6342,1.4687,27,1,,632.01
dfdeabb3b189f521,C:\Users\USER\lpopt_work\kit_frontier\runs\intervention_wave_r1\intervention_E1E2_f121\master_work\worker_07\dfdeabb3b189f521__MAS_RST.APRQ_11_0635.1-a285dddc2f-2q8udt4o,final,1.6892,1.5334,27,1,,631.274
efc5ce48a765b242,C:\Users\USER\lpopt_work\kit_frontier\runs\intervention_wave_r1\intervention_E1E2_f121\master_work\worker_07\efc5ce48a765b242__MAS_RST.APRQ_11_0635.1-1e926bd813-lfenog2s,final,1.5538,1.393,27,1,,632.821
fdc868fe24b318f6,C:\Users\USER\lpopt_work\kit_frontier\runs\intervention_wave_r1\intervention_E1E2_f121\master_work\worker_07\fdc868fe24b318f6__MAS_RST.APRQ_11_0635.1-cf94af9def-hepzgiqe,final,1.5798,1.4207,27,1,,637.647
0ea999534cc895d6,C:\Users\USER\lpopt_work\kit_frontier\runs\intervention_wave_r1\intervention_HGD569_f125\master_work\worker_00\0ea999534cc895d6__MAS_RST.APRQ_11_0705.0-a584b4150e-6vebd5y8,final,1.8243,1.5121,30,1,,768.834
15f685c5b93a774d,C:\Users\USER\lpopt_work\kit_frontier\runs\intervention_wave_r1\intervention_HGD569_f125\master_work\worker_00\15f685c5b93a774d__MAS_RST.APRQ_11_0705.0-efb8587c45-1koyqn0k,final,1.7831,1.556,30,1,,763.528
2d0a1187f8a896f2,C:\Users\USER\lpopt_work\kit_frontier\runs\intervention_wave_r1\intervention_HGD569_f125\master_work\worker_00\2d0a1187f8a896f2__MAS_RST.APRQ_11_0705.0-f04f1796be-elxbdkbh,final,1.8449,1.6496,30,1,,766.115
3b2111c1dec92004,C:\Users\USER\lpopt_work\kit_frontier\runs\intervention_wave_r1\intervention_HGD569_f125\master_work\worker_00\3b2111c1dec92004__MAS_RST.APRQ_11_0705.0-b0967d5f9c-fyh0qpan,final,1.8459,1.5382,30,1,,767.888
41dd8ecc6b7ac00e,C:\Users\USER\lpopt_work\kit_frontier\runs\intervention_wave_r1\intervention_HGD569_f125\master_work\worker_00\41dd8ecc6b7ac00e__MAS_RST.APRQ_11_0705.0-31c832b6e0-8646xxnj,final,1.918,1.5857,30,1,,769.772
4842abca58b12ece,C:\Users\USER\lpopt_work\kit_frontier\runs\intervention_wave_r1\intervention_HGD569_f125\master_work\worker_00\4842abca58b12ece__MAS_RST.APRQ_11_0705.0-877c707526-wpktnp7a,final,1.7778,1.4947,30,1,,767.792
554d0bbe5583f5b7,C:\Users\USER\lpopt_work\kit_frontier\runs\intervention_wave_r1\intervention_HGD569_f125\master_work\worker_00\554d0bbe5583f5b7__MAS_RST.APRQ_11_0705.0-c6404365d5-fbmz1v1r,final,1.7719,1.5435,30,1,,763.934
57251de3b786a98f,C:\Users\USER\lpopt_work\kit_frontier\runs\intervention_wave_r1\intervention_HGD569_f125\master_work\worker_00\57251de3b786a98f__MAS_RST.APRQ_11_0705.0-cd6dbf1f0b-n2_x1oaa,final,1.7546,1.4826,30,1,,766.132
5a44c90ebd237f55,C:\Users\USER\lpopt_work\kit_frontier\runs\intervention_wave_r1\intervention_HGD569_f125\master_work\worker_00\5a44c90ebd237f55__MAS_RST.APRQ_11_0705.0-26bd3a8c7f-76brc1fe,final,1.8197,1.5444,30,1,,765.756
5de6dab51cbeadf7,C:\Users\USER\lpopt_work\kit_frontier\runs\intervention_wave_r1\intervention_HGD569_f125\master_work\worker_00\5de6dab51cbeadf7__MAS_RST.APRQ_11_0705.0-45f364fc08-ev57rtnf,final,1.9065,1.5883,30,1,,765.036
5ed54bdc0e7934ee,C:\Users\USER\lpopt_work\kit_frontier\runs\intervention_wave_r1\intervention_HGD569_f125\master_work\worker_00\5ed54bdc0e7934ee__MAS_RST.APRQ_11_0705.0-2f39780788-7colncf0,final,1.7454,1.4752,30,1,,769.259
668ec6f3e2c3b0ce,C:\Users\USER\lpopt_work\kit_frontier\runs\intervention_wave_r1\intervention_HGD569_f125\master_work\worker_00\668ec6f3e2c3b0ce__MAS_RST.APRQ_11_0705.0-bfe4455b79-v3iht4ry,final,1.7473,1.4686,30,1,,767.293
73602222f9a027ed,C:\Users\USER\lpopt_work\kit_frontier\runs\intervention_wave_r1\intervention_HGD569_f125\master_work\worker_00\73602222f9a027ed__MAS_RST.APRQ_11_0705.0-875498819f-gq17peuz,final,1.7643,1.4748,30,1,,766.335
83b6c0e4d4c57b46,C:\Users\USER\lpopt_work\kit_frontier\runs\intervention_wave_r1\intervention_HGD569_f125\master_work\worker_00\83b6c0e4d4c57b46__MAS_RST.APRQ_11_0705.0-9007bbb946-nck67ahn,final,1.7385,1.4758,30,1,,766.101
92b4622442476d22,C:\Users\USER\lpopt_work\kit_frontier\runs\intervention_wave_r1\intervention_HGD569_f125\master_work\worker_00\92b4622442476d22__MAS_RST.APRQ_11_0705.0-14320aec39-g3h0n8cs,final,1.7569,1.4989,30,1,,766.181
bd1953c179c1a2c1,C:\Users\USER\lpopt_work\kit_frontier\runs\intervention_wave_r1\intervention_HGD569_f125\master_work\worker_00\bd1953c179c1a2c1__MAS_RST.APRQ_11_0705.0-267a76abdc-jcbq9lkq,final,1.7637,1.5035,30,1,,767.658
cc0f693d3e7441f9,C:\Users\USER\lpopt_work\kit_frontier\runs\intervention_wave_r1\intervention_HGD569_f125\master_work\worker_00\cc0f693d3e7441f9__MAS_RST.APRQ_11_0705.0-a809629768-3w_oequ3,final,1.7905,1.5628,30,1,,763.131
e87ca0b7aecf47cb,C:\Users\USER\lpopt_work\kit_frontier\runs\intervention_wave_r1\intervention_HGD569_f125\master_work\worker_00\e87ca0b7aecf47cb__MAS_RST.APRQ_11_0705.0-4d1ecf24aa-zr67xa81,final,1.8146,1.5422,30,1,,765.949
ecc7434a6258ea25,C:\Users\USER\lpopt_work\kit_frontier\runs\intervention_wave_r1\intervention_HGD569_f125\master_work\worker_00\ecc7434a6258ea25__MAS_RST.APRQ_11_0705.0-b7b7fb1bfa-099zh8eb,final,1.7575,1.4915,30,1,,766.283
f645ee0161bee4b0,C:\Users\USER\lpopt_work\kit_frontier\runs\intervention_wave_r1\intervention_HGD569_f125\master_work\worker_00\f645ee0161bee4b0__MAS_RST.APRQ_11_0705.0-4d3417b6fe-_xmx_2rc,final,1.9233,1.6081,30,1,,766.135
0aa02a85c59d89ff,C:\Users\USER\lpopt_work\kit_frontier\runs\intervention_wave_r1\intervention_HGD569_f125\master_work\worker_01\0aa02a85c59d89ff__MAS_RST.APRQ_11_0705.0-5e84407ffb-tniatrb1,final,1.7473,1.4686,30,1,,767.293
14ffd76d6dbceb64,C:\Users\USER\lpopt_work\kit_frontier\runs\intervention_wave_r1\intervention_HGD569_f125\master_work\worker_01\14ffd76d6dbceb64__MAS_RST.APRQ_11_0705.0-ecbabe247e-shnsxbpb,final,1.918,1.5857,30,1,,769.772
1bb7e41f3f8df310,C:\Users\USER\lpopt_work\kit_frontier\runs\intervention_wave_r1\intervention_HGD569_f125\master_work\worker_01\1bb7e41f3f8df310__MAS_RST.APRQ_11_0705.0-8f7a609c65-qne4206u,final,1.8459,1.5382,30,1,,767.888
2747cf84002c93a1,C:\Users\USER\lpopt_work\kit_frontier\runs\intervention_wave_r1\intervention_HGD569_f125\master_work\worker_01\2747cf84002c93a1__MAS_RST.APRQ_11_0705.0-aac888b148-ujwts9wp,final,1.7778,1.4947,30,1,,767.792
32950946ea7becd1,C:\Users\USER\lpopt_work\kit_frontier\runs\intervention_wave_r1\intervention_HGD569_f125\master_work\worker_01\32950946ea7becd1__MAS_RST.APRQ_11_0705.0-ec1d779584-ui4qhyr8,final,1.7575,1.4915,30,1,,766.283
4828608172fc2412,C:\Users\USER\lpopt_work\kit_frontier\runs\intervention_wave_r1\intervention_HGD569_f125\master_work\worker_01\4828608172fc2412__MAS_RST.APRQ_11_0705.0-29e2854360-vg2cmt87,final,1.7569,1.4989,30,1,,766.181
4f888f9b9472882b,C:\Users\USER\lpopt_work\kit_frontier\runs\intervention_wave_r1\intervention_HGD569_f125\master_work\worker_01\4f888f9b9472882b__MAS_RST.APRQ_11_0705.0-3ae58513ed-wemkczsh,final,1.7454,1.4752,30,1,,769.259
7e939e9400f98ca6,C:\Users\USER\lpopt_work\kit_frontier\runs\intervention_wave_r1\intervention_HGD569_f125\master_work\worker_01\7e939e9400f98ca6__MAS_RST.APRQ_11_0705.0-8f0dea24ff-p4wyvirc,final,1.7637,1.5035,30,1,,767.658
9e494482e12a5b03,C:\Users\USER\lpopt_work\kit_frontier\runs\intervention_wave_r1\intervention_HGD569_f125\master_work\worker_01\9e494482e12a5b03__MAS_RST.APRQ_11_0705.0-464f8792f1-png4dpxb,final,1.7905,1.5628,30,1,,763.131
a91ebb17887c9d95,C:\Users\USER\lpopt_work\kit_frontier\runs\intervention_wave_r1\intervention_HGD569_f125\master_work\worker_01\a91ebb17887c9d95__MAS_RST.APRQ_11_0705.0-9362c5be44-861019dw,final,1.9233,1.6081,30,1,,766.135
ae45b929e7af174a,C:\Users\USER\lpopt_work\kit_frontier\runs\intervention_wave_r1\intervention_HGD569_f125\master_work\worker_01\ae45b929e7af174a__MAS_RST.APRQ_11_0705.0-7928885d04-xlmcj3gk,final,1.7643,1.4748,30,1,,766.335
b63351b3eae1154f,C:\Users\USER\lpopt_work\kit_frontier\runs\intervention_wave_r1\intervention_HGD569_f125\master_work\worker_01\b63351b3eae1154f__MAS_RST.APRQ_11_0705.0-0922aac64a-cll5pbb6,final,1.8243,1.5121,30,1,,768.834
cc27c1372cea6e7e,C:\Users\USER\lpopt_work\kit_frontier\runs\intervention_wave_r1\intervention_HGD569_f125\master_work\worker_01\cc27c1372cea6e7e__MAS_RST.APRQ_11_0705.0-c97a1724b1-5yxenyxs,final,1.9065,1.5883,30,1,,765.036
d8f3c59fa1bd8060,C:\Users\USER\lpopt_work\kit_frontier\runs\intervention_wave_r1\intervention_HGD569_f125\master_work\worker_01\d8f3c59fa1bd8060__MAS_RST.APRQ_11_0705.0-31df9103b1-mu2cixkl,final,1.8449,1.6496,30,1,,766.115
dfd5aaa3d27c2b0f,C:\Users\USER\lpopt_work\kit_frontier\runs\intervention_wave_r1\intervention_HGD569_f125\master_work\worker_01\dfd5aaa3d27c2b0f__MAS_RST.APRQ_11_0705.0-ed4faf35bb-500_xax1,final,1.7719,1.5435,30,1,,763.934
e0de250cf83cb776,C:\Users\USER\lpopt_work\kit_frontier\runs\intervention_wave_r1\intervention_HGD569_f125\master_work\worker_01\e0de250cf83cb776__MAS_RST.APRQ_11_0705.0-28453d67ee-hx90alav,final,1.7546,1.4826,30,1,,766.132
e4473263a558fdfc,C:\Users\USER\lpopt_work\kit_frontier\runs\intervention_wave_r1\intervention_HGD569_f125\master_work\worker_01\e4473263a558fdfc__MAS_RST.APRQ_11_0705.0-9ca7fefd3e-mg79k327,final,1.7385,1.4758,30,1,,766.101
eb4042d572d587dd,C:\Users\USER\lpopt_work\kit_frontier\runs\intervention_wave_r1\intervention_HGD569_f125\master_work\worker_01\eb4042d572d587dd__MAS_RST.APRQ_11_0705.0-6ed08a3f35-76awj26p,final,1.7831,1.556,30,1,,763.528
ee6f5a5f04ef2d09,C:\Users\USER\lpopt_work\kit_frontier\runs\intervention_wave_r1\intervention_HGD569_f125\master_work\worker_01\ee6f5a5f04ef2d09__MAS_RST.APRQ_11_0705.0-34e91f858a-rysvj7pl,final,1.8197,1.5444,30,1,,765.756
f567ea9da87af786,C:\Users\USER\lpopt_work\kit_frontier\runs\intervention_wave_r1\intervention_HGD569_f125\master_work\worker_01\f567ea9da87af786__MAS_RST.APRQ_11_0705.0-2a4cc04d65-dstarpm5,final,1.8146,1.5422,30,1,,765.949
09eafc7be846b74a,C:\Users\USER\lpopt_work\kit_frontier\runs\intervention_wave_r1\intervention_HGD569_f125\master_work\worker_02\09eafc7be846b74a__MAS_RST.APRQ_11_0705.0-c6ae427fed-phpyhyrb,final,1.8471,1.5398,30,1,,768.482
0d897f24ec38f209,C:\Users\USER\lpopt_work\kit_frontier\runs\intervention_wave_r1\intervention_HGD569_f125\master_work\worker_02\0d897f24ec38f209__MAS_RST.APRQ_11_0705.0-2b5ae60790-othljmzb,final,1.8436,1.6196,30,1,,766.537
137da9109f4c0e09,C:\Users\USER\lpopt_work\kit_frontier\runs\intervention_wave_r1\intervention_HGD569_f125\master_work\worker_02\137da9109f4c0e09__MAS_RST.APRQ_11_0705.0-2aca659d7f-a4memjzc,final,1.8286,1.6095,30,1,,765.682
2112f7e23fd876b7,C:\Users\USER\lpopt_work\kit_frontier\runs\intervention_wave_r1\intervention_HGD569_f125\master_work\worker_02\2112f7e23fd876b7__MAS_RST.APRQ_11_0705.0-71e687439c-fcdmlrl8,final,1.9157,1.5966,30,1,,764.72
31179a70eb35ba50,C:\Users\USER\lpopt_work\kit_frontier\runs\intervention_wave_r1\intervention_HGD569_f125\master_work\worker_02\31179a70eb35ba50__MAS_RST.APRQ_11_0705.0-cf0676b3e4-pt3az_zt,final,1.8347,1.6221,30,1,,762.483
3da1dece3047e707,C:\Users\USER\lpopt_work\kit_frontier\runs\intervention_wave_r1\intervention_HGD569_f125\master_work\worker_02\3da1dece3047e707__MAS_RST.APRQ_11_0705.0-8e8e21173e-h5jm1fb7,final,1.9468,1.7274,30,1,,765.54
53bccde5aac1f7a2,C:\Users\USER\lpopt_work\kit_frontier\runs\intervention_wave_r1\intervention_HGD569_f125\master_work\worker_02\53bccde5aac1f7a2__MAS_RST.APRQ_11_0705.0-f18ae7e4e3-lykk6ynh,final,1.7526,1.478,30,1,,765.829
54f2d897dd0b9f56,C:\Users\USER\lpopt_work\kit_frontier\runs\intervention_wave_r1\intervention_HGD569_f125\master_work\worker_02\54f2d897dd0b9f56__MAS_RST.APRQ_11_0705.0-52567d2d38-aenxy1t9,final,1.8535,1.6549,30,1,,765.776
55bd2b42566a2de1,C:\Users\USER\lpopt_work\kit_frontier\runs\intervention_wave_r1\intervention_HGD569_f125\master_work\worker_02\55bd2b42566a2de1__MAS_RST.APRQ_11_0705.0-7027660e33-x8cj8yjl,final,1.8201,1.5204,30,1,,765.701
576be0d288edb642,C:\Users\USER\lpopt_work\kit_frontier\runs\intervention_wave_r1\intervention_HGD569_f125\master_work\worker_02\576be0d288edb642__MAS_RST.APRQ_11_0705.0-092a573c4b-p1ptx14o,final,1.8139,1.5963,30,1,,765.855
657f6195f58b115d,C:\Users\USER\lpopt_work\kit_frontier\runs\intervention_wave_r1\intervention_HGD569_f125\master_work\worker_02\657f6195f58b115d__MAS_RST.APRQ_11_0705.0-dbc51a4afe-95p5dhnm,final,1.8175,1.6009,30,1,,765.929
6a8484708c5ed2ac,C:\Users\USER\lpopt_work\kit_frontier\runs\intervention_wave_r1\intervention_HGD569_f125\master_work\worker_02\6a8484708c5ed2ac__MAS_RST.APRQ_11_0705.0-9d944c79de-1crz2w9q,final,1.8472,1.5168,30,1,,767.215
97d8ac072ec1c97c,C:\Users\USER\lpopt_work\kit_frontier\runs\intervention_wave_r1\intervention_HGD569_f125\master_work\worker_02\97d8ac072ec1c97c__MAS_RST.APRQ_11_0705.0-5cc32c56be-s1an3qa4,final,1.9595,1.6049,30,1,,768.864
bfbb7f0a3f6e8932,C:\Users\USER\lpopt_work\kit_frontier\runs\intervention_wave_r1\intervention_HGD569_f125\master_work\worker_02\bfbb7f0a3f6e8932__MAS_RST.APRQ_11_0705.0-14632d8075-vhkr58_r,final,1.8118,1.6009,30,1,,763.088
d64f9d677052f818,C:\Users\USER\lpopt_work\kit_frontier\runs\intervention_wave_r1\intervention_HGD569_f125\master_work\worker_02\d64f9d677052f818__MAS_RST.APRQ_11_0705.0-143385f491-jq5bc08a,final,1.9312,1.7116,30,1,,766.025
daa68b17b83a081e,C:\Users\USER\lpopt_work\kit_frontier\runs\intervention_wave_r1\intervention_HGD569_f125\master_work\worker_02\daa68b17b83a081e__MAS_RST.APRQ_11_0705.0-bf4d402ab8-bo44bi0_,final,1.8298,1.5792,30,1,,763.487
e754055d1af91f9d,C:\Users\USER\lpopt_work\kit_frontier\runs\intervention_wave_r1\intervention_HGD569_f125\master_work\worker_02\e754055d1af91f9d__MAS_RST.APRQ_11_0705.0-20521211cc-5tkib36k,final,1.8823,1.6683,30,1,,765.108
f2d05900c9f4b5ef,C:\Users\USER\lpopt_work\kit_frontier\runs\intervention_wave_r1\intervention_HGD569_f125\master_work\worker_02\f2d05900c9f4b5ef__MAS_RST.APRQ_11_0705.0-7db619febd-gra4xcg7,final,1.9428,1.6514,30,1,,768.063
fe55bd850a47a38f,C:\Users\USER\lpopt_work\kit_frontier\runs\intervention_wave_r1\intervention_HGD569_f125\master_work\worker_02\fe55bd850a47a38f__MAS_RST.APRQ_11_0705.0-a139ee5240-36_6ex4j,final,1.8528,1.6389,30,1,,762.888
ff3582bb546c5de6,C:\Users\USER\lpopt_work\kit_frontier\runs\intervention_wave_r1\intervention_HGD569_f125\master_work\worker_02\ff3582bb546c5de6__MAS_RST.APRQ_11_0705.0-2d87953033-aad6qj13,final,1.8404,1.6185,30,1,,768.558
0127fc849222f51c,C:\Users\USER\lpopt_work\kit_frontier\runs\intervention_wave_r1\intervention_HGD569_f125\master_work\worker_03\0127fc849222f51c__MAS_RST.APRQ_11_0705.0-e50ac234ce-mkldx_ok,final,1.9527,1.7228,30,1,,764.513
1208ea77bf92e627,C:\Users\USER\lpopt_work\kit_frontier\runs\intervention_wave_r1\intervention_HGD569_f125\master_work\worker_03\1208ea77bf92e627__MAS_RST.APRQ_11_0705.0-9d16256165-afiaozqi,final,1.81,1.5825,30,1,,766.685
214fce08176443cf,C:\Users\USER\lpopt_work\kit_frontier\runs\intervention_wave_r1\intervention_HGD569_f125\master_work\worker_03\214fce08176443cf__MAS_RST.APRQ_11_0705.0-409449ca7f-_82zh8ys,final,1.7617,1.4723,30,1,,767.981
2de055c1caadd59f,C:\Users\USER\lpopt_work\kit_frontier\runs\intervention_wave_r1\intervention_HGD569_f125\master_work\worker_03\2de055c1caadd59f__MAS_RST.APRQ_11_0705.0-af568c0c48-e8zw6v8v,final,1.7655,1.5164,30,1,,765.413
31c49cd1254dba3a,C:\Users\USER\lpopt_work\kit_frontier\runs\intervention_wave_r1\intervention_HGD569_f125\master_work\worker_03\31c49cd1254dba3a__MAS_RST.APRQ_11_0705.0-ec632c2cc9-dxpg1j26,final,1.7637,1.4591,30,1,,766.81
3cdd9af5bc6a87df,C:\Users\USER\lpopt_work\kit_frontier\runs\intervention_wave_r1\intervention_HGD569_f125\master_work\worker_03\3cdd9af5bc6a87df__MAS_RST.APRQ_11_0705.0-4dddc0a6eb-ol8cs81h,final,1.7851,1.5363,30,1,,766.556
428e301ffabc4d33,C:\Users\USER\lpopt_work\kit_frontier\runs\intervention_wave_r1\intervention_HGD569_f125\master_work\worker_03\428e301ffabc4d33__MAS_RST.APRQ_11_0705.0-fa27bfab6b-268pwjio,final,1.8539,1.6142,30,1,,765.47
54f8ca31ba080482,C:\Users\USER\lpopt_work\kit_frontier\runs\intervention_wave_r1\intervention_HGD569_f125\master_work\worker_03\54f8ca31ba080482__MAS_RST.APRQ_11_0705.0-75f66fb3ee-awuqr1oc,final,1.9801,1.7525,30,1,,761.721
611b5472102908c2,C:\Users\USER\lpopt_work\kit_frontier\runs\intervention_wave_r1\intervention_HGD569_f125\master_work\worker_03\611b5472102908c2__MAS_RST.APRQ_11_0705.0-7253b6b33d-y5xuyj09,final,1.8464,1.579,30,1,,767.067
699028e7cc4f00f5,C:\Users\USER\lpopt_work\kit_frontier\runs\intervention_wave_r1\intervention_HGD569_f125\master_work\worker_03\699028e7cc4f00f5__MAS_RST.APRQ_11_0705.0-6c1099a3ec-8yldbcvw,final,1.8135,1.4716,30,1,,770.597
7b8c655fac40fc73,C:\Users\USER\lpopt_work\kit_frontier\runs\intervention_wave_r1\intervention_HGD569_f125\master_work\worker_03\7b8c655fac40fc73__MAS_RST.APRQ_11_0705.0-b1cf040859-jg95nr62,final,1.8069,1.593,30,1,,764.421
9c5e145da5bd8d2f,C:\Users\USER\lpopt_work\kit_frontier\runs\intervention_wave_r1\intervention_HGD569_f125\master_work\worker_03\9c5e145da5bd8d2f__MAS_RST.APRQ_11_0705.0-7ec7bbbdca-osfreqwh,final,1.8336,1.6399,30,1,,765.388
ab59ea0b7bf7243d,C:\Users\USER\lpopt_work\kit_frontier\runs\intervention_wave_r1\intervention_HGD569_f125\master_work\worker_03\ab59ea0b7bf7243d__MAS_RST.APRQ_11_0705.0-269c109d01-gxx40nq3,final,1.9016,1.5971,30,1,,765.705
c195e11a543ab77b,C:\Users\USER\lpopt_work\kit_frontier\runs\intervention_wave_r1\intervention_HGD569_f125\master_work\worker_03\c195e11a543ab77b__MAS_RST.APRQ_11_0705.0-654e12cf02-l7kh2i2o,final,1.9673,1.74,30,1,,762.243
c1bcd43eabeda1e2,C:\Users\USER\lpopt_work\kit_frontier\runs\intervention_wave_r1\intervention_HGD569_f125\master_work\worker_03\c1bcd43eabeda1e2__MAS_RST.APRQ_11_0705.0-03c6f00f8c-_gd0i5sj,final,1.8722,1.6601,30,1,,765.809
c3617af195ec14d5,C:\Users\USER\lpopt_work\kit_frontier\runs\intervention_wave_r1\intervention_HGD569_f125\master_work\worker_03\c3617af195ec14d5__MAS_RST.APRQ_11_0705.0-2e47fcef59-ueo4vyvf,final,1.8618,1.6492,30,1,,766.169
cd108d29ab722a79,C:\Users\USER\lpopt_work\kit_frontier\runs\intervention_wave_r1\intervention_HGD569_f125\master_work\worker_03\cd108d29ab722a79__MAS_RST.APRQ_11_0705.0-e9134190ac-b5poja8h,final,1.8579,1.5568,30,1,,768.652
e6af9e1d102ea689,C:\Users\USER\lpopt_work\kit_frontier\runs\intervention_wave_r1\intervention_HGD569_f125\master_work\worker_03\e6af9e1d102ea689__MAS_RST.APRQ_11_0705.0-9e3439adc8-dr_re3l3,final,1.748,1.4877,30,1,,769.495
ed8bcb697c6adf96,C:\Users\USER\lpopt_work\kit_frontier\runs\intervention_wave_r1\intervention_HGD569_f125\master_work\worker_03\ed8bcb697c6adf96__MAS_RST.APRQ_11_0705.0-b1fd5a3174-9h0qfxla,final,1.8736,1.6659,30,1,,765.949
fce5da595e54a41d,C:\Users\USER\lpopt_work\kit_frontier\runs\intervention_wave_r1\intervention_HGD569_f125\master_work\worker_03\fce5da595e54a41d__MAS_RST.APRQ_11_0705.0-66bd213790-sdnm9v15,final,1.7447,1.4937,30,1,,767.722
,C:\Users\USER\lpopt_work\kit_frontier\runs\intervention_wave_r1\intervention_HGD569_f125\master_work\worker_04\2bb79480f34680a3__MAS_RST.APRQ_11_0705.0-27cccf018f-2786rwub,nonfinite,,,0,0,,
2cd64a31bf54c24c,C:\Users\USER\lpopt_work\kit_frontier\runs\intervention_wave_r1\intervention_HGD569_f125\master_work\worker_04\2cd64a31bf54c24c__MAS_RST.APRQ_11_0705.0-7c4e1997e1-b3pkszbv,final,1.789,1.5759,30,1,,763.175
35a7895ade23a66a,C:\Users\USER\lpopt_work\kit_frontier\runs\intervention_wave_r1\intervention_HGD569_f125\master_work\worker_04\35a7895ade23a66a__MAS_RST.APRQ_11_0705.0-35c4e8df26-x9o15pct,final,2.1113,1.8378,30,1,,762.897
3cdf9c89dc25e4c2,C:\Users\USER\lpopt_work\kit_frontier\runs\intervention_wave_r1\intervention_HGD569_f125\master_work\worker_04\3cdf9c89dc25e4c2__MAS_RST.APRQ_11_0705.0-cf79c7ffd5-zv4d0iq7,final,1.8626,1.6402,30,1,,761.639
3d926e92d27a134d,C:\Users\USER\lpopt_work\kit_frontier\runs\intervention_wave_r1\intervention_HGD569_f125\master_work\worker_04\3d926e92d27a134d__MAS_RST.APRQ_11_0705.0-db69bba34b-ly0h3z4c,final,1.8129,1.5967,30,1,,766.627
441b57d6d6402f7a,C:\Users\USER\lpopt_work\kit_frontier\runs\intervention_wave_r1\intervention_HGD569_f125\master_work\worker_04\441b57d6d6402f7a__MAS_RST.APRQ_11_0705.0-535b90553d-2kpn84p3,final,1.8511,1.636,30,1,,765.113
5098d7c6b544670d,C:\Users\USER\lpopt_work\kit_frontier\runs\intervention_wave_r1\intervention_HGD569_f125\master_work\worker_04\5098d7c6b544670d__MAS_RST.APRQ_11_0705.0-37f660cc18-fk9rsryz,final,1.9591,1.7246,30,1,,765.067
62070777cc2866d4,C:\Users\USER\lpopt_work\kit_frontier\runs\intervention_wave_r1\intervention_HGD569_f125\master_work\worker_04\62070777cc2866d4__MAS_RST.APRQ_11_0705.0-4e6738ade1-e8ooh52n,final,2.0277,1.7643,30,1,,763.719
70170f08df09d563,C:\Users\USER\lpopt_work\kit_frontier\runs\intervention_wave_r1\intervention_HGD569_f125\master_work\worker_04\70170f08df09d563__MAS_RST.APRQ_11_0705.0-102c0661fc-vl6325ve,final,1.7903,1.5514,30,1,,767.456
79eaceaff7a5505e,C:\Users\USER\lpopt_work\kit_frontier\runs\intervention_wave_r1\intervention_HGD569_f125\master_work\worker_04\79eaceaff7a5505e__MAS_RST.APRQ_11_0705.0-22605ae99d-n04xqimi,final,1.8044,1.5828,30,1,,762.714
8015fa99bfbe1dda,C:\Users\USER\lpopt_work\kit_frontier\runs\intervention_wave_r1\intervention_HGD569_f125\master_work\worker_04\8015fa99bfbe1dda__MAS_RST.APRQ_11_0705.0-ffbd81b21f-jb6jx04q,final,1.9482,1.72,30,1,,765.264
8aa818e39f8b77b8,C:\Users\USER\lpopt_work\kit_frontier\runs\intervention_wave_r1\intervention_HGD569_f125\master_work\worker_04\8aa818e39f8b77b8__MAS_RST.APRQ_11_0705.0-cd0d419719-ef7f25pp,final,1.8889,1.599,30,1,,765.419
8be476eb5699da86,C:\Users\USER\lpopt_work\kit_frontier\runs\intervention_wave_r1\intervention_HGD569_f125\master_work\worker_04\8be476eb5699da86__MAS_RST.APRQ_11_0705.0-d50e9c1604-nyuux3h9,final,1.995,1.7623,30,1,,765.161
920ac04cff8cc9be,C:\Users\USER\lpopt_work\kit_frontier\runs\intervention_wave_r1\intervention_HGD569_f125\master_work\worker_04\920ac04cff8cc9be__MAS_RST.APRQ_11_0705.0-c2ff5b7259-b1trc9_q,final,1.8793,1.6321,30,1,,765.571
,C:\Users\USER\lpopt_work\kit_frontier\runs\intervention_wave_r1\intervention_HGD569_f125\master_work\worker_04\a48e082b2296486c__MAS_RST.APRQ_11_0705.0-9bdf246d29-zmqhefzx,nonfinite,,,0,0,,
ae7da11061530baf,C:\Users\USER\lpopt_work\kit_frontier\runs\intervention_wave_r1\intervention_HGD569_f125\master_work\worker_04\ae7da11061530baf__MAS_RST.APRQ_11_0705.0-93576c72ee-em7xi4o5,final,1.8456,1.6428,30,1,,763.937
ba00129ed8e88db6,C:\Users\USER\lpopt_work\kit_frontier\runs\intervention_wave_r1\intervention_HGD569_f125\master_work\worker_04\ba00129ed8e88db6__MAS_RST.APRQ_11_0705.0-916dedf62f-cqnqw3v_,final,1.8252,1.5265,30,1,,766.898
c0f3af901b263112,C:\Users\USER\lpopt_work\kit_frontier\runs\intervention_wave_r1\intervention_HGD569_f125\master_work\worker_04\c0f3af901b263112__MAS_RST.APRQ_11_0705.0-6dce4fbaeb-hsx_db6w,final,1.9873,1.6688,30,1,,763.852
e7d01bb834c03275,C:\Users\USER\lpopt_work\kit_frontier\runs\intervention_wave_r1\intervention_HGD569_f125\master_work\worker_04\e7d01bb834c03275__MAS_RST.APRQ_11_0705.0-5371af1c0f-q5mrfq23,final,1.808,1.5701,30,1,,765.257
,C:\Users\USER\lpopt_work\kit_frontier\runs\intervention_wave_r1\intervention_HGD569_f125\master_work\worker_04\f0928e373e5c9fd7__MAS_RST.APRQ_11_0705.0-bfadf902bd-9pqnnk6p,nonfinite,,,0,0,,
,C:\Users\USER\lpopt_work\kit_frontier\runs\intervention_wave_r1\intervention_HGD569_f125\master_work\worker_05\07611f413b78975f__MAS_RST.APRQ_11_0705.0-eab1ede5b2-ty4oe2es,nonfinite,,,0,0,,
18d1d5810a70bd7d,C:\Users\USER\lpopt_work\kit_frontier\runs\intervention_wave_r1\intervention_HGD569_f125\master_work\worker_05\18d1d5810a70bd7d__MAS_RST.APRQ_11_0705.0-06ea3023c4-czrfumwa,final,1.9824,1.752,30,1,,767.862
1910451706028dd6,C:\Users\USER\lpopt_work\kit_frontier\runs\intervention_wave_r1\intervention_HGD569_f125\master_work\worker_05\1910451706028dd6__MAS_RST.APRQ_11_0705.0-fe402d3645-5dkvl2lk,final,1.8512,1.6129,30,1,,765.945
1ca906c5eff4f35a,C:\Users\USER\lpopt_work\kit_frontier\runs\intervention_wave_r1\intervention_HGD569_f125\master_work\worker_05\1ca906c5eff4f35a__MAS_RST.APRQ_11_0705.0-6eff96b26d-c_is_7yj,final,1.9736,1.7137,30,1,,767.884
33ec07b849b4cdae,C:\Users\USER\lpopt_work\kit_frontier\runs\intervention_wave_r1\intervention_HGD569_f125\master_work\worker_05\33ec07b849b4cdae__MAS_RST.APRQ_11_0705.0-447dd23a99-tbuycdnn,final,1.8036,1.5772,30,1,,764.893
39d4a34b9cbd1cc9,C:\Users\USER\lpopt_work\kit_frontier\runs\intervention_wave_r1\intervention_HGD569_f125\master_work\worker_05\39d4a34b9cbd1cc9__MAS_RST.APRQ_11_0705.0-2ebaefd6e0-siw08g_4,final,1.8095,1.5673,30,1,,766.503
3dfad88ae5b4341e,C:\Users\USER\lpopt_work\kit_frontier\runs\intervention_wave_r1\intervention_HGD569_f125\master_work\worker_05\3dfad88ae5b4341e__MAS_RST.APRQ_11_0705.0-d17430864f-al5h6o1r,final,1.8404,1.6176,30,1,,764.948
54aa5fb5e4bace51,C:\Users\USER\lpopt_work\kit_frontier\runs\intervention_wave_r1\intervention_HGD569_f125\master_work\worker_05\54aa5fb5e4bace51__MAS_RST.APRQ_11_0705.0-c8e290cf5f-u6zl3uuu,final,1.886,1.654,30,1,,768.891
558c4b10f112000e,C:\Users\USER\lpopt_work\kit_frontier\runs\intervention_wave_r1\intervention_HGD569_f125\master_work\worker_05\558c4b10f112000e__MAS_RST.APRQ_11_0705.0-db18945847-95d__5n1,final,1.9112,1.6415,30,1,,765.403
5cc8b4a01356714c,C:\Users\USER\lpopt_work\kit_frontier\runs\intervention_wave_r1\intervention_HGD569_f125\master_work\worker_05\5cc8b4a01356714c__MAS_RST.APRQ_11_0705.0-520fdd3e5f-76_f8389,final,2.0759,1.7995,30,1,,768.221
,C:\Users\USER\lpopt_work\kit_frontier\runs\intervention_wave_r1\intervention_HGD569_f125\master_work\worker_05\6558ddbda40e9951__MAS_RST.APRQ_11_0705.0-d5da86e67d-n5duw9vx,nonfinite,,,0,0,,
867204a28113f645,C:\Users\USER\lpopt_work\kit_frontier\runs\intervention_wave_r1\intervention_HGD569_f125\master_work\worker_05\867204a28113f645__MAS_RST.APRQ_11_0705.0-0895bfa3d5-vwp3qpdg,final,1.9046,1.6252,30,1,,769.641
88cbbd1038df07d8,C:\Users\USER\lpopt_work\kit_frontier\runs\intervention_wave_r1\intervention_HGD569_f125\master_work\worker_05\88cbbd1038df07d8__MAS_RST.APRQ_11_0705.0-00c3c9881a-odgq2swx,final,1.8831,1.6273,30,1,,762.384
959e4ee3e31d2b07,C:\Users\USER\lpopt_work\kit_frontier\runs\intervention_wave_r1\intervention_HGD569_f125\master_work\worker_05\959e4ee3e31d2b07__MAS_RST.APRQ_11_0705.0-bdc42fc941-1si9znm4,final,1.9149,1.6508,30,1,,769.678
b668ed6a28f1e208,C:\Users\USER\lpopt_work\kit_frontier\runs\intervention_wave_r1\intervention_HGD569_f125\master_work\worker_05\b668ed6a28f1e208__MAS_RST.APRQ_11_0705.0-51146287be-j2x0m6ly,final,1.9267,1.7069,30,1,,764.604
,C:\Users\USER\lpopt_work\kit_frontier\runs\intervention_wave_r1\intervention_HGD569_f125\master_work\worker_05\bdfd164ca7b8fa93__MAS_RST.APRQ_11_0705.0-a629a59f6c-albkw4ba,nonfinite,,,0,0,,
,C:\Users\USER\lpopt_work\kit_frontier\runs\intervention_wave_r1\intervention_HGD569_f125\master_work\worker_05\dfa35678c08ead21__MAS_RST.APRQ_11_0705.0-90d26fb862-vths0t83,nonfinite,,,0,0,,
eb6925eea66431b9,C:\Users\USER\lpopt_work\kit_frontier\runs\intervention_wave_r1\intervention_HGD569_f125\master_work\worker_05\eb6925eea66431b9__MAS_RST.APRQ_11_0705.0-2d011a0cfc-ssf6r5tj,final,2.2882,2.0405,30,1,,764.952
f0ba14a8eb5a0997,C:\Users\USER\lpopt_work\kit_frontier\runs\intervention_wave_r1\intervention_HGD569_f125\master_work\worker_05\f0ba14a8eb5a0997__MAS_RST.APRQ_11_0705.0-f00601ef2c-qk35gg8f,final,1.945,1.7401,30,1,,767.431
faadb1ac8fa5fcbb,C:\Users\USER\lpopt_work\kit_frontier\runs\intervention_wave_r1\intervention_HGD569_f125\master_work\worker_05\faadb1ac8fa5fcbb__MAS_RST.APRQ_11_0705.0-9635795e3b-sy5yw4ig,final,1.7593,1.5309,30,1,,767.483
00822755d6ef9de5,C:\Users\USER\lpopt_work\kit_frontier\runs\intervention_wave_r1\intervention_HGD569_f125\master_work\worker_06\00822755d6ef9de5__MAS_RST.APRQ_11_0705.0-c55fa538c9-rfv39ktf,final,1.7636,1.5018,30,1,,767.677
08e60b2cfd75d4c8,C:\Users\USER\lpopt_work\kit_frontier\runs\intervention_wave_r1\intervention_HGD569_f125\master_work\worker_06\08e60b2cfd75d4c8__MAS_RST.APRQ_11_0705.0-7aed572e03-xd70p9th,final,1.7484,1.4776,30,1,,769.267
128d3b713ee8b57c,C:\Users\USER\lpopt_work\kit_frontier\runs\intervention_wave_r1\intervention_HGD569_f125\master_work\worker_06\128d3b713ee8b57c__MAS_RST.APRQ_11_0705.0-c205cc3721-fj1x7p73,final,1.7752,1.5127,30,1,,768.827
1ccfae6621927703,C:\Users\USER\lpopt_work\kit_frontier\runs\intervention_wave_r1\intervention_HGD569_f125\master_work\worker_06\1ccfae6621927703__MAS_RST.APRQ_11_0705.0-7a43829d38-p9lg_7wu,final,1.7828,1.526,30,1,,766.351
23dba4ee5f683937,C:\Users\USER\lpopt_work\kit_frontier\runs\intervention_wave_r1\intervention_HGD569_f125\master_work\worker_06\23dba4ee5f683937__MAS_RST.APRQ_11_0705.0-73e66b5b9d-9w0i4pzx,final,1.7805,1.5524,30,1,,763.529
4e4da768de901f12,C:\Users\USER\lpopt_work\kit_frontier\runs\intervention_wave_r1\intervention_HGD569_f125\master_work\worker_06\4e4da768de901f12__MAS_RST.APRQ_11_0705.0-dc2892dc6c-xjkajfex,final,1.7596,1.5009,30,1,,766.157
51b380f78828599b,C:\Users\USER\lpopt_work\kit_frontier\runs\intervention_wave_r1\intervention_HGD569_f125\master_work\worker_06\51b380f78828599b__MAS_RST.APRQ_11_0705.0-c8d7598891-p6tykg1f,final,1.791,1.5347,30,1,,766.137
6205110fa533ff23,C:\Users\USER\lpopt_work\kit_frontier\runs\intervention_wave_r1\intervention_HGD569_f125\master_work\worker_06\6205110fa533ff23__MAS_RST.APRQ_11_0705.0-4265493301-j2hyepqb,final,1.8543,1.6572,30,1,,766.166
7445c0a955723d36,C:\Users\USER\lpopt_work\kit_frontier\runs\intervention_wave_r1\intervention_HGD569_f125\master_work\worker_06\7445c0a955723d36__MAS_RST.APRQ_11_0705.0-c69a0362fa-mtfqydss,final,1.8273,1.5445,30,1,,768.804
75d428b95e893286,C:\Users\USER\lpopt_work\kit_frontier\runs\intervention_wave_r1\intervention_HGD569_f125\master_work\worker_06\75d428b95e893286__MAS_RST.APRQ_11_0705.0-5ced4ee6a5-iehis27r,final,1.8704,1.5651,30,1,,766.312
7f1615c33d3dbe10,C:\Users\USER\lpopt_work\kit_frontier\runs\intervention_wave_r1\intervention_HGD569_f125\master_work\worker_06\7f1615c33d3dbe10__MAS_RST.APRQ_11_0705.0-12387010c3-1j0uis0p,final,1.7524,1.4722,30,1,,767.304
9238af4901b4b5ce,C:\Users\USER\lpopt_work\kit_frontier\runs\intervention_wave_r1\intervention_HGD569_f125\master_work\worker_06\9238af4901b4b5ce__MAS_RST.APRQ_11_0705.0-9dfb24fdb8-ixcy55dw,final,1.8419,1.507,30,1,,768.057
95a2b6f02a47d658,C:\Users\USER\lpopt_work\kit_frontier\runs\intervention_wave_r1\intervention_HGD569_f125\master_work\worker_06\95a2b6f02a47d658__MAS_RST.APRQ_11_0705.0-f03a263430-y9a1xidl,final,1.8793,1.5394,30,1,,766.516
9b71d92dbed3f6eb,C:\Users\USER\lpopt_work\kit_frontier\runs\intervention_wave_r1\intervention_HGD569_f125\master_work\worker_06\9b71d92dbed3f6eb__MAS_RST.APRQ_11_0705.0-d48486bb66-j02dwwza,final,1.9105,1.5806,30,1,,769.765
a89b2aea5fbf12d1,C:\Users\USER\lpopt_work\kit_frontier\runs\intervention_wave_r1\intervention_HGD569_f125\master_work\worker_06\a89b2aea5fbf12d1__MAS_RST.APRQ_11_0705.0-f2b15ed7bd-pst3sigw,final,1.738,1.4732,30,1,,766.121
d54bf9bc269dacde,C:\Users\USER\lpopt_work\kit_frontier\runs\intervention_wave_r1\intervention_HGD569_f125\master_work\worker_06\d54bf9bc269dacde__MAS_RST.APRQ_11_0705.0-69320ca474-5wtg498x,final,1.8016,1.5758,30,1,,763.165
e22522edcd78d2ef,C:\Users\USER\lpopt_work\kit_frontier\runs\intervention_wave_r1\intervention_HGD569_f125\master_work\worker_06\e22522edcd78d2ef__MAS_RST.APRQ_11_0705.0-59a29ed92f-6rud85gu,final,1.7919,1.5589,30,1,,763.978
e2d2c9a49198e82f,C:\Users\USER\lpopt_work\kit_frontier\runs\intervention_wave_r1\intervention_HGD569_f125\master_work\worker_06\e2d2c9a49198e82f__MAS_RST.APRQ_11_0705.0-1483621464-o2cwmueb,final,1.8904,1.6185,30,1,,765.184
ea5cadff78c3dc3b,C:\Users\USER\lpopt_work\kit_frontier\runs\intervention_wave_r1\intervention_HGD569_f125\master_work\worker_06\ea5cadff78c3dc3b__MAS_RST.APRQ_11_0705.0-ac810d98e7-wy61k387,final,1.7827,1.5307,30,1,,766.315
eca7c11ee0f90d20,C:\Users\USER\lpopt_work\kit_frontier\runs\intervention_wave_r1\intervention_HGD569_f125\master_work\worker_06\eca7c11ee0f90d20__MAS_RST.APRQ_11_0705.0-f9267df97f-k1__aqk6,final,1.7997,1.5632,30,1,,765.712
052094e270d899d1,C:\Users\USER\lpopt_work\kit_frontier\runs\intervention_wave_r1\intervention_HGD569_f125\master_work\worker_07\052094e270d899d1__MAS_RST.APRQ_11_0705.0-15c7356563-rndynr7c,final,1.7778,1.4947,30,1,,767.792
0686fe958bc7bc18,C:\Users\USER\lpopt_work\kit_frontier\runs\intervention_wave_r1\intervention_HGD569_f125\master_work\worker_07\0686fe958bc7bc18__MAS_RST.APRQ_11_0705.0-a180a022f9-kn6bc7qp,final,1.7643,1.4748,30,1,,766.335
247ea89162606f53,C:\Users\USER\lpopt_work\kit_frontier\runs\intervention_wave_r1\intervention_HGD569_f125\master_work\worker_07\247ea89162606f53__MAS_RST.APRQ_11_0705.0-aa1011e320-oqgudatu,final,1.7385,1.4758,30,1,,766.101
33d2293c043222fb,C:\Users\USER\lpopt_work\kit_frontier\runs\intervention_wave_r1\intervention_HGD569_f125\master_work\worker_07\33d2293c043222fb__MAS_RST.APRQ_11_0705.0-31689368aa-5x9styca,final,1.7454,1.4752,30,1,,769.259
371616937100d2a0,C:\Users\USER\lpopt_work\kit_frontier\runs\intervention_wave_r1\intervention_HGD569_f125\master_work\worker_07\371616937100d2a0__MAS_RST.APRQ_11_0705.0-73e9389b99-_mimppm9,final,1.8459,1.5382,30,1,,767.888
3ba5daa591aee2cf,C:\Users\USER\lpopt_work\kit_frontier\runs\intervention_wave_r1\intervention_HGD569_f125\master_work\worker_07\3ba5daa591aee2cf__MAS_RST.APRQ_11_0705.0-5f57ed00c0-4v2569p1,final,1.918,1.5857,30,1,,769.772
3dc35119e4a7833b,C:\Users\USER\lpopt_work\kit_frontier\runs\intervention_wave_r1\intervention_HGD569_f125\master_work\worker_07\3dc35119e4a7833b__MAS_RST.APRQ_11_0705.0-b460c770a2-lok4209u,final,1.7831,1.556,30,1,,763.528
4b97c05631192cf7,C:\Users\USER\lpopt_work\kit_frontier\runs\intervention_wave_r1\intervention_HGD569_f125\master_work\worker_07\4b97c05631192cf7__MAS_RST.APRQ_11_0705.0-c42bc765d7-vo167je3,final,1.7575,1.4915,30,1,,766.283
57ff258fea0ff9cb,C:\Users\USER\lpopt_work\kit_frontier\runs\intervention_wave_r1\intervention_HGD569_f125\master_work\worker_07\57ff258fea0ff9cb__MAS_RST.APRQ_11_0705.0-c285386bd8-tooy_wam,final,1.7473,1.4686,30,1,,767.293
611947a2bb4677ca,C:\Users\USER\lpopt_work\kit_frontier\runs\intervention_wave_r1\intervention_HGD569_f125\master_work\worker_07\611947a2bb4677ca__MAS_RST.APRQ_11_0705.0-504c772304-_2wzy3zn,final,1.7546,1.4826,30,1,,766.132
69c087de40094638,C:\Users\USER\lpopt_work\kit_frontier\runs\intervention_wave_r1\intervention_HGD569_f125\master_work\worker_07\69c087de40094638__MAS_RST.APRQ_11_0705.0-42b464feba-loefe5yz,final,1.8243,1.5121,30,1,,768.834
72dfbf143fdc2488,C:\Users\USER\lpopt_work\kit_frontier\runs\intervention_wave_r1\intervention_HGD569_f125\master_work\worker_07\72dfbf143fdc2488__MAS_RST.APRQ_11_0705.0-16a4639d5e-67aejq8e,final,1.7569,1.4989,30,1,,766.181
891e12d3c49d6459,C:\Users\USER\lpopt_work\kit_frontier\runs\intervention_wave_r1\intervention_HGD569_f125\master_work\worker_07\891e12d3c49d6459__MAS_RST.APRQ_11_0705.0-7b8bdedf9f-pni7w7aw,final,1.9233,1.6081,30,1,,766.135
9fc319a66f63dac0,C:\Users\USER\lpopt_work\kit_frontier\runs\intervention_wave_r1\intervention_HGD569_f125\master_work\worker_07\9fc319a66f63dac0__MAS_RST.APRQ_11_0705.0-3d48b1b2e1-pphkeq71,final,1.8146,1.5422,30,1,,765.949
b0e47b088ecda813,C:\Users\USER\lpopt_work\kit_frontier\runs\intervention_wave_r1\intervention_HGD569_f125\master_work\worker_07\b0e47b088ecda813__MAS_RST.APRQ_11_0705.0-3b4c02b4f6-ddmo05o5,final,1.9065,1.5883,30,1,,765.036
bbb61898c5bb649e,C:\Users\USER\lpopt_work\kit_frontier\runs\intervention_wave_r1\intervention_HGD569_f125\master_work\worker_07\bbb61898c5bb649e__MAS_RST.APRQ_11_0705.0-037ef014bc-obt66ajf,final,1.7719,1.5435,30,1,,763.934
cbedb95f5fa8d6bf,C:\Users\USER\lpopt_work\kit_frontier\runs\intervention_wave_r1\intervention_HGD569_f125\master_work\worker_07\cbedb95f5fa8d6bf__MAS_RST.APRQ_11_0705.0-13b1d947fb-0jh8jcwq,final,1.7637,1.5035,30,1,,767.658
d3fd33770da942d7,C:\Users\USER\lpopt_work\kit_frontier\runs\intervention_wave_r1\intervention_HGD569_f125\master_work\worker_07\d3fd33770da942d7__MAS_RST.APRQ_11_0705.0-192e90c62d-7qsc6na6,final,1.7905,1.5628,30,1,,763.131
e1bd417892abf3c3,C:\Users\USER\lpopt_work\kit_frontier\runs\intervention_wave_r1\intervention_HGD569_f125\master_work\worker_07\e1bd417892abf3c3__MAS_RST.APRQ_11_0705.0-d218346df5-gn9ogh2h,final,1.8197,1.5444,30,1,,765.756
f7f3dbdcfb0784df,C:\Users\USER\lpopt_work\kit_frontier\runs\intervention_wave_r1\intervention_HGD569_f125\master_work\worker_07\f7f3dbdcfb0784df__MAS_RST.APRQ_11_0705.0-e0398d06d4-qk0yv10i,final,1.8449,1.6496,30,1,,766.115
05353809cc7cb698,C:\Users\USER\lpopt_work\kit_frontier\runs\intervention_wave_r1\intervention_N1N2_f113\master_work\worker_00\05353809cc7cb698__MAS_RST.APRQ_11_0677.2-79d1d476cc-jwygp6sg,final,1.6371,1.4808,27,1,,635.334
093abcad5bc8caf6,C:\Users\USER\lpopt_work\kit_frontier\runs\intervention_wave_r1\intervention_N1N2_f113\master_work\worker_00\093abcad5bc8caf6__MAS_RST.APRQ_11_0677.2-880241d22f-g1zp8b7u,final,1.6298,1.4815,27,1,,641.295
191464663123677a,C:\Users\USER\lpopt_work\kit_frontier\runs\intervention_wave_r1\intervention_N1N2_f113\master_work\worker_00\191464663123677a__MAS_RST.APRQ_11_0677.2-c1c90d64cb-lyo48zjz,final,1.5548,1.4259,27,1,,642.993
2071a2f01f50842d,C:\Users\USER\lpopt_work\kit_frontier\runs\intervention_wave_r1\intervention_N1N2_f113\master_work\worker_00\2071a2f01f50842d__MAS_RST.APRQ_11_0677.2-863df7e0ed-nbd67grz,final,1.5865,1.4468,27,1,,643.111
2108d23158c78b8b,C:\Users\USER\lpopt_work\kit_frontier\runs\intervention_wave_r1\intervention_N1N2_f113\master_work\worker_00\2108d23158c78b8b__MAS_RST.APRQ_11_0677.2-fe7845e3f2-bk_9xn3w,final,1.6046,1.4457,27,1,,639.588
317da4ca258610c8,C:\Users\USER\lpopt_work\kit_frontier\runs\intervention_wave_r1\intervention_N1N2_f113\master_work\worker_00\317da4ca258610c8__MAS_RST.APRQ_11_0677.2-a49e5ff5fe-ar0nu2qt,final,1.5755,1.4357,27,1,,640.884
33c779ae278d1bd1,C:\Users\USER\lpopt_work\kit_frontier\runs\intervention_wave_r1\intervention_N1N2_f113\master_work\worker_00\33c779ae278d1bd1__MAS_RST.APRQ_11_0677.2-873353f800-6g7mz1eg,final,1.5921,1.4487,27,1,,634.416
575cb827fd5f62dd,C:\Users\USER\lpopt_work\kit_frontier\runs\intervention_wave_r1\intervention_N1N2_f113\master_work\worker_00\575cb827fd5f62dd__MAS_RST.APRQ_11_0677.2-c3c9d54740-kz9lsfo_,final,1.6014,1.4647,27,1,,642.988
5872aea8f15e0dfe,C:\Users\USER\lpopt_work\kit_frontier\runs\intervention_wave_r1\intervention_N1N2_f113\master_work\worker_00\5872aea8f15e0dfe__MAS_RST.APRQ_11_0677.2-9622537fdb-1kojs2cs,final,1.5958,1.4579,27,1,,639.754
7558579a2fd15fc9,C:\Users\USER\lpopt_work\kit_frontier\runs\intervention_wave_r1\intervention_N1N2_f113\master_work\worker_00\7558579a2fd15fc9__MAS_RST.APRQ_11_0677.2-d07761da22-gk73fcky,final,1.5991,1.4441,27,1,,640.569
7605ed6e106f61de,C:\Users\USER\lpopt_work\kit_frontier\runs\intervention_wave_r1\intervention_N1N2_f113\master_work\worker_00\7605ed6e106f61de__MAS_RST.APRQ_11_0677.2-dd32d421da-vid_u43f,final,1.6176,1.4686,27,1,,642.617
92c8ea725accf609,C:\Users\USER\lpopt_work\kit_frontier\runs\intervention_wave_r1\intervention_N1N2_f113\master_work\worker_00\92c8ea725accf609__MAS_RST.APRQ_11_0677.2-b756e8ead2-4s8wncm0,final,1.6134,1.4506,27,1,,643.359
c0aff36f3aec478a,C:\Users\USER\lpopt_work\kit_frontier\runs\intervention_wave_r1\intervention_N1N2_f113\master_work\worker_00\c0aff36f3aec478a__MAS_RST.APRQ_11_0677.2-cf4ec59e5d-jbejdusi,final,1.6017,1.4464,27,1,,640.509
d5c418047fdf29a1,C:\Users\USER\lpopt_work\kit_frontier\runs\intervention_wave_r1\intervention_N1N2_f113\master_work\worker_00\d5c418047fdf29a1__MAS_RST.APRQ_11_0677.2-ff52b0b1a1-htfhmp9u,final,1.6008,1.4455,27,1,,641.961
d715593acef76c1b,C:\Users\USER\lpopt_work\kit_frontier\runs\intervention_wave_r1\intervention_N1N2_f113\master_work\worker_00\d715593acef76c1b__MAS_RST.APRQ_11_0677.2-b42d02e31f-a4f11hpi,final,1.6168,1.4689,27,1,,643.719
dc16882035f98dcb,C:\Users\USER\lpopt_work\kit_frontier\runs\intervention_wave_r1\intervention_N1N2_f113\master_work\worker_00\dc16882035f98dcb__MAS_RST.APRQ_11_0677.2-5b1b0915a1-lay_j4q8,final,1.5843,1.427,27,1,,645.287
e64dd24f330a0ea9,C:\Users\USER\lpopt_work\kit_frontier\runs\intervention_wave_r1\intervention_N1N2_f113\master_work\worker_00\e64dd24f330a0ea9__MAS_RST.APRQ_11_0677.2-2c4161000f-9z7hkmha,final,1.6224,1.4677,27,1,,646.223
edb0a06d2ffa0408,C:\Users\USER\lpopt_work\kit_frontier\runs\intervention_wave_r1\intervention_N1N2_f113\master_work\worker_00\edb0a06d2ffa0408__MAS_RST.APRQ_11_0677.2-73ac8a2243-fstl_0ly,final,1.5747,1.437,27,1,,645.819
fc982f34a4265baf,C:\Users\USER\lpopt_work\kit_frontier\runs\intervention_wave_r1\intervention_N1N2_f113\master_work\worker_00\fc982f34a4265baf__MAS_RST.APRQ_11_0677.2-e006b2f44b-kkudbc2k,final,1.5988,1.4643,27,1,,645.468
fc99514e93755298,C:\Users\USER\lpopt_work\kit_frontier\runs\intervention_wave_r1\intervention_N1N2_f113\master_work\worker_00\fc99514e93755298__MAS_RST.APRQ_11_0677.2-eed4011d24-njlbtg8t,final,1.6217,1.4206,27,1,,645.897
1132da7249fc4292,C:\Users\USER\lpopt_work\kit_frontier\runs\intervention_wave_r1\intervention_N1N2_f113\master_work\worker_01\1132da7249fc4292__MAS_RST.APRQ_11_0677.2-a955d86b38-sb6j4i44,final,1.6418,1.4808,27,1,,635.661
2a80e481a0bda7e3,C:\Users\USER\lpopt_work\kit_frontier\runs\intervention_wave_r1\intervention_N1N2_f113\master_work\worker_01\2a80e481a0bda7e3__MAS_RST.APRQ_11_0677.2-983ee2750f-3s5o5n4j,final,1.6058,1.4196,27,1,,645.636
2ab5c495f18d38f5,C:\Users\USER\lpopt_work\kit_frontier\runs\intervention_wave_r1\intervention_N1N2_f113\master_work\worker_01\2ab5c495f18d38f5__MAS_RST.APRQ_11_0677.2-9188e32a63-89pedjhe,final,1.6175,1.4479,27,1,,641.966
3f3b2dd6a6e04d25,C:\Users\USER\lpopt_work\kit_frontier\runs\intervention_wave_r1\intervention_N1N2_f113\master_work\worker_01\3f3b2dd6a6e04d25__MAS_RST.APRQ_11_0677.2-933e7d2337-0wq0mpn5,final,1.6598,1.4443,27,1,,643.043
518c5a32b13cd233,C:\Users\USER\lpopt_work\kit_frontier\runs\intervention_wave_r1\intervention_N1N2_f113\master_work\worker_01\518c5a32b13cd233__MAS_RST.APRQ_11_0677.2-6acd9e33c3-03at7klk,final,1.607,1.4444,27,1,,640.897
5ae45c7ae4044082,C:\Users\USER\lpopt_work\kit_frontier\runs\intervention_wave_r1\intervention_N1N2_f113\master_work\worker_01\5ae45c7ae4044082__MAS_RST.APRQ_11_0677.2-cffb7f74a7-btxz0n3a,final,1.6394,1.438,27,1,,640.952
5b5f4d52df4395d6,C:\Users\USER\lpopt_work\kit_frontier\runs\intervention_wave_r1\intervention_N1N2_f113\master_work\worker_01\5b5f4d52df4395d6__MAS_RST.APRQ_11_0677.2-62370c1b33-oh976ohu,final,1.6413,1.4501,27,1,,646.198
5d176e065b35de90,C:\Users\USER\lpopt_work\kit_frontier\runs\intervention_wave_r1\intervention_N1N2_f113\master_work\worker_01\5d176e065b35de90__MAS_RST.APRQ_11_0677.2-0d0deda887-rjr6e2_o,final,1.6252,1.4455,27,1,,645.552
5fbc727e36127c52,C:\Users\USER\lpopt_work\kit_frontier\runs\intervention_wave_r1\intervention_N1N2_f113\master_work\worker_01\5fbc727e36127c52__MAS_RST.APRQ_11_0677.2-1e028b5abd-ms6epine,final,1.5835,1.4385,27,1,,643.519
9dfb932ec324e6ef,C:\Users\USER\lpopt_work\kit_frontier\runs\intervention_wave_r1\intervention_N1N2_f113\master_work\worker_01\9dfb932ec324e6ef__MAS_RST.APRQ_11_0677.2-4f059c393d-1ll2qq_9,final,1.598,1.4631,27,1,,645.601
a36080a68bd80c1f,C:\Users\USER\lpopt_work\kit_frontier\runs\intervention_wave_r1\intervention_N1N2_f113\master_work\worker_01\a36080a68bd80c1f__MAS_RST.APRQ_11_0677.2-0772b8a605-rv0dg640,final,1.6334,1.4485,27,1,,643.446
b42a0f78bf464baa,C:\Users\USER\lpopt_work\kit_frontier\runs\intervention_wave_r1\intervention_N1N2_f113\master_work\worker_01\b42a0f78bf464baa__MAS_RST.APRQ_11_0677.2-3895ecb86b-vr7rvw9j,final,1.6699,1.465,27,1,,642.621
bf4fea39c21404cd,C:\Users\USER\lpopt_work\kit_frontier\runs\intervention_wave_r1\intervention_N1N2_f113\master_work\worker_01\bf4fea39c21404cd__MAS_RST.APRQ_11_0677.2-fed755f30c-ka3fgogc,final,1.6351,1.4556,27,1,,639.793
cd99c8502f452976,C:\Users\USER\lpopt_work\kit_frontier\runs\intervention_wave_r1\intervention_N1N2_f113\master_work\worker_01\cd99c8502f452976__MAS_RST.APRQ_11_0677.2-8aed00431c-d8r_nzuy,final,1.5958,1.4596,27,1,,643.035
d3e25ff29b011518,C:\Users\USER\lpopt_work\kit_frontier\runs\intervention_wave_r1\intervention_N1N2_f113\master_work\worker_01\d3e25ff29b011518__MAS_RST.APRQ_11_0677.2-e9526d8406-08bgl0jm,final,1.6582,1.4544,27,1,,639.802
daada232adc5aa46,C:\Users\USER\lpopt_work\kit_frontier\runs\intervention_wave_r1\intervention_N1N2_f113\master_work\worker_01\daada232adc5aa46__MAS_RST.APRQ_11_0677.2-7df08db1d5-5oxxgf1o,final,1.6164,1.4588,27,1,,640.668
dc46e8249cf32a2b,C:\Users\USER\lpopt_work\kit_frontier\runs\intervention_wave_r1\intervention_N1N2_f113\master_work\worker_01\dc46e8249cf32a2b__MAS_RST.APRQ_11_0677.2-c9b9a64165-ybjkiu6y,final,1.5918,1.4509,27,1,,643.061
f714fb70d2049464,C:\Users\USER\lpopt_work\kit_frontier\runs\intervention_wave_r1\intervention_N1N2_f113\master_work\worker_01\f714fb70d2049464__MAS_RST.APRQ_11_0677.2-521952831e-i9zmlg4m,final,1.6314,1.4832,27,1,,641.281
fa5bb8d6cc5f5d52,C:\Users\USER\lpopt_work\kit_frontier\runs\intervention_wave_r1\intervention_N1N2_f113\master_work\worker_01\fa5bb8d6cc5f5d52__MAS_RST.APRQ_11_0677.2-84b8c865a2-pves0de1,final,1.6519,1.4693,27,1,,645.928
ff19fa37a1710e1f,C:\Users\USER\lpopt_work\kit_frontier\runs\intervention_wave_r1\intervention_N1N2_f113\master_work\worker_01\ff19fa37a1710e1f__MAS_RST.APRQ_11_0677.2-43703851c7-4u312els,final,1.6733,1.4765,27,1,,634.238
072cff6a22036c1c,C:\Users\USER\lpopt_work\kit_frontier\runs\intervention_wave_r1\intervention_N1N2_f113\master_work\worker_02\072cff6a22036c1c__MAS_RST.APRQ_11_0677.2-c3db3abc7d-4zglzyk4,final,1.6565,1.5075,27,1,,640.415
0bbfcd81ffca9e3b,C:\Users\USER\lpopt_work\kit_frontier\runs\intervention_wave_r1\intervention_N1N2_f113\master_work\worker_02\0bbfcd81ffca9e3b__MAS_RST.APRQ_11_0677.2-e8761ea810-8qiocbr2,final,1.6049,1.4501,27,1,,638.36
0ebead8fe4869ac8,C:\Users\USER\lpopt_work\kit_frontier\runs\intervention_wave_r1\intervention_N1N2_f113\master_work\worker_02\0ebead8fe4869ac8__MAS_RST.APRQ_11_0677.2-b020423cc0-mztlo8fl,final,1.6435,1.4972,27,1,,644.048
0ee489fe5c215cd3,C:\Users\USER\lpopt_work\kit_frontier\runs\intervention_wave_r1\intervention_N1N2_f113\master_work\worker_02\0ee489fe5c215cd3__MAS_RST.APRQ_11_0677.2-87d70f6c37-63ut418k,final,1.6254,1.4794,27,1,,645.45
181971e7eb71d7d8,C:\Users\USER\lpopt_work\kit_frontier\runs\intervention_wave_r1\intervention_N1N2_f113\master_work\worker_02\181971e7eb71d7d8__MAS_RST.APRQ_11_0677.2-e87839808e-t5a3cnv0,final,1.6456,1.4965,27,1,,639.841
1ccf2b014baa55a8,C:\Users\USER\lpopt_work\kit_frontier\runs\intervention_wave_r1\intervention_N1N2_f113\master_work\worker_02\1ccf2b014baa55a8__MAS_RST.APRQ_11_0677.2-d672c4fb6f-mklha1ad,final,1.7693,1.5337,27,1,,642.603
2c53f422918d7bd9,C:\Users\USER\lpopt_work\kit_frontier\runs\intervention_wave_r1\intervention_N1N2_f113\master_work\worker_02\2c53f422918d7bd9__MAS_RST.APRQ_11_0677.2-a9c0d69c24-uns66qy9,final,1.9746,1.7917,27,1,,639.354
2c7e9ad50c964e63,C:\Users\USER\lpopt_work\kit_frontier\runs\intervention_wave_r1\intervention_N1N2_f113\master_work\worker_02\2c7e9ad50c964e63__MAS_RST.APRQ_11_0677.2-764cd6ac75-cvgo9dme,final,1.8869,1.6984,27,1,,644.906
2ef271af47f5273b,C:\Users\USER\lpopt_work\kit_frontier\runs\intervention_wave_r1\intervention_N1N2_f113\master_work\worker_02\2ef271af47f5273b__MAS_RST.APRQ_11_0677.2-83283a710d-ckhwpmbi,final,1.6023,1.4589,27,1,,639.955
4c33c93bb4536a44,C:\Users\USER\lpopt_work\kit_frontier\runs\intervention_wave_r1\intervention_N1N2_f113\master_work\worker_02\4c33c93bb4536a44__MAS_RST.APRQ_11_0677.2-fdc641c2c1-la_yyvg8,final,1.6684,1.4872,27,1,,639.502
4c902bf4652d602e,C:\Users\USER\lpopt_work\kit_frontier\runs\intervention_wave_r1\intervention_N1N2_f113\master_work\worker_02\4c902bf4652d602e__MAS_RST.APRQ_11_0677.2-13e4b85a25-x_z_xljx,final,1.6021,1.4673,27,1,,644.67
4d45a07919499a15,C:\Users\USER\lpopt_work\kit_frontier\runs\intervention_wave_r1\intervention_N1N2_f113\master_work\worker_02\4d45a07919499a15__MAS_RST.APRQ_11_0677.2-3bfbbb23cb-xg3e8lek,final,1.597,1.4552,27,1,,641.772
55abb0e6588014bb,C:\Users\USER\lpopt_work\kit_frontier\runs\intervention_wave_r1\intervention_N1N2_f113\master_work\worker_02\55abb0e6588014bb__MAS_RST.APRQ_11_0677.2-bae9c70388-3eooden7,final,1.7292,1.5148,27,1,,643.869
86c77048997bb052,C:\Users\USER\lpopt_work\kit_frontier\runs\intervention_wave_r1\intervention_N1N2_f113\master_work\worker_02\86c77048997bb052__MAS_RST.APRQ_11_0677.2-36a2bed0c4-ci8rup8j,final,1.6258,1.4624,27,1,,642.183
9384df845396bafb,C:\Users\USER\lpopt_work\kit_frontier\runs\intervention_wave_r1\intervention_N1N2_f113\master_work\worker_02\9384df845396bafb__MAS_RST.APRQ_11_0677.2-932267eb3e-1eu2mitp,final,1.5994,1.4624,27,1,,641.732
b9dc4ad03425a3e4,C:\Users\USER\lpopt_work\kit_frontier\runs\intervention_wave_r1\intervention_N1N2_f113\master_work\worker_02\b9dc4ad03425a3e4__MAS_RST.APRQ_11_0677.2-837e681fca-t1dl5cws,final,1.6193,1.4655,27,1,,645.699
d331d8c3fe526dd2,C:\Users\USER\lpopt_work\kit_frontier\runs\intervention_wave_r1\intervention_N1N2_f113\master_work\worker_02\d331d8c3fe526dd2__MAS_RST.APRQ_11_0677.2-18d0857ae3-ovd2ap27,final,1.7361,1.5664,27,1,,640.364
db6e599e6b9013e0,C:\Users\USER\lpopt_work\kit_frontier\runs\intervention_wave_r1\intervention_N1N2_f113\master_work\worker_02\db6e599e6b9013e0__MAS_RST.APRQ_11_0677.2-a253834f08-bgocviwe,final,1.6625,1.5178,27,1,,638.856
e89efd4642788ae0,C:\Users\USER\lpopt_work\kit_frontier\runs\intervention_wave_r1\intervention_N1N2_f113\master_work\worker_02\e89efd4642788ae0__MAS_RST.APRQ_11_0677.2-f8646d350d-d2p2h24a,final,1.5808,1.4412,27,1,,633.172
ff4c30058b8a6a60,C:\Users\USER\lpopt_work\kit_frontier\runs\intervention_wave_r1\intervention_N1N2_f113\master_work\worker_02\ff4c30058b8a6a60__MAS_RST.APRQ_11_0677.2-57c54effad-kjhffuzb,final,2.0592,1.8743,27,1,,632.783
094a695e48a6281e,C:\Users\USER\lpopt_work\kit_frontier\runs\intervention_wave_r1\intervention_N1N2_f113\master_work\worker_03\094a695e48a6281e__MAS_RST.APRQ_11_0677.2-c11436d1b3-aoa9x5hs,final,1.9181,1.7405,27,1,,638.974
2a318eeb8f675ca5,C:\Users\USER\lpopt_work\kit_frontier\runs\intervention_wave_r1\intervention_N1N2_f113\master_work\worker_03\2a318eeb8f675ca5__MAS_RST.APRQ_11_0677.2-460c2ba357-2_y9c6g4,final,1.6153,1.4257,27,1,,635.971
2c18b84ca67e24e8,C:\Users\USER\lpopt_work\kit_frontier\runs\intervention_wave_r1\intervention_N1N2_f113\master_work\worker_03\2c18b84ca67e24e8__MAS_RST.APRQ_11_0677.2-62f924d88a-vlh4ckit,final,1.9638,1.7706,27,1,,637.885
31a150f00e5deddc,C:\Users\USER\lpopt_work\kit_frontier\runs\intervention_wave_r1\intervention_N1N2_f113\master_work\worker_03\31a150f00e5deddc__MAS_RST.APRQ_11_0677.2-9d90a5f4de-e2iu_52j,final,1.7073,1.4928,27,1,,646.522
5c3b8220b2f40b8e,C:\Users\USER\lpopt_work\kit_frontier\runs\intervention_wave_r1\intervention_N1N2_f113\master_work\worker_03\5c3b8220b2f40b8e__MAS_RST.APRQ_11_0677.2-51cff3ab73-29ge9e0_,final,1.8163,1.6282,27,1,,644.287
693e469600339cb4,C:\Users\USER\lpopt_work\kit_frontier\runs\intervention_wave_r1\intervention_N1N2_f113\master_work\worker_03\693e469600339cb4__MAS_RST.APRQ_11_0677.2-ff3947078a-jb3nb63d,final,1.769,1.6136,27,1,,640.128
6fcba76ce5881ed5,C:\Users\USER\lpopt_work\kit_frontier\runs\intervention_wave_r1\intervention_N1N2_f113\master_work\worker_03\6fcba76ce5881ed5__MAS_RST.APRQ_11_0677.2-5e33e9bafd-vi2wh_re,final,1.965,1.7933,27,1,,639.218
720061626657a1a0,C:\Users\USER\lpopt_work\kit_frontier\runs\intervention_wave_r1\intervention_N1N2_f113\master_work\worker_03\720061626657a1a0__MAS_RST.APRQ_11_0677.2-0f5746feef-wesse5kx,final,1.8185,1.6203,27,1,,646.466
80b76b0babf20c58,C:\Users\USER\lpopt_work\kit_frontier\runs\intervention_wave_r1\intervention_N1N2_f113\master_work\worker_03\80b76b0babf20c58__MAS_RST.APRQ_11_0677.2-2fb27cd4c0-fb01o1sh,final,1.7607,1.5891,27,1,,641.541
8875c9fbbfdc5422,C:\Users\USER\lpopt_work\kit_frontier\runs\intervention_wave_r1\intervention_N1N2_f113\master_work\worker_03\8875c9fbbfdc5422__MAS_RST.APRQ_11_0677.2-d658163305-ixtlyebz,final,1.8226,1.6326,27,1,,639.415
8ecefd35910b2083,C:\Users\USER\lpopt_work\kit_frontier\runs\intervention_wave_r1\intervention_N1N2_f113\master_work\worker_03\8ecefd35910b2083__MAS_RST.APRQ_11_0677.2-cf310f4c34-m__t_rq6,final,1.9047,1.7503,27,1,,637.29
9eeece05cd4c6a9d,C:\Users\USER\lpopt_work\kit_frontier\runs\intervention_wave_r1\intervention_N1N2_f113\master_work\worker_03\9eeece05cd4c6a9d__MAS_RST.APRQ_11_0677.2-1f9a48e1fe-fgfj_i7m,final,1.5794,1.4108,27,1,,640.153
b810ce9e4db219b9,C:\Users\USER\lpopt_work\kit_frontier\runs\intervention_wave_r1\intervention_N1N2_f113\master_work\worker_03\b810ce9e4db219b9__MAS_RST.APRQ_11_0677.2-8c9170d539-tlcm5sn7,final,1.705,1.5519,27,1,,642.171
c516ddd515962ed0,C:\Users\USER\lpopt_work\kit_frontier\runs\intervention_wave_r1\intervention_N1N2_f113\master_work\worker_03\c516ddd515962ed0__MAS_RST.APRQ_11_0677.2-70ec9575fc-50e8fgt1,final,1.7637,1.5948,27,1,,646.267
c73313641bb90b2f,C:\Users\USER\lpopt_work\kit_frontier\runs\intervention_wave_r1\intervention_N1N2_f113\master_work\worker_03\c73313641bb90b2f__MAS_RST.APRQ_11_0677.2-48bab35945-0anctyvf,final,1.6142,1.4416,27,1,,634.658
d30a23938e58770f,C:\Users\USER\lpopt_work\kit_frontier\runs\intervention_wave_r1\intervention_N1N2_f113\master_work\worker_03\d30a23938e58770f__MAS_RST.APRQ_11_0677.2-f617030433-jv5lbhyx,final,1.9809,1.8219,27,1,,640.037
d8cdc61dc366ecee,C:\Users\USER\lpopt_work\kit_frontier\runs\intervention_wave_r1\intervention_N1N2_f113\master_work\worker_03\d8cdc61dc366ecee__MAS_RST.APRQ_11_0677.2-c84d6622e3-u8mvautv,final,1.5947,1.3986,27,1,,645.211
e0ab5e76df007207,C:\Users\USER\lpopt_work\kit_frontier\runs\intervention_wave_r1\intervention_N1N2_f113\master_work\worker_03\e0ab5e76df007207__MAS_RST.APRQ_11_0677.2-523d1769bf-79lmdx7q,final,1.9101,1.7323,27,1,,639.873
ed45415f11538877,C:\Users\USER\lpopt_work\kit_frontier\runs\intervention_wave_r1\intervention_N1N2_f113\master_work\worker_03\ed45415f11538877__MAS_RST.APRQ_11_0677.2-e91f9e059c-jl4ngpiq,final,1.7967,1.612,27,1,,644.237
fba7d6a0b5c7e944,C:\Users\USER\lpopt_work\kit_frontier\runs\intervention_wave_r1\intervention_N1N2_f113\master_work\worker_03\fba7d6a0b5c7e944__MAS_RST.APRQ_11_0677.2-2fbf112da9-feoh2p2d,final,1.7579,1.594,27,1,,643.35
0018e90ca8d6826e,C:\Users\USER\lpopt_work\kit_frontier\runs\intervention_wave_r1\intervention_N1N2_f113\master_work\worker_04\0018e90ca8d6826e__MAS_RST.APRQ_11_0677.2-9612d4abe6-kxltezit,final,1.6053,1.4671,27,1,,644.295
0ff5ec4c4be0669a,C:\Users\USER\lpopt_work\kit_frontier\runs\intervention_wave_r1\intervention_N1N2_f113\master_work\worker_04\0ff5ec4c4be0669a__MAS_RST.APRQ_11_0677.2-2771b374df-5y3xvobl,final,1.5839,1.4313,27,1,,640.399
17a97ca66a2564f2,C:\Users\USER\lpopt_work\kit_frontier\runs\intervention_wave_r1\intervention_N1N2_f113\master_work\worker_04\17a97ca66a2564f2__MAS_RST.APRQ_11_0677.2-796b16bd0b-p6eaa4_n,final,1.9067,1.7255,27,1,,637.58
19ed98168356eaba,C:\Users\USER\lpopt_work\kit_frontier\runs\intervention_wave_r1\intervention_N1N2_f113\master_work\worker_04\19ed98168356eaba__MAS_RST.APRQ_11_0677.2-f054d5ba8f-w6wn19rf,final,1.5918,1.4387,27,1,,639.123
31a0663c4e8d67ff,C:\Users\USER\lpopt_work\kit_frontier\runs\intervention_wave_r1\intervention_N1N2_f113\master_work\worker_04\31a0663c4e8d67ff__MAS_RST.APRQ_11_0677.2-b80ec134a7-wt90fv4n,final,1.9262,1.7538,27,1,,638.609
4eef429dfcac18a1,C:\Users\USER\lpopt_work\kit_frontier\runs\intervention_wave_r1\intervention_N1N2_f113\master_work\worker_04\4eef429dfcac18a1__MAS_RST.APRQ_11_0677.2-af40d5faad-hyd_96br,final,1.9402,1.7679,27,1,,642.92
52a025ad5d55c8c8,C:\Users\USER\lpopt_work\kit_frontier\runs\intervention_wave_r1\intervention_N1N2_f113\master_work\worker_04\52a025ad5d55c8c8__MAS_RST.APRQ_11_0677.2-63efff7c04-objriu8f,final,1.8994,1.7435,27,1,,641.322
5362ed9f8daa86c2,C:\Users\USER\lpopt_work\kit_frontier\runs\intervention_wave_r1\intervention_N1N2_f113\master_work\worker_04\5362ed9f8daa86c2__MAS_RST.APRQ_11_0677.2-58543c3d86-uks6ychh,final,1.6311,1.4658,27,1,,643.336
63c34522db8ef8de,C:\Users\USER\lpopt_work\kit_frontier\runs\intervention_wave_r1\intervention_N1N2_f113\master_work\worker_04\63c34522db8ef8de__MAS_RST.APRQ_11_0677.2-d65f07406b-buspc6wh,final,1.6346,1.4797,27,1,,638.369
678c6922725cc73e,C:\Users\USER\lpopt_work\kit_frontier\runs\intervention_wave_r1\intervention_N1N2_f113\master_work\worker_04\678c6922725cc73e__MAS_RST.APRQ_11_0677.2-7061135df7-j_ukb4jw,final,1.8339,1.6648,27,1,,638.527
9181b97110f3cc0b,C:\Users\USER\lpopt_work\kit_frontier\runs\intervention_wave_r1\intervention_N1N2_f113\master_work\worker_04\9181b97110f3cc0b__MAS_RST.APRQ_11_0677.2-6e1e83ecec-r_v29lnw,final,1.6226,1.463,27,1,,639.985
957390628d1e434a,C:\Users\USER\lpopt_work\kit_frontier\runs\intervention_wave_r1\intervention_N1N2_f113\master_work\worker_04\957390628d1e434a__MAS_RST.APRQ_11_0677.2-32a3fc451e-3w5fv1bj,final,1.5681,1.4311,27,1,,642.448
9bce81b88d66a06d,C:\Users\USER\lpopt_work\kit_frontier\runs\intervention_wave_r1\intervention_N1N2_f113\master_work\worker_04\9bce81b88d66a06d__MAS_RST.APRQ_11_0677.2-579f8a4543-j10eajz3,final,1.6296,1.4749,27,1,,640.929
abfca7c9023a2411,C:\Users\USER\lpopt_work\kit_frontier\runs\intervention_wave_r1\intervention_N1N2_f113\master_work\worker_04\abfca7c9023a2411__MAS_RST.APRQ_11_0677.2-6482585330-n4fepwmu,final,1.7177,1.557,27,1,,634.272
b67aacfc84749249,C:\Users\USER\lpopt_work\kit_frontier\runs\intervention_wave_r1\intervention_N1N2_f113\master_work\worker_04\b67aacfc84749249__MAS_RST.APRQ_11_0677.2-b6929c432a-oshi64x7,final,1.9063,1.7475,27,1,,638.469
bebe1927413bfcdb,C:\Users\USER\lpopt_work\kit_frontier\runs\intervention_wave_r1\intervention_N1N2_f113\master_work\worker_04\bebe1927413bfcdb__MAS_RST.APRQ_11_0677.2-62922d4b37-i17csl8x,final,1.6441,1.4933,27,1,,640.328
d5151c682821dc1a,C:\Users\USER\lpopt_work\kit_frontier\runs\intervention_wave_r1\intervention_N1N2_f113\master_work\worker_04\d5151c682821dc1a__MAS_RST.APRQ_11_0677.2-e1bf08fb4a-i7uwb7cc,final,1.6411,1.4883,27,1,,637.873
e111025a0a742341,C:\Users\USER\lpopt_work\kit_frontier\runs\intervention_wave_r1\intervention_N1N2_f113\master_work\worker_04\e111025a0a742341__MAS_RST.APRQ_11_0677.2-79c62f9eea-3wnst_un,final,1.695,1.539,27,1,,646.259
ed111561f61b4fc5,C:\Users\USER\lpopt_work\kit_frontier\runs\intervention_wave_r1\intervention_N1N2_f113\master_work\worker_04\ed111561f61b4fc5__MAS_RST.APRQ_11_0677.2-ec9853f02a-6j1t33lb,final,1.6726,1.5166,27,1,,644.714
f51358931ddbe872,C:\Users\USER\lpopt_work\kit_frontier\runs\intervention_wave_r1\intervention_N1N2_f113\master_work\worker_04\f51358931ddbe872__MAS_RST.APRQ_11_0677.2-0bcde75ecf-syjpi1b4,final,1.6466,1.4812,27,1,,633.233
00e4c8a9488b32f7,C:\Users\USER\lpopt_work\kit_frontier\runs\intervention_wave_r1\intervention_N1N2_f113\master_work\worker_05\00e4c8a9488b32f7__MAS_RST.APRQ_11_0677.2-f6b13d5511-t7glhcj1,final,1.8248,1.6533,27,1,,642.478
15295102247712cc,C:\Users\USER\lpopt_work\kit_frontier\runs\intervention_wave_r1\intervention_N1N2_f113\master_work\worker_05\15295102247712cc__MAS_RST.APRQ_11_0677.2-4edac0e4bb-hc6dktuf,final,1.7759,1.5736,27,1,,641.279
164fde4a4a15c267,C:\Users\USER\lpopt_work\kit_frontier\runs\intervention_wave_r1\intervention_N1N2_f113\master_work\worker_05\164fde4a4a15c267__MAS_RST.APRQ_11_0677.2-2df1bf7f6e-g0mafjpm,final,1.5937,1.4398,27,1,,642.366
16a83b769988a27d,C:\Users\USER\lpopt_work\kit_frontier\runs\intervention_wave_r1\intervention_N1N2_f113\master_work\worker_05\16a83b769988a27d__MAS_RST.APRQ_11_0677.2-3535934bbb-5vaqc4h4,final,1.8578,1.6826,27,1,,639.036
27976d4063ccc80a,C:\Users\USER\lpopt_work\kit_frontier\runs\intervention_wave_r1\intervention_N1N2_f113\master_work\worker_05\27976d4063ccc80a__MAS_RST.APRQ_11_0677.2-63faa4cff2-7o0r2ob5,final,1.5688,1.3986,27,1,,634.925
3ce439a41c4e9ca0,C:\Users\USER\lpopt_work\kit_frontier\runs\intervention_wave_r1\intervention_N1N2_f113\master_work\worker_05\3ce439a41c4e9ca0__MAS_RST.APRQ_11_0677.2-191c622732-xvnpgvxt,final,1.906,1.7565,27,1,,644.871
58ea0ef8dff7425a,C:\Users\USER\lpopt_work\kit_frontier\runs\intervention_wave_r1\intervention_N1N2_f113\master_work\worker_05\58ea0ef8dff7425a__MAS_RST.APRQ_11_0677.2-4cd04a6106-2yxxc8yw,final,1.9101,1.7241,27,1,,644.475
5c934dec408f0ef0,C:\Users\USER\lpopt_work\kit_frontier\runs\intervention_wave_r1\intervention_N1N2_f113\master_work\worker_05\5c934dec408f0ef0__MAS_RST.APRQ_11_0677.2-832f999eb4-zp3iolau,final,1.8976,1.7348,27,1,,642.161
,C:\Users\USER\lpopt_work\kit_frontier\runs\intervention_wave_r1\intervention_N1N2_f113\master_work\worker_05\625acc613486211b__MAS_RST.APRQ_11_0677.2-ad34c5ddad-50micgz1,nonfinite,,,0,0,,
991690970202aa38,C:\Users\USER\lpopt_work\kit_frontier\runs\intervention_wave_r1\intervention_N1N2_f113\master_work\worker_05\991690970202aa38__MAS_RST.APRQ_11_0677.2-6aac060d12-o8t16_rb,final,1.5714,1.4402,27,1,,643.055
9a95ce621856079e,C:\Users\USER\lpopt_work\kit_frontier\runs\intervention_wave_r1\intervention_N1N2_f113\master_work\worker_05\9a95ce621856079e__MAS_RST.APRQ_11_0677.2-81efe9a7da-2lpu7joj,final,1.5552,1.4261,27,1,,642.951
b2c123a01e84399f,C:\Users\USER\lpopt_work\kit_frontier\runs\intervention_wave_r1\intervention_N1N2_f113\master_work\worker_05\b2c123a01e84399f__MAS_RST.APRQ_11_0677.2-69301fc7db-z9kk7ax2,final,1.6061,1.4501,27,1,,641.33
ba1001d403d606cd,C:\Users\USER\lpopt_work\kit_frontier\runs\intervention_wave_r1\intervention_N1N2_f113\master_work\worker_05\ba1001d403d606cd__MAS_RST.APRQ_11_0677.2-d5e1db719b-qc4udzdb,final,1.8724,1.661,27,1,,646.835
c39fea7a25b0024a,C:\Users\USER\lpopt_work\kit_frontier\runs\intervention_wave_r1\intervention_N1N2_f113\master_work\worker_05\c39fea7a25b0024a__MAS_RST.APRQ_11_0677.2-ce2905af39-7l34z6je,final,1.6126,1.4209,27,1,,636.117
d42905cc01b3c1d8,C:\Users\USER\lpopt_work\kit_frontier\runs\intervention_wave_r1\intervention_N1N2_f113\master_work\worker_05\d42905cc01b3c1d8__MAS_RST.APRQ_11_0677.2-b2c4d61b27-pjombqew,final,1.8254,1.6179,27,1,,644.969
d791b170428cb03c,C:\Users\USER\lpopt_work\kit_frontier\runs\intervention_wave_r1\intervention_N1N2_f113\master_work\worker_05\d791b170428cb03c__MAS_RST.APRQ_11_0677.2-be5ebd7e5c-8u464s5u,final,1.8445,1.6747,27,1,,640.189
dbbdc219af2b18dd,C:\Users\USER\lpopt_work\kit_frontier\runs\intervention_wave_r1\intervention_N1N2_f113\master_work\worker_05\dbbdc219af2b18dd__MAS_RST.APRQ_11_0677.2-2f234bb948-vt9agan7,final,1.802,1.6478,27,1,,644.714
f9190e3580b0f9f9,C:\Users\USER\lpopt_work\kit_frontier\runs\intervention_wave_r1\intervention_N1N2_f113\master_work\worker_05\f9190e3580b0f9f9__MAS_RST.APRQ_11_0677.2-6cf16ea90c-3t15_j0x,final,1.8701,1.7198,27,1,,646.718
fc8046398e5b9fe5,C:\Users\USER\lpopt_work\kit_frontier\runs\intervention_wave_r1\intervention_N1N2_f113\master_work\worker_05\fc8046398e5b9fe5__MAS_RST.APRQ_11_0677.2-a3c10724b4-25nck7tx,final,1.729,1.5443,27,1,,643.422
fd73d28b5fa4514a,C:\Users\USER\lpopt_work\kit_frontier\runs\intervention_wave_r1\intervention_N1N2_f113\master_work\worker_05\fd73d28b5fa4514a__MAS_RST.APRQ_11_0677.2-aeb5feaed6-hjnfry3f,final,1.9072,1.7328,27,1,,635.134
056b9fcfc62f0c0c,C:\Users\USER\lpopt_work\kit_frontier\runs\intervention_wave_r1\intervention_N1N2_f113\master_work\worker_06\056b9fcfc62f0c0c__MAS_RST.APRQ_11_0677.2-c18ffbe904-ko9ffm9o,final,1.5463,1.4182,27,1,,643.073
0ce368071e168cf5,C:\Users\USER\lpopt_work\kit_frontier\runs\intervention_wave_r1\intervention_N1N2_f113\master_work\worker_06\0ce368071e168cf5__MAS_RST.APRQ_11_0677.2-5c894f41ba-g9oiy4a4,final,1.6396,1.4864,27,1,,642.426
1352223de971293f,C:\Users\USER\lpopt_work\kit_frontier\runs\intervention_wave_r1\intervention_N1N2_f113\master_work\worker_06\1352223de971293f__MAS_RST.APRQ_11_0677.2-7c97bfcc0f-7qbpl0oa,final,1.613,1.4465,27,1,,643.217
354fc2a1a4fbcc31,C:\Users\USER\lpopt_work\kit_frontier\runs\intervention_wave_r1\intervention_N1N2_f113\master_work\worker_06\354fc2a1a4fbcc31__MAS_RST.APRQ_11_0677.2-c8b0edce7c-vwps9xvr,final,1.5909,1.4506,27,1,,642.778
3d68c0b04c89c5da,C:\Users\USER\lpopt_work\kit_frontier\runs\intervention_wave_r1\intervention_N1N2_f113\master_work\worker_06\3d68c0b04c89c5da__MAS_RST.APRQ_11_0677.2-5dca9059e2-f6hze837,final,1.6118,1.4549,27,1,,640.41
3ff6ecbd32c611d2,C:\Users\USER\lpopt_work\kit_frontier\runs\intervention_wave_r1\intervention_N1N2_f113\master_work\worker_06\3ff6ecbd32c611d2__MAS_RST.APRQ_11_0677.2-8254ee531f-c7jmaolh,final,1.6048,1.4483,27,1,,639.51
47465e4c436d9d24,C:\Users\USER\lpopt_work\kit_frontier\runs\intervention_wave_r1\intervention_N1N2_f113\master_work\worker_06\47465e4c436d9d24__MAS_RST.APRQ_11_0677.2-44c12f86e2-z6072ej5,final,1.595,1.4591,27,1,,642.692
5bd5d7e6e7b61e98,C:\Users\USER\lpopt_work\kit_frontier\runs\intervention_wave_r1\intervention_N1N2_f113\master_work\worker_06\5bd5d7e6e7b61e98__MAS_RST.APRQ_11_0677.2-2f6b4dd2b5-5r8v9rys,final,1.63,1.4274,27,1,,645.956
68ec966fb650a4bf,C:\Users\USER\lpopt_work\kit_frontier\runs\intervention_wave_r1\intervention_N1N2_f113\master_work\worker_06\68ec966fb650a4bf__MAS_RST.APRQ_11_0677.2-a414c3e614-9nftm1bc,final,1.6098,1.4682,27,1,,645.531
787f3db3a95a69cf,C:\Users\USER\lpopt_work\kit_frontier\runs\intervention_wave_r1\intervention_N1N2_f113\master_work\worker_06\787f3db3a95a69cf__MAS_RST.APRQ_11_0677.2-ea2564029e-iq17rdix,final,1.6457,1.4907,27,1,,641.689
97247d17b25edb6f,C:\Users\USER\lpopt_work\kit_frontier\runs\intervention_wave_r1\intervention_N1N2_f113\master_work\worker_06\97247d17b25edb6f__MAS_RST.APRQ_11_0677.2-562c7e07f4-8aobfzis,final,1.6025,1.4643,27,1,,646.395
a32cd143d1e27e3f,C:\Users\USER\lpopt_work\kit_frontier\runs\intervention_wave_r1\intervention_N1N2_f113\master_work\worker_06\a32cd143d1e27e3f__MAS_RST.APRQ_11_0677.2-1221381af1-4ccuogeg,final,1.6362,1.4557,27,1,,646.282
aa86a1f39ac9da3c,C:\Users\USER\lpopt_work\kit_frontier\runs\intervention_wave_r1\intervention_N1N2_f113\master_work\worker_06\aa86a1f39ac9da3c__MAS_RST.APRQ_11_0677.2-a312afeef4-95tsv1sb,final,1.5719,1.4173,27,1,,645.978
abca3006bf14f100,C:\Users\USER\lpopt_work\kit_frontier\runs\intervention_wave_r1\intervention_N1N2_f113\master_work\worker_06\abca3006bf14f100__MAS_RST.APRQ_11_0677.2-508572faaf-pdviymx7,final,1.6527,1.5052,27,1,,640.044
ad3881272821fec1,C:\Users\USER\lpopt_work\kit_frontier\runs\intervention_wave_r1\intervention_N1N2_f113\master_work\worker_06\ad3881272821fec1__MAS_RST.APRQ_11_0677.2-9f2f84dfe4-_hz_1_8v,final,1.5857,1.4454,27,1,,641.056
d143f777fcb41f45,C:\Users\USER\lpopt_work\kit_frontier\runs\intervention_wave_r1\intervention_N1N2_f113\master_work\worker_06\d143f777fcb41f45__MAS_RST.APRQ_11_0677.2-c10d4ae375-8jfuk2y5,final,1.5994,1.4433,27,1,,641.732
d78f2134c3a86e8f,C:\Users\USER\lpopt_work\kit_frontier\runs\intervention_wave_r1\intervention_N1N2_f113\master_work\worker_06\d78f2134c3a86e8f__MAS_RST.APRQ_11_0677.2-5f6d82303e-duuq38gn,final,1.6293,1.4491,27,1,,635.639
db420e67f2f29512,C:\Users\USER\lpopt_work\kit_frontier\runs\intervention_wave_r1\intervention_N1N2_f113\master_work\worker_06\db420e67f2f29512__MAS_RST.APRQ_11_0677.2-bd2512f618-g7jv9ppk,final,1.6119,1.4597,27,1,,634.196
e46b09390e86bd47,C:\Users\USER\lpopt_work\kit_frontier\runs\intervention_wave_r1\intervention_N1N2_f113\master_work\worker_06\e46b09390e86bd47__MAS_RST.APRQ_11_0677.2-84e4572bf9-h76spjog,final,1.5814,1.438,27,1,,644.76
ff2ff7bf4d806d33,C:\Users\USER\lpopt_work\kit_frontier\runs\intervention_wave_r1\intervention_N1N2_f113\master_work\worker_06\ff2ff7bf4d806d33__MAS_RST.APRQ_11_0677.2-174a42b98e-i225bk8z,final,1.6036,1.4468,27,1,,640.457
172ed05abc689783,C:\Users\USER\lpopt_work\kit_frontier\runs\intervention_wave_r1\intervention_N1N2_f113\master_work\worker_07\172ed05abc689783__MAS_RST.APRQ_11_0677.2-59ed215123-wqs7esqj,final,1.5679,1.4131,27,1,,645.266
18988e928b2faa19,C:\Users\USER\lpopt_work\kit_frontier\runs\intervention_wave_r1\intervention_N1N2_f113\master_work\worker_07\18988e928b2faa19__MAS_RST.APRQ_11_0677.2-0109dad4c1-7pne0mu4,final,1.5795,1.4389,27,1,,640.497
24eb9ac1e90f0e9e,C:\Users\USER\lpopt_work\kit_frontier\runs\intervention_wave_r1\intervention_N1N2_f113\master_work\worker_07\24eb9ac1e90f0e9e__MAS_RST.APRQ_11_0677.2-826bdc7105-ilwwezkh,final,1.6384,1.4791,27,1,,634.86
263b73444aec524e,C:\Users\USER\lpopt_work\kit_frontier\runs\intervention_wave_r1\intervention_N1N2_f113\master_work\worker_07\263b73444aec524e__MAS_RST.APRQ_11_0677.2-65cc0764af-bpqtrazq,final,1.5916,1.4511,27,1,,642.495
29804f61297032b1,C:\Users\USER\lpopt_work\kit_frontier\runs\intervention_wave_r1\intervention_N1N2_f113\master_work\worker_07\29804f61297032b1__MAS_RST.APRQ_11_0677.2-6915cfe773-20ctz904,final,1.5934,1.4564,27,1,,645.78
2feff30b123353d4,C:\Users\USER\lpopt_work\kit_frontier\runs\intervention_wave_r1\intervention_N1N2_f113\master_work\worker_07\2feff30b123353d4__MAS_RST.APRQ_11_0677.2-e60f677183-3vj1cbgj,final,1.6338,1.4799,27,1,,642.083
4147bfc2b76d3be0,C:\Users\USER\lpopt_work\kit_frontier\runs\intervention_wave_r1\intervention_N1N2_f113\master_work\worker_07\4147bfc2b76d3be0__MAS_RST.APRQ_11_0677.2-a1cce6b498-8mvi2bo0,final,1.6327,1.4861,27,1,,643.568
44fb5223fa25052b,C:\Users\USER\lpopt_work\kit_frontier\runs\intervention_wave_r1\intervention_N1N2_f113\master_work\worker_07\44fb5223fa25052b__MAS_RST.APRQ_11_0677.2-4a9cbda6d8-0xnly2wc,final,1.6342,1.485,27,1,,641.214
467ab53eec6f57de,C:\Users\USER\lpopt_work\kit_frontier\runs\intervention_wave_r1\intervention_N1N2_f113\master_work\worker_07\467ab53eec6f57de__MAS_RST.APRQ_11_0677.2-fd8a9d9adf-wbh76_hi,final,1.596,1.4619,27,1,,645.162
494dc5963afee3b6,C:\Users\USER\lpopt_work\kit_frontier\runs\intervention_wave_r1\intervention_N1N2_f113\master_work\worker_07\494dc5963afee3b6__MAS_RST.APRQ_11_0677.2-edc47e0632-1fwsh_f_,final,1.6248,1.4558,27,1,,640.25
51f2fcd9d8ae0a6d,C:\Users\USER\lpopt_work\kit_frontier\runs\intervention_wave_r1\intervention_N1N2_f113\master_work\worker_07\51f2fcd9d8ae0a6d__MAS_RST.APRQ_11_0677.2-6854d9801e-2tcl925l,final,1.6205,1.4479,27,1,,639.336
72f60ce2cd6143be,C:\Users\USER\lpopt_work\kit_frontier\runs\intervention_wave_r1\intervention_N1N2_f113\master_work\worker_07\72f60ce2cd6143be__MAS_RST.APRQ_11_0677.2-892ef07c5e-gjaym2s_,final,1.5835,1.4179,27,1,,645.452
b8e50a4cdcd11c92,C:\Users\USER\lpopt_work\kit_frontier\runs\intervention_wave_r1\intervention_N1N2_f113\master_work\worker_07\b8e50a4cdcd11c92__MAS_RST.APRQ_11_0677.2-0a632d2dd4-27h0jf2t,final,1.5701,1.4289,27,1,,645.886
baf721063fbc28b1,C:\Users\USER\lpopt_work\kit_frontier\runs\intervention_wave_r1\intervention_N1N2_f113\master_work\worker_07\baf721063fbc28b1__MAS_RST.APRQ_11_0677.2-ce58de8636-qydjjba5,final,1.6112,1.4506,27,1,,643.184
bbea2f79c14bbdf8,C:\Users\USER\lpopt_work\kit_frontier\runs\intervention_wave_r1\intervention_N1N2_f113\master_work\worker_07\bbea2f79c14bbdf8__MAS_RST.APRQ_11_0677.2-3e48fb9f11-odbi815r,final,1.615,1.4445,27,1,,641.468
c471c135308246a1,C:\Users\USER\lpopt_work\kit_frontier\runs\intervention_wave_r1\intervention_N1N2_f113\master_work\worker_07\c471c135308246a1__MAS_RST.APRQ_11_0677.2-0e7cde0d21-wsk8jwnz,final,1.5563,1.4207,27,1,,642.638
d09c1ddca7bc7c3c,C:\Users\USER\lpopt_work\kit_frontier\runs\intervention_wave_r1\intervention_N1N2_f113\master_work\worker_07\d09c1ddca7bc7c3c__MAS_RST.APRQ_11_0677.2-3c382e12d0-s9tehxrw,final,1.6135,1.4449,27,1,,640.317
d6e81b95355bf8fb,C:\Users\USER\lpopt_work\kit_frontier\runs\intervention_wave_r1\intervention_N1N2_f113\master_work\worker_07\d6e81b95355bf8fb__MAS_RST.APRQ_11_0677.2-12601ecf34-8aj0xby9,final,1.5798,1.4343,27,1,,633.934
e9d9cc4159c3e271,C:\Users\USER\lpopt_work\kit_frontier\runs\intervention_wave_r1\intervention_N1N2_f113\master_work\worker_07\e9d9cc4159c3e271__MAS_RST.APRQ_11_0677.2-13c4c2278c-wp__jq1f,final,1.5942,1.458,27,1,,642.335
f9dbbbae584a3b11,C:\Users\USER\lpopt_work\kit_frontier\runs\intervention_wave_r1\intervention_N1N2_f113\master_work\worker_07\f9dbbbae584a3b11__MAS_RST.APRQ_11_0677.2-221148dbc6-a5_biska,final,1.618,1.4468,27,1,,639.366
0056fd655ade2d98,C:\Users\USER\lpopt_work\kit_frontier\runs\intervention_wave_r1\intervention_T6T4_f121\master_work\worker_00\0056fd655ade2d98__MAS_RST.APRQ_10_0615.1-153db037a5-i8a5375j,final,1.6135,1.4284,25,1,,621.756
0a71b291a12ead3e,C:\Users\USER\lpopt_work\kit_frontier\runs\intervention_wave_r1\intervention_T6T4_f121\master_work\worker_00\0a71b291a12ead3e__MAS_RST.APRQ_10_0615.1-c4614bbb9a-fm1_l3e7,final,1.6389,1.46,25,1,,621.595
24cd1ded9ea5b61f,C:\Users\USER\lpopt_work\kit_frontier\runs\intervention_wave_r1\intervention_T6T4_f121\master_work\worker_00\24cd1ded9ea5b61f__MAS_RST.APRQ_10_0615.1-bd0049ee99-do9rtc5b,final,1.6896,1.5453,25,1,,619.014
3ef4a5a280699a56,C:\Users\USER\lpopt_work\kit_frontier\runs\intervention_wave_r1\intervention_T6T4_f121\master_work\worker_00\3ef4a5a280699a56__MAS_RST.APRQ_10_0615.1-b0f30fb1f8-t5p92vxk,final,1.7521,1.5779,25,1,,623.564
52086421f1c36827,C:\Users\USER\lpopt_work\kit_frontier\runs\intervention_wave_r1\intervention_T6T4_f121\master_work\worker_00\52086421f1c36827__MAS_RST.APRQ_10_0615.1-54df61cdf5-mlgoploy,final,1.6249,1.4528,25,1,,622.486
59d4c3ed351b9091,C:\Users\USER\lpopt_work\kit_frontier\runs\intervention_wave_r1\intervention_T6T4_f121\master_work\worker_00\59d4c3ed351b9091__MAS_RST.APRQ_10_0615.1-cb03ddc232-4ko5e5qd,final,1.6662,1.4675,25,1,,617.091
64d6d660209f4dce,C:\Users\USER\lpopt_work\kit_frontier\runs\intervention_wave_r1\intervention_T6T4_f121\master_work\worker_00\64d6d660209f4dce__MAS_RST.APRQ_10_0615.1-225591cc8e-za1lqwpx,final,1.6855,1.5164,25,1,,618.147
735a090ceed23d45,C:\Users\USER\lpopt_work\kit_frontier\runs\intervention_wave_r1\intervention_T6T4_f121\master_work\worker_00\735a090ceed23d45__MAS_RST.APRQ_10_0615.1-fcf1174cd1-d3eoomd1,final,1.6205,1.4435,25,1,,617.015
76e722af9360123d,C:\Users\USER\lpopt_work\kit_frontier\runs\intervention_wave_r1\intervention_T6T4_f121\master_work\worker_00\76e722af9360123d__MAS_RST.APRQ_10_0615.1-b2ac6f4c70-y11fhet9,final,1.6485,1.4889,25,1,,623.631
7a78d922ddc69773,C:\Users\USER\lpopt_work\kit_frontier\runs\intervention_wave_r1\intervention_T6T4_f121\master_work\worker_00\7a78d922ddc69773__MAS_RST.APRQ_10_0615.1-582d943784-so6x15wl,final,1.6151,1.4428,25,1,,621
88395d403ad2c73b,C:\Users\USER\lpopt_work\kit_frontier\runs\intervention_wave_r1\intervention_T6T4_f121\master_work\worker_00\88395d403ad2c73b__MAS_RST.APRQ_10_0615.1-a34a6946af-8lj_auch,final,1.6464,1.4831,25,1,,617.233
9da63214cb3918f6,C:\Users\USER\lpopt_work\kit_frontier\runs\intervention_wave_r1\intervention_T6T4_f121\master_work\worker_00\9da63214cb3918f6__MAS_RST.APRQ_10_0615.1-b6e8888901-zpmroeud,final,1.6239,1.4686,25,1,,625.504
9ea871f0377bdf92,C:\Users\USER\lpopt_work\kit_frontier\runs\intervention_wave_r1\intervention_T6T4_f121\master_work\worker_00\9ea871f0377bdf92__MAS_RST.APRQ_10_0615.1-03c062cee9-qpecamov,final,1.657,1.4787,25,1,,621.317
af33f3de67c6f7c4,C:\Users\USER\lpopt_work\kit_frontier\runs\intervention_wave_r1\intervention_T6T4_f121\master_work\worker_00\af33f3de67c6f7c4__MAS_RST.APRQ_10_0615.1-f0d97314b7-9zl18m2t,final,1.6555,1.4655,25,1,,618.966
c60ddf98321c3e7e,C:\Users\USER\lpopt_work\kit_frontier\runs\intervention_wave_r1\intervention_T6T4_f121\master_work\worker_00\c60ddf98321c3e7e__MAS_RST.APRQ_10_0615.1-ff5ee12679-ln56ssk2,final,1.5996,1.4066,25,1,,616.289
cd361130ce7ec7b8,C:\Users\USER\lpopt_work\kit_frontier\runs\intervention_wave_r1\intervention_T6T4_f121\master_work\worker_00\cd361130ce7ec7b8__MAS_RST.APRQ_10_0615.1-7882cda00c-s301f_gb,final,1.7481,1.5748,25,1,,623.869
d5ee1f50e8cfc775,C:\Users\USER\lpopt_work\kit_frontier\runs\intervention_wave_r1\intervention_T6T4_f121\master_work\worker_00\d5ee1f50e8cfc775__MAS_RST.APRQ_10_0615.1-f724c37b7b-7wdrl8_s,final,1.571,1.4379,25,1,,621.98
d67000eeca3a7a7e,C:\Users\USER\lpopt_work\kit_frontier\runs\intervention_wave_r1\intervention_T6T4_f121\master_work\worker_00\d67000eeca3a7a7e__MAS_RST.APRQ_10_0615.1-3d8257dbe6-ks8baxur,final,1.6525,1.4867,25,1,,617.051
f48a8775a46de179,C:\Users\USER\lpopt_work\kit_frontier\runs\intervention_wave_r1\intervention_T6T4_f121\master_work\worker_00\f48a8775a46de179__MAS_RST.APRQ_10_0615.1-26a3fbc606-uo16v9fl,final,1.7604,1.5831,25,1,,623.604
f4c78e07594c2e70,C:\Users\USER\lpopt_work\kit_frontier\runs\intervention_wave_r1\intervention_T6T4_f121\master_work\worker_00\f4c78e07594c2e70__MAS_RST.APRQ_10_0615.1-5ee271241d-tchknwco,final,1.76,1.5843,25,1,,623.521
,C:\Users\USER\lpopt_work\kit_frontier\runs\intervention_wave_r1\intervention_T6T4_f121\master_work\worker_01\057b6269afe341dc__MAS_RST.APRQ_10_0615.1-09fc037ca6-5vtj_209,nonfinite,,,0,0,,
057b6269afe341dc,C:\Users\USER\lpopt_work\kit_frontier\runs\intervention_wave_r1\intervention_T6T4_f121\master_work\worker_01\057b6269afe341dc__MAS_RST.APRQ_10_0615.1-634c7fbdae-wsj2m02s,superseded,,,0,0,,
07cdc467507e768b,C:\Users\USER\lpopt_work\kit_frontier\runs\intervention_wave_r1\intervention_T6T4_f121\master_work\worker_01\07cdc467507e768b__MAS_RST.APRQ_10_0615.1-11525260b5-spobhm_8,final,1.7048,1.5371,25,1,,623.609
08e7d2a06de38fc9,C:\Users\USER\lpopt_work\kit_frontier\runs\intervention_wave_r1\intervention_T6T4_f121\master_work\worker_01\08e7d2a06de38fc9__MAS_RST.APRQ_10_0615.1-9c37f744c3-1jtmidg_,final,1.7046,1.5347,25,1,,623.326
139942f586688bad,C:\Users\USER\lpopt_work\kit_frontier\runs\intervention_wave_r1\intervention_T6T4_f121\master_work\worker_01\139942f586688bad__MAS_RST.APRQ_10_0615.1-4844960997-tfgt0r3x,final,1.7131,1.4985,25,1,,621.437
1de51e00c1aad58d,C:\Users\USER\lpopt_work\kit_frontier\runs\intervention_wave_r1\intervention_T6T4_f121\master_work\worker_01\1de51e00c1aad58d__MAS_RST.APRQ_10_0615.1-71b0a86b71-8lg6qpdz,final,1.6872,1.5292,25,1,,621.807
41aabd12023dee2f,C:\Users\USER\lpopt_work\kit_frontier\runs\intervention_wave_r1\intervention_T6T4_f121\master_work\worker_01\41aabd12023dee2f__MAS_RST.APRQ_10_0615.1-64c0d15a08-ru0375gv,final,1.6721,1.5112,25,1,,618.778
513fcf476b06b6d9,C:\Users\USER\lpopt_work\kit_frontier\runs\intervention_wave_r1\intervention_T6T4_f121\master_work\worker_01\513fcf476b06b6d9__MAS_RST.APRQ_10_0615.1-3b5d618404-ga2gtc5z,final,1.6297,1.4837,25,1,,625.083
69db81520632029f,C:\Users\USER\lpopt_work\kit_frontier\runs\intervention_wave_r1\intervention_T6T4_f121\master_work\worker_01\69db81520632029f__MAS_RST.APRQ_10_0615.1-6d88fe8362-wyfh83ox,final,1.7879,1.581,25,1,,617.649
69dc6aa0e90685bb,C:\Users\USER\lpopt_work\kit_frontier\runs\intervention_wave_r1\intervention_T6T4_f121\master_work\worker_01\69dc6aa0e90685bb__MAS_RST.APRQ_10_0615.1-fcf91e177f-fg47a2ku,final,1.8628,1.6665,25,1,,617.936
6c10c338e0c5d526,C:\Users\USER\lpopt_work\kit_frontier\runs\intervention_wave_r1\intervention_T6T4_f121\master_work\worker_01\6c10c338e0c5d526__MAS_RST.APRQ_10_0615.1-9aae40d8cd-4xovb3x8,final,1.8149,1.5986,25,1,,617.6
6c27f626a946bc1b,C:\Users\USER\lpopt_work\kit_frontier\runs\intervention_wave_r1\intervention_T6T4_f121\master_work\worker_01\6c27f626a946bc1b__MAS_RST.APRQ_10_0615.1-11d971b179-lh3lnlqh,final,1.6995,1.5328,25,1,,623.587
7bcf362a1e2402ae,C:\Users\USER\lpopt_work\kit_frontier\runs\intervention_wave_r1\intervention_T6T4_f121\master_work\worker_01\7bcf362a1e2402ae__MAS_RST.APRQ_10_0615.1-f5752712f0-xf6q3g48,final,1.6156,1.4687,25,1,,618.964
8b428c9b36d88782,C:\Users\USER\lpopt_work\kit_frontier\runs\intervention_wave_r1\intervention_T6T4_f121\master_work\worker_01\8b428c9b36d88782__MAS_RST.APRQ_10_0615.1-6846ce87dd-2uwrz09x,final,1.6958,1.5573,25,1,,618.836
b82df3f7901a5885,C:\Users\USER\lpopt_work\kit_frontier\runs\intervention_wave_r1\intervention_T6T4_f121\master_work\worker_01\b82df3f7901a5885__MAS_RST.APRQ_10_0615.1-d9cfac09bc-1gd5l5k3,final,1.6974,1.5283,25,1,,617.123
c0e7b49ba3c1ed75,C:\Users\USER\lpopt_work\kit_frontier\runs\intervention_wave_r1\intervention_T6T4_f121\master_work\worker_01\c0e7b49ba3c1ed75__MAS_RST.APRQ_10_0615.1-da0c3bcbd2-tzcza3p_,final,1.6008,1.4673,25,1,,621.349
c3bb489e4b286d71,C:\Users\USER\lpopt_work\kit_frontier\runs\intervention_wave_r1\intervention_T6T4_f121\master_work\worker_01\c3bb489e4b286d71__MAS_RST.APRQ_10_0615.1-d1dc84b5cd-2juufm1d,final,1.706,1.536,25,1,,623.374
c9d23c34771fa0d1,C:\Users\USER\lpopt_work\kit_frontier\runs\intervention_wave_r1\intervention_T6T4_f121\master_work\worker_01\c9d23c34771fa0d1__MAS_RST.APRQ_10_0615.1-be21e35614-pfmtw7vx,final,1.7652,1.5618,25,1,,621.415
cfad00b7d8fc20ae,C:\Users\USER\lpopt_work\kit_frontier\runs\intervention_wave_r1\intervention_T6T4_f121\master_work\worker_01\cfad00b7d8fc20ae__MAS_RST.APRQ_10_0615.1-b6390433b1-k7qqfjhl,final,1.7341,1.5696,25,1,,616.219
d181641388b18c2f,C:\Users\USER\lpopt_work\kit_frontier\runs\intervention_wave_r1\intervention_T6T4_f121\master_work\worker_01\d181641388b18c2f__MAS_RST.APRQ_10_0615.1-c6a45e576a-j3tax3nd,final,1.6381,1.464,25,1,,622.597
dec88f2e3c916fa5,C:\Users\USER\lpopt_work\kit_frontier\runs\intervention_wave_r1\intervention_T6T4_f121\master_work\worker_01\dec88f2e3c916fa5__MAS_RST.APRQ_10_0615.1-12f1451dd8-ip_65byr,final,1.6982,1.5327,25,1,,623.788
1a6c7e97dce0ac99,C:\Users\USER\lpopt_work\kit_frontier\runs\intervention_wave_r1\intervention_T6T4_f121\master_work\worker_02\1a6c7e97dce0ac99__MAS_RST.APRQ_10_0615.1-650f7cd793-rwsqddhg,final,1.7186,1.5241,25,1,,621.479
282e9baf8ce394e6,C:\Users\USER\lpopt_work\kit_frontier\runs\intervention_wave_r1\intervention_T6T4_f121\master_work\worker_02\282e9baf8ce394e6__MAS_RST.APRQ_10_0615.1-4e4d33afe5-quxgg9ct,final,1.7167,1.5441,25,1,,616.846
344526d2460e5b91,C:\Users\USER\lpopt_work\kit_frontier\runs\intervention_wave_r1\intervention_T6T4_f121\master_work\worker_02\344526d2460e5b91__MAS_RST.APRQ_10_0615.1-c18d3d7ecc-v2tj8h31,final,1.9024,1.6864,25,1,,621.822
384f422f82ccc0df,C:\Users\USER\lpopt_work\kit_frontier\runs\intervention_wave_r1\intervention_T6T4_f121\master_work\worker_02\384f422f82ccc0df__MAS_RST.APRQ_10_0615.1-a6d8a348e2-d_4xwa3z,final,1.924,1.7086,25,1,,621.333
39474345e0af0dfe,C:\Users\USER\lpopt_work\kit_frontier\runs\intervention_wave_r1\intervention_T6T4_f121\master_work\worker_02\39474345e0af0dfe__MAS_RST.APRQ_10_0615.1-38af396fcd-ao9b3dny,final,1.7474,1.5411,25,1,,622.001
3f149cd4d48cb605,C:\Users\USER\lpopt_work\kit_frontier\runs\intervention_wave_r1\intervention_T6T4_f121\master_work\worker_02\3f149cd4d48cb605__MAS_RST.APRQ_10_0615.1-6adcf13f28-jp3hcjzm,final,1.6035,1.4829,25,1,,618.689
492e065513155520,C:\Users\USER\lpopt_work\kit_frontier\runs\intervention_wave_r1\intervention_T6T4_f121\master_work\worker_02\492e065513155520__MAS_RST.APRQ_10_0615.1-80c8836531-gpavvsqa,final,1.7627,1.5744,25,1,,617.768
551524226bf1a10b,C:\Users\USER\lpopt_work\kit_frontier\runs\intervention_wave_r1\intervention_T6T4_f121\master_work\worker_02\551524226bf1a10b__MAS_RST.APRQ_10_0615.1-b369c491f1-v6ojk6be,final,1.9016,1.7188,25,1,,620.66
58cf647baf58ce91,C:\Users\USER\lpopt_work\kit_frontier\runs\intervention_wave_r1\intervention_T6T4_f121\master_work\worker_02\58cf647baf58ce91__MAS_RST.APRQ_10_0615.1-db712ed256-1jmd6ysu,final,1.7131,1.5294,25,1,,623.938
6c2a5c7b70fa9797,C:\Users\USER\lpopt_work\kit_frontier\runs\intervention_wave_r1\intervention_T6T4_f121\master_work\worker_02\6c2a5c7b70fa9797__MAS_RST.APRQ_10_0615.1-d84b78c68a-_abq7ly9,final,1.9191,1.6992,25,1,,621.218
91c18a2510d56edb,C:\Users\USER\lpopt_work\kit_frontier\runs\intervention_wave_r1\intervention_T6T4_f121\master_work\worker_02\91c18a2510d56edb__MAS_RST.APRQ_10_0615.1-4a6acccf2d-szqxplod,final,1.748,1.5788,25,1,,616.161
99f3c397c8d918ac,C:\Users\USER\lpopt_work\kit_frontier\runs\intervention_wave_r1\intervention_T6T4_f121\master_work\worker_02\99f3c397c8d918ac__MAS_RST.APRQ_10_0615.1-f9ab24c014-q3u9lyl6,final,1.6209,1.4989,25,1,,616.962
9a53ba02e6bc0b3d,C:\Users\USER\lpopt_work\kit_frontier\runs\intervention_wave_r1\intervention_T6T4_f121\master_work\worker_02\9a53ba02e6bc0b3d__MAS_RST.APRQ_10_0615.1-5ee424a859-gyzvn8y8,final,1.74,1.6014,25,1,,618.963
9e53d8ddefa7ad8c,C:\Users\USER\lpopt_work\kit_frontier\runs\intervention_wave_r1\intervention_T6T4_f121\master_work\worker_02\9e53d8ddefa7ad8c__MAS_RST.APRQ_10_0615.1-f5746eb146-thcrb5ys,final,1.8106,1.5979,25,1,,619.928
a093280de26c3279,C:\Users\USER\lpopt_work\kit_frontier\runs\intervention_wave_r1\intervention_T6T4_f121\master_work\worker_02\a093280de26c3279__MAS_RST.APRQ_10_0615.1-b90c777164-9licrjzw,final,1.9271,1.7056,25,1,,619.61
a3538712c6a91f48,C:\Users\USER\lpopt_work\kit_frontier\runs\intervention_wave_r1\intervention_T6T4_f121\master_work\worker_02\a3538712c6a91f48__MAS_RST.APRQ_10_0615.1-f791277109-8d1xlm67,final,1.921,1.7049,25,1,,623.447
c0e818ed304d4e55,C:\Users\USER\lpopt_work\kit_frontier\runs\intervention_wave_r1\intervention_T6T4_f121\master_work\worker_02\c0e818ed304d4e55__MAS_RST.APRQ_10_0615.1-fa765ca90b-utp006q9,final,1.9467,1.7231,25,1,,619.382
e26420f72da9c904,C:\Users\USER\lpopt_work\kit_frontier\runs\intervention_wave_r1\intervention_T6T4_f121\master_work\worker_02\e26420f72da9c904__MAS_RST.APRQ_10_0615.1-cb5735d68e-7u9vtaz4,final,1.9182,1.7029,25,1,,621.738
efa023e57ff1ec3f,C:\Users\USER\lpopt_work\kit_frontier\runs\intervention_wave_r1\intervention_T6T4_f121\master_work\worker_02\efa023e57ff1ec3f__MAS_RST.APRQ_10_0615.1-8d814e4309-mjl3b_wm,final,1.7389,1.558,25,1,,616.038
f71644e6a8e2f3d9,C:\Users\USER\lpopt_work\kit_frontier\runs\intervention_wave_r1\intervention_T6T4_f121\master_work\worker_02\f71644e6a8e2f3d9__MAS_RST.APRQ_10_0615.1-2e1ea71774-barrmkte,final,1.6342,1.4322,25,1,,616.02
154e2a0222b89232,C:\Users\USER\lpopt_work\kit_frontier\runs\intervention_wave_r1\intervention_T6T4_f121\master_work\worker_03\154e2a0222b89232__MAS_RST.APRQ_10_0615.1-3e58d47c2f-fm_wok1a,final,1.7321,1.5654,25,1,,626.142
1745c01152f16d58,C:\Users\USER\lpopt_work\kit_frontier\runs\intervention_wave_r1\intervention_T6T4_f121\master_work\worker_03\1745c01152f16d58__MAS_RST.APRQ_10_0615.1-9f20763950-ian6eech,final,2.0185,1.797,25,1,,620.979
2a81896411c219b0,C:\Users\USER\lpopt_work\kit_frontier\runs\intervention_wave_r1\intervention_T6T4_f121\master_work\worker_03\2a81896411c219b0__MAS_RST.APRQ_10_0615.1-a3cb99e26e-d4uh6yyd,final,1.6758,1.4939,25,1,,622.001
3c12a7fc76d24a57,C:\Users\USER\lpopt_work\kit_frontier\runs\intervention_wave_r1\intervention_T6T4_f121\master_work\worker_03\3c12a7fc76d24a57__MAS_RST.APRQ_10_0615.1-6aa3c58549-002die8i,final,1.7187,1.5181,25,1,,616.71
3ca46bc49e041768,C:\Users\USER\lpopt_work\kit_frontier\runs\intervention_wave_r1\intervention_T6T4_f121\master_work\worker_03\3ca46bc49e041768__MAS_RST.APRQ_10_0615.1-9ecc757304-9ogx6dqg,final,1.7078,1.5398,25,1,,624.434
4675a2fb7d9721d9,C:\Users\USER\lpopt_work\kit_frontier\runs\intervention_wave_r1\intervention_T6T4_f121\master_work\worker_03\4675a2fb7d9721d9__MAS_RST.APRQ_10_0615.1-b3be48c6e3-81ic4_h_,final,1.7086,1.5397,25,1,,624.425
4a33c29945c0b833,C:\Users\USER\lpopt_work\kit_frontier\runs\intervention_wave_r1\intervention_T6T4_f121\master_work\worker_03\4a33c29945c0b833__MAS_RST.APRQ_10_0615.1-3749733ed1-803rdbrv,final,2.0133,1.7751,25,1,,622.207
67da32a0ea8745d8,C:\Users\USER\lpopt_work\kit_frontier\runs\intervention_wave_r1\intervention_T6T4_f121\master_work\worker_03\67da32a0ea8745d8__MAS_RST.APRQ_10_0615.1-c56ed8c5aa-67poe_y9,final,1.5557,1.4231,25,1,,620.985
6b4415ac3893f954,C:\Users\USER\lpopt_work\kit_frontier\runs\intervention_wave_r1\intervention_T6T4_f121\master_work\worker_03\6b4415ac3893f954__MAS_RST.APRQ_10_0615.1-4d4f737962-89e02yxk,final,1.7181,1.5482,25,1,,623.943
6d813cafb92d855a,C:\Users\USER\lpopt_work\kit_frontier\runs\intervention_wave_r1\intervention_T6T4_f121\master_work\worker_03\6d813cafb92d855a__MAS_RST.APRQ_10_0615.1-066ad10401-pf4c1oiq,final,2.0201,1.7924,25,1,,613.568
71e928bc35bb17b7,C:\Users\USER\lpopt_work\kit_frontier\runs\intervention_wave_r1\intervention_T6T4_f121\master_work\worker_03\71e928bc35bb17b7__MAS_RST.APRQ_10_0615.1-f63fc0cdef-su5w5sph,final,1.674,1.5329,25,1,,620.232
8ded6ed2e7b582c2,C:\Users\USER\lpopt_work\kit_frontier\runs\intervention_wave_r1\intervention_T6T4_f121\master_work\worker_03\8ded6ed2e7b582c2__MAS_RST.APRQ_10_0615.1-9623b852af-7r8h0j_w,final,1.7797,1.5659,25,1,,624.378
a4e4b705638e8edc,C:\Users\USER\lpopt_work\kit_frontier\runs\intervention_wave_r1\intervention_T6T4_f121\master_work\worker_03\a4e4b705638e8edc__MAS_RST.APRQ_10_0615.1-480f666080-g_s633cj,final,1.7057,1.512,25,1,,616.301
a80ab3f312b95dcd,C:\Users\USER\lpopt_work\kit_frontier\runs\intervention_wave_r1\intervention_T6T4_f121\master_work\worker_03\a80ab3f312b95dcd__MAS_RST.APRQ_10_0615.1-b270efca27-pu6ol75g,final,1.7829,1.5902,25,1,,617.917
b157b30da78b8ea0,C:\Users\USER\lpopt_work\kit_frontier\runs\intervention_wave_r1\intervention_T6T4_f121\master_work\worker_03\b157b30da78b8ea0__MAS_RST.APRQ_10_0615.1-401200c534-guapbjg0,final,1.7181,1.546,25,1,,624.266
cb00095008f06174,C:\Users\USER\lpopt_work\kit_frontier\runs\intervention_wave_r1\intervention_T6T4_f121\master_work\worker_03\cb00095008f06174__MAS_RST.APRQ_10_0615.1-a88753fb5c-26793z10,final,1.6935,1.5036,25,1,,621.713
d0a304fda38d31dd,C:\Users\USER\lpopt_work\kit_frontier\runs\intervention_wave_r1\intervention_T6T4_f121\master_work\worker_03\d0a304fda38d31dd__MAS_RST.APRQ_10_0615.1-3fb402ed66-pyh61yde,final,1.6358,1.4805,25,1,,621.499
e8fda0ecd9d9dbd1,C:\Users\USER\lpopt_work\kit_frontier\runs\intervention_wave_r1\intervention_T6T4_f121\master_work\worker_03\e8fda0ecd9d9dbd1__MAS_RST.APRQ_10_0615.1-459b1e558d-jypd4alw,final,1.6865,1.5306,25,1,,617.689
ea4fe37ecb49d6d6,C:\Users\USER\lpopt_work\kit_frontier\runs\intervention_wave_r1\intervention_T6T4_f121\master_work\worker_03\ea4fe37ecb49d6d6__MAS_RST.APRQ_10_0615.1-407e5f02d5-afxt8tfs,final,1.82,1.6163,25,1,,619.476
f73e1aa57cf97cea,C:\Users\USER\lpopt_work\kit_frontier\runs\intervention_wave_r1\intervention_T6T4_f121\master_work\worker_03\f73e1aa57cf97cea__MAS_RST.APRQ_10_0615.1-53792c9bde-viidk46b,final,1.675,1.486,25,1,,616.832
15bc663c987c50ba,C:\Users\USER\lpopt_work\kit_frontier\runs\intervention_wave_r1\intervention_T6T4_f121\master_work\worker_04\15bc663c987c50ba__MAS_RST.APRQ_10_0615.1-a67c792ad8-za94hcw4,final,1.8149,1.6567,25,1,,615.105
2140d3d0d7c1a68f,C:\Users\USER\lpopt_work\kit_frontier\runs\intervention_wave_r1\intervention_T6T4_f121\master_work\worker_04\2140d3d0d7c1a68f__MAS_RST.APRQ_10_0615.1-85a02158d5-a5johdio,final,1.6585,1.4897,25,1,,624.734
4cc4b5d426dbb0fd,C:\Users\USER\lpopt_work\kit_frontier\runs\intervention_wave_r1\intervention_T6T4_f121\master_work\worker_04\4cc4b5d426dbb0fd__MAS_RST.APRQ_10_0615.1-5159af7e86-dl_uy0_n,final,1.8719,1.6999,25,1,,615.246
5595fce53e7b3795,C:\Users\USER\lpopt_work\kit_frontier\runs\intervention_wave_r1\intervention_T6T4_f121\master_work\worker_04\5595fce53e7b3795__MAS_RST.APRQ_10_0615.1-f242ee7f4a-5s3idd_1,final,1.5881,1.4421,25,1,,622.955
58c308908e1b78d9,C:\Users\USER\lpopt_work\kit_frontier\runs\intervention_wave_r1\intervention_T6T4_f121\master_work\worker_04\58c308908e1b78d9__MAS_RST.APRQ_10_0615.1-d522f15cda-1p3hl4ov,final,1.6444,1.4782,25,1,,619.594
594ca66351bfcd03,C:\Users\USER\lpopt_work\kit_frontier\runs\intervention_wave_r1\intervention_T6T4_f121\master_work\worker_04\594ca66351bfcd03__MAS_RST.APRQ_10_0615.1-ea4723abe6-_w0y8hfv,final,1.8036,1.6248,25,1,,613.738
682428e95e91f1d7,C:\Users\USER\lpopt_work\kit_frontier\runs\intervention_wave_r1\intervention_T6T4_f121\master_work\worker_04\682428e95e91f1d7__MAS_RST.APRQ_10_0615.1-6c43bc4a72-943lk2a1,first_cycle,,,0,0,,
758ebc3ff9bc8bed,C:\Users\USER\lpopt_work\kit_frontier\runs\intervention_wave_r1\intervention_T6T4_f121\master_work\worker_04\758ebc3ff9bc8bed__MAS_RST.APRQ_10_0615.1-432172152c-4kjvo6c9,final,1.6793,1.5238,25,1,,621.529
7d730253849f2773,C:\Users\USER\lpopt_work\kit_frontier\runs\intervention_wave_r1\intervention_T6T4_f121\master_work\worker_04\7d730253849f2773__MAS_RST.APRQ_10_0615.1-a48dd76c07-w2e9atm6,final,1.5837,1.4643,25,1,,618.084
95119207e2c789d0,C:\Users\USER\lpopt_work\kit_frontier\runs\intervention_wave_r1\intervention_T6T4_f121\master_work\worker_04\95119207e2c789d0__MAS_RST.APRQ_10_0615.1-b12ab7ad06-0xckosfy,final,1.6919,1.553,25,1,,620.235
9868ee29a3090c1b,C:\Users\USER\lpopt_work\kit_frontier\runs\intervention_wave_r1\intervention_T6T4_f121\master_work\worker_04\9868ee29a3090c1b__MAS_RST.APRQ_10_0615.1-6e6f216ec3-om1f9dsk,final,1.6256,1.4663,25,1,,624.549
9ab8d043723d74ea,C:\Users\USER\lpopt_work\kit_frontier\runs\intervention_wave_r1\intervention_T6T4_f121\master_work\worker_04\9ab8d043723d74ea__MAS_RST.APRQ_10_0615.1-08f3ae7cbf-pjeoy9x7,final,1.5933,1.4422,25,1,,619.542
a37d7c529ff69f1e,C:\Users\USER\lpopt_work\kit_frontier\runs\intervention_wave_r1\intervention_T6T4_f121\master_work\worker_04\a37d7c529ff69f1e__MAS_RST.APRQ_10_0615.1-bccaa0953b-l844qo9k,final,1.6038,1.4613,25,1,,624.123
a8f7abf9f31c4564,C:\Users\USER\lpopt_work\kit_frontier\runs\intervention_wave_r1\intervention_T6T4_f121\master_work\worker_04\a8f7abf9f31c4564__MAS_RST.APRQ_10_0615.1-03cf87bcc0-r7ma9hqf,final,1.8052,1.5946,25,1,,622.738
a93efc045d3b0110,C:\Users\USER\lpopt_work\kit_frontier\runs\intervention_wave_r1\intervention_T6T4_f121\master_work\worker_04\a93efc045d3b0110__MAS_RST.APRQ_10_0615.1-4cb8cc6f5d-urowok4i,final,1.8799,1.649,25,1,,626.745
adc581ca89949f96,C:\Users\USER\lpopt_work\kit_frontier\runs\intervention_wave_r1\intervention_T6T4_f121\master_work\worker_04\adc581ca89949f96__MAS_RST.APRQ_10_0615.1-923472acb4-s5gh5s1b,final,1.8053,1.5815,25,1,,624.551
c2a7d31c625df180,C:\Users\USER\lpopt_work\kit_frontier\runs\intervention_wave_r1\intervention_T6T4_f121\master_work\worker_04\c2a7d31c625df180__MAS_RST.APRQ_10_0615.1-a1cba67664-nqznaf4z,final,1.7133,1.5634,25,1,,622.879
e0cafb03a9107721,C:\Users\USER\lpopt_work\kit_frontier\runs\intervention_wave_r1\intervention_T6T4_f121\master_work\worker_04\e0cafb03a9107721__MAS_RST.APRQ_10_0615.1-a6715a5270-j9z8u776,final,1.6877,1.5078,25,1,,622.379
e94b642adf716c89,C:\Users\USER\lpopt_work\kit_frontier\runs\intervention_wave_r1\intervention_T6T4_f121\master_work\worker_04\e94b642adf716c89__MAS_RST.APRQ_10_0615.1-da070cac49-j4eqo_j9,final,1.7544,1.5998,25,1,,622.249
f7c8ff48cc4e497b,C:\Users\USER\lpopt_work\kit_frontier\runs\intervention_wave_r1\intervention_T6T4_f121\master_work\worker_04\f7c8ff48cc4e497b__MAS_RST.APRQ_10_0615.1-ddc9a75a5c-jpcr0mwz,final,1.6242,1.4765,25,1,,620.234
0eef2767e69905a5,C:\Users\USER\lpopt_work\kit_frontier\runs\intervention_wave_r1\intervention_T6T4_f121\master_work\worker_05\0eef2767e69905a5__MAS_RST.APRQ_10_0615.1-9e507da49c-frd8a0gz,final,1.6852,1.5622,25,1,,618.739
0f893200623564ad,C:\Users\USER\lpopt_work\kit_frontier\runs\intervention_wave_r1\intervention_T6T4_f121\master_work\worker_05\0f893200623564ad__MAS_RST.APRQ_10_0615.1-4f139aa439-kx931341,final,1.634,1.481,25,1,,621.078
1c2f4f6790cdab48,C:\Users\USER\lpopt_work\kit_frontier\runs\intervention_wave_r1\intervention_T6T4_f121\master_work\worker_05\1c2f4f6790cdab48__MAS_RST.APRQ_10_0615.1-d3a54e1473-b1dnq850,final,1.8834,1.6878,25,1,,617.971
1efc7ec96454b5c5,C:\Users\USER\lpopt_work\kit_frontier\runs\intervention_wave_r1\intervention_T6T4_f121\master_work\worker_05\1efc7ec96454b5c5__MAS_RST.APRQ_10_0615.1-0b2776b481-357t2v5j,final,1.898,1.705,25,1,,617.509
282bf71f1999756a,C:\Users\USER\lpopt_work\kit_frontier\runs\intervention_wave_r1\intervention_T6T4_f121\master_work\worker_05\282bf71f1999756a__MAS_RST.APRQ_10_0615.1-6525dda7ac-3fnbs61v,final,1.6812,1.5442,25,1,,623.409
399191fae7c743f7,C:\Users\USER\lpopt_work\kit_frontier\runs\intervention_wave_r1\intervention_T6T4_f121\master_work\worker_05\399191fae7c743f7__MAS_RST.APRQ_10_0615.1-5ebbd98f78-71a_1ty6,final,1.6225,1.5012,25,1,,619.345
3fdb2cc1dea36acf,C:\Users\USER\lpopt_work\kit_frontier\runs\intervention_wave_r1\intervention_T6T4_f121\master_work\worker_05\3fdb2cc1dea36acf__MAS_RST.APRQ_10_0615.1-bf727f714a-qstvj2e8,final,1.6793,1.5225,25,1,,621.454
46efe40cda30b2b6,C:\Users\USER\lpopt_work\kit_frontier\runs\intervention_wave_r1\intervention_T6T4_f121\master_work\worker_05\46efe40cda30b2b6__MAS_RST.APRQ_10_0615.1-d3928ed820-4vlu57vi,final,1.6497,1.5119,25,1,,623.409
6a5e88f38c26ecfa,C:\Users\USER\lpopt_work\kit_frontier\runs\intervention_wave_r1\intervention_T6T4_f121\master_work\worker_05\6a5e88f38c26ecfa__MAS_RST.APRQ_10_0615.1-2ed675f09c-a61pqzd9,final,1.6278,1.5023,25,1,,616.911
6d13620775a95c96,C:\Users\USER\lpopt_work\kit_frontier\runs\intervention_wave_r1\intervention_T6T4_f121\master_work\worker_05\6d13620775a95c96__MAS_RST.APRQ_10_0615.1-762cbcd2d6-653e0rlb,final,1.6821,1.543,25,1,,623.655
743fee7850d1d73f,C:\Users\USER\lpopt_work\kit_frontier\runs\intervention_wave_r1\intervention_T6T4_f121\master_work\worker_05\743fee7850d1d73f__MAS_RST.APRQ_10_0615.1-6c9849dff8-gbeaf4cf,final,1.8869,1.6936,25,1,,617.891
84af54ec6f2c4630,C:\Users\USER\lpopt_work\kit_frontier\runs\intervention_wave_r1\intervention_T6T4_f121\master_work\worker_05\84af54ec6f2c4630__MAS_RST.APRQ_10_0615.1-fdd309cd82-jyate91j,final,1.6888,1.5386,25,1,,621.999
928d84ce0c45d63c,C:\Users\USER\lpopt_work\kit_frontier\runs\intervention_wave_r1\intervention_T6T4_f121\master_work\worker_05\928d84ce0c45d63c__MAS_RST.APRQ_10_0615.1-d99920bead-4mat6e9h,final,1.6776,1.5329,25,1,,623.804
a309da1860351f04,C:\Users\USER\lpopt_work\kit_frontier\runs\intervention_wave_r1\intervention_T6T4_f121\master_work\worker_05\a309da1860351f04__MAS_RST.APRQ_10_0615.1-c684f1eed2-bq7t01df,final,1.6134,1.4572,25,1,,621.39
ac7ebb31439e5973,C:\Users\USER\lpopt_work\kit_frontier\runs\intervention_wave_r1\intervention_T6T4_f121\master_work\worker_05\ac7ebb31439e5973__MAS_RST.APRQ_10_0615.1-371e2674d5-nzqw24h7,final,1.8771,1.6948,25,1,,621.622
bdbebf4e57a2c181,C:\Users\USER\lpopt_work\kit_frontier\runs\intervention_wave_r1\intervention_T6T4_f121\master_work\worker_05\bdbebf4e57a2c181__MAS_RST.APRQ_10_0615.1-e79b6cd6c1-kwbpawes,final,1.6665,1.5126,25,1,,615.762
c1633750b8fa3240,C:\Users\USER\lpopt_work\kit_frontier\runs\intervention_wave_r1\intervention_T6T4_f121\master_work\worker_05\c1633750b8fa3240__MAS_RST.APRQ_10_0615.1-faa9c3515d-j7v61vn5,final,1.6828,1.529,25,1,,623.984
d443d7f3dde824a4,C:\Users\USER\lpopt_work\kit_frontier\runs\intervention_wave_r1\intervention_T6T4_f121\master_work\worker_05\d443d7f3dde824a4__MAS_RST.APRQ_10_0615.1-d97d8e40fb-8lxfb1wq,final,1.6523,1.4752,25,1,,618.46
e5546e78c24494aa,C:\Users\USER\lpopt_work\kit_frontier\runs\intervention_wave_r1\intervention_T6T4_f121\master_work\worker_05\e5546e78c24494aa__MAS_RST.APRQ_10_0615.1-dc33b5b0ec-j7oifzq1,final,1.6705,1.5179,25,1,,621.677
f4bb846201a58da4,C:\Users\USER\lpopt_work\kit_frontier\runs\intervention_wave_r1\intervention_T6T4_f121\master_work\worker_05\f4bb846201a58da4__MAS_RST.APRQ_10_0615.1-0c025eb825-igkwlpj2,final,1.6774,1.5422,25,1,,625.341
0d37ea353a010e23,C:\Users\USER\lpopt_work\kit_frontier\runs\intervention_wave_r1\intervention_T6T4_f121\master_work\worker_06\0d37ea353a010e23__MAS_RST.APRQ_10_0615.1-076ea6e2b7-7p245hgn,final,1.5888,1.441,25,1,,623.698
3cf841101cd8e664,C:\Users\USER\lpopt_work\kit_frontier\runs\intervention_wave_r1\intervention_T6T4_f121\master_work\worker_06\3cf841101cd8e664__MAS_RST.APRQ_10_0615.1-68e554084e-tu66eon0,final,1.5705,1.4282,25,1,,623.376
45294e6f596bc9e3,C:\Users\USER\lpopt_work\kit_frontier\runs\intervention_wave_r1\intervention_T6T4_f121\master_work\worker_06\45294e6f596bc9e3__MAS_RST.APRQ_10_0615.1-1e48d98bb6-xlbvcrkt,final,1.5686,1.4151,25,1,,619.159
50baf78b1fcfca05,C:\Users\USER\lpopt_work\kit_frontier\runs\intervention_wave_r1\intervention_T6T4_f121\master_work\worker_06\50baf78b1fcfca05__MAS_RST.APRQ_10_0615.1-f32f930ff8-z10kjcnf,final,1.5848,1.4527,25,1,,621.575
595a86fd5034e9bb,C:\Users\USER\lpopt_work\kit_frontier\runs\intervention_wave_r1\intervention_T6T4_f121\master_work\worker_06\595a86fd5034e9bb__MAS_RST.APRQ_10_0615.1-15f33af96b-raqr_se9,final,1.554,1.4042,25,1,,621.24
5d58c7b307e4ca46,C:\Users\USER\lpopt_work\kit_frontier\runs\intervention_wave_r1\intervention_T6T4_f121\master_work\worker_06\5d58c7b307e4ca46__MAS_RST.APRQ_10_0615.1-f6d2d78e6a-k6tts_7e,final,1.5793,1.4501,25,1,,620.934
71a5ced6109f6fb3,C:\Users\USER\lpopt_work\kit_frontier\runs\intervention_wave_r1\intervention_T6T4_f121\master_work\worker_06\71a5ced6109f6fb3__MAS_RST.APRQ_10_0615.1-f4f6af0ee3-4gpmg5zq,final,1.6699,1.4873,25,1,,618.924
b27a0aa5405c45f2,C:\Users\USER\lpopt_work\kit_frontier\runs\intervention_wave_r1\intervention_T6T4_f121\master_work\worker_06\b27a0aa5405c45f2__MAS_RST.APRQ_10_0615.1-526083d7a2-q8c7urtt,final,1.6741,1.5392,25,1,,619.433
b60257f625c0203c,C:\Users\USER\lpopt_work\kit_frontier\runs\intervention_wave_r1\intervention_T6T4_f121\master_work\worker_06\b60257f625c0203c__MAS_RST.APRQ_10_0615.1-678f56bee6-1m4otmi9,final,1.5867,1.4447,25,1,,623.698
bd99ba9ca82188f1,C:\Users\USER\lpopt_work\kit_frontier\runs\intervention_wave_r1\intervention_T6T4_f121\master_work\worker_06\bd99ba9ca82188f1__MAS_RST.APRQ_10_0615.1-e4f51c0717-dohm7j99,final,1.6944,1.505,25,1,,615.904
c0df94b2d1592886,C:\Users\USER\lpopt_work\kit_frontier\runs\intervention_wave_r1\intervention_T6T4_f121\master_work\worker_06\c0df94b2d1592886__MAS_RST.APRQ_10_0615.1-712c0e8bb7-gvctwgci,final,1.5785,1.4365,25,1,,623.675
c95c0052e9c899f4,C:\Users\USER\lpopt_work\kit_frontier\runs\intervention_wave_r1\intervention_T6T4_f121\master_work\worker_06\c95c0052e9c899f4__MAS_RST.APRQ_10_0615.1-f32077cd3d-7r66_h2r,final,1.5865,1.4533,25,1,,621.573
c9cbf0e1a7d16705,C:\Users\USER\lpopt_work\kit_frontier\runs\intervention_wave_r1\intervention_T6T4_f121\master_work\worker_06\c9cbf0e1a7d16705__MAS_RST.APRQ_10_0615.1-77fd5e9dba-0pvi6ixg,final,1.6178,1.4648,25,1,,622.105
d04cdd7c42db01fa,C:\Users\USER\lpopt_work\kit_frontier\runs\intervention_wave_r1\intervention_T6T4_f121\master_work\worker_06\d04cdd7c42db01fa__MAS_RST.APRQ_10_0615.1-860846aee8-e1wcwdf1,final,1.6074,1.4355,25,1,,625.098
d13c421ccc5d25c2,C:\Users\USER\lpopt_work\kit_frontier\runs\intervention_wave_r1\intervention_T6T4_f121\master_work\worker_06\d13c421ccc5d25c2__MAS_RST.APRQ_10_0615.1-b72b2fcce8-n1pnld1c,final,1.6653,1.497,25,1,,616.945
da685edf8537465e,C:\Users\USER\lpopt_work\kit_frontier\runs\intervention_wave_r1\intervention_T6T4_f121\master_work\worker_06\da685edf8537465e__MAS_RST.APRQ_10_0615.1-04da250f5b-yqiaac52,final,1.5566,1.4487,25,1,,621.243
dfaf70fdb2ee6e90,C:\Users\USER\lpopt_work\kit_frontier\runs\intervention_wave_r1\intervention_T6T4_f121\master_work\worker_06\dfaf70fdb2ee6e90__MAS_RST.APRQ_10_0615.1-ff2fb13d0c-58aefx16,final,1.5806,1.4393,25,1,,623.124
e285e8b03ba3e9bc,C:\Users\USER\lpopt_work\kit_frontier\runs\intervention_wave_r1\intervention_T6T4_f121\master_work\worker_06\e285e8b03ba3e9bc__MAS_RST.APRQ_10_0615.1-41aa2822d4-zfan2leh,final,1.6879,1.503,25,1,,616.954
f1258d08fb305908,C:\Users\USER\lpopt_work\kit_frontier\runs\intervention_wave_r1\intervention_T6T4_f121\master_work\worker_06\f1258d08fb305908__MAS_RST.APRQ_10_0615.1-ad30669a1a-20mp5klf,final,1.5913,1.4508,25,1,,619.183
f6d7b4ac59687abe,C:\Users\USER\lpopt_work\kit_frontier\runs\intervention_wave_r1\intervention_T6T4_f121\master_work\worker_06\f6d7b4ac59687abe__MAS_RST.APRQ_10_0615.1-ea8ce43f63-zhb6v_ph,final,1.648,1.4834,25,1,,617.238
1006404310df85a8,C:\Users\USER\lpopt_work\kit_frontier\runs\intervention_wave_r1\intervention_T6T4_f121\master_work\worker_07\1006404310df85a8__MAS_RST.APRQ_10_0615.1-27d830c9cb-1qq3hc_y,final,1.7229,1.5537,25,1,,625.617
1986db98f5fb2777,C:\Users\USER\lpopt_work\kit_frontier\runs\intervention_wave_r1\intervention_T6T4_f121\master_work\worker_07\1986db98f5fb2777__MAS_RST.APRQ_10_0615.1-db414cd98e-czw2v40b,final,1.6212,1.4538,25,1,,619.232
222662702354eab8,C:\Users\USER\lpopt_work\kit_frontier\runs\intervention_wave_r1\intervention_T6T4_f121\master_work\worker_07\222662702354eab8__MAS_RST.APRQ_10_0615.1-f43464b9ef-hukgu1h9,final,1.5949,1.4445,25,1,,616.902
2421b28fbfb831e9,C:\Users\USER\lpopt_work\kit_frontier\runs\intervention_wave_r1\intervention_T6T4_f121\master_work\worker_07\2421b28fbfb831e9__MAS_RST.APRQ_10_0615.1-91ac732f5e-0dad67xs,final,1.5727,1.4157,25,1,,619.243
242cb2664592d5b2,C:\Users\USER\lpopt_work\kit_frontier\runs\intervention_wave_r1\intervention_T6T4_f121\master_work\worker_07\242cb2664592d5b2__MAS_RST.APRQ_10_0615.1-ad78c0cb7e-qhwjx57t,final,1.61,1.476,25,1,,623.646
2a822b961375b514,C:\Users\USER\lpopt_work\kit_frontier\runs\intervention_wave_r1\intervention_T6T4_f121\master_work\worker_07\2a822b961375b514__MAS_RST.APRQ_10_0615.1-87e2440c0c-u8zudy14,final,1.6186,1.4587,25,1,,614.892
2acf12430f77d140,C:\Users\USER\lpopt_work\kit_frontier\runs\intervention_wave_r1\intervention_T6T4_f121\master_work\worker_07\2acf12430f77d140__MAS_RST.APRQ_10_0615.1-4b5f0085e2-7pln8310,final,1.7287,1.5413,25,1,,625.621
2aef96301fa971cb,C:\Users\USER\lpopt_work\kit_frontier\runs\intervention_wave_r1\intervention_T6T4_f121\master_work\worker_07\2aef96301fa971cb__MAS_RST.APRQ_10_0615.1-a7b34fd94c-nflb58eh,final,1.6063,1.452,25,1,,618.93
38b8f16d3ceff66e,C:\Users\USER\lpopt_work\kit_frontier\runs\intervention_wave_r1\intervention_T6T4_f121\master_work\worker_07\38b8f16d3ceff66e__MAS_RST.APRQ_10_0615.1-509a6d3f4b-7s4rt3kb,final,1.5922,1.4451,25,1,,621.641
3f521650eb122302,C:\Users\USER\lpopt_work\kit_frontier\runs\intervention_wave_r1\intervention_T6T4_f121\master_work\worker_07\3f521650eb122302__MAS_RST.APRQ_10_0615.1-c332e9f9e3-hlyggq65,final,1.6691,1.5316,25,1,,616.869
4986dbcf89ba6eb6,C:\Users\USER\lpopt_work\kit_frontier\runs\intervention_wave_r1\intervention_T6T4_f121\master_work\worker_07\4986dbcf89ba6eb6__MAS_RST.APRQ_10_0615.1-5b3e285942-2tyg6pog,final,1.5518,1.3804,25,1,,623.115
573ec2bf57060630,C:\Users\USER\lpopt_work\kit_frontier\runs\intervention_wave_r1\intervention_T6T4_f121\master_work\worker_07\573ec2bf57060630__MAS_RST.APRQ_10_0615.1-f31866e3ce-_sft5qau,final,1.6223,1.45,25,1,,623.004
7274103c07456ee3,C:\Users\USER\lpopt_work\kit_frontier\runs\intervention_wave_r1\intervention_T6T4_f121\master_work\worker_07\7274103c07456ee3__MAS_RST.APRQ_10_0615.1-1bd1e4702d-gqv6asge,final,1.603,1.4375,25,1,,614.173
771f1cf32ddcafb8,C:\Users\USER\lpopt_work\kit_frontier\runs\intervention_wave_r1\intervention_T6T4_f121\master_work\worker_07\771f1cf32ddcafb8__MAS_RST.APRQ_10_0615.1-83357db3ac-u9yi7giw,final,1.7308,1.5456,25,1,,625.241
927c21d6419325ad,C:\Users\USER\lpopt_work\kit_frontier\runs\intervention_wave_r1\intervention_T6T4_f121\master_work\worker_07\927c21d6419325ad__MAS_RST.APRQ_10_0615.1-e89672c511-9bpvcddr,final,1.604,1.4513,25,1,,619.426
9d3a687f9da096c2,C:\Users\USER\lpopt_work\kit_frontier\runs\intervention_wave_r1\intervention_T6T4_f121\master_work\worker_07\9d3a687f9da096c2__MAS_RST.APRQ_10_0615.1-a493d55891-inbsu0yg,final,1.5932,1.4718,25,1,,620.7
a40d138370d328ce,C:\Users\USER\lpopt_work\kit_frontier\runs\intervention_wave_r1\intervention_T6T4_f121\master_work\worker_07\a40d138370d328ce__MAS_RST.APRQ_10_0615.1-b3de7a9392-mgonwi7y,final,1.5965,1.491,25,1,,619.478
de98200b1e3733e5,C:\Users\USER\lpopt_work\kit_frontier\runs\intervention_wave_r1\intervention_T6T4_f121\master_work\worker_07\de98200b1e3733e5__MAS_RST.APRQ_10_0615.1-942263753d-9b8a_ufb,final,1.5778,1.4328,25,1,,616.767
e556b6cb1eae9725,C:\Users\USER\lpopt_work\kit_frontier\runs\intervention_wave_r1\intervention_T6T4_f121\master_work\worker_07\e556b6cb1eae9725__MAS_RST.APRQ_10_0615.1-b420670d67-b5k0v86z,final,1.6384,1.4877,25,1,,621.735
eca57f4a95c5e1e1,C:\Users\USER\lpopt_work\kit_frontier\runs\intervention_wave_r1\intervention_T6T4_f121\master_work\worker_07\eca57f4a95c5e1e1__MAS_RST.APRQ_10_0615.1-6f08e63838-fr4nqrz6,final,1.6172,1.4556,25,1,,619.188
