digest16,work_dir,cycle_evidence,f_xy,f_xya,n_steps,sane,reason,efpd_max,key_source
,..\2_LP\LOW_Fr_MASTER_result\local_5RL\data_campaigns_fuelcost_round1~_RST.APRQ_11_0615.8-00902e9b34-md8f7448_4d042c69,no_mas_sum,,,0,0,,,
,..\2_LP\LOW_Fr_MASTER_result\local_5RL\data_campaigns_fuelcost_round1~_RST.APRQ_11_0615.8-1b5cb731d8-o8y29059_cf03cfda,no_mas_sum,,,0,0,,,
,..\2_LP\LOW_Fr_MASTER_result\local_5RL\data_campaigns_fuelcost_round1~_RST.APRQ_11_0615.8-1f43cd8eb0-wz5r3e27_7944ea41,no_mas_sum,,,0,0,,,
,..\2_LP\LOW_Fr_MASTER_result\local_5RL\data_campaigns_fuelcost_round1~_RST.APRQ_11_0615.8-2685ee67c9-jskqjedb_bed9200f,no_mas_sum,,,0,0,,,
,..\2_LP\LOW_Fr_MASTER_result\local_5RL\data_campaigns_fuelcost_round1~_RST.APRQ_11_0615.8-704d525c2b-71n90257_424747cd,no_mas_sum,,,0,0,,,
,..\2_LP\LOW_Fr_MASTER_result\local_5RL\data_campaigns_fuelcost_round1~_RST.APRQ_11_0615.8-a7bf8115c0-t6klasrn_7f505009,no_mas_sum,,,0,0,,,
,..\2_LP\LOW_Fr_MASTER_result\local_5RL\data_campaigns_fuelcost_round1~_RST.APRQ_11_0615.8-b7613a69ea-oucld8zf_29297f03,no_mas_sum,,,0,0,,,
,..\2_LP\LOW_Fr_MASTER_result\local_5RL\data_campaigns_fuelcost_round1~_RST.APRQ_11_0615.8-e6d3e730eb-i7gf35jr_cd3113d9,no_mas_sum,,,0,0,,,
,..\2_LP\LOW_Fr_MASTER_result\local_5RL\data_campaigns_fuelcost_round1~_RST.APRQ_11_0615.8-e9e4764203-93dymw3s_df92ac9e,no_mas_sum,,,0,0,,,
,..\2_LP\LOW_Fr_MASTER_result\local_5RL\data_campaigns_fuelcost_round1~_RST.APRQ_11_0618.3-100b0681b4-w4_8nisl_9fd5174a,no_mas_sum,,,0,0,,,
,..\2_LP\LOW_Fr_MASTER_result\local_5RL\data_campaigns_fuelcost_round1~_RST.APRQ_11_0618.3-5aaf8015e8-hrx0blf1_a91d1621,no_mas_sum,,,0,0,,,
,..\2_LP\LOW_Fr_MASTER_result\local_5RL\data_campaigns_fuelcost_round1~_RST.APRQ_11_0618.3-61f23d765f-sqbnu243_32b022db,no_mas_sum,,,0,0,,,
,..\2_LP\LOW_Fr_MASTER_result\local_5RL\data_campaigns_fuelcost_round1~_RST.APRQ_11_0618.3-7d2868d15a-x_2nph2u_d583b009,no_mas_sum,,,0,0,,,
,..\2_LP\LOW_Fr_MASTER_result\local_5RL\data_campaigns_fuelcost_round1~_RST.APRQ_11_0618.3-8914bcfc4c-my1macx0_43520a29,no_mas_sum,,,0,0,,,
,..\2_LP\LOW_Fr_MASTER_result\local_5RL\data_campaigns_fuelcost_round1~_RST.APRQ_11_0618.3-aaaef72697-mh1vz3un_410653f6,no_mas_sum,,,0,0,,,
,..\2_LP\LOW_Fr_MASTER_result\local_5RL\data_campaigns_fuelcost_round1~_RST.APRQ_11_0618.3-fd2ba4db3a-lsaed4y5_e22eb05e,no_mas_sum,,,0,0,,,
,..\2_LP\LOW_Fr_MASTER_result\local_5RL\data_campaigns_fuelcost_round1~_RST.APRQ_11_0633.2-24f16205eb-md4jdoqq_9f72e055,no_mas_sum,,,0,0,,,
,..\2_LP\LOW_Fr_MASTER_result\local_5RL\data_campaigns_fuelcost_round1~_RST.APRQ_11_0633.2-64e99b7c84-rx45c0v0_1230ee48,no_mas_sum,,,0,0,,,
,..\2_LP\LOW_Fr_MASTER_result\local_5RL\data_campaigns_fuelcost_round1~_RST.APRQ_11_0633.2-ee5112deef-c76banw2_a579f4ab,no_mas_sum,,,0,0,,,
,..\2_LP\LOW_Fr_MASTER_result\local_5RL\data_campaigns_fuelcost_round1~_RST.APRQ_11_0635.1-1a339dd8c0-aawzg_vy_4dfb0638,no_mas_sum,,,0,0,,,
,..\2_LP\LOW_Fr_MASTER_result\local_5RL\data_campaigns_fuelcost_round1~_RST.APRQ_11_0635.1-20acb8c838-94v5ffl6_e3b763ed,no_mas_sum,,,0,0,,,
,..\2_LP\LOW_Fr_MASTER_result\local_5RL\data_campaigns_fuelcost_round1~_RST.APRQ_11_0635.1-38a3fb2629-rjzbz8xe_f662739e,no_mas_sum,,,0,0,,,
,..\2_LP\LOW_Fr_MASTER_result\local_5RL\data_campaigns_fuelcost_round1~_RST.APRQ_11_0635.1-6693cef73d-xps8dgxs_9ce83082,no_mas_sum,,,0,0,,,
,..\2_LP\LOW_Fr_MASTER_result\local_5RL\data_campaigns_fuelcost_round1~_RST.APRQ_11_0635.1-89deb84e99-hxut2347_8bf74ae1,no_mas_sum,,,0,0,,,
,..\2_LP\LOW_Fr_MASTER_result\local_5RL\data_campaigns_fuelcost_round1~_RST.APRQ_11_0635.1-a1c4cb29cc-ooqoqoc2_b36a9b48,no_mas_sum,,,0,0,,,
,..\2_LP\LOW_Fr_MASTER_result\local_5RL\data_campaigns_fuelcost_round1~_RST.APRQ_11_0635.1-be55c1f081-p551gf12_86e3e615,no_mas_sum,,,0,0,,,
,..\2_LP\LOW_Fr_MASTER_result\local_5RL\data_campaigns_fuelcost_round1~_RST.APRQ_11_0635.1-c78b3419bd-1v2kqhpp_83cd9565,no_mas_sum,,,0,0,,,
,..\2_LP\LOW_Fr_MASTER_result\local_5RL\data_campaigns_fuelcost_round1~_RST.APRQ_11_0635.1-c8351a93af-t4kmttt0_d1d367d1,no_mas_sum,,,0,0,,,
,..\2_LP\LOW_Fr_MASTER_result\local_5RL\data_campaigns_fuelcost_round1~_RST.APRQ_11_0635.1-d1f9ece57a-ry2x5by3_df59f19a,no_mas_sum,,,0,0,,,
,..\2_LP\LOW_Fr_MASTER_result\local_5RL\data_campaigns_fuelcost_round1~_RST.APRQ_11_0635.1-d36230a59e-465p5sj2_d13b6fd5,no_mas_sum,,,0,0,,,
,..\2_LP\LOW_Fr_MASTER_result\local_5RL\data_campaigns_fuelcost_round1~_RST.APRQ_11_0635.1-d432a2c5a3-385x9nj4_daf64e56,no_mas_sum,,,0,0,,,
,..\2_LP\LOW_Fr_MASTER_result\local_5RL\data_campaigns_fuelcost_round1~_RST.APRQ_11_0637.5-493d40920e-5ya9bifj_dc82556b,no_mas_sum,,,0,0,,,
,..\2_LP\LOW_Fr_MASTER_result\local_5RL\data_campaigns_fuelcost_round1~_RST.APRQ_11_0637.5-803db1215b-gufmen04_f5842dc8,no_mas_sum,,,0,0,,,
,..\2_LP\LOW_Fr_MASTER_result\local_5RL\data_campaigns_fuelcost_round1~_RST.APRQ_11_0637.5-8481722ada-zyu7p2_k_cd9836a6,no_mas_sum,,,0,0,,,
,..\2_LP\LOW_Fr_MASTER_result\local_5RL\data_campaigns_fuelcost_round1~_RST.APRQ_11_0637.5-dbe9f1f6a7-7q777um9_71e997a6,no_mas_sum,,,0,0,,,
,..\2_LP\LOW_Fr_MASTER_result\local_5RL\data_campaigns_fuelcost_round1~_RST.APRQ_11_0652.8-244622568c-01ozqy1s_b08f3183,no_mas_sum,,,0,0,,,
,..\2_LP\LOW_Fr_MASTER_result\local_5RL\data_campaigns_fuelcost_round1~_RST.APRQ_11_0652.8-7f515aad2e-2e35jx5o_3375db3e,no_mas_sum,,,0,0,,,
,..\2_LP\LOW_Fr_MASTER_result\local_5RL\data_campaigns_fuelcost_round1~_RST.APRQ_11_0652.8-99a484734b-qpgpzx0n_3699fad7,no_mas_sum,,,0,0,,,
,..\2_LP\LOW_Fr_MASTER_result\local_5RL\data_campaigns_fuelcost_round1~_RST.APRQ_11_0652.8-9c19d0ca41-upz9h3fc_abfc98c5,no_mas_sum,,,0,0,,,
,..\2_LP\LOW_Fr_MASTER_result\local_5RL\data_campaigns_fuelcost_round1~_RST.APRQ_11_0652.8-b7348ba001-ncm0nxz6_fe948834,no_mas_sum,,,0,0,,,
,..\2_LP\LOW_Fr_MASTER_result\local_5RL\data_campaigns_fuelcost_round1~_RST.APRQ_11_0652.8-b9d3b59de3-969yd_iv_f2b4bd92,no_mas_sum,,,0,0,,,
,..\2_LP\LOW_Fr_MASTER_result\local_5RL\data_campaigns_fuelcost_round1~_RST.APRQ_11_0652.8-c8df89fc7b-z18j9a0p_fe0141a5,no_mas_sum,,,0,0,,,
,..\2_LP\LOW_Fr_MASTER_result\local_5RL\data_campaigns_fuelcost_round1~_RST.APRQ_11_0658.9-14466cb734-ur63fzhw_1dce24bd,no_mas_sum,,,0,0,,,
,..\2_LP\LOW_Fr_MASTER_result\local_5RL\data_campaigns_fuelcost_round1~_RST.APRQ_11_0658.9-64f29501f9-yncj6eef_ef70743f,no_mas_sum,,,0,0,,,
,..\2_LP\LOW_Fr_MASTER_result\local_5RL\data_campaigns_fuelcost_round1~_RST.APRQ_11_0658.9-865e5ff81e-a_7eh4bc_a0430102,no_mas_sum,,,0,0,,,
,..\2_LP\LOW_Fr_MASTER_result\local_5RL\data_campaigns_fuelcost_round1~_RST.APRQ_11_0658.9-a4f3c8a8b1-82xndwnj_468749ae,no_mas_sum,,,0,0,,,
,..\2_LP\LOW_Fr_MASTER_result\local_5RL\data_campaigns_fuelcost_round1~_RST.APRQ_11_0658.9-aa42d46083-af30odz7_183e1f2c,no_mas_sum,,,0,0,,,
,..\2_LP\LOW_Fr_MASTER_result\local_5RL\data_campaigns_fuelcost_round1~_RST.APRQ_11_0658.9-baa5e3c205-xiklu8il_9e10e8d8,no_mas_sum,,,0,0,,,
,..\2_LP\LOW_Fr_MASTER_result\local_5RL\data_campaigns_fuelcost_round1~_RST.APRQ_11_0658.9-d518c5ec68-b4ijagyq_c8726b6a,no_mas_sum,,,0,0,,,
,..\2_LP\LOW_Fr_MASTER_result\local_5RL\data_campaigns_fuelcost_round1~S_RST.APRQ_11_0615.8-1c499d6d44-ceytfak_47dba48f,no_mas_sum,,,0,0,,,
,..\2_LP\LOW_Fr_MASTER_result\local_5RL\data_campaigns_fuelcost_round1~S_RST.APRQ_11_0633.2-cd2a134b15-d_tg4tr_884d7922,no_mas_sum,,,0,0,,,
,..\2_LP\LOW_Fr_MASTER_result\local_5RL\data_campaigns_fuelcost_round1~S_RST.APRQ_11_0635.1-bf7af29ded-mwf_d99_1930f2d9,no_mas_sum,,,0,0,,,
,..\2_LP\LOW_Fr_MASTER_result\local_5RL\data_campaigns_live_5.5-5.75_f~_RST.APRQ_11_0686.4-082e10b5c4-a1opwf9i_51cafc48,no_mas_sum,,,0,0,,,
,..\2_LP\LOW_Fr_MASTER_result\local_5RL\data_campaigns_live_5.5-5.75_f~_RST.APRQ_11_0686.4-0a2fcc9343-1s58tv96_1183d426,no_mas_sum,,,0,0,,,
,..\2_LP\LOW_Fr_MASTER_result\local_5RL\data_campaigns_live_5.5-5.75_f~_RST.APRQ_11_0686.4-0f2c6db466-z35b656q_853b5211,no_mas_sum,,,0,0,,,
,..\2_LP\LOW_Fr_MASTER_result\local_5RL\data_campaigns_live_5.5-5.75_f~_RST.APRQ_11_0686.4-11d4c43cc1-26_53v14_5cbc0968,no_mas_sum,,,0,0,,,
,..\2_LP\LOW_Fr_MASTER_result\local_5RL\data_campaigns_live_5.5-5.75_f~_RST.APRQ_11_0686.4-136e455b4e-lktehy91_f33edda8,no_mas_sum,,,0,0,,,
,..\2_LP\LOW_Fr_MASTER_result\local_5RL\data_campaigns_live_5.5-5.75_f~_RST.APRQ_11_0686.4-1b0814320c-eeg2qf_h_83285659,no_mas_sum,,,0,0,,,
,..\2_LP\LOW_Fr_MASTER_result\local_5RL\data_campaigns_live_5.5-5.75_f~_RST.APRQ_11_0686.4-7a42a4ef8a-_wgllcal_a198bda0,no_mas_sum,,,0,0,,,
,..\2_LP\LOW_Fr_MASTER_result\local_5RL\data_campaigns_live_5.5-5.75_f~_RST.APRQ_11_0686.4-7bce464327-bxe_cjly_e9ebbc85,no_mas_sum,,,0,0,,,
,..\2_LP\LOW_Fr_MASTER_result\local_5RL\data_campaigns_live_5.5-5.75_f~_RST.APRQ_11_0686.4-cc0f0fee56-ylxes6nu_774ba73a,no_mas_sum,,,0,0,,,
,..\2_LP\LOW_Fr_MASTER_result\local_5RL\data_campaigns_live_5.5-5.75_f~_RST.APRQ_11_0686.4-db0d597a47-8q9iiso5_3c1e39f0,no_mas_sum,,,0,0,,,
,..\2_LP\LOW_Fr_MASTER_result\local_5RL\data_campaigns_live_5.5-5.75_f~_RST.APRQ_11_0686.4-e94e194454-62ykvotz_9e871c8f,no_mas_sum,,,0,0,,,
,..\2_LP\LOW_Fr_MASTER_result\local_5RL\data_design_package_bootstrap_work_T5_T6_f101_bf32c282\cy1,no_digest,,,0,0,,,
f7db5e8defded469,..\2_LP\LOW_Fr_MASTER_result\local_5RL\data_design_package_bootstrap_work_T5_T6_f101_bf32c282\master__bootstrap-1335cccc70-w4r11xvn,ambiguous_chain,,,0,0,,,deck
,..\2_LP\LOW_Fr_MASTER_result\local_5RL\data_design_package_bootstrap_work_T5_T6_f101_bf32c282\master__bootstrap-2f5102b10d-dqsi61cx,no_mas_sum,,,0,0,,,
,..\2_LP\LOW_Fr_MASTER_result\local_5RL\data_design_package_bootstrap_work_T5_T6_f81_49737dde\cy1,no_digest,,,0,0,,,
c0791dc0cdd1abfb,..\2_LP\LOW_Fr_MASTER_result\local_5RL\data_design_package_bootstrap_work_T5_T6_f81_49737dde\master__bootstrap-0c7ad16153-9iwa7hli,ambiguous_chain,,,0,0,,,deck
,..\2_LP\LOW_Fr_MASTER_result\local_5RL\data_design_package_bootstrap_work_T5_T6_f81_49737dde\master__bootstrap-8df9dda3ba-cvvtslfx,no_mas_sum,,,0,0,,,
,..\2_LP\LOW_Fr_MASTER_result\local_5RL\runs_cur04d9p_master_work_work~_RST.APRQ_11_0686.4-7d30c7185f-0ynq_f0b_e488dd03,no_mas_sum,,,0,0,,,
,..\2_LP\LOW_Fr_MASTER_result\local_5RL\runs_cur04d9p_master_work_work~_RST.APRQ_11_0688.2-39df4eedf0-pteg1e12_c58fc006,no_mas_sum,,,0,0,,,
,..\2_LP\LOW_Fr_MASTER_result\local_5RL\runs_cur04d9p_master_work_work~_RST.APRQ_11_0692.6-7c2cc6ae46-fqr0tzcu_657570c6,no_mas_sum,,,0,0,,,
,..\2_LP\LOW_Fr_MASTER_result\local_5RL\runs_cur11fcm_master_work_work~_RST.APRQ_11_0615.8-414c778c2d-_6jwkb5g_511177f9,no_mas_sum,,,0,0,,,
,..\2_LP\LOW_Fr_MASTER_result\local_5RL\runs_cur11fcp_master_work_work~_RST.APRQ_10_0635.8-f848ca5150-zyyvxvx4_2849e6de,no_mas_sum,,,0,0,,,
,..\2_LP\LOW_Fr_MASTER_result\local_5RL\runs_cur11fcp_master_work_work~_RST.APRQ_11_0615.8-063fe7058b-ia8frg32_57e8e57b,no_mas_sum,,,0,0,,,
,..\2_LP\LOW_Fr_MASTER_result\local_5RL\runs_cur11fcp_master_work_work~_RST.APRQ_11_0615.8-07d05dc74e-nu82kjil_1ff654b9,no_mas_sum,,,0,0,,,
,..\2_LP\LOW_Fr_MASTER_result\local_5RL\runs_cur11fcp_master_work_work~_RST.APRQ_11_0618.3-6456d3e12f-3n1703dy_027c797c,no_mas_sum,,,0,0,,,
,..\2_LP\LOW_Fr_MASTER_result\local_5RL\runs_cur11fcq_master_work_work~_RST.APRQ_10_0635.8-2b6fb66b09-7bysai7j_bbfe76af,no_mas_sum,,,0,0,,,
,..\2_LP\LOW_Fr_MASTER_result\local_5RL\runs_cur11fcq_master_work_work~_RST.APRQ_10_0635.8-2d62038e85-j9m288e4_0fa45f76,no_mas_sum,,,0,0,,,
,..\2_LP\LOW_Fr_MASTER_result\local_5RL\runs_cur11fcq_master_work_work~_RST.APRQ_10_0635.8-3d1d98172a-_zicyqbg_8669edec,no_mas_sum,,,0,0,,,
,..\2_LP\LOW_Fr_MASTER_result\local_5RL\runs_cur11fcq_master_work_work~_RST.APRQ_10_0635.8-43216145d9-ot5grc3l_bd800ce5,no_mas_sum,,,0,0,,,
,..\2_LP\LOW_Fr_MASTER_result\local_5RL\runs_cur11fcq_master_work_work~_RST.APRQ_10_0635.8-4aa358f126-mf7ipa0p_03faa59f,no_mas_sum,,,0,0,,,
,..\2_LP\LOW_Fr_MASTER_result\local_5RL\runs_cur11fcq_master_work_work~_RST.APRQ_10_0635.8-52bd99de61-w6x23kxc_2440446b,no_mas_sum,,,0,0,,,
,..\2_LP\LOW_Fr_MASTER_result\local_5RL\runs_cur11fcq_master_work_work~_RST.APRQ_10_0635.8-87a152292a-n39qip7k_799c8405,no_mas_sum,,,0,0,,,
,..\2_LP\LOW_Fr_MASTER_result\local_5RL\runs_cur11fcq_master_work_work~_RST.APRQ_10_0635.8-8fc5b74dd3-jts0i6qd_570e79a4,no_mas_sum,,,0,0,,,
,..\2_LP\LOW_Fr_MASTER_result\local_5RL\runs_cur11fcq_master_work_work~_RST.APRQ_10_0635.8-a2228c121e-dsm0hzsh_bec5138c,no_mas_sum,,,0,0,,,
,..\2_LP\LOW_Fr_MASTER_result\local_5RL\runs_cur11fcq_master_work_work~_RST.APRQ_10_0635.8-cae15b3795-_wur70sn_eb26d0e6,no_mas_sum,,,0,0,,,
,..\2_LP\LOW_Fr_MASTER_result\local_5RL\runs_cur11fcq_master_work_work~_RST.APRQ_10_0635.8-d92b148fb6-_3_y2w5i_7e2a3cf5,no_mas_sum,,,0,0,,,
,..\2_LP\LOW_Fr_MASTER_result\local_5RL\runs_cur11fcq_master_work_work~_RST.APRQ_10_0635.8-dd72d9bde7-i3o29vik_9dcafa24,no_mas_sum,,,0,0,,,
,..\2_LP\LOW_Fr_MASTER_result\local_5RL\runs_cur11fcq_master_work_work~_RST.APRQ_10_0635.8-e05845e8d5-2173y_88_0ee2c427,no_mas_sum,,,0,0,,,
,..\2_LP\LOW_Fr_MASTER_result\local_5RL\runs_cur11fcq_master_work_work~_RST.APRQ_10_0635.8-f41df0c523-2d0ce_6z_f96d579f,no_mas_sum,,,0,0,,,
,..\2_LP\LOW_Fr_MASTER_result\local_5RL\runs_cur11fcq_master_work_work~_RST.APRQ_11_0615.8-0018672445-tf_q02sk_471179a2,no_mas_sum,,,0,0,,,
,..\2_LP\LOW_Fr_MASTER_result\local_5RL\runs_cur11fcq_master_work_work~_RST.APRQ_11_0615.8-00f7b82d70-1f6woe5u_032a1593,no_mas_sum,,,0,0,,,
,..\2_LP\LOW_Fr_MASTER_result\local_5RL\runs_cur11fcq_master_work_work~_RST.APRQ_11_0615.8-16e8838fed-1v4v1aou_3d8934a0,no_mas_sum,,,0,0,,,
,..\2_LP\LOW_Fr_MASTER_result\local_5RL\runs_cur11fcq_master_work_work~_RST.APRQ_11_0615.8-1854515960-zmv_z5j0_61e21664,no_mas_sum,,,0,0,,,
,..\2_LP\LOW_Fr_MASTER_result\local_5RL\runs_cur11fcq_master_work_work~_RST.APRQ_11_0615.8-1dd6aa2b7a-o6wd3hcd_ec188b18,no_mas_sum,,,0,0,,,
,..\2_LP\LOW_Fr_MASTER_result\local_5RL\runs_cur11fcq_master_work_work~_RST.APRQ_11_0615.8-1f81c57731-9dp8fzdo_afb23c2d,no_mas_sum,,,0,0,,,
,..\2_LP\LOW_Fr_MASTER_result\local_5RL\runs_cur11fcq_master_work_work~_RST.APRQ_11_0615.8-2584d24724-h7wnazdo_efff9522,no_mas_sum,,,0,0,,,
,..\2_LP\LOW_Fr_MASTER_result\local_5RL\runs_cur11fcq_master_work_work~_RST.APRQ_11_0615.8-2ed7a626ba-br_k7roo_62be461b,no_mas_sum,,,0,0,,,
,..\2_LP\LOW_Fr_MASTER_result\local_5RL\runs_cur11fcq_master_work_work~_RST.APRQ_11_0615.8-308cdb9a89-ve_z5f_z_6580acad,no_mas_sum,,,0,0,,,
,..\2_LP\LOW_Fr_MASTER_result\local_5RL\runs_cur11fcq_master_work_work~_RST.APRQ_11_0615.8-34c9d9011c-qcvhpwvb_5fdc2802,no_mas_sum,,,0,0,,,
,..\2_LP\LOW_Fr_MASTER_result\local_5RL\runs_cur11fcq_master_work_work~_RST.APRQ_11_0615.8-444f040d4b-c_mt8xqv_a3282919,no_mas_sum,,,0,0,,,
,..\2_LP\LOW_Fr_MASTER_result\local_5RL\runs_cur11fcq_master_work_work~_RST.APRQ_11_0615.8-4a0086fcc2-de38pviq_96db8bf4,no_mas_sum,,,0,0,,,
,..\2_LP\LOW_Fr_MASTER_result\local_5RL\runs_cur11fcq_master_work_work~_RST.APRQ_11_0615.8-531ec7790a-1af5kavm_4d71bd49,no_mas_sum,,,0,0,,,
,..\2_LP\LOW_Fr_MASTER_result\local_5RL\runs_cur11fcq_master_work_work~_RST.APRQ_11_0615.8-5f0867e480-xfqjpgzo_ce486c8a,no_mas_sum,,,0,0,,,
,..\2_LP\LOW_Fr_MASTER_result\local_5RL\runs_cur11fcq_master_work_work~_RST.APRQ_11_0615.8-7af8b0cda7-qsddm6yo_4158e4a4,no_mas_sum,,,0,0,,,
,..\2_LP\LOW_Fr_MASTER_result\local_5RL\runs_cur11fcq_master_work_work~_RST.APRQ_11_0615.8-7d3008d0a7-bzpfce9t_02ae5370,no_mas_sum,,,0,0,,,
,..\2_LP\LOW_Fr_MASTER_result\local_5RL\runs_cur11fcq_master_work_work~_RST.APRQ_11_0615.8-80f9454efb-arvz58fs_f2d4efd3,no_mas_sum,,,0,0,,,
,..\2_LP\LOW_Fr_MASTER_result\local_5RL\runs_cur11fcq_master_work_work~_RST.APRQ_11_0615.8-820a97e4e8-fbgpeffw_5ff12f21,no_mas_sum,,,0,0,,,
,..\2_LP\LOW_Fr_MASTER_result\local_5RL\runs_cur11fcq_master_work_work~_RST.APRQ_11_0615.8-822681eb52-c6_et4w4_b60c779c,no_mas_sum,,,0,0,,,
,..\2_LP\LOW_Fr_MASTER_result\local_5RL\runs_cur11fcq_master_work_work~_RST.APRQ_11_0615.8-88abcc088d-_ijrgq8n_2cd58a91,no_mas_sum,,,0,0,,,
,..\2_LP\LOW_Fr_MASTER_result\local_5RL\runs_cur11fcq_master_work_work~_RST.APRQ_11_0615.8-8d75928c01-kt_zvwt2_77b70e18,no_mas_sum,,,0,0,,,
,..\2_LP\LOW_Fr_MASTER_result\local_5RL\runs_cur11fcq_master_work_work~_RST.APRQ_11_0615.8-8dd4eddf29-gdvtoe4l_515e4737,no_mas_sum,,,0,0,,,
,..\2_LP\LOW_Fr_MASTER_result\local_5RL\runs_cur11fcq_master_work_work~_RST.APRQ_11_0615.8-95a3b62f8a-kqn2_dsz_2f317907,no_mas_sum,,,0,0,,,
,..\2_LP\LOW_Fr_MASTER_result\local_5RL\runs_cur11fcq_master_work_work~_RST.APRQ_11_0615.8-9d83f7a7ac-i56ja4qa_55356c55,no_mas_sum,,,0,0,,,
,..\2_LP\LOW_Fr_MASTER_result\local_5RL\runs_cur11fcq_master_work_work~_RST.APRQ_11_0615.8-a248e2f07d-1awky4d3_9560a8dd,no_mas_sum,,,0,0,,,
,..\2_LP\LOW_Fr_MASTER_result\local_5RL\runs_cur11fcq_master_work_work~_RST.APRQ_11_0615.8-a705d6ebf9-o4x9hae3_193f6db4,no_mas_sum,,,0,0,,,
,..\2_LP\LOW_Fr_MASTER_result\local_5RL\runs_cur11fcq_master_work_work~_RST.APRQ_11_0615.8-b5687cabb8-wq_xnb5y_c4ed3731,no_mas_sum,,,0,0,,,
,..\2_LP\LOW_Fr_MASTER_result\local_5RL\runs_cur11fcq_master_work_work~_RST.APRQ_11_0615.8-c19cff9b72-fptiubnf_f8d246af,no_mas_sum,,,0,0,,,
,..\2_LP\LOW_Fr_MASTER_result\local_5RL\runs_cur11fcq_master_work_work~_RST.APRQ_11_0615.8-c293d0b321-b63o8rf8_6fa27022,no_mas_sum,,,0,0,,,
,..\2_LP\LOW_Fr_MASTER_result\local_5RL\runs_cur11fcq_master_work_work~_RST.APRQ_11_0615.8-c5421aa157-04ly50ad_960251bd,no_mas_sum,,,0,0,,,
,..\2_LP\LOW_Fr_MASTER_result\local_5RL\runs_cur11fcq_master_work_work~_RST.APRQ_11_0615.8-ca6e28c040-gj4ofcse_780bfac6,no_mas_sum,,,0,0,,,
,..\2_LP\LOW_Fr_MASTER_result\local_5RL\runs_cur11fcq_master_work_work~_RST.APRQ_11_0615.8-caa07e7d87-qob32iny_6c67da7c,no_mas_sum,,,0,0,,,
,..\2_LP\LOW_Fr_MASTER_result\local_5RL\runs_cur11fcq_master_work_work~_RST.APRQ_11_0615.8-cfa2ba59fe-hotw26ee_27ad9c12,no_mas_sum,,,0,0,,,
,..\2_LP\LOW_Fr_MASTER_result\local_5RL\runs_cur11fcq_master_work_work~_RST.APRQ_11_0615.8-d3c6ee6916-z5z5k6ft_f4a1991c,no_mas_sum,,,0,0,,,
,..\2_LP\LOW_Fr_MASTER_result\local_5RL\runs_cur11fcq_master_work_work~_RST.APRQ_11_0615.8-dfd7a2ef82-i976znec_153e15fc,no_mas_sum,,,0,0,,,
,..\2_LP\LOW_Fr_MASTER_result\local_5RL\runs_cur11fcq_master_work_work~_RST.APRQ_11_0615.8-f088504999-9cvqgk1x_46ef378c,no_mas_sum,,,0,0,,,
,..\2_LP\LOW_Fr_MASTER_result\local_5RL\runs_cur11fcq_master_work_work~_RST.APRQ_11_0615.8-f56ca8a5b3-3fc3_vh3_3fccdb21,no_mas_sum,,,0,0,,,
,..\2_LP\LOW_Fr_MASTER_result\local_5RL\runs_cur11fcq_master_work_work~_RST.APRQ_11_0615.8-f75fe1d10a-w9flwa8p_b4aedcf4,no_mas_sum,,,0,0,,,
,..\2_LP\LOW_Fr_MASTER_result\local_5RL\runs_cur11fcq_master_work_work~_RST.APRQ_11_0615.8-f8192191f7-ztrd_nck_8937d223,no_mas_sum,,,0,0,,,
,..\2_LP\LOW_Fr_MASTER_result\local_5RL\runs_cur11fcq_master_work_work~_RST.APRQ_11_0618.3-11a9e8ea00-734efpe4_55d76fef,no_mas_sum,,,0,0,,,
,..\2_LP\LOW_Fr_MASTER_result\local_5RL\runs_cur11fcq_master_work_work~_RST.APRQ_11_0618.3-243db32931-gnz0g6p2_5c1d3103,no_mas_sum,,,0,0,,,
,..\2_LP\LOW_Fr_MASTER_result\local_5RL\runs_cur11fcq_master_work_work~_RST.APRQ_11_0618.3-389387b6c0-airagpp7_c68edb19,no_mas_sum,,,0,0,,,
,..\2_LP\LOW_Fr_MASTER_result\local_5RL\runs_cur11fcq_master_work_work~_RST.APRQ_11_0618.3-39df8b5fd6-lvmfmi_o_900026e7,no_mas_sum,,,0,0,,,
,..\2_LP\LOW_Fr_MASTER_result\local_5RL\runs_cur11fcq_master_work_work~_RST.APRQ_11_0618.3-443e5e117e-upilw970_4c361db9,no_mas_sum,,,0,0,,,
,..\2_LP\LOW_Fr_MASTER_result\local_5RL\runs_cur11fcq_master_work_work~_RST.APRQ_11_0618.3-5ad4629977-u4nkdlk0_03aba054,no_mas_sum,,,0,0,,,
,..\2_LP\LOW_Fr_MASTER_result\local_5RL\runs_cur11fcq_master_work_work~_RST.APRQ_11_0618.3-65d4a373fb-mu1tky8q_0f38fcf6,no_mas_sum,,,0,0,,,
,..\2_LP\LOW_Fr_MASTER_result\local_5RL\runs_cur11fcq_master_work_work~_RST.APRQ_11_0618.3-73498072ee-o81abcv0_702449a2,no_mas_sum,,,0,0,,,
,..\2_LP\LOW_Fr_MASTER_result\local_5RL\runs_cur11fcq_master_work_work~_RST.APRQ_11_0618.3-77b62cb4ff-pxzv3fo6_e92b4b27,no_mas_sum,,,0,0,,,
,..\2_LP\LOW_Fr_MASTER_result\local_5RL\runs_cur11fcq_master_work_work~_RST.APRQ_11_0618.3-81d4f68728-vrcz4wfs_ec036171,no_mas_sum,,,0,0,,,
,..\2_LP\LOW_Fr_MASTER_result\local_5RL\runs_cur11fcq_master_work_work~_RST.APRQ_11_0618.3-8cdc9907c4-2m1c3dpc_8e7f9cc7,no_mas_sum,,,0,0,,,
,..\2_LP\LOW_Fr_MASTER_result\local_5RL\runs_cur11fcq_master_work_work~_RST.APRQ_11_0618.3-a614e248b8-5p_zkicw_3ea0628c,no_mas_sum,,,0,0,,,
,..\2_LP\LOW_Fr_MASTER_result\local_5RL\runs_cur11fcq_master_work_work~_RST.APRQ_11_0618.3-bb1d242e50-vbzoi0z8_91ee3f40,no_mas_sum,,,0,0,,,
,..\2_LP\LOW_Fr_MASTER_result\local_5RL\runs_cur11fcq_master_work_work~_RST.APRQ_11_0618.3-c0e84fcce6-zg878p3x_3159ec78,no_mas_sum,,,0,0,,,
,..\2_LP\LOW_Fr_MASTER_result\local_5RL\runs_cur11fcq_master_work_work~_RST.APRQ_11_0618.3-e8f8b6de2f-q07_mfw6_72e9311a,no_mas_sum,,,0,0,,,
,..\2_LP\LOW_Fr_MASTER_result\local_5RL\runs_cur11fcq_master_work_work~_RST.APRQ_11_0618.3-f1d1ddcc1d-slxbjp88_e95c333f,no_mas_sum,,,0,0,,,
,..\2_LP\LOW_Fr_MASTER_result\local_5RL\runs_cur11fcq_master_work_work~S_RST.APRQ_10_0635.8-26166a5ce4-n74t65f_bc355f8c,no_mas_sum,,,0,0,,,
,..\2_LP\LOW_Fr_MASTER_result\local_5RL\runs_cur11fcq_master_work_work~S_RST.APRQ_11_0615.8-6bc4e694db-p7kbuci_aa695230,no_mas_sum,,,0,0,,,
,..\2_LP\LOW_Fr_MASTER_result\local_5RL\runs_cur11fcq_master_work_work~S_RST.APRQ_11_0618.3-6c7fa883c0-hnalmme_b7463ad1,no_mas_sum,,,0,0,,,
,..\2_LP\LOW_Fr_MASTER_result\local_5RL\runs_cur20d5p_master_work_work~_RST.APRQ_12_0777.1-29564e8278-3y5_v5dv_93db3cd1,no_mas_sum,,,0,0,,,
,..\2_LP\LOW_Fr_MASTER_result\local_5RL\runs_cur20d5p_master_work_work~_RST.APRQ_12_0777.1-bef5c1daab-893ch456_cbd69f53,no_mas_sum,,,0,0,,,
,..\2_LP\LOW_Fr_MASTER_result\local_5RL\runs_cur276cp_master_work_work~_RST.APRQ_11_0767.1-3988eb50e2-m8b8h2r1_4d851d13,no_mas_sum,,,0,0,,,
,..\2_LP\LOW_Fr_MASTER_result\local_5RL\runs_cur276cp_master_work_work~_RST.APRQ_11_0767.1-7b0544ca49-jjnwohsy_68bc4e09,no_mas_sum,,,0,0,,,
,..\2_LP\LOW_Fr_MASTER_result\local_5RL\runs_cur276cp_master_work_work~_RST.APRQ_11_0767.1-a7db29aee7-uxm5zerr_a0697966,no_mas_sum,,,0,0,,,
,..\2_LP\LOW_Fr_MASTER_result\local_5RL\runs_cur276cp_master_work_work~_RST.APRQ_11_0767.1-fa01942bc4-sam6bfiv_fffb47cb,no_mas_sum,,,0,0,,,
,..\2_LP\LOW_Fr_MASTER_result\local_5RL\runs_cur3716p_master_work_work~_RST.APRQ_11_0767.1-77f38ea5f0-g8vyu4op_586cb3c1,no_mas_sum,,,0,0,,,
,..\2_LP\LOW_Fr_MASTER_result\local_5RL\runs_cur39d4p_master_work_work~_RST.APRQ_11_0767.1-01fa9a8030-g8htm3tc_1a38f75d,no_mas_sum,,,0,0,,,
,..\2_LP\LOW_Fr_MASTER_result\local_5RL\runs_cur39d4p_master_work_work~_RST.APRQ_11_0767.1-8ecd8c88ce-y6o_2z_5_817e319a,no_mas_sum,,,0,0,,,
,..\2_LP\LOW_Fr_MASTER_result\local_5RL\runs_cur39d4p_master_work_work~S_RST.APRQ_11_0767.1-e33bcabd91-xmk6zgy_49bed673,no_mas_sum,,,0,0,,,
,..\2_LP\LOW_Fr_MASTER_result\local_5RL\runs_cur3a89m_master_work_work~_RST.APRQ_11_0686.4-6f21495c5c-1m_e4zvu_d87b674c,no_mas_sum,,,0,0,,,
,..\2_LP\LOW_Fr_MASTER_result\local_5RL\runs_cur3a89m_master_work_work~_RST.APRQ_11_0688.2-10c825dc66-818h_jv3_efa9b9be,no_mas_sum,,,0,0,,,
,..\2_LP\LOW_Fr_MASTER_result\local_5RL\runs_cur3a89m_master_work_work~_RST.APRQ_11_0688.2-13c005152e-06me7uq0_b7551513,no_mas_sum,,,0,0,,,
,..\2_LP\LOW_Fr_MASTER_result\local_5RL\runs_cur3a89m_master_work_work~_RST.APRQ_11_0688.2-44b952f782-f7rsr00s_10de93f2,no_mas_sum,,,0,0,,,
,..\2_LP\LOW_Fr_MASTER_result\local_5RL\runs_cur3a89p_master_work_work~_RST.APRQ_11_0686.4-b89731afd5-yv32pi8v_32ce6054,no_mas_sum,,,0,0,,,
,..\2_LP\LOW_Fr_MASTER_result\local_5RL\runs_cur3a89p_master_work_work~_RST.APRQ_11_0688.2-e5e31f2eb5-hc3nhxs0_4128620f,no_mas_sum,,,0,0,,,
,..\2_LP\LOW_Fr_MASTER_result\local_5RL\runs_cur3a89p_master_work_work~_RST.APRQ_11_0692.6-1d5e10fa68-zsdgcejz_cdf4ddd4,no_mas_sum,,,0,0,,,
,..\2_LP\LOW_Fr_MASTER_result\local_5RL\runs_cur3a89q_master_work_work~_RST.APRQ_11_0686.4-008523b9ea-jti736xy_90c4573e,no_mas_sum,,,0,0,,,
,..\2_LP\LOW_Fr_MASTER_result\local_5RL\runs_cur3a89q_master_work_work~_RST.APRQ_11_0686.4-04f2f81790-ym9f69po_8b9ae32a,no_mas_sum,,,0,0,,,
fe2262306c5027ed,..\2_LP\LOW_Fr_MASTER_result\local_5RL\runs_cur3a89q_master_work_work~_RST.APRQ_11_0686.4-116f21b1cb-ix0x69ez_41355838,superseded,,,0,0,,,deck
,..\2_LP\LOW_Fr_MASTER_result\local_5RL\runs_cur3a89q_master_work_work~_RST.APRQ_11_0686.4-18454ea4d6-j58i_tbz_4d5fb038,no_mas_sum,,,0,0,,,
,..\2_LP\LOW_Fr_MASTER_result\local_5RL\runs_cur3a89q_master_work_work~_RST.APRQ_11_0686.4-197c0c4d75-_9w06wk0_2529b111,no_mas_sum,,,0,0,,,
,..\2_LP\LOW_Fr_MASTER_result\local_5RL\runs_cur3a89q_master_work_work~_RST.APRQ_11_0686.4-1cd2e606cc-mgkv0dbi_a9b96360,no_mas_sum,,,0,0,,,
,..\2_LP\LOW_Fr_MASTER_result\local_5RL\runs_cur3a89q_master_work_work~_RST.APRQ_11_0686.4-27be12e626-vycfidwj_1e64bb35,no_mas_sum,,,0,0,,,
,..\2_LP\LOW_Fr_MASTER_result\local_5RL\runs_cur3a89q_master_work_work~_RST.APRQ_11_0686.4-2da1a78706-dqlpipa6_7347a5ae,no_mas_sum,,,0,0,,,
,..\2_LP\LOW_Fr_MASTER_result\local_5RL\runs_cur3a89q_master_work_work~_RST.APRQ_11_0686.4-30dbf52bbd-id19il7r_d36d06e9,no_mas_sum,,,0,0,,,
,..\2_LP\LOW_Fr_MASTER_result\local_5RL\runs_cur3a89q_master_work_work~_RST.APRQ_11_0686.4-61d6c6b153-234hbt2g_8b729b6c,no_mas_sum,,,0,0,,,
,..\2_LP\LOW_Fr_MASTER_result\local_5RL\runs_cur3a89q_master_work_work~_RST.APRQ_11_0686.4-61d6c6b153-gif85npa_f4f722a4,no_mas_sum,,,0,0,,,
,..\2_LP\LOW_Fr_MASTER_result\local_5RL\runs_cur3a89q_master_work_work~_RST.APRQ_11_0686.4-654b4ca097-d9jt4q8l_86203d68,no_mas_sum,,,0,0,,,
ee431adb101f9e4a,..\2_LP\LOW_Fr_MASTER_result\local_5RL\runs_cur3a89q_master_work_work~_RST.APRQ_11_0686.4-67661694d8-pp2goid3_1dca9ff9,superseded,,,0,0,,,deck
dd285365c3537d05,..\2_LP\LOW_Fr_MASTER_result\local_5RL\runs_cur3a89q_master_work_work~_RST.APRQ_11_0686.4-6e06a261c9-72n19xzc_ae7d9610,superseded,,,0,0,,,deck
,..\2_LP\LOW_Fr_MASTER_result\local_5RL\runs_cur3a89q_master_work_work~_RST.APRQ_11_0686.4-81b43c404a-vuz84vmg_b795e556,no_mas_sum,,,0,0,,,
684dd2b21592e080,..\2_LP\LOW_Fr_MASTER_result\local_5RL\runs_cur3a89q_master_work_work~_RST.APRQ_11_0686.4-85c8f4785e-c2k6grh8_81b42cbf,superseded,,,0,0,,,deck
,..\2_LP\LOW_Fr_MASTER_result\local_5RL\runs_cur3a89q_master_work_work~_RST.APRQ_11_0686.4-91451264ea-f8cr523o_3a3a7ff8,no_mas_sum,,,0,0,,,
4ab65645acb97196,..\2_LP\LOW_Fr_MASTER_result\local_5RL\runs_cur3a89q_master_work_work~_RST.APRQ_11_0686.4-a4da522597-7udr4cs7_ff24a014,superseded,,,0,0,,,deck
,..\2_LP\LOW_Fr_MASTER_result\local_5RL\runs_cur3a89q_master_work_work~_RST.APRQ_11_0686.4-acb84aa01f-ygz5n3kd_f9deac59,no_mas_sum,,,0,0,,,
,..\2_LP\LOW_Fr_MASTER_result\local_5RL\runs_cur3a89q_master_work_work~_RST.APRQ_11_0686.4-b691b64ea5-539y6thk_e53a17fc,no_mas_sum,,,0,0,,,
,..\2_LP\LOW_Fr_MASTER_result\local_5RL\runs_cur3a89q_master_work_work~_RST.APRQ_11_0686.4-c63c4a7218-mzn0heeq_80318468,no_mas_sum,,,0,0,,,
,..\2_LP\LOW_Fr_MASTER_result\local_5RL\runs_cur3a89q_master_work_work~_RST.APRQ_11_0686.4-c8b9d8b9ae-7toda_f1_773bd367,no_mas_sum,,,0,0,,,
,..\2_LP\LOW_Fr_MASTER_result\local_5RL\runs_cur3a89q_master_work_work~_RST.APRQ_11_0686.4-cc9e505ce7-hw608lsk_006b37e9,no_mas_sum,,,0,0,,,
,..\2_LP\LOW_Fr_MASTER_result\local_5RL\runs_cur3a89q_master_work_work~_RST.APRQ_11_0686.4-cc9e505ce7-t100h65i_98778b19,no_mas_sum,,,0,0,,,
,..\2_LP\LOW_Fr_MASTER_result\local_5RL\runs_cur3a89q_master_work_work~_RST.APRQ_11_0686.4-d405ee89c9-bqgkbsgq_a7f91d3a,no_mas_sum,,,0,0,,,
,..\2_LP\LOW_Fr_MASTER_result\local_5RL\runs_cur3a89q_master_work_work~_RST.APRQ_11_0686.4-d73b74b147-q8amyjks_e4d3ff30,no_mas_sum,,,0,0,,,
,..\2_LP\LOW_Fr_MASTER_result\local_5RL\runs_cur3a89q_master_work_work~_RST.APRQ_11_0686.4-d73b74b147-uzs6y_1i_d378b927,no_mas_sum,,,0,0,,,
,..\2_LP\LOW_Fr_MASTER_result\local_5RL\runs_cur3a89q_master_work_work~_RST.APRQ_11_0686.4-f250168fb3-_g1r9_zb_e84f9d6e,no_mas_sum,,,0,0,,,
,..\2_LP\LOW_Fr_MASTER_result\local_5RL\runs_cur3a89q_master_work_work~_RST.APRQ_11_0686.4-f8030eb73b-ammcoubf_7a725b09,no_mas_sum,,,0,0,,,
,..\2_LP\LOW_Fr_MASTER_result\local_5RL\runs_cur3a89q_master_work_work~_RST.APRQ_11_0686.4-f8030eb73b-usg3c3q0_9d0e12fc,no_mas_sum,,,0,0,,,
,..\2_LP\LOW_Fr_MASTER_result\local_5RL\runs_cur3a89q_master_work_work~_RST.APRQ_11_0688.2-12a9909fea-hifzwlif_2010222c,no_mas_sum,,,0,0,,,
,..\2_LP\LOW_Fr_MASTER_result\local_5RL\runs_cur3a89q_master_work_work~_RST.APRQ_11_0688.2-2dc5e56d98-r1ia64o8_0f3b60c7,no_mas_sum,,,0,0,,,
,..\2_LP\LOW_Fr_MASTER_result\local_5RL\runs_cur3a89q_master_work_work~_RST.APRQ_11_0688.2-340ba92171-0pc2f3pr_877e3cc1,no_mas_sum,,,0,0,,,
,..\2_LP\LOW_Fr_MASTER_result\local_5RL\runs_cur3a89q_master_work_work~_RST.APRQ_11_0688.2-4f93eae46a-ucg8sj1y_2927845c,no_mas_sum,,,0,0,,,
,..\2_LP\LOW_Fr_MASTER_result\local_5RL\runs_cur3a89q_master_work_work~_RST.APRQ_11_0688.2-50eea7b624-w5we7nyj_05825edd,no_mas_sum,,,0,0,,,
,..\2_LP\LOW_Fr_MASTER_result\local_5RL\runs_cur3a89q_master_work_work~_RST.APRQ_11_0688.2-514409bce2-d1tx5xno_8588bf8d,no_mas_sum,,,0,0,,,
,..\2_LP\LOW_Fr_MASTER_result\local_5RL\runs_cur3a89q_master_work_work~_RST.APRQ_11_0688.2-514409bce2-d2r2j6fy_5d8801c6,no_mas_sum,,,0,0,,,
,..\2_LP\LOW_Fr_MASTER_result\local_5RL\runs_cur3a89q_master_work_work~_RST.APRQ_11_0688.2-518707d9cc-8vizi7ja_bffb5e7a,no_mas_sum,,,0,0,,,
,..\2_LP\LOW_Fr_MASTER_result\local_5RL\runs_cur3a89q_master_work_work~_RST.APRQ_11_0688.2-57a27cd065-jp0wyd2p_1bbd4f32,no_mas_sum,,,0,0,,,
,..\2_LP\LOW_Fr_MASTER_result\local_5RL\runs_cur3a89q_master_work_work~_RST.APRQ_11_0688.2-74be12ba8f-9nrjemht_a9472336,no_mas_sum,,,0,0,,,
,..\2_LP\LOW_Fr_MASTER_result\local_5RL\runs_cur3a89q_master_work_work~_RST.APRQ_11_0688.2-7658554718-6uw_gurq_bcf170e9,no_mas_sum,,,0,0,,,
,..\2_LP\LOW_Fr_MASTER_result\local_5RL\runs_cur3a89q_master_work_work~_RST.APRQ_11_0688.2-77e0223fd4-lfhdnzfa_4cc0a5fb,no_mas_sum,,,0,0,,,
,..\2_LP\LOW_Fr_MASTER_result\local_5RL\runs_cur3a89q_master_work_work~_RST.APRQ_11_0688.2-83a4eb5f1a-myi2ibf3_990cb249,no_mas_sum,,,0,0,,,
,..\2_LP\LOW_Fr_MASTER_result\local_5RL\runs_cur3a89q_master_work_work~_RST.APRQ_11_0688.2-8a9afcdb7a-xpsv5zu2_600c2eec,no_mas_sum,,,0,0,,,
31c4c695802e238e,..\2_LP\LOW_Fr_MASTER_result\local_5RL\runs_cur3a89q_master_work_work~_RST.APRQ_11_0688.2-9e1ff75130-r97znm94_cba6fc76,superseded,,,0,0,,,deck
,..\2_LP\LOW_Fr_MASTER_result\local_5RL\runs_cur3a89q_master_work_work~_RST.APRQ_11_0688.2-9ead94ceb8-jpd42xpx_35641fb9,no_mas_sum,,,0,0,,,
,..\2_LP\LOW_Fr_MASTER_result\local_5RL\runs_cur3a89q_master_work_work~_RST.APRQ_11_0688.2-a03355a2ec-w4obigz4_0ba25c38,no_mas_sum,,,0,0,,,
,..\2_LP\LOW_Fr_MASTER_result\local_5RL\runs_cur3a89q_master_work_work~_RST.APRQ_11_0688.2-a201cd9c36-gbcc7bhl_b0bd37d7,no_mas_sum,,,0,0,,,
,..\2_LP\LOW_Fr_MASTER_result\local_5RL\runs_cur3a89q_master_work_work~_RST.APRQ_11_0688.2-aa50fd3e96-gmf4d19d_6d17c61c,no_mas_sum,,,0,0,,,
,..\2_LP\LOW_Fr_MASTER_result\local_5RL\runs_cur3a89q_master_work_work~_RST.APRQ_11_0688.2-afca795b35-_ln7k6nr_c30521e1,no_mas_sum,,,0,0,,,
,..\2_LP\LOW_Fr_MASTER_result\local_5RL\runs_cur3a89q_master_work_work~_RST.APRQ_11_0688.2-cf5d580ed3-bum31d2d_6d3bb385,no_mas_sum,,,0,0,,,
,..\2_LP\LOW_Fr_MASTER_result\local_5RL\runs_cur3a89q_master_work_work~_RST.APRQ_11_0688.2-d4059ceda9-nsjg89bn_661e1855,no_mas_sum,,,0,0,,,
20cc23878c4aad1e,..\2_LP\LOW_Fr_MASTER_result\local_5RL\runs_cur3a89q_master_work_work~_RST.APRQ_11_0688.2-e1937d9c4c-9vw3n3bq_1b659061,superseded,,,0,0,,,deck
,..\2_LP\LOW_Fr_MASTER_result\local_5RL\runs_cur3a89q_master_work_work~_RST.APRQ_11_0688.2-ebc3d8b4a5-9bzzu127_83ffdd41,no_mas_sum,,,0,0,,,
,..\2_LP\LOW_Fr_MASTER_result\local_5RL\runs_cur3a89q_master_work_work~_RST.APRQ_11_0688.2-ec1111bb25-qkiyu0sa_3efb1034,no_mas_sum,,,0,0,,,
,..\2_LP\LOW_Fr_MASTER_result\local_5RL\runs_cur3a89q_master_work_work~_RST.APRQ_11_0692.6-09355c9393-h75qhjlk_011a2b06,no_mas_sum,,,0,0,,,
,..\2_LP\LOW_Fr_MASTER_result\local_5RL\runs_cur3a89q_master_work_work~_RST.APRQ_11_0692.6-169241f632-bd1iom4i_b048b6ec,no_mas_sum,,,0,0,,,
,..\2_LP\LOW_Fr_MASTER_result\local_5RL\runs_cur3a89q_master_work_work~_RST.APRQ_11_0692.6-1ef22566bd-qmfqjlfa_cf403d54,no_mas_sum,,,0,0,,,
,..\2_LP\LOW_Fr_MASTER_result\local_5RL\runs_cur3a89q_master_work_work~_RST.APRQ_11_0692.6-1f4e687fb0-dl0lhoo2_1de2ac3d,no_mas_sum,,,0,0,,,
,..\2_LP\LOW_Fr_MASTER_result\local_5RL\runs_cur3a89q_master_work_work~_RST.APRQ_11_0692.6-2cbb4104e9-gyz15swm_7467d9a9,no_mas_sum,,,0,0,,,
,..\2_LP\LOW_Fr_MASTER_result\local_5RL\runs_cur3a89q_master_work_work~_RST.APRQ_11_0692.6-33c4ee931f-andkd_y7_767f19d1,no_mas_sum,,,0,0,,,
,..\2_LP\LOW_Fr_MASTER_result\local_5RL\runs_cur3a89q_master_work_work~_RST.APRQ_11_0692.6-33c4ee931f-gchiu1e7_9780585f,no_mas_sum,,,0,0,,,
,..\2_LP\LOW_Fr_MASTER_result\local_5RL\runs_cur3a89q_master_work_work~_RST.APRQ_11_0692.6-37a2a10f73-xed6rf9q_99fb8f54,no_mas_sum,,,0,0,,,
,..\2_LP\LOW_Fr_MASTER_result\local_5RL\runs_cur3a89q_master_work_work~_RST.APRQ_11_0692.6-4a0d43922e-7ryx783o_261122ea,no_mas_sum,,,0,0,,,
6129a9e286ea74b7,..\2_LP\LOW_Fr_MASTER_result\local_5RL\runs_cur3a89q_master_work_work~_RST.APRQ_11_0692.6-4ea7b68aae-b_h0lfah_d5404c32,superseded,,,0,0,,,deck
,..\2_LP\LOW_Fr_MASTER_result\local_5RL\runs_cur3a89q_master_work_work~_RST.APRQ_11_0692.6-57c1921e11-_vdrw_4t_a1be7c34,no_mas_sum,,,0,0,,,
,..\2_LP\LOW_Fr_MASTER_result\local_5RL\runs_cur3a89q_master_work_work~_RST.APRQ_11_0692.6-700b89c0f4-u26x9tj7_145103a2,no_mas_sum,,,0,0,,,
,..\2_LP\LOW_Fr_MASTER_result\local_5RL\runs_cur3a89q_master_work_work~_RST.APRQ_11_0692.6-700b89c0f4-vy9j_61h_845cc4a3,no_mas_sum,,,0,0,,,
,..\2_LP\LOW_Fr_MASTER_result\local_5RL\runs_cur3a89q_master_work_work~_RST.APRQ_11_0692.6-7761f7a75c-a4nqzp_m_8abb8216,no_mas_sum,,,0,0,,,
,..\2_LP\LOW_Fr_MASTER_result\local_5RL\runs_cur3a89q_master_work_work~_RST.APRQ_11_0692.6-93e99af64c-ldwcpk7b_edbf1c2c,no_mas_sum,,,0,0,,,
,..\2_LP\LOW_Fr_MASTER_result\local_5RL\runs_cur3a89q_master_work_work~_RST.APRQ_11_0692.6-95fd243f4e-1uokklct_7ecc5908,no_mas_sum,,,0,0,,,
,..\2_LP\LOW_Fr_MASTER_result\local_5RL\runs_cur3a89q_master_work_work~_RST.APRQ_11_0692.6-ab904f274c-odhqwqq8_23c0df93,no_mas_sum,,,0,0,,,
,..\2_LP\LOW_Fr_MASTER_result\local_5RL\runs_cur3a89q_master_work_work~_RST.APRQ_11_0692.6-b1176e13e0-5xei6rm4_0cd42cfd,no_mas_sum,,,0,0,,,
,..\2_LP\LOW_Fr_MASTER_result\local_5RL\runs_cur3a89q_master_work_work~_RST.APRQ_11_0692.6-b1176e13e0-u5yige9l_e8fbdf85,no_mas_sum,,,0,0,,,
,..\2_LP\LOW_Fr_MASTER_result\local_5RL\runs_cur3a89q_master_work_work~_RST.APRQ_11_0692.6-b1ea7f09df-1kss47xr_d387bfd5,no_mas_sum,,,0,0,,,
,..\2_LP\LOW_Fr_MASTER_result\local_5RL\runs_cur3a89q_master_work_work~_RST.APRQ_11_0692.6-b1ea7f09df-ny4gixxo_62c98ad1,no_mas_sum,,,0,0,,,
eca2fe9c2f7548b8,..\2_LP\LOW_Fr_MASTER_result\local_5RL\runs_cur3a89q_master_work_work~_RST.APRQ_11_0692.6-b270e32345-cdcmtxgm_44eca24b,superseded,,,0,0,,,deck
,..\2_LP\LOW_Fr_MASTER_result\local_5RL\runs_cur3a89q_master_work_work~_RST.APRQ_11_0692.6-cbe5a95510-_dvbfpts_3c62d260,no_mas_sum,,,0,0,,,
,..\2_LP\LOW_Fr_MASTER_result\local_5RL\runs_cur3a89q_master_work_work~S_RST.APRQ_11_0688.2-0c5c3e8e13-r8bn2ya_7ad6540c,no_mas_sum,,,0,0,,,
,..\2_LP\LOW_Fr_MASTER_result\local_5RL\runs_cur3a89q_master_work_work~S_RST.APRQ_11_0692.6-79d63c742e-wk9gl7h_4afc5ba3,no_mas_sum,,,0,0,,,
,..\2_LP\LOW_Fr_MASTER_result\local_5RL\runs_cur436ap_master_work_work~_RST.APRQ_11_0767.1-3528771d7d-achxvalt_f21b1b77,no_mas_sum,,,0,0,,,
,..\2_LP\LOW_Fr_MASTER_result\local_5RL\runs_cur436ap_master_work_work~_RST.APRQ_11_0767.1-573087ca46-t6nhkahx_648fa470,no_mas_sum,,,0,0,,,
,..\2_LP\LOW_Fr_MASTER_result\local_5RL\runs_cur436ap_master_work_work~_RST.APRQ_11_0767.1-eaa858abab-6lw9llw2_a1b20dcc,no_mas_sum,,,0,0,,,
,..\2_LP\LOW_Fr_MASTER_result\local_5RL\runs_cur436ap_master_work_work~_RST.APRQ_11_0767.1-fb28cebe36-7_oc241p_cecb02b5,no_mas_sum,,,0,0,,,
,..\2_LP\LOW_Fr_MASTER_result\local_5RL\runs_cur43efp_master_work_work~_RST.APRQ_11_0688.2-0f124a5353-vwteal9l_a59706ec,no_mas_sum,,,0,0,,,
,..\2_LP\LOW_Fr_MASTER_result\local_5RL\runs_cur43efp_master_work_work~_RST.APRQ_11_0688.2-afd0ca7111-sik30n24_cce98cc6,no_mas_sum,,,0,0,,,
,..\2_LP\LOW_Fr_MASTER_result\local_5RL\runs_cur43efp_master_work_work~_RST.APRQ_11_0692.6-0c912c5664-r7bwsc03_ad2056a7,no_mas_sum,,,0,0,,,
,..\2_LP\LOW_Fr_MASTER_result\local_5RL\runs_cur43efp_master_work_work~_RST.APRQ_11_0692.6-504a3262dc-iofgdtvd_0a726d32,no_mas_sum,,,0,0,,,
,..\2_LP\LOW_Fr_MASTER_result\local_5RL\runs_cur43efp_master_work_work~S_RST.APRQ_11_0686.4-c1bf2891a6-0wv_3jv_97497741,no_mas_sum,,,0,0,,,
66fbd1aeea49db53,..\2_LP\LOW_Fr_MASTER_result\local_5RL\runs_cur43efx_master_work_work~_RST.APRQ_11_0692.6-407e59f354-vmavcawn_f70b9112,no_deck,,,0,0,,,name
,..\2_LP\LOW_Fr_MASTER_result\local_5RL\runs_cur43efx_master_work_work~S_RST.APRQ_11_0688.2-59beb6642a-914itoj_95694b06,no_mas_sum,,,0,0,,,
,..\2_LP\LOW_Fr_MASTER_result\local_5RL\runs_cur4bb4p_master_work_work~_RST.APRQ_12_0777.1-0c85a0c3de-xfclp8nw_e6934b93,no_mas_sum,,,0,0,,,
,..\2_LP\LOW_Fr_MASTER_result\local_5RL\runs_cur4bb4p_master_work_work~_RST.APRQ_12_0777.1-7b5c7d5e79-53splxo4_969775cb,no_mas_sum,,,0,0,,,
,..\2_LP\LOW_Fr_MASTER_result\local_5RL\runs_cur4bb4p_master_work_work~_RST.APRQ_12_0777.1-9a5ee71c97-1buzyc4x_5f613930,no_mas_sum,,,0,0,,,
,..\2_LP\LOW_Fr_MASTER_result\local_5RL\runs_cur4bb4p_master_work_work~_RST.APRQ_12_0777.1-a54d4d0840-ftqm1p_8_fc15790c,no_mas_sum,,,0,0,,,
,..\2_LP\LOW_Fr_MASTER_result\local_5RL\runs_cur4bb4p_master_work_work~_RST.APRQ_12_0777.1-a5d2bf6839-z7dm8q_j_fe67c469,no_mas_sum,,,0,0,,,
,..\2_LP\LOW_Fr_MASTER_result\local_5RL\runs_cur4bb4p_master_work_work~_RST.APRQ_12_0777.1-c51430f62f-lrnhl8pr_fcea883a,no_mas_sum,,,0,0,,,
,..\2_LP\LOW_Fr_MASTER_result\local_5RL\runs_cur4cb4m_master_work_work~_RST.APRQ_10_0635.8-3adba50c44-178vkf2y_1fa60103,no_mas_sum,,,0,0,,,
,..\2_LP\LOW_Fr_MASTER_result\local_5RL\runs_cur4cb4m_master_work_work~_RST.APRQ_10_0635.8-3adba50c44-22m0ujn7_629a71ae,no_mas_sum,,,0,0,,,
,..\2_LP\LOW_Fr_MASTER_result\local_5RL\runs_cur4cb4m_master_work_work~_RST.APRQ_10_0635.8-3adba50c44-o3qxkplv_e583a76b,no_mas_sum,,,0,0,,,
,..\2_LP\LOW_Fr_MASTER_result\local_5RL\runs_cur4cb4m_master_work_work~_RST.APRQ_10_0635.8-5cb3a95a55-9qk2dh3m_24091ac4,no_mas_sum,,,0,0,,,
,..\2_LP\LOW_Fr_MASTER_result\local_5RL\runs_cur4cb4m_master_work_work~_RST.APRQ_10_0635.8-5cb3a95a55-qo0on2b5_f9518e4a,no_mas_sum,,,0,0,,,
,..\2_LP\LOW_Fr_MASTER_result\local_5RL\runs_cur4cb4m_master_work_work~_RST.APRQ_10_0635.8-5cb3a95a55-u9txym8k_706c1daa,no_mas_sum,,,0,0,,,
,..\2_LP\LOW_Fr_MASTER_result\local_5RL\runs_cur4cb4m_master_work_work~_RST.APRQ_10_0635.8-8bdef6bfec-90b7jkbm_4a3ad92d,no_mas_sum,,,0,0,,,
,..\2_LP\LOW_Fr_MASTER_result\local_5RL\runs_cur4cb4m_master_work_work~_RST.APRQ_10_0635.8-8bdef6bfec-m163plrd_9364a03f,no_mas_sum,,,0,0,,,
,..\2_LP\LOW_Fr_MASTER_result\local_5RL\runs_cur4cb4m_master_work_work~_RST.APRQ_10_0635.8-a49805754c-2ap_oo92_e1d7fe4d,no_mas_sum,,,0,0,,,
,..\2_LP\LOW_Fr_MASTER_result\local_5RL\runs_cur4cb4m_master_work_work~_RST.APRQ_10_0635.8-a49805754c-pv332uzn_1bea3ac4,no_mas_sum,,,0,0,,,
,..\2_LP\LOW_Fr_MASTER_result\local_5RL\runs_cur4cb4m_master_work_work~_RST.APRQ_10_0635.8-a49805754c-pwgiukua_668d0b26,no_mas_sum,,,0,0,,,
,..\2_LP\LOW_Fr_MASTER_result\local_5RL\runs_cur4cb4m_master_work_work~_RST.APRQ_10_0635.8-d624054989-82x75y2l_da3503e2,no_mas_sum,,,0,0,,,
,..\2_LP\LOW_Fr_MASTER_result\local_5RL\runs_cur4cb4m_master_work_work~_RST.APRQ_10_0635.8-d624054989-knh2ya8g_5640a283,no_mas_sum,,,0,0,,,
,..\2_LP\LOW_Fr_MASTER_result\local_5RL\runs_cur4cb4m_master_work_work~_RST.APRQ_11_0615.8-07803ec3fd-i7mq4pej_a7cea5cf,no_mas_sum,,,0,0,,,
,..\2_LP\LOW_Fr_MASTER_result\local_5RL\runs_cur4cb4m_master_work_work~_RST.APRQ_11_0615.8-8a7d66e826-ntxbanle_11403e37,no_mas_sum,,,0,0,,,
,..\2_LP\LOW_Fr_MASTER_result\local_5RL\runs_cur4cb4m_master_work_work~_RST.APRQ_11_0615.8-a241e49d30-pc_u1ysx_0669284b,no_mas_sum,,,0,0,,,
,..\2_LP\LOW_Fr_MASTER_result\local_5RL\runs_cur4cb4m_master_work_work~_RST.APRQ_11_0615.8-a8ce7c16db-4cgo8jyo_574bc4b5,no_mas_sum,,,0,0,,,
,..\2_LP\LOW_Fr_MASTER_result\local_5RL\runs_cur4cb4m_master_work_work~_RST.APRQ_11_0615.8-a8ce7c16db-7st2pubu_ee4556b4,no_mas_sum,,,0,0,,,
,..\2_LP\LOW_Fr_MASTER_result\local_5RL\runs_cur4cb4m_master_work_work~_RST.APRQ_11_0615.8-a8ce7c16db-b9x3s65g_d54ed4a0,no_mas_sum,,,0,0,,,
,..\2_LP\LOW_Fr_MASTER_result\local_5RL\runs_cur4cb4m_master_work_work~_RST.APRQ_11_0615.8-ca1da91d27-96yfg61s_11407cde,no_mas_sum,,,0,0,,,
,..\2_LP\LOW_Fr_MASTER_result\local_5RL\runs_cur4cb4m_master_work_work~_RST.APRQ_11_0615.8-ca1da91d27-hxznb149_a5d6bfca,no_mas_sum,,,0,0,,,
,..\2_LP\LOW_Fr_MASTER_result\local_5RL\runs_cur4cb4m_master_work_work~_RST.APRQ_11_0615.8-d4ea4ee9ae-1n1aca0z_14856a36,no_mas_sum,,,0,0,,,
,..\2_LP\LOW_Fr_MASTER_result\local_5RL\runs_cur4cb4m_master_work_work~_RST.APRQ_11_0615.8-eaf146a3fb-66q40k0l_82bd848a,no_mas_sum,,,0,0,,,
,..\2_LP\LOW_Fr_MASTER_result\local_5RL\runs_cur4cb4m_master_work_work~_RST.APRQ_11_0615.8-eaf146a3fb-u8_mtgx8_b792c145,no_mas_sum,,,0,0,,,
,..\2_LP\LOW_Fr_MASTER_result\local_5RL\runs_cur4cb4m_master_work_work~_RST.APRQ_11_0618.3-73f9536e4e-n4dy_n3d_1485524f,no_mas_sum,,,0,0,,,
,..\2_LP\LOW_Fr_MASTER_result\local_5RL\runs_cur4cb4m_master_work_work~_RST.APRQ_11_0618.3-73f9536e4e-qhenaqs9_6ae446bd,no_mas_sum,,,0,0,,,
,..\2_LP\LOW_Fr_MASTER_result\local_5RL\runs_cur4cb4m_master_work_work~_RST.APRQ_11_0618.3-73f9536e4e-qsm1l201_2d9b31bf,no_mas_sum,,,0,0,,,
,..\2_LP\LOW_Fr_MASTER_result\local_5RL\runs_cur4cb4m_master_work_work~S_RST.APRQ_10_0635.8-8bdef6bfec-g6e5wu8_e0cd23d0,no_mas_sum,,,0,0,,,
,..\2_LP\LOW_Fr_MASTER_result\local_5RL\runs_cur4cb4m_master_work_work~S_RST.APRQ_11_0615.8-07803ec3fd-ho13wap_31fb0a0c,no_mas_sum,,,0,0,,,
,..\2_LP\LOW_Fr_MASTER_result\local_5RL\runs_cur4cb4m_master_work_work~S_RST.APRQ_11_0615.8-ca1da91d27-1k_3nax_7c7bb503,no_mas_sum,,,0,0,,,
,..\2_LP\LOW_Fr_MASTER_result\local_5RL\runs_cur4cb4p_master_work_work~_RST.APRQ_11_0615.8-1872665eb9-h2km5q55_a8eead35,no_mas_sum,,,0,0,,,
,..\2_LP\LOW_Fr_MASTER_result\local_5RL\runs_cur4cb4p_master_work_work~_RST.APRQ_11_0615.8-df28942c0e-cohv81x5_93325804,no_mas_sum,,,0,0,,,
,..\2_LP\LOW_Fr_MASTER_result\local_5RL\runs_cur4cb4p_master_work_work~_RST.APRQ_11_0618.3-d4e86091f3-5m36pgzt_9f703afd,no_mas_sum,,,0,0,,,
,..\2_LP\LOW_Fr_MASTER_result\local_5RL\runs_cur4cb4q_master_work_work~_RST.APRQ_10_0635.8-14493eff8c-efu67vqj_2a39799a,no_mas_sum,,,0,0,,,
,..\2_LP\LOW_Fr_MASTER_result\local_5RL\runs_cur4cb4q_master_work_work~_RST.APRQ_10_0635.8-1f54c26424-bj5gace5_411f91a6,no_mas_sum,,,0,0,,,
,..\2_LP\LOW_Fr_MASTER_result\local_5RL\runs_cur4cb4q_master_work_work~_RST.APRQ_10_0635.8-26bcafb790-qq4n8c2s_4a1b8605,no_mas_sum,,,0,0,,,
,..\2_LP\LOW_Fr_MASTER_result\local_5RL\runs_cur4cb4q_master_work_work~_RST.APRQ_10_0635.8-2b029ac727-ygtr0838_f3237c37,no_mas_sum,,,0,0,,,
,..\2_LP\LOW_Fr_MASTER_result\local_5RL\runs_cur4cb4q_master_work_work~_RST.APRQ_10_0635.8-2b20c32c26-6sq9xifc_e970ba1f,no_mas_sum,,,0,0,,,
,..\2_LP\LOW_Fr_MASTER_result\local_5RL\runs_cur4cb4q_master_work_work~_RST.APRQ_10_0635.8-2e1c10e5ef-zrqv9i2i_808a567c,no_mas_sum,,,0,0,,,
,..\2_LP\LOW_Fr_MASTER_result\local_5RL\runs_cur4cb4q_master_work_work~_RST.APRQ_10_0635.8-2f9080d14c-14p9sesw_b0bcb6ca,no_mas_sum,,,0,0,,,
,..\2_LP\LOW_Fr_MASTER_result\local_5RL\runs_cur4cb4q_master_work_work~_RST.APRQ_10_0635.8-352d71534d-ptdipn3f_9406731b,no_mas_sum,,,0,0,,,
,..\2_LP\LOW_Fr_MASTER_result\local_5RL\runs_cur4cb4q_master_work_work~_RST.APRQ_10_0635.8-3542035a23-twy08j5b_2c713c8a,no_mas_sum,,,0,0,,,
,..\2_LP\LOW_Fr_MASTER_result\local_5RL\runs_cur4cb4q_master_work_work~_RST.APRQ_10_0635.8-38de393ace-8gi6h3x4_f9d9d5ea,no_mas_sum,,,0,0,,,
,..\2_LP\LOW_Fr_MASTER_result\local_5RL\runs_cur4cb4q_master_work_work~_RST.APRQ_10_0635.8-63794a908f-m1phz1g6_3c32134d,no_mas_sum,,,0,0,,,
,..\2_LP\LOW_Fr_MASTER_result\local_5RL\runs_cur4cb4q_master_work_work~_RST.APRQ_10_0635.8-66523be016-_wrujl_3_f8eb88e4,no_mas_sum,,,0,0,,,
,..\2_LP\LOW_Fr_MASTER_result\local_5RL\runs_cur4cb4q_master_work_work~_RST.APRQ_10_0635.8-6c80ea20b5-hqrksaum_1faa734d,no_mas_sum,,,0,0,,,
,..\2_LP\LOW_Fr_MASTER_result\local_5RL\runs_cur4cb4q_master_work_work~_RST.APRQ_10_0635.8-6f308d176c-9b3axqmn_88fd9c9a,no_mas_sum,,,0,0,,,
,..\2_LP\LOW_Fr_MASTER_result\local_5RL\runs_cur4cb4q_master_work_work~_RST.APRQ_10_0635.8-71e58a866b-nqhdsqsl_480227bf,no_mas_sum,,,0,0,,,
,..\2_LP\LOW_Fr_MASTER_result\local_5RL\runs_cur4cb4q_master_work_work~_RST.APRQ_10_0635.8-73ab600d81-5sw_nnrw_a64d9bc9,no_mas_sum,,,0,0,,,
,..\2_LP\LOW_Fr_MASTER_result\local_5RL\runs_cur4cb4q_master_work_work~_RST.APRQ_10_0635.8-7a040331bd-g2ttqyjs_a74077eb,no_mas_sum,,,0,0,,,
,..\2_LP\LOW_Fr_MASTER_result\local_5RL\runs_cur4cb4q_master_work_work~_RST.APRQ_10_0635.8-7bc2488483-g0yz6m2n_f7d2d073,no_mas_sum,,,0,0,,,
,..\2_LP\LOW_Fr_MASTER_result\local_5RL\runs_cur4cb4q_master_work_work~_RST.APRQ_10_0635.8-7d5fa4cb20-gifwozkn_36ed777f,no_mas_sum,,,0,0,,,
,..\2_LP\LOW_Fr_MASTER_result\local_5RL\runs_cur4cb4q_master_work_work~_RST.APRQ_10_0635.8-7e3bc58767-hbba9p40_f1ee0e62,no_mas_sum,,,0,0,,,
,..\2_LP\LOW_Fr_MASTER_result\local_5RL\runs_cur4cb4q_master_work_work~_RST.APRQ_10_0635.8-902c42ac00-ihucah5n_9671cbcf,no_mas_sum,,,0,0,,,
,..\2_LP\LOW_Fr_MASTER_result\local_5RL\runs_cur4cb4q_master_work_work~_RST.APRQ_10_0635.8-91fc319041-81jcc6oa_179d3052,no_mas_sum,,,0,0,,,
,..\2_LP\LOW_Fr_MASTER_result\local_5RL\runs_cur4cb4q_master_work_work~_RST.APRQ_10_0635.8-95f7fd917e-yqwf6r4b_4650fbff,no_mas_sum,,,0,0,,,
,..\2_LP\LOW_Fr_MASTER_result\local_5RL\runs_cur4cb4q_master_work_work~_RST.APRQ_10_0635.8-9953ba1be2-76kbv81g_46a8f857,no_mas_sum,,,0,0,,,
,..\2_LP\LOW_Fr_MASTER_result\local_5RL\runs_cur4cb4q_master_work_work~_RST.APRQ_10_0635.8-a7d62a42bf-6komwtn9_c98e0309,no_mas_sum,,,0,0,,,
,..\2_LP\LOW_Fr_MASTER_result\local_5RL\runs_cur4cb4q_master_work_work~_RST.APRQ_10_0635.8-af20bbda58-mj4o2x1k_ae037a45,no_mas_sum,,,0,0,,,
,..\2_LP\LOW_Fr_MASTER_result\local_5RL\runs_cur4cb4q_master_work_work~_RST.APRQ_10_0635.8-b409dbdb85-rot6jmpd_af33bc6f,no_mas_sum,,,0,0,,,
,..\2_LP\LOW_Fr_MASTER_result\local_5RL\runs_cur4cb4q_master_work_work~_RST.APRQ_10_0635.8-c224856ff2-48geos2k_47c0652a,no_mas_sum,,,0,0,,,
,..\2_LP\LOW_Fr_MASTER_result\local_5RL\runs_cur4cb4q_master_work_work~_RST.APRQ_10_0635.8-c8337c57c6-8hz340fh_f07597c7,no_mas_sum,,,0,0,,,
,..\2_LP\LOW_Fr_MASTER_result\local_5RL\runs_cur4cb4q_master_work_work~_RST.APRQ_10_0635.8-dd0ef5bc72-1b3gl07g_0421966c,no_mas_sum,,,0,0,,,
,..\2_LP\LOW_Fr_MASTER_result\local_5RL\runs_cur4cb4q_master_work_work~_RST.APRQ_10_0635.8-df87ea8613-b9bqcali_39a91365,no_mas_sum,,,0,0,,,
,..\2_LP\LOW_Fr_MASTER_result\local_5RL\runs_cur4cb4q_master_work_work~_RST.APRQ_10_0635.8-ec5e300e34-2pk3d7zt_6d54b154,no_mas_sum,,,0,0,,,
,..\2_LP\LOW_Fr_MASTER_result\local_5RL\runs_cur4cb4q_master_work_work~_RST.APRQ_10_0635.8-f5c2647e80-vfyk5rit_0ad5b80c,no_mas_sum,,,0,0,,,
,..\2_LP\LOW_Fr_MASTER_result\local_5RL\runs_cur4cb4q_master_work_work~_RST.APRQ_11_0615.8-1421951364-3pfhbro3_ab7b7afe,no_mas_sum,,,0,0,,,
,..\2_LP\LOW_Fr_MASTER_result\local_5RL\runs_cur4cb4q_master_work_work~_RST.APRQ_11_0615.8-17dbb6c717-zynopp6o_cc78f1cb,no_mas_sum,,,0,0,,,
,..\2_LP\LOW_Fr_MASTER_result\local_5RL\runs_cur4cb4q_master_work_work~_RST.APRQ_11_0615.8-326b0eaef1-h73lf08y_c8b982e0,no_mas_sum,,,0,0,,,
,..\2_LP\LOW_Fr_MASTER_result\local_5RL\runs_cur4cb4q_master_work_work~_RST.APRQ_11_0615.8-3342c1d3c5-u9wgcf0f_45efa78d,no_mas_sum,,,0,0,,,
,..\2_LP\LOW_Fr_MASTER_result\local_5RL\runs_cur4cb4q_master_work_work~_RST.APRQ_11_0615.8-335c886eb1-_3jwzz9c_3578d04d,no_mas_sum,,,0,0,,,
,..\2_LP\LOW_Fr_MASTER_result\local_5RL\runs_cur4cb4q_master_work_work~_RST.APRQ_11_0615.8-3cc7fc0a91-2rhnv5uw_7ca217be,no_mas_sum,,,0,0,,,
,..\2_LP\LOW_Fr_MASTER_result\local_5RL\runs_cur4cb4q_master_work_work~_RST.APRQ_11_0615.8-3d67040103-wgskubam_d5d74e1f,no_mas_sum,,,0,0,,,
,..\2_LP\LOW_Fr_MASTER_result\local_5RL\runs_cur4cb4q_master_work_work~_RST.APRQ_11_0615.8-407e46aaec-lmo5tp6r_5d79a748,no_mas_sum,,,0,0,,,
,..\2_LP\LOW_Fr_MASTER_result\local_5RL\runs_cur4cb4q_master_work_work~_RST.APRQ_11_0615.8-40a8df85a4-iwqoj55q_a57721d3,no_mas_sum,,,0,0,,,
,..\2_LP\LOW_Fr_MASTER_result\local_5RL\runs_cur4cb4q_master_work_work~_RST.APRQ_11_0615.8-43b7c773ae-8vlkq_bv_893acaa4,no_mas_sum,,,0,0,,,
,..\2_LP\LOW_Fr_MASTER_result\local_5RL\runs_cur4cb4q_master_work_work~_RST.APRQ_11_0615.8-50dc1d7284-krur6jep_0f52ad59,no_mas_sum,,,0,0,,,
,..\2_LP\LOW_Fr_MASTER_result\local_5RL\runs_cur4cb4q_master_work_work~_RST.APRQ_11_0615.8-52ca9ab476-up5glz9w_d4de4f47,no_mas_sum,,,0,0,,,
,..\2_LP\LOW_Fr_MASTER_result\local_5RL\runs_cur4cb4q_master_work_work~_RST.APRQ_11_0615.8-558b02ae21-sibcoloa_171bcccf,no_mas_sum,,,0,0,,,
,..\2_LP\LOW_Fr_MASTER_result\local_5RL\runs_cur4cb4q_master_work_work~_RST.APRQ_11_0615.8-58d5d790fc-86gr3_a2_5ce02556,no_mas_sum,,,0,0,,,
,..\2_LP\LOW_Fr_MASTER_result\local_5RL\runs_cur4cb4q_master_work_work~_RST.APRQ_11_0615.8-5e01644c0e-0v67fadw_bbe2f15a,no_mas_sum,,,0,0,,,
,..\2_LP\LOW_Fr_MASTER_result\local_5RL\runs_cur4cb4q_master_work_work~_RST.APRQ_11_0615.8-62846dec71-49w913dk_db22ff57,no_mas_sum,,,0,0,,,
,..\2_LP\LOW_Fr_MASTER_result\local_5RL\runs_cur4cb4q_master_work_work~_RST.APRQ_11_0615.8-672796d476-whftqsr5_026702d6,no_mas_sum,,,0,0,,,
,..\2_LP\LOW_Fr_MASTER_result\local_5RL\runs_cur4cb4q_master_work_work~_RST.APRQ_11_0615.8-6981f0f5eb-4ial004b_c3218bf5,no_mas_sum,,,0,0,,,
,..\2_LP\LOW_Fr_MASTER_result\local_5RL\runs_cur4cb4q_master_work_work~_RST.APRQ_11_0615.8-6c857352e2-qu_pos2w_8b3e9ead,no_mas_sum,,,0,0,,,
,..\2_LP\LOW_Fr_MASTER_result\local_5RL\runs_cur4cb4q_master_work_work~_RST.APRQ_11_0615.8-6ebf750e92-5qp7jow0_0f18739b,no_mas_sum,,,0,0,,,
,..\2_LP\LOW_Fr_MASTER_result\local_5RL\runs_cur4cb4q_master_work_work~_RST.APRQ_11_0615.8-6f0be664d7-9t50zkyx_644bb456,no_mas_sum,,,0,0,,,
,..\2_LP\LOW_Fr_MASTER_result\local_5RL\runs_cur4cb4q_master_work_work~_RST.APRQ_11_0615.8-75cc62addf-m8n292vp_fd0d829a,no_mas_sum,,,0,0,,,
,..\2_LP\LOW_Fr_MASTER_result\local_5RL\runs_cur4cb4q_master_work_work~_RST.APRQ_11_0615.8-792ae09dbb-h6pb0_6p_2e1f8f26,no_mas_sum,,,0,0,,,
,..\2_LP\LOW_Fr_MASTER_result\local_5RL\runs_cur4cb4q_master_work_work~_RST.APRQ_11_0615.8-830ebc2c11-v0ju283b_b46c1c5e,no_mas_sum,,,0,0,,,
,..\2_LP\LOW_Fr_MASTER_result\local_5RL\runs_cur4cb4q_master_work_work~_RST.APRQ_11_0615.8-83f4290659-eu0ntlic_1bca286a,no_mas_sum,,,0,0,,,
,..\2_LP\LOW_Fr_MASTER_result\local_5RL\runs_cur4cb4q_master_work_work~_RST.APRQ_11_0615.8-8b4de6f49b-x9i4cikx_9f9e0927,no_mas_sum,,,0,0,,,
,..\2_LP\LOW_Fr_MASTER_result\local_5RL\runs_cur4cb4q_master_work_work~_RST.APRQ_11_0615.8-8e2f5cb5df-fk1ntnx0_06b5c8fa,no_mas_sum,,,0,0,,,
,..\2_LP\LOW_Fr_MASTER_result\local_5RL\runs_cur4cb4q_master_work_work~_RST.APRQ_11_0615.8-8f747b4c37-e4noqxtr_e77d2662,no_mas_sum,,,0,0,,,
,..\2_LP\LOW_Fr_MASTER_result\local_5RL\runs_cur4cb4q_master_work_work~_RST.APRQ_11_0615.8-906f4196e9-opqaf9p7_ee2156d8,no_mas_sum,,,0,0,,,
,..\2_LP\LOW_Fr_MASTER_result\local_5RL\runs_cur4cb4q_master_work_work~_RST.APRQ_11_0615.8-907aa14232-xyjmwu2f_b024266f,no_mas_sum,,,0,0,,,
,..\2_LP\LOW_Fr_MASTER_result\local_5RL\runs_cur4cb4q_master_work_work~_RST.APRQ_11_0615.8-9243a21574-w4au2_d2_84ee8b71,no_mas_sum,,,0,0,,,
,..\2_LP\LOW_Fr_MASTER_result\local_5RL\runs_cur4cb4q_master_work_work~_RST.APRQ_11_0615.8-a0ad353b1b-5qztz9fa_6f685f27,no_mas_sum,,,0,0,,,
,..\2_LP\LOW_Fr_MASTER_result\local_5RL\runs_cur4cb4q_master_work_work~_RST.APRQ_11_0615.8-ad792cfea6-fn_dz21q_7232f6c4,no_mas_sum,,,0,0,,,
,..\2_LP\LOW_Fr_MASTER_result\local_5RL\runs_cur4cb4q_master_work_work~_RST.APRQ_11_0615.8-afacd06794-yp5s_qpc_e614648e,no_mas_sum,,,0,0,,,
,..\2_LP\LOW_Fr_MASTER_result\local_5RL\runs_cur4cb4q_master_work_work~_RST.APRQ_11_0615.8-b2a486178b-b9im7bke_72a01d6f,no_mas_sum,,,0,0,,,
,..\2_LP\LOW_Fr_MASTER_result\local_5RL\runs_cur4cb4q_master_work_work~_RST.APRQ_11_0615.8-bd66618b57-qd6d13tp_8b1c1007,no_mas_sum,,,0,0,,,
,..\2_LP\LOW_Fr_MASTER_result\local_5RL\runs_cur4cb4q_master_work_work~_RST.APRQ_11_0615.8-cbf6b40028-q3cef5ne_991c1e2d,no_mas_sum,,,0,0,,,
,..\2_LP\LOW_Fr_MASTER_result\local_5RL\runs_cur4cb4q_master_work_work~_RST.APRQ_11_0615.8-ceace33153-k8w_d5ue_d0f97057,no_mas_sum,,,0,0,,,
,..\2_LP\LOW_Fr_MASTER_result\local_5RL\runs_cur4cb4q_master_work_work~_RST.APRQ_11_0615.8-e00e26a770-xm6yi8vp_fe020f36,no_mas_sum,,,0,0,,,
,..\2_LP\LOW_Fr_MASTER_result\local_5RL\runs_cur4cb4q_master_work_work~_RST.APRQ_11_0615.8-e91d1a7834-v37e_g5m_35b38580,no_mas_sum,,,0,0,,,
,..\2_LP\LOW_Fr_MASTER_result\local_5RL\runs_cur4cb4q_master_work_work~_RST.APRQ_11_0615.8-eea47cd8f8-9wvgjrn6_6d9968b8,no_mas_sum,,,0,0,,,
,..\2_LP\LOW_Fr_MASTER_result\local_5RL\runs_cur4cb4q_master_work_work~_RST.APRQ_11_0615.8-ef29d2f7e5-qbjukv2s_081b61c9,no_mas_sum,,,0,0,,,
,..\2_LP\LOW_Fr_MASTER_result\local_5RL\runs_cur4cb4q_master_work_work~_RST.APRQ_11_0615.8-f4d2bf0236-0zdytrww_bd7e7ebc,no_mas_sum,,,0,0,,,
,..\2_LP\LOW_Fr_MASTER_result\local_5RL\runs_cur4cb4q_master_work_work~_RST.APRQ_11_0615.8-f9a0e2a5b1-o6y84veo_3e003531,no_mas_sum,,,0,0,,,
,..\2_LP\LOW_Fr_MASTER_result\local_5RL\runs_cur4cb4q_master_work_work~_RST.APRQ_11_0615.8-fbeda83eda-t5xh0gq9_35dcb4c3,no_mas_sum,,,0,0,,,
,..\2_LP\LOW_Fr_MASTER_result\local_5RL\runs_cur4cb4q_master_work_work~_RST.APRQ_11_0615.8-fde0dac22e-dob5gu0d_56fca082,no_mas_sum,,,0,0,,,
,..\2_LP\LOW_Fr_MASTER_result\local_5RL\runs_cur4cb4q_master_work_work~_RST.APRQ_11_0615.8-fe9581e3b6-mqwnr_gp_29aef502,no_mas_sum,,,0,0,,,
,..\2_LP\LOW_Fr_MASTER_result\local_5RL\runs_cur4cb4q_master_work_work~_RST.APRQ_11_0618.3-0743c10acb-hwnbqlst_4a5d7381,no_mas_sum,,,0,0,,,
,..\2_LP\LOW_Fr_MASTER_result\local_5RL\runs_cur4cb4q_master_work_work~_RST.APRQ_11_0618.3-088cc782db-d7u9t8_v_d2149498,no_mas_sum,,,0,0,,,
,..\2_LP\LOW_Fr_MASTER_result\local_5RL\runs_cur4cb4q_master_work_work~_RST.APRQ_11_0618.3-1083c4fe02-wv6hd66f_b4f62af3,no_mas_sum,,,0,0,,,
,..\2_LP\LOW_Fr_MASTER_result\local_5RL\runs_cur4cb4q_master_work_work~_RST.APRQ_11_0618.3-1247b1d00e-_knug42x_f4a19d87,no_mas_sum,,,0,0,,,
,..\2_LP\LOW_Fr_MASTER_result\local_5RL\runs_cur4cb4q_master_work_work~_RST.APRQ_11_0618.3-267595641d-m21ojvqd_16739bd5,no_mas_sum,,,0,0,,,
,..\2_LP\LOW_Fr_MASTER_result\local_5RL\runs_cur4cb4q_master_work_work~_RST.APRQ_11_0618.3-2d2079a609-eyajle20_2a20f55f,no_mas_sum,,,0,0,,,
,..\2_LP\LOW_Fr_MASTER_result\local_5RL\runs_cur4cb4q_master_work_work~_RST.APRQ_11_0618.3-2e3f9ff0de-jixuw47o_a6325f2e,no_mas_sum,,,0,0,,,
,..\2_LP\LOW_Fr_MASTER_result\local_5RL\runs_cur4cb4q_master_work_work~_RST.APRQ_11_0618.3-2e5ae1c682-2jjb_fsr_653650f6,no_mas_sum,,,0,0,,,
,..\2_LP\LOW_Fr_MASTER_result\local_5RL\runs_cur4cb4q_master_work_work~_RST.APRQ_11_0618.3-46a9d58da4-3i77mpvx_1191b4de,no_mas_sum,,,0,0,,,
,..\2_LP\LOW_Fr_MASTER_result\local_5RL\runs_cur4cb4q_master_work_work~_RST.APRQ_11_0618.3-473973b568-pi3gihko_90ec8914,no_mas_sum,,,0,0,,,
,..\2_LP\LOW_Fr_MASTER_result\local_5RL\runs_cur4cb4q_master_work_work~_RST.APRQ_11_0618.3-5670efcc1a-4rvff_gh_1d4e8c7e,no_mas_sum,,,0,0,,,
,..\2_LP\LOW_Fr_MASTER_result\local_5RL\runs_cur4cb4q_master_work_work~_RST.APRQ_11_0618.3-66ba443975-x8zp2lnm_d2519e0f,no_mas_sum,,,0,0,,,
,..\2_LP\LOW_Fr_MASTER_result\local_5RL\runs_cur4cb4q_master_work_work~_RST.APRQ_11_0618.3-6c0875155a-x7wi2j7o_f13131f3,no_mas_sum,,,0,0,,,
,..\2_LP\LOW_Fr_MASTER_result\local_5RL\runs_cur4cb4q_master_work_work~_RST.APRQ_11_0618.3-772c4735d9-0ac9fc5b_eed1aaa1,no_mas_sum,,,0,0,,,
,..\2_LP\LOW_Fr_MASTER_result\local_5RL\runs_cur4cb4q_master_work_work~_RST.APRQ_11_0618.3-7a101513f3-t5x_c1d8_e15788f2,no_mas_sum,,,0,0,,,
,..\2_LP\LOW_Fr_MASTER_result\local_5RL\runs_cur4cb4q_master_work_work~_RST.APRQ_11_0618.3-7a971a4847-ai5hyatr_a6cf878f,no_mas_sum,,,0,0,,,
,..\2_LP\LOW_Fr_MASTER_result\local_5RL\runs_cur4cb4q_master_work_work~_RST.APRQ_11_0618.3-84e6d714bf-0fmar4k4_d1191ad7,no_mas_sum,,,0,0,,,
,..\2_LP\LOW_Fr_MASTER_result\local_5RL\runs_cur4cb4q_master_work_work~_RST.APRQ_11_0618.3-87ef93f02b-ivxe7q3u_0260ae18,no_mas_sum,,,0,0,,,
,..\2_LP\LOW_Fr_MASTER_result\local_5RL\runs_cur4cb4q_master_work_work~_RST.APRQ_11_0618.3-8815236fb8-xgw9mv6f_51250cfd,no_mas_sum,,,0,0,,,
,..\2_LP\LOW_Fr_MASTER_result\local_5RL\runs_cur4cb4q_master_work_work~_RST.APRQ_11_0618.3-9385a55447-96uyy3lk_20534b2c,no_mas_sum,,,0,0,,,
,..\2_LP\LOW_Fr_MASTER_result\local_5RL\runs_cur4cb4q_master_work_work~_RST.APRQ_11_0618.3-93af13a0db-s9ururu1_6bb5fcd8,no_mas_sum,,,0,0,,,
,..\2_LP\LOW_Fr_MASTER_result\local_5RL\runs_cur4cb4q_master_work_work~_RST.APRQ_11_0618.3-9a6ed8db27-eg809yfn_7f5e9388,no_mas_sum,,,0,0,,,
,..\2_LP\LOW_Fr_MASTER_result\local_5RL\runs_cur4cb4q_master_work_work~_RST.APRQ_11_0618.3-9c77f55479-dm56a4jn_464f4f94,no_mas_sum,,,0,0,,,
,..\2_LP\LOW_Fr_MASTER_result\local_5RL\runs_cur4cb4q_master_work_work~_RST.APRQ_11_0618.3-9d59b5ee6e-2ofp37wi_88bb23e8,no_mas_sum,,,0,0,,,
,..\2_LP\LOW_Fr_MASTER_result\local_5RL\runs_cur4cb4q_master_work_work~_RST.APRQ_11_0618.3-a9b83acb5a-ok9elfm4_f8ebbe31,no_mas_sum,,,0,0,,,
,..\2_LP\LOW_Fr_MASTER_result\local_5RL\runs_cur4cb4q_master_work_work~_RST.APRQ_11_0618.3-ab9656c40a-2f662i3x_351ef5e5,no_mas_sum,,,0,0,,,
,..\2_LP\LOW_Fr_MASTER_result\local_5RL\runs_cur4cb4q_master_work_work~_RST.APRQ_11_0618.3-b09627b94c-6p2ay45y_e0815160,no_mas_sum,,,0,0,,,
,..\2_LP\LOW_Fr_MASTER_result\local_5RL\runs_cur4cb4q_master_work_work~_RST.APRQ_11_0618.3-c077c7ccb2-2ylwqr4f_ab7874d0,no_mas_sum,,,0,0,,,
,..\2_LP\LOW_Fr_MASTER_result\local_5RL\runs_cur4cb4q_master_work_work~_RST.APRQ_11_0618.3-d0fb5c0020-xyes8w_x_de75c77c,no_mas_sum,,,0,0,,,
,..\2_LP\LOW_Fr_MASTER_result\local_5RL\runs_cur4cb4q_master_work_work~_RST.APRQ_11_0618.3-d5aa743a74-bq1akj1y_1949e47b,no_mas_sum,,,0,0,,,
,..\2_LP\LOW_Fr_MASTER_result\local_5RL\runs_cur4cb4q_master_work_work~_RST.APRQ_11_0618.3-dfb9b6eb6f-2h0k0qd5_5b3cf8b3,no_mas_sum,,,0,0,,,
,..\2_LP\LOW_Fr_MASTER_result\local_5RL\runs_cur4cb4q_master_work_work~_RST.APRQ_11_0618.3-e3498d3892-8p19xr9d_fb80b7ba,no_mas_sum,,,0,0,,,
,..\2_LP\LOW_Fr_MASTER_result\local_5RL\runs_cur4cb4q_master_work_work~_RST.APRQ_11_0618.3-ef3e1602a1-aqjuq7td_0524eef7,no_mas_sum,,,0,0,,,
,..\2_LP\LOW_Fr_MASTER_result\local_5RL\runs_cur4cb4q_master_work_work~_RST.APRQ_11_0618.3-f922b4738e-ejh5hw_o_c1f638a9,no_mas_sum,,,0,0,,,
,..\2_LP\LOW_Fr_MASTER_result\local_5RL\runs_cur4cb4q_master_work_work~_RST.APRQ_11_0618.3-ffa9401aa7-ycohcw5g_da757bc0,no_mas_sum,,,0,0,,,
,..\2_LP\LOW_Fr_MASTER_result\local_5RL\runs_cur4cb4q_master_work_work~S_RST.APRQ_10_0635.8-6b798d59a8-u_hxpk0_7842974a,no_mas_sum,,,0,0,,,
,..\2_LP\LOW_Fr_MASTER_result\local_5RL\runs_cur4cb4q_master_work_work~S_RST.APRQ_10_0635.8-8fa15f4b35-qcrv_ur_bdb87fcf,no_mas_sum,,,0,0,,,
,..\2_LP\LOW_Fr_MASTER_result\local_5RL\runs_cur4cb4q_master_work_work~S_RST.APRQ_11_0615.8-03038a9ff2-zuxwsd9_17abc7ec,no_mas_sum,,,0,0,,,
,..\2_LP\LOW_Fr_MASTER_result\local_5RL\runs_cur4cb4q_master_work_work~S_RST.APRQ_11_0615.8-c06c6c259c-vn7x_46_e9a270b8,no_mas_sum,,,0,0,,,
,..\2_LP\LOW_Fr_MASTER_result\local_5RL\runs_cur4cb4q_master_work_work~S_RST.APRQ_11_0618.3-90d551339d-w_mgp96_82f04782,no_mas_sum,,,0,0,,,
,..\2_LP\LOW_Fr_MASTER_result\local_5RL\runs_cur4fbfp_master_work_work~_RST.APRQ_11_0767.1-93736a2ecb-r4si84rj_dc5baee6,no_mas_sum,,,0,0,,,
,..\2_LP\LOW_Fr_MASTER_result\local_5RL\runs_cur7a1em_master_work_work~_RST.APRQ_11_0637.5-5a2aa48ec7-cuxccfik_2e51e7df,no_mas_sum,,,0,0,,,
,..\2_LP\LOW_Fr_MASTER_result\local_5RL\runs_cur7a1ep_master_work_work~_RST.APRQ_10_0635.8-5d832aac14-4sc4e36z_d3c8e145,no_mas_sum,,,0,0,,,
,..\2_LP\LOW_Fr_MASTER_result\local_5RL\runs_cur7a1ep_master_work_work~_RST.APRQ_11_0635.1-bc3b33452f-xhvku321_3c54bdce,no_mas_sum,,,0,0,,,
,..\2_LP\LOW_Fr_MASTER_result\local_5RL\runs_cur7a1ep_master_work_work~_RST.APRQ_11_0637.5-3432c99b93-258gl673_439681a2,no_mas_sum,,,0,0,,,
,..\2_LP\LOW_Fr_MASTER_result\local_5RL\runs_cur7a1eq_master_work_work~_RST.APRQ_10_0635.8-4f66e82d1a-fojlg8r3_f37d91a9,no_mas_sum,,,0,0,,,
,..\2_LP\LOW_Fr_MASTER_result\local_5RL\runs_cur7a1eq_master_work_work~_RST.APRQ_10_0635.8-6cef9af05f-69xij5rc_2b8adef4,no_mas_sum,,,0,0,,,
,..\2_LP\LOW_Fr_MASTER_result\local_5RL\runs_cur7a1eq_master_work_work~_RST.APRQ_10_0635.8-781028e7b8-70os_qf6_4f5f2c3d,no_mas_sum,,,0,0,,,
,..\2_LP\LOW_Fr_MASTER_result\local_5RL\runs_cur7a1eq_master_work_work~_RST.APRQ_10_0635.8-7d8ce3010a-bo42hq99_505ce030,no_mas_sum,,,0,0,,,
,..\2_LP\LOW_Fr_MASTER_result\local_5RL\runs_cur7a1eq_master_work_work~_RST.APRQ_10_0635.8-9b31f598b8-1vwpg_ug_6c6925b4,no_mas_sum,,,0,0,,,
,..\2_LP\LOW_Fr_MASTER_result\local_5RL\runs_cur7a1eq_master_work_work~_RST.APRQ_10_0635.8-b278ba4d0d-pxs9u2qu_f3d50a7b,no_mas_sum,,,0,0,,,
,..\2_LP\LOW_Fr_MASTER_result\local_5RL\runs_cur7a1eq_master_work_work~_RST.APRQ_10_0635.8-e0f4a16215-nd06s5wz_56a1f52c,no_mas_sum,,,0,0,,,
,..\2_LP\LOW_Fr_MASTER_result\local_5RL\runs_cur7a1eq_master_work_work~_RST.APRQ_10_0635.8-e830631802-34f9nfdg_860a16c8,no_mas_sum,,,0,0,,,
,..\2_LP\LOW_Fr_MASTER_result\local_5RL\runs_cur7a1eq_master_work_work~_RST.APRQ_10_0635.8-f99621d3be-w1if1l0z_f399193f,no_mas_sum,,,0,0,,,
,..\2_LP\LOW_Fr_MASTER_result\local_5RL\runs_cur7a1eq_master_work_work~_RST.APRQ_11_0630.4-257fc41716-kpcuc_ep_4962225f,no_mas_sum,,,0,0,,,
,..\2_LP\LOW_Fr_MASTER_result\local_5RL\runs_cur7a1eq_master_work_work~_RST.APRQ_11_0630.4-2e963c505f-1sx3j6wt_fce5a615,no_mas_sum,,,0,0,,,
,..\2_LP\LOW_Fr_MASTER_result\local_5RL\runs_cur7a1eq_master_work_work~_RST.APRQ_11_0630.4-4081a51ed9-ztj1npq8_01024a9f,no_mas_sum,,,0,0,,,
,..\2_LP\LOW_Fr_MASTER_result\local_5RL\runs_cur7a1eq_master_work_work~_RST.APRQ_11_0630.4-5d804b320b-n6mxykt8_dc298634,no_mas_sum,,,0,0,,,
,..\2_LP\LOW_Fr_MASTER_result\local_5RL\runs_cur7a1eq_master_work_work~_RST.APRQ_11_0630.4-a413663b84-n3r6ant5_ece75673,no_mas_sum,,,0,0,,,
,..\2_LP\LOW_Fr_MASTER_result\local_5RL\runs_cur7a1eq_master_work_work~_RST.APRQ_11_0630.4-c4d5637d9b-76io_oae_75bd6060,no_mas_sum,,,0,0,,,
,..\2_LP\LOW_Fr_MASTER_result\local_5RL\runs_cur7a1eq_master_work_work~_RST.APRQ_11_0630.4-c8a4776d05-qfn2m5ft_f720e6a8,no_mas_sum,,,0,0,,,
,..\2_LP\LOW_Fr_MASTER_result\local_5RL\runs_cur7a1eq_master_work_work~_RST.APRQ_11_0630.4-cc837af75f-57k3yerr_c49a01fc,no_mas_sum,,,0,0,,,
,..\2_LP\LOW_Fr_MASTER_result\local_5RL\runs_cur7a1eq_master_work_work~_RST.APRQ_11_0630.4-d0b80c73b5-ayhi5tsi_532ad5a5,no_mas_sum,,,0,0,,,
,..\2_LP\LOW_Fr_MASTER_result\local_5RL\runs_cur7a1eq_master_work_work~_RST.APRQ_11_0630.4-e7b2bae5f3-6t7xdi6z_1baee743,no_mas_sum,,,0,0,,,
,..\2_LP\LOW_Fr_MASTER_result\local_5RL\runs_cur7a1eq_master_work_work~_RST.APRQ_11_0630.4-ed4496ce32-hfwhkzsu_176dadfe,no_mas_sum,,,0,0,,,
,..\2_LP\LOW_Fr_MASTER_result\local_5RL\runs_cur7a1eq_master_work_work~_RST.APRQ_11_0635.1-0026c46446-tv3riw7i_15ed3072,no_mas_sum,,,0,0,,,
,..\2_LP\LOW_Fr_MASTER_result\local_5RL\runs_cur7a1eq_master_work_work~_RST.APRQ_11_0635.1-04c5cb9819-yqyw27_2_a9280133,no_mas_sum,,,0,0,,,
,..\2_LP\LOW_Fr_MASTER_result\local_5RL\runs_cur7a1eq_master_work_work~_RST.APRQ_11_0635.1-10d1707725-8ygw68xb_cc89a279,no_mas_sum,,,0,0,,,
,..\2_LP\LOW_Fr_MASTER_result\local_5RL\runs_cur7a1eq_master_work_work~_RST.APRQ_11_0635.1-226bf24638-meh2b0il_182f2207,no_mas_sum,,,0,0,,,
,..\2_LP\LOW_Fr_MASTER_result\local_5RL\runs_cur7a1eq_master_work_work~_RST.APRQ_11_0635.1-22c4f1dc08-2wyj21sz_316e95a6,no_mas_sum,,,0,0,,,
,..\2_LP\LOW_Fr_MASTER_result\local_5RL\runs_cur7a1eq_master_work_work~_RST.APRQ_11_0635.1-2431a6af31-blyk_omi_cc9fbdd5,no_mas_sum,,,0,0,,,
,..\2_LP\LOW_Fr_MASTER_result\local_5RL\runs_cur7a1eq_master_work_work~_RST.APRQ_11_0635.1-314fe4738c-4oz4ytgl_38b83267,no_mas_sum,,,0,0,,,
,..\2_LP\LOW_Fr_MASTER_result\local_5RL\runs_cur7a1eq_master_work_work~_RST.APRQ_11_0635.1-669aae6314-5s2c9pqe_0e03c4e2,no_mas_sum,,,0,0,,,
,..\2_LP\LOW_Fr_MASTER_result\local_5RL\runs_cur7a1eq_master_work_work~_RST.APRQ_11_0635.1-75a3850cf9-itsxrewy_896a23b2,no_mas_sum,,,0,0,,,
,..\2_LP\LOW_Fr_MASTER_result\local_5RL\runs_cur7a1eq_master_work_work~_RST.APRQ_11_0635.1-7eb52674a9-t18li283_30a78419,no_mas_sum,,,0,0,,,
,..\2_LP\LOW_Fr_MASTER_result\local_5RL\runs_cur7a1eq_master_work_work~_RST.APRQ_11_0635.1-862539c77b-sz2ss3yv_e565eae0,no_mas_sum,,,0,0,,,
,..\2_LP\LOW_Fr_MASTER_result\local_5RL\runs_cur7a1eq_master_work_work~_RST.APRQ_11_0635.1-a1d4ed3ec2-wukxcgmc_7c93123d,no_mas_sum,,,0,0,,,
,..\2_LP\LOW_Fr_MASTER_result\local_5RL\runs_cur7a1eq_master_work_work~_RST.APRQ_11_0635.1-f2c5ad3d6f-v1oyorxs_ce8cc815,no_mas_sum,,,0,0,,,
,..\2_LP\LOW_Fr_MASTER_result\local_5RL\runs_cur7a1eq_master_work_work~_RST.APRQ_11_0635.1-f6c6330762-anzcyfkb_0ae83991,no_mas_sum,,,0,0,,,
,..\2_LP\LOW_Fr_MASTER_result\local_5RL\runs_cur7a1eq_master_work_work~_RST.APRQ_11_0635.1-fc1c08023a-4efrjkuq_155a436a,no_mas_sum,,,0,0,,,
,..\2_LP\LOW_Fr_MASTER_result\local_5RL\runs_cur7a1eq_master_work_work~_RST.APRQ_11_0637.5-0af6a72482-zbq_ghix_205ccc05,no_mas_sum,,,0,0,,,
,..\2_LP\LOW_Fr_MASTER_result\local_5RL\runs_cur7a1eq_master_work_work~_RST.APRQ_11_0637.5-104714bcea-yohfj_9t_7d6f22f6,no_mas_sum,,,0,0,,,
,..\2_LP\LOW_Fr_MASTER_result\local_5RL\runs_cur7a1eq_master_work_work~_RST.APRQ_11_0637.5-18d5df2247-dm5ye3gv_5c47fecf,no_mas_sum,,,0,0,,,
,..\2_LP\LOW_Fr_MASTER_result\local_5RL\runs_cur7a1eq_master_work_work~_RST.APRQ_11_0637.5-25e6cb427c-f7qvz5_8_4878b2b2,no_mas_sum,,,0,0,,,
,..\2_LP\LOW_Fr_MASTER_result\local_5RL\runs_cur7a1eq_master_work_work~_RST.APRQ_11_0637.5-26d4dc66a7-r8xgaz9e_87b5edd5,no_mas_sum,,,0,0,,,
,..\2_LP\LOW_Fr_MASTER_result\local_5RL\runs_cur7a1eq_master_work_work~_RST.APRQ_11_0637.5-2dd73e49f6-tm5k0910_860382e7,no_mas_sum,,,0,0,,,
,..\2_LP\LOW_Fr_MASTER_result\local_5RL\runs_cur7a1eq_master_work_work~_RST.APRQ_11_0637.5-414f3e4921-uby8xt6b_ca9f2e3f,no_mas_sum,,,0,0,,,
,..\2_LP\LOW_Fr_MASTER_result\local_5RL\runs_cur7a1eq_master_work_work~_RST.APRQ_11_0637.5-5a12668aab-f4lw_xws_d5e1521b,no_mas_sum,,,0,0,,,
,..\2_LP\LOW_Fr_MASTER_result\local_5RL\runs_cur7a1eq_master_work_work~_RST.APRQ_11_0637.5-7922746ba9-c1xowpfu_70682324,no_mas_sum,,,0,0,,,
,..\2_LP\LOW_Fr_MASTER_result\local_5RL\runs_cur7a1eq_master_work_work~_RST.APRQ_11_0637.5-8f07940c43-8elnw0hk_24f08eb9,no_mas_sum,,,0,0,,,
,..\2_LP\LOW_Fr_MASTER_result\local_5RL\runs_cur7a1eq_master_work_work~_RST.APRQ_11_0637.5-9d8bc4a477-zj15c62w_7b833ada,no_mas_sum,,,0,0,,,
,..\2_LP\LOW_Fr_MASTER_result\local_5RL\runs_cur7a1eq_master_work_work~_RST.APRQ_11_0637.5-a04b90dbc9-s30vb6cx_f5ebb430,no_mas_sum,,,0,0,,,
,..\2_LP\LOW_Fr_MASTER_result\local_5RL\runs_cur7a1eq_master_work_work~_RST.APRQ_11_0637.5-a7ba80f1f8-f5nbwjxe_7be22ea0,no_mas_sum,,,0,0,,,
,..\2_LP\LOW_Fr_MASTER_result\local_5RL\runs_cur7a1eq_master_work_work~_RST.APRQ_11_0637.5-c88565268d-g4f3s_s7_8606dd2b,no_mas_sum,,,0,0,,,
,..\2_LP\LOW_Fr_MASTER_result\local_5RL\runs_cur7a1eq_master_work_work~_RST.APRQ_11_0637.5-d62eb038b2-11ewqlg4_fd087fc7,no_mas_sum,,,0,0,,,
,..\2_LP\LOW_Fr_MASTER_result\local_5RL\runs_cur7a1eq_master_work_work~_RST.APRQ_11_0637.5-df76be1196-2ted793y_2b273bfe,no_mas_sum,,,0,0,,,
,..\2_LP\LOW_Fr_MASTER_result\local_5RL\runs_cur7a1eq_master_work_work~S_RST.APRQ_10_0635.8-f0edf8cdd9-wmweejv_786ba139,no_mas_sum,,,0,0,,,
,..\2_LP\LOW_Fr_MASTER_result\local_5RL\runs_cur7c97m_master_work_work~_RST.APRQ_11_0686.4-0a0c7b6631-7exbjaxj_4d3f4d52,no_mas_sum,,,0,0,,,
,..\2_LP\LOW_Fr_MASTER_result\local_5RL\runs_cur7c97m_master_work_work~_RST.APRQ_11_0686.4-65437ea555-g61goyyc_5cbd8cc3,no_mas_sum,,,0,0,,,
,..\2_LP\LOW_Fr_MASTER_result\local_5RL\runs_cur7c97m_master_work_work~_RST.APRQ_11_0686.4-c6110f9b18-_rwdnsy9_ea5f3f81,no_mas_sum,,,0,0,,,
,..\2_LP\LOW_Fr_MASTER_result\local_5RL\runs_cur7c97m_master_work_work~_RST.APRQ_11_0688.2-0bd61d43b1-z60r6e_w_5ceb59fa,no_mas_sum,,,0,0,,,
,..\2_LP\LOW_Fr_MASTER_result\local_5RL\runs_cur7c97m_master_work_work~_RST.APRQ_11_0688.2-641e54a1b1-1yo9j1j8_c7f2f047,no_mas_sum,,,0,0,,,
,..\2_LP\LOW_Fr_MASTER_result\local_5RL\runs_cur7c97m_master_work_work~_RST.APRQ_11_0688.2-c2057933df-wur3j4c4_0b51b52e,no_mas_sum,,,0,0,,,
,..\2_LP\LOW_Fr_MASTER_result\local_5RL\runs_cur7c97p_master_work_work~_RST.APRQ_11_0686.4-a9b06c69a7-gsfj76r4_4c8e40e8,no_mas_sum,,,0,0,,,
,..\2_LP\LOW_Fr_MASTER_result\local_5RL\runs_cur7c97p_master_work_work~_RST.APRQ_11_0688.2-5200caad77-b8jaiya5_d4f1e554,no_mas_sum,,,0,0,,,
,..\2_LP\LOW_Fr_MASTER_result\local_5RL\runs_cur7c97p_master_work_work~_RST.APRQ_11_0688.2-6c5372ed68-cj6ii2zg_4dcda854,no_mas_sum,,,0,0,,,
,..\2_LP\LOW_Fr_MASTER_result\local_5RL\runs_cur7c97p_master_work_work~_RST.APRQ_11_0692.6-28f7271fa8-5s9_x4lk_02775f51,no_mas_sum,,,0,0,,,
,..\2_LP\LOW_Fr_MASTER_result\local_5RL\runs_cur7c97p_master_work_work~_RST.APRQ_11_0692.6-b2eff159a5-s7jy1w1l_e770cffb,no_mas_sum,,,0,0,,,
,..\2_LP\LOW_Fr_MASTER_result\local_5RL\runs_cur7c97p_master_work_work~_RST.APRQ_11_0692.6-f46e61c904-tzxx6e8e_967f2907,no_mas_sum,,,0,0,,,
,..\2_LP\LOW_Fr_MASTER_result\local_5RL\runs_cur7cefp_master_work_work~_RST.APRQ_11_0705.0-9a3ea26d91-c93lywqi_3b878aee,no_mas_sum,,,0,0,,,
,..\2_LP\LOW_Fr_MASTER_result\local_5RL\runs_cur7cefp_master_work_work~_RST.APRQ_11_0705.0-f16d02c955-32n5zrfc_7f400ac3,no_mas_sum,,,0,0,,,
,..\2_LP\LOW_Fr_MASTER_result\local_5RL\runs_cur7cefp_master_work_work~_RST.APRQ_11_0767.1-a6309e9701-mk6avyy6_e4ba1c85,no_mas_sum,,,0,0,,,
,..\2_LP\LOW_Fr_MASTER_result\local_5RL\runs_cur7cefp_master_work_work~_RST.APRQ_11_0767.1-ddffe8675b-hibm5nkq_8e78a497,no_mas_sum,,,0,0,,,
,..\2_LP\LOW_Fr_MASTER_result\local_5RL\runs_cur7eddp_master_work_work~_RST.APRQ_10_0635.8-bd263cfa33-9n4sdmxe_cb4a9ad1,no_mas_sum,,,0,0,,,
,..\2_LP\LOW_Fr_MASTER_result\local_5RL\runs_cur7eddp_master_work_work~_RST.APRQ_11_0630.4-81bb022842-_vdgrqvl_88c4a0b8,no_mas_sum,,,0,0,,,
,..\2_LP\LOW_Fr_MASTER_result\local_5RL\runs_cur7eddp_master_work_work~_RST.APRQ_11_0630.4-8fc1cbe231-qh5b31sn_50a6c39c,no_mas_sum,,,0,0,,,
,..\2_LP\LOW_Fr_MASTER_result\local_5RL\runs_cur7eddp_master_work_work~_RST.APRQ_11_0635.1-8310aab53d-osnh7eoc_17f0b76c,no_mas_sum,,,0,0,,,
,..\2_LP\LOW_Fr_MASTER_result\local_5RL\runs_cur7eddp_master_work_work~S_RST.APRQ_10_0635.8-6b34a25216-p9n5pxx_2560cf98,no_mas_sum,,,0,0,,,
,..\2_LP\LOW_Fr_MASTER_result\local_5RL\runs_cur7eddq_master_work_work~_RST.APRQ_10_0635.8-2331169ac6-zdhpd7vs_8b3f67ee,no_mas_sum,,,0,0,,,
,..\2_LP\LOW_Fr_MASTER_result\local_5RL\runs_cur7eddq_master_work_work~_RST.APRQ_10_0635.8-c3ae8ab554-9o1h0idd_a3efc27a,no_mas_sum,,,0,0,,,
,..\2_LP\LOW_Fr_MASTER_result\local_5RL\runs_cur7eddq_master_work_work~_RST.APRQ_10_0635.8-d2a8560550-kj0o4yat_cedbae68,no_mas_sum,,,0,0,,,
,..\2_LP\LOW_Fr_MASTER_result\local_5RL\runs_cur7eddq_master_work_work~_RST.APRQ_10_0635.8-d8aac4f82b-2u_bg2g9_fb5f6725,no_mas_sum,,,0,0,,,
,..\2_LP\LOW_Fr_MASTER_result\local_5RL\runs_cur7eddq_master_work_work~_RST.APRQ_10_0635.8-ea4cad5f00-phhij6ac_e6d0762f,no_mas_sum,,,0,0,,,
,..\2_LP\LOW_Fr_MASTER_result\local_5RL\runs_cur7eddq_master_work_work~_RST.APRQ_10_0635.8-ef48df223d-sisdibsj_c37854ba,no_mas_sum,,,0,0,,,
,..\2_LP\LOW_Fr_MASTER_result\local_5RL\runs_cur7eddq_master_work_work~_RST.APRQ_11_0630.4-1eba79ecad-eegv39xn_183f54be,no_mas_sum,,,0,0,,,
,..\2_LP\LOW_Fr_MASTER_result\local_5RL\runs_cur7eddq_master_work_work~_RST.APRQ_11_0630.4-24a245f89d-b8oaov3u_235031a4,no_mas_sum,,,0,0,,,
,..\2_LP\LOW_Fr_MASTER_result\local_5RL\runs_cur7eddq_master_work_work~_RST.APRQ_11_0630.4-5736ac56f5-2zd7byrb_44a49952,no_mas_sum,,,0,0,,,
,..\2_LP\LOW_Fr_MASTER_result\local_5RL\runs_cur7eddq_master_work_work~_RST.APRQ_11_0630.4-78ac728f9b-69w6nmvj_77f6aff4,no_mas_sum,,,0,0,,,
,..\2_LP\LOW_Fr_MASTER_result\local_5RL\runs_cur7eddq_master_work_work~_RST.APRQ_11_0630.4-7f2c001722-ul8qqxjg_ecc4ccf0,no_mas_sum,,,0,0,,,
,..\2_LP\LOW_Fr_MASTER_result\local_5RL\runs_cur7eddq_master_work_work~_RST.APRQ_11_0630.4-9bd010e8d3-lelpce45_e801d9b1,no_mas_sum,,,0,0,,,
,..\2_LP\LOW_Fr_MASTER_result\local_5RL\runs_cur7eddq_master_work_work~_RST.APRQ_11_0630.4-c399340ee1-dhvb4y83_2d5bbd0b,no_mas_sum,,,0,0,,,
,..\2_LP\LOW_Fr_MASTER_result\local_5RL\runs_cur7eddq_master_work_work~_RST.APRQ_11_0630.4-e59555bc1f-7gcd8lvt_73071990,no_mas_sum,,,0,0,,,
,..\2_LP\LOW_Fr_MASTER_result\local_5RL\runs_cur7eddq_master_work_work~_RST.APRQ_11_0630.4-ed8eb66fd6-smbd4cng_1c446b01,no_mas_sum,,,0,0,,,
,..\2_LP\LOW_Fr_MASTER_result\local_5RL\runs_cur7eddq_master_work_work~_RST.APRQ_11_0630.4-f181b4859a-kxr4ks42_92b85967,no_mas_sum,,,0,0,,,
,..\2_LP\LOW_Fr_MASTER_result\local_5RL\runs_cur7eddq_master_work_work~_RST.APRQ_11_0635.1-14c7cc90ae-0twq0z27_c84c6386,no_mas_sum,,,0,0,,,
,..\2_LP\LOW_Fr_MASTER_result\local_5RL\runs_cur7eddq_master_work_work~_RST.APRQ_11_0635.1-34aa2d7ad3-v7nc256w_6891851a,no_mas_sum,,,0,0,,,
,..\2_LP\LOW_Fr_MASTER_result\local_5RL\runs_cur7eddq_master_work_work~_RST.APRQ_11_0635.1-3a17df9fc9-i4ec83up_d78c5ee8,no_mas_sum,,,0,0,,,
,..\2_LP\LOW_Fr_MASTER_result\local_5RL\runs_cur7eddq_master_work_work~_RST.APRQ_11_0635.1-59041ddf29-rfrmcgeo_b5191695,no_mas_sum,,,0,0,,,
,..\2_LP\LOW_Fr_MASTER_result\local_5RL\runs_cur7eddq_master_work_work~_RST.APRQ_11_0635.1-5a031a747c-gczcfr2d_0cfa1493,no_mas_sum,,,0,0,,,
,..\2_LP\LOW_Fr_MASTER_result\local_5RL\runs_cur7eddq_master_work_work~_RST.APRQ_11_0635.1-6c29aaa3ff-8bz98cbf_ba8f3721,no_mas_sum,,,0,0,,,
,..\2_LP\LOW_Fr_MASTER_result\local_5RL\runs_cur7eddq_master_work_work~_RST.APRQ_11_0635.1-6f2435fafd-xuhuwifs_3b9e4eda,no_mas_sum,,,0,0,,,
,..\2_LP\LOW_Fr_MASTER_result\local_5RL\runs_cur7eddq_master_work_work~_RST.APRQ_11_0635.1-993f8d5ac7-4elkq49q_bbebebfc,no_mas_sum,,,0,0,,,
,..\2_LP\LOW_Fr_MASTER_result\local_5RL\runs_cur7eddq_master_work_work~_RST.APRQ_11_0635.1-c5612a4ce5-qrr2sldl_e0a267f6,no_mas_sum,,,0,0,,,
,..\2_LP\LOW_Fr_MASTER_result\local_5RL\runs_cur7eddq_master_work_work~_RST.APRQ_11_0635.1-d05f99f7e6-p3tr0r4y_2f579492,no_mas_sum,,,0,0,,,
,..\2_LP\LOW_Fr_MASTER_result\local_5RL\runs_cur7eddq_master_work_work~_RST.APRQ_11_0635.1-e895cb8e4c-yfpryuf2_54d949f0,no_mas_sum,,,0,0,,,
,..\2_LP\LOW_Fr_MASTER_result\local_5RL\runs_cur7eddq_master_work_work~_RST.APRQ_11_0635.1-e9e405f50c-u28dokjx_b6f9ce64,no_mas_sum,,,0,0,,,
,..\2_LP\LOW_Fr_MASTER_result\local_5RL\runs_cur7eddq_master_work_work~_RST.APRQ_11_0637.5-1b86c86f21-oixp622o_bf02856c,no_mas_sum,,,0,0,,,
,..\2_LP\LOW_Fr_MASTER_result\local_5RL\runs_cur7eddq_master_work_work~_RST.APRQ_11_0637.5-23910bdf8a-ch888lae_210146e8,no_mas_sum,,,0,0,,,
,..\2_LP\LOW_Fr_MASTER_result\local_5RL\runs_cur7eddq_master_work_work~_RST.APRQ_11_0637.5-2cca8863f0-kaky7pqu_bc42906d,no_mas_sum,,,0,0,,,
,..\2_LP\LOW_Fr_MASTER_result\local_5RL\runs_cur7eddq_master_work_work~_RST.APRQ_11_0637.5-2d1fbf1640-l1pepfjo_61336923,no_mas_sum,,,0,0,,,
,..\2_LP\LOW_Fr_MASTER_result\local_5RL\runs_cur7eddq_master_work_work~_RST.APRQ_11_0637.5-4e02f79e98-2qay7crx_4d4fd58b,no_mas_sum,,,0,0,,,
,..\2_LP\LOW_Fr_MASTER_result\local_5RL\runs_cur7eddq_master_work_work~_RST.APRQ_11_0637.5-4f2fb93201-2u87oj46_38f2651f,no_mas_sum,,,0,0,,,
,..\2_LP\LOW_Fr_MASTER_result\local_5RL\runs_cur7eddq_master_work_work~_RST.APRQ_11_0637.5-6273112a29-3ynoq8m7_f7094a95,no_mas_sum,,,0,0,,,
,..\2_LP\LOW_Fr_MASTER_result\local_5RL\runs_cur7eddq_master_work_work~_RST.APRQ_11_0637.5-6a6ec98af4-abzzvz38_5a9645c5,no_mas_sum,,,0,0,,,
,..\2_LP\LOW_Fr_MASTER_result\local_5RL\runs_cur7eddq_master_work_work~_RST.APRQ_11_0637.5-7c090b3488-yncl6wix_e6e9dc0f,no_mas_sum,,,0,0,,,
,..\2_LP\LOW_Fr_MASTER_result\local_5RL\runs_cur7eddq_master_work_work~_RST.APRQ_11_0637.5-9a867b2ddd-36z2980s_17753f06,no_mas_sum,,,0,0,,,
,..\2_LP\LOW_Fr_MASTER_result\local_5RL\runs_cur7eddq_master_work_work~_RST.APRQ_11_0637.5-bc251ac0ba-ebex5ell_8bd5ec92,no_mas_sum,,,0,0,,,
,..\2_LP\LOW_Fr_MASTER_result\local_5RL\runs_cur7eddq_master_work_work~_RST.APRQ_11_0637.5-cee5c1f1e5-birlmksn_6c39fd15,no_mas_sum,,,0,0,,,
,..\2_LP\LOW_Fr_MASTER_result\local_5RL\runs_cur7eddq_master_work_work~_RST.APRQ_11_0637.5-eae81b6bfc-ndqat1s0_13f514f7,no_mas_sum,,,0,0,,,
,..\2_LP\LOW_Fr_MASTER_result\local_5RL\runs_cur7eddq_master_work_work~S_RST.APRQ_11_0635.1-6aa34cfc38-69qb_n5_f2e04778,no_mas_sum,,,0,0,,,
,..\2_LP\LOW_Fr_MASTER_result\local_5RL\runs_cur7eddq_master_work_work~S_RST.APRQ_11_0635.1-71b9468356-z8wj7tl_86b38b6a,no_mas_sum,,,0,0,,,
,..\2_LP\LOW_Fr_MASTER_result\local_5RL\runs_cur7ff1p_master_work_work~_RST.APRQ_12_0777.1-0d6542c9dc-7myd2_46_44de9fa7,no_mas_sum,,,0,0,,,
,..\2_LP\LOW_Fr_MASTER_result\local_5RL\runs_cur7ff1p_master_work_work~_RST.APRQ_12_0777.1-465e30110e-4a1ylca0_ded44b55,no_mas_sum,,,0,0,,,
,..\2_LP\LOW_Fr_MASTER_result\local_5RL\runs_cur7ff1p_master_work_work~_RST.APRQ_12_0777.1-c9aa90ae34-kldx18jp_2a011c23,no_mas_sum,,,0,0,,,
,..\2_LP\LOW_Fr_MASTER_result\local_5RL\runs_cur7ff1p_master_work_work~_RST.APRQ_12_0777.1-d75797eaf1-e7vsjs0g_45457d56,no_mas_sum,,,0,0,,,
,..\2_LP\LOW_Fr_MASTER_result\local_5RL\runs_cur87c6m_master_work_work~_RST.APRQ_11_0615.8-b341191434-8681euoa_5f88c10e,no_mas_sum,,,0,0,,,
,..\2_LP\LOW_Fr_MASTER_result\local_5RL\runs_cur87c6m_master_work_work~_RST.APRQ_11_0615.8-f14aef63c1-xkwqw78q_d98f33ea,no_mas_sum,,,0,0,,,
,..\2_LP\LOW_Fr_MASTER_result\local_5RL\runs_cur87c6m_master_work_work~_RST.APRQ_11_0618.3-10f49bc691-0rxzedsj_595b43fd,no_mas_sum,,,0,0,,,
,..\2_LP\LOW_Fr_MASTER_result\local_5RL\runs_cur87c6p_master_work_work~_RST.APRQ_10_0635.8-76d1755b18-m74p2f0l_f65e2dcc,no_mas_sum,,,0,0,,,
,..\2_LP\LOW_Fr_MASTER_result\local_5RL\runs_cur87c6p_master_work_work~_RST.APRQ_10_0635.8-c005ec2810-mvlxdqss_843adb16,no_mas_sum,,,0,0,,,
,..\2_LP\LOW_Fr_MASTER_result\local_5RL\runs_cur87c6p_master_work_work~_RST.APRQ_11_0615.8-0180066170-_10608qv_1914c72e,no_mas_sum,,,0,0,,,
,..\2_LP\LOW_Fr_MASTER_result\local_5RL\runs_cur87c6p_master_work_work~_RST.APRQ_11_0615.8-21d7b0cfd2-7fq6wvim_72e098f2,no_mas_sum,,,0,0,,,
,..\2_LP\LOW_Fr_MASTER_result\local_5RL\runs_cur87c6p_master_work_work~_RST.APRQ_11_0615.8-e32acc438f-3gqh4d4t_96a6fccd,no_mas_sum,,,0,0,,,
,..\2_LP\LOW_Fr_MASTER_result\local_5RL\runs_cur87c6p_master_work_work~_RST.APRQ_11_0615.8-f189c838d6-rpxfd8qm_3a3ec699,no_mas_sum,,,0,0,,,
,..\2_LP\LOW_Fr_MASTER_result\local_5RL\runs_cur87c6p_master_work_work~_RST.APRQ_11_0615.8-f2f49521ee-_yj5ngib_677d53a2,no_mas_sum,,,0,0,,,
,..\2_LP\LOW_Fr_MASTER_result\local_5RL\runs_cur87c6p_master_work_work~_RST.APRQ_11_0618.3-15e4cb2f19-diu6kvua_752a804a,no_mas_sum,,,0,0,,,
,..\2_LP\LOW_Fr_MASTER_result\local_5RL\runs_cur87c6p_master_work_work~_RST.APRQ_11_0618.3-9a0fffc45e-43becto5_54bac3e8,no_mas_sum,,,0,0,,,
,..\2_LP\LOW_Fr_MASTER_result\local_5RL\runs_cur87c6q_master_work_work~_RST.APRQ_10_0635.8-04c4bb063d-sv5dusib_55deca73,no_mas_sum,,,0,0,,,
,..\2_LP\LOW_Fr_MASTER_result\local_5RL\runs_cur87c6q_master_work_work~_RST.APRQ_10_0635.8-08bc0f50b3-1gmvgad0_df3c65a5,no_mas_sum,,,0,0,,,
,..\2_LP\LOW_Fr_MASTER_result\local_5RL\runs_cur87c6q_master_work_work~_RST.APRQ_10_0635.8-47461cf682-44qy_z9o_c9f45d06,no_mas_sum,,,0,0,,,
,..\2_LP\LOW_Fr_MASTER_result\local_5RL\runs_cur87c6q_master_work_work~_RST.APRQ_10_0635.8-52776625ba-amh1tvmo_32085eaf,no_mas_sum,,,0,0,,,
,..\2_LP\LOW_Fr_MASTER_result\local_5RL\runs_cur87c6q_master_work_work~_RST.APRQ_10_0635.8-790ed6fcea-rz9r851p_3db26a6c,no_mas_sum,,,0,0,,,
,..\2_LP\LOW_Fr_MASTER_result\local_5RL\runs_cur87c6q_master_work_work~_RST.APRQ_10_0635.8-8713d98492-uyehwz3r_84f4142b,no_mas_sum,,,0,0,,,
,..\2_LP\LOW_Fr_MASTER_result\local_5RL\runs_cur87c6q_master_work_work~_RST.APRQ_10_0635.8-8b5160eac8-56k8uppl_9d4b6e24,no_mas_sum,,,0,0,,,
,..\2_LP\LOW_Fr_MASTER_result\local_5RL\runs_cur87c6q_master_work_work~_RST.APRQ_10_0635.8-9eb169831a-kz2w13ww_409059d0,no_mas_sum,,,0,0,,,
,..\2_LP\LOW_Fr_MASTER_result\local_5RL\runs_cur87c6q_master_work_work~_RST.APRQ_10_0635.8-c086889a15-h0kslycm_0a60f3f7,no_mas_sum,,,0,0,,,
,..\2_LP\LOW_Fr_MASTER_result\local_5RL\runs_cur87c6q_master_work_work~_RST.APRQ_10_0635.8-c26e0a1b30-uaq_h2tb_cf2e4ebc,no_mas_sum,,,0,0,,,
,..\2_LP\LOW_Fr_MASTER_result\local_5RL\runs_cur87c6q_master_work_work~_RST.APRQ_10_0635.8-c5be39ff6c-19qfcybw_8aa0eaa1,no_mas_sum,,,0,0,,,
,..\2_LP\LOW_Fr_MASTER_result\local_5RL\runs_cur87c6q_master_work_work~_RST.APRQ_10_0635.8-d2dd80b685-uheh31yn_22422f1e,no_mas_sum,,,0,0,,,
,..\2_LP\LOW_Fr_MASTER_result\local_5RL\runs_cur87c6q_master_work_work~_RST.APRQ_10_0635.8-e586dc9901-mt80dbig_1d345462,no_mas_sum,,,0,0,,,
,..\2_LP\LOW_Fr_MASTER_result\local_5RL\runs_cur87c6q_master_work_work~_RST.APRQ_11_0615.8-02525fbddd-4vsqxb98_adc94404,no_mas_sum,,,0,0,,,
,..\2_LP\LOW_Fr_MASTER_result\local_5RL\runs_cur87c6q_master_work_work~_RST.APRQ_11_0615.8-088209a94b-jaivute7_9f005f43,no_mas_sum,,,0,0,,,
,..\2_LP\LOW_Fr_MASTER_result\local_5RL\runs_cur87c6q_master_work_work~_RST.APRQ_11_0615.8-0fc275f387-44k5xzzd_89b7d525,no_mas_sum,,,0,0,,,
,..\2_LP\LOW_Fr_MASTER_result\local_5RL\runs_cur87c6q_master_work_work~_RST.APRQ_11_0615.8-11b3ee7890-7grcpx_v_cde41eab,no_mas_sum,,,0,0,,,
,..\2_LP\LOW_Fr_MASTER_result\local_5RL\runs_cur87c6q_master_work_work~_RST.APRQ_11_0615.8-168f1aabbf-5jihxxmy_e23bcb61,no_mas_sum,,,0,0,,,
,..\2_LP\LOW_Fr_MASTER_result\local_5RL\runs_cur87c6q_master_work_work~_RST.APRQ_11_0615.8-3052016ec7-v0jld49w_e683e023,no_mas_sum,,,0,0,,,
,..\2_LP\LOW_Fr_MASTER_result\local_5RL\runs_cur87c6q_master_work_work~_RST.APRQ_11_0615.8-4780816dc1-fbj5c3pk_576686e8,no_mas_sum,,,0,0,,,
,..\2_LP\LOW_Fr_MASTER_result\local_5RL\runs_cur87c6q_master_work_work~_RST.APRQ_11_0615.8-5b504589cc-x3wn0gwg_6bd4b9e1,no_mas_sum,,,0,0,,,
,..\2_LP\LOW_Fr_MASTER_result\local_5RL\runs_cur87c6q_master_work_work~_RST.APRQ_11_0615.8-5bac32c0fb-hwti9bm4_7cb5aa1f,no_mas_sum,,,0,0,,,
,..\2_LP\LOW_Fr_MASTER_result\local_5RL\runs_cur87c6q_master_work_work~_RST.APRQ_11_0615.8-5c8d889b8a-xbxheg2a_4f8d4527,no_mas_sum,,,0,0,,,
,..\2_LP\LOW_Fr_MASTER_result\local_5RL\runs_cur87c6q_master_work_work~_RST.APRQ_11_0615.8-634d22a080-9dhfl206_b87ac9d1,no_mas_sum,,,0,0,,,
,..\2_LP\LOW_Fr_MASTER_result\local_5RL\runs_cur87c6q_master_work_work~_RST.APRQ_11_0615.8-6afde84fab-nhpzbl7u_96767a7e,no_mas_sum,,,0,0,,,
,..\2_LP\LOW_Fr_MASTER_result\local_5RL\runs_cur87c6q_master_work_work~_RST.APRQ_11_0615.8-6d30281ba5-fl_vj98b_4f06cad8,no_mas_sum,,,0,0,,,
,..\2_LP\LOW_Fr_MASTER_result\local_5RL\runs_cur87c6q_master_work_work~_RST.APRQ_11_0615.8-712f9d2d3b-omd9jkbl_dd50fdc8,no_mas_sum,,,0,0,,,
,..\2_LP\LOW_Fr_MASTER_result\local_5RL\runs_cur87c6q_master_work_work~_RST.APRQ_11_0615.8-9792791caf-vhr44cf2_01879c31,no_mas_sum,,,0,0,,,
,..\2_LP\LOW_Fr_MASTER_result\local_5RL\runs_cur87c6q_master_work_work~_RST.APRQ_11_0615.8-9bc8154989-l6zf7u_u_8a0d2470,no_mas_sum,,,0,0,,,
,..\2_LP\LOW_Fr_MASTER_result\local_5RL\runs_cur87c6q_master_work_work~_RST.APRQ_11_0615.8-a37c7f527d-_ge3b6gi_9a271416,no_mas_sum,,,0,0,,,
,..\2_LP\LOW_Fr_MASTER_result\local_5RL\runs_cur87c6q_master_work_work~_RST.APRQ_11_0615.8-a3efdb6602-wnzue2dz_8038f58d,no_mas_sum,,,0,0,,,
,..\2_LP\LOW_Fr_MASTER_result\local_5RL\runs_cur87c6q_master_work_work~_RST.APRQ_11_0615.8-b07e211884-wcsy7qtt_0d32cc1c,no_mas_sum,,,0,0,,,
,..\2_LP\LOW_Fr_MASTER_result\local_5RL\runs_cur87c6q_master_work_work~_RST.APRQ_11_0615.8-b101c8362e-1py7pnoj_726f5c19,no_mas_sum,,,0,0,,,
,..\2_LP\LOW_Fr_MASTER_result\local_5RL\runs_cur87c6q_master_work_work~_RST.APRQ_11_0615.8-b3dbf02c5b-cqc6yf86_a413b152,no_mas_sum,,,0,0,,,
,..\2_LP\LOW_Fr_MASTER_result\local_5RL\runs_cur87c6q_master_work_work~_RST.APRQ_11_0615.8-b411aa0d0c-j68bw2ur_8728894f,no_mas_sum,,,0,0,,,
,..\2_LP\LOW_Fr_MASTER_result\local_5RL\runs_cur87c6q_master_work_work~_RST.APRQ_11_0615.8-d67a8ed222-nobw3eos_1eab1a5d,no_mas_sum,,,0,0,,,
,..\2_LP\LOW_Fr_MASTER_result\local_5RL\runs_cur87c6q_master_work_work~_RST.APRQ_11_0615.8-dd2dd2ee71-2cgc35hu_6efd61e4,no_mas_sum,,,0,0,,,
,..\2_LP\LOW_Fr_MASTER_result\local_5RL\runs_cur87c6q_master_work_work~_RST.APRQ_11_0615.8-ebd4ab49c7-8e_tdk45_1f148686,no_mas_sum,,,0,0,,,
,..\2_LP\LOW_Fr_MASTER_result\local_5RL\runs_cur87c6q_master_work_work~_RST.APRQ_11_0615.8-f0bad91f71-tkkalnma_39224c4e,no_mas_sum,,,0,0,,,
,..\2_LP\LOW_Fr_MASTER_result\local_5RL\runs_cur87c6q_master_work_work~_RST.APRQ_11_0615.8-f7078dfb4d-_sl1nkz9_1280d6a0,no_mas_sum,,,0,0,,,
,..\2_LP\LOW_Fr_MASTER_result\local_5RL\runs_cur87c6q_master_work_work~_RST.APRQ_11_0615.8-fa675e5721-6s3konw5_c722d99f,no_mas_sum,,,0,0,,,
,..\2_LP\LOW_Fr_MASTER_result\local_5RL\runs_cur87c6q_master_work_work~_RST.APRQ_11_0615.8-ffc628a314-_o_yh0ny_07db0d0c,no_mas_sum,,,0,0,,,
,..\2_LP\LOW_Fr_MASTER_result\local_5RL\runs_cur87c6q_master_work_work~_RST.APRQ_11_0618.3-22528b0629-caxvvnna_d595e667,no_mas_sum,,,0,0,,,
,..\2_LP\LOW_Fr_MASTER_result\local_5RL\runs_cur87c6q_master_work_work~_RST.APRQ_11_0618.3-332da93b4b-fa6vw0ne_5e9424d6,no_mas_sum,,,0,0,,,
,..\2_LP\LOW_Fr_MASTER_result\local_5RL\runs_cur87c6q_master_work_work~_RST.APRQ_11_0618.3-40462763a0-h3oyiszc_dfb565a1,no_mas_sum,,,0,0,,,
,..\2_LP\LOW_Fr_MASTER_result\local_5RL\runs_cur87c6q_master_work_work~_RST.APRQ_11_0618.3-4dde6d1a22-tt2gwcdj_836c02f0,no_mas_sum,,,0,0,,,
,..\2_LP\LOW_Fr_MASTER_result\local_5RL\runs_cur87c6q_master_work_work~_RST.APRQ_11_0618.3-53994a841c-slzn63x5_100cb0a5,no_mas_sum,,,0,0,,,
,..\2_LP\LOW_Fr_MASTER_result\local_5RL\runs_cur87c6q_master_work_work~_RST.APRQ_11_0618.3-55d361fd08-hzh9ze90_5700a21c,no_mas_sum,,,0,0,,,
,..\2_LP\LOW_Fr_MASTER_result\local_5RL\runs_cur87c6q_master_work_work~_RST.APRQ_11_0618.3-566a574e34-tinm1mgn_b6ff340e,no_mas_sum,,,0,0,,,
,..\2_LP\LOW_Fr_MASTER_result\local_5RL\runs_cur87c6q_master_work_work~_RST.APRQ_11_0618.3-566c3c7cb2-s05dnxtb_31cb6727,no_mas_sum,,,0,0,,,
,..\2_LP\LOW_Fr_MASTER_result\local_5RL\runs_cur87c6q_master_work_work~_RST.APRQ_11_0618.3-5dc8777990-a9wrv0_s_9c57814d,no_mas_sum,,,0,0,,,
,..\2_LP\LOW_Fr_MASTER_result\local_5RL\runs_cur87c6q_master_work_work~_RST.APRQ_11_0618.3-617a536a19-aajxztai_7ba9866c,no_mas_sum,,,0,0,,,
,..\2_LP\LOW_Fr_MASTER_result\local_5RL\runs_cur87c6q_master_work_work~_RST.APRQ_11_0618.3-6c148a0a95-ok2ny5wa_6953c70a,no_mas_sum,,,0,0,,,
,..\2_LP\LOW_Fr_MASTER_result\local_5RL\runs_cur87c6q_master_work_work~_RST.APRQ_11_0618.3-715b217ea7-2u9n9nxu_69751684,no_mas_sum,,,0,0,,,
,..\2_LP\LOW_Fr_MASTER_result\local_5RL\runs_cur87c6q_master_work_work~_RST.APRQ_11_0618.3-805619fe74-mw_zjq03_6f9a9b00,no_mas_sum,,,0,0,,,
,..\2_LP\LOW_Fr_MASTER_result\local_5RL\runs_cur87c6q_master_work_work~_RST.APRQ_11_0618.3-8e5945cb65-iwi6gwrw_14e216f3,no_mas_sum,,,0,0,,,
,..\2_LP\LOW_Fr_MASTER_result\local_5RL\runs_cur87c6q_master_work_work~_RST.APRQ_11_0618.3-93f006b778-_shru9mi_fd386664,no_mas_sum,,,0,0,,,
,..\2_LP\LOW_Fr_MASTER_result\local_5RL\runs_cur87c6q_master_work_work~_RST.APRQ_11_0618.3-96e734eeac-bxp32hjw_5f7e2bd8,no_mas_sum,,,0,0,,,
,..\2_LP\LOW_Fr_MASTER_result\local_5RL\runs_cur87c6q_master_work_work~_RST.APRQ_11_0618.3-a4638a9ec8-8pu0ed5u_d10bf898,no_mas_sum,,,0,0,,,
,..\2_LP\LOW_Fr_MASTER_result\local_5RL\runs_cur87c6q_master_work_work~_RST.APRQ_11_0618.3-bb2dd8f3dd-e8_80mru_02528e88,no_mas_sum,,,0,0,,,
,..\2_LP\LOW_Fr_MASTER_result\local_5RL\runs_cur87c6q_master_work_work~_RST.APRQ_11_0618.3-bb81723954-_1gzwg7f_8aa88f49,no_mas_sum,,,0,0,,,
,..\2_LP\LOW_Fr_MASTER_result\local_5RL\runs_cur87c6q_master_work_work~_RST.APRQ_11_0618.3-e3e02ee3d4-xtojl9b6_9eeb34ff,no_mas_sum,,,0,0,,,
,..\2_LP\LOW_Fr_MASTER_result\local_5RL\runs_cur87c6q_master_work_work~S_RST.APRQ_10_0635.8-b7429e8df6-sb_fvf6_c61c2e03,no_mas_sum,,,0,0,,,
,..\2_LP\LOW_Fr_MASTER_result\local_5RL\runs_cur87c6q_master_work_work~S_RST.APRQ_11_0615.8-48cdc0388b-2mmh8xo_9177bd8c,no_mas_sum,,,0,0,,,
,..\2_LP\LOW_Fr_MASTER_result\local_5RL\runs_cur87c6q_master_work_work~S_RST.APRQ_11_0615.8-6bff764d0f-gscjqs1_5fce532e,no_mas_sum,,,0,0,,,
,..\2_LP\LOW_Fr_MASTER_result\local_5RL\runs_cur87c6q_master_work_work~S_RST.APRQ_11_0615.8-99a21f6a8b-yruwu8i_71f125e4,no_mas_sum,,,0,0,,,
,..\2_LP\LOW_Fr_MASTER_result\local_5RL\runs_cur91bfm_master_work_work~_RST.APRQ_11_0658.9-1285c8565d-xn6w6o4w_43bfe18e,no_mas_sum,,,0,0,,,
,..\2_LP\LOW_Fr_MASTER_result\local_5RL\runs_cur91bfm_master_work_work~_RST.APRQ_11_0662.3-7d65d48ca5-rdq_224z_75886a11,no_mas_sum,,,0,0,,,
,..\2_LP\LOW_Fr_MASTER_result\local_5RL\runs_cur91bfm_master_work_work~_RST.APRQ_11_0665.0-f42763cbf9-d9nl0thr_55ac5330,no_mas_sum,,,0,0,,,
,..\2_LP\LOW_Fr_MASTER_result\local_5RL\runs_cur91bfp_master_work_work~_RST.APRQ_11_0662.3-12f41060e7-e1a3t48v_2f47c996,no_mas_sum,,,0,0,,,
,..\2_LP\LOW_Fr_MASTER_result\local_5RL\runs_cur91bfp_master_work_work~_RST.APRQ_11_0665.0-f2f4be221e-yre_ldxs_4658ffea,no_mas_sum,,,0,0,,,
,..\2_LP\LOW_Fr_MASTER_result\local_5RL\runs_cur98f7m_master_work_work~_RST.APRQ_11_0665.0-b5caf09fa0-bd3dpgc1_24747246,no_mas_sum,,,0,0,,,
,..\2_LP\LOW_Fr_MASTER_result\local_5RL\runs_cur98f7p_master_work_work~_RST.APRQ_11_0658.9-64a0c0d40d-0jw0pnvm_9bdc2110,no_mas_sum,,,0,0,,,
,..\2_LP\LOW_Fr_MASTER_result\local_5RL\runs_cur98f7p_master_work_work~_RST.APRQ_11_0677.2-73811cc325-0hsxxj5h_4c3d7243,no_mas_sum,,,0,0,,,
,..\2_LP\LOW_Fr_MASTER_result\local_5RL\runs_cur98f7p_master_work_work~_RST.APRQ_11_0677.2-f923771958-lzu560ir_fbfa7a9a,no_mas_sum,,,0,0,,,
,..\2_LP\LOW_Fr_MASTER_result\local_5RL\runs_curaf54p_master_work_work~_RST.APRQ_11_0705.0-111a68b172-zfsufpjp_d398fc4c,no_mas_sum,,,0,0,,,
,..\2_LP\LOW_Fr_MASTER_result\local_5RL\runs_curaf54p_master_work_work~_RST.APRQ_11_0705.0-160f315aed-yhupsh7o_862f728f,no_mas_sum,,,0,0,,,
,..\2_LP\LOW_Fr_MASTER_result\local_5RL\runs_curaf54p_master_work_work~_RST.APRQ_11_0705.0-21438e25ed-az12maj3_cb457bde,no_mas_sum,,,0,0,,,
,..\2_LP\LOW_Fr_MASTER_result\local_5RL\runs_curaf54p_master_work_work~_RST.APRQ_11_0705.0-44bc9f5eaf-149wq24m_b2e5a196,no_mas_sum,,,0,0,,,
,..\2_LP\LOW_Fr_MASTER_result\local_5RL\runs_curaf54p_master_work_work~_RST.APRQ_11_0705.0-641c19a051-uvqctq7g_a2c7940b,no_mas_sum,,,0,0,,,
,..\2_LP\LOW_Fr_MASTER_result\local_5RL\runs_curaf54p_master_work_work~_RST.APRQ_11_0705.0-95429c363b-9ej2ka9w_1cb3bd7b,no_mas_sum,,,0,0,,,
,..\2_LP\LOW_Fr_MASTER_result\local_5RL\runs_curaf54p_master_work_work~_RST.APRQ_11_0705.0-987d5510e0-yx93y98e_00b3c07b,no_mas_sum,,,0,0,,,
,..\2_LP\LOW_Fr_MASTER_result\local_5RL\runs_curaf54p_master_work_work~_RST.APRQ_11_0705.0-cb5418516b-wd4f7r_w_91d72643,no_mas_sum,,,0,0,,,
,..\2_LP\LOW_Fr_MASTER_result\local_5RL\runs_curaf54p_master_work_work~_RST.APRQ_11_0705.0-e0330f12fa-onph0jrc_f4d7bc64,no_mas_sum,,,0,0,,,
,..\2_LP\LOW_Fr_MASTER_result\local_5RL\runs_curaf54p_master_work_work~_RST.APRQ_11_0705.0-e7c986c24e-jy6ifjhy_0bd92061,no_mas_sum,,,0,0,,,
,..\2_LP\LOW_Fr_MASTER_result\local_5RL\runs_curaf54p_master_work_work~_RST.APRQ_11_0705.0-ed337b490a-24g2ae_1_a87a2e37,no_mas_sum,,,0,0,,,
,..\2_LP\LOW_Fr_MASTER_result\local_5RL\runs_curaf54p_master_work_work~_RST.APRQ_11_0705.0-ff08054cef-pzx8rdj8_f84d5291,no_mas_sum,,,0,0,,,
,..\2_LP\LOW_Fr_MASTER_result\local_5RL\runs_curaf54p_master_work_work~S_RST.APRQ_11_0705.0-41c974a989-6uksnoq_ad53ac6f,no_mas_sum,,,0,0,,,
,..\2_LP\LOW_Fr_MASTER_result\local_5RL\runs_curaf54q_master_work_work~_RST.APRQ_11_0705.0-00d0557973-ta_xrmkp_ac6e26a0,no_mas_sum,,,0,0,,,
,..\2_LP\LOW_Fr_MASTER_result\local_5RL\runs_curaf54q_master_work_work~_RST.APRQ_11_0705.0-0269fc72b0-bebpz28b_dff4f850,no_mas_sum,,,0,0,,,
,..\2_LP\LOW_Fr_MASTER_result\local_5RL\runs_curaf54q_master_work_work~_RST.APRQ_11_0705.0-05454905ee-z6et_0n6_77d1e336,no_mas_sum,,,0,0,,,
,..\2_LP\LOW_Fr_MASTER_result\local_5RL\runs_curaf54q_master_work_work~_RST.APRQ_11_0705.0-071d318e47-jptbowyc_bd0d58b4,no_mas_sum,,,0,0,,,
,..\2_LP\LOW_Fr_MASTER_result\local_5RL\runs_curaf54q_master_work_work~_RST.APRQ_11_0705.0-081adf6187-3q_rdhj1_659c201a,no_mas_sum,,,0,0,,,
0e0b64cb17ea7174,..\2_LP\LOW_Fr_MASTER_result\local_5RL\runs_curaf54q_master_work_work~_RST.APRQ_11_0705.0-09dc8e340a-i6gvg17b_1e0d1ab1,superseded,,,0,0,,,deck
,..\2_LP\LOW_Fr_MASTER_result\local_5RL\runs_curaf54q_master_work_work~_RST.APRQ_11_0705.0-0a63a9a531-9ti3rty0_296f8811,no_mas_sum,,,0,0,,,
,..\2_LP\LOW_Fr_MASTER_result\local_5RL\runs_curaf54q_master_work_work~_RST.APRQ_11_0705.0-0c75dd3585-rikvu667_3f8e95db,no_mas_sum,,,0,0,,,
,..\2_LP\LOW_Fr_MASTER_result\local_5RL\runs_curaf54q_master_work_work~_RST.APRQ_11_0705.0-0cf305a713-pgtbinue_9e8aea87,no_mas_sum,,,0,0,,,
,..\2_LP\LOW_Fr_MASTER_result\local_5RL\runs_curaf54q_master_work_work~_RST.APRQ_11_0705.0-0de96ab96f-6uxxtifs_fd8b781d,no_mas_sum,,,0,0,,,
,..\2_LP\LOW_Fr_MASTER_result\local_5RL\runs_curaf54q_master_work_work~_RST.APRQ_11_0705.0-1158a4039a-j72oxmkt_e4483256,no_mas_sum,,,0,0,,,
,..\2_LP\LOW_Fr_MASTER_result\local_5RL\runs_curaf54q_master_work_work~_RST.APRQ_11_0705.0-11c8ed9cbe-s4nbajux_07d1475f,no_mas_sum,,,0,0,,,
,..\2_LP\LOW_Fr_MASTER_result\local_5RL\runs_curaf54q_master_work_work~_RST.APRQ_11_0705.0-198fa5ea94-lvt20v8e_0398a952,no_mas_sum,,,0,0,,,
,..\2_LP\LOW_Fr_MASTER_result\local_5RL\runs_curaf54q_master_work_work~_RST.APRQ_11_0705.0-2815ad4338-dtjoetts_c18b6f85,no_mas_sum,,,0,0,,,
,..\2_LP\LOW_Fr_MASTER_result\local_5RL\runs_curaf54q_master_work_work~_RST.APRQ_11_0705.0-2b4134d7c9-nbpk5ar9_1652ddaa,no_mas_sum,,,0,0,,,
03ef1124bdf42f6e,..\2_LP\LOW_Fr_MASTER_result\local_5RL\runs_curaf54q_master_work_work~_RST.APRQ_11_0705.0-2c40645e62-ik0uc3d0_2fdba7d7,first_cycle,,,0,0,,,deck
,..\2_LP\LOW_Fr_MASTER_result\local_5RL\runs_curaf54q_master_work_work~_RST.APRQ_11_0705.0-2c52cbae14-9hmmtezh_baa196c4,no_mas_sum,,,0,0,,,
,..\2_LP\LOW_Fr_MASTER_result\local_5RL\runs_curaf54q_master_work_work~_RST.APRQ_11_0705.0-2e0e4209f8-y4b17uvy_a152dba7,no_mas_sum,,,0,0,,,
,..\2_LP\LOW_Fr_MASTER_result\local_5RL\runs_curaf54q_master_work_work~_RST.APRQ_11_0705.0-2ed097d3c1-u5fi2_ye_b551539a,no_mas_sum,,,0,0,,,
,..\2_LP\LOW_Fr_MASTER_result\local_5RL\runs_curaf54q_master_work_work~_RST.APRQ_11_0705.0-2f56a38f55-fpiv1g9g_1eb3e223,no_mas_sum,,,0,0,,,
,..\2_LP\LOW_Fr_MASTER_result\local_5RL\runs_curaf54q_master_work_work~_RST.APRQ_11_0705.0-334bc65a93-b1lb7d_x_ac30606d,no_mas_sum,,,0,0,,,
,..\2_LP\LOW_Fr_MASTER_result\local_5RL\runs_curaf54q_master_work_work~_RST.APRQ_11_0705.0-421ca3c61e-vw5sts7m_404cf768,no_mas_sum,,,0,0,,,
,..\2_LP\LOW_Fr_MASTER_result\local_5RL\runs_curaf54q_master_work_work~_RST.APRQ_11_0705.0-426729ba1b-0sggabw8_5e5c1f96,no_mas_sum,,,0,0,,,
,..\2_LP\LOW_Fr_MASTER_result\local_5RL\runs_curaf54q_master_work_work~_RST.APRQ_11_0705.0-437dceb8f0-7s2rv0v4_8e5d7570,no_mas_sum,,,0,0,,,
,..\2_LP\LOW_Fr_MASTER_result\local_5RL\runs_curaf54q_master_work_work~_RST.APRQ_11_0705.0-4445ae7b76-b2mzz3xb_a2c4fc37,no_mas_sum,,,0,0,,,
,..\2_LP\LOW_Fr_MASTER_result\local_5RL\runs_curaf54q_master_work_work~_RST.APRQ_11_0705.0-44921f2792-kc3s6gqw_0de6ea7f,no_mas_sum,,,0,0,,,
,..\2_LP\LOW_Fr_MASTER_result\local_5RL\runs_curaf54q_master_work_work~_RST.APRQ_11_0705.0-47819948c8-mu8sdqv8_dcf831a7,no_mas_sum,,,0,0,,,
,..\2_LP\LOW_Fr_MASTER_result\local_5RL\runs_curaf54q_master_work_work~_RST.APRQ_11_0705.0-49791de9ce-yjx42ro1_22fd3559,no_mas_sum,,,0,0,,,
,..\2_LP\LOW_Fr_MASTER_result\local_5RL\runs_curaf54q_master_work_work~_RST.APRQ_11_0705.0-4bc7ba0992-z4uo84wj_4b229685,no_mas_sum,,,0,0,,,
,..\2_LP\LOW_Fr_MASTER_result\local_5RL\runs_curaf54q_master_work_work~_RST.APRQ_11_0705.0-4edad14450-6j7ni8o8_6e673aea,no_mas_sum,,,0,0,,,
,..\2_LP\LOW_Fr_MASTER_result\local_5RL\runs_curaf54q_master_work_work~_RST.APRQ_11_0705.0-50d7de68bf-xlcvx3tp_530460d1,no_mas_sum,,,0,0,,,
,..\2_LP\LOW_Fr_MASTER_result\local_5RL\runs_curaf54q_master_work_work~_RST.APRQ_11_0705.0-538dd74aad-coqtl08v_59cb08a7,no_mas_sum,,,0,0,,,
0e0b64cb17ea7174,..\2_LP\LOW_Fr_MASTER_result\local_5RL\runs_curaf54q_master_work_work~_RST.APRQ_11_0705.0-539df73202-qssgj0z2_18b85c41,final,3.7579,2.9559,29,0,above_ceiling,725.135,deck
,..\2_LP\LOW_Fr_MASTER_result\local_5RL\runs_curaf54q_master_work_work~_RST.APRQ_11_0705.0-53c2a828e5-zkkwgz4a_23d36124,no_mas_sum,,,0,0,,,
,..\2_LP\LOW_Fr_MASTER_result\local_5RL\runs_curaf54q_master_work_work~_RST.APRQ_11_0705.0-56916f426a-gc20054h_5e026376,no_mas_sum,,,0,0,,,
,..\2_LP\LOW_Fr_MASTER_result\local_5RL\runs_curaf54q_master_work_work~_RST.APRQ_11_0705.0-5b7f4ac303-d0115htx_ead2fcb3,no_mas_sum,,,0,0,,,
,..\2_LP\LOW_Fr_MASTER_result\local_5RL\runs_curaf54q_master_work_work~_RST.APRQ_11_0705.0-5cafd1ad5e-6pjwiger_d1d54950,no_mas_sum,,,0,0,,,
,..\2_LP\LOW_Fr_MASTER_result\local_5RL\runs_curaf54q_master_work_work~_RST.APRQ_11_0705.0-61234ac984-98pjiret_cbbb62b8,no_mas_sum,,,0,0,,,
,..\2_LP\LOW_Fr_MASTER_result\local_5RL\runs_curaf54q_master_work_work~_RST.APRQ_11_0705.0-651d188e9c-0lc_4ov9_274e11b3,no_mas_sum,,,0,0,,,
,..\2_LP\LOW_Fr_MASTER_result\local_5RL\runs_curaf54q_master_work_work~_RST.APRQ_11_0705.0-6573c2c700-rxu1v34a_c6875a57,no_mas_sum,,,0,0,,,
,..\2_LP\LOW_Fr_MASTER_result\local_5RL\runs_curaf54q_master_work_work~_RST.APRQ_11_0705.0-65845aedd7-lflsedni_6a28cb4c,no_mas_sum,,,0,0,,,
,..\2_LP\LOW_Fr_MASTER_result\local_5RL\runs_curaf54q_master_work_work~_RST.APRQ_11_0705.0-67184ae379-ur_x3d5u_4d72df6a,no_mas_sum,,,0,0,,,
,..\2_LP\LOW_Fr_MASTER_result\local_5RL\runs_curaf54q_master_work_work~_RST.APRQ_11_0705.0-6d2df1ce05-7x99rbg2_fd61dd58,no_mas_sum,,,0,0,,,
,..\2_LP\LOW_Fr_MASTER_result\local_5RL\runs_curaf54q_master_work_work~_RST.APRQ_11_0705.0-6dee444eea-o46ud3de_3cef2a73,no_mas_sum,,,0,0,,,
,..\2_LP\LOW_Fr_MASTER_result\local_5RL\runs_curaf54q_master_work_work~_RST.APRQ_11_0705.0-6e405e9a9c-rmqu_8qp_0cfbff5e,no_mas_sum,,,0,0,,,
,..\2_LP\LOW_Fr_MASTER_result\local_5RL\runs_curaf54q_master_work_work~_RST.APRQ_11_0705.0-7764894015-sh0a0rre_a8e6e955,no_mas_sum,,,0,0,,,
,..\2_LP\LOW_Fr_MASTER_result\local_5RL\runs_curaf54q_master_work_work~_RST.APRQ_11_0705.0-77d0611d54-c72wwmjj_3602871e,no_mas_sum,,,0,0,,,
,..\2_LP\LOW_Fr_MASTER_result\local_5RL\runs_curaf54q_master_work_work~_RST.APRQ_11_0705.0-7aea31454d-hm0e7g5w_f1fdc662,no_mas_sum,,,0,0,,,
,..\2_LP\LOW_Fr_MASTER_result\local_5RL\runs_curaf54q_master_work_work~_RST.APRQ_11_0705.0-7af8f968d3-fd4pg20y_57099a9f,no_mas_sum,,,0,0,,,
,..\2_LP\LOW_Fr_MASTER_result\local_5RL\runs_curaf54q_master_work_work~_RST.APRQ_11_0705.0-7d8c0ee78b-11ocgkfz_3531d8f5,no_mas_sum,,,0,0,,,
,..\2_LP\LOW_Fr_MASTER_result\local_5RL\runs_curaf54q_master_work_work~_RST.APRQ_11_0705.0-80c1cd5282-2aj4tgj5_47feacf8,no_mas_sum,,,0,0,,,
,..\2_LP\LOW_Fr_MASTER_result\local_5RL\runs_curaf54q_master_work_work~_RST.APRQ_11_0705.0-815f632073-mt9heiv5_ab5e2726,no_mas_sum,,,0,0,,,
,..\2_LP\LOW_Fr_MASTER_result\local_5RL\runs_curaf54q_master_work_work~_RST.APRQ_11_0705.0-81adccfd4d-3pgogwt6_b44ffd95,no_mas_sum,,,0,0,,,
,..\2_LP\LOW_Fr_MASTER_result\local_5RL\runs_curaf54q_master_work_work~_RST.APRQ_11_0705.0-82137e6a6a-pboxucmw_00e33e2f,no_mas_sum,,,0,0,,,
,..\2_LP\LOW_Fr_MASTER_result\local_5RL\runs_curaf54q_master_work_work~_RST.APRQ_11_0705.0-8309b06d1a-npy85j66_cb5ec4b9,no_mas_sum,,,0,0,,,
,..\2_LP\LOW_Fr_MASTER_result\local_5RL\runs_curaf54q_master_work_work~_RST.APRQ_11_0705.0-8450d75bcc-_505nulk_af776919,no_mas_sum,,,0,0,,,
,..\2_LP\LOW_Fr_MASTER_result\local_5RL\runs_curaf54q_master_work_work~_RST.APRQ_11_0705.0-8770fc18fe-n8zkzfzr_b79998fd,no_mas_sum,,,0,0,,,
,..\2_LP\LOW_Fr_MASTER_result\local_5RL\runs_curaf54q_master_work_work~_RST.APRQ_11_0705.0-8b196b5995-8an96qpm_aa01b0ed,no_mas_sum,,,0,0,,,
,..\2_LP\LOW_Fr_MASTER_result\local_5RL\runs_curaf54q_master_work_work~_RST.APRQ_11_0705.0-8b3237050f-rh15s6_u_8d81dcef,no_mas_sum,,,0,0,,,
,..\2_LP\LOW_Fr_MASTER_result\local_5RL\runs_curaf54q_master_work_work~_RST.APRQ_11_0705.0-8c33424920-0yckrk1h_03d275d6,no_mas_sum,,,0,0,,,
,..\2_LP\LOW_Fr_MASTER_result\local_5RL\runs_curaf54q_master_work_work~_RST.APRQ_11_0705.0-8d409c7989-nsu633u9_782eca8d,no_mas_sum,,,0,0,,,
,..\2_LP\LOW_Fr_MASTER_result\local_5RL\runs_curaf54q_master_work_work~_RST.APRQ_11_0705.0-8ebd42737a-0ltrlzly_eca7fd9e,no_mas_sum,,,0,0,,,
,..\2_LP\LOW_Fr_MASTER_result\local_5RL\runs_curaf54q_master_work_work~_RST.APRQ_11_0705.0-9408805ce2-bol20x52_1bb6507c,no_mas_sum,,,0,0,,,
,..\2_LP\LOW_Fr_MASTER_result\local_5RL\runs_curaf54q_master_work_work~_RST.APRQ_11_0705.0-9621cf2a39-huavovf1_dae1f18f,no_mas_sum,,,0,0,,,
,..\2_LP\LOW_Fr_MASTER_result\local_5RL\runs_curaf54q_master_work_work~_RST.APRQ_11_0705.0-96f1b92bb3-z4n0b14m_bb9722fa,no_mas_sum,,,0,0,,,
,..\2_LP\LOW_Fr_MASTER_result\local_5RL\runs_curaf54q_master_work_work~_RST.APRQ_11_0705.0-97c4e3b508-nvd4p22z_d07e4b00,no_mas_sum,,,0,0,,,
,..\2_LP\LOW_Fr_MASTER_result\local_5RL\runs_curaf54q_master_work_work~_RST.APRQ_11_0705.0-98af7ee0e5-pbh4vh7v_2ec97747,no_mas_sum,,,0,0,,,
,..\2_LP\LOW_Fr_MASTER_result\local_5RL\runs_curaf54q_master_work_work~_RST.APRQ_11_0705.0-9cfd4d40ca-xvz2i08f_a285a24e,no_mas_sum,,,0,0,,,
,..\2_LP\LOW_Fr_MASTER_result\local_5RL\runs_curaf54q_master_work_work~_RST.APRQ_11_0705.0-9e0c4e3095-enjqklxx_e499233a,no_mas_sum,,,0,0,,,
,..\2_LP\LOW_Fr_MASTER_result\local_5RL\runs_curaf54q_master_work_work~_RST.APRQ_11_0705.0-a1a867d07d-j4t7udb9_4aaa706d,no_mas_sum,,,0,0,,,
,..\2_LP\LOW_Fr_MASTER_result\local_5RL\runs_curaf54q_master_work_work~_RST.APRQ_11_0705.0-a241e70bbe-4eyz35hs_c0e17ad9,no_mas_sum,,,0,0,,,
,..\2_LP\LOW_Fr_MASTER_result\local_5RL\runs_curaf54q_master_work_work~_RST.APRQ_11_0705.0-a4cea25f44-e0wuagho_8f1caab2,no_mas_sum,,,0,0,,,
,..\2_LP\LOW_Fr_MASTER_result\local_5RL\runs_curaf54q_master_work_work~_RST.APRQ_11_0705.0-a6624a2673-gar4xjky_6b675fd5,no_mas_sum,,,0,0,,,
,..\2_LP\LOW_Fr_MASTER_result\local_5RL\runs_curaf54q_master_work_work~_RST.APRQ_11_0705.0-a8e087cad2-bftkzpl2_647d7a42,no_mas_sum,,,0,0,,,
,..\2_LP\LOW_Fr_MASTER_result\local_5RL\runs_curaf54q_master_work_work~_RST.APRQ_11_0705.0-a9b2377cda-c03pqhlt_b5f2a656,no_mas_sum,,,0,0,,,
,..\2_LP\LOW_Fr_MASTER_result\local_5RL\runs_curaf54q_master_work_work~_RST.APRQ_11_0705.0-b1104697b1-3cjtdg9v_5192cedd,no_mas_sum,,,0,0,,,
,..\2_LP\LOW_Fr_MASTER_result\local_5RL\runs_curaf54q_master_work_work~_RST.APRQ_11_0705.0-b3b9219883-_4hj6bt4_69c0e432,no_mas_sum,,,0,0,,,
,..\2_LP\LOW_Fr_MASTER_result\local_5RL\runs_curaf54q_master_work_work~_RST.APRQ_11_0705.0-b5d85e100d-lw50gji3_4dc1364f,no_mas_sum,,,0,0,,,
,..\2_LP\LOW_Fr_MASTER_result\local_5RL\runs_curaf54q_master_work_work~_RST.APRQ_11_0705.0-b788ce4d23-kl2hl9x4_0a4b5bd9,no_mas_sum,,,0,0,,,
,..\2_LP\LOW_Fr_MASTER_result\local_5RL\runs_curaf54q_master_work_work~_RST.APRQ_11_0705.0-b963d9b24d-xzag8vtn_24183216,no_mas_sum,,,0,0,,,
,..\2_LP\LOW_Fr_MASTER_result\local_5RL\runs_curaf54q_master_work_work~_RST.APRQ_11_0705.0-bbaf739b13-dismzrhb_15076ed2,no_mas_sum,,,0,0,,,
,..\2_LP\LOW_Fr_MASTER_result\local_5RL\runs_curaf54q_master_work_work~_RST.APRQ_11_0705.0-be18bfd469-b3upltwc_978dbac4,no_mas_sum,,,0,0,,,
,..\2_LP\LOW_Fr_MASTER_result\local_5RL\runs_curaf54q_master_work_work~_RST.APRQ_11_0705.0-be55bf5fac-pmavyhbo_3ddfc6e3,no_mas_sum,,,0,0,,,
,..\2_LP\LOW_Fr_MASTER_result\local_5RL\runs_curaf54q_master_work_work~_RST.APRQ_11_0705.0-c27261afc9-r57jz34s_0cbf1a83,no_mas_sum,,,0,0,,,
,..\2_LP\LOW_Fr_MASTER_result\local_5RL\runs_curaf54q_master_work_work~_RST.APRQ_11_0705.0-c470b56b33-1v7ftqkf_069f7522,no_mas_sum,,,0,0,,,
,..\2_LP\LOW_Fr_MASTER_result\local_5RL\runs_curaf54q_master_work_work~_RST.APRQ_11_0705.0-c94ca495c3-gu5ym6xe_459a538a,no_mas_sum,,,0,0,,,
,..\2_LP\LOW_Fr_MASTER_result\local_5RL\runs_curaf54q_master_work_work~_RST.APRQ_11_0705.0-ca06baccf4-m9zgn9y7_3a6616e4,no_mas_sum,,,0,0,,,
,..\2_LP\LOW_Fr_MASTER_result\local_5RL\runs_curaf54q_master_work_work~_RST.APRQ_11_0705.0-ca29e497a6-o2uvnvui_b165f351,no_mas_sum,,,0,0,,,
,..\2_LP\LOW_Fr_MASTER_result\local_5RL\runs_curaf54q_master_work_work~_RST.APRQ_11_0705.0-cc826ce964-yg99wdj4_13f64615,no_mas_sum,,,0,0,,,
,..\2_LP\LOW_Fr_MASTER_result\local_5RL\runs_curaf54q_master_work_work~_RST.APRQ_11_0705.0-ccecda07b8-wiu6hvsw_77756fa0,no_mas_sum,,,0,0,,,
,..\2_LP\LOW_Fr_MASTER_result\local_5RL\runs_curaf54q_master_work_work~_RST.APRQ_11_0705.0-d002e53316-lvf3sd3s_ed5e4de5,no_mas_sum,,,0,0,,,
,..\2_LP\LOW_Fr_MASTER_result\local_5RL\runs_curaf54q_master_work_work~_RST.APRQ_11_0705.0-d0cfbb1d3f-fy9xi_pt_d4112a44,no_mas_sum,,,0,0,,,
,..\2_LP\LOW_Fr_MASTER_result\local_5RL\runs_curaf54q_master_work_work~_RST.APRQ_11_0705.0-d57ab6b7d5-nx4p143q_e34de45c,no_mas_sum,,,0,0,,,
,..\2_LP\LOW_Fr_MASTER_result\local_5RL\runs_curaf54q_master_work_work~_RST.APRQ_11_0705.0-d786a85f6f-8usn14qr_321f6c17,no_mas_sum,,,0,0,,,
,..\2_LP\LOW_Fr_MASTER_result\local_5RL\runs_curaf54q_master_work_work~_RST.APRQ_11_0705.0-d7b9c5cf15-l2b1_mhg_3ae16442,no_mas_sum,,,0,0,,,
,..\2_LP\LOW_Fr_MASTER_result\local_5RL\runs_curaf54q_master_work_work~_RST.APRQ_11_0705.0-d9370d29e8-q8ynq9lp_12be77b1,no_mas_sum,,,0,0,,,
,..\2_LP\LOW_Fr_MASTER_result\local_5RL\runs_curaf54q_master_work_work~_RST.APRQ_11_0705.0-dad95e7b8e-x9xrt38z_0a334382,no_mas_sum,,,0,0,,,
,..\2_LP\LOW_Fr_MASTER_result\local_5RL\runs_curaf54q_master_work_work~_RST.APRQ_11_0705.0-dc70fb22c2-nwz7w1l5_9f36b606,no_mas_sum,,,0,0,,,
,..\2_LP\LOW_Fr_MASTER_result\local_5RL\runs_curaf54q_master_work_work~_RST.APRQ_11_0705.0-dce321e508-83673t8m_f419ccd8,no_mas_sum,,,0,0,,,
,..\2_LP\LOW_Fr_MASTER_result\local_5RL\runs_curaf54q_master_work_work~_RST.APRQ_11_0705.0-dfd8dad33a-8mmoktoy_0c20e0c6,no_mas_sum,,,0,0,,,
,..\2_LP\LOW_Fr_MASTER_result\local_5RL\runs_curaf54q_master_work_work~_RST.APRQ_11_0705.0-e29810fae2-ukhai460_4f7ede99,no_mas_sum,,,0,0,,,
,..\2_LP\LOW_Fr_MASTER_result\local_5RL\runs_curaf54q_master_work_work~_RST.APRQ_11_0705.0-e87194aeca-nco_29e1_7e4401e5,no_mas_sum,,,0,0,,,
,..\2_LP\LOW_Fr_MASTER_result\local_5RL\runs_curaf54q_master_work_work~_RST.APRQ_11_0705.0-e8fc812f41-kflo581c_f3aa1ab7,no_mas_sum,,,0,0,,,
,..\2_LP\LOW_Fr_MASTER_result\local_5RL\runs_curaf54q_master_work_work~_RST.APRQ_11_0705.0-ea6a44cd1f-f57gr2sc_cea2139f,no_mas_sum,,,0,0,,,
,..\2_LP\LOW_Fr_MASTER_result\local_5RL\runs_curaf54q_master_work_work~_RST.APRQ_11_0705.0-ec42456fe3-sh_n16ia_740e01de,no_mas_sum,,,0,0,,,
,..\2_LP\LOW_Fr_MASTER_result\local_5RL\runs_curaf54q_master_work_work~S_RST.APRQ_11_0705.0-82165c0197-h4yjma5_91379fec,no_mas_sum,,,0,0,,,
,..\2_LP\LOW_Fr_MASTER_result\local_5RL\runs_curc793p_master_work_work~_RST.APRQ_12_0777.1-271745a2f9-lwxn5b5a_49ca6791,no_mas_sum,,,0,0,,,
,..\2_LP\LOW_Fr_MASTER_result\local_5RL\runs_curc793p_master_work_work~_RST.APRQ_12_0777.1-b2c50a6081-_3ybwzcl_85000737,no_mas_sum,,,0,0,,,
,..\2_LP\LOW_Fr_MASTER_result\local_5RL\runs_curc793p_master_work_work~S_RST.APRQ_12_0777.1-92481eb3d7-1px8jqm_554ee986,no_mas_sum,,,0,0,,,
,..\2_LP\LOW_Fr_MASTER_result\local_5RL\runs_curd047p_master_work_work~_RST.APRQ_11_0705.0-0973b2fa24-kzl81xz4_693e78ed,no_mas_sum,,,0,0,,,
,..\2_LP\LOW_Fr_MASTER_result\local_5RL\runs_curd047p_master_work_work~_RST.APRQ_11_0705.0-72479f90cb-zj73tyod_d0401aa6,no_mas_sum,,,0,0,,,
,..\2_LP\LOW_Fr_MASTER_result\local_5RL\runs_curd047p_master_work_work~_RST.APRQ_11_0767.1-a2b1dfd45d-om_hnyuk_2677d385,no_mas_sum,,,0,0,,,
,..\2_LP\LOW_Fr_MASTER_result\local_5RL\runs_curd5a0m_master_work_work~_RST.APRQ_11_0686.4-fe7ef48718-bradt_iy_7e142b0e,no_mas_sum,,,0,0,,,
,..\2_LP\LOW_Fr_MASTER_result\local_5RL\runs_curd5a0m_master_work_work~_RST.APRQ_11_0686.4-fe7ef48718-usuxrjkf_63b4f764,no_mas_sum,,,0,0,,,
,..\2_LP\LOW_Fr_MASTER_result\local_5RL\runs_curd5a0p_master_work_work~_RST.APRQ_11_0686.4-f936f9bda7-_ksjd_km_0e35d890,no_mas_sum,,,0,0,,,
,..\2_LP\LOW_Fr_MASTER_result\local_5RL\runs_curd5a0p_master_work_work~_RST.APRQ_11_0686.4-f936f9bda7-ps70wz04_24f06a8c,no_mas_sum,,,0,0,,,
,..\2_LP\LOW_Fr_MASTER_result\local_5RL\runs_curd5a0p_master_work_work~_RST.APRQ_11_0688.2-372b8e694e-y4ilcbdx_7db17164,no_mas_sum,,,0,0,,,
,..\2_LP\LOW_Fr_MASTER_result\local_5RL\runs_curd5a0p_master_work_work~_RST.APRQ_11_0688.2-372b8e694e-ywyghnnd_3fb6a2df,no_mas_sum,,,0,0,,,
,..\2_LP\LOW_Fr_MASTER_result\local_5RL\runs_curd5a0p_master_work_work~_RST.APRQ_11_0688.2-863e9ba228-1la1mckd_30ef26fa,no_mas_sum,,,0,0,,,
,..\2_LP\LOW_Fr_MASTER_result\local_5RL\runs_curd5a0p_master_work_work~_RST.APRQ_11_0688.2-863e9ba228-qylugga7_4266d50e,no_mas_sum,,,0,0,,,
,..\2_LP\LOW_Fr_MASTER_result\local_5RL\runs_curd5a0p_master_work_work~_RST.APRQ_11_0692.6-7d6fbffcc6-qcg182yf_a9a161a8,no_mas_sum,,,0,0,,,
,..\2_LP\LOW_Fr_MASTER_result\local_5RL\runs_curd5a0p_master_work_work~_RST.APRQ_11_0692.6-7d6fbffcc6-utapsviy_a569d991,no_mas_sum,,,0,0,,,
,..\2_LP\LOW_Fr_MASTER_result\local_5RL\runs_curda3bm_master_work_work~_RST.APRQ_11_0686.4-9c033fc543-km7g711k_f0adb8f9,no_mas_sum,,,0,0,,,
,..\2_LP\LOW_Fr_MASTER_result\local_5RL\runs_curda3bm_master_work_work~_RST.APRQ_11_0686.4-a6ce55ef82-58mjdaka_be73c5df,no_mas_sum,,,0,0,,,
,..\2_LP\LOW_Fr_MASTER_result\local_5RL\runs_curda3bm_master_work_work~_RST.APRQ_11_0686.4-eb7b2862ad-mlr7zwk4_47933068,no_mas_sum,,,0,0,,,
,..\2_LP\LOW_Fr_MASTER_result\local_5RL\runs_curda3bm_master_work_work~_RST.APRQ_11_0688.2-8fae588bcf-gp06_4r3_5da3e739,no_mas_sum,,,0,0,,,
,..\2_LP\LOW_Fr_MASTER_result\local_5RL\runs_curda3bm_master_work_work~_RST.APRQ_11_0688.2-8fae588bcf-h7w8f9hn_4878b0a1,no_mas_sum,,,0,0,,,
,..\2_LP\LOW_Fr_MASTER_result\local_5RL\runs_curda3bm_master_work_work~_RST.APRQ_11_0688.2-9ee4643f01-z0lb9rsf_e66a748f,no_mas_sum,,,0,0,,,
,..\2_LP\LOW_Fr_MASTER_result\local_5RL\runs_curda3bp_master_work_work~_RST.APRQ_11_0688.2-398d0b5efd-zix4zhgz_0e73445b,no_mas_sum,,,0,0,,,
,..\2_LP\LOW_Fr_MASTER_result\local_5RL\runs_curda3bp_master_work_work~_RST.APRQ_11_0688.2-88df2a895a-2h75xkta_ae3a1d48,no_mas_sum,,,0,0,,,
,..\2_LP\LOW_Fr_MASTER_result\local_5RL\runs_curda3bp_master_work_work~_RST.APRQ_11_0692.6-2732e28966-zz5j4td0_73574366,no_mas_sum,,,0,0,,,
,..\2_LP\LOW_Fr_MASTER_result\local_5RL\runs_curda3bp_master_work_work~_RST.APRQ_11_0692.6-2e2a107b62-zga82m25_726f9ee1,no_mas_sum,,,0,0,,,
,..\2_LP\LOW_Fr_MASTER_result\local_5RL\runs_curda3bp_master_work_work~_RST.APRQ_11_0692.6-edc6309603-ol5g68ag_c18c92a6,no_mas_sum,,,0,0,,,
,..\2_LP\LOW_Fr_MASTER_result\local_5RL\runs_curda3bq_master_work_work~_RST.APRQ_11_0686.4-07b178a98a-qtv8ccze_11381f63,no_mas_sum,,,0,0,,,
,..\2_LP\LOW_Fr_MASTER_result\local_5RL\runs_curda3bq_master_work_work~_RST.APRQ_11_0686.4-37d18f3c83-r_dpmfxy_7c0e7036,no_mas_sum,,,0,0,,,
,..\2_LP\LOW_Fr_MASTER_result\local_5RL\runs_curda3bq_master_work_work~_RST.APRQ_11_0686.4-3f34a12e58-wgaaaawt_8a154c6c,no_mas_sum,,,0,0,,,
,..\2_LP\LOW_Fr_MASTER_result\local_5RL\runs_curda3bq_master_work_work~_RST.APRQ_11_0686.4-56c0ef446a-7sjkgjws_404267e5,no_mas_sum,,,0,0,,,
,..\2_LP\LOW_Fr_MASTER_result\local_5RL\runs_curda3bq_master_work_work~_RST.APRQ_11_0686.4-5ab2e79fa2-f479vjqb_8867de47,no_mas_sum,,,0,0,,,
,..\2_LP\LOW_Fr_MASTER_result\local_5RL\runs_curda3bq_master_work_work~_RST.APRQ_11_0686.4-7e478ebaca-6pa04769_19036594,no_mas_sum,,,0,0,,,
,..\2_LP\LOW_Fr_MASTER_result\local_5RL\runs_curda3bq_master_work_work~_RST.APRQ_11_0686.4-8fd3addef1-cl6y2spc_afe4e9f5,no_mas_sum,,,0,0,,,
,..\2_LP\LOW_Fr_MASTER_result\local_5RL\runs_curda3bq_master_work_work~_RST.APRQ_11_0686.4-a18fc97025-fetsr4jr_6f4753f0,no_mas_sum,,,0,0,,,
,..\2_LP\LOW_Fr_MASTER_result\local_5RL\runs_curda3bq_master_work_work~_RST.APRQ_11_0686.4-af0b227efa-9184ye16_bcd10cd0,no_mas_sum,,,0,0,,,
,..\2_LP\LOW_Fr_MASTER_result\local_5RL\runs_curda3bq_master_work_work~_RST.APRQ_11_0686.4-ba04a540f9-1m9wqqc0_49a88ae8,no_mas_sum,,,0,0,,,
,..\2_LP\LOW_Fr_MASTER_result\local_5RL\runs_curda3bq_master_work_work~_RST.APRQ_11_0686.4-ce3632310d-zxww6ixz_5bc0800c,no_mas_sum,,,0,0,,,
,..\2_LP\LOW_Fr_MASTER_result\local_5RL\runs_curda3bq_master_work_work~_RST.APRQ_11_0686.4-e1ca6dc69a-e_pm_yv0_e3a1eef7,no_mas_sum,,,0,0,,,
,..\2_LP\LOW_Fr_MASTER_result\local_5RL\runs_curda3bq_master_work_work~_RST.APRQ_11_0686.4-e80824ae55-byb04b6n_3001344d,no_mas_sum,,,0,0,,,
,..\2_LP\LOW_Fr_MASTER_result\local_5RL\runs_curda3bq_master_work_work~_RST.APRQ_11_0688.2-11fa369806-5lhyx01q_1b033425,no_mas_sum,,,0,0,,,
,..\2_LP\LOW_Fr_MASTER_result\local_5RL\runs_curda3bq_master_work_work~_RST.APRQ_11_0688.2-1e886765ab-s80zhdbi_67e2d583,no_mas_sum,,,0,0,,,
,..\2_LP\LOW_Fr_MASTER_result\local_5RL\runs_curda3bq_master_work_work~_RST.APRQ_11_0688.2-37a38deb8b-_4vue4tw_322cf622,no_mas_sum,,,0,0,,,
,..\2_LP\LOW_Fr_MASTER_result\local_5RL\runs_curda3bq_master_work_work~_RST.APRQ_11_0688.2-3c08376d92-ap8rwdsi_42573086,no_mas_sum,,,0,0,,,
,..\2_LP\LOW_Fr_MASTER_result\local_5RL\runs_curda3bq_master_work_work~_RST.APRQ_11_0688.2-5b0ed284a2-cwfr00lg_1755fd49,no_mas_sum,,,0,0,,,
,..\2_LP\LOW_Fr_MASTER_result\local_5RL\runs_curda3bq_master_work_work~_RST.APRQ_11_0688.2-74a8fd8960-4g03kxrs_18e1235c,no_mas_sum,,,0,0,,,
,..\2_LP\LOW_Fr_MASTER_result\local_5RL\runs_curda3bq_master_work_work~_RST.APRQ_11_0688.2-76bc27302e-tcbxtz_e_46846b3a,no_mas_sum,,,0,0,,,
,..\2_LP\LOW_Fr_MASTER_result\local_5RL\runs_curda3bq_master_work_work~_RST.APRQ_11_0688.2-8570b7ba77-ykunblau_b5e03e91,no_mas_sum,,,0,0,,,
,..\2_LP\LOW_Fr_MASTER_result\local_5RL\runs_curda3bq_master_work_work~_RST.APRQ_11_0688.2-9fe05ee200-514dwp0f_c8572893,no_mas_sum,,,0,0,,,
,..\2_LP\LOW_Fr_MASTER_result\local_5RL\runs_curda3bq_master_work_work~_RST.APRQ_11_0688.2-a0529a396e-thjc_k9r_dfd08e05,no_mas_sum,,,0,0,,,
,..\2_LP\LOW_Fr_MASTER_result\local_5RL\runs_curda3bq_master_work_work~_RST.APRQ_11_0688.2-a734421bd7-4vdp_ym0_cd75b7d7,no_mas_sum,,,0,0,,,
,..\2_LP\LOW_Fr_MASTER_result\local_5RL\runs_curda3bq_master_work_work~_RST.APRQ_11_0688.2-ae981124a8-defj2ny8_f220711d,no_mas_sum,,,0,0,,,
,..\2_LP\LOW_Fr_MASTER_result\local_5RL\runs_curda3bq_master_work_work~_RST.APRQ_11_0688.2-c97457fc35-hszyroz4_4c1ef1d4,no_mas_sum,,,0,0,,,
,..\2_LP\LOW_Fr_MASTER_result\local_5RL\runs_curda3bq_master_work_work~_RST.APRQ_11_0688.2-db377bf0fe-6smei3h0_33fdb13d,no_mas_sum,,,0,0,,,
,..\2_LP\LOW_Fr_MASTER_result\local_5RL\runs_curda3bq_master_work_work~_RST.APRQ_11_0688.2-dcecbe6ee7-uogrqieg_2fd7bcdc,no_mas_sum,,,0,0,,,
,..\2_LP\LOW_Fr_MASTER_result\local_5RL\runs_curda3bq_master_work_work~_RST.APRQ_11_0688.2-eaec8d980b-51np8z7k_6b60d2eb,no_mas_sum,,,0,0,,,
,..\2_LP\LOW_Fr_MASTER_result\local_5RL\runs_curda3bq_master_work_work~_RST.APRQ_11_0692.6-06e8fefb67-du3bxcxv_fc886f63,no_mas_sum,,,0,0,,,
,..\2_LP\LOW_Fr_MASTER_result\local_5RL\runs_curda3bq_master_work_work~_RST.APRQ_11_0692.6-0a0dd985a0-k5ugtk9z_65425f51,no_mas_sum,,,0,0,,,
,..\2_LP\LOW_Fr_MASTER_result\local_5RL\runs_curda3bq_master_work_work~_RST.APRQ_11_0692.6-0c78e80f88-i5oxs6hu_603268de,no_mas_sum,,,0,0,,,
,..\2_LP\LOW_Fr_MASTER_result\local_5RL\runs_curda3bq_master_work_work~_RST.APRQ_11_0692.6-1b372049cb-5obzj8f4_6c167d63,no_mas_sum,,,0,0,,,
,..\2_LP\LOW_Fr_MASTER_result\local_5RL\runs_curda3bq_master_work_work~_RST.APRQ_11_0692.6-4054918794-grlywbo1_53bcea88,no_mas_sum,,,0,0,,,
,..\2_LP\LOW_Fr_MASTER_result\local_5RL\runs_curda3bq_master_work_work~_RST.APRQ_11_0692.6-574b94cbd9-1z7hgbix_9b3a3d3f,no_mas_sum,,,0,0,,,
,..\2_LP\LOW_Fr_MASTER_result\local_5RL\runs_curda3bq_master_work_work~_RST.APRQ_11_0692.6-5befd07861-aa354y4d_0829e725,no_mas_sum,,,0,0,,,
,..\2_LP\LOW_Fr_MASTER_result\local_5RL\runs_curda3bq_master_work_work~_RST.APRQ_11_0692.6-5ed50e42ce-q0rk76ny_89feae45,no_mas_sum,,,0,0,,,
,..\2_LP\LOW_Fr_MASTER_result\local_5RL\runs_curda3bq_master_work_work~_RST.APRQ_11_0692.6-639dff4870-5jqzz8x0_24701bd8,no_mas_sum,,,0,0,,,
,..\2_LP\LOW_Fr_MASTER_result\local_5RL\runs_curda3bq_master_work_work~_RST.APRQ_11_0692.6-7edb176cda-ap_dedhf_1855bf3d,no_mas_sum,,,0,0,,,
,..\2_LP\LOW_Fr_MASTER_result\local_5RL\runs_curda3bq_master_work_work~_RST.APRQ_11_0692.6-81b3366289-l5km0gfq_c5307ad3,no_mas_sum,,,0,0,,,
,..\2_LP\LOW_Fr_MASTER_result\local_5RL\runs_curda3bq_master_work_work~_RST.APRQ_11_0692.6-822f06c329-l5qsnr6x_380ddfab,no_mas_sum,,,0,0,,,
,..\2_LP\LOW_Fr_MASTER_result\local_5RL\runs_curda3bq_master_work_work~_RST.APRQ_11_0692.6-926c215fcb-s3n_2mfw_569a3e4d,no_mas_sum,,,0,0,,,
,..\2_LP\LOW_Fr_MASTER_result\local_5RL\runs_curda3bq_master_work_work~_RST.APRQ_11_0692.6-9986462cba-2ccuz57n_3b8bf118,no_mas_sum,,,0,0,,,
,..\2_LP\LOW_Fr_MASTER_result\local_5RL\runs_curda3bq_master_work_work~_RST.APRQ_11_0692.6-b005b78e38-hxooi_fg_0c23319e,no_mas_sum,,,0,0,,,
,..\2_LP\LOW_Fr_MASTER_result\local_5RL\runs_curda3bq_master_work_work~_RST.APRQ_11_0692.6-cdafd75d82-uwbcmlit_de10813b,no_mas_sum,,,0,0,,,
,..\2_LP\LOW_Fr_MASTER_result\local_5RL\runs_curda3bq_master_work_work~_RST.APRQ_11_0692.6-ce5a5794cb-mcmc3x6f_7b38a476,no_mas_sum,,,0,0,,,
,..\2_LP\LOW_Fr_MASTER_result\local_5RL\runs_curda3bq_master_work_work~_RST.APRQ_11_0692.6-d1686a1de1-7i1uy8c6_8f4a7f5e,no_mas_sum,,,0,0,,,
,..\2_LP\LOW_Fr_MASTER_result\local_5RL\runs_curda3bq_master_work_work~_RST.APRQ_11_0692.6-d41fdbc3db-t5xroros_74c134b3,no_mas_sum,,,0,0,,,
,..\2_LP\LOW_Fr_MASTER_result\local_5RL\runs_curda3bq_master_work_work~_RST.APRQ_11_0692.6-dd5c094e7e-8lgd2a_z_bd1535a4,no_mas_sum,,,0,0,,,
,..\2_LP\LOW_Fr_MASTER_result\local_5RL\runs_curda3bq_master_work_work~_RST.APRQ_11_0692.6-e979652fe9-g8pxlu35_12cf5324,no_mas_sum,,,0,0,,,
,..\2_LP\LOW_Fr_MASTER_result\local_5RL\runs_curda3bq_master_work_work~_RST.APRQ_11_0692.6-ecab8e38a3-173qmovy_0866f5d1,no_mas_sum,,,0,0,,,
,..\2_LP\LOW_Fr_MASTER_result\local_5RL\runs_curdb19p_master_work_work~_RST.APRQ_12_0777.1-12f5608b6f-l4flzxav_5b4630f5,no_mas_sum,,,0,0,,,
,..\2_LP\LOW_Fr_MASTER_result\local_5RL\runs_curdb19p_master_work_work~_RST.APRQ_12_0777.1-2531a60b04-qa1z2up5_92efbb5c,no_mas_sum,,,0,0,,,
,..\2_LP\LOW_Fr_MASTER_result\local_5RL\runs_curdb19p_master_work_work~_RST.APRQ_12_0777.1-bfafe8a1d6-g8t84cvw_c185550e,no_mas_sum,,,0,0,,,
,..\2_LP\LOW_Fr_MASTER_result\local_5RL\runs_curdb19p_master_work_work~_RST.APRQ_12_0777.1-f654ae0f42-jeg2ucu0_c8f76fd8,no_mas_sum,,,0,0,,,
,..\2_LP\LOW_Fr_MASTER_result\local_5RL\runs_curdb3ep_master_work_work~_RST.APRQ_11_0767.1-2fc8673c1f-fmeechif_23351470,no_mas_sum,,,0,0,,,
,..\2_LP\LOW_Fr_MASTER_result\local_5RL\runs_curdb3ep_master_work_work~_RST.APRQ_11_0767.1-35a24fa3c5-62h9ywzo_bc347231,no_mas_sum,,,0,0,,,
,..\2_LP\LOW_Fr_MASTER_result\local_5RL\runs_curdb3ep_master_work_work~_RST.APRQ_11_0767.1-3ee5cc7dcc-lyngk47u_8e152ec1,no_mas_sum,,,0,0,,,
,..\2_LP\LOW_Fr_MASTER_result\local_5RL\runs_curdb3ep_master_work_work~_RST.APRQ_11_0767.1-9f38f3ff98-sudues8k_cafb5785,no_mas_sum,,,0,0,,,
,..\2_LP\LOW_Fr_MASTER_result\local_5RL\runs_curdb3ep_master_work_work~S_RST.APRQ_11_0767.1-5901911855-rn0hrqg_e3aba6b3,no_mas_sum,,,0,0,,,
,..\2_LP\LOW_Fr_MASTER_result\local_5RL\runs_curdea9m_master_work_work~_RST.APRQ_11_0658.9-aef35bcab2-l4hmdy03_ca1bbecd,no_mas_sum,,,0,0,,,
,..\2_LP\LOW_Fr_MASTER_result\local_5RL\runs_curdea9m_master_work_work~_RST.APRQ_11_0658.9-aef35bcab2-n26agdf1_dee3db09,no_mas_sum,,,0,0,,,
,..\2_LP\LOW_Fr_MASTER_result\local_5RL\runs_curdea9m_master_work_work~_RST.APRQ_11_0662.3-5bbb4075db-pz1x3yrc_ab95f4e9,no_mas_sum,,,0,0,,,
,..\2_LP\LOW_Fr_MASTER_result\local_5RL\runs_curdea9m_master_work_work~_RST.APRQ_11_0662.3-5bbb4075db-t4xjaenh_fe7abc91,no_mas_sum,,,0,0,,,
,..\2_LP\LOW_Fr_MASTER_result\local_5RL\runs_curdea9p_master_work_work~_RST.APRQ_11_0658.9-9d48222e7d-1tfenrda_e368a197,no_mas_sum,,,0,0,,,
,..\2_LP\LOW_Fr_MASTER_result\local_5RL\runs_curdea9p_master_work_work~_RST.APRQ_11_0658.9-9d48222e7d-u9p7l53k_61affe62,no_mas_sum,,,0,0,,,
,..\2_LP\LOW_Fr_MASTER_result\local_5RL\runs_curdea9p_master_work_work~_RST.APRQ_11_0658.9-c69abfdca2-df6wgi7d_eb6c0b67,no_mas_sum,,,0,0,,,
,..\2_LP\LOW_Fr_MASTER_result\local_5RL\runs_curdea9p_master_work_work~_RST.APRQ_11_0658.9-c69abfdca2-ej7t_ffz_51186e30,no_mas_sum,,,0,0,,,
,..\2_LP\LOW_Fr_MASTER_result\local_5RL\runs_curdea9p_master_work_work~_RST.APRQ_11_0662.3-01ddef76ed-gdlld1et_025e9fd0,no_mas_sum,,,0,0,,,
,..\2_LP\LOW_Fr_MASTER_result\local_5RL\runs_curdea9p_master_work_work~_RST.APRQ_11_0662.3-01ddef76ed-y1b_kykz_2110d9c4,no_mas_sum,,,0,0,,,
,..\2_LP\LOW_Fr_MASTER_result\local_5RL\runs_curdea9p_master_work_work~_RST.APRQ_11_0665.0-21b3fb3f50-ujv1kf96_86962e4b,no_mas_sum,,,0,0,,,
,..\2_LP\LOW_Fr_MASTER_result\local_5RL\runs_curdea9p_master_work_work~_RST.APRQ_11_0665.0-364fb98396-80if8dgg_800c834c,no_mas_sum,,,0,0,,,
,..\2_LP\LOW_Fr_MASTER_result\local_5RL\runs_curdea9p_master_work_work~_RST.APRQ_11_0665.0-364fb98396-mvdx4wj3_c41eba01,no_mas_sum,,,0,0,,,
,..\2_LP\LOW_Fr_MASTER_result\local_5RL\runs_curdea9p_master_work_work~_RST.APRQ_11_0665.0-cb015bd005-3oo8j7kj_baed1c52,no_mas_sum,,,0,0,,,
,..\2_LP\LOW_Fr_MASTER_result\local_5RL\runs_curdea9p_master_work_work~_RST.APRQ_11_0665.0-cb015bd005-77090h0p_284d0666,no_mas_sum,,,0,0,,,
,..\2_LP\LOW_Fr_MASTER_result\local_5RL\runs_curdea9p_master_work_work~_RST.APRQ_11_0677.2-0f9bd15ac7-earwum94_303cc6d3,no_mas_sum,,,0,0,,,
,..\2_LP\LOW_Fr_MASTER_result\local_5RL\runs_curdea9p_master_work_work~_RST.APRQ_11_0677.2-0f9bd15ac7-yg8ys9gq_13821d5d,no_mas_sum,,,0,0,,,
,..\2_LP\LOW_Fr_MASTER_result\local_5RL\runs_curdea9p_master_work_work~_RST.APRQ_11_0677.2-3532b387d9-i5bystk8_3591980f,no_mas_sum,,,0,0,,,
,..\2_LP\LOW_Fr_MASTER_result\local_5RL\runs_curdea9p_master_work_work~_RST.APRQ_11_0677.2-3532b387d9-kgpvlvjm_60aca4f0,no_mas_sum,,,0,0,,,
,..\2_LP\LOW_Fr_MASTER_result\local_5RL\runs_curdea9p_master_work_work~_RST.APRQ_11_0677.2-bd73cbc623-300u7wwo_a46afdfd,no_mas_sum,,,0,0,,,
,..\2_LP\LOW_Fr_MASTER_result\local_5RL\runs_curdea9p_master_work_work~_RST.APRQ_11_0677.2-bd73cbc623-ls97zv2b_251cce46,no_mas_sum,,,0,0,,,
,..\2_LP\LOW_Fr_MASTER_result\local_5RL\runs_curdea9p_master_work_work~S_RST.APRQ_11_0665.0-21b3fb3f50-jyjaqf7_baf2f90f,no_mas_sum,,,0,0,,,
,..\2_LP\LOW_Fr_MASTER_result\local_5RL\runs_cure069m_master_work_work~_RST.APRQ_11_0630.4-e0e86b6d4a-t9opbtac_3e635ace,no_mas_sum,,,0,0,,,
,..\2_LP\LOW_Fr_MASTER_result\local_5RL\runs_cure069p_master_work_work~_RST.APRQ_11_0630.4-4723423dc3-3ob8vlxv_b76234fe,no_mas_sum,,,0,0,,,
,..\2_LP\LOW_Fr_MASTER_result\local_5RL\runs_cure069p_master_work_work~_RST.APRQ_11_0630.4-4723423dc3-un1uqzi2_8df470bd,no_mas_sum,,,0,0,,,
,..\2_LP\LOW_Fr_MASTER_result\local_5RL\runs_cure069p_master_work_work~_RST.APRQ_11_0635.1-42b693d37e-e5e6u6go_12b858af,no_mas_sum,,,0,0,,,
,..\2_LP\LOW_Fr_MASTER_result\local_5RL\runs_cure069p_master_work_work~_RST.APRQ_11_0635.1-42b693d37e-utvkcj4m_57c1a358,no_mas_sum,,,0,0,,,
,..\2_LP\LOW_Fr_MASTER_result\local_5RL\runs_cure069p_master_work_work~_RST.APRQ_11_0635.1-9c91adeb0f-0n5h9r20_4c987f7c,no_mas_sum,,,0,0,,,
,..\2_LP\LOW_Fr_MASTER_result\local_5RL\runs_cure069p_master_work_work~_RST.APRQ_11_0635.1-9c91adeb0f-mjtuczx3_4e7a4479,no_mas_sum,,,0,0,,,
,..\2_LP\LOW_Fr_MASTER_result\local_5RL\runs_cure069p_master_work_work~_RST.APRQ_11_0637.5-c99f5a5f3a-jc2x_e9u_6f41a54c,no_mas_sum,,,0,0,,,
,..\2_LP\LOW_Fr_MASTER_result\local_5RL\runs_cure069p_master_work_work~_RST.APRQ_11_0637.5-c99f5a5f3a-zfckd4ki_469efe63,no_mas_sum,,,0,0,,,
,..\2_LP\LOW_Fr_MASTER_result\local_5RL\runs_cure069p_master_work_work~_RST.APRQ_11_0637.5-f0e36772b9-ap8duky0_7a5e4f7f,no_mas_sum,,,0,0,,,
,..\2_LP\LOW_Fr_MASTER_result\local_5RL\runs_cure069p_master_work_work~_RST.APRQ_11_0637.5-f0e36772b9-o4ohsd1l_b665e251,no_mas_sum,,,0,0,,,
,..\2_LP\LOW_Fr_MASTER_result\local_5RL\runs_cure069q_master_work_work~_RST.APRQ_10_0635.8-18ffc79fd9-a5crkevc_d06926f2,no_mas_sum,,,0,0,,,
,..\2_LP\LOW_Fr_MASTER_result\local_5RL\runs_cure069q_master_work_work~_RST.APRQ_10_0635.8-19f14b71ee-elxfa8dj_08e4cc21,no_mas_sum,,,0,0,,,
,..\2_LP\LOW_Fr_MASTER_result\local_5RL\runs_cure069q_master_work_work~_RST.APRQ_10_0635.8-2789717c30-_c5bbf0m_a0d0a3a0,no_mas_sum,,,0,0,,,
,..\2_LP\LOW_Fr_MASTER_result\local_5RL\runs_cure069q_master_work_work~_RST.APRQ_10_0635.8-3828d321a4-6vrabh0s_750d6942,no_mas_sum,,,0,0,,,
,..\2_LP\LOW_Fr_MASTER_result\local_5RL\runs_cure069q_master_work_work~_RST.APRQ_10_0635.8-4284729895-iu67n01o_3f568dcb,no_mas_sum,,,0,0,,,
,..\2_LP\LOW_Fr_MASTER_result\local_5RL\runs_cure069q_master_work_work~_RST.APRQ_10_0635.8-5e2ba2ffae-9jyp7xuh_fef07b0b,no_mas_sum,,,0,0,,,
,..\2_LP\LOW_Fr_MASTER_result\local_5RL\runs_cure069q_master_work_work~_RST.APRQ_10_0635.8-5f824eaded-vjvue4ui_e71ddb8a,no_mas_sum,,,0,0,,,
,..\2_LP\LOW_Fr_MASTER_result\local_5RL\runs_cure069q_master_work_work~_RST.APRQ_10_0635.8-87668108f7-fwnhhtja_5fe13ee6,no_mas_sum,,,0,0,,,
,..\2_LP\LOW_Fr_MASTER_result\local_5RL\runs_cure069q_master_work_work~_RST.APRQ_10_0635.8-91b585bbc0-fle6tpr0_aa83440c,no_mas_sum,,,0,0,,,
,..\2_LP\LOW_Fr_MASTER_result\local_5RL\runs_cure069q_master_work_work~_RST.APRQ_10_0635.8-a80b8685ce-qp3struc_cb73df69,no_mas_sum,,,0,0,,,
,..\2_LP\LOW_Fr_MASTER_result\local_5RL\runs_cure069q_master_work_work~_RST.APRQ_11_0630.4-07d220b644-hx72wd1u_f415e5df,no_mas_sum,,,0,0,,,
,..\2_LP\LOW_Fr_MASTER_result\local_5RL\runs_cure069q_master_work_work~_RST.APRQ_11_0630.4-14edaccaa0-dv82rzoh_b92d19b5,no_mas_sum,,,0,0,,,
,..\2_LP\LOW_Fr_MASTER_result\local_5RL\runs_cure069q_master_work_work~_RST.APRQ_11_0630.4-17963f681e-vww63e4o_b2bd5c23,no_mas_sum,,,0,0,,,
,..\2_LP\LOW_Fr_MASTER_result\local_5RL\runs_cure069q_master_work_work~_RST.APRQ_11_0630.4-2e25e909ce-0s73wzt3_19bee708,no_mas_sum,,,0,0,,,
,..\2_LP\LOW_Fr_MASTER_result\local_5RL\runs_cure069q_master_work_work~_RST.APRQ_11_0630.4-2e970bf465-27m12bef_355c635f,no_mas_sum,,,0,0,,,
,..\2_LP\LOW_Fr_MASTER_result\local_5RL\runs_cure069q_master_work_work~_RST.APRQ_11_0630.4-54c3dbe8ae-n3rvfzub_94ed10af,no_mas_sum,,,0,0,,,
,..\2_LP\LOW_Fr_MASTER_result\local_5RL\runs_cure069q_master_work_work~_RST.APRQ_11_0630.4-54e8cbd1e9-e2bkrlb2_5f9d1a06,no_mas_sum,,,0,0,,,
,..\2_LP\LOW_Fr_MASTER_result\local_5RL\runs_cure069q_master_work_work~_RST.APRQ_11_0630.4-578eb6ef16-ec8ltovd_a4617931,no_mas_sum,,,0,0,,,
,..\2_LP\LOW_Fr_MASTER_result\local_5RL\runs_cure069q_master_work_work~_RST.APRQ_11_0630.4-690f1a3e25-rvhp5xrk_87033716,no_mas_sum,,,0,0,,,
,..\2_LP\LOW_Fr_MASTER_result\local_5RL\runs_cure069q_master_work_work~_RST.APRQ_11_0630.4-77b543d1b7-lhdug_3c_40e9f991,no_mas_sum,,,0,0,,,
,..\2_LP\LOW_Fr_MASTER_result\local_5RL\runs_cure069q_master_work_work~_RST.APRQ_11_0630.4-8799d3c60e-x9n_0nip_0261e9d1,no_mas_sum,,,0,0,,,
,..\2_LP\LOW_Fr_MASTER_result\local_5RL\runs_cure069q_master_work_work~_RST.APRQ_11_0630.4-ac3a057da1-hydqpnjh_02d5ef26,no_mas_sum,,,0,0,,,
,..\2_LP\LOW_Fr_MASTER_result\local_5RL\runs_cure069q_master_work_work~_RST.APRQ_11_0630.4-b2a75885bc-xpi12gge_566cfb12,no_mas_sum,,,0,0,,,
,..\2_LP\LOW_Fr_MASTER_result\local_5RL\runs_cure069q_master_work_work~_RST.APRQ_11_0630.4-be297f2bc1-g8tdi_nd_f684380d,no_mas_sum,,,0,0,,,
,..\2_LP\LOW_Fr_MASTER_result\local_5RL\runs_cure069q_master_work_work~_RST.APRQ_11_0630.4-bf3f0d4cb4-3joswps0_44953a25,no_mas_sum,,,0,0,,,
,..\2_LP\LOW_Fr_MASTER_result\local_5RL\runs_cure069q_master_work_work~_RST.APRQ_11_0630.4-c9ab744bf7-q0nq3e01_3d870d76,no_mas_sum,,,0,0,,,
,..\2_LP\LOW_Fr_MASTER_result\local_5RL\runs_cure069q_master_work_work~_RST.APRQ_11_0630.4-f65f8a54e1-bh79blmr_59ad4cc7,no_mas_sum,,,0,0,,,
,..\2_LP\LOW_Fr_MASTER_result\local_5RL\runs_cure069q_master_work_work~_RST.APRQ_11_0635.1-144555f17d-i87kujv8_a365f2a4,no_mas_sum,,,0,0,,,
,..\2_LP\LOW_Fr_MASTER_result\local_5RL\runs_cure069q_master_work_work~_RST.APRQ_11_0635.1-1aeb442978-fckf9qx0_ee60982b,no_mas_sum,,,0,0,,,
,..\2_LP\LOW_Fr_MASTER_result\local_5RL\runs_cure069q_master_work_work~_RST.APRQ_11_0635.1-658c29bbdc-oq1d8dih_93d98dfa,no_mas_sum,,,0,0,,,
,..\2_LP\LOW_Fr_MASTER_result\local_5RL\runs_cure069q_master_work_work~_RST.APRQ_11_0635.1-7dcf4efcac-9agmohqz_342037f7,no_mas_sum,,,0,0,,,
,..\2_LP\LOW_Fr_MASTER_result\local_5RL\runs_cure069q_master_work_work~_RST.APRQ_11_0635.1-8600343583-57c1okeh_271f8846,no_mas_sum,,,0,0,,,
,..\2_LP\LOW_Fr_MASTER_result\local_5RL\runs_cure069q_master_work_work~_RST.APRQ_11_0635.1-90e6a03e44-5nq_zbxf_44839360,no_mas_sum,,,0,0,,,
,..\2_LP\LOW_Fr_MASTER_result\local_5RL\runs_cure069q_master_work_work~_RST.APRQ_11_0635.1-9601ef52d9-7a5uayn5_f6cbca3c,no_mas_sum,,,0,0,,,
,..\2_LP\LOW_Fr_MASTER_result\local_5RL\runs_cure069q_master_work_work~_RST.APRQ_11_0635.1-a2d71f2906-nuoj6igd_03660a8d,no_mas_sum,,,0,0,,,
,..\2_LP\LOW_Fr_MASTER_result\local_5RL\runs_cure069q_master_work_work~_RST.APRQ_11_0635.1-a92b12699c-sqnz8_1t_1cc82a15,no_mas_sum,,,0,0,,,
,..\2_LP\LOW_Fr_MASTER_result\local_5RL\runs_cure069q_master_work_work~_RST.APRQ_11_0635.1-ba7abbd73e-y7cx0pia_fc025d64,no_mas_sum,,,0,0,,,
,..\2_LP\LOW_Fr_MASTER_result\local_5RL\runs_cure069q_master_work_work~_RST.APRQ_11_0635.1-cc4ab879a5-79ykjc7c_42938bc7,no_mas_sum,,,0,0,,,
,..\2_LP\LOW_Fr_MASTER_result\local_5RL\runs_cure069q_master_work_work~_RST.APRQ_11_0635.1-d209d9977a-gt7k04fu_6a4d8371,no_mas_sum,,,0,0,,,
,..\2_LP\LOW_Fr_MASTER_result\local_5RL\runs_cure069q_master_work_work~_RST.APRQ_11_0635.1-d618d81293-d14ni8vs_4bd04bf1,no_mas_sum,,,0,0,,,
,..\2_LP\LOW_Fr_MASTER_result\local_5RL\runs_cure069q_master_work_work~_RST.APRQ_11_0635.1-d77b0c14f3-8bcuiovk_e8e8c503,no_mas_sum,,,0,0,,,
,..\2_LP\LOW_Fr_MASTER_result\local_5RL\runs_cure069q_master_work_work~_RST.APRQ_11_0635.1-e7e59e88e1-0tx4ak27_bc9c7376,no_mas_sum,,,0,0,,,
,..\2_LP\LOW_Fr_MASTER_result\local_5RL\runs_cure069q_master_work_work~_RST.APRQ_11_0637.5-36cb25bece-p59cw49l_7671b65a,no_mas_sum,,,0,0,,,
,..\2_LP\LOW_Fr_MASTER_result\local_5RL\runs_cure069q_master_work_work~_RST.APRQ_11_0637.5-47b944a6d6-97hfr1p4_8c80ff95,no_mas_sum,,,0,0,,,
,..\2_LP\LOW_Fr_MASTER_result\local_5RL\runs_cure069q_master_work_work~_RST.APRQ_11_0637.5-496a51b906-b5j11k9t_fce2e711,no_mas_sum,,,0,0,,,
,..\2_LP\LOW_Fr_MASTER_result\local_5RL\runs_cure069q_master_work_work~_RST.APRQ_11_0637.5-592cc8adec-2c_0n2bk_14058805,no_mas_sum,,,0,0,,,
,..\2_LP\LOW_Fr_MASTER_result\local_5RL\runs_cure069q_master_work_work~_RST.APRQ_11_0637.5-80cc20ee76-56x3o_yn_95d279ab,no_mas_sum,,,0,0,,,
,..\2_LP\LOW_Fr_MASTER_result\local_5RL\runs_cure069q_master_work_work~_RST.APRQ_11_0637.5-844bc6e36d-qo2ucw78_75ccce9a,no_mas_sum,,,0,0,,,
,..\2_LP\LOW_Fr_MASTER_result\local_5RL\runs_cure069q_master_work_work~_RST.APRQ_11_0637.5-873546948e-582djjcc_2c33e2d7,no_mas_sum,,,0,0,,,
,..\2_LP\LOW_Fr_MASTER_result\local_5RL\runs_cure069q_master_work_work~_RST.APRQ_11_0637.5-8b8aba9efe-7oo92b7u_9a141174,no_mas_sum,,,0,0,,,
,..\2_LP\LOW_Fr_MASTER_result\local_5RL\runs_cure069q_master_work_work~_RST.APRQ_11_0637.5-94edd8bd42-j67jnnmc_b1b74d79,no_mas_sum,,,0,0,,,
,..\2_LP\LOW_Fr_MASTER_result\local_5RL\runs_cure069q_master_work_work~_RST.APRQ_11_0637.5-9b915f48a7-3rs4jt94_8803168a,no_mas_sum,,,0,0,,,
,..\2_LP\LOW_Fr_MASTER_result\local_5RL\runs_cure069q_master_work_work~_RST.APRQ_11_0637.5-c7b2ac0202-5rl16b3j_bb14f6f0,no_mas_sum,,,0,0,,,
,..\2_LP\LOW_Fr_MASTER_result\local_5RL\runs_cure069q_master_work_work~_RST.APRQ_11_0637.5-d65c1cefbf-5ca3lk01_6cf7acbb,no_mas_sum,,,0,0,,,
,..\2_LP\LOW_Fr_MASTER_result\local_5RL\runs_cure069q_master_work_work~_RST.APRQ_11_0637.5-d6b0e1ac0f-_5y_xjl7_74ddb46f,no_mas_sum,,,0,0,,,
,..\2_LP\LOW_Fr_MASTER_result\local_5RL\runs_cure069q_master_work_work~_RST.APRQ_11_0637.5-f48c2fa203-0kbac63z_9b7c0703,no_mas_sum,,,0,0,,,
,..\2_LP\LOW_Fr_MASTER_result\local_5RL\runs_cure069q_master_work_work~S_RST.APRQ_11_0637.5-d5c746816b-v89x_x5_37711fa6,no_mas_sum,,,0,0,,,
,..\2_LP\LOW_Fr_MASTER_result\local_5RL\runs_cure1b2m_master_work_work~_RST.APRQ_11_0705.0-47fa96c78c-x8upm7yw_ad4de2d8,no_mas_sum,,,0,0,,,
,..\2_LP\LOW_Fr_MASTER_result\local_5RL\runs_cure1b2m_master_work_work~_RST.APRQ_11_0705.0-9a556f648d-ekf4qzn9_fcb8beb1,no_mas_sum,,,0,0,,,
,..\2_LP\LOW_Fr_MASTER_result\local_5RL\runs_cure1b2m_master_work_work~_RST.APRQ_11_0705.0-c3262f8fdf-dr355k2o_365095af,no_mas_sum,,,0,0,,,
,..\2_LP\LOW_Fr_MASTER_result\local_5RL\runs_cure1b2p_master_work_work~_RST.APRQ_11_0705.0-7278d45056-119g_w7v_3870c85f,no_mas_sum,,,0,0,,,
,..\2_LP\LOW_Fr_MASTER_result\local_5RL\runs_cure1b2p_master_work_work~_RST.APRQ_11_0705.0-99bc498e6f-6j_maqix_f8656bed,no_mas_sum,,,0,0,,,
,..\2_LP\LOW_Fr_MASTER_result\local_5RL\runs_cure1b2p_master_work_work~_RST.APRQ_11_0705.0-c72e58f921-whjmhnq7_562f2689,no_mas_sum,,,0,0,,,
,..\2_LP\LOW_Fr_MASTER_result\local_5RL\runs_cure1b2p_master_work_work~_RST.APRQ_11_0705.0-fe9edb4663-ecdbsycw_4cdea169,no_mas_sum,,,0,0,,,
,..\2_LP\LOW_Fr_MASTER_result\local_5RL\runs_cure1b2p_master_work_work~_RST.APRQ_11_0767.1-62234064c8-4x5tkxj0_c09b0b74,no_mas_sum,,,0,0,,,
,..\2_LP\LOW_Fr_MASTER_result\local_5RL\runs_cure1b2p_master_work_work~_RST.APRQ_11_0767.1-8bc672ed7c-_osgp5_j_1688fce2,no_mas_sum,,,0,0,,,
,..\2_LP\LOW_Fr_MASTER_result\local_5RL\runs_curec3cp_master_work_work~_RST.APRQ_12_0777.1-00d2e71d19-x6wqn4o1_da19c286,no_mas_sum,,,0,0,,,
,..\2_LP\LOW_Fr_MASTER_result\local_5RL\runs_curec3cp_master_work_work~_RST.APRQ_12_0777.1-d6fe8b6338-_vu_9v2j_e34ee35e,no_mas_sum,,,0,0,,,
,..\2_LP\LOW_Fr_MASTER_result\local_5RL\runs_curec3cp_master_work_work~S_RST.APRQ_12_0777.1-a7997b306d-gfyc1fz_12b8f558,no_mas_sum,,,0,0,,,
,..\2_LP\LOW_Fr_MASTER_result\local_5RL\runs_curefd2p_master_work_work~_RST.APRQ_11_0658.9-1df8911123-hldoxv6n_fa81f501,no_mas_sum,,,0,0,,,
,..\2_LP\LOW_Fr_MASTER_result\local_5RL\runs_curefd2p_master_work_work~_RST.APRQ_11_0662.3-1204f93c3f-z1knqk4d_569c4bd4,no_mas_sum,,,0,0,,,
,..\2_LP\LOW_Fr_MASTER_result\local_5RL\runs_curefd2p_master_work_work~_RST.APRQ_11_0665.0-3bd9322ad7-2amnnava_9f6c7c3c,no_mas_sum,,,0,0,,,
,..\2_LP\LOW_Fr_MASTER_result\local_5RL\runs_curefd2p_master_work_work~_RST.APRQ_11_0677.2-80712ea26a-xo_sunmm_24187c23,no_mas_sum,,,0,0,,,
,..\2_LP\LOW_Fr_MASTER_result\local_5RL\runs_curefd2p_master_work_work~_RST.APRQ_11_0677.2-f974292030-3cka6jym_feea74ca,no_mas_sum,,,0,0,,,
,..\2_LP\LOW_Fr_MASTER_result\local_5RL\runs_curefd2q_master_work_work~_RST.APRQ_11_0658.9-1d12276dd4-fw4p_6zn_248db3a0,no_mas_sum,,,0,0,,,
,..\2_LP\LOW_Fr_MASTER_result\local_5RL\runs_curefd2q_master_work_work~_RST.APRQ_11_0658.9-1fc034b6b3-g_fljlkv_ac558369,no_mas_sum,,,0,0,,,
,..\2_LP\LOW_Fr_MASTER_result\local_5RL\runs_curefd2q_master_work_work~_RST.APRQ_11_0658.9-279cb149a7-5o34fsld_f795d27d,no_mas_sum,,,0,0,,,
,..\2_LP\LOW_Fr_MASTER_result\local_5RL\runs_curefd2q_master_work_work~_RST.APRQ_11_0658.9-2a37490327-e5sdi6j0_302b13bf,no_mas_sum,,,0,0,,,
,..\2_LP\LOW_Fr_MASTER_result\local_5RL\runs_curefd2q_master_work_work~_RST.APRQ_11_0658.9-3aceae52a9-vjh5ut7b_f90c6f70,no_mas_sum,,,0,0,,,
,..\2_LP\LOW_Fr_MASTER_result\local_5RL\runs_curefd2q_master_work_work~_RST.APRQ_11_0658.9-3e340bbf50-ppqy76l2_578a5f49,no_mas_sum,,,0,0,,,
,..\2_LP\LOW_Fr_MASTER_result\local_5RL\runs_curefd2q_master_work_work~_RST.APRQ_11_0658.9-52ad334e5f-rvkenjfo_35fd1ec3,no_mas_sum,,,0,0,,,
,..\2_LP\LOW_Fr_MASTER_result\local_5RL\runs_curefd2q_master_work_work~_RST.APRQ_11_0658.9-63f76ddf96-kkd558j8_dccee67f,no_mas_sum,,,0,0,,,
,..\2_LP\LOW_Fr_MASTER_result\local_5RL\runs_curefd2q_master_work_work~_RST.APRQ_11_0658.9-6d8ad67d5b-obdw57az_ca417849,no_mas_sum,,,0,0,,,
,..\2_LP\LOW_Fr_MASTER_result\local_5RL\runs_curefd2q_master_work_work~_RST.APRQ_11_0658.9-839125140b-y947rs4e_0b639a1f,no_mas_sum,,,0,0,,,
,..\2_LP\LOW_Fr_MASTER_result\local_5RL\runs_curefd2q_master_work_work~_RST.APRQ_11_0658.9-84b932b764-orlethfb_a696aa36,no_mas_sum,,,0,0,,,
,..\2_LP\LOW_Fr_MASTER_result\local_5RL\runs_curefd2q_master_work_work~_RST.APRQ_11_0658.9-913dc921d9-y07ielpa_bd9ee731,no_mas_sum,,,0,0,,,
,..\2_LP\LOW_Fr_MASTER_result\local_5RL\runs_curefd2q_master_work_work~_RST.APRQ_11_0658.9-a200acc1ae-wajti_me_9c13e585,no_mas_sum,,,0,0,,,
,..\2_LP\LOW_Fr_MASTER_result\local_5RL\runs_curefd2q_master_work_work~_RST.APRQ_11_0658.9-a7f3c9e4c7-09vkz2zi_64f0988a,no_mas_sum,,,0,0,,,
,..\2_LP\LOW_Fr_MASTER_result\local_5RL\runs_curefd2q_master_work_work~_RST.APRQ_11_0658.9-ba4b53e32a-qfvlciuv_042951da,no_mas_sum,,,0,0,,,
,..\2_LP\LOW_Fr_MASTER_result\local_5RL\runs_curefd2q_master_work_work~_RST.APRQ_11_0658.9-dbf6f3ec9b-c3jgy7lq_b6b9e9e6,no_mas_sum,,,0,0,,,
,..\2_LP\LOW_Fr_MASTER_result\local_5RL\runs_curefd2q_master_work_work~_RST.APRQ_11_0658.9-fc72afac40-j8_i12ai_bcf8e78b,no_mas_sum,,,0,0,,,
,..\2_LP\LOW_Fr_MASTER_result\local_5RL\runs_curefd2q_master_work_work~_RST.APRQ_11_0662.3-2e11ab0201-d51zjp5n_45db7640,no_mas_sum,,,0,0,,,
,..\2_LP\LOW_Fr_MASTER_result\local_5RL\runs_curefd2q_master_work_work~_RST.APRQ_11_0662.3-3d43cd5452-hg7_4x9y_43067de0,no_mas_sum,,,0,0,,,
,..\2_LP\LOW_Fr_MASTER_result\local_5RL\runs_curefd2q_master_work_work~_RST.APRQ_11_0662.3-4625c959ac-um8ri8kj_c224717d,no_mas_sum,,,0,0,,,
,..\2_LP\LOW_Fr_MASTER_result\local_5RL\runs_curefd2q_master_work_work~_RST.APRQ_11_0662.3-46cfd930c4-chvsu0sr_e4a571ac,no_mas_sum,,,0,0,,,
,..\2_LP\LOW_Fr_MASTER_result\local_5RL\runs_curefd2q_master_work_work~_RST.APRQ_11_0662.3-76e8f273a4-z4auz80j_1797f51e,no_mas_sum,,,0,0,,,
,..\2_LP\LOW_Fr_MASTER_result\local_5RL\runs_curefd2q_master_work_work~_RST.APRQ_11_0662.3-8290ca9f84-s9h86vhz_0f6dc8f2,no_mas_sum,,,0,0,,,
,..\2_LP\LOW_Fr_MASTER_result\local_5RL\runs_curefd2q_master_work_work~_RST.APRQ_11_0662.3-c4dc4fffa1-q7_2d2fs_4de84395,no_mas_sum,,,0,0,,,
,..\2_LP\LOW_Fr_MASTER_result\local_5RL\runs_curefd2q_master_work_work~_RST.APRQ_11_0662.3-c70a16551a-pshdprdb_a3a6c594,no_mas_sum,,,0,0,,,
,..\2_LP\LOW_Fr_MASTER_result\local_5RL\runs_curefd2q_master_work_work~_RST.APRQ_11_0662.3-dc22f2332f-vy2j97nm_6fa4af9d,no_mas_sum,,,0,0,,,
,..\2_LP\LOW_Fr_MASTER_result\local_5RL\runs_curefd2q_master_work_work~_RST.APRQ_11_0662.3-e0eb217f58-up1134xg_29fda10c,no_mas_sum,,,0,0,,,
,..\2_LP\LOW_Fr_MASTER_result\local_5RL\runs_curefd2q_master_work_work~_RST.APRQ_11_0662.3-e9f19ea476-ftda0w_q_aaac6f22,no_mas_sum,,,0,0,,,
,..\2_LP\LOW_Fr_MASTER_result\local_5RL\runs_curefd2q_master_work_work~_RST.APRQ_11_0665.0-07a1a211a4-syb_vkmb_2c6c3202,no_mas_sum,,,0,0,,,
,..\2_LP\LOW_Fr_MASTER_result\local_5RL\runs_curefd2q_master_work_work~_RST.APRQ_11_0665.0-0e5c1fee98-iq20tkoc_c2b18dc2,no_mas_sum,,,0,0,,,
,..\2_LP\LOW_Fr_MASTER_result\local_5RL\runs_curefd2q_master_work_work~_RST.APRQ_11_0665.0-15535b7191-0eydl9ee_890caa61,no_mas_sum,,,0,0,,,
,..\2_LP\LOW_Fr_MASTER_result\local_5RL\runs_curefd2q_master_work_work~_RST.APRQ_11_0665.0-2443167b86-osvwone7_2afd91fb,no_mas_sum,,,0,0,,,
,..\2_LP\LOW_Fr_MASTER_result\local_5RL\runs_curefd2q_master_work_work~_RST.APRQ_11_0665.0-245420fa05-ft348h6s_92032d69,no_mas_sum,,,0,0,,,
,..\2_LP\LOW_Fr_MASTER_result\local_5RL\runs_curefd2q_master_work_work~_RST.APRQ_11_0665.0-4032022081-73hvq9uk_1477d090,no_mas_sum,,,0,0,,,
,..\2_LP\LOW_Fr_MASTER_result\local_5RL\runs_curefd2q_master_work_work~_RST.APRQ_11_0665.0-8536e8822d-pcde3tdd_e7aafac4,no_mas_sum,,,0,0,,,
,..\2_LP\LOW_Fr_MASTER_result\local_5RL\runs_curefd2q_master_work_work~_RST.APRQ_11_0665.0-895f94ba77-q81i3joe_10b0add3,no_mas_sum,,,0,0,,,
,..\2_LP\LOW_Fr_MASTER_result\local_5RL\runs_curefd2q_master_work_work~_RST.APRQ_11_0665.0-92eb0b9257-9i4r92i2_bb5ced8d,no_mas_sum,,,0,0,,,
,..\2_LP\LOW_Fr_MASTER_result\local_5RL\runs_curefd2q_master_work_work~_RST.APRQ_11_0665.0-a3ee5662b1-kb7dwm63_9ba968a8,no_mas_sum,,,0,0,,,
,..\2_LP\LOW_Fr_MASTER_result\local_5RL\runs_curefd2q_master_work_work~_RST.APRQ_11_0665.0-a4a0cc80a4-fn5lkcs1_9c2d379f,no_mas_sum,,,0,0,,,
,..\2_LP\LOW_Fr_MASTER_result\local_5RL\runs_curefd2q_master_work_work~_RST.APRQ_11_0665.0-a998d5a77c-24rbfx1x_5b04eccb,no_mas_sum,,,0,0,,,
,..\2_LP\LOW_Fr_MASTER_result\local_5RL\runs_curefd2q_master_work_work~_RST.APRQ_11_0677.2-0889a75c1f-u45j6xy2_e23c94b3,no_mas_sum,,,0,0,,,
,..\2_LP\LOW_Fr_MASTER_result\local_5RL\runs_curefd2q_master_work_work~_RST.APRQ_11_0677.2-0a6a29c85d-p528sphi_3321b8a1,no_mas_sum,,,0,0,,,
,..\2_LP\LOW_Fr_MASTER_result\local_5RL\runs_curefd2q_master_work_work~_RST.APRQ_11_0677.2-236bbef14b-rnb013z0_79014b43,no_mas_sum,,,0,0,,,
,..\2_LP\LOW_Fr_MASTER_result\local_5RL\runs_curefd2q_master_work_work~_RST.APRQ_11_0677.2-249c352808-g6wvmmgy_c943efd8,no_mas_sum,,,0,0,,,
,..\2_LP\LOW_Fr_MASTER_result\local_5RL\runs_curefd2q_master_work_work~_RST.APRQ_11_0677.2-4136988f45-5r2iqwwf_830f093e,no_mas_sum,,,0,0,,,
,..\2_LP\LOW_Fr_MASTER_result\local_5RL\runs_curefd2q_master_work_work~_RST.APRQ_11_0677.2-4c106dadee-jp48j606_3e03c19f,no_mas_sum,,,0,0,,,
,..\2_LP\LOW_Fr_MASTER_result\local_5RL\runs_curefd2q_master_work_work~_RST.APRQ_11_0677.2-53e81e8f33-uygk73nl_5eba48f0,no_mas_sum,,,0,0,,,
,..\2_LP\LOW_Fr_MASTER_result\local_5RL\runs_curefd2q_master_work_work~_RST.APRQ_11_0677.2-5f32582385-1_nukg40_eb273ef4,no_mas_sum,,,0,0,,,
,..\2_LP\LOW_Fr_MASTER_result\local_5RL\runs_curefd2q_master_work_work~_RST.APRQ_11_0677.2-66958c52a1-p4_hl8fn_daa7d7e9,no_mas_sum,,,0,0,,,
,..\2_LP\LOW_Fr_MASTER_result\local_5RL\runs_curefd2q_master_work_work~_RST.APRQ_11_0677.2-8c0b672528-7rv62qku_f4a5b3c9,no_mas_sum,,,0,0,,,
,..\2_LP\LOW_Fr_MASTER_result\local_5RL\runs_curefd2q_master_work_work~_RST.APRQ_11_0677.2-9c9cdf66a2-rnoc71xp_5979e9d7,no_mas_sum,,,0,0,,,
,..\2_LP\LOW_Fr_MASTER_result\local_5RL\runs_curefd2q_master_work_work~_RST.APRQ_11_0677.2-a37ca2bfb9-mzk0w64i_51f339b1,no_mas_sum,,,0,0,,,
,..\2_LP\LOW_Fr_MASTER_result\local_5RL\runs_curefd2q_master_work_work~_RST.APRQ_11_0677.2-b5f5790cee-59iuvd0b_2defe63f,no_mas_sum,,,0,0,,,
,..\2_LP\LOW_Fr_MASTER_result\local_5RL\runs_curefd2q_master_work_work~_RST.APRQ_11_0677.2-c429298ff8-67cfca9f_8657ad47,no_mas_sum,,,0,0,,,
,..\2_LP\LOW_Fr_MASTER_result\local_5RL\runs_curefd2q_master_work_work~_RST.APRQ_11_0677.2-df1e75127b-jfyy8rti_3d2ce9ec,no_mas_sum,,,0,0,,,
,..\2_LP\LOW_Fr_MASTER_result\local_5RL\runs_curefd2q_master_work_work~S_RST.APRQ_11_0662.3-eac8cec74c-27hh_x0_cc2e93ba,no_mas_sum,,,0,0,,,
79a6a5734e218bd8,..\2_LP\LOW_Fr_MASTER_result\local_5RL\runs_flat_power_104_alsearch_G~_RST.APRQ_11_0692.6-050bfd019f-dg0egl9w_d7fc3716,final,1.8909,1.6814,29,1,,690.974,deck
63c38cf05f93f91c,..\2_LP\LOW_Fr_MASTER_result\local_5RL\runs_flat_power_104_alsearch_G~_RST.APRQ_11_0692.6-08f9dc1479-3y9xqjr2_4a71f70c,final,1.8725,1.6643,28,1,,689.671,deck
260e0da89b5d32e2,..\2_LP\LOW_Fr_MASTER_result\local_5RL\runs_flat_power_104_alsearch_G~_RST.APRQ_11_0692.6-1abbfabc8a-yx67sodf_714247cf,final,3.1278,2.7212,28,0,above_ceiling,662.979,deck
cd9e1f15123c848e,..\2_LP\LOW_Fr_MASTER_result\local_5RL\runs_flat_power_104_alsearch_G~_RST.APRQ_11_0692.6-1be9f49069-9dz31v7d_8a8124b4,final,1.7022,1.4969,29,1,,704.478,deck
227a73b5054ce488,..\2_LP\LOW_Fr_MASTER_result\local_5RL\runs_flat_power_104_alsearch_G~_RST.APRQ_11_0692.6-1d0508aa71-uo9mm_70_22eb5888,final,1.6203,1.4467,29,1,,698.853,deck
e58294708ba7763b,..\2_LP\LOW_Fr_MASTER_result\local_5RL\runs_flat_power_104_alsearch_G~_RST.APRQ_11_0692.6-2d27e7d102-tzudt9if_716d9998,final,1.6564,1.4775,29,1,,698.935,deck
ce27940eb36ba655,..\2_LP\LOW_Fr_MASTER_result\local_5RL\runs_flat_power_104_alsearch_G~_RST.APRQ_11_0692.6-37a603b053-ifn8be6i_01ad01e7,final,1.6347,1.4601,29,1,,693.657,deck
b27a976aa847e155,..\2_LP\LOW_Fr_MASTER_result\local_5RL\runs_flat_power_104_alsearch_G~_RST.APRQ_11_0692.6-385adf3fa0-_7aalt_2_02866952,final,1.7076,1.4996,28,1,,670.309,deck
46aee63362de907a,..\2_LP\LOW_Fr_MASTER_result\local_5RL\runs_flat_power_104_alsearch_G~_RST.APRQ_11_0692.6-414eeac636-gq_01ruv_c9adb0bd,final,1.8573,1.6561,27,1,,658.572,deck
4294afbbeb9764bc,..\2_LP\LOW_Fr_MASTER_result\local_5RL\runs_flat_power_104_alsearch_G~_RST.APRQ_11_0692.6-4c6d34f244-zfw9gl6y_60c40f7d,final,1.7497,1.507,28,1,,682.72,deck
995e995bdb3cd972,..\2_LP\LOW_Fr_MASTER_result\local_5RL\runs_flat_power_104_alsearch_G~_RST.APRQ_11_0692.6-51d2128496-ltegx6t7_bcbf9f46,final,1.9576,1.7194,28,1,,661.082,deck
dbf75d4dcb03a944,..\2_LP\LOW_Fr_MASTER_result\local_5RL\runs_flat_power_104_alsearch_G~_RST.APRQ_11_0692.6-5234bf3519-5ti_9t6a_ede7a93c,final,1.6378,1.4811,29,1,,694.621,deck
6fc79950f0fb82b0,..\2_LP\LOW_Fr_MASTER_result\local_5RL\runs_flat_power_104_alsearch_G~_RST.APRQ_11_0692.6-5db1a7bb7f-_3uiny86_e955315e,final,1.8592,1.6561,27,1,,657.695,deck
588af163be5d7295,..\2_LP\LOW_Fr_MASTER_result\local_5RL\runs_flat_power_104_alsearch_G~_RST.APRQ_11_0692.6-727ab9e8ac-dx1iru73_0673169d,final,1.7243,1.5336,28,1,,680.826,deck
ae64cecd5db8717f,..\2_LP\LOW_Fr_MASTER_result\local_5RL\runs_flat_power_104_alsearch_G~_RST.APRQ_11_0692.6-752c691ac6-69f3kj4s_626e1e9e,final,1.8358,1.5903,28,1,,683.519,deck
ab01fdc42b5d4484,..\2_LP\LOW_Fr_MASTER_result\local_5RL\runs_flat_power_104_alsearch_G~_RST.APRQ_11_0692.6-76f3259ccd-9h5nbz4b_4ec3a2f0,final,1.7032,1.515,29,1,,696.896,deck
c8ea0a25fbff8a58,..\2_LP\LOW_Fr_MASTER_result\local_5RL\runs_flat_power_104_alsearch_G~_RST.APRQ_11_0692.6-7defff4104-ks3nssz3_2ad04801,final,1.7849,1.5875,29,1,,691.529,deck
4a0acb6dcbb9bfab,..\2_LP\LOW_Fr_MASTER_result\local_5RL\runs_flat_power_104_alsearch_G~_RST.APRQ_11_0692.6-8a1fa0f9c7-0hdrdtzb_fd498720,final,2.1053,1.8701,29,1,,690.219,deck
a7c817c7eb8f9d8f,..\2_LP\LOW_Fr_MASTER_result\local_5RL\runs_flat_power_104_alsearch_G~_RST.APRQ_11_0692.6-8f33b5361d-ocqzv5tk_7c6a6aac,final,1.691,1.513,28,1,,683.971,deck
98e7840af69af202,..\2_LP\LOW_Fr_MASTER_result\local_5RL\runs_flat_power_104_alsearch_G~_RST.APRQ_11_0692.6-901513f3f6-333gbhlv_df7404bc,final,1.6607,1.4846,29,1,,699.293,deck
07698891088bfc73,..\2_LP\LOW_Fr_MASTER_result\local_5RL\runs_flat_power_104_alsearch_G~_RST.APRQ_11_0692.6-90b292b709-vxkdu73j_82162dac,final,1.7178,1.5287,29,1,,694.88,deck
3b4de9b34ada63f2,..\2_LP\LOW_Fr_MASTER_result\local_5RL\runs_flat_power_104_alsearch_G~_RST.APRQ_11_0692.6-945e977cc9-cnsxdgq2_65319f42,final,1.6495,1.4796,29,1,,695.653,deck
fec18e1e5bb5262c,..\2_LP\LOW_Fr_MASTER_result\local_5RL\runs_flat_power_104_alsearch_G~_RST.APRQ_11_0692.6-9d3fc117a5-37wjq0hh_3b93d863,final,1.912,1.7002,28,1,,688.652,deck
aef9a83459c043f3,..\2_LP\LOW_Fr_MASTER_result\local_5RL\runs_flat_power_104_alsearch_G~_RST.APRQ_11_0692.6-a2707f4242-fpfp8roi_a6715f09,final,1.8133,1.5909,29,1,,697.493,deck
412edc1bc86920a5,..\2_LP\LOW_Fr_MASTER_result\local_5RL\runs_flat_power_104_alsearch_G~_RST.APRQ_11_0692.6-a361258db2-ljcw651n_aa46167b,final,1.8824,1.6972,29,1,,691.4,deck
9d6c6567d8986291,..\2_LP\LOW_Fr_MASTER_result\local_5RL\runs_flat_power_104_alsearch_G~_RST.APRQ_11_0692.6-afb093ed92-yov161lj_24ea4a19,final,1.9209,1.7269,28,1,,689.358,deck
bc976afe91d5142f,..\2_LP\LOW_Fr_MASTER_result\local_5RL\runs_flat_power_104_alsearch_G~_RST.APRQ_11_0692.6-b9139306cd-muvm3fsa_04cb9891,final,1.6531,1.4742,29,1,,699.131,deck
e61c28ab72792476,..\2_LP\LOW_Fr_MASTER_result\local_5RL\runs_flat_power_104_alsearch_G~_RST.APRQ_11_0692.6-cbc6d8686f-zrjc9f1p_5c492dd5,final,2.0455,1.793,27,1,,659.414,deck
22a40e4adbb707c4,..\2_LP\LOW_Fr_MASTER_result\local_5RL\runs_flat_power_104_alsearch_G~_RST.APRQ_11_0692.6-cc1126e516-3_lt_0ol_a8965a34,final,1.7204,1.5525,28,1,,682.792,deck
4284097f775a8a4b,..\2_LP\LOW_Fr_MASTER_result\local_5RL\runs_flat_power_104_alsearch_G~_RST.APRQ_11_0692.6-cc43fa69dc-ndqoo370_3735dd9a,final,1.7111,1.5425,29,1,,692.991,deck
854864f192ca8996,..\2_LP\LOW_Fr_MASTER_result\local_5RL\runs_flat_power_104_alsearch_G~_RST.APRQ_11_0692.6-ce9f8c9cad-l2hzg80h_3e459460,final,1.7207,1.5267,28,1,,674.575,deck
d000d0fe218788c7,..\2_LP\LOW_Fr_MASTER_result\local_5RL\runs_flat_power_104_alsearch_G~_RST.APRQ_11_0692.6-e08ed58468-wwto7kj0_bd0eb480,final,1.7264,1.5565,28,1,,682.359,deck
60aaab43c691190d,..\2_LP\LOW_Fr_MASTER_result\local_5RL\runs_flat_power_104_alsearch_G~_RST.APRQ_11_0692.6-e5c9bc1b3b-vbj6zdx6_0d554800,final,1.8264,1.6234,29,1,,700.885,deck
6a3c972672f4fa94,..\2_LP\LOW_Fr_MASTER_result\local_5RL\runs_flat_power_104_alsearch_G~_RST.APRQ_11_0692.6-e64aca18d1-l9632cal_826f1b80,final,1.6454,1.4703,29,1,,693.883,deck
9b1857bede53ff26,..\2_LP\LOW_Fr_MASTER_result\local_5RL\runs_flat_power_104_alsearch_G~_RST.APRQ_11_0692.6-e8ffc64c14-gvd6ae3t_2f174bcb,final,1.7094,1.5412,28,1,,684.562,deck
7ba1289c0ca40aae,..\2_LP\LOW_Fr_MASTER_result\local_5RL\runs_flat_power_104_alsearch_G~_RST.APRQ_11_0692.6-f1616828dd-z7pcehxw_84be6c6a,final,1.7379,1.5703,29,1,,704.436,deck
285acf830423b7ea,..\2_LP\LOW_Fr_MASTER_result\local_5RL\runs_flat_power_104_alsearch_G~_RST.APRQ_11_0692.6-f77b7093f5-7h678j4z_60529b48,final,1.6339,1.4813,29,1,,699.724,deck
b2c3dff67280a92c,..\2_LP\LOW_Fr_MASTER_result\local_5RL\runs_flat_power_104_alsearch_G~_RST.APRQ_11_0692.6-fa0f4f49db-8tyxg0jl_ce722e9f,final,1.773,1.6058,29,1,,692.968,deck
65b7317dfc306c98,..\2_LP\LOW_Fr_MASTER_result\local_5RL\runs_flat_power_104_alsearch_G~_RST.APRQ_11_0692.6-fa4e5c94c6-0kkmbscl_c0609e1b,final,1.6379,1.4823,29,1,,699.46,deck
4f7d320d5ebba83e,..\2_LP\LOW_Fr_MASTER_result\local_5RL\runs_flat_power_104_alsearch_G~S_RST.APRQ_11_0692.6-5fa33cf934-i6xepuk_f6cf9f04,final,1.7214,1.502,29,1,,694.013,deck
6313730c1041b1f7,..\2_LP\LOW_Fr_MASTER_result\local_5RL\runs_fpcamp_minfr_T6T4_master_~_RST.APRQ_10_0615.1-0438d60202-19uxupy1_8ae8f880,final,1.6728,1.5201,25,1,,616.793,deck
,..\2_LP\LOW_Fr_MASTER_result\local_5RL\runs_fpcamp_minfr_T6T4_master_~_RST.APRQ_10_0615.1-047e0f863f-vkbl3naq_ac369895,no_mas_sum,,,0,0,,,
,..\2_LP\LOW_Fr_MASTER_result\local_5RL\runs_fpcamp_minfr_T6T4_master_~_RST.APRQ_10_0615.1-04c4eec639-mp6gn003_79491f86,no_mas_sum,,,0,0,,,
3ca7002fffd575fa,..\2_LP\LOW_Fr_MASTER_result\local_5RL\runs_fpcamp_minfr_T6T4_master_~_RST.APRQ_10_0615.1-0c0779f84d-dmamfju1_496d3319,superseded,,,0,0,,,deck
fac7971168f79426,..\2_LP\LOW_Fr_MASTER_result\local_5RL\runs_fpcamp_minfr_T6T4_master_~_RST.APRQ_10_0615.1-0dfd3fee43-9ph3v5so_87ac2058,final,1.6936,1.5368,25,1,,614.513,deck
e785df92a2a219b0,..\2_LP\LOW_Fr_MASTER_result\local_5RL\runs_fpcamp_minfr_T6T4_master_~_RST.APRQ_10_0615.1-0ec57920eb-q82mwksz_97c212c7,final,1.701,1.5028,25,1,,614.687,deck
34687323499ee3c2,..\2_LP\LOW_Fr_MASTER_result\local_5RL\runs_fpcamp_minfr_T6T4_master_~_RST.APRQ_10_0615.1-1251aad2ec-619dasxp_df108410,final,1.7141,1.5545,25,1,,617.022,deck
bd22ec9884591a7b,..\2_LP\LOW_Fr_MASTER_result\local_5RL\runs_fpcamp_minfr_T6T4_master_~_RST.APRQ_10_0615.1-12ec114447-d3tmb66o_c0d096d6,final,1.6932,1.5151,25,1,,614.922,deck
8151a9d01fb12901,..\2_LP\LOW_Fr_MASTER_result\local_5RL\runs_fpcamp_minfr_T6T4_master_~_RST.APRQ_10_0615.1-131571e6a5-cs_3lnlx_9c97a4a5,final,1.6913,1.5354,25,1,,616.639,deck
7d914ecde7e293b8,..\2_LP\LOW_Fr_MASTER_result\local_5RL\runs_fpcamp_minfr_T6T4_master_~_RST.APRQ_10_0615.1-13d536e08f-0d3y_op9_68031667,superseded,,,0,0,,,deck
51da8203964a0626,..\2_LP\LOW_Fr_MASTER_result\local_5RL\runs_fpcamp_minfr_T6T4_master_~_RST.APRQ_10_0615.1-283d5539b7-v91pr966_46d6f334,final,1.6939,1.5383,25,1,,614.285,deck
abe2ada043cca3ac,..\2_LP\LOW_Fr_MASTER_result\local_5RL\runs_fpcamp_minfr_T6T4_master_~_RST.APRQ_10_0615.1-2fa0176754-323rl_ew_3f799a50,superseded,,,0,0,,,deck
,..\2_LP\LOW_Fr_MASTER_result\local_5RL\runs_fpcamp_minfr_T6T4_master_~_RST.APRQ_10_0615.1-37c54bb535-i1at202j_97b40041,no_mas_sum,,,0,0,,,
cf0a7a0bdb938705,..\2_LP\LOW_Fr_MASTER_result\local_5RL\runs_fpcamp_minfr_T6T4_master_~_RST.APRQ_10_0615.1-393e8a1737-z29yntnj_9de50240,superseded,,,0,0,,,deck
06b30df2cf7f02c6,..\2_LP\LOW_Fr_MASTER_result\local_5RL\runs_fpcamp_minfr_T6T4_master_~_RST.APRQ_10_0615.1-3aa3aa2f34-31ebqx64_29379338,final,1.6888,1.533,25,1,,613.793,deck
8003a0f0dfc467ea,..\2_LP\LOW_Fr_MASTER_result\local_5RL\runs_fpcamp_minfr_T6T4_master_~_RST.APRQ_10_0615.1-3bc980c1dc-5t89js1m_80c38d6e,final,1.652,1.4672,25,1,,618.231,deck
c824eaa9c56be1d9,..\2_LP\LOW_Fr_MASTER_result\local_5RL\runs_fpcamp_minfr_T6T4_master_~_RST.APRQ_10_0615.1-3d5bb3cba2-2aa7p0_4_fdfaeeca,final,1.6836,1.5283,25,1,,615.617,deck
,..\2_LP\LOW_Fr_MASTER_result\local_5RL\runs_fpcamp_minfr_T6T4_master_~_RST.APRQ_10_0615.1-3f0f345698-pktj5lzr_0f80a295,no_mas_sum,,,0,0,,,
314a710f9b73a078,..\2_LP\LOW_Fr_MASTER_result\local_5RL\runs_fpcamp_minfr_T6T4_master_~_RST.APRQ_10_0615.1-4066b666c4-qb4f5hah_783411fc,final,4.5175,4.0542,25,0,above_ceiling,622.209,deck
,..\2_LP\LOW_Fr_MASTER_result\local_5RL\runs_fpcamp_minfr_T6T4_master_~_RST.APRQ_10_0615.1-40d314dad0-h_hwlb5c_bef6fd4c,no_mas_sum,,,0,0,,,
f72c1025edf4041d,..\2_LP\LOW_Fr_MASTER_result\local_5RL\runs_fpcamp_minfr_T6T4_master_~_RST.APRQ_10_0615.1-487e95f606-gnviugk5_94aaf3de,final,1.6524,1.5018,25,1,,614.785,deck
44d723340aa5e764,..\2_LP\LOW_Fr_MASTER_result\local_5RL\runs_fpcamp_minfr_T6T4_master_~_RST.APRQ_10_0615.1-4ad8679d33-jb1lemnc_8b335960,final,1.7038,1.549,25,1,,615.792,deck
10bc5426c453e850,..\2_LP\LOW_Fr_MASTER_result\local_5RL\runs_fpcamp_minfr_T6T4_master_~_RST.APRQ_10_0615.1-4ccb5df069-c4gijuwm_9fc6e0b2,final,1.7266,1.5469,25,1,,614.712,deck
,..\2_LP\LOW_Fr_MASTER_result\local_5RL\runs_fpcamp_minfr_T6T4_master_~_RST.APRQ_10_0615.1-58cb3a86c5-hev6o8oe_8653d756,no_mas_sum,,,0,0,,,
049671b62285d90a,..\2_LP\LOW_Fr_MASTER_result\local_5RL\runs_fpcamp_minfr_T6T4_master_~_RST.APRQ_10_0615.1-5e9d950855-5afzdiz8_898ee228,final,1.6696,1.5176,25,1,,617.538,deck
,..\2_LP\LOW_Fr_MASTER_result\local_5RL\runs_fpcamp_minfr_T6T4_master_~_RST.APRQ_10_0615.1-5eb29ab598-wvd2zp7e_184a0e9f,no_mas_sum,,,0,0,,,
b88f6dfcbd036e44,..\2_LP\LOW_Fr_MASTER_result\local_5RL\runs_fpcamp_minfr_T6T4_master_~_RST.APRQ_10_0615.1-63ef10e532-_6ivhbme_0fc1c080,final,1.6847,1.5347,25,1,,614.548,deck
f9be0a00a2e90fe6,..\2_LP\LOW_Fr_MASTER_result\local_5RL\runs_fpcamp_minfr_T6T4_master_~_RST.APRQ_10_0615.1-65f13ff2ac-lc0wicfk_51292a4f,final,1.6957,1.5385,25,1,,614.462,deck
,..\2_LP\LOW_Fr_MASTER_result\local_5RL\runs_fpcamp_minfr_T6T4_master_~_RST.APRQ_10_0615.1-68126c32dc-7ql10iuz_748556e0,no_mas_sum,,,0,0,,,
ead3182f16a1b6df,..\2_LP\LOW_Fr_MASTER_result\local_5RL\runs_fpcamp_minfr_T6T4_master_~_RST.APRQ_10_0615.1-6de722a4df-f4r3ho2a_7fb4a5d9,final,1.7162,1.5556,25,1,,616.996,deck
f4f353308aa623c1,..\2_LP\LOW_Fr_MASTER_result\local_5RL\runs_fpcamp_minfr_T6T4_master_~_RST.APRQ_10_0615.1-7119f5c648-ufv41eug_1510c902,final,1.7824,1.563,25,1,,617.873,deck
1aa5c389ed188a76,..\2_LP\LOW_Fr_MASTER_result\local_5RL\runs_fpcamp_minfr_T6T4_master_~_RST.APRQ_10_0615.1-72325c3751-jo_6_lu5_c0480e0e,final,1.682,1.5264,25,1,,613.882,deck
e4fc00e3f3c4ca95,..\2_LP\LOW_Fr_MASTER_result\local_5RL\runs_fpcamp_minfr_T6T4_master_~_RST.APRQ_10_0615.1-7341620469-zyp7g26g_6f15639a,final,1.6852,1.5318,25,1,,617.803,deck
73da8ceea738470d,..\2_LP\LOW_Fr_MASTER_result\local_5RL\runs_fpcamp_minfr_T6T4_master_~_RST.APRQ_10_0615.1-7c10b9a140-y3770mc8_d7df5daf,superseded,,,0,0,,,deck
fd9318b1e038f63d,..\2_LP\LOW_Fr_MASTER_result\local_5RL\runs_fpcamp_minfr_T6T4_master_~_RST.APRQ_10_0615.1-7f5043ed28-tq_zg6gq_b4e96118,superseded,,,0,0,,,deck
970634a9e00f236b,..\2_LP\LOW_Fr_MASTER_result\local_5RL\runs_fpcamp_minfr_T6T4_master_~_RST.APRQ_10_0615.1-88ca5c735e-jn8bs93l_08ce56d4,final,2.2972,2.0564,25,1,,628.727,deck
3f96773bbd39a9a6,..\2_LP\LOW_Fr_MASTER_result\local_5RL\runs_fpcamp_minfr_T6T4_master_~_RST.APRQ_10_0615.1-8d7bb42ba4-zvf1hpal_de79336a,final,1.6522,1.5101,25,1,,618.187,deck
,..\2_LP\LOW_Fr_MASTER_result\local_5RL\runs_fpcamp_minfr_T6T4_master_~_RST.APRQ_10_0615.1-8dfdaf8d04-zuo_jip8_e2ba3ec4,no_mas_sum,,,0,0,,,
c544477c7d30bca9,..\2_LP\LOW_Fr_MASTER_result\local_5RL\runs_fpcamp_minfr_T6T4_master_~_RST.APRQ_10_0615.1-9525930ded-cfqzteqw_543d1719,final,1.7168,1.5556,25,1,,616.95,deck
36a0a228f1e6787d,..\2_LP\LOW_Fr_MASTER_result\local_5RL\runs_fpcamp_minfr_T6T4_master_~_RST.APRQ_10_0615.1-98eda52980-1rj5pv4s_b4eefcba,final,1.6949,1.522,25,1,,617.072,deck
fe22bc3e4adaefae,..\2_LP\LOW_Fr_MASTER_result\local_5RL\runs_fpcamp_minfr_T6T4_master_~_RST.APRQ_10_0615.1-9b911b8ab6-ko2dou17_9c3a3075,final,1.6878,1.5313,25,1,,613.496,deck
0cdf9b483384dd92,..\2_LP\LOW_Fr_MASTER_result\local_5RL\runs_fpcamp_minfr_T6T4_master_~_RST.APRQ_10_0615.1-a5aa4a7ec6-cev8l9az_e9b1a093,superseded,,,0,0,,,deck
625420973ced8ba0,..\2_LP\LOW_Fr_MASTER_result\local_5RL\runs_fpcamp_minfr_T6T4_master_~_RST.APRQ_10_0615.1-a91ed2626c-3ycimi52_a5219e0c,final,1.6858,1.5303,25,1,,613.856,deck
947db8ca2f94d364,..\2_LP\LOW_Fr_MASTER_result\local_5RL\runs_fpcamp_minfr_T6T4_master_~_RST.APRQ_10_0615.1-a9c90d8d68-1v29wpcl_c391c2fa,final,1.7021,1.5075,25,1,,616.833,deck
1ae6cc5041c56d93,..\2_LP\LOW_Fr_MASTER_result\local_5RL\runs_fpcamp_minfr_T6T4_master_~_RST.APRQ_10_0615.1-aab3483fe8-9cg19m9d_e2f11992,superseded,,,0,0,,,deck
f99af3be21737c41,..\2_LP\LOW_Fr_MASTER_result\local_5RL\runs_fpcamp_minfr_T6T4_master_~_RST.APRQ_10_0615.1-abb010893f-57961t80_94e48ee9,final,1.7556,1.5483,25,1,,617.792,deck
7ee8d10c9c8b40ec,..\2_LP\LOW_Fr_MASTER_result\local_5RL\runs_fpcamp_minfr_T6T4_master_~_RST.APRQ_10_0615.1-abe677d777-cmekba90_537105c4,final,1.6909,1.5348,25,1,,614.508,deck
529d2cd257c892e7,..\2_LP\LOW_Fr_MASTER_result\local_5RL\runs_fpcamp_minfr_T6T4_master_~_RST.APRQ_10_0615.1-ac481d65be-oyq54rdf_527678a2,final,1.6795,1.5318,25,1,,619.802,deck
1ef5a58d44cad529,..\2_LP\LOW_Fr_MASTER_result\local_5RL\runs_fpcamp_minfr_T6T4_master_~_RST.APRQ_10_0615.1-ad2097d0cc-x7907dil_ca154bf8,final,1.688,1.532,25,1,,613.831,deck
312105018f879683,..\2_LP\LOW_Fr_MASTER_result\local_5RL\runs_fpcamp_minfr_T6T4_master_~_RST.APRQ_10_0615.1-ad80812a31-gqykksgp_429c4cb5,final,1.6867,1.5305,25,1,,613.894,deck
442691acfb1fd14f,..\2_LP\LOW_Fr_MASTER_result\local_5RL\runs_fpcamp_minfr_T6T4_master_~_RST.APRQ_10_0615.1-adb3eb393d-786juqpz_b5b66363,final,1.6993,1.5228,25,1,,617.275,deck
97ddbfec8dfa6386,..\2_LP\LOW_Fr_MASTER_result\local_5RL\runs_fpcamp_minfr_T6T4_master_~_RST.APRQ_10_0615.1-add6ca3b57-0k_4fggg_0210f167,superseded,,,0,0,,,deck
6498ae7d13ba2f0f,..\2_LP\LOW_Fr_MASTER_result\local_5RL\runs_fpcamp_minfr_T6T4_master_~_RST.APRQ_10_0615.1-bf7a1ce719-_8wt9opr_cb03750b,final,1.6873,1.5312,25,1,,613.899,deck
551af1f2fcf3dd47,..\2_LP\LOW_Fr_MASTER_result\local_5RL\runs_fpcamp_minfr_T6T4_master_~_RST.APRQ_10_0615.1-c19693d0c0-9k2de0v8_996882f2,final,1.6502,1.4945,25,1,,614.348,deck
,..\2_LP\LOW_Fr_MASTER_result\local_5RL\runs_fpcamp_minfr_T6T4_master_~_RST.APRQ_10_0615.1-cc25b6d806-urhvpbok_24f62ec0,no_mas_sum,,,0,0,,,
,..\2_LP\LOW_Fr_MASTER_result\local_5RL\runs_fpcamp_minfr_T6T4_master_~_RST.APRQ_10_0615.1-d476729b13-3w_kvw_n_24cb234a,no_mas_sum,,,0,0,,,
f85ae338dfef464c,..\2_LP\LOW_Fr_MASTER_result\local_5RL\runs_fpcamp_minfr_T6T4_master_~_RST.APRQ_10_0615.1-d8121a2a7e-psxqy4aw_1c187912,final,1.7012,1.544,25,1,,614.901,deck
81fb21fb4de85f3a,..\2_LP\LOW_Fr_MASTER_result\local_5RL\runs_fpcamp_minfr_T6T4_master_~_RST.APRQ_10_0615.1-db42226e69-44xp_jyh_306536f1,superseded,,,0,0,,,deck
4f3ec3265107833d,..\2_LP\LOW_Fr_MASTER_result\local_5RL\runs_fpcamp_minfr_T6T4_master_~_RST.APRQ_10_0615.1-df3a632cf9-0incp0ap_31664a88,final,1.743,1.5305,25,1,,614.675,deck
,..\2_LP\LOW_Fr_MASTER_result\local_5RL\runs_fpcamp_minfr_T6T4_master_~_RST.APRQ_10_0615.1-e2dbe558a0-ljsb2a74_17b53026,no_mas_sum,,,0,0,,,
6b1e61fb3df1c916,..\2_LP\LOW_Fr_MASTER_result\local_5RL\runs_fpcamp_minfr_T6T4_master_~_RST.APRQ_10_0615.1-e448852dab-uswrn61z_0db1d13f,final,1.735,1.5548,25,1,,617.829,deck
1c6707702dc454eb,..\2_LP\LOW_Fr_MASTER_result\local_5RL\runs_fpcamp_minfr_T6T4_master_~_RST.APRQ_10_0615.1-e98130cbd0-1ycfs0x6_186a1286,final,1.6773,1.5233,25,1,,616.508,deck
,..\2_LP\LOW_Fr_MASTER_result\local_5RL\runs_fpcamp_minfr_T6T4_master_~_RST.APRQ_10_0615.1-efec8e4af3-9yvxh8cv_a8f0f1f0,no_mas_sum,,,0,0,,,
9ac05d9c09ade80d,..\2_LP\LOW_Fr_MASTER_result\local_5RL\runs_fpcamp_minfr_T6T4_master_~_RST.APRQ_10_0615.1-f26937e1fb-t6wyzovz_0cf213f6,final,1.6855,1.5224,25,1,,615.724,deck
ad5c7de8614d4694,..\2_LP\LOW_Fr_MASTER_result\local_5RL\runs_fpcamp_minfr_T6T4_master_~_RST.APRQ_10_0615.1-f281087111-sg1fk_gr_57455ec3,final,1.6857,1.5287,25,1,,613.903,deck
df4db56f3aebf1f8,..\2_LP\LOW_Fr_MASTER_result\local_5RL\runs_fpcamp_minfr_T6T4_master_~_RST.APRQ_10_0615.1-fbec5a7ef1-ul051f0y_6a4998f1,superseded,,,0,0,,,deck
,..\2_LP\LOW_Fr_MASTER_result\local_5RL\runs_fpcamp_minfr_T6T4_master_~S_RST.APRQ_10_0615.1-e753806f44-yadwhak_cc586c5b,no_mas_sum,,,0,0,,,
bf238a8dbc1ff5da,..\2_LP\LOW_Fr_MASTER_result\local_5RL\runs_fpcamp_minfr_T6T4_r1_mast~_RST.APRQ_10_0615.1-06f3cff81b-v2exn1vw_e764d5d2,final,1.6666,1.515,25,1,,617.348,deck
e43d2ac7642bcf50,..\2_LP\LOW_Fr_MASTER_result\local_5RL\runs_fpcamp_minfr_T6T4_r1_mast~_RST.APRQ_10_0615.1-079d256700-kdop16ii_e0830d37,final,1.8124,1.6023,25,1,,621.187,deck
83dafc9d8778e2f9,..\2_LP\LOW_Fr_MASTER_result\local_5RL\runs_fpcamp_minfr_T6T4_r1_mast~_RST.APRQ_10_0615.1-0ac69a35d8-pn5zog6c_b623df88,final,1.8061,1.5978,25,1,,622.233,deck
e2924a8a22a7c0eb,..\2_LP\LOW_Fr_MASTER_result\local_5RL\runs_fpcamp_minfr_T6T4_r1_mast~_RST.APRQ_10_0615.1-0df5661eef-nxsgatii_f20f4f86,final,1.7529,1.6338,25,1,,622.568,deck
,..\2_LP\LOW_Fr_MASTER_result\local_5RL\runs_fpcamp_minfr_T6T4_r1_mast~_RST.APRQ_10_0615.1-13c20e4380-uvhnk7pd_f1c98551,no_mas_sum,,,0,0,,,
47df1957922200a2,..\2_LP\LOW_Fr_MASTER_result\local_5RL\runs_fpcamp_minfr_T6T4_r1_mast~_RST.APRQ_10_0615.1-18f68cbb2e-qp4ljojp_3bfb4eca,final,1.7387,1.5467,25,1,,623.35,deck
7a5a7e73a47ccf47,..\2_LP\LOW_Fr_MASTER_result\local_5RL\runs_fpcamp_minfr_T6T4_r1_mast~_RST.APRQ_10_0615.1-19669fc1ad-g0sn_64z_34976e34,final,1.782,1.5874,25,1,,618.589,deck
04a6bf7a7785a20b,..\2_LP\LOW_Fr_MASTER_result\local_5RL\runs_fpcamp_minfr_T6T4_r1_mast~_RST.APRQ_10_0615.1-1c790399b8-t08eb1d1_465c818f,final,1.8051,1.5724,25,1,,617.698,deck
057e9686ca8af6fa,..\2_LP\LOW_Fr_MASTER_result\local_5RL\runs_fpcamp_minfr_T6T4_r1_mast~_RST.APRQ_10_0615.1-1d5b84aca0-6m98rnu7_a006b3ba,final,1.7724,1.5713,25,1,,623.546,deck
f587bae2959edb65,..\2_LP\LOW_Fr_MASTER_result\local_5RL\runs_fpcamp_minfr_T6T4_r1_mast~_RST.APRQ_10_0615.1-1d5ccd9550-jgzaojdu_d6963b5a,final,1.7824,1.5912,25,1,,620.514,deck
4636ef864fca4205,..\2_LP\LOW_Fr_MASTER_result\local_5RL\runs_fpcamp_minfr_T6T4_r1_mast~_RST.APRQ_10_0615.1-20163a1aa6-_ifbzrbh_8355113d,final,1.7581,1.5563,25,1,,617.874,deck
f0608459579bd857,..\2_LP\LOW_Fr_MASTER_result\local_5RL\runs_fpcamp_minfr_T6T4_r1_mast~_RST.APRQ_10_0615.1-28a1e65ca4-t_cqmjsr_3bad4ed6,final,1.7818,1.592,25,1,,621.229,deck
92e20ebe2227bc45,..\2_LP\LOW_Fr_MASTER_result\local_5RL\runs_fpcamp_minfr_T6T4_r1_mast~_RST.APRQ_10_0615.1-2d14591927-ijdeenvr_1c54304f,final,1.8707,1.657,25,1,,621.885,deck
43182a17a1735375,..\2_LP\LOW_Fr_MASTER_result\local_5RL\runs_fpcamp_minfr_T6T4_r1_mast~_RST.APRQ_10_0615.1-2d8dc45376-tr_we35b_999127f5,final,1.8716,1.6221,25,1,,621.283,deck
,..\2_LP\LOW_Fr_MASTER_result\local_5RL\runs_fpcamp_minfr_T6T4_r1_mast~_RST.APRQ_10_0615.1-2f0892a3a8-7mi1btc1_85cf4b96,no_mas_sum,,,0,0,,,
f9ee1507bc5c8c48,..\2_LP\LOW_Fr_MASTER_result\local_5RL\runs_fpcamp_minfr_T6T4_r1_mast~_RST.APRQ_10_0615.1-2fc21791b8-h65hmqwc_b390b147,final,1.6589,1.5074,25,1,,616.921,deck
3e158378f1e78ae3,..\2_LP\LOW_Fr_MASTER_result\local_5RL\runs_fpcamp_minfr_T6T4_r1_mast~_RST.APRQ_10_0615.1-35fceeca8a-s5bsploj_a18f3c0c,final,1.7235,1.5638,25,1,,623.244,deck
fc87e2188c8a1532,..\2_LP\LOW_Fr_MASTER_result\local_5RL\runs_fpcamp_minfr_T6T4_r1_mast~_RST.APRQ_10_0615.1-36a1e136f2-x_92e1yz_51314668,final,1.6574,1.4638,25,1,,623.211,deck
aae71e3e21b31444,..\2_LP\LOW_Fr_MASTER_result\local_5RL\runs_fpcamp_minfr_T6T4_r1_mast~_RST.APRQ_10_0615.1-3a542293de-gg0az8et_5d7aaa59,final,1.7173,1.5468,25,1,,619.883,deck
,..\2_LP\LOW_Fr_MASTER_result\local_5RL\runs_fpcamp_minfr_T6T4_r1_mast~_RST.APRQ_10_0615.1-3a5872dfd9-q0zg_yvk_82c74fef,no_mas_sum,,,0,0,,,
c71ec3b292766002,..\2_LP\LOW_Fr_MASTER_result\local_5RL\runs_fpcamp_minfr_T6T4_r1_mast~_RST.APRQ_10_0615.1-3b46ba1708-qk0bldck_82f11246,final,1.7807,1.5701,25,1,,619.221,deck
af7f2218067e3daa,..\2_LP\LOW_Fr_MASTER_result\local_5RL\runs_fpcamp_minfr_T6T4_r1_mast~_RST.APRQ_10_0615.1-42b041a929-vtefjrcl_f596731f,final,1.8032,1.5502,25,1,,617.212,deck
a2e43ac5aa03371c,..\2_LP\LOW_Fr_MASTER_result\local_5RL\runs_fpcamp_minfr_T6T4_r1_mast~_RST.APRQ_10_0615.1-481e688160-16mapjyh_8da01950,final,1.8084,1.5944,25,1,,623.124,deck
,..\2_LP\LOW_Fr_MASTER_result\local_5RL\runs_fpcamp_minfr_T6T4_r1_mast~_RST.APRQ_10_0615.1-4ce7331609-aqcc01y0_2f1d79fa,no_mas_sum,,,0,0,,,
ee5e27356f05832d,..\2_LP\LOW_Fr_MASTER_result\local_5RL\runs_fpcamp_minfr_T6T4_r1_mast~_RST.APRQ_10_0615.1-52d18f31d2-09nm970s_89d265a2,final,1.8581,1.6457,25,1,,622.221,deck
df51258527706dde,..\2_LP\LOW_Fr_MASTER_result\local_5RL\runs_fpcamp_minfr_T6T4_r1_mast~_RST.APRQ_10_0615.1-52fd34560f-hm61zh4z_bd5f80c9,final,1.794,1.5608,25,1,,617.161,deck
c2d4ec4a74b9e22f,..\2_LP\LOW_Fr_MASTER_result\local_5RL\runs_fpcamp_minfr_T6T4_r1_mast~_RST.APRQ_10_0615.1-5400c7ecc8-pgn4c59g_f131a694,final,1.663,1.5119,25,1,,618.572,deck
fb9d1e8222949535,..\2_LP\LOW_Fr_MASTER_result\local_5RL\runs_fpcamp_minfr_T6T4_r1_mast~_RST.APRQ_10_0615.1-5807ebf137-fl_ja4em_aa72f4bf,final,1.7207,1.6032,25,1,,621.424,deck
01c85c31593c1ec2,..\2_LP\LOW_Fr_MASTER_result\local_5RL\runs_fpcamp_minfr_T6T4_r1_mast~_RST.APRQ_10_0615.1-5cfb4b6ddd-wy06k9w8_303e5b8c,final,1.799,1.5976,25,1,,620.907,deck
fd8ae7de8ac17857,..\2_LP\LOW_Fr_MASTER_result\local_5RL\runs_fpcamp_minfr_T6T4_r1_mast~_RST.APRQ_10_0615.1-61300e7173-bhopbf70_11c1b66a,final,1.6991,1.5285,25,1,,617.814,deck
e17520e7e1fd1375,..\2_LP\LOW_Fr_MASTER_result\local_5RL\runs_fpcamp_minfr_T6T4_r1_mast~_RST.APRQ_10_0615.1-614f333e7f-0ke2m3my_2301a54f,final,1.7397,1.5426,25,1,,620.011,deck
5beabb041d3aa625,..\2_LP\LOW_Fr_MASTER_result\local_5RL\runs_fpcamp_minfr_T6T4_r1_mast~_RST.APRQ_10_0615.1-65aec31bd2-r_a2zile_a6c23458,final,1.8385,1.6285,25,1,,622.209,deck
72def5458a108364,..\2_LP\LOW_Fr_MASTER_result\local_5RL\runs_fpcamp_minfr_T6T4_r1_mast~_RST.APRQ_10_0615.1-69ebc25f37-fl0w_hqg_7754bf84,final,1.7875,1.5845,25,1,,623.044,deck
ecc5ef4b309087a4,..\2_LP\LOW_Fr_MASTER_result\local_5RL\runs_fpcamp_minfr_T6T4_r1_mast~_RST.APRQ_10_0615.1-6ac3c7c150-9_6nurlc_76385318,final,1.7515,1.5679,25,1,,619.888,deck
fe5b1a540a81a852,..\2_LP\LOW_Fr_MASTER_result\local_5RL\runs_fpcamp_minfr_T6T4_r1_mast~_RST.APRQ_10_0615.1-6c8d2a941d-h9sz1caa_e43a092a,final,1.9184,1.7202,25,1,,624.27,deck
,..\2_LP\LOW_Fr_MASTER_result\local_5RL\runs_fpcamp_minfr_T6T4_r1_mast~_RST.APRQ_10_0615.1-6e3e83beba-a5mfqgan_18ecb262,no_mas_sum,,,0,0,,,
4bd968bd18dc0ca4,..\2_LP\LOW_Fr_MASTER_result\local_5RL\runs_fpcamp_minfr_T6T4_r1_mast~_RST.APRQ_10_0615.1-746b26985b-w6u0t4zg_4f3f492e,final,1.7711,1.5458,25,1,,618.426,deck
,..\2_LP\LOW_Fr_MASTER_result\local_5RL\runs_fpcamp_minfr_T6T4_r1_mast~_RST.APRQ_10_0615.1-7713abb1cf-te8a_kkl_c9f911db,no_mas_sum,,,0,0,,,
fd8df322ca16095d,..\2_LP\LOW_Fr_MASTER_result\local_5RL\runs_fpcamp_minfr_T6T4_r1_mast~_RST.APRQ_10_0615.1-775d9bb424-9k6e_unn_5eb1c89e,final,1.6692,1.5155,25,1,,616.891,deck
ca97474b3f1c0e52,..\2_LP\LOW_Fr_MASTER_result\local_5RL\runs_fpcamp_minfr_T6T4_r1_mast~_RST.APRQ_10_0615.1-7bcb07b7ce-ztp66i5f_5383ff4a,final,1.9034,1.6461,25,1,,622.298,deck
,..\2_LP\LOW_Fr_MASTER_result\local_5RL\runs_fpcamp_minfr_T6T4_r1_mast~_RST.APRQ_10_0615.1-7c8b9f0919-v7lmlo9l_199eec6c,no_mas_sum,,,0,0,,,
26e57ee3048fc878,..\2_LP\LOW_Fr_MASTER_result\local_5RL\runs_fpcamp_minfr_T6T4_r1_mast~_RST.APRQ_10_0615.1-80baa96ac2-a406cuk8_1cdc5ac3,final,1.9185,1.731,25,1,,614.922,deck
a41d197981d74595,..\2_LP\LOW_Fr_MASTER_result\local_5RL\runs_fpcamp_minfr_T6T4_r1_mast~_RST.APRQ_10_0615.1-82d1790116-wlrrb13l_386376fa,final,1.6798,1.5269,25,1,,617.152,deck
148eda36d17e37cb,..\2_LP\LOW_Fr_MASTER_result\local_5RL\runs_fpcamp_minfr_T6T4_r1_mast~_RST.APRQ_10_0615.1-8343f2651a-ihrkgu_9_700d4bd9,final,1.7661,1.5532,25,1,,617.735,deck
e58af875ad3c94ab,..\2_LP\LOW_Fr_MASTER_result\local_5RL\runs_fpcamp_minfr_T6T4_r1_mast~_RST.APRQ_10_0615.1-83ee742cbd-ke0otle3_8c0f2779,final,1.7564,1.537,25,1,,618.705,deck
71dba0bfce2d65f0,..\2_LP\LOW_Fr_MASTER_result\local_5RL\runs_fpcamp_minfr_T6T4_r1_mast~_RST.APRQ_10_0615.1-844ff4e4c5-orj8qkzm_bc1957ec,final,1.8227,1.6165,25,1,,619.386,deck
,..\2_LP\LOW_Fr_MASTER_result\local_5RL\runs_fpcamp_minfr_T6T4_r1_mast~_RST.APRQ_10_0615.1-84b9603cf3-fpfvhpmg_bbc6b505,no_mas_sum,,,0,0,,,
b10b383dd725e26e,..\2_LP\LOW_Fr_MASTER_result\local_5RL\runs_fpcamp_minfr_T6T4_r1_mast~_RST.APRQ_10_0615.1-899be35ab7-fsak2245_fc7dbf23,final,1.7859,1.6055,25,1,,619.315,deck
ab550f70c5847b59,..\2_LP\LOW_Fr_MASTER_result\local_5RL\runs_fpcamp_minfr_T6T4_r1_mast~_RST.APRQ_10_0615.1-9346617a59-96i1f14t_f2cfe597,final,1.8546,1.6309,25,1,,622.97,deck
7eb1bb49da899bf5,..\2_LP\LOW_Fr_MASTER_result\local_5RL\runs_fpcamp_minfr_T6T4_r1_mast~_RST.APRQ_10_0615.1-95c279dfc2-ctlvzjem_d5333931,final,1.8548,1.6438,25,1,,621.789,deck
e69a8753e074a6b6,..\2_LP\LOW_Fr_MASTER_result\local_5RL\runs_fpcamp_minfr_T6T4_r1_mast~_RST.APRQ_10_0615.1-96afd40f74-s2anuzpe_38c27e33,final,1.8066,1.5759,25,1,,617.999,deck
9dd116a604343ec2,..\2_LP\LOW_Fr_MASTER_result\local_5RL\runs_fpcamp_minfr_T6T4_r1_mast~_RST.APRQ_10_0615.1-98226bbd58-34w9zxtl_a3b222fd,final,1.7887,1.6002,25,1,,620.327,deck
3d498f8a570a7ca7,..\2_LP\LOW_Fr_MASTER_result\local_5RL\runs_fpcamp_minfr_T6T4_r1_mast~_RST.APRQ_10_0615.1-98c5768a59-dbufrsil_50d4ff2e,final,1.6734,1.519,25,1,,617.395,deck
2d5da8a30113fce0,..\2_LP\LOW_Fr_MASTER_result\local_5RL\runs_fpcamp_minfr_T6T4_r1_mast~_RST.APRQ_10_0615.1-9a5fce89c9-3ytyj3g5_1b53691f,final,1.8133,1.6098,25,1,,620.764,deck
,..\2_LP\LOW_Fr_MASTER_result\local_5RL\runs_fpcamp_minfr_T6T4_r1_mast~_RST.APRQ_10_0615.1-9f5fa8166a-i_3n7g3e_e2e438fe,no_mas_sum,,,0,0,,,
8182beda2d711f03,..\2_LP\LOW_Fr_MASTER_result\local_5RL\runs_fpcamp_minfr_T6T4_r1_mast~_RST.APRQ_10_0615.1-9fa856fc8e-4bnfcorl_0ad83327,final,1.7877,1.5871,25,1,,620.935,deck
4eb0c4cad5180798,..\2_LP\LOW_Fr_MASTER_result\local_5RL\runs_fpcamp_minfr_T6T4_r1_mast~_RST.APRQ_10_0615.1-a1068adbd4-24eoldp1_ab0e3f7f,final,1.8691,1.6507,25,1,,623.13,deck
,..\2_LP\LOW_Fr_MASTER_result\local_5RL\runs_fpcamp_minfr_T6T4_r1_mast~_RST.APRQ_10_0615.1-a31368be72-oeif3qpq_78ecfaf7,no_mas_sum,,,0,0,,,
96504cf82228974b,..\2_LP\LOW_Fr_MASTER_result\local_5RL\runs_fpcamp_minfr_T6T4_r1_mast~_RST.APRQ_10_0615.1-a47ea61490-m7mt5f1e_98f85fe7,final,1.7939,1.5435,25,1,,617.494,deck
dbc7ff6d7fc20097,..\2_LP\LOW_Fr_MASTER_result\local_5RL\runs_fpcamp_minfr_T6T4_r1_mast~_RST.APRQ_10_0615.1-a540967836-olaounir_64003b2d,final,1.8571,1.6808,25,1,,617.889,deck
884529ff04c50079,..\2_LP\LOW_Fr_MASTER_result\local_5RL\runs_fpcamp_minfr_T6T4_r1_mast~_RST.APRQ_10_0615.1-a594e55a3c-g5v13q2b_9900c91f,final,1.8235,1.6029,25,1,,619.019,deck
66cc9742abcc2ace,..\2_LP\LOW_Fr_MASTER_result\local_5RL\runs_fpcamp_minfr_T6T4_r1_mast~_RST.APRQ_10_0615.1-a6e42afb7a-shwh7gy8_bddd87d2,final,1.7679,1.6296,25,1,,620.031,deck
58a460abcdf285e2,..\2_LP\LOW_Fr_MASTER_result\local_5RL\runs_fpcamp_minfr_T6T4_r1_mast~_RST.APRQ_10_0615.1-a9d816f617-dcgo1g1v_c10f49df,final,1.7561,1.6037,25,1,,620.585,deck
f125af85534e621e,..\2_LP\LOW_Fr_MASTER_result\local_5RL\runs_fpcamp_minfr_T6T4_r1_mast~_RST.APRQ_10_0615.1-aab490eaea-i6b6mdz6_bbfc968b,final,1.7645,1.5696,25,1,,622.706,deck
a9e6a86143e5a700,..\2_LP\LOW_Fr_MASTER_result\local_5RL\runs_fpcamp_minfr_T6T4_r1_mast~_RST.APRQ_10_0615.1-abc3defdf3-x8fbssdo_5a75e515,final,1.6728,1.5192,25,1,,614.89,deck
7f4c345389d9cef9,..\2_LP\LOW_Fr_MASTER_result\local_5RL\runs_fpcamp_minfr_T6T4_r1_mast~_RST.APRQ_10_0615.1-ae5fb8e209-ztric323_39f5e5fa,final,1.7991,1.585,25,1,,619.673,deck
985209baa57c1098,..\2_LP\LOW_Fr_MASTER_result\local_5RL\runs_fpcamp_minfr_T6T4_r1_mast~_RST.APRQ_10_0615.1-aee5e05699-qyr6xe4h_7ec59edd,final,1.6983,1.5307,25,1,,614.422,deck
c59727632e73458d,..\2_LP\LOW_Fr_MASTER_result\local_5RL\runs_fpcamp_minfr_T6T4_r1_mast~_RST.APRQ_10_0615.1-b042693a9b-4hd1q76z_4901a172,final,2.0147,1.8244,25,1,,616.444,deck
e48aa269afff2796,..\2_LP\LOW_Fr_MASTER_result\local_5RL\runs_fpcamp_minfr_T6T4_r1_mast~_RST.APRQ_10_0615.1-b28e81af6c-ht6akvk2_e9b7e016,final,1.7949,1.5888,25,1,,619.282,deck
a24f6cd9bb3b322f,..\2_LP\LOW_Fr_MASTER_result\local_5RL\runs_fpcamp_minfr_T6T4_r1_mast~_RST.APRQ_10_0615.1-b2ab503121-l6jih9gj_69b41974,final,1.865,1.6679,25,1,,618.625,deck
241140f9497570b7,..\2_LP\LOW_Fr_MASTER_result\local_5RL\runs_fpcamp_minfr_T6T4_r1_mast~_RST.APRQ_10_0615.1-b5e7504195-dgvaicfq_84a9f7c2,final,1.6791,1.5264,25,1,,618.344,deck
a1793a50bff55de2,..\2_LP\LOW_Fr_MASTER_result\local_5RL\runs_fpcamp_minfr_T6T4_r1_mast~_RST.APRQ_10_0615.1-bb11a2bc1f-9el1as6q_55dcfecb,superseded,,,0,0,,,deck
71940b303a3afd0a,..\2_LP\LOW_Fr_MASTER_result\local_5RL\runs_fpcamp_minfr_T6T4_r1_mast~_RST.APRQ_10_0615.1-bb18c22c18-k81wujjj_0fc28622,superseded,,,0,0,,,deck
2b5775b91c2588c0,..\2_LP\LOW_Fr_MASTER_result\local_5RL\runs_fpcamp_minfr_T6T4_r1_mast~_RST.APRQ_10_0615.1-bce039c45b-e1r5bc7b_179d5329,final,1.81,1.6151,25,1,,622.233,deck
68470038ae5988f3,..\2_LP\LOW_Fr_MASTER_result\local_5RL\runs_fpcamp_minfr_T6T4_r1_mast~_RST.APRQ_10_0615.1-bde344562e-_w8jt6vg_9ecb401a,final,1.7616,1.5966,25,1,,619.563,deck
52d9fc2465445c88,..\2_LP\LOW_Fr_MASTER_result\local_5RL\runs_fpcamp_minfr_T6T4_r1_mast~_RST.APRQ_10_0615.1-c029f7dd77-nnikmhgu_4bfe2d41,final,1.8505,1.6396,25,1,,622.292,deck
8fd24fab175dd7d6,..\2_LP\LOW_Fr_MASTER_result\local_5RL\runs_fpcamp_minfr_T6T4_r1_mast~_RST.APRQ_10_0615.1-c0bd4c28e3-z9ftdc2m_aa932502,final,2.1125,1.9149,25,1,,622.594,deck
7aa71cfffc53f3f9,..\2_LP\LOW_Fr_MASTER_result\local_5RL\runs_fpcamp_minfr_T6T4_r1_mast~_RST.APRQ_10_0615.1-c1dbb2f7aa-1dslfr30_76f9f87b,final,1.738,1.547,25,1,,620.858,deck
803e291252a4874e,..\2_LP\LOW_Fr_MASTER_result\local_5RL\runs_fpcamp_minfr_T6T4_r1_mast~_RST.APRQ_10_0615.1-c708b5230a-4y1xcqm2_4099cccd,superseded,,,0,0,,,deck
fd86e729491bba16,..\2_LP\LOW_Fr_MASTER_result\local_5RL\runs_fpcamp_minfr_T6T4_r1_mast~_RST.APRQ_10_0615.1-c76b549f13-24cp_zep_369649b5,final,1.7876,1.5801,25,1,,621.826,deck
25769ec8d4de41f6,..\2_LP\LOW_Fr_MASTER_result\local_5RL\runs_fpcamp_minfr_T6T4_r1_mast~_RST.APRQ_10_0615.1-c81781cf78-tcywc_co_81a2354d,final,1.7526,1.5893,25,1,,622.612,deck
e742d3384d37854f,..\2_LP\LOW_Fr_MASTER_result\local_5RL\runs_fpcamp_minfr_T6T4_r1_mast~_RST.APRQ_10_0615.1-c86eef51ef-0euw5kk5_e03f1ecf,final,1.7242,1.6069,25,1,,623.546,deck
b157af1b7a0c58c7,..\2_LP\LOW_Fr_MASTER_result\local_5RL\runs_fpcamp_minfr_T6T4_r1_mast~_RST.APRQ_10_0615.1-c9fe3e2121-iypekph1_e017e1e4,final,1.8201,1.6089,25,1,,622.224,deck
576f224baf3a2775,..\2_LP\LOW_Fr_MASTER_result\local_5RL\runs_fpcamp_minfr_T6T4_r1_mast~_RST.APRQ_10_0615.1-cd514c235a-xg50d616_dad6e52f,final,1.807,1.5966,25,1,,620.953,deck
647115c3e765c55d,..\2_LP\LOW_Fr_MASTER_result\local_5RL\runs_fpcamp_minfr_T6T4_r1_mast~_RST.APRQ_10_0615.1-d442f62de3-ixfkbsfq_21073e2d,final,1.7961,1.5976,25,1,,621.088,deck
dcdf607f34ef26ce,..\2_LP\LOW_Fr_MASTER_result\local_5RL\runs_fpcamp_minfr_T6T4_r1_mast~_RST.APRQ_10_0615.1-d51d5322ad-ucyr6tyr_3764e5c1,final,1.8306,1.6173,25,1,,620.948,deck
,..\2_LP\LOW_Fr_MASTER_result\local_5RL\runs_fpcamp_minfr_T6T4_r1_mast~_RST.APRQ_10_0615.1-da0dc08fcb-rpwwgg1r_4819c089,no_mas_sum,,,0,0,,,
a7aa2fbfca3eb01a,..\2_LP\LOW_Fr_MASTER_result\local_5RL\runs_fpcamp_minfr_T6T4_r1_mast~_RST.APRQ_10_0615.1-dda9f47053-4kjelgwu_6fd0524e,final,2.3358,2.1027,25,1,,618.1,deck
,..\2_LP\LOW_Fr_MASTER_result\local_5RL\runs_fpcamp_minfr_T6T4_r1_mast~_RST.APRQ_10_0615.1-ddf40ace3f-0bvn0t65_28455623,no_mas_sum,,,0,0,,,
,..\2_LP\LOW_Fr_MASTER_result\local_5RL\runs_fpcamp_minfr_T6T4_r1_mast~_RST.APRQ_10_0615.1-e192da9fe7-0qeumdo3_0d64bd69,no_mas_sum,,,0,0,,,
defb17c4c734d991,..\2_LP\LOW_Fr_MASTER_result\local_5RL\runs_fpcamp_minfr_T6T4_r1_mast~_RST.APRQ_10_0615.1-e542feddc3-vtyfu6ih_27bb0528,final,1.6761,1.5159,25,1,,623.26,deck
b8565db7c830bb63,..\2_LP\LOW_Fr_MASTER_result\local_5RL\runs_fpcamp_minfr_T6T4_r1_mast~_RST.APRQ_10_0615.1-e9ed2b9400-ol5wchs9_d8305ddf,final,1.9185,1.6787,25,1,,617.615,deck
,..\2_LP\LOW_Fr_MASTER_result\local_5RL\runs_fpcamp_minfr_T6T4_r1_mast~_RST.APRQ_10_0615.1-eb866a88c5-tiecsalh_845eca06,no_mas_sum,,,0,0,,,
ef8a2e6024fd1451,..\2_LP\LOW_Fr_MASTER_result\local_5RL\runs_fpcamp_minfr_T6T4_r1_mast~_RST.APRQ_10_0615.1-ec66fd38dd-8wm0x3gm_f9204813,final,1.8093,1.6088,25,1,,620.214,deck
315bea124403e094,..\2_LP\LOW_Fr_MASTER_result\local_5RL\runs_fpcamp_minfr_T6T4_r1_mast~_RST.APRQ_10_0615.1-f1af24f544-1fdvunp8_d343374a,final,1.8098,1.623,25,1,,621.742,deck
d79df433e845f899,..\2_LP\LOW_Fr_MASTER_result\local_5RL\runs_fpcamp_minfr_T6T4_r1_mast~_RST.APRQ_10_0615.1-f2bde15013-0hqe9wtf_e8b77ded,final,1.828,1.6189,25,1,,622.138,deck
b1053b9a63ac4d64,..\2_LP\LOW_Fr_MASTER_result\local_5RL\runs_fpcamp_minfr_T6T4_r1_mast~_RST.APRQ_10_0615.1-f9988886d7-vcpp06tq_289ea5c5,final,1.6776,1.5233,25,1,,616.776,deck
fda96cd91fa5b920,..\2_LP\LOW_Fr_MASTER_result\local_5RL\runs_fpcamp_minfr_T6T4_r1_mast~_RST.APRQ_10_0615.1-fb4f2f34e9-_wf69nvt_dc3626f2,final,1.6815,1.5162,25,1,,619.731,deck
75ec8b490b906c44,..\2_LP\LOW_Fr_MASTER_result\local_5RL\runs_fpcamp_minfr_T6T4_r1_mast~_RST.APRQ_10_0615.1-fd33577186-idz9m0pk_eff96780,final,1.7969,1.5698,25,1,,616.967,deck
2ff63e513000929e,..\2_LP\LOW_Fr_MASTER_result\local_5RL\runs_fpcamp_minfr_T6T4_r1_mast~S_RST.APRQ_10_0615.1-0bbf34b12c-f3iey46_d3eddcb2,final,1.8247,1.6253,25,1,,619.098,deck
0401c6b60e2c2e4b,..\2_LP\LOW_Fr_MASTER_result\local_5RL\runs_fpcamp_minfr_T6T4_r1_mast~S_RST.APRQ_10_0615.1-0dcad1c80c-y_9ph5x_aecdc510,final,1.8159,1.5829,25,1,,621.187,deck
2d7b3c23ec74dba9,..\2_LP\LOW_Fr_MASTER_result\local_5RL\runs_fpcamp_minfr_T6T4_r1_mast~S_RST.APRQ_10_0615.1-51d80174b2-yt3r3zx_7cb47681,final,1.8177,1.6134,25,1,,622.87,deck
d10254092ab05c51,..\2_LP\LOW_Fr_MASTER_result\local_5RL\runs_fpcamp_minfr_T6T4_r1_mast~S_RST.APRQ_10_0615.1-cd90b29227-tizsx1p_bd69493c,final,1.7724,1.5694,25,1,,621.304,deck
8dc764bed716c991,..\2_LP\LOW_Fr_MASTER_result\local_5RL\runs_fr_arms_b01_master_work_w~_RST.APRQ_11_0767.1-0dcaff631f-7nkd0mno_ab078ed8,final,1.9167,1.6514,30,1,,779.468,deck
a26ab2557141bbe9,..\2_LP\LOW_Fr_MASTER_result\local_5RL\runs_fr_arms_b01_master_work_w~_RST.APRQ_12_0777.1-3281fe2428-idxnmic2_563b3311,final,1.7909,1.4486,31,1,,792.89,deck
795d681706c7d240,..\2_LP\LOW_Fr_MASTER_result\local_5RL\runs_fr_arms_c_master_work_wor~_RST.APRQ_10_0635.8-9ec2ff8211-46z7tf_f_c2498c6e,final,1.6047,1.4733,27,1,,639.775,deck
a9d0c67c7ba21e16,..\2_LP\LOW_Fr_MASTER_result\local_5RL\runs_fr_arms_c_master_work_wor~_RST.APRQ_11_0630.4-348b1d3ee8-q8uc4m56_b02a65a1,final,2.0566,1.7532,26,1,,606.339,deck
b30adcbde5293d94,..\2_LP\LOW_Fr_MASTER_result\local_5RL\runs_fr_arms_c_master_work_wor~_RST.APRQ_11_0637.5-f1f6fffc9c-squ1pqpa_db23a847,final,1.7115,1.5341,27,1,,633.954,deck
aa00e1e89d0ad55d,..\2_LP\LOW_Fr_MASTER_result\local_5RL\runs_fr_arms_c_master_work_wor~_RST.APRQ_11_0652.3-b9b492436c-wpydm0vn_602b6f89,final,1.6816,1.4993,27,1,,648.936,deck
5f3d3a9ae8bd0141,..\2_LP\LOW_Fr_MASTER_result\local_5RL\runs_fr_arms_c_master_work_wor~_RST.APRQ_11_0665.0-6dd7a13511-oh5rofe1_d6c1de87,final,1.6583,1.4819,28,1,,661.577,deck
0213e82cbb0ab4a4,..\2_LP\LOW_Fr_MASTER_result\local_5RL\runs_fr_arms_c_master_work_wor~_RST.APRQ_11_0686.4-25dc36777b-xw_1tdfu_3af5ccd0,final,1.6384,1.4811,28,1,,683.19,deck
c77dc7c3292b046a,..\2_LP\LOW_Fr_MASTER_result\local_5RL\runs_fr_arms_d_master_work_wor~_RST.APRQ_11_0686.4-396cb49318-q3bnsd18_e47de7e1,final,1.6459,1.4691,28,1,,687.705,deck
294bd14dacabaa8e,..\2_LP\LOW_Fr_MASTER_result\local_5RL\runs_fr_arms_d_master_work_wor~_RST.APRQ_11_0686.4-b2eae944ef-w0mw7ke7_2a04b96a,final,1.8212,1.5672,28,1,,676.243,deck
b59ccd4e7f236471,..\2_LP\LOW_Fr_MASTER_result\local_5RL\runs_fr_arms_d_master_work_wor~_RST.APRQ_11_0688.2-8ffca76879-gq7isnnl_1c2360e5,final,1.6445,1.4693,28,1,,689.756,deck
019117fd8045b16b,..\2_LP\LOW_Fr_MASTER_result\local_5RL\runs_fr_arms_d_master_work_wor~_RST.APRQ_11_0688.2-e6da199a06-txrwma8l_3caa3023,final,1.7799,1.5649,28,1,,677.815,deck
cbff0d9f6210626c,..\2_LP\LOW_Fr_MASTER_result\local_5RL\runs_fr_arms_lat1600_master_wo~_RST.APRQ_11_0578.2-35221d3e17-g_2atjqk_219b6ebf,final,1.6187,1.491,24,1,,592.468,deck
b8e555277186fc16,..\2_LP\LOW_Fr_MASTER_result\local_5RL\runs_fr_arms_lat1600_master_wo~_RST.APRQ_11_0632.5-a4862fa0cb-7q2n0vp0_f7698715,final,1.6565,1.5134,26,1,,643.565,deck
726ca0719e10af5c,..\2_LP\LOW_Fr_MASTER_result\local_5RL\runs_fr_arms_minfr_master_work~_RST.APRQ_10_0635.8-5bb6b02bcc-iwhtt04x_1f7b0439,final,1.5593,1.3895,27,1,,633.913,deck
42b67a3c56e25524,..\2_LP\LOW_Fr_MASTER_result\local_5RL\runs_fr_arms_minfr_master_work~_RST.APRQ_11_0630.4-ec033212c6-dfm7x_9i_83854354,final,1.5724,1.4112,26,1,,628.689,deck
86e309d8fb717c5f,..\2_LP\LOW_Fr_MASTER_result\local_5RL\runs_fr_arms_minfr_master_work~_RST.APRQ_11_0635.1-b3d348f46c-11_u9srq_fdb1f01d,final,1.5407,1.3974,27,1,,633.329,deck
fe711aa7bb4ac86a,..\2_LP\LOW_Fr_MASTER_result\local_5RL\runs_fr_arms_t0_master_work_wo~_RST.APRQ_10_0635.8-d2dec56ab3-43mlhuvt_cd487507,final,1.5928,1.4534,27,1,,632.744,deck
0079cf271837992e,..\2_LP\LOW_Fr_MASTER_result\local_5RL\runs_fr_arms_t0_master_work_wo~_RST.APRQ_11_0630.4-05c29669c5-b54lstr2_0d7eb80b,final,1.6587,1.4789,26,1,,628.116,deck
5a8fe3ac419bf146,..\2_LP\LOW_Fr_MASTER_result\local_5RL\runs_fr_arms_t0_master_work_wo~_RST.APRQ_11_0635.1-8b7a791aca-hhf72ppp_ec62ed9b,final,1.6306,1.4819,27,1,,632.276,deck
5a8fe3ac419bf146,..\2_LP\LOW_Fr_MASTER_result\local_5RL\runs_fr_arms_t0_rep_master_wor~_RST.APRQ_11_0635.1-8b7a791aca-kvfly8tw_e2677b73,final,1.6306,1.4819,27,1,,632.276,deck
fe711aa7bb4ac86a,..\2_LP\LOW_Fr_MASTER_result\local_5RL\runs_fr_arms_t0m_master_work_w~_RST.APRQ_10_0635.8-d2dec56ab3-v18b3iyk_7748e82b,final,1.5928,1.4534,27,1,,632.744,deck
0079cf271837992e,..\2_LP\LOW_Fr_MASTER_result\local_5RL\runs_fr_arms_t0m_master_work_w~_RST.APRQ_11_0630.4-05c29669c5-q27y9gan_e74b33b5,final,1.6587,1.4789,26,1,,628.116,deck
5a8fe3ac419bf146,..\2_LP\LOW_Fr_MASTER_result\local_5RL\runs_fr_arms_t0m_master_work_w~_RST.APRQ_11_0635.1-8b7a791aca-aj3z5vu3_570ce6f4,final,1.6306,1.4819,27,1,,632.276,deck
a8e732c14c4bd687,..\2_LP\LOW_Fr_MASTER_result\local_5RL\runs_fr_screen11_G3_G4_master_~_RST.APRQ_11_0692.6-60e3923752-lk0i0dlq_a9cf8398,final,1.5943,1.4438,28,1,,688.888,deck
c812f6a2ec883c34,..\2_LP\LOW_Fr_MASTER_result\local_5RL\runs_fr_screen11_H1_H2_master_~_RST.APRQ_11_0688.2-2ca323684e-f4b_nzsj_ee087a51,final,1.5788,1.4423,28,1,,684.414,deck
3e4d7a866cd56ac0,..\2_LP\LOW_Fr_MASTER_result\local_5RL\runs_fr_screen11_J3_J4_master_~_RST.APRQ_11_0636.9-da59f0a735-0_to8vps_f5874001,final,1.587,1.4534,27,1,,632.681,deck
85c3c4d68c48ec42,..\2_LP\LOW_Fr_MASTER_result\local_5RL\runs_fr_screen11_J5_J6_master_~_RST.APRQ_11_0638.1-333e579129-5fsoqwgw_f4a769d6,final,1.5786,1.4467,27,1,,633.816,deck
c4b954ca828caaea,..\2_LP\LOW_Fr_MASTER_result\local_5RL\runs_fr_screen11_K1_K2_master_~_RST.APRQ_11_0652.8-3c54942dc9-jbcccig1_cf5d5fd1,final,1.5747,1.445,27,1,,648.875,deck
9d8bc9666a443b82,..\2_LP\LOW_Fr_MASTER_result\local_5RL\runs_fr_screen11_K3_K4_master_~_RST.APRQ_11_0645.6-ee6ea587cc-uhufwmzm_7fe65467,final,1.5763,1.4452,27,1,,641.549,deck
1bb4bdbaaa207bee,..\2_LP\LOW_Fr_MASTER_result\local_5RL\runs_fr_screen11_L1_L2_master_~_RST.APRQ_11_0658.9-1fb4c6d955-3n6xtm94_38dfc892,final,1.5748,1.4448,27,1,,655.083,deck
4a5fa607b1d9829a,..\2_LP\LOW_Fr_MASTER_result\local_5RL\runs_fr_screen11_L5_L6_master_~_RST.APRQ_11_0662.3-2bcc80acf8-kcy73scy_096f1278,final,1.594,1.4461,27,1,,658.555,deck
52f13f65508580cd,..\2_LP\LOW_Fr_MASTER_result\local_5RL\runs_fr_screen11_N1_N2_master_~_RST.APRQ_11_0677.2-973fe3eda6-u1pi43cb_8397888e,final,1.5766,1.4433,28,1,,673.329,deck
d5aa6fb4247c761f,..\2_LP\LOW_Fr_MASTER_result\local_5RL\runs_fr_screen11_N3_N4_master_~_RST.APRQ_11_0678.9-8fb056fb73-4jn2xcdu_254a4e84,final,1.5851,1.4442,28,1,,675.044,deck
d290d554fa104c69,..\2_LP\LOW_Fr_MASTER_result\local_5RL\runs_fr_screen11_N5_N6_master_~_RST.APRQ_11_0679.4-f949e30bc4-wjl07ncx_530343b1,final,1.5968,1.4453,28,1,,675.637,deck
0f0f7923cb468251,..\2_LP\LOW_Fr_MASTER_result\local_5RL\runs_fr_transfer_E3E4_master_w~_RST.APRQ_10_0635.8-0f16d9364a-hmmdgz97_b57f2ac0,final,1.5901,1.4501,27,1,,633.339,deck
605195137fa5ac14,..\2_LP\LOW_Fr_MASTER_result\local_5RL\runs_fr_transfer_E3E4_master_w~_RST.APRQ_10_0635.8-3cb9489bdd-a37ejhzb_ae4fe391,final,1.5928,1.4157,27,1,,633.45,deck
4c65a15473120fc0,..\2_LP\LOW_Fr_MASTER_result\local_5RL\runs_fr_transfer_E3E4_master_w~_RST.APRQ_10_0635.8-46ede9a8de-0spnbxgw_33d51ccb,final,1.5982,1.4594,27,1,,635.282,deck
726ca0719e10af5c,..\2_LP\LOW_Fr_MASTER_result\local_5RL\runs_fr_transfer_E3E4_master_w~_RST.APRQ_10_0635.8-5bb6b02bcc-0gzdt6fq_21d1ee1e,final,1.5593,1.3895,27,1,,633.913,deck
77c4d3844dfc8e98,..\2_LP\LOW_Fr_MASTER_result\local_5RL\runs_fr_transfer_E3E4_master_w~_RST.APRQ_10_0635.8-60b4434a1b-rok7nnm2_b2d6fcec,final,1.5974,1.456,27,1,,632.394,deck
62b2dee63c79a668,..\2_LP\LOW_Fr_MASTER_result\local_5RL\runs_fr_transfer_E3E4_master_w~_RST.APRQ_10_0635.8-61be680c3b-6foiss49_8a416131,final,1.5814,1.4398,27,1,,634.209,deck
74f2835f50478829,..\2_LP\LOW_Fr_MASTER_result\local_5RL\runs_fr_transfer_E3E4_master_w~_RST.APRQ_10_0635.8-662a108f91-jr6ml_9w_cc371674,final,1.6191,1.4296,27,1,,631.323,deck
d9dba92a9748dc87,..\2_LP\LOW_Fr_MASTER_result\local_5RL\runs_fr_transfer_E3E4_master_w~_RST.APRQ_10_0635.8-6c855c56f1-4vcs4x32_d3fc9053,final,1.5721,1.4345,27,1,,636.545,deck
554fb7bb898453ce,..\2_LP\LOW_Fr_MASTER_result\local_5RL\runs_fr_transfer_E3E4_master_w~_RST.APRQ_10_0635.8-6de884634f-682fqygn_56b95deb,final,1.6018,1.4609,27,1,,633.345,deck
c379a7669169792f,..\2_LP\LOW_Fr_MASTER_result\local_5RL\runs_fr_transfer_E3E4_master_w~_RST.APRQ_10_0635.8-6e2e4d75d4-orebmb_l_9218823f,final,1.5731,1.4351,27,1,,634.335,deck
d2627551a350e70a,..\2_LP\LOW_Fr_MASTER_result\local_5RL\runs_fr_transfer_E3E4_master_w~_RST.APRQ_10_0635.8-82e2b268a8-z4owggxt_8deb6af2,final,1.5754,1.4335,27,1,,633.252,deck
be75e5d160a7e1b8,..\2_LP\LOW_Fr_MASTER_result\local_5RL\runs_fr_transfer_E3E4_master_w~_RST.APRQ_10_0635.8-89394f8b41-7vrlleha_81b0e8d9,final,1.5631,1.4272,27,1,,633.197,deck
e78dc121bb84b810,..\2_LP\LOW_Fr_MASTER_result\local_5RL\runs_fr_transfer_E3E4_master_w~_RST.APRQ_10_0635.8-942e9bff67-uglf0bdu_157c2873,final,1.5448,1.4071,27,1,,633.475,deck
d75126a9ba3c42bb,..\2_LP\LOW_Fr_MASTER_result\local_5RL\runs_fr_transfer_E3E4_master_w~_RST.APRQ_10_0635.8-94f4e6cec8-ki_h0tto_0ef0a4da,final,1.5931,1.414,27,1,,631.289,deck
d082eee75592150e,..\2_LP\LOW_Fr_MASTER_result\local_5RL\runs_fr_transfer_E3E4_master_w~_RST.APRQ_10_0635.8-afaf49513a-kiv3060f_6523ef97,final,1.5961,1.4549,27,1,,632.353,deck
2ea7dabccaa62d83,..\2_LP\LOW_Fr_MASTER_result\local_5RL\runs_fr_transfer_E3E4_master_w~_RST.APRQ_10_0635.8-bbf8c4a83c-q6otyojh_aff9dcf0,final,1.5816,1.4418,27,1,,633.14,deck
7d28cc233fc9078f,..\2_LP\LOW_Fr_MASTER_result\local_5RL\runs_fr_transfer_E3E4_master_w~_RST.APRQ_10_0635.8-c419a74e6f-fr8zu818_658c89c9,final,1.5911,1.4399,27,1,,633.441,deck
fe711aa7bb4ac86a,..\2_LP\LOW_Fr_MASTER_result\local_5RL\runs_fr_transfer_E3E4_master_w~_RST.APRQ_10_0635.8-d2dec56ab3-hramvidn_8b9d5ac2,final,1.5928,1.4534,27,1,,632.744,deck
2cd5d9daeb1c0bc3,..\2_LP\LOW_Fr_MASTER_result\local_5RL\runs_fr_transfer_E3E4_master_w~_RST.APRQ_10_0635.8-d2fdbf6bdf-f8ow1qp6_615337fa,final,1.6391,1.484,27,1,,632.103,deck
b987671daa5d8ccf,..\2_LP\LOW_Fr_MASTER_result\local_5RL\runs_fr_transfer_E3E4_master_w~_RST.APRQ_10_0635.8-e2f36bb1f0-2kxn90cu_4bf81a4f,final,1.575,1.421,27,1,,631.207,deck
cdfaf159419a7665,..\2_LP\LOW_Fr_MASTER_result\local_5RL\runs_fr_transfer_E3E4_master_w~_RST.APRQ_10_0635.8-e4de2bf34c-vq6whkjz_6d58d076,final,1.5555,1.4163,27,1,,636.216,deck
bf4ccf8dc6a9c214,..\2_LP\LOW_Fr_MASTER_result\local_5RL\runs_fr_transfer_E3E4_master_w~_RST.APRQ_10_0635.8-fab47d0c31-gkxvtu1z_e7520d84,final,1.6098,1.4612,27,1,,632.334,deck
2b9774c69c2303f8,..\2_LP\LOW_Fr_MASTER_result\local_5RL\runs_fr_transfer_E3E4_master_w~_RST.APRQ_10_0635.8-ff33f6c788-ehey1pyr_ef8ec774,final,1.596,1.4549,27,1,,632.372,deck
bedf251ffb381c14,..\2_LP\LOW_Fr_MASTER_result\local_5RL\runs_fr_transfer_E3E4_master_w~S_RST.APRQ_10_0635.8-c4b4fee2c8-is44771_90560232,final,1.6159,1.465,27,1,,632.95,deck
24eae130159b2447,..\2_LP\LOW_Fr_MASTER_result\local_5RL\runs_fr_transfer_T1T4_f117_mas~_RST.APRQ_12_0635.6-0528d330e6-g711wdko_7dbb9f6f,final,1.8158,1.6251,25,1,,605.777,deck
dd608f4a8e85ab91,..\2_LP\LOW_Fr_MASTER_result\local_5RL\runs_fr_transfer_T1T4_f117_mas~_RST.APRQ_12_0635.6-0883108804-hzhvy3pf_3a45cac6,final,1.8705,1.626,25,1,,623.332,deck
fde4a10cbb6eb832,..\2_LP\LOW_Fr_MASTER_result\local_5RL\runs_fr_transfer_T1T4_f117_mas~_RST.APRQ_12_0635.6-1cac286a3f-owql_kxc_f6ae58f2,final,1.7817,1.6133,25,1,,615.41,deck
a6ac1a9ff5e04846,..\2_LP\LOW_Fr_MASTER_result\local_5RL\runs_fr_transfer_T1T4_f117_mas~_RST.APRQ_12_0635.6-200cb46154-xvhyme0m_99612d61,final,1.8966,1.6245,25,1,,624.02,deck
8eda074f8a07739a,..\2_LP\LOW_Fr_MASTER_result\local_5RL\runs_fr_transfer_T1T4_f117_mas~_RST.APRQ_12_0635.6-210dcd4cfc-elzpd0lz_49a41a59,final,1.8957,1.5319,25,1,,610.655,deck
fb8e7441759eec87,..\2_LP\LOW_Fr_MASTER_result\local_5RL\runs_fr_transfer_T1T4_f117_mas~_RST.APRQ_12_0635.6-309a6c1ee2-9r9whe6c_30da18a3,final,2.2525,1.8837,25,1,,623.427,deck
397d8faed6f4817c,..\2_LP\LOW_Fr_MASTER_result\local_5RL\runs_fr_transfer_T1T4_f117_mas~_RST.APRQ_12_0635.6-34438311d0-jwsd_2e9_e67b0265,final,1.7866,1.5822,25,1,,622.752,deck
86f4e7e83b4dbd79,..\2_LP\LOW_Fr_MASTER_result\local_5RL\runs_fr_transfer_T1T4_f117_mas~_RST.APRQ_12_0635.6-3773bbc35d-v31t8_42_2d8eec14,final,1.8955,1.5846,25,1,,619.103,deck
e0df4eaeac3b3436,..\2_LP\LOW_Fr_MASTER_result\local_5RL\runs_fr_transfer_T1T4_f117_mas~_RST.APRQ_12_0635.6-385a01a267-i54mryr1_e45c391f,final,1.8004,1.6136,25,1,,622.508,deck
62128b329dd5f4e7,..\2_LP\LOW_Fr_MASTER_result\local_5RL\runs_fr_transfer_T1T4_f117_mas~_RST.APRQ_12_0635.6-4cf8de0864-zgdve0uo_720329ec,final,1.9281,1.715,24,1,,589.467,deck
df4f064546fa8173,..\2_LP\LOW_Fr_MASTER_result\local_5RL\runs_fr_transfer_T1T4_f117_mas~_RST.APRQ_12_0635.6-528f35e35f-rwy15quo_d648fee2,final,1.7177,1.5,25,1,,616.43,deck
7a45fb1ae6bc62bf,..\2_LP\LOW_Fr_MASTER_result\local_5RL\runs_fr_transfer_T1T4_f117_mas~_RST.APRQ_12_0635.6-57503460f8-cicuaswt_fc43632b,final,1.9076,1.5608,25,1,,619.006,deck
8ebb9907504e7c59,..\2_LP\LOW_Fr_MASTER_result\local_5RL\runs_fr_transfer_T1T4_f117_mas~_RST.APRQ_12_0635.6-7063dcdf14-t753icn8_77d961a7,final,1.9142,1.6426,26,1,,631.071,deck
fdf2e80d48d5eaf1,..\2_LP\LOW_Fr_MASTER_result\local_5RL\runs_fr_transfer_T1T4_f117_mas~_RST.APRQ_12_0635.6-7a0b78ec36-iyx92dju_030cb92d,final,1.8637,1.5791,25,1,,620.402,deck
fee0687f62f1c472,..\2_LP\LOW_Fr_MASTER_result\local_5RL\runs_fr_transfer_T1T4_f117_mas~_RST.APRQ_12_0635.6-7f6f48e35e-nk6c3nbb_40da352c,final,1.7642,1.4988,25,1,,617.762,deck
77a8fd3c01784006,..\2_LP\LOW_Fr_MASTER_result\local_5RL\runs_fr_transfer_T1T4_f117_mas~_RST.APRQ_12_0635.6-83933873e6-2t6_ktgd_b621c9fa,final,1.9627,1.7313,25,1,,616.696,deck
2236b45033730020,..\2_LP\LOW_Fr_MASTER_result\local_5RL\runs_fr_transfer_T1T4_f117_mas~_RST.APRQ_12_0635.6-88dbc6c9ec-8mim2row_8db5a7a3,final,1.7695,1.5821,25,1,,618.922,deck
bb62dc1c0bb41ee4,..\2_LP\LOW_Fr_MASTER_result\local_5RL\runs_fr_transfer_T1T4_f117_mas~_RST.APRQ_12_0635.6-894f92f6fa-yoh81l9n_c87b20ef,final,1.8222,1.5463,25,1,,617.751,deck
c58ea049ffc027f4,..\2_LP\LOW_Fr_MASTER_result\local_5RL\runs_fr_transfer_T1T4_f117_mas~_RST.APRQ_12_0635.6-8a7e1fc1e4-faezo_54_ef2664a3,final,1.7141,1.5159,25,1,,616.876,deck
3c8ee80d8792e1b9,..\2_LP\LOW_Fr_MASTER_result\local_5RL\runs_fr_transfer_T1T4_f117_mas~_RST.APRQ_12_0635.6-9339642c51-4ycl35o1_3f624b1e,final,2.6008,2.1573,25,1,,617.799,deck
4aa895f63bf4debd,..\2_LP\LOW_Fr_MASTER_result\local_5RL\runs_fr_transfer_T1T4_f117_mas~_RST.APRQ_12_0635.6-97edb0c7bf-9qs6bcut_06aa1a33,final,1.8124,1.5949,25,1,,616.747,deck
d4722a170b04630d,..\2_LP\LOW_Fr_MASTER_result\local_5RL\runs_fr_transfer_T1T4_f117_mas~_RST.APRQ_12_0635.6-b9a4480945-nvrcwqgh_7cbfbf82,final,2.0098,1.6422,26,1,,631.96,deck
266b63e1b435077b,..\2_LP\LOW_Fr_MASTER_result\local_5RL\runs_fr_transfer_T1T4_f117_mas~_RST.APRQ_12_0635.6-b9fb8fe262-h2r9rin2_04dc065a,final,1.82,1.6152,25,1,,616.938,deck
0d1bdcf2a8b4d1b7,..\2_LP\LOW_Fr_MASTER_result\local_5RL\runs_fr_transfer_T1T4_f117_mas~_RST.APRQ_12_0635.6-bc016c7f40-9rule079_fb4b4229,final,1.7592,1.5563,25,1,,619.179,deck
94c21afa256ce0db,..\2_LP\LOW_Fr_MASTER_result\local_5RL\runs_fr_transfer_T1T4_f117_mas~_RST.APRQ_12_0635.6-bee483a2d3-_0s_41w1_7f724452,final,1.8098,1.5964,25,1,,618.169,deck
9386051bf2a3af1b,..\2_LP\LOW_Fr_MASTER_result\local_5RL\runs_fr_transfer_T1T4_f117_mas~_RST.APRQ_12_0635.6-c985cca611-36nzfz4h_17604783,final,1.7823,1.4966,25,1,,616.125,deck
e00d58513e0fcd45,..\2_LP\LOW_Fr_MASTER_result\local_5RL\runs_fr_transfer_T1T4_f117_mas~_RST.APRQ_12_0635.6-cc97539118-rmet59lc_e23e832e,final,2.3341,1.9412,25,1,,613.453,deck
a91f66c42497f081,..\2_LP\LOW_Fr_MASTER_result\local_5RL\runs_fr_transfer_T1T4_f117_mas~_RST.APRQ_12_0635.6-dfabde9b94-sjftk6ie_cab00ed4,final,2.1785,1.8271,25,1,,623.296,deck
4e3af471790f77a9,..\2_LP\LOW_Fr_MASTER_result\local_5RL\runs_fr_transfer_T1T4_f117_mas~_RST.APRQ_12_0635.6-fcedc1bcf4-i0dlpc2y_7d729812,final,2.4853,2.0575,25,1,,609.677,deck
6717d2eab6583112,..\2_LP\LOW_Fr_MASTER_result\local_5RL\runs_fr_transfer_T1T4_f117_mas~_RST.APRQ_12_0635.6-fe1cafbd07-lv9ws_52_d501a53f,final,1.9501,1.7245,25,1,,617.134,deck
f7f7a9e9d6ad42fb,..\2_LP\LOW_Fr_MASTER_result\local_5RL\runs_fr_transfer_T1T4_f117_mas~_RST.APRQ_12_0635.6-ff366b2631-vpdsv5on_01e002b4,final,1.8406,1.6656,25,1,,614.867,deck
25273a3fe0788f5b,..\2_LP\LOW_Fr_MASTER_result\local_5RL\runs_fr_transfer_T1T4_f117_mas~S_RST.APRQ_12_0635.6-6b6c64b281-s0eisda_ef8b42ef,final,1.9695,1.6585,24,1,,592.764,deck
fe328db86f2e8f52,..\2_LP\LOW_Fr_MASTER_result\local_5RL\runs_fr_transfer_T5T6_f117_mas~_RST.APRQ_09_0620.7-0e61179063-tg8avzot_119664cc,final,1.8275,1.622,26,1,,630.999,deck
67503b915a4bc157,..\2_LP\LOW_Fr_MASTER_result\local_5RL\runs_fr_transfer_T5T6_f117_mas~_RST.APRQ_09_0620.7-120ebb2d4d-faqjt65g_172e1960,final,1.7787,1.5666,26,1,,635.088,deck
df4e717eb0d98944,..\2_LP\LOW_Fr_MASTER_result\local_5RL\runs_fr_transfer_T5T6_f117_mas~_RST.APRQ_09_0620.7-1b2f5c27b0-ujaexaa2_25662704,final,1.7539,1.5692,25,1,,628.844,deck
f1ce2770d96735c0,..\2_LP\LOW_Fr_MASTER_result\local_5RL\runs_fr_transfer_T5T6_f117_mas~_RST.APRQ_09_0620.7-1d32970032-bmlndut7_468d5889,final,1.8499,1.6281,26,1,,632.615,deck
b303885a179c9135,..\2_LP\LOW_Fr_MASTER_result\local_5RL\runs_fr_transfer_T5T6_f117_mas~_RST.APRQ_09_0620.7-2160cbd02d-ut6u23sn_ca195684,final,1.7774,1.5784,25,1,,626.385,deck
97dc37cbf33e5adb,..\2_LP\LOW_Fr_MASTER_result\local_5RL\runs_fr_transfer_T5T6_f117_mas~_RST.APRQ_09_0620.7-254f461d9a-lbeets1r_1546bb63,final,1.8542,1.678,26,1,,632.231,deck
bfc2ed8efd425f30,..\2_LP\LOW_Fr_MASTER_result\local_5RL\runs_fr_transfer_T5T6_f117_mas~_RST.APRQ_09_0620.7-28f72faecb-ea0wg4hd_a27e7ab0,final,1.8845,1.6629,26,1,,633.672,deck
50d2c35ce9bbcd64,..\2_LP\LOW_Fr_MASTER_result\local_5RL\runs_fr_transfer_T5T6_f117_mas~_RST.APRQ_09_0620.7-2b95c716de-8snpk7bs_333da2ca,final,1.7462,1.531,26,1,,635.055,deck
92dacd44fe36f8ea,..\2_LP\LOW_Fr_MASTER_result\local_5RL\runs_fr_transfer_T5T6_f117_mas~_RST.APRQ_09_0620.7-2debf82d69-ypmcgow4_96055757,final,1.7221,1.5466,25,1,,629.514,deck
2618ee48a06ec2a1,..\2_LP\LOW_Fr_MASTER_result\local_5RL\runs_fr_transfer_T5T6_f117_mas~_RST.APRQ_09_0620.7-2ec953a4e7-4geq6nbt_081d848e,final,1.8162,1.6196,25,1,,629.197,deck
7e519fb24e7fd2d7,..\2_LP\LOW_Fr_MASTER_result\local_5RL\runs_fr_transfer_T5T6_f117_mas~_RST.APRQ_09_0620.7-3b1dd3aa97-73d8nyur_3191b268,final,1.8771,1.6525,26,1,,633.891,deck
959d63c7a53b4e08,..\2_LP\LOW_Fr_MASTER_result\local_5RL\runs_fr_transfer_T5T6_f117_mas~_RST.APRQ_09_0620.7-482b799567-xxmnxfh3_b113af02,final,1.6955,1.4732,26,1,,633.328,deck
8e8abfdbfee482e4,..\2_LP\LOW_Fr_MASTER_result\local_5RL\runs_fr_transfer_T5T6_f117_mas~_RST.APRQ_09_0620.7-5350aad20e-mgklzw24_4bb6ddf9,final,1.9032,1.6821,26,1,,633.151,deck
502888fcff535aa1,..\2_LP\LOW_Fr_MASTER_result\local_5RL\runs_fr_transfer_T5T6_f117_mas~_RST.APRQ_09_0620.7-70e065fb16-tfd6o2ut_9955e8b4,final,2.1545,1.8841,25,1,,626.579,deck
b1f2d44747703808,..\2_LP\LOW_Fr_MASTER_result\local_5RL\runs_fr_transfer_T5T6_f117_mas~_RST.APRQ_09_0620.7-74e82e3f40-l08bj6yw_aef828a2,final,1.8093,1.5912,25,1,,629.215,deck
b5e7dc795f2493c3,..\2_LP\LOW_Fr_MASTER_result\local_5RL\runs_fr_transfer_T5T6_f117_mas~_RST.APRQ_09_0620.7-7eb501988a-rmxoz494_7187c3a7,final,1.8105,1.611,26,1,,630.546,deck
d93319e9b9aea281,..\2_LP\LOW_Fr_MASTER_result\local_5RL\runs_fr_transfer_T5T6_f117_mas~_RST.APRQ_09_0620.7-873bccdca0-hkz3ju9l_d8ea12a9,final,1.7946,1.6135,26,1,,632.454,deck
faac8a8f18f1ea28,..\2_LP\LOW_Fr_MASTER_result\local_5RL\runs_fr_transfer_T5T6_f117_mas~_RST.APRQ_09_0620.7-964f12d18f-a_gmgxa9_652172d1,final,1.7938,1.6269,25,1,,628.391,deck
22e1eb137953a6a2,..\2_LP\LOW_Fr_MASTER_result\local_5RL\runs_fr_transfer_T5T6_f117_mas~_RST.APRQ_09_0620.7-9cdf351be2-zlw973tp_0c872a23,final,1.7983,1.5955,26,1,,630.684,deck
ef27c9aa4ede6783,..\2_LP\LOW_Fr_MASTER_result\local_5RL\runs_fr_transfer_T5T6_f117_mas~_RST.APRQ_09_0620.7-9d11c18a5e-9ciqqiek_6a4f1d05,final,1.82,1.6067,26,1,,633.65,deck
1b215a786181efa8,..\2_LP\LOW_Fr_MASTER_result\local_5RL\runs_fr_transfer_T5T6_f117_mas~_RST.APRQ_09_0620.7-a45a5c971f-d33r4zt5_862b8c85,final,1.9082,1.6928,25,1,,625.864,deck
f034c54adfb6c79e,..\2_LP\LOW_Fr_MASTER_result\local_5RL\runs_fr_transfer_T5T6_f117_mas~_RST.APRQ_09_0620.7-af01dcc6f3-bbfqv8n1_28dc827e,final,1.8249,1.6101,26,1,,633.775,deck
13d285e8084ab89f,..\2_LP\LOW_Fr_MASTER_result\local_5RL\runs_fr_transfer_T5T6_f117_mas~_RST.APRQ_09_0620.7-afddedbd59-sw6a7_v8_0246a80d,final,1.7721,1.5728,25,1,,625.477,deck
b053c2e3a8061986,..\2_LP\LOW_Fr_MASTER_result\local_5RL\runs_fr_transfer_T5T6_f117_mas~_RST.APRQ_09_0620.7-b64c5e9da6-fsj2xtxm_6ea3aa39,final,1.8493,1.6701,25,1,,628.962,deck
4a67033e4245ed79,..\2_LP\LOW_Fr_MASTER_result\local_5RL\runs_fr_transfer_T5T6_f117_mas~_RST.APRQ_09_0620.7-bfefef1aa3-70yijng3_5fc5854f,final,1.7306,1.521,25,1,,629.092,deck
83dbbe679c96eb28,..\2_LP\LOW_Fr_MASTER_result\local_5RL\runs_fr_transfer_T5T6_f117_mas~_RST.APRQ_09_0620.7-d0d53f3705-vcj7j4m3_be4c9f16,final,2.0983,1.8506,25,1,,628.148,deck
cffa5b3989a9938e,..\2_LP\LOW_Fr_MASTER_result\local_5RL\runs_fr_transfer_T5T6_f117_mas~_RST.APRQ_09_0620.7-e5377a3459-fbu9zcnd_b43f08c8,final,1.9793,1.7507,25,1,,629.295,deck
fadf4f0b017e8552,..\2_LP\LOW_Fr_MASTER_result\local_5RL\runs_fr_transfer_T5T6_f117_mas~_RST.APRQ_09_0620.7-e92f36cafb-hfhmnnjy_e3b5e331,final,1.9316,1.7137,25,1,,625.431,deck
2f63677c54bdfb89,..\2_LP\LOW_Fr_MASTER_result\local_5RL\runs_fr_transfer_T5T6_f117_mas~_RST.APRQ_09_0620.7-ea14912344-xk8wnouy_ebd72edc,final,1.8682,1.6458,25,1,,626.269,deck
45b7faca7c0e5e08,..\2_LP\LOW_Fr_MASTER_result\local_5RL\runs_fr_transfer_T5T6_f117_mas~_RST.APRQ_09_0620.7-f0aec0a4f7-5452ykq2_589e871d,final,1.7273,1.5366,25,1,,627.076,deck
a1f460db6cf469f2,..\2_LP\LOW_Fr_MASTER_result\local_5RL\runs_fr_transfer_T5T6_f117_mas~_RST.APRQ_09_0620.7-f747b9e6fc-vjbf2dyg_762bdaae,final,1.7716,1.5913,26,1,,633.337,deck
fcbfa1b8aa0e8cfd,..\2_LP\LOW_Fr_MASTER_result\local_5RL\runs_fr_transfer_T5T6_f117_mas~S_RST.APRQ_09_0620.7-f416be91e3-21eqjna_3770b8dc,final,1.8748,1.6485,25,1,,628.826,deck
d9f944720bbd6ca1,..\2_LP\LOW_Fr_MASTER_result\local_5RL\runs_fr_transfer_T5T6_master_w~_RST.APRQ_11_0632.5-0684601182-anj1upr8_d186cf03,final,1.6124,1.4753,26,1,,643.385,deck
34d1ead52d048b4d,..\2_LP\LOW_Fr_MASTER_result\local_5RL\runs_fr_transfer_T5T6_master_w~_RST.APRQ_11_0632.5-06c9abc045-5hovq2_9_2643451b,final,1.8438,1.6103,26,1,,648.134,deck
cfc3bf21be4f5caa,..\2_LP\LOW_Fr_MASTER_result\local_5RL\runs_fr_transfer_T5T6_master_w~_RST.APRQ_11_0632.5-113521bf9a-jigwapxt_d8e6e051,final,1.592,1.4369,26,1,,644.302,deck
52a209a2c2b5a4a6,..\2_LP\LOW_Fr_MASTER_result\local_5RL\runs_fr_transfer_T5T6_master_w~_RST.APRQ_11_0632.5-1a9273822d-46c77ytm_b5b141f9,final,1.6363,1.4966,26,1,,644.365,deck
bc1dd37b4eef80d7,..\2_LP\LOW_Fr_MASTER_result\local_5RL\runs_fr_transfer_T5T6_master_w~_RST.APRQ_11_0632.5-243ba3e5b0-nyh7f2sk_77b6a5f4,final,1.6004,1.459,26,1,,644.213,deck
1feec171d6c05490,..\2_LP\LOW_Fr_MASTER_result\local_5RL\runs_fr_transfer_T5T6_master_w~_RST.APRQ_11_0632.5-2cb7f2d5b9-ebvaxxqj_463350de,final,1.6204,1.483,26,1,,644.366,deck
1e659b6097e80de1,..\2_LP\LOW_Fr_MASTER_result\local_5RL\runs_fr_transfer_T5T6_master_w~_RST.APRQ_11_0632.5-3c694ab310-ni3v0pkc_37b23690,final,1.6045,1.4636,26,1,,644.181,deck
3c0bb959447a1b4a,..\2_LP\LOW_Fr_MASTER_result\local_5RL\runs_fr_transfer_T5T6_master_w~_RST.APRQ_11_0632.5-3cdfe4b735-en9px72j_f81358d4,final,1.6127,1.4752,26,1,,644.191,deck
e7671f1606206fd3,..\2_LP\LOW_Fr_MASTER_result\local_5RL\runs_fr_transfer_T5T6_master_w~_RST.APRQ_11_0632.5-413110b4e2-fi3sovel_325c6840,final,1.896,1.6598,26,1,,649.202,deck
ce1df00fe85238b0,..\2_LP\LOW_Fr_MASTER_result\local_5RL\runs_fr_transfer_T5T6_master_w~_RST.APRQ_11_0632.5-50996709ea-6jkhvpdk_752f5350,final,1.6169,1.4797,26,1,,644.179,deck
923292ea1d59757f,..\2_LP\LOW_Fr_MASTER_result\local_5RL\runs_fr_transfer_T5T6_master_w~_RST.APRQ_11_0632.5-50c65da0a8-zn3tq9jj_16b0c6ab,final,1.6798,1.49,26,1,,650.537,deck
2cc011803c8319e2,..\2_LP\LOW_Fr_MASTER_result\local_5RL\runs_fr_transfer_T5T6_master_w~_RST.APRQ_11_0632.5-64dd7f1a02-eloz_rdn_a41047b2,final,1.8486,1.6156,26,1,,648.169,deck
b8dd1d479a1e8c6f,..\2_LP\LOW_Fr_MASTER_result\local_5RL\runs_fr_transfer_T5T6_master_w~_RST.APRQ_11_0632.5-67c921e717-9i7wnnbe_cf69bd10,final,1.6126,1.4755,26,1,,643.38,deck
1e70692aa8e1f31b,..\2_LP\LOW_Fr_MASTER_result\local_5RL\runs_fr_transfer_T5T6_master_w~_RST.APRQ_11_0632.5-6ceb141f4e-gagr2cvx_3e2580fb,final,1.902,1.6679,26,1,,647.764,deck
4bc79608a10bb745,..\2_LP\LOW_Fr_MASTER_result\local_5RL\runs_fr_transfer_T5T6_master_w~_RST.APRQ_11_0632.5-75201a84de-ed0bivrm_2fdf812d,final,1.6352,1.4957,26,1,,644.376,deck
4bdfec2fc16adb31,..\2_LP\LOW_Fr_MASTER_result\local_5RL\runs_fr_transfer_T5T6_master_w~_RST.APRQ_11_0632.5-7e489a7d50-q1gnrga4_8ffb9447,final,1.619,1.4791,26,1,,644.807,deck
b607f73543f5c3ae,..\2_LP\LOW_Fr_MASTER_result\local_5RL\runs_fr_transfer_T5T6_master_w~_RST.APRQ_11_0632.5-84322974eb-vfbbzhyr_dd2d9bef,final,1.6422,1.497,26,1,,643.46,deck
90bc5d44e84a842a,..\2_LP\LOW_Fr_MASTER_result\local_5RL\runs_fr_transfer_T5T6_master_w~_RST.APRQ_11_0632.5-8449cf219e-ihevmpea_b65845ab,final,1.7855,1.5683,26,1,,648.249,deck
5be2f97c483fdd81,..\2_LP\LOW_Fr_MASTER_result\local_5RL\runs_fr_transfer_T5T6_master_w~_RST.APRQ_11_0632.5-91dd3c66c3-4bm1fajd_ba4a5313,final,1.5957,1.4562,26,1,,642.079,deck
f5493e5e04a31b36,..\2_LP\LOW_Fr_MASTER_result\local_5RL\runs_fr_transfer_T5T6_master_w~_RST.APRQ_11_0632.5-a92920560f-g0asjgso_ad065f36,final,1.613,1.4759,26,1,,643.396,deck
c6bb8920bbb0ad4d,..\2_LP\LOW_Fr_MASTER_result\local_5RL\runs_fr_transfer_T5T6_master_w~_RST.APRQ_11_0632.5-a9d635f1e5-lx_52vj2_b0e4627f,final,1.6286,1.4545,26,1,,645.958,deck
def32b56b0167b7d,..\2_LP\LOW_Fr_MASTER_result\local_5RL\runs_fr_transfer_T5T6_master_w~_RST.APRQ_11_0632.5-b0978702d7-ln_gjhrs_c53fe468,final,1.6216,1.483,26,1,,644.341,deck
36c6fac75ebf421d,..\2_LP\LOW_Fr_MASTER_result\local_5RL\runs_fr_transfer_T5T6_master_w~_RST.APRQ_11_0632.5-c6ed1ffdf6-b9bei3ac_2f25239b,final,1.6719,1.4975,26,1,,645.437,deck
eb53955589a2909f,..\2_LP\LOW_Fr_MASTER_result\local_5RL\runs_fr_transfer_T5T6_master_w~_RST.APRQ_11_0632.5-ca092d6419-m13zxtaw_99bea407,final,1.89,1.6624,26,1,,649.152,deck
4ab18fe234416367,..\2_LP\LOW_Fr_MASTER_result\local_5RL\runs_fr_transfer_T5T6_master_w~_RST.APRQ_11_0632.5-ca42e8ccd8-cl0x50p9_d0080054,final,1.8888,1.6556,26,1,,649.189,deck
c2ec9f6320fd8767,..\2_LP\LOW_Fr_MASTER_result\local_5RL\runs_fr_transfer_T5T6_master_w~_RST.APRQ_11_0632.5-d2ead7164e-zazkwio7_9b8d26f0,final,1.8696,1.6387,26,1,,649.598,deck
c05fc8837708e05d,..\2_LP\LOW_Fr_MASTER_result\local_5RL\runs_fr_transfer_T5T6_master_w~_RST.APRQ_11_0632.5-d8f24cd95d-3d555pen_3779b607,final,1.6238,1.4851,26,1,,644.153,deck
6d2ff9924c11a673,..\2_LP\LOW_Fr_MASTER_result\local_5RL\runs_fr_transfer_T5T6_master_w~_RST.APRQ_11_0632.5-e2cfedc13a-h72hjy2d_f7de143b,final,1.6342,1.4953,26,1,,644.282,deck
97e0d3a772bdf1ef,..\2_LP\LOW_Fr_MASTER_result\local_5RL\runs_fr_transfer_T5T6_master_w~_RST.APRQ_11_0632.5-e3aa25c751-y_96ms10_cd7c4e8f,final,1.5938,1.4555,26,1,,644.52,deck
1aa4634df27a6ab9,..\2_LP\LOW_Fr_MASTER_result\local_5RL\runs_fr_transfer_T5T6_master_w~_RST.APRQ_11_0632.5-e52a7e2d7b-uvfvcglp_ab2dc20a,final,1.5941,1.4558,26,1,,644.526,deck
f9990aa90666aab6,..\2_LP\LOW_Fr_MASTER_result\local_5RL\runs_fr_transfer_T5T6_master_w~_RST.APRQ_11_0632.5-e61d6940de-1qnkl6cy_48229b46,final,1.9134,1.6769,26,1,,648.524,deck
d366c7600d89b169,..\2_LP\LOW_Fr_MASTER_result\local_5RL\runs_fr_transfer_T5T6_master_w~_RST.APRQ_11_0632.5-f416ff921c-6expi2yj_7746409d,final,1.8711,1.6452,26,1,,649.14,deck
6c2595e8bb247167,..\2_LP\LOW_Fr_MASTER_result\local_5RL\runs_fr_transfer_T6T4_f121_mas~_RST.APRQ_10_0615.1-1d7a96d648-h0bf08hg_67db2c5d,final,1.7141,1.5619,25,1,,621.6,deck
1872d1018260ddb5,..\2_LP\LOW_Fr_MASTER_result\local_5RL\runs_fr_transfer_T6T4_f121_mas~_RST.APRQ_10_0615.1-1d7bc4b575-1epv1glc_bc6603b8,final,1.6956,1.4929,25,1,,622.541,deck
f44a84659b75b618,..\2_LP\LOW_Fr_MASTER_result\local_5RL\runs_fr_transfer_T6T4_f121_mas~_RST.APRQ_10_0615.1-27b0bf1c06-gltrer0k_57267df7,final,1.7035,1.551,25,1,,619.942,deck
2c7e249f6c7b1650,..\2_LP\LOW_Fr_MASTER_result\local_5RL\runs_fr_transfer_T6T4_f121_mas~_RST.APRQ_10_0615.1-30019be321-lcct5dtu_2938ccc5,final,1.713,1.5585,25,1,,619.895,deck
40245938335d719c,..\2_LP\LOW_Fr_MASTER_result\local_5RL\runs_fr_transfer_T6T4_f121_mas~_RST.APRQ_10_0615.1-37dd07f9e8-wk2g0_y2_4b990ac3,final,1.6792,1.5296,25,1,,619.931,deck
d8dfa19982ce301c,..\2_LP\LOW_Fr_MASTER_result\local_5RL\runs_fr_transfer_T6T4_f121_mas~_RST.APRQ_10_0615.1-386752487d-bq0hpc90_1ce110e9,final,1.7296,1.5244,25,1,,618.645,deck
52291f76f81cd001,..\2_LP\LOW_Fr_MASTER_result\local_5RL\runs_fr_transfer_T6T4_f121_mas~_RST.APRQ_10_0615.1-3e56a7bfcc-5_xhsncs_f54e18a1,final,1.728,1.5698,25,1,,619.903,deck
345b8c0d623869ea,..\2_LP\LOW_Fr_MASTER_result\local_5RL\runs_fr_transfer_T6T4_f121_mas~_RST.APRQ_10_0615.1-3ecfa615de-xzwb6wcb_41fc712c,final,1.7548,1.5932,25,1,,619.099,deck
35b24beadd2dba49,..\2_LP\LOW_Fr_MASTER_result\local_5RL\runs_fr_transfer_T6T4_f121_mas~_RST.APRQ_10_0615.1-41563a1f53-tdvctmfl_aa7b872c,final,1.707,1.5417,25,1,,623.764,deck
10600ad93f9400e2,..\2_LP\LOW_Fr_MASTER_result\local_5RL\runs_fr_transfer_T6T4_f121_mas~_RST.APRQ_10_0615.1-4a7c23448f-umvbs4x7_b8c393a6,final,1.758,1.5959,25,1,,619.094,deck
2cb168168c5e461a,..\2_LP\LOW_Fr_MASTER_result\local_5RL\runs_fr_transfer_T6T4_f121_mas~_RST.APRQ_10_0615.1-4fca2e61d9-j4449_bx_797f03c5,final,1.7177,1.4959,25,1,,622.949,deck
f4793a0e0c0e1f4b,..\2_LP\LOW_Fr_MASTER_result\local_5RL\runs_fr_transfer_T6T4_f121_mas~_RST.APRQ_10_0615.1-6842bfd431-wm2udqca_7c83d792,final,1.7519,1.5635,25,1,,619.037,deck
f7e243a1277a8959,..\2_LP\LOW_Fr_MASTER_result\local_5RL\runs_fr_transfer_T6T4_f121_mas~_RST.APRQ_10_0615.1-706f7157ee-9gzajne4_74f12647,final,1.6779,1.5284,25,1,,619.948,deck
abad8f74dc03ed96,..\2_LP\LOW_Fr_MASTER_result\local_5RL\runs_fr_transfer_T6T4_f121_mas~_RST.APRQ_10_0615.1-72ab5d6897-taxyi13h_b7a75aaf,final,1.7193,1.5586,25,1,,620.104,deck
cacded341a530cac,..\2_LP\LOW_Fr_MASTER_result\local_5RL\runs_fr_transfer_T6T4_f121_mas~_RST.APRQ_10_0615.1-7a50f177fe-bavno2h7_6c5c2e10,final,1.6439,1.477,25,1,,619.799,deck
e299a66976fce73a,..\2_LP\LOW_Fr_MASTER_result\local_5RL\runs_fr_transfer_T6T4_f121_mas~_RST.APRQ_10_0615.1-7fad747144-0bcbyefa_99d674b4,final,1.7071,1.5573,25,1,,621.603,deck
4797e2b5ef5bdd91,..\2_LP\LOW_Fr_MASTER_result\local_5RL\runs_fr_transfer_T6T4_f121_mas~_RST.APRQ_10_0615.1-81a09b7692-4o7wdqct_0c48b261,final,1.72,1.5177,25,1,,619.417,deck
232102103725fef1,..\2_LP\LOW_Fr_MASTER_result\local_5RL\runs_fr_transfer_T6T4_f121_mas~_RST.APRQ_10_0615.1-8343fcb34f-kfxajo5p_6aa9f67b,final,1.7014,1.5458,25,1,,621.897,deck
b784388e1a97e3f8,..\2_LP\LOW_Fr_MASTER_result\local_5RL\runs_fr_transfer_T6T4_f121_mas~_RST.APRQ_10_0615.1-8d91626bbb-o2d1cyuc_148a3096,final,1.7081,1.5582,25,1,,621.608,deck
5890d0533f742e0b,..\2_LP\LOW_Fr_MASTER_result\local_5RL\runs_fr_transfer_T6T4_f121_mas~_RST.APRQ_10_0615.1-982a039356-c_zhch2z_7bf4373c,final,1.6964,1.491,25,1,,622.921,deck
bdd2e78a9c730865,..\2_LP\LOW_Fr_MASTER_result\local_5RL\runs_fr_transfer_T6T4_f121_mas~_RST.APRQ_10_0615.1-a03e7f5092-0jg1edsc_c20f18cf,final,1.6539,1.5022,25,1,,621.463,deck
464b9c10cdd762e8,..\2_LP\LOW_Fr_MASTER_result\local_5RL\runs_fr_transfer_T6T4_f121_mas~_RST.APRQ_10_0615.1-af53f29840-swb3fnot_140959cd,final,1.6573,1.4999,25,1,,624.173,deck
1388f01aa78815de,..\2_LP\LOW_Fr_MASTER_result\local_5RL\runs_fr_transfer_T6T4_f121_mas~_RST.APRQ_10_0615.1-b634444365-yekb1u7a_3624716b,final,1.7378,1.5552,25,1,,620.972,deck
879532ada150da13,..\2_LP\LOW_Fr_MASTER_result\local_5RL\runs_fr_transfer_T6T4_f121_mas~_RST.APRQ_10_0615.1-b820f00561-g5j7oy9w_2f97beb3,final,1.7562,1.5944,25,1,,619.097,deck
d808485540f84e9c,..\2_LP\LOW_Fr_MASTER_result\local_5RL\runs_fr_transfer_T6T4_f121_mas~_RST.APRQ_10_0615.1-d2235b9245-9poq8fcy_9e9c5fb9,final,1.7056,1.538,25,1,,620.747,deck
bb326ccd14732e88,..\2_LP\LOW_Fr_MASTER_result\local_5RL\runs_fr_transfer_T6T4_f121_mas~_RST.APRQ_10_0615.1-e3b4e28a4b-z5sv8zk8_213d43bd,final,1.6947,1.5262,25,1,,620.132,deck
514fe376a07c92c4,..\2_LP\LOW_Fr_MASTER_result\local_5RL\runs_fr_transfer_T6T4_f121_mas~_RST.APRQ_10_0615.1-e569fa4583-x3abrd_f_4a5e1c90,final,1.7274,1.563,25,1,,619.16,deck
c782ca0b980469ec,..\2_LP\LOW_Fr_MASTER_result\local_5RL\runs_fr_transfer_T6T4_f121_mas~_RST.APRQ_10_0615.1-e69ff5b428-gyj7nj7y_8648bedc,final,1.7239,1.5662,25,1,,619.875,deck
7c66e11828e3c9ed,..\2_LP\LOW_Fr_MASTER_result\local_5RL\runs_fr_transfer_T6T4_f121_mas~_RST.APRQ_10_0615.1-edfc403e99-0ypeme6b_f498dcca,final,1.6587,1.502,25,1,,619.917,deck
3686d476c61266b3,..\2_LP\LOW_Fr_MASTER_result\local_5RL\runs_fr_transfer_T6T4_f121_mas~_RST.APRQ_10_0615.1-f052213d19-d5lnk7nk_b3bbd4fb,final,1.7027,1.5468,25,1,,621.888,deck
05ca19c6c5b489eb,..\2_LP\LOW_Fr_MASTER_result\local_5RL\runs_fr_transfer_T6T4_f121_mas~_RST.APRQ_10_0615.1-f0be579c5c-nkbb1sp5_fb34fba1,final,1.6683,1.506,25,1,,622.255,deck
7c799ed2c5bdd55e,..\2_LP\LOW_Fr_MASTER_result\local_5RL\runs_fr_transfer_T6T4_f121_mas~_RST.APRQ_10_0615.1-f0d1039a7b-rlwk_hl5_85f14973,final,1.6649,1.505,25,1,,619.92,deck
,..\2_LP\LOW_Fr_MASTER_result\local_5RL\runs_produce_run_20260720_0351~_RST.APRQ_10_0635.8-0650ca5ed2-cyfpnf_f_7fedead9,no_mas_sum,,,0,0,,,
,..\2_LP\LOW_Fr_MASTER_result\local_5RL\runs_produce_run_20260720_0351~_RST.APRQ_10_0635.8-0a7a0ea9b9-hd0m3ktw_a3215ff2,no_mas_sum,,,0,0,,,
,..\2_LP\LOW_Fr_MASTER_result\local_5RL\runs_produce_run_20260720_0351~_RST.APRQ_10_0635.8-0ddf65c43c-3epd5ao6_e106da0d,no_mas_sum,,,0,0,,,
,..\2_LP\LOW_Fr_MASTER_result\local_5RL\runs_produce_run_20260720_0351~_RST.APRQ_10_0635.8-0e70e6a515-iby_9l6l_c2ad738a,no_mas_sum,,,0,0,,,
,..\2_LP\LOW_Fr_MASTER_result\local_5RL\runs_produce_run_20260720_0351~_RST.APRQ_10_0635.8-11e7766d65-rxgll8pf_cdfefe98,no_mas_sum,,,0,0,,,
,..\2_LP\LOW_Fr_MASTER_result\local_5RL\runs_produce_run_20260720_0351~_RST.APRQ_10_0635.8-13b19af447-1k6kii3i_69f98352,no_mas_sum,,,0,0,,,
,..\2_LP\LOW_Fr_MASTER_result\local_5RL\runs_produce_run_20260720_0351~_RST.APRQ_10_0635.8-13ca713cd3-e48lbyks_4310a6d7,no_mas_sum,,,0,0,,,
,..\2_LP\LOW_Fr_MASTER_result\local_5RL\runs_produce_run_20260720_0351~_RST.APRQ_10_0635.8-1476440093-k_46ff_l_fe1ae9ce,no_mas_sum,,,0,0,,,
,..\2_LP\LOW_Fr_MASTER_result\local_5RL\runs_produce_run_20260720_0351~_RST.APRQ_10_0635.8-1ac88cbcfe-vgj9se80_8e48309a,no_mas_sum,,,0,0,,,
,..\2_LP\LOW_Fr_MASTER_result\local_5RL\runs_produce_run_20260720_0351~_RST.APRQ_10_0635.8-2965bd1d81-f_d67n8f_dccc7d12,no_mas_sum,,,0,0,,,
,..\2_LP\LOW_Fr_MASTER_result\local_5RL\runs_produce_run_20260720_0351~_RST.APRQ_10_0635.8-2aa5f9f9f2-li1n4e0y_40e5625e,no_mas_sum,,,0,0,,,
,..\2_LP\LOW_Fr_MASTER_result\local_5RL\runs_produce_run_20260720_0351~_RST.APRQ_10_0635.8-32eabaa078-d2vweie0_8ba93b46,no_mas_sum,,,0,0,,,
,..\2_LP\LOW_Fr_MASTER_result\local_5RL\runs_produce_run_20260720_0351~_RST.APRQ_10_0635.8-594b355d3d-_5obofd2_acacf3bf,no_mas_sum,,,0,0,,,
,..\2_LP\LOW_Fr_MASTER_result\local_5RL\runs_produce_run_20260720_0351~_RST.APRQ_10_0635.8-6e17515cb1-yeloumx1_5c6b995b,no_mas_sum,,,0,0,,,
,..\2_LP\LOW_Fr_MASTER_result\local_5RL\runs_produce_run_20260720_0351~_RST.APRQ_10_0635.8-77165596c8-u_cg6qig_733af200,no_mas_sum,,,0,0,,,
,..\2_LP\LOW_Fr_MASTER_result\local_5RL\runs_produce_run_20260720_0351~_RST.APRQ_10_0635.8-7d1fbb1fd4-87vbbnyd_f18d8cff,no_mas_sum,,,0,0,,,
,..\2_LP\LOW_Fr_MASTER_result\local_5RL\runs_produce_run_20260720_0351~_RST.APRQ_10_0635.8-86ed99ce21-t89sxojw_285f91ef,no_mas_sum,,,0,0,,,
,..\2_LP\LOW_Fr_MASTER_result\local_5RL\runs_produce_run_20260720_0351~_RST.APRQ_10_0635.8-8df65e231c-tc8ksjdq_eca903a3,no_mas_sum,,,0,0,,,
,..\2_LP\LOW_Fr_MASTER_result\local_5RL\runs_produce_run_20260720_0351~_RST.APRQ_10_0635.8-935748c8b3-_71s0yo3_3cd13356,no_mas_sum,,,0,0,,,
,..\2_LP\LOW_Fr_MASTER_result\local_5RL\runs_produce_run_20260720_0351~_RST.APRQ_10_0635.8-9ef716e04f-svlbn_x4_862ea145,no_mas_sum,,,0,0,,,
,..\2_LP\LOW_Fr_MASTER_result\local_5RL\runs_produce_run_20260720_0351~_RST.APRQ_10_0635.8-9f372acfbc-cwhotj9a_0b1fafbc,no_mas_sum,,,0,0,,,
,..\2_LP\LOW_Fr_MASTER_result\local_5RL\runs_produce_run_20260720_0351~_RST.APRQ_10_0635.8-a7fb091028-vcr17n4h_d6c877d9,no_mas_sum,,,0,0,,,
,..\2_LP\LOW_Fr_MASTER_result\local_5RL\runs_produce_run_20260720_0351~_RST.APRQ_10_0635.8-c512bf9357-jo1jglos_14a51c41,no_mas_sum,,,0,0,,,
,..\2_LP\LOW_Fr_MASTER_result\local_5RL\runs_produce_run_20260720_0351~_RST.APRQ_10_0635.8-d3d524e276-rsfh83vv_ef858fed,no_mas_sum,,,0,0,,,
,..\2_LP\LOW_Fr_MASTER_result\local_5RL\runs_produce_run_20260720_0351~_RST.APRQ_10_0635.8-d8dcdcb78f-4mkabwdf_e825b20c,no_mas_sum,,,0,0,,,
,..\2_LP\LOW_Fr_MASTER_result\local_5RL\runs_produce_run_20260720_0351~_RST.APRQ_10_0635.8-e3151de041-scrni0zl_e432ac93,no_mas_sum,,,0,0,,,
,..\2_LP\LOW_Fr_MASTER_result\local_5RL\runs_produce_run_20260720_0351~_RST.APRQ_10_0635.8-fb7a514f59-pzqfj9mg_0912d58d,no_mas_sum,,,0,0,,,
,..\2_LP\LOW_Fr_MASTER_result\local_5RL\runs_produce_run_20260720_0351~_RST.APRQ_11_0615.8-01e6849b85-g2wsbucx_9ca90a6d,no_mas_sum,,,0,0,,,
,..\2_LP\LOW_Fr_MASTER_result\local_5RL\runs_produce_run_20260720_0351~_RST.APRQ_11_0615.8-032510f26b-t7b_50ni_cb9328e7,no_mas_sum,,,0,0,,,
,..\2_LP\LOW_Fr_MASTER_result\local_5RL\runs_produce_run_20260720_0351~_RST.APRQ_11_0615.8-07d8e356de-q1k73vmy_f292496a,no_mas_sum,,,0,0,,,
,..\2_LP\LOW_Fr_MASTER_result\local_5RL\runs_produce_run_20260720_0351~_RST.APRQ_11_0615.8-0a28bed892-gbtn06ml_540289c4,no_mas_sum,,,0,0,,,
,..\2_LP\LOW_Fr_MASTER_result\local_5RL\runs_produce_run_20260720_0351~_RST.APRQ_11_0615.8-10be69eaf9-lmmjx27z_3b17f4ea,no_mas_sum,,,0,0,,,
,..\2_LP\LOW_Fr_MASTER_result\local_5RL\runs_produce_run_20260720_0351~_RST.APRQ_11_0615.8-22d0d950c3-w6prs_t7_7560641f,no_mas_sum,,,0,0,,,
,..\2_LP\LOW_Fr_MASTER_result\local_5RL\runs_produce_run_20260720_0351~_RST.APRQ_11_0615.8-2487d30760-yugc3b94_8070f36d,no_mas_sum,,,0,0,,,
,..\2_LP\LOW_Fr_MASTER_result\local_5RL\runs_produce_run_20260720_0351~_RST.APRQ_11_0615.8-25b5656565-r5dzx_cw_f0916fc5,no_mas_sum,,,0,0,,,
,..\2_LP\LOW_Fr_MASTER_result\local_5RL\runs_produce_run_20260720_0351~_RST.APRQ_11_0615.8-2a7c414d5e-u42ahk38_ec03948f,no_mas_sum,,,0,0,,,
,..\2_LP\LOW_Fr_MASTER_result\local_5RL\runs_produce_run_20260720_0351~_RST.APRQ_11_0615.8-2e2963486c-2syjkv6l_8dfbc045,no_mas_sum,,,0,0,,,
,..\2_LP\LOW_Fr_MASTER_result\local_5RL\runs_produce_run_20260720_0351~_RST.APRQ_11_0615.8-2e7d6a062f-h25pt15d_b0394a6f,no_mas_sum,,,0,0,,,
,..\2_LP\LOW_Fr_MASTER_result\local_5RL\runs_produce_run_20260720_0351~_RST.APRQ_11_0615.8-365620c786-gm0xwn0j_615ae277,no_mas_sum,,,0,0,,,
,..\2_LP\LOW_Fr_MASTER_result\local_5RL\runs_produce_run_20260720_0351~_RST.APRQ_11_0615.8-3bb74b6e18-efxg1j9w_66d85b66,no_mas_sum,,,0,0,,,
,..\2_LP\LOW_Fr_MASTER_result\local_5RL\runs_produce_run_20260720_0351~_RST.APRQ_11_0615.8-435dba7d94-7yubaa_3_eb5c7c00,no_mas_sum,,,0,0,,,
,..\2_LP\LOW_Fr_MASTER_result\local_5RL\runs_produce_run_20260720_0351~_RST.APRQ_11_0615.8-482d1cff34-qbpgqm66_a0b8766a,no_mas_sum,,,0,0,,,
,..\2_LP\LOW_Fr_MASTER_result\local_5RL\runs_produce_run_20260720_0351~_RST.APRQ_11_0615.8-4f90954a5d-dw4zl44v_6225afcd,no_mas_sum,,,0,0,,,
,..\2_LP\LOW_Fr_MASTER_result\local_5RL\runs_produce_run_20260720_0351~_RST.APRQ_11_0615.8-5139792751-zks9oe3k_94e912e8,no_mas_sum,,,0,0,,,
,..\2_LP\LOW_Fr_MASTER_result\local_5RL\runs_produce_run_20260720_0351~_RST.APRQ_11_0615.8-5b3aa962c7-ro6atfgr_95cacd19,no_mas_sum,,,0,0,,,
,..\2_LP\LOW_Fr_MASTER_result\local_5RL\runs_produce_run_20260720_0351~_RST.APRQ_11_0615.8-6687108d32-5jnhs52a_2e37d7cf,no_mas_sum,,,0,0,,,
,..\2_LP\LOW_Fr_MASTER_result\local_5RL\runs_produce_run_20260720_0351~_RST.APRQ_11_0615.8-6bf576178c-8izktzdv_e02e710a,no_mas_sum,,,0,0,,,
,..\2_LP\LOW_Fr_MASTER_result\local_5RL\runs_produce_run_20260720_0351~_RST.APRQ_11_0615.8-72df30ee78-xkhymz0o_ee765257,no_mas_sum,,,0,0,,,
,..\2_LP\LOW_Fr_MASTER_result\local_5RL\runs_produce_run_20260720_0351~_RST.APRQ_11_0615.8-7704320cf6-pnsomo8g_47c2343c,no_mas_sum,,,0,0,,,
,..\2_LP\LOW_Fr_MASTER_result\local_5RL\runs_produce_run_20260720_0351~_RST.APRQ_11_0615.8-878176f571-nz_z_pd4_b2f8f9ce,no_mas_sum,,,0,0,,,
,..\2_LP\LOW_Fr_MASTER_result\local_5RL\runs_produce_run_20260720_0351~_RST.APRQ_11_0615.8-9c67063046-thtq9qbd_f9c59acb,no_mas_sum,,,0,0,,,
,..\2_LP\LOW_Fr_MASTER_result\local_5RL\runs_produce_run_20260720_0351~_RST.APRQ_11_0615.8-9ef581b9df-sh2inlxd_9dce1699,no_mas_sum,,,0,0,,,
,..\2_LP\LOW_Fr_MASTER_result\local_5RL\runs_produce_run_20260720_0351~_RST.APRQ_11_0615.8-a77fd53322-tj1tou2b_9e6287a0,no_mas_sum,,,0,0,,,
,..\2_LP\LOW_Fr_MASTER_result\local_5RL\runs_produce_run_20260720_0351~_RST.APRQ_11_0615.8-aa40160353-f6ma7952_623ca86e,no_mas_sum,,,0,0,,,
,..\2_LP\LOW_Fr_MASTER_result\local_5RL\runs_produce_run_20260720_0351~_RST.APRQ_11_0615.8-adec2e0d09-gzdg9n2e_aa5dee59,no_mas_sum,,,0,0,,,
,..\2_LP\LOW_Fr_MASTER_result\local_5RL\runs_produce_run_20260720_0351~_RST.APRQ_11_0615.8-ae337d2b12-xtojelk9_9825a3fa,no_mas_sum,,,0,0,,,
,..\2_LP\LOW_Fr_MASTER_result\local_5RL\runs_produce_run_20260720_0351~_RST.APRQ_11_0615.8-b1367f4ffa-1g91zrik_f57d5f1f,no_mas_sum,,,0,0,,,
,..\2_LP\LOW_Fr_MASTER_result\local_5RL\runs_produce_run_20260720_0351~_RST.APRQ_11_0615.8-b235abb427-zojzklwt_e8a640b1,no_mas_sum,,,0,0,,,
,..\2_LP\LOW_Fr_MASTER_result\local_5RL\runs_produce_run_20260720_0351~_RST.APRQ_11_0615.8-b39eae1988-coye0qa6_83ab6671,no_mas_sum,,,0,0,,,
,..\2_LP\LOW_Fr_MASTER_result\local_5RL\runs_produce_run_20260720_0351~_RST.APRQ_11_0615.8-b5a46d3bbb-2kcbl2tk_03885484,no_mas_sum,,,0,0,,,
,..\2_LP\LOW_Fr_MASTER_result\local_5RL\runs_produce_run_20260720_0351~_RST.APRQ_11_0615.8-b6e20bad2a-3qapc7y8_02230fd4,no_mas_sum,,,0,0,,,
,..\2_LP\LOW_Fr_MASTER_result\local_5RL\runs_produce_run_20260720_0351~_RST.APRQ_11_0615.8-d0a3303f48-wt84g0lp_60de0ace,no_mas_sum,,,0,0,,,
,..\2_LP\LOW_Fr_MASTER_result\local_5RL\runs_produce_run_20260720_0351~_RST.APRQ_11_0615.8-d9f41952f5-x3kog4i2_3e71bcb6,no_mas_sum,,,0,0,,,
,..\2_LP\LOW_Fr_MASTER_result\local_5RL\runs_produce_run_20260720_0351~_RST.APRQ_11_0615.8-e2bceda058-faz7v_8k_3235b7b3,no_mas_sum,,,0,0,,,
,..\2_LP\LOW_Fr_MASTER_result\local_5RL\runs_produce_run_20260720_0351~_RST.APRQ_11_0615.8-e3a3b21c4b-4tvtq6uk_fc626bb6,no_mas_sum,,,0,0,,,
,..\2_LP\LOW_Fr_MASTER_result\local_5RL\runs_produce_run_20260720_0351~_RST.APRQ_11_0615.8-e4b996ca9f-eaky3ih1_c31df959,no_mas_sum,,,0,0,,,
,..\2_LP\LOW_Fr_MASTER_result\local_5RL\runs_produce_run_20260720_0351~_RST.APRQ_11_0615.8-e9f90947a3-ee2avbfd_4981a190,no_mas_sum,,,0,0,,,
,..\2_LP\LOW_Fr_MASTER_result\local_5RL\runs_produce_run_20260720_0351~_RST.APRQ_11_0615.8-ea369e688b-259w2s84_0f7b29e8,no_mas_sum,,,0,0,,,
,..\2_LP\LOW_Fr_MASTER_result\local_5RL\runs_produce_run_20260720_0351~_RST.APRQ_11_0615.8-ee4d21c7d1-2r4zvyql_75bb76dd,no_mas_sum,,,0,0,,,
,..\2_LP\LOW_Fr_MASTER_result\local_5RL\runs_produce_run_20260720_0351~_RST.APRQ_11_0615.8-fdf6a714a1-76o4am18_8de93dee,no_mas_sum,,,0,0,,,
,..\2_LP\LOW_Fr_MASTER_result\local_5RL\runs_produce_run_20260720_0351~_RST.APRQ_11_0618.3-05b834a912-lpinvh1h_c506b491,no_mas_sum,,,0,0,,,
,..\2_LP\LOW_Fr_MASTER_result\local_5RL\runs_produce_run_20260720_0351~_RST.APRQ_11_0618.3-0c9df46201-s3ikhr31_e8b80b9c,no_mas_sum,,,0,0,,,
,..\2_LP\LOW_Fr_MASTER_result\local_5RL\runs_produce_run_20260720_0351~_RST.APRQ_11_0618.3-13de040e20-m08u7rh0_168acd9d,no_mas_sum,,,0,0,,,
,..\2_LP\LOW_Fr_MASTER_result\local_5RL\runs_produce_run_20260720_0351~_RST.APRQ_11_0618.3-27a907453e-22zcgapp_f4140374,no_mas_sum,,,0,0,,,
,..\2_LP\LOW_Fr_MASTER_result\local_5RL\runs_produce_run_20260720_0351~_RST.APRQ_11_0618.3-31de7abc26-qupcd63g_15d40c38,no_mas_sum,,,0,0,,,
,..\2_LP\LOW_Fr_MASTER_result\local_5RL\runs_produce_run_20260720_0351~_RST.APRQ_11_0618.3-395f147eb4-ved6wm1j_bba273e0,no_mas_sum,,,0,0,,,
,..\2_LP\LOW_Fr_MASTER_result\local_5RL\runs_produce_run_20260720_0351~_RST.APRQ_11_0618.3-39a3195241-sy88yvy5_c054cda7,no_mas_sum,,,0,0,,,
,..\2_LP\LOW_Fr_MASTER_result\local_5RL\runs_produce_run_20260720_0351~_RST.APRQ_11_0618.3-5fe355f64a-2sk580w1_fae1f690,no_mas_sum,,,0,0,,,
,..\2_LP\LOW_Fr_MASTER_result\local_5RL\runs_produce_run_20260720_0351~_RST.APRQ_11_0618.3-9856b6211b-h9q97i63_b91d81c3,no_mas_sum,,,0,0,,,
,..\2_LP\LOW_Fr_MASTER_result\local_5RL\runs_produce_run_20260720_0351~_RST.APRQ_11_0618.3-98b3167514-c76holxp_b24a6366,no_mas_sum,,,0,0,,,
,..\2_LP\LOW_Fr_MASTER_result\local_5RL\runs_produce_run_20260720_0351~_RST.APRQ_11_0618.3-9ee682bc95-ndfn8g84_931250e4,no_mas_sum,,,0,0,,,
,..\2_LP\LOW_Fr_MASTER_result\local_5RL\runs_produce_run_20260720_0351~_RST.APRQ_11_0618.3-a66f3031b1-hrlmm6o9_ad064c6e,no_mas_sum,,,0,0,,,
,..\2_LP\LOW_Fr_MASTER_result\local_5RL\runs_produce_run_20260720_0351~_RST.APRQ_11_0618.3-a96154377c-6yxt3qze_5ddee93c,no_mas_sum,,,0,0,,,
,..\2_LP\LOW_Fr_MASTER_result\local_5RL\runs_produce_run_20260720_0351~_RST.APRQ_11_0618.3-ad2ffc34fe-rab1frbr_bfc618a8,no_mas_sum,,,0,0,,,
,..\2_LP\LOW_Fr_MASTER_result\local_5RL\runs_produce_run_20260720_0351~_RST.APRQ_11_0618.3-be430b9223-ygbn215b_d56b8702,no_mas_sum,,,0,0,,,
,..\2_LP\LOW_Fr_MASTER_result\local_5RL\runs_produce_run_20260720_0351~_RST.APRQ_11_0618.3-bfd6d2b7ae-wawtykuz_9160bf1a,no_mas_sum,,,0,0,,,
,..\2_LP\LOW_Fr_MASTER_result\local_5RL\runs_produce_run_20260720_0351~_RST.APRQ_11_0618.3-c1aab052e8-btrldqei_17f689c4,no_mas_sum,,,0,0,,,
,..\2_LP\LOW_Fr_MASTER_result\local_5RL\runs_produce_run_20260720_0351~_RST.APRQ_11_0618.3-cc2475ce01-k5rjzjtb_231c0fc5,no_mas_sum,,,0,0,,,
,..\2_LP\LOW_Fr_MASTER_result\local_5RL\runs_produce_run_20260720_0351~_RST.APRQ_11_0618.3-e59c59cd66-po37yk1c_066105ff,no_mas_sum,,,0,0,,,
,..\2_LP\LOW_Fr_MASTER_result\local_5RL\runs_produce_run_20260720_0351~_RST.APRQ_11_0618.3-f10d2008e5-m5j8gdjf_93840fda,no_mas_sum,,,0,0,,,
,..\2_LP\LOW_Fr_MASTER_result\local_5RL\runs_produce_run_20260720_0351~_RST.APRQ_11_0618.3-f2b6815715-r3j3uc6l_13495ea7,no_mas_sum,,,0,0,,,
,..\2_LP\LOW_Fr_MASTER_result\local_5RL\runs_produce_run_20260720_0351~_RST.APRQ_11_0618.3-f3ea9d5840-nqy_r_71_343d7660,no_mas_sum,,,0,0,,,
,..\2_LP\LOW_Fr_MASTER_result\local_5RL\runs_produce_run_20260720_0351~_RST.APRQ_11_0618.3-f4c2d579c5-jdlkb7e6_45b736c8,no_mas_sum,,,0,0,,,
,..\2_LP\LOW_Fr_MASTER_result\local_5RL\runs_produce_run_20260720_0351~_RST.APRQ_11_0618.3-f9b5c09901-qw7y6ja1_0c6336a1,no_mas_sum,,,0,0,,,
,..\2_LP\LOW_Fr_MASTER_result\local_5RL\runs_produce_run_20260720_0351~S_RST.APRQ_10_0635.8-032361a8b7-tdvzg8d_d24ec425,no_mas_sum,,,0,0,,,
,..\2_LP\LOW_Fr_MASTER_result\local_5RL\runs_produce_run_20260720_0351~S_RST.APRQ_10_0635.8-929f2f1443-x2y26d6_4dc5553f,no_mas_sum,,,0,0,,,
,..\2_LP\LOW_Fr_MASTER_result\local_5RL\runs_produce_run_20260720_0351~S_RST.APRQ_11_0615.8-4853ad0abc-cm8ofi4_de0cef0f,no_mas_sum,,,0,0,,,
,..\2_LP\LOW_Fr_MASTER_result\local_5RL\runs_produce_run_20260720_0351~S_RST.APRQ_11_0615.8-756dd9d9ef-zgers44_ecfc3c90,no_mas_sum,,,0,0,,,
,..\2_LP\LOW_Fr_MASTER_result\local_5RL\runs_produce_run_20260720_0351~S_RST.APRQ_11_0615.8-773fa2afc8-zrpxdxb_ddd73fca,no_mas_sum,,,0,0,,,
,..\2_LP\LOW_Fr_MASTER_result\local_5RL\runs_produce_run_20260720_0351~S_RST.APRQ_11_0618.3-a2795559e3-bf_aqzl_6fc66475,no_mas_sum,,,0,0,,,
,..\2_LP\LOW_Fr_MASTER_result\local_5RL\runs_produce_run_20260720_0720~_RST.APRQ_11_0705.0-0096f1f7cc-gh0l88fc_ec100752,no_mas_sum,,,0,0,,,
,..\2_LP\LOW_Fr_MASTER_result\local_5RL\runs_produce_run_20260720_0720~_RST.APRQ_11_0705.0-03f5647c86-zyr9jjsg_530e9031,no_mas_sum,,,0,0,,,
,..\2_LP\LOW_Fr_MASTER_result\local_5RL\runs_produce_run_20260720_0720~_RST.APRQ_11_0705.0-0684ab3cb9-uwylqfqn_53d58eb6,no_mas_sum,,,0,0,,,
,..\2_LP\LOW_Fr_MASTER_result\local_5RL\runs_produce_run_20260720_0720~_RST.APRQ_11_0705.0-0f4dfe57b9-gw5cvb5k_35f004a2,no_mas_sum,,,0,0,,,
,..\2_LP\LOW_Fr_MASTER_result\local_5RL\runs_produce_run_20260720_0720~_RST.APRQ_11_0705.0-138c02059f-6k2npbtx_abe9a28f,no_mas_sum,,,0,0,,,
,..\2_LP\LOW_Fr_MASTER_result\local_5RL\runs_produce_run_20260720_0720~_RST.APRQ_11_0705.0-2aa18e2433-1ipb60cw_6e3e77ba,no_mas_sum,,,0,0,,,
,..\2_LP\LOW_Fr_MASTER_result\local_5RL\runs_produce_run_20260720_0720~_RST.APRQ_11_0705.0-2bc3b77656-cye70lc1_083748b4,no_mas_sum,,,0,0,,,
,..\2_LP\LOW_Fr_MASTER_result\local_5RL\runs_produce_run_20260720_0720~_RST.APRQ_11_0705.0-313f9d43c8-qfd2cr13_8eadcf95,no_mas_sum,,,0,0,,,
,..\2_LP\LOW_Fr_MASTER_result\local_5RL\runs_produce_run_20260720_0720~_RST.APRQ_11_0705.0-34e529943c-is6lbk4u_b5fbb161,no_mas_sum,,,0,0,,,
,..\2_LP\LOW_Fr_MASTER_result\local_5RL\runs_produce_run_20260720_0720~_RST.APRQ_11_0705.0-3630e46d3c-nqz0h2v7_611aebcc,no_mas_sum,,,0,0,,,
,..\2_LP\LOW_Fr_MASTER_result\local_5RL\runs_produce_run_20260720_0720~_RST.APRQ_11_0705.0-367850fdd8-9dzd6cu5_b7c75606,no_mas_sum,,,0,0,,,
,..\2_LP\LOW_Fr_MASTER_result\local_5RL\runs_produce_run_20260720_0720~_RST.APRQ_11_0705.0-36add40400-kdtlmaiz_4f80b4ff,no_mas_sum,,,0,0,,,
,..\2_LP\LOW_Fr_MASTER_result\local_5RL\runs_produce_run_20260720_0720~_RST.APRQ_11_0705.0-390c059d45-d2ay4nf1_a4678d7e,no_mas_sum,,,0,0,,,
,..\2_LP\LOW_Fr_MASTER_result\local_5RL\runs_produce_run_20260720_0720~_RST.APRQ_11_0705.0-3d62ceea7e-sj76gznv_8a14ced8,no_mas_sum,,,0,0,,,
,..\2_LP\LOW_Fr_MASTER_result\local_5RL\runs_produce_run_20260720_0720~_RST.APRQ_11_0705.0-456315c5a0-dciyhc8s_3b6fc537,no_mas_sum,,,0,0,,,
,..\2_LP\LOW_Fr_MASTER_result\local_5RL\runs_produce_run_20260720_0720~_RST.APRQ_11_0705.0-4c51dc32d3-_d4ju1cy_66173e6e,no_mas_sum,,,0,0,,,
,..\2_LP\LOW_Fr_MASTER_result\local_5RL\runs_produce_run_20260720_0720~_RST.APRQ_11_0705.0-4cae07a8fa-4nzmcgsi_0f9b54ca,no_mas_sum,,,0,0,,,
,..\2_LP\LOW_Fr_MASTER_result\local_5RL\runs_produce_run_20260720_0720~_RST.APRQ_11_0705.0-4fed47dd87-gzwowbbr_b8e7871a,no_mas_sum,,,0,0,,,
,..\2_LP\LOW_Fr_MASTER_result\local_5RL\runs_produce_run_20260720_0720~_RST.APRQ_11_0705.0-5884b69d51-65osk760_87089a8a,no_mas_sum,,,0,0,,,
,..\2_LP\LOW_Fr_MASTER_result\local_5RL\runs_produce_run_20260720_0720~_RST.APRQ_11_0705.0-59c0cc3bec-jziu9mra_0472d64e,no_mas_sum,,,0,0,,,
,..\2_LP\LOW_Fr_MASTER_result\local_5RL\runs_produce_run_20260720_0720~_RST.APRQ_11_0705.0-5a52514d6c-p2xxow0h_10ae250a,no_mas_sum,,,0,0,,,
,..\2_LP\LOW_Fr_MASTER_result\local_5RL\runs_produce_run_20260720_0720~_RST.APRQ_11_0705.0-5d618aa777-uin1czy7_ab990fba,no_mas_sum,,,0,0,,,
,..\2_LP\LOW_Fr_MASTER_result\local_5RL\runs_produce_run_20260720_0720~_RST.APRQ_11_0705.0-5e0936a2aa-lmo0bxg2_fffcda57,no_mas_sum,,,0,0,,,
,..\2_LP\LOW_Fr_MASTER_result\local_5RL\runs_produce_run_20260720_0720~_RST.APRQ_11_0705.0-5eb408d0cd-16ssvab9_37b10aca,no_mas_sum,,,0,0,,,
,..\2_LP\LOW_Fr_MASTER_result\local_5RL\runs_produce_run_20260720_0720~_RST.APRQ_11_0705.0-5ff14bf2e8-0o7qt295_512e396f,no_mas_sum,,,0,0,,,
,..\2_LP\LOW_Fr_MASTER_result\local_5RL\runs_produce_run_20260720_0720~_RST.APRQ_11_0705.0-66890b961f-97qbp2u9_228abc7a,no_mas_sum,,,0,0,,,
,..\2_LP\LOW_Fr_MASTER_result\local_5RL\runs_produce_run_20260720_0720~_RST.APRQ_11_0705.0-6943da9c6f-3jx3bz9c_b21c1559,no_mas_sum,,,0,0,,,
,..\2_LP\LOW_Fr_MASTER_result\local_5RL\runs_produce_run_20260720_0720~_RST.APRQ_11_0705.0-6d24a9487e-eamtsan4_e5fd5148,no_mas_sum,,,0,0,,,
,..\2_LP\LOW_Fr_MASTER_result\local_5RL\runs_produce_run_20260720_0720~_RST.APRQ_11_0705.0-79ae95e39f-4zgnic_b_d93dc180,no_mas_sum,,,0,0,,,
,..\2_LP\LOW_Fr_MASTER_result\local_5RL\runs_produce_run_20260720_0720~_RST.APRQ_11_0705.0-8a580f61b0-6smo6yxs_90f48636,no_mas_sum,,,0,0,,,
,..\2_LP\LOW_Fr_MASTER_result\local_5RL\runs_produce_run_20260720_0720~_RST.APRQ_11_0705.0-8ed71f76dd-5wqoh233_e1971a8d,no_mas_sum,,,0,0,,,
,..\2_LP\LOW_Fr_MASTER_result\local_5RL\runs_produce_run_20260720_0720~_RST.APRQ_11_0705.0-9a8837d138-64oswnin_37091c33,no_mas_sum,,,0,0,,,
,..\2_LP\LOW_Fr_MASTER_result\local_5RL\runs_produce_run_20260720_0720~_RST.APRQ_11_0705.0-a493d4046d-0yer0sli_ce3b872e,no_mas_sum,,,0,0,,,
,..\2_LP\LOW_Fr_MASTER_result\local_5RL\runs_produce_run_20260720_0720~_RST.APRQ_11_0705.0-a4e131fbd6-wf3dg6_l_814702ac,no_mas_sum,,,0,0,,,
,..\2_LP\LOW_Fr_MASTER_result\local_5RL\runs_produce_run_20260720_0720~_RST.APRQ_11_0705.0-a8723b43bc-u6sy55po_588655a8,no_mas_sum,,,0,0,,,
,..\2_LP\LOW_Fr_MASTER_result\local_5RL\runs_produce_run_20260720_0720~_RST.APRQ_11_0705.0-b4a370e070-szz4wj2q_96ba81ed,no_mas_sum,,,0,0,,,
,..\2_LP\LOW_Fr_MASTER_result\local_5RL\runs_produce_run_20260720_0720~_RST.APRQ_11_0705.0-b8085aeabd-4dbswphu_3a48509c,no_mas_sum,,,0,0,,,
,..\2_LP\LOW_Fr_MASTER_result\local_5RL\runs_produce_run_20260720_0720~_RST.APRQ_11_0705.0-c1743068b6-u93zvz7k_8d726f53,no_mas_sum,,,0,0,,,
,..\2_LP\LOW_Fr_MASTER_result\local_5RL\runs_produce_run_20260720_0720~_RST.APRQ_11_0705.0-c68e162e94-3y7epye0_2a3a13c4,no_mas_sum,,,0,0,,,
,..\2_LP\LOW_Fr_MASTER_result\local_5RL\runs_produce_run_20260720_0720~_RST.APRQ_11_0705.0-ce6b7aba60-lfow_nqk_7cc9db16,no_mas_sum,,,0,0,,,
,..\2_LP\LOW_Fr_MASTER_result\local_5RL\runs_produce_run_20260720_0720~_RST.APRQ_11_0705.0-d55bb00673-9_a7bfvc_5f00a9ea,no_mas_sum,,,0,0,,,
,..\2_LP\LOW_Fr_MASTER_result\local_5RL\runs_produce_run_20260720_0720~_RST.APRQ_11_0705.0-df6eedd5dc-5fnxlv1e_a2f53e19,no_mas_sum,,,0,0,,,
,..\2_LP\LOW_Fr_MASTER_result\local_5RL\runs_produce_run_20260720_0720~_RST.APRQ_11_0705.0-e3a16f7ffb-_xnx3ajz_56ed1fb7,no_mas_sum,,,0,0,,,
,..\2_LP\LOW_Fr_MASTER_result\local_5RL\runs_produce_run_20260720_0720~_RST.APRQ_11_0705.0-e4afc755f1-ucjbolnr_526dca05,no_mas_sum,,,0,0,,,
,..\2_LP\LOW_Fr_MASTER_result\local_5RL\runs_produce_run_20260720_0720~_RST.APRQ_11_0705.0-e9bdf66d33-w9z3nbfu_a184db2a,no_mas_sum,,,0,0,,,
,..\2_LP\LOW_Fr_MASTER_result\local_5RL\runs_produce_run_20260720_0720~_RST.APRQ_11_0705.0-ede3432a79-7bfgizes_59e4d2d1,no_mas_sum,,,0,0,,,
,..\2_LP\LOW_Fr_MASTER_result\local_5RL\runs_produce_run_20260720_0720~_RST.APRQ_11_0705.0-eedca07ca4-r92ygbl4_ca6ad880,no_mas_sum,,,0,0,,,
,..\2_LP\LOW_Fr_MASTER_result\local_5RL\runs_produce_run_20260720_0720~_RST.APRQ_11_0705.0-f650478326-v9_khil0_971b06af,no_mas_sum,,,0,0,,,
,..\2_LP\LOW_Fr_MASTER_result\local_5RL\runs_produce_run_20260720_0720~_RST.APRQ_11_0705.0-fb46912c26-wseg097v_4313f98e,no_mas_sum,,,0,0,,,
,..\2_LP\LOW_Fr_MASTER_result\local_5RL\runs_produce_run_20260720_0720~_RST.APRQ_11_0705.0-fbc875e090-l_qcv9vu_6b9c5f7e,no_mas_sum,,,0,0,,,
,..\2_LP\LOW_Fr_MASTER_result\local_5RL\runs_produce_run_20260720_0720~_RST.APRQ_11_0767.1-0becc8ed43-ai70aegq_dc6e0a2f,no_mas_sum,,,0,0,,,
,..\2_LP\LOW_Fr_MASTER_result\local_5RL\runs_produce_run_20260720_0720~_RST.APRQ_11_0767.1-1125216101-cyz6ppry_2c7c1236,no_mas_sum,,,0,0,,,
,..\2_LP\LOW_Fr_MASTER_result\local_5RL\runs_produce_run_20260720_0720~_RST.APRQ_11_0767.1-186c437d4a-iej708v2_905b38ff,no_mas_sum,,,0,0,,,
,..\2_LP\LOW_Fr_MASTER_result\local_5RL\runs_produce_run_20260720_0720~_RST.APRQ_11_0767.1-20ee1b3a50-x1zqp71g_0dfdcf38,no_mas_sum,,,0,0,,,
,..\2_LP\LOW_Fr_MASTER_result\local_5RL\runs_produce_run_20260720_0720~_RST.APRQ_11_0767.1-3b6a738b02-7l6gebpc_a32ad2fd,no_mas_sum,,,0,0,,,
,..\2_LP\LOW_Fr_MASTER_result\local_5RL\runs_produce_run_20260720_0720~_RST.APRQ_11_0767.1-49cc83f5e4-82ljz58d_369d118a,no_mas_sum,,,0,0,,,
,..\2_LP\LOW_Fr_MASTER_result\local_5RL\runs_produce_run_20260720_0720~_RST.APRQ_11_0767.1-597e86907a-55h44fdy_98713c8f,no_mas_sum,,,0,0,,,
,..\2_LP\LOW_Fr_MASTER_result\local_5RL\runs_produce_run_20260720_0720~_RST.APRQ_11_0767.1-5a134f9880-53i90go7_ec5f947c,no_mas_sum,,,0,0,,,
,..\2_LP\LOW_Fr_MASTER_result\local_5RL\runs_produce_run_20260720_0720~_RST.APRQ_11_0767.1-6dd38303f8-uksh65zw_17a77457,no_mas_sum,,,0,0,,,
,..\2_LP\LOW_Fr_MASTER_result\local_5RL\runs_produce_run_20260720_0720~_RST.APRQ_11_0767.1-88608948aa-mhbw5ghg_8da7656b,no_mas_sum,,,0,0,,,
,..\2_LP\LOW_Fr_MASTER_result\local_5RL\runs_produce_run_20260720_0720~_RST.APRQ_11_0767.1-9e9604852e-pucoymna_eb8eae46,no_mas_sum,,,0,0,,,
,..\2_LP\LOW_Fr_MASTER_result\local_5RL\runs_produce_run_20260720_0720~_RST.APRQ_11_0767.1-a44803680c-t2ye4nyn_f3190e57,no_mas_sum,,,0,0,,,
,..\2_LP\LOW_Fr_MASTER_result\local_5RL\runs_produce_run_20260720_0720~_RST.APRQ_11_0767.1-a5063b9635-53jwdm5h_d82a162d,no_mas_sum,,,0,0,,,
,..\2_LP\LOW_Fr_MASTER_result\local_5RL\runs_produce_run_20260720_0720~_RST.APRQ_11_0767.1-a88f0198d1-pr13kglf_71ef4a89,no_mas_sum,,,0,0,,,
,..\2_LP\LOW_Fr_MASTER_result\local_5RL\runs_produce_run_20260720_0720~_RST.APRQ_11_0767.1-b692cacf06-wauwfqwb_156a5fb5,no_mas_sum,,,0,0,,,
,..\2_LP\LOW_Fr_MASTER_result\local_5RL\runs_produce_run_20260720_0720~_RST.APRQ_11_0767.1-bf969aef44-k2yfeyaj_59c391b3,no_mas_sum,,,0,0,,,
,..\2_LP\LOW_Fr_MASTER_result\local_5RL\runs_produce_run_20260720_0720~_RST.APRQ_11_0767.1-c725fedb5b-nx2myaaf_827a8816,no_mas_sum,,,0,0,,,
,..\2_LP\LOW_Fr_MASTER_result\local_5RL\runs_produce_run_20260720_0720~_RST.APRQ_11_0767.1-d4782bdfbd-6eufu2d2_5bec1b58,no_mas_sum,,,0,0,,,
,..\2_LP\LOW_Fr_MASTER_result\local_5RL\runs_produce_run_20260720_0720~_RST.APRQ_11_0767.1-e4cef51bb4-fd170qcd_7ca7b4dd,no_mas_sum,,,0,0,,,
,..\2_LP\LOW_Fr_MASTER_result\local_5RL\runs_produce_run_20260720_0720~S_RST.APRQ_11_0705.0-d39fcb7383-s_6u_aq_95b6a39f,no_mas_sum,,,0,0,,,
,..\2_LP\LOW_Fr_MASTER_result\local_5RL\runs_produce_run_20260720_0720~S_RST.APRQ_11_0705.0-d8121c8833-zxhi07m_5557c439,no_mas_sum,,,0,0,,,
,..\2_LP\LOW_Fr_MASTER_result\local_5RL\runs_produce_run_20260720_0720~S_RST.APRQ_11_0767.1-9adae0a61b-0rc7i60_98f9d460,no_mas_sum,,,0,0,,,
,..\2_LP\LOW_Fr_MASTER_result\local_5RL\runs_produce_run_20260720_1421~_RST.APRQ_10_0635.8-0da3ff1abd-ekupeqa5_143309bc,no_mas_sum,,,0,0,,,
,..\2_LP\LOW_Fr_MASTER_result\local_5RL\runs_produce_run_20260720_1421~_RST.APRQ_10_0635.8-228064a927-j9sdn06b_65a2adf2,no_mas_sum,,,0,0,,,
,..\2_LP\LOW_Fr_MASTER_result\local_5RL\runs_produce_run_20260720_1421~_RST.APRQ_10_0635.8-34b87fdad9-y5pqzdc4_f70b80a0,no_mas_sum,,,0,0,,,
,..\2_LP\LOW_Fr_MASTER_result\local_5RL\runs_produce_run_20260720_1421~_RST.APRQ_10_0635.8-3e4c45a4e2-dk55c_vq_0a17450f,no_mas_sum,,,0,0,,,
,..\2_LP\LOW_Fr_MASTER_result\local_5RL\runs_produce_run_20260720_1421~_RST.APRQ_10_0635.8-4e0121a983-ljlqzvdp_9be33330,no_mas_sum,,,0,0,,,
,..\2_LP\LOW_Fr_MASTER_result\local_5RL\runs_produce_run_20260720_1421~_RST.APRQ_10_0635.8-9b1d90628a-2vm9sopa_79eae6b9,no_mas_sum,,,0,0,,,
,..\2_LP\LOW_Fr_MASTER_result\local_5RL\runs_produce_run_20260720_1421~_RST.APRQ_10_0635.8-b8342259ed-beorti2m_23305579,no_mas_sum,,,0,0,,,
,..\2_LP\LOW_Fr_MASTER_result\local_5RL\runs_produce_run_20260720_1421~_RST.APRQ_10_0635.8-beb86140d3-sp9wn3ge_0e3761b7,no_mas_sum,,,0,0,,,
,..\2_LP\LOW_Fr_MASTER_result\local_5RL\runs_produce_run_20260720_1421~_RST.APRQ_10_0635.8-c301e1951e-3n372_nz_37a2d0ab,no_mas_sum,,,0,0,,,
,..\2_LP\LOW_Fr_MASTER_result\local_5RL\runs_produce_run_20260720_1421~_RST.APRQ_10_0635.8-d3d560b152-zqx_27rg_34519d7a,no_mas_sum,,,0,0,,,
,..\2_LP\LOW_Fr_MASTER_result\local_5RL\runs_produce_run_20260720_1421~_RST.APRQ_10_0635.8-f08bf4cf30-t61djmu3_b20e880f,no_mas_sum,,,0,0,,,
,..\2_LP\LOW_Fr_MASTER_result\local_5RL\runs_produce_run_20260720_1421~_RST.APRQ_11_0630.4-3e9eeea431-jriu57fw_69d68f68,no_mas_sum,,,0,0,,,
,..\2_LP\LOW_Fr_MASTER_result\local_5RL\runs_produce_run_20260720_1421~_RST.APRQ_11_0630.4-4696adfa7e-blsdr2s0_1e39cf69,no_mas_sum,,,0,0,,,
,..\2_LP\LOW_Fr_MASTER_result\local_5RL\runs_produce_run_20260720_1421~_RST.APRQ_11_0630.4-49c71b83f9-kl_qkqci_e7403941,no_mas_sum,,,0,0,,,
,..\2_LP\LOW_Fr_MASTER_result\local_5RL\runs_produce_run_20260720_1421~_RST.APRQ_11_0630.4-4ae3cb9677-8hjldkxq_90ea72bc,no_mas_sum,,,0,0,,,
,..\2_LP\LOW_Fr_MASTER_result\local_5RL\runs_produce_run_20260720_1421~_RST.APRQ_11_0630.4-540974ec37-c61m8we7_e6dcd513,no_mas_sum,,,0,0,,,
,..\2_LP\LOW_Fr_MASTER_result\local_5RL\runs_produce_run_20260720_1421~_RST.APRQ_11_0630.4-606171b9fb-mci27p57_acf9c200,no_mas_sum,,,0,0,,,
,..\2_LP\LOW_Fr_MASTER_result\local_5RL\runs_produce_run_20260720_1421~_RST.APRQ_11_0630.4-9bd889762c-gll8d2fm_8add89c2,no_mas_sum,,,0,0,,,
097924d6655ef268,..\2_LP\LOW_Fr_MASTER_result\local_5RL\runs_produce_run_20260720_1421~_RST.APRQ_11_0630.4-b456d2a295-tkbwkqlw_14f4bc16,superseded,,,0,0,,,deck
,..\2_LP\LOW_Fr_MASTER_result\local_5RL\runs_produce_run_20260720_1421~_RST.APRQ_11_0630.4-b52f09cd73-xctkx72p_3253f64e,no_mas_sum,,,0,0,,,
,..\2_LP\LOW_Fr_MASTER_result\local_5RL\runs_produce_run_20260720_1421~_RST.APRQ_11_0630.4-b8512af5d5-hqr6hukd_9ce4d8b4,no_mas_sum,,,0,0,,,
,..\2_LP\LOW_Fr_MASTER_result\local_5RL\runs_produce_run_20260720_1421~_RST.APRQ_11_0630.4-c9d6eae3fe-sh5897kk_27ee59b9,no_mas_sum,,,0,0,,,
,..\2_LP\LOW_Fr_MASTER_result\local_5RL\runs_produce_run_20260720_1421~_RST.APRQ_11_0630.4-d4fa530fcb-t8bpzu2t_521ed4dc,no_mas_sum,,,0,0,,,
,..\2_LP\LOW_Fr_MASTER_result\local_5RL\runs_produce_run_20260720_1421~_RST.APRQ_11_0630.4-d92c385172-sm3ojryb_64dbc28c,no_mas_sum,,,0,0,,,
,..\2_LP\LOW_Fr_MASTER_result\local_5RL\runs_produce_run_20260720_1421~_RST.APRQ_11_0630.4-e20c53e59f-_talp01h_6f22fb10,no_mas_sum,,,0,0,,,
,..\2_LP\LOW_Fr_MASTER_result\local_5RL\runs_produce_run_20260720_1421~_RST.APRQ_11_0630.4-f1053553bc-gynredrx_5a9b5592,no_mas_sum,,,0,0,,,
709a4d2f6a69f990,..\2_LP\LOW_Fr_MASTER_result\local_5RL\runs_produce_run_20260720_1421~_RST.APRQ_11_0630.4-f91a37e5b5-1jbsmb52_4f7e9494,superseded,,,0,0,,,deck
,..\2_LP\LOW_Fr_MASTER_result\local_5RL\runs_produce_run_20260720_1421~_RST.APRQ_11_0635.1-005e50912d-9c_uuzv8_7b7d07ca,no_mas_sum,,,0,0,,,
,..\2_LP\LOW_Fr_MASTER_result\local_5RL\runs_produce_run_20260720_1421~_RST.APRQ_11_0635.1-0085eaa850-k4okc72l_80fee766,no_mas_sum,,,0,0,,,
,..\2_LP\LOW_Fr_MASTER_result\local_5RL\runs_produce_run_20260720_1421~_RST.APRQ_11_0635.1-1fde097af0-ps3o2fex_99b59fe5,no_mas_sum,,,0,0,,,
,..\2_LP\LOW_Fr_MASTER_result\local_5RL\runs_produce_run_20260720_1421~_RST.APRQ_11_0635.1-273a918434-kojszu0b_8dd09eb4,no_mas_sum,,,0,0,,,
,..\2_LP\LOW_Fr_MASTER_result\local_5RL\runs_produce_run_20260720_1421~_RST.APRQ_11_0635.1-334499e3ff-ot35p01f_0cb45508,no_mas_sum,,,0,0,,,
,..\2_LP\LOW_Fr_MASTER_result\local_5RL\runs_produce_run_20260720_1421~_RST.APRQ_11_0635.1-3654f39121-7c7_dn35_44265686,no_mas_sum,,,0,0,,,
,..\2_LP\LOW_Fr_MASTER_result\local_5RL\runs_produce_run_20260720_1421~_RST.APRQ_11_0635.1-3c402fc694-coqb8oek_302668eb,no_mas_sum,,,0,0,,,
,..\2_LP\LOW_Fr_MASTER_result\local_5RL\runs_produce_run_20260720_1421~_RST.APRQ_11_0635.1-4c827e3997-rh0yfdqi_6734bb13,no_mas_sum,,,0,0,,,
,..\2_LP\LOW_Fr_MASTER_result\local_5RL\runs_produce_run_20260720_1421~_RST.APRQ_11_0635.1-5d9a8de229-prkajfeo_09e71018,no_mas_sum,,,0,0,,,
,..\2_LP\LOW_Fr_MASTER_result\local_5RL\runs_produce_run_20260720_1421~_RST.APRQ_11_0635.1-6eafdad9d5-0llr_w0v_488acf5b,no_mas_sum,,,0,0,,,
,..\2_LP\LOW_Fr_MASTER_result\local_5RL\runs_produce_run_20260720_1421~_RST.APRQ_11_0635.1-6f3874141a-5erokq9u_7f6bcff8,no_mas_sum,,,0,0,,,
,..\2_LP\LOW_Fr_MASTER_result\local_5RL\runs_produce_run_20260720_1421~_RST.APRQ_11_0635.1-77067edd53-2s73y33y_e50c8ca0,no_mas_sum,,,0,0,,,
,..\2_LP\LOW_Fr_MASTER_result\local_5RL\runs_produce_run_20260720_1421~_RST.APRQ_11_0635.1-79ee5a642d-fkjg5033_a28fd5f6,no_mas_sum,,,0,0,,,
768bb21b46537897,..\2_LP\LOW_Fr_MASTER_result\local_5RL\runs_produce_run_20260720_1421~_RST.APRQ_11_0635.1-7c96d442b2-2uz9601d_9984547f,superseded,,,0,0,,,deck
,..\2_LP\LOW_Fr_MASTER_result\local_5RL\runs_produce_run_20260720_1421~_RST.APRQ_11_0635.1-7ed38ed0d7-bpzzhpls_3f0b75dc,no_mas_sum,,,0,0,,,
,..\2_LP\LOW_Fr_MASTER_result\local_5RL\runs_produce_run_20260720_1421~_RST.APRQ_11_0635.1-8ee4d4ff1a-mkqh0s8h_752e7465,no_mas_sum,,,0,0,,,
,..\2_LP\LOW_Fr_MASTER_result\local_5RL\runs_produce_run_20260720_1421~_RST.APRQ_11_0635.1-a05fc584b1-_2pd1r4d_b7e3b648,no_mas_sum,,,0,0,,,
,..\2_LP\LOW_Fr_MASTER_result\local_5RL\runs_produce_run_20260720_1421~_RST.APRQ_11_0635.1-a0ff367cdb-hfuc6yo2_4de681d8,no_mas_sum,,,0,0,,,
,..\2_LP\LOW_Fr_MASTER_result\local_5RL\runs_produce_run_20260720_1421~_RST.APRQ_11_0635.1-adcbd8d68a-jmzq9ah1_f753f0e2,no_mas_sum,,,0,0,,,
,..\2_LP\LOW_Fr_MASTER_result\local_5RL\runs_produce_run_20260720_1421~_RST.APRQ_11_0635.1-f3a6412ccf-ucyk_vxg_514137a2,no_mas_sum,,,0,0,,,
,..\2_LP\LOW_Fr_MASTER_result\local_5RL\runs_produce_run_20260720_1421~_RST.APRQ_11_0637.5-0ab0b0d926-l2zq7idv_d67ae777,no_mas_sum,,,0,0,,,
,..\2_LP\LOW_Fr_MASTER_result\local_5RL\runs_produce_run_20260720_1421~_RST.APRQ_11_0637.5-178241cc82-jwpkw4ne_3eeaf8be,no_mas_sum,,,0,0,,,
,..\2_LP\LOW_Fr_MASTER_result\local_5RL\runs_produce_run_20260720_1421~_RST.APRQ_11_0637.5-22c80e4165-ophuhgv9_ae2f6171,no_mas_sum,,,0,0,,,
,..\2_LP\LOW_Fr_MASTER_result\local_5RL\runs_produce_run_20260720_1421~_RST.APRQ_11_0637.5-44a6d79f43-cbsahq4m_b5e56404,no_mas_sum,,,0,0,,,
,..\2_LP\LOW_Fr_MASTER_result\local_5RL\runs_produce_run_20260720_1421~_RST.APRQ_11_0637.5-48df738722-srdbt8d5_adafd218,no_mas_sum,,,0,0,,,
,..\2_LP\LOW_Fr_MASTER_result\local_5RL\runs_produce_run_20260720_1421~_RST.APRQ_11_0637.5-58b96c2e45-_z2_vah0_3223d1e4,no_mas_sum,,,0,0,,,
85d71961161923ce,..\2_LP\LOW_Fr_MASTER_result\local_5RL\runs_produce_run_20260720_1421~_RST.APRQ_11_0637.5-5ca445e1e5-2b4e0_kg_2008ce13,superseded,,,0,0,,,deck
,..\2_LP\LOW_Fr_MASTER_result\local_5RL\runs_produce_run_20260720_1421~_RST.APRQ_11_0637.5-65b3bf67c5-n0c2ktpl_954aff26,no_mas_sum,,,0,0,,,
,..\2_LP\LOW_Fr_MASTER_result\local_5RL\runs_produce_run_20260720_1421~_RST.APRQ_11_0637.5-7cc5c24739-nr2967o7_71e373db,no_mas_sum,,,0,0,,,
,..\2_LP\LOW_Fr_MASTER_result\local_5RL\runs_produce_run_20260720_1421~_RST.APRQ_11_0637.5-87a4b788d2-qwrgxyp0_1144bf38,no_mas_sum,,,0,0,,,
,..\2_LP\LOW_Fr_MASTER_result\local_5RL\runs_produce_run_20260720_1421~_RST.APRQ_11_0637.5-97cc20c17b-xk1ltt7g_b2487ad0,no_mas_sum,,,0,0,,,
,..\2_LP\LOW_Fr_MASTER_result\local_5RL\runs_produce_run_20260720_1421~_RST.APRQ_11_0637.5-a6739072ff-283jchcw_bde18e51,no_mas_sum,,,0,0,,,
,..\2_LP\LOW_Fr_MASTER_result\local_5RL\runs_produce_run_20260720_1421~_RST.APRQ_11_0637.5-b464190651-jy3l3ees_cfe227fa,no_mas_sum,,,0,0,,,
,..\2_LP\LOW_Fr_MASTER_result\local_5RL\runs_produce_run_20260720_1421~_RST.APRQ_11_0637.5-f5d4c7b726-j5tym26z_5ceee141,no_mas_sum,,,0,0,,,
,..\2_LP\LOW_Fr_MASTER_result\local_5RL\runs_produce_run_20260720_1421~_RST.APRQ_11_0686.4-0025d5873d-o45cokv0_b15b54f6,no_mas_sum,,,0,0,,,
,..\2_LP\LOW_Fr_MASTER_result\local_5RL\runs_produce_run_20260720_1421~_RST.APRQ_11_0686.4-012c15ed27-fu_zgz1z_d7a19def,no_mas_sum,,,0,0,,,
,..\2_LP\LOW_Fr_MASTER_result\local_5RL\runs_produce_run_20260720_1421~_RST.APRQ_11_0686.4-4d81f25527-76hfhmo1_4744ed1a,no_mas_sum,,,0,0,,,
,..\2_LP\LOW_Fr_MASTER_result\local_5RL\runs_produce_run_20260720_1421~_RST.APRQ_11_0686.4-b6c8e06ebe-z_30197g_a880e304,no_mas_sum,,,0,0,,,
,..\2_LP\LOW_Fr_MASTER_result\local_5RL\runs_produce_run_20260720_1421~_RST.APRQ_11_0686.4-d3926b5e1c-hl7add6k_8c30c2b5,no_mas_sum,,,0,0,,,
,..\2_LP\LOW_Fr_MASTER_result\local_5RL\runs_produce_run_20260720_1421~_RST.APRQ_11_0686.4-da09aea362-yc6zn0zo_0eec978b,no_mas_sum,,,0,0,,,
,..\2_LP\LOW_Fr_MASTER_result\local_5RL\runs_produce_run_20260720_1421~_RST.APRQ_11_0686.4-e131f52361-fiyg26x8_50090d7d,no_mas_sum,,,0,0,,,
,..\2_LP\LOW_Fr_MASTER_result\local_5RL\runs_produce_run_20260720_1421~_RST.APRQ_11_0686.4-e62eba18ea-5xb3keix_36d8fc08,no_mas_sum,,,0,0,,,
,..\2_LP\LOW_Fr_MASTER_result\local_5RL\runs_produce_run_20260720_1421~_RST.APRQ_11_0686.4-ee752e2c1a-_0livrh3_8336aaa1,no_mas_sum,,,0,0,,,
,..\2_LP\LOW_Fr_MASTER_result\local_5RL\runs_produce_run_20260720_1421~_RST.APRQ_11_0686.4-f4bd222b66-t85xipdl_22a537cc,no_mas_sum,,,0,0,,,
,..\2_LP\LOW_Fr_MASTER_result\local_5RL\runs_produce_run_20260720_1421~_RST.APRQ_11_0686.4-f966f606a4-xjuhkcy9_52dba118,no_mas_sum,,,0,0,,,
,..\2_LP\LOW_Fr_MASTER_result\local_5RL\runs_produce_run_20260720_1421~_RST.APRQ_11_0686.4-fdecf46c89-6ptt6u75_c2f0fc74,no_mas_sum,,,0,0,,,
,..\2_LP\LOW_Fr_MASTER_result\local_5RL\runs_produce_run_20260720_1421~_RST.APRQ_11_0688.2-10b42cdcd3-kr4z7b7g_ba3590cc,no_mas_sum,,,0,0,,,
,..\2_LP\LOW_Fr_MASTER_result\local_5RL\runs_produce_run_20260720_1421~_RST.APRQ_11_0688.2-148a882dfd-72heeuqi_ae09a4c9,no_mas_sum,,,0,0,,,
,..\2_LP\LOW_Fr_MASTER_result\local_5RL\runs_produce_run_20260720_1421~_RST.APRQ_11_0688.2-165d480253-jgagmeno_eab7148a,no_mas_sum,,,0,0,,,
,..\2_LP\LOW_Fr_MASTER_result\local_5RL\runs_produce_run_20260720_1421~_RST.APRQ_11_0688.2-2edbb2d20b-k_vb_a0r_012051b5,no_mas_sum,,,0,0,,,
,..\2_LP\LOW_Fr_MASTER_result\local_5RL\runs_produce_run_20260720_1421~_RST.APRQ_11_0688.2-5fc49d03c1-w2sfc1b0_fe7097ab,no_mas_sum,,,0,0,,,
,..\2_LP\LOW_Fr_MASTER_result\local_5RL\runs_produce_run_20260720_1421~_RST.APRQ_11_0688.2-6737aeea85-pxavoj53_c57516b8,no_mas_sum,,,0,0,,,
,..\2_LP\LOW_Fr_MASTER_result\local_5RL\runs_produce_run_20260720_1421~_RST.APRQ_11_0688.2-8eb4205602-i9jxhppr_01a5d231,no_mas_sum,,,0,0,,,
,..\2_LP\LOW_Fr_MASTER_result\local_5RL\runs_produce_run_20260720_1421~_RST.APRQ_11_0688.2-98069d3f64-6r38ipgw_15e5f146,no_mas_sum,,,0,0,,,
,..\2_LP\LOW_Fr_MASTER_result\local_5RL\runs_produce_run_20260720_1421~_RST.APRQ_11_0688.2-9d04988300-778m3g5p_146bf4f3,no_mas_sum,,,0,0,,,
,..\2_LP\LOW_Fr_MASTER_result\local_5RL\runs_produce_run_20260720_1421~_RST.APRQ_11_0688.2-a004f0b2c9-ob7udfp2_ef6a7109,no_mas_sum,,,0,0,,,
,..\2_LP\LOW_Fr_MASTER_result\local_5RL\runs_produce_run_20260720_1421~_RST.APRQ_11_0688.2-a213639eb1-xf93x5h6_1da64aa8,no_mas_sum,,,0,0,,,
,..\2_LP\LOW_Fr_MASTER_result\local_5RL\runs_produce_run_20260720_1421~_RST.APRQ_11_0688.2-c63f40c7c9-l54m_jky_bb149831,no_mas_sum,,,0,0,,,
,..\2_LP\LOW_Fr_MASTER_result\local_5RL\runs_produce_run_20260720_1421~_RST.APRQ_11_0688.2-c96eb662ce-_xojngcu_809172fb,no_mas_sum,,,0,0,,,
,..\2_LP\LOW_Fr_MASTER_result\local_5RL\runs_produce_run_20260720_1421~_RST.APRQ_11_0688.2-d1b1fcc0b2-4f68qo1e_1db11f46,no_mas_sum,,,0,0,,,
,..\2_LP\LOW_Fr_MASTER_result\local_5RL\runs_produce_run_20260720_1421~_RST.APRQ_11_0688.2-e62b8b0e9b-fdvyq163_bb216300,no_mas_sum,,,0,0,,,
,..\2_LP\LOW_Fr_MASTER_result\local_5RL\runs_produce_run_20260720_1421~_RST.APRQ_11_0688.2-e7582486ae-8q1kafiv_191b0ae7,no_mas_sum,,,0,0,,,
,..\2_LP\LOW_Fr_MASTER_result\local_5RL\runs_produce_run_20260720_1421~_RST.APRQ_11_0688.2-ef28d29f89-rmjpj9m4_cb2fdb3f,no_mas_sum,,,0,0,,,
,..\2_LP\LOW_Fr_MASTER_result\local_5RL\runs_produce_run_20260720_1421~_RST.APRQ_11_0688.2-ffe5c00427-n4_6qjk4_061dca98,no_mas_sum,,,0,0,,,
,..\2_LP\LOW_Fr_MASTER_result\local_5RL\runs_produce_run_20260720_1421~_RST.APRQ_11_0692.6-0192ad4e55-9r0d1j2w_a1b93fdd,no_mas_sum,,,0,0,,,
,..\2_LP\LOW_Fr_MASTER_result\local_5RL\runs_produce_run_20260720_1421~_RST.APRQ_11_0692.6-1b8bf05e2c-glrccurz_1980d04e,no_mas_sum,,,0,0,,,
,..\2_LP\LOW_Fr_MASTER_result\local_5RL\runs_produce_run_20260720_1421~_RST.APRQ_11_0692.6-1ddd4b7459-fny5aaeg_ae31e7d4,no_mas_sum,,,0,0,,,
,..\2_LP\LOW_Fr_MASTER_result\local_5RL\runs_produce_run_20260720_1421~_RST.APRQ_11_0692.6-37176e7366-dadbw3z0_0374cfd1,no_mas_sum,,,0,0,,,
,..\2_LP\LOW_Fr_MASTER_result\local_5RL\runs_produce_run_20260720_1421~_RST.APRQ_11_0692.6-398ffd327c-hpzs_qlz_258040d9,no_mas_sum,,,0,0,,,
,..\2_LP\LOW_Fr_MASTER_result\local_5RL\runs_produce_run_20260720_1421~_RST.APRQ_11_0692.6-4e9e8f85ae-ln6wctwn_cb6e724a,no_mas_sum,,,0,0,,,
,..\2_LP\LOW_Fr_MASTER_result\local_5RL\runs_produce_run_20260720_1421~_RST.APRQ_11_0692.6-838f819b43-bj6b1ebu_bb013356,no_mas_sum,,,0,0,,,
,..\2_LP\LOW_Fr_MASTER_result\local_5RL\runs_produce_run_20260720_1421~_RST.APRQ_11_0692.6-8e6e64726e-kjby_pm7_02b684a1,no_mas_sum,,,0,0,,,
,..\2_LP\LOW_Fr_MASTER_result\local_5RL\runs_produce_run_20260720_1421~_RST.APRQ_11_0692.6-92b6f5ddfb-xgzp93x8_f966b309,no_mas_sum,,,0,0,,,
,..\2_LP\LOW_Fr_MASTER_result\local_5RL\runs_produce_run_20260720_1421~_RST.APRQ_11_0692.6-9f06ed07d6-ndsg0vyl_b9529034,no_mas_sum,,,0,0,,,
,..\2_LP\LOW_Fr_MASTER_result\local_5RL\runs_produce_run_20260720_1421~_RST.APRQ_11_0692.6-b2d625f638-ukx4syr2_dc6bdb69,no_mas_sum,,,0,0,,,
,..\2_LP\LOW_Fr_MASTER_result\local_5RL\runs_produce_run_20260720_1421~_RST.APRQ_11_0692.6-c5ef389488-fsi5qzuh_7db7dc7b,no_mas_sum,,,0,0,,,
,..\2_LP\LOW_Fr_MASTER_result\local_5RL\runs_produce_run_20260720_1421~_RST.APRQ_11_0692.6-f90a448999-d5yascbj_bef5f9b7,no_mas_sum,,,0,0,,,
,..\2_LP\LOW_Fr_MASTER_result\local_5RL\runs_produce_run_20260720_1421~S_RST.APRQ_10_0635.8-5631463b85-_yueipp_717a87e9,no_mas_sum,,,0,0,,,
,..\2_LP\LOW_Fr_MASTER_result\local_5RL\runs_produce_run_20260720_1421~S_RST.APRQ_11_0637.5-e847245afc-l_n05lm_37d6d128,no_mas_sum,,,0,0,,,
,..\2_LP\LOW_Fr_MASTER_result\local_5RL\runs_produce_run_20260720_1421~S_RST.APRQ_11_0686.4-5435dba372-ttbewn5_39675ebf,no_mas_sum,,,0,0,,,
,..\2_LP\LOW_Fr_MASTER_result\local_5RL\runs_produce_run_20260720_1421~S_RST.APRQ_11_0692.6-929858e2de-8wwa4p6_e41c8806,no_mas_sum,,,0,0,,,
,..\2_LP\LOW_Fr_MASTER_result\local_5RL\runs_produce_run_20260720_1421~S_RST.APRQ_11_0692.6-e223fc3812-prrnsxx_aa0ee60d,no_mas_sum,,,0,0,,,
643b2d2f015834d4,..\2_LP\LOW_Fr_MASTER_result\local_5RL\runs_produce_run_20260725_0359~_RST.APRQ_11_0658.9-63478ecf64-bhlkb8sq_30d9a2f4,final,2.3276,2.0203,26,1,,617.261,deck
dc19a7036da6794d,..\2_LP\LOW_Fr_MASTER_result\local_5RL\runs_produce_run_20260725_0359~_RST.APRQ_11_0658.9-ae42ed24b1-p_ubwf47_a685facb,final,2.0687,1.8327,26,1,,615.606,deck
e7fa26814fe69690,..\2_LP\LOW_Fr_MASTER_result\local_5RL\runs_produce_run_20260725_0359~_RST.APRQ_11_0658.9-fff5ebca6e-fiu0mg19_cd30046a,final,2.3865,2.2156,26,1,,616.452,deck
48ebfb51ae8610ad,..\2_LP\LOW_Fr_MASTER_result\local_5RL\runs_produce_run_20260725_0359~_RST.APRQ_11_0662.3-0b89964b5a-9u8txh3a_513a32aa,final,2.0892,1.8642,26,1,,620.405,deck
f9ba7b74d78b4240,..\2_LP\LOW_Fr_MASTER_result\local_5RL\runs_produce_run_20260725_0359~_RST.APRQ_11_0662.3-1475178bed-o0hr7atx_c0f3c74d,final,2.4394,2.1757,26,1,,614.873,deck
,..\2_LP\LOW_Fr_MASTER_result\local_5RL\runs_produce_run_20260725_0359~_RST.APRQ_11_0662.3-e13d7fc1c8-0aocmq3v_bb2461c3,no_mas_sum,,,0,0,,,
f022e4cea58ff7c9,..\2_LP\LOW_Fr_MASTER_result\local_5RL\runs_produce_run_20260725_0359~_RST.APRQ_11_0665.0-5ecff3b6c5-vl3n3rh2_08b2c20d,final,5.3963,4.8195,26,0,above_ceiling,627.468,deck
f7fef8f4b462d990,..\2_LP\LOW_Fr_MASTER_result\local_5RL\runs_produce_run_20260725_0359~_RST.APRQ_11_0677.2-344d6aa013-gtzbve7o_4a69b443,final,2.5932,2.3189,26,1,,619.321,deck
,..\2_LP\LOW_Fr_MASTER_result\local_5RL\runs_produce_run_20260725_0359~_RST.APRQ_11_0677.2-adac873b4a-1f4i76qk_a017377c,no_mas_sum,,,0,0,,,
c9161b623f219f07,..\2_LP\LOW_Fr_MASTER_result\local_5RL\runs_produce_run_20260725_0359~_RST.APRQ_11_0677.2-d2a756a519-2nw1011q_72fe0ff4,final,2.6075,2.3317,27,1,,637.022,deck
26ea7a13afef0c4c,..\2_LP\LOW_Fr_MASTER_result\local_5RL\runs_produce_run_20260725_0359~_RST.APRQ_11_0678.9-4c1fb1f74d-qmek13xq_2c099c38,final,1.9136,1.7461,27,1,,635.459,deck
0b0ad4078df8f3f8,..\2_LP\LOW_Fr_MASTER_result\local_5RL\runs_produce_run_20260725_0359~_RST.APRQ_11_0678.9-90dcffa71b-sz_94sf9_6535467a,final,2.1379,1.9164,27,1,,645.639,deck
c1c654cf416fab54,..\2_LP\LOW_Fr_MASTER_result\local_5RL\runs_produce_run_20260725_0359~_RST.APRQ_11_0679.4-895068ae6a-a175oibd_3de36261,final,2.3425,2.1064,27,1,,633.913,deck
b2439e4c29a37ea4,..\2_LP\LOW_Fr_MASTER_result\local_5RL\runs_produce_run_20260725_0359~_RST.APRQ_11_0679.4-b43805f3d0-s13jsk4o_dd5bb812,final,2.4883,2.2296,27,1,,630.745,deck
80add9243ff99005,..\2_LP\LOW_Fr_MASTER_result\local_5RL\runs_produce_run_20260725_0359~_RST.APRQ_11_0679.4-cc1d209d43-vifcfsor_2731ed43,final,2.2913,2.0453,27,1,,638.989,deck
50de3181a5b7c3a2,..\2_LP\LOW_Fr_MASTER_result\local_5RL\runs_produce_run_20260725_0359~_RST.APRQ_11_0686.4-be1e5c124a-5xhdu6s3_a16f6ece,final,2.2009,1.8803,26,1,,629.093,deck
f403a65aba3518f6,..\2_LP\LOW_Fr_MASTER_result\local_5RL\runs_produce_run_20260725_0359~_RST.APRQ_11_0688.2-1318ad388a-5_b0zmkg_d25ffa93,final,2.6069,2.2961,27,1,,647.198,deck
2d885ee9e85183db,..\2_LP\LOW_Fr_MASTER_result\local_5RL\runs_produce_run_20260725_0359~_RST.APRQ_11_0688.2-167021f729-_ebbrplf_b3580850,final,2.2938,2.1023,27,1,,640.992,deck
,..\2_LP\LOW_Fr_MASTER_result\local_5RL\runs_produce_run_20260725_0359~_RST.APRQ_11_0688.2-4350a779a0-pagwcrvg_4cd3056d,no_mas_sum,,,0,0,,,
,..\2_LP\LOW_Fr_MASTER_result\local_5RL\runs_produce_run_20260725_0359~_RST.APRQ_11_0688.2-98f75ae195-1dy68ytq_2b9accf8,no_mas_sum,,,0,0,,,
,..\2_LP\LOW_Fr_MASTER_result\local_5RL\runs_produce_run_20260725_0359~_RST.APRQ_11_0692.6-053432e3c3-myt0pdtq_08c0c9c8,no_mas_sum,,,0,0,,,
707d03e8acdafdf7,..\2_LP\LOW_Fr_MASTER_result\local_5RL\runs_produce_run_20260725_0359~_RST.APRQ_11_0692.6-b76bf7fbf4-rgkhneh2_750decbb,final,2.066,1.8665,27,1,,644.69,deck
aa7982f285a9c559,..\2_LP\LOW_Fr_MASTER_result\local_5RL\runs_produce_run_20260725_0359~_RST.APRQ_11_0692.6-d1e8681e37-71m_rvou_c2399dd7,final,2.3378,2.0835,27,1,,643.785,deck
fc7917172be0d377,..\2_LP\LOW_Fr_MASTER_result\local_5RL\runs_produce_run_20260725_0359~S_RST.APRQ_11_0662.3-67a12d78d9-6sp0h44_69615345,final,2.927,2.6006,26,1,,611.55,deck
,..\2_LP\LOW_Fr_MASTER_result\local_5RL\runs_produce_run_20260725_0416~_RST.APRQ_10_0635.8-00e37eab38-w6c0f4ix_4842e2c4,no_mas_sum,,,0,0,,,
e72ac34ea7774a84,..\2_LP\LOW_Fr_MASTER_result\local_5RL\runs_produce_run_20260725_0416~_RST.APRQ_10_0635.8-0c2d1747c4-q0ntv_z2_6983bc89,final,2.1553,1.8924,24,1,,569.537,deck
bc4e3bcac8a9649d,..\2_LP\LOW_Fr_MASTER_result\local_5RL\runs_produce_run_20260725_0416~_RST.APRQ_10_0635.8-1ec7d7be91-t0ipvrqg_4c4a0711,final,2.4615,2.2205,24,1,,566.57,deck
9c05ad3ad5f4f60d,..\2_LP\LOW_Fr_MASTER_result\local_5RL\runs_produce_run_20260725_0416~_RST.APRQ_10_0635.8-70f4c73706-kiukm4bu_c6aebbd5,final,1.9136,1.7251,24,1,,563.282,deck
da9d33a6455df6fb,..\2_LP\LOW_Fr_MASTER_result\local_5RL\runs_produce_run_20260725_0416~_RST.APRQ_10_0635.8-74a5a6dcc9-f0i1ykxy_c0c404f6,final,2.1234,1.8417,24,1,,566.917,deck
52969b475784d4ed,..\2_LP\LOW_Fr_MASTER_result\local_5RL\runs_produce_run_20260725_0416~_RST.APRQ_10_0635.8-9dbaab442b-4k2bawe7_7fcc78aa,final,2.2064,1.9927,24,1,,558.336,deck
,..\2_LP\LOW_Fr_MASTER_result\local_5RL\runs_produce_run_20260725_0416~_RST.APRQ_10_0635.8-b44fe6e122-1roz5r9l_1fa3f8ce,no_mas_sum,,,0,0,,,
6e39828d7098aeeb,..\2_LP\LOW_Fr_MASTER_result\local_5RL\runs_produce_run_20260725_0416~_RST.APRQ_10_0635.8-be709bdf42-0ufc6ogl_55ca6fc5,final,3.3182,2.8662,24,0,above_ceiling,560.673,deck
4f736ba8364e5de6,..\2_LP\LOW_Fr_MASTER_result\local_5RL\runs_produce_run_20260725_0416~_RST.APRQ_10_0635.8-c13155fbe1-gey1ck8u_0dd46e18,final,4.5957,4.0736,24,0,above_ceiling,564.302,deck
4c05b92235ca46ca,..\2_LP\LOW_Fr_MASTER_result\local_5RL\runs_produce_run_20260725_0416~_RST.APRQ_10_0635.8-dea90bfcfb-i_da4d2k_c96413f5,final,2.1482,1.8625,24,1,,554.755,deck
,..\2_LP\LOW_Fr_MASTER_result\local_5RL\runs_produce_run_20260725_0416~_RST.APRQ_10_0635.8-ed86c4c993-63u4xujn_af149ec1,no_mas_sum,,,0,0,,,
,..\2_LP\LOW_Fr_MASTER_result\local_5RL\runs_produce_run_20260725_0416~_RST.APRQ_10_0635.8-f2384c41dc-h5ajulih_ac119f31,no_mas_sum,,,0,0,,,
,..\2_LP\LOW_Fr_MASTER_result\local_5RL\runs_produce_run_20260725_0416~_RST.APRQ_10_0635.8-fdc09f75f6-749igne8_4b322f96,no_mas_sum,,,0,0,,,
,..\2_LP\LOW_Fr_MASTER_result\local_5RL\runs_produce_run_20260725_0416~_RST.APRQ_11_0615.8-154f8e0e56-z_n0l7yp_185ed7c3,no_mas_sum,,,0,0,,,
4b6ae0eef6c8187c,..\2_LP\LOW_Fr_MASTER_result\local_5RL\runs_produce_run_20260725_0416~_RST.APRQ_11_0615.8-171f82b5ac-vypbfhio_4d86f730,final,2.4015,2.1905,24,1,,555.713,deck
cbab2561cb27c112,..\2_LP\LOW_Fr_MASTER_result\local_5RL\runs_produce_run_20260725_0416~_RST.APRQ_11_0615.8-20e29fa232-z6hw4x9j_074066bb,final,1.9668,1.6741,24,1,,561.111,deck
7c394075392691b4,..\2_LP\LOW_Fr_MASTER_result\local_5RL\runs_produce_run_20260725_0416~_RST.APRQ_11_0615.8-28d735f1b0-v5r_33qz_81497730,final,2.5493,2.2662,24,1,,557.991,deck
39b81615f7f08e52,..\2_LP\LOW_Fr_MASTER_result\local_5RL\runs_produce_run_20260725_0416~_RST.APRQ_11_0615.8-3ac686ea17-qwdmjilq_b7573b2b,final,2.3027,2.0648,23,1,,537.149,deck
,..\2_LP\LOW_Fr_MASTER_result\local_5RL\runs_produce_run_20260725_0416~_RST.APRQ_11_0615.8-4625c8d015-rzoyr7ei_34b37492,no_mas_sum,,,0,0,,,
e2ec57f0f8d242ea,..\2_LP\LOW_Fr_MASTER_result\local_5RL\runs_produce_run_20260725_0416~_RST.APRQ_11_0615.8-4ce6f536fe-pawutzbc_11088563,final,2.0383,1.7337,24,1,,565.574,deck
,..\2_LP\LOW_Fr_MASTER_result\local_5RL\runs_produce_run_20260725_0416~_RST.APRQ_11_0615.8-613603f400-q8iqpolh_8b194336,no_mas_sum,,,0,0,,,
bfbb2e2eb2d4727b,..\2_LP\LOW_Fr_MASTER_result\local_5RL\runs_produce_run_20260725_0416~_RST.APRQ_11_0615.8-6289c30a05-kr74dnb0_731ec496,final,2.195,1.9612,24,1,,560.348,deck
f3864dd7a1f2c9a2,..\2_LP\LOW_Fr_MASTER_result\local_5RL\runs_produce_run_20260725_0416~_RST.APRQ_11_0615.8-7a602117c2-nf8vwj5r_2a9fff35,final,2.5592,2.2901,24,1,,547.673,deck
410bcc0e7a0d797b,..\2_LP\LOW_Fr_MASTER_result\local_5RL\runs_produce_run_20260725_0416~_RST.APRQ_11_0615.8-8157047a72-9y_gyjmf_88322ad2,final,2.4776,2.065,24,1,,542.672,deck
8c374ac48d1d8c16,..\2_LP\LOW_Fr_MASTER_result\local_5RL\runs_produce_run_20260725_0416~_RST.APRQ_11_0615.8-92da332df4-g_w1_3g4_56d6bab4,final,2.5051,2.2731,24,1,,556.856,deck
,..\2_LP\LOW_Fr_MASTER_result\local_5RL\runs_produce_run_20260725_0416~_RST.APRQ_11_0615.8-a863e152fd-xy4rm4lx_22dbc411,no_mas_sum,,,0,0,,,
,..\2_LP\LOW_Fr_MASTER_result\local_5RL\runs_produce_run_20260725_0416~_RST.APRQ_11_0615.8-b0f30dfd57-vqxh61zy_ee2f1000,no_mas_sum,,,0,0,,,
3d55638fc9a3a3b0,..\2_LP\LOW_Fr_MASTER_result\local_5RL\runs_produce_run_20260725_0416~_RST.APRQ_11_0615.8-b6ce4959d8-bbodk2su_45c5fea7,final,2.5833,2.2175,24,1,,548.525,deck
99f9ddc90e6b7429,..\2_LP\LOW_Fr_MASTER_result\local_5RL\runs_produce_run_20260725_0416~_RST.APRQ_11_0618.3-07f9e029dd-zn1zaf6p_790ab3b8,final,2.632,2.3585,24,1,,556.305,deck
,..\2_LP\LOW_Fr_MASTER_result\local_5RL\runs_produce_run_20260725_0416~_RST.APRQ_11_0618.3-1bcdf81e2e-j49eag_f_7739200f,no_mas_sum,,,0,0,,,
,..\2_LP\LOW_Fr_MASTER_result\local_5RL\runs_produce_run_20260725_0416~_RST.APRQ_11_0618.3-33d32dc29a-x63yoesx_dd7dc284,no_mas_sum,,,0,0,,,
5f756b753ae928e8,..\2_LP\LOW_Fr_MASTER_result\local_5RL\runs_produce_run_20260725_0416~_RST.APRQ_11_0618.3-44e98c949e-z7yj4wuo_ce655d61,final,3.3804,2.9958,24,0,above_ceiling,559.275,deck
,..\2_LP\LOW_Fr_MASTER_result\local_5RL\runs_produce_run_20260725_0416~_RST.APRQ_11_0618.3-53768f7f64-0iy75wc9_15208339,no_mas_sum,,,0,0,,,
b2c22643606fc05c,..\2_LP\LOW_Fr_MASTER_result\local_5RL\runs_produce_run_20260725_0416~_RST.APRQ_11_0618.3-6a94e88dbb-c58fvacn_27417f3d,final,5.366,4.8024,24,0,above_ceiling,556.318,deck
ff68cfcbe9f42bf3,..\2_LP\LOW_Fr_MASTER_result\local_5RL\runs_produce_run_20260725_0416~_RST.APRQ_11_0618.3-7e087f7da4-djbaoyyp_03baed49,final,2.0469,1.8335,24,1,,557.161,deck
ba502204eac02820,..\2_LP\LOW_Fr_MASTER_result\local_5RL\runs_produce_run_20260725_0416~_RST.APRQ_11_0618.3-95e4a8fa75-2d13ntib_a1c2616d,final,2.2167,2.0337,24,1,,555.092,deck
b39a8d6fadbd8fe0,..\2_LP\LOW_Fr_MASTER_result\local_5RL\runs_produce_run_20260725_0416~_RST.APRQ_11_0618.3-a7a26bf05a-bc4g41p7_2b4849c8,final,2.4835,2.296,24,1,,549.339,deck
14fbafd04a2dae08,..\2_LP\LOW_Fr_MASTER_result\local_5RL\runs_produce_run_20260725_0416~_RST.APRQ_11_0618.3-a895fc8b36-28qc_4bj_d778d522,final,5.1909,4.7881,24,0,above_ceiling,540.755,deck
,..\2_LP\LOW_Fr_MASTER_result\local_5RL\runs_produce_run_20260725_0416~_RST.APRQ_11_0618.3-b6c3deb92c-7l2fs3c4_01c7347e,no_mas_sum,,,0,0,,,
16d0a4d141939cf2,..\2_LP\LOW_Fr_MASTER_result\local_5RL\runs_produce_run_20260725_0416~_RST.APRQ_11_0658.9-3de9972b23-4_taup_i_42d390c0,final,2.2816,2.0378,25,1,,572.841,deck
ce9355e24069a771,..\2_LP\LOW_Fr_MASTER_result\local_5RL\runs_produce_run_20260725_0416~_RST.APRQ_11_0658.9-e31665efb5-i6v7jcyq_3b8a7497,final,2.3795,2.0481,25,1,,576.808,deck
4c7a039d4d1f1152,..\2_LP\LOW_Fr_MASTER_result\local_5RL\runs_produce_run_20260725_0416~_RST.APRQ_11_0658.9-e59143d3fa-joe_r9vh_82a1e2fc,final,2.2565,2.0473,25,1,,575.949,deck
,..\2_LP\LOW_Fr_MASTER_result\local_5RL\runs_produce_run_20260725_0416~_RST.APRQ_11_0662.3-51bfed2d61-3cvv3nqu_f97c0ea2,no_mas_sum,,,0,0,,,
751a46027e72d524,..\2_LP\LOW_Fr_MASTER_result\local_5RL\runs_produce_run_20260725_0416~_RST.APRQ_11_0662.3-6fe0e1f7d1-cjkvlk2h_34318aa0,final,2.2758,2.0108,25,1,,589.321,deck
a6db4d60930e5286,..\2_LP\LOW_Fr_MASTER_result\local_5RL\runs_produce_run_20260725_0416~_RST.APRQ_11_0662.3-cb9064b59e-pb0s4dnw_daa0353c,final,3.5571,3.0742,25,0,above_ceiling,579.82,deck
f3a9605cd4c5c624,..\2_LP\LOW_Fr_MASTER_result\local_5RL\runs_produce_run_20260725_0416~_RST.APRQ_11_0665.0-19efc31112-rdy_tbzt_d7144022,final,2.4704,2.2069,25,1,,590.346,deck
ac59933c18a8dd27,..\2_LP\LOW_Fr_MASTER_result\local_5RL\runs_produce_run_20260725_0416~_RST.APRQ_11_0665.0-29ce96ff16-3cjddvk7_6e9400a7,final,2.4715,2.2085,25,1,,587.856,deck
5bad3ac2098f1f07,..\2_LP\LOW_Fr_MASTER_result\local_5RL\runs_produce_run_20260725_0416~_RST.APRQ_11_0665.0-5550a72381-9rm06ete_1f2d38aa,final,4.3238,3.8608,26,0,above_ceiling,604.551,deck
,..\2_LP\LOW_Fr_MASTER_result\local_5RL\runs_produce_run_20260725_0416~_RST.APRQ_11_0665.0-62f1052bee-c4uiw6ny_7fe619bb,no_mas_sum,,,0,0,,,
,..\2_LP\LOW_Fr_MASTER_result\local_5RL\runs_produce_run_20260725_0416~_RST.APRQ_11_0665.0-670fa866e8-ldm_pkm4_f51efc0d,no_mas_sum,,,0,0,,,
8a0d264675419faa,..\2_LP\LOW_Fr_MASTER_result\local_5RL\runs_produce_run_20260725_0416~_RST.APRQ_11_0665.0-a2622cd903-y1v_4dri_a40842a3,final,2.4707,2.2081,25,1,,571.19,deck
8a3c138a7e50791a,..\2_LP\LOW_Fr_MASTER_result\local_5RL\runs_produce_run_20260725_0416~_RST.APRQ_11_0665.0-b47897c224-9az60314_7c273e88,final,2.0047,1.7945,25,1,,575.267,deck
,..\2_LP\LOW_Fr_MASTER_result\local_5RL\runs_produce_run_20260725_0416~_RST.APRQ_11_0665.0-b576eceeea-apxzq5lg_58b47b14,no_mas_sum,,,0,0,,,
af9503f1d47d5da3,..\2_LP\LOW_Fr_MASTER_result\local_5RL\runs_produce_run_20260725_0416~_RST.APRQ_11_0665.0-d5c1abc2f4-l269jxt7_16e36c25,final,2.2947,2.0588,25,1,,588.753,deck
,..\2_LP\LOW_Fr_MASTER_result\local_5RL\runs_produce_run_20260725_0416~_RST.APRQ_11_0677.2-06c13ad8de-a2_6e88o_9468bde3,no_mas_sum,,,0,0,,,
,..\2_LP\LOW_Fr_MASTER_result\local_5RL\runs_produce_run_20260725_0416~_RST.APRQ_11_0677.2-0a42874690-a9gxkgbc_45b145ae,no_mas_sum,,,0,0,,,
,..\2_LP\LOW_Fr_MASTER_result\local_5RL\runs_produce_run_20260725_0416~_RST.APRQ_11_0677.2-1e2af9bc1e-e47crvee_35083061,no_mas_sum,,,0,0,,,
cd9205f107af21f2,..\2_LP\LOW_Fr_MASTER_result\local_5RL\runs_produce_run_20260725_0416~_RST.APRQ_11_0677.2-1ed8823e92-17yh2cpa_e1f12310,final,2.4272,2.1124,25,1,,595.464,deck
4aaa93005cdb6630,..\2_LP\LOW_Fr_MASTER_result\local_5RL\runs_produce_run_20260725_0416~_RST.APRQ_11_0677.2-2a17b232bc-kmrj_l15_27e63c58,final,3.1125,2.7393,25,0,above_ceiling,594.744,deck
,..\2_LP\LOW_Fr_MASTER_result\local_5RL\runs_produce_run_20260725_0416~_RST.APRQ_11_0677.2-b121559074-jkwg17gb_2f8fe489,no_mas_sum,,,0,0,,,
d27cd6d43b342d70,..\2_LP\LOW_Fr_MASTER_result\local_5RL\runs_produce_run_20260725_0416~_RST.APRQ_11_0677.2-b60dadea1b-bmyxj8b0_1f9e6811,final,2.0002,1.7679,26,1,,601.977,deck
dec3574fc3eed186,..\2_LP\LOW_Fr_MASTER_result\local_5RL\runs_produce_run_20260725_0416~_RST.APRQ_11_0677.2-c351a80325-8so3fsu6_cc2b1b83,final,2.3332,2.0975,25,1,,594.881,deck
,..\2_LP\LOW_Fr_MASTER_result\local_5RL\runs_produce_run_20260725_0416~_RST.APRQ_11_0677.2-c4d2c9f3f5-34g8vbh7_d7e08877,no_mas_sum,,,0,0,,,
7acaf5fb54237dba,..\2_LP\LOW_Fr_MASTER_result\local_5RL\runs_produce_run_20260725_0416~_RST.APRQ_11_0677.2-cd7374e796-spdigoh0_27dcd1ce,final,2.1439,1.9669,25,1,,584.495,deck
a46a4385e71d274f,..\2_LP\LOW_Fr_MASTER_result\local_5RL\runs_produce_run_20260725_0416~_RST.APRQ_11_0677.2-e14278fbe7-j0uc2_25_04aff193,final,2.3831,2.1212,25,1,,595.389,deck
,..\2_LP\LOW_Fr_MASTER_result\local_5RL\runs_produce_run_20260725_0416~_RST.APRQ_11_0677.2-e27ea9855d-d06dlydl_cf0aeae7,no_mas_sum,,,0,0,,,
,..\2_LP\LOW_Fr_MASTER_result\local_5RL\runs_produce_run_20260725_0416~_RST.APRQ_11_0678.9-08d06c9c2a-k_nmp1qk_09bf95de,no_mas_sum,,,0,0,,,
6f9b8c2925f8082b,..\2_LP\LOW_Fr_MASTER_result\local_5RL\runs_produce_run_20260725_0416~_RST.APRQ_11_0678.9-2917357028-031h3y8g_d1c9ebdd,final,2.5775,2.3019,25,1,,596.737,deck
e30e71fe42928002,..\2_LP\LOW_Fr_MASTER_result\local_5RL\runs_produce_run_20260725_0416~_RST.APRQ_11_0678.9-823382936f-c8dbfham_06c122f2,final,5.1316,4.5715,25,0,above_ceiling,591.777,deck
,..\2_LP\LOW_Fr_MASTER_result\local_5RL\runs_produce_run_20260725_0416~_RST.APRQ_11_0678.9-97b38b869a-3cvbovo5_9cb5bef0,no_mas_sum,,,0,0,,,
3f235068213d4b98,..\2_LP\LOW_Fr_MASTER_result\local_5RL\runs_produce_run_20260725_0416~_RST.APRQ_11_0678.9-d7515228b8-jflypeek_3a973393,final,2.3366,2.1021,25,1,,588.859,deck
b55e3149d4860f57,..\2_LP\LOW_Fr_MASTER_result\local_5RL\runs_produce_run_20260725_0416~_RST.APRQ_11_0679.4-1891921e5b-w0s1z_zm_e7a6215c,final,6.3777,5.6589,25,0,above_ceiling,593.712,deck
a6d623a3679b26ec,..\2_LP\LOW_Fr_MASTER_result\local_5RL\runs_produce_run_20260725_0416~_RST.APRQ_11_0679.4-1bbb52c188-1rpxadrr_0979ba95,final,2.3213,2.0589,25,1,,579.891,deck
,..\2_LP\LOW_Fr_MASTER_result\local_5RL\runs_produce_run_20260725_0416~_RST.APRQ_11_0679.4-1df7dc18a6-tc2nuly0_acc14e2d,no_mas_sum,,,0,0,,,
,..\2_LP\LOW_Fr_MASTER_result\local_5RL\runs_produce_run_20260725_0416~_RST.APRQ_11_0679.4-52373e1bd9-vfxn8l12_e4f26688,no_mas_sum,,,0,0,,,
591cd3568c9a8555,..\2_LP\LOW_Fr_MASTER_result\local_5RL\runs_produce_run_20260725_0416~_RST.APRQ_11_0679.4-5297283504-14bwozma_885a9a21,final,2.2649,1.9479,26,1,,604.021,deck
117b8f2dffc8d20b,..\2_LP\LOW_Fr_MASTER_result\local_5RL\runs_produce_run_20260725_0416~_RST.APRQ_11_0679.4-74ee71736d-_1chmz9n_ec3a018f,final,2.5619,2.3257,26,1,,602.392,deck
,..\2_LP\LOW_Fr_MASTER_result\local_5RL\runs_produce_run_20260725_0416~_RST.APRQ_11_0679.4-ca975bd4f3-65hkxeej_80ca7aff,no_mas_sum,,,0,0,,,
,..\2_LP\LOW_Fr_MASTER_result\local_5RL\runs_produce_run_20260725_0416~_RST.APRQ_11_0686.4-2c4b459de4-x20yrc7u_8bfdcbb7,no_mas_sum,,,0,0,,,
fba2b8445fae9375,..\2_LP\LOW_Fr_MASTER_result\local_5RL\runs_produce_run_20260725_0416~_RST.APRQ_11_0686.4-40f2e88406-r8ia9ux1_defcbffd,final,2.0178,1.7731,26,1,,612.619,deck
,..\2_LP\LOW_Fr_MASTER_result\local_5RL\runs_produce_run_20260725_0416~_RST.APRQ_11_0686.4-48e56ea43b-dlhsbdjy_15a2d09e,no_mas_sum,,,0,0,,,
,..\2_LP\LOW_Fr_MASTER_result\local_5RL\runs_produce_run_20260725_0416~_RST.APRQ_11_0686.4-57474c7578-9es82xbf_3162a7ea,no_mas_sum,,,0,0,,,
1b6a4645942eaebb,..\2_LP\LOW_Fr_MASTER_result\local_5RL\runs_produce_run_20260725_0416~_RST.APRQ_11_0686.4-66c90918d8-y9068ts8_a82064c6,final,2.3477,2.0971,26,1,,615.026,deck
,..\2_LP\LOW_Fr_MASTER_result\local_5RL\runs_produce_run_20260725_0416~_RST.APRQ_11_0686.4-6aca204951-8olc1xwd_c587b6b3,no_mas_sum,,,0,0,,,
7a0029266461abfd,..\2_LP\LOW_Fr_MASTER_result\local_5RL\runs_produce_run_20260725_0416~_RST.APRQ_11_0686.4-a83b67932c-qifl8fsx_007b22ee,final,1.9777,1.7894,26,1,,611.705,deck
0ed0f8fc3e8f7521,..\2_LP\LOW_Fr_MASTER_result\local_5RL\runs_produce_run_20260725_0416~_RST.APRQ_11_0686.4-c160cc5b25-0_plb8ua_007e62ab,final,2.0225,1.8068,26,1,,606.705,deck
37b6b2aab4efe5b0,..\2_LP\LOW_Fr_MASTER_result\local_5RL\runs_produce_run_20260725_0416~_RST.APRQ_11_0686.4-c30b2ec3cb-huhhf6b7_73ab0ceb,final,2.1687,1.9803,26,1,,601.536,deck
0758924504efd169,..\2_LP\LOW_Fr_MASTER_result\local_5RL\runs_produce_run_20260725_0416~_RST.APRQ_11_0686.4-f7397ca5cd-sf10u4qq_6e24c33b,final,5.0802,4.5324,26,0,above_ceiling,604.645,deck
,..\2_LP\LOW_Fr_MASTER_result\local_5RL\runs_produce_run_20260725_0416~_RST.APRQ_11_0688.2-01fef8fddc-a6uep0c1_5a51496b,no_mas_sum,,,0,0,,,
,..\2_LP\LOW_Fr_MASTER_result\local_5RL\runs_produce_run_20260725_0416~_RST.APRQ_11_0688.2-0d83f3abb2-cnom1gkc_ca7878d1,no_mas_sum,,,0,0,,,
,..\2_LP\LOW_Fr_MASTER_result\local_5RL\runs_produce_run_20260725_0416~_RST.APRQ_11_0688.2-2b95e25e97-e1768pwe_b4b1ca67,no_mas_sum,,,0,0,,,
322576423a8dd310,..\2_LP\LOW_Fr_MASTER_result\local_5RL\runs_produce_run_20260725_0416~_RST.APRQ_11_0688.2-32e7c8a38b-zxhmkspn_ae77dcab,final,2.3323,2.0706,26,1,,601.971,deck
c7ae69cff6619ea1,..\2_LP\LOW_Fr_MASTER_result\local_5RL\runs_produce_run_20260725_0416~_RST.APRQ_11_0688.2-343c623c54-n2mur07n_27cb5fba,final,2.4268,2.2006,26,1,,604.332,deck
578fcee4957ed0f9,..\2_LP\LOW_Fr_MASTER_result\local_5RL\runs_produce_run_20260725_0416~_RST.APRQ_11_0688.2-5c2223fb24-9fhe87ve_92614161,final,3.1299,2.711,26,0,above_ceiling,601.289,deck
985de5beb0a5e065,..\2_LP\LOW_Fr_MASTER_result\local_5RL\runs_produce_run_20260725_0416~_RST.APRQ_11_0688.2-8294529908-0f80_nk7_dfe78815,final,1.9005,1.6644,25,1,,596.994,deck
,..\2_LP\LOW_Fr_MASTER_result\local_5RL\runs_produce_run_20260725_0416~_RST.APRQ_11_0688.2-a24696c12e-xyt60shx_efa81cd7,no_mas_sum,,,0,0,,,
4126c9abfbf9d7bb,..\2_LP\LOW_Fr_MASTER_result\local_5RL\runs_produce_run_20260725_0416~_RST.APRQ_11_0688.2-d7602d83b1-kfogpon0_5e2706df,final,5.2772,4.714,25,0,above_ceiling,597.12,deck
,..\2_LP\LOW_Fr_MASTER_result\local_5RL\runs_produce_run_20260725_0416~_RST.APRQ_11_0692.6-2429c89f03-yrm_idpb_48493d20,no_mas_sum,,,0,0,,,
36338b00017b0d50,..\2_LP\LOW_Fr_MASTER_result\local_5RL\runs_produce_run_20260725_0416~_RST.APRQ_11_0692.6-2b12e449b0-j_165x5w_dd1300a9,final,2.2786,2.0204,26,1,,613.981,deck
2ee8e8ba52abd41c,..\2_LP\LOW_Fr_MASTER_result\local_5RL\runs_produce_run_20260725_0416~_RST.APRQ_11_0692.6-2ec688e70d-624rk5og_9491650e,final,2.3247,2.0518,26,1,,608.433,deck
,..\2_LP\LOW_Fr_MASTER_result\local_5RL\runs_produce_run_20260725_0416~_RST.APRQ_11_0692.6-53deb65ec4-qn2oz9z0_5dc7d98a,no_mas_sum,,,0,0,,,
,..\2_LP\LOW_Fr_MASTER_result\local_5RL\runs_produce_run_20260725_0416~_RST.APRQ_11_0692.6-58297e9d2e-ayvq_c2r_1306f8d2,no_mas_sum,,,0,0,,,
73d9722c9eebe4fe,..\2_LP\LOW_Fr_MASTER_result\local_5RL\runs_produce_run_20260725_0416~_RST.APRQ_11_0692.6-694c083cc3-fn1w2wte_c8db7919,final,3.5883,3.1211,26,0,above_ceiling,606.751,deck
,..\2_LP\LOW_Fr_MASTER_result\local_5RL\runs_produce_run_20260725_0416~_RST.APRQ_11_0692.6-9b93973f26-zy5cj9il_600173d6,no_mas_sum,,,0,0,,,
,..\2_LP\LOW_Fr_MASTER_result\local_5RL\runs_produce_run_20260725_0416~_RST.APRQ_11_0692.6-a9f787a90d-axonimf5_c9fcdbfc,no_mas_sum,,,0,0,,,
a1079e988e2c7102,..\2_LP\LOW_Fr_MASTER_result\local_5RL\runs_produce_run_20260725_0416~_RST.APRQ_11_0692.6-b3940cd3b9-yha2ft14_551b07e3,final,2.2208,1.9343,26,1,,628.182,deck
83bc348229339048,..\2_LP\LOW_Fr_MASTER_result\local_5RL\runs_produce_run_20260725_0416~_RST.APRQ_11_0692.6-b69884f888-zewuajw4_69c8e0cf,final,2.3083,2.0564,26,1,,617.915,deck
55b0766803a9da80,..\2_LP\LOW_Fr_MASTER_result\local_5RL\runs_produce_run_20260725_0416~_RST.APRQ_11_0692.6-e933200eff-i6meco98_9931dfa5,final,3.4204,2.9393,26,0,above_ceiling,603.61,deck
,..\2_LP\LOW_Fr_MASTER_result\local_5RL\runs_produce_run_20260725_0416~_RST.APRQ_11_0692.6-fb785ef917-04kv6xnm_c475f00f,no_mas_sum,,,0,0,,,
01b82f263a48e909,..\2_LP\LOW_Fr_MASTER_result\local_5RL\runs_produce_run_20260725_0416~S_RST.APRQ_11_0615.8-3eae4b71dc-0lkm0m5_51b783b5,final,2.1902,1.9427,24,1,,564.663,deck
971f4f0d189d3dce,..\2_LP\LOW_Fr_MASTER_result\local_5RL\runs_produce_run_20260725_0416~S_RST.APRQ_11_0679.4-c2a59994da-15nwx1x_6d0c2f33,final,2.5056,2.2527,25,1,,599.496,deck
5c00b879b06d3d49,..\2_LP\LOW_Fr_MASTER_result\local_5RL\runs_produce_run_20260725_0416~S_RST.APRQ_11_0686.4-20f744a870-bs148pk_7a4198b9,final,2.3461,2.0919,26,1,,608.535,deck
,..\2_LP\LOW_Fr_MASTER_result\local_5RL\runs_produce_run_20260725_1209~_RST.APRQ_11_0658.9-0cdfc2c6a9-qfpa5btb_d7b2592b,no_mas_sum,,,0,0,,,
,..\2_LP\LOW_Fr_MASTER_result\local_5RL\runs_produce_run_20260725_1209~_RST.APRQ_11_0658.9-29cc4123ff-hh9eacms_f58ebcf5,no_mas_sum,,,0,0,,,
,..\2_LP\LOW_Fr_MASTER_result\local_5RL\runs_produce_run_20260725_1209~_RST.APRQ_11_0658.9-4732edc6b8-defyvhb2_ba52858c,no_mas_sum,,,0,0,,,
5a6c7aa9e21aad95,..\2_LP\LOW_Fr_MASTER_result\local_5RL\runs_produce_run_20260725_1209~_RST.APRQ_11_0658.9-4e74bcd544-25iw2swi_e40e22ae,final,2.248,2.0658,26,1,,612.289,deck
b60a19865e22cea2,..\2_LP\LOW_Fr_MASTER_result\local_5RL\runs_produce_run_20260725_1209~_RST.APRQ_11_0658.9-5e894e6743-ntfkbb61_d6216a6e,final,2.2339,2.0369,26,1,,607.478,deck
4ee43c51fbca4dea,..\2_LP\LOW_Fr_MASTER_result\local_5RL\runs_produce_run_20260725_1209~_RST.APRQ_11_0658.9-a1477d247a-o6bxtttj_63d4ce82,final,2.2568,2.018,26,1,,614.736,deck
accf41aff0fbcdf5,..\2_LP\LOW_Fr_MASTER_result\local_5RL\runs_produce_run_20260725_1209~_RST.APRQ_11_0662.3-1f96d7ab0d-1ktyuke3_7c0c91c0,final,2.3299,2.1193,26,1,,616.349,deck
05e960c42d56211d,..\2_LP\LOW_Fr_MASTER_result\local_5RL\runs_produce_run_20260725_1209~_RST.APRQ_11_0662.3-28e0e4c9dc-lpod8zib_735b371d,final,2.2443,1.9997,26,1,,622.796,deck
e1d5161228f7a9b5,..\2_LP\LOW_Fr_MASTER_result\local_5RL\runs_produce_run_20260725_1209~_RST.APRQ_11_0662.3-35ecbe6a51-ttn_p6v1_3ce013a3,final,3.0226,2.6379,27,0,above_ceiling,630.59,deck
,..\2_LP\LOW_Fr_MASTER_result\local_5RL\runs_produce_run_20260725_1209~_RST.APRQ_11_0662.3-5e6d713f2f-kms0kqnr_c2228332,no_mas_sum,,,0,0,,,
,..\2_LP\LOW_Fr_MASTER_result\local_5RL\runs_produce_run_20260725_1209~_RST.APRQ_11_0662.3-6b8b6bc680-fh0sljrj_82572ca7,no_mas_sum,,,0,0,,,
,..\2_LP\LOW_Fr_MASTER_result\local_5RL\runs_produce_run_20260725_1209~_RST.APRQ_11_0662.3-b3cf49b4e1-s2ecgtxz_40746c9b,no_mas_sum,,,0,0,,,
,..\2_LP\LOW_Fr_MASTER_result\local_5RL\runs_produce_run_20260725_1209~_RST.APRQ_11_0662.3-bd30d923ad-83hxt5_v_e94978fb,no_mas_sum,,,0,0,,,
,..\2_LP\LOW_Fr_MASTER_result\local_5RL\runs_produce_run_20260725_1209~_RST.APRQ_11_0662.3-c75d65f436-e9wqvz2c_3a04d533,no_mas_sum,,,0,0,,,
c62fedb86ffd4d97,..\2_LP\LOW_Fr_MASTER_result\local_5RL\runs_produce_run_20260725_1209~_RST.APRQ_11_0662.3-f21b66d398-ti7yfufn_19cbc8d5,final,3.1125,2.6765,25,0,above_ceiling,587.71,deck
,..\2_LP\LOW_Fr_MASTER_result\local_5RL\runs_produce_run_20260725_1209~_RST.APRQ_11_0665.0-13a2e24aef-6mrola6f_92e63e1b,no_mas_sum,,,0,0,,,
bb39c2c2c7af574c,..\2_LP\LOW_Fr_MASTER_result\local_5RL\runs_produce_run_20260725_1209~_RST.APRQ_11_0665.0-73ce7ca291-9z51fzx8_83bd840f,final,4.7735,4.2628,26,0,above_ceiling,611.448,deck
,..\2_LP\LOW_Fr_MASTER_result\local_5RL\runs_produce_run_20260725_1209~_RST.APRQ_11_0665.0-832373d545-slrpsy06_bbb97833,no_mas_sum,,,0,0,,,
,..\2_LP\LOW_Fr_MASTER_result\local_5RL\runs_produce_run_20260725_1209~_RST.APRQ_11_0665.0-8f7b6689f3-omo0ygq5_ef1cb634,no_mas_sum,,,0,0,,,
,..\2_LP\LOW_Fr_MASTER_result\local_5RL\runs_produce_run_20260725_1209~_RST.APRQ_11_0665.0-e20b6cf590-wo0h43h7_0aeddb39,no_mas_sum,,,0,0,,,
06ecd670f1a67fa4,..\2_LP\LOW_Fr_MASTER_result\local_5RL\runs_produce_run_20260725_1209~_RST.APRQ_11_0677.2-01f7adb912-1kk57tth_1dd6e33e,final,3.659,3.1446,26,0,above_ceiling,624.879,deck
3f1f74d4953ee13b,..\2_LP\LOW_Fr_MASTER_result\local_5RL\runs_produce_run_20260725_1209~_RST.APRQ_11_0677.2-55d24c0829-7tyt8jjr_e2294e6c,final,2.3565,2.1071,27,1,,639.098,deck
,..\2_LP\LOW_Fr_MASTER_result\local_5RL\runs_produce_run_20260725_1209~_RST.APRQ_11_0677.2-7afd76bb0d-v31p2a9u_09551c57,no_mas_sum,,,0,0,,,
24c87d6ca4d8a8b4,..\2_LP\LOW_Fr_MASTER_result\local_5RL\runs_produce_run_20260725_1209~_RST.APRQ_11_0677.2-afcb0a7b36-kdnxj57i_bb5cdcfe,final,2.1689,1.9527,26,1,,617.462,deck
ebda3fa4cd5d2534,..\2_LP\LOW_Fr_MASTER_result\local_5RL\runs_produce_run_20260725_1209~_RST.APRQ_11_0677.2-e90a421f75-ieh6cyh6_78e9300c,final,2.301,2.1331,27,1,,645.106,deck
a9bbe8de9b5bdc02,..\2_LP\LOW_Fr_MASTER_result\local_5RL\runs_produce_run_20260725_1209~_RST.APRQ_11_0677.2-eafcfc58e3-cuez3l40_88a4576b,final,2.2736,2.0347,26,1,,629.059,deck
,..\2_LP\LOW_Fr_MASTER_result\local_5RL\runs_produce_run_20260725_1209~_RST.APRQ_11_0678.9-455a41bc89-j0k44vog_46434474,no_mas_sum,,,0,0,,,
45c12a0a9a9c1a8b,..\2_LP\LOW_Fr_MASTER_result\local_5RL\runs_produce_run_20260725_1209~_RST.APRQ_11_0678.9-8cafc79d9c-lqzc9sfr_ee6f8274,final,2.2788,1.9889,27,1,,630.687,deck
1a638a4369cfd64b,..\2_LP\LOW_Fr_MASTER_result\local_5RL\runs_produce_run_20260725_1209~_RST.APRQ_11_0678.9-9aea259688-8aw7g055_e3c6b9d6,final,2.101,1.8841,26,1,,629.958,deck
2d9b4896caf0b86b,..\2_LP\LOW_Fr_MASTER_result\local_5RL\runs_produce_run_20260725_1209~_RST.APRQ_11_0678.9-ae1ef5c459-kb7l3srn_e9f99e07,final,2.1574,1.9257,27,1,,641.632,deck
c924129cec8f15cc,..\2_LP\LOW_Fr_MASTER_result\local_5RL\runs_produce_run_20260725_1209~_RST.APRQ_11_0678.9-b801a796e0-hhqykyal_dff2896b,final,2.1498,1.9148,27,1,,640.738,deck
,..\2_LP\LOW_Fr_MASTER_result\local_5RL\runs_produce_run_20260725_1209~_RST.APRQ_11_0678.9-c62b3dedec-h2_8pxlr_4ed4351a,no_mas_sum,,,0,0,,,
26fde0c4cd301b98,..\2_LP\LOW_Fr_MASTER_result\local_5RL\runs_produce_run_20260725_1209~_RST.APRQ_11_0678.9-d264b19243-vzw6xb0v_4e111c1b,final,6.2943,5.617,27,0,above_ceiling,634.421,deck
2a2398c8bf9ca850,..\2_LP\LOW_Fr_MASTER_result\local_5RL\runs_produce_run_20260725_1209~_RST.APRQ_11_0678.9-e84be12ff7-ftpv03sc_2c2a6b36,final,2.0001,1.8038,27,1,,633.175,deck
,..\2_LP\LOW_Fr_MASTER_result\local_5RL\runs_produce_run_20260725_1209~_RST.APRQ_11_0678.9-f014af8b65-i_i3zv74_48477ad4,no_mas_sum,,,0,0,,,
,..\2_LP\LOW_Fr_MASTER_result\local_5RL\runs_produce_run_20260725_1209~_RST.APRQ_11_0679.4-33403dda6c-92ikwrsf_afd437f8,no_mas_sum,,,0,0,,,
e5b72ca7a5eb7295,..\2_LP\LOW_Fr_MASTER_result\local_5RL\runs_produce_run_20260725_1209~_RST.APRQ_11_0679.4-4dcbb0b55f-hdrp1s67_5b93c993,final,4.8849,4.3541,27,0,above_ceiling,633.679,deck
,..\2_LP\LOW_Fr_MASTER_result\local_5RL\runs_produce_run_20260725_1209~_RST.APRQ_11_0679.4-4f991fe049-0yzvrb96_40cd9594,no_mas_sum,,,0,0,,,
3833dcdb47acf481,..\2_LP\LOW_Fr_MASTER_result\local_5RL\runs_produce_run_20260725_1209~_RST.APRQ_11_0679.4-d8d1bb3f76-fzrdqanm_1417e600,final,2.039,1.7818,27,1,,644.499,deck
b16ce3e0ade04218,..\2_LP\LOW_Fr_MASTER_result\local_5RL\runs_produce_run_20260725_1209~_RST.APRQ_11_0679.4-fde8b56350-3voxi9ir_c7b20dbc,first_cycle,,,0,0,,,deck
,..\2_LP\LOW_Fr_MASTER_result\local_5RL\runs_produce_run_20260725_1209~_RST.APRQ_11_0686.4-0f14da8e69-sk4lsafq_38e4e8ca,no_mas_sum,,,0,0,,,
b402387107867264,..\2_LP\LOW_Fr_MASTER_result\local_5RL\runs_produce_run_20260725_1209~_RST.APRQ_11_0686.4-31565e422b-z2z0xycl_efbe9bf5,final,3.1935,2.7991,27,0,above_ceiling,643.349,deck
33249f496e3f323b,..\2_LP\LOW_Fr_MASTER_result\local_5RL\runs_produce_run_20260725_1209~_RST.APRQ_11_0686.4-3f6c219212-rm9df1mc_3ea77735,final,2.1698,1.9761,27,1,,635.797,deck
,..\2_LP\LOW_Fr_MASTER_result\local_5RL\runs_produce_run_20260725_1209~_RST.APRQ_11_0686.4-41ecd1db33-5y6334a0_4c412e9e,no_mas_sum,,,0,0,,,
85f9660fba8b5f73,..\2_LP\LOW_Fr_MASTER_result\local_5RL\runs_produce_run_20260725_1209~_RST.APRQ_11_0686.4-61a36ba8df-bk85fgfl_8ed11e5a,final,2.1203,1.8544,26,1,,622.921,deck
0c26a255e471c0b4,..\2_LP\LOW_Fr_MASTER_result\local_5RL\runs_produce_run_20260725_1209~_RST.APRQ_11_0686.4-8840b865bb-46bfllzs_4ec3f6b6,final,5.103,4.5692,26,0,above_ceiling,624.825,deck
ce878beb8a6cef3e,..\2_LP\LOW_Fr_MASTER_result\local_5RL\runs_produce_run_20260725_1209~_RST.APRQ_11_0686.4-9380c2a191-qp9vda3v_d1cba95d,final,2.1123,1.8412,27,1,,639.821,deck
,..\2_LP\LOW_Fr_MASTER_result\local_5RL\runs_produce_run_20260725_1209~_RST.APRQ_11_0686.4-a0fb4db67f-zqngejac_2be7cea0,no_mas_sum,,,0,0,,,
,..\2_LP\LOW_Fr_MASTER_result\local_5RL\runs_produce_run_20260725_1209~_RST.APRQ_11_0686.4-c6e7aa6c28-ac_u3h9q_5d72849a,no_mas_sum,,,0,0,,,
7fc3e4386fad9785,..\2_LP\LOW_Fr_MASTER_result\local_5RL\runs_produce_run_20260725_1209~_RST.APRQ_11_0686.4-e6ea477108-_xbny8no_798ff435,final,2.3673,2.1164,27,1,,652.711,deck
,..\2_LP\LOW_Fr_MASTER_result\local_5RL\runs_produce_run_20260725_1209~_RST.APRQ_11_0688.2-219b71999f-zsu7y83c_091077f3,no_mas_sum,,,0,0,,,
4f3b10d46ec90646,..\2_LP\LOW_Fr_MASTER_result\local_5RL\runs_produce_run_20260725_1209~_RST.APRQ_11_0688.2-58e143206e-2z2v1lat_7f1c43f9,final,2.1277,1.9443,27,1,,648.664,deck
,..\2_LP\LOW_Fr_MASTER_result\local_5RL\runs_produce_run_20260725_1209~_RST.APRQ_11_0688.2-5d35d779dd-2ud4fvhe_c1b15f2c,no_mas_sum,,,0,0,,,
813c3af413c89e2d,..\2_LP\LOW_Fr_MASTER_result\local_5RL\runs_produce_run_20260725_1209~_RST.APRQ_11_0688.2-74051e9dd6-s6fxw3c8_09c91758,final,2.4105,2.0951,27,1,,631.083,deck
3807eb5869b8c273,..\2_LP\LOW_Fr_MASTER_result\local_5RL\runs_produce_run_20260725_1209~_RST.APRQ_11_0688.2-8e89658b75-lk447bxr_d2d749a2,final,4.2638,3.8088,27,0,above_ceiling,654.931,deck
1d5787cbf2c50c58,..\2_LP\LOW_Fr_MASTER_result\local_5RL\runs_produce_run_20260725_1209~_RST.APRQ_11_0688.2-ae2ea8915f-t_zszhzi_fb5cf20f,final,2.2594,2.0646,27,1,,633.309,deck
e91f63ff7d30c2b3,..\2_LP\LOW_Fr_MASTER_result\local_5RL\runs_produce_run_20260725_1209~_RST.APRQ_11_0688.2-aea1509505-01ugxg3x_7ad2ce36,final,2.291,2.0744,27,1,,638.509,deck
,..\2_LP\LOW_Fr_MASTER_result\local_5RL\runs_produce_run_20260725_1209~_RST.APRQ_11_0688.2-c72145d671-xxeknwdz_c57b7f0b,no_mas_sum,,,0,0,,,
,..\2_LP\LOW_Fr_MASTER_result\local_5RL\runs_produce_run_20260725_1209~_RST.APRQ_11_0688.2-db4e73a947-2_uu7ya7_99b478ca,no_mas_sum,,,0,0,,,
acf2ad695a0829cd,..\2_LP\LOW_Fr_MASTER_result\local_5RL\runs_produce_run_20260725_1209~_RST.APRQ_11_0688.2-ded4efcb31-se_3ucmo_a8f5decf,final,2.0633,1.8461,27,1,,656.655,deck
,..\2_LP\LOW_Fr_MASTER_result\local_5RL\runs_produce_run_20260725_1209~_RST.APRQ_11_0688.2-eaa70b287c-tbsc_2vt_1ee38869,no_mas_sum,,,0,0,,,
1cff8f3e260f7dec,..\2_LP\LOW_Fr_MASTER_result\local_5RL\runs_produce_run_20260725_1209~_RST.APRQ_11_0692.6-0065b0bbe5-_lv52wqd_885ef509,final,3.9475,3.5864,27,0,above_ceiling,655.737,deck
20a75edf2e5af1d1,..\2_LP\LOW_Fr_MASTER_result\local_5RL\runs_produce_run_20260725_1209~_RST.APRQ_11_0692.6-39f22525c7-2ghxdglk_2e70ec1f,final,1.8764,1.6743,27,1,,649.541,deck
dfc931ed64767acc,..\2_LP\LOW_Fr_MASTER_result\local_5RL\runs_produce_run_20260725_1209~_RST.APRQ_11_0692.6-571390721d-1l4sp551_2462ae29,final,4.9203,4.386,27,0,above_ceiling,655.431,deck
417f2762ff765402,..\2_LP\LOW_Fr_MASTER_result\local_5RL\runs_produce_run_20260725_1209~_RST.APRQ_11_0692.6-5cec0fec59-1xiopw77_8835afb1,final,2.2351,1.9763,27,1,,646.239,deck
01946eb5f56e528f,..\2_LP\LOW_Fr_MASTER_result\local_5RL\runs_produce_run_20260725_1209~_RST.APRQ_11_0692.6-73abdda547-i_g7p50q_ba69fad1,final,2.188,1.9693,27,1,,634.78,deck
,..\2_LP\LOW_Fr_MASTER_result\local_5RL\runs_produce_run_20260725_1209~_RST.APRQ_11_0692.6-81b11f3a77-qy4dkeo4_60967f72,no_mas_sum,,,0,0,,,
,..\2_LP\LOW_Fr_MASTER_result\local_5RL\runs_produce_run_20260725_1209~_RST.APRQ_11_0692.6-a3fc5c952a-5wplp24z_e7d4cb0d,no_mas_sum,,,0,0,,,
fbbdcb055f6924c4,..\2_LP\LOW_Fr_MASTER_result\local_5RL\runs_produce_run_20260725_1209~_RST.APRQ_11_0692.6-a9b895ab56-alg8je9a_75eeb032,final,2.0438,1.8117,27,1,,641.369,deck
,..\2_LP\LOW_Fr_MASTER_result\local_5RL\runs_produce_run_20260725_1209~_RST.APRQ_11_0692.6-b688c5cbb8-c_z4v_z4_9725d5d5,no_mas_sum,,,0,0,,,
90c0feb35d573684,..\2_LP\LOW_Fr_MASTER_result\local_5RL\runs_produce_run_20260725_1209~S_RST.APRQ_11_0679.4-8689ee935c-w_bwnhr_882e3d3e,final,2.3484,2.1108,27,1,,631.637,deck
,..\2_LP\LOW_Fr_MASTER_result\local_5RL\runs_produce_run_20260725_1209~S_RST.APRQ_11_0686.4-8143006a58-qeiqunt_ac651f6f,no_mas_sum,,,0,0,,,
e664ff1edefb49bd,..\2_LP\LOW_Fr_MASTER_result\local_5RL\runs_produce_run_20260725_1209~S_RST.APRQ_11_0688.2-ba63966d85-_opy34b_68444f2b,final,2.2733,2.0321,27,1,,634.383,deck
6d83d9bd0231ba91,..\2_LP\LOW_Fr_MASTER_result\local_5RL\runs_produce_run_20260725_1359~_RST.APRQ_10_0635.8-0032f3210e-08e30v1u_42370766,first_cycle,,,0,0,,,deck
2744dc1b821b7fef,..\2_LP\LOW_Fr_MASTER_result\local_5RL\runs_produce_run_20260725_1359~_RST.APRQ_10_0635.8-09ab8cbee7-rnrqye5m_707eaa77,final,2.2379,1.9702,24,1,,542.557,deck
,..\2_LP\LOW_Fr_MASTER_result\local_5RL\runs_produce_run_20260725_1359~_RST.APRQ_10_0635.8-0dc2c357c4-z6rvyy3x_0a6785fd,no_mas_sum,,,0,0,,,
002ace1c15162b0b,..\2_LP\LOW_Fr_MASTER_result\local_5RL\runs_produce_run_20260725_1359~_RST.APRQ_10_0635.8-127967b3c4-grd71o5u_b06af59e,final,3.9654,3.617,24,0,above_ceiling,567.487,deck
,..\2_LP\LOW_Fr_MASTER_result\local_5RL\runs_produce_run_20260725_1359~_RST.APRQ_10_0635.8-12ac2eb72e-e0dhrom8_348602d0,no_mas_sum,,,0,0,,,
,..\2_LP\LOW_Fr_MASTER_result\local_5RL\runs_produce_run_20260725_1359~_RST.APRQ_10_0635.8-21f9d67884-sjdidets_ed5abba4,no_mas_sum,,,0,0,,,
4ec0e2cb426045ea,..\2_LP\LOW_Fr_MASTER_result\local_5RL\runs_produce_run_20260725_1359~_RST.APRQ_10_0635.8-281689add1-ruivawal_02ef8b68,final,2.5419,2.3295,24,1,,547.984,deck
c12bc59bdaf0645b,..\2_LP\LOW_Fr_MASTER_result\local_5RL\runs_produce_run_20260725_1359~_RST.APRQ_10_0635.8-29781a52b4-w5u50hnx_c5d9e242,final,2.2185,1.9659,23,1,,531.143,deck
7635a1503b9232d1,..\2_LP\LOW_Fr_MASTER_result\local_5RL\runs_produce_run_20260725_1359~_RST.APRQ_10_0635.8-2bf4fdd429-x92cll8g_9a4d9c0a,final,2.5706,2.2123,23,1,,536.984,deck
,..\2_LP\LOW_Fr_MASTER_result\local_5RL\runs_produce_run_20260725_1359~_RST.APRQ_10_0635.8-31fe7798a1-7gib2ftt_2bcef11b,no_mas_sum,,,0,0,,,
,..\2_LP\LOW_Fr_MASTER_result\local_5RL\runs_produce_run_20260725_1359~_RST.APRQ_10_0635.8-32056cc16a-c660h5_t_1c6ceba5,no_mas_sum,,,0,0,,,
,..\2_LP\LOW_Fr_MASTER_result\local_5RL\runs_produce_run_20260725_1359~_RST.APRQ_10_0635.8-3c6763d581-82hmibou_6ea6b4b9,no_mas_sum,,,0,0,,,
344bdc1c37cb6981,..\2_LP\LOW_Fr_MASTER_result\local_5RL\runs_produce_run_20260725_1359~_RST.APRQ_10_0635.8-3f6eae53c7-sz74hdr4_51e680ef,final,3.2606,2.8262,24,0,above_ceiling,556.835,deck
0e0ba398f0fb6f0a,..\2_LP\LOW_Fr_MASTER_result\local_5RL\runs_produce_run_20260725_1359~_RST.APRQ_10_0635.8-3fcf3b2fa2-68fot5yg_0540c92c,final,2.1232,1.8673,23,1,,530.44,deck
,..\2_LP\LOW_Fr_MASTER_result\local_5RL\runs_produce_run_20260725_1359~_RST.APRQ_10_0635.8-47b8edebab-bftfy6xu_b477ba0f,no_mas_sum,,,0,0,,,
dca22e0f9b0a59cb,..\2_LP\LOW_Fr_MASTER_result\local_5RL\runs_produce_run_20260725_1359~_RST.APRQ_10_0635.8-4fdd6c8afd-j92lcovd_95b9d2a9,final,2.2302,2.0705,25,1,,575.909,deck
405223e4f62f96c1,..\2_LP\LOW_Fr_MASTER_result\local_5RL\runs_produce_run_20260725_1359~_RST.APRQ_10_0635.8-5148a74bd5-9kpzfa4v_7e6987fd,final,2.0352,1.8068,25,1,,581.582,deck
eb493f70643a9bee,..\2_LP\LOW_Fr_MASTER_result\local_5RL\runs_produce_run_20260725_1359~_RST.APRQ_10_0635.8-51a2b4e0ff-tdydljuj_0892b599,final,2.0045,1.7866,25,1,,590.976,deck
72e52a5d4e670ced,..\2_LP\LOW_Fr_MASTER_result\local_5RL\runs_produce_run_20260725_1359~_RST.APRQ_10_0635.8-51cb5cec16-5ls24uel_54608c72,final,2.2522,2.0613,24,1,,545.737,deck
be5b4a1eee5920f0,..\2_LP\LOW_Fr_MASTER_result\local_5RL\runs_produce_run_20260725_1359~_RST.APRQ_10_0635.8-51ff73b476-7xt3655e_994253d5,final,2.5495,2.2208,23,1,,531.306,deck
4ba615085b994a4a,..\2_LP\LOW_Fr_MASTER_result\local_5RL\runs_produce_run_20260725_1359~_RST.APRQ_10_0635.8-5699b10efa-honkl3ba_fe0b8bb9,final,2.1722,1.9215,25,1,,582.776,deck
,..\2_LP\LOW_Fr_MASTER_result\local_5RL\runs_produce_run_20260725_1359~_RST.APRQ_10_0635.8-5aa19c9c67-s0u2czhy_b48fb7a4,no_mas_sum,,,0,0,,,
,..\2_LP\LOW_Fr_MASTER_result\local_5RL\runs_produce_run_20260725_1359~_RST.APRQ_10_0635.8-67dc304fb0-8x0jwv1u_1676461a,no_mas_sum,,,0,0,,,
b0569b6044af674a,..\2_LP\LOW_Fr_MASTER_result\local_5RL\runs_produce_run_20260725_1359~_RST.APRQ_10_0635.8-6ab1899dd5-xaza644o_17551c57,final,2.2753,1.9819,24,1,,565.824,deck
,..\2_LP\LOW_Fr_MASTER_result\local_5RL\runs_produce_run_20260725_1359~_RST.APRQ_10_0635.8-71d8664c15-81mx09g5_1a9f8721,no_mas_sum,,,0,0,,,
aee091572454c834,..\2_LP\LOW_Fr_MASTER_result\local_5RL\runs_produce_run_20260725_1359~_RST.APRQ_10_0635.8-74910b48c5-p_mwhw9b_76cd4663,final,2.3252,2.1271,25,1,,583.325,deck
55eef1a5dc264751,..\2_LP\LOW_Fr_MASTER_result\local_5RL\runs_produce_run_20260725_1359~_RST.APRQ_10_0635.8-790e66884a-e62ogt89_83479ce8,final,4.0546,3.4611,23,0,above_ceiling,523.802,deck
,..\2_LP\LOW_Fr_MASTER_result\local_5RL\runs_produce_run_20260725_1359~_RST.APRQ_10_0635.8-7983f20cc7-mu1shxtl_b8d82d5d,no_mas_sum,,,0,0,,,
,..\2_LP\LOW_Fr_MASTER_result\local_5RL\runs_produce_run_20260725_1359~_RST.APRQ_10_0635.8-7aed6e9d09-zoq6qzee_e0639c76,no_mas_sum,,,0,0,,,
ed3e3ad4bca909b4,..\2_LP\LOW_Fr_MASTER_result\local_5RL\runs_produce_run_20260725_1359~_RST.APRQ_10_0635.8-7b8e88a69d-rwjljd_c_f6770dd2,final,2.2629,2.0132,25,1,,585.597,deck
,..\2_LP\LOW_Fr_MASTER_result\local_5RL\runs_produce_run_20260725_1359~_RST.APRQ_10_0635.8-82c6af237e-psjjlqod_0641ebd6,no_mas_sum,,,0,0,,,
ebd14958b9642ab1,..\2_LP\LOW_Fr_MASTER_result\local_5RL\runs_produce_run_20260725_1359~_RST.APRQ_10_0635.8-86294ca553-gfg4dgfh_35da3b49,final,2.2088,2.0485,25,1,,589.201,deck
,..\2_LP\LOW_Fr_MASTER_result\local_5RL\runs_produce_run_20260725_1359~_RST.APRQ_10_0635.8-8af9c96b30-vm5t0w1v_6fe722b2,no_mas_sum,,,0,0,,,
,..\2_LP\LOW_Fr_MASTER_result\local_5RL\runs_produce_run_20260725_1359~_RST.APRQ_10_0635.8-8b1816aa8f-t1w_kk5u_513417c6,no_mas_sum,,,0,0,,,
5caee18922600bf6,..\2_LP\LOW_Fr_MASTER_result\local_5RL\runs_produce_run_20260725_1359~_RST.APRQ_10_0635.8-91692a411f-ipsjvvao_5c66cd54,final,2.478,2.2531,25,1,,575.687,deck
acadeeb9fdaad60d,..\2_LP\LOW_Fr_MASTER_result\local_5RL\runs_produce_run_20260725_1359~_RST.APRQ_10_0635.8-96e9b581ec-fdfbyr44_91e9f373,final,2.0298,1.7543,24,1,,555.789,deck
,..\2_LP\LOW_Fr_MASTER_result\local_5RL\runs_produce_run_20260725_1359~_RST.APRQ_10_0635.8-9858984242-v2z6ebhy_2c13f7b3,no_mas_sum,,,0,0,,,
,..\2_LP\LOW_Fr_MASTER_result\local_5RL\runs_produce_run_20260725_1359~_RST.APRQ_10_0635.8-9cee35a652-z281epbw_dca999af,no_mas_sum,,,0,0,,,
3096542789e71f36,..\2_LP\LOW_Fr_MASTER_result\local_5RL\runs_produce_run_20260725_1359~_RST.APRQ_10_0635.8-9db741cd40-xffsbxqk_c12dc134,final,5.7413,5.1234,25,0,above_ceiling,574.353,deck
271e652a243d2e2a,..\2_LP\LOW_Fr_MASTER_result\local_5RL\runs_produce_run_20260725_1359~_RST.APRQ_10_0635.8-a18450fba7-dmrxgnfh_d218228f,final,2.3582,2.0747,23,1,,531.715,deck
1fa4aade9a12681b,..\2_LP\LOW_Fr_MASTER_result\local_5RL\runs_produce_run_20260725_1359~_RST.APRQ_10_0635.8-a4635dce0b-ir9_bnc5_a52fc777,final,3.5711,3.1082,25,0,above_ceiling,588.096,deck
,..\2_LP\LOW_Fr_MASTER_result\local_5RL\runs_produce_run_20260725_1359~_RST.APRQ_10_0635.8-a47cb699f4-3o81tg7x_77a28331,no_mas_sum,,,0,0,,,
276bf6882923e109,..\2_LP\LOW_Fr_MASTER_result\local_5RL\runs_produce_run_20260725_1359~_RST.APRQ_10_0635.8-a5e7156406-h67l3c7c_0386c2a8,final,5.1308,4.7251,23,0,above_ceiling,526.349,deck
5bd466ce44271aa5,..\2_LP\LOW_Fr_MASTER_result\local_5RL\runs_produce_run_20260725_1359~_RST.APRQ_10_0635.8-a6ce7a2273-isnewu32_6079e41c,final,4.2611,3.649,25,0,above_ceiling,576.184,deck
75659522a1cb9a42,..\2_LP\LOW_Fr_MASTER_result\local_5RL\runs_produce_run_20260725_1359~_RST.APRQ_10_0635.8-a87b82be94-aq4bd6qt_6f9ece84,final,2.1705,1.9534,24,1,,547.849,deck
a90d53f04225ac67,..\2_LP\LOW_Fr_MASTER_result\local_5RL\runs_produce_run_20260725_1359~_RST.APRQ_10_0635.8-aabe3a2704-qoi5ikv6_06db2c97,superseded,,,0,0,,,deck
04d0b56ef3ac9839,..\2_LP\LOW_Fr_MASTER_result\local_5RL\runs_produce_run_20260725_1359~_RST.APRQ_10_0635.8-abda8138ad-6x3ft4ku_c5c694f5,final,2.1117,1.8881,25,1,,576.287,deck
81b22503ecbe39d5,..\2_LP\LOW_Fr_MASTER_result\local_5RL\runs_produce_run_20260725_1359~_RST.APRQ_10_0635.8-abfda36c5e-dbr9qezj_2219b927,final,2.1553,1.8657,23,1,,538.973,deck
1f16f9bef7e0a61c,..\2_LP\LOW_Fr_MASTER_result\local_5RL\runs_produce_run_20260725_1359~_RST.APRQ_10_0635.8-ac3db2570e-intr156d_4f2e8a62,final,2.0046,1.8101,25,1,,582.006,deck
,..\2_LP\LOW_Fr_MASTER_result\local_5RL\runs_produce_run_20260725_1359~_RST.APRQ_10_0635.8-acabb153ad-c1cj56mo_479ecdb6,no_mas_sum,,,0,0,,,
df4236cc6325e463,..\2_LP\LOW_Fr_MASTER_result\local_5RL\runs_produce_run_20260725_1359~_RST.APRQ_10_0635.8-adcaac9893-sxxi3j2j_87cb1f5a,final,2.1232,1.8726,24,1,,549.252,deck
9db7218021ff8b31,..\2_LP\LOW_Fr_MASTER_result\local_5RL\runs_produce_run_20260725_1359~_RST.APRQ_10_0635.8-b2cbbd6da5-rzd38rpj_eb968773,final,2.6292,2.3463,24,1,,554.135,deck
1df13f9f97b2eff3,..\2_LP\LOW_Fr_MASTER_result\local_5RL\runs_produce_run_20260725_1359~_RST.APRQ_10_0635.8-b84654930f-8ezwpvg1_7b21c0d3,final,3.6151,3.1556,25,0,above_ceiling,574.652,deck
,..\2_LP\LOW_Fr_MASTER_result\local_5RL\runs_produce_run_20260725_1359~_RST.APRQ_10_0635.8-bb0e802605-6ryw6ide_35b39b7b,no_mas_sum,,,0,0,,,
,..\2_LP\LOW_Fr_MASTER_result\local_5RL\runs_produce_run_20260725_1359~_RST.APRQ_10_0635.8-c14eef58a0-7lpqg6mw_dab3bc92,no_mas_sum,,,0,0,,,
c40550e08de4395d,..\2_LP\LOW_Fr_MASTER_result\local_5RL\runs_produce_run_20260725_1359~_RST.APRQ_10_0635.8-c5e2e12fa0-2zp_inbn_512d8e27,final,2.0661,1.8384,24,1,,568.769,deck
a10fdc64e086bf70,..\2_LP\LOW_Fr_MASTER_result\local_5RL\runs_produce_run_20260725_1359~_RST.APRQ_10_0635.8-c77c14a38b-ve6qhlsh_fee629d7,final,5.2785,4.6811,24,0,above_ceiling,559.574,deck
2a3f6fc65a072c70,..\2_LP\LOW_Fr_MASTER_result\local_5RL\runs_produce_run_20260725_1359~_RST.APRQ_10_0635.8-ce3b2c504d-94u5knmz_b7f268fa,final,3.1495,2.7439,25,0,above_ceiling,584.657,deck
e8e875f13153a51b,..\2_LP\LOW_Fr_MASTER_result\local_5RL\runs_produce_run_20260725_1359~_RST.APRQ_10_0635.8-d417809309-3_cs12ja_d4de281e,final,2.3089,2.0445,25,1,,585.646,deck
,..\2_LP\LOW_Fr_MASTER_result\local_5RL\runs_produce_run_20260725_1359~_RST.APRQ_10_0635.8-d637c80bcc-4bagi8ne_c412c8d0,no_mas_sum,,,0,0,,,
,..\2_LP\LOW_Fr_MASTER_result\local_5RL\runs_produce_run_20260725_1359~_RST.APRQ_10_0635.8-d8cb993f39-oyo6qbid_9645c2f2,no_mas_sum,,,0,0,,,
,..\2_LP\LOW_Fr_MASTER_result\local_5RL\runs_produce_run_20260725_1359~_RST.APRQ_10_0635.8-e4ff8dd026-413al8ow_349a8cc9,no_mas_sum,,,0,0,,,
fcbc7ab0894b0567,..\2_LP\LOW_Fr_MASTER_result\local_5RL\runs_produce_run_20260725_1359~_RST.APRQ_10_0635.8-e90d890cde-0ggr9583_813ee8f9,final,1.9642,1.7638,24,1,,551.595,deck
,..\2_LP\LOW_Fr_MASTER_result\local_5RL\runs_produce_run_20260725_1359~_RST.APRQ_10_0635.8-eeb9e7cd12-vf1jkwkg_9cb667c9,no_mas_sum,,,0,0,,,
972c883d1745759b,..\2_LP\LOW_Fr_MASTER_result\local_5RL\runs_produce_run_20260725_1359~_RST.APRQ_10_0635.8-f1812a756b-fch9g4t2_9f4a1c85,final,2.3914,2.1242,25,1,,575.994,deck
a65a412371bd7388,..\2_LP\LOW_Fr_MASTER_result\local_5RL\runs_produce_run_20260725_1359~_RST.APRQ_10_0635.8-f187bb6bbd-us5xxugm_3b30c2c1,final,2.6222,2.3547,24,1,,569.162,deck
fb7dcafbd2c6a964,..\2_LP\LOW_Fr_MASTER_result\local_5RL\runs_produce_run_20260725_1359~_RST.APRQ_10_0635.8-ff3f948a8b-ggplupm0_f00202e3,final,2.4964,2.1801,23,1,,538.193,deck
cbb3248373fe9b78,..\2_LP\LOW_Fr_MASTER_result\local_5RL\runs_produce_run_20260725_1359~_RST.APRQ_11_0615.8-02d535f187-_7rhtkeq_1cd9820b,final,2.1934,1.9544,24,1,,550.699,deck
0c21172c5ecdbd0a,..\2_LP\LOW_Fr_MASTER_result\local_5RL\runs_produce_run_20260725_1359~_RST.APRQ_11_0615.8-03645d8cbf-cc70euor_3e32750e,final,2.5837,2.2767,25,1,,584.674,deck
,..\2_LP\LOW_Fr_MASTER_result\local_5RL\runs_produce_run_20260725_1359~_RST.APRQ_11_0615.8-0d2688371f-6pmy120p_83b3bbed,no_mas_sum,,,0,0,,,
6f317d2e1f2aa95f,..\2_LP\LOW_Fr_MASTER_result\local_5RL\runs_produce_run_20260725_1359~_RST.APRQ_11_0615.8-0d7cba9e42-hfuh1j0a_ab627c47,final,2.618,2.3396,23,1,,532.355,deck
d3b30360f67aa2d8,..\2_LP\LOW_Fr_MASTER_result\local_5RL\runs_produce_run_20260725_1359~_RST.APRQ_11_0615.8-0dcbfe0c3f-mdqh44ke_1e6711c4,final,2.4435,2.1065,24,1,,562.572,deck
0e46e03a3e0b356b,..\2_LP\LOW_Fr_MASTER_result\local_5RL\runs_produce_run_20260725_1359~_RST.APRQ_11_0615.8-0ebb78706d-xk9f1oga_d8b38254,final,2.2904,1.9456,23,1,,538.333,deck
e62440ecc1994433,..\2_LP\LOW_Fr_MASTER_result\local_5RL\runs_produce_run_20260725_1359~_RST.APRQ_11_0615.8-0ef14343f5-i8lfjzte_b5217560,superseded,,,0,0,,,deck
d159c4180053bde8,..\2_LP\LOW_Fr_MASTER_result\local_5RL\runs_produce_run_20260725_1359~_RST.APRQ_11_0615.8-0f2f12bb75-hiowcu56_b5d49662,final,2.1433,1.894,24,1,,545.318,deck
,..\2_LP\LOW_Fr_MASTER_result\local_5RL\runs_produce_run_20260725_1359~_RST.APRQ_11_0615.8-117a8048ed-3mdcazv9_5d9581dc,no_mas_sum,,,0,0,,,
9d769fda5daf0254,..\2_LP\LOW_Fr_MASTER_result\local_5RL\runs_produce_run_20260725_1359~_RST.APRQ_11_0615.8-1375ac70bd-u3q8ydin_08099066,final,2.4462,2.1827,24,1,,542.293,deck
70162f041f23f8a2,..\2_LP\LOW_Fr_MASTER_result\local_5RL\runs_produce_run_20260725_1359~_RST.APRQ_11_0615.8-1569ebebc8-mbfzk8qw_ce98e8af,final,2.5543,2.2562,23,1,,530.575,deck
1000a8f60137c147,..\2_LP\LOW_Fr_MASTER_result\local_5RL\runs_produce_run_20260725_1359~_RST.APRQ_11_0615.8-1a2b4f6f36-amojegbe_0603be98,final,2.3392,2.0859,23,1,,532.964,deck
,..\2_LP\LOW_Fr_MASTER_result\local_5RL\runs_produce_run_20260725_1359~_RST.APRQ_11_0615.8-1a7edffebb-g1ael82p_a1a5bbf2,no_mas_sum,,,0,0,,,
,..\2_LP\LOW_Fr_MASTER_result\local_5RL\runs_produce_run_20260725_1359~_RST.APRQ_11_0615.8-1bd58f0fbb-nihppkb7_8b483421,no_mas_sum,,,0,0,,,
,..\2_LP\LOW_Fr_MASTER_result\local_5RL\runs_produce_run_20260725_1359~_RST.APRQ_11_0615.8-1d2673e17b-nst5vlq5_ab7e2f15,no_mas_sum,,,0,0,,,
2a26afaac565c366,..\2_LP\LOW_Fr_MASTER_result\local_5RL\runs_produce_run_20260725_1359~_RST.APRQ_11_0615.8-1d76259de9-yyowwox5_3cf2d4a3,final,2.5871,2.2625,23,1,,536.277,deck
c33d2dca8d70d93c,..\2_LP\LOW_Fr_MASTER_result\local_5RL\runs_produce_run_20260725_1359~_RST.APRQ_11_0615.8-1e022c10fd-zdu8vqil_feb311ff,final,2.4185,2.1975,23,1,,531.705,deck
fe81d5aff2dc8a3a,..\2_LP\LOW_Fr_MASTER_result\local_5RL\runs_produce_run_20260725_1359~_RST.APRQ_11_0615.8-1fb4867d8f-85h73f3o_a7a9044c,final,2.4632,2.2141,24,1,,548.795,deck
,..\2_LP\LOW_Fr_MASTER_result\local_5RL\runs_produce_run_20260725_1359~_RST.APRQ_11_0615.8-1ffa543a3e-iju0pds6_79a6fcda,no_mas_sum,,,0,0,,,
,..\2_LP\LOW_Fr_MASTER_result\local_5RL\runs_produce_run_20260725_1359~_RST.APRQ_11_0615.8-205f66f3de-fnc3rmtw_9ccc350c,no_mas_sum,,,0,0,,,
505ea8dbb8042429,..\2_LP\LOW_Fr_MASTER_result\local_5RL\runs_produce_run_20260725_1359~_RST.APRQ_11_0615.8-20db76bd36-xx3_pcbo_53a96bd9,final,2.3622,2.1161,25,1,,570.283,deck
fbdcca1b64b6e04c,..\2_LP\LOW_Fr_MASTER_result\local_5RL\runs_produce_run_20260725_1359~_RST.APRQ_11_0615.8-21880f00a4-3p73ewjw_5d915e49,final,2.8066,2.3955,23,1,,530.784,deck
,..\2_LP\LOW_Fr_MASTER_result\local_5RL\runs_produce_run_20260725_1359~_RST.APRQ_11_0615.8-227a214547-affeelml_eca8fbaf,no_mas_sum,,,0,0,,,
,..\2_LP\LOW_Fr_MASTER_result\local_5RL\runs_produce_run_20260725_1359~_RST.APRQ_11_0615.8-23a5e1d743-kkqf6pgz_de1dc59a,no_mas_sum,,,0,0,,,
1fac694922ec10db,..\2_LP\LOW_Fr_MASTER_result\local_5RL\runs_produce_run_20260725_1359~_RST.APRQ_11_0615.8-265ca80b84-vas4pynu_47d26dfb,final,2.3723,2.0039,24,1,,562.555,deck
5093ac01860db335,..\2_LP\LOW_Fr_MASTER_result\local_5RL\runs_produce_run_20260725_1359~_RST.APRQ_11_0615.8-27563c2e48-euu8lroc_f05e7729,final,2.0808,1.8887,25,1,,587.274,deck
f0b62e030a3175c0,..\2_LP\LOW_Fr_MASTER_result\local_5RL\runs_produce_run_20260725_1359~_RST.APRQ_11_0615.8-286e751b49-6c_mrnpk_8ef26e87,final,2.4966,2.199,24,1,,546.61,deck
33e55c15b90b007d,..\2_LP\LOW_Fr_MASTER_result\local_5RL\runs_produce_run_20260725_1359~_RST.APRQ_11_0615.8-29c4c11670-uioz2ugl_7971af3b,superseded,,,0,0,,,deck
d8b334e3c3fa4deb,..\2_LP\LOW_Fr_MASTER_result\local_5RL\runs_produce_run_20260725_1359~_RST.APRQ_11_0615.8-2adab17145-14kyneye_723c5ba7,final,2.238,1.9639,23,1,,521.742,deck
,..\2_LP\LOW_Fr_MASTER_result\local_5RL\runs_produce_run_20260725_1359~_RST.APRQ_11_0615.8-324e4791b7-b1qyepyj_bea7feca,no_mas_sum,,,0,0,,,
6a462972f40619cf,..\2_LP\LOW_Fr_MASTER_result\local_5RL\runs_produce_run_20260725_1359~_RST.APRQ_11_0615.8-354710c417-oqabqatb_66dd71ec,final,2.2063,1.9053,24,1,,544.58,deck
,..\2_LP\LOW_Fr_MASTER_result\local_5RL\runs_produce_run_20260725_1359~_RST.APRQ_11_0615.8-3691301a80-qwvgs1nc_5733f814,no_mas_sum,,,0,0,,,
f9164f2f3b7e005f,..\2_LP\LOW_Fr_MASTER_result\local_5RL\runs_produce_run_20260725_1359~_RST.APRQ_11_0615.8-36d6cebbdc-3g00k7ad_7b05348b,final,2.6491,2.3346,25,1,,578.443,deck
eab71ef62edb801b,..\2_LP\LOW_Fr_MASTER_result\local_5RL\runs_produce_run_20260725_1359~_RST.APRQ_11_0615.8-36f3d6f639-u88g7tij_6d432ecf,final,2.3895,2.0203,25,1,,578.919,deck
7f533fae82705909,..\2_LP\LOW_Fr_MASTER_result\local_5RL\runs_produce_run_20260725_1359~_RST.APRQ_11_0615.8-373cae538c-q8b6mxuj_f0e7ccce,final,2.2249,1.8879,25,1,,575.747,deck
15426c28de3087e6,..\2_LP\LOW_Fr_MASTER_result\local_5RL\runs_produce_run_20260725_1359~_RST.APRQ_11_0615.8-384c7f66dd-majqxnpw_b0928e8a,final,2.7631,2.4079,23,1,,538.136,deck
3b8c326d6eae02aa,..\2_LP\LOW_Fr_MASTER_result\local_5RL\runs_produce_run_20260725_1359~_RST.APRQ_11_0615.8-38568afe28-einf_p65_70d6c01a,final,2.2189,1.9152,24,1,,545.82,deck
,..\2_LP\LOW_Fr_MASTER_result\local_5RL\runs_produce_run_20260725_1359~_RST.APRQ_11_0615.8-390888c2eb-c9z89vvp_62a4ce60,no_mas_sum,,,0,0,,,
e9b865a31f89b98f,..\2_LP\LOW_Fr_MASTER_result\local_5RL\runs_produce_run_20260725_1359~_RST.APRQ_11_0615.8-39bbba0c16-fjoeao46_fa9794f5,final,2.1621,1.9368,24,1,,551.044,deck
c8fad2b0047a7203,..\2_LP\LOW_Fr_MASTER_result\local_5RL\runs_produce_run_20260725_1359~_RST.APRQ_11_0615.8-3a10ca4f17-stqnc340_18d5e3d7,final,2.4275,2.1424,24,1,,555.181,deck
a16a592be75c2885,..\2_LP\LOW_Fr_MASTER_result\local_5RL\runs_produce_run_20260725_1359~_RST.APRQ_11_0615.8-3aa5125f2b-hvat2p9j_3204b7da,final,2.0559,1.8457,25,1,,571.65,deck
,..\2_LP\LOW_Fr_MASTER_result\local_5RL\runs_produce_run_20260725_1359~_RST.APRQ_11_0615.8-3ace878da3-t7w9_6qy_b216a23f,no_mas_sum,,,0,0,,,
5571429aa5998cb3,..\2_LP\LOW_Fr_MASTER_result\local_5RL\runs_produce_run_20260725_1359~_RST.APRQ_11_0615.8-3c67e25909-iuvbt_5z_8421b193,final,2.3565,1.97,24,1,,568.356,deck
b141c20eac2cc9a5,..\2_LP\LOW_Fr_MASTER_result\local_5RL\runs_produce_run_20260725_1359~_RST.APRQ_11_0615.8-402852394f-ikzk5blr_a0a44e52,final,4.032,3.4713,23,0,above_ceiling,534.697,deck
a513cb49a9b9414d,..\2_LP\LOW_Fr_MASTER_result\local_5RL\runs_produce_run_20260725_1359~_RST.APRQ_11_0615.8-40ce8e69e7-1cta8d3p_15610563,final,2.592,2.2907,25,1,,583.597,deck
3a09cf238be220e4,..\2_LP\LOW_Fr_MASTER_result\local_5RL\runs_produce_run_20260725_1359~_RST.APRQ_11_0615.8-44e684d7e1-dqt7cfzz_557815b8,final,2.33,2.0764,24,1,,542.334,deck
,..\2_LP\LOW_Fr_MASTER_result\local_5RL\runs_produce_run_20260725_1359~_RST.APRQ_11_0615.8-44f376cee3-y2v6z0oc_45503c9b,no_mas_sum,,,0,0,,,
911f2db1d3e9b797,..\2_LP\LOW_Fr_MASTER_result\local_5RL\runs_produce_run_20260725_1359~_RST.APRQ_11_0615.8-46329a27c3-_piv7qjo_b66a8fd7,final,2.3083,2.0531,25,1,,570.574,deck
c11c01a20aa24db7,..\2_LP\LOW_Fr_MASTER_result\local_5RL\runs_produce_run_20260725_1359~_RST.APRQ_11_0615.8-4f4dcd7eae-9bjf9gll_26865134,final,2.2352,2.0309,25,1,,593.794,deck
,..\2_LP\LOW_Fr_MASTER_result\local_5RL\runs_produce_run_20260725_1359~_RST.APRQ_11_0615.8-5186729f9d-vc8ayxv8_7c4be984,no_mas_sum,,,0,0,,,
,..\2_LP\LOW_Fr_MASTER_result\local_5RL\runs_produce_run_20260725_1359~_RST.APRQ_11_0615.8-54a00f3069-vpcb66jb_35557920,no_mas_sum,,,0,0,,,
,..\2_LP\LOW_Fr_MASTER_result\local_5RL\runs_produce_run_20260725_1359~_RST.APRQ_11_0615.8-55d29a8471-z9_8z7ki_9372d095,no_mas_sum,,,0,0,,,
6eb77340a9571120,..\2_LP\LOW_Fr_MASTER_result\local_5RL\runs_produce_run_20260725_1359~_RST.APRQ_11_0615.8-5ac9741c1a-_mj97aak_035c5afd,final,2.0341,1.7911,23,1,,535.411,deck
76ae3f3438176cdc,..\2_LP\LOW_Fr_MASTER_result\local_5RL\runs_produce_run_20260725_1359~_RST.APRQ_11_0615.8-5b8fac6fc4-q7qgha4k_136cb14f,final,3.4547,2.5284,24,0,above_ceiling,546.529,deck
92da5a54ebae4de5,..\2_LP\LOW_Fr_MASTER_result\local_5RL\runs_produce_run_20260725_1359~_RST.APRQ_11_0615.8-5ce3baa0cf-35li67_s_32f7a578,final,2.7385,2.3054,23,1,,517.651,deck
0de0dedd3b87da75,..\2_LP\LOW_Fr_MASTER_result\local_5RL\runs_produce_run_20260725_1359~_RST.APRQ_11_0615.8-5d7e630614-rmnguhut_d4e0c9a7,final,2.2096,1.9482,24,1,,569.351,deck
3eb4c629ed91e663,..\2_LP\LOW_Fr_MASTER_result\local_5RL\runs_produce_run_20260725_1359~_RST.APRQ_11_0615.8-5dccf97d52-z40yn5r5_605efdbd,final,2.5828,2.3366,24,1,,566.486,deck
,..\2_LP\LOW_Fr_MASTER_result\local_5RL\runs_produce_run_20260725_1359~_RST.APRQ_11_0615.8-5f81e27365-6ue07g0x_132fae0c,no_mas_sum,,,0,0,,,
5fea8d63e1d76734,..\2_LP\LOW_Fr_MASTER_result\local_5RL\runs_produce_run_20260725_1359~_RST.APRQ_11_0615.8-6051c065f4-r9od7xap_f2b8c080,final,5.7726,5.0896,24,0,above_ceiling,547.804,deck
80d2e4608fe31924,..\2_LP\LOW_Fr_MASTER_result\local_5RL\runs_produce_run_20260725_1359~_RST.APRQ_11_0615.8-644785e88b-0i8s_fs7_491a3d46,final,2.1913,1.9168,25,1,,579.24,deck
,..\2_LP\LOW_Fr_MASTER_result\local_5RL\runs_produce_run_20260725_1359~_RST.APRQ_11_0615.8-66867444c4-6yeura33_2019a654,no_mas_sum,,,0,0,,,
816786e78853c510,..\2_LP\LOW_Fr_MASTER_result\local_5RL\runs_produce_run_20260725_1359~_RST.APRQ_11_0615.8-670adf147a-iwd5xi5n_5e0a3e5e,final,2.256,1.9992,25,1,,581.7,deck
,..\2_LP\LOW_Fr_MASTER_result\local_5RL\runs_produce_run_20260725_1359~_RST.APRQ_11_0615.8-671c8fa7eb-qc70g3jn_f487456d,no_mas_sum,,,0,0,,,
,..\2_LP\LOW_Fr_MASTER_result\local_5RL\runs_produce_run_20260725_1359~_RST.APRQ_11_0615.8-6cc59b4900-0_z_f64r_26b2fd1d,no_mas_sum,,,0,0,,,
482ddcc4ee047cc4,..\2_LP\LOW_Fr_MASTER_result\local_5RL\runs_produce_run_20260725_1359~_RST.APRQ_11_0615.8-6d0d6e5761-v26sfsv5_00b9468f,final,2.7011,2.384,24,1,,540.332,deck
8c9bce38d567dd50,..\2_LP\LOW_Fr_MASTER_result\local_5RL\runs_produce_run_20260725_1359~_RST.APRQ_11_0615.8-713afd5207-7mm5wvbz_497a8e77,final,2.3923,2.0951,25,1,,584.686,deck
,..\2_LP\LOW_Fr_MASTER_result\local_5RL\runs_produce_run_20260725_1359~_RST.APRQ_11_0615.8-7328d794a6-thsvtgg4_4ac29866,no_mas_sum,,,0,0,,,
a6f64ed65b0375eb,..\2_LP\LOW_Fr_MASTER_result\local_5RL\runs_produce_run_20260725_1359~_RST.APRQ_11_0615.8-763a415f45-p_f9w53p_c1aafcee,final,2.8269,2.5991,24,1,,546.359,deck
d3be08b4fcfac631,..\2_LP\LOW_Fr_MASTER_result\local_5RL\runs_produce_run_20260725_1359~_RST.APRQ_11_0615.8-799d189465-duju0zjt_da5a68d6,final,2.5339,2.1082,25,1,,580.841,deck
65e1d28ddc825080,..\2_LP\LOW_Fr_MASTER_result\local_5RL\runs_produce_run_20260725_1359~_RST.APRQ_11_0615.8-7ea1143350-gtr2uno9_98cd9a6f,final,2.7681,2.3652,24,1,,540.261,deck
381a62ab619f16e7,..\2_LP\LOW_Fr_MASTER_result\local_5RL\runs_produce_run_20260725_1359~_RST.APRQ_11_0615.8-7ee1e69b57-4moffhcw_ed6955f1,final,2.1983,1.9377,24,1,,553.989,deck
2837360f08c607da,..\2_LP\LOW_Fr_MASTER_result\local_5RL\runs_produce_run_20260725_1359~_RST.APRQ_11_0615.8-7f0fc71d87-6luvjdtw_550e3230,final,2.4646,2.192,24,1,,569.697,deck
106d4d29b57f3a52,..\2_LP\LOW_Fr_MASTER_result\local_5RL\runs_produce_run_20260725_1359~_RST.APRQ_11_0615.8-8006670801-7f8f87sk_b4036445,final,2.5806,2.2371,25,1,,586.681,deck
3e1294b12173a2d4,..\2_LP\LOW_Fr_MASTER_result\local_5RL\runs_produce_run_20260725_1359~_RST.APRQ_11_0615.8-812eb663e1-stmoari6_f6706710,final,2.2912,1.9846,24,1,,568.989,deck
,..\2_LP\LOW_Fr_MASTER_result\local_5RL\runs_produce_run_20260725_1359~_RST.APRQ_11_0615.8-838920eda8-s7r8760g_2c4ff39b,no_mas_sum,,,0,0,,,
,..\2_LP\LOW_Fr_MASTER_result\local_5RL\runs_produce_run_20260725_1359~_RST.APRQ_11_0615.8-8b30245b16-gyzs_1v3_f4ab7c8d,no_mas_sum,,,0,0,,,
7abe768d5b87b20a,..\2_LP\LOW_Fr_MASTER_result\local_5RL\runs_produce_run_20260725_1359~_RST.APRQ_11_0615.8-8ce1adf34a-3e6ny35h_cab5ecaf,final,4.0196,3.6047,23,0,above_ceiling,527.857,deck
dace2b4299edb391,..\2_LP\LOW_Fr_MASTER_result\local_5RL\runs_produce_run_20260725_1359~_RST.APRQ_11_0615.8-94de97fef7-xvfb0me0_49669b9e,final,1.9594,1.6693,25,1,,584.606,deck
c2a4f61193109ebc,..\2_LP\LOW_Fr_MASTER_result\local_5RL\runs_produce_run_20260725_1359~_RST.APRQ_11_0615.8-9525d02d57-77p1l8hd_368fc2a8,final,2.3079,1.9065,23,1,,531.591,deck
,..\2_LP\LOW_Fr_MASTER_result\local_5RL\runs_produce_run_20260725_1359~_RST.APRQ_11_0615.8-98379ca874-kz8cqkmz_9448d70a,no_mas_sum,,,0,0,,,
6409e440c4ab55d3,..\2_LP\LOW_Fr_MASTER_result\local_5RL\runs_produce_run_20260725_1359~_RST.APRQ_11_0615.8-98bfeb8149-fjjint1p_b604e1f4,final,2.0035,1.7258,24,1,,556.792,deck
58425ca8e61422bc,..\2_LP\LOW_Fr_MASTER_result\local_5RL\runs_produce_run_20260725_1359~_RST.APRQ_11_0615.8-9b08f31858-9m7o9kyg_aeff88c1,final,3.1839,2.4133,24,0,above_ceiling,556.31,deck
a2ba39af7d2f6df2,..\2_LP\LOW_Fr_MASTER_result\local_5RL\runs_produce_run_20260725_1359~_RST.APRQ_11_0615.8-9cf5eb01eb-680cvq8h_d60bd9ec,final,2.1797,1.8179,23,1,,538.085,deck
07fca25ad0b60547,..\2_LP\LOW_Fr_MASTER_result\local_5RL\runs_produce_run_20260725_1359~_RST.APRQ_11_0615.8-9d117de4bc-gn93rl2m_d4b19a6e,final,2.1445,1.8303,24,1,,550.21,deck
,..\2_LP\LOW_Fr_MASTER_result\local_5RL\runs_produce_run_20260725_1359~_RST.APRQ_11_0615.8-9e4beada0f-7fzi5c_6_a5678db7,no_mas_sum,,,0,0,,,
,..\2_LP\LOW_Fr_MASTER_result\local_5RL\runs_produce_run_20260725_1359~_RST.APRQ_11_0615.8-a3c3b48900-z9hvith1_972a4d7e,no_mas_sum,,,0,0,,,
a7d0a27cd0577815,..\2_LP\LOW_Fr_MASTER_result\local_5RL\runs_produce_run_20260725_1359~_RST.APRQ_11_0615.8-a41474ae41-sl8js2ai_c92c2704,final,2.1461,1.9079,24,1,,568.121,deck
,..\2_LP\LOW_Fr_MASTER_result\local_5RL\runs_produce_run_20260725_1359~_RST.APRQ_11_0615.8-a45ca9e88f-kifkmip6_ae029857,no_mas_sum,,,0,0,,,
12a61e354ff69b11,..\2_LP\LOW_Fr_MASTER_result\local_5RL\runs_produce_run_20260725_1359~_RST.APRQ_11_0615.8-a7b0d7fc5c-hlv_7fsy_4b3f374f,final,2.3275,1.9442,24,1,,565.023,deck
102d364e3ac73621,..\2_LP\LOW_Fr_MASTER_result\local_5RL\runs_produce_run_20260725_1359~_RST.APRQ_11_0615.8-a887e7cc97-uvq38_k4_c880699f,final,2.1444,1.9129,23,1,,539.111,deck
,..\2_LP\LOW_Fr_MASTER_result\local_5RL\runs_produce_run_20260725_1359~_RST.APRQ_11_0615.8-a8d7f89c4b-io2o6et2_538defed,no_mas_sum,,,0,0,,,
a1fefeb62c5f6564,..\2_LP\LOW_Fr_MASTER_result\local_5RL\runs_produce_run_20260725_1359~_RST.APRQ_11_0615.8-a9d47012d5-a80vb97d_c622b2da,final,2.6253,2.2755,24,1,,548.456,deck
e6b86b9007506312,..\2_LP\LOW_Fr_MASTER_result\local_5RL\runs_produce_run_20260725_1359~_RST.APRQ_11_0615.8-ab9518aef3-kt0pnsu4_0344030f,final,2.2095,1.8374,23,1,,531.104,deck
,..\2_LP\LOW_Fr_MASTER_result\local_5RL\runs_produce_run_20260725_1359~_RST.APRQ_11_0615.8-ae47e5138e-ff7i5cgy_717d43c5,no_mas_sum,,,0,0,,,
acebcdff33952d8f,..\2_LP\LOW_Fr_MASTER_result\local_5RL\runs_produce_run_20260725_1359~_RST.APRQ_11_0615.8-afad4ebf0b-1jysi3wi_6ed79da6,final,6.2752,5.5466,24,0,above_ceiling,553.451,deck
,..\2_LP\LOW_Fr_MASTER_result\local_5RL\runs_produce_run_20260725_1359~_RST.APRQ_11_0615.8-b0c05a02f0-dnsb7iyq_3a87c728,no_mas_sum,,,0,0,,,
ecff0fc6c82441e6,..\2_LP\LOW_Fr_MASTER_result\local_5RL\runs_produce_run_20260725_1359~_RST.APRQ_11_0615.8-b22eb36203-iisfdmjj_463e2c95,final,4.7367,4.1826,23,0,above_ceiling,535.65,deck
b672389a0e45dcc4,..\2_LP\LOW_Fr_MASTER_result\local_5RL\runs_produce_run_20260725_1359~_RST.APRQ_11_0615.8-b290236e4e-3eg87xnn_a5db0089,first_cycle,,,0,0,,,deck
123124d5aed88e35,..\2_LP\LOW_Fr_MASTER_result\local_5RL\runs_produce_run_20260725_1359~_RST.APRQ_11_0615.8-b290b7329c-5i725p6o_83b7329a,final,3.9012,3.5213,23,0,above_ceiling,515.71,deck
ce7a6e9eab77d1b0,..\2_LP\LOW_Fr_MASTER_result\local_5RL\runs_produce_run_20260725_1359~_RST.APRQ_11_0615.8-b2cd0fee93-wxc25oa7_71276416,final,2.1909,1.9343,25,1,,579.406,deck
1574b58ab8599a3a,..\2_LP\LOW_Fr_MASTER_result\local_5RL\runs_produce_run_20260725_1359~_RST.APRQ_11_0615.8-b448dfa699-xhgzc008_1e566c43,final,2.4956,2.2084,24,1,,542.941,deck
93b3266a06d9de68,..\2_LP\LOW_Fr_MASTER_result\local_5RL\runs_produce_run_20260725_1359~_RST.APRQ_11_0615.8-b59aca9dbf-pj4x33b3_287a0e15,final,2.3548,1.986,24,1,,547.539,deck
21b73a08cfdbd509,..\2_LP\LOW_Fr_MASTER_result\local_5RL\runs_produce_run_20260725_1359~_RST.APRQ_11_0615.8-b935f2f35a-3gdtqdpd_fcc3a7fd,final,3.5901,3.0996,25,0,above_ceiling,581.494,deck
,..\2_LP\LOW_Fr_MASTER_result\local_5RL\runs_produce_run_20260725_1359~_RST.APRQ_11_0615.8-bacfff1215-5z8gbb3t_de7cf5fe,no_mas_sum,,,0,0,,,
,..\2_LP\LOW_Fr_MASTER_result\local_5RL\runs_produce_run_20260725_1359~_RST.APRQ_11_0615.8-bb30e76a42-dphz_uwt_fd54011c,no_mas_sum,,,0,0,,,
a02a278881cd2d8f,..\2_LP\LOW_Fr_MASTER_result\local_5RL\runs_produce_run_20260725_1359~_RST.APRQ_11_0615.8-bb4c535293-3it32d4y_579212d2,final,2.4771,2.2582,24,1,,546.945,deck
129767affd4648a5,..\2_LP\LOW_Fr_MASTER_result\local_5RL\runs_produce_run_20260725_1359~_RST.APRQ_11_0615.8-bb5020fa1f-9j31uy_u_6b6a8b8d,final,2.5214,2.1922,24,1,,560.184,deck
cfdd9ae9eeafb658,..\2_LP\LOW_Fr_MASTER_result\local_5RL\runs_produce_run_20260725_1359~_RST.APRQ_11_0615.8-bc55133ae0-x2dgzgkq_1bf97838,final,3.2459,2.4407,23,0,above_ceiling,525.45,deck
dfb5564ecf503929,..\2_LP\LOW_Fr_MASTER_result\local_5RL\runs_produce_run_20260725_1359~_RST.APRQ_11_0615.8-bf31363498-8rs6dwhw_9b9af807,final,2.7106,2.3845,23,1,,537.394,deck
e19084f0b93f746e,..\2_LP\LOW_Fr_MASTER_result\local_5RL\runs_produce_run_20260725_1359~_RST.APRQ_11_0615.8-c0ad27510a-xhxrvdkx_8e580d22,final,2.2499,2.0459,24,1,,550.708,deck
,..\2_LP\LOW_Fr_MASTER_result\local_5RL\runs_produce_run_20260725_1359~_RST.APRQ_11_0615.8-c0d944b163-6wy34yyp_b3b60e6e,no_mas_sum,,,0,0,,,
,..\2_LP\LOW_Fr_MASTER_result\local_5RL\runs_produce_run_20260725_1359~_RST.APRQ_11_0615.8-c2d5039a68-g8y6s2_g_8a6f0035,no_mas_sum,,,0,0,,,
aabc35590377af0b,..\2_LP\LOW_Fr_MASTER_result\local_5RL\runs_produce_run_20260725_1359~_RST.APRQ_11_0615.8-c5cc933482-tcqhl65d_e606ecc6,final,2.3547,2.0512,24,1,,568.306,deck
f7144454fd80052f,..\2_LP\LOW_Fr_MASTER_result\local_5RL\runs_produce_run_20260725_1359~_RST.APRQ_11_0615.8-c6f7cebd8f-oe01fc_9_f1524e59,final,2.3572,2.0871,25,1,,577.976,deck
2216219ae45728fe,..\2_LP\LOW_Fr_MASTER_result\local_5RL\runs_produce_run_20260725_1359~_RST.APRQ_11_0615.8-c72c76b1ec-svvtjdpo_659cee52,final,2.5808,2.2839,23,1,,514.617,deck
0d87e33baf6c7c6f,..\2_LP\LOW_Fr_MASTER_result\local_5RL\runs_produce_run_20260725_1359~_RST.APRQ_11_0615.8-c8cdbe7398-_vdvs1ei_dee6a917,final,2.4863,2.1234,23,1,,539.504,deck
cd943f4ff052f032,..\2_LP\LOW_Fr_MASTER_result\local_5RL\runs_produce_run_20260725_1359~_RST.APRQ_11_0615.8-c9ce6994dd-kft2ayz2_5174efbe,final,3.783,3.3701,23,0,above_ceiling,534.297,deck
,..\2_LP\LOW_Fr_MASTER_result\local_5RL\runs_produce_run_20260725_1359~_RST.APRQ_11_0615.8-caf9a7a21d-_8jcexkh_871e08d0,no_mas_sum,,,0,0,,,
67324de4e422c744,..\2_LP\LOW_Fr_MASTER_result\local_5RL\runs_produce_run_20260725_1359~_RST.APRQ_11_0615.8-d6c5928d5d-honljb36_84049b75,final,2.0293,1.7913,24,1,,548.52,deck
0cb7a1a25f005b2a,..\2_LP\LOW_Fr_MASTER_result\local_5RL\runs_produce_run_20260725_1359~_RST.APRQ_11_0615.8-d7efcd5786-vs3szlp8_dd0711bb,final,4.4435,3.8055,25,0,above_ceiling,574.957,deck
7535f3384a783f74,..\2_LP\LOW_Fr_MASTER_result\local_5RL\runs_produce_run_20260725_1359~_RST.APRQ_11_0615.8-dac7c37004-j0h1y3yq_095fa85a,first_cycle,,,0,0,,,deck
42868f015b86352a,..\2_LP\LOW_Fr_MASTER_result\local_5RL\runs_produce_run_20260725_1359~_RST.APRQ_11_0615.8-dc29afe121-i9szm0ig_0654dc81,final,6.1624,5.1266,24,0,above_ceiling,557.493,deck
,..\2_LP\LOW_Fr_MASTER_result\local_5RL\runs_produce_run_20260725_1359~_RST.APRQ_11_0615.8-dfacf9d20c-sc04zzg4_40e0744a,no_mas_sum,,,0,0,,,
,..\2_LP\LOW_Fr_MASTER_result\local_5RL\runs_produce_run_20260725_1359~_RST.APRQ_11_0615.8-e080f369b5-jjtiyth4_2c7f4b88,no_mas_sum,,,0,0,,,
9f9f6cc68bceeb4c,..\2_LP\LOW_Fr_MASTER_result\local_5RL\runs_produce_run_20260725_1359~_RST.APRQ_11_0615.8-e0b446a75c-1oa2875v_553490d6,final,2.2718,2.0132,24,1,,562.03,deck
bee893f1da04d1b2,..\2_LP\LOW_Fr_MASTER_result\local_5RL\runs_produce_run_20260725_1359~_RST.APRQ_11_0615.8-e0e46df869-jgvcz5qd_8af1d133,final,3.7059,3.2347,24,0,above_ceiling,560.996,deck
0d6a705bcfec2d29,..\2_LP\LOW_Fr_MASTER_result\local_5RL\runs_produce_run_20260725_1359~_RST.APRQ_11_0615.8-e3d7d507f1-7c1sxkoa_642b92a7,final,2.274,1.9572,24,1,,540.642,deck
eea5c1cef6ea65ee,..\2_LP\LOW_Fr_MASTER_result\local_5RL\runs_produce_run_20260725_1359~_RST.APRQ_11_0615.8-e60f368a31-rqfkreyr_94e14656,final,2.3651,2.1353,25,1,,571.959,deck
3106516f672f7373,..\2_LP\LOW_Fr_MASTER_result\local_5RL\runs_produce_run_20260725_1359~_RST.APRQ_11_0615.8-e7d6a647f3-_6xs6gog_ee014d08,final,2.3154,2.0245,25,1,,579.937,deck
2cd5de3deb06a0e9,..\2_LP\LOW_Fr_MASTER_result\local_5RL\runs_produce_run_20260725_1359~_RST.APRQ_11_0615.8-e9383a8c4f-mdsadowj_3a47f3b5,final,2.6849,2.4281,24,1,,552.146,deck
,..\2_LP\LOW_Fr_MASTER_result\local_5RL\runs_produce_run_20260725_1359~_RST.APRQ_11_0615.8-e93ad174bc-j4g0nslv_6d49e327,no_mas_sum,,,0,0,,,
544c294a89e3bf67,..\2_LP\LOW_Fr_MASTER_result\local_5RL\runs_produce_run_20260725_1359~_RST.APRQ_11_0615.8-ebb75d4a95-k6x9ffn0_85deb87c,final,3.4712,3.0033,23,0,above_ceiling,535.676,deck
,..\2_LP\LOW_Fr_MASTER_result\local_5RL\runs_produce_run_20260725_1359~_RST.APRQ_11_0615.8-ed1d920e96-kd4q0xyp_5d4617f0,no_mas_sum,,,0,0,,,
3502234e1361ac0c,..\2_LP\LOW_Fr_MASTER_result\local_5RL\runs_produce_run_20260725_1359~_RST.APRQ_11_0615.8-ef165e876f-3jl5mzry_964841b5,final,2.7019,2.3359,24,1,,540.101,deck
513b12dbfdcae371,..\2_LP\LOW_Fr_MASTER_result\local_5RL\runs_produce_run_20260725_1359~_RST.APRQ_11_0615.8-efcc03ac5b-_2tz85_y_ec35d3ad,final,2.3863,1.9956,24,1,,563.766,deck
,..\2_LP\LOW_Fr_MASTER_result\local_5RL\runs_produce_run_20260725_1359~_RST.APRQ_11_0615.8-f04e632586-bvt0eudr_00dfb6ff,no_mas_sum,,,0,0,,,
b211cde989dfcdcf,..\2_LP\LOW_Fr_MASTER_result\local_5RL\runs_produce_run_20260725_1359~_RST.APRQ_11_0615.8-f1abffeac1-ed1orsz1_0549e75c,final,2.3765,2.103,25,1,,576.645,deck
7c81450ecfba8ab0,..\2_LP\LOW_Fr_MASTER_result\local_5RL\runs_produce_run_20260725_1359~_RST.APRQ_11_0615.8-f269067da6-ryji6wy1_aa85b514,final,2.1447,1.957,25,1,,579.834,deck
9a0be0fa6190d4dd,..\2_LP\LOW_Fr_MASTER_result\local_5RL\runs_produce_run_20260725_1359~_RST.APRQ_11_0615.8-f465fe3f55-f08z_3fe_a1cd99ab,final,4.2614,3.509,23,0,above_ceiling,535.339,deck
0f72d6a5944d7fb5,..\2_LP\LOW_Fr_MASTER_result\local_5RL\runs_produce_run_20260725_1359~_RST.APRQ_11_0615.8-f62b92aea7-3l5dvqhg_6f7af34f,final,2.3393,1.9151,25,1,,578.384,deck
8ac8981ba394b862,..\2_LP\LOW_Fr_MASTER_result\local_5RL\runs_produce_run_20260725_1359~_RST.APRQ_11_0615.8-f90c599708-49a_u7c4_e0dd236f,final,2.2543,2.046,23,1,,537.277,deck
5220d7504e624a17,..\2_LP\LOW_Fr_MASTER_result\local_5RL\runs_produce_run_20260725_1359~_RST.APRQ_11_0615.8-fa1023b5cf-xnkh68l7_59370915,final,2.3916,1.997,24,1,,570,deck
699177ffce312a76,..\2_LP\LOW_Fr_MASTER_result\local_5RL\runs_produce_run_20260725_1359~_RST.APRQ_11_0615.8-fc6d5a3e06-3y4spt60_7d0eca38,final,2.3143,1.9634,23,1,,540,deck
3d726576dc62b32c,..\2_LP\LOW_Fr_MASTER_result\local_5RL\runs_produce_run_20260725_1359~_RST.APRQ_11_0618.3-0676852447-58w_uren_19033724,final,1.8941,1.7269,24,1,,547.481,deck
,..\2_LP\LOW_Fr_MASTER_result\local_5RL\runs_produce_run_20260725_1359~_RST.APRQ_11_0618.3-099c031490-vn_lfdqj_5f4e3506,no_mas_sum,,,0,0,,,
2beb5de8f32bea18,..\2_LP\LOW_Fr_MASTER_result\local_5RL\runs_produce_run_20260725_1359~_RST.APRQ_11_0618.3-0d149bf8e3-7qr4v_qu_bbb60b7d,final,2.2766,2.0447,24,1,,543.214,deck
,..\2_LP\LOW_Fr_MASTER_result\local_5RL\runs_produce_run_20260725_1359~_RST.APRQ_11_0618.3-0ed10e12d3-_lj_hgv8_cbd878e4,no_mas_sum,,,0,0,,,
db54bfdb03eebb9c,..\2_LP\LOW_Fr_MASTER_result\local_5RL\runs_produce_run_20260725_1359~_RST.APRQ_11_0618.3-14b71763f7-khvfzy_3_20a0cf18,final,3.4679,3.0882,24,0,above_ceiling,544.948,deck
71a3c9f0d18fbe8f,..\2_LP\LOW_Fr_MASTER_result\local_5RL\runs_produce_run_20260725_1359~_RST.APRQ_11_0618.3-15641f8190-nqboe6ku_e9b9a839,final,2.3728,2.1618,24,1,,544.001,deck
86ad773e12d9290d,..\2_LP\LOW_Fr_MASTER_result\local_5RL\runs_produce_run_20260725_1359~_RST.APRQ_11_0618.3-1b9071f5d2-_g7o_znj_63934609,final,2.1417,1.9199,24,1,,555.442,deck
c0b5e6e11d24e552,..\2_LP\LOW_Fr_MASTER_result\local_5RL\runs_produce_run_20260725_1359~_RST.APRQ_11_0618.3-1bfc4138ce-8s9isepn_6987dc14,final,2.3423,2.1629,25,1,,573.819,deck
,..\2_LP\LOW_Fr_MASTER_result\local_5RL\runs_produce_run_20260725_1359~_RST.APRQ_11_0618.3-1c3808bc5d-svb_lf1j_961f4ad1,no_mas_sum,,,0,0,,,
,..\2_LP\LOW_Fr_MASTER_result\local_5RL\runs_produce_run_20260725_1359~_RST.APRQ_11_0618.3-23184a5aeb-54nt5mdi_8d987637,no_mas_sum,,,0,0,,,
d43e5ffe1674eeac,..\2_LP\LOW_Fr_MASTER_result\local_5RL\runs_produce_run_20260725_1359~_RST.APRQ_11_0618.3-23398c7969-33_e4yzl_6be41ed0,final,2.375,2.1563,24,1,,565.111,deck
1d385e2100f3722b,..\2_LP\LOW_Fr_MASTER_result\local_5RL\runs_produce_run_20260725_1359~_RST.APRQ_11_0618.3-284e58c1fd-mzy6lcg9_a5fcd06a,final,2.0848,1.8752,25,1,,574.875,deck
affb835f37ed2876,..\2_LP\LOW_Fr_MASTER_result\local_5RL\runs_produce_run_20260725_1359~_RST.APRQ_11_0618.3-2af018d377-7uujbgfh_59e840a3,final,2.5449,2.3385,24,1,,569.829,deck
,..\2_LP\LOW_Fr_MASTER_result\local_5RL\runs_produce_run_20260725_1359~_RST.APRQ_11_0618.3-2c2446ab70-8hbtqt9q_e09d8da3,no_mas_sum,,,0,0,,,
,..\2_LP\LOW_Fr_MASTER_result\local_5RL\runs_produce_run_20260725_1359~_RST.APRQ_11_0618.3-2cf6eb8702-4td072pa_6ad27caa,no_mas_sum,,,0,0,,,
,..\2_LP\LOW_Fr_MASTER_result\local_5RL\runs_produce_run_20260725_1359~_RST.APRQ_11_0618.3-2fcba04817-mb47m_f1_77419e71,no_mas_sum,,,0,0,,,
,..\2_LP\LOW_Fr_MASTER_result\local_5RL\runs_produce_run_20260725_1359~_RST.APRQ_11_0618.3-315d78cd04-7fgrcy8d_d3e9fa1e,no_mas_sum,,,0,0,,,
a946929a41f92ac8,..\2_LP\LOW_Fr_MASTER_result\local_5RL\runs_produce_run_20260725_1359~_RST.APRQ_11_0618.3-32cc325ed2-j79z20vl_1a19bf69,final,2.1829,1.9264,24,1,,559.696,deck
,..\2_LP\LOW_Fr_MASTER_result\local_5RL\runs_produce_run_20260725_1359~_RST.APRQ_11_0618.3-3395231a93-pu0_t5vh_19f030ae,no_mas_sum,,,0,0,,,
,..\2_LP\LOW_Fr_MASTER_result\local_5RL\runs_produce_run_20260725_1359~_RST.APRQ_11_0618.3-39827d3401-k2_x2ehw_71b32c64,no_mas_sum,,,0,0,,,
,..\2_LP\LOW_Fr_MASTER_result\local_5RL\runs_produce_run_20260725_1359~_RST.APRQ_11_0618.3-3ae4d0a6b9-icst_0h4_0c65ef3e,no_mas_sum,,,0,0,,,
709a9fa4e9159153,..\2_LP\LOW_Fr_MASTER_result\local_5RL\runs_produce_run_20260725_1359~_RST.APRQ_11_0618.3-3e27b38c35-jwc2p08p_b95a7cc7,final,2.9978,2.6287,23,1,,530.756,deck
,..\2_LP\LOW_Fr_MASTER_result\local_5RL\runs_produce_run_20260725_1359~_RST.APRQ_11_0618.3-3e66b2d9e5-d21bequs_69d0520b,no_mas_sum,,,0,0,,,
,..\2_LP\LOW_Fr_MASTER_result\local_5RL\runs_produce_run_20260725_1359~_RST.APRQ_11_0618.3-411681271a-_lusfwa9_eb43003f,no_mas_sum,,,0,0,,,
c8c6436a6480ef00,..\2_LP\LOW_Fr_MASTER_result\local_5RL\runs_produce_run_20260725_1359~_RST.APRQ_11_0618.3-41d1a01166-akk5mzgu_e7bd495f,final,2.4615,2.2592,24,1,,555.225,deck
,..\2_LP\LOW_Fr_MASTER_result\local_5RL\runs_produce_run_20260725_1359~_RST.APRQ_11_0618.3-490f0ba9d2-0i2mcun7_7877c0f9,no_mas_sum,,,0,0,,,
,..\2_LP\LOW_Fr_MASTER_result\local_5RL\runs_produce_run_20260725_1359~_RST.APRQ_11_0618.3-4b8d14a56e-oqymsntr_1d0fdd90,no_mas_sum,,,0,0,,,
3f010180dbb6fe46,..\2_LP\LOW_Fr_MASTER_result\local_5RL\runs_produce_run_20260725_1359~_RST.APRQ_11_0618.3-4ce87d0292-vp00b71k_0ac2e875,final,2.6282,2.3565,24,1,,550.253,deck
f46e9f85762de6dd,..\2_LP\LOW_Fr_MASTER_result\local_5RL\runs_produce_run_20260725_1359~_RST.APRQ_11_0618.3-4d1134e9a1-5h03_52m_33bdf12a,final,2.6692,2.3918,25,1,,576.608,deck
2af526d2d336e5ec,..\2_LP\LOW_Fr_MASTER_result\local_5RL\runs_produce_run_20260725_1359~_RST.APRQ_11_0618.3-510b6ce85e-d0a8ctnp_054f18a5,final,2.0799,1.8395,25,1,,583.16,deck
c793c078330079b7,..\2_LP\LOW_Fr_MASTER_result\local_5RL\runs_produce_run_20260725_1359~_RST.APRQ_11_0618.3-5563592e29-2g6pdlqo_0420a4c9,final,2.5695,2.3047,25,1,,585.018,deck
,..\2_LP\LOW_Fr_MASTER_result\local_5RL\runs_produce_run_20260725_1359~_RST.APRQ_11_0618.3-5635c9865c-ocrf6vtt_548a8d8a,no_mas_sum,,,0,0,,,
c9a9fbfaafcd7c02,..\2_LP\LOW_Fr_MASTER_result\local_5RL\runs_produce_run_20260725_1359~_RST.APRQ_11_0618.3-565be3ebec-qwiindi4_5766a528,final,2.2511,2.0724,24,1,,547.04,deck
5e79a3cde6917fb4,..\2_LP\LOW_Fr_MASTER_result\local_5RL\runs_produce_run_20260725_1359~_RST.APRQ_11_0618.3-5c039ab60f-pi9gxuec_f293cf44,final,2.1489,1.9662,25,1,,578.953,deck
,..\2_LP\LOW_Fr_MASTER_result\local_5RL\runs_produce_run_20260725_1359~_RST.APRQ_11_0618.3-5d943c6384-acdmnu3s_07a7a7e7,no_mas_sum,,,0,0,,,
adcfc83fbb2bd582,..\2_LP\LOW_Fr_MASTER_result\local_5RL\runs_produce_run_20260725_1359~_RST.APRQ_11_0618.3-61807c79e3-a63ijmx8_37d64c2d,final,2.3116,2.0412,24,1,,555.061,deck
9cd8507ab4956e96,..\2_LP\LOW_Fr_MASTER_result\local_5RL\runs_produce_run_20260725_1359~_RST.APRQ_11_0618.3-63257cf5d5-xi963sy3_c97128b2,final,2.6569,2.4375,23,1,,540,deck
15d5968afa8365c1,..\2_LP\LOW_Fr_MASTER_result\local_5RL\runs_produce_run_20260725_1359~_RST.APRQ_11_0618.3-63b3d7e14d-erhv568m_46b5a473,final,2.3678,2.1848,25,1,,578.454,deck
ece67ea49e9ec229,..\2_LP\LOW_Fr_MASTER_result\local_5RL\runs_produce_run_20260725_1359~_RST.APRQ_11_0618.3-6ce2fe8a49-uecagoq7_e97e9057,superseded,,,0,0,,,deck
4551f81a2b3edc43,..\2_LP\LOW_Fr_MASTER_result\local_5RL\runs_produce_run_20260725_1359~_RST.APRQ_11_0618.3-6fc4118e0e-77rn8vfq_970f2b60,final,2.1981,1.9692,25,1,,583.018,deck
f22b9964e7d42200,..\2_LP\LOW_Fr_MASTER_result\local_5RL\runs_produce_run_20260725_1359~_RST.APRQ_11_0618.3-7664b78e5d-ajcmml5c_4124c896,final,2.2056,2.0011,24,1,,543.113,deck
76f0fc55cbd4b364,..\2_LP\LOW_Fr_MASTER_result\local_5RL\runs_produce_run_20260725_1359~_RST.APRQ_11_0618.3-767c667599-1ua3sb6v_5c0841c8,final,2.4153,2.0897,25,1,,584.57,deck
c59b8177f5a082d9,..\2_LP\LOW_Fr_MASTER_result\local_5RL\runs_produce_run_20260725_1359~_RST.APRQ_11_0618.3-76dfe33edb-aql7vwbo_99acf58c,final,2.4141,2.206,24,1,,546.092,deck
6f74ee97c0b8ee03,..\2_LP\LOW_Fr_MASTER_result\local_5RL\runs_produce_run_20260725_1359~_RST.APRQ_11_0618.3-81a0d1b61e-33h1_4cg_5744ea03,final,2.5505,2.2866,24,1,,562.764,deck
4ae282e3635671fe,..\2_LP\LOW_Fr_MASTER_result\local_5RL\runs_produce_run_20260725_1359~_RST.APRQ_11_0618.3-8b34b0a30b-qk5jkj8s_cadfb2fd,final,3.4226,2.9707,24,0,above_ceiling,551.354,deck
05fdc5b5790b8c4b,..\2_LP\LOW_Fr_MASTER_result\local_5RL\runs_produce_run_20260725_1359~_RST.APRQ_11_0618.3-8bacdb2fb9-yz0_58ub_8ff6faa6,final,2.5864,2.3203,23,1,,523.25,deck
,..\2_LP\LOW_Fr_MASTER_result\local_5RL\runs_produce_run_20260725_1359~_RST.APRQ_11_0618.3-8d5ce6a84f-mwr770bf_f8047d67,no_mas_sum,,,0,0,,,
,..\2_LP\LOW_Fr_MASTER_result\local_5RL\runs_produce_run_20260725_1359~_RST.APRQ_11_0618.3-914ec68683-1os8fam7_f90ea3a7,no_mas_sum,,,0,0,,,
4ef49dc45d622476,..\2_LP\LOW_Fr_MASTER_result\local_5RL\runs_produce_run_20260725_1359~_RST.APRQ_11_0618.3-9616cf69ab-gqrafbj6_dc8041a2,final,2.1106,1.9527,25,1,,579.376,deck
141c3ffec9497b0d,..\2_LP\LOW_Fr_MASTER_result\local_5RL\runs_produce_run_20260725_1359~_RST.APRQ_11_0618.3-9ad98e94f9-vfcgnbq6_f4f84918,final,2.5773,2.3106,24,1,,544.029,deck
de2e640833bd5b55,..\2_LP\LOW_Fr_MASTER_result\local_5RL\runs_produce_run_20260725_1359~_RST.APRQ_11_0618.3-9c1e819874-rbyua95o_692d9a24,final,2.313,2.0766,24,1,,545.293,deck
7a0eb146f26fb3cd,..\2_LP\LOW_Fr_MASTER_result\local_5RL\runs_produce_run_20260725_1359~_RST.APRQ_11_0618.3-9cfd7edd74-wei8r4rb_e09a173d,final,2.0347,1.8736,25,1,,586.166,deck
,..\2_LP\LOW_Fr_MASTER_result\local_5RL\runs_produce_run_20260725_1359~_RST.APRQ_11_0618.3-a6ce279d0a-03ptouic_957c96a2,no_mas_sum,,,0,0,,,
b03d37bceebc9165,..\2_LP\LOW_Fr_MASTER_result\local_5RL\runs_produce_run_20260725_1359~_RST.APRQ_11_0618.3-a77ef58a18-1h22pv3j_a1175fcf,final,2.0335,1.8426,24,1,,555.003,deck
,..\2_LP\LOW_Fr_MASTER_result\local_5RL\runs_produce_run_20260725_1359~_RST.APRQ_11_0618.3-abdca7a3ac-32gv3vcy_c9091f30,no_mas_sum,,,0,0,,,
417f8ddf06941a37,..\2_LP\LOW_Fr_MASTER_result\local_5RL\runs_produce_run_20260725_1359~_RST.APRQ_11_0618.3-af6fefecf2-ggfzyjj2_e1335502,final,2.2839,2.0877,25,1,,583.914,deck
b3bd682693149a95,..\2_LP\LOW_Fr_MASTER_result\local_5RL\runs_produce_run_20260725_1359~_RST.APRQ_11_0618.3-b472c2ec79-bg58gixn_a5b0cb0a,final,4.9446,4.4309,25,0,above_ceiling,577.421,deck
,..\2_LP\LOW_Fr_MASTER_result\local_5RL\runs_produce_run_20260725_1359~_RST.APRQ_11_0618.3-b5f9223b32-6ucfswvj_803b01e1,no_mas_sum,,,0,0,,,
7d35ca460d07b4a0,..\2_LP\LOW_Fr_MASTER_result\local_5RL\runs_produce_run_20260725_1359~_RST.APRQ_11_0618.3-bab2e4b571-i8dpgvfi_fd7212f2,final,2.5295,2.3186,25,1,,572.082,deck
2cab08ac872a6fdd,..\2_LP\LOW_Fr_MASTER_result\local_5RL\runs_produce_run_20260725_1359~_RST.APRQ_11_0618.3-bdaae4ecd2-98dul0fd_b1400a3c,final,2.3806,2.1347,24,1,,549.057,deck
,..\2_LP\LOW_Fr_MASTER_result\local_5RL\runs_produce_run_20260725_1359~_RST.APRQ_11_0618.3-bed189a01f-fmpdvz2t_4b04ba77,no_mas_sum,,,0,0,,,
eeba733ec1da484c,..\2_LP\LOW_Fr_MASTER_result\local_5RL\runs_produce_run_20260725_1359~_RST.APRQ_11_0618.3-c0dea8641c-vccbgrn2_ae1122ad,final,2.129,1.9227,25,1,,575.85,deck
016d819fe84d55aa,..\2_LP\LOW_Fr_MASTER_result\local_5RL\runs_produce_run_20260725_1359~_RST.APRQ_11_0618.3-c1e5442e93-aew6q2qp_e14651c8,final,2.0907,1.9202,25,1,,585.25,deck
0d4d21f8644bd2d4,..\2_LP\LOW_Fr_MASTER_result\local_5RL\runs_produce_run_20260725_1359~_RST.APRQ_11_0618.3-c52ed17d10-vsa_4i8t_337fd115,final,2.5284,2.3277,25,1,,587.028,deck
,..\2_LP\LOW_Fr_MASTER_result\local_5RL\runs_produce_run_20260725_1359~_RST.APRQ_11_0618.3-c70c6e91b2-69es8jls_ff4eb2a5,no_mas_sum,,,0,0,,,
,..\2_LP\LOW_Fr_MASTER_result\local_5RL\runs_produce_run_20260725_1359~_RST.APRQ_11_0618.3-cd0be75e90-tffc3s5j_3bd51b39,no_mas_sum,,,0,0,,,
,..\2_LP\LOW_Fr_MASTER_result\local_5RL\runs_produce_run_20260725_1359~_RST.APRQ_11_0618.3-ce27fb1a36-pb6frmm6_20411ac7,no_mas_sum,,,0,0,,,
50c157bcd359cbf2,..\2_LP\LOW_Fr_MASTER_result\local_5RL\runs_produce_run_20260725_1359~_RST.APRQ_11_0618.3-cfca9896cb-drbs7w1w_32b24130,final,2.332,2.1214,25,1,,579.045,deck
92c312c74d5f9a55,..\2_LP\LOW_Fr_MASTER_result\local_5RL\runs_produce_run_20260725_1359~_RST.APRQ_11_0618.3-d389883787-_49i8fuo_c9ef454c,final,2.1983,2.0138,25,1,,581.1,deck
,..\2_LP\LOW_Fr_MASTER_result\local_5RL\runs_produce_run_20260725_1359~_RST.APRQ_11_0618.3-d90d6b1d64-leef0apq_84f1755e,no_mas_sum,,,0,0,,,
5ccfbca704dd3320,..\2_LP\LOW_Fr_MASTER_result\local_5RL\runs_produce_run_20260725_1359~_RST.APRQ_11_0618.3-db19990f8c-jyt24jmf_f7f6fc58,final,2.3241,2.14,24,1,,562.077,deck
,..\2_LP\LOW_Fr_MASTER_result\local_5RL\runs_produce_run_20260725_1359~_RST.APRQ_11_0618.3-e049a7f611-7u27cjke_e62ba63c,no_mas_sum,,,0,0,,,
,..\2_LP\LOW_Fr_MASTER_result\local_5RL\runs_produce_run_20260725_1359~_RST.APRQ_11_0618.3-e364c21359-4sa4zhh1_109a07f6,no_mas_sum,,,0,0,,,
4f480010a685fa96,..\2_LP\LOW_Fr_MASTER_result\local_5RL\runs_produce_run_20260725_1359~_RST.APRQ_11_0618.3-e5c3e5e3a9-glnpku1y_2b40acf7,final,2.1103,1.8423,25,1,,579.405,deck
fb298378d71dbca9,..\2_LP\LOW_Fr_MASTER_result\local_5RL\runs_produce_run_20260725_1359~_RST.APRQ_11_0618.3-e606eb1d82-fsr3kiju_dc29d6ff,final,2.6123,2.3451,23,1,,519.943,deck
,..\2_LP\LOW_Fr_MASTER_result\local_5RL\runs_produce_run_20260725_1359~_RST.APRQ_11_0618.3-eae1fbb24e-qt93i0wn_f715a763,no_mas_sum,,,0,0,,,
5290ea1c0036627c,..\2_LP\LOW_Fr_MASTER_result\local_5RL\runs_produce_run_20260725_1359~_RST.APRQ_11_0618.3-ec98a7eb10-7f9lnfi7_61348ff6,final,2.3044,2.0645,24,1,,540.606,deck
,..\2_LP\LOW_Fr_MASTER_result\local_5RL\runs_produce_run_20260725_1359~_RST.APRQ_11_0618.3-ecc03b15b0-y1tlgbs2_e39bc30b,no_mas_sum,,,0,0,,,
3bf5afa93802c387,..\2_LP\LOW_Fr_MASTER_result\local_5RL\runs_produce_run_20260725_1359~_RST.APRQ_11_0618.3-f08924ba71-kifx7w15_b9772bcc,final,4.2476,3.8769,25,0,above_ceiling,576.674,deck
ecc1603490392970,..\2_LP\LOW_Fr_MASTER_result\local_5RL\runs_produce_run_20260725_1359~_RST.APRQ_11_0618.3-f103054d1e-_pwzewf8_ecde4674,final,2.2276,1.9954,23,1,,536.974,deck
d8a9f29f99659a26,..\2_LP\LOW_Fr_MASTER_result\local_5RL\runs_produce_run_20260725_1359~_RST.APRQ_11_0618.3-f1c5b172d3-pqylps3w_7da57bf6,final,1.8124,1.6693,25,1,,583.299,deck
,..\2_LP\LOW_Fr_MASTER_result\local_5RL\runs_produce_run_20260725_1359~_RST.APRQ_11_0618.3-f6b7b7c00e-qyqtdbrq_35ce1d22,no_mas_sum,,,0,0,,,
94a5d95a86385499,..\2_LP\LOW_Fr_MASTER_result\local_5RL\runs_produce_run_20260725_1359~_RST.APRQ_11_0618.3-f875f6c606-3vgdu9wb_b98a9c91,final,2.203,1.975,24,1,,550.025,deck
010d192ed6c339ce,..\2_LP\LOW_Fr_MASTER_result\local_5RL\runs_produce_run_20260725_1359~_RST.APRQ_11_0618.3-f923a88a82-ly62j8bv_f1ec9320,final,2.5102,2.2879,23,1,,528.257,deck
dba1eb0a1ecff8fc,..\2_LP\LOW_Fr_MASTER_result\local_5RL\runs_produce_run_20260725_1359~_RST.APRQ_11_0618.3-fd0515e4e8-cu5v858f_febbf6d9,final,1.9884,1.8138,25,1,,570.531,deck
,..\2_LP\LOW_Fr_MASTER_result\local_5RL\runs_produce_run_20260725_1359~_RST.APRQ_11_0658.9-047be096d5-6jllta0v_d24a83a1,no_mas_sum,,,0,0,,,
49f70ff774219ee9,..\2_LP\LOW_Fr_MASTER_result\local_5RL\runs_produce_run_20260725_1359~_RST.APRQ_11_0658.9-05e8435e29-stwqvji4_c32e741c,final,2.0972,1.8213,26,1,,625.38,deck
033b947bb4be6a3b,..\2_LP\LOW_Fr_MASTER_result\local_5RL\runs_produce_run_20260725_1359~_RST.APRQ_11_0658.9-068b1bad27-ojy5846k_4e36251c,final,2.533,2.2676,26,1,,608.8,deck
32a47c23257d3abc,..\2_LP\LOW_Fr_MASTER_result\local_5RL\runs_produce_run_20260725_1359~_RST.APRQ_11_0658.9-0ac048f8af-wx4ngku3_94353195,final,2.2889,2.0464,26,1,,613.034,deck
a0188f34e320dfe4,..\2_LP\LOW_Fr_MASTER_result\local_5RL\runs_produce_run_20260725_1359~_RST.APRQ_11_0658.9-2131032b52-bzhkmtzn_a3f17b15,final,2.1002,1.8721,26,1,,609.586,deck
,..\2_LP\LOW_Fr_MASTER_result\local_5RL\runs_produce_run_20260725_1359~_RST.APRQ_11_0658.9-403bfc6688-aah9qih1_eaf9fd76,no_mas_sum,,,0,0,,,
c63b89fb451ed3bd,..\2_LP\LOW_Fr_MASTER_result\local_5RL\runs_produce_run_20260725_1359~_RST.APRQ_11_0658.9-4c45e7f031-9ew_hppw_35ee09c4,final,2.0748,1.7889,26,1,,621.814,deck
f0ce4a2bbc7cef02,..\2_LP\LOW_Fr_MASTER_result\local_5RL\runs_produce_run_20260725_1359~_RST.APRQ_11_0658.9-4c597abf4c-ae603pye_6ca4fc20,final,2.0139,1.7924,26,1,,616.998,deck
,..\2_LP\LOW_Fr_MASTER_result\local_5RL\runs_produce_run_20260725_1359~_RST.APRQ_11_0658.9-5b478a1002-io87u0wk_3bdebc36,no_mas_sum,,,0,0,,,
cc0245fca8a2672c,..\2_LP\LOW_Fr_MASTER_result\local_5RL\runs_produce_run_20260725_1359~_RST.APRQ_11_0658.9-5c78d3a970-34rxxww5_f1089c81,final,4.0752,3.6172,26,0,above_ceiling,613.724,deck
b3d5a75a2c87590f,..\2_LP\LOW_Fr_MASTER_result\local_5RL\runs_produce_run_20260725_1359~_RST.APRQ_11_0658.9-6cbacbe4d8-q78gx2vs_023bfcac,final,4.3755,3.9086,26,0,above_ceiling,623.182,deck
,..\2_LP\LOW_Fr_MASTER_result\local_5RL\runs_produce_run_20260725_1359~_RST.APRQ_11_0658.9-6da2c1b0a9-mput73o1_1dfbde5a,no_mas_sum,,,0,0,,,
13333be4a1c460cc,..\2_LP\LOW_Fr_MASTER_result\local_5RL\runs_produce_run_20260725_1359~_RST.APRQ_11_0658.9-799ae43950-4taq6xgh_77a08ed4,final,2.0967,1.8586,26,1,,606.082,deck
,..\2_LP\LOW_Fr_MASTER_result\local_5RL\runs_produce_run_20260725_1359~_RST.APRQ_11_0658.9-86809b46ca-u8yovg5v_c470cbf2,no_mas_sum,,,0,0,,,
,..\2_LP\LOW_Fr_MASTER_result\local_5RL\runs_produce_run_20260725_1359~_RST.APRQ_11_0658.9-a7170ebdd7-uludkcct_17d042e6,no_mas_sum,,,0,0,,,
920d830cb221b67e,..\2_LP\LOW_Fr_MASTER_result\local_5RL\runs_produce_run_20260725_1359~_RST.APRQ_11_0658.9-d49e7313a7-d2ewdqkz_02fd6441,final,2.3171,2.0275,26,1,,622.991,deck
455108ea22baf342,..\2_LP\LOW_Fr_MASTER_result\local_5RL\runs_produce_run_20260725_1359~_RST.APRQ_11_0658.9-dc141a48fe-l_ogkqpn_1559be9e,final,2.2584,1.986,26,1,,608.72,deck
7c45734df9e9840b,..\2_LP\LOW_Fr_MASTER_result\local_5RL\runs_produce_run_20260725_1359~_RST.APRQ_11_0658.9-eb5a65f452-zhi1jt6p_1059fb1a,final,3.5826,3.105,26,0,above_ceiling,616.162,deck
9eb5016d1fdc75f1,..\2_LP\LOW_Fr_MASTER_result\local_5RL\runs_produce_run_20260725_1359~_RST.APRQ_11_0662.3-00a8b1c0cf-wlp68thn_82febca9,final,4.0946,3.7217,26,0,above_ceiling,626.225,deck
03470379d1377b66,..\2_LP\LOW_Fr_MASTER_result\local_5RL\runs_produce_run_20260725_1359~_RST.APRQ_11_0662.3-00ee538a31-2zv30h7a_a5d79d48,final,2.5934,2.2466,26,1,,624.848,deck
06fc964b35c46506,..\2_LP\LOW_Fr_MASTER_result\local_5RL\runs_produce_run_20260725_1359~_RST.APRQ_11_0662.3-0991d0d299-3u61i3b1_e356a66a,final,2.2096,1.9679,26,1,,627.389,deck
,..\2_LP\LOW_Fr_MASTER_result\local_5RL\runs_produce_run_20260725_1359~_RST.APRQ_11_0662.3-1718a36e89-nxw9vwxr_c4786bbf,no_mas_sum,,,0,0,,,
b396068daa40868a,..\2_LP\LOW_Fr_MASTER_result\local_5RL\runs_produce_run_20260725_1359~_RST.APRQ_11_0662.3-1cda4f9fc9-i23k1_18_39a759bd,final,1.967,1.7415,26,1,,622.514,deck
c83c41001869a64c,..\2_LP\LOW_Fr_MASTER_result\local_5RL\runs_produce_run_20260725_1359~_RST.APRQ_11_0662.3-23cb00503f-m1foqoa7_00a7c322,final,2.0825,1.8303,26,1,,619.814,deck
,..\2_LP\LOW_Fr_MASTER_result\local_5RL\runs_produce_run_20260725_1359~_RST.APRQ_11_0662.3-25b5f61123-cffw5omb_f1cc37e6,no_mas_sum,,,0,0,,,
98b60f6a0ad91148,..\2_LP\LOW_Fr_MASTER_result\local_5RL\runs_produce_run_20260725_1359~_RST.APRQ_11_0662.3-2651bc7456-56xjsh6k_1a5b9edc,final,2.4413,2.2043,26,1,,617.287,deck
b577e5f0ebb062fd,..\2_LP\LOW_Fr_MASTER_result\local_5RL\runs_produce_run_20260725_1359~_RST.APRQ_11_0662.3-41bbe188ff-rl0pdh8i_14fe4e49,final,2.1702,1.9029,26,1,,625.01,deck
070172ec93dc71df,..\2_LP\LOW_Fr_MASTER_result\local_5RL\runs_produce_run_20260725_1359~_RST.APRQ_11_0662.3-4ca943947f-5fc6nmt1_7730f2ef,final,2.0871,1.8937,26,1,,625.993,deck
903301d4f6e66117,..\2_LP\LOW_Fr_MASTER_result\local_5RL\runs_produce_run_20260725_1359~_RST.APRQ_11_0662.3-4d9a9ab797-ebq9kqhs_dcbb05a9,final,2.3983,2.1374,26,1,,614.615,deck
eb993a3c8ad28335,..\2_LP\LOW_Fr_MASTER_result\local_5RL\runs_produce_run_20260725_1359~_RST.APRQ_11_0662.3-5261acd9d1-xj54ygil_bc500462,final,2.2139,1.9951,26,1,,611.315,deck
4b2a2324e00d209f,..\2_LP\LOW_Fr_MASTER_result\local_5RL\runs_produce_run_20260725_1359~_RST.APRQ_11_0662.3-56020e4dd6-uoomqehf_bc18f5ce,final,2.1167,1.9113,26,1,,628.654,deck
,..\2_LP\LOW_Fr_MASTER_result\local_5RL\runs_produce_run_20260725_1359~_RST.APRQ_11_0662.3-5a944f0296-8mhwn8ff_2c956b99,no_mas_sum,,,0,0,,,
1561b5e20ecb636b,..\2_LP\LOW_Fr_MASTER_result\local_5RL\runs_produce_run_20260725_1359~_RST.APRQ_11_0662.3-7028f3a9bf-un7tgz23_363ef2fc,final,2.5713,2.2945,26,1,,620.502,deck
,..\2_LP\LOW_Fr_MASTER_result\local_5RL\runs_produce_run_20260725_1359~_RST.APRQ_11_0662.3-71d2e823b4-phx1zpg0_2fb2ba4b,no_mas_sum,,,0,0,,,
2118d8f5e0950482,..\2_LP\LOW_Fr_MASTER_result\local_5RL\runs_produce_run_20260725_1359~_RST.APRQ_11_0662.3-7332af1490-timkwt_k_024b12ff,final,1.9185,1.7263,26,1,,612.469,deck
aca8ade9ab565062,..\2_LP\LOW_Fr_MASTER_result\local_5RL\runs_produce_run_20260725_1359~_RST.APRQ_11_0662.3-88a6c035ab-yj18qp0u_3361ce34,final,2.2996,2.0129,26,1,,622.09,deck
,..\2_LP\LOW_Fr_MASTER_result\local_5RL\runs_produce_run_20260725_1359~_RST.APRQ_11_0662.3-8b167e199f-24oophmq_4540a0cb,no_mas_sum,,,0,0,,,
e45d076fa72a61e0,..\2_LP\LOW_Fr_MASTER_result\local_5RL\runs_produce_run_20260725_1359~_RST.APRQ_11_0662.3-b46f7ee013-t3vwweze_ab69282f,final,2.1195,1.8977,26,1,,620.479,deck
,..\2_LP\LOW_Fr_MASTER_result\local_5RL\runs_produce_run_20260725_1359~_RST.APRQ_11_0662.3-c1dd4706c3-w6lasgdk_1b001274,no_mas_sum,,,0,0,,,
c68caac08120fa34,..\2_LP\LOW_Fr_MASTER_result\local_5RL\runs_produce_run_20260725_1359~_RST.APRQ_11_0662.3-c8e36d5f46-tv72q4yg_4703b2fd,final,2.0803,1.9043,26,1,,627.994,deck
b0c8a7e46f3574b4,..\2_LP\LOW_Fr_MASTER_result\local_5RL\runs_produce_run_20260725_1359~_RST.APRQ_11_0662.3-d2f5a28df5-yznp8m49_cc4f79d0,final,2.2574,2.014,26,1,,617.04,deck
441c4a29f02a40ea,..\2_LP\LOW_Fr_MASTER_result\local_5RL\runs_produce_run_20260725_1359~_RST.APRQ_11_0662.3-d73960c0ae-b6_frkd0_67d64558,final,2.2552,2.0119,26,1,,630,deck
,..\2_LP\LOW_Fr_MASTER_result\local_5RL\runs_produce_run_20260725_1359~_RST.APRQ_11_0662.3-e278439f51-m4hi4kt1_d31373b6,no_mas_sum,,,0,0,,,
4662f0d558673af5,..\2_LP\LOW_Fr_MASTER_result\local_5RL\runs_produce_run_20260725_1359~_RST.APRQ_11_0662.3-e9bc1a3cd4-cgup9pyz_41b3e844,final,2.4018,2.1522,26,1,,616.11,deck
49690d6690bfa818,..\2_LP\LOW_Fr_MASTER_result\local_5RL\runs_produce_run_20260725_1359~_RST.APRQ_11_0665.0-1680b4be81-u0n44shd_f316fde2,final,1.9463,1.7693,26,1,,626.718,deck
afc2ab1ad8e51a0e,..\2_LP\LOW_Fr_MASTER_result\local_5RL\runs_produce_run_20260725_1359~_RST.APRQ_11_0665.0-27aa1ffb22-wqaks_95_cd8bc744,final,5.8869,5.256,26,0,above_ceiling,616.59,deck
c2459e405bc68aa1,..\2_LP\LOW_Fr_MASTER_result\local_5RL\runs_produce_run_20260725_1359~_RST.APRQ_11_0665.0-3a04306e6f-1wrbiji7_91282fee,final,2.9828,2.618,26,1,,623.347,deck
cb4c835ed28f9922,..\2_LP\LOW_Fr_MASTER_result\local_5RL\runs_produce_run_20260725_1359~_RST.APRQ_11_0665.0-6985d8f719-lbhp9s5m_238b6a8d,final,2.1804,1.9599,26,1,,610.019,deck
ddba6fca1d2caf63,..\2_LP\LOW_Fr_MASTER_result\local_5RL\runs_produce_run_20260725_1359~_RST.APRQ_11_0665.0-6d17a72a43-dzsc7rco_b7604211,final,1.9994,1.7686,26,1,,624.916,deck
da2d737d7dd38378,..\2_LP\LOW_Fr_MASTER_result\local_5RL\runs_produce_run_20260725_1359~_RST.APRQ_11_0665.0-77281f9279-o1p60qno_fa6cad57,final,2.1883,1.9583,26,1,,620.074,deck
7142237ad2c890cb,..\2_LP\LOW_Fr_MASTER_result\local_5RL\runs_produce_run_20260725_1359~_RST.APRQ_11_0665.0-78b4863a90-zk_n4uqe_b202c65d,final,2.4291,2.2615,27,1,,630.267,deck
,..\2_LP\LOW_Fr_MASTER_result\local_5RL\runs_produce_run_20260725_1359~_RST.APRQ_11_0665.0-94b8758b55-j6i951ul_63a68d88,no_mas_sum,,,0,0,,,
,..\2_LP\LOW_Fr_MASTER_result\local_5RL\runs_produce_run_20260725_1359~_RST.APRQ_11_0665.0-9cfdf7ffa4-m3xejiy6_313b96b1,no_mas_sum,,,0,0,,,
f0bb0137728fc73a,..\2_LP\LOW_Fr_MASTER_result\local_5RL\runs_produce_run_20260725_1359~_RST.APRQ_11_0665.0-9e346fcbc3-d3edd7sw_a625dccf,final,1.9688,1.7633,26,1,,617.677,deck
954fe14025a1eaab,..\2_LP\LOW_Fr_MASTER_result\local_5RL\runs_produce_run_20260725_1359~_RST.APRQ_11_0665.0-b95a92f14d-7532pi_e_9c5cc5a0,final,2.1107,1.8871,26,1,,619.746,deck
ca8538a0883b470c,..\2_LP\LOW_Fr_MASTER_result\local_5RL\runs_produce_run_20260725_1359~_RST.APRQ_11_0665.0-cb40d104d9-515sp1v4_90bb3ae4,final,2.0113,1.8576,26,1,,621.966,deck
3830a903abfdae22,..\2_LP\LOW_Fr_MASTER_result\local_5RL\runs_produce_run_20260725_1359~_RST.APRQ_11_0665.0-dfbd3623be-27zd0xmt_8ecbf3ea,final,2.38,2.099,26,1,,622.804,deck
f898877e5cbb8e8d,..\2_LP\LOW_Fr_MASTER_result\local_5RL\runs_produce_run_20260725_1359~_RST.APRQ_11_0665.0-e470d2520a-drdroosk_389e06de,final,2.2005,1.9858,26,1,,627.545,deck
,..\2_LP\LOW_Fr_MASTER_result\local_5RL\runs_produce_run_20260725_1359~_RST.APRQ_11_0665.0-e620adaf3a-17zc27ar_9e582b5f,no_mas_sum,,,0,0,,,
4f86c310704cf429,..\2_LP\LOW_Fr_MASTER_result\local_5RL\runs_produce_run_20260725_1359~_RST.APRQ_11_0665.0-ef5fee803c-r0lav3go_f08fc37a,final,1.9358,1.7294,26,1,,622.659,deck
b5e3c3be3fc47fff,..\2_LP\LOW_Fr_MASTER_result\local_5RL\runs_produce_run_20260725_1359~_RST.APRQ_11_0665.0-fb1c03da00-v1g9hdo4_a5e84152,final,2.1789,1.9432,26,1,,620.242,deck
,..\2_LP\LOW_Fr_MASTER_result\local_5RL\runs_produce_run_20260725_1359~_RST.APRQ_11_0665.0-fe52df6d27-91l4h9av_75556384,no_mas_sum,,,0,0,,,
a97b7a413a0d89c4,..\2_LP\LOW_Fr_MASTER_result\local_5RL\runs_produce_run_20260725_1359~_RST.APRQ_11_0677.2-021a03c71a-b3a4q1_h_5b22ae95,final,2.5411,2.2707,27,1,,636.873,deck
7e69a3f54fb298a9,..\2_LP\LOW_Fr_MASTER_result\local_5RL\runs_produce_run_20260725_1359~_RST.APRQ_11_0677.2-075dc1b1e4-zbqdd_7o_b4649d84,final,1.9816,1.8193,27,1,,631.271,deck
,..\2_LP\LOW_Fr_MASTER_result\local_5RL\runs_produce_run_20260725_1359~_RST.APRQ_11_0677.2-2421dd1420-_bddyaei_b0923adc,no_mas_sum,,,0,0,,,
9f787d1a533f7e82,..\2_LP\LOW_Fr_MASTER_result\local_5RL\runs_produce_run_20260725_1359~_RST.APRQ_11_0677.2-320e5c7121-_m_fjo28_319a0bab,final,2.0819,1.88,27,1,,637.57,deck
6e9f0908e30d8a2d,..\2_LP\LOW_Fr_MASTER_result\local_5RL\runs_produce_run_20260725_1359~_RST.APRQ_11_0677.2-3a537b4289-_ii2z3i3_1adf44b1,final,4.2451,3.7924,27,0,above_ceiling,644.137,deck
06d6cb651386b37f,..\2_LP\LOW_Fr_MASTER_result\local_5RL\runs_produce_run_20260725_1359~_RST.APRQ_11_0677.2-3ef4516436-je3sms0m_b24b28c7,final,2.3579,2.1516,26,1,,629.446,deck
527f8ce16ea9b77c,..\2_LP\LOW_Fr_MASTER_result\local_5RL\runs_produce_run_20260725_1359~_RST.APRQ_11_0677.2-4faea0b489-ga08dwso_67822571,final,4.0668,3.7614,26,0,above_ceiling,628.809,deck
e52757d2daabcf03,..\2_LP\LOW_Fr_MASTER_result\local_5RL\runs_produce_run_20260725_1359~_RST.APRQ_11_0677.2-5446599ea9-x2_qdvsr_cd24506a,final,2.1641,1.8911,27,1,,640.987,deck
b55a006b9421634c,..\2_LP\LOW_Fr_MASTER_result\local_5RL\runs_produce_run_20260725_1359~_RST.APRQ_11_0677.2-640f72455a-jb8j0u0x_1ab5a0c6,final,3.8416,3.4109,27,0,above_ceiling,637.837,deck
,..\2_LP\LOW_Fr_MASTER_result\local_5RL\runs_produce_run_20260725_1359~_RST.APRQ_11_0677.2-6a59d7b540-_wv0ta1n_2ea03c15,no_mas_sum,,,0,0,,,
,..\2_LP\LOW_Fr_MASTER_result\local_5RL\runs_produce_run_20260725_1359~_RST.APRQ_11_0677.2-6bc1ce1191-qouv9qmr_edd0fc0d,no_mas_sum,,,0,0,,,
,..\2_LP\LOW_Fr_MASTER_result\local_5RL\runs_produce_run_20260725_1359~_RST.APRQ_11_0677.2-73620739a5-7uh5j6ho_72967115,no_mas_sum,,,0,0,,,
b1a8dd7b43a169c2,..\2_LP\LOW_Fr_MASTER_result\local_5RL\runs_produce_run_20260725_1359~_RST.APRQ_11_0677.2-765d090b63-r0e9exta_1034aac9,final,2.1319,1.9516,27,1,,638.33,deck
1142fd96863f5ad6,..\2_LP\LOW_Fr_MASTER_result\local_5RL\runs_produce_run_20260725_1359~_RST.APRQ_11_0677.2-782ea0b4d3-e5pqwips_b26fd1f5,final,2.1644,1.9192,26,1,,620.56,deck
d382b7d629375869,..\2_LP\LOW_Fr_MASTER_result\local_5RL\runs_produce_run_20260725_1359~_RST.APRQ_11_0677.2-8e447165d0-ouz1_dw2_85c9d4b7,final,3.1406,2.7183,26,0,above_ceiling,622.464,deck
,..\2_LP\LOW_Fr_MASTER_result\local_5RL\runs_produce_run_20260725_1359~_RST.APRQ_11_0677.2-95c5e7f909-2mimts7x_ef73d062,no_mas_sum,,,0,0,,,
,..\2_LP\LOW_Fr_MASTER_result\local_5RL\runs_produce_run_20260725_1359~_RST.APRQ_11_0677.2-b05af7d86e-712h9hqu_583e3967,no_mas_sum,,,0,0,,,
530964714da9e331,..\2_LP\LOW_Fr_MASTER_result\local_5RL\runs_produce_run_20260725_1359~_RST.APRQ_11_0677.2-d1acb447fc-ue26yjr9_02879b1d,final,2.3195,2.0316,27,1,,632.921,deck
,..\2_LP\LOW_Fr_MASTER_result\local_5RL\runs_produce_run_20260725_1359~_RST.APRQ_11_0677.2-d8c5836069-wout5zgj_c91aa0a7,no_mas_sum,,,0,0,,,
,..\2_LP\LOW_Fr_MASTER_result\local_5RL\runs_produce_run_20260725_1359~_RST.APRQ_11_0677.2-dec7d11a29-a3liby6e_31392848,no_mas_sum,,,0,0,,,
,..\2_LP\LOW_Fr_MASTER_result\local_5RL\runs_produce_run_20260725_1359~_RST.APRQ_11_0677.2-e1dd850b2e-1agn83by_a9ba9cfa,no_mas_sum,,,0,0,,,
ddefcaf820e0d787,..\2_LP\LOW_Fr_MASTER_result\local_5RL\runs_produce_run_20260725_1359~_RST.APRQ_11_0677.2-e64b0ef8c5-4q8ymlhh_ab58b5b5,final,2.0813,1.9087,27,1,,636.948,deck
,..\2_LP\LOW_Fr_MASTER_result\local_5RL\runs_produce_run_20260725_1359~_RST.APRQ_11_0678.9-01ba04dce8-cpx39tbf_babc826e,no_mas_sum,,,0,0,,,
47d910d02a3b4971,..\2_LP\LOW_Fr_MASTER_result\local_5RL\runs_produce_run_20260725_1359~_RST.APRQ_11_0678.9-1c481180ae-bzgrloc1_93f9c95e,final,4.9818,4.4244,26,0,above_ceiling,624.471,deck
ee1c82e586f35146,..\2_LP\LOW_Fr_MASTER_result\local_5RL\runs_produce_run_20260725_1359~_RST.APRQ_11_0678.9-1ebdd66d56-d9nqah4f_13ada256,final,2.1434,1.8648,27,1,,631.861,deck
,..\2_LP\LOW_Fr_MASTER_result\local_5RL\runs_produce_run_20260725_1359~_RST.APRQ_11_0678.9-238b5a94ad-rs90jk6c_2824f48b,no_mas_sum,,,0,0,,,
,..\2_LP\LOW_Fr_MASTER_result\local_5RL\runs_produce_run_20260725_1359~_RST.APRQ_11_0678.9-30fe1d0eeb-lliwhi_9_0d730d83,no_mas_sum,,,0,0,,,
,..\2_LP\LOW_Fr_MASTER_result\local_5RL\runs_produce_run_20260725_1359~_RST.APRQ_11_0678.9-420a85a972-1_jtoqml_acbbfb2a,no_mas_sum,,,0,0,,,
d110b317db653ed9,..\2_LP\LOW_Fr_MASTER_result\local_5RL\runs_produce_run_20260725_1359~_RST.APRQ_11_0678.9-55d490deba-wzm0s6xd_28da0518,final,2.219,1.9801,27,1,,644.335,deck
e3ff79aa1b3ddfb0,..\2_LP\LOW_Fr_MASTER_result\local_5RL\runs_produce_run_20260725_1359~_RST.APRQ_11_0678.9-5b1ab4138b-_d3nqb5n_834fd99a,final,2.1661,1.9908,26,1,,622.351,deck
bbb1bf01d70f096e,..\2_LP\LOW_Fr_MASTER_result\local_5RL\runs_produce_run_20260725_1359~_RST.APRQ_11_0678.9-6aa08cba20-hi199dvh_4cfed9a1,final,2.1912,1.9515,26,1,,626.671,deck
ad8e8f8ca9b53eb5,..\2_LP\LOW_Fr_MASTER_result\local_5RL\runs_produce_run_20260725_1359~_RST.APRQ_11_0678.9-6f19c93443-sgzkjekd_c3964a02,final,2.3699,2.0782,26,1,,619.211,deck
deb241ee8b67b6f2,..\2_LP\LOW_Fr_MASTER_result\local_5RL\runs_produce_run_20260725_1359~_RST.APRQ_11_0678.9-6f9bfbb547-08x7aqkj_b0456aea,final,2.572,2.2696,27,1,,637.596,deck
a194b24caa6b2c7f,..\2_LP\LOW_Fr_MASTER_result\local_5RL\runs_produce_run_20260725_1359~_RST.APRQ_11_0678.9-7c326194f6-ywox6m1x_0ffef6be,final,2.1263,1.8906,27,1,,632.053,deck
547a4aa26b4b72d9,..\2_LP\LOW_Fr_MASTER_result\local_5RL\runs_produce_run_20260725_1359~_RST.APRQ_11_0678.9-7f4c5635f5-n40iwnmx_a44ea7c8,final,2.6248,2.3438,27,1,,634.543,deck
,..\2_LP\LOW_Fr_MASTER_result\local_5RL\runs_produce_run_20260725_1359~_RST.APRQ_11_0678.9-9cab37cd52-tevlpmnj_df2dab1d,no_mas_sum,,,0,0,,,
c31c11e6487121a9,..\2_LP\LOW_Fr_MASTER_result\local_5RL\runs_produce_run_20260725_1359~_RST.APRQ_11_0678.9-a8302bed41-gimcr054_22329aff,final,1.9301,1.7267,27,1,,639.055,deck
,..\2_LP\LOW_Fr_MASTER_result\local_5RL\runs_produce_run_20260725_1359~_RST.APRQ_11_0678.9-aea8245890-a19m9tsf_9d816332,no_mas_sum,,,0,0,,,
5ea5282990873e6d,..\2_LP\LOW_Fr_MASTER_result\local_5RL\runs_produce_run_20260725_1359~_RST.APRQ_11_0678.9-aef624ab8e-ki65nsc8_c7e165f3,final,2.4751,2.2108,27,1,,630.872,deck
1e1f115b21839215,..\2_LP\LOW_Fr_MASTER_result\local_5RL\runs_produce_run_20260725_1359~_RST.APRQ_11_0678.9-b728ba4dbb-ma08ll7v_4c22e0e0,final,2.0288,1.8225,27,1,,630.249,deck
164c9d0fb8675fd7,..\2_LP\LOW_Fr_MASTER_result\local_5RL\runs_produce_run_20260725_1359~_RST.APRQ_11_0678.9-bacab46c7a-54t9gn86_12d77846,final,2.1631,1.9726,27,1,,632.932,deck
1be6687bb8e92f66,..\2_LP\LOW_Fr_MASTER_result\local_5RL\runs_produce_run_20260725_1359~_RST.APRQ_11_0678.9-c0efa25730-83fkzmb1_bb5c1fda,final,2.188,1.954,27,1,,637.083,deck
4a8fffa9721e6508,..\2_LP\LOW_Fr_MASTER_result\local_5RL\runs_produce_run_20260725_1359~_RST.APRQ_11_0678.9-c266af372e-an27swqc_bfc914e5,final,2.0679,1.8847,27,1,,643.042,deck
c07644454262a373,..\2_LP\LOW_Fr_MASTER_result\local_5RL\runs_produce_run_20260725_1359~_RST.APRQ_11_0678.9-c467f1ee3c-o_96xsxi_321a4393,final,2.1845,1.9762,26,1,,628.631,deck
09727a60bafab4ce,..\2_LP\LOW_Fr_MASTER_result\local_5RL\runs_produce_run_20260725_1359~_RST.APRQ_11_0678.9-c951f9d300-uncgu4x5_6f0ebc46,final,2.0841,1.8226,27,1,,641.294,deck
91ddbed8ad8e8d48,..\2_LP\LOW_Fr_MASTER_result\local_5RL\runs_produce_run_20260725_1359~_RST.APRQ_11_0678.9-c993b9cdfe-o5acht07_9dbe65e1,final,2.116,1.92,27,1,,633.905,deck
654bac4674fddff6,..\2_LP\LOW_Fr_MASTER_result\local_5RL\runs_produce_run_20260725_1359~_RST.APRQ_11_0678.9-cf88255192-yx3wlj0w_6614f42f,final,2.3974,2.1405,27,1,,647.749,deck
,..\2_LP\LOW_Fr_MASTER_result\local_5RL\runs_produce_run_20260725_1359~_RST.APRQ_11_0678.9-e7b71ee5e9-ch7h1501_904f15c8,no_mas_sum,,,0,0,,,
,..\2_LP\LOW_Fr_MASTER_result\local_5RL\runs_produce_run_20260725_1359~_RST.APRQ_11_0679.4-0089e2a59c-6xil511m_b0122c28,no_mas_sum,,,0,0,,,
,..\2_LP\LOW_Fr_MASTER_result\local_5RL\runs_produce_run_20260725_1359~_RST.APRQ_11_0679.4-11801853a3-yzl56p8t_9780075a,no_mas_sum,,,0,0,,,
df3fb00c04580133,..\2_LP\LOW_Fr_MASTER_result\local_5RL\runs_produce_run_20260725_1359~_RST.APRQ_11_0679.4-4fd46a5c78-b4gi9yls_67775e56,final,3.1868,2.7764,27,0,above_ceiling,646.208,deck
7ca7b1fe81b02a26,..\2_LP\LOW_Fr_MASTER_result\local_5RL\runs_produce_run_20260725_1359~_RST.APRQ_11_0679.4-5ebdb367b4-qn5diwk0_b24bfb69,final,2.0305,1.7833,27,1,,641.117,deck
06339880179347ff,..\2_LP\LOW_Fr_MASTER_result\local_5RL\runs_produce_run_20260725_1359~_RST.APRQ_11_0679.4-6c4079a00b-va5zobnt_95afedf2,final,2.0581,1.8387,27,1,,636.151,deck
,..\2_LP\LOW_Fr_MASTER_result\local_5RL\runs_produce_run_20260725_1359~_RST.APRQ_11_0679.4-7001666f20-ygdn9f6e_0fa57d0f,no_mas_sum,,,0,0,,,
5592da01a021f4a0,..\2_LP\LOW_Fr_MASTER_result\local_5RL\runs_produce_run_20260725_1359~_RST.APRQ_11_0679.4-72491c2f65-4vin4iki_b3935aa5,final,2.2746,2.0327,26,1,,624.372,deck
51e21eba9d5932e7,..\2_LP\LOW_Fr_MASTER_result\local_5RL\runs_produce_run_20260725_1359~_RST.APRQ_11_0679.4-749656f77b-q2_3za_g_17eb18a6,final,2.1259,1.8529,26,1,,616.619,deck
07009e5c0078962a,..\2_LP\LOW_Fr_MASTER_result\local_5RL\runs_produce_run_20260725_1359~_RST.APRQ_11_0679.4-78e4b8efb6-41si0g3j_0237ab8e,final,3.6145,3.1371,27,0,above_ceiling,633.943,deck
3e02cd69b4f79220,..\2_LP\LOW_Fr_MASTER_result\local_5RL\runs_produce_run_20260725_1359~_RST.APRQ_11_0679.4-8df71c140d-lvjimutx_c183a1b0,final,2.2551,1.9999,26,1,,627.826,deck
,..\2_LP\LOW_Fr_MASTER_result\local_5RL\runs_produce_run_20260725_1359~_RST.APRQ_11_0679.4-af8738dc67-afwdqv95_1179897d,no_mas_sum,,,0,0,,,
,..\2_LP\LOW_Fr_MASTER_result\local_5RL\runs_produce_run_20260725_1359~_RST.APRQ_11_0679.4-b140cf6fc8-qk2urvdz_882baf7b,no_mas_sum,,,0,0,,,
d92dc7e5cb852230,..\2_LP\LOW_Fr_MASTER_result\local_5RL\runs_produce_run_20260725_1359~_RST.APRQ_11_0679.4-c7541c323a-tkobq8bo_2d3b6712,final,2.1692,1.9123,27,1,,639.67,deck
3a46688787d8223f,..\2_LP\LOW_Fr_MASTER_result\local_5RL\runs_produce_run_20260725_1359~_RST.APRQ_11_0679.4-d6e10c5ecb-6tn3vfso_f80bfb57,final,2.4402,2.2419,27,1,,632.797,deck
a1c57fe1082a9c65,..\2_LP\LOW_Fr_MASTER_result\local_5RL\runs_produce_run_20260725_1359~_RST.APRQ_11_0679.4-e2bd6197f5-58k846yq_d2e7680d,final,2.5731,2.3705,27,1,,638.489,deck
e50625967fe08057,..\2_LP\LOW_Fr_MASTER_result\local_5RL\runs_produce_run_20260725_1359~_RST.APRQ_11_0686.4-00bebf4954-2my607jz_2d2c0382,final,2.1487,1.913,27,1,,647.913,deck
9625fe785e441d31,..\2_LP\LOW_Fr_MASTER_result\local_5RL\runs_produce_run_20260725_1359~_RST.APRQ_11_0686.4-0d0f00e6ab-_lghogaf_76bcffdb,final,2.3275,2.0461,27,1,,656.557,deck
,..\2_LP\LOW_Fr_MASTER_result\local_5RL\runs_produce_run_20260725_1359~_RST.APRQ_11_0686.4-0d8936e0e3-81bc69in_4ec91cbf,no_mas_sum,,,0,0,,,
63cfe1a0caa5fefa,..\2_LP\LOW_Fr_MASTER_result\local_5RL\runs_produce_run_20260725_1359~_RST.APRQ_11_0686.4-0def87ce22-g55qdwfo_f3398562,final,2.2745,2.0785,27,1,,636.322,deck
0a88d42d5c118aa8,..\2_LP\LOW_Fr_MASTER_result\local_5RL\runs_produce_run_20260725_1359~_RST.APRQ_11_0686.4-1931769bc3-mnxh6s83_f20df49d,final,4.4775,3.9865,26,0,above_ceiling,628.247,deck
dc0566f320421ebd,..\2_LP\LOW_Fr_MASTER_result\local_5RL\runs_produce_run_20260725_1359~_RST.APRQ_11_0686.4-1ff82b0b10-u2og5t58_1ca5dd70,final,2.1681,1.8547,27,1,,641.506,deck
7bf27fad8efc1519,..\2_LP\LOW_Fr_MASTER_result\local_5RL\runs_produce_run_20260725_1359~_RST.APRQ_11_0686.4-200794d8ef-er98mrvc_73830af1,final,2.4183,2.1702,27,1,,637.829,deck
7f38c98708d99095,..\2_LP\LOW_Fr_MASTER_result\local_5RL\runs_produce_run_20260725_1359~_RST.APRQ_11_0686.4-22b27efce8-5351ug18_f99250ed,final,1.7674,1.5801,27,1,,643.097,deck
0bf921e41523a6ec,..\2_LP\LOW_Fr_MASTER_result\local_5RL\runs_produce_run_20260725_1359~_RST.APRQ_11_0686.4-27d5a1f0bf-6qxc8kx8_2ef23195,final,3.6134,3.1178,27,0,above_ceiling,637.769,deck
88bddc81e2b56e09,..\2_LP\LOW_Fr_MASTER_result\local_5RL\runs_produce_run_20260725_1359~_RST.APRQ_11_0686.4-2de3ba34c8-l8r6bgu4_543bed7d,final,2.5089,2.3177,27,1,,639.248,deck
a2a2258bf5d74b68,..\2_LP\LOW_Fr_MASTER_result\local_5RL\runs_produce_run_20260725_1359~_RST.APRQ_11_0686.4-323940073b-a0_obzed_3064a5ef,final,2.1095,1.8616,27,1,,631.632,deck
e39184f41224a357,..\2_LP\LOW_Fr_MASTER_result\local_5RL\runs_produce_run_20260725_1359~_RST.APRQ_11_0686.4-33dc8cef69-z05hp3tl_74ad25d9,final,2.4941,2.2311,27,1,,635.185,deck
c13693048263b450,..\2_LP\LOW_Fr_MASTER_result\local_5RL\runs_produce_run_20260725_1359~_RST.APRQ_11_0686.4-346f2d8c1d-t51vflsb_51ff3a10,final,2.3911,2.1851,27,1,,657.454,deck
76bc93760de6177b,..\2_LP\LOW_Fr_MASTER_result\local_5RL\runs_produce_run_20260725_1359~_RST.APRQ_11_0686.4-3f5ea95185-31n11bwk_a8afb921,final,3.9618,3.5892,27,0,above_ceiling,633.217,deck
4170fabac6d00c10,..\2_LP\LOW_Fr_MASTER_result\local_5RL\runs_produce_run_20260725_1359~_RST.APRQ_11_0686.4-473b804948-e9uca_ru_09e045f9,final,2.6389,2.4268,27,1,,640.444,deck
fb5697cc3ce9d9ec,..\2_LP\LOW_Fr_MASTER_result\local_5RL\runs_produce_run_20260725_1359~_RST.APRQ_11_0686.4-49bddc3e69-fc961pt1_c50ad8b3,final,1.9882,1.8027,27,1,,639.828,deck
8613a21bb3c63c27,..\2_LP\LOW_Fr_MASTER_result\local_5RL\runs_produce_run_20260725_1359~_RST.APRQ_11_0686.4-4cbca4790f-ohmh3fpe_a91e9bc7,final,2.1536,1.8793,27,1,,655.691,deck
ec847eaa78850a5a,..\2_LP\LOW_Fr_MASTER_result\local_5RL\runs_produce_run_20260725_1359~_RST.APRQ_11_0686.4-4cc6093e76-wio0y28k_b0944a22,final,2.3874,2.1793,27,1,,638.464,deck
b68acb19d3b76056,..\2_LP\LOW_Fr_MASTER_result\local_5RL\runs_produce_run_20260725_1359~_RST.APRQ_11_0686.4-531828af1e-kageim4q_095155d0,final,2.2098,1.9363,27,1,,652.459,deck
dac5ed485eb25284,..\2_LP\LOW_Fr_MASTER_result\local_5RL\runs_produce_run_20260725_1359~_RST.APRQ_11_0686.4-56cb8c6d84-pajcnzp2_e2e1ea8d,final,2.168,1.9539,26,1,,628.618,deck
,..\2_LP\LOW_Fr_MASTER_result\local_5RL\runs_produce_run_20260725_1359~_RST.APRQ_11_0686.4-596084b08b-y4xyl9q7_a8b2bab6,no_mas_sum,,,0,0,,,
cec428c4e5e95170,..\2_LP\LOW_Fr_MASTER_result\local_5RL\runs_produce_run_20260725_1359~_RST.APRQ_11_0686.4-5d5bba465d-jq8u8ng3_586a3254,final,2.1147,1.8283,27,1,,644.208,deck
8f59282c651af80b,..\2_LP\LOW_Fr_MASTER_result\local_5RL\runs_produce_run_20260725_1359~_RST.APRQ_11_0686.4-5eee2496de-y_pgtvp6_432e3643,final,1.8425,1.6235,27,1,,648.774,deck
,..\2_LP\LOW_Fr_MASTER_result\local_5RL\runs_produce_run_20260725_1359~_RST.APRQ_11_0686.4-5f460cbbc4-9fgosguq_fe263a7f,no_mas_sum,,,0,0,,,
42fb6dbbb93ce067,..\2_LP\LOW_Fr_MASTER_result\local_5RL\runs_produce_run_20260725_1359~_RST.APRQ_11_0686.4-645f8990f5-g07dopa5_5016b398,final,2.4651,2.2739,27,1,,640.637,deck
494c39c41cb559b4,..\2_LP\LOW_Fr_MASTER_result\local_5RL\runs_produce_run_20260725_1359~_RST.APRQ_11_0686.4-68c350889c-mh5r73t2_31fe6058,final,2.499,2.3046,27,1,,641.161,deck
8ef9dd3a08340a0a,..\2_LP\LOW_Fr_MASTER_result\local_5RL\runs_produce_run_20260725_1359~_RST.APRQ_11_0686.4-729e163e42-e6t3hdih_25798a0d,final,2.3442,2.1602,27,1,,646.262,deck
,..\2_LP\LOW_Fr_MASTER_result\local_5RL\runs_produce_run_20260725_1359~_RST.APRQ_11_0686.4-736b73b796-nccfyptl_3083d698,no_mas_sum,,,0,0,,,
741ca70c9dcf7603,..\2_LP\LOW_Fr_MASTER_result\local_5RL\runs_produce_run_20260725_1359~_RST.APRQ_11_0686.4-7a509949f3-uqcftiep_fbf2a431,final,2.4393,2.1553,27,1,,653.138,deck
9a48385344dca685,..\2_LP\LOW_Fr_MASTER_result\local_5RL\runs_produce_run_20260725_1359~_RST.APRQ_11_0686.4-7cccba5ff1-y3hnn0ue_cc326626,final,2.3699,2.068,27,1,,644.403,deck
ab2c9851ae9bf04f,..\2_LP\LOW_Fr_MASTER_result\local_5RL\runs_produce_run_20260725_1359~_RST.APRQ_11_0686.4-7f3e7e7fe3-v8xlnnd1_9f2959d4,final,2.3259,2.1127,27,1,,638.045,deck
8e42028dbb1bf796,..\2_LP\LOW_Fr_MASTER_result\local_5RL\runs_produce_run_20260725_1359~_RST.APRQ_11_0686.4-83392614a1-78su6wm2_54a7bb86,final,3.4053,2.9788,27,0,above_ceiling,644.865,deck
f6dfe830e6e2b0bd,..\2_LP\LOW_Fr_MASTER_result\local_5RL\runs_produce_run_20260725_1359~_RST.APRQ_11_0686.4-87ef3c93cb-isie2nyq_dbe3cb5b,final,2.1227,1.9241,27,1,,645.886,deck
849b5727edb49969,..\2_LP\LOW_Fr_MASTER_result\local_5RL\runs_produce_run_20260725_1359~_RST.APRQ_11_0686.4-90f0bfa4f2-4thgxodh_bf828b99,final,3.1804,2.789,27,0,above_ceiling,657.346,deck
,..\2_LP\LOW_Fr_MASTER_result\local_5RL\runs_produce_run_20260725_1359~_RST.APRQ_11_0686.4-a42d75a896-eidimp1f_8fc293e9,no_mas_sum,,,0,0,,,
fd20c7eebfaec4be,..\2_LP\LOW_Fr_MASTER_result\local_5RL\runs_produce_run_20260725_1359~_RST.APRQ_11_0686.4-a8ff8fd6ff-3qt855ex_36e21666,final,2.3982,2.1453,27,1,,649.318,deck
62b354ca41b0919a,..\2_LP\LOW_Fr_MASTER_result\local_5RL\runs_produce_run_20260725_1359~_RST.APRQ_11_0686.4-affcb4f56c-ypy7vjpb_e16246b7,final,2.1309,1.9511,27,1,,644.28,deck
92656f0e034da911,..\2_LP\LOW_Fr_MASTER_result\local_5RL\runs_produce_run_20260725_1359~_RST.APRQ_11_0686.4-b31f8c1eaa-h_lnle8f_13dc3d5f,final,2.4216,2.1658,27,1,,650.083,deck
0106421f14d989c6,..\2_LP\LOW_Fr_MASTER_result\local_5RL\runs_produce_run_20260725_1359~_RST.APRQ_11_0686.4-b324dd92e5-1f5_29iy_c2433188,final,2.5126,2.2468,27,1,,644.678,deck
5d1c280539847488,..\2_LP\LOW_Fr_MASTER_result\local_5RL\runs_produce_run_20260725_1359~_RST.APRQ_11_0686.4-b5abfe525c-i39gc4ob_709c16d1,final,2.2521,2.0116,27,1,,649.711,deck
,..\2_LP\LOW_Fr_MASTER_result\local_5RL\runs_produce_run_20260725_1359~_RST.APRQ_11_0686.4-c3f444b21d-exiazmdw_c982b601,no_mas_sum,,,0,0,,,
dacbdf5029d34df1,..\2_LP\LOW_Fr_MASTER_result\local_5RL\runs_produce_run_20260725_1359~_RST.APRQ_11_0686.4-ca6c8a2b19-oc2lni53_dd45ef86,final,2.5087,2.2415,27,1,,634.513,deck
,..\2_LP\LOW_Fr_MASTER_result\local_5RL\runs_produce_run_20260725_1359~_RST.APRQ_11_0686.4-ce8ff03f9f-7lpyb1_c_3610adb8,no_mas_sum,,,0,0,,,
,..\2_LP\LOW_Fr_MASTER_result\local_5RL\runs_produce_run_20260725_1359~_RST.APRQ_11_0686.4-d84dd96f8e-ga_0q2cx_e609f492,no_mas_sum,,,0,0,,,
0a6207c9d0cca846,..\2_LP\LOW_Fr_MASTER_result\local_5RL\runs_produce_run_20260725_1359~_RST.APRQ_11_0686.4-da99ef869e-uy184jbv_d1e0b475,final,2.6683,2.3839,27,1,,649.36,deck
,..\2_LP\LOW_Fr_MASTER_result\local_5RL\runs_produce_run_20260725_1359~_RST.APRQ_11_0686.4-e6b7ea0485-nvgzsrpe_be904079,no_mas_sum,,,0,0,,,
67600de54a95df27,..\2_LP\LOW_Fr_MASTER_result\local_5RL\runs_produce_run_20260725_1359~_RST.APRQ_11_0686.4-ec5253858c-leuc0x7j_5280c58e,final,2.5312,2.289,27,1,,641.609,deck
37a06c8a6d1745b0,..\2_LP\LOW_Fr_MASTER_result\local_5RL\runs_produce_run_20260725_1359~_RST.APRQ_11_0686.4-ec75ea75d4-59lkzzzi_52dd3472,final,2.6757,2.3934,27,1,,634.374,deck
5000281be2973fd0,..\2_LP\LOW_Fr_MASTER_result\local_5RL\runs_produce_run_20260725_1359~_RST.APRQ_11_0686.4-eed674042f-yjfn9zj8_58b81d84,final,3.9967,3.5421,27,0,above_ceiling,646.375,deck
9d354ff4f931950f,..\2_LP\LOW_Fr_MASTER_result\local_5RL\runs_produce_run_20260725_1359~_RST.APRQ_11_0686.4-f8e4d487ea-gvqi_5hc_efd793aa,final,1.8984,1.7174,27,1,,649.169,deck
,..\2_LP\LOW_Fr_MASTER_result\local_5RL\runs_produce_run_20260725_1359~_RST.APRQ_11_0686.4-f8fa6f57c0-3zg0pndo_8328c170,no_mas_sum,,,0,0,,,
,..\2_LP\LOW_Fr_MASTER_result\local_5RL\runs_produce_run_20260725_1359~_RST.APRQ_11_0688.2-02ccf9bafc-4ef87moa_bf3d58fd,no_mas_sum,,,0,0,,,
1c61e3426dc515f6,..\2_LP\LOW_Fr_MASTER_result\local_5RL\runs_produce_run_20260725_1359~_RST.APRQ_11_0688.2-09349a7450-i5v9dzoq_bc3520bd,final,4.6114,4.119,27,0,above_ceiling,639.158,deck
310128da0d8219d3,..\2_LP\LOW_Fr_MASTER_result\local_5RL\runs_produce_run_20260725_1359~_RST.APRQ_11_0688.2-0ab62099bb-4_66svck_475057df,final,1.9869,1.8215,27,1,,639.353,deck
08707fe6778b3cf6,..\2_LP\LOW_Fr_MASTER_result\local_5RL\runs_produce_run_20260725_1359~_RST.APRQ_11_0688.2-0c2c5858fe-crux4cmo_adc2a4b9,superseded,,,0,0,,,deck
eb47c18c0296732c,..\2_LP\LOW_Fr_MASTER_result\local_5RL\runs_produce_run_20260725_1359~_RST.APRQ_11_0688.2-1cc26cbfff-lxhen3tt_d9551180,final,3.7609,3.3408,28,0,above_ceiling,660.075,deck
,..\2_LP\LOW_Fr_MASTER_result\local_5RL\runs_produce_run_20260725_1359~_RST.APRQ_11_0688.2-249edb540e-w55_kzbn_50ad06a2,no_mas_sum,,,0,0,,,
2bdc5a98563fef67,..\2_LP\LOW_Fr_MASTER_result\local_5RL\runs_produce_run_20260725_1359~_RST.APRQ_11_0688.2-2550a0f28e-2z6z9gin_d8719152,final,2.2012,1.9411,27,1,,642.922,deck
,..\2_LP\LOW_Fr_MASTER_result\local_5RL\runs_produce_run_20260725_1359~_RST.APRQ_11_0688.2-31afb7b636-1a3uxiem_ab320a5b,no_mas_sum,,,0,0,,,
01633696ce3283bf,..\2_LP\LOW_Fr_MASTER_result\local_5RL\runs_produce_run_20260725_1359~_RST.APRQ_11_0688.2-3c8241e02e-6m3qtc8s_6d869ede,final,4.5303,4.0681,27,0,above_ceiling,640.473,deck
,..\2_LP\LOW_Fr_MASTER_result\local_5RL\runs_produce_run_20260725_1359~_RST.APRQ_11_0688.2-4130091337-4pz3ltyt_f51ee8d9,no_mas_sum,,,0,0,,,
b83df0676e7fdfb6,..\2_LP\LOW_Fr_MASTER_result\local_5RL\runs_produce_run_20260725_1359~_RST.APRQ_11_0688.2-42bdbc9ab3-90sa9k4c_78a16b36,final,2.3071,2.1061,27,1,,647.982,deck
8e5e1311f47e65b6,..\2_LP\LOW_Fr_MASTER_result\local_5RL\runs_produce_run_20260725_1359~_RST.APRQ_11_0688.2-45ca6f637b-zotwnf9y_082480d7,final,3.6157,3.2125,27,0,above_ceiling,644.176,deck
f620ad5b20f8dfb8,..\2_LP\LOW_Fr_MASTER_result\local_5RL\runs_produce_run_20260725_1359~_RST.APRQ_11_0688.2-5121a4ec01-3d02ep6e_9bfb5250,final,2.4189,2.2321,27,1,,641.038,deck
1c7e711082171828,..\2_LP\LOW_Fr_MASTER_result\local_5RL\runs_produce_run_20260725_1359~_RST.APRQ_11_0688.2-5b273cfe7b-69n_obv1_ab1131bf,final,3.191,2.8825,27,0,above_ceiling,648.388,deck
,..\2_LP\LOW_Fr_MASTER_result\local_5RL\runs_produce_run_20260725_1359~_RST.APRQ_11_0688.2-5c9ed4a40d-bjdh3muk_f7d634f5,no_mas_sum,,,0,0,,,
,..\2_LP\LOW_Fr_MASTER_result\local_5RL\runs_produce_run_20260725_1359~_RST.APRQ_11_0688.2-65dc27b2bc-ir1j0p5j_b029bff4,no_mas_sum,,,0,0,,,
b6a44bfd6ed7efd9,..\2_LP\LOW_Fr_MASTER_result\local_5RL\runs_produce_run_20260725_1359~_RST.APRQ_11_0688.2-67e109e032-ye3ssup6_0c8b091c,final,1.8531,1.6728,27,1,,647.235,deck
,..\2_LP\LOW_Fr_MASTER_result\local_5RL\runs_produce_run_20260725_1359~_RST.APRQ_11_0688.2-6dd48aee49-n4nllhmj_26298116,no_mas_sum,,,0,0,,,
,..\2_LP\LOW_Fr_MASTER_result\local_5RL\runs_produce_run_20260725_1359~_RST.APRQ_11_0688.2-787ec85d21-48kke7zl_9118dd60,no_mas_sum,,,0,0,,,
,..\2_LP\LOW_Fr_MASTER_result\local_5RL\runs_produce_run_20260725_1359~_RST.APRQ_11_0688.2-799734b2ee-p957y1s1_0113f5a0,no_mas_sum,,,0,0,,,
,..\2_LP\LOW_Fr_MASTER_result\local_5RL\runs_produce_run_20260725_1359~_RST.APRQ_11_0688.2-7ce0af4cad-jua7h2o3_52a62eb2,no_mas_sum,,,0,0,,,
45c99d34157d25b5,..\2_LP\LOW_Fr_MASTER_result\local_5RL\runs_produce_run_20260725_1359~_RST.APRQ_11_0688.2-7e8a2922d8-wjm4gbw1_9f0ed9ed,final,2.3652,2.1147,27,1,,642.569,deck
09502c89cb61b0ec,..\2_LP\LOW_Fr_MASTER_result\local_5RL\runs_produce_run_20260725_1359~_RST.APRQ_11_0688.2-7e988cf4a0-um1d8jum_63c55898,final,2.1331,1.8602,27,1,,646.301,deck
a0102c8c3dc5ed17,..\2_LP\LOW_Fr_MASTER_result\local_5RL\runs_produce_run_20260725_1359~_RST.APRQ_11_0688.2-8071a4b5b0-lrwjpavc_88c5cf2a,final,2.2616,1.9658,27,1,,651.095,deck
,..\2_LP\LOW_Fr_MASTER_result\local_5RL\runs_produce_run_20260725_1359~_RST.APRQ_11_0688.2-80c6f7192f-3wz41ul2_42202973,no_mas_sum,,,0,0,,,
,..\2_LP\LOW_Fr_MASTER_result\local_5RL\runs_produce_run_20260725_1359~_RST.APRQ_11_0688.2-86f670cfac-zxv_0ohx_5a93f320,no_mas_sum,,,0,0,,,
,..\2_LP\LOW_Fr_MASTER_result\local_5RL\runs_produce_run_20260725_1359~_RST.APRQ_11_0688.2-8b0e8077a1-o29dk2nu_fb5f9106,no_mas_sum,,,0,0,,,
,..\2_LP\LOW_Fr_MASTER_result\local_5RL\runs_produce_run_20260725_1359~_RST.APRQ_11_0688.2-9054a27673-0ykq4vdb_7ef17042,no_mas_sum,,,0,0,,,
,..\2_LP\LOW_Fr_MASTER_result\local_5RL\runs_produce_run_20260725_1359~_RST.APRQ_11_0688.2-93e2a2979a-c29wn94l_3586ba52,no_mas_sum,,,0,0,,,
,..\2_LP\LOW_Fr_MASTER_result\local_5RL\runs_produce_run_20260725_1359~_RST.APRQ_11_0688.2-a3842aa00d-3ksjgji0_504feecb,no_mas_sum,,,0,0,,,
,..\2_LP\LOW_Fr_MASTER_result\local_5RL\runs_produce_run_20260725_1359~_RST.APRQ_11_0688.2-a4ef804e9c-9r8nn_dw_6cfe23c9,no_mas_sum,,,0,0,,,
,..\2_LP\LOW_Fr_MASTER_result\local_5RL\runs_produce_run_20260725_1359~_RST.APRQ_11_0688.2-aa6c2b1e52-z6vg3_gp_7dac8d44,no_mas_sum,,,0,0,,,
95ed8727d6b058cd,..\2_LP\LOW_Fr_MASTER_result\local_5RL\runs_produce_run_20260725_1359~_RST.APRQ_11_0688.2-ae192891ee-bj4u8cew_a06ad033,final,4.2,3.8325,27,0,above_ceiling,647.681,deck
d8fb11bda20ec716,..\2_LP\LOW_Fr_MASTER_result\local_5RL\runs_produce_run_20260725_1359~_RST.APRQ_11_0688.2-af7efb9d7d-syt6xtfj_40b614c6,final,1.9395,1.7423,27,1,,649.183,deck
db50b2df3fa3559b,..\2_LP\LOW_Fr_MASTER_result\local_5RL\runs_produce_run_20260725_1359~_RST.APRQ_11_0688.2-b3b5c6a488-m6gghe2e_51391d35,final,2.0632,1.8475,27,1,,647.89,deck
,..\2_LP\LOW_Fr_MASTER_result\local_5RL\runs_produce_run_20260725_1359~_RST.APRQ_11_0688.2-b5fec97914-hyrw7cfk_b770f8c0,no_mas_sum,,,0,0,,,
645558934d801ff7,..\2_LP\LOW_Fr_MASTER_result\local_5RL\runs_produce_run_20260725_1359~_RST.APRQ_11_0688.2-b6a247f61a-m7kri5zp_2a4ecd47,final,3.0674,2.6341,26,0,above_ceiling,611.936,deck
,..\2_LP\LOW_Fr_MASTER_result\local_5RL\runs_produce_run_20260725_1359~_RST.APRQ_11_0688.2-b6eaa980c5-dvavecjn_b8cf0771,no_mas_sum,,,0,0,,,
fe67de99b2af267b,..\2_LP\LOW_Fr_MASTER_result\local_5RL\runs_produce_run_20260725_1359~_RST.APRQ_11_0688.2-b965643d14-eevqxe_b_97fb4918,final,2.1696,1.9241,27,1,,648.44,deck
,..\2_LP\LOW_Fr_MASTER_result\local_5RL\runs_produce_run_20260725_1359~_RST.APRQ_11_0688.2-bcb9e7170f-rhytsr1i_81a65103,no_mas_sum,,,0,0,,,
,..\2_LP\LOW_Fr_MASTER_result\local_5RL\runs_produce_run_20260725_1359~_RST.APRQ_11_0688.2-bdc61be9f4-wfz3d_y8_bb943595,no_mas_sum,,,0,0,,,
0237e3fe1863088c,..\2_LP\LOW_Fr_MASTER_result\local_5RL\runs_produce_run_20260725_1359~_RST.APRQ_11_0688.2-bfb30fb51f-83w7x9nd_d193794a,final,3.5163,3.1778,27,0,above_ceiling,644.987,deck
a4b100042d06e53c,..\2_LP\LOW_Fr_MASTER_result\local_5RL\runs_produce_run_20260725_1359~_RST.APRQ_11_0688.2-c35c3d930b-lmo5fv2v_7d4d4449,final,2.3732,2.0923,27,1,,649.843,deck
5c2b99baa3f0b0e9,..\2_LP\LOW_Fr_MASTER_result\local_5RL\runs_produce_run_20260725_1359~_RST.APRQ_11_0688.2-c3b9ed5f24-vysu2q2w_924e91a0,final,2.5702,2.2949,27,1,,643.06,deck
,..\2_LP\LOW_Fr_MASTER_result\local_5RL\runs_produce_run_20260725_1359~_RST.APRQ_11_0688.2-c48675acbc-2olpp5gp_6e91e4ec,no_mas_sum,,,0,0,,,
fc4d54aa0e6b5c7a,..\2_LP\LOW_Fr_MASTER_result\local_5RL\runs_produce_run_20260725_1359~_RST.APRQ_11_0688.2-ce4905591c-7zehzh4f_392f94b4,final,2.427,2.1688,27,1,,650.622,deck
,..\2_LP\LOW_Fr_MASTER_result\local_5RL\runs_produce_run_20260725_1359~_RST.APRQ_11_0688.2-cf71681e42-vle25480_01486807,no_mas_sum,,,0,0,,,
,..\2_LP\LOW_Fr_MASTER_result\local_5RL\runs_produce_run_20260725_1359~_RST.APRQ_11_0688.2-d34238b43b-2jmdcgrt_c1fbc725,no_mas_sum,,,0,0,,,
,..\2_LP\LOW_Fr_MASTER_result\local_5RL\runs_produce_run_20260725_1359~_RST.APRQ_11_0688.2-d36c14f2d7-vu0kglh6_4e7ba07f,no_mas_sum,,,0,0,,,
09b00db7fdae3306,..\2_LP\LOW_Fr_MASTER_result\local_5RL\runs_produce_run_20260725_1359~_RST.APRQ_11_0688.2-df7c950389-7yp3ggpp_ba8448bf,final,2.1818,1.9555,26,1,,628.047,deck
63a1261c090074d9,..\2_LP\LOW_Fr_MASTER_result\local_5RL\runs_produce_run_20260725_1359~_RST.APRQ_11_0688.2-e4f555aa4e-wgb63y6j_f6e56468,final,2.4591,2.1311,26,1,,619.696,deck
,..\2_LP\LOW_Fr_MASTER_result\local_5RL\runs_produce_run_20260725_1359~_RST.APRQ_11_0688.2-e568c8c9c0-hx5vv4m5_563d55d7,no_mas_sum,,,0,0,,,
f7f98843571e34e7,..\2_LP\LOW_Fr_MASTER_result\local_5RL\runs_produce_run_20260725_1359~_RST.APRQ_11_0688.2-f35fdebd9d-i0543qem_2ca25f19,final,2.2859,2.0005,27,1,,640.296,deck
,..\2_LP\LOW_Fr_MASTER_result\local_5RL\runs_produce_run_20260725_1359~_RST.APRQ_11_0688.2-fc8161928e-wk_3guma_a7030ae2,no_mas_sum,,,0,0,,,
,..\2_LP\LOW_Fr_MASTER_result\local_5RL\runs_produce_run_20260725_1359~_RST.APRQ_11_0692.6-01e0221c51-9m5zxuk3_4f1c502f,no_mas_sum,,,0,0,,,
a0e991de9a8a665a,..\2_LP\LOW_Fr_MASTER_result\local_5RL\runs_produce_run_20260725_1359~_RST.APRQ_11_0692.6-03f4f27503-h415pjjg_2cb2e903,final,2.2399,1.9995,27,1,,655.288,deck
a0a15e759feaf563,..\2_LP\LOW_Fr_MASTER_result\local_5RL\runs_produce_run_20260725_1359~_RST.APRQ_11_0692.6-0a7346fe90-4b_g2vlj_5339d06c,final,2.3176,2.0329,27,1,,635.62,deck
,..\2_LP\LOW_Fr_MASTER_result\local_5RL\runs_produce_run_20260725_1359~_RST.APRQ_11_0692.6-167cacb626-gek0jtxo_f5038570,no_mas_sum,,,0,0,,,
,..\2_LP\LOW_Fr_MASTER_result\local_5RL\runs_produce_run_20260725_1359~_RST.APRQ_11_0692.6-171fd9b8c2-kulmek72_486c8181,no_mas_sum,,,0,0,,,
c0bd45c9d1686543,..\2_LP\LOW_Fr_MASTER_result\local_5RL\runs_produce_run_20260725_1359~_RST.APRQ_11_0692.6-19d7b423a1-ydu526cg_5eaf0f9f,final,2.5459,2.304,27,1,,648.82,deck
,..\2_LP\LOW_Fr_MASTER_result\local_5RL\runs_produce_run_20260725_1359~_RST.APRQ_11_0692.6-1e076cb743-r6pdqipx_ee8cd151,no_mas_sum,,,0,0,,,
17fe1a3e63646028,..\2_LP\LOW_Fr_MASTER_result\local_5RL\runs_produce_run_20260725_1359~_RST.APRQ_11_0692.6-26e4799f96-_g_w7q3s_640db3a3,final,4.278,3.8085,27,0,above_ceiling,645.75,deck
aa68364deb4f2770,..\2_LP\LOW_Fr_MASTER_result\local_5RL\runs_produce_run_20260725_1359~_RST.APRQ_11_0692.6-2a9f2a89b5-wjw11pmh_66ae96c7,final,2.2551,2.0279,27,1,,635.763,deck
bbf46cae4e80f843,..\2_LP\LOW_Fr_MASTER_result\local_5RL\runs_produce_run_20260725_1359~_RST.APRQ_11_0692.6-2c0349cc59-l20ph_xs_ca1b2ec7,final,2.5752,2.294,27,1,,653.515,deck
df5d7674cbb1e81c,..\2_LP\LOW_Fr_MASTER_result\local_5RL\runs_produce_run_20260725_1359~_RST.APRQ_11_0692.6-2da480ae40-j0kvd9b8_24384103,final,2.5249,2.2585,27,1,,631.728,deck
0056d5338027bd44,..\2_LP\LOW_Fr_MASTER_result\local_5RL\runs_produce_run_20260725_1359~_RST.APRQ_11_0692.6-39ebec9c56-3lu1a7zw_d31ab30f,final,2.3334,2.0796,27,1,,655.846,deck
,..\2_LP\LOW_Fr_MASTER_result\local_5RL\runs_produce_run_20260725_1359~_RST.APRQ_11_0692.6-3dc0104ca5-00fri9uo_31300354,no_mas_sum,,,0,0,,,
29a0d34de597050b,..\2_LP\LOW_Fr_MASTER_result\local_5RL\runs_produce_run_20260725_1359~_RST.APRQ_11_0692.6-400412fc57-o3t0q4ws_0d547b9a,final,2.4453,2.1516,27,1,,641.877,deck
27072ddcaf563c87,..\2_LP\LOW_Fr_MASTER_result\local_5RL\runs_produce_run_20260725_1359~_RST.APRQ_11_0692.6-40c0d1bdee-y9ve1oip_44a57bdb,final,3.6446,3.3075,27,0,above_ceiling,632.079,deck
c1bd1836384dc5fa,..\2_LP\LOW_Fr_MASTER_result\local_5RL\runs_produce_run_20260725_1359~_RST.APRQ_11_0692.6-4137c9355c-wfhodwgc_19f2bf06,final,2.1266,1.8921,27,1,,653.596,deck
,..\2_LP\LOW_Fr_MASTER_result\local_5RL\runs_produce_run_20260725_1359~_RST.APRQ_11_0692.6-56ae7ddd06-09iwbeku_49cd1a64,no_mas_sum,,,0,0,,,
45778646da7a3359,..\2_LP\LOW_Fr_MASTER_result\local_5RL\runs_produce_run_20260725_1359~_RST.APRQ_11_0692.6-60ded9faa7-dz9jawmw_de38854f,final,2.2871,2.0304,27,1,,646.139,deck
f8cb2b3486a7f47a,..\2_LP\LOW_Fr_MASTER_result\local_5RL\runs_produce_run_20260725_1359~_RST.APRQ_11_0692.6-66da8cad71-30m7k_9c_1f803543,final,3.7244,3.0926,27,0,above_ceiling,643.219,deck
,..\2_LP\LOW_Fr_MASTER_result\local_5RL\runs_produce_run_20260725_1359~_RST.APRQ_11_0692.6-71003ca787-pciq2_6a_f52db97a,no_mas_sum,,,0,0,,,
689e5c3e0f041667,..\2_LP\LOW_Fr_MASTER_result\local_5RL\runs_produce_run_20260725_1359~_RST.APRQ_11_0692.6-7d4bba3f39-hv3u45yb_384f2d46,final,2.2512,2.0368,27,1,,635.618,deck
0cf5cabd5c515ddc,..\2_LP\LOW_Fr_MASTER_result\local_5RL\runs_produce_run_20260725_1359~_RST.APRQ_11_0692.6-80ba0a42e1-w_a8dc66_1958c957,final,2.39,2.1514,27,1,,639.035,deck
,..\2_LP\LOW_Fr_MASTER_result\local_5RL\runs_produce_run_20260725_1359~_RST.APRQ_11_0692.6-867e53f403-u2n0o7ot_99d9b53e,no_mas_sum,,,0,0,,,
,..\2_LP\LOW_Fr_MASTER_result\local_5RL\runs_produce_run_20260725_1359~_RST.APRQ_11_0692.6-86c6659889-pg2tpybk_89845c56,no_mas_sum,,,0,0,,,
,..\2_LP\LOW_Fr_MASTER_result\local_5RL\runs_produce_run_20260725_1359~_RST.APRQ_11_0692.6-8b355a4bac-gd5y2575_02833d39,no_mas_sum,,,0,0,,,
8b82840e78b2981d,..\2_LP\LOW_Fr_MASTER_result\local_5RL\runs_produce_run_20260725_1359~_RST.APRQ_11_0692.6-8c6d2590e7-qp4lrk7k_3c175e36,final,1.9726,1.7483,27,1,,648.272,deck
6cf892e603d2161d,..\2_LP\LOW_Fr_MASTER_result\local_5RL\runs_produce_run_20260725_1359~_RST.APRQ_11_0692.6-9767c445e7-9ug_8db2_55559fff,final,2.0412,1.858,27,1,,655.872,deck
,..\2_LP\LOW_Fr_MASTER_result\local_5RL\runs_produce_run_20260725_1359~_RST.APRQ_11_0692.6-97adc0cdd7-65qzpbuq_b99d3b12,no_mas_sum,,,0,0,,,
5fd04c13e6d43476,..\2_LP\LOW_Fr_MASTER_result\local_5RL\runs_produce_run_20260725_1359~_RST.APRQ_11_0692.6-9984124107-0ezpjkln_f0a922f9,final,2.2495,2.0079,27,1,,646.84,deck
33c4e7164c529b43,..\2_LP\LOW_Fr_MASTER_result\local_5RL\runs_produce_run_20260725_1359~_RST.APRQ_11_0692.6-9a84b31904-pin2lyi7_3e259dea,final,2.1955,1.9408,27,1,,641.464,deck
9c135c0abfc5d932,..\2_LP\LOW_Fr_MASTER_result\local_5RL\runs_produce_run_20260725_1359~_RST.APRQ_11_0692.6-9fa6bfff66-knp2fmu9_fb2592cf,final,2.6733,2.3833,27,1,,652.222,deck
3007b18e26a63849,..\2_LP\LOW_Fr_MASTER_result\local_5RL\runs_produce_run_20260725_1359~_RST.APRQ_11_0692.6-a071b29ada-hc_px4ew_9effe133,final,4.2492,3.7658,27,0,above_ceiling,646.229,deck
c4d864458331e0c0,..\2_LP\LOW_Fr_MASTER_result\local_5RL\runs_produce_run_20260725_1359~_RST.APRQ_11_0692.6-ac85cd71c8-4r00udxp_8af1f034,final,2.4184,2.1538,27,1,,642.966,deck
e7160aa9ce2d4b15,..\2_LP\LOW_Fr_MASTER_result\local_5RL\runs_produce_run_20260725_1359~_RST.APRQ_11_0692.6-af4d4b752e-7wzkt6ok_208663a8,final,2.1341,1.8496,27,1,,643.514,deck
f586de9696b2db40,..\2_LP\LOW_Fr_MASTER_result\local_5RL\runs_produce_run_20260725_1359~_RST.APRQ_11_0692.6-af6ec9ed7a-t0af95n5_a3828b94,final,2.4511,2.1843,27,1,,636.741,deck
31791a9180428e4e,..\2_LP\LOW_Fr_MASTER_result\local_5RL\runs_produce_run_20260725_1359~_RST.APRQ_11_0692.6-b256557978-hq9c3v2u_2066a46a,final,2.3835,2.1248,27,1,,643.935,deck
,..\2_LP\LOW_Fr_MASTER_result\local_5RL\runs_produce_run_20260725_1359~_RST.APRQ_11_0692.6-b8217dc5ab-h5qywxqd_caf28652,no_mas_sum,,,0,0,,,
6301c568f1aca1b7,..\2_LP\LOW_Fr_MASTER_result\local_5RL\runs_produce_run_20260725_1359~_RST.APRQ_11_0692.6-bcf3bbce70-8a5ypsqz_5d17a2ac,final,2.4093,2.1382,27,1,,642.952,deck
,..\2_LP\LOW_Fr_MASTER_result\local_5RL\runs_produce_run_20260725_1359~_RST.APRQ_11_0692.6-c1d8aa2e43-2oltrz9r_76f524ca,no_mas_sum,,,0,0,,,
06a3425d9a493e31,..\2_LP\LOW_Fr_MASTER_result\local_5RL\runs_produce_run_20260725_1359~_RST.APRQ_11_0692.6-c77ab6d662-093lb9o7_f9c973bb,final,2.3872,2.1258,27,1,,647.389,deck
49dd8575d6e76e74,..\2_LP\LOW_Fr_MASTER_result\local_5RL\runs_produce_run_20260725_1359~_RST.APRQ_11_0692.6-c92545d3ea-cgvxil5t_21f7899e,final,2.1825,1.9482,27,1,,659.139,deck
,..\2_LP\LOW_Fr_MASTER_result\local_5RL\runs_produce_run_20260725_1359~_RST.APRQ_11_0692.6-cc09c675df-ililmh11_7b73598a,no_mas_sum,,,0,0,,,
64335d00a7e5db1f,..\2_LP\LOW_Fr_MASTER_result\local_5RL\runs_produce_run_20260725_1359~_RST.APRQ_11_0692.6-cec0fdf726-gxejc4yl_347b24df,final,2.1016,1.8515,27,1,,649.613,deck
5ad1efd3be48ac52,..\2_LP\LOW_Fr_MASTER_result\local_5RL\runs_produce_run_20260725_1359~_RST.APRQ_11_0692.6-cfcfff573c-dhxk3j28_cc246f6c,final,2.2039,1.9862,27,1,,654.632,deck
4c11b78df72a6f73,..\2_LP\LOW_Fr_MASTER_result\local_5RL\runs_produce_run_20260725_1359~_RST.APRQ_11_0692.6-d99813d5ca-wlzcuq9c_048288a2,final,2.1007,1.8817,27,1,,649.444,deck
,..\2_LP\LOW_Fr_MASTER_result\local_5RL\runs_produce_run_20260725_1359~_RST.APRQ_11_0692.6-e5a3036cdc-ygkgis1i_a145e6e9,no_mas_sum,,,0,0,,,
c33a1df182903a76,..\2_LP\LOW_Fr_MASTER_result\local_5RL\runs_produce_run_20260725_1359~_RST.APRQ_11_0692.6-e745c8eceb-kb74qxeg_29444d84,final,4.4914,4.0037,27,0,above_ceiling,647.704,deck
ea4a758099670a7a,..\2_LP\LOW_Fr_MASTER_result\local_5RL\runs_produce_run_20260725_1359~_RST.APRQ_11_0692.6-f75b73732c-wpbo7udv_3e5d26fd,final,2.8097,2.4586,27,1,,648.2,deck
2684b3922718e3fe,..\2_LP\LOW_Fr_MASTER_result\local_5RL\runs_produce_run_20260725_1359~_RST.APRQ_11_0692.6-fbfd4ecf07-zlle3vxj_538d0dbc,final,5.0232,4.4621,26,0,above_ceiling,629.844,deck
,..\2_LP\LOW_Fr_MASTER_result\local_5RL\runs_produce_run_20260725_1359~AS_RST.APRQ_11_0618.3-83b96b4d6b-3dkwau_456f9563,no_mas_sum,,,0,0,,,
c16a76644dafb2a4,..\2_LP\LOW_Fr_MASTER_result\local_5RL\runs_produce_run_20260725_1359~S_RST.APRQ_10_0635.8-94e2920f9f-pata9o3_34cde117,final,2.4424,2.1525,24,1,,570,deck
a37962c114ec2520,..\2_LP\LOW_Fr_MASTER_result\local_5RL\runs_produce_run_20260725_1359~S_RST.APRQ_10_0635.8-abb13c759e-6uhyvmc_ea7b602d,final,1.8421,1.6643,25,1,,576.881,deck
f08ec217a6078a92,..\2_LP\LOW_Fr_MASTER_result\local_5RL\runs_produce_run_20260725_1359~S_RST.APRQ_11_0615.8-05439f570a-rq2t0z2_5c54b90e,final,2.005,1.711,25,1,,578.526,deck
d7ec069905f0c9e8,..\2_LP\LOW_Fr_MASTER_result\local_5RL\runs_produce_run_20260725_1359~S_RST.APRQ_11_0615.8-2ccbd349bf-2zkm4p0_0c7379be,final,2.6051,2.1591,24,1,,548.402,deck
,..\2_LP\LOW_Fr_MASTER_result\local_5RL\runs_produce_run_20260725_1359~S_RST.APRQ_11_0615.8-3a2b505ddd-c49km_j_ea9fd350,no_mas_sum,,,0,0,,,
e5ab64178570b0be,..\2_LP\LOW_Fr_MASTER_result\local_5RL\runs_produce_run_20260725_1359~S_RST.APRQ_11_0615.8-429acc1354-_dkqi80_b727a317,final,3.8927,3.5746,23,0,above_ceiling,527.385,deck
d0b8bd058f62ba11,..\2_LP\LOW_Fr_MASTER_result\local_5RL\runs_produce_run_20260725_1359~S_RST.APRQ_11_0615.8-97901947ca-unky1s6_ba09e44a,final,2.4943,2.2371,24,1,,559.627,deck
8db8fa39c496562b,..\2_LP\LOW_Fr_MASTER_result\local_5RL\runs_produce_run_20260725_1359~S_RST.APRQ_11_0615.8-c2dcc7fd47-uqbha5z_6c96c077,final,5.4792,4.8643,24,0,above_ceiling,545.319,deck
54999f352de2d982,..\2_LP\LOW_Fr_MASTER_result\local_5RL\runs_produce_run_20260725_1359~S_RST.APRQ_11_0615.8-cb916c7430-0ydf59o_b1f45c6f,final,2.2057,1.9138,24,1,,548.293,deck
54b9d419b3945c47,..\2_LP\LOW_Fr_MASTER_result\local_5RL\runs_produce_run_20260725_1359~S_RST.APRQ_11_0618.3-6944365c88-kf11wb3_a9e55c6c,final,5.5454,4.9689,25,0,above_ceiling,581.237,deck
2b3e64b6e865c046,..\2_LP\LOW_Fr_MASTER_result\local_5RL\runs_produce_run_20260725_1359~S_RST.APRQ_11_0618.3-fef496b748-oqcublc_91f4a28f,final,2.6295,2.4373,24,1,,562.179,deck
8a742c25d6319470,..\2_LP\LOW_Fr_MASTER_result\local_5RL\runs_produce_run_20260725_1359~S_RST.APRQ_11_0662.3-357c2b83c6-c7ckqp5_f18a9e03,final,2.082,1.8752,26,1,,605.65,deck
,..\2_LP\LOW_Fr_MASTER_result\local_5RL\runs_produce_run_20260725_1359~S_RST.APRQ_11_0665.0-3ee11973a1-zymopmt_9a9e5cae,no_mas_sum,,,0,0,,,
811ee490e214f28c,..\2_LP\LOW_Fr_MASTER_result\local_5RL\runs_produce_run_20260725_1359~S_RST.APRQ_11_0679.4-f754a7949c-86yhrg3_7502c1a4,final,2.1426,1.9339,26,1,,630,deck
0998d302298bd219,..\2_LP\LOW_Fr_MASTER_result\local_5RL\runs_produce_run_20260725_1359~S_RST.APRQ_11_0686.4-2b4b0dd516-pavtfad_1412beb6,final,2.1468,1.9416,27,1,,634.695,deck
,..\2_LP\LOW_Fr_MASTER_result\local_5RL\runs_produce_run_20260725_1359~S_RST.APRQ_11_0686.4-e177590590-tli_sw7_9a10ebe6,no_mas_sum,,,0,0,,,
41356de2b3809e5f,..\2_LP\LOW_Fr_MASTER_result\local_5RL\runs_produce_run_20260725_1359~S_RST.APRQ_11_0688.2-b7c1191678-44q7nd7_8156f828,final,2.0908,1.8822,27,1,,637.287,deck
5afdb1020f57c756,..\2_LP\LOW_Fr_MASTER_result\local_5RL\runs_produce_run_20260729_1524~_RST.APRQ_11_0633.2-1a5a1528ba-a4_0a8w2_0015856e,final,2.5672,2.256,26,1,,616.59,deck
834ac4ad5e3b9b41,..\2_LP\LOW_Fr_MASTER_result\local_5RL\runs_rule_acid_master_work_wor~_RST.APRQ_11_0635.1-1345a5699b-urvtzdjq_8cf8570f,final,1.6981,1.4885,27,1,,635.273,deck
e79511cfd4afc240,..\2_LP\LOW_Fr_MASTER_result\local_5RL\runs_rule_acid_master_work_wor~_RST.APRQ_11_0635.1-479d33f900-ytrss6_5_fd080a56,final,1.7526,1.5996,27,1,,636.129,deck
4e22d5e069109e5c,..\2_LP\LOW_Fr_MASTER_result\local_5RL\runs_rule_acid_master_work_wor~_RST.APRQ_11_0635.1-6a28f3e301-lfru7sdn_d47e2a2c,final,1.6502,1.4474,27,1,,633.488,deck
696685282c66a5a2,..\2_LP\LOW_Fr_MASTER_result\local_5RL\runs_rule_acid_master_work_wor~_RST.APRQ_11_0635.1-86012ba7e9-t3yvxxqw_7260012c,final,1.7375,1.5565,27,1,,637.363,deck
fc40e87cd5e35147,..\2_LP\LOW_Fr_MASTER_result\local_5RL\runs_rule_acid_master_work_wor~_RST.APRQ_11_0635.1-ba8f540c0e-efrnoj43_c80c9c12,final,1.7174,1.5465,27,1,,635.291,deck
215a65bd3607301a,..\2_LP\LOW_Fr_MASTER_result\local_5RL\runs_rule_acid_master_work_wor~_RST.APRQ_11_0635.1-c6e8eab33e-31z1u7_r_4dbb2f7d,final,1.5952,1.4426,27,1,,637.334,deck
2d6e0f53afee2595,..\2_LP\LOW_Fr_MASTER_result\local_5RL\runs_rule_acid_master_work_wor~_RST.APRQ_11_0635.1-d9a96cfe35-204bsevo_1531ebb4,final,1.6583,1.4886,27,1,,634.304,deck
e8be01e490f077e3,..\2_LP\LOW_Fr_MASTER_result\local_5RL\runs_rule_acid_master_work_wor~_RST.APRQ_11_0635.1-eaa4c0f10f-f9zuk_qa_8fe93a50,final,1.976,1.7133,27,1,,637.217,deck
6c310f82ed2c667f,..\2_LP\LOW_Fr_MASTER_result\local_5RL\runs_transpose_pairs_master_ma~_RST.APRQ_10_0635.8-000965f8b3-ha11lqqq_159c78b9,final,2.0006,1.7655,26,1,,622.055,deck
6c310f82ed2c667f,..\2_LP\LOW_Fr_MASTER_result\local_5RL\runs_transpose_pairs_master_ma~_RST.APRQ_10_0635.8-000965f8b3-teeey0yg_49fa076b,final,2.0006,1.7655,26,1,,622.055,deck
3090b88c20c924e2,..\2_LP\LOW_Fr_MASTER_result\local_5RL\runs_transpose_pairs_master_ma~_RST.APRQ_10_0635.8-537c456991-85w31vmf_d350f64a,final,4.5123,4.1523,27,0,above_ceiling,658.122,deck
bf83adcadd2e5bed,..\2_LP\LOW_Fr_MASTER_result\local_5RL\runs_transpose_pairs_master_ma~_RST.APRQ_10_0635.8-a4fc8ca9da-csneqp6h_2a1a1777,final,2.2462,2.0196,28,1,,686.453,deck
1015a53f79b9c9b8,..\2_LP\LOW_Fr_MASTER_result\local_5RL\runs_transpose_pairs_master_ma~_RST.APRQ_10_0635.8-ae392900a0-q2flkggk_163973ea,final,2.0739,1.8875,26,1,,628.618,deck
52e1d1287ad6ba14,..\2_LP\LOW_Fr_MASTER_result\local_5RL\runs_transpose_pairs_master_ma~_RST.APRQ_10_0635.8-c8352ced2b-60js5c68_48b387f6,final,2.2608,2.0015,24,1,,549.554,deck
32943d3f984c402e,..\2_LP\LOW_Fr_MASTER_result\local_5RL\runs_transpose_pairs_master_ma~_RST.APRQ_10_0635.8-cbf06bde78-g3j424sk_5dfc57de,final,2.0053,1.7703,26,1,,622.207,deck
32943d3f984c402e,..\2_LP\LOW_Fr_MASTER_result\local_5RL\runs_transpose_pairs_master_ma~_RST.APRQ_10_0635.8-cbf06bde78-wp9pgfuo_c4b93d4c,final,2.0053,1.7703,26,1,,622.207,deck
8075adc94d133655,..\2_LP\LOW_Fr_MASTER_result\local_5RL\runs_transpose_pairs_master_ma~_RST.APRQ_10_0635.8-e67c09f69b-s1jg09ln_e7b9d307,final,2.1532,1.9374,26,1,,616.773,deck
73736189f0bd8227,..\2_LP\LOW_Fr_MASTER_result\local_5RL\runs_transpose_pairs_master_ma~_RST.APRQ_10_0635.8-f3d62c84b0-4f0d3m22_0f859307,final,4.5189,4.1591,27,0,above_ceiling,658.113,deck
73736189f0bd8227,..\2_LP\LOW_Fr_MASTER_result\local_5RL\runs_transpose_pairs_master_ma~_RST.APRQ_10_0635.8-f3d62c84b0-jsfanj8q_07fdab89,final,4.5189,4.1591,27,0,above_ceiling,658.113,deck
f6515774814b663e,..\2_LP\LOW_Fr_MASTER_result\local_5RL\runs_transpose_pairs_master_ma~_RST.APRQ_11_0615.8-1860c3e77a-lktwbsn4_81417e5e,final,2.2355,1.98,26,1,,601.495,deck
f6515774814b663e,..\2_LP\LOW_Fr_MASTER_result\local_5RL\runs_transpose_pairs_master_ma~_RST.APRQ_11_0615.8-1860c3e77a-wtcdrqij_7dbbd644,final,2.2355,1.98,26,1,,601.495,deck
a0d39738520a899f,..\2_LP\LOW_Fr_MASTER_result\local_5RL\runs_transpose_pairs_master_ma~_RST.APRQ_11_0615.8-203e31b9f5-efk5b081_7630968d,final,1.9722,1.6827,26,1,,608.915,deck
43758bc76157e7c5,..\2_LP\LOW_Fr_MASTER_result\local_5RL\runs_transpose_pairs_master_ma~_RST.APRQ_11_0615.8-35a7374fd7-_6aywvg1_3bcbdf7d,final,2.3209,2.0474,23,1,,537.752,deck
43758bc76157e7c5,..\2_LP\LOW_Fr_MASTER_result\local_5RL\runs_transpose_pairs_master_ma~_RST.APRQ_11_0615.8-35a7374fd7-b3e65i28_45591ba8,final,2.3209,2.0474,23,1,,537.752,deck
b266ff99d48b26c7,..\2_LP\LOW_Fr_MASTER_result\local_5RL\runs_transpose_pairs_master_ma~_RST.APRQ_11_0615.8-39c18d1ee5-a06iewrq_cdd0b0cc,final,2.1041,1.8523,25,1,,580.046,deck
b266ff99d48b26c7,..\2_LP\LOW_Fr_MASTER_result\local_5RL\runs_transpose_pairs_master_ma~_RST.APRQ_11_0615.8-39c18d1ee5-k30dof93_b9371a5d,final,2.1041,1.8523,25,1,,580.046,deck
edb671b69c3bac60,..\2_LP\LOW_Fr_MASTER_result\local_5RL\runs_transpose_pairs_master_ma~_RST.APRQ_11_0615.8-4741a042d9-1k_6iad1_765f3393,final,2.1231,1.8493,25,1,,579.911,deck
edb671b69c3bac60,..\2_LP\LOW_Fr_MASTER_result\local_5RL\runs_transpose_pairs_master_ma~_RST.APRQ_11_0615.8-4741a042d9-787tisir_6a10086d,final,2.1231,1.8493,25,1,,579.911,deck
0f0169ff0308bee2,..\2_LP\LOW_Fr_MASTER_result\local_5RL\runs_transpose_pairs_master_ma~_RST.APRQ_11_0615.8-6c1924aff2-oqwbr2_j_a714bcb8,final,2.2312,1.9026,26,1,,608.564,deck
0f0169ff0308bee2,..\2_LP\LOW_Fr_MASTER_result\local_5RL\runs_transpose_pairs_master_ma~_RST.APRQ_11_0615.8-6c1924aff2-ti_t3xgi_6622ec9d,final,2.2312,1.9026,26,1,,608.564,deck
b132434fae084081,..\2_LP\LOW_Fr_MASTER_result\local_5RL\runs_transpose_pairs_master_ma~_RST.APRQ_11_0615.8-9c85dce179-pxaikzrl_1862fb1f,final,2.3187,2.0455,23,1,,537.9,deck
b132434fae084081,..\2_LP\LOW_Fr_MASTER_result\local_5RL\runs_transpose_pairs_master_ma~_RST.APRQ_11_0615.8-9c85dce179-rb2eu60q_41c52469,final,2.3187,2.0455,23,1,,537.9,deck
f6223cfdb2375058,..\2_LP\LOW_Fr_MASTER_result\local_5RL\runs_transpose_pairs_master_ma~_RST.APRQ_11_0615.8-a593fd73ca-jfsxd40z_1b93b90b,final,2.2293,1.9023,26,1,,608.556,deck
f6223cfdb2375058,..\2_LP\LOW_Fr_MASTER_result\local_5RL\runs_transpose_pairs_master_ma~_RST.APRQ_11_0615.8-a593fd73ca-pbrdh594_9b42995e,final,2.2293,1.9023,26,1,,608.556,deck
9d7ba5cec211f2e7,..\2_LP\LOW_Fr_MASTER_result\local_5RL\runs_transpose_pairs_master_ma~_RST.APRQ_11_0615.8-d5525f91c1-c5caon0v_659f6db2,final,2.236,1.9885,26,1,,601.51,deck
9d7ba5cec211f2e7,..\2_LP\LOW_Fr_MASTER_result\local_5RL\runs_transpose_pairs_master_ma~_RST.APRQ_11_0615.8-d5525f91c1-hxwt4gyc_4967785a,final,2.236,1.9885,26,1,,601.51,deck
bda3d9bc4164ff1b,..\2_LP\LOW_Fr_MASTER_result\local_5RL\runs_transpose_pairs_master_ma~_RST.APRQ_11_0618.3-3392b2740c-ji8mcggt_ede29021,final,2.0636,1.8029,25,1,,591.293,deck
bda3d9bc4164ff1b,..\2_LP\LOW_Fr_MASTER_result\local_5RL\runs_transpose_pairs_master_ma~_RST.APRQ_11_0618.3-3392b2740c-yixxoikp_ebf742c0,final,2.0636,1.8029,25,1,,591.293,deck
0a5209fb613e1a78,..\2_LP\LOW_Fr_MASTER_result\local_5RL\runs_transpose_pairs_master_ma~_RST.APRQ_11_0618.3-4d48b03df1-0qb1kni4_43caf8e9,final,2.057,1.7939,25,1,,591.273,deck
0a5209fb613e1a78,..\2_LP\LOW_Fr_MASTER_result\local_5RL\runs_transpose_pairs_master_ma~_RST.APRQ_11_0618.3-4d48b03df1-6j8txtjc_e0249a0a,final,2.057,1.7939,25,1,,591.273,deck
045345ad8f2e21bd,..\2_LP\LOW_Fr_MASTER_result\local_5RL\runs_transpose_pairs_master_ma~_RST.APRQ_11_0618.3-89c3e535d5-aav632hl_07f1ed9a,final,1.8309,1.6419,26,1,,621.948,deck
8404b59bbf3f6e4a,..\2_LP\LOW_Fr_MASTER_result\local_5RL\runs_transpose_pairs_master_ma~_RST.APRQ_11_0630.4-2fddef3f1d-6v_l5n4l_d2750819,final,2.6265,2.1583,27,1,,655.141,deck
8404b59bbf3f6e4a,..\2_LP\LOW_Fr_MASTER_result\local_5RL\runs_transpose_pairs_master_ma~_RST.APRQ_11_0630.4-2fddef3f1d-gjdcrtoh_50833794,final,2.6265,2.1583,27,1,,655.141,deck
b6a124294376b2a7,..\2_LP\LOW_Fr_MASTER_result\local_5RL\runs_transpose_pairs_master_ma~_RST.APRQ_11_0630.4-abe699497e-4bexg08a_be614ae6,final,2.6416,2.1641,27,1,,654.819,deck
b6a124294376b2a7,..\2_LP\LOW_Fr_MASTER_result\local_5RL\runs_transpose_pairs_master_ma~_RST.APRQ_11_0630.4-abe699497e-h4wj5gf3_fc80ea1e,final,2.6416,2.1641,27,1,,654.819,deck
2d71ab23cdb522e3,..\2_LP\LOW_Fr_MASTER_result\local_5RL\runs_transpose_pairs_master_ma~_RST.APRQ_11_0635.1-1c8280215b-xpseg547_46a15ca4,final,3.2881,2.9657,27,0,above_ceiling,655.833,deck
a059d7094607ea3f,..\2_LP\LOW_Fr_MASTER_result\local_5RL\runs_transpose_pairs_master_ma~_RST.APRQ_11_0635.1-30f6560e6d-eis6j3ib_90b37bbc,final,1.6339,1.459,27,1,,646.48,deck
a059d7094607ea3f,..\2_LP\LOW_Fr_MASTER_result\local_5RL\runs_transpose_pairs_master_ma~_RST.APRQ_11_0635.1-30f6560e6d-hgvk6jbn_e1ddd745,final,1.6339,1.459,27,1,,646.48,deck
46ea0d33769e6955,..\2_LP\LOW_Fr_MASTER_result\local_5RL\runs_transpose_pairs_master_ma~_RST.APRQ_11_0635.1-3c5f1747cc-3ursszq5_120cc6c0,final,4.7819,4.2175,28,0,above_ceiling,666.198,deck
297de3a3e4b3f6b0,..\2_LP\LOW_Fr_MASTER_result\local_5RL\runs_transpose_pairs_master_ma~_RST.APRQ_11_0635.1-4a8c82d69a-0pt4xg1l_1708dcff,final,1.6549,1.4948,27,1,,632.586,deck
297de3a3e4b3f6b0,..\2_LP\LOW_Fr_MASTER_result\local_5RL\runs_transpose_pairs_master_ma~_RST.APRQ_11_0635.1-4a8c82d69a-9xs7elim_3e4d8a66,final,1.6549,1.4948,27,1,,632.586,deck
7777b0e5702e7a8b,..\2_LP\LOW_Fr_MASTER_result\local_5RL\runs_transpose_pairs_master_ma~_RST.APRQ_11_0635.1-5640ee1245-isjzwv1c_4d3f34a4,final,1.6267,1.4548,27,1,,646.43,deck
7777b0e5702e7a8b,..\2_LP\LOW_Fr_MASTER_result\local_5RL\runs_transpose_pairs_master_ma~_RST.APRQ_11_0635.1-5640ee1245-xmhpy5kx_12666d80,final,1.6267,1.4548,27,1,,646.43,deck
5bea9b4cf02cf826,..\2_LP\LOW_Fr_MASTER_result\local_5RL\runs_transpose_pairs_master_ma~_RST.APRQ_11_0635.1-afb1addb7e-eioo96ul_93faed1d,final,1.6614,1.4963,27,1,,632.549,deck
5bea9b4cf02cf826,..\2_LP\LOW_Fr_MASTER_result\local_5RL\runs_transpose_pairs_master_ma~_RST.APRQ_11_0635.1-afb1addb7e-kisxyssg_6be38092,final,1.6614,1.4963,27,1,,632.549,deck
bfe2d7c8ea5b68dd,..\2_LP\LOW_Fr_MASTER_result\local_5RL\runs_transpose_pairs_master_ma~_RST.APRQ_11_0637.5-39133403dc-uwxyfqqf_5c15485d,final,1.7247,1.5166,27,1,,645.401,deck
bfe2d7c8ea5b68dd,..\2_LP\LOW_Fr_MASTER_result\local_5RL\runs_transpose_pairs_master_ma~_RST.APRQ_11_0637.5-39133403dc-w8fwzv5q_2914f361,final,1.7247,1.5166,27,1,,645.401,deck
774e4b99ef1877ea,..\2_LP\LOW_Fr_MASTER_result\local_5RL\runs_transpose_pairs_master_ma~_RST.APRQ_11_0637.5-399cc4cf38-9865k55b_a8b62f2a,final,1.6163,1.4668,27,1,,645.424,deck
774e4b99ef1877ea,..\2_LP\LOW_Fr_MASTER_result\local_5RL\runs_transpose_pairs_master_ma~_RST.APRQ_11_0637.5-399cc4cf38-cmjva0r9_ba7b710a,final,1.6163,1.4668,27,1,,645.424,deck
e2aa4a012f46c351,..\2_LP\LOW_Fr_MASTER_result\local_5RL\runs_transpose_pairs_master_ma~_RST.APRQ_11_0637.5-5886fc204c-byf1755p_d8ca861a,final,1.6781,1.5364,27,1,,635.523,deck
e2aa4a012f46c351,..\2_LP\LOW_Fr_MASTER_result\local_5RL\runs_transpose_pairs_master_ma~_RST.APRQ_11_0637.5-5886fc204c-ph67jsaa_4aaab0f4,final,1.6781,1.5364,27,1,,635.523,deck
0750ef50d373864e,..\2_LP\LOW_Fr_MASTER_result\local_5RL\runs_transpose_pairs_master_ma~_RST.APRQ_11_0637.5-694f127898-4z2vp88p_ad0b70d7,final,1.5989,1.461,27,1,,640.722,deck
9b919932fd3c9d13,..\2_LP\LOW_Fr_MASTER_result\local_5RL\runs_transpose_pairs_master_ma~_RST.APRQ_11_0637.5-6fae0b584b-fhuvhr6k_2f02e9c0,final,1.6775,1.5301,27,1,,635.448,deck
9b919932fd3c9d13,..\2_LP\LOW_Fr_MASTER_result\local_5RL\runs_transpose_pairs_master_ma~_RST.APRQ_11_0637.5-6fae0b584b-mgl6v6ax_b8cd719b,final,1.6775,1.5301,27,1,,635.448,deck
358da3df791f81b5,..\2_LP\LOW_Fr_MASTER_result\local_5RL\runs_transpose_pairs_master_ma~_RST.APRQ_11_0637.5-7cf2ffc8f5-nk9a8yhm_707cb502,final,1.742,1.5401,27,1,,645.494,deck
358da3df791f81b5,..\2_LP\LOW_Fr_MASTER_result\local_5RL\runs_transpose_pairs_master_ma~_RST.APRQ_11_0637.5-7cf2ffc8f5-s71kjp5j_c91cdb87,final,1.742,1.5401,27,1,,645.494,deck
fa9f4f26b8c4f9f3,..\2_LP\LOW_Fr_MASTER_result\local_5RL\runs_transpose_pairs_master_ma~_RST.APRQ_11_0637.5-c5379aefc0-chlerind_f9fc1b8c,final,1.6121,1.4633,27,1,,645.422,deck
fa9f4f26b8c4f9f3,..\2_LP\LOW_Fr_MASTER_result\local_5RL\runs_transpose_pairs_master_ma~_RST.APRQ_11_0637.5-c5379aefc0-sei2u_xm_91d8115b,final,1.6121,1.4633,27,1,,645.422,deck
d3a688a19ddd8774,..\2_LP\LOW_Fr_MASTER_result\local_5RL\runs_transpose_pairs_master_ma~_RST.APRQ_11_0652.8-7bc0635bfe-msh_tn9h_1d7959ff,final,1.614,1.4607,27,1,,655.709,deck
d3a688a19ddd8774,..\2_LP\LOW_Fr_MASTER_result\local_5RL\runs_transpose_pairs_master_ma~_RST.APRQ_11_0652.8-7bc0635bfe-qadh8tp0_4f48802d,final,1.614,1.4607,27,1,,655.709,deck
f2a6083a68599f2c,..\2_LP\LOW_Fr_MASTER_result\local_5RL\runs_transpose_pairs_master_ma~_RST.APRQ_11_0652.8-812b6665c8-vo5c9r96_71208283,final,1.9357,1.7298,27,1,,649.658,deck
f2a6083a68599f2c,..\2_LP\LOW_Fr_MASTER_result\local_5RL\runs_transpose_pairs_master_ma~_RST.APRQ_11_0652.8-812b6665c8-xj1wnvyn_66db534f,final,1.9357,1.7298,27,1,,649.658,deck
5abb7b390bd66ce6,..\2_LP\LOW_Fr_MASTER_result\local_5RL\runs_transpose_pairs_master_ma~_RST.APRQ_11_0652.8-98bd54e91f-4ta16dw2_bd8f1bd1,final,1.6078,1.4661,27,1,,655.734,deck
5abb7b390bd66ce6,..\2_LP\LOW_Fr_MASTER_result\local_5RL\runs_transpose_pairs_master_ma~_RST.APRQ_11_0652.8-98bd54e91f-50r3zjey_73a84167,final,1.6078,1.4661,27,1,,655.734,deck
0c00506ff05b0f31,..\2_LP\LOW_Fr_MASTER_result\local_5RL\runs_transpose_pairs_master_ma~_RST.APRQ_11_0652.8-ebb01ea211-odw3blag_5ef4c117,final,1.618,1.4651,27,1,,656.259,deck
fc4fe7f4c112dde6,..\2_LP\LOW_Fr_MASTER_result\local_5RL\runs_transpose_pairs_master_ma~_RST.APRQ_11_0652.8-f8fa2383f1-fdhvh1jm_856edfae,final,1.9014,1.6991,27,1,,649.602,deck
fc4fe7f4c112dde6,..\2_LP\LOW_Fr_MASTER_result\local_5RL\runs_transpose_pairs_master_ma~_RST.APRQ_11_0652.8-f8fa2383f1-qrztl0lh_b2d94dd2,final,1.9014,1.6991,27,1,,649.602,deck
bf1abd65fc65e3dc,..\2_LP\LOW_Fr_MASTER_result\local_5RL\runs_transpose_pairs_master_ma~_RST.APRQ_11_0658.9-34508d2625-1ygjs5vt_75fc9416,final,1.7123,1.53,27,1,,642.632,deck
8746ca4bd58014ca,..\2_LP\LOW_Fr_MASTER_result\local_5RL\runs_transpose_pairs_master_ma~_RST.APRQ_11_0658.9-f7af596290-9q2jz0w4_560f1430,final,1.8201,1.6386,26,1,,601.083,deck
2369be31cf941b0a,..\2_LP\LOW_Fr_MASTER_result\local_5RL\runs_transpose_pairs_master_ma~_RST.APRQ_11_0677.2-06323615c8-33x4jg07_bdb7bc24,final,1.7488,1.524,28,1,,664.357,deck
2369be31cf941b0a,..\2_LP\LOW_Fr_MASTER_result\local_5RL\runs_transpose_pairs_master_ma~_RST.APRQ_11_0677.2-06323615c8-dh737bop_be95f9c7,final,1.7488,1.524,28,1,,664.357,deck
62477e50162b78a2,..\2_LP\LOW_Fr_MASTER_result\local_5RL\runs_transpose_pairs_master_ma~_RST.APRQ_11_0677.2-3567df3fde-9cp3tveq_6908f1e6,final,1.9379,1.7691,28,1,,688.003,deck
9f71a9be954d4f75,..\2_LP\LOW_Fr_MASTER_result\local_5RL\runs_transpose_pairs_master_ma~_RST.APRQ_11_0677.2-3622e90b1d-1kbkyzl7_304bbebf,final,1.7568,1.5281,28,1,,664.298,deck
9f71a9be954d4f75,..\2_LP\LOW_Fr_MASTER_result\local_5RL\runs_transpose_pairs_master_ma~_RST.APRQ_11_0677.2-3622e90b1d-podzuibl_89140354,final,1.7568,1.5281,28,1,,664.298,deck
a2a4cbcd07cd26ef,..\2_LP\LOW_Fr_MASTER_result\local_5RL\runs_transpose_pairs_master_ma~_RST.APRQ_11_0677.2-91ae0d23d9-w0dbe1yo_dea876be,final,1.7832,1.6127,27,1,,656.632,deck
62296c7be847a13c,..\2_LP\LOW_Fr_MASTER_result\local_5RL\runs_transpose_pairs_master_ma~_RST.APRQ_11_0677.2-da4eabe4b7-9yqytlvg_cd7ccbbb,final,1.6831,1.5374,28,1,,661.744,deck
c1a554285a5dcd49,..\2_LP\LOW_Fr_MASTER_result\local_5RL\runs_transpose_pairs_master_ma~_RST.APRQ_11_0677.2-fef026254a-el78tfxb_5a720049,final,1.6844,1.5376,28,1,,661.746,deck
fba3c76380fab1ca,..\2_LP\LOW_Fr_MASTER_result\local_5RL\runs_transpose_pairs_master_ma~_RST.APRQ_11_0678.9-7d7e3dc14b-_s8wbzn7_4cec5a41,final,2.3369,2.1034,25,1,,588.797,deck
fba3c76380fab1ca,..\2_LP\LOW_Fr_MASTER_result\local_5RL\runs_transpose_pairs_master_ma~_RST.APRQ_11_0678.9-7d7e3dc14b-oxyt3l1y_ea694351,final,2.3369,2.1034,25,1,,588.797,deck
654bac4674fddff6,..\2_LP\LOW_Fr_MASTER_result\local_5RL\runs_transpose_pairs_master_ma~_RST.APRQ_11_0678.9-cf88255192-eeafg_tq_127a69f9,final,2.3974,2.1405,27,1,,647.749,deck
654bac4674fddff6,..\2_LP\LOW_Fr_MASTER_result\local_5RL\runs_transpose_pairs_master_ma~_RST.APRQ_11_0678.9-cf88255192-sk632kc4_1740eced,final,2.3974,2.1405,27,1,,647.749,deck
3f235068213d4b98,..\2_LP\LOW_Fr_MASTER_result\local_5RL\runs_transpose_pairs_master_ma~_RST.APRQ_11_0678.9-d7515228b8-1gmncdc4_e1920147,final,2.3366,2.1021,25,1,,588.859,deck
3f235068213d4b98,..\2_LP\LOW_Fr_MASTER_result\local_5RL\runs_transpose_pairs_master_ma~_RST.APRQ_11_0678.9-d7515228b8-m3f1leuu_f00cb336,final,2.3366,2.1021,25,1,,588.859,deck
e89162ed73f6341d,..\2_LP\LOW_Fr_MASTER_result\local_5RL\runs_transpose_pairs_master_ma~_RST.APRQ_11_0678.9-eace2e2ed9-2eqpxr7q_f0ffaa97,final,2.3939,2.1374,27,1,,647.825,deck
e89162ed73f6341d,..\2_LP\LOW_Fr_MASTER_result\local_5RL\runs_transpose_pairs_master_ma~_RST.APRQ_11_0678.9-eace2e2ed9-sg4238cp_f2968295,final,2.3939,2.1374,27,1,,647.825,deck
0778e1e905ffda82,..\2_LP\LOW_Fr_MASTER_result\local_5RL\runs_transpose_pairs_master_ma~_RST.APRQ_11_0686.4-19decd4544-v3tua059_3c2ea66d,final,2.3732,2.1182,25,1,,587.412,deck
0778e1e905ffda82,..\2_LP\LOW_Fr_MASTER_result\local_5RL\runs_transpose_pairs_master_ma~_RST.APRQ_11_0686.4-19decd4544-x2oze2zl_a74b7551,final,2.3732,2.1182,25,1,,587.412,deck
49f48a17569e6af5,..\2_LP\LOW_Fr_MASTER_result\local_5RL\runs_transpose_pairs_master_ma~_RST.APRQ_11_0686.4-1b1ecc96c4-wt3nib4s_bf0fe6d4,final,2.1859,1.9724,25,1,,598.681,deck
,..\2_LP\LOW_Fr_MASTER_result\local_5RL\runs_transpose_pairs_master_ma~_RST.APRQ_11_0686.4-38580aad5d-05o84g4q_8c601fce,no_mas_sum,,,0,0,,,
,..\2_LP\LOW_Fr_MASTER_result\local_5RL\runs_transpose_pairs_master_ma~_RST.APRQ_11_0686.4-38580aad5d-u8op61ed_27b71680,no_mas_sum,,,0,0,,,
82d3235961f29f8c,..\2_LP\LOW_Fr_MASTER_result\local_5RL\runs_transpose_pairs_master_ma~_RST.APRQ_11_0686.4-39f969d2ee-auy4s7ft_5da725a8,final,4.5222,4.0165,25,0,above_ceiling,588.401,deck
bf9acb5000692a11,..\2_LP\LOW_Fr_MASTER_result\local_5RL\runs_transpose_pairs_master_ma~_RST.APRQ_11_0686.4-95868d2c33-baghre4l_528d5192,final,1.6136,1.4669,28,1,,689.469,deck
374a6153bda00847,..\2_LP\LOW_Fr_MASTER_result\local_5RL\runs_transpose_pairs_master_ma~_RST.APRQ_11_0686.4-bc24e55646-0iqn5ppo_c63cfa0e,final,2.3388,2.0982,25,1,,575.732,deck
bc67bdf5376d5f42,..\2_LP\LOW_Fr_MASTER_result\local_5RL\runs_transpose_pairs_master_ma~_RST.APRQ_11_0686.4-ce1620c909-7nnn7xix_8bff5a48,final,2.3739,2.1188,25,1,,587.417,deck
bc67bdf5376d5f42,..\2_LP\LOW_Fr_MASTER_result\local_5RL\runs_transpose_pairs_master_ma~_RST.APRQ_11_0686.4-ce1620c909-hxrmvs1f_d4b7ceed,final,2.3739,2.1188,25,1,,587.417,deck
802d379dfc3209bb,..\2_LP\LOW_Fr_MASTER_result\local_5RL\runs_transpose_pairs_master_ma~_RST.APRQ_11_0686.4-d19fdc3d66-r24brnnq_e0b9fd29,final,2.2364,2.0191,25,1,,590.572,deck
802d379dfc3209bb,..\2_LP\LOW_Fr_MASTER_result\local_5RL\runs_transpose_pairs_master_ma~_RST.APRQ_11_0686.4-d19fdc3d66-ttp813k1_fa6111eb,final,2.2364,2.0191,25,1,,590.572,deck
b56956d991419e44,..\2_LP\LOW_Fr_MASTER_result\local_5RL\runs_transpose_pairs_master_ma~_RST.APRQ_11_0688.2-01c91807aa-hhpvnzz8_0eff7598,final,3.6779,3.2637,25,0,above_ceiling,582.434,deck
,..\2_LP\LOW_Fr_MASTER_result\local_5RL\runs_transpose_pairs_master_ma~_RST.APRQ_11_0688.2-490192d8cd-tn75wtqn_a76df376,no_mas_sum,,,0,0,,,
30b2a3140a52118b,..\2_LP\LOW_Fr_MASTER_result\local_5RL\runs_transpose_pairs_master_ma~_RST.APRQ_11_0688.2-74def01455-3rp47h8x_b784c327,final,4.7413,4.2428,28,0,above_ceiling,680.967,deck
45c55a51f9bf62dd,..\2_LP\LOW_Fr_MASTER_result\local_5RL\runs_transpose_pairs_master_ma~_RST.APRQ_11_0688.2-e5c6a9e64d-dsgt935a_f8c3f92a,final,4.2707,3.7908,25,0,above_ceiling,589.699,deck
45c55a51f9bf62dd,..\2_LP\LOW_Fr_MASTER_result\local_5RL\runs_transpose_pairs_master_ma~_RST.APRQ_11_0688.2-e5c6a9e64d-jowvlal1_f957a547,final,4.2707,3.7908,25,0,above_ceiling,589.699,deck
d9dd1f26d14dab6b,..\2_LP\LOW_Fr_MASTER_result\local_5RL\runs_transpose_pairs_master_ma~_RST.APRQ_11_0692.6-139682f85b-nnzlm_b0_d42d6ca1,final,2.0244,1.8038,29,1,,703.746,deck
d9dd1f26d14dab6b,..\2_LP\LOW_Fr_MASTER_result\local_5RL\runs_transpose_pairs_master_ma~_RST.APRQ_11_0692.6-139682f85b-vg7itbce_de6ec7ef,final,2.0244,1.8038,29,1,,703.746,deck
a1a5c3648473eb36,..\2_LP\LOW_Fr_MASTER_result\local_5RL\runs_transpose_pairs_master_ma~_RST.APRQ_11_0692.6-1f1af1e6bb-_x5obez5_50f00966,final,2.1825,1.8898,28,1,,677.078,deck
d4ab790d3df5565b,..\2_LP\LOW_Fr_MASTER_result\local_5RL\runs_transpose_pairs_master_ma~_RST.APRQ_11_0692.6-266bb40c45-njdd1ipd_b02b95d4,final,1.8281,1.6653,29,1,,709.972,deck
d4ab790d3df5565b,..\2_LP\LOW_Fr_MASTER_result\local_5RL\runs_transpose_pairs_master_ma~_RST.APRQ_11_0692.6-266bb40c45-xi_3nju7_538628c1,final,1.8281,1.6653,29,1,,709.972,deck
e9f57eff68bd3f2e,..\2_LP\LOW_Fr_MASTER_result\local_5RL\runs_transpose_pairs_master_ma~_RST.APRQ_11_0692.6-4e396862e6-ozldl11l_a077a802,final,1.9582,1.743,29,1,,692.621,deck
4e92d69a4ad4614e,..\2_LP\LOW_Fr_MASTER_result\local_5RL\runs_transpose_pairs_master_ma~_RST.APRQ_11_0692.6-54f14a0787-yzhmaudb_272bf40f,final,2.0217,1.8014,29,1,,703.964,deck
4e92d69a4ad4614e,..\2_LP\LOW_Fr_MASTER_result\local_5RL\runs_transpose_pairs_master_ma~_RST.APRQ_11_0692.6-54f14a0787-zthqo7is_17874092,final,2.0217,1.8014,29,1,,703.964,deck
e146b3b5b3d92ecd,..\2_LP\LOW_Fr_MASTER_result\local_5RL\runs_transpose_pairs_master_ma~_RST.APRQ_11_0692.6-58b51edf6a-edgr1tsk_0c1d8ac9,final,1.8327,1.6624,29,1,,709.851,deck
e146b3b5b3d92ecd,..\2_LP\LOW_Fr_MASTER_result\local_5RL\runs_transpose_pairs_master_ma~_RST.APRQ_11_0692.6-58b51edf6a-f9xusq0q_66e470a6,final,1.8327,1.6624,29,1,,709.851,deck
ab01fdc42b5d4484,..\2_LP\LOW_Fr_MASTER_result\local_5RL\runs_transpose_pairs_master_ma~_RST.APRQ_11_0692.6-76f3259ccd-0rkhpkk3_0997572e,final,1.7032,1.515,29,1,,696.896,deck
83bc348229339048,..\2_LP\LOW_Fr_MASTER_result\local_5RL\runs_transpose_pairs_master_ma~_RST.APRQ_11_0692.6-b69884f888-v_wrkian_5ed450fe,final,2.3083,2.0564,26,1,,617.915,deck
fe849b0f0e9624ce,..\2_LP\LOW_Fr_MASTER_result\local_5RL\runs_transpose_pairs_master_ma~_RST.APRQ_11_0692.6-d7b3a27f0f-pndi988p_de1d5f3e,final,1.6521,1.4757,29,1,,693.808,deck
fe849b0f0e9624ce,..\2_LP\LOW_Fr_MASTER_result\local_5RL\runs_transpose_pairs_master_ma~_RST.APRQ_11_0692.6-d7b3a27f0f-yhna6fvc_b3690f67,final,1.6521,1.4757,29,1,,693.808,deck
6a3c972672f4fa94,..\2_LP\LOW_Fr_MASTER_result\local_5RL\runs_transpose_pairs_master_ma~_RST.APRQ_11_0692.6-e64aca18d1-_t1epr57_2a7a23e0,final,1.6454,1.4703,29,1,,693.883,deck
6a3c972672f4fa94,..\2_LP\LOW_Fr_MASTER_result\local_5RL\runs_transpose_pairs_master_ma~_RST.APRQ_11_0692.6-e64aca18d1-qs33ecdy_330a3879,final,1.6454,1.4703,29,1,,693.883,deck
3090b88c20c924e2,..\2_LP\LOW_Fr_MASTER_result\local_5RL\runs_transpose_pairs_master_ma~S_RST.APRQ_10_0635.8-537c456991-yoza5f2_54f672bb,final,4.5123,4.1523,27,0,above_ceiling,658.122,deck
,..\2_LP\LOW_Fr_MASTER_result\local_5RL\runs_transpose_pairs_master_ma~S_RST.APRQ_11_0688.2-490192d8cd-x42uzny_3ade18bb,no_mas_sum,,,0,0,,,
8c3aed0eb83ea794,..\2_LP\LOW_Fr_MASTER_result\local_5RL\runs_v520_b3_master_work_worke~_RST.APRQ_11_0635.1-0236d6aea4-4qitknms_cb623f06,final,1.5871,1.4278,27,1,,635.546,deck
22d116bab9c46045,..\2_LP\LOW_Fr_MASTER_result\local_5RL\runs_v520_b3_master_work_worke~_RST.APRQ_11_0635.1-121614da3a-61m7bsdh_bf1c55c4,final,1.6002,1.4425,27,1,,635.829,deck
b9e8a549c1c644ac,..\2_LP\LOW_Fr_MASTER_result\local_5RL\runs_v520_b3_master_work_worke~_RST.APRQ_11_0635.1-307ae71be4-1uz5f6td_fde2122e,final,1.5916,1.4198,27,1,,635.837,deck
d2ad521af287c0a5,..\2_LP\LOW_Fr_MASTER_result\local_5RL\runs_v520_b3_master_work_worke~_RST.APRQ_11_0635.1-4c83ed3ae9-96wu3nz4_aee57d5d,final,1.5811,1.399,27,1,,635.547,deck
7a15602a579e77c8,..\2_LP\LOW_Fr_MASTER_result\local_5RL\runs_v520_b3_master_work_worke~_RST.APRQ_11_0635.1-675601a896-sw5jbgzp_43f9bb5a,final,1.5646,1.4103,27,1,,636.288,deck
1c61b26e4d5116b0,..\2_LP\LOW_Fr_MASTER_result\local_5RL\runs_v520_b3_master_work_worke~_RST.APRQ_11_0635.1-6e5cd11002-jqx5_mb4_b3893c1f,final,1.5807,1.4233,27,1,,636.011,deck
ec682c2cb1aafeb2,..\2_LP\LOW_Fr_MASTER_result\local_5RL\runs_v520_b3_master_work_worke~_RST.APRQ_11_0635.1-88babe9883-m79ljtab_9f8e3323,final,1.5732,1.4137,27,1,,636.085,deck
b28fe8159df922ad,..\2_LP\LOW_Fr_MASTER_result\local_5RL\runs_v520_b3_master_work_worke~_RST.APRQ_11_0635.1-995b11b0e1-d_9ir3la_1f731671,final,1.5442,1.3916,27,1,,634.22,deck
4a3216509cd3480e,..\2_LP\LOW_Fr_MASTER_result\local_5RL\runs_v520_b3_master_work_worke~_RST.APRQ_11_0635.1-9f5bf01861-s817wc4a_28d0ae8d,final,1.5772,1.4189,27,1,,635.936,deck
b0ed42ec0546eab6,..\2_LP\LOW_Fr_MASTER_result\local_5RL\runs_v520_b3_master_work_worke~_RST.APRQ_11_0635.1-ac63e09e23-k8q1q9rb_8c057b9c,final,1.5549,1.4021,27,1,,635.21,deck
ee8139603269b578,..\2_LP\LOW_Fr_MASTER_result\local_5RL\runs_v520_b3_master_work_worke~_RST.APRQ_11_0635.1-b0f6c125e8-j2cv9wtf_8452eb89,final,1.573,1.4158,27,1,,636.095,deck
0af2b094a9c18471,..\2_LP\LOW_Fr_MASTER_result\local_5RL\runs_v520_b3_master_work_worke~_RST.APRQ_11_0635.1-b308c5138b-k1irgto8_c56e2a1f,final,1.6497,1.4336,27,1,,633.924,deck
15cf95e718d4c114,..\2_LP\LOW_Fr_MASTER_result\local_5RL\runs_v520_b3_master_work_worke~_RST.APRQ_11_0635.1-ca8820dd5f-bbmkn5vu_2cd0d572,final,1.5757,1.4144,27,1,,635.995,deck
ccab81c992d3804e,..\2_LP\LOW_Fr_MASTER_result\local_5RL\runs_v520_b3_master_work_worke~_RST.APRQ_11_0635.1-cbfdfd6564-odj7qy6i_e21b6058,final,1.5576,1.4045,27,1,,634.936,deck
5c20a179f091cc18,..\2_LP\LOW_Fr_MASTER_result\local_5RL\runs_v520_b3_master_work_worke~_RST.APRQ_11_0635.1-d292c9e46c-1nbnsz7g_f26bd45c,final,1.5753,1.4175,27,1,,635.871,deck
493e2916f2204e3a,..\2_LP\LOW_Fr_MASTER_result\local_5RL\runs_v520_b3_master_work_worke~_RST.APRQ_11_0635.1-d5c834220c-awxr47j2_9d3de208,final,1.5789,1.4085,27,1,,634.71,deck
f5b8ebfbab4a47dc,..\2_LP\LOW_Fr_MASTER_result\local_5RL\runs_v520_b3_master_work_worke~_RST.APRQ_11_0635.1-d64a34043e-qc5njozn_7d4e7744,final,1.5729,1.415,27,1,,635.899,deck
754f65e82d076af2,..\2_LP\LOW_Fr_MASTER_result\local_5RL\runs_v520_b3_master_work_worke~_RST.APRQ_11_0635.1-dd087e8b75-h2ylun77_ae92266b,final,1.5973,1.4391,27,1,,634.527,deck
641a3130d7ae1ff2,..\2_LP\LOW_Fr_MASTER_result\local_5RL\runs_v520_b3_master_work_worke~_RST.APRQ_11_0635.1-e33904e7b2-70cc0pjt_3fa6ac5a,final,1.7558,1.6092,27,1,,636.549,deck
3a8539afbc0c2d73,..\2_LP\LOW_Fr_MASTER_result\local_5RL\runs_v520_b3_master_work_worke~_RST.APRQ_11_0635.1-ebc79f4bdb-gbu4p6jh_e096162a,final,1.5571,1.404,27,1,,634.893,deck
645af8167aeedeb2,..\2_LP\LOW_Fr_MASTER_result\local_5RL\runs_v520_master_work_worker_0~_RST.APRQ_11_0635.1-1c1180ac40-rbn1dvl6_b1e4ae20,final,1.6222,1.4448,27,1,,634.52,deck
c4dabd48460be800,..\2_LP\LOW_Fr_MASTER_result\local_5RL\runs_v520_master_work_worker_0~_RST.APRQ_11_0635.1-290cc8092e-gcauke62_7b15bee9,final,1.5804,1.4229,27,1,,635.953,deck
406b685785e25d4b,..\2_LP\LOW_Fr_MASTER_result\local_5RL\runs_v520_master_work_worker_0~_RST.APRQ_11_0635.1-2cc34aa1d0-0ozushvc_4f81db47,final,1.5769,1.4135,27,1,,634.751,deck
e73dc7eb6bbfd6ac,..\2_LP\LOW_Fr_MASTER_result\local_5RL\runs_v520_master_work_worker_0~_RST.APRQ_11_0635.1-327e66e4eb-ujlb83ix_e7962ea0,final,1.5572,1.4041,27,1,,634.9,deck
782ed0fe9e8fc275,..\2_LP\LOW_Fr_MASTER_result\local_5RL\runs_v520_master_work_worker_0~_RST.APRQ_11_0635.1-49cb2203a5-a_77b5f3_00fe8041,final,1.5992,1.4328,27,1,,636.021,deck
12feabfd48f653d9,..\2_LP\LOW_Fr_MASTER_result\local_5RL\runs_v520_master_work_worker_0~_RST.APRQ_11_0635.1-54e363b3b1-o_9v45zw_f42897d7,final,1.6406,1.4283,27,1,,636.495,deck
aaf77fea42e4708a,..\2_LP\LOW_Fr_MASTER_result\local_5RL\runs_v520_master_work_worker_0~_RST.APRQ_11_0635.1-58f89d61a8-6wqon9hv_c8971b89,final,1.675,1.509,27,1,,633.831,deck
c0596c0f2c0bd765,..\2_LP\LOW_Fr_MASTER_result\local_5RL\runs_v520_master_work_worker_0~_RST.APRQ_11_0635.1-5a525c06db-gvwpa4gl_60731c28,final,1.5808,1.4224,27,1,,635.787,deck
dfd49484c79bce08,..\2_LP\LOW_Fr_MASTER_result\local_5RL\runs_v520_master_work_worker_0~_RST.APRQ_11_0635.1-67ff504cde-k_43h7m0_0d1261bd,final,1.5733,1.4154,27,1,,635.912,deck
f71443f6242d5531,..\2_LP\LOW_Fr_MASTER_result\local_5RL\runs_v520_master_work_worker_0~_RST.APRQ_11_0635.1-9db1f74059-2aqxwggt_b57b52e1,final,1.7023,1.5348,27,1,,635.725,deck
5eeffcb06fa20bdd,..\2_LP\LOW_Fr_MASTER_result\local_5RL\runs_v520_master_work_worker_0~_RST.APRQ_11_0635.1-a0abe865f3-n8_db2y4_f4a2abd2,final,1.5766,1.4185,27,1,,635.925,deck
c6ae8beb4f44821c,..\2_LP\LOW_Fr_MASTER_result\local_5RL\runs_v520_master_work_worker_0~_RST.APRQ_11_0635.1-a37433ad5a-vg7awe8t_c49a2d0d,final,1.5787,1.4201,27,1,,635.853,deck
e4a6fb35755f8de8,..\2_LP\LOW_Fr_MASTER_result\local_5RL\runs_v520_master_work_worker_0~_RST.APRQ_11_0635.1-ae6b10df31-00hm4fen_71aa6b78,final,1.7444,1.5742,27,1,,634.182,deck
c826b38ba6487280,..\2_LP\LOW_Fr_MASTER_result\local_5RL\runs_v520_master_work_worker_0~_RST.APRQ_11_0635.1-bb0570ef08-9z5m24ge_2d2ace84,final,1.6029,1.4465,27,1,,635.939,deck
569cc9f5bfed31a2,..\2_LP\LOW_Fr_MASTER_result\local_5RL\runs_v520_master_work_worker_0~_RST.APRQ_11_0635.1-c65ba634af-ml_3olsk_5ef6e514,final,1.6277,1.4676,27,1,,634.883,deck
e8aca4ae0c9aa596,..\2_LP\LOW_Fr_MASTER_result\local_5RL\runs_v520_master_work_worker_0~_RST.APRQ_11_0635.1-ec55051ec5-a4o6b1rh_74cb25ae,final,1.5662,1.4096,27,1,,636.404,deck
0db31dda25ca675f,..\2_LP\LOW_Fr_MASTER_result\local_5RL\runs_v520_master_work_worker_0~_RST.APRQ_11_0635.1-eeaa846c6b-ny4jncax_1cadd054,final,1.6504,1.4833,27,1,,634.178,deck
e988ea4512f91489,..\2_LP\LOW_Fr_MASTER_result\local_5RL\runs_v520_master_work_worker_0~_RST.APRQ_11_0635.1-ef2d7238dd-6f_juquq_e07519c3,final,1.5851,1.4266,27,1,,636.961,deck
15f58e2d5a7e5bce,..\2_LP\LOW_Fr_MASTER_result\local_5RL\runs_v520_master_work_worker_0~_RST.APRQ_11_0635.1-fb9d64f576-0gff9kxn_36a0b2be,final,1.6638,1.4777,27,1,,635.484,deck
bbef141b609f4d8a,..\2_LP\LOW_Fr_MASTER_result\local_5RL\runs_v520_master_work_worker_0~S_RST.APRQ_11_0635.1-181c1dcb34-4hh726g_fa6af221,final,1.5754,1.4175,27,1,,636.083,deck
