digest16,work_dir,cycle_evidence,f_xy,f_xya,n_steps,sane,reason,efpd_max
,c:\Users\USER\Desktop\CT&RPL\2_Project\KNF_LEU+ 시범연료봉 장전 인허가 과제\2026\2_계산\2_LP\LOW_Fr_MASTER_result\srv198\kit_frontier_runs_d2_produce_r~_RST.APRQ_11_0630.4-062d31ab31-e6n8_4ry_35763943,no_digest,,,0,0,,
,c:\Users\USER\Desktop\CT&RPL\2_Project\KNF_LEU+ 시범연료봉 장전 인허가 과제\2026\2_계산\2_LP\LOW_Fr_MASTER_result\srv198\kit_frontier_runs_d2_produce_r~_RST.APRQ_11_0630.4-107d98326a-7em1qc40_22c2a2b8,no_mas_sum,,,0,0,,
,c:\Users\USER\Desktop\CT&RPL\2_Project\KNF_LEU+ 시범연료봉 장전 인허가 과제\2026\2_계산\2_LP\LOW_Fr_MASTER_result\srv198\kit_frontier_runs_d2_produce_r~_RST.APRQ_11_0630.4-1afb8ae3cc-5285gr45_1c4dfacb,no_digest,,,0,0,,
,c:\Users\USER\Desktop\CT&RPL\2_Project\KNF_LEU+ 시범연료봉 장전 인허가 과제\2026\2_계산\2_LP\LOW_Fr_MASTER_result\srv198\kit_frontier_runs_d2_produce_r~_RST.APRQ_11_0630.4-22154fc2ea-xp6pxb4m_ed535e73,no_digest,,,0,0,,
,c:\Users\USER\Desktop\CT&RPL\2_Project\KNF_LEU+ 시범연료봉 장전 인허가 과제\2026\2_계산\2_LP\LOW_Fr_MASTER_result\srv198\kit_frontier_runs_d2_produce_r~_RST.APRQ_11_0630.4-45abfa4e1f-j7_7lxi3_67988057,no_digest,,,0,0,,
,c:\Users\USER\Desktop\CT&RPL\2_Project\KNF_LEU+ 시범연료봉 장전 인허가 과제\2026\2_계산\2_LP\LOW_Fr_MASTER_result\srv198\kit_frontier_runs_d2_produce_r~_RST.APRQ_11_0630.4-46846cece0-ypaqsxxi_0198c6b0,no_digest,,,0,0,,
,c:\Users\USER\Desktop\CT&RPL\2_Project\KNF_LEU+ 시범연료봉 장전 인허가 과제\2026\2_계산\2_LP\LOW_Fr_MASTER_result\srv198\kit_frontier_runs_d2_produce_r~_RST.APRQ_11_0630.4-5ab5ee7298-3_fw2b3a_902048f4,no_digest,,,0,0,,
,c:\Users\USER\Desktop\CT&RPL\2_Project\KNF_LEU+ 시범연료봉 장전 인허가 과제\2026\2_계산\2_LP\LOW_Fr_MASTER_result\srv198\kit_frontier_runs_d2_produce_r~_RST.APRQ_11_0630.4-6c20f01b8d-b2v6has9_9ba68756,no_mas_sum,,,0,0,,
,c:\Users\USER\Desktop\CT&RPL\2_Project\KNF_LEU+ 시범연료봉 장전 인허가 과제\2026\2_계산\2_LP\LOW_Fr_MASTER_result\srv198\kit_frontier_runs_d2_produce_r~_RST.APRQ_11_0630.4-8dfce17957-3v_gxcaa_3beee8c5,no_mas_sum,,,0,0,,
,c:\Users\USER\Desktop\CT&RPL\2_Project\KNF_LEU+ 시범연료봉 장전 인허가 과제\2026\2_계산\2_LP\LOW_Fr_MASTER_result\srv198\kit_frontier_runs_d2_produce_r~_RST.APRQ_11_0630.4-96321642f3-j67na7a5_94faf43b,no_mas_sum,,,0,0,,
,c:\Users\USER\Desktop\CT&RPL\2_Project\KNF_LEU+ 시범연료봉 장전 인허가 과제\2026\2_계산\2_LP\LOW_Fr_MASTER_result\srv198\kit_frontier_runs_d2_produce_r~_RST.APRQ_11_0630.4-c95f3dd5b8-4nhc5lo3_f1761b6c,no_digest,,,0,0,,
,c:\Users\USER\Desktop\CT&RPL\2_Project\KNF_LEU+ 시범연료봉 장전 인허가 과제\2026\2_계산\2_LP\LOW_Fr_MASTER_result\srv198\kit_frontier_runs_d2_produce_r~_RST.APRQ_11_0630.4-d07e4d344f-t_zae_70_c0ffd750,no_digest,,,0,0,,
,c:\Users\USER\Desktop\CT&RPL\2_Project\KNF_LEU+ 시범연료봉 장전 인허가 과제\2026\2_계산\2_LP\LOW_Fr_MASTER_result\srv198\kit_frontier_runs_d2_produce_r~_RST.APRQ_11_0630.4-dd8c1abe0b-kuzd11a1_ea9069b5,no_mas_sum,,,0,0,,
,c:\Users\USER\Desktop\CT&RPL\2_Project\KNF_LEU+ 시범연료봉 장전 인허가 과제\2026\2_계산\2_LP\LOW_Fr_MASTER_result\srv198\kit_frontier_runs_d2_produce_r~_RST.APRQ_11_0630.4-e430daefb3-m0muesnc_fbdc6f83,no_digest,,,0,0,,
,c:\Users\USER\Desktop\CT&RPL\2_Project\KNF_LEU+ 시범연료봉 장전 인허가 과제\2026\2_계산\2_LP\LOW_Fr_MASTER_result\srv198\kit_frontier_runs_d2_produce_r~_RST.APRQ_11_0630.4-e57252f3c7-2r4_d9qn_f0279fbc,no_digest,,,0,0,,
,c:\Users\USER\Desktop\CT&RPL\2_Project\KNF_LEU+ 시범연료봉 장전 인허가 과제\2026\2_계산\2_LP\LOW_Fr_MASTER_result\srv198\kit_frontier_runs_d2_produce_r~_RST.APRQ_11_0630.4-e83130dc7b-6uwtani0_b7fe092a,no_digest,,,0,0,,
,c:\Users\USER\Desktop\CT&RPL\2_Project\KNF_LEU+ 시범연료봉 장전 인허가 과제\2026\2_계산\2_LP\LOW_Fr_MASTER_result\srv198\kit_frontier_runs_d2_produce_r~_RST.APRQ_11_0630.4-f6598e687e-fz4y5l0e_effcfb51,no_digest,,,0,0,,
,c:\Users\USER\Desktop\CT&RPL\2_Project\KNF_LEU+ 시범연료봉 장전 인허가 과제\2026\2_계산\2_LP\LOW_Fr_MASTER_result\srv198\kit_frontier_runs_d2_produce_r~_RST.APRQ_11_0635.1-0ca5842755-pspv0elo_7efeb704,no_digest,,,0,0,,
,c:\Users\USER\Desktop\CT&RPL\2_Project\KNF_LEU+ 시범연료봉 장전 인허가 과제\2026\2_계산\2_LP\LOW_Fr_MASTER_result\srv198\kit_frontier_runs_d2_produce_r~_RST.APRQ_11_0635.1-1073be2522-lsr_e_08_1d89f367,no_digest,,,0,0,,
,c:\Users\USER\Desktop\CT&RPL\2_Project\KNF_LEU+ 시범연료봉 장전 인허가 과제\2026\2_계산\2_LP\LOW_Fr_MASTER_result\srv198\kit_frontier_runs_d2_produce_r~_RST.APRQ_11_0635.1-3c233923ef-_sduttem_457d0eff,no_digest,,,0,0,,
,c:\Users\USER\Desktop\CT&RPL\2_Project\KNF_LEU+ 시범연료봉 장전 인허가 과제\2026\2_계산\2_LP\LOW_Fr_MASTER_result\srv198\kit_frontier_runs_d2_produce_r~_RST.APRQ_11_0635.1-3fd12c12be-xtz9keab_429d11e3,no_digest,,,0,0,,
,c:\Users\USER\Desktop\CT&RPL\2_Project\KNF_LEU+ 시범연료봉 장전 인허가 과제\2026\2_계산\2_LP\LOW_Fr_MASTER_result\srv198\kit_frontier_runs_d2_produce_r~_RST.APRQ_11_0635.1-4f8fa58b36-mkz0sigz_3f3cfd9c,no_mas_sum,,,0,0,,
,c:\Users\USER\Desktop\CT&RPL\2_Project\KNF_LEU+ 시범연료봉 장전 인허가 과제\2026\2_계산\2_LP\LOW_Fr_MASTER_result\srv198\kit_frontier_runs_d2_produce_r~_RST.APRQ_11_0635.1-57881b0bf8-h1hf35dj_3f4f011e,no_digest,,,0,0,,
,c:\Users\USER\Desktop\CT&RPL\2_Project\KNF_LEU+ 시범연료봉 장전 인허가 과제\2026\2_계산\2_LP\LOW_Fr_MASTER_result\srv198\kit_frontier_runs_d2_produce_r~_RST.APRQ_11_0635.1-5a6012c0a3-biyzwu2l_6d1a3a2e,no_digest,,,0,0,,
,c:\Users\USER\Desktop\CT&RPL\2_Project\KNF_LEU+ 시범연료봉 장전 인허가 과제\2026\2_계산\2_LP\LOW_Fr_MASTER_result\srv198\kit_frontier_runs_d2_produce_r~_RST.APRQ_11_0635.1-60aeaade51-ky55qfvm_b9c8536d,no_mas_sum,,,0,0,,
,c:\Users\USER\Desktop\CT&RPL\2_Project\KNF_LEU+ 시범연료봉 장전 인허가 과제\2026\2_계산\2_LP\LOW_Fr_MASTER_result\srv198\kit_frontier_runs_d2_produce_r~_RST.APRQ_11_0635.1-94b2fc2026-prk1yrhb_a1206ac8,no_digest,,,0,0,,
,c:\Users\USER\Desktop\CT&RPL\2_Project\KNF_LEU+ 시범연료봉 장전 인허가 과제\2026\2_계산\2_LP\LOW_Fr_MASTER_result\srv198\kit_frontier_runs_d2_produce_r~_RST.APRQ_11_0635.1-9c6f935b6d-xcjb63ik_7a84a81f,no_mas_sum,,,0,0,,
,c:\Users\USER\Desktop\CT&RPL\2_Project\KNF_LEU+ 시범연료봉 장전 인허가 과제\2026\2_계산\2_LP\LOW_Fr_MASTER_result\srv198\kit_frontier_runs_d2_produce_r~_RST.APRQ_11_0635.1-9e86584be1-7fx82gt9_fba4f73c,no_digest,,,0,0,,
,c:\Users\USER\Desktop\CT&RPL\2_Project\KNF_LEU+ 시범연료봉 장전 인허가 과제\2026\2_계산\2_LP\LOW_Fr_MASTER_result\srv198\kit_frontier_runs_d2_produce_r~_RST.APRQ_11_0635.1-b64c1424ff-p2uuwamj_f46aaf33,no_mas_sum,,,0,0,,
,c:\Users\USER\Desktop\CT&RPL\2_Project\KNF_LEU+ 시범연료봉 장전 인허가 과제\2026\2_계산\2_LP\LOW_Fr_MASTER_result\srv198\kit_frontier_runs_d2_produce_r~_RST.APRQ_11_0635.1-cae3020288-kzfgh489_4721f1ed,no_digest,,,0,0,,
,c:\Users\USER\Desktop\CT&RPL\2_Project\KNF_LEU+ 시범연료봉 장전 인허가 과제\2026\2_계산\2_LP\LOW_Fr_MASTER_result\srv198\kit_frontier_runs_d2_produce_r~_RST.APRQ_11_0635.1-e3d53aa7a2-2qh_04lp_2a9e7550,no_digest,,,0,0,,
,c:\Users\USER\Desktop\CT&RPL\2_Project\KNF_LEU+ 시범연료봉 장전 인허가 과제\2026\2_계산\2_LP\LOW_Fr_MASTER_result\srv198\kit_frontier_runs_d2_produce_r~_RST.APRQ_11_0635.1-ee1868b979-mv78xkok_c93f0bc3,no_mas_sum,,,0,0,,
,c:\Users\USER\Desktop\CT&RPL\2_Project\KNF_LEU+ 시범연료봉 장전 인허가 과제\2026\2_계산\2_LP\LOW_Fr_MASTER_result\srv198\kit_frontier_runs_d2_produce_r~_RST.APRQ_11_0635.1-ee57c00f86-p14khn2u_b347490d,no_mas_sum,,,0,0,,
,c:\Users\USER\Desktop\CT&RPL\2_Project\KNF_LEU+ 시범연료봉 장전 인허가 과제\2026\2_계산\2_LP\LOW_Fr_MASTER_result\srv198\kit_frontier_runs_d2_produce_r~_RST.APRQ_11_0665.0-04c02a808d-jlb5teql_c69ee254,no_digest,,,0,0,,
,c:\Users\USER\Desktop\CT&RPL\2_Project\KNF_LEU+ 시범연료봉 장전 인허가 과제\2026\2_계산\2_LP\LOW_Fr_MASTER_result\srv198\kit_frontier_runs_d2_produce_r~_RST.APRQ_11_0665.0-07fb148869-cr3hj6dz_9ac32e8c,no_mas_sum,,,0,0,,
,c:\Users\USER\Desktop\CT&RPL\2_Project\KNF_LEU+ 시범연료봉 장전 인허가 과제\2026\2_계산\2_LP\LOW_Fr_MASTER_result\srv198\kit_frontier_runs_d2_produce_r~_RST.APRQ_11_0665.0-0fae096c93-2ij5bq0b_783e32d9,no_digest,,,0,0,,
,c:\Users\USER\Desktop\CT&RPL\2_Project\KNF_LEU+ 시범연료봉 장전 인허가 과제\2026\2_계산\2_LP\LOW_Fr_MASTER_result\srv198\kit_frontier_runs_d2_produce_r~_RST.APRQ_11_0665.0-172d00612f-_rg2jey9_1930a717,no_digest,,,0,0,,
,c:\Users\USER\Desktop\CT&RPL\2_Project\KNF_LEU+ 시범연료봉 장전 인허가 과제\2026\2_계산\2_LP\LOW_Fr_MASTER_result\srv198\kit_frontier_runs_d2_produce_r~_RST.APRQ_11_0665.0-1f80b182c7-00zy2ce8_e66d0de7,no_digest,,,0,0,,
,c:\Users\USER\Desktop\CT&RPL\2_Project\KNF_LEU+ 시범연료봉 장전 인허가 과제\2026\2_계산\2_LP\LOW_Fr_MASTER_result\srv198\kit_frontier_runs_d2_produce_r~_RST.APRQ_11_0665.0-2e054ba99b-_9x7rqys_ceb11c71,no_mas_sum,,,0,0,,
,c:\Users\USER\Desktop\CT&RPL\2_Project\KNF_LEU+ 시범연료봉 장전 인허가 과제\2026\2_계산\2_LP\LOW_Fr_MASTER_result\srv198\kit_frontier_runs_d2_produce_r~_RST.APRQ_11_0665.0-309cfb17de-vctj_p4x_f1541572,no_mas_sum,,,0,0,,
,c:\Users\USER\Desktop\CT&RPL\2_Project\KNF_LEU+ 시범연료봉 장전 인허가 과제\2026\2_계산\2_LP\LOW_Fr_MASTER_result\srv198\kit_frontier_runs_d2_produce_r~_RST.APRQ_11_0665.0-3e09e9a29f-3w50_f_v_fff71078,no_digest,,,0,0,,
,c:\Users\USER\Desktop\CT&RPL\2_Project\KNF_LEU+ 시범연료봉 장전 인허가 과제\2026\2_계산\2_LP\LOW_Fr_MASTER_result\srv198\kit_frontier_runs_d2_produce_r~_RST.APRQ_11_0665.0-5b46d5879d-l0_m_z5g_05e77304,no_digest,,,0,0,,
,c:\Users\USER\Desktop\CT&RPL\2_Project\KNF_LEU+ 시범연료봉 장전 인허가 과제\2026\2_계산\2_LP\LOW_Fr_MASTER_result\srv198\kit_frontier_runs_d2_produce_r~_RST.APRQ_11_0665.0-62be66e01e-f_on0i3y_c12e6a3f,no_digest,,,0,0,,
,c:\Users\USER\Desktop\CT&RPL\2_Project\KNF_LEU+ 시범연료봉 장전 인허가 과제\2026\2_계산\2_LP\LOW_Fr_MASTER_result\srv198\kit_frontier_runs_d2_produce_r~_RST.APRQ_11_0665.0-73457ed89a-jawpnz7x_77891d27,no_digest,,,0,0,,
,c:\Users\USER\Desktop\CT&RPL\2_Project\KNF_LEU+ 시범연료봉 장전 인허가 과제\2026\2_계산\2_LP\LOW_Fr_MASTER_result\srv198\kit_frontier_runs_d2_produce_r~_RST.APRQ_11_0665.0-74fde641e2-o219dipl_b45c10f6,no_digest,,,0,0,,
,c:\Users\USER\Desktop\CT&RPL\2_Project\KNF_LEU+ 시범연료봉 장전 인허가 과제\2026\2_계산\2_LP\LOW_Fr_MASTER_result\srv198\kit_frontier_runs_d2_produce_r~_RST.APRQ_11_0665.0-8d5ae9376b-8hm_59d1_e622f786,no_mas_sum,,,0,0,,
,c:\Users\USER\Desktop\CT&RPL\2_Project\KNF_LEU+ 시범연료봉 장전 인허가 과제\2026\2_계산\2_LP\LOW_Fr_MASTER_result\srv198\kit_frontier_runs_d2_produce_r~_RST.APRQ_11_0665.0-91f2de03e8-lzfdpixb_2b0e962c,no_digest,,,0,0,,
,c:\Users\USER\Desktop\CT&RPL\2_Project\KNF_LEU+ 시범연료봉 장전 인허가 과제\2026\2_계산\2_LP\LOW_Fr_MASTER_result\srv198\kit_frontier_runs_d2_produce_r~_RST.APRQ_11_0665.0-96bc14ca91-0w7z1ya5_d723a15c,no_mas_sum,,,0,0,,
,c:\Users\USER\Desktop\CT&RPL\2_Project\KNF_LEU+ 시범연료봉 장전 인허가 과제\2026\2_계산\2_LP\LOW_Fr_MASTER_result\srv198\kit_frontier_runs_d2_produce_r~_RST.APRQ_11_0665.0-996fe5739f-psa50g3n_fe04ef70,no_digest,,,0,0,,
,c:\Users\USER\Desktop\CT&RPL\2_Project\KNF_LEU+ 시범연료봉 장전 인허가 과제\2026\2_계산\2_LP\LOW_Fr_MASTER_result\srv198\kit_frontier_runs_d2_produce_r~_RST.APRQ_11_0665.0-d81aab3176-rchzlktk_1055674e,no_mas_sum,,,0,0,,
,c:\Users\USER\Desktop\CT&RPL\2_Project\KNF_LEU+ 시범연료봉 장전 인허가 과제\2026\2_계산\2_LP\LOW_Fr_MASTER_result\srv198\kit_frontier_runs_d2_produce_r~_RST.APRQ_11_0665.0-de0a04d80a-btq7r3fy_b5c950e2,no_mas_sum,,,0,0,,
,c:\Users\USER\Desktop\CT&RPL\2_Project\KNF_LEU+ 시범연료봉 장전 인허가 과제\2026\2_계산\2_LP\LOW_Fr_MASTER_result\srv198\kit_frontier_runs_d2_produce_r~_RST.APRQ_11_0665.0-e777f4f2ea-7zati96r_0c7ca94e,no_digest,,,0,0,,
,c:\Users\USER\Desktop\CT&RPL\2_Project\KNF_LEU+ 시범연료봉 장전 인허가 과제\2026\2_계산\2_LP\LOW_Fr_MASTER_result\srv198\kit_frontier_runs_d2_produce_r~_RST.APRQ_11_0692.6-05214d0010-gni2nm2v_648567ee,no_digest,,,0,0,,
,c:\Users\USER\Desktop\CT&RPL\2_Project\KNF_LEU+ 시범연료봉 장전 인허가 과제\2026\2_계산\2_LP\LOW_Fr_MASTER_result\srv198\kit_frontier_runs_d2_produce_r~_RST.APRQ_11_0692.6-11834b70d2-0b20uqgp_11da3e04,no_digest,,,0,0,,
,c:\Users\USER\Desktop\CT&RPL\2_Project\KNF_LEU+ 시범연료봉 장전 인허가 과제\2026\2_계산\2_LP\LOW_Fr_MASTER_result\srv198\kit_frontier_runs_d2_produce_r~_RST.APRQ_11_0692.6-1ceeda87bc-c2oblnhs_b68574fb,no_digest,,,0,0,,
,c:\Users\USER\Desktop\CT&RPL\2_Project\KNF_LEU+ 시범연료봉 장전 인허가 과제\2026\2_계산\2_LP\LOW_Fr_MASTER_result\srv198\kit_frontier_runs_d2_produce_r~_RST.APRQ_11_0692.6-38e3a04822-uduyxuru_9e3d4f38,no_digest,,,0,0,,
,c:\Users\USER\Desktop\CT&RPL\2_Project\KNF_LEU+ 시범연료봉 장전 인허가 과제\2026\2_계산\2_LP\LOW_Fr_MASTER_result\srv198\kit_frontier_runs_d2_produce_r~_RST.APRQ_11_0692.6-42800c6c02-imkpxbux_3d18f801,no_digest,,,0,0,,
,c:\Users\USER\Desktop\CT&RPL\2_Project\KNF_LEU+ 시범연료봉 장전 인허가 과제\2026\2_계산\2_LP\LOW_Fr_MASTER_result\srv198\kit_frontier_runs_d2_produce_r~_RST.APRQ_11_0692.6-56868120db-rijjxek7_9d3e1657,no_digest,,,0,0,,
,c:\Users\USER\Desktop\CT&RPL\2_Project\KNF_LEU+ 시범연료봉 장전 인허가 과제\2026\2_계산\2_LP\LOW_Fr_MASTER_result\srv198\kit_frontier_runs_d2_produce_r~_RST.APRQ_11_0692.6-5d727edad3-f95u4iqs_6104376d,no_mas_sum,,,0,0,,
,c:\Users\USER\Desktop\CT&RPL\2_Project\KNF_LEU+ 시범연료봉 장전 인허가 과제\2026\2_계산\2_LP\LOW_Fr_MASTER_result\srv198\kit_frontier_runs_d2_produce_r~_RST.APRQ_11_0692.6-6b5a79bb3b-lzbl3o7z_39407b36,no_digest,,,0,0,,
,c:\Users\USER\Desktop\CT&RPL\2_Project\KNF_LEU+ 시범연료봉 장전 인허가 과제\2026\2_계산\2_LP\LOW_Fr_MASTER_result\srv198\kit_frontier_runs_d2_produce_r~_RST.APRQ_11_0692.6-71ce4f2ca2-5q0ganio_ff85c8f7,no_mas_sum,,,0,0,,
,c:\Users\USER\Desktop\CT&RPL\2_Project\KNF_LEU+ 시범연료봉 장전 인허가 과제\2026\2_계산\2_LP\LOW_Fr_MASTER_result\srv198\kit_frontier_runs_d2_produce_r~_RST.APRQ_11_0692.6-a00172129f-tg_12gmq_52c301d8,no_digest,,,0,0,,
,c:\Users\USER\Desktop\CT&RPL\2_Project\KNF_LEU+ 시범연료봉 장전 인허가 과제\2026\2_계산\2_LP\LOW_Fr_MASTER_result\srv198\kit_frontier_runs_d2_produce_r~_RST.APRQ_11_0692.6-ae655917cc-zpf82u11_d7907b3d,no_digest,,,0,0,,
,c:\Users\USER\Desktop\CT&RPL\2_Project\KNF_LEU+ 시범연료봉 장전 인허가 과제\2026\2_계산\2_LP\LOW_Fr_MASTER_result\srv198\kit_frontier_runs_d2_produce_r~_RST.APRQ_11_0692.6-ec5fb9238c-82q4vkdj_7e12ec87,no_digest,,,0,0,,
,c:\Users\USER\Desktop\CT&RPL\2_Project\KNF_LEU+ 시범연료봉 장전 인허가 과제\2026\2_계산\2_LP\LOW_Fr_MASTER_result\srv198\kit_frontier_runs_d2_produce_r~_RST.APRQ_11_0692.6-ee31e63e5b-zw760j3o_cc52db16,no_digest,,,0,0,,
,c:\Users\USER\Desktop\CT&RPL\2_Project\KNF_LEU+ 시범연료봉 장전 인허가 과제\2026\2_계산\2_LP\LOW_Fr_MASTER_result\srv198\kit_frontier_runs_d2_produce_r~_RST.APRQ_11_0692.6-f5f7ff2c26-7j4x2dkg_d52b80de,no_digest,,,0,0,,
,c:\Users\USER\Desktop\CT&RPL\2_Project\KNF_LEU+ 시범연료봉 장전 인허가 과제\2026\2_계산\2_LP\LOW_Fr_MASTER_result\srv198\kit_frontier_runs_d2_produce_r~_RST.APRQ_11_0725.8-0a702e012b-4wmow3u2_7803ea39,no_digest,,,0,0,,
,c:\Users\USER\Desktop\CT&RPL\2_Project\KNF_LEU+ 시범연료봉 장전 인허가 과제\2026\2_계산\2_LP\LOW_Fr_MASTER_result\srv198\kit_frontier_runs_d2_produce_r~_RST.APRQ_11_0725.8-13b4d11da8-xxgeqv79_0b6e50eb,no_digest,,,0,0,,
,c:\Users\USER\Desktop\CT&RPL\2_Project\KNF_LEU+ 시범연료봉 장전 인허가 과제\2026\2_계산\2_LP\LOW_Fr_MASTER_result\srv198\kit_frontier_runs_d2_produce_r~_RST.APRQ_11_0725.8-1cc2430a27-bz5fj4ak_0e4e5a17,no_digest,,,0,0,,
,c:\Users\USER\Desktop\CT&RPL\2_Project\KNF_LEU+ 시범연료봉 장전 인허가 과제\2026\2_계산\2_LP\LOW_Fr_MASTER_result\srv198\kit_frontier_runs_d2_produce_r~_RST.APRQ_11_0725.8-30857c4e83-pb3sp14k_ac1dc9d7,no_digest,,,0,0,,
,c:\Users\USER\Desktop\CT&RPL\2_Project\KNF_LEU+ 시범연료봉 장전 인허가 과제\2026\2_계산\2_LP\LOW_Fr_MASTER_result\srv198\kit_frontier_runs_d2_produce_r~_RST.APRQ_11_0725.8-3948decbba-v75cif26_a919924e,no_mas_sum,,,0,0,,
,c:\Users\USER\Desktop\CT&RPL\2_Project\KNF_LEU+ 시범연료봉 장전 인허가 과제\2026\2_계산\2_LP\LOW_Fr_MASTER_result\srv198\kit_frontier_runs_d2_produce_r~_RST.APRQ_11_0725.8-3ddfe4c044-18_nuyrc_b489e760,no_digest,,,0,0,,
,c:\Users\USER\Desktop\CT&RPL\2_Project\KNF_LEU+ 시범연료봉 장전 인허가 과제\2026\2_계산\2_LP\LOW_Fr_MASTER_result\srv198\kit_frontier_runs_d2_produce_r~_RST.APRQ_11_0725.8-5ae2e2cf52-wcjlpty8_6a9e0623,no_digest,,,0,0,,
,c:\Users\USER\Desktop\CT&RPL\2_Project\KNF_LEU+ 시범연료봉 장전 인허가 과제\2026\2_계산\2_LP\LOW_Fr_MASTER_result\srv198\kit_frontier_runs_d2_produce_r~_RST.APRQ_11_0725.8-5c90b03b3f-_awk1t_d_c7acd655,no_digest,,,0,0,,
,c:\Users\USER\Desktop\CT&RPL\2_Project\KNF_LEU+ 시범연료봉 장전 인허가 과제\2026\2_계산\2_LP\LOW_Fr_MASTER_result\srv198\kit_frontier_runs_d2_produce_r~_RST.APRQ_11_0725.8-6e0f322855-6v7_gnsm_cc3fea7d,no_digest,,,0,0,,
,c:\Users\USER\Desktop\CT&RPL\2_Project\KNF_LEU+ 시범연료봉 장전 인허가 과제\2026\2_계산\2_LP\LOW_Fr_MASTER_result\srv198\kit_frontier_runs_d2_produce_r~_RST.APRQ_11_0725.8-71b51dc1fc-2uord_96_27345530,no_digest,,,0,0,,
,c:\Users\USER\Desktop\CT&RPL\2_Project\KNF_LEU+ 시범연료봉 장전 인허가 과제\2026\2_계산\2_LP\LOW_Fr_MASTER_result\srv198\kit_frontier_runs_d2_produce_r~_RST.APRQ_11_0725.8-76e1623e9b-w4mocjx7_32a8e966,no_mas_sum,,,0,0,,
,c:\Users\USER\Desktop\CT&RPL\2_Project\KNF_LEU+ 시범연료봉 장전 인허가 과제\2026\2_계산\2_LP\LOW_Fr_MASTER_result\srv198\kit_frontier_runs_d2_produce_r~_RST.APRQ_11_0725.8-b2a1ef2592-enit0f48_606b34ce,no_mas_sum,,,0,0,,
,c:\Users\USER\Desktop\CT&RPL\2_Project\KNF_LEU+ 시범연료봉 장전 인허가 과제\2026\2_계산\2_LP\LOW_Fr_MASTER_result\srv198\kit_frontier_runs_d2_produce_r~_RST.APRQ_11_0725.8-bf863cee9a-tqio10q8_dbbf653a,no_digest,,,0,0,,
,c:\Users\USER\Desktop\CT&RPL\2_Project\KNF_LEU+ 시범연료봉 장전 인허가 과제\2026\2_계산\2_LP\LOW_Fr_MASTER_result\srv198\kit_frontier_runs_d2_produce_r~_RST.APRQ_11_0725.8-c0fee0d893-_lqk_uab_513f5bb4,no_digest,,,0,0,,
,c:\Users\USER\Desktop\CT&RPL\2_Project\KNF_LEU+ 시범연료봉 장전 인허가 과제\2026\2_계산\2_LP\LOW_Fr_MASTER_result\srv198\kit_frontier_runs_d2_produce_r~_RST.APRQ_11_0725.8-df786b217b-4slqzwxe_e73e921f,no_digest,,,0,0,,
,c:\Users\USER\Desktop\CT&RPL\2_Project\KNF_LEU+ 시범연료봉 장전 인허가 과제\2026\2_계산\2_LP\LOW_Fr_MASTER_result\srv198\kit_frontier_runs_d2_produce_r~_RST.APRQ_11_0725.8-e3b729b225-yabsv1um_4a63ace4,no_mas_sum,,,0,0,,
,c:\Users\USER\Desktop\CT&RPL\2_Project\KNF_LEU+ 시범연료봉 장전 인허가 과제\2026\2_계산\2_LP\LOW_Fr_MASTER_result\srv198\kit_frontier_runs_d2_produce_r~_RST.APRQ_11_0746.3-0074aa6991-50ro_msm_1daf6a20,no_mas_sum,,,0,0,,
,c:\Users\USER\Desktop\CT&RPL\2_Project\KNF_LEU+ 시범연료봉 장전 인허가 과제\2026\2_계산\2_LP\LOW_Fr_MASTER_result\srv198\kit_frontier_runs_d2_produce_r~_RST.APRQ_11_0746.3-163fe0f9aa-d8fnttrh_3eaad6eb,no_digest,,,0,0,,
,c:\Users\USER\Desktop\CT&RPL\2_Project\KNF_LEU+ 시범연료봉 장전 인허가 과제\2026\2_계산\2_LP\LOW_Fr_MASTER_result\srv198\kit_frontier_runs_d2_produce_r~_RST.APRQ_11_0746.3-1793665691-wr_5al5c_382288ae,no_mas_sum,,,0,0,,
,c:\Users\USER\Desktop\CT&RPL\2_Project\KNF_LEU+ 시범연료봉 장전 인허가 과제\2026\2_계산\2_LP\LOW_Fr_MASTER_result\srv198\kit_frontier_runs_d2_produce_r~_RST.APRQ_11_0746.3-2fd20f38ff-v1x0scrh_d4f634c9,no_mas_sum,,,0,0,,
,c:\Users\USER\Desktop\CT&RPL\2_Project\KNF_LEU+ 시범연료봉 장전 인허가 과제\2026\2_계산\2_LP\LOW_Fr_MASTER_result\srv198\kit_frontier_runs_d2_produce_r~_RST.APRQ_11_0746.3-40045d2c31-f977pao9_bc9ce7e2,no_digest,,,0,0,,
,c:\Users\USER\Desktop\CT&RPL\2_Project\KNF_LEU+ 시범연료봉 장전 인허가 과제\2026\2_계산\2_LP\LOW_Fr_MASTER_result\srv198\kit_frontier_runs_d2_produce_r~_RST.APRQ_11_0746.3-4db5f0a6fd-xvtx75ym_a52b0b82,no_mas_sum,,,0,0,,
,c:\Users\USER\Desktop\CT&RPL\2_Project\KNF_LEU+ 시범연료봉 장전 인허가 과제\2026\2_계산\2_LP\LOW_Fr_MASTER_result\srv198\kit_frontier_runs_d2_produce_r~_RST.APRQ_11_0746.3-56a0d4c3d5-8h2dqg07_ba93275d,no_digest,,,0,0,,
,c:\Users\USER\Desktop\CT&RPL\2_Project\KNF_LEU+ 시범연료봉 장전 인허가 과제\2026\2_계산\2_LP\LOW_Fr_MASTER_result\srv198\kit_frontier_runs_d2_produce_r~_RST.APRQ_11_0746.3-7e7c742642-t4cwt_ku_91b98588,no_digest,,,0,0,,
,c:\Users\USER\Desktop\CT&RPL\2_Project\KNF_LEU+ 시범연료봉 장전 인허가 과제\2026\2_계산\2_LP\LOW_Fr_MASTER_result\srv198\kit_frontier_runs_d2_produce_r~_RST.APRQ_11_0746.3-88fbe54493-ttlmtsay_a28f6f67,no_digest,,,0,0,,
,c:\Users\USER\Desktop\CT&RPL\2_Project\KNF_LEU+ 시범연료봉 장전 인허가 과제\2026\2_계산\2_LP\LOW_Fr_MASTER_result\srv198\kit_frontier_runs_d2_produce_r~_RST.APRQ_11_0746.3-8cab3b554d-46qwrsgb_737aa573,no_digest,,,0,0,,
,c:\Users\USER\Desktop\CT&RPL\2_Project\KNF_LEU+ 시범연료봉 장전 인허가 과제\2026\2_계산\2_LP\LOW_Fr_MASTER_result\srv198\kit_frontier_runs_d2_produce_r~_RST.APRQ_11_0746.3-8e26ced807-ihd9z3fz_30725b53,no_digest,,,0,0,,
,c:\Users\USER\Desktop\CT&RPL\2_Project\KNF_LEU+ 시범연료봉 장전 인허가 과제\2026\2_계산\2_LP\LOW_Fr_MASTER_result\srv198\kit_frontier_runs_d2_produce_r~_RST.APRQ_11_0746.3-9efcf343d8-icpa6d_4_6832d325,no_digest,,,0,0,,
,c:\Users\USER\Desktop\CT&RPL\2_Project\KNF_LEU+ 시범연료봉 장전 인허가 과제\2026\2_계산\2_LP\LOW_Fr_MASTER_result\srv198\kit_frontier_runs_d2_produce_r~_RST.APRQ_11_0746.3-c1c400e3b2-4qklr8wu_19fb834d,no_digest,,,0,0,,
,c:\Users\USER\Desktop\CT&RPL\2_Project\KNF_LEU+ 시범연료봉 장전 인허가 과제\2026\2_계산\2_LP\LOW_Fr_MASTER_result\srv198\kit_frontier_runs_d2_produce_r~_RST.APRQ_11_0746.3-ed29c7d7dc-qdfhu1ko_63c33b4b,no_digest,,,0,0,,
,c:\Users\USER\Desktop\CT&RPL\2_Project\KNF_LEU+ 시범연료봉 장전 인허가 과제\2026\2_계산\2_LP\LOW_Fr_MASTER_result\srv198\kit_frontier_runs_d2_produce_r~_RST.APRQ_11_0746.3-eeaf49bcea-j24_2zqc_cb3d31d9,no_digest,,,0,0,,
,c:\Users\USER\Desktop\CT&RPL\2_Project\KNF_LEU+ 시범연료봉 장전 인허가 과제\2026\2_계산\2_LP\LOW_Fr_MASTER_result\srv198\kit_frontier_runs_d2_produce_r~_RST.APRQ_11_0746.3-f04b9d8429-2fi_y2ow_63ca6c63,no_digest,,,0,0,,
,c:\Users\USER\Desktop\CT&RPL\2_Project\KNF_LEU+ 시범연료봉 장전 인허가 과제\2026\2_계산\2_LP\LOW_Fr_MASTER_result\srv198\kit_frontier_runs_d2_produce_r~_RST.APRQ_11_0767.6-161a2185b7-_jdyed4q_1d82f0f9,no_digest,,,0,0,,
,c:\Users\USER\Desktop\CT&RPL\2_Project\KNF_LEU+ 시범연료봉 장전 인허가 과제\2026\2_계산\2_LP\LOW_Fr_MASTER_result\srv198\kit_frontier_runs_d2_produce_r~_RST.APRQ_11_0767.6-27ad215ef5-sje09f77_e45602f6,no_digest,,,0,0,,
,c:\Users\USER\Desktop\CT&RPL\2_Project\KNF_LEU+ 시범연료봉 장전 인허가 과제\2026\2_계산\2_LP\LOW_Fr_MASTER_result\srv198\kit_frontier_runs_d2_produce_r~_RST.APRQ_11_0767.6-2b2d7fda89-2ncq9aoy_a8c6e3cf,no_digest,,,0,0,,
,c:\Users\USER\Desktop\CT&RPL\2_Project\KNF_LEU+ 시범연료봉 장전 인허가 과제\2026\2_계산\2_LP\LOW_Fr_MASTER_result\srv198\kit_frontier_runs_d2_produce_r~_RST.APRQ_11_0767.6-3ccdbd200a-ypakijft_30822d7b,no_digest,,,0,0,,
,c:\Users\USER\Desktop\CT&RPL\2_Project\KNF_LEU+ 시범연료봉 장전 인허가 과제\2026\2_계산\2_LP\LOW_Fr_MASTER_result\srv198\kit_frontier_runs_d2_produce_r~_RST.APRQ_11_0767.6-7fba604a54-tc3bpfk4_97b67705,no_digest,,,0,0,,
,c:\Users\USER\Desktop\CT&RPL\2_Project\KNF_LEU+ 시범연료봉 장전 인허가 과제\2026\2_계산\2_LP\LOW_Fr_MASTER_result\srv198\kit_frontier_runs_d2_produce_r~_RST.APRQ_11_0767.6-80cd10a1e6-mzoushw3_aef87bfc,no_digest,,,0,0,,
,c:\Users\USER\Desktop\CT&RPL\2_Project\KNF_LEU+ 시범연료봉 장전 인허가 과제\2026\2_계산\2_LP\LOW_Fr_MASTER_result\srv198\kit_frontier_runs_d2_produce_r~_RST.APRQ_11_0767.6-83a5ca4345-032vln48_e4d01b9b,no_digest,,,0,0,,
,c:\Users\USER\Desktop\CT&RPL\2_Project\KNF_LEU+ 시범연료봉 장전 인허가 과제\2026\2_계산\2_LP\LOW_Fr_MASTER_result\srv198\kit_frontier_runs_d2_produce_r~_RST.APRQ_11_0767.6-88e5692b17-sfzhkqul_5364aa99,no_digest,,,0,0,,
,c:\Users\USER\Desktop\CT&RPL\2_Project\KNF_LEU+ 시범연료봉 장전 인허가 과제\2026\2_계산\2_LP\LOW_Fr_MASTER_result\srv198\kit_frontier_runs_d2_produce_r~_RST.APRQ_11_0767.6-8de421ab81-w380z7u7_d5cd3bd4,no_digest,,,0,0,,
,c:\Users\USER\Desktop\CT&RPL\2_Project\KNF_LEU+ 시범연료봉 장전 인허가 과제\2026\2_계산\2_LP\LOW_Fr_MASTER_result\srv198\kit_frontier_runs_d2_produce_r~_RST.APRQ_11_0767.6-98049ebb35-iinm4i9w_e9f9e587,no_digest,,,0,0,,
,c:\Users\USER\Desktop\CT&RPL\2_Project\KNF_LEU+ 시범연료봉 장전 인허가 과제\2026\2_계산\2_LP\LOW_Fr_MASTER_result\srv198\kit_frontier_runs_d2_produce_r~_RST.APRQ_11_0767.6-d2d8e156b3-fhcgdeb0_27579d40,no_digest,,,0,0,,
,c:\Users\USER\Desktop\CT&RPL\2_Project\KNF_LEU+ 시범연료봉 장전 인허가 과제\2026\2_계산\2_LP\LOW_Fr_MASTER_result\srv198\kit_frontier_runs_d2_produce_r~_RST.APRQ_11_0767.6-d636a57951-9mlo6q9p_375df6e3,no_digest,,,0,0,,
,c:\Users\USER\Desktop\CT&RPL\2_Project\KNF_LEU+ 시범연료봉 장전 인허가 과제\2026\2_계산\2_LP\LOW_Fr_MASTER_result\srv198\kit_frontier_runs_d2_produce_r~_RST.APRQ_11_0790.2-0a300b3c22-429hif91_b176496e,no_digest,,,0,0,,
,c:\Users\USER\Desktop\CT&RPL\2_Project\KNF_LEU+ 시범연료봉 장전 인허가 과제\2026\2_계산\2_LP\LOW_Fr_MASTER_result\srv198\kit_frontier_runs_d2_produce_r~_RST.APRQ_11_0790.2-21e24799be-vn0hrt5u_d37b17de,no_digest,,,0,0,,
,c:\Users\USER\Desktop\CT&RPL\2_Project\KNF_LEU+ 시범연료봉 장전 인허가 과제\2026\2_계산\2_LP\LOW_Fr_MASTER_result\srv198\kit_frontier_runs_d2_produce_r~_RST.APRQ_11_0790.2-34b762ad5e-jev9v9j8_ac40cce1,no_digest,,,0,0,,
,c:\Users\USER\Desktop\CT&RPL\2_Project\KNF_LEU+ 시범연료봉 장전 인허가 과제\2026\2_계산\2_LP\LOW_Fr_MASTER_result\srv198\kit_frontier_runs_d2_produce_r~_RST.APRQ_11_0790.2-35935655ee-9wjjho0f_49471464,no_digest,,,0,0,,
,c:\Users\USER\Desktop\CT&RPL\2_Project\KNF_LEU+ 시범연료봉 장전 인허가 과제\2026\2_계산\2_LP\LOW_Fr_MASTER_result\srv198\kit_frontier_runs_d2_produce_r~_RST.APRQ_11_0790.2-650fad3b8b-fdlhyo3x_18382f2e,no_digest,,,0,0,,
,c:\Users\USER\Desktop\CT&RPL\2_Project\KNF_LEU+ 시범연료봉 장전 인허가 과제\2026\2_계산\2_LP\LOW_Fr_MASTER_result\srv198\kit_frontier_runs_d2_produce_r~_RST.APRQ_11_0790.2-7f9c8d702f-0v47_62d_a816fb02,no_mas_sum,,,0,0,,
,c:\Users\USER\Desktop\CT&RPL\2_Project\KNF_LEU+ 시범연료봉 장전 인허가 과제\2026\2_계산\2_LP\LOW_Fr_MASTER_result\srv198\kit_frontier_runs_d2_produce_r~_RST.APRQ_11_0790.2-9428ef4f50-96jfchmt_07b9d1e3,no_digest,,,0,0,,
,c:\Users\USER\Desktop\CT&RPL\2_Project\KNF_LEU+ 시범연료봉 장전 인허가 과제\2026\2_계산\2_LP\LOW_Fr_MASTER_result\srv198\kit_frontier_runs_d2_produce_r~_RST.APRQ_11_0790.2-aa6bab097d-i7h44lbl_ed2694a0,no_digest,,,0,0,,
,c:\Users\USER\Desktop\CT&RPL\2_Project\KNF_LEU+ 시범연료봉 장전 인허가 과제\2026\2_계산\2_LP\LOW_Fr_MASTER_result\srv198\kit_frontier_runs_d2_produce_r~_RST.APRQ_11_0790.2-b0d06f296c-f8torzqp_d4c8cc5c,no_digest,,,0,0,,
,c:\Users\USER\Desktop\CT&RPL\2_Project\KNF_LEU+ 시범연료봉 장전 인허가 과제\2026\2_계산\2_LP\LOW_Fr_MASTER_result\srv198\kit_frontier_runs_d2_produce_r~_RST.APRQ_11_0790.2-b522a38929-_6t03bad_fe0196a7,no_digest,,,0,0,,
,c:\Users\USER\Desktop\CT&RPL\2_Project\KNF_LEU+ 시범연료봉 장전 인허가 과제\2026\2_계산\2_LP\LOW_Fr_MASTER_result\srv198\kit_frontier_runs_d2_produce_r~_RST.APRQ_11_0790.2-cd71a7b8ce-ty3hg9pe_784facfc,no_digest,,,0,0,,
,c:\Users\USER\Desktop\CT&RPL\2_Project\KNF_LEU+ 시범연료봉 장전 인허가 과제\2026\2_계산\2_LP\LOW_Fr_MASTER_result\srv198\kit_frontier_runs_d2_produce_r~_RST.APRQ_11_0790.2-db08544a26-yr1izsah_08049963,no_digest,,,0,0,,
,c:\Users\USER\Desktop\CT&RPL\2_Project\KNF_LEU+ 시범연료봉 장전 인허가 과제\2026\2_계산\2_LP\LOW_Fr_MASTER_result\srv198\kit_frontier_runs_d2_produce_r~_RST.APRQ_11_0790.2-fa7500fe22-3oeedcf7_8b43211e,no_digest,,,0,0,,
,c:\Users\USER\Desktop\CT&RPL\2_Project\KNF_LEU+ 시범연료봉 장전 인허가 과제\2026\2_계산\2_LP\LOW_Fr_MASTER_result\srv198\kit_frontier_runs_d2_produce_r~_RST.APRQ_11_0790.2-fc9ab78601-i6cpos6g_41ba988c,no_digest,,,0,0,,
,c:\Users\USER\Desktop\CT&RPL\2_Project\KNF_LEU+ 시범연료봉 장전 인허가 과제\2026\2_계산\2_LP\LOW_Fr_MASTER_result\srv198\kit_frontier_runs_d2_produce_r~S_RST.APRQ_11_0635.1-32f98fe5c4-gv_6lr9_3e3bd624,no_digest,,,0,0,,
,c:\Users\USER\Desktop\CT&RPL\2_Project\KNF_LEU+ 시범연료봉 장전 인허가 과제\2026\2_계산\2_LP\LOW_Fr_MASTER_result\srv198\kit_frontier_runs_d2_produce_r~S_RST.APRQ_11_0635.1-f2424f38f9-q9me_ul_6c4a98cb,no_digest,,,0,0,,
,c:\Users\USER\Desktop\CT&RPL\2_Project\KNF_LEU+ 시범연료봉 장전 인허가 과제\2026\2_계산\2_LP\LOW_Fr_MASTER_result\srv198\kit_frontier_runs_d2_produce_r~S_RST.APRQ_11_0725.8-a48b5853b3-z_fi8if_e12b829f,no_mas_sum,,,0,0,,
,c:\Users\USER\Desktop\CT&RPL\2_Project\KNF_LEU+ 시범연료봉 장전 인허가 과제\2026\2_계산\2_LP\LOW_Fr_MASTER_result\srv198\kit_frontier_runs_fr_transfer_~_RST.APRQ_10_0635.8-028c74dfcf-s0ottkod_876de1f5,no_digest,,,0,0,,
,c:\Users\USER\Desktop\CT&RPL\2_Project\KNF_LEU+ 시범연료봉 장전 인허가 과제\2026\2_계산\2_LP\LOW_Fr_MASTER_result\srv198\kit_frontier_runs_fr_transfer_~_RST.APRQ_10_0635.8-036868f3d9-dsnlc6iy_e0b8ecf4,no_digest,,,0,0,,
,c:\Users\USER\Desktop\CT&RPL\2_Project\KNF_LEU+ 시범연료봉 장전 인허가 과제\2026\2_계산\2_LP\LOW_Fr_MASTER_result\srv198\kit_frontier_runs_fr_transfer_~_RST.APRQ_10_0635.8-0a4a5496a5-25307cnd_0fa494e9,no_digest,,,0,0,,
,c:\Users\USER\Desktop\CT&RPL\2_Project\KNF_LEU+ 시범연료봉 장전 인허가 과제\2026\2_계산\2_LP\LOW_Fr_MASTER_result\srv198\kit_frontier_runs_fr_transfer_~_RST.APRQ_10_0635.8-0fdfbdfe11-_sebaah9_9275e2bf,no_digest,,,0,0,,
,c:\Users\USER\Desktop\CT&RPL\2_Project\KNF_LEU+ 시범연료봉 장전 인허가 과제\2026\2_계산\2_LP\LOW_Fr_MASTER_result\srv198\kit_frontier_runs_fr_transfer_~_RST.APRQ_10_0635.8-1385415373-sfz2_0lf_165b3e59,no_digest,,,0,0,,
,c:\Users\USER\Desktop\CT&RPL\2_Project\KNF_LEU+ 시범연료봉 장전 인허가 과제\2026\2_계산\2_LP\LOW_Fr_MASTER_result\srv198\kit_frontier_runs_fr_transfer_~_RST.APRQ_10_0635.8-162b1aece7-tagnvwlf_92295289,no_digest,,,0,0,,
,c:\Users\USER\Desktop\CT&RPL\2_Project\KNF_LEU+ 시범연료봉 장전 인허가 과제\2026\2_계산\2_LP\LOW_Fr_MASTER_result\srv198\kit_frontier_runs_fr_transfer_~_RST.APRQ_10_0635.8-22399fac1e-zkbsc6ng_6f8a7901,no_digest,,,0,0,,
,c:\Users\USER\Desktop\CT&RPL\2_Project\KNF_LEU+ 시범연료봉 장전 인허가 과제\2026\2_계산\2_LP\LOW_Fr_MASTER_result\srv198\kit_frontier_runs_fr_transfer_~_RST.APRQ_10_0635.8-24b7b697b0-db9ph1qa_0150736f,no_digest,,,0,0,,
,c:\Users\USER\Desktop\CT&RPL\2_Project\KNF_LEU+ 시범연료봉 장전 인허가 과제\2026\2_계산\2_LP\LOW_Fr_MASTER_result\srv198\kit_frontier_runs_fr_transfer_~_RST.APRQ_10_0635.8-268d599e85-glylh73v_24f1e516,no_digest,,,0,0,,
,c:\Users\USER\Desktop\CT&RPL\2_Project\KNF_LEU+ 시범연료봉 장전 인허가 과제\2026\2_계산\2_LP\LOW_Fr_MASTER_result\srv198\kit_frontier_runs_fr_transfer_~_RST.APRQ_10_0635.8-29cc9adf8b-f3wlexve_24dec9c1,no_digest,,,0,0,,
,c:\Users\USER\Desktop\CT&RPL\2_Project\KNF_LEU+ 시범연료봉 장전 인허가 과제\2026\2_계산\2_LP\LOW_Fr_MASTER_result\srv198\kit_frontier_runs_fr_transfer_~_RST.APRQ_10_0635.8-2acf63f7d8-9trqwcgl_051cceac,no_digest,,,0,0,,
,c:\Users\USER\Desktop\CT&RPL\2_Project\KNF_LEU+ 시범연료봉 장전 인허가 과제\2026\2_계산\2_LP\LOW_Fr_MASTER_result\srv198\kit_frontier_runs_fr_transfer_~_RST.APRQ_10_0635.8-2c62d3f37d-7ggajta1_d87c38c9,no_digest,,,0,0,,
,c:\Users\USER\Desktop\CT&RPL\2_Project\KNF_LEU+ 시범연료봉 장전 인허가 과제\2026\2_계산\2_LP\LOW_Fr_MASTER_result\srv198\kit_frontier_runs_fr_transfer_~_RST.APRQ_10_0635.8-2c8d2b09ef-5nmgd2vw_e6f293be,no_digest,,,0,0,,
,c:\Users\USER\Desktop\CT&RPL\2_Project\KNF_LEU+ 시범연료봉 장전 인허가 과제\2026\2_계산\2_LP\LOW_Fr_MASTER_result\srv198\kit_frontier_runs_fr_transfer_~_RST.APRQ_10_0635.8-2eb89342ae-8rnptiee_1effda60,no_digest,,,0,0,,
,c:\Users\USER\Desktop\CT&RPL\2_Project\KNF_LEU+ 시범연료봉 장전 인허가 과제\2026\2_계산\2_LP\LOW_Fr_MASTER_result\srv198\kit_frontier_runs_fr_transfer_~_RST.APRQ_10_0635.8-31c9affb1c-rcm7uxev_e3e54ea2,no_digest,,,0,0,,
,c:\Users\USER\Desktop\CT&RPL\2_Project\KNF_LEU+ 시범연료봉 장전 인허가 과제\2026\2_계산\2_LP\LOW_Fr_MASTER_result\srv198\kit_frontier_runs_fr_transfer_~_RST.APRQ_10_0635.8-321e7cdc82-0z11piyv_919667fa,no_digest,,,0,0,,
,c:\Users\USER\Desktop\CT&RPL\2_Project\KNF_LEU+ 시범연료봉 장전 인허가 과제\2026\2_계산\2_LP\LOW_Fr_MASTER_result\srv198\kit_frontier_runs_fr_transfer_~_RST.APRQ_10_0635.8-36a053ed69-wf4ns10a_7c6115fd,no_digest,,,0,0,,
,c:\Users\USER\Desktop\CT&RPL\2_Project\KNF_LEU+ 시범연료봉 장전 인허가 과제\2026\2_계산\2_LP\LOW_Fr_MASTER_result\srv198\kit_frontier_runs_fr_transfer_~_RST.APRQ_10_0635.8-36d4b9d959-x4afw9ho_01d2c7cf,no_digest,,,0,0,,
,c:\Users\USER\Desktop\CT&RPL\2_Project\KNF_LEU+ 시범연료봉 장전 인허가 과제\2026\2_계산\2_LP\LOW_Fr_MASTER_result\srv198\kit_frontier_runs_fr_transfer_~_RST.APRQ_10_0635.8-3df014479c-e3hahm3z_671f7541,no_digest,,,0,0,,
,c:\Users\USER\Desktop\CT&RPL\2_Project\KNF_LEU+ 시범연료봉 장전 인허가 과제\2026\2_계산\2_LP\LOW_Fr_MASTER_result\srv198\kit_frontier_runs_fr_transfer_~_RST.APRQ_10_0635.8-42c79453f6-3a_o4lnt_20f729ef,no_digest,,,0,0,,
,c:\Users\USER\Desktop\CT&RPL\2_Project\KNF_LEU+ 시범연료봉 장전 인허가 과제\2026\2_계산\2_LP\LOW_Fr_MASTER_result\srv198\kit_frontier_runs_fr_transfer_~_RST.APRQ_10_0635.8-4be5f33fe0-t6ev124b_b00e1529,no_digest,,,0,0,,
,c:\Users\USER\Desktop\CT&RPL\2_Project\KNF_LEU+ 시범연료봉 장전 인허가 과제\2026\2_계산\2_LP\LOW_Fr_MASTER_result\srv198\kit_frontier_runs_fr_transfer_~_RST.APRQ_10_0635.8-4e06a35c1a-uxgrbo55_d7d34b29,no_digest,,,0,0,,
,c:\Users\USER\Desktop\CT&RPL\2_Project\KNF_LEU+ 시범연료봉 장전 인허가 과제\2026\2_계산\2_LP\LOW_Fr_MASTER_result\srv198\kit_frontier_runs_fr_transfer_~_RST.APRQ_10_0635.8-4f625ecc08-8ebg2mnv_cc1453c9,no_digest,,,0,0,,
,c:\Users\USER\Desktop\CT&RPL\2_Project\KNF_LEU+ 시범연료봉 장전 인허가 과제\2026\2_계산\2_LP\LOW_Fr_MASTER_result\srv198\kit_frontier_runs_fr_transfer_~_RST.APRQ_10_0635.8-592661ff36-xcawr1jw_9b18cff2,no_digest,,,0,0,,
,c:\Users\USER\Desktop\CT&RPL\2_Project\KNF_LEU+ 시범연료봉 장전 인허가 과제\2026\2_계산\2_LP\LOW_Fr_MASTER_result\srv198\kit_frontier_runs_fr_transfer_~_RST.APRQ_10_0635.8-5933330936-zfjbbhro_48c84711,no_digest,,,0,0,,
,c:\Users\USER\Desktop\CT&RPL\2_Project\KNF_LEU+ 시범연료봉 장전 인허가 과제\2026\2_계산\2_LP\LOW_Fr_MASTER_result\srv198\kit_frontier_runs_fr_transfer_~_RST.APRQ_10_0635.8-5f22afce46-x6hgmbir_639dee59,no_digest,,,0,0,,
,c:\Users\USER\Desktop\CT&RPL\2_Project\KNF_LEU+ 시범연료봉 장전 인허가 과제\2026\2_계산\2_LP\LOW_Fr_MASTER_result\srv198\kit_frontier_runs_fr_transfer_~_RST.APRQ_10_0635.8-619e55b896-wuimyuz0_4faaf462,no_digest,,,0,0,,
,c:\Users\USER\Desktop\CT&RPL\2_Project\KNF_LEU+ 시범연료봉 장전 인허가 과제\2026\2_계산\2_LP\LOW_Fr_MASTER_result\srv198\kit_frontier_runs_fr_transfer_~_RST.APRQ_10_0635.8-645d82ee5e-g39fhp8g_2d37b55c,no_digest,,,0,0,,
,c:\Users\USER\Desktop\CT&RPL\2_Project\KNF_LEU+ 시범연료봉 장전 인허가 과제\2026\2_계산\2_LP\LOW_Fr_MASTER_result\srv198\kit_frontier_runs_fr_transfer_~_RST.APRQ_10_0635.8-6d8551cb6c-4gemzis6_1e3eb5fc,no_digest,,,0,0,,
,c:\Users\USER\Desktop\CT&RPL\2_Project\KNF_LEU+ 시범연료봉 장전 인허가 과제\2026\2_계산\2_LP\LOW_Fr_MASTER_result\srv198\kit_frontier_runs_fr_transfer_~_RST.APRQ_10_0635.8-6fde435f97-i9omj1iz_499d52e2,no_digest,,,0,0,,
,c:\Users\USER\Desktop\CT&RPL\2_Project\KNF_LEU+ 시범연료봉 장전 인허가 과제\2026\2_계산\2_LP\LOW_Fr_MASTER_result\srv198\kit_frontier_runs_fr_transfer_~_RST.APRQ_10_0635.8-775a4b9157-itv55n_r_fab30322,no_digest,,,0,0,,
,c:\Users\USER\Desktop\CT&RPL\2_Project\KNF_LEU+ 시범연료봉 장전 인허가 과제\2026\2_계산\2_LP\LOW_Fr_MASTER_result\srv198\kit_frontier_runs_fr_transfer_~_RST.APRQ_10_0635.8-7b5e45614f-00xvc4ef_f6daedbf,no_digest,,,0,0,,
,c:\Users\USER\Desktop\CT&RPL\2_Project\KNF_LEU+ 시범연료봉 장전 인허가 과제\2026\2_계산\2_LP\LOW_Fr_MASTER_result\srv198\kit_frontier_runs_fr_transfer_~_RST.APRQ_10_0635.8-7d2e7534ad-a9u1z8fl_232b7214,no_digest,,,0,0,,
,c:\Users\USER\Desktop\CT&RPL\2_Project\KNF_LEU+ 시범연료봉 장전 인허가 과제\2026\2_계산\2_LP\LOW_Fr_MASTER_result\srv198\kit_frontier_runs_fr_transfer_~_RST.APRQ_10_0635.8-7ee234aadd-ythhx_60_e15e6516,no_digest,,,0,0,,
,c:\Users\USER\Desktop\CT&RPL\2_Project\KNF_LEU+ 시범연료봉 장전 인허가 과제\2026\2_계산\2_LP\LOW_Fr_MASTER_result\srv198\kit_frontier_runs_fr_transfer_~_RST.APRQ_10_0635.8-86616b7e20-0k74h6ht_3784aa66,no_digest,,,0,0,,
,c:\Users\USER\Desktop\CT&RPL\2_Project\KNF_LEU+ 시범연료봉 장전 인허가 과제\2026\2_계산\2_LP\LOW_Fr_MASTER_result\srv198\kit_frontier_runs_fr_transfer_~_RST.APRQ_10_0635.8-8cfdb4bf7e-mgzoqz_c_8329df20,no_digest,,,0,0,,
,c:\Users\USER\Desktop\CT&RPL\2_Project\KNF_LEU+ 시범연료봉 장전 인허가 과제\2026\2_계산\2_LP\LOW_Fr_MASTER_result\srv198\kit_frontier_runs_fr_transfer_~_RST.APRQ_10_0635.8-93bb2f85d9-0_9tcxct_267d8341,no_digest,,,0,0,,
,c:\Users\USER\Desktop\CT&RPL\2_Project\KNF_LEU+ 시범연료봉 장전 인허가 과제\2026\2_계산\2_LP\LOW_Fr_MASTER_result\srv198\kit_frontier_runs_fr_transfer_~_RST.APRQ_10_0635.8-968f831eb9-inzjoc0s_9630d452,no_digest,,,0,0,,
,c:\Users\USER\Desktop\CT&RPL\2_Project\KNF_LEU+ 시범연료봉 장전 인허가 과제\2026\2_계산\2_LP\LOW_Fr_MASTER_result\srv198\kit_frontier_runs_fr_transfer_~_RST.APRQ_10_0635.8-97939cd8a4-f17osspp_1cce2331,no_digest,,,0,0,,
,c:\Users\USER\Desktop\CT&RPL\2_Project\KNF_LEU+ 시범연료봉 장전 인허가 과제\2026\2_계산\2_LP\LOW_Fr_MASTER_result\srv198\kit_frontier_runs_fr_transfer_~_RST.APRQ_10_0635.8-98b1922160-l1vqbux0_26f3debf,no_digest,,,0,0,,
,c:\Users\USER\Desktop\CT&RPL\2_Project\KNF_LEU+ 시범연료봉 장전 인허가 과제\2026\2_계산\2_LP\LOW_Fr_MASTER_result\srv198\kit_frontier_runs_fr_transfer_~_RST.APRQ_10_0635.8-9c59f53637-10p73vo9_acacd7a5,no_digest,,,0,0,,
,c:\Users\USER\Desktop\CT&RPL\2_Project\KNF_LEU+ 시범연료봉 장전 인허가 과제\2026\2_계산\2_LP\LOW_Fr_MASTER_result\srv198\kit_frontier_runs_fr_transfer_~_RST.APRQ_10_0635.8-a259a74c44-aga39fgg_f566d2b1,no_digest,,,0,0,,
,c:\Users\USER\Desktop\CT&RPL\2_Project\KNF_LEU+ 시범연료봉 장전 인허가 과제\2026\2_계산\2_LP\LOW_Fr_MASTER_result\srv198\kit_frontier_runs_fr_transfer_~_RST.APRQ_10_0635.8-a2a49c191e-6dsimugn_d9a413a3,no_digest,,,0,0,,
,c:\Users\USER\Desktop\CT&RPL\2_Project\KNF_LEU+ 시범연료봉 장전 인허가 과제\2026\2_계산\2_LP\LOW_Fr_MASTER_result\srv198\kit_frontier_runs_fr_transfer_~_RST.APRQ_10_0635.8-a7a206cdc8-e5j82_84_10487269,no_digest,,,0,0,,
,c:\Users\USER\Desktop\CT&RPL\2_Project\KNF_LEU+ 시범연료봉 장전 인허가 과제\2026\2_계산\2_LP\LOW_Fr_MASTER_result\srv198\kit_frontier_runs_fr_transfer_~_RST.APRQ_10_0635.8-abcb79c622-saxuchtw_a36c768e,no_digest,,,0,0,,
,c:\Users\USER\Desktop\CT&RPL\2_Project\KNF_LEU+ 시범연료봉 장전 인허가 과제\2026\2_계산\2_LP\LOW_Fr_MASTER_result\srv198\kit_frontier_runs_fr_transfer_~_RST.APRQ_10_0635.8-ae742356ec-zl6m6scf_5d361204,no_digest,,,0,0,,
,c:\Users\USER\Desktop\CT&RPL\2_Project\KNF_LEU+ 시범연료봉 장전 인허가 과제\2026\2_계산\2_LP\LOW_Fr_MASTER_result\srv198\kit_frontier_runs_fr_transfer_~_RST.APRQ_10_0635.8-b9fb634cf9-yioutc09_27e06cb4,no_digest,,,0,0,,
,c:\Users\USER\Desktop\CT&RPL\2_Project\KNF_LEU+ 시범연료봉 장전 인허가 과제\2026\2_계산\2_LP\LOW_Fr_MASTER_result\srv198\kit_frontier_runs_fr_transfer_~_RST.APRQ_10_0635.8-bd5d620127-fgfbwemj_65b4bf54,no_digest,,,0,0,,
,c:\Users\USER\Desktop\CT&RPL\2_Project\KNF_LEU+ 시범연료봉 장전 인허가 과제\2026\2_계산\2_LP\LOW_Fr_MASTER_result\srv198\kit_frontier_runs_fr_transfer_~_RST.APRQ_10_0635.8-c139709d9b-vz3rcwe9_7a5e9d2b,no_digest,,,0,0,,
,c:\Users\USER\Desktop\CT&RPL\2_Project\KNF_LEU+ 시범연료봉 장전 인허가 과제\2026\2_계산\2_LP\LOW_Fr_MASTER_result\srv198\kit_frontier_runs_fr_transfer_~_RST.APRQ_10_0635.8-c7e7923d43-ffikwzqk_e2db2581,no_digest,,,0,0,,
,c:\Users\USER\Desktop\CT&RPL\2_Project\KNF_LEU+ 시범연료봉 장전 인허가 과제\2026\2_계산\2_LP\LOW_Fr_MASTER_result\srv198\kit_frontier_runs_fr_transfer_~_RST.APRQ_10_0635.8-c8633ac67d-1svsm5c5_a6d231bb,no_digest,,,0,0,,
,c:\Users\USER\Desktop\CT&RPL\2_Project\KNF_LEU+ 시범연료봉 장전 인허가 과제\2026\2_계산\2_LP\LOW_Fr_MASTER_result\srv198\kit_frontier_runs_fr_transfer_~_RST.APRQ_10_0635.8-cf3d502956-csxg502e_945ff6f3,no_digest,,,0,0,,
,c:\Users\USER\Desktop\CT&RPL\2_Project\KNF_LEU+ 시범연료봉 장전 인허가 과제\2026\2_계산\2_LP\LOW_Fr_MASTER_result\srv198\kit_frontier_runs_fr_transfer_~_RST.APRQ_10_0635.8-d22eac69bc-1ytzyiwn_2d828ea4,no_digest,,,0,0,,
,c:\Users\USER\Desktop\CT&RPL\2_Project\KNF_LEU+ 시범연료봉 장전 인허가 과제\2026\2_계산\2_LP\LOW_Fr_MASTER_result\srv198\kit_frontier_runs_fr_transfer_~_RST.APRQ_10_0635.8-d6f19c9bc2-ko253e5j_c088c1cc,no_digest,,,0,0,,
,c:\Users\USER\Desktop\CT&RPL\2_Project\KNF_LEU+ 시범연료봉 장전 인허가 과제\2026\2_계산\2_LP\LOW_Fr_MASTER_result\srv198\kit_frontier_runs_fr_transfer_~_RST.APRQ_10_0635.8-dd51b7d5e3-5lsietuv_7a97e49f,no_digest,,,0,0,,
,c:\Users\USER\Desktop\CT&RPL\2_Project\KNF_LEU+ 시범연료봉 장전 인허가 과제\2026\2_계산\2_LP\LOW_Fr_MASTER_result\srv198\kit_frontier_runs_fr_transfer_~_RST.APRQ_10_0635.8-de71813678-gk2zbkt4_1abb9d02,no_digest,,,0,0,,
,c:\Users\USER\Desktop\CT&RPL\2_Project\KNF_LEU+ 시범연료봉 장전 인허가 과제\2026\2_계산\2_LP\LOW_Fr_MASTER_result\srv198\kit_frontier_runs_fr_transfer_~_RST.APRQ_10_0635.8-e3489a7e21-zpg68zq1_6cdd5ca9,no_digest,,,0,0,,
,c:\Users\USER\Desktop\CT&RPL\2_Project\KNF_LEU+ 시범연료봉 장전 인허가 과제\2026\2_계산\2_LP\LOW_Fr_MASTER_result\srv198\kit_frontier_runs_fr_transfer_~_RST.APRQ_10_0635.8-e9f30f246f-smyepu2l_a72db5be,no_digest,,,0,0,,
,c:\Users\USER\Desktop\CT&RPL\2_Project\KNF_LEU+ 시범연료봉 장전 인허가 과제\2026\2_계산\2_LP\LOW_Fr_MASTER_result\srv198\kit_frontier_runs_fr_transfer_~_RST.APRQ_10_0635.8-ebcfa42568-_wtpuaj8_7a6a3320,no_digest,,,0,0,,
,c:\Users\USER\Desktop\CT&RPL\2_Project\KNF_LEU+ 시범연료봉 장전 인허가 과제\2026\2_계산\2_LP\LOW_Fr_MASTER_result\srv198\kit_frontier_runs_fr_transfer_~_RST.APRQ_10_0635.8-f1137aa845-6khqqy2h_4323e182,no_digest,,,0,0,,
,c:\Users\USER\Desktop\CT&RPL\2_Project\KNF_LEU+ 시범연료봉 장전 인허가 과제\2026\2_계산\2_LP\LOW_Fr_MASTER_result\srv198\kit_frontier_runs_fr_transfer_~_RST.APRQ_10_0635.8-f700e72bd2-nzfawk2z_0bce7f6d,no_digest,,,0,0,,
,c:\Users\USER\Desktop\CT&RPL\2_Project\KNF_LEU+ 시범연료봉 장전 인허가 과제\2026\2_계산\2_LP\LOW_Fr_MASTER_result\srv198\kit_frontier_runs_fr_transfer_~_RST.APRQ_10_0635.8-fc1e4cda4a-n71uktdh_3f55ad1c,no_digest,,,0,0,,
,c:\Users\USER\Desktop\CT&RPL\2_Project\KNF_LEU+ 시범연료봉 장전 인허가 과제\2026\2_계산\2_LP\LOW_Fr_MASTER_result\srv198\kit_frontier_runs_fr_transfer_~_RST.APRQ_10_0635.8-fe94cc741e-tm38a8fb_3529e221,no_digest,,,0,0,,
,c:\Users\USER\Desktop\CT&RPL\2_Project\KNF_LEU+ 시범연료봉 장전 인허가 과제\2026\2_계산\2_LP\LOW_Fr_MASTER_result\srv198\kit_frontier_runs_fr_transfer_~_RST.APRQ_11_0637.5-1d24df67fe-05pre5x4_e7c4edf8,no_digest,,,0,0,,
,c:\Users\USER\Desktop\CT&RPL\2_Project\KNF_LEU+ 시범연료봉 장전 인허가 과제\2026\2_계산\2_LP\LOW_Fr_MASTER_result\srv198\kit_frontier_runs_fr_transfer_~_RST.APRQ_11_0637.5-20f74dfddc-nlf4yxub_51dd964c,no_digest,,,0,0,,
,c:\Users\USER\Desktop\CT&RPL\2_Project\KNF_LEU+ 시범연료봉 장전 인허가 과제\2026\2_계산\2_LP\LOW_Fr_MASTER_result\srv198\kit_frontier_runs_fr_transfer_~_RST.APRQ_11_0637.5-273bf67287-huzmxnke_4e3c4aa9,no_digest,,,0,0,,
,c:\Users\USER\Desktop\CT&RPL\2_Project\KNF_LEU+ 시범연료봉 장전 인허가 과제\2026\2_계산\2_LP\LOW_Fr_MASTER_result\srv198\kit_frontier_runs_fr_transfer_~_RST.APRQ_11_0637.5-34495210e6-d8ce3n1p_ddaa02e6,no_digest,,,0,0,,
,c:\Users\USER\Desktop\CT&RPL\2_Project\KNF_LEU+ 시범연료봉 장전 인허가 과제\2026\2_계산\2_LP\LOW_Fr_MASTER_result\srv198\kit_frontier_runs_fr_transfer_~_RST.APRQ_11_0637.5-4a45985975-nx71srb3_84bd965b,no_digest,,,0,0,,
,c:\Users\USER\Desktop\CT&RPL\2_Project\KNF_LEU+ 시범연료봉 장전 인허가 과제\2026\2_계산\2_LP\LOW_Fr_MASTER_result\srv198\kit_frontier_runs_fr_transfer_~_RST.APRQ_11_0637.5-510e10d067-owg7_zpu_f38af9d5,no_digest,,,0,0,,
,c:\Users\USER\Desktop\CT&RPL\2_Project\KNF_LEU+ 시범연료봉 장전 인허가 과제\2026\2_계산\2_LP\LOW_Fr_MASTER_result\srv198\kit_frontier_runs_fr_transfer_~_RST.APRQ_11_0637.5-557c02ef83-hj2swt_c_d5f1341d,no_digest,,,0,0,,
,c:\Users\USER\Desktop\CT&RPL\2_Project\KNF_LEU+ 시범연료봉 장전 인허가 과제\2026\2_계산\2_LP\LOW_Fr_MASTER_result\srv198\kit_frontier_runs_fr_transfer_~_RST.APRQ_11_0637.5-68af30228e-9drqxn8z_32cad70f,no_digest,,,0,0,,
,c:\Users\USER\Desktop\CT&RPL\2_Project\KNF_LEU+ 시범연료봉 장전 인허가 과제\2026\2_계산\2_LP\LOW_Fr_MASTER_result\srv198\kit_frontier_runs_fr_transfer_~_RST.APRQ_11_0637.5-7215434dc7-kjh4zmhb_37509445,no_digest,,,0,0,,
,c:\Users\USER\Desktop\CT&RPL\2_Project\KNF_LEU+ 시범연료봉 장전 인허가 과제\2026\2_계산\2_LP\LOW_Fr_MASTER_result\srv198\kit_frontier_runs_fr_transfer_~_RST.APRQ_11_0637.5-7e6381792b-zi2n1c_4_76de0625,no_digest,,,0,0,,
,c:\Users\USER\Desktop\CT&RPL\2_Project\KNF_LEU+ 시범연료봉 장전 인허가 과제\2026\2_계산\2_LP\LOW_Fr_MASTER_result\srv198\kit_frontier_runs_fr_transfer_~_RST.APRQ_11_0637.5-8097c90dac-nttik0_j_8769dabe,no_digest,,,0,0,,
,c:\Users\USER\Desktop\CT&RPL\2_Project\KNF_LEU+ 시범연료봉 장전 인허가 과제\2026\2_계산\2_LP\LOW_Fr_MASTER_result\srv198\kit_frontier_runs_fr_transfer_~_RST.APRQ_11_0637.5-a2f04a8cd7-hhg23xmn_578b80f9,no_digest,,,0,0,,
,c:\Users\USER\Desktop\CT&RPL\2_Project\KNF_LEU+ 시범연료봉 장전 인허가 과제\2026\2_계산\2_LP\LOW_Fr_MASTER_result\srv198\kit_frontier_runs_fr_transfer_~_RST.APRQ_11_0637.5-bb7c3c1145-9pi5heg4_4ee806ff,no_digest,,,0,0,,
,c:\Users\USER\Desktop\CT&RPL\2_Project\KNF_LEU+ 시범연료봉 장전 인허가 과제\2026\2_계산\2_LP\LOW_Fr_MASTER_result\srv198\kit_frontier_runs_fr_transfer_~_RST.APRQ_11_0637.5-c9bb816c48-zs93zrfb_c4617b4a,no_digest,,,0,0,,
,c:\Users\USER\Desktop\CT&RPL\2_Project\KNF_LEU+ 시범연료봉 장전 인허가 과제\2026\2_계산\2_LP\LOW_Fr_MASTER_result\srv198\kit_frontier_runs_fr_transfer_~_RST.APRQ_11_0637.5-cc5f9ac870-jgakage6_24411e3d,no_digest,,,0,0,,
,c:\Users\USER\Desktop\CT&RPL\2_Project\KNF_LEU+ 시범연료봉 장전 인허가 과제\2026\2_계산\2_LP\LOW_Fr_MASTER_result\srv198\kit_frontier_runs_fr_transfer_~_RST.APRQ_11_0637.5-cfa63d30fc-kfhgo2x0_9fc095bf,no_digest,,,0,0,,
,c:\Users\USER\Desktop\CT&RPL\2_Project\KNF_LEU+ 시범연료봉 장전 인허가 과제\2026\2_계산\2_LP\LOW_Fr_MASTER_result\srv198\kit_frontier_runs_fr_transfer_~_RST.APRQ_11_0637.5-e6decfd23f-a9n7t001_bf25cf02,no_digest,,,0,0,,
,c:\Users\USER\Desktop\CT&RPL\2_Project\KNF_LEU+ 시범연료봉 장전 인허가 과제\2026\2_계산\2_LP\LOW_Fr_MASTER_result\srv198\kit_frontier_runs_fr_transfer_~_RST.APRQ_11_0637.5-eec952e653-353bvizw_7789d8ad,no_digest,,,0,0,,
,c:\Users\USER\Desktop\CT&RPL\2_Project\KNF_LEU+ 시범연료봉 장전 인허가 과제\2026\2_계산\2_LP\LOW_Fr_MASTER_result\srv198\kit_frontier_runs_fr_transfer_~_RST.APRQ_11_0637.5-eefd68a4e0-8jh_ys_4_399795bb,no_digest,,,0,0,,
,c:\Users\USER\Desktop\CT&RPL\2_Project\KNF_LEU+ 시범연료봉 장전 인허가 과제\2026\2_계산\2_LP\LOW_Fr_MASTER_result\srv198\kit_frontier_runs_fr_transfer_~_RST.APRQ_11_0637.5-f1839a5fc2-3_bahjbb_d4861f21,no_digest,,,0,0,,
,c:\Users\USER\Desktop\CT&RPL\2_Project\KNF_LEU+ 시범연료봉 장전 인허가 과제\2026\2_계산\2_LP\LOW_Fr_MASTER_result\srv198\kit_frontier_runs_fr_transfer_~_RST.APRQ_11_0637.5-f272521f2e-29mqnk32_e86d5639,no_digest,,,0,0,,
,c:\Users\USER\Desktop\CT&RPL\2_Project\KNF_LEU+ 시범연료봉 장전 인허가 과제\2026\2_계산\2_LP\LOW_Fr_MASTER_result\srv198\kit_frontier_runs_fr_transfer_~_RST.APRQ_11_0645.6-047e989750-dixw4973_2257296d,no_digest,,,0,0,,
,c:\Users\USER\Desktop\CT&RPL\2_Project\KNF_LEU+ 시범연료봉 장전 인허가 과제\2026\2_계산\2_LP\LOW_Fr_MASTER_result\srv198\kit_frontier_runs_fr_transfer_~_RST.APRQ_11_0645.6-10820ad875-xiw6oyud_75a2c240,no_digest,,,0,0,,
,c:\Users\USER\Desktop\CT&RPL\2_Project\KNF_LEU+ 시범연료봉 장전 인허가 과제\2026\2_계산\2_LP\LOW_Fr_MASTER_result\srv198\kit_frontier_runs_fr_transfer_~_RST.APRQ_11_0645.6-19afb22aa8-ons1qdvi_39c860f0,no_digest,,,0,0,,
,c:\Users\USER\Desktop\CT&RPL\2_Project\KNF_LEU+ 시범연료봉 장전 인허가 과제\2026\2_계산\2_LP\LOW_Fr_MASTER_result\srv198\kit_frontier_runs_fr_transfer_~_RST.APRQ_11_0645.6-31cc9808a3-tdh8caoa_66801a97,no_digest,,,0,0,,
,c:\Users\USER\Desktop\CT&RPL\2_Project\KNF_LEU+ 시범연료봉 장전 인허가 과제\2026\2_계산\2_LP\LOW_Fr_MASTER_result\srv198\kit_frontier_runs_fr_transfer_~_RST.APRQ_11_0645.6-39ed09af08-ll9zpgw1_4ee98af9,no_digest,,,0,0,,
,c:\Users\USER\Desktop\CT&RPL\2_Project\KNF_LEU+ 시범연료봉 장전 인허가 과제\2026\2_계산\2_LP\LOW_Fr_MASTER_result\srv198\kit_frontier_runs_fr_transfer_~_RST.APRQ_11_0645.6-44a6de872d-c6dllbxy_49ae3ffe,no_digest,,,0,0,,
,c:\Users\USER\Desktop\CT&RPL\2_Project\KNF_LEU+ 시범연료봉 장전 인허가 과제\2026\2_계산\2_LP\LOW_Fr_MASTER_result\srv198\kit_frontier_runs_fr_transfer_~_RST.APRQ_11_0645.6-4609fce638-qo4ebna5_cfaa0092,no_digest,,,0,0,,
,c:\Users\USER\Desktop\CT&RPL\2_Project\KNF_LEU+ 시범연료봉 장전 인허가 과제\2026\2_계산\2_LP\LOW_Fr_MASTER_result\srv198\kit_frontier_runs_fr_transfer_~_RST.APRQ_11_0645.6-4d93037dc4-89ci53am_9d5a34a0,no_digest,,,0,0,,
,c:\Users\USER\Desktop\CT&RPL\2_Project\KNF_LEU+ 시범연료봉 장전 인허가 과제\2026\2_계산\2_LP\LOW_Fr_MASTER_result\srv198\kit_frontier_runs_fr_transfer_~_RST.APRQ_11_0645.6-57761bcb41-a_i8g9_6_5ff42220,no_digest,,,0,0,,
,c:\Users\USER\Desktop\CT&RPL\2_Project\KNF_LEU+ 시범연료봉 장전 인허가 과제\2026\2_계산\2_LP\LOW_Fr_MASTER_result\srv198\kit_frontier_runs_fr_transfer_~_RST.APRQ_11_0645.6-57799150ad-h9ec5pyn_ffc5f495,no_digest,,,0,0,,
,c:\Users\USER\Desktop\CT&RPL\2_Project\KNF_LEU+ 시범연료봉 장전 인허가 과제\2026\2_계산\2_LP\LOW_Fr_MASTER_result\srv198\kit_frontier_runs_fr_transfer_~_RST.APRQ_11_0645.6-5ab2c344b1-tviy65hm_2e3a3718,no_digest,,,0,0,,
,c:\Users\USER\Desktop\CT&RPL\2_Project\KNF_LEU+ 시범연료봉 장전 인허가 과제\2026\2_계산\2_LP\LOW_Fr_MASTER_result\srv198\kit_frontier_runs_fr_transfer_~_RST.APRQ_11_0645.6-5c1b7efa87-9_z3ncxd_cbbccafc,no_digest,,,0,0,,
,c:\Users\USER\Desktop\CT&RPL\2_Project\KNF_LEU+ 시범연료봉 장전 인허가 과제\2026\2_계산\2_LP\LOW_Fr_MASTER_result\srv198\kit_frontier_runs_fr_transfer_~_RST.APRQ_11_0645.6-6cdc1ace21-8r9fg2td_6ab4c73b,no_digest,,,0,0,,
,c:\Users\USER\Desktop\CT&RPL\2_Project\KNF_LEU+ 시범연료봉 장전 인허가 과제\2026\2_계산\2_LP\LOW_Fr_MASTER_result\srv198\kit_frontier_runs_fr_transfer_~_RST.APRQ_11_0645.6-6dc8389181-pcndsqqf_f5c09c89,no_digest,,,0,0,,
,c:\Users\USER\Desktop\CT&RPL\2_Project\KNF_LEU+ 시범연료봉 장전 인허가 과제\2026\2_계산\2_LP\LOW_Fr_MASTER_result\srv198\kit_frontier_runs_fr_transfer_~_RST.APRQ_11_0645.6-6e877e19e3-9pnkys7x_d2742b02,no_digest,,,0,0,,
,c:\Users\USER\Desktop\CT&RPL\2_Project\KNF_LEU+ 시범연료봉 장전 인허가 과제\2026\2_계산\2_LP\LOW_Fr_MASTER_result\srv198\kit_frontier_runs_fr_transfer_~_RST.APRQ_11_0645.6-728824776c-hwk_7wj9_f0d41c22,no_digest,,,0,0,,
,c:\Users\USER\Desktop\CT&RPL\2_Project\KNF_LEU+ 시범연료봉 장전 인허가 과제\2026\2_계산\2_LP\LOW_Fr_MASTER_result\srv198\kit_frontier_runs_fr_transfer_~_RST.APRQ_11_0645.6-771f04e9c9-qhd64r85_41e21af9,no_digest,,,0,0,,
,c:\Users\USER\Desktop\CT&RPL\2_Project\KNF_LEU+ 시범연료봉 장전 인허가 과제\2026\2_계산\2_LP\LOW_Fr_MASTER_result\srv198\kit_frontier_runs_fr_transfer_~_RST.APRQ_11_0645.6-845fefb63a-zq12afxf_26c0e874,no_digest,,,0,0,,
,c:\Users\USER\Desktop\CT&RPL\2_Project\KNF_LEU+ 시범연료봉 장전 인허가 과제\2026\2_계산\2_LP\LOW_Fr_MASTER_result\srv198\kit_frontier_runs_fr_transfer_~_RST.APRQ_11_0645.6-966e769c0c-meffxw1g_cf967ec7,no_digest,,,0,0,,
,c:\Users\USER\Desktop\CT&RPL\2_Project\KNF_LEU+ 시범연료봉 장전 인허가 과제\2026\2_계산\2_LP\LOW_Fr_MASTER_result\srv198\kit_frontier_runs_fr_transfer_~_RST.APRQ_11_0645.6-984cfc8de1-m69z_d3o_c8d51890,no_digest,,,0,0,,
,c:\Users\USER\Desktop\CT&RPL\2_Project\KNF_LEU+ 시범연료봉 장전 인허가 과제\2026\2_계산\2_LP\LOW_Fr_MASTER_result\srv198\kit_frontier_runs_fr_transfer_~_RST.APRQ_11_0645.6-99eb23eb86-53hb6j1h_6ade0b27,no_digest,,,0,0,,
,c:\Users\USER\Desktop\CT&RPL\2_Project\KNF_LEU+ 시범연료봉 장전 인허가 과제\2026\2_계산\2_LP\LOW_Fr_MASTER_result\srv198\kit_frontier_runs_fr_transfer_~_RST.APRQ_11_0645.6-a0dddd3e52-wx87wfyz_16b3acc5,no_digest,,,0,0,,
,c:\Users\USER\Desktop\CT&RPL\2_Project\KNF_LEU+ 시범연료봉 장전 인허가 과제\2026\2_계산\2_LP\LOW_Fr_MASTER_result\srv198\kit_frontier_runs_fr_transfer_~_RST.APRQ_11_0645.6-a6a9c8255a-9lxuu5y3_3c7854da,no_digest,,,0,0,,
,c:\Users\USER\Desktop\CT&RPL\2_Project\KNF_LEU+ 시범연료봉 장전 인허가 과제\2026\2_계산\2_LP\LOW_Fr_MASTER_result\srv198\kit_frontier_runs_fr_transfer_~_RST.APRQ_11_0645.6-ab7606756f-lt3ilkpa_29e9c2a3,no_digest,,,0,0,,
,c:\Users\USER\Desktop\CT&RPL\2_Project\KNF_LEU+ 시범연료봉 장전 인허가 과제\2026\2_계산\2_LP\LOW_Fr_MASTER_result\srv198\kit_frontier_runs_fr_transfer_~_RST.APRQ_11_0645.6-c0a032e620-37g3oemr_acc5d4f7,no_digest,,,0,0,,
,c:\Users\USER\Desktop\CT&RPL\2_Project\KNF_LEU+ 시범연료봉 장전 인허가 과제\2026\2_계산\2_LP\LOW_Fr_MASTER_result\srv198\kit_frontier_runs_fr_transfer_~_RST.APRQ_11_0645.6-c5ccd08437-yecj41k0_e2f15afc,no_digest,,,0,0,,
,c:\Users\USER\Desktop\CT&RPL\2_Project\KNF_LEU+ 시범연료봉 장전 인허가 과제\2026\2_계산\2_LP\LOW_Fr_MASTER_result\srv198\kit_frontier_runs_fr_transfer_~_RST.APRQ_11_0645.6-cd1a77c493-bcw86juc_43103a62,no_digest,,,0,0,,
,c:\Users\USER\Desktop\CT&RPL\2_Project\KNF_LEU+ 시범연료봉 장전 인허가 과제\2026\2_계산\2_LP\LOW_Fr_MASTER_result\srv198\kit_frontier_runs_fr_transfer_~_RST.APRQ_11_0645.6-de87f6b56e-9r2win7p_70fc1ca1,no_digest,,,0,0,,
,c:\Users\USER\Desktop\CT&RPL\2_Project\KNF_LEU+ 시범연료봉 장전 인허가 과제\2026\2_계산\2_LP\LOW_Fr_MASTER_result\srv198\kit_frontier_runs_fr_transfer_~_RST.APRQ_11_0645.6-e83cb9e784-qcyn_o7d_d9c80dcd,no_digest,,,0,0,,
,c:\Users\USER\Desktop\CT&RPL\2_Project\KNF_LEU+ 시범연료봉 장전 인허가 과제\2026\2_계산\2_LP\LOW_Fr_MASTER_result\srv198\kit_frontier_runs_fr_transfer_~_RST.APRQ_11_0645.6-fa0bea2d4f-vixjkj8j_20cea259,no_digest,,,0,0,,
,c:\Users\USER\Desktop\CT&RPL\2_Project\KNF_LEU+ 시범연료봉 장전 인허가 과제\2026\2_계산\2_LP\LOW_Fr_MASTER_result\srv198\kit_frontier_runs_fr_transfer_~AS_RST.APRQ_10_0635.8-9d1a9246b1-gsh5rx_5ef28d60,no_digest,,,0,0,,
,c:\Users\USER\Desktop\CT&RPL\2_Project\KNF_LEU+ 시범연료봉 장전 인허가 과제\2026\2_계산\2_LP\LOW_Fr_MASTER_result\srv198\kit_frontier_runs_fr_transfer_~S_RST.APRQ_10_0635.8-a265a2a05a-7b9y6nv_fe4f66f4,no_digest,,,0,0,,
,c:\Users\USER\Desktop\CT&RPL\2_Project\KNF_LEU+ 시범연료봉 장전 인허가 과제\2026\2_계산\2_LP\LOW_Fr_MASTER_result\srv198\kit_frontier_runs_fr_transfer_~S_RST.APRQ_11_0637.5-56a629bacf-ur2v3w9_999768c2,no_digest,,,0,0,,
,c:\Users\USER\Desktop\CT&RPL\2_Project\KNF_LEU+ 시범연료봉 장전 인허가 과제\2026\2_계산\2_LP\LOW_Fr_MASTER_result\srv198\kit_frontier_runs_fr_transfer_~S_RST.APRQ_11_0637.5-66ee05aba0-kd_z5_c_5a7b7b04,no_digest,,,0,0,,
,c:\Users\USER\Desktop\CT&RPL\2_Project\KNF_LEU+ 시범연료봉 장전 인허가 과제\2026\2_계산\2_LP\LOW_Fr_MASTER_result\srv198\kit_frontier_runs_fr_transfer_~S_RST.APRQ_11_0637.5-f318326818-3kl4nyi_7e2add87,no_digest,,,0,0,,
,c:\Users\USER\Desktop\CT&RPL\2_Project\KNF_LEU+ 시범연료봉 장전 인허가 과제\2026\2_계산\2_LP\LOW_Fr_MASTER_result\srv198\kit_frontier_runs_fr_transfer_~S_RST.APRQ_11_0645.6-42f97844dd-0xb65na_86b0c64c,no_digest,,,0,0,,
,c:\Users\USER\Desktop\CT&RPL\2_Project\KNF_LEU+ 시범연료봉 장전 인허가 과제\2026\2_계산\2_LP\LOW_Fr_MASTER_result\srv198\kit_frontier_runs_fr_transfer_~S_RST.APRQ_11_0645.6-4fa9340d01-k5zm8c3_1b46751f,no_digest,,,0,0,,
,c:\Users\USER\Desktop\CT&RPL\2_Project\KNF_LEU+ 시범연료봉 장전 인허가 과제\2026\2_계산\2_LP\LOW_Fr_MASTER_result\srv198\kit_frontier_runs_p3_produce_r~_RST.APRQ_11_0615.8-01db6454de-7o1hi815_f9015154,no_mas_sum,,,0,0,,
,c:\Users\USER\Desktop\CT&RPL\2_Project\KNF_LEU+ 시범연료봉 장전 인허가 과제\2026\2_계산\2_LP\LOW_Fr_MASTER_result\srv198\kit_frontier_runs_p3_produce_r~_RST.APRQ_11_0615.8-0a82c59b31-bco1xy6p_062f6f80,no_mas_sum,,,0,0,,
,c:\Users\USER\Desktop\CT&RPL\2_Project\KNF_LEU+ 시범연료봉 장전 인허가 과제\2026\2_계산\2_LP\LOW_Fr_MASTER_result\srv198\kit_frontier_runs_p3_produce_r~_RST.APRQ_11_0615.8-1a75f29c4c-rbi03it0_1755604a,no_mas_sum,,,0,0,,
,c:\Users\USER\Desktop\CT&RPL\2_Project\KNF_LEU+ 시범연료봉 장전 인허가 과제\2026\2_계산\2_LP\LOW_Fr_MASTER_result\srv198\kit_frontier_runs_p3_produce_r~_RST.APRQ_11_0615.8-2716d90a34-u_ntvclm_135a2739,no_digest,,,0,0,,
,c:\Users\USER\Desktop\CT&RPL\2_Project\KNF_LEU+ 시범연료봉 장전 인허가 과제\2026\2_계산\2_LP\LOW_Fr_MASTER_result\srv198\kit_frontier_runs_p3_produce_r~_RST.APRQ_11_0615.8-2f221345b0-8ct5qx1z_f75ce97b,no_digest,,,0,0,,
,c:\Users\USER\Desktop\CT&RPL\2_Project\KNF_LEU+ 시범연료봉 장전 인허가 과제\2026\2_계산\2_LP\LOW_Fr_MASTER_result\srv198\kit_frontier_runs_p3_produce_r~_RST.APRQ_11_0615.8-30b4ff1ece-6jn73hw6_1329bfbe,no_digest,,,0,0,,
,c:\Users\USER\Desktop\CT&RPL\2_Project\KNF_LEU+ 시범연료봉 장전 인허가 과제\2026\2_계산\2_LP\LOW_Fr_MASTER_result\srv198\kit_frontier_runs_p3_produce_r~_RST.APRQ_11_0615.8-3f86fd56f0-op_8y416_c6b4bf18,no_digest,,,0,0,,
,c:\Users\USER\Desktop\CT&RPL\2_Project\KNF_LEU+ 시범연료봉 장전 인허가 과제\2026\2_계산\2_LP\LOW_Fr_MASTER_result\srv198\kit_frontier_runs_p3_produce_r~_RST.APRQ_11_0615.8-562009c442-igab6nmn_724f83f9,no_digest,,,0,0,,
,c:\Users\USER\Desktop\CT&RPL\2_Project\KNF_LEU+ 시범연료봉 장전 인허가 과제\2026\2_계산\2_LP\LOW_Fr_MASTER_result\srv198\kit_frontier_runs_p3_produce_r~_RST.APRQ_11_0615.8-601a2c370e-rnpioc04_d22830cc,no_digest,,,0,0,,
,c:\Users\USER\Desktop\CT&RPL\2_Project\KNF_LEU+ 시범연료봉 장전 인허가 과제\2026\2_계산\2_LP\LOW_Fr_MASTER_result\srv198\kit_frontier_runs_p3_produce_r~_RST.APRQ_11_0615.8-6132c79867-4o8q45ma_79e4fb6c,no_digest,,,0,0,,
,c:\Users\USER\Desktop\CT&RPL\2_Project\KNF_LEU+ 시범연료봉 장전 인허가 과제\2026\2_계산\2_LP\LOW_Fr_MASTER_result\srv198\kit_frontier_runs_p3_produce_r~_RST.APRQ_11_0615.8-62bc89b5f3-z9vwkfa5_aa1d65c8,no_mas_sum,,,0,0,,
,c:\Users\USER\Desktop\CT&RPL\2_Project\KNF_LEU+ 시범연료봉 장전 인허가 과제\2026\2_계산\2_LP\LOW_Fr_MASTER_result\srv198\kit_frontier_runs_p3_produce_r~_RST.APRQ_11_0615.8-70e628474a-v994z34w_1de092e6,no_mas_sum,,,0,0,,
,c:\Users\USER\Desktop\CT&RPL\2_Project\KNF_LEU+ 시범연료봉 장전 인허가 과제\2026\2_계산\2_LP\LOW_Fr_MASTER_result\srv198\kit_frontier_runs_p3_produce_r~_RST.APRQ_11_0615.8-89b2af3a79-2l_fm2vv_12b6c18c,no_mas_sum,,,0,0,,
,c:\Users\USER\Desktop\CT&RPL\2_Project\KNF_LEU+ 시범연료봉 장전 인허가 과제\2026\2_계산\2_LP\LOW_Fr_MASTER_result\srv198\kit_frontier_runs_p3_produce_r~_RST.APRQ_11_0615.8-a459e6a67c-czah82lp_80e52cd9,no_digest,,,0,0,,
,c:\Users\USER\Desktop\CT&RPL\2_Project\KNF_LEU+ 시범연료봉 장전 인허가 과제\2026\2_계산\2_LP\LOW_Fr_MASTER_result\srv198\kit_frontier_runs_p3_produce_r~_RST.APRQ_11_0615.8-ade77a5bc1-uyprywy4_9f728861,no_digest,,,0,0,,
,c:\Users\USER\Desktop\CT&RPL\2_Project\KNF_LEU+ 시범연료봉 장전 인허가 과제\2026\2_계산\2_LP\LOW_Fr_MASTER_result\srv198\kit_frontier_runs_p3_produce_r~_RST.APRQ_11_0615.8-c38005128b-mljkxkx9_356f89fb,no_digest,,,0,0,,
,c:\Users\USER\Desktop\CT&RPL\2_Project\KNF_LEU+ 시범연료봉 장전 인허가 과제\2026\2_계산\2_LP\LOW_Fr_MASTER_result\srv198\kit_frontier_runs_p3_produce_r~_RST.APRQ_11_0615.8-c3fa6e03f5-vgj19fo8_839bf06c,no_mas_sum,,,0,0,,
,c:\Users\USER\Desktop\CT&RPL\2_Project\KNF_LEU+ 시범연료봉 장전 인허가 과제\2026\2_계산\2_LP\LOW_Fr_MASTER_result\srv198\kit_frontier_runs_p3_produce_r~_RST.APRQ_11_0615.8-cecbd21029-i7h9kzru_15ce3b6b,no_digest,,,0,0,,
,c:\Users\USER\Desktop\CT&RPL\2_Project\KNF_LEU+ 시범연료봉 장전 인허가 과제\2026\2_계산\2_LP\LOW_Fr_MASTER_result\srv198\kit_frontier_runs_p3_produce_r~_RST.APRQ_11_0615.8-d23f7dc852-zrxbtpep_5e115f98,no_digest,,,0,0,,
,c:\Users\USER\Desktop\CT&RPL\2_Project\KNF_LEU+ 시범연료봉 장전 인허가 과제\2026\2_계산\2_LP\LOW_Fr_MASTER_result\srv198\kit_frontier_runs_p3_produce_r~_RST.APRQ_11_0618.3-070b74aa46-i2qn6xgp_dc46b90a,no_digest,,,0,0,,
,c:\Users\USER\Desktop\CT&RPL\2_Project\KNF_LEU+ 시범연료봉 장전 인허가 과제\2026\2_계산\2_LP\LOW_Fr_MASTER_result\srv198\kit_frontier_runs_p3_produce_r~_RST.APRQ_11_0618.3-1949ef9ee7-lbcbvj6j_e2739dc3,no_mas_sum,,,0,0,,
,c:\Users\USER\Desktop\CT&RPL\2_Project\KNF_LEU+ 시범연료봉 장전 인허가 과제\2026\2_계산\2_LP\LOW_Fr_MASTER_result\srv198\kit_frontier_runs_p3_produce_r~_RST.APRQ_11_0618.3-3e9b2262b0-umrcg08m_aa29e33b,no_mas_sum,,,0,0,,
,c:\Users\USER\Desktop\CT&RPL\2_Project\KNF_LEU+ 시범연료봉 장전 인허가 과제\2026\2_계산\2_LP\LOW_Fr_MASTER_result\srv198\kit_frontier_runs_p3_produce_r~_RST.APRQ_11_0618.3-44a902c80d-brgxevq1_aac92045,no_mas_sum,,,0,0,,
,c:\Users\USER\Desktop\CT&RPL\2_Project\KNF_LEU+ 시범연료봉 장전 인허가 과제\2026\2_계산\2_LP\LOW_Fr_MASTER_result\srv198\kit_frontier_runs_p3_produce_r~_RST.APRQ_11_0618.3-553fac50a2-9pksdd58_ee645bb4,no_mas_sum,,,0,0,,
,c:\Users\USER\Desktop\CT&RPL\2_Project\KNF_LEU+ 시범연료봉 장전 인허가 과제\2026\2_계산\2_LP\LOW_Fr_MASTER_result\srv198\kit_frontier_runs_p3_produce_r~_RST.APRQ_11_0618.3-5cd2ad458f-c6qqaidg_a2ffbc5a,no_digest,,,0,0,,
,c:\Users\USER\Desktop\CT&RPL\2_Project\KNF_LEU+ 시범연료봉 장전 인허가 과제\2026\2_계산\2_LP\LOW_Fr_MASTER_result\srv198\kit_frontier_runs_p3_produce_r~_RST.APRQ_11_0618.3-5fa4db4226-v6b8qk45_6eef1298,no_mas_sum,,,0,0,,
,c:\Users\USER\Desktop\CT&RPL\2_Project\KNF_LEU+ 시범연료봉 장전 인허가 과제\2026\2_계산\2_LP\LOW_Fr_MASTER_result\srv198\kit_frontier_runs_p3_produce_r~_RST.APRQ_11_0618.3-6130293126-rcenmxkg_d5a34be8,no_mas_sum,,,0,0,,
,c:\Users\USER\Desktop\CT&RPL\2_Project\KNF_LEU+ 시범연료봉 장전 인허가 과제\2026\2_계산\2_LP\LOW_Fr_MASTER_result\srv198\kit_frontier_runs_p3_produce_r~_RST.APRQ_11_0618.3-63bab103b0-ox3_zh49_59aaa68a,no_digest,,,0,0,,
,c:\Users\USER\Desktop\CT&RPL\2_Project\KNF_LEU+ 시범연료봉 장전 인허가 과제\2026\2_계산\2_LP\LOW_Fr_MASTER_result\srv198\kit_frontier_runs_p3_produce_r~_RST.APRQ_11_0618.3-69289898b6-r0rjzcfk_31155afd,no_digest,,,0,0,,
,c:\Users\USER\Desktop\CT&RPL\2_Project\KNF_LEU+ 시범연료봉 장전 인허가 과제\2026\2_계산\2_LP\LOW_Fr_MASTER_result\srv198\kit_frontier_runs_p3_produce_r~_RST.APRQ_11_0618.3-6fb1d77637-9udehkyy_c40b15e2,no_mas_sum,,,0,0,,
,c:\Users\USER\Desktop\CT&RPL\2_Project\KNF_LEU+ 시범연료봉 장전 인허가 과제\2026\2_계산\2_LP\LOW_Fr_MASTER_result\srv198\kit_frontier_runs_p3_produce_r~_RST.APRQ_11_0618.3-6fc14e54c9-subwjls3_433530d9,no_mas_sum,,,0,0,,
,c:\Users\USER\Desktop\CT&RPL\2_Project\KNF_LEU+ 시범연료봉 장전 인허가 과제\2026\2_계산\2_LP\LOW_Fr_MASTER_result\srv198\kit_frontier_runs_p3_produce_r~_RST.APRQ_11_0618.3-a847940761-yramzhi2_b5cbddf5,no_digest,,,0,0,,
,c:\Users\USER\Desktop\CT&RPL\2_Project\KNF_LEU+ 시범연료봉 장전 인허가 과제\2026\2_계산\2_LP\LOW_Fr_MASTER_result\srv198\kit_frontier_runs_p3_produce_r~_RST.APRQ_11_0618.3-accf67f200-9o0a1w78_f5bd6fe7,no_digest,,,0,0,,
,c:\Users\USER\Desktop\CT&RPL\2_Project\KNF_LEU+ 시범연료봉 장전 인허가 과제\2026\2_계산\2_LP\LOW_Fr_MASTER_result\srv198\kit_frontier_runs_p3_produce_r~_RST.APRQ_11_0618.3-ae2297aa65-l87z1m7s_10ee6fcd,no_mas_sum,,,0,0,,
,c:\Users\USER\Desktop\CT&RPL\2_Project\KNF_LEU+ 시범연료봉 장전 인허가 과제\2026\2_계산\2_LP\LOW_Fr_MASTER_result\srv198\kit_frontier_runs_p3_produce_r~_RST.APRQ_11_0618.3-aff16ed0e2-_xykefbu_d7712703,no_mas_sum,,,0,0,,
,c:\Users\USER\Desktop\CT&RPL\2_Project\KNF_LEU+ 시범연료봉 장전 인허가 과제\2026\2_계산\2_LP\LOW_Fr_MASTER_result\srv198\kit_frontier_runs_p3_produce_r~_RST.APRQ_11_0618.3-bd2ae02cc9-7plo03gj_db70d1cd,no_digest,,,0,0,,
,c:\Users\USER\Desktop\CT&RPL\2_Project\KNF_LEU+ 시범연료봉 장전 인허가 과제\2026\2_계산\2_LP\LOW_Fr_MASTER_result\srv198\kit_frontier_runs_p3_produce_r~_RST.APRQ_11_0618.3-bdb6fc682a-5yeqdx46_d9b71b44,no_digest,,,0,0,,
,c:\Users\USER\Desktop\CT&RPL\2_Project\KNF_LEU+ 시범연료봉 장전 인허가 과제\2026\2_계산\2_LP\LOW_Fr_MASTER_result\srv198\kit_frontier_runs_p3_produce_r~_RST.APRQ_11_0618.3-c9faed7932-6ugoc1ae_9716f6b9,no_digest,,,0,0,,
,c:\Users\USER\Desktop\CT&RPL\2_Project\KNF_LEU+ 시범연료봉 장전 인허가 과제\2026\2_계산\2_LP\LOW_Fr_MASTER_result\srv198\kit_frontier_runs_p3_produce_r~_RST.APRQ_11_0618.3-cac8601259-iafwkruq_e1e7f44d,no_mas_sum,,,0,0,,
,c:\Users\USER\Desktop\CT&RPL\2_Project\KNF_LEU+ 시범연료봉 장전 인허가 과제\2026\2_계산\2_LP\LOW_Fr_MASTER_result\srv198\kit_frontier_runs_p3_produce_r~_RST.APRQ_11_0618.3-d7d4ccd70a-w6tkarbj_417d58f8,no_mas_sum,,,0,0,,
,c:\Users\USER\Desktop\CT&RPL\2_Project\KNF_LEU+ 시범연료봉 장전 인허가 과제\2026\2_계산\2_LP\LOW_Fr_MASTER_result\srv198\kit_frontier_runs_p3_produce_r~_RST.APRQ_11_0618.3-d7e2abf6f4-aroctlkn_45957fdb,no_digest,,,0,0,,
,c:\Users\USER\Desktop\CT&RPL\2_Project\KNF_LEU+ 시범연료봉 장전 인허가 과제\2026\2_계산\2_LP\LOW_Fr_MASTER_result\srv198\kit_frontier_runs_p3_produce_r~_RST.APRQ_11_0618.3-dbdcdaa0b4-6x02vgk7_37ac3984,no_mas_sum,,,0,0,,
,c:\Users\USER\Desktop\CT&RPL\2_Project\KNF_LEU+ 시범연료봉 장전 인허가 과제\2026\2_계산\2_LP\LOW_Fr_MASTER_result\srv198\kit_frontier_runs_p3_produce_r~_RST.APRQ_11_0618.3-de72896d84-6r48545r_6ab409c4,no_mas_sum,,,0,0,,
,c:\Users\USER\Desktop\CT&RPL\2_Project\KNF_LEU+ 시범연료봉 장전 인허가 과제\2026\2_계산\2_LP\LOW_Fr_MASTER_result\srv198\kit_frontier_runs_p3_produce_r~_RST.APRQ_11_0618.3-e8f7a4ca48-xif2a57i_e7697a81,no_mas_sum,,,0,0,,
,c:\Users\USER\Desktop\CT&RPL\2_Project\KNF_LEU+ 시범연료봉 장전 인허가 과제\2026\2_계산\2_LP\LOW_Fr_MASTER_result\srv198\kit_frontier_runs_p3_produce_r~_RST.APRQ_11_0618.3-f908518efd-0g09x9u5_c1f7e4ae,no_digest,,,0,0,,
,c:\Users\USER\Desktop\CT&RPL\2_Project\KNF_LEU+ 시범연료봉 장전 인허가 과제\2026\2_계산\2_LP\LOW_Fr_MASTER_result\srv198\kit_frontier_runs_p3_produce_r~_RST.APRQ_11_0658.9-0328034cb1-tm4kq5hb_c1a823b4,no_digest,,,0,0,,
,c:\Users\USER\Desktop\CT&RPL\2_Project\KNF_LEU+ 시범연료봉 장전 인허가 과제\2026\2_계산\2_LP\LOW_Fr_MASTER_result\srv198\kit_frontier_runs_p3_produce_r~_RST.APRQ_11_0658.9-055c1e24cb-_jmrrn1k_2b06ecad,no_digest,,,0,0,,
,c:\Users\USER\Desktop\CT&RPL\2_Project\KNF_LEU+ 시범연료봉 장전 인허가 과제\2026\2_계산\2_LP\LOW_Fr_MASTER_result\srv198\kit_frontier_runs_p3_produce_r~_RST.APRQ_11_0658.9-091ef16485-pqh91aam_aa306a27,no_digest,,,0,0,,
,c:\Users\USER\Desktop\CT&RPL\2_Project\KNF_LEU+ 시범연료봉 장전 인허가 과제\2026\2_계산\2_LP\LOW_Fr_MASTER_result\srv198\kit_frontier_runs_p3_produce_r~_RST.APRQ_11_0658.9-105bcebb07-7vnn05pl_221b0936,no_digest,,,0,0,,
,c:\Users\USER\Desktop\CT&RPL\2_Project\KNF_LEU+ 시범연료봉 장전 인허가 과제\2026\2_계산\2_LP\LOW_Fr_MASTER_result\srv198\kit_frontier_runs_p3_produce_r~_RST.APRQ_11_0658.9-1b4b2efb15-b6sp1xj4_55e78a21,no_digest,,,0,0,,
,c:\Users\USER\Desktop\CT&RPL\2_Project\KNF_LEU+ 시범연료봉 장전 인허가 과제\2026\2_계산\2_LP\LOW_Fr_MASTER_result\srv198\kit_frontier_runs_p3_produce_r~_RST.APRQ_11_0658.9-1bffcf16b1-x_yjvv2y_d1d5e085,no_mas_sum,,,0,0,,
,c:\Users\USER\Desktop\CT&RPL\2_Project\KNF_LEU+ 시범연료봉 장전 인허가 과제\2026\2_계산\2_LP\LOW_Fr_MASTER_result\srv198\kit_frontier_runs_p3_produce_r~_RST.APRQ_11_0658.9-2a309751cd-ygxsk4h4_45eb0df0,no_mas_sum,,,0,0,,
,c:\Users\USER\Desktop\CT&RPL\2_Project\KNF_LEU+ 시범연료봉 장전 인허가 과제\2026\2_계산\2_LP\LOW_Fr_MASTER_result\srv198\kit_frontier_runs_p3_produce_r~_RST.APRQ_11_0658.9-3bb9c739c5-qyf4vok1_24f90337,no_digest,,,0,0,,
,c:\Users\USER\Desktop\CT&RPL\2_Project\KNF_LEU+ 시범연료봉 장전 인허가 과제\2026\2_계산\2_LP\LOW_Fr_MASTER_result\srv198\kit_frontier_runs_p3_produce_r~_RST.APRQ_11_0658.9-3bda3410e6-rwunrnf1_710d4cfd,no_mas_sum,,,0,0,,
,c:\Users\USER\Desktop\CT&RPL\2_Project\KNF_LEU+ 시범연료봉 장전 인허가 과제\2026\2_계산\2_LP\LOW_Fr_MASTER_result\srv198\kit_frontier_runs_p3_produce_r~_RST.APRQ_11_0658.9-567d2ace3f-btpcv1as_769e88c9,no_digest,,,0,0,,
,c:\Users\USER\Desktop\CT&RPL\2_Project\KNF_LEU+ 시범연료봉 장전 인허가 과제\2026\2_계산\2_LP\LOW_Fr_MASTER_result\srv198\kit_frontier_runs_p3_produce_r~_RST.APRQ_11_0658.9-5708ec039a-ezan1ki9_a16e63ee,no_digest,,,0,0,,
,c:\Users\USER\Desktop\CT&RPL\2_Project\KNF_LEU+ 시범연료봉 장전 인허가 과제\2026\2_계산\2_LP\LOW_Fr_MASTER_result\srv198\kit_frontier_runs_p3_produce_r~_RST.APRQ_11_0658.9-6f84739bcb-83ui8djg_3449b0ba,no_digest,,,0,0,,
,c:\Users\USER\Desktop\CT&RPL\2_Project\KNF_LEU+ 시범연료봉 장전 인허가 과제\2026\2_계산\2_LP\LOW_Fr_MASTER_result\srv198\kit_frontier_runs_p3_produce_r~_RST.APRQ_11_0658.9-7fbe4caede-ii9nzi2i_6c75e697,no_digest,,,0,0,,
,c:\Users\USER\Desktop\CT&RPL\2_Project\KNF_LEU+ 시범연료봉 장전 인허가 과제\2026\2_계산\2_LP\LOW_Fr_MASTER_result\srv198\kit_frontier_runs_p3_produce_r~_RST.APRQ_11_0658.9-8065b98c7c-6st_51w2_f73c230d,no_mas_sum,,,0,0,,
,c:\Users\USER\Desktop\CT&RPL\2_Project\KNF_LEU+ 시범연료봉 장전 인허가 과제\2026\2_계산\2_LP\LOW_Fr_MASTER_result\srv198\kit_frontier_runs_p3_produce_r~_RST.APRQ_11_0658.9-8e1daa4db5-8_d_nrz1_87eea944,no_digest,,,0,0,,
,c:\Users\USER\Desktop\CT&RPL\2_Project\KNF_LEU+ 시범연료봉 장전 인허가 과제\2026\2_계산\2_LP\LOW_Fr_MASTER_result\srv198\kit_frontier_runs_p3_produce_r~_RST.APRQ_11_0658.9-90ef10d5a7-tvt_oahq_4184bd8b,no_mas_sum,,,0,0,,
,c:\Users\USER\Desktop\CT&RPL\2_Project\KNF_LEU+ 시범연료봉 장전 인허가 과제\2026\2_계산\2_LP\LOW_Fr_MASTER_result\srv198\kit_frontier_runs_p3_produce_r~_RST.APRQ_11_0658.9-9801710c6c-jf4wbbum_13df6393,no_mas_sum,,,0,0,,
,c:\Users\USER\Desktop\CT&RPL\2_Project\KNF_LEU+ 시범연료봉 장전 인허가 과제\2026\2_계산\2_LP\LOW_Fr_MASTER_result\srv198\kit_frontier_runs_p3_produce_r~_RST.APRQ_11_0658.9-ac9f1b641e-1pn9j_a6_569ea9f6,no_digest,,,0,0,,
,c:\Users\USER\Desktop\CT&RPL\2_Project\KNF_LEU+ 시범연료봉 장전 인허가 과제\2026\2_계산\2_LP\LOW_Fr_MASTER_result\srv198\kit_frontier_runs_p3_produce_r~_RST.APRQ_11_0658.9-cb35fa89e0-g59rqkmg_0e5aeb06,no_mas_sum,,,0,0,,
,c:\Users\USER\Desktop\CT&RPL\2_Project\KNF_LEU+ 시범연료봉 장전 인허가 과제\2026\2_계산\2_LP\LOW_Fr_MASTER_result\srv198\kit_frontier_runs_p3_produce_r~_RST.APRQ_11_0677.2-173f40d7b6-whhc7c_s_752c3295,no_digest,,,0,0,,
,c:\Users\USER\Desktop\CT&RPL\2_Project\KNF_LEU+ 시범연료봉 장전 인허가 과제\2026\2_계산\2_LP\LOW_Fr_MASTER_result\srv198\kit_frontier_runs_p3_produce_r~_RST.APRQ_11_0677.2-3acc7ae4fc-5gc9hgoc_904cc6c6,no_digest,,,0,0,,
,c:\Users\USER\Desktop\CT&RPL\2_Project\KNF_LEU+ 시범연료봉 장전 인허가 과제\2026\2_계산\2_LP\LOW_Fr_MASTER_result\srv198\kit_frontier_runs_p3_produce_r~_RST.APRQ_11_0677.2-4199b385cb-5gy7_owi_196ff9b7,no_digest,,,0,0,,
,c:\Users\USER\Desktop\CT&RPL\2_Project\KNF_LEU+ 시범연료봉 장전 인허가 과제\2026\2_계산\2_LP\LOW_Fr_MASTER_result\srv198\kit_frontier_runs_p3_produce_r~_RST.APRQ_11_0677.2-489da8a112-huq60t9p_cba78a39,no_digest,,,0,0,,
,c:\Users\USER\Desktop\CT&RPL\2_Project\KNF_LEU+ 시범연료봉 장전 인허가 과제\2026\2_계산\2_LP\LOW_Fr_MASTER_result\srv198\kit_frontier_runs_p3_produce_r~_RST.APRQ_11_0677.2-54c1c62fe4-x07z4tqs_3a6cf797,no_digest,,,0,0,,
,c:\Users\USER\Desktop\CT&RPL\2_Project\KNF_LEU+ 시범연료봉 장전 인허가 과제\2026\2_계산\2_LP\LOW_Fr_MASTER_result\srv198\kit_frontier_runs_p3_produce_r~_RST.APRQ_11_0677.2-54df6e6222-4ks9liuu_e137741d,no_mas_sum,,,0,0,,
,c:\Users\USER\Desktop\CT&RPL\2_Project\KNF_LEU+ 시범연료봉 장전 인허가 과제\2026\2_계산\2_LP\LOW_Fr_MASTER_result\srv198\kit_frontier_runs_p3_produce_r~_RST.APRQ_11_0677.2-726aa9d358-hzhwqrff_c0bb372f,no_digest,,,0,0,,
,c:\Users\USER\Desktop\CT&RPL\2_Project\KNF_LEU+ 시범연료봉 장전 인허가 과제\2026\2_계산\2_LP\LOW_Fr_MASTER_result\srv198\kit_frontier_runs_p3_produce_r~_RST.APRQ_11_0677.2-89cf9c9b0f-t9wvymht_bf455d43,no_mas_sum,,,0,0,,
,c:\Users\USER\Desktop\CT&RPL\2_Project\KNF_LEU+ 시범연료봉 장전 인허가 과제\2026\2_계산\2_LP\LOW_Fr_MASTER_result\srv198\kit_frontier_runs_p3_produce_r~_RST.APRQ_11_0677.2-98de660ad9-7jhopbc7_ed287061,no_mas_sum,,,0,0,,
,c:\Users\USER\Desktop\CT&RPL\2_Project\KNF_LEU+ 시범연료봉 장전 인허가 과제\2026\2_계산\2_LP\LOW_Fr_MASTER_result\srv198\kit_frontier_runs_p3_produce_r~_RST.APRQ_11_0677.2-9d54bff98f-5orzdzpx_595512b9,no_digest,,,0,0,,
,c:\Users\USER\Desktop\CT&RPL\2_Project\KNF_LEU+ 시범연료봉 장전 인허가 과제\2026\2_계산\2_LP\LOW_Fr_MASTER_result\srv198\kit_frontier_runs_p3_produce_r~_RST.APRQ_11_0677.2-ad800fb40b-djy7foze_2e80a6e7,no_digest,,,0,0,,
,c:\Users\USER\Desktop\CT&RPL\2_Project\KNF_LEU+ 시범연료봉 장전 인허가 과제\2026\2_계산\2_LP\LOW_Fr_MASTER_result\srv198\kit_frontier_runs_p3_produce_r~_RST.APRQ_11_0677.2-b152655c16-oubmmaor_2976c1b4,no_digest,,,0,0,,
,c:\Users\USER\Desktop\CT&RPL\2_Project\KNF_LEU+ 시범연료봉 장전 인허가 과제\2026\2_계산\2_LP\LOW_Fr_MASTER_result\srv198\kit_frontier_runs_p3_produce_r~_RST.APRQ_11_0677.2-c72a8eb120-s95mu2hs_f9bca168,no_mas_sum,,,0,0,,
,c:\Users\USER\Desktop\CT&RPL\2_Project\KNF_LEU+ 시범연료봉 장전 인허가 과제\2026\2_계산\2_LP\LOW_Fr_MASTER_result\srv198\kit_frontier_runs_p3_produce_r~_RST.APRQ_11_0677.2-f734f6bcf9-o17v55nj_c7a6a3f2,no_mas_sum,,,0,0,,
,c:\Users\USER\Desktop\CT&RPL\2_Project\KNF_LEU+ 시범연료봉 장전 인허가 과제\2026\2_계산\2_LP\LOW_Fr_MASTER_result\srv198\kit_frontier_runs_p3_produce_r~_RST.APRQ_11_0677.2-f9c9e33bdd-7k8g8lwe_5f013ea3,no_digest,,,0,0,,
,c:\Users\USER\Desktop\CT&RPL\2_Project\KNF_LEU+ 시범연료봉 장전 인허가 과제\2026\2_계산\2_LP\LOW_Fr_MASTER_result\srv198\kit_frontier_runs_p3_produce_r~_RST.APRQ_11_0677.2-fd44a96cc2-afseuuyb_4c1af410,no_digest,,,0,0,,
,c:\Users\USER\Desktop\CT&RPL\2_Project\KNF_LEU+ 시범연료봉 장전 인허가 과제\2026\2_계산\2_LP\LOW_Fr_MASTER_result\srv198\kit_frontier_runs_p3_produce_r~_RST.APRQ_11_0688.2-05bbc65110-wt3vodrm_6e34ef62,no_mas_sum,,,0,0,,
,c:\Users\USER\Desktop\CT&RPL\2_Project\KNF_LEU+ 시범연료봉 장전 인허가 과제\2026\2_계산\2_LP\LOW_Fr_MASTER_result\srv198\kit_frontier_runs_p3_produce_r~_RST.APRQ_11_0688.2-06a1eda96a-d_9_h7w0_94439756,no_mas_sum,,,0,0,,
,c:\Users\USER\Desktop\CT&RPL\2_Project\KNF_LEU+ 시범연료봉 장전 인허가 과제\2026\2_계산\2_LP\LOW_Fr_MASTER_result\srv198\kit_frontier_runs_p3_produce_r~_RST.APRQ_11_0688.2-1c782ad03d-s7k2hugd_4267671b,no_mas_sum,,,0,0,,
,c:\Users\USER\Desktop\CT&RPL\2_Project\KNF_LEU+ 시범연료봉 장전 인허가 과제\2026\2_계산\2_LP\LOW_Fr_MASTER_result\srv198\kit_frontier_runs_p3_produce_r~_RST.APRQ_11_0688.2-30ba1e045c-8fhuezwz_58c72f96,no_mas_sum,,,0,0,,
,c:\Users\USER\Desktop\CT&RPL\2_Project\KNF_LEU+ 시범연료봉 장전 인허가 과제\2026\2_계산\2_LP\LOW_Fr_MASTER_result\srv198\kit_frontier_runs_p3_produce_r~_RST.APRQ_11_0688.2-3f9eee5290-hhs5ro9g_b05c1891,no_digest,,,0,0,,
,c:\Users\USER\Desktop\CT&RPL\2_Project\KNF_LEU+ 시범연료봉 장전 인허가 과제\2026\2_계산\2_LP\LOW_Fr_MASTER_result\srv198\kit_frontier_runs_p3_produce_r~_RST.APRQ_11_0688.2-6033fd317e-31789z42_7fd1bb41,no_digest,,,0,0,,
,c:\Users\USER\Desktop\CT&RPL\2_Project\KNF_LEU+ 시범연료봉 장전 인허가 과제\2026\2_계산\2_LP\LOW_Fr_MASTER_result\srv198\kit_frontier_runs_p3_produce_r~_RST.APRQ_11_0688.2-66c7488da0-734hf2ux_40c63423,no_digest,,,0,0,,
,c:\Users\USER\Desktop\CT&RPL\2_Project\KNF_LEU+ 시범연료봉 장전 인허가 과제\2026\2_계산\2_LP\LOW_Fr_MASTER_result\srv198\kit_frontier_runs_p3_produce_r~_RST.APRQ_11_0688.2-67a75f801d-agj0098n_d3d6003d,no_digest,,,0,0,,
,c:\Users\USER\Desktop\CT&RPL\2_Project\KNF_LEU+ 시범연료봉 장전 인허가 과제\2026\2_계산\2_LP\LOW_Fr_MASTER_result\srv198\kit_frontier_runs_p3_produce_r~_RST.APRQ_11_0688.2-6821e02a31-xx5neage_fdb70d06,no_digest,,,0,0,,
,c:\Users\USER\Desktop\CT&RPL\2_Project\KNF_LEU+ 시범연료봉 장전 인허가 과제\2026\2_계산\2_LP\LOW_Fr_MASTER_result\srv198\kit_frontier_runs_p3_produce_r~_RST.APRQ_11_0688.2-7c23ca05f4-or71taqr_cbecfb14,no_mas_sum,,,0,0,,
,c:\Users\USER\Desktop\CT&RPL\2_Project\KNF_LEU+ 시범연료봉 장전 인허가 과제\2026\2_계산\2_LP\LOW_Fr_MASTER_result\srv198\kit_frontier_runs_p3_produce_r~_RST.APRQ_11_0688.2-89eb91ae6a-5156bvji_9b3ac093,no_digest,,,0,0,,
,c:\Users\USER\Desktop\CT&RPL\2_Project\KNF_LEU+ 시범연료봉 장전 인허가 과제\2026\2_계산\2_LP\LOW_Fr_MASTER_result\srv198\kit_frontier_runs_p3_produce_r~_RST.APRQ_11_0688.2-8bdabb84d1-8c7l7xtt_0f5e17f8,no_digest,,,0,0,,
,c:\Users\USER\Desktop\CT&RPL\2_Project\KNF_LEU+ 시범연료봉 장전 인허가 과제\2026\2_계산\2_LP\LOW_Fr_MASTER_result\srv198\kit_frontier_runs_p3_produce_r~_RST.APRQ_11_0688.2-8ded333223-yess64si_883c3e48,no_digest,,,0,0,,
,c:\Users\USER\Desktop\CT&RPL\2_Project\KNF_LEU+ 시범연료봉 장전 인허가 과제\2026\2_계산\2_LP\LOW_Fr_MASTER_result\srv198\kit_frontier_runs_p3_produce_r~_RST.APRQ_11_0688.2-96be764609-9yqegkxi_e3a7ed0a,no_digest,,,0,0,,
,c:\Users\USER\Desktop\CT&RPL\2_Project\KNF_LEU+ 시범연료봉 장전 인허가 과제\2026\2_계산\2_LP\LOW_Fr_MASTER_result\srv198\kit_frontier_runs_p3_produce_r~_RST.APRQ_11_0688.2-993ef4504a-x5xchu77_ee7e96c3,no_mas_sum,,,0,0,,
,c:\Users\USER\Desktop\CT&RPL\2_Project\KNF_LEU+ 시범연료봉 장전 인허가 과제\2026\2_계산\2_LP\LOW_Fr_MASTER_result\srv198\kit_frontier_runs_p3_produce_r~_RST.APRQ_11_0688.2-99bae662c0-1fzl3xev_416d1049,no_digest,,,0,0,,
,c:\Users\USER\Desktop\CT&RPL\2_Project\KNF_LEU+ 시범연료봉 장전 인허가 과제\2026\2_계산\2_LP\LOW_Fr_MASTER_result\srv198\kit_frontier_runs_p3_produce_r~_RST.APRQ_11_0688.2-9fd51fb0c7-iea830gq_c0b6a23b,no_mas_sum,,,0,0,,
,c:\Users\USER\Desktop\CT&RPL\2_Project\KNF_LEU+ 시범연료봉 장전 인허가 과제\2026\2_계산\2_LP\LOW_Fr_MASTER_result\srv198\kit_frontier_runs_p3_produce_r~_RST.APRQ_11_0688.2-b46e8188d2-eu6ng52y_fa1e9fce,no_digest,,,0,0,,
,c:\Users\USER\Desktop\CT&RPL\2_Project\KNF_LEU+ 시범연료봉 장전 인허가 과제\2026\2_계산\2_LP\LOW_Fr_MASTER_result\srv198\kit_frontier_runs_p3_produce_r~_RST.APRQ_11_0688.2-dc1e2949b3-gzcrp1a9_15080fde,no_digest,,,0,0,,
,c:\Users\USER\Desktop\CT&RPL\2_Project\KNF_LEU+ 시범연료봉 장전 인허가 과제\2026\2_계산\2_LP\LOW_Fr_MASTER_result\srv198\kit_frontier_runs_p3_produce_r~_RST.APRQ_11_0688.2-f7e27ca8ff-zuf440le_934164eb,no_digest,,,0,0,,
,c:\Users\USER\Desktop\CT&RPL\2_Project\KNF_LEU+ 시범연료봉 장전 인허가 과제\2026\2_계산\2_LP\LOW_Fr_MASTER_result\srv198\kit_frontier_runs_p3_produce_r~_RST.APRQ_11_0722.6-0b1f35c566-iz9kmz98_ec0088bc,no_digest,,,0,0,,
,c:\Users\USER\Desktop\CT&RPL\2_Project\KNF_LEU+ 시범연료봉 장전 인허가 과제\2026\2_계산\2_LP\LOW_Fr_MASTER_result\srv198\kit_frontier_runs_p3_produce_r~_RST.APRQ_11_0722.6-28427776fd-mc32wv5w_6cf9c2be,no_digest,,,0,0,,
,c:\Users\USER\Desktop\CT&RPL\2_Project\KNF_LEU+ 시범연료봉 장전 인허가 과제\2026\2_계산\2_LP\LOW_Fr_MASTER_result\srv198\kit_frontier_runs_p3_produce_r~_RST.APRQ_11_0722.6-39007ed9dc-hsspj7zo_a1ef107d,no_mas_sum,,,0,0,,
,c:\Users\USER\Desktop\CT&RPL\2_Project\KNF_LEU+ 시범연료봉 장전 인허가 과제\2026\2_계산\2_LP\LOW_Fr_MASTER_result\srv198\kit_frontier_runs_p3_produce_r~_RST.APRQ_11_0722.6-496131dafb-s4xz_xgr_269891c1,no_digest,,,0,0,,
,c:\Users\USER\Desktop\CT&RPL\2_Project\KNF_LEU+ 시범연료봉 장전 인허가 과제\2026\2_계산\2_LP\LOW_Fr_MASTER_result\srv198\kit_frontier_runs_p3_produce_r~_RST.APRQ_11_0722.6-5207959eb8-f15v4rkp_f5a3118b,no_digest,,,0,0,,
,c:\Users\USER\Desktop\CT&RPL\2_Project\KNF_LEU+ 시범연료봉 장전 인허가 과제\2026\2_계산\2_LP\LOW_Fr_MASTER_result\srv198\kit_frontier_runs_p3_produce_r~_RST.APRQ_11_0722.6-60001afaf4-x08i7o9p_759683d8,no_digest,,,0,0,,
,c:\Users\USER\Desktop\CT&RPL\2_Project\KNF_LEU+ 시범연료봉 장전 인허가 과제\2026\2_계산\2_LP\LOW_Fr_MASTER_result\srv198\kit_frontier_runs_p3_produce_r~_RST.APRQ_11_0722.6-6113167bbc-4vahs1en_69bfd5ca,no_digest,,,0,0,,
,c:\Users\USER\Desktop\CT&RPL\2_Project\KNF_LEU+ 시범연료봉 장전 인허가 과제\2026\2_계산\2_LP\LOW_Fr_MASTER_result\srv198\kit_frontier_runs_p3_produce_r~_RST.APRQ_11_0722.6-73a150b1ae-7w7e4oyd_de44e883,no_mas_sum,,,0,0,,
,c:\Users\USER\Desktop\CT&RPL\2_Project\KNF_LEU+ 시범연료봉 장전 인허가 과제\2026\2_계산\2_LP\LOW_Fr_MASTER_result\srv198\kit_frontier_runs_p3_produce_r~_RST.APRQ_11_0722.6-7e47959a42-9i9inq3o_ad870893,no_digest,,,0,0,,
,c:\Users\USER\Desktop\CT&RPL\2_Project\KNF_LEU+ 시범연료봉 장전 인허가 과제\2026\2_계산\2_LP\LOW_Fr_MASTER_result\srv198\kit_frontier_runs_p3_produce_r~_RST.APRQ_11_0722.6-833a13f562-6l8x7_bp_85476f8e,no_digest,,,0,0,,
,c:\Users\USER\Desktop\CT&RPL\2_Project\KNF_LEU+ 시범연료봉 장전 인허가 과제\2026\2_계산\2_LP\LOW_Fr_MASTER_result\srv198\kit_frontier_runs_p3_produce_r~_RST.APRQ_11_0722.6-912de5e779-3ruv3z0g_14d2ab19,no_digest,,,0,0,,
,c:\Users\USER\Desktop\CT&RPL\2_Project\KNF_LEU+ 시범연료봉 장전 인허가 과제\2026\2_계산\2_LP\LOW_Fr_MASTER_result\srv198\kit_frontier_runs_p3_produce_r~_RST.APRQ_11_0722.6-9ec2a52268-2am16ofg_7cab6039,no_digest,,,0,0,,
,c:\Users\USER\Desktop\CT&RPL\2_Project\KNF_LEU+ 시범연료봉 장전 인허가 과제\2026\2_계산\2_LP\LOW_Fr_MASTER_result\srv198\kit_frontier_runs_p3_produce_r~_RST.APRQ_11_0722.6-c2bb86b9d1-fi5wqbei_d6e605cb,no_digest,,,0,0,,
,c:\Users\USER\Desktop\CT&RPL\2_Project\KNF_LEU+ 시범연료봉 장전 인허가 과제\2026\2_계산\2_LP\LOW_Fr_MASTER_result\srv198\kit_frontier_runs_p3_produce_r~_RST.APRQ_11_0722.6-eba1d23815-1yw8pn6f_a772f521,no_digest,,,0,0,,
,c:\Users\USER\Desktop\CT&RPL\2_Project\KNF_LEU+ 시범연료봉 장전 인허가 과제\2026\2_계산\2_LP\LOW_Fr_MASTER_result\srv198\kit_frontier_runs_p3_produce_r~_RST.APRQ_11_0766.9-0c54f815b4-vbdocgce_48fd2b63,no_digest,,,0,0,,
,c:\Users\USER\Desktop\CT&RPL\2_Project\KNF_LEU+ 시범연료봉 장전 인허가 과제\2026\2_계산\2_LP\LOW_Fr_MASTER_result\srv198\kit_frontier_runs_p3_produce_r~_RST.APRQ_11_0766.9-2954397510-0c9q0ext_e1ac8c53,no_digest,,,0,0,,
,c:\Users\USER\Desktop\CT&RPL\2_Project\KNF_LEU+ 시범연료봉 장전 인허가 과제\2026\2_계산\2_LP\LOW_Fr_MASTER_result\srv198\kit_frontier_runs_p3_produce_r~_RST.APRQ_11_0766.9-53d125d5e1-knoipjhz_adc66001,no_digest,,,0,0,,
,c:\Users\USER\Desktop\CT&RPL\2_Project\KNF_LEU+ 시범연료봉 장전 인허가 과제\2026\2_계산\2_LP\LOW_Fr_MASTER_result\srv198\kit_frontier_runs_p3_produce_r~_RST.APRQ_11_0766.9-738878ce8d-hjo1vreh_a3734319,no_mas_sum,,,0,0,,
,c:\Users\USER\Desktop\CT&RPL\2_Project\KNF_LEU+ 시범연료봉 장전 인허가 과제\2026\2_계산\2_LP\LOW_Fr_MASTER_result\srv198\kit_frontier_runs_p3_produce_r~_RST.APRQ_11_0766.9-b10dd6d02d-en24ff6r_8b6b45f5,no_digest,,,0,0,,
,c:\Users\USER\Desktop\CT&RPL\2_Project\KNF_LEU+ 시범연료봉 장전 인허가 과제\2026\2_계산\2_LP\LOW_Fr_MASTER_result\srv198\kit_frontier_runs_p3_produce_r~_RST.APRQ_11_0766.9-c089566c74-4omikbdl_3fe6d71d,no_digest,,,0,0,,
,c:\Users\USER\Desktop\CT&RPL\2_Project\KNF_LEU+ 시범연료봉 장전 인허가 과제\2026\2_계산\2_LP\LOW_Fr_MASTER_result\srv198\kit_frontier_runs_p3_produce_r~_RST.APRQ_11_0766.9-c68b206de3-eu1in3kg_92e5a361,no_digest,,,0,0,,
,c:\Users\USER\Desktop\CT&RPL\2_Project\KNF_LEU+ 시범연료봉 장전 인허가 과제\2026\2_계산\2_LP\LOW_Fr_MASTER_result\srv198\kit_frontier_runs_p3_produce_r~_RST.APRQ_11_0766.9-dd20f6bcf0-ahmp25us_c0a2e468,no_digest,,,0,0,,
,c:\Users\USER\Desktop\CT&RPL\2_Project\KNF_LEU+ 시범연료봉 장전 인허가 과제\2026\2_계산\2_LP\LOW_Fr_MASTER_result\srv198\kit_frontier_runs_p3_produce_r~_RST.APRQ_11_0766.9-e2e457212c-a8opot6q_646e464a,no_digest,,,0,0,,
,c:\Users\USER\Desktop\CT&RPL\2_Project\KNF_LEU+ 시범연료봉 장전 인허가 과제\2026\2_계산\2_LP\LOW_Fr_MASTER_result\srv198\kit_frontier_runs_p3_produce_r~_RST.APRQ_11_0766.9-e6c3dcb346-hnebc34v_d0344ab4,no_digest,,,0,0,,
,c:\Users\USER\Desktop\CT&RPL\2_Project\KNF_LEU+ 시범연료봉 장전 인허가 과제\2026\2_계산\2_LP\LOW_Fr_MASTER_result\srv198\kit_frontier_runs_p3_produce_r~_RST.APRQ_11_0766.9-f90c0a56d3-_y700yzi_87ad054f,no_digest,,,0,0,,
,c:\Users\USER\Desktop\CT&RPL\2_Project\KNF_LEU+ 시범연료봉 장전 인허가 과제\2026\2_계산\2_LP\LOW_Fr_MASTER_result\srv198\kit_frontier_runs_p3_produce_r~_RST.APRQ_11_0766.9-fdec8cf4c5-zinovd0b_79d21a79,no_digest,,,0,0,,
,c:\Users\USER\Desktop\CT&RPL\2_Project\KNF_LEU+ 시범연료봉 장전 인허가 과제\2026\2_계산\2_LP\LOW_Fr_MASTER_result\srv198\kit_frontier_runs_p3_produce_r~_RST.APRQ_12_0789.0-0a24ad1276-qj2lcif7_30e2cf06,no_digest,,,0,0,,
,c:\Users\USER\Desktop\CT&RPL\2_Project\KNF_LEU+ 시범연료봉 장전 인허가 과제\2026\2_계산\2_LP\LOW_Fr_MASTER_result\srv198\kit_frontier_runs_p3_produce_r~_RST.APRQ_12_0789.0-0d82bce3f3-8ql17opk_34253d3d,no_digest,,,0,0,,
,c:\Users\USER\Desktop\CT&RPL\2_Project\KNF_LEU+ 시범연료봉 장전 인허가 과제\2026\2_계산\2_LP\LOW_Fr_MASTER_result\srv198\kit_frontier_runs_p3_produce_r~_RST.APRQ_12_0789.0-13df891a43-axlx_qh0_9243ab39,no_digest,,,0,0,,
,c:\Users\USER\Desktop\CT&RPL\2_Project\KNF_LEU+ 시범연료봉 장전 인허가 과제\2026\2_계산\2_LP\LOW_Fr_MASTER_result\srv198\kit_frontier_runs_p3_produce_r~_RST.APRQ_12_0789.0-1543b82a04-cnif291c_bfbdfc0a,no_mas_sum,,,0,0,,
,c:\Users\USER\Desktop\CT&RPL\2_Project\KNF_LEU+ 시범연료봉 장전 인허가 과제\2026\2_계산\2_LP\LOW_Fr_MASTER_result\srv198\kit_frontier_runs_p3_produce_r~_RST.APRQ_12_0789.0-4932338b9a-fqrpv1on_0ee90362,no_digest,,,0,0,,
,c:\Users\USER\Desktop\CT&RPL\2_Project\KNF_LEU+ 시범연료봉 장전 인허가 과제\2026\2_계산\2_LP\LOW_Fr_MASTER_result\srv198\kit_frontier_runs_p3_produce_r~_RST.APRQ_12_0789.0-6ba605d5eb-y4_mgm4e_2e58e7cd,no_digest,,,0,0,,
,c:\Users\USER\Desktop\CT&RPL\2_Project\KNF_LEU+ 시범연료봉 장전 인허가 과제\2026\2_계산\2_LP\LOW_Fr_MASTER_result\srv198\kit_frontier_runs_p3_produce_r~_RST.APRQ_12_0789.0-6dd0c5595e-e18ih5zs_16c848f1,no_digest,,,0,0,,
,c:\Users\USER\Desktop\CT&RPL\2_Project\KNF_LEU+ 시범연료봉 장전 인허가 과제\2026\2_계산\2_LP\LOW_Fr_MASTER_result\srv198\kit_frontier_runs_p3_produce_r~_RST.APRQ_12_0789.0-71e08193eb-3aw385de_78e399ef,no_digest,,,0,0,,
,c:\Users\USER\Desktop\CT&RPL\2_Project\KNF_LEU+ 시범연료봉 장전 인허가 과제\2026\2_계산\2_LP\LOW_Fr_MASTER_result\srv198\kit_frontier_runs_p3_produce_r~_RST.APRQ_12_0789.0-912289d1cb-f251o_j6_3cf76f06,no_mas_sum,,,0,0,,
,c:\Users\USER\Desktop\CT&RPL\2_Project\KNF_LEU+ 시범연료봉 장전 인허가 과제\2026\2_계산\2_LP\LOW_Fr_MASTER_result\srv198\kit_frontier_runs_p3_produce_r~_RST.APRQ_12_0789.0-a619df4bd8-0qzmzoqw_2c89bf84,no_digest,,,0,0,,
,c:\Users\USER\Desktop\CT&RPL\2_Project\KNF_LEU+ 시범연료봉 장전 인허가 과제\2026\2_계산\2_LP\LOW_Fr_MASTER_result\srv198\kit_frontier_runs_p3_produce_r~_RST.APRQ_12_0789.0-af46d6b83d-707qxv12_1ed79b72,no_digest,,,0,0,,
,c:\Users\USER\Desktop\CT&RPL\2_Project\KNF_LEU+ 시범연료봉 장전 인허가 과제\2026\2_계산\2_LP\LOW_Fr_MASTER_result\srv198\kit_frontier_runs_p3_produce_r~_RST.APRQ_12_0789.0-b29b94e5d1-iax94v_y_a645b157,no_mas_sum,,,0,0,,
,c:\Users\USER\Desktop\CT&RPL\2_Project\KNF_LEU+ 시범연료봉 장전 인허가 과제\2026\2_계산\2_LP\LOW_Fr_MASTER_result\srv198\kit_frontier_runs_p3_produce_r~_RST.APRQ_12_0789.0-b347c4f30b-mkp22y_v_c977748c,no_digest,,,0,0,,
,c:\Users\USER\Desktop\CT&RPL\2_Project\KNF_LEU+ 시범연료봉 장전 인허가 과제\2026\2_계산\2_LP\LOW_Fr_MASTER_result\srv198\kit_frontier_runs_p3_produce_r~_RST.APRQ_12_0789.0-b571def8cb-9exoewvu_49f7405f,no_digest,,,0,0,,
,c:\Users\USER\Desktop\CT&RPL\2_Project\KNF_LEU+ 시범연료봉 장전 인허가 과제\2026\2_계산\2_LP\LOW_Fr_MASTER_result\srv198\kit_frontier_runs_p3_produce_r~_RST.APRQ_12_0789.0-ea618b11e6-7rnemfka_4e6caf6f,no_digest,,,0,0,,
,c:\Users\USER\Desktop\CT&RPL\2_Project\KNF_LEU+ 시범연료봉 장전 인허가 과제\2026\2_계산\2_LP\LOW_Fr_MASTER_result\srv198\kit_frontier_runs_p3_produce_r~S_RST.APRQ_11_0618.3-578546faed-40_57pl_3e04e429,no_digest,,,0,0,,
,c:\Users\USER\Desktop\CT&RPL\2_Project\KNF_LEU+ 시범연료봉 장전 인허가 과제\2026\2_계산\2_LP\LOW_Fr_MASTER_result\srv198\kit_frontier_runs_p3_produce_r~S_RST.APRQ_11_0677.2-8b3fb4ea68-dmor3p0_1a6e9c45,no_digest,,,0,0,,
,c:\Users\USER\Desktop\CT&RPL\2_Project\KNF_LEU+ 시범연료봉 장전 인허가 과제\2026\2_계산\2_LP\LOW_Fr_MASTER_result\srv198\kit_frontier_runs_p3_produce_r~S_RST.APRQ_11_0688.2-302a78be13-p979b6w_3a5a3c77,no_digest,,,0,0,,
,c:\Users\USER\Desktop\CT&RPL\2_Project\KNF_LEU+ 시범연료봉 장전 인허가 과제\2026\2_계산\2_LP\LOW_Fr_MASTER_result\srv198\kit_frontier_runs_p3_produce_r~S_RST.APRQ_11_0688.2-69aa1f9be5-8rfg817_5fc4bb79,no_digest,,,0,0,,
,c:\Users\USER\Desktop\CT&RPL\2_Project\KNF_LEU+ 시범연료봉 장전 인허가 과제\2026\2_계산\2_LP\LOW_Fr_MASTER_result\srv198\kit_frontier_runs_p3_produce_r~S_RST.APRQ_11_0766.9-b89855e58a-p16rpdz_16e1d166,no_digest,,,0,0,,
,c:\Users\USER\Desktop\CT&RPL\2_Project\KNF_LEU+ 시범연료봉 장전 인허가 과제\2026\2_계산\2_LP\LOW_Fr_MASTER_result\srv198\kit_frontier_runs_produce_run_~_RST.APRQ_10_0635.8-0416c01be5-sddo387e_6ca232a8,no_digest,,,0,0,,
,c:\Users\USER\Desktop\CT&RPL\2_Project\KNF_LEU+ 시범연료봉 장전 인허가 과제\2026\2_계산\2_LP\LOW_Fr_MASTER_result\srv198\kit_frontier_runs_produce_run_~_RST.APRQ_10_0635.8-069eeaa474-wyga5b7c_9e1d2278,no_digest,,,0,0,,
,c:\Users\USER\Desktop\CT&RPL\2_Project\KNF_LEU+ 시범연료봉 장전 인허가 과제\2026\2_계산\2_LP\LOW_Fr_MASTER_result\srv198\kit_frontier_runs_produce_run_~_RST.APRQ_10_0635.8-06f6b9bf07-ozbd81zp_a7810f95,no_digest,,,0,0,,
,c:\Users\USER\Desktop\CT&RPL\2_Project\KNF_LEU+ 시범연료봉 장전 인허가 과제\2026\2_계산\2_LP\LOW_Fr_MASTER_result\srv198\kit_frontier_runs_produce_run_~_RST.APRQ_10_0635.8-092fc66432-ks1k4_3c_8ca174c6,no_digest,,,0,0,,
,c:\Users\USER\Desktop\CT&RPL\2_Project\KNF_LEU+ 시범연료봉 장전 인허가 과제\2026\2_계산\2_LP\LOW_Fr_MASTER_result\srv198\kit_frontier_runs_produce_run_~_RST.APRQ_10_0635.8-094eb192b5-w58_afd9_412b94a4,no_digest,,,0,0,,
,c:\Users\USER\Desktop\CT&RPL\2_Project\KNF_LEU+ 시범연료봉 장전 인허가 과제\2026\2_계산\2_LP\LOW_Fr_MASTER_result\srv198\kit_frontier_runs_produce_run_~_RST.APRQ_10_0635.8-0be089d18d-9qejmoeh_86f04024,no_digest,,,0,0,,
,c:\Users\USER\Desktop\CT&RPL\2_Project\KNF_LEU+ 시범연료봉 장전 인허가 과제\2026\2_계산\2_LP\LOW_Fr_MASTER_result\srv198\kit_frontier_runs_produce_run_~_RST.APRQ_10_0635.8-0f3ca6ab3d-wl9t3auh_6e25978b,no_digest,,,0,0,,
,c:\Users\USER\Desktop\CT&RPL\2_Project\KNF_LEU+ 시범연료봉 장전 인허가 과제\2026\2_계산\2_LP\LOW_Fr_MASTER_result\srv198\kit_frontier_runs_produce_run_~_RST.APRQ_10_0635.8-0fab4a73ad-25ki85u6_3f64b62f,no_mas_sum,,,0,0,,
,c:\Users\USER\Desktop\CT&RPL\2_Project\KNF_LEU+ 시범연료봉 장전 인허가 과제\2026\2_계산\2_LP\LOW_Fr_MASTER_result\srv198\kit_frontier_runs_produce_run_~_RST.APRQ_10_0635.8-0fd55c5415-a2oviskf_a02fae8e,no_digest,,,0,0,,
,c:\Users\USER\Desktop\CT&RPL\2_Project\KNF_LEU+ 시범연료봉 장전 인허가 과제\2026\2_계산\2_LP\LOW_Fr_MASTER_result\srv198\kit_frontier_runs_produce_run_~_RST.APRQ_10_0635.8-103d533c29-k_pm4lbv_9b86a146,no_digest,,,0,0,,
,c:\Users\USER\Desktop\CT&RPL\2_Project\KNF_LEU+ 시범연료봉 장전 인허가 과제\2026\2_계산\2_LP\LOW_Fr_MASTER_result\srv198\kit_frontier_runs_produce_run_~_RST.APRQ_10_0635.8-10fb12863a-i4keryce_cb9a429e,no_digest,,,0,0,,
,c:\Users\USER\Desktop\CT&RPL\2_Project\KNF_LEU+ 시범연료봉 장전 인허가 과제\2026\2_계산\2_LP\LOW_Fr_MASTER_result\srv198\kit_frontier_runs_produce_run_~_RST.APRQ_10_0635.8-125aadbeba-qlyzu7zx_82ac3403,no_mas_sum,,,0,0,,
,c:\Users\USER\Desktop\CT&RPL\2_Project\KNF_LEU+ 시범연료봉 장전 인허가 과제\2026\2_계산\2_LP\LOW_Fr_MASTER_result\srv198\kit_frontier_runs_produce_run_~_RST.APRQ_10_0635.8-126cb07120-zlu38rlk_ad147ad8,no_digest,,,0,0,,
,c:\Users\USER\Desktop\CT&RPL\2_Project\KNF_LEU+ 시범연료봉 장전 인허가 과제\2026\2_계산\2_LP\LOW_Fr_MASTER_result\srv198\kit_frontier_runs_produce_run_~_RST.APRQ_10_0635.8-176b815804-2kbbrlf9_b709af40,no_digest,,,0,0,,
,c:\Users\USER\Desktop\CT&RPL\2_Project\KNF_LEU+ 시범연료봉 장전 인허가 과제\2026\2_계산\2_LP\LOW_Fr_MASTER_result\srv198\kit_frontier_runs_produce_run_~_RST.APRQ_10_0635.8-17e193bc5a-4fiw5ulj_cae7bc71,no_mas_sum,,,0,0,,
,c:\Users\USER\Desktop\CT&RPL\2_Project\KNF_LEU+ 시범연료봉 장전 인허가 과제\2026\2_계산\2_LP\LOW_Fr_MASTER_result\srv198\kit_frontier_runs_produce_run_~_RST.APRQ_10_0635.8-18645ca673-2tx0cqd2_84609c87,no_digest,,,0,0,,
,c:\Users\USER\Desktop\CT&RPL\2_Project\KNF_LEU+ 시범연료봉 장전 인허가 과제\2026\2_계산\2_LP\LOW_Fr_MASTER_result\srv198\kit_frontier_runs_produce_run_~_RST.APRQ_10_0635.8-187da0d87c-15w25s0u_b307bb87,no_digest,,,0,0,,
,c:\Users\USER\Desktop\CT&RPL\2_Project\KNF_LEU+ 시범연료봉 장전 인허가 과제\2026\2_계산\2_LP\LOW_Fr_MASTER_result\srv198\kit_frontier_runs_produce_run_~_RST.APRQ_10_0635.8-1af33e8cae-qfufwwvp_566d3bcf,no_digest,,,0,0,,
,c:\Users\USER\Desktop\CT&RPL\2_Project\KNF_LEU+ 시범연료봉 장전 인허가 과제\2026\2_계산\2_LP\LOW_Fr_MASTER_result\srv198\kit_frontier_runs_produce_run_~_RST.APRQ_10_0635.8-1c4f2dfa9a-wo9650gb_2ea9effc,no_digest,,,0,0,,
,c:\Users\USER\Desktop\CT&RPL\2_Project\KNF_LEU+ 시범연료봉 장전 인허가 과제\2026\2_계산\2_LP\LOW_Fr_MASTER_result\srv198\kit_frontier_runs_produce_run_~_RST.APRQ_10_0635.8-1f5478956a-hmp29gsc_19b7fe64,no_mas_sum,,,0,0,,
,c:\Users\USER\Desktop\CT&RPL\2_Project\KNF_LEU+ 시범연료봉 장전 인허가 과제\2026\2_계산\2_LP\LOW_Fr_MASTER_result\srv198\kit_frontier_runs_produce_run_~_RST.APRQ_10_0635.8-1f69de07ac-a8mqp9ck_9d9f8661,no_digest,,,0,0,,
,c:\Users\USER\Desktop\CT&RPL\2_Project\KNF_LEU+ 시범연료봉 장전 인허가 과제\2026\2_계산\2_LP\LOW_Fr_MASTER_result\srv198\kit_frontier_runs_produce_run_~_RST.APRQ_10_0635.8-1f795a0025-v2doa5q6_c4f48243,no_mas_sum,,,0,0,,
,c:\Users\USER\Desktop\CT&RPL\2_Project\KNF_LEU+ 시범연료봉 장전 인허가 과제\2026\2_계산\2_LP\LOW_Fr_MASTER_result\srv198\kit_frontier_runs_produce_run_~_RST.APRQ_10_0635.8-1fd5a69ca3-xfx8nbm5_6dcad4d0,no_digest,,,0,0,,
,c:\Users\USER\Desktop\CT&RPL\2_Project\KNF_LEU+ 시범연료봉 장전 인허가 과제\2026\2_계산\2_LP\LOW_Fr_MASTER_result\srv198\kit_frontier_runs_produce_run_~_RST.APRQ_10_0635.8-210bd63bde-kg6f8hea_5c97524d,no_digest,,,0,0,,
,c:\Users\USER\Desktop\CT&RPL\2_Project\KNF_LEU+ 시범연료봉 장전 인허가 과제\2026\2_계산\2_LP\LOW_Fr_MASTER_result\srv198\kit_frontier_runs_produce_run_~_RST.APRQ_10_0635.8-217d7cdfb7-55snbob6_bc793885,no_digest,,,0,0,,
,c:\Users\USER\Desktop\CT&RPL\2_Project\KNF_LEU+ 시범연료봉 장전 인허가 과제\2026\2_계산\2_LP\LOW_Fr_MASTER_result\srv198\kit_frontier_runs_produce_run_~_RST.APRQ_10_0635.8-21fa3e72ec-0tw3hsrr_10ebcc89,no_digest,,,0,0,,
,c:\Users\USER\Desktop\CT&RPL\2_Project\KNF_LEU+ 시범연료봉 장전 인허가 과제\2026\2_계산\2_LP\LOW_Fr_MASTER_result\srv198\kit_frontier_runs_produce_run_~_RST.APRQ_10_0635.8-23eba3613e-bl0pbxe5_a76f7293,no_mas_sum,,,0,0,,
,c:\Users\USER\Desktop\CT&RPL\2_Project\KNF_LEU+ 시범연료봉 장전 인허가 과제\2026\2_계산\2_LP\LOW_Fr_MASTER_result\srv198\kit_frontier_runs_produce_run_~_RST.APRQ_10_0635.8-284294b59a-kqljl66r_6be72b63,no_digest,,,0,0,,
,c:\Users\USER\Desktop\CT&RPL\2_Project\KNF_LEU+ 시범연료봉 장전 인허가 과제\2026\2_계산\2_LP\LOW_Fr_MASTER_result\srv198\kit_frontier_runs_produce_run_~_RST.APRQ_10_0635.8-2929eb0c44-1hdayv3l_caf557cd,no_digest,,,0,0,,
,c:\Users\USER\Desktop\CT&RPL\2_Project\KNF_LEU+ 시범연료봉 장전 인허가 과제\2026\2_계산\2_LP\LOW_Fr_MASTER_result\srv198\kit_frontier_runs_produce_run_~_RST.APRQ_10_0635.8-2aaeaab66a-0e1k4eva_94fa1cf8,no_mas_sum,,,0,0,,
,c:\Users\USER\Desktop\CT&RPL\2_Project\KNF_LEU+ 시범연료봉 장전 인허가 과제\2026\2_계산\2_LP\LOW_Fr_MASTER_result\srv198\kit_frontier_runs_produce_run_~_RST.APRQ_10_0635.8-3410cf7bc8-6nwdr2ym_f0a4ffd1,no_digest,,,0,0,,
,c:\Users\USER\Desktop\CT&RPL\2_Project\KNF_LEU+ 시범연료봉 장전 인허가 과제\2026\2_계산\2_LP\LOW_Fr_MASTER_result\srv198\kit_frontier_runs_produce_run_~_RST.APRQ_10_0635.8-34d3cff9af-_hu8sdtu_9aa99fd4,no_mas_sum,,,0,0,,
,c:\Users\USER\Desktop\CT&RPL\2_Project\KNF_LEU+ 시범연료봉 장전 인허가 과제\2026\2_계산\2_LP\LOW_Fr_MASTER_result\srv198\kit_frontier_runs_produce_run_~_RST.APRQ_10_0635.8-35c284c8e0-wy46x75j_6536bcdd,no_mas_sum,,,0,0,,
,c:\Users\USER\Desktop\CT&RPL\2_Project\KNF_LEU+ 시범연료봉 장전 인허가 과제\2026\2_계산\2_LP\LOW_Fr_MASTER_result\srv198\kit_frontier_runs_produce_run_~_RST.APRQ_10_0635.8-36ca8c5644-pcqfbhjb_0551d528,no_digest,,,0,0,,
,c:\Users\USER\Desktop\CT&RPL\2_Project\KNF_LEU+ 시범연료봉 장전 인허가 과제\2026\2_계산\2_LP\LOW_Fr_MASTER_result\srv198\kit_frontier_runs_produce_run_~_RST.APRQ_10_0635.8-377e058152-cglicjpa_5c6e1963,no_digest,,,0,0,,
,c:\Users\USER\Desktop\CT&RPL\2_Project\KNF_LEU+ 시범연료봉 장전 인허가 과제\2026\2_계산\2_LP\LOW_Fr_MASTER_result\srv198\kit_frontier_runs_produce_run_~_RST.APRQ_10_0635.8-38c11a8617-u5hmsqbq_9ed4618b,no_digest,,,0,0,,
,c:\Users\USER\Desktop\CT&RPL\2_Project\KNF_LEU+ 시범연료봉 장전 인허가 과제\2026\2_계산\2_LP\LOW_Fr_MASTER_result\srv198\kit_frontier_runs_produce_run_~_RST.APRQ_10_0635.8-3ac13aecf5-z4fciojv_10940bc2,no_digest,,,0,0,,
,c:\Users\USER\Desktop\CT&RPL\2_Project\KNF_LEU+ 시범연료봉 장전 인허가 과제\2026\2_계산\2_LP\LOW_Fr_MASTER_result\srv198\kit_frontier_runs_produce_run_~_RST.APRQ_10_0635.8-3afa5eea43-8x_qpkc4_1b9fa4e0,no_mas_sum,,,0,0,,
,c:\Users\USER\Desktop\CT&RPL\2_Project\KNF_LEU+ 시범연료봉 장전 인허가 과제\2026\2_계산\2_LP\LOW_Fr_MASTER_result\srv198\kit_frontier_runs_produce_run_~_RST.APRQ_10_0635.8-3ca5a2db92-q3vy_plq_b0ef6ce0,no_mas_sum,,,0,0,,
,c:\Users\USER\Desktop\CT&RPL\2_Project\KNF_LEU+ 시범연료봉 장전 인허가 과제\2026\2_계산\2_LP\LOW_Fr_MASTER_result\srv198\kit_frontier_runs_produce_run_~_RST.APRQ_10_0635.8-3f64de2f8a-0yyezp48_3e0948d4,no_mas_sum,,,0,0,,
,c:\Users\USER\Desktop\CT&RPL\2_Project\KNF_LEU+ 시범연료봉 장전 인허가 과제\2026\2_계산\2_LP\LOW_Fr_MASTER_result\srv198\kit_frontier_runs_produce_run_~_RST.APRQ_10_0635.8-43015a2367-eksf60j0_8ab3b5f6,no_mas_sum,,,0,0,,
,c:\Users\USER\Desktop\CT&RPL\2_Project\KNF_LEU+ 시범연료봉 장전 인허가 과제\2026\2_계산\2_LP\LOW_Fr_MASTER_result\srv198\kit_frontier_runs_produce_run_~_RST.APRQ_10_0635.8-43debf4478-nfl_gdkc_d703168f,no_digest,,,0,0,,
,c:\Users\USER\Desktop\CT&RPL\2_Project\KNF_LEU+ 시범연료봉 장전 인허가 과제\2026\2_계산\2_LP\LOW_Fr_MASTER_result\srv198\kit_frontier_runs_produce_run_~_RST.APRQ_10_0635.8-43f65fa785-lrjzjfg4_e158d4c7,no_digest,,,0,0,,
,c:\Users\USER\Desktop\CT&RPL\2_Project\KNF_LEU+ 시범연료봉 장전 인허가 과제\2026\2_계산\2_LP\LOW_Fr_MASTER_result\srv198\kit_frontier_runs_produce_run_~_RST.APRQ_10_0635.8-44d17e6e5c-xwq_5kkv_60d4150c,no_mas_sum,,,0,0,,
,c:\Users\USER\Desktop\CT&RPL\2_Project\KNF_LEU+ 시범연료봉 장전 인허가 과제\2026\2_계산\2_LP\LOW_Fr_MASTER_result\srv198\kit_frontier_runs_produce_run_~_RST.APRQ_10_0635.8-4557fe8e31-ce7m524o_14cbee35,no_digest,,,0,0,,
,c:\Users\USER\Desktop\CT&RPL\2_Project\KNF_LEU+ 시범연료봉 장전 인허가 과제\2026\2_계산\2_LP\LOW_Fr_MASTER_result\srv198\kit_frontier_runs_produce_run_~_RST.APRQ_10_0635.8-470de1e7d9-8g2u2cu2_9c40fefe,no_digest,,,0,0,,
,c:\Users\USER\Desktop\CT&RPL\2_Project\KNF_LEU+ 시범연료봉 장전 인허가 과제\2026\2_계산\2_LP\LOW_Fr_MASTER_result\srv198\kit_frontier_runs_produce_run_~_RST.APRQ_10_0635.8-4a49aabdc0-xjdwoeu1_e16eb526,no_digest,,,0,0,,
,c:\Users\USER\Desktop\CT&RPL\2_Project\KNF_LEU+ 시범연료봉 장전 인허가 과제\2026\2_계산\2_LP\LOW_Fr_MASTER_result\srv198\kit_frontier_runs_produce_run_~_RST.APRQ_10_0635.8-4b23912793-2xwkyicr_667751cf,no_digest,,,0,0,,
,c:\Users\USER\Desktop\CT&RPL\2_Project\KNF_LEU+ 시범연료봉 장전 인허가 과제\2026\2_계산\2_LP\LOW_Fr_MASTER_result\srv198\kit_frontier_runs_produce_run_~_RST.APRQ_10_0635.8-4b65005772-8sykls5e_e0da7e55,no_digest,,,0,0,,
,c:\Users\USER\Desktop\CT&RPL\2_Project\KNF_LEU+ 시범연료봉 장전 인허가 과제\2026\2_계산\2_LP\LOW_Fr_MASTER_result\srv198\kit_frontier_runs_produce_run_~_RST.APRQ_10_0635.8-4bbc002a0d-33huri5i_21526978,no_mas_sum,,,0,0,,
,c:\Users\USER\Desktop\CT&RPL\2_Project\KNF_LEU+ 시범연료봉 장전 인허가 과제\2026\2_계산\2_LP\LOW_Fr_MASTER_result\srv198\kit_frontier_runs_produce_run_~_RST.APRQ_10_0635.8-4c57b75455-mjbmizvw_7c8e2c4a,no_digest,,,0,0,,
,c:\Users\USER\Desktop\CT&RPL\2_Project\KNF_LEU+ 시범연료봉 장전 인허가 과제\2026\2_계산\2_LP\LOW_Fr_MASTER_result\srv198\kit_frontier_runs_produce_run_~_RST.APRQ_10_0635.8-4e8b57eb42-0ayim0rm_d8585714,no_digest,,,0,0,,
,c:\Users\USER\Desktop\CT&RPL\2_Project\KNF_LEU+ 시범연료봉 장전 인허가 과제\2026\2_계산\2_LP\LOW_Fr_MASTER_result\srv198\kit_frontier_runs_produce_run_~_RST.APRQ_10_0635.8-528021814f-pjxizuxo_db0041a9,no_digest,,,0,0,,
,c:\Users\USER\Desktop\CT&RPL\2_Project\KNF_LEU+ 시범연료봉 장전 인허가 과제\2026\2_계산\2_LP\LOW_Fr_MASTER_result\srv198\kit_frontier_runs_produce_run_~_RST.APRQ_10_0635.8-574ac8db26-1s1h0fce_e8fd08d3,no_digest,,,0,0,,
,c:\Users\USER\Desktop\CT&RPL\2_Project\KNF_LEU+ 시범연료봉 장전 인허가 과제\2026\2_계산\2_LP\LOW_Fr_MASTER_result\srv198\kit_frontier_runs_produce_run_~_RST.APRQ_10_0635.8-58eb927800-9rxo2k9a_ae05c607,no_digest,,,0,0,,
,c:\Users\USER\Desktop\CT&RPL\2_Project\KNF_LEU+ 시범연료봉 장전 인허가 과제\2026\2_계산\2_LP\LOW_Fr_MASTER_result\srv198\kit_frontier_runs_produce_run_~_RST.APRQ_10_0635.8-5c12eee6e3-kzdq88ck_deed2c2c,no_digest,,,0,0,,
,c:\Users\USER\Desktop\CT&RPL\2_Project\KNF_LEU+ 시범연료봉 장전 인허가 과제\2026\2_계산\2_LP\LOW_Fr_MASTER_result\srv198\kit_frontier_runs_produce_run_~_RST.APRQ_10_0635.8-5c9981d3f2-nmorwn85_439f742d,no_digest,,,0,0,,
,c:\Users\USER\Desktop\CT&RPL\2_Project\KNF_LEU+ 시범연료봉 장전 인허가 과제\2026\2_계산\2_LP\LOW_Fr_MASTER_result\srv198\kit_frontier_runs_produce_run_~_RST.APRQ_10_0635.8-5cdb2442ae-n_h4_5g2_2141c3cf,no_mas_sum,,,0,0,,
,c:\Users\USER\Desktop\CT&RPL\2_Project\KNF_LEU+ 시범연료봉 장전 인허가 과제\2026\2_계산\2_LP\LOW_Fr_MASTER_result\srv198\kit_frontier_runs_produce_run_~_RST.APRQ_10_0635.8-5dafd00f93-xj7evixt_abe5a50f,no_digest,,,0,0,,
,c:\Users\USER\Desktop\CT&RPL\2_Project\KNF_LEU+ 시범연료봉 장전 인허가 과제\2026\2_계산\2_LP\LOW_Fr_MASTER_result\srv198\kit_frontier_runs_produce_run_~_RST.APRQ_10_0635.8-62d87c67cc-g0ded65s_7821523f,no_digest,,,0,0,,
,c:\Users\USER\Desktop\CT&RPL\2_Project\KNF_LEU+ 시범연료봉 장전 인허가 과제\2026\2_계산\2_LP\LOW_Fr_MASTER_result\srv198\kit_frontier_runs_produce_run_~_RST.APRQ_10_0635.8-6308e57bab-a7f5jfse_a83bf70c,no_mas_sum,,,0,0,,
,c:\Users\USER\Desktop\CT&RPL\2_Project\KNF_LEU+ 시범연료봉 장전 인허가 과제\2026\2_계산\2_LP\LOW_Fr_MASTER_result\srv198\kit_frontier_runs_produce_run_~_RST.APRQ_10_0635.8-6443e10d4b-uoehhg_p_9b4acb44,no_mas_sum,,,0,0,,
,c:\Users\USER\Desktop\CT&RPL\2_Project\KNF_LEU+ 시범연료봉 장전 인허가 과제\2026\2_계산\2_LP\LOW_Fr_MASTER_result\srv198\kit_frontier_runs_produce_run_~_RST.APRQ_10_0635.8-64b61858ef-7gk8ol9n_e9df0769,no_digest,,,0,0,,
,c:\Users\USER\Desktop\CT&RPL\2_Project\KNF_LEU+ 시범연료봉 장전 인허가 과제\2026\2_계산\2_LP\LOW_Fr_MASTER_result\srv198\kit_frontier_runs_produce_run_~_RST.APRQ_10_0635.8-65d9b79b7e-78fl2lrm_d90e7c53,no_mas_sum,,,0,0,,
,c:\Users\USER\Desktop\CT&RPL\2_Project\KNF_LEU+ 시범연료봉 장전 인허가 과제\2026\2_계산\2_LP\LOW_Fr_MASTER_result\srv198\kit_frontier_runs_produce_run_~_RST.APRQ_10_0635.8-66b608b8a0-98kyeuz7_71a90d40,no_digest,,,0,0,,
,c:\Users\USER\Desktop\CT&RPL\2_Project\KNF_LEU+ 시범연료봉 장전 인허가 과제\2026\2_계산\2_LP\LOW_Fr_MASTER_result\srv198\kit_frontier_runs_produce_run_~_RST.APRQ_10_0635.8-685090d370-enjcl_x1_a7b42290,no_digest,,,0,0,,
,c:\Users\USER\Desktop\CT&RPL\2_Project\KNF_LEU+ 시범연료봉 장전 인허가 과제\2026\2_계산\2_LP\LOW_Fr_MASTER_result\srv198\kit_frontier_runs_produce_run_~_RST.APRQ_10_0635.8-6b798e876b-cin7jggl_eacf0998,no_mas_sum,,,0,0,,
,c:\Users\USER\Desktop\CT&RPL\2_Project\KNF_LEU+ 시범연료봉 장전 인허가 과제\2026\2_계산\2_LP\LOW_Fr_MASTER_result\srv198\kit_frontier_runs_produce_run_~_RST.APRQ_10_0635.8-6d09f0db3b-hsovjryo_2068d7f2,no_digest,,,0,0,,
,c:\Users\USER\Desktop\CT&RPL\2_Project\KNF_LEU+ 시범연료봉 장전 인허가 과제\2026\2_계산\2_LP\LOW_Fr_MASTER_result\srv198\kit_frontier_runs_produce_run_~_RST.APRQ_10_0635.8-6d41916fc6-sx4v43a1_f6d84675,no_digest,,,0,0,,
,c:\Users\USER\Desktop\CT&RPL\2_Project\KNF_LEU+ 시범연료봉 장전 인허가 과제\2026\2_계산\2_LP\LOW_Fr_MASTER_result\srv198\kit_frontier_runs_produce_run_~_RST.APRQ_10_0635.8-6e5db5e545-uxtocm8n_d66066a9,no_digest,,,0,0,,
,c:\Users\USER\Desktop\CT&RPL\2_Project\KNF_LEU+ 시범연료봉 장전 인허가 과제\2026\2_계산\2_LP\LOW_Fr_MASTER_result\srv198\kit_frontier_runs_produce_run_~_RST.APRQ_10_0635.8-6f540503dd-e1u7dbrs_76f6fbab,no_digest,,,0,0,,
,c:\Users\USER\Desktop\CT&RPL\2_Project\KNF_LEU+ 시범연료봉 장전 인허가 과제\2026\2_계산\2_LP\LOW_Fr_MASTER_result\srv198\kit_frontier_runs_produce_run_~_RST.APRQ_10_0635.8-6f65f29a3c-no2saja6_59655574,no_mas_sum,,,0,0,,
,c:\Users\USER\Desktop\CT&RPL\2_Project\KNF_LEU+ 시범연료봉 장전 인허가 과제\2026\2_계산\2_LP\LOW_Fr_MASTER_result\srv198\kit_frontier_runs_produce_run_~_RST.APRQ_10_0635.8-6fb4ee417e-svi4aeh1_6a06a6f1,no_mas_sum,,,0,0,,
,c:\Users\USER\Desktop\CT&RPL\2_Project\KNF_LEU+ 시범연료봉 장전 인허가 과제\2026\2_계산\2_LP\LOW_Fr_MASTER_result\srv198\kit_frontier_runs_produce_run_~_RST.APRQ_10_0635.8-6fe1ca2092-qw7im_pi_126819d8,no_digest,,,0,0,,
,c:\Users\USER\Desktop\CT&RPL\2_Project\KNF_LEU+ 시범연료봉 장전 인허가 과제\2026\2_계산\2_LP\LOW_Fr_MASTER_result\srv198\kit_frontier_runs_produce_run_~_RST.APRQ_10_0635.8-70840787ea-5yriln08_9ff3b958,no_mas_sum,,,0,0,,
,c:\Users\USER\Desktop\CT&RPL\2_Project\KNF_LEU+ 시범연료봉 장전 인허가 과제\2026\2_계산\2_LP\LOW_Fr_MASTER_result\srv198\kit_frontier_runs_produce_run_~_RST.APRQ_10_0635.8-70e5fd6f4b-697u556r_facc7993,no_digest,,,0,0,,
,c:\Users\USER\Desktop\CT&RPL\2_Project\KNF_LEU+ 시범연료봉 장전 인허가 과제\2026\2_계산\2_LP\LOW_Fr_MASTER_result\srv198\kit_frontier_runs_produce_run_~_RST.APRQ_10_0635.8-730b171e84-v8b0_id6_00714fe8,no_mas_sum,,,0,0,,
,c:\Users\USER\Desktop\CT&RPL\2_Project\KNF_LEU+ 시범연료봉 장전 인허가 과제\2026\2_계산\2_LP\LOW_Fr_MASTER_result\srv198\kit_frontier_runs_produce_run_~_RST.APRQ_10_0635.8-74034d0cf3-hh0tvish_f20672b9,no_digest,,,0,0,,
,c:\Users\USER\Desktop\CT&RPL\2_Project\KNF_LEU+ 시범연료봉 장전 인허가 과제\2026\2_계산\2_LP\LOW_Fr_MASTER_result\srv198\kit_frontier_runs_produce_run_~_RST.APRQ_10_0635.8-749b965c85-6z04frm3_b02b49b0,no_mas_sum,,,0,0,,
,c:\Users\USER\Desktop\CT&RPL\2_Project\KNF_LEU+ 시범연료봉 장전 인허가 과제\2026\2_계산\2_LP\LOW_Fr_MASTER_result\srv198\kit_frontier_runs_produce_run_~_RST.APRQ_10_0635.8-758db9be35-yqtezcme_cf26597b,no_digest,,,0,0,,
,c:\Users\USER\Desktop\CT&RPL\2_Project\KNF_LEU+ 시범연료봉 장전 인허가 과제\2026\2_계산\2_LP\LOW_Fr_MASTER_result\srv198\kit_frontier_runs_produce_run_~_RST.APRQ_10_0635.8-75bfa49cdd-n66eszo5_0df9bb35,no_digest,,,0,0,,
,c:\Users\USER\Desktop\CT&RPL\2_Project\KNF_LEU+ 시범연료봉 장전 인허가 과제\2026\2_계산\2_LP\LOW_Fr_MASTER_result\srv198\kit_frontier_runs_produce_run_~_RST.APRQ_10_0635.8-7b16526a8a-ddmhuk0r_6a2c287d,no_mas_sum,,,0,0,,
,c:\Users\USER\Desktop\CT&RPL\2_Project\KNF_LEU+ 시범연료봉 장전 인허가 과제\2026\2_계산\2_LP\LOW_Fr_MASTER_result\srv198\kit_frontier_runs_produce_run_~_RST.APRQ_10_0635.8-7d430c1c0d-2nxynt9j_2f2ed1f5,no_digest,,,0,0,,
,c:\Users\USER\Desktop\CT&RPL\2_Project\KNF_LEU+ 시범연료봉 장전 인허가 과제\2026\2_계산\2_LP\LOW_Fr_MASTER_result\srv198\kit_frontier_runs_produce_run_~_RST.APRQ_10_0635.8-80b0636918-pxl2npso_c8eb3b93,no_mas_sum,,,0,0,,
,c:\Users\USER\Desktop\CT&RPL\2_Project\KNF_LEU+ 시범연료봉 장전 인허가 과제\2026\2_계산\2_LP\LOW_Fr_MASTER_result\srv198\kit_frontier_runs_produce_run_~_RST.APRQ_10_0635.8-8181b0e309-bph3pmwd_e88f8893,no_digest,,,0,0,,
,c:\Users\USER\Desktop\CT&RPL\2_Project\KNF_LEU+ 시범연료봉 장전 인허가 과제\2026\2_계산\2_LP\LOW_Fr_MASTER_result\srv198\kit_frontier_runs_produce_run_~_RST.APRQ_10_0635.8-8322a9b786-2cnlol51_a8751c5e,no_digest,,,0,0,,
,c:\Users\USER\Desktop\CT&RPL\2_Project\KNF_LEU+ 시범연료봉 장전 인허가 과제\2026\2_계산\2_LP\LOW_Fr_MASTER_result\srv198\kit_frontier_runs_produce_run_~_RST.APRQ_10_0635.8-842f1913f6-cnss4vvd_43d05753,no_mas_sum,,,0,0,,
,c:\Users\USER\Desktop\CT&RPL\2_Project\KNF_LEU+ 시범연료봉 장전 인허가 과제\2026\2_계산\2_LP\LOW_Fr_MASTER_result\srv198\kit_frontier_runs_produce_run_~_RST.APRQ_10_0635.8-85b6dd1e20-xl6v8zik_f1be1b7a,no_mas_sum,,,0,0,,
,c:\Users\USER\Desktop\CT&RPL\2_Project\KNF_LEU+ 시범연료봉 장전 인허가 과제\2026\2_계산\2_LP\LOW_Fr_MASTER_result\srv198\kit_frontier_runs_produce_run_~_RST.APRQ_10_0635.8-89287bd65e-cz_qr3uz_8e3a3159,no_digest,,,0,0,,
,c:\Users\USER\Desktop\CT&RPL\2_Project\KNF_LEU+ 시범연료봉 장전 인허가 과제\2026\2_계산\2_LP\LOW_Fr_MASTER_result\srv198\kit_frontier_runs_produce_run_~_RST.APRQ_10_0635.8-8aefa338f0-4gkbf2s1_61837282,no_digest,,,0,0,,
,c:\Users\USER\Desktop\CT&RPL\2_Project\KNF_LEU+ 시범연료봉 장전 인허가 과제\2026\2_계산\2_LP\LOW_Fr_MASTER_result\srv198\kit_frontier_runs_produce_run_~_RST.APRQ_10_0635.8-8d125f284b-x5vboowa_47f4df67,no_digest,,,0,0,,
,c:\Users\USER\Desktop\CT&RPL\2_Project\KNF_LEU+ 시범연료봉 장전 인허가 과제\2026\2_계산\2_LP\LOW_Fr_MASTER_result\srv198\kit_frontier_runs_produce_run_~_RST.APRQ_10_0635.8-8df6923af0-nvl2pzpn_4555d5a6,no_digest,,,0,0,,
,c:\Users\USER\Desktop\CT&RPL\2_Project\KNF_LEU+ 시범연료봉 장전 인허가 과제\2026\2_계산\2_LP\LOW_Fr_MASTER_result\srv198\kit_frontier_runs_produce_run_~_RST.APRQ_10_0635.8-8f45577f8b-u3wtusgc_b20b3318,no_digest,,,0,0,,
,c:\Users\USER\Desktop\CT&RPL\2_Project\KNF_LEU+ 시범연료봉 장전 인허가 과제\2026\2_계산\2_LP\LOW_Fr_MASTER_result\srv198\kit_frontier_runs_produce_run_~_RST.APRQ_10_0635.8-8f97227f88-pyrjs7li_6b2f2b13,no_digest,,,0,0,,
,c:\Users\USER\Desktop\CT&RPL\2_Project\KNF_LEU+ 시범연료봉 장전 인허가 과제\2026\2_계산\2_LP\LOW_Fr_MASTER_result\srv198\kit_frontier_runs_produce_run_~_RST.APRQ_10_0635.8-98b51d0414-p_htb70y_01c04032,no_digest,,,0,0,,
,c:\Users\USER\Desktop\CT&RPL\2_Project\KNF_LEU+ 시범연료봉 장전 인허가 과제\2026\2_계산\2_LP\LOW_Fr_MASTER_result\srv198\kit_frontier_runs_produce_run_~_RST.APRQ_10_0635.8-9faa6d54d9-wwoctm8q_3b9c62dd,no_digest,,,0,0,,
,c:\Users\USER\Desktop\CT&RPL\2_Project\KNF_LEU+ 시범연료봉 장전 인허가 과제\2026\2_계산\2_LP\LOW_Fr_MASTER_result\srv198\kit_frontier_runs_produce_run_~_RST.APRQ_10_0635.8-a0b04a8ca1-8letr82f_bb626293,no_digest,,,0,0,,
,c:\Users\USER\Desktop\CT&RPL\2_Project\KNF_LEU+ 시범연료봉 장전 인허가 과제\2026\2_계산\2_LP\LOW_Fr_MASTER_result\srv198\kit_frontier_runs_produce_run_~_RST.APRQ_10_0635.8-a2c79ea1f0-ivt54la7_726ea29d,no_digest,,,0,0,,
,c:\Users\USER\Desktop\CT&RPL\2_Project\KNF_LEU+ 시범연료봉 장전 인허가 과제\2026\2_계산\2_LP\LOW_Fr_MASTER_result\srv198\kit_frontier_runs_produce_run_~_RST.APRQ_10_0635.8-a2cdf0e974-2jceb_2c_709632b6,no_mas_sum,,,0,0,,
,c:\Users\USER\Desktop\CT&RPL\2_Project\KNF_LEU+ 시범연료봉 장전 인허가 과제\2026\2_계산\2_LP\LOW_Fr_MASTER_result\srv198\kit_frontier_runs_produce_run_~_RST.APRQ_10_0635.8-a43328abd2-b67ggayv_0403c02d,no_digest,,,0,0,,
,c:\Users\USER\Desktop\CT&RPL\2_Project\KNF_LEU+ 시범연료봉 장전 인허가 과제\2026\2_계산\2_LP\LOW_Fr_MASTER_result\srv198\kit_frontier_runs_produce_run_~_RST.APRQ_10_0635.8-a5078f897c-b4syszhf_a6156fc8,no_digest,,,0,0,,
,c:\Users\USER\Desktop\CT&RPL\2_Project\KNF_LEU+ 시범연료봉 장전 인허가 과제\2026\2_계산\2_LP\LOW_Fr_MASTER_result\srv198\kit_frontier_runs_produce_run_~_RST.APRQ_10_0635.8-a56ea30f61-6gb0becq_60e94313,no_digest,,,0,0,,
,c:\Users\USER\Desktop\CT&RPL\2_Project\KNF_LEU+ 시범연료봉 장전 인허가 과제\2026\2_계산\2_LP\LOW_Fr_MASTER_result\srv198\kit_frontier_runs_produce_run_~_RST.APRQ_10_0635.8-a8fafc2d02-16622ecm_e485cffa,no_digest,,,0,0,,
,c:\Users\USER\Desktop\CT&RPL\2_Project\KNF_LEU+ 시범연료봉 장전 인허가 과제\2026\2_계산\2_LP\LOW_Fr_MASTER_result\srv198\kit_frontier_runs_produce_run_~_RST.APRQ_10_0635.8-a99f9dd4a6-fb2q3juo_ec19d6a1,no_digest,,,0,0,,
,c:\Users\USER\Desktop\CT&RPL\2_Project\KNF_LEU+ 시범연료봉 장전 인허가 과제\2026\2_계산\2_LP\LOW_Fr_MASTER_result\srv198\kit_frontier_runs_produce_run_~_RST.APRQ_10_0635.8-aa5270f268-3lnozmbp_e469a898,no_digest,,,0,0,,
,c:\Users\USER\Desktop\CT&RPL\2_Project\KNF_LEU+ 시범연료봉 장전 인허가 과제\2026\2_계산\2_LP\LOW_Fr_MASTER_result\srv198\kit_frontier_runs_produce_run_~_RST.APRQ_10_0635.8-b2f54b9e19-8whv60h5_ede315d7,no_digest,,,0,0,,
,c:\Users\USER\Desktop\CT&RPL\2_Project\KNF_LEU+ 시범연료봉 장전 인허가 과제\2026\2_계산\2_LP\LOW_Fr_MASTER_result\srv198\kit_frontier_runs_produce_run_~_RST.APRQ_10_0635.8-b711a3b51f-h2ixbpf4_68c0c9cd,no_digest,,,0,0,,
,c:\Users\USER\Desktop\CT&RPL\2_Project\KNF_LEU+ 시범연료봉 장전 인허가 과제\2026\2_계산\2_LP\LOW_Fr_MASTER_result\srv198\kit_frontier_runs_produce_run_~_RST.APRQ_10_0635.8-b92d1793e1-n21j_5zi_cb6ad981,no_digest,,,0,0,,
,c:\Users\USER\Desktop\CT&RPL\2_Project\KNF_LEU+ 시범연료봉 장전 인허가 과제\2026\2_계산\2_LP\LOW_Fr_MASTER_result\srv198\kit_frontier_runs_produce_run_~_RST.APRQ_10_0635.8-bc52dac9f3-o97jo4kl_3c4459d0,no_digest,,,0,0,,
,c:\Users\USER\Desktop\CT&RPL\2_Project\KNF_LEU+ 시범연료봉 장전 인허가 과제\2026\2_계산\2_LP\LOW_Fr_MASTER_result\srv198\kit_frontier_runs_produce_run_~_RST.APRQ_10_0635.8-bd1b365036-gz8_uybn_3cdcfc21,no_digest,,,0,0,,
,c:\Users\USER\Desktop\CT&RPL\2_Project\KNF_LEU+ 시범연료봉 장전 인허가 과제\2026\2_계산\2_LP\LOW_Fr_MASTER_result\srv198\kit_frontier_runs_produce_run_~_RST.APRQ_10_0635.8-bec1c20c66-7tlibfti_1c7bc45e,no_mas_sum,,,0,0,,
,c:\Users\USER\Desktop\CT&RPL\2_Project\KNF_LEU+ 시범연료봉 장전 인허가 과제\2026\2_계산\2_LP\LOW_Fr_MASTER_result\srv198\kit_frontier_runs_produce_run_~_RST.APRQ_10_0635.8-c31477f236-ftcbngce_29a9647f,no_digest,,,0,0,,
,c:\Users\USER\Desktop\CT&RPL\2_Project\KNF_LEU+ 시범연료봉 장전 인허가 과제\2026\2_계산\2_LP\LOW_Fr_MASTER_result\srv198\kit_frontier_runs_produce_run_~_RST.APRQ_10_0635.8-c6b6ad0b8c-0cnryztk_5a8e027f,no_digest,,,0,0,,
,c:\Users\USER\Desktop\CT&RPL\2_Project\KNF_LEU+ 시범연료봉 장전 인허가 과제\2026\2_계산\2_LP\LOW_Fr_MASTER_result\srv198\kit_frontier_runs_produce_run_~_RST.APRQ_10_0635.8-c7d13498c2-5e23ojpt_0960635a,no_mas_sum,,,0,0,,
,c:\Users\USER\Desktop\CT&RPL\2_Project\KNF_LEU+ 시범연료봉 장전 인허가 과제\2026\2_계산\2_LP\LOW_Fr_MASTER_result\srv198\kit_frontier_runs_produce_run_~_RST.APRQ_10_0635.8-c9023a3710-eb55dq9s_a2211ce5,no_digest,,,0,0,,
,c:\Users\USER\Desktop\CT&RPL\2_Project\KNF_LEU+ 시범연료봉 장전 인허가 과제\2026\2_계산\2_LP\LOW_Fr_MASTER_result\srv198\kit_frontier_runs_produce_run_~_RST.APRQ_10_0635.8-ca95502b81-einmnigv_5d1c1ba7,no_digest,,,0,0,,
,c:\Users\USER\Desktop\CT&RPL\2_Project\KNF_LEU+ 시범연료봉 장전 인허가 과제\2026\2_계산\2_LP\LOW_Fr_MASTER_result\srv198\kit_frontier_runs_produce_run_~_RST.APRQ_10_0635.8-ccad969401-f9rzn9o3_4e4fb6f6,no_digest,,,0,0,,
,c:\Users\USER\Desktop\CT&RPL\2_Project\KNF_LEU+ 시범연료봉 장전 인허가 과제\2026\2_계산\2_LP\LOW_Fr_MASTER_result\srv198\kit_frontier_runs_produce_run_~_RST.APRQ_10_0635.8-d0d5266d3b-efrpar3n_f7b26d90,no_digest,,,0,0,,
,c:\Users\USER\Desktop\CT&RPL\2_Project\KNF_LEU+ 시범연료봉 장전 인허가 과제\2026\2_계산\2_LP\LOW_Fr_MASTER_result\srv198\kit_frontier_runs_produce_run_~_RST.APRQ_10_0635.8-d2d7b02e4e-niq8g989_0d4c2b02,no_mas_sum,,,0,0,,
,c:\Users\USER\Desktop\CT&RPL\2_Project\KNF_LEU+ 시범연료봉 장전 인허가 과제\2026\2_계산\2_LP\LOW_Fr_MASTER_result\srv198\kit_frontier_runs_produce_run_~_RST.APRQ_10_0635.8-d32c8c48fa-kt1irboh_8c706c51,no_digest,,,0,0,,
,c:\Users\USER\Desktop\CT&RPL\2_Project\KNF_LEU+ 시범연료봉 장전 인허가 과제\2026\2_계산\2_LP\LOW_Fr_MASTER_result\srv198\kit_frontier_runs_produce_run_~_RST.APRQ_10_0635.8-d3db35a5e7-vifwc1e0_f05e8f77,no_digest,,,0,0,,
,c:\Users\USER\Desktop\CT&RPL\2_Project\KNF_LEU+ 시범연료봉 장전 인허가 과제\2026\2_계산\2_LP\LOW_Fr_MASTER_result\srv198\kit_frontier_runs_produce_run_~_RST.APRQ_10_0635.8-d6a9002081-6cl612jj_43335672,no_digest,,,0,0,,
,c:\Users\USER\Desktop\CT&RPL\2_Project\KNF_LEU+ 시범연료봉 장전 인허가 과제\2026\2_계산\2_LP\LOW_Fr_MASTER_result\srv198\kit_frontier_runs_produce_run_~_RST.APRQ_10_0635.8-d814555da1-f2q35a4y_ea08a99b,no_digest,,,0,0,,
,c:\Users\USER\Desktop\CT&RPL\2_Project\KNF_LEU+ 시범연료봉 장전 인허가 과제\2026\2_계산\2_LP\LOW_Fr_MASTER_result\srv198\kit_frontier_runs_produce_run_~_RST.APRQ_10_0635.8-dabbde315c-hjwy1waj_dfa64f54,no_mas_sum,,,0,0,,
,c:\Users\USER\Desktop\CT&RPL\2_Project\KNF_LEU+ 시범연료봉 장전 인허가 과제\2026\2_계산\2_LP\LOW_Fr_MASTER_result\srv198\kit_frontier_runs_produce_run_~_RST.APRQ_10_0635.8-dbe0cce900-2utu2e_w_5dcc7591,no_digest,,,0,0,,
,c:\Users\USER\Desktop\CT&RPL\2_Project\KNF_LEU+ 시범연료봉 장전 인허가 과제\2026\2_계산\2_LP\LOW_Fr_MASTER_result\srv198\kit_frontier_runs_produce_run_~_RST.APRQ_10_0635.8-dc37ddf9f0-qg6fg4tt_1bbfd069,no_digest,,,0,0,,
,c:\Users\USER\Desktop\CT&RPL\2_Project\KNF_LEU+ 시범연료봉 장전 인허가 과제\2026\2_계산\2_LP\LOW_Fr_MASTER_result\srv198\kit_frontier_runs_produce_run_~_RST.APRQ_10_0635.8-dd8bd98247-z8aegvx6_17f812fb,no_digest,,,0,0,,
,c:\Users\USER\Desktop\CT&RPL\2_Project\KNF_LEU+ 시범연료봉 장전 인허가 과제\2026\2_계산\2_LP\LOW_Fr_MASTER_result\srv198\kit_frontier_runs_produce_run_~_RST.APRQ_10_0635.8-de7be99152-405afn5x_8a945f39,no_digest,,,0,0,,
,c:\Users\USER\Desktop\CT&RPL\2_Project\KNF_LEU+ 시범연료봉 장전 인허가 과제\2026\2_계산\2_LP\LOW_Fr_MASTER_result\srv198\kit_frontier_runs_produce_run_~_RST.APRQ_10_0635.8-df575ae31e-8u7_2aa4_ee21bf0e,no_digest,,,0,0,,
,c:\Users\USER\Desktop\CT&RPL\2_Project\KNF_LEU+ 시범연료봉 장전 인허가 과제\2026\2_계산\2_LP\LOW_Fr_MASTER_result\srv198\kit_frontier_runs_produce_run_~_RST.APRQ_10_0635.8-e1959384a1-v0_vupcn_d7d0b5f8,no_digest,,,0,0,,
,c:\Users\USER\Desktop\CT&RPL\2_Project\KNF_LEU+ 시범연료봉 장전 인허가 과제\2026\2_계산\2_LP\LOW_Fr_MASTER_result\srv198\kit_frontier_runs_produce_run_~_RST.APRQ_10_0635.8-e355e91553-vt040ryq_7df89720,no_digest,,,0,0,,
,c:\Users\USER\Desktop\CT&RPL\2_Project\KNF_LEU+ 시범연료봉 장전 인허가 과제\2026\2_계산\2_LP\LOW_Fr_MASTER_result\srv198\kit_frontier_runs_produce_run_~_RST.APRQ_10_0635.8-e52715f8dd-0eq_0hvk_f6711829,no_mas_sum,,,0,0,,
,c:\Users\USER\Desktop\CT&RPL\2_Project\KNF_LEU+ 시범연료봉 장전 인허가 과제\2026\2_계산\2_LP\LOW_Fr_MASTER_result\srv198\kit_frontier_runs_produce_run_~_RST.APRQ_10_0635.8-e5a2134c52-nt39p0sb_9025ec28,no_digest,,,0,0,,
,c:\Users\USER\Desktop\CT&RPL\2_Project\KNF_LEU+ 시범연료봉 장전 인허가 과제\2026\2_계산\2_LP\LOW_Fr_MASTER_result\srv198\kit_frontier_runs_produce_run_~_RST.APRQ_10_0635.8-e99aa521c8-lyymxcyi_de950103,no_mas_sum,,,0,0,,
,c:\Users\USER\Desktop\CT&RPL\2_Project\KNF_LEU+ 시범연료봉 장전 인허가 과제\2026\2_계산\2_LP\LOW_Fr_MASTER_result\srv198\kit_frontier_runs_produce_run_~_RST.APRQ_10_0635.8-ea462f788f-8sk1v_9q_fa3d30d8,no_digest,,,0,0,,
,c:\Users\USER\Desktop\CT&RPL\2_Project\KNF_LEU+ 시범연료봉 장전 인허가 과제\2026\2_계산\2_LP\LOW_Fr_MASTER_result\srv198\kit_frontier_runs_produce_run_~_RST.APRQ_10_0635.8-ecc81518f5-pj17_u4h_0223ceb3,no_mas_sum,,,0,0,,
,c:\Users\USER\Desktop\CT&RPL\2_Project\KNF_LEU+ 시범연료봉 장전 인허가 과제\2026\2_계산\2_LP\LOW_Fr_MASTER_result\srv198\kit_frontier_runs_produce_run_~_RST.APRQ_10_0635.8-ed092275e4-5b9mxv3a_9617fbf6,no_digest,,,0,0,,
,c:\Users\USER\Desktop\CT&RPL\2_Project\KNF_LEU+ 시범연료봉 장전 인허가 과제\2026\2_계산\2_LP\LOW_Fr_MASTER_result\srv198\kit_frontier_runs_produce_run_~_RST.APRQ_10_0635.8-ed31755c51-xem12w4g_5b458b7c,no_digest,,,0,0,,
,c:\Users\USER\Desktop\CT&RPL\2_Project\KNF_LEU+ 시범연료봉 장전 인허가 과제\2026\2_계산\2_LP\LOW_Fr_MASTER_result\srv198\kit_frontier_runs_produce_run_~_RST.APRQ_10_0635.8-f0f94fa6ba-5wve8kix_25022790,no_digest,,,0,0,,
,c:\Users\USER\Desktop\CT&RPL\2_Project\KNF_LEU+ 시범연료봉 장전 인허가 과제\2026\2_계산\2_LP\LOW_Fr_MASTER_result\srv198\kit_frontier_runs_produce_run_~_RST.APRQ_10_0635.8-f27e1155b9-0k3qn52s_541b640b,no_digest,,,0,0,,
,c:\Users\USER\Desktop\CT&RPL\2_Project\KNF_LEU+ 시범연료봉 장전 인허가 과제\2026\2_계산\2_LP\LOW_Fr_MASTER_result\srv198\kit_frontier_runs_produce_run_~_RST.APRQ_10_0635.8-f308d49b68-d4bkxvc0_d4e2b222,no_mas_sum,,,0,0,,
,c:\Users\USER\Desktop\CT&RPL\2_Project\KNF_LEU+ 시범연료봉 장전 인허가 과제\2026\2_계산\2_LP\LOW_Fr_MASTER_result\srv198\kit_frontier_runs_produce_run_~_RST.APRQ_10_0635.8-f43eaa0ecf-fwxnoa8m_d039c1c8,no_digest,,,0,0,,
,c:\Users\USER\Desktop\CT&RPL\2_Project\KNF_LEU+ 시범연료봉 장전 인허가 과제\2026\2_계산\2_LP\LOW_Fr_MASTER_result\srv198\kit_frontier_runs_produce_run_~_RST.APRQ_10_0635.8-fb6a240ee4-yjkk_r7j_dca0fc18,no_digest,,,0,0,,
,c:\Users\USER\Desktop\CT&RPL\2_Project\KNF_LEU+ 시범연료봉 장전 인허가 과제\2026\2_계산\2_LP\LOW_Fr_MASTER_result\srv198\kit_frontier_runs_produce_run_~_RST.APRQ_10_0635.8-fbab8c4efc-5qu87lsd_bfdfafe1,no_digest,,,0,0,,
,c:\Users\USER\Desktop\CT&RPL\2_Project\KNF_LEU+ 시범연료봉 장전 인허가 과제\2026\2_계산\2_LP\LOW_Fr_MASTER_result\srv198\kit_frontier_runs_produce_run_~_RST.APRQ_10_0635.8-fd724e769e-_y7lnbyy_9552cbbd,no_digest,,,0,0,,
,c:\Users\USER\Desktop\CT&RPL\2_Project\KNF_LEU+ 시범연료봉 장전 인허가 과제\2026\2_계산\2_LP\LOW_Fr_MASTER_result\srv198\kit_frontier_runs_produce_run_~_RST.APRQ_10_0635.8-fd793941a1-8uj_9gdu_9f60f964,no_mas_sum,,,0,0,,
,c:\Users\USER\Desktop\CT&RPL\2_Project\KNF_LEU+ 시범연료봉 장전 인허가 과제\2026\2_계산\2_LP\LOW_Fr_MASTER_result\srv198\kit_frontier_runs_produce_run_~_RST.APRQ_10_0635.8-fe1f49997f-6ko35mhl_e6eb6d62,no_mas_sum,,,0,0,,
,c:\Users\USER\Desktop\CT&RPL\2_Project\KNF_LEU+ 시범연료봉 장전 인허가 과제\2026\2_계산\2_LP\LOW_Fr_MASTER_result\srv198\kit_frontier_runs_produce_run_~_RST.APRQ_11_0615.8-00e0425bed-ixlg3nkj_3485d716,no_digest,,,0,0,,
,c:\Users\USER\Desktop\CT&RPL\2_Project\KNF_LEU+ 시범연료봉 장전 인허가 과제\2026\2_계산\2_LP\LOW_Fr_MASTER_result\srv198\kit_frontier_runs_produce_run_~_RST.APRQ_11_0615.8-0258230fbc-1fe_p12r_a566647b,no_digest,,,0,0,,
,c:\Users\USER\Desktop\CT&RPL\2_Project\KNF_LEU+ 시범연료봉 장전 인허가 과제\2026\2_계산\2_LP\LOW_Fr_MASTER_result\srv198\kit_frontier_runs_produce_run_~_RST.APRQ_11_0615.8-065d7e1f6c-_wql8ads_0e11a104,no_digest,,,0,0,,
,c:\Users\USER\Desktop\CT&RPL\2_Project\KNF_LEU+ 시범연료봉 장전 인허가 과제\2026\2_계산\2_LP\LOW_Fr_MASTER_result\srv198\kit_frontier_runs_produce_run_~_RST.APRQ_11_0615.8-06603b4122-y_52l09x_ce9759c7,no_mas_sum,,,0,0,,
,c:\Users\USER\Desktop\CT&RPL\2_Project\KNF_LEU+ 시범연료봉 장전 인허가 과제\2026\2_계산\2_LP\LOW_Fr_MASTER_result\srv198\kit_frontier_runs_produce_run_~_RST.APRQ_11_0615.8-098ad2340e-d9r9pxme_ed39b8a1,no_mas_sum,,,0,0,,
,c:\Users\USER\Desktop\CT&RPL\2_Project\KNF_LEU+ 시범연료봉 장전 인허가 과제\2026\2_계산\2_LP\LOW_Fr_MASTER_result\srv198\kit_frontier_runs_produce_run_~_RST.APRQ_11_0615.8-0dd17f1bb3-w2o29kxh_75f424ee,no_digest,,,0,0,,
,c:\Users\USER\Desktop\CT&RPL\2_Project\KNF_LEU+ 시범연료봉 장전 인허가 과제\2026\2_계산\2_LP\LOW_Fr_MASTER_result\srv198\kit_frontier_runs_produce_run_~_RST.APRQ_11_0615.8-18eaef77d5-wlmfgr4d_55051585,no_digest,,,0,0,,
,c:\Users\USER\Desktop\CT&RPL\2_Project\KNF_LEU+ 시범연료봉 장전 인허가 과제\2026\2_계산\2_LP\LOW_Fr_MASTER_result\srv198\kit_frontier_runs_produce_run_~_RST.APRQ_11_0615.8-1f4bd3a921-3bsoe9ac_afcf840c,no_digest,,,0,0,,
,c:\Users\USER\Desktop\CT&RPL\2_Project\KNF_LEU+ 시범연료봉 장전 인허가 과제\2026\2_계산\2_LP\LOW_Fr_MASTER_result\srv198\kit_frontier_runs_produce_run_~_RST.APRQ_11_0615.8-208c242c31-irdj648n_1497504c,no_digest,,,0,0,,
,c:\Users\USER\Desktop\CT&RPL\2_Project\KNF_LEU+ 시범연료봉 장전 인허가 과제\2026\2_계산\2_LP\LOW_Fr_MASTER_result\srv198\kit_frontier_runs_produce_run_~_RST.APRQ_11_0615.8-2144e3d7e5-ktyxlxc2_d331310e,no_digest,,,0,0,,
,c:\Users\USER\Desktop\CT&RPL\2_Project\KNF_LEU+ 시범연료봉 장전 인허가 과제\2026\2_계산\2_LP\LOW_Fr_MASTER_result\srv198\kit_frontier_runs_produce_run_~_RST.APRQ_11_0615.8-2a15d56a5f-br4sh6bp_51b4912a,no_digest,,,0,0,,
,c:\Users\USER\Desktop\CT&RPL\2_Project\KNF_LEU+ 시범연료봉 장전 인허가 과제\2026\2_계산\2_LP\LOW_Fr_MASTER_result\srv198\kit_frontier_runs_produce_run_~_RST.APRQ_11_0615.8-2bebeb8c48-irwpbol6_f9a7ac39,no_digest,,,0,0,,
,c:\Users\USER\Desktop\CT&RPL\2_Project\KNF_LEU+ 시범연료봉 장전 인허가 과제\2026\2_계산\2_LP\LOW_Fr_MASTER_result\srv198\kit_frontier_runs_produce_run_~_RST.APRQ_11_0615.8-2c5adeb5fe-qk7y3w_2_3eabbb18,no_digest,,,0,0,,
,c:\Users\USER\Desktop\CT&RPL\2_Project\KNF_LEU+ 시범연료봉 장전 인허가 과제\2026\2_계산\2_LP\LOW_Fr_MASTER_result\srv198\kit_frontier_runs_produce_run_~_RST.APRQ_11_0615.8-2e4ee13982-qcgfuefl_5fe1d75a,no_mas_sum,,,0,0,,
,c:\Users\USER\Desktop\CT&RPL\2_Project\KNF_LEU+ 시범연료봉 장전 인허가 과제\2026\2_계산\2_LP\LOW_Fr_MASTER_result\srv198\kit_frontier_runs_produce_run_~_RST.APRQ_11_0615.8-2fc7471df7-e88510g6_2353d535,no_mas_sum,,,0,0,,
,c:\Users\USER\Desktop\CT&RPL\2_Project\KNF_LEU+ 시범연료봉 장전 인허가 과제\2026\2_계산\2_LP\LOW_Fr_MASTER_result\srv198\kit_frontier_runs_produce_run_~_RST.APRQ_11_0615.8-39ed73a9e5-dp1zg_1d_03268a63,no_mas_sum,,,0,0,,
,c:\Users\USER\Desktop\CT&RPL\2_Project\KNF_LEU+ 시범연료봉 장전 인허가 과제\2026\2_계산\2_LP\LOW_Fr_MASTER_result\srv198\kit_frontier_runs_produce_run_~_RST.APRQ_11_0615.8-3d0c1653c6-yybbodu5_29f244f7,no_digest,,,0,0,,
,c:\Users\USER\Desktop\CT&RPL\2_Project\KNF_LEU+ 시범연료봉 장전 인허가 과제\2026\2_계산\2_LP\LOW_Fr_MASTER_result\srv198\kit_frontier_runs_produce_run_~_RST.APRQ_11_0615.8-3f188be531-ri8rt9l9_971669a6,no_mas_sum,,,0,0,,
,c:\Users\USER\Desktop\CT&RPL\2_Project\KNF_LEU+ 시범연료봉 장전 인허가 과제\2026\2_계산\2_LP\LOW_Fr_MASTER_result\srv198\kit_frontier_runs_produce_run_~_RST.APRQ_11_0615.8-41463002a3-capeu_m6_04a4d62e,no_digest,,,0,0,,
,c:\Users\USER\Desktop\CT&RPL\2_Project\KNF_LEU+ 시범연료봉 장전 인허가 과제\2026\2_계산\2_LP\LOW_Fr_MASTER_result\srv198\kit_frontier_runs_produce_run_~_RST.APRQ_11_0615.8-5a5a5916fd-gx4wwsn3_23c0537c,no_mas_sum,,,0,0,,
,c:\Users\USER\Desktop\CT&RPL\2_Project\KNF_LEU+ 시범연료봉 장전 인허가 과제\2026\2_계산\2_LP\LOW_Fr_MASTER_result\srv198\kit_frontier_runs_produce_run_~_RST.APRQ_11_0615.8-5acc7ba162-e43w4kqy_bd23e027,no_mas_sum,,,0,0,,
,c:\Users\USER\Desktop\CT&RPL\2_Project\KNF_LEU+ 시범연료봉 장전 인허가 과제\2026\2_계산\2_LP\LOW_Fr_MASTER_result\srv198\kit_frontier_runs_produce_run_~_RST.APRQ_11_0615.8-5befa2e663-bk229e27_adbfb1fa,no_mas_sum,,,0,0,,
,c:\Users\USER\Desktop\CT&RPL\2_Project\KNF_LEU+ 시범연료봉 장전 인허가 과제\2026\2_계산\2_LP\LOW_Fr_MASTER_result\srv198\kit_frontier_runs_produce_run_~_RST.APRQ_11_0615.8-5dba201e94-z8aiomoh_60612923,no_digest,,,0,0,,
,c:\Users\USER\Desktop\CT&RPL\2_Project\KNF_LEU+ 시범연료봉 장전 인허가 과제\2026\2_계산\2_LP\LOW_Fr_MASTER_result\srv198\kit_frontier_runs_produce_run_~_RST.APRQ_11_0615.8-61be223a13-bb_xl2_j_88677531,no_mas_sum,,,0,0,,
,c:\Users\USER\Desktop\CT&RPL\2_Project\KNF_LEU+ 시범연료봉 장전 인허가 과제\2026\2_계산\2_LP\LOW_Fr_MASTER_result\srv198\kit_frontier_runs_produce_run_~_RST.APRQ_11_0615.8-61dea69988-a5_9pky8_9b400021,no_digest,,,0,0,,
,c:\Users\USER\Desktop\CT&RPL\2_Project\KNF_LEU+ 시범연료봉 장전 인허가 과제\2026\2_계산\2_LP\LOW_Fr_MASTER_result\srv198\kit_frontier_runs_produce_run_~_RST.APRQ_11_0615.8-64c289ca56-qgboih67_2373f815,no_mas_sum,,,0,0,,
,c:\Users\USER\Desktop\CT&RPL\2_Project\KNF_LEU+ 시범연료봉 장전 인허가 과제\2026\2_계산\2_LP\LOW_Fr_MASTER_result\srv198\kit_frontier_runs_produce_run_~_RST.APRQ_11_0615.8-6796ec12fe-txa4bpys_e9bdf1fa,no_digest,,,0,0,,
,c:\Users\USER\Desktop\CT&RPL\2_Project\KNF_LEU+ 시범연료봉 장전 인허가 과제\2026\2_계산\2_LP\LOW_Fr_MASTER_result\srv198\kit_frontier_runs_produce_run_~_RST.APRQ_11_0615.8-684e6cddc8-ndpk97uc_97efa210,no_mas_sum,,,0,0,,
,c:\Users\USER\Desktop\CT&RPL\2_Project\KNF_LEU+ 시범연료봉 장전 인허가 과제\2026\2_계산\2_LP\LOW_Fr_MASTER_result\srv198\kit_frontier_runs_produce_run_~_RST.APRQ_11_0615.8-696fc156f9-l3d2udaq_5a5c03ba,no_digest,,,0,0,,
,c:\Users\USER\Desktop\CT&RPL\2_Project\KNF_LEU+ 시범연료봉 장전 인허가 과제\2026\2_계산\2_LP\LOW_Fr_MASTER_result\srv198\kit_frontier_runs_produce_run_~_RST.APRQ_11_0615.8-6b4a9b7d33-y0wkbbmh_f602af3a,no_mas_sum,,,0,0,,
,c:\Users\USER\Desktop\CT&RPL\2_Project\KNF_LEU+ 시범연료봉 장전 인허가 과제\2026\2_계산\2_LP\LOW_Fr_MASTER_result\srv198\kit_frontier_runs_produce_run_~_RST.APRQ_11_0615.8-6f741a8560-x5k_f4sg_d9633376,no_digest,,,0,0,,
,c:\Users\USER\Desktop\CT&RPL\2_Project\KNF_LEU+ 시범연료봉 장전 인허가 과제\2026\2_계산\2_LP\LOW_Fr_MASTER_result\srv198\kit_frontier_runs_produce_run_~_RST.APRQ_11_0615.8-707b54c6e1-5vhpm9de_7ab1c656,no_digest,,,0,0,,
,c:\Users\USER\Desktop\CT&RPL\2_Project\KNF_LEU+ 시범연료봉 장전 인허가 과제\2026\2_계산\2_LP\LOW_Fr_MASTER_result\srv198\kit_frontier_runs_produce_run_~_RST.APRQ_11_0615.8-72452298d9-qgf369qj_18810d01,no_mas_sum,,,0,0,,
,c:\Users\USER\Desktop\CT&RPL\2_Project\KNF_LEU+ 시범연료봉 장전 인허가 과제\2026\2_계산\2_LP\LOW_Fr_MASTER_result\srv198\kit_frontier_runs_produce_run_~_RST.APRQ_11_0615.8-725a01ff2f-h5wtn7zt_be3f3a1b,no_mas_sum,,,0,0,,
,c:\Users\USER\Desktop\CT&RPL\2_Project\KNF_LEU+ 시범연료봉 장전 인허가 과제\2026\2_계산\2_LP\LOW_Fr_MASTER_result\srv198\kit_frontier_runs_produce_run_~_RST.APRQ_11_0615.8-7731930b6f-puxmqipo_c17428fc,no_mas_sum,,,0,0,,
,c:\Users\USER\Desktop\CT&RPL\2_Project\KNF_LEU+ 시범연료봉 장전 인허가 과제\2026\2_계산\2_LP\LOW_Fr_MASTER_result\srv198\kit_frontier_runs_produce_run_~_RST.APRQ_11_0615.8-78b2de2329-yetkf7pj_61a2de97,no_digest,,,0,0,,
,c:\Users\USER\Desktop\CT&RPL\2_Project\KNF_LEU+ 시범연료봉 장전 인허가 과제\2026\2_계산\2_LP\LOW_Fr_MASTER_result\srv198\kit_frontier_runs_produce_run_~_RST.APRQ_11_0615.8-7c75f12c5f-5fa0j_y7_cb6b5aeb,no_mas_sum,,,0,0,,
,c:\Users\USER\Desktop\CT&RPL\2_Project\KNF_LEU+ 시범연료봉 장전 인허가 과제\2026\2_계산\2_LP\LOW_Fr_MASTER_result\srv198\kit_frontier_runs_produce_run_~_RST.APRQ_11_0615.8-7f489fc2ed-h3m1cfju_c1474db8,no_digest,,,0,0,,
,c:\Users\USER\Desktop\CT&RPL\2_Project\KNF_LEU+ 시범연료봉 장전 인허가 과제\2026\2_계산\2_LP\LOW_Fr_MASTER_result\srv198\kit_frontier_runs_produce_run_~_RST.APRQ_11_0615.8-83173adda4-0h8pwmuq_bdf451b2,no_digest,,,0,0,,
,c:\Users\USER\Desktop\CT&RPL\2_Project\KNF_LEU+ 시범연료봉 장전 인허가 과제\2026\2_계산\2_LP\LOW_Fr_MASTER_result\srv198\kit_frontier_runs_produce_run_~_RST.APRQ_11_0615.8-9145eeac7e-3j2znrsj_4f575cda,no_digest,,,0,0,,
,c:\Users\USER\Desktop\CT&RPL\2_Project\KNF_LEU+ 시범연료봉 장전 인허가 과제\2026\2_계산\2_LP\LOW_Fr_MASTER_result\srv198\kit_frontier_runs_produce_run_~_RST.APRQ_11_0615.8-931f3efe31-2tq_97h8_3b70be65,no_digest,,,0,0,,
,c:\Users\USER\Desktop\CT&RPL\2_Project\KNF_LEU+ 시범연료봉 장전 인허가 과제\2026\2_계산\2_LP\LOW_Fr_MASTER_result\srv198\kit_frontier_runs_produce_run_~_RST.APRQ_11_0615.8-985017f8e7-zcnejl52_b1195bec,no_mas_sum,,,0,0,,
,c:\Users\USER\Desktop\CT&RPL\2_Project\KNF_LEU+ 시범연료봉 장전 인허가 과제\2026\2_계산\2_LP\LOW_Fr_MASTER_result\srv198\kit_frontier_runs_produce_run_~_RST.APRQ_11_0615.8-9a9a32ad74-ny81znpy_d55868bd,no_mas_sum,,,0,0,,
,c:\Users\USER\Desktop\CT&RPL\2_Project\KNF_LEU+ 시범연료봉 장전 인허가 과제\2026\2_계산\2_LP\LOW_Fr_MASTER_result\srv198\kit_frontier_runs_produce_run_~_RST.APRQ_11_0615.8-9aacd53a19-08r_uu93_7e947ef2,no_digest,,,0,0,,
,c:\Users\USER\Desktop\CT&RPL\2_Project\KNF_LEU+ 시범연료봉 장전 인허가 과제\2026\2_계산\2_LP\LOW_Fr_MASTER_result\srv198\kit_frontier_runs_produce_run_~_RST.APRQ_11_0615.8-9c3f930ff7-lncvj03o_6dcb888f,no_digest,,,0,0,,
,c:\Users\USER\Desktop\CT&RPL\2_Project\KNF_LEU+ 시범연료봉 장전 인허가 과제\2026\2_계산\2_LP\LOW_Fr_MASTER_result\srv198\kit_frontier_runs_produce_run_~_RST.APRQ_11_0615.8-9d4c975874-t4fumeli_938ce626,no_digest,,,0,0,,
,c:\Users\USER\Desktop\CT&RPL\2_Project\KNF_LEU+ 시범연료봉 장전 인허가 과제\2026\2_계산\2_LP\LOW_Fr_MASTER_result\srv198\kit_frontier_runs_produce_run_~_RST.APRQ_11_0615.8-a24b92488c-4kbhd46c_45cc00a4,no_digest,,,0,0,,
,c:\Users\USER\Desktop\CT&RPL\2_Project\KNF_LEU+ 시범연료봉 장전 인허가 과제\2026\2_계산\2_LP\LOW_Fr_MASTER_result\srv198\kit_frontier_runs_produce_run_~_RST.APRQ_11_0615.8-a73d8a7a79-0egmf42c_bae9d1b5,no_mas_sum,,,0,0,,
,c:\Users\USER\Desktop\CT&RPL\2_Project\KNF_LEU+ 시범연료봉 장전 인허가 과제\2026\2_계산\2_LP\LOW_Fr_MASTER_result\srv198\kit_frontier_runs_produce_run_~_RST.APRQ_11_0615.8-a919463a6c-p_zjda4r_77e54c7c,no_mas_sum,,,0,0,,
,c:\Users\USER\Desktop\CT&RPL\2_Project\KNF_LEU+ 시범연료봉 장전 인허가 과제\2026\2_계산\2_LP\LOW_Fr_MASTER_result\srv198\kit_frontier_runs_produce_run_~_RST.APRQ_11_0615.8-ad20296604-dmdlp402_6032a5f0,no_digest,,,0,0,,
,c:\Users\USER\Desktop\CT&RPL\2_Project\KNF_LEU+ 시범연료봉 장전 인허가 과제\2026\2_계산\2_LP\LOW_Fr_MASTER_result\srv198\kit_frontier_runs_produce_run_~_RST.APRQ_11_0615.8-b8e2f63129-n4z_c402_c2ef93ac,no_mas_sum,,,0,0,,
,c:\Users\USER\Desktop\CT&RPL\2_Project\KNF_LEU+ 시범연료봉 장전 인허가 과제\2026\2_계산\2_LP\LOW_Fr_MASTER_result\srv198\kit_frontier_runs_produce_run_~_RST.APRQ_11_0615.8-bb0fb63e10-1ib_q_z8_8354c2cb,no_mas_sum,,,0,0,,
,c:\Users\USER\Desktop\CT&RPL\2_Project\KNF_LEU+ 시범연료봉 장전 인허가 과제\2026\2_계산\2_LP\LOW_Fr_MASTER_result\srv198\kit_frontier_runs_produce_run_~_RST.APRQ_11_0615.8-bd0e369012-tmiwe5rz_89411c7b,no_digest,,,0,0,,
,c:\Users\USER\Desktop\CT&RPL\2_Project\KNF_LEU+ 시범연료봉 장전 인허가 과제\2026\2_계산\2_LP\LOW_Fr_MASTER_result\srv198\kit_frontier_runs_produce_run_~_RST.APRQ_11_0615.8-c09a915da0-pxovg_2x_730414d8,no_mas_sum,,,0,0,,
,c:\Users\USER\Desktop\CT&RPL\2_Project\KNF_LEU+ 시범연료봉 장전 인허가 과제\2026\2_계산\2_LP\LOW_Fr_MASTER_result\srv198\kit_frontier_runs_produce_run_~_RST.APRQ_11_0615.8-c0f75b4f4c-p_w5lnwh_5ee925a2,no_digest,,,0,0,,
,c:\Users\USER\Desktop\CT&RPL\2_Project\KNF_LEU+ 시범연료봉 장전 인허가 과제\2026\2_계산\2_LP\LOW_Fr_MASTER_result\srv198\kit_frontier_runs_produce_run_~_RST.APRQ_11_0615.8-c2beff8f70-ijpxi57z_7e3c5914,no_mas_sum,,,0,0,,
,c:\Users\USER\Desktop\CT&RPL\2_Project\KNF_LEU+ 시범연료봉 장전 인허가 과제\2026\2_계산\2_LP\LOW_Fr_MASTER_result\srv198\kit_frontier_runs_produce_run_~_RST.APRQ_11_0615.8-c4e063b798-6n72wamg_b169b499,no_digest,,,0,0,,
,c:\Users\USER\Desktop\CT&RPL\2_Project\KNF_LEU+ 시범연료봉 장전 인허가 과제\2026\2_계산\2_LP\LOW_Fr_MASTER_result\srv198\kit_frontier_runs_produce_run_~_RST.APRQ_11_0615.8-c5bd3b0e27-but4hisj_2958a31b,no_digest,,,0,0,,
,c:\Users\USER\Desktop\CT&RPL\2_Project\KNF_LEU+ 시범연료봉 장전 인허가 과제\2026\2_계산\2_LP\LOW_Fr_MASTER_result\srv198\kit_frontier_runs_produce_run_~_RST.APRQ_11_0615.8-c68ca11bd7-y4zj1q80_e59191e1,no_digest,,,0,0,,
,c:\Users\USER\Desktop\CT&RPL\2_Project\KNF_LEU+ 시범연료봉 장전 인허가 과제\2026\2_계산\2_LP\LOW_Fr_MASTER_result\srv198\kit_frontier_runs_produce_run_~_RST.APRQ_11_0615.8-cc46d81acf-7ydsgo6s_d5e69d2e,no_mas_sum,,,0,0,,
,c:\Users\USER\Desktop\CT&RPL\2_Project\KNF_LEU+ 시범연료봉 장전 인허가 과제\2026\2_계산\2_LP\LOW_Fr_MASTER_result\srv198\kit_frontier_runs_produce_run_~_RST.APRQ_11_0615.8-cfdf34fc2f-mp4kqmbk_1edc303a,no_digest,,,0,0,,
,c:\Users\USER\Desktop\CT&RPL\2_Project\KNF_LEU+ 시범연료봉 장전 인허가 과제\2026\2_계산\2_LP\LOW_Fr_MASTER_result\srv198\kit_frontier_runs_produce_run_~_RST.APRQ_11_0615.8-d03bcbc6b1-q2v1jzjy_f92be6da,no_mas_sum,,,0,0,,
,c:\Users\USER\Desktop\CT&RPL\2_Project\KNF_LEU+ 시범연료봉 장전 인허가 과제\2026\2_계산\2_LP\LOW_Fr_MASTER_result\srv198\kit_frontier_runs_produce_run_~_RST.APRQ_11_0615.8-d6d59785ab-23fs8bzj_1943e6c1,no_digest,,,0,0,,
,c:\Users\USER\Desktop\CT&RPL\2_Project\KNF_LEU+ 시범연료봉 장전 인허가 과제\2026\2_계산\2_LP\LOW_Fr_MASTER_result\srv198\kit_frontier_runs_produce_run_~_RST.APRQ_11_0615.8-ddbb54c0f0-0fo4dtu5_93f20c88,no_digest,,,0,0,,
,c:\Users\USER\Desktop\CT&RPL\2_Project\KNF_LEU+ 시범연료봉 장전 인허가 과제\2026\2_계산\2_LP\LOW_Fr_MASTER_result\srv198\kit_frontier_runs_produce_run_~_RST.APRQ_11_0615.8-e0beed2138-fsp2kigs_125b83a2,no_digest,,,0,0,,
,c:\Users\USER\Desktop\CT&RPL\2_Project\KNF_LEU+ 시범연료봉 장전 인허가 과제\2026\2_계산\2_LP\LOW_Fr_MASTER_result\srv198\kit_frontier_runs_produce_run_~_RST.APRQ_11_0615.8-e6b6c32e85-k_zjhk6a_f5cfa0a4,no_digest,,,0,0,,
,c:\Users\USER\Desktop\CT&RPL\2_Project\KNF_LEU+ 시범연료봉 장전 인허가 과제\2026\2_계산\2_LP\LOW_Fr_MASTER_result\srv198\kit_frontier_runs_produce_run_~_RST.APRQ_11_0615.8-ee9591f7c1-hmskwm_d_9f386763,no_mas_sum,,,0,0,,
,c:\Users\USER\Desktop\CT&RPL\2_Project\KNF_LEU+ 시범연료봉 장전 인허가 과제\2026\2_계산\2_LP\LOW_Fr_MASTER_result\srv198\kit_frontier_runs_produce_run_~_RST.APRQ_11_0615.8-f0b428ab4f-smoi0uv3_da9d6496,no_mas_sum,,,0,0,,
,c:\Users\USER\Desktop\CT&RPL\2_Project\KNF_LEU+ 시범연료봉 장전 인허가 과제\2026\2_계산\2_LP\LOW_Fr_MASTER_result\srv198\kit_frontier_runs_produce_run_~_RST.APRQ_11_0615.8-f4a4d52faa-lsm7jwbe_5762afa3,no_digest,,,0,0,,
,c:\Users\USER\Desktop\CT&RPL\2_Project\KNF_LEU+ 시범연료봉 장전 인허가 과제\2026\2_계산\2_LP\LOW_Fr_MASTER_result\srv198\kit_frontier_runs_produce_run_~_RST.APRQ_11_0615.8-fc19eeb2c0-f18890l5_f2853a69,no_digest,,,0,0,,
,c:\Users\USER\Desktop\CT&RPL\2_Project\KNF_LEU+ 시범연료봉 장전 인허가 과제\2026\2_계산\2_LP\LOW_Fr_MASTER_result\srv198\kit_frontier_runs_produce_run_~_RST.APRQ_11_0618.3-0000dc73ce-n7qwy5th_e8c41b22,no_digest,,,0,0,,
,c:\Users\USER\Desktop\CT&RPL\2_Project\KNF_LEU+ 시범연료봉 장전 인허가 과제\2026\2_계산\2_LP\LOW_Fr_MASTER_result\srv198\kit_frontier_runs_produce_run_~_RST.APRQ_11_0618.3-00e2fa3683-pimld00h_43c3a183,no_digest,,,0,0,,
,c:\Users\USER\Desktop\CT&RPL\2_Project\KNF_LEU+ 시범연료봉 장전 인허가 과제\2026\2_계산\2_LP\LOW_Fr_MASTER_result\srv198\kit_frontier_runs_produce_run_~_RST.APRQ_11_0618.3-025e95d981-4nvehpsx_ab9499ba,no_digest,,,0,0,,
,c:\Users\USER\Desktop\CT&RPL\2_Project\KNF_LEU+ 시범연료봉 장전 인허가 과제\2026\2_계산\2_LP\LOW_Fr_MASTER_result\srv198\kit_frontier_runs_produce_run_~_RST.APRQ_11_0618.3-03f3b14c13-q2hkpj9p_4903c3e9,no_digest,,,0,0,,
,c:\Users\USER\Desktop\CT&RPL\2_Project\KNF_LEU+ 시범연료봉 장전 인허가 과제\2026\2_계산\2_LP\LOW_Fr_MASTER_result\srv198\kit_frontier_runs_produce_run_~_RST.APRQ_11_0618.3-043f89e292-2akde69n_18fc604b,no_digest,,,0,0,,
,c:\Users\USER\Desktop\CT&RPL\2_Project\KNF_LEU+ 시범연료봉 장전 인허가 과제\2026\2_계산\2_LP\LOW_Fr_MASTER_result\srv198\kit_frontier_runs_produce_run_~_RST.APRQ_11_0618.3-0611c8b9bc-z9grcxki_b8503081,no_digest,,,0,0,,
,c:\Users\USER\Desktop\CT&RPL\2_Project\KNF_LEU+ 시범연료봉 장전 인허가 과제\2026\2_계산\2_LP\LOW_Fr_MASTER_result\srv198\kit_frontier_runs_produce_run_~_RST.APRQ_11_0618.3-06dd0d4151-k3w16wha_4076579c,no_digest,,,0,0,,
,c:\Users\USER\Desktop\CT&RPL\2_Project\KNF_LEU+ 시범연료봉 장전 인허가 과제\2026\2_계산\2_LP\LOW_Fr_MASTER_result\srv198\kit_frontier_runs_produce_run_~_RST.APRQ_11_0618.3-07d9f08730-se8c1g6v_dc2c624a,no_digest,,,0,0,,
,c:\Users\USER\Desktop\CT&RPL\2_Project\KNF_LEU+ 시범연료봉 장전 인허가 과제\2026\2_계산\2_LP\LOW_Fr_MASTER_result\srv198\kit_frontier_runs_produce_run_~_RST.APRQ_11_0618.3-08a393f1a4-beraex8j_1f84846a,no_digest,,,0,0,,
,c:\Users\USER\Desktop\CT&RPL\2_Project\KNF_LEU+ 시범연료봉 장전 인허가 과제\2026\2_계산\2_LP\LOW_Fr_MASTER_result\srv198\kit_frontier_runs_produce_run_~_RST.APRQ_11_0618.3-0a6eacb243-03qebi2i_8e438ac6,no_mas_sum,,,0,0,,
,c:\Users\USER\Desktop\CT&RPL\2_Project\KNF_LEU+ 시범연료봉 장전 인허가 과제\2026\2_계산\2_LP\LOW_Fr_MASTER_result\srv198\kit_frontier_runs_produce_run_~_RST.APRQ_11_0618.3-0eb5690dc6-b6khzku2_3f39bc6a,no_digest,,,0,0,,
,c:\Users\USER\Desktop\CT&RPL\2_Project\KNF_LEU+ 시범연료봉 장전 인허가 과제\2026\2_계산\2_LP\LOW_Fr_MASTER_result\srv198\kit_frontier_runs_produce_run_~_RST.APRQ_11_0618.3-0f19f934df-laqwfhjs_2c4789bd,no_mas_sum,,,0,0,,
,c:\Users\USER\Desktop\CT&RPL\2_Project\KNF_LEU+ 시범연료봉 장전 인허가 과제\2026\2_계산\2_LP\LOW_Fr_MASTER_result\srv198\kit_frontier_runs_produce_run_~_RST.APRQ_11_0618.3-130d6186dc-yp5zs55e_58903b40,no_digest,,,0,0,,
,c:\Users\USER\Desktop\CT&RPL\2_Project\KNF_LEU+ 시범연료봉 장전 인허가 과제\2026\2_계산\2_LP\LOW_Fr_MASTER_result\srv198\kit_frontier_runs_produce_run_~_RST.APRQ_11_0618.3-170f450536-jph4mzza_f7ac18a0,no_digest,,,0,0,,
,c:\Users\USER\Desktop\CT&RPL\2_Project\KNF_LEU+ 시범연료봉 장전 인허가 과제\2026\2_계산\2_LP\LOW_Fr_MASTER_result\srv198\kit_frontier_runs_produce_run_~_RST.APRQ_11_0618.3-1f6abc8ee9-pli8xwlx_ef250f9d,no_mas_sum,,,0,0,,
,c:\Users\USER\Desktop\CT&RPL\2_Project\KNF_LEU+ 시범연료봉 장전 인허가 과제\2026\2_계산\2_LP\LOW_Fr_MASTER_result\srv198\kit_frontier_runs_produce_run_~_RST.APRQ_11_0618.3-22264274cd-2djzggfs_7b80043e,no_digest,,,0,0,,
,c:\Users\USER\Desktop\CT&RPL\2_Project\KNF_LEU+ 시범연료봉 장전 인허가 과제\2026\2_계산\2_LP\LOW_Fr_MASTER_result\srv198\kit_frontier_runs_produce_run_~_RST.APRQ_11_0618.3-234ad690e0-o9qs97hg_bdd5f634,no_digest,,,0,0,,
,c:\Users\USER\Desktop\CT&RPL\2_Project\KNF_LEU+ 시범연료봉 장전 인허가 과제\2026\2_계산\2_LP\LOW_Fr_MASTER_result\srv198\kit_frontier_runs_produce_run_~_RST.APRQ_11_0618.3-236bea93ce-lvfkgxn8_83de8857,no_digest,,,0,0,,
,c:\Users\USER\Desktop\CT&RPL\2_Project\KNF_LEU+ 시범연료봉 장전 인허가 과제\2026\2_계산\2_LP\LOW_Fr_MASTER_result\srv198\kit_frontier_runs_produce_run_~_RST.APRQ_11_0618.3-28e4a97d63-frgss6zv_582dac84,no_digest,,,0,0,,
,c:\Users\USER\Desktop\CT&RPL\2_Project\KNF_LEU+ 시범연료봉 장전 인허가 과제\2026\2_계산\2_LP\LOW_Fr_MASTER_result\srv198\kit_frontier_runs_produce_run_~_RST.APRQ_11_0618.3-29baaf3d6f-c1jxtu4f_81fcc7af,no_digest,,,0,0,,
,c:\Users\USER\Desktop\CT&RPL\2_Project\KNF_LEU+ 시범연료봉 장전 인허가 과제\2026\2_계산\2_LP\LOW_Fr_MASTER_result\srv198\kit_frontier_runs_produce_run_~_RST.APRQ_11_0618.3-2c033d4b28-u5v_xfee_9aa0b445,no_mas_sum,,,0,0,,
,c:\Users\USER\Desktop\CT&RPL\2_Project\KNF_LEU+ 시범연료봉 장전 인허가 과제\2026\2_계산\2_LP\LOW_Fr_MASTER_result\srv198\kit_frontier_runs_produce_run_~_RST.APRQ_11_0618.3-2c42ffce89-4g02mo3p_a26e392a,no_digest,,,0,0,,
,c:\Users\USER\Desktop\CT&RPL\2_Project\KNF_LEU+ 시범연료봉 장전 인허가 과제\2026\2_계산\2_LP\LOW_Fr_MASTER_result\srv198\kit_frontier_runs_produce_run_~_RST.APRQ_11_0618.3-366da0094c-r88683_l_3028e490,no_mas_sum,,,0,0,,
,c:\Users\USER\Desktop\CT&RPL\2_Project\KNF_LEU+ 시범연료봉 장전 인허가 과제\2026\2_계산\2_LP\LOW_Fr_MASTER_result\srv198\kit_frontier_runs_produce_run_~_RST.APRQ_11_0618.3-3886b5c688-tyrdopx6_da94c1eb,no_mas_sum,,,0,0,,
,c:\Users\USER\Desktop\CT&RPL\2_Project\KNF_LEU+ 시범연료봉 장전 인허가 과제\2026\2_계산\2_LP\LOW_Fr_MASTER_result\srv198\kit_frontier_runs_produce_run_~_RST.APRQ_11_0618.3-3aaeaa73c1-c1mcni_n_dda6fa7f,no_digest,,,0,0,,
,c:\Users\USER\Desktop\CT&RPL\2_Project\KNF_LEU+ 시범연료봉 장전 인허가 과제\2026\2_계산\2_LP\LOW_Fr_MASTER_result\srv198\kit_frontier_runs_produce_run_~_RST.APRQ_11_0618.3-41778bdde2-gxh8723y_2e8dc6e9,no_digest,,,0,0,,
,c:\Users\USER\Desktop\CT&RPL\2_Project\KNF_LEU+ 시범연료봉 장전 인허가 과제\2026\2_계산\2_LP\LOW_Fr_MASTER_result\srv198\kit_frontier_runs_produce_run_~_RST.APRQ_11_0618.3-42647773f8-psqcnju2_684296f8,no_mas_sum,,,0,0,,
,c:\Users\USER\Desktop\CT&RPL\2_Project\KNF_LEU+ 시범연료봉 장전 인허가 과제\2026\2_계산\2_LP\LOW_Fr_MASTER_result\srv198\kit_frontier_runs_produce_run_~_RST.APRQ_11_0618.3-43bc851b27-url32rve_ba774014,no_digest,,,0,0,,
,c:\Users\USER\Desktop\CT&RPL\2_Project\KNF_LEU+ 시범연료봉 장전 인허가 과제\2026\2_계산\2_LP\LOW_Fr_MASTER_result\srv198\kit_frontier_runs_produce_run_~_RST.APRQ_11_0618.3-442561b90f-3npg_ghc_d602b363,no_digest,,,0,0,,
,c:\Users\USER\Desktop\CT&RPL\2_Project\KNF_LEU+ 시범연료봉 장전 인허가 과제\2026\2_계산\2_LP\LOW_Fr_MASTER_result\srv198\kit_frontier_runs_produce_run_~_RST.APRQ_11_0618.3-47cdd87c31-7665t_18_0cb221e1,no_mas_sum,,,0,0,,
,c:\Users\USER\Desktop\CT&RPL\2_Project\KNF_LEU+ 시범연료봉 장전 인허가 과제\2026\2_계산\2_LP\LOW_Fr_MASTER_result\srv198\kit_frontier_runs_produce_run_~_RST.APRQ_11_0618.3-48146b35f3-aa3k7q9s_b5c542de,no_digest,,,0,0,,
,c:\Users\USER\Desktop\CT&RPL\2_Project\KNF_LEU+ 시범연료봉 장전 인허가 과제\2026\2_계산\2_LP\LOW_Fr_MASTER_result\srv198\kit_frontier_runs_produce_run_~_RST.APRQ_11_0618.3-4b8bd288dc-fef_4gl8_3c07cb4e,no_digest,,,0,0,,
,c:\Users\USER\Desktop\CT&RPL\2_Project\KNF_LEU+ 시범연료봉 장전 인허가 과제\2026\2_계산\2_LP\LOW_Fr_MASTER_result\srv198\kit_frontier_runs_produce_run_~_RST.APRQ_11_0618.3-4d25426f0c-c2qtc1sm_09fcc689,no_mas_sum,,,0,0,,
,c:\Users\USER\Desktop\CT&RPL\2_Project\KNF_LEU+ 시범연료봉 장전 인허가 과제\2026\2_계산\2_LP\LOW_Fr_MASTER_result\srv198\kit_frontier_runs_produce_run_~_RST.APRQ_11_0618.3-5192820110-v5gb_zjv_041f49aa,no_mas_sum,,,0,0,,
,c:\Users\USER\Desktop\CT&RPL\2_Project\KNF_LEU+ 시범연료봉 장전 인허가 과제\2026\2_계산\2_LP\LOW_Fr_MASTER_result\srv198\kit_frontier_runs_produce_run_~_RST.APRQ_11_0618.3-5650192a9c-476dbn3s_019be9a9,no_digest,,,0,0,,
,c:\Users\USER\Desktop\CT&RPL\2_Project\KNF_LEU+ 시범연료봉 장전 인허가 과제\2026\2_계산\2_LP\LOW_Fr_MASTER_result\srv198\kit_frontier_runs_produce_run_~_RST.APRQ_11_0618.3-56c2e30690-2putoidw_8c769acd,no_mas_sum,,,0,0,,
,c:\Users\USER\Desktop\CT&RPL\2_Project\KNF_LEU+ 시범연료봉 장전 인허가 과제\2026\2_계산\2_LP\LOW_Fr_MASTER_result\srv198\kit_frontier_runs_produce_run_~_RST.APRQ_11_0618.3-56cfdd1acf-jyh4dk_4_18a5e3c9,no_mas_sum,,,0,0,,
,c:\Users\USER\Desktop\CT&RPL\2_Project\KNF_LEU+ 시범연료봉 장전 인허가 과제\2026\2_계산\2_LP\LOW_Fr_MASTER_result\srv198\kit_frontier_runs_produce_run_~_RST.APRQ_11_0618.3-5b1147c9b1-wz6xnwpl_f6ac4c84,no_mas_sum,,,0,0,,
,c:\Users\USER\Desktop\CT&RPL\2_Project\KNF_LEU+ 시범연료봉 장전 인허가 과제\2026\2_계산\2_LP\LOW_Fr_MASTER_result\srv198\kit_frontier_runs_produce_run_~_RST.APRQ_11_0618.3-5d3807c9e7-3c6n1rjp_8c3345a1,no_mas_sum,,,0,0,,
,c:\Users\USER\Desktop\CT&RPL\2_Project\KNF_LEU+ 시범연료봉 장전 인허가 과제\2026\2_계산\2_LP\LOW_Fr_MASTER_result\srv198\kit_frontier_runs_produce_run_~_RST.APRQ_11_0618.3-5ee4747d42-h3l5hgm7_fd103b53,no_digest,,,0,0,,
,c:\Users\USER\Desktop\CT&RPL\2_Project\KNF_LEU+ 시범연료봉 장전 인허가 과제\2026\2_계산\2_LP\LOW_Fr_MASTER_result\srv198\kit_frontier_runs_produce_run_~_RST.APRQ_11_0618.3-6235bcabd9-hzrrgwte_34d96fde,no_digest,,,0,0,,
,c:\Users\USER\Desktop\CT&RPL\2_Project\KNF_LEU+ 시범연료봉 장전 인허가 과제\2026\2_계산\2_LP\LOW_Fr_MASTER_result\srv198\kit_frontier_runs_produce_run_~_RST.APRQ_11_0618.3-69fc2eba1e-3ffjk368_a2980866,no_digest,,,0,0,,
,c:\Users\USER\Desktop\CT&RPL\2_Project\KNF_LEU+ 시범연료봉 장전 인허가 과제\2026\2_계산\2_LP\LOW_Fr_MASTER_result\srv198\kit_frontier_runs_produce_run_~_RST.APRQ_11_0618.3-6cf9ff5251-lsn2p0nt_33f312fb,no_digest,,,0,0,,
,c:\Users\USER\Desktop\CT&RPL\2_Project\KNF_LEU+ 시범연료봉 장전 인허가 과제\2026\2_계산\2_LP\LOW_Fr_MASTER_result\srv198\kit_frontier_runs_produce_run_~_RST.APRQ_11_0618.3-6d4e0ad294-y5uj1uxb_2640cd48,no_digest,,,0,0,,
,c:\Users\USER\Desktop\CT&RPL\2_Project\KNF_LEU+ 시범연료봉 장전 인허가 과제\2026\2_계산\2_LP\LOW_Fr_MASTER_result\srv198\kit_frontier_runs_produce_run_~_RST.APRQ_11_0618.3-732a55bd4f-0mr5ogko_333cd99a,no_digest,,,0,0,,
,c:\Users\USER\Desktop\CT&RPL\2_Project\KNF_LEU+ 시범연료봉 장전 인허가 과제\2026\2_계산\2_LP\LOW_Fr_MASTER_result\srv198\kit_frontier_runs_produce_run_~_RST.APRQ_11_0618.3-7c173bc9a7-zj7o5aur_933006c3,no_digest,,,0,0,,
,c:\Users\USER\Desktop\CT&RPL\2_Project\KNF_LEU+ 시범연료봉 장전 인허가 과제\2026\2_계산\2_LP\LOW_Fr_MASTER_result\srv198\kit_frontier_runs_produce_run_~_RST.APRQ_11_0618.3-7eb87d60cd-ps_k0_3g_ceed54df,no_mas_sum,,,0,0,,
,c:\Users\USER\Desktop\CT&RPL\2_Project\KNF_LEU+ 시범연료봉 장전 인허가 과제\2026\2_계산\2_LP\LOW_Fr_MASTER_result\srv198\kit_frontier_runs_produce_run_~_RST.APRQ_11_0618.3-82e5b90004-tfh2nx2z_3df0795b,no_digest,,,0,0,,
,c:\Users\USER\Desktop\CT&RPL\2_Project\KNF_LEU+ 시범연료봉 장전 인허가 과제\2026\2_계산\2_LP\LOW_Fr_MASTER_result\srv198\kit_frontier_runs_produce_run_~_RST.APRQ_11_0618.3-8545c0b213-xuwd_lit_5c1d0122,no_mas_sum,,,0,0,,
,c:\Users\USER\Desktop\CT&RPL\2_Project\KNF_LEU+ 시범연료봉 장전 인허가 과제\2026\2_계산\2_LP\LOW_Fr_MASTER_result\srv198\kit_frontier_runs_produce_run_~_RST.APRQ_11_0618.3-86b3ff19aa-t99ey7rz_62253385,no_digest,,,0,0,,
,c:\Users\USER\Desktop\CT&RPL\2_Project\KNF_LEU+ 시범연료봉 장전 인허가 과제\2026\2_계산\2_LP\LOW_Fr_MASTER_result\srv198\kit_frontier_runs_produce_run_~_RST.APRQ_11_0618.3-8b5cbf9402-pxleg1ch_812e41be,no_mas_sum,,,0,0,,
,c:\Users\USER\Desktop\CT&RPL\2_Project\KNF_LEU+ 시범연료봉 장전 인허가 과제\2026\2_계산\2_LP\LOW_Fr_MASTER_result\srv198\kit_frontier_runs_produce_run_~_RST.APRQ_11_0618.3-8d919f8854-b8i4gmxs_b78035d5,no_mas_sum,,,0,0,,
,c:\Users\USER\Desktop\CT&RPL\2_Project\KNF_LEU+ 시범연료봉 장전 인허가 과제\2026\2_계산\2_LP\LOW_Fr_MASTER_result\srv198\kit_frontier_runs_produce_run_~_RST.APRQ_11_0618.3-92e2005c9d-glyjd7ak_3db871dd,no_digest,,,0,0,,
,c:\Users\USER\Desktop\CT&RPL\2_Project\KNF_LEU+ 시범연료봉 장전 인허가 과제\2026\2_계산\2_LP\LOW_Fr_MASTER_result\srv198\kit_frontier_runs_produce_run_~_RST.APRQ_11_0618.3-9ab02892c0-o_mfo04h_6bc26aad,no_mas_sum,,,0,0,,
,c:\Users\USER\Desktop\CT&RPL\2_Project\KNF_LEU+ 시범연료봉 장전 인허가 과제\2026\2_계산\2_LP\LOW_Fr_MASTER_result\srv198\kit_frontier_runs_produce_run_~_RST.APRQ_11_0618.3-9b764ab6cf-63ggfyjz_f3e63bad,no_digest,,,0,0,,
,c:\Users\USER\Desktop\CT&RPL\2_Project\KNF_LEU+ 시범연료봉 장전 인허가 과제\2026\2_계산\2_LP\LOW_Fr_MASTER_result\srv198\kit_frontier_runs_produce_run_~_RST.APRQ_11_0618.3-9cf6648416-5u7546tx_dce55f67,no_mas_sum,,,0,0,,
,c:\Users\USER\Desktop\CT&RPL\2_Project\KNF_LEU+ 시범연료봉 장전 인허가 과제\2026\2_계산\2_LP\LOW_Fr_MASTER_result\srv198\kit_frontier_runs_produce_run_~_RST.APRQ_11_0618.3-9ea7c14faa-9rz9datw_7ffec985,no_digest,,,0,0,,
,c:\Users\USER\Desktop\CT&RPL\2_Project\KNF_LEU+ 시범연료봉 장전 인허가 과제\2026\2_계산\2_LP\LOW_Fr_MASTER_result\srv198\kit_frontier_runs_produce_run_~_RST.APRQ_11_0618.3-9eeb834df5-_0kfa7nn_daecc845,no_mas_sum,,,0,0,,
,c:\Users\USER\Desktop\CT&RPL\2_Project\KNF_LEU+ 시범연료봉 장전 인허가 과제\2026\2_계산\2_LP\LOW_Fr_MASTER_result\srv198\kit_frontier_runs_produce_run_~_RST.APRQ_11_0618.3-9f80351810-n66qrnlx_98ee3c90,no_digest,,,0,0,,
,c:\Users\USER\Desktop\CT&RPL\2_Project\KNF_LEU+ 시범연료봉 장전 인허가 과제\2026\2_계산\2_LP\LOW_Fr_MASTER_result\srv198\kit_frontier_runs_produce_run_~_RST.APRQ_11_0618.3-a4941f61c7-h5y48jg2_742f65db,no_mas_sum,,,0,0,,
,c:\Users\USER\Desktop\CT&RPL\2_Project\KNF_LEU+ 시범연료봉 장전 인허가 과제\2026\2_계산\2_LP\LOW_Fr_MASTER_result\srv198\kit_frontier_runs_produce_run_~_RST.APRQ_11_0618.3-ad34ce17f5-d17u7g3z_5dd5c7c5,no_digest,,,0,0,,
,c:\Users\USER\Desktop\CT&RPL\2_Project\KNF_LEU+ 시범연료봉 장전 인허가 과제\2026\2_계산\2_LP\LOW_Fr_MASTER_result\srv198\kit_frontier_runs_produce_run_~_RST.APRQ_11_0618.3-adf3572ce3-4f9bjk8o_bd3eb7d0,no_mas_sum,,,0,0,,
,c:\Users\USER\Desktop\CT&RPL\2_Project\KNF_LEU+ 시범연료봉 장전 인허가 과제\2026\2_계산\2_LP\LOW_Fr_MASTER_result\srv198\kit_frontier_runs_produce_run_~_RST.APRQ_11_0618.3-b22a309103-oqmopd4e_523b2603,no_mas_sum,,,0,0,,
,c:\Users\USER\Desktop\CT&RPL\2_Project\KNF_LEU+ 시범연료봉 장전 인허가 과제\2026\2_계산\2_LP\LOW_Fr_MASTER_result\srv198\kit_frontier_runs_produce_run_~_RST.APRQ_11_0618.3-b3af98b4a8-xrojsett_d9be5ddd,no_digest,,,0,0,,
,c:\Users\USER\Desktop\CT&RPL\2_Project\KNF_LEU+ 시범연료봉 장전 인허가 과제\2026\2_계산\2_LP\LOW_Fr_MASTER_result\srv198\kit_frontier_runs_produce_run_~_RST.APRQ_11_0618.3-b7eb02368c-09dmoe2p_fd2d4890,no_mas_sum,,,0,0,,
,c:\Users\USER\Desktop\CT&RPL\2_Project\KNF_LEU+ 시범연료봉 장전 인허가 과제\2026\2_계산\2_LP\LOW_Fr_MASTER_result\srv198\kit_frontier_runs_produce_run_~_RST.APRQ_11_0618.3-b931088a46-ixvrkt7x_e5bca915,no_mas_sum,,,0,0,,
,c:\Users\USER\Desktop\CT&RPL\2_Project\KNF_LEU+ 시범연료봉 장전 인허가 과제\2026\2_계산\2_LP\LOW_Fr_MASTER_result\srv198\kit_frontier_runs_produce_run_~_RST.APRQ_11_0618.3-b9b7e3e478-kuh51miw_92eed25a,no_mas_sum,,,0,0,,
,c:\Users\USER\Desktop\CT&RPL\2_Project\KNF_LEU+ 시범연료봉 장전 인허가 과제\2026\2_계산\2_LP\LOW_Fr_MASTER_result\srv198\kit_frontier_runs_produce_run_~_RST.APRQ_11_0618.3-bc179e6b21-lbnyk7r5_3f33447d,no_digest,,,0,0,,
,c:\Users\USER\Desktop\CT&RPL\2_Project\KNF_LEU+ 시범연료봉 장전 인허가 과제\2026\2_계산\2_LP\LOW_Fr_MASTER_result\srv198\kit_frontier_runs_produce_run_~_RST.APRQ_11_0618.3-bcb031bfee-du8n_e6u_60751e39,no_digest,,,0,0,,
,c:\Users\USER\Desktop\CT&RPL\2_Project\KNF_LEU+ 시범연료봉 장전 인허가 과제\2026\2_계산\2_LP\LOW_Fr_MASTER_result\srv198\kit_frontier_runs_produce_run_~_RST.APRQ_11_0618.3-bfb1f8d49c-281nle68_6938d71f,no_mas_sum,,,0,0,,
,c:\Users\USER\Desktop\CT&RPL\2_Project\KNF_LEU+ 시범연료봉 장전 인허가 과제\2026\2_계산\2_LP\LOW_Fr_MASTER_result\srv198\kit_frontier_runs_produce_run_~_RST.APRQ_11_0618.3-c2e46950c9-7yna2_6v_171489ad,no_digest,,,0,0,,
,c:\Users\USER\Desktop\CT&RPL\2_Project\KNF_LEU+ 시범연료봉 장전 인허가 과제\2026\2_계산\2_LP\LOW_Fr_MASTER_result\srv198\kit_frontier_runs_produce_run_~_RST.APRQ_11_0618.3-d1a8d88ed4-d4g_lyay_60d60b1f,no_digest,,,0,0,,
,c:\Users\USER\Desktop\CT&RPL\2_Project\KNF_LEU+ 시범연료봉 장전 인허가 과제\2026\2_계산\2_LP\LOW_Fr_MASTER_result\srv198\kit_frontier_runs_produce_run_~_RST.APRQ_11_0618.3-d49eec8368-q4uchbpk_1f186240,no_digest,,,0,0,,
,c:\Users\USER\Desktop\CT&RPL\2_Project\KNF_LEU+ 시범연료봉 장전 인허가 과제\2026\2_계산\2_LP\LOW_Fr_MASTER_result\srv198\kit_frontier_runs_produce_run_~_RST.APRQ_11_0618.3-d63d2b1e34-ejmjbxl4_c1668b81,no_digest,,,0,0,,
,c:\Users\USER\Desktop\CT&RPL\2_Project\KNF_LEU+ 시범연료봉 장전 인허가 과제\2026\2_계산\2_LP\LOW_Fr_MASTER_result\srv198\kit_frontier_runs_produce_run_~_RST.APRQ_11_0618.3-d91cf3d800-ykqf9139_378d7171,no_mas_sum,,,0,0,,
,c:\Users\USER\Desktop\CT&RPL\2_Project\KNF_LEU+ 시범연료봉 장전 인허가 과제\2026\2_계산\2_LP\LOW_Fr_MASTER_result\srv198\kit_frontier_runs_produce_run_~_RST.APRQ_11_0618.3-d9816ef576-9vjfr73n_c00a6451,no_mas_sum,,,0,0,,
,c:\Users\USER\Desktop\CT&RPL\2_Project\KNF_LEU+ 시범연료봉 장전 인허가 과제\2026\2_계산\2_LP\LOW_Fr_MASTER_result\srv198\kit_frontier_runs_produce_run_~_RST.APRQ_11_0618.3-e09fec8f8a-wayzfzt8_1f31c71c,no_mas_sum,,,0,0,,
,c:\Users\USER\Desktop\CT&RPL\2_Project\KNF_LEU+ 시범연료봉 장전 인허가 과제\2026\2_계산\2_LP\LOW_Fr_MASTER_result\srv198\kit_frontier_runs_produce_run_~_RST.APRQ_11_0618.3-e364783b99-pijp9apf_3b32234a,no_mas_sum,,,0,0,,
,c:\Users\USER\Desktop\CT&RPL\2_Project\KNF_LEU+ 시범연료봉 장전 인허가 과제\2026\2_계산\2_LP\LOW_Fr_MASTER_result\srv198\kit_frontier_runs_produce_run_~_RST.APRQ_11_0618.3-eaf2cf059c-jaris9af_a2066548,no_digest,,,0,0,,
,c:\Users\USER\Desktop\CT&RPL\2_Project\KNF_LEU+ 시범연료봉 장전 인허가 과제\2026\2_계산\2_LP\LOW_Fr_MASTER_result\srv198\kit_frontier_runs_produce_run_~_RST.APRQ_11_0618.3-ef54930bfa-oeeyp_kl_b35f1425,no_digest,,,0,0,,
,c:\Users\USER\Desktop\CT&RPL\2_Project\KNF_LEU+ 시범연료봉 장전 인허가 과제\2026\2_계산\2_LP\LOW_Fr_MASTER_result\srv198\kit_frontier_runs_produce_run_~_RST.APRQ_11_0618.3-effade8edd-327kifxv_2a9be1fa,no_digest,,,0,0,,
,c:\Users\USER\Desktop\CT&RPL\2_Project\KNF_LEU+ 시범연료봉 장전 인허가 과제\2026\2_계산\2_LP\LOW_Fr_MASTER_result\srv198\kit_frontier_runs_produce_run_~_RST.APRQ_11_0618.3-f6900a016b-r5emg1if_c5c18d3a,no_mas_sum,,,0,0,,
,c:\Users\USER\Desktop\CT&RPL\2_Project\KNF_LEU+ 시범연료봉 장전 인허가 과제\2026\2_계산\2_LP\LOW_Fr_MASTER_result\srv198\kit_frontier_runs_produce_run_~_RST.APRQ_11_0618.3-f6a781d0ea-91vsiexy_f634e8be,no_digest,,,0,0,,
,c:\Users\USER\Desktop\CT&RPL\2_Project\KNF_LEU+ 시범연료봉 장전 인허가 과제\2026\2_계산\2_LP\LOW_Fr_MASTER_result\srv198\kit_frontier_runs_produce_run_~_RST.APRQ_11_0618.3-f711e76739-e8buyzmg_4509edb9,no_digest,,,0,0,,
,c:\Users\USER\Desktop\CT&RPL\2_Project\KNF_LEU+ 시범연료봉 장전 인허가 과제\2026\2_계산\2_LP\LOW_Fr_MASTER_result\srv198\kit_frontier_runs_produce_run_~_RST.APRQ_11_0618.3-f71448d55b-ax67pyy8_f6afc844,no_digest,,,0,0,,
,c:\Users\USER\Desktop\CT&RPL\2_Project\KNF_LEU+ 시범연료봉 장전 인허가 과제\2026\2_계산\2_LP\LOW_Fr_MASTER_result\srv198\kit_frontier_runs_produce_run_~_RST.APRQ_11_0618.3-f7e4700bb9-1ykue2ua_941f73f2,no_digest,,,0,0,,
,c:\Users\USER\Desktop\CT&RPL\2_Project\KNF_LEU+ 시범연료봉 장전 인허가 과제\2026\2_계산\2_LP\LOW_Fr_MASTER_result\srv198\kit_frontier_runs_produce_run_~_RST.APRQ_11_0618.3-f91315ff71-k6ufms3h_f81e2343,no_mas_sum,,,0,0,,
,c:\Users\USER\Desktop\CT&RPL\2_Project\KNF_LEU+ 시범연료봉 장전 인허가 과제\2026\2_계산\2_LP\LOW_Fr_MASTER_result\srv198\kit_frontier_runs_produce_run_~_RST.APRQ_11_0635.1-04b14bfd87-ognocmur_dde63108,no_digest,,,0,0,,
,c:\Users\USER\Desktop\CT&RPL\2_Project\KNF_LEU+ 시범연료봉 장전 인허가 과제\2026\2_계산\2_LP\LOW_Fr_MASTER_result\srv198\kit_frontier_runs_produce_run_~_RST.APRQ_11_0635.1-0e0f3bac3a-8uqpkr9b_6752016c,no_mas_sum,,,0,0,,
,c:\Users\USER\Desktop\CT&RPL\2_Project\KNF_LEU+ 시범연료봉 장전 인허가 과제\2026\2_계산\2_LP\LOW_Fr_MASTER_result\srv198\kit_frontier_runs_produce_run_~_RST.APRQ_11_0635.1-0e2fd9498c-mfi_z25j_2ee56341,no_digest,,,0,0,,
,c:\Users\USER\Desktop\CT&RPL\2_Project\KNF_LEU+ 시범연료봉 장전 인허가 과제\2026\2_계산\2_LP\LOW_Fr_MASTER_result\srv198\kit_frontier_runs_produce_run_~_RST.APRQ_11_0635.1-169c21d4ce-8wzn_ojs_a92e96f0,no_digest,,,0,0,,
,c:\Users\USER\Desktop\CT&RPL\2_Project\KNF_LEU+ 시범연료봉 장전 인허가 과제\2026\2_계산\2_LP\LOW_Fr_MASTER_result\srv198\kit_frontier_runs_produce_run_~_RST.APRQ_11_0635.1-16e62db051-t20os2py_d4e9eab5,no_mas_sum,,,0,0,,
,c:\Users\USER\Desktop\CT&RPL\2_Project\KNF_LEU+ 시범연료봉 장전 인허가 과제\2026\2_계산\2_LP\LOW_Fr_MASTER_result\srv198\kit_frontier_runs_produce_run_~_RST.APRQ_11_0635.1-1ad25b2933-_cyqgk70_54a0df92,no_mas_sum,,,0,0,,
,c:\Users\USER\Desktop\CT&RPL\2_Project\KNF_LEU+ 시범연료봉 장전 인허가 과제\2026\2_계산\2_LP\LOW_Fr_MASTER_result\srv198\kit_frontier_runs_produce_run_~_RST.APRQ_11_0635.1-1f31f59f68-0d90ip8t_94ff3e32,no_digest,,,0,0,,
,c:\Users\USER\Desktop\CT&RPL\2_Project\KNF_LEU+ 시범연료봉 장전 인허가 과제\2026\2_계산\2_LP\LOW_Fr_MASTER_result\srv198\kit_frontier_runs_produce_run_~_RST.APRQ_11_0635.1-243522d7a1-f_f8z6zi_d80d3683,no_digest,,,0,0,,
,c:\Users\USER\Desktop\CT&RPL\2_Project\KNF_LEU+ 시범연료봉 장전 인허가 과제\2026\2_계산\2_LP\LOW_Fr_MASTER_result\srv198\kit_frontier_runs_produce_run_~_RST.APRQ_11_0635.1-26fdc7fc14-h1vpffs6_30c16dbe,no_mas_sum,,,0,0,,
,c:\Users\USER\Desktop\CT&RPL\2_Project\KNF_LEU+ 시범연료봉 장전 인허가 과제\2026\2_계산\2_LP\LOW_Fr_MASTER_result\srv198\kit_frontier_runs_produce_run_~_RST.APRQ_11_0635.1-298f9cae04-z38z20oc_a7afb53a,no_digest,,,0,0,,
,c:\Users\USER\Desktop\CT&RPL\2_Project\KNF_LEU+ 시범연료봉 장전 인허가 과제\2026\2_계산\2_LP\LOW_Fr_MASTER_result\srv198\kit_frontier_runs_produce_run_~_RST.APRQ_11_0635.1-2fcbe4db92-7sokw9am_c53223da,no_mas_sum,,,0,0,,
,c:\Users\USER\Desktop\CT&RPL\2_Project\KNF_LEU+ 시범연료봉 장전 인허가 과제\2026\2_계산\2_LP\LOW_Fr_MASTER_result\srv198\kit_frontier_runs_produce_run_~_RST.APRQ_11_0635.1-2fce861f20-x19bjjs3_4cd048ab,no_digest,,,0,0,,
,c:\Users\USER\Desktop\CT&RPL\2_Project\KNF_LEU+ 시범연료봉 장전 인허가 과제\2026\2_계산\2_LP\LOW_Fr_MASTER_result\srv198\kit_frontier_runs_produce_run_~_RST.APRQ_11_0635.1-329a34f5b1-c09lsniy_dc49d33f,no_digest,,,0,0,,
,c:\Users\USER\Desktop\CT&RPL\2_Project\KNF_LEU+ 시범연료봉 장전 인허가 과제\2026\2_계산\2_LP\LOW_Fr_MASTER_result\srv198\kit_frontier_runs_produce_run_~_RST.APRQ_11_0635.1-3496c94c73-rt6o4uck_95b87f3d,no_digest,,,0,0,,
,c:\Users\USER\Desktop\CT&RPL\2_Project\KNF_LEU+ 시범연료봉 장전 인허가 과제\2026\2_계산\2_LP\LOW_Fr_MASTER_result\srv198\kit_frontier_runs_produce_run_~_RST.APRQ_11_0635.1-35b728e2fa-m2iwuhck_51eef8d2,no_digest,,,0,0,,
,c:\Users\USER\Desktop\CT&RPL\2_Project\KNF_LEU+ 시범연료봉 장전 인허가 과제\2026\2_계산\2_LP\LOW_Fr_MASTER_result\srv198\kit_frontier_runs_produce_run_~_RST.APRQ_11_0635.1-40499b1224-mi7ew0cm_979b97ae,no_digest,,,0,0,,
,c:\Users\USER\Desktop\CT&RPL\2_Project\KNF_LEU+ 시범연료봉 장전 인허가 과제\2026\2_계산\2_LP\LOW_Fr_MASTER_result\srv198\kit_frontier_runs_produce_run_~_RST.APRQ_11_0635.1-40f05ece03-ii6z7jfu_746ebbd6,no_mas_sum,,,0,0,,
,c:\Users\USER\Desktop\CT&RPL\2_Project\KNF_LEU+ 시범연료봉 장전 인허가 과제\2026\2_계산\2_LP\LOW_Fr_MASTER_result\srv198\kit_frontier_runs_produce_run_~_RST.APRQ_11_0635.1-41eb1dac7e-mm2glbtd_deab07fa,no_digest,,,0,0,,
,c:\Users\USER\Desktop\CT&RPL\2_Project\KNF_LEU+ 시범연료봉 장전 인허가 과제\2026\2_계산\2_LP\LOW_Fr_MASTER_result\srv198\kit_frontier_runs_produce_run_~_RST.APRQ_11_0635.1-429092bf3e-35lku209_1dbfc4db,no_digest,,,0,0,,
,c:\Users\USER\Desktop\CT&RPL\2_Project\KNF_LEU+ 시범연료봉 장전 인허가 과제\2026\2_계산\2_LP\LOW_Fr_MASTER_result\srv198\kit_frontier_runs_produce_run_~_RST.APRQ_11_0635.1-43bd643438-5bp_erd8_35eb8fb5,no_digest,,,0,0,,
,c:\Users\USER\Desktop\CT&RPL\2_Project\KNF_LEU+ 시범연료봉 장전 인허가 과제\2026\2_계산\2_LP\LOW_Fr_MASTER_result\srv198\kit_frontier_runs_produce_run_~_RST.APRQ_11_0635.1-4b669b6787-9bdb1_31_5739ff84,no_digest,,,0,0,,
,c:\Users\USER\Desktop\CT&RPL\2_Project\KNF_LEU+ 시범연료봉 장전 인허가 과제\2026\2_계산\2_LP\LOW_Fr_MASTER_result\srv198\kit_frontier_runs_produce_run_~_RST.APRQ_11_0635.1-4ed7100d0f-omrmlur8_c1eb1273,no_digest,,,0,0,,
,c:\Users\USER\Desktop\CT&RPL\2_Project\KNF_LEU+ 시범연료봉 장전 인허가 과제\2026\2_계산\2_LP\LOW_Fr_MASTER_result\srv198\kit_frontier_runs_produce_run_~_RST.APRQ_11_0635.1-50f066a2af-x1jwomm5_d9b17a2a,no_mas_sum,,,0,0,,
,c:\Users\USER\Desktop\CT&RPL\2_Project\KNF_LEU+ 시범연료봉 장전 인허가 과제\2026\2_계산\2_LP\LOW_Fr_MASTER_result\srv198\kit_frontier_runs_produce_run_~_RST.APRQ_11_0635.1-5339f7f749-j6dxxg4w_a45fd30f,no_mas_sum,,,0,0,,
,c:\Users\USER\Desktop\CT&RPL\2_Project\KNF_LEU+ 시범연료봉 장전 인허가 과제\2026\2_계산\2_LP\LOW_Fr_MASTER_result\srv198\kit_frontier_runs_produce_run_~_RST.APRQ_11_0635.1-54fb12a7db-xv3fz1nf_df44ab4e,no_digest,,,0,0,,
,c:\Users\USER\Desktop\CT&RPL\2_Project\KNF_LEU+ 시범연료봉 장전 인허가 과제\2026\2_계산\2_LP\LOW_Fr_MASTER_result\srv198\kit_frontier_runs_produce_run_~_RST.APRQ_11_0635.1-58ca7c64da-7v4g8fzu_c318e121,no_digest,,,0,0,,
,c:\Users\USER\Desktop\CT&RPL\2_Project\KNF_LEU+ 시범연료봉 장전 인허가 과제\2026\2_계산\2_LP\LOW_Fr_MASTER_result\srv198\kit_frontier_runs_produce_run_~_RST.APRQ_11_0635.1-59cfa575bd-jcodac6y_2b28451d,no_digest,,,0,0,,
,c:\Users\USER\Desktop\CT&RPL\2_Project\KNF_LEU+ 시범연료봉 장전 인허가 과제\2026\2_계산\2_LP\LOW_Fr_MASTER_result\srv198\kit_frontier_runs_produce_run_~_RST.APRQ_11_0635.1-5cc0ba327d-ri44jabi_f0ff5ca5,no_mas_sum,,,0,0,,
,c:\Users\USER\Desktop\CT&RPL\2_Project\KNF_LEU+ 시범연료봉 장전 인허가 과제\2026\2_계산\2_LP\LOW_Fr_MASTER_result\srv198\kit_frontier_runs_produce_run_~_RST.APRQ_11_0635.1-5dced9b44b-w2o9e6c2_147f01cf,no_digest,,,0,0,,
,c:\Users\USER\Desktop\CT&RPL\2_Project\KNF_LEU+ 시범연료봉 장전 인허가 과제\2026\2_계산\2_LP\LOW_Fr_MASTER_result\srv198\kit_frontier_runs_produce_run_~_RST.APRQ_11_0635.1-5e1a076ca0-o5x58p1z_6ea32114,no_digest,,,0,0,,
,c:\Users\USER\Desktop\CT&RPL\2_Project\KNF_LEU+ 시범연료봉 장전 인허가 과제\2026\2_계산\2_LP\LOW_Fr_MASTER_result\srv198\kit_frontier_runs_produce_run_~_RST.APRQ_11_0635.1-5f61404c93-hu8oswz1_7c0812a4,no_digest,,,0,0,,
,c:\Users\USER\Desktop\CT&RPL\2_Project\KNF_LEU+ 시범연료봉 장전 인허가 과제\2026\2_계산\2_LP\LOW_Fr_MASTER_result\srv198\kit_frontier_runs_produce_run_~_RST.APRQ_11_0635.1-5ffd02e2e3-s4bvd2l0_c2b614ef,no_mas_sum,,,0,0,,
,c:\Users\USER\Desktop\CT&RPL\2_Project\KNF_LEU+ 시범연료봉 장전 인허가 과제\2026\2_계산\2_LP\LOW_Fr_MASTER_result\srv198\kit_frontier_runs_produce_run_~_RST.APRQ_11_0635.1-6206088e69-t9aa428z_b5d37b2a,no_mas_sum,,,0,0,,
,c:\Users\USER\Desktop\CT&RPL\2_Project\KNF_LEU+ 시범연료봉 장전 인허가 과제\2026\2_계산\2_LP\LOW_Fr_MASTER_result\srv198\kit_frontier_runs_produce_run_~_RST.APRQ_11_0635.1-63614b6d33-vvp83w72_be1433ee,no_digest,,,0,0,,
,c:\Users\USER\Desktop\CT&RPL\2_Project\KNF_LEU+ 시범연료봉 장전 인허가 과제\2026\2_계산\2_LP\LOW_Fr_MASTER_result\srv198\kit_frontier_runs_produce_run_~_RST.APRQ_11_0635.1-668279e0f5-hr2n31fp_16070368,no_mas_sum,,,0,0,,
,c:\Users\USER\Desktop\CT&RPL\2_Project\KNF_LEU+ 시범연료봉 장전 인허가 과제\2026\2_계산\2_LP\LOW_Fr_MASTER_result\srv198\kit_frontier_runs_produce_run_~_RST.APRQ_11_0635.1-71d8b63529-ov16bdzx_7050885e,no_digest,,,0,0,,
,c:\Users\USER\Desktop\CT&RPL\2_Project\KNF_LEU+ 시범연료봉 장전 인허가 과제\2026\2_계산\2_LP\LOW_Fr_MASTER_result\srv198\kit_frontier_runs_produce_run_~_RST.APRQ_11_0635.1-772f051883-5jl5na4k_90c15205,no_digest,,,0,0,,
,c:\Users\USER\Desktop\CT&RPL\2_Project\KNF_LEU+ 시범연료봉 장전 인허가 과제\2026\2_계산\2_LP\LOW_Fr_MASTER_result\srv198\kit_frontier_runs_produce_run_~_RST.APRQ_11_0635.1-7c1d253889-tdmmhjsk_a5c9a453,no_digest,,,0,0,,
,c:\Users\USER\Desktop\CT&RPL\2_Project\KNF_LEU+ 시범연료봉 장전 인허가 과제\2026\2_계산\2_LP\LOW_Fr_MASTER_result\srv198\kit_frontier_runs_produce_run_~_RST.APRQ_11_0635.1-7e59aa268e-w5qy36g8_3bfb0a3a,no_digest,,,0,0,,
,c:\Users\USER\Desktop\CT&RPL\2_Project\KNF_LEU+ 시범연료봉 장전 인허가 과제\2026\2_계산\2_LP\LOW_Fr_MASTER_result\srv198\kit_frontier_runs_produce_run_~_RST.APRQ_11_0635.1-81b652e31a-wic0zs5n_2e0d1188,no_digest,,,0,0,,
,c:\Users\USER\Desktop\CT&RPL\2_Project\KNF_LEU+ 시범연료봉 장전 인허가 과제\2026\2_계산\2_LP\LOW_Fr_MASTER_result\srv198\kit_frontier_runs_produce_run_~_RST.APRQ_11_0635.1-84e0906610-asr56j40_a1c6dd68,no_digest,,,0,0,,
,c:\Users\USER\Desktop\CT&RPL\2_Project\KNF_LEU+ 시범연료봉 장전 인허가 과제\2026\2_계산\2_LP\LOW_Fr_MASTER_result\srv198\kit_frontier_runs_produce_run_~_RST.APRQ_11_0635.1-8c42600bbf-jwbgbmhj_0c1d4f7f,no_mas_sum,,,0,0,,
,c:\Users\USER\Desktop\CT&RPL\2_Project\KNF_LEU+ 시범연료봉 장전 인허가 과제\2026\2_계산\2_LP\LOW_Fr_MASTER_result\srv198\kit_frontier_runs_produce_run_~_RST.APRQ_11_0635.1-8d1203ed81-dpxaii3o_58c91e89,no_digest,,,0,0,,
,c:\Users\USER\Desktop\CT&RPL\2_Project\KNF_LEU+ 시범연료봉 장전 인허가 과제\2026\2_계산\2_LP\LOW_Fr_MASTER_result\srv198\kit_frontier_runs_produce_run_~_RST.APRQ_11_0635.1-8d862607e4-f0hj_2d8_bb6904e1,no_digest,,,0,0,,
,c:\Users\USER\Desktop\CT&RPL\2_Project\KNF_LEU+ 시범연료봉 장전 인허가 과제\2026\2_계산\2_LP\LOW_Fr_MASTER_result\srv198\kit_frontier_runs_produce_run_~_RST.APRQ_11_0635.1-8db3b15dca-n4bxqtjb_eaaeb6a0,no_digest,,,0,0,,
,c:\Users\USER\Desktop\CT&RPL\2_Project\KNF_LEU+ 시범연료봉 장전 인허가 과제\2026\2_계산\2_LP\LOW_Fr_MASTER_result\srv198\kit_frontier_runs_produce_run_~_RST.APRQ_11_0635.1-8f5f8152ad-eh451wsh_1425fdba,no_digest,,,0,0,,
,c:\Users\USER\Desktop\CT&RPL\2_Project\KNF_LEU+ 시범연료봉 장전 인허가 과제\2026\2_계산\2_LP\LOW_Fr_MASTER_result\srv198\kit_frontier_runs_produce_run_~_RST.APRQ_11_0635.1-8f68fc24a2-qgla7ehq_b8bd8f36,no_mas_sum,,,0,0,,
,c:\Users\USER\Desktop\CT&RPL\2_Project\KNF_LEU+ 시범연료봉 장전 인허가 과제\2026\2_계산\2_LP\LOW_Fr_MASTER_result\srv198\kit_frontier_runs_produce_run_~_RST.APRQ_11_0635.1-926fc75269-snlhr41u_af0a393a,no_digest,,,0,0,,
,c:\Users\USER\Desktop\CT&RPL\2_Project\KNF_LEU+ 시범연료봉 장전 인허가 과제\2026\2_계산\2_LP\LOW_Fr_MASTER_result\srv198\kit_frontier_runs_produce_run_~_RST.APRQ_11_0635.1-9442415136-cu29a6z6_118b197e,no_digest,,,0,0,,
,c:\Users\USER\Desktop\CT&RPL\2_Project\KNF_LEU+ 시범연료봉 장전 인허가 과제\2026\2_계산\2_LP\LOW_Fr_MASTER_result\srv198\kit_frontier_runs_produce_run_~_RST.APRQ_11_0635.1-94fa31b82a-i2zuzlls_567562a8,no_mas_sum,,,0,0,,
,c:\Users\USER\Desktop\CT&RPL\2_Project\KNF_LEU+ 시범연료봉 장전 인허가 과제\2026\2_계산\2_LP\LOW_Fr_MASTER_result\srv198\kit_frontier_runs_produce_run_~_RST.APRQ_11_0635.1-9659f6e7fb-3mcqetju_db2c2f0f,no_digest,,,0,0,,
,c:\Users\USER\Desktop\CT&RPL\2_Project\KNF_LEU+ 시범연료봉 장전 인허가 과제\2026\2_계산\2_LP\LOW_Fr_MASTER_result\srv198\kit_frontier_runs_produce_run_~_RST.APRQ_11_0635.1-9ad17bfad3-tcyp8jvx_cd745928,no_mas_sum,,,0,0,,
,c:\Users\USER\Desktop\CT&RPL\2_Project\KNF_LEU+ 시범연료봉 장전 인허가 과제\2026\2_계산\2_LP\LOW_Fr_MASTER_result\srv198\kit_frontier_runs_produce_run_~_RST.APRQ_11_0635.1-9ed5543058-6m4xjrtt_12082411,no_mas_sum,,,0,0,,
,c:\Users\USER\Desktop\CT&RPL\2_Project\KNF_LEU+ 시범연료봉 장전 인허가 과제\2026\2_계산\2_LP\LOW_Fr_MASTER_result\srv198\kit_frontier_runs_produce_run_~_RST.APRQ_11_0635.1-aaf7e8ced0-czrqg_7x_945b273e,no_digest,,,0,0,,
,c:\Users\USER\Desktop\CT&RPL\2_Project\KNF_LEU+ 시범연료봉 장전 인허가 과제\2026\2_계산\2_LP\LOW_Fr_MASTER_result\srv198\kit_frontier_runs_produce_run_~_RST.APRQ_11_0635.1-b83241009c-jw4ocjqf_7201632b,no_mas_sum,,,0,0,,
,c:\Users\USER\Desktop\CT&RPL\2_Project\KNF_LEU+ 시범연료봉 장전 인허가 과제\2026\2_계산\2_LP\LOW_Fr_MASTER_result\srv198\kit_frontier_runs_produce_run_~_RST.APRQ_11_0635.1-b8b06ac6d5-34l7h535_5c1aa761,no_digest,,,0,0,,
,c:\Users\USER\Desktop\CT&RPL\2_Project\KNF_LEU+ 시범연료봉 장전 인허가 과제\2026\2_계산\2_LP\LOW_Fr_MASTER_result\srv198\kit_frontier_runs_produce_run_~_RST.APRQ_11_0635.1-b9c500be50-a83keidb_3ff8f94b,no_digest,,,0,0,,
,c:\Users\USER\Desktop\CT&RPL\2_Project\KNF_LEU+ 시범연료봉 장전 인허가 과제\2026\2_계산\2_LP\LOW_Fr_MASTER_result\srv198\kit_frontier_runs_produce_run_~_RST.APRQ_11_0635.1-bb87ec1de9-hmgf0kyx_d669e00f,no_mas_sum,,,0,0,,
,c:\Users\USER\Desktop\CT&RPL\2_Project\KNF_LEU+ 시범연료봉 장전 인허가 과제\2026\2_계산\2_LP\LOW_Fr_MASTER_result\srv198\kit_frontier_runs_produce_run_~_RST.APRQ_11_0635.1-bb9a9b86f1-53fo15u4_6541f156,no_digest,,,0,0,,
,c:\Users\USER\Desktop\CT&RPL\2_Project\KNF_LEU+ 시범연료봉 장전 인허가 과제\2026\2_계산\2_LP\LOW_Fr_MASTER_result\srv198\kit_frontier_runs_produce_run_~_RST.APRQ_11_0635.1-bfe266f2a1-evnvst09_cf51473e,no_digest,,,0,0,,
,c:\Users\USER\Desktop\CT&RPL\2_Project\KNF_LEU+ 시범연료봉 장전 인허가 과제\2026\2_계산\2_LP\LOW_Fr_MASTER_result\srv198\kit_frontier_runs_produce_run_~_RST.APRQ_11_0635.1-c3aef8fc81-iqfl4x03_2a253df8,no_digest,,,0,0,,
,c:\Users\USER\Desktop\CT&RPL\2_Project\KNF_LEU+ 시범연료봉 장전 인허가 과제\2026\2_계산\2_LP\LOW_Fr_MASTER_result\srv198\kit_frontier_runs_produce_run_~_RST.APRQ_11_0635.1-c69233bb2b-h6k5tv7l_b7191cdc,no_digest,,,0,0,,
,c:\Users\USER\Desktop\CT&RPL\2_Project\KNF_LEU+ 시범연료봉 장전 인허가 과제\2026\2_계산\2_LP\LOW_Fr_MASTER_result\srv198\kit_frontier_runs_produce_run_~_RST.APRQ_11_0635.1-c9ee9f0328-ru5x_281_79e5b010,no_digest,,,0,0,,
,c:\Users\USER\Desktop\CT&RPL\2_Project\KNF_LEU+ 시범연료봉 장전 인허가 과제\2026\2_계산\2_LP\LOW_Fr_MASTER_result\srv198\kit_frontier_runs_produce_run_~_RST.APRQ_11_0635.1-cbd4ed3981-2qgq6b5f_cf39af2f,no_mas_sum,,,0,0,,
,c:\Users\USER\Desktop\CT&RPL\2_Project\KNF_LEU+ 시범연료봉 장전 인허가 과제\2026\2_계산\2_LP\LOW_Fr_MASTER_result\srv198\kit_frontier_runs_produce_run_~_RST.APRQ_11_0635.1-d28037cc04-4ngokqp1_e18799b6,no_digest,,,0,0,,
,c:\Users\USER\Desktop\CT&RPL\2_Project\KNF_LEU+ 시범연료봉 장전 인허가 과제\2026\2_계산\2_LP\LOW_Fr_MASTER_result\srv198\kit_frontier_runs_produce_run_~_RST.APRQ_11_0635.1-d42ba3bfa0-l68l_ftp_2fc05215,no_mas_sum,,,0,0,,
,c:\Users\USER\Desktop\CT&RPL\2_Project\KNF_LEU+ 시범연료봉 장전 인허가 과제\2026\2_계산\2_LP\LOW_Fr_MASTER_result\srv198\kit_frontier_runs_produce_run_~_RST.APRQ_11_0635.1-d6034331d7-vq8y7qqw_089ea8d4,no_digest,,,0,0,,
,c:\Users\USER\Desktop\CT&RPL\2_Project\KNF_LEU+ 시범연료봉 장전 인허가 과제\2026\2_계산\2_LP\LOW_Fr_MASTER_result\srv198\kit_frontier_runs_produce_run_~_RST.APRQ_11_0635.1-d647a7eccc-qjwij1hm_39b5ec05,no_mas_sum,,,0,0,,
,c:\Users\USER\Desktop\CT&RPL\2_Project\KNF_LEU+ 시범연료봉 장전 인허가 과제\2026\2_계산\2_LP\LOW_Fr_MASTER_result\srv198\kit_frontier_runs_produce_run_~_RST.APRQ_11_0635.1-d6d9baddd5-jgijtdjt_5158b2f6,no_digest,,,0,0,,
,c:\Users\USER\Desktop\CT&RPL\2_Project\KNF_LEU+ 시범연료봉 장전 인허가 과제\2026\2_계산\2_LP\LOW_Fr_MASTER_result\srv198\kit_frontier_runs_produce_run_~_RST.APRQ_11_0635.1-d760d2bfe3-ynpwxwuk_ffcd2ba3,no_digest,,,0,0,,
,c:\Users\USER\Desktop\CT&RPL\2_Project\KNF_LEU+ 시범연료봉 장전 인허가 과제\2026\2_계산\2_LP\LOW_Fr_MASTER_result\srv198\kit_frontier_runs_produce_run_~_RST.APRQ_11_0635.1-d7bcf184f7-iypy2_kp_4b971346,no_digest,,,0,0,,
,c:\Users\USER\Desktop\CT&RPL\2_Project\KNF_LEU+ 시범연료봉 장전 인허가 과제\2026\2_계산\2_LP\LOW_Fr_MASTER_result\srv198\kit_frontier_runs_produce_run_~_RST.APRQ_11_0635.1-db53b26551-yomyij8e_e92b58df,no_digest,,,0,0,,
,c:\Users\USER\Desktop\CT&RPL\2_Project\KNF_LEU+ 시범연료봉 장전 인허가 과제\2026\2_계산\2_LP\LOW_Fr_MASTER_result\srv198\kit_frontier_runs_produce_run_~_RST.APRQ_11_0635.1-dd5d08e92f-5blz2g9n_8ecbd6db,no_digest,,,0,0,,
,c:\Users\USER\Desktop\CT&RPL\2_Project\KNF_LEU+ 시범연료봉 장전 인허가 과제\2026\2_계산\2_LP\LOW_Fr_MASTER_result\srv198\kit_frontier_runs_produce_run_~_RST.APRQ_11_0635.1-e116d4d2e1-1sqof1lp_56967a46,no_mas_sum,,,0,0,,
,c:\Users\USER\Desktop\CT&RPL\2_Project\KNF_LEU+ 시범연료봉 장전 인허가 과제\2026\2_계산\2_LP\LOW_Fr_MASTER_result\srv198\kit_frontier_runs_produce_run_~_RST.APRQ_11_0635.1-e46ad4db9a-59_v2xuq_36b0a648,no_mas_sum,,,0,0,,
,c:\Users\USER\Desktop\CT&RPL\2_Project\KNF_LEU+ 시범연료봉 장전 인허가 과제\2026\2_계산\2_LP\LOW_Fr_MASTER_result\srv198\kit_frontier_runs_produce_run_~_RST.APRQ_11_0635.1-e6cb433a02-r257o0vu_6b957c59,no_digest,,,0,0,,
,c:\Users\USER\Desktop\CT&RPL\2_Project\KNF_LEU+ 시범연료봉 장전 인허가 과제\2026\2_계산\2_LP\LOW_Fr_MASTER_result\srv198\kit_frontier_runs_produce_run_~_RST.APRQ_11_0635.1-edb7e9053b-getk_dri_f1bbbd3e,no_digest,,,0,0,,
,c:\Users\USER\Desktop\CT&RPL\2_Project\KNF_LEU+ 시범연료봉 장전 인허가 과제\2026\2_계산\2_LP\LOW_Fr_MASTER_result\srv198\kit_frontier_runs_produce_run_~_RST.APRQ_11_0635.1-eef35ea81c-cucxd9xk_50127371,no_digest,,,0,0,,
,c:\Users\USER\Desktop\CT&RPL\2_Project\KNF_LEU+ 시범연료봉 장전 인허가 과제\2026\2_계산\2_LP\LOW_Fr_MASTER_result\srv198\kit_frontier_runs_produce_run_~_RST.APRQ_11_0635.1-f4dee02020-20if2kqb_e5d2c80f,no_mas_sum,,,0,0,,
,c:\Users\USER\Desktop\CT&RPL\2_Project\KNF_LEU+ 시범연료봉 장전 인허가 과제\2026\2_계산\2_LP\LOW_Fr_MASTER_result\srv198\kit_frontier_runs_produce_run_~_RST.APRQ_11_0635.1-f5f176cad6-rbyyyss5_0b55fb67,no_mas_sum,,,0,0,,
,c:\Users\USER\Desktop\CT&RPL\2_Project\KNF_LEU+ 시범연료봉 장전 인허가 과제\2026\2_계산\2_LP\LOW_Fr_MASTER_result\srv198\kit_frontier_runs_produce_run_~_RST.APRQ_11_0635.1-f69fc53384-4f7u2ao0_1558c7bf,no_mas_sum,,,0,0,,
,c:\Users\USER\Desktop\CT&RPL\2_Project\KNF_LEU+ 시범연료봉 장전 인허가 과제\2026\2_계산\2_LP\LOW_Fr_MASTER_result\srv198\kit_frontier_runs_produce_run_~_RST.APRQ_11_0635.1-f76d9ab39b-t75hcr2e_215647ca,no_digest,,,0,0,,
,c:\Users\USER\Desktop\CT&RPL\2_Project\KNF_LEU+ 시범연료봉 장전 인허가 과제\2026\2_계산\2_LP\LOW_Fr_MASTER_result\srv198\kit_frontier_runs_produce_run_~_RST.APRQ_11_0637.5-030bbf444d-cc5gzl22_545f9fc8,no_digest,,,0,0,,
,c:\Users\USER\Desktop\CT&RPL\2_Project\KNF_LEU+ 시범연료봉 장전 인허가 과제\2026\2_계산\2_LP\LOW_Fr_MASTER_result\srv198\kit_frontier_runs_produce_run_~_RST.APRQ_11_0637.5-08f7731779-gm3r8cdx_56c5d672,no_digest,,,0,0,,
,c:\Users\USER\Desktop\CT&RPL\2_Project\KNF_LEU+ 시범연료봉 장전 인허가 과제\2026\2_계산\2_LP\LOW_Fr_MASTER_result\srv198\kit_frontier_runs_produce_run_~_RST.APRQ_11_0637.5-0c012e577e-qz4_x_ex_6d9c93a9,no_mas_sum,,,0,0,,
,c:\Users\USER\Desktop\CT&RPL\2_Project\KNF_LEU+ 시범연료봉 장전 인허가 과제\2026\2_계산\2_LP\LOW_Fr_MASTER_result\srv198\kit_frontier_runs_produce_run_~_RST.APRQ_11_0637.5-16b6f05e2d-en6ny6uu_c00f2e5b,no_mas_sum,,,0,0,,
,c:\Users\USER\Desktop\CT&RPL\2_Project\KNF_LEU+ 시범연료봉 장전 인허가 과제\2026\2_계산\2_LP\LOW_Fr_MASTER_result\srv198\kit_frontier_runs_produce_run_~_RST.APRQ_11_0637.5-1a96261b93-ujznvgtr_14e64b35,no_digest,,,0,0,,
,c:\Users\USER\Desktop\CT&RPL\2_Project\KNF_LEU+ 시범연료봉 장전 인허가 과제\2026\2_계산\2_LP\LOW_Fr_MASTER_result\srv198\kit_frontier_runs_produce_run_~_RST.APRQ_11_0637.5-1d0ce3f0cb-atgdboan_a4f2f1f9,no_digest,,,0,0,,
,c:\Users\USER\Desktop\CT&RPL\2_Project\KNF_LEU+ 시범연료봉 장전 인허가 과제\2026\2_계산\2_LP\LOW_Fr_MASTER_result\srv198\kit_frontier_runs_produce_run_~_RST.APRQ_11_0637.5-22a398204d-efwmbwri_e8858b45,no_mas_sum,,,0,0,,
,c:\Users\USER\Desktop\CT&RPL\2_Project\KNF_LEU+ 시범연료봉 장전 인허가 과제\2026\2_계산\2_LP\LOW_Fr_MASTER_result\srv198\kit_frontier_runs_produce_run_~_RST.APRQ_11_0637.5-235efee4d9-l3xnolry_9ffb8ade,no_digest,,,0,0,,
,c:\Users\USER\Desktop\CT&RPL\2_Project\KNF_LEU+ 시범연료봉 장전 인허가 과제\2026\2_계산\2_LP\LOW_Fr_MASTER_result\srv198\kit_frontier_runs_produce_run_~_RST.APRQ_11_0637.5-236d53a895-40e6htym_2b9c748b,no_mas_sum,,,0,0,,
,c:\Users\USER\Desktop\CT&RPL\2_Project\KNF_LEU+ 시범연료봉 장전 인허가 과제\2026\2_계산\2_LP\LOW_Fr_MASTER_result\srv198\kit_frontier_runs_produce_run_~_RST.APRQ_11_0637.5-27425b3a28-8m_a6rng_98b351a3,no_digest,,,0,0,,
,c:\Users\USER\Desktop\CT&RPL\2_Project\KNF_LEU+ 시범연료봉 장전 인허가 과제\2026\2_계산\2_LP\LOW_Fr_MASTER_result\srv198\kit_frontier_runs_produce_run_~_RST.APRQ_11_0637.5-2b11719cfc-tgcvx6ag_202a1aa7,no_digest,,,0,0,,
,c:\Users\USER\Desktop\CT&RPL\2_Project\KNF_LEU+ 시범연료봉 장전 인허가 과제\2026\2_계산\2_LP\LOW_Fr_MASTER_result\srv198\kit_frontier_runs_produce_run_~_RST.APRQ_11_0637.5-2b827c7ea1-reo0yxvk_49b3123c,no_digest,,,0,0,,
,c:\Users\USER\Desktop\CT&RPL\2_Project\KNF_LEU+ 시범연료봉 장전 인허가 과제\2026\2_계산\2_LP\LOW_Fr_MASTER_result\srv198\kit_frontier_runs_produce_run_~_RST.APRQ_11_0637.5-2daf2c2e8d-ziqq8896_6db68295,no_mas_sum,,,0,0,,
,c:\Users\USER\Desktop\CT&RPL\2_Project\KNF_LEU+ 시범연료봉 장전 인허가 과제\2026\2_계산\2_LP\LOW_Fr_MASTER_result\srv198\kit_frontier_runs_produce_run_~_RST.APRQ_11_0637.5-30a3d4dbfd-jh7bv511_f3003f1f,no_digest,,,0,0,,
,c:\Users\USER\Desktop\CT&RPL\2_Project\KNF_LEU+ 시범연료봉 장전 인허가 과제\2026\2_계산\2_LP\LOW_Fr_MASTER_result\srv198\kit_frontier_runs_produce_run_~_RST.APRQ_11_0637.5-3248492dee-ni5v_w9l_6fd6c52b,no_digest,,,0,0,,
,c:\Users\USER\Desktop\CT&RPL\2_Project\KNF_LEU+ 시범연료봉 장전 인허가 과제\2026\2_계산\2_LP\LOW_Fr_MASTER_result\srv198\kit_frontier_runs_produce_run_~_RST.APRQ_11_0637.5-3b3d0e4a11-y_j8dhzh_50d984a7,no_mas_sum,,,0,0,,
,c:\Users\USER\Desktop\CT&RPL\2_Project\KNF_LEU+ 시범연료봉 장전 인허가 과제\2026\2_계산\2_LP\LOW_Fr_MASTER_result\srv198\kit_frontier_runs_produce_run_~_RST.APRQ_11_0637.5-3cf42fb367-aduddftp_2730fe2d,no_digest,,,0,0,,
,c:\Users\USER\Desktop\CT&RPL\2_Project\KNF_LEU+ 시범연료봉 장전 인허가 과제\2026\2_계산\2_LP\LOW_Fr_MASTER_result\srv198\kit_frontier_runs_produce_run_~_RST.APRQ_11_0637.5-4095c0ec48-qbp_w6_p_f1421ca9,no_mas_sum,,,0,0,,
,c:\Users\USER\Desktop\CT&RPL\2_Project\KNF_LEU+ 시범연료봉 장전 인허가 과제\2026\2_계산\2_LP\LOW_Fr_MASTER_result\srv198\kit_frontier_runs_produce_run_~_RST.APRQ_11_0637.5-42d13bd629-umogcjk2_9bcd57fb,no_digest,,,0,0,,
,c:\Users\USER\Desktop\CT&RPL\2_Project\KNF_LEU+ 시범연료봉 장전 인허가 과제\2026\2_계산\2_LP\LOW_Fr_MASTER_result\srv198\kit_frontier_runs_produce_run_~_RST.APRQ_11_0637.5-486fff9564-_x4kulhn_3e99c447,no_digest,,,0,0,,
,c:\Users\USER\Desktop\CT&RPL\2_Project\KNF_LEU+ 시범연료봉 장전 인허가 과제\2026\2_계산\2_LP\LOW_Fr_MASTER_result\srv198\kit_frontier_runs_produce_run_~_RST.APRQ_11_0637.5-52748e7d79-lf38nosx_b93f8bba,no_digest,,,0,0,,
,c:\Users\USER\Desktop\CT&RPL\2_Project\KNF_LEU+ 시범연료봉 장전 인허가 과제\2026\2_계산\2_LP\LOW_Fr_MASTER_result\srv198\kit_frontier_runs_produce_run_~_RST.APRQ_11_0637.5-57aac38444-bt9_s2hh_3828fc5d,no_mas_sum,,,0,0,,
,c:\Users\USER\Desktop\CT&RPL\2_Project\KNF_LEU+ 시범연료봉 장전 인허가 과제\2026\2_계산\2_LP\LOW_Fr_MASTER_result\srv198\kit_frontier_runs_produce_run_~_RST.APRQ_11_0637.5-5a5902977b-zbh2y_bh_137d030b,no_digest,,,0,0,,
,c:\Users\USER\Desktop\CT&RPL\2_Project\KNF_LEU+ 시범연료봉 장전 인허가 과제\2026\2_계산\2_LP\LOW_Fr_MASTER_result\srv198\kit_frontier_runs_produce_run_~_RST.APRQ_11_0637.5-5ccd6320a2-klxz7eck_60e8b9b6,no_digest,,,0,0,,
,c:\Users\USER\Desktop\CT&RPL\2_Project\KNF_LEU+ 시범연료봉 장전 인허가 과제\2026\2_계산\2_LP\LOW_Fr_MASTER_result\srv198\kit_frontier_runs_produce_run_~_RST.APRQ_11_0637.5-69f7b6aa51-b23518g7_836b1177,no_digest,,,0,0,,
,c:\Users\USER\Desktop\CT&RPL\2_Project\KNF_LEU+ 시범연료봉 장전 인허가 과제\2026\2_계산\2_LP\LOW_Fr_MASTER_result\srv198\kit_frontier_runs_produce_run_~_RST.APRQ_11_0637.5-6a922dcfe2-z_c5x604_9cc81124,no_digest,,,0,0,,
,c:\Users\USER\Desktop\CT&RPL\2_Project\KNF_LEU+ 시범연료봉 장전 인허가 과제\2026\2_계산\2_LP\LOW_Fr_MASTER_result\srv198\kit_frontier_runs_produce_run_~_RST.APRQ_11_0637.5-7141af9651-3dlck59x_0cbdc199,no_digest,,,0,0,,
,c:\Users\USER\Desktop\CT&RPL\2_Project\KNF_LEU+ 시범연료봉 장전 인허가 과제\2026\2_계산\2_LP\LOW_Fr_MASTER_result\srv198\kit_frontier_runs_produce_run_~_RST.APRQ_11_0637.5-71d1d96272-6jotrpzi_547b7233,no_digest,,,0,0,,
,c:\Users\USER\Desktop\CT&RPL\2_Project\KNF_LEU+ 시범연료봉 장전 인허가 과제\2026\2_계산\2_LP\LOW_Fr_MASTER_result\srv198\kit_frontier_runs_produce_run_~_RST.APRQ_11_0637.5-72da0a4f5d-k0ubo93p_8f52e1a5,no_digest,,,0,0,,
,c:\Users\USER\Desktop\CT&RPL\2_Project\KNF_LEU+ 시범연료봉 장전 인허가 과제\2026\2_계산\2_LP\LOW_Fr_MASTER_result\srv198\kit_frontier_runs_produce_run_~_RST.APRQ_11_0637.5-77c2899529-_8g6nwyv_a09df779,no_mas_sum,,,0,0,,
,c:\Users\USER\Desktop\CT&RPL\2_Project\KNF_LEU+ 시범연료봉 장전 인허가 과제\2026\2_계산\2_LP\LOW_Fr_MASTER_result\srv198\kit_frontier_runs_produce_run_~_RST.APRQ_11_0637.5-78cd2a8216-v4b6ol_l_78787b01,no_mas_sum,,,0,0,,
,c:\Users\USER\Desktop\CT&RPL\2_Project\KNF_LEU+ 시범연료봉 장전 인허가 과제\2026\2_계산\2_LP\LOW_Fr_MASTER_result\srv198\kit_frontier_runs_produce_run_~_RST.APRQ_11_0637.5-7b20a37b8e-36ucym7q_9ce212db,no_mas_sum,,,0,0,,
,c:\Users\USER\Desktop\CT&RPL\2_Project\KNF_LEU+ 시범연료봉 장전 인허가 과제\2026\2_계산\2_LP\LOW_Fr_MASTER_result\srv198\kit_frontier_runs_produce_run_~_RST.APRQ_11_0637.5-8407a79a16-zrfdq1bd_fcdb732f,no_digest,,,0,0,,
,c:\Users\USER\Desktop\CT&RPL\2_Project\KNF_LEU+ 시범연료봉 장전 인허가 과제\2026\2_계산\2_LP\LOW_Fr_MASTER_result\srv198\kit_frontier_runs_produce_run_~_RST.APRQ_11_0637.5-8aba48697e-uux6x2t0_a76da349,no_mas_sum,,,0,0,,
,c:\Users\USER\Desktop\CT&RPL\2_Project\KNF_LEU+ 시범연료봉 장전 인허가 과제\2026\2_계산\2_LP\LOW_Fr_MASTER_result\srv198\kit_frontier_runs_produce_run_~_RST.APRQ_11_0637.5-919c53f347-b0i6nlqp_c695dc9e,no_digest,,,0,0,,
,c:\Users\USER\Desktop\CT&RPL\2_Project\KNF_LEU+ 시범연료봉 장전 인허가 과제\2026\2_계산\2_LP\LOW_Fr_MASTER_result\srv198\kit_frontier_runs_produce_run_~_RST.APRQ_11_0637.5-91da946e2f-y2cl2_xp_37b195b2,no_digest,,,0,0,,
,c:\Users\USER\Desktop\CT&RPL\2_Project\KNF_LEU+ 시범연료봉 장전 인허가 과제\2026\2_계산\2_LP\LOW_Fr_MASTER_result\srv198\kit_frontier_runs_produce_run_~_RST.APRQ_11_0637.5-95bf69c4db-ag2kn728_52a42a0d,no_digest,,,0,0,,
,c:\Users\USER\Desktop\CT&RPL\2_Project\KNF_LEU+ 시범연료봉 장전 인허가 과제\2026\2_계산\2_LP\LOW_Fr_MASTER_result\srv198\kit_frontier_runs_produce_run_~_RST.APRQ_11_0637.5-9c6db02d7c-r90qnlmk_61a6e8e6,no_digest,,,0,0,,
,c:\Users\USER\Desktop\CT&RPL\2_Project\KNF_LEU+ 시범연료봉 장전 인허가 과제\2026\2_계산\2_LP\LOW_Fr_MASTER_result\srv198\kit_frontier_runs_produce_run_~_RST.APRQ_11_0637.5-a17714b8a4-u2yvtcza_b6a9fa8b,no_digest,,,0,0,,
,c:\Users\USER\Desktop\CT&RPL\2_Project\KNF_LEU+ 시범연료봉 장전 인허가 과제\2026\2_계산\2_LP\LOW_Fr_MASTER_result\srv198\kit_frontier_runs_produce_run_~_RST.APRQ_11_0637.5-a7ba1be954-lxechpep_b8810627,no_mas_sum,,,0,0,,
,c:\Users\USER\Desktop\CT&RPL\2_Project\KNF_LEU+ 시범연료봉 장전 인허가 과제\2026\2_계산\2_LP\LOW_Fr_MASTER_result\srv198\kit_frontier_runs_produce_run_~_RST.APRQ_11_0637.5-a8e24feb0d-5lrb49rh_a36731a3,no_mas_sum,,,0,0,,
,c:\Users\USER\Desktop\CT&RPL\2_Project\KNF_LEU+ 시범연료봉 장전 인허가 과제\2026\2_계산\2_LP\LOW_Fr_MASTER_result\srv198\kit_frontier_runs_produce_run_~_RST.APRQ_11_0637.5-a9f10eb8d1-cibbrzz3_9007a4c6,no_mas_sum,,,0,0,,
,c:\Users\USER\Desktop\CT&RPL\2_Project\KNF_LEU+ 시범연료봉 장전 인허가 과제\2026\2_계산\2_LP\LOW_Fr_MASTER_result\srv198\kit_frontier_runs_produce_run_~_RST.APRQ_11_0637.5-abdbcf2ea8-fe_kzmxz_c2dda2cf,no_digest,,,0,0,,
,c:\Users\USER\Desktop\CT&RPL\2_Project\KNF_LEU+ 시범연료봉 장전 인허가 과제\2026\2_계산\2_LP\LOW_Fr_MASTER_result\srv198\kit_frontier_runs_produce_run_~_RST.APRQ_11_0637.5-abe4d43953-w4b34yrr_b96ec533,no_digest,,,0,0,,
,c:\Users\USER\Desktop\CT&RPL\2_Project\KNF_LEU+ 시범연료봉 장전 인허가 과제\2026\2_계산\2_LP\LOW_Fr_MASTER_result\srv198\kit_frontier_runs_produce_run_~_RST.APRQ_11_0637.5-ad28dc387f-4lz62lzz_636d7eba,no_mas_sum,,,0,0,,
,c:\Users\USER\Desktop\CT&RPL\2_Project\KNF_LEU+ 시범연료봉 장전 인허가 과제\2026\2_계산\2_LP\LOW_Fr_MASTER_result\srv198\kit_frontier_runs_produce_run_~_RST.APRQ_11_0637.5-afa4384853-bh5wz_fh_746df2b7,no_mas_sum,,,0,0,,
,c:\Users\USER\Desktop\CT&RPL\2_Project\KNF_LEU+ 시범연료봉 장전 인허가 과제\2026\2_계산\2_LP\LOW_Fr_MASTER_result\srv198\kit_frontier_runs_produce_run_~_RST.APRQ_11_0637.5-b264d1387d-3euhap0y_7d655b16,no_digest,,,0,0,,
,c:\Users\USER\Desktop\CT&RPL\2_Project\KNF_LEU+ 시범연료봉 장전 인허가 과제\2026\2_계산\2_LP\LOW_Fr_MASTER_result\srv198\kit_frontier_runs_produce_run_~_RST.APRQ_11_0637.5-bcc29fe256-0114mzhk_98fac5f5,no_digest,,,0,0,,
,c:\Users\USER\Desktop\CT&RPL\2_Project\KNF_LEU+ 시범연료봉 장전 인허가 과제\2026\2_계산\2_LP\LOW_Fr_MASTER_result\srv198\kit_frontier_runs_produce_run_~_RST.APRQ_11_0637.5-bd45ecf0d3-gy2dfzfw_97a5d45c,no_mas_sum,,,0,0,,
,c:\Users\USER\Desktop\CT&RPL\2_Project\KNF_LEU+ 시범연료봉 장전 인허가 과제\2026\2_계산\2_LP\LOW_Fr_MASTER_result\srv198\kit_frontier_runs_produce_run_~_RST.APRQ_11_0637.5-c574462527-8qdps_qg_7c18a5ce,no_digest,,,0,0,,
,c:\Users\USER\Desktop\CT&RPL\2_Project\KNF_LEU+ 시범연료봉 장전 인허가 과제\2026\2_계산\2_LP\LOW_Fr_MASTER_result\srv198\kit_frontier_runs_produce_run_~_RST.APRQ_11_0637.5-c58d4da182-b2cmc2jg_e4de4ac3,no_mas_sum,,,0,0,,
,c:\Users\USER\Desktop\CT&RPL\2_Project\KNF_LEU+ 시범연료봉 장전 인허가 과제\2026\2_계산\2_LP\LOW_Fr_MASTER_result\srv198\kit_frontier_runs_produce_run_~_RST.APRQ_11_0637.5-c8358424fd-iy5i_6c2_78eee501,no_mas_sum,,,0,0,,
,c:\Users\USER\Desktop\CT&RPL\2_Project\KNF_LEU+ 시범연료봉 장전 인허가 과제\2026\2_계산\2_LP\LOW_Fr_MASTER_result\srv198\kit_frontier_runs_produce_run_~_RST.APRQ_11_0637.5-cba83a37dc-en579sdz_1632d83a,no_digest,,,0,0,,
,c:\Users\USER\Desktop\CT&RPL\2_Project\KNF_LEU+ 시범연료봉 장전 인허가 과제\2026\2_계산\2_LP\LOW_Fr_MASTER_result\srv198\kit_frontier_runs_produce_run_~_RST.APRQ_11_0637.5-ce250b4d9e-953_twyt_6d658da9,no_digest,,,0,0,,
,c:\Users\USER\Desktop\CT&RPL\2_Project\KNF_LEU+ 시범연료봉 장전 인허가 과제\2026\2_계산\2_LP\LOW_Fr_MASTER_result\srv198\kit_frontier_runs_produce_run_~_RST.APRQ_11_0637.5-cf854dcdd0-ptpxholn_18df3b4c,no_digest,,,0,0,,
,c:\Users\USER\Desktop\CT&RPL\2_Project\KNF_LEU+ 시범연료봉 장전 인허가 과제\2026\2_계산\2_LP\LOW_Fr_MASTER_result\srv198\kit_frontier_runs_produce_run_~_RST.APRQ_11_0637.5-d9f708aeac-2rqaeom4_22a2addd,no_mas_sum,,,0,0,,
,c:\Users\USER\Desktop\CT&RPL\2_Project\KNF_LEU+ 시범연료봉 장전 인허가 과제\2026\2_계산\2_LP\LOW_Fr_MASTER_result\srv198\kit_frontier_runs_produce_run_~_RST.APRQ_11_0637.5-e069300349-405df_9y_78f7e6ad,no_mas_sum,,,0,0,,
,c:\Users\USER\Desktop\CT&RPL\2_Project\KNF_LEU+ 시범연료봉 장전 인허가 과제\2026\2_계산\2_LP\LOW_Fr_MASTER_result\srv198\kit_frontier_runs_produce_run_~_RST.APRQ_11_0637.5-e07ca8fa31-myee2jvr_5f9f158a,no_mas_sum,,,0,0,,
,c:\Users\USER\Desktop\CT&RPL\2_Project\KNF_LEU+ 시범연료봉 장전 인허가 과제\2026\2_계산\2_LP\LOW_Fr_MASTER_result\srv198\kit_frontier_runs_produce_run_~_RST.APRQ_11_0637.5-e2bccaddab-xll_1cb3_cbc693a0,no_digest,,,0,0,,
,c:\Users\USER\Desktop\CT&RPL\2_Project\KNF_LEU+ 시범연료봉 장전 인허가 과제\2026\2_계산\2_LP\LOW_Fr_MASTER_result\srv198\kit_frontier_runs_produce_run_~_RST.APRQ_11_0637.5-ec8e9384f8-yg8ux5o2_688f4587,no_digest,,,0,0,,
,c:\Users\USER\Desktop\CT&RPL\2_Project\KNF_LEU+ 시범연료봉 장전 인허가 과제\2026\2_계산\2_LP\LOW_Fr_MASTER_result\srv198\kit_frontier_runs_produce_run_~_RST.APRQ_11_0637.5-f21fe6037a-rnaief6c_ef59f3cf,no_mas_sum,,,0,0,,
,c:\Users\USER\Desktop\CT&RPL\2_Project\KNF_LEU+ 시범연료봉 장전 인허가 과제\2026\2_계산\2_LP\LOW_Fr_MASTER_result\srv198\kit_frontier_runs_produce_run_~_RST.APRQ_11_0637.5-f4e6acd586-eg2dttym_c35259bb,no_digest,,,0,0,,
,c:\Users\USER\Desktop\CT&RPL\2_Project\KNF_LEU+ 시범연료봉 장전 인허가 과제\2026\2_계산\2_LP\LOW_Fr_MASTER_result\srv198\kit_frontier_runs_produce_run_~_RST.APRQ_11_0637.5-fa2148d85a-ygjs7loa_ad91bee4,no_mas_sum,,,0,0,,
,c:\Users\USER\Desktop\CT&RPL\2_Project\KNF_LEU+ 시범연료봉 장전 인허가 과제\2026\2_계산\2_LP\LOW_Fr_MASTER_result\srv198\kit_frontier_runs_produce_run_~_RST.APRQ_11_0722.6-0979034bc2-5eyw744b_f82c342a,no_digest,,,0,0,,
,c:\Users\USER\Desktop\CT&RPL\2_Project\KNF_LEU+ 시범연료봉 장전 인허가 과제\2026\2_계산\2_LP\LOW_Fr_MASTER_result\srv198\kit_frontier_runs_produce_run_~_RST.APRQ_11_0722.6-0a2e7a9ca6-rargi4lh_c3d00b76,no_mas_sum,,,0,0,,
,c:\Users\USER\Desktop\CT&RPL\2_Project\KNF_LEU+ 시범연료봉 장전 인허가 과제\2026\2_계산\2_LP\LOW_Fr_MASTER_result\srv198\kit_frontier_runs_produce_run_~_RST.APRQ_11_0722.6-0dd85ef015-k_mcst6f_3324041c,no_digest,,,0,0,,
,c:\Users\USER\Desktop\CT&RPL\2_Project\KNF_LEU+ 시범연료봉 장전 인허가 과제\2026\2_계산\2_LP\LOW_Fr_MASTER_result\srv198\kit_frontier_runs_produce_run_~_RST.APRQ_11_0722.6-0f808f6d8c-db5yjbdy_f3279bfa,no_mas_sum,,,0,0,,
,c:\Users\USER\Desktop\CT&RPL\2_Project\KNF_LEU+ 시범연료봉 장전 인허가 과제\2026\2_계산\2_LP\LOW_Fr_MASTER_result\srv198\kit_frontier_runs_produce_run_~_RST.APRQ_11_0722.6-10f4a0ed0b-7uqg2mmt_3ae1a1c3,no_mas_sum,,,0,0,,
,c:\Users\USER\Desktop\CT&RPL\2_Project\KNF_LEU+ 시범연료봉 장전 인허가 과제\2026\2_계산\2_LP\LOW_Fr_MASTER_result\srv198\kit_frontier_runs_produce_run_~_RST.APRQ_11_0722.6-149075fdb7-otl364sh_b25cf6ed,no_mas_sum,,,0,0,,
,c:\Users\USER\Desktop\CT&RPL\2_Project\KNF_LEU+ 시범연료봉 장전 인허가 과제\2026\2_계산\2_LP\LOW_Fr_MASTER_result\srv198\kit_frontier_runs_produce_run_~_RST.APRQ_11_0722.6-1502c93793-1r5bi1qd_dde63109,no_digest,,,0,0,,
,c:\Users\USER\Desktop\CT&RPL\2_Project\KNF_LEU+ 시범연료봉 장전 인허가 과제\2026\2_계산\2_LP\LOW_Fr_MASTER_result\srv198\kit_frontier_runs_produce_run_~_RST.APRQ_11_0722.6-19c0061a8f-8j8b8qtk_fd2aad9e,no_digest,,,0,0,,
,c:\Users\USER\Desktop\CT&RPL\2_Project\KNF_LEU+ 시범연료봉 장전 인허가 과제\2026\2_계산\2_LP\LOW_Fr_MASTER_result\srv198\kit_frontier_runs_produce_run_~_RST.APRQ_11_0722.6-19dca76759-sddmz753_87a4ed09,no_digest,,,0,0,,
,c:\Users\USER\Desktop\CT&RPL\2_Project\KNF_LEU+ 시범연료봉 장전 인허가 과제\2026\2_계산\2_LP\LOW_Fr_MASTER_result\srv198\kit_frontier_runs_produce_run_~_RST.APRQ_11_0722.6-1aae6f6a97-r42fh07z_2cfdf409,no_mas_sum,,,0,0,,
,c:\Users\USER\Desktop\CT&RPL\2_Project\KNF_LEU+ 시범연료봉 장전 인허가 과제\2026\2_계산\2_LP\LOW_Fr_MASTER_result\srv198\kit_frontier_runs_produce_run_~_RST.APRQ_11_0722.6-1b050d994e-y_y3osp6_2dd4393c,no_digest,,,0,0,,
,c:\Users\USER\Desktop\CT&RPL\2_Project\KNF_LEU+ 시범연료봉 장전 인허가 과제\2026\2_계산\2_LP\LOW_Fr_MASTER_result\srv198\kit_frontier_runs_produce_run_~_RST.APRQ_11_0722.6-20699acd7b-3dy4pbe1_1051d22a,no_digest,,,0,0,,
,c:\Users\USER\Desktop\CT&RPL\2_Project\KNF_LEU+ 시범연료봉 장전 인허가 과제\2026\2_계산\2_LP\LOW_Fr_MASTER_result\srv198\kit_frontier_runs_produce_run_~_RST.APRQ_11_0722.6-2111c1859a-482jfmcl_c1041652,no_digest,,,0,0,,
,c:\Users\USER\Desktop\CT&RPL\2_Project\KNF_LEU+ 시범연료봉 장전 인허가 과제\2026\2_계산\2_LP\LOW_Fr_MASTER_result\srv198\kit_frontier_runs_produce_run_~_RST.APRQ_11_0722.6-21c6812a3a-r5scfe_1_2fc5feb8,no_digest,,,0,0,,
,c:\Users\USER\Desktop\CT&RPL\2_Project\KNF_LEU+ 시범연료봉 장전 인허가 과제\2026\2_계산\2_LP\LOW_Fr_MASTER_result\srv198\kit_frontier_runs_produce_run_~_RST.APRQ_11_0722.6-223479e157-rcf830bd_f99b59d0,no_digest,,,0,0,,
,c:\Users\USER\Desktop\CT&RPL\2_Project\KNF_LEU+ 시범연료봉 장전 인허가 과제\2026\2_계산\2_LP\LOW_Fr_MASTER_result\srv198\kit_frontier_runs_produce_run_~_RST.APRQ_11_0722.6-27182053e7-9440_f3u_2e341e7f,no_digest,,,0,0,,
,c:\Users\USER\Desktop\CT&RPL\2_Project\KNF_LEU+ 시범연료봉 장전 인허가 과제\2026\2_계산\2_LP\LOW_Fr_MASTER_result\srv198\kit_frontier_runs_produce_run_~_RST.APRQ_11_0722.6-2817c175ed-83k1y0fp_70b08277,no_mas_sum,,,0,0,,
,c:\Users\USER\Desktop\CT&RPL\2_Project\KNF_LEU+ 시범연료봉 장전 인허가 과제\2026\2_계산\2_LP\LOW_Fr_MASTER_result\srv198\kit_frontier_runs_produce_run_~_RST.APRQ_11_0722.6-2d72161810-ml34k4lm_70ba3b19,no_digest,,,0,0,,
,c:\Users\USER\Desktop\CT&RPL\2_Project\KNF_LEU+ 시범연료봉 장전 인허가 과제\2026\2_계산\2_LP\LOW_Fr_MASTER_result\srv198\kit_frontier_runs_produce_run_~_RST.APRQ_11_0722.6-2dffd6e2f7-788p3_3m_7143b2d1,no_mas_sum,,,0,0,,
,c:\Users\USER\Desktop\CT&RPL\2_Project\KNF_LEU+ 시범연료봉 장전 인허가 과제\2026\2_계산\2_LP\LOW_Fr_MASTER_result\srv198\kit_frontier_runs_produce_run_~_RST.APRQ_11_0722.6-2e193a8909-x693_s1e_fe4a35ab,no_digest,,,0,0,,
,c:\Users\USER\Desktop\CT&RPL\2_Project\KNF_LEU+ 시범연료봉 장전 인허가 과제\2026\2_계산\2_LP\LOW_Fr_MASTER_result\srv198\kit_frontier_runs_produce_run_~_RST.APRQ_11_0722.6-303bd89f43-pbt9bayh_49468afa,no_digest,,,0,0,,
,c:\Users\USER\Desktop\CT&RPL\2_Project\KNF_LEU+ 시범연료봉 장전 인허가 과제\2026\2_계산\2_LP\LOW_Fr_MASTER_result\srv198\kit_frontier_runs_produce_run_~_RST.APRQ_11_0722.6-37fad64ee8-jxe6qvw5_6c91e1bc,no_mas_sum,,,0,0,,
,c:\Users\USER\Desktop\CT&RPL\2_Project\KNF_LEU+ 시범연료봉 장전 인허가 과제\2026\2_계산\2_LP\LOW_Fr_MASTER_result\srv198\kit_frontier_runs_produce_run_~_RST.APRQ_11_0722.6-3cb8d2d1ce-a9lnpi4c_9d8bbdd7,no_digest,,,0,0,,
,c:\Users\USER\Desktop\CT&RPL\2_Project\KNF_LEU+ 시범연료봉 장전 인허가 과제\2026\2_계산\2_LP\LOW_Fr_MASTER_result\srv198\kit_frontier_runs_produce_run_~_RST.APRQ_11_0722.6-3ef5ea57a6-9scp2der_8a4c73d3,no_digest,,,0,0,,
,c:\Users\USER\Desktop\CT&RPL\2_Project\KNF_LEU+ 시범연료봉 장전 인허가 과제\2026\2_계산\2_LP\LOW_Fr_MASTER_result\srv198\kit_frontier_runs_produce_run_~_RST.APRQ_11_0722.6-426d1fbc75-mv6vimx1_68efac22,no_mas_sum,,,0,0,,
,c:\Users\USER\Desktop\CT&RPL\2_Project\KNF_LEU+ 시범연료봉 장전 인허가 과제\2026\2_계산\2_LP\LOW_Fr_MASTER_result\srv198\kit_frontier_runs_produce_run_~_RST.APRQ_11_0722.6-45f4c0e4b7-_snasubc_041a69a6,no_digest,,,0,0,,
,c:\Users\USER\Desktop\CT&RPL\2_Project\KNF_LEU+ 시범연료봉 장전 인허가 과제\2026\2_계산\2_LP\LOW_Fr_MASTER_result\srv198\kit_frontier_runs_produce_run_~_RST.APRQ_11_0722.6-49198a2779-jcl2myl6_03db91ac,no_digest,,,0,0,,
,c:\Users\USER\Desktop\CT&RPL\2_Project\KNF_LEU+ 시범연료봉 장전 인허가 과제\2026\2_계산\2_LP\LOW_Fr_MASTER_result\srv198\kit_frontier_runs_produce_run_~_RST.APRQ_11_0722.6-4a14b414ca-av_784a8_4f68afc3,no_digest,,,0,0,,
,c:\Users\USER\Desktop\CT&RPL\2_Project\KNF_LEU+ 시범연료봉 장전 인허가 과제\2026\2_계산\2_LP\LOW_Fr_MASTER_result\srv198\kit_frontier_runs_produce_run_~_RST.APRQ_11_0722.6-4c8540a859-7elp0rf3_36a37aa5,no_digest,,,0,0,,
,c:\Users\USER\Desktop\CT&RPL\2_Project\KNF_LEU+ 시범연료봉 장전 인허가 과제\2026\2_계산\2_LP\LOW_Fr_MASTER_result\srv198\kit_frontier_runs_produce_run_~_RST.APRQ_11_0722.6-55743905b9-puiifw8w_02f95d6f,no_digest,,,0,0,,
,c:\Users\USER\Desktop\CT&RPL\2_Project\KNF_LEU+ 시범연료봉 장전 인허가 과제\2026\2_계산\2_LP\LOW_Fr_MASTER_result\srv198\kit_frontier_runs_produce_run_~_RST.APRQ_11_0722.6-58b6766602-tevb4can_85552579,no_digest,,,0,0,,
,c:\Users\USER\Desktop\CT&RPL\2_Project\KNF_LEU+ 시범연료봉 장전 인허가 과제\2026\2_계산\2_LP\LOW_Fr_MASTER_result\srv198\kit_frontier_runs_produce_run_~_RST.APRQ_11_0722.6-593003333d-aeh0t_qu_1ec76c32,no_mas_sum,,,0,0,,
,c:\Users\USER\Desktop\CT&RPL\2_Project\KNF_LEU+ 시범연료봉 장전 인허가 과제\2026\2_계산\2_LP\LOW_Fr_MASTER_result\srv198\kit_frontier_runs_produce_run_~_RST.APRQ_11_0722.6-5b97f43dbf-9ken3ev4_bc025457,no_digest,,,0,0,,
,c:\Users\USER\Desktop\CT&RPL\2_Project\KNF_LEU+ 시범연료봉 장전 인허가 과제\2026\2_계산\2_LP\LOW_Fr_MASTER_result\srv198\kit_frontier_runs_produce_run_~_RST.APRQ_11_0722.6-621bb64dac-uggw8ef4_05d77ecf,no_digest,,,0,0,,
,c:\Users\USER\Desktop\CT&RPL\2_Project\KNF_LEU+ 시범연료봉 장전 인허가 과제\2026\2_계산\2_LP\LOW_Fr_MASTER_result\srv198\kit_frontier_runs_produce_run_~_RST.APRQ_11_0722.6-62ea1fca0e-q2aa8rvt_6ec7a83f,no_digest,,,0,0,,
,c:\Users\USER\Desktop\CT&RPL\2_Project\KNF_LEU+ 시범연료봉 장전 인허가 과제\2026\2_계산\2_LP\LOW_Fr_MASTER_result\srv198\kit_frontier_runs_produce_run_~_RST.APRQ_11_0722.6-659a2ac69b-we9h4eix_ca945530,no_digest,,,0,0,,
,c:\Users\USER\Desktop\CT&RPL\2_Project\KNF_LEU+ 시범연료봉 장전 인허가 과제\2026\2_계산\2_LP\LOW_Fr_MASTER_result\srv198\kit_frontier_runs_produce_run_~_RST.APRQ_11_0722.6-69460f9e9a-3n06a684_79f98e6e,no_digest,,,0,0,,
,c:\Users\USER\Desktop\CT&RPL\2_Project\KNF_LEU+ 시범연료봉 장전 인허가 과제\2026\2_계산\2_LP\LOW_Fr_MASTER_result\srv198\kit_frontier_runs_produce_run_~_RST.APRQ_11_0722.6-69cf8305f9-roznx1m4_0aea4b00,no_mas_sum,,,0,0,,
,c:\Users\USER\Desktop\CT&RPL\2_Project\KNF_LEU+ 시범연료봉 장전 인허가 과제\2026\2_계산\2_LP\LOW_Fr_MASTER_result\srv198\kit_frontier_runs_produce_run_~_RST.APRQ_11_0722.6-6d87a77946-72bcftqt_52f13d68,no_digest,,,0,0,,
,c:\Users\USER\Desktop\CT&RPL\2_Project\KNF_LEU+ 시범연료봉 장전 인허가 과제\2026\2_계산\2_LP\LOW_Fr_MASTER_result\srv198\kit_frontier_runs_produce_run_~_RST.APRQ_11_0722.6-6e0283caa4-jmw7w72w_f3d357a3,no_digest,,,0,0,,
,c:\Users\USER\Desktop\CT&RPL\2_Project\KNF_LEU+ 시범연료봉 장전 인허가 과제\2026\2_계산\2_LP\LOW_Fr_MASTER_result\srv198\kit_frontier_runs_produce_run_~_RST.APRQ_11_0722.6-72f87cf7f4-l077snai_1c3f5d4e,no_digest,,,0,0,,
,c:\Users\USER\Desktop\CT&RPL\2_Project\KNF_LEU+ 시범연료봉 장전 인허가 과제\2026\2_계산\2_LP\LOW_Fr_MASTER_result\srv198\kit_frontier_runs_produce_run_~_RST.APRQ_11_0722.6-73ba9738db-4g4wgl6u_c8a01da5,no_digest,,,0,0,,
,c:\Users\USER\Desktop\CT&RPL\2_Project\KNF_LEU+ 시범연료봉 장전 인허가 과제\2026\2_계산\2_LP\LOW_Fr_MASTER_result\srv198\kit_frontier_runs_produce_run_~_RST.APRQ_11_0722.6-73ce46975e-yf476j15_e254f9f4,no_digest,,,0,0,,
,c:\Users\USER\Desktop\CT&RPL\2_Project\KNF_LEU+ 시범연료봉 장전 인허가 과제\2026\2_계산\2_LP\LOW_Fr_MASTER_result\srv198\kit_frontier_runs_produce_run_~_RST.APRQ_11_0722.6-74e7f3179c-awz6el8l_b8ddb16d,no_mas_sum,,,0,0,,
,c:\Users\USER\Desktop\CT&RPL\2_Project\KNF_LEU+ 시범연료봉 장전 인허가 과제\2026\2_계산\2_LP\LOW_Fr_MASTER_result\srv198\kit_frontier_runs_produce_run_~_RST.APRQ_11_0722.6-7ac7dff423-k85fnlje_47fda96c,no_digest,,,0,0,,
,c:\Users\USER\Desktop\CT&RPL\2_Project\KNF_LEU+ 시범연료봉 장전 인허가 과제\2026\2_계산\2_LP\LOW_Fr_MASTER_result\srv198\kit_frontier_runs_produce_run_~_RST.APRQ_11_0722.6-7c287d31f6-z9cqv974_dc1abac4,no_digest,,,0,0,,
,c:\Users\USER\Desktop\CT&RPL\2_Project\KNF_LEU+ 시범연료봉 장전 인허가 과제\2026\2_계산\2_LP\LOW_Fr_MASTER_result\srv198\kit_frontier_runs_produce_run_~_RST.APRQ_11_0722.6-7d9fae998d-jrc94_1k_90e752ce,no_digest,,,0,0,,
,c:\Users\USER\Desktop\CT&RPL\2_Project\KNF_LEU+ 시범연료봉 장전 인허가 과제\2026\2_계산\2_LP\LOW_Fr_MASTER_result\srv198\kit_frontier_runs_produce_run_~_RST.APRQ_11_0722.6-80a975eb09-p61gz7q0_1b199777,no_digest,,,0,0,,
,c:\Users\USER\Desktop\CT&RPL\2_Project\KNF_LEU+ 시범연료봉 장전 인허가 과제\2026\2_계산\2_LP\LOW_Fr_MASTER_result\srv198\kit_frontier_runs_produce_run_~_RST.APRQ_11_0722.6-8547c7b62b-6d2yn3fr_786202d2,no_digest,,,0,0,,
,c:\Users\USER\Desktop\CT&RPL\2_Project\KNF_LEU+ 시범연료봉 장전 인허가 과제\2026\2_계산\2_LP\LOW_Fr_MASTER_result\srv198\kit_frontier_runs_produce_run_~_RST.APRQ_11_0722.6-86cf8d25c8-6jqu5lb4_9a648cff,no_digest,,,0,0,,
,c:\Users\USER\Desktop\CT&RPL\2_Project\KNF_LEU+ 시범연료봉 장전 인허가 과제\2026\2_계산\2_LP\LOW_Fr_MASTER_result\srv198\kit_frontier_runs_produce_run_~_RST.APRQ_11_0722.6-8bf12b7d6f-ocaegnv6_de865108,no_digest,,,0,0,,
,c:\Users\USER\Desktop\CT&RPL\2_Project\KNF_LEU+ 시범연료봉 장전 인허가 과제\2026\2_계산\2_LP\LOW_Fr_MASTER_result\srv198\kit_frontier_runs_produce_run_~_RST.APRQ_11_0722.6-921850edb7-i6o8urh5_dc74ff21,no_digest,,,0,0,,
,c:\Users\USER\Desktop\CT&RPL\2_Project\KNF_LEU+ 시범연료봉 장전 인허가 과제\2026\2_계산\2_LP\LOW_Fr_MASTER_result\srv198\kit_frontier_runs_produce_run_~_RST.APRQ_11_0722.6-92696862cc-k9ljw1jq_54a71a93,no_digest,,,0,0,,
,c:\Users\USER\Desktop\CT&RPL\2_Project\KNF_LEU+ 시범연료봉 장전 인허가 과제\2026\2_계산\2_LP\LOW_Fr_MASTER_result\srv198\kit_frontier_runs_produce_run_~_RST.APRQ_11_0722.6-958ca1ad08-9x0ln1ho_123a28a1,no_digest,,,0,0,,
,c:\Users\USER\Desktop\CT&RPL\2_Project\KNF_LEU+ 시범연료봉 장전 인허가 과제\2026\2_계산\2_LP\LOW_Fr_MASTER_result\srv198\kit_frontier_runs_produce_run_~_RST.APRQ_11_0722.6-9b6af7177f-rnel7ih6_caf9133b,no_mas_sum,,,0,0,,
,c:\Users\USER\Desktop\CT&RPL\2_Project\KNF_LEU+ 시범연료봉 장전 인허가 과제\2026\2_계산\2_LP\LOW_Fr_MASTER_result\srv198\kit_frontier_runs_produce_run_~_RST.APRQ_11_0722.6-9cb32c3ba9-uh7gbrys_259c509f,no_digest,,,0,0,,
,c:\Users\USER\Desktop\CT&RPL\2_Project\KNF_LEU+ 시범연료봉 장전 인허가 과제\2026\2_계산\2_LP\LOW_Fr_MASTER_result\srv198\kit_frontier_runs_produce_run_~_RST.APRQ_11_0722.6-9de55714d4-l0qtiigm_3c736bbe,no_digest,,,0,0,,
,c:\Users\USER\Desktop\CT&RPL\2_Project\KNF_LEU+ 시범연료봉 장전 인허가 과제\2026\2_계산\2_LP\LOW_Fr_MASTER_result\srv198\kit_frontier_runs_produce_run_~_RST.APRQ_11_0722.6-a06d97964f-j69sjnu0_e1020358,no_mas_sum,,,0,0,,
,c:\Users\USER\Desktop\CT&RPL\2_Project\KNF_LEU+ 시범연료봉 장전 인허가 과제\2026\2_계산\2_LP\LOW_Fr_MASTER_result\srv198\kit_frontier_runs_produce_run_~_RST.APRQ_11_0722.6-a162f7224b-zgeo2sh1_1cbfbc2b,no_digest,,,0,0,,
,c:\Users\USER\Desktop\CT&RPL\2_Project\KNF_LEU+ 시범연료봉 장전 인허가 과제\2026\2_계산\2_LP\LOW_Fr_MASTER_result\srv198\kit_frontier_runs_produce_run_~_RST.APRQ_11_0722.6-a4f79781a6-zfir12cq_3c28f773,no_digest,,,0,0,,
,c:\Users\USER\Desktop\CT&RPL\2_Project\KNF_LEU+ 시범연료봉 장전 인허가 과제\2026\2_계산\2_LP\LOW_Fr_MASTER_result\srv198\kit_frontier_runs_produce_run_~_RST.APRQ_11_0722.6-a6de42919f-ngw3vbxa_ab1545d3,no_digest,,,0,0,,
,c:\Users\USER\Desktop\CT&RPL\2_Project\KNF_LEU+ 시범연료봉 장전 인허가 과제\2026\2_계산\2_LP\LOW_Fr_MASTER_result\srv198\kit_frontier_runs_produce_run_~_RST.APRQ_11_0722.6-ae1cb0313d-p9v7my31_2ff71430,no_mas_sum,,,0,0,,
,c:\Users\USER\Desktop\CT&RPL\2_Project\KNF_LEU+ 시범연료봉 장전 인허가 과제\2026\2_계산\2_LP\LOW_Fr_MASTER_result\srv198\kit_frontier_runs_produce_run_~_RST.APRQ_11_0722.6-aed0566d61-wqf50tv6_34bf7e05,no_digest,,,0,0,,
,c:\Users\USER\Desktop\CT&RPL\2_Project\KNF_LEU+ 시범연료봉 장전 인허가 과제\2026\2_계산\2_LP\LOW_Fr_MASTER_result\srv198\kit_frontier_runs_produce_run_~_RST.APRQ_11_0722.6-b07d32db54-qpxky91a_0ff36567,no_mas_sum,,,0,0,,
,c:\Users\USER\Desktop\CT&RPL\2_Project\KNF_LEU+ 시범연료봉 장전 인허가 과제\2026\2_계산\2_LP\LOW_Fr_MASTER_result\srv198\kit_frontier_runs_produce_run_~_RST.APRQ_11_0722.6-b297e19fe8-bplilqy0_354de232,no_digest,,,0,0,,
,c:\Users\USER\Desktop\CT&RPL\2_Project\KNF_LEU+ 시범연료봉 장전 인허가 과제\2026\2_계산\2_LP\LOW_Fr_MASTER_result\srv198\kit_frontier_runs_produce_run_~_RST.APRQ_11_0722.6-b3013107bb-fv_qie87_bb8f54f7,no_digest,,,0,0,,
,c:\Users\USER\Desktop\CT&RPL\2_Project\KNF_LEU+ 시범연료봉 장전 인허가 과제\2026\2_계산\2_LP\LOW_Fr_MASTER_result\srv198\kit_frontier_runs_produce_run_~_RST.APRQ_11_0722.6-b38cedaa05-3ec2oqke_96607b05,no_digest,,,0,0,,
,c:\Users\USER\Desktop\CT&RPL\2_Project\KNF_LEU+ 시범연료봉 장전 인허가 과제\2026\2_계산\2_LP\LOW_Fr_MASTER_result\srv198\kit_frontier_runs_produce_run_~_RST.APRQ_11_0722.6-b440fb812e-wv70lke1_05f64ee1,no_digest,,,0,0,,
,c:\Users\USER\Desktop\CT&RPL\2_Project\KNF_LEU+ 시범연료봉 장전 인허가 과제\2026\2_계산\2_LP\LOW_Fr_MASTER_result\srv198\kit_frontier_runs_produce_run_~_RST.APRQ_11_0722.6-b64a98db63-deaiknee_4d2367d2,no_digest,,,0,0,,
,c:\Users\USER\Desktop\CT&RPL\2_Project\KNF_LEU+ 시범연료봉 장전 인허가 과제\2026\2_계산\2_LP\LOW_Fr_MASTER_result\srv198\kit_frontier_runs_produce_run_~_RST.APRQ_11_0722.6-b7c01ac75f-5sobffjc_323e8484,no_digest,,,0,0,,
,c:\Users\USER\Desktop\CT&RPL\2_Project\KNF_LEU+ 시범연료봉 장전 인허가 과제\2026\2_계산\2_LP\LOW_Fr_MASTER_result\srv198\kit_frontier_runs_produce_run_~_RST.APRQ_11_0722.6-ba9820a52b-u1_uf2q1_cc8ad937,no_digest,,,0,0,,
,c:\Users\USER\Desktop\CT&RPL\2_Project\KNF_LEU+ 시범연료봉 장전 인허가 과제\2026\2_계산\2_LP\LOW_Fr_MASTER_result\srv198\kit_frontier_runs_produce_run_~_RST.APRQ_11_0722.6-bdb726753a-8x2yhw6i_fc28d801,no_digest,,,0,0,,
,c:\Users\USER\Desktop\CT&RPL\2_Project\KNF_LEU+ 시범연료봉 장전 인허가 과제\2026\2_계산\2_LP\LOW_Fr_MASTER_result\srv198\kit_frontier_runs_produce_run_~_RST.APRQ_11_0722.6-c1cfe31ed2-0tmqcta4_d6b57c78,no_digest,,,0,0,,
,c:\Users\USER\Desktop\CT&RPL\2_Project\KNF_LEU+ 시범연료봉 장전 인허가 과제\2026\2_계산\2_LP\LOW_Fr_MASTER_result\srv198\kit_frontier_runs_produce_run_~_RST.APRQ_11_0722.6-c370718b37-ya3muhfg_f5184c70,no_digest,,,0,0,,
,c:\Users\USER\Desktop\CT&RPL\2_Project\KNF_LEU+ 시범연료봉 장전 인허가 과제\2026\2_계산\2_LP\LOW_Fr_MASTER_result\srv198\kit_frontier_runs_produce_run_~_RST.APRQ_11_0722.6-c38c2d12a9-r60js6a2_2230c134,no_digest,,,0,0,,
,c:\Users\USER\Desktop\CT&RPL\2_Project\KNF_LEU+ 시범연료봉 장전 인허가 과제\2026\2_계산\2_LP\LOW_Fr_MASTER_result\srv198\kit_frontier_runs_produce_run_~_RST.APRQ_11_0722.6-c5dc554f3b-e308u694_af08b1f5,no_digest,,,0,0,,
,c:\Users\USER\Desktop\CT&RPL\2_Project\KNF_LEU+ 시범연료봉 장전 인허가 과제\2026\2_계산\2_LP\LOW_Fr_MASTER_result\srv198\kit_frontier_runs_produce_run_~_RST.APRQ_11_0722.6-c722f5b507-28f7ht2j_91c78a74,no_digest,,,0,0,,
,c:\Users\USER\Desktop\CT&RPL\2_Project\KNF_LEU+ 시범연료봉 장전 인허가 과제\2026\2_계산\2_LP\LOW_Fr_MASTER_result\srv198\kit_frontier_runs_produce_run_~_RST.APRQ_11_0722.6-ca044884fa-1rggk1bg_e5ed00c4,no_mas_sum,,,0,0,,
,c:\Users\USER\Desktop\CT&RPL\2_Project\KNF_LEU+ 시범연료봉 장전 인허가 과제\2026\2_계산\2_LP\LOW_Fr_MASTER_result\srv198\kit_frontier_runs_produce_run_~_RST.APRQ_11_0722.6-cbc91ed2e4-j0f7qd62_0383ac85,no_digest,,,0,0,,
,c:\Users\USER\Desktop\CT&RPL\2_Project\KNF_LEU+ 시범연료봉 장전 인허가 과제\2026\2_계산\2_LP\LOW_Fr_MASTER_result\srv198\kit_frontier_runs_produce_run_~_RST.APRQ_11_0722.6-cca56e1305-hk5w_z7g_68336119,no_digest,,,0,0,,
,c:\Users\USER\Desktop\CT&RPL\2_Project\KNF_LEU+ 시범연료봉 장전 인허가 과제\2026\2_계산\2_LP\LOW_Fr_MASTER_result\srv198\kit_frontier_runs_produce_run_~_RST.APRQ_11_0722.6-d19d8d83ea-78zonlcf_b1e3f2cb,no_mas_sum,,,0,0,,
,c:\Users\USER\Desktop\CT&RPL\2_Project\KNF_LEU+ 시범연료봉 장전 인허가 과제\2026\2_계산\2_LP\LOW_Fr_MASTER_result\srv198\kit_frontier_runs_produce_run_~_RST.APRQ_11_0722.6-d523c54487-l97ce5de_c2cae97c,no_mas_sum,,,0,0,,
,c:\Users\USER\Desktop\CT&RPL\2_Project\KNF_LEU+ 시범연료봉 장전 인허가 과제\2026\2_계산\2_LP\LOW_Fr_MASTER_result\srv198\kit_frontier_runs_produce_run_~_RST.APRQ_11_0722.6-d528b5cbcb-0m3lhtia_ba85e360,no_digest,,,0,0,,
,c:\Users\USER\Desktop\CT&RPL\2_Project\KNF_LEU+ 시범연료봉 장전 인허가 과제\2026\2_계산\2_LP\LOW_Fr_MASTER_result\srv198\kit_frontier_runs_produce_run_~_RST.APRQ_11_0722.6-d6f13605ea-65cbif9l_1ac7e7a1,no_digest,,,0,0,,
,c:\Users\USER\Desktop\CT&RPL\2_Project\KNF_LEU+ 시범연료봉 장전 인허가 과제\2026\2_계산\2_LP\LOW_Fr_MASTER_result\srv198\kit_frontier_runs_produce_run_~_RST.APRQ_11_0722.6-daa43a79e5-gp3rx1b8_fbbd858d,no_digest,,,0,0,,
,c:\Users\USER\Desktop\CT&RPL\2_Project\KNF_LEU+ 시범연료봉 장전 인허가 과제\2026\2_계산\2_LP\LOW_Fr_MASTER_result\srv198\kit_frontier_runs_produce_run_~_RST.APRQ_11_0722.6-dcbe9a32b5-sykiez5g_bbf5bcf5,no_digest,,,0,0,,
,c:\Users\USER\Desktop\CT&RPL\2_Project\KNF_LEU+ 시범연료봉 장전 인허가 과제\2026\2_계산\2_LP\LOW_Fr_MASTER_result\srv198\kit_frontier_runs_produce_run_~_RST.APRQ_11_0722.6-dccbc6a480-e1dal2xh_a89cdfe6,no_digest,,,0,0,,
,c:\Users\USER\Desktop\CT&RPL\2_Project\KNF_LEU+ 시범연료봉 장전 인허가 과제\2026\2_계산\2_LP\LOW_Fr_MASTER_result\srv198\kit_frontier_runs_produce_run_~_RST.APRQ_11_0722.6-def340e2df-ivljx6ks_45f4386c,no_digest,,,0,0,,
,c:\Users\USER\Desktop\CT&RPL\2_Project\KNF_LEU+ 시범연료봉 장전 인허가 과제\2026\2_계산\2_LP\LOW_Fr_MASTER_result\srv198\kit_frontier_runs_produce_run_~_RST.APRQ_11_0722.6-e030c89265-4gknrtb8_a98b41e8,no_mas_sum,,,0,0,,
,c:\Users\USER\Desktop\CT&RPL\2_Project\KNF_LEU+ 시범연료봉 장전 인허가 과제\2026\2_계산\2_LP\LOW_Fr_MASTER_result\srv198\kit_frontier_runs_produce_run_~_RST.APRQ_11_0722.6-e441a44b8d-mho3azyr_39d1d865,no_digest,,,0,0,,
,c:\Users\USER\Desktop\CT&RPL\2_Project\KNF_LEU+ 시범연료봉 장전 인허가 과제\2026\2_계산\2_LP\LOW_Fr_MASTER_result\srv198\kit_frontier_runs_produce_run_~_RST.APRQ_11_0722.6-e56e2bbd4b-cyvv8uff_8c133a19,no_mas_sum,,,0,0,,
,c:\Users\USER\Desktop\CT&RPL\2_Project\KNF_LEU+ 시범연료봉 장전 인허가 과제\2026\2_계산\2_LP\LOW_Fr_MASTER_result\srv198\kit_frontier_runs_produce_run_~_RST.APRQ_11_0722.6-e6fa9981be-d7jsikph_fb0e2b64,no_mas_sum,,,0,0,,
,c:\Users\USER\Desktop\CT&RPL\2_Project\KNF_LEU+ 시범연료봉 장전 인허가 과제\2026\2_계산\2_LP\LOW_Fr_MASTER_result\srv198\kit_frontier_runs_produce_run_~_RST.APRQ_11_0722.6-e7d810f7c5-1systic9_f3e732d4,no_digest,,,0,0,,
,c:\Users\USER\Desktop\CT&RPL\2_Project\KNF_LEU+ 시범연료봉 장전 인허가 과제\2026\2_계산\2_LP\LOW_Fr_MASTER_result\srv198\kit_frontier_runs_produce_run_~_RST.APRQ_11_0722.6-ebdc10030b-5o7_5g3q_11ec1bb4,no_mas_sum,,,0,0,,
,c:\Users\USER\Desktop\CT&RPL\2_Project\KNF_LEU+ 시범연료봉 장전 인허가 과제\2026\2_계산\2_LP\LOW_Fr_MASTER_result\srv198\kit_frontier_runs_produce_run_~_RST.APRQ_11_0722.6-ee2fb6d892-d36rlqmq_b0470024,no_digest,,,0,0,,
,c:\Users\USER\Desktop\CT&RPL\2_Project\KNF_LEU+ 시범연료봉 장전 인허가 과제\2026\2_계산\2_LP\LOW_Fr_MASTER_result\srv198\kit_frontier_runs_produce_run_~_RST.APRQ_11_0722.6-f1d52dd18f-v6oyw9m6_1d5b0ce7,no_mas_sum,,,0,0,,
,c:\Users\USER\Desktop\CT&RPL\2_Project\KNF_LEU+ 시범연료봉 장전 인허가 과제\2026\2_계산\2_LP\LOW_Fr_MASTER_result\srv198\kit_frontier_runs_produce_run_~_RST.APRQ_11_0722.6-f27bb9113e-79pxghix_fbd62d36,no_digest,,,0,0,,
,c:\Users\USER\Desktop\CT&RPL\2_Project\KNF_LEU+ 시범연료봉 장전 인허가 과제\2026\2_계산\2_LP\LOW_Fr_MASTER_result\srv198\kit_frontier_runs_produce_run_~_RST.APRQ_11_0722.6-f3370c7296-0hkc6k5n_86899dd5,no_digest,,,0,0,,
,c:\Users\USER\Desktop\CT&RPL\2_Project\KNF_LEU+ 시범연료봉 장전 인허가 과제\2026\2_계산\2_LP\LOW_Fr_MASTER_result\srv198\kit_frontier_runs_produce_run_~_RST.APRQ_11_0722.6-f5203ecb54-dtdi1pd9_c5be42cb,no_mas_sum,,,0,0,,
,c:\Users\USER\Desktop\CT&RPL\2_Project\KNF_LEU+ 시범연료봉 장전 인허가 과제\2026\2_계산\2_LP\LOW_Fr_MASTER_result\srv198\kit_frontier_runs_produce_run_~_RST.APRQ_11_0722.6-f5b881784b-8zd6bhkn_c7da95bb,no_mas_sum,,,0,0,,
,c:\Users\USER\Desktop\CT&RPL\2_Project\KNF_LEU+ 시범연료봉 장전 인허가 과제\2026\2_계산\2_LP\LOW_Fr_MASTER_result\srv198\kit_frontier_runs_produce_run_~_RST.APRQ_11_0722.6-f8c14720e0-y8mwrp5v_d537f560,no_digest,,,0,0,,
,c:\Users\USER\Desktop\CT&RPL\2_Project\KNF_LEU+ 시범연료봉 장전 인허가 과제\2026\2_계산\2_LP\LOW_Fr_MASTER_result\srv198\kit_frontier_runs_produce_run_~_RST.APRQ_11_0725.8-020c3606b6-iw9ix905_a238c7bd,no_mas_sum,,,0,0,,
,c:\Users\USER\Desktop\CT&RPL\2_Project\KNF_LEU+ 시범연료봉 장전 인허가 과제\2026\2_계산\2_LP\LOW_Fr_MASTER_result\srv198\kit_frontier_runs_produce_run_~_RST.APRQ_11_0725.8-0a0a8127b9-9i29ah30_577b7b03,no_mas_sum,,,0,0,,
,c:\Users\USER\Desktop\CT&RPL\2_Project\KNF_LEU+ 시범연료봉 장전 인허가 과제\2026\2_계산\2_LP\LOW_Fr_MASTER_result\srv198\kit_frontier_runs_produce_run_~_RST.APRQ_11_0725.8-0a34ce4db1-v4ry3y1u_0924c29d,no_mas_sum,,,0,0,,
,c:\Users\USER\Desktop\CT&RPL\2_Project\KNF_LEU+ 시범연료봉 장전 인허가 과제\2026\2_계산\2_LP\LOW_Fr_MASTER_result\srv198\kit_frontier_runs_produce_run_~_RST.APRQ_11_0725.8-0a847b9221-nacsa14x_aa8ccec4,no_digest,,,0,0,,
,c:\Users\USER\Desktop\CT&RPL\2_Project\KNF_LEU+ 시범연료봉 장전 인허가 과제\2026\2_계산\2_LP\LOW_Fr_MASTER_result\srv198\kit_frontier_runs_produce_run_~_RST.APRQ_11_0725.8-0f2adb9ea4-9getari4_9426ffd8,no_mas_sum,,,0,0,,
,c:\Users\USER\Desktop\CT&RPL\2_Project\KNF_LEU+ 시범연료봉 장전 인허가 과제\2026\2_계산\2_LP\LOW_Fr_MASTER_result\srv198\kit_frontier_runs_produce_run_~_RST.APRQ_11_0725.8-101d4fdfe7-60fks0tz_28b6386e,no_mas_sum,,,0,0,,
,c:\Users\USER\Desktop\CT&RPL\2_Project\KNF_LEU+ 시범연료봉 장전 인허가 과제\2026\2_계산\2_LP\LOW_Fr_MASTER_result\srv198\kit_frontier_runs_produce_run_~_RST.APRQ_11_0725.8-11e86b0c17-v90svgh2_c4675660,no_digest,,,0,0,,
,c:\Users\USER\Desktop\CT&RPL\2_Project\KNF_LEU+ 시범연료봉 장전 인허가 과제\2026\2_계산\2_LP\LOW_Fr_MASTER_result\srv198\kit_frontier_runs_produce_run_~_RST.APRQ_11_0725.8-1206956c43-pmq4n4z3_d3b9847a,no_mas_sum,,,0,0,,
,c:\Users\USER\Desktop\CT&RPL\2_Project\KNF_LEU+ 시범연료봉 장전 인허가 과제\2026\2_계산\2_LP\LOW_Fr_MASTER_result\srv198\kit_frontier_runs_produce_run_~_RST.APRQ_11_0725.8-16a1f33ccb-79ehddak_5e18d27f,no_digest,,,0,0,,
,c:\Users\USER\Desktop\CT&RPL\2_Project\KNF_LEU+ 시범연료봉 장전 인허가 과제\2026\2_계산\2_LP\LOW_Fr_MASTER_result\srv198\kit_frontier_runs_produce_run_~_RST.APRQ_11_0725.8-187fc0d7ea-eeb1fm29_6e3c6f3d,no_digest,,,0,0,,
,c:\Users\USER\Desktop\CT&RPL\2_Project\KNF_LEU+ 시범연료봉 장전 인허가 과제\2026\2_계산\2_LP\LOW_Fr_MASTER_result\srv198\kit_frontier_runs_produce_run_~_RST.APRQ_11_0725.8-1a1fe6d54b-63l7x825_f741be7e,no_digest,,,0,0,,
,c:\Users\USER\Desktop\CT&RPL\2_Project\KNF_LEU+ 시범연료봉 장전 인허가 과제\2026\2_계산\2_LP\LOW_Fr_MASTER_result\srv198\kit_frontier_runs_produce_run_~_RST.APRQ_11_0725.8-1db75e669b-540zaksd_1d0b1c77,no_digest,,,0,0,,
,c:\Users\USER\Desktop\CT&RPL\2_Project\KNF_LEU+ 시범연료봉 장전 인허가 과제\2026\2_계산\2_LP\LOW_Fr_MASTER_result\srv198\kit_frontier_runs_produce_run_~_RST.APRQ_11_0725.8-203efa0d8b-ndiovwda_823c5296,no_digest,,,0,0,,
,c:\Users\USER\Desktop\CT&RPL\2_Project\KNF_LEU+ 시범연료봉 장전 인허가 과제\2026\2_계산\2_LP\LOW_Fr_MASTER_result\srv198\kit_frontier_runs_produce_run_~_RST.APRQ_11_0725.8-2632214b10-tri16l4n_632daabd,no_digest,,,0,0,,
,c:\Users\USER\Desktop\CT&RPL\2_Project\KNF_LEU+ 시범연료봉 장전 인허가 과제\2026\2_계산\2_LP\LOW_Fr_MASTER_result\srv198\kit_frontier_runs_produce_run_~_RST.APRQ_11_0725.8-344207220b-20wslorv_097838cc,no_digest,,,0,0,,
,c:\Users\USER\Desktop\CT&RPL\2_Project\KNF_LEU+ 시범연료봉 장전 인허가 과제\2026\2_계산\2_LP\LOW_Fr_MASTER_result\srv198\kit_frontier_runs_produce_run_~_RST.APRQ_11_0725.8-348988667c-214cxoxz_39fc4b27,no_mas_sum,,,0,0,,
,c:\Users\USER\Desktop\CT&RPL\2_Project\KNF_LEU+ 시범연료봉 장전 인허가 과제\2026\2_계산\2_LP\LOW_Fr_MASTER_result\srv198\kit_frontier_runs_produce_run_~_RST.APRQ_11_0725.8-348fa0b437-ho9uutio_7c38615f,no_digest,,,0,0,,
,c:\Users\USER\Desktop\CT&RPL\2_Project\KNF_LEU+ 시범연료봉 장전 인허가 과제\2026\2_계산\2_LP\LOW_Fr_MASTER_result\srv198\kit_frontier_runs_produce_run_~_RST.APRQ_11_0725.8-3498a8ee4c-k3lp7h_9_ee638207,no_mas_sum,,,0,0,,
,c:\Users\USER\Desktop\CT&RPL\2_Project\KNF_LEU+ 시범연료봉 장전 인허가 과제\2026\2_계산\2_LP\LOW_Fr_MASTER_result\srv198\kit_frontier_runs_produce_run_~_RST.APRQ_11_0725.8-35642192aa-eomzamn5_3e1f5ea5,no_mas_sum,,,0,0,,
,c:\Users\USER\Desktop\CT&RPL\2_Project\KNF_LEU+ 시범연료봉 장전 인허가 과제\2026\2_계산\2_LP\LOW_Fr_MASTER_result\srv198\kit_frontier_runs_produce_run_~_RST.APRQ_11_0725.8-404f059dbd-8lqf75pu_f6dd55ad,no_digest,,,0,0,,
,c:\Users\USER\Desktop\CT&RPL\2_Project\KNF_LEU+ 시범연료봉 장전 인허가 과제\2026\2_계산\2_LP\LOW_Fr_MASTER_result\srv198\kit_frontier_runs_produce_run_~_RST.APRQ_11_0725.8-4378c79815-6yxlgb4r_91544042,no_digest,,,0,0,,
,c:\Users\USER\Desktop\CT&RPL\2_Project\KNF_LEU+ 시범연료봉 장전 인허가 과제\2026\2_계산\2_LP\LOW_Fr_MASTER_result\srv198\kit_frontier_runs_produce_run_~_RST.APRQ_11_0725.8-46ee2f498b-sdyrklq4_723e362b,no_digest,,,0,0,,
,c:\Users\USER\Desktop\CT&RPL\2_Project\KNF_LEU+ 시범연료봉 장전 인허가 과제\2026\2_계산\2_LP\LOW_Fr_MASTER_result\srv198\kit_frontier_runs_produce_run_~_RST.APRQ_11_0725.8-4bbb3223af-n79mk5b0_8eb7409a,no_digest,,,0,0,,
,c:\Users\USER\Desktop\CT&RPL\2_Project\KNF_LEU+ 시범연료봉 장전 인허가 과제\2026\2_계산\2_LP\LOW_Fr_MASTER_result\srv198\kit_frontier_runs_produce_run_~_RST.APRQ_11_0725.8-4c2d1d7e70-44w9em0i_cacd1053,no_mas_sum,,,0,0,,
,c:\Users\USER\Desktop\CT&RPL\2_Project\KNF_LEU+ 시범연료봉 장전 인허가 과제\2026\2_계산\2_LP\LOW_Fr_MASTER_result\srv198\kit_frontier_runs_produce_run_~_RST.APRQ_11_0725.8-4d8e6f50aa-j937m5xp_ad1afbaa,no_mas_sum,,,0,0,,
,c:\Users\USER\Desktop\CT&RPL\2_Project\KNF_LEU+ 시범연료봉 장전 인허가 과제\2026\2_계산\2_LP\LOW_Fr_MASTER_result\srv198\kit_frontier_runs_produce_run_~_RST.APRQ_11_0725.8-4f08fef584-7z9j5q1d_7ab2587d,no_mas_sum,,,0,0,,
,c:\Users\USER\Desktop\CT&RPL\2_Project\KNF_LEU+ 시범연료봉 장전 인허가 과제\2026\2_계산\2_LP\LOW_Fr_MASTER_result\srv198\kit_frontier_runs_produce_run_~_RST.APRQ_11_0725.8-50ce3bac4e-jfilk2y9_becf8158,no_digest,,,0,0,,
,c:\Users\USER\Desktop\CT&RPL\2_Project\KNF_LEU+ 시범연료봉 장전 인허가 과제\2026\2_계산\2_LP\LOW_Fr_MASTER_result\srv198\kit_frontier_runs_produce_run_~_RST.APRQ_11_0725.8-55d283ca71-m4xrsvuh_f3389624,no_digest,,,0,0,,
,c:\Users\USER\Desktop\CT&RPL\2_Project\KNF_LEU+ 시범연료봉 장전 인허가 과제\2026\2_계산\2_LP\LOW_Fr_MASTER_result\srv198\kit_frontier_runs_produce_run_~_RST.APRQ_11_0725.8-562a608874-331lqr8p_1f75c61a,no_digest,,,0,0,,
,c:\Users\USER\Desktop\CT&RPL\2_Project\KNF_LEU+ 시범연료봉 장전 인허가 과제\2026\2_계산\2_LP\LOW_Fr_MASTER_result\srv198\kit_frontier_runs_produce_run_~_RST.APRQ_11_0725.8-5b75d41641-_ql2wqnn_b5c82d4f,no_mas_sum,,,0,0,,
,c:\Users\USER\Desktop\CT&RPL\2_Project\KNF_LEU+ 시범연료봉 장전 인허가 과제\2026\2_계산\2_LP\LOW_Fr_MASTER_result\srv198\kit_frontier_runs_produce_run_~_RST.APRQ_11_0725.8-5fabe90843-jricm26r_4d4651c6,no_digest,,,0,0,,
,c:\Users\USER\Desktop\CT&RPL\2_Project\KNF_LEU+ 시범연료봉 장전 인허가 과제\2026\2_계산\2_LP\LOW_Fr_MASTER_result\srv198\kit_frontier_runs_produce_run_~_RST.APRQ_11_0725.8-608f665d42-wjtsqgg8_9dc05ad6,no_digest,,,0,0,,
,c:\Users\USER\Desktop\CT&RPL\2_Project\KNF_LEU+ 시범연료봉 장전 인허가 과제\2026\2_계산\2_LP\LOW_Fr_MASTER_result\srv198\kit_frontier_runs_produce_run_~_RST.APRQ_11_0725.8-6cfebda2ae-50kwgqei_7e3eb6f4,no_digest,,,0,0,,
,c:\Users\USER\Desktop\CT&RPL\2_Project\KNF_LEU+ 시범연료봉 장전 인허가 과제\2026\2_계산\2_LP\LOW_Fr_MASTER_result\srv198\kit_frontier_runs_produce_run_~_RST.APRQ_11_0725.8-7116900f39-3i7l4wmy_7ac5dfc1,no_digest,,,0,0,,
,c:\Users\USER\Desktop\CT&RPL\2_Project\KNF_LEU+ 시범연료봉 장전 인허가 과제\2026\2_계산\2_LP\LOW_Fr_MASTER_result\srv198\kit_frontier_runs_produce_run_~_RST.APRQ_11_0725.8-718036d931-rkizwgpo_7356a085,no_digest,,,0,0,,
,c:\Users\USER\Desktop\CT&RPL\2_Project\KNF_LEU+ 시범연료봉 장전 인허가 과제\2026\2_계산\2_LP\LOW_Fr_MASTER_result\srv198\kit_frontier_runs_produce_run_~_RST.APRQ_11_0725.8-80066c6233-_t79o8_x_6c6f98d6,no_mas_sum,,,0,0,,
,c:\Users\USER\Desktop\CT&RPL\2_Project\KNF_LEU+ 시범연료봉 장전 인허가 과제\2026\2_계산\2_LP\LOW_Fr_MASTER_result\srv198\kit_frontier_runs_produce_run_~_RST.APRQ_11_0725.8-81bbcb1580-i71_u97h_ffc3bf9d,no_digest,,,0,0,,
,c:\Users\USER\Desktop\CT&RPL\2_Project\KNF_LEU+ 시범연료봉 장전 인허가 과제\2026\2_계산\2_LP\LOW_Fr_MASTER_result\srv198\kit_frontier_runs_produce_run_~_RST.APRQ_11_0725.8-8265b30783-shhmhtuw_4d67a95c,no_digest,,,0,0,,
,c:\Users\USER\Desktop\CT&RPL\2_Project\KNF_LEU+ 시범연료봉 장전 인허가 과제\2026\2_계산\2_LP\LOW_Fr_MASTER_result\srv198\kit_frontier_runs_produce_run_~_RST.APRQ_11_0725.8-84b76493db-_mr7pdwq_d154805f,no_digest,,,0,0,,
,c:\Users\USER\Desktop\CT&RPL\2_Project\KNF_LEU+ 시범연료봉 장전 인허가 과제\2026\2_계산\2_LP\LOW_Fr_MASTER_result\srv198\kit_frontier_runs_produce_run_~_RST.APRQ_11_0725.8-85bc0e1bf8-zrwrs0uj_94461723,no_mas_sum,,,0,0,,
,c:\Users\USER\Desktop\CT&RPL\2_Project\KNF_LEU+ 시범연료봉 장전 인허가 과제\2026\2_계산\2_LP\LOW_Fr_MASTER_result\srv198\kit_frontier_runs_produce_run_~_RST.APRQ_11_0725.8-89ad3cb28a-iw51hraa_4a5f9da8,no_digest,,,0,0,,
,c:\Users\USER\Desktop\CT&RPL\2_Project\KNF_LEU+ 시범연료봉 장전 인허가 과제\2026\2_계산\2_LP\LOW_Fr_MASTER_result\srv198\kit_frontier_runs_produce_run_~_RST.APRQ_11_0725.8-926d73f322-drnm8lyh_851da782,no_digest,,,0,0,,
,c:\Users\USER\Desktop\CT&RPL\2_Project\KNF_LEU+ 시범연료봉 장전 인허가 과제\2026\2_계산\2_LP\LOW_Fr_MASTER_result\srv198\kit_frontier_runs_produce_run_~_RST.APRQ_11_0725.8-92f744b891-yp550nxn_d9e86a32,no_digest,,,0,0,,
,c:\Users\USER\Desktop\CT&RPL\2_Project\KNF_LEU+ 시범연료봉 장전 인허가 과제\2026\2_계산\2_LP\LOW_Fr_MASTER_result\srv198\kit_frontier_runs_produce_run_~_RST.APRQ_11_0725.8-99e59be147-bat195lv_4ff7def9,no_digest,,,0,0,,
,c:\Users\USER\Desktop\CT&RPL\2_Project\KNF_LEU+ 시범연료봉 장전 인허가 과제\2026\2_계산\2_LP\LOW_Fr_MASTER_result\srv198\kit_frontier_runs_produce_run_~_RST.APRQ_11_0725.8-a0390668b8-eh09o5s5_cd61ec1d,no_digest,,,0,0,,
,c:\Users\USER\Desktop\CT&RPL\2_Project\KNF_LEU+ 시범연료봉 장전 인허가 과제\2026\2_계산\2_LP\LOW_Fr_MASTER_result\srv198\kit_frontier_runs_produce_run_~_RST.APRQ_11_0725.8-a77cc40ef4-wd4fozao_b83607a6,no_mas_sum,,,0,0,,
,c:\Users\USER\Desktop\CT&RPL\2_Project\KNF_LEU+ 시범연료봉 장전 인허가 과제\2026\2_계산\2_LP\LOW_Fr_MASTER_result\srv198\kit_frontier_runs_produce_run_~_RST.APRQ_11_0725.8-a95c91f742-bc6gkl_u_42019290,no_digest,,,0,0,,
,c:\Users\USER\Desktop\CT&RPL\2_Project\KNF_LEU+ 시범연료봉 장전 인허가 과제\2026\2_계산\2_LP\LOW_Fr_MASTER_result\srv198\kit_frontier_runs_produce_run_~_RST.APRQ_11_0725.8-ad1fd2a50d-esdo5_ms_6a539f1e,no_digest,,,0,0,,
,c:\Users\USER\Desktop\CT&RPL\2_Project\KNF_LEU+ 시범연료봉 장전 인허가 과제\2026\2_계산\2_LP\LOW_Fr_MASTER_result\srv198\kit_frontier_runs_produce_run_~_RST.APRQ_11_0725.8-ae4437abd2-lwn13or2_c9fd24c8,no_digest,,,0,0,,
,c:\Users\USER\Desktop\CT&RPL\2_Project\KNF_LEU+ 시범연료봉 장전 인허가 과제\2026\2_계산\2_LP\LOW_Fr_MASTER_result\srv198\kit_frontier_runs_produce_run_~_RST.APRQ_11_0725.8-af8a234fc1-6c6958vw_c2b0826a,no_digest,,,0,0,,
,c:\Users\USER\Desktop\CT&RPL\2_Project\KNF_LEU+ 시범연료봉 장전 인허가 과제\2026\2_계산\2_LP\LOW_Fr_MASTER_result\srv198\kit_frontier_runs_produce_run_~_RST.APRQ_11_0725.8-b1fcf57a53-alu8815z_c8c1ce97,no_digest,,,0,0,,
,c:\Users\USER\Desktop\CT&RPL\2_Project\KNF_LEU+ 시범연료봉 장전 인허가 과제\2026\2_계산\2_LP\LOW_Fr_MASTER_result\srv198\kit_frontier_runs_produce_run_~_RST.APRQ_11_0725.8-b6547187da-oyx7o3sj_1f884e88,no_digest,,,0,0,,
,c:\Users\USER\Desktop\CT&RPL\2_Project\KNF_LEU+ 시범연료봉 장전 인허가 과제\2026\2_계산\2_LP\LOW_Fr_MASTER_result\srv198\kit_frontier_runs_produce_run_~_RST.APRQ_11_0725.8-b6f699f00a-7hzbkumt_09f0f1eb,no_digest,,,0,0,,
,c:\Users\USER\Desktop\CT&RPL\2_Project\KNF_LEU+ 시범연료봉 장전 인허가 과제\2026\2_계산\2_LP\LOW_Fr_MASTER_result\srv198\kit_frontier_runs_produce_run_~_RST.APRQ_11_0725.8-b87bff19b1-0hcbcyb5_54cf3c8d,no_digest,,,0,0,,
,c:\Users\USER\Desktop\CT&RPL\2_Project\KNF_LEU+ 시범연료봉 장전 인허가 과제\2026\2_계산\2_LP\LOW_Fr_MASTER_result\srv198\kit_frontier_runs_produce_run_~_RST.APRQ_11_0725.8-ba5f0440b0-pyuqownd_b3ca8afb,no_digest,,,0,0,,
,c:\Users\USER\Desktop\CT&RPL\2_Project\KNF_LEU+ 시범연료봉 장전 인허가 과제\2026\2_계산\2_LP\LOW_Fr_MASTER_result\srv198\kit_frontier_runs_produce_run_~_RST.APRQ_11_0725.8-bbaa27a244-l0n1rp2z_5066b70d,no_digest,,,0,0,,
,c:\Users\USER\Desktop\CT&RPL\2_Project\KNF_LEU+ 시범연료봉 장전 인허가 과제\2026\2_계산\2_LP\LOW_Fr_MASTER_result\srv198\kit_frontier_runs_produce_run_~_RST.APRQ_11_0725.8-bdfa90a56b-n0wj_why_ddf35c7a,no_digest,,,0,0,,
,c:\Users\USER\Desktop\CT&RPL\2_Project\KNF_LEU+ 시범연료봉 장전 인허가 과제\2026\2_계산\2_LP\LOW_Fr_MASTER_result\srv198\kit_frontier_runs_produce_run_~_RST.APRQ_11_0725.8-be36b793aa-ei8fk35x_484111d9,no_digest,,,0,0,,
,c:\Users\USER\Desktop\CT&RPL\2_Project\KNF_LEU+ 시범연료봉 장전 인허가 과제\2026\2_계산\2_LP\LOW_Fr_MASTER_result\srv198\kit_frontier_runs_produce_run_~_RST.APRQ_11_0725.8-bfc1dc70b1-v03zlt65_738de9fd,no_digest,,,0,0,,
,c:\Users\USER\Desktop\CT&RPL\2_Project\KNF_LEU+ 시범연료봉 장전 인허가 과제\2026\2_계산\2_LP\LOW_Fr_MASTER_result\srv198\kit_frontier_runs_produce_run_~_RST.APRQ_11_0725.8-c30600324c-3_2zwitx_51e97e61,no_digest,,,0,0,,
,c:\Users\USER\Desktop\CT&RPL\2_Project\KNF_LEU+ 시범연료봉 장전 인허가 과제\2026\2_계산\2_LP\LOW_Fr_MASTER_result\srv198\kit_frontier_runs_produce_run_~_RST.APRQ_11_0725.8-c73274c54f-vlqj_krw_cf2da555,no_mas_sum,,,0,0,,
,c:\Users\USER\Desktop\CT&RPL\2_Project\KNF_LEU+ 시범연료봉 장전 인허가 과제\2026\2_계산\2_LP\LOW_Fr_MASTER_result\srv198\kit_frontier_runs_produce_run_~_RST.APRQ_11_0725.8-c8f015d113-m1uewjhh_fb9e24a2,no_digest,,,0,0,,
,c:\Users\USER\Desktop\CT&RPL\2_Project\KNF_LEU+ 시범연료봉 장전 인허가 과제\2026\2_계산\2_LP\LOW_Fr_MASTER_result\srv198\kit_frontier_runs_produce_run_~_RST.APRQ_11_0725.8-c9eaaeee16-4jvehlsc_e64ad965,no_digest,,,0,0,,
,c:\Users\USER\Desktop\CT&RPL\2_Project\KNF_LEU+ 시범연료봉 장전 인허가 과제\2026\2_계산\2_LP\LOW_Fr_MASTER_result\srv198\kit_frontier_runs_produce_run_~_RST.APRQ_11_0725.8-cd7154b2c2-sfbcct9l_bca19060,no_digest,,,0,0,,
,c:\Users\USER\Desktop\CT&RPL\2_Project\KNF_LEU+ 시범연료봉 장전 인허가 과제\2026\2_계산\2_LP\LOW_Fr_MASTER_result\srv198\kit_frontier_runs_produce_run_~_RST.APRQ_11_0725.8-ce38dd872e-5_6geil7_4d693058,no_digest,,,0,0,,
,c:\Users\USER\Desktop\CT&RPL\2_Project\KNF_LEU+ 시범연료봉 장전 인허가 과제\2026\2_계산\2_LP\LOW_Fr_MASTER_result\srv198\kit_frontier_runs_produce_run_~_RST.APRQ_11_0725.8-cf61916f27-qsehc4m8_7be6579e,no_digest,,,0,0,,
,c:\Users\USER\Desktop\CT&RPL\2_Project\KNF_LEU+ 시범연료봉 장전 인허가 과제\2026\2_계산\2_LP\LOW_Fr_MASTER_result\srv198\kit_frontier_runs_produce_run_~_RST.APRQ_11_0725.8-d90f090b91-_df8ffjv_7b19ecb6,no_mas_sum,,,0,0,,
,c:\Users\USER\Desktop\CT&RPL\2_Project\KNF_LEU+ 시범연료봉 장전 인허가 과제\2026\2_계산\2_LP\LOW_Fr_MASTER_result\srv198\kit_frontier_runs_produce_run_~_RST.APRQ_11_0725.8-d92e90abbb-dwnpu19w_7d010d6d,no_digest,,,0,0,,
,c:\Users\USER\Desktop\CT&RPL\2_Project\KNF_LEU+ 시범연료봉 장전 인허가 과제\2026\2_계산\2_LP\LOW_Fr_MASTER_result\srv198\kit_frontier_runs_produce_run_~_RST.APRQ_11_0725.8-daea92a8be-6sx9ka7d_02f87924,no_mas_sum,,,0,0,,
,c:\Users\USER\Desktop\CT&RPL\2_Project\KNF_LEU+ 시범연료봉 장전 인허가 과제\2026\2_계산\2_LP\LOW_Fr_MASTER_result\srv198\kit_frontier_runs_produce_run_~_RST.APRQ_11_0725.8-dfb2468a5b-77i2vtku_45fd1e8e,no_digest,,,0,0,,
,c:\Users\USER\Desktop\CT&RPL\2_Project\KNF_LEU+ 시범연료봉 장전 인허가 과제\2026\2_계산\2_LP\LOW_Fr_MASTER_result\srv198\kit_frontier_runs_produce_run_~_RST.APRQ_11_0725.8-e11821b6aa-3xgkpy7z_f14e40a5,no_mas_sum,,,0,0,,
,c:\Users\USER\Desktop\CT&RPL\2_Project\KNF_LEU+ 시범연료봉 장전 인허가 과제\2026\2_계산\2_LP\LOW_Fr_MASTER_result\srv198\kit_frontier_runs_produce_run_~_RST.APRQ_11_0725.8-e16ce17ce0-r2fjtfyo_e0291c57,no_digest,,,0,0,,
,c:\Users\USER\Desktop\CT&RPL\2_Project\KNF_LEU+ 시범연료봉 장전 인허가 과제\2026\2_계산\2_LP\LOW_Fr_MASTER_result\srv198\kit_frontier_runs_produce_run_~_RST.APRQ_11_0725.8-e765b362ce-uxag0xjt_e0b23dbb,no_mas_sum,,,0,0,,
,c:\Users\USER\Desktop\CT&RPL\2_Project\KNF_LEU+ 시범연료봉 장전 인허가 과제\2026\2_계산\2_LP\LOW_Fr_MASTER_result\srv198\kit_frontier_runs_produce_run_~_RST.APRQ_11_0725.8-eb0ed97a1c-yi2ulp50_d5b38b3d,no_digest,,,0,0,,
,c:\Users\USER\Desktop\CT&RPL\2_Project\KNF_LEU+ 시범연료봉 장전 인허가 과제\2026\2_계산\2_LP\LOW_Fr_MASTER_result\srv198\kit_frontier_runs_produce_run_~_RST.APRQ_11_0725.8-f4842a6068-zhw4oe_x_83e75f23,no_mas_sum,,,0,0,,
,c:\Users\USER\Desktop\CT&RPL\2_Project\KNF_LEU+ 시범연료봉 장전 인허가 과제\2026\2_계산\2_LP\LOW_Fr_MASTER_result\srv198\kit_frontier_runs_produce_run_~_RST.APRQ_11_0725.8-f52e2d3dfc-2ssr6chh_0a223f96,no_digest,,,0,0,,
,c:\Users\USER\Desktop\CT&RPL\2_Project\KNF_LEU+ 시범연료봉 장전 인허가 과제\2026\2_계산\2_LP\LOW_Fr_MASTER_result\srv198\kit_frontier_runs_produce_run_~_RST.APRQ_11_0725.8-f8ac7a9c4b-lxegvnnk_2d239938,no_digest,,,0,0,,
,c:\Users\USER\Desktop\CT&RPL\2_Project\KNF_LEU+ 시범연료봉 장전 인허가 과제\2026\2_계산\2_LP\LOW_Fr_MASTER_result\srv198\kit_frontier_runs_produce_run_~_RST.APRQ_11_0725.8-fd8fc7a88b-37wlogdj_25e0cf2e,no_digest,,,0,0,,
,c:\Users\USER\Desktop\CT&RPL\2_Project\KNF_LEU+ 시범연료봉 장전 인허가 과제\2026\2_계산\2_LP\LOW_Fr_MASTER_result\srv198\kit_frontier_runs_produce_run_~_RST.APRQ_11_0740.8-00046497dc-t9ilx6nm_41936219,no_mas_sum,,,0,0,,
,c:\Users\USER\Desktop\CT&RPL\2_Project\KNF_LEU+ 시범연료봉 장전 인허가 과제\2026\2_계산\2_LP\LOW_Fr_MASTER_result\srv198\kit_frontier_runs_produce_run_~_RST.APRQ_11_0740.8-021dc9aec7-t9gue1rx_b3ab07b1,no_digest,,,0,0,,
,c:\Users\USER\Desktop\CT&RPL\2_Project\KNF_LEU+ 시범연료봉 장전 인허가 과제\2026\2_계산\2_LP\LOW_Fr_MASTER_result\srv198\kit_frontier_runs_produce_run_~_RST.APRQ_11_0740.8-023c88141e-xgaq3gfz_191bcc0d,no_mas_sum,,,0,0,,
,c:\Users\USER\Desktop\CT&RPL\2_Project\KNF_LEU+ 시범연료봉 장전 인허가 과제\2026\2_계산\2_LP\LOW_Fr_MASTER_result\srv198\kit_frontier_runs_produce_run_~_RST.APRQ_11_0740.8-028b69df90-fcidr3vn_9692c9db,no_digest,,,0,0,,
,c:\Users\USER\Desktop\CT&RPL\2_Project\KNF_LEU+ 시범연료봉 장전 인허가 과제\2026\2_계산\2_LP\LOW_Fr_MASTER_result\srv198\kit_frontier_runs_produce_run_~_RST.APRQ_11_0740.8-03d5849701-0u6xe4la_aff57c22,no_digest,,,0,0,,
,c:\Users\USER\Desktop\CT&RPL\2_Project\KNF_LEU+ 시범연료봉 장전 인허가 과제\2026\2_계산\2_LP\LOW_Fr_MASTER_result\srv198\kit_frontier_runs_produce_run_~_RST.APRQ_11_0740.8-0a4d2db96c-ovnkg2i1_bbdeeed3,no_digest,,,0,0,,
,c:\Users\USER\Desktop\CT&RPL\2_Project\KNF_LEU+ 시범연료봉 장전 인허가 과제\2026\2_계산\2_LP\LOW_Fr_MASTER_result\srv198\kit_frontier_runs_produce_run_~_RST.APRQ_11_0740.8-0ba624e962-gsx4dkq3_10ad27cf,no_digest,,,0,0,,
,c:\Users\USER\Desktop\CT&RPL\2_Project\KNF_LEU+ 시범연료봉 장전 인허가 과제\2026\2_계산\2_LP\LOW_Fr_MASTER_result\srv198\kit_frontier_runs_produce_run_~_RST.APRQ_11_0740.8-0dfa24516b-rwlw6j0i_5e922b42,no_digest,,,0,0,,
,c:\Users\USER\Desktop\CT&RPL\2_Project\KNF_LEU+ 시범연료봉 장전 인허가 과제\2026\2_계산\2_LP\LOW_Fr_MASTER_result\srv198\kit_frontier_runs_produce_run_~_RST.APRQ_11_0740.8-11a0158567-hvptzbo3_6b52f7c0,no_digest,,,0,0,,
,c:\Users\USER\Desktop\CT&RPL\2_Project\KNF_LEU+ 시범연료봉 장전 인허가 과제\2026\2_계산\2_LP\LOW_Fr_MASTER_result\srv198\kit_frontier_runs_produce_run_~_RST.APRQ_11_0740.8-11e1e0643d-mvgwjsek_bfb8675a,no_digest,,,0,0,,
,c:\Users\USER\Desktop\CT&RPL\2_Project\KNF_LEU+ 시범연료봉 장전 인허가 과제\2026\2_계산\2_LP\LOW_Fr_MASTER_result\srv198\kit_frontier_runs_produce_run_~_RST.APRQ_11_0740.8-152385944f-mkvrpjph_b3b53deb,no_digest,,,0,0,,
,c:\Users\USER\Desktop\CT&RPL\2_Project\KNF_LEU+ 시범연료봉 장전 인허가 과제\2026\2_계산\2_LP\LOW_Fr_MASTER_result\srv198\kit_frontier_runs_produce_run_~_RST.APRQ_11_0740.8-155be3684a-dd_uduec_3cb206b1,no_digest,,,0,0,,
,c:\Users\USER\Desktop\CT&RPL\2_Project\KNF_LEU+ 시범연료봉 장전 인허가 과제\2026\2_계산\2_LP\LOW_Fr_MASTER_result\srv198\kit_frontier_runs_produce_run_~_RST.APRQ_11_0740.8-190662bd49-2v29fgv3_8c8a75da,no_digest,,,0,0,,
,c:\Users\USER\Desktop\CT&RPL\2_Project\KNF_LEU+ 시범연료봉 장전 인허가 과제\2026\2_계산\2_LP\LOW_Fr_MASTER_result\srv198\kit_frontier_runs_produce_run_~_RST.APRQ_11_0740.8-19112bff28-gt8cje3l_aee64456,no_mas_sum,,,0,0,,
,c:\Users\USER\Desktop\CT&RPL\2_Project\KNF_LEU+ 시범연료봉 장전 인허가 과제\2026\2_계산\2_LP\LOW_Fr_MASTER_result\srv198\kit_frontier_runs_produce_run_~_RST.APRQ_11_0740.8-1f72b9e87f-ykoyfkmh_25d2826e,no_digest,,,0,0,,
,c:\Users\USER\Desktop\CT&RPL\2_Project\KNF_LEU+ 시범연료봉 장전 인허가 과제\2026\2_계산\2_LP\LOW_Fr_MASTER_result\srv198\kit_frontier_runs_produce_run_~_RST.APRQ_11_0740.8-23c1d98234-9ug615o9_54256bce,no_digest,,,0,0,,
,c:\Users\USER\Desktop\CT&RPL\2_Project\KNF_LEU+ 시범연료봉 장전 인허가 과제\2026\2_계산\2_LP\LOW_Fr_MASTER_result\srv198\kit_frontier_runs_produce_run_~_RST.APRQ_11_0740.8-29a3813bab-54w5fink_c7786275,no_digest,,,0,0,,
,c:\Users\USER\Desktop\CT&RPL\2_Project\KNF_LEU+ 시범연료봉 장전 인허가 과제\2026\2_계산\2_LP\LOW_Fr_MASTER_result\srv198\kit_frontier_runs_produce_run_~_RST.APRQ_11_0740.8-3480bd4cc9-01huudfq_431faa64,no_mas_sum,,,0,0,,
,c:\Users\USER\Desktop\CT&RPL\2_Project\KNF_LEU+ 시범연료봉 장전 인허가 과제\2026\2_계산\2_LP\LOW_Fr_MASTER_result\srv198\kit_frontier_runs_produce_run_~_RST.APRQ_11_0740.8-35c6333211-h00v50bw_a355f65b,no_digest,,,0,0,,
,c:\Users\USER\Desktop\CT&RPL\2_Project\KNF_LEU+ 시범연료봉 장전 인허가 과제\2026\2_계산\2_LP\LOW_Fr_MASTER_result\srv198\kit_frontier_runs_produce_run_~_RST.APRQ_11_0740.8-379581dcf0-ojrhju8b_bb02eba2,no_mas_sum,,,0,0,,
,c:\Users\USER\Desktop\CT&RPL\2_Project\KNF_LEU+ 시범연료봉 장전 인허가 과제\2026\2_계산\2_LP\LOW_Fr_MASTER_result\srv198\kit_frontier_runs_produce_run_~_RST.APRQ_11_0740.8-381b21b5ce-oivar5fe_b9981026,no_digest,,,0,0,,
,c:\Users\USER\Desktop\CT&RPL\2_Project\KNF_LEU+ 시범연료봉 장전 인허가 과제\2026\2_계산\2_LP\LOW_Fr_MASTER_result\srv198\kit_frontier_runs_produce_run_~_RST.APRQ_11_0740.8-3c45397ed8-82te5uxc_6a4e8f5f,no_digest,,,0,0,,
,c:\Users\USER\Desktop\CT&RPL\2_Project\KNF_LEU+ 시범연료봉 장전 인허가 과제\2026\2_계산\2_LP\LOW_Fr_MASTER_result\srv198\kit_frontier_runs_produce_run_~_RST.APRQ_11_0740.8-3fb5ba1627-r1_yd1ym_f9abb263,no_mas_sum,,,0,0,,
,c:\Users\USER\Desktop\CT&RPL\2_Project\KNF_LEU+ 시범연료봉 장전 인허가 과제\2026\2_계산\2_LP\LOW_Fr_MASTER_result\srv198\kit_frontier_runs_produce_run_~_RST.APRQ_11_0740.8-411108cd1e-3wl6ef23_a3bb37d2,no_digest,,,0,0,,
,c:\Users\USER\Desktop\CT&RPL\2_Project\KNF_LEU+ 시범연료봉 장전 인허가 과제\2026\2_계산\2_LP\LOW_Fr_MASTER_result\srv198\kit_frontier_runs_produce_run_~_RST.APRQ_11_0740.8-46350209d0-mmhhjkbq_0fae1863,no_digest,,,0,0,,
,c:\Users\USER\Desktop\CT&RPL\2_Project\KNF_LEU+ 시범연료봉 장전 인허가 과제\2026\2_계산\2_LP\LOW_Fr_MASTER_result\srv198\kit_frontier_runs_produce_run_~_RST.APRQ_11_0740.8-48c960f3e1-tr0qjxea_8b7a84b7,no_digest,,,0,0,,
,c:\Users\USER\Desktop\CT&RPL\2_Project\KNF_LEU+ 시범연료봉 장전 인허가 과제\2026\2_계산\2_LP\LOW_Fr_MASTER_result\srv198\kit_frontier_runs_produce_run_~_RST.APRQ_11_0740.8-4acc0a0f95-0qo31yd7_d7c1400a,no_digest,,,0,0,,
,c:\Users\USER\Desktop\CT&RPL\2_Project\KNF_LEU+ 시범연료봉 장전 인허가 과제\2026\2_계산\2_LP\LOW_Fr_MASTER_result\srv198\kit_frontier_runs_produce_run_~_RST.APRQ_11_0740.8-4d5caa49d2-kip8hexu_2a457eba,no_mas_sum,,,0,0,,
,c:\Users\USER\Desktop\CT&RPL\2_Project\KNF_LEU+ 시범연료봉 장전 인허가 과제\2026\2_계산\2_LP\LOW_Fr_MASTER_result\srv198\kit_frontier_runs_produce_run_~_RST.APRQ_11_0740.8-5677660359-jzb21npt_f6bf1de3,no_digest,,,0,0,,
,c:\Users\USER\Desktop\CT&RPL\2_Project\KNF_LEU+ 시범연료봉 장전 인허가 과제\2026\2_계산\2_LP\LOW_Fr_MASTER_result\srv198\kit_frontier_runs_produce_run_~_RST.APRQ_11_0740.8-5b67f99834-ulyj51ec_f4ab6bd6,no_mas_sum,,,0,0,,
,c:\Users\USER\Desktop\CT&RPL\2_Project\KNF_LEU+ 시범연료봉 장전 인허가 과제\2026\2_계산\2_LP\LOW_Fr_MASTER_result\srv198\kit_frontier_runs_produce_run_~_RST.APRQ_11_0740.8-64893aca9b-kyet0hcx_a8247119,no_digest,,,0,0,,
,c:\Users\USER\Desktop\CT&RPL\2_Project\KNF_LEU+ 시범연료봉 장전 인허가 과제\2026\2_계산\2_LP\LOW_Fr_MASTER_result\srv198\kit_frontier_runs_produce_run_~_RST.APRQ_11_0740.8-6a2add87c7-z2ju2m08_a6e46c85,no_digest,,,0,0,,
,c:\Users\USER\Desktop\CT&RPL\2_Project\KNF_LEU+ 시범연료봉 장전 인허가 과제\2026\2_계산\2_LP\LOW_Fr_MASTER_result\srv198\kit_frontier_runs_produce_run_~_RST.APRQ_11_0740.8-6aac077e70-_zoufxe7_79abbdee,no_digest,,,0,0,,
,c:\Users\USER\Desktop\CT&RPL\2_Project\KNF_LEU+ 시범연료봉 장전 인허가 과제\2026\2_계산\2_LP\LOW_Fr_MASTER_result\srv198\kit_frontier_runs_produce_run_~_RST.APRQ_11_0740.8-6b5e1feecd-gmj00049_0d40e0a9,no_mas_sum,,,0,0,,
,c:\Users\USER\Desktop\CT&RPL\2_Project\KNF_LEU+ 시범연료봉 장전 인허가 과제\2026\2_계산\2_LP\LOW_Fr_MASTER_result\srv198\kit_frontier_runs_produce_run_~_RST.APRQ_11_0740.8-6ce3aa1655-ieiw3_ie_7fbc9d6e,no_digest,,,0,0,,
,c:\Users\USER\Desktop\CT&RPL\2_Project\KNF_LEU+ 시범연료봉 장전 인허가 과제\2026\2_계산\2_LP\LOW_Fr_MASTER_result\srv198\kit_frontier_runs_produce_run_~_RST.APRQ_11_0740.8-6e6aa1d021-3n7yq460_a8bdf03e,no_mas_sum,,,0,0,,
,c:\Users\USER\Desktop\CT&RPL\2_Project\KNF_LEU+ 시범연료봉 장전 인허가 과제\2026\2_계산\2_LP\LOW_Fr_MASTER_result\srv198\kit_frontier_runs_produce_run_~_RST.APRQ_11_0740.8-733283feda-cabo61t6_a54e854c,no_mas_sum,,,0,0,,
,c:\Users\USER\Desktop\CT&RPL\2_Project\KNF_LEU+ 시범연료봉 장전 인허가 과제\2026\2_계산\2_LP\LOW_Fr_MASTER_result\srv198\kit_frontier_runs_produce_run_~_RST.APRQ_11_0740.8-77f5ec6906-3m6md61n_b31a9d38,no_digest,,,0,0,,
,c:\Users\USER\Desktop\CT&RPL\2_Project\KNF_LEU+ 시범연료봉 장전 인허가 과제\2026\2_계산\2_LP\LOW_Fr_MASTER_result\srv198\kit_frontier_runs_produce_run_~_RST.APRQ_11_0740.8-78a5ca074b-okwd5n66_a5a4e898,no_digest,,,0,0,,
,c:\Users\USER\Desktop\CT&RPL\2_Project\KNF_LEU+ 시범연료봉 장전 인허가 과제\2026\2_계산\2_LP\LOW_Fr_MASTER_result\srv198\kit_frontier_runs_produce_run_~_RST.APRQ_11_0740.8-78bb78b2b6-b692_58n_286168ad,no_digest,,,0,0,,
,c:\Users\USER\Desktop\CT&RPL\2_Project\KNF_LEU+ 시범연료봉 장전 인허가 과제\2026\2_계산\2_LP\LOW_Fr_MASTER_result\srv198\kit_frontier_runs_produce_run_~_RST.APRQ_11_0740.8-7ad6ab3757-gdmg640u_f28a3ded,no_digest,,,0,0,,
,c:\Users\USER\Desktop\CT&RPL\2_Project\KNF_LEU+ 시범연료봉 장전 인허가 과제\2026\2_계산\2_LP\LOW_Fr_MASTER_result\srv198\kit_frontier_runs_produce_run_~_RST.APRQ_11_0740.8-7ebefd0db3-6n3qfj2q_447dd772,no_digest,,,0,0,,
,c:\Users\USER\Desktop\CT&RPL\2_Project\KNF_LEU+ 시범연료봉 장전 인허가 과제\2026\2_계산\2_LP\LOW_Fr_MASTER_result\srv198\kit_frontier_runs_produce_run_~_RST.APRQ_11_0740.8-816a4f93f5-90g2w97u_06dc8c17,no_digest,,,0,0,,
,c:\Users\USER\Desktop\CT&RPL\2_Project\KNF_LEU+ 시범연료봉 장전 인허가 과제\2026\2_계산\2_LP\LOW_Fr_MASTER_result\srv198\kit_frontier_runs_produce_run_~_RST.APRQ_11_0740.8-82edfe9892-3hl6g74u_098feb85,no_digest,,,0,0,,
,c:\Users\USER\Desktop\CT&RPL\2_Project\KNF_LEU+ 시범연료봉 장전 인허가 과제\2026\2_계산\2_LP\LOW_Fr_MASTER_result\srv198\kit_frontier_runs_produce_run_~_RST.APRQ_11_0740.8-85b368dc32-vqmwoih7_9ffd49b3,no_mas_sum,,,0,0,,
,c:\Users\USER\Desktop\CT&RPL\2_Project\KNF_LEU+ 시범연료봉 장전 인허가 과제\2026\2_계산\2_LP\LOW_Fr_MASTER_result\srv198\kit_frontier_runs_produce_run_~_RST.APRQ_11_0740.8-8f3dbb5b67-i9irrezz_8b1dde6f,no_digest,,,0,0,,
,c:\Users\USER\Desktop\CT&RPL\2_Project\KNF_LEU+ 시범연료봉 장전 인허가 과제\2026\2_계산\2_LP\LOW_Fr_MASTER_result\srv198\kit_frontier_runs_produce_run_~_RST.APRQ_11_0740.8-8f51bde88c-g3i20b6v_1fe57625,no_digest,,,0,0,,
,c:\Users\USER\Desktop\CT&RPL\2_Project\KNF_LEU+ 시범연료봉 장전 인허가 과제\2026\2_계산\2_LP\LOW_Fr_MASTER_result\srv198\kit_frontier_runs_produce_run_~_RST.APRQ_11_0740.8-91e43c38b4-mwy1e8d5_b3382580,no_digest,,,0,0,,
,c:\Users\USER\Desktop\CT&RPL\2_Project\KNF_LEU+ 시범연료봉 장전 인허가 과제\2026\2_계산\2_LP\LOW_Fr_MASTER_result\srv198\kit_frontier_runs_produce_run_~_RST.APRQ_11_0740.8-9838da6bde-q044w3ai_4a93e6dc,no_digest,,,0,0,,
,c:\Users\USER\Desktop\CT&RPL\2_Project\KNF_LEU+ 시범연료봉 장전 인허가 과제\2026\2_계산\2_LP\LOW_Fr_MASTER_result\srv198\kit_frontier_runs_produce_run_~_RST.APRQ_11_0740.8-9d80986e4e-hfu10ksp_90557fbc,no_digest,,,0,0,,
,c:\Users\USER\Desktop\CT&RPL\2_Project\KNF_LEU+ 시범연료봉 장전 인허가 과제\2026\2_계산\2_LP\LOW_Fr_MASTER_result\srv198\kit_frontier_runs_produce_run_~_RST.APRQ_11_0740.8-a035483bd7-md7sb62n_c6147c5d,no_digest,,,0,0,,
,c:\Users\USER\Desktop\CT&RPL\2_Project\KNF_LEU+ 시범연료봉 장전 인허가 과제\2026\2_계산\2_LP\LOW_Fr_MASTER_result\srv198\kit_frontier_runs_produce_run_~_RST.APRQ_11_0740.8-a70c98a1b8-gm5k75gx_bdde7ae5,no_mas_sum,,,0,0,,
,c:\Users\USER\Desktop\CT&RPL\2_Project\KNF_LEU+ 시범연료봉 장전 인허가 과제\2026\2_계산\2_LP\LOW_Fr_MASTER_result\srv198\kit_frontier_runs_produce_run_~_RST.APRQ_11_0740.8-a861f4801d-zrefob04_9771dca1,no_digest,,,0,0,,
,c:\Users\USER\Desktop\CT&RPL\2_Project\KNF_LEU+ 시범연료봉 장전 인허가 과제\2026\2_계산\2_LP\LOW_Fr_MASTER_result\srv198\kit_frontier_runs_produce_run_~_RST.APRQ_11_0740.8-ae83f49ab4-4iitzuig_a486a04f,no_digest,,,0,0,,
,c:\Users\USER\Desktop\CT&RPL\2_Project\KNF_LEU+ 시범연료봉 장전 인허가 과제\2026\2_계산\2_LP\LOW_Fr_MASTER_result\srv198\kit_frontier_runs_produce_run_~_RST.APRQ_11_0740.8-bd9ec80554-if0ou9m8_428d401f,no_mas_sum,,,0,0,,
,c:\Users\USER\Desktop\CT&RPL\2_Project\KNF_LEU+ 시범연료봉 장전 인허가 과제\2026\2_계산\2_LP\LOW_Fr_MASTER_result\srv198\kit_frontier_runs_produce_run_~_RST.APRQ_11_0740.8-beae75218a-jnjm_wa9_dc5085cc,no_digest,,,0,0,,
,c:\Users\USER\Desktop\CT&RPL\2_Project\KNF_LEU+ 시범연료봉 장전 인허가 과제\2026\2_계산\2_LP\LOW_Fr_MASTER_result\srv198\kit_frontier_runs_produce_run_~_RST.APRQ_11_0740.8-befc7b06a2-l6glpfk9_898787e2,no_digest,,,0,0,,
,c:\Users\USER\Desktop\CT&RPL\2_Project\KNF_LEU+ 시범연료봉 장전 인허가 과제\2026\2_계산\2_LP\LOW_Fr_MASTER_result\srv198\kit_frontier_runs_produce_run_~_RST.APRQ_11_0740.8-c0390c6020-sniqw28q_4ad7d65e,no_digest,,,0,0,,
,c:\Users\USER\Desktop\CT&RPL\2_Project\KNF_LEU+ 시범연료봉 장전 인허가 과제\2026\2_계산\2_LP\LOW_Fr_MASTER_result\srv198\kit_frontier_runs_produce_run_~_RST.APRQ_11_0740.8-c0dd09e1c0-v_glqxa5_0f1fbe34,no_digest,,,0,0,,
,c:\Users\USER\Desktop\CT&RPL\2_Project\KNF_LEU+ 시범연료봉 장전 인허가 과제\2026\2_계산\2_LP\LOW_Fr_MASTER_result\srv198\kit_frontier_runs_produce_run_~_RST.APRQ_11_0740.8-c27bc576a9-oc5fzoyl_43d25aa1,no_mas_sum,,,0,0,,
,c:\Users\USER\Desktop\CT&RPL\2_Project\KNF_LEU+ 시범연료봉 장전 인허가 과제\2026\2_계산\2_LP\LOW_Fr_MASTER_result\srv198\kit_frontier_runs_produce_run_~_RST.APRQ_11_0740.8-c2aeccdc2f-oodq0_mu_0ffa047c,no_digest,,,0,0,,
,c:\Users\USER\Desktop\CT&RPL\2_Project\KNF_LEU+ 시범연료봉 장전 인허가 과제\2026\2_계산\2_LP\LOW_Fr_MASTER_result\srv198\kit_frontier_runs_produce_run_~_RST.APRQ_11_0740.8-cd2265cf38-tj7iu57n_be3103cf,no_digest,,,0,0,,
,c:\Users\USER\Desktop\CT&RPL\2_Project\KNF_LEU+ 시범연료봉 장전 인허가 과제\2026\2_계산\2_LP\LOW_Fr_MASTER_result\srv198\kit_frontier_runs_produce_run_~_RST.APRQ_11_0740.8-d1ab347c6f-yqr96113_f4005152,no_digest,,,0,0,,
,c:\Users\USER\Desktop\CT&RPL\2_Project\KNF_LEU+ 시범연료봉 장전 인허가 과제\2026\2_계산\2_LP\LOW_Fr_MASTER_result\srv198\kit_frontier_runs_produce_run_~_RST.APRQ_11_0740.8-d40f26fce7-srcnld74_83c0315e,no_mas_sum,,,0,0,,
,c:\Users\USER\Desktop\CT&RPL\2_Project\KNF_LEU+ 시범연료봉 장전 인허가 과제\2026\2_계산\2_LP\LOW_Fr_MASTER_result\srv198\kit_frontier_runs_produce_run_~_RST.APRQ_11_0740.8-d47ef563ac-gskg2vh2_93602dfa,no_digest,,,0,0,,
,c:\Users\USER\Desktop\CT&RPL\2_Project\KNF_LEU+ 시범연료봉 장전 인허가 과제\2026\2_계산\2_LP\LOW_Fr_MASTER_result\srv198\kit_frontier_runs_produce_run_~_RST.APRQ_11_0740.8-daddfe60eb-sdzp9l7n_a73529dd,no_mas_sum,,,0,0,,
,c:\Users\USER\Desktop\CT&RPL\2_Project\KNF_LEU+ 시범연료봉 장전 인허가 과제\2026\2_계산\2_LP\LOW_Fr_MASTER_result\srv198\kit_frontier_runs_produce_run_~_RST.APRQ_11_0740.8-dd5aa2a0cb-kx3t11_8_24e4f8ce,no_digest,,,0,0,,
,c:\Users\USER\Desktop\CT&RPL\2_Project\KNF_LEU+ 시범연료봉 장전 인허가 과제\2026\2_계산\2_LP\LOW_Fr_MASTER_result\srv198\kit_frontier_runs_produce_run_~_RST.APRQ_11_0740.8-e03dd34bcb-mja3ijqf_9a332805,no_digest,,,0,0,,
,c:\Users\USER\Desktop\CT&RPL\2_Project\KNF_LEU+ 시범연료봉 장전 인허가 과제\2026\2_계산\2_LP\LOW_Fr_MASTER_result\srv198\kit_frontier_runs_produce_run_~_RST.APRQ_11_0740.8-e2253bbf84-p_0qdefx_0354440b,no_mas_sum,,,0,0,,
,c:\Users\USER\Desktop\CT&RPL\2_Project\KNF_LEU+ 시범연료봉 장전 인허가 과제\2026\2_계산\2_LP\LOW_Fr_MASTER_result\srv198\kit_frontier_runs_produce_run_~_RST.APRQ_11_0740.8-e4f30f7eb7-ghn3vttb_d7afffe5,no_digest,,,0,0,,
,c:\Users\USER\Desktop\CT&RPL\2_Project\KNF_LEU+ 시범연료봉 장전 인허가 과제\2026\2_계산\2_LP\LOW_Fr_MASTER_result\srv198\kit_frontier_runs_produce_run_~_RST.APRQ_11_0740.8-e6dd10e0f9-zu7951y9_e0223592,no_digest,,,0,0,,
,c:\Users\USER\Desktop\CT&RPL\2_Project\KNF_LEU+ 시범연료봉 장전 인허가 과제\2026\2_계산\2_LP\LOW_Fr_MASTER_result\srv198\kit_frontier_runs_produce_run_~_RST.APRQ_11_0740.8-f0e8e901bb-v4jsnecx_7519dfa1,no_digest,,,0,0,,
,c:\Users\USER\Desktop\CT&RPL\2_Project\KNF_LEU+ 시범연료봉 장전 인허가 과제\2026\2_계산\2_LP\LOW_Fr_MASTER_result\srv198\kit_frontier_runs_produce_run_~_RST.APRQ_11_0740.8-f5105b564d-rc1iuczi_c5b1a016,no_digest,,,0,0,,
,c:\Users\USER\Desktop\CT&RPL\2_Project\KNF_LEU+ 시범연료봉 장전 인허가 과제\2026\2_계산\2_LP\LOW_Fr_MASTER_result\srv198\kit_frontier_runs_produce_run_~_RST.APRQ_11_0740.8-f59ee0c5bf-p41z5v4h_9fc212d1,no_digest,,,0,0,,
,c:\Users\USER\Desktop\CT&RPL\2_Project\KNF_LEU+ 시범연료봉 장전 인허가 과제\2026\2_계산\2_LP\LOW_Fr_MASTER_result\srv198\kit_frontier_runs_produce_run_~_RST.APRQ_11_0740.8-f7da0f44f5-158efyeh_b5a02308,no_mas_sum,,,0,0,,
,c:\Users\USER\Desktop\CT&RPL\2_Project\KNF_LEU+ 시범연료봉 장전 인허가 과제\2026\2_계산\2_LP\LOW_Fr_MASTER_result\srv198\kit_frontier_runs_produce_run_~_RST.APRQ_11_0740.8-fba41e296a-a13_1ljc_955d7edf,no_digest,,,0,0,,
,c:\Users\USER\Desktop\CT&RPL\2_Project\KNF_LEU+ 시범연료봉 장전 인허가 과제\2026\2_계산\2_LP\LOW_Fr_MASTER_result\srv198\kit_frontier_runs_produce_run_~_RST.APRQ_11_0740.8-ff5d7f2689-ndwolpyy_d53be890,no_digest,,,0,0,,
,c:\Users\USER\Desktop\CT&RPL\2_Project\KNF_LEU+ 시범연료봉 장전 인허가 과제\2026\2_계산\2_LP\LOW_Fr_MASTER_result\srv198\kit_frontier_runs_produce_run_~_RST.APRQ_11_0746.3-0238d9f00a-lray31gk_2c18b448,no_digest,,,0,0,,
,c:\Users\USER\Desktop\CT&RPL\2_Project\KNF_LEU+ 시범연료봉 장전 인허가 과제\2026\2_계산\2_LP\LOW_Fr_MASTER_result\srv198\kit_frontier_runs_produce_run_~_RST.APRQ_11_0746.3-0561a3042a-nqw3o3a5_048b3715,no_mas_sum,,,0,0,,
,c:\Users\USER\Desktop\CT&RPL\2_Project\KNF_LEU+ 시범연료봉 장전 인허가 과제\2026\2_계산\2_LP\LOW_Fr_MASTER_result\srv198\kit_frontier_runs_produce_run_~_RST.APRQ_11_0746.3-0957d7ee1e-f6izy39n_06d7c2f3,no_digest,,,0,0,,
,c:\Users\USER\Desktop\CT&RPL\2_Project\KNF_LEU+ 시범연료봉 장전 인허가 과제\2026\2_계산\2_LP\LOW_Fr_MASTER_result\srv198\kit_frontier_runs_produce_run_~_RST.APRQ_11_0746.3-0cb81bc634-l8hm0dtv_52a47c1d,no_digest,,,0,0,,
,c:\Users\USER\Desktop\CT&RPL\2_Project\KNF_LEU+ 시범연료봉 장전 인허가 과제\2026\2_계산\2_LP\LOW_Fr_MASTER_result\srv198\kit_frontier_runs_produce_run_~_RST.APRQ_11_0746.3-140e5c7acb-tpg0q2hk_aec9a326,no_digest,,,0,0,,
,c:\Users\USER\Desktop\CT&RPL\2_Project\KNF_LEU+ 시범연료봉 장전 인허가 과제\2026\2_계산\2_LP\LOW_Fr_MASTER_result\srv198\kit_frontier_runs_produce_run_~_RST.APRQ_11_0746.3-15324b8104-owukrhf6_7d830273,no_digest,,,0,0,,
,c:\Users\USER\Desktop\CT&RPL\2_Project\KNF_LEU+ 시범연료봉 장전 인허가 과제\2026\2_계산\2_LP\LOW_Fr_MASTER_result\srv198\kit_frontier_runs_produce_run_~_RST.APRQ_11_0746.3-154ea2c41b-jmnob9pe_e52e5320,no_digest,,,0,0,,
,c:\Users\USER\Desktop\CT&RPL\2_Project\KNF_LEU+ 시범연료봉 장전 인허가 과제\2026\2_계산\2_LP\LOW_Fr_MASTER_result\srv198\kit_frontier_runs_produce_run_~_RST.APRQ_11_0746.3-16753b07d0-9u6es39a_73539052,no_digest,,,0,0,,
,c:\Users\USER\Desktop\CT&RPL\2_Project\KNF_LEU+ 시범연료봉 장전 인허가 과제\2026\2_계산\2_LP\LOW_Fr_MASTER_result\srv198\kit_frontier_runs_produce_run_~_RST.APRQ_11_0746.3-16dbb86e8d-1meh5gc9_52b5c8a6,no_digest,,,0,0,,
,c:\Users\USER\Desktop\CT&RPL\2_Project\KNF_LEU+ 시범연료봉 장전 인허가 과제\2026\2_계산\2_LP\LOW_Fr_MASTER_result\srv198\kit_frontier_runs_produce_run_~_RST.APRQ_11_0746.3-17a20ad35e-ywpg0akm_35b21167,no_digest,,,0,0,,
,c:\Users\USER\Desktop\CT&RPL\2_Project\KNF_LEU+ 시범연료봉 장전 인허가 과제\2026\2_계산\2_LP\LOW_Fr_MASTER_result\srv198\kit_frontier_runs_produce_run_~_RST.APRQ_11_0746.3-17d3546971-538lwkso_f03c1a65,no_digest,,,0,0,,
,c:\Users\USER\Desktop\CT&RPL\2_Project\KNF_LEU+ 시범연료봉 장전 인허가 과제\2026\2_계산\2_LP\LOW_Fr_MASTER_result\srv198\kit_frontier_runs_produce_run_~_RST.APRQ_11_0746.3-1ab6f59e25-uij_3170_cf5213c6,no_digest,,,0,0,,
,c:\Users\USER\Desktop\CT&RPL\2_Project\KNF_LEU+ 시범연료봉 장전 인허가 과제\2026\2_계산\2_LP\LOW_Fr_MASTER_result\srv198\kit_frontier_runs_produce_run_~_RST.APRQ_11_0746.3-226c5afcc7-3pyjktuw_0f72f7a1,no_digest,,,0,0,,
,c:\Users\USER\Desktop\CT&RPL\2_Project\KNF_LEU+ 시범연료봉 장전 인허가 과제\2026\2_계산\2_LP\LOW_Fr_MASTER_result\srv198\kit_frontier_runs_produce_run_~_RST.APRQ_11_0746.3-29d8ddc796-vmkgmfpn_5414a08c,no_mas_sum,,,0,0,,
,c:\Users\USER\Desktop\CT&RPL\2_Project\KNF_LEU+ 시범연료봉 장전 인허가 과제\2026\2_계산\2_LP\LOW_Fr_MASTER_result\srv198\kit_frontier_runs_produce_run_~_RST.APRQ_11_0746.3-31548d9124-b5938e_4_85ef4a91,no_digest,,,0,0,,
,c:\Users\USER\Desktop\CT&RPL\2_Project\KNF_LEU+ 시범연료봉 장전 인허가 과제\2026\2_계산\2_LP\LOW_Fr_MASTER_result\srv198\kit_frontier_runs_produce_run_~_RST.APRQ_11_0746.3-34e19da392-9buyyhal_9a92d2e4,no_mas_sum,,,0,0,,
,c:\Users\USER\Desktop\CT&RPL\2_Project\KNF_LEU+ 시범연료봉 장전 인허가 과제\2026\2_계산\2_LP\LOW_Fr_MASTER_result\srv198\kit_frontier_runs_produce_run_~_RST.APRQ_11_0746.3-366fe3a7b2-fwui1ucj_904ddf51,no_digest,,,0,0,,
,c:\Users\USER\Desktop\CT&RPL\2_Project\KNF_LEU+ 시범연료봉 장전 인허가 과제\2026\2_계산\2_LP\LOW_Fr_MASTER_result\srv198\kit_frontier_runs_produce_run_~_RST.APRQ_11_0746.3-3754b7400c-efqqg6dx_739a17d7,no_digest,,,0,0,,
,c:\Users\USER\Desktop\CT&RPL\2_Project\KNF_LEU+ 시범연료봉 장전 인허가 과제\2026\2_계산\2_LP\LOW_Fr_MASTER_result\srv198\kit_frontier_runs_produce_run_~_RST.APRQ_11_0746.3-3b850e4f3f-yh6xk54i_9a655c27,no_digest,,,0,0,,
,c:\Users\USER\Desktop\CT&RPL\2_Project\KNF_LEU+ 시범연료봉 장전 인허가 과제\2026\2_계산\2_LP\LOW_Fr_MASTER_result\srv198\kit_frontier_runs_produce_run_~_RST.APRQ_11_0746.3-3fb5489913-f5pyszh9_39a35165,no_digest,,,0,0,,
,c:\Users\USER\Desktop\CT&RPL\2_Project\KNF_LEU+ 시범연료봉 장전 인허가 과제\2026\2_계산\2_LP\LOW_Fr_MASTER_result\srv198\kit_frontier_runs_produce_run_~_RST.APRQ_11_0746.3-40cf8027b5-319lqk_y_85a3c6d8,no_mas_sum,,,0,0,,
,c:\Users\USER\Desktop\CT&RPL\2_Project\KNF_LEU+ 시범연료봉 장전 인허가 과제\2026\2_계산\2_LP\LOW_Fr_MASTER_result\srv198\kit_frontier_runs_produce_run_~_RST.APRQ_11_0746.3-43213e5c46-pgh_3f7d_3cc829dd,no_digest,,,0,0,,
,c:\Users\USER\Desktop\CT&RPL\2_Project\KNF_LEU+ 시범연료봉 장전 인허가 과제\2026\2_계산\2_LP\LOW_Fr_MASTER_result\srv198\kit_frontier_runs_produce_run_~_RST.APRQ_11_0746.3-53c23e829f-dqyq_nnd_af143d8d,no_mas_sum,,,0,0,,
,c:\Users\USER\Desktop\CT&RPL\2_Project\KNF_LEU+ 시범연료봉 장전 인허가 과제\2026\2_계산\2_LP\LOW_Fr_MASTER_result\srv198\kit_frontier_runs_produce_run_~_RST.APRQ_11_0746.3-544d783ea8-rrjeon6i_a80ceb83,no_digest,,,0,0,,
,c:\Users\USER\Desktop\CT&RPL\2_Project\KNF_LEU+ 시범연료봉 장전 인허가 과제\2026\2_계산\2_LP\LOW_Fr_MASTER_result\srv198\kit_frontier_runs_produce_run_~_RST.APRQ_11_0746.3-5571850dee-1ljudnzo_fd4d8d2a,no_digest,,,0,0,,
,c:\Users\USER\Desktop\CT&RPL\2_Project\KNF_LEU+ 시범연료봉 장전 인허가 과제\2026\2_계산\2_LP\LOW_Fr_MASTER_result\srv198\kit_frontier_runs_produce_run_~_RST.APRQ_11_0746.3-5695cbac49-zci9daxd_69e92da3,no_digest,,,0,0,,
,c:\Users\USER\Desktop\CT&RPL\2_Project\KNF_LEU+ 시범연료봉 장전 인허가 과제\2026\2_계산\2_LP\LOW_Fr_MASTER_result\srv198\kit_frontier_runs_produce_run_~_RST.APRQ_11_0746.3-592c7343f2-0ko3pxgv_0cfa4e86,no_digest,,,0,0,,
,c:\Users\USER\Desktop\CT&RPL\2_Project\KNF_LEU+ 시범연료봉 장전 인허가 과제\2026\2_계산\2_LP\LOW_Fr_MASTER_result\srv198\kit_frontier_runs_produce_run_~_RST.APRQ_11_0746.3-5c3e92d63a-7h51187g_92a28400,no_digest,,,0,0,,
,c:\Users\USER\Desktop\CT&RPL\2_Project\KNF_LEU+ 시범연료봉 장전 인허가 과제\2026\2_계산\2_LP\LOW_Fr_MASTER_result\srv198\kit_frontier_runs_produce_run_~_RST.APRQ_11_0746.3-7139f4534b-47gdznmn_652b2a65,no_digest,,,0,0,,
,c:\Users\USER\Desktop\CT&RPL\2_Project\KNF_LEU+ 시범연료봉 장전 인허가 과제\2026\2_계산\2_LP\LOW_Fr_MASTER_result\srv198\kit_frontier_runs_produce_run_~_RST.APRQ_11_0746.3-71e44ac357-_t21rjwy_f0336cd0,no_digest,,,0,0,,
,c:\Users\USER\Desktop\CT&RPL\2_Project\KNF_LEU+ 시범연료봉 장전 인허가 과제\2026\2_계산\2_LP\LOW_Fr_MASTER_result\srv198\kit_frontier_runs_produce_run_~_RST.APRQ_11_0746.3-730112f49c-wt5v2wwf_2bdeff6a,no_digest,,,0,0,,
,c:\Users\USER\Desktop\CT&RPL\2_Project\KNF_LEU+ 시범연료봉 장전 인허가 과제\2026\2_계산\2_LP\LOW_Fr_MASTER_result\srv198\kit_frontier_runs_produce_run_~_RST.APRQ_11_0746.3-7772ed9fad-2u56c2dx_25330c4f,no_digest,,,0,0,,
,c:\Users\USER\Desktop\CT&RPL\2_Project\KNF_LEU+ 시범연료봉 장전 인허가 과제\2026\2_계산\2_LP\LOW_Fr_MASTER_result\srv198\kit_frontier_runs_produce_run_~_RST.APRQ_11_0746.3-801596f62a-4ozklxn9_c975d3d7,no_mas_sum,,,0,0,,
,c:\Users\USER\Desktop\CT&RPL\2_Project\KNF_LEU+ 시범연료봉 장전 인허가 과제\2026\2_계산\2_LP\LOW_Fr_MASTER_result\srv198\kit_frontier_runs_produce_run_~_RST.APRQ_11_0746.3-84e9d02a80-_96yhyhk_3940932f,no_digest,,,0,0,,
,c:\Users\USER\Desktop\CT&RPL\2_Project\KNF_LEU+ 시범연료봉 장전 인허가 과제\2026\2_계산\2_LP\LOW_Fr_MASTER_result\srv198\kit_frontier_runs_produce_run_~_RST.APRQ_11_0746.3-8cd0c3f276-t2pu5_va_ba5a8a21,no_mas_sum,,,0,0,,
,c:\Users\USER\Desktop\CT&RPL\2_Project\KNF_LEU+ 시범연료봉 장전 인허가 과제\2026\2_계산\2_LP\LOW_Fr_MASTER_result\srv198\kit_frontier_runs_produce_run_~_RST.APRQ_11_0746.3-972676d676-v_909rtn_910f4fa6,no_digest,,,0,0,,
,c:\Users\USER\Desktop\CT&RPL\2_Project\KNF_LEU+ 시범연료봉 장전 인허가 과제\2026\2_계산\2_LP\LOW_Fr_MASTER_result\srv198\kit_frontier_runs_produce_run_~_RST.APRQ_11_0746.3-9c4e49fe84-wfsnl7tt_4ad22877,no_digest,,,0,0,,
,c:\Users\USER\Desktop\CT&RPL\2_Project\KNF_LEU+ 시범연료봉 장전 인허가 과제\2026\2_계산\2_LP\LOW_Fr_MASTER_result\srv198\kit_frontier_runs_produce_run_~_RST.APRQ_11_0746.3-9cfcea9de7-xfiabg7s_8880bbb9,no_digest,,,0,0,,
,c:\Users\USER\Desktop\CT&RPL\2_Project\KNF_LEU+ 시범연료봉 장전 인허가 과제\2026\2_계산\2_LP\LOW_Fr_MASTER_result\srv198\kit_frontier_runs_produce_run_~_RST.APRQ_11_0746.3-9d62156df7-phiwb6m6_02f25b4e,no_digest,,,0,0,,
,c:\Users\USER\Desktop\CT&RPL\2_Project\KNF_LEU+ 시범연료봉 장전 인허가 과제\2026\2_계산\2_LP\LOW_Fr_MASTER_result\srv198\kit_frontier_runs_produce_run_~_RST.APRQ_11_0746.3-a173b064fd-x8u1i7eu_2784b6f6,no_digest,,,0,0,,
,c:\Users\USER\Desktop\CT&RPL\2_Project\KNF_LEU+ 시범연료봉 장전 인허가 과제\2026\2_계산\2_LP\LOW_Fr_MASTER_result\srv198\kit_frontier_runs_produce_run_~_RST.APRQ_11_0746.3-a262889c8c-pfrci_6v_fe52a204,no_digest,,,0,0,,
,c:\Users\USER\Desktop\CT&RPL\2_Project\KNF_LEU+ 시범연료봉 장전 인허가 과제\2026\2_계산\2_LP\LOW_Fr_MASTER_result\srv198\kit_frontier_runs_produce_run_~_RST.APRQ_11_0746.3-a2d9095b1f-qpelfm6e_56ab5910,no_digest,,,0,0,,
,c:\Users\USER\Desktop\CT&RPL\2_Project\KNF_LEU+ 시범연료봉 장전 인허가 과제\2026\2_계산\2_LP\LOW_Fr_MASTER_result\srv198\kit_frontier_runs_produce_run_~_RST.APRQ_11_0746.3-a4deea5051-_cg8rrea_e20dc155,no_digest,,,0,0,,
,c:\Users\USER\Desktop\CT&RPL\2_Project\KNF_LEU+ 시범연료봉 장전 인허가 과제\2026\2_계산\2_LP\LOW_Fr_MASTER_result\srv198\kit_frontier_runs_produce_run_~_RST.APRQ_11_0746.3-a585a1fe29-hy4drwut_30c70517,no_digest,,,0,0,,
,c:\Users\USER\Desktop\CT&RPL\2_Project\KNF_LEU+ 시범연료봉 장전 인허가 과제\2026\2_계산\2_LP\LOW_Fr_MASTER_result\srv198\kit_frontier_runs_produce_run_~_RST.APRQ_11_0746.3-adb233c443-_7ujfbrx_a9f3b9e5,no_mas_sum,,,0,0,,
,c:\Users\USER\Desktop\CT&RPL\2_Project\KNF_LEU+ 시범연료봉 장전 인허가 과제\2026\2_계산\2_LP\LOW_Fr_MASTER_result\srv198\kit_frontier_runs_produce_run_~_RST.APRQ_11_0746.3-b0d2878a81-6li5fh19_7558a32e,no_digest,,,0,0,,
,c:\Users\USER\Desktop\CT&RPL\2_Project\KNF_LEU+ 시범연료봉 장전 인허가 과제\2026\2_계산\2_LP\LOW_Fr_MASTER_result\srv198\kit_frontier_runs_produce_run_~_RST.APRQ_11_0746.3-b430d10bda-cpne5iyv_2e7f2403,no_digest,,,0,0,,
,c:\Users\USER\Desktop\CT&RPL\2_Project\KNF_LEU+ 시범연료봉 장전 인허가 과제\2026\2_계산\2_LP\LOW_Fr_MASTER_result\srv198\kit_frontier_runs_produce_run_~_RST.APRQ_11_0746.3-b888e408e5-fdswfdrr_3d66cf91,no_digest,,,0,0,,
,c:\Users\USER\Desktop\CT&RPL\2_Project\KNF_LEU+ 시범연료봉 장전 인허가 과제\2026\2_계산\2_LP\LOW_Fr_MASTER_result\srv198\kit_frontier_runs_produce_run_~_RST.APRQ_11_0746.3-bac542290f-0oa16d15_1c4bc649,no_digest,,,0,0,,
,c:\Users\USER\Desktop\CT&RPL\2_Project\KNF_LEU+ 시범연료봉 장전 인허가 과제\2026\2_계산\2_LP\LOW_Fr_MASTER_result\srv198\kit_frontier_runs_produce_run_~_RST.APRQ_11_0746.3-bb24db4bff-r45u_7ss_b2fcef07,no_digest,,,0,0,,
,c:\Users\USER\Desktop\CT&RPL\2_Project\KNF_LEU+ 시범연료봉 장전 인허가 과제\2026\2_계산\2_LP\LOW_Fr_MASTER_result\srv198\kit_frontier_runs_produce_run_~_RST.APRQ_11_0746.3-bcbf26b26e-hv4eqmsn_53b9022e,no_digest,,,0,0,,
,c:\Users\USER\Desktop\CT&RPL\2_Project\KNF_LEU+ 시범연료봉 장전 인허가 과제\2026\2_계산\2_LP\LOW_Fr_MASTER_result\srv198\kit_frontier_runs_produce_run_~_RST.APRQ_11_0746.3-c19a3c7876-sf8k_59r_cc2d4b73,no_digest,,,0,0,,
,c:\Users\USER\Desktop\CT&RPL\2_Project\KNF_LEU+ 시범연료봉 장전 인허가 과제\2026\2_계산\2_LP\LOW_Fr_MASTER_result\srv198\kit_frontier_runs_produce_run_~_RST.APRQ_11_0746.3-c28aed4a90-654v207l_6643599d,no_digest,,,0,0,,
,c:\Users\USER\Desktop\CT&RPL\2_Project\KNF_LEU+ 시범연료봉 장전 인허가 과제\2026\2_계산\2_LP\LOW_Fr_MASTER_result\srv198\kit_frontier_runs_produce_run_~_RST.APRQ_11_0746.3-c8e5a40fdb-2a3uwfbb_14f184a7,no_digest,,,0,0,,
,c:\Users\USER\Desktop\CT&RPL\2_Project\KNF_LEU+ 시범연료봉 장전 인허가 과제\2026\2_계산\2_LP\LOW_Fr_MASTER_result\srv198\kit_frontier_runs_produce_run_~_RST.APRQ_11_0746.3-cdcd3f4883-q7i4pbdu_cb606cc7,no_digest,,,0,0,,
,c:\Users\USER\Desktop\CT&RPL\2_Project\KNF_LEU+ 시범연료봉 장전 인허가 과제\2026\2_계산\2_LP\LOW_Fr_MASTER_result\srv198\kit_frontier_runs_produce_run_~_RST.APRQ_11_0746.3-cf425a76e5-sqbajzs3_e7edcc97,no_digest,,,0,0,,
,c:\Users\USER\Desktop\CT&RPL\2_Project\KNF_LEU+ 시범연료봉 장전 인허가 과제\2026\2_계산\2_LP\LOW_Fr_MASTER_result\srv198\kit_frontier_runs_produce_run_~_RST.APRQ_11_0746.3-d85c4b7f48-jnmnyli9_556b1645,no_digest,,,0,0,,
,c:\Users\USER\Desktop\CT&RPL\2_Project\KNF_LEU+ 시범연료봉 장전 인허가 과제\2026\2_계산\2_LP\LOW_Fr_MASTER_result\srv198\kit_frontier_runs_produce_run_~_RST.APRQ_11_0746.3-daefb27484-16n3p5f2_0484e7dc,no_mas_sum,,,0,0,,
,c:\Users\USER\Desktop\CT&RPL\2_Project\KNF_LEU+ 시범연료봉 장전 인허가 과제\2026\2_계산\2_LP\LOW_Fr_MASTER_result\srv198\kit_frontier_runs_produce_run_~_RST.APRQ_11_0746.3-e01babdd80-c2il575n_032af43b,no_mas_sum,,,0,0,,
,c:\Users\USER\Desktop\CT&RPL\2_Project\KNF_LEU+ 시범연료봉 장전 인허가 과제\2026\2_계산\2_LP\LOW_Fr_MASTER_result\srv198\kit_frontier_runs_produce_run_~_RST.APRQ_11_0746.3-e25eb68429-67gtufdc_78f7a892,no_mas_sum,,,0,0,,
,c:\Users\USER\Desktop\CT&RPL\2_Project\KNF_LEU+ 시범연료봉 장전 인허가 과제\2026\2_계산\2_LP\LOW_Fr_MASTER_result\srv198\kit_frontier_runs_produce_run_~_RST.APRQ_11_0746.3-e4c1b13087-69fp0jsq_eab63fee,no_digest,,,0,0,,
,c:\Users\USER\Desktop\CT&RPL\2_Project\KNF_LEU+ 시범연료봉 장전 인허가 과제\2026\2_계산\2_LP\LOW_Fr_MASTER_result\srv198\kit_frontier_runs_produce_run_~_RST.APRQ_11_0746.3-e574d733a3-hrz0mz7a_4288d37c,no_digest,,,0,0,,
,c:\Users\USER\Desktop\CT&RPL\2_Project\KNF_LEU+ 시범연료봉 장전 인허가 과제\2026\2_계산\2_LP\LOW_Fr_MASTER_result\srv198\kit_frontier_runs_produce_run_~_RST.APRQ_11_0746.3-e93e3f82b2-ioskfyy1_9b4383ff,no_digest,,,0,0,,
,c:\Users\USER\Desktop\CT&RPL\2_Project\KNF_LEU+ 시범연료봉 장전 인허가 과제\2026\2_계산\2_LP\LOW_Fr_MASTER_result\srv198\kit_frontier_runs_produce_run_~_RST.APRQ_11_0746.3-ec49187956-6s20mrrs_a10fc6a9,no_digest,,,0,0,,
,c:\Users\USER\Desktop\CT&RPL\2_Project\KNF_LEU+ 시범연료봉 장전 인허가 과제\2026\2_계산\2_LP\LOW_Fr_MASTER_result\srv198\kit_frontier_runs_produce_run_~_RST.APRQ_11_0746.3-f16850594f-n0djkzbk_7980da9d,no_digest,,,0,0,,
,c:\Users\USER\Desktop\CT&RPL\2_Project\KNF_LEU+ 시범연료봉 장전 인허가 과제\2026\2_계산\2_LP\LOW_Fr_MASTER_result\srv198\kit_frontier_runs_produce_run_~_RST.APRQ_11_0746.3-f279f4a66d-wc3hovnk_737c86b9,no_digest,,,0,0,,
,c:\Users\USER\Desktop\CT&RPL\2_Project\KNF_LEU+ 시범연료봉 장전 인허가 과제\2026\2_계산\2_LP\LOW_Fr_MASTER_result\srv198\kit_frontier_runs_produce_run_~_RST.APRQ_11_0746.3-f3049ec3b0-md6ih2j0_7ecb7066,no_digest,,,0,0,,
,c:\Users\USER\Desktop\CT&RPL\2_Project\KNF_LEU+ 시범연료봉 장전 인허가 과제\2026\2_계산\2_LP\LOW_Fr_MASTER_result\srv198\kit_frontier_runs_produce_run_~_RST.APRQ_11_0746.3-f397f20624-bfua7wyb_c010dae4,no_digest,,,0,0,,
,c:\Users\USER\Desktop\CT&RPL\2_Project\KNF_LEU+ 시범연료봉 장전 인허가 과제\2026\2_계산\2_LP\LOW_Fr_MASTER_result\srv198\kit_frontier_runs_produce_run_~_RST.APRQ_11_0746.3-f39e1f36b5-gja0c69s_78eb8da3,no_mas_sum,,,0,0,,
,c:\Users\USER\Desktop\CT&RPL\2_Project\KNF_LEU+ 시범연료봉 장전 인허가 과제\2026\2_계산\2_LP\LOW_Fr_MASTER_result\srv198\kit_frontier_runs_produce_run_~_RST.APRQ_11_0746.3-f3b20937f0-0t8nuuzp_f6d74672,no_digest,,,0,0,,
,c:\Users\USER\Desktop\CT&RPL\2_Project\KNF_LEU+ 시범연료봉 장전 인허가 과제\2026\2_계산\2_LP\LOW_Fr_MASTER_result\srv198\kit_frontier_runs_produce_run_~_RST.APRQ_11_0746.3-f681279c16-bzyvdtie_1136a792,no_digest,,,0,0,,
,c:\Users\USER\Desktop\CT&RPL\2_Project\KNF_LEU+ 시범연료봉 장전 인허가 과제\2026\2_계산\2_LP\LOW_Fr_MASTER_result\srv198\kit_frontier_runs_produce_run_~_RST.APRQ_11_0746.3-fa5158fb05-rx4jk6y7_aa791be1,no_digest,,,0,0,,
,c:\Users\USER\Desktop\CT&RPL\2_Project\KNF_LEU+ 시범연료봉 장전 인허가 과제\2026\2_계산\2_LP\LOW_Fr_MASTER_result\srv198\kit_frontier_runs_produce_run_~_RST.APRQ_11_0746.3-fc699c3935-fhjo6baf_ce825aa7,no_digest,,,0,0,,
,c:\Users\USER\Desktop\CT&RPL\2_Project\KNF_LEU+ 시범연료봉 장전 인허가 과제\2026\2_계산\2_LP\LOW_Fr_MASTER_result\srv198\kit_frontier_runs_produce_run_~_RST.APRQ_11_0746.3-fdb3f00d95-8y5kwov4_195be0f4,no_digest,,,0,0,,
,c:\Users\USER\Desktop\CT&RPL\2_Project\KNF_LEU+ 시범연료봉 장전 인허가 과제\2026\2_계산\2_LP\LOW_Fr_MASTER_result\srv198\kit_frontier_runs_produce_run_~_RST.APRQ_11_0746.3-ffb050ffe1-rlzy63q4_6d9bdfad,no_digest,,,0,0,,
,c:\Users\USER\Desktop\CT&RPL\2_Project\KNF_LEU+ 시범연료봉 장전 인허가 과제\2026\2_계산\2_LP\LOW_Fr_MASTER_result\srv198\kit_frontier_runs_produce_run_~AS_RST.APRQ_10_0635.8-7d37c26fac-3h6agy_f7d2182a,no_mas_sum,,,0,0,,
,c:\Users\USER\Desktop\CT&RPL\2_Project\KNF_LEU+ 시범연료봉 장전 인허가 과제\2026\2_계산\2_LP\LOW_Fr_MASTER_result\srv198\kit_frontier_runs_produce_run_~AS_RST.APRQ_11_0635.1-bd87c65b10-ivevrf_e13f79e0,no_digest,,,0,0,,
,c:\Users\USER\Desktop\CT&RPL\2_Project\KNF_LEU+ 시범연료봉 장전 인허가 과제\2026\2_계산\2_LP\LOW_Fr_MASTER_result\srv198\kit_frontier_runs_produce_run_~S_RST.APRQ_10_0635.8-45fd536a05-z3nby_l_ef28c79f,no_digest,,,0,0,,
,c:\Users\USER\Desktop\CT&RPL\2_Project\KNF_LEU+ 시범연료봉 장전 인허가 과제\2026\2_계산\2_LP\LOW_Fr_MASTER_result\srv198\kit_frontier_runs_produce_run_~S_RST.APRQ_10_0635.8-cd1192ddab-guxl3sc_9fb74be2,no_digest,,,0,0,,
,c:\Users\USER\Desktop\CT&RPL\2_Project\KNF_LEU+ 시범연료봉 장전 인허가 과제\2026\2_계산\2_LP\LOW_Fr_MASTER_result\srv198\kit_frontier_runs_produce_run_~S_RST.APRQ_11_0615.8-25b47f20ed-zjfrhiq_ae0688d2,no_mas_sum,,,0,0,,
,c:\Users\USER\Desktop\CT&RPL\2_Project\KNF_LEU+ 시범연료봉 장전 인허가 과제\2026\2_계산\2_LP\LOW_Fr_MASTER_result\srv198\kit_frontier_runs_produce_run_~S_RST.APRQ_11_0615.8-6f41dff1b0-t88_ty0_68e8f0f5,no_mas_sum,,,0,0,,
,c:\Users\USER\Desktop\CT&RPL\2_Project\KNF_LEU+ 시범연료봉 장전 인허가 과제\2026\2_계산\2_LP\LOW_Fr_MASTER_result\srv198\kit_frontier_runs_produce_run_~S_RST.APRQ_11_0615.8-8e175865f0-2gfdrz1_716c1870,no_mas_sum,,,0,0,,
,c:\Users\USER\Desktop\CT&RPL\2_Project\KNF_LEU+ 시범연료봉 장전 인허가 과제\2026\2_계산\2_LP\LOW_Fr_MASTER_result\srv198\kit_frontier_runs_produce_run_~S_RST.APRQ_11_0615.8-9cbe5043dc-06k1cu2_94c79dc6,no_digest,,,0,0,,
,c:\Users\USER\Desktop\CT&RPL\2_Project\KNF_LEU+ 시범연료봉 장전 인허가 과제\2026\2_계산\2_LP\LOW_Fr_MASTER_result\srv198\kit_frontier_runs_produce_run_~S_RST.APRQ_11_0615.8-dca2d043d0-ssbvdoi_7d0a6cbe,no_digest,,,0,0,,
,c:\Users\USER\Desktop\CT&RPL\2_Project\KNF_LEU+ 시범연료봉 장전 인허가 과제\2026\2_계산\2_LP\LOW_Fr_MASTER_result\srv198\kit_frontier_runs_produce_run_~S_RST.APRQ_11_0618.3-1109e44325-kswxyuf_73264e4c,no_digest,,,0,0,,
,c:\Users\USER\Desktop\CT&RPL\2_Project\KNF_LEU+ 시범연료봉 장전 인허가 과제\2026\2_계산\2_LP\LOW_Fr_MASTER_result\srv198\kit_frontier_runs_produce_run_~S_RST.APRQ_11_0618.3-45157fd8cd-npq0_75_c8c79f24,no_digest,,,0,0,,
,c:\Users\USER\Desktop\CT&RPL\2_Project\KNF_LEU+ 시범연료봉 장전 인허가 과제\2026\2_계산\2_LP\LOW_Fr_MASTER_result\srv198\kit_frontier_runs_produce_run_~S_RST.APRQ_11_0618.3-4e96f632c5-b77ppwa_bf8f3d62,no_digest,,,0,0,,
,c:\Users\USER\Desktop\CT&RPL\2_Project\KNF_LEU+ 시범연료봉 장전 인허가 과제\2026\2_계산\2_LP\LOW_Fr_MASTER_result\srv198\kit_frontier_runs_produce_run_~S_RST.APRQ_11_0618.3-5fd3537b3e-_dp7b2i_4943b187,no_mas_sum,,,0,0,,
,c:\Users\USER\Desktop\CT&RPL\2_Project\KNF_LEU+ 시범연료봉 장전 인허가 과제\2026\2_계산\2_LP\LOW_Fr_MASTER_result\srv198\kit_frontier_runs_produce_run_~S_RST.APRQ_11_0618.3-70ca8ec191-1xe82xb_1fd36549,no_digest,,,0,0,,
,c:\Users\USER\Desktop\CT&RPL\2_Project\KNF_LEU+ 시범연료봉 장전 인허가 과제\2026\2_계산\2_LP\LOW_Fr_MASTER_result\srv198\kit_frontier_runs_produce_run_~S_RST.APRQ_11_0635.1-2e740d37b4-0_4x0q9_43777a58,no_digest,,,0,0,,
,c:\Users\USER\Desktop\CT&RPL\2_Project\KNF_LEU+ 시범연료봉 장전 인허가 과제\2026\2_계산\2_LP\LOW_Fr_MASTER_result\srv198\kit_frontier_runs_produce_run_~S_RST.APRQ_11_0635.1-6793e48802-51mu8ps_8519a93a,no_mas_sum,,,0,0,,
,c:\Users\USER\Desktop\CT&RPL\2_Project\KNF_LEU+ 시범연료봉 장전 인허가 과제\2026\2_계산\2_LP\LOW_Fr_MASTER_result\srv198\kit_frontier_runs_produce_run_~S_RST.APRQ_11_0722.6-c961d55bae-qxwtu9c_ec4f8433,no_digest,,,0,0,,
,c:\Users\USER\Desktop\CT&RPL\2_Project\KNF_LEU+ 시범연료봉 장전 인허가 과제\2026\2_계산\2_LP\LOW_Fr_MASTER_result\srv198\kit_frontier_runs_produce_run_~S_RST.APRQ_11_0725.8-63e79771b5-_xtzbec_433fe116,no_digest,,,0,0,,
,c:\Users\USER\Desktop\CT&RPL\2_Project\KNF_LEU+ 시범연료봉 장전 인허가 과제\2026\2_계산\2_LP\LOW_Fr_MASTER_result\srv198\kit_frontier_runs_produce_run_~S_RST.APRQ_11_0725.8-d73054e30d-lks5f_z_45df05c7,no_digest,,,0,0,,
,c:\Users\USER\Desktop\CT&RPL\2_Project\KNF_LEU+ 시범연료봉 장전 인허가 과제\2026\2_계산\2_LP\LOW_Fr_MASTER_result\srv198\kit_frontier_runs_produce_run_~S_RST.APRQ_11_0740.8-45f6758c69-u59jh8i_ba7d680c,no_digest,,,0,0,,
,c:\Users\USER\Desktop\CT&RPL\2_Project\KNF_LEU+ 시범연료봉 장전 인허가 과제\2026\2_계산\2_LP\LOW_Fr_MASTER_result\srv198\kit_frontier_runs_produce_run_~S_RST.APRQ_11_0740.8-609b744cba-zgu4nxg_6f025725,no_digest,,,0,0,,
,c:\Users\USER\Desktop\CT&RPL\2_Project\KNF_LEU+ 시범연료봉 장전 인허가 과제\2026\2_계산\2_LP\LOW_Fr_MASTER_result\srv198\kit_frontier_runs_produce_run_~S_RST.APRQ_11_0740.8-726bf72822-la612zb_e7467eba,no_digest,,,0,0,,
,c:\Users\USER\Desktop\CT&RPL\2_Project\KNF_LEU+ 시범연료봉 장전 인허가 과제\2026\2_계산\2_LP\LOW_Fr_MASTER_result\srv198\kit_frontier_runs_produce_run_~S_RST.APRQ_11_0740.8-81bd57ce94-idvuam9_3bdffcbf,no_digest,,,0,0,,
,c:\Users\USER\Desktop\CT&RPL\2_Project\KNF_LEU+ 시범연료봉 장전 인허가 과제\2026\2_계산\2_LP\LOW_Fr_MASTER_result\srv198\kit_frontier_runs_produce_run_~S_RST.APRQ_11_0746.3-c2e6dc5fd9-_tkgb2m_5698b8d8,no_digest,,,0,0,,
,c:\Users\USER\Desktop\CT&RPL\2_Project\KNF_LEU+ 시범연료봉 장전 인허가 과제\2026\2_계산\2_LP\LOW_Fr_MASTER_result\srv198\kit_frontier_runs_v520_b2_mast~_RST.APRQ_11_0635.1-1fb3971c90-w4ywi36t_37c544f2,no_digest,,,0,0,,
,c:\Users\USER\Desktop\CT&RPL\2_Project\KNF_LEU+ 시범연료봉 장전 인허가 과제\2026\2_계산\2_LP\LOW_Fr_MASTER_result\srv198\kit_frontier_runs_v520_b2_mast~_RST.APRQ_11_0635.1-21ec68f1ff-u45gnqns_8d834a72,no_digest,,,0,0,,
,c:\Users\USER\Desktop\CT&RPL\2_Project\KNF_LEU+ 시범연료봉 장전 인허가 과제\2026\2_계산\2_LP\LOW_Fr_MASTER_result\srv198\kit_frontier_runs_v520_b2_mast~_RST.APRQ_11_0635.1-2eb32aa273-r7fpkb1s_a43f5041,no_digest,,,0,0,,
,c:\Users\USER\Desktop\CT&RPL\2_Project\KNF_LEU+ 시범연료봉 장전 인허가 과제\2026\2_계산\2_LP\LOW_Fr_MASTER_result\srv198\kit_frontier_runs_v520_b2_mast~_RST.APRQ_11_0635.1-4b8bd0c270-31enaymt_17ff2a25,no_digest,,,0,0,,
,c:\Users\USER\Desktop\CT&RPL\2_Project\KNF_LEU+ 시범연료봉 장전 인허가 과제\2026\2_계산\2_LP\LOW_Fr_MASTER_result\srv198\kit_frontier_runs_v520_b2_mast~_RST.APRQ_11_0635.1-5a39c0f3cb-g9n6p4av_bf9e94bc,no_digest,,,0,0,,
,c:\Users\USER\Desktop\CT&RPL\2_Project\KNF_LEU+ 시범연료봉 장전 인허가 과제\2026\2_계산\2_LP\LOW_Fr_MASTER_result\srv198\kit_frontier_runs_v520_b2_mast~_RST.APRQ_11_0635.1-80908ca0a7-ql0ko5ss_e3353ba9,no_digest,,,0,0,,
,c:\Users\USER\Desktop\CT&RPL\2_Project\KNF_LEU+ 시범연료봉 장전 인허가 과제\2026\2_계산\2_LP\LOW_Fr_MASTER_result\srv198\kit_frontier_runs_v520_b2_mast~_RST.APRQ_11_0635.1-a2e25b5066-ydffhfun_9a33ecb1,no_digest,,,0,0,,
,c:\Users\USER\Desktop\CT&RPL\2_Project\KNF_LEU+ 시범연료봉 장전 인허가 과제\2026\2_계산\2_LP\LOW_Fr_MASTER_result\srv198\kit_frontier_runs_v520_b2_mast~_RST.APRQ_11_0635.1-a61aa96073-z371_s7s_528bc20c,no_digest,,,0,0,,
,c:\Users\USER\Desktop\CT&RPL\2_Project\KNF_LEU+ 시범연료봉 장전 인허가 과제\2026\2_계산\2_LP\LOW_Fr_MASTER_result\srv198\kit_frontier_runs_v520_b2_mast~_RST.APRQ_11_0635.1-bb9835f7a4-o1tgz28e_a740ca7b,no_digest,,,0,0,,
,c:\Users\USER\Desktop\CT&RPL\2_Project\KNF_LEU+ 시범연료봉 장전 인허가 과제\2026\2_계산\2_LP\LOW_Fr_MASTER_result\srv198\kit_frontier_runs_v520_b2_mast~_RST.APRQ_11_0635.1-bc20751519-zmba_pkk_49749e11,no_digest,,,0,0,,
,c:\Users\USER\Desktop\CT&RPL\2_Project\KNF_LEU+ 시범연료봉 장전 인허가 과제\2026\2_계산\2_LP\LOW_Fr_MASTER_result\srv198\kit_frontier_runs_v520_b2_mast~_RST.APRQ_11_0635.1-d5b55e9339-baqczm3n_2e26cb67,no_digest,,,0,0,,
,c:\Users\USER\Desktop\CT&RPL\2_Project\KNF_LEU+ 시범연료봉 장전 인허가 과제\2026\2_계산\2_LP\LOW_Fr_MASTER_result\srv198\kit_frontier_runs_v520_b2_mast~_RST.APRQ_11_0635.1-e689935cf8-f3sttwok_d85b43ae,no_digest,,,0,0,,
,c:\Users\USER\Desktop\CT&RPL\2_Project\KNF_LEU+ 시범연료봉 장전 인허가 과제\2026\2_계산\2_LP\LOW_Fr_MASTER_result\srv198\kit_frontier_runs_v520_b2_mast~_RST.APRQ_11_0635.1-ea25f715ab-ha6co2g5_6bc12082,no_digest,,,0,0,,
,c:\Users\USER\Desktop\CT&RPL\2_Project\KNF_LEU+ 시범연료봉 장전 인허가 과제\2026\2_계산\2_LP\LOW_Fr_MASTER_result\srv198\kit_frontier_runs_v520_b2_mast~_RST.APRQ_11_0635.1-ea371f5699-cckrcpk8_da1046ea,no_digest,,,0,0,,
,c:\Users\USER\Desktop\CT&RPL\2_Project\KNF_LEU+ 시범연료봉 장전 인허가 과제\2026\2_계산\2_LP\LOW_Fr_MASTER_result\srv198\kit_frontier_runs_v520_b2_mast~_RST.APRQ_11_0635.1-eadea10581-jurwk_t8_f5e55f02,no_digest,,,0,0,,
,c:\Users\USER\Desktop\CT&RPL\2_Project\KNF_LEU+ 시범연료봉 장전 인허가 과제\2026\2_계산\2_LP\LOW_Fr_MASTER_result\srv198\kit_frontier_runs_v520_b2_mast~_RST.APRQ_11_0635.1-ebb1d03b05-f_ljiawx_f3471310,no_digest,,,0,0,,
,c:\Users\USER\Desktop\CT&RPL\2_Project\KNF_LEU+ 시범연료봉 장전 인허가 과제\2026\2_계산\2_LP\LOW_Fr_MASTER_result\srv198\kit_frontier_runs_v520_b2_mast~_RST.APRQ_11_0635.1-f180b7339c-sslv9e4i_8923c160,no_digest,,,0,0,,
,c:\Users\USER\Desktop\CT&RPL\2_Project\KNF_LEU+ 시범연료봉 장전 인허가 과제\2026\2_계산\2_LP\LOW_Fr_MASTER_result\srv198\kit_frontier_runs_v520_b2_mast~_RST.APRQ_11_0635.1-ff5072114f-l2a3u6ku_bafae0d1,no_digest,,,0,0,,
,c:\Users\USER\Desktop\CT&RPL\2_Project\KNF_LEU+ 시범연료봉 장전 인허가 과제\2026\2_계산\2_LP\LOW_Fr_MASTER_result\srv198\kit_frontier_runs_v520_b2_mast~S_RST.APRQ_11_0635.1-363b10a428-f9b112q_2f5ee2ec,no_digest,,,0,0,,
,c:\Users\USER\Desktop\CT&RPL\2_Project\KNF_LEU+ 시범연료봉 장전 인허가 과제\2026\2_계산\2_LP\LOW_Fr_MASTER_result\srv198\kit_frontier_runs_v520_b2_mast~S_RST.APRQ_11_0635.1-3653f3637f-4dld4ad_32656baa,no_digest,,,0,0,,
,c:\Users\USER\Desktop\CT&RPL\2_Project\KNF_LEU+ 시범연료봉 장전 인허가 과제\2026\2_계산\2_LP\LOW_Fr_MASTER_result\srv198\pc3_kit2_runs_produce_run_2026~_RST.APRQ_10_0635.8-0e37f09d0d-vel11j24_d4cb49f3,no_mas_sum,,,0,0,,
,c:\Users\USER\Desktop\CT&RPL\2_Project\KNF_LEU+ 시범연료봉 장전 인허가 과제\2026\2_계산\2_LP\LOW_Fr_MASTER_result\srv198\pc3_kit2_runs_produce_run_2026~_RST.APRQ_10_0635.8-11855ce76a-swzhpelp_73bacbdd,no_mas_sum,,,0,0,,
,c:\Users\USER\Desktop\CT&RPL\2_Project\KNF_LEU+ 시범연료봉 장전 인허가 과제\2026\2_계산\2_LP\LOW_Fr_MASTER_result\srv198\pc3_kit2_runs_produce_run_2026~_RST.APRQ_10_0635.8-16c3cf590b-3o9t6zat_50c2bc25,no_mas_sum,,,0,0,,
,c:\Users\USER\Desktop\CT&RPL\2_Project\KNF_LEU+ 시범연료봉 장전 인허가 과제\2026\2_계산\2_LP\LOW_Fr_MASTER_result\srv198\pc3_kit2_runs_produce_run_2026~_RST.APRQ_10_0635.8-4d5e70634f-daluld58_15ab7b01,no_mas_sum,,,0,0,,
,c:\Users\USER\Desktop\CT&RPL\2_Project\KNF_LEU+ 시범연료봉 장전 인허가 과제\2026\2_계산\2_LP\LOW_Fr_MASTER_result\srv198\pc3_kit2_runs_produce_run_2026~_RST.APRQ_10_0635.8-4f2f7c0e68-u4i6n3wt_8740b230,no_mas_sum,,,0,0,,
,c:\Users\USER\Desktop\CT&RPL\2_Project\KNF_LEU+ 시범연료봉 장전 인허가 과제\2026\2_계산\2_LP\LOW_Fr_MASTER_result\srv198\pc3_kit2_runs_produce_run_2026~_RST.APRQ_10_0635.8-5e9e4b9ad9-3og4wwbw_2a4f889d,no_mas_sum,,,0,0,,
,c:\Users\USER\Desktop\CT&RPL\2_Project\KNF_LEU+ 시범연료봉 장전 인허가 과제\2026\2_계산\2_LP\LOW_Fr_MASTER_result\srv198\pc3_kit2_runs_produce_run_2026~_RST.APRQ_10_0635.8-648950f731-7ke57wlh_eb76fafb,no_mas_sum,,,0,0,,
,c:\Users\USER\Desktop\CT&RPL\2_Project\KNF_LEU+ 시범연료봉 장전 인허가 과제\2026\2_계산\2_LP\LOW_Fr_MASTER_result\srv198\pc3_kit2_runs_produce_run_2026~_RST.APRQ_10_0635.8-6c38dc6876-lwaqdk00_086f2271,no_mas_sum,,,0,0,,
,c:\Users\USER\Desktop\CT&RPL\2_Project\KNF_LEU+ 시범연료봉 장전 인허가 과제\2026\2_계산\2_LP\LOW_Fr_MASTER_result\srv198\pc3_kit2_runs_produce_run_2026~_RST.APRQ_10_0635.8-6cf746d273-yqurm6qk_b7b9eb26,no_mas_sum,,,0,0,,
,c:\Users\USER\Desktop\CT&RPL\2_Project\KNF_LEU+ 시범연료봉 장전 인허가 과제\2026\2_계산\2_LP\LOW_Fr_MASTER_result\srv198\pc3_kit2_runs_produce_run_2026~_RST.APRQ_10_0635.8-6e0088eafd-bq0_lndc_d3c4aecb,no_mas_sum,,,0,0,,
,c:\Users\USER\Desktop\CT&RPL\2_Project\KNF_LEU+ 시범연료봉 장전 인허가 과제\2026\2_계산\2_LP\LOW_Fr_MASTER_result\srv198\pc3_kit2_runs_produce_run_2026~_RST.APRQ_10_0635.8-76cd51dbd6-ednzke7p_29289afa,no_mas_sum,,,0,0,,
,c:\Users\USER\Desktop\CT&RPL\2_Project\KNF_LEU+ 시범연료봉 장전 인허가 과제\2026\2_계산\2_LP\LOW_Fr_MASTER_result\srv198\pc3_kit2_runs_produce_run_2026~_RST.APRQ_10_0635.8-7d29e47556-okzvvaan_59e0485d,no_mas_sum,,,0,0,,
,c:\Users\USER\Desktop\CT&RPL\2_Project\KNF_LEU+ 시범연료봉 장전 인허가 과제\2026\2_계산\2_LP\LOW_Fr_MASTER_result\srv198\pc3_kit2_runs_produce_run_2026~_RST.APRQ_10_0635.8-947cdef829-ed1i27z1_fbb59ebc,no_mas_sum,,,0,0,,
,c:\Users\USER\Desktop\CT&RPL\2_Project\KNF_LEU+ 시범연료봉 장전 인허가 과제\2026\2_계산\2_LP\LOW_Fr_MASTER_result\srv198\pc3_kit2_runs_produce_run_2026~_RST.APRQ_10_0635.8-9f5c3d9ef6-yza9uahq_9b115fdf,no_mas_sum,,,0,0,,
,c:\Users\USER\Desktop\CT&RPL\2_Project\KNF_LEU+ 시범연료봉 장전 인허가 과제\2026\2_계산\2_LP\LOW_Fr_MASTER_result\srv198\pc3_kit2_runs_produce_run_2026~_RST.APRQ_10_0635.8-a910c3bb62-_7b6kah8_ae9a6a2b,no_mas_sum,,,0,0,,
,c:\Users\USER\Desktop\CT&RPL\2_Project\KNF_LEU+ 시범연료봉 장전 인허가 과제\2026\2_계산\2_LP\LOW_Fr_MASTER_result\srv198\pc3_kit2_runs_produce_run_2026~_RST.APRQ_10_0635.8-b1eb20315c-tqguszon_86693d33,no_mas_sum,,,0,0,,
,c:\Users\USER\Desktop\CT&RPL\2_Project\KNF_LEU+ 시범연료봉 장전 인허가 과제\2026\2_계산\2_LP\LOW_Fr_MASTER_result\srv198\pc3_kit2_runs_produce_run_2026~_RST.APRQ_10_0635.8-c11f0f3e63-b0qmjns8_0a9d900f,no_mas_sum,,,0,0,,
,c:\Users\USER\Desktop\CT&RPL\2_Project\KNF_LEU+ 시범연료봉 장전 인허가 과제\2026\2_계산\2_LP\LOW_Fr_MASTER_result\srv198\pc3_kit2_runs_produce_run_2026~_RST.APRQ_10_0635.8-cbd0a45c8c-mpvx20ga_20d2e5f6,no_mas_sum,,,0,0,,
,c:\Users\USER\Desktop\CT&RPL\2_Project\KNF_LEU+ 시범연료봉 장전 인허가 과제\2026\2_계산\2_LP\LOW_Fr_MASTER_result\srv198\pc3_kit2_runs_produce_run_2026~_RST.APRQ_10_0635.8-f16b96b074-l_vwhqdv_2604c2c1,no_mas_sum,,,0,0,,
,c:\Users\USER\Desktop\CT&RPL\2_Project\KNF_LEU+ 시범연료봉 장전 인허가 과제\2026\2_계산\2_LP\LOW_Fr_MASTER_result\srv198\pc3_kit2_runs_produce_run_2026~_RST.APRQ_10_0635.8-feaf114584-u29agq04_c6f9ec36,no_mas_sum,,,0,0,,
,c:\Users\USER\Desktop\CT&RPL\2_Project\KNF_LEU+ 시범연료봉 장전 인허가 과제\2026\2_계산\2_LP\LOW_Fr_MASTER_result\srv198\pc3_kit2_runs_produce_run_2026~_RST.APRQ_11_0615.8-02cb012a0e-19pq358k_9627198d,no_mas_sum,,,0,0,,
,c:\Users\USER\Desktop\CT&RPL\2_Project\KNF_LEU+ 시범연료봉 장전 인허가 과제\2026\2_계산\2_LP\LOW_Fr_MASTER_result\srv198\pc3_kit2_runs_produce_run_2026~_RST.APRQ_11_0615.8-187fa8dc23-9g4vrnpc_8a57e38a,no_mas_sum,,,0,0,,
,c:\Users\USER\Desktop\CT&RPL\2_Project\KNF_LEU+ 시범연료봉 장전 인허가 과제\2026\2_계산\2_LP\LOW_Fr_MASTER_result\srv198\pc3_kit2_runs_produce_run_2026~_RST.APRQ_11_0615.8-1cbe3994de-cv3z7oat_e5b6125a,no_mas_sum,,,0,0,,
,c:\Users\USER\Desktop\CT&RPL\2_Project\KNF_LEU+ 시범연료봉 장전 인허가 과제\2026\2_계산\2_LP\LOW_Fr_MASTER_result\srv198\pc3_kit2_runs_produce_run_2026~_RST.APRQ_11_0615.8-1cce39220b-f9x7k4bl_d203564e,no_mas_sum,,,0,0,,
,c:\Users\USER\Desktop\CT&RPL\2_Project\KNF_LEU+ 시범연료봉 장전 인허가 과제\2026\2_계산\2_LP\LOW_Fr_MASTER_result\srv198\pc3_kit2_runs_produce_run_2026~_RST.APRQ_11_0615.8-2181fcb5cb-bngg3awd_6cebb67a,no_mas_sum,,,0,0,,
,c:\Users\USER\Desktop\CT&RPL\2_Project\KNF_LEU+ 시범연료봉 장전 인허가 과제\2026\2_계산\2_LP\LOW_Fr_MASTER_result\srv198\pc3_kit2_runs_produce_run_2026~_RST.APRQ_11_0615.8-290edb2d7e-oktv5kl5_ab9976bf,no_mas_sum,,,0,0,,
,c:\Users\USER\Desktop\CT&RPL\2_Project\KNF_LEU+ 시범연료봉 장전 인허가 과제\2026\2_계산\2_LP\LOW_Fr_MASTER_result\srv198\pc3_kit2_runs_produce_run_2026~_RST.APRQ_11_0615.8-291343e340-6sl2wmvy_796b8d69,no_mas_sum,,,0,0,,
,c:\Users\USER\Desktop\CT&RPL\2_Project\KNF_LEU+ 시범연료봉 장전 인허가 과제\2026\2_계산\2_LP\LOW_Fr_MASTER_result\srv198\pc3_kit2_runs_produce_run_2026~_RST.APRQ_11_0615.8-301aaa9f20-u1biapzf_6be21ec1,no_mas_sum,,,0,0,,
,c:\Users\USER\Desktop\CT&RPL\2_Project\KNF_LEU+ 시범연료봉 장전 인허가 과제\2026\2_계산\2_LP\LOW_Fr_MASTER_result\srv198\pc3_kit2_runs_produce_run_2026~_RST.APRQ_11_0615.8-441d39cd25-5n6um5_y_fab333f7,no_mas_sum,,,0,0,,
,c:\Users\USER\Desktop\CT&RPL\2_Project\KNF_LEU+ 시범연료봉 장전 인허가 과제\2026\2_계산\2_LP\LOW_Fr_MASTER_result\srv198\pc3_kit2_runs_produce_run_2026~_RST.APRQ_11_0615.8-4b2ee47ef6-a6womzeg_e5839c94,no_mas_sum,,,0,0,,
,c:\Users\USER\Desktop\CT&RPL\2_Project\KNF_LEU+ 시범연료봉 장전 인허가 과제\2026\2_계산\2_LP\LOW_Fr_MASTER_result\srv198\pc3_kit2_runs_produce_run_2026~_RST.APRQ_11_0615.8-55891d422a-19geyzpu_e2142c5d,no_mas_sum,,,0,0,,
,c:\Users\USER\Desktop\CT&RPL\2_Project\KNF_LEU+ 시범연료봉 장전 인허가 과제\2026\2_계산\2_LP\LOW_Fr_MASTER_result\srv198\pc3_kit2_runs_produce_run_2026~_RST.APRQ_11_0615.8-5bd44ef0c6-fnvy24ga_d8cd0b1c,no_mas_sum,,,0,0,,
,c:\Users\USER\Desktop\CT&RPL\2_Project\KNF_LEU+ 시범연료봉 장전 인허가 과제\2026\2_계산\2_LP\LOW_Fr_MASTER_result\srv198\pc3_kit2_runs_produce_run_2026~_RST.APRQ_11_0615.8-60b2a954bb-hz_d5_h1_d36379da,no_mas_sum,,,0,0,,
,c:\Users\USER\Desktop\CT&RPL\2_Project\KNF_LEU+ 시범연료봉 장전 인허가 과제\2026\2_계산\2_LP\LOW_Fr_MASTER_result\srv198\pc3_kit2_runs_produce_run_2026~_RST.APRQ_11_0615.8-6794caef4c-mnadn0zv_ef25d0b1,no_mas_sum,,,0,0,,
,c:\Users\USER\Desktop\CT&RPL\2_Project\KNF_LEU+ 시범연료봉 장전 인허가 과제\2026\2_계산\2_LP\LOW_Fr_MASTER_result\srv198\pc3_kit2_runs_produce_run_2026~_RST.APRQ_11_0615.8-6b59302577-i8w_1v9i_631b3393,no_mas_sum,,,0,0,,
,c:\Users\USER\Desktop\CT&RPL\2_Project\KNF_LEU+ 시범연료봉 장전 인허가 과제\2026\2_계산\2_LP\LOW_Fr_MASTER_result\srv198\pc3_kit2_runs_produce_run_2026~_RST.APRQ_11_0615.8-6bbc25667a-z_fp7o6z_1c039b5f,no_mas_sum,,,0,0,,
,c:\Users\USER\Desktop\CT&RPL\2_Project\KNF_LEU+ 시범연료봉 장전 인허가 과제\2026\2_계산\2_LP\LOW_Fr_MASTER_result\srv198\pc3_kit2_runs_produce_run_2026~_RST.APRQ_11_0615.8-790b0e7872-1uj1pvwi_bb1b08d9,no_mas_sum,,,0,0,,
,c:\Users\USER\Desktop\CT&RPL\2_Project\KNF_LEU+ 시범연료봉 장전 인허가 과제\2026\2_계산\2_LP\LOW_Fr_MASTER_result\srv198\pc3_kit2_runs_produce_run_2026~_RST.APRQ_11_0615.8-7a4beb7524-kmdv7jnk_eb733640,no_mas_sum,,,0,0,,
,c:\Users\USER\Desktop\CT&RPL\2_Project\KNF_LEU+ 시범연료봉 장전 인허가 과제\2026\2_계산\2_LP\LOW_Fr_MASTER_result\srv198\pc3_kit2_runs_produce_run_2026~_RST.APRQ_11_0615.8-83bb178f2b-hl0e5cb5_5bb959d6,no_mas_sum,,,0,0,,
,c:\Users\USER\Desktop\CT&RPL\2_Project\KNF_LEU+ 시범연료봉 장전 인허가 과제\2026\2_계산\2_LP\LOW_Fr_MASTER_result\srv198\pc3_kit2_runs_produce_run_2026~_RST.APRQ_11_0615.8-84e319c70a-mp38ozu1_fb110e2c,no_mas_sum,,,0,0,,
,c:\Users\USER\Desktop\CT&RPL\2_Project\KNF_LEU+ 시범연료봉 장전 인허가 과제\2026\2_계산\2_LP\LOW_Fr_MASTER_result\srv198\pc3_kit2_runs_produce_run_2026~_RST.APRQ_11_0615.8-86e8a2b18f-kltj78j9_29c37a23,no_mas_sum,,,0,0,,
,c:\Users\USER\Desktop\CT&RPL\2_Project\KNF_LEU+ 시범연료봉 장전 인허가 과제\2026\2_계산\2_LP\LOW_Fr_MASTER_result\srv198\pc3_kit2_runs_produce_run_2026~_RST.APRQ_11_0615.8-8af96f074f-02a47ruq_bcc3fcc0,no_mas_sum,,,0,0,,
,c:\Users\USER\Desktop\CT&RPL\2_Project\KNF_LEU+ 시범연료봉 장전 인허가 과제\2026\2_계산\2_LP\LOW_Fr_MASTER_result\srv198\pc3_kit2_runs_produce_run_2026~_RST.APRQ_11_0615.8-8afe2ae842-bh4ktl9c_6dbd6b09,no_mas_sum,,,0,0,,
,c:\Users\USER\Desktop\CT&RPL\2_Project\KNF_LEU+ 시범연료봉 장전 인허가 과제\2026\2_계산\2_LP\LOW_Fr_MASTER_result\srv198\pc3_kit2_runs_produce_run_2026~_RST.APRQ_11_0615.8-9051d029f2-b7isc9i1_afc91650,no_mas_sum,,,0,0,,
,c:\Users\USER\Desktop\CT&RPL\2_Project\KNF_LEU+ 시범연료봉 장전 인허가 과제\2026\2_계산\2_LP\LOW_Fr_MASTER_result\srv198\pc3_kit2_runs_produce_run_2026~_RST.APRQ_11_0615.8-95f7006e4b-gp16q7od_d121cb81,no_mas_sum,,,0,0,,
,c:\Users\USER\Desktop\CT&RPL\2_Project\KNF_LEU+ 시범연료봉 장전 인허가 과제\2026\2_계산\2_LP\LOW_Fr_MASTER_result\srv198\pc3_kit2_runs_produce_run_2026~_RST.APRQ_11_0615.8-9a4e471b05-jp005nlr_f7c807a4,no_mas_sum,,,0,0,,
,c:\Users\USER\Desktop\CT&RPL\2_Project\KNF_LEU+ 시범연료봉 장전 인허가 과제\2026\2_계산\2_LP\LOW_Fr_MASTER_result\srv198\pc3_kit2_runs_produce_run_2026~_RST.APRQ_11_0615.8-9bfa4e8656-lj4bdjmk_aa8d2834,no_mas_sum,,,0,0,,
,c:\Users\USER\Desktop\CT&RPL\2_Project\KNF_LEU+ 시범연료봉 장전 인허가 과제\2026\2_계산\2_LP\LOW_Fr_MASTER_result\srv198\pc3_kit2_runs_produce_run_2026~_RST.APRQ_11_0615.8-a6df35c589-7uchqp_p_074d4617,no_mas_sum,,,0,0,,
,c:\Users\USER\Desktop\CT&RPL\2_Project\KNF_LEU+ 시범연료봉 장전 인허가 과제\2026\2_계산\2_LP\LOW_Fr_MASTER_result\srv198\pc3_kit2_runs_produce_run_2026~_RST.APRQ_11_0615.8-afb97d47c8-0wdetrra_718496e1,no_mas_sum,,,0,0,,
,c:\Users\USER\Desktop\CT&RPL\2_Project\KNF_LEU+ 시범연료봉 장전 인허가 과제\2026\2_계산\2_LP\LOW_Fr_MASTER_result\srv198\pc3_kit2_runs_produce_run_2026~_RST.APRQ_11_0615.8-b3c436fc5b-1z6oxrm9_84b07457,no_mas_sum,,,0,0,,
,c:\Users\USER\Desktop\CT&RPL\2_Project\KNF_LEU+ 시범연료봉 장전 인허가 과제\2026\2_계산\2_LP\LOW_Fr_MASTER_result\srv198\pc3_kit2_runs_produce_run_2026~_RST.APRQ_11_0615.8-b43ec6f332-fhqgcvg1_41cd50e2,no_mas_sum,,,0,0,,
,c:\Users\USER\Desktop\CT&RPL\2_Project\KNF_LEU+ 시범연료봉 장전 인허가 과제\2026\2_계산\2_LP\LOW_Fr_MASTER_result\srv198\pc3_kit2_runs_produce_run_2026~_RST.APRQ_11_0615.8-c182411573-ztz2_th5_aa398ba1,no_mas_sum,,,0,0,,
,c:\Users\USER\Desktop\CT&RPL\2_Project\KNF_LEU+ 시범연료봉 장전 인허가 과제\2026\2_계산\2_LP\LOW_Fr_MASTER_result\srv198\pc3_kit2_runs_produce_run_2026~_RST.APRQ_11_0615.8-c42d67f070-6y260gtx_6f85db39,no_mas_sum,,,0,0,,
,c:\Users\USER\Desktop\CT&RPL\2_Project\KNF_LEU+ 시범연료봉 장전 인허가 과제\2026\2_계산\2_LP\LOW_Fr_MASTER_result\srv198\pc3_kit2_runs_produce_run_2026~_RST.APRQ_11_0615.8-da05213fc5-q23hwvm5_52fd6b92,no_mas_sum,,,0,0,,
,c:\Users\USER\Desktop\CT&RPL\2_Project\KNF_LEU+ 시범연료봉 장전 인허가 과제\2026\2_계산\2_LP\LOW_Fr_MASTER_result\srv198\pc3_kit2_runs_produce_run_2026~_RST.APRQ_11_0615.8-e0aeea3582-vymup5tv_45bc2efd,no_mas_sum,,,0,0,,
,c:\Users\USER\Desktop\CT&RPL\2_Project\KNF_LEU+ 시범연료봉 장전 인허가 과제\2026\2_계산\2_LP\LOW_Fr_MASTER_result\srv198\pc3_kit2_runs_produce_run_2026~_RST.APRQ_11_0615.8-e5a8a98097-4iilzbik_013b866b,no_mas_sum,,,0,0,,
,c:\Users\USER\Desktop\CT&RPL\2_Project\KNF_LEU+ 시범연료봉 장전 인허가 과제\2026\2_계산\2_LP\LOW_Fr_MASTER_result\srv198\pc3_kit2_runs_produce_run_2026~_RST.APRQ_11_0615.8-e88605a65d-1zc8l6f9_a1c36ff4,no_mas_sum,,,0,0,,
,c:\Users\USER\Desktop\CT&RPL\2_Project\KNF_LEU+ 시범연료봉 장전 인허가 과제\2026\2_계산\2_LP\LOW_Fr_MASTER_result\srv198\pc3_kit2_runs_produce_run_2026~_RST.APRQ_11_0615.8-f028f30956-suz8muap_3e1c7ac6,no_mas_sum,,,0,0,,
,c:\Users\USER\Desktop\CT&RPL\2_Project\KNF_LEU+ 시범연료봉 장전 인허가 과제\2026\2_계산\2_LP\LOW_Fr_MASTER_result\srv198\pc3_kit2_runs_produce_run_2026~_RST.APRQ_11_0615.8-f1482611e0-vmva8hpm_3f27db92,no_mas_sum,,,0,0,,
,c:\Users\USER\Desktop\CT&RPL\2_Project\KNF_LEU+ 시범연료봉 장전 인허가 과제\2026\2_계산\2_LP\LOW_Fr_MASTER_result\srv198\pc3_kit2_runs_produce_run_2026~_RST.APRQ_11_0615.8-f74fffd9a0-zuea37ot_218b30d8,no_mas_sum,,,0,0,,
,c:\Users\USER\Desktop\CT&RPL\2_Project\KNF_LEU+ 시범연료봉 장전 인허가 과제\2026\2_계산\2_LP\LOW_Fr_MASTER_result\srv198\pc3_kit2_runs_produce_run_2026~_RST.APRQ_11_0618.3-003f284474-xibcs95y_7b3f72ea,no_mas_sum,,,0,0,,
,c:\Users\USER\Desktop\CT&RPL\2_Project\KNF_LEU+ 시범연료봉 장전 인허가 과제\2026\2_계산\2_LP\LOW_Fr_MASTER_result\srv198\pc3_kit2_runs_produce_run_2026~_RST.APRQ_11_0618.3-0e4a20e99a-qtuksrhz_2dfd0d63,no_mas_sum,,,0,0,,
,c:\Users\USER\Desktop\CT&RPL\2_Project\KNF_LEU+ 시범연료봉 장전 인허가 과제\2026\2_계산\2_LP\LOW_Fr_MASTER_result\srv198\pc3_kit2_runs_produce_run_2026~_RST.APRQ_11_0618.3-0e4d5943b0-0r6ghdi8_2a7f3589,no_mas_sum,,,0,0,,
,c:\Users\USER\Desktop\CT&RPL\2_Project\KNF_LEU+ 시범연료봉 장전 인허가 과제\2026\2_계산\2_LP\LOW_Fr_MASTER_result\srv198\pc3_kit2_runs_produce_run_2026~_RST.APRQ_11_0618.3-0fbeb6d20e-3xlj3qnw_908e25f4,no_mas_sum,,,0,0,,
,c:\Users\USER\Desktop\CT&RPL\2_Project\KNF_LEU+ 시범연료봉 장전 인허가 과제\2026\2_계산\2_LP\LOW_Fr_MASTER_result\srv198\pc3_kit2_runs_produce_run_2026~_RST.APRQ_11_0618.3-193500ce66-3ph39p4b_d2372016,no_mas_sum,,,0,0,,
,c:\Users\USER\Desktop\CT&RPL\2_Project\KNF_LEU+ 시범연료봉 장전 인허가 과제\2026\2_계산\2_LP\LOW_Fr_MASTER_result\srv198\pc3_kit2_runs_produce_run_2026~_RST.APRQ_11_0618.3-4293802741-zjt3kl3m_6c680af4,no_mas_sum,,,0,0,,
,c:\Users\USER\Desktop\CT&RPL\2_Project\KNF_LEU+ 시범연료봉 장전 인허가 과제\2026\2_계산\2_LP\LOW_Fr_MASTER_result\srv198\pc3_kit2_runs_produce_run_2026~_RST.APRQ_11_0618.3-429ba39b91-su_1yoqb_a0b220a1,no_mas_sum,,,0,0,,
,c:\Users\USER\Desktop\CT&RPL\2_Project\KNF_LEU+ 시범연료봉 장전 인허가 과제\2026\2_계산\2_LP\LOW_Fr_MASTER_result\srv198\pc3_kit2_runs_produce_run_2026~_RST.APRQ_11_0618.3-46b0a5a44a-_xjen4uq_42b8b6ef,no_mas_sum,,,0,0,,
,c:\Users\USER\Desktop\CT&RPL\2_Project\KNF_LEU+ 시범연료봉 장전 인허가 과제\2026\2_계산\2_LP\LOW_Fr_MASTER_result\srv198\pc3_kit2_runs_produce_run_2026~_RST.APRQ_11_0618.3-62ea0f06a2-t5xi1_az_ad5d1372,no_mas_sum,,,0,0,,
,c:\Users\USER\Desktop\CT&RPL\2_Project\KNF_LEU+ 시범연료봉 장전 인허가 과제\2026\2_계산\2_LP\LOW_Fr_MASTER_result\srv198\pc3_kit2_runs_produce_run_2026~_RST.APRQ_11_0618.3-9eebc5cb92-4ecfi0ys_a33da4b9,no_mas_sum,,,0,0,,
,c:\Users\USER\Desktop\CT&RPL\2_Project\KNF_LEU+ 시범연료봉 장전 인허가 과제\2026\2_계산\2_LP\LOW_Fr_MASTER_result\srv198\pc3_kit2_runs_produce_run_2026~_RST.APRQ_11_0618.3-a4cca68de5-px0afhvt_522a8a46,no_mas_sum,,,0,0,,
,c:\Users\USER\Desktop\CT&RPL\2_Project\KNF_LEU+ 시범연료봉 장전 인허가 과제\2026\2_계산\2_LP\LOW_Fr_MASTER_result\srv198\pc3_kit2_runs_produce_run_2026~_RST.APRQ_11_0618.3-aca316b032-u3qd8rn5_de79321c,no_mas_sum,,,0,0,,
,c:\Users\USER\Desktop\CT&RPL\2_Project\KNF_LEU+ 시범연료봉 장전 인허가 과제\2026\2_계산\2_LP\LOW_Fr_MASTER_result\srv198\pc3_kit2_runs_produce_run_2026~_RST.APRQ_11_0618.3-adb43ce5f2-pi108cq4_2caa5992,no_mas_sum,,,0,0,,
,c:\Users\USER\Desktop\CT&RPL\2_Project\KNF_LEU+ 시범연료봉 장전 인허가 과제\2026\2_계산\2_LP\LOW_Fr_MASTER_result\srv198\pc3_kit2_runs_produce_run_2026~_RST.APRQ_11_0618.3-aedac3709a-sy7n7m4c_6c6020aa,no_mas_sum,,,0,0,,
,c:\Users\USER\Desktop\CT&RPL\2_Project\KNF_LEU+ 시범연료봉 장전 인허가 과제\2026\2_계산\2_LP\LOW_Fr_MASTER_result\srv198\pc3_kit2_runs_produce_run_2026~_RST.APRQ_11_0618.3-b68573b645-8ri4of7k_0fb6aa49,no_mas_sum,,,0,0,,
,c:\Users\USER\Desktop\CT&RPL\2_Project\KNF_LEU+ 시범연료봉 장전 인허가 과제\2026\2_계산\2_LP\LOW_Fr_MASTER_result\srv198\pc3_kit2_runs_produce_run_2026~_RST.APRQ_11_0618.3-b73c00f255-db4af6hf_f4e8132a,no_mas_sum,,,0,0,,
,c:\Users\USER\Desktop\CT&RPL\2_Project\KNF_LEU+ 시범연료봉 장전 인허가 과제\2026\2_계산\2_LP\LOW_Fr_MASTER_result\srv198\pc3_kit2_runs_produce_run_2026~_RST.APRQ_11_0618.3-d9fbdfae98-0vn74hng_17a85e5d,no_mas_sum,,,0,0,,
,c:\Users\USER\Desktop\CT&RPL\2_Project\KNF_LEU+ 시범연료봉 장전 인허가 과제\2026\2_계산\2_LP\LOW_Fr_MASTER_result\srv198\pc3_kit2_runs_produce_run_2026~_RST.APRQ_11_0618.3-df914c24fe-wtlkq5ri_fe147691,no_mas_sum,,,0,0,,
,c:\Users\USER\Desktop\CT&RPL\2_Project\KNF_LEU+ 시범연료봉 장전 인허가 과제\2026\2_계산\2_LP\LOW_Fr_MASTER_result\srv198\pc3_kit2_runs_produce_run_2026~_RST.APRQ_11_0618.3-f365d01d08-rudxzxkf_edd035ca,no_mas_sum,,,0,0,,
,c:\Users\USER\Desktop\CT&RPL\2_Project\KNF_LEU+ 시범연료봉 장전 인허가 과제\2026\2_계산\2_LP\LOW_Fr_MASTER_result\srv198\pc3_kit2_runs_produce_run_2026~_RST.APRQ_11_0686.4-031c8bf6a4-b8ong7gn_35541fc3,no_mas_sum,,,0,0,,
,c:\Users\USER\Desktop\CT&RPL\2_Project\KNF_LEU+ 시범연료봉 장전 인허가 과제\2026\2_계산\2_LP\LOW_Fr_MASTER_result\srv198\pc3_kit2_runs_produce_run_2026~_RST.APRQ_11_0686.4-0cdf620a0a-5ryhuqhg_bf4ea04a,no_mas_sum,,,0,0,,
,c:\Users\USER\Desktop\CT&RPL\2_Project\KNF_LEU+ 시범연료봉 장전 인허가 과제\2026\2_계산\2_LP\LOW_Fr_MASTER_result\srv198\pc3_kit2_runs_produce_run_2026~_RST.APRQ_11_0686.4-114def2646-qpjzk6zo_d62e3eed,no_mas_sum,,,0,0,,
,c:\Users\USER\Desktop\CT&RPL\2_Project\KNF_LEU+ 시범연료봉 장전 인허가 과제\2026\2_계산\2_LP\LOW_Fr_MASTER_result\srv198\pc3_kit2_runs_produce_run_2026~_RST.APRQ_11_0686.4-153725dbbd-ybea9kum_c53c6d10,no_mas_sum,,,0,0,,
,c:\Users\USER\Desktop\CT&RPL\2_Project\KNF_LEU+ 시범연료봉 장전 인허가 과제\2026\2_계산\2_LP\LOW_Fr_MASTER_result\srv198\pc3_kit2_runs_produce_run_2026~_RST.APRQ_11_0686.4-1cc61980a0-ide8tqkc_481c9ab7,no_mas_sum,,,0,0,,
,c:\Users\USER\Desktop\CT&RPL\2_Project\KNF_LEU+ 시범연료봉 장전 인허가 과제\2026\2_계산\2_LP\LOW_Fr_MASTER_result\srv198\pc3_kit2_runs_produce_run_2026~_RST.APRQ_11_0686.4-246989d0cf-1lcnsowv_15cc36eb,no_mas_sum,,,0,0,,
,c:\Users\USER\Desktop\CT&RPL\2_Project\KNF_LEU+ 시범연료봉 장전 인허가 과제\2026\2_계산\2_LP\LOW_Fr_MASTER_result\srv198\pc3_kit2_runs_produce_run_2026~_RST.APRQ_11_0686.4-27b60ae392-4vqd_gka_fcdd8388,no_mas_sum,,,0,0,,
,c:\Users\USER\Desktop\CT&RPL\2_Project\KNF_LEU+ 시범연료봉 장전 인허가 과제\2026\2_계산\2_LP\LOW_Fr_MASTER_result\srv198\pc3_kit2_runs_produce_run_2026~_RST.APRQ_11_0686.4-2ca9f326a4-lddq08sl_e950ff66,no_mas_sum,,,0,0,,
,c:\Users\USER\Desktop\CT&RPL\2_Project\KNF_LEU+ 시범연료봉 장전 인허가 과제\2026\2_계산\2_LP\LOW_Fr_MASTER_result\srv198\pc3_kit2_runs_produce_run_2026~_RST.APRQ_11_0686.4-2e81c5b4c5-wot7d3pp_cede626c,no_mas_sum,,,0,0,,
,c:\Users\USER\Desktop\CT&RPL\2_Project\KNF_LEU+ 시범연료봉 장전 인허가 과제\2026\2_계산\2_LP\LOW_Fr_MASTER_result\srv198\pc3_kit2_runs_produce_run_2026~_RST.APRQ_11_0686.4-322066591e-t2016yuu_eb44ece4,no_mas_sum,,,0,0,,
,c:\Users\USER\Desktop\CT&RPL\2_Project\KNF_LEU+ 시범연료봉 장전 인허가 과제\2026\2_계산\2_LP\LOW_Fr_MASTER_result\srv198\pc3_kit2_runs_produce_run_2026~_RST.APRQ_11_0686.4-325e6fcbaa-6rg5ous1_11730df7,no_mas_sum,,,0,0,,
,c:\Users\USER\Desktop\CT&RPL\2_Project\KNF_LEU+ 시범연료봉 장전 인허가 과제\2026\2_계산\2_LP\LOW_Fr_MASTER_result\srv198\pc3_kit2_runs_produce_run_2026~_RST.APRQ_11_0686.4-32b8c17f31-z_81dttr_315379cc,no_mas_sum,,,0,0,,
,c:\Users\USER\Desktop\CT&RPL\2_Project\KNF_LEU+ 시범연료봉 장전 인허가 과제\2026\2_계산\2_LP\LOW_Fr_MASTER_result\srv198\pc3_kit2_runs_produce_run_2026~_RST.APRQ_11_0686.4-3d1b19b7c3-qfllnrth_02aa4669,no_mas_sum,,,0,0,,
,c:\Users\USER\Desktop\CT&RPL\2_Project\KNF_LEU+ 시범연료봉 장전 인허가 과제\2026\2_계산\2_LP\LOW_Fr_MASTER_result\srv198\pc3_kit2_runs_produce_run_2026~_RST.APRQ_11_0686.4-493ade849a-2lvegz0r_b0dd49d2,no_mas_sum,,,0,0,,
,c:\Users\USER\Desktop\CT&RPL\2_Project\KNF_LEU+ 시범연료봉 장전 인허가 과제\2026\2_계산\2_LP\LOW_Fr_MASTER_result\srv198\pc3_kit2_runs_produce_run_2026~_RST.APRQ_11_0686.4-57af10d1f1-x9d3b80e_08345ad9,no_mas_sum,,,0,0,,
,c:\Users\USER\Desktop\CT&RPL\2_Project\KNF_LEU+ 시범연료봉 장전 인허가 과제\2026\2_계산\2_LP\LOW_Fr_MASTER_result\srv198\pc3_kit2_runs_produce_run_2026~_RST.APRQ_11_0686.4-5bfa11f0b0-2wbn3lae_049240e3,no_mas_sum,,,0,0,,
,c:\Users\USER\Desktop\CT&RPL\2_Project\KNF_LEU+ 시범연료봉 장전 인허가 과제\2026\2_계산\2_LP\LOW_Fr_MASTER_result\srv198\pc3_kit2_runs_produce_run_2026~_RST.APRQ_11_0686.4-824fdb6d0b-3k6hzu0p_df8f68f7,no_mas_sum,,,0,0,,
,c:\Users\USER\Desktop\CT&RPL\2_Project\KNF_LEU+ 시범연료봉 장전 인허가 과제\2026\2_계산\2_LP\LOW_Fr_MASTER_result\srv198\pc3_kit2_runs_produce_run_2026~_RST.APRQ_11_0686.4-88b4e02ff4-_60o7fa4_7156fdf6,no_mas_sum,,,0,0,,
,c:\Users\USER\Desktop\CT&RPL\2_Project\KNF_LEU+ 시범연료봉 장전 인허가 과제\2026\2_계산\2_LP\LOW_Fr_MASTER_result\srv198\pc3_kit2_runs_produce_run_2026~_RST.APRQ_11_0686.4-8c820da529-nftekx77_20370847,no_mas_sum,,,0,0,,
,c:\Users\USER\Desktop\CT&RPL\2_Project\KNF_LEU+ 시범연료봉 장전 인허가 과제\2026\2_계산\2_LP\LOW_Fr_MASTER_result\srv198\pc3_kit2_runs_produce_run_2026~_RST.APRQ_11_0686.4-8f54375aaf-hnw44_hf_c1a82a23,no_mas_sum,,,0,0,,
,c:\Users\USER\Desktop\CT&RPL\2_Project\KNF_LEU+ 시범연료봉 장전 인허가 과제\2026\2_계산\2_LP\LOW_Fr_MASTER_result\srv198\pc3_kit2_runs_produce_run_2026~_RST.APRQ_11_0686.4-a44933bea0-mpx2_kog_b9ea4b67,no_mas_sum,,,0,0,,
,c:\Users\USER\Desktop\CT&RPL\2_Project\KNF_LEU+ 시범연료봉 장전 인허가 과제\2026\2_계산\2_LP\LOW_Fr_MASTER_result\srv198\pc3_kit2_runs_produce_run_2026~_RST.APRQ_11_0686.4-a8d40e4165-dftrly7y_387fc2cb,no_mas_sum,,,0,0,,
,c:\Users\USER\Desktop\CT&RPL\2_Project\KNF_LEU+ 시범연료봉 장전 인허가 과제\2026\2_계산\2_LP\LOW_Fr_MASTER_result\srv198\pc3_kit2_runs_produce_run_2026~_RST.APRQ_11_0686.4-b0e8ab8675-nb_qzbe6_7995f4cb,no_mas_sum,,,0,0,,
,c:\Users\USER\Desktop\CT&RPL\2_Project\KNF_LEU+ 시범연료봉 장전 인허가 과제\2026\2_계산\2_LP\LOW_Fr_MASTER_result\srv198\pc3_kit2_runs_produce_run_2026~_RST.APRQ_11_0686.4-b3b1fc7980-sekdyeoe_221ff2d1,no_mas_sum,,,0,0,,
,c:\Users\USER\Desktop\CT&RPL\2_Project\KNF_LEU+ 시범연료봉 장전 인허가 과제\2026\2_계산\2_LP\LOW_Fr_MASTER_result\srv198\pc3_kit2_runs_produce_run_2026~_RST.APRQ_11_0686.4-ce98329db5-ocyrwzmr_bd39053e,no_mas_sum,,,0,0,,
,c:\Users\USER\Desktop\CT&RPL\2_Project\KNF_LEU+ 시범연료봉 장전 인허가 과제\2026\2_계산\2_LP\LOW_Fr_MASTER_result\srv198\pc3_kit2_runs_produce_run_2026~_RST.APRQ_11_0686.4-d8a9f8bc88-12gsu6vn_39fbb986,no_mas_sum,,,0,0,,
,c:\Users\USER\Desktop\CT&RPL\2_Project\KNF_LEU+ 시범연료봉 장전 인허가 과제\2026\2_계산\2_LP\LOW_Fr_MASTER_result\srv198\pc3_kit2_runs_produce_run_2026~_RST.APRQ_11_0686.4-de9d5a15a5-ll7p1tmm_a08e3798,no_mas_sum,,,0,0,,
,c:\Users\USER\Desktop\CT&RPL\2_Project\KNF_LEU+ 시범연료봉 장전 인허가 과제\2026\2_계산\2_LP\LOW_Fr_MASTER_result\srv198\pc3_kit2_runs_produce_run_2026~_RST.APRQ_11_0686.4-e32103bb01-2828amib_ff020b74,no_mas_sum,,,0,0,,
,c:\Users\USER\Desktop\CT&RPL\2_Project\KNF_LEU+ 시범연료봉 장전 인허가 과제\2026\2_계산\2_LP\LOW_Fr_MASTER_result\srv198\pc3_kit2_runs_produce_run_2026~_RST.APRQ_11_0686.4-ea5f1eb175-xpnks343_225dd6f1,no_mas_sum,,,0,0,,
,c:\Users\USER\Desktop\CT&RPL\2_Project\KNF_LEU+ 시범연료봉 장전 인허가 과제\2026\2_계산\2_LP\LOW_Fr_MASTER_result\srv198\pc3_kit2_runs_produce_run_2026~_RST.APRQ_11_0686.4-f8f14a8ed0-1mcldelq_4ec4a208,no_mas_sum,,,0,0,,
,c:\Users\USER\Desktop\CT&RPL\2_Project\KNF_LEU+ 시범연료봉 장전 인허가 과제\2026\2_계산\2_LP\LOW_Fr_MASTER_result\srv198\pc3_kit2_runs_produce_run_2026~_RST.APRQ_11_0686.4-fa5f0595de-_6kbs7yf_fb7ae608,no_mas_sum,,,0,0,,
,c:\Users\USER\Desktop\CT&RPL\2_Project\KNF_LEU+ 시범연료봉 장전 인허가 과제\2026\2_계산\2_LP\LOW_Fr_MASTER_result\srv198\pc3_kit2_runs_produce_run_2026~_RST.APRQ_11_0688.2-04db848288-2fb4p3sf_541a1e1a,no_mas_sum,,,0,0,,
,c:\Users\USER\Desktop\CT&RPL\2_Project\KNF_LEU+ 시범연료봉 장전 인허가 과제\2026\2_계산\2_LP\LOW_Fr_MASTER_result\srv198\pc3_kit2_runs_produce_run_2026~_RST.APRQ_11_0688.2-06c8465ef0-qcw4nu_j_352f8fb3,no_mas_sum,,,0,0,,
,c:\Users\USER\Desktop\CT&RPL\2_Project\KNF_LEU+ 시범연료봉 장전 인허가 과제\2026\2_계산\2_LP\LOW_Fr_MASTER_result\srv198\pc3_kit2_runs_produce_run_2026~_RST.APRQ_11_0688.2-0e04caf1fc-fxk_7bjc_597c32a5,no_mas_sum,,,0,0,,
,c:\Users\USER\Desktop\CT&RPL\2_Project\KNF_LEU+ 시범연료봉 장전 인허가 과제\2026\2_계산\2_LP\LOW_Fr_MASTER_result\srv198\pc3_kit2_runs_produce_run_2026~_RST.APRQ_11_0688.2-0e2311aab8-2iuev12e_9bb71f5b,no_mas_sum,,,0,0,,
,c:\Users\USER\Desktop\CT&RPL\2_Project\KNF_LEU+ 시범연료봉 장전 인허가 과제\2026\2_계산\2_LP\LOW_Fr_MASTER_result\srv198\pc3_kit2_runs_produce_run_2026~_RST.APRQ_11_0688.2-18a15a775f-13_asqc9_73a05b44,no_mas_sum,,,0,0,,
,c:\Users\USER\Desktop\CT&RPL\2_Project\KNF_LEU+ 시범연료봉 장전 인허가 과제\2026\2_계산\2_LP\LOW_Fr_MASTER_result\srv198\pc3_kit2_runs_produce_run_2026~_RST.APRQ_11_0688.2-1b8aa826ca-8j_pk7x3_12af299c,no_mas_sum,,,0,0,,
,c:\Users\USER\Desktop\CT&RPL\2_Project\KNF_LEU+ 시범연료봉 장전 인허가 과제\2026\2_계산\2_LP\LOW_Fr_MASTER_result\srv198\pc3_kit2_runs_produce_run_2026~_RST.APRQ_11_0688.2-27d9ad6850-be2ospeg_bf5676d3,no_mas_sum,,,0,0,,
,c:\Users\USER\Desktop\CT&RPL\2_Project\KNF_LEU+ 시범연료봉 장전 인허가 과제\2026\2_계산\2_LP\LOW_Fr_MASTER_result\srv198\pc3_kit2_runs_produce_run_2026~_RST.APRQ_11_0688.2-286d8f4cc0-xo15xsl5_288669f5,no_mas_sum,,,0,0,,
,c:\Users\USER\Desktop\CT&RPL\2_Project\KNF_LEU+ 시범연료봉 장전 인허가 과제\2026\2_계산\2_LP\LOW_Fr_MASTER_result\srv198\pc3_kit2_runs_produce_run_2026~_RST.APRQ_11_0688.2-2cb3446910-w3lxtrvj_e43ee30c,no_mas_sum,,,0,0,,
,c:\Users\USER\Desktop\CT&RPL\2_Project\KNF_LEU+ 시범연료봉 장전 인허가 과제\2026\2_계산\2_LP\LOW_Fr_MASTER_result\srv198\pc3_kit2_runs_produce_run_2026~_RST.APRQ_11_0688.2-2fc20057e1-hkic4go9_5c01e36e,no_mas_sum,,,0,0,,
,c:\Users\USER\Desktop\CT&RPL\2_Project\KNF_LEU+ 시범연료봉 장전 인허가 과제\2026\2_계산\2_LP\LOW_Fr_MASTER_result\srv198\pc3_kit2_runs_produce_run_2026~_RST.APRQ_11_0688.2-34d007ee0c-g2mcuay1_e4e3da31,no_mas_sum,,,0,0,,
,c:\Users\USER\Desktop\CT&RPL\2_Project\KNF_LEU+ 시범연료봉 장전 인허가 과제\2026\2_계산\2_LP\LOW_Fr_MASTER_result\srv198\pc3_kit2_runs_produce_run_2026~_RST.APRQ_11_0688.2-3b383384e9-854wqobl_90327869,no_mas_sum,,,0,0,,
,c:\Users\USER\Desktop\CT&RPL\2_Project\KNF_LEU+ 시범연료봉 장전 인허가 과제\2026\2_계산\2_LP\LOW_Fr_MASTER_result\srv198\pc3_kit2_runs_produce_run_2026~_RST.APRQ_11_0688.2-3c40dd582e-7fvdouw9_37d29316,no_mas_sum,,,0,0,,
,c:\Users\USER\Desktop\CT&RPL\2_Project\KNF_LEU+ 시범연료봉 장전 인허가 과제\2026\2_계산\2_LP\LOW_Fr_MASTER_result\srv198\pc3_kit2_runs_produce_run_2026~_RST.APRQ_11_0688.2-42059f8ff8-twm2m4w6_90b8a71c,no_mas_sum,,,0,0,,
,c:\Users\USER\Desktop\CT&RPL\2_Project\KNF_LEU+ 시범연료봉 장전 인허가 과제\2026\2_계산\2_LP\LOW_Fr_MASTER_result\srv198\pc3_kit2_runs_produce_run_2026~_RST.APRQ_11_0688.2-44e959d65d-5et_uy8a_2d6ff81f,no_mas_sum,,,0,0,,
,c:\Users\USER\Desktop\CT&RPL\2_Project\KNF_LEU+ 시범연료봉 장전 인허가 과제\2026\2_계산\2_LP\LOW_Fr_MASTER_result\srv198\pc3_kit2_runs_produce_run_2026~_RST.APRQ_11_0688.2-44f50c2699-87q5t7ka_f365e6d5,no_mas_sum,,,0,0,,
,c:\Users\USER\Desktop\CT&RPL\2_Project\KNF_LEU+ 시범연료봉 장전 인허가 과제\2026\2_계산\2_LP\LOW_Fr_MASTER_result\srv198\pc3_kit2_runs_produce_run_2026~_RST.APRQ_11_0688.2-496adf8e07-xgghmmri_bb0496c9,no_mas_sum,,,0,0,,
,c:\Users\USER\Desktop\CT&RPL\2_Project\KNF_LEU+ 시범연료봉 장전 인허가 과제\2026\2_계산\2_LP\LOW_Fr_MASTER_result\srv198\pc3_kit2_runs_produce_run_2026~_RST.APRQ_11_0688.2-4c157f8a85-gc6ryeoj_d32d64d0,no_mas_sum,,,0,0,,
,c:\Users\USER\Desktop\CT&RPL\2_Project\KNF_LEU+ 시범연료봉 장전 인허가 과제\2026\2_계산\2_LP\LOW_Fr_MASTER_result\srv198\pc3_kit2_runs_produce_run_2026~_RST.APRQ_11_0688.2-4c21e63774-g2v38r3k_fd93d14f,no_mas_sum,,,0,0,,
,c:\Users\USER\Desktop\CT&RPL\2_Project\KNF_LEU+ 시범연료봉 장전 인허가 과제\2026\2_계산\2_LP\LOW_Fr_MASTER_result\srv198\pc3_kit2_runs_produce_run_2026~_RST.APRQ_11_0688.2-542cad5216-j9moqa68_8c602d4f,no_mas_sum,,,0,0,,
,c:\Users\USER\Desktop\CT&RPL\2_Project\KNF_LEU+ 시범연료봉 장전 인허가 과제\2026\2_계산\2_LP\LOW_Fr_MASTER_result\srv198\pc3_kit2_runs_produce_run_2026~_RST.APRQ_11_0688.2-56114959de-fpw8c_9p_9411e663,no_mas_sum,,,0,0,,
,c:\Users\USER\Desktop\CT&RPL\2_Project\KNF_LEU+ 시범연료봉 장전 인허가 과제\2026\2_계산\2_LP\LOW_Fr_MASTER_result\srv198\pc3_kit2_runs_produce_run_2026~_RST.APRQ_11_0688.2-5855f5d28a-wbhpx2_5_ab15282a,no_mas_sum,,,0,0,,
,c:\Users\USER\Desktop\CT&RPL\2_Project\KNF_LEU+ 시범연료봉 장전 인허가 과제\2026\2_계산\2_LP\LOW_Fr_MASTER_result\srv198\pc3_kit2_runs_produce_run_2026~_RST.APRQ_11_0688.2-5d5470c84d-3ez14iq4_7e1c93db,no_mas_sum,,,0,0,,
,c:\Users\USER\Desktop\CT&RPL\2_Project\KNF_LEU+ 시범연료봉 장전 인허가 과제\2026\2_계산\2_LP\LOW_Fr_MASTER_result\srv198\pc3_kit2_runs_produce_run_2026~_RST.APRQ_11_0688.2-5e72da5c7e-9vsnufou_9f99c15c,no_mas_sum,,,0,0,,
,c:\Users\USER\Desktop\CT&RPL\2_Project\KNF_LEU+ 시범연료봉 장전 인허가 과제\2026\2_계산\2_LP\LOW_Fr_MASTER_result\srv198\pc3_kit2_runs_produce_run_2026~_RST.APRQ_11_0688.2-65b7931d89-02xoj6sg_2adedcf1,no_mas_sum,,,0,0,,
,c:\Users\USER\Desktop\CT&RPL\2_Project\KNF_LEU+ 시범연료봉 장전 인허가 과제\2026\2_계산\2_LP\LOW_Fr_MASTER_result\srv198\pc3_kit2_runs_produce_run_2026~_RST.APRQ_11_0688.2-6a916f9e03-ssgshafy_8a71dea0,no_mas_sum,,,0,0,,
,c:\Users\USER\Desktop\CT&RPL\2_Project\KNF_LEU+ 시범연료봉 장전 인허가 과제\2026\2_계산\2_LP\LOW_Fr_MASTER_result\srv198\pc3_kit2_runs_produce_run_2026~_RST.APRQ_11_0688.2-758deb3261-9bsg18wt_39497506,no_mas_sum,,,0,0,,
,c:\Users\USER\Desktop\CT&RPL\2_Project\KNF_LEU+ 시범연료봉 장전 인허가 과제\2026\2_계산\2_LP\LOW_Fr_MASTER_result\srv198\pc3_kit2_runs_produce_run_2026~_RST.APRQ_11_0688.2-8339234327-oox00cjr_e3531e42,no_mas_sum,,,0,0,,
,c:\Users\USER\Desktop\CT&RPL\2_Project\KNF_LEU+ 시범연료봉 장전 인허가 과제\2026\2_계산\2_LP\LOW_Fr_MASTER_result\srv198\pc3_kit2_runs_produce_run_2026~_RST.APRQ_11_0688.2-84b774b80d-x712phy9_39c5d6bb,no_mas_sum,,,0,0,,
,c:\Users\USER\Desktop\CT&RPL\2_Project\KNF_LEU+ 시범연료봉 장전 인허가 과제\2026\2_계산\2_LP\LOW_Fr_MASTER_result\srv198\pc3_kit2_runs_produce_run_2026~_RST.APRQ_11_0688.2-8740cab308-fdzl0u0k_3d582c90,no_mas_sum,,,0,0,,
,c:\Users\USER\Desktop\CT&RPL\2_Project\KNF_LEU+ 시범연료봉 장전 인허가 과제\2026\2_계산\2_LP\LOW_Fr_MASTER_result\srv198\pc3_kit2_runs_produce_run_2026~_RST.APRQ_11_0688.2-947ffaa926-lzrc4anx_6e32ea70,no_mas_sum,,,0,0,,
,c:\Users\USER\Desktop\CT&RPL\2_Project\KNF_LEU+ 시범연료봉 장전 인허가 과제\2026\2_계산\2_LP\LOW_Fr_MASTER_result\srv198\pc3_kit2_runs_produce_run_2026~_RST.APRQ_11_0688.2-9737f1efba-7pqvtvtu_d5d5e666,no_mas_sum,,,0,0,,
,c:\Users\USER\Desktop\CT&RPL\2_Project\KNF_LEU+ 시범연료봉 장전 인허가 과제\2026\2_계산\2_LP\LOW_Fr_MASTER_result\srv198\pc3_kit2_runs_produce_run_2026~_RST.APRQ_11_0688.2-98fe2473e7-t6f9ph_2_49065155,no_mas_sum,,,0,0,,
,c:\Users\USER\Desktop\CT&RPL\2_Project\KNF_LEU+ 시범연료봉 장전 인허가 과제\2026\2_계산\2_LP\LOW_Fr_MASTER_result\srv198\pc3_kit2_runs_produce_run_2026~_RST.APRQ_11_0688.2-9df9fe4f22-a5s7dyp1_afda2053,no_mas_sum,,,0,0,,
,c:\Users\USER\Desktop\CT&RPL\2_Project\KNF_LEU+ 시범연료봉 장전 인허가 과제\2026\2_계산\2_LP\LOW_Fr_MASTER_result\srv198\pc3_kit2_runs_produce_run_2026~_RST.APRQ_11_0688.2-a3e330f771-ub_3haqo_ba07b141,no_mas_sum,,,0,0,,
,c:\Users\USER\Desktop\CT&RPL\2_Project\KNF_LEU+ 시범연료봉 장전 인허가 과제\2026\2_계산\2_LP\LOW_Fr_MASTER_result\srv198\pc3_kit2_runs_produce_run_2026~_RST.APRQ_11_0688.2-a44ca31bf5-xaefaewi_aacdcb4d,no_mas_sum,,,0,0,,
,c:\Users\USER\Desktop\CT&RPL\2_Project\KNF_LEU+ 시범연료봉 장전 인허가 과제\2026\2_계산\2_LP\LOW_Fr_MASTER_result\srv198\pc3_kit2_runs_produce_run_2026~_RST.APRQ_11_0688.2-a48677c889-y7fzp_py_218faaad,no_mas_sum,,,0,0,,
,c:\Users\USER\Desktop\CT&RPL\2_Project\KNF_LEU+ 시범연료봉 장전 인허가 과제\2026\2_계산\2_LP\LOW_Fr_MASTER_result\srv198\pc3_kit2_runs_produce_run_2026~_RST.APRQ_11_0688.2-a52f33af25-n4jzwg97_9b5ff2c0,no_mas_sum,,,0,0,,
,c:\Users\USER\Desktop\CT&RPL\2_Project\KNF_LEU+ 시범연료봉 장전 인허가 과제\2026\2_계산\2_LP\LOW_Fr_MASTER_result\srv198\pc3_kit2_runs_produce_run_2026~_RST.APRQ_11_0688.2-a78c80318f-kyenlgqb_0eba62fa,no_mas_sum,,,0,0,,
,c:\Users\USER\Desktop\CT&RPL\2_Project\KNF_LEU+ 시범연료봉 장전 인허가 과제\2026\2_계산\2_LP\LOW_Fr_MASTER_result\srv198\pc3_kit2_runs_produce_run_2026~_RST.APRQ_11_0688.2-a8e3e67e71-1prv9h7c_c2e333b7,no_mas_sum,,,0,0,,
,c:\Users\USER\Desktop\CT&RPL\2_Project\KNF_LEU+ 시범연료봉 장전 인허가 과제\2026\2_계산\2_LP\LOW_Fr_MASTER_result\srv198\pc3_kit2_runs_produce_run_2026~_RST.APRQ_11_0688.2-b14347c6e0-a6d382aw_39f3309a,no_mas_sum,,,0,0,,
,c:\Users\USER\Desktop\CT&RPL\2_Project\KNF_LEU+ 시범연료봉 장전 인허가 과제\2026\2_계산\2_LP\LOW_Fr_MASTER_result\srv198\pc3_kit2_runs_produce_run_2026~_RST.APRQ_11_0688.2-b70cda99b5-9ki7sczv_3c40803a,no_mas_sum,,,0,0,,
,c:\Users\USER\Desktop\CT&RPL\2_Project\KNF_LEU+ 시범연료봉 장전 인허가 과제\2026\2_계산\2_LP\LOW_Fr_MASTER_result\srv198\pc3_kit2_runs_produce_run_2026~_RST.APRQ_11_0688.2-b980b310b3-guyt7x7u_43430a55,no_mas_sum,,,0,0,,
,c:\Users\USER\Desktop\CT&RPL\2_Project\KNF_LEU+ 시범연료봉 장전 인허가 과제\2026\2_계산\2_LP\LOW_Fr_MASTER_result\srv198\pc3_kit2_runs_produce_run_2026~_RST.APRQ_11_0688.2-c21c6649b7-kcu0zeft_25a1cf6e,no_mas_sum,,,0,0,,
,c:\Users\USER\Desktop\CT&RPL\2_Project\KNF_LEU+ 시범연료봉 장전 인허가 과제\2026\2_계산\2_LP\LOW_Fr_MASTER_result\srv198\pc3_kit2_runs_produce_run_2026~_RST.APRQ_11_0688.2-c4f5872b03-uet8633z_be7cb2b7,no_mas_sum,,,0,0,,
,c:\Users\USER\Desktop\CT&RPL\2_Project\KNF_LEU+ 시범연료봉 장전 인허가 과제\2026\2_계산\2_LP\LOW_Fr_MASTER_result\srv198\pc3_kit2_runs_produce_run_2026~_RST.APRQ_11_0688.2-c9e0fde091-8s4bwa7c_f3259469,no_mas_sum,,,0,0,,
,c:\Users\USER\Desktop\CT&RPL\2_Project\KNF_LEU+ 시범연료봉 장전 인허가 과제\2026\2_계산\2_LP\LOW_Fr_MASTER_result\srv198\pc3_kit2_runs_produce_run_2026~_RST.APRQ_11_0688.2-cc4d582e27-nlqswm5b_d38a3b57,no_mas_sum,,,0,0,,
,c:\Users\USER\Desktop\CT&RPL\2_Project\KNF_LEU+ 시범연료봉 장전 인허가 과제\2026\2_계산\2_LP\LOW_Fr_MASTER_result\srv198\pc3_kit2_runs_produce_run_2026~_RST.APRQ_11_0688.2-cd49a2c150-g6trdsix_26972530,no_mas_sum,,,0,0,,
,c:\Users\USER\Desktop\CT&RPL\2_Project\KNF_LEU+ 시범연료봉 장전 인허가 과제\2026\2_계산\2_LP\LOW_Fr_MASTER_result\srv198\pc3_kit2_runs_produce_run_2026~_RST.APRQ_11_0688.2-d2a6f91101-oemqbc_h_3bb04fcf,no_mas_sum,,,0,0,,
,c:\Users\USER\Desktop\CT&RPL\2_Project\KNF_LEU+ 시범연료봉 장전 인허가 과제\2026\2_계산\2_LP\LOW_Fr_MASTER_result\srv198\pc3_kit2_runs_produce_run_2026~_RST.APRQ_11_0688.2-d71152b8c5-lv_3ryst_7b59e32d,no_mas_sum,,,0,0,,
,c:\Users\USER\Desktop\CT&RPL\2_Project\KNF_LEU+ 시범연료봉 장전 인허가 과제\2026\2_계산\2_LP\LOW_Fr_MASTER_result\srv198\pc3_kit2_runs_produce_run_2026~_RST.APRQ_11_0688.2-dce6efd11b-82blporf_48f1ce35,no_mas_sum,,,0,0,,
,c:\Users\USER\Desktop\CT&RPL\2_Project\KNF_LEU+ 시범연료봉 장전 인허가 과제\2026\2_계산\2_LP\LOW_Fr_MASTER_result\srv198\pc3_kit2_runs_produce_run_2026~_RST.APRQ_11_0688.2-dcf03a6058-a3x55y3h_4e865005,no_mas_sum,,,0,0,,
,c:\Users\USER\Desktop\CT&RPL\2_Project\KNF_LEU+ 시범연료봉 장전 인허가 과제\2026\2_계산\2_LP\LOW_Fr_MASTER_result\srv198\pc3_kit2_runs_produce_run_2026~_RST.APRQ_11_0688.2-e35b20523a-a9y8js3b_90f7b239,no_mas_sum,,,0,0,,
,c:\Users\USER\Desktop\CT&RPL\2_Project\KNF_LEU+ 시범연료봉 장전 인허가 과제\2026\2_계산\2_LP\LOW_Fr_MASTER_result\srv198\pc3_kit2_runs_produce_run_2026~_RST.APRQ_11_0688.2-e45a26e60f-lwa1yjw4_c62107d5,no_mas_sum,,,0,0,,
,c:\Users\USER\Desktop\CT&RPL\2_Project\KNF_LEU+ 시범연료봉 장전 인허가 과제\2026\2_계산\2_LP\LOW_Fr_MASTER_result\srv198\pc3_kit2_runs_produce_run_2026~_RST.APRQ_11_0688.2-e5401e4d72-5rywadm7_f6e42942,no_mas_sum,,,0,0,,
,c:\Users\USER\Desktop\CT&RPL\2_Project\KNF_LEU+ 시범연료봉 장전 인허가 과제\2026\2_계산\2_LP\LOW_Fr_MASTER_result\srv198\pc3_kit2_runs_produce_run_2026~_RST.APRQ_11_0688.2-e58657b700-sgjgwcz0_1f1ad9db,no_mas_sum,,,0,0,,
,c:\Users\USER\Desktop\CT&RPL\2_Project\KNF_LEU+ 시범연료봉 장전 인허가 과제\2026\2_계산\2_LP\LOW_Fr_MASTER_result\srv198\pc3_kit2_runs_produce_run_2026~_RST.APRQ_11_0688.2-fa0e1cb3e3-xr1nth48_5a71b6fc,no_mas_sum,,,0,0,,
,c:\Users\USER\Desktop\CT&RPL\2_Project\KNF_LEU+ 시범연료봉 장전 인허가 과제\2026\2_계산\2_LP\LOW_Fr_MASTER_result\srv198\pc3_kit2_runs_produce_run_2026~_RST.APRQ_11_0688.2-fbda47833b-ezwzd3cl_3da1cb9b,no_mas_sum,,,0,0,,
,c:\Users\USER\Desktop\CT&RPL\2_Project\KNF_LEU+ 시범연료봉 장전 인허가 과제\2026\2_계산\2_LP\LOW_Fr_MASTER_result\srv198\pc3_kit2_runs_produce_run_2026~_RST.APRQ_11_0688.2-fca30b1e3f-4wb9ijm8_0a931d05,no_mas_sum,,,0,0,,
,c:\Users\USER\Desktop\CT&RPL\2_Project\KNF_LEU+ 시범연료봉 장전 인허가 과제\2026\2_계산\2_LP\LOW_Fr_MASTER_result\srv198\pc3_kit2_runs_produce_run_2026~_RST.APRQ_11_0692.6-04aa6547e0-2to605dp_c54cee58,no_mas_sum,,,0,0,,
,c:\Users\USER\Desktop\CT&RPL\2_Project\KNF_LEU+ 시범연료봉 장전 인허가 과제\2026\2_계산\2_LP\LOW_Fr_MASTER_result\srv198\pc3_kit2_runs_produce_run_2026~_RST.APRQ_11_0692.6-093b9bd58e-lg2pibcc_ebee74dc,no_mas_sum,,,0,0,,
,c:\Users\USER\Desktop\CT&RPL\2_Project\KNF_LEU+ 시범연료봉 장전 인허가 과제\2026\2_계산\2_LP\LOW_Fr_MASTER_result\srv198\pc3_kit2_runs_produce_run_2026~_RST.APRQ_11_0692.6-0a90ff86a5-uh_xfb9l_acb01875,no_mas_sum,,,0,0,,
,c:\Users\USER\Desktop\CT&RPL\2_Project\KNF_LEU+ 시범연료봉 장전 인허가 과제\2026\2_계산\2_LP\LOW_Fr_MASTER_result\srv198\pc3_kit2_runs_produce_run_2026~_RST.APRQ_11_0692.6-0aa4b8c107-1b6sq0va_bcdcb858,no_mas_sum,,,0,0,,
,c:\Users\USER\Desktop\CT&RPL\2_Project\KNF_LEU+ 시범연료봉 장전 인허가 과제\2026\2_계산\2_LP\LOW_Fr_MASTER_result\srv198\pc3_kit2_runs_produce_run_2026~_RST.APRQ_11_0692.6-0e5e08eb2c-42xjt5yt_32bd32cc,no_mas_sum,,,0,0,,
,c:\Users\USER\Desktop\CT&RPL\2_Project\KNF_LEU+ 시범연료봉 장전 인허가 과제\2026\2_계산\2_LP\LOW_Fr_MASTER_result\srv198\pc3_kit2_runs_produce_run_2026~_RST.APRQ_11_0692.6-1110932ccd-q8hu368j_21d62c69,no_mas_sum,,,0,0,,
,c:\Users\USER\Desktop\CT&RPL\2_Project\KNF_LEU+ 시범연료봉 장전 인허가 과제\2026\2_계산\2_LP\LOW_Fr_MASTER_result\srv198\pc3_kit2_runs_produce_run_2026~_RST.APRQ_11_0692.6-112597e1ad-ci8ykpa1_bc007a22,no_mas_sum,,,0,0,,
,c:\Users\USER\Desktop\CT&RPL\2_Project\KNF_LEU+ 시범연료봉 장전 인허가 과제\2026\2_계산\2_LP\LOW_Fr_MASTER_result\srv198\pc3_kit2_runs_produce_run_2026~_RST.APRQ_11_0692.6-1786230457-logh8irj_2e90e736,no_mas_sum,,,0,0,,
,c:\Users\USER\Desktop\CT&RPL\2_Project\KNF_LEU+ 시범연료봉 장전 인허가 과제\2026\2_계산\2_LP\LOW_Fr_MASTER_result\srv198\pc3_kit2_runs_produce_run_2026~_RST.APRQ_11_0692.6-19e19d294c-jwwloibx_1029192a,no_mas_sum,,,0,0,,
,c:\Users\USER\Desktop\CT&RPL\2_Project\KNF_LEU+ 시범연료봉 장전 인허가 과제\2026\2_계산\2_LP\LOW_Fr_MASTER_result\srv198\pc3_kit2_runs_produce_run_2026~_RST.APRQ_11_0692.6-320baced94-6g4xkoh1_eb51e9f9,no_mas_sum,,,0,0,,
,c:\Users\USER\Desktop\CT&RPL\2_Project\KNF_LEU+ 시범연료봉 장전 인허가 과제\2026\2_계산\2_LP\LOW_Fr_MASTER_result\srv198\pc3_kit2_runs_produce_run_2026~_RST.APRQ_11_0692.6-3433768131-wqhobq0e_573b9af8,no_mas_sum,,,0,0,,
,c:\Users\USER\Desktop\CT&RPL\2_Project\KNF_LEU+ 시범연료봉 장전 인허가 과제\2026\2_계산\2_LP\LOW_Fr_MASTER_result\srv198\pc3_kit2_runs_produce_run_2026~_RST.APRQ_11_0692.6-3714258f0c-n2dg_g0q_0def9f98,no_mas_sum,,,0,0,,
,c:\Users\USER\Desktop\CT&RPL\2_Project\KNF_LEU+ 시범연료봉 장전 인허가 과제\2026\2_계산\2_LP\LOW_Fr_MASTER_result\srv198\pc3_kit2_runs_produce_run_2026~_RST.APRQ_11_0692.6-392b000ce6-s5972kbe_472005b8,no_mas_sum,,,0,0,,
,c:\Users\USER\Desktop\CT&RPL\2_Project\KNF_LEU+ 시범연료봉 장전 인허가 과제\2026\2_계산\2_LP\LOW_Fr_MASTER_result\srv198\pc3_kit2_runs_produce_run_2026~_RST.APRQ_11_0692.6-425c482ccf-b4bqczkf_bb7dd0f2,no_mas_sum,,,0,0,,
,c:\Users\USER\Desktop\CT&RPL\2_Project\KNF_LEU+ 시범연료봉 장전 인허가 과제\2026\2_계산\2_LP\LOW_Fr_MASTER_result\srv198\pc3_kit2_runs_produce_run_2026~_RST.APRQ_11_0692.6-51e6f35ad7-3kjerrk2_7e557f01,no_mas_sum,,,0,0,,
,c:\Users\USER\Desktop\CT&RPL\2_Project\KNF_LEU+ 시범연료봉 장전 인허가 과제\2026\2_계산\2_LP\LOW_Fr_MASTER_result\srv198\pc3_kit2_runs_produce_run_2026~_RST.APRQ_11_0692.6-590dd20e51-hp7j0xc1_328f2eb6,no_mas_sum,,,0,0,,
,c:\Users\USER\Desktop\CT&RPL\2_Project\KNF_LEU+ 시범연료봉 장전 인허가 과제\2026\2_계산\2_LP\LOW_Fr_MASTER_result\srv198\pc3_kit2_runs_produce_run_2026~_RST.APRQ_11_0692.6-63eda2ca77-dznnpb3e_f32ed647,no_mas_sum,,,0,0,,
,c:\Users\USER\Desktop\CT&RPL\2_Project\KNF_LEU+ 시범연료봉 장전 인허가 과제\2026\2_계산\2_LP\LOW_Fr_MASTER_result\srv198\pc3_kit2_runs_produce_run_2026~_RST.APRQ_11_0692.6-69d4e8448c-rl2aqx44_67a59d1f,no_mas_sum,,,0,0,,
,c:\Users\USER\Desktop\CT&RPL\2_Project\KNF_LEU+ 시범연료봉 장전 인허가 과제\2026\2_계산\2_LP\LOW_Fr_MASTER_result\srv198\pc3_kit2_runs_produce_run_2026~_RST.APRQ_11_0692.6-6d89714a3c-wbvsv7r8_c8c3b69d,no_mas_sum,,,0,0,,
,c:\Users\USER\Desktop\CT&RPL\2_Project\KNF_LEU+ 시범연료봉 장전 인허가 과제\2026\2_계산\2_LP\LOW_Fr_MASTER_result\srv198\pc3_kit2_runs_produce_run_2026~_RST.APRQ_11_0692.6-7455f577cc-5qzouqoo_65650d11,no_mas_sum,,,0,0,,
,c:\Users\USER\Desktop\CT&RPL\2_Project\KNF_LEU+ 시범연료봉 장전 인허가 과제\2026\2_계산\2_LP\LOW_Fr_MASTER_result\srv198\pc3_kit2_runs_produce_run_2026~_RST.APRQ_11_0692.6-7864997b93-ohqxfda5_c2d5d250,no_mas_sum,,,0,0,,
,c:\Users\USER\Desktop\CT&RPL\2_Project\KNF_LEU+ 시범연료봉 장전 인허가 과제\2026\2_계산\2_LP\LOW_Fr_MASTER_result\srv198\pc3_kit2_runs_produce_run_2026~_RST.APRQ_11_0692.6-791c6a6539-t8cixdu8_9d09b610,no_mas_sum,,,0,0,,
,c:\Users\USER\Desktop\CT&RPL\2_Project\KNF_LEU+ 시범연료봉 장전 인허가 과제\2026\2_계산\2_LP\LOW_Fr_MASTER_result\srv198\pc3_kit2_runs_produce_run_2026~_RST.APRQ_11_0692.6-7c16005dbb-npjkedyf_aeaa6380,no_mas_sum,,,0,0,,
,c:\Users\USER\Desktop\CT&RPL\2_Project\KNF_LEU+ 시범연료봉 장전 인허가 과제\2026\2_계산\2_LP\LOW_Fr_MASTER_result\srv198\pc3_kit2_runs_produce_run_2026~_RST.APRQ_11_0692.6-85ddbca6c2-uy7m3to4_6d18d3b3,no_mas_sum,,,0,0,,
,c:\Users\USER\Desktop\CT&RPL\2_Project\KNF_LEU+ 시범연료봉 장전 인허가 과제\2026\2_계산\2_LP\LOW_Fr_MASTER_result\srv198\pc3_kit2_runs_produce_run_2026~_RST.APRQ_11_0692.6-8c18807869-u7ilz5ti_8bf16175,no_mas_sum,,,0,0,,
,c:\Users\USER\Desktop\CT&RPL\2_Project\KNF_LEU+ 시범연료봉 장전 인허가 과제\2026\2_계산\2_LP\LOW_Fr_MASTER_result\srv198\pc3_kit2_runs_produce_run_2026~_RST.APRQ_11_0692.6-9168d63035-g9zf4n9u_a89fdde7,no_mas_sum,,,0,0,,
,c:\Users\USER\Desktop\CT&RPL\2_Project\KNF_LEU+ 시범연료봉 장전 인허가 과제\2026\2_계산\2_LP\LOW_Fr_MASTER_result\srv198\pc3_kit2_runs_produce_run_2026~_RST.APRQ_11_0692.6-935586de1f-go7mq5cb_db6c673d,no_mas_sum,,,0,0,,
,c:\Users\USER\Desktop\CT&RPL\2_Project\KNF_LEU+ 시범연료봉 장전 인허가 과제\2026\2_계산\2_LP\LOW_Fr_MASTER_result\srv198\pc3_kit2_runs_produce_run_2026~_RST.APRQ_11_0692.6-93cb659d5c-82n31kz7_8aa5920e,no_mas_sum,,,0,0,,
,c:\Users\USER\Desktop\CT&RPL\2_Project\KNF_LEU+ 시범연료봉 장전 인허가 과제\2026\2_계산\2_LP\LOW_Fr_MASTER_result\srv198\pc3_kit2_runs_produce_run_2026~_RST.APRQ_11_0692.6-982a4b6ef7-3ttkjra4_9b919514,no_mas_sum,,,0,0,,
,c:\Users\USER\Desktop\CT&RPL\2_Project\KNF_LEU+ 시범연료봉 장전 인허가 과제\2026\2_계산\2_LP\LOW_Fr_MASTER_result\srv198\pc3_kit2_runs_produce_run_2026~_RST.APRQ_11_0692.6-9946856801-kxwm485g_e03507a2,no_mas_sum,,,0,0,,
,c:\Users\USER\Desktop\CT&RPL\2_Project\KNF_LEU+ 시범연료봉 장전 인허가 과제\2026\2_계산\2_LP\LOW_Fr_MASTER_result\srv198\pc3_kit2_runs_produce_run_2026~_RST.APRQ_11_0692.6-9cc8a70a60-v_ch8s8u_c796498e,no_mas_sum,,,0,0,,
,c:\Users\USER\Desktop\CT&RPL\2_Project\KNF_LEU+ 시범연료봉 장전 인허가 과제\2026\2_계산\2_LP\LOW_Fr_MASTER_result\srv198\pc3_kit2_runs_produce_run_2026~_RST.APRQ_11_0692.6-a846e52d1a-helrhuyl_ab8679da,no_mas_sum,,,0,0,,
,c:\Users\USER\Desktop\CT&RPL\2_Project\KNF_LEU+ 시범연료봉 장전 인허가 과제\2026\2_계산\2_LP\LOW_Fr_MASTER_result\srv198\pc3_kit2_runs_produce_run_2026~_RST.APRQ_11_0692.6-aae6e9078d-40u4p9ph_b0966498,no_mas_sum,,,0,0,,
,c:\Users\USER\Desktop\CT&RPL\2_Project\KNF_LEU+ 시범연료봉 장전 인허가 과제\2026\2_계산\2_LP\LOW_Fr_MASTER_result\srv198\pc3_kit2_runs_produce_run_2026~_RST.APRQ_11_0692.6-b5084d8208-wtztyr0n_fb0940d9,no_mas_sum,,,0,0,,
,c:\Users\USER\Desktop\CT&RPL\2_Project\KNF_LEU+ 시범연료봉 장전 인허가 과제\2026\2_계산\2_LP\LOW_Fr_MASTER_result\srv198\pc3_kit2_runs_produce_run_2026~_RST.APRQ_11_0692.6-b7ee5145f9-kxxuszzw_0c304113,no_mas_sum,,,0,0,,
,c:\Users\USER\Desktop\CT&RPL\2_Project\KNF_LEU+ 시범연료봉 장전 인허가 과제\2026\2_계산\2_LP\LOW_Fr_MASTER_result\srv198\pc3_kit2_runs_produce_run_2026~_RST.APRQ_11_0692.6-c327d72f86-htvhv29w_d2a589ae,no_mas_sum,,,0,0,,
,c:\Users\USER\Desktop\CT&RPL\2_Project\KNF_LEU+ 시범연료봉 장전 인허가 과제\2026\2_계산\2_LP\LOW_Fr_MASTER_result\srv198\pc3_kit2_runs_produce_run_2026~_RST.APRQ_11_0692.6-cc5928f5e0-di2sx_a9_5805c02e,no_mas_sum,,,0,0,,
,c:\Users\USER\Desktop\CT&RPL\2_Project\KNF_LEU+ 시범연료봉 장전 인허가 과제\2026\2_계산\2_LP\LOW_Fr_MASTER_result\srv198\pc3_kit2_runs_produce_run_2026~_RST.APRQ_11_0692.6-d275ef56d4-5mji9qao_be0f45a9,no_mas_sum,,,0,0,,
,c:\Users\USER\Desktop\CT&RPL\2_Project\KNF_LEU+ 시범연료봉 장전 인허가 과제\2026\2_계산\2_LP\LOW_Fr_MASTER_result\srv198\pc3_kit2_runs_produce_run_2026~_RST.APRQ_11_0692.6-d2d41175f9-q60elv2k_d9494d39,no_mas_sum,,,0,0,,
,c:\Users\USER\Desktop\CT&RPL\2_Project\KNF_LEU+ 시범연료봉 장전 인허가 과제\2026\2_계산\2_LP\LOW_Fr_MASTER_result\srv198\pc3_kit2_runs_produce_run_2026~_RST.APRQ_11_0692.6-de4c70c5e5-xlmwontz_ad738b0d,no_mas_sum,,,0,0,,
,c:\Users\USER\Desktop\CT&RPL\2_Project\KNF_LEU+ 시범연료봉 장전 인허가 과제\2026\2_계산\2_LP\LOW_Fr_MASTER_result\srv198\pc3_kit2_runs_produce_run_2026~_RST.APRQ_11_0692.6-e9ab24b5f0-q6eym2dp_f31020d4,no_mas_sum,,,0,0,,
,c:\Users\USER\Desktop\CT&RPL\2_Project\KNF_LEU+ 시범연료봉 장전 인허가 과제\2026\2_계산\2_LP\LOW_Fr_MASTER_result\srv198\pc3_kit2_runs_produce_run_2026~_RST.APRQ_11_0692.6-f31b4194ad-vdlv7se4_baf9357b,no_mas_sum,,,0,0,,
,c:\Users\USER\Desktop\CT&RPL\2_Project\KNF_LEU+ 시범연료봉 장전 인허가 과제\2026\2_계산\2_LP\LOW_Fr_MASTER_result\srv198\pc3_kit2_runs_produce_run_2026~_RST.APRQ_11_0692.6-fa180f67d9-xshvh5vs_f267482b,no_mas_sum,,,0,0,,
,c:\Users\USER\Desktop\CT&RPL\2_Project\KNF_LEU+ 시범연료봉 장전 인허가 과제\2026\2_계산\2_LP\LOW_Fr_MASTER_result\srv198\pc3_kit2_runs_produce_run_2026~_RST.APRQ_11_0692.6-ff3624e8ff-qv_5117r_a6f08a7e,no_mas_sum,,,0,0,,
,c:\Users\USER\Desktop\CT&RPL\2_Project\KNF_LEU+ 시범연료봉 장전 인허가 과제\2026\2_계산\2_LP\LOW_Fr_MASTER_result\srv198\pc3_kit2_runs_produce_run_2026~_RST.APRQ_11_0767.1-141c940c31-ymshyoa6_ac8b0495,no_mas_sum,,,0,0,,
,c:\Users\USER\Desktop\CT&RPL\2_Project\KNF_LEU+ 시범연료봉 장전 인허가 과제\2026\2_계산\2_LP\LOW_Fr_MASTER_result\srv198\pc3_kit2_runs_produce_run_2026~_RST.APRQ_11_0767.1-2022e03de3-o0m9l677_7148a5aa,no_mas_sum,,,0,0,,
,c:\Users\USER\Desktop\CT&RPL\2_Project\KNF_LEU+ 시범연료봉 장전 인허가 과제\2026\2_계산\2_LP\LOW_Fr_MASTER_result\srv198\pc3_kit2_runs_produce_run_2026~_RST.APRQ_11_0767.1-23f8cd64ef-0pia33o8_85649fd3,no_mas_sum,,,0,0,,
,c:\Users\USER\Desktop\CT&RPL\2_Project\KNF_LEU+ 시범연료봉 장전 인허가 과제\2026\2_계산\2_LP\LOW_Fr_MASTER_result\srv198\pc3_kit2_runs_produce_run_2026~_RST.APRQ_11_0767.1-24898e08c8-6vssslo2_ff642d22,no_mas_sum,,,0,0,,
,c:\Users\USER\Desktop\CT&RPL\2_Project\KNF_LEU+ 시범연료봉 장전 인허가 과제\2026\2_계산\2_LP\LOW_Fr_MASTER_result\srv198\pc3_kit2_runs_produce_run_2026~_RST.APRQ_11_0767.1-318d60d9db-j6tuu1y3_c43dd1e4,no_mas_sum,,,0,0,,
,c:\Users\USER\Desktop\CT&RPL\2_Project\KNF_LEU+ 시범연료봉 장전 인허가 과제\2026\2_계산\2_LP\LOW_Fr_MASTER_result\srv198\pc3_kit2_runs_produce_run_2026~_RST.APRQ_11_0767.1-357808b637-fntqt9z9_b895950e,no_mas_sum,,,0,0,,
,c:\Users\USER\Desktop\CT&RPL\2_Project\KNF_LEU+ 시범연료봉 장전 인허가 과제\2026\2_계산\2_LP\LOW_Fr_MASTER_result\srv198\pc3_kit2_runs_produce_run_2026~_RST.APRQ_11_0767.1-35fdcb5fa0-nihygj1y_f6ec878b,no_mas_sum,,,0,0,,
,c:\Users\USER\Desktop\CT&RPL\2_Project\KNF_LEU+ 시범연료봉 장전 인허가 과제\2026\2_계산\2_LP\LOW_Fr_MASTER_result\srv198\pc3_kit2_runs_produce_run_2026~_RST.APRQ_11_0767.1-3a4adf60c4-0o018_yj_18fa04bf,no_mas_sum,,,0,0,,
,c:\Users\USER\Desktop\CT&RPL\2_Project\KNF_LEU+ 시범연료봉 장전 인허가 과제\2026\2_계산\2_LP\LOW_Fr_MASTER_result\srv198\pc3_kit2_runs_produce_run_2026~_RST.APRQ_11_0767.1-4c0ffee640-7j6d7_2f_582dbf6c,no_mas_sum,,,0,0,,
,c:\Users\USER\Desktop\CT&RPL\2_Project\KNF_LEU+ 시범연료봉 장전 인허가 과제\2026\2_계산\2_LP\LOW_Fr_MASTER_result\srv198\pc3_kit2_runs_produce_run_2026~_RST.APRQ_11_0767.1-62153ba6a0-ojw0rf5g_870eec1e,no_mas_sum,,,0,0,,
,c:\Users\USER\Desktop\CT&RPL\2_Project\KNF_LEU+ 시범연료봉 장전 인허가 과제\2026\2_계산\2_LP\LOW_Fr_MASTER_result\srv198\pc3_kit2_runs_produce_run_2026~_RST.APRQ_11_0767.1-6841722d9c-zaox6bov_2c64d058,no_mas_sum,,,0,0,,
,c:\Users\USER\Desktop\CT&RPL\2_Project\KNF_LEU+ 시범연료봉 장전 인허가 과제\2026\2_계산\2_LP\LOW_Fr_MASTER_result\srv198\pc3_kit2_runs_produce_run_2026~_RST.APRQ_11_0767.1-690fe0b690-efzzuhfj_75cb6fdb,no_mas_sum,,,0,0,,
,c:\Users\USER\Desktop\CT&RPL\2_Project\KNF_LEU+ 시범연료봉 장전 인허가 과제\2026\2_계산\2_LP\LOW_Fr_MASTER_result\srv198\pc3_kit2_runs_produce_run_2026~_RST.APRQ_11_0767.1-6cc99c1e77-8pv9w_bi_b23fdd95,no_mas_sum,,,0,0,,
,c:\Users\USER\Desktop\CT&RPL\2_Project\KNF_LEU+ 시범연료봉 장전 인허가 과제\2026\2_계산\2_LP\LOW_Fr_MASTER_result\srv198\pc3_kit2_runs_produce_run_2026~_RST.APRQ_11_0767.1-83072433fb-cekr6q3e_ab31adf4,no_mas_sum,,,0,0,,
,c:\Users\USER\Desktop\CT&RPL\2_Project\KNF_LEU+ 시범연료봉 장전 인허가 과제\2026\2_계산\2_LP\LOW_Fr_MASTER_result\srv198\pc3_kit2_runs_produce_run_2026~_RST.APRQ_11_0767.1-87830a643b-8un93ibs_2bbb4b66,no_mas_sum,,,0,0,,
,c:\Users\USER\Desktop\CT&RPL\2_Project\KNF_LEU+ 시범연료봉 장전 인허가 과제\2026\2_계산\2_LP\LOW_Fr_MASTER_result\srv198\pc3_kit2_runs_produce_run_2026~_RST.APRQ_11_0767.1-89d8ccc3fe-0g55djne_c9605f9a,no_mas_sum,,,0,0,,
,c:\Users\USER\Desktop\CT&RPL\2_Project\KNF_LEU+ 시범연료봉 장전 인허가 과제\2026\2_계산\2_LP\LOW_Fr_MASTER_result\srv198\pc3_kit2_runs_produce_run_2026~_RST.APRQ_11_0767.1-98bcb41497-o_7wfifx_46c4f840,no_mas_sum,,,0,0,,
,c:\Users\USER\Desktop\CT&RPL\2_Project\KNF_LEU+ 시범연료봉 장전 인허가 과제\2026\2_계산\2_LP\LOW_Fr_MASTER_result\srv198\pc3_kit2_runs_produce_run_2026~_RST.APRQ_11_0767.1-9eeafc527c-yabocqp0_92806100,no_mas_sum,,,0,0,,
,c:\Users\USER\Desktop\CT&RPL\2_Project\KNF_LEU+ 시범연료봉 장전 인허가 과제\2026\2_계산\2_LP\LOW_Fr_MASTER_result\srv198\pc3_kit2_runs_produce_run_2026~_RST.APRQ_11_0767.1-a31b57b82e-89mpirje_f88204e3,no_mas_sum,,,0,0,,
,c:\Users\USER\Desktop\CT&RPL\2_Project\KNF_LEU+ 시범연료봉 장전 인허가 과제\2026\2_계산\2_LP\LOW_Fr_MASTER_result\srv198\pc3_kit2_runs_produce_run_2026~_RST.APRQ_11_0767.1-a99b75527d-ednlk64q_0ae8bdd3,no_mas_sum,,,0,0,,
,c:\Users\USER\Desktop\CT&RPL\2_Project\KNF_LEU+ 시범연료봉 장전 인허가 과제\2026\2_계산\2_LP\LOW_Fr_MASTER_result\srv198\pc3_kit2_runs_produce_run_2026~_RST.APRQ_11_0767.1-c0c8d970af-hfk0q863_6a0013ac,no_mas_sum,,,0,0,,
,c:\Users\USER\Desktop\CT&RPL\2_Project\KNF_LEU+ 시범연료봉 장전 인허가 과제\2026\2_계산\2_LP\LOW_Fr_MASTER_result\srv198\pc3_kit2_runs_produce_run_2026~_RST.APRQ_11_0767.1-c147531789-7bvzplol_720a6611,no_mas_sum,,,0,0,,
,c:\Users\USER\Desktop\CT&RPL\2_Project\KNF_LEU+ 시범연료봉 장전 인허가 과제\2026\2_계산\2_LP\LOW_Fr_MASTER_result\srv198\pc3_kit2_runs_produce_run_2026~_RST.APRQ_11_0767.1-cbf2f0b46c-c_o6f588_22d5a4fd,no_mas_sum,,,0,0,,
,c:\Users\USER\Desktop\CT&RPL\2_Project\KNF_LEU+ 시범연료봉 장전 인허가 과제\2026\2_계산\2_LP\LOW_Fr_MASTER_result\srv198\pc3_kit2_runs_produce_run_2026~_RST.APRQ_11_0767.1-da42d15735-rqgr64fm_bb4941b6,no_mas_sum,,,0,0,,
,c:\Users\USER\Desktop\CT&RPL\2_Project\KNF_LEU+ 시범연료봉 장전 인허가 과제\2026\2_계산\2_LP\LOW_Fr_MASTER_result\srv198\pc3_kit2_runs_produce_run_2026~_RST.APRQ_11_0767.1-e90b04e813-up3amz3m_bc03529a,no_mas_sum,,,0,0,,
,c:\Users\USER\Desktop\CT&RPL\2_Project\KNF_LEU+ 시범연료봉 장전 인허가 과제\2026\2_계산\2_LP\LOW_Fr_MASTER_result\srv198\pc3_kit2_runs_produce_run_2026~_RST.APRQ_11_0767.1-f45ee078e7-tg5hqpxm_b168af78,no_mas_sum,,,0,0,,
,c:\Users\USER\Desktop\CT&RPL\2_Project\KNF_LEU+ 시범연료봉 장전 인허가 과제\2026\2_계산\2_LP\LOW_Fr_MASTER_result\srv198\pc3_kit2_runs_produce_run_2026~_RST.APRQ_11_0767.1-fb93fc9c2a-o4takexq_9da14c63,no_mas_sum,,,0,0,,
,c:\Users\USER\Desktop\CT&RPL\2_Project\KNF_LEU+ 시범연료봉 장전 인허가 과제\2026\2_계산\2_LP\LOW_Fr_MASTER_result\srv198\pc3_kit2_runs_produce_run_2026~S_RST.APRQ_11_0615.8-3c90e1c0dc-nm_b_iw_919e63f9,no_mas_sum,,,0,0,,
,c:\Users\USER\Desktop\CT&RPL\2_Project\KNF_LEU+ 시범연료봉 장전 인허가 과제\2026\2_계산\2_LP\LOW_Fr_MASTER_result\srv198\pc3_kit2_runs_produce_run_2026~S_RST.APRQ_11_0615.8-a1af829df4-unf68iq_7207dd3d,no_mas_sum,,,0,0,,
,c:\Users\USER\Desktop\CT&RPL\2_Project\KNF_LEU+ 시범연료봉 장전 인허가 과제\2026\2_계산\2_LP\LOW_Fr_MASTER_result\srv198\pc3_kit2_runs_produce_run_2026~S_RST.APRQ_11_0688.2-1200afab77-h_r79ou_9f356435,no_mas_sum,,,0,0,,
,c:\Users\USER\Desktop\CT&RPL\2_Project\KNF_LEU+ 시범연료봉 장전 인허가 과제\2026\2_계산\2_LP\LOW_Fr_MASTER_result\srv198\pc3_kit2_runs_produce_run_2026~S_RST.APRQ_11_0688.2-5d7259baa9-3h_kngj_0f8c8aa7,no_mas_sum,,,0,0,,
,c:\Users\USER\Desktop\CT&RPL\2_Project\KNF_LEU+ 시범연료봉 장전 인허가 과제\2026\2_계산\2_LP\LOW_Fr_MASTER_result\srv198\pc3_kit2_runs_produce_run_2026~S_RST.APRQ_11_0692.6-fc045cd798-whxzejw_de362bca,no_mas_sum,,,0,0,,
