digest16,work_dir,cycle_evidence,f_xy,f_xya,n_steps,sane,reason,efpd_max,key_source
,..\2_LP\LOW_Fr_MASTER_result\local_3GA\runs_adaptive_one_case_2026071~-boc_hzp_full-0c5dbfceab87964b-zmuoxkta_dc103c0c,no_digest,,,0,0,,,
,..\2_LP\LOW_Fr_MASTER_result\local_3GA\runs_adaptive_one_case_2026071~227_safety_0c5dbfceab87964b_equilibrium_9edd5f37\full_cy02,superseded,,,0,0,,,
,..\2_LP\LOW_Fr_MASTER_result\local_3GA\runs_adaptive_one_case_2026071~227_safety_0c5dbfceab87964b_equilibrium_9edd5f37\full_cy03,superseded,,,0,0,,,
,..\2_LP\LOW_Fr_MASTER_result\local_3GA\runs_adaptive_one_case_2026071~227_safety_0c5dbfceab87964b_equilibrium_9edd5f37\full_cy04,chain:cy04/4,1.6378,1.4992,27,1,,643.273,
0c5dbfceab87964b,..\2_LP\LOW_Fr_MASTER_result\local_3GA\runs_adaptive_one_case_2026071~227_safety_0c5dbfceab87964b_equilibrium_9edd5f37\quarter_cy99,superseded,,,0,0,,,deck
,..\2_LP\LOW_Fr_MASTER_result\local_3GA\runs_adaptive_one_case_2026071~c_hzp_quarter-0c5dbfceab87964b-4k0ghm6a_64e6b878,no_digest,,,0,0,,,
,..\2_LP\LOW_Fr_MASTER_result\local_3GA\runs_all_cases_multiobjective_~20260711_141611_safety_shared_full_seed_b80340a7\full_cy01,chain:cy01/1,3.2439,2.93,39,0,above_ceiling,1047.53,
,..\2_LP\LOW_Fr_MASTER_result\local_3GA\runs_all_cases_multiobjective_~611_safety_1e05f969a4b3aa6b_equilibrium_932cba60\full_cy02,chain:cy02/2,,,0,0,no_fxyp,,
1e05f969a4b3aa6b,..\2_LP\LOW_Fr_MASTER_result\local_3GA\runs_all_cases_multiobjective_~611_safety_1e05f969a4b3aa6b_equilibrium_932cba60\quarter_cy99,superseded,,,0,0,,,deck
,..\2_LP\LOW_Fr_MASTER_result\local_3GA\runs_all_cases_multiobjective_~611_safety_68231ebf04308421_equilibrium_7d3cee41\full_cy02,chain:cy02/2,,,0,0,no_fxyp,,
68231ebf04308421,..\2_LP\LOW_Fr_MASTER_result\local_3GA\runs_all_cases_multiobjective_~611_safety_68231ebf04308421_equilibrium_7d3cee41\quarter_cy99,superseded,,,0,0,,,deck
,..\2_LP\LOW_Fr_MASTER_result\local_3GA\runs_all_cases_multiobjective_~611_safety_7bc9c2e1168f6584_equilibrium_49076fb4\full_cy02,chain:cy02/2,,,0,0,no_fxyp,,
7bc9c2e1168f6584,..\2_LP\LOW_Fr_MASTER_result\local_3GA\runs_all_cases_multiobjective_~611_safety_7bc9c2e1168f6584_equilibrium_49076fb4\quarter_cy99,superseded,,,0,0,,,deck
,..\2_LP\LOW_Fr_MASTER_result\local_3GA\runs_all_cases_multiobjective_~611_safety_8884d3cc05ea4c17_equilibrium_fb36bf49\full_cy02,chain:cy02/2,,,0,0,no_fxyp,,
8884d3cc05ea4c17,..\2_LP\LOW_Fr_MASTER_result\local_3GA\runs_all_cases_multiobjective_~611_safety_8884d3cc05ea4c17_equilibrium_fb36bf49\quarter_cy99,superseded,,,0,0,,,deck
,..\2_LP\LOW_Fr_MASTER_result\local_3GA\runs_all_cases_multiobjective_~611_safety_9585822a5911e432_equilibrium_98367dbf\full_cy02,chain:cy02/2,,,0,0,no_fxyp,,
9585822a5911e432,..\2_LP\LOW_Fr_MASTER_result\local_3GA\runs_all_cases_multiobjective_~611_safety_9585822a5911e432_equilibrium_98367dbf\quarter_cy99,superseded,,,0,0,,,deck
,..\2_LP\LOW_Fr_MASTER_result\local_3GA\runs_all_cases_multiobjective_~611_safety_9b5f89a428159bd2_equilibrium_e7bc3b4d\full_cy02,chain:cy02/2,,,0,0,no_fxyp,,
9b5f89a428159bd2,..\2_LP\LOW_Fr_MASTER_result\local_3GA\runs_all_cases_multiobjective_~611_safety_9b5f89a428159bd2_equilibrium_e7bc3b4d\quarter_cy99,superseded,,,0,0,,,deck
,..\2_LP\LOW_Fr_MASTER_result\local_3GA\runs_all_cases_multiobjective_~611_safety_ce6fa5992584535e_equilibrium_55e71c9b\full_cy02,chain:cy02/2,,,0,0,no_fxyp,,
ce6fa5992584535e,..\2_LP\LOW_Fr_MASTER_result\local_3GA\runs_all_cases_multiobjective_~611_safety_ce6fa5992584535e_equilibrium_55e71c9b\quarter_cy99,superseded,,,0,0,,,deck
,..\2_LP\LOW_Fr_MASTER_result\local_3GA\runs_all_cases_multiobjective_~611_safety_d7172b6537856d68_equilibrium_9de95fde\full_cy02,chain:cy02/2,,,0,0,no_fxyp,,
d7172b6537856d68,..\2_LP\LOW_Fr_MASTER_result\local_3GA\runs_all_cases_multiobjective_~611_safety_d7172b6537856d68_equilibrium_9de95fde\quarter_cy99,superseded,,,0,0,,,deck
,..\2_LP\LOW_Fr_MASTER_result\local_3GA\runs_all_cases_multiobjective_~611_safety_de72bbac3acc4322_equilibrium_237b6c1b\full_cy02,chain:cy02/2,,,0,0,no_fxyp,,
de72bbac3acc4322,..\2_LP\LOW_Fr_MASTER_result\local_3GA\runs_all_cases_multiobjective_~611_safety_de72bbac3acc4322_equilibrium_237b6c1b\quarter_cy99,superseded,,,0,0,,,deck
05375b2c49884f4f,..\2_LP\LOW_Fr_MASTER_result\local_3GA\runs_all_cases_multiobjective_~ker_02_cpu_10_eval_001_05375b2c49884f4f_f9265048,manifest:final_cycle_only,1.6277,1.488,29,1,,691.797,deck
0a4d982cf7e822ae,..\2_LP\LOW_Fr_MASTER_result\local_3GA\runs_all_cases_multiobjective_~ker_02_cpu_10_eval_001_0a4d982cf7e822ae_5b7b67ab,manifest:final_cycle_only,1.7248,1.5233,26,1,,625.625,deck
0a4d982cf7e822ae,..\2_LP\LOW_Fr_MASTER_result\local_3GA\runs_all_cases_multiobjective_~ker_02_cpu_10_eval_001_0a4d982cf7e822ae_eff20b1a,manifest:final_cycle_only,1.7248,1.5233,26,1,,625.625,deck
11f044097191dd40,..\2_LP\LOW_Fr_MASTER_result\local_3GA\runs_all_cases_multiobjective_~ker_02_cpu_10_eval_001_11f044097191dd40_20b18698,manifest:final_cycle_only,1.6289,1.4796,29,1,,697.845,deck
12066847a5255b37,..\2_LP\LOW_Fr_MASTER_result\local_3GA\runs_all_cases_multiobjective_~ker_02_cpu_10_eval_001_12066847a5255b37_368ec676,manifest:final_cycle_only,1.6279,1.4711,28,1,,689.928,deck
149a03b1093734db,..\2_LP\LOW_Fr_MASTER_result\local_3GA\runs_all_cases_multiobjective_~ker_02_cpu_10_eval_001_149a03b1093734db_699d3350,manifest:final_cycle_only,1.641,1.4581,28,1,,682.994,deck
1d506e36c0ad4db8,..\2_LP\LOW_Fr_MASTER_result\local_3GA\runs_all_cases_multiobjective_~ker_02_cpu_10_eval_001_1d506e36c0ad4db8_04a4117e,manifest:final_cycle_only,1.6287,1.4557,28,1,,668.879,deck
1df10fbfe291b206,..\2_LP\LOW_Fr_MASTER_result\local_3GA\runs_all_cases_multiobjective_~ker_02_cpu_10_eval_001_1df10fbfe291b206_0ddc27d6,manifest:final_cycle_only,1.6856,1.5057,27,1,,630.772,deck
1df10fbfe291b206,..\2_LP\LOW_Fr_MASTER_result\local_3GA\runs_all_cases_multiobjective_~ker_02_cpu_10_eval_001_1df10fbfe291b206_2b839668,manifest:final_cycle_only,1.6856,1.5057,27,1,,630.772,deck
4efb560dcfe2adf2,..\2_LP\LOW_Fr_MASTER_result\local_3GA\runs_all_cases_multiobjective_~ker_02_cpu_10_eval_001_4efb560dcfe2adf2_f9c693c9,manifest:final_cycle_only,1.6667,1.5029,27,1,,640.53,deck
5173d1d93a67765d,..\2_LP\LOW_Fr_MASTER_result\local_3GA\runs_all_cases_multiobjective_~ker_02_cpu_10_eval_001_5173d1d93a67765d_99c4c917,manifest:final_cycle_only,1.6232,1.4664,28,1,,681.053,deck
64d74170ed63b74d,..\2_LP\LOW_Fr_MASTER_result\local_3GA\runs_all_cases_multiobjective_~ker_02_cpu_10_eval_001_64d74170ed63b74d_d35b8665,manifest:final_cycle_only,1.5986,1.4575,27,1,,648.797,deck
6f8d799c248b8c17,..\2_LP\LOW_Fr_MASTER_result\local_3GA\runs_all_cases_multiobjective_~ker_02_cpu_10_eval_001_6f8d799c248b8c17_edb97fe3,manifest:final_cycle_only,1.6489,1.4934,28,1,,665.889,deck
7d3c9c2247ba106b,..\2_LP\LOW_Fr_MASTER_result\local_3GA\runs_all_cases_multiobjective_~ker_02_cpu_10_eval_001_7d3c9c2247ba106b_97271fe8,manifest:final_cycle_only,1.7641,1.6017,27,1,,634.958,deck
91e1359a59aafe87,..\2_LP\LOW_Fr_MASTER_result\local_3GA\runs_all_cases_multiobjective_~ker_02_cpu_10_eval_001_91e1359a59aafe87_f5c4cd87,manifest:final_cycle_only,1.6587,1.5095,27,1,,640.756,deck
9585822a5911e432,..\2_LP\LOW_Fr_MASTER_result\local_3GA\runs_all_cases_multiobjective_~ker_02_cpu_10_eval_001_9585822a5911e432_aa7b19f5,manifest:final_cycle_only,1.6527,1.4924,26,1,,626.615,deck
bb397ae2dd02c7cb,..\2_LP\LOW_Fr_MASTER_result\local_3GA\runs_all_cases_multiobjective_~ker_02_cpu_10_eval_001_bb397ae2dd02c7cb_93bc4121,manifest:final_cycle_only,1.6355,1.475,27,1,,642.175,deck
bd5dd3aae9f25817,..\2_LP\LOW_Fr_MASTER_result\local_3GA\runs_all_cases_multiobjective_~ker_02_cpu_10_eval_001_bd5dd3aae9f25817_b0c637f5,manifest:final_cycle_only,1.6601,1.5127,27,1,,632.932,deck
c894ccf5fb4ce5d8,..\2_LP\LOW_Fr_MASTER_result\local_3GA\runs_all_cases_multiobjective_~ker_02_cpu_10_eval_001_c894ccf5fb4ce5d8_627b8eb4,manifest:final_cycle_only,1.6254,1.4627,28,1,,683.136,deck
d4c714752dcf1a48,..\2_LP\LOW_Fr_MASTER_result\local_3GA\runs_all_cases_multiobjective_~ker_02_cpu_10_eval_001_d4c714752dcf1a48_d9d85692,manifest:final_cycle_only,1.6614,1.4819,27,1,,642.113,deck
da6cb7e768056731,..\2_LP\LOW_Fr_MASTER_result\local_3GA\runs_all_cases_multiobjective_~ker_02_cpu_10_eval_001_da6cb7e768056731_50345ec9,manifest:final_cycle_only,1.6268,1.4706,27,1,,656.607,deck
fc56335ecf9c024e,..\2_LP\LOW_Fr_MASTER_result\local_3GA\runs_all_cases_multiobjective_~ker_02_cpu_10_eval_001_fc56335ecf9c024e_ce39db2a,manifest:final_cycle_only,1.6095,1.4678,28,1,,668.794,deck
1f63eb4fb81a52ac,..\2_LP\LOW_Fr_MASTER_result\local_3GA\runs_all_cases_multiobjective_~ker_03_cpu_11_eval_001_1f63eb4fb81a52ac_b9e7d521,manifest:final_cycle_only,1.6573,1.5,27,1,,635.902,deck
1ffa5dcea406616d,..\2_LP\LOW_Fr_MASTER_result\local_3GA\runs_all_cases_multiobjective_~ker_03_cpu_11_eval_001_1ffa5dcea406616d_da588ee5,manifest:final_cycle_only,1.6598,1.4867,27,1,,632.572,deck
1ffa5dcea406616d,..\2_LP\LOW_Fr_MASTER_result\local_3GA\runs_all_cases_multiobjective_~ker_03_cpu_11_eval_001_1ffa5dcea406616d_ebf6a2c1,manifest:final_cycle_only,1.6598,1.4867,27,1,,632.572,deck
325cbb246c330415,..\2_LP\LOW_Fr_MASTER_result\local_3GA\runs_all_cases_multiobjective_~ker_03_cpu_11_eval_001_325cbb246c330415_c08f91f8,manifest:final_cycle_only,1.6088,1.452,28,1,,665.218,deck
3429b0420db59409,..\2_LP\LOW_Fr_MASTER_result\local_3GA\runs_all_cases_multiobjective_~ker_03_cpu_11_eval_001_3429b0420db59409_ef58b417,manifest:final_cycle_only,1.619,1.4705,29,1,,696.633,deck
3ce83d0819bb2673,..\2_LP\LOW_Fr_MASTER_result\local_3GA\runs_all_cases_multiobjective_~ker_03_cpu_11_eval_001_3ce83d0819bb2673_9536ea5d,manifest:final_cycle_only,1.5987,1.4614,27,1,,658.51,deck
4c231bbcdf7e6069,..\2_LP\LOW_Fr_MASTER_result\local_3GA\runs_all_cases_multiobjective_~ker_03_cpu_11_eval_001_4c231bbcdf7e6069_7ec805b5,manifest:final_cycle_only,1.6066,1.4778,27,1,,648.093,deck
4e71b6d53bba1e45,..\2_LP\LOW_Fr_MASTER_result\local_3GA\runs_all_cases_multiobjective_~ker_03_cpu_11_eval_001_4e71b6d53bba1e45_fe2cc883,manifest:final_cycle_only,1.6292,1.4545,28,1,,668.675,deck
61ab1837aaf647fb,..\2_LP\LOW_Fr_MASTER_result\local_3GA\runs_all_cases_multiobjective_~ker_03_cpu_11_eval_001_61ab1837aaf647fb_a9cb8bdb,manifest:final_cycle_only,1.6304,1.4732,28,1,,680.219,deck
709a6275a9e7188f,..\2_LP\LOW_Fr_MASTER_result\local_3GA\runs_all_cases_multiobjective_~ker_03_cpu_11_eval_001_709a6275a9e7188f_617b6243,manifest:final_cycle_only,1.6172,1.4847,28,1,,688.895,deck
7bc9c2e1168f6584,..\2_LP\LOW_Fr_MASTER_result\local_3GA\runs_all_cases_multiobjective_~ker_03_cpu_11_eval_001_7bc9c2e1168f6584_3768652e,manifest:final_cycle_only,1.6319,1.4797,26,1,,626.096,deck
a30856ae91bdf961,..\2_LP\LOW_Fr_MASTER_result\local_3GA\runs_all_cases_multiobjective_~ker_03_cpu_11_eval_001_a30856ae91bdf961_baabe46c,manifest:final_cycle_only,1.6346,1.4629,27,1,,643.211,deck
a34b3b61e6110a86,..\2_LP\LOW_Fr_MASTER_result\local_3GA\runs_all_cases_multiobjective_~ker_03_cpu_11_eval_001_a34b3b61e6110a86_7598c7c2,manifest:final_cycle_only,1.6281,1.465,28,1,,682.46,deck
c3e6fd040e1f6e68,..\2_LP\LOW_Fr_MASTER_result\local_3GA\runs_all_cases_multiobjective_~ker_03_cpu_11_eval_001_c3e6fd040e1f6e68_5df07081,manifest:final_cycle_only,1.6833,1.4824,27,1,,640.62,deck
cd88c63f65bf926b,..\2_LP\LOW_Fr_MASTER_result\local_3GA\runs_all_cases_multiobjective_~ker_03_cpu_11_eval_001_cd88c63f65bf926b_4798eb9f,manifest:final_cycle_only,1.6295,1.4698,28,1,,685.064,deck
dcf3e8dc95091f64,..\2_LP\LOW_Fr_MASTER_result\local_3GA\runs_all_cases_multiobjective_~ker_03_cpu_11_eval_001_dcf3e8dc95091f64_bce11f9c,manifest:final_cycle_only,1.6151,1.4707,29,1,,692.999,deck
e3a33abb3d7620c3,..\2_LP\LOW_Fr_MASTER_result\local_3GA\runs_all_cases_multiobjective_~ker_03_cpu_11_eval_001_e3a33abb3d7620c3_c523664d,manifest:final_cycle_only,1.6169,1.4775,27,1,,654.763,deck
e3b3286ad0760897,..\2_LP\LOW_Fr_MASTER_result\local_3GA\runs_all_cases_multiobjective_~ker_03_cpu_11_eval_001_e3b3286ad0760897_ed641bf7,manifest:final_cycle_only,1.6475,1.5044,26,1,,627.732,deck
e425049a743d430a,..\2_LP\LOW_Fr_MASTER_result\local_3GA\runs_all_cases_multiobjective_~ker_03_cpu_11_eval_001_e425049a743d430a_7d409ddc,manifest:final_cycle_only,1.6107,1.4524,28,1,,671.132,deck
e5dee2cd0fe1763d,..\2_LP\LOW_Fr_MASTER_result\local_3GA\runs_all_cases_multiobjective_~ker_03_cpu_11_eval_001_e5dee2cd0fe1763d_63f51feb,manifest:final_cycle_only,1.7031,1.4948,26,1,,623.68,deck
e5dee2cd0fe1763d,..\2_LP\LOW_Fr_MASTER_result\local_3GA\runs_all_cases_multiobjective_~ker_03_cpu_11_eval_001_e5dee2cd0fe1763d_b4373775,manifest:final_cycle_only,1.7031,1.4948,26,1,,623.68,deck
f388f5b98e379568,..\2_LP\LOW_Fr_MASTER_result\local_3GA\runs_all_cases_multiobjective_~ker_03_cpu_11_eval_001_f388f5b98e379568_663c0afe,manifest:final_cycle_only,1.6292,1.5028,27,1,,647.972,deck
fc3a6c717977cf2a,..\2_LP\LOW_Fr_MASTER_result\local_3GA\runs_all_cases_multiobjective_~ker_03_cpu_11_eval_001_fc3a6c717977cf2a_82705352,manifest:final_cycle_only,1.6209,1.4538,27,1,,642.974,deck
167f10f8c0458c12,..\2_LP\LOW_Fr_MASTER_result\local_3GA\runs_all_cases_multiobjective_~ker_04_cpu_12_eval_001_167f10f8c0458c12_9a04cef6,manifest:final_cycle_only,1.6061,1.4625,27,1,,642.601,deck
17fa9543d8695a8c,..\2_LP\LOW_Fr_MASTER_result\local_3GA\runs_all_cases_multiobjective_~ker_04_cpu_12_eval_001_17fa9543d8695a8c_4a95d7ac,manifest:final_cycle_only,1.6379,1.4599,27,1,,641.665,deck
1d9d9bf4d4bbc359,..\2_LP\LOW_Fr_MASTER_result\local_3GA\runs_all_cases_multiobjective_~ker_04_cpu_12_eval_001_1d9d9bf4d4bbc359_eb2ffddf,manifest:final_cycle_only,1.7613,1.5726,27,1,,642.818,deck
1e05f969a4b3aa6b,..\2_LP\LOW_Fr_MASTER_result\local_3GA\runs_all_cases_multiobjective_~ker_04_cpu_12_eval_001_1e05f969a4b3aa6b_6b33353b,manifest:final_cycle_only,1.6296,1.4778,26,1,,626.05,deck
263bc3db2aeac5b8,..\2_LP\LOW_Fr_MASTER_result\local_3GA\runs_all_cases_multiobjective_~ker_04_cpu_12_eval_001_263bc3db2aeac5b8_fc705aab,manifest:final_cycle_only,1.6286,1.4831,28,1,,664.705,deck
5e9988130ae8c32b,..\2_LP\LOW_Fr_MASTER_result\local_3GA\runs_all_cases_multiobjective_~ker_04_cpu_12_eval_001_5e9988130ae8c32b_3a66406a,manifest:final_cycle_only,1.6744,1.5188,28,1,,688.809,deck
61e4b65691fdf83c,..\2_LP\LOW_Fr_MASTER_result\local_3GA\runs_all_cases_multiobjective_~ker_04_cpu_12_eval_001_61e4b65691fdf83c_ccb104b1,manifest:final_cycle_only,1.621,1.4585,28,1,,685,deck
81532dba6732e794,..\2_LP\LOW_Fr_MASTER_result\local_3GA\runs_all_cases_multiobjective_~ker_04_cpu_12_eval_001_81532dba6732e794_0f449e87,manifest:final_cycle_only,1.7667,1.5507,26,1,,628.488,deck
824b3d833893aec1,..\2_LP\LOW_Fr_MASTER_result\local_3GA\runs_all_cases_multiobjective_~ker_04_cpu_12_eval_001_824b3d833893aec1_9a8ac59f,manifest:final_cycle_only,1.6355,1.4579,27,1,,650.171,deck
8c5317ab73a47aff,..\2_LP\LOW_Fr_MASTER_result\local_3GA\runs_all_cases_multiobjective_~ker_04_cpu_12_eval_001_8c5317ab73a47aff_83c40044,manifest:final_cycle_only,1.6178,1.4616,27,1,,655.46,deck
9dc37b16ba3faa35,..\2_LP\LOW_Fr_MASTER_result\local_3GA\runs_all_cases_multiobjective_~ker_04_cpu_12_eval_001_9dc37b16ba3faa35_c925c13e,manifest:final_cycle_only,1.6105,1.4558,27,1,,631.786,deck
9e18f99c4cf3472c,..\2_LP\LOW_Fr_MASTER_result\local_3GA\runs_all_cases_multiobjective_~ker_04_cpu_12_eval_001_9e18f99c4cf3472c_cea84796,manifest:final_cycle_only,1.6799,1.5124,26,1,,627.461,deck
9e18f99c4cf3472c,..\2_LP\LOW_Fr_MASTER_result\local_3GA\runs_all_cases_multiobjective_~ker_04_cpu_12_eval_001_9e18f99c4cf3472c_e7acb1d2,manifest:final_cycle_only,1.6799,1.5124,26,1,,627.461,deck
a640747d45fc7cf1,..\2_LP\LOW_Fr_MASTER_result\local_3GA\runs_all_cases_multiobjective_~ker_04_cpu_12_eval_001_a640747d45fc7cf1_fe8cd461,manifest:final_cycle_only,1.6168,1.4516,29,1,,692.87,deck
a694d6511137e125,..\2_LP\LOW_Fr_MASTER_result\local_3GA\runs_all_cases_multiobjective_~ker_04_cpu_12_eval_001_a694d6511137e125_e6230b20,manifest:final_cycle_only,1.6014,1.4646,28,1,,680.823,deck
b789631c88e9699c,..\2_LP\LOW_Fr_MASTER_result\local_3GA\runs_all_cases_multiobjective_~ker_04_cpu_12_eval_001_b789631c88e9699c_3a0f819d,manifest:final_cycle_only,1.6531,1.4594,28,1,,682.622,deck
d3396e07d169c987,..\2_LP\LOW_Fr_MASTER_result\local_3GA\runs_all_cases_multiobjective_~ker_04_cpu_12_eval_001_d3396e07d169c987_5c3f1380,manifest:final_cycle_only,1.6124,1.4507,27,1,,632.502,deck
d3396e07d169c987,..\2_LP\LOW_Fr_MASTER_result\local_3GA\runs_all_cases_multiobjective_~ker_04_cpu_12_eval_001_d3396e07d169c987_918e4f89,manifest:final_cycle_only,1.6124,1.4507,27,1,,632.502,deck
d95be2770375794c,..\2_LP\LOW_Fr_MASTER_result\local_3GA\runs_all_cases_multiobjective_~ker_04_cpu_12_eval_001_d95be2770375794c_452da9e3,manifest:final_cycle_only,1.6281,1.4784,29,1,,696.623,deck
dd101dc9e94095b9,..\2_LP\LOW_Fr_MASTER_result\local_3GA\runs_all_cases_multiobjective_~ker_04_cpu_12_eval_001_dd101dc9e94095b9_ce120f0f,manifest:final_cycle_only,1.6351,1.4974,27,1,,658.529,deck
ec339c2e948eb4b8,..\2_LP\LOW_Fr_MASTER_result\local_3GA\runs_all_cases_multiobjective_~ker_04_cpu_12_eval_001_ec339c2e948eb4b8_b69466e8,manifest:final_cycle_only,1.6163,1.4761,27,1,,639.041,deck
f127bd19bd04c7a2,..\2_LP\LOW_Fr_MASTER_result\local_3GA\runs_all_cases_multiobjective_~ker_04_cpu_12_eval_001_f127bd19bd04c7a2_001be3bc,manifest:final_cycle_only,1.6354,1.4724,28,1,,663.952,deck
f84c3855a5bfed32,..\2_LP\LOW_Fr_MASTER_result\local_3GA\runs_all_cases_multiobjective_~ker_04_cpu_12_eval_001_f84c3855a5bfed32_7ce257db,manifest:final_cycle_only,1.6065,1.4752,28,1,,668.65,deck
21d08e8b82228a91,..\2_LP\LOW_Fr_MASTER_result\local_3GA\runs_all_cases_multiobjective_~ker_05_cpu_13_eval_001_21d08e8b82228a91_e421e0e4,manifest:final_cycle_only,1.6109,1.467,29,1,,691.374,deck
42f21c57baf4eed0,..\2_LP\LOW_Fr_MASTER_result\local_3GA\runs_all_cases_multiobjective_~ker_05_cpu_13_eval_001_42f21c57baf4eed0_e7a52fa2,manifest:final_cycle_only,1.6916,1.4738,28,1,,689.09,deck
4423858f20379b4f,..\2_LP\LOW_Fr_MASTER_result\local_3GA\runs_all_cases_multiobjective_~ker_05_cpu_13_eval_001_4423858f20379b4f_c56274a7,manifest:final_cycle_only,1.6221,1.4719,29,1,,696.646,deck
4433587911ceb2c1,..\2_LP\LOW_Fr_MASTER_result\local_3GA\runs_all_cases_multiobjective_~ker_05_cpu_13_eval_001_4433587911ceb2c1_f653af8d,manifest:final_cycle_only,1.6348,1.4915,27,1,,651.349,deck
595b3ef42f0dfa6b,..\2_LP\LOW_Fr_MASTER_result\local_3GA\runs_all_cases_multiobjective_~ker_05_cpu_13_eval_001_595b3ef42f0dfa6b_a6e94efb,manifest:final_cycle_only,1.6225,1.4611,28,1,,665.446,deck
6630cc6bef78d6cd,..\2_LP\LOW_Fr_MASTER_result\local_3GA\runs_all_cases_multiobjective_~ker_05_cpu_13_eval_001_6630cc6bef78d6cd_1c78bd3b,manifest:final_cycle_only,1.7389,1.5243,28,1,,669.056,deck
6847db7a9793220e,..\2_LP\LOW_Fr_MASTER_result\local_3GA\runs_all_cases_multiobjective_~ker_05_cpu_13_eval_001_6847db7a9793220e_1cb5aa54,manifest:final_cycle_only,1.7346,1.5494,26,1,,623.018,deck
6847db7a9793220e,..\2_LP\LOW_Fr_MASTER_result\local_3GA\runs_all_cases_multiobjective_~ker_05_cpu_13_eval_001_6847db7a9793220e_cb8284e9,manifest:final_cycle_only,1.7346,1.5494,26,1,,623.018,deck
72d7136ed2a34640,..\2_LP\LOW_Fr_MASTER_result\local_3GA\runs_all_cases_multiobjective_~ker_05_cpu_13_eval_001_72d7136ed2a34640_42b21258,manifest:final_cycle_only,1.6108,1.4574,28,1,,682.19,deck
8990e8c52151bd05,..\2_LP\LOW_Fr_MASTER_result\local_3GA\runs_all_cases_multiobjective_~ker_05_cpu_13_eval_001_8990e8c52151bd05_fc7c164f,manifest:final_cycle_only,1.6255,1.473,28,1,,685.518,deck
9b637ea16af21c36,..\2_LP\LOW_Fr_MASTER_result\local_3GA\runs_all_cases_multiobjective_~ker_05_cpu_13_eval_001_9b637ea16af21c36_cc918ff9,manifest:final_cycle_only,1.6348,1.4898,27,1,,657.57,deck
9d10561fb8bd9a77,..\2_LP\LOW_Fr_MASTER_result\local_3GA\runs_all_cases_multiobjective_~ker_05_cpu_13_eval_001_9d10561fb8bd9a77_b98e7a56,manifest:final_cycle_only,1.7926,1.599,26,1,,619.158,deck
9d10561fb8bd9a77,..\2_LP\LOW_Fr_MASTER_result\local_3GA\runs_all_cases_multiobjective_~ker_05_cpu_13_eval_001_9d10561fb8bd9a77_d01e2406,manifest:final_cycle_only,1.7926,1.599,26,1,,619.158,deck
9daa529bdd8ca37d,..\2_LP\LOW_Fr_MASTER_result\local_3GA\runs_all_cases_multiobjective_~ker_05_cpu_13_eval_001_9daa529bdd8ca37d_c0110b91,manifest:final_cycle_only,1.6451,1.5212,27,1,,634.595,deck
ab821607a62b5d3a,..\2_LP\LOW_Fr_MASTER_result\local_3GA\runs_all_cases_multiobjective_~ker_05_cpu_13_eval_001_ab821607a62b5d3a_fdcee02e,manifest:final_cycle_only,1.6146,1.4594,27,1,,640.78,deck
b4cc1f591a2932f9,..\2_LP\LOW_Fr_MASTER_result\local_3GA\runs_all_cases_multiobjective_~ker_05_cpu_13_eval_001_b4cc1f591a2932f9_3006b728,manifest:final_cycle_only,1.6188,1.4773,27,1,,654.915,deck
b93bc0f620a2e571,..\2_LP\LOW_Fr_MASTER_result\local_3GA\runs_all_cases_multiobjective_~ker_05_cpu_13_eval_001_b93bc0f620a2e571_19eae8d9,manifest:final_cycle_only,1.7231,1.4849,27,1,,643.448,deck
ce6fa5992584535e,..\2_LP\LOW_Fr_MASTER_result\local_3GA\runs_all_cases_multiobjective_~ker_05_cpu_13_eval_001_ce6fa5992584535e_811f150f,manifest:final_cycle_only,1.6375,1.4763,26,1,,625.891,deck
ee7ee8f3a025bb63,..\2_LP\LOW_Fr_MASTER_result\local_3GA\runs_all_cases_multiobjective_~ker_05_cpu_13_eval_001_ee7ee8f3a025bb63_99bcd3ce,manifest:final_cycle_only,1.6003,1.4613,27,1,,648.778,deck
f5038c63fe6c56aa,..\2_LP\LOW_Fr_MASTER_result\local_3GA\runs_all_cases_multiobjective_~ker_05_cpu_13_eval_001_f5038c63fe6c56aa_19609b6f,manifest:final_cycle_only,1.6407,1.4947,27,1,,632.904,deck
f6209177f6dd447c,..\2_LP\LOW_Fr_MASTER_result\local_3GA\runs_all_cases_multiobjective_~ker_05_cpu_13_eval_001_f6209177f6dd447c_b88ab119,manifest:final_cycle_only,1.6325,1.4882,27,1,,647.311,deck
faef7b1d4d495b7c,..\2_LP\LOW_Fr_MASTER_result\local_3GA\runs_all_cases_multiobjective_~ker_05_cpu_13_eval_001_faef7b1d4d495b7c_51559702,manifest:final_cycle_only,1.7287,1.5875,26,1,,627.637,deck
ff27a5d9a972a072,..\2_LP\LOW_Fr_MASTER_result\local_3GA\runs_all_cases_multiobjective_~ker_05_cpu_13_eval_001_ff27a5d9a972a072_05df56fa,manifest:final_cycle_only,1.6507,1.4663,28,1,,681.706,deck
049c715bed788a1c,..\2_LP\LOW_Fr_MASTER_result\local_3GA\runs_all_cases_multiobjective_~ker_06_cpu_22_eval_001_049c715bed788a1c_d52492dc,manifest:final_cycle_only,1.6706,1.4619,28,1,,678.48,deck
0eb7ee80774e4479,..\2_LP\LOW_Fr_MASTER_result\local_3GA\runs_all_cases_multiobjective_~ker_06_cpu_22_eval_001_0eb7ee80774e4479_30a94e18,manifest:final_cycle_only,1.6108,1.4579,29,1,,691.409,deck
1da203801b7e0ade,..\2_LP\LOW_Fr_MASTER_result\local_3GA\runs_all_cases_multiobjective_~ker_06_cpu_22_eval_001_1da203801b7e0ade_12b2ac7b,manifest:final_cycle_only,1.6555,1.5004,28,1,,666.197,deck
3c91d876f83b39be,..\2_LP\LOW_Fr_MASTER_result\local_3GA\runs_all_cases_multiobjective_~ker_06_cpu_22_eval_001_3c91d876f83b39be_ded35bdc,manifest:final_cycle_only,1.6182,1.4726,27,1,,655.606,deck
417dce520d4f0dd7,..\2_LP\LOW_Fr_MASTER_result\local_3GA\runs_all_cases_multiobjective_~ker_06_cpu_22_eval_001_417dce520d4f0dd7_edf30f6e,manifest:final_cycle_only,1.6467,1.5033,27,1,,654.873,deck
67a880e7f9311288,..\2_LP\LOW_Fr_MASTER_result\local_3GA\runs_all_cases_multiobjective_~ker_06_cpu_22_eval_001_67a880e7f9311288_d59f79f7,manifest:final_cycle_only,1.6371,1.4734,28,1,,674.55,deck
7213c31cc408e1b4,..\2_LP\LOW_Fr_MASTER_result\local_3GA\runs_all_cases_multiobjective_~ker_06_cpu_22_eval_001_7213c31cc408e1b4_a6004ffc,manifest:final_cycle_only,1.6454,1.4972,26,1,,620.573,deck
8178ffbf15f286e7,..\2_LP\LOW_Fr_MASTER_result\local_3GA\runs_all_cases_multiobjective_~ker_06_cpu_22_eval_001_8178ffbf15f286e7_19b34000,manifest:final_cycle_only,1.6214,1.4744,26,1,,629.576,deck
82faeada9a67f432,..\2_LP\LOW_Fr_MASTER_result\local_3GA\runs_all_cases_multiobjective_~ker_06_cpu_22_eval_001_82faeada9a67f432_a4c1b6d5,manifest:final_cycle_only,1.6003,1.4613,27,1,,648.778,deck
85ba467aa78b15fc,..\2_LP\LOW_Fr_MASTER_result\local_3GA\runs_all_cases_multiobjective_~ker_06_cpu_22_eval_001_85ba467aa78b15fc_6f69a998,manifest:final_cycle_only,1.6672,1.497,26,1,,626.237,deck
85ba467aa78b15fc,..\2_LP\LOW_Fr_MASTER_result\local_3GA\runs_all_cases_multiobjective_~ker_06_cpu_22_eval_001_85ba467aa78b15fc_7e2147da,manifest:final_cycle_only,1.6672,1.497,26,1,,626.237,deck
8e16cf9b5f1ee98c,..\2_LP\LOW_Fr_MASTER_result\local_3GA\runs_all_cases_multiobjective_~ker_06_cpu_22_eval_001_8e16cf9b5f1ee98c_e7893c8d,manifest:final_cycle_only,1.6303,1.4526,28,1,,683.021,deck
ae12c77d08f914b5,..\2_LP\LOW_Fr_MASTER_result\local_3GA\runs_all_cases_multiobjective_~ker_06_cpu_22_eval_001_ae12c77d08f914b5_f1e8d8fa,manifest:final_cycle_only,1.6879,1.5035,28,1,,686.438,deck
bed06f7fd906eac6,..\2_LP\LOW_Fr_MASTER_result\local_3GA\runs_all_cases_multiobjective_~ker_06_cpu_22_eval_001_bed06f7fd906eac6_d5c4de1c,manifest:final_cycle_only,1.7489,1.5796,27,1,,632.728,deck
c190fa31fd036139,..\2_LP\LOW_Fr_MASTER_result\local_3GA\runs_all_cases_multiobjective_~ker_06_cpu_22_eval_001_c190fa31fd036139_4ee0f5b4,manifest:final_cycle_only,1.649,1.4847,27,1,,653.194,deck
c2d362b849e5ff87,..\2_LP\LOW_Fr_MASTER_result\local_3GA\runs_all_cases_multiobjective_~ker_06_cpu_22_eval_001_c2d362b849e5ff87_12037801,manifest:final_cycle_only,1.6709,1.5026,26,1,,628.196,deck
c2d362b849e5ff87,..\2_LP\LOW_Fr_MASTER_result\local_3GA\runs_all_cases_multiobjective_~ker_06_cpu_22_eval_001_c2d362b849e5ff87_36a62d43,manifest:final_cycle_only,1.6709,1.5026,26,1,,628.196,deck
c5c7b2d69637ac0c,..\2_LP\LOW_Fr_MASTER_result\local_3GA\runs_all_cases_multiobjective_~ker_06_cpu_22_eval_001_c5c7b2d69637ac0c_e05ae02c,manifest:final_cycle_only,1.6397,1.466,28,1,,667.966,deck
c96f6d77e31df850,..\2_LP\LOW_Fr_MASTER_result\local_3GA\runs_all_cases_multiobjective_~ker_06_cpu_22_eval_001_c96f6d77e31df850_977158a8,manifest:final_cycle_only,1.7114,1.4987,27,1,,639.241,deck
d36465b956919207,..\2_LP\LOW_Fr_MASTER_result\local_3GA\runs_all_cases_multiobjective_~ker_06_cpu_22_eval_001_d36465b956919207_2a14e786,manifest:final_cycle_only,1.6608,1.5173,27,1,,645.838,deck
de72bbac3acc4322,..\2_LP\LOW_Fr_MASTER_result\local_3GA\runs_all_cases_multiobjective_~ker_06_cpu_22_eval_001_de72bbac3acc4322_4b2a7a11,manifest:final_cycle_only,1.6526,1.4925,26,1,,626.541,deck
de75ca533e9a9016,..\2_LP\LOW_Fr_MASTER_result\local_3GA\runs_all_cases_multiobjective_~ker_06_cpu_22_eval_001_de75ca533e9a9016_444a6f40,manifest:final_cycle_only,1.6338,1.5,28,1,,686.055,deck
f28867f957deea3a,..\2_LP\LOW_Fr_MASTER_result\local_3GA\runs_all_cases_multiobjective_~ker_06_cpu_22_eval_001_f28867f957deea3a_2dfa2342,manifest:final_cycle_only,1.6214,1.4609,27,1,,641.595,deck
045d7f4d936cd285,..\2_LP\LOW_Fr_MASTER_result\local_3GA\runs_all_cases_multiobjective_~ker_07_cpu_23_eval_001_045d7f4d936cd285_417fb079,manifest:final_cycle_only,1.652,1.4876,27,1,,653.188,deck
0769806f5fa2fb4a,..\2_LP\LOW_Fr_MASTER_result\local_3GA\runs_all_cases_multiobjective_~ker_07_cpu_23_eval_001_0769806f5fa2fb4a_7577412a,manifest:final_cycle_only,1.6905,1.5357,28,1,,687.277,deck
07c3d4ead00438b6,..\2_LP\LOW_Fr_MASTER_result\local_3GA\runs_all_cases_multiobjective_~ker_07_cpu_23_eval_001_07c3d4ead00438b6_4604252f,manifest:final_cycle_only,1.6419,1.4839,27,1,,635.237,deck
0df5058db074c42a,..\2_LP\LOW_Fr_MASTER_result\local_3GA\runs_all_cases_multiobjective_~ker_07_cpu_23_eval_001_0df5058db074c42a_f5de36e9,manifest:final_cycle_only,1.6711,1.4943,28,1,,686.344,deck
143fdcf64d17fa50,..\2_LP\LOW_Fr_MASTER_result\local_3GA\runs_all_cases_multiobjective_~ker_07_cpu_23_eval_001_143fdcf64d17fa50_c267e435,manifest:final_cycle_only,1.6424,1.4672,28,1,,682.538,deck
487a7e845315531f,..\2_LP\LOW_Fr_MASTER_result\local_3GA\runs_all_cases_multiobjective_~ker_07_cpu_23_eval_001_487a7e845315531f_11c23db6,manifest:final_cycle_only,1.6093,1.4631,28,1,,679.635,deck
4be11c91f8ada1e6,..\2_LP\LOW_Fr_MASTER_result\local_3GA\runs_all_cases_multiobjective_~ker_07_cpu_23_eval_001_4be11c91f8ada1e6_fbe3c9c9,manifest:final_cycle_only,1.6379,1.4613,27,1,,641.633,deck
54cc478dc5855b14,..\2_LP\LOW_Fr_MASTER_result\local_3GA\runs_all_cases_multiobjective_~ker_07_cpu_23_eval_001_54cc478dc5855b14_222b6473,manifest:final_cycle_only,1.6102,1.4532,29,1,,691.327,deck
5a5f385761241650,..\2_LP\LOW_Fr_MASTER_result\local_3GA\runs_all_cases_multiobjective_~ker_07_cpu_23_eval_001_5a5f385761241650_433b2a2c,manifest:final_cycle_only,1.6581,1.5139,27,1,,654.592,deck
5e4944df746eed49,..\2_LP\LOW_Fr_MASTER_result\local_3GA\runs_all_cases_multiobjective_~ker_07_cpu_23_eval_001_5e4944df746eed49_3bafde11,manifest:final_cycle_only,1.6086,1.4566,27,1,,648.052,deck
68231ebf04308421,..\2_LP\LOW_Fr_MASTER_result\local_3GA\runs_all_cases_multiobjective_~ker_07_cpu_23_eval_001_68231ebf04308421_869ec9b4,manifest:final_cycle_only,1.6527,1.4925,26,1,,626.613,deck
6f3a88c6d4d7e044,..\2_LP\LOW_Fr_MASTER_result\local_3GA\runs_all_cases_multiobjective_~ker_07_cpu_23_eval_001_6f3a88c6d4d7e044_dfe859c7,manifest:final_cycle_only,1.7459,1.5547,26,1,,622.326,deck
6f3a88c6d4d7e044,..\2_LP\LOW_Fr_MASTER_result\local_3GA\runs_all_cases_multiobjective_~ker_07_cpu_23_eval_001_6f3a88c6d4d7e044_ff2090d4,manifest:final_cycle_only,1.7459,1.5547,26,1,,622.326,deck
74491363fb1f0b53,..\2_LP\LOW_Fr_MASTER_result\local_3GA\runs_all_cases_multiobjective_~ker_07_cpu_23_eval_001_74491363fb1f0b53_75854443,manifest:final_cycle_only,1.6235,1.4725,27,1,,655.605,deck
981fa7137f3dd33f,..\2_LP\LOW_Fr_MASTER_result\local_3GA\runs_all_cases_multiobjective_~ker_07_cpu_23_eval_001_981fa7137f3dd33f_0da2e0cc,manifest:final_cycle_only,1.6224,1.4642,28,1,,678.251,deck
b0695fe32f237fbe,..\2_LP\LOW_Fr_MASTER_result\local_3GA\runs_all_cases_multiobjective_~ker_07_cpu_23_eval_001_b0695fe32f237fbe_198b9ba6,manifest:final_cycle_only,1.6708,1.4976,26,1,,626.225,deck
b0695fe32f237fbe,..\2_LP\LOW_Fr_MASTER_result\local_3GA\runs_all_cases_multiobjective_~ker_07_cpu_23_eval_001_b0695fe32f237fbe_f3393ea0,manifest:final_cycle_only,1.6708,1.4976,26,1,,626.225,deck
b260cbe45ba380de,..\2_LP\LOW_Fr_MASTER_result\local_3GA\runs_all_cases_multiobjective_~ker_07_cpu_23_eval_001_b260cbe45ba380de_e5e5bcfc,manifest:final_cycle_only,1.602,1.4804,27,1,,641.627,deck
b6ea82851b432fef,..\2_LP\LOW_Fr_MASTER_result\local_3GA\runs_all_cases_multiobjective_~ker_07_cpu_23_eval_001_b6ea82851b432fef_701c9814,manifest:final_cycle_only,1.6188,1.4822,27,1,,640.965,deck
c15fd042afdf0733,..\2_LP\LOW_Fr_MASTER_result\local_3GA\runs_all_cases_multiobjective_~ker_07_cpu_23_eval_001_c15fd042afdf0733_1f23d258,manifest:final_cycle_only,1.6615,1.5079,28,1,,666.002,deck
c4dc387a9c19dec0,..\2_LP\LOW_Fr_MASTER_result\local_3GA\runs_all_cases_multiobjective_~ker_07_cpu_23_eval_001_c4dc387a9c19dec0_aa74e226,manifest:final_cycle_only,1.7603,1.5725,27,1,,643.488,deck
e8c5c954ffe82e48,..\2_LP\LOW_Fr_MASTER_result\local_3GA\runs_all_cases_multiobjective_~ker_07_cpu_23_eval_001_e8c5c954ffe82e48_68895015,manifest:final_cycle_only,1.6315,1.4743,28,1,,666.433,deck
fafa563ca15094d7,..\2_LP\LOW_Fr_MASTER_result\local_3GA\runs_all_cases_multiobjective_~ker_07_cpu_23_eval_001_fafa563ca15094d7_dc1a420a,manifest:final_cycle_only,1.6695,1.5208,27,1,,631.908,deck
,..\2_LP\LOW_Fr_MASTER_result\local_3GA\runs_all_cases_multiobjective_~orker_00_0235543524-25bc3c3d46-77rr0_a9_598af411,no_mas_sum,,,0,0,,,
d6d46e5aacde37fa,..\2_LP\LOW_Fr_MASTER_result\local_3GA\runs_all_cases_multiobjective_~orker_00_0235543524-4d2dc6162f-kz0w2_my_e67c3a1f,manifest:final_cycle_only,1.6704,1.5025,26,1,,628.416,deck
d6d46e5aacde37fa,..\2_LP\LOW_Fr_MASTER_result\local_3GA\runs_all_cases_multiobjective_~orker_00_0235543524-5071ea19a9-04kjwx3q_a876db6d,manifest:final_cycle_only,1.8699,1.6666,24,1,,556.965,deck
d6d46e5aacde37fa,..\2_LP\LOW_Fr_MASTER_result\local_3GA\runs_all_cases_multiobjective_~orker_00_0235543524-56f02d6268-e39qg23e_486685e8,manifest:final_cycle_only,1.6705,1.5024,26,1,,628.144,deck
d6d46e5aacde37fa,..\2_LP\LOW_Fr_MASTER_result\local_3GA\runs_all_cases_multiobjective_~orker_00_0235543524-693af8490a-r0vn6s3x_0c96ee26,manifest:final_cycle_only,1.6694,1.5006,27,1,,630.273,deck
d6d46e5aacde37fa,..\2_LP\LOW_Fr_MASTER_result\local_3GA\runs_all_cases_multiobjective_~orker_00_0235543524-953ba030d2-awmjf9tc_35c5826d,manifest:final_cycle_only,1.6898,1.4997,27,1,,650.537,deck
d6d46e5aacde37fa,..\2_LP\LOW_Fr_MASTER_result\local_3GA\runs_all_cases_multiobjective_~orker_00_0235543524-981277b9d0-w5q1b9gv_4c708aa5,manifest:final_cycle_only,1.6712,1.5027,26,1,,627.566,deck
d6d46e5aacde37fa,..\2_LP\LOW_Fr_MASTER_result\local_3GA\runs_all_cases_multiobjective_~orker_00_0235543524-e3b497ac3d-k5wzytrw_29d48654,manifest:final_cycle_only,1.6797,1.5094,26,1,,621.633,deck
8b99d9dc9aa6e6c8,..\2_LP\LOW_Fr_MASTER_result\local_3GA\runs_all_cases_multiobjective_~orker_01_0235543524-050c11688b-tiw903qa_17f5eec3,manifest:final_cycle_only,1.732,1.5187,27,1,,651.882,deck
8b99d9dc9aa6e6c8,..\2_LP\LOW_Fr_MASTER_result\local_3GA\runs_all_cases_multiobjective_~orker_01_0235543524-356b557da6-wwimkshr_14046504,manifest:final_cycle_only,1.9056,1.6662,23,1,,540,deck
,..\2_LP\LOW_Fr_MASTER_result\local_3GA\runs_all_cases_multiobjective_~orker_01_0235543524-6ca24f13fc-ukvr8t9r_08552c82,no_mas_sum,,,0,0,,,
8b99d9dc9aa6e6c8,..\2_LP\LOW_Fr_MASTER_result\local_3GA\runs_all_cases_multiobjective_~orker_01_0235543524-9d756239ca-ebiufhb2_5c6c5cd9,manifest:final_cycle_only,1.707,1.5011,26,1,,615.347,deck
0a4d982cf7e822ae,..\2_LP\LOW_Fr_MASTER_result\local_3GA\runs_all_cases_multiobjective_~orker_02_0235543524-24a534faee-ac5qe0q5_58d86bd0,manifest:final_cycle_only,1.7618,1.5518,27,1,,650.293,deck
0a4d982cf7e822ae,..\2_LP\LOW_Fr_MASTER_result\local_3GA\runs_all_cases_multiobjective_~orker_02_0235543524-74ab55a679-i4vm673p_9c08df4c,manifest:final_cycle_only,1.9802,1.7555,24,1,,545.365,deck
,..\2_LP\LOW_Fr_MASTER_result\local_3GA\runs_all_cases_multiobjective_~orker_02_0235543524-989240dd54-3u7rss2y_3c8cefc6,no_mas_sum,,,0,0,,,
0a4d982cf7e822ae,..\2_LP\LOW_Fr_MASTER_result\local_3GA\runs_all_cases_multiobjective_~orker_02_0235543524-dab5021fbf-0jqrirzh_39cdbdea,manifest:final_cycle_only,1.7368,1.5345,26,1,,618.434,deck
0a4d982cf7e822ae,..\2_LP\LOW_Fr_MASTER_result\local_3GA\runs_all_cases_multiobjective_~orker_02_0235543524-f33a664c3f-6qgc8rvy_1b7304a1,manifest:final_cycle_only,1.724,1.5239,26,1,,627.843,deck
,..\2_LP\LOW_Fr_MASTER_result\local_3GA\runs_all_cases_multiobjective_~orker_02_34320c447e-1005dc8166-d0ax8diw_625a640d,no_mas_sum,,,0,0,,,
e5dee2cd0fe1763d,..\2_LP\LOW_Fr_MASTER_result\local_3GA\runs_all_cases_multiobjective_~orker_03_0235543524-46422dacbf-cb3yfo79_f9f02321,manifest:final_cycle_only,1.7092,1.4996,26,1,,626.147,deck
e5dee2cd0fe1763d,..\2_LP\LOW_Fr_MASTER_result\local_3GA\runs_all_cases_multiobjective_~orker_03_0235543524-499e09ec53-hg00xleh_98cfbdfc,manifest:final_cycle_only,1.7009,1.4931,26,1,,622.869,deck
e5dee2cd0fe1763d,..\2_LP\LOW_Fr_MASTER_result\local_3GA\runs_all_cases_multiobjective_~orker_03_0235543524-5cbee65473-qdzneokx_278f7e24,manifest:final_cycle_only,1.6834,1.4833,26,1,,615.938,deck
e5dee2cd0fe1763d,..\2_LP\LOW_Fr_MASTER_result\local_3GA\runs_all_cases_multiobjective_~orker_03_0235543524-9da088bac8-a_6cklc5_09091665,manifest:final_cycle_only,1.7399,1.5278,27,1,,650.03,deck
e5dee2cd0fe1763d,..\2_LP\LOW_Fr_MASTER_result\local_3GA\runs_all_cases_multiobjective_~orker_03_0235543524-e2574dc8c6-wau4s4xj_1a2d43c5,manifest:final_cycle_only,1.8743,1.6534,24,1,,540.704,deck
,..\2_LP\LOW_Fr_MASTER_result\local_3GA\runs_all_cases_multiobjective_~orker_03_0235543524-f06fe4ce92-xrerco1t_050e85ed,no_mas_sum,,,0,0,,,
9e18f99c4cf3472c,..\2_LP\LOW_Fr_MASTER_result\local_3GA\runs_all_cases_multiobjective_~orker_04_0235543524-1a08591cf1-l3qudhxj_f3bbee06,manifest:final_cycle_only,1.6845,1.5168,26,1,,619.997,deck
9e18f99c4cf3472c,..\2_LP\LOW_Fr_MASTER_result\local_3GA\runs_all_cases_multiobjective_~orker_04_0235543524-56ec9defd8-rtbnn7m4_b3fa4b05,manifest:final_cycle_only,1.6912,1.5116,26,1,,629.811,deck
9e18f99c4cf3472c,..\2_LP\LOW_Fr_MASTER_result\local_3GA\runs_all_cases_multiobjective_~orker_04_0235543524-5c4d5b9ba8-dhf5awh4_642394ac,manifest:final_cycle_only,1.6801,1.5127,26,1,,627.692,deck
9e18f99c4cf3472c,..\2_LP\LOW_Fr_MASTER_result\local_3GA\runs_all_cases_multiobjective_~orker_04_0235543524-8cd73eee09-dgp5rsxx_b45fc3f1,manifest:final_cycle_only,1.8622,1.649,24,1,,546.292,deck
9e18f99c4cf3472c,..\2_LP\LOW_Fr_MASTER_result\local_3GA\runs_all_cases_multiobjective_~orker_04_0235543524-98466472ac-oicmaqn1_27f80561,manifest:final_cycle_only,1.7866,1.5741,27,1,,652.666,deck
,..\2_LP\LOW_Fr_MASTER_result\local_3GA\runs_all_cases_multiobjective_~orker_04_0235543524-aae81aab14-w2olvw41_d11e2608,no_mas_sum,,,0,0,,,
9e18f99c4cf3472c,..\2_LP\LOW_Fr_MASTER_result\local_3GA\runs_all_cases_multiobjective_~orker_04_0235543524-c9109d2ce8-n_aicj2n_807eac86,manifest:final_cycle_only,1.6797,1.5122,26,1,,626.726,deck
9d10561fb8bd9a77,..\2_LP\LOW_Fr_MASTER_result\local_3GA\runs_all_cases_multiobjective_~orker_05_0235543524-27d4f58714-73mfv1x9_646283b7,manifest:final_cycle_only,1.9568,1.7363,24,1,,555.529,deck
,..\2_LP\LOW_Fr_MASTER_result\local_3GA\runs_all_cases_multiobjective_~orker_05_0235543524-3603df0841-2zs0w_zr_3b417d3c,no_mas_sum,,,0,0,,,
9d10561fb8bd9a77,..\2_LP\LOW_Fr_MASTER_result\local_3GA\runs_all_cases_multiobjective_~orker_05_0235543524-5da34d2d1e-o1xo41us_ececaa20,manifest:final_cycle_only,1.7687,1.5761,27,1,,635.25,deck
9d10561fb8bd9a77,..\2_LP\LOW_Fr_MASTER_result\local_3GA\runs_all_cases_multiobjective_~orker_05_0235543524-807b1eae6f-jmyl8lbo_0fdba086,manifest:final_cycle_only,1.7926,1.5989,26,1,,618.974,deck
9d10561fb8bd9a77,..\2_LP\LOW_Fr_MASTER_result\local_3GA\runs_all_cases_multiobjective_~orker_05_0235543524-b1186a6b9c-3ckkjf79_caeec29a,manifest:final_cycle_only,1.7966,1.6016,26,1,,615.617,deck
9d10561fb8bd9a77,..\2_LP\LOW_Fr_MASTER_result\local_3GA\runs_all_cases_multiobjective_~orker_05_0235543524-cada2ef81f-czaeyagw_3d6a9af9,manifest:final_cycle_only,1.7924,1.599,26,1,,619.974,deck
9d10561fb8bd9a77,..\2_LP\LOW_Fr_MASTER_result\local_3GA\runs_all_cases_multiobjective_~orker_05_0235543524-d457b5e472-6ab8zkhy_98c9d078,manifest:final_cycle_only,1.7926,1.599,26,1,,619.15,deck
9d10561fb8bd9a77,..\2_LP\LOW_Fr_MASTER_result\local_3GA\runs_all_cases_multiobjective_~orker_05_0235543524-d941da3468-1n2vssru_7b5c5d42,manifest:final_cycle_only,1.7928,1.5992,26,1,,619.197,deck
,..\2_LP\LOW_Fr_MASTER_result\local_3GA\runs_all_cases_multiobjective_~orker_06_0235543524-0f03b5c261-qsoqjo1q_78b4e48a,no_mas_sum,,,0,0,,,
c2d362b849e5ff87,..\2_LP\LOW_Fr_MASTER_result\local_3GA\runs_all_cases_multiobjective_~orker_06_0235543524-1178ec8b41-90mblkfw_ffedfd32,manifest:final_cycle_only,1.6906,1.5003,27,1,,650.693,deck
c2d362b849e5ff87,..\2_LP\LOW_Fr_MASTER_result\local_3GA\runs_all_cases_multiobjective_~orker_06_0235543524-250c728470-fi4v0mho_7dbef05b,manifest:final_cycle_only,1.6709,1.5026,26,1,,628.134,deck
c2d362b849e5ff87,..\2_LP\LOW_Fr_MASTER_result\local_3GA\runs_all_cases_multiobjective_~orker_06_0235543524-ad82edc887-ftu_mbpf_8f95471e,manifest:final_cycle_only,1.8666,1.6637,24,1,,556.912,deck
c2d362b849e5ff87,..\2_LP\LOW_Fr_MASTER_result\local_3GA\runs_all_cases_multiobjective_~orker_06_0235543524-b5e91d78f5-p91q3rtp_e16634ac,manifest:final_cycle_only,1.6716,1.5029,26,1,,627.538,deck
c2d362b849e5ff87,..\2_LP\LOW_Fr_MASTER_result\local_3GA\runs_all_cases_multiobjective_~orker_06_0235543524-cd6a56096c-y_q4v4br_f16d9eff,manifest:final_cycle_only,1.6696,1.5008,27,1,,630.312,deck
c2d362b849e5ff87,..\2_LP\LOW_Fr_MASTER_result\local_3GA\runs_all_cases_multiobjective_~orker_06_0235543524-e51594077e-0vf8mu9r_79e6aaa3,manifest:final_cycle_only,1.6804,1.5097,26,1,,621.529,deck
c2d362b849e5ff87,..\2_LP\LOW_Fr_MASTER_result\local_3GA\runs_all_cases_multiobjective_~orker_06_0235543524-f468fa70cf-s_m2gtnd_18f1631f,manifest:final_cycle_only,1.6708,1.5026,26,1,,628.417,deck
6f3a88c6d4d7e044,..\2_LP\LOW_Fr_MASTER_result\local_3GA\runs_all_cases_multiobjective_~orker_07_0235543524-2660bc440e-jocrgf6s_1ec95719,manifest:final_cycle_only,1.7449,1.5539,26,1,,622.299,deck
6f3a88c6d4d7e044,..\2_LP\LOW_Fr_MASTER_result\local_3GA\runs_all_cases_multiobjective_~orker_07_0235543524-3d327fde6d-2h_1336g_2f2a1ffc,manifest:final_cycle_only,1.8139,1.6073,24,1,,547.704,deck
6f3a88c6d4d7e044,..\2_LP\LOW_Fr_MASTER_result\local_3GA\runs_all_cases_multiobjective_~orker_07_0235543524-44bfb0db73-pbh64jif_95ef53c8,manifest:final_cycle_only,1.7129,1.5266,26,1,,616.87,deck
6f3a88c6d4d7e044,..\2_LP\LOW_Fr_MASTER_result\local_3GA\runs_all_cases_multiobjective_~orker_07_0235543524-5dfe0df353-rjglp4zg_cf997c2b,manifest:final_cycle_only,1.7404,1.5502,26,1,,621.923,deck
6f3a88c6d4d7e044,..\2_LP\LOW_Fr_MASTER_result\local_3GA\runs_all_cases_multiobjective_~orker_07_0235543524-86ded1e7a4-ydvma7sr_74349836,manifest:final_cycle_only,1.7483,1.5566,26,1,,622.431,deck
,..\2_LP\LOW_Fr_MASTER_result\local_3GA\runs_all_cases_multiobjective_~orker_07_0235543524-a1ed62ff09-ks0a9w9h_e9d13380,no_mas_sum,,,0,0,,,
6f3a88c6d4d7e044,..\2_LP\LOW_Fr_MASTER_result\local_3GA\runs_all_cases_multiobjective_~orker_07_0235543524-aee7586dc4-mm6_ku8p_78d4af76,manifest:final_cycle_only,1.7599,1.5649,26,1,,623.824,deck
6f3a88c6d4d7e044,..\2_LP\LOW_Fr_MASTER_result\local_3GA\runs_all_cases_multiobjective_~orker_07_0235543524-f9119007de-1g6x9jga_e461c225,manifest:final_cycle_only,1.8666,1.6463,27,1,,643.662,deck
0d7b715446fba8a5,..\2_LP\LOW_Fr_MASTER_result\local_3GA\runs_all_cases_multiobjective_~rker_00_cpu_0_eval_001_0d7b715446fba8a5_800631c2,manifest:final_cycle_only,1.62,1.4647,27,1,,641.989,deck
150a640f7e09d676,..\2_LP\LOW_Fr_MASTER_result\local_3GA\runs_all_cases_multiobjective_~rker_00_cpu_0_eval_001_150a640f7e09d676_f395823b,manifest:final_cycle_only,1.6364,1.4638,29,1,,699.114,deck
19387bb2cc38f522,..\2_LP\LOW_Fr_MASTER_result\local_3GA\runs_all_cases_multiobjective_~rker_00_cpu_0_eval_001_19387bb2cc38f522_fa76b6bf,manifest:final_cycle_only,1.6195,1.4616,29,1,,694.559,deck
296ac33eb5055b41,..\2_LP\LOW_Fr_MASTER_result\local_3GA\runs_all_cases_multiobjective_~rker_00_cpu_0_eval_001_296ac33eb5055b41_d7b6c2cb,manifest:final_cycle_only,1.6279,1.4893,29,1,,691.781,deck
3d4600b3a8dc62cb,..\2_LP\LOW_Fr_MASTER_result\local_3GA\runs_all_cases_multiobjective_~rker_00_cpu_0_eval_001_3d4600b3a8dc62cb_9ddc2bcb,manifest:final_cycle_only,1.615,1.4593,28,1,,683.513,deck
4818ecae9c5b5e11,..\2_LP\LOW_Fr_MASTER_result\local_3GA\runs_all_cases_multiobjective_~rker_00_cpu_0_eval_001_4818ecae9c5b5e11_7168d3e7,manifest:final_cycle_only,1.6444,1.4971,27,1,,636.087,deck
508fdfe9c3b4d082,..\2_LP\LOW_Fr_MASTER_result\local_3GA\runs_all_cases_multiobjective_~rker_00_cpu_0_eval_001_508fdfe9c3b4d082_095f690a,manifest:final_cycle_only,1.6037,1.452,28,1,,670.982,deck
5fe51ab1d87dcc03,..\2_LP\LOW_Fr_MASTER_result\local_3GA\runs_all_cases_multiobjective_~rker_00_cpu_0_eval_001_5fe51ab1d87dcc03_6c8b70a4,manifest:final_cycle_only,1.6089,1.4538,27,1,,643.322,deck
73c8cb11ee27d9e4,..\2_LP\LOW_Fr_MASTER_result\local_3GA\runs_all_cases_multiobjective_~rker_00_cpu_0_eval_001_73c8cb11ee27d9e4_4d07f009,manifest:final_cycle_only,1.6217,1.4527,28,1,,668.463,deck
7681dbbc4e3c624d,..\2_LP\LOW_Fr_MASTER_result\local_3GA\runs_all_cases_multiobjective_~rker_00_cpu_0_eval_001_7681dbbc4e3c624d_fda0d20a,manifest:final_cycle_only,1.6352,1.461,28,1,,685.943,deck
7934b6116b1decb5,..\2_LP\LOW_Fr_MASTER_result\local_3GA\runs_all_cases_multiobjective_~rker_00_cpu_0_eval_001_7934b6116b1decb5_481d7f43,manifest:final_cycle_only,1.6128,1.4578,27,1,,656.214,deck
8884d3cc05ea4c17,..\2_LP\LOW_Fr_MASTER_result\local_3GA\runs_all_cases_multiobjective_~rker_00_cpu_0_eval_001_8884d3cc05ea4c17_39fc6d40,manifest:final_cycle_only,1.6375,1.4772,26,1,,625.938,deck
8d71aa55523e5e30,..\2_LP\LOW_Fr_MASTER_result\local_3GA\runs_all_cases_multiobjective_~rker_00_cpu_0_eval_001_8d71aa55523e5e30_37de72b6,manifest:final_cycle_only,1.6315,1.4913,27,1,,648.687,deck
9518372946c5e31f,..\2_LP\LOW_Fr_MASTER_result\local_3GA\runs_all_cases_multiobjective_~rker_00_cpu_0_eval_001_9518372946c5e31f_827a2a41,manifest:final_cycle_only,1.6561,1.4827,26,1,,628.384,deck
9518372946c5e31f,..\2_LP\LOW_Fr_MASTER_result\local_3GA\runs_all_cases_multiobjective_~rker_00_cpu_0_eval_001_9518372946c5e31f_9325d1bc,manifest:final_cycle_only,1.6561,1.4827,26,1,,628.384,deck
9518372946c5e31f,..\2_LP\LOW_Fr_MASTER_result\local_3GA\runs_all_cases_multiobjective_~rker_00_cpu_0_eval_001_9518372946c5e31f_fabcdb61,manifest:final_cycle_only,1.6561,1.4827,26,1,,628.384,deck
97e047193fc7a1e1,..\2_LP\LOW_Fr_MASTER_result\local_3GA\runs_all_cases_multiobjective_~rker_00_cpu_0_eval_001_97e047193fc7a1e1_596a82e8,manifest:final_cycle_only,1.619,1.4865,27,1,,633.799,deck
9e7cdc1a03d870aa,..\2_LP\LOW_Fr_MASTER_result\local_3GA\runs_all_cases_multiobjective_~rker_00_cpu_0_eval_001_9e7cdc1a03d870aa_3bc47172,manifest:final_cycle_only,1.6389,1.4787,27,1,,634.525,deck
9e7cdc1a03d870aa,..\2_LP\LOW_Fr_MASTER_result\local_3GA\runs_all_cases_multiobjective_~rker_00_cpu_0_eval_001_9e7cdc1a03d870aa_3d7afce2,manifest:final_cycle_only,1.6389,1.4787,27,1,,634.525,deck
c2332b1f86d2f043,..\2_LP\LOW_Fr_MASTER_result\local_3GA\runs_all_cases_multiobjective_~rker_00_cpu_0_eval_001_c2332b1f86d2f043_50ff0df0,manifest:final_cycle_only,1.6236,1.4602,28,1,,685.274,deck
d60bf822e95a6cae,..\2_LP\LOW_Fr_MASTER_result\local_3GA\runs_all_cases_multiobjective_~rker_00_cpu_0_eval_001_d60bf822e95a6cae_015ffb02,manifest:final_cycle_only,1.6482,1.4929,28,1,,666.189,deck
d97a8af2b9f789b7,..\2_LP\LOW_Fr_MASTER_result\local_3GA\runs_all_cases_multiobjective_~rker_00_cpu_0_eval_001_d97a8af2b9f789b7_9a8e896e,manifest:final_cycle_only,1.6009,1.4495,27,1,,659.243,deck
e70e73bc41e51477,..\2_LP\LOW_Fr_MASTER_result\local_3GA\runs_all_cases_multiobjective_~rker_00_cpu_0_eval_001_e70e73bc41e51477_240eea30,manifest:final_cycle_only,1.6088,1.4535,27,1,,651.487,deck
f7addd465db37ec5,..\2_LP\LOW_Fr_MASTER_result\local_3GA\runs_all_cases_multiobjective_~rker_00_cpu_0_eval_001_f7addd465db37ec5_6b66d7d6,manifest:final_cycle_only,1.6066,1.4565,27,1,,644.145,deck
079ad76430f28cbe,..\2_LP\LOW_Fr_MASTER_result\local_3GA\runs_all_cases_multiobjective_~rker_00_cpu_0_eval_002_079ad76430f28cbe_24efc55b,manifest:final_cycle_only,1.6269,1.4541,28,1,,685.614,deck
0a4d46b9c88ec25b,..\2_LP\LOW_Fr_MASTER_result\local_3GA\runs_all_cases_multiobjective_~rker_00_cpu_0_eval_002_0a4d46b9c88ec25b_6b5052e2,manifest:final_cycle_only,1.6438,1.4907,27,1,,633.696,deck
0eb0654ccce417d5,..\2_LP\LOW_Fr_MASTER_result\local_3GA\runs_all_cases_multiobjective_~rker_00_cpu_0_eval_002_0eb0654ccce417d5_a5a85f06,manifest:final_cycle_only,1.631,1.4697,28,1,,683.472,deck
243af8f2f90fe81a,..\2_LP\LOW_Fr_MASTER_result\local_3GA\runs_all_cases_multiobjective_~rker_00_cpu_0_eval_002_243af8f2f90fe81a_4dd5c648,manifest:final_cycle_only,1.6358,1.4631,28,1,,667.692,deck
31ddb8531946624e,..\2_LP\LOW_Fr_MASTER_result\local_3GA\runs_all_cases_multiobjective_~rker_00_cpu_0_eval_002_31ddb8531946624e_ebf28763,manifest:final_cycle_only,1.6284,1.456,27,1,,643.806,deck
39ef8988f5377737,..\2_LP\LOW_Fr_MASTER_result\local_3GA\runs_all_cases_multiobjective_~rker_00_cpu_0_eval_002_39ef8988f5377737_8daf51ac,manifest:final_cycle_only,1.6539,1.4976,27,1,,641.342,deck
3c985f8f78106e36,..\2_LP\LOW_Fr_MASTER_result\local_3GA\runs_all_cases_multiobjective_~rker_00_cpu_0_eval_002_3c985f8f78106e36_72f3f2a1,manifest:final_cycle_only,1.6526,1.4975,28,1,,666.081,deck
4ea06b5d3ee1dd65,..\2_LP\LOW_Fr_MASTER_result\local_3GA\runs_all_cases_multiobjective_~rker_00_cpu_0_eval_002_4ea06b5d3ee1dd65_81b17682,manifest:final_cycle_only,1.6642,1.5184,28,1,,674.655,deck
683eefb728f78ea2,..\2_LP\LOW_Fr_MASTER_result\local_3GA\runs_all_cases_multiobjective_~rker_00_cpu_0_eval_002_683eefb728f78ea2_8072be54,manifest:final_cycle_only,1.6112,1.4568,27,1,,656.46,deck
8c74525b40f8af22,..\2_LP\LOW_Fr_MASTER_result\local_3GA\runs_all_cases_multiobjective_~rker_00_cpu_0_eval_002_8c74525b40f8af22_4893b2bc,manifest:final_cycle_only,1.625,1.4758,28,1,,668.615,deck
9b5f89a428159bd2,..\2_LP\LOW_Fr_MASTER_result\local_3GA\runs_all_cases_multiobjective_~rker_00_cpu_0_eval_002_9b5f89a428159bd2_74029768,manifest:final_cycle_only,1.652,1.4928,26,1,,625.167,deck
a141fe39bb06ecbc,..\2_LP\LOW_Fr_MASTER_result\local_3GA\runs_all_cases_multiobjective_~rker_00_cpu_0_eval_002_a141fe39bb06ecbc_b805335f,manifest:final_cycle_only,1.6262,1.4669,27,1,,634.018,deck
a141fe39bb06ecbc,..\2_LP\LOW_Fr_MASTER_result\local_3GA\runs_all_cases_multiobjective_~rker_00_cpu_0_eval_002_a141fe39bb06ecbc_fc9d69c3,manifest:final_cycle_only,1.6262,1.4669,27,1,,634.018,deck
b19c8504a53dd631,..\2_LP\LOW_Fr_MASTER_result\local_3GA\runs_all_cases_multiobjective_~rker_00_cpu_0_eval_002_b19c8504a53dd631_36b69489,manifest:final_cycle_only,1.6196,1.455,29,1,,694.583,deck
b3abbbf70b103142,..\2_LP\LOW_Fr_MASTER_result\local_3GA\runs_all_cases_multiobjective_~rker_00_cpu_0_eval_002_b3abbbf70b103142_e643bb3a,manifest:final_cycle_only,1.6624,1.5117,26,1,,627.565,deck
b3c364a31ee758c4,..\2_LP\LOW_Fr_MASTER_result\local_3GA\runs_all_cases_multiobjective_~rker_00_cpu_0_eval_002_b3c364a31ee758c4_5815d2f1,manifest:final_cycle_only,1.6271,1.4889,29,1,,691.786,deck
b70e252e7905d002,..\2_LP\LOW_Fr_MASTER_result\local_3GA\runs_all_cases_multiobjective_~rker_00_cpu_0_eval_002_b70e252e7905d002_f69baa4d,manifest:final_cycle_only,1.633,1.4558,29,1,,699.11,deck
ba26e7cc5a97dd60,..\2_LP\LOW_Fr_MASTER_result\local_3GA\runs_all_cases_multiobjective_~rker_00_cpu_0_eval_002_ba26e7cc5a97dd60_25ad955f,manifest:final_cycle_only,1.7391,1.5336,27,1,,640.42,deck
c93a3bb464d83388,..\2_LP\LOW_Fr_MASTER_result\local_3GA\runs_all_cases_multiobjective_~rker_00_cpu_0_eval_002_c93a3bb464d83388_a65926af,manifest:final_cycle_only,1.6382,1.488,27,1,,658.432,deck
d6d46e5aacde37fa,..\2_LP\LOW_Fr_MASTER_result\local_3GA\runs_all_cases_multiobjective_~rker_00_cpu_0_eval_002_d6d46e5aacde37fa_157086e8,manifest:final_cycle_only,1.6705,1.5024,26,1,,628.204,deck
d6d46e5aacde37fa,..\2_LP\LOW_Fr_MASTER_result\local_3GA\runs_all_cases_multiobjective_~rker_00_cpu_0_eval_002_d6d46e5aacde37fa_70eff5f3,manifest:final_cycle_only,1.6705,1.5024,26,1,,628.204,deck
de255b6d4c60efe7,..\2_LP\LOW_Fr_MASTER_result\local_3GA\runs_all_cases_multiobjective_~rker_00_cpu_0_eval_002_de255b6d4c60efe7_d815e731,manifest:final_cycle_only,1.6111,1.4485,27,1,,651.317,deck
e7efb4b510c41600,..\2_LP\LOW_Fr_MASTER_result\local_3GA\runs_all_cases_multiobjective_~rker_00_cpu_0_eval_002_e7efb4b510c41600_001983df,manifest:final_cycle_only,1.6472,1.4924,27,1,,648.752,deck
04e578fc08245f2f,..\2_LP\LOW_Fr_MASTER_result\local_3GA\runs_all_cases_multiobjective_~rker_01_cpu_1_eval_001_04e578fc08245f2f_415aaea6,manifest:final_cycle_only,1.7175,1.5404,26,1,,625.511,deck
04e578fc08245f2f,..\2_LP\LOW_Fr_MASTER_result\local_3GA\runs_all_cases_multiobjective_~rker_01_cpu_1_eval_001_04e578fc08245f2f_e42aa57a,manifest:final_cycle_only,1.7175,1.5404,26,1,,625.511,deck
0658cf205a28ce50,..\2_LP\LOW_Fr_MASTER_result\local_3GA\runs_all_cases_multiobjective_~rker_01_cpu_1_eval_001_0658cf205a28ce50_1d09abb2,manifest:final_cycle_only,1.8261,1.5956,27,1,,641.43,deck
06bfd16d5fbe6e29,..\2_LP\LOW_Fr_MASTER_result\local_3GA\runs_all_cases_multiobjective_~rker_01_cpu_1_eval_001_06bfd16d5fbe6e29_764e9653,manifest:final_cycle_only,1.6276,1.4574,28,1,,685.066,deck
17ab83ef64876ec7,..\2_LP\LOW_Fr_MASTER_result\local_3GA\runs_all_cases_multiobjective_~rker_01_cpu_1_eval_001_17ab83ef64876ec7_2d06b63a,manifest:final_cycle_only,1.6333,1.4786,28,1,,666.15,deck
1dd73646d18f09a4,..\2_LP\LOW_Fr_MASTER_result\local_3GA\runs_all_cases_multiobjective_~rker_01_cpu_1_eval_001_1dd73646d18f09a4_2906be71,manifest:final_cycle_only,1.6236,1.4674,28,1,,682.63,deck
2004c8679b24f6b8,..\2_LP\LOW_Fr_MASTER_result\local_3GA\runs_all_cases_multiobjective_~rker_01_cpu_1_eval_001_2004c8679b24f6b8_df04904c,manifest:final_cycle_only,1.6189,1.4711,27,1,,650.1,deck
24cc2a2a119ac659,..\2_LP\LOW_Fr_MASTER_result\local_3GA\runs_all_cases_multiobjective_~rker_01_cpu_1_eval_001_24cc2a2a119ac659_60ddd41f,manifest:final_cycle_only,1.6105,1.4558,27,1,,631.786,deck
2e03025923cbcd23,..\2_LP\LOW_Fr_MASTER_result\local_3GA\runs_all_cases_multiobjective_~rker_01_cpu_1_eval_001_2e03025923cbcd23_b3f6f848,manifest:final_cycle_only,1.6287,1.4835,27,1,,633.146,deck
345b23af0d234d41,..\2_LP\LOW_Fr_MASTER_result\local_3GA\runs_all_cases_multiobjective_~rker_01_cpu_1_eval_001_345b23af0d234d41_fb1167fd,manifest:final_cycle_only,1.6226,1.4704,28,1,,668.675,deck
3e45e3b4c7bb16e4,..\2_LP\LOW_Fr_MASTER_result\local_3GA\runs_all_cases_multiobjective_~rker_01_cpu_1_eval_001_3e45e3b4c7bb16e4_e3c6ffe9,manifest:final_cycle_only,1.6269,1.4886,29,1,,692.057,deck
449f935c1d227d02,..\2_LP\LOW_Fr_MASTER_result\local_3GA\runs_all_cases_multiobjective_~rker_01_cpu_1_eval_001_449f935c1d227d02_8148d878,manifest:final_cycle_only,1.6682,1.458,29,1,,698.593,deck
58ff0f50133c8cb7,..\2_LP\LOW_Fr_MASTER_result\local_3GA\runs_all_cases_multiobjective_~rker_01_cpu_1_eval_001_58ff0f50133c8cb7_2d2e0f5c,manifest:final_cycle_only,1.6048,1.4585,29,1,,691.413,deck
86ffc89bb1465016,..\2_LP\LOW_Fr_MASTER_result\local_3GA\runs_all_cases_multiobjective_~rker_01_cpu_1_eval_001_86ffc89bb1465016_84a8bbed,manifest:final_cycle_only,1.6206,1.4808,27,1,,654.762,deck
8b99d9dc9aa6e6c8,..\2_LP\LOW_Fr_MASTER_result\local_3GA\runs_all_cases_multiobjective_~rker_01_cpu_1_eval_001_8b99d9dc9aa6e6c8_60416b5d,manifest:final_cycle_only,1.7198,1.5088,26,1,,623.703,deck
8b99d9dc9aa6e6c8,..\2_LP\LOW_Fr_MASTER_result\local_3GA\runs_all_cases_multiobjective_~rker_01_cpu_1_eval_001_8b99d9dc9aa6e6c8_e270664a,manifest:final_cycle_only,1.7198,1.5088,26,1,,623.703,deck
a28fa3dbdbf14d06,..\2_LP\LOW_Fr_MASTER_result\local_3GA\runs_all_cases_multiobjective_~rker_01_cpu_1_eval_001_a28fa3dbdbf14d06_468f3e73,manifest:final_cycle_only,1.6482,1.488,27,1,,641.298,deck
a479b681d34519cc,..\2_LP\LOW_Fr_MASTER_result\local_3GA\runs_all_cases_multiobjective_~rker_01_cpu_1_eval_001_a479b681d34519cc_15d769d8,manifest:final_cycle_only,1.647,1.4973,27,1,,641.141,deck
cd9af7ba78094d7b,..\2_LP\LOW_Fr_MASTER_result\local_3GA\runs_all_cases_multiobjective_~rker_01_cpu_1_eval_001_cd9af7ba78094d7b_04308f44,manifest:final_cycle_only,1.6067,1.4532,27,1,,658.77,deck
d7172b6537856d68,..\2_LP\LOW_Fr_MASTER_result\local_3GA\runs_all_cases_multiobjective_~rker_01_cpu_1_eval_001_d7172b6537856d68_885a41df,manifest:final_cycle_only,1.6325,1.4802,26,1,,626.114,deck
e9e068d169dfd76b,..\2_LP\LOW_Fr_MASTER_result\local_3GA\runs_all_cases_multiobjective_~rker_01_cpu_1_eval_001_e9e068d169dfd76b_7f65f0cd,manifest:final_cycle_only,1.6118,1.4549,27,1,,651.79,deck
f8fe1a7269817c6a,..\2_LP\LOW_Fr_MASTER_result\local_3GA\runs_all_cases_multiobjective_~rker_01_cpu_1_eval_001_f8fe1a7269817c6a_33e1e806,manifest:final_cycle_only,1.6344,1.4641,28,1,,679.996,deck
fc5a8a54c9a32a7d,..\2_LP\LOW_Fr_MASTER_result\local_3GA\runs_all_cases_multiobjective_~rker_01_cpu_1_eval_001_fc5a8a54c9a32a7d_2be24b55,manifest:final_cycle_only,1.6148,1.4583,28,1,,665.486,deck
97e047193fc7a1e1,..\2_LP\LOW_Fr_MASTER_result\local_3GA\runs_flow_20260712_000216_case~rker_00_cpu_0_eval_001_97e047193fc7a1e1_9b0a20e3,manifest:final_cycle_only,1.619,1.4865,27,1,,633.799,deck
82f2fdd4e935cdcc,..\2_LP\LOW_Fr_MASTER_result\local_3GA\runs_flow_20260712_000216_case~rker_00_cpu_0_eval_002_82f2fdd4e935cdcc_ddb7a5d8,manifest:final_cycle_only,1.7024,1.5595,26,1,,624.623,deck
30bc35cb361edd23,..\2_LP\LOW_Fr_MASTER_result\local_3GA\runs_flow_20260712_000216_case~rker_01_cpu_1_eval_001_30bc35cb361edd23_737aa4a1,manifest:final_cycle_only,1.6496,1.5015,27,1,,633.984,deck
,..\2_LP\LOW_Fr_MASTER_result\local_3GA\runs_flow_20260712_004903_case~-boc_hzp_full-d97a8af2b9f789b7-o_oh59k5_baa1ccf1,no_digest,,,0,0,,,
,..\2_LP\LOW_Fr_MASTER_result\local_3GA\runs_flow_20260712_004903_case~-eoc_hzp_full-d97a8af2b9f789b7-sodra03p_445c40d5,no_digest,,,0,0,,,
,..\2_LP\LOW_Fr_MASTER_result\local_3GA\runs_flow_20260712_004903_case~20260712_004906_safety_shared_full_seed_7afbf887\full_cy01,chain:cy01/1,3.2439,2.93,39,0,above_ceiling,1047.53,
,..\2_LP\LOW_Fr_MASTER_result\local_3GA\runs_flow_20260712_004903_case~906_safety_d97a8af2b9f789b7_equilibrium_7292b3d5\full_cy02,superseded,,,0,0,,,
,..\2_LP\LOW_Fr_MASTER_result\local_3GA\runs_flow_20260712_004903_case~906_safety_d97a8af2b9f789b7_equilibrium_7292b3d5\full_cy03,superseded,,,0,0,,,
,..\2_LP\LOW_Fr_MASTER_result\local_3GA\runs_flow_20260712_004903_case~906_safety_d97a8af2b9f789b7_equilibrium_7292b3d5\full_cy04,superseded,,,0,0,,,
,..\2_LP\LOW_Fr_MASTER_result\local_3GA\runs_flow_20260712_004903_case~906_safety_d97a8af2b9f789b7_equilibrium_7292b3d5\full_cy05,superseded,,,0,0,,,
,..\2_LP\LOW_Fr_MASTER_result\local_3GA\runs_flow_20260712_004903_case~906_safety_d97a8af2b9f789b7_equilibrium_7292b3d5\full_cy06,superseded,,,0,0,,,
,..\2_LP\LOW_Fr_MASTER_result\local_3GA\runs_flow_20260712_004903_case~906_safety_d97a8af2b9f789b7_equilibrium_7292b3d5\full_cy07,superseded,,,0,0,,,
,..\2_LP\LOW_Fr_MASTER_result\local_3GA\runs_flow_20260712_004903_case~906_safety_d97a8af2b9f789b7_equilibrium_7292b3d5\full_cy08,superseded,,,0,0,,,
,..\2_LP\LOW_Fr_MASTER_result\local_3GA\runs_flow_20260712_004903_case~906_safety_d97a8af2b9f789b7_equilibrium_7292b3d5\full_cy09,superseded,,,0,0,,,
,..\2_LP\LOW_Fr_MASTER_result\local_3GA\runs_flow_20260712_004903_case~906_safety_d97a8af2b9f789b7_equilibrium_7292b3d5\full_cy10,chain:cy10/10,1.6092,1.4627,27,1,,658.601,
d97a8af2b9f789b7,..\2_LP\LOW_Fr_MASTER_result\local_3GA\runs_flow_20260712_004903_case~906_safety_d97a8af2b9f789b7_equilibrium_7292b3d5\quarter_cy99,superseded,,,0,0,,,deck
,..\2_LP\LOW_Fr_MASTER_result\local_3GA\runs_flow_20260712_004903_case~c_hzp_quarter-d97a8af2b9f789b7-e78245sj_c886425f,no_digest,,,0,0,,,
,..\2_LP\LOW_Fr_MASTER_result\local_3GA\runs_flow_20260712_004903_case~f789b7_equilibrium_boc_sdm_requirements_152c0db0,no_digest,,,0,0,,,
,..\2_LP\LOW_Fr_MASTER_result\local_3GA\runs_flow_20260712_004903_case~f789b7_equilibrium_eoc_sdm_requirements_6a8c12c2,no_digest,,,0,0,,,
7e8f4eaf9bbdf04d,..\2_LP\LOW_Fr_MASTER_result\local_3GA\runs_flow_20260712_004903_case~ker_02_cpu_10_eval_001_7e8f4eaf9bbdf04d_37a17195,manifest:final_cycle_only,1.6422,1.4804,27,1,,657.814,deck
16b9477cd1112a6d,..\2_LP\LOW_Fr_MASTER_result\local_3GA\runs_flow_20260712_004903_case~ker_03_cpu_11_eval_001_16b9477cd1112a6d_8545f362,manifest:final_cycle_only,1.641,1.4769,27,1,,658.458,deck
846e4e1b5006e00e,..\2_LP\LOW_Fr_MASTER_result\local_3GA\runs_flow_20260712_004903_case~ker_04_cpu_12_eval_001_846e4e1b5006e00e_d9b00abe,manifest:final_cycle_only,1.6537,1.4558,27,1,,658.888,deck
c66c627739df7644,..\2_LP\LOW_Fr_MASTER_result\local_3GA\runs_flow_20260712_004903_case~ker_05_cpu_13_eval_001_c66c627739df7644_1d93fd1d,manifest:final_cycle_only,1.6548,1.4939,27,1,,658.036,deck
e12a8b12cd675328,..\2_LP\LOW_Fr_MASTER_result\local_3GA\runs_flow_20260712_004903_case~ker_06_cpu_22_eval_001_e12a8b12cd675328_50dbc5cd,manifest:final_cycle_only,1.7237,1.5289,27,1,,658.697,deck
9d71eefb1cb401f3,..\2_LP\LOW_Fr_MASTER_result\local_3GA\runs_flow_20260712_004903_case~ker_07_cpu_23_eval_001_9d71eefb1cb401f3_be58493a,manifest:final_cycle_only,1.6532,1.4645,27,1,,658.603,deck
d97a8af2b9f789b7,..\2_LP\LOW_Fr_MASTER_result\local_3GA\runs_flow_20260712_004903_case~rker_00_cpu_0_eval_001_d97a8af2b9f789b7_322d072c,manifest:final_cycle_only,1.6009,1.4495,27,1,,659.243,deck
94d8723ba81f3ef7,..\2_LP\LOW_Fr_MASTER_result\local_3GA\runs_flow_20260712_004903_case~rker_00_cpu_0_eval_002_94d8723ba81f3ef7_2488f5a9,manifest:final_cycle_only,1.6002,1.4543,27,1,,659.207,deck
ce641926c65c1771,..\2_LP\LOW_Fr_MASTER_result\local_3GA\runs_flow_20260712_004903_case~rker_01_cpu_1_eval_001_ce641926c65c1771_5e3c4bfc,manifest:final_cycle_only,1.6135,1.4578,27,1,,658.897,deck
8d4c719068927a3c,..\2_LP\LOW_Fr_MASTER_result\local_3GA\runs_flow_20260712_020603_case~ker_02_cpu_10_eval_001_8d4c719068927a3c_48df4eef,manifest:final_cycle_only,1.6459,1.4877,27,1,,659.252,deck
318c5ec7e546e3ff,..\2_LP\LOW_Fr_MASTER_result\local_3GA\runs_flow_20260712_020603_case~ker_02_cpu_10_eval_002_318c5ec7e546e3ff_1e17d5d6,manifest:final_cycle_only,1.6028,1.4568,27,1,,658.439,deck
744f21f7d706f56a,..\2_LP\LOW_Fr_MASTER_result\local_3GA\runs_flow_20260712_020603_case~ker_03_cpu_11_eval_001_744f21f7d706f56a_535b1fc8,manifest:final_cycle_only,1.621,1.4667,27,1,,658.811,deck
d5edc64067b390c5,..\2_LP\LOW_Fr_MASTER_result\local_3GA\runs_flow_20260712_020603_case~ker_03_cpu_11_eval_002_d5edc64067b390c5_e5fae14f,manifest:final_cycle_only,1.6452,1.4935,27,1,,658.82,deck
e75158641e26e7c3,..\2_LP\LOW_Fr_MASTER_result\local_3GA\runs_flow_20260712_020603_case~ker_04_cpu_12_eval_001_e75158641e26e7c3_a33e47b8,manifest:final_cycle_only,1.7813,1.5935,27,1,,658.181,deck
666c2205d782b34d,..\2_LP\LOW_Fr_MASTER_result\local_3GA\runs_flow_20260712_020603_case~ker_04_cpu_12_eval_002_666c2205d782b34d_52f8d0df,manifest:final_cycle_only,1.636,1.4892,27,1,,657.565,deck
b466383f58bed756,..\2_LP\LOW_Fr_MASTER_result\local_3GA\runs_flow_20260712_020603_case~ker_05_cpu_13_eval_001_b466383f58bed756_cd840e74,manifest:final_cycle_only,1.7125,1.532,27,1,,658.051,deck
4c1a0bbc55435a63,..\2_LP\LOW_Fr_MASTER_result\local_3GA\runs_flow_20260712_020603_case~ker_05_cpu_13_eval_002_4c1a0bbc55435a63_24323a7e,manifest:final_cycle_only,1.626,1.4806,27,1,,658.794,deck
dbc30e13afc1d4d8,..\2_LP\LOW_Fr_MASTER_result\local_3GA\runs_flow_20260712_020603_case~ker_06_0a4cef9bceb2-1287fd32a2-wnnattnq_1c378889,manifest:final_cycle_only,1.6231,1.4517,27,1,,658.252,deck
dbc30e13afc1d4d8,..\2_LP\LOW_Fr_MASTER_result\local_3GA\runs_flow_20260712_020603_case~ker_06_0a4cef9bceb2-34cdc992c5-63dz2vai_4f5f94fd,manifest:final_cycle_only,2.2491,1.9703,24,1,,566.123,deck
dbc30e13afc1d4d8,..\2_LP\LOW_Fr_MASTER_result\local_3GA\runs_flow_20260712_020603_case~ker_06_0a4cef9bceb2-38805ec8e3-qaw7beiw_f59b0213,manifest:final_cycle_only,1.6241,1.4512,27,1,,659.664,deck
dbc30e13afc1d4d8,..\2_LP\LOW_Fr_MASTER_result\local_3GA\runs_flow_20260712_020603_case~ker_06_0a4cef9bceb2-41ce6a1714-9ve5kwe5_f1580b11,manifest:final_cycle_only,1.6282,1.4493,28,1,,662.714,deck
,..\2_LP\LOW_Fr_MASTER_result\local_3GA\runs_flow_20260712_020603_case~ker_06_0a4cef9bceb2-753ad35282-y55is9t0_1ac9b25f,no_mas_sum,,,0,0,,,
dbc30e13afc1d4d8,..\2_LP\LOW_Fr_MASTER_result\local_3GA\runs_flow_20260712_020603_case~ker_06_0a4cef9bceb2-76a1d6d869-acbo3adk_2f7a5537,manifest:final_cycle_only,1.6437,1.4647,29,1,,693.035,deck
dbc30e13afc1d4d8,..\2_LP\LOW_Fr_MASTER_result\local_3GA\runs_flow_20260712_020603_case~ker_06_0a4cef9bceb2-8f8af3c403-ywxbcpk8_fe1de591,manifest:final_cycle_only,1.6219,1.4604,27,1,,648.371,deck
e8276952cd21d090,..\2_LP\LOW_Fr_MASTER_result\local_3GA\runs_flow_20260712_020603_case~ker_06_cpu_22_eval_001_e8276952cd21d090_1beae6c4,manifest:final_cycle_only,1.8732,1.6758,27,1,,658.094,deck
7437a3c5203574c0,..\2_LP\LOW_Fr_MASTER_result\local_3GA\runs_flow_20260712_020603_case~ker_07_cpu_23_eval_001_7437a3c5203574c0_eca97995,manifest:final_cycle_only,1.7044,1.5245,27,1,,658.03,deck
98259f0a3695637c,..\2_LP\LOW_Fr_MASTER_result\local_3GA\runs_flow_20260712_020603_case~ker_07_cpu_23_eval_002_98259f0a3695637c_c88bfbd1,manifest:final_cycle_only,1.605,1.4579,27,1,,658.839,deck
d97a8af2b9f789b7,..\2_LP\LOW_Fr_MASTER_result\local_3GA\runs_flow_20260712_020603_case~rker_00_cpu_0_eval_001_d97a8af2b9f789b7_6e32c571,manifest:final_cycle_only,1.6009,1.4495,27,1,,659.243,deck
7e8f4eaf9bbdf04d,..\2_LP\LOW_Fr_MASTER_result\local_3GA\runs_flow_20260712_020603_case~rker_00_cpu_0_eval_002_7e8f4eaf9bbdf04d_c9027a33,manifest:final_cycle_only,1.6422,1.4804,27,1,,657.814,deck
cec1fe881a1f8f64,..\2_LP\LOW_Fr_MASTER_result\local_3GA\runs_flow_20260712_020603_case~rker_00_cpu_0_eval_003_cec1fe881a1f8f64_f79b077c,manifest:final_cycle_only,1.6411,1.4832,27,1,,658.74,deck
dc5004469055e92f,..\2_LP\LOW_Fr_MASTER_result\local_3GA\runs_flow_20260712_020603_case~rker_01_cpu_1_eval_001_dc5004469055e92f_82f5c38f,manifest:final_cycle_only,1.6375,1.4883,27,1,,657.816,deck
1e786726f53f5583,..\2_LP\LOW_Fr_MASTER_result\local_3GA\runs_flow_20260712_020603_case~rker_01_cpu_1_eval_002_1e786726f53f5583_29376483,manifest:final_cycle_only,1.609,1.461,27,1,,658.501,deck
fe9eaad67e64d58d,..\2_LP\LOW_Fr_MASTER_result\local_3GA\runs_flow_20260712_022558_case~ker_02_cpu_10_eval_001_fe9eaad67e64d58d_d0549d38,manifest:final_cycle_only,1.7311,1.5337,27,1,,658.598,deck
141932c1d1f9071f,..\2_LP\LOW_Fr_MASTER_result\local_3GA\runs_flow_20260712_022558_case~ker_02_cpu_10_eval_002_141932c1d1f9071f_de592208,manifest:final_cycle_only,1.6166,1.4662,27,1,,659.489,deck
a4a55df6db55591c,..\2_LP\LOW_Fr_MASTER_result\local_3GA\runs_flow_20260712_022558_case~ker_03_cpu_11_eval_001_a4a55df6db55591c_3638d6d7,manifest:final_cycle_only,1.6375,1.4826,27,1,,658.399,deck
13507c355c2db5f8,..\2_LP\LOW_Fr_MASTER_result\local_3GA\runs_flow_20260712_022558_case~ker_03_cpu_11_eval_002_13507c355c2db5f8_7d638227,manifest:final_cycle_only,1.6171,1.4663,27,1,,659.477,deck
ef527a3859fdc928,..\2_LP\LOW_Fr_MASTER_result\local_3GA\runs_flow_20260712_022558_case~ker_04_cpu_12_eval_001_ef527a3859fdc928_e052d8be,manifest:final_cycle_only,1.7159,1.5349,27,1,,658.497,deck
94d8723ba81f3ef7,..\2_LP\LOW_Fr_MASTER_result\local_3GA\runs_flow_20260712_022558_case~ker_04_cpu_12_eval_002_94d8723ba81f3ef7_db8cb94b,manifest:final_cycle_only,1.6002,1.4543,27,1,,659.207,deck
8f575c6379170b6b,..\2_LP\LOW_Fr_MASTER_result\local_3GA\runs_flow_20260712_022558_case~ker_05_cpu_13_eval_001_8f575c6379170b6b_715fe310,manifest:final_cycle_only,1.6548,1.4921,27,1,,657.991,deck
b6e2874628a75188,..\2_LP\LOW_Fr_MASTER_result\local_3GA\runs_flow_20260712_022558_case~ker_05_cpu_13_eval_002_b6e2874628a75188_43bd9605,manifest:final_cycle_only,1.6017,1.4494,27,1,,659.249,deck
7ec18fd0723565ed,..\2_LP\LOW_Fr_MASTER_result\local_3GA\runs_flow_20260712_022558_case~ker_06_cpu_22_eval_001_7ec18fd0723565ed_ae3a8436,manifest:final_cycle_only,1.6733,1.487,27,1,,659.333,deck
b42cc47329c8ca3b,..\2_LP\LOW_Fr_MASTER_result\local_3GA\runs_flow_20260712_022558_case~ker_06_cpu_22_eval_002_b42cc47329c8ca3b_1c2fb03a,manifest:final_cycle_only,1.6252,1.4715,27,1,,659.429,deck
bcbab1c9c8c01026,..\2_LP\LOW_Fr_MASTER_result\local_3GA\runs_flow_20260712_022558_case~ker_07_cpu_23_eval_001_bcbab1c9c8c01026_250fa222,manifest:final_cycle_only,1.6915,1.5001,27,1,,659.513,deck
c4563f20d9c9939b,..\2_LP\LOW_Fr_MASTER_result\local_3GA\runs_flow_20260712_022558_case~ker_07_cpu_23_eval_002_c4563f20d9c9939b_2661a882,manifest:final_cycle_only,1.6063,1.451,27,1,,659.176,deck
d97a8af2b9f789b7,..\2_LP\LOW_Fr_MASTER_result\local_3GA\runs_flow_20260712_022558_case~rker_00_cpu_0_eval_001_d97a8af2b9f789b7_4c9c9119,manifest:final_cycle_only,1.6009,1.4495,27,1,,659.243,deck
7e8f4eaf9bbdf04d,..\2_LP\LOW_Fr_MASTER_result\local_3GA\runs_flow_20260712_022558_case~rker_00_cpu_0_eval_002_7e8f4eaf9bbdf04d_bdd0c1a0,manifest:final_cycle_only,1.6422,1.4804,27,1,,657.814,deck
d40c2f2697da82b6,..\2_LP\LOW_Fr_MASTER_result\local_3GA\runs_flow_20260712_022558_case~rker_00_cpu_0_eval_003_d40c2f2697da82b6_01f2bebc,manifest:final_cycle_only,1.6158,1.4656,27,1,,659.489,deck
ad551688302491a0,..\2_LP\LOW_Fr_MASTER_result\local_3GA\runs_flow_20260712_022558_case~rker_01_cpu_1_eval_001_ad551688302491a0_4c09bb64,manifest:final_cycle_only,1.614,1.4614,27,1,,657.506,deck
22ba7f82cc593ce7,..\2_LP\LOW_Fr_MASTER_result\local_3GA\runs_flow_20260712_022558_case~rker_01_cpu_1_eval_002_22ba7f82cc593ce7_e4642f18,manifest:final_cycle_only,1.601,1.4488,27,1,,659.242,deck
,..\2_LP\LOW_Fr_MASTER_result\local_3GA\runs_flow_20260712_131229_case~-boc_hzp_full-3d797337ef18d18e-lv6_an29_711ca4b8,no_digest,,,0,0,,,
,..\2_LP\LOW_Fr_MASTER_result\local_3GA\runs_flow_20260712_131229_case~-boc_hzp_full-614d4eb20d187cdb-wxafgg2n_92f0b5f6,no_digest,,,0,0,,,
,..\2_LP\LOW_Fr_MASTER_result\local_3GA\runs_flow_20260712_131229_case~-boc_hzp_full-ad551688302491a0-o43u68dk_4a9b26d9,no_digest,,,0,0,,,
,..\2_LP\LOW_Fr_MASTER_result\local_3GA\runs_flow_20260712_131229_case~-boc_hzp_full-d97a8af2b9f789b7-0oz73a5g_4d00b25d,no_digest,,,0,0,,,
,..\2_LP\LOW_Fr_MASTER_result\local_3GA\runs_flow_20260712_131229_case~-eoc_hzp_full-3d797337ef18d18e-q0yu4ybo_dbbb8c1a,no_digest,,,0,0,,,
,..\2_LP\LOW_Fr_MASTER_result\local_3GA\runs_flow_20260712_131229_case~-eoc_hzp_full-614d4eb20d187cdb-nkxmdcuy_036b55ee,no_digest,,,0,0,,,
,..\2_LP\LOW_Fr_MASTER_result\local_3GA\runs_flow_20260712_131229_case~-eoc_hzp_full-ad551688302491a0-0x1y7v3j_b0bf7b6d,no_digest,,,0,0,,,
,..\2_LP\LOW_Fr_MASTER_result\local_3GA\runs_flow_20260712_131229_case~-eoc_hzp_full-d97a8af2b9f789b7-fem0jtj1_320a17f2,no_digest,,,0,0,,,
,..\2_LP\LOW_Fr_MASTER_result\local_3GA\runs_flow_20260712_131229_case~187cdb_equilibrium_boc_sdm_requirements_969dd4ea,no_digest,,,0,0,,,
,..\2_LP\LOW_Fr_MASTER_result\local_3GA\runs_flow_20260712_131229_case~187cdb_equilibrium_eoc_sdm_requirements_6d601975,no_digest,,,0,0,,,
,..\2_LP\LOW_Fr_MASTER_result\local_3GA\runs_flow_20260712_131229_case~18d18e_equilibrium_boc_sdm_requirements_0c7e5beb,no_digest,,,0,0,,,
,..\2_LP\LOW_Fr_MASTER_result\local_3GA\runs_flow_20260712_131229_case~18d18e_equilibrium_eoc_sdm_requirements_9f840269,no_digest,,,0,0,,,
,..\2_LP\LOW_Fr_MASTER_result\local_3GA\runs_flow_20260712_131229_case~20260712_131231_safety_shared_full_seed_0599dd48\full_cy01,chain:cy01/1,3.2439,2.93,39,0,above_ceiling,1047.53,
,..\2_LP\LOW_Fr_MASTER_result\local_3GA\runs_flow_20260712_131229_case~231_safety_3d797337ef18d18e_equilibrium_81731ed0\full_cy02,superseded,,,0,0,,,
,..\2_LP\LOW_Fr_MASTER_result\local_3GA\runs_flow_20260712_131229_case~231_safety_3d797337ef18d18e_equilibrium_81731ed0\full_cy03,superseded,,,0,0,,,
,..\2_LP\LOW_Fr_MASTER_result\local_3GA\runs_flow_20260712_131229_case~231_safety_3d797337ef18d18e_equilibrium_81731ed0\full_cy04,superseded,,,0,0,,,
,..\2_LP\LOW_Fr_MASTER_result\local_3GA\runs_flow_20260712_131229_case~231_safety_3d797337ef18d18e_equilibrium_81731ed0\full_cy05,superseded,,,0,0,,,
,..\2_LP\LOW_Fr_MASTER_result\local_3GA\runs_flow_20260712_131229_case~231_safety_3d797337ef18d18e_equilibrium_81731ed0\full_cy06,superseded,,,0,0,,,
,..\2_LP\LOW_Fr_MASTER_result\local_3GA\runs_flow_20260712_131229_case~231_safety_3d797337ef18d18e_equilibrium_81731ed0\full_cy07,superseded,,,0,0,,,
,..\2_LP\LOW_Fr_MASTER_result\local_3GA\runs_flow_20260712_131229_case~231_safety_3d797337ef18d18e_equilibrium_81731ed0\full_cy08,superseded,,,0,0,,,
,..\2_LP\LOW_Fr_MASTER_result\local_3GA\runs_flow_20260712_131229_case~231_safety_3d797337ef18d18e_equilibrium_81731ed0\full_cy09,superseded,,,0,0,,,
,..\2_LP\LOW_Fr_MASTER_result\local_3GA\runs_flow_20260712_131229_case~231_safety_3d797337ef18d18e_equilibrium_81731ed0\full_cy10,chain:cy10/10,1.6144,1.4643,27,1,,658.24,
3d797337ef18d18e,..\2_LP\LOW_Fr_MASTER_result\local_3GA\runs_flow_20260712_131229_case~231_safety_3d797337ef18d18e_equilibrium_81731ed0\quarter_cy99,superseded,,,0,0,,,deck
,..\2_LP\LOW_Fr_MASTER_result\local_3GA\runs_flow_20260712_131229_case~231_safety_614d4eb20d187cdb_equilibrium_330e462a\full_cy02,superseded,,,0,0,,,
,..\2_LP\LOW_Fr_MASTER_result\local_3GA\runs_flow_20260712_131229_case~231_safety_614d4eb20d187cdb_equilibrium_330e462a\full_cy03,superseded,,,0,0,,,
,..\2_LP\LOW_Fr_MASTER_result\local_3GA\runs_flow_20260712_131229_case~231_safety_614d4eb20d187cdb_equilibrium_330e462a\full_cy04,superseded,,,0,0,,,
,..\2_LP\LOW_Fr_MASTER_result\local_3GA\runs_flow_20260712_131229_case~231_safety_614d4eb20d187cdb_equilibrium_330e462a\full_cy05,superseded,,,0,0,,,
,..\2_LP\LOW_Fr_MASTER_result\local_3GA\runs_flow_20260712_131229_case~231_safety_614d4eb20d187cdb_equilibrium_330e462a\full_cy06,superseded,,,0,0,,,
,..\2_LP\LOW_Fr_MASTER_result\local_3GA\runs_flow_20260712_131229_case~231_safety_614d4eb20d187cdb_equilibrium_330e462a\full_cy07,superseded,,,0,0,,,
,..\2_LP\LOW_Fr_MASTER_result\local_3GA\runs_flow_20260712_131229_case~231_safety_614d4eb20d187cdb_equilibrium_330e462a\full_cy08,superseded,,,0,0,,,
,..\2_LP\LOW_Fr_MASTER_result\local_3GA\runs_flow_20260712_131229_case~231_safety_614d4eb20d187cdb_equilibrium_330e462a\full_cy09,superseded,,,0,0,,,
,..\2_LP\LOW_Fr_MASTER_result\local_3GA\runs_flow_20260712_131229_case~231_safety_614d4eb20d187cdb_equilibrium_330e462a\full_cy10,chain:cy10/10,1.6714,1.4783,27,1,,657.896,
614d4eb20d187cdb,..\2_LP\LOW_Fr_MASTER_result\local_3GA\runs_flow_20260712_131229_case~231_safety_614d4eb20d187cdb_equilibrium_330e462a\quarter_cy99,superseded,,,0,0,,,deck
,..\2_LP\LOW_Fr_MASTER_result\local_3GA\runs_flow_20260712_131229_case~231_safety_ad551688302491a0_equilibrium_f47dc02b\full_cy02,superseded,,,0,0,,,
,..\2_LP\LOW_Fr_MASTER_result\local_3GA\runs_flow_20260712_131229_case~231_safety_ad551688302491a0_equilibrium_f47dc02b\full_cy03,superseded,,,0,0,,,
,..\2_LP\LOW_Fr_MASTER_result\local_3GA\runs_flow_20260712_131229_case~231_safety_ad551688302491a0_equilibrium_f47dc02b\full_cy04,superseded,,,0,0,,,
,..\2_LP\LOW_Fr_MASTER_result\local_3GA\runs_flow_20260712_131229_case~231_safety_ad551688302491a0_equilibrium_f47dc02b\full_cy05,superseded,,,0,0,,,
,..\2_LP\LOW_Fr_MASTER_result\local_3GA\runs_flow_20260712_131229_case~231_safety_ad551688302491a0_equilibrium_f47dc02b\full_cy06,superseded,,,0,0,,,
,..\2_LP\LOW_Fr_MASTER_result\local_3GA\runs_flow_20260712_131229_case~231_safety_ad551688302491a0_equilibrium_f47dc02b\full_cy07,superseded,,,0,0,,,
,..\2_LP\LOW_Fr_MASTER_result\local_3GA\runs_flow_20260712_131229_case~231_safety_ad551688302491a0_equilibrium_f47dc02b\full_cy08,superseded,,,0,0,,,
,..\2_LP\LOW_Fr_MASTER_result\local_3GA\runs_flow_20260712_131229_case~231_safety_ad551688302491a0_equilibrium_f47dc02b\full_cy09,chain:cy09/9,1.6172,1.4715,27,1,,656.764,
ad551688302491a0,..\2_LP\LOW_Fr_MASTER_result\local_3GA\runs_flow_20260712_131229_case~231_safety_ad551688302491a0_equilibrium_f47dc02b\quarter_cy99,superseded,,,0,0,,,deck
,..\2_LP\LOW_Fr_MASTER_result\local_3GA\runs_flow_20260712_131229_case~231_safety_d97a8af2b9f789b7_equilibrium_3c1a2e48\full_cy02,superseded,,,0,0,,,
,..\2_LP\LOW_Fr_MASTER_result\local_3GA\runs_flow_20260712_131229_case~231_safety_d97a8af2b9f789b7_equilibrium_3c1a2e48\full_cy03,superseded,,,0,0,,,
,..\2_LP\LOW_Fr_MASTER_result\local_3GA\runs_flow_20260712_131229_case~231_safety_d97a8af2b9f789b7_equilibrium_3c1a2e48\full_cy04,superseded,,,0,0,,,
,..\2_LP\LOW_Fr_MASTER_result\local_3GA\runs_flow_20260712_131229_case~231_safety_d97a8af2b9f789b7_equilibrium_3c1a2e48\full_cy05,superseded,,,0,0,,,
,..\2_LP\LOW_Fr_MASTER_result\local_3GA\runs_flow_20260712_131229_case~231_safety_d97a8af2b9f789b7_equilibrium_3c1a2e48\full_cy06,superseded,,,0,0,,,
,..\2_LP\LOW_Fr_MASTER_result\local_3GA\runs_flow_20260712_131229_case~231_safety_d97a8af2b9f789b7_equilibrium_3c1a2e48\full_cy07,superseded,,,0,0,,,
,..\2_LP\LOW_Fr_MASTER_result\local_3GA\runs_flow_20260712_131229_case~231_safety_d97a8af2b9f789b7_equilibrium_3c1a2e48\full_cy08,superseded,,,0,0,,,
,..\2_LP\LOW_Fr_MASTER_result\local_3GA\runs_flow_20260712_131229_case~231_safety_d97a8af2b9f789b7_equilibrium_3c1a2e48\full_cy09,superseded,,,0,0,,,
,..\2_LP\LOW_Fr_MASTER_result\local_3GA\runs_flow_20260712_131229_case~231_safety_d97a8af2b9f789b7_equilibrium_3c1a2e48\full_cy10,chain:cy10/10,1.6092,1.4627,27,1,,658.601,
d97a8af2b9f789b7,..\2_LP\LOW_Fr_MASTER_result\local_3GA\runs_flow_20260712_131229_case~231_safety_d97a8af2b9f789b7_equilibrium_3c1a2e48\quarter_cy99,superseded,,,0,0,,,deck
,..\2_LP\LOW_Fr_MASTER_result\local_3GA\runs_flow_20260712_131229_case~2491a0_equilibrium_boc_sdm_requirements_9949b3fa,no_digest,,,0,0,,,
,..\2_LP\LOW_Fr_MASTER_result\local_3GA\runs_flow_20260712_131229_case~2491a0_equilibrium_eoc_sdm_requirements_d73c6146,no_digest,,,0,0,,,
,..\2_LP\LOW_Fr_MASTER_result\local_3GA\runs_flow_20260712_131229_case~c_hzp_quarter-3d797337ef18d18e-kbrtlyi3_4d57d52e,no_digest,,,0,0,,,
,..\2_LP\LOW_Fr_MASTER_result\local_3GA\runs_flow_20260712_131229_case~c_hzp_quarter-614d4eb20d187cdb-4sbe50v7_1a415f82,no_digest,,,0,0,,,
,..\2_LP\LOW_Fr_MASTER_result\local_3GA\runs_flow_20260712_131229_case~c_hzp_quarter-ad551688302491a0-ne6nj64h_9d421d26,no_digest,,,0,0,,,
,..\2_LP\LOW_Fr_MASTER_result\local_3GA\runs_flow_20260712_131229_case~c_hzp_quarter-d97a8af2b9f789b7-f4ff1xlw_7e10cfe0,no_digest,,,0,0,,,
,..\2_LP\LOW_Fr_MASTER_result\local_3GA\runs_flow_20260712_131229_case~f789b7_equilibrium_boc_sdm_requirements_6515fb0f,no_digest,,,0,0,,,
,..\2_LP\LOW_Fr_MASTER_result\local_3GA\runs_flow_20260712_131229_case~f789b7_equilibrium_eoc_sdm_requirements_05745d8b,no_digest,,,0,0,,,
bcbab1c9c8c01026,..\2_LP\LOW_Fr_MASTER_result\local_3GA\runs_flow_20260712_131229_case~ker_02_cpu_10_eval_001_bcbab1c9c8c01026_197924ae,manifest:final_cycle_only,1.6915,1.5001,27,1,,659.513,deck
aa2849c1d8df6fd9,..\2_LP\LOW_Fr_MASTER_result\local_3GA\runs_flow_20260712_131229_case~ker_02_cpu_10_eval_002_aa2849c1d8df6fd9_86fe62b6,manifest:final_cycle_only,1.6628,1.4746,27,1,,658.43,deck
24e0edf121704bd5,..\2_LP\LOW_Fr_MASTER_result\local_3GA\runs_flow_20260712_131229_case~ker_03_cpu_11_eval_001_24e0edf121704bd5_ff61151b,manifest:final_cycle_only,1.6795,1.4925,27,1,,659.414,deck
51ab0497b23c3fe7,..\2_LP\LOW_Fr_MASTER_result\local_3GA\runs_flow_20260712_131229_case~ker_03_cpu_11_eval_002_51ab0497b23c3fe7_a0459f74,manifest:final_cycle_only,1.6512,1.4704,27,1,,658.123,deck
d6f0fb2ce64c1dd7,..\2_LP\LOW_Fr_MASTER_result\local_3GA\runs_flow_20260712_131229_case~ker_04_cpu_12_eval_001_d6f0fb2ce64c1dd7_6029e91f,manifest:final_cycle_only,1.6142,1.4615,27,1,,658.54,deck
ad551688302491a0,..\2_LP\LOW_Fr_MASTER_result\local_3GA\runs_flow_20260712_131229_case~ker_04_cpu_12_eval_002_ad551688302491a0_0421c126,manifest:final_cycle_only,1.614,1.4614,27,1,,657.506,deck
7ec18fd0723565ed,..\2_LP\LOW_Fr_MASTER_result\local_3GA\runs_flow_20260712_131229_case~ker_05_cpu_13_eval_001_7ec18fd0723565ed_869deac5,manifest:final_cycle_only,1.6733,1.487,27,1,,659.333,deck
e0be14cba4b454b5,..\2_LP\LOW_Fr_MASTER_result\local_3GA\runs_flow_20260712_131229_case~ker_05_cpu_13_eval_002_e0be14cba4b454b5_80f269ef,manifest:final_cycle_only,1.6275,1.4578,27,1,,659.376,deck
2718ad0936cd14db,..\2_LP\LOW_Fr_MASTER_result\local_3GA\runs_flow_20260712_131229_case~ker_06_cpu_22_eval_001_2718ad0936cd14db_beeef751,manifest:final_cycle_only,1.6087,1.4537,27,1,,658.818,deck
6898825d75c1f3f5,..\2_LP\LOW_Fr_MASTER_result\local_3GA\runs_flow_20260712_131229_case~ker_06_cpu_22_eval_002_6898825d75c1f3f5_b6313fe2,manifest:final_cycle_only,1.6282,1.4668,27,1,,659.318,deck
614d4eb20d187cdb,..\2_LP\LOW_Fr_MASTER_result\local_3GA\runs_flow_20260712_131229_case~ker_07_cpu_23_eval_001_614d4eb20d187cdb_61f7cff8,manifest:final_cycle_only,1.6193,1.4698,27,1,,658.55,deck
9fe995a1f3dfe9bb,..\2_LP\LOW_Fr_MASTER_result\local_3GA\runs_flow_20260712_131229_case~ker_07_cpu_23_eval_002_9fe995a1f3dfe9bb_638983fb,manifest:final_cycle_only,1.6762,1.4706,27,1,,659.002,deck
d97a8af2b9f789b7,..\2_LP\LOW_Fr_MASTER_result\local_3GA\runs_flow_20260712_131229_case~rker_00_cpu_0_eval_001_d97a8af2b9f789b7_581d36c7,manifest:final_cycle_only,1.6009,1.4495,27,1,,659.243,deck
e12a8b12cd675328,..\2_LP\LOW_Fr_MASTER_result\local_3GA\runs_flow_20260712_131229_case~rker_00_cpu_0_eval_002_e12a8b12cd675328_61df8ba4,manifest:final_cycle_only,1.7237,1.5289,27,1,,658.697,deck
3d797337ef18d18e,..\2_LP\LOW_Fr_MASTER_result\local_3GA\runs_flow_20260712_131229_case~rker_00_cpu_0_eval_003_3d797337ef18d18e_d846e04f,manifest:final_cycle_only,1.6104,1.455,27,1,,658.919,deck
11976b2a36abf066,..\2_LP\LOW_Fr_MASTER_result\local_3GA\runs_flow_20260712_131229_case~rker_01_cpu_1_eval_001_11976b2a36abf066_b51905a2,manifest:final_cycle_only,1.6954,1.5024,27,1,,659.277,deck
27cec1fa86fcf723,..\2_LP\LOW_Fr_MASTER_result\local_3GA\runs_flow_20260712_131229_case~rker_01_cpu_1_eval_002_27cec1fa86fcf723_20c6327c,manifest:final_cycle_only,1.6182,1.473,27,1,,659.394,deck
,..\2_LP\LOW_Fr_MASTER_result\local_3GA\runs_flow_20260712_142222_case~-boc_hzp_full-3d797337ef18d18e-l4eykt3q_c5ac82e3,no_digest,,,0,0,,,
,..\2_LP\LOW_Fr_MASTER_result\local_3GA\runs_flow_20260712_142222_case~-boc_hzp_full-614d4eb20d187cdb-gfmkrhda_c3234866,no_digest,,,0,0,,,
,..\2_LP\LOW_Fr_MASTER_result\local_3GA\runs_flow_20260712_142222_case~-boc_hzp_full-ad551688302491a0-st3t6ip3_1872b5a8,no_digest,,,0,0,,,
,..\2_LP\LOW_Fr_MASTER_result\local_3GA\runs_flow_20260712_142222_case~-boc_hzp_full-d97a8af2b9f789b7-09q5k7u8_19932d73,no_digest,,,0,0,,,
,..\2_LP\LOW_Fr_MASTER_result\local_3GA\runs_flow_20260712_142222_case~-eoc_hzp_full-3d797337ef18d18e-r0tw2wep_a8a796ea,no_digest,,,0,0,,,
,..\2_LP\LOW_Fr_MASTER_result\local_3GA\runs_flow_20260712_142222_case~-eoc_hzp_full-614d4eb20d187cdb-2eundw02_04207065,no_digest,,,0,0,,,
,..\2_LP\LOW_Fr_MASTER_result\local_3GA\runs_flow_20260712_142222_case~-eoc_hzp_full-ad551688302491a0-is3dnz50_4f15136b,no_digest,,,0,0,,,
,..\2_LP\LOW_Fr_MASTER_result\local_3GA\runs_flow_20260712_142222_case~-eoc_hzp_full-d97a8af2b9f789b7-_tog5a79_a87fd026,no_digest,,,0,0,,,
,..\2_LP\LOW_Fr_MASTER_result\local_3GA\runs_flow_20260712_142222_case~187cdb_equilibrium_boc_sdm_requirements_4a463b26,no_digest,,,0,0,,,
,..\2_LP\LOW_Fr_MASTER_result\local_3GA\runs_flow_20260712_142222_case~187cdb_equilibrium_eoc_sdm_requirements_79a0ab0b,no_digest,,,0,0,,,
,..\2_LP\LOW_Fr_MASTER_result\local_3GA\runs_flow_20260712_142222_case~18d18e_equilibrium_boc_sdm_requirements_14de5ed7,no_digest,,,0,0,,,
,..\2_LP\LOW_Fr_MASTER_result\local_3GA\runs_flow_20260712_142222_case~18d18e_equilibrium_eoc_sdm_requirements_c02fc37e,no_digest,,,0,0,,,
,..\2_LP\LOW_Fr_MASTER_result\local_3GA\runs_flow_20260712_142222_case~20260712_142226_safety_shared_full_seed_bbd61f48\full_cy01,chain:cy01/1,3.2439,2.93,39,0,above_ceiling,1047.53,
,..\2_LP\LOW_Fr_MASTER_result\local_3GA\runs_flow_20260712_142222_case~226_safety_3d797337ef18d18e_equilibrium_f318dddb\full_cy02,superseded,,,0,0,,,
,..\2_LP\LOW_Fr_MASTER_result\local_3GA\runs_flow_20260712_142222_case~226_safety_3d797337ef18d18e_equilibrium_f318dddb\full_cy03,superseded,,,0,0,,,
,..\2_LP\LOW_Fr_MASTER_result\local_3GA\runs_flow_20260712_142222_case~226_safety_3d797337ef18d18e_equilibrium_f318dddb\full_cy04,superseded,,,0,0,,,
,..\2_LP\LOW_Fr_MASTER_result\local_3GA\runs_flow_20260712_142222_case~226_safety_3d797337ef18d18e_equilibrium_f318dddb\full_cy05,superseded,,,0,0,,,
,..\2_LP\LOW_Fr_MASTER_result\local_3GA\runs_flow_20260712_142222_case~226_safety_3d797337ef18d18e_equilibrium_f318dddb\full_cy06,superseded,,,0,0,,,
,..\2_LP\LOW_Fr_MASTER_result\local_3GA\runs_flow_20260712_142222_case~226_safety_3d797337ef18d18e_equilibrium_f318dddb\full_cy07,superseded,,,0,0,,,
,..\2_LP\LOW_Fr_MASTER_result\local_3GA\runs_flow_20260712_142222_case~226_safety_3d797337ef18d18e_equilibrium_f318dddb\full_cy08,superseded,,,0,0,,,
,..\2_LP\LOW_Fr_MASTER_result\local_3GA\runs_flow_20260712_142222_case~226_safety_3d797337ef18d18e_equilibrium_f318dddb\full_cy09,superseded,,,0,0,,,
,..\2_LP\LOW_Fr_MASTER_result\local_3GA\runs_flow_20260712_142222_case~226_safety_3d797337ef18d18e_equilibrium_f318dddb\full_cy10,chain:cy10/10,1.6144,1.4643,27,1,,658.24,
3d797337ef18d18e,..\2_LP\LOW_Fr_MASTER_result\local_3GA\runs_flow_20260712_142222_case~226_safety_3d797337ef18d18e_equilibrium_f318dddb\quarter_cy99,superseded,,,0,0,,,deck
,..\2_LP\LOW_Fr_MASTER_result\local_3GA\runs_flow_20260712_142222_case~226_safety_614d4eb20d187cdb_equilibrium_1d43d56e\full_cy02,superseded,,,0,0,,,
,..\2_LP\LOW_Fr_MASTER_result\local_3GA\runs_flow_20260712_142222_case~226_safety_614d4eb20d187cdb_equilibrium_1d43d56e\full_cy03,superseded,,,0,0,,,
,..\2_LP\LOW_Fr_MASTER_result\local_3GA\runs_flow_20260712_142222_case~226_safety_614d4eb20d187cdb_equilibrium_1d43d56e\full_cy04,superseded,,,0,0,,,
,..\2_LP\LOW_Fr_MASTER_result\local_3GA\runs_flow_20260712_142222_case~226_safety_614d4eb20d187cdb_equilibrium_1d43d56e\full_cy05,superseded,,,0,0,,,
,..\2_LP\LOW_Fr_MASTER_result\local_3GA\runs_flow_20260712_142222_case~226_safety_614d4eb20d187cdb_equilibrium_1d43d56e\full_cy06,superseded,,,0,0,,,
,..\2_LP\LOW_Fr_MASTER_result\local_3GA\runs_flow_20260712_142222_case~226_safety_614d4eb20d187cdb_equilibrium_1d43d56e\full_cy07,superseded,,,0,0,,,
,..\2_LP\LOW_Fr_MASTER_result\local_3GA\runs_flow_20260712_142222_case~226_safety_614d4eb20d187cdb_equilibrium_1d43d56e\full_cy08,superseded,,,0,0,,,
,..\2_LP\LOW_Fr_MASTER_result\local_3GA\runs_flow_20260712_142222_case~226_safety_614d4eb20d187cdb_equilibrium_1d43d56e\full_cy09,superseded,,,0,0,,,
,..\2_LP\LOW_Fr_MASTER_result\local_3GA\runs_flow_20260712_142222_case~226_safety_614d4eb20d187cdb_equilibrium_1d43d56e\full_cy10,chain:cy10/10,1.6714,1.4783,27,1,,657.896,
614d4eb20d187cdb,..\2_LP\LOW_Fr_MASTER_result\local_3GA\runs_flow_20260712_142222_case~226_safety_614d4eb20d187cdb_equilibrium_1d43d56e\quarter_cy99,superseded,,,0,0,,,deck
,..\2_LP\LOW_Fr_MASTER_result\local_3GA\runs_flow_20260712_142222_case~226_safety_ad551688302491a0_equilibrium_017b62dc\full_cy02,superseded,,,0,0,,,
,..\2_LP\LOW_Fr_MASTER_result\local_3GA\runs_flow_20260712_142222_case~226_safety_ad551688302491a0_equilibrium_017b62dc\full_cy03,superseded,,,0,0,,,
,..\2_LP\LOW_Fr_MASTER_result\local_3GA\runs_flow_20260712_142222_case~226_safety_ad551688302491a0_equilibrium_017b62dc\full_cy04,superseded,,,0,0,,,
,..\2_LP\LOW_Fr_MASTER_result\local_3GA\runs_flow_20260712_142222_case~226_safety_ad551688302491a0_equilibrium_017b62dc\full_cy05,superseded,,,0,0,,,
,..\2_LP\LOW_Fr_MASTER_result\local_3GA\runs_flow_20260712_142222_case~226_safety_ad551688302491a0_equilibrium_017b62dc\full_cy06,superseded,,,0,0,,,
,..\2_LP\LOW_Fr_MASTER_result\local_3GA\runs_flow_20260712_142222_case~226_safety_ad551688302491a0_equilibrium_017b62dc\full_cy07,superseded,,,0,0,,,
,..\2_LP\LOW_Fr_MASTER_result\local_3GA\runs_flow_20260712_142222_case~226_safety_ad551688302491a0_equilibrium_017b62dc\full_cy08,superseded,,,0,0,,,
,..\2_LP\LOW_Fr_MASTER_result\local_3GA\runs_flow_20260712_142222_case~226_safety_ad551688302491a0_equilibrium_017b62dc\full_cy09,chain:cy09/9,1.6172,1.4715,27,1,,656.764,
ad551688302491a0,..\2_LP\LOW_Fr_MASTER_result\local_3GA\runs_flow_20260712_142222_case~226_safety_ad551688302491a0_equilibrium_017b62dc\quarter_cy99,superseded,,,0,0,,,deck
,..\2_LP\LOW_Fr_MASTER_result\local_3GA\runs_flow_20260712_142222_case~226_safety_d97a8af2b9f789b7_equilibrium_668f42cd\full_cy02,superseded,,,0,0,,,
,..\2_LP\LOW_Fr_MASTER_result\local_3GA\runs_flow_20260712_142222_case~226_safety_d97a8af2b9f789b7_equilibrium_668f42cd\full_cy03,superseded,,,0,0,,,
,..\2_LP\LOW_Fr_MASTER_result\local_3GA\runs_flow_20260712_142222_case~226_safety_d97a8af2b9f789b7_equilibrium_668f42cd\full_cy04,superseded,,,0,0,,,
,..\2_LP\LOW_Fr_MASTER_result\local_3GA\runs_flow_20260712_142222_case~226_safety_d97a8af2b9f789b7_equilibrium_668f42cd\full_cy05,superseded,,,0,0,,,
,..\2_LP\LOW_Fr_MASTER_result\local_3GA\runs_flow_20260712_142222_case~226_safety_d97a8af2b9f789b7_equilibrium_668f42cd\full_cy06,superseded,,,0,0,,,
,..\2_LP\LOW_Fr_MASTER_result\local_3GA\runs_flow_20260712_142222_case~226_safety_d97a8af2b9f789b7_equilibrium_668f42cd\full_cy07,superseded,,,0,0,,,
,..\2_LP\LOW_Fr_MASTER_result\local_3GA\runs_flow_20260712_142222_case~226_safety_d97a8af2b9f789b7_equilibrium_668f42cd\full_cy08,superseded,,,0,0,,,
,..\2_LP\LOW_Fr_MASTER_result\local_3GA\runs_flow_20260712_142222_case~226_safety_d97a8af2b9f789b7_equilibrium_668f42cd\full_cy09,superseded,,,0,0,,,
,..\2_LP\LOW_Fr_MASTER_result\local_3GA\runs_flow_20260712_142222_case~226_safety_d97a8af2b9f789b7_equilibrium_668f42cd\full_cy10,chain:cy10/10,1.6092,1.4627,27,1,,658.601,
d97a8af2b9f789b7,..\2_LP\LOW_Fr_MASTER_result\local_3GA\runs_flow_20260712_142222_case~226_safety_d97a8af2b9f789b7_equilibrium_668f42cd\quarter_cy99,superseded,,,0,0,,,deck
,..\2_LP\LOW_Fr_MASTER_result\local_3GA\runs_flow_20260712_142222_case~2491a0_equilibrium_boc_sdm_requirements_dd2e7ddb,no_digest,,,0,0,,,
,..\2_LP\LOW_Fr_MASTER_result\local_3GA\runs_flow_20260712_142222_case~2491a0_equilibrium_eoc_sdm_requirements_f5428b3a,no_digest,,,0,0,,,
,..\2_LP\LOW_Fr_MASTER_result\local_3GA\runs_flow_20260712_142222_case~c_hzp_quarter-3d797337ef18d18e-dp2bx4kq_15c5f6f1,no_digest,,,0,0,,,
,..\2_LP\LOW_Fr_MASTER_result\local_3GA\runs_flow_20260712_142222_case~c_hzp_quarter-614d4eb20d187cdb-g4pwymsc_57724151,no_digest,,,0,0,,,
,..\2_LP\LOW_Fr_MASTER_result\local_3GA\runs_flow_20260712_142222_case~c_hzp_quarter-ad551688302491a0-od98wtg7_75c23fed,no_digest,,,0,0,,,
,..\2_LP\LOW_Fr_MASTER_result\local_3GA\runs_flow_20260712_142222_case~c_hzp_quarter-d97a8af2b9f789b7-adhcct1u_661f5388,no_digest,,,0,0,,,
,..\2_LP\LOW_Fr_MASTER_result\local_3GA\runs_flow_20260712_142222_case~f789b7_equilibrium_boc_sdm_requirements_02244e21,no_digest,,,0,0,,,
,..\2_LP\LOW_Fr_MASTER_result\local_3GA\runs_flow_20260712_142222_case~f789b7_equilibrium_eoc_sdm_requirements_21d374f8,no_digest,,,0,0,,,
bcbab1c9c8c01026,..\2_LP\LOW_Fr_MASTER_result\local_3GA\runs_flow_20260712_142222_case~ker_02_cpu_10_eval_001_bcbab1c9c8c01026_ef6ff291,manifest:final_cycle_only,1.6915,1.5001,27,1,,659.513,deck
aa2849c1d8df6fd9,..\2_LP\LOW_Fr_MASTER_result\local_3GA\runs_flow_20260712_142222_case~ker_02_cpu_10_eval_002_aa2849c1d8df6fd9_43def28b,manifest:final_cycle_only,1.6628,1.4746,27,1,,658.43,deck
24e0edf121704bd5,..\2_LP\LOW_Fr_MASTER_result\local_3GA\runs_flow_20260712_142222_case~ker_03_cpu_11_eval_001_24e0edf121704bd5_61091bb9,manifest:final_cycle_only,1.6795,1.4925,27,1,,659.414,deck
51ab0497b23c3fe7,..\2_LP\LOW_Fr_MASTER_result\local_3GA\runs_flow_20260712_142222_case~ker_03_cpu_11_eval_002_51ab0497b23c3fe7_28593749,manifest:final_cycle_only,1.6512,1.4704,27,1,,658.123,deck
d6f0fb2ce64c1dd7,..\2_LP\LOW_Fr_MASTER_result\local_3GA\runs_flow_20260712_142222_case~ker_04_cpu_12_eval_001_d6f0fb2ce64c1dd7_1d0009c5,manifest:final_cycle_only,1.6142,1.4615,27,1,,658.54,deck
ad551688302491a0,..\2_LP\LOW_Fr_MASTER_result\local_3GA\runs_flow_20260712_142222_case~ker_04_cpu_12_eval_002_ad551688302491a0_24af6b6d,manifest:final_cycle_only,1.614,1.4614,27,1,,657.506,deck
7ec18fd0723565ed,..\2_LP\LOW_Fr_MASTER_result\local_3GA\runs_flow_20260712_142222_case~ker_05_cpu_13_eval_001_7ec18fd0723565ed_15973155,manifest:final_cycle_only,1.6733,1.487,27,1,,659.333,deck
e0be14cba4b454b5,..\2_LP\LOW_Fr_MASTER_result\local_3GA\runs_flow_20260712_142222_case~ker_05_cpu_13_eval_002_e0be14cba4b454b5_9e1bf157,manifest:final_cycle_only,1.6275,1.4578,27,1,,659.376,deck
2718ad0936cd14db,..\2_LP\LOW_Fr_MASTER_result\local_3GA\runs_flow_20260712_142222_case~ker_06_cpu_22_eval_001_2718ad0936cd14db_fc5834fb,manifest:final_cycle_only,1.6087,1.4537,27,1,,658.818,deck
6898825d75c1f3f5,..\2_LP\LOW_Fr_MASTER_result\local_3GA\runs_flow_20260712_142222_case~ker_06_cpu_22_eval_002_6898825d75c1f3f5_ef784a47,manifest:final_cycle_only,1.6282,1.4668,27,1,,659.318,deck
614d4eb20d187cdb,..\2_LP\LOW_Fr_MASTER_result\local_3GA\runs_flow_20260712_142222_case~ker_07_cpu_23_eval_001_614d4eb20d187cdb_55a8538a,manifest:final_cycle_only,1.6193,1.4698,27,1,,658.55,deck
9fe995a1f3dfe9bb,..\2_LP\LOW_Fr_MASTER_result\local_3GA\runs_flow_20260712_142222_case~ker_07_cpu_23_eval_002_9fe995a1f3dfe9bb_5eb526c0,manifest:final_cycle_only,1.6762,1.4706,27,1,,659.002,deck
d97a8af2b9f789b7,..\2_LP\LOW_Fr_MASTER_result\local_3GA\runs_flow_20260712_142222_case~rker_00_cpu_0_eval_001_d97a8af2b9f789b7_1bed29c9,manifest:final_cycle_only,1.6009,1.4495,27,1,,659.243,deck
e12a8b12cd675328,..\2_LP\LOW_Fr_MASTER_result\local_3GA\runs_flow_20260712_142222_case~rker_00_cpu_0_eval_002_e12a8b12cd675328_6ccdadbe,manifest:final_cycle_only,1.7237,1.5289,27,1,,658.697,deck
3d797337ef18d18e,..\2_LP\LOW_Fr_MASTER_result\local_3GA\runs_flow_20260712_142222_case~rker_00_cpu_0_eval_003_3d797337ef18d18e_31fa1274,manifest:final_cycle_only,1.6104,1.455,27,1,,658.919,deck
11976b2a36abf066,..\2_LP\LOW_Fr_MASTER_result\local_3GA\runs_flow_20260712_142222_case~rker_01_cpu_1_eval_001_11976b2a36abf066_f54f54eb,manifest:final_cycle_only,1.6954,1.5024,27,1,,659.277,deck
27cec1fa86fcf723,..\2_LP\LOW_Fr_MASTER_result\local_3GA\runs_flow_20260712_142222_case~rker_01_cpu_1_eval_002_27cec1fa86fcf723_ba3fd994,manifest:final_cycle_only,1.6182,1.473,27,1,,659.394,deck
,..\2_LP\LOW_Fr_MASTER_result\local_3GA\runs_flow_20260712_193742_ga_m~orker_02_0a4cef9bce-ca8093ab87-ijsdu07z_70469e8f,no_mas_sum,,,0,0,,,
,..\2_LP\LOW_Fr_MASTER_result\local_3GA\runs_flow_20260712_193742_ga_m~orker_04_0a4cef9bce-35ddc09184-1qugysk9_48903817,no_mas_sum,,,0,0,,,
,..\2_LP\LOW_Fr_MASTER_result\local_3GA\runs_flow_20260712_193742_ga_m~orker_05_0a4cef9bce-49aab8abfb-s0fndcam_ca71ba9e,no_mas_sum,,,0,0,,,
,..\2_LP\LOW_Fr_MASTER_result\local_3GA\runs_flow_20260712_193742_ga_m~orker_06_0a4cef9bce-c2a2028cca-jkagn8od_750b1ffb,no_mas_sum,,,0,0,,,
,..\2_LP\LOW_Fr_MASTER_result\local_3GA\runs_flow_20260712_195640_case~-boc_hzp_full-48db8ceb999d50bb-yne068lq_2fb1d458,no_digest,,,0,0,,,
,..\2_LP\LOW_Fr_MASTER_result\local_3GA\runs_flow_20260712_195640_case~-eoc_hzp_full-48db8ceb999d50bb-_worna07_3493965b,no_digest,,,0,0,,,
,..\2_LP\LOW_Fr_MASTER_result\local_3GA\runs_flow_20260712_195640_case~20260712_195645_safety_shared_full_seed_f5069b65\full_cy01,chain:cy01/1,3.2439,2.93,39,0,above_ceiling,1047.53,
,..\2_LP\LOW_Fr_MASTER_result\local_3GA\runs_flow_20260712_195640_case~645_safety_48db8ceb999d50bb_equilibrium_8fb7762b\full_cy02,superseded,,,0,0,,,
,..\2_LP\LOW_Fr_MASTER_result\local_3GA\runs_flow_20260712_195640_case~645_safety_48db8ceb999d50bb_equilibrium_8fb7762b\full_cy03,superseded,,,0,0,,,
,..\2_LP\LOW_Fr_MASTER_result\local_3GA\runs_flow_20260712_195640_case~645_safety_48db8ceb999d50bb_equilibrium_8fb7762b\full_cy04,superseded,,,0,0,,,
,..\2_LP\LOW_Fr_MASTER_result\local_3GA\runs_flow_20260712_195640_case~645_safety_48db8ceb999d50bb_equilibrium_8fb7762b\full_cy05,superseded,,,0,0,,,
,..\2_LP\LOW_Fr_MASTER_result\local_3GA\runs_flow_20260712_195640_case~645_safety_48db8ceb999d50bb_equilibrium_8fb7762b\full_cy06,superseded,,,0,0,,,
,..\2_LP\LOW_Fr_MASTER_result\local_3GA\runs_flow_20260712_195640_case~645_safety_48db8ceb999d50bb_equilibrium_8fb7762b\full_cy07,superseded,,,0,0,,,
,..\2_LP\LOW_Fr_MASTER_result\local_3GA\runs_flow_20260712_195640_case~645_safety_48db8ceb999d50bb_equilibrium_8fb7762b\full_cy08,superseded,,,0,0,,,
,..\2_LP\LOW_Fr_MASTER_result\local_3GA\runs_flow_20260712_195640_case~645_safety_48db8ceb999d50bb_equilibrium_8fb7762b\full_cy09,superseded,,,0,0,,,
,..\2_LP\LOW_Fr_MASTER_result\local_3GA\runs_flow_20260712_195640_case~645_safety_48db8ceb999d50bb_equilibrium_8fb7762b\full_cy10,chain:cy10/10,1.6145,1.4821,27,1,,651.805,
48db8ceb999d50bb,..\2_LP\LOW_Fr_MASTER_result\local_3GA\runs_flow_20260712_195640_case~645_safety_48db8ceb999d50bb_equilibrium_8fb7762b\quarter_cy99,superseded,,,0,0,,,deck
,..\2_LP\LOW_Fr_MASTER_result\local_3GA\runs_flow_20260712_195640_case~9d50bb_equilibrium_boc_sdm_requirements_26cdcbc1,no_digest,,,0,0,,,
,..\2_LP\LOW_Fr_MASTER_result\local_3GA\runs_flow_20260712_195640_case~9d50bb_equilibrium_eoc_sdm_requirements_7cad2064,no_digest,,,0,0,,,
,..\2_LP\LOW_Fr_MASTER_result\local_3GA\runs_flow_20260712_195640_case~c_hzp_quarter-48db8ceb999d50bb-n92g06r4_1ea7ae11,no_digest,,,0,0,,,
,..\2_LP\LOW_Fr_MASTER_result\local_3GA\runs_flow_20260712_195640_case~ker_02_0a4cef9bceb2-1f877e36af-kvu_i3pe_33d4cb12,no_mas_sum,,,0,0,,,
7e80fa4c64fed536,..\2_LP\LOW_Fr_MASTER_result\local_3GA\runs_flow_20260712_195640_case~ker_02_0a4cef9bceb2-403c5323c3-oh79yazx_abdfd2a2,manifest:final_cycle_only,1.8994,1.7198,27,1,,632.542,deck
7e80fa4c64fed536,..\2_LP\LOW_Fr_MASTER_result\local_3GA\runs_flow_20260712_195640_case~ker_02_0a4cef9bceb2-7a7f239ffe-lzfv1pki_2d3b114a,manifest:final_cycle_only,1.9001,1.7207,27,1,,630.186,deck
7e80fa4c64fed536,..\2_LP\LOW_Fr_MASTER_result\local_3GA\runs_flow_20260712_195640_case~ker_02_0a4cef9bceb2-84e19232a8-5zdw20it_5bea8ccc,manifest:final_cycle_only,1.9092,1.7284,26,1,,624.058,deck
7e80fa4c64fed536,..\2_LP\LOW_Fr_MASTER_result\local_3GA\runs_flow_20260712_195640_case~ker_02_0a4cef9bceb2-a906d699db-k7vxk5y2_0c517b75,manifest:final_cycle_only,2.0226,1.814,24,1,,544.467,deck
7e80fa4c64fed536,..\2_LP\LOW_Fr_MASTER_result\local_3GA\runs_flow_20260712_195640_case~ker_02_0a4cef9bceb2-d49b338032-baplyy7w_2cca8955,manifest:final_cycle_only,1.911,1.7361,27,1,,655.593,deck
471e285d34f4f185,..\2_LP\LOW_Fr_MASTER_result\local_3GA\runs_flow_20260712_195640_case~ker_03_cpu_11_eval_001_471e285d34f4f185_d459c837,manifest:final_cycle_only,2.2104,2.0505,27,1,,637.376,deck
e9eaa5f511b7a807,..\2_LP\LOW_Fr_MASTER_result\local_3GA\runs_flow_20260712_195640_case~ker_04_cpu_12_eval_001_e9eaa5f511b7a807_9e9cca26,manifest:final_cycle_only,1.9263,1.7483,27,1,,644.355,deck
242fa09bb485f338,..\2_LP\LOW_Fr_MASTER_result\local_3GA\runs_flow_20260712_195640_case~ker_05_cpu_13_eval_001_242fa09bb485f338_a277fc73,manifest:final_cycle_only,1.6725,1.5108,27,1,,651.569,deck
ae74200672a2d05d,..\2_LP\LOW_Fr_MASTER_result\local_3GA\runs_flow_20260712_195640_case~ker_06_cpu_22_eval_001_ae74200672a2d05d_b3718f5b,manifest:final_cycle_only,1.8256,1.6451,27,1,,645.001,deck
0b419b43de9d6a22,..\2_LP\LOW_Fr_MASTER_result\local_3GA\runs_flow_20260712_195640_case~ker_07_cpu_23_eval_001_0b419b43de9d6a22_69e7e6c4,manifest:final_cycle_only,1.6678,1.5095,27,1,,651.759,deck
48db8ceb999d50bb,..\2_LP\LOW_Fr_MASTER_result\local_3GA\runs_flow_20260712_195640_case~rker_00_cpu_0_eval_001_48db8ceb999d50bb_66161b9e,manifest:final_cycle_only,1.6065,1.4743,27,1,,652.531,deck
dc3f49a47126c1d1,..\2_LP\LOW_Fr_MASTER_result\local_3GA\runs_flow_20260712_195640_case~rker_00_cpu_0_eval_002_dc3f49a47126c1d1_f834496d,manifest:final_cycle_only,1.8377,1.6413,27,1,,640.194,deck
e08bdf0f298d0e5e,..\2_LP\LOW_Fr_MASTER_result\local_3GA\runs_flow_20260712_195640_case~rker_01_cpu_1_eval_001_e08bdf0f298d0e5e_5294c9f8,manifest:final_cycle_only,1.8004,1.6398,27,1,,638.171,deck
,..\2_LP\LOW_Fr_MASTER_result\local_3GA\runs_flow_20260712_203925_ga_m~orker_00_0a4cef9bce-c5c3926f09-xpvb7wjv_942d8add,no_mas_sum,,,0,0,,,
,..\2_LP\LOW_Fr_MASTER_result\local_3GA\runs_flow_20260712_203925_ga_m~orker_02_0a4cef9bce-be2aea76dc-e2_108vi_952f0863,no_mas_sum,,,0,0,,,
,..\2_LP\LOW_Fr_MASTER_result\local_3GA\runs_flow_20260712_203925_ga_m~orker_02_0a4cef9bce-ca8093ab87-sa6t7289_2bb94118,no_mas_sum,,,0,0,,,
,..\2_LP\LOW_Fr_MASTER_result\local_3GA\runs_flow_20260712_203925_ga_m~orker_04_0a4cef9bce-35ddc09184-cuk2a7ym_1a061a39,no_mas_sum,,,0,0,,,
,..\2_LP\LOW_Fr_MASTER_result\local_3GA\runs_flow_20260712_203925_ga_m~orker_05_0a4cef9bce-49aab8abfb-ov901scn_cf48c209,no_mas_sum,,,0,0,,,
,..\2_LP\LOW_Fr_MASTER_result\local_3GA\runs_flow_20260712_203925_ga_m~orker_05_0a4cef9bce-ba62b25830-m802i9ps_4e4c1d63,no_mas_sum,,,0,0,,,
,..\2_LP\LOW_Fr_MASTER_result\local_3GA\runs_flow_20260712_203925_ga_m~orker_05_0a4cef9bce-f2a3de880e-kiwroko0_98146a50,no_mas_sum,,,0,0,,,
,..\2_LP\LOW_Fr_MASTER_result\local_3GA\runs_flow_20260712_203925_ga_m~orker_06_0a4cef9bce-b36617010a-qvi0dl0a_cea4c7f4,no_mas_sum,,,0,0,,,
,..\2_LP\LOW_Fr_MASTER_result\local_3GA\runs_flow_20260712_203925_ga_m~orker_06_0a4cef9bce-c2a2028cca-49dzz6d4_2ad16012,no_mas_sum,,,0,0,,,
,..\2_LP\LOW_Fr_MASTER_result\local_3GA\runs_flow_20260712_203925_ga_m~orker_06_0a4cef9bce-c3b1b1a1a1-zfeibgxu_65a780b4,no_mas_sum,,,0,0,,,
,..\2_LP\LOW_Fr_MASTER_result\local_3GA\runs_flow_20260712_203925_ga_m~orker_07_0a4cef9bce-338dc2fac6-mwbzlra6_0ee9c88d,no_mas_sum,,,0,0,,,
,..\2_LP\LOW_Fr_MASTER_result\local_3GA\runs_flow_20260712_203925_ga_m~orker_07_0a4cef9bce-6864e131de-lvfhk2eo_df3cce0f,no_mas_sum,,,0,0,,,
,..\2_LP\LOW_Fr_MASTER_result\local_3GA\runs_flow_20260712_203925_ga_m~orker_07_0a4cef9bce-7d49eb628d-5q1bdkzb_70ed41bc,no_mas_sum,,,0,0,,,
,..\2_LP\LOW_Fr_MASTER_result\local_3GA\runs_flow_20260712_203925_ga_m~orker_07_0a4cef9bce-804fb4ad20-ohah_5xo_0e40eaf9,no_mas_sum,,,0,0,,,
7a65e47e2f0f7634,..\2_LP\LOW_Fr_MASTER_result\local_3GA\runs_flow_20260712_233042_ga_m~orker_00_09e390d65d-0bb1adef80-dozmm859_cc752010,manifest:final_cycle_only,3.5351,3.3059,28,0,above_ceiling,677.461,deck
7a65e47e2f0f7634,..\2_LP\LOW_Fr_MASTER_result\local_3GA\runs_flow_20260712_233042_ga_m~orker_00_09e390d65d-1c4f0a1058-739fsicy_aa4184c5,manifest:final_cycle_only,4.344,3.8805,27,0,above_ceiling,638.713,deck
7a65e47e2f0f7634,..\2_LP\LOW_Fr_MASTER_result\local_3GA\runs_flow_20260712_233042_ga_m~orker_00_09e390d65d-49da337506-yd4or_tk_27282982,manifest:final_cycle_only,2.5542,2.293,23,1,,538.798,deck
,..\2_LP\LOW_Fr_MASTER_result\local_3GA\runs_flow_20260712_233042_ga_m~orker_00_09e390d65d-8b2083bdf6-ful9m8co_03020d40,no_mas_sum,,,0,0,,,
7a65e47e2f0f7634,..\2_LP\LOW_Fr_MASTER_result\local_3GA\runs_flow_20260712_233042_ga_m~orker_00_09e390d65d-a32701ee4a-qs0_gl67_684bacc1,manifest:final_cycle_only,4.0214,3.6679,27,0,above_ceiling,647.881,deck
7a65e47e2f0f7634,..\2_LP\LOW_Fr_MASTER_result\local_3GA\runs_flow_20260712_233042_ga_m~orker_00_09e390d65d-d0df54e7e1-ygnxti24_33498315,manifest:final_cycle_only,3.8816,3.5722,27,0,above_ceiling,652.512,deck
87f084c298a4cb6a,..\2_LP\LOW_Fr_MASTER_result\local_3GA\runs_flow_20260712_233042_ga_m~orker_01_09e390d65d-280bde175e-9ak35ld2_53b61111,manifest:final_cycle_only,2.6834,2.3382,20,1,,449.407,deck
87f084c298a4cb6a,..\2_LP\LOW_Fr_MASTER_result\local_3GA\runs_flow_20260712_233042_ga_m~orker_01_09e390d65d-3cf4923900-y6jk977q_1aedc51d,manifest:final_cycle_only,2.9556,2.6618,30,1,,734.928,deck
,..\2_LP\LOW_Fr_MASTER_result\local_3GA\runs_flow_20260712_233042_ga_m~orker_01_09e390d65d-49341d66e4-ocrq6qt4_c2178f60,no_mas_sum,,,0,0,,,
87f084c298a4cb6a,..\2_LP\LOW_Fr_MASTER_result\local_3GA\runs_flow_20260712_233042_ga_m~orker_01_09e390d65d-4bcb695db9-kk8pi1qg_420e3ec8,manifest:final_cycle_only,4.1483,3.8491,26,0,above_ceiling,600.855,deck
,..\2_LP\LOW_Fr_MASTER_result\local_3GA\runs_flow_20260712_233042_ga_m~orker_02_09e390d65d-11893efcbd-0efmqtkr_649b16f1,no_mas_sum,,,0,0,,,
98f87c49cf093dac,..\2_LP\LOW_Fr_MASTER_result\local_3GA\runs_flow_20260712_233042_ga_m~orker_02_09e390d65d-815712583b-_nyg8dqi_583b228a,manifest:final_cycle_only,4.2452,3.8258,27,0,above_ceiling,640.334,deck
98f87c49cf093dac,..\2_LP\LOW_Fr_MASTER_result\local_3GA\runs_flow_20260712_233042_ga_m~orker_02_09e390d65d-db0fe02387-p252fesn_96df6505,manifest:final_cycle_only,2.2051,2.0175,24,1,,552.928,deck
98f87c49cf093dac,..\2_LP\LOW_Fr_MASTER_result\local_3GA\runs_flow_20260712_233042_ga_m~orker_02_09e390d65d-e2ff3bcf96-inb49uog_3557ec9e,manifest:final_cycle_only,3.7065,3.3741,27,0,above_ceiling,647.235,deck
,..\2_LP\LOW_Fr_MASTER_result\local_3GA\runs_flow_20260712_233042_ga_m~orker_03_09e390d65d-45f21b516b-b2acogcm_064dfe4d,no_mas_sum,,,0,0,,,
,..\2_LP\LOW_Fr_MASTER_result\local_3GA\runs_flow_20260712_233042_ga_m~orker_04_09e390d65d-8b41b53839-nmg3s23x_b18164cf,no_mas_sum,,,0,0,,,
,..\2_LP\LOW_Fr_MASTER_result\local_3GA\runs_flow_20260712_233042_ga_m~orker_05_09e390d65d-f16f7315f1-jgyvoegm_e9246a2a,no_mas_sum,,,0,0,,,
,..\2_LP\LOW_Fr_MASTER_result\local_3GA\runs_flow_20260712_233042_ga_m~orker_06_09e390d65d-a9b7413712-f1d_7t87_e3576acf,no_mas_sum,,,0,0,,,
,..\2_LP\LOW_Fr_MASTER_result\local_3GA\runs_flow_20260712_233042_ga_m~orker_07_09e390d65d-ab26eab5aa-mwseqy6m_2f9ca442,no_mas_sum,,,0,0,,,
,..\2_LP\LOW_Fr_MASTER_result\local_3GA\runs_flow_20260712_233433_ga_m~orker_02_0a4cef9bce-ca8093ab87-zotx5zma_23ca2843,no_mas_sum,,,0,0,,,
,..\2_LP\LOW_Fr_MASTER_result\local_3GA\runs_flow_20260712_233433_ga_m~orker_03_0a4cef9bce-59e5e255b4-8bowzckw_ca145dce,no_mas_sum,,,0,0,,,
,..\2_LP\LOW_Fr_MASTER_result\local_3GA\runs_flow_20260712_233433_ga_m~orker_03_0a4cef9bce-7c9063e015-3fx19iud_d8f75629,no_mas_sum,,,0,0,,,
,..\2_LP\LOW_Fr_MASTER_result\local_3GA\runs_flow_20260712_233433_ga_m~orker_04_0a4cef9bce-35ddc09184-ykfi96vw_02a36b3c,no_mas_sum,,,0,0,,,
,..\2_LP\LOW_Fr_MASTER_result\local_3GA\runs_flow_20260712_233433_ga_m~orker_05_0a4cef9bce-49aab8abfb-n49b338g_68c2b458,no_mas_sum,,,0,0,,,
,..\2_LP\LOW_Fr_MASTER_result\local_3GA\runs_flow_20260712_233433_ga_m~orker_06_0a4cef9bce-a783313067-z3r9jr16_1fdbf184,no_mas_sum,,,0,0,,,
,..\2_LP\LOW_Fr_MASTER_result\local_3GA\runs_flow_20260712_233433_ga_m~orker_06_0a4cef9bce-ec2b419b24-kssispcq_f74c5aef,no_mas_sum,,,0,0,,,
,..\2_LP\LOW_Fr_MASTER_result\local_3GA\runs_flow_20260712_233433_ga_m~orker_07_0a4cef9bce-8fe5bfb559-zpvr_3d3_31885890,no_mas_sum,,,0,0,,,
,..\2_LP\LOW_Fr_MASTER_result\local_3GA\runs_flow_20260712_233433_ga_m~orker_07_0a4cef9bce-9344417354-jbki7b5c_1f539202,no_mas_sum,,,0,0,,,
7a65e47e2f0f7634,..\2_LP\LOW_Fr_MASTER_result\local_3GA\runs_flow_20260713_060735_ga_m~orker_00_09e390d65d-0bb1adef80-oao3eli0_473cbc8f,manifest:final_cycle_only,3.5351,3.3059,28,0,above_ceiling,677.461,deck
,..\2_LP\LOW_Fr_MASTER_result\local_3GA\runs_flow_20260713_060735_ga_m~orker_00_09e390d65d-1c4f0a1058-6zdue8bq_5e52bb39,no_mas_sum,,,0,0,,,
7a65e47e2f0f7634,..\2_LP\LOW_Fr_MASTER_result\local_3GA\runs_flow_20260713_060735_ga_m~orker_00_09e390d65d-49da337506-j921j0is_42f1ca22,manifest:final_cycle_only,2.5542,2.293,23,1,,538.798,deck
87f084c298a4cb6a,..\2_LP\LOW_Fr_MASTER_result\local_3GA\runs_flow_20260713_060735_ga_m~orker_01_09e390d65d-280bde175e-wm8y2c21_ff965320,manifest:final_cycle_only,2.6834,2.3382,20,1,,449.407,deck
,..\2_LP\LOW_Fr_MASTER_result\local_3GA\runs_flow_20260713_060735_ga_m~orker_01_09e390d65d-3cf4923900-yfmtr02p_4f4b2897,no_mas_sum,,,0,0,,,
,..\2_LP\LOW_Fr_MASTER_result\local_3GA\runs_flow_20260713_060735_ga_m~orker_02_09e390d65d-815712583b-js421cbh_bedf1196,no_mas_sum,,,0,0,,,
98f87c49cf093dac,..\2_LP\LOW_Fr_MASTER_result\local_3GA\runs_flow_20260713_060735_ga_m~orker_02_09e390d65d-db0fe02387-9w8xtzy7_dbe55159,manifest:final_cycle_only,2.2051,2.0175,24,1,,552.928,deck
98f87c49cf093dac,..\2_LP\LOW_Fr_MASTER_result\local_3GA\runs_flow_20260713_060735_ga_m~orker_02_09e390d65d-e2ff3bcf96-q2bt3x6k_cd6a73ce,manifest:final_cycle_only,3.7065,3.3741,27,0,above_ceiling,647.235,deck
,..\2_LP\LOW_Fr_MASTER_result\local_3GA\runs_flow_20260713_060735_ga_m~orker_03_09e390d65d-45f21b516b-zhwec7uh_6dc60353,no_mas_sum,,,0,0,,,
,..\2_LP\LOW_Fr_MASTER_result\local_3GA\runs_flow_20260713_060735_ga_m~orker_04_09e390d65d-8b41b53839-0uzk29p6_20ad919c,no_mas_sum,,,0,0,,,
,..\2_LP\LOW_Fr_MASTER_result\local_3GA\runs_flow_20260713_060735_ga_m~orker_05_09e390d65d-f16f7315f1-auyimryt_a814531a,no_mas_sum,,,0,0,,,
,..\2_LP\LOW_Fr_MASTER_result\local_3GA\runs_flow_20260713_060735_ga_m~orker_07_09e390d65d-ab26eab5aa-_ivv3zab_651b0a91,no_mas_sum,,,0,0,,,
,..\2_LP\LOW_Fr_MASTER_result\local_3GA\runs_flow_20260713_060735_ga_m~worker_06_09e390d65d-a9b7413712-u6cn6h6_d4885429,no_mas_sum,,,0,0,,,
,..\2_LP\LOW_Fr_MASTER_result\local_3GA\runs_flow_20260713_061541_case~-boc_hzp_full-3180ab24cb1b66c2-9kct11gl_63f38b98,no_digest,,,0,0,,,
,..\2_LP\LOW_Fr_MASTER_result\local_3GA\runs_flow_20260713_061541_case~-boc_hzp_full-43cc0fc92c9275e4-bagt_z_3_dcd8c25d,no_digest,,,0,0,,,
,..\2_LP\LOW_Fr_MASTER_result\local_3GA\runs_flow_20260713_061541_case~-eoc_hzp_full-3180ab24cb1b66c2-9f_stc_v_fb0a531b,no_digest,,,0,0,,,
,..\2_LP\LOW_Fr_MASTER_result\local_3GA\runs_flow_20260713_061541_case~-eoc_hzp_full-43cc0fc92c9275e4-i1usw_eo_7f5a53ab,no_digest,,,0,0,,,
,..\2_LP\LOW_Fr_MASTER_result\local_3GA\runs_flow_20260713_061541_case~1b66c2_equilibrium_boc_sdm_requirements_aa0b6e43,no_digest,,,0,0,,,
,..\2_LP\LOW_Fr_MASTER_result\local_3GA\runs_flow_20260713_061541_case~1b66c2_equilibrium_eoc_sdm_requirements_8b71a72b,no_digest,,,0,0,,,
,..\2_LP\LOW_Fr_MASTER_result\local_3GA\runs_flow_20260713_061541_case~20260713_130413_safety_shared_full_seed_0140ea3e\full_cy01,chain:cy01/1,3.2439,2.93,39,0,above_ceiling,1047.53,
,..\2_LP\LOW_Fr_MASTER_result\local_3GA\runs_flow_20260713_061541_case~413_safety_3180ab24cb1b66c2_equilibrium_1a2357c9\full_cy02,superseded,,,0,0,,,
,..\2_LP\LOW_Fr_MASTER_result\local_3GA\runs_flow_20260713_061541_case~413_safety_3180ab24cb1b66c2_equilibrium_1a2357c9\full_cy03,superseded,,,0,0,,,
,..\2_LP\LOW_Fr_MASTER_result\local_3GA\runs_flow_20260713_061541_case~413_safety_3180ab24cb1b66c2_equilibrium_1a2357c9\full_cy04,superseded,,,0,0,,,
,..\2_LP\LOW_Fr_MASTER_result\local_3GA\runs_flow_20260713_061541_case~413_safety_3180ab24cb1b66c2_equilibrium_1a2357c9\full_cy05,superseded,,,0,0,,,
,..\2_LP\LOW_Fr_MASTER_result\local_3GA\runs_flow_20260713_061541_case~413_safety_3180ab24cb1b66c2_equilibrium_1a2357c9\full_cy06,superseded,,,0,0,,,
,..\2_LP\LOW_Fr_MASTER_result\local_3GA\runs_flow_20260713_061541_case~413_safety_3180ab24cb1b66c2_equilibrium_1a2357c9\full_cy07,superseded,,,0,0,,,
,..\2_LP\LOW_Fr_MASTER_result\local_3GA\runs_flow_20260713_061541_case~413_safety_3180ab24cb1b66c2_equilibrium_1a2357c9\full_cy08,superseded,,,0,0,,,
,..\2_LP\LOW_Fr_MASTER_result\local_3GA\runs_flow_20260713_061541_case~413_safety_3180ab24cb1b66c2_equilibrium_1a2357c9\full_cy09,superseded,,,0,0,,,
,..\2_LP\LOW_Fr_MASTER_result\local_3GA\runs_flow_20260713_061541_case~413_safety_3180ab24cb1b66c2_equilibrium_1a2357c9\full_cy10,chain:cy10/10,1.6435,1.4937,27,1,,652.671,
3180ab24cb1b66c2,..\2_LP\LOW_Fr_MASTER_result\local_3GA\runs_flow_20260713_061541_case~413_safety_3180ab24cb1b66c2_equilibrium_1a2357c9\quarter_cy99,superseded,,,0,0,,,deck
,..\2_LP\LOW_Fr_MASTER_result\local_3GA\runs_flow_20260713_061541_case~413_safety_43cc0fc92c9275e4_equilibrium_694c8c46\full_cy02,superseded,,,0,0,,,
,..\2_LP\LOW_Fr_MASTER_result\local_3GA\runs_flow_20260713_061541_case~413_safety_43cc0fc92c9275e4_equilibrium_694c8c46\full_cy03,superseded,,,0,0,,,
,..\2_LP\LOW_Fr_MASTER_result\local_3GA\runs_flow_20260713_061541_case~413_safety_43cc0fc92c9275e4_equilibrium_694c8c46\full_cy04,superseded,,,0,0,,,
,..\2_LP\LOW_Fr_MASTER_result\local_3GA\runs_flow_20260713_061541_case~413_safety_43cc0fc92c9275e4_equilibrium_694c8c46\full_cy05,superseded,,,0,0,,,
,..\2_LP\LOW_Fr_MASTER_result\local_3GA\runs_flow_20260713_061541_case~413_safety_43cc0fc92c9275e4_equilibrium_694c8c46\full_cy06,superseded,,,0,0,,,
,..\2_LP\LOW_Fr_MASTER_result\local_3GA\runs_flow_20260713_061541_case~413_safety_43cc0fc92c9275e4_equilibrium_694c8c46\full_cy07,superseded,,,0,0,,,
,..\2_LP\LOW_Fr_MASTER_result\local_3GA\runs_flow_20260713_061541_case~413_safety_43cc0fc92c9275e4_equilibrium_694c8c46\full_cy08,superseded,,,0,0,,,
,..\2_LP\LOW_Fr_MASTER_result\local_3GA\runs_flow_20260713_061541_case~413_safety_43cc0fc92c9275e4_equilibrium_694c8c46\full_cy09,superseded,,,0,0,,,
,..\2_LP\LOW_Fr_MASTER_result\local_3GA\runs_flow_20260713_061541_case~413_safety_43cc0fc92c9275e4_equilibrium_694c8c46\full_cy10,chain:cy10/10,1.6415,1.5027,27,1,,652.643,
43cc0fc92c9275e4,..\2_LP\LOW_Fr_MASTER_result\local_3GA\runs_flow_20260713_061541_case~413_safety_43cc0fc92c9275e4_equilibrium_694c8c46\quarter_cy99,superseded,,,0,0,,,deck
,..\2_LP\LOW_Fr_MASTER_result\local_3GA\runs_flow_20260713_061541_case~9275e4_equilibrium_boc_sdm_requirements_c4bdef8b,no_digest,,,0,0,,,
,..\2_LP\LOW_Fr_MASTER_result\local_3GA\runs_flow_20260713_061541_case~9275e4_equilibrium_eoc_sdm_requirements_ae3ad1a2,no_digest,,,0,0,,,
,..\2_LP\LOW_Fr_MASTER_result\local_3GA\runs_flow_20260713_061541_case~c_hzp_quarter-3180ab24cb1b66c2-s4rqf_hk_d27f34ad,no_digest,,,0,0,,,
,..\2_LP\LOW_Fr_MASTER_result\local_3GA\runs_flow_20260713_061541_case~c_hzp_quarter-43cc0fc92c9275e4-63ltp4a3_772c2a93,no_digest,,,0,0,,,
6a525e570d39a71a,..\2_LP\LOW_Fr_MASTER_result\local_3GA\runs_flow_20260713_061541_case~ker_02_cpu_10_eval_001_6a525e570d39a71a_473b30fb,manifest:final_cycle_only,1.6514,1.5046,27,1,,657.251,deck
d660f3b05ccc3f3d,..\2_LP\LOW_Fr_MASTER_result\local_3GA\runs_flow_20260713_061541_case~ker_02_cpu_10_eval_002_d660f3b05ccc3f3d_9e9ec5f2,manifest:final_cycle_only,1.7345,1.5717,27,1,,649.805,deck
3180ab24cb1b66c2,..\2_LP\LOW_Fr_MASTER_result\local_3GA\runs_flow_20260713_061541_case~ker_02_cpu_10_eval_003_3180ab24cb1b66c2_6beb946c,manifest:final_cycle_only,1.643,1.5097,27,1,,653.35,deck
7255e45d3ae965dd,..\2_LP\LOW_Fr_MASTER_result\local_3GA\runs_flow_20260713_061541_case~ker_03_cpu_11_eval_001_7255e45d3ae965dd_210a0606,manifest:final_cycle_only,1.6602,1.5091,27,1,,656.702,deck
0c9dca1c9f6d858d,..\2_LP\LOW_Fr_MASTER_result\local_3GA\runs_flow_20260713_061541_case~ker_03_cpu_11_eval_002_0c9dca1c9f6d858d_9f64255e,manifest:final_cycle_only,1.8782,1.7257,27,1,,646.104,deck
47acb3d61ab5537a,..\2_LP\LOW_Fr_MASTER_result\local_3GA\runs_flow_20260713_061541_case~ker_03_cpu_11_eval_003_47acb3d61ab5537a_8020386d,manifest:final_cycle_only,1.6617,1.5267,27,1,,653.32,deck
babaa596aa79b862,..\2_LP\LOW_Fr_MASTER_result\local_3GA\runs_flow_20260713_061541_case~ker_04_cpu_12_eval_001_babaa596aa79b862_26cc3b2f,manifest:final_cycle_only,1.6507,1.516,27,1,,657.204,deck
6c8a6b838bff708c,..\2_LP\LOW_Fr_MASTER_result\local_3GA\runs_flow_20260713_061541_case~ker_04_cpu_12_eval_002_6c8a6b838bff708c_8d02d231,manifest:final_cycle_only,1.6324,1.4921,27,1,,653.709,deck
9214d8d2178871c8,..\2_LP\LOW_Fr_MASTER_result\local_3GA\runs_flow_20260713_061541_case~ker_04_cpu_12_eval_003_9214d8d2178871c8_4ddc2902,manifest:final_cycle_only,1.78,1.5036,27,1,,653.714,deck
b2fbdc1c27566ce4,..\2_LP\LOW_Fr_MASTER_result\local_3GA\runs_flow_20260713_061541_case~ker_05_cpu_13_eval_001_b2fbdc1c27566ce4_10c7012e,manifest:final_cycle_only,1.6556,1.5202,27,1,,656.657,deck
045306ffbae0624e,..\2_LP\LOW_Fr_MASTER_result\local_3GA\runs_flow_20260713_061541_case~ker_05_cpu_13_eval_002_045306ffbae0624e_0ceeb0b9,manifest:final_cycle_only,2.4832,2.2956,27,1,,645.049,deck
daa703bc0c9cd0e1,..\2_LP\LOW_Fr_MASTER_result\local_3GA\runs_flow_20260713_061541_case~ker_05_cpu_13_eval_003_daa703bc0c9cd0e1_e212075e,manifest:final_cycle_only,1.6773,1.5412,27,1,,653.495,deck
106dfdcfe2bd7f50,..\2_LP\LOW_Fr_MASTER_result\local_3GA\runs_flow_20260713_061541_case~ker_06_cpu_22_eval_001_106dfdcfe2bd7f50_524fd4e5,manifest:final_cycle_only,1.664,1.5297,27,1,,656.911,deck
67e57b570334e854,..\2_LP\LOW_Fr_MASTER_result\local_3GA\runs_flow_20260713_061541_case~ker_06_cpu_22_eval_002_67e57b570334e854_eb57809c,manifest:final_cycle_only,1.7522,1.5841,27,1,,635.646,deck
fe389321797ebe23,..\2_LP\LOW_Fr_MASTER_result\local_3GA\runs_flow_20260713_061541_case~ker_06_cpu_22_eval_003_fe389321797ebe23_541caf5f,manifest:final_cycle_only,1.7291,1.5891,27,1,,653.423,deck
d7646dbbfddd3b5b,..\2_LP\LOW_Fr_MASTER_result\local_3GA\runs_flow_20260713_061541_case~ker_07_cpu_23_eval_001_d7646dbbfddd3b5b_e1f844f2,manifest:final_cycle_only,1.6579,1.5241,27,1,,655.168,deck
624be0bcb501a53d,..\2_LP\LOW_Fr_MASTER_result\local_3GA\runs_flow_20260713_061541_case~ker_07_cpu_23_eval_002_624be0bcb501a53d_2499b2c7,manifest:final_cycle_only,1.9606,1.7951,26,1,,629.3,deck
ce81006a5f37399f,..\2_LP\LOW_Fr_MASTER_result\local_3GA\runs_flow_20260713_061541_case~ker_07_cpu_23_eval_003_ce81006a5f37399f_27a9a1d2,manifest:final_cycle_only,1.6454,1.4919,27,1,,653.464,deck
43cc0fc92c9275e4,..\2_LP\LOW_Fr_MASTER_result\local_3GA\runs_flow_20260713_061541_case~rker_00_cpu_0_eval_001_43cc0fc92c9275e4_d71e4452,manifest:final_cycle_only,1.6499,1.5165,27,1,,653.295,deck
fc5b4a763279c32c,..\2_LP\LOW_Fr_MASTER_result\local_3GA\runs_flow_20260713_061541_case~rker_00_cpu_0_eval_002_fc5b4a763279c32c_fce4f7de,manifest:final_cycle_only,1.658,1.5074,27,1,,657.422,deck
3bc7319f2d2ca949,..\2_LP\LOW_Fr_MASTER_result\local_3GA\runs_flow_20260713_061541_case~rker_00_cpu_0_eval_003_3bc7319f2d2ca949_e5d01547,manifest:final_cycle_only,1.7194,1.5811,27,1,,649.515,deck
de2a60d6d1f98f4a,..\2_LP\LOW_Fr_MASTER_result\local_3GA\runs_flow_20260713_061541_case~rker_00_cpu_0_eval_004_de2a60d6d1f98f4a_a58a5b83,manifest:final_cycle_only,1.6812,1.5441,27,1,,653.149,deck
f9b5084a01d907a7,..\2_LP\LOW_Fr_MASTER_result\local_3GA\runs_flow_20260713_061541_case~rker_01_cpu_1_eval_001_f9b5084a01d907a7_83424439,manifest:final_cycle_only,1.6537,1.5185,27,1,,657.375,deck
0b6085e2f62b8352,..\2_LP\LOW_Fr_MASTER_result\local_3GA\runs_flow_20260713_061541_case~rker_01_cpu_1_eval_002_0b6085e2f62b8352_4f0197b7,manifest:final_cycle_only,1.8113,1.5814,27,1,,646.694,deck
c2a944b2cb2dff80,..\2_LP\LOW_Fr_MASTER_result\local_3GA\runs_flow_20260713_061541_case~rker_01_cpu_1_eval_003_c2a944b2cb2dff80_559a26f0,manifest:final_cycle_only,1.8924,1.5859,27,1,,641.272,deck
,..\2_LP\LOW_Fr_MASTER_result\local_3GA\runs_flow_20260713_061541_ga_m~orker_00_0a4cef9bce-c03082e227-k3bcbwae_c91796a4,no_mas_sum,,,0,0,,,
,..\2_LP\LOW_Fr_MASTER_result\local_3GA\runs_flow_20260713_061541_ga_m~orker_02_0a4cef9bce-a8fdd19556-l1whptd6_d3b4a484,no_mas_sum,,,0,0,,,
,..\2_LP\LOW_Fr_MASTER_result\local_3GA\runs_flow_20260713_061541_ga_m~orker_02_0a4cef9bce-b7565d165b-og998bx9_f4030a0b,no_mas_sum,,,0,0,,,
,..\2_LP\LOW_Fr_MASTER_result\local_3GA\runs_flow_20260713_061541_ga_m~orker_02_0a4cef9bce-ca8093ab87-4mxguk6q_af9232c6,no_mas_sum,,,0,0,,,
,..\2_LP\LOW_Fr_MASTER_result\local_3GA\runs_flow_20260713_061541_ga_m~orker_03_0a4cef9bce-f93bb76f3a-ed93oy3x_02c0aeeb,no_mas_sum,,,0,0,,,
,..\2_LP\LOW_Fr_MASTER_result\local_3GA\runs_flow_20260713_061541_ga_m~orker_04_0a4cef9bce-35ddc09184-2972x3z3_e1515675,no_mas_sum,,,0,0,,,
,..\2_LP\LOW_Fr_MASTER_result\local_3GA\runs_flow_20260713_061541_ga_m~orker_04_0a4cef9bce-7bcd49a395-um0e3ut6_be13fffe,no_mas_sum,,,0,0,,,
,..\2_LP\LOW_Fr_MASTER_result\local_3GA\runs_flow_20260713_061541_ga_m~orker_04_0a4cef9bce-7c3be73746-djqf6lfi_a61bec78,no_mas_sum,,,0,0,,,
,..\2_LP\LOW_Fr_MASTER_result\local_3GA\runs_flow_20260713_061541_ga_m~orker_04_0a4cef9bce-fed6d9f541-jhb4vmjd_438876c4,no_mas_sum,,,0,0,,,
,..\2_LP\LOW_Fr_MASTER_result\local_3GA\runs_flow_20260713_061541_ga_m~orker_05_0a4cef9bce-1edb41bef2-xg9_e_6u_1d1f1177,no_mas_sum,,,0,0,,,
,..\2_LP\LOW_Fr_MASTER_result\local_3GA\runs_flow_20260713_061541_ga_m~orker_05_0a4cef9bce-23944c6a60-zuyhp2iv_091ac936,no_mas_sum,,,0,0,,,
,..\2_LP\LOW_Fr_MASTER_result\local_3GA\runs_flow_20260713_061541_ga_m~orker_05_0a4cef9bce-49aab8abfb-mt3bry1w_6c236d32,no_mas_sum,,,0,0,,,
,..\2_LP\LOW_Fr_MASTER_result\local_3GA\runs_flow_20260713_061541_ga_m~orker_05_0a4cef9bce-8a30cddc42-ps70eujx_3d49a9c4,no_mas_sum,,,0,0,,,
,..\2_LP\LOW_Fr_MASTER_result\local_3GA\runs_flow_20260713_061541_ga_m~orker_06_0a4cef9bce-c1c63ed670-fpnawsut_c7dd06c5,no_mas_sum,,,0,0,,,
,..\2_LP\LOW_Fr_MASTER_result\local_3GA\runs_flow_20260713_061541_ga_m~orker_06_0a4cef9bce-c91560adac-jcvxghuf_98e8f90a,no_mas_sum,,,0,0,,,
,..\2_LP\LOW_Fr_MASTER_result\local_3GA\runs_flow_20260713_061541_ga_m~orker_06_0a4cef9bce-e68554e9ee-ifel7o95_d29d1368,no_mas_sum,,,0,0,,,
,..\2_LP\LOW_Fr_MASTER_result\local_3GA\runs_flow_20260713_061541_ga_m~orker_06_0a4cef9bce-f722a83dd9-i7ynvwqf_fa0aead4,no_mas_sum,,,0,0,,,
,..\2_LP\LOW_Fr_MASTER_result\local_3GA\runs_flow_20260713_140758_ga_m~orker_00_09e390d65d-161e35b5eb-o3itezdj_e26d21b9,no_mas_sum,,,0,0,,,
2edaf9e21eb1e901,..\2_LP\LOW_Fr_MASTER_result\local_3GA\runs_flow_20260713_140758_ga_m~orker_00_09e390d65d-1731829c10-0bhsf8bc_3d80410f,manifest:final_cycle_only,1.7965,1.6057,28,1,,675.672,deck
2edaf9e21eb1e901,..\2_LP\LOW_Fr_MASTER_result\local_3GA\runs_flow_20260713_140758_ga_m~orker_00_09e390d65d-2b97f5c326-ge7uxj4i_b1c9629c,manifest:final_cycle_only,1.6788,1.5169,27,1,,646.342,deck
2edaf9e21eb1e901,..\2_LP\LOW_Fr_MASTER_result\local_3GA\runs_flow_20260713_140758_ga_m~orker_00_09e390d65d-32c3b4710d-oz3ha9d1_dab326bc,manifest:final_cycle_only,1.6914,1.5304,27,1,,637.267,deck
2edaf9e21eb1e901,..\2_LP\LOW_Fr_MASTER_result\local_3GA\runs_flow_20260713_140758_ga_m~orker_00_09e390d65d-8289af571b-bsbk7bcs_e44a154a,manifest:final_cycle_only,2.1221,1.8977,24,1,,548.563,deck
2edaf9e21eb1e901,..\2_LP\LOW_Fr_MASTER_result\local_3GA\runs_flow_20260713_140758_ga_m~orker_00_09e390d65d-881f78bc93-1_in6oyv_06206fca,manifest:final_cycle_only,1.6917,1.5154,27,1,,648.769,deck
d235f0f96b34c05d,..\2_LP\LOW_Fr_MASTER_result\local_3GA\runs_flow_20260713_140758_ga_m~orker_01_09e390d65d-2c00995100-g6daa2ze_28ab158e,manifest:final_cycle_only,1.7986,1.6076,28,1,,676.079,deck
d235f0f96b34c05d,..\2_LP\LOW_Fr_MASTER_result\local_3GA\runs_flow_20260713_140758_ga_m~orker_01_09e390d65d-4a37f63501-fvsqrub3_f48e5c67,manifest:final_cycle_only,2.1206,1.8941,24,1,,550.592,deck
d235f0f96b34c05d,..\2_LP\LOW_Fr_MASTER_result\local_3GA\runs_flow_20260713_140758_ga_m~orker_01_09e390d65d-5a9a16b58a-3ptbzq42_e2ee85c0,manifest:final_cycle_only,1.6792,1.5144,27,1,,648.444,deck
d235f0f96b34c05d,..\2_LP\LOW_Fr_MASTER_result\local_3GA\runs_flow_20260713_140758_ga_m~orker_01_09e390d65d-8b5c5e123e-mryuy1zg_d6e974d1,manifest:final_cycle_only,1.6813,1.5165,27,1,,644.969,deck
d235f0f96b34c05d,..\2_LP\LOW_Fr_MASTER_result\local_3GA\runs_flow_20260713_140758_ga_m~orker_01_09e390d65d-b53b4e714b-3n71_zbp_5cb066b5,manifest:final_cycle_only,1.6901,1.5271,27,1,,637.171,deck
,..\2_LP\LOW_Fr_MASTER_result\local_3GA\runs_flow_20260713_140758_ga_m~orker_01_09e390d65d-cb3639399d-zrdoozn2_a961a8e2,no_mas_sum,,,0,0,,,
,..\2_LP\LOW_Fr_MASTER_result\local_3GA\runs_flow_20260713_140758_ga_m~orker_02_09e390d65d-1e8c83e28e-utwyp_zw_8f2281ae,no_mas_sum,,,0,0,,,
c70ca05050a2a815,..\2_LP\LOW_Fr_MASTER_result\local_3GA\runs_flow_20260713_140758_ga_m~orker_02_09e390d65d-31e0cf76e4-0a4y1i0j_7774b0ba,manifest:final_cycle_only,1.6899,1.5296,27,1,,637.362,deck
c70ca05050a2a815,..\2_LP\LOW_Fr_MASTER_result\local_3GA\runs_flow_20260713_140758_ga_m~orker_02_09e390d65d-3829e35b00-qfgfw9kq_e6b306b3,manifest:final_cycle_only,1.678,1.5143,27,1,,649.355,deck
,..\2_LP\LOW_Fr_MASTER_result\local_3GA\runs_flow_20260713_140758_ga_m~orker_02_09e390d65d-6d3eaa8560-dl41l9bi_3d512ef5,no_mas_sum,,,0,0,,,
c70ca05050a2a815,..\2_LP\LOW_Fr_MASTER_result\local_3GA\runs_flow_20260713_140758_ga_m~orker_02_09e390d65d-9d92ac52bd-9lks_rue_0658592a,manifest:final_cycle_only,1.7777,1.5885,28,1,,677.911,deck
c70ca05050a2a815,..\2_LP\LOW_Fr_MASTER_result\local_3GA\runs_flow_20260713_140758_ga_m~orker_02_09e390d65d-a3676156cd-wa8qhpy8_ebc5cbc1,manifest:final_cycle_only,1.6789,1.5165,27,1,,646.85,deck
c70ca05050a2a815,..\2_LP\LOW_Fr_MASTER_result\local_3GA\runs_flow_20260713_140758_ga_m~orker_02_09e390d65d-d50886ba89-5la8tbpo_cf5614e8,manifest:final_cycle_only,1.679,1.5169,27,1,,645.707,deck
,..\2_LP\LOW_Fr_MASTER_result\local_3GA\runs_flow_20260713_140758_ga_m~orker_03_09e390d65d-45f21b516b-s9p7n478_2b44390b,no_mas_sum,,,0,0,,,
79ce733322094087,..\2_LP\LOW_Fr_MASTER_result\local_3GA\runs_flow_20260713_140758_ga_m~orker_03_09e390d65d-4b330911c1-sxqafcfx_28edd1e2,manifest:final_cycle_only,1.6826,1.5165,27,1,,645.45,deck
79ce733322094087,..\2_LP\LOW_Fr_MASTER_result\local_3GA\runs_flow_20260713_140758_ga_m~orker_03_09e390d65d-5cb3324f1a-9adui919_fc38d8ea,manifest:final_cycle_only,1.6936,1.5286,27,1,,637.993,deck
79ce733322094087,..\2_LP\LOW_Fr_MASTER_result\local_3GA\runs_flow_20260713_140758_ga_m~orker_03_09e390d65d-9b64fa1e34-a3h4gp9h_aa16121d,manifest:final_cycle_only,1.7937,1.6032,28,1,,675.205,deck
,..\2_LP\LOW_Fr_MASTER_result\local_3GA\runs_flow_20260713_140758_ga_m~orker_03_09e390d65d-9c1341ed96-2t567bph_38fe7aa1,no_mas_sum,,,0,0,,,
79ce733322094087,..\2_LP\LOW_Fr_MASTER_result\local_3GA\runs_flow_20260713_140758_ga_m~orker_03_09e390d65d-bfac239388-w_pdsaaw_3b855b7c,manifest:final_cycle_only,2.1218,1.8921,24,1,,547.088,deck
79ce733322094087,..\2_LP\LOW_Fr_MASTER_result\local_3GA\runs_flow_20260713_140758_ga_m~orker_03_09e390d65d-cd5abe2bb0-lab3m8cr_9c6838da,manifest:final_cycle_only,1.6883,1.5146,27,1,,648.697,deck
79ce733322094087,..\2_LP\LOW_Fr_MASTER_result\local_3GA\runs_flow_20260713_140758_ga_m~orker_03_09e390d65d-d123cef255-ij_6l0_2_a6074bd7,manifest:final_cycle_only,1.6817,1.5164,27,1,,646.451,deck
,..\2_LP\LOW_Fr_MASTER_result\local_3GA\runs_flow_20260713_140758_ga_m~orker_03_09e390d65d-f0fd46c9fd-r_o2wv95_45ba849a,no_mas_sum,,,0,0,,,
3bf6b09af4f641a5,..\2_LP\LOW_Fr_MASTER_result\local_3GA\runs_flow_20260713_140758_ga_m~orker_04_09e390d65d-03833390f0-oqh4ekhp_dab7ae2a,manifest:final_cycle_only,1.786,1.5959,28,1,,676.319,deck
,..\2_LP\LOW_Fr_MASTER_result\local_3GA\runs_flow_20260713_140758_ga_m~orker_04_09e390d65d-46fcf6c852-qxihvr2c_b69854c0,no_mas_sum,,,0,0,,,
3bf6b09af4f641a5,..\2_LP\LOW_Fr_MASTER_result\local_3GA\runs_flow_20260713_140758_ga_m~orker_04_09e390d65d-74786cfd70-jy3626a2_88ae5d50,manifest:final_cycle_only,1.6936,1.5281,27,1,,637.53,deck
,..\2_LP\LOW_Fr_MASTER_result\local_3GA\runs_flow_20260713_140758_ga_m~orker_04_09e390d65d-8b41b53839-h2670ats_85c25617,no_mas_sum,,,0,0,,,
3bf6b09af4f641a5,..\2_LP\LOW_Fr_MASTER_result\local_3GA\runs_flow_20260713_140758_ga_m~orker_04_09e390d65d-b14bfe80cf-qda8uosg_161696cb,manifest:final_cycle_only,1.6806,1.5163,27,1,,646.563,deck
3bf6b09af4f641a5,..\2_LP\LOW_Fr_MASTER_result\local_3GA\runs_flow_20260713_140758_ga_m~orker_04_09e390d65d-b942c1044a-0xikvy8f_0602e034,manifest:final_cycle_only,1.6799,1.5142,27,1,,648.984,deck
3bf6b09af4f641a5,..\2_LP\LOW_Fr_MASTER_result\local_3GA\runs_flow_20260713_140758_ga_m~orker_04_09e390d65d-daf5df35b4-a20q4dy1_a90db425,manifest:final_cycle_only,1.6816,1.5166,27,1,,645.423,deck
3bf6b09af4f641a5,..\2_LP\LOW_Fr_MASTER_result\local_3GA\runs_flow_20260713_140758_ga_m~orker_04_09e390d65d-f76d6464ab-xn834j3o_91645c5b,manifest:final_cycle_only,2.108,1.8808,24,1,,550.972,deck
c907c591eae94af5,..\2_LP\LOW_Fr_MASTER_result\local_3GA\runs_flow_20260713_140758_ga_m~orker_05_09e390d65d-1c5686fb2a-5h3pea0j_391ea412,manifest:final_cycle_only,1.6811,1.519,27,1,,645.101,deck
c907c591eae94af5,..\2_LP\LOW_Fr_MASTER_result\local_3GA\runs_flow_20260713_140758_ga_m~orker_05_09e390d65d-1e963c978e-qgkbvqe0_a3fc83ca,manifest:final_cycle_only,1.68,1.5168,27,1,,648.265,deck
c907c591eae94af5,..\2_LP\LOW_Fr_MASTER_result\local_3GA\runs_flow_20260713_140758_ga_m~orker_05_09e390d65d-7abfc00b2b-z0c8o9bi_0ad0fc86,manifest:final_cycle_only,1.782,1.5927,28,1,,673.43,deck
c907c591eae94af5,..\2_LP\LOW_Fr_MASTER_result\local_3GA\runs_flow_20260713_140758_ga_m~orker_05_09e390d65d-97a818d529-c5m3ch7d_5bf418ae,manifest:final_cycle_only,1.681,1.5181,27,1,,646.093,deck
,..\2_LP\LOW_Fr_MASTER_result\local_3GA\runs_flow_20260713_140758_ga_m~orker_05_09e390d65d-d7c2015740-7kfwoi1h_d3d6db43,no_mas_sum,,,0,0,,,
c907c591eae94af5,..\2_LP\LOW_Fr_MASTER_result\local_3GA\runs_flow_20260713_140758_ga_m~orker_05_09e390d65d-dc91c500ae-spiapdjg_4a0299a5,manifest:final_cycle_only,1.6899,1.5313,27,1,,637.761,deck
,..\2_LP\LOW_Fr_MASTER_result\local_3GA\runs_flow_20260713_140758_ga_m~orker_05_09e390d65d-f16f7315f1-w8capjma_5be56f2c,no_mas_sum,,,0,0,,,
c907c591eae94af5,..\2_LP\LOW_Fr_MASTER_result\local_3GA\runs_flow_20260713_140758_ga_m~orker_05_09e390d65d-fe73977022-nf8cw7x5_ffe661c1,manifest:final_cycle_only,2.0954,1.8952,24,1,,554.307,deck
,..\2_LP\LOW_Fr_MASTER_result\local_3GA\runs_flow_20260713_140758_ga_m~orker_06_09e390d65d-40fd6cc884-y9jbj80e_e6dddc2a,no_mas_sum,,,0,0,,,
75db86545120dd0e,..\2_LP\LOW_Fr_MASTER_result\local_3GA\runs_flow_20260713_140758_ga_m~orker_06_09e390d65d-533417efde-lmphmnky_62d7a7d1,manifest:final_cycle_only,1.8207,1.6174,27,1,,633.715,deck
75db86545120dd0e,..\2_LP\LOW_Fr_MASTER_result\local_3GA\runs_flow_20260713_140758_ga_m~orker_06_09e390d65d-5d74320691-sdagumn5_878990d5,manifest:final_cycle_only,2.0025,1.7886,24,1,,551.311,deck
,..\2_LP\LOW_Fr_MASTER_result\local_3GA\runs_flow_20260713_140758_ga_m~orker_06_09e390d65d-72c0ad37c4-bewa3u4f_27c688b3,no_mas_sum,,,0,0,,,
75db86545120dd0e,..\2_LP\LOW_Fr_MASTER_result\local_3GA\runs_flow_20260713_140758_ga_m~orker_06_09e390d65d-9e104b507a-8c2v1xw1_566ac16b,manifest:final_cycle_only,1.7889,1.5988,28,1,,676.708,deck
,..\2_LP\LOW_Fr_MASTER_result\local_3GA\runs_flow_20260713_140758_ga_m~orker_06_09e390d65d-a9b7413712-e_gcr4y3_0b01abca,no_mas_sum,,,0,0,,,
75db86545120dd0e,..\2_LP\LOW_Fr_MASTER_result\local_3GA\runs_flow_20260713_140758_ga_m~orker_06_09e390d65d-bb074459e4-pu1k5vgi_ab88f43a,manifest:final_cycle_only,1.8138,1.6162,27,1,,644.563,deck
75db86545120dd0e,..\2_LP\LOW_Fr_MASTER_result\local_3GA\runs_flow_20260713_140758_ga_m~orker_06_09e390d65d-fac90c4c05-d22e0h4d_57308d0b,manifest:final_cycle_only,1.8128,1.6154,27,1,,647.655,deck
,..\2_LP\LOW_Fr_MASTER_result\local_3GA\runs_flow_20260713_140758_ga_m~orker_07_09e390d65d-26450ed290-22mtxv5o_bab3a7f1,no_mas_sum,,,0,0,,,
6ed6d76d77feac86,..\2_LP\LOW_Fr_MASTER_result\local_3GA\runs_flow_20260713_140758_ga_m~orker_07_09e390d65d-5fb220ea94-jg6rzchs_db058c6c,manifest:final_cycle_only,2.2093,1.9842,24,1,,559.252,deck
6ed6d76d77feac86,..\2_LP\LOW_Fr_MASTER_result\local_3GA\runs_flow_20260713_140758_ga_m~orker_07_09e390d65d-8b5e8805ac-zaqa2_pb_789dbc4a,manifest:final_cycle_only,1.7975,1.6406,27,1,,648.114,deck
6ed6d76d77feac86,..\2_LP\LOW_Fr_MASTER_result\local_3GA\runs_flow_20260713_140758_ga_m~orker_07_09e390d65d-9c3df915f7-j39d5zuc_20c62b79,manifest:final_cycle_only,1.7719,1.626,28,1,,671.042,deck
,..\2_LP\LOW_Fr_MASTER_result\local_3GA\runs_flow_20260713_140758_ga_m~orker_07_09e390d65d-ab26eab5aa-mkydt805_9bea18c1,no_mas_sum,,,0,0,,,
6ed6d76d77feac86,..\2_LP\LOW_Fr_MASTER_result\local_3GA\runs_flow_20260713_140758_ga_m~orker_07_09e390d65d-eaf077b0ff-g5u02e_d_b8a263b1,manifest:final_cycle_only,1.7987,1.6408,27,1,,646.131,deck
,..\2_LP\LOW_Fr_MASTER_result\local_3GA\runs_flow_20260713_140758_ga_m~orker_07_09e390d65d-f644cf3249-mcaff852_ccd1bc3d,no_mas_sum,,,0,0,,,
6ed6d76d77feac86,..\2_LP\LOW_Fr_MASTER_result\local_3GA\runs_flow_20260713_140758_ga_m~orker_07_09e390d65d-f74b3895ba-e9dpdhh0_60cbdf6f,manifest:final_cycle_only,1.7984,1.6405,27,1,,645.255,deck
6ed6d76d77feac86,..\2_LP\LOW_Fr_MASTER_result\local_3GA\runs_flow_20260713_140758_ga_m~orker_07_09e390d65d-ff9fc39db0-1rctdzei_29d10357,manifest:final_cycle_only,1.8049,1.6487,27,1,,638.548,deck
2edaf9e21eb1e901,..\2_LP\LOW_Fr_MASTER_result\local_3GA\runs_flow_20260713_140758_ga_m~worker_00_09e390d65d-d23e69e511-hlhm8s2_e6415af8,manifest:final_cycle_only,1.679,1.5175,27,1,,645.253,deck
c70ca05050a2a815,..\2_LP\LOW_Fr_MASTER_result\local_3GA\runs_flow_20260713_140758_ga_m~worker_02_09e390d65d-c135d2e7b0-h91vhhn_e6664e75,manifest:final_cycle_only,2.1348,1.9098,24,1,,548.328,deck
,..\2_LP\LOW_Fr_MASTER_result\local_3GA\runs_flow_20260713_140758_ga_m~worker_05_09e390d65d-3167784f1a-22wunum_0adbb9c2,no_mas_sum,,,0,0,,,
75db86545120dd0e,..\2_LP\LOW_Fr_MASTER_result\local_3GA\runs_flow_20260713_140758_ga_m~worker_06_09e390d65d-1010248cfa-0l2vyj6_55fa9dbc,manifest:final_cycle_only,1.8135,1.6161,27,1,,642.986,deck
,..\2_LP\LOW_Fr_MASTER_result\local_3GA\runs_flow_20260713_194353_ga_m~orker_02_09e390d65d-1e8c83e28e-gpazg6s5_409df221,no_mas_sum,,,0,0,,,
,..\2_LP\LOW_Fr_MASTER_result\local_3GA\runs_flow_20260713_194353_ga_m~orker_03_09e390d65d-45f21b516b-rsaoxgv1_1d0d270a,no_mas_sum,,,0,0,,,
,..\2_LP\LOW_Fr_MASTER_result\local_3GA\runs_flow_20260713_194353_ga_m~orker_03_09e390d65d-f058f78391-tqyw57s8_86a5d69b,no_mas_sum,,,0,0,,,
,..\2_LP\LOW_Fr_MASTER_result\local_3GA\runs_flow_20260713_194353_ga_m~orker_05_09e390d65d-f16f7315f1-e93913ns_f7dfe1e2,no_mas_sum,,,0,0,,,
,..\2_LP\LOW_Fr_MASTER_result\local_3GA\runs_flow_20260713_194353_ga_m~orker_06_09e390d65d-40fd6cc884-3f04rwj7_ff9ff321,no_mas_sum,,,0,0,,,
,..\2_LP\LOW_Fr_MASTER_result\local_3GA\runs_flow_20260713_194353_ga_m~orker_06_09e390d65d-a9b7413712-6wl1wmiu_4cd5d504,no_mas_sum,,,0,0,,,
,..\2_LP\LOW_Fr_MASTER_result\local_3GA\runs_flow_20260713_194353_ga_m~orker_07_09e390d65d-ab26eab5aa-vn7pjdcb_b3f77b3e,no_mas_sum,,,0,0,,,
,..\2_LP\LOW_Fr_MASTER_result\local_3GA\runs_flow_20260713_194353_ga_m~worker_04_09e390d65d-8b41b53839-p0ez26u_49c6a1fd,no_mas_sum,,,0,0,,,
,..\2_LP\LOW_Fr_MASTER_result\local_3GA\runs_flow_20260713_223509_ga_m~orker_01_34320c447e-6250b64b22-d00mm5_5_160e0f60,no_mas_sum,,,0,0,,,
,..\2_LP\LOW_Fr_MASTER_result\local_3GA\runs_flow_20260713_223509_ga_m~orker_02_34320c447e-3d60ea5373-0hs38ai4_29275070,no_mas_sum,,,0,0,,,
,..\2_LP\LOW_Fr_MASTER_result\local_3GA\runs_flow_20260713_223509_ga_m~orker_03_34320c447e-a6ed8cf8b9-4nmngx9x_e169fafb,no_mas_sum,,,0,0,,,
,..\2_LP\LOW_Fr_MASTER_result\local_3GA\runs_flow_20260713_223509_ga_m~orker_04_34320c447e-0c91eabc1e-hid_e1kp_0c877278,no_mas_sum,,,0,0,,,
,..\2_LP\LOW_Fr_MASTER_result\local_3GA\runs_flow_20260713_223509_ga_m~orker_04_34320c447e-4f85947231-2ta2bgpz_a79bf56b,no_mas_sum,,,0,0,,,
,..\2_LP\LOW_Fr_MASTER_result\local_3GA\runs_flow_20260713_223509_ga_m~orker_05_34320c447e-41c2bbb465-0kzujnn5_7c4acdfd,no_mas_sum,,,0,0,,,
,..\2_LP\LOW_Fr_MASTER_result\local_3GA\runs_flow_20260713_223509_ga_m~orker_05_34320c447e-96f6bd3558-ewk72_7n_3b783962,no_mas_sum,,,0,0,,,
,..\2_LP\LOW_Fr_MASTER_result\local_3GA\runs_flow_20260713_223509_ga_m~orker_06_34320c447e-106efcc413-fjj6hnzk_0af609ce,no_mas_sum,,,0,0,,,
,..\2_LP\LOW_Fr_MASTER_result\local_3GA\runs_flow_20260713_223509_ga_m~orker_06_34320c447e-48f508bcd1-d3b4wbsj_ddac72a0,no_mas_sum,,,0,0,,,
,..\2_LP\LOW_Fr_MASTER_result\local_3GA\runs_flow_20260714_015809_case~-boc_hzp_full-43cc0fc92c9275e4-thtk2j8x_4ea5accb,no_digest,,,0,0,,,
,..\2_LP\LOW_Fr_MASTER_result\local_3GA\runs_flow_20260714_015809_case~-boc_hzp_full-6b19fade76e1eecb-fwsga772_eac3b2c5,no_digest,,,0,0,,,
,..\2_LP\LOW_Fr_MASTER_result\local_3GA\runs_flow_20260714_015809_case~-boc_hzp_full-9cdeb63684747796-thqcyg6y_83e06221,no_digest,,,0,0,,,
,..\2_LP\LOW_Fr_MASTER_result\local_3GA\runs_flow_20260714_015809_case~-boc_hzp_full-f7ce9605a36f0494-zuhte3d5_b49fc558,no_digest,,,0,0,,,
,..\2_LP\LOW_Fr_MASTER_result\local_3GA\runs_flow_20260714_015809_case~-eoc_hzp_full-43cc0fc92c9275e4-n08bcyos_b1700693,no_digest,,,0,0,,,
,..\2_LP\LOW_Fr_MASTER_result\local_3GA\runs_flow_20260714_015809_case~-eoc_hzp_full-6b19fade76e1eecb-mczipafp_66f8b9df,no_digest,,,0,0,,,
,..\2_LP\LOW_Fr_MASTER_result\local_3GA\runs_flow_20260714_015809_case~-eoc_hzp_full-9cdeb63684747796-fbj9dint_09c9dcef,no_digest,,,0,0,,,
,..\2_LP\LOW_Fr_MASTER_result\local_3GA\runs_flow_20260714_015809_case~-eoc_hzp_full-f7ce9605a36f0494-l8rnm23j_85698778,no_digest,,,0,0,,,
,..\2_LP\LOW_Fr_MASTER_result\local_3GA\runs_flow_20260714_015809_case~6f0494_equilibrium_boc_sdm_requirements_ec073605,no_digest,,,0,0,,,
,..\2_LP\LOW_Fr_MASTER_result\local_3GA\runs_flow_20260714_015809_case~6f0494_equilibrium_eoc_sdm_requirements_98d737ee,no_digest,,,0,0,,,
,..\2_LP\LOW_Fr_MASTER_result\local_3GA\runs_flow_20260714_015809_case~747796_equilibrium_boc_sdm_requirements_8e898c04,no_digest,,,0,0,,,
,..\2_LP\LOW_Fr_MASTER_result\local_3GA\runs_flow_20260714_015809_case~747796_equilibrium_eoc_sdm_requirements_ba05a4b2,no_digest,,,0,0,,,
,..\2_LP\LOW_Fr_MASTER_result\local_3GA\runs_flow_20260714_015809_case~9275e4_equilibrium_boc_sdm_requirements_d33a3aef,no_digest,,,0,0,,,
,..\2_LP\LOW_Fr_MASTER_result\local_3GA\runs_flow_20260714_015809_case~9275e4_equilibrium_eoc_sdm_requirements_57c9dc7b,no_digest,,,0,0,,,
,..\2_LP\LOW_Fr_MASTER_result\local_3GA\runs_flow_20260714_015809_case~_safety_postprocessing_shared_full_seed_70bde4e5\full_cy01,chain:cy01/1,3.2439,2.93,39,0,above_ceiling,1047.53,
,..\2_LP\LOW_Fr_MASTER_result\local_3GA\runs_flow_20260714_015809_case~c_hzp_quarter-6b19fade76e1eecb-stfy1hoj_6a0f702f,no_digest,,,0,0,,,
,..\2_LP\LOW_Fr_MASTER_result\local_3GA\runs_flow_20260714_015809_case~c_hzp_quarter-9cdeb63684747796-wc5y1vay_d34efc03,no_digest,,,0,0,,,
,..\2_LP\LOW_Fr_MASTER_result\local_3GA\runs_flow_20260714_015809_case~c_hzp_quarter-f7ce9605a36f0494-aygvzxeg_898234c8,no_digest,,,0,0,,,
,..\2_LP\LOW_Fr_MASTER_result\local_3GA\runs_flow_20260714_015809_case~e1eecb_equilibrium_boc_sdm_requirements_7f785186,no_digest,,,0,0,,,
,..\2_LP\LOW_Fr_MASTER_result\local_3GA\runs_flow_20260714_015809_case~e1eecb_equilibrium_eoc_sdm_requirements_b9b3a174,no_digest,,,0,0,,,
,..\2_LP\LOW_Fr_MASTER_result\local_3GA\runs_flow_20260714_015809_case~oc_hzp_quarter-43cc0fc92c9275e4-_hn7hvr_3cb3b59a,no_digest,,,0,0,,,
,..\2_LP\LOW_Fr_MASTER_result\local_3GA\runs_flow_20260714_015809_case~processing_43cc0fc92c9275e4_equilibrium_475bed22\full_cy02,superseded,,,0,0,,,
,..\2_LP\LOW_Fr_MASTER_result\local_3GA\runs_flow_20260714_015809_case~processing_43cc0fc92c9275e4_equilibrium_475bed22\full_cy03,superseded,,,0,0,,,
,..\2_LP\LOW_Fr_MASTER_result\local_3GA\runs_flow_20260714_015809_case~processing_43cc0fc92c9275e4_equilibrium_475bed22\full_cy04,superseded,,,0,0,,,
,..\2_LP\LOW_Fr_MASTER_result\local_3GA\runs_flow_20260714_015809_case~processing_43cc0fc92c9275e4_equilibrium_475bed22\full_cy05,superseded,,,0,0,,,
,..\2_LP\LOW_Fr_MASTER_result\local_3GA\runs_flow_20260714_015809_case~processing_43cc0fc92c9275e4_equilibrium_475bed22\full_cy06,superseded,,,0,0,,,
,..\2_LP\LOW_Fr_MASTER_result\local_3GA\runs_flow_20260714_015809_case~processing_43cc0fc92c9275e4_equilibrium_475bed22\full_cy07,superseded,,,0,0,,,
,..\2_LP\LOW_Fr_MASTER_result\local_3GA\runs_flow_20260714_015809_case~processing_43cc0fc92c9275e4_equilibrium_475bed22\full_cy08,superseded,,,0,0,,,
,..\2_LP\LOW_Fr_MASTER_result\local_3GA\runs_flow_20260714_015809_case~processing_43cc0fc92c9275e4_equilibrium_475bed22\full_cy09,superseded,,,0,0,,,
,..\2_LP\LOW_Fr_MASTER_result\local_3GA\runs_flow_20260714_015809_case~processing_43cc0fc92c9275e4_equilibrium_475bed22\full_cy10,chain:cy10/10,1.6415,1.5027,27,1,,652.643,
43cc0fc92c9275e4,..\2_LP\LOW_Fr_MASTER_result\local_3GA\runs_flow_20260714_015809_case~processing_43cc0fc92c9275e4_equilibrium_475bed22\quarter_cy99,superseded,,,0,0,,,deck
,..\2_LP\LOW_Fr_MASTER_result\local_3GA\runs_flow_20260714_015809_case~processing_6b19fade76e1eecb_equilibrium_11eeb403\full_cy02,superseded,,,0,0,,,
,..\2_LP\LOW_Fr_MASTER_result\local_3GA\runs_flow_20260714_015809_case~processing_6b19fade76e1eecb_equilibrium_11eeb403\full_cy03,superseded,,,0,0,,,
,..\2_LP\LOW_Fr_MASTER_result\local_3GA\runs_flow_20260714_015809_case~processing_6b19fade76e1eecb_equilibrium_11eeb403\full_cy04,superseded,,,0,0,,,
,..\2_LP\LOW_Fr_MASTER_result\local_3GA\runs_flow_20260714_015809_case~processing_6b19fade76e1eecb_equilibrium_11eeb403\full_cy05,superseded,,,0,0,,,
,..\2_LP\LOW_Fr_MASTER_result\local_3GA\runs_flow_20260714_015809_case~processing_6b19fade76e1eecb_equilibrium_11eeb403\full_cy06,superseded,,,0,0,,,
,..\2_LP\LOW_Fr_MASTER_result\local_3GA\runs_flow_20260714_015809_case~processing_6b19fade76e1eecb_equilibrium_11eeb403\full_cy07,superseded,,,0,0,,,
,..\2_LP\LOW_Fr_MASTER_result\local_3GA\runs_flow_20260714_015809_case~processing_6b19fade76e1eecb_equilibrium_11eeb403\full_cy08,superseded,,,0,0,,,
,..\2_LP\LOW_Fr_MASTER_result\local_3GA\runs_flow_20260714_015809_case~processing_6b19fade76e1eecb_equilibrium_11eeb403\full_cy09,superseded,,,0,0,,,
,..\2_LP\LOW_Fr_MASTER_result\local_3GA\runs_flow_20260714_015809_case~processing_6b19fade76e1eecb_equilibrium_11eeb403\full_cy10,chain:cy10/10,1.6418,1.5045,27,1,,652.818,
6b19fade76e1eecb,..\2_LP\LOW_Fr_MASTER_result\local_3GA\runs_flow_20260714_015809_case~processing_6b19fade76e1eecb_equilibrium_11eeb403\quarter_cy99,superseded,,,0,0,,,deck
,..\2_LP\LOW_Fr_MASTER_result\local_3GA\runs_flow_20260714_015809_case~processing_9cdeb63684747796_equilibrium_8be72b88\full_cy02,superseded,,,0,0,,,
,..\2_LP\LOW_Fr_MASTER_result\local_3GA\runs_flow_20260714_015809_case~processing_9cdeb63684747796_equilibrium_8be72b88\full_cy03,superseded,,,0,0,,,
,..\2_LP\LOW_Fr_MASTER_result\local_3GA\runs_flow_20260714_015809_case~processing_9cdeb63684747796_equilibrium_8be72b88\full_cy04,superseded,,,0,0,,,
,..\2_LP\LOW_Fr_MASTER_result\local_3GA\runs_flow_20260714_015809_case~processing_9cdeb63684747796_equilibrium_8be72b88\full_cy05,superseded,,,0,0,,,
,..\2_LP\LOW_Fr_MASTER_result\local_3GA\runs_flow_20260714_015809_case~processing_9cdeb63684747796_equilibrium_8be72b88\full_cy06,superseded,,,0,0,,,
,..\2_LP\LOW_Fr_MASTER_result\local_3GA\runs_flow_20260714_015809_case~processing_9cdeb63684747796_equilibrium_8be72b88\full_cy07,superseded,,,0,0,,,
,..\2_LP\LOW_Fr_MASTER_result\local_3GA\runs_flow_20260714_015809_case~processing_9cdeb63684747796_equilibrium_8be72b88\full_cy08,superseded,,,0,0,,,
,..\2_LP\LOW_Fr_MASTER_result\local_3GA\runs_flow_20260714_015809_case~processing_9cdeb63684747796_equilibrium_8be72b88\full_cy09,superseded,,,0,0,,,
,..\2_LP\LOW_Fr_MASTER_result\local_3GA\runs_flow_20260714_015809_case~processing_9cdeb63684747796_equilibrium_8be72b88\full_cy10,chain:cy10/10,1.6433,1.5042,27,1,,652.638,
9cdeb63684747796,..\2_LP\LOW_Fr_MASTER_result\local_3GA\runs_flow_20260714_015809_case~processing_9cdeb63684747796_equilibrium_8be72b88\quarter_cy99,superseded,,,0,0,,,deck
,..\2_LP\LOW_Fr_MASTER_result\local_3GA\runs_flow_20260714_015809_case~processing_f7ce9605a36f0494_equilibrium_1d3486d0\full_cy02,superseded,,,0,0,,,
,..\2_LP\LOW_Fr_MASTER_result\local_3GA\runs_flow_20260714_015809_case~processing_f7ce9605a36f0494_equilibrium_1d3486d0\full_cy03,superseded,,,0,0,,,
,..\2_LP\LOW_Fr_MASTER_result\local_3GA\runs_flow_20260714_015809_case~processing_f7ce9605a36f0494_equilibrium_1d3486d0\full_cy04,superseded,,,0,0,,,
,..\2_LP\LOW_Fr_MASTER_result\local_3GA\runs_flow_20260714_015809_case~processing_f7ce9605a36f0494_equilibrium_1d3486d0\full_cy05,superseded,,,0,0,,,
,..\2_LP\LOW_Fr_MASTER_result\local_3GA\runs_flow_20260714_015809_case~processing_f7ce9605a36f0494_equilibrium_1d3486d0\full_cy06,superseded,,,0,0,,,
,..\2_LP\LOW_Fr_MASTER_result\local_3GA\runs_flow_20260714_015809_case~processing_f7ce9605a36f0494_equilibrium_1d3486d0\full_cy07,superseded,,,0,0,,,
,..\2_LP\LOW_Fr_MASTER_result\local_3GA\runs_flow_20260714_015809_case~processing_f7ce9605a36f0494_equilibrium_1d3486d0\full_cy08,superseded,,,0,0,,,
,..\2_LP\LOW_Fr_MASTER_result\local_3GA\runs_flow_20260714_015809_case~processing_f7ce9605a36f0494_equilibrium_1d3486d0\full_cy09,superseded,,,0,0,,,
,..\2_LP\LOW_Fr_MASTER_result\local_3GA\runs_flow_20260714_015809_case~processing_f7ce9605a36f0494_equilibrium_1d3486d0\full_cy10,chain:cy10/10,1.6366,1.4906,27,1,,652.835,
f7ce9605a36f0494,..\2_LP\LOW_Fr_MASTER_result\local_3GA\runs_flow_20260714_015809_case~processing_f7ce9605a36f0494_equilibrium_1d3486d0\quarter_cy99,superseded,,,0,0,,,deck
,..\2_LP\LOW_Fr_MASTER_result\local_3GA\runs_flow_20260714_024213_ga_m~orker_01_09e390d65d-da6c35b2fb-zaueewck_aafae92c,no_mas_sum,,,0,0,,,
,..\2_LP\LOW_Fr_MASTER_result\local_3GA\runs_flow_20260714_024213_ga_m~orker_02_09e390d65d-1e8c83e28e-94ixhshp_acd2ef2e,no_mas_sum,,,0,0,,,
,..\2_LP\LOW_Fr_MASTER_result\local_3GA\runs_flow_20260714_024213_ga_m~orker_02_09e390d65d-40b0c7541f-m4gaxbt7_c71a365c,no_mas_sum,,,0,0,,,
,..\2_LP\LOW_Fr_MASTER_result\local_3GA\runs_flow_20260714_024213_ga_m~orker_03_09e390d65d-45f21b516b-rb6kloo3_bcf44171,no_mas_sum,,,0,0,,,
,..\2_LP\LOW_Fr_MASTER_result\local_3GA\runs_flow_20260714_024213_ga_m~orker_03_09e390d65d-4ec1f967ea-1kpgii_m_a00e4024,no_mas_sum,,,0,0,,,
,..\2_LP\LOW_Fr_MASTER_result\local_3GA\runs_flow_20260714_024213_ga_m~orker_03_09e390d65d-6d8aca69af-1pegfo78_5302401b,no_mas_sum,,,0,0,,,
,..\2_LP\LOW_Fr_MASTER_result\local_3GA\runs_flow_20260714_024213_ga_m~orker_03_09e390d65d-874388d874-tyen7djb_d6f655a4,no_mas_sum,,,0,0,,,
,..\2_LP\LOW_Fr_MASTER_result\local_3GA\runs_flow_20260714_024213_ga_m~orker_04_09e390d65d-8b41b53839-72k82kte_7291992c,no_mas_sum,,,0,0,,,
,..\2_LP\LOW_Fr_MASTER_result\local_3GA\runs_flow_20260714_024213_ga_m~orker_05_09e390d65d-93de62c7ae-n57rxyao_9269f279,no_mas_sum,,,0,0,,,
,..\2_LP\LOW_Fr_MASTER_result\local_3GA\runs_flow_20260714_024213_ga_m~orker_05_09e390d65d-b0573ebf63-lqb75e89_7c9a8e20,no_mas_sum,,,0,0,,,
,..\2_LP\LOW_Fr_MASTER_result\local_3GA\runs_flow_20260714_024213_ga_m~orker_05_09e390d65d-f16f7315f1-_smor426_e3d8f41d,no_mas_sum,,,0,0,,,
,..\2_LP\LOW_Fr_MASTER_result\local_3GA\runs_flow_20260714_024213_ga_m~orker_06_09e390d65d-1690a4979b-86nyix3q_e3ff8991,no_mas_sum,,,0,0,,,
,..\2_LP\LOW_Fr_MASTER_result\local_3GA\runs_flow_20260714_024213_ga_m~orker_06_09e390d65d-40fd6cc884-tgnzz38i_16a47fa1,no_mas_sum,,,0,0,,,
,..\2_LP\LOW_Fr_MASTER_result\local_3GA\runs_flow_20260714_024213_ga_m~orker_06_09e390d65d-a9b7413712-ajmps_30_a8407cf5,no_mas_sum,,,0,0,,,
,..\2_LP\LOW_Fr_MASTER_result\local_3GA\runs_flow_20260714_024213_ga_m~orker_06_09e390d65d-ce643af0cd-_g6hsslr_71b49198,no_mas_sum,,,0,0,,,
,..\2_LP\LOW_Fr_MASTER_result\local_3GA\runs_flow_20260714_024213_ga_m~orker_07_09e390d65d-83f411d43f-jaa7hw83_129fb9c6,no_mas_sum,,,0,0,,,
,..\2_LP\LOW_Fr_MASTER_result\local_3GA\runs_flow_20260714_024213_ga_m~orker_07_09e390d65d-ab26eab5aa-g3hlmo8w_186f6c18,no_mas_sum,,,0,0,,,
e8d4bc68da18312c,..\2_LP\LOW_Fr_MASTER_result\local_3GA\runs_flow_20260714_084703_ga_m~orker_00_34320c447e-0e59a2d271-e1j6wblo_ba3b6f0c,manifest:final_cycle_only,1.6359,1.4817,27,1,,635.234,deck
e8d4bc68da18312c,..\2_LP\LOW_Fr_MASTER_result\local_3GA\runs_flow_20260714_084703_ga_m~orker_00_34320c447e-32f5ba0b7f-1bqpe1xk_3f7152b3,manifest:final_cycle_only,1.8566,1.6589,22,1,,506.95,deck
,..\2_LP\LOW_Fr_MASTER_result\local_3GA\runs_flow_20260714_084703_ga_m~orker_00_34320c447e-67cf5552e6-99azkjov_b36db069,no_mas_sum,,,0,0,,,
,..\2_LP\LOW_Fr_MASTER_result\local_3GA\runs_flow_20260714_084703_ga_m~orker_00_34320c447e-a714d216b4-260xhuyb_7cb7d368,no_mas_sum,,,0,0,,,
e8d4bc68da18312c,..\2_LP\LOW_Fr_MASTER_result\local_3GA\runs_flow_20260714_084703_ga_m~orker_00_34320c447e-ed0cd5c612-dtxvznj0_a484b516,manifest:final_cycle_only,1.6161,1.4438,29,1,,709.306,deck
2fe9970e9ad348cf,..\2_LP\LOW_Fr_MASTER_result\local_3GA\runs_flow_20260714_084703_ga_m~orker_01_34320c447e-ac70c3c2d0-lnfp18m7_5e5b3747,manifest:final_cycle_only,1.8917,1.6365,22,1,,501.969,deck
2fe9970e9ad348cf,..\2_LP\LOW_Fr_MASTER_result\local_3GA\runs_flow_20260714_084703_ga_m~orker_01_34320c447e-cc32e4f312-ixjqbebo_75bcd999,manifest:final_cycle_only,1.6272,1.4499,29,1,,711.187,deck
,..\2_LP\LOW_Fr_MASTER_result\local_3GA\runs_flow_20260714_084703_ga_m~orker_02_34320c447e-3d60ea5373-3btta362_e67a93e9,no_mas_sum,,,0,0,,,
33a133f6dd62aa20,..\2_LP\LOW_Fr_MASTER_result\local_3GA\runs_flow_20260714_084703_ga_m~orker_02_34320c447e-3d6a856493-wh46hvly_78f89e76,manifest:final_cycle_only,1.6307,1.4495,29,1,,711.756,deck
33a133f6dd62aa20,..\2_LP\LOW_Fr_MASTER_result\local_3GA\runs_flow_20260714_084703_ga_m~orker_02_34320c447e-abb5502f3b-_w0_x8th_b8b3b053,manifest:final_cycle_only,1.9474,1.6775,22,1,,503.025,deck
,..\2_LP\LOW_Fr_MASTER_result\local_3GA\runs_flow_20260714_084703_ga_m~orker_02_34320c447e-c50690cf9a-sg59i98v_2ddaf824,no_mas_sum,,,0,0,,,
33a133f6dd62aa20,..\2_LP\LOW_Fr_MASTER_result\local_3GA\runs_flow_20260714_084703_ga_m~orker_02_34320c447e-df0e520ddd-8y8rergb_ce4586a5,manifest:final_cycle_only,1.6483,1.4908,27,1,,633.679,deck
83b0c303a93174fc,..\2_LP\LOW_Fr_MASTER_result\local_3GA\runs_flow_20260714_084703_ga_m~orker_03_34320c447e-923843da20-jteo6xfj_d4a72d64,manifest:final_cycle_only,1.8579,1.663,22,1,,509.817,deck
,..\2_LP\LOW_Fr_MASTER_result\local_3GA\runs_flow_20260714_084703_ga_m~orker_03_34320c447e-a6ed8cf8b9-plwyg5ca_0eb3e3eb,no_mas_sum,,,0,0,,,
,..\2_LP\LOW_Fr_MASTER_result\local_3GA\runs_flow_20260714_084703_ga_m~orker_03_34320c447e-b96a73bcf2-fzu8blpq_ae7eee2b,no_mas_sum,,,0,0,,,
83b0c303a93174fc,..\2_LP\LOW_Fr_MASTER_result\local_3GA\runs_flow_20260714_084703_ga_m~orker_03_34320c447e-c177fe3718-5xhriv3v_d384c49d,manifest:final_cycle_only,1.6286,1.4471,29,1,,709.479,deck
83b0c303a93174fc,..\2_LP\LOW_Fr_MASTER_result\local_3GA\runs_flow_20260714_084703_ga_m~orker_03_34320c447e-f01951765e-2pf17p06_a38ed6a7,manifest:final_cycle_only,1.6614,1.4931,27,1,,638.084,deck
edde5481880e5077,..\2_LP\LOW_Fr_MASTER_result\local_3GA\runs_flow_20260714_084703_ga_m~orker_04_34320c447e-01bc6cc890-hs8f402j_fba00206,manifest:final_cycle_only,1.6346,1.4821,27,1,,634.662,deck
,..\2_LP\LOW_Fr_MASTER_result\local_3GA\runs_flow_20260714_084703_ga_m~orker_04_34320c447e-0c91eabc1e-bjaryia7_78623877,no_mas_sum,,,0,0,,,
edde5481880e5077,..\2_LP\LOW_Fr_MASTER_result\local_3GA\runs_flow_20260714_084703_ga_m~orker_04_34320c447e-811ae8660a-1q8bqw4w_27650b7b,manifest:final_cycle_only,1.8557,1.6572,22,1,,506.312,deck
edde5481880e5077,..\2_LP\LOW_Fr_MASTER_result\local_3GA\runs_flow_20260714_084703_ga_m~orker_04_34320c447e-c4dc498d50-4tq_zkc8_f4f08cb0,manifest:final_cycle_only,1.6252,1.443,29,1,,709.067,deck
,..\2_LP\LOW_Fr_MASTER_result\local_3GA\runs_flow_20260714_084703_ga_m~orker_04_34320c447e-f488de1645-kb7j7ujq_1c4bd11e,no_mas_sum,,,0,0,,,
,..\2_LP\LOW_Fr_MASTER_result\local_3GA\runs_flow_20260714_084703_ga_m~orker_05_34320c447e-01e9708515-53rvg9uu_b1dac961,no_mas_sum,,,0,0,,,
6534a9fe4f372216,..\2_LP\LOW_Fr_MASTER_result\local_3GA\runs_flow_20260714_084703_ga_m~orker_05_34320c447e-2a4dc4b5d3-3z2joewj_ab66cecd,manifest:final_cycle_only,2.0136,1.7105,22,1,,509.366,deck
,..\2_LP\LOW_Fr_MASTER_result\local_3GA\runs_flow_20260714_084703_ga_m~orker_05_34320c447e-86cc4b5a51-6_z3lx07_2f62cb13,no_mas_sum,,,0,0,,,
,..\2_LP\LOW_Fr_MASTER_result\local_3GA\runs_flow_20260714_084703_ga_m~orker_05_34320c447e-96f6bd3558-e4trm2gg_f12d91a0,no_mas_sum,,,0,0,,,
6534a9fe4f372216,..\2_LP\LOW_Fr_MASTER_result\local_3GA\runs_flow_20260714_084703_ga_m~orker_05_34320c447e-d897833359-y4pt2bex_fe48e862,manifest:final_cycle_only,1.635,1.4561,27,1,,635.738,deck
6534a9fe4f372216,..\2_LP\LOW_Fr_MASTER_result\local_3GA\runs_flow_20260714_084703_ga_m~orker_05_34320c447e-e88b92f45f-rz7y0h16_7cb671bb,manifest:final_cycle_only,1.6328,1.4428,29,1,,715.142,deck
,..\2_LP\LOW_Fr_MASTER_result\local_3GA\runs_flow_20260714_084703_ga_m~orker_06_34320c447e-106efcc413-vfthoj4q_5028de0d,no_mas_sum,,,0,0,,,
ec1b853989d13f91,..\2_LP\LOW_Fr_MASTER_result\local_3GA\runs_flow_20260714_084703_ga_m~orker_06_34320c447e-36735b4ed5-gqoa73nv_1b48d41e,manifest:final_cycle_only,1.6994,1.4992,29,1,,714.364,deck
ec1b853989d13f91,..\2_LP\LOW_Fr_MASTER_result\local_3GA\runs_flow_20260714_084703_ga_m~orker_06_34320c447e-738fcf0234-s_rkf964_045cc92c,manifest:final_cycle_only,1.7331,1.5179,27,1,,630.688,deck
,..\2_LP\LOW_Fr_MASTER_result\local_3GA\runs_flow_20260714_084703_ga_m~orker_06_34320c447e-b35ef5a071-_fary8ni_c4e40299,no_mas_sum,,,0,0,,,
ec1b853989d13f91,..\2_LP\LOW_Fr_MASTER_result\local_3GA\runs_flow_20260714_084703_ga_m~orker_06_34320c447e-d6d242f358-08vy6ni0_f989db20,manifest:final_cycle_only,2.1694,1.8873,22,1,,498.343,deck
,..\2_LP\LOW_Fr_MASTER_result\local_3GA\runs_flow_20260714_084703_ga_m~orker_06_34320c447e-ee6183176c-63piq151_63df6ddb,no_mas_sum,,,0,0,,,
,..\2_LP\LOW_Fr_MASTER_result\local_3GA\runs_flow_20260714_084703_ga_m~orker_06_34320c447e-f29c5d54ac-jptc4ju0_261999a6,no_mas_sum,,,0,0,,,
64c2a8d34c4d06e9,..\2_LP\LOW_Fr_MASTER_result\local_3GA\runs_flow_20260714_084703_ga_m~orker_07_34320c447e-6534c55367-tr1fyakz_f5c1fc46,manifest:final_cycle_only,1.7771,1.6006,27,1,,634.198,deck
64c2a8d34c4d06e9,..\2_LP\LOW_Fr_MASTER_result\local_3GA\runs_flow_20260714_084703_ga_m~orker_07_34320c447e-6fd4d49756-y169u9jv_b5935286,manifest:final_cycle_only,1.8815,1.7,22,1,,506.883,deck
64c2a8d34c4d06e9,..\2_LP\LOW_Fr_MASTER_result\local_3GA\runs_flow_20260714_084703_ga_m~orker_07_34320c447e-85abb6b8d1-c19bgomt_6ec23fd4,manifest:final_cycle_only,1.6466,1.4907,29,1,,707.519,deck
,..\2_LP\LOW_Fr_MASTER_result\local_3GA\runs_flow_20260714_084703_ga_m~orker_07_34320c447e-da1a2cbae2-co7m1wqj_a2695172,no_mas_sum,,,0,0,,,
,..\2_LP\LOW_Fr_MASTER_result\local_3GA\runs_flow_20260714_084703_ga_m~worker_01_34320c447e-4fb184af47-juj_dji_a24d5ea6,no_mas_sum,,,0,0,,,
,..\2_LP\LOW_Fr_MASTER_result\local_3GA\runs_flow_20260714_084703_ga_m~worker_07_34320c447e-2883c3123a-n_8tkv5_6b843d5f,no_mas_sum,,,0,0,,,
39e7a1104a619f61,..\2_LP\LOW_Fr_MASTER_result\local_3GA\runs_flow_20260714_114757_ga_m~orker_00_34320c447e-23b1647b7d-5ottous8_6d61f61d,manifest:final_cycle_only,1.9714,1.795,27,1,,632.178,deck
39e7a1104a619f61,..\2_LP\LOW_Fr_MASTER_result\local_3GA\runs_flow_20260714_114757_ga_m~orker_00_34320c447e-6e670b06a1-lvj9n41i_2f003836,manifest:final_cycle_only,1.933,1.7643,28,1,,663.698,deck
39e7a1104a619f61,..\2_LP\LOW_Fr_MASTER_result\local_3GA\runs_flow_20260714_114757_ga_m~orker_00_34320c447e-70b16625e4-5hwp8mfz_8c68e91e,manifest:final_cycle_only,1.9289,1.7225,30,1,,725.246,deck
39e7a1104a619f61,..\2_LP\LOW_Fr_MASTER_result\local_3GA\runs_flow_20260714_114757_ga_m~orker_00_34320c447e-d07c5c96b5-nvt321ci_1a4064fa,manifest:final_cycle_only,2.2029,1.8845,22,1,,481.272,deck
,..\2_LP\LOW_Fr_MASTER_result\local_3GA\runs_flow_20260714_114757_ga_m~orker_00_34320c447e-f1bdb280f5-1yajlzi1_22ab54b9,no_mas_sum,,,0,0,,,
1fe3182be73c0599,..\2_LP\LOW_Fr_MASTER_result\local_3GA\runs_flow_20260714_114757_ga_m~orker_01_34320c447e-16e48e347d-n6zdeycy_13b4a1f5,manifest:final_cycle_only,1.9241,1.7183,29,1,,717.218,deck
,..\2_LP\LOW_Fr_MASTER_result\local_3GA\runs_flow_20260714_114757_ga_m~orker_01_34320c447e-2ef2639978-f4vkjovz_20803fa6,no_mas_sum,,,0,0,,,
1fe3182be73c0599,..\2_LP\LOW_Fr_MASTER_result\local_3GA\runs_flow_20260714_114757_ga_m~orker_01_34320c447e-efe9c087df-2orzyhef_c12749c9,manifest:final_cycle_only,2.403,2.1356,22,1,,485.003,deck
,..\2_LP\LOW_Fr_MASTER_result\local_3GA\runs_flow_20260714_114757_ga_m~orker_02_34320c447e-27a65536cf-v4csmlfb_36d263d0,no_mas_sum,,,0,0,,,
,..\2_LP\LOW_Fr_MASTER_result\local_3GA\runs_flow_20260714_114757_ga_m~orker_02_34320c447e-3d60ea5373-8qowauhv_a08a0f92,no_mas_sum,,,0,0,,,
021967fba38d9297,..\2_LP\LOW_Fr_MASTER_result\local_3GA\runs_flow_20260714_114757_ga_m~orker_02_34320c447e-433d95fe28-cbhk4ujn_6300ebe1,manifest:final_cycle_only,1.9704,1.7588,29,1,,706.21,deck
021967fba38d9297,..\2_LP\LOW_Fr_MASTER_result\local_3GA\runs_flow_20260714_114757_ga_m~orker_02_34320c447e-8fe495f530-xjq50_5m_ea93737c,manifest:final_cycle_only,2.1471,1.9142,22,1,,508.456,deck
021967fba38d9297,..\2_LP\LOW_Fr_MASTER_result\local_3GA\runs_flow_20260714_114757_ga_m~orker_02_34320c447e-cc39864a8d-58ji9zcn_3958482e,manifest:final_cycle_only,1.7798,1.588,27,1,,634.203,deck
53264d7b5ce64049,..\2_LP\LOW_Fr_MASTER_result\local_3GA\runs_flow_20260714_114757_ga_m~orker_03_34320c447e-21ef6309ef-x35yd755_2bf18599,manifest:final_cycle_only,2.0663,1.8433,29,1,,709.299,deck
,..\2_LP\LOW_Fr_MASTER_result\local_3GA\runs_flow_20260714_114757_ga_m~orker_03_34320c447e-60820bea7b-35t_a2dq_832298a7,no_mas_sum,,,0,0,,,
,..\2_LP\LOW_Fr_MASTER_result\local_3GA\runs_flow_20260714_114757_ga_m~orker_03_34320c447e-a6ed8cf8b9-q3gid0nn_1c7ae4e8,no_mas_sum,,,0,0,,,
53264d7b5ce64049,..\2_LP\LOW_Fr_MASTER_result\local_3GA\runs_flow_20260714_114757_ga_m~orker_03_34320c447e-e5dba3688c-hus9ixia_2269f53e,manifest:final_cycle_only,1.7978,1.5868,27,1,,636.224,deck
53264d7b5ce64049,..\2_LP\LOW_Fr_MASTER_result\local_3GA\runs_flow_20260714_114757_ga_m~orker_03_34320c447e-eeaa819442-w_ku9_tu_cddb7f20,manifest:final_cycle_only,2.1261,1.8604,23,1,,512.37,deck
,..\2_LP\LOW_Fr_MASTER_result\local_3GA\runs_flow_20260714_114757_ga_m~orker_04_34320c447e-0c91eabc1e-zc4_bft5_c0039f8b,no_mas_sum,,,0,0,,,
9d1c55824f5de91d,..\2_LP\LOW_Fr_MASTER_result\local_3GA\runs_flow_20260714_114757_ga_m~orker_04_34320c447e-20f380c2bd-dm34stuc_8f326d43,manifest:final_cycle_only,1.8581,1.6437,26,1,,627.919,deck
9d1c55824f5de91d,..\2_LP\LOW_Fr_MASTER_result\local_3GA\runs_flow_20260714_114757_ga_m~orker_04_34320c447e-ad2c9aa408-15_oafsz_2b83ef06,manifest:final_cycle_only,2.3013,1.9654,22,1,,483.414,deck
9d1c55824f5de91d,..\2_LP\LOW_Fr_MASTER_result\local_3GA\runs_flow_20260714_114757_ga_m~orker_04_34320c447e-cc39a4286f-34lrjlzr_d1f4b9b6,manifest:final_cycle_only,1.9436,1.7357,30,1,,720.666,deck
,..\2_LP\LOW_Fr_MASTER_result\local_3GA\runs_flow_20260714_114757_ga_m~orker_04_34320c447e-d5cb40a432-ngx9swb7_6bd4b5dc,no_mas_sum,,,0,0,,,
9d1c55824f5de91d,..\2_LP\LOW_Fr_MASTER_result\local_3GA\runs_flow_20260714_114757_ga_m~orker_04_34320c447e-e3bcfe72a9-68_q6ej8_36a39875,manifest:final_cycle_only,1.8507,1.6527,27,1,,658.617,deck
5e4de79323d0958a,..\2_LP\LOW_Fr_MASTER_result\local_3GA\runs_flow_20260714_114757_ga_m~orker_05_34320c447e-3267830c0a-09esbqfa_88131bcf,manifest:final_cycle_only,1.9321,1.7254,29,1,,713.174,deck
5e4de79323d0958a,..\2_LP\LOW_Fr_MASTER_result\local_3GA\runs_flow_20260714_114757_ga_m~orker_05_34320c447e-3fed00c59c-9cm83ei3_c397730e,manifest:final_cycle_only,1.9312,1.6702,27,1,,656.291,deck
5e4de79323d0958a,..\2_LP\LOW_Fr_MASTER_result\local_3GA\runs_flow_20260714_114757_ga_m~orker_05_34320c447e-40a97d3da0-bk0xzxjh_78d8d661,manifest:final_cycle_only,1.9277,1.6723,26,1,,624.291,deck
,..\2_LP\LOW_Fr_MASTER_result\local_3GA\runs_flow_20260714_114757_ga_m~orker_05_34320c447e-484017476f-6op4_8xg_84c4546d,no_mas_sum,,,0,0,,,
,..\2_LP\LOW_Fr_MASTER_result\local_3GA\runs_flow_20260714_114757_ga_m~orker_05_34320c447e-96f6bd3558-ot1pjel5_bd3a5ac3,no_mas_sum,,,0,0,,,
5e4de79323d0958a,..\2_LP\LOW_Fr_MASTER_result\local_3GA\runs_flow_20260714_114757_ga_m~orker_05_34320c447e-b3e2296ec1-3uj5lhet_cc611c0f,manifest:final_cycle_only,2.1036,1.8779,22,1,,487.36,deck
950de67b9d6b9f98,..\2_LP\LOW_Fr_MASTER_result\local_3GA\runs_flow_20260714_114757_ga_m~orker_06_34320c447e-0d944b3548-4l4u91we_f40e433c,manifest:final_cycle_only,2.316,2.0941,21,1,,469.21,deck
,..\2_LP\LOW_Fr_MASTER_result\local_3GA\runs_flow_20260714_114757_ga_m~orker_06_34320c447e-106efcc413-1rj092gk_9b5d055d,no_mas_sum,,,0,0,,,
950de67b9d6b9f98,..\2_LP\LOW_Fr_MASTER_result\local_3GA\runs_flow_20260714_114757_ga_m~orker_06_34320c447e-1eba3d7e2e-c1v0pff8_9843f3d3,manifest:final_cycle_only,1.9626,1.7528,30,1,,720.283,deck
950de67b9d6b9f98,..\2_LP\LOW_Fr_MASTER_result\local_3GA\runs_flow_20260714_114757_ga_m~orker_06_34320c447e-9d1b0eab34-ggosntem_208598e3,manifest:final_cycle_only,2.0105,1.8169,26,1,,624.337,deck
950de67b9d6b9f98,..\2_LP\LOW_Fr_MASTER_result\local_3GA\runs_flow_20260714_114757_ga_m~orker_06_34320c447e-a527fd0dd5-806rowqd_5cfa5774,manifest:final_cycle_only,1.9429,1.761,27,1,,657.469,deck
,..\2_LP\LOW_Fr_MASTER_result\local_3GA\runs_flow_20260714_114757_ga_m~orker_06_34320c447e-d13f333146-bnnbpxez_8dd54a75,no_mas_sum,,,0,0,,,
69fcd54758fc4723,..\2_LP\LOW_Fr_MASTER_result\local_3GA\runs_flow_20260714_114757_ga_m~orker_07_34320c447e-34bfc5d931-0e_mq4bt_76942585,manifest:final_cycle_only,2.131,1.8514,22,1,,487.437,deck
,..\2_LP\LOW_Fr_MASTER_result\local_3GA\runs_flow_20260714_114757_ga_m~orker_07_34320c447e-5027529f5d-5fjm8nkv_ab3130e2,no_mas_sum,,,0,0,,,
69fcd54758fc4723,..\2_LP\LOW_Fr_MASTER_result\local_3GA\runs_flow_20260714_114757_ga_m~orker_07_34320c447e-dbce97ddb9-jq1nvdlv_094bf077,manifest:final_cycle_only,1.9247,1.668,26,1,,624.358,deck
69fcd54758fc4723,..\2_LP\LOW_Fr_MASTER_result\local_3GA\runs_flow_20260714_114757_ga_m~orker_07_34320c447e-e53346b5b4-rxgpungk_bb056f2d,manifest:final_cycle_only,1.9616,1.7509,29,1,,712.405,deck
69fcd54758fc4723,..\2_LP\LOW_Fr_MASTER_result\local_3GA\runs_flow_20260714_114757_ga_m~orker_07_34320c447e-f6dbe2b108-om6x7ehz_9646d4c1,manifest:final_cycle_only,1.9147,1.68,27,1,,656.068,deck
,..\2_LP\LOW_Fr_MASTER_result\local_3GA\runs_flow_20260714_121425_case~-boc_hzp_full-6014b384699c5bea-fride_vn_e09ef8d7,no_digest,,,0,0,,,
,..\2_LP\LOW_Fr_MASTER_result\local_3GA\runs_flow_20260714_121425_case~-boc_hzp_full-7b575817f98d5fa2-eyrruxhd_8fa19597,no_digest,,,0,0,,,
,..\2_LP\LOW_Fr_MASTER_result\local_3GA\runs_flow_20260714_121425_case~-eoc_hzp_full-6014b384699c5bea-tw8nws_s_9fe29ecd,no_digest,,,0,0,,,
,..\2_LP\LOW_Fr_MASTER_result\local_3GA\runs_flow_20260714_121425_case~-eoc_hzp_full-7b575817f98d5fa2-yy5nezi2_b6354d2e,no_digest,,,0,0,,,
,..\2_LP\LOW_Fr_MASTER_result\local_3GA\runs_flow_20260714_121425_case~8d5fa2_equilibrium_boc_sdm_requirements_3941953f,no_digest,,,0,0,,,
,..\2_LP\LOW_Fr_MASTER_result\local_3GA\runs_flow_20260714_121425_case~8d5fa2_equilibrium_eoc_sdm_requirements_89f77657,no_digest,,,0,0,,,
,..\2_LP\LOW_Fr_MASTER_result\local_3GA\runs_flow_20260714_121425_case~9c5bea_equilibrium_boc_sdm_requirements_1058c67b,no_digest,,,0,0,,,
,..\2_LP\LOW_Fr_MASTER_result\local_3GA\runs_flow_20260714_121425_case~9c5bea_equilibrium_eoc_sdm_requirements_67b78309,no_digest,,,0,0,,,
,..\2_LP\LOW_Fr_MASTER_result\local_3GA\runs_flow_20260714_121425_case~_safety_postprocessing_shared_full_seed_210e9da9\full_cy01,chain:cy01/1,3.2439,2.93,39,0,above_ceiling,1047.53,
,..\2_LP\LOW_Fr_MASTER_result\local_3GA\runs_flow_20260714_121425_case~c_hzp_quarter-6014b384699c5bea-iv_3mk0r_662a5abc,no_digest,,,0,0,,,
,..\2_LP\LOW_Fr_MASTER_result\local_3GA\runs_flow_20260714_121425_case~c_hzp_quarter-7b575817f98d5fa2-_mr2mif1_11db87a5,no_digest,,,0,0,,,
,..\2_LP\LOW_Fr_MASTER_result\local_3GA\runs_flow_20260714_121425_case~processing_6014b384699c5bea_equilibrium_19c9e98f\full_cy02,superseded,,,0,0,,,
,..\2_LP\LOW_Fr_MASTER_result\local_3GA\runs_flow_20260714_121425_case~processing_6014b384699c5bea_equilibrium_19c9e98f\full_cy03,superseded,,,0,0,,,
,..\2_LP\LOW_Fr_MASTER_result\local_3GA\runs_flow_20260714_121425_case~processing_6014b384699c5bea_equilibrium_19c9e98f\full_cy04,superseded,,,0,0,,,
,..\2_LP\LOW_Fr_MASTER_result\local_3GA\runs_flow_20260714_121425_case~processing_6014b384699c5bea_equilibrium_19c9e98f\full_cy05,superseded,,,0,0,,,
,..\2_LP\LOW_Fr_MASTER_result\local_3GA\runs_flow_20260714_121425_case~processing_6014b384699c5bea_equilibrium_19c9e98f\full_cy06,superseded,,,0,0,,,
,..\2_LP\LOW_Fr_MASTER_result\local_3GA\runs_flow_20260714_121425_case~processing_6014b384699c5bea_equilibrium_19c9e98f\full_cy07,superseded,,,0,0,,,
,..\2_LP\LOW_Fr_MASTER_result\local_3GA\runs_flow_20260714_121425_case~processing_6014b384699c5bea_equilibrium_19c9e98f\full_cy08,superseded,,,0,0,,,
,..\2_LP\LOW_Fr_MASTER_result\local_3GA\runs_flow_20260714_121425_case~processing_6014b384699c5bea_equilibrium_19c9e98f\full_cy09,superseded,,,0,0,,,
,..\2_LP\LOW_Fr_MASTER_result\local_3GA\runs_flow_20260714_121425_case~processing_6014b384699c5bea_equilibrium_19c9e98f\full_cy10,chain:cy10/10,1.6275,1.4734,27,1,,651.128,
6014b384699c5bea,..\2_LP\LOW_Fr_MASTER_result\local_3GA\runs_flow_20260714_121425_case~processing_6014b384699c5bea_equilibrium_19c9e98f\quarter_cy99,superseded,,,0,0,,,deck
,..\2_LP\LOW_Fr_MASTER_result\local_3GA\runs_flow_20260714_121425_case~processing_7b575817f98d5fa2_equilibrium_73b55098\full_cy02,superseded,,,0,0,,,
,..\2_LP\LOW_Fr_MASTER_result\local_3GA\runs_flow_20260714_121425_case~processing_7b575817f98d5fa2_equilibrium_73b55098\full_cy03,superseded,,,0,0,,,
,..\2_LP\LOW_Fr_MASTER_result\local_3GA\runs_flow_20260714_121425_case~processing_7b575817f98d5fa2_equilibrium_73b55098\full_cy04,superseded,,,0,0,,,
,..\2_LP\LOW_Fr_MASTER_result\local_3GA\runs_flow_20260714_121425_case~processing_7b575817f98d5fa2_equilibrium_73b55098\full_cy05,superseded,,,0,0,,,
,..\2_LP\LOW_Fr_MASTER_result\local_3GA\runs_flow_20260714_121425_case~processing_7b575817f98d5fa2_equilibrium_73b55098\full_cy06,superseded,,,0,0,,,
,..\2_LP\LOW_Fr_MASTER_result\local_3GA\runs_flow_20260714_121425_case~processing_7b575817f98d5fa2_equilibrium_73b55098\full_cy07,superseded,,,0,0,,,
,..\2_LP\LOW_Fr_MASTER_result\local_3GA\runs_flow_20260714_121425_case~processing_7b575817f98d5fa2_equilibrium_73b55098\full_cy08,superseded,,,0,0,,,
,..\2_LP\LOW_Fr_MASTER_result\local_3GA\runs_flow_20260714_121425_case~processing_7b575817f98d5fa2_equilibrium_73b55098\full_cy09,superseded,,,0,0,,,
,..\2_LP\LOW_Fr_MASTER_result\local_3GA\runs_flow_20260714_121425_case~processing_7b575817f98d5fa2_equilibrium_73b55098\full_cy10,chain:cy10/10,1.6245,1.471,27,1,,651.017,
7b575817f98d5fa2,..\2_LP\LOW_Fr_MASTER_result\local_3GA\runs_flow_20260714_121425_case~processing_7b575817f98d5fa2_equilibrium_73b55098\quarter_cy99,superseded,,,0,0,,,deck
,..\2_LP\LOW_Fr_MASTER_result\local_3GA\runs_sdm_resolution_0c5dbfceab~-boc_hzp_full-0c5dbfceab87964b-nftr2d96_5557ea54,no_digest,,,0,0,,,
,..\2_LP\LOW_Fr_MASTER_result\local_3GA\runs_sdm_resolution_0c5dbfceab~-eoc_hzp_full-0c5dbfceab87964b-64k4lybk_92cb64fa,no_digest,,,0,0,,,
,..\2_LP\LOW_Fr_MASTER_result\local_3GA\runs_sdm_resolution_0c5dbfceab~cific_boc_requirements_boc_requirements_9a3e875d,no_digest,,,0,0,,,
,..\2_LP\LOW_Fr_MASTER_result\local_3GA\runs_sdm_resolution_0c5dbfceab~cific_eoc_requirements_eoc_requirements_edea7716,no_digest,,,0,0,,,
71ca026d18b8702a,..\2_LP\LOW_Fr_MASTER_result\local_3GA\runs_sdm_resolution_targeted_d~a_master_005689021e-405af727e9-htyftpzj_0b573358,manifest:final_cycle_only,1.9005,1.7044,27,1,,630.759,deck
71ca026d18b8702a,..\2_LP\LOW_Fr_MASTER_result\local_3GA\runs_sdm_resolution_targeted_d~a_master_005689021e-544f7298fa-klnvdp1c_f6c319cb,manifest:final_cycle_only,1.8945,1.6989,27,1,,633.07,deck
71ca026d18b8702a,..\2_LP\LOW_Fr_MASTER_result\local_3GA\runs_sdm_resolution_targeted_d~a_master_005689021e-5fb8d35ee4-z2oy3re6_ea03ce09,manifest:final_cycle_only,1.8869,1.6936,27,1,,636.103,deck
71ca026d18b8702a,..\2_LP\LOW_Fr_MASTER_result\local_3GA\runs_sdm_resolution_targeted_d~a_master_005689021e-d8e035ae07-sdfbjxxy_fe31bf5b,manifest:final_cycle_only,1.8958,1.7001,27,1,,632.502,deck
71ca026d18b8702a,..\2_LP\LOW_Fr_MASTER_result\local_3GA\runs_sdm_resolution_targeted_d~a_master_005689021e-e981c3b79b-t8konl6d_c0e1c3ae,manifest:final_cycle_only,1.8927,1.6972,27,1,,633.561,deck
415b11a2ba38f250,..\2_LP\LOW_Fr_MASTER_result\local_3GA\runs_sdm_resolution_targeted_k~0_master_005689021e-020a530f6f-vnccbpz3_0a77742a,manifest:final_cycle_only,1.6398,1.5023,27,1,,644.806,deck
415b11a2ba38f250,..\2_LP\LOW_Fr_MASTER_result\local_3GA\runs_sdm_resolution_targeted_k~0_master_005689021e-147fb4d8c5-kt0mhoeo_94c0cc32,manifest:final_cycle_only,1.6391,1.5016,27,1,,645.361,deck
415b11a2ba38f250,..\2_LP\LOW_Fr_MASTER_result\local_3GA\runs_sdm_resolution_targeted_k~0_master_005689021e-3821f06593-bdwomx8u_4e345765,manifest:final_cycle_only,1.6391,1.5016,27,1,,645.357,deck
415b11a2ba38f250,..\2_LP\LOW_Fr_MASTER_result\local_3GA\runs_sdm_resolution_targeted_k~0_master_005689021e-55ce829498-k1z46du6_55353e3e,manifest:final_cycle_only,1.6391,1.5016,27,1,,645.363,deck
415b11a2ba38f250,..\2_LP\LOW_Fr_MASTER_result\local_3GA\runs_sdm_resolution_targeted_k~0_master_005689021e-66e2f27c53-0p2z2slo_58b3e2b8,manifest:final_cycle_only,1.6388,1.5013,27,1,,645.526,deck
415b11a2ba38f250,..\2_LP\LOW_Fr_MASTER_result\local_3GA\runs_sdm_resolution_targeted_k~0_master_005689021e-78d20489b6-rig6rtet_ccfada10,manifest:final_cycle_only,1.7023,1.5092,28,1,,669.821,deck
415b11a2ba38f250,..\2_LP\LOW_Fr_MASTER_result\local_3GA\runs_sdm_resolution_targeted_k~0_master_005689021e-85eec7c6cf-v3y5ecob_813b77f0,manifest:final_cycle_only,1.6391,1.5017,27,1,,645.314,deck
415b11a2ba38f250,..\2_LP\LOW_Fr_MASTER_result\local_3GA\runs_sdm_resolution_targeted_k~0_master_005689021e-8638d95b4f-danew1c0_2e3b379f,manifest:final_cycle_only,1.6359,1.4992,27,1,,647.228,deck
415b11a2ba38f250,..\2_LP\LOW_Fr_MASTER_result\local_3GA\runs_sdm_resolution_targeted_k~0_master_005689021e-b361f7908b-v1laxpm9_169a115c,manifest:final_cycle_only,1.6489,1.5116,27,1,,638.328,deck
415b11a2ba38f250,..\2_LP\LOW_Fr_MASTER_result\local_3GA\runs_sdm_resolution_targeted_k~0_master_005689021e-b79ff34509-pk_w_s74_bb555a30,manifest:final_cycle_only,2.1777,1.9289,25,1,,571.106,deck
415b11a2ba38f250,..\2_LP\LOW_Fr_MASTER_result\local_3GA\runs_sdm_resolution_targeted_k~0_master_005689021e-e7c9c2ff69-34y5ih0z_1090b271,manifest:final_cycle_only,1.639,1.5016,27,1,,645.377,deck
87859039a0c94bc1,..\2_LP\LOW_Fr_MASTER_result\local_3GA\runs_sdm_resolution_targeted_k~1_master_005689021e-0f9b67ec89-tov0psh7_27f6fe8a,manifest:final_cycle_only,1.6562,1.5088,27,1,,643.517,deck
87859039a0c94bc1,..\2_LP\LOW_Fr_MASTER_result\local_3GA\runs_sdm_resolution_targeted_k~1_master_005689021e-151ece0565-4k7pqo_5_6b06127e,manifest:final_cycle_only,1.6561,1.5088,27,1,,643.51,deck
87859039a0c94bc1,..\2_LP\LOW_Fr_MASTER_result\local_3GA\runs_sdm_resolution_targeted_k~1_master_005689021e-6a813246f9-e2yxo02p_544fe99b,manifest:final_cycle_only,1.6561,1.5088,27,1,,643.511,deck
87859039a0c94bc1,..\2_LP\LOW_Fr_MASTER_result\local_3GA\runs_sdm_resolution_targeted_k~1_master_005689021e-7dc5f20903-4tq6avm5_fa397d2b,manifest:final_cycle_only,1.6551,1.509,27,1,,643.216,deck
87859039a0c94bc1,..\2_LP\LOW_Fr_MASTER_result\local_3GA\runs_sdm_resolution_targeted_k~1_master_005689021e-b328906bcd-yogvj246_55d832c3,manifest:final_cycle_only,1.6655,1.5193,27,1,,639.285,deck
87859039a0c94bc1,..\2_LP\LOW_Fr_MASTER_result\local_3GA\runs_sdm_resolution_targeted_k~1_master_005689021e-bd92f06d06-c98w8122_a8e6053c,manifest:final_cycle_only,2.151,1.8959,25,1,,570.215,deck
87859039a0c94bc1,..\2_LP\LOW_Fr_MASTER_result\local_3GA\runs_sdm_resolution_targeted_k~1_master_005689021e-cabee0475a-gnxml77u_d73925f0,manifest:final_cycle_only,1.6627,1.5085,27,1,,644.561,deck
87859039a0c94bc1,..\2_LP\LOW_Fr_MASTER_result\local_3GA\runs_sdm_resolution_targeted_k~1_master_005689021e-d04c2b6866-ra841c_l_e09c693b,manifest:final_cycle_only,1.8321,1.5913,28,1,,661.207,deck
87859039a0c94bc1,..\2_LP\LOW_Fr_MASTER_result\local_3GA\runs_sdm_resolution_targeted_k~1_master_005689021e-d92cbf545a-cptzh3v5_1a83802e,manifest:final_cycle_only,1.6561,1.5088,27,1,,643.508,deck
87859039a0c94bc1,..\2_LP\LOW_Fr_MASTER_result\local_3GA\runs_sdm_resolution_targeted_k~1_master_005689021e-eeb70cb76e-n_ysv9kb_7b99cd20,manifest:final_cycle_only,1.6564,1.5087,27,1,,643.595,deck
87859039a0c94bc1,..\2_LP\LOW_Fr_MASTER_result\local_3GA\runs_sdm_resolution_targeted_k~1_master_005689021e-f5a42c7969-_3wk98ck_76394722,manifest:final_cycle_only,1.6561,1.5088,27,1,,643.486,deck
22a1b3db8fcf42d2,..\2_LP\LOW_Fr_MASTER_result\local_3GA\runs_sdm_resolution_targeted_k~2_master_005689021e-0a4a3e42d3-5w3ul2zw_569b0dbb,manifest:final_cycle_only,1.8235,1.6555,28,1,,666.526,deck
22a1b3db8fcf42d2,..\2_LP\LOW_Fr_MASTER_result\local_3GA\runs_sdm_resolution_targeted_k~2_master_005689021e-2ec38aa9e5-l3gcp928_8b83f637,manifest:final_cycle_only,1.822,1.638,27,1,,643.251,deck
22a1b3db8fcf42d2,..\2_LP\LOW_Fr_MASTER_result\local_3GA\runs_sdm_resolution_targeted_k~2_master_005689021e-444c9652e0-_mys07d7_847ad742,manifest:final_cycle_only,2.1497,1.8987,25,1,,570.572,deck
22a1b3db8fcf42d2,..\2_LP\LOW_Fr_MASTER_result\local_3GA\runs_sdm_resolution_targeted_k~2_master_005689021e-710d9523e5-68wuu3d4_9c624817,manifest:final_cycle_only,1.8219,1.6378,27,1,,644.822,deck
22a1b3db8fcf42d2,..\2_LP\LOW_Fr_MASTER_result\local_3GA\runs_sdm_resolution_targeted_k~2_master_005689021e-8e5f54311c-qwq3kfwe_75fb57aa,manifest:final_cycle_only,1.822,1.638,27,1,,643.209,deck
22a1b3db8fcf42d2,..\2_LP\LOW_Fr_MASTER_result\local_3GA\runs_sdm_resolution_targeted_k~2_master_005689021e-9083294874-k62gksyh_5305f38b,manifest:final_cycle_only,1.8271,1.6429,27,1,,638.233,deck
22a1b3db8fcf42d2,..\2_LP\LOW_Fr_MASTER_result\local_3GA\runs_sdm_resolution_targeted_k~2_master_005689021e-a71647f8c4-m2k1pu9x_12390d38,manifest:final_cycle_only,1.822,1.638,27,1,,643.268,deck
22a1b3db8fcf42d2,..\2_LP\LOW_Fr_MASTER_result\local_3GA\runs_sdm_resolution_targeted_k~2_master_005689021e-b644e71261-826rgwqm_de86bd55,manifest:final_cycle_only,1.8225,1.6385,27,1,,642.769,deck
22a1b3db8fcf42d2,..\2_LP\LOW_Fr_MASTER_result\local_3GA\runs_sdm_resolution_targeted_k~2_master_005689021e-d48ee61899-acslm47s_8a8118a9,manifest:final_cycle_only,1.8219,1.638,27,1,,643.411,deck
d5ff399e4ccabc39,..\2_LP\LOW_Fr_MASTER_result\local_3GA\runs_sdm_resolution_targeted_k~39_master_005689021e-47ec9a1f89-5jgcho3_0b5eec4b,manifest:final_cycle_only,1.6535,1.5101,27,1,,644.441,deck
c2674b07efdabf64,..\2_LP\LOW_Fr_MASTER_result\local_3GA\runs_sdm_resolution_targeted_k~4_master_005689021e-225c14ac17-bdhiqbd6_b1c5e80b,manifest:final_cycle_only,2.2734,2.0156,24,1,,570,deck
c2674b07efdabf64,..\2_LP\LOW_Fr_MASTER_result\local_3GA\runs_sdm_resolution_targeted_k~4_master_005689021e-287f6bbec7-ln5cwzyo_4f65a1ba,manifest:final_cycle_only,1.8867,1.689,27,1,,631.384,deck
c2674b07efdabf64,..\2_LP\LOW_Fr_MASTER_result\local_3GA\runs_sdm_resolution_targeted_k~4_master_005689021e-3a9453f4fd-79ukh6uj_ca8637ff,manifest:final_cycle_only,1.8305,1.6288,28,1,,665.229,deck
c2674b07efdabf64,..\2_LP\LOW_Fr_MASTER_result\local_3GA\runs_sdm_resolution_targeted_k~4_master_005689021e-3c8b77737d-zx45gmw3_71aa1809,manifest:final_cycle_only,1.842,1.6832,27,1,,637.773,deck
c2674b07efdabf64,..\2_LP\LOW_Fr_MASTER_result\local_3GA\runs_sdm_resolution_targeted_k~4_master_005689021e-4f10e7f5cf-3dn2zmmh_037d443a,manifest:final_cycle_only,1.8993,1.6893,27,1,,630.928,deck
c2674b07efdabf64,..\2_LP\LOW_Fr_MASTER_result\local_3GA\runs_sdm_resolution_targeted_k~4_master_005689021e-738f41deab-9jcdhe7v_609b12cf,manifest:final_cycle_only,1.845,1.6882,27,1,,633.679,deck
c2674b07efdabf64,..\2_LP\LOW_Fr_MASTER_result\local_3GA\runs_sdm_resolution_targeted_k~4_master_005689021e-9e9e30b9cb-holwyu5a_331490e8,manifest:final_cycle_only,1.8468,1.6893,27,1,,633.665,deck
,..\2_LP\LOW_Fr_MASTER_result\local_3GA\runs_sdm_resolution_targeted_k~4_master_005689021e-e43d1b8179-4yi6j_q1_35dc1a68,no_mas_sum,,,0,0,,,
c2674b07efdabf64,..\2_LP\LOW_Fr_MASTER_result\local_3GA\runs_sdm_resolution_targeted_k~4_master_005689021e-f59e5d2e92-9rzpvu8q_9054ae76,manifest:final_cycle_only,1.853,1.6888,27,1,,632.568,deck
c2674b07efdabf64,..\2_LP\LOW_Fr_MASTER_result\local_3GA\runs_sdm_resolution_targeted_k~4_master_005689021e-fc9d0075b9-b3uj6il4_81b1a164,manifest:final_cycle_only,1.864,1.7038,27,1,,630.929,deck
c2674b07efdabf64,..\2_LP\LOW_Fr_MASTER_result\local_3GA\runs_sdm_resolution_targeted_k~64_master_005689021e-3529778523-t1frvfl_1167126d,manifest:final_cycle_only,1.8709,1.6889,27,1,,632.087,deck
d5ff399e4ccabc39,..\2_LP\LOW_Fr_MASTER_result\local_3GA\runs_sdm_resolution_targeted_k~9_master_005689021e-0020a2dd9f-8g5rhlp1_3d143dc2,manifest:final_cycle_only,2.1715,1.904,25,1,,571.07,deck
d5ff399e4ccabc39,..\2_LP\LOW_Fr_MASTER_result\local_3GA\runs_sdm_resolution_targeted_k~9_master_005689021e-1fcffa6089-ybpsam1z_75574c79,manifest:final_cycle_only,1.6534,1.5101,27,1,,644.493,deck
d5ff399e4ccabc39,..\2_LP\LOW_Fr_MASTER_result\local_3GA\runs_sdm_resolution_targeted_k~9_master_005689021e-2672b03c24-qce059gs_e9a2ec18,manifest:final_cycle_only,1.6534,1.5101,27,1,,644.498,deck
d5ff399e4ccabc39,..\2_LP\LOW_Fr_MASTER_result\local_3GA\runs_sdm_resolution_targeted_k~9_master_005689021e-2a187062bd-0tyhmrrd_b018c9b8,manifest:final_cycle_only,1.6534,1.5101,27,1,,644.517,deck
d5ff399e4ccabc39,..\2_LP\LOW_Fr_MASTER_result\local_3GA\runs_sdm_resolution_targeted_k~9_master_005689021e-4067b89cce-3svq5ygl_26881c78,manifest:final_cycle_only,1.7206,1.5366,28,1,,667.645,deck
d5ff399e4ccabc39,..\2_LP\LOW_Fr_MASTER_result\local_3GA\runs_sdm_resolution_targeted_k~9_master_005689021e-71f71fd467-cfa0may3_9147351a,manifest:final_cycle_only,1.6533,1.5099,27,1,,644.678,deck
d5ff399e4ccabc39,..\2_LP\LOW_Fr_MASTER_result\local_3GA\runs_sdm_resolution_targeted_k~9_master_005689021e-78ab5b53b3-m79nn98z_364181ee,manifest:final_cycle_only,1.6511,1.5096,27,1,,646.287,deck
d5ff399e4ccabc39,..\2_LP\LOW_Fr_MASTER_result\local_3GA\runs_sdm_resolution_targeted_k~9_master_005689021e-7aa4bcefec-iwro9jyy_57c15e21,manifest:final_cycle_only,1.6541,1.5104,27,1,,643.935,deck
d5ff399e4ccabc39,..\2_LP\LOW_Fr_MASTER_result\local_3GA\runs_sdm_resolution_targeted_k~9_master_005689021e-7d19f85a93-1y4nqncl_27f46cdc,manifest:final_cycle_only,1.666,1.5162,27,1,,638.167,deck
d5ff399e4ccabc39,..\2_LP\LOW_Fr_MASTER_result\local_3GA\runs_sdm_resolution_targeted_k~9_master_005689021e-d30fd1a5fc-9_k776yv_d20ffa48,manifest:final_cycle_only,1.6534,1.5101,27,1,,644.5,deck
9b560e2e42c6f7fa,..\2_LP\LOW_Fr_MASTER_result\local_3GA\runs_sdm_resolution_targeted_k~a_master_005689021e-115d5521e7-sp9o_nul_fb2557f1,manifest:final_cycle_only,1.7965,1.6333,27,1,,642.885,deck
9b560e2e42c6f7fa,..\2_LP\LOW_Fr_MASTER_result\local_3GA\runs_sdm_resolution_targeted_k~a_master_005689021e-29d04502a5-k_4xktvm_2d8eba18,manifest:final_cycle_only,1.7962,1.633,27,1,,642.687,deck
9b560e2e42c6f7fa,..\2_LP\LOW_Fr_MASTER_result\local_3GA\runs_sdm_resolution_targeted_k~a_master_005689021e-4c0fbff271-o_n_63rg_6c0d7b3a,manifest:final_cycle_only,1.7956,1.6328,27,1,,644.567,deck
9b560e2e42c6f7fa,..\2_LP\LOW_Fr_MASTER_result\local_3GA\runs_sdm_resolution_targeted_k~a_master_005689021e-4ded8f7eda-ybncgz_r_2e591e84,manifest:final_cycle_only,1.899,1.6716,28,1,,664.457,deck
9b560e2e42c6f7fa,..\2_LP\LOW_Fr_MASTER_result\local_3GA\runs_sdm_resolution_targeted_k~a_master_005689021e-661b85adc1-j4eavo2o_aeb64974,manifest:final_cycle_only,2.1641,1.8767,25,1,,571.001,deck
9b560e2e42c6f7fa,..\2_LP\LOW_Fr_MASTER_result\local_3GA\runs_sdm_resolution_targeted_k~a_master_005689021e-71ac2c2bf4-410f6re7_c4971c23,manifest:final_cycle_only,1.7962,1.633,27,1,,642.69,deck
9b560e2e42c6f7fa,..\2_LP\LOW_Fr_MASTER_result\local_3GA\runs_sdm_resolution_targeted_k~a_master_005689021e-9b28df6bc6-r4jtc5wc_7999b10d,manifest:final_cycle_only,1.7783,1.612,27,1,,636.874,deck
9b560e2e42c6f7fa,..\2_LP\LOW_Fr_MASTER_result\local_3GA\runs_sdm_resolution_targeted_k~a_master_005689021e-d2110996b5-ab6fgc4o_a688dcbf,manifest:final_cycle_only,1.7955,1.6322,27,1,,642.07,deck
9b560e2e42c6f7fa,..\2_LP\LOW_Fr_MASTER_result\local_3GA\runs_sdm_resolution_targeted_k~a_master_005689021e-de81328f93-a0av3ohp_889f5963,manifest:final_cycle_only,1.7962,1.6331,27,1,,642.707,deck
9b560e2e42c6f7fa,..\2_LP\LOW_Fr_MASTER_result\local_3GA\runs_sdm_resolution_targeted_k~a_master_005689021e-fad5f151bd-1egxp3zn_bef4ca4a,manifest:final_cycle_only,1.7961,1.633,27,1,,642.681,deck
9b560e2e42c6f7fa,..\2_LP\LOW_Fr_MASTER_result\local_3GA\runs_sdm_resolution_targeted_k~a_master_005689021e-fc766ecf2e-s8ntewkw_65501732,manifest:final_cycle_only,1.796,1.6328,27,1,,642.625,deck
fa0b0539b2730bcc,..\2_LP\LOW_Fr_MASTER_result\local_3GA\runs_sdm_resolution_targeted_k~c_master_005689021e-3bd05dc287-xour3vl6_fb1b6d80,manifest:final_cycle_only,1.72,1.573,27,1,,642.772,deck
fa0b0539b2730bcc,..\2_LP\LOW_Fr_MASTER_result\local_3GA\runs_sdm_resolution_targeted_k~c_master_005689021e-8bcc812751-97vghan6_44756279,manifest:final_cycle_only,1.7429,1.5938,27,1,,636.931,deck
fa0b0539b2730bcc,..\2_LP\LOW_Fr_MASTER_result\local_3GA\runs_sdm_resolution_targeted_k~c_master_005689021e-9325f2c57e-8f3pzuye_eb815e57,manifest:final_cycle_only,1.7098,1.5259,28,1,,666.007,deck
fa0b0539b2730bcc,..\2_LP\LOW_Fr_MASTER_result\local_3GA\runs_sdm_resolution_targeted_k~c_master_005689021e-aeb6d850cf-5idfdagp_70b63e7e,manifest:final_cycle_only,1.7193,1.5727,27,1,,642.969,deck
fa0b0539b2730bcc,..\2_LP\LOW_Fr_MASTER_result\local_3GA\runs_sdm_resolution_targeted_k~c_master_005689021e-b193aacca6-esz0gh7v_f73e7b07,manifest:final_cycle_only,1.7198,1.5729,27,1,,642.829,deck
fa0b0539b2730bcc,..\2_LP\LOW_Fr_MASTER_result\local_3GA\runs_sdm_resolution_targeted_k~c_master_005689021e-c1b0e56edc-r6onulno_3c574f2e,manifest:final_cycle_only,2.4046,2.1429,24,1,,569.493,deck
fa0b0539b2730bcc,..\2_LP\LOW_Fr_MASTER_result\local_3GA\runs_sdm_resolution_targeted_k~c_master_005689021e-c755776382-0haim8w3_0b3e95df,manifest:final_cycle_only,1.7198,1.573,27,1,,642.812,deck
fa0b0539b2730bcc,..\2_LP\LOW_Fr_MASTER_result\local_3GA\runs_sdm_resolution_targeted_k~c_master_005689021e-eacf35ff82-khgdpg2r_247e7761,manifest:final_cycle_only,1.7212,1.5738,27,1,,642.305,deck
fa0b0539b2730bcc,..\2_LP\LOW_Fr_MASTER_result\local_3GA\runs_sdm_resolution_targeted_k~c_master_005689021e-f3a3a62995-moqj9n2c_4c8a1728,manifest:final_cycle_only,1.7146,1.5698,27,1,,644.499,deck
a55161746724fb7f,..\2_LP\LOW_Fr_MASTER_result\local_3GA\runs_sdm_resolution_targeted_k~f_master_005689021e-1f88e7b129-ykn5a2w2_1a263d37,manifest:final_cycle_only,1.6963,1.5288,27,1,,643.113,deck
a55161746724fb7f,..\2_LP\LOW_Fr_MASTER_result\local_3GA\runs_sdm_resolution_targeted_k~f_master_005689021e-530da18752-vp70f97r_5bcb217a,manifest:final_cycle_only,1.6962,1.5288,27,1,,642.908,deck
a55161746724fb7f,..\2_LP\LOW_Fr_MASTER_result\local_3GA\runs_sdm_resolution_targeted_k~f_master_005689021e-7ce8317665-96i6u7fg_978340ba,manifest:final_cycle_only,1.6961,1.5289,27,1,,642.854,deck
a55161746724fb7f,..\2_LP\LOW_Fr_MASTER_result\local_3GA\runs_sdm_resolution_targeted_k~f_master_005689021e-8d9bd35072-q3pzi4bj_6db41fd3,manifest:final_cycle_only,1.6973,1.5329,27,1,,637.348,deck
a55161746724fb7f,..\2_LP\LOW_Fr_MASTER_result\local_3GA\runs_sdm_resolution_targeted_k~f_master_005689021e-8e9c1ae39f-17802mzm_da10b43d,manifest:final_cycle_only,1.6962,1.5288,27,1,,642.915,deck
a55161746724fb7f,..\2_LP\LOW_Fr_MASTER_result\local_3GA\runs_sdm_resolution_targeted_k~f_master_005689021e-97a2fd5e33-pddlnh_j_7469c4da,manifest:final_cycle_only,2.1327,1.8517,24,1,,569.792,deck
a55161746724fb7f,..\2_LP\LOW_Fr_MASTER_result\local_3GA\runs_sdm_resolution_targeted_k~f_master_005689021e-bda42e1d61-41g3win6_ff7d9d3d,manifest:final_cycle_only,1.6948,1.528,27,1,,644.827,deck
a55161746724fb7f,..\2_LP\LOW_Fr_MASTER_result\local_3GA\runs_sdm_resolution_targeted_k~f_master_005689021e-be0bcfa0f9-17iaxla0_9cf297e2,manifest:final_cycle_only,1.6958,1.529,27,1,,642.288,deck
a55161746724fb7f,..\2_LP\LOW_Fr_MASTER_result\local_3GA\runs_sdm_resolution_targeted_k~f_master_005689021e-f17242ef02-frrf6_35_fe14d45a,manifest:final_cycle_only,1.741,1.5481,28,1,,663.909,deck
a55161746724fb7f,..\2_LP\LOW_Fr_MASTER_result\local_3GA\runs_sdm_resolution_targeted_k~f_master_005689021e-f8188ac2ab-yaq78p5c_5e3ebc74,manifest:final_cycle_only,1.6962,1.5288,27,1,,642.93,deck
cba5698e3abca2c1,..\2_LP\LOW_Fr_MASTER_result\local_3GA\runs_sdm_resolution_targeted_n~1_master_005689021e-010d9edd90-phd580bp_6334efc9,manifest:final_cycle_only,2.1773,1.9301,25,1,,571.807,deck
cba5698e3abca2c1,..\2_LP\LOW_Fr_MASTER_result\local_3GA\runs_sdm_resolution_targeted_n~1_master_005689021e-0abe6fcda6-n644f7k3_56f38f1e,manifest:final_cycle_only,1.6405,1.4799,27,1,,650.137,deck
cba5698e3abca2c1,..\2_LP\LOW_Fr_MASTER_result\local_3GA\runs_sdm_resolution_targeted_n~1_master_005689021e-11d08f6974-475wleth_86344022,manifest:final_cycle_only,1.6405,1.4799,27,1,,650.153,deck
cba5698e3abca2c1,..\2_LP\LOW_Fr_MASTER_result\local_3GA\runs_sdm_resolution_targeted_n~1_master_005689021e-13ac004f94-v98esbrs_4867bc43,manifest:final_cycle_only,1.6426,1.4872,27,1,,643.548,deck
cba5698e3abca2c1,..\2_LP\LOW_Fr_MASTER_result\local_3GA\runs_sdm_resolution_targeted_n~1_master_005689021e-2dd9ca6e97-b_7oncg7_8ed12576,manifest:final_cycle_only,1.6405,1.4799,27,1,,650.084,deck
cba5698e3abca2c1,..\2_LP\LOW_Fr_MASTER_result\local_3GA\runs_sdm_resolution_targeted_n~1_master_005689021e-309c0100e1-nhutln60_e5b3e89a,manifest:final_cycle_only,1.6405,1.4799,27,1,,650.142,deck
cba5698e3abca2c1,..\2_LP\LOW_Fr_MASTER_result\local_3GA\runs_sdm_resolution_targeted_n~1_master_005689021e-747da9e0cd-35w5y8kx_da433315,manifest:final_cycle_only,1.6411,1.4801,27,1,,652.059,deck
cba5698e3abca2c1,..\2_LP\LOW_Fr_MASTER_result\local_3GA\runs_sdm_resolution_targeted_n~1_master_005689021e-82ca1e750e-c120yaqr_829bdbfe,manifest:final_cycle_only,1.6405,1.4799,27,1,,650.14,deck
cba5698e3abca2c1,..\2_LP\LOW_Fr_MASTER_result\local_3GA\runs_sdm_resolution_targeted_n~1_master_005689021e-c35c25eb94-4mkmohxj_fb6ae181,manifest:final_cycle_only,1.6407,1.4801,27,1,,649.541,deck
cba5698e3abca2c1,..\2_LP\LOW_Fr_MASTER_result\local_3GA\runs_sdm_resolution_targeted_n~1_master_005689021e-ee3ede6011-atdxm7re_51443de7,manifest:final_cycle_only,1.6405,1.4798,27,1,,650.324,deck
4b11e9976ad0691d,..\2_LP\LOW_Fr_MASTER_result\local_3GA\runs_sdm_resolution_targeted_n~1d_master_005689021e-b06659e87f-gtw2_84_a1ee5f25,manifest:final_cycle_only,1.6395,1.4783,27,1,,651.773,deck
16a15fda740f2ae5,..\2_LP\LOW_Fr_MASTER_result\local_3GA\runs_sdm_resolution_targeted_n~5_master_005689021e-1e6a438387-l90rauvm_dc4d3b5f,manifest:final_cycle_only,1.6473,1.4877,27,1,,650.043,deck
16a15fda740f2ae5,..\2_LP\LOW_Fr_MASTER_result\local_3GA\runs_sdm_resolution_targeted_n~5_master_005689021e-2762584b41-guoeh2yd_93670a0f,manifest:final_cycle_only,1.6482,1.4888,27,1,,649.243,deck
16a15fda740f2ae5,..\2_LP\LOW_Fr_MASTER_result\local_3GA\runs_sdm_resolution_targeted_n~5_master_005689021e-2a10ee1e1d-ne6w_00o_59b173ea,manifest:final_cycle_only,1.6435,1.4839,27,1,,651.807,deck
16a15fda740f2ae5,..\2_LP\LOW_Fr_MASTER_result\local_3GA\runs_sdm_resolution_targeted_n~5_master_005689021e-2f62dcc472-qlavrhb7_0f920cf4,manifest:final_cycle_only,1.7897,1.5502,28,1,,674.384,deck
16a15fda740f2ae5,..\2_LP\LOW_Fr_MASTER_result\local_3GA\runs_sdm_resolution_targeted_n~5_master_005689021e-58ca5eb154-4l9aix1j_57147d37,manifest:final_cycle_only,2.2566,1.9269,25,1,,571.124,deck
16a15fda740f2ae5,..\2_LP\LOW_Fr_MASTER_result\local_3GA\runs_sdm_resolution_targeted_n~5_master_005689021e-84c504fafd-diznift3_39c1d208,manifest:final_cycle_only,1.6475,1.4879,27,1,,649.855,deck
16a15fda740f2ae5,..\2_LP\LOW_Fr_MASTER_result\local_3GA\runs_sdm_resolution_targeted_n~5_master_005689021e-930a7a511f-gg09odzr_ae1a5688,manifest:final_cycle_only,1.6475,1.4879,27,1,,649.852,deck
16a15fda740f2ae5,..\2_LP\LOW_Fr_MASTER_result\local_3GA\runs_sdm_resolution_targeted_n~5_master_005689021e-9f9114d931-xdjgpo_g_40fc856d,manifest:final_cycle_only,1.6475,1.4879,27,1,,649.872,deck
16a15fda740f2ae5,..\2_LP\LOW_Fr_MASTER_result\local_3GA\runs_sdm_resolution_targeted_n~5_master_005689021e-b5da9309eb-g1sxdqji_68ceb8cf,manifest:final_cycle_only,1.6653,1.5055,27,1,,643.169,deck
16a15fda740f2ae5,..\2_LP\LOW_Fr_MASTER_result\local_3GA\runs_sdm_resolution_targeted_n~5_master_005689021e-c52581e787-cj3qwcx6_b28e22fd,manifest:final_cycle_only,1.6475,1.488,27,1,,649.794,deck
16a15fda740f2ae5,..\2_LP\LOW_Fr_MASTER_result\local_3GA\runs_sdm_resolution_targeted_n~5_master_005689021e-dfdcac1454-58nfnr2q_66c75715,manifest:final_cycle_only,1.6475,1.4879,27,1,,649.847,deck
ce4772a6b3516a66,..\2_LP\LOW_Fr_MASTER_result\local_3GA\runs_sdm_resolution_targeted_n~6_master_005689021e-04f06f5b32-3om1k75a_0f2884c4,manifest:final_cycle_only,2.2464,1.9285,25,1,,571.251,deck
241c3941c1c11706,..\2_LP\LOW_Fr_MASTER_result\local_3GA\runs_sdm_resolution_targeted_n~6_master_005689021e-19a328d696-pbsa6rs6_8bea5993,manifest:final_cycle_only,1.7926,1.5463,28,1,,674.565,deck
241c3941c1c11706,..\2_LP\LOW_Fr_MASTER_result\local_3GA\runs_sdm_resolution_targeted_n~6_master_005689021e-21adc38f4e-m2ag5qmy_a97f7ced,manifest:final_cycle_only,1.6245,1.475,27,1,,650.185,deck
241c3941c1c11706,..\2_LP\LOW_Fr_MASTER_result\local_3GA\runs_sdm_resolution_targeted_n~6_master_005689021e-2dac8e005c-_e1m87en_42914b8d,manifest:final_cycle_only,1.6249,1.4756,27,1,,649.631,deck
241c3941c1c11706,..\2_LP\LOW_Fr_MASTER_result\local_3GA\runs_sdm_resolution_targeted_n~6_master_005689021e-311c694a48-gzgn4kwg_d7495029,manifest:final_cycle_only,1.6243,1.4748,27,1,,650.447,deck
ce4772a6b3516a66,..\2_LP\LOW_Fr_MASTER_result\local_3GA\runs_sdm_resolution_targeted_n~6_master_005689021e-3632ae9a1b-k_yq2fo0_46d4a9e6,manifest:final_cycle_only,1.639,1.479,27,1,,649.913,deck
ce4772a6b3516a66,..\2_LP\LOW_Fr_MASTER_result\local_3GA\runs_sdm_resolution_targeted_n~6_master_005689021e-374dfddb1d-u2i_un9f_4787d6e4,manifest:final_cycle_only,1.6388,1.4789,27,1,,650.104,deck
ce4772a6b3516a66,..\2_LP\LOW_Fr_MASTER_result\local_3GA\runs_sdm_resolution_targeted_n~6_master_005689021e-399535eb6a-gc9gj6a2_710075ca,manifest:final_cycle_only,1.7853,1.5455,28,1,,674.329,deck
241c3941c1c11706,..\2_LP\LOW_Fr_MASTER_result\local_3GA\runs_sdm_resolution_targeted_n~6_master_005689021e-4a1b479e5d-vpr12kle_5eb52140,manifest:final_cycle_only,1.6244,1.475,27,1,,650.269,deck
ce4772a6b3516a66,..\2_LP\LOW_Fr_MASTER_result\local_3GA\runs_sdm_resolution_targeted_n~6_master_005689021e-60b2ba0942-kqwydyo0_a98f58d6,manifest:final_cycle_only,1.6397,1.4799,27,1,,649.31,deck
241c3941c1c11706,..\2_LP\LOW_Fr_MASTER_result\local_3GA\runs_sdm_resolution_targeted_n~6_master_005689021e-616de0fc78-92oiiamn_f688ea2e,manifest:final_cycle_only,1.6289,1.4724,27,1,,652.207,deck
241c3941c1c11706,..\2_LP\LOW_Fr_MASTER_result\local_3GA\runs_sdm_resolution_targeted_n~6_master_005689021e-6631d27e82-fl3m7rw1_fdca42c4,manifest:final_cycle_only,1.6244,1.475,27,1,,650.25,deck
ce4772a6b3516a66,..\2_LP\LOW_Fr_MASTER_result\local_3GA\runs_sdm_resolution_targeted_n~6_master_005689021e-6b3543924b-xsxlg_z7_02cc0558,manifest:final_cycle_only,1.639,1.479,27,1,,649.916,deck
241c3941c1c11706,..\2_LP\LOW_Fr_MASTER_result\local_3GA\runs_sdm_resolution_targeted_n~6_master_005689021e-7651209d5b-9kvabw4o_6a346d64,manifest:final_cycle_only,1.6296,1.4873,27,1,,643.597,deck
ce4772a6b3516a66,..\2_LP\LOW_Fr_MASTER_result\local_3GA\runs_sdm_resolution_targeted_n~6_master_005689021e-793b9bf02f-ipvdrtmc_e5471ba0,manifest:final_cycle_only,1.6563,1.4969,27,1,,643.273,deck
241c3941c1c11706,..\2_LP\LOW_Fr_MASTER_result\local_3GA\runs_sdm_resolution_targeted_n~6_master_005689021e-965c3b7acc-8gsmxcre_5661ba7a,manifest:final_cycle_only,1.6244,1.475,27,1,,650.241,deck
241c3941c1c11706,..\2_LP\LOW_Fr_MASTER_result\local_3GA\runs_sdm_resolution_targeted_n~6_master_005689021e-acc9df3bf4-_nqpj2as_f3560a46,manifest:final_cycle_only,1.6244,1.475,27,1,,650.247,deck
ce4772a6b3516a66,..\2_LP\LOW_Fr_MASTER_result\local_3GA\runs_sdm_resolution_targeted_n~6_master_005689021e-b8b2e2f08f-hyx6w3ig_299d7b5a,manifest:final_cycle_only,1.6391,1.479,27,1,,649.854,deck
ce4772a6b3516a66,..\2_LP\LOW_Fr_MASTER_result\local_3GA\runs_sdm_resolution_targeted_n~6_master_005689021e-bd99b0a960-s12n9z5t_0e6e9b41,manifest:final_cycle_only,1.6351,1.4755,27,1,,651.856,deck
ce4772a6b3516a66,..\2_LP\LOW_Fr_MASTER_result\local_3GA\runs_sdm_resolution_targeted_n~6_master_005689021e-c05e8b03d8-10xorvm9_ab210386,manifest:final_cycle_only,1.639,1.479,27,1,,649.933,deck
ce4772a6b3516a66,..\2_LP\LOW_Fr_MASTER_result\local_3GA\runs_sdm_resolution_targeted_n~6_master_005689021e-c5537ae8c8-7wda661q_2ad31f40,manifest:final_cycle_only,1.639,1.479,27,1,,649.908,deck
241c3941c1c11706,..\2_LP\LOW_Fr_MASTER_result\local_3GA\runs_sdm_resolution_targeted_n~6_master_005689021e-d9bc79c324-d03y0sfl_53cb7e14,manifest:final_cycle_only,2.1718,1.9255,25,1,,571.744,deck
9cd1c4f192b413d9,..\2_LP\LOW_Fr_MASTER_result\local_3GA\runs_sdm_resolution_targeted_n~9_master_005689021e-1198e401c4-zsvyzpkz_798c8244,manifest:final_cycle_only,1.629,1.4725,27,1,,650.232,deck
9cd1c4f192b413d9,..\2_LP\LOW_Fr_MASTER_result\local_3GA\runs_sdm_resolution_targeted_n~9_master_005689021e-5ffde2f421-x9aq8sis_508beb8b,manifest:final_cycle_only,1.6289,1.4725,27,1,,650.229,deck
9cd1c4f192b413d9,..\2_LP\LOW_Fr_MASTER_result\local_3GA\runs_sdm_resolution_targeted_n~9_master_005689021e-623e351adb-2ux_0yq8_883b63b5,manifest:final_cycle_only,1.629,1.4725,27,1,,650.25,deck
9cd1c4f192b413d9,..\2_LP\LOW_Fr_MASTER_result\local_3GA\runs_sdm_resolution_targeted_n~9_master_005689021e-7ee5a20e2b-oyp3l96s_37616f69,manifest:final_cycle_only,1.6289,1.4725,27,1,,650.224,deck
9cd1c4f192b413d9,..\2_LP\LOW_Fr_MASTER_result\local_3GA\runs_sdm_resolution_targeted_n~9_master_005689021e-be515765a6-jftwx2lu_cadd3890,manifest:final_cycle_only,1.6288,1.4725,27,1,,650.17,deck
9cd1c4f192b413d9,..\2_LP\LOW_Fr_MASTER_result\local_3GA\runs_sdm_resolution_targeted_n~9_master_005689021e-c117161b42-nerhpm7x_029dbe11,manifest:final_cycle_only,1.6355,1.4714,27,1,,652.183,deck
9cd1c4f192b413d9,..\2_LP\LOW_Fr_MASTER_result\local_3GA\runs_sdm_resolution_targeted_n~9_master_005689021e-c2e1a20b08-ti4qdybz_5529b39a,manifest:final_cycle_only,1.6295,1.4724,27,1,,650.421,deck
9cd1c4f192b413d9,..\2_LP\LOW_Fr_MASTER_result\local_3GA\runs_sdm_resolution_targeted_n~9_master_005689021e-c30d694f9e-ov1n2vpk_3f049700,manifest:final_cycle_only,1.7975,1.5516,28,1,,674.57,deck
9cd1c4f192b413d9,..\2_LP\LOW_Fr_MASTER_result\local_3GA\runs_sdm_resolution_targeted_n~9_master_005689021e-d68b1745ec-yvnv7lvx_033d3e64,manifest:final_cycle_only,1.6272,1.4729,27,1,,649.622,deck
9cd1c4f192b413d9,..\2_LP\LOW_Fr_MASTER_result\local_3GA\runs_sdm_resolution_targeted_n~9_master_005689021e-e6c0471661-9jzs2pmu_a5700f8a,manifest:final_cycle_only,1.6249,1.4839,27,1,,643.578,deck
9cd1c4f192b413d9,..\2_LP\LOW_Fr_MASTER_result\local_3GA\runs_sdm_resolution_targeted_n~9_master_005689021e-fb9e94752e-q52cf7z0_843e179d,manifest:final_cycle_only,2.1725,1.926,25,1,,571.797,deck
cba5698e3abca2c1,..\2_LP\LOW_Fr_MASTER_result\local_3GA\runs_sdm_resolution_targeted_n~c1_master_005689021e-945ee8abb8-s2xi_6s_bbd5e504,manifest:final_cycle_only,1.7525,1.5171,28,1,,674.395,deck
8772bb080ae46a1c,..\2_LP\LOW_Fr_MASTER_result\local_3GA\runs_sdm_resolution_targeted_n~c_master_005689021e-14917600f3-xxymc4ao_c3232c45,manifest:final_cycle_only,1.6388,1.4847,27,1,,643.152,deck
8772bb080ae46a1c,..\2_LP\LOW_Fr_MASTER_result\local_3GA\runs_sdm_resolution_targeted_n~c_master_005689021e-1b0f627f83-hva53g8d_096ac66b,manifest:final_cycle_only,1.7441,1.5045,28,1,,674.243,deck
8772bb080ae46a1c,..\2_LP\LOW_Fr_MASTER_result\local_3GA\runs_sdm_resolution_targeted_n~c_master_005689021e-203122c0c8-jpg6a8ht_b4e98108,manifest:final_cycle_only,1.6363,1.476,27,1,,649.792,deck
8772bb080ae46a1c,..\2_LP\LOW_Fr_MASTER_result\local_3GA\runs_sdm_resolution_targeted_n~c_master_005689021e-3e2f66c6bd-gela69cq_3d669922,manifest:final_cycle_only,1.6365,1.4762,27,1,,649.187,deck
8772bb080ae46a1c,..\2_LP\LOW_Fr_MASTER_result\local_3GA\runs_sdm_resolution_targeted_n~c_master_005689021e-49ad8e275d-ervciwek_80e47cee,manifest:final_cycle_only,1.6368,1.4761,27,1,,651.726,deck
8772bb080ae46a1c,..\2_LP\LOW_Fr_MASTER_result\local_3GA\runs_sdm_resolution_targeted_n~c_master_005689021e-52ec054fe1-lobtlf5q_538daba5,manifest:final_cycle_only,1.6363,1.476,27,1,,649.784,deck
8772bb080ae46a1c,..\2_LP\LOW_Fr_MASTER_result\local_3GA\runs_sdm_resolution_targeted_n~c_master_005689021e-5be59cb497-kd1jq6ud_80b44bd6,manifest:final_cycle_only,1.6362,1.4759,27,1,,649.98,deck
8772bb080ae46a1c,..\2_LP\LOW_Fr_MASTER_result\local_3GA\runs_sdm_resolution_targeted_n~c_master_005689021e-833694957d-zx2l58fy_65b3e3be,manifest:final_cycle_only,2.1761,1.9278,25,1,,571.124,deck
8772bb080ae46a1c,..\2_LP\LOW_Fr_MASTER_result\local_3GA\runs_sdm_resolution_targeted_n~c_master_005689021e-dbea672bee-rd8c6ufs_344f3778,manifest:final_cycle_only,1.6363,1.476,27,1,,649.789,deck
8772bb080ae46a1c,..\2_LP\LOW_Fr_MASTER_result\local_3GA\runs_sdm_resolution_targeted_n~c_master_005689021e-ec7b709789-sa53kax6_5b4517d7,manifest:final_cycle_only,1.6363,1.476,27,1,,649.731,deck
8772bb080ae46a1c,..\2_LP\LOW_Fr_MASTER_result\local_3GA\runs_sdm_resolution_targeted_n~c_master_005689021e-efea25e427-rbgfcf35_8670496f,manifest:final_cycle_only,1.6363,1.476,27,1,,649.809,deck
566dbb2e87c614fd,..\2_LP\LOW_Fr_MASTER_result\local_3GA\runs_sdm_resolution_targeted_n~d_master_005689021e-11b0566127-d7z7fo34_3c673b94,manifest:final_cycle_only,1.7497,1.5254,28,1,,674.388,deck
566dbb2e87c614fd,..\2_LP\LOW_Fr_MASTER_result\local_3GA\runs_sdm_resolution_targeted_n~d_master_005689021e-2969e1e1a5-k6o7uftk_11dfff60,manifest:final_cycle_only,1.6433,1.4821,27,1,,649.55,deck
566dbb2e87c614fd,..\2_LP\LOW_Fr_MASTER_result\local_3GA\runs_sdm_resolution_targeted_n~d_master_005689021e-33ea3c69df-fnlsx2cn_a164f579,manifest:final_cycle_only,2.1767,1.9297,25,1,,571.753,deck
4b11e9976ad0691d,..\2_LP\LOW_Fr_MASTER_result\local_3GA\runs_sdm_resolution_targeted_n~d_master_005689021e-352e82264c-e74ciyd2_5f6bface,manifest:final_cycle_only,1.6391,1.4782,27,1,,649.856,deck
4b11e9976ad0691d,..\2_LP\LOW_Fr_MASTER_result\local_3GA\runs_sdm_resolution_targeted_n~d_master_005689021e-36ddf63b81-1g7vo6yd_e6efcdc1,manifest:final_cycle_only,1.6391,1.4782,27,1,,649.851,deck
566dbb2e87c614fd,..\2_LP\LOW_Fr_MASTER_result\local_3GA\runs_sdm_resolution_targeted_n~d_master_005689021e-3a64600615-aaiynu2q_3cd0434c,manifest:final_cycle_only,1.6431,1.4819,27,1,,650.152,deck
4b11e9976ad0691d,..\2_LP\LOW_Fr_MASTER_result\local_3GA\runs_sdm_resolution_targeted_n~d_master_005689021e-4e14dbc892-x1bhrng6_6ef3b281,manifest:final_cycle_only,1.6391,1.4782,27,1,,649.85,deck
566dbb2e87c614fd,..\2_LP\LOW_Fr_MASTER_result\local_3GA\runs_sdm_resolution_targeted_n~d_master_005689021e-594f2326d0-_v5248_7_372888b0,manifest:final_cycle_only,1.6431,1.4819,27,1,,650.147,deck
4b11e9976ad0691d,..\2_LP\LOW_Fr_MASTER_result\local_3GA\runs_sdm_resolution_targeted_n~d_master_005689021e-62d753e6f2-3e533mhw_4454960c,manifest:final_cycle_only,1.6391,1.4782,27,1,,649.867,deck
566dbb2e87c614fd,..\2_LP\LOW_Fr_MASTER_result\local_3GA\runs_sdm_resolution_targeted_n~d_master_005689021e-6e5cb3cee3-sbklyu99_ea9043e1,manifest:final_cycle_only,1.6436,1.482,27,1,,652.079,deck
4b11e9976ad0691d,..\2_LP\LOW_Fr_MASTER_result\local_3GA\runs_sdm_resolution_targeted_n~d_master_005689021e-840aa51669-p_cld9lv_ed6dca4d,manifest:final_cycle_only,2.1778,1.9293,25,1,,571.252,deck
4b11e9976ad0691d,..\2_LP\LOW_Fr_MASTER_result\local_3GA\runs_sdm_resolution_targeted_n~d_master_005689021e-8618a8e2a7-fco_n7h3_1f76e023,manifest:final_cycle_only,1.6393,1.4785,27,1,,649.253,deck
566dbb2e87c614fd,..\2_LP\LOW_Fr_MASTER_result\local_3GA\runs_sdm_resolution_targeted_n~d_master_005689021e-9560d8f08d-pgu1xn_8_8569616d,manifest:final_cycle_only,1.6431,1.4819,27,1,,650.092,deck
566dbb2e87c614fd,..\2_LP\LOW_Fr_MASTER_result\local_3GA\runs_sdm_resolution_targeted_n~d_master_005689021e-9852147a9a-uu95lg80_d623ecb3,manifest:final_cycle_only,1.643,1.4818,27,1,,650.347,deck
4b11e9976ad0691d,..\2_LP\LOW_Fr_MASTER_result\local_3GA\runs_sdm_resolution_targeted_n~d_master_005689021e-a3461a9aef-il4o8126_0a2e9314,manifest:final_cycle_only,1.6391,1.4782,27,1,,649.797,deck
4b11e9976ad0691d,..\2_LP\LOW_Fr_MASTER_result\local_3GA\runs_sdm_resolution_targeted_n~d_master_005689021e-b0df4e82c0-ly1cikvm_92ef9340,manifest:final_cycle_only,1.6418,1.4816,27,1,,643.257,deck
4b11e9976ad0691d,..\2_LP\LOW_Fr_MASTER_result\local_3GA\runs_sdm_resolution_targeted_n~d_master_005689021e-bc1d4ef1ce-0hz8o6qu_9e1151a2,manifest:final_cycle_only,1.7405,1.5007,28,1,,674.182,deck
566dbb2e87c614fd,..\2_LP\LOW_Fr_MASTER_result\local_3GA\runs_sdm_resolution_targeted_n~d_master_005689021e-c7c5a6de4a-43le17yv_4301e3ae,manifest:final_cycle_only,1.6431,1.4819,27,1,,650.156,deck
4b11e9976ad0691d,..\2_LP\LOW_Fr_MASTER_result\local_3GA\runs_sdm_resolution_targeted_n~d_master_005689021e-fa0663d445-onbffltr_5b42abf8,manifest:final_cycle_only,1.639,1.4781,27,1,,650.039,deck
566dbb2e87c614fd,..\2_LP\LOW_Fr_MASTER_result\local_3GA\runs_sdm_resolution_targeted_n~d_master_005689021e-feac47af5c-t9xc2u74_215e0f42,manifest:final_cycle_only,1.6431,1.4819,27,1,,650.173,deck
566dbb2e87c614fd,..\2_LP\LOW_Fr_MASTER_result\local_3GA\runs_sdm_resolution_targeted_n~fd_master_005689021e-22ec739d06-zcdw2c7_9c67178f,manifest:final_cycle_only,1.6454,1.4849,27,1,,643.571,deck
dc07c94b266cda20,..\2_LP\LOW_Fr_MASTER_result\local_3GA\runs_sdm_resolution_targeted_o~0_master_005689021e-2b8c818e54-etoo3owf_eb53a251,manifest:final_cycle_only,2.2392,1.9334,25,1,,571.029,deck
dc07c94b266cda20,..\2_LP\LOW_Fr_MASTER_result\local_3GA\runs_sdm_resolution_targeted_o~0_master_005689021e-2c1cafcf98-ie8fnmhw_7a5ed147,manifest:final_cycle_only,1.6339,1.4812,27,1,,649.691,deck
dc07c94b266cda20,..\2_LP\LOW_Fr_MASTER_result\local_3GA\runs_sdm_resolution_targeted_o~0_master_005689021e-2cd4f7f752-v4vm5ngj_fd9ad094,manifest:final_cycle_only,1.6535,1.499,27,1,,643.094,deck
dc07c94b266cda20,..\2_LP\LOW_Fr_MASTER_result\local_3GA\runs_sdm_resolution_targeted_o~0_master_005689021e-3a09097b9a-jshzfkj1_89c732fe,manifest:final_cycle_only,1.6867,1.4659,28,1,,674.181,deck
dc07c94b266cda20,..\2_LP\LOW_Fr_MASTER_result\local_3GA\runs_sdm_resolution_targeted_o~0_master_005689021e-3e08eeded8-t5jmns5c_3517eec8,manifest:final_cycle_only,1.6339,1.4811,27,1,,649.75,deck
dc07c94b266cda20,..\2_LP\LOW_Fr_MASTER_result\local_3GA\runs_sdm_resolution_targeted_o~0_master_005689021e-8325c519a9-4kmb8836_70f40da9,manifest:final_cycle_only,1.6339,1.4811,27,1,,649.753,deck
dc07c94b266cda20,..\2_LP\LOW_Fr_MASTER_result\local_3GA\runs_sdm_resolution_targeted_o~0_master_005689021e-94587ae5f4-5qd0sj_b_37e56fb4,manifest:final_cycle_only,1.6339,1.4811,27,1,,649.745,deck
dc07c94b266cda20,..\2_LP\LOW_Fr_MASTER_result\local_3GA\runs_sdm_resolution_targeted_o~0_master_005689021e-9d592405a4-hoz_pa1z_34a6fd33,manifest:final_cycle_only,1.6336,1.4809,27,1,,649.941,deck
dc07c94b266cda20,..\2_LP\LOW_Fr_MASTER_result\local_3GA\runs_sdm_resolution_targeted_o~0_master_005689021e-b99df91c08-u86gkh2z_5ada0487,manifest:final_cycle_only,1.6292,1.4773,27,1,,651.7,deck
dc07c94b266cda20,..\2_LP\LOW_Fr_MASTER_result\local_3GA\runs_sdm_resolution_targeted_o~0_master_005689021e-e6f2c8f915-tias3o4w_5abd2684,manifest:final_cycle_only,1.6347,1.482,27,1,,649.144,deck
dc07c94b266cda20,..\2_LP\LOW_Fr_MASTER_result\local_3GA\runs_sdm_resolution_targeted_o~0_master_005689021e-e77fc6a9f6-fo0nr2_m_1a4c9d11,manifest:final_cycle_only,1.6338,1.4811,27,1,,649.77,deck
203aa0ccc95baf55,..\2_LP\LOW_Fr_MASTER_result\local_3GA\runs_sdm_resolution_targeted_o~5_master_005689021e-0410c54632-kmil4qqm_07a54d4a,manifest:final_cycle_only,1.6415,1.481,27,1,,650.015,deck
5bbbb7b156ef9bc5,..\2_LP\LOW_Fr_MASTER_result\local_3GA\runs_sdm_resolution_targeted_o~5_master_005689021e-1037d81ae5-6doin2sm_69c2515f,manifest:final_cycle_only,1.6382,1.478,27,1,,649.749,deck
203aa0ccc95baf55,..\2_LP\LOW_Fr_MASTER_result\local_3GA\runs_sdm_resolution_targeted_o~5_master_005689021e-2446cfac0b-la8tgkph_5b0f2bc2,manifest:final_cycle_only,1.6415,1.481,27,1,,650.023,deck
29f9dd69444f43d5,..\2_LP\LOW_Fr_MASTER_result\local_3GA\runs_sdm_resolution_targeted_o~5_master_005689021e-26c086f575-sfot43yi_af43340b,manifest:final_cycle_only,1.6234,1.4754,27,1,,652.052,deck
5bbbb7b156ef9bc5,..\2_LP\LOW_Fr_MASTER_result\local_3GA\runs_sdm_resolution_targeted_o~5_master_005689021e-2823ac7287-9crfelk9_c4e6c052,manifest:final_cycle_only,1.6382,1.478,27,1,,649.733,deck
203aa0ccc95baf55,..\2_LP\LOW_Fr_MASTER_result\local_3GA\runs_sdm_resolution_targeted_o~5_master_005689021e-2f6f8d2531-uoogcy95_f81e929b,manifest:final_cycle_only,1.7509,1.5143,28,1,,674.305,deck
5bbbb7b156ef9bc5,..\2_LP\LOW_Fr_MASTER_result\local_3GA\runs_sdm_resolution_targeted_o~5_master_005689021e-31389d7178-bn0wdrv8_f1dd41e4,manifest:final_cycle_only,1.7407,1.5068,28,1,,674.103,deck
5bbbb7b156ef9bc5,..\2_LP\LOW_Fr_MASTER_result\local_3GA\runs_sdm_resolution_targeted_o~5_master_005689021e-36d487706e-0dtk1kkz_9e1532e9,manifest:final_cycle_only,1.6386,1.4781,27,1,,651.64,deck
203aa0ccc95baf55,..\2_LP\LOW_Fr_MASTER_result\local_3GA\runs_sdm_resolution_targeted_o~5_master_005689021e-385e13b972-mvvquoel_c49636e3,manifest:final_cycle_only,1.6414,1.4809,27,1,,650.205,deck
29f9dd69444f43d5,..\2_LP\LOW_Fr_MASTER_result\local_3GA\runs_sdm_resolution_targeted_o~5_master_005689021e-4230e5868d-zj3zu_tl_6b361898,manifest:final_cycle_only,1.6273,1.4786,27,1,,650.109,deck
5bbbb7b156ef9bc5,..\2_LP\LOW_Fr_MASTER_result\local_3GA\runs_sdm_resolution_targeted_o~5_master_005689021e-522fe360fc-jbwrmemt_ce76f7dc,manifest:final_cycle_only,1.6381,1.4779,27,1,,649.914,deck
29f9dd69444f43d5,..\2_LP\LOW_Fr_MASTER_result\local_3GA\runs_sdm_resolution_targeted_o~5_master_005689021e-61d6280449-94xh76uj_d259b938,manifest:final_cycle_only,1.628,1.4792,27,1,,649.499,deck
29f9dd69444f43d5,..\2_LP\LOW_Fr_MASTER_result\local_3GA\runs_sdm_resolution_targeted_o~5_master_005689021e-67bec17101-q5zildbs_bbe7bb6c,manifest:final_cycle_only,1.6273,1.4787,27,1,,650.049,deck
203aa0ccc95baf55,..\2_LP\LOW_Fr_MASTER_result\local_3GA\runs_sdm_resolution_targeted_o~5_master_005689021e-6bff5af73a-jkyvwy2v_2b266844,manifest:final_cycle_only,1.642,1.4812,27,1,,651.933,deck
203aa0ccc95baf55,..\2_LP\LOW_Fr_MASTER_result\local_3GA\runs_sdm_resolution_targeted_o~5_master_005689021e-73634753e4-9b3ptk0l_4414aa91,manifest:final_cycle_only,1.6437,1.4855,27,1,,643.444,deck
5bbbb7b156ef9bc5,..\2_LP\LOW_Fr_MASTER_result\local_3GA\runs_sdm_resolution_targeted_o~5_master_005689021e-7a68c7d7ac-dl792vqo_359d5e6b,manifest:final_cycle_only,1.6382,1.478,27,1,,649.725,deck
29f9dd69444f43d5,..\2_LP\LOW_Fr_MASTER_result\local_3GA\runs_sdm_resolution_targeted_o~5_master_005689021e-873fec56f5-51bet1tp_15a16d4b,manifest:final_cycle_only,1.6273,1.4786,27,1,,650.123,deck
5bbbb7b156ef9bc5,..\2_LP\LOW_Fr_MASTER_result\local_3GA\runs_sdm_resolution_targeted_o~5_master_005689021e-9bacf0c20a-mb3ytrw1_f2f24485,manifest:final_cycle_only,1.6382,1.478,27,1,,649.674,deck
5bbbb7b156ef9bc5,..\2_LP\LOW_Fr_MASTER_result\local_3GA\runs_sdm_resolution_targeted_o~5_master_005689021e-9d2f2d7d09-sezgbuwh_3dc56e61,manifest:final_cycle_only,1.6476,1.4938,27,1,,643.146,deck
203aa0ccc95baf55,..\2_LP\LOW_Fr_MASTER_result\local_3GA\runs_sdm_resolution_targeted_o~5_master_005689021e-aa3baeafc1-y38shnps_e781e7c1,manifest:final_cycle_only,1.6415,1.481,27,1,,650.02,deck
203aa0ccc95baf55,..\2_LP\LOW_Fr_MASTER_result\local_3GA\runs_sdm_resolution_targeted_o~5_master_005689021e-aa74e535c5-zckt5sj3_59e3e0fd,manifest:final_cycle_only,1.6415,1.481,27,1,,650.04,deck
29f9dd69444f43d5,..\2_LP\LOW_Fr_MASTER_result\local_3GA\runs_sdm_resolution_targeted_o~5_master_005689021e-c2eb9f45b9-k0fkx5nu_b884d4df,manifest:final_cycle_only,1.6445,1.4967,27,1,,643.464,deck
29f9dd69444f43d5,..\2_LP\LOW_Fr_MASTER_result\local_3GA\runs_sdm_resolution_targeted_o~5_master_005689021e-c7b3d36690-ugaifmlr_3f61f258,manifest:final_cycle_only,1.6273,1.4786,27,1,,650.107,deck
5bbbb7b156ef9bc5,..\2_LP\LOW_Fr_MASTER_result\local_3GA\runs_sdm_resolution_targeted_o~5_master_005689021e-cb1571f44a-qb0ytjbp_d68051cb,manifest:final_cycle_only,1.6385,1.4783,27,1,,649.138,deck
5bbbb7b156ef9bc5,..\2_LP\LOW_Fr_MASTER_result\local_3GA\runs_sdm_resolution_targeted_o~5_master_005689021e-cf1614cce1-in5zwdtj_20cedcb1,manifest:final_cycle_only,2.2341,1.9379,25,1,,571.074,deck
5bbbb7b156ef9bc5,..\2_LP\LOW_Fr_MASTER_result\local_3GA\runs_sdm_resolution_targeted_o~5_master_005689021e-e0af177be0-671btf3x_47ed76c4,manifest:final_cycle_only,1.6382,1.478,27,1,,649.73,deck
29f9dd69444f43d5,..\2_LP\LOW_Fr_MASTER_result\local_3GA\runs_sdm_resolution_targeted_o~5_master_005689021e-ecf126f240-xhm_q67x_458f7d52,manifest:final_cycle_only,1.6273,1.4786,27,1,,650.103,deck
203aa0ccc95baf55,..\2_LP\LOW_Fr_MASTER_result\local_3GA\runs_sdm_resolution_targeted_o~5_master_005689021e-f3c1aea92c-61e88ub8_c827f771,manifest:final_cycle_only,2.2218,1.9386,25,1,,571.558,deck
203aa0ccc95baf55,..\2_LP\LOW_Fr_MASTER_result\local_3GA\runs_sdm_resolution_targeted_o~5_master_005689021e-f5321639c5-eov0qohv_2f794a38,manifest:final_cycle_only,1.6415,1.481,27,1,,649.964,deck
29f9dd69444f43d5,..\2_LP\LOW_Fr_MASTER_result\local_3GA\runs_sdm_resolution_targeted_o~5_master_005689021e-fa76d888fe-qn56e47b_0938bff1,manifest:final_cycle_only,2.246,1.9289,25,1,,571.729,deck
203aa0ccc95baf55,..\2_LP\LOW_Fr_MASTER_result\local_3GA\runs_sdm_resolution_targeted_o~5_master_005689021e-fc7c95bfb7-gpscut9v_24567a66,manifest:final_cycle_only,1.6416,1.4813,27,1,,649.427,deck
29f9dd69444f43d5,..\2_LP\LOW_Fr_MASTER_result\local_3GA\runs_sdm_resolution_targeted_o~5_master_005689021e-fe5e57469e-jpx7_a32_faff5028,manifest:final_cycle_only,1.6998,1.4803,28,1,,674.434,deck
3a5ec955109ea7b6,..\2_LP\LOW_Fr_MASTER_result\local_3GA\runs_sdm_resolution_targeted_o~6_master_005689021e-05a565f2e2-a9am_h01_e24a098e,manifest:final_cycle_only,1.6412,1.4805,27,1,,649.988,deck
3a5ec955109ea7b6,..\2_LP\LOW_Fr_MASTER_result\local_3GA\runs_sdm_resolution_targeted_o~6_master_005689021e-0e4d0fa949-rrgjnolf_21cf0e60,manifest:final_cycle_only,1.6412,1.4805,27,1,,650.048,deck
3a5ec955109ea7b6,..\2_LP\LOW_Fr_MASTER_result\local_3GA\runs_sdm_resolution_targeted_o~6_master_005689021e-1a631cf8c5-d670mxc9_9d531f9d,manifest:final_cycle_only,1.6412,1.4805,27,1,,650.04,deck
3a5ec955109ea7b6,..\2_LP\LOW_Fr_MASTER_result\local_3GA\runs_sdm_resolution_targeted_o~6_master_005689021e-1c7d8f82fe-gxk2mer1_e0fe31c4,manifest:final_cycle_only,1.6412,1.4805,27,1,,650.046,deck
3a5ec955109ea7b6,..\2_LP\LOW_Fr_MASTER_result\local_3GA\runs_sdm_resolution_targeted_o~6_master_005689021e-2addb241c6-cf7cai51_92fd06f6,manifest:final_cycle_only,1.6412,1.4805,27,1,,650.065,deck
3a5ec955109ea7b6,..\2_LP\LOW_Fr_MASTER_result\local_3GA\runs_sdm_resolution_targeted_o~6_master_005689021e-54739ecdae-rs0re9nc_45cdb34b,manifest:final_cycle_only,1.6411,1.4804,27,1,,650.233,deck
3a5ec955109ea7b6,..\2_LP\LOW_Fr_MASTER_result\local_3GA\runs_sdm_resolution_targeted_o~6_master_005689021e-6fb12dbb88-_tm9gfh0_9c9d0143,manifest:final_cycle_only,1.6417,1.4807,27,1,,651.969,deck
3a5ec955109ea7b6,..\2_LP\LOW_Fr_MASTER_result\local_3GA\runs_sdm_resolution_targeted_o~6_master_005689021e-82527cedfa-6ojkd92f_7b3491db,manifest:final_cycle_only,1.6435,1.4865,27,1,,643.449,deck
3a5ec955109ea7b6,..\2_LP\LOW_Fr_MASTER_result\local_3GA\runs_sdm_resolution_targeted_o~6_master_005689021e-ac90874cd5-vx0rq86u_11f2a8c9,manifest:final_cycle_only,1.6414,1.4808,27,1,,649.45,deck
3a5ec955109ea7b6,..\2_LP\LOW_Fr_MASTER_result\local_3GA\runs_sdm_resolution_targeted_o~6_master_005689021e-b1358dfb9a-r6gux142_8633b113,manifest:final_cycle_only,1.7527,1.5119,28,1,,674.343,deck
3a5ec955109ea7b6,..\2_LP\LOW_Fr_MASTER_result\local_3GA\runs_sdm_resolution_targeted_o~6_master_005689021e-e573d75dc9-x6ubipnc_7ef89456,manifest:final_cycle_only,2.1853,1.9357,25,1,,571.627,deck
29f9dd69444f43d5,..\2_LP\LOW_Fr_MASTER_result\local_3GA\runs_sdm_resolution_targeted_o~d5_master_005689021e-7b3d921892-7tuetb8_4ad0edcc,manifest:final_cycle_only,1.627,1.4785,27,1,,650.296,deck
b36f9f654c2118be,..\2_LP\LOW_Fr_MASTER_result\local_3GA\runs_sdm_resolution_targeted_o~e_master_005689021e-0014601232-m7u33x25_0f6789b0,manifest:final_cycle_only,1.623,1.4704,27,1,,650.314,deck
862b1d02dab3fc3e,..\2_LP\LOW_Fr_MASTER_result\local_3GA\runs_sdm_resolution_targeted_o~e_master_005689021e-025b3922ec-cg4cps4q_458b7963,manifest:final_cycle_only,1.6386,1.4843,27,1,,649.686,deck
862b1d02dab3fc3e,..\2_LP\LOW_Fr_MASTER_result\local_3GA\runs_sdm_resolution_targeted_o~e_master_005689021e-035cee84eb-o9bqanra_340ca085,manifest:final_cycle_only,2.2446,1.9363,25,1,,570.947,deck
7b668ce70de7640e,..\2_LP\LOW_Fr_MASTER_result\local_3GA\runs_sdm_resolution_targeted_o~e_master_005689021e-14b765ba27-am3tlaxl_888880a3,manifest:final_cycle_only,1.6381,1.4856,27,1,,651.648,deck
862b1d02dab3fc3e,..\2_LP\LOW_Fr_MASTER_result\local_3GA\runs_sdm_resolution_targeted_o~e_master_005689021e-15f0384176-dlb2bp9p_bbf6cce1,manifest:final_cycle_only,1.6383,1.4842,27,1,,649.855,deck
7b668ce70de7640e,..\2_LP\LOW_Fr_MASTER_result\local_3GA\runs_sdm_resolution_targeted_o~e_master_005689021e-16e46b26a5-lte6looj_c04f72fe,manifest:final_cycle_only,1.6629,1.5074,27,1,,642.989,deck
862b1d02dab3fc3e,..\2_LP\LOW_Fr_MASTER_result\local_3GA\runs_sdm_resolution_targeted_o~e_master_005689021e-1839321e97-3l2xazs3_9d1c70c8,manifest:final_cycle_only,1.744,1.5103,28,1,,674.159,deck
b36f9f654c2118be,..\2_LP\LOW_Fr_MASTER_result\local_3GA\runs_sdm_resolution_targeted_o~e_master_005689021e-1ed330d735-66vmukby_0fab93e6,manifest:final_cycle_only,1.623,1.4706,27,1,,650.123,deck
7b668ce70de7640e,..\2_LP\LOW_Fr_MASTER_result\local_3GA\runs_sdm_resolution_targeted_o~e_master_005689021e-2a471ed496-2sgpke34_dd6d98a2,manifest:final_cycle_only,1.6428,1.4899,27,1,,649.69,deck
b36f9f654c2118be,..\2_LP\LOW_Fr_MASTER_result\local_3GA\runs_sdm_resolution_targeted_o~e_master_005689021e-2c5128704c-raohwg2r_5a2a017f,manifest:final_cycle_only,1.623,1.467,27,1,,652.07,deck
b36f9f654c2118be,..\2_LP\LOW_Fr_MASTER_result\local_3GA\runs_sdm_resolution_targeted_o~e_master_005689021e-2f3557be59-46mnpmrx_eb88c2f9,manifest:final_cycle_only,1.623,1.4706,27,1,,650.06,deck
7b668ce70de7640e,..\2_LP\LOW_Fr_MASTER_result\local_3GA\runs_sdm_resolution_targeted_o~e_master_005689021e-2f94b1054a-9fpbw1t1_9c4dde59,manifest:final_cycle_only,1.6428,1.4899,27,1,,649.707,deck
862b1d02dab3fc3e,..\2_LP\LOW_Fr_MASTER_result\local_3GA\runs_sdm_resolution_targeted_o~e_master_005689021e-304d8910c3-3v4d7ize_ccc2819b,manifest:final_cycle_only,1.6393,1.4852,27,1,,649.07,deck
862b1d02dab3fc3e,..\2_LP\LOW_Fr_MASTER_result\local_3GA\runs_sdm_resolution_targeted_o~e_master_005689021e-54be689d60-21sa58le_8b8ad763,manifest:final_cycle_only,1.636,1.4807,27,1,,651.591,deck
862b1d02dab3fc3e,..\2_LP\LOW_Fr_MASTER_result\local_3GA\runs_sdm_resolution_targeted_o~e_master_005689021e-5aa2518262-5xicbfz3_0d67f74a,manifest:final_cycle_only,1.6386,1.4843,27,1,,649.609,deck
b36f9f654c2118be,..\2_LP\LOW_Fr_MASTER_result\local_3GA\runs_sdm_resolution_targeted_o~e_master_005689021e-688dd5aa8b-0xqtdcjg_4c8201b9,manifest:final_cycle_only,2.2288,1.9286,25,1,,571.673,deck
7b668ce70de7640e,..\2_LP\LOW_Fr_MASTER_result\local_3GA\runs_sdm_resolution_targeted_o~e_master_005689021e-705d2cb8dd-rgvf7fy9_eca804f0,manifest:final_cycle_only,2.2499,1.9319,25,1,,570.91,deck
862b1d02dab3fc3e,..\2_LP\LOW_Fr_MASTER_result\local_3GA\runs_sdm_resolution_targeted_o~e_master_005689021e-742da2abf9-wox3zl6r_082984f8,manifest:final_cycle_only,1.6566,1.5024,27,1,,643.041,deck
b36f9f654c2118be,..\2_LP\LOW_Fr_MASTER_result\local_3GA\runs_sdm_resolution_targeted_o~e_master_005689021e-81c6df3a4e-4bi5uf5t_3516f81a,manifest:final_cycle_only,1.6975,1.4809,28,1,,674.429,deck
b36f9f654c2118be,..\2_LP\LOW_Fr_MASTER_result\local_3GA\runs_sdm_resolution_targeted_o~e_master_005689021e-89fdd3a876-5yr9263d_7aa8f905,manifest:final_cycle_only,1.6232,1.4713,27,1,,649.51,deck
b36f9f654c2118be,..\2_LP\LOW_Fr_MASTER_result\local_3GA\runs_sdm_resolution_targeted_o~e_master_005689021e-8b6386d096-fkmhi6ks_02b7eea6,manifest:final_cycle_only,1.623,1.4706,27,1,,650.141,deck
862b1d02dab3fc3e,..\2_LP\LOW_Fr_MASTER_result\local_3GA\runs_sdm_resolution_targeted_o~e_master_005689021e-8c8263c43c-0yivifxs_34bf0841,manifest:final_cycle_only,1.6386,1.4843,27,1,,649.67,deck
b36f9f654c2118be,..\2_LP\LOW_Fr_MASTER_result\local_3GA\runs_sdm_resolution_targeted_o~e_master_005689021e-93e3ff4c2d-o_7b7sxj_3aaa43c1,manifest:final_cycle_only,1.623,1.4706,27,1,,650.12,deck
862b1d02dab3fc3e,..\2_LP\LOW_Fr_MASTER_result\local_3GA\runs_sdm_resolution_targeted_o~e_master_005689021e-a08134c369-1tnkdrvm_7e9240ea,manifest:final_cycle_only,1.6386,1.4843,27,1,,649.661,deck
7b668ce70de7640e,..\2_LP\LOW_Fr_MASTER_result\local_3GA\runs_sdm_resolution_targeted_o~e_master_005689021e-bcf44820be-kyyhb3fz_2815ec62,manifest:final_cycle_only,1.6901,1.4648,28,1,,674.23,deck
b36f9f654c2118be,..\2_LP\LOW_Fr_MASTER_result\local_3GA\runs_sdm_resolution_targeted_o~e_master_005689021e-bd703d75dd-n5gxc5fi_2d32b2bc,manifest:final_cycle_only,1.6343,1.4858,27,1,,643.482,deck
7b668ce70de7640e,..\2_LP\LOW_Fr_MASTER_result\local_3GA\runs_sdm_resolution_targeted_o~e_master_005689021e-c5c62bab1e-fix_zpip_65a80f5d,manifest:final_cycle_only,1.6429,1.49,27,1,,649.627,deck
7b668ce70de7640e,..\2_LP\LOW_Fr_MASTER_result\local_3GA\runs_sdm_resolution_targeted_o~e_master_005689021e-c6cb3b8aca-x0lvgf3g_d7baab19,manifest:final_cycle_only,1.6428,1.4899,27,1,,649.681,deck
b36f9f654c2118be,..\2_LP\LOW_Fr_MASTER_result\local_3GA\runs_sdm_resolution_targeted_o~e_master_005689021e-c70097aa07-civrpus9_37c8b056,manifest:final_cycle_only,1.623,1.4706,27,1,,650.115,deck
7b668ce70de7640e,..\2_LP\LOW_Fr_MASTER_result\local_3GA\runs_sdm_resolution_targeted_o~e_master_005689021e-ce0674284c-nnuctrxw_78acac68,manifest:final_cycle_only,1.6428,1.4899,27,1,,649.687,deck
862b1d02dab3fc3e,..\2_LP\LOW_Fr_MASTER_result\local_3GA\runs_sdm_resolution_targeted_o~e_master_005689021e-d610feb162-d8f9wm6h_6d2d92e9,manifest:final_cycle_only,1.6386,1.4843,27,1,,649.667,deck
7b668ce70de7640e,..\2_LP\LOW_Fr_MASTER_result\local_3GA\runs_sdm_resolution_targeted_o~e_master_005689021e-e9b8183c0d-thagtp_3_bf3cfff1,manifest:final_cycle_only,1.6425,1.4897,27,1,,649.881,deck
7b668ce70de7640e,..\2_LP\LOW_Fr_MASTER_result\local_3GA\runs_sdm_resolution_targeted_o~e_master_005689021e-f654fd6faa-ib_4bd9u_43d73e5b,manifest:final_cycle_only,1.6437,1.4907,27,1,,649.075,deck
1305ff5ef0ffed20,..\2_LP\LOW_Fr_MASTER_result\local_3GA\runs_sdm_resolution_targeted_t~0_master_005689021e-003479438f-s0xgam3u_21a1df30,manifest:final_cycle_only,1.663,1.4885,27,1,,649.337,deck
1305ff5ef0ffed20,..\2_LP\LOW_Fr_MASTER_result\local_3GA\runs_sdm_resolution_targeted_t~0_master_005689021e-093ca4c13f-ex1dfq70_2db7f064,manifest:final_cycle_only,1.6617,1.4879,27,1,,649.951,deck
1305ff5ef0ffed20,..\2_LP\LOW_Fr_MASTER_result\local_3GA\runs_sdm_resolution_targeted_t~0_master_005689021e-2951cb3b0f-awg65om4_d91cc87b,manifest:final_cycle_only,1.6886,1.4787,28,1,,674.323,deck
1305ff5ef0ffed20,..\2_LP\LOW_Fr_MASTER_result\local_3GA\runs_sdm_resolution_targeted_t~0_master_005689021e-3a6ca1db99-4cp329jc_fc531335,manifest:final_cycle_only,1.6618,1.4879,27,1,,649.89,deck
1305ff5ef0ffed20,..\2_LP\LOW_Fr_MASTER_result\local_3GA\runs_sdm_resolution_targeted_t~0_master_005689021e-5c34dee1ec-41z6sc5d_8b200ebb,manifest:final_cycle_only,1.6614,1.4877,27,1,,650.146,deck
1305ff5ef0ffed20,..\2_LP\LOW_Fr_MASTER_result\local_3GA\runs_sdm_resolution_targeted_t~0_master_005689021e-61850d31c3-u6pj38tm_9ae41da5,manifest:final_cycle_only,1.6617,1.4878,27,1,,649.971,deck
1305ff5ef0ffed20,..\2_LP\LOW_Fr_MASTER_result\local_3GA\runs_sdm_resolution_targeted_t~0_master_005689021e-6275a45234-sdqtyd_j_b157d58a,manifest:final_cycle_only,2.1673,1.9218,25,1,,571.288,deck
1305ff5ef0ffed20,..\2_LP\LOW_Fr_MASTER_result\local_3GA\runs_sdm_resolution_targeted_t~0_master_005689021e-a888bf6109-_lfek8cu_c67d9164,manifest:final_cycle_only,1.6617,1.4879,27,1,,649.954,deck
1305ff5ef0ffed20,..\2_LP\LOW_Fr_MASTER_result\local_3GA\runs_sdm_resolution_targeted_t~0_master_005689021e-beca4f8059-l05ureoy_bef901ed,manifest:final_cycle_only,1.6617,1.4879,27,1,,649.945,deck
1305ff5ef0ffed20,..\2_LP\LOW_Fr_MASTER_result\local_3GA\runs_sdm_resolution_targeted_t~0_master_005689021e-c1241b97f2-9od6afqz_3d0497d6,manifest:final_cycle_only,1.6858,1.5,27,1,,643.287,deck
1305ff5ef0ffed20,..\2_LP\LOW_Fr_MASTER_result\local_3GA\runs_sdm_resolution_targeted_t~0_master_005689021e-e7aab8921b-elomu0fx_47d4e98c,manifest:final_cycle_only,1.6569,1.485,27,1,,651.902,deck
710a6732567e6319,..\2_LP\LOW_Fr_MASTER_result\local_3GA\runs_sdm_resolution_targeted_t~19_master_005689021e-0efbc15dc6-hzlceic_037f7db4,manifest:final_cycle_only,1.6548,1.5007,27,1,,643.262,deck
a6b9006f0063a661,..\2_LP\LOW_Fr_MASTER_result\local_3GA\runs_sdm_resolution_targeted_t~1_master_005689021e-17700821b0-0uvi4qm8_932c58bb,manifest:final_cycle_only,1.6616,1.4875,27,1,,650.039,deck
9a2b373ce8740a01,..\2_LP\LOW_Fr_MASTER_result\local_3GA\runs_sdm_resolution_targeted_t~1_master_005689021e-20d622e4d2-3z1vilj2_1c6ec6c5,manifest:final_cycle_only,2.1765,1.9165,25,1,,571.507,deck
a6b9006f0063a661,..\2_LP\LOW_Fr_MASTER_result\local_3GA\runs_sdm_resolution_targeted_t~1_master_005689021e-33723476b8-il0r2eqr_bc3659ad,manifest:final_cycle_only,1.6613,1.4876,27,1,,649.424,deck
a6b9006f0063a661,..\2_LP\LOW_Fr_MASTER_result\local_3GA\runs_sdm_resolution_targeted_t~1_master_005689021e-3ac5c3a7ae-qq3xklx5_195c2c61,manifest:final_cycle_only,1.8129,1.5621,28,1,,674.346,deck
a6b9006f0063a661,..\2_LP\LOW_Fr_MASTER_result\local_3GA\runs_sdm_resolution_targeted_t~1_master_005689021e-443b669187-j1llzj4z_a0c4b579,manifest:final_cycle_only,1.6577,1.4896,27,1,,643.443,deck
a6b9006f0063a661,..\2_LP\LOW_Fr_MASTER_result\local_3GA\runs_sdm_resolution_targeted_t~1_master_005689021e-4a7bc740fc-jxrwcmys_b15e8e95,manifest:final_cycle_only,1.6618,1.4874,27,1,,650.204,deck
9a2b373ce8740a01,..\2_LP\LOW_Fr_MASTER_result\local_3GA\runs_sdm_resolution_targeted_t~1_master_005689021e-5587b15bfa-_ge0dk45_f8651aaf,manifest:final_cycle_only,1.7926,1.5499,28,1,,674.472,deck
9a2b373ce8740a01,..\2_LP\LOW_Fr_MASTER_result\local_3GA\runs_sdm_resolution_targeted_t~1_master_005689021e-5b5aff96bf-x7s0mie4_51f235df,manifest:final_cycle_only,1.6411,1.4698,27,1,,650.054,deck
9a2b373ce8740a01,..\2_LP\LOW_Fr_MASTER_result\local_3GA\runs_sdm_resolution_targeted_t~1_master_005689021e-5bea8bca97-_so77pfq_01d4b30b,manifest:final_cycle_only,1.6412,1.4697,27,1,,650.115,deck
9a2b373ce8740a01,..\2_LP\LOW_Fr_MASTER_result\local_3GA\runs_sdm_resolution_targeted_t~1_master_005689021e-5f9cf70c27-8t12nrw6_42bc6578,manifest:final_cycle_only,1.6458,1.4666,27,1,,652.064,deck
a6b9006f0063a661,..\2_LP\LOW_Fr_MASTER_result\local_3GA\runs_sdm_resolution_targeted_t~1_master_005689021e-605bd3a20b-zcs08w5r_3ee04907,manifest:final_cycle_only,1.6615,1.4874,27,1,,650.015,deck
9a2b373ce8740a01,..\2_LP\LOW_Fr_MASTER_result\local_3GA\runs_sdm_resolution_targeted_t~1_master_005689021e-772eef750e-qkgqsirl_3a6518d3,manifest:final_cycle_only,1.6412,1.4697,27,1,,650.109,deck
a6b9006f0063a661,..\2_LP\LOW_Fr_MASTER_result\local_3GA\runs_sdm_resolution_targeted_t~1_master_005689021e-8718ac0c9f-eho81v4w_be189b4a,manifest:final_cycle_only,1.6615,1.4874,27,1,,650.02,deck
a6b9006f0063a661,..\2_LP\LOW_Fr_MASTER_result\local_3GA\runs_sdm_resolution_targeted_t~1_master_005689021e-9d386fa5d1-z592ua0p_7d8e3424,manifest:final_cycle_only,1.6676,1.4878,27,1,,651.927,deck
9a2b373ce8740a01,..\2_LP\LOW_Fr_MASTER_result\local_3GA\runs_sdm_resolution_targeted_t~1_master_005689021e-b87067c93e-hhou8v3z_f752c3ee,manifest:final_cycle_only,1.6417,1.4694,27,1,,650.31,deck
9a2b373ce8740a01,..\2_LP\LOW_Fr_MASTER_result\local_3GA\runs_sdm_resolution_targeted_t~1_master_005689021e-c37dcd4760-yru34v5a_92a05caa,manifest:final_cycle_only,1.6413,1.4697,27,1,,650.135,deck
9a2b373ce8740a01,..\2_LP\LOW_Fr_MASTER_result\local_3GA\runs_sdm_resolution_targeted_t~1_master_005689021e-e928d7b49d-9tuevvvp_b3bc654b,manifest:final_cycle_only,1.6413,1.4697,27,1,,650.118,deck
9a2b373ce8740a01,..\2_LP\LOW_Fr_MASTER_result\local_3GA\runs_sdm_resolution_targeted_t~1_master_005689021e-f5450912c6-vtf_pmzr_435a11d4,manifest:final_cycle_only,1.625,1.4804,27,1,,643.468,deck
9a2b373ce8740a01,..\2_LP\LOW_Fr_MASTER_result\local_3GA\runs_sdm_resolution_targeted_t~1_master_005689021e-f718385b5f-160yzlwf_f1a11f3f,manifest:final_cycle_only,1.6398,1.4704,27,1,,649.501,deck
a6b9006f0063a661,..\2_LP\LOW_Fr_MASTER_result\local_3GA\runs_sdm_resolution_targeted_t~1_master_005689021e-fc26694117-h8hhgmaz_c3fecf34,manifest:final_cycle_only,1.6615,1.4874,27,1,,650.023,deck
a6b9006f0063a661,..\2_LP\LOW_Fr_MASTER_result\local_3GA\runs_sdm_resolution_targeted_t~1_master_005689021e-fe5620f02e-f3dczcik_e67804d3,manifest:final_cycle_only,2.1773,1.9265,25,1,,571.41,deck
251905142037eea4,..\2_LP\LOW_Fr_MASTER_result\local_3GA\runs_sdm_resolution_targeted_t~4_master_005689021e-108559382c-ipowtwni_088e3142,manifest:final_cycle_only,1.6392,1.4785,27,1,,650.117,deck
251905142037eea4,..\2_LP\LOW_Fr_MASTER_result\local_3GA\runs_sdm_resolution_targeted_t~4_master_005689021e-27ef49cf6c-sm2y7ki2_3a1074cf,manifest:final_cycle_only,2.1737,1.9262,25,1,,571.336,deck
251905142037eea4,..\2_LP\LOW_Fr_MASTER_result\local_3GA\runs_sdm_resolution_targeted_t~4_master_005689021e-44b3d612de-iuxggij1_fa290e5f,manifest:final_cycle_only,1.6393,1.4786,27,1,,649.947,deck
251905142037eea4,..\2_LP\LOW_Fr_MASTER_result\local_3GA\runs_sdm_resolution_targeted_t~4_master_005689021e-5909d552f8-w5cll00f_8323d845,manifest:final_cycle_only,1.6393,1.4786,27,1,,649.93,deck
251905142037eea4,..\2_LP\LOW_Fr_MASTER_result\local_3GA\runs_sdm_resolution_targeted_t~4_master_005689021e-68cc10f018-yybq6qva_2a67b14e,manifest:final_cycle_only,1.6395,1.4789,27,1,,649.33,deck
251905142037eea4,..\2_LP\LOW_Fr_MASTER_result\local_3GA\runs_sdm_resolution_targeted_t~4_master_005689021e-95714f1920-kvz9ib84_4414068f,manifest:final_cycle_only,1.6393,1.4786,27,1,,649.928,deck
251905142037eea4,..\2_LP\LOW_Fr_MASTER_result\local_3GA\runs_sdm_resolution_targeted_t~4_master_005689021e-b6c6adb555-26_xzhu9_2e8c0b77,manifest:final_cycle_only,1.6393,1.4786,27,1,,649.922,deck
251905142037eea4,..\2_LP\LOW_Fr_MASTER_result\local_3GA\runs_sdm_resolution_targeted_t~4_master_005689021e-cfc26629c3-qy1fkuhx_2ec24d71,manifest:final_cycle_only,1.6419,1.4828,27,1,,643.34,deck
251905142037eea4,..\2_LP\LOW_Fr_MASTER_result\local_3GA\runs_sdm_resolution_targeted_t~4_master_005689021e-d99b3171dc-zi4i_p_b_5a9dea40,manifest:final_cycle_only,1.7428,1.5028,28,1,,674.24,deck
251905142037eea4,..\2_LP\LOW_Fr_MASTER_result\local_3GA\runs_sdm_resolution_targeted_t~4_master_005689021e-f4c6388848-148vlmqf_06c6b34a,manifest:final_cycle_only,1.6398,1.4787,27,1,,651.84,deck
a6b9006f0063a661,..\2_LP\LOW_Fr_MASTER_result\local_3GA\runs_sdm_resolution_targeted_t~61_master_005689021e-5bf716765a-odvlhtj_399f7117,manifest:final_cycle_only,1.6615,1.4874,27,1,,649.964,deck
710a6732567e6319,..\2_LP\LOW_Fr_MASTER_result\local_3GA\runs_sdm_resolution_targeted_t~9_master_005689021e-13d013cd88-nt7u_qc6_e4ab6d3c,manifest:final_cycle_only,1.6349,1.4828,27,1,,649.906,deck
710a6732567e6319,..\2_LP\LOW_Fr_MASTER_result\local_3GA\runs_sdm_resolution_targeted_t~9_master_005689021e-263a4e3f11-ukn4oxgh_c754f01e,manifest:final_cycle_only,1.635,1.4829,27,1,,649.844,deck
710a6732567e6319,..\2_LP\LOW_Fr_MASTER_result\local_3GA\runs_sdm_resolution_targeted_t~9_master_005689021e-2be684a3f9-ud8qolul_9b6c581a,manifest:final_cycle_only,1.6349,1.4828,27,1,,649.923,deck
710a6732567e6319,..\2_LP\LOW_Fr_MASTER_result\local_3GA\runs_sdm_resolution_targeted_t~9_master_005689021e-671e5b6a68-fs58zfdi_94e52132,manifest:final_cycle_only,1.6302,1.4789,27,1,,651.846,deck
710a6732567e6319,..\2_LP\LOW_Fr_MASTER_result\local_3GA\runs_sdm_resolution_targeted_t~9_master_005689021e-b6d7d595cd-gm39o3e8_e253d8e3,manifest:final_cycle_only,2.2507,1.9251,25,1,,571.278,deck
710a6732567e6319,..\2_LP\LOW_Fr_MASTER_result\local_3GA\runs_sdm_resolution_targeted_t~9_master_005689021e-d5c6fb93aa-jms16wqn_c3ec9ca8,manifest:final_cycle_only,1.6349,1.4828,27,1,,649.898,deck
710a6732567e6319,..\2_LP\LOW_Fr_MASTER_result\local_3GA\runs_sdm_resolution_targeted_t~9_master_005689021e-d73182b24b-kifwcdh7_1da31440,manifest:final_cycle_only,1.6346,1.4825,27,1,,650.093,deck
710a6732567e6319,..\2_LP\LOW_Fr_MASTER_result\local_3GA\runs_sdm_resolution_targeted_t~9_master_005689021e-e4e9b45c5c-xvj745cs_8ec29738,manifest:final_cycle_only,1.6358,1.4837,27,1,,649.3,deck
710a6732567e6319,..\2_LP\LOW_Fr_MASTER_result\local_3GA\runs_sdm_resolution_targeted_t~9_master_005689021e-ecb3435e4a-81gp_ag2_92e71cde,manifest:final_cycle_only,1.6349,1.4828,27,1,,649.903,deck
710a6732567e6319,..\2_LP\LOW_Fr_MASTER_result\local_3GA\runs_sdm_resolution_targeted_t~9_master_005689021e-fb253706cf-7ero70j9_98f13100,manifest:final_cycle_only,1.6897,1.4708,28,1,,674.284,deck
251905142037eea4,..\2_LP\LOW_Fr_MASTER_result\local_3GA\runs_sdm_resolution_targeted_t~a4_master_005689021e-b2c123f4fd-m9yv712_0030ffdd,manifest:final_cycle_only,1.6393,1.4786,27,1,,649.869,deck
cfd2a425741369cb,..\2_LP\LOW_Fr_MASTER_result\local_3GA\runs_sdm_resolution_targeted_t~b_master_005689021e-0a2b802867-ix701t7e_20a6d3ca,manifest:final_cycle_only,1.6411,1.4817,27,1,,649.925,deck
cfd2a425741369cb,..\2_LP\LOW_Fr_MASTER_result\local_3GA\runs_sdm_resolution_targeted_t~b_master_005689021e-18c30c4647-vyf33h1s_178db017,manifest:final_cycle_only,1.6408,1.4815,27,1,,650.173,deck
cfd2a425741369cb,..\2_LP\LOW_Fr_MASTER_result\local_3GA\runs_sdm_resolution_targeted_t~b_master_005689021e-3344c758b4-_kydoee2_3a45f853,manifest:final_cycle_only,1.6371,1.4781,27,1,,651.921,deck
cfd2a425741369cb,..\2_LP\LOW_Fr_MASTER_result\local_3GA\runs_sdm_resolution_targeted_t~b_master_005689021e-4aedbc7fec-037_m_0d_f344a7f6,manifest:final_cycle_only,1.641,1.4817,27,1,,649.978,deck
cfd2a425741369cb,..\2_LP\LOW_Fr_MASTER_result\local_3GA\runs_sdm_resolution_targeted_t~b_master_005689021e-4ef3075278-ys2h0qzz_d81f2882,manifest:final_cycle_only,1.7878,1.5479,28,1,,674.383,deck
cfd2a425741369cb,..\2_LP\LOW_Fr_MASTER_result\local_3GA\runs_sdm_resolution_targeted_t~b_master_005689021e-5424bca7ad-_a6udn7n_a704aa76,manifest:final_cycle_only,1.641,1.4817,27,1,,649.983,deck
cfd2a425741369cb,..\2_LP\LOW_Fr_MASTER_result\local_3GA\runs_sdm_resolution_targeted_t~b_master_005689021e-7673cb9144-wi062qdq_cfb54c34,manifest:final_cycle_only,1.6417,1.4826,27,1,,649.383,deck
cfd2a425741369cb,..\2_LP\LOW_Fr_MASTER_result\local_3GA\runs_sdm_resolution_targeted_t~b_master_005689021e-8305db6b1f-za1ilws2_f56cbe1b,manifest:final_cycle_only,1.6585,1.4996,27,1,,643.351,deck
cfd2a425741369cb,..\2_LP\LOW_Fr_MASTER_result\local_3GA\runs_sdm_resolution_targeted_t~b_master_005689021e-a9bb77ed8b-3l9i9nhk_67f5aa9a,manifest:final_cycle_only,2.25,1.9255,25,1,,571.332,deck
cfd2a425741369cb,..\2_LP\LOW_Fr_MASTER_result\local_3GA\runs_sdm_resolution_targeted_t~b_master_005689021e-bb6c81cdfa-ciu3ovn4_6c86f1a6,manifest:final_cycle_only,1.641,1.4817,27,1,,650.003,deck
cfd2a425741369cb,..\2_LP\LOW_Fr_MASTER_result\local_3GA\runs_sdm_resolution_targeted_t~b_master_005689021e-c5bde337a1-v_9wsofm_cf708557,manifest:final_cycle_only,1.641,1.4817,27,1,,649.986,deck
2a1096dd1956223c,..\2_LP\LOW_Fr_MASTER_result\local_3GA\runs_sdm_resolution_targeted_t~c_master_005689021e-02d99a89f8-c_b31qpq_293df34b,manifest:final_cycle_only,2.1736,1.9222,25,1,,571.337,deck
2a1096dd1956223c,..\2_LP\LOW_Fr_MASTER_result\local_3GA\runs_sdm_resolution_targeted_t~c_master_005689021e-03bc93f79d-a0op93rq_274f2633,manifest:final_cycle_only,1.6224,1.473,27,1,,650.215,deck
2a1096dd1956223c,..\2_LP\LOW_Fr_MASTER_result\local_3GA\runs_sdm_resolution_targeted_t~c_master_005689021e-2dbed74d80-aadec5dz_f6beddea,manifest:final_cycle_only,1.6223,1.4737,27,1,,649.414,deck
2a1096dd1956223c,..\2_LP\LOW_Fr_MASTER_result\local_3GA\runs_sdm_resolution_targeted_t~c_master_005689021e-4a52acfc1a-1gsme_pb_bbbdca4d,manifest:final_cycle_only,1.6219,1.4731,27,1,,650.019,deck
2a1096dd1956223c,..\2_LP\LOW_Fr_MASTER_result\local_3GA\runs_sdm_resolution_targeted_t~c_master_005689021e-5a69540155-cg8wnlb1_661504a4,manifest:final_cycle_only,1.622,1.4731,27,1,,650.045,deck
2a1096dd1956223c,..\2_LP\LOW_Fr_MASTER_result\local_3GA\runs_sdm_resolution_targeted_t~c_master_005689021e-8330277fd0-ijtec4l6_87125564,manifest:final_cycle_only,1.6271,1.4853,27,1,,643.37,deck
2a1096dd1956223c,..\2_LP\LOW_Fr_MASTER_result\local_3GA\runs_sdm_resolution_targeted_t~c_master_005689021e-9f5cab9ec0-073prrly_6dca5d6c,manifest:final_cycle_only,1.6219,1.4731,27,1,,650.028,deck
2a1096dd1956223c,..\2_LP\LOW_Fr_MASTER_result\local_3GA\runs_sdm_resolution_targeted_t~c_master_005689021e-a01076be52-_18dutig_0c13e512,manifest:final_cycle_only,1.6218,1.4731,27,1,,649.967,deck
2a1096dd1956223c,..\2_LP\LOW_Fr_MASTER_result\local_3GA\runs_sdm_resolution_targeted_t~c_master_005689021e-bb76a8bbf9-84zz8bxj_db6500ee,manifest:final_cycle_only,1.6219,1.4731,27,1,,650.025,deck
2a1096dd1956223c,..\2_LP\LOW_Fr_MASTER_result\local_3GA\runs_sdm_resolution_targeted_t~c_master_005689021e-d30bb8cc4b-vy1mfnou_f2619fc7,manifest:final_cycle_only,1.6284,1.4705,27,1,,651.97,deck
2a1096dd1956223c,..\2_LP\LOW_Fr_MASTER_result\local_3GA\runs_sdm_resolution_targeted_t~c_master_005689021e-de2e748cf8-catpellf_9ba9eecc,manifest:final_cycle_only,1.7868,1.5432,28,1,,674.417,deck
49758967342e052d,..\2_LP\LOW_Fr_MASTER_result\local_3GA\runs_sdm_resolution_targeted_t~d_master_005689021e-324b3282a4-mxnd7ni7_770ffb64,manifest:final_cycle_only,1.6389,1.4784,27,1,,651.705,deck
49758967342e052d,..\2_LP\LOW_Fr_MASTER_result\local_3GA\runs_sdm_resolution_targeted_t~d_master_005689021e-4d1f218e8c-r7cftsfl_8a5f9a4f,manifest:final_cycle_only,1.6384,1.4789,27,1,,649.743,deck
49758967342e052d,..\2_LP\LOW_Fr_MASTER_result\local_3GA\runs_sdm_resolution_targeted_t~d_master_005689021e-584ca07bbf-v0y_szfd_8dd15d7b,manifest:final_cycle_only,1.6384,1.4787,27,1,,649.986,deck
49758967342e052d,..\2_LP\LOW_Fr_MASTER_result\local_3GA\runs_sdm_resolution_targeted_t~d_master_005689021e-6dbe909bdf-7q2k9lcl_6c0a1047,manifest:final_cycle_only,1.6384,1.4789,27,1,,649.82,deck
49758967342e052d,..\2_LP\LOW_Fr_MASTER_result\local_3GA\runs_sdm_resolution_targeted_t~d_master_005689021e-8485a6a75d-79xstq2k_9990725c,manifest:final_cycle_only,1.6498,1.4965,27,1,,643.225,deck
49758967342e052d,..\2_LP\LOW_Fr_MASTER_result\local_3GA\runs_sdm_resolution_targeted_t~d_master_005689021e-96b819c704-oirnyfjw_8ac06e37,manifest:final_cycle_only,1.7429,1.5088,28,1,,674.157,deck
49758967342e052d,..\2_LP\LOW_Fr_MASTER_result\local_3GA\runs_sdm_resolution_targeted_t~d_master_005689021e-a142f150b0-f4o05e5j_8146c52c,manifest:final_cycle_only,1.6384,1.4789,27,1,,649.8,deck
49758967342e052d,..\2_LP\LOW_Fr_MASTER_result\local_3GA\runs_sdm_resolution_targeted_t~d_master_005689021e-a31bfae33b-8uk4p2sy_f86886fc,manifest:final_cycle_only,2.2423,1.9349,25,1,,571.157,deck
49758967342e052d,..\2_LP\LOW_Fr_MASTER_result\local_3GA\runs_sdm_resolution_targeted_t~d_master_005689021e-a334b0c567-6n45bw4m_9c655a92,manifest:final_cycle_only,1.6384,1.4789,27,1,,649.795,deck
49758967342e052d,..\2_LP\LOW_Fr_MASTER_result\local_3GA\runs_sdm_resolution_targeted_t~d_master_005689021e-ecb6226d68-kzntk03y_655d4568,manifest:final_cycle_only,1.6384,1.4789,27,1,,649.803,deck
49758967342e052d,..\2_LP\LOW_Fr_MASTER_result\local_3GA\runs_sdm_resolution_targeted_t~d_master_005689021e-fbf75f2b61-3b04rlw2_5cd2d65e,manifest:final_cycle_only,1.6386,1.4795,27,1,,649.211,deck
,..\2_LP\LOW_Fr_MASTER_result\local_3GA\runs_sdm_resolution_top_two_a_~-boc_hzp_full-251905142037eea4-l6f6sl8k_2db28335,no_digest,,,0,0,,,
,..\2_LP\LOW_Fr_MASTER_result\local_3GA\runs_sdm_resolution_top_two_a_~-boc_hzp_full-2a1096dd1956223c-9p3f8ihy_4948efdc,no_digest,,,0,0,,,
,..\2_LP\LOW_Fr_MASTER_result\local_3GA\runs_sdm_resolution_top_two_a_~-boc_hzp_full-49758967342e052d-wlyudyoq_d6db7da7,no_digest,,,0,0,,,
,..\2_LP\LOW_Fr_MASTER_result\local_3GA\runs_sdm_resolution_top_two_a_~-boc_hzp_full-710a6732567e6319-57qhlfzi_625c2c00,no_digest,,,0,0,,,
,..\2_LP\LOW_Fr_MASTER_result\local_3GA\runs_sdm_resolution_top_two_a_~-eoc_hzp_full-251905142037eea4-f82gll65_d23a9fa0,no_digest,,,0,0,,,
,..\2_LP\LOW_Fr_MASTER_result\local_3GA\runs_sdm_resolution_top_two_a_~-eoc_hzp_full-2a1096dd1956223c-49aux7y0_8cce93b2,no_digest,,,0,0,,,
,..\2_LP\LOW_Fr_MASTER_result\local_3GA\runs_sdm_resolution_top_two_a_~-eoc_hzp_full-49758967342e052d-ixugmzen_d87d8971,no_digest,,,0,0,,,
,..\2_LP\LOW_Fr_MASTER_result\local_3GA\runs_sdm_resolution_top_two_a_~-eoc_hzp_full-710a6732567e6319-pax7g7lw_27ad3588,no_digest,,,0,0,,,
,..\2_LP\LOW_Fr_MASTER_result\local_3GA\runs_sdm_resolution_top_two_a_~2e052d_equilibrium_boc_sdm_requirements_d7d9990a,no_digest,,,0,0,,,
,..\2_LP\LOW_Fr_MASTER_result\local_3GA\runs_sdm_resolution_top_two_a_~2e052d_equilibrium_eoc_sdm_requirements_58375d94,no_digest,,,0,0,,,
,..\2_LP\LOW_Fr_MASTER_result\local_3GA\runs_sdm_resolution_top_two_a_~37eea4_equilibrium_boc_sdm_requirements_dca2100c,no_digest,,,0,0,,,
,..\2_LP\LOW_Fr_MASTER_result\local_3GA\runs_sdm_resolution_top_two_a_~37eea4_equilibrium_eoc_sdm_requirements_c395dd83,no_digest,,,0,0,,,
,..\2_LP\LOW_Fr_MASTER_result\local_3GA\runs_sdm_resolution_top_two_a_~56223c_equilibrium_boc_sdm_requirements_7d69e9f9,no_digest,,,0,0,,,
,..\2_LP\LOW_Fr_MASTER_result\local_3GA\runs_sdm_resolution_top_two_a_~56223c_equilibrium_eoc_sdm_requirements_18314bcf,no_digest,,,0,0,,,
,..\2_LP\LOW_Fr_MASTER_result\local_3GA\runs_sdm_resolution_top_two_a_~7e6319_equilibrium_boc_sdm_requirements_8f747d57,no_digest,,,0,0,,,
,..\2_LP\LOW_Fr_MASTER_result\local_3GA\runs_sdm_resolution_top_two_a_~7e6319_equilibrium_eoc_sdm_requirements_3fa1fd87,no_digest,,,0,0,,,
,..\2_LP\LOW_Fr_MASTER_result\local_3GA\runs_sdm_resolution_top_two_a_~l_sdm_work_251905142037eea4_equilibrium_9332505d\full_cy10,superseded,,,0,0,,,
,..\2_LP\LOW_Fr_MASTER_result\local_3GA\runs_sdm_resolution_top_two_a_~l_sdm_work_251905142037eea4_equilibrium_9332505d\full_cy11,superseded,,,0,0,,,
,..\2_LP\LOW_Fr_MASTER_result\local_3GA\runs_sdm_resolution_top_two_a_~l_sdm_work_251905142037eea4_equilibrium_9332505d\full_cy12,chain:cy12/3,1.6393,1.4877,27,1,,649.424,
,..\2_LP\LOW_Fr_MASTER_result\local_3GA\runs_sdm_resolution_top_two_a_~l_sdm_work_2a1096dd1956223c_equilibrium_0595fc32\full_cy10,superseded,,,0,0,,,
,..\2_LP\LOW_Fr_MASTER_result\local_3GA\runs_sdm_resolution_top_two_a_~l_sdm_work_2a1096dd1956223c_equilibrium_0595fc32\full_cy11,superseded,,,0,0,,,
,..\2_LP\LOW_Fr_MASTER_result\local_3GA\runs_sdm_resolution_top_two_a_~l_sdm_work_2a1096dd1956223c_equilibrium_0595fc32\full_cy12,chain:cy12/3,1.6422,1.495,27,1,,649.488,
,..\2_LP\LOW_Fr_MASTER_result\local_3GA\runs_sdm_resolution_top_two_a_~l_sdm_work_49758967342e052d_equilibrium_e69ec6da\full_cy10,superseded,,,0,0,,,
,..\2_LP\LOW_Fr_MASTER_result\local_3GA\runs_sdm_resolution_top_two_a_~l_sdm_work_49758967342e052d_equilibrium_e69ec6da\full_cy11,superseded,,,0,0,,,
,..\2_LP\LOW_Fr_MASTER_result\local_3GA\runs_sdm_resolution_top_two_a_~l_sdm_work_49758967342e052d_equilibrium_e69ec6da\full_cy12,chain:cy12/3,1.6487,1.4958,27,1,,649.311,
,..\2_LP\LOW_Fr_MASTER_result\local_3GA\runs_sdm_resolution_top_two_a_~l_sdm_work_710a6732567e6319_equilibrium_e5c8b1e2\full_cy10,superseded,,,0,0,,,
,..\2_LP\LOW_Fr_MASTER_result\local_3GA\runs_sdm_resolution_top_two_a_~l_sdm_work_710a6732567e6319_equilibrium_e5c8b1e2\full_cy11,superseded,,,0,0,,,
,..\2_LP\LOW_Fr_MASTER_result\local_3GA\runs_sdm_resolution_top_two_a_~l_sdm_work_710a6732567e6319_equilibrium_e5c8b1e2\full_cy12,chain:cy12/3,1.6521,1.5008,27,1,,649.387,
97e047193fc7a1e1,..\2_LP\LOW_Fr_MASTER_result\local_3GA\runs_smoke_multiobjective_2026~ety_cpu_0_mtc-97e047193fc7a1e1-o19dhl9m_7451aa4c,manifest:final_cycle_only,1.5754,1.3716,2,1,,668.717,deck
97e047193fc7a1e1,..\2_LP\LOW_Fr_MASTER_result\local_3GA\runs_smoke_multiobjective_2026~idence_evaluations_001_97e047193fc7a1e1_ac50a82d,manifest:final_cycle_only,1.6251,1.4815,28,1,,668.717,deck
97e047193fc7a1e1,..\2_LP\LOW_Fr_MASTER_result\local_3GA\runs_smoke_multiobjective_2026~rker_00_cpu_0_eval_001_97e047193fc7a1e1_f5d58836,manifest:final_cycle_only,1.6251,1.4815,28,1,,668.717,deck
,..\2_LP\LOW_Fr_MASTER_result\local_3GA\sdm_mtc_sample_full_seed_cy01_947f0093,no_digest,,,0,0,,,
,..\2_LP\LOW_Fr_MASTER_result\local_3GA\sdm_mtc_sample_s288_013_full_eq_16e29bcf\cy02,superseded,,,0,0,,,
,..\2_LP\LOW_Fr_MASTER_result\local_3GA\sdm_mtc_sample_s288_013_full_eq_16e29bcf\cy03,superseded,,,0,0,,,
,..\2_LP\LOW_Fr_MASTER_result\local_3GA\sdm_mtc_sample_s288_013_full_eq_16e29bcf\cy04,chain:cy04/3,1.7344,1.5434,27,1,,673.55,
,..\2_LP\LOW_Fr_MASTER_result\local_3GA\sdm_mtc_sample_s288_013_mtc_boc_hzp_quarter_9d6812e5,no_digest,,,0,0,,,
87d1f3fcb06535c7,..\2_LP\LOW_Fr_MASTER_result\local_3GA\sdm_mtc_sample_s288_013_quarter_eq_cy_eq_0875ed59,manifest:final_cycle_only,1.6995,1.4952,27,1,,684.557,deck
,..\2_LP\LOW_Fr_MASTER_result\local_3GA\sdm_mtc_sample_s288_013_sdm_boc_hzp_19868eb9,no_digest,,,0,0,,,
,..\2_LP\LOW_Fr_MASTER_result\local_3GA\tmp_safety_parallel_check_d97a8af2b9f789b7_equilibrium_d541ef70\full_cy11,superseded,,,0,0,,,
,..\2_LP\LOW_Fr_MASTER_result\local_3GA\tmp_safety_parallel_check_d97a8af2b9f789b7_equilibrium_d541ef70\full_cy12,superseded,,,0,0,,,
,..\2_LP\LOW_Fr_MASTER_result\local_3GA\tmp_safety_parallel_check_d97a8af2b9f789b7_equilibrium_d541ef70\full_cy13,chain:cy13/4,1.6092,1.4627,27,1,,658.613,
d97a8af2b9f789b7,..\2_LP\LOW_Fr_MASTER_result\local_3GA\tmp_safety_parallel_check_d97a8af2b9f789b7_equilibrium_d541ef70\quarter_cy99,superseded,,,0,0,,,deck
,..\2_LP\LOW_Fr_MASTER_result\local_3GA\tmp_safety_parallel_check_d97a~-boc_hzp_full-d97a8af2b9f789b7-qn4gdxa9_3d3b4a1a,no_digest,,,0,0,,,
,..\2_LP\LOW_Fr_MASTER_result\local_3GA\tmp_safety_parallel_check_d97a~-eoc_hzp_full-d97a8af2b9f789b7-_gm0udu9_f6dbf272,no_digest,,,0,0,,,
,..\2_LP\LOW_Fr_MASTER_result\local_3GA\tmp_safety_parallel_check_d97a~c_hzp_quarter-d97a8af2b9f789b7-eb_14o5l_b49b8259,no_digest,,,0,0,,,
,..\2_LP\LOW_Fr_MASTER_result\local_3GA\tmp_safety_parallel_check_d97a~f789b7_equilibrium_boc_sdm_requirements_c2c78642,no_digest,,,0,0,,,
,..\2_LP\LOW_Fr_MASTER_result\local_3GA\tmp_safety_parallel_check_d97a~f789b7_equilibrium_eoc_sdm_requirements_9ec44c45,no_digest,,,0,0,,,
