digest16,work_dir,cycle_evidence,f_xy,f_xya,n_steps,sane,reason,efpd_max
5718d8551957fb9f,C:\Users\USER\lpopt_work\kit_frontier\runs\batchswap_enum_625_T6T4\master_work\worker_00\5718d8551957fb9f__MAS_RST.APRQ_10_0615.1-62227a4a39-gb38hzef,final,1.6782,1.5141,25,1,,625.761
8dde081a89c577b3,C:\Users\USER\lpopt_work\kit_frontier\runs\batchswap_enum_625_T6T4\master_work\worker_00\8dde081a89c577b3__MAS_RST.APRQ_10_0615.1-fd9de40421-6u5sroy2,final,1.7112,1.5637,25,1,,623.427
d14d1ec79b9a99bd,C:\Users\USER\lpopt_work\kit_frontier\runs\batchswap_enum_625_T6T4\master_work\worker_00\d14d1ec79b9a99bd__MAS_RST.APRQ_10_0615.1-bcd8277f6d-fc0qq4m7,final,1.8386,1.6053,25,1,,623.869
96e2ef820fa2a8e0,C:\Users\USER\lpopt_work\kit_frontier\runs\batchswap_enum_625_T6T4\master_work\worker_01\96e2ef820fa2a8e0__MAS_RST.APRQ_10_0615.1-a243423c11-w9t5xx81,final,1.6721,1.5222,25,1,,625.49
efe70f4e70f2b7d6,C:\Users\USER\lpopt_work\kit_frontier\runs\batchswap_enum_625_T6T4\master_work\worker_01\efe70f4e70f2b7d6__MAS_RST.APRQ_10_0615.1-24b868cce9-1n_usiu2,final,1.6908,1.49,25,1,,624.085
fb940b86e746bb11,C:\Users\USER\lpopt_work\kit_frontier\runs\batchswap_enum_625_T6T4\master_work\worker_01\fb940b86e746bb11__MAS_RST.APRQ_10_0615.1-41b4a7c601-asnl7yrq,final,2.0249,1.8122,25,1,,623.926
2c6d5ed53c5a1fc9,C:\Users\USER\lpopt_work\kit_frontier\runs\batchswap_enum_625_T6T4\master_work\worker_02\2c6d5ed53c5a1fc9__MAS_RST.APRQ_10_0615.1-3dfe98895a-cz6wxc20,final,1.7526,1.5987,25,1,,624.121
aabbae647a7bb5e5,C:\Users\USER\lpopt_work\kit_frontier\runs\batchswap_enum_625_T6T4\master_work\worker_02\aabbae647a7bb5e5__MAS_RST.APRQ_10_0615.1-0bb456deb8-s6iekt2z,final,1.6937,1.5453,25,1,,625.527
1a7c8eee8c7f65e7,C:\Users\USER\lpopt_work\kit_frontier\runs\batchswap_enum_625_T6T4\master_work\worker_03\1a7c8eee8c7f65e7__MAS_RST.APRQ_10_0615.1-529d03e582-tlvdbmon,final,1.7272,1.5054,25,1,,623.71
920a84d5f6ce37db,C:\Users\USER\lpopt_work\kit_frontier\runs\batchswap_enum_625_T6T4\master_work\worker_03\920a84d5f6ce37db__MAS_RST.APRQ_10_0615.1-3493797595-3ukormc8,final,1.7057,1.5554,25,1,,623.739
0d49a2d99c231af2,C:\Users\USER\lpopt_work\kit_frontier\runs\batchswap_enum_625_T6T4\master_work\worker_04\0d49a2d99c231af2__MAS_RST.APRQ_10_0615.1-bbd135405b-l6qdwuv2,final,1.7713,1.5457,25,1,,623.791
6454532bfdc6d82d,C:\Users\USER\lpopt_work\kit_frontier\runs\batchswap_enum_625_T6T4\master_work\worker_04\6454532bfdc6d82d__MAS_RST.APRQ_10_0615.1-e03c59b47d-gut0dzxn,final,1.7354,1.5635,25,1,,623.272
e225983501193951,C:\Users\USER\lpopt_work\kit_frontier\runs\batchswap_enum_625_T6T4\master_work\worker_05\e225983501193951__MAS_RST.APRQ_10_0615.1-9eb44c0f30-tl0uhhe_,final,1.6328,1.4468,25,1,,623.9
e2cccef0715afb33,C:\Users\USER\lpopt_work\kit_frontier\runs\batchswap_enum_625_T6T4\master_work\worker_05\e2cccef0715afb33__MAS_RST.APRQ_10_0615.1-b983ebfb25-mhndnv10,final,1.7462,1.5807,25,1,,623.957
26d3794278cacf4b,C:\Users\USER\lpopt_work\kit_frontier\runs\batchswap_enum_625_T6T4\master_work\worker_06\26d3794278cacf4b__MAS_RST.APRQ_10_0615.1-2252716364-5lodvzt_,final,1.5912,1.4453,25,1,,623.723
c7a45c20a1cb9812,C:\Users\USER\lpopt_work\kit_frontier\runs\batchswap_enum_625_T6T4\master_work\worker_06\c7a45c20a1cb9812__MAS_RST.APRQ_10_0615.1-07ca75badb-1rfzo0ms,final,1.7686,1.544,25,1,,623.899
47c9e73dc1599af8,C:\Users\USER\lpopt_work\kit_frontier\runs\batchswap_enum_625_T6T4\master_work\worker_07\47c9e73dc1599af8__MAS_RST.APRQ_10_0615.1-4340e665b6-dph0yz40,final,1.5693,1.427,25,1,,623.373
6e1e201693818403,C:\Users\USER\lpopt_work\kit_frontier\runs\batchswap_enum_625_T6T4\master_work\worker_07\6e1e201693818403__MAS_RST.APRQ_10_0615.1-b6eb6a5cff-0bo04fqf,final,1.6858,1.5306,25,1,,623.668
186dac4c1c3ec14d,C:\Users\USER\lpopt_work\kit_frontier\runs\fpcamp_minfr_E1E2_f109\master\master_work\worker_00\186dac4c1c3ec14d__MAS_RST.APRQ_11_0615.8-c0a6c281cb-t7aw2l9d,final,1.6333,1.4586,25,1,,594.113
36f84aec610093f1,C:\Users\USER\lpopt_work\kit_frontier\runs\fpcamp_minfr_E1E2_f109\master\master_work\worker_00\36f84aec610093f1__MAS_RST.APRQ_11_0615.8-fad55a2c5d-h38ligjk,final,1.6428,1.4735,25,1,,593.167
3ab8e1715d93422c,C:\Users\USER\lpopt_work\kit_frontier\runs\fpcamp_minfr_E1E2_f109\master\master_work\worker_00\3ab8e1715d93422c__MAS_RST.APRQ_11_0615.8-b29c78668f-7dpo_dr5,final,1.6566,1.4566,25,1,,589.818
4d9acaaa2af67940,C:\Users\USER\lpopt_work\kit_frontier\runs\fpcamp_minfr_E1E2_f109\master\master_work\worker_00\4d9acaaa2af67940__MAS_RST.APRQ_11_0615.8-4476e47e6a-q63hwt2v,final,1.6447,1.4748,25,1,,593.225
4de50da25a1a061f,C:\Users\USER\lpopt_work\kit_frontier\runs\fpcamp_minfr_E1E2_f109\master\master_work\worker_00\4de50da25a1a061f__MAS_RST.APRQ_11_0615.8-c24bff42fa-9zkrge31,final,1.6183,1.4609,25,1,,593.755
78a96d38bf01630c,C:\Users\USER\lpopt_work\kit_frontier\runs\fpcamp_minfr_E1E2_f109\master\master_work\worker_00\78a96d38bf01630c__MAS_RST.APRQ_11_0615.8-6c1e945bb5-ih2fcon6,final,1.6568,1.4874,25,1,,593.444
89738d940a0e3e2a,C:\Users\USER\lpopt_work\kit_frontier\runs\fpcamp_minfr_E1E2_f109\master\master_work\worker_00\89738d940a0e3e2a__MAS_RST.APRQ_11_0615.8-3192488274-g_0kq3ps,final,1.6238,1.4678,25,1,,593.771
a3c67c091577dd18,C:\Users\USER\lpopt_work\kit_frontier\runs\fpcamp_minfr_E1E2_f109\master\master_work\worker_00\a3c67c091577dd18__MAS_RST.APRQ_11_0615.8-b9b75d7f30-53yoesc1,final,1.6656,1.4939,25,1,,592.846
ad3086b9e60dbd1f,C:\Users\USER\lpopt_work\kit_frontier\runs\fpcamp_minfr_E1E2_f109\master\master_work\worker_00\ad3086b9e60dbd1f__MAS_RST.APRQ_11_0615.8-73017354c5-m136duga,final,1.6519,1.483,25,1,,593.334
c9133434ceb3d75a,C:\Users\USER\lpopt_work\kit_frontier\runs\fpcamp_minfr_E1E2_f109\master\master_work\worker_00\c9133434ceb3d75a__MAS_RST.APRQ_11_0615.8-905a039a84-z5f5vz9g,final,1.6362,1.4671,25,1,,593.439
dda66ae81a885228,C:\Users\USER\lpopt_work\kit_frontier\runs\fpcamp_minfr_E1E2_f109\master\master_work\worker_00\dda66ae81a885228__MAS_RST.APRQ_11_0615.8-220d65604a-cqrlyv0l,final,1.6537,1.4847,25,1,,593.511
f482529fc7cb7667,C:\Users\USER\lpopt_work\kit_frontier\runs\fpcamp_minfr_E1E2_f109\master\master_work\worker_00\f482529fc7cb7667__MAS_RST.APRQ_11_0615.8-1360063716-_56ssfqn,final,1.642,1.4728,25,1,,593.045
f8b63fe5d26d78e7,C:\Users\USER\lpopt_work\kit_frontier\runs\fpcamp_minfr_E1E2_f109\master\master_work\worker_00\f8b63fe5d26d78e7__MAS_RST.APRQ_11_0615.8-143d47840b-qxxicdg_,final,1.651,1.4823,25,1,,593.572
13da1f90683c1456,C:\Users\USER\lpopt_work\kit_frontier\runs\fpcamp_minfr_E1E2_f109\master\master_work\worker_01\13da1f90683c1456__MAS_RST.APRQ_11_0615.8-666fcb81fe-6dobc2ka,final,1.6418,1.4724,25,1,,594.672
2076d4552305ae5d,C:\Users\USER\lpopt_work\kit_frontier\runs\fpcamp_minfr_E1E2_f109\master\master_work\worker_01\2076d4552305ae5d__MAS_RST.APRQ_11_0615.8-c8fb3bb24a-tv7_97ev,final,1.6227,1.4643,25,1,,593.694
2229a1d8154bdcb4,C:\Users\USER\lpopt_work\kit_frontier\runs\fpcamp_minfr_E1E2_f109\master\master_work\worker_01\2229a1d8154bdcb4__MAS_RST.APRQ_11_0615.8-e597ec1726-06qd2omq,final,1.6275,1.4711,25,1,,594.078
2bb491d0f41a1094,C:\Users\USER\lpopt_work\kit_frontier\runs\fpcamp_minfr_E1E2_f109\master\master_work\worker_01\2bb491d0f41a1094__MAS_RST.APRQ_11_0615.8-9f24a9203a-fqyoqnzv,final,1.6404,1.4708,25,1,,593.708
4794dcdca34a94aa,C:\Users\USER\lpopt_work\kit_frontier\runs\fpcamp_minfr_E1E2_f109\master\master_work\worker_01\4794dcdca34a94aa__MAS_RST.APRQ_11_0615.8-7fc0ce357a-47t35zmg,final,1.6517,1.4824,25,1,,593.379
539a347b8f46ab53,C:\Users\USER\lpopt_work\kit_frontier\runs\fpcamp_minfr_E1E2_f109\master\master_work\worker_01\539a347b8f46ab53__MAS_RST.APRQ_11_0615.8-d456bc6b37-weq840io,final,1.6313,1.4658,25,1,,593.83
546c7816d0ee75ba,C:\Users\USER\lpopt_work\kit_frontier\runs\fpcamp_minfr_E1E2_f109\master\master_work\worker_01\546c7816d0ee75ba__MAS_RST.APRQ_11_0615.8-1dbc3ee0dd-wpq299zr,final,1.6381,1.4694,25,1,,593.349
604dbb3612a83be1,C:\Users\USER\lpopt_work\kit_frontier\runs\fpcamp_minfr_E1E2_f109\master\master_work\worker_01\604dbb3612a83be1__MAS_RST.APRQ_11_0615.8-d99dabb7db-m34tsd59,final,1.6639,1.4934,25,1,,593.003
82d29fc294d01c70,C:\Users\USER\lpopt_work\kit_frontier\runs\fpcamp_minfr_E1E2_f109\master\master_work\worker_01\82d29fc294d01c70__MAS_RST.APRQ_11_0615.8-ca36d8f57d-pt_zhnc1,final,1.6911,1.4827,25,1,,594.498
86894d8775debe4c,C:\Users\USER\lpopt_work\kit_frontier\runs\fpcamp_minfr_E1E2_f109\master\master_work\worker_01\86894d8775debe4c__MAS_RST.APRQ_11_0615.8-99c0e621e6-e5_nbz9m,final,1.6301,1.4736,25,1,,593.783
9b0244b5d093b462,C:\Users\USER\lpopt_work\kit_frontier\runs\fpcamp_minfr_E1E2_f109\master\master_work\worker_01\9b0244b5d093b462__MAS_RST.APRQ_11_0615.8-5c3f6fea4a-smfol92u,final,1.6752,1.5017,25,1,,591.225
ecea851ff4a15cb4,C:\Users\USER\lpopt_work\kit_frontier\runs\fpcamp_minfr_E1E2_f109\master\master_work\worker_01\ecea851ff4a15cb4__MAS_RST.APRQ_11_0615.8-0f1a8dc29f-afni3uoy,final,1.6549,1.4855,25,1,,593.548
eda3d5acf38e03ca,C:\Users\USER\lpopt_work\kit_frontier\runs\fpcamp_minfr_E1E2_f109\master\master_work\worker_01\eda3d5acf38e03ca__MAS_RST.APRQ_11_0615.8-840bec41f6-cihhjto9,final,1.6635,1.493,25,1,,593.107
00f05c674afb62a3,C:\Users\USER\lpopt_work\kit_frontier\runs\fpcamp_minfr_E1E2_f109\master\master_work\worker_02\00f05c674afb62a3__MAS_RST.APRQ_11_0615.8-3947204738-qgo89xkv,final,1.651,1.4822,25,1,,593.547
17906b2d05ccc71e,C:\Users\USER\lpopt_work\kit_frontier\runs\fpcamp_minfr_E1E2_f109\master\master_work\worker_02\17906b2d05ccc71e__MAS_RST.APRQ_11_0615.8-5b621d0b27-2i5atbhi,final,1.6412,1.4718,25,1,,593.863
1ce9592bba92042b,C:\Users\USER\lpopt_work\kit_frontier\runs\fpcamp_minfr_E1E2_f109\master\master_work\worker_02\1ce9592bba92042b__MAS_RST.APRQ_11_0615.8-4ccea90925-p7o7yj2v,final,1.6602,1.4896,25,1,,592.667
364396113406618e,C:\Users\USER\lpopt_work\kit_frontier\runs\fpcamp_minfr_E1E2_f109\master\master_work\worker_02\364396113406618e__MAS_RST.APRQ_11_0615.8-31ccd6dd73-bxqb0_g7,final,1.5984,1.4344,25,1,,594.068
44a24fc234aaac3c,C:\Users\USER\lpopt_work\kit_frontier\runs\fpcamp_minfr_E1E2_f109\master\master_work\worker_02\44a24fc234aaac3c__MAS_RST.APRQ_11_0615.8-78e8d12a45-q5v4q4ja,final,1.6579,1.4882,25,1,,593.605
72269682ae657149,C:\Users\USER\lpopt_work\kit_frontier\runs\fpcamp_minfr_E1E2_f109\master\master_work\worker_02\72269682ae657149__MAS_RST.APRQ_11_0615.8-ada5cfdc78-z702zi2i,final,1.6226,1.4667,25,1,,593.687
7a22100a928b95dd,C:\Users\USER\lpopt_work\kit_frontier\runs\fpcamp_minfr_E1E2_f109\master\master_work\worker_02\7a22100a928b95dd__MAS_RST.APRQ_11_0615.8-e6b050b2c0-zj5w_gzv,final,1.6516,1.4829,25,1,,593.517
937c7d0a709fa997,C:\Users\USER\lpopt_work\kit_frontier\runs\fpcamp_minfr_E1E2_f109\master\master_work\worker_02\937c7d0a709fa997__MAS_RST.APRQ_11_0615.8-70c75ffb83-mjzz5pqy,final,1.6457,1.4758,25,1,,593.227
b628ea2e0d708957,C:\Users\USER\lpopt_work\kit_frontier\runs\fpcamp_minfr_E1E2_f109\master\master_work\worker_02\b628ea2e0d708957__MAS_RST.APRQ_11_0615.8-dfddbfaacd-38sxtivn,final,1.6363,1.4788,25,1,,593.684
b84d2a7dc00bd8bf,C:\Users\USER\lpopt_work\kit_frontier\runs\fpcamp_minfr_E1E2_f109\master\master_work\worker_02\b84d2a7dc00bd8bf__MAS_RST.APRQ_11_0615.8-a54bba3e2a-yoteh258,final,1.6117,1.4369,25,1,,593.148
bcc58e0678d90fc6,C:\Users\USER\lpopt_work\kit_frontier\runs\fpcamp_minfr_E1E2_f109\master\master_work\worker_02\bcc58e0678d90fc6__MAS_RST.APRQ_11_0615.8-38970ba207-y_odh44i,final,1.6472,1.4574,25,1,,590.523
c93a8dca84e61781,C:\Users\USER\lpopt_work\kit_frontier\runs\fpcamp_minfr_E1E2_f109\master\master_work\worker_02\c93a8dca84e61781__MAS_RST.APRQ_11_0615.8-cfcf651c24-cp4i6xaq,final,1.6339,1.4678,25,1,,593.134
f0240fa21e2941bc,C:\Users\USER\lpopt_work\kit_frontier\runs\fpcamp_minfr_E1E2_f109\master\master_work\worker_02\f0240fa21e2941bc__MAS_RST.APRQ_11_0615.8-914a71060e-bjuue8ig,final,1.6682,1.4681,25,1,,590.287
026e15e9fc867ef4,C:\Users\USER\lpopt_work\kit_frontier\runs\fpcamp_minfr_E1E2_f109\master\master_work\worker_03\026e15e9fc867ef4__MAS_RST.APRQ_11_0615.8-da9181a329-yw9lfan_,final,1.6544,1.4853,25,1,,593.524
114ece05db622866,C:\Users\USER\lpopt_work\kit_frontier\runs\fpcamp_minfr_E1E2_f109\master\master_work\worker_03\114ece05db622866__MAS_RST.APRQ_11_0615.8-0dd3128a01-qyi37tks,final,1.6536,1.4844,25,1,,593.739
482f393a7ed45e86,C:\Users\USER\lpopt_work\kit_frontier\runs\fpcamp_minfr_E1E2_f109\master\master_work\worker_03\482f393a7ed45e86__MAS_RST.APRQ_11_0615.8-3792220d54-ac12iuqv,final,1.6519,1.483,25,1,,593.622
488958b6ad7dd70e,C:\Users\USER\lpopt_work\kit_frontier\runs\fpcamp_minfr_E1E2_f109\master\master_work\worker_03\488958b6ad7dd70e__MAS_RST.APRQ_11_0615.8-4b05119e0a-eh5374qs,final,1.6379,1.4689,25,1,,593.355
5f4b30e00225740b,C:\Users\USER\lpopt_work\kit_frontier\runs\fpcamp_minfr_E1E2_f109\master\master_work\worker_03\5f4b30e00225740b__MAS_RST.APRQ_11_0615.8-af63e8900b-dw2e9y51,final,1.6056,1.4187,25,1,,587.067
60549b867c7429a6,C:\Users\USER\lpopt_work\kit_frontier\runs\fpcamp_minfr_E1E2_f109\master\master_work\worker_03\60549b867c7429a6__MAS_RST.APRQ_11_0615.8-4e1c844132-hpo2776c,final,1.6165,1.4607,25,1,,593.933
873d8ec2c31efc24,C:\Users\USER\lpopt_work\kit_frontier\runs\fpcamp_minfr_E1E2_f109\master\master_work\worker_03\873d8ec2c31efc24__MAS_RST.APRQ_11_0615.8-12474c45cf-mvzcvess,final,1.6231,1.4695,25,1,,594.121
ca695a88fb2c78e5,C:\Users\USER\lpopt_work\kit_frontier\runs\fpcamp_minfr_E1E2_f109\master\master_work\worker_03\ca695a88fb2c78e5__MAS_RST.APRQ_11_0615.8-560b6521ff-krgnnzwh,final,1.6387,1.4697,25,1,,592.986
e820e916da27beac,C:\Users\USER\lpopt_work\kit_frontier\runs\fpcamp_minfr_E1E2_f109\master\master_work\worker_03\e820e916da27beac__MAS_RST.APRQ_11_0615.8-61fc8e2301-5wteciy1,final,1.6262,1.4459,25,1,,598.373
eb26faf7cea5ea5f,C:\Users\USER\lpopt_work\kit_frontier\runs\fpcamp_minfr_E1E2_f109\master\master_work\worker_03\eb26faf7cea5ea5f__MAS_RST.APRQ_11_0615.8-82ec93038d-x37h883a,final,1.5923,1.4294,25,1,,594.091
ed10b72f828e5c0d,C:\Users\USER\lpopt_work\kit_frontier\runs\fpcamp_minfr_E1E2_f109\master\master_work\worker_03\ed10b72f828e5c0d__MAS_RST.APRQ_11_0615.8-9f66258cb5-mqmhfmhu,final,1.6358,1.4671,25,1,,593.359
f7163bfb2b75b405,C:\Users\USER\lpopt_work\kit_frontier\runs\fpcamp_minfr_E1E2_f109\master\master_work\worker_03\f7163bfb2b75b405__MAS_RST.APRQ_11_0615.8-b8cf92813f-51wkqfp9,final,1.6207,1.4649,25,1,,593.691
f837ce7aa47ba453,C:\Users\USER\lpopt_work\kit_frontier\runs\fpcamp_minfr_E1E2_f109\master\master_work\worker_03\f837ce7aa47ba453__MAS_RST.APRQ_11_0615.8-91ca05edc7-2vh98d63,final,1.6521,1.4835,25,1,,593.609
0977c8aa62ac020d,C:\Users\USER\lpopt_work\kit_frontier\runs\fpcamp_minfr_E1E2_f109\master\master_work\worker_04\0977c8aa62ac020d__MAS_RST.APRQ_11_0615.8-718a375083-v80o02dg,final,1.6268,1.4705,25,1,,593.581
1b1d695566ddbaac,C:\Users\USER\lpopt_work\kit_frontier\runs\fpcamp_minfr_E1E2_f109\master\master_work\worker_04\1b1d695566ddbaac__MAS_RST.APRQ_11_0615.8-69ce839e3b-ztl8rsvv,final,1.63,1.4735,25,1,,593.779
1bda35dd339ed825,C:\Users\USER\lpopt_work\kit_frontier\runs\fpcamp_minfr_E1E2_f109\master\master_work\worker_04\1bda35dd339ed825__MAS_RST.APRQ_11_0615.8-4004e5ba00-wmx9u0l4,final,1.6463,1.4763,25,1,,593.172
4d452870c79acdae,C:\Users\USER\lpopt_work\kit_frontier\runs\fpcamp_minfr_E1E2_f109\master\master_work\worker_04\4d452870c79acdae__MAS_RST.APRQ_11_0615.8-f9c0204ccf-iribqf1t,final,1.652,1.4751,25,1,,597.141
5a9c731fdee9cdb9,C:\Users\USER\lpopt_work\kit_frontier\runs\fpcamp_minfr_E1E2_f109\master\master_work\worker_04\5a9c731fdee9cdb9__MAS_RST.APRQ_11_0615.8-728539dfdc-ivjwyxnt,final,1.667,1.5063,25,1,,594.12
72bde847238d9003,C:\Users\USER\lpopt_work\kit_frontier\runs\fpcamp_minfr_E1E2_f109\master\master_work\worker_04\72bde847238d9003__MAS_RST.APRQ_11_0615.8-7e699bdc48-yoqut69o,final,1.6433,1.4744,25,1,,593.54
7e69c3083d07c6dd,C:\Users\USER\lpopt_work\kit_frontier\runs\fpcamp_minfr_E1E2_f109\master\master_work\worker_04\7e69c3083d07c6dd__MAS_RST.APRQ_11_0615.8-d63f5fdf4b-32neemew,final,1.6396,1.4702,25,1,,593.893
927ebdc645c69e06,C:\Users\USER\lpopt_work\kit_frontier\runs\fpcamp_minfr_E1E2_f109\master\master_work\worker_04\927ebdc645c69e06__MAS_RST.APRQ_11_0615.8-b72fbd98b5-grevabc9,final,1.6501,1.459,25,1,,591.768
9614328305352a89,C:\Users\USER\lpopt_work\kit_frontier\runs\fpcamp_minfr_E1E2_f109\master\master_work\worker_04\9614328305352a89__MAS_RST.APRQ_11_0615.8-a5914a28d1-phyzwq6n,final,1.6287,1.466,25,1,,593.743
ce53d5cb71665a79,C:\Users\USER\lpopt_work\kit_frontier\runs\fpcamp_minfr_E1E2_f109\master\master_work\worker_04\ce53d5cb71665a79__MAS_RST.APRQ_11_0615.8-e25faa6aed-s3cpgzj9,final,1.7143,1.5424,25,1,,590.688
d274ac54d878083a,C:\Users\USER\lpopt_work\kit_frontier\runs\fpcamp_minfr_E1E2_f109\master\master_work\worker_04\d274ac54d878083a__MAS_RST.APRQ_11_0615.8-b9b50958d2-9woegkbn,final,1.6393,1.4715,25,1,,593.467
ef318c7f427bccf2,C:\Users\USER\lpopt_work\kit_frontier\runs\fpcamp_minfr_E1E2_f109\master\master_work\worker_04\ef318c7f427bccf2__MAS_RST.APRQ_11_0615.8-36dc43c1ab-5zu6gqq5,final,1.6476,1.4783,25,1,,593.503
3f461b9f2a46d1e8,C:\Users\USER\lpopt_work\kit_frontier\runs\fpcamp_minfr_E1E2_f109\master\master_work\worker_05\3f461b9f2a46d1e8__MAS_RST.APRQ_11_0615.8-37dc4a1335-8z8s4jhk,final,1.6768,1.511,25,1,,585.02
45b727fde2ef468e,C:\Users\USER\lpopt_work\kit_frontier\runs\fpcamp_minfr_E1E2_f109\master\master_work\worker_05\45b727fde2ef468e__MAS_RST.APRQ_11_0615.8-0d1bc930d5-qnwvdy2y,final,1.7591,1.578,25,1,,587.123
6542fe89e8cc59a6,C:\Users\USER\lpopt_work\kit_frontier\runs\fpcamp_minfr_E1E2_f109\master\master_work\worker_05\6542fe89e8cc59a6__MAS_RST.APRQ_11_0615.8-2e03e05e57-xet49i1j,final,1.6604,1.4949,25,1,,584.615
86847f144f9d8563,C:\Users\USER\lpopt_work\kit_frontier\runs\fpcamp_minfr_E1E2_f109\master\master_work\worker_05\86847f144f9d8563__MAS_RST.APRQ_11_0615.8-4ca24f9097-5_fp7hzg,final,1.6629,1.4901,25,1,,587.662
91505360ffadc9f3,C:\Users\USER\lpopt_work\kit_frontier\runs\fpcamp_minfr_E1E2_f109\master\master_work\worker_05\91505360ffadc9f3__MAS_RST.APRQ_11_0615.8-b3e14c8678-5614n9e6,final,1.7074,1.5306,25,1,,584.476
a34b7af9545df180,C:\Users\USER\lpopt_work\kit_frontier\runs\fpcamp_minfr_E1E2_f109\master\master_work\worker_05\a34b7af9545df180__MAS_RST.APRQ_11_0615.8-60830a3d36-ce7qald4,final,1.7898,1.5865,25,1,,586.744
c3189ba5b67ecb6d,C:\Users\USER\lpopt_work\kit_frontier\runs\fpcamp_minfr_E1E2_f109\master\master_work\worker_05\c3189ba5b67ecb6d__MAS_RST.APRQ_11_0615.8-f21c58a9ef-kbsvd6gw,final,1.8203,1.5845,25,1,,583.613
c60d54a5b0243642,C:\Users\USER\lpopt_work\kit_frontier\runs\fpcamp_minfr_E1E2_f109\master\master_work\worker_05\c60d54a5b0243642__MAS_RST.APRQ_11_0615.8-f699a53b32-qwt7zjqp,final,1.8309,1.6275,25,1,,584.156
c811bee8d6b985b7,C:\Users\USER\lpopt_work\kit_frontier\runs\fpcamp_minfr_E1E2_f109\master\master_work\worker_05\c811bee8d6b985b7__MAS_RST.APRQ_11_0615.8-0a7df4714c-k7cghira,final,1.6763,1.5244,25,1,,582.302
d22780bfe1218222,C:\Users\USER\lpopt_work\kit_frontier\runs\fpcamp_minfr_E1E2_f109\master\master_work\worker_05\d22780bfe1218222__MAS_RST.APRQ_11_0615.8-41b4c46cc9-jd3612_h,final,1.7209,1.5421,25,1,,583.936
d68ed3a407cee2da,C:\Users\USER\lpopt_work\kit_frontier\runs\fpcamp_minfr_E1E2_f109\master\master_work\worker_05\d68ed3a407cee2da__MAS_RST.APRQ_11_0615.8-16e1e5ca29-jak7nzf2,final,1.7999,1.6013,25,1,,588.411
f9a51dcc601e477f,C:\Users\USER\lpopt_work\kit_frontier\runs\fpcamp_minfr_E1E2_f109\master\master_work\worker_05\f9a51dcc601e477f__MAS_RST.APRQ_11_0615.8-0c780b59be-wz13tp8a,final,1.6854,1.511,25,1,,588.3
1ffd025e3e761a67,C:\Users\USER\lpopt_work\kit_frontier\runs\fpcamp_minfr_E1E2_f109\master\master_work\worker_06\1ffd025e3e761a67__MAS_RST.APRQ_11_0615.8-30d01e5879-54rvcfrq,final,1.6867,1.5048,25,1,,585.599
28010029aee290bc,C:\Users\USER\lpopt_work\kit_frontier\runs\fpcamp_minfr_E1E2_f109\master\master_work\worker_06\28010029aee290bc__MAS_RST.APRQ_11_0615.8-e094db8e22-xk3mdewo,final,1.7199,1.5488,25,1,,587.8
3ce29b87007496c6,C:\Users\USER\lpopt_work\kit_frontier\runs\fpcamp_minfr_E1E2_f109\master\master_work\worker_06\3ce29b87007496c6__MAS_RST.APRQ_11_0615.8-9760e96010-z4wlk8yn,final,1.7088,1.5318,25,1,,584.473
481f1df1f3a7cc22,C:\Users\USER\lpopt_work\kit_frontier\runs\fpcamp_minfr_E1E2_f109\master\master_work\worker_06\481f1df1f3a7cc22__MAS_RST.APRQ_11_0615.8-7282db6a34-gd6mgfsd,final,1.6822,1.5089,25,1,,588.234
54191539e807ca29,C:\Users\USER\lpopt_work\kit_frontier\runs\fpcamp_minfr_E1E2_f109\master\master_work\worker_06\54191539e807ca29__MAS_RST.APRQ_11_0615.8-071b7a32c3-elcln4wq,final,1.7135,1.5278,25,1,,582.003
577b4a87e06aa39b,C:\Users\USER\lpopt_work\kit_frontier\runs\fpcamp_minfr_E1E2_f109\master\master_work\worker_06\577b4a87e06aa39b__MAS_RST.APRQ_11_0615.8-dc69875c34-a0z9v71_,final,1.6846,1.5029,25,1,,585.045
67291827f6ca83f5,C:\Users\USER\lpopt_work\kit_frontier\runs\fpcamp_minfr_E1E2_f109\master\master_work\worker_06\67291827f6ca83f5__MAS_RST.APRQ_11_0615.8-d85ec1deb3-0047bfkk,final,1.6945,1.5198,25,1,,587.297
6e8e2cf12e2b3e1d,C:\Users\USER\lpopt_work\kit_frontier\runs\fpcamp_minfr_E1E2_f109\master\master_work\worker_06\6e8e2cf12e2b3e1d__MAS_RST.APRQ_11_0615.8-a77909393c-x512070e,final,1.7137,1.5324,25,1,,584.377
70d800305f4ab68e,C:\Users\USER\lpopt_work\kit_frontier\runs\fpcamp_minfr_E1E2_f109\master\master_work\worker_06\70d800305f4ab68e__MAS_RST.APRQ_11_0615.8-eedf888d32-q8ud2i87,final,1.7296,1.5578,25,1,,581.001
790de52338106c8d,C:\Users\USER\lpopt_work\kit_frontier\runs\fpcamp_minfr_E1E2_f109\master\master_work\worker_06\790de52338106c8d__MAS_RST.APRQ_11_0615.8-766a744f51-_u2m8mzp,final,1.7179,1.5372,25,1,,584.072
a5788b0c4a2d4370,C:\Users\USER\lpopt_work\kit_frontier\runs\fpcamp_minfr_E1E2_f109\master\master_work\worker_06\a5788b0c4a2d4370__MAS_RST.APRQ_11_0615.8-5b6a89585d-snecgw3z,final,1.679,1.5042,25,1,,586.629
eefa6b2ebf70b935,C:\Users\USER\lpopt_work\kit_frontier\runs\fpcamp_minfr_E1E2_f109\master\master_work\worker_06\eefa6b2ebf70b935__MAS_RST.APRQ_11_0615.8-ac431087b3-31_i4ofw,final,2.0115,1.8278,25,1,,588.535
34fae82432bced75,C:\Users\USER\lpopt_work\kit_frontier\runs\fpcamp_minfr_E1E2_f109\master\master_work\worker_07\34fae82432bced75__MAS_RST.APRQ_11_0615.8-6ce9783ed3-fgwxnvqu,final,5.1656,4.6322,24,0,above_ceiling,568.869
366aa832ed7e26ea,C:\Users\USER\lpopt_work\kit_frontier\runs\fpcamp_minfr_E1E2_f109\master\master_work\worker_07\366aa832ed7e26ea__MAS_RST.APRQ_11_0615.8-6185d85f7e-9w_bmc2h,final,2.0668,1.8193,25,1,,584.431
48ba61154d33dd0e,C:\Users\USER\lpopt_work\kit_frontier\runs\fpcamp_minfr_E1E2_f109\master\master_work\worker_07\48ba61154d33dd0e__MAS_RST.APRQ_11_0615.8-4a6cc857c7-sa2tzytm,final,2.6554,2.357,25,1,,581.861
4adf2e2030652b2f,C:\Users\USER\lpopt_work\kit_frontier\runs\fpcamp_minfr_E1E2_f109\master\master_work\worker_07\4adf2e2030652b2f__MAS_RST.APRQ_11_0615.8-6ed3f7052e-ta48yo58,final,2.6246,2.4003,25,1,,573.867
5c0195e98dce76a5,C:\Users\USER\lpopt_work\kit_frontier\runs\fpcamp_minfr_E1E2_f109\master\master_work\worker_07\5c0195e98dce76a5__MAS_RST.APRQ_11_0615.8-1582af3274-983nge4t,final,2.3761,2.1003,25,1,,593.459
7e713ed9569651f4,C:\Users\USER\lpopt_work\kit_frontier\runs\fpcamp_minfr_E1E2_f109\master\master_work\worker_07\7e713ed9569651f4__MAS_RST.APRQ_11_0615.8-2f8a475ea7-y71k7w65,final,1.7377,1.5447,25,1,,595.313
7eb4dbacba09fb33,C:\Users\USER\lpopt_work\kit_frontier\runs\fpcamp_minfr_E1E2_f109\master\master_work\worker_07\7eb4dbacba09fb33__MAS_RST.APRQ_11_0615.8-b0aa74bd5d-rvpv8v_6,final,2.3725,2.1335,25,1,,574.696
9ec42aec36dc39e3,C:\Users\USER\lpopt_work\kit_frontier\runs\fpcamp_minfr_E1E2_f109\master\master_work\worker_07\9ec42aec36dc39e3__MAS_RST.APRQ_11_0615.8-6060d8b308-7i7fl33b,final,2.1543,1.8694,25,1,,574.626
b84ef8bd0530b863,C:\Users\USER\lpopt_work\kit_frontier\runs\fpcamp_minfr_E1E2_f109\master\master_work\worker_07\b84ef8bd0530b863__MAS_RST.APRQ_11_0615.8-b66599dacb-1q4cmff8,final,2.4202,2.0388,25,1,,572.881
bb425995f750e260,C:\Users\USER\lpopt_work\kit_frontier\runs\fpcamp_minfr_E1E2_f109\master\master_work\worker_07\bb425995f750e260__MAS_RST.APRQ_11_0615.8-c00185f9e6-00z6v0qr,final,1.9981,1.8158,25,1,,588.706
e1f618dc4d170891,C:\Users\USER\lpopt_work\kit_frontier\runs\fpcamp_minfr_E1E2_f109\master\master_work\worker_07\e1f618dc4d170891__MAS_RST.APRQ_11_0615.8-768172d76a-60qwfr31,final,1.7661,1.5891,25,1,,580.962
f81ef29f03dfac7d,C:\Users\USER\lpopt_work\kit_frontier\runs\fpcamp_minfr_E1E2_f109\master\master_work\worker_07\f81ef29f03dfac7d__MAS_RST.APRQ_11_0615.8-b6dbb593aa-osh18r1m,final,1.8738,1.6753,25,1,,590.926
0eb0e9b8e5ba0461,C:\Users\USER\lpopt_work\kit_frontier\runs\fpcamp_minfr_hgd569_f109\master\master_work\worker_00\0eb0e9b8e5ba0461__MAS_RST.APRQ_11_0705.0-d4962e0223-9w9p_uus,superseded,,,0,0,,
,C:\Users\USER\lpopt_work\kit_frontier\runs\fpcamp_minfr_hgd569_f109\master\master_work\worker_00\0eb0e9b8e5ba0461__MAS_RST.APRQ_11_0705.0-fa890fd694-4top1l0q,nonfinite,,,0,0,,
5176d9a8c4159735,C:\Users\USER\lpopt_work\kit_frontier\runs\fpcamp_minfr_hgd569_f109\master\master_work\worker_00\5176d9a8c4159735__MAS_RST.APRQ_11_0705.0-bacaaa2c9f-ropd0b2b,final,1.8878,1.6526,27,1,,667.659
5c2ac5e0fb9e533e,C:\Users\USER\lpopt_work\kit_frontier\runs\fpcamp_minfr_hgd569_f109\master\master_work\worker_00\5c2ac5e0fb9e533e__MAS_RST.APRQ_11_0705.0-6962c1c008-xhjvs9np,final,1.7906,1.5628,27,1,,675.392
6585d3df5fd77185,C:\Users\USER\lpopt_work\kit_frontier\runs\fpcamp_minfr_hgd569_f109\master\master_work\worker_00\6585d3df5fd77185__MAS_RST.APRQ_11_0705.0-90df4277e6-f6ojpi2l,final,1.7953,1.5585,27,1,,662.839
7a276b829aa03be4,C:\Users\USER\lpopt_work\kit_frontier\runs\fpcamp_minfr_hgd569_f109\master\master_work\worker_00\7a276b829aa03be4__MAS_RST.APRQ_11_0705.0-999829d57e-3r8fu4md,final,1.9187,1.687,27,1,,668.7
cb81b5d08209b512,C:\Users\USER\lpopt_work\kit_frontier\runs\fpcamp_minfr_hgd569_f109\master\master_work\worker_00\cb81b5d08209b512__MAS_RST.APRQ_11_0705.0-14333c8361-3ff5galu,final,1.8524,1.5896,27,1,,674.068
e12568d4ca110d63,C:\Users\USER\lpopt_work\kit_frontier\runs\fpcamp_minfr_hgd569_f109\master\master_work\worker_00\e12568d4ca110d63__MAS_RST.APRQ_11_0705.0-ad6818956b-jggukmfb,final,1.9353,1.6909,27,1,,662.164
,C:\Users\USER\lpopt_work\kit_frontier\runs\fpcamp_minfr_hgd569_f109\master\master_work\worker_00\f82ca5383ee477d0__MAS_RST.APRQ_11_0705.0-6e62ba2860-wz3uz52h,nonfinite,,,0,0,,
f82ca5383ee477d0,C:\Users\USER\lpopt_work\kit_frontier\runs\fpcamp_minfr_hgd569_f109\master\master_work\worker_00\f82ca5383ee477d0__MAS_RST.APRQ_11_0705.0-d9bd3687bd-hmlau6h8,superseded,,,0,0,,
037594d19c4f32ca,C:\Users\USER\lpopt_work\kit_frontier\runs\fpcamp_minfr_hgd569_f109\master\master_work\worker_01\037594d19c4f32ca__MAS_RST.APRQ_11_0705.0-0ce0aaf71d-kgbzb3za,final,1.8922,1.6688,27,1,,670.732
3c917fa357ae5c0d,C:\Users\USER\lpopt_work\kit_frontier\runs\fpcamp_minfr_hgd569_f109\master\master_work\worker_01\3c917fa357ae5c0d__MAS_RST.APRQ_11_0705.0-85749c228a-8d8j3p69,final,1.8795,1.6448,27,1,,667.642
405e95c02a968815,C:\Users\USER\lpopt_work\kit_frontier\runs\fpcamp_minfr_hgd569_f109\master\master_work\worker_01\405e95c02a968815__MAS_RST.APRQ_11_0705.0-c06d45b9e6-kyvx6rnn,final,1.8786,1.6594,27,1,,671.215
40d9639af90c2fab,C:\Users\USER\lpopt_work\kit_frontier\runs\fpcamp_minfr_hgd569_f109\master\master_work\worker_01\40d9639af90c2fab__MAS_RST.APRQ_11_0705.0-1442afb079-ezpjdgi_,final,1.8786,1.6276,27,1,,672.526
58ddf5914a41099a,C:\Users\USER\lpopt_work\kit_frontier\runs\fpcamp_minfr_hgd569_f109\master\master_work\worker_01\58ddf5914a41099a__MAS_RST.APRQ_11_0705.0-b81c4034e6-_ozt3sq7,final,1.8079,1.5849,27,1,,676.474
62e5414a2688d10c,C:\Users\USER\lpopt_work\kit_frontier\runs\fpcamp_minfr_hgd569_f109\master\master_work\worker_01\62e5414a2688d10c__MAS_RST.APRQ_11_0705.0-2b39760f39-4w6ccm10,final,1.9668,1.6836,26,1,,659.234
86b37f8d09f4c798,C:\Users\USER\lpopt_work\kit_frontier\runs\fpcamp_minfr_hgd569_f109\master\master_work\worker_01\86b37f8d09f4c798__MAS_RST.APRQ_11_0705.0-a647bf18db-3_r0xyv_,final,1.8576,1.5936,27,1,,670.948
9f50801abc0097a2,C:\Users\USER\lpopt_work\kit_frontier\runs\fpcamp_minfr_hgd569_f109\master\master_work\worker_01\9f50801abc0097a2__MAS_RST.APRQ_11_0705.0-2193be87bf-qh_clvic,final,1.8962,1.6618,27,1,,661.676
0f7fe94f88dc70f7,C:\Users\USER\lpopt_work\kit_frontier\runs\fpcamp_minfr_hgd569_f109\master\master_work\worker_02\0f7fe94f88dc70f7__MAS_RST.APRQ_11_0705.0-aa797386f4-lu5_ntv0,final,1.9645,1.7079,27,1,,670.871
5bc54361d994b40b,C:\Users\USER\lpopt_work\kit_frontier\runs\fpcamp_minfr_hgd569_f109\master\master_work\worker_02\5bc54361d994b40b__MAS_RST.APRQ_11_0705.0-64237d1f5b-dawk9_v_,final,1.7893,1.572,27,1,,675.95
68ceea2f4abc0f87,C:\Users\USER\lpopt_work\kit_frontier\runs\fpcamp_minfr_hgd569_f109\master\master_work\worker_02\68ceea2f4abc0f87__MAS_RST.APRQ_11_0705.0-465015b202-3vysfjt8,final,1.9304,1.6675,27,1,,665.247
bd793a4c9d4df401,C:\Users\USER\lpopt_work\kit_frontier\runs\fpcamp_minfr_hgd569_f109\master\master_work\worker_02\bd793a4c9d4df401__MAS_RST.APRQ_11_0705.0-c82f302a37-yim1q7_e,final,1.821,1.5693,27,1,,673.93
bf6ad788ce1bdb89,C:\Users\USER\lpopt_work\kit_frontier\runs\fpcamp_minfr_hgd569_f109\master\master_work\worker_02\bf6ad788ce1bdb89__MAS_RST.APRQ_11_0705.0-cc33f7264f-_852mytf,first_cycle,,,0,0,,
,C:\Users\USER\lpopt_work\kit_frontier\runs\fpcamp_minfr_hgd569_f109\master\master_work\worker_02\bf6ad788ce1bdb89__MAS_RST.APRQ_11_0705.0-e4bda2618e-1lrlgrgz,nonfinite,,,0,0,,
c0d467ba7522f2b0,C:\Users\USER\lpopt_work\kit_frontier\runs\fpcamp_minfr_hgd569_f109\master\master_work\worker_02\c0d467ba7522f2b0__MAS_RST.APRQ_11_0705.0-50390209e3-0_y3py2_,final,1.9546,1.6806,26,1,,647.673
d0e624d0684765ec,C:\Users\USER\lpopt_work\kit_frontier\runs\fpcamp_minfr_hgd569_f109\master\master_work\worker_02\d0e624d0684765ec__MAS_RST.APRQ_11_0705.0-626a96fb23-jb2qrtx5,final,1.8703,1.6663,27,1,,667.034
ea4677ed3cdca07f,C:\Users\USER\lpopt_work\kit_frontier\runs\fpcamp_minfr_hgd569_f109\master\master_work\worker_02\ea4677ed3cdca07f__MAS_RST.APRQ_11_0705.0-5545aa8d2e-ixieuvxv,final,1.8113,1.5693,27,1,,674.983
1ffd2fadec450d8f,C:\Users\USER\lpopt_work\kit_frontier\runs\fpcamp_minfr_hgd569_f109\master\master_work\worker_03\1ffd2fadec450d8f__MAS_RST.APRQ_11_0705.0-0069f18dfd-6vltzrsf,final,1.9238,1.6862,27,1,,663.919
31c3b0e59ddcf2e8,C:\Users\USER\lpopt_work\kit_frontier\runs\fpcamp_minfr_hgd569_f109\master\master_work\worker_03\31c3b0e59ddcf2e8__MAS_RST.APRQ_11_0705.0-56acc7d6cc-hs5l4trw,final,1.7856,1.5457,27,1,,673.37
5c9984d8c7400800,C:\Users\USER\lpopt_work\kit_frontier\runs\fpcamp_minfr_hgd569_f109\master\master_work\worker_03\5c9984d8c7400800__MAS_RST.APRQ_11_0705.0-18330ed473-47jkcij3,final,1.7893,1.5595,27,1,,674.274
832af5dbd205dcb6,C:\Users\USER\lpopt_work\kit_frontier\runs\fpcamp_minfr_hgd569_f109\master\master_work\worker_03\832af5dbd205dcb6__MAS_RST.APRQ_11_0705.0-24cdd84fcf-3vlb2umb,final,1.9638,1.7047,27,1,,672.77
937bff00255acccb,C:\Users\USER\lpopt_work\kit_frontier\runs\fpcamp_minfr_hgd569_f109\master\master_work\worker_03\937bff00255acccb__MAS_RST.APRQ_11_0705.0-4c2751f666-w1jmnd67,final,1.908,1.6758,27,1,,672.357
9b62f90f3c7f3cc8,C:\Users\USER\lpopt_work\kit_frontier\runs\fpcamp_minfr_hgd569_f109\master\master_work\worker_03\9b62f90f3c7f3cc8__MAS_RST.APRQ_11_0705.0-139ce488cf-xaokgg_8,final,1.7991,1.5889,27,1,,674.208
a4d8e93673d3b36b,C:\Users\USER\lpopt_work\kit_frontier\runs\fpcamp_minfr_hgd569_f109\master\master_work\worker_03\a4d8e93673d3b36b__MAS_RST.APRQ_11_0705.0-fb7a1a3800-cw36acp3,final,1.923,1.6688,26,1,,657.855
f134593fbcdd6082,C:\Users\USER\lpopt_work\kit_frontier\runs\fpcamp_minfr_hgd569_f109\master\master_work\worker_03\f134593fbcdd6082__MAS_RST.APRQ_11_0705.0-8303d9f532-5y8zcpu5,final,1.8182,1.5851,27,1,,667.591
4237a3461c010903,C:\Users\USER\lpopt_work\kit_frontier\runs\fpcamp_minfr_hgd569_f109\master\master_work\worker_04\4237a3461c010903__MAS_RST.APRQ_11_0705.0-7ecbecdc5f-2jx4wic0,final,1.7792,1.5211,27,1,,672.215
5381b966cd49d21f,C:\Users\USER\lpopt_work\kit_frontier\runs\fpcamp_minfr_hgd569_f109\master\master_work\worker_04\5381b966cd49d21f__MAS_RST.APRQ_11_0705.0-8656804cf9-7ij8ilxu,final,1.7916,1.5808,27,1,,666.203
94c9ef434a48f93a,C:\Users\USER\lpopt_work\kit_frontier\runs\fpcamp_minfr_hgd569_f109\master\master_work\worker_04\94c9ef434a48f93a__MAS_RST.APRQ_11_0705.0-bde70f35e7-zr9pugux,final,1.7918,1.5327,27,1,,673.295
9d2296d8954a126c,C:\Users\USER\lpopt_work\kit_frontier\runs\fpcamp_minfr_hgd569_f109\master\master_work\worker_04\9d2296d8954a126c__MAS_RST.APRQ_11_0705.0-bd14ca0f54-f0mhu70q,final,1.9458,1.6261,27,1,,665.177
ae77f469f8b01284,C:\Users\USER\lpopt_work\kit_frontier\runs\fpcamp_minfr_hgd569_f109\master\master_work\worker_04\ae77f469f8b01284__MAS_RST.APRQ_11_0705.0-d6410d7d93-2tqiqk05,final,1.9129,1.6707,27,1,,666.553
de171063cd3c2de9,C:\Users\USER\lpopt_work\kit_frontier\runs\fpcamp_minfr_hgd569_f109\master\master_work\worker_04\de171063cd3c2de9__MAS_RST.APRQ_11_0705.0-d9858ee9c6-vts7n7vo,final,1.8283,1.6022,27,1,,667.684
fd63b72d75379812,C:\Users\USER\lpopt_work\kit_frontier\runs\fpcamp_minfr_hgd569_f109\master\master_work\worker_04\fd63b72d75379812__MAS_RST.APRQ_11_0705.0-d58248b265-452x2j7z,final,1.9561,1.7017,27,1,,669.455
,C:\Users\USER\lpopt_work\kit_frontier\runs\fpcamp_minfr_hgd569_f109\master\master_work\worker_05\15ed32e0ef317bd4__MAS_RST.APRQ_11_0705.0-a4d1535fbe-uqdcb2w5,nonfinite,,,0,0,,
,C:\Users\USER\lpopt_work\kit_frontier\runs\fpcamp_minfr_hgd569_f109\master\master_work\worker_05\3af9301bab6b2279__MAS_RST.APRQ_11_0705.0-dbfee2c107-q3dq0s1u,nonfinite,,,0,0,,
,C:\Users\USER\lpopt_work\kit_frontier\runs\fpcamp_minfr_hgd569_f109\master\master_work\worker_05\96e7580b7a1a913d__MAS_RST.APRQ_11_0705.0-486c9d8566-gqiavkgu,nonfinite,,,0,0,,
,C:\Users\USER\lpopt_work\kit_frontier\runs\fpcamp_minfr_hgd569_f109\master\master_work\worker_05\9a00ffbcc7dedf83__MAS_RST.APRQ_11_0705.0-cc9d4b5cbb-bpza7__s,nonfinite,,,0,0,,
,C:\Users\USER\lpopt_work\kit_frontier\runs\fpcamp_minfr_hgd569_f109\master\master_work\worker_05\dbdeda68974932fd__MAS_RST.APRQ_11_0705.0-9d65eddddd-vapjkxr_,nonfinite,,,0,0,,
,C:\Users\USER\lpopt_work\kit_frontier\runs\fpcamp_minfr_hgd569_f109\master\master_work\worker_05\e9fafbec21a13f53__MAS_RST.APRQ_11_0705.0-55f4d46d4e-_szl_0k9,nonfinite,,,0,0,,
,C:\Users\USER\lpopt_work\kit_frontier\runs\fpcamp_minfr_hgd569_f109\master\master_work\worker_05\f49390b86770ade6__MAS_RST.APRQ_11_0705.0-a59ebedf14-ymv_pt0n,nonfinite,,,0,0,,
,C:\Users\USER\lpopt_work\kit_frontier\runs\fpcamp_minfr_hgd569_f109\master\master_work\worker_06\1306a3e6aa3429aa__MAS_RST.APRQ_11_0705.0-48b632a6b1-b9tcu7jz,nonfinite,,,0,0,,
,C:\Users\USER\lpopt_work\kit_frontier\runs\fpcamp_minfr_hgd569_f109\master\master_work\worker_06\3850e592167309ec__MAS_RST.APRQ_11_0705.0-74fec01f58-pkbj7ce4,nonfinite,,,0,0,,
,C:\Users\USER\lpopt_work\kit_frontier\runs\fpcamp_minfr_hgd569_f109\master\master_work\worker_06\3d95bb1db9ccb4cf__MAS_RST.APRQ_11_0705.0-6fdf9595c2-okb4dq_m,nonfinite,,,0,0,,
,C:\Users\USER\lpopt_work\kit_frontier\runs\fpcamp_minfr_hgd569_f109\master\master_work\worker_06\6a4455077a2dd65a__MAS_RST.APRQ_11_0705.0-2dae18c5eb-_d99pflb,nonfinite,,,0,0,,
,C:\Users\USER\lpopt_work\kit_frontier\runs\fpcamp_minfr_hgd569_f109\master\master_work\worker_06\ce03cf29626a2297__MAS_RST.APRQ_11_0705.0-e3a1aee2df-1caveokx,nonfinite,,,0,0,,
,C:\Users\USER\lpopt_work\kit_frontier\runs\fpcamp_minfr_hgd569_f109\master\master_work\worker_06\dbcf5902f74b9932__MAS_RST.APRQ_11_0705.0-e427af73dc-kbnwxysw,nonfinite,,,0,0,,
,C:\Users\USER\lpopt_work\kit_frontier\runs\fpcamp_minfr_hgd569_f109\master\master_work\worker_06\dcf5d0592bdc6996__MAS_RST.APRQ_11_0705.0-20bf543c0e-xkzmep1k,nonfinite,,,0,0,,
1e08ae4931cd0f4e,C:\Users\USER\lpopt_work\kit_frontier\runs\fpcamp_minfr_hgd569_f109\master\master_work\worker_07\1e08ae4931cd0f4e__MAS_RST.APRQ_11_0705.0-f568b5169b-6m55q2a9,final,3.47,2.7791,26,0,above_ceiling,639.336
2edd80729cf7acb3,C:\Users\USER\lpopt_work\kit_frontier\runs\fpcamp_minfr_hgd569_f109\master\master_work\worker_07\2edd80729cf7acb3__MAS_RST.APRQ_11_0705.0-d83ce33d82-pmwwgxe3,final,2.0798,1.844,27,1,,670.378
,C:\Users\USER\lpopt_work\kit_frontier\runs\fpcamp_minfr_hgd569_f109\master\master_work\worker_07\2ff71b6324fac5a1__MAS_RST.APRQ_11_0705.0-ae947c88cf-wzqgdd4h,nonfinite,,,0,0,,
538813b21bf39eee,C:\Users\USER\lpopt_work\kit_frontier\runs\fpcamp_minfr_hgd569_f109\master\master_work\worker_07\538813b21bf39eee__MAS_RST.APRQ_11_0705.0-ca86316677-xayex0tx,final,2.0398,1.8043,26,1,,642.965
91ce851f7d1616ef,C:\Users\USER\lpopt_work\kit_frontier\runs\fpcamp_minfr_hgd569_f109\master\master_work\worker_07\91ce851f7d1616ef__MAS_RST.APRQ_11_0705.0-15de51e679-y2vp_9xo,final,2.5735,2.1589,26,1,,648.688
,C:\Users\USER\lpopt_work\kit_frontier\runs\fpcamp_minfr_hgd569_f109\master\master_work\worker_07\b81bdd7d2472f9d0__MAS_RST.APRQ_11_0705.0-c53bd67437-0mri9zow,nonfinite,,,0,0,,
,C:\Users\USER\lpopt_work\kit_frontier\runs\fpcamp_minfr_hgd569_f109\master\master_work\worker_07\e760b5291082c39b__MAS_RST.APRQ_11_0705.0-6c1f9c71bf-fkhdvwf4,nonfinite,,,0,0,,
0210553df47169ac,C:\Users\USER\lpopt_work\kit_frontier\runs\fpcamp_minfr_hgd569_f125\master\master_work\worker_00\0210553df47169ac__MAS_RST.APRQ_11_0705.0-d0ee6b3adc-i8x7d8mx,final,1.7792,1.5823,29,1,,732.831
7249191c8f97a112,C:\Users\USER\lpopt_work\kit_frontier\runs\fpcamp_minfr_hgd569_f125\master\master_work\worker_00\7249191c8f97a112__MAS_RST.APRQ_11_0705.0-5d06d2303f-rdi4hyi9,final,1.7379,1.5459,29,1,,730.344
c93f57567cd9f732,C:\Users\USER\lpopt_work\kit_frontier\runs\fpcamp_minfr_hgd569_f125\master\master_work\worker_00\c93f57567cd9f732__MAS_RST.APRQ_11_0705.0-2940357974-0ryq9z62,final,1.6706,1.4683,29,1,,731.033
d08f04c8c462f7d4,C:\Users\USER\lpopt_work\kit_frontier\runs\fpcamp_minfr_hgd569_f125\master\master_work\worker_00\d08f04c8c462f7d4__MAS_RST.APRQ_11_0705.0-653475b416-cjxvmmms,final,1.6941,1.4674,29,1,,736.612
e2ab0b92dcf67578,C:\Users\USER\lpopt_work\kit_frontier\runs\fpcamp_minfr_hgd569_f125\master\master_work\worker_00\e2ab0b92dcf67578__MAS_RST.APRQ_11_0705.0-799f25263f-uyqpum8p,final,1.7612,1.5439,29,1,,726.379
e3013e0006879ed8,C:\Users\USER\lpopt_work\kit_frontier\runs\fpcamp_minfr_hgd569_f125\master\master_work\worker_00\e3013e0006879ed8__MAS_RST.APRQ_11_0705.0-7d5a7f35b3-zvqqbjjc,final,1.724,1.5342,29,1,,728.21
f4dd27ca97227fd8,C:\Users\USER\lpopt_work\kit_frontier\runs\fpcamp_minfr_hgd569_f125\master\master_work\worker_00\f4dd27ca97227fd8__MAS_RST.APRQ_11_0705.0-a8c66bd26a-3rt_o_7m,final,1.7681,1.5696,29,1,,730.196
fccac135608b25f4,C:\Users\USER\lpopt_work\kit_frontier\runs\fpcamp_minfr_hgd569_f125\master\master_work\worker_00\fccac135608b25f4__MAS_RST.APRQ_11_0705.0-dbc67f18d7-53zz2u69,final,1.7296,1.5405,29,1,,732.804
12ffb3b0e152783d,C:\Users\USER\lpopt_work\kit_frontier\runs\fpcamp_minfr_hgd569_f125\master\master_work\worker_01\12ffb3b0e152783d__MAS_RST.APRQ_11_0705.0-f57701257f-el1j_l4b,final,1.716,1.503,29,1,,730.752
34032f143441864e,C:\Users\USER\lpopt_work\kit_frontier\runs\fpcamp_minfr_hgd569_f125\master\master_work\worker_01\34032f143441864e__MAS_RST.APRQ_11_0705.0-5419f1fa91-zlx1dra8,final,1.7024,1.5067,29,1,,732.895
63e3426de38f69b8,C:\Users\USER\lpopt_work\kit_frontier\runs\fpcamp_minfr_hgd569_f125\master\master_work\worker_01\63e3426de38f69b8__MAS_RST.APRQ_11_0705.0-3a96339768-c8sapxp4,final,1.7613,1.5659,29,1,,732.604
6bbddd9bce7d811a,C:\Users\USER\lpopt_work\kit_frontier\runs\fpcamp_minfr_hgd569_f125\master\master_work\worker_01\6bbddd9bce7d811a__MAS_RST.APRQ_11_0705.0-6c3d279c8b-znqd5sws,final,1.7396,1.5531,29,1,,733.469
7e66e6e2f06d77fd,C:\Users\USER\lpopt_work\kit_frontier\runs\fpcamp_minfr_hgd569_f125\master\master_work\worker_01\7e66e6e2f06d77fd__MAS_RST.APRQ_11_0705.0-6322e38bae-dd_0snbp,final,1.7454,1.5503,29,1,,728.494
97c02ad4c2725281,C:\Users\USER\lpopt_work\kit_frontier\runs\fpcamp_minfr_hgd569_f125\master\master_work\worker_01\97c02ad4c2725281__MAS_RST.APRQ_11_0705.0-459d93a2d1-vq92n971,final,1.7862,1.5873,29,1,,731.229
d4bf02bfb4486769,C:\Users\USER\lpopt_work\kit_frontier\runs\fpcamp_minfr_hgd569_f125\master\master_work\worker_01\d4bf02bfb4486769__MAS_RST.APRQ_11_0705.0-79a81aa0d3-ppotfs7v,final,1.8315,1.5989,29,1,,733.684
ef131bcc471d735f,C:\Users\USER\lpopt_work\kit_frontier\runs\fpcamp_minfr_hgd569_f125\master\master_work\worker_01\ef131bcc471d735f__MAS_RST.APRQ_11_0705.0-75552a56e4-nyk5r6wn,final,1.7191,1.5335,29,1,,732.662
03c5fd8202bcaf60,C:\Users\USER\lpopt_work\kit_frontier\runs\fpcamp_minfr_hgd569_f125\master\master_work\worker_02\03c5fd8202bcaf60__MAS_RST.APRQ_11_0705.0-4d35a13fbb-87f6z_mj,final,1.7511,1.5364,29,1,,730.58
09fcb5ab33979033,C:\Users\USER\lpopt_work\kit_frontier\runs\fpcamp_minfr_hgd569_f125\master\master_work\worker_02\09fcb5ab33979033__MAS_RST.APRQ_11_0705.0-c77f044381-h6ey96od,final,1.7701,1.575,29,1,,732.361
2ac10d8d912376aa,C:\Users\USER\lpopt_work\kit_frontier\runs\fpcamp_minfr_hgd569_f125\master\master_work\worker_02\2ac10d8d912376aa__MAS_RST.APRQ_11_0705.0-4c3001de4b-druu6pmf,final,1.6896,1.4528,29,1,,730.85
8d8a62198c97f8d9,C:\Users\USER\lpopt_work\kit_frontier\runs\fpcamp_minfr_hgd569_f125\master\master_work\worker_02\8d8a62198c97f8d9__MAS_RST.APRQ_11_0705.0-93c1a31090-irfavrjd,final,1.6857,1.4898,29,1,,734.04
9b481a479853263f,C:\Users\USER\lpopt_work\kit_frontier\runs\fpcamp_minfr_hgd569_f125\master\master_work\worker_02\9b481a479853263f__MAS_RST.APRQ_11_0705.0-922cdec907-1magxpuz,final,1.7367,1.5273,29,1,,730.778
9d5f55d7ef082ba9,C:\Users\USER\lpopt_work\kit_frontier\runs\fpcamp_minfr_hgd569_f125\master\master_work\worker_02\9d5f55d7ef082ba9__MAS_RST.APRQ_11_0705.0-b61b79e2e6-y7j7wtp9,final,1.7213,1.5331,29,1,,731.496
c780ee0b74fd2c2a,C:\Users\USER\lpopt_work\kit_frontier\runs\fpcamp_minfr_hgd569_f125\master\master_work\worker_02\c780ee0b74fd2c2a__MAS_RST.APRQ_11_0705.0-8043d17edb-1ez94b6n,final,1.7157,1.5298,29,1,,731.186
de5a426589fb92ad,C:\Users\USER\lpopt_work\kit_frontier\runs\fpcamp_minfr_hgd569_f125\master\master_work\worker_02\de5a426589fb92ad__MAS_RST.APRQ_11_0705.0-3f0fa0da56-4rksg7n2,final,1.7414,1.5489,29,1,,730.341
0f68853de7b8b92e,C:\Users\USER\lpopt_work\kit_frontier\runs\fpcamp_minfr_hgd569_f125\master\master_work\worker_03\0f68853de7b8b92e__MAS_RST.APRQ_11_0705.0-8f3d78a52b-zcasrph4,final,1.7727,1.5702,29,1,,733.075
1455909d0c4ecd7c,C:\Users\USER\lpopt_work\kit_frontier\runs\fpcamp_minfr_hgd569_f125\master\master_work\worker_03\1455909d0c4ecd7c__MAS_RST.APRQ_11_0705.0-218666b17a-jiu77oos,final,1.7869,1.5929,29,1,,729.3
488f4022b825e49f,C:\Users\USER\lpopt_work\kit_frontier\runs\fpcamp_minfr_hgd569_f125\master\master_work\worker_03\488f4022b825e49f__MAS_RST.APRQ_11_0705.0-3d882f3c65-zsgu8uyq,final,1.7403,1.5482,29,1,,730.201
52fd0258fb06dd4f,C:\Users\USER\lpopt_work\kit_frontier\runs\fpcamp_minfr_hgd569_f125\master\master_work\worker_03\52fd0258fb06dd4f__MAS_RST.APRQ_11_0705.0-13a376ff8c-z7xxgl81,final,1.7398,1.5478,29,1,,733.024
6706f84e47ef5d97,C:\Users\USER\lpopt_work\kit_frontier\runs\fpcamp_minfr_hgd569_f125\master\master_work\worker_03\6706f84e47ef5d97__MAS_RST.APRQ_11_0705.0-2ef68f86ad-0g5egl9v,final,1.7277,1.5216,29,1,,730.492
9521ef8df12097bf,C:\Users\USER\lpopt_work\kit_frontier\runs\fpcamp_minfr_hgd569_f125\master\master_work\worker_03\9521ef8df12097bf__MAS_RST.APRQ_11_0705.0-aab3652d6e-130lwggx,final,1.7391,1.548,29,1,,732.662
f483f902bd05a857,C:\Users\USER\lpopt_work\kit_frontier\runs\fpcamp_minfr_hgd569_f125\master\master_work\worker_03\f483f902bd05a857__MAS_RST.APRQ_11_0705.0-69b07fd854-a1wv1pv8,final,1.8159,1.5653,29,1,,728.711
fe7357a8f0cfd996,C:\Users\USER\lpopt_work\kit_frontier\runs\fpcamp_minfr_hgd569_f125\master\master_work\worker_03\fe7357a8f0cfd996__MAS_RST.APRQ_11_0705.0-67dab37dda-fmtlu5p8,final,1.7567,1.4627,29,1,,731
4f184449c3bef95c,C:\Users\USER\lpopt_work\kit_frontier\runs\fpcamp_minfr_hgd569_f125\master\master_work\worker_04\4f184449c3bef95c__MAS_RST.APRQ_11_0705.0-9fe6a10709-zt__x9u9,final,1.7263,1.5148,29,1,,732.214
51246eb338c78d69,C:\Users\USER\lpopt_work\kit_frontier\runs\fpcamp_minfr_hgd569_f125\master\master_work\worker_04\51246eb338c78d69__MAS_RST.APRQ_11_0705.0-621715e5d5-kub2d6vu,final,1.7685,1.5704,29,1,,730.38
85910fc8d21653be,C:\Users\USER\lpopt_work\kit_frontier\runs\fpcamp_minfr_hgd569_f125\master\master_work\worker_04\85910fc8d21653be__MAS_RST.APRQ_11_0705.0-8d75e3b298-if8luc52,final,1.7376,1.5472,29,1,,730.43
8de34373f5c0e0db,C:\Users\USER\lpopt_work\kit_frontier\runs\fpcamp_minfr_hgd569_f125\master\master_work\worker_04\8de34373f5c0e0db__MAS_RST.APRQ_11_0705.0-464806b118-gkiypbtm,final,1.8076,1.5946,29,1,,729.146
c18841e42c27f9c9,C:\Users\USER\lpopt_work\kit_frontier\runs\fpcamp_minfr_hgd569_f125\master\master_work\worker_04\c18841e42c27f9c9__MAS_RST.APRQ_11_0705.0-c522510065-ncya2b8l,final,1.7449,1.5225,29,1,,725.58
,C:\Users\USER\lpopt_work\kit_frontier\runs\fpcamp_minfr_hgd569_f125\master\master_work\worker_04\c887aee959418fe4__MAS_RST.APRQ_11_0705.0-47c8f48a56-nlxrjkdn,nonfinite,,,0,0,,
c887aee959418fe4,C:\Users\USER\lpopt_work\kit_frontier\runs\fpcamp_minfr_hgd569_f125\master\master_work\worker_04\c887aee959418fe4__MAS_RST.APRQ_11_0705.0-6f0421342d-r3ad1jlf,superseded,,,0,0,,
ed97d4e192af3b8b,C:\Users\USER\lpopt_work\kit_frontier\runs\fpcamp_minfr_hgd569_f125\master\master_work\worker_04\ed97d4e192af3b8b__MAS_RST.APRQ_11_0705.0-046eb75399-jq2fnfa5,final,1.7455,1.5309,29,1,,729.287
,C:\Users\USER\lpopt_work\kit_frontier\runs\fpcamp_minfr_hgd569_f125\master\master_work\worker_05\05f85bd0476c9d40__MAS_RST.APRQ_11_0705.0-9073d5d26e-hfdq0uvr,nonfinite,,,0,0,,
09ea9624a0bb379b,C:\Users\USER\lpopt_work\kit_frontier\runs\fpcamp_minfr_hgd569_f125\master\master_work\worker_05\09ea9624a0bb379b__MAS_RST.APRQ_11_0705.0-0197f2801d-timnglpi,final,1.7323,1.5269,29,1,,731.134
6172ca657edc19c5,C:\Users\USER\lpopt_work\kit_frontier\runs\fpcamp_minfr_hgd569_f125\master\master_work\worker_05\6172ca657edc19c5__MAS_RST.APRQ_11_0705.0-1b2b2a17d2-ld1qmgzh,final,1.7412,1.5363,29,1,,733.675
711bc48ef4aaaa9a,C:\Users\USER\lpopt_work\kit_frontier\runs\fpcamp_minfr_hgd569_f125\master\master_work\worker_05\711bc48ef4aaaa9a__MAS_RST.APRQ_11_0705.0-2d4868e5b4-vufgzh10,final,1.7768,1.58,29,1,,730.621
9a09903a0478acaa,C:\Users\USER\lpopt_work\kit_frontier\runs\fpcamp_minfr_hgd569_f125\master\master_work\worker_05\9a09903a0478acaa__MAS_RST.APRQ_11_0705.0-7520c76b8a-es0iluis,final,1.8857,1.6748,29,1,,725.334
9cc131cac882389c,C:\Users\USER\lpopt_work\kit_frontier\runs\fpcamp_minfr_hgd569_f125\master\master_work\worker_05\9cc131cac882389c__MAS_RST.APRQ_11_0705.0-491698bde4-64f4fcv7,final,1.6896,1.495,29,1,,731.129
a725038ed40e204e,C:\Users\USER\lpopt_work\kit_frontier\runs\fpcamp_minfr_hgd569_f125\master\master_work\worker_05\a725038ed40e204e__MAS_RST.APRQ_11_0705.0-eff748b626-s0hr8ei8,final,1.8335,1.6052,29,1,,731.016
424529c0a1cfb4b4,C:\Users\USER\lpopt_work\kit_frontier\runs\fpcamp_minfr_hgd569_f125\master\master_work\worker_06\424529c0a1cfb4b4__MAS_RST.APRQ_11_0705.0-7fbd8fe8e5-c0iucog2,final,1.7693,1.5701,29,1,,726.7
46cfc7199ff6763d,C:\Users\USER\lpopt_work\kit_frontier\runs\fpcamp_minfr_hgd569_f125\master\master_work\worker_06\46cfc7199ff6763d__MAS_RST.APRQ_11_0705.0-65d283d8b2-hpp_m79x,final,1.7502,1.559,29,1,,729.643
5d85b7095e141faa,C:\Users\USER\lpopt_work\kit_frontier\runs\fpcamp_minfr_hgd569_f125\master\master_work\worker_06\5d85b7095e141faa__MAS_RST.APRQ_11_0705.0-a54a2ccbb5-dbiz78en,final,1.7615,1.5281,29,1,,730.982
64566a396cf49015,C:\Users\USER\lpopt_work\kit_frontier\runs\fpcamp_minfr_hgd569_f125\master\master_work\worker_06\64566a396cf49015__MAS_RST.APRQ_11_0705.0-a85300f5ff-3nud68ld,final,1.7101,1.4999,29,1,,732.922
72ebdbd9e9995fc5,C:\Users\USER\lpopt_work\kit_frontier\runs\fpcamp_minfr_hgd569_f125\master\master_work\worker_06\72ebdbd9e9995fc5__MAS_RST.APRQ_11_0705.0-168179f1d5-woew8qme,final,1.7566,1.4948,29,1,,728.123
a126be6fc6078609,C:\Users\USER\lpopt_work\kit_frontier\runs\fpcamp_minfr_hgd569_f125\master\master_work\worker_06\a126be6fc6078609__MAS_RST.APRQ_11_0705.0-03d8caf345-6onzd36v,final,1.6927,1.4963,29,1,,731.098
,C:\Users\USER\lpopt_work\kit_frontier\runs\fpcamp_minfr_hgd569_f125\master\master_work\worker_06\aa3718c6fb80ca4f__MAS_RST.APRQ_11_0705.0-d3560e8d0a-mi28ln78,nonfinite,,,0,0,,
2e960ec36690af03,C:\Users\USER\lpopt_work\kit_frontier\runs\fpcamp_minfr_hgd569_f125\master\master_work\worker_07\2e960ec36690af03__MAS_RST.APRQ_11_0705.0-6117cc82f7-yoyju8vi,final,2.1655,1.8934,29,1,,731.232
3affdcabbe1ca611,C:\Users\USER\lpopt_work\kit_frontier\runs\fpcamp_minfr_hgd569_f125\master\master_work\worker_07\3affdcabbe1ca611__MAS_RST.APRQ_11_0705.0-bf983f0edd-m4trchso,final,1.8678,1.6343,29,1,,725.835
466938ab421bc42c,C:\Users\USER\lpopt_work\kit_frontier\runs\fpcamp_minfr_hgd569_f125\master\master_work\worker_07\466938ab421bc42c__MAS_RST.APRQ_11_0705.0-ec2f99263d-z2cqjdh_,final,2.0296,1.7099,29,1,,733.33
5926aff1340506ba,C:\Users\USER\lpopt_work\kit_frontier\runs\fpcamp_minfr_hgd569_f125\master\master_work\worker_07\5926aff1340506ba__MAS_RST.APRQ_11_0705.0-a33e825716-xs60l6rr,final,2.3952,2.1578,29,1,,727.697
5a279d8faa0f8550,C:\Users\USER\lpopt_work\kit_frontier\runs\fpcamp_minfr_hgd569_f125\master\master_work\worker_07\5a279d8faa0f8550__MAS_RST.APRQ_11_0705.0-e1095258f3-v_g1dabv,final,1.8541,1.5534,29,1,,732.751
6331eadf0bbe53c7,C:\Users\USER\lpopt_work\kit_frontier\runs\fpcamp_minfr_hgd569_f125\master\master_work\worker_07\6331eadf0bbe53c7__MAS_RST.APRQ_11_0705.0-c452c0b917-5mv8qd68,final,2.0809,1.8381,29,1,,731.439
63d89cb95286c8f5,C:\Users\USER\lpopt_work\kit_frontier\runs\fpcamp_minfr_hgd569_f125\master\master_work\worker_07\63d89cb95286c8f5__MAS_RST.APRQ_11_0705.0-7d82342ebb-r6dtvtr5,final,2.2502,2.0168,28,1,,709.051
0562c6764e414c5c,C:\Users\USER\lpopt_work\kit_frontier\runs\fpcamp_minfr_hgd569_f125_seedctl\master\master_work\worker_00\0562c6764e414c5c__MAS_RST.APRQ_11_0705.0-8d880a56c8-6kpga6_4,final,1.8403,1.6161,29,1,,734.929
231deab948fc68af,C:\Users\USER\lpopt_work\kit_frontier\runs\fpcamp_minfr_hgd569_f125_seedctl\master\master_work\worker_00\231deab948fc68af__MAS_RST.APRQ_11_0705.0-f72b451506-blvnw0x5,final,1.6658,1.4655,29,1,,731.11
409267c2cc5a0b7a,C:\Users\USER\lpopt_work\kit_frontier\runs\fpcamp_minfr_hgd569_f125_seedctl\master\master_work\worker_00\409267c2cc5a0b7a__MAS_RST.APRQ_11_0705.0-4c7b02b371-dwoyk1h4,final,1.7396,1.5253,29,1,,733.452
babc6314673bec57,C:\Users\USER\lpopt_work\kit_frontier\runs\fpcamp_minfr_hgd569_f125_seedctl\master\master_work\worker_00\babc6314673bec57__MAS_RST.APRQ_11_0705.0-918944a63b-e1g0m_38,final,1.744,1.5344,29,1,,731.896
c272f3c08c4b8789,C:\Users\USER\lpopt_work\kit_frontier\runs\fpcamp_minfr_hgd569_f125_seedctl\master\master_work\worker_00\c272f3c08c4b8789__MAS_RST.APRQ_11_0705.0-bf286fa740-qkgna7ry,final,1.7388,1.5051,29,1,,732.705
d8c498c008bb220c,C:\Users\USER\lpopt_work\kit_frontier\runs\fpcamp_minfr_hgd569_f125_seedctl\master\master_work\worker_00\d8c498c008bb220c__MAS_RST.APRQ_11_0705.0-a8a87f8727-dsj7guvj,final,1.6983,1.4765,29,1,,732.846
e246d16e59a74ae7,C:\Users\USER\lpopt_work\kit_frontier\runs\fpcamp_minfr_hgd569_f125_seedctl\master\master_work\worker_00\e246d16e59a74ae7__MAS_RST.APRQ_11_0705.0-4d51248a26-q0hu1vss,final,1.8553,1.6319,29,1,,734.931
e8ee0c50bd0c59e7,C:\Users\USER\lpopt_work\kit_frontier\runs\fpcamp_minfr_hgd569_f125_seedctl\master\master_work\worker_00\e8ee0c50bd0c59e7__MAS_RST.APRQ_11_0705.0-7d216e8f77-u7413dc9,final,1.707,1.4494,29,1,,731.457
0d7e769023ed6c66,C:\Users\USER\lpopt_work\kit_frontier\runs\fpcamp_minfr_hgd569_f125_seedctl\master\master_work\worker_01\0d7e769023ed6c66__MAS_RST.APRQ_11_0705.0-7b097cfe35-d3cgvytb,final,1.6624,1.4662,29,1,,730.989
102688bec647ba11,C:\Users\USER\lpopt_work\kit_frontier\runs\fpcamp_minfr_hgd569_f125_seedctl\master\master_work\worker_01\102688bec647ba11__MAS_RST.APRQ_11_0705.0-d3c7c9dc1e-8_uyskex,final,1.7349,1.5257,29,1,,731.019
3a273219f434aa87,C:\Users\USER\lpopt_work\kit_frontier\runs\fpcamp_minfr_hgd569_f125_seedctl\master\master_work\worker_01\3a273219f434aa87__MAS_RST.APRQ_11_0705.0-74f796ac5c-hze70s2g,final,1.8272,1.6048,29,1,,733.571
5539fc41170e0049,C:\Users\USER\lpopt_work\kit_frontier\runs\fpcamp_minfr_hgd569_f125_seedctl\master\master_work\worker_01\5539fc41170e0049__MAS_RST.APRQ_11_0705.0-2f6fd22669-j6k92n7y,final,1.7525,1.54,29,1,,732.765
59e635e308bb6a2e,C:\Users\USER\lpopt_work\kit_frontier\runs\fpcamp_minfr_hgd569_f125_seedctl\master\master_work\worker_01\59e635e308bb6a2e__MAS_RST.APRQ_11_0705.0-c5e4b88b20-4b53srqz,final,1.6788,1.444,29,1,,729.775
5adc24a6f1d08748,C:\Users\USER\lpopt_work\kit_frontier\runs\fpcamp_minfr_hgd569_f125_seedctl\master\master_work\worker_01\5adc24a6f1d08748__MAS_RST.APRQ_11_0705.0-82d1a4ff1f-1bdeqnfx,final,1.7035,1.496,29,1,,732.431
87c43e53bb9f9524,C:\Users\USER\lpopt_work\kit_frontier\runs\fpcamp_minfr_hgd569_f125_seedctl\master\master_work\worker_01\87c43e53bb9f9524__MAS_RST.APRQ_11_0705.0-dce0479c7e-leo43jbm,final,1.6835,1.4478,29,1,,730.684
da5b3707e56cdc5c,C:\Users\USER\lpopt_work\kit_frontier\runs\fpcamp_minfr_hgd569_f125_seedctl\master\master_work\worker_01\da5b3707e56cdc5c__MAS_RST.APRQ_11_0705.0-b2b319cf7d-no8o5ekf,final,1.7564,1.5411,29,1,,732.116
14082cfc81710760,C:\Users\USER\lpopt_work\kit_frontier\runs\fpcamp_minfr_hgd569_f125_seedctl\master\master_work\worker_02\14082cfc81710760__MAS_RST.APRQ_11_0705.0-7ec4f6ac49-pn5v0mbb,final,1.7393,1.5286,29,1,,731.073
1b9f1ce4af3b2d09,C:\Users\USER\lpopt_work\kit_frontier\runs\fpcamp_minfr_hgd569_f125_seedctl\master\master_work\worker_02\1b9f1ce4af3b2d09__MAS_RST.APRQ_11_0705.0-55171173a5-2w15754g,final,1.7656,1.5596,29,1,,730.431
2311f5eb5d3503a8,C:\Users\USER\lpopt_work\kit_frontier\runs\fpcamp_minfr_hgd569_f125_seedctl\master\master_work\worker_02\2311f5eb5d3503a8__MAS_RST.APRQ_11_0705.0-b5849d62f4-uioa797r,final,1.8065,1.582,29,1,,734.373
6f44252c2119e2dd,C:\Users\USER\lpopt_work\kit_frontier\runs\fpcamp_minfr_hgd569_f125_seedctl\master\master_work\worker_02\6f44252c2119e2dd__MAS_RST.APRQ_11_0705.0-b3e5b5aeaa-sbe34l1n,final,1.684,1.4744,29,1,,731.147
b010f21bf627db2d,C:\Users\USER\lpopt_work\kit_frontier\runs\fpcamp_minfr_hgd569_f125_seedctl\master\master_work\worker_02\b010f21bf627db2d__MAS_RST.APRQ_11_0705.0-8c4a0afaf7-0ghpjurp,final,1.6421,1.4468,29,1,,730.799
d3c8180832728fb5,C:\Users\USER\lpopt_work\kit_frontier\runs\fpcamp_minfr_hgd569_f125_seedctl\master\master_work\worker_02\d3c8180832728fb5__MAS_RST.APRQ_11_0705.0-e1d79ef153-1ye9oo9g,final,1.6852,1.4554,29,1,,730.497
d7d55a2a0437c99b,C:\Users\USER\lpopt_work\kit_frontier\runs\fpcamp_minfr_hgd569_f125_seedctl\master\master_work\worker_02\d7d55a2a0437c99b__MAS_RST.APRQ_11_0705.0-15f7b68e60-hjfqua00,final,1.7312,1.5198,29,1,,732.631
e68d1405705a386a,C:\Users\USER\lpopt_work\kit_frontier\runs\fpcamp_minfr_hgd569_f125_seedctl\master\master_work\worker_02\e68d1405705a386a__MAS_RST.APRQ_11_0705.0-4c9213d812-9u7ckci5,final,1.7584,1.5475,29,1,,732.101
1ee9eb99427dfe85,C:\Users\USER\lpopt_work\kit_frontier\runs\fpcamp_minfr_hgd569_f125_seedctl\master\master_work\worker_03\1ee9eb99427dfe85__MAS_RST.APRQ_11_0705.0-c2d484e4be-ip6hgnq8,final,1.6501,1.4546,29,1,,731.526
5927503570b9c38e,C:\Users\USER\lpopt_work\kit_frontier\runs\fpcamp_minfr_hgd569_f125_seedctl\master\master_work\worker_03\5927503570b9c38e__MAS_RST.APRQ_11_0705.0-4149e42e1f-wncife1c,final,1.6668,1.4639,29,1,,729.634
71303b50bb6361a7,C:\Users\USER\lpopt_work\kit_frontier\runs\fpcamp_minfr_hgd569_f125_seedctl\master\master_work\worker_03\71303b50bb6361a7__MAS_RST.APRQ_11_0705.0-44c6fb91ff-vd1penbh,final,1.7656,1.5547,29,1,,733.218
94b8b1f3ace03852,C:\Users\USER\lpopt_work\kit_frontier\runs\fpcamp_minfr_hgd569_f125_seedctl\master\master_work\worker_03\94b8b1f3ace03852__MAS_RST.APRQ_11_0705.0-fdae755df8-lx0_26a6,final,1.715,1.5109,29,1,,729.711
c438ef44fded7458,C:\Users\USER\lpopt_work\kit_frontier\runs\fpcamp_minfr_hgd569_f125_seedctl\master\master_work\worker_03\c438ef44fded7458__MAS_RST.APRQ_11_0705.0-54eaf573f9-v9girjbw,final,1.7121,1.5014,29,1,,730.599
c4d5c576d5b0627f,C:\Users\USER\lpopt_work\kit_frontier\runs\fpcamp_minfr_hgd569_f125_seedctl\master\master_work\worker_03\c4d5c576d5b0627f__MAS_RST.APRQ_11_0705.0-89cedf3a0b-fapb1kpx,final,1.6832,1.4862,29,1,,730.274
c76e26fcc38b8b3e,C:\Users\USER\lpopt_work\kit_frontier\runs\fpcamp_minfr_hgd569_f125_seedctl\master\master_work\worker_03\c76e26fcc38b8b3e__MAS_RST.APRQ_11_0705.0-98bac8dfdd-l7auxic_,final,1.8015,1.5833,29,1,,734.932
ea3d76d2c2bbf610,C:\Users\USER\lpopt_work\kit_frontier\runs\fpcamp_minfr_hgd569_f125_seedctl\master\master_work\worker_03\ea3d76d2c2bbf610__MAS_RST.APRQ_11_0705.0-d4529a8eda-nwus157o,final,1.6961,1.4882,29,1,,731.199
1012f47b347aa194,C:\Users\USER\lpopt_work\kit_frontier\runs\fpcamp_minfr_hgd569_f125_seedctl\master\master_work\worker_04\1012f47b347aa194__MAS_RST.APRQ_11_0705.0-4f54567b39-yepu9k1s,final,1.7729,1.5607,29,1,,732.654
126e05700dee0fbe,C:\Users\USER\lpopt_work\kit_frontier\runs\fpcamp_minfr_hgd569_f125_seedctl\master\master_work\worker_04\126e05700dee0fbe__MAS_RST.APRQ_11_0705.0-7df10b7714-kd1_8e5b,final,1.7659,1.5516,29,1,,730.754
7e42cb043b8507f9,C:\Users\USER\lpopt_work\kit_frontier\runs\fpcamp_minfr_hgd569_f125_seedctl\master\master_work\worker_04\7e42cb043b8507f9__MAS_RST.APRQ_11_0705.0-450907a13e-rhow_cjo,final,1.6609,1.4496,29,1,,731.155
a5a9c52915b5be5f,C:\Users\USER\lpopt_work\kit_frontier\runs\fpcamp_minfr_hgd569_f125_seedctl\master\master_work\worker_04\a5a9c52915b5be5f__MAS_RST.APRQ_11_0705.0-422b3fdc3b-5k8h_m_2,final,1.6953,1.4578,29,1,,730.728
e17205ad73d2ab44,C:\Users\USER\lpopt_work\kit_frontier\runs\fpcamp_minfr_hgd569_f125_seedctl\master\master_work\worker_04\e17205ad73d2ab44__MAS_RST.APRQ_11_0705.0-f1713f263a-es0loy_s,final,1.6792,1.4751,29,1,,733.019
e79293a50e9f06ae,C:\Users\USER\lpopt_work\kit_frontier\runs\fpcamp_minfr_hgd569_f125_seedctl\master\master_work\worker_04\e79293a50e9f06ae__MAS_RST.APRQ_11_0705.0-b57400e604-z87f_z8o,final,1.6782,1.4845,29,1,,732.94
fdfe6b308a72315c,C:\Users\USER\lpopt_work\kit_frontier\runs\fpcamp_minfr_hgd569_f125_seedctl\master\master_work\worker_04\fdfe6b308a72315c__MAS_RST.APRQ_11_0705.0-4726476cb9-no8cixs1,final,1.703,1.4748,29,1,,731.01
,C:\Users\USER\lpopt_work\kit_frontier\runs\fpcamp_minfr_hgd569_f125_seedctl\master\master_work\worker_05\423237e92f96a0fa__MAS_RST.APRQ_11_0705.0-58af021512-dth9ioh8,nonfinite,,,0,0,,
65cd41c3ceb85d3a,C:\Users\USER\lpopt_work\kit_frontier\runs\fpcamp_minfr_hgd569_f125_seedctl\master\master_work\worker_05\65cd41c3ceb85d3a__MAS_RST.APRQ_11_0705.0-64f38102bb-37cfpty7,final,1.7017,1.491,29,1,,731.795
,C:\Users\USER\lpopt_work\kit_frontier\runs\fpcamp_minfr_hgd569_f125_seedctl\master\master_work\worker_05\7d4ad25bebc14111__MAS_RST.APRQ_11_0705.0-dd6e68d30f-zxjhy9gi,nonfinite,,,0,0,,
,C:\Users\USER\lpopt_work\kit_frontier\runs\fpcamp_minfr_hgd569_f125_seedctl\master\master_work\worker_05\8ef784678ad7a988__MAS_RST.APRQ_11_0705.0-7222db373e-q8grsive,nonfinite,,,0,0,,
,C:\Users\USER\lpopt_work\kit_frontier\runs\fpcamp_minfr_hgd569_f125_seedctl\master\master_work\worker_05\b4af5b216a008416__MAS_RST.APRQ_11_0705.0-ec3347ec5b-hit9o3jr,nonfinite,,,0,0,,
bbeccb4b8a8c20d6,C:\Users\USER\lpopt_work\kit_frontier\runs\fpcamp_minfr_hgd569_f125_seedctl\master\master_work\worker_05\bbeccb4b8a8c20d6__MAS_RST.APRQ_11_0705.0-41917d7125-ezuqlyr8,final,1.6746,1.4397,29,1,,730.505
,C:\Users\USER\lpopt_work\kit_frontier\runs\fpcamp_minfr_hgd569_f125_seedctl\master\master_work\worker_05\d0ee7fcb6b148c16__MAS_RST.APRQ_11_0705.0-51610d579f-nw23vg4y,nonfinite,,,0,0,,
,C:\Users\USER\lpopt_work\kit_frontier\runs\fpcamp_minfr_hgd569_f125_seedctl\master\master_work\worker_06\12757e75a8cd3e8f__MAS_RST.APRQ_11_0705.0-033d5ddaf7-r1i7s5kx,nonfinite,,,0,0,,
130c8bb62477d3b0,C:\Users\USER\lpopt_work\kit_frontier\runs\fpcamp_minfr_hgd569_f125_seedctl\master\master_work\worker_06\130c8bb62477d3b0__MAS_RST.APRQ_11_0705.0-77a8136b6a-ihinnsem,final,1.7231,1.5075,29,1,,731.755
,C:\Users\USER\lpopt_work\kit_frontier\runs\fpcamp_minfr_hgd569_f125_seedctl\master\master_work\worker_06\4bf99c6b9093d5ee__MAS_RST.APRQ_11_0705.0-ae50ef9dd2-9tm5pzis,nonfinite,,,0,0,,
,C:\Users\USER\lpopt_work\kit_frontier\runs\fpcamp_minfr_hgd569_f125_seedctl\master\master_work\worker_06\4c6aad157d535eb1__MAS_RST.APRQ_11_0705.0-9b306fb0d7-bwbyv7p2,nonfinite,,,0,0,,
8467c6fb131a8952,C:\Users\USER\lpopt_work\kit_frontier\runs\fpcamp_minfr_hgd569_f125_seedctl\master\master_work\worker_06\8467c6fb131a8952__MAS_RST.APRQ_11_0705.0-6d683e18c4-_ffdcatq,final,1.6835,1.453,29,1,,730.78
,C:\Users\USER\lpopt_work\kit_frontier\runs\fpcamp_minfr_hgd569_f125_seedctl\master\master_work\worker_06\ab62adefd9ea7b9a__MAS_RST.APRQ_11_0705.0-2412e13c75-mn14qefn,nonfinite,,,0,0,,
,C:\Users\USER\lpopt_work\kit_frontier\runs\fpcamp_minfr_hgd569_f125_seedctl\master\master_work\worker_06\b71a3307164a9e34__MAS_RST.APRQ_11_0705.0-3649836cea-q6cjeajh,nonfinite,,,0,0,,
17217627160463aa,C:\Users\USER\lpopt_work\kit_frontier\runs\fpcamp_minfr_hgd569_f125_seedctl\master\master_work\worker_07\17217627160463aa__MAS_RST.APRQ_11_0705.0-da918aac0e-xlzijbn0,final,6.3046,5.3158,28,0,above_ceiling,712.775
676f97cf80c96a78,C:\Users\USER\lpopt_work\kit_frontier\runs\fpcamp_minfr_hgd569_f125_seedctl\master\master_work\worker_07\676f97cf80c96a78__MAS_RST.APRQ_11_0705.0-ac472d365e-6l6ldi6e,final,2.1264,1.7733,29,1,,731.593
,C:\Users\USER\lpopt_work\kit_frontier\runs\fpcamp_minfr_hgd569_f125_seedctl\master\master_work\worker_07\7ce996731bcc2c1e__MAS_RST.APRQ_11_0705.0-7fd4f19e0b-9rvmazs_,nonfinite,,,0,0,,
7e8cc406dcf1e8bc,C:\Users\USER\lpopt_work\kit_frontier\runs\fpcamp_minfr_hgd569_f125_seedctl\master\master_work\worker_07\7e8cc406dcf1e8bc__MAS_RST.APRQ_11_0705.0-a37bcdb237-_9ib_ytw,final,1.7796,1.5719,29,1,,732.164
9808b42c8279fbaf,C:\Users\USER\lpopt_work\kit_frontier\runs\fpcamp_minfr_hgd569_f125_seedctl\master\master_work\worker_07\9808b42c8279fbaf__MAS_RST.APRQ_11_0705.0-30cc24c3bd-ah0ztl4m,final,1.8093,1.5866,29,1,,729.259
,C:\Users\USER\lpopt_work\kit_frontier\runs\fpcamp_minfr_hgd569_f125_seedctl\master\master_work\worker_07\bc4bd0a94d1a90f3__MAS_RST.APRQ_11_0705.0-ebca841120-y3404hgo,nonfinite,,,0,0,,
f2e475761d1dda08,C:\Users\USER\lpopt_work\kit_frontier\runs\fpcamp_minfr_hgd569_f125_seedctl\master\master_work\worker_07\f2e475761d1dda08__MAS_RST.APRQ_11_0705.0-f3516c3590-mpw6i2bk,final,2.1049,1.8104,29,1,,727.884
1089ccde5ef7d49b,C:\Users\USER\lpopt_work\kit_frontier\runs\fpcamp_minfr_N1N2_f113\master\master_work\worker_00\1089ccde5ef7d49b__MAS_RST.APRQ_11_0677.2-97332a4653-uqbpvpd4,final,1.7112,1.5556,27,1,,641.085
16512395a4727dc0,C:\Users\USER\lpopt_work\kit_frontier\runs\fpcamp_minfr_N1N2_f113\master\master_work\worker_00\16512395a4727dc0__MAS_RST.APRQ_11_0677.2-48a2ec18eb-p5jo0uzn,final,1.6165,1.4615,27,1,,639.209
1bf9a0a7b9c09a04,C:\Users\USER\lpopt_work\kit_frontier\runs\fpcamp_minfr_N1N2_f113\master\master_work\worker_00\1bf9a0a7b9c09a04__MAS_RST.APRQ_11_0677.2-a67d23b3d2-4a1h2s_t,final,1.6411,1.4803,27,1,,638.622
2599e0a4c86469a3,C:\Users\USER\lpopt_work\kit_frontier\runs\fpcamp_minfr_N1N2_f113\master\master_work\worker_00\2599e0a4c86469a3__MAS_RST.APRQ_11_0677.2-bdffcc2ef9-e_v7vvqv,final,1.7042,1.5688,27,1,,643.488
4bdb33715f22b0b6,C:\Users\USER\lpopt_work\kit_frontier\runs\fpcamp_minfr_N1N2_f113\master\master_work\worker_00\4bdb33715f22b0b6__MAS_RST.APRQ_11_0677.2-f4089a9113-sui0mnae,final,1.6386,1.4756,27,1,,639.946
50cb2e9b4fec2874,C:\Users\USER\lpopt_work\kit_frontier\runs\fpcamp_minfr_N1N2_f113\master\master_work\worker_00\50cb2e9b4fec2874__MAS_RST.APRQ_11_0677.2-482e9d4e6a-5zqdwahq,final,1.6219,1.4685,27,1,,641.674
61784d392ab8ca1f,C:\Users\USER\lpopt_work\kit_frontier\runs\fpcamp_minfr_N1N2_f113\master\master_work\worker_00\61784d392ab8ca1f__MAS_RST.APRQ_11_0677.2-64c4faa9a8-jhkthaqu,final,1.6378,1.4819,27,1,,638.766
69d2c9d99ecdbaf1,C:\Users\USER\lpopt_work\kit_frontier\runs\fpcamp_minfr_N1N2_f113\master\master_work\worker_00\69d2c9d99ecdbaf1__MAS_RST.APRQ_11_0677.2-276ca63cb6-r5t21iny,final,1.6118,1.455,27,1,,640.405
8ce3d68f41c8250e,C:\Users\USER\lpopt_work\kit_frontier\runs\fpcamp_minfr_N1N2_f113\master\master_work\worker_00\8ce3d68f41c8250e__MAS_RST.APRQ_11_0677.2-d83882f572-kbfva3_6,final,1.6293,1.473,27,1,,640.235
91059f71407c5219,C:\Users\USER\lpopt_work\kit_frontier\runs\fpcamp_minfr_N1N2_f113\master\master_work\worker_00\91059f71407c5219__MAS_RST.APRQ_11_0677.2-9b1462dc03-_pdm_2nr,final,1.6945,1.5154,27,1,,635.207
bd37b9f23f977105,C:\Users\USER\lpopt_work\kit_frontier\runs\fpcamp_minfr_N1N2_f113\master\master_work\worker_00\bd37b9f23f977105__MAS_RST.APRQ_11_0677.2-8c598accfd-2m32ug4p,final,1.6471,1.4899,27,1,,635.71
c48b0a1473a1fa9b,C:\Users\USER\lpopt_work\kit_frontier\runs\fpcamp_minfr_N1N2_f113\master\master_work\worker_00\c48b0a1473a1fa9b__MAS_RST.APRQ_11_0677.2-8ae71f8eba-4qg7ghqg,final,1.6387,1.4822,27,1,,641.472
ee21f7622540e6da,C:\Users\USER\lpopt_work\kit_frontier\runs\fpcamp_minfr_N1N2_f113\master\master_work\worker_00\ee21f7622540e6da__MAS_RST.APRQ_11_0677.2-43820c7428-f5z99227,final,1.6482,1.4846,27,1,,634.693
03bb970ec8f78820,C:\Users\USER\lpopt_work\kit_frontier\runs\fpcamp_minfr_N1N2_f113\master\master_work\worker_01\03bb970ec8f78820__MAS_RST.APRQ_11_0677.2-17830af756-5gx5umyw,final,1.6187,1.4634,27,1,,639.011
03c278c4f62d91ee,C:\Users\USER\lpopt_work\kit_frontier\runs\fpcamp_minfr_N1N2_f113\master\master_work\worker_01\03c278c4f62d91ee__MAS_RST.APRQ_11_0677.2-e2cdfad62b-dlth0pl8,final,1.6992,1.5159,27,1,,637.776
1d41f2fe00b41f29,C:\Users\USER\lpopt_work\kit_frontier\runs\fpcamp_minfr_N1N2_f113\master\master_work\worker_01\1d41f2fe00b41f29__MAS_RST.APRQ_11_0677.2-6e39cf3c91-odvpvarw,final,1.6746,1.5289,27,1,,651.103
2c0b854a9f02948f,C:\Users\USER\lpopt_work\kit_frontier\runs\fpcamp_minfr_N1N2_f113\master\master_work\worker_01\2c0b854a9f02948f__MAS_RST.APRQ_11_0677.2-a92a4d5297-uhwi96o6,final,1.6197,1.4584,27,1,,639.82
4e8ea142daa627cb,C:\Users\USER\lpopt_work\kit_frontier\runs\fpcamp_minfr_N1N2_f113\master\master_work\worker_01\4e8ea142daa627cb__MAS_RST.APRQ_11_0677.2-28f4b01f69-9ght58kw,final,1.5891,1.4466,27,1,,634.34
588903f291b05944,C:\Users\USER\lpopt_work\kit_frontier\runs\fpcamp_minfr_N1N2_f113\master\master_work\worker_01\588903f291b05944__MAS_RST.APRQ_11_0677.2-083f4d0015-q2ful1hx,final,1.6125,1.4556,27,1,,639.067
6c07abc42e85bcbe,C:\Users\USER\lpopt_work\kit_frontier\runs\fpcamp_minfr_N1N2_f113\master\master_work\worker_01\6c07abc42e85bcbe__MAS_RST.APRQ_11_0677.2-4429a97c6e-w_jz3spv,final,1.7341,1.5592,27,1,,648.224
8a537c969a6ddb8d,C:\Users\USER\lpopt_work\kit_frontier\runs\fpcamp_minfr_N1N2_f113\master\master_work\worker_01\8a537c969a6ddb8d__MAS_RST.APRQ_11_0677.2-150ae94b3a-ihniz71x,final,1.6411,1.4722,27,1,,641.723
9a61a68203431666,C:\Users\USER\lpopt_work\kit_frontier\runs\fpcamp_minfr_N1N2_f113\master\master_work\worker_01\9a61a68203431666__MAS_RST.APRQ_11_0677.2-b0cf255f40-lonhdszy,final,1.617,1.4596,27,1,,638.797
9b4718f1645ba5df,C:\Users\USER\lpopt_work\kit_frontier\runs\fpcamp_minfr_N1N2_f113\master\master_work\worker_01\9b4718f1645ba5df__MAS_RST.APRQ_11_0677.2-83a938c26a-ir71m82s,final,1.6104,1.4529,27,1,,639.896
9bdfc1d6f0027cfd,C:\Users\USER\lpopt_work\kit_frontier\runs\fpcamp_minfr_N1N2_f113\master\master_work\worker_01\9bdfc1d6f0027cfd__MAS_RST.APRQ_11_0677.2-2ee86004d4-frcbgkef,final,1.6275,1.4728,27,1,,639.633
b23eefd83c7e64cf,C:\Users\USER\lpopt_work\kit_frontier\runs\fpcamp_minfr_N1N2_f113\master\master_work\worker_01\b23eefd83c7e64cf__MAS_RST.APRQ_11_0677.2-a6b225ec69-4j9rp5lb,final,1.7008,1.5528,27,1,,643.766
d621e681e9f5acfb,C:\Users\USER\lpopt_work\kit_frontier\runs\fpcamp_minfr_N1N2_f113\master\master_work\worker_01\d621e681e9f5acfb__MAS_RST.APRQ_11_0677.2-8ffe27b278-gbq5rgom,final,1.6355,1.4745,27,1,,640.459
09bec518c9bd8af9,C:\Users\USER\lpopt_work\kit_frontier\runs\fpcamp_minfr_N1N2_f113\master\master_work\worker_02\09bec518c9bd8af9__MAS_RST.APRQ_11_0677.2-e74252c467-qh92tufe,final,1.6365,1.4773,27,1,,638.751
0b2a98082bd42073,C:\Users\USER\lpopt_work\kit_frontier\runs\fpcamp_minfr_N1N2_f113\master\master_work\worker_02\0b2a98082bd42073__MAS_RST.APRQ_11_0677.2-39d96940a8-p3hxlrgw,final,1.602,1.4436,27,1,,639.51
44ca5bc7794c4f58,C:\Users\USER\lpopt_work\kit_frontier\runs\fpcamp_minfr_N1N2_f113\master\master_work\worker_02\44ca5bc7794c4f58__MAS_RST.APRQ_11_0677.2-e9803af1ce-xt9cw_6t,final,1.6361,1.4836,27,1,,641.369
5aef07ebef00c966,C:\Users\USER\lpopt_work\kit_frontier\runs\fpcamp_minfr_N1N2_f113\master\master_work\worker_02\5aef07ebef00c966__MAS_RST.APRQ_11_0677.2-362a4e6436-94pdi2o0,final,1.6292,1.4764,27,1,,642.316
6e23eed7093afa7a,C:\Users\USER\lpopt_work\kit_frontier\runs\fpcamp_minfr_N1N2_f113\master\master_work\worker_02\6e23eed7093afa7a__MAS_RST.APRQ_11_0677.2-ab69c9bbe4-4cq59kx3,final,1.6044,1.4363,27,1,,640.351
70ad8c1a2952ada2,C:\Users\USER\lpopt_work\kit_frontier\runs\fpcamp_minfr_N1N2_f113\master\master_work\worker_02\70ad8c1a2952ada2__MAS_RST.APRQ_11_0677.2-d419bf6eb9-or54f4ua,final,1.6314,1.4795,27,1,,637.81
7a394ceb808a50f2,C:\Users\USER\lpopt_work\kit_frontier\runs\fpcamp_minfr_N1N2_f113\master\master_work\worker_02\7a394ceb808a50f2__MAS_RST.APRQ_11_0677.2-4dba48057a-wn2n68qn,final,1.7074,1.5276,27,1,,642.893
802e97eb957f441b,C:\Users\USER\lpopt_work\kit_frontier\runs\fpcamp_minfr_N1N2_f113\master\master_work\worker_02\802e97eb957f441b__MAS_RST.APRQ_11_0677.2-b9a874bf05-i6_38x1y,final,1.5958,1.44,27,1,,641.635
ad68af4902c053d4,C:\Users\USER\lpopt_work\kit_frontier\runs\fpcamp_minfr_N1N2_f113\master\master_work\worker_02\ad68af4902c053d4__MAS_RST.APRQ_11_0677.2-877331361e-rxp209qd,final,1.6961,1.529,27,1,,636.734
ae0f20a8f9ec60ad,C:\Users\USER\lpopt_work\kit_frontier\runs\fpcamp_minfr_N1N2_f113\master\master_work\worker_02\ae0f20a8f9ec60ad__MAS_RST.APRQ_11_0677.2-f33a1ca84d-5hnloycz,final,1.6363,1.4755,27,1,,640.191
c17fbe42fd1872da,C:\Users\USER\lpopt_work\kit_frontier\runs\fpcamp_minfr_N1N2_f113\master\master_work\worker_02\c17fbe42fd1872da__MAS_RST.APRQ_11_0677.2-9066ccc94e-ojz6xgy4,final,1.6576,1.4599,27,1,,638.713
c6da445a6ef6e43b,C:\Users\USER\lpopt_work\kit_frontier\runs\fpcamp_minfr_N1N2_f113\master\master_work\worker_02\c6da445a6ef6e43b__MAS_RST.APRQ_11_0677.2-251fa58df7-3tqnucof,final,1.7199,1.5638,27,1,,645.04
ee33fa546dce45fe,C:\Users\USER\lpopt_work\kit_frontier\runs\fpcamp_minfr_N1N2_f113\master\master_work\worker_02\ee33fa546dce45fe__MAS_RST.APRQ_11_0677.2-b7a3a82e22-29rfmios,final,1.7255,1.5267,27,1,,642.93
1cc5dbcdd093ddf4,C:\Users\USER\lpopt_work\kit_frontier\runs\fpcamp_minfr_N1N2_f113\master\master_work\worker_03\1cc5dbcdd093ddf4__MAS_RST.APRQ_11_0677.2-3811b2533a-fu3z20z2,final,1.6713,1.4791,27,1,,639.259
262ad0e16391d792,C:\Users\USER\lpopt_work\kit_frontier\runs\fpcamp_minfr_N1N2_f113\master\master_work\worker_03\262ad0e16391d792__MAS_RST.APRQ_11_0677.2-8d86297d51-mjnmppbs,final,1.6168,1.4661,27,1,,641.133
3aabbef142c6c0de,C:\Users\USER\lpopt_work\kit_frontier\runs\fpcamp_minfr_N1N2_f113\master\master_work\worker_03\3aabbef142c6c0de__MAS_RST.APRQ_11_0677.2-9b405fe4cb-flv1h06g,final,1.6379,1.4578,27,1,,638.369
4928df3bf1ebe0cb,C:\Users\USER\lpopt_work\kit_frontier\runs\fpcamp_minfr_N1N2_f113\master\master_work\worker_03\4928df3bf1ebe0cb__MAS_RST.APRQ_11_0677.2-3205b994a6-y2153h38,final,1.6379,1.4813,27,1,,640.969
514c25076ce35f8c,C:\Users\USER\lpopt_work\kit_frontier\runs\fpcamp_minfr_N1N2_f113\master\master_work\worker_03\514c25076ce35f8c__MAS_RST.APRQ_11_0677.2-87cee8287b-f3d8flp6,final,1.6347,1.4759,27,1,,635.951
723bf00722726a71,C:\Users\USER\lpopt_work\kit_frontier\runs\fpcamp_minfr_N1N2_f113\master\master_work\worker_03\723bf00722726a71__MAS_RST.APRQ_11_0677.2-8d4d24b0cd-vfugh396,final,1.6404,1.4851,27,1,,641.383
94e92ae28fc33ac3,C:\Users\USER\lpopt_work\kit_frontier\runs\fpcamp_minfr_N1N2_f113\master\master_work\worker_03\94e92ae28fc33ac3__MAS_RST.APRQ_11_0677.2-186de481dd-1_oq_6u8,final,1.6719,1.5263,27,1,,649.33
96556e3aa2d860ec,C:\Users\USER\lpopt_work\kit_frontier\runs\fpcamp_minfr_N1N2_f113\master\master_work\worker_03\96556e3aa2d860ec__MAS_RST.APRQ_11_0677.2-174bf932a0-32m_mwj4,final,1.6491,1.4872,27,1,,635.475
9dd5d23de228d9f8,C:\Users\USER\lpopt_work\kit_frontier\runs\fpcamp_minfr_N1N2_f113\master\master_work\worker_03\9dd5d23de228d9f8__MAS_RST.APRQ_11_0677.2-c3397b0435-7mig1sx0,final,1.7252,1.5708,27,1,,642.376
a1e0fc0c322c6148,C:\Users\USER\lpopt_work\kit_frontier\runs\fpcamp_minfr_N1N2_f113\master\master_work\worker_03\a1e0fc0c322c6148__MAS_RST.APRQ_11_0677.2-132a31addb-54b7yyjh,final,1.6197,1.466,27,1,,642.212
a74915f0b3bea680,C:\Users\USER\lpopt_work\kit_frontier\runs\fpcamp_minfr_N1N2_f113\master\master_work\worker_03\a74915f0b3bea680__MAS_RST.APRQ_11_0677.2-ea1192edb0-epv81r7w,final,1.6675,1.5051,27,1,,633.392
b3b496b5dd17bb92,C:\Users\USER\lpopt_work\kit_frontier\runs\fpcamp_minfr_N1N2_f113\master\master_work\worker_03\b3b496b5dd17bb92__MAS_RST.APRQ_11_0677.2-16ab5e4de3-_l_ma_z6,final,1.6398,1.4823,27,1,,640.949
d479e2572830d4d3,C:\Users\USER\lpopt_work\kit_frontier\runs\fpcamp_minfr_N1N2_f113\master\master_work\worker_03\d479e2572830d4d3__MAS_RST.APRQ_11_0677.2-350411cdca-8afm891u,final,1.6133,1.4618,27,1,,639.728
002e89d14fcb43c6,C:\Users\USER\lpopt_work\kit_frontier\runs\fpcamp_minfr_N1N2_f113\master\master_work\worker_04\002e89d14fcb43c6__MAS_RST.APRQ_11_0677.2-fce2024ba2-63cztvqg,final,1.6486,1.4908,27,1,,635.342
042138fd48f55e07,C:\Users\USER\lpopt_work\kit_frontier\runs\fpcamp_minfr_N1N2_f113\master\master_work\worker_04\042138fd48f55e07__MAS_RST.APRQ_11_0677.2-2ea2eae738-vsatwkri,final,1.6165,1.4618,27,1,,639.409
0449f3ae23cc971c,C:\Users\USER\lpopt_work\kit_frontier\runs\fpcamp_minfr_N1N2_f113\master\master_work\worker_04\0449f3ae23cc971c__MAS_RST.APRQ_11_0677.2-b118b56170-9ywp6nt6,final,1.6671,1.5017,27,1,,634.104
11418dc273c66286,C:\Users\USER\lpopt_work\kit_frontier\runs\fpcamp_minfr_N1N2_f113\master\master_work\worker_04\11418dc273c66286__MAS_RST.APRQ_11_0677.2-ba1e886628-mzxf5kmr,final,1.6253,1.4682,27,1,,640.074
20b5e497c9528c53,C:\Users\USER\lpopt_work\kit_frontier\runs\fpcamp_minfr_N1N2_f113\master\master_work\worker_04\20b5e497c9528c53__MAS_RST.APRQ_11_0677.2-5be87920a5-dxmqs8je,final,1.5973,1.4414,27,1,,639.508
25ed9c546b924b7d,C:\Users\USER\lpopt_work\kit_frontier\runs\fpcamp_minfr_N1N2_f113\master\master_work\worker_04\25ed9c546b924b7d__MAS_RST.APRQ_11_0677.2-622e69d869-yk_rgf9v,final,1.7422,1.582,27,1,,645.404
26a6068aa71bf371,C:\Users\USER\lpopt_work\kit_frontier\runs\fpcamp_minfr_N1N2_f113\master\master_work\worker_04\26a6068aa71bf371__MAS_RST.APRQ_11_0677.2-14958a3d0b-nwiemf8v,final,1.6334,1.4792,27,1,,641.511
42492243130d1211,C:\Users\USER\lpopt_work\kit_frontier\runs\fpcamp_minfr_N1N2_f113\master\master_work\worker_04\42492243130d1211__MAS_RST.APRQ_11_0677.2-286a9bb0ac-cnjb5pkx,final,1.7459,1.5921,27,1,,641.511
4ae0a4e2ceefc776,C:\Users\USER\lpopt_work\kit_frontier\runs\fpcamp_minfr_N1N2_f113\master\master_work\worker_04\4ae0a4e2ceefc776__MAS_RST.APRQ_11_0677.2-2a770be4d7-vs1ey_ks,final,1.6159,1.4656,27,1,,641.247
74e6adeb57f95dbc,C:\Users\USER\lpopt_work\kit_frontier\runs\fpcamp_minfr_N1N2_f113\master\master_work\worker_04\74e6adeb57f95dbc__MAS_RST.APRQ_11_0677.2-4f09d5623a-xcchmt1p,final,1.6287,1.4766,27,1,,642.279
b948a479c1a28d0f,C:\Users\USER\lpopt_work\kit_frontier\runs\fpcamp_minfr_N1N2_f113\master\master_work\worker_04\b948a479c1a28d0f__MAS_RST.APRQ_11_0677.2-cd28b0c306-n84h7zmw,final,1.6223,1.4597,27,1,,638.853
f2362a77af00e191,C:\Users\USER\lpopt_work\kit_frontier\runs\fpcamp_minfr_N1N2_f113\master\master_work\worker_04\f2362a77af00e191__MAS_RST.APRQ_11_0677.2-2b4a1998f7-0ebw1wkd,final,1.7446,1.5928,27,1,,643.467
04ec272bd1e3977b,C:\Users\USER\lpopt_work\kit_frontier\runs\fpcamp_minfr_N1N2_f113\master\master_work\worker_05\04ec272bd1e3977b__MAS_RST.APRQ_11_0677.2-d856740053-knawj7yb,final,1.777,1.603,27,1,,647.523
0c31de6900c5baea,C:\Users\USER\lpopt_work\kit_frontier\runs\fpcamp_minfr_N1N2_f113\master\master_work\worker_05\0c31de6900c5baea__MAS_RST.APRQ_11_0677.2-04a516c97a-lmzayvks,final,1.8082,1.6518,27,1,,637.115
78b2b6d6e530c5a2,C:\Users\USER\lpopt_work\kit_frontier\runs\fpcamp_minfr_N1N2_f113\master\master_work\worker_05\78b2b6d6e530c5a2__MAS_RST.APRQ_11_0677.2-b1096c6bac-bjcvqyst,final,1.6974,1.5516,27,1,,645.175
7b6c3e1b8699210a,C:\Users\USER\lpopt_work\kit_frontier\runs\fpcamp_minfr_N1N2_f113\master\master_work\worker_05\7b6c3e1b8699210a__MAS_RST.APRQ_11_0677.2-69fd423832-rgfl7y_3,final,1.8032,1.6497,27,1,,631.335
992643d41e24e046,C:\Users\USER\lpopt_work\kit_frontier\runs\fpcamp_minfr_N1N2_f113\master\master_work\worker_05\992643d41e24e046__MAS_RST.APRQ_11_0677.2-47a74cb104-_36nes0x,final,1.7269,1.57,27,1,,630.942
9e072861d1e3c497,C:\Users\USER\lpopt_work\kit_frontier\runs\fpcamp_minfr_N1N2_f113\master\master_work\worker_05\9e072861d1e3c497__MAS_RST.APRQ_11_0677.2-25d906e5cc-u6r0kr1r,final,1.6149,1.4606,27,1,,641.49
a6a116ac9fd640a2,C:\Users\USER\lpopt_work\kit_frontier\runs\fpcamp_minfr_N1N2_f113\master\master_work\worker_05\a6a116ac9fd640a2__MAS_RST.APRQ_11_0677.2-509ccde8d4-grb15ksw,final,1.8361,1.6535,27,1,,631.16
b45c96013d1673b2,C:\Users\USER\lpopt_work\kit_frontier\runs\fpcamp_minfr_N1N2_f113\master\master_work\worker_05\b45c96013d1673b2__MAS_RST.APRQ_11_0677.2-7d779c970e-n6grd_lc,final,1.7323,1.5487,27,1,,634.397
c4bcef9c1a62ca62,C:\Users\USER\lpopt_work\kit_frontier\runs\fpcamp_minfr_N1N2_f113\master\master_work\worker_05\c4bcef9c1a62ca62__MAS_RST.APRQ_11_0677.2-98ec7418ba-fi28rbwd,final,1.6856,1.5018,27,1,,640.241
d15ad3c44d4353e4,C:\Users\USER\lpopt_work\kit_frontier\runs\fpcamp_minfr_N1N2_f113\master\master_work\worker_05\d15ad3c44d4353e4__MAS_RST.APRQ_11_0677.2-db769e8200-q7t3jaed,final,1.7767,1.6262,27,1,,633.939
ed236b401da1b305,C:\Users\USER\lpopt_work\kit_frontier\runs\fpcamp_minfr_N1N2_f113\master\master_work\worker_05\ed236b401da1b305__MAS_RST.APRQ_11_0677.2-972b189954-zz028htq,final,1.8499,1.6552,27,1,,638.898
f7edea734dae536a,C:\Users\USER\lpopt_work\kit_frontier\runs\fpcamp_minfr_N1N2_f113\master\master_work\worker_05\f7edea734dae536a__MAS_RST.APRQ_11_0677.2-c7c4902391-dk5rhkvf,final,1.7217,1.5737,27,1,,645.192
169fdfeb18da26a0,C:\Users\USER\lpopt_work\kit_frontier\runs\fpcamp_minfr_N1N2_f113\master\master_work\worker_06\169fdfeb18da26a0__MAS_RST.APRQ_11_0677.2-2a7659004e-aptalbfz,final,1.6509,1.4966,27,1,,633.244
271249e6de11d74c,C:\Users\USER\lpopt_work\kit_frontier\runs\fpcamp_minfr_N1N2_f113\master\master_work\worker_06\271249e6de11d74c__MAS_RST.APRQ_11_0677.2-7ab06c4a63-93sms9or,final,1.6872,1.5026,27,1,,640.313
34cbfc84aa0a9fbb,C:\Users\USER\lpopt_work\kit_frontier\runs\fpcamp_minfr_N1N2_f113\master\master_work\worker_06\34cbfc84aa0a9fbb__MAS_RST.APRQ_11_0677.2-2fa00a6094-tuvurx1f,final,1.7115,1.5619,27,1,,645.874
3502ae5fcd556a63,C:\Users\USER\lpopt_work\kit_frontier\runs\fpcamp_minfr_N1N2_f113\master\master_work\worker_06\3502ae5fcd556a63__MAS_RST.APRQ_11_0677.2-76d9e9cbd8-v4v6y_w8,final,1.6691,1.4909,27,1,,641.128
4d97061eef66d57f,C:\Users\USER\lpopt_work\kit_frontier\runs\fpcamp_minfr_N1N2_f113\master\master_work\worker_06\4d97061eef66d57f__MAS_RST.APRQ_11_0677.2-8bc6e559b2-j0ztowli,final,1.927,1.7293,26,1,,627.486
552595cd43afcb31,C:\Users\USER\lpopt_work\kit_frontier\runs\fpcamp_minfr_N1N2_f113\master\master_work\worker_06\552595cd43afcb31__MAS_RST.APRQ_11_0677.2-9932e0efa6-jzvoqecf,final,1.8633,1.6721,27,1,,633.995
6f934c3c5ea2ee52,C:\Users\USER\lpopt_work\kit_frontier\runs\fpcamp_minfr_N1N2_f113\master\master_work\worker_06\6f934c3c5ea2ee52__MAS_RST.APRQ_11_0677.2-626b39a0f2-2ook1dh9,final,1.7309,1.5497,27,1,,636.424
70f70c65a57a4453,C:\Users\USER\lpopt_work\kit_frontier\runs\fpcamp_minfr_N1N2_f113\master\master_work\worker_06\70f70c65a57a4453__MAS_RST.APRQ_11_0677.2-9583405c2c-3pclzixc,final,1.6287,1.4524,27,1,,639.457
8ed1bb77358fa826,C:\Users\USER\lpopt_work\kit_frontier\runs\fpcamp_minfr_N1N2_f113\master\master_work\worker_06\8ed1bb77358fa826__MAS_RST.APRQ_11_0677.2-548ba9cebe-bfboxvzm,final,1.6141,1.4612,27,1,,641.799
a8de96678ba62803,C:\Users\USER\lpopt_work\kit_frontier\runs\fpcamp_minfr_N1N2_f113\master\master_work\worker_06\a8de96678ba62803__MAS_RST.APRQ_11_0677.2-25b3eecf26-qe4eyw94,final,1.7936,1.5979,27,1,,640.811
dcfadadb6c52bd5f,C:\Users\USER\lpopt_work\kit_frontier\runs\fpcamp_minfr_N1N2_f113\master\master_work\worker_06\dcfadadb6c52bd5f__MAS_RST.APRQ_11_0677.2-bb6b016474-heq7hfrf,final,1.6422,1.4877,27,1,,632.792
fd006c48319c2e36,C:\Users\USER\lpopt_work\kit_frontier\runs\fpcamp_minfr_N1N2_f113\master\master_work\worker_06\fd006c48319c2e36__MAS_RST.APRQ_11_0677.2-ddf561adea-5i4_4ka1,final,1.8643,1.7142,27,1,,636.055
,C:\Users\USER\lpopt_work\kit_frontier\runs\fpcamp_minfr_N1N2_f113\master\master_work\worker_07\15ecf22334ca244b__MAS_RST.APRQ_11_0677.2-79d410f7ab-ow_delvk,nonfinite,,,0,0,,
1ea99a9f0af336a9,C:\Users\USER\lpopt_work\kit_frontier\runs\fpcamp_minfr_N1N2_f113\master\master_work\worker_07\1ea99a9f0af336a9__MAS_RST.APRQ_11_0677.2-be9f936d6e-vtttpi66,final,1.8428,1.6631,27,1,,632.6
54e80625097ffcdc,C:\Users\USER\lpopt_work\kit_frontier\runs\fpcamp_minfr_N1N2_f113\master\master_work\worker_07\54e80625097ffcdc__MAS_RST.APRQ_11_0677.2-3e975dfb4c-n46_etou,final,1.944,1.7068,27,1,,640.757
,C:\Users\USER\lpopt_work\kit_frontier\runs\fpcamp_minfr_N1N2_f113\master\master_work\worker_07\63b95102bc06cc4e__MAS_RST.APRQ_11_0677.2-48737e82f6-z61aprg8,nonfinite,,,0,0,,
8aa602f02be98bb2,C:\Users\USER\lpopt_work\kit_frontier\runs\fpcamp_minfr_N1N2_f113\master\master_work\worker_07\8aa602f02be98bb2__MAS_RST.APRQ_11_0677.2-e0db4b21b2-f0x0geja,final,1.8931,1.6444,27,1,,640.693
8f8ebceeada75dd6,C:\Users\USER\lpopt_work\kit_frontier\runs\fpcamp_minfr_N1N2_f113\master\master_work\worker_07\8f8ebceeada75dd6__MAS_RST.APRQ_11_0677.2-90000beda8-dslbv6xs,final,1.8842,1.6956,27,1,,643.207
927b8c5bbb0d76d2,C:\Users\USER\lpopt_work\kit_frontier\runs\fpcamp_minfr_N1N2_f113\master\master_work\worker_07\927b8c5bbb0d76d2__MAS_RST.APRQ_11_0677.2-f721c6faaa-9l2bg3rz,final,2.0375,1.7891,27,1,,639.337
a7a006c03aadcff7,C:\Users\USER\lpopt_work\kit_frontier\runs\fpcamp_minfr_N1N2_f113\master\master_work\worker_07\a7a006c03aadcff7__MAS_RST.APRQ_11_0677.2-45b59bdc0c-m9yltxbi,final,1.7771,1.6012,27,1,,644.988
bed1f4a60396cedc,C:\Users\USER\lpopt_work\kit_frontier\runs\fpcamp_minfr_N1N2_f113\master\master_work\worker_07\bed1f4a60396cedc__MAS_RST.APRQ_11_0677.2-b99d0350e4-4z8g1gyr,final,1.7809,1.622,27,1,,640.598
c7c190946645a2ed,C:\Users\USER\lpopt_work\kit_frontier\runs\fpcamp_minfr_N1N2_f113\master\master_work\worker_07\c7c190946645a2ed__MAS_RST.APRQ_11_0677.2-0dc3da15f4-xcpknjcu,final,1.6991,1.5334,27,1,,643.498
f4a0af1470958a32,C:\Users\USER\lpopt_work\kit_frontier\runs\fpcamp_minfr_N1N2_f113\master\master_work\worker_07\f4a0af1470958a32__MAS_RST.APRQ_11_0677.2-c88f5d0f34-hxbwnj47,final,2.0165,1.7756,27,1,,636.4
f7cba6f7b1e8f512,C:\Users\USER\lpopt_work\kit_frontier\runs\fpcamp_minfr_N1N2_f113\master\master_work\worker_07\f7cba6f7b1e8f512__MAS_RST.APRQ_11_0677.2-e092acdd37-5sn9vq14,final,1.6275,1.4429,27,1,,641.776
03ef0343542c539e,C:\Users\USER\lpopt_work\kit_frontier\runs\fpcamp_minfr_N1N2_f113_pin\master\master_work\worker_00\03ef0343542c539e__MAS_RST.APRQ_11_0677.2-575f3898f1-do49j5z3,final,1.6133,1.477,27,1,,644.847
35df667ff5109b24,C:\Users\USER\lpopt_work\kit_frontier\runs\fpcamp_minfr_N1N2_f113_pin\master\master_work\worker_00\35df667ff5109b24__MAS_RST.APRQ_11_0677.2-6775403a06-7dlrjrqa,final,1.5756,1.4367,27,1,,641.892
7d77cafc9f5bf486,C:\Users\USER\lpopt_work\kit_frontier\runs\fpcamp_minfr_N1N2_f113_pin\master\master_work\worker_00\7d77cafc9f5bf486__MAS_RST.APRQ_11_0677.2-c368b41fc0-7yzkukxj,final,1.6165,1.4288,27,1,,642.097
91c11865f2f090d1,C:\Users\USER\lpopt_work\kit_frontier\runs\fpcamp_minfr_N1N2_f113_pin\master\master_work\worker_00\91c11865f2f090d1__MAS_RST.APRQ_11_0677.2-3d2da1038e-4o5oco_n,final,1.6061,1.4551,27,1,,644.404
b3ccf552be48e77a,C:\Users\USER\lpopt_work\kit_frontier\runs\fpcamp_minfr_N1N2_f113_pin\master\master_work\worker_00\b3ccf552be48e77a__MAS_RST.APRQ_11_0677.2-be5efcba1d-a63b29nu,final,1.5977,1.4604,27,1,,646.021
c96ff4c2368a8758,C:\Users\USER\lpopt_work\kit_frontier\runs\fpcamp_minfr_N1N2_f113_pin\master\master_work\worker_00\c96ff4c2368a8758__MAS_RST.APRQ_11_0677.2-c561057b49-f6ancppr,final,1.5688,1.4322,27,1,,646.019
e2d7591c969526b6,C:\Users\USER\lpopt_work\kit_frontier\runs\fpcamp_minfr_N1N2_f113_pin\master\master_work\worker_00\e2d7591c969526b6__MAS_RST.APRQ_11_0677.2-0c143ca38d-lz5252wa,final,1.6134,1.4775,27,1,,645.386
fb01220efe0bcd4d,C:\Users\USER\lpopt_work\kit_frontier\runs\fpcamp_minfr_N1N2_f113_pin\master\master_work\worker_00\fb01220efe0bcd4d__MAS_RST.APRQ_11_0677.2-20a3d2e2ce-rzc9k9mr,final,1.709,1.4893,27,1,,637.286
192c77997e5829a4,C:\Users\USER\lpopt_work\kit_frontier\runs\fpcamp_minfr_N1N2_f113_pin\master\master_work\worker_01\192c77997e5829a4__MAS_RST.APRQ_11_0677.2-a3340050e4-dnbf8fpy,final,1.5938,1.4352,27,1,,645.95
41960f052222ab05,C:\Users\USER\lpopt_work\kit_frontier\runs\fpcamp_minfr_N1N2_f113_pin\master\master_work\worker_01\41960f052222ab05__MAS_RST.APRQ_11_0677.2-9d180a68a3-6ujl1kya,final,1.6014,1.4465,27,1,,643.473
59dd990e2e0470f4,C:\Users\USER\lpopt_work\kit_frontier\runs\fpcamp_minfr_N1N2_f113_pin\master\master_work\worker_01\59dd990e2e0470f4__MAS_RST.APRQ_11_0677.2-171ae15919-diwdgnbc,final,1.5457,1.4177,27,1,,642.946
b2cced5b9096a2e9,C:\Users\USER\lpopt_work\kit_frontier\runs\fpcamp_minfr_N1N2_f113_pin\master\master_work\worker_01\b2cced5b9096a2e9__MAS_RST.APRQ_11_0677.2-b33191df6b-p9c8h3fh,final,1.6432,1.4672,27,1,,645.49
bd7e278923509315,C:\Users\USER\lpopt_work\kit_frontier\runs\fpcamp_minfr_N1N2_f113_pin\master\master_work\worker_01\bd7e278923509315__MAS_RST.APRQ_11_0677.2-b324776935-_gsautl6,final,1.6078,1.4731,27,1,,643.054
c8fee74b73e6b7ff,C:\Users\USER\lpopt_work\kit_frontier\runs\fpcamp_minfr_N1N2_f113_pin\master\master_work\worker_01\c8fee74b73e6b7ff__MAS_RST.APRQ_11_0677.2-243bdda09e-klt3q5vh,final,1.5492,1.4201,27,1,,642.962
d6a7d3ff939d41de,C:\Users\USER\lpopt_work\kit_frontier\runs\fpcamp_minfr_N1N2_f113_pin\master\master_work\worker_01\d6a7d3ff939d41de__MAS_RST.APRQ_11_0677.2-4971bd0fa2-8qfhq1eo,final,1.6124,1.4623,27,1,,640.504
fbb58a5ab8e79397,C:\Users\USER\lpopt_work\kit_frontier\runs\fpcamp_minfr_N1N2_f113_pin\master\master_work\worker_01\fbb58a5ab8e79397__MAS_RST.APRQ_11_0677.2-26c6d1c4ab-qj80rxv_,final,1.6064,1.4693,27,1,,645.503
02f8c1b8bc384c98,C:\Users\USER\lpopt_work\kit_frontier\runs\fpcamp_minfr_N1N2_f113_pin\master\master_work\worker_02\02f8c1b8bc384c98__MAS_RST.APRQ_11_0677.2-0ff19c922d-5vg0747l,final,1.6183,1.4565,27,1,,639.954
075b3e807bef2689,C:\Users\USER\lpopt_work\kit_frontier\runs\fpcamp_minfr_N1N2_f113_pin\master\master_work\worker_02\075b3e807bef2689__MAS_RST.APRQ_11_0677.2-07e4a8f535-rvfrhxjs,final,1.5652,1.4127,27,1,,645.894
1d21987c8006e402,C:\Users\USER\lpopt_work\kit_frontier\runs\fpcamp_minfr_N1N2_f113_pin\master\master_work\worker_02\1d21987c8006e402__MAS_RST.APRQ_11_0677.2-208e1e7406-3tj_px9x,final,1.6058,1.459,27,1,,643.668
3c3da8ba68d7af8e,C:\Users\USER\lpopt_work\kit_frontier\runs\fpcamp_minfr_N1N2_f113_pin\master\master_work\worker_02\3c3da8ba68d7af8e__MAS_RST.APRQ_11_0677.2-229575ccd9-l7y1idxx,final,1.5813,1.4408,27,1,,640.937
5a8171befaf3eb12,C:\Users\USER\lpopt_work\kit_frontier\runs\fpcamp_minfr_N1N2_f113_pin\master\master_work\worker_02\5a8171befaf3eb12__MAS_RST.APRQ_11_0677.2-59fd8b68a1-9_vfnhoa,final,1.5917,1.4497,27,1,,641.38
a951d111d3326198,C:\Users\USER\lpopt_work\kit_frontier\runs\fpcamp_minfr_N1N2_f113_pin\master\master_work\worker_02\a951d111d3326198__MAS_RST.APRQ_11_0677.2-bdf590d39b-feowxn7r,final,1.6114,1.4742,27,1,,645.85
c1477b6f3b71dbb2,C:\Users\USER\lpopt_work\kit_frontier\runs\fpcamp_minfr_N1N2_f113_pin\master\master_work\worker_02\c1477b6f3b71dbb2__MAS_RST.APRQ_11_0677.2-d54be5d698-957z5n23,final,1.5942,1.4584,27,1,,642.761
cb1e9df17e356468,C:\Users\USER\lpopt_work\kit_frontier\runs\fpcamp_minfr_N1N2_f113_pin\master\master_work\worker_02\cb1e9df17e356468__MAS_RST.APRQ_11_0677.2-6cd1ef6afd-bou2ip9o,final,1.6124,1.4472,27,1,,643.326
20276690cec67c15,C:\Users\USER\lpopt_work\kit_frontier\runs\fpcamp_minfr_N1N2_f113_pin\master\master_work\worker_03\20276690cec67c15__MAS_RST.APRQ_11_0677.2-f1786b08f8-9rm1m234,final,1.6103,1.4421,27,1,,646.366
4e1a777c632b4b80,C:\Users\USER\lpopt_work\kit_frontier\runs\fpcamp_minfr_N1N2_f113_pin\master\master_work\worker_03\4e1a777c632b4b80__MAS_RST.APRQ_11_0677.2-a812a327c5-m0nnc33a,final,1.6438,1.4929,27,1,,641.099
500a0aa30238e142,C:\Users\USER\lpopt_work\kit_frontier\runs\fpcamp_minfr_N1N2_f113_pin\master\master_work\worker_03\500a0aa30238e142__MAS_RST.APRQ_11_0677.2-4c9ac7dc02-fq2bnwgl,final,1.6254,1.4786,27,1,,641.705
78e01e3225986c74,C:\Users\USER\lpopt_work\kit_frontier\runs\fpcamp_minfr_N1N2_f113_pin\master\master_work\worker_03\78e01e3225986c74__MAS_RST.APRQ_11_0677.2-80915566f3-bndcokzb,final,1.6008,1.4652,27,1,,643.83
7c807bc02034fb1e,C:\Users\USER\lpopt_work\kit_frontier\runs\fpcamp_minfr_N1N2_f113_pin\master\master_work\worker_03\7c807bc02034fb1e__MAS_RST.APRQ_11_0677.2-1a8c32f143-haeakhvw,final,1.6124,1.4722,27,1,,644.137
a8497a2cb0a2b4f2,C:\Users\USER\lpopt_work\kit_frontier\runs\fpcamp_minfr_N1N2_f113_pin\master\master_work\worker_03\a8497a2cb0a2b4f2__MAS_RST.APRQ_11_0677.2-23c6222531-trres7q0,final,1.7192,1.4843,27,1,,646.352
b0929fadcc99d8b8,C:\Users\USER\lpopt_work\kit_frontier\runs\fpcamp_minfr_N1N2_f113_pin\master\master_work\worker_03\b0929fadcc99d8b8__MAS_RST.APRQ_11_0677.2-45fc0ba74c-ommff0mb,final,1.6107,1.4583,27,1,,642.046
b3bdce6e680284b8,C:\Users\USER\lpopt_work\kit_frontier\runs\fpcamp_minfr_N1N2_f113_pin\master\master_work\worker_03\b3bdce6e680284b8__MAS_RST.APRQ_11_0677.2-216e03a19a-jnsxiiji,final,1.588,1.438,27,1,,645.82
2f498bb8438bb35a,C:\Users\USER\lpopt_work\kit_frontier\runs\fpcamp_minfr_N1N2_f113_pin\master\master_work\worker_04\2f498bb8438bb35a__MAS_RST.APRQ_11_0677.2-d3b3a44ec8-amqi6eu6,final,1.6348,1.4856,27,1,,641.337
95e1c68b0fd06a64,C:\Users\USER\lpopt_work\kit_frontier\runs\fpcamp_minfr_N1N2_f113_pin\master\master_work\worker_04\95e1c68b0fd06a64__MAS_RST.APRQ_11_0677.2-9194ebd312-44ycyapi,final,1.61,1.4461,27,1,,640.995
9edd59215ac7bc79,C:\Users\USER\lpopt_work\kit_frontier\runs\fpcamp_minfr_N1N2_f113_pin\master\master_work\worker_04\9edd59215ac7bc79__MAS_RST.APRQ_11_0677.2-8db245095e-vmgr5umc,final,1.5981,1.4418,27,1,,640.488
9eddffb1ca128a3f,C:\Users\USER\lpopt_work\kit_frontier\runs\fpcamp_minfr_N1N2_f113_pin\master\master_work\worker_04\9eddffb1ca128a3f__MAS_RST.APRQ_11_0677.2-eca983a941-v296u5fi,final,1.6207,1.4785,27,1,,642.734
9f0f7250d925eca3,C:\Users\USER\lpopt_work\kit_frontier\runs\fpcamp_minfr_N1N2_f113_pin\master\master_work\worker_04\9f0f7250d925eca3__MAS_RST.APRQ_11_0677.2-479248109d-tsg1py3y,final,1.5912,1.4509,27,1,,642.925
b8a50fbc29388f55,C:\Users\USER\lpopt_work\kit_frontier\runs\fpcamp_minfr_N1N2_f113_pin\master\master_work\worker_04\b8a50fbc29388f55__MAS_RST.APRQ_11_0677.2-cc38da5907-29r0lwhd,final,1.5945,1.4608,27,1,,645.613
ee34a7939e6fd2fa,C:\Users\USER\lpopt_work\kit_frontier\runs\fpcamp_minfr_N1N2_f113_pin\master\master_work\worker_04\ee34a7939e6fd2fa__MAS_RST.APRQ_11_0677.2-801953bdb0-w5g08g80,final,1.5815,1.4365,27,1,,646.356
7ece6639df7fbfb4,C:\Users\USER\lpopt_work\kit_frontier\runs\fpcamp_minfr_N1N2_f113_pin\master\master_work\worker_05\7ece6639df7fbfb4__MAS_RST.APRQ_11_0677.2-aefd888b03-3hsh9j74,final,1.8091,1.6286,27,1,,637.451
8e024c44ddedbb8f,C:\Users\USER\lpopt_work\kit_frontier\runs\fpcamp_minfr_N1N2_f113_pin\master\master_work\worker_05\8e024c44ddedbb8f__MAS_RST.APRQ_11_0677.2-78d150a76f-a2tt3u45,final,1.5873,1.4311,27,1,,645.23
a10a7278416f7e34,C:\Users\USER\lpopt_work\kit_frontier\runs\fpcamp_minfr_N1N2_f113_pin\master\master_work\worker_05\a10a7278416f7e34__MAS_RST.APRQ_11_0677.2-4d244e880f-zlb9uxcd,final,1.6302,1.4854,27,1,,642.945
af8fe99747f6f618,C:\Users\USER\lpopt_work\kit_frontier\runs\fpcamp_minfr_N1N2_f113_pin\master\master_work\worker_05\af8fe99747f6f618__MAS_RST.APRQ_11_0677.2-b4b0f1bb53-8zr6ie_j,final,1.6204,1.4814,27,1,,645.589
da532e3325b4acf4,C:\Users\USER\lpopt_work\kit_frontier\runs\fpcamp_minfr_N1N2_f113_pin\master\master_work\worker_05\da532e3325b4acf4__MAS_RST.APRQ_11_0677.2-8c397fa695-rmxirltn,final,1.8219,1.6385,27,1,,638.586
ee7c284c6a35d816,C:\Users\USER\lpopt_work\kit_frontier\runs\fpcamp_minfr_N1N2_f113_pin\master\master_work\worker_05\ee7c284c6a35d816__MAS_RST.APRQ_11_0677.2-3b9987eaa4-bqtxdk0j,final,1.8082,1.6419,27,1,,636.137
f00283bf824c01aa,C:\Users\USER\lpopt_work\kit_frontier\runs\fpcamp_minfr_N1N2_f113_pin\master\master_work\worker_05\f00283bf824c01aa__MAS_RST.APRQ_11_0677.2-f8a40bb838-p2lhm_2y,final,1.6027,1.4026,27,1,,643.37
094d157bce22c24a,C:\Users\USER\lpopt_work\kit_frontier\runs\fpcamp_minfr_N1N2_f113_pin\master\master_work\worker_06\094d157bce22c24a__MAS_RST.APRQ_11_0677.2-b8ddbeed52-83zgixbl,final,1.5977,1.4625,27,1,,645.598
27253b1948b74310,C:\Users\USER\lpopt_work\kit_frontier\runs\fpcamp_minfr_N1N2_f113_pin\master\master_work\worker_06\27253b1948b74310__MAS_RST.APRQ_11_0677.2-a90b5b060b-ng6z96v_,final,1.5679,1.4103,27,1,,645.404
578bb83f99b99096,C:\Users\USER\lpopt_work\kit_frontier\runs\fpcamp_minfr_N1N2_f113_pin\master\master_work\worker_06\578bb83f99b99096__MAS_RST.APRQ_11_0677.2-bc6f0c4b46-6ktjl8mp,final,1.8315,1.6453,27,1,,638.239
a4b1dd4c6b233977,C:\Users\USER\lpopt_work\kit_frontier\runs\fpcamp_minfr_N1N2_f113_pin\master\master_work\worker_06\a4b1dd4c6b233977__MAS_RST.APRQ_11_0677.2-7ac98db58a-x4gq0do_,final,1.8216,1.6419,27,1,,639.401
a9de3b319dbd354f,C:\Users\USER\lpopt_work\kit_frontier\runs\fpcamp_minfr_N1N2_f113_pin\master\master_work\worker_06\a9de3b319dbd354f__MAS_RST.APRQ_11_0677.2-170921d34d-_bs1h5t1,final,1.6113,1.4465,27,1,,645.429
e6d4ec8a4dceb1d8,C:\Users\USER\lpopt_work\kit_frontier\runs\fpcamp_minfr_N1N2_f113_pin\master\master_work\worker_06\e6d4ec8a4dceb1d8__MAS_RST.APRQ_11_0677.2-ec8c05bc63-36mlpuyx,final,1.8215,1.6375,27,1,,637.286
f95937cf7fd01506,C:\Users\USER\lpopt_work\kit_frontier\runs\fpcamp_minfr_N1N2_f113_pin\master\master_work\worker_06\f95937cf7fd01506__MAS_RST.APRQ_11_0677.2-9fb81ae0b3-2az2en_o,final,1.5961,1.4258,27,1,,646.445
8f2c975332c14922,C:\Users\USER\lpopt_work\kit_frontier\runs\fpcamp_minfr_N1N2_f113_pin\master\master_work\worker_07\8f2c975332c14922__MAS_RST.APRQ_11_0677.2-4c82698638-9m2fj1y5,final,1.6374,1.4795,27,1,,642.127
a1ffcba21c4c1b56,C:\Users\USER\lpopt_work\kit_frontier\runs\fpcamp_minfr_N1N2_f113_pin\master\master_work\worker_07\a1ffcba21c4c1b56__MAS_RST.APRQ_11_0677.2-be1426fbc2-uz_t0n0c,final,2.5437,2.2735,27,1,,630.177
c222e87c549f87ef,C:\Users\USER\lpopt_work\kit_frontier\runs\fpcamp_minfr_N1N2_f113_pin\master\master_work\worker_07\c222e87c549f87ef__MAS_RST.APRQ_11_0677.2-c3358c6327-7nw_97ez,final,1.7179,1.5339,27,1,,644.97
cf69bd9c008929af,C:\Users\USER\lpopt_work\kit_frontier\runs\fpcamp_minfr_N1N2_f113_pin\master\master_work\worker_07\cf69bd9c008929af__MAS_RST.APRQ_11_0677.2-aa00501639-vw0eg4d7,final,1.899,1.7013,27,1,,642.336
ecc5afd8ffe55535,C:\Users\USER\lpopt_work\kit_frontier\runs\fpcamp_minfr_N1N2_f113_pin\master\master_work\worker_07\ecc5afd8ffe55535__MAS_RST.APRQ_11_0677.2-30668700f2-e9d993q_,final,1.8513,1.6613,27,1,,643.867
f03712b5b9e55bf0,C:\Users\USER\lpopt_work\kit_frontier\runs\fpcamp_minfr_N1N2_f113_pin\master\master_work\worker_07\f03712b5b9e55bf0__MAS_RST.APRQ_11_0677.2-4821ae04ee-mu6ajk9s,final,2.0342,1.88,27,1,,648.552
,C:\Users\USER\lpopt_work\kit_frontier\runs\fpcamp_minfr_N1N2_f113_pin\master\master_work\worker_07\f552356ec2dc1acc__MAS_RST.APRQ_11_0677.2-0ae677681d-ep27f2nf,nonfinite,,,0,0,,
f552356ec2dc1acc,C:\Users\USER\lpopt_work\kit_frontier\runs\fpcamp_minfr_N1N2_f113_pin\master\master_work\worker_07\f552356ec2dc1acc__MAS_RST.APRQ_11_0677.2-bdc68d0f6c-c94fnco4,superseded,,,0,0,,
06a6cfd12b74f42b,C:\Users\USER\lpopt_work\kit_frontier\runs\fpcamp_minfr_triple_f125\master\master_work\worker_00\06a6cfd12b74f42b__MAS_RST.APRQ_11_0705.0-3e408c67ef-7cl56c1j,final,1.6719,1.481,29,1,,729.228
0e130bd62c33847d,C:\Users\USER\lpopt_work\kit_frontier\runs\fpcamp_minfr_triple_f125\master\master_work\worker_00\0e130bd62c33847d__MAS_RST.APRQ_11_0705.0-644e8a6990-3x5_hft9,final,1.6709,1.475,29,1,,730.082
370a82faa4b9f1e0,C:\Users\USER\lpopt_work\kit_frontier\runs\fpcamp_minfr_triple_f125\master\master_work\worker_00\370a82faa4b9f1e0__MAS_RST.APRQ_11_0705.0-b42d46ff12-s3sfgfr0,final,1.673,1.4823,29,1,,729.183
4a0d933bd694bdac,C:\Users\USER\lpopt_work\kit_frontier\runs\fpcamp_minfr_triple_f125\master\master_work\worker_00\4a0d933bd694bdac__MAS_RST.APRQ_11_0705.0-7db40315c9-64e_b17w,final,1.6744,1.4744,29,1,,731.597
5a5fa084f7d3fc67,C:\Users\USER\lpopt_work\kit_frontier\runs\fpcamp_minfr_triple_f125\master\master_work\worker_00\5a5fa084f7d3fc67__MAS_RST.APRQ_11_0705.0-941419e4ed-0_r8rund,final,1.7008,1.4382,29,1,,731.935
6b891f9f8ea37669,C:\Users\USER\lpopt_work\kit_frontier\runs\fpcamp_minfr_triple_f125\master\master_work\worker_00\6b891f9f8ea37669__MAS_RST.APRQ_11_0705.0-deab63f17f-_yr2mamx,final,1.6738,1.4484,29,1,,730.248
7db004c7d8b0a2f0,C:\Users\USER\lpopt_work\kit_frontier\runs\fpcamp_minfr_triple_f125\master\master_work\worker_00\7db004c7d8b0a2f0__MAS_RST.APRQ_11_0705.0-364d428838-7v9orz6m,final,1.6893,1.4898,29,1,,730.503
f374bf940f8c5b2e,C:\Users\USER\lpopt_work\kit_frontier\runs\fpcamp_minfr_triple_f125\master\master_work\worker_00\f374bf940f8c5b2e__MAS_RST.APRQ_11_0705.0-1ac598e1c3-dt1l6hkw,final,1.6591,1.4679,29,1,,730.125
1d8a4cdf52a035b8,C:\Users\USER\lpopt_work\kit_frontier\runs\fpcamp_minfr_triple_f125\master\master_work\worker_01\1d8a4cdf52a035b8__MAS_RST.APRQ_11_0705.0-efa10873ce-mjzpm6iu,final,1.7044,1.4753,29,1,,729.65
31490b4739e5599e,C:\Users\USER\lpopt_work\kit_frontier\runs\fpcamp_minfr_triple_f125\master\master_work\worker_01\31490b4739e5599e__MAS_RST.APRQ_11_0705.0-fdeda15319-_rrikmlc,final,1.7276,1.5215,29,1,,729.855
3b77370b3c596611,C:\Users\USER\lpopt_work\kit_frontier\runs\fpcamp_minfr_triple_f125\master\master_work\worker_01\3b77370b3c596611__MAS_RST.APRQ_11_0705.0-d69327a990-j16db0gc,final,1.6671,1.4633,29,1,,730.284
73d3fdc9d9d1ac2b,C:\Users\USER\lpopt_work\kit_frontier\runs\fpcamp_minfr_triple_f125\master\master_work\worker_01\73d3fdc9d9d1ac2b__MAS_RST.APRQ_11_0705.0-a7a98d3e82-emb9bro1,final,1.6565,1.4675,29,1,,729.676
8e7008cae8e877f2,C:\Users\USER\lpopt_work\kit_frontier\runs\fpcamp_minfr_triple_f125\master\master_work\worker_01\8e7008cae8e877f2__MAS_RST.APRQ_11_0705.0-bbc20f21e3-yej7mcbr,final,1.7014,1.4718,29,1,,729.263
d4f6ffa7b7959028,C:\Users\USER\lpopt_work\kit_frontier\runs\fpcamp_minfr_triple_f125\master\master_work\worker_01\d4f6ffa7b7959028__MAS_RST.APRQ_11_0705.0-538aeffb86-owe9djv9,final,1.6592,1.4715,29,1,,730.06
e8e4e6ede953511e,C:\Users\USER\lpopt_work\kit_frontier\runs\fpcamp_minfr_triple_f125\master\master_work\worker_01\e8e4e6ede953511e__MAS_RST.APRQ_11_0705.0-e406b024af-sv065wx0,final,1.676,1.4693,29,1,,730.103
fc8f35189fef7ee4,C:\Users\USER\lpopt_work\kit_frontier\runs\fpcamp_minfr_triple_f125\master\master_work\worker_01\fc8f35189fef7ee4__MAS_RST.APRQ_11_0705.0-30327b201b-fsfk_cm4,final,1.7035,1.4426,29,1,,731.681
75389fffa22000fd,C:\Users\USER\lpopt_work\kit_frontier\runs\fpcamp_minfr_triple_f125\master\master_work\worker_02\75389fffa22000fd__MAS_RST.APRQ_11_0705.0-b88d2506d5-x_io3mao,final,1.6872,1.4625,29,1,,730.61
83edfb10e36a8b99,C:\Users\USER\lpopt_work\kit_frontier\runs\fpcamp_minfr_triple_f125\master\master_work\worker_02\83edfb10e36a8b99__MAS_RST.APRQ_11_0705.0-ca3ec9a1c6-uupps2ny,final,1.6782,1.4731,29,1,,729.289
84fe8bb0523917bb,C:\Users\USER\lpopt_work\kit_frontier\runs\fpcamp_minfr_triple_f125\master\master_work\worker_02\84fe8bb0523917bb__MAS_RST.APRQ_11_0705.0-6899836f2f-5sdzg1p4,final,1.64,1.4369,29,1,,730.565
9e6ad8baf1e0b16a,C:\Users\USER\lpopt_work\kit_frontier\runs\fpcamp_minfr_triple_f125\master\master_work\worker_02\9e6ad8baf1e0b16a__MAS_RST.APRQ_11_0705.0-2347b7e72c-pd01knkc,final,1.6904,1.4491,29,1,,732.259
a10aabbdbb1d58d2,C:\Users\USER\lpopt_work\kit_frontier\runs\fpcamp_minfr_triple_f125\master\master_work\worker_02\a10aabbdbb1d58d2__MAS_RST.APRQ_11_0705.0-aae03fc795-4ckfvh75,final,1.6829,1.4417,29,1,,731.107
db18c3f6b88c375e,C:\Users\USER\lpopt_work\kit_frontier\runs\fpcamp_minfr_triple_f125\master\master_work\worker_02\db18c3f6b88c375e__MAS_RST.APRQ_11_0705.0-729b1cc8f8-0arrijq4,final,1.6625,1.4485,29,1,,730.211
eb2aea15dc4e4bb5,C:\Users\USER\lpopt_work\kit_frontier\runs\fpcamp_minfr_triple_f125\master\master_work\worker_02\eb2aea15dc4e4bb5__MAS_RST.APRQ_11_0705.0-03b6083ff9-wsdwxo4e,final,1.6733,1.4825,29,1,,729.183
f7aed48c7f590c52,C:\Users\USER\lpopt_work\kit_frontier\runs\fpcamp_minfr_triple_f125\master\master_work\worker_02\f7aed48c7f590c52__MAS_RST.APRQ_11_0705.0-3c3ffbface-7r78n7zk,final,1.7045,1.5024,29,1,,730.563
2ce27195a70a3216,C:\Users\USER\lpopt_work\kit_frontier\runs\fpcamp_minfr_triple_f125\master\master_work\worker_03\2ce27195a70a3216__MAS_RST.APRQ_11_0705.0-e293d75434-a2b7w2tg,final,1.6834,1.4735,29,1,,730.116
34d11f70838f7585,C:\Users\USER\lpopt_work\kit_frontier\runs\fpcamp_minfr_triple_f125\master\master_work\worker_03\34d11f70838f7585__MAS_RST.APRQ_11_0705.0-4b47188fc4-2zn4pizg,final,1.6823,1.4922,29,1,,731.466
6dcb7cfcd2338648,C:\Users\USER\lpopt_work\kit_frontier\runs\fpcamp_minfr_triple_f125\master\master_work\worker_03\6dcb7cfcd2338648__MAS_RST.APRQ_11_0705.0-9dfa046c8b-cmqdf6u3,final,1.6731,1.4691,29,1,,730.88
70a44e49f5505ed7,C:\Users\USER\lpopt_work\kit_frontier\runs\fpcamp_minfr_triple_f125\master\master_work\worker_03\70a44e49f5505ed7__MAS_RST.APRQ_11_0705.0-1c09a937f7-jbsips5y,final,1.658,1.4659,29,1,,730.414
ae111308202248f0,C:\Users\USER\lpopt_work\kit_frontier\runs\fpcamp_minfr_triple_f125\master\master_work\worker_03\ae111308202248f0__MAS_RST.APRQ_11_0705.0-3283835100-6xqqme_f,final,1.7619,1.5632,29,1,,732.791
e1f64de62868da49,C:\Users\USER\lpopt_work\kit_frontier\runs\fpcamp_minfr_triple_f125\master\master_work\worker_03\e1f64de62868da49__MAS_RST.APRQ_11_0705.0-de3d2f836b-ulpd0sc8,final,1.687,1.4835,29,1,,729.153
f1177fed38cbf25b,C:\Users\USER\lpopt_work\kit_frontier\runs\fpcamp_minfr_triple_f125\master\master_work\worker_03\f1177fed38cbf25b__MAS_RST.APRQ_11_0705.0-75f821a236-4rrhaagj,final,1.6736,1.4472,29,1,,730.542
ffc4efa2eef86135,C:\Users\USER\lpopt_work\kit_frontier\runs\fpcamp_minfr_triple_f125\master\master_work\worker_03\ffc4efa2eef86135__MAS_RST.APRQ_11_0705.0-801676aba5-yj28lph1,final,1.7804,1.4883,29,1,,733.808
07cdad70e8728428,C:\Users\USER\lpopt_work\kit_frontier\runs\fpcamp_minfr_triple_f125\master\master_work\worker_04\07cdad70e8728428__MAS_RST.APRQ_11_0705.0-9a3aa446c0-d_xzpmev,final,1.6874,1.4649,29,1,,730.032
09fbee42a207c9b5,C:\Users\USER\lpopt_work\kit_frontier\runs\fpcamp_minfr_triple_f125\master\master_work\worker_04\09fbee42a207c9b5__MAS_RST.APRQ_11_0705.0-0326abd51b-xe5gsu8q,final,1.6694,1.4705,29,1,,730.344
1c1df9400b1c3c15,C:\Users\USER\lpopt_work\kit_frontier\runs\fpcamp_minfr_triple_f125\master\master_work\worker_04\1c1df9400b1c3c15__MAS_RST.APRQ_11_0705.0-01566dbfc4-zt8x942d,final,1.8013,1.5514,29,1,,729.475
6e86bb0a87159321,C:\Users\USER\lpopt_work\kit_frontier\runs\fpcamp_minfr_triple_f125\master\master_work\worker_04\6e86bb0a87159321__MAS_RST.APRQ_11_0705.0-c0b02d8111-_gsrsqys,final,1.8072,1.6008,29,1,,731.402
87095c516fcfda5c,C:\Users\USER\lpopt_work\kit_frontier\runs\fpcamp_minfr_triple_f125\master\master_work\worker_04\87095c516fcfda5c__MAS_RST.APRQ_11_0705.0-5cf12c1887-eweoy3ou,final,1.6888,1.4511,29,1,,730.884
cd9b5294ae63f044,C:\Users\USER\lpopt_work\kit_frontier\runs\fpcamp_minfr_triple_f125\master\master_work\worker_04\cd9b5294ae63f044__MAS_RST.APRQ_11_0705.0-68be5098e6-t7_buan0,final,1.7071,1.4771,29,1,,729.418
f73dd42dd2f51bfc,C:\Users\USER\lpopt_work\kit_frontier\runs\fpcamp_minfr_triple_f125\master\master_work\worker_04\f73dd42dd2f51bfc__MAS_RST.APRQ_11_0705.0-8fda93d630-9smiwc8d,final,1.7567,1.546,29,1,,728.348
471b72933b68c152,C:\Users\USER\lpopt_work\kit_frontier\runs\fpcamp_minfr_triple_f125\master\master_work\worker_05\471b72933b68c152__MAS_RST.APRQ_11_0705.0-75055a043b-4c1qttt5,final,1.6935,1.4844,29,1,,729.162
b5ee2febf8f4f0c9,C:\Users\USER\lpopt_work\kit_frontier\runs\fpcamp_minfr_triple_f125\master\master_work\worker_05\b5ee2febf8f4f0c9__MAS_RST.APRQ_11_0705.0-856d57fe20-o0nd1n74,final,1.7089,1.4779,29,1,,728.571
,C:\Users\USER\lpopt_work\kit_frontier\runs\fpcamp_minfr_triple_f125\master\master_work\worker_05\b922cf6040f80e61__MAS_RST.APRQ_11_0705.0-0fe233f74e-09b3lhjf,nonfinite,,,0,0,,
,C:\Users\USER\lpopt_work\kit_frontier\runs\fpcamp_minfr_triple_f125\master\master_work\worker_05\cd78af933cfd0a7d__MAS_RST.APRQ_11_0705.0-0f5ea43a75-0_gnk0sm,nonfinite,,,0,0,,
ceb56e64eb26ed4a,C:\Users\USER\lpopt_work\kit_frontier\runs\fpcamp_minfr_triple_f125\master\master_work\worker_05\ceb56e64eb26ed4a__MAS_RST.APRQ_11_0705.0-e5561e9faf-lojyynx9,final,1.7632,1.5717,29,1,,732.282
,C:\Users\USER\lpopt_work\kit_frontier\runs\fpcamp_minfr_triple_f125\master\master_work\worker_05\d3f36fd76a1b01b6__MAS_RST.APRQ_11_0705.0-c3cb9bf2a0-tyzm77qa,nonfinite,,,0,0,,
,C:\Users\USER\lpopt_work\kit_frontier\runs\fpcamp_minfr_triple_f125\master\master_work\worker_05\d83e7359ad7de858__MAS_RST.APRQ_11_0705.0-cd5e8d7141-u0jsz726,nonfinite,,,0,0,,
518317ad4a3c3b1b,C:\Users\USER\lpopt_work\kit_frontier\runs\fpcamp_minfr_triple_f125\master\master_work\worker_06\518317ad4a3c3b1b__MAS_RST.APRQ_11_0705.0-3489092870-c_hkfbek,final,1.6999,1.4608,29,1,,731.977
,C:\Users\USER\lpopt_work\kit_frontier\runs\fpcamp_minfr_triple_f125\master\master_work\worker_06\63ae71be3a1969d6__MAS_RST.APRQ_11_0705.0-c578e1598b-9me6qbj7,nonfinite,,,0,0,,
,C:\Users\USER\lpopt_work\kit_frontier\runs\fpcamp_minfr_triple_f125\master\master_work\worker_06\68c7d18a7986d9db__MAS_RST.APRQ_11_0705.0-d80df07bde-xsep8ycr,nonfinite,,,0,0,,
,C:\Users\USER\lpopt_work\kit_frontier\runs\fpcamp_minfr_triple_f125\master\master_work\worker_06\919d61de81441a79__MAS_RST.APRQ_11_0705.0-22221907fc-7pjynnj_,nonfinite,,,0,0,,
,C:\Users\USER\lpopt_work\kit_frontier\runs\fpcamp_minfr_triple_f125\master\master_work\worker_06\99ea54a2b021dcb4__MAS_RST.APRQ_11_0705.0-31e2cd6543-cb7skdyr,nonfinite,,,0,0,,
,C:\Users\USER\lpopt_work\kit_frontier\runs\fpcamp_minfr_triple_f125\master\master_work\worker_06\b5eca5e48737f3b9__MAS_RST.APRQ_11_0705.0-f0db232e70-hjc0722g,nonfinite,,,0,0,,
,C:\Users\USER\lpopt_work\kit_frontier\runs\fpcamp_minfr_triple_f125\master\master_work\worker_06\fe39461f6cc8823e__MAS_RST.APRQ_11_0705.0-fe7573e3b1-lq563ulg,nonfinite,,,0,0,,
17264c95a9196c7e,C:\Users\USER\lpopt_work\kit_frontier\runs\fpcamp_minfr_triple_f125\master\master_work\worker_07\17264c95a9196c7e__MAS_RST.APRQ_11_0705.0-f7502ef30f-j78wrish,final,1.9059,1.6648,29,1,,725.907
246b59bcd392ea5c,C:\Users\USER\lpopt_work\kit_frontier\runs\fpcamp_minfr_triple_f125\master\master_work\worker_07\246b59bcd392ea5c__MAS_RST.APRQ_11_0705.0-c1ce972db3-9aupbicm,final,1.6946,1.459,29,1,,727.467
4c20a6773c8ed097,C:\Users\USER\lpopt_work\kit_frontier\runs\fpcamp_minfr_triple_f125\master\master_work\worker_07\4c20a6773c8ed097__MAS_RST.APRQ_11_0705.0-827c181ccb-w7swb95y,final,1.8181,1.5875,29,1,,736.822
7bfd7ca386bdbfc6,C:\Users\USER\lpopt_work\kit_frontier\runs\fpcamp_minfr_triple_f125\master\master_work\worker_07\7bfd7ca386bdbfc6__MAS_RST.APRQ_11_0705.0-805669f94e-7g4dlym7,superseded,,,0,0,,
,C:\Users\USER\lpopt_work\kit_frontier\runs\fpcamp_minfr_triple_f125\master\master_work\worker_07\7bfd7ca386bdbfc6__MAS_RST.APRQ_11_0705.0-a24f669050-tg4m3rfm,nonfinite,,,0,0,,
ab64d0898bcbdfcc,C:\Users\USER\lpopt_work\kit_frontier\runs\fpcamp_minfr_triple_f125\master\master_work\worker_07\ab64d0898bcbdfcc__MAS_RST.APRQ_11_0705.0-f820cbf7e9-ninvp4v0,final,1.9645,1.6492,29,1,,731.439
cc0012ad0fbec195,C:\Users\USER\lpopt_work\kit_frontier\runs\fpcamp_minfr_triple_f125\master\master_work\worker_07\cc0012ad0fbec195__MAS_RST.APRQ_11_0705.0-5f5f6b69f2-0eo9yxgb,final,1.765,1.5272,29,1,,728.895
ef8310c3821f0d2e,C:\Users\USER\lpopt_work\kit_frontier\runs\fpcamp_minfr_triple_f125\master\master_work\worker_07\ef8310c3821f0d2e__MAS_RST.APRQ_11_0705.0-1cd5bb2318-_wubopzz,final,1.6912,1.4908,29,1,,730.347
05c8b54f9f68cf84,C:\Users\USER\lpopt_work\kit_frontier\runs\fpcamp_minfr_triple_f125_r2\master\master_work\worker_00\05c8b54f9f68cf84__MAS_RST.APRQ_11_0705.0-9604041fdd-7i7j6hat,final,1.699,1.4701,29,1,,730.366
230081b4d6d97317,C:\Users\USER\lpopt_work\kit_frontier\runs\fpcamp_minfr_triple_f125_r2\master\master_work\worker_00\230081b4d6d97317__MAS_RST.APRQ_11_0705.0-650cdb515f-mw2h575z,final,1.6745,1.4867,29,1,,730.517
2d7f936718d087b0,C:\Users\USER\lpopt_work\kit_frontier\runs\fpcamp_minfr_triple_f125_r2\master\master_work\worker_00\2d7f936718d087b0__MAS_RST.APRQ_11_0705.0-75b5352029-rsi_lu52,final,1.6679,1.4448,29,1,,730.759
30f4cc2da56f7079,C:\Users\USER\lpopt_work\kit_frontier\runs\fpcamp_minfr_triple_f125_r2\master\master_work\worker_00\30f4cc2da56f7079__MAS_RST.APRQ_11_0705.0-0b8f1c1c3d-qpgdrqd7,final,1.7063,1.4729,29,1,,728.631
4d56b5c09d0607e6,C:\Users\USER\lpopt_work\kit_frontier\runs\fpcamp_minfr_triple_f125_r2\master\master_work\worker_00\4d56b5c09d0607e6__MAS_RST.APRQ_11_0705.0-cc19cb7a6f-c5y3kypi,final,1.6893,1.4708,29,1,,730.341
5887d9c23d3670f4,C:\Users\USER\lpopt_work\kit_frontier\runs\fpcamp_minfr_triple_f125_r2\master\master_work\worker_00\5887d9c23d3670f4__MAS_RST.APRQ_11_0705.0-19d1f603d0-0qcnca72,final,1.7005,1.5005,29,1,,728.168
915c553ba98bf46e,C:\Users\USER\lpopt_work\kit_frontier\runs\fpcamp_minfr_triple_f125_r2\master\master_work\worker_00\915c553ba98bf46e__MAS_RST.APRQ_11_0705.0-33fb668d93-s58xfoq1,final,1.6663,1.4664,29,1,,730.512
a16d4da463af30d8,C:\Users\USER\lpopt_work\kit_frontier\runs\fpcamp_minfr_triple_f125_r2\master\master_work\worker_00\a16d4da463af30d8__MAS_RST.APRQ_11_0705.0-bd3286be71-hzwc9wa8,final,1.6662,1.449,29,1,,731.558
5571e3f4cc7bee98,C:\Users\USER\lpopt_work\kit_frontier\runs\fpcamp_minfr_triple_f125_r2\master\master_work\worker_01\5571e3f4cc7bee98__MAS_RST.APRQ_11_0705.0-f93cfcc640-8jnxjy3a,final,1.7111,1.479,29,1,,728.791
5c7124b2a6fac693,C:\Users\USER\lpopt_work\kit_frontier\runs\fpcamp_minfr_triple_f125_r2\master\master_work\worker_01\5c7124b2a6fac693__MAS_RST.APRQ_11_0705.0-e9dd3592ae-6hv6ph9u,final,1.69,1.4923,29,1,,729.146
6869f61cd88a2a2b,C:\Users\USER\lpopt_work\kit_frontier\runs\fpcamp_minfr_triple_f125_r2\master\master_work\worker_01\6869f61cd88a2a2b__MAS_RST.APRQ_11_0705.0-153bf9d254-ewtqof6t,final,1.6661,1.4484,29,1,,731.641
7eb46a8cd580d737,C:\Users\USER\lpopt_work\kit_frontier\runs\fpcamp_minfr_triple_f125_r2\master\master_work\worker_01\7eb46a8cd580d737__MAS_RST.APRQ_11_0705.0-c7dcdf53c6-jn48xvat,final,1.704,1.5049,29,1,,729.88
80b22b161b7a1d8f,C:\Users\USER\lpopt_work\kit_frontier\runs\fpcamp_minfr_triple_f125_r2\master\master_work\worker_01\80b22b161b7a1d8f__MAS_RST.APRQ_11_0705.0-e129540c5c-gpl4wbcn,final,1.6897,1.4633,29,1,,730.718
c294fb799e194efd,C:\Users\USER\lpopt_work\kit_frontier\runs\fpcamp_minfr_triple_f125_r2\master\master_work\worker_01\c294fb799e194efd__MAS_RST.APRQ_11_0705.0-9e1ef09c1f-cludleps,final,1.7033,1.5213,29,1,,729.521
df754e5161caed9b,C:\Users\USER\lpopt_work\kit_frontier\runs\fpcamp_minfr_triple_f125_r2\master\master_work\worker_01\df754e5161caed9b__MAS_RST.APRQ_11_0705.0-b4ff9307c4-e_r_kpaf,final,1.7049,1.4744,29,1,,728.437
e4d9cbc83e9fe439,C:\Users\USER\lpopt_work\kit_frontier\runs\fpcamp_minfr_triple_f125_r2\master\master_work\worker_01\e4d9cbc83e9fe439__MAS_RST.APRQ_11_0705.0-895030710e-6guydh7k,final,1.6912,1.485,29,1,,730.328
548eca07343d895d,C:\Users\USER\lpopt_work\kit_frontier\runs\fpcamp_minfr_triple_f125_r2\master\master_work\worker_02\548eca07343d895d__MAS_RST.APRQ_11_0705.0-88b2cdd4c1-d5o1968w,final,1.6587,1.468,29,1,,732.307
66348f72a13bf2bc,C:\Users\USER\lpopt_work\kit_frontier\runs\fpcamp_minfr_triple_f125_r2\master\master_work\worker_02\66348f72a13bf2bc__MAS_RST.APRQ_11_0705.0-4aa72c16c8-iglgym8i,final,1.6976,1.4686,29,1,,730.46
7e94895da3c59242,C:\Users\USER\lpopt_work\kit_frontier\runs\fpcamp_minfr_triple_f125_r2\master\master_work\worker_02\7e94895da3c59242__MAS_RST.APRQ_11_0705.0-03e196fd69-9mcdcog9,final,1.7103,1.516,29,1,,728.843
7f8152d5f97fbb5d,C:\Users\USER\lpopt_work\kit_frontier\runs\fpcamp_minfr_triple_f125_r2\master\master_work\worker_02\7f8152d5f97fbb5d__MAS_RST.APRQ_11_0705.0-c0e66d3ff8-q46aqim0,final,1.6863,1.4605,29,1,,730.742
84f24156d1e2785f,C:\Users\USER\lpopt_work\kit_frontier\runs\fpcamp_minfr_triple_f125_r2\master\master_work\worker_02\84f24156d1e2785f__MAS_RST.APRQ_11_0705.0-608dfc97c1-o0k5m_ze,final,1.7099,1.498,29,1,,728.337
985bb660076f845a,C:\Users\USER\lpopt_work\kit_frontier\runs\fpcamp_minfr_triple_f125_r2\master\master_work\worker_02\985bb660076f845a__MAS_RST.APRQ_11_0705.0-6fd5abac54-nfz1svcz,final,1.6349,1.4211,29,1,,730.799
a9b5e7b15c32924e,C:\Users\USER\lpopt_work\kit_frontier\runs\fpcamp_minfr_triple_f125_r2\master\master_work\worker_02\a9b5e7b15c32924e__MAS_RST.APRQ_11_0705.0-0e75062bd0-eh0bbozx,final,1.7011,1.4998,29,1,,729.692
aedf16c51173366f,C:\Users\USER\lpopt_work\kit_frontier\runs\fpcamp_minfr_triple_f125_r2\master\master_work\worker_02\aedf16c51173366f__MAS_RST.APRQ_11_0705.0-9a187f8577-gs2kgq5g,final,1.7454,1.5481,29,1,,730.181
0c761e633e81048a,C:\Users\USER\lpopt_work\kit_frontier\runs\fpcamp_minfr_triple_f125_r2\master\master_work\worker_03\0c761e633e81048a__MAS_RST.APRQ_11_0705.0-4b4fd38982-2e3dfkg8,final,1.7186,1.4948,29,1,,728.652
202dfe41cc814fb7,C:\Users\USER\lpopt_work\kit_frontier\runs\fpcamp_minfr_triple_f125_r2\master\master_work\worker_03\202dfe41cc814fb7__MAS_RST.APRQ_11_0705.0-e42e5c2681-1szzmzl6,final,1.6921,1.4654,29,1,,730.691
215039fb3227fbc0,C:\Users\USER\lpopt_work\kit_frontier\runs\fpcamp_minfr_triple_f125_r2\master\master_work\worker_03\215039fb3227fbc0__MAS_RST.APRQ_11_0705.0-9c10a95b50-vt8qyvkf,final,1.6858,1.4869,29,1,,728.741
55b349331634a23e,C:\Users\USER\lpopt_work\kit_frontier\runs\fpcamp_minfr_triple_f125_r2\master\master_work\worker_03\55b349331634a23e__MAS_RST.APRQ_11_0705.0-5946fa4452-kup830hh,final,1.6855,1.4584,29,1,,730.693
70f9cb9c7c0639b8,C:\Users\USER\lpopt_work\kit_frontier\runs\fpcamp_minfr_triple_f125_r2\master\master_work\worker_03\70f9cb9c7c0639b8__MAS_RST.APRQ_11_0705.0-664fdbf9b5-6jnsn7zh,final,1.7406,1.501,29,1,,730.236
ac98826dcf479e02,C:\Users\USER\lpopt_work\kit_frontier\runs\fpcamp_minfr_triple_f125_r2\master\master_work\worker_03\ac98826dcf479e02__MAS_RST.APRQ_11_0705.0-8246d285a9-i8__83hi,final,1.6978,1.4945,29,1,,728.612
ae66886911230a7d,C:\Users\USER\lpopt_work\kit_frontier\runs\fpcamp_minfr_triple_f125_r2\master\master_work\worker_03\ae66886911230a7d__MAS_RST.APRQ_11_0705.0-c286598b47-t83ioho9,final,1.6913,1.4833,29,1,,731.08
cf3b65208b1e9062,C:\Users\USER\lpopt_work\kit_frontier\runs\fpcamp_minfr_triple_f125_r2\master\master_work\worker_03\cf3b65208b1e9062__MAS_RST.APRQ_11_0705.0-181d11feea-yvkhyaaa,final,1.7195,1.4863,29,1,,727.769
0d0a23ee10458a08,C:\Users\USER\lpopt_work\kit_frontier\runs\fpcamp_minfr_triple_f125_r2\master\master_work\worker_04\0d0a23ee10458a08__MAS_RST.APRQ_11_0705.0-83438c033f-5ea6qz68,final,1.6981,1.4726,29,1,,731.549
1ab4b342b499d1f6,C:\Users\USER\lpopt_work\kit_frontier\runs\fpcamp_minfr_triple_f125_r2\master\master_work\worker_04\1ab4b342b499d1f6__MAS_RST.APRQ_11_0705.0-053588323b-mkgxtd8s,final,1.6582,1.4348,29,1,,731.604
1abf3164dbdd0742,C:\Users\USER\lpopt_work\kit_frontier\runs\fpcamp_minfr_triple_f125_r2\master\master_work\worker_04\1abf3164dbdd0742__MAS_RST.APRQ_11_0705.0-ea064e8a88-cdh4219n,final,1.705,1.5154,29,1,,731.28
7c948c7cdef3991e,C:\Users\USER\lpopt_work\kit_frontier\runs\fpcamp_minfr_triple_f125_r2\master\master_work\worker_04\7c948c7cdef3991e__MAS_RST.APRQ_11_0705.0-d38fad1a34-ab94ho8d,final,1.6984,1.4693,29,1,,730.36
88e364b593e93bdb,C:\Users\USER\lpopt_work\kit_frontier\runs\fpcamp_minfr_triple_f125_r2\master\master_work\worker_04\88e364b593e93bdb__MAS_RST.APRQ_11_0705.0-e8e0dba44d-_m1w3q_0,final,1.6992,1.4678,29,1,,728.865
befd60db2641a09d,C:\Users\USER\lpopt_work\kit_frontier\runs\fpcamp_minfr_triple_f125_r2\master\master_work\worker_04\befd60db2641a09d__MAS_RST.APRQ_11_0705.0-8a08d946d4-d1traz6o,final,1.7125,1.4833,29,1,,729.024
c838ee15f7544a1d,C:\Users\USER\lpopt_work\kit_frontier\runs\fpcamp_minfr_triple_f125_r2\master\master_work\worker_04\c838ee15f7544a1d__MAS_RST.APRQ_11_0705.0-3f16f6cc87-svfvfsks,final,1.6833,1.4566,29,1,,730.691
1a420cf7004f5ea0,C:\Users\USER\lpopt_work\kit_frontier\runs\fpcamp_minfr_triple_f125_r2\master\master_work\worker_05\1a420cf7004f5ea0__MAS_RST.APRQ_11_0705.0-244306f6f7-sp7pu9lk,final,1.7458,1.5184,29,1,,722.36
3d635f450d69b05e,C:\Users\USER\lpopt_work\kit_frontier\runs\fpcamp_minfr_triple_f125_r2\master\master_work\worker_05\3d635f450d69b05e__MAS_RST.APRQ_11_0705.0-b5b3fc8520-pmomyzkq,final,1.6763,1.4718,29,1,,728.819
45fbd0f0872b3e68,C:\Users\USER\lpopt_work\kit_frontier\runs\fpcamp_minfr_triple_f125_r2\master\master_work\worker_05\45fbd0f0872b3e68__MAS_RST.APRQ_11_0705.0-0f5e4de38e-gi6gpugr,final,1.6748,1.4637,29,1,,724.196
47f25cb3968e594f,C:\Users\USER\lpopt_work\kit_frontier\runs\fpcamp_minfr_triple_f125_r2\master\master_work\worker_05\47f25cb3968e594f__MAS_RST.APRQ_11_0705.0-e855b74467-kcuspahw,final,1.7291,1.5016,29,1,,723.083
81e540d7c61c1f8b,C:\Users\USER\lpopt_work\kit_frontier\runs\fpcamp_minfr_triple_f125_r2\master\master_work\worker_05\81e540d7c61c1f8b__MAS_RST.APRQ_11_0705.0-46b34d0a31-s0psojyy,final,1.7669,1.4573,29,1,,733.498
c4afc07056c2770e,C:\Users\USER\lpopt_work\kit_frontier\runs\fpcamp_minfr_triple_f125_r2\master\master_work\worker_05\c4afc07056c2770e__MAS_RST.APRQ_11_0705.0-353eecab9f-bkbtz2jo,final,1.7706,1.531,29,1,,721.829
c862ce61cba9852c,C:\Users\USER\lpopt_work\kit_frontier\runs\fpcamp_minfr_triple_f125_r2\master\master_work\worker_05\c862ce61cba9852c__MAS_RST.APRQ_11_0705.0-0f952f9e7f-k4pbq735,final,1.6641,1.4769,29,1,,727.84
6e15bae4ef23ceb9,C:\Users\USER\lpopt_work\kit_frontier\runs\fpcamp_minfr_triple_f125_r2\master\master_work\worker_06\6e15bae4ef23ceb9__MAS_RST.APRQ_11_0705.0-db79212e30-kk3070z0,final,1.7607,1.5217,29,1,,724.06
8481880d4605d330,C:\Users\USER\lpopt_work\kit_frontier\runs\fpcamp_minfr_triple_f125_r2\master\master_work\worker_06\8481880d4605d330__MAS_RST.APRQ_11_0705.0-c3e2a7558e-7e5up746,final,1.7296,1.5032,29,1,,723.532
8707f69c805bc9d5,C:\Users\USER\lpopt_work\kit_frontier\runs\fpcamp_minfr_triple_f125_r2\master\master_work\worker_06\8707f69c805bc9d5__MAS_RST.APRQ_11_0705.0-8308f00049-z58v6dm6,final,1.7235,1.4905,29,1,,723.172
9e0569ce7c5929c6,C:\Users\USER\lpopt_work\kit_frontier\runs\fpcamp_minfr_triple_f125_r2\master\master_work\worker_06\9e0569ce7c5929c6__MAS_RST.APRQ_11_0705.0-bb34ead727-xuyyp4f1,final,1.7276,1.4945,29,1,,723.556
a5a5fcb85aa14dab,C:\Users\USER\lpopt_work\kit_frontier\runs\fpcamp_minfr_triple_f125_r2\master\master_work\worker_06\a5a5fcb85aa14dab__MAS_RST.APRQ_11_0705.0-b3a3783261-2jt71p9c,final,1.8005,1.5545,29,1,,724.263
cca41bd612f66bed,C:\Users\USER\lpopt_work\kit_frontier\runs\fpcamp_minfr_triple_f125_r2\master\master_work\worker_06\cca41bd612f66bed__MAS_RST.APRQ_11_0705.0-2428edf2b1-t_vdxkr4,final,1.7784,1.5365,29,1,,724.536
e94119b74e052936,C:\Users\USER\lpopt_work\kit_frontier\runs\fpcamp_minfr_triple_f125_r2\master\master_work\worker_06\e94119b74e052936__MAS_RST.APRQ_11_0705.0-59a63daa7b-amxjqtwq,final,1.7803,1.5385,29,1,,724.135
3822fe6ea3e9c98a,C:\Users\USER\lpopt_work\kit_frontier\runs\fpcamp_minfr_triple_f125_r2\master\master_work\worker_07\3822fe6ea3e9c98a__MAS_RST.APRQ_11_0705.0-c266e4bbd7-8idpuulw,final,2.1708,1.9117,29,1,,736.919
49c9c21d66c91cc1,C:\Users\USER\lpopt_work\kit_frontier\runs\fpcamp_minfr_triple_f125_r2\master\master_work\worker_07\49c9c21d66c91cc1__MAS_RST.APRQ_11_0705.0-cc3315d2dc-adjxkq6i,final,2.0957,1.8393,28,1,,714.876
879dc89ddb4cfdf6,C:\Users\USER\lpopt_work\kit_frontier\runs\fpcamp_minfr_triple_f125_r2\master\master_work\worker_07\879dc89ddb4cfdf6__MAS_RST.APRQ_11_0705.0-9ebd4a3352-yw9gf1vv,final,3.6165,2.9544,29,0,above_ceiling,724.641
c7166c9689093bb1,C:\Users\USER\lpopt_work\kit_frontier\runs\fpcamp_minfr_triple_f125_r2\master\master_work\worker_07\c7166c9689093bb1__MAS_RST.APRQ_11_0705.0-e258e172e3-zltxuy3j,final,1.6763,1.4797,29,1,,729.118
e8bbc0401416f326,C:\Users\USER\lpopt_work\kit_frontier\runs\fpcamp_minfr_triple_f125_r2\master\master_work\worker_07\e8bbc0401416f326__MAS_RST.APRQ_11_0705.0-3171926319-xfig7g27,final,1.7282,1.5419,29,1,,731.896
,C:\Users\USER\lpopt_work\kit_frontier\runs\fpcamp_minfr_triple_f125_r2\master\master_work\worker_07\fd42edcc776f8c8a__MAS_RST.APRQ_11_0705.0-fbdc050da9-qjqepqid,nonfinite,,,0,0,,
,C:\Users\USER\lpopt_work\kit_frontier\runs\fpcamp_minfr_triple_f125_r2\master\master_work\worker_07\febf22d3d2d37847__MAS_RST.APRQ_11_0705.0-8a58ea6f04-1blt0uj4,nonfinite,,,0,0,,
,C:\Users\USER\lpopt_work\kit_frontier\runs\fpcamp_mt1_e50_f113\master\master_work\worker_00\a0b277c9a5765b98__MAS_RST.APRQ_11_0615.8-9f7cb25138-mpdmn4yn,no_mas_sum,,,0,0,,
,C:\Users\USER\lpopt_work\kit_frontier\runs\fpcamp_mt1_e50_f113\master\master_work\worker_01\4a3e3ba183c1a4aa__MAS_RST.APRQ_11_0615.8-2ff246949b-p279dgiz,no_mas_sum,,,0,0,,
,C:\Users\USER\lpopt_work\kit_frontier\runs\fpcamp_mt1_e50_f113\master\master_work\worker_02\32e217e847127f9e__MAS_RST.APRQ_11_0615.8-b1da74df8c-a46hr3y5,no_mas_sum,,,0,0,,
,C:\Users\USER\lpopt_work\kit_frontier\runs\fpcamp_mt1_e50_f113\master\master_work\worker_03\7408d2c11d1504eb__MAS_RST.APRQ_11_0615.8-c73b748fe5-318ialov,no_mas_sum,,,0,0,,
,C:\Users\USER\lpopt_work\kit_frontier\runs\fpcamp_mt1_e50_f113\master\master_work\worker_04\b71516ede95ad238__MAS_RST.APRQ_11_0615.8-39c8ae6dca-9dphkqa0,no_mas_sum,,,0,0,,
,C:\Users\USER\lpopt_work\kit_frontier\runs\fpcamp_mt1_e50_f113\master\master_work\worker_05\e9fd28525e7f7bae__MAS_RST.APRQ_11_0615.8-31430e01b3-1ulp0i9d,no_mas_sum,,,0,0,,
,C:\Users\USER\lpopt_work\kit_frontier\runs\fpcamp_mt1_e50_f113\master\master_work\worker_06\c72f6cf0514fa069__MAS_RST.APRQ_11_0615.8-3cc6ce1aa3-oqqlnvl_,no_mas_sum,,,0,0,,
,C:\Users\USER\lpopt_work\kit_frontier\runs\fpcamp_mt1_e50_f113\master\master_work\worker_07\21e1680d28dd5911__MAS_RST.APRQ_11_0615.8-4654550adf-wzc3ttnq,no_mas_sum,,,0,0,,
c96ff4c2368a8758,C:\Users\USER\lpopt_work\kit_frontier\runs\pinbu_wave_keep_f113pin5\ga80\master_work\worker_00\c96ff4c2368a8758__MAS_RST.APRQ_11_0677.2-aae6e6db3b-9vcfq69h,final,1.5688,1.4322,27,1,,646.019
b2cced5b9096a2e9,C:\Users\USER\lpopt_work\kit_frontier\runs\pinbu_wave_keep_f113pin5\ga80\master_work\worker_01\b2cced5b9096a2e9__MAS_RST.APRQ_11_0677.2-cb0931b197-bdfdwcyx,final,1.6432,1.4672,27,1,,645.49
a951d111d3326198,C:\Users\USER\lpopt_work\kit_frontier\runs\pinbu_wave_keep_f113pin5\ga80\master_work\worker_02\a951d111d3326198__MAS_RST.APRQ_11_0677.2-0d187ce9e0-4_mrw672,final,1.6114,1.4742,27,1,,645.85
bd7e278923509315,C:\Users\USER\lpopt_work\kit_frontier\runs\pinbu_wave_keep_f113pin5\ga80\master_work\worker_03\bd7e278923509315__MAS_RST.APRQ_11_0677.2-4f1d30ec8d-h6cb4urx,final,1.6078,1.4731,27,1,,643.054
fbb58a5ab8e79397,C:\Users\USER\lpopt_work\kit_frontier\runs\pinbu_wave_keep_f113pin5\ga80\master_work\worker_04\fbb58a5ab8e79397__MAS_RST.APRQ_11_0677.2-bef03573ad-909q_fpa,final,1.6064,1.4693,27,1,,645.503
676c83391e0edfa8,C:\Users\USER\lpopt_work\kit_frontier\runs\produce_fxyera_r1\produce_run_20260829_103744\master_work\worker_00\676c83391e0edfa8__MAS_RST.APRQ_12_0789.0-d565902f2d-z3t95gbf,final,4.3082,3.6796,31,0,above_ceiling,806.616
81bca0e36e16b5ac,C:\Users\USER\lpopt_work\kit_frontier\runs\produce_fxyera_r1\produce_run_20260829_103744\master_work\worker_00\81bca0e36e16b5ac__MAS_RST.APRQ_11_0767.6-7d5725c405-hl_t6wgs,final,2.281,1.946,31,1,,786.474
99c5273e919d14d3,C:\Users\USER\lpopt_work\kit_frontier\runs\produce_fxyera_r1\produce_run_20260829_103744\master_work\worker_00\99c5273e919d14d3__MAS_RST.APRQ_11_0725.8-c5626e1e2c-nhfczigd,final,2.2174,1.9696,29,1,,732.363
,C:\Users\USER\lpopt_work\kit_frontier\runs\produce_fxyera_r1\produce_run_20260829_103744\master_work\worker_00\af11c2b21dce94de__MAS_RST.APRQ_11_0740.8-d7574153e3-0gc2ia6k,nonfinite,,,0,0,,
,C:\Users\USER\lpopt_work\kit_frontier\runs\produce_fxyera_r1\produce_run_20260829_103744\master_work\worker_00\beaf0cfa35a7bb7f__MAS_RST.APRQ_11_0722.6-e875bca273-nd5oqnip,nonfinite,,,0,0,,
,C:\Users\USER\lpopt_work\kit_frontier\runs\produce_fxyera_r1\produce_run_20260829_103744\master_work\worker_01\53f6eaa3bb84a36f__MAS_RST.APRQ_11_0725.8-ea0130394a-z1qrt_of,nonfinite,,,0,0,,
60189dd484499fcd,C:\Users\USER\lpopt_work\kit_frontier\runs\produce_fxyera_r1\produce_run_20260829_103744\master_work\worker_01\60189dd484499fcd__MAS_RST.APRQ_11_0767.6-89fb109e75-epffml60,final,2.4513,2.0737,31,1,,783.698
,C:\Users\USER\lpopt_work\kit_frontier\runs\produce_fxyera_r1\produce_run_20260829_103744\master_work\worker_01\6b66707a9c6b5d1d__MAS_RST.APRQ_11_0740.8-bec00f6091-dwmxx9we,nonfinite,,,0,0,,
9b0fe5c0828cd0ed,C:\Users\USER\lpopt_work\kit_frontier\runs\produce_fxyera_r1\produce_run_20260829_103744\master_work\worker_01\9b0fe5c0828cd0ed__MAS_RST.APRQ_12_0789.0-3b127d85c5-0om3ayra,final,5.308,4.4535,31,0,above_ceiling,795.85
d3dad45172ec588e,C:\Users\USER\lpopt_work\kit_frontier\runs\produce_fxyera_r1\produce_run_20260829_103744\master_work\worker_01\d3dad45172ec588e__MAS_RST.APRQ_11_0722.6-a221a02fab-0yxar_2y,final,3.5936,3.0134,28,0,above_ceiling,715.109
,C:\Users\USER\lpopt_work\kit_frontier\runs\produce_fxyera_r1\produce_run_20260829_103744\master_work\worker_02\6b414e1530ee153f__MAS_RST.APRQ_12_0789.0-2023010c28-udreoyrz,nonfinite,,,0,0,,
75bc00cb2b8b985b,C:\Users\USER\lpopt_work\kit_frontier\runs\produce_fxyera_r1\produce_run_20260829_103744\master_work\worker_02\75bc00cb2b8b985b__MAS_RST.APRQ_11_0725.8-e921093aee-spey4dnz,final,2.2147,1.8669,29,1,,735.217
,C:\Users\USER\lpopt_work\kit_frontier\runs\produce_fxyera_r1\produce_run_20260829_103744\master_work\worker_02\c7fc1145ee2fc914__MAS_RST.APRQ_11_0767.6-fb52300f13-2ngx7b55,nonfinite,,,0,0,,
d995e7658647d654,C:\Users\USER\lpopt_work\kit_frontier\runs\produce_fxyera_r1\produce_run_20260829_103744\master_work\worker_02\d995e7658647d654__MAS_RST.APRQ_11_0722.6-ccce669eff-9w98xtpc,final,5.1412,4.3427,28,0,above_ceiling,707.526
f14fde1d3430e827,C:\Users\USER\lpopt_work\kit_frontier\runs\produce_fxyera_r1\produce_run_20260829_103744\master_work\worker_02\f14fde1d3430e827__MAS_RST.APRQ_11_0740.8-3aa5a0b071-7fhf9hem,final,2.4498,2.0324,29,1,,741.25
,C:\Users\USER\lpopt_work\kit_frontier\runs\produce_fxyera_r1\produce_run_20260829_103744\master_work\worker_03\1e61c2ab1057f2e9__MAS_RST.APRQ_11_0722.6-ffb54a9428-9t0zxxl7,nonfinite,,,0,0,,
66587c21d689474c,C:\Users\USER\lpopt_work\kit_frontier\runs\produce_fxyera_r1\produce_run_20260829_103744\master_work\worker_03\66587c21d689474c__MAS_RST.APRQ_11_0725.8-0af61e8ef2-042yjgme,final,2.47,2.0809,29,1,,747.181
,C:\Users\USER\lpopt_work\kit_frontier\runs\produce_fxyera_r1\produce_run_20260829_103744\master_work\worker_03\96eeafe3a0e0fd49__MAS_RST.APRQ_11_0740.8-7c9c6325c7-23lxg62x,nonfinite,,,0,0,,
d74474caa53cdaf4,C:\Users\USER\lpopt_work\kit_frontier\runs\produce_fxyera_r1\produce_run_20260829_103744\master_work\worker_03\d74474caa53cdaf4__MAS_RST.APRQ_11_0767.6-f8e125b564-v_8gc4cw,final,2.2877,2.0008,31,1,,790.471
e12973c1d94489da,C:\Users\USER\lpopt_work\kit_frontier\runs\produce_fxyera_r1\produce_run_20260829_103744\master_work\worker_03\e12973c1d94489da__MAS_RST.APRQ_12_0789.0-2c003019f0-6f1wnyg1,final,4.7277,3.9535,31,0,above_ceiling,801.165
065fe9a3f8bb9309,C:\Users\USER\lpopt_work\kit_frontier\runs\produce_fxyera_r1\produce_run_20260829_103744\master_work\worker_04\065fe9a3f8bb9309__MAS_RST.APRQ_12_0789.0-c203414d5b-45xv81dr,final,2.2809,1.9068,31,1,,804.902
,C:\Users\USER\lpopt_work\kit_frontier\runs\produce_fxyera_r1\produce_run_20260829_103744\master_work\worker_04\25d6dd755e28168e__MAS_RST.APRQ_11_0722.6-afe73f95cf-bl49_lhk,nonfinite,,,0,0,,
388311a73f3dbf97,C:\Users\USER\lpopt_work\kit_frontier\runs\produce_fxyera_r1\produce_run_20260829_103744\master_work\worker_04\388311a73f3dbf97__MAS_RST.APRQ_11_0740.8-31066269f9-r66awsjd,final,3.0328,2.2891,29,0,above_ceiling,735.771
9a88748f7f5cadc8,C:\Users\USER\lpopt_work\kit_frontier\runs\produce_fxyera_r1\produce_run_20260829_103744\master_work\worker_04\9a88748f7f5cadc8__MAS_RST.APRQ_11_0767.6-601189c6dc-p_ws4_k_,final,5.0824,4.4809,31,0,above_ceiling,781.612
,C:\Users\USER\lpopt_work\kit_frontier\runs\produce_fxyera_r1\produce_run_20260829_103744\master_work\worker_04\ecdb63bf7d69d592__MAS_RST.APRQ_11_0725.8-1108990ead-qpe55u5a,nonfinite,,,0,0,,
,C:\Users\USER\lpopt_work\kit_frontier\runs\produce_fxyera_r1\produce_run_20260829_103744\master_work\worker_05\0a4caece9049a044__MAS_RST.APRQ_11_0722.6-ce125ad01d-lgd9i0_b,nonfinite,,,0,0,,
,C:\Users\USER\lpopt_work\kit_frontier\runs\produce_fxyera_r1\produce_run_20260829_103744\master_work\worker_05\1d6db2ce62a0bb4e__MAS_RST.APRQ_11_0740.8-09d58889b8-d67uobqz,nonfinite,,,0,0,,
858bf936b723ca8f,C:\Users\USER\lpopt_work\kit_frontier\runs\produce_fxyera_r1\produce_run_20260829_103744\master_work\worker_05\858bf936b723ca8f__MAS_RST.APRQ_11_0725.8-4b339fb4d8-eb24aa3g,final,4.0225,3.312,29,0,above_ceiling,746.934
a22b64b216fc5cbc,C:\Users\USER\lpopt_work\kit_frontier\runs\produce_fxyera_r1\produce_run_20260829_103744\master_work\worker_05\a22b64b216fc5cbc__MAS_RST.APRQ_11_0767.6-b99397a656-yye7w9tx,final,2.0597,1.7401,31,1,,785.87
,C:\Users\USER\lpopt_work\kit_frontier\runs\produce_fxyera_r1\produce_run_20260829_103744\master_work\worker_05\b5399b76d613fca6__MAS_RST.APRQ_12_0789.0-446b346333-_xsiwkph,nonfinite,,,0,0,,
29c32ec861ae8095,C:\Users\USER\lpopt_work\kit_frontier\runs\produce_fxyera_r1\produce_run_20260829_103744\master_work\worker_06\29c32ec861ae8095__MAS_RST.APRQ_11_0767.6-a4157816d4-3ojvrzcx,final,5.0655,4.4654,30,0,above_ceiling,778.382
,C:\Users\USER\lpopt_work\kit_frontier\runs\produce_fxyera_r1\produce_run_20260829_103744\master_work\worker_06\8b00d655cc9e749e__MAS_RST.APRQ_11_0722.6-da5df15f7e-sqycrvt2,nonfinite,,,0,0,,
a988150e9cf4eca0,C:\Users\USER\lpopt_work\kit_frontier\runs\produce_fxyera_r1\produce_run_20260829_103744\master_work\worker_06\a988150e9cf4eca0__MAS_RST.APRQ_11_0740.8-05028ed53f-9n5swkus,final,2.4445,2.0683,29,1,,733.188
c57e2d754629ff28,C:\Users\USER\lpopt_work\kit_frontier\runs\produce_fxyera_r1\produce_run_20260829_103744\master_work\worker_06\c57e2d754629ff28__MAS_RST.APRQ_12_0789.0-c8e804c2d6-l76ynqp8,final,2.0964,1.7727,31,1,,808.852
,C:\Users\USER\lpopt_work\kit_frontier\runs\produce_fxyera_r1\produce_run_20260829_103744\master_work\worker_06\dd91a920bb156b67__MAS_RST.APRQ_11_0725.8-76954a989b-nvnzur_3,nonfinite,,,0,0,,
2a4f4f6eeea511a9,C:\Users\USER\lpopt_work\kit_frontier\runs\produce_fxyera_r1\produce_run_20260829_103744\master_work\worker_07\2a4f4f6eeea511a9__MAS_RST.APRQ_11_0725.8-9bfa4d008a-ruy0i15u,final,2.3611,1.9841,29,1,,746.383
,C:\Users\USER\lpopt_work\kit_frontier\runs\produce_fxyera_r1\produce_run_20260829_103744\master_work\worker_07\52d5a0688023e555__MAS_RST.APRQ_11_0740.8-62a3f78ca3-_81hdf66,nonfinite,,,0,0,,
57420de96af203dd,C:\Users\USER\lpopt_work\kit_frontier\runs\produce_fxyera_r1\produce_run_20260829_103744\master_work\worker_07\57420de96af203dd__MAS_RST.APRQ_11_0767.6-7656f660c3-4nwjbvtr,final,3.5667,3.107,31,0,above_ceiling,790.665
a8ec5282f1cfacc7,C:\Users\USER\lpopt_work\kit_frontier\runs\produce_fxyera_r1\produce_run_20260829_103744\master_work\worker_07\a8ec5282f1cfacc7__MAS_RST.APRQ_11_0722.6-978806df3c-b9uimvju,final,2.4918,2.1814,28,1,,716.135
c02f638175c098a9,C:\Users\USER\lpopt_work\kit_frontier\runs\produce_fxyera_r1\produce_run_20260829_103744\master_work\worker_07\c02f638175c098a9__MAS_RST.APRQ_12_0789.0-17824d7436-5lr892cp,final,4.0518,3.3762,31,0,above_ceiling,795.663
,C:\Users\USER\lpopt_work\kit_frontier\runs\produce_fxyera_r1\produce_run_20260829_103744\master_work\worker_08\015fb9c69ec90897__MAS_RST.APRQ_11_0767.6-ef04420fac-j73hhsay,nonfinite,,,0,0,,
,C:\Users\USER\lpopt_work\kit_frontier\runs\produce_fxyera_r1\produce_run_20260829_103744\master_work\worker_08\9232aafc2a5a447c__MAS_RST.APRQ_11_0725.8-4bd989b0c7-aj5dtnyf,nonfinite,,,0,0,,
944f5ad65a79c5f3,C:\Users\USER\lpopt_work\kit_frontier\runs\produce_fxyera_r1\produce_run_20260829_103744\master_work\worker_08\944f5ad65a79c5f3__MAS_RST.APRQ_11_0740.8-0248545cd7-a_mc7m_t,final,5.1077,4.1472,29,0,above_ceiling,741.782
cb5f63cc83514210,C:\Users\USER\lpopt_work\kit_frontier\runs\produce_fxyera_r1\produce_run_20260829_103744\master_work\worker_08\cb5f63cc83514210__MAS_RST.APRQ_12_0789.0-58d59fa305-3h8383i2,final,3.6706,2.9848,31,0,above_ceiling,791.792
,C:\Users\USER\lpopt_work\kit_frontier\runs\produce_fxyera_r1\produce_run_20260829_103744\master_work\worker_08\eee4a0c68feb55f7__MAS_RST.APRQ_11_0722.6-7fffe97268-p3yvpcev,no_mas_sum,,,0,0,,
eee4a0c68feb55f7,C:\Users\USER\lpopt_work\kit_frontier\runs\produce_fxyera_r1\produce_run_20260829_103744\master_work\worker_08\eee4a0c68feb55f7__MAS_RST.APRQ_11_0722.6-cc65cbb71b-sig7y8k3,superseded,,,0,0,,
3337f6743a4f87c8,C:\Users\USER\lpopt_work\kit_frontier\runs\produce_fxyera_r1\produce_run_20260829_103744\master_work\worker_09\3337f6743a4f87c8__MAS_RST.APRQ_11_0722.6-5f6f6a107b-u1i7uvbp,superseded,,,0,0,,
,C:\Users\USER\lpopt_work\kit_frontier\runs\produce_fxyera_r1\produce_run_20260829_103744\master_work\worker_09\3337f6743a4f87c8__MAS_RST.APRQ_11_0722.6-ff147152e3-md20qsoe,no_mas_sum,,,0,0,,
6baefa72a0f9566b,C:\Users\USER\lpopt_work\kit_frontier\runs\produce_fxyera_r1\produce_run_20260829_103744\master_work\worker_09\6baefa72a0f9566b__MAS_RST.APRQ_11_0767.6-9ab635b95a-mnjin44h,final,4.641,4.102,31,0,above_ceiling,781.189
72e93c9044910367,C:\Users\USER\lpopt_work\kit_frontier\runs\produce_fxyera_r1\produce_run_20260829_103744\master_work\worker_09\72e93c9044910367__MAS_RST.APRQ_11_0725.8-cb0ab2aade-_2ikrtth,final,2.5555,2.1509,29,1,,747.359
,C:\Users\USER\lpopt_work\kit_frontier\runs\produce_fxyera_r1\produce_run_20260829_103744\master_work\worker_09\ab19493aa0565006__MAS_RST.APRQ_11_0740.8-8593ca8606-4jsk0dqe,nonfinite,,,0,0,,
de425781c2fa7244,C:\Users\USER\lpopt_work\kit_frontier\runs\produce_fxyera_r1\produce_run_20260829_103744\master_work\worker_09\de425781c2fa7244__MAS_RST.APRQ_12_0789.0-92e7bd15b7-p8nwjpyu,final,2.5326,2.0472,31,1,,801
,C:\Users\USER\lpopt_work\kit_frontier\runs\produce_fxyera_r1\produce_run_20260829_103744\master_work\worker_10\4fd8c539c82695e4__MAS_RST.APRQ_11_0767.6-42872db881-hi6xycjj,nonfinite,,,0,0,,
,C:\Users\USER\lpopt_work\kit_frontier\runs\produce_fxyera_r1\produce_run_20260829_103744\master_work\worker_10\607bcdcfef0d3c72__MAS_RST.APRQ_11_0725.8-be9d94bc63-1fm4ejt8,nonfinite,,,0,0,,
,C:\Users\USER\lpopt_work\kit_frontier\runs\produce_fxyera_r1\produce_run_20260829_103744\master_work\worker_10\7bea4590a77e8d58__MAS_RST.APRQ_12_0789.0-9a2cc69d24-02n9tn0a,nonfinite,,,0,0,,
,C:\Users\USER\lpopt_work\kit_frontier\runs\produce_fxyera_r1\produce_run_20260829_103744\master_work\worker_10\d5bf5fc03662ffdf__MAS_RST.APRQ_11_0722.6-c7fc7fc2d1-tyyt5o7x,nonfinite,,,0,0,,
e0dabc776b8d6563,C:\Users\USER\lpopt_work\kit_frontier\runs\produce_fxyera_r1\produce_run_20260829_103744\master_work\worker_10\e0dabc776b8d6563__MAS_RST.APRQ_11_0740.8-9aeb7d661c-7ozr6jvs,final,4.9224,4.0747,29,0,above_ceiling,722.546
4deb040973949339,C:\Users\USER\lpopt_work\kit_frontier\runs\produce_fxyera_r1\produce_run_20260829_103744\master_work\worker_11\4deb040973949339__MAS_RST.APRQ_12_0789.0-d958ff0ccb-ivkja8m8,final,2.5506,2.1527,31,1,,803.54
65a39565e5f05f85,C:\Users\USER\lpopt_work\kit_frontier\runs\produce_fxyera_r1\produce_run_20260829_103744\master_work\worker_11\65a39565e5f05f85__MAS_RST.APRQ_11_0767.6-b0d7fe1a48-9lcg1ych,final,2.0092,1.7273,31,1,,794.321
90f9dc5bdb48ad1c,C:\Users\USER\lpopt_work\kit_frontier\runs\produce_fxyera_r1\produce_run_20260829_103744\master_work\worker_11\90f9dc5bdb48ad1c__MAS_RST.APRQ_11_0740.8-9d4fe1b65a-2rt5l_wl,final,3.0642,2.2677,29,0,above_ceiling,724.757
,C:\Users\USER\lpopt_work\kit_frontier\runs\produce_fxyera_r1\produce_run_20260829_103744\master_work\worker_11\a494d9acf1dcfd14__MAS_RST.APRQ_11_0722.6-83ac786275-z6qptljn,no_mas_sum,,,0,0,,
a494d9acf1dcfd14,C:\Users\USER\lpopt_work\kit_frontier\runs\produce_fxyera_r1\produce_run_20260829_103744\master_work\worker_11\a494d9acf1dcfd14__MAS_RST.APRQ_11_0722.6-8b302bb094-eaohqwc9,superseded,,,0,0,,
a4e540c7fbc972ef,C:\Users\USER\lpopt_work\kit_frontier\runs\produce_fxyera_r1\produce_run_20260829_103744\master_work\worker_11\a4e540c7fbc972ef__MAS_RST.APRQ_11_0725.8-f53246b010-r3kc3qxt,final,2.2587,1.8521,29,1,,742.732
17b045bfb7be75dd,C:\Users\USER\lpopt_work\kit_frontier\runs\produce_fxyera_r1\produce_run_20260829_103744\master_work\worker_12\17b045bfb7be75dd__MAS_RST.APRQ_12_0789.0-68309e3fdb-4fkx50t0,final,2.4026,2.0316,31,1,,804.15
478080f9baefaa14,C:\Users\USER\lpopt_work\kit_frontier\runs\produce_fxyera_r1\produce_run_20260829_103744\master_work\worker_12\478080f9baefaa14__MAS_RST.APRQ_11_0767.6-ce13ea1967-d1on5uq1,final,3.6341,3.1138,30,0,above_ceiling,778.601
6afba8916342eb07,C:\Users\USER\lpopt_work\kit_frontier\runs\produce_fxyera_r1\produce_run_20260829_103744\master_work\worker_12\6afba8916342eb07__MAS_RST.APRQ_11_0740.8-c1445b8942-25x_r6y_,final,3.5311,2.678,29,0,above_ceiling,726.184
86d5d1c9a13a2efa,C:\Users\USER\lpopt_work\kit_frontier\runs\produce_fxyera_r1\produce_run_20260829_103744\master_work\worker_12\86d5d1c9a13a2efa__MAS_RST.APRQ_11_0722.6-030c93e60c-nd9pesyf,superseded,,,0,0,,
,C:\Users\USER\lpopt_work\kit_frontier\runs\produce_fxyera_r1\produce_run_20260829_103744\master_work\worker_12\86d5d1c9a13a2efa__MAS_RST.APRQ_11_0722.6-cfeffe91f7-5i7rn0u2,no_mas_sum,,,0,0,,
,C:\Users\USER\lpopt_work\kit_frontier\runs\produce_fxyera_r1\produce_run_20260829_103744\master_work\worker_12\d7a0ff0380bd9992__MAS_RST.APRQ_11_0725.8-a4e9b20d43-jlglvw2z,nonfinite,,,0,0,,
00798ce8c891e3f4,C:\Users\USER\lpopt_work\kit_frontier\runs\produce_fxyera_r1\produce_run_20260829_103744\master_work\worker_13\00798ce8c891e3f4__MAS_RST.APRQ_11_0740.8-7aedffd382-pmq2wp9d,final,2.3582,2.1071,29,1,,738.928
552e4e06092c78db,C:\Users\USER\lpopt_work\kit_frontier\runs\produce_fxyera_r1\produce_run_20260829_103744\master_work\worker_13\552e4e06092c78db__MAS_RST.APRQ_12_0789.0-dc21cbdd8b-8oqenjp9,final,2.171,1.7614,31,1,,800.01
,C:\Users\USER\lpopt_work\kit_frontier\runs\produce_fxyera_r1\produce_run_20260829_103744\master_work\worker_13\5be18481205505d9__MAS_RST.APRQ_11_0722.6-7c1578ae16-4sk09w7i,nonfinite,,,0,0,,
760aa53ed187eadb,C:\Users\USER\lpopt_work\kit_frontier\runs\produce_fxyera_r1\produce_run_20260829_103744\master_work\worker_13\760aa53ed187eadb__MAS_RST.APRQ_11_0767.6-026fc99e6c-e23cso6p,final,3.9867,3.453,30,0,above_ceiling,767.592
d5ac06f54b3bdb09,C:\Users\USER\lpopt_work\kit_frontier\runs\produce_fxyera_r1\produce_run_20260829_103744\master_work\worker_13\d5ac06f54b3bdb09__MAS_RST.APRQ_11_0725.8-81c4821b0d-swcr0c3s,final,2.477,2.2246,29,1,,739.929
2abfe455c31a1855,C:\Users\USER\lpopt_work\kit_frontier\runs\produce_fxyera_r1\produce_run_20260829_103744\master_work\worker_14\2abfe455c31a1855__MAS_RST.APRQ_12_0789.0-0996c5846f-j2t19u0y,final,2.6723,2.1744,31,1,,798.276
608e0d810571cf66,C:\Users\USER\lpopt_work\kit_frontier\runs\produce_fxyera_r1\produce_run_20260829_103744\master_work\worker_14\608e0d810571cf66__MAS_RST.APRQ_11_0767.6-bcaa67fb07-z0tc8s23,final,2.5102,2.1367,30,1,,776.049
cacfc0b7963c2909,C:\Users\USER\lpopt_work\kit_frontier\runs\produce_fxyera_r1\produce_run_20260829_103744\master_work\worker_14\cacfc0b7963c2909__MAS_RST.APRQ_11_0740.8-004479e3fd-c7vors4u,final,2.5601,2.1549,29,1,,738.327
de02a519fb7fdfb4,C:\Users\USER\lpopt_work\kit_frontier\runs\produce_fxyera_r1\produce_run_20260829_103744\master_work\worker_14\de02a519fb7fdfb4__MAS_RST.APRQ_11_0725.8-0d70a28fd6-wm0r1d2x,final,2.2236,1.9095,29,1,,742.216
,C:\Users\USER\lpopt_work\kit_frontier\runs\produce_fxyera_r1\produce_run_20260829_103744\master_work\worker_14\e1f350b479f45626__MAS_RST.APRQ_11_0722.6-11f2cf9290-6b629ns2,nonfinite,,,0,0,,
,C:\Users\USER\lpopt_work\kit_frontier\runs\produce_fxyera_r1\produce_run_20260829_103744\master_work\worker_15\1ebe1e07e04105c9__MAS_RST.APRQ_11_0722.6-40c3343948-nat2_x5b,no_mas_sum,,,0,0,,
1ebe1e07e04105c9,C:\Users\USER\lpopt_work\kit_frontier\runs\produce_fxyera_r1\produce_run_20260829_103744\master_work\worker_15\1ebe1e07e04105c9__MAS_RST.APRQ_11_0722.6-4b6df56f39-e0j7350t,final,2.3734,1.9545,28,1,,706.93
5349cfd0fd36d771,C:\Users\USER\lpopt_work\kit_frontier\runs\produce_fxyera_r1\produce_run_20260829_103744\master_work\worker_15\5349cfd0fd36d771__MAS_RST.APRQ_11_0740.8-ca7371ed2e-k4ppgmb2,final,2.4458,2.0622,29,1,,738.862
798236d5f7a1d7c0,C:\Users\USER\lpopt_work\kit_frontier\runs\produce_fxyera_r1\produce_run_20260829_103744\master_work\worker_15\798236d5f7a1d7c0__MAS_RST.APRQ_12_0789.0-5d4f7549e0-wienqijh,final,2.1303,1.8008,31,1,,800.644
7dde63338df09572,C:\Users\USER\lpopt_work\kit_frontier\runs\produce_fxyera_r1\produce_run_20260829_103744\master_work\worker_15\7dde63338df09572__MAS_RST.APRQ_11_0767.6-9db4f0aac1-m5kbx7wh,final,5.2866,4.6053,30,0,above_ceiling,771.416
acd3ea6d8ba1b9b7,C:\Users\USER\lpopt_work\kit_frontier\runs\produce_fxyera_r1\produce_run_20260829_103744\master_work\worker_15\acd3ea6d8ba1b9b7__MAS_RST.APRQ_11_0725.8-6a8b353fa9-p5eloi5y,final,3.8761,3.2669,29,0,above_ceiling,748.551
,C:\Users\USER\lpopt_work\kit_frontier\runs\produce_fxyera_r1\produce_run_20260829_103744\master_work\worker_16\0b1a18b52313929c__MAS_RST.APRQ_12_0789.0-8385de6c86-8xcni00v,nonfinite,,,0,0,,
12cabd2a5a437b8e,C:\Users\USER\lpopt_work\kit_frontier\runs\produce_fxyera_r1\produce_run_20260829_103744\master_work\worker_16\12cabd2a5a437b8e__MAS_RST.APRQ_11_0722.6-1dd2d2bcf0-70in7hpr,superseded,,,0,0,,
,C:\Users\USER\lpopt_work\kit_frontier\runs\produce_fxyera_r1\produce_run_20260829_103744\master_work\worker_16\12cabd2a5a437b8e__MAS_RST.APRQ_11_0722.6-31c9cf54e7-2rp8jr4r,no_mas_sum,,,0,0,,
1abc40fd20fe00d0,C:\Users\USER\lpopt_work\kit_frontier\runs\produce_fxyera_r1\produce_run_20260829_103744\master_work\worker_16\1abc40fd20fe00d0__MAS_RST.APRQ_11_0740.8-5c6243d838-9rfwd644,final,4.0121,3.3249,29,0,above_ceiling,734.224
48557c2d37536929,C:\Users\USER\lpopt_work\kit_frontier\runs\produce_fxyera_r1\produce_run_20260829_103744\master_work\worker_16\48557c2d37536929__MAS_RST.APRQ_11_0725.8-88f16e23e9-9i5tfkus,final,2.2483,1.9123,29,1,,742.855
f6b5b08a46d00c87,C:\Users\USER\lpopt_work\kit_frontier\runs\produce_fxyera_r1\produce_run_20260829_103744\master_work\worker_16\f6b5b08a46d00c87__MAS_RST.APRQ_11_0767.6-adf75bf152-nt86_u47,final,2.5422,2.1665,31,1,,783.524
,C:\Users\USER\lpopt_work\kit_frontier\runs\produce_fxyera_r1\produce_run_20260829_103744\master_work\worker_17\3b7868ac05f6b7fb__MAS_RST.APRQ_11_0722.6-8bae506b9c-31x3zn75,nonfinite,,,0,0,,
86bebaf14019e0f0,C:\Users\USER\lpopt_work\kit_frontier\runs\produce_fxyera_r1\produce_run_20260829_103744\master_work\worker_17\86bebaf14019e0f0__MAS_RST.APRQ_12_0789.0-8dd96e59bb-if84si23,final,2.2654,1.89,31,1,,805.46
8ca9d7e2894b6d85,C:\Users\USER\lpopt_work\kit_frontier\runs\produce_fxyera_r1\produce_run_20260829_103744\master_work\worker_17\8ca9d7e2894b6d85__MAS_RST.APRQ_11_0725.8-20a2b20f8b-0ypw8bhm,final,2.1581,1.7938,30,1,,750.905
99938f28a7d07738,C:\Users\USER\lpopt_work\kit_frontier\runs\produce_fxyera_r1\produce_run_20260829_103744\master_work\worker_17\99938f28a7d07738__MAS_RST.APRQ_11_0767.6-83ec18ba8a-ii0kcll5,final,3.5146,3.0969,31,0,above_ceiling,784.851
e0dfff917a3bdf56,C:\Users\USER\lpopt_work\kit_frontier\runs\produce_fxyera_r1\produce_run_20260829_103744\master_work\worker_17\e0dfff917a3bdf56__MAS_RST.APRQ_11_0740.8-7e4bf7ed29-a4o3kh4x,final,3.14,2.3129,29,0,above_ceiling,738.767
0d4321ca77f9b0d9,C:\Users\USER\lpopt_work\kit_frontier\runs\produce_fxyera_r1\produce_run_20260829_103744\master_work\worker_18\0d4321ca77f9b0d9__MAS_RST.APRQ_11_0767.6-c421e5f3ae-wnice4s5,final,2.5278,2.1715,31,1,,782.383
,C:\Users\USER\lpopt_work\kit_frontier\runs\produce_fxyera_r1\produce_run_20260829_103744\master_work\worker_18\28c3a5e7c6bdfcd4__MAS_RST.APRQ_11_0722.6-790bbf2c47-uplfdges,nonfinite,,,0,0,,
2d73caedd49415fe,C:\Users\USER\lpopt_work\kit_frontier\runs\produce_fxyera_r1\produce_run_20260829_103744\master_work\worker_18\2d73caedd49415fe__MAS_RST.APRQ_11_0725.8-c3536afb01-5fxiqcf9,final,2.6678,2.2479,29,1,,740.878
33e56b2350c7e4c6,C:\Users\USER\lpopt_work\kit_frontier\runs\produce_fxyera_r1\produce_run_20260829_103744\master_work\worker_18\33e56b2350c7e4c6__MAS_RST.APRQ_11_0740.8-c8f4ae4e3e-3zezxlkp,final,2.2459,1.8536,29,1,,729.868
bd7f60ece7a0487c,C:\Users\USER\lpopt_work\kit_frontier\runs\produce_fxyera_r1\produce_run_20260829_103744\master_work\worker_18\bd7f60ece7a0487c__MAS_RST.APRQ_12_0789.0-48d10325dc-wigi7h6i,final,4.9297,4.19,31,0,above_ceiling,801.496
34ca2ccac3242dad,C:\Users\USER\lpopt_work\kit_frontier\runs\produce_fxyera_r1\produce_run_20260829_103744\master_work\worker_19\34ca2ccac3242dad__MAS_RST.APRQ_11_0767.6-c37e3c6256-w0lqkznd,final,3.9109,3.4248,31,0,above_ceiling,788.778
410a8c1b3c7650b0,C:\Users\USER\lpopt_work\kit_frontier\runs\produce_fxyera_r1\produce_run_20260829_103744\master_work\worker_19\410a8c1b3c7650b0__MAS_RST.APRQ_11_0725.8-66548e47fb-g_j1jwzf,final,2.2785,1.9701,29,1,,741.518
bafd6450719b8acc,C:\Users\USER\lpopt_work\kit_frontier\runs\produce_fxyera_r1\produce_run_20260829_103744\master_work\worker_19\bafd6450719b8acc__MAS_RST.APRQ_12_0789.0-a5383bafb1-2a_mshtu,final,3.3111,2.7395,31,0,above_ceiling,798.135
d7c8c65de2eed0bc,C:\Users\USER\lpopt_work\kit_frontier\runs\produce_fxyera_r1\produce_run_20260829_103744\master_work\worker_19\d7c8c65de2eed0bc__MAS_RST.APRQ_11_0740.8-743daed34c-hqfhu7d1,final,2.2659,1.9423,29,1,,738.853
,C:\Users\USER\lpopt_work\kit_frontier\runs\produce_fxyera_r1\produce_run_20260829_103744\master_work\worker_19\f54b00cd82f571ef__MAS_RST.APRQ_11_0722.6-b38132daf8-5ro2tvsw,nonfinite,,,0,0,,
,C:\Users\USER\lpopt_work\kit_frontier\runs\produce_fxyera_r1\produce_run_20260829_103744\master_work\worker_20\1714e85eba115f5e__MAS_RST.APRQ_12_0789.0-79a7a4e5bb-1397t9u4,nonfinite,,,0,0,,
,C:\Users\USER\lpopt_work\kit_frontier\runs\produce_fxyera_r1\produce_run_20260829_103744\master_work\worker_20\6bb11c1bcbb4d3df__MAS_RST.APRQ_11_0767.6-8471380e2f-221qvn12,nonfinite,,,0,0,,
9518438318273085,C:\Users\USER\lpopt_work\kit_frontier\runs\produce_fxyera_r1\produce_run_20260829_103744\master_work\worker_20\9518438318273085__MAS_RST.APRQ_11_0725.8-1ff89c6a6b-_po825bk,final,2.3196,1.9691,29,1,,748.373
cec0af87c28236b7,C:\Users\USER\lpopt_work\kit_frontier\runs\produce_fxyera_r1\produce_run_20260829_103744\master_work\worker_20\cec0af87c28236b7__MAS_RST.APRQ_11_0722.6-5e05afeeec-0168hce7,superseded,,,0,0,,
,C:\Users\USER\lpopt_work\kit_frontier\runs\produce_fxyera_r1\produce_run_20260829_103744\master_work\worker_20\cec0af87c28236b7__MAS_RST.APRQ_11_0722.6-dfaeaa96ba-p5vd35s7,no_mas_sum,,,0,0,,
d63a65280dfc932b,C:\Users\USER\lpopt_work\kit_frontier\runs\produce_fxyera_r1\produce_run_20260829_103744\master_work\worker_20\d63a65280dfc932b__MAS_RST.APRQ_11_0740.8-42e1347475-h6_blty8,final,4.1149,3.7209,29,0,above_ceiling,722.315
,C:\Users\USER\lpopt_work\kit_frontier\runs\produce_fxyera_r1\produce_run_20260829_103744\master_work\worker_21\90a6026362e516fb__MAS_RST.APRQ_11_0767.6-390c67aa56-ujoo9jor,nonfinite,,,0,0,,
9a34d24188022e0a,C:\Users\USER\lpopt_work\kit_frontier\runs\produce_fxyera_r1\produce_run_20260829_103744\master_work\worker_21\9a34d24188022e0a__MAS_RST.APRQ_12_0789.0-4d6af96ed5-4lqsw7u7,final,2.5471,2.1515,31,1,,795.309
a30aaa56d0bfb2f0,C:\Users\USER\lpopt_work\kit_frontier\runs\produce_fxyera_r1\produce_run_20260829_103744\master_work\worker_21\a30aaa56d0bfb2f0__MAS_RST.APRQ_11_0740.8-46605cc6b4-llm31wvn,final,4.1357,3.5215,29,0,above_ceiling,727.007
dcd0b4a25dc6cda7,C:\Users\USER\lpopt_work\kit_frontier\runs\produce_fxyera_r1\produce_run_20260829_103744\master_work\worker_21\dcd0b4a25dc6cda7__MAS_RST.APRQ_11_0722.6-ddca747459-o4oa6son,superseded,,,0,0,,
,C:\Users\USER\lpopt_work\kit_frontier\runs\produce_fxyera_r1\produce_run_20260829_103744\master_work\worker_21\dcd0b4a25dc6cda7__MAS_RST.APRQ_11_0722.6-f5964e7d1d-q55hj0jt,no_mas_sum,,,0,0,,
e3414dc04d0c0f14,C:\Users\USER\lpopt_work\kit_frontier\runs\produce_fxyera_r1\produce_run_20260829_103744\master_work\worker_21\e3414dc04d0c0f14__MAS_RST.APRQ_11_0725.8-6e6b50bfb5-elzgah2s,final,2.0809,1.8095,29,1,,741.136
3d1680f7668e34d0,C:\Users\USER\lpopt_work\kit_frontier\runs\produce_fxyera_r1\produce_run_20260829_103744\master_work\worker_22\3d1680f7668e34d0__MAS_RST.APRQ_11_0722.6-74f8bc3d58-wmr58cig,superseded,,,0,0,,
,C:\Users\USER\lpopt_work\kit_frontier\runs\produce_fxyera_r1\produce_run_20260829_103744\master_work\worker_22\3d1680f7668e34d0__MAS_RST.APRQ_11_0722.6-9659b36b34-9352nu5s,no_mas_sum,,,0,0,,
43687be4cbec6bb9,C:\Users\USER\lpopt_work\kit_frontier\runs\produce_fxyera_r1\produce_run_20260829_103744\master_work\worker_22\43687be4cbec6bb9__MAS_RST.APRQ_11_0725.8-4a8140ea45-teotwhg1,final,2.5027,2.2546,29,1,,746.219
4af0ca35e2acc0ac,C:\Users\USER\lpopt_work\kit_frontier\runs\produce_fxyera_r1\produce_run_20260829_103744\master_work\worker_22\4af0ca35e2acc0ac__MAS_RST.APRQ_11_0767.6-8d4e73c480-miavftzp,final,3.8374,3.3039,31,0,above_ceiling,786.302
5f756be25511d72e,C:\Users\USER\lpopt_work\kit_frontier\runs\produce_fxyera_r1\produce_run_20260829_103744\master_work\worker_22\5f756be25511d72e__MAS_RST.APRQ_11_0740.8-9b8eb0b824-63817jps,final,4.3777,3.6885,29,0,above_ceiling,731.41
ba3d21d6848642b1,C:\Users\USER\lpopt_work\kit_frontier\runs\produce_fxyera_r1\produce_run_20260829_103744\master_work\worker_22\ba3d21d6848642b1__MAS_RST.APRQ_12_0789.0-582b53963b-892xgmzj,final,2.292,1.8591,31,1,,800.548
24a818722ebd5234,C:\Users\USER\lpopt_work\kit_frontier\runs\produce_fxyera_r1\produce_run_20260829_103744\master_work\worker_23\24a818722ebd5234__MAS_RST.APRQ_12_0789.0-7336cfe902-zxfc_2xp,final,2.5077,2.1297,31,1,,803.531
2f37b022d386d567,C:\Users\USER\lpopt_work\kit_frontier\runs\produce_fxyera_r1\produce_run_20260829_103744\master_work\worker_23\2f37b022d386d567__MAS_RST.APRQ_11_0722.6-7b6616f8f0-uyvmubr8,superseded,,,0,0,,
,C:\Users\USER\lpopt_work\kit_frontier\runs\produce_fxyera_r1\produce_run_20260829_103744\master_work\worker_23\2f37b022d386d567__MAS_RST.APRQ_11_0722.6-9641df92fc-o_04uym9,no_mas_sum,,,0,0,,
49a1442dd586308a,C:\Users\USER\lpopt_work\kit_frontier\runs\produce_fxyera_r1\produce_run_20260829_103744\master_work\worker_23\49a1442dd586308a__MAS_RST.APRQ_11_0767.6-a368457a17-qmxd4u2r,final,3.6286,3.1533,30,0,above_ceiling,768.274
6b0917bb5bb97586,C:\Users\USER\lpopt_work\kit_frontier\runs\produce_fxyera_r1\produce_run_20260829_103744\master_work\worker_23\6b0917bb5bb97586__MAS_RST.APRQ_11_0740.8-d39f9d5501-ades98hj,final,2.6209,2.201,29,1,,733.223
e1efd9ec3005a4ba,C:\Users\USER\lpopt_work\kit_frontier\runs\produce_fxyera_r1\produce_run_20260829_103744\master_work\worker_23\e1efd9ec3005a4ba__MAS_RST.APRQ_11_0725.8-57baac04c2-14qt163a,final,4.2752,3.5578,29,0,above_ceiling,735.005
