digest16,work_dir,cycle_evidence,f_xy,f_xya,n_steps,sane,reason,efpd_max
03c22c41d77a7f13,C:\Users\USER\lpopt_work\kit_frontier\runs\produce_fxyera_r1\produce_run_20260829_103744\master_work\worker_00\03c22c41d77a7f13__MAS_RST.APRQ_11_0705.0-6379d40443-po09sk1f,final,3.3298,2.8252,29,0,above_ceiling,729.463
,C:\Users\USER\lpopt_work\kit_frontier\runs\produce_fxyera_r1\produce_run_20260829_103744\master_work\worker_00\055d6ce0e05c823e__MAS_RST.APRQ_11_0632.5-d57a131b69-rebxevys,nonfinite,,,0,0,,
,C:\Users\USER\lpopt_work\kit_frontier\runs\produce_fxyera_r1\produce_run_20260829_103744\master_work\worker_00\05689aa6010ac75a__MAS_RST.APRQ_12_0635.6-ca24a7c8ea-75_fmvqf,nonfinite,,,0,0,,
,C:\Users\USER\lpopt_work\kit_frontier\runs\produce_fxyera_r1\produce_run_20260829_103744\master_work\worker_00\082e84ef2381dd7f__MAS_RST.APRQ_21_0756.5-eef1920b23-km9e82_6,nonfinite,,,0,0,,
0be968b34e6b2124,C:\Users\USER\lpopt_work\kit_frontier\runs\produce_fxyera_r1\produce_run_20260829_103744\master_work\worker_00\0be968b34e6b2124__MAS_RST.APRQ_11_0632.5-09a5748a52-cqe3h8un,final,2.2298,2.0147,26,1,,641.294
11ffb8a03e0a5203,C:\Users\USER\lpopt_work\kit_frontier\runs\produce_fxyera_r1\produce_run_20260829_103744\master_work\worker_00\11ffb8a03e0a5203__MAS_RST.APRQ_12_0789.0-03b7a07456-4k9yh1mu,final,5.6074,4.8165,31,0,above_ceiling,802.157
,C:\Users\USER\lpopt_work\kit_frontier\runs\produce_fxyera_r1\produce_run_20260829_103744\master_work\worker_00\141e5c6fd53e18ab__MAS_RST.APRQ_12_0635.6-76232e04ca-lkhrwcif,nonfinite,,,0,0,,
177a2852172a92b2,C:\Users\USER\lpopt_work\kit_frontier\runs\produce_fxyera_r1\produce_run_20260829_103744\master_work\worker_00\177a2852172a92b2__MAS_RST.APRQ_11_0576.8-a8997c8511-4cv06xku,final,2.2304,1.9986,23,1,,552.32
1eab5e2242bffb87,C:\Users\USER\lpopt_work\kit_frontier\runs\produce_fxyera_r1\produce_run_20260829_103744\master_work\worker_00\1eab5e2242bffb87__MAS_RST.APRQ_21_0654.2-b77d99bad7-4k7ig_iv,final,2.4385,2.1093,26,1,,656.747
2224fe99d9f9c967,C:\Users\USER\lpopt_work\kit_frontier\runs\produce_fxyera_r1\produce_run_20260829_103744\master_work\worker_00\2224fe99d9f9c967__MAS_RST.APRQ_21_0712.6-64b6f5fcfa-97mrd3l2,final,1.9334,1.7353,28,1,,719.471
226391c66e18f965,C:\Users\USER\lpopt_work\kit_frontier\runs\produce_fxyera_r1\produce_run_20260829_103744\master_work\worker_00\226391c66e18f965__MAS_RST.APRQ_21_0741.2-8090e23e71-gpjn477s,final,2.4092,2.0333,29,1,,737.218
25d514e7d316be51,C:\Users\USER\lpopt_work\kit_frontier\runs\produce_fxyera_r1\produce_run_20260829_103744\master_work\worker_00\25d514e7d316be51__MAS_RST.APRQ_21_0729.4-e86bd27fe3-vlppkpw9,final,2.2597,1.9833,26,1,,654.261
2ad26e3a0f26c7b8,C:\Users\USER\lpopt_work\kit_frontier\runs\produce_fxyera_r1\produce_run_20260829_103744\master_work\worker_00\2ad26e3a0f26c7b8__MAS_RST.APRQ_10_0615.1-fad576e48b-lqfnf7xt,final,2.3882,2.136,26,1,,631.412
2d4f570e54313e32,C:\Users\USER\lpopt_work\kit_frontier\runs\produce_fxyera_r1\produce_run_20260829_103744\master_work\worker_00\2d4f570e54313e32__MAS_RST.APRQ_10_0615.1-6c731008d4-m3lj_8k_,final,4.6546,4.1753,25,0,above_ceiling,606.863
2eb0cfdded31244c,C:\Users\USER\lpopt_work\kit_frontier\runs\produce_fxyera_r1\produce_run_20260829_103744\master_work\worker_00\2eb0cfdded31244c__MAS_RST.APRQ_11_0632.5-4603128b4c-w6tzah19,final,2.0233,1.8035,26,1,,643.869
2fb8aaf8ea976c90,C:\Users\USER\lpopt_work\kit_frontier\runs\produce_fxyera_r1\produce_run_20260829_103744\master_work\worker_00\2fb8aaf8ea976c90__MAS_RST.APRQ_11_0578.2-08e06eddee-mw34iwxd,final,2.141,1.9731,24,1,,594.307
33dabbdc82dc9450,C:\Users\USER\lpopt_work\kit_frontier\runs\produce_fxyera_r1\produce_run_20260829_103744\master_work\worker_00\33dabbdc82dc9450__MAS_RST.APRQ_11_0767.6-3ddebb7698-cmy20crc,final,2.11,1.8132,31,1,,781.673
373a119aacc974f1,C:\Users\USER\lpopt_work\kit_frontier\runs\produce_fxyera_r1\produce_run_20260829_103744\master_work\worker_00\373a119aacc974f1__MAS_RST.APRQ_11_0576.8-eeae1257f6-b50i8jzh,final,2.6696,2.3907,23,1,,560.279
,C:\Users\USER\lpopt_work\kit_frontier\runs\produce_fxyera_r1\produce_run_20260829_103744\master_work\worker_00\3985f965f6bc6a81__MAS_RST.APRQ_21_0741.2-3f816ad49a-ndpqlg44,nonfinite,,,0,0,,
3ed8318516854f0d,C:\Users\USER\lpopt_work\kit_frontier\runs\produce_fxyera_r1\produce_run_20260829_103744\master_work\worker_00\3ed8318516854f0d__MAS_RST.APRQ_12_0635.6-6710fb203f-swlefh_j,final,4.8255,3.9784,24,0,above_ceiling,596.794
45d1c6a63042ab41,C:\Users\USER\lpopt_work\kit_frontier\runs\produce_fxyera_r1\produce_run_20260829_103744\master_work\worker_00\45d1c6a63042ab41__MAS_RST.APRQ_21_0715.1-a227358145-t_u0rhl5,final,2.0731,1.7215,28,1,,709.187
4959e9365a270536,C:\Users\USER\lpopt_work\kit_frontier\runs\produce_fxyera_r1\produce_run_20260829_103744\master_work\worker_00\4959e9365a270536__MAS_RST.APRQ_21_0756.5-195494bedd-340_naca,final,3.5329,3.0121,30,0,above_ceiling,762.398
4a7886618a894423,C:\Users\USER\lpopt_work\kit_frontier\runs\produce_fxyera_r1\produce_run_20260829_103744\master_work\worker_00\4a7886618a894423__MAS_RST.APRQ_11_0725.8-6b5ceb5750-v7zpdync,final,2.5069,2.1681,29,1,,736.226
4bdf6ed24a580c2b,C:\Users\USER\lpopt_work\kit_frontier\runs\produce_fxyera_r1\produce_run_20260829_103744\master_work\worker_00\4bdf6ed24a580c2b__MAS_RST.APRQ_10_0615.1-3ec4a9e526-vd61zkne,final,2.6867,2.4786,25,1,,614.945
4c2f7bdc88849d12,C:\Users\USER\lpopt_work\kit_frontier\runs\produce_fxyera_r1\produce_run_20260829_103744\master_work\worker_00\4c2f7bdc88849d12__MAS_RST.APRQ_10_0615.1-f210c62da1-yz3p3d7p,final,2.0677,1.8372,25,1,,622.508
4c52acc9c6a05235,C:\Users\USER\lpopt_work\kit_frontier\runs\produce_fxyera_r1\produce_run_20260829_103744\master_work\worker_00\4c52acc9c6a05235__MAS_RST.APRQ_12_0789.0-df3958836c-8s9a8s0z,final,4.4631,3.7224,31,0,above_ceiling,802.726
,C:\Users\USER\lpopt_work\kit_frontier\runs\produce_fxyera_r1\produce_run_20260829_103744\master_work\worker_00\4d2ce808c9e37710__MAS_RST.APRQ_21_0756.5-8103599721-s2ogn6hj,nonfinite,,,0,0,,
4eb5971a90d80a81,C:\Users\USER\lpopt_work\kit_frontier\runs\produce_fxyera_r1\produce_run_20260829_103744\master_work\worker_00\4eb5971a90d80a81__MAS_RST.APRQ_11_0632.5-e176a558a1-vt8fh3wf,final,3.1731,2.8028,26,0,above_ceiling,649.824
52545530e05fe122,C:\Users\USER\lpopt_work\kit_frontier\runs\produce_fxyera_r1\produce_run_20260829_103744\master_work\worker_00\52545530e05fe122__MAS_RST.APRQ_11_0578.2-781b42964f-85odiodj,final,2.1826,2.0317,24,1,,593.508
5313165f9193fa05,C:\Users\USER\lpopt_work\kit_frontier\runs\produce_fxyera_r1\produce_run_20260829_103744\master_work\worker_00\5313165f9193fa05__MAS_RST.APRQ_21_0712.6-3aa32d7379-p8skk6vx,final,3.6657,3.2449,29,0,above_ceiling,720.16
53b89de92975181b,C:\Users\USER\lpopt_work\kit_frontier\runs\produce_fxyera_r1\produce_run_20260829_103744\master_work\worker_00\53b89de92975181b__MAS_RST.APRQ_10_0615.1-95c66b5ec0-3d3tltmk,final,5.5911,5.0214,25,0,above_ceiling,618.268
5a28ea0c46b442fe,C:\Users\USER\lpopt_work\kit_frontier\runs\produce_fxyera_r1\produce_run_20260829_103744\master_work\worker_00\5a28ea0c46b442fe__MAS_RST.APRQ_21_0712.6-c0a246da91-j08pzcqg,final,1.8302,1.6344,29,1,,726.517
,C:\Users\USER\lpopt_work\kit_frontier\runs\produce_fxyera_r1\produce_run_20260829_103744\master_work\worker_00\63d7912632759311__MAS_RST.APRQ_11_0578.2-08b2048cb5-qoj6gpva,nonfinite,,,0,0,,
666f79bb729f4b38,C:\Users\USER\lpopt_work\kit_frontier\runs\produce_fxyera_r1\produce_run_20260829_103744\master_work\worker_00\666f79bb729f4b38__MAS_RST.APRQ_21_0715.1-358abbd979-0j80olzo,final,2.5574,2.2943,28,1,,697.358
669aea61ed1d9b59,C:\Users\USER\lpopt_work\kit_frontier\runs\produce_fxyera_r1\produce_run_20260829_103744\master_work\worker_00\669aea61ed1d9b59__MAS_RST.APRQ_21_0741.2-712a437e19-35nkf9qx,final,2.3525,2.0628,29,1,,738.604
676c83391e0edfa8,C:\Users\USER\lpopt_work\kit_frontier\runs\produce_fxyera_r1\produce_run_20260829_103744\master_work\worker_00\676c83391e0edfa8__MAS_RST.APRQ_12_0789.0-d565902f2d-z3t95gbf,final,4.3082,3.6796,31,0,above_ceiling,806.616
6e2e624d353db105,C:\Users\USER\lpopt_work\kit_frontier\runs\produce_fxyera_r1\produce_run_20260829_103744\master_work\worker_00\6e2e624d353db105__MAS_RST.APRQ_21_0712.6-9cc14be22a-eweb7kaj,final,2.29,1.8944,28,1,,717.149
,C:\Users\USER\lpopt_work\kit_frontier\runs\produce_fxyera_r1\produce_run_20260829_103744\master_work\worker_00\6e808fe0bd972578__MAS_RST.APRQ_11_0576.8-08ece5904e-u617l463,nonfinite,,,0,0,,
710da80e301f8e36,C:\Users\USER\lpopt_work\kit_frontier\runs\produce_fxyera_r1\produce_run_20260829_103744\master_work\worker_00\710da80e301f8e36__MAS_RST.APRQ_11_0632.5-f73424258f-bbxathwr,final,1.8195,1.6352,26,1,,641.773
,C:\Users\USER\lpopt_work\kit_frontier\runs\produce_fxyera_r1\produce_run_20260829_103744\master_work\worker_00\71abf56d24d284cb__MAS_RST.APRQ_21_0712.6-e589d34950-zrf6mtyx,nonfinite,,,0,0,,
,C:\Users\USER\lpopt_work\kit_frontier\runs\produce_fxyera_r1\produce_run_20260829_103744\master_work\worker_00\75ccade200edd21e__MAS_RST.APRQ_11_0767.6-b2f6f70f93-5vn0yoq6,nonfinite,,,0,0,,
77a2ef20e529b307,C:\Users\USER\lpopt_work\kit_frontier\runs\produce_fxyera_r1\produce_run_20260829_103744\master_work\worker_00\77a2ef20e529b307__MAS_RST.APRQ_11_0725.8-f019a13638-j1596dlj,final,2.4686,2.168,29,1,,735.515
7863f609cbdd29d7,C:\Users\USER\lpopt_work\kit_frontier\runs\produce_fxyera_r1\produce_run_20260829_103744\master_work\worker_00\7863f609cbdd29d7__MAS_RST.APRQ_21_0712.6-d962774a22-huvnbmqo,final,2.1709,1.9216,29,1,,730.437
78835e4d1ebe8b3c,C:\Users\USER\lpopt_work\kit_frontier\runs\produce_fxyera_r1\produce_run_20260829_103744\master_work\worker_00\78835e4d1ebe8b3c__MAS_RST.APRQ_21_0654.2-8425671d68-3_u_h5t9,final,2.0128,1.754,27,1,,672.177
7ba342c7713eaf8a,C:\Users\USER\lpopt_work\kit_frontier\runs\produce_fxyera_r1\produce_run_20260829_103744\master_work\worker_00\7ba342c7713eaf8a__MAS_RST.APRQ_10_0615.1-98bc4e3d64-7rfmwy5s,final,2.0698,1.8762,25,1,,623.469
7d4fbe46a3fd0e66,C:\Users\USER\lpopt_work\kit_frontier\runs\produce_fxyera_r1\produce_run_20260829_103744\master_work\worker_00\7d4fbe46a3fd0e66__MAS_RST.APRQ_19_0796.6-f1ef86f2aa-w4ru1tx_,final,3.8788,3.3572,31,0,above_ceiling,803.417
81bca0e36e16b5ac,C:\Users\USER\lpopt_work\kit_frontier\runs\produce_fxyera_r1\produce_run_20260829_103744\master_work\worker_00\81bca0e36e16b5ac__MAS_RST.APRQ_11_0767.6-7d5725c405-hl_t6wgs,final,2.281,1.946,31,1,,786.474
,C:\Users\USER\lpopt_work\kit_frontier\runs\produce_fxyera_r1\produce_run_20260829_103744\master_work\worker_00\82eb726cd8ed7dfb__MAS_RST.APRQ_11_0705.0-ab846728b1-pxyoartd,nonfinite,,,0,0,,
889c8976c80f3f5f,C:\Users\USER\lpopt_work\kit_frontier\runs\produce_fxyera_r1\produce_run_20260829_103744\master_work\worker_00\889c8976c80f3f5f__MAS_RST.APRQ_21_0712.6-e541e6aef5-2jwsfn67,final,3.1102,2.5462,29,0,above_ceiling,725.382
,C:\Users\USER\lpopt_work\kit_frontier\runs\produce_fxyera_r1\produce_run_20260829_103744\master_work\worker_00\8c56caabd4abbf72__MAS_RST.APRQ_21_0756.5-55ae6f2adb-m1hsxym9,nonfinite,,,0,0,,
8ea4adc921efc0d9,C:\Users\USER\lpopt_work\kit_frontier\runs\produce_fxyera_r1\produce_run_20260829_103744\master_work\worker_00\8ea4adc921efc0d9__MAS_RST.APRQ_11_0578.2-2f0897b94e-j4_jnq4u,final,2.3729,2.1997,24,1,,595.56
917bd10a933b7f78,C:\Users\USER\lpopt_work\kit_frontier\runs\produce_fxyera_r1\produce_run_20260829_103744\master_work\worker_00\917bd10a933b7f78__MAS_RST.APRQ_21_0729.4-c1964f5421-2stjarlw,final,1.7711,1.5588,29,1,,727.979
9789cd5aeca9391d,C:\Users\USER\lpopt_work\kit_frontier\runs\produce_fxyera_r1\produce_run_20260829_103744\master_work\worker_00\9789cd5aeca9391d__MAS_RST.APRQ_21_0712.6-494c2071e4-gfaq5cwg,final,2.2207,1.9575,29,1,,720.88
99c5273e919d14d3,C:\Users\USER\lpopt_work\kit_frontier\runs\produce_fxyera_r1\produce_run_20260829_103744\master_work\worker_00\99c5273e919d14d3__MAS_RST.APRQ_11_0725.8-c5626e1e2c-nhfczigd,final,2.2174,1.9696,29,1,,732.363
9b2aae72fc7ee815,C:\Users\USER\lpopt_work\kit_frontier\runs\produce_fxyera_r1\produce_run_20260829_103744\master_work\worker_00\9b2aae72fc7ee815__MAS_RST.APRQ_10_0615.1-cce78009ca-ggrmy9wm,final,5.9818,5.3207,24,0,above_ceiling,576.796
9d2a1ba98d3927cc,C:\Users\USER\lpopt_work\kit_frontier\runs\produce_fxyera_r1\produce_run_20260829_103744\master_work\worker_00\9d2a1ba98d3927cc__MAS_RST.APRQ_21_0729.4-419f21f196-vzjv57ly,final,2.0358,1.8066,29,1,,734.479
,C:\Users\USER\lpopt_work\kit_frontier\runs\produce_fxyera_r1\produce_run_20260829_103744\master_work\worker_00\9e50f41255251b18__MAS_RST.APRQ_10_0615.1-49d265df85-4698vdas,nonfinite,,,0,0,,
a052574b78217ba2,C:\Users\USER\lpopt_work\kit_frontier\runs\produce_fxyera_r1\produce_run_20260829_103744\master_work\worker_00\a052574b78217ba2__MAS_RST.APRQ_21_0741.2-41ea24ef72-pcdfpmua,final,2.2435,1.8753,29,1,,735.611
a671f5a910aa4ffa,C:\Users\USER\lpopt_work\kit_frontier\runs\produce_fxyera_r1\produce_run_20260829_103744\master_work\worker_00\a671f5a910aa4ffa__MAS_RST.APRQ_11_0767.6-95fd6a8ccd-f15h0smp,final,2.5418,2.2107,31,1,,784.229
a67d1056f3e1a216,C:\Users\USER\lpopt_work\kit_frontier\runs\produce_fxyera_r1\produce_run_20260829_103744\master_work\worker_00\a67d1056f3e1a216__MAS_RST.APRQ_12_0635.6-21dc8198d1-6ranjsdj,final,6.0091,4.9287,25,0,above_ceiling,616.298
a6b6180cfda97999,C:\Users\USER\lpopt_work\kit_frontier\runs\produce_fxyera_r1\produce_run_20260829_103744\master_work\worker_00\a6b6180cfda97999__MAS_RST.APRQ_12_0635.6-2397a53136-ocvjw29j,final,2.3727,1.9534,25,1,,604.766
,C:\Users\USER\lpopt_work\kit_frontier\runs\produce_fxyera_r1\produce_run_20260829_103744\master_work\worker_00\a9d3d454fa02eb85__MAS_RST.APRQ_10_0615.1-1a71528702-v4o01fvh,nonfinite,,,0,0,,
aa3ae87f4cc2d022,C:\Users\USER\lpopt_work\kit_frontier\runs\produce_fxyera_r1\produce_run_20260829_103744\master_work\worker_00\aa3ae87f4cc2d022__MAS_RST.APRQ_10_0615.1-36d8fd1da9-flvprryl,final,2.4103,2.1272,25,1,,613.053
adeb117a058570b3,C:\Users\USER\lpopt_work\kit_frontier\runs\produce_fxyera_r1\produce_run_20260829_103744\master_work\worker_00\adeb117a058570b3__MAS_RST.APRQ_10_0615.1-764a3f3355-ql5f_sco,final,2.5433,2.2733,25,1,,627.018
,C:\Users\USER\lpopt_work\kit_frontier\runs\produce_fxyera_r1\produce_run_20260829_103744\master_work\worker_00\af11c2b21dce94de__MAS_RST.APRQ_11_0740.8-d7574153e3-0gc2ia6k,nonfinite,,,0,0,,
b47f6b7f45747080,C:\Users\USER\lpopt_work\kit_frontier\runs\produce_fxyera_r1\produce_run_20260829_103744\master_work\worker_00\b47f6b7f45747080__MAS_RST.APRQ_11_0576.8-72b04a76d2-4wyzeusw,superseded,,,0,0,,
,C:\Users\USER\lpopt_work\kit_frontier\runs\produce_fxyera_r1\produce_run_20260829_103744\master_work\worker_00\b47f6b7f45747080__MAS_RST.APRQ_11_0576.8-f48d4ba06b-bhl631_2,nonfinite,,,0,0,,
,C:\Users\USER\lpopt_work\kit_frontier\runs\produce_fxyera_r1\produce_run_20260829_103744\master_work\worker_00\b4b978a320e3180c__MAS_RST.APRQ_21_0756.5-ce660e435b-vjwd9wbo,nonfinite,,,0,0,,
b683dab18e3dd266,C:\Users\USER\lpopt_work\kit_frontier\runs\produce_fxyera_r1\produce_run_20260829_103744\master_work\worker_00\b683dab18e3dd266__MAS_RST.APRQ_19_0796.6-d6fffaedc4-ay8p77jz,final,2.0292,1.69,31,1,,805.511
b9d17a47a7283754,C:\Users\USER\lpopt_work\kit_frontier\runs\produce_fxyera_r1\produce_run_20260829_103744\master_work\worker_00\b9d17a47a7283754__MAS_RST.APRQ_11_0767.6-1402620f4b-b5btdxv7,final,5.7335,4.9641,31,0,above_ceiling,783.937
baa7708ac0fc7f58,C:\Users\USER\lpopt_work\kit_frontier\runs\produce_fxyera_r1\produce_run_20260829_103744\master_work\worker_00\baa7708ac0fc7f58__MAS_RST.APRQ_10_0615.1-b1b99a9202-twezfaaw,final,3.418,2.9648,25,0,above_ceiling,618.7
,C:\Users\USER\lpopt_work\kit_frontier\runs\produce_fxyera_r1\produce_run_20260829_103744\master_work\worker_00\beaf0cfa35a7bb7f__MAS_RST.APRQ_11_0722.6-e875bca273-nd5oqnip,nonfinite,,,0,0,,
c760c1e48f6b3521,C:\Users\USER\lpopt_work\kit_frontier\runs\produce_fxyera_r1\produce_run_20260829_103744\master_work\worker_00\c760c1e48f6b3521__MAS_RST.APRQ_21_0712.6-84824220ad-t6evtzsd,final,2.2404,2.0244,29,1,,721.096
,C:\Users\USER\lpopt_work\kit_frontier\runs\produce_fxyera_r1\produce_run_20260829_103744\master_work\worker_00\cd0d85794f9a3969__MAS_RST.APRQ_11_0576.8-8735fe0419-l0yj069o,nonfinite,,,0,0,,
ddfb9f812609df75,C:\Users\USER\lpopt_work\kit_frontier\runs\produce_fxyera_r1\produce_run_20260829_103744\master_work\worker_00\ddfb9f812609df75__MAS_RST.APRQ_19_0796.6-83e7ea0118-czxpwyqb,final,2.476,2.128,32,1,,811.194
dee61f585cd23187,C:\Users\USER\lpopt_work\kit_frontier\runs\produce_fxyera_r1\produce_run_20260829_103744\master_work\worker_00\dee61f585cd23187__MAS_RST.APRQ_21_0712.6-126044f3a7-yztfsj47,final,4.2927,3.7592,28,0,above_ceiling,711.715
,C:\Users\USER\lpopt_work\kit_frontier\runs\produce_fxyera_r1\produce_run_20260829_103744\master_work\worker_00\e8978e9e9e8ad992__MAS_RST.APRQ_10_0615.1-05516646be-ihiqce19,nonfinite,,,0,0,,
eabbd255d319869f,C:\Users\USER\lpopt_work\kit_frontier\runs\produce_fxyera_r1\produce_run_20260829_103744\master_work\worker_00\eabbd255d319869f__MAS_RST.APRQ_12_0635.6-a24055af32-cxyyu9eq,final,4.9127,4.0252,25,0,above_ceiling,622.647
f49993cc3424e39d,C:\Users\USER\lpopt_work\kit_frontier\runs\produce_fxyera_r1\produce_run_20260829_103744\master_work\worker_00\f49993cc3424e39d__MAS_RST.APRQ_12_0635.6-0092e5c301-_qo01zkz,final,3.7756,3.0006,25,0,above_ceiling,612.989
f6ace4d6a586f603,C:\Users\USER\lpopt_work\kit_frontier\runs\produce_fxyera_r1\produce_run_20260829_103744\master_work\worker_00\f6ace4d6a586f603__MAS_RST.APRQ_10_0615.1-438ef60d60-7dphjsdy,final,2.3961,2.2275,25,1,,623.314
f71904ca93f3888c,C:\Users\USER\lpopt_work\kit_frontier\runs\produce_fxyera_r1\produce_run_20260829_103744\master_work\worker_00\f71904ca93f3888c__MAS_RST.APRQ_21_0715.1-cd8f4ed589-ma6sirdp,final,2.4492,2.0538,28,1,,716.881
f8073100cb0678bb,C:\Users\USER\lpopt_work\kit_frontier\runs\produce_fxyera_r1\produce_run_20260829_103744\master_work\worker_00\f8073100cb0678bb__MAS_RST.APRQ_10_0615.1-4ade1928a0-ebe9ipqk,final,2.3571,2.1023,25,1,,618.576
fa23b96979b62ddc,C:\Users\USER\lpopt_work\kit_frontier\runs\produce_fxyera_r1\produce_run_20260829_103744\master_work\worker_00\fa23b96979b62ddc__MAS_RST.APRQ_11_0632.5-ef04178b17-rlhlulsf,final,2.3982,2.1591,26,1,,641.44
fca4d00bbc4cbe9b,C:\Users\USER\lpopt_work\kit_frontier\runs\produce_fxyera_r1\produce_run_20260829_103744\master_work\worker_00\fca4d00bbc4cbe9b__MAS_RST.APRQ_10_0615.1-7f047bf01f-za78sa12,final,2.2717,1.9986,25,1,,618.89
fe15aafc31acdb2d,C:\Users\USER\lpopt_work\kit_frontier\runs\produce_fxyera_r1\produce_run_20260829_103744\master_work\worker_00\fe15aafc31acdb2d__MAS_RST.APRQ_11_0725.8-e2d29246cf-azkg2t39,final,3.8494,3.2624,30,0,above_ceiling,756.506
,C:\Users\USER\lpopt_work\kit_frontier\runs\produce_fxyera_r1\produce_run_20260829_103744\master_work\worker_01\031d4142e7fa3d88__MAS_RST.APRQ_11_0705.0-f40ca6d24e-4qfst800,nonfinite,,,0,0,,
,C:\Users\USER\lpopt_work\kit_frontier\runs\produce_fxyera_r1\produce_run_20260829_103744\master_work\worker_01\03f2e243156465ba__MAS_RST.APRQ_10_0615.1-5cf083933a-ouk9wsae,nonfinite,,,0,0,,
03f2e243156465ba,C:\Users\USER\lpopt_work\kit_frontier\runs\produce_fxyera_r1\produce_run_20260829_103744\master_work\worker_01\03f2e243156465ba__MAS_RST.APRQ_10_0615.1-b4ca7ca7af-g1fs5mpj,first_cycle,,,0,0,,
0d19831726b9d4c4,C:\Users\USER\lpopt_work\kit_frontier\runs\produce_fxyera_r1\produce_run_20260829_103744\master_work\worker_01\0d19831726b9d4c4__MAS_RST.APRQ_19_0796.6-f6c71e364e-gzwjgkr2,final,2.4492,2.0899,31,1,,808.057
12cb6b7a1bc020c8,C:\Users\USER\lpopt_work\kit_frontier\runs\produce_fxyera_r1\produce_run_20260829_103744\master_work\worker_01\12cb6b7a1bc020c8__MAS_RST.APRQ_21_0712.6-a7fca3f593-dtwbo9x0,final,2.4503,2.1876,29,1,,724.702
,C:\Users\USER\lpopt_work\kit_frontier\runs\produce_fxyera_r1\produce_run_20260829_103744\master_work\worker_01\159825c9bdfd1966__MAS_RST.APRQ_12_0635.6-0234a6bb1d-spfud_4f,nonfinite,,,0,0,,
1616459b26180f49,C:\Users\USER\lpopt_work\kit_frontier\runs\produce_fxyera_r1\produce_run_20260829_103744\master_work\worker_01\1616459b26180f49__MAS_RST.APRQ_21_0654.2-df48c85af7-vi_o7kuc,final,2.6114,2.1965,26,1,,649.694
19417543be0aaecb,C:\Users\USER\lpopt_work\kit_frontier\runs\produce_fxyera_r1\produce_run_20260829_103744\master_work\worker_01\19417543be0aaecb__MAS_RST.APRQ_11_0576.8-9f8d827b51-k8phh7sf,final,2.8715,2.389,23,1,,559.789
1cb6084e732f87f9,C:\Users\USER\lpopt_work\kit_frontier\runs\produce_fxyera_r1\produce_run_20260829_103744\master_work\worker_01\1cb6084e732f87f9__MAS_RST.APRQ_11_0767.6-4d3709b7c6-_1u56miv,final,2.452,2.0345,31,1,,796.667
1f0dd6ae1e1e6694,C:\Users\USER\lpopt_work\kit_frontier\runs\produce_fxyera_r1\produce_run_20260829_103744\master_work\worker_01\1f0dd6ae1e1e6694__MAS_RST.APRQ_21_0741.2-bb79f2f14f-glu1sp3r,final,2.4798,2.1631,29,1,,732.295
201264e4710434f1,C:\Users\USER\lpopt_work\kit_frontier\runs\produce_fxyera_r1\produce_run_20260829_103744\master_work\worker_01\201264e4710434f1__MAS_RST.APRQ_10_0615.1-51831921ca-_s9wnht8,final,4.2251,3.8485,25,0,above_ceiling,612.272
21ea202d29349622,C:\Users\USER\lpopt_work\kit_frontier\runs\produce_fxyera_r1\produce_run_20260829_103744\master_work\worker_01\21ea202d29349622__MAS_RST.APRQ_21_0712.6-6fbe98a185-l1_tgdad,final,1.999,1.8172,29,1,,728.566
,C:\Users\USER\lpopt_work\kit_frontier\runs\produce_fxyera_r1\produce_run_20260829_103744\master_work\worker_01\26a9bb8d5a75420b__MAS_RST.APRQ_21_0654.2-338623cb77-x7x3sur9,nonfinite,,,0,0,,
,C:\Users\USER\lpopt_work\kit_frontier\runs\produce_fxyera_r1\produce_run_20260829_103744\master_work\worker_01\2c3fe5722c71aa2d__MAS_RST.APRQ_12_0789.0-a3949e7b15-xu5tcu1_,nonfinite,,,0,0,,
2c61e045e91a3e10,C:\Users\USER\lpopt_work\kit_frontier\runs\produce_fxyera_r1\produce_run_20260829_103744\master_work\worker_01\2c61e045e91a3e10__MAS_RST.APRQ_21_0712.6-cc7102475c-db_apc_k,final,2.5963,2.1362,28,1,,706.913
2eedd0c289395115,C:\Users\USER\lpopt_work\kit_frontier\runs\produce_fxyera_r1\produce_run_20260829_103744\master_work\worker_01\2eedd0c289395115__MAS_RST.APRQ_21_0712.6-3eca6fde01-r2m9f7xw,final,4.4988,3.795,29,0,above_ceiling,725.494
31769b5202b123b1,C:\Users\USER\lpopt_work\kit_frontier\runs\produce_fxyera_r1\produce_run_20260829_103744\master_work\worker_01\31769b5202b123b1__MAS_RST.APRQ_12_0635.6-02979faf10-h4gcf0sc,final,2.5683,2.2492,25,1,,623.695
350c2f026c68422b,C:\Users\USER\lpopt_work\kit_frontier\runs\produce_fxyera_r1\produce_run_20260829_103744\master_work\worker_01\350c2f026c68422b__MAS_RST.APRQ_11_0767.6-f01f002e2b-do5g6dyo,final,3.5591,3.055,31,0,above_ceiling,790.574
,C:\Users\USER\lpopt_work\kit_frontier\runs\produce_fxyera_r1\produce_run_20260829_103744\master_work\worker_01\373e6bc33dcdceaf__MAS_RST.APRQ_21_0712.6-4b138da597-s_l3uvng,nonfinite,,,0,0,,
,C:\Users\USER\lpopt_work\kit_frontier\runs\produce_fxyera_r1\produce_run_20260829_103744\master_work\worker_01\3e8b5ebfb883e9e9__MAS_RST.APRQ_11_0725.8-bc5abcefcd-i8oqnsi4,nonfinite,,,0,0,,
4223391a22c8cef8,C:\Users\USER\lpopt_work\kit_frontier\runs\produce_fxyera_r1\produce_run_20260829_103744\master_work\worker_01\4223391a22c8cef8__MAS_RST.APRQ_10_0615.1-28b443a97b-_8jo5ct3,final,2.9703,2.6151,25,1,,607.196
43ab344d0392be4d,C:\Users\USER\lpopt_work\kit_frontier\runs\produce_fxyera_r1\produce_run_20260829_103744\master_work\worker_01\43ab344d0392be4d__MAS_RST.APRQ_21_0712.6-35f2087118-ckohq9h6,final,1.8701,1.6187,29,1,,725.229
,C:\Users\USER\lpopt_work\kit_frontier\runs\produce_fxyera_r1\produce_run_20260829_103744\master_work\worker_01\4c6f36af082b24fc__MAS_RST.APRQ_10_0615.1-32ce59f8d5-85ke1kr1,nonfinite,,,0,0,,
,C:\Users\USER\lpopt_work\kit_frontier\runs\produce_fxyera_r1\produce_run_20260829_103744\master_work\worker_01\4d4358804bd33b59__MAS_RST.APRQ_12_0635.6-ea278792e0-da0xqefi,nonfinite,,,0,0,,
505514aebc15a58e,C:\Users\USER\lpopt_work\kit_frontier\runs\produce_fxyera_r1\produce_run_20260829_103744\master_work\worker_01\505514aebc15a58e__MAS_RST.APRQ_10_0615.1-5fd46df440-rvbal5hr,final,2.4068,2.1316,25,1,,613.722
524d2bb2318a4b07,C:\Users\USER\lpopt_work\kit_frontier\runs\produce_fxyera_r1\produce_run_20260829_103744\master_work\worker_01\524d2bb2318a4b07__MAS_RST.APRQ_11_0725.8-3b9baa400d-s1g_iu5i,final,2.093,1.8675,29,1,,743.167
,C:\Users\USER\lpopt_work\kit_frontier\runs\produce_fxyera_r1\produce_run_20260829_103744\master_work\worker_01\53f6eaa3bb84a36f__MAS_RST.APRQ_11_0725.8-ea0130394a-z1qrt_of,nonfinite,,,0,0,,
,C:\Users\USER\lpopt_work\kit_frontier\runs\produce_fxyera_r1\produce_run_20260829_103744\master_work\worker_01\563d745b1a876bb8__MAS_RST.APRQ_12_0635.6-27ecc64d0e-u0lyy6iy,nonfinite,,,0,0,,
574f0b4670bb4e6c,C:\Users\USER\lpopt_work\kit_frontier\runs\produce_fxyera_r1\produce_run_20260829_103744\master_work\worker_01\574f0b4670bb4e6c__MAS_RST.APRQ_21_0712.6-2f18b49838-hc3539_t,final,3.0754,2.5482,29,0,above_ceiling,728.042
,C:\Users\USER\lpopt_work\kit_frontier\runs\produce_fxyera_r1\produce_run_20260829_103744\master_work\worker_01\5d701bcb80c4b577__MAS_RST.APRQ_11_0632.5-228d5d1013-bqjki_c5,nonfinite,,,0,0,,
5e380d72d7b68d08,C:\Users\USER\lpopt_work\kit_frontier\runs\produce_fxyera_r1\produce_run_20260829_103744\master_work\worker_01\5e380d72d7b68d08__MAS_RST.APRQ_19_0796.6-9c8ab8bb61-rld3tsew,final,2.8999,2.3438,30,1,,773.141
60189dd484499fcd,C:\Users\USER\lpopt_work\kit_frontier\runs\produce_fxyera_r1\produce_run_20260829_103744\master_work\worker_01\60189dd484499fcd__MAS_RST.APRQ_11_0767.6-89fb109e75-epffml60,final,2.4513,2.0737,31,1,,783.698
,C:\Users\USER\lpopt_work\kit_frontier\runs\produce_fxyera_r1\produce_run_20260829_103744\master_work\worker_01\66d343e5ff334066__MAS_RST.APRQ_10_0615.1-913444160b-qrwb2xei,nonfinite,,,0,0,,
,C:\Users\USER\lpopt_work\kit_frontier\runs\produce_fxyera_r1\produce_run_20260829_103744\master_work\worker_01\6b66707a9c6b5d1d__MAS_RST.APRQ_11_0740.8-bec00f6091-dwmxx9we,nonfinite,,,0,0,,
,C:\Users\USER\lpopt_work\kit_frontier\runs\produce_fxyera_r1\produce_run_20260829_103744\master_work\worker_01\6b811674182ed70a__MAS_RST.APRQ_11_0576.8-b723dbc5c1-woe0mtsb,nonfinite,,,0,0,,
6bcc5fb6ec69296a,C:\Users\USER\lpopt_work\kit_frontier\runs\produce_fxyera_r1\produce_run_20260829_103744\master_work\worker_01\6bcc5fb6ec69296a__MAS_RST.APRQ_10_0615.1-1483d4125d-r6lhmene,final,2.5977,2.3251,25,1,,622.352
6c545cbc478abb15,C:\Users\USER\lpopt_work\kit_frontier\runs\produce_fxyera_r1\produce_run_20260829_103744\master_work\worker_01\6c545cbc478abb15__MAS_RST.APRQ_10_0615.1-be50d072a4-1p1x16hw,final,2.2211,1.9943,25,1,,609.616
6dc4f95bd7c21030,C:\Users\USER\lpopt_work\kit_frontier\runs\produce_fxyera_r1\produce_run_20260829_103744\master_work\worker_01\6dc4f95bd7c21030__MAS_RST.APRQ_11_0578.2-7ecd5f6b50-2crvqacr,final,2.2514,2.0643,24,1,,582.479
722cc379e4b4b8fc,C:\Users\USER\lpopt_work\kit_frontier\runs\produce_fxyera_r1\produce_run_20260829_103744\master_work\worker_01\722cc379e4b4b8fc__MAS_RST.APRQ_12_0635.6-6e945c36a6-pvtge67n,final,2.3325,1.9634,25,1,,616.776
7528ca124b7c7aa6,C:\Users\USER\lpopt_work\kit_frontier\runs\produce_fxyera_r1\produce_run_20260829_103744\master_work\worker_01\7528ca124b7c7aa6__MAS_RST.APRQ_10_0615.1-2c29e5979a-awuqjnk6,final,2.6027,2.433,25,1,,611.449
,C:\Users\USER\lpopt_work\kit_frontier\runs\produce_fxyera_r1\produce_run_20260829_103744\master_work\worker_01\7eca670fd7069679__MAS_RST.APRQ_10_0615.1-830550a971-jbgyjl8r,nonfinite,,,0,0,,
85699e24a0d6bf0b,C:\Users\USER\lpopt_work\kit_frontier\runs\produce_fxyera_r1\produce_run_20260829_103744\master_work\worker_01\85699e24a0d6bf0b__MAS_RST.APRQ_21_0712.6-4491a72de4-t4s18dqc,final,5.5027,4.6521,28,0,above_ceiling,703.762
8b15dcd857f1175b,C:\Users\USER\lpopt_work\kit_frontier\runs\produce_fxyera_r1\produce_run_20260829_103744\master_work\worker_01\8b15dcd857f1175b__MAS_RST.APRQ_11_0705.0-b0a21002e7-k3myx0_k,final,2.1012,1.8403,29,1,,727.891
923d5c511e89c399,C:\Users\USER\lpopt_work\kit_frontier\runs\produce_fxyera_r1\produce_run_20260829_103744\master_work\worker_01\923d5c511e89c399__MAS_RST.APRQ_21_0729.4-31c0285443-u8fk61eu,final,1.9057,1.6882,28,1,,719.291
,C:\Users\USER\lpopt_work\kit_frontier\runs\produce_fxyera_r1\produce_run_20260829_103744\master_work\worker_01\954686bc7ac65c54__MAS_RST.APRQ_11_0576.8-f7939bbafd-w3gvxn9t,nonfinite,,,0,0,,
98e469358aeea6b0,C:\Users\USER\lpopt_work\kit_frontier\runs\produce_fxyera_r1\produce_run_20260829_103744\master_work\worker_01\98e469358aeea6b0__MAS_RST.APRQ_21_0756.5-2f37354871-zpx59vhv,final,2.4224,2.0343,29,1,,747.873
9b0fe5c0828cd0ed,C:\Users\USER\lpopt_work\kit_frontier\runs\produce_fxyera_r1\produce_run_20260829_103744\master_work\worker_01\9b0fe5c0828cd0ed__MAS_RST.APRQ_12_0789.0-3b127d85c5-0om3ayra,final,5.308,4.4535,31,0,above_ceiling,795.85
9f541c4801410974,C:\Users\USER\lpopt_work\kit_frontier\runs\produce_fxyera_r1\produce_run_20260829_103744\master_work\worker_01\9f541c4801410974__MAS_RST.APRQ_21_0715.1-4e47780592-9bsnw9b4,final,2.7825,2.4156,28,1,,718.094
,C:\Users\USER\lpopt_work\kit_frontier\runs\produce_fxyera_r1\produce_run_20260829_103744\master_work\worker_01\a791a8e3a8b094c7__MAS_RST.APRQ_21_0715.1-789830e429-3shqfpmz,nonfinite,,,0,0,,
a9dddec9bbb8b770,C:\Users\USER\lpopt_work\kit_frontier\runs\produce_fxyera_r1\produce_run_20260829_103744\master_work\worker_01\a9dddec9bbb8b770__MAS_RST.APRQ_11_0725.8-9fc3213b84-cavax_6a,final,4.7647,4.0238,29,0,above_ceiling,749.053
ac07675d8d4b039f,C:\Users\USER\lpopt_work\kit_frontier\runs\produce_fxyera_r1\produce_run_20260829_103744\master_work\worker_01\ac07675d8d4b039f__MAS_RST.APRQ_11_0632.5-8b61cfe9c2-6dqziesv,final,2.3265,2.1092,26,1,,643.758
,C:\Users\USER\lpopt_work\kit_frontier\runs\produce_fxyera_r1\produce_run_20260829_103744\master_work\worker_01\b049b6bce4d18398__MAS_RST.APRQ_21_0712.6-a76dd94f3a-qe_k4ixh,nonfinite,,,0,0,,
b34b7d3f782afedd,C:\Users\USER\lpopt_work\kit_frontier\runs\produce_fxyera_r1\produce_run_20260829_103744\master_work\worker_01\b34b7d3f782afedd__MAS_RST.APRQ_21_0729.4-6b7ed039a4-cbd5ir8v,final,2.023,1.7641,26,1,,653.867
bc7ac5d4ba839284,C:\Users\USER\lpopt_work\kit_frontier\runs\produce_fxyera_r1\produce_run_20260829_103744\master_work\worker_01\bc7ac5d4ba839284__MAS_RST.APRQ_11_0632.5-d4379c88d2-7ntwuydq,final,3.2529,2.8849,26,0,above_ceiling,639.636
,C:\Users\USER\lpopt_work\kit_frontier\runs\produce_fxyera_r1\produce_run_20260829_103744\master_work\worker_01\bc7ec18c3712e2e7__MAS_RST.APRQ_21_0756.5-430ff6682f-0nbbds5n,nonfinite,,,0,0,,
c66c5bca904a86d8,C:\Users\USER\lpopt_work\kit_frontier\runs\produce_fxyera_r1\produce_run_20260829_103744\master_work\worker_01\c66c5bca904a86d8__MAS_RST.APRQ_11_0578.2-5745d0c987-86h_0_vj,final,1.9007,1.7041,24,1,,593.318
,C:\Users\USER\lpopt_work\kit_frontier\runs\produce_fxyera_r1\produce_run_20260829_103744\master_work\worker_01\cca55e9be1ed2f66__MAS_RST.APRQ_10_0615.1-c8e521b161-dboeps23,nonfinite,,,0,0,,
cf70977070c2a45f,C:\Users\USER\lpopt_work\kit_frontier\runs\produce_fxyera_r1\produce_run_20260829_103744\master_work\worker_01\cf70977070c2a45f__MAS_RST.APRQ_21_0756.5-d1ece111ce-g1dtoq_9,final,2.7304,2.3637,30,1,,752.562
,C:\Users\USER\lpopt_work\kit_frontier\runs\produce_fxyera_r1\produce_run_20260829_103744\master_work\worker_01\d01dcae0ab92e702__MAS_RST.APRQ_11_0576.8-fce31420af-e7okc4tz,nonfinite,,,0,0,,
d3dad45172ec588e,C:\Users\USER\lpopt_work\kit_frontier\runs\produce_fxyera_r1\produce_run_20260829_103744\master_work\worker_01\d3dad45172ec588e__MAS_RST.APRQ_11_0722.6-a221a02fab-0yxar_2y,final,3.5936,3.0134,28,0,above_ceiling,715.109
,C:\Users\USER\lpopt_work\kit_frontier\runs\produce_fxyera_r1\produce_run_20260829_103744\master_work\worker_01\d3ed0795e930c32b__MAS_RST.APRQ_11_0576.8-8f6d98403c-88hmux93,nonfinite,,,0,0,,
,C:\Users\USER\lpopt_work\kit_frontier\runs\produce_fxyera_r1\produce_run_20260829_103744\master_work\worker_01\d7c3a397119ceaa9__MAS_RST.APRQ_11_0578.2-d266aed60b-q1scaucp,nonfinite,,,0,0,,
d95069f604bda6d4,C:\Users\USER\lpopt_work\kit_frontier\runs\produce_fxyera_r1\produce_run_20260829_103744\master_work\worker_01\d95069f604bda6d4__MAS_RST.APRQ_11_0767.6-284d928c98-g6_nhp81,final,2.2961,1.9961,31,1,,781.181
dc379bad1b0109c8,C:\Users\USER\lpopt_work\kit_frontier\runs\produce_fxyera_r1\produce_run_20260829_103744\master_work\worker_01\dc379bad1b0109c8__MAS_RST.APRQ_10_0615.1-1371c67ab7-6do45n0o,final,2.4254,2.1847,25,1,,617.81
,C:\Users\USER\lpopt_work\kit_frontier\runs\produce_fxyera_r1\produce_run_20260829_103744\master_work\worker_01\e69542c6e1e8c6fb__MAS_RST.APRQ_11_0578.2-be857a8964-mhexaanc,nonfinite,,,0,0,,
e952be1bb1d4319d,C:\Users\USER\lpopt_work\kit_frontier\runs\produce_fxyera_r1\produce_run_20260829_103744\master_work\worker_01\e952be1bb1d4319d__MAS_RST.APRQ_21_0756.5-d703537678-yt2npjcd,final,2.6607,2.241,30,1,,752.585
eaa3b10bdb524b6a,C:\Users\USER\lpopt_work\kit_frontier\runs\produce_fxyera_r1\produce_run_20260829_103744\master_work\worker_01\eaa3b10bdb524b6a__MAS_RST.APRQ_21_0712.6-3887e6c129-rhv937xh,final,2.27,2.0291,28,1,,719.853
,C:\Users\USER\lpopt_work\kit_frontier\runs\produce_fxyera_r1\produce_run_20260829_103744\master_work\worker_01\f106c4dd5929083c__MAS_RST.APRQ_21_0756.5-2e28b211f9-9sip8uvw,nonfinite,,,0,0,,
f20a6cd2dc5c19b7,C:\Users\USER\lpopt_work\kit_frontier\runs\produce_fxyera_r1\produce_run_20260829_103744\master_work\worker_01\f20a6cd2dc5c19b7__MAS_RST.APRQ_21_0741.2-bb2a463a4e-glnf6k9d,final,2.6025,2.2027,29,1,,725.137
f3efd291f4b2b009,C:\Users\USER\lpopt_work\kit_frontier\runs\produce_fxyera_r1\produce_run_20260829_103744\master_work\worker_01\f3efd291f4b2b009__MAS_RST.APRQ_21_0729.4-adaef9f512-0kczmv6l,final,2.1544,1.8683,29,1,,728.049
f50244e607f9a61b,C:\Users\USER\lpopt_work\kit_frontier\runs\produce_fxyera_r1\produce_run_20260829_103744\master_work\worker_01\f50244e607f9a61b__MAS_RST.APRQ_12_0789.0-acaca9d187-oqftsz7p,final,3.7438,3.0298,31,0,above_ceiling,795.017
f7988597e67dc92e,C:\Users\USER\lpopt_work\kit_frontier\runs\produce_fxyera_r1\produce_run_20260829_103744\master_work\worker_01\f7988597e67dc92e__MAS_RST.APRQ_11_0632.5-cae0b962d6-29ybx7o3,final,2.425,2.2099,26,1,,646.69
,C:\Users\USER\lpopt_work\kit_frontier\runs\produce_fxyera_r1\produce_run_20260829_103744\master_work\worker_01\f88338e6e3cdd562__MAS_RST.APRQ_12_0635.6-ca6702adb0-ns6enj0v,nonfinite,,,0,0,,
fa9abc44b16e49b6,C:\Users\USER\lpopt_work\kit_frontier\runs\produce_fxyera_r1\produce_run_20260829_103744\master_work\worker_01\fa9abc44b16e49b6__MAS_RST.APRQ_10_0615.1-a02eebcfe3-f2ooccxf,final,3.2758,2.6913,25,0,above_ceiling,616.706
,C:\Users\USER\lpopt_work\kit_frontier\runs\produce_fxyera_r1\produce_run_20260829_103744\master_work\worker_01\fde6a1d803234645__MAS_RST.APRQ_10_0615.1-4fd8392ac6-gbh9np81,nonfinite,,,0,0,,
fe51f9160bcd5008,C:\Users\USER\lpopt_work\kit_frontier\runs\produce_fxyera_r1\produce_run_20260829_103744\master_work\worker_01\fe51f9160bcd5008__MAS_RST.APRQ_10_0615.1-5bb2622434-_wu551xj,final,2.6303,2.3707,25,1,,604.94
0495e557daba13e1,C:\Users\USER\lpopt_work\kit_frontier\runs\produce_fxyera_r1\produce_run_20260829_103744\master_work\worker_02\0495e557daba13e1__MAS_RST.APRQ_21_0712.6-e626a0ef08-yya96bqh,final,2.3981,2.0544,28,1,,711.19
,C:\Users\USER\lpopt_work\kit_frontier\runs\produce_fxyera_r1\produce_run_20260829_103744\master_work\worker_02\0e9ecd664f708c0c__MAS_RST.APRQ_11_0576.8-293deb3066-v_rnsjeo,nonfinite,,,0,0,,
116209a588a5bfcd,C:\Users\USER\lpopt_work\kit_frontier\runs\produce_fxyera_r1\produce_run_20260829_103744\master_work\worker_02\116209a588a5bfcd__MAS_RST.APRQ_11_0767.6-569e946ff0-90je_w83,final,4.4085,3.8311,31,0,above_ceiling,789.981
1507dc5d3998c7b1,C:\Users\USER\lpopt_work\kit_frontier\runs\produce_fxyera_r1\produce_run_20260829_103744\master_work\worker_02\1507dc5d3998c7b1__MAS_RST.APRQ_10_0615.1-f6cfbece72-mwobo912,final,2.5831,2.3097,25,1,,617.637
,C:\Users\USER\lpopt_work\kit_frontier\runs\produce_fxyera_r1\produce_run_20260829_103744\master_work\worker_02\1a852093197d5c17__MAS_RST.APRQ_12_0635.6-240248cad5-ntue6ske,nonfinite,,,0,0,,
,C:\Users\USER\lpopt_work\kit_frontier\runs\produce_fxyera_r1\produce_run_20260829_103744\master_work\worker_02\1aa8bb0cc5063ac1__MAS_RST.APRQ_11_0725.8-196538a84c-ify4yn20,nonfinite,,,0,0,,
23a4a2da95de0afd,C:\Users\USER\lpopt_work\kit_frontier\runs\produce_fxyera_r1\produce_run_20260829_103744\master_work\worker_02\23a4a2da95de0afd__MAS_RST.APRQ_10_0615.1-16b751bf6e-8ets9yya,final,2.005,1.7941,25,1,,614.067
244a7ecefc6c2f61,C:\Users\USER\lpopt_work\kit_frontier\runs\produce_fxyera_r1\produce_run_20260829_103744\master_work\worker_02\244a7ecefc6c2f61__MAS_RST.APRQ_12_0635.6-31191f3f31-r47fu5qh,final,2.4149,2.1545,25,1,,602.069
,C:\Users\USER\lpopt_work\kit_frontier\runs\produce_fxyera_r1\produce_run_20260829_103744\master_work\worker_02\266cdc42f55f2724__MAS_RST.APRQ_21_0756.5-24cf595f3f-lf8vkkwd,nonfinite,,,0,0,,
294cbcaddcc9a2a5,C:\Users\USER\lpopt_work\kit_frontier\runs\produce_fxyera_r1\produce_run_20260829_103744\master_work\worker_02\294cbcaddcc9a2a5__MAS_RST.APRQ_21_0712.6-2951c5ed0e-kn5x26mr,final,2.6968,2.3433,29,1,,725.906
2d4377fc841ffd34,C:\Users\USER\lpopt_work\kit_frontier\runs\produce_fxyera_r1\produce_run_20260829_103744\master_work\worker_02\2d4377fc841ffd34__MAS_RST.APRQ_21_0715.1-3aabd976f2-v76jy7j9,final,3.6425,3.0803,29,0,above_ceiling,721.098
2e1880105833fdc8,C:\Users\USER\lpopt_work\kit_frontier\runs\produce_fxyera_r1\produce_run_20260829_103744\master_work\worker_02\2e1880105833fdc8__MAS_RST.APRQ_11_0576.8-4423316641-_1ybve_p,final,6.0798,5.3884,23,0,above_ceiling,546.953
,C:\Users\USER\lpopt_work\kit_frontier\runs\produce_fxyera_r1\produce_run_20260829_103744\master_work\worker_02\2ee668a3bb397e36__MAS_RST.APRQ_11_0578.2-c90ef64a98-8dyhe_k9,nonfinite,,,0,0,,
,C:\Users\USER\lpopt_work\kit_frontier\runs\produce_fxyera_r1\produce_run_20260829_103744\master_work\worker_02\2fefc2a1056e504c__MAS_RST.APRQ_21_0712.6-bd6537d56c-jrc4ljwl,nonfinite,,,0,0,,
30011f71df7a85eb,C:\Users\USER\lpopt_work\kit_frontier\runs\produce_fxyera_r1\produce_run_20260829_103744\master_work\worker_02\30011f71df7a85eb__MAS_RST.APRQ_10_0615.1-7b8275d090-wbj2j20_,final,2.8882,2.3298,25,1,,615.266
32b74433e3c0fc34,C:\Users\USER\lpopt_work\kit_frontier\runs\produce_fxyera_r1\produce_run_20260829_103744\master_work\worker_02\32b74433e3c0fc34__MAS_RST.APRQ_10_0615.1-42bf9299f0-tde26u1m,final,1.9064,1.6836,25,1,,620.838
3308cfaf4f4316a5,C:\Users\USER\lpopt_work\kit_frontier\runs\produce_fxyera_r1\produce_run_20260829_103744\master_work\worker_02\3308cfaf4f4316a5__MAS_RST.APRQ_10_0615.1-324370847f-5gwqzw51,final,2.2446,1.9825,25,1,,626.606
,C:\Users\USER\lpopt_work\kit_frontier\runs\produce_fxyera_r1\produce_run_20260829_103744\master_work\worker_02\381dc4e565bd3217__MAS_RST.APRQ_11_0632.5-8f717d4eaa-ckqyd_kb,nonfinite,,,0,0,,
,C:\Users\USER\lpopt_work\kit_frontier\runs\produce_fxyera_r1\produce_run_20260829_103744\master_work\worker_02\3bcfb223aed1e836__MAS_RST.APRQ_10_0615.1-588a43c15e-_nsfevsy,nonfinite,,,0,0,,
43b68e9246f43665,C:\Users\USER\lpopt_work\kit_frontier\runs\produce_fxyera_r1\produce_run_20260829_103744\master_work\worker_02\43b68e9246f43665__MAS_RST.APRQ_10_0615.1-3e80cb0748-ebf51ql1,final,2.5747,2.3789,25,1,,619.846
462521ea6374cc36,C:\Users\USER\lpopt_work\kit_frontier\runs\produce_fxyera_r1\produce_run_20260829_103744\master_work\worker_02\462521ea6374cc36__MAS_RST.APRQ_10_0615.1-9a82469275-jvjs9139,final,4.1236,3.803,25,0,above_ceiling,618.182
47119917ba5e4a34,C:\Users\USER\lpopt_work\kit_frontier\runs\produce_fxyera_r1\produce_run_20260829_103744\master_work\worker_02\47119917ba5e4a34__MAS_RST.APRQ_21_0756.5-3a5147411a-mtyg2nln,final,2.1112,1.8698,30,1,,754.341
4c9b90b4067f461f,C:\Users\USER\lpopt_work\kit_frontier\runs\produce_fxyera_r1\produce_run_20260829_103744\master_work\worker_02\4c9b90b4067f461f__MAS_RST.APRQ_12_0635.6-1019bc70bd-bhrnuder,final,4.4394,3.9414,24,0,above_ceiling,590.822
50546ea07f122615,C:\Users\USER\lpopt_work\kit_frontier\runs\produce_fxyera_r1\produce_run_20260829_103744\master_work\worker_02\50546ea07f122615__MAS_RST.APRQ_21_0712.6-abe78cfe54-1cexhml_,final,2.2154,1.8672,29,1,,736.144
,C:\Users\USER\lpopt_work\kit_frontier\runs\produce_fxyera_r1\produce_run_20260829_103744\master_work\worker_02\5938796f34804266__MAS_RST.APRQ_19_0796.6-79f24c93fe-302vf1pr,nonfinite,,,0,0,,
5c2fc4e184d4845d,C:\Users\USER\lpopt_work\kit_frontier\runs\produce_fxyera_r1\produce_run_20260829_103744\master_work\worker_02\5c2fc4e184d4845d__MAS_RST.APRQ_11_0705.0-48c3c566df-8p6qpr07,final,2.5284,2.1402,28,1,,712.605
,C:\Users\USER\lpopt_work\kit_frontier\runs\produce_fxyera_r1\produce_run_20260829_103744\master_work\worker_02\5dac2f8fb4d678fe__MAS_RST.APRQ_10_0615.1-07e6bd655d-mfgqzukm,nonfinite,,,0,0,,
68e2e5c41c13da34,C:\Users\USER\lpopt_work\kit_frontier\runs\produce_fxyera_r1\produce_run_20260829_103744\master_work\worker_02\68e2e5c41c13da34__MAS_RST.APRQ_12_0789.0-a8f455c133-tdm7gha3,final,3.6118,2.9893,31,0,above_ceiling,797.474
697f50cec64e1a9c,C:\Users\USER\lpopt_work\kit_frontier\runs\produce_fxyera_r1\produce_run_20260829_103744\master_work\worker_02\697f50cec64e1a9c__MAS_RST.APRQ_21_0715.1-c0e09f23c0-5unidgov,final,3.7633,3.1384,28,0,above_ceiling,713.931
69a3e0be13e64e5f,C:\Users\USER\lpopt_work\kit_frontier\runs\produce_fxyera_r1\produce_run_20260829_103744\master_work\worker_02\69a3e0be13e64e5f__MAS_RST.APRQ_21_0712.6-1924dc3156-u082gs3b,final,2.307,1.9626,28,1,,710.106
,C:\Users\USER\lpopt_work\kit_frontier\runs\produce_fxyera_r1\produce_run_20260829_103744\master_work\worker_02\6b414e1530ee153f__MAS_RST.APRQ_12_0789.0-2023010c28-udreoyrz,nonfinite,,,0,0,,
75bc00cb2b8b985b,C:\Users\USER\lpopt_work\kit_frontier\runs\produce_fxyera_r1\produce_run_20260829_103744\master_work\worker_02\75bc00cb2b8b985b__MAS_RST.APRQ_11_0725.8-e921093aee-spey4dnz,final,2.2147,1.8669,29,1,,735.217
,C:\Users\USER\lpopt_work\kit_frontier\runs\produce_fxyera_r1\produce_run_20260829_103744\master_work\worker_02\76033dde1deec1e8__MAS_RST.APRQ_11_0767.6-f86f7a1c9d-ecvtne08,nonfinite,,,0,0,,
7e5090f701d80d5d,C:\Users\USER\lpopt_work\kit_frontier\runs\produce_fxyera_r1\produce_run_20260829_103744\master_work\worker_02\7e5090f701d80d5d__MAS_RST.APRQ_12_0789.0-4c84a14037-t10zmw7_,final,3.8049,3.1574,31,0,above_ceiling,795.381
7eaedf8be2b5810f,C:\Users\USER\lpopt_work\kit_frontier\runs\produce_fxyera_r1\produce_run_20260829_103744\master_work\worker_02\7eaedf8be2b5810f__MAS_RST.APRQ_21_0654.2-15d4b178f1-1oyrlcjl,final,4.064,3.3324,27,0,above_ceiling,663.772
80623db93941395e,C:\Users\USER\lpopt_work\kit_frontier\runs\produce_fxyera_r1\produce_run_20260829_103744\master_work\worker_02\80623db93941395e__MAS_RST.APRQ_21_0712.6-d66239c2b6-lgggb_mm,final,4.324,3.7261,29,0,above_ceiling,729.395
81c431996c605382,C:\Users\USER\lpopt_work\kit_frontier\runs\produce_fxyera_r1\produce_run_20260829_103744\master_work\worker_02\81c431996c605382__MAS_RST.APRQ_11_0632.5-54114dbce4-11z9rbk_,final,1.9002,1.7003,26,1,,645.819
82ac431769f89f30,C:\Users\USER\lpopt_work\kit_frontier\runs\produce_fxyera_r1\produce_run_20260829_103744\master_work\worker_02\82ac431769f89f30__MAS_RST.APRQ_21_0741.2-15dcc557ca-_isf9kyo,final,2.5592,2.1554,29,1,,723.06
,C:\Users\USER\lpopt_work\kit_frontier\runs\produce_fxyera_r1\produce_run_20260829_103744\master_work\worker_02\84277dd0baafa685__MAS_RST.APRQ_11_0632.5-adeb2d7e35-use6u6nw,nonfinite,,,0,0,,
,C:\Users\USER\lpopt_work\kit_frontier\runs\produce_fxyera_r1\produce_run_20260829_103744\master_work\worker_02\89890f4a93c4440a__MAS_RST.APRQ_12_0635.6-af1cadc570-sw62li5v,nonfinite,,,0,0,,
,C:\Users\USER\lpopt_work\kit_frontier\runs\produce_fxyera_r1\produce_run_20260829_103744\master_work\worker_02\8aa17dcd2556f8a7__MAS_RST.APRQ_10_0615.1-03fbbecbbe-18632z1e,nonfinite,,,0,0,,
8afcd4059641549a,C:\Users\USER\lpopt_work\kit_frontier\runs\produce_fxyera_r1\produce_run_20260829_103744\master_work\worker_02\8afcd4059641549a__MAS_RST.APRQ_21_0741.2-6b317d2a39-byy8by0v,final,2.4684,2.0294,29,1,,728.138
,C:\Users\USER\lpopt_work\kit_frontier\runs\produce_fxyera_r1\produce_run_20260829_103744\master_work\worker_02\9045e98928291614__MAS_RST.APRQ_11_0578.2-4664590087-f8af_3k3,nonfinite,,,0,0,,
953b1271415416ca,C:\Users\USER\lpopt_work\kit_frontier\runs\produce_fxyera_r1\produce_run_20260829_103744\master_work\worker_02\953b1271415416ca__MAS_RST.APRQ_21_0712.6-9506fbd598-bbhfljwy,final,1.8361,1.6311,29,1,,725.811
9a513e742a71fcb3,C:\Users\USER\lpopt_work\kit_frontier\runs\produce_fxyera_r1\produce_run_20260829_103744\master_work\worker_02\9a513e742a71fcb3__MAS_RST.APRQ_21_0654.2-5fa2fb8648-7kqxaytc,final,1.9588,1.684,27,1,,669.029
,C:\Users\USER\lpopt_work\kit_frontier\runs\produce_fxyera_r1\produce_run_20260829_103744\master_work\worker_02\9e0b9d5fd24b1c6f__MAS_RST.APRQ_10_0615.1-f5dd85588e-uhji43im,nonfinite,,,0,0,,
a1fdffaf51518d76,C:\Users\USER\lpopt_work\kit_frontier\runs\produce_fxyera_r1\produce_run_20260829_103744\master_work\worker_02\a1fdffaf51518d76__MAS_RST.APRQ_21_0712.6-0c465dfaf4-yeduhzzz,final,2.075,1.7078,29,1,,723.475
,C:\Users\USER\lpopt_work\kit_frontier\runs\produce_fxyera_r1\produce_run_20260829_103744\master_work\worker_02\a238824e5b4b2dae__MAS_RST.APRQ_21_0756.5-1392b19457-3tonedjy,nonfinite,,,0,0,,
a4446a05919d1676,C:\Users\USER\lpopt_work\kit_frontier\runs\produce_fxyera_r1\produce_run_20260829_103744\master_work\worker_02\a4446a05919d1676__MAS_RST.APRQ_11_0578.2-8501615376-p8yy7yjq,final,3.3493,2.9917,24,0,above_ceiling,595.693
a5c45f3398616121,C:\Users\USER\lpopt_work\kit_frontier\runs\produce_fxyera_r1\produce_run_20260829_103744\master_work\worker_02\a5c45f3398616121__MAS_RST.APRQ_21_0729.4-64a9fb16c9-krgy48el,final,2.0919,1.8201,27,1,,670.524
aaa9c7f1d6573027,C:\Users\USER\lpopt_work\kit_frontier\runs\produce_fxyera_r1\produce_run_20260829_103744\master_work\worker_02\aaa9c7f1d6573027__MAS_RST.APRQ_11_0725.8-0f35beade1-37umhnot,final,2.1829,1.924,29,1,,735.424
aae7854145f509c7,C:\Users\USER\lpopt_work\kit_frontier\runs\produce_fxyera_r1\produce_run_20260829_103744\master_work\worker_02\aae7854145f509c7__MAS_RST.APRQ_11_0576.8-f2355cfd49-25ob9xsu,final,2.656,2.3696,23,1,,563.308
abba4dcc2125ef42,C:\Users\USER\lpopt_work\kit_frontier\runs\produce_fxyera_r1\produce_run_20260829_103744\master_work\worker_02\abba4dcc2125ef42__MAS_RST.APRQ_21_0712.6-f3dfa878d2-qlekk0ps,final,2.4981,2.2209,28,1,,703.919
aef65d6e53163b7a,C:\Users\USER\lpopt_work\kit_frontier\runs\produce_fxyera_r1\produce_run_20260829_103744\master_work\worker_02\aef65d6e53163b7a__MAS_RST.APRQ_10_0615.1-5fb4c81056-4ezn4y03,final,3.109,2.6894,25,0,above_ceiling,616.534
b0b7afe39fe4da2a,C:\Users\USER\lpopt_work\kit_frontier\runs\produce_fxyera_r1\produce_run_20260829_103744\master_work\worker_02\b0b7afe39fe4da2a__MAS_RST.APRQ_11_0767.6-553f69b6be-n1tg7jpg,final,3.5372,2.7147,31,0,above_ceiling,809.845
c03578feb9edc97f,C:\Users\USER\lpopt_work\kit_frontier\runs\produce_fxyera_r1\produce_run_20260829_103744\master_work\worker_02\c03578feb9edc97f__MAS_RST.APRQ_11_0576.8-32e3b0a890-ob0njqcn,final,3.0175,2.3963,23,0,above_ceiling,566.641
,C:\Users\USER\lpopt_work\kit_frontier\runs\produce_fxyera_r1\produce_run_20260829_103744\master_work\worker_02\c472f0c7d4f4b201__MAS_RST.APRQ_10_0615.1-a37e553f08-7esoxb0o,nonfinite,,,0,0,,
,C:\Users\USER\lpopt_work\kit_frontier\runs\produce_fxyera_r1\produce_run_20260829_103744\master_work\worker_02\c69c92306e6ec56b__MAS_RST.APRQ_12_0635.6-81bd846c67-mvzxy1_4,nonfinite,,,0,0,,
,C:\Users\USER\lpopt_work\kit_frontier\runs\produce_fxyera_r1\produce_run_20260829_103744\master_work\worker_02\c7fc1145ee2fc914__MAS_RST.APRQ_11_0767.6-fb52300f13-2ngx7b55,nonfinite,,,0,0,,
cc1444ee0b188a18,C:\Users\USER\lpopt_work\kit_frontier\runs\produce_fxyera_r1\produce_run_20260829_103744\master_work\worker_02\cc1444ee0b188a18__MAS_RST.APRQ_10_0615.1-a9acf71f4c-thk8jsjf,final,2.1587,1.9317,25,1,,618.922
d995e7658647d654,C:\Users\USER\lpopt_work\kit_frontier\runs\produce_fxyera_r1\produce_run_20260829_103744\master_work\worker_02\d995e7658647d654__MAS_RST.APRQ_11_0722.6-ccce669eff-9w98xtpc,final,5.1412,4.3427,28,0,above_ceiling,707.526
,C:\Users\USER\lpopt_work\kit_frontier\runs\produce_fxyera_r1\produce_run_20260829_103744\master_work\worker_02\dc4b2d46c865efd9__MAS_RST.APRQ_10_0615.1-25b25691e9-5gb3jyw_,nonfinite,,,0,0,,
,C:\Users\USER\lpopt_work\kit_frontier\runs\produce_fxyera_r1\produce_run_20260829_103744\master_work\worker_02\e29f3957a2cdd991__MAS_RST.APRQ_11_0705.0-2138077cc9-l7mvx2t9,nonfinite,,,0,0,,
edfc0e52e0f2fb08,C:\Users\USER\lpopt_work\kit_frontier\runs\produce_fxyera_r1\produce_run_20260829_103744\master_work\worker_02\edfc0e52e0f2fb08__MAS_RST.APRQ_19_0796.6-25da407119-z_7dqiyp,final,3.7005,3.2591,31,0,above_ceiling,802.063
eeac5ae6ee899deb,C:\Users\USER\lpopt_work\kit_frontier\runs\produce_fxyera_r1\produce_run_20260829_103744\master_work\worker_02\eeac5ae6ee899deb__MAS_RST.APRQ_11_0632.5-e55776f1b2-0sczzcoz,final,1.9905,1.7973,26,1,,641.448
f14fde1d3430e827,C:\Users\USER\lpopt_work\kit_frontier\runs\produce_fxyera_r1\produce_run_20260829_103744\master_work\worker_02\f14fde1d3430e827__MAS_RST.APRQ_11_0740.8-3aa5a0b071-7fhf9hem,final,2.4498,2.0324,29,1,,741.25
f215f3b28b200a8a,C:\Users\USER\lpopt_work\kit_frontier\runs\produce_fxyera_r1\produce_run_20260829_103744\master_work\worker_02\f215f3b28b200a8a__MAS_RST.APRQ_21_0756.5-76f5d43cf5-_nyq60qy,final,2.0511,1.7206,30,1,,760.589
f5756a40c8bde141,C:\Users\USER\lpopt_work\kit_frontier\runs\produce_fxyera_r1\produce_run_20260829_103744\master_work\worker_02\f5756a40c8bde141__MAS_RST.APRQ_21_0729.4-90ea4c0f9c-xxzo8d3c,final,1.9682,1.729,29,1,,733.553
fce8206904d5d1d4,C:\Users\USER\lpopt_work\kit_frontier\runs\produce_fxyera_r1\produce_run_20260829_103744\master_work\worker_02\fce8206904d5d1d4__MAS_RST.APRQ_11_0576.8-7aaa8643ed-mak0zft4,final,2.3475,1.9891,23,1,,542.521
fd52ccfe4e14adc8,C:\Users\USER\lpopt_work\kit_frontier\runs\produce_fxyera_r1\produce_run_20260829_103744\master_work\worker_02\fd52ccfe4e14adc8__MAS_RST.APRQ_11_0725.8-25961d9633-8rno2i1m,final,2.5895,2.2832,30,1,,758.869
,C:\Users\USER\lpopt_work\kit_frontier\runs\produce_fxyera_r1\produce_run_20260829_103744\master_work\worker_03\00eb250fc11ff009__MAS_RST.APRQ_11_0578.2-6805aad500-27qn32wh,nonfinite,,,0,0,,
0463684e31bbb5a6,C:\Users\USER\lpopt_work\kit_frontier\runs\produce_fxyera_r1\produce_run_20260829_103744\master_work\worker_03\0463684e31bbb5a6__MAS_RST.APRQ_21_0756.5-9ead52f27f-i5fmzu30,final,2.3861,2.0101,30,1,,753.845
09f211c6b67854e5,C:\Users\USER\lpopt_work\kit_frontier\runs\produce_fxyera_r1\produce_run_20260829_103744\master_work\worker_03\09f211c6b67854e5__MAS_RST.APRQ_21_0712.6-668f4459c6-y805i4vj,final,3.6606,3.1589,29,0,above_ceiling,723.967
0a30fb02e4d23b6e,C:\Users\USER\lpopt_work\kit_frontier\runs\produce_fxyera_r1\produce_run_20260829_103744\master_work\worker_03\0a30fb02e4d23b6e__MAS_RST.APRQ_12_0635.6-1591d90175-kianql9p,superseded,,,0,0,,
,C:\Users\USER\lpopt_work\kit_frontier\runs\produce_fxyera_r1\produce_run_20260829_103744\master_work\worker_03\0a30fb02e4d23b6e__MAS_RST.APRQ_12_0635.6-92ee46198c-sqi0zes9,nonfinite,,,0,0,,
1469f0b098e02574,C:\Users\USER\lpopt_work\kit_frontier\runs\produce_fxyera_r1\produce_run_20260829_103744\master_work\worker_03\1469f0b098e02574__MAS_RST.APRQ_21_0729.4-d8740e91b6-r39gu_86,final,2.1587,1.9294,28,1,,717.605
147b49ea1aa50389,C:\Users\USER\lpopt_work\kit_frontier\runs\produce_fxyera_r1\produce_run_20260829_103744\master_work\worker_03\147b49ea1aa50389__MAS_RST.APRQ_10_0615.1-8b83e47696-s3_cx9cz,superseded,,,0,0,,
,C:\Users\USER\lpopt_work\kit_frontier\runs\produce_fxyera_r1\produce_run_20260829_103744\master_work\worker_03\147b49ea1aa50389__MAS_RST.APRQ_10_0615.1-cc35a2ffeb-w09szcpa,nonfinite,,,0,0,,
1c63412af1c54eb6,C:\Users\USER\lpopt_work\kit_frontier\runs\produce_fxyera_r1\produce_run_20260829_103744\master_work\worker_03\1c63412af1c54eb6__MAS_RST.APRQ_11_0725.8-3f495392e4-ug8yirjn,final,2.7039,2.2781,29,1,,744.056
,C:\Users\USER\lpopt_work\kit_frontier\runs\produce_fxyera_r1\produce_run_20260829_103744\master_work\worker_03\1e4cfc5c1cb7542e__MAS_RST.APRQ_10_0615.1-c857452910-1a74vwih,nonfinite,,,0,0,,
,C:\Users\USER\lpopt_work\kit_frontier\runs\produce_fxyera_r1\produce_run_20260829_103744\master_work\worker_03\1e61c2ab1057f2e9__MAS_RST.APRQ_11_0722.6-ffb54a9428-9t0zxxl7,nonfinite,,,0,0,,
20d09750bfb8f789,C:\Users\USER\lpopt_work\kit_frontier\runs\produce_fxyera_r1\produce_run_20260829_103744\master_work\worker_03\20d09750bfb8f789__MAS_RST.APRQ_11_0632.5-9f51ac6b0a-z13uapcz,final,3.819,3.4252,26,0,above_ceiling,645.311
2369754acea2ecb1,C:\Users\USER\lpopt_work\kit_frontier\runs\produce_fxyera_r1\produce_run_20260829_103744\master_work\worker_03\2369754acea2ecb1__MAS_RST.APRQ_11_0578.2-ab5c1e86fe-z6zhlcx4,final,2.4475,2.1866,24,1,,590.012
,C:\Users\USER\lpopt_work\kit_frontier\runs\produce_fxyera_r1\produce_run_20260829_103744\master_work\worker_03\3070a2c795f0c0c4__MAS_RST.APRQ_10_0615.1-66100418d2-x1vzt06u,nonfinite,,,0,0,,
,C:\Users\USER\lpopt_work\kit_frontier\runs\produce_fxyera_r1\produce_run_20260829_103744\master_work\worker_03\30a5d67092cb5a54__MAS_RST.APRQ_10_0615.1-cb889c124e-vhlpyezt,nonfinite,,,0,0,,
,C:\Users\USER\lpopt_work\kit_frontier\runs\produce_fxyera_r1\produce_run_20260829_103744\master_work\worker_03\38e819e45aa6fdb2__MAS_RST.APRQ_12_0635.6-d2f65f1abc-x3zjp55r,nonfinite,,,0,0,,
,C:\Users\USER\lpopt_work\kit_frontier\runs\produce_fxyera_r1\produce_run_20260829_103744\master_work\worker_03\3d0c38812cf608eb__MAS_RST.APRQ_10_0615.1-d490de755c-4kjm_ip0,nonfinite,,,0,0,,
4d7e49aa0fc40def,C:\Users\USER\lpopt_work\kit_frontier\runs\produce_fxyera_r1\produce_run_20260829_103744\master_work\worker_03\4d7e49aa0fc40def__MAS_RST.APRQ_11_0767.6-f6b5bf1380-90c37rzh,final,2.1387,1.8224,31,1,,791.501
,C:\Users\USER\lpopt_work\kit_frontier\runs\produce_fxyera_r1\produce_run_20260829_103744\master_work\worker_03\515ad106bc30979a__MAS_RST.APRQ_11_0632.5-9118d19268-if9wi1li,nonfinite,,,0,0,,
53043fc233bdf2a0,C:\Users\USER\lpopt_work\kit_frontier\runs\produce_fxyera_r1\produce_run_20260829_103744\master_work\worker_03\53043fc233bdf2a0__MAS_RST.APRQ_21_0654.2-352a7db2b8-jfq0tv81,final,2.2843,1.9946,27,1,,661.694
569c0859bc6fbcd4,C:\Users\USER\lpopt_work\kit_frontier\runs\produce_fxyera_r1\produce_run_20260829_103744\master_work\worker_03\569c0859bc6fbcd4__MAS_RST.APRQ_11_0725.8-7516a2387e-y71xq5vs,final,2.6969,2.2741,30,1,,758.938
5796bf2e383688b0,C:\Users\USER\lpopt_work\kit_frontier\runs\produce_fxyera_r1\produce_run_20260829_103744\master_work\worker_03\5796bf2e383688b0__MAS_RST.APRQ_10_0615.1-133b0cf1af-f3azn5g5,final,2.2786,2.0231,25,1,,623.522
,C:\Users\USER\lpopt_work\kit_frontier\runs\produce_fxyera_r1\produce_run_20260829_103744\master_work\worker_03\61b804a72fdb682e__MAS_RST.APRQ_21_0712.6-2595596712-8ezg9zkf,nonfinite,,,0,0,,
624447fa4f81bb7a,C:\Users\USER\lpopt_work\kit_frontier\runs\produce_fxyera_r1\produce_run_20260829_103744\master_work\worker_03\624447fa4f81bb7a__MAS_RST.APRQ_21_0712.6-61530b2869-kixlwkbx,final,2.8335,2.3916,29,1,,724.804
,C:\Users\USER\lpopt_work\kit_frontier\runs\produce_fxyera_r1\produce_run_20260829_103744\master_work\worker_03\65c005a40b498f6a__MAS_RST.APRQ_11_0576.8-4f7d860177-h_vh9q_v,nonfinite,,,0,0,,
66587c21d689474c,C:\Users\USER\lpopt_work\kit_frontier\runs\produce_fxyera_r1\produce_run_20260829_103744\master_work\worker_03\66587c21d689474c__MAS_RST.APRQ_11_0725.8-0af61e8ef2-042yjgme,final,2.47,2.0809,29,1,,747.181
,C:\Users\USER\lpopt_work\kit_frontier\runs\produce_fxyera_r1\produce_run_20260829_103744\master_work\worker_03\694ffe8d826a81b9__MAS_RST.APRQ_12_0635.6-06240f09ac-umtyh81m,nonfinite,,,0,0,,
73df2c1d3a5d61d5,C:\Users\USER\lpopt_work\kit_frontier\runs\produce_fxyera_r1\produce_run_20260829_103744\master_work\worker_03\73df2c1d3a5d61d5__MAS_RST.APRQ_21_0712.6-69bb106ce1-aiwxx4h3,final,1.8822,1.6672,29,1,,732.093
,C:\Users\USER\lpopt_work\kit_frontier\runs\produce_fxyera_r1\produce_run_20260829_103744\master_work\worker_03\74dec402460ad250__MAS_RST.APRQ_10_0615.1-89a9af99b5-1fkmn_9x,nonfinite,,,0,0,,
,C:\Users\USER\lpopt_work\kit_frontier\runs\produce_fxyera_r1\produce_run_20260829_103744\master_work\worker_03\7a5d9865aa671da0__MAS_RST.APRQ_21_0712.6-300f5ebc70-_br5dyap,nonfinite,,,0,0,,
,C:\Users\USER\lpopt_work\kit_frontier\runs\produce_fxyera_r1\produce_run_20260829_103744\master_work\worker_03\7dcadbc2fd5d19a8__MAS_RST.APRQ_11_0632.5-a77c733f7c-qieopleq,nonfinite,,,0,0,,
7f9d408c2ebbbc3f,C:\Users\USER\lpopt_work\kit_frontier\runs\produce_fxyera_r1\produce_run_20260829_103744\master_work\worker_03\7f9d408c2ebbbc3f__MAS_RST.APRQ_11_0578.2-8c862b0836-eu1k3s2n,final,2.3957,2.2289,24,1,,584.681
8000655d84aa2781,C:\Users\USER\lpopt_work\kit_frontier\runs\produce_fxyera_r1\produce_run_20260829_103744\master_work\worker_03\8000655d84aa2781__MAS_RST.APRQ_11_0767.6-58df70954c-w14yy4ow,final,2.0335,1.7655,31,1,,803.303
8605952f2ea2ba6b,C:\Users\USER\lpopt_work\kit_frontier\runs\produce_fxyera_r1\produce_run_20260829_103744\master_work\worker_03\8605952f2ea2ba6b__MAS_RST.APRQ_21_0729.4-b9a0acb84f-azfja1bu,final,2.1821,1.9238,26,1,,648.317
8c9e21b098d1af2f,C:\Users\USER\lpopt_work\kit_frontier\runs\produce_fxyera_r1\produce_run_20260829_103744\master_work\worker_03\8c9e21b098d1af2f__MAS_RST.APRQ_11_0705.0-ff9e08f4be-37n5alpo,final,2.3886,2.0444,29,1,,722.341
,C:\Users\USER\lpopt_work\kit_frontier\runs\produce_fxyera_r1\produce_run_20260829_103744\master_work\worker_03\8eee9ea7f4dc9480__MAS_RST.APRQ_21_0741.2-2c1537158f-0i5zn8ks,nonfinite,,,0,0,,
8eee9ea7f4dc9480,C:\Users\USER\lpopt_work\kit_frontier\runs\produce_fxyera_r1\produce_run_20260829_103744\master_work\worker_03\8eee9ea7f4dc9480__MAS_RST.APRQ_21_0741.2-9633422202-klj6po08,first_cycle,,,0,0,,
8fc0af41c25ecc24,C:\Users\USER\lpopt_work\kit_frontier\runs\produce_fxyera_r1\produce_run_20260829_103744\master_work\worker_03\8fc0af41c25ecc24__MAS_RST.APRQ_11_0576.8-9b940de579-72ew4spa,final,2.4605,2.2691,23,1,,558.022
902c7f6b4baa4ccf,C:\Users\USER\lpopt_work\kit_frontier\runs\produce_fxyera_r1\produce_run_20260829_103744\master_work\worker_03\902c7f6b4baa4ccf__MAS_RST.APRQ_11_0632.5-4f9ad0daf7-b3f4i8h2,final,2.3358,2.122,26,1,,641.739
9413c0ccfb522a2f,C:\Users\USER\lpopt_work\kit_frontier\runs\produce_fxyera_r1\produce_run_20260829_103744\master_work\worker_03\9413c0ccfb522a2f__MAS_RST.APRQ_19_0796.6-2ede1c8bb5-fnoose55,final,3.2579,2.8207,32,0,above_ceiling,814.637
95999ffc15ac36ef,C:\Users\USER\lpopt_work\kit_frontier\runs\produce_fxyera_r1\produce_run_20260829_103744\master_work\worker_03\95999ffc15ac36ef__MAS_RST.APRQ_21_0715.1-39307c918a-0okk6hnl,final,2.1464,1.8919,28,1,,709.593
,C:\Users\USER\lpopt_work\kit_frontier\runs\produce_fxyera_r1\produce_run_20260829_103744\master_work\worker_03\96eeafe3a0e0fd49__MAS_RST.APRQ_11_0740.8-7c9c6325c7-23lxg62x,nonfinite,,,0,0,,
,C:\Users\USER\lpopt_work\kit_frontier\runs\produce_fxyera_r1\produce_run_20260829_103744\master_work\worker_03\9abd203ccbc12ff8__MAS_RST.APRQ_12_0635.6-5c9910dc90-x62jbn_h,nonfinite,,,0,0,,
9ac096c45c20351c,C:\Users\USER\lpopt_work\kit_frontier\runs\produce_fxyera_r1\produce_run_20260829_103744\master_work\worker_03\9ac096c45c20351c__MAS_RST.APRQ_11_0725.8-4576139b39-91szz3s_,final,2.46,2.0693,29,1,,745.485
,C:\Users\USER\lpopt_work\kit_frontier\runs\produce_fxyera_r1\produce_run_20260829_103744\master_work\worker_03\a25fbf27947e6422__MAS_RST.APRQ_11_0705.0-fe6cc62172-u2_4d44a,nonfinite,,,0,0,,
,C:\Users\USER\lpopt_work\kit_frontier\runs\produce_fxyera_r1\produce_run_20260829_103744\master_work\worker_03\aa1e49bd1eacafd6__MAS_RST.APRQ_21_0712.6-7961c7b978-nx56i_h4,nonfinite,,,0,0,,
ad7ed815ffaa7eac,C:\Users\USER\lpopt_work\kit_frontier\runs\produce_fxyera_r1\produce_run_20260829_103744\master_work\worker_03\ad7ed815ffaa7eac__MAS_RST.APRQ_10_0615.1-d4fe0a4113-k97xznzc,final,2.398,2.1698,25,1,,619.902
,C:\Users\USER\lpopt_work\kit_frontier\runs\produce_fxyera_r1\produce_run_20260829_103744\master_work\worker_03\af9d3b60eb6102d5__MAS_RST.APRQ_10_0615.1-fbfe5b1e95-7lr90bje,nonfinite,,,0,0,,
b2c4cc5292dd248c,C:\Users\USER\lpopt_work\kit_frontier\runs\produce_fxyera_r1\produce_run_20260829_103744\master_work\worker_03\b2c4cc5292dd248c__MAS_RST.APRQ_21_0756.5-8f1aa62287-qs67a9im,superseded,,,0,0,,
,C:\Users\USER\lpopt_work\kit_frontier\runs\produce_fxyera_r1\produce_run_20260829_103744\master_work\worker_03\b2c4cc5292dd248c__MAS_RST.APRQ_21_0756.5-dc37f14be2-5qy624ss,nonfinite,,,0,0,,
b5705df793750175,C:\Users\USER\lpopt_work\kit_frontier\runs\produce_fxyera_r1\produce_run_20260829_103744\master_work\worker_03\b5705df793750175__MAS_RST.APRQ_21_0715.1-14cdceb775-h1hy7af2,final,2.1946,1.9593,28,1,,712.068
b843ede944b658aa,C:\Users\USER\lpopt_work\kit_frontier\runs\produce_fxyera_r1\produce_run_20260829_103744\master_work\worker_03\b843ede944b658aa__MAS_RST.APRQ_11_0576.8-2a8eff6368-e6p3_026,final,2.6727,2.3786,23,1,,557.509
,C:\Users\USER\lpopt_work\kit_frontier\runs\produce_fxyera_r1\produce_run_20260829_103744\master_work\worker_03\ba4a520e98f6c166__MAS_RST.APRQ_10_0615.1-94a8ab903a-maths4fc,nonfinite,,,0,0,,
,C:\Users\USER\lpopt_work\kit_frontier\runs\produce_fxyera_r1\produce_run_20260829_103744\master_work\worker_03\c4a5314dcf6aa6bc__MAS_RST.APRQ_21_0712.6-7840cf9a0e-0st8g3ox,nonfinite,,,0,0,,
c61d0b315c6330d8,C:\Users\USER\lpopt_work\kit_frontier\runs\produce_fxyera_r1\produce_run_20260829_103744\master_work\worker_03\c61d0b315c6330d8__MAS_RST.APRQ_12_0789.0-d2fca6cb07-ok9cftdx,final,3.6424,3.0337,31,0,above_ceiling,799.075
,C:\Users\USER\lpopt_work\kit_frontier\runs\produce_fxyera_r1\produce_run_20260829_103744\master_work\worker_03\c636c8771d85c4ab__MAS_RST.APRQ_21_0712.6-cc2df5dfa9-jcl1ulzv,nonfinite,,,0,0,,
c76e4b2aefdb96ce,C:\Users\USER\lpopt_work\kit_frontier\runs\produce_fxyera_r1\produce_run_20260829_103744\master_work\worker_03\c76e4b2aefdb96ce__MAS_RST.APRQ_10_0615.1-3ae34ec1b6-344s6tf1,final,6.3957,5.7098,25,0,above_ceiling,621.29
d74474caa53cdaf4,C:\Users\USER\lpopt_work\kit_frontier\runs\produce_fxyera_r1\produce_run_20260829_103744\master_work\worker_03\d74474caa53cdaf4__MAS_RST.APRQ_11_0767.6-f8e125b564-v_8gc4cw,final,2.2877,2.0008,31,1,,790.471
dee1cb5c53a7f38f,C:\Users\USER\lpopt_work\kit_frontier\runs\produce_fxyera_r1\produce_run_20260829_103744\master_work\worker_03\dee1cb5c53a7f38f__MAS_RST.APRQ_21_0741.2-9dd66c4f14-52c4hmhx,final,3.645,3.0819,29,0,above_ceiling,720.553
e12973c1d94489da,C:\Users\USER\lpopt_work\kit_frontier\runs\produce_fxyera_r1\produce_run_20260829_103744\master_work\worker_03\e12973c1d94489da__MAS_RST.APRQ_12_0789.0-2c003019f0-6f1wnyg1,final,4.7277,3.9535,31,0,above_ceiling,801.165
e28827e49890199a,C:\Users\USER\lpopt_work\kit_frontier\runs\produce_fxyera_r1\produce_run_20260829_103744\master_work\worker_03\e28827e49890199a__MAS_RST.APRQ_10_0615.1-1c2a784db1-5vj4hu5c,final,2.7351,2.4518,25,1,,615.971
f9813c1cc97ddb9d,C:\Users\USER\lpopt_work\kit_frontier\runs\produce_fxyera_r1\produce_run_20260829_103744\master_work\worker_03\f9813c1cc97ddb9d__MAS_RST.APRQ_12_0789.0-e8eb283a62-0yeahvml,final,2.0498,1.734,31,1,,800.968
04e23b18724e4036,C:\Users\USER\lpopt_work\kit_frontier\runs\produce_fxyera_r1\produce_run_20260829_103744\master_work\worker_04\04e23b18724e4036__MAS_RST.APRQ_19_0796.6-099fe97b18-b2pv2ytu,final,4.0309,3.5503,32,0,above_ceiling,815.578
065fe9a3f8bb9309,C:\Users\USER\lpopt_work\kit_frontier\runs\produce_fxyera_r1\produce_run_20260829_103744\master_work\worker_04\065fe9a3f8bb9309__MAS_RST.APRQ_12_0789.0-c203414d5b-45xv81dr,final,2.2809,1.9068,31,1,,804.902
09af9cb2c0196653,C:\Users\USER\lpopt_work\kit_frontier\runs\produce_fxyera_r1\produce_run_20260829_103744\master_work\worker_04\09af9cb2c0196653__MAS_RST.APRQ_11_0725.8-901e82a317-itsdvy82,final,3.8794,3.1709,29,0,above_ceiling,738.721
0b2e9471d2f83be8,C:\Users\USER\lpopt_work\kit_frontier\runs\produce_fxyera_r1\produce_run_20260829_103744\master_work\worker_04\0b2e9471d2f83be8__MAS_RST.APRQ_21_0741.2-e9de634cb0-7w5be9ur,final,2.6253,2.3029,28,1,,718.965
0d0e7a00af4b658c,C:\Users\USER\lpopt_work\kit_frontier\runs\produce_fxyera_r1\produce_run_20260829_103744\master_work\worker_04\0d0e7a00af4b658c__MAS_RST.APRQ_21_0729.4-8e39b06bf1-bjeqcq08,final,2.2103,1.9469,29,1,,737.822
14916fbe30315105,C:\Users\USER\lpopt_work\kit_frontier\runs\produce_fxyera_r1\produce_run_20260829_103744\master_work\worker_04\14916fbe30315105__MAS_RST.APRQ_11_0578.2-a0a55bafc0-pty_60qa,final,2.0803,1.9051,24,1,,589.238
,C:\Users\USER\lpopt_work\kit_frontier\runs\produce_fxyera_r1\produce_run_20260829_103744\master_work\worker_04\14d7818e8ebe1b7d__MAS_RST.APRQ_21_0712.6-958a4c3fc0-4rq90gax,nonfinite,,,0,0,,
,C:\Users\USER\lpopt_work\kit_frontier\runs\produce_fxyera_r1\produce_run_20260829_103744\master_work\worker_04\168f33992176c86c__MAS_RST.APRQ_11_0632.5-9d4971ae9f-1qef4xv7,nonfinite,,,0,0,,
1d60aa028a3780b8,C:\Users\USER\lpopt_work\kit_frontier\runs\produce_fxyera_r1\produce_run_20260829_103744\master_work\worker_04\1d60aa028a3780b8__MAS_RST.APRQ_10_0615.1-6591f76ce1-_nfqaui0,final,2.2574,2.0293,25,1,,607.8
1ebf1206b2aefda2,C:\Users\USER\lpopt_work\kit_frontier\runs\produce_fxyera_r1\produce_run_20260829_103744\master_work\worker_04\1ebf1206b2aefda2__MAS_RST.APRQ_11_0632.5-b5b0cebe66-oe3rr9sq,final,2.125,1.9438,26,1,,643.141
1f3877d413124c88,C:\Users\USER\lpopt_work\kit_frontier\runs\produce_fxyera_r1\produce_run_20260829_103744\master_work\worker_04\1f3877d413124c88__MAS_RST.APRQ_10_0615.1-b66ab63977-sjxs8odv,final,4.2121,3.6524,25,0,above_ceiling,620.12
24dcda85083694d8,C:\Users\USER\lpopt_work\kit_frontier\runs\produce_fxyera_r1\produce_run_20260829_103744\master_work\worker_04\24dcda85083694d8__MAS_RST.APRQ_12_0789.0-b7d3030462-pmi01swm,final,3.434,2.6788,31,0,above_ceiling,796.854
,C:\Users\USER\lpopt_work\kit_frontier\runs\produce_fxyera_r1\produce_run_20260829_103744\master_work\worker_04\25d6dd755e28168e__MAS_RST.APRQ_11_0722.6-afe73f95cf-bl49_lhk,nonfinite,,,0,0,,
28d51d44bb7dbee4,C:\Users\USER\lpopt_work\kit_frontier\runs\produce_fxyera_r1\produce_run_20260829_103744\master_work\worker_04\28d51d44bb7dbee4__MAS_RST.APRQ_11_0725.8-fc1b0ceddf-8831q5ua,final,3.3965,2.8241,29,0,above_ceiling,747.472
35e972b2afe80bf0,C:\Users\USER\lpopt_work\kit_frontier\runs\produce_fxyera_r1\produce_run_20260829_103744\master_work\worker_04\35e972b2afe80bf0__MAS_RST.APRQ_21_0712.6-361d27967a-6umexqu8,final,2.11,1.8367,28,1,,709.047
,C:\Users\USER\lpopt_work\kit_frontier\runs\produce_fxyera_r1\produce_run_20260829_103744\master_work\worker_04\3704c5785193c43a__MAS_RST.APRQ_10_0615.1-e6f691cdbe-j3eh594d,nonfinite,,,0,0,,
388311a73f3dbf97,C:\Users\USER\lpopt_work\kit_frontier\runs\produce_fxyera_r1\produce_run_20260829_103744\master_work\worker_04\388311a73f3dbf97__MAS_RST.APRQ_11_0740.8-31066269f9-r66awsjd,final,3.0328,2.2891,29,0,above_ceiling,735.771
3a0926fcbd1f88e3,C:\Users\USER\lpopt_work\kit_frontier\runs\produce_fxyera_r1\produce_run_20260829_103744\master_work\worker_04\3a0926fcbd1f88e3__MAS_RST.APRQ_10_0615.1-b08314715c-_9c8zsq6,final,2.0027,1.7895,25,1,,626.114
3ba24dd4b054ad78,C:\Users\USER\lpopt_work\kit_frontier\runs\produce_fxyera_r1\produce_run_20260829_103744\master_work\worker_04\3ba24dd4b054ad78__MAS_RST.APRQ_21_0741.2-1a6a1234eb-z35tx16k,final,2.134,1.7934,29,1,,737.546
,C:\Users\USER\lpopt_work\kit_frontier\runs\produce_fxyera_r1\produce_run_20260829_103744\master_work\worker_04\4230ab565253ff26__MAS_RST.APRQ_10_0615.1-ef8711bf27-_edngyk2,nonfinite,,,0,0,,
4a45a24ff4aa4d81,C:\Users\USER\lpopt_work\kit_frontier\runs\produce_fxyera_r1\produce_run_20260829_103744\master_work\worker_04\4a45a24ff4aa4d81__MAS_RST.APRQ_10_0615.1-54e2e430f5-6not6vd3,final,2.4442,2.1516,25,1,,620.8
4a983130222a0409,C:\Users\USER\lpopt_work\kit_frontier\runs\produce_fxyera_r1\produce_run_20260829_103744\master_work\worker_04\4a983130222a0409__MAS_RST.APRQ_11_0705.0-4147c707af-l9mzrj2d,final,1.9706,1.7246,29,1,,733.227
4b96ab2408b76a12,C:\Users\USER\lpopt_work\kit_frontier\runs\produce_fxyera_r1\produce_run_20260829_103744\master_work\worker_04\4b96ab2408b76a12__MAS_RST.APRQ_10_0615.1-4504d86d57-2nevorm6,final,4.4913,4.0005,25,0,above_ceiling,607.78
5a7e8ea87eb4757c,C:\Users\USER\lpopt_work\kit_frontier\runs\produce_fxyera_r1\produce_run_20260829_103744\master_work\worker_04\5a7e8ea87eb4757c__MAS_RST.APRQ_11_0767.6-08ab745b7f-_qg_vc5t,final,6.1475,5.4151,31,0,above_ceiling,801.816
5d40c0d6daadd7b6,C:\Users\USER\lpopt_work\kit_frontier\runs\produce_fxyera_r1\produce_run_20260829_103744\master_work\worker_04\5d40c0d6daadd7b6__MAS_RST.APRQ_11_0578.2-093f79e7d9-lelo0xky,final,1.994,1.7333,24,1,,596.81
5e9d6bd6afcd8925,C:\Users\USER\lpopt_work\kit_frontier\runs\produce_fxyera_r1\produce_run_20260829_103744\master_work\worker_04\5e9d6bd6afcd8925__MAS_RST.APRQ_10_0615.1-6cfe5847de-f9lhoeq9,final,2.3664,2.1133,25,1,,615.263
,C:\Users\USER\lpopt_work\kit_frontier\runs\produce_fxyera_r1\produce_run_20260829_103744\master_work\worker_04\70ac34271a9ee885__MAS_RST.APRQ_11_0725.8-1207570286-5qqr9a2r,nonfinite,,,0,0,,
72faf1c954fcbb6d,C:\Users\USER\lpopt_work\kit_frontier\runs\produce_fxyera_r1\produce_run_20260829_103744\master_work\worker_04\72faf1c954fcbb6d__MAS_RST.APRQ_12_0635.6-3c61d03f6a-km4_z5kb,final,4.746,3.8938,24,0,above_ceiling,593.827
,C:\Users\USER\lpopt_work\kit_frontier\runs\produce_fxyera_r1\produce_run_20260829_103744\master_work\worker_04\7cee850c61d421c9__MAS_RST.APRQ_21_0712.6-2d9816e1a3-vzfavv8q,nonfinite,,,0,0,,
8259e8ff04229b9b,C:\Users\USER\lpopt_work\kit_frontier\runs\produce_fxyera_r1\produce_run_20260829_103744\master_work\worker_04\8259e8ff04229b9b__MAS_RST.APRQ_21_0756.5-68ca6ff39b-am6kybq0,final,2.3459,2.0698,30,1,,755.456
82a142b6f6cff66f,C:\Users\USER\lpopt_work\kit_frontier\runs\produce_fxyera_r1\produce_run_20260829_103744\master_work\worker_04\82a142b6f6cff66f__MAS_RST.APRQ_12_0789.0-f895e656fa-g9vzg2x8,final,3.6615,2.9643,31,0,above_ceiling,782.527
868bdd3a409f0e95,C:\Users\USER\lpopt_work\kit_frontier\runs\produce_fxyera_r1\produce_run_20260829_103744\master_work\worker_04\868bdd3a409f0e95__MAS_RST.APRQ_12_0635.6-124ec24c8b-fvqr0iwf,final,3.9505,3.0877,24,0,above_ceiling,597.469
,C:\Users\USER\lpopt_work\kit_frontier\runs\produce_fxyera_r1\produce_run_20260829_103744\master_work\worker_04\8b7c12314d4c4d12__MAS_RST.APRQ_10_0615.1-fb27655431-5n2ghqae,nonfinite,,,0,0,,
8de6a6e5a6a83f8b,C:\Users\USER\lpopt_work\kit_frontier\runs\produce_fxyera_r1\produce_run_20260829_103744\master_work\worker_04\8de6a6e5a6a83f8b__MAS_RST.APRQ_11_0705.0-2825235cb7-ia6e9fox,final,5.838,4.9999,28,0,above_ceiling,697.612
,C:\Users\USER\lpopt_work\kit_frontier\runs\produce_fxyera_r1\produce_run_20260829_103744\master_work\worker_04\92186352c90058bb__MAS_RST.APRQ_21_0715.1-753e1b932a-7lf18lpk,nonfinite,,,0,0,,
,C:\Users\USER\lpopt_work\kit_frontier\runs\produce_fxyera_r1\produce_run_20260829_103744\master_work\worker_04\93399222fd077588__MAS_RST.APRQ_10_0615.1-d31dd1a965-oe2x27lh,nonfinite,,,0,0,,
94c3d102ef0a3f24,C:\Users\USER\lpopt_work\kit_frontier\runs\produce_fxyera_r1\produce_run_20260829_103744\master_work\worker_04\94c3d102ef0a3f24__MAS_RST.APRQ_21_0654.2-67ffa7eb26-9hh__gkv,final,1.8607,1.6113,27,1,,673.374
94fd427e01e02d38,C:\Users\USER\lpopt_work\kit_frontier\runs\produce_fxyera_r1\produce_run_20260829_103744\master_work\worker_04\94fd427e01e02d38__MAS_RST.APRQ_21_0712.6-c76e92b5d1-gm3zints,final,2.3057,1.9018,29,1,,724.51
96141c2db086217d,C:\Users\USER\lpopt_work\kit_frontier\runs\produce_fxyera_r1\produce_run_20260829_103744\master_work\worker_04\96141c2db086217d__MAS_RST.APRQ_21_0729.4-ab6f5cd499-3sq889nm,final,2.0607,1.829,27,1,,661.507
9969fcd9791e1985,C:\Users\USER\lpopt_work\kit_frontier\runs\produce_fxyera_r1\produce_run_20260829_103744\master_work\worker_04\9969fcd9791e1985__MAS_RST.APRQ_11_0576.8-26a5e11dc3-mdiy042s,final,1.9544,1.7488,23,1,,547.957
999d7db443184ad4,C:\Users\USER\lpopt_work\kit_frontier\runs\produce_fxyera_r1\produce_run_20260829_103744\master_work\worker_04\999d7db443184ad4__MAS_RST.APRQ_21_0715.1-20d7f88462-o85uh6gh,final,2.3665,2.1217,29,1,,722.031
9a88748f7f5cadc8,C:\Users\USER\lpopt_work\kit_frontier\runs\produce_fxyera_r1\produce_run_20260829_103744\master_work\worker_04\9a88748f7f5cadc8__MAS_RST.APRQ_11_0767.6-601189c6dc-p_ws4_k_,final,5.0824,4.4809,31,0,above_ceiling,781.612
,C:\Users\USER\lpopt_work\kit_frontier\runs\produce_fxyera_r1\produce_run_20260829_103744\master_work\worker_04\a203657f2153fe34__MAS_RST.APRQ_11_0578.2-cc7c4e02f5-_66ah2mr,nonfinite,,,0,0,,
a22553451aeea8b7,C:\Users\USER\lpopt_work\kit_frontier\runs\produce_fxyera_r1\produce_run_20260829_103744\master_work\worker_04\a22553451aeea8b7__MAS_RST.APRQ_21_0712.6-69e77f410d-9qc98qix,final,3.004,2.5443,29,0,above_ceiling,724.633
,C:\Users\USER\lpopt_work\kit_frontier\runs\produce_fxyera_r1\produce_run_20260829_103744\master_work\worker_04\a9fbd89daa2dcb18__MAS_RST.APRQ_11_0576.8-4265b59751-ee3y_cun,nonfinite,,,0,0,,
a9fbd89daa2dcb18,C:\Users\USER\lpopt_work\kit_frontier\runs\produce_fxyera_r1\produce_run_20260829_103744\master_work\worker_04\a9fbd89daa2dcb18__MAS_RST.APRQ_11_0576.8-6a5969f802-k24bhgrn,first_cycle,,,0,0,,
b72c46fcf0e10348,C:\Users\USER\lpopt_work\kit_frontier\runs\produce_fxyera_r1\produce_run_20260829_103744\master_work\worker_04\b72c46fcf0e10348__MAS_RST.APRQ_21_0712.6-46a1de868d-6nwt2us6,final,1.9488,1.7348,29,1,,731.38
b91b896a0bcc9f27,C:\Users\USER\lpopt_work\kit_frontier\runs\produce_fxyera_r1\produce_run_20260829_103744\master_work\worker_04\b91b896a0bcc9f27__MAS_RST.APRQ_11_0632.5-f4550e48ac-ko2lagjw,final,2.1977,1.984,26,1,,640.715
baf39e7e86a2738d,C:\Users\USER\lpopt_work\kit_frontier\runs\produce_fxyera_r1\produce_run_20260829_103744\master_work\worker_04\baf39e7e86a2738d__MAS_RST.APRQ_11_0576.8-361a2a3b74-5ypcf6o7,final,1.8888,1.6767,24,1,,576.454
,C:\Users\USER\lpopt_work\kit_frontier\runs\produce_fxyera_r1\produce_run_20260829_103744\master_work\worker_04\c6a88472a5ac9225__MAS_RST.APRQ_10_0615.1-5b8ace71d9-or691862,nonfinite,,,0,0,,
d16f5fff707a00c4,C:\Users\USER\lpopt_work\kit_frontier\runs\produce_fxyera_r1\produce_run_20260829_103744\master_work\worker_04\d16f5fff707a00c4__MAS_RST.APRQ_12_0635.6-a9e7cb22d3-qhoq_cgg,final,3.5544,2.855,25,0,above_ceiling,618.27
,C:\Users\USER\lpopt_work\kit_frontier\runs\produce_fxyera_r1\produce_run_20260829_103744\master_work\worker_04\e86a56def84d9e8e__MAS_RST.APRQ_10_0615.1-be447e0c04-csuyq2e8,nonfinite,,,0,0,,
eb2482b46f555713,C:\Users\USER\lpopt_work\kit_frontier\runs\produce_fxyera_r1\produce_run_20260829_103744\master_work\worker_04\eb2482b46f555713__MAS_RST.APRQ_21_0712.6-5f16af170d-rpxkr3qk,final,2.1458,1.7641,29,1,,724.307
,C:\Users\USER\lpopt_work\kit_frontier\runs\produce_fxyera_r1\produce_run_20260829_103744\master_work\worker_04\ecdb63bf7d69d592__MAS_RST.APRQ_11_0725.8-1108990ead-qpe55u5a,nonfinite,,,0,0,,
ed7de1cc50749e3b,C:\Users\USER\lpopt_work\kit_frontier\runs\produce_fxyera_r1\produce_run_20260829_103744\master_work\worker_04\ed7de1cc50749e3b__MAS_RST.APRQ_11_0767.6-5d91319bfc-38twic91,final,2.1136,1.7848,31,1,,785.875
00befd96f09c79d3,C:\Users\USER\lpopt_work\kit_frontier\runs\produce_fxyera_r1\produce_run_20260829_103744\master_work\worker_05\00befd96f09c79d3__MAS_RST.APRQ_10_0615.1-8577058fd1-m3kj98rp,final,2.3071,2.0704,25,1,,622.115
08bda7d6351a627e,C:\Users\USER\lpopt_work\kit_frontier\runs\produce_fxyera_r1\produce_run_20260829_103744\master_work\worker_05\08bda7d6351a627e__MAS_RST.APRQ_10_0615.1-a1d346a55b-82a4qjkk,final,2.527,2.2512,23,1,,567.412
,C:\Users\USER\lpopt_work\kit_frontier\runs\produce_fxyera_r1\produce_run_20260829_103744\master_work\worker_05\0a4caece9049a044__MAS_RST.APRQ_11_0722.6-ce125ad01d-lgd9i0_b,nonfinite,,,0,0,,
1130b7fed16bc069,C:\Users\USER\lpopt_work\kit_frontier\runs\produce_fxyera_r1\produce_run_20260829_103744\master_work\worker_05\1130b7fed16bc069__MAS_RST.APRQ_21_0741.2-40c7cab450-gohhylaw,final,4.8238,3.9898,29,0,above_ceiling,728.483
16b9a45e75d0b26d,C:\Users\USER\lpopt_work\kit_frontier\runs\produce_fxyera_r1\produce_run_20260829_103744\master_work\worker_05\16b9a45e75d0b26d__MAS_RST.APRQ_11_0578.2-0a57bac692-mmkv5ii8,final,2.2387,2.0467,24,1,,585.179
,C:\Users\USER\lpopt_work\kit_frontier\runs\produce_fxyera_r1\produce_run_20260829_103744\master_work\worker_05\1d6db2ce62a0bb4e__MAS_RST.APRQ_11_0740.8-09d58889b8-d67uobqz,nonfinite,,,0,0,,
1e01cba1489d0687,C:\Users\USER\lpopt_work\kit_frontier\runs\produce_fxyera_r1\produce_run_20260829_103744\master_work\worker_05\1e01cba1489d0687__MAS_RST.APRQ_10_0615.1-43263c5b1b-j3qgw1nx,final,2.299,2.052,25,1,,622.223
269c4261e1d3b004,C:\Users\USER\lpopt_work\kit_frontier\runs\produce_fxyera_r1\produce_run_20260829_103744\master_work\worker_05\269c4261e1d3b004__MAS_RST.APRQ_21_0729.4-ba5c176b0d-72xuj184,final,2.5418,2.2584,26,1,,659.331
2d8a0b55ba9d5898,C:\Users\USER\lpopt_work\kit_frontier\runs\produce_fxyera_r1\produce_run_20260829_103744\master_work\worker_05\2d8a0b55ba9d5898__MAS_RST.APRQ_12_0789.0-6792563e3d-qd01iiqa,final,4.4571,3.7626,31,0,above_ceiling,793.934
319af1e3ded595a4,C:\Users\USER\lpopt_work\kit_frontier\runs\produce_fxyera_r1\produce_run_20260829_103744\master_work\worker_05\319af1e3ded595a4__MAS_RST.APRQ_11_0632.5-316ce67c6b-x_tizzn0,final,2.1139,1.9301,26,1,,640.02
3873277a9553f53e,C:\Users\USER\lpopt_work\kit_frontier\runs\produce_fxyera_r1\produce_run_20260829_103744\master_work\worker_05\3873277a9553f53e__MAS_RST.APRQ_21_0715.1-2fab1f26f1-mriey83f,final,3.3159,2.6687,28,0,above_ceiling,706.204
3ec5e2fd154a7210,C:\Users\USER\lpopt_work\kit_frontier\runs\produce_fxyera_r1\produce_run_20260829_103744\master_work\worker_05\3ec5e2fd154a7210__MAS_RST.APRQ_21_0712.6-d030e88caf-kfa2e3kw,final,3.3455,2.7745,29,0,above_ceiling,732.832
3ed25ca5dcafc0b5,C:\Users\USER\lpopt_work\kit_frontier\runs\produce_fxyera_r1\produce_run_20260829_103744\master_work\worker_05\3ed25ca5dcafc0b5__MAS_RST.APRQ_11_0725.8-2bb98cc037-bqkt1ld2,final,2.5431,2.2556,29,1,,740.23
4d49e1c524c3e3b1,C:\Users\USER\lpopt_work\kit_frontier\runs\produce_fxyera_r1\produce_run_20260829_103744\master_work\worker_05\4d49e1c524c3e3b1__MAS_RST.APRQ_11_0576.8-b05286905f-x0ylnbti,final,2.3335,2.1396,24,1,,572.317
4f7a76a3bf5c3370,C:\Users\USER\lpopt_work\kit_frontier\runs\produce_fxyera_r1\produce_run_20260829_103744\master_work\worker_05\4f7a76a3bf5c3370__MAS_RST.APRQ_12_0789.0-77e41e2458-1baqu5od,final,2.5805,2.1366,31,1,,802.94
,C:\Users\USER\lpopt_work\kit_frontier\runs\produce_fxyera_r1\produce_run_20260829_103744\master_work\worker_05\52654f13d9e14ca7__MAS_RST.APRQ_21_0712.6-ed9f620aae-84r7wobw,nonfinite,,,0,0,,
,C:\Users\USER\lpopt_work\kit_frontier\runs\produce_fxyera_r1\produce_run_20260829_103744\master_work\worker_05\5289ad9a41eb8bc5__MAS_RST.APRQ_11_0767.6-8edc2bbfa9-v47qea0h,nonfinite,,,0,0,,
536863b39e8e4894,C:\Users\USER\lpopt_work\kit_frontier\runs\produce_fxyera_r1\produce_run_20260829_103744\master_work\worker_05\536863b39e8e4894__MAS_RST.APRQ_11_0576.8-fc52f48a17-k8gzb_dq,final,2.047,1.8314,23,1,,553.476
,C:\Users\USER\lpopt_work\kit_frontier\runs\produce_fxyera_r1\produce_run_20260829_103744\master_work\worker_05\5620f931561536d5__MAS_RST.APRQ_21_0756.5-a96d1cac53-lbzglnhj,nonfinite,,,0,0,,
,C:\Users\USER\lpopt_work\kit_frontier\runs\produce_fxyera_r1\produce_run_20260829_103744\master_work\worker_05\656d34b81a9f6d59__MAS_RST.APRQ_10_0615.1-b19a2a0e96-hz1xmd6_,nonfinite,,,0,0,,
,C:\Users\USER\lpopt_work\kit_frontier\runs\produce_fxyera_r1\produce_run_20260829_103744\master_work\worker_05\69a3123e17c14e50__MAS_RST.APRQ_19_0796.6-6b4fcec88a-l3qeom_i,nonfinite,,,0,0,,
,C:\Users\USER\lpopt_work\kit_frontier\runs\produce_fxyera_r1\produce_run_20260829_103744\master_work\worker_05\6ab7105bb677dd5b__MAS_RST.APRQ_11_0725.8-28eb0fe8ac-sljr1rl1,nonfinite,,,0,0,,
,C:\Users\USER\lpopt_work\kit_frontier\runs\produce_fxyera_r1\produce_run_20260829_103744\master_work\worker_05\6be0df944106c1a1__MAS_RST.APRQ_21_0715.1-0d61d6b86d-ns2v8o0y,nonfinite,,,0,0,,
6d849e680c582ded,C:\Users\USER\lpopt_work\kit_frontier\runs\produce_fxyera_r1\produce_run_20260829_103744\master_work\worker_05\6d849e680c582ded__MAS_RST.APRQ_21_0654.2-f2ef385e65-wbqdtrv0,final,2.0484,1.7901,26,1,,655.739
7c23cede44e7ec5c,C:\Users\USER\lpopt_work\kit_frontier\runs\produce_fxyera_r1\produce_run_20260829_103744\master_work\worker_05\7c23cede44e7ec5c__MAS_RST.APRQ_21_0712.6-bbce4fe53b-qpsmm2tx,final,1.7685,1.5828,28,1,,719.174
858bf936b723ca8f,C:\Users\USER\lpopt_work\kit_frontier\runs\produce_fxyera_r1\produce_run_20260829_103744\master_work\worker_05\858bf936b723ca8f__MAS_RST.APRQ_11_0725.8-4b339fb4d8-eb24aa3g,final,4.0225,3.312,29,0,above_ceiling,746.934
863c8b43b7d1f994,C:\Users\USER\lpopt_work\kit_frontier\runs\produce_fxyera_r1\produce_run_20260829_103744\master_work\worker_05\863c8b43b7d1f994__MAS_RST.APRQ_10_0615.1-9c3b51fbfd-afc05r2c,final,2.1301,1.8923,26,1,,634.076
,C:\Users\USER\lpopt_work\kit_frontier\runs\produce_fxyera_r1\produce_run_20260829_103744\master_work\worker_05\8b1cc4ace6027751__MAS_RST.APRQ_10_0615.1-dd320c3bbd-on2dw57u,nonfinite,,,0,0,,
a0ee8b570cbfa94c,C:\Users\USER\lpopt_work\kit_frontier\runs\produce_fxyera_r1\produce_run_20260829_103744\master_work\worker_05\a0ee8b570cbfa94c__MAS_RST.APRQ_10_0615.1-8ba3898d45-05qz5hqn,final,2.4496,2.2478,25,1,,622.51
a22b64b216fc5cbc,C:\Users\USER\lpopt_work\kit_frontier\runs\produce_fxyera_r1\produce_run_20260829_103744\master_work\worker_05\a22b64b216fc5cbc__MAS_RST.APRQ_11_0767.6-b99397a656-yye7w9tx,final,2.0597,1.7401,31,1,,785.87
a58f03a3df622b41,C:\Users\USER\lpopt_work\kit_frontier\runs\produce_fxyera_r1\produce_run_20260829_103744\master_work\worker_05\a58f03a3df622b41__MAS_RST.APRQ_21_0741.2-8e090cc91e-ze7m0al4,final,2.5221,2.1309,29,1,,725.001
,C:\Users\USER\lpopt_work\kit_frontier\runs\produce_fxyera_r1\produce_run_20260829_103744\master_work\worker_05\a738d37c9ca1fb82__MAS_RST.APRQ_21_0729.4-b79abf56b5-cbghka8g,nonfinite,,,0,0,,
aac3593b586ba182,C:\Users\USER\lpopt_work\kit_frontier\runs\produce_fxyera_r1\produce_run_20260829_103744\master_work\worker_05\aac3593b586ba182__MAS_RST.APRQ_21_0712.6-9c614420f6-z118ciaz,final,1.9536,1.7049,28,1,,712.907
b112194da85dbe4d,C:\Users\USER\lpopt_work\kit_frontier\runs\produce_fxyera_r1\produce_run_20260829_103744\master_work\worker_05\b112194da85dbe4d__MAS_RST.APRQ_11_0578.2-ec1014964c-zr5v3qm_,final,1.8952,1.6524,24,1,,599.718
b47c23190537e4a5,C:\Users\USER\lpopt_work\kit_frontier\runs\produce_fxyera_r1\produce_run_20260829_103744\master_work\worker_05\b47c23190537e4a5__MAS_RST.APRQ_21_0712.6-f705655709-sksosvij,final,3.1437,2.461,28,0,above_ceiling,711.235
,C:\Users\USER\lpopt_work\kit_frontier\runs\produce_fxyera_r1\produce_run_20260829_103744\master_work\worker_05\b5399b76d613fca6__MAS_RST.APRQ_12_0789.0-446b346333-_xsiwkph,nonfinite,,,0,0,,
,C:\Users\USER\lpopt_work\kit_frontier\runs\produce_fxyera_r1\produce_run_20260829_103744\master_work\worker_05\b9e37b67cbc1fff8__MAS_RST.APRQ_10_0615.1-aeffe28294-hvl2lny2,nonfinite,,,0,0,,
bdcbe87eaad41d06,C:\Users\USER\lpopt_work\kit_frontier\runs\produce_fxyera_r1\produce_run_20260829_103744\master_work\worker_05\bdcbe87eaad41d06__MAS_RST.APRQ_12_0635.6-6ecb1a5feb-gqh4ivr3,final,2.8948,2.3914,26,1,,631.053
c0baa94f81a755d1,C:\Users\USER\lpopt_work\kit_frontier\runs\produce_fxyera_r1\produce_run_20260829_103744\master_work\worker_05\c0baa94f81a755d1__MAS_RST.APRQ_10_0615.1-cd8c714f59-o53v3qu3,final,2.2497,1.9845,25,1,,615.656
,C:\Users\USER\lpopt_work\kit_frontier\runs\produce_fxyera_r1\produce_run_20260829_103744\master_work\worker_05\c513743ac81c2b59__MAS_RST.APRQ_11_0705.0-81e40a6c24-fo6sxyw2,nonfinite,,,0,0,,
,C:\Users\USER\lpopt_work\kit_frontier\runs\produce_fxyera_r1\produce_run_20260829_103744\master_work\worker_05\cad1d3822b94be96__MAS_RST.APRQ_11_0632.5-23bbf74274-x1z0jx6e,nonfinite,,,0,0,,
cad1d3822b94be96,C:\Users\USER\lpopt_work\kit_frontier\runs\produce_fxyera_r1\produce_run_20260829_103744\master_work\worker_05\cad1d3822b94be96__MAS_RST.APRQ_11_0632.5-5304c18e58-mgxzf6tg,superseded,,,0,0,,
cb693887c8d82123,C:\Users\USER\lpopt_work\kit_frontier\runs\produce_fxyera_r1\produce_run_20260829_103744\master_work\worker_05\cb693887c8d82123__MAS_RST.APRQ_11_0767.6-dd75c177ee-n5muck9g,final,2.4322,2.0864,31,1,,805.447
d8bab8bec9dd942c,C:\Users\USER\lpopt_work\kit_frontier\runs\produce_fxyera_r1\produce_run_20260829_103744\master_work\worker_05\d8bab8bec9dd942c__MAS_RST.APRQ_11_0705.0-54418c97d8-v4muickp,final,1.8781,1.6573,29,1,,733.562
,C:\Users\USER\lpopt_work\kit_frontier\runs\produce_fxyera_r1\produce_run_20260829_103744\master_work\worker_05\dc16664d29428ca1__MAS_RST.APRQ_21_0712.6-991f55687b-mo1yg3ee,nonfinite,,,0,0,,
e117d4e7ac17046c,C:\Users\USER\lpopt_work\kit_frontier\runs\produce_fxyera_r1\produce_run_20260829_103744\master_work\worker_05\e117d4e7ac17046c__MAS_RST.APRQ_10_0615.1-d66d234bd9-5xgz4mtz,final,2.1936,1.9729,25,1,,613.108
e5e588363c76e34b,C:\Users\USER\lpopt_work\kit_frontier\runs\produce_fxyera_r1\produce_run_20260829_103744\master_work\worker_05\e5e588363c76e34b__MAS_RST.APRQ_11_0725.8-45d41d64e6-0p1dhkdy,final,2.277,1.9834,30,1,,751.564
e9a5db3a25185b6e,C:\Users\USER\lpopt_work\kit_frontier\runs\produce_fxyera_r1\produce_run_20260829_103744\master_work\worker_05\e9a5db3a25185b6e__MAS_RST.APRQ_11_0578.2-0669ab33b3-a1beh81c,final,2.2006,2.0293,24,1,,589.572
ed1461b58cf340e6,C:\Users\USER\lpopt_work\kit_frontier\runs\produce_fxyera_r1\produce_run_20260829_103744\master_work\worker_05\ed1461b58cf340e6__MAS_RST.APRQ_12_0635.6-a341bc6914-v4jq34ko,final,2.4114,2.1411,26,1,,631.194
f50cc365c01a2eb2,C:\Users\USER\lpopt_work\kit_frontier\runs\produce_fxyera_r1\produce_run_20260829_103744\master_work\worker_05\f50cc365c01a2eb2__MAS_RST.APRQ_10_0615.1-1b46baf277-3_uhn6z6,final,2.3315,2.0636,25,1,,613.986
f5a70c81099ac24a,C:\Users\USER\lpopt_work\kit_frontier\runs\produce_fxyera_r1\produce_run_20260829_103744\master_work\worker_05\f5a70c81099ac24a__MAS_RST.APRQ_11_0632.5-bc5a26d246-58niww6f,final,2.0266,1.7832,26,1,,645.964
fc2ffba174475913,C:\Users\USER\lpopt_work\kit_frontier\runs\produce_fxyera_r1\produce_run_20260829_103744\master_work\worker_05\fc2ffba174475913__MAS_RST.APRQ_21_0712.6-2ff8d47497-81a8aeut,final,1.6926,1.5026,29,1,,729.461
,C:\Users\USER\lpopt_work\kit_frontier\runs\produce_fxyera_r1\produce_run_20260829_103744\master_work\worker_05\ff3ffa9891370815__MAS_RST.APRQ_12_0635.6-c949784e8d-wjv0yaj3,nonfinite,,,0,0,,
01a7ddb296259006,C:\Users\USER\lpopt_work\kit_frontier\runs\produce_fxyera_r1\produce_run_20260829_103744\master_work\worker_06\01a7ddb296259006__MAS_RST.APRQ_11_0576.8-dea5d3fa48-f6xeoyk8,final,3.7478,3.0714,23,0,above_ceiling,563.242
067ff7d6e9fbbf59,C:\Users\USER\lpopt_work\kit_frontier\runs\produce_fxyera_r1\produce_run_20260829_103744\master_work\worker_06\067ff7d6e9fbbf59__MAS_RST.APRQ_11_0725.8-34eee33708-9goqemq4,final,3.9079,3.2987,29,0,above_ceiling,739.557
07cbd7c4500097d2,C:\Users\USER\lpopt_work\kit_frontier\runs\produce_fxyera_r1\produce_run_20260829_103744\master_work\worker_06\07cbd7c4500097d2__MAS_RST.APRQ_12_0635.6-714e4a8a3d-fwe6jg33,final,3.0758,2.37,25,0,above_ceiling,604.221
0d082fcde5bdb5b0,C:\Users\USER\lpopt_work\kit_frontier\runs\produce_fxyera_r1\produce_run_20260829_103744\master_work\worker_06\0d082fcde5bdb5b0__MAS_RST.APRQ_11_0632.5-1bee5bf1dd-yiu2ylr6,final,2.3181,2.0781,26,1,,649.599
,C:\Users\USER\lpopt_work\kit_frontier\runs\produce_fxyera_r1\produce_run_20260829_103744\master_work\worker_06\13882309c04b1a29__MAS_RST.APRQ_10_0615.1-3dcc6016fe-um2p0n5a,nonfinite,,,0,0,,
,C:\Users\USER\lpopt_work\kit_frontier\runs\produce_fxyera_r1\produce_run_20260829_103744\master_work\worker_06\18fcb4299b5703bf__MAS_RST.APRQ_21_0712.6-c02aa79137-7drw8d2n,nonfinite,,,0,0,,
29a512ebd30c0bc8,C:\Users\USER\lpopt_work\kit_frontier\runs\produce_fxyera_r1\produce_run_20260829_103744\master_work\worker_06\29a512ebd30c0bc8__MAS_RST.APRQ_11_0578.2-0563c9b9a1-t_lrcfg8,final,2.3402,2.165,24,1,,575.15
29c32ec861ae8095,C:\Users\USER\lpopt_work\kit_frontier\runs\produce_fxyera_r1\produce_run_20260829_103744\master_work\worker_06\29c32ec861ae8095__MAS_RST.APRQ_11_0767.6-a4157816d4-3ojvrzcx,final,5.0655,4.4654,30,0,above_ceiling,778.382
397560d207ba7aca,C:\Users\USER\lpopt_work\kit_frontier\runs\produce_fxyera_r1\produce_run_20260829_103744\master_work\worker_06\397560d207ba7aca__MAS_RST.APRQ_10_0615.1-98b013682b-qgn92_kt,final,2.5927,2.3133,25,1,,609.407
3fa2df6041927377,C:\Users\USER\lpopt_work\kit_frontier\runs\produce_fxyera_r1\produce_run_20260829_103744\master_work\worker_06\3fa2df6041927377__MAS_RST.APRQ_11_0578.2-317f1af0e7-3ly8g4j9,final,3.7215,3.3316,24,0,above_ceiling,589.395
,C:\Users\USER\lpopt_work\kit_frontier\runs\produce_fxyera_r1\produce_run_20260829_103744\master_work\worker_06\40d26b86e7f11fcd__MAS_RST.APRQ_11_0578.2-766d768de7-fosyrxm3,nonfinite,,,0,0,,
587597bbfae16acb,C:\Users\USER\lpopt_work\kit_frontier\runs\produce_fxyera_r1\produce_run_20260829_103744\master_work\worker_06\587597bbfae16acb__MAS_RST.APRQ_21_0654.2-9c18eb5f6e-qqr4g1wi,final,2.0216,1.8162,27,1,,674.402
,C:\Users\USER\lpopt_work\kit_frontier\runs\produce_fxyera_r1\produce_run_20260829_103744\master_work\worker_06\5a3b29e49577e414__MAS_RST.APRQ_10_0615.1-d1aa46016c-8b4bq_24,nonfinite,,,0,0,,
6188471d9622c81a,C:\Users\USER\lpopt_work\kit_frontier\runs\produce_fxyera_r1\produce_run_20260829_103744\master_work\worker_06\6188471d9622c81a__MAS_RST.APRQ_21_0712.6-822009b2b1-7imj9cpg,final,2.5708,2.1909,29,1,,720.842
64f532edd9bdee0a,C:\Users\USER\lpopt_work\kit_frontier\runs\produce_fxyera_r1\produce_run_20260829_103744\master_work\worker_06\64f532edd9bdee0a__MAS_RST.APRQ_12_0789.0-70b5d6d8c3-y868114j,final,2.2244,1.9335,31,1,,795.041
66e39a13e176b99a,C:\Users\USER\lpopt_work\kit_frontier\runs\produce_fxyera_r1\produce_run_20260829_103744\master_work\worker_06\66e39a13e176b99a__MAS_RST.APRQ_11_0767.6-efec67d8e3-83f_2u8v,final,4.0983,3.6318,31,0,above_ceiling,805.712
6899c150fdddaf8f,C:\Users\USER\lpopt_work\kit_frontier\runs\produce_fxyera_r1\produce_run_20260829_103744\master_work\worker_06\6899c150fdddaf8f__MAS_RST.APRQ_21_0712.6-96d1c4daaf-nzmopkj_,final,4.506,3.7932,28,0,above_ceiling,719.593
6b222e079c9964ab,C:\Users\USER\lpopt_work\kit_frontier\runs\produce_fxyera_r1\produce_run_20260829_103744\master_work\worker_06\6b222e079c9964ab__MAS_RST.APRQ_10_0615.1-8309f4d6b9-ichvms7h,final,3.9328,3.4109,25,0,above_ceiling,607.966
74a3e3675b0dcf15,C:\Users\USER\lpopt_work\kit_frontier\runs\produce_fxyera_r1\produce_run_20260829_103744\master_work\worker_06\74a3e3675b0dcf15__MAS_RST.APRQ_21_0715.1-92d5b3c58e-725d1vgz,final,2.163,1.9282,29,1,,721.361
76e00eacb75160db,C:\Users\USER\lpopt_work\kit_frontier\runs\produce_fxyera_r1\produce_run_20260829_103744\master_work\worker_06\76e00eacb75160db__MAS_RST.APRQ_11_0632.5-1abd341893-1lrrneay,final,2.1449,1.9207,26,1,,641.234
7bee4b5969f8b967,C:\Users\USER\lpopt_work\kit_frontier\runs\produce_fxyera_r1\produce_run_20260829_103744\master_work\worker_06\7bee4b5969f8b967__MAS_RST.APRQ_10_0615.1-5e6f51c207-tr6flkbo,final,5.1917,4.766,22,0,above_ceiling,534.91
,C:\Users\USER\lpopt_work\kit_frontier\runs\produce_fxyera_r1\produce_run_20260829_103744\master_work\worker_06\7c76eaebfdec4c6c__MAS_RST.APRQ_10_0615.1-628dd3ef1f-eqqkgadk,nonfinite,,,0,0,,
,C:\Users\USER\lpopt_work\kit_frontier\runs\produce_fxyera_r1\produce_run_20260829_103744\master_work\worker_06\7eed5a1916ba2a71__MAS_RST.APRQ_12_0635.6-6b488c11d3-lj0ufuvy,nonfinite,,,0,0,,
85271d1a33df4b16,C:\Users\USER\lpopt_work\kit_frontier\runs\produce_fxyera_r1\produce_run_20260829_103744\master_work\worker_06\85271d1a33df4b16__MAS_RST.APRQ_12_0635.6-95e4ac2c0b-6l86x2v7,final,2.2037,1.8538,25,1,,612.48
,C:\Users\USER\lpopt_work\kit_frontier\runs\produce_fxyera_r1\produce_run_20260829_103744\master_work\worker_06\8b00d655cc9e749e__MAS_RST.APRQ_11_0722.6-da5df15f7e-sqycrvt2,nonfinite,,,0,0,,
91d6dd2a56af0398,C:\Users\USER\lpopt_work\kit_frontier\runs\produce_fxyera_r1\produce_run_20260829_103744\master_work\worker_06\91d6dd2a56af0398__MAS_RST.APRQ_10_0615.1-0d743a3608-sk5tk04v,final,2.2489,1.9894,25,1,,618.858
a988150e9cf4eca0,C:\Users\USER\lpopt_work\kit_frontier\runs\produce_fxyera_r1\produce_run_20260829_103744\master_work\worker_06\a988150e9cf4eca0__MAS_RST.APRQ_11_0740.8-05028ed53f-9n5swkus,final,2.4445,2.0683,29,1,,733.188
b6dd05ad2689134b,C:\Users\USER\lpopt_work\kit_frontier\runs\produce_fxyera_r1\produce_run_20260829_103744\master_work\worker_06\b6dd05ad2689134b__MAS_RST.APRQ_11_0705.0-4cc6a075f3-4e7aap5o,final,2.1387,1.8852,29,1,,723.528
c0c1c3fb83a06f84,C:\Users\USER\lpopt_work\kit_frontier\runs\produce_fxyera_r1\produce_run_20260829_103744\master_work\worker_06\c0c1c3fb83a06f84__MAS_RST.APRQ_11_0576.8-f77c614142-smig63m6,final,2.8393,2.3475,23,1,,554.825
c57e2d754629ff28,C:\Users\USER\lpopt_work\kit_frontier\runs\produce_fxyera_r1\produce_run_20260829_103744\master_work\worker_06\c57e2d754629ff28__MAS_RST.APRQ_12_0789.0-c8e804c2d6-l76ynqp8,final,2.0964,1.7727,31,1,,808.852
c8dd3ed53e1fe2f7,C:\Users\USER\lpopt_work\kit_frontier\runs\produce_fxyera_r1\produce_run_20260829_103744\master_work\worker_06\c8dd3ed53e1fe2f7__MAS_RST.APRQ_21_0712.6-5832856da0-fe7a5ppc,final,2.2781,1.986,28,1,,717.631
caa06654957758ee,C:\Users\USER\lpopt_work\kit_frontier\runs\produce_fxyera_r1\produce_run_20260829_103744\master_work\worker_06\caa06654957758ee__MAS_RST.APRQ_21_0712.6-59120de55f-tuzdjs4s,final,1.9674,1.6859,29,1,,720.826
,C:\Users\USER\lpopt_work\kit_frontier\runs\produce_fxyera_r1\produce_run_20260829_103744\master_work\worker_06\cd0a39878a575eed__MAS_RST.APRQ_12_0789.0-778dec047e-ic4m698f,nonfinite,,,0,0,,
cd9672c4142a1376,C:\Users\USER\lpopt_work\kit_frontier\runs\produce_fxyera_r1\produce_run_20260829_103744\master_work\worker_06\cd9672c4142a1376__MAS_RST.APRQ_21_0715.1-3a4424fca1-g68zdwya,final,3.2833,2.7303,28,0,above_ceiling,704.645
cde57fdfe4233333,C:\Users\USER\lpopt_work\kit_frontier\runs\produce_fxyera_r1\produce_run_20260829_103744\master_work\worker_06\cde57fdfe4233333__MAS_RST.APRQ_11_0632.5-30c87df566-6k3yucpq,final,2.1916,1.9634,26,1,,639.681
ce7d70509f4d1777,C:\Users\USER\lpopt_work\kit_frontier\runs\produce_fxyera_r1\produce_run_20260829_103744\master_work\worker_06\ce7d70509f4d1777__MAS_RST.APRQ_11_0725.8-bf0e7977ec-6nm0v92m,final,3.4387,2.8131,30,0,above_ceiling,750.582
d194e7ff5c0cab8e,C:\Users\USER\lpopt_work\kit_frontier\runs\produce_fxyera_r1\produce_run_20260829_103744\master_work\worker_06\d194e7ff5c0cab8e__MAS_RST.APRQ_21_0756.5-ae94902fdd-9q61f4bl,final,3.637,3.0947,29,0,above_ceiling,738.512
d90f50b369bbbf63,C:\Users\USER\lpopt_work\kit_frontier\runs\produce_fxyera_r1\produce_run_20260829_103744\master_work\worker_06\d90f50b369bbbf63__MAS_RST.APRQ_19_0796.6-8a1177069b-6jvr47s2,final,2.6395,2.302,31,1,,809.71
da808993be82e151,C:\Users\USER\lpopt_work\kit_frontier\runs\produce_fxyera_r1\produce_run_20260829_103744\master_work\worker_06\da808993be82e151__MAS_RST.APRQ_21_0741.2-e89a0816ea-o3psmqj0,final,4.3749,3.6635,29,0,above_ceiling,736.383
db0e25b88e1a124a,C:\Users\USER\lpopt_work\kit_frontier\runs\produce_fxyera_r1\produce_run_20260829_103744\master_work\worker_06\db0e25b88e1a124a__MAS_RST.APRQ_10_0615.1-0af65bd6ed-tzw4v245,final,2.1216,1.9119,25,1,,627.213
,C:\Users\USER\lpopt_work\kit_frontier\runs\produce_fxyera_r1\produce_run_20260829_103744\master_work\worker_06\dd91a920bb156b67__MAS_RST.APRQ_11_0725.8-76954a989b-nvnzur_3,nonfinite,,,0,0,,
ddd0890064c45467,C:\Users\USER\lpopt_work\kit_frontier\runs\produce_fxyera_r1\produce_run_20260829_103744\master_work\worker_06\ddd0890064c45467__MAS_RST.APRQ_11_0705.0-c6c222b629-etlgatis,final,2.0775,1.8281,29,1,,733.788
e4d6fa52c4ea9e98,C:\Users\USER\lpopt_work\kit_frontier\runs\produce_fxyera_r1\produce_run_20260829_103744\master_work\worker_06\e4d6fa52c4ea9e98__MAS_RST.APRQ_21_0712.6-658f05da77-1yum0tsn,final,2.517,2.1963,29,1,,726.948
,C:\Users\USER\lpopt_work\kit_frontier\runs\produce_fxyera_r1\produce_run_20260829_103744\master_work\worker_06\e9a52fa8af303c4c__MAS_RST.APRQ_10_0615.1-5e9c12c540-0151qnpe,nonfinite,,,0,0,,
f293abe0ff02ee2d,C:\Users\USER\lpopt_work\kit_frontier\runs\produce_fxyera_r1\produce_run_20260829_103744\master_work\worker_06\f293abe0ff02ee2d__MAS_RST.APRQ_10_0615.1-89f6f7811c-zzdy0grl,final,2.8001,2.2304,25,1,,624.266
f4831732d35c6329,C:\Users\USER\lpopt_work\kit_frontier\runs\produce_fxyera_r1\produce_run_20260829_103744\master_work\worker_06\f4831732d35c6329__MAS_RST.APRQ_21_0729.4-3fd02b3993-vtg6l0la,final,2.3651,2.1193,29,1,,737.962
fac20109973c6ddc,C:\Users\USER\lpopt_work\kit_frontier\runs\produce_fxyera_r1\produce_run_20260829_103744\master_work\worker_06\fac20109973c6ddc__MAS_RST.APRQ_21_0712.6-3869759280-istn488h,final,1.7366,1.5462,29,1,,730.207
fcedb2a6d2d83313,C:\Users\USER\lpopt_work\kit_frontier\runs\produce_fxyera_r1\produce_run_20260829_103744\master_work\worker_06\fcedb2a6d2d83313__MAS_RST.APRQ_21_0729.4-7f284ddc64-88cmyubo,final,2.03,1.7983,27,1,,666.153
ff97c811c03d14b6,C:\Users\USER\lpopt_work\kit_frontier\runs\produce_fxyera_r1\produce_run_20260829_103744\master_work\worker_06\ff97c811c03d14b6__MAS_RST.APRQ_11_0767.6-9711a487a1-te7dhpld,final,3.5338,3.0501,31,0,above_ceiling,782.803
044cf3fc62ac8e75,C:\Users\USER\lpopt_work\kit_frontier\runs\produce_fxyera_r1\produce_run_20260829_103744\master_work\worker_07\044cf3fc62ac8e75__MAS_RST.APRQ_11_0578.2-46bcb310d9-gsa_glmo,final,2.2796,2.0366,24,1,,585.298
04bd9cacee007a70,C:\Users\USER\lpopt_work\kit_frontier\runs\produce_fxyera_r1\produce_run_20260829_103744\master_work\worker_07\04bd9cacee007a70__MAS_RST.APRQ_11_0725.8-fee646a2d7-dstm5thq,final,2.5857,2.1771,30,1,,750.964
,C:\Users\USER\lpopt_work\kit_frontier\runs\produce_fxyera_r1\produce_run_20260829_103744\master_work\worker_07\0797e981f570aefc__MAS_RST.APRQ_21_0712.6-34c4ebc5b1-4k8vbt5o,nonfinite,,,0,0,,
165af7df4f17b49d,C:\Users\USER\lpopt_work\kit_frontier\runs\produce_fxyera_r1\produce_run_20260829_103744\master_work\worker_07\165af7df4f17b49d__MAS_RST.APRQ_11_0578.2-5a898a7297-2ud1ne7g,final,2.1244,1.9556,24,1,,597.82
17e05b35b6fa3f1d,C:\Users\USER\lpopt_work\kit_frontier\runs\produce_fxyera_r1\produce_run_20260829_103744\master_work\worker_07\17e05b35b6fa3f1d__MAS_RST.APRQ_11_0576.8-f67f3723fa-kqhj_wt7,final,2.6798,2.3821,23,1,,552.886
,C:\Users\USER\lpopt_work\kit_frontier\runs\produce_fxyera_r1\produce_run_20260829_103744\master_work\worker_07\1d1b2411c2d4f3d4__MAS_RST.APRQ_21_0712.6-b500c650a3-p_b3j94y,nonfinite,,,0,0,,
,C:\Users\USER\lpopt_work\kit_frontier\runs\produce_fxyera_r1\produce_run_20260829_103744\master_work\worker_07\1de4791d74d52943__MAS_RST.APRQ_12_0635.6-ca2031222c-k4eedmq2,nonfinite,,,0,0,,
1e9b628146c94885,C:\Users\USER\lpopt_work\kit_frontier\runs\produce_fxyera_r1\produce_run_20260829_103744\master_work\worker_07\1e9b628146c94885__MAS_RST.APRQ_21_0741.2-9ca6b8597a-x804icvq,final,2.5864,2.1976,29,1,,738.849
204290491e9584ad,C:\Users\USER\lpopt_work\kit_frontier\runs\produce_fxyera_r1\produce_run_20260829_103744\master_work\worker_07\204290491e9584ad__MAS_RST.APRQ_11_0578.2-8d11da422b-6z59d0_x,final,5.9643,5.3176,24,0,above_ceiling,594.567
20f509584c9c3c3a,C:\Users\USER\lpopt_work\kit_frontier\runs\produce_fxyera_r1\produce_run_20260829_103744\master_work\worker_07\20f509584c9c3c3a__MAS_RST.APRQ_21_0712.6-4649ee58f7-mfsso81u,final,2.0022,1.7698,28,1,,718.03
2a4f4f6eeea511a9,C:\Users\USER\lpopt_work\kit_frontier\runs\produce_fxyera_r1\produce_run_20260829_103744\master_work\worker_07\2a4f4f6eeea511a9__MAS_RST.APRQ_11_0725.8-9bfa4d008a-ruy0i15u,final,2.3611,1.9841,29,1,,746.383
2c27281a5e807460,C:\Users\USER\lpopt_work\kit_frontier\runs\produce_fxyera_r1\produce_run_20260829_103744\master_work\worker_07\2c27281a5e807460__MAS_RST.APRQ_10_0615.1-5189e669e5-ntwl3njy,final,2.4147,2.1393,25,1,,625.793
348301488dc523b5,C:\Users\USER\lpopt_work\kit_frontier\runs\produce_fxyera_r1\produce_run_20260829_103744\master_work\worker_07\348301488dc523b5__MAS_RST.APRQ_10_0615.1-d3e8bb8352-t197uri9,final,2.0186,1.82,25,1,,621.827
3e99fa7a1dcc5cd9,C:\Users\USER\lpopt_work\kit_frontier\runs\produce_fxyera_r1\produce_run_20260829_103744\master_work\worker_07\3e99fa7a1dcc5cd9__MAS_RST.APRQ_11_0632.5-7eede23115-f5g77bkv,final,4.0283,3.6274,26,0,above_ceiling,644.895
42eda399edf54f3c,C:\Users\USER\lpopt_work\kit_frontier\runs\produce_fxyera_r1\produce_run_20260829_103744\master_work\worker_07\42eda399edf54f3c__MAS_RST.APRQ_21_0729.4-7c55f246dc-wteitv76,final,1.8405,1.6295,29,1,,731.614
,C:\Users\USER\lpopt_work\kit_frontier\runs\produce_fxyera_r1\produce_run_20260829_103744\master_work\worker_07\4683bef07c84b707__MAS_RST.APRQ_12_0635.6-1b88fc86aa-8_m1na2z,nonfinite,,,0,0,,
48569176cbe44c00,C:\Users\USER\lpopt_work\kit_frontier\runs\produce_fxyera_r1\produce_run_20260829_103744\master_work\worker_07\48569176cbe44c00__MAS_RST.APRQ_21_0712.6-99032484d7-sexla4cz,final,2.4553,2.1953,28,1,,717.779
,C:\Users\USER\lpopt_work\kit_frontier\runs\produce_fxyera_r1\produce_run_20260829_103744\master_work\worker_07\52d5a0688023e555__MAS_RST.APRQ_11_0740.8-62a3f78ca3-_81hdf66,nonfinite,,,0,0,,
57420de96af203dd,C:\Users\USER\lpopt_work\kit_frontier\runs\produce_fxyera_r1\produce_run_20260829_103744\master_work\worker_07\57420de96af203dd__MAS_RST.APRQ_11_0767.6-7656f660c3-4nwjbvtr,final,3.5667,3.107,31,0,above_ceiling,790.665
5a3dd90b7de49215,C:\Users\USER\lpopt_work\kit_frontier\runs\produce_fxyera_r1\produce_run_20260829_103744\master_work\worker_07\5a3dd90b7de49215__MAS_RST.APRQ_21_0756.5-1f8c20731f-7cjbjv4w,final,3.4554,3.1258,30,0,above_ceiling,760.333
5a5acc390acb2e90,C:\Users\USER\lpopt_work\kit_frontier\runs\produce_fxyera_r1\produce_run_20260829_103744\master_work\worker_07\5a5acc390acb2e90__MAS_RST.APRQ_11_0767.6-8d435512cb-gskqk8b_,final,3.9776,3.5088,31,0,above_ceiling,801.428
,C:\Users\USER\lpopt_work\kit_frontier\runs\produce_fxyera_r1\produce_run_20260829_103744\master_work\worker_07\6149584f49fae0d4__MAS_RST.APRQ_12_0789.0-64bc3c3765-qooavb38,nonfinite,,,0,0,,
,C:\Users\USER\lpopt_work\kit_frontier\runs\produce_fxyera_r1\produce_run_20260829_103744\master_work\worker_07\658465d6cc6ab1f5__MAS_RST.APRQ_10_0615.1-446a256eba-xmdgd066,nonfinite,,,0,0,,
73069adc259e8203,C:\Users\USER\lpopt_work\kit_frontier\runs\produce_fxyera_r1\produce_run_20260829_103744\master_work\worker_07\73069adc259e8203__MAS_RST.APRQ_10_0615.1-bb28cd6185-8f1ujtvc,final,2.1527,1.9224,25,1,,626.215
741846550e488b96,C:\Users\USER\lpopt_work\kit_frontier\runs\produce_fxyera_r1\produce_run_20260829_103744\master_work\worker_07\741846550e488b96__MAS_RST.APRQ_21_0654.2-13f35e18d8-mlgdmzq0,final,2.5454,2.1227,27,1,,660.969
7468489aeb8835ce,C:\Users\USER\lpopt_work\kit_frontier\runs\produce_fxyera_r1\produce_run_20260829_103744\master_work\worker_07\7468489aeb8835ce__MAS_RST.APRQ_11_0725.8-b298320bef-2q7sdp0z,superseded,,,0,0,,
,C:\Users\USER\lpopt_work\kit_frontier\runs\produce_fxyera_r1\produce_run_20260829_103744\master_work\worker_07\7468489aeb8835ce__MAS_RST.APRQ_11_0725.8-ba3b3ad557-wnx3yil6,nonfinite,,,0,0,,
7d25145a2382a0cd,C:\Users\USER\lpopt_work\kit_frontier\runs\produce_fxyera_r1\produce_run_20260829_103744\master_work\worker_07\7d25145a2382a0cd__MAS_RST.APRQ_19_0796.6-59e30fcd2a-ym2stw_k,final,2.4891,2.1145,31,1,,803.252
,C:\Users\USER\lpopt_work\kit_frontier\runs\produce_fxyera_r1\produce_run_20260829_103744\master_work\worker_07\7f22dd14f8cb4ad4__MAS_RST.APRQ_10_0615.1-6af6f7f642-xr15erjt,nonfinite,,,0,0,,
8030ffa0c6377b03,C:\Users\USER\lpopt_work\kit_frontier\runs\produce_fxyera_r1\produce_run_20260829_103744\master_work\worker_07\8030ffa0c6377b03__MAS_RST.APRQ_10_0615.1-0ab17f6043-6vylz4cx,final,2.4274,2.1849,25,1,,617.981
80594fb3315ba430,C:\Users\USER\lpopt_work\kit_frontier\runs\produce_fxyera_r1\produce_run_20260829_103744\master_work\worker_07\80594fb3315ba430__MAS_RST.APRQ_21_0729.4-f5f3228576-neiy3sih,final,2.4938,2.2202,27,1,,662.501
858612ab50564399,C:\Users\USER\lpopt_work\kit_frontier\runs\produce_fxyera_r1\produce_run_20260829_103744\master_work\worker_07\858612ab50564399__MAS_RST.APRQ_11_0767.6-14e02a5d75-k06x_9t3,final,3.246,2.664,30,0,above_ceiling,779.643
8a03dcfad6e19f64,C:\Users\USER\lpopt_work\kit_frontier\runs\produce_fxyera_r1\produce_run_20260829_103744\master_work\worker_07\8a03dcfad6e19f64__MAS_RST.APRQ_21_0712.6-273d199076-617m5hf4,final,3.2504,2.6728,28,0,above_ceiling,701.258
8d8740540f945743,C:\Users\USER\lpopt_work\kit_frontier\runs\produce_fxyera_r1\produce_run_20260829_103744\master_work\worker_07\8d8740540f945743__MAS_RST.APRQ_11_0705.0-9f59a10ddb-3u114z9d,final,1.7789,1.5831,29,1,,731.822
,C:\Users\USER\lpopt_work\kit_frontier\runs\produce_fxyera_r1\produce_run_20260829_103744\master_work\worker_07\92c3e42b6395a60d__MAS_RST.APRQ_12_0635.6-a67cf9d912-3gsk8qi4,nonfinite,,,0,0,,
968bc28deb108e79,C:\Users\USER\lpopt_work\kit_frontier\runs\produce_fxyera_r1\produce_run_20260829_103744\master_work\worker_07\968bc28deb108e79__MAS_RST.APRQ_11_0705.0-81a1baf70e-yiel67bf,final,2.4007,2.1501,28,1,,712.203
9f5050504e499206,C:\Users\USER\lpopt_work\kit_frontier\runs\produce_fxyera_r1\produce_run_20260829_103744\master_work\worker_07\9f5050504e499206__MAS_RST.APRQ_10_0615.1-920ee805bf-6o6ajl3a,final,2.6026,2.3438,25,1,,614.816
,C:\Users\USER\lpopt_work\kit_frontier\runs\produce_fxyera_r1\produce_run_20260829_103744\master_work\worker_07\a51358c4a7f0e337__MAS_RST.APRQ_11_0632.5-1e231286f4-1oxo7ehc,nonfinite,,,0,0,,
a8ec5282f1cfacc7,C:\Users\USER\lpopt_work\kit_frontier\runs\produce_fxyera_r1\produce_run_20260829_103744\master_work\worker_07\a8ec5282f1cfacc7__MAS_RST.APRQ_11_0722.6-978806df3c-b9uimvju,final,2.4918,2.1814,28,1,,716.135
abe2ccf6be8b8d61,C:\Users\USER\lpopt_work\kit_frontier\runs\produce_fxyera_r1\produce_run_20260829_103744\master_work\worker_07\abe2ccf6be8b8d61__MAS_RST.APRQ_21_0715.1-eca103d2fb-enohl3fn,final,2.5272,2.1373,28,1,,719.385
c02f638175c098a9,C:\Users\USER\lpopt_work\kit_frontier\runs\produce_fxyera_r1\produce_run_20260829_103744\master_work\worker_07\c02f638175c098a9__MAS_RST.APRQ_12_0789.0-17824d7436-5lr892cp,final,4.0518,3.3762,31,0,above_ceiling,795.663
cd73829e89aea2e6,C:\Users\USER\lpopt_work\kit_frontier\runs\produce_fxyera_r1\produce_run_20260829_103744\master_work\worker_07\cd73829e89aea2e6__MAS_RST.APRQ_21_0712.6-6e97db50a9-so7etpv_,final,1.9843,1.7753,29,1,,727.13
,C:\Users\USER\lpopt_work\kit_frontier\runs\produce_fxyera_r1\produce_run_20260829_103744\master_work\worker_07\d04330b26a0809d4__MAS_RST.APRQ_10_0615.1-22d89e12c3-_01ikm7p,nonfinite,,,0,0,,
,C:\Users\USER\lpopt_work\kit_frontier\runs\produce_fxyera_r1\produce_run_20260829_103744\master_work\worker_07\d6db940229f117d9__MAS_RST.APRQ_11_0576.8-8bc280f0f4-36yfl6fh,nonfinite,,,0,0,,
f023a6eca76c7dd1,C:\Users\USER\lpopt_work\kit_frontier\runs\produce_fxyera_r1\produce_run_20260829_103744\master_work\worker_07\f023a6eca76c7dd1__MAS_RST.APRQ_21_0715.1-b885faacf8-gn9sp1_7,final,2.7471,2.3283,28,1,,707.008
,C:\Users\USER\lpopt_work\kit_frontier\runs\produce_fxyera_r1\produce_run_20260829_103744\master_work\worker_07\f1d3c273aa401254__MAS_RST.APRQ_10_0615.1-53b51ea180-oitbggtw,nonfinite,,,0,0,,
f35d5b4f0cebd2b9,C:\Users\USER\lpopt_work\kit_frontier\runs\produce_fxyera_r1\produce_run_20260829_103744\master_work\worker_07\f35d5b4f0cebd2b9__MAS_RST.APRQ_21_0712.6-b5a8a643a5-bj6o2uab,final,3.0667,2.5744,29,0,above_ceiling,723.999
,C:\Users\USER\lpopt_work\kit_frontier\runs\produce_fxyera_r1\produce_run_20260829_103744\master_work\worker_08\015fb9c69ec90897__MAS_RST.APRQ_11_0767.6-ef04420fac-j73hhsay,nonfinite,,,0,0,,
046df697da11eb77,C:\Users\USER\lpopt_work\kit_frontier\runs\produce_fxyera_r1\produce_run_20260829_103744\master_work\worker_08\046df697da11eb77__MAS_RST.APRQ_21_0729.4-b84cae9127-66zfmb_g,final,2.1443,1.9146,29,1,,727.867
094f8ea99a7fff71,C:\Users\USER\lpopt_work\kit_frontier\runs\produce_fxyera_r1\produce_run_20260829_103744\master_work\worker_08\094f8ea99a7fff71__MAS_RST.APRQ_21_0654.2-9afc40dd62-3_9xlxxm,final,1.9887,1.7488,26,1,,648.532
14a6e2fe840e6fc5,C:\Users\USER\lpopt_work\kit_frontier\runs\produce_fxyera_r1\produce_run_20260829_103744\master_work\worker_08\14a6e2fe840e6fc5__MAS_RST.APRQ_11_0767.6-a2c0b9385d-3_nj7m44,final,3.977,3.507,31,0,above_ceiling,786.079
1c85ef365a09f686,C:\Users\USER\lpopt_work\kit_frontier\runs\produce_fxyera_r1\produce_run_20260829_103744\master_work\worker_08\1c85ef365a09f686__MAS_RST.APRQ_11_0632.5-216fbd9088-m5livzb5,final,2.2078,2.0014,26,1,,643.265
22d11f7e150d5fcd,C:\Users\USER\lpopt_work\kit_frontier\runs\produce_fxyera_r1\produce_run_20260829_103744\master_work\worker_08\22d11f7e150d5fcd__MAS_RST.APRQ_12_0635.6-7e9b9d7612-vmmf7plz,final,3.5916,2.8875,25,0,above_ceiling,628.715
,C:\Users\USER\lpopt_work\kit_frontier\runs\produce_fxyera_r1\produce_run_20260829_103744\master_work\worker_08\232821b4fe9a77e5__MAS_RST.APRQ_11_0705.0-f8d8fd6193-z0me976c,nonfinite,,,0,0,,
,C:\Users\USER\lpopt_work\kit_frontier\runs\produce_fxyera_r1\produce_run_20260829_103744\master_work\worker_08\2408793ef99641af__MAS_RST.APRQ_10_0615.1-b3dd730a15-kw5lajxl,nonfinite,,,0,0,,
2408793ef99641af,C:\Users\USER\lpopt_work\kit_frontier\runs\produce_fxyera_r1\produce_run_20260829_103744\master_work\worker_08\2408793ef99641af__MAS_RST.APRQ_10_0615.1-f9f5c328ff-aid05sk4,superseded,,,0,0,,
24bb5cbf5d6dfb19,C:\Users\USER\lpopt_work\kit_frontier\runs\produce_fxyera_r1\produce_run_20260829_103744\master_work\worker_08\24bb5cbf5d6dfb19__MAS_RST.APRQ_10_0615.1-a918446cbf-zbb48rov,final,3.1057,2.6936,24,0,above_ceiling,575.668
295b74c2d41dd400,C:\Users\USER\lpopt_work\kit_frontier\runs\produce_fxyera_r1\produce_run_20260829_103744\master_work\worker_08\295b74c2d41dd400__MAS_RST.APRQ_11_0578.2-c17639f9cb-cbvjuzlr,final,2.2712,1.9897,24,1,,579.076
2eaf3bded55eec81,C:\Users\USER\lpopt_work\kit_frontier\runs\produce_fxyera_r1\produce_run_20260829_103744\master_work\worker_08\2eaf3bded55eec81__MAS_RST.APRQ_21_0712.6-f6bfcb182b-kz_6avod,final,2.3043,1.8936,28,1,,713.304
426c564909ecdfd2,C:\Users\USER\lpopt_work\kit_frontier\runs\produce_fxyera_r1\produce_run_20260829_103744\master_work\worker_08\426c564909ecdfd2__MAS_RST.APRQ_11_0725.8-226a9d2180-lr7vryl0,final,4.1221,3.4965,30,0,above_ceiling,754.95
,C:\Users\USER\lpopt_work\kit_frontier\runs\produce_fxyera_r1\produce_run_20260829_103744\master_work\worker_08\4317e7580e4e1bf9__MAS_RST.APRQ_21_0712.6-af45b69df7-ivtwhyv4,nonfinite,,,0,0,,
484dafc93301777e,C:\Users\USER\lpopt_work\kit_frontier\runs\produce_fxyera_r1\produce_run_20260829_103744\master_work\worker_08\484dafc93301777e__MAS_RST.APRQ_11_0578.2-50231f24bd-6786c1j7,final,2.2781,2.0106,24,1,,595.791
,C:\Users\USER\lpopt_work\kit_frontier\runs\produce_fxyera_r1\produce_run_20260829_103744\master_work\worker_08\48bfe180405c008c__MAS_RST.APRQ_11_0576.8-4693b1b79b-mpglrfno,nonfinite,,,0,0,,
54e01a661bd96bdd,C:\Users\USER\lpopt_work\kit_frontier\runs\produce_fxyera_r1\produce_run_20260829_103744\master_work\worker_08\54e01a661bd96bdd__MAS_RST.APRQ_19_0796.6-85804bac4a-pi33_9d5,final,2.1041,1.815,31,1,,809.897
6f8b7257efc65f5a,C:\Users\USER\lpopt_work\kit_frontier\runs\produce_fxyera_r1\produce_run_20260829_103744\master_work\worker_08\6f8b7257efc65f5a__MAS_RST.APRQ_10_0615.1-1392e9bc3d-wssr09uc,final,2.344,2.1139,25,1,,626.877
701acac731d96765,C:\Users\USER\lpopt_work\kit_frontier\runs\produce_fxyera_r1\produce_run_20260829_103744\master_work\worker_08\701acac731d96765__MAS_RST.APRQ_21_0712.6-e80a66c133-sx0idm64,final,1.9974,1.7475,29,1,,727.131
,C:\Users\USER\lpopt_work\kit_frontier\runs\produce_fxyera_r1\produce_run_20260829_103744\master_work\worker_08\713625a4bbbd6fee__MAS_RST.APRQ_21_0741.2-5ee30c89dd-unlx85lm,nonfinite,,,0,0,,
722e578b7fa93464,C:\Users\USER\lpopt_work\kit_frontier\runs\produce_fxyera_r1\produce_run_20260829_103744\master_work\worker_08\722e578b7fa93464__MAS_RST.APRQ_11_0578.2-876c49c56a-fpovy88j,final,2.1139,1.9312,24,1,,591.263
,C:\Users\USER\lpopt_work\kit_frontier\runs\produce_fxyera_r1\produce_run_20260829_103744\master_work\worker_08\7bdfc4196ad3c117__MAS_RST.APRQ_10_0615.1-62bb030a57-o56asp8b,nonfinite,,,0,0,,
84d328a926baf573,C:\Users\USER\lpopt_work\kit_frontier\runs\produce_fxyera_r1\produce_run_20260829_103744\master_work\worker_08\84d328a926baf573__MAS_RST.APRQ_21_0729.4-80aa1446b7-_9jza5p4,final,2.1739,1.9244,27,1,,673.041
8ff6c47ec62b0b5c,C:\Users\USER\lpopt_work\kit_frontier\runs\produce_fxyera_r1\produce_run_20260829_103744\master_work\worker_08\8ff6c47ec62b0b5c__MAS_RST.APRQ_10_0615.1-1904c17b18-ymw1qb1k,final,2.4455,2.2667,25,1,,610.913
,C:\Users\USER\lpopt_work\kit_frontier\runs\produce_fxyera_r1\produce_run_20260829_103744\master_work\worker_08\9053bc27bc6f20a7__MAS_RST.APRQ_21_0712.6-0e1ff6d460-6xwnah93,nonfinite,,,0,0,,
91d436a3b2c9ce97,C:\Users\USER\lpopt_work\kit_frontier\runs\produce_fxyera_r1\produce_run_20260829_103744\master_work\worker_08\91d436a3b2c9ce97__MAS_RST.APRQ_11_0767.6-107b45e7d7-szgzm58r,final,3.3324,2.8828,31,0,above_ceiling,791.569
,C:\Users\USER\lpopt_work\kit_frontier\runs\produce_fxyera_r1\produce_run_20260829_103744\master_work\worker_08\9232aafc2a5a447c__MAS_RST.APRQ_11_0725.8-4bd989b0c7-aj5dtnyf,nonfinite,,,0,0,,
93f2b52bcd70d6f4,C:\Users\USER\lpopt_work\kit_frontier\runs\produce_fxyera_r1\produce_run_20260829_103744\master_work\worker_08\93f2b52bcd70d6f4__MAS_RST.APRQ_21_0756.5-27ab0a2575-sby7bjqq,final,4.1357,3.473,30,0,above_ceiling,761.241
944f5ad65a79c5f3,C:\Users\USER\lpopt_work\kit_frontier\runs\produce_fxyera_r1\produce_run_20260829_103744\master_work\worker_08\944f5ad65a79c5f3__MAS_RST.APRQ_11_0740.8-0248545cd7-a_mc7m_t,final,5.1077,4.1472,29,0,above_ceiling,741.782
949544994520ba4e,C:\Users\USER\lpopt_work\kit_frontier\runs\produce_fxyera_r1\produce_run_20260829_103744\master_work\worker_08\949544994520ba4e__MAS_RST.APRQ_10_0615.1-50e5c87bb3-emd6r03g,final,2.0475,1.8345,25,1,,614.834
9dd61bc499c43b25,C:\Users\USER\lpopt_work\kit_frontier\runs\produce_fxyera_r1\produce_run_20260829_103744\master_work\worker_08\9dd61bc499c43b25__MAS_RST.APRQ_11_0725.8-bb643ea38d-ed5a0d6u,final,4.1527,3.6782,29,0,above_ceiling,748.647
9fcb41686831bf70,C:\Users\USER\lpopt_work\kit_frontier\runs\produce_fxyera_r1\produce_run_20260829_103744\master_work\worker_08\9fcb41686831bf70__MAS_RST.APRQ_10_0615.1-0db0c3b531-76w8agmt,superseded,,,0,0,,
,C:\Users\USER\lpopt_work\kit_frontier\runs\produce_fxyera_r1\produce_run_20260829_103744\master_work\worker_08\9fcb41686831bf70__MAS_RST.APRQ_10_0615.1-2c49f75a00-35ut1_8g,nonfinite,,,0,0,,
a2e464914b65f56d,C:\Users\USER\lpopt_work\kit_frontier\runs\produce_fxyera_r1\produce_run_20260829_103744\master_work\worker_08\a2e464914b65f56d__MAS_RST.APRQ_12_0635.6-a6f6d616d4-h7cql68g,final,2.3122,1.9754,25,1,,611.238
abc28d319c114804,C:\Users\USER\lpopt_work\kit_frontier\runs\produce_fxyera_r1\produce_run_20260829_103744\master_work\worker_08\abc28d319c114804__MAS_RST.APRQ_21_0712.6-767a3db535-k5y3ba2i,final,3.4836,2.9854,28,0,above_ceiling,708.273
,C:\Users\USER\lpopt_work\kit_frontier\runs\produce_fxyera_r1\produce_run_20260829_103744\master_work\worker_08\bc316e1a959b3923__MAS_RST.APRQ_10_0615.1-ec0bb3a8c9-5q6f_nzo,nonfinite,,,0,0,,
c076252fac7126a5,C:\Users\USER\lpopt_work\kit_frontier\runs\produce_fxyera_r1\produce_run_20260829_103744\master_work\worker_08\c076252fac7126a5__MAS_RST.APRQ_12_0789.0-d4c02f01db-c84selkn,final,2.1979,1.8409,31,1,,801.716
cb5f63cc83514210,C:\Users\USER\lpopt_work\kit_frontier\runs\produce_fxyera_r1\produce_run_20260829_103744\master_work\worker_08\cb5f63cc83514210__MAS_RST.APRQ_12_0789.0-58d59fa305-3h8383i2,final,3.6706,2.9848,31,0,above_ceiling,791.792
d15f2911f4eced74,C:\Users\USER\lpopt_work\kit_frontier\runs\produce_fxyera_r1\produce_run_20260829_103744\master_work\worker_08\d15f2911f4eced74__MAS_RST.APRQ_12_0635.6-4ded31b904-be5arje9,final,3.1422,2.5715,25,0,above_ceiling,613.988
d444eb3403a20f70,C:\Users\USER\lpopt_work\kit_frontier\runs\produce_fxyera_r1\produce_run_20260829_103744\master_work\worker_08\d444eb3403a20f70__MAS_RST.APRQ_21_0715.1-c581f99d80-qer5_w1s,final,2.1477,1.9043,29,1,,727.892
,C:\Users\USER\lpopt_work\kit_frontier\runs\produce_fxyera_r1\produce_run_20260829_103744\master_work\worker_08\d8546595e9382df4__MAS_RST.APRQ_21_0712.6-59a762f7b7-rszkaj55,nonfinite,,,0,0,,
,C:\Users\USER\lpopt_work\kit_frontier\runs\produce_fxyera_r1\produce_run_20260829_103744\master_work\worker_08\d8cb6473c1bf76f0__MAS_RST.APRQ_10_0615.1-eb1610792f-m44x26b6,nonfinite,,,0,0,,
e363d83c68903bba,C:\Users\USER\lpopt_work\kit_frontier\runs\produce_fxyera_r1\produce_run_20260829_103744\master_work\worker_08\e363d83c68903bba__MAS_RST.APRQ_11_0705.0-eb08e74810-z_ydln9p,final,2.0732,1.838,29,1,,720.373
eee4a0c68feb55f7,C:\Users\USER\lpopt_work\kit_frontier\runs\produce_fxyera_r1\produce_run_20260829_103744\master_work\worker_08\eee4a0c68feb55f7__MAS_RST.APRQ_11_0722.6-faf1b2a9d1-42a3c4d7,final,2.5416,2.2761,28,1,,716.776
,C:\Users\USER\lpopt_work\kit_frontier\runs\produce_fxyera_r1\produce_run_20260829_103744\master_work\worker_08\f5782de5af5cdad4__MAS_RST.APRQ_21_0712.6-1857c1b79b-i15cpsq6,nonfinite,,,0,0,,
f8a4bfb6c017336d,C:\Users\USER\lpopt_work\kit_frontier\runs\produce_fxyera_r1\produce_run_20260829_103744\master_work\worker_08\f8a4bfb6c017336d__MAS_RST.APRQ_11_0632.5-fe3b6ef024-z0ed9ki2,final,4.7702,4.3634,26,0,above_ceiling,646.926
f92d4d1b43388e79,C:\Users\USER\lpopt_work\kit_frontier\runs\produce_fxyera_r1\produce_run_20260829_103744\master_work\worker_08\f92d4d1b43388e79__MAS_RST.APRQ_11_0576.8-6eba4ce921-mpmtcq00,final,5.4491,4.8177,23,0,above_ceiling,566.876
,C:\Users\USER\lpopt_work\kit_frontier\runs\produce_fxyera_r1\produce_run_20260829_103744\master_work\worker_09\05a860f498605336__MAS_RST.APRQ_11_0578.2-32c16687a4-zkjkcexq,nonfinite,,,0,0,,
084a023d9e03da5b,C:\Users\USER\lpopt_work\kit_frontier\runs\produce_fxyera_r1\produce_run_20260829_103744\master_work\worker_09\084a023d9e03da5b__MAS_RST.APRQ_21_0654.2-65e65104a3-d2me7upc,final,2.0348,1.7671,27,1,,668.523
,C:\Users\USER\lpopt_work\kit_frontier\runs\produce_fxyera_r1\produce_run_20260829_103744\master_work\worker_09\0ef5911bf388d32b__MAS_RST.APRQ_10_0615.1-9a98ce64d8-goduf422,nonfinite,,,0,0,,
13d2fe216fff7600,C:\Users\USER\lpopt_work\kit_frontier\runs\produce_fxyera_r1\produce_run_20260829_103744\master_work\worker_09\13d2fe216fff7600__MAS_RST.APRQ_21_0712.6-e4cc352806-y2suvrls,final,2.4504,2.1832,28,1,,712.702
2106e1d0d723231c,C:\Users\USER\lpopt_work\kit_frontier\runs\produce_fxyera_r1\produce_run_20260829_103744\master_work\worker_09\2106e1d0d723231c__MAS_RST.APRQ_21_0712.6-fb8e9f727b-zchvgwc6,final,2.2351,1.8779,29,1,,722.139
2703566a4e3674c1,C:\Users\USER\lpopt_work\kit_frontier\runs\produce_fxyera_r1\produce_run_20260829_103744\master_work\worker_09\2703566a4e3674c1__MAS_RST.APRQ_19_0796.6-f7279f1c91-lk_brbu_,final,2.1558,1.829,31,1,,794.151
28e4c2d2a674b49b,C:\Users\USER\lpopt_work\kit_frontier\runs\produce_fxyera_r1\produce_run_20260829_103744\master_work\worker_09\28e4c2d2a674b49b__MAS_RST.APRQ_10_0615.1-71d53e5720-z7321lxh,final,3.2939,2.5936,25,0,above_ceiling,612.963
3169f499ac8870fe,C:\Users\USER\lpopt_work\kit_frontier\runs\produce_fxyera_r1\produce_run_20260829_103744\master_work\worker_09\3169f499ac8870fe__MAS_RST.APRQ_10_0615.1-3768fece42-lifv874r,final,3.7662,3.2419,24,0,above_ceiling,573.067
3337f6743a4f87c8,C:\Users\USER\lpopt_work\kit_frontier\runs\produce_fxyera_r1\produce_run_20260829_103744\master_work\worker_09\3337f6743a4f87c8__MAS_RST.APRQ_11_0722.6-ff147152e3-md20qsoe,final,2.0992,1.8837,28,1,,715.363
3855a32894cec42a,C:\Users\USER\lpopt_work\kit_frontier\runs\produce_fxyera_r1\produce_run_20260829_103744\master_work\worker_09\3855a32894cec42a__MAS_RST.APRQ_11_0725.8-7bb5e59058-whdw_8ry,final,2.215,1.9777,29,1,,741.496
39ae5dfb6e5acf58,C:\Users\USER\lpopt_work\kit_frontier\runs\produce_fxyera_r1\produce_run_20260829_103744\master_work\worker_09\39ae5dfb6e5acf58__MAS_RST.APRQ_11_0725.8-1fc306a896-rx_lmd6s,final,2.3435,1.9508,29,1,,748.24
419fe62701948bdb,C:\Users\USER\lpopt_work\kit_frontier\runs\produce_fxyera_r1\produce_run_20260829_103744\master_work\worker_09\419fe62701948bdb__MAS_RST.APRQ_12_0635.6-af60f06f37-1nzvfdv4,final,2.8519,2.3741,25,1,,609.867
,C:\Users\USER\lpopt_work\kit_frontier\runs\produce_fxyera_r1\produce_run_20260829_103744\master_work\worker_09\55fb86069dfb1c84__MAS_RST.APRQ_10_0615.1-ef1d0e117a-rk1fes92,nonfinite,,,0,0,,
,C:\Users\USER\lpopt_work\kit_frontier\runs\produce_fxyera_r1\produce_run_20260829_103744\master_work\worker_09\5c28bfa07b58fb9a__MAS_RST.APRQ_11_0767.6-e34e3f71b4-ky5iu74k,nonfinite,,,0,0,,
,C:\Users\USER\lpopt_work\kit_frontier\runs\produce_fxyera_r1\produce_run_20260829_103744\master_work\worker_09\60569eac9e906ec6__MAS_RST.APRQ_10_0615.1-6a072e30f6-dx0_f0nr,nonfinite,,,0,0,,
62e2ba702a3990e5,C:\Users\USER\lpopt_work\kit_frontier\runs\produce_fxyera_r1\produce_run_20260829_103744\master_work\worker_09\62e2ba702a3990e5__MAS_RST.APRQ_11_0576.8-f80b05e709-ifrkykne,final,3.015,2.4264,24,0,above_ceiling,576.469
,C:\Users\USER\lpopt_work\kit_frontier\runs\produce_fxyera_r1\produce_run_20260829_103744\master_work\worker_09\6373308191b711cb__MAS_RST.APRQ_10_0615.1-6721bc8109-5_44wzby,nonfinite,,,0,0,,
6baefa72a0f9566b,C:\Users\USER\lpopt_work\kit_frontier\runs\produce_fxyera_r1\produce_run_20260829_103744\master_work\worker_09\6baefa72a0f9566b__MAS_RST.APRQ_11_0767.6-9ab635b95a-mnjin44h,final,4.641,4.102,31,0,above_ceiling,781.189
6f7ec21b612bdcde,C:\Users\USER\lpopt_work\kit_frontier\runs\produce_fxyera_r1\produce_run_20260829_103744\master_work\worker_09\6f7ec21b612bdcde__MAS_RST.APRQ_10_0615.1-d8af5641f3-rca2205q,final,2.1805,1.9534,25,1,,620.864
72e93c9044910367,C:\Users\USER\lpopt_work\kit_frontier\runs\produce_fxyera_r1\produce_run_20260829_103744\master_work\worker_09\72e93c9044910367__MAS_RST.APRQ_11_0725.8-cb0ab2aade-_2ikrtth,final,2.5555,2.1509,29,1,,747.359
780f22dd302dc634,C:\Users\USER\lpopt_work\kit_frontier\runs\produce_fxyera_r1\produce_run_20260829_103744\master_work\worker_09\780f22dd302dc634__MAS_RST.APRQ_21_0712.6-37de782170-3bph9skm,final,2.1752,1.9073,29,1,,720.412
7937f9963221ddcb,C:\Users\USER\lpopt_work\kit_frontier\runs\produce_fxyera_r1\produce_run_20260829_103744\master_work\worker_09\7937f9963221ddcb__MAS_RST.APRQ_21_0712.6-983b37036c-nitdwbzt,final,3.5098,3.0201,29,0,above_ceiling,723.746
,C:\Users\USER\lpopt_work\kit_frontier\runs\produce_fxyera_r1\produce_run_20260829_103744\master_work\worker_09\7ce5b459febde536__MAS_RST.APRQ_12_0789.0-a9abb7c8c8-z6fzp9xe,nonfinite,,,0,0,,
853d76d247193aa8,C:\Users\USER\lpopt_work\kit_frontier\runs\produce_fxyera_r1\produce_run_20260829_103744\master_work\worker_09\853d76d247193aa8__MAS_RST.APRQ_11_0767.6-22f7446b7b-tus6bmc8,final,4.4035,3.8928,31,0,above_ceiling,801.563
85de0e49f6fc027f,C:\Users\USER\lpopt_work\kit_frontier\runs\produce_fxyera_r1\produce_run_20260829_103744\master_work\worker_09\85de0e49f6fc027f__MAS_RST.APRQ_12_0635.6-8b6aef9f9a-ux5_ibz6,final,4.1668,3.2772,25,0,above_ceiling,619.845
,C:\Users\USER\lpopt_work\kit_frontier\runs\produce_fxyera_r1\produce_run_20260829_103744\master_work\worker_09\8d1ff2c29028a9eb__MAS_RST.APRQ_21_0712.6-cccbc5ebaa-lov4wn2q,nonfinite,,,0,0,,
912d80a17bebe7ca,C:\Users\USER\lpopt_work\kit_frontier\runs\produce_fxyera_r1\produce_run_20260829_103744\master_work\worker_09\912d80a17bebe7ca__MAS_RST.APRQ_11_0578.2-6ea31b5421-tsmvcrhu,final,1.8454,1.6512,24,1,,595.136
98cdb69211e8e7b5,C:\Users\USER\lpopt_work\kit_frontier\runs\produce_fxyera_r1\produce_run_20260829_103744\master_work\worker_09\98cdb69211e8e7b5__MAS_RST.APRQ_21_0729.4-18c43174de-z3j7pp2z,final,3.8445,3.1085,26,0,above_ceiling,643.919
999c046d675d0f42,C:\Users\USER\lpopt_work\kit_frontier\runs\produce_fxyera_r1\produce_run_20260829_103744\master_work\worker_09\999c046d675d0f42__MAS_RST.APRQ_10_0615.1-1de5db5e6a-vae8cf8f,final,2.5732,2.285,25,1,,612.006
a4bac2666747dffb,C:\Users\USER\lpopt_work\kit_frontier\runs\produce_fxyera_r1\produce_run_20260829_103744\master_work\worker_09\a4bac2666747dffb__MAS_RST.APRQ_21_0756.5-89505f6f61-gjh92mj_,final,2.3019,2.0097,30,1,,753.762
a9f94a9392d038a5,C:\Users\USER\lpopt_work\kit_frontier\runs\produce_fxyera_r1\produce_run_20260829_103744\master_work\worker_09\a9f94a9392d038a5__MAS_RST.APRQ_21_0741.2-68c167bd28-oq4j9c3e,final,4.3817,3.6117,29,0,above_ceiling,726.851
,C:\Users\USER\lpopt_work\kit_frontier\runs\produce_fxyera_r1\produce_run_20260829_103744\master_work\worker_09\ab19493aa0565006__MAS_RST.APRQ_11_0740.8-8593ca8606-4jsk0dqe,nonfinite,,,0,0,,
abd4626417a3300b,C:\Users\USER\lpopt_work\kit_frontier\runs\produce_fxyera_r1\produce_run_20260829_103744\master_work\worker_09\abd4626417a3300b__MAS_RST.APRQ_11_0632.5-d0a030121e-lehhd_13,final,2.4742,2.2699,26,1,,639.183
ad1246e1416a5135,C:\Users\USER\lpopt_work\kit_frontier\runs\produce_fxyera_r1\produce_run_20260829_103744\master_work\worker_09\ad1246e1416a5135__MAS_RST.APRQ_12_0635.6-bd07eae82b-s12vovvl,final,2.2481,1.9273,25,1,,621.454
,C:\Users\USER\lpopt_work\kit_frontier\runs\produce_fxyera_r1\produce_run_20260829_103744\master_work\worker_09\ae55f6ef78d57ed9__MAS_RST.APRQ_11_0705.0-1116d80930-l42mziez,nonfinite,,,0,0,,
bc0091ec8ae9d7dc,C:\Users\USER\lpopt_work\kit_frontier\runs\produce_fxyera_r1\produce_run_20260829_103744\master_work\worker_09\bc0091ec8ae9d7dc__MAS_RST.APRQ_21_0712.6-1a246d4bec-q6qz3bio,final,2.579,2.1722,28,1,,701.59
de425781c2fa7244,C:\Users\USER\lpopt_work\kit_frontier\runs\produce_fxyera_r1\produce_run_20260829_103744\master_work\worker_09\de425781c2fa7244__MAS_RST.APRQ_12_0789.0-92e7bd15b7-p8nwjpyu,final,2.5326,2.0472,31,1,,801
,C:\Users\USER\lpopt_work\kit_frontier\runs\produce_fxyera_r1\produce_run_20260829_103744\master_work\worker_09\e4c1116568c0429c__MAS_RST.APRQ_11_0705.0-8391fae5e3-apw0aahk,nonfinite,,,0,0,,
e50e8291b028c9cc,C:\Users\USER\lpopt_work\kit_frontier\runs\produce_fxyera_r1\produce_run_20260829_103744\master_work\worker_09\e50e8291b028c9cc__MAS_RST.APRQ_11_0632.5-b1f4b5f4b1-oal4h1zi,final,4.1111,3.6959,26,0,above_ceiling,643.536
e51217dcf9f4b4d1,C:\Users\USER\lpopt_work\kit_frontier\runs\produce_fxyera_r1\produce_run_20260829_103744\master_work\worker_09\e51217dcf9f4b4d1__MAS_RST.APRQ_21_0729.4-0ad3da73a5-lo29il7x,final,2.3872,2.0956,28,1,,707.972
e8485529ea114dec,C:\Users\USER\lpopt_work\kit_frontier\runs\produce_fxyera_r1\produce_run_20260829_103744\master_work\worker_09\e8485529ea114dec__MAS_RST.APRQ_21_0715.1-d522b5a5e2-xuyeje_d,final,2.2955,1.926,29,1,,723.005
f2652a6b7aaa8e01,C:\Users\USER\lpopt_work\kit_frontier\runs\produce_fxyera_r1\produce_run_20260829_103744\master_work\worker_09\f2652a6b7aaa8e01__MAS_RST.APRQ_11_0578.2-9e341eabc2-oxsjmcas,final,2.1264,1.9277,24,1,,591.861
f50974686f2b63a7,C:\Users\USER\lpopt_work\kit_frontier\runs\produce_fxyera_r1\produce_run_20260829_103744\master_work\worker_09\f50974686f2b63a7__MAS_RST.APRQ_21_0712.6-34bec88864-gpuhntot,final,2.5755,2.2269,28,1,,717.966
,C:\Users\USER\lpopt_work\kit_frontier\runs\produce_fxyera_r1\produce_run_20260829_103744\master_work\worker_09\f8c0ac663da35f67__MAS_RST.APRQ_11_0576.8-3893fec642-wlbfu7yp,nonfinite,,,0,0,,
fd5bb4978a5d16b4,C:\Users\USER\lpopt_work\kit_frontier\runs\produce_fxyera_r1\produce_run_20260829_103744\master_work\worker_09\fd5bb4978a5d16b4__MAS_RST.APRQ_10_0615.1-dc7f788545-406o06q9,final,2.2998,2.0813,25,1,,609.231
,C:\Users\USER\lpopt_work\kit_frontier\runs\produce_fxyera_r1\produce_run_20260829_103744\master_work\worker_10\0c1327f4d729ca35__MAS_RST.APRQ_21_0712.6-d20c94633c-4qi90wig,nonfinite,,,0,0,,
,C:\Users\USER\lpopt_work\kit_frontier\runs\produce_fxyera_r1\produce_run_20260829_103744\master_work\worker_10\16b3dfc392976012__MAS_RST.APRQ_10_0615.1-de71d195bf-u_6s0fnr,nonfinite,,,0,0,,
,C:\Users\USER\lpopt_work\kit_frontier\runs\produce_fxyera_r1\produce_run_20260829_103744\master_work\worker_10\222dd2a20cd245d7__MAS_RST.APRQ_10_0615.1-758fe8bd62-822enpc_,nonfinite,,,0,0,,
,C:\Users\USER\lpopt_work\kit_frontier\runs\produce_fxyera_r1\produce_run_20260829_103744\master_work\worker_10\296a51e11c0e738d__MAS_RST.APRQ_11_0576.8-1b222134bf-efatm0cd,nonfinite,,,0,0,,
3a6681817ac129a7,C:\Users\USER\lpopt_work\kit_frontier\runs\produce_fxyera_r1\produce_run_20260829_103744\master_work\worker_10\3a6681817ac129a7__MAS_RST.APRQ_21_0729.4-66950a6eb9-9kzolz4u,final,2.2463,1.8983,27,1,,660.443
,C:\Users\USER\lpopt_work\kit_frontier\runs\produce_fxyera_r1\produce_run_20260829_103744\master_work\worker_10\3df98cee3ae6bebb__MAS_RST.APRQ_21_0712.6-d72ac423d8-hxaaohkn,nonfinite,,,0,0,,
43d999ea685d4b4a,C:\Users\USER\lpopt_work\kit_frontier\runs\produce_fxyera_r1\produce_run_20260829_103744\master_work\worker_10\43d999ea685d4b4a__MAS_RST.APRQ_21_0712.6-41b23167aa-ccc6tsxq,final,1.9185,1.7273,29,1,,725.894
,C:\Users\USER\lpopt_work\kit_frontier\runs\produce_fxyera_r1\produce_run_20260829_103744\master_work\worker_10\441befddaeb28b56__MAS_RST.APRQ_21_0741.2-db3ae10125-ylhy1rbn,nonfinite,,,0,0,,
4d9ac8e526d02a19,C:\Users\USER\lpopt_work\kit_frontier\runs\produce_fxyera_r1\produce_run_20260829_103744\master_work\worker_10\4d9ac8e526d02a19__MAS_RST.APRQ_12_0789.0-515e18d14d-zcmdxax_,final,2.3596,1.9897,31,1,,808.33
4f98b4d5f7e796da,C:\Users\USER\lpopt_work\kit_frontier\runs\produce_fxyera_r1\produce_run_20260829_103744\master_work\worker_10\4f98b4d5f7e796da__MAS_RST.APRQ_21_0712.6-2f7a795067-c2iw_ord,final,2.409,2.1341,28,1,,700.881
,C:\Users\USER\lpopt_work\kit_frontier\runs\produce_fxyera_r1\produce_run_20260829_103744\master_work\worker_10\4fd8c539c82695e4__MAS_RST.APRQ_11_0767.6-42872db881-hi6xycjj,nonfinite,,,0,0,,
536ee63d345a0c76,C:\Users\USER\lpopt_work\kit_frontier\runs\produce_fxyera_r1\produce_run_20260829_103744\master_work\worker_10\536ee63d345a0c76__MAS_RST.APRQ_21_0729.4-54a44f2d80-r59hi2dn,final,2.2346,2.0087,28,1,,716.604
58beb43ec21a1148,C:\Users\USER\lpopt_work\kit_frontier\runs\produce_fxyera_r1\produce_run_20260829_103744\master_work\worker_10\58beb43ec21a1148__MAS_RST.APRQ_19_0796.6-1705aabf1c-2_teeppl,final,2.1171,1.829,31,1,,809.592
59f69c5f05dbb51b,C:\Users\USER\lpopt_work\kit_frontier\runs\produce_fxyera_r1\produce_run_20260829_103744\master_work\worker_10\59f69c5f05dbb51b__MAS_RST.APRQ_11_0725.8-02d2dac552-slgvdxix,final,4.1773,3.527,30,0,above_ceiling,750.615
,C:\Users\USER\lpopt_work\kit_frontier\runs\produce_fxyera_r1\produce_run_20260829_103744\master_work\worker_10\5a371f46650cb894__MAS_RST.APRQ_21_0654.2-9d40ae6e67-fexri2t8,nonfinite,,,0,0,,
,C:\Users\USER\lpopt_work\kit_frontier\runs\produce_fxyera_r1\produce_run_20260829_103744\master_work\worker_10\5b34aeeec0dd8e35__MAS_RST.APRQ_11_0576.8-a514a11847-zcuppgin,nonfinite,,,0,0,,
5bc9220454429286,C:\Users\USER\lpopt_work\kit_frontier\runs\produce_fxyera_r1\produce_run_20260829_103744\master_work\worker_10\5bc9220454429286__MAS_RST.APRQ_11_0705.0-d532e671f5-zjrvcz5l,final,1.9168,1.7131,28,1,,719.103
,C:\Users\USER\lpopt_work\kit_frontier\runs\produce_fxyera_r1\produce_run_20260829_103744\master_work\worker_10\607bcdcfef0d3c72__MAS_RST.APRQ_11_0725.8-be9d94bc63-1fm4ejt8,nonfinite,,,0,0,,
6dab513fa307cef7,C:\Users\USER\lpopt_work\kit_frontier\runs\produce_fxyera_r1\produce_run_20260829_103744\master_work\worker_10\6dab513fa307cef7__MAS_RST.APRQ_21_0712.6-510d295ece-bx9djeov,final,2.3955,2.0412,29,1,,727.477
735606655b761f63,C:\Users\USER\lpopt_work\kit_frontier\runs\produce_fxyera_r1\produce_run_20260829_103744\master_work\worker_10\735606655b761f63__MAS_RST.APRQ_11_0578.2-b151a61560-oq6_y2rf,final,2.2497,1.959,24,1,,587.668
,C:\Users\USER\lpopt_work\kit_frontier\runs\produce_fxyera_r1\produce_run_20260829_103744\master_work\worker_10\788791cde476a7cd__MAS_RST.APRQ_12_0635.6-3e4fb3affc-6o9_zit3,nonfinite,,,0,0,,
,C:\Users\USER\lpopt_work\kit_frontier\runs\produce_fxyera_r1\produce_run_20260829_103744\master_work\worker_10\7bea4590a77e8d58__MAS_RST.APRQ_12_0789.0-9a2cc69d24-02n9tn0a,nonfinite,,,0,0,,
9257497482383bff,C:\Users\USER\lpopt_work\kit_frontier\runs\produce_fxyera_r1\produce_run_20260829_103744\master_work\worker_10\9257497482383bff__MAS_RST.APRQ_10_0615.1-49d398235a-ky8fcuto,final,3.0687,2.6948,25,0,above_ceiling,611.281
958a883ebc0029c0,C:\Users\USER\lpopt_work\kit_frontier\runs\produce_fxyera_r1\produce_run_20260829_103744\master_work\worker_10\958a883ebc0029c0__MAS_RST.APRQ_12_0635.6-71fd995d30-hytz09cv,first_cycle,,,0,0,,
,C:\Users\USER\lpopt_work\kit_frontier\runs\produce_fxyera_r1\produce_run_20260829_103744\master_work\worker_10\958a883ebc0029c0__MAS_RST.APRQ_12_0635.6-95765bf1a6-_t1kh_7n,nonfinite,,,0,0,,
,C:\Users\USER\lpopt_work\kit_frontier\runs\produce_fxyera_r1\produce_run_20260829_103744\master_work\worker_10\a5305d39284b9b34__MAS_RST.APRQ_10_0615.1-4207a97d2d-k6oduk_l,nonfinite,,,0,0,,
a5ed276798512d21,C:\Users\USER\lpopt_work\kit_frontier\runs\produce_fxyera_r1\produce_run_20260829_103744\master_work\worker_10\a5ed276798512d21__MAS_RST.APRQ_11_0725.8-da1c260c21-hh6bue3v,final,2.2468,1.9909,29,1,,735.171
a845329a40a5fad5,C:\Users\USER\lpopt_work\kit_frontier\runs\produce_fxyera_r1\produce_run_20260829_103744\master_work\worker_10\a845329a40a5fad5__MAS_RST.APRQ_10_0615.1-3d90416dd9-54a4sqm7,final,2.4739,2.2714,25,1,,611.004
a926d910c9ef4eba,C:\Users\USER\lpopt_work\kit_frontier\runs\produce_fxyera_r1\produce_run_20260829_103744\master_work\worker_10\a926d910c9ef4eba__MAS_RST.APRQ_10_0615.1-c80d739273-nept5qag,final,2.3535,2.1144,25,1,,623.81
aae47bf405daf5a6,C:\Users\USER\lpopt_work\kit_frontier\runs\produce_fxyera_r1\produce_run_20260829_103744\master_work\worker_10\aae47bf405daf5a6__MAS_RST.APRQ_11_0767.6-bef078f4fb-drfwnrbm,final,3.9981,3.4194,31,0,above_ceiling,784.444
bf2a8838ee4e5033,C:\Users\USER\lpopt_work\kit_frontier\runs\produce_fxyera_r1\produce_run_20260829_103744\master_work\worker_10\bf2a8838ee4e5033__MAS_RST.APRQ_21_0715.1-5aa030cf43-5vq9t_9a,final,2.2444,2.0079,28,1,,713.745
c045b9ef9b141fd7,C:\Users\USER\lpopt_work\kit_frontier\runs\produce_fxyera_r1\produce_run_20260829_103744\master_work\worker_10\c045b9ef9b141fd7__MAS_RST.APRQ_11_0632.5-6aaa75c081-03o1sby6,final,2.3526,2.0849,26,1,,637.949
,C:\Users\USER\lpopt_work\kit_frontier\runs\produce_fxyera_r1\produce_run_20260829_103744\master_work\worker_10\c33d138fb96a5598__MAS_RST.APRQ_21_0712.6-5c67d1f1a7-k078j3nj,nonfinite,,,0,0,,
,C:\Users\USER\lpopt_work\kit_frontier\runs\produce_fxyera_r1\produce_run_20260829_103744\master_work\worker_10\c5ded12b223cf4df__MAS_RST.APRQ_10_0615.1-64df20b325-kxhmjlli,nonfinite,,,0,0,,
c5ded12b223cf4df,C:\Users\USER\lpopt_work\kit_frontier\runs\produce_fxyera_r1\produce_run_20260829_103744\master_work\worker_10\c5ded12b223cf4df__MAS_RST.APRQ_10_0615.1-7d7213467d-msgmiu1d,superseded,,,0,0,,
,C:\Users\USER\lpopt_work\kit_frontier\runs\produce_fxyera_r1\produce_run_20260829_103744\master_work\worker_10\d5bf5fc03662ffdf__MAS_RST.APRQ_11_0722.6-c7fc7fc2d1-tyyt5o7x,nonfinite,,,0,0,,
db94e54ce6b1f8b4,C:\Users\USER\lpopt_work\kit_frontier\runs\produce_fxyera_r1\produce_run_20260829_103744\master_work\worker_10\db94e54ce6b1f8b4__MAS_RST.APRQ_21_0756.5-c8013a8d28-3qow8gbv,final,2.539,2.1362,29,1,,749.084
,C:\Users\USER\lpopt_work\kit_frontier\runs\produce_fxyera_r1\produce_run_20260829_103744\master_work\worker_10\dbe9b4fa825cf1dd__MAS_RST.APRQ_11_0632.5-b35309c01b-3qs_1hq0,nonfinite,,,0,0,,
e0dabc776b8d6563,C:\Users\USER\lpopt_work\kit_frontier\runs\produce_fxyera_r1\produce_run_20260829_103744\master_work\worker_10\e0dabc776b8d6563__MAS_RST.APRQ_11_0740.8-9aeb7d661c-7ozr6jvs,final,4.9224,4.0747,29,0,above_ceiling,722.546
e7f14da520ec06b3,C:\Users\USER\lpopt_work\kit_frontier\runs\produce_fxyera_r1\produce_run_20260829_103744\master_work\worker_10\e7f14da520ec06b3__MAS_RST.APRQ_11_0578.2-de8b87bac0-p5rprocd,final,2.03,1.8441,25,1,,601.088
,C:\Users\USER\lpopt_work\kit_frontier\runs\produce_fxyera_r1\produce_run_20260829_103744\master_work\worker_10\e8378360094fc37e__MAS_RST.APRQ_11_0578.2-96f2b75fd4-91_bs_yq,nonfinite,,,0,0,,
e8ef02dfa7f15fd8,C:\Users\USER\lpopt_work\kit_frontier\runs\produce_fxyera_r1\produce_run_20260829_103744\master_work\worker_10\e8ef02dfa7f15fd8__MAS_RST.APRQ_11_0705.0-147d0af6d6-9x6l7w8r,final,2.5058,2.1476,28,1,,704.655
f0284507dffe523d,C:\Users\USER\lpopt_work\kit_frontier\runs\produce_fxyera_r1\produce_run_20260829_103744\master_work\worker_10\f0284507dffe523d__MAS_RST.APRQ_11_0767.6-c5faa8d15b-siwiwpfr,final,2.11,1.8029,31,1,,803.92
fbcee2e11e3ddaa8,C:\Users\USER\lpopt_work\kit_frontier\runs\produce_fxyera_r1\produce_run_20260829_103744\master_work\worker_10\fbcee2e11e3ddaa8__MAS_RST.APRQ_10_0615.1-8afec931ca-zq1xvdrf,final,2.4204,2.1657,25,1,,612.76
,C:\Users\USER\lpopt_work\kit_frontier\runs\produce_fxyera_r1\produce_run_20260829_103744\master_work\worker_11\0ff9fda5206b7df0__MAS_RST.APRQ_12_0635.6-f2bfc9e22b-f06e__sh,nonfinite,,,0,0,,
15a031f09293364a,C:\Users\USER\lpopt_work\kit_frontier\runs\produce_fxyera_r1\produce_run_20260829_103744\master_work\worker_11\15a031f09293364a__MAS_RST.APRQ_11_0705.0-27ec153998-8tqjtmvh,final,1.8427,1.6377,29,1,,732.312
1c78fafaedf361ea,C:\Users\USER\lpopt_work\kit_frontier\runs\produce_fxyera_r1\produce_run_20260829_103744\master_work\worker_11\1c78fafaedf361ea__MAS_RST.APRQ_21_0741.2-a190b99a4c-i3ov__tq,final,2.669,2.2599,29,1,,731.374
,C:\Users\USER\lpopt_work\kit_frontier\runs\produce_fxyera_r1\produce_run_20260829_103744\master_work\worker_11\1cc3e35006e3d050__MAS_RST.APRQ_10_0615.1-a307bd53ad-agseojrz,nonfinite,,,0,0,,
1e58d36fddce6f8e,C:\Users\USER\lpopt_work\kit_frontier\runs\produce_fxyera_r1\produce_run_20260829_103744\master_work\worker_11\1e58d36fddce6f8e__MAS_RST.APRQ_21_0715.1-f6ac43ec42-l27wmjcg,final,2.7321,2.3116,29,1,,721.195
2b0b2dc66a518499,C:\Users\USER\lpopt_work\kit_frontier\runs\produce_fxyera_r1\produce_run_20260829_103744\master_work\worker_11\2b0b2dc66a518499__MAS_RST.APRQ_21_0729.4-55286d987d-mfye9hf0,final,4.4661,3.7499,28,0,above_ceiling,714.7
2fdd00c3096a788c,C:\Users\USER\lpopt_work\kit_frontier\runs\produce_fxyera_r1\produce_run_20260829_103744\master_work\worker_11\2fdd00c3096a788c__MAS_RST.APRQ_11_0632.5-356e99e396-_b29alg0,final,1.9716,1.813,26,1,,641.494
35c43f3e3c40ae30,C:\Users\USER\lpopt_work\kit_frontier\runs\produce_fxyera_r1\produce_run_20260829_103744\master_work\worker_11\35c43f3e3c40ae30__MAS_RST.APRQ_11_0767.6-667bfc2d6c-om91q31p,final,2.0543,1.7253,31,1,,805.169
4547cbde6729007e,C:\Users\USER\lpopt_work\kit_frontier\runs\produce_fxyera_r1\produce_run_20260829_103744\master_work\worker_11\4547cbde6729007e__MAS_RST.APRQ_21_0729.4-380a3398fd-kgc7ic_s,final,2.3767,1.9978,26,1,,656.282
4deb040973949339,C:\Users\USER\lpopt_work\kit_frontier\runs\produce_fxyera_r1\produce_run_20260829_103744\master_work\worker_11\4deb040973949339__MAS_RST.APRQ_12_0789.0-d958ff0ccb-ivkja8m8,final,2.5506,2.1527,31,1,,803.54
509e7c18139df680,C:\Users\USER\lpopt_work\kit_frontier\runs\produce_fxyera_r1\produce_run_20260829_103744\master_work\worker_11\509e7c18139df680__MAS_RST.APRQ_10_0615.1-43f2814f14-fnbreu1t,final,2.3763,2.1098,25,1,,626.689
,C:\Users\USER\lpopt_work\kit_frontier\runs\produce_fxyera_r1\produce_run_20260829_103744\master_work\worker_11\621045c83a3aca3d__MAS_RST.APRQ_10_0615.1-d2c8db2daa-nbqh8v6k,nonfinite,,,0,0,,
65a39565e5f05f85,C:\Users\USER\lpopt_work\kit_frontier\runs\produce_fxyera_r1\produce_run_20260829_103744\master_work\worker_11\65a39565e5f05f85__MAS_RST.APRQ_11_0767.6-b0d7fe1a48-9lcg1ych,final,2.0092,1.7273,31,1,,794.321
,C:\Users\USER\lpopt_work\kit_frontier\runs\produce_fxyera_r1\produce_run_20260829_103744\master_work\worker_11\6d2aea160dcdc8f6__MAS_RST.APRQ_10_0615.1-a5b889e871-t9hwfqek,nonfinite,,,0,0,,
798b9b1621235ca0,C:\Users\USER\lpopt_work\kit_frontier\runs\produce_fxyera_r1\produce_run_20260829_103744\master_work\worker_11\798b9b1621235ca0__MAS_RST.APRQ_10_0615.1-61b13ae570-w0i0twxc,final,2.2826,1.9928,25,1,,621.014
7fb95cdf0278b810,C:\Users\USER\lpopt_work\kit_frontier\runs\produce_fxyera_r1\produce_run_20260829_103744\master_work\worker_11\7fb95cdf0278b810__MAS_RST.APRQ_21_0712.6-3cfa003ac1-d8sxi5vf,final,2.5483,2.2619,29,1,,730.143
,C:\Users\USER\lpopt_work\kit_frontier\runs\produce_fxyera_r1\produce_run_20260829_103744\master_work\worker_11\866a0e5eb427c3c4__MAS_RST.APRQ_11_0705.0-4f6461a58b-ybp2gmcs,nonfinite,,,0,0,,
8a68c8c02d0f5bc5,C:\Users\USER\lpopt_work\kit_frontier\runs\produce_fxyera_r1\produce_run_20260829_103744\master_work\worker_11\8a68c8c02d0f5bc5__MAS_RST.APRQ_11_0578.2-dbc5077ad1-p3i9m2_w,final,2.2315,1.9868,24,1,,592.883
90f9dc5bdb48ad1c,C:\Users\USER\lpopt_work\kit_frontier\runs\produce_fxyera_r1\produce_run_20260829_103744\master_work\worker_11\90f9dc5bdb48ad1c__MAS_RST.APRQ_11_0740.8-9d4fe1b65a-2rt5l_wl,final,3.0642,2.2677,29,0,above_ceiling,724.757
98e58f3c1b66808e,C:\Users\USER\lpopt_work\kit_frontier\runs\produce_fxyera_r1\produce_run_20260829_103744\master_work\worker_11\98e58f3c1b66808e__MAS_RST.APRQ_11_0632.5-4a470af7a5-1_tj6lm3,final,3.2165,2.8909,26,0,above_ceiling,647.759
,C:\Users\USER\lpopt_work\kit_frontier\runs\produce_fxyera_r1\produce_run_20260829_103744\master_work\worker_11\9ca0f9b9822c0722__MAS_RST.APRQ_10_0615.1-9a14efc201-e629j56m,nonfinite,,,0,0,,
9ca0f9b9822c0722,C:\Users\USER\lpopt_work\kit_frontier\runs\produce_fxyera_r1\produce_run_20260829_103744\master_work\worker_11\9ca0f9b9822c0722__MAS_RST.APRQ_10_0615.1-9d3e3a8fd4-_3ptfzau,superseded,,,0,0,,
a01a574afeda8f09,C:\Users\USER\lpopt_work\kit_frontier\runs\produce_fxyera_r1\produce_run_20260829_103744\master_work\worker_11\a01a574afeda8f09__MAS_RST.APRQ_11_0725.8-b2ae568141-3eh8cvu4,final,3.0651,2.5363,29,0,above_ceiling,745.146
a43cfae72c17e03c,C:\Users\USER\lpopt_work\kit_frontier\runs\produce_fxyera_r1\produce_run_20260829_103744\master_work\worker_11\a43cfae72c17e03c__MAS_RST.APRQ_21_0756.5-c244526dfd-jayagst4,final,2.3446,2.0617,30,1,,759.643
a494d9acf1dcfd14,C:\Users\USER\lpopt_work\kit_frontier\runs\produce_fxyera_r1\produce_run_20260829_103744\master_work\worker_11\a494d9acf1dcfd14__MAS_RST.APRQ_11_0722.6-d4172663ff-3zlzj53z,final,1.9792,1.7435,29,1,,727.983
a4e540c7fbc972ef,C:\Users\USER\lpopt_work\kit_frontier\runs\produce_fxyera_r1\produce_run_20260829_103744\master_work\worker_11\a4e540c7fbc972ef__MAS_RST.APRQ_11_0725.8-f53246b010-r3kc3qxt,final,2.2587,1.8521,29,1,,742.732
a57ff30c8e3a3372,C:\Users\USER\lpopt_work\kit_frontier\runs\produce_fxyera_r1\produce_run_20260829_103744\master_work\worker_11\a57ff30c8e3a3372__MAS_RST.APRQ_11_0767.6-d4db06df17-8c5jg8cu,final,2.4653,2.0581,31,1,,784.364
,C:\Users\USER\lpopt_work\kit_frontier\runs\produce_fxyera_r1\produce_run_20260829_103744\master_work\worker_11\a8c5d7b96fbde72f__MAS_RST.APRQ_19_0796.6-ac99db0945-r7rxt9_k,nonfinite,,,0,0,,
,C:\Users\USER\lpopt_work\kit_frontier\runs\produce_fxyera_r1\produce_run_20260829_103744\master_work\worker_11\ae770c1509be40ea__MAS_RST.APRQ_10_0615.1-e821448fb5-iompux4k,nonfinite,,,0,0,,
,C:\Users\USER\lpopt_work\kit_frontier\runs\produce_fxyera_r1\produce_run_20260829_103744\master_work\worker_11\b361b10addec8c08__MAS_RST.APRQ_12_0635.6-da335080d7-tn4s3blu,nonfinite,,,0,0,,
,C:\Users\USER\lpopt_work\kit_frontier\runs\produce_fxyera_r1\produce_run_20260829_103744\master_work\worker_11\ba3834288717be08__MAS_RST.APRQ_21_0712.6-587adbbb90-k3yrtj6k,nonfinite,,,0,0,,
cdc22b5e97d23229,C:\Users\USER\lpopt_work\kit_frontier\runs\produce_fxyera_r1\produce_run_20260829_103744\master_work\worker_11\cdc22b5e97d23229__MAS_RST.APRQ_11_0576.8-0ff6c81b18-us86cu53,final,3.2947,2.7915,23,0,above_ceiling,560.02
ce2e207da365dfa9,C:\Users\USER\lpopt_work\kit_frontier\runs\produce_fxyera_r1\produce_run_20260829_103744\master_work\worker_11\ce2e207da365dfa9__MAS_RST.APRQ_21_0654.2-d7928000cb-bmxof9fa,final,5.4766,4.6503,26,0,above_ceiling,648.359
d0abf3d1e80889f4,C:\Users\USER\lpopt_work\kit_frontier\runs\produce_fxyera_r1\produce_run_20260829_103744\master_work\worker_11\d0abf3d1e80889f4__MAS_RST.APRQ_12_0789.0-990913c314-7ox5_k0h,final,2.2536,1.8871,31,1,,805.358
dcee799ff06ebac4,C:\Users\USER\lpopt_work\kit_frontier\runs\produce_fxyera_r1\produce_run_20260829_103744\master_work\worker_11\dcee799ff06ebac4__MAS_RST.APRQ_21_0712.6-84c53e8b70-cujgz3a4,final,3.1824,2.6865,28,0,above_ceiling,712.832
dfe89c9b56a368c4,C:\Users\USER\lpopt_work\kit_frontier\runs\produce_fxyera_r1\produce_run_20260829_103744\master_work\worker_11\dfe89c9b56a368c4__MAS_RST.APRQ_21_0712.6-f802bcf6ff-3_01uthm,final,1.8659,1.65,29,1,,734.771
,C:\Users\USER\lpopt_work\kit_frontier\runs\produce_fxyera_r1\produce_run_20260829_103744\master_work\worker_11\e62f3828de063a59__MAS_RST.APRQ_11_0578.2-f44d9aee7c-wqaca42i,nonfinite,,,0,0,,
fae26831de894be9,C:\Users\USER\lpopt_work\kit_frontier\runs\produce_fxyera_r1\produce_run_20260829_103744\master_work\worker_11\fae26831de894be9__MAS_RST.APRQ_11_0725.8-46b9f12ef5-mod2gjxy,final,3.7518,3.1548,29,0,above_ceiling,748.681
fbf55ada795218ef,C:\Users\USER\lpopt_work\kit_frontier\runs\produce_fxyera_r1\produce_run_20260829_103744\master_work\worker_11\fbf55ada795218ef__MAS_RST.APRQ_21_0712.6-48dbd945a0-b5scmxjm,final,2.1901,1.9402,29,1,,720.711
fd7de602e36b6db2,C:\Users\USER\lpopt_work\kit_frontier\runs\produce_fxyera_r1\produce_run_20260829_103744\master_work\worker_11\fd7de602e36b6db2__MAS_RST.APRQ_10_0615.1-c4d7e17bd6-jiq_rt9g,final,2.0499,1.8969,25,1,,618.341
02b3fe50b80e880f,C:\Users\USER\lpopt_work\kit_frontier\runs\produce_fxyera_r1\produce_run_20260829_103744\master_work\worker_12\02b3fe50b80e880f__MAS_RST.APRQ_21_0712.6-17a0851a60-o6c2ly28,final,2.0516,1.6818,29,1,,734.466
0646c7255e82f104,C:\Users\USER\lpopt_work\kit_frontier\runs\produce_fxyera_r1\produce_run_20260829_103744\master_work\worker_12\0646c7255e82f104__MAS_RST.APRQ_21_0712.6-2074927130-ivw4yyue,final,1.7639,1.4784,29,1,,731.347
17b045bfb7be75dd,C:\Users\USER\lpopt_work\kit_frontier\runs\produce_fxyera_r1\produce_run_20260829_103744\master_work\worker_12\17b045bfb7be75dd__MAS_RST.APRQ_12_0789.0-68309e3fdb-4fkx50t0,final,2.4026,2.0316,31,1,,804.15
1b48a228cc82cab3,C:\Users\USER\lpopt_work\kit_frontier\runs\produce_fxyera_r1\produce_run_20260829_103744\master_work\worker_12\1b48a228cc82cab3__MAS_RST.APRQ_21_0654.2-0f1ca18d53-mmmu3mth,final,2.0454,1.789,26,1,,655.892
,C:\Users\USER\lpopt_work\kit_frontier\runs\produce_fxyera_r1\produce_run_20260829_103744\master_work\worker_12\1e6d6cc6b2f4437e__MAS_RST.APRQ_10_0615.1-9f11b879f0-ed7tzwzz,nonfinite,,,0,0,,
37363e6e52309a2f,C:\Users\USER\lpopt_work\kit_frontier\runs\produce_fxyera_r1\produce_run_20260829_103744\master_work\worker_12\37363e6e52309a2f__MAS_RST.APRQ_11_0576.8-2e6ae7cbb9-z7akf2ha,first_cycle,,,0,0,,
,C:\Users\USER\lpopt_work\kit_frontier\runs\produce_fxyera_r1\produce_run_20260829_103744\master_work\worker_12\37363e6e52309a2f__MAS_RST.APRQ_11_0576.8-bdf6386649-46voahra,nonfinite,,,0,0,,
39b8f3465dd4daf5,C:\Users\USER\lpopt_work\kit_frontier\runs\produce_fxyera_r1\produce_run_20260829_103744\master_work\worker_12\39b8f3465dd4daf5__MAS_RST.APRQ_21_0729.4-db4503e570-hziqhe0m,final,2.112,1.8587,27,1,,669.147
478080f9baefaa14,C:\Users\USER\lpopt_work\kit_frontier\runs\produce_fxyera_r1\produce_run_20260829_103744\master_work\worker_12\478080f9baefaa14__MAS_RST.APRQ_11_0767.6-ce13ea1967-d1on5uq1,final,3.6341,3.1138,30,0,above_ceiling,778.601
528bf527338dd33f,C:\Users\USER\lpopt_work\kit_frontier\runs\produce_fxyera_r1\produce_run_20260829_103744\master_work\worker_12\528bf527338dd33f__MAS_RST.APRQ_11_0705.0-2d34c3c2de-6efn9tg5,final,1.9808,1.6539,29,1,,724.658
,C:\Users\USER\lpopt_work\kit_frontier\runs\produce_fxyera_r1\produce_run_20260829_103744\master_work\worker_12\58b4387a9d31042a__MAS_RST.APRQ_11_0578.2-085e701cf4-kyozmsms,nonfinite,,,0,0,,
5dca8a6ac2df153e,C:\Users\USER\lpopt_work\kit_frontier\runs\produce_fxyera_r1\produce_run_20260829_103744\master_work\worker_12\5dca8a6ac2df153e__MAS_RST.APRQ_11_0725.8-766cae6556-536_9b1o,final,2.1296,1.9099,29,1,,745.774
5fe8bb3433cd14d8,C:\Users\USER\lpopt_work\kit_frontier\runs\produce_fxyera_r1\produce_run_20260829_103744\master_work\worker_12\5fe8bb3433cd14d8__MAS_RST.APRQ_10_0615.1-a6645737ce-lvaghhs3,final,2.5151,2.3488,25,1,,614.444
6a49c8df843dacf7,C:\Users\USER\lpopt_work\kit_frontier\runs\produce_fxyera_r1\produce_run_20260829_103744\master_work\worker_12\6a49c8df843dacf7__MAS_RST.APRQ_21_0712.6-f4e2024651-1su6gtre,final,2.52,2.2593,29,1,,722.957
6afba8916342eb07,C:\Users\USER\lpopt_work\kit_frontier\runs\produce_fxyera_r1\produce_run_20260829_103744\master_work\worker_12\6afba8916342eb07__MAS_RST.APRQ_11_0740.8-c1445b8942-25x_r6y_,final,3.5311,2.678,29,0,above_ceiling,726.184
6c1c96d17949cd9b,C:\Users\USER\lpopt_work\kit_frontier\runs\produce_fxyera_r1\produce_run_20260829_103744\master_work\worker_12\6c1c96d17949cd9b__MAS_RST.APRQ_11_0767.6-433514eaf6-t5trwt8t,final,5.1131,4.5269,30,0,above_ceiling,774.464
,C:\Users\USER\lpopt_work\kit_frontier\runs\produce_fxyera_r1\produce_run_20260829_103744\master_work\worker_12\73f41a35ef2b73fb__MAS_RST.APRQ_11_0767.6-d399e77687-30wdjucg,nonfinite,,,0,0,,
7753ca39e950209f,C:\Users\USER\lpopt_work\kit_frontier\runs\produce_fxyera_r1\produce_run_20260829_103744\master_work\worker_12\7753ca39e950209f__MAS_RST.APRQ_19_0796.6-b25c308701-u2jycfwp,final,2.2006,1.8743,31,1,,805.741
86d5d1c9a13a2efa,C:\Users\USER\lpopt_work\kit_frontier\runs\produce_fxyera_r1\produce_run_20260829_103744\master_work\worker_12\86d5d1c9a13a2efa__MAS_RST.APRQ_11_0722.6-9ab457c6c0-mq7o6s2y,final,2.5995,2.1826,28,1,,708.488
,C:\Users\USER\lpopt_work\kit_frontier\runs\produce_fxyera_r1\produce_run_20260829_103744\master_work\worker_12\8e691df4125b9b5b__MAS_RST.APRQ_10_0615.1-d4a9651b7d-ozyc_xri,nonfinite,,,0,0,,
,C:\Users\USER\lpopt_work\kit_frontier\runs\produce_fxyera_r1\produce_run_20260829_103744\master_work\worker_12\8f90a0b9a4720fcc__MAS_RST.APRQ_11_0632.5-019d868ea8-lw6yfnwx,nonfinite,,,0,0,,
9ef81fe6a2552dd7,C:\Users\USER\lpopt_work\kit_frontier\runs\produce_fxyera_r1\produce_run_20260829_103744\master_work\worker_12\9ef81fe6a2552dd7__MAS_RST.APRQ_21_0729.4-516982e3f4-rw_mz0wb,final,1.9009,1.6906,29,1,,730.27
a3f28e7b46544478,C:\Users\USER\lpopt_work\kit_frontier\runs\produce_fxyera_r1\produce_run_20260829_103744\master_work\worker_12\a3f28e7b46544478__MAS_RST.APRQ_12_0635.6-9ca54185e4-rbivcjlf,final,3.6637,2.9207,25,0,above_ceiling,629.79
,C:\Users\USER\lpopt_work\kit_frontier\runs\produce_fxyera_r1\produce_run_20260829_103744\master_work\worker_12\a7485a452bd82131__MAS_RST.APRQ_10_0615.1-841d6b80ef-r52i5w2i,nonfinite,,,0,0,,
,C:\Users\USER\lpopt_work\kit_frontier\runs\produce_fxyera_r1\produce_run_20260829_103744\master_work\worker_12\b77f4b94746d808a__MAS_RST.APRQ_21_0741.2-c63fa81eeb-_deqag4x,nonfinite,,,0,0,,
ba13230999496091,C:\Users\USER\lpopt_work\kit_frontier\runs\produce_fxyera_r1\produce_run_20260829_103744\master_work\worker_12\ba13230999496091__MAS_RST.APRQ_10_0615.1-305d2770ab-licqakz6,final,4.855,4.3224,25,0,above_ceiling,619.144
bd9d5b786f26ffa7,C:\Users\USER\lpopt_work\kit_frontier\runs\produce_fxyera_r1\produce_run_20260829_103744\master_work\worker_12\bd9d5b786f26ffa7__MAS_RST.APRQ_10_0615.1-d69c6b0fea-kj9cb_y7,final,2.116,1.8923,25,1,,607.84
c07528053db093d5,C:\Users\USER\lpopt_work\kit_frontier\runs\produce_fxyera_r1\produce_run_20260829_103744\master_work\worker_12\c07528053db093d5__MAS_RST.APRQ_11_0705.0-7337dfb3b1-kbuqlglg,final,2.5015,2.2365,28,1,,715.746
,C:\Users\USER\lpopt_work\kit_frontier\runs\produce_fxyera_r1\produce_run_20260829_103744\master_work\worker_12\c543cf5baf2f7763__MAS_RST.APRQ_21_0756.5-089d3a34b5-ygbwnejo,nonfinite,,,0,0,,
cb40e783205466a0,C:\Users\USER\lpopt_work\kit_frontier\runs\produce_fxyera_r1\produce_run_20260829_103744\master_work\worker_12\cb40e783205466a0__MAS_RST.APRQ_10_0615.1-d0354e0c5d-lxl8hx49,final,4.5308,4.1546,25,0,above_ceiling,609.724
,C:\Users\USER\lpopt_work\kit_frontier\runs\produce_fxyera_r1\produce_run_20260829_103744\master_work\worker_12\cc3e2ca73505db0d__MAS_RST.APRQ_11_0632.5-b2c0517892-ofw33j0f,nonfinite,,,0,0,,
d38edce275f6ba7f,C:\Users\USER\lpopt_work\kit_frontier\runs\produce_fxyera_r1\produce_run_20260829_103744\master_work\worker_12\d38edce275f6ba7f__MAS_RST.APRQ_21_0712.6-2e407f9a58-fvo0a7ja,final,2.1233,1.8811,28,1,,718.794
,C:\Users\USER\lpopt_work\kit_frontier\runs\produce_fxyera_r1\produce_run_20260829_103744\master_work\worker_12\d7a0ff0380bd9992__MAS_RST.APRQ_11_0725.8-a4e9b20d43-jlglvw2z,nonfinite,,,0,0,,
d9fc42d87114ad18,C:\Users\USER\lpopt_work\kit_frontier\runs\produce_fxyera_r1\produce_run_20260829_103744\master_work\worker_12\d9fc42d87114ad18__MAS_RST.APRQ_21_0712.6-d6b0337fd2-foxxovpt,final,2.7609,2.3333,28,1,,719.028
dbeb10c33f46d6f1,C:\Users\USER\lpopt_work\kit_frontier\runs\produce_fxyera_r1\produce_run_20260829_103744\master_work\worker_12\dbeb10c33f46d6f1__MAS_RST.APRQ_11_0725.8-79d61c9279-551bi6sc,final,2.331,2.0666,29,1,,748.741
e9d941db95fc53f7,C:\Users\USER\lpopt_work\kit_frontier\runs\produce_fxyera_r1\produce_run_20260829_103744\master_work\worker_12\e9d941db95fc53f7__MAS_RST.APRQ_21_0715.1-2b6851bf38-_x2o6l11,final,3.6273,2.9692,28,0,above_ceiling,718.837
,C:\Users\USER\lpopt_work\kit_frontier\runs\produce_fxyera_r1\produce_run_20260829_103744\master_work\worker_12\eba100040d88b811__MAS_RST.APRQ_11_0578.2-4ec6e20426-ec2z5dgw,nonfinite,,,0,0,,
,C:\Users\USER\lpopt_work\kit_frontier\runs\produce_fxyera_r1\produce_run_20260829_103744\master_work\worker_12\fc780ce8d16f97c8__MAS_RST.APRQ_12_0789.0-b4c3e320ca-7qnmo3h8,nonfinite,,,0,0,,
fd706068bd6399bb,C:\Users\USER\lpopt_work\kit_frontier\runs\produce_fxyera_r1\produce_run_20260829_103744\master_work\worker_12\fd706068bd6399bb__MAS_RST.APRQ_12_0635.6-fe9a357204-6i9yh3ug,final,4.1909,3.3886,25,0,above_ceiling,623.58
00798ce8c891e3f4,C:\Users\USER\lpopt_work\kit_frontier\runs\produce_fxyera_r1\produce_run_20260829_103744\master_work\worker_13\00798ce8c891e3f4__MAS_RST.APRQ_11_0740.8-7aedffd382-pmq2wp9d,final,2.3582,2.1071,29,1,,738.928
046059da3f33c4c1,C:\Users\USER\lpopt_work\kit_frontier\runs\produce_fxyera_r1\produce_run_20260829_103744\master_work\worker_13\046059da3f33c4c1__MAS_RST.APRQ_11_0705.0-21a1b6afc1-yzcnl345,final,1.8773,1.6755,29,1,,728.406
,C:\Users\USER\lpopt_work\kit_frontier\runs\produce_fxyera_r1\produce_run_20260829_103744\master_work\worker_13\144751ed119c3fbc__MAS_RST.APRQ_21_0654.2-cc413e32f7-qhnwn6id,nonfinite,,,0,0,,
2165f99b605dda83,C:\Users\USER\lpopt_work\kit_frontier\runs\produce_fxyera_r1\produce_run_20260829_103744\master_work\worker_13\2165f99b605dda83__MAS_RST.APRQ_10_0615.1-06f768a216-ozpa5ced,final,3.4752,3.0049,25,0,above_ceiling,617.071
,C:\Users\USER\lpopt_work\kit_frontier\runs\produce_fxyera_r1\produce_run_20260829_103744\master_work\worker_13\22417126ef3a92cc__MAS_RST.APRQ_10_0615.1-5967e4fa7d-2ucro8mq,nonfinite,,,0,0,,
25379b9b2082a594,C:\Users\USER\lpopt_work\kit_frontier\runs\produce_fxyera_r1\produce_run_20260829_103744\master_work\worker_13\25379b9b2082a594__MAS_RST.APRQ_11_0632.5-770fe2bbfa-euf47cec,final,2.269,2.0434,26,1,,639.854
33ec0c2506654cfd,C:\Users\USER\lpopt_work\kit_frontier\runs\produce_fxyera_r1\produce_run_20260829_103744\master_work\worker_13\33ec0c2506654cfd__MAS_RST.APRQ_21_0741.2-1dbf15b3b6-cd9kez4l,final,3.8584,3.1997,29,0,above_ceiling,741.161
3636b46b9ed8c0a0,C:\Users\USER\lpopt_work\kit_frontier\runs\produce_fxyera_r1\produce_run_20260829_103744\master_work\worker_13\3636b46b9ed8c0a0__MAS_RST.APRQ_21_0715.1-f3a9c12241-0impsbv2,final,2.2441,2.0152,28,1,,709.803
407c4bc79d49665d,C:\Users\USER\lpopt_work\kit_frontier\runs\produce_fxyera_r1\produce_run_20260829_103744\master_work\worker_13\407c4bc79d49665d__MAS_RST.APRQ_11_0578.2-abd6a39ea5-zx9pl2m6,final,2.178,1.9653,24,1,,589.448
4903b3c54ad658bc,C:\Users\USER\lpopt_work\kit_frontier\runs\produce_fxyera_r1\produce_run_20260829_103744\master_work\worker_13\4903b3c54ad658bc__MAS_RST.APRQ_10_0615.1-f766e7d644-0olo3lb7,final,2.4787,2.2268,25,1,,625.759
,C:\Users\USER\lpopt_work\kit_frontier\runs\produce_fxyera_r1\produce_run_20260829_103744\master_work\worker_13\4ab59c91a728580f__MAS_RST.APRQ_11_0578.2-18c9df0bf2-78maae_k,nonfinite,,,0,0,,
4f762892ae118043,C:\Users\USER\lpopt_work\kit_frontier\runs\produce_fxyera_r1\produce_run_20260829_103744\master_work\worker_13\4f762892ae118043__MAS_RST.APRQ_10_0615.1-b47a842002-vp3jee8b,final,4.3106,3.9596,25,0,above_ceiling,602.057
,C:\Users\USER\lpopt_work\kit_frontier\runs\produce_fxyera_r1\produce_run_20260829_103744\master_work\worker_13\51e2c3096c68bfa4__MAS_RST.APRQ_11_0725.8-f11d717aad-jv7z_dm1,nonfinite,,,0,0,,
,C:\Users\USER\lpopt_work\kit_frontier\runs\produce_fxyera_r1\produce_run_20260829_103744\master_work\worker_13\533fd1cbaec0e7c2__MAS_RST.APRQ_12_0635.6-e8893a0de9-ea9sbuer,nonfinite,,,0,0,,
5454d673d26be90b,C:\Users\USER\lpopt_work\kit_frontier\runs\produce_fxyera_r1\produce_run_20260829_103744\master_work\worker_13\5454d673d26be90b__MAS_RST.APRQ_11_0767.6-9b448001ea-j3grwze1,final,4.6783,4.051,31,0,above_ceiling,786.513
552e4e06092c78db,C:\Users\USER\lpopt_work\kit_frontier\runs\produce_fxyera_r1\produce_run_20260829_103744\master_work\worker_13\552e4e06092c78db__MAS_RST.APRQ_12_0789.0-dc21cbdd8b-8oqenjp9,final,2.171,1.7614,31,1,,800.01
,C:\Users\USER\lpopt_work\kit_frontier\runs\produce_fxyera_r1\produce_run_20260829_103744\master_work\worker_13\5be18481205505d9__MAS_RST.APRQ_11_0722.6-7c1578ae16-4sk09w7i,nonfinite,,,0,0,,
6a7db835285dc981,C:\Users\USER\lpopt_work\kit_frontier\runs\produce_fxyera_r1\produce_run_20260829_103744\master_work\worker_13\6a7db835285dc981__MAS_RST.APRQ_21_0712.6-75bed125a1-hzvxa5z4,final,2.5576,2.2848,28,1,,705.314
6c1fd322e3147471,C:\Users\USER\lpopt_work\kit_frontier\runs\produce_fxyera_r1\produce_run_20260829_103744\master_work\worker_13\6c1fd322e3147471__MAS_RST.APRQ_21_0729.4-ad2b719ba7-lq_7xh8u,final,4.7409,3.9735,29,0,above_ceiling,725.029
71d00c3e7e1e14b1,C:\Users\USER\lpopt_work\kit_frontier\runs\produce_fxyera_r1\produce_run_20260829_103744\master_work\worker_13\71d00c3e7e1e14b1__MAS_RST.APRQ_19_0796.6-c07430c74c-_irm8363,final,2.2962,1.9583,31,1,,805.721
760aa53ed187eadb,C:\Users\USER\lpopt_work\kit_frontier\runs\produce_fxyera_r1\produce_run_20260829_103744\master_work\worker_13\760aa53ed187eadb__MAS_RST.APRQ_11_0767.6-026fc99e6c-e23cso6p,final,3.9867,3.453,30,0,above_ceiling,767.592
,C:\Users\USER\lpopt_work\kit_frontier\runs\produce_fxyera_r1\produce_run_20260829_103744\master_work\worker_13\77899950771539d2__MAS_RST.APRQ_11_0705.0-fc38e6bd21-hh4f1vvc,nonfinite,,,0,0,,
796f709a4df36855,C:\Users\USER\lpopt_work\kit_frontier\runs\produce_fxyera_r1\produce_run_20260829_103744\master_work\worker_13\796f709a4df36855__MAS_RST.APRQ_11_0632.5-e2efdefa18-47incx7e,final,2.0523,1.8192,26,1,,645.758
7c16c8b95a12d98b,C:\Users\USER\lpopt_work\kit_frontier\runs\produce_fxyera_r1\produce_run_20260829_103744\master_work\worker_13\7c16c8b95a12d98b__MAS_RST.APRQ_11_0767.6-7d07f3bab0-zynfxboa,final,2.1755,1.8682,31,1,,805.24
,C:\Users\USER\lpopt_work\kit_frontier\runs\produce_fxyera_r1\produce_run_20260829_103744\master_work\worker_13\8715f3e2bf09c4cc__MAS_RST.APRQ_11_0725.8-3b97529c02-axvod9mm,nonfinite,,,0,0,,
90a5a6761aa06bb3,C:\Users\USER\lpopt_work\kit_frontier\runs\produce_fxyera_r1\produce_run_20260829_103744\master_work\worker_13\90a5a6761aa06bb3__MAS_RST.APRQ_21_0729.4-15f36b0538-u2j2oj0k,final,2.4671,2.1018,26,1,,657.08
,C:\Users\USER\lpopt_work\kit_frontier\runs\produce_fxyera_r1\produce_run_20260829_103744\master_work\worker_13\9356a3406b94e878__MAS_RST.APRQ_21_0712.6-d8d86f84fd-7_d8ta58,nonfinite,,,0,0,,
b8dfacf1b2e40e07,C:\Users\USER\lpopt_work\kit_frontier\runs\produce_fxyera_r1\produce_run_20260829_103744\master_work\worker_13\b8dfacf1b2e40e07__MAS_RST.APRQ_12_0635.6-17176c6c25-05erl991,final,2.9643,2.518,25,1,,616.722
bb2c663aad330230,C:\Users\USER\lpopt_work\kit_frontier\runs\produce_fxyera_r1\produce_run_20260829_103744\master_work\worker_13\bb2c663aad330230__MAS_RST.APRQ_12_0789.0-0fb6c55028-ik6t_937,final,4.2298,3.5609,31,0,above_ceiling,804.273
bd1c464b67063fce,C:\Users\USER\lpopt_work\kit_frontier\runs\produce_fxyera_r1\produce_run_20260829_103744\master_work\worker_13\bd1c464b67063fce__MAS_RST.APRQ_21_0712.6-99dc515da7-69soi9vc,final,2.267,2.0536,28,1,,717.085
c9aaa2924c05f3e6,C:\Users\USER\lpopt_work\kit_frontier\runs\produce_fxyera_r1\produce_run_20260829_103744\master_work\worker_13\c9aaa2924c05f3e6__MAS_RST.APRQ_21_0712.6-ea23247d1f-t72h6c9b,final,1.7836,1.5791,28,1,,712.702
cf930db3d30082a0,C:\Users\USER\lpopt_work\kit_frontier\runs\produce_fxyera_r1\produce_run_20260829_103744\master_work\worker_13\cf930db3d30082a0__MAS_RST.APRQ_11_0576.8-2e1e6af22a-lzuajou9,final,4.8971,4.3679,24,0,above_ceiling,571.229
d05d792229608525,C:\Users\USER\lpopt_work\kit_frontier\runs\produce_fxyera_r1\produce_run_20260829_103744\master_work\worker_13\d05d792229608525__MAS_RST.APRQ_10_0615.1-1118d2c171-8ahv0pxb,final,3.654,3.2689,25,0,above_ceiling,624.937
,C:\Users\USER\lpopt_work\kit_frontier\runs\produce_fxyera_r1\produce_run_20260829_103744\master_work\worker_13\d27898baa540e3ef__MAS_RST.APRQ_10_0615.1-c1eea57084-ifn6n8w1,nonfinite,,,0,0,,
d2d15b1de7d132b4,C:\Users\USER\lpopt_work\kit_frontier\runs\produce_fxyera_r1\produce_run_20260829_103744\master_work\worker_13\d2d15b1de7d132b4__MAS_RST.APRQ_21_0756.5-f38359989d-1xi3qeww,final,2.452,2.112,30,1,,757.907
d5ac06f54b3bdb09,C:\Users\USER\lpopt_work\kit_frontier\runs\produce_fxyera_r1\produce_run_20260829_103744\master_work\worker_13\d5ac06f54b3bdb09__MAS_RST.APRQ_11_0725.8-81c4821b0d-swcr0c3s,final,2.477,2.2246,29,1,,739.929
df582ace91dd1d7f,C:\Users\USER\lpopt_work\kit_frontier\runs\produce_fxyera_r1\produce_run_20260829_103744\master_work\worker_13\df582ace91dd1d7f__MAS_RST.APRQ_10_0615.1-6f0895af95-x7tk7rdk,final,2.2766,2.0422,25,1,,621.731
f0d7ea52a3277cc5,C:\Users\USER\lpopt_work\kit_frontier\runs\produce_fxyera_r1\produce_run_20260829_103744\master_work\worker_13\f0d7ea52a3277cc5__MAS_RST.APRQ_21_0712.6-07b80651ee-2a2e2r8x,final,2.3791,2.0139,29,1,,725.911
05c56172c70159dc,C:\Users\USER\lpopt_work\kit_frontier\runs\produce_fxyera_r1\produce_run_20260829_103744\master_work\worker_14\05c56172c70159dc__MAS_RST.APRQ_21_0741.2-924e9a2772-nu1oy2zl,final,2.449,2.0714,29,1,,737.961
19e139babda20f89,C:\Users\USER\lpopt_work\kit_frontier\runs\produce_fxyera_r1\produce_run_20260829_103744\master_work\worker_14\19e139babda20f89__MAS_RST.APRQ_11_0632.5-489e3cd6cc-kev8uokp,final,2.2699,2.0354,26,1,,631.207
24094acb43264ea9,C:\Users\USER\lpopt_work\kit_frontier\runs\produce_fxyera_r1\produce_run_20260829_103744\master_work\worker_14\24094acb43264ea9__MAS_RST.APRQ_11_0578.2-e90f732e56-jqibzccb,final,2.1135,1.9253,24,1,,591.995
24fa8a0e8b3dccea,C:\Users\USER\lpopt_work\kit_frontier\runs\produce_fxyera_r1\produce_run_20260829_103744\master_work\worker_14\24fa8a0e8b3dccea__MAS_RST.APRQ_21_0712.6-de5c9db09b-ry_a_max,final,2.4414,2.0015,29,1,,721.253
2770463b6287df96,C:\Users\USER\lpopt_work\kit_frontier\runs\produce_fxyera_r1\produce_run_20260829_103744\master_work\worker_14\2770463b6287df96__MAS_RST.APRQ_21_0715.1-24e9ffb11f-7dyy3_x8,final,2.0556,1.828,28,1,,712.438
2abfe455c31a1855,C:\Users\USER\lpopt_work\kit_frontier\runs\produce_fxyera_r1\produce_run_20260829_103744\master_work\worker_14\2abfe455c31a1855__MAS_RST.APRQ_12_0789.0-0996c5846f-j2t19u0y,final,2.6723,2.1744,31,1,,798.276
,C:\Users\USER\lpopt_work\kit_frontier\runs\produce_fxyera_r1\produce_run_20260829_103744\master_work\worker_14\30518f2785fefdd2__MAS_RST.APRQ_21_0712.6-678e8c2a95-uqwgtu4t,nonfinite,,,0,0,,
3819833ba93dd10d,C:\Users\USER\lpopt_work\kit_frontier\runs\produce_fxyera_r1\produce_run_20260829_103744\master_work\worker_14\3819833ba93dd10d__MAS_RST.APRQ_10_0615.1-6eeed594f8-dn4mssh9,final,2.2602,2.0564,25,1,,622.633
3b970c1f23663825,C:\Users\USER\lpopt_work\kit_frontier\runs\produce_fxyera_r1\produce_run_20260829_103744\master_work\worker_14\3b970c1f23663825__MAS_RST.APRQ_11_0705.0-f72d562eee-vsuslozi,final,3.9331,3.5298,28,0,above_ceiling,718.925
4c76317b2eac0681,C:\Users\USER\lpopt_work\kit_frontier\runs\produce_fxyera_r1\produce_run_20260829_103744\master_work\worker_14\4c76317b2eac0681__MAS_RST.APRQ_21_0756.5-a221f5ab2e-evlp0pzq,final,2.5112,2.2121,30,1,,760.698
50341e6fba4680b0,C:\Users\USER\lpopt_work\kit_frontier\runs\produce_fxyera_r1\produce_run_20260829_103744\master_work\worker_14\50341e6fba4680b0__MAS_RST.APRQ_12_0635.6-60a42c532c-x7z7kzrr,final,2.3363,1.9402,25,1,,620.56
52b950a8ac2f1ad3,C:\Users\USER\lpopt_work\kit_frontier\runs\produce_fxyera_r1\produce_run_20260829_103744\master_work\worker_14\52b950a8ac2f1ad3__MAS_RST.APRQ_11_0725.8-8c782f065b-pqfkoqsy,final,5.34,4.5213,29,0,above_ceiling,747.15
56295eb3e2fd2f6f,C:\Users\USER\lpopt_work\kit_frontier\runs\produce_fxyera_r1\produce_run_20260829_103744\master_work\worker_14\56295eb3e2fd2f6f__MAS_RST.APRQ_21_0712.6-3264d2cca0-4whrlsp0,final,2.1214,1.8852,29,1,,721.788
,C:\Users\USER\lpopt_work\kit_frontier\runs\produce_fxyera_r1\produce_run_20260829_103744\master_work\worker_14\585db793604df58b__MAS_RST.APRQ_19_0796.6-ae7a1fa2de-tga0nt6l,nonfinite,,,0,0,,
,C:\Users\USER\lpopt_work\kit_frontier\runs\produce_fxyera_r1\produce_run_20260829_103744\master_work\worker_14\58a9409cdb304395__MAS_RST.APRQ_11_0705.0-0c1e67cbe7-murim3xe,nonfinite,,,0,0,,
,C:\Users\USER\lpopt_work\kit_frontier\runs\produce_fxyera_r1\produce_run_20260829_103744\master_work\worker_14\5f03e468f7aebf8d__MAS_RST.APRQ_10_0615.1-800b453b71-812aagyj,nonfinite,,,0,0,,
608e0d810571cf66,C:\Users\USER\lpopt_work\kit_frontier\runs\produce_fxyera_r1\produce_run_20260829_103744\master_work\worker_14\608e0d810571cf66__MAS_RST.APRQ_11_0767.6-bcaa67fb07-z0tc8s23,final,2.5102,2.1367,30,1,,776.049
6d8ea924d906b393,C:\Users\USER\lpopt_work\kit_frontier\runs\produce_fxyera_r1\produce_run_20260829_103744\master_work\worker_14\6d8ea924d906b393__MAS_RST.APRQ_12_0789.0-58b8da331d-xdkuuceo,final,3.5693,2.962,31,0,above_ceiling,798.833
7e2dad0f68de4e04,C:\Users\USER\lpopt_work\kit_frontier\runs\produce_fxyera_r1\produce_run_20260829_103744\master_work\worker_14\7e2dad0f68de4e04__MAS_RST.APRQ_11_0632.5-4ef2620e91-qjy_hzck,final,2.0711,1.8588,26,1,,644.477
844dcaf19852c974,C:\Users\USER\lpopt_work\kit_frontier\runs\produce_fxyera_r1\produce_run_20260829_103744\master_work\worker_14\844dcaf19852c974__MAS_RST.APRQ_21_0654.2-e0353bc580-gliigqx6,final,2.4427,2.1278,26,1,,659.717
85436dc94a99ed8a,C:\Users\USER\lpopt_work\kit_frontier\runs\produce_fxyera_r1\produce_run_20260829_103744\master_work\worker_14\85436dc94a99ed8a__MAS_RST.APRQ_11_0767.6-24efbf3eac-6kmjwpkw,final,2.7512,2.3379,31,1,,788.335
,C:\Users\USER\lpopt_work\kit_frontier\runs\produce_fxyera_r1\produce_run_20260829_103744\master_work\worker_14\9adc3a70f273e820__MAS_RST.APRQ_10_0615.1-183e268afc-z7j27vgt,nonfinite,,,0,0,,
a542f027477a6527,C:\Users\USER\lpopt_work\kit_frontier\runs\produce_fxyera_r1\produce_run_20260829_103744\master_work\worker_14\a542f027477a6527__MAS_RST.APRQ_10_0615.1-f8d31727d1-fn6smt2b,final,2.2034,2.0355,25,1,,625.34
b6f807bc36c3a89d,C:\Users\USER\lpopt_work\kit_frontier\runs\produce_fxyera_r1\produce_run_20260829_103744\master_work\worker_14\b6f807bc36c3a89d__MAS_RST.APRQ_21_0712.6-0153d740eb-dam7hmof,final,2.2582,1.8972,28,1,,716.285
ba52b4fa813714a3,C:\Users\USER\lpopt_work\kit_frontier\runs\produce_fxyera_r1\produce_run_20260829_103744\master_work\worker_14\ba52b4fa813714a3__MAS_RST.APRQ_21_0729.4-291c1a0ef7-_4sg4yic,final,2.298,2.0506,27,1,,676.015
c3abb670299f2d58,C:\Users\USER\lpopt_work\kit_frontier\runs\produce_fxyera_r1\produce_run_20260829_103744\master_work\worker_14\c3abb670299f2d58__MAS_RST.APRQ_11_0767.6-c5e9aa3bca-5gtao2mi,final,3.9797,3.442,31,0,above_ceiling,790.021
cacfc0b7963c2909,C:\Users\USER\lpopt_work\kit_frontier\runs\produce_fxyera_r1\produce_run_20260829_103744\master_work\worker_14\cacfc0b7963c2909__MAS_RST.APRQ_11_0740.8-004479e3fd-c7vors4u,final,2.5601,2.1549,29,1,,738.327
,C:\Users\USER\lpopt_work\kit_frontier\runs\produce_fxyera_r1\produce_run_20260829_103744\master_work\worker_14\d26b9803b14ac926__MAS_RST.APRQ_12_0635.6-bf963d2ae7-xuu6pk2k,nonfinite,,,0,0,,
d724b9f292dc1597,C:\Users\USER\lpopt_work\kit_frontier\runs\produce_fxyera_r1\produce_run_20260829_103744\master_work\worker_14\d724b9f292dc1597__MAS_RST.APRQ_10_0615.1-51c8541189-9iwlysr9,final,3.5481,3.0836,25,0,above_ceiling,622.838
db74a6d746358b0a,C:\Users\USER\lpopt_work\kit_frontier\runs\produce_fxyera_r1\produce_run_20260829_103744\master_work\worker_14\db74a6d746358b0a__MAS_RST.APRQ_10_0615.1-15db25e008-kqkkffkq,final,3.6766,3.2113,26,0,above_ceiling,633.394
dbd13fed8f3350c8,C:\Users\USER\lpopt_work\kit_frontier\runs\produce_fxyera_r1\produce_run_20260829_103744\master_work\worker_14\dbd13fed8f3350c8__MAS_RST.APRQ_21_0712.6-385374e1ec-5ih8n1bl,final,1.909,1.612,29,1,,722.089
de02a519fb7fdfb4,C:\Users\USER\lpopt_work\kit_frontier\runs\produce_fxyera_r1\produce_run_20260829_103744\master_work\worker_14\de02a519fb7fdfb4__MAS_RST.APRQ_11_0725.8-0d70a28fd6-wm0r1d2x,final,2.2236,1.9095,29,1,,742.216
e01959de940e1327,C:\Users\USER\lpopt_work\kit_frontier\runs\produce_fxyera_r1\produce_run_20260829_103744\master_work\worker_14\e01959de940e1327__MAS_RST.APRQ_11_0578.2-c6d70e9c15-af4g9rbt,final,2.4871,2.1758,24,1,,591.737
e0ef5e97a2014a0a,C:\Users\USER\lpopt_work\kit_frontier\runs\produce_fxyera_r1\produce_run_20260829_103744\master_work\worker_14\e0ef5e97a2014a0a__MAS_RST.APRQ_11_0576.8-cd2482e591-g4jnn2pd,final,1.9706,1.7603,23,1,,569.703
,C:\Users\USER\lpopt_work\kit_frontier\runs\produce_fxyera_r1\produce_run_20260829_103744\master_work\worker_14\e1f350b479f45626__MAS_RST.APRQ_11_0722.6-11f2cf9290-6b629ns2,nonfinite,,,0,0,,
ec3ef6f8e1b87695,C:\Users\USER\lpopt_work\kit_frontier\runs\produce_fxyera_r1\produce_run_20260829_103744\master_work\worker_14\ec3ef6f8e1b87695__MAS_RST.APRQ_21_0729.4-83adae8dcf-0r5fodgz,final,2.3286,2.0928,29,1,,725.664
ec6bfb680facc7eb,C:\Users\USER\lpopt_work\kit_frontier\runs\produce_fxyera_r1\produce_run_20260829_103744\master_work\worker_14\ec6bfb680facc7eb__MAS_RST.APRQ_11_0725.8-42eb38b186-c8imbutt,final,2.4593,2.0688,30,1,,761.681
f339ee6bc934a536,C:\Users\USER\lpopt_work\kit_frontier\runs\produce_fxyera_r1\produce_run_20260829_103744\master_work\worker_14\f339ee6bc934a536__MAS_RST.APRQ_10_0615.1-0009b2705b-8nnwv4m5,final,2.336,2.1288,25,1,,621.035
05462099f53fa0bc,C:\Users\USER\lpopt_work\kit_frontier\runs\produce_fxyera_r1\produce_run_20260829_103744\master_work\worker_15\05462099f53fa0bc__MAS_RST.APRQ_10_0615.1-087e86e0f0-qj23e2r8,final,4.6962,4.16,23,0,above_ceiling,566.9
0ba4ce1900c15247,C:\Users\USER\lpopt_work\kit_frontier\runs\produce_fxyera_r1\produce_run_20260829_103744\master_work\worker_15\0ba4ce1900c15247__MAS_RST.APRQ_11_0705.0-25714ae493-x6g9mz6c,final,2.3994,2.1226,28,1,,718.898
11d589341c6b4a3c,C:\Users\USER\lpopt_work\kit_frontier\runs\produce_fxyera_r1\produce_run_20260829_103744\master_work\worker_15\11d589341c6b4a3c__MAS_RST.APRQ_11_0632.5-46a7f27d18-5hmzquxb,final,2.0395,1.8083,26,1,,643.95
148bb13e8953a447,C:\Users\USER\lpopt_work\kit_frontier\runs\produce_fxyera_r1\produce_run_20260829_103744\master_work\worker_15\148bb13e8953a447__MAS_RST.APRQ_11_0578.2-64979ae8b1-nievsqcs,final,2.0215,1.7994,24,1,,597.641
1ebe1e07e04105c9,C:\Users\USER\lpopt_work\kit_frontier\runs\produce_fxyera_r1\produce_run_20260829_103744\master_work\worker_15\1ebe1e07e04105c9__MAS_RST.APRQ_11_0722.6-07df6b8c77-ngye4tik,final,2.3734,1.9545,28,1,,706.944
1edfa0b25d0baeba,C:\Users\USER\lpopt_work\kit_frontier\runs\produce_fxyera_r1\produce_run_20260829_103744\master_work\worker_15\1edfa0b25d0baeba__MAS_RST.APRQ_21_0729.4-812ad57dca-vipdi6zk,final,2.149,1.8809,29,1,,725.935
,C:\Users\USER\lpopt_work\kit_frontier\runs\produce_fxyera_r1\produce_run_20260829_103744\master_work\worker_15\1f628241dc543ce4__MAS_RST.APRQ_11_0725.8-a8555625b0-l898goin,nonfinite,,,0,0,,
27350b9f3733b82b,C:\Users\USER\lpopt_work\kit_frontier\runs\produce_fxyera_r1\produce_run_20260829_103744\master_work\worker_15\27350b9f3733b82b__MAS_RST.APRQ_12_0789.0-20f7176dc3-cpl5r4on,final,3.8075,3.1118,31,0,above_ceiling,793.037
2803bb1438b3ca30,C:\Users\USER\lpopt_work\kit_frontier\runs\produce_fxyera_r1\produce_run_20260829_103744\master_work\worker_15\2803bb1438b3ca30__MAS_RST.APRQ_10_0615.1-4f5a3eb1b9-y_m29l8v,final,1.9807,1.7313,25,1,,619.955
2b36a10151b443b4,C:\Users\USER\lpopt_work\kit_frontier\runs\produce_fxyera_r1\produce_run_20260829_103744\master_work\worker_15\2b36a10151b443b4__MAS_RST.APRQ_10_0615.1-2571f3bc2c-24tavpez,final,2.1983,1.9845,25,1,,620.08
2ea5aa7ffa975d4f,C:\Users\USER\lpopt_work\kit_frontier\runs\produce_fxyera_r1\produce_run_20260829_103744\master_work\worker_15\2ea5aa7ffa975d4f__MAS_RST.APRQ_11_0767.6-00494d1184-edmw41ft,final,3.5144,3.0469,31,0,above_ceiling,799.418
,C:\Users\USER\lpopt_work\kit_frontier\runs\produce_fxyera_r1\produce_run_20260829_103744\master_work\worker_15\4e740276e86f2d6d__MAS_RST.APRQ_21_0741.2-ac99077605-27g0qko3,nonfinite,,,0,0,,
51c8c596cfeb8b28,C:\Users\USER\lpopt_work\kit_frontier\runs\produce_fxyera_r1\produce_run_20260829_103744\master_work\worker_15\51c8c596cfeb8b28__MAS_RST.APRQ_12_0635.6-470163a162-9il8jlbp,final,2.3775,2.0747,26,1,,630.232
5349cfd0fd36d771,C:\Users\USER\lpopt_work\kit_frontier\runs\produce_fxyera_r1\produce_run_20260829_103744\master_work\worker_15\5349cfd0fd36d771__MAS_RST.APRQ_11_0740.8-ca7371ed2e-k4ppgmb2,final,2.4458,2.0622,29,1,,738.862
5e5a4c31feae5d80,C:\Users\USER\lpopt_work\kit_frontier\runs\produce_fxyera_r1\produce_run_20260829_103744\master_work\worker_15\5e5a4c31feae5d80__MAS_RST.APRQ_21_0715.1-c55b943d58-d1kbik7t,final,2.2158,1.9755,28,1,,707.949
702692374c27fbfb,C:\Users\USER\lpopt_work\kit_frontier\runs\produce_fxyera_r1\produce_run_20260829_103744\master_work\worker_15\702692374c27fbfb__MAS_RST.APRQ_12_0635.6-370a50253f-pkhp0_wc,final,2.6149,2.2447,25,1,,607.02
798236d5f7a1d7c0,C:\Users\USER\lpopt_work\kit_frontier\runs\produce_fxyera_r1\produce_run_20260829_103744\master_work\worker_15\798236d5f7a1d7c0__MAS_RST.APRQ_12_0789.0-5d4f7549e0-wienqijh,final,2.1303,1.8008,31,1,,800.644
7aa8f2ed1cab03dd,C:\Users\USER\lpopt_work\kit_frontier\runs\produce_fxyera_r1\produce_run_20260829_103744\master_work\worker_15\7aa8f2ed1cab03dd__MAS_RST.APRQ_11_0725.8-8a6991a240-5xuc_ctg,final,2.2228,1.9612,30,1,,757.082
7ab881a4d67df05a,C:\Users\USER\lpopt_work\kit_frontier\runs\produce_fxyera_r1\produce_run_20260829_103744\master_work\worker_15\7ab881a4d67df05a__MAS_RST.APRQ_21_0712.6-67f1597329-7uz3bl23,final,3.3357,2.7281,28,0,above_ceiling,707.427
,C:\Users\USER\lpopt_work\kit_frontier\runs\produce_fxyera_r1\produce_run_20260829_103744\master_work\worker_15\7c7941839b61e17f__MAS_RST.APRQ_10_0615.1-897bf35c6a-pnsc6yt1,nonfinite,,,0,0,,
7dde63338df09572,C:\Users\USER\lpopt_work\kit_frontier\runs\produce_fxyera_r1\produce_run_20260829_103744\master_work\worker_15\7dde63338df09572__MAS_RST.APRQ_11_0767.6-9db4f0aac1-m5kbx7wh,final,5.2866,4.6053,30,0,above_ceiling,771.416
87f7874c35870014,C:\Users\USER\lpopt_work\kit_frontier\runs\produce_fxyera_r1\produce_run_20260829_103744\master_work\worker_15\87f7874c35870014__MAS_RST.APRQ_10_0615.1-78d46172cd-g6dmoh74,final,3.8327,3.226,25,0,above_ceiling,611.121
,C:\Users\USER\lpopt_work\kit_frontier\runs\produce_fxyera_r1\produce_run_20260829_103744\master_work\worker_15\89f9e1a30f2fdc0a__MAS_RST.APRQ_10_0615.1-31e98c34f3-bcuv59_q,nonfinite,,,0,0,,
8c480dcc0167127b,C:\Users\USER\lpopt_work\kit_frontier\runs\produce_fxyera_r1\produce_run_20260829_103744\master_work\worker_15\8c480dcc0167127b__MAS_RST.APRQ_21_0712.6-16a1ca2ba7-whyb0mi4,final,2.2077,1.9492,29,1,,730.844
,C:\Users\USER\lpopt_work\kit_frontier\runs\produce_fxyera_r1\produce_run_20260829_103744\master_work\worker_15\8cbef1da39d27c69__MAS_RST.APRQ_11_0632.5-be342ccd09-dynm2koy,nonfinite,,,0,0,,
9ce0b16e68896dad,C:\Users\USER\lpopt_work\kit_frontier\runs\produce_fxyera_r1\produce_run_20260829_103744\master_work\worker_15\9ce0b16e68896dad__MAS_RST.APRQ_21_0654.2-41977364ff-znm0ift5,final,2.4017,2.0007,27,1,,662.869
a9e3409ff59b34f5,C:\Users\USER\lpopt_work\kit_frontier\runs\produce_fxyera_r1\produce_run_20260829_103744\master_work\worker_15\a9e3409ff59b34f5__MAS_RST.APRQ_11_0576.8-a92052ab43-wiibn8b5,final,2.4855,2.2912,24,1,,570.533
acd3ea6d8ba1b9b7,C:\Users\USER\lpopt_work\kit_frontier\runs\produce_fxyera_r1\produce_run_20260829_103744\master_work\worker_15\acd3ea6d8ba1b9b7__MAS_RST.APRQ_11_0725.8-6a8b353fa9-p5eloi5y,final,3.8761,3.2669,29,0,above_ceiling,748.551
,C:\Users\USER\lpopt_work\kit_frontier\runs\produce_fxyera_r1\produce_run_20260829_103744\master_work\worker_15\ad2974e055ca71cd__MAS_RST.APRQ_11_0705.0-d7d2500658-pattfgtn,nonfinite,,,0,0,,
,C:\Users\USER\lpopt_work\kit_frontier\runs\produce_fxyera_r1\produce_run_20260829_103744\master_work\worker_15\b197a393b8646717__MAS_RST.APRQ_10_0615.1-70f6d03eb4-e5ynrrkk,nonfinite,,,0,0,,
b269b69b713ae818,C:\Users\USER\lpopt_work\kit_frontier\runs\produce_fxyera_r1\produce_run_20260829_103744\master_work\worker_15\b269b69b713ae818__MAS_RST.APRQ_21_0729.4-4a22fcd4d4-1ihc5zw8,final,2.0475,1.7303,27,1,,669.071
c34094d3476e77f6,C:\Users\USER\lpopt_work\kit_frontier\runs\produce_fxyera_r1\produce_run_20260829_103744\master_work\worker_15\c34094d3476e77f6__MAS_RST.APRQ_21_0712.6-37aec2ccaf-lzkt5nts,final,2.127,1.9039,29,1,,725.083
c4da22a411c08d1f,C:\Users\USER\lpopt_work\kit_frontier\runs\produce_fxyera_r1\produce_run_20260829_103744\master_work\worker_15\c4da22a411c08d1f__MAS_RST.APRQ_21_0756.5-1753b02aa9-og7d19ng,final,2.135,1.9132,30,1,,759.928
cf09e515cdef8fe9,C:\Users\USER\lpopt_work\kit_frontier\runs\produce_fxyera_r1\produce_run_20260829_103744\master_work\worker_15\cf09e515cdef8fe9__MAS_RST.APRQ_11_0767.6-e55cf1f988-bwcr9l31,final,2.3128,1.9584,30,1,,774.954
d1386510808b5715,C:\Users\USER\lpopt_work\kit_frontier\runs\produce_fxyera_r1\produce_run_20260829_103744\master_work\worker_15\d1386510808b5715__MAS_RST.APRQ_11_0578.2-2d531b5dc3-kxgsgb3u,final,2.991,2.6224,24,1,,596.223
,C:\Users\USER\lpopt_work\kit_frontier\runs\produce_fxyera_r1\produce_run_20260829_103744\master_work\worker_15\d878e6665091d25d__MAS_RST.APRQ_21_0712.6-19fd7be94c-pnas4xsp,nonfinite,,,0,0,,
e5d14c6b910bbaad,C:\Users\USER\lpopt_work\kit_frontier\runs\produce_fxyera_r1\produce_run_20260829_103744\master_work\worker_15\e5d14c6b910bbaad__MAS_RST.APRQ_19_0796.6-ed59ea9e4f-ivr0g155,final,3.3159,2.8791,31,0,above_ceiling,793.005
f2782614b2707ebd,C:\Users\USER\lpopt_work\kit_frontier\runs\produce_fxyera_r1\produce_run_20260829_103744\master_work\worker_15\f2782614b2707ebd__MAS_RST.APRQ_21_0712.6-44b9760cb8-ni66ixjr,final,2.2236,1.9451,28,1,,716.977
,C:\Users\USER\lpopt_work\kit_frontier\runs\produce_fxyera_r1\produce_run_20260829_103744\master_work\worker_16\094bb9355268d6b3__MAS_RST.APRQ_11_0705.0-fb98a42eb7-1u6p1zpd,nonfinite,,,0,0,,
,C:\Users\USER\lpopt_work\kit_frontier\runs\produce_fxyera_r1\produce_run_20260829_103744\master_work\worker_16\0b1a18b52313929c__MAS_RST.APRQ_12_0789.0-8385de6c86-8xcni00v,nonfinite,,,0,0,,
12cabd2a5a437b8e,C:\Users\USER\lpopt_work\kit_frontier\runs\produce_fxyera_r1\produce_run_20260829_103744\master_work\worker_16\12cabd2a5a437b8e__MAS_RST.APRQ_11_0722.6-31c9cf54e7-2rp8jr4r,final,2.1194,1.9031,28,1,,719.074
1a2d7f0632d20078,C:\Users\USER\lpopt_work\kit_frontier\runs\produce_fxyera_r1\produce_run_20260829_103744\master_work\worker_16\1a2d7f0632d20078__MAS_RST.APRQ_11_0767.6-4fa5ace64e-1c6d7g7y,final,2.6776,2.2959,31,1,,783.354
1abc40fd20fe00d0,C:\Users\USER\lpopt_work\kit_frontier\runs\produce_fxyera_r1\produce_run_20260829_103744\master_work\worker_16\1abc40fd20fe00d0__MAS_RST.APRQ_11_0740.8-5c6243d838-9rfwd644,final,4.0121,3.3249,29,0,above_ceiling,734.224
,C:\Users\USER\lpopt_work\kit_frontier\runs\produce_fxyera_r1\produce_run_20260829_103744\master_work\worker_16\1d29db39a3fcdd41__MAS_RST.APRQ_10_0615.1-0d9f9a907f-s9c2l5y2,nonfinite,,,0,0,,
,C:\Users\USER\lpopt_work\kit_frontier\runs\produce_fxyera_r1\produce_run_20260829_103744\master_work\worker_16\298b8d3ac96b7e39__MAS_RST.APRQ_21_0715.1-78a98ff7ed-zg79mlcw,nonfinite,,,0,0,,
29bbdb72836d3c1f,C:\Users\USER\lpopt_work\kit_frontier\runs\produce_fxyera_r1\produce_run_20260829_103744\master_work\worker_16\29bbdb72836d3c1f__MAS_RST.APRQ_21_0729.4-a1f5080a47-3s0zzg26,final,2.5306,2.2795,29,1,,731.482
,C:\Users\USER\lpopt_work\kit_frontier\runs\produce_fxyera_r1\produce_run_20260829_103744\master_work\worker_16\34d913488bcf63ca__MAS_RST.APRQ_12_0789.0-775fec9d11-4b2omcs4,nonfinite,,,0,0,,
35b0d222cac8fde2,C:\Users\USER\lpopt_work\kit_frontier\runs\produce_fxyera_r1\produce_run_20260829_103744\master_work\worker_16\35b0d222cac8fde2__MAS_RST.APRQ_10_0615.1-f69544d72e-msxqxrst,final,3.3677,2.9387,25,0,above_ceiling,622.398
48557c2d37536929,C:\Users\USER\lpopt_work\kit_frontier\runs\produce_fxyera_r1\produce_run_20260829_103744\master_work\worker_16\48557c2d37536929__MAS_RST.APRQ_11_0725.8-88f16e23e9-9i5tfkus,final,2.2483,1.9123,29,1,,742.855
5460c4898349047b,C:\Users\USER\lpopt_work\kit_frontier\runs\produce_fxyera_r1\produce_run_20260829_103744\master_work\worker_16\5460c4898349047b__MAS_RST.APRQ_21_0712.6-537774cd32-bv9a7d8v,final,4.5629,4.1376,28,0,above_ceiling,719.276
55dafd4008025c96,C:\Users\USER\lpopt_work\kit_frontier\runs\produce_fxyera_r1\produce_run_20260829_103744\master_work\worker_16\55dafd4008025c96__MAS_RST.APRQ_21_0712.6-755b92705e-2v5gkk2w,final,2.0636,1.708,28,1,,718.575
590b55e858c13c51,C:\Users\USER\lpopt_work\kit_frontier\runs\produce_fxyera_r1\produce_run_20260829_103744\master_work\worker_16\590b55e858c13c51__MAS_RST.APRQ_10_0615.1-23f2d2af32-hpvqztok,final,2.168,1.9266,25,1,,615.392
5bc893a367d41172,C:\Users\USER\lpopt_work\kit_frontier\runs\produce_fxyera_r1\produce_run_20260829_103744\master_work\worker_16\5bc893a367d41172__MAS_RST.APRQ_11_0705.0-0c517866f5-yygy464w,final,2.4391,2.152,29,1,,741.499
62ef0240857bec88,C:\Users\USER\lpopt_work\kit_frontier\runs\produce_fxyera_r1\produce_run_20260829_103744\master_work\worker_16\62ef0240857bec88__MAS_RST.APRQ_21_0756.5-df0e228a88-r34kxn09,final,4.1294,3.476,30,0,above_ceiling,756.67
6ec180d48a9f213e,C:\Users\USER\lpopt_work\kit_frontier\runs\produce_fxyera_r1\produce_run_20260829_103744\master_work\worker_16\6ec180d48a9f213e__MAS_RST.APRQ_21_0654.2-7bbd80baf6-3hzdp2jn,final,3.9409,3.1889,26,0,above_ceiling,650.185
6ed675e807010ca9,C:\Users\USER\lpopt_work\kit_frontier\runs\produce_fxyera_r1\produce_run_20260829_103744\master_work\worker_16\6ed675e807010ca9__MAS_RST.APRQ_11_0576.8-25bef54404-yot34o2y,final,3.6338,3.1343,24,0,above_ceiling,571.099
71391f5998d84d3e,C:\Users\USER\lpopt_work\kit_frontier\runs\produce_fxyera_r1\produce_run_20260829_103744\master_work\worker_16\71391f5998d84d3e__MAS_RST.APRQ_11_0725.8-1b8cec3567-4yxopn6v,final,4.3948,3.6915,29,0,above_ceiling,749.441
78cac7bcf3de21ac,C:\Users\USER\lpopt_work\kit_frontier\runs\produce_fxyera_r1\produce_run_20260829_103744\master_work\worker_16\78cac7bcf3de21ac__MAS_RST.APRQ_19_0796.6-57a4ad9a46-ylawscx4,final,5.1453,4.4378,31,0,above_ceiling,802.421
7c946c3c52681f69,C:\Users\USER\lpopt_work\kit_frontier\runs\produce_fxyera_r1\produce_run_20260829_103744\master_work\worker_16\7c946c3c52681f69__MAS_RST.APRQ_10_0615.1-711e19de20-21bs9kaq,final,2.9757,2.3378,25,1,,622.181
834fef14e5f9c2b6,C:\Users\USER\lpopt_work\kit_frontier\runs\produce_fxyera_r1\produce_run_20260829_103744\master_work\worker_16\834fef14e5f9c2b6__MAS_RST.APRQ_21_0741.2-3f136c109a-41n7lcfk,final,3.3913,2.4155,29,0,above_ceiling,734.469
83b4aa6076c01dd7,C:\Users\USER\lpopt_work\kit_frontier\runs\produce_fxyera_r1\produce_run_20260829_103744\master_work\worker_16\83b4aa6076c01dd7__MAS_RST.APRQ_10_0615.1-176a23aa75-a3zlmyrw,final,2.6106,2.3785,24,1,,574.729
,C:\Users\USER\lpopt_work\kit_frontier\runs\produce_fxyera_r1\produce_run_20260829_103744\master_work\worker_16\89767aa0c9527827__MAS_RST.APRQ_21_0712.6-711ccf8d7c-yvl4s7mx,nonfinite,,,0,0,,
,C:\Users\USER\lpopt_work\kit_frontier\runs\produce_fxyera_r1\produce_run_20260829_103744\master_work\worker_16\8d8e2aeaf11d2ba6__MAS_RST.APRQ_12_0635.6-46ce8eec7a-3tnorv1d,nonfinite,,,0,0,,
,C:\Users\USER\lpopt_work\kit_frontier\runs\produce_fxyera_r1\produce_run_20260829_103744\master_work\worker_16\93d436a8dfddd51f__MAS_RST.APRQ_11_0632.5-b1c7ebd6fa-0u1q6a05,nonfinite,,,0,0,,
9a17c84a8ea67948,C:\Users\USER\lpopt_work\kit_frontier\runs\produce_fxyera_r1\produce_run_20260829_103744\master_work\worker_16\9a17c84a8ea67948__MAS_RST.APRQ_11_0725.8-15e07fa8db-zynpcjb4,final,2.4412,2.053,30,1,,757.126
adaf2af1665bd5af,C:\Users\USER\lpopt_work\kit_frontier\runs\produce_fxyera_r1\produce_run_20260829_103744\master_work\worker_16\adaf2af1665bd5af__MAS_RST.APRQ_11_0632.5-722d17dce8-zlsij3n4,final,2.4779,2.2223,26,1,,648.296
,C:\Users\USER\lpopt_work\kit_frontier\runs\produce_fxyera_r1\produce_run_20260829_103744\master_work\worker_16\b4c583a7a5bdca9f__MAS_RST.APRQ_11_0578.2-4af6928e79-1zevuh5i,nonfinite,,,0,0,,
be3d89ea7fa0d58d,C:\Users\USER\lpopt_work\kit_frontier\runs\produce_fxyera_r1\produce_run_20260829_103744\master_work\worker_16\be3d89ea7fa0d58d__MAS_RST.APRQ_11_0767.6-09a3a8bcdf-wttf6v5r,final,2.149,1.7673,31,1,,798.349
c878a3f29941b3de,C:\Users\USER\lpopt_work\kit_frontier\runs\produce_fxyera_r1\produce_run_20260829_103744\master_work\worker_16\c878a3f29941b3de__MAS_RST.APRQ_10_0615.1-d6a7ab651b-yc8gmfbc,final,3.5556,3.0832,25,0,above_ceiling,616.787
,C:\Users\USER\lpopt_work\kit_frontier\runs\produce_fxyera_r1\produce_run_20260829_103744\master_work\worker_16\d06c22184baeee93__MAS_RST.APRQ_21_0712.6-74dfea8a05-mmlz9mym,nonfinite,,,0,0,,
,C:\Users\USER\lpopt_work\kit_frontier\runs\produce_fxyera_r1\produce_run_20260829_103744\master_work\worker_16\d7f44d90dfeae44e__MAS_RST.APRQ_11_0578.2-7ab496556a-g682q1e9,nonfinite,,,0,0,,
e1706ee3e4924f8b,C:\Users\USER\lpopt_work\kit_frontier\runs\produce_fxyera_r1\produce_run_20260829_103744\master_work\worker_16\e1706ee3e4924f8b__MAS_RST.APRQ_10_0615.1-da9a36a57c-733yvxmv,final,3.4971,2.9792,26,0,above_ceiling,633.434
f6b5b08a46d00c87,C:\Users\USER\lpopt_work\kit_frontier\runs\produce_fxyera_r1\produce_run_20260829_103744\master_work\worker_16\f6b5b08a46d00c87__MAS_RST.APRQ_11_0767.6-adf75bf152-nt86_u47,final,2.5422,2.1665,31,1,,783.524
f88a31f88aa660ff,C:\Users\USER\lpopt_work\kit_frontier\runs\produce_fxyera_r1\produce_run_20260829_103744\master_work\worker_16\f88a31f88aa660ff__MAS_RST.APRQ_21_0729.4-7046a673f0-5vnk1_bn,final,1.9118,1.6349,27,1,,660.544
f9b5fd5dc81b9a9a,C:\Users\USER\lpopt_work\kit_frontier\runs\produce_fxyera_r1\produce_run_20260829_103744\master_work\worker_16\f9b5fd5dc81b9a9a__MAS_RST.APRQ_21_0712.6-1ec324d727-t6unm8xh,final,1.7786,1.4899,29,1,,726.077
fd3121f0db714333,C:\Users\USER\lpopt_work\kit_frontier\runs\produce_fxyera_r1\produce_run_20260829_103744\master_work\worker_16\fd3121f0db714333__MAS_RST.APRQ_12_0635.6-b8f72e01f4-zwgbgwta,final,3.8724,3.2679,25,0,above_ceiling,600.965
0b6683c7e391097d,C:\Users\USER\lpopt_work\kit_frontier\runs\produce_fxyera_r1\produce_run_20260829_103744\master_work\worker_17\0b6683c7e391097d__MAS_RST.APRQ_12_0789.0-3aa2a6b802-9zchas4_,final,4.3161,3.6769,31,0,above_ceiling,799.885
0e194b6363951ce8,C:\Users\USER\lpopt_work\kit_frontier\runs\produce_fxyera_r1\produce_run_20260829_103744\master_work\worker_17\0e194b6363951ce8__MAS_RST.APRQ_10_0615.1-de5bd56469-t00t1thd,final,3.8677,3.4385,25,0,above_ceiling,611.816
,C:\Users\USER\lpopt_work\kit_frontier\runs\produce_fxyera_r1\produce_run_20260829_103744\master_work\worker_17\1a736a680817112d__MAS_RST.APRQ_21_0712.6-31bd0525b4-ccrw2dkk,nonfinite,,,0,0,,
1b8de954772bed2c,C:\Users\USER\lpopt_work\kit_frontier\runs\produce_fxyera_r1\produce_run_20260829_103744\master_work\worker_17\1b8de954772bed2c__MAS_RST.APRQ_11_0632.5-389db185b7-5w100jky,final,2.8832,2.3608,26,1,,643.548
,C:\Users\USER\lpopt_work\kit_frontier\runs\produce_fxyera_r1\produce_run_20260829_103744\master_work\worker_17\22945c6a07ea7264__MAS_RST.APRQ_10_0615.1-34835d4d64-39qpf9y9,nonfinite,,,0,0,,
25a8500027b375e1,C:\Users\USER\lpopt_work\kit_frontier\runs\produce_fxyera_r1\produce_run_20260829_103744\master_work\worker_17\25a8500027b375e1__MAS_RST.APRQ_11_0576.8-07841586ca-wmb5i3vt,final,2.4952,2.1903,23,1,,562.25
2a0fc6a7701748ee,C:\Users\USER\lpopt_work\kit_frontier\runs\produce_fxyera_r1\produce_run_20260829_103744\master_work\worker_17\2a0fc6a7701748ee__MAS_RST.APRQ_21_0741.2-77123dac69-lthpv3ee,final,2.6974,2.423,29,1,,740.434
2d63055c8ccac6b4,C:\Users\USER\lpopt_work\kit_frontier\runs\produce_fxyera_r1\produce_run_20260829_103744\master_work\worker_17\2d63055c8ccac6b4__MAS_RST.APRQ_11_0767.6-595c5d405d-_pz5t997,final,2.6101,2.1483,31,1,,804.589
2f7b79d5befb2ecb,C:\Users\USER\lpopt_work\kit_frontier\runs\produce_fxyera_r1\produce_run_20260829_103744\master_work\worker_17\2f7b79d5befb2ecb__MAS_RST.APRQ_21_0712.6-0bd4b65a73-zdc6j4fo,final,2.4137,2.1662,29,1,,728.382
2f9add33f7eba21a,C:\Users\USER\lpopt_work\kit_frontier\runs\produce_fxyera_r1\produce_run_20260829_103744\master_work\worker_17\2f9add33f7eba21a__MAS_RST.APRQ_10_0615.1-c665f13274-i4kari9u,final,1.9346,1.7059,25,1,,618.77
,C:\Users\USER\lpopt_work\kit_frontier\runs\produce_fxyera_r1\produce_run_20260829_103744\master_work\worker_17\3b7868ac05f6b7fb__MAS_RST.APRQ_11_0722.6-8bae506b9c-31x3zn75,nonfinite,,,0,0,,
5db3e7f941781fb9,C:\Users\USER\lpopt_work\kit_frontier\runs\produce_fxyera_r1\produce_run_20260829_103744\master_work\worker_17\5db3e7f941781fb9__MAS_RST.APRQ_19_0796.6-d007a28f29-yoj3138o,final,2.5063,2.1091,31,1,,806.118
6021acd067ce7df4,C:\Users\USER\lpopt_work\kit_frontier\runs\produce_fxyera_r1\produce_run_20260829_103744\master_work\worker_17\6021acd067ce7df4__MAS_RST.APRQ_11_0578.2-a7ed00150a-dg31qsjz,final,2.1475,1.9538,24,1,,594.221
,C:\Users\USER\lpopt_work\kit_frontier\runs\produce_fxyera_r1\produce_run_20260829_103744\master_work\worker_17\64823782f3c6fada__MAS_RST.APRQ_10_0615.1-d59ba56e45-b0lbnpz3,nonfinite,,,0,0,,
,C:\Users\USER\lpopt_work\kit_frontier\runs\produce_fxyera_r1\produce_run_20260829_103744\master_work\worker_17\77cfec104591dc25__MAS_RST.APRQ_21_0715.1-fa1e7bfe13-tgtg6_tm,nonfinite,,,0,0,,
81bc30a360a413cd,C:\Users\USER\lpopt_work\kit_frontier\runs\produce_fxyera_r1\produce_run_20260829_103744\master_work\worker_17\81bc30a360a413cd__MAS_RST.APRQ_21_0729.4-34a9850c17-kh_egcb5,final,2.092,1.8385,29,1,,729.684
86bebaf14019e0f0,C:\Users\USER\lpopt_work\kit_frontier\runs\produce_fxyera_r1\produce_run_20260829_103744\master_work\worker_17\86bebaf14019e0f0__MAS_RST.APRQ_12_0789.0-8dd96e59bb-if84si23,final,2.2654,1.89,31,1,,805.46
897928af34a2c8f0,C:\Users\USER\lpopt_work\kit_frontier\runs\produce_fxyera_r1\produce_run_20260829_103744\master_work\worker_17\897928af34a2c8f0__MAS_RST.APRQ_10_0615.1-cf592d30b0-40xy3n9m,final,2.808,2.5214,25,1,,606.961
8ca9d7e2894b6d85,C:\Users\USER\lpopt_work\kit_frontier\runs\produce_fxyera_r1\produce_run_20260829_103744\master_work\worker_17\8ca9d7e2894b6d85__MAS_RST.APRQ_11_0725.8-20a2b20f8b-0ypw8bhm,final,2.1581,1.7938,30,1,,750.905
98aa5c7f6b74d0c8,C:\Users\USER\lpopt_work\kit_frontier\runs\produce_fxyera_r1\produce_run_20260829_103744\master_work\worker_17\98aa5c7f6b74d0c8__MAS_RST.APRQ_21_0756.5-29fb7776ac-qv627yqf,final,2.3433,1.9484,30,1,,750.509
98b4b61b7046d198,C:\Users\USER\lpopt_work\kit_frontier\runs\produce_fxyera_r1\produce_run_20260829_103744\master_work\worker_17\98b4b61b7046d198__MAS_RST.APRQ_21_0729.4-6295bb7d03-zmytlpig,final,3.3303,2.7552,26,0,above_ceiling,631.224
99938f28a7d07738,C:\Users\USER\lpopt_work\kit_frontier\runs\produce_fxyera_r1\produce_run_20260829_103744\master_work\worker_17\99938f28a7d07738__MAS_RST.APRQ_11_0767.6-83ec18ba8a-ii0kcll5,final,3.5146,3.0969,31,0,above_ceiling,784.851
a55a124231407988,C:\Users\USER\lpopt_work\kit_frontier\runs\produce_fxyera_r1\produce_run_20260829_103744\master_work\worker_17\a55a124231407988__MAS_RST.APRQ_10_0615.1-21d4cef596-z023dqph,final,2.0271,1.7979,25,1,,619.293
b203877746f28713,C:\Users\USER\lpopt_work\kit_frontier\runs\produce_fxyera_r1\produce_run_20260829_103744\master_work\worker_17\b203877746f28713__MAS_RST.APRQ_11_0705.0-cbfe2e9f3d-9al90s4o,final,2.4475,2.0656,28,1,,713.628
b30a38c522b62980,C:\Users\USER\lpopt_work\kit_frontier\runs\produce_fxyera_r1\produce_run_20260829_103744\master_work\worker_17\b30a38c522b62980__MAS_RST.APRQ_12_0635.6-c07485e6f0-7eztasc8,final,2.7574,2.2927,25,1,,619.048
,C:\Users\USER\lpopt_work\kit_frontier\runs\produce_fxyera_r1\produce_run_20260829_103744\master_work\worker_17\b8b611fa3a701ff2__MAS_RST.APRQ_21_0712.6-f62e374139-mgdwo3dv,nonfinite,,,0,0,,
bc4cca52dbf3e781,C:\Users\USER\lpopt_work\kit_frontier\runs\produce_fxyera_r1\produce_run_20260829_103744\master_work\worker_17\bc4cca52dbf3e781__MAS_RST.APRQ_21_0712.6-75088958c8-rwltrivh,final,1.8129,1.5934,29,1,,728.135
c1065ddcbc35ec5d,C:\Users\USER\lpopt_work\kit_frontier\runs\produce_fxyera_r1\produce_run_20260829_103744\master_work\worker_17\c1065ddcbc35ec5d__MAS_RST.APRQ_11_0705.0-3c757c73a3-kphb8li4,final,2.1955,1.831,29,1,,731.066
,C:\Users\USER\lpopt_work\kit_frontier\runs\produce_fxyera_r1\produce_run_20260829_103744\master_work\worker_17\c6977b4ebd6396d6__MAS_RST.APRQ_11_0578.2-ab294ae44a-v2cuun55,nonfinite,,,0,0,,
c6eb77b3c233b963,C:\Users\USER\lpopt_work\kit_frontier\runs\produce_fxyera_r1\produce_run_20260829_103744\master_work\worker_17\c6eb77b3c233b963__MAS_RST.APRQ_10_0615.1-2955ee96e3-y1u5hc6v,final,2.4378,2.1775,23,1,,560.089
cc059b1d8e6b5d3d,C:\Users\USER\lpopt_work\kit_frontier\runs\produce_fxyera_r1\produce_run_20260829_103744\master_work\worker_17\cc059b1d8e6b5d3d__MAS_RST.APRQ_21_0712.6-a9be0e050e-04sri9qj,final,2.6548,2.3792,29,1,,721.561
,C:\Users\USER\lpopt_work\kit_frontier\runs\produce_fxyera_r1\produce_run_20260829_103744\master_work\worker_17\dd0ed0135adf5b68__MAS_RST.APRQ_11_0632.5-6f5d6a857f-slh5gndw,nonfinite,,,0,0,,
e0dfff917a3bdf56,C:\Users\USER\lpopt_work\kit_frontier\runs\produce_fxyera_r1\produce_run_20260829_103744\master_work\worker_17\e0dfff917a3bdf56__MAS_RST.APRQ_11_0740.8-7e4bf7ed29-a4o3kh4x,final,3.14,2.3129,29,0,above_ceiling,738.767
e338ef6ec7bd4600,C:\Users\USER\lpopt_work\kit_frontier\runs\produce_fxyera_r1\produce_run_20260829_103744\master_work\worker_17\e338ef6ec7bd4600__MAS_RST.APRQ_11_0725.8-89a9caf218-1ht4lg9p,final,2.2754,1.8729,30,1,,752.256
f0cdec6d44fc0673,C:\Users\USER\lpopt_work\kit_frontier\runs\produce_fxyera_r1\produce_run_20260829_103744\master_work\worker_17\f0cdec6d44fc0673__MAS_RST.APRQ_12_0635.6-47ae38c480-l9ilg3z5,final,3.6738,2.9283,25,0,above_ceiling,614.269
fac5cb892d686f64,C:\Users\USER\lpopt_work\kit_frontier\runs\produce_fxyera_r1\produce_run_20260829_103744\master_work\worker_17\fac5cb892d686f64__MAS_RST.APRQ_11_0725.8-b5be21190a-gobluxew,final,2.449,2.1603,30,1,,752.338
faff136d5daecef5,C:\Users\USER\lpopt_work\kit_frontier\runs\produce_fxyera_r1\produce_run_20260829_103744\master_work\worker_17\faff136d5daecef5__MAS_RST.APRQ_11_0767.6-6bf0a7d197-0ox4_dfy,final,2.2735,1.9764,31,1,,780.774
,C:\Users\USER\lpopt_work\kit_frontier\runs\produce_fxyera_r1\produce_run_20260829_103744\master_work\worker_18\0262aa6d70bdfedf__MAS_RST.APRQ_11_0578.2-47756e0c56-ep32tfjn,nonfinite,,,0,0,,
0c771da7dbde298e,C:\Users\USER\lpopt_work\kit_frontier\runs\produce_fxyera_r1\produce_run_20260829_103744\master_work\worker_18\0c771da7dbde298e__MAS_RST.APRQ_21_0729.4-362b4d123b-njssu10w,final,1.9791,1.7408,29,1,,728.476
0d4321ca77f9b0d9,C:\Users\USER\lpopt_work\kit_frontier\runs\produce_fxyera_r1\produce_run_20260829_103744\master_work\worker_18\0d4321ca77f9b0d9__MAS_RST.APRQ_11_0767.6-c421e5f3ae-wnice4s5,final,2.5278,2.1715,31,1,,782.383
1618e74732072dd3,C:\Users\USER\lpopt_work\kit_frontier\runs\produce_fxyera_r1\produce_run_20260829_103744\master_work\worker_18\1618e74732072dd3__MAS_RST.APRQ_11_0632.5-45a61eb5bd-6kv7_hvx,final,2.1969,1.9878,26,1,,645.091
1e897a3466014cc4,C:\Users\USER\lpopt_work\kit_frontier\runs\produce_fxyera_r1\produce_run_20260829_103744\master_work\worker_18\1e897a3466014cc4__MAS_RST.APRQ_10_0615.1-ddf76aaa41-bn378j6_,final,2.4604,2.204,25,1,,614.087
,C:\Users\USER\lpopt_work\kit_frontier\runs\produce_fxyera_r1\produce_run_20260829_103744\master_work\worker_18\28c3a5e7c6bdfcd4__MAS_RST.APRQ_11_0722.6-790bbf2c47-uplfdges,nonfinite,,,0,0,,
2d73caedd49415fe,C:\Users\USER\lpopt_work\kit_frontier\runs\produce_fxyera_r1\produce_run_20260829_103744\master_work\worker_18\2d73caedd49415fe__MAS_RST.APRQ_11_0725.8-c3536afb01-5fxiqcf9,final,2.6678,2.2479,29,1,,740.878
33e56b2350c7e4c6,C:\Users\USER\lpopt_work\kit_frontier\runs\produce_fxyera_r1\produce_run_20260829_103744\master_work\worker_18\33e56b2350c7e4c6__MAS_RST.APRQ_11_0740.8-c8f4ae4e3e-3zezxlkp,final,2.2459,1.8536,29,1,,729.868
441caabe488eb95b,C:\Users\USER\lpopt_work\kit_frontier\runs\produce_fxyera_r1\produce_run_20260829_103744\master_work\worker_18\441caabe488eb95b__MAS_RST.APRQ_21_0712.6-185f780e8b-n478udpy,final,2.1486,1.8771,29,1,,723.748
,C:\Users\USER\lpopt_work\kit_frontier\runs\produce_fxyera_r1\produce_run_20260829_103744\master_work\worker_18\4a66ac2b60a96b2d__MAS_RST.APRQ_10_0615.1-256978e27a-oo72kt0h,nonfinite,,,0,0,,
4b5ee8a8c49433f0,C:\Users\USER\lpopt_work\kit_frontier\runs\produce_fxyera_r1\produce_run_20260829_103744\master_work\worker_18\4b5ee8a8c49433f0__MAS_RST.APRQ_12_0635.6-7f373cadce-7y8ne7wd,final,2.5462,2.1218,25,1,,613.689
5be67fcbf7f7b254,C:\Users\USER\lpopt_work\kit_frontier\runs\produce_fxyera_r1\produce_run_20260829_103744\master_work\worker_18\5be67fcbf7f7b254__MAS_RST.APRQ_21_0715.1-2aadf41f35-rf4q2otq,final,3.3424,2.5377,28,0,above_ceiling,700.912
5e687f306a20df23,C:\Users\USER\lpopt_work\kit_frontier\runs\produce_fxyera_r1\produce_run_20260829_103744\master_work\worker_18\5e687f306a20df23__MAS_RST.APRQ_11_0725.8-f03ead7e58-ivv4rgn2,final,2.3944,1.9876,29,1,,735.041
628d47811e373b22,C:\Users\USER\lpopt_work\kit_frontier\runs\produce_fxyera_r1\produce_run_20260829_103744\master_work\worker_18\628d47811e373b22__MAS_RST.APRQ_11_0767.6-c3299ab915-bm3fwyyt,final,2.5784,2.1465,30,1,,779.151
6da5730249d6abc1,C:\Users\USER\lpopt_work\kit_frontier\runs\produce_fxyera_r1\produce_run_20260829_103744\master_work\worker_18\6da5730249d6abc1__MAS_RST.APRQ_21_0741.2-e705454b2b-6se6482q,final,2.5712,2.1529,29,1,,729.771
7a6d85197e28d7ab,C:\Users\USER\lpopt_work\kit_frontier\runs\produce_fxyera_r1\produce_run_20260829_103744\master_work\worker_18\7a6d85197e28d7ab__MAS_RST.APRQ_21_0756.5-ba752ba207-5lxw0tg1,final,2.2458,1.9588,29,1,,747.462
86dfdc8c00319fdd,C:\Users\USER\lpopt_work\kit_frontier\runs\produce_fxyera_r1\produce_run_20260829_103744\master_work\worker_18\86dfdc8c00319fdd__MAS_RST.APRQ_10_0615.1-5e3033b01e-027jf8o_,final,2.0671,1.8822,25,1,,618.91
872287c1816b8821,C:\Users\USER\lpopt_work\kit_frontier\runs\produce_fxyera_r1\produce_run_20260829_103744\master_work\worker_18\872287c1816b8821__MAS_RST.APRQ_21_0712.6-c5cca5edde-mdrriefc,final,1.8024,1.5993,29,1,,727.885
9014aee59d01ef3a,C:\Users\USER\lpopt_work\kit_frontier\runs\produce_fxyera_r1\produce_run_20260829_103744\master_work\worker_18\9014aee59d01ef3a__MAS_RST.APRQ_11_0705.0-99552d1038-piwhjcgy,final,2.0075,1.7745,29,1,,729.855
9a6663d7bb623a30,C:\Users\USER\lpopt_work\kit_frontier\runs\produce_fxyera_r1\produce_run_20260829_103744\master_work\worker_18\9a6663d7bb623a30__MAS_RST.APRQ_12_0635.6-d1b166e6c5-0ihr5pl7,final,5.236,4.3982,25,0,above_ceiling,607.077
a4408b4859ffde32,C:\Users\USER\lpopt_work\kit_frontier\runs\produce_fxyera_r1\produce_run_20260829_103744\master_work\worker_18\a4408b4859ffde32__MAS_RST.APRQ_10_0615.1-cf2da9f923-uw6qc94z,final,3.2542,2.8437,25,0,above_ceiling,617.804
b36b3784ec654bba,C:\Users\USER\lpopt_work\kit_frontier\runs\produce_fxyera_r1\produce_run_20260829_103744\master_work\worker_18\b36b3784ec654bba__MAS_RST.APRQ_10_0615.1-6de2328bf0-6z183uxj,final,4.5941,3.9419,23,0,above_ceiling,553.086
b927c635d44e56e9,C:\Users\USER\lpopt_work\kit_frontier\runs\produce_fxyera_r1\produce_run_20260829_103744\master_work\worker_18\b927c635d44e56e9__MAS_RST.APRQ_11_0705.0-978de082ca-3a9c0a6o,final,3.3541,2.8245,28,0,above_ceiling,698.256
bd7f60ece7a0487c,C:\Users\USER\lpopt_work\kit_frontier\runs\produce_fxyera_r1\produce_run_20260829_103744\master_work\worker_18\bd7f60ece7a0487c__MAS_RST.APRQ_12_0789.0-48d10325dc-wigi7h6i,final,4.9297,4.19,31,0,above_ceiling,801.496
bdc44696b8bda9c8,C:\Users\USER\lpopt_work\kit_frontier\runs\produce_fxyera_r1\produce_run_20260829_103744\master_work\worker_18\bdc44696b8bda9c8__MAS_RST.APRQ_21_0729.4-d675c10cb0-1v0dpcr1,final,2.0104,1.7353,27,1,,661.283
ca93369daa138182,C:\Users\USER\lpopt_work\kit_frontier\runs\produce_fxyera_r1\produce_run_20260829_103744\master_work\worker_18\ca93369daa138182__MAS_RST.APRQ_12_0789.0-19db46ae34-tcwy_qow,final,2.1386,1.7838,31,1,,800.898
cfa18da6e2916c59,C:\Users\USER\lpopt_work\kit_frontier\runs\produce_fxyera_r1\produce_run_20260829_103744\master_work\worker_18\cfa18da6e2916c59__MAS_RST.APRQ_10_0615.1-24951fd84f-ilywi401,final,4.5881,4.0737,25,0,above_ceiling,619.928
,C:\Users\USER\lpopt_work\kit_frontier\runs\produce_fxyera_r1\produce_run_20260829_103744\master_work\worker_18\d14f9ee0f471407f__MAS_RST.APRQ_21_0712.6-f714cfb300-el3cwfk_,nonfinite,,,0,0,,
,C:\Users\USER\lpopt_work\kit_frontier\runs\produce_fxyera_r1\produce_run_20260829_103744\master_work\worker_18\d8171d10e0b5f421__MAS_RST.APRQ_21_0712.6-529724a10c-1t7cvoxu,nonfinite,,,0,0,,
,C:\Users\USER\lpopt_work\kit_frontier\runs\produce_fxyera_r1\produce_run_20260829_103744\master_work\worker_18\db08b2e7aee39b4e__MAS_RST.APRQ_11_0725.8-f3941dedea-e8qqs6sg,nonfinite,,,0,0,,
df991c098758c4eb,C:\Users\USER\lpopt_work\kit_frontier\runs\produce_fxyera_r1\produce_run_20260829_103744\master_work\worker_18\df991c098758c4eb__MAS_RST.APRQ_11_0767.6-d22ef9cd49-v17qz4_w,final,3.7833,3.3417,32,0,above_ceiling,812.344
e2d621d1701618e2,C:\Users\USER\lpopt_work\kit_frontier\runs\produce_fxyera_r1\produce_run_20260829_103744\master_work\worker_18\e2d621d1701618e2__MAS_RST.APRQ_11_0578.2-d96ee919ad-v3sqpvp8,final,3.6828,3.3253,25,0,above_ceiling,600.932
e722180620e26269,C:\Users\USER\lpopt_work\kit_frontier\runs\produce_fxyera_r1\produce_run_20260829_103744\master_work\worker_18\e722180620e26269__MAS_RST.APRQ_11_0632.5-242483a3f8-fzw4ya8_,final,2.0364,1.8507,26,1,,647.571
,C:\Users\USER\lpopt_work\kit_frontier\runs\produce_fxyera_r1\produce_run_20260829_103744\master_work\worker_18\f5e82f9bea03f4c7__MAS_RST.APRQ_21_0712.6-45907b7407-ntzgnsqj,nonfinite,,,0,0,,
f5f6e91bdccbfcc4,C:\Users\USER\lpopt_work\kit_frontier\runs\produce_fxyera_r1\produce_run_20260829_103744\master_work\worker_18\f5f6e91bdccbfcc4__MAS_RST.APRQ_11_0576.8-a6d28492a1-wrgq_1zh,final,2.4707,2.2073,23,1,,564.738
fa184a2dcdce1ab4,C:\Users\USER\lpopt_work\kit_frontier\runs\produce_fxyera_r1\produce_run_20260829_103744\master_work\worker_18\fa184a2dcdce1ab4__MAS_RST.APRQ_10_0615.1-ba88df4af0-tp3qxcb8,final,3.4568,2.9996,25,0,above_ceiling,618.263
0926d850414930e5,C:\Users\USER\lpopt_work\kit_frontier\runs\produce_fxyera_r1\produce_run_20260829_103744\master_work\worker_19\0926d850414930e5__MAS_RST.APRQ_11_0725.8-be9363d286-v8r0e5ib,final,2.2501,2.0095,29,1,,736.352
279062a17b0a030e,C:\Users\USER\lpopt_work\kit_frontier\runs\produce_fxyera_r1\produce_run_20260829_103744\master_work\worker_19\279062a17b0a030e__MAS_RST.APRQ_21_0712.6-0eb4a64538-apkdx0m8,final,1.8039,1.5039,29,1,,724.384
2f828cfd232c8df8,C:\Users\USER\lpopt_work\kit_frontier\runs\produce_fxyera_r1\produce_run_20260829_103744\master_work\worker_19\2f828cfd232c8df8__MAS_RST.APRQ_21_0712.6-cc19feda75-ipg_z6u_,final,1.7373,1.5296,29,1,,726.037
34ca2ccac3242dad,C:\Users\USER\lpopt_work\kit_frontier\runs\produce_fxyera_r1\produce_run_20260829_103744\master_work\worker_19\34ca2ccac3242dad__MAS_RST.APRQ_11_0767.6-c37e3c6256-w0lqkznd,final,3.9109,3.4248,31,0,above_ceiling,788.778
,C:\Users\USER\lpopt_work\kit_frontier\runs\produce_fxyera_r1\produce_run_20260829_103744\master_work\worker_19\36ccd30d5148423d__MAS_RST.APRQ_21_0756.5-d46a27c576-b_5jrypj,nonfinite,,,0,0,,
40ca96737d7b9cc2,C:\Users\USER\lpopt_work\kit_frontier\runs\produce_fxyera_r1\produce_run_20260829_103744\master_work\worker_19\40ca96737d7b9cc2__MAS_RST.APRQ_11_0705.0-1621e5376e-jsn3qqry,final,2.3026,2.0442,28,1,,713.482
410a8c1b3c7650b0,C:\Users\USER\lpopt_work\kit_frontier\runs\produce_fxyera_r1\produce_run_20260829_103744\master_work\worker_19\410a8c1b3c7650b0__MAS_RST.APRQ_11_0725.8-66548e47fb-g_j1jwzf,final,2.2785,1.9701,29,1,,741.518
61e03be8c6376efa,C:\Users\USER\lpopt_work\kit_frontier\runs\produce_fxyera_r1\produce_run_20260829_103744\master_work\worker_19\61e03be8c6376efa__MAS_RST.APRQ_10_0615.1-95b5b452e6-mv6y2oz9,final,5.3577,4.7874,23,0,above_ceiling,565.711
64093b5af42f0473,C:\Users\USER\lpopt_work\kit_frontier\runs\produce_fxyera_r1\produce_run_20260829_103744\master_work\worker_19\64093b5af42f0473__MAS_RST.APRQ_10_0615.1-b80588444b-rbdouxlz,final,5.1672,4.6628,25,0,above_ceiling,623.187
65872598f18e8a88,C:\Users\USER\lpopt_work\kit_frontier\runs\produce_fxyera_r1\produce_run_20260829_103744\master_work\worker_19\65872598f18e8a88__MAS_RST.APRQ_11_0705.0-89c76a674a-nrd1z22q,final,4.8316,4.3933,29,0,above_ceiling,725.973
6588f535919f3eb2,C:\Users\USER\lpopt_work\kit_frontier\runs\produce_fxyera_r1\produce_run_20260829_103744\master_work\worker_19\6588f535919f3eb2__MAS_RST.APRQ_10_0615.1-8a095f39b5-geeei5m6,final,4.3589,3.8809,25,0,above_ceiling,623.657
662035f8125b0136,C:\Users\USER\lpopt_work\kit_frontier\runs\produce_fxyera_r1\produce_run_20260829_103744\master_work\worker_19\662035f8125b0136__MAS_RST.APRQ_12_0789.0-438da23ac1-zep62_3y,final,3.9843,3.3048,31,0,above_ceiling,798.204
6e37303c995ba934,C:\Users\USER\lpopt_work\kit_frontier\runs\produce_fxyera_r1\produce_run_20260829_103744\master_work\worker_19\6e37303c995ba934__MAS_RST.APRQ_10_0615.1-75c0058572-7lwi_r69,final,2.0726,1.8412,25,1,,624.033
6fd24dc338b7387d,C:\Users\USER\lpopt_work\kit_frontier\runs\produce_fxyera_r1\produce_run_20260829_103744\master_work\worker_19\6fd24dc338b7387d__MAS_RST.APRQ_21_0715.1-8e18ca2697-8dhza1yd,final,4.7717,4.0278,28,0,above_ceiling,717.822
81277488654844f8,C:\Users\USER\lpopt_work\kit_frontier\runs\produce_fxyera_r1\produce_run_20260829_103744\master_work\worker_19\81277488654844f8__MAS_RST.APRQ_10_0615.1-f11b15a7a6-cigs3inm,final,2.8965,2.3804,24,1,,597.616
8c4ac0d703c1c8be,C:\Users\USER\lpopt_work\kit_frontier\runs\produce_fxyera_r1\produce_run_20260829_103744\master_work\worker_19\8c4ac0d703c1c8be__MAS_RST.APRQ_11_0767.6-a891555dab-5ytuyiy8,final,3.1132,2.6699,32,0,above_ceiling,819.89
90b2c0b7a08c8d37,C:\Users\USER\lpopt_work\kit_frontier\runs\produce_fxyera_r1\produce_run_20260829_103744\master_work\worker_19\90b2c0b7a08c8d37__MAS_RST.APRQ_21_0712.6-f3f335f80c-2xuescdh,final,2.4807,2.1469,29,1,,720.616
,C:\Users\USER\lpopt_work\kit_frontier\runs\produce_fxyera_r1\produce_run_20260829_103744\master_work\worker_19\94001f41c9d2baac__MAS_RST.APRQ_11_0632.5-ea1ed5dc9d-34_1urdk,nonfinite,,,0,0,,
9f55b9e77ff3933c,C:\Users\USER\lpopt_work\kit_frontier\runs\produce_fxyera_r1\produce_run_20260829_103744\master_work\worker_19\9f55b9e77ff3933c__MAS_RST.APRQ_11_0576.8-7ae8a9ddf2-valx__j2,final,2.1759,1.968,23,1,,555.91
9f94fa06eafbd693,C:\Users\USER\lpopt_work\kit_frontier\runs\produce_fxyera_r1\produce_run_20260829_103744\master_work\worker_19\9f94fa06eafbd693__MAS_RST.APRQ_21_0712.6-2cd0a490a3-1ajqozei,final,2.0918,1.8636,29,1,,727.659
a8698376b9cdb4ca,C:\Users\USER\lpopt_work\kit_frontier\runs\produce_fxyera_r1\produce_run_20260829_103744\master_work\worker_19\a8698376b9cdb4ca__MAS_RST.APRQ_11_0725.8-8f9ae5240d-64xcwpmw,final,2.2389,1.8751,30,1,,762.373
adbae1c0a5493a2b,C:\Users\USER\lpopt_work\kit_frontier\runs\produce_fxyera_r1\produce_run_20260829_103744\master_work\worker_19\adbae1c0a5493a2b__MAS_RST.APRQ_12_0635.6-af7b2e9fa9-wgcdje2n,final,2.3953,1.9812,25,1,,625.154
b17268c68c8e92e4,C:\Users\USER\lpopt_work\kit_frontier\runs\produce_fxyera_r1\produce_run_20260829_103744\master_work\worker_19\b17268c68c8e92e4__MAS_RST.APRQ_21_0729.4-9c946a029d-g74p9vje,final,1.9367,1.7159,27,1,,660.709
,C:\Users\USER\lpopt_work\kit_frontier\runs\produce_fxyera_r1\produce_run_20260829_103744\master_work\worker_19\b3d4bc68246bb32d__MAS_RST.APRQ_21_0712.6-c952b3b1f1-ald9f7r4,nonfinite,,,0,0,,
,C:\Users\USER\lpopt_work\kit_frontier\runs\produce_fxyera_r1\produce_run_20260829_103744\master_work\worker_19\ba549497bdcab8ee__MAS_RST.APRQ_10_0615.1-a1f4871b5b-_ak528b6,nonfinite,,,0,0,,
bafd6450719b8acc,C:\Users\USER\lpopt_work\kit_frontier\runs\produce_fxyera_r1\produce_run_20260829_103744\master_work\worker_19\bafd6450719b8acc__MAS_RST.APRQ_12_0789.0-a5383bafb1-2a_mshtu,final,3.3111,2.7395,31,0,above_ceiling,798.135
d60004e05723d5d3,C:\Users\USER\lpopt_work\kit_frontier\runs\produce_fxyera_r1\produce_run_20260829_103744\master_work\worker_19\d60004e05723d5d3__MAS_RST.APRQ_10_0615.1-f264c9d404-9acbec8j,final,2.302,2.0373,25,1,,627.255
d6044350c0dedbe3,C:\Users\USER\lpopt_work\kit_frontier\runs\produce_fxyera_r1\produce_run_20260829_103744\master_work\worker_19\d6044350c0dedbe3__MAS_RST.APRQ_11_0578.2-b3793b9a61-p86dy92w,final,2.5879,2.3352,24,1,,596.911
d7c8c65de2eed0bc,C:\Users\USER\lpopt_work\kit_frontier\runs\produce_fxyera_r1\produce_run_20260829_103744\master_work\worker_19\d7c8c65de2eed0bc__MAS_RST.APRQ_11_0740.8-743daed34c-hqfhu7d1,final,2.2659,1.9423,29,1,,738.853
d93bacbe5e715366,C:\Users\USER\lpopt_work\kit_frontier\runs\produce_fxyera_r1\produce_run_20260829_103744\master_work\worker_19\d93bacbe5e715366__MAS_RST.APRQ_11_0767.6-d504e43dce-7wlgqfl9,final,2.5538,2.2402,30,1,,779.578
,C:\Users\USER\lpopt_work\kit_frontier\runs\produce_fxyera_r1\produce_run_20260829_103744\master_work\worker_19\da564988006a488c__MAS_RST.APRQ_11_0578.2-77f3af57df-8oskbaj3,nonfinite,,,0,0,,
e83c59a9f2a91398,C:\Users\USER\lpopt_work\kit_frontier\runs\produce_fxyera_r1\produce_run_20260829_103744\master_work\worker_19\e83c59a9f2a91398__MAS_RST.APRQ_12_0635.6-4311c7e131-vlvz6d6p,final,2.1056,1.7314,25,1,,627.215
ec21f14977db0c2d,C:\Users\USER\lpopt_work\kit_frontier\runs\produce_fxyera_r1\produce_run_20260829_103744\master_work\worker_19\ec21f14977db0c2d__MAS_RST.APRQ_21_0729.4-4d143d85ad-bsxtdw9e,final,2.4598,2.1937,29,1,,723.102
,C:\Users\USER\lpopt_work\kit_frontier\runs\produce_fxyera_r1\produce_run_20260829_103744\master_work\worker_19\f54b00cd82f571ef__MAS_RST.APRQ_11_0722.6-b38132daf8-5ro2tvsw,nonfinite,,,0,0,,
fc875fee46629533,C:\Users\USER\lpopt_work\kit_frontier\runs\produce_fxyera_r1\produce_run_20260829_103744\master_work\worker_19\fc875fee46629533__MAS_RST.APRQ_21_0741.2-10d235a482-uskqji27,final,2.5948,2.209,29,1,,725.426
009d7e863ef1eff2,C:\Users\USER\lpopt_work\kit_frontier\runs\produce_fxyera_r1\produce_run_20260829_103744\master_work\worker_20\009d7e863ef1eff2__MAS_RST.APRQ_10_0615.1-66e8a61f4a-2k6mco_m,final,2.0899,1.8721,25,1,,604.709
,C:\Users\USER\lpopt_work\kit_frontier\runs\produce_fxyera_r1\produce_run_20260829_103744\master_work\worker_20\0b62e68c0bd30658__MAS_RST.APRQ_11_0705.0-475ce15f7a-8wsbgwh2,nonfinite,,,0,0,,
0cdbc6852dd20c21,C:\Users\USER\lpopt_work\kit_frontier\runs\produce_fxyera_r1\produce_run_20260829_103744\master_work\worker_20\0cdbc6852dd20c21__MAS_RST.APRQ_21_0729.4-48afe9081d-4p5995jo,final,2.1272,1.8516,29,1,,721.362
10f534234bd983e9,C:\Users\USER\lpopt_work\kit_frontier\runs\produce_fxyera_r1\produce_run_20260829_103744\master_work\worker_20\10f534234bd983e9__MAS_RST.APRQ_10_0615.1-7f4ac39a4c-kau82j3o,first_cycle,,,0,0,,
,C:\Users\USER\lpopt_work\kit_frontier\runs\produce_fxyera_r1\produce_run_20260829_103744\master_work\worker_20\10f534234bd983e9__MAS_RST.APRQ_10_0615.1-ab59d6b265-6xxsb_r6,nonfinite,,,0,0,,
,C:\Users\USER\lpopt_work\kit_frontier\runs\produce_fxyera_r1\produce_run_20260829_103744\master_work\worker_20\1714e85eba115f5e__MAS_RST.APRQ_12_0789.0-79a7a4e5bb-1397t9u4,nonfinite,,,0,0,,
,C:\Users\USER\lpopt_work\kit_frontier\runs\produce_fxyera_r1\produce_run_20260829_103744\master_work\worker_20\1d2d36ed5dd01173__MAS_RST.APRQ_12_0635.6-8c477deb8d-mfg2oy60,nonfinite,,,0,0,,
,C:\Users\USER\lpopt_work\kit_frontier\runs\produce_fxyera_r1\produce_run_20260829_103744\master_work\worker_20\265940681b5652b6__MAS_RST.APRQ_11_0725.8-b992bb6321-2x7zwkzi,nonfinite,,,0,0,,
2b4e4dc1e6319975,C:\Users\USER\lpopt_work\kit_frontier\runs\produce_fxyera_r1\produce_run_20260829_103744\master_work\worker_20\2b4e4dc1e6319975__MAS_RST.APRQ_11_0578.2-aae62293c5-i529dx63,final,2.137,1.8867,24,1,,592.573
2ffaaad47ad8eff8,C:\Users\USER\lpopt_work\kit_frontier\runs\produce_fxyera_r1\produce_run_20260829_103744\master_work\worker_20\2ffaaad47ad8eff8__MAS_RST.APRQ_10_0615.1-29c09be34b-4kgmz88z,final,2.3011,2.0977,25,1,,612.803
46677bc4463ac3cc,C:\Users\USER\lpopt_work\kit_frontier\runs\produce_fxyera_r1\produce_run_20260829_103744\master_work\worker_20\46677bc4463ac3cc__MAS_RST.APRQ_11_0725.8-a5c0949c8b-jb29v1rl,final,2.7303,2.3001,29,1,,743.765
4c79188f3f227abe,C:\Users\USER\lpopt_work\kit_frontier\runs\produce_fxyera_r1\produce_run_20260829_103744\master_work\worker_20\4c79188f3f227abe__MAS_RST.APRQ_21_0712.6-16e3cc0a59-qznjum9g,final,1.8976,1.675,29,1,,729.91
,C:\Users\USER\lpopt_work\kit_frontier\runs\produce_fxyera_r1\produce_run_20260829_103744\master_work\worker_20\6bb11c1bcbb4d3df__MAS_RST.APRQ_11_0767.6-8471380e2f-221qvn12,nonfinite,,,0,0,,
6c788aac0806cf99,C:\Users\USER\lpopt_work\kit_frontier\runs\produce_fxyera_r1\produce_run_20260829_103744\master_work\worker_20\6c788aac0806cf99__MAS_RST.APRQ_11_0767.6-7c73482d32-803th7wx,final,3.6202,3.1213,31,0,above_ceiling,787.723
,C:\Users\USER\lpopt_work\kit_frontier\runs\produce_fxyera_r1\produce_run_20260829_103744\master_work\worker_20\6db4f6b00985d47d__MAS_RST.APRQ_21_0715.1-2e676b1b80-mza4s6_v,nonfinite,,,0,0,,
,C:\Users\USER\lpopt_work\kit_frontier\runs\produce_fxyera_r1\produce_run_20260829_103744\master_work\worker_20\6fe27509cc1ca6ee__MAS_RST.APRQ_21_0712.6-b6b6a5e2d5-ns4ao2yt,nonfinite,,,0,0,,
7609d277533c36d4,C:\Users\USER\lpopt_work\kit_frontier\runs\produce_fxyera_r1\produce_run_20260829_103744\master_work\worker_20\7609d277533c36d4__MAS_RST.APRQ_11_0767.6-540aa20894-wrfdd5t3,final,2.8655,2.458,31,1,,809.635
7f327edfae95d320,C:\Users\USER\lpopt_work\kit_frontier\runs\produce_fxyera_r1\produce_run_20260829_103744\master_work\worker_20\7f327edfae95d320__MAS_RST.APRQ_21_0729.4-9d6d5fc8e6-o36v1i6p,final,2.0186,1.7813,26,1,,656.191
884bcbf9771220d7,C:\Users\USER\lpopt_work\kit_frontier\runs\produce_fxyera_r1\produce_run_20260829_103744\master_work\worker_20\884bcbf9771220d7__MAS_RST.APRQ_10_0615.1-6a8e4f4a36-g78x6z60,final,2.2541,1.9105,25,1,,621.734
,C:\Users\USER\lpopt_work\kit_frontier\runs\produce_fxyera_r1\produce_run_20260829_103744\master_work\worker_20\8b1f90c69e875ef9__MAS_RST.APRQ_12_0789.0-59e5d36cea-i257a751,nonfinite,,,0,0,,
,C:\Users\USER\lpopt_work\kit_frontier\runs\produce_fxyera_r1\produce_run_20260829_103744\master_work\worker_20\917bc583045d9d6a__MAS_RST.APRQ_11_0705.0-37c0a4ec8d-y2oyv0ay,nonfinite,,,0,0,,
9518438318273085,C:\Users\USER\lpopt_work\kit_frontier\runs\produce_fxyera_r1\produce_run_20260829_103744\master_work\worker_20\9518438318273085__MAS_RST.APRQ_11_0725.8-1ff89c6a6b-_po825bk,final,2.3196,1.9691,29,1,,748.373
b0be96115b7bb930,C:\Users\USER\lpopt_work\kit_frontier\runs\produce_fxyera_r1\produce_run_20260829_103744\master_work\worker_20\b0be96115b7bb930__MAS_RST.APRQ_10_0615.1-61e6f57339-97c6nqxi,final,2.9304,2.3102,25,1,,626.227
,C:\Users\USER\lpopt_work\kit_frontier\runs\produce_fxyera_r1\produce_run_20260829_103744\master_work\worker_20\b2235c83030b2558__MAS_RST.APRQ_21_0712.6-e1d82d3b20-27_z8xqf,nonfinite,,,0,0,,
,C:\Users\USER\lpopt_work\kit_frontier\runs\produce_fxyera_r1\produce_run_20260829_103744\master_work\worker_20\bf15f5b832f42e1e__MAS_RST.APRQ_11_0576.8-01117122eb-a6184bp4,nonfinite,,,0,0,,
bf15f5b832f42e1e,C:\Users\USER\lpopt_work\kit_frontier\runs\produce_fxyera_r1\produce_run_20260829_103744\master_work\worker_20\bf15f5b832f42e1e__MAS_RST.APRQ_11_0576.8-bbb77fdab1-du4cho9c,first_cycle,,,0,0,,
cec0af87c28236b7,C:\Users\USER\lpopt_work\kit_frontier\runs\produce_fxyera_r1\produce_run_20260829_103744\master_work\worker_20\cec0af87c28236b7__MAS_RST.APRQ_11_0722.6-f74c11c90f-flu44n8b,final,3.4927,3.007,28,0,above_ceiling,719.884
cfa4d793201e5ae9,C:\Users\USER\lpopt_work\kit_frontier\runs\produce_fxyera_r1\produce_run_20260829_103744\master_work\worker_20\cfa4d793201e5ae9__MAS_RST.APRQ_11_0578.2-61724921aa-fifeh6iq,final,3.0539,2.7191,24,0,above_ceiling,598.883
d63a65280dfc932b,C:\Users\USER\lpopt_work\kit_frontier\runs\produce_fxyera_r1\produce_run_20260829_103744\master_work\worker_20\d63a65280dfc932b__MAS_RST.APRQ_11_0740.8-42e1347475-h6_blty8,final,4.1149,3.7209,29,0,above_ceiling,722.315
,C:\Users\USER\lpopt_work\kit_frontier\runs\produce_fxyera_r1\produce_run_20260829_103744\master_work\worker_20\ee06e14850e7319f__MAS_RST.APRQ_12_0635.6-18a443845a-0tff4s44,nonfinite,,,0,0,,
f05243b1ef58607c,C:\Users\USER\lpopt_work\kit_frontier\runs\produce_fxyera_r1\produce_run_20260829_103744\master_work\worker_20\f05243b1ef58607c__MAS_RST.APRQ_21_0741.2-6ef648b773-4ygsctii,final,2.5542,2.1541,29,1,,741.297
f7522c975b0c0556,C:\Users\USER\lpopt_work\kit_frontier\runs\produce_fxyera_r1\produce_run_20260829_103744\master_work\worker_20\f7522c975b0c0556__MAS_RST.APRQ_11_0632.5-3d68bd341c-mdnwg8xq,final,2.5622,2.2874,26,1,,638.922
f90b0103286ac677,C:\Users\USER\lpopt_work\kit_frontier\runs\produce_fxyera_r1\produce_run_20260829_103744\master_work\worker_20\f90b0103286ac677__MAS_RST.APRQ_10_0615.1-a1c2734d64-ovwrn8yt,final,2.3167,2.0488,23,1,,559.029
fb2403bc85050a3f,C:\Users\USER\lpopt_work\kit_frontier\runs\produce_fxyera_r1\produce_run_20260829_103744\master_work\worker_20\fb2403bc85050a3f__MAS_RST.APRQ_21_0712.6-f7864a2979-7zm1lozu,final,2.9928,2.4442,28,1,,703.736
,C:\Users\USER\lpopt_work\kit_frontier\runs\produce_fxyera_r1\produce_run_20260829_103744\master_work\worker_20\fd325ee3bf122d35__MAS_RST.APRQ_10_0615.1-b642ae3343-99n9io5i,nonfinite,,,0,0,,
,C:\Users\USER\lpopt_work\kit_frontier\runs\produce_fxyera_r1\produce_run_20260829_103744\master_work\worker_21\27a6d8f34119fe48__MAS_RST.APRQ_11_0576.8-85c5597fe4-ppfrpp1h,nonfinite,,,0,0,,
,C:\Users\USER\lpopt_work\kit_frontier\runs\produce_fxyera_r1\produce_run_20260829_103744\master_work\worker_21\2b4b63343355ceb6__MAS_RST.APRQ_10_0615.1-27fbc762ce-ucmb3utw,nonfinite,,,0,0,,
3202a81290bbe0e6,C:\Users\USER\lpopt_work\kit_frontier\runs\produce_fxyera_r1\produce_run_20260829_103744\master_work\worker_21\3202a81290bbe0e6__MAS_RST.APRQ_12_0635.6-a8c03bba54-f8u0u1gl,final,2.3579,2.1615,24,1,,595.122
32fcfe8775d9fa28,C:\Users\USER\lpopt_work\kit_frontier\runs\produce_fxyera_r1\produce_run_20260829_103744\master_work\worker_21\32fcfe8775d9fa28__MAS_RST.APRQ_21_0712.6-1dada5a1f6-r4jo8re1,final,2.6251,2.2162,29,1,,729.732
3446f98837a2688d,C:\Users\USER\lpopt_work\kit_frontier\runs\produce_fxyera_r1\produce_run_20260829_103744\master_work\worker_21\3446f98837a2688d__MAS_RST.APRQ_11_0725.8-de1a819db0-roupgkw0,final,2.3765,1.97,29,1,,744.327
3bcfa263f658da17,C:\Users\USER\lpopt_work\kit_frontier\runs\produce_fxyera_r1\produce_run_20260829_103744\master_work\worker_21\3bcfa263f658da17__MAS_RST.APRQ_11_0705.0-416354762e-_a5pe05a,final,1.9284,1.6907,29,1,,722.581
,C:\Users\USER\lpopt_work\kit_frontier\runs\produce_fxyera_r1\produce_run_20260829_103744\master_work\worker_21\43a7a85fcb9f21ad__MAS_RST.APRQ_21_0729.4-c122033c04-k48v70td,nonfinite,,,0,0,,
468951ddde7f4a5e,C:\Users\USER\lpopt_work\kit_frontier\runs\produce_fxyera_r1\produce_run_20260829_103744\master_work\worker_21\468951ddde7f4a5e__MAS_RST.APRQ_21_0712.6-99338cf5e4-rdma17gq,final,1.9522,1.7321,29,1,,724.27
4a7cf15f5f977471,C:\Users\USER\lpopt_work\kit_frontier\runs\produce_fxyera_r1\produce_run_20260829_103744\master_work\worker_21\4a7cf15f5f977471__MAS_RST.APRQ_10_0615.1-5323dab717-k7a89xzr,final,2.2707,2.0686,25,1,,609.867
64ec4263acd4a474,C:\Users\USER\lpopt_work\kit_frontier\runs\produce_fxyera_r1\produce_run_20260829_103744\master_work\worker_21\64ec4263acd4a474__MAS_RST.APRQ_10_0615.1-f87b0b446b-jib0684m,final,2.1781,1.9335,25,1,,616.884
6b7e5d84a72dd508,C:\Users\USER\lpopt_work\kit_frontier\runs\produce_fxyera_r1\produce_run_20260829_103744\master_work\worker_21\6b7e5d84a72dd508__MAS_RST.APRQ_10_0615.1-2ce7889be8-x5ea2r8x,final,2.1229,1.8991,25,1,,622.669
711255479d2778a8,C:\Users\USER\lpopt_work\kit_frontier\runs\produce_fxyera_r1\produce_run_20260829_103744\master_work\worker_21\711255479d2778a8__MAS_RST.APRQ_21_0715.1-2b2f596eb3-z0kdj57r,final,3.2536,2.3874,28,0,above_ceiling,707.813
7503317565ddecf4,C:\Users\USER\lpopt_work\kit_frontier\runs\produce_fxyera_r1\produce_run_20260829_103744\master_work\worker_21\7503317565ddecf4__MAS_RST.APRQ_11_0725.8-c406276375-67twpl7n,final,3.7595,3.0808,29,0,above_ceiling,743.602
,C:\Users\USER\lpopt_work\kit_frontier\runs\produce_fxyera_r1\produce_run_20260829_103744\master_work\worker_21\7b4524fbce2888ac__MAS_RST.APRQ_10_0615.1-5c7f6609ef-kef8kbo6,nonfinite,,,0,0,,
865e64ea4931fc88,C:\Users\USER\lpopt_work\kit_frontier\runs\produce_fxyera_r1\produce_run_20260829_103744\master_work\worker_21\865e64ea4931fc88__MAS_RST.APRQ_11_0578.2-084b17e4b4-0jof49cn,final,2.0061,1.834,24,1,,583.054
,C:\Users\USER\lpopt_work\kit_frontier\runs\produce_fxyera_r1\produce_run_20260829_103744\master_work\worker_21\9088949eb29ce4f5__MAS_RST.APRQ_21_0741.2-a859682c1c-66zy3u8d,nonfinite,,,0,0,,
,C:\Users\USER\lpopt_work\kit_frontier\runs\produce_fxyera_r1\produce_run_20260829_103744\master_work\worker_21\90a6026362e516fb__MAS_RST.APRQ_11_0767.6-390c67aa56-ujoo9jor,nonfinite,,,0,0,,
9a34d24188022e0a,C:\Users\USER\lpopt_work\kit_frontier\runs\produce_fxyera_r1\produce_run_20260829_103744\master_work\worker_21\9a34d24188022e0a__MAS_RST.APRQ_12_0789.0-4d6af96ed5-4lqsw7u7,final,2.5471,2.1515,31,1,,795.309
,C:\Users\USER\lpopt_work\kit_frontier\runs\produce_fxyera_r1\produce_run_20260829_103744\master_work\worker_21\9ddc26d334c9cfc1__MAS_RST.APRQ_10_0615.1-deec8e8152-1nizc9j_,nonfinite,,,0,0,,
a30aaa56d0bfb2f0,C:\Users\USER\lpopt_work\kit_frontier\runs\produce_fxyera_r1\produce_run_20260829_103744\master_work\worker_21\a30aaa56d0bfb2f0__MAS_RST.APRQ_11_0740.8-46605cc6b4-llm31wvn,final,4.1357,3.5215,29,0,above_ceiling,727.007
a61776ae7220d11a,C:\Users\USER\lpopt_work\kit_frontier\runs\produce_fxyera_r1\produce_run_20260829_103744\master_work\worker_21\a61776ae7220d11a__MAS_RST.APRQ_11_0632.5-f342d788cc-w8bg321s,final,2.5175,2.3088,26,1,,638.861
b1af276cbed4d3d9,C:\Users\USER\lpopt_work\kit_frontier\runs\produce_fxyera_r1\produce_run_20260829_103744\master_work\worker_21\b1af276cbed4d3d9__MAS_RST.APRQ_11_0705.0-0f8e54d9d8-387vb07a,final,2.6531,2.1915,28,1,,713.209
c98c4adf21ded699,C:\Users\USER\lpopt_work\kit_frontier\runs\produce_fxyera_r1\produce_run_20260829_103744\master_work\worker_21\c98c4adf21ded699__MAS_RST.APRQ_11_0578.2-81766c248e-tzpbvnon,final,2.0911,1.8485,24,1,,591.627
cd9c09df6974f574,C:\Users\USER\lpopt_work\kit_frontier\runs\produce_fxyera_r1\produce_run_20260829_103744\master_work\worker_21\cd9c09df6974f574__MAS_RST.APRQ_11_0767.6-481ae2ab13-9f3y6a9r,final,2.3876,2.0085,31,1,,800.331
d53c5d0c5b3a1974,C:\Users\USER\lpopt_work\kit_frontier\runs\produce_fxyera_r1\produce_run_20260829_103744\master_work\worker_21\d53c5d0c5b3a1974__MAS_RST.APRQ_21_0712.6-502aa898dd-cpn5ozry,final,4.7596,4.0451,28,0,above_ceiling,713.051
d9b7d32e8db371d8,C:\Users\USER\lpopt_work\kit_frontier\runs\produce_fxyera_r1\produce_run_20260829_103744\master_work\worker_21\d9b7d32e8db371d8__MAS_RST.APRQ_21_0712.6-a41ae42586-hb0ibqp8,final,2.3433,2.1108,28,1,,714.838
dcd0b4a25dc6cda7,C:\Users\USER\lpopt_work\kit_frontier\runs\produce_fxyera_r1\produce_run_20260829_103744\master_work\worker_21\dcd0b4a25dc6cda7__MAS_RST.APRQ_11_0722.6-b281c04c9d-r9eaeb32,final,4.8582,4.1145,28,0,above_ceiling,716.098
e08054d5f5d99a3e,C:\Users\USER\lpopt_work\kit_frontier\runs\produce_fxyera_r1\produce_run_20260829_103744\master_work\worker_21\e08054d5f5d99a3e__MAS_RST.APRQ_21_0729.4-22e57997ea-fc3_iz8r,final,2.2692,2.0167,26,1,,651.742
e3414dc04d0c0f14,C:\Users\USER\lpopt_work\kit_frontier\runs\produce_fxyera_r1\produce_run_20260829_103744\master_work\worker_21\e3414dc04d0c0f14__MAS_RST.APRQ_11_0725.8-6e6b50bfb5-elzgah2s,final,2.0809,1.8095,29,1,,741.136
,C:\Users\USER\lpopt_work\kit_frontier\runs\produce_fxyera_r1\produce_run_20260829_103744\master_work\worker_21\e3f076f0e4e6fc82__MAS_RST.APRQ_10_0615.1-eeb8f308b9-_ly83t6t,nonfinite,,,0,0,,
e679fb52074f6596,C:\Users\USER\lpopt_work\kit_frontier\runs\produce_fxyera_r1\produce_run_20260829_103744\master_work\worker_21\e679fb52074f6596__MAS_RST.APRQ_12_0635.6-3b743d3147-uteux1u6,final,2.6129,2.2765,25,1,,625.577
38c8232ad80e3281,C:\Users\USER\lpopt_work\kit_frontier\runs\produce_fxyera_r1\produce_run_20260829_103744\master_work\worker_22\38c8232ad80e3281__MAS_RST.APRQ_11_0705.0-ad1c6edade-nwgwfdok,final,2.0154,1.8158,29,1,,727.455
3d1680f7668e34d0,C:\Users\USER\lpopt_work\kit_frontier\runs\produce_fxyera_r1\produce_run_20260829_103744\master_work\worker_22\3d1680f7668e34d0__MAS_RST.APRQ_11_0722.6-9659b36b34-9352nu5s,final,2.1173,1.8477,28,1,,710.787
4110b056af4c588f,C:\Users\USER\lpopt_work\kit_frontier\runs\produce_fxyera_r1\produce_run_20260829_103744\master_work\worker_22\4110b056af4c588f__MAS_RST.APRQ_11_0705.0-25195d954c-926jyunm,final,2.1798,1.9129,28,1,,710.295
43687be4cbec6bb9,C:\Users\USER\lpopt_work\kit_frontier\runs\produce_fxyera_r1\produce_run_20260829_103744\master_work\worker_22\43687be4cbec6bb9__MAS_RST.APRQ_11_0725.8-4a8140ea45-teotwhg1,final,2.5027,2.2546,29,1,,746.219
4af0ca35e2acc0ac,C:\Users\USER\lpopt_work\kit_frontier\runs\produce_fxyera_r1\produce_run_20260829_103744\master_work\worker_22\4af0ca35e2acc0ac__MAS_RST.APRQ_11_0767.6-8d4e73c480-miavftzp,final,3.8374,3.3039,31,0,above_ceiling,786.302
4efc43da0166b369,C:\Users\USER\lpopt_work\kit_frontier\runs\produce_fxyera_r1\produce_run_20260829_103744\master_work\worker_22\4efc43da0166b369__MAS_RST.APRQ_21_0729.4-0261f4d8a6-f6edsh8f,final,5.137,4.4426,29,0,above_ceiling,741.018
573d40cb9961eaf4,C:\Users\USER\lpopt_work\kit_frontier\runs\produce_fxyera_r1\produce_run_20260829_103744\master_work\worker_22\573d40cb9961eaf4__MAS_RST.APRQ_11_0578.2-ebaee15870-gycohbjw,final,2.4407,2.195,24,1,,596.378
,C:\Users\USER\lpopt_work\kit_frontier\runs\produce_fxyera_r1\produce_run_20260829_103744\master_work\worker_22\5f638eb83a49d278__MAS_RST.APRQ_10_0615.1-84ca9e8b89-b6vxr46d,nonfinite,,,0,0,,
5f756be25511d72e,C:\Users\USER\lpopt_work\kit_frontier\runs\produce_fxyera_r1\produce_run_20260829_103744\master_work\worker_22\5f756be25511d72e__MAS_RST.APRQ_11_0740.8-9b8eb0b824-63817jps,final,4.3777,3.6885,29,0,above_ceiling,731.41
6b8ac81be452f63b,C:\Users\USER\lpopt_work\kit_frontier\runs\produce_fxyera_r1\produce_run_20260829_103744\master_work\worker_22\6b8ac81be452f63b__MAS_RST.APRQ_11_0767.6-71f3017312-wwia7ysq,final,2.3414,2.027,32,1,,812.79
719a7daa5c488413,C:\Users\USER\lpopt_work\kit_frontier\runs\produce_fxyera_r1\produce_run_20260829_103744\master_work\worker_22\719a7daa5c488413__MAS_RST.APRQ_11_0632.5-43b2e12680-8s_b4o38,final,2.6021,2.2469,26,1,,641.336
740aff6b6c592389,C:\Users\USER\lpopt_work\kit_frontier\runs\produce_fxyera_r1\produce_run_20260829_103744\master_work\worker_22\740aff6b6c592389__MAS_RST.APRQ_10_0615.1-48ebf9914d-n5n740fr,final,2.1689,1.9439,25,1,,628.825
76bfe07aaf441743,C:\Users\USER\lpopt_work\kit_frontier\runs\produce_fxyera_r1\produce_run_20260829_103744\master_work\worker_22\76bfe07aaf441743__MAS_RST.APRQ_11_0725.8-9b46c392ce-dlzu0y3f,final,1.9824,1.6472,30,1,,751.553
885f1602cdeee70e,C:\Users\USER\lpopt_work\kit_frontier\runs\produce_fxyera_r1\produce_run_20260829_103744\master_work\worker_22\885f1602cdeee70e__MAS_RST.APRQ_21_0712.6-feed34c44f-yl92_13k,final,2.5882,2.1491,28,1,,708.805
8db59df24fc982b2,C:\Users\USER\lpopt_work\kit_frontier\runs\produce_fxyera_r1\produce_run_20260829_103744\master_work\worker_22\8db59df24fc982b2__MAS_RST.APRQ_11_0576.8-08232b150d-mbzh9mb5,final,3.8687,3.3144,24,0,above_ceiling,571.715
919075e9099d1972,C:\Users\USER\lpopt_work\kit_frontier\runs\produce_fxyera_r1\produce_run_20260829_103744\master_work\worker_22\919075e9099d1972__MAS_RST.APRQ_21_0712.6-6f6803c26a-qn9e332b,final,1.7921,1.5888,28,1,,719.02
971382d9ffe838d4,C:\Users\USER\lpopt_work\kit_frontier\runs\produce_fxyera_r1\produce_run_20260829_103744\master_work\worker_22\971382d9ffe838d4__MAS_RST.APRQ_10_0615.1-a62c64b12b-a0h74zul,final,2.258,1.9262,25,1,,615.674
,C:\Users\USER\lpopt_work\kit_frontier\runs\produce_fxyera_r1\produce_run_20260829_103744\master_work\worker_22\9a893200b4a869fa__MAS_RST.APRQ_11_0578.2-6458c1aff4-uods07u5,nonfinite,,,0,0,,
,C:\Users\USER\lpopt_work\kit_frontier\runs\produce_fxyera_r1\produce_run_20260829_103744\master_work\worker_22\aa2bd085f8b5dc3a__MAS_RST.APRQ_10_0615.1-2e6f51ab6d-6jo57pkt,nonfinite,,,0,0,,
ae31e9833d6ec45c,C:\Users\USER\lpopt_work\kit_frontier\runs\produce_fxyera_r1\produce_run_20260829_103744\master_work\worker_22\ae31e9833d6ec45c__MAS_RST.APRQ_12_0635.6-770bd1a76c-b_lf5ud8,final,4.7909,3.8117,25,0,above_ceiling,613.052
ba3d21d6848642b1,C:\Users\USER\lpopt_work\kit_frontier\runs\produce_fxyera_r1\produce_run_20260829_103744\master_work\worker_22\ba3d21d6848642b1__MAS_RST.APRQ_12_0789.0-582b53963b-892xgmzj,final,2.292,1.8591,31,1,,800.548
cabc8a344380ca4c,C:\Users\USER\lpopt_work\kit_frontier\runs\produce_fxyera_r1\produce_run_20260829_103744\master_work\worker_22\cabc8a344380ca4c__MAS_RST.APRQ_21_0712.6-23ee68d491-g3_x4o_r,final,2.3636,2.1026,28,1,,707.101
,C:\Users\USER\lpopt_work\kit_frontier\runs\produce_fxyera_r1\produce_run_20260829_103744\master_work\worker_22\d0f19634c32cf09d__MAS_RST.APRQ_10_0615.1-ea34ad92bc-eor03tg8,nonfinite,,,0,0,,
,C:\Users\USER\lpopt_work\kit_frontier\runs\produce_fxyera_r1\produce_run_20260829_103744\master_work\worker_22\d3f5217dc42c0b32__MAS_RST.APRQ_10_0615.1-3dee40c3d0-3w2gu1_g,nonfinite,,,0,0,,
e8c279c48475cad1,C:\Users\USER\lpopt_work\kit_frontier\runs\produce_fxyera_r1\produce_run_20260829_103744\master_work\worker_22\e8c279c48475cad1__MAS_RST.APRQ_21_0715.1-57db942d7a-5dbwpn0b,final,2.6064,2.1673,28,1,,716.919
eca0a714c58e3dd8,C:\Users\USER\lpopt_work\kit_frontier\runs\produce_fxyera_r1\produce_run_20260829_103744\master_work\worker_22\eca0a714c58e3dd8__MAS_RST.APRQ_21_0729.4-3c2b8fdbc1-t4kclilt,final,2.1558,1.8956,26,1,,659.223
f81609954d2d1b00,C:\Users\USER\lpopt_work\kit_frontier\runs\produce_fxyera_r1\produce_run_20260829_103744\master_work\worker_22\f81609954d2d1b00__MAS_RST.APRQ_12_0635.6-9b9d0d9597-fpp4yn4q,final,2.4963,2.1581,24,1,,582.417
,C:\Users\USER\lpopt_work\kit_frontier\runs\produce_fxyera_r1\produce_run_20260829_103744\master_work\worker_22\f93f3826253f4886__MAS_RST.APRQ_21_0712.6-387f20ca54-8cy5g8jb,nonfinite,,,0,0,,
090275e65f4c6a4d,C:\Users\USER\lpopt_work\kit_frontier\runs\produce_fxyera_r1\produce_run_20260829_103744\master_work\worker_23\090275e65f4c6a4d__MAS_RST.APRQ_10_0615.1-f950c55e87-5bgf1z9x,final,3.0687,2.7029,25,0,above_ceiling,606.427
0b0b3be79c1c4de0,C:\Users\USER\lpopt_work\kit_frontier\runs\produce_fxyera_r1\produce_run_20260829_103744\master_work\worker_23\0b0b3be79c1c4de0__MAS_RST.APRQ_11_0576.8-7bcc76b3dc-l3ltpne5,final,2.279,2.0824,23,1,,556.615
0db8af24a0737d52,C:\Users\USER\lpopt_work\kit_frontier\runs\produce_fxyera_r1\produce_run_20260829_103744\master_work\worker_23\0db8af24a0737d52__MAS_RST.APRQ_10_0615.1-a194b0c239-3dncmq6w,final,2.2809,2.0188,25,1,,625.02
1bd7cb8230272e46,C:\Users\USER\lpopt_work\kit_frontier\runs\produce_fxyera_r1\produce_run_20260829_103744\master_work\worker_23\1bd7cb8230272e46__MAS_RST.APRQ_11_0632.5-292e14e52b-h8fhyngf,final,2.5103,2.2623,26,1,,649.304
24a818722ebd5234,C:\Users\USER\lpopt_work\kit_frontier\runs\produce_fxyera_r1\produce_run_20260829_103744\master_work\worker_23\24a818722ebd5234__MAS_RST.APRQ_12_0789.0-7336cfe902-zxfc_2xp,final,2.5077,2.1297,31,1,,803.531
,C:\Users\USER\lpopt_work\kit_frontier\runs\produce_fxyera_r1\produce_run_20260829_103744\master_work\worker_23\27f7231e7f4d0799__MAS_RST.APRQ_11_0705.0-6948c1b9bd-3o2pkzi1,nonfinite,,,0,0,,
2f37b022d386d567,C:\Users\USER\lpopt_work\kit_frontier\runs\produce_fxyera_r1\produce_run_20260829_103744\master_work\worker_23\2f37b022d386d567__MAS_RST.APRQ_11_0722.6-2a5c293d09-nmd7j7o7,final,3.6322,3.0735,28,0,above_ceiling,713.767
,C:\Users\USER\lpopt_work\kit_frontier\runs\produce_fxyera_r1\produce_run_20260829_103744\master_work\worker_23\2f4a0e2c86f604c9__MAS_RST.APRQ_12_0635.6-f7a1ae3f80-msihx_xt,nonfinite,,,0,0,,
36d79239b2bf0446,C:\Users\USER\lpopt_work\kit_frontier\runs\produce_fxyera_r1\produce_run_20260829_103744\master_work\worker_23\36d79239b2bf0446__MAS_RST.APRQ_21_0715.1-044d172d9b-h2_h9h4s,final,4.1658,3.5874,29,0,above_ceiling,721.209
,C:\Users\USER\lpopt_work\kit_frontier\runs\produce_fxyera_r1\produce_run_20260829_103744\master_work\worker_23\37aa6c68519e344b__MAS_RST.APRQ_10_0615.1-d7feb20923-jkh2f9ma,nonfinite,,,0,0,,
3b3e4d7bacc8cfe6,C:\Users\USER\lpopt_work\kit_frontier\runs\produce_fxyera_r1\produce_run_20260829_103744\master_work\worker_23\3b3e4d7bacc8cfe6__MAS_RST.APRQ_21_0712.6-7b11f23695-cdd1dg00,final,2.4108,2.1531,29,1,,722.879
3b3e77a36bcbac76,C:\Users\USER\lpopt_work\kit_frontier\runs\produce_fxyera_r1\produce_run_20260829_103744\master_work\worker_23\3b3e77a36bcbac76__MAS_RST.APRQ_10_0615.1-8dfad15a6a-1bawdv2r,final,3.1839,2.8355,24,0,above_ceiling,573.615
3cd57011f9ee85db,C:\Users\USER\lpopt_work\kit_frontier\runs\produce_fxyera_r1\produce_run_20260829_103744\master_work\worker_23\3cd57011f9ee85db__MAS_RST.APRQ_12_0635.6-2e1e6b743f-pfr3zo7w,final,4.1187,3.2962,25,0,above_ceiling,601.785
49a1442dd586308a,C:\Users\USER\lpopt_work\kit_frontier\runs\produce_fxyera_r1\produce_run_20260829_103744\master_work\worker_23\49a1442dd586308a__MAS_RST.APRQ_11_0767.6-a368457a17-qmxd4u2r,final,3.6286,3.1533,30,0,above_ceiling,768.274
598e5248048de24e,C:\Users\USER\lpopt_work\kit_frontier\runs\produce_fxyera_r1\produce_run_20260829_103744\master_work\worker_23\598e5248048de24e__MAS_RST.APRQ_11_0578.2-9538f42edc-qpagu6bf,final,2.1938,1.9632,24,1,,593.676
632d8739d63468c9,C:\Users\USER\lpopt_work\kit_frontier\runs\produce_fxyera_r1\produce_run_20260829_103744\master_work\worker_23\632d8739d63468c9__MAS_RST.APRQ_10_0615.1-640f28050a-6vndn6u_,final,2.6221,2.3436,25,1,,611.617
6b0917bb5bb97586,C:\Users\USER\lpopt_work\kit_frontier\runs\produce_fxyera_r1\produce_run_20260829_103744\master_work\worker_23\6b0917bb5bb97586__MAS_RST.APRQ_11_0740.8-d39f9d5501-ades98hj,final,2.6209,2.201,29,1,,733.223
8ac16711c6b673ca,C:\Users\USER\lpopt_work\kit_frontier\runs\produce_fxyera_r1\produce_run_20260829_103744\master_work\worker_23\8ac16711c6b673ca__MAS_RST.APRQ_11_0767.6-10bfa421b1-klei00jx,final,2.5001,2.1348,32,1,,813.757
91242d13a64b059f,C:\Users\USER\lpopt_work\kit_frontier\runs\produce_fxyera_r1\produce_run_20260829_103744\master_work\worker_23\91242d13a64b059f__MAS_RST.APRQ_21_0712.6-bc176938bb-k18ozk7s,final,2.1234,1.8778,29,1,,722.502
,C:\Users\USER\lpopt_work\kit_frontier\runs\produce_fxyera_r1\produce_run_20260829_103744\master_work\worker_23\b31f96ea4fb18b02__MAS_RST.APRQ_21_0712.6-6e002248c6-shf3iw67,nonfinite,,,0,0,,
c30221ccd65bf250,C:\Users\USER\lpopt_work\kit_frontier\runs\produce_fxyera_r1\produce_run_20260829_103744\master_work\worker_23\c30221ccd65bf250__MAS_RST.APRQ_21_0712.6-d964fd2f63-3qkvuj1b,final,1.8496,1.6442,29,1,,732.018
c6a2b63c689c9185,C:\Users\USER\lpopt_work\kit_frontier\runs\produce_fxyera_r1\produce_run_20260829_103744\master_work\worker_23\c6a2b63c689c9185__MAS_RST.APRQ_11_0705.0-839928fc84-5rwg5mow,final,3.5924,2.9203,29,0,above_ceiling,727.936
,C:\Users\USER\lpopt_work\kit_frontier\runs\produce_fxyera_r1\produce_run_20260829_103744\master_work\worker_23\d19cb39bf4b4b981__MAS_RST.APRQ_11_0578.2-68c8dda172-t6s8pf13,nonfinite,,,0,0,,
db1bf62e3636f80d,C:\Users\USER\lpopt_work\kit_frontier\runs\produce_fxyera_r1\produce_run_20260829_103744\master_work\worker_23\db1bf62e3636f80d__MAS_RST.APRQ_11_0725.8-92343f5598-qtlg1ckg,final,3.3789,2.9917,30,0,above_ceiling,753.185
e1efd9ec3005a4ba,C:\Users\USER\lpopt_work\kit_frontier\runs\produce_fxyera_r1\produce_run_20260829_103744\master_work\worker_23\e1efd9ec3005a4ba__MAS_RST.APRQ_11_0725.8-57baac04c2-14qt163a,final,4.2752,3.5578,29,0,above_ceiling,735.005
eeb17a61757055d8,C:\Users\USER\lpopt_work\kit_frontier\runs\produce_fxyera_r1\produce_run_20260829_103744\master_work\worker_23\eeb17a61757055d8__MAS_RST.APRQ_10_0615.1-76615107a6-av6q6s3q,final,2.4484,2.2136,25,1,,620.81
fc4b9456241afa73,C:\Users\USER\lpopt_work\kit_frontier\runs\produce_fxyera_r1\produce_run_20260829_103744\master_work\worker_23\fc4b9456241afa73__MAS_RST.APRQ_21_0729.4-e2499a6233-hy3kao49,final,2.1091,1.8692,27,1,,665.73
