cell,target,n_train,model,rep,rho,n_test
A|ebin5.4_f121,cyclen,25,ridge,0,0.8414606876622018,800
A|ebin5.4_f121,cyclen,25,ridge,1,0.8289649872054808,800
A|ebin5.4_f121,cyclen,25,ridge,2,0.8473766974952572,800
A|ebin5.4_f121,cyclen,50,ridge,0,0.8542178104284351,800
A|ebin5.4_f121,cyclen,50,gbt,0,0.6335212720139948,800
A|ebin5.4_f121,cyclen,50,ridge,1,0.8509007658526443,800
A|ebin5.4_f121,cyclen,50,gbt,1,0.6694475639002108,800
A|ebin5.4_f121,cyclen,50,ridge,2,0.8650620667340253,800
A|ebin5.4_f121,cyclen,50,gbt,2,0.6577141495754655,800
A|ebin5.4_f121,cyclen,100,ridge,0,0.867088359164445,800
A|ebin5.4_f121,cyclen,100,gbt,0,0.7775559511774247,800
A|ebin5.4_f121,cyclen,100,ridge,1,0.8568711976511552,800
A|ebin5.4_f121,cyclen,100,gbt,1,0.8191768199965659,800
A|ebin5.4_f121,cyclen,100,ridge,2,0.8685843421196824,800
A|ebin5.4_f121,cyclen,100,gbt,2,0.8351352222816163,800
A|ebin5.4_f121,cyclen,200,ridge,0,0.8778216504418492,800
A|ebin5.4_f121,cyclen,200,gbt,0,0.8552187714316175,800
A|ebin5.4_f121,cyclen,200,ridge,1,0.8795010438581846,800
A|ebin5.4_f121,cyclen,200,gbt,1,0.8597227620180825,800
A|ebin5.4_f121,cyclen,200,ridge,2,0.8674736723048776,800
A|ebin5.4_f121,cyclen,200,gbt,2,0.8567348614535768,800
A|ebin5.4_f121,cyclen,400,ridge,0,0.889235263162522,800
A|ebin5.4_f121,cyclen,400,gbt,0,0.8763697227516682,800
A|ebin5.4_f121,cyclen,400,ridge,1,0.8879887142156212,800
A|ebin5.4_f121,cyclen,400,gbt,1,0.8821207902810179,800
A|ebin5.4_f121,cyclen,400,ridge,2,0.8971039598349065,800
A|ebin5.4_f121,cyclen,400,gbt,2,0.8805664164301109,800
A|ebin5.4_f121,cyclen,800,ridge,0,0.9065182450137281,800
A|ebin5.4_f121,cyclen,800,gbt,0,0.8982121505335519,800
A|ebin5.4_f121,cyclen,800,ridge,1,0.8993397018322041,800
A|ebin5.4_f121,cyclen,800,gbt,1,0.8924329286336417,800
A|ebin5.4_f121,cyclen,800,ridge,2,0.9044128743268717,800
A|ebin5.4_f121,cyclen,800,gbt,2,0.8939817120157297,800
A|ebin5.4_f121,cyclen,1600,ridge,0,0.9049488556864814,800
A|ebin5.4_f121,cyclen,1600,gbt,0,0.9176725448033944,800
A|ebin5.4_f121,cyclen,1600,ridge,1,0.909040557799838,800
A|ebin5.4_f121,cyclen,1600,gbt,1,0.9097151253272929,800
A|ebin5.4_f121,cyclen,1600,ridge,2,0.9090975227382698,800
A|ebin5.4_f121,cyclen,1600,gbt,2,0.9136885616190785,800
A|ebin5.4_f121,cyclen,2400,ridge,0,0.9102084620847725,800
A|ebin5.4_f121,cyclen,2400,gbt,0,0.922578302050013,800
A|ebin5.4_f121,cyclen,2400,ridge,1,0.9102084620847725,800
A|ebin5.4_f121,cyclen,2400,gbt,1,0.9240266022395328,800
A|ebin5.4_f121,cyclen,2400,ridge,2,0.9102084620847725,800
A|ebin5.4_f121,cyclen,2400,gbt,2,0.92083911405587,800
A|ebin5.4_f121,f_r,25,ridge,0,0.4951575487740565,800
A|ebin5.4_f121,f_r,25,ridge,1,0.3790804110159981,800
A|ebin5.4_f121,f_r,25,ridge,2,0.33714769381464793,800
A|ebin5.4_f121,f_r,50,ridge,0,0.5332031260643211,800
A|ebin5.4_f121,f_r,50,gbt,0,0.4059010389026589,800
A|ebin5.4_f121,f_r,50,ridge,1,0.49611212473602634,800
A|ebin5.4_f121,f_r,50,gbt,1,0.2100855423406478,800
A|ebin5.4_f121,f_r,50,ridge,2,0.5536741321978974,800
A|ebin5.4_f121,f_r,50,gbt,2,0.3838204503364208,800
A|ebin5.4_f121,f_r,100,ridge,0,0.5961923074996448,800
A|ebin5.4_f121,f_r,100,gbt,0,0.45591583554203596,800
A|ebin5.4_f121,f_r,100,ridge,1,0.5003745700199841,800
A|ebin5.4_f121,f_r,100,gbt,1,0.44400173323019476,800
A|ebin5.4_f121,f_r,100,ridge,2,0.44409512349403985,800
A|ebin5.4_f121,f_r,100,gbt,2,0.30242504938247217,800
A|ebin5.4_f121,f_r,200,ridge,0,0.6053643554993812,800
A|ebin5.4_f121,f_r,200,gbt,0,0.5369551881429037,800
A|ebin5.4_f121,f_r,200,ridge,1,0.6011821720807453,800
A|ebin5.4_f121,f_r,200,gbt,1,0.5572412611770562,800
A|ebin5.4_f121,f_r,200,ridge,2,0.5629144303222703,800
A|ebin5.4_f121,f_r,200,gbt,2,0.5532621342827903,800
A|ebin5.4_f121,f_r,400,ridge,0,0.6214468340875018,800
A|ebin5.4_f121,f_r,400,gbt,0,0.6325579881447219,800
A|ebin5.4_f121,f_r,400,ridge,1,0.6019319390749488,800
A|ebin5.4_f121,f_r,400,gbt,1,0.6421031189927362,800
A|ebin5.4_f121,f_r,400,ridge,2,0.6282663152910469,800
A|ebin5.4_f121,f_r,400,gbt,2,0.6665873169091474,800
A|ebin5.4_f121,f_r,800,ridge,0,0.6426398688833767,800
A|ebin5.4_f121,f_r,800,gbt,0,0.6726745488022683,800
A|ebin5.4_f121,f_r,800,ridge,1,0.6413411126053744,800
A|ebin5.4_f121,f_r,800,gbt,1,0.7070537513692846,800
A|ebin5.4_f121,f_r,800,ridge,2,0.6533439938996991,800
A|ebin5.4_f121,f_r,800,gbt,2,0.6582848519916864,800
A|ebin5.4_f121,f_r,1600,ridge,0,0.6703220678733308,800
A|ebin5.4_f121,f_r,1600,gbt,0,0.7572822587998859,800
A|ebin5.4_f121,f_r,1600,ridge,1,0.6839218544276291,800
A|ebin5.4_f121,f_r,1600,gbt,1,0.7380357491448937,800
A|ebin5.4_f121,f_r,1600,ridge,2,0.6699779578699269,800
A|ebin5.4_f121,f_r,1600,gbt,2,0.719938828011517,800
A|ebin5.4_f121,f_r,2400,ridge,0,0.6812533143981662,800
A|ebin5.4_f121,f_r,2400,gbt,0,0.7737173483450065,800
A|ebin5.4_f121,f_r,2400,ridge,1,0.6812533143981662,800
A|ebin5.4_f121,f_r,2400,gbt,1,0.7383557888049677,800
A|ebin5.4_f121,f_r,2400,ridge,2,0.6812533143981662,800
A|ebin5.4_f121,f_r,2400,gbt,2,0.7578911027894426,800
A|ebin5.4_f121,f_q,25,ridge,0,0.47453546543323194,800
A|ebin5.4_f121,f_q,25,ridge,1,0.3243219637838143,800
A|ebin5.4_f121,f_q,25,ridge,2,0.2885974431880356,800
A|ebin5.4_f121,f_q,50,ridge,0,0.5241099325471775,800
A|ebin5.4_f121,f_q,50,gbt,0,0.4042657159836433,800
A|ebin5.4_f121,f_q,50,ridge,1,0.4896748048706116,800
A|ebin5.4_f121,f_q,50,gbt,1,0.18032367023468826,800
A|ebin5.4_f121,f_q,50,ridge,2,0.5437053228819447,800
A|ebin5.4_f121,f_q,50,gbt,2,0.3916760987924419,800
A|ebin5.4_f121,f_q,100,ridge,0,0.5843814694756363,800
A|ebin5.4_f121,f_q,100,gbt,0,0.44462171044613835,800
A|ebin5.4_f121,f_q,100,ridge,1,0.4806643122757701,800
A|ebin5.4_f121,f_q,100,gbt,1,0.3944912444016237,800
A|ebin5.4_f121,f_q,100,ridge,2,0.43025566789632547,800
A|ebin5.4_f121,f_q,100,gbt,2,0.24530415146378073,800
A|ebin5.4_f121,f_q,200,ridge,0,0.5948447615304394,800
A|ebin5.4_f121,f_q,200,gbt,0,0.5393272072751697,800
A|ebin5.4_f121,f_q,200,ridge,1,0.5978159972858998,800
A|ebin5.4_f121,f_q,200,gbt,1,0.569125127210934,800
A|ebin5.4_f121,f_q,200,ridge,2,0.5527735655795408,800
A|ebin5.4_f121,f_q,200,gbt,2,0.5367692346706848,800
A|ebin5.4_f121,f_q,400,ridge,0,0.6159144787072216,800
A|ebin5.4_f121,f_q,400,gbt,0,0.6217164222070476,800
A|ebin5.4_f121,f_q,400,ridge,1,0.6061708750784897,800
A|ebin5.4_f121,f_q,400,gbt,1,0.624068846232693,800
A|ebin5.4_f121,f_q,400,ridge,2,0.6236401487034824,800
A|ebin5.4_f121,f_q,400,gbt,2,0.6415223965815332,800
A|ebin5.4_f121,f_q,800,ridge,0,0.6407129329872845,800
A|ebin5.4_f121,f_q,800,gbt,0,0.696836054861675,800
A|ebin5.4_f121,f_q,800,ridge,1,0.6394120908289501,800
A|ebin5.4_f121,f_q,800,gbt,1,0.7053998215219647,800
A|ebin5.4_f121,f_q,800,ridge,2,0.6492908974687802,800
A|ebin5.4_f121,f_q,800,gbt,2,0.6516059266255401,800
A|ebin5.4_f121,f_q,1600,ridge,0,0.6747150403621288,800
A|ebin5.4_f121,f_q,1600,gbt,0,0.7458428538582678,800
A|ebin5.4_f121,f_q,1600,ridge,1,0.688294248117321,800
A|ebin5.4_f121,f_q,1600,gbt,1,0.7331692740551411,800
A|ebin5.4_f121,f_q,1600,ridge,2,0.6737154409272946,800
A|ebin5.4_f121,f_q,1600,gbt,2,0.7164133451118033,800
A|ebin5.4_f121,f_q,2400,ridge,0,0.6871749648757839,800
A|ebin5.4_f121,f_q,2400,gbt,0,0.7650422234943474,800
A|ebin5.4_f121,f_q,2400,ridge,1,0.6871749648757839,800
A|ebin5.4_f121,f_q,2400,gbt,1,0.7573494597535125,800
A|ebin5.4_f121,f_q,2400,ridge,2,0.6871749648757839,800
A|ebin5.4_f121,f_q,2400,gbt,2,0.7580919431563372,800
A|ebin5.4_f121,cbc_max,25,ridge,0,0.9101607167046949,702
A|ebin5.4_f121,cbc_max,25,ridge,1,0.8867162809330457,702
A|ebin5.4_f121,cbc_max,25,ridge,2,0.8911741747718054,702
A|ebin5.4_f121,cbc_max,50,ridge,0,0.9191035778408065,702
A|ebin5.4_f121,cbc_max,50,gbt,0,0.4108871193217235,702
A|ebin5.4_f121,cbc_max,50,ridge,1,0.8988974815275066,702
A|ebin5.4_f121,cbc_max,50,gbt,1,0.7637004096281255,702
A|ebin5.4_f121,cbc_max,50,ridge,2,0.9080670763754535,702
A|ebin5.4_f121,cbc_max,50,gbt,2,0.6434835483260286,702
A|ebin5.4_f121,cbc_max,100,ridge,0,0.9441343864741112,702
A|ebin5.4_f121,cbc_max,100,gbt,0,0.8847015936515567,702
A|ebin5.4_f121,cbc_max,100,ridge,1,0.935131776417532,702
A|ebin5.4_f121,cbc_max,100,gbt,1,0.8665751018924879,702
A|ebin5.4_f121,cbc_max,100,ridge,2,0.9054277350204966,702
A|ebin5.4_f121,cbc_max,100,gbt,2,0.876396805511006,702
A|ebin5.4_f121,cbc_max,200,ridge,0,0.940901596988055,702
A|ebin5.4_f121,cbc_max,200,gbt,0,0.9210307828974439,702
A|ebin5.4_f121,cbc_max,200,ridge,1,0.9302077889681352,702
A|ebin5.4_f121,cbc_max,200,gbt,1,0.884288771069334,702
A|ebin5.4_f121,cbc_max,200,ridge,2,0.9403040384087261,702
A|ebin5.4_f121,cbc_max,200,gbt,2,0.9040122979759085,702
A|ebin5.4_f121,cbc_max,400,ridge,0,0.9486742638098378,702
A|ebin5.4_f121,cbc_max,400,gbt,0,0.9189766273833265,702
A|ebin5.4_f121,cbc_max,400,ridge,1,0.945414799769448,702
A|ebin5.4_f121,cbc_max,400,gbt,1,0.9227099351327861,702
A|ebin5.4_f121,cbc_max,400,ridge,2,0.9491214528273514,702
A|ebin5.4_f121,cbc_max,400,gbt,2,0.9232056837682543,702
A|ebin5.4_f121,cbc_max,800,ridge,0,0.9546135319719334,702
A|ebin5.4_f121,cbc_max,800,gbt,0,0.953716403762162,702
A|ebin5.4_f121,cbc_max,800,ridge,1,0.953163289524429,702
A|ebin5.4_f121,cbc_max,800,gbt,1,0.9493074518684701,702
A|ebin5.4_f121,cbc_max,800,ridge,2,0.952364943353735,702
A|ebin5.4_f121,cbc_max,800,gbt,2,0.9477591509721722,702
A|ebin5.4_f121,cbc_max,1600,ridge,0,0.9557222083121266,702
A|ebin5.4_f121,cbc_max,1600,gbt,0,0.9610125702888859,702
A|ebin5.4_f121,cbc_max,1600,ridge,1,0.9561063878004507,702
A|ebin5.4_f121,cbc_max,1600,gbt,1,0.9587660295558609,702
A|ebin5.4_f121,cbc_max,1600,ridge,2,0.9551664479616299,702
A|ebin5.4_f121,cbc_max,1600,gbt,2,0.965359128170813,702
A|ebin5.4_f121,cbc_max,2098,ridge,0,0.9557493164580456,702
A|ebin5.4_f121,cbc_max,2098,gbt,0,0.9622484887966928,702
A|ebin5.4_f121,cbc_max,2098,ridge,1,0.9557493164580456,702
A|ebin5.4_f121,cbc_max,2098,gbt,1,0.9654627380180514,702
A|ebin5.4_f121,cbc_max,2098,ridge,2,0.9557493164580456,702
A|ebin5.4_f121,cbc_max,2098,gbt,2,0.9624451845929933,702
A|ebin5.4_f121,ao_abs,25,ridge,0,0.5747718225013098,800
A|ebin5.4_f121,ao_abs,25,ridge,1,0.5359497800287021,800
A|ebin5.4_f121,ao_abs,25,ridge,2,0.5549663667803283,800
A|ebin5.4_f121,ao_abs,50,ridge,0,0.5620227455699254,800
A|ebin5.4_f121,ao_abs,50,gbt,0,0.4041142956477846,800
A|ebin5.4_f121,ao_abs,50,ridge,1,0.5582480199735878,800
A|ebin5.4_f121,ao_abs,50,gbt,1,0.37273445115663456,800
A|ebin5.4_f121,ao_abs,50,ridge,2,0.4966388136409708,800
A|ebin5.4_f121,ao_abs,50,gbt,2,0.3290551049252869,800
A|ebin5.4_f121,ao_abs,100,ridge,0,0.5864670780221934,800
A|ebin5.4_f121,ao_abs,100,gbt,0,0.45506258708218755,800
A|ebin5.4_f121,ao_abs,100,ridge,1,0.5953890224698589,800
A|ebin5.4_f121,ao_abs,100,gbt,1,0.4361556630976883,800
A|ebin5.4_f121,ao_abs,100,ridge,2,0.6054609066845321,800
A|ebin5.4_f121,ao_abs,100,gbt,2,0.49373434138868333,800
A|ebin5.4_f121,ao_abs,200,ridge,0,0.6044990551425845,800
A|ebin5.4_f121,ao_abs,200,gbt,0,0.4657047276272095,800
A|ebin5.4_f121,ao_abs,200,ridge,1,0.6326823471311974,800
A|ebin5.4_f121,ao_abs,200,gbt,1,0.5819555074618513,800
A|ebin5.4_f121,ao_abs,200,ridge,2,0.6452858051040398,800
A|ebin5.4_f121,ao_abs,200,gbt,2,0.5325491417297866,800
A|ebin5.4_f121,ao_abs,400,ridge,0,0.6528397563514453,800
A|ebin5.4_f121,ao_abs,400,gbt,0,0.66359458235767,800
A|ebin5.4_f121,ao_abs,400,ridge,1,0.6449287304487387,800
A|ebin5.4_f121,ao_abs,400,gbt,1,0.6434553045101178,800
A|ebin5.4_f121,ao_abs,400,ridge,2,0.6514568098443211,800
A|ebin5.4_f121,ao_abs,400,gbt,2,0.6429703323335315,800
A|ebin5.4_f121,ao_abs,800,ridge,0,0.6553345796626495,800
A|ebin5.4_f121,ao_abs,800,gbt,0,0.700351965259502,800
A|ebin5.4_f121,ao_abs,800,ridge,1,0.6776931250284798,800
A|ebin5.4_f121,ao_abs,800,gbt,1,0.7284477657523227,800
A|ebin5.4_f121,ao_abs,800,ridge,2,0.6665443566228128,800
A|ebin5.4_f121,ao_abs,800,gbt,2,0.7188278843510827,800
A|ebin5.4_f121,ao_abs,1600,ridge,0,0.6838231019260236,800
A|ebin5.4_f121,ao_abs,1600,gbt,0,0.7550237647552723,800
A|ebin5.4_f121,ao_abs,1600,ridge,1,0.6768041298413732,800
A|ebin5.4_f121,ao_abs,1600,gbt,1,0.7653580232547351,800
A|ebin5.4_f121,ao_abs,1600,ridge,2,0.6731102294467949,800
A|ebin5.4_f121,ao_abs,1600,gbt,2,0.7481930361072027,800
A|ebin5.4_f121,ao_abs,2400,ridge,0,0.6815745394223842,800
A|ebin5.4_f121,ao_abs,2400,gbt,0,0.7797837501468106,800
A|ebin5.4_f121,ao_abs,2400,ridge,1,0.6815745394223842,800
A|ebin5.4_f121,ao_abs,2400,gbt,1,0.773958599188104,800
A|ebin5.4_f121,ao_abs,2400,ridge,2,0.6815745394223842,800
A|ebin5.4_f121,ao_abs,2400,gbt,2,0.7811656022278776,800
A|ebin5.4_f121,max_assembly_burnup,25,ridge,0,0.47616985896378267,800
A|ebin5.4_f121,max_assembly_burnup,25,ridge,1,0.3002140047040029,800
A|ebin5.4_f121,max_assembly_burnup,25,ridge,2,0.3809889239906704,800
A|ebin5.4_f121,max_assembly_burnup,50,ridge,0,0.420237576780102,800
A|ebin5.4_f121,max_assembly_burnup,50,gbt,0,0.08686587205589592,800
A|ebin5.4_f121,max_assembly_burnup,50,ridge,1,0.4969054062224226,800
A|ebin5.4_f121,max_assembly_burnup,50,gbt,1,0.4102250992632164,800
A|ebin5.4_f121,max_assembly_burnup,50,ridge,2,0.5359262343597033,800
A|ebin5.4_f121,max_assembly_burnup,50,gbt,2,0.35684992774304997,800
A|ebin5.4_f121,max_assembly_burnup,100,ridge,0,0.5904953537939298,800
A|ebin5.4_f121,max_assembly_burnup,100,gbt,0,0.45559826273642234,800
A|ebin5.4_f121,max_assembly_burnup,100,ridge,1,0.4907429960618998,800
A|ebin5.4_f121,max_assembly_burnup,100,gbt,1,0.4401277334551152,800
A|ebin5.4_f121,max_assembly_burnup,100,ridge,2,0.555565467032776,800
A|ebin5.4_f121,max_assembly_burnup,100,gbt,2,0.30585271044210743,800
A|ebin5.4_f121,max_assembly_burnup,200,ridge,0,0.5900288294689401,800
A|ebin5.4_f121,max_assembly_burnup,200,gbt,0,0.5507083734677098,800
A|ebin5.4_f121,max_assembly_burnup,200,ridge,1,0.5571580481874129,800
A|ebin5.4_f121,max_assembly_burnup,200,gbt,1,0.5111310095884616,800
A|ebin5.4_f121,max_assembly_burnup,200,ridge,2,0.5754892197783537,800
A|ebin5.4_f121,max_assembly_burnup,200,gbt,2,0.533260721474349,800
A|ebin5.4_f121,max_assembly_burnup,400,ridge,0,0.6833725539157963,800
A|ebin5.4_f121,max_assembly_burnup,400,gbt,0,0.6570328670899063,800
A|ebin5.4_f121,max_assembly_burnup,400,ridge,1,0.6555439384762021,800
A|ebin5.4_f121,max_assembly_burnup,400,gbt,1,0.6559727008852831,800
A|ebin5.4_f121,max_assembly_burnup,400,ridge,2,0.6133599441652418,800
A|ebin5.4_f121,max_assembly_burnup,400,gbt,2,0.6127222535556447,800
A|ebin5.4_f121,max_assembly_burnup,800,ridge,0,0.7195103807844971,800
A|ebin5.4_f121,max_assembly_burnup,800,gbt,0,0.6839962309850336,800
A|ebin5.4_f121,max_assembly_burnup,800,ridge,1,0.6916563899870005,800
A|ebin5.4_f121,max_assembly_burnup,800,gbt,1,0.6912426862189927,800
A|ebin5.4_f121,max_assembly_burnup,800,ridge,2,0.694327824756488,800
A|ebin5.4_f121,max_assembly_burnup,800,gbt,2,0.6781587471896785,800
A|ebin5.4_f121,max_assembly_burnup,1600,ridge,0,0.7200295416187399,800
A|ebin5.4_f121,max_assembly_burnup,1600,gbt,0,0.7164999152703787,800
A|ebin5.4_f121,max_assembly_burnup,1600,ridge,1,0.7217125448203906,800
A|ebin5.4_f121,max_assembly_burnup,1600,gbt,1,0.7648022713231151,800
A|ebin5.4_f121,max_assembly_burnup,1600,ridge,2,0.7156799435005589,800
A|ebin5.4_f121,max_assembly_burnup,1600,gbt,2,0.7386328508678055,800
A|ebin5.4_f121,max_assembly_burnup,2400,ridge,0,0.7279855684725884,800
A|ebin5.4_f121,max_assembly_burnup,2400,gbt,0,0.7719069059323227,800
A|ebin5.4_f121,max_assembly_burnup,2400,ridge,1,0.7279855684725884,800
A|ebin5.4_f121,max_assembly_burnup,2400,gbt,1,0.752369859558222,800
A|ebin5.4_f121,max_assembly_burnup,2400,ridge,2,0.7279855684725884,800
A|ebin5.4_f121,max_assembly_burnup,2400,gbt,2,0.769884426593197,800
A|ebin5.4_f121,node_peak,25,ridge,0,0.3085770711532824,702
A|ebin5.4_f121,node_peak,25,ridge,1,0.5457460990952451,702
A|ebin5.4_f121,node_peak,25,ridge,2,0.2801429713541441,702
A|ebin5.4_f121,node_peak,50,ridge,0,0.5052347986390953,702
A|ebin5.4_f121,node_peak,50,gbt,0,0.28278411215696164,702
A|ebin5.4_f121,node_peak,50,ridge,1,0.5124363686187999,702
A|ebin5.4_f121,node_peak,50,gbt,1,0.2634875387605996,702
A|ebin5.4_f121,node_peak,50,ridge,2,0.5124862666664406,702
A|ebin5.4_f121,node_peak,50,gbt,2,0.25356600655868505,702
A|ebin5.4_f121,node_peak,100,ridge,0,0.633459495742196,702
A|ebin5.4_f121,node_peak,100,gbt,0,0.5547977080137196,702
A|ebin5.4_f121,node_peak,100,ridge,1,0.5996860100012863,702
A|ebin5.4_f121,node_peak,100,gbt,1,0.5149656336894649,702
A|ebin5.4_f121,node_peak,100,ridge,2,0.5340925722330778,702
A|ebin5.4_f121,node_peak,100,gbt,2,0.4056331123720595,702
A|ebin5.4_f121,node_peak,200,ridge,0,0.6720085038771373,702
A|ebin5.4_f121,node_peak,200,gbt,0,0.6266132652975632,702
A|ebin5.4_f121,node_peak,200,ridge,1,0.6558302456424485,702
A|ebin5.4_f121,node_peak,200,gbt,1,0.5529538827390507,702
A|ebin5.4_f121,node_peak,200,ridge,2,0.6295566775404426,702
A|ebin5.4_f121,node_peak,200,gbt,2,0.6115203414387477,702
A|ebin5.4_f121,node_peak,400,ridge,0,0.6677328638359386,702
A|ebin5.4_f121,node_peak,400,gbt,0,0.6740403394757847,702
A|ebin5.4_f121,node_peak,400,ridge,1,0.6834038859561679,702
A|ebin5.4_f121,node_peak,400,gbt,1,0.6636293490384841,702
A|ebin5.4_f121,node_peak,400,ridge,2,0.6409065148599652,702
A|ebin5.4_f121,node_peak,400,gbt,2,0.6589157006877912,702
A|ebin5.4_f121,node_peak,800,ridge,0,0.7139885100928666,702
A|ebin5.4_f121,node_peak,800,gbt,0,0.7544784824266682,702
A|ebin5.4_f121,node_peak,800,ridge,1,0.6954758141048433,702
A|ebin5.4_f121,node_peak,800,gbt,1,0.7456234732382082,702
A|ebin5.4_f121,node_peak,800,ridge,2,0.6819221550197451,702
A|ebin5.4_f121,node_peak,800,gbt,2,0.7346236717222223,702
A|ebin5.4_f121,node_peak,1600,ridge,0,0.7106481679366591,702
A|ebin5.4_f121,node_peak,1600,gbt,0,0.7624723461226469,702
A|ebin5.4_f121,node_peak,1600,ridge,1,0.6926728168606986,702
A|ebin5.4_f121,node_peak,1600,gbt,1,0.7829513785571064,702
A|ebin5.4_f121,node_peak,1600,ridge,2,0.7108697173494372,702
A|ebin5.4_f121,node_peak,1600,gbt,2,0.7817057831178682,702
A|ebin5.4_f121,node_peak,2098,ridge,0,0.7128973436801911,702
A|ebin5.4_f121,node_peak,2098,gbt,0,0.7836899844333027,702
A|ebin5.4_f121,node_peak,2098,ridge,1,0.7128973436801911,702
A|ebin5.4_f121,node_peak,2098,gbt,1,0.7875643428327395,702
A|ebin5.4_f121,node_peak,2098,ridge,2,0.7128973436801911,702
A|ebin5.4_f121,node_peak,2098,gbt,2,0.7858910380286923,702
A|ebin5.4_f121,map_cov,25,ridge,0,0.45792985255407354,702
A|ebin5.4_f121,map_cov,25,ridge,1,0.5582716423620395,702
A|ebin5.4_f121,map_cov,25,ridge,2,0.34345495558799854,702
A|ebin5.4_f121,map_cov,50,ridge,0,0.4530040444898917,702
A|ebin5.4_f121,map_cov,50,gbt,0,0.21362332590034352,702
A|ebin5.4_f121,map_cov,50,ridge,1,0.5830790102131794,702
A|ebin5.4_f121,map_cov,50,gbt,1,0.27519503251054206,702
A|ebin5.4_f121,map_cov,50,ridge,2,0.5135497617665948,702
A|ebin5.4_f121,map_cov,50,gbt,2,0.1704262782948778,702
A|ebin5.4_f121,map_cov,100,ridge,0,0.6525496370830105,702
A|ebin5.4_f121,map_cov,100,gbt,0,0.5697191006325206,702
A|ebin5.4_f121,map_cov,100,ridge,1,0.6176022973830616,702
A|ebin5.4_f121,map_cov,100,gbt,1,0.5801449878413114,702
A|ebin5.4_f121,map_cov,100,ridge,2,0.6025673545006828,702
A|ebin5.4_f121,map_cov,100,gbt,2,0.5369057535610392,702
A|ebin5.4_f121,map_cov,200,ridge,0,0.7052829712939331,702
A|ebin5.4_f121,map_cov,200,gbt,0,0.6688365150153259,702
A|ebin5.4_f121,map_cov,200,ridge,1,0.6414850746257007,702
A|ebin5.4_f121,map_cov,200,gbt,1,0.5842811428676513,702
A|ebin5.4_f121,map_cov,200,ridge,2,0.6538669575684366,702
A|ebin5.4_f121,map_cov,200,gbt,2,0.6347124771072333,702
A|ebin5.4_f121,map_cov,400,ridge,0,0.6948264082433313,702
A|ebin5.4_f121,map_cov,400,gbt,0,0.7010559064641021,702
A|ebin5.4_f121,map_cov,400,ridge,1,0.687386567032186,702
A|ebin5.4_f121,map_cov,400,gbt,1,0.7242471964035557,702
A|ebin5.4_f121,map_cov,400,ridge,2,0.7029334601224383,702
A|ebin5.4_f121,map_cov,400,gbt,2,0.6757658224061037,702
A|ebin5.4_f121,map_cov,800,ridge,0,0.7372056457573388,702
A|ebin5.4_f121,map_cov,800,gbt,0,0.7826911640112075,702
A|ebin5.4_f121,map_cov,800,ridge,1,0.7170464833202276,702
A|ebin5.4_f121,map_cov,800,gbt,1,0.7864583114730926,702
A|ebin5.4_f121,map_cov,800,ridge,2,0.7271851717380661,702
A|ebin5.4_f121,map_cov,800,gbt,2,0.7557929155249088,702
A|ebin5.4_f121,map_cov,1600,ridge,0,0.7427335910705531,702
A|ebin5.4_f121,map_cov,1600,gbt,0,0.8194486102957182,702
A|ebin5.4_f121,map_cov,1600,ridge,1,0.7328568266326356,702
A|ebin5.4_f121,map_cov,1600,gbt,1,0.8021052848100907,702
A|ebin5.4_f121,map_cov,1600,ridge,2,0.7412112338157837,702
A|ebin5.4_f121,map_cov,1600,gbt,2,0.7902291527113429,702
A|ebin5.4_f121,map_cov,2098,ridge,0,0.7442586886238812,702
A|ebin5.4_f121,map_cov,2098,gbt,0,0.8212031747469068,702
A|ebin5.4_f121,map_cov,2098,ridge,1,0.7442586886238812,702
A|ebin5.4_f121,map_cov,2098,gbt,1,0.8291496907984912,702
A|ebin5.4_f121,map_cov,2098,ridge,2,0.7442586886238812,702
A|ebin5.4_f121,map_cov,2098,gbt,2,0.8226758566917127,702
A|ebin5.35_f121,cyclen,25,ridge,0,0.904312287137723,800
A|ebin5.35_f121,cyclen,25,ridge,1,0.8924295846291244,800
A|ebin5.35_f121,cyclen,25,ridge,2,0.8874571118702078,800
A|ebin5.35_f121,cyclen,50,ridge,0,0.9047353815612035,800
A|ebin5.35_f121,cyclen,50,gbt,0,0.8005663970283137,800
A|ebin5.35_f121,cyclen,50,ridge,1,0.901335098804894,800
A|ebin5.35_f121,cyclen,50,gbt,1,0.7171621743640149,800
A|ebin5.35_f121,cyclen,50,ridge,2,0.9075188000543403,800
A|ebin5.35_f121,cyclen,50,gbt,2,0.7001905896805986,800
A|ebin5.35_f121,cyclen,100,ridge,0,0.9236487593237092,800
A|ebin5.35_f121,cyclen,100,gbt,0,0.8811867755619285,800
A|ebin5.35_f121,cyclen,100,ridge,1,0.8462809916386883,800
A|ebin5.35_f121,cyclen,100,gbt,1,0.8664772612748396,800
A|ebin5.35_f121,cyclen,100,ridge,2,0.9140086072597952,800
A|ebin5.35_f121,cyclen,100,gbt,2,0.8650301072771347,800
A|ebin5.35_f121,cyclen,200,ridge,0,0.9359915875647347,800
A|ebin5.35_f121,cyclen,200,gbt,0,0.9141675505793135,800
A|ebin5.35_f121,cyclen,200,ridge,1,0.9310124585452225,800
A|ebin5.35_f121,cyclen,200,gbt,1,0.9127099025586045,800
A|ebin5.35_f121,cyclen,200,ridge,2,0.9242895767500103,800
A|ebin5.35_f121,cyclen,200,gbt,2,0.8930608903948706,800
A|ebin5.35_f121,cyclen,400,ridge,0,0.9418029483777404,800
A|ebin5.35_f121,cyclen,400,gbt,0,0.9344526000046359,800
A|ebin5.35_f121,cyclen,400,ridge,1,0.9441588544716145,800
A|ebin5.35_f121,cyclen,400,gbt,1,0.9225362109528927,800
A|ebin5.35_f121,cyclen,400,ridge,2,0.9429999854394303,800
A|ebin5.35_f121,cyclen,400,gbt,2,0.9332467816320466,800
A|ebin5.35_f121,cyclen,800,ridge,0,0.9502254852222084,800
A|ebin5.35_f121,cyclen,800,gbt,0,0.9493988136879485,800
A|ebin5.35_f121,cyclen,800,ridge,1,0.9486476350543412,800
A|ebin5.35_f121,cyclen,800,gbt,1,0.9487356078506262,800
A|ebin5.35_f121,cyclen,800,ridge,2,0.9472417343789331,800
A|ebin5.35_f121,cyclen,800,gbt,2,0.9426132074800083,800
A|ebin5.35_f121,cyclen,1600,ridge,0,0.950810486153411,800
A|ebin5.35_f121,cyclen,1600,gbt,0,0.9599762915246222,800
A|ebin5.35_f121,cyclen,1600,ridge,1,0.9527910869623751,800
A|ebin5.35_f121,cyclen,1600,gbt,1,0.9593652632046591,800
A|ebin5.35_f121,cyclen,1600,ridge,2,0.9507174274115303,800
A|ebin5.35_f121,cyclen,1600,gbt,2,0.9602378075674349,800
A|ebin5.35_f121,cyclen,2400,ridge,0,0.9520835897424333,800
A|ebin5.35_f121,cyclen,2400,gbt,0,0.9644452908520469,800
A|ebin5.35_f121,cyclen,2400,ridge,1,0.9520835897424333,800
A|ebin5.35_f121,cyclen,2400,gbt,1,0.9630811619358344,800
A|ebin5.35_f121,cyclen,2400,ridge,2,0.9520835897424333,800
A|ebin5.35_f121,cyclen,2400,gbt,2,0.96319707227659,800
A|ebin5.35_f121,f_r,25,ridge,0,0.6730670222923555,800
A|ebin5.35_f121,f_r,25,ridge,1,0.5998835036901206,800
A|ebin5.35_f121,f_r,25,ridge,2,0.11738647952569947,800
A|ebin5.35_f121,f_r,50,ridge,0,0.6075157991016065,800
A|ebin5.35_f121,f_r,50,gbt,0,0.1982001351222067,800
A|ebin5.35_f121,f_r,50,ridge,1,0.6728289320068364,800
A|ebin5.35_f121,f_r,50,gbt,1,0.23468881674347422,800
A|ebin5.35_f121,f_r,50,ridge,2,0.6102569135626587,800
A|ebin5.35_f121,f_r,50,gbt,2,0.07313345055729409,800
A|ebin5.35_f121,f_r,100,ridge,0,0.6756842576173039,800
A|ebin5.35_f121,f_r,100,gbt,0,0.5310862753718767,800
A|ebin5.35_f121,f_r,100,ridge,1,0.6048585910462397,800
A|ebin5.35_f121,f_r,100,gbt,1,0.4081221500998624,800
A|ebin5.35_f121,f_r,100,ridge,2,0.7101385949837515,800
A|ebin5.35_f121,f_r,100,gbt,2,0.5241637333961636,800
A|ebin5.35_f121,f_r,200,ridge,0,0.7265936489530908,800
A|ebin5.35_f121,f_r,200,gbt,0,0.6451863745451676,800
A|ebin5.35_f121,f_r,200,ridge,1,0.6985723547729538,800
A|ebin5.35_f121,f_r,200,gbt,1,0.6257525810215305,800
A|ebin5.35_f121,f_r,200,ridge,2,0.7410670703393224,800
A|ebin5.35_f121,f_r,200,gbt,2,0.6239217433038132,800
A|ebin5.35_f121,f_r,400,ridge,0,0.7376251967655335,800
A|ebin5.35_f121,f_r,400,gbt,0,0.744987988229626,800
A|ebin5.35_f121,f_r,400,ridge,1,0.746235142428519,800
A|ebin5.35_f121,f_r,400,gbt,1,0.7022346942247762,800
A|ebin5.35_f121,f_r,400,ridge,2,0.7557257889443673,800
A|ebin5.35_f121,f_r,400,gbt,2,0.7552778082873015,800
A|ebin5.35_f121,f_r,800,ridge,0,0.7655506548303495,800
A|ebin5.35_f121,f_r,800,gbt,0,0.8084631529612878,800
A|ebin5.35_f121,f_r,800,ridge,1,0.7828770229163847,800
A|ebin5.35_f121,f_r,800,gbt,1,0.7849868433640586,800
A|ebin5.35_f121,f_r,800,ridge,2,0.7481577709958962,800
A|ebin5.35_f121,f_r,800,gbt,2,0.7952093051174058,800
A|ebin5.35_f121,f_r,1600,ridge,0,0.7719389791836858,800
A|ebin5.35_f121,f_r,1600,gbt,0,0.8261921187438155,800
A|ebin5.35_f121,f_r,1600,ridge,1,0.7732828176146362,800
A|ebin5.35_f121,f_r,1600,gbt,1,0.817303611808769,800
A|ebin5.35_f121,f_r,1600,ridge,2,0.7781426274131116,800
A|ebin5.35_f121,f_r,1600,gbt,2,0.8375028030570398,800
A|ebin5.35_f121,f_r,2400,ridge,0,0.782062228435809,800
A|ebin5.35_f121,f_r,2400,gbt,0,0.8424360643570646,800
A|ebin5.35_f121,f_r,2400,ridge,1,0.782062228435809,800
A|ebin5.35_f121,f_r,2400,gbt,1,0.8480168618128652,800
A|ebin5.35_f121,f_r,2400,ridge,2,0.782062228435809,800
A|ebin5.35_f121,f_r,2400,gbt,2,0.8380718450829804,800
A|ebin5.35_f121,f_q,25,ridge,0,0.6703702044629731,800
A|ebin5.35_f121,f_q,25,ridge,1,0.5985014680543653,800
A|ebin5.35_f121,f_q,25,ridge,2,0.19904882839685908,800
A|ebin5.35_f121,f_q,50,ridge,0,0.5922609296799761,800
A|ebin5.35_f121,f_q,50,gbt,0,0.2535934864886808,800
A|ebin5.35_f121,f_q,50,ridge,1,0.6869850189872062,800
A|ebin5.35_f121,f_q,50,gbt,1,0.2381797979219712,800
A|ebin5.35_f121,f_q,50,ridge,2,0.6037248640058758,800
A|ebin5.35_f121,f_q,50,gbt,2,0.15854658066251479,800
A|ebin5.35_f121,f_q,100,ridge,0,0.6865650768386757,800
A|ebin5.35_f121,f_q,100,gbt,0,0.5039477860103864,800
A|ebin5.35_f121,f_q,100,ridge,1,0.6164494802476296,800
A|ebin5.35_f121,f_q,100,gbt,1,0.3593791636493504,800
A|ebin5.35_f121,f_q,100,ridge,2,0.7085245531537662,800
A|ebin5.35_f121,f_q,100,gbt,2,0.5433032657856426,800
A|ebin5.35_f121,f_q,200,ridge,0,0.7289281634374918,800
A|ebin5.35_f121,f_q,200,gbt,0,0.6335627673527954,800
A|ebin5.35_f121,f_q,200,ridge,1,0.6991341381179736,800
A|ebin5.35_f121,f_q,200,gbt,1,0.6421127866089233,800
A|ebin5.35_f121,f_q,200,ridge,2,0.7418906355684243,800
A|ebin5.35_f121,f_q,200,gbt,2,0.620059956406282,800
A|ebin5.35_f121,f_q,400,ridge,0,0.7408700243894142,800
A|ebin5.35_f121,f_q,400,gbt,0,0.745650107982921,800
A|ebin5.35_f121,f_q,400,ridge,1,0.7472493481653676,800
A|ebin5.35_f121,f_q,400,gbt,1,0.7062937166193469,800
A|ebin5.35_f121,f_q,400,ridge,2,0.7491118709887721,800
A|ebin5.35_f121,f_q,400,gbt,2,0.72785775975838,800
A|ebin5.35_f121,f_q,800,ridge,0,0.7599141986764805,800
A|ebin5.35_f121,f_q,800,gbt,0,0.8079213887038924,800
A|ebin5.35_f121,f_q,800,ridge,1,0.7854321383126829,800
A|ebin5.35_f121,f_q,800,gbt,1,0.7934856091121046,800
A|ebin5.35_f121,f_q,800,ridge,2,0.7466157376704113,800
A|ebin5.35_f121,f_q,800,gbt,2,0.786014522299376,800
A|ebin5.35_f121,f_q,1600,ridge,0,0.7726454243049167,800
A|ebin5.35_f121,f_q,1600,gbt,0,0.8333310930949738,800
A|ebin5.35_f121,f_q,1600,ridge,1,0.77531561652469,800
A|ebin5.35_f121,f_q,1600,gbt,1,0.816312398850911,800
A|ebin5.35_f121,f_q,1600,ridge,2,0.776905091990462,800
A|ebin5.35_f121,f_q,1600,gbt,2,0.8432835022882395,800
A|ebin5.35_f121,f_q,2400,ridge,0,0.7774863898929517,800
A|ebin5.35_f121,f_q,2400,gbt,0,0.8469498986566698,800
A|ebin5.35_f121,f_q,2400,ridge,1,0.7774863898929517,800
A|ebin5.35_f121,f_q,2400,gbt,1,0.8472917996576416,800
A|ebin5.35_f121,f_q,2400,ridge,2,0.7774863898929517,800
A|ebin5.35_f121,f_q,2400,gbt,2,0.8364932442662345,800
A|ebin5.35_f121,cbc_max,25,ridge,0,0.9279935335380899,659
A|ebin5.35_f121,cbc_max,25,ridge,1,0.9320766878691532,659
A|ebin5.35_f121,cbc_max,25,ridge,2,0.9241534061376365,659
A|ebin5.35_f121,cbc_max,50,ridge,0,0.9306155073174085,659
A|ebin5.35_f121,cbc_max,50,gbt,0,0.6346975686640217,659
A|ebin5.35_f121,cbc_max,50,ridge,1,0.9227554142650553,659
A|ebin5.35_f121,cbc_max,50,gbt,1,0.6182004575090877,659
A|ebin5.35_f121,cbc_max,50,ridge,2,0.931764371428047,659
A|ebin5.35_f121,cbc_max,50,gbt,2,0.7051718424408655,659
A|ebin5.35_f121,cbc_max,100,ridge,0,0.9483155075323005,659
A|ebin5.35_f121,cbc_max,100,gbt,0,0.8526350525592122,659
A|ebin5.35_f121,cbc_max,100,ridge,1,0.9501294461184181,659
A|ebin5.35_f121,cbc_max,100,gbt,1,0.8763212956997729,659
A|ebin5.35_f121,cbc_max,100,ridge,2,0.9557019161065471,659
A|ebin5.35_f121,cbc_max,100,gbt,2,0.8801590370664512,659
A|ebin5.35_f121,cbc_max,200,ridge,0,0.9529471706267835,659
A|ebin5.35_f121,cbc_max,200,gbt,0,0.9219693899269109,659
A|ebin5.35_f121,cbc_max,200,ridge,1,0.9550607417950513,659
A|ebin5.35_f121,cbc_max,200,gbt,1,0.9345515785529606,659
A|ebin5.35_f121,cbc_max,200,ridge,2,0.9544421468490032,659
A|ebin5.35_f121,cbc_max,200,gbt,2,0.9228045079528697,659
A|ebin5.35_f121,cbc_max,400,ridge,0,0.9654264735302812,659
A|ebin5.35_f121,cbc_max,400,gbt,0,0.9581360010528663,659
A|ebin5.35_f121,cbc_max,400,ridge,1,0.9650094156687706,659
A|ebin5.35_f121,cbc_max,400,gbt,1,0.9531936438558807,659
A|ebin5.35_f121,cbc_max,400,ridge,2,0.9645526499909575,659
A|ebin5.35_f121,cbc_max,400,gbt,2,0.9468229604694413,659
A|ebin5.35_f121,cbc_max,800,ridge,0,0.968695974033102,659
A|ebin5.35_f121,cbc_max,800,gbt,0,0.9609489447097267,659
A|ebin5.35_f121,cbc_max,800,ridge,1,0.9678311235378,659
A|ebin5.35_f121,cbc_max,800,gbt,1,0.9638463683186811,659
A|ebin5.35_f121,cbc_max,800,ridge,2,0.9691817972787057,659
A|ebin5.35_f121,cbc_max,800,gbt,2,0.9627083431301302,659
A|ebin5.35_f121,cbc_max,1600,ridge,0,0.9708649139145982,659
A|ebin5.35_f121,cbc_max,1600,gbt,0,0.9734994140371586,659
A|ebin5.35_f121,cbc_max,1600,ridge,1,0.970935545188686,659
A|ebin5.35_f121,cbc_max,1600,gbt,1,0.9718201025413494,659
A|ebin5.35_f121,cbc_max,1600,ridge,2,0.9703013732059362,659
A|ebin5.35_f121,cbc_max,1600,gbt,2,0.9676037676470487,659
A|ebin5.35_f121,cbc_max,1996,ridge,0,0.9705750510486025,659
A|ebin5.35_f121,cbc_max,1996,gbt,0,0.9743332152930787,659
A|ebin5.35_f121,cbc_max,1996,ridge,1,0.9705750510486025,659
A|ebin5.35_f121,cbc_max,1996,gbt,1,0.974342995222913,659
A|ebin5.35_f121,cbc_max,1996,ridge,2,0.9705750510486025,659
A|ebin5.35_f121,cbc_max,1996,gbt,2,0.9748418582164432,659
A|ebin5.35_f121,ao_abs,25,ridge,0,0.6169369203298033,800
A|ebin5.35_f121,ao_abs,25,ridge,1,0.49289169985533704,800
A|ebin5.35_f121,ao_abs,25,ridge,2,0.6582114240558197,800
A|ebin5.35_f121,ao_abs,50,ridge,0,0.6587522967693266,800
A|ebin5.35_f121,ao_abs,50,gbt,0,0.5349362323962815,800
A|ebin5.35_f121,ao_abs,50,ridge,1,0.6743399169629596,800
A|ebin5.35_f121,ao_abs,50,gbt,1,0.5126125278867287,800
A|ebin5.35_f121,ao_abs,50,ridge,2,0.584928644087798,800
A|ebin5.35_f121,ao_abs,50,gbt,2,0.22510062024646138,800
A|ebin5.35_f121,ao_abs,100,ridge,0,0.6866030227218295,800
A|ebin5.35_f121,ao_abs,100,gbt,0,0.5399879878238701,800
A|ebin5.35_f121,ao_abs,100,ridge,1,0.672080073562014,800
A|ebin5.35_f121,ao_abs,100,gbt,1,0.5978163282744486,800
A|ebin5.35_f121,ao_abs,100,ridge,2,0.724528929735788,800
A|ebin5.35_f121,ao_abs,100,gbt,2,0.6456609746307048,800
A|ebin5.35_f121,ao_abs,200,ridge,0,0.7251926630795417,800
A|ebin5.35_f121,ao_abs,200,gbt,0,0.6712287000831431,800
A|ebin5.35_f121,ao_abs,200,ridge,1,0.7283773713984288,800
A|ebin5.35_f121,ao_abs,200,gbt,1,0.7191334258980325,800
A|ebin5.35_f121,ao_abs,200,ridge,2,0.6913501024719567,800
A|ebin5.35_f121,ao_abs,200,gbt,2,0.6505522424461188,800
A|ebin5.35_f121,ao_abs,400,ridge,0,0.7445075283850704,800
A|ebin5.35_f121,ao_abs,400,gbt,0,0.7233960952725055,800
A|ebin5.35_f121,ao_abs,400,ridge,1,0.7125952648427608,800
A|ebin5.35_f121,ao_abs,400,gbt,1,0.7358118602749657,800
A|ebin5.35_f121,ao_abs,400,ridge,2,0.7250850135422042,800
A|ebin5.35_f121,ao_abs,400,gbt,2,0.7212386714755925,800
A|ebin5.35_f121,ao_abs,800,ridge,0,0.7563377976904719,800
A|ebin5.35_f121,ao_abs,800,gbt,0,0.7798755622727068,800
A|ebin5.35_f121,ao_abs,800,ridge,1,0.7747047470613007,800
A|ebin5.35_f121,ao_abs,800,gbt,1,0.8054191171783552,800
A|ebin5.35_f121,ao_abs,800,ridge,2,0.757420445470455,800
A|ebin5.35_f121,ao_abs,800,gbt,2,0.7692486170981747,800
A|ebin5.35_f121,ao_abs,1600,ridge,0,0.7670143794275888,800
A|ebin5.35_f121,ao_abs,1600,gbt,0,0.8248368616423948,800
A|ebin5.35_f121,ao_abs,1600,ridge,1,0.7675432051430134,800
A|ebin5.35_f121,ao_abs,1600,gbt,1,0.8222384855702687,800
A|ebin5.35_f121,ao_abs,1600,ridge,2,0.7593775201530627,800
A|ebin5.35_f121,ao_abs,1600,gbt,2,0.8148015325914517,800
A|ebin5.35_f121,ao_abs,2400,ridge,0,0.7674243289284749,800
A|ebin5.35_f121,ao_abs,2400,gbt,0,0.842287888823789,800
A|ebin5.35_f121,ao_abs,2400,ridge,1,0.7674243289284749,800
A|ebin5.35_f121,ao_abs,2400,gbt,1,0.8488368403941163,800
A|ebin5.35_f121,ao_abs,2400,ridge,2,0.7674243289284749,800
A|ebin5.35_f121,ao_abs,2400,gbt,2,0.8504374153406754,800
A|ebin5.35_f121,max_assembly_burnup,25,ridge,0,0.4932454172337576,800
A|ebin5.35_f121,max_assembly_burnup,25,ridge,1,0.553938259604938,800
A|ebin5.35_f121,max_assembly_burnup,25,ridge,2,0.3658352995088479,800
A|ebin5.35_f121,max_assembly_burnup,50,ridge,0,0.4901404466652179,800
A|ebin5.35_f121,max_assembly_burnup,50,gbt,0,0.36384222756955087,800
A|ebin5.35_f121,max_assembly_burnup,50,ridge,1,0.6372113936085322,800
A|ebin5.35_f121,max_assembly_burnup,50,gbt,1,0.30857901892421186,800
A|ebin5.35_f121,max_assembly_burnup,50,ridge,2,0.5451183839682919,800
A|ebin5.35_f121,max_assembly_burnup,50,gbt,2,0.24820116255140745,800
A|ebin5.35_f121,max_assembly_burnup,100,ridge,0,0.6194711421499428,800
A|ebin5.35_f121,max_assembly_burnup,100,gbt,0,0.36507454288102303,800
A|ebin5.35_f121,max_assembly_burnup,100,ridge,1,0.6194050717156255,800
A|ebin5.35_f121,max_assembly_burnup,100,gbt,1,0.28148570141314505,800
A|ebin5.35_f121,max_assembly_burnup,100,ridge,2,0.6223354794623149,800
A|ebin5.35_f121,max_assembly_burnup,100,gbt,2,0.36051430116968713,800
A|ebin5.35_f121,max_assembly_burnup,200,ridge,0,0.7251923214483714,800
A|ebin5.35_f121,max_assembly_burnup,200,gbt,0,0.5961466333623242,800
A|ebin5.35_f121,max_assembly_burnup,200,ridge,1,0.6714659841091848,800
A|ebin5.35_f121,max_assembly_burnup,200,gbt,1,0.6583176489776191,800
A|ebin5.35_f121,max_assembly_burnup,200,ridge,2,0.7663379012167857,800
A|ebin5.35_f121,max_assembly_burnup,200,gbt,2,0.6571843086175438,800
A|ebin5.35_f121,max_assembly_burnup,400,ridge,0,0.7425957285359039,800
A|ebin5.35_f121,max_assembly_burnup,400,gbt,0,0.7090464630912275,800
A|ebin5.35_f121,max_assembly_burnup,400,ridge,1,0.7341151230560373,800
A|ebin5.35_f121,max_assembly_burnup,400,gbt,1,0.7238009729006735,800
A|ebin5.35_f121,max_assembly_burnup,400,ridge,2,0.7744422638154546,800
A|ebin5.35_f121,max_assembly_burnup,400,gbt,2,0.7071971957072699,800
A|ebin5.35_f121,max_assembly_burnup,800,ridge,0,0.7832561511598097,800
A|ebin5.35_f121,max_assembly_burnup,800,gbt,0,0.7977748278373451,800
A|ebin5.35_f121,max_assembly_burnup,800,ridge,1,0.770627756782457,800
A|ebin5.35_f121,max_assembly_burnup,800,gbt,1,0.7880589114374619,800
A|ebin5.35_f121,max_assembly_burnup,800,ridge,2,0.7594649822948413,800
A|ebin5.35_f121,max_assembly_burnup,800,gbt,2,0.7826196585632947,800
A|ebin5.35_f121,max_assembly_burnup,1600,ridge,0,0.792721555330399,800
A|ebin5.35_f121,max_assembly_burnup,1600,gbt,0,0.8363413545044054,800
A|ebin5.35_f121,max_assembly_burnup,1600,ridge,1,0.7910184193777421,800
A|ebin5.35_f121,max_assembly_burnup,1600,gbt,1,0.8351131569274163,800
A|ebin5.35_f121,max_assembly_burnup,1600,ridge,2,0.792797551564267,800
A|ebin5.35_f121,max_assembly_burnup,1600,gbt,2,0.8445376882383678,800
A|ebin5.35_f121,max_assembly_burnup,2400,ridge,0,0.7946614807821367,800
A|ebin5.35_f121,max_assembly_burnup,2400,gbt,0,0.8501159619325884,800
A|ebin5.35_f121,max_assembly_burnup,2400,ridge,1,0.7946614807821367,800
A|ebin5.35_f121,max_assembly_burnup,2400,gbt,1,0.8487112611905874,800
A|ebin5.35_f121,max_assembly_burnup,2400,ridge,2,0.7946614807821367,800
A|ebin5.35_f121,max_assembly_burnup,2400,gbt,2,0.8584979706984275,800
A|ebin5.35_f121,node_peak,25,ridge,0,0.6575944856979119,659
A|ebin5.35_f121,node_peak,25,ridge,1,0.6398742640589605,659
A|ebin5.35_f121,node_peak,25,ridge,2,0.6087304116123974,659
A|ebin5.35_f121,node_peak,50,ridge,0,0.5789270542456632,659
A|ebin5.35_f121,node_peak,50,gbt,0,0.21857028597084907,659
A|ebin5.35_f121,node_peak,50,ridge,1,0.5415021901793362,659
A|ebin5.35_f121,node_peak,50,gbt,1,0.23172283419674097,659
A|ebin5.35_f121,node_peak,50,ridge,2,0.5896477652754889,659
A|ebin5.35_f121,node_peak,50,gbt,2,0.18850533996645688,659
A|ebin5.35_f121,node_peak,100,ridge,0,0.6702827405155944,659
A|ebin5.35_f121,node_peak,100,gbt,0,0.5203858276167476,659
A|ebin5.35_f121,node_peak,100,ridge,1,0.669041201265178,659
A|ebin5.35_f121,node_peak,100,gbt,1,0.40690474024515955,659
A|ebin5.35_f121,node_peak,100,ridge,2,0.5979726131117601,659
A|ebin5.35_f121,node_peak,100,gbt,2,0.27476007769089633,659
A|ebin5.35_f121,node_peak,200,ridge,0,0.7656669353730744,659
A|ebin5.35_f121,node_peak,200,gbt,0,0.686545747133829,659
A|ebin5.35_f121,node_peak,200,ridge,1,0.6963427162608833,659
A|ebin5.35_f121,node_peak,200,gbt,1,0.6665187954821356,659
A|ebin5.35_f121,node_peak,200,ridge,2,0.7413551233734875,659
A|ebin5.35_f121,node_peak,200,gbt,2,0.6319916234900749,659
A|ebin5.35_f121,node_peak,400,ridge,0,0.7659710148963361,659
A|ebin5.35_f121,node_peak,400,gbt,0,0.7289544113219496,659
A|ebin5.35_f121,node_peak,400,ridge,1,0.7989804153447198,659
A|ebin5.35_f121,node_peak,400,gbt,1,0.7357650060692947,659
A|ebin5.35_f121,node_peak,400,ridge,2,0.7267048176550894,659
A|ebin5.35_f121,node_peak,400,gbt,2,0.7373597552893183,659
A|ebin5.35_f121,node_peak,800,ridge,0,0.7840708537393487,659
A|ebin5.35_f121,node_peak,800,gbt,0,0.7915649211757378,659
A|ebin5.35_f121,node_peak,800,ridge,1,0.787075337214225,659
A|ebin5.35_f121,node_peak,800,gbt,1,0.8032744592446592,659
A|ebin5.35_f121,node_peak,800,ridge,2,0.7890055629138711,659
A|ebin5.35_f121,node_peak,800,gbt,2,0.7993154479087373,659
A|ebin5.35_f121,node_peak,1600,ridge,0,0.7994002019066526,659
A|ebin5.35_f121,node_peak,1600,gbt,0,0.8282008554643039,659
A|ebin5.35_f121,node_peak,1600,ridge,1,0.7957278294788978,659
A|ebin5.35_f121,node_peak,1600,gbt,1,0.8320310927858939,659
A|ebin5.35_f121,node_peak,1600,ridge,2,0.8049824847377187,659
A|ebin5.35_f121,node_peak,1600,gbt,2,0.8385496178056372,659
A|ebin5.35_f121,node_peak,1996,ridge,0,0.8029425061213408,659
A|ebin5.35_f121,node_peak,1996,gbt,0,0.8383719078232115,659
A|ebin5.35_f121,node_peak,1996,ridge,1,0.8029425061213408,659
A|ebin5.35_f121,node_peak,1996,gbt,1,0.8386314261136711,659
A|ebin5.35_f121,node_peak,1996,ridge,2,0.8029425061213408,659
A|ebin5.35_f121,node_peak,1996,gbt,2,0.8388899830653627,659
A|ebin5.35_f121,map_cov,25,ridge,0,0.6509104494446567,659
A|ebin5.35_f121,map_cov,25,ridge,1,0.6658893103796729,659
A|ebin5.35_f121,map_cov,25,ridge,2,0.7083365864110382,659
A|ebin5.35_f121,map_cov,50,ridge,0,0.6320938093966215,659
A|ebin5.35_f121,map_cov,50,gbt,0,0.16616353478810508,659
A|ebin5.35_f121,map_cov,50,ridge,1,0.6450514713065967,659
A|ebin5.35_f121,map_cov,50,gbt,1,0.36819518445608423,659
A|ebin5.35_f121,map_cov,50,ridge,2,0.5888312023752569,659
A|ebin5.35_f121,map_cov,50,gbt,2,0.2861869822610534,659
A|ebin5.35_f121,map_cov,100,ridge,0,0.7553808281280595,659
A|ebin5.35_f121,map_cov,100,gbt,0,0.5613469608479107,659
A|ebin5.35_f121,map_cov,100,ridge,1,0.7274959631786545,659
A|ebin5.35_f121,map_cov,100,gbt,1,0.5086791728625942,659
A|ebin5.35_f121,map_cov,100,ridge,2,0.707455928309575,659
A|ebin5.35_f121,map_cov,100,gbt,2,0.5159185464826413,659
A|ebin5.35_f121,map_cov,200,ridge,0,0.8081625764543143,659
A|ebin5.35_f121,map_cov,200,gbt,0,0.7388227137971045,659
A|ebin5.35_f121,map_cov,200,ridge,1,0.7906626676523036,659
A|ebin5.35_f121,map_cov,200,gbt,1,0.7311686675052563,659
A|ebin5.35_f121,map_cov,200,ridge,2,0.7740465617100105,659
A|ebin5.35_f121,map_cov,200,gbt,2,0.6610774774353674,659
A|ebin5.35_f121,map_cov,400,ridge,0,0.825095254727515,659
A|ebin5.35_f121,map_cov,400,gbt,0,0.7890207976387982,659
A|ebin5.35_f121,map_cov,400,ridge,1,0.8277716955823693,659
A|ebin5.35_f121,map_cov,400,gbt,1,0.8168320545715357,659
A|ebin5.35_f121,map_cov,400,ridge,2,0.8024885101015925,659
A|ebin5.35_f121,map_cov,400,gbt,2,0.817115183808453,659
A|ebin5.35_f121,map_cov,800,ridge,0,0.8331327536635385,659
A|ebin5.35_f121,map_cov,800,gbt,0,0.8485223797459619,659
A|ebin5.35_f121,map_cov,800,ridge,1,0.8240410898306485,659
A|ebin5.35_f121,map_cov,800,gbt,1,0.8297421049768745,659
A|ebin5.35_f121,map_cov,800,ridge,2,0.8475924779059766,659
A|ebin5.35_f121,map_cov,800,gbt,2,0.8613695141551757,659
A|ebin5.35_f121,map_cov,1600,ridge,0,0.8460347743174722,659
A|ebin5.35_f121,map_cov,1600,gbt,0,0.8783743192318709,659
A|ebin5.35_f121,map_cov,1600,ridge,1,0.8429626809441486,659
A|ebin5.35_f121,map_cov,1600,gbt,1,0.880189802517354,659
A|ebin5.35_f121,map_cov,1600,ridge,2,0.8520360213189451,659
A|ebin5.35_f121,map_cov,1600,gbt,2,0.8835137818350565,659
A|ebin5.35_f121,map_cov,1996,ridge,0,0.8474289504767664,659
A|ebin5.35_f121,map_cov,1996,gbt,0,0.879340310217197,659
A|ebin5.35_f121,map_cov,1996,ridge,1,0.8474289504767664,659
A|ebin5.35_f121,map_cov,1996,gbt,1,0.8841952622095003,659
A|ebin5.35_f121,map_cov,1996,ridge,2,0.8474289504767664,659
A|ebin5.35_f121,map_cov,1996,gbt,2,0.8784323898886687,659
A|ebin5.5_f121,cyclen,25,ridge,0,0.621257135405352,800
A|ebin5.5_f121,cyclen,25,ridge,1,0.6136657746866239,800
A|ebin5.5_f121,cyclen,25,ridge,2,0.6200256918801533,800
A|ebin5.5_f121,cyclen,50,ridge,0,0.693761682039153,800
A|ebin5.5_f121,cyclen,50,gbt,0,0.2752619091743383,800
A|ebin5.5_f121,cyclen,50,ridge,1,0.587478131969215,800
A|ebin5.5_f121,cyclen,50,gbt,1,0.4279807907708612,800
A|ebin5.5_f121,cyclen,50,ridge,2,0.6287691600500666,800
A|ebin5.5_f121,cyclen,50,gbt,2,0.14113126160962808,800
A|ebin5.5_f121,cyclen,100,ridge,0,0.6837704929722827,800
A|ebin5.5_f121,cyclen,100,gbt,0,0.7243587959113462,800
A|ebin5.5_f121,cyclen,100,ridge,1,0.6453818292605384,800
A|ebin5.5_f121,cyclen,100,gbt,1,0.617193010663504,800
A|ebin5.5_f121,cyclen,100,ridge,2,0.6935401504079628,800
A|ebin5.5_f121,cyclen,100,gbt,2,0.6802105800118118,800
A|ebin5.5_f121,cyclen,200,ridge,0,0.7601628119207856,800
A|ebin5.5_f121,cyclen,200,gbt,0,0.7123673415591684,800
A|ebin5.5_f121,cyclen,200,ridge,1,0.7646633821649309,800
A|ebin5.5_f121,cyclen,200,gbt,1,0.7521141806310583,800
A|ebin5.5_f121,cyclen,200,ridge,2,0.7782405383396861,800
A|ebin5.5_f121,cyclen,200,gbt,2,0.7397505346411573,800
A|ebin5.5_f121,cyclen,400,ridge,0,0.8165817410322639,800
A|ebin5.5_f121,cyclen,400,gbt,0,0.7966511080253397,800
A|ebin5.5_f121,cyclen,400,ridge,1,0.77988120131903,800
A|ebin5.5_f121,cyclen,400,gbt,1,0.7764313818374184,800
A|ebin5.5_f121,cyclen,400,ridge,2,0.7944319646378242,800
A|ebin5.5_f121,cyclen,400,gbt,2,0.748086721513996,800
A|ebin5.5_f121,cyclen,800,ridge,0,0.8217131326743655,800
A|ebin5.5_f121,cyclen,800,gbt,0,0.8079791733490586,800
A|ebin5.5_f121,cyclen,800,ridge,1,0.8204336773478027,800
A|ebin5.5_f121,cyclen,800,gbt,1,0.8163398803257973,800
A|ebin5.5_f121,cyclen,800,ridge,2,0.8069653065164849,800
A|ebin5.5_f121,cyclen,800,gbt,2,0.806738425858952,800
A|ebin5.5_f121,cyclen,1600,ridge,0,0.8292974035371442,800
A|ebin5.5_f121,cyclen,1600,gbt,0,0.8425724403199578,800
A|ebin5.5_f121,cyclen,1600,ridge,1,0.8267203287902637,800
A|ebin5.5_f121,cyclen,1600,gbt,1,0.8349191478828273,800
A|ebin5.5_f121,cyclen,1600,ridge,2,0.811478966626904,800
A|ebin5.5_f121,cyclen,1600,gbt,2,0.8280736762673592,800
A|ebin5.5_f121,cyclen,2400,ridge,0,0.8373835893260695,800
A|ebin5.5_f121,cyclen,2400,gbt,0,0.850658422463243,800
A|ebin5.5_f121,cyclen,2400,ridge,1,0.8373835893260695,800
A|ebin5.5_f121,cyclen,2400,gbt,1,0.8414620604728829,800
A|ebin5.5_f121,cyclen,2400,ridge,2,0.8373835893260695,800
A|ebin5.5_f121,cyclen,2400,gbt,2,0.8501741550249269,800
A|ebin5.5_f121,f_r,25,ridge,0,0.7642048751782495,800
A|ebin5.5_f121,f_r,25,ridge,1,0.7655910184889022,800
A|ebin5.5_f121,f_r,25,ridge,2,0.7335391907634837,800
A|ebin5.5_f121,f_r,50,ridge,0,0.7471950062841273,800
A|ebin5.5_f121,f_r,50,gbt,0,0.6222605946421621,800
A|ebin5.5_f121,f_r,50,ridge,1,0.6737953875098607,800
A|ebin5.5_f121,f_r,50,gbt,1,0.6289884393019181,800
A|ebin5.5_f121,f_r,50,ridge,2,0.5920895260797485,800
A|ebin5.5_f121,f_r,50,gbt,2,0.6092148168019993,800
A|ebin5.5_f121,f_r,100,ridge,0,0.8090621222454187,800
A|ebin5.5_f121,f_r,100,gbt,0,0.730128160011595,800
A|ebin5.5_f121,f_r,100,ridge,1,0.7940831400986399,800
A|ebin5.5_f121,f_r,100,gbt,1,0.7105159420462991,800
A|ebin5.5_f121,f_r,100,ridge,2,0.7570564472656697,800
A|ebin5.5_f121,f_r,100,gbt,2,0.7041722859725694,800
A|ebin5.5_f121,f_r,200,ridge,0,0.8280054011355229,800
A|ebin5.5_f121,f_r,200,gbt,0,0.7871861087556694,800
A|ebin5.5_f121,f_r,200,ridge,1,0.8413599270099178,800
A|ebin5.5_f121,f_r,200,gbt,1,0.8399065183923734,800
A|ebin5.5_f121,f_r,200,ridge,2,0.816098811660255,800
A|ebin5.5_f121,f_r,200,gbt,2,0.7987776848714925,800
A|ebin5.5_f121,f_r,400,ridge,0,0.8560889477348965,800
A|ebin5.5_f121,f_r,400,gbt,0,0.8212536080204987,800
A|ebin5.5_f121,f_r,400,ridge,1,0.8335370720093856,800
A|ebin5.5_f121,f_r,400,gbt,1,0.8152955768619188,800
A|ebin5.5_f121,f_r,400,ridge,2,0.8471171256644905,800
A|ebin5.5_f121,f_r,400,gbt,2,0.8321393777971386,800
A|ebin5.5_f121,f_r,800,ridge,0,0.8340531316030011,800
A|ebin5.5_f121,f_r,800,gbt,0,0.8410819372357473,800
A|ebin5.5_f121,f_r,800,ridge,1,0.8443826438039318,800
A|ebin5.5_f121,f_r,800,gbt,1,0.8522037907198639,800
A|ebin5.5_f121,f_r,800,ridge,2,0.8154072048515167,800
A|ebin5.5_f121,f_r,800,gbt,2,0.8410654732892343,800
A|ebin5.5_f121,f_r,1600,ridge,0,0.8469112619843797,800
A|ebin5.5_f121,f_r,1600,gbt,0,0.8735260382917293,800
A|ebin5.5_f121,f_r,1600,ridge,1,0.8414732826982944,800
A|ebin5.5_f121,f_r,1600,gbt,1,0.8701781829072872,800
A|ebin5.5_f121,f_r,1600,ridge,2,0.8451593171837365,800
A|ebin5.5_f121,f_r,1600,gbt,2,0.8626158073377287,800
A|ebin5.5_f121,f_r,2400,ridge,0,0.8482334793899261,800
A|ebin5.5_f121,f_r,2400,gbt,0,0.8761394432204586,800
A|ebin5.5_f121,f_r,2400,ridge,1,0.8482334793899261,800
A|ebin5.5_f121,f_r,2400,gbt,1,0.8797038381796992,800
A|ebin5.5_f121,f_r,2400,ridge,2,0.8482334793899261,800
A|ebin5.5_f121,f_r,2400,gbt,2,0.8827856024388444,800
A|ebin5.5_f121,f_q,25,ridge,0,0.784294520951031,800
A|ebin5.5_f121,f_q,25,ridge,1,0.7766392450730107,800
A|ebin5.5_f121,f_q,25,ridge,2,0.7618791005850085,800
A|ebin5.5_f121,f_q,50,ridge,0,0.7751567501434742,800
A|ebin5.5_f121,f_q,50,gbt,0,0.630665493141519,800
A|ebin5.5_f121,f_q,50,ridge,1,0.7035180942024414,800
A|ebin5.5_f121,f_q,50,gbt,1,0.6298276983736134,800
A|ebin5.5_f121,f_q,50,ridge,2,0.5771668722207816,800
A|ebin5.5_f121,f_q,50,gbt,2,0.6162023033962005,800
A|ebin5.5_f121,f_q,100,ridge,0,0.8287920563790916,800
A|ebin5.5_f121,f_q,100,gbt,0,0.724307982893983,800
A|ebin5.5_f121,f_q,100,ridge,1,0.8137917473843788,800
A|ebin5.5_f121,f_q,100,gbt,1,0.7316004381982891,800
A|ebin5.5_f121,f_q,100,ridge,2,0.758075679487665,800
A|ebin5.5_f121,f_q,100,gbt,2,0.6891391795068009,800
A|ebin5.5_f121,f_q,200,ridge,0,0.8452181648859766,800
A|ebin5.5_f121,f_q,200,gbt,0,0.8068230664855569,800
A|ebin5.5_f121,f_q,200,ridge,1,0.8560519349242197,800
A|ebin5.5_f121,f_q,200,gbt,1,0.837916590206577,800
A|ebin5.5_f121,f_q,200,ridge,2,0.8344479574652995,800
A|ebin5.5_f121,f_q,200,gbt,2,0.8206870491186226,800
A|ebin5.5_f121,f_q,400,ridge,0,0.8693176313355766,800
A|ebin5.5_f121,f_q,400,gbt,0,0.8367081544438315,800
A|ebin5.5_f121,f_q,400,ridge,1,0.8476267591846852,800
A|ebin5.5_f121,f_q,400,gbt,1,0.8289955271027055,800
A|ebin5.5_f121,f_q,400,ridge,2,0.8602756146113774,800
A|ebin5.5_f121,f_q,400,gbt,2,0.8416062173807067,800
A|ebin5.5_f121,f_q,800,ridge,0,0.8553869532255132,800
A|ebin5.5_f121,f_q,800,gbt,0,0.85561881297794,800
A|ebin5.5_f121,f_q,800,ridge,1,0.8545510298043814,800
A|ebin5.5_f121,f_q,800,gbt,1,0.8622180750000635,800
A|ebin5.5_f121,f_q,800,ridge,2,0.8472868210559324,800
A|ebin5.5_f121,f_q,800,gbt,2,0.8588030783600422,800
A|ebin5.5_f121,f_q,1600,ridge,0,0.8590315380915717,800
A|ebin5.5_f121,f_q,1600,gbt,0,0.8879698805009707,800
A|ebin5.5_f121,f_q,1600,ridge,1,0.8621035672111257,800
A|ebin5.5_f121,f_q,1600,gbt,1,0.8811981495589799,800
A|ebin5.5_f121,f_q,1600,ridge,2,0.8566929165785353,800
A|ebin5.5_f121,f_q,1600,gbt,2,0.8718917376665298,800
A|ebin5.5_f121,f_q,2400,ridge,0,0.8663172273485011,800
A|ebin5.5_f121,f_q,2400,gbt,0,0.8866436534516811,800
A|ebin5.5_f121,f_q,2400,ridge,1,0.8663172273485011,800
A|ebin5.5_f121,f_q,2400,gbt,1,0.8924371911637905,800
A|ebin5.5_f121,f_q,2400,ridge,2,0.8663172273485011,800
A|ebin5.5_f121,f_q,2400,gbt,2,0.893813286071983,800
A|ebin5.5_f121,ao_abs,25,ridge,0,0.6895448093827303,800
A|ebin5.5_f121,ao_abs,25,ridge,1,0.7091868009806142,800
A|ebin5.5_f121,ao_abs,25,ridge,2,0.6638423691123461,800
A|ebin5.5_f121,ao_abs,50,ridge,0,0.7710880911337276,800
A|ebin5.5_f121,ao_abs,50,gbt,0,0.6219519304479346,800
A|ebin5.5_f121,ao_abs,50,ridge,1,0.6981089105189991,800
A|ebin5.5_f121,ao_abs,50,gbt,1,0.6528398843757593,800
A|ebin5.5_f121,ao_abs,50,ridge,2,0.7108532189915642,800
A|ebin5.5_f121,ao_abs,50,gbt,2,0.5916765075056205,800
A|ebin5.5_f121,ao_abs,100,ridge,0,0.7367864867330395,800
A|ebin5.5_f121,ao_abs,100,gbt,0,0.7097907361446067,800
A|ebin5.5_f121,ao_abs,100,ridge,1,0.7681316549465216,800
A|ebin5.5_f121,ao_abs,100,gbt,1,0.7180284247212345,800
A|ebin5.5_f121,ao_abs,100,ridge,2,0.8150314798239062,800
A|ebin5.5_f121,ao_abs,100,gbt,2,0.7613923669506784,800
A|ebin5.5_f121,ao_abs,200,ridge,0,0.8247646950891522,800
A|ebin5.5_f121,ao_abs,200,gbt,0,0.766007363539938,800
A|ebin5.5_f121,ao_abs,200,ridge,1,0.8107892911455477,800
A|ebin5.5_f121,ao_abs,200,gbt,1,0.799973142647713,800
A|ebin5.5_f121,ao_abs,200,ridge,2,0.8056080657987355,800
A|ebin5.5_f121,ao_abs,200,gbt,2,0.8016960141384548,800
A|ebin5.5_f121,ao_abs,400,ridge,0,0.8286286089063974,800
A|ebin5.5_f121,ao_abs,400,gbt,0,0.835006643137571,800
A|ebin5.5_f121,ao_abs,400,ridge,1,0.8439039921041085,800
A|ebin5.5_f121,ao_abs,400,gbt,1,0.8376129619024029,800
A|ebin5.5_f121,ao_abs,400,ridge,2,0.8480147297115816,800
A|ebin5.5_f121,ao_abs,400,gbt,2,0.845518834215209,800
A|ebin5.5_f121,ao_abs,800,ridge,0,0.8648156344037721,800
A|ebin5.5_f121,ao_abs,800,gbt,0,0.8631398968928791,800
A|ebin5.5_f121,ao_abs,800,ridge,1,0.8675115239511461,800
A|ebin5.5_f121,ao_abs,800,gbt,1,0.8542560537417937,800
A|ebin5.5_f121,ao_abs,800,ridge,2,0.8460773352263441,800
A|ebin5.5_f121,ao_abs,800,gbt,2,0.8468469750807471,800
A|ebin5.5_f121,ao_abs,1600,ridge,0,0.8674144678961336,800
A|ebin5.5_f121,ao_abs,1600,gbt,0,0.8809891816269085,800
A|ebin5.5_f121,ao_abs,1600,ridge,1,0.8666473945881304,800
A|ebin5.5_f121,ao_abs,1600,gbt,1,0.8736845810350835,800
A|ebin5.5_f121,ao_abs,1600,ridge,2,0.8570648376956492,800
A|ebin5.5_f121,ao_abs,1600,gbt,2,0.8705790351846135,800
A|ebin5.5_f121,ao_abs,2400,ridge,0,0.8692428413140229,800
A|ebin5.5_f121,ao_abs,2400,gbt,0,0.8818582295796542,800
A|ebin5.5_f121,ao_abs,2400,ridge,1,0.8692428413140229,800
A|ebin5.5_f121,ao_abs,2400,gbt,1,0.890330847577676,800
A|ebin5.5_f121,ao_abs,2400,ridge,2,0.8692428413140229,800
A|ebin5.5_f121,ao_abs,2400,gbt,2,0.8879340655075457,800
A|ebin5.5_f121,max_assembly_burnup,25,ridge,0,0.8355101731823655,800
A|ebin5.5_f121,max_assembly_burnup,25,ridge,1,0.794927705729493,800
A|ebin5.5_f121,max_assembly_burnup,25,ridge,2,0.762342197958658,800
A|ebin5.5_f121,max_assembly_burnup,50,ridge,0,0.8348334961852115,800
A|ebin5.5_f121,max_assembly_burnup,50,gbt,0,0.7356425233570044,800
A|ebin5.5_f121,max_assembly_burnup,50,ridge,1,0.7921263217895063,800
A|ebin5.5_f121,max_assembly_burnup,50,gbt,1,0.7252600325921463,800
A|ebin5.5_f121,max_assembly_burnup,50,ridge,2,0.7643996743119359,800
A|ebin5.5_f121,max_assembly_burnup,50,gbt,2,0.6772128255990326,800
A|ebin5.5_f121,max_assembly_burnup,100,ridge,0,0.8666135728212876,800
A|ebin5.5_f121,max_assembly_burnup,100,gbt,0,0.8378231950472405,800
A|ebin5.5_f121,max_assembly_burnup,100,ridge,1,0.8604727727245373,800
A|ebin5.5_f121,max_assembly_burnup,100,gbt,1,0.7833725444016773,800
A|ebin5.5_f121,max_assembly_burnup,100,ridge,2,0.865669473468609,800
A|ebin5.5_f121,max_assembly_burnup,100,gbt,2,0.8226456715000052,800
A|ebin5.5_f121,max_assembly_burnup,200,ridge,0,0.8877306862801472,800
A|ebin5.5_f121,max_assembly_burnup,200,gbt,0,0.870599962269083,800
A|ebin5.5_f121,max_assembly_burnup,200,ridge,1,0.8945796699478691,800
A|ebin5.5_f121,max_assembly_burnup,200,gbt,1,0.862040397775005,800
A|ebin5.5_f121,max_assembly_burnup,200,ridge,2,0.8995825773749685,800
A|ebin5.5_f121,max_assembly_burnup,200,gbt,2,0.885118251077416,800
A|ebin5.5_f121,max_assembly_burnup,400,ridge,0,0.9095862359752928,800
A|ebin5.5_f121,max_assembly_burnup,400,gbt,0,0.8903220067655907,800
A|ebin5.5_f121,max_assembly_burnup,400,ridge,1,0.8944388689136172,800
A|ebin5.5_f121,max_assembly_burnup,400,gbt,1,0.899129184960112,800
A|ebin5.5_f121,max_assembly_burnup,400,ridge,2,0.9128510738730485,800
A|ebin5.5_f121,max_assembly_burnup,400,gbt,2,0.8866221392801592,800
A|ebin5.5_f121,max_assembly_burnup,800,ridge,0,0.9222244852471473,800
A|ebin5.5_f121,max_assembly_burnup,800,gbt,0,0.9223579552254527,800
A|ebin5.5_f121,max_assembly_burnup,800,ridge,1,0.919431609134948,800
A|ebin5.5_f121,max_assembly_burnup,800,gbt,1,0.920220405256591,800
A|ebin5.5_f121,max_assembly_burnup,800,ridge,2,0.9139875602901726,800
A|ebin5.5_f121,max_assembly_burnup,800,gbt,2,0.9052836150483411,800
A|ebin5.5_f121,max_assembly_burnup,1600,ridge,0,0.9178587391211971,800
A|ebin5.5_f121,max_assembly_burnup,1600,gbt,0,0.9274846459324413,800
A|ebin5.5_f121,max_assembly_burnup,1600,ridge,1,0.9211182449781218,800
A|ebin5.5_f121,max_assembly_burnup,1600,gbt,1,0.9241769241178281,800
A|ebin5.5_f121,max_assembly_burnup,1600,ridge,2,0.9212220381333752,800
A|ebin5.5_f121,max_assembly_burnup,1600,gbt,2,0.9240817524093564,800
A|ebin5.5_f121,max_assembly_burnup,2400,ridge,0,0.9225462123877508,800
A|ebin5.5_f121,max_assembly_burnup,2400,gbt,0,0.9304791345944726,800
A|ebin5.5_f121,max_assembly_burnup,2400,ridge,1,0.9225462123877508,800
A|ebin5.5_f121,max_assembly_burnup,2400,gbt,1,0.9281043680934534,800
A|ebin5.5_f121,max_assembly_burnup,2400,ridge,2,0.9225462123877508,800
A|ebin5.5_f121,max_assembly_burnup,2400,gbt,2,0.9372688812620147,800
A|ebin5.6_f121,cyclen,25,ridge,0,0.7957246662756644,157
A|ebin5.6_f121,cyclen,25,ridge,1,0.8309146910138159,157
A|ebin5.6_f121,cyclen,25,ridge,2,0.8182192414827978,157
A|ebin5.6_f121,cyclen,50,ridge,0,0.9145313126257196,157
A|ebin5.6_f121,cyclen,50,gbt,0,0.7053759773059533,157
A|ebin5.6_f121,cyclen,50,ridge,1,0.8954013106333283,157
A|ebin5.6_f121,cyclen,50,gbt,1,0.6808967868233771,157
A|ebin5.6_f121,cyclen,50,ridge,2,0.8833307104136195,157
A|ebin5.6_f121,cyclen,50,gbt,2,0.7293530826513128,157
A|ebin5.6_f121,cyclen,100,ridge,0,0.9446047052861525,157
A|ebin5.6_f121,cyclen,100,gbt,0,0.8447016887214137,157
A|ebin5.6_f121,cyclen,100,ridge,1,0.9203193088518176,157
A|ebin5.6_f121,cyclen,100,gbt,1,0.8328404052685208,157
A|ebin5.6_f121,cyclen,100,ridge,2,0.916036842852224,157
A|ebin5.6_f121,cyclen,100,gbt,2,0.8508152888070027,157
A|ebin5.6_f121,cyclen,200,ridge,0,0.9616756504909043,157
A|ebin5.6_f121,cyclen,200,gbt,0,0.9081431325778424,157
A|ebin5.6_f121,cyclen,200,ridge,1,0.9668930647156081,157
A|ebin5.6_f121,cyclen,200,gbt,1,0.8678736251939759,157
A|ebin5.6_f121,cyclen,200,ridge,2,0.9750967314802169,157
A|ebin5.6_f121,cyclen,200,gbt,2,0.9092549796073934,157
A|ebin5.6_f121,cyclen,400,ridge,0,0.9654107919076388,157
A|ebin5.6_f121,cyclen,400,gbt,0,0.9297401138530956,157
A|ebin5.6_f121,cyclen,400,ridge,1,0.9718996116789274,157
A|ebin5.6_f121,cyclen,400,gbt,1,0.9174431414263121,157
A|ebin5.6_f121,cyclen,400,ridge,2,0.9641192299316571,157
A|ebin5.6_f121,cyclen,400,gbt,2,0.9266716851010335,157
A|ebin5.6_f121,cyclen,474,ridge,0,0.9636649350229385,157
A|ebin5.6_f121,cyclen,474,gbt,0,0.9105620465290652,157
A|ebin5.6_f121,cyclen,474,ridge,1,0.9636649350229385,157
A|ebin5.6_f121,cyclen,474,gbt,1,0.9233474247450855,157
A|ebin5.6_f121,cyclen,474,ridge,2,0.9636649350229385,157
A|ebin5.6_f121,cyclen,474,gbt,2,0.9222140132151423,157
A|ebin5.6_f121,f_r,25,ridge,0,0.6376759910987709,157
A|ebin5.6_f121,f_r,25,ridge,1,0.7181793444363171,157
A|ebin5.6_f121,f_r,25,ridge,2,0.7022293820745881,157
A|ebin5.6_f121,f_r,50,ridge,0,0.659795380916252,157
A|ebin5.6_f121,f_r,50,gbt,0,0.43510558545992833,157
A|ebin5.6_f121,f_r,50,ridge,1,0.7813202326696888,157
A|ebin5.6_f121,f_r,50,gbt,1,0.37797291872130406,157
A|ebin5.6_f121,f_r,50,ridge,2,0.7977818590325233,157
A|ebin5.6_f121,f_r,50,gbt,2,0.3771185981229916,157
A|ebin5.6_f121,f_r,100,ridge,0,0.7945180629042604,157
A|ebin5.6_f121,f_r,100,gbt,0,0.7756744515461653,157
A|ebin5.6_f121,f_r,100,ridge,1,0.8493033229498846,157
A|ebin5.6_f121,f_r,100,gbt,1,0.6782969624943991,157
A|ebin5.6_f121,f_r,100,ridge,2,0.7846832606042267,157
A|ebin5.6_f121,f_r,100,gbt,2,0.6167266322302608,157
A|ebin5.6_f121,f_r,200,ridge,0,0.8719080183199294,157
A|ebin5.6_f121,f_r,200,gbt,0,0.824882084614778,157
A|ebin5.6_f121,f_r,200,ridge,1,0.8041342451310947,157
A|ebin5.6_f121,f_r,200,gbt,1,0.8289406462028652,157
A|ebin5.6_f121,f_r,200,ridge,2,0.8668208377513639,157
A|ebin5.6_f121,f_r,200,gbt,2,0.8242038779502083,157
A|ebin5.6_f121,f_r,400,ridge,0,0.8838514965033064,157
A|ebin5.6_f121,f_r,400,gbt,0,0.8600312115063932,157
A|ebin5.6_f121,f_r,400,ridge,1,0.8757749577707072,157
A|ebin5.6_f121,f_r,400,gbt,1,0.8653494161239427,157
A|ebin5.6_f121,f_r,400,ridge,2,0.8798605172946846,157
A|ebin5.6_f121,f_r,400,gbt,2,0.8567705163720765,157
A|ebin5.6_f121,f_r,474,ridge,0,0.8892503269634541,157
A|ebin5.6_f121,f_r,474,gbt,0,0.8790139459474012,157
A|ebin5.6_f121,f_r,474,ridge,1,0.8892503269634541,157
A|ebin5.6_f121,f_r,474,gbt,1,0.8474969939762855,157
A|ebin5.6_f121,f_r,474,ridge,2,0.8892503269634541,157
A|ebin5.6_f121,f_r,474,gbt,2,0.8389320486971767,157
A|ebin5.6_f121,f_q,25,ridge,0,0.6060754532092112,157
A|ebin5.6_f121,f_q,25,ridge,1,0.7074746184235824,157
A|ebin5.6_f121,f_q,25,ridge,2,0.6944132623000638,157
A|ebin5.6_f121,f_q,50,ridge,0,0.6420717072172365,157
A|ebin5.6_f121,f_q,50,gbt,0,0.45345284582872586,157
A|ebin5.6_f121,f_q,50,ridge,1,0.7738760473582694,157
A|ebin5.6_f121,f_q,50,gbt,1,0.42316923794373246,157
A|ebin5.6_f121,f_q,50,ridge,2,0.7865931939543163,157
A|ebin5.6_f121,f_q,50,gbt,2,0.3790469945428835,157
A|ebin5.6_f121,f_q,100,ridge,0,0.7781275001705543,157
A|ebin5.6_f121,f_q,100,gbt,0,0.7918034981073644,157
A|ebin5.6_f121,f_q,100,ridge,1,0.8149145057957442,157
A|ebin5.6_f121,f_q,100,gbt,1,0.6343285433424917,157
A|ebin5.6_f121,f_q,100,ridge,2,0.7971303468763761,157
A|ebin5.6_f121,f_q,100,gbt,2,0.5624217484773896,157
A|ebin5.6_f121,f_q,200,ridge,0,0.8519681962800564,157
A|ebin5.6_f121,f_q,200,gbt,0,0.8028702733209707,157
A|ebin5.6_f121,f_q,200,ridge,1,0.7786515669285966,157
A|ebin5.6_f121,f_q,200,gbt,1,0.8559808731138248,157
A|ebin5.6_f121,f_q,200,ridge,2,0.8505200354752882,157
A|ebin5.6_f121,f_q,200,gbt,2,0.8246640080873735,157
A|ebin5.6_f121,f_q,400,ridge,0,0.8696717295443409,157
A|ebin5.6_f121,f_q,400,gbt,0,0.860192013098568,157
A|ebin5.6_f121,f_q,400,ridge,1,0.8548459119691886,157
A|ebin5.6_f121,f_q,400,gbt,1,0.8555157251037279,157
A|ebin5.6_f121,f_q,400,ridge,2,0.8614075998982877,157
A|ebin5.6_f121,f_q,400,gbt,2,0.8604462940107542,157
A|ebin5.6_f121,f_q,474,ridge,0,0.8744658550350721,157
A|ebin5.6_f121,f_q,474,gbt,0,0.8603842742760747,157
A|ebin5.6_f121,f_q,474,ridge,1,0.8744658550350721,157
A|ebin5.6_f121,f_q,474,gbt,1,0.8650512593107126,157
A|ebin5.6_f121,f_q,474,ridge,2,0.8744658550350721,157
A|ebin5.6_f121,f_q,474,gbt,2,0.8340227860505213,157
A|ebin5.6_f121,cbc_max,25,ridge,0,0.7250639772823716,157
A|ebin5.6_f121,cbc_max,25,ridge,1,0.791498018080555,157
A|ebin5.6_f121,cbc_max,25,ridge,2,0.782917581135678,157
A|ebin5.6_f121,cbc_max,50,ridge,0,0.7689119636938503,157
A|ebin5.6_f121,cbc_max,50,gbt,0,0.5278616337573939,157
A|ebin5.6_f121,cbc_max,50,ridge,1,0.7950905139969411,157
A|ebin5.6_f121,cbc_max,50,gbt,1,0.603143197651113,157
A|ebin5.6_f121,cbc_max,50,ridge,2,0.8080045832621889,157
A|ebin5.6_f121,cbc_max,50,gbt,2,0.37637176305967585,157
A|ebin5.6_f121,cbc_max,100,ridge,0,0.8784016881787508,157
A|ebin5.6_f121,cbc_max,100,gbt,0,0.8426055852172374,157
A|ebin5.6_f121,cbc_max,100,ridge,1,0.8591631515665291,157
A|ebin5.6_f121,cbc_max,100,gbt,1,0.8143740149516638,157
A|ebin5.6_f121,cbc_max,100,ridge,2,0.8675048123477792,157
A|ebin5.6_f121,cbc_max,100,gbt,2,0.8416394619476276,157
A|ebin5.6_f121,cbc_max,200,ridge,0,0.8967564428866391,157
A|ebin5.6_f121,cbc_max,200,gbt,0,0.8171479162086756,157
A|ebin5.6_f121,cbc_max,200,ridge,1,0.8896117639126613,157
A|ebin5.6_f121,cbc_max,200,gbt,1,0.8613912122621902,157
A|ebin5.6_f121,cbc_max,200,ridge,2,0.8654550585275539,157
A|ebin5.6_f121,cbc_max,200,gbt,2,0.8491578101127358,157
A|ebin5.6_f121,cbc_max,400,ridge,0,0.9098751774349957,157
A|ebin5.6_f121,cbc_max,400,gbt,0,0.8852719296140147,157
A|ebin5.6_f121,cbc_max,400,ridge,1,0.9029336132495576,157
A|ebin5.6_f121,cbc_max,400,gbt,1,0.8709422588072647,157
A|ebin5.6_f121,cbc_max,400,ridge,2,0.9240808086762251,157
A|ebin5.6_f121,cbc_max,400,gbt,2,0.901722676991164,157
A|ebin5.6_f121,cbc_max,474,ridge,0,0.9114256720040013,157
A|ebin5.6_f121,cbc_max,474,gbt,0,0.900828041624848,157
A|ebin5.6_f121,cbc_max,474,ridge,1,0.9114256720040013,157
A|ebin5.6_f121,cbc_max,474,gbt,1,0.887865907027961,157
A|ebin5.6_f121,cbc_max,474,ridge,2,0.9114256720040013,157
A|ebin5.6_f121,cbc_max,474,gbt,2,0.8708104667688992,157
A|ebin5.6_f121,ao_abs,25,ridge,0,0.5311702822912304,157
A|ebin5.6_f121,ao_abs,25,ridge,1,0.4310653404084324,157
A|ebin5.6_f121,ao_abs,25,ridge,2,0.5059831176214615,157
A|ebin5.6_f121,ao_abs,50,ridge,0,0.6483949887053896,157
A|ebin5.6_f121,ao_abs,50,gbt,0,0.46540899599687513,157
A|ebin5.6_f121,ao_abs,50,ridge,1,0.6164868002325594,157
A|ebin5.6_f121,ao_abs,50,gbt,1,0.08574250484063105,157
A|ebin5.6_f121,ao_abs,50,ridge,2,0.6721504651752449,157
A|ebin5.6_f121,ao_abs,50,gbt,2,0.21052089456604164,157
A|ebin5.6_f121,ao_abs,100,ridge,0,0.7633721152694135,157
A|ebin5.6_f121,ao_abs,100,gbt,0,0.5896543492668104,157
A|ebin5.6_f121,ao_abs,100,ridge,1,0.5526642187876579,157
A|ebin5.6_f121,ao_abs,100,gbt,1,0.6524480778347224,157
A|ebin5.6_f121,ao_abs,100,ridge,2,0.610169068880178,157
A|ebin5.6_f121,ao_abs,100,gbt,2,0.5267623974356364,157
A|ebin5.6_f121,ao_abs,200,ridge,0,0.6806071976410399,157
A|ebin5.6_f121,ao_abs,200,gbt,0,0.6729430899533119,157
A|ebin5.6_f121,ao_abs,200,ridge,1,0.7094177898676864,157
A|ebin5.6_f121,ao_abs,200,gbt,1,0.7044541904747034,157
A|ebin5.6_f121,ao_abs,200,ridge,2,0.7077813531928123,157
A|ebin5.6_f121,ao_abs,200,gbt,2,0.6849675005201523,157
A|ebin5.6_f121,ao_abs,400,ridge,0,0.6819241026049908,157
A|ebin5.6_f121,ao_abs,400,gbt,0,0.7111333339078862,157
A|ebin5.6_f121,ao_abs,400,ridge,1,0.6851706068329638,157
A|ebin5.6_f121,ao_abs,400,gbt,1,0.6700179318578317,157
A|ebin5.6_f121,ao_abs,400,ridge,2,0.6887723186424972,157
A|ebin5.6_f121,ao_abs,400,gbt,2,0.7243396105428422,157
A|ebin5.6_f121,ao_abs,474,ridge,0,0.6863246436918324,157
A|ebin5.6_f121,ao_abs,474,gbt,0,0.7245335011441305,157
A|ebin5.6_f121,ao_abs,474,ridge,1,0.6863246436918324,157
A|ebin5.6_f121,ao_abs,474,gbt,1,0.7826712101592561,157
A|ebin5.6_f121,ao_abs,474,ridge,2,0.6863246436918324,157
A|ebin5.6_f121,ao_abs,474,gbt,2,0.760265212274368,157
A|ebin5.6_f121,max_assembly_burnup,25,ridge,0,0.8243781727108545,157
A|ebin5.6_f121,max_assembly_burnup,25,ridge,1,0.7384480133502388,157
A|ebin5.6_f121,max_assembly_burnup,25,ridge,2,0.8282885291083837,157
A|ebin5.6_f121,max_assembly_burnup,50,ridge,0,0.7693571944702812,157
A|ebin5.6_f121,max_assembly_burnup,50,gbt,0,0.19314922154595177,157
A|ebin5.6_f121,max_assembly_burnup,50,ridge,1,0.8022510132544145,157
A|ebin5.6_f121,max_assembly_burnup,50,gbt,1,0.6194915431627339,157
A|ebin5.6_f121,max_assembly_burnup,50,ridge,2,0.8501459018823609,157
A|ebin5.6_f121,max_assembly_burnup,50,gbt,2,0.3605870314141708,157
A|ebin5.6_f121,max_assembly_burnup,100,ridge,0,0.8077955947284688,157
A|ebin5.6_f121,max_assembly_burnup,100,gbt,0,0.800723463571176,157
A|ebin5.6_f121,max_assembly_burnup,100,ridge,1,0.8565975247888319,157
A|ebin5.6_f121,max_assembly_burnup,100,gbt,1,0.7628147232778709,157
A|ebin5.6_f121,max_assembly_burnup,100,ridge,2,0.7884252210273056,157
A|ebin5.6_f121,max_assembly_burnup,100,gbt,2,0.7213513947343865,157
A|ebin5.6_f121,max_assembly_burnup,200,ridge,0,0.8392164402462848,157
A|ebin5.6_f121,max_assembly_burnup,200,gbt,0,0.8076627289130001,157
A|ebin5.6_f121,max_assembly_burnup,200,ridge,1,0.8163419406694608,157
A|ebin5.6_f121,max_assembly_burnup,200,gbt,1,0.827313265756264,157
A|ebin5.6_f121,max_assembly_burnup,200,ridge,2,0.8258852569370234,157
A|ebin5.6_f121,max_assembly_burnup,200,gbt,2,0.8101787104235532,157
A|ebin5.6_f121,max_assembly_burnup,400,ridge,0,0.8607373549162717,157
A|ebin5.6_f121,max_assembly_burnup,400,gbt,0,0.8655919647024193,157
A|ebin5.6_f121,max_assembly_burnup,400,ridge,1,0.8424740369121092,157
A|ebin5.6_f121,max_assembly_burnup,400,gbt,1,0.8411313054924977,157
A|ebin5.6_f121,max_assembly_burnup,400,ridge,2,0.8563106826264436,157
A|ebin5.6_f121,max_assembly_burnup,400,gbt,2,0.8389078911094457,157
A|ebin5.6_f121,max_assembly_burnup,474,ridge,0,0.8624956198468022,157
A|ebin5.6_f121,max_assembly_burnup,474,gbt,0,0.8335478189182248,157
A|ebin5.6_f121,max_assembly_burnup,474,ridge,1,0.8624956198468022,157
A|ebin5.6_f121,max_assembly_burnup,474,gbt,1,0.8599636563269112,157
A|ebin5.6_f121,max_assembly_burnup,474,ridge,2,0.8624956198468022,157
A|ebin5.6_f121,max_assembly_burnup,474,gbt,2,0.8537926735901281,157
A|ebin5.6_f121,node_peak,25,ridge,0,0.6115056886045059,157
A|ebin5.6_f121,node_peak,25,ridge,1,0.7172870631396261,157
A|ebin5.6_f121,node_peak,25,ridge,2,0.6901800141426461,157
A|ebin5.6_f121,node_peak,50,ridge,0,0.6352945197286145,157
A|ebin5.6_f121,node_peak,50,gbt,0,0.45742364869629526,157
A|ebin5.6_f121,node_peak,50,ridge,1,0.7744022759186991,157
A|ebin5.6_f121,node_peak,50,gbt,1,0.39970151249734875,157
A|ebin5.6_f121,node_peak,50,ridge,2,0.7933114660867676,157
A|ebin5.6_f121,node_peak,50,gbt,2,0.3987339568227549,157
A|ebin5.6_f121,node_peak,100,ridge,0,0.7952961945340925,157
A|ebin5.6_f121,node_peak,100,gbt,0,0.7329339645169205,157
A|ebin5.6_f121,node_peak,100,ridge,1,0.8398378424855425,157
A|ebin5.6_f121,node_peak,100,gbt,1,0.6414239193788297,157
A|ebin5.6_f121,node_peak,100,ridge,2,0.7878984293605089,157
A|ebin5.6_f121,node_peak,100,gbt,2,0.5263608790494012,157
A|ebin5.6_f121,node_peak,200,ridge,0,0.8663572257938222,157
A|ebin5.6_f121,node_peak,200,gbt,0,0.801179674809618,157
A|ebin5.6_f121,node_peak,200,ridge,1,0.7978329255808297,157
A|ebin5.6_f121,node_peak,200,gbt,1,0.8121803414582497,157
A|ebin5.6_f121,node_peak,200,ridge,2,0.8620357897135921,157
A|ebin5.6_f121,node_peak,200,gbt,2,0.8402440915896042,157
A|ebin5.6_f121,node_peak,400,ridge,0,0.883039798735048,157
A|ebin5.6_f121,node_peak,400,gbt,0,0.8587392798081134,157
A|ebin5.6_f121,node_peak,400,ridge,1,0.8672332973350242,157
A|ebin5.6_f121,node_peak,400,gbt,1,0.8539573247053399,157
A|ebin5.6_f121,node_peak,400,ridge,2,0.8769212530685291,157
A|ebin5.6_f121,node_peak,400,gbt,2,0.8335440825107832,157
A|ebin5.6_f121,node_peak,474,ridge,0,0.8860230936824331,157
A|ebin5.6_f121,node_peak,474,gbt,0,0.8584369188337162,157
A|ebin5.6_f121,node_peak,474,ridge,1,0.8860230936824331,157
A|ebin5.6_f121,node_peak,474,gbt,1,0.8225071316607372,157
A|ebin5.6_f121,node_peak,474,ridge,2,0.8860230936824331,157
A|ebin5.6_f121,node_peak,474,gbt,2,0.850496454475317,157
A|ebin5.6_f121,map_cov,25,ridge,0,0.6523080644261003,157
A|ebin5.6_f121,map_cov,25,ridge,1,0.7349927747009098,157
A|ebin5.6_f121,map_cov,25,ridge,2,0.740937366269947,157
A|ebin5.6_f121,map_cov,50,ridge,0,0.7104019499004582,157
A|ebin5.6_f121,map_cov,50,gbt,0,0.4172534148089766,157
A|ebin5.6_f121,map_cov,50,ridge,1,0.8627131153132926,157
A|ebin5.6_f121,map_cov,50,gbt,1,0.34031244357470464,157
A|ebin5.6_f121,map_cov,50,ridge,2,0.8743883303667227,157
A|ebin5.6_f121,map_cov,50,gbt,2,0.35766743086132186,157
A|ebin5.6_f121,map_cov,100,ridge,0,0.8723230732018928,157
A|ebin5.6_f121,map_cov,100,gbt,0,0.7675121054601062,157
A|ebin5.6_f121,map_cov,100,ridge,1,0.8739231823566259,157
A|ebin5.6_f121,map_cov,100,gbt,1,0.7498899149709437,157
A|ebin5.6_f121,map_cov,100,ridge,2,0.8582228865224913,157
A|ebin5.6_f121,map_cov,100,gbt,2,0.6868706445640562,157
A|ebin5.6_f121,map_cov,200,ridge,0,0.9085984160159764,157
A|ebin5.6_f121,map_cov,200,gbt,0,0.7982342981536724,157
A|ebin5.6_f121,map_cov,200,ridge,1,0.889372298265308,157
A|ebin5.6_f121,map_cov,200,gbt,1,0.8204156562618226,157
A|ebin5.6_f121,map_cov,200,ridge,2,0.8850185128908019,157
A|ebin5.6_f121,map_cov,200,gbt,2,0.804141677881902,157
A|ebin5.6_f121,map_cov,400,ridge,0,0.9303301310476993,157
A|ebin5.6_f121,map_cov,400,gbt,0,0.8455832645947939,157
A|ebin5.6_f121,map_cov,400,ridge,1,0.9265655331526492,157
A|ebin5.6_f121,map_cov,400,gbt,1,0.8159161245108193,157
A|ebin5.6_f121,map_cov,400,ridge,2,0.9342838891335223,157
A|ebin5.6_f121,map_cov,400,gbt,2,0.8607160798566104,157
A|ebin5.6_f121,map_cov,474,ridge,0,0.9270585900433518,157
A|ebin5.6_f121,map_cov,474,gbt,0,0.8654388826524599,157
A|ebin5.6_f121,map_cov,474,ridge,1,0.9270585900433518,157
A|ebin5.6_f121,map_cov,474,gbt,1,0.8671754352234882,157
A|ebin5.6_f121,map_cov,474,ridge,2,0.9270585900433518,157
A|ebin5.6_f121,map_cov,474,gbt,2,0.8640651455293074,157
P|ebin6.15_f109,cyclen,25,ridge,0,0.1696992846725467,120
P|ebin6.15_f109,cyclen,25,ridge,1,-0.11739009653448153,120
P|ebin6.15_f109,cyclen,25,ridge,2,0.09140218070699353,120
P|ebin6.15_f109,cyclen,50,ridge,0,0.06336551149385374,120
P|ebin6.15_f109,cyclen,50,gbt,0,-0.050611325330126425,120
P|ebin6.15_f109,cyclen,50,ridge,1,0.3088478366553232,120
P|ebin6.15_f109,cyclen,50,gbt,1,-0.020536148343634975,120
P|ebin6.15_f109,cyclen,50,ridge,2,0.2464060004166956,120
P|ebin6.15_f109,cyclen,50,gbt,2,0.07740815334398221,120
P|ebin6.15_f109,cyclen,100,ridge,0,0.3593166192096673,120
P|ebin6.15_f109,cyclen,100,gbt,0,0.0635163713452435,120
P|ebin6.15_f109,cyclen,100,ridge,1,0.29240919508299185,120
P|ebin6.15_f109,cyclen,100,gbt,1,-0.020963952916305848,120
P|ebin6.15_f109,cyclen,100,ridge,2,0.18516563650253487,120
P|ebin6.15_f109,cyclen,100,gbt,2,0.019286061532050834,120
P|ebin6.15_f109,cyclen,200,ridge,0,0.31366067087992217,120
P|ebin6.15_f109,cyclen,200,gbt,0,0.1643308563094659,120
P|ebin6.15_f109,cyclen,200,ridge,1,0.3162997430377109,120
P|ebin6.15_f109,cyclen,200,gbt,1,0.10536842836308075,120
P|ebin6.15_f109,cyclen,200,ridge,2,0.34235710813250914,120
P|ebin6.15_f109,cyclen,200,gbt,2,0.14331922932035857,120
P|ebin6.15_f109,cyclen,305,ridge,0,0.3227446350441003,120
P|ebin6.15_f109,cyclen,305,gbt,0,0.3040002777970692,120
P|ebin6.15_f109,cyclen,305,ridge,1,0.3227446350441003,120
P|ebin6.15_f109,cyclen,305,gbt,1,0.1965692061948746,120
P|ebin6.15_f109,cyclen,305,ridge,2,0.3227446350441003,120
P|ebin6.15_f109,cyclen,305,gbt,2,0.23363428015834434,120
P|ebin6.15_f109,f_r,25,ridge,0,0.14178067921383428,120
P|ebin6.15_f109,f_r,25,ridge,1,-0.051649420098617956,120
P|ebin6.15_f109,f_r,25,ridge,2,0.22427251892492533,120
P|ebin6.15_f109,f_r,50,ridge,0,0.28682547399124936,120
P|ebin6.15_f109,f_r,50,gbt,0,-0.0013413376898239165,120
P|ebin6.15_f109,f_r,50,ridge,1,0.1406972706437947,120
P|ebin6.15_f109,f_r,50,gbt,1,0.07999513999916752,120
P|ebin6.15_f109,f_r,50,ridge,2,0.24073199527744982,120
P|ebin6.15_f109,f_r,50,gbt,2,-0.1310845756486105,120
P|ebin6.15_f109,f_r,100,ridge,0,0.18229043683589136,120
P|ebin6.15_f109,f_r,100,gbt,0,0.019931974324591338,120
P|ebin6.15_f109,f_r,100,ridge,1,0.35401764011389675,120
P|ebin6.15_f109,f_r,100,gbt,1,0.06497673449545106,120
P|ebin6.15_f109,f_r,100,ridge,2,0.357420654212098,120
P|ebin6.15_f109,f_r,100,gbt,2,0.1437808181123689,120
P|ebin6.15_f109,f_r,200,ridge,0,0.43317591499409674,120
P|ebin6.15_f109,f_r,200,gbt,0,0.16980345857351203,120
P|ebin6.15_f109,f_r,200,ridge,1,0.38391554969095076,120
P|ebin6.15_f109,f_r,200,gbt,1,0.19737481769567328,120
P|ebin6.15_f109,f_r,200,ridge,2,0.4062712688381137,120
P|ebin6.15_f109,f_r,200,gbt,2,-0.009285367039377733,120
P|ebin6.15_f109,f_r,305,ridge,0,0.49008958955483023,120
P|ebin6.15_f109,f_r,305,gbt,0,0.18631154941315367,120
P|ebin6.15_f109,f_r,305,ridge,1,0.49008958955483023,120
P|ebin6.15_f109,f_r,305,gbt,1,0.13871796652545312,120
P|ebin6.15_f109,f_r,305,ridge,2,0.49008958955483023,120
P|ebin6.15_f109,f_r,305,gbt,2,0.21712618931870264,120
P|ebin6.15_f109,f_q,25,ridge,0,0.13204759366572036,120
P|ebin6.15_f109,f_q,25,ridge,1,-0.02612685972442948,120
P|ebin6.15_f109,f_q,25,ridge,2,0.2125776313942217,120
P|ebin6.15_f109,f_q,50,ridge,0,0.2744570360047126,120
P|ebin6.15_f109,f_q,50,gbt,0,0.013630866691858212,120
P|ebin6.15_f109,f_q,50,ridge,1,0.11057384292995853,120
P|ebin6.15_f109,f_q,50,gbt,1,0.12567535836150773,120
P|ebin6.15_f109,f_q,50,ridge,2,0.23594387795000132,120
P|ebin6.15_f109,f_q,50,gbt,2,-0.10894878038609083,120
P|ebin6.15_f109,f_q,100,ridge,0,0.14098225741784118,120
P|ebin6.15_f109,f_q,100,gbt,0,0.004170442983689783,120
P|ebin6.15_f109,f_q,100,ridge,1,0.337451103290847,120
P|ebin6.15_f109,f_q,100,gbt,1,0.015105294318869488,120
P|ebin6.15_f109,f_q,100,ridge,2,0.3467573212681823,120
P|ebin6.15_f109,f_q,100,gbt,2,0.14361091674949894,120
P|ebin6.15_f109,f_q,200,ridge,0,0.43504832809345395,120
P|ebin6.15_f109,f_q,200,gbt,0,0.12630760175656539,120
P|ebin6.15_f109,f_q,200,ridge,1,0.36326891323916344,120
P|ebin6.15_f109,f_q,200,gbt,1,0.18467286733979382,120
P|ebin6.15_f109,f_q,200,ridge,2,0.41294606039728254,120
P|ebin6.15_f109,f_q,200,gbt,2,0.053416996696025884,120
P|ebin6.15_f109,f_q,305,ridge,0,0.48028071442657716,120
P|ebin6.15_f109,f_q,305,gbt,0,0.19750364175257518,120
P|ebin6.15_f109,f_q,305,ridge,1,0.48028071442657716,120
P|ebin6.15_f109,f_q,305,gbt,1,0.17558888740370832,120
P|ebin6.15_f109,f_q,305,ridge,2,0.48028071442657716,120
P|ebin6.15_f109,f_q,305,gbt,2,0.21618899956453091,120
P|ebin6.15_f109,cbc_max,25,ridge,0,0.777074796860893,120
P|ebin6.15_f109,cbc_max,25,ridge,1,0.7910827140773663,120
P|ebin6.15_f109,cbc_max,25,ridge,2,0.7815126050420167,120
P|ebin6.15_f109,cbc_max,50,ridge,0,0.7815126050420167,120
P|ebin6.15_f109,cbc_max,50,gbt,0,0.6256711244473663,120
P|ebin6.15_f109,cbc_max,50,ridge,1,0.7980554205153134,120
P|ebin6.15_f109,cbc_max,50,gbt,1,0.6974084201406001,120
P|ebin6.15_f109,cbc_max,50,ridge,2,0.8255226057365094,120
P|ebin6.15_f109,cbc_max,50,gbt,2,0.6542042210465109,120
P|ebin6.15_f109,cbc_max,100,ridge,0,0.8062295992777275,120
P|ebin6.15_f109,cbc_max,100,gbt,0,0.6844364191957774,120
P|ebin6.15_f109,cbc_max,100,ridge,1,0.8212514757969303,120
P|ebin6.15_f109,cbc_max,100,gbt,1,0.726890756302521,120
P|ebin6.15_f109,cbc_max,100,ridge,2,0.8105632335578858,120
P|ebin6.15_f109,cbc_max,100,gbt,2,0.7164316966456004,120
P|ebin6.15_f109,cbc_max,200,ridge,0,0.8602125147579693,120
P|ebin6.15_f109,cbc_max,200,gbt,0,0.7876102507118549,120
P|ebin6.15_f109,cbc_max,200,ridge,1,0.8548718661018125,120
P|ebin6.15_f109,cbc_max,200,gbt,1,0.7795749704840612,120
P|ebin6.15_f109,cbc_max,200,ridge,2,0.8511077158135981,120
P|ebin6.15_f109,cbc_max,200,gbt,2,0.7803111327175497,120
P|ebin6.15_f109,cbc_max,305,ridge,0,0.8549135356621986,120
P|ebin6.15_f109,cbc_max,305,gbt,0,0.8203903048822834,120
P|ebin6.15_f109,cbc_max,305,ridge,1,0.8549135356621986,120
P|ebin6.15_f109,cbc_max,305,gbt,1,0.8125147579693033,120
P|ebin6.15_f109,cbc_max,305,ridge,2,0.8549135356621986,120
P|ebin6.15_f109,cbc_max,305,gbt,2,0.8002916869227028,120
P|ebin6.15_f109,ao_abs,25,ridge,0,0.3055491893358761,120
P|ebin6.15_f109,ao_abs,25,ridge,1,0.27974441798997046,120
P|ebin6.15_f109,ao_abs,25,ridge,2,0.2176025281723171,120
P|ebin6.15_f109,ao_abs,50,ridge,0,0.27256311437762587,120
P|ebin6.15_f109,ao_abs,50,gbt,0,0.27778157828099276,120
P|ebin6.15_f109,ao_abs,50,ridge,1,0.08945376259864495,120
P|ebin6.15_f109,ao_abs,50,gbt,1,0.11650975721935806,120
P|ebin6.15_f109,ao_abs,50,ridge,2,0.2569781576018992,120
P|ebin6.15_f109,ao_abs,50,gbt,2,0.1300315833721819,120
P|ebin6.15_f109,ao_abs,100,ridge,0,0.21029621153770725,120
P|ebin6.15_f109,ao_abs,100,gbt,0,0.13959787486279215,120
P|ebin6.15_f109,ao_abs,100,ridge,1,0.3009619059355342,120
P|ebin6.15_f109,ao_abs,100,gbt,1,0.0004826891693016943,120
P|ebin6.15_f109,ao_abs,100,ridge,2,0.325315137189583,120
P|ebin6.15_f109,ao_abs,100,gbt,2,0.1153484867457217,120
P|ebin6.15_f109,ao_abs,200,ridge,0,0.2691391466011404,120
P|ebin6.15_f109,ao_abs,200,gbt,0,0.17975830826548353,120
P|ebin6.15_f109,ao_abs,200,ridge,1,0.2650796959614737,120
P|ebin6.15_f109,ao_abs,200,gbt,1,0.3680591730524215,120
P|ebin6.15_f109,ao_abs,200,ridge,2,0.2820154878944547,120
P|ebin6.15_f109,ao_abs,200,gbt,2,0.2369309304480957,120
P|ebin6.15_f109,ao_abs,305,ridge,0,0.29507934872116676,120
P|ebin6.15_f109,ao_abs,305,gbt,0,0.19595096723277705,120
P|ebin6.15_f109,ao_abs,305,ridge,1,0.29507934872116676,120
P|ebin6.15_f109,ao_abs,305,gbt,1,0.14127166032756497,120
P|ebin6.15_f109,ao_abs,305,ridge,2,0.29507934872116676,120
P|ebin6.15_f109,ao_abs,305,gbt,2,0.16054797384406644,120
P|ebin6.15_f109,max_assembly_burnup,25,ridge,0,-0.03871796652545315,120
P|ebin6.15_f109,max_assembly_burnup,25,ridge,1,0.15840683380790332,120
P|ebin6.15_f109,max_assembly_burnup,25,ridge,2,0.161337592888395,120
P|ebin6.15_f109,max_assembly_burnup,50,ridge,0,-0.021925133689839567,120
P|ebin6.15_f109,max_assembly_burnup,50,gbt,0,-0.05102618291442615,120
P|ebin6.15_f109,max_assembly_burnup,50,ridge,1,0.06651156330300714,120
P|ebin6.15_f109,max_assembly_burnup,50,gbt,1,0.05716364954265435,120
P|ebin6.15_f109,max_assembly_burnup,50,ridge,2,-0.09454128758941592,120
P|ebin6.15_f109,max_assembly_burnup,50,gbt,2,0.09193757856724646,120
P|ebin6.15_f109,max_assembly_burnup,100,ridge,0,-0.07208139454128758,120
P|ebin6.15_f109,max_assembly_burnup,100,gbt,0,0.09347176887283838,120
P|ebin6.15_f109,max_assembly_burnup,100,ridge,1,-0.042002916869227025,120
P|ebin6.15_f109,max_assembly_burnup,100,gbt,1,0.055375469434539734,120
P|ebin6.15_f109,max_assembly_burnup,100,ridge,2,0.02564761441766789,120
P|ebin6.15_f109,max_assembly_burnup,100,gbt,2,0.031071602194596846,120
P|ebin6.15_f109,max_assembly_burnup,200,ridge,0,0.05749704840613931,120
P|ebin6.15_f109,max_assembly_burnup,200,gbt,0,-0.006389343685931719,120
P|ebin6.15_f109,max_assembly_burnup,200,ridge,1,-0.021869574275991385,120
P|ebin6.15_f109,max_assembly_burnup,200,gbt,1,0.025480936176123337,120
P|ebin6.15_f109,max_assembly_burnup,200,ridge,2,0.035474685742065415,120
P|ebin6.15_f109,max_assembly_burnup,200,gbt,2,-0.0009583998888811721,120
P|ebin6.15_f109,max_assembly_burnup,305,ridge,0,0.02376553927356066,120
P|ebin6.15_f109,max_assembly_burnup,305,gbt,0,0.05364955899715257,120
P|ebin6.15_f109,max_assembly_burnup,305,ridge,1,0.02376553927356066,120
P|ebin6.15_f109,max_assembly_burnup,305,gbt,1,0.14657267865824014,120
P|ebin6.15_f109,max_assembly_burnup,305,ridge,2,0.02376553927356066,120
P|ebin6.15_f109,max_assembly_burnup,305,gbt,2,0.16035141329258973,120
P|ebin5.5_f125,cyclen,25,ridge,0,0.4402527953330091,120
P|ebin5.5_f125,cyclen,25,ridge,1,0.3621084797555385,120
P|ebin5.5_f125,cyclen,25,ridge,2,0.29683311341065344,120
P|ebin5.5_f125,cyclen,50,ridge,0,0.4825960136120563,120
P|ebin5.5_f125,cyclen,50,gbt,0,0.06177512327244946,120
P|ebin5.5_f125,cyclen,50,ridge,1,0.4816584485033682,120
P|ebin5.5_f125,cyclen,50,gbt,1,0.13407237353797674,120
P|ebin5.5_f125,cyclen,50,ridge,2,0.38703382179318,120
P|ebin5.5_f125,cyclen,50,gbt,2,0.16271275125342902,120
P|ebin5.5_f125,cyclen,100,ridge,0,0.5097992916174734,120
P|ebin5.5_f125,cyclen,100,gbt,0,0.31400097228974233,120
P|ebin5.5_f125,cyclen,100,ridge,1,0.48504757274810745,120
P|ebin5.5_f125,cyclen,100,gbt,1,0.33318343840497194,120
P|ebin5.5_f125,cyclen,100,ridge,2,0.46951177165080904,120
P|ebin5.5_f125,cyclen,100,gbt,2,0.33588443641919574,120
P|ebin5.5_f125,cyclen,200,ridge,0,0.5443780818112368,120
P|ebin5.5_f125,cyclen,200,gbt,0,0.41907771373012004,120
P|ebin5.5_f125,cyclen,200,ridge,1,0.5300090284047503,120
P|ebin5.5_f125,cyclen,200,gbt,1,0.40463921105632333,120
P|ebin5.5_f125,cyclen,200,ridge,2,0.5283214112091117,120
P|ebin5.5_f125,cyclen,200,gbt,2,0.38989513160636147,120
P|ebin5.5_f125,cyclen,220,ridge,0,0.538092923119661,120
P|ebin5.5_f125,cyclen,220,gbt,0,0.388832557816515,120
P|ebin5.5_f125,cyclen,220,ridge,1,0.538092923119661,120
P|ebin5.5_f125,cyclen,220,gbt,1,0.3588790888256128,120
P|ebin5.5_f125,cyclen,220,ridge,2,0.538092923119661,120
P|ebin5.5_f125,cyclen,220,gbt,2,0.29867351899437455,120
P|ebin5.5_f125,f_r,25,ridge,0,0.3457948468643655,120
P|ebin5.5_f125,f_r,25,ridge,1,0.4442877977637336,120
P|ebin5.5_f125,f_r,25,ridge,2,0.1843600250017362,120
P|ebin5.5_f125,f_r,50,ridge,0,0.38793666226821305,120
P|ebin5.5_f125,f_r,50,gbt,0,0.23836280713235172,120
P|ebin5.5_f125,f_r,50,ridge,1,0.23156469199249946,120
P|ebin5.5_f125,f_r,50,gbt,1,0.16759594263822117,120
P|ebin5.5_f125,f_r,50,ridge,2,0.2924994791304952,120
P|ebin5.5_f125,f_r,50,gbt,2,0.0172683596374807,120
P|ebin5.5_f125,f_r,100,ridge,0,0.333849572887006,120
P|ebin5.5_f125,f_r,100,gbt,0,0.29115216334467664,120
P|ebin5.5_f125,f_r,100,ridge,1,0.3449406208764497,120
P|ebin5.5_f125,f_r,100,gbt,1,0.08472698737868621,120
P|ebin5.5_f125,f_r,100,ridge,2,0.3692270296548371,120
P|ebin5.5_f125,f_r,100,gbt,2,0.30171539690256266,120
P|ebin5.5_f125,f_r,200,ridge,0,0.4415862212653655,120
P|ebin5.5_f125,f_r,200,gbt,0,0.32680741718174866,120
P|ebin5.5_f125,f_r,200,ridge,1,0.38769358983262725,120
P|ebin5.5_f125,f_r,200,gbt,1,0.3189943746093479,120
P|ebin5.5_f125,f_r,200,ridge,2,0.42402250156260846,120
P|ebin5.5_f125,f_r,200,gbt,2,0.36489339537467874,120
P|ebin5.5_f125,f_r,220,ridge,0,0.42883533578720745,120
P|ebin5.5_f125,f_r,220,gbt,0,0.3350371553580109,120
P|ebin5.5_f125,f_r,220,ridge,1,0.42883533578720745,120
P|ebin5.5_f125,f_r,220,gbt,1,0.38950621570942423,120
P|ebin5.5_f125,f_r,220,ridge,2,0.42883533578720745,120
P|ebin5.5_f125,f_r,220,gbt,2,0.44182234877422033,120
P|ebin5.5_f125,f_q,25,ridge,0,0.3464343816144912,120
P|ebin5.5_f125,f_q,25,ridge,1,0.42106469384168926,120
P|ebin5.5_f125,f_q,25,ridge,2,0.21834193058913837,120
P|ebin5.5_f125,f_q,50,ridge,0,0.3759607888761637,120
P|ebin5.5_f125,f_q,50,gbt,0,0.21947983963478945,120
P|ebin5.5_f125,f_q,50,ridge,1,0.22912394805914812,120
P|ebin5.5_f125,f_q,50,gbt,1,0.10898237294445333,120
P|ebin5.5_f125,f_q,50,ridge,2,0.3042751306955255,120
P|ebin5.5_f125,f_q,50,gbt,2,-0.05452044765641816,120
P|ebin5.5_f125,f_q,100,ridge,0,0.33022489448083403,120
P|ebin5.5_f125,f_q,100,gbt,0,0.19140598549578383,120
P|ebin5.5_f125,f_q,100,ridge,1,0.31119576219881995,120
P|ebin5.5_f125,f_q,100,gbt,1,0.11048991845237022,120
P|ebin5.5_f125,f_q,100,ridge,2,0.3667691623888478,120
P|ebin5.5_f125,f_q,100,gbt,2,0.2777975515622486,120
P|ebin5.5_f125,f_q,200,ridge,0,0.4424238530874317,120
P|ebin5.5_f125,f_q,200,gbt,0,0.39002776239339704,120
P|ebin5.5_f125,f_q,200,ridge,1,0.3713736568059921,120
P|ebin5.5_f125,f_q,200,gbt,1,0.29034705595407323,120
P|ebin5.5_f125,f_q,200,ridge,2,0.4208702355555957,120
P|ebin5.5_f125,f_q,200,gbt,2,0.3499867178050935,120
P|ebin5.5_f125,f_q,220,ridge,0,0.41772070581475873,120
P|ebin5.5_f125,f_q,220,gbt,0,0.30505990877868877,120
P|ebin5.5_f125,f_q,220,ridge,1,0.41772070581475873,120
P|ebin5.5_f125,f_q,220,gbt,1,0.46285933547422964,120
P|ebin5.5_f125,f_q,220,ridge,2,0.41772070581475873,120
P|ebin5.5_f125,f_q,220,gbt,2,0.4561921942367356,120
P|ebin5.5_f125,cbc_max,25,ridge,0,0.5991041044516979,120
P|ebin5.5_f125,cbc_max,25,ridge,1,0.6280575039933328,120
P|ebin5.5_f125,cbc_max,25,ridge,2,0.5485380929231196,120
P|ebin5.5_f125,cbc_max,50,ridge,0,0.6714910757691506,120
P|ebin5.5_f125,cbc_max,50,gbt,0,0.43974149235393356,120
P|ebin5.5_f125,cbc_max,50,ridge,1,0.60753524550316,120
P|ebin5.5_f125,cbc_max,50,gbt,1,0.46339501560870994,120
P|ebin5.5_f125,cbc_max,50,ridge,2,0.6977012292520314,120
P|ebin5.5_f125,cbc_max,50,gbt,2,0.3356413639836099,120
P|ebin5.5_f125,cbc_max,100,ridge,0,0.6863046044864226,120
P|ebin5.5_f125,cbc_max,100,gbt,0,0.6372873116188624,120
P|ebin5.5_f125,cbc_max,100,ridge,1,0.6965692061948746,120
P|ebin5.5_f125,cbc_max,100,gbt,1,0.6255781651503576,120
P|ebin5.5_f125,cbc_max,100,ridge,2,0.687346343496076,120
P|ebin5.5_f125,cbc_max,100,gbt,2,0.6188971456351134,120
P|ebin5.5_f125,cbc_max,200,ridge,0,0.7336690047919994,120
P|ebin5.5_f125,cbc_max,200,gbt,0,0.6163969720119452,120
P|ebin5.5_f125,cbc_max,200,ridge,1,0.7240294464893394,120
P|ebin5.5_f125,cbc_max,200,gbt,1,0.6567747760261129,120
P|ebin5.5_f125,cbc_max,200,ridge,2,0.7270296548371413,120
P|ebin5.5_f125,cbc_max,200,gbt,2,0.6165567053267588,120
P|ebin5.5_f125,cbc_max,220,ridge,0,0.7263559969442321,120
P|ebin5.5_f125,cbc_max,220,gbt,0,0.6305854573234251,120
P|ebin5.5_f125,cbc_max,220,ridge,1,0.7263559969442321,120
P|ebin5.5_f125,cbc_max,220,gbt,1,0.5931731370234042,120
P|ebin5.5_f125,cbc_max,220,ridge,2,0.7263559969442321,120
P|ebin5.5_f125,cbc_max,220,gbt,2,0.6412528647822765,120
P|ebin5.5_f125,ao_abs,25,ridge,0,0.29154375203600685,120
P|ebin5.5_f125,ao_abs,25,ridge,1,-0.041834146228712364,120
P|ebin5.5_f125,ao_abs,25,ridge,2,0.07515353139219665,120
P|ebin5.5_f125,ao_abs,50,ridge,0,0.17010075694091858,120
P|ebin5.5_f125,ao_abs,50,gbt,0,-0.016939539854350445,120
P|ebin5.5_f125,ao_abs,50,ridge,1,0.3752641331622646,120
P|ebin5.5_f125,ao_abs,50,gbt,1,0.17346795677751914,120
P|ebin5.5_f125,ao_abs,50,ridge,2,-0.019182520442218565,120
P|ebin5.5_f125,ao_abs,50,gbt,2,-0.194809335402664,120
P|ebin5.5_f125,ao_abs,100,ridge,0,0.27650401705496985,120
P|ebin5.5_f125,ao_abs,100,gbt,0,0.15342543775852657,120
P|ebin5.5_f125,ao_abs,100,ridge,1,0.26505492764548494,120
P|ebin5.5_f125,ao_abs,100,gbt,1,-0.006438159467754023,120
P|ebin5.5_f125,ao_abs,100,ridge,2,0.1246690199848097,120
P|ebin5.5_f125,ao_abs,100,gbt,2,0.10748689104808459,120
P|ebin5.5_f125,ao_abs,200,ridge,0,0.25452607138538236,120
P|ebin5.5_f125,ao_abs,200,gbt,0,0.007129202474271311,120
P|ebin5.5_f125,ao_abs,200,ridge,1,0.23283634968333725,120
P|ebin5.5_f125,ao_abs,200,gbt,1,0.04619570409899232,120
P|ebin5.5_f125,ao_abs,200,ridge,2,0.232937054443081,120
P|ebin5.5_f125,ao_abs,200,gbt,2,0.1467893413492073,120
P|ebin5.5_f125,ao_abs,220,ridge,0,0.27191674161974705,120
P|ebin5.5_f125,ao_abs,220,gbt,0,0.09412769715908337,120
P|ebin5.5_f125,ao_abs,220,ridge,1,0.27191674161974705,120
P|ebin5.5_f125,ao_abs,220,gbt,1,0.09693354012021888,120
P|ebin5.5_f125,ao_abs,220,ridge,2,0.27191674161974705,120
P|ebin5.5_f125,ao_abs,220,gbt,2,0.04463998918984788,120
P|ebin5.5_f125,max_assembly_burnup,25,ridge,0,0.3956955194673466,120
P|ebin5.5_f125,max_assembly_burnup,25,ridge,1,0.5229582712659882,120
P|ebin5.5_f125,max_assembly_burnup,25,ridge,2,0.25670274568786505,120
P|ebin5.5_f125,max_assembly_burnup,50,ridge,0,0.26892585917885303,120
P|ebin5.5_f125,max_assembly_burnup,50,gbt,0,0.10454506785452453,120
P|ebin5.5_f125,max_assembly_burnup,50,ridge,1,0.32732247837713274,120
P|ebin5.5_f125,max_assembly_burnup,50,gbt,1,-0.05671278990254673,120
P|ebin5.5_f125,max_assembly_burnup,50,ridge,2,0.3844273367178421,120
P|ebin5.5_f125,max_assembly_burnup,50,gbt,2,0.0946112296579122,120
P|ebin5.5_f125,max_assembly_burnup,100,ridge,0,0.4866292333845345,120
P|ebin5.5_f125,max_assembly_burnup,100,gbt,0,0.10073132876860658,120
P|ebin5.5_f125,max_assembly_burnup,100,ridge,1,0.35016442171341644,120
P|ebin5.5_f125,max_assembly_burnup,100,gbt,1,0.1996155963034971,120
P|ebin5.5_f125,max_assembly_burnup,100,ridge,2,0.5100406626902848,120
P|ebin5.5_f125,max_assembly_burnup,100,gbt,2,0.3316908524599915,120
P|ebin5.5_f125,max_assembly_burnup,200,ridge,0,0.6082561575707119,120
P|ebin5.5_f125,max_assembly_burnup,200,gbt,0,0.37153750794552753,120
P|ebin5.5_f125,max_assembly_burnup,200,ridge,1,0.5828237475684405,120
P|ebin5.5_f125,max_assembly_burnup,200,gbt,1,0.31508200250902685,120
P|ebin5.5_f125,max_assembly_burnup,200,ridge,2,0.6117077981417466,120
P|ebin5.5_f125,max_assembly_burnup,200,gbt,2,0.36985335736509306,120
P|ebin5.5_f125,max_assembly_burnup,220,ridge,0,0.6105341014485779,120
P|ebin5.5_f125,max_assembly_burnup,220,gbt,0,0.239458432734386,120
P|ebin5.5_f125,max_assembly_burnup,220,ridge,1,0.6105341014485779,120
P|ebin5.5_f125,max_assembly_burnup,220,gbt,1,0.26390118724093836,120
P|ebin5.5_f125,max_assembly_burnup,220,ridge,2,0.6105341014485779,120
P|ebin5.5_f125,max_assembly_burnup,220,gbt,2,0.3822709294798013,120
P|ebin5.0_f117,cyclen,25,ridge,0,0.6280436141398706,120
P|ebin5.0_f117,cyclen,25,ridge,1,0.35779568025557323,120
P|ebin5.0_f117,cyclen,25,ridge,2,0.622376553927356,120
P|ebin5.0_f117,cyclen,50,ridge,0,0.5555038544343357,120
P|ebin5.0_f117,cyclen,50,gbt,0,0.4782626235922954,120
P|ebin5.0_f117,cyclen,50,ridge,1,0.6782207097715118,120
P|ebin5.0_f117,cyclen,50,gbt,1,0.629447686472474,120
P|ebin5.0_f117,cyclen,50,ridge,2,0.6415584415584414,120
P|ebin5.0_f117,cyclen,50,gbt,2,0.5692786093483502,120
P|ebin5.0_f117,cyclen,100,ridge,0,0.5934509340926453,120
P|ebin5.0_f117,cyclen,100,gbt,0,0.4811306340718104,120
P|ebin5.0_f117,cyclen,100,ridge,1,0.5892978679074935,120
P|ebin5.0_f117,cyclen,100,gbt,1,0.554434335717758,120
P|ebin5.0_f117,cyclen,100,ridge,2,0.6606639349954857,120
P|ebin5.0_f117,cyclen,100,gbt,2,0.5739015389768866,120
P|ebin5.0_f117,cyclen,186,ridge,0,0.6499895826099034,120
P|ebin5.0_f117,cyclen,186,gbt,0,0.5678241544551704,120
P|ebin5.0_f117,cyclen,186,ridge,1,0.6499895826099034,120
P|ebin5.0_f117,cyclen,186,gbt,1,0.6175012153621778,120
P|ebin5.0_f117,cyclen,186,ridge,2,0.6499895826099034,120
P|ebin5.0_f117,cyclen,186,gbt,2,0.6364122508507534,120
P|ebin5.0_f117,f_r,25,ridge,0,0.28631948857554584,120
P|ebin5.0_f117,f_r,25,ridge,1,0.3932126995394897,120
P|ebin5.0_f117,f_r,25,ridge,2,0.5393657176423852,120
P|ebin5.0_f117,f_r,50,ridge,0,0.5142597203299298,120
P|ebin5.0_f117,f_r,50,gbt,0,0.2650681768535326,120
P|ebin5.0_f117,f_r,50,ridge,1,0.464023418377054,120
P|ebin5.0_f117,f_r,50,gbt,1,0.30746920248977183,120
P|ebin5.0_f117,f_r,50,ridge,2,0.5144333441011086,120
P|ebin5.0_f117,f_r,50,gbt,2,0.43584044945244166,120
P|ebin5.0_f117,f_r,100,ridge,0,0.533198601290114,120
P|ebin5.0_f117,f_r,100,gbt,0,0.23202466855106985,120
P|ebin5.0_f117,f_r,100,ridge,1,0.5566482278255236,120
P|ebin5.0_f117,f_r,100,gbt,1,0.503436014434643,120
P|ebin5.0_f117,f_r,100,ridge,2,0.45755766913835527,120
P|ebin5.0_f117,f_r,100,gbt,2,0.4201203263577408,120
P|ebin5.0_f117,f_r,186,ridge,0,0.569506804319026,120
P|ebin5.0_f117,f_r,186,gbt,0,0.5098080068369052,120
P|ebin5.0_f117,f_r,186,ridge,1,0.569506804319026,120
P|ebin5.0_f117,f_r,186,gbt,1,0.5716701565079139,120
P|ebin5.0_f117,f_r,186,ridge,2,0.569506804319026,120
P|ebin5.0_f117,f_r,186,gbt,2,0.6313758989408818,120
P|ebin5.0_f117,f_q,25,ridge,0,0.28229043683589133,120
P|ebin5.0_f117,f_q,25,ridge,1,0.42506424057226183,120
P|ebin5.0_f117,f_q,25,ridge,2,0.5223001597333147,120
P|ebin5.0_f117,f_q,50,ridge,0,0.5135703868324188,120
P|ebin5.0_f117,f_q,50,gbt,0,0.30087537005082926,120
P|ebin5.0_f117,f_q,50,ridge,1,0.5158274880200013,120
P|ebin5.0_f117,f_q,50,gbt,1,0.29081131508493124,120
P|ebin5.0_f117,f_q,50,ridge,2,0.5182095978887422,120
P|ebin5.0_f117,f_q,50,gbt,2,0.4328258699168605,120
P|ebin5.0_f117,f_q,100,ridge,0,0.545301757066463,120
P|ebin5.0_f117,f_q,100,gbt,0,0.2365762781328178,120
P|ebin5.0_f117,f_q,100,ridge,1,0.5922216820612541,120
P|ebin5.0_f117,f_q,100,gbt,1,0.4840483437196402,120
P|ebin5.0_f117,f_q,100,ridge,2,0.46471977220640315,120
P|ebin5.0_f117,f_q,100,gbt,2,0.4512230905331659,120
P|ebin5.0_f117,f_q,186,ridge,0,0.5778317938745745,120
P|ebin5.0_f117,f_q,186,gbt,0,0.4923328008889506,120
P|ebin5.0_f117,f_q,186,ridge,1,0.5778317938745745,120
P|ebin5.0_f117,f_q,186,gbt,1,0.3634703164640461,120
P|ebin5.0_f117,f_q,186,ridge,2,0.5778317938745745,120
P|ebin5.0_f117,f_q,186,gbt,2,0.5458156816445585,120
P|ebin5.0_f117,cbc_max,25,ridge,0,0.5409472880061115,120
P|ebin5.0_f117,cbc_max,25,ridge,1,0.618140148621432,120
P|ebin5.0_f117,cbc_max,25,ridge,2,0.6895201055628862,120
P|ebin5.0_f117,cbc_max,50,ridge,0,0.6862559899993054,120
P|ebin5.0_f117,cbc_max,50,gbt,0,0.322561153975422,120
P|ebin5.0_f117,cbc_max,50,ridge,1,0.6467463018265156,120
P|ebin5.0_f117,cbc_max,50,gbt,1,0.4103503670682083,120
P|ebin5.0_f117,cbc_max,50,ridge,2,0.6446697687339397,120
P|ebin5.0_f117,cbc_max,50,gbt,2,0.28530899822728517,120
P|ebin5.0_f117,cbc_max,100,ridge,0,0.7076533092575873,120
P|ebin5.0_f117,cbc_max,100,gbt,0,0.3565594832974512,120
P|ebin5.0_f117,cbc_max,100,ridge,1,0.6703937773456489,120
P|ebin5.0_f117,cbc_max,100,gbt,1,0.3309140916887665,120
P|ebin5.0_f117,cbc_max,100,ridge,2,0.7289256198347107,120
P|ebin5.0_f117,cbc_max,100,gbt,2,0.6025974025974026,120
P|ebin5.0_f117,cbc_max,186,ridge,0,0.7361900131953607,120
P|ebin5.0_f117,cbc_max,186,gbt,0,0.6614973262032084,120
P|ebin5.0_f117,cbc_max,186,ridge,1,0.7361900131953607,120
P|ebin5.0_f117,cbc_max,186,gbt,1,0.6062643239113826,120
P|ebin5.0_f117,cbc_max,186,ridge,2,0.7361900131953607,120
P|ebin5.0_f117,cbc_max,186,gbt,2,0.6245017015070491,120
P|ebin5.0_f117,ao_abs,25,ridge,0,0.06084934900073706,120
P|ebin5.0_f117,ao_abs,25,ridge,1,0.21910002141194454,120
P|ebin5.0_f117,ao_abs,25,ridge,2,0.30770539658188156,120
P|ebin5.0_f117,ao_abs,50,ridge,0,0.3020312633702623,120
P|ebin5.0_f117,ao_abs,50,gbt,0,0.16453250042823275,120
P|ebin5.0_f117,ao_abs,50,ridge,1,0.30934096374385994,120
P|ebin5.0_f117,ao_abs,50,gbt,1,0.1656743602988804,120
P|ebin5.0_f117,ao_abs,50,ridge,2,0.24942572847257552,120
P|ebin5.0_f117,ao_abs,50,gbt,2,0.10682908270019144,120
P|ebin5.0_f117,ao_abs,100,ridge,0,0.35685575244311724,120
P|ebin5.0_f117,ao_abs,100,gbt,0,0.20657456333709104,120
P|ebin5.0_f117,ao_abs,100,ridge,1,0.4293867318746299,120
P|ebin5.0_f117,ao_abs,100,gbt,1,0.21518886242738122,120
P|ebin5.0_f117,ao_abs,100,ridge,2,0.3708153702587289,120
P|ebin5.0_f117,ao_abs,100,gbt,2,0.28418587134179757,120
P|ebin5.0_f117,ao_abs,186,ridge,0,0.41112810737848904,120
P|ebin5.0_f117,ao_abs,186,gbt,0,0.23083721251064296,120
P|ebin5.0_f117,ao_abs,186,ridge,1,0.41112810737848904,120
P|ebin5.0_f117,ao_abs,186,gbt,1,0.34497618713286665,120
P|ebin5.0_f117,ao_abs,186,ridge,2,0.41112810737848904,120
P|ebin5.0_f117,ao_abs,186,gbt,2,0.297218320511447,120
P|ebin5.0_f117,max_assembly_burnup,25,ridge,0,0.21705749377689645,120
P|ebin5.0_f117,max_assembly_burnup,25,ridge,1,-0.14613912820120123,120
P|ebin5.0_f117,max_assembly_burnup,25,ridge,2,0.2374964841200655,120
P|ebin5.0_f117,max_assembly_burnup,50,ridge,0,0.09618756923305866,120
P|ebin5.0_f117,max_assembly_burnup,50,gbt,0,0.024417767616654446,120
P|ebin5.0_f117,max_assembly_burnup,50,ridge,1,0.2545185586464357,120
P|ebin5.0_f117,max_assembly_burnup,50,gbt,1,0.17273254461397924,120
P|ebin5.0_f117,max_assembly_burnup,50,ridge,2,0.08359290087174806,120
P|ebin5.0_f117,max_assembly_burnup,50,gbt,2,0.22541085963861526,120
P|ebin5.0_f117,max_assembly_burnup,100,ridge,0,0.3153667454937601,120
P|ebin5.0_f117,max_assembly_burnup,100,gbt,0,0.2618350643639106,120
P|ebin5.0_f117,max_assembly_burnup,100,ridge,1,0.20621989797991533,120
P|ebin5.0_f117,max_assembly_burnup,100,gbt,1,-0.08081804730571757,120
P|ebin5.0_f117,max_assembly_burnup,100,ridge,2,0.24708398876455914,120
P|ebin5.0_f117,max_assembly_burnup,100,gbt,2,0.157208538406211,120
P|ebin5.0_f117,max_assembly_burnup,186,ridge,0,0.3226971411129293,120
P|ebin5.0_f117,max_assembly_burnup,186,gbt,0,-0.029887595970719712,120
P|ebin5.0_f117,max_assembly_burnup,186,ridge,1,0.3226971411129293,120
P|ebin5.0_f117,max_assembly_burnup,186,gbt,1,0.16972070880270668,120
P|ebin5.0_f117,max_assembly_burnup,186,ridge,2,0.3226971411129293,120
P|ebin5.0_f117,max_assembly_burnup,186,gbt,2,0.3767913632613982,120
P|ebin5.5_f101,cyclen,25,ridge,0,-0.025335092714771856,120
P|ebin5.5_f101,cyclen,25,ridge,1,-0.044530870199319394,120
P|ebin5.5_f101,cyclen,25,ridge,2,0.2278908257517883,120
P|ebin5.5_f101,cyclen,50,ridge,0,0.351378567956108,120
P|ebin5.5_f101,cyclen,50,gbt,0,0.11958324424125222,120
P|ebin5.5_f101,cyclen,50,ridge,1,0.38580456976178895,120
P|ebin5.5_f101,cyclen,50,gbt,1,0.15410402666940598,120
P|ebin5.5_f101,cyclen,50,ridge,2,0.35985137856795607,120
P|ebin5.5_f101,cyclen,50,gbt,2,0.24776377272644112,120
P|ebin5.5_f101,cyclen,100,ridge,0,0.3556913674560733,120
P|ebin5.5_f101,cyclen,100,gbt,0,0.32071533992159446,120
P|ebin5.5_f101,cyclen,100,ridge,1,0.3637127578304048,120
P|ebin5.5_f101,cyclen,100,gbt,1,0.24773450668655206,120
P|ebin5.5_f101,cyclen,100,ridge,2,0.36799777762344604,120
P|ebin5.5_f101,cyclen,100,gbt,2,0.28237079375484214,120
P|ebin5.5_f101,cyclen,180,ridge,0,0.38483228001944575,120
P|ebin5.5_f101,cyclen,180,gbt,0,0.33699562469615946,120
P|ebin5.5_f101,cyclen,180,ridge,1,0.38483228001944575,120
P|ebin5.5_f101,cyclen,180,gbt,1,0.3109590943815542,120
P|ebin5.5_f101,cyclen,180,ridge,2,0.38483228001944575,120
P|ebin5.5_f101,cyclen,180,gbt,2,0.27451211889714555,120
P|ebin5.5_f101,f_r,25,ridge,0,0.16681714007917214,120
P|ebin5.5_f101,f_r,25,ridge,1,0.030196541426487943,120
P|ebin5.5_f101,f_r,25,ridge,2,0.10373637058129036,120
P|ebin5.5_f101,f_r,50,ridge,0,0.10916730328495033,120
P|ebin5.5_f101,f_r,50,gbt,0,-0.04455598832311535,120
P|ebin5.5_f101,f_r,50,ridge,1,-0.0002986318494339884,120
P|ebin5.5_f101,f_r,50,gbt,1,-0.012101618873955807,120
P|ebin5.5_f101,f_r,50,ridge,2,-0.15512882839086045,120
P|ebin5.5_f101,f_r,50,gbt,2,-0.16236275331912,120
P|ebin5.5_f101,f_r,100,ridge,0,0.13357872074449612,120
P|ebin5.5_f101,f_r,100,gbt,0,0.12239738870754911,120
P|ebin5.5_f101,f_r,100,ridge,1,0.19335370511841096,120
P|ebin5.5_f101,f_r,100,gbt,1,-0.12452948121397318,120
P|ebin5.5_f101,f_r,100,ridge,2,0.12392527258837417,120
P|ebin5.5_f101,f_r,100,gbt,2,0.04663889839061664,120
P|ebin5.5_f101,f_r,180,ridge,0,0.1613098131814709,120
P|ebin5.5_f101,f_r,180,gbt,0,0.02918258212375859,120
P|ebin5.5_f101,f_r,180,ridge,1,0.1613098131814709,120
P|ebin5.5_f101,f_r,180,gbt,1,0.08332523091881379,120
P|ebin5.5_f101,f_r,180,ridge,2,0.1613098131814709,120
P|ebin5.5_f101,f_r,180,gbt,2,-0.035415715354792175,120
P|ebin5.5_f101,f_q,25,ridge,0,0.1576396931033925,120
P|ebin5.5_f101,f_q,25,ridge,1,0.016008083908774576,120
P|ebin5.5_f101,f_q,25,ridge,2,0.10553528983849826,120
P|ebin5.5_f101,f_q,50,ridge,0,0.06560536427081953,120
P|ebin5.5_f101,f_q,50,gbt,0,-0.07479162394088278,120
P|ebin5.5_f101,f_q,50,ridge,1,-0.06391427167568435,120
P|ebin5.5_f101,f_q,50,gbt,1,-0.008043989318665599,120
P|ebin5.5_f101,f_q,50,ridge,2,-0.17149484598755965,120
P|ebin5.5_f101,f_q,50,gbt,2,-0.13094560150078108,120
P|ebin5.5_f101,f_q,100,ridge,0,0.1130531860776516,120
P|ebin5.5_f101,f_q,100,gbt,0,0.09251352960901785,120
P|ebin5.5_f101,f_q,100,ridge,1,0.11583463406266861,120
P|ebin5.5_f101,f_q,100,gbt,1,-0.13088431641855341,120
P|ebin5.5_f101,f_q,100,ridge,2,0.07935634307315084,120
P|ebin5.5_f101,f_q,100,gbt,2,0.016223377011235315,120
P|ebin5.5_f101,f_q,180,ridge,0,0.11533112600046205,120
P|ebin5.5_f101,f_q,180,gbt,0,0.016893563604379245,120
P|ebin5.5_f101,f_q,180,ridge,1,0.11533112600046205,120
P|ebin5.5_f101,f_q,180,gbt,1,0.01437255082395184,120
P|ebin5.5_f101,f_q,180,ridge,2,0.11533112600046205,120
P|ebin5.5_f101,f_q,180,gbt,2,-0.05169126915504255,120
P|ebin5.5_f101,cbc_max,25,ridge,0,0.38506146260156954,120
P|ebin5.5_f101,cbc_max,25,ridge,1,0.1774359330509063,120
P|ebin5.5_f101,cbc_max,25,ridge,2,0.2159316619209667,120
P|ebin5.5_f101,cbc_max,50,ridge,0,0.44420445864296126,120
P|ebin5.5_f101,cbc_max,50,gbt,0,0.19616326856628732,120
P|ebin5.5_f101,cbc_max,50,ridge,1,0.38453364817001173,120
P|ebin5.5_f101,cbc_max,50,gbt,1,0.16044656267153193,120
P|ebin5.5_f101,cbc_max,50,ridge,2,0.33859990277102575,120
P|ebin5.5_f101,cbc_max,50,gbt,2,0.16740941567583217,120
P|ebin5.5_f101,cbc_max,100,ridge,0,0.4330439613862073,120
P|ebin5.5_f101,cbc_max,100,gbt,0,0.3089589554830196,120
P|ebin5.5_f101,cbc_max,100,ridge,1,0.3579970831307729,120
P|ebin5.5_f101,cbc_max,100,gbt,1,0.1041113966247656,120
P|ebin5.5_f101,cbc_max,100,ridge,2,0.409375651086881,120
P|ebin5.5_f101,cbc_max,100,gbt,2,0.2381623723869713,120
P|ebin5.5_f101,cbc_max,180,ridge,0,0.41989027015764974,120
P|ebin5.5_f101,cbc_max,180,gbt,0,0.17073407875546912,120
P|ebin5.5_f101,cbc_max,180,ridge,1,0.41989027015764974,120
P|ebin5.5_f101,cbc_max,180,gbt,1,0.36829640947288,120
P|ebin5.5_f101,cbc_max,180,ridge,2,0.41989027015764974,120
P|ebin5.5_f101,cbc_max,180,gbt,2,0.26956733106465725,120
P|ebin5.5_f101,ao_abs,25,ridge,0,-0.03919205884157378,120
P|ebin5.5_f101,ao_abs,25,ridge,1,0.2124587410939505,120
P|ebin5.5_f101,ao_abs,25,ridge,2,0.16179312541979124,120
P|ebin5.5_f101,ao_abs,50,ridge,0,0.18625083146455498,120
P|ebin5.5_f101,ao_abs,50,gbt,0,0.01595207183399783,120
P|ebin5.5_f101,ao_abs,50,ridge,1,0.11313468766610243,120
P|ebin5.5_f101,ao_abs,50,gbt,1,-0.22724376176743896,120
P|ebin5.5_f101,ao_abs,50,ridge,2,-0.07715828064867336,120
P|ebin5.5_f101,ao_abs,50,gbt,2,-0.13048211916010322,120
P|ebin5.5_f101,ao_abs,100,ridge,0,0.12624385142004013,120
P|ebin5.5_f101,ao_abs,100,gbt,0,0.11345842986219948,120
P|ebin5.5_f101,ao_abs,100,ridge,1,0.1597928927516407,120
P|ebin5.5_f101,ao_abs,100,gbt,1,-0.0010348425956750828,120
P|ebin5.5_f101,ao_abs,100,ridge,2,0.16037282132035793,120
P|ebin5.5_f101,ao_abs,100,gbt,2,-0.139885784228829,120
P|ebin5.5_f101,ao_abs,180,ridge,0,0.17695113860811917,120
P|ebin5.5_f101,ao_abs,180,gbt,0,0.04593597859983239,120
P|ebin5.5_f101,ao_abs,180,ridge,1,0.17695113860811917,120
P|ebin5.5_f101,ao_abs,180,gbt,1,0.0122687882232217,120
P|ebin5.5_f101,ao_abs,180,ridge,2,0.17695113860811917,120
P|ebin5.5_f101,ao_abs,180,gbt,2,0.08662813218694836,120
P|ebin5.5_f101,max_assembly_burnup,25,ridge,0,0.030710466004583648,120
P|ebin5.5_f101,max_assembly_burnup,25,ridge,1,-0.042662684908674205,120
P|ebin5.5_f101,max_assembly_burnup,25,ridge,2,0.05978887422737689,120
P|ebin5.5_f101,max_assembly_burnup,50,ridge,0,0.04239877769289534,120
P|ebin5.5_f101,max_assembly_burnup,50,gbt,0,0.16765880002501818,120
P|ebin5.5_f101,max_assembly_burnup,50,ridge,1,0.12017501215362177,120
P|ebin5.5_f101,max_assembly_burnup,50,gbt,1,0.09364038672648842,120
P|ebin5.5_f101,max_assembly_burnup,50,ridge,2,0.1493089797902632,120
P|ebin5.5_f101,max_assembly_burnup,50,gbt,2,-0.04471301220537845,120
P|ebin5.5_f101,max_assembly_burnup,100,ridge,0,0.06947704701715396,120
P|ebin5.5_f101,max_assembly_burnup,100,gbt,0,0.12711993888464473,120
P|ebin5.5_f101,max_assembly_burnup,100,ridge,1,0.2140912563372456,120
P|ebin5.5_f101,max_assembly_burnup,100,gbt,1,0.12455031599416623,120
P|ebin5.5_f101,max_assembly_burnup,100,ridge,2,0.10437530384054446,120
P|ebin5.5_f101,max_assembly_burnup,100,gbt,2,-0.0023196055281616778,120
P|ebin5.5_f101,max_assembly_burnup,180,ridge,0,0.1978956872005,120
P|ebin5.5_f101,max_assembly_burnup,180,gbt,0,-0.06819918049864572,120
P|ebin5.5_f101,max_assembly_burnup,180,ridge,1,0.1978956872005,120
P|ebin5.5_f101,max_assembly_burnup,180,gbt,1,0.04501369891581731,120
P|ebin5.5_f101,max_assembly_burnup,180,ridge,2,0.1978956872005,120
P|ebin5.5_f101,max_assembly_burnup,180,gbt,2,-0.021185535776015986,120
