==========================================================================
v5 INTEGRATED A/B — PRE-REGISTERED PLAN
==========================================================================
split            : S1
honest holdout   : data/splits/S1.json :: groups.curriculum_val_by_cell
ensemble / seeds : 5 members, seeds [20260716, 20260717, 20260718, 20260719, 20260720]
champion (tail)  : data/models/20260721_061913
decision targets : cyclen, f_r
decision metrics : within_cell_spearman, calibrated_mae, legacy_tail_delta_mae, p_at_8

[1/4] v4_baseline  (cond_schema=v4)
      control: today's schema + today's losses
      python -m lpopt.model.train --ensemble 5 --parallel-members 5 --split S1 --cond-schema v4 --base-seed 20260716 --device auto --num-workers 8 --censor-a-pin-labels

[2/4] v5_full  (cond_schema=v5)
      poison-agnostic channels + physics prior + quantiles + asm-BU target
      python -m lpopt.model.train --ensemble 5 --parallel-members 5 --split S1 --cond-schema v5 --base-seed 20260716 --device auto --num-workers 8 --censor-a-pin-labels --cyclen-physics-prior --quantile-heads --promote-max-asm-bu

[3/4] v5_minus_shape  (cond_schema=v5_noshape)
      ABLATION: v5 without the k-conv curve-shape channels
      python -m lpopt.model.train --ensemble 5 --parallel-members 5 --split S1 --cond-schema v5_noshape --base-seed 20260716 --device auto --num-workers 8 --censor-a-pin-labels --cyclen-physics-prior --quantile-heads --promote-max-asm-bu

[4/4] v5_distill  (cond_schema=v5)
      v5_full + per-cell teacher soft-target distillation (full corpus)
      python -m lpopt.model.train --ensemble 5 --parallel-members 5 --split S1 --cond-schema v5 --base-seed 20260716 --device auto --num-workers 8 --censor-a-pin-labels --cyclen-physics-prior --quantile-heads --promote-max-asm-bu --distill-targets data/models/_v5_distill_soft.npz --distill-weight 0.3

validation: OK — every arm is runnable as printed.
=== deriving the per-cell best teacher map ===
  scored 20260716_195130
  scored 20260717_042152
  scored 20260717_132202
  scored 20260717_174451
  scored 20260717_213115
  scored 20260718_075428
  scored 20260718_100439
  scored 20260718_114204
  scored 20260718_121050
  scored 20260718_141527
  scored 20260718_143939
  scored 20260718_154600
  scored 20260718_162053
  scored 20260718_173149
  scored 20260718_200838
  scored 20260718_221932
  scored 20260719_002850
  scored 20260719_031134
  scored 20260719_035938
  scored 20260719_035946
  scored 20260719_051103
  scored 20260719_063011
  scored 20260719_063139
  scored 20260719_084819
  scored 20260719_113448
  scored 20260719_164201
  scored 20260719_172705
  scored 20260719_182601
  scored 20260719_232808
  scored 20260720_000516
  scored 20260720_004740
  scored 20260720_030909
  scored 20260720_051732
  scored 20260720_055743
  scored 20260720_064020
  scored 20260720_094559
  scored 20260720_103453
  scored 20260720_111932
  scored 20260720_141808
  scored 20260720_152617
  scored 20260720_163228
  scored 20260720_173505
  scored 20260720_182353
  scored 20260720_190946
  scored 20260720_195236
  scored 20260720_230640
  scored 20260720_235523
  scored 20260721_004652
  scored 20260721_013349
  scored 20260721_021916
  scored 20260721_044304
  scored 20260721_052931
  scored 20260721_061913
=== teacher map written to data\models\_v5_teacher_map.json (36 cells) ===
=== building distillation soft targets for 42867 train rows from 36 per-cell teachers ===
=== pushing source + data to the remote box ===
[push] C:\Users\USER\Desktop\CT&RPL\2_Project\KNF_LEU+ 시범연료봉 장전 인허가 과제\2026\2_계산\5_RL -> USER@HOST_238:~/lpopt_ws
[push] source tar 0.5 MB, data tar 77.0 MB
[push] extracted
[push] pip install -e (server venv)...
[push] pip install OK
=== launching arm v4_baseline ===
[train] session=lpopt_20260721_070717 gpu=1 args='--ensemble 5 --parallel-members 5 --split S1 --cond-schema v4 --base-seed 20260716 --device auto --num-workers 8 --censor-a-pin-labels'
[train] launched lpopt_20260721_070717
== markers ==
none
== rc ==
none
== heartbeat ==
age_s=1
== tmux ==
lpopt_20260721_070717: 1 windows (created Tue Jul 21 07:07:12 2026) [80x24]
== log tail ==
== markers ==
none
== rc ==
none
== heartbeat ==
age_s=1
== tmux ==
lpopt_20260721_070717: 1 windows (created Tue Jul 21 07:07:12 2026) [80x24]
== log tail ==
device=cuda torch=2.11.0+cu128 cuda_avail=True
=== featurizing split (shared across members) ===
== markers ==
none
== rc ==
none
== heartbeat ==
age_s=1
== tmux ==
lpopt_20260721_070717: 1 windows (created Tue Jul 21 07:07:12 2026) [80x24]
== log tail ==
device=cuda torch=2.11.0+cu128 cuda_avail=True
=== featurizing split (shared across members) ===
== markers ==
none
== rc ==
none
== heartbeat ==
age_s=1
== tmux ==
lpopt_20260721_070717: 1 windows (created Tue Jul 21 07:07:12 2026) [80x24]
== log tail ==
device=cuda torch=2.11.0+cu128 cuda_avail=True
=== featurizing split (shared across members) ===
=== featurized train=42867 val=7352 in 137.1s ===
=== schedule: effective_batch=1024 lr=1.20e-03 warmup_epochs=80 device_resident=True parallel_members=5 torch_compile=False ===
=== training members 1-5/5 (seeds 20260716, 20260717, 20260718, 20260719, 20260720) ===
  [seed 20260716] epoch   0 loss=0.9892 comp=0.0278 spF_r=0.209 zMAEcy=0.181
  [seed 20260717] epoch   0 loss=0.9910 comp=-0.0001 spF_r=0.180 zMAEcy=0.180
  [seed 20260718] epoch   0 loss=0.9811 comp=0.0338 spF_r=0.168 zMAEcy=0.134
  [seed 20260719] epoch   0 loss=0.9278 comp=0.0693 spF_r=0.327 zMAEcy=0.258
  [seed 20260720] epoch   0 loss=0.9878 comp=0.0480 spF_r=0.220 zMAEcy=0.172
  [seed 20260716] epoch   1 loss=0.6354 comp=0.2751 spF_r=0.414 zMAEcy=0.139
  [seed 20260717] epoch   1 loss=0.6408 comp=0.1939 spF_r=0.491 zMAEcy=0.297
  [seed 20260718] epoch   1 loss=0.6687 comp=0.1908 spF_r=0.427 zMAEcy=0.236
  [seed 20260719] epoch   1 loss=0.5284 comp=0.4176 spF_r=0.551 zMAEcy=0.133
  [seed 20260720] epoch   1 loss=0.5661 comp=0.4203 spF_r=0.557 zMAEcy=0.137
== markers ==
none
== rc ==
none
== heartbeat ==
age_s=2
== tmux ==
lpopt_20260721_070717: 1 windows (created Tue Jul 21 07:07:12 2026) [80x24]
== log tail ==
  [seed 20260716] epoch   2 loss=0.4750 comp=0.5307 spF_r=0.640 zMAEcy=0.109
  [seed 20260717] epoch   2 loss=0.4720 comp=0.4620 spF_r=0.642 zMAEcy=0.180
  [seed 20260718] epoch   2 loss=0.4992 comp=0.5220 spF_r=0.651 zMAEcy=0.129
  [seed 20260719] epoch   2 loss=0.4723 comp=0.4658 spF_r=0.604 zMAEcy=0.138
  [seed 20260720] epoch   2 loss=0.4567 comp=0.4705 spF_r=0.612 zMAEcy=0.141
  [seed 20260716] epoch   3 loss=0.4245 comp=0.5628 spF_r=0.678 zMAEcy=0.115
  [seed 20260717] epoch   3 loss=0.4221 comp=0.5320 spF_r=0.684 zMAEcy=0.152
  [seed 20260718] epoch   3 loss=0.4064 comp=0.5600 spF_r=0.695 zMAEcy=0.135
  [seed 20260719] epoch   3 loss=0.4536 comp=0.4859 spF_r=0.630 zMAEcy=0.144
  [seed 20260720] epoch   3 loss=0.4333 comp=0.5163 spF_r=0.628 zMAEcy=0.111
  [seed 20260716] epoch   4 loss=0.3801 comp=0.6027 spF_r=0.708 zMAEcy=0.106
  [seed 20260717] epoch   4 loss=0.3786 comp=0.5595 spF_r=0.706 zMAEcy=0.147
  [seed 20260718] epoch   4 loss=0.3764 comp=0.4389 spF_r=0.736 zMAEcy=0.297
  [seed 20260719] epoch   4 loss=0.4285 comp=0.5211 spF_r=0.642 zMAEcy=0.121
  [seed 20260720] epoch   4 loss=0.4133 comp=0.5373 spF_r=0.673 zMAEcy=0.136
  [seed 20260716] epoch   5 loss=0.3606 comp=0.6150 spF_r=0.719 zMAEcy=0.104
  [seed 20260717] epoch   5 loss=0.3747 comp=0.6136 spF_r=0.731 zMAEcy=0.117
  [seed 20260718] epoch   5 loss=0.3618 comp=0.5657 spF_r=0.743 zMAEcy=0.178
  [seed 20260719] epoch   5 loss=0.3973 comp=0.5685 spF_r=0.677 zMAEcy=0.109
  [seed 20260720] epoch   5 loss=0.4030 comp=0.5366 spF_r=0.679 zMAEcy=0.143
== markers ==
none
== rc ==
none
== heartbeat ==
age_s=2
== tmux ==
lpopt_20260721_070717: 1 windows (created Tue Jul 21 07:07:12 2026) [80x24]
== log tail ==
  [seed 20260716] epoch   6 loss=0.3414 comp=0.6330 spF_r=0.743 zMAEcy=0.110
  [seed 20260717] epoch   6 loss=0.3490 comp=0.6260 spF_r=0.737 zMAEcy=0.111
  [seed 20260718] epoch   6 loss=0.3388 comp=0.6393 spF_r=0.748 zMAEcy=0.108
  [seed 20260719] epoch   6 loss=0.3732 comp=0.5558 spF_r=0.701 zMAEcy=0.146
  [seed 20260720] epoch   6 loss=0.3676 comp=0.6009 spF_r=0.709 zMAEcy=0.109
  [seed 20260716] epoch   7 loss=0.3265 comp=0.6201 spF_r=0.729 zMAEcy=0.109
  [seed 20260717] epoch   7 loss=0.3378 comp=0.6202 spF_r=0.748 zMAEcy=0.128
  [seed 20260718] epoch   7 loss=0.3213 comp=0.6175 spF_r=0.767 zMAEcy=0.149
  [seed 20260719] epoch   7 loss=0.3624 comp=0.5397 spF_r=0.711 zMAEcy=0.172
  [seed 20260720] epoch   7 loss=0.3551 comp=0.6126 spF_r=0.727 zMAEcy=0.114
  [seed 20260716] epoch   8 loss=0.3173 comp=0.5954 spF_r=0.734 zMAEcy=0.139
  [seed 20260717] epoch   8 loss=0.3259 comp=0.6083 spF_r=0.760 zMAEcy=0.151
  [seed 20260718] epoch   8 loss=0.3057 comp=0.6528 spF_r=0.770 zMAEcy=0.117
  [seed 20260719] epoch   8 loss=0.3440 comp=0.5989 spF_r=0.734 zMAEcy=0.135
  [seed 20260720] epoch   8 loss=0.3429 comp=0.6188 spF_r=0.728 zMAEcy=0.109
  [seed 20260716] epoch   9 loss=0.3033 comp=0.6555 spF_r=0.751 zMAEcy=0.096
  [seed 20260717] epoch   9 loss=0.3164 comp=0.6791 spF_r=0.782 zMAEcy=0.103
  [seed 20260718] epoch   9 loss=0.2862 comp=0.6311 spF_r=0.769 zMAEcy=0.137
  [seed 20260719] epoch   9 loss=0.3223 comp=0.5472 spF_r=0.738 zMAEcy=0.191
  [seed 20260720] epoch   9 loss=0.3330 comp=0.6202 spF_r=0.738 zMAEcy=0.117
== markers ==
none
== rc ==
none
== heartbeat ==
age_s=2
== tmux ==
lpopt_20260721_070717: 1 windows (created Tue Jul 21 07:07:12 2026) [80x24]
== log tail ==
  [seed 20260716] epoch  10 loss=0.2752 comp=0.6200 spF_r=0.763 zMAEcy=0.143
  [seed 20260717] epoch  10 loss=0.2938 comp=0.6559 spF_r=0.797 zMAEcy=0.141
  [seed 20260718] epoch  10 loss=0.2789 comp=0.6635 spF_r=0.766 zMAEcy=0.103
  [seed 20260719] epoch  10 loss=0.3161 comp=0.5822 spF_r=0.753 zMAEcy=0.171
  [seed 20260720] epoch  10 loss=0.3211 comp=0.5723 spF_r=0.747 zMAEcy=0.175
  [seed 20260716] epoch  11 loss=0.2607 comp=0.6494 spF_r=0.770 zMAEcy=0.120
  [seed 20260717] epoch  11 loss=0.2817 comp=0.6366 spF_r=0.764 zMAEcy=0.127
  [seed 20260718] epoch  11 loss=0.2490 comp=0.6651 spF_r=0.785 zMAEcy=0.120
  [seed 20260719] epoch  11 loss=0.3021 comp=0.5047 spF_r=0.739 zMAEcy=0.234
  [seed 20260720] epoch  11 loss=0.2980 comp=0.6260 spF_r=0.750 zMAEcy=0.124
  [seed 20260716] epoch  12 loss=0.2424 comp=0.6520 spF_r=0.784 zMAEcy=0.132
  [seed 20260717] epoch  12 loss=0.2650 comp=0.6532 spF_r=0.789 zMAEcy=0.136
  [seed 20260718] epoch  12 loss=0.2242 comp=0.6742 spF_r=0.771 zMAEcy=0.097
  [seed 20260719] epoch  12 loss=0.2893 comp=0.6186 spF_r=0.751 zMAEcy=0.133
  [seed 20260720] epoch  12 loss=0.2941 comp=0.6372 spF_r=0.767 zMAEcy=0.130
  [seed 20260716] epoch  13 loss=0.2042 comp=0.6530 spF_r=0.781 zMAEcy=0.128
  [seed 20260717] epoch  13 loss=0.2544 comp=0.7011 spF_r=0.797 zMAEcy=0.095
  [seed 20260718] epoch  13 loss=0.2091 comp=0.6725 spF_r=0.780 zMAEcy=0.107
  [seed 20260719] epoch  13 loss=0.2582 comp=0.6608 spF_r=0.768 zMAEcy=0.107
  [seed 20260720] epoch  13 loss=0.2846 comp=0.6626 spF_r=0.769 zMAEcy=0.107
== markers ==
none
== rc ==
none
== heartbeat ==
age_s=3
== tmux ==
lpopt_20260721_070717: 1 windows (created Tue Jul 21 07:07:12 2026) [80x24]
== log tail ==
  [seed 20260716] epoch  14 loss=0.1909 comp=0.6907 spF_r=0.787 zMAEcy=0.096
  [seed 20260717] epoch  14 loss=0.2282 comp=0.6240 spF_r=0.776 zMAEcy=0.152
  [seed 20260718] epoch  14 loss=0.1783 comp=0.6711 spF_r=0.788 zMAEcy=0.117
  [seed 20260719] epoch  14 loss=0.2514 comp=0.6574 spF_r=0.766 zMAEcy=0.108
  [seed 20260720] epoch  14 loss=0.2754 comp=0.6274 spF_r=0.761 zMAEcy=0.134
  [seed 20260716] epoch  15 loss=0.1848 comp=0.6143 spF_r=0.763 zMAEcy=0.148
  [seed 20260717] epoch  15 loss=0.2149 comp=0.6463 spF_r=0.777 zMAEcy=0.131
  [seed 20260718] epoch  15 loss=0.1569 comp=0.6928 spF_r=0.793 zMAEcy=0.100
  [seed 20260719] epoch  15 loss=0.2217 comp=0.6465 spF_r=0.766 zMAEcy=0.120
  [seed 20260720] epoch  15 loss=0.2573 comp=0.6624 spF_r=0.772 zMAEcy=0.110
  [seed 20260716] epoch  16 loss=0.1521 comp=0.6597 spF_r=0.776 zMAEcy=0.117
  [seed 20260717] epoch  16 loss=0.1996 comp=0.6633 spF_r=0.779 zMAEcy=0.116
  [seed 20260718] epoch  16 loss=0.1470 comp=0.6644 spF_r=0.794 zMAEcy=0.129
  [seed 20260719] epoch  16 loss=0.2407 comp=0.6071 spF_r=0.767 zMAEcy=0.160
  [seed 20260720] epoch  16 loss=0.2071 comp=0.6658 spF_r=0.772 zMAEcy=0.106
  [seed 20260716] epoch  17 loss=0.1472 comp=0.6501 spF_r=0.791 zMAEcy=0.140
  [seed 20260717] epoch  17 loss=0.1830 comp=0.6623 spF_r=0.764 zMAEcy=0.101
  [seed 20260718] epoch  17 loss=0.1250 comp=0.7022 spF_r=0.805 zMAEcy=0.102
  [seed 20260719] epoch  17 loss=0.2015 comp=0.6479 spF_r=0.780 zMAEcy=0.132
  [seed 20260720] epoch  17 loss=0.2130 comp=0.6883 spF_r=0.792 zMAEcy=0.104
== markers ==
none
== rc ==
none
== heartbeat ==
age_s=3
== tmux ==
lpopt_20260721_070717: 1 windows (created Tue Jul 21 07:07:12 2026) [80x24]
== log tail ==
  [seed 20260716] epoch  18 loss=0.1174 comp=0.6941 spF_r=0.793 zMAEcy=0.099
  [seed 20260717] epoch  18 loss=0.1584 comp=0.6800 spF_r=0.794 zMAEcy=0.114
  [seed 20260718] epoch  18 loss=0.1114 comp=0.7033 spF_r=0.805 zMAEcy=0.102
  [seed 20260719] epoch  18 loss=0.1711 comp=0.6357 spF_r=0.757 zMAEcy=0.121
  [seed 20260720] epoch  18 loss=0.1963 comp=0.6876 spF_r=0.791 zMAEcy=0.103
  [seed 20260716] epoch  19 loss=0.1041 comp=0.6942 spF_r=0.795 zMAEcy=0.101
  [seed 20260717] epoch  19 loss=0.1326 comp=0.7000 spF_r=0.797 zMAEcy=0.097
  [seed 20260718] epoch  19 loss=0.1035 comp=0.6875 spF_r=0.805 zMAEcy=0.118
  [seed 20260719] epoch  19 loss=0.1480 comp=0.6655 spF_r=0.783 zMAEcy=0.118
  [seed 20260720] epoch  19 loss=0.1948 comp=0.5877 spF_r=0.796 zMAEcy=0.208
  [seed 20260716] epoch  20 loss=0.1101 comp=0.6912 spF_r=0.800 zMAEcy=0.109
  [seed 20260717] epoch  20 loss=0.1170 comp=0.6972 spF_r=0.795 zMAEcy=0.098
  [seed 20260718] epoch  20 loss=0.0994 comp=0.6533 spF_r=0.799 zMAEcy=0.146
  [seed 20260719] epoch  20 loss=0.1191 comp=0.6300 spF_r=0.776 zMAEcy=0.146
  [seed 20260720] epoch  20 loss=0.1554 comp=0.7040 spF_r=0.807 zMAEcy=0.103
  [seed 20260716] epoch  21 loss=0.1049 comp=0.6811 spF_r=0.792 zMAEcy=0.111
  [seed 20260717] epoch  21 loss=0.1176 comp=0.7022 spF_r=0.799 zMAEcy=0.096
  [seed 20260718] epoch  21 loss=0.1339 comp=0.6802 spF_r=0.803 zMAEcy=0.122
  [seed 20260719] epoch  21 loss=0.1217 comp=0.6820 spF_r=0.789 zMAEcy=0.107
  [seed 20260720] epoch  21 loss=0.1281 comp=0.6968 spF_r=0.800 zMAEcy=0.103
== markers ==
none
== rc ==
none
== heartbeat ==
age_s=3
== tmux ==
lpopt_20260721_070717: 1 windows (created Tue Jul 21 07:07:12 2026) [80x24]
== log tail ==
  [seed 20260716] epoch  22 loss=0.1071 comp=0.6914 spF_r=0.791 zMAEcy=0.100
  [seed 20260717] epoch  22 loss=0.1119 comp=0.7013 spF_r=0.810 zMAEcy=0.109
  [seed 20260718] epoch  22 loss=0.0982 comp=0.7129 spF_r=0.812 zMAEcy=0.099
  [seed 20260719] epoch  22 loss=0.1413 comp=0.6568 spF_r=0.764 zMAEcy=0.107
  [seed 20260720] epoch  22 loss=0.1506 comp=0.6891 spF_r=0.793 zMAEcy=0.104
  [seed 20260716] epoch  23 loss=0.1052 comp=0.6988 spF_r=0.803 zMAEcy=0.104
  [seed 20260717] epoch  23 loss=0.1191 comp=0.6942 spF_r=0.800 zMAEcy=0.106
  [seed 20260718] epoch  23 loss=0.0824 comp=0.7226 spF_r=0.819 zMAEcy=0.096
  [seed 20260719] epoch  23 loss=0.1065 comp=0.6647 spF_r=0.778 zMAEcy=0.113
  [seed 20260720] epoch  23 loss=0.1459 comp=0.6988 spF_r=0.810 zMAEcy=0.112
  [seed 20260716] epoch  24 loss=0.1079 comp=0.7021 spF_r=0.801 zMAEcy=0.099
  [seed 20260717] epoch  24 loss=0.1072 comp=0.7093 spF_r=0.803 zMAEcy=0.093
  [seed 20260718] epoch  24 loss=0.0755 comp=0.7252 spF_r=0.818 zMAEcy=0.093
  [seed 20260719] epoch  24 loss=0.1440 comp=0.6161 spF_r=0.772 zMAEcy=0.156
  [seed 20260720] epoch  24 loss=0.1113 comp=0.7132 spF_r=0.809 zMAEcy=0.096
  [seed 20260716] epoch  25 loss=0.0896 comp=0.7109 spF_r=0.814 zMAEcy=0.103
  [seed 20260717] epoch  25 loss=0.1010 comp=0.6922 spF_r=0.809 zMAEcy=0.116
  [seed 20260718] epoch  25 loss=0.0711 comp=0.7253 spF_r=0.818 zMAEcy=0.093
  [seed 20260719] epoch  25 loss=0.1254 comp=0.6887 spF_r=0.790 zMAEcy=0.101
  [seed 20260720] epoch  25 loss=0.1055 comp=0.6994 spF_r=0.803 zMAEcy=0.104
== markers ==
none
== rc ==
none
== heartbeat ==
age_s=3
== tmux ==
lpopt_20260721_070717: 1 windows (created Tue Jul 21 07:07:12 2026) [80x24]
== log tail ==
  [seed 20260716] epoch  26 loss=0.0705 comp=0.7148 spF_r=0.814 zMAEcy=0.099
  [seed 20260717] epoch  26 loss=0.0889 comp=0.6942 spF_r=0.801 zMAEcy=0.107
  [seed 20260718] epoch  26 loss=0.0601 comp=0.7353 spF_r=0.828 zMAEcy=0.092
  [seed 20260719] epoch  26 loss=0.0836 comp=0.6876 spF_r=0.791 zMAEcy=0.103
  [seed 20260720] epoch  26 loss=0.1041 comp=0.7111 spF_r=0.809 zMAEcy=0.098
  [seed 20260716] epoch  27 loss=0.0591 comp=0.7127 spF_r=0.816 zMAEcy=0.104
  [seed 20260717] epoch  27 loss=0.0828 comp=0.7096 spF_r=0.806 zMAEcy=0.096
  [seed 20260718] epoch  27 loss=0.0536 comp=0.7218 spF_r=0.817 zMAEcy=0.096
  [seed 20260719] epoch  27 loss=0.0724 comp=0.6852 spF_r=0.792 zMAEcy=0.107
  [seed 20260720] epoch  27 loss=0.0947 comp=0.7088 spF_r=0.816 zMAEcy=0.107
  [seed 20260716] epoch  28 loss=0.0532 comp=0.7180 spF_r=0.822 zMAEcy=0.104
  [seed 20260717] epoch  28 loss=0.0748 comp=0.7232 spF_r=0.812 zMAEcy=0.089
  [seed 20260718] epoch  28 loss=0.0476 comp=0.7264 spF_r=0.820 zMAEcy=0.093
  [seed 20260719] epoch  28 loss=0.0634 comp=0.7039 spF_r=0.804 zMAEcy=0.100
  [seed 20260720] epoch  28 loss=0.0779 comp=0.7166 spF_r=0.810 zMAEcy=0.093
  [seed 20260716] epoch  29 loss=0.0501 comp=0.7236 spF_r=0.821 zMAEcy=0.097
  [seed 20260717] epoch  29 loss=0.0663 comp=0.7268 spF_r=0.814 zMAEcy=0.087
  [seed 20260718] epoch  29 loss=0.0445 comp=0.7319 spF_r=0.823 zMAEcy=0.091
  [seed 20260719] epoch  29 loss=0.0580 comp=0.7097 spF_r=0.809 zMAEcy=0.099
  [seed 20260720] epoch  29 loss=0.0846 comp=0.7144 spF_r=0.817 zMAEcy=0.103
== markers ==
none
== rc ==
none
== heartbeat ==
age_s=4
== tmux ==
lpopt_20260721_070717: 1 windows (created Tue Jul 21 07:07:12 2026) [80x24]
== log tail ==
  [seed 20260716] epoch  30 loss=0.0441 comp=0.7298 spF_r=0.824 zMAEcy=0.094
  [seed 20260717] epoch  30 loss=0.0628 comp=0.7189 spF_r=0.817 zMAEcy=0.099
  [seed 20260718] epoch  30 loss=0.0428 comp=0.7355 spF_r=0.825 zMAEcy=0.090
  [seed 20260719] epoch  30 loss=0.0561 comp=0.7085 spF_r=0.810 zMAEcy=0.102
  [seed 20260720] epoch  30 loss=0.1041 comp=0.7269 spF_r=0.822 zMAEcy=0.095
  [seed 20260716] epoch  31 loss=0.0448 comp=0.7341 spF_r=0.829 zMAEcy=0.095
  [seed 20260717] epoch  31 loss=0.0578 comp=0.7302 spF_r=0.823 zMAEcy=0.093
  [seed 20260718] epoch  31 loss=0.0406 comp=0.7350 spF_r=0.822 zMAEcy=0.087
  [seed 20260719] epoch  31 loss=0.0508 comp=0.7130 spF_r=0.810 zMAEcy=0.097
  [seed 20260720] epoch  31 loss=0.0966 comp=0.7330 spF_r=0.828 zMAEcy=0.095
  [seed 20260716] epoch  32 loss=0.0403 comp=0.7385 spF_r=0.831 zMAEcy=0.093
  [seed 20260717] epoch  32 loss=0.0524 comp=0.7349 spF_r=0.824 zMAEcy=0.089
  [seed 20260718] epoch  32 loss=0.0362 comp=0.7294 spF_r=0.827 zMAEcy=0.098
  [seed 20260719] epoch  32 loss=0.0463 comp=0.7109 spF_r=0.813 zMAEcy=0.102
  [seed 20260720] epoch  32 loss=0.0835 comp=0.7275 spF_r=0.828 zMAEcy=0.101
  [seed 20260716] epoch  33 loss=0.0369 comp=0.7421 spF_r=0.832 zMAEcy=0.090
  [seed 20260717] epoch  33 loss=0.0478 comp=0.7367 spF_r=0.822 zMAEcy=0.085
  [seed 20260718] epoch  33 loss=0.0333 comp=0.7416 spF_r=0.828 zMAEcy=0.086
  [seed 20260719] epoch  33 loss=0.0464 comp=0.7208 spF_r=0.817 zMAEcy=0.096
  [seed 20260720] epoch  33 loss=0.0725 comp=0.7428 spF_r=0.830 zMAEcy=0.087
== markers ==
none
== rc ==
none
== heartbeat ==
age_s=4
== tmux ==
lpopt_20260721_070717: 1 windows (created Tue Jul 21 07:07:12 2026) [80x24]
== log tail ==
  [seed 20260716] epoch  33 loss=0.0369 comp=0.7421 spF_r=0.832 zMAEcy=0.090
  [seed 20260717] epoch  33 loss=0.0478 comp=0.7367 spF_r=0.822 zMAEcy=0.085
  [seed 20260718] epoch  33 loss=0.0333 comp=0.7416 spF_r=0.828 zMAEcy=0.086
  [seed 20260719] epoch  33 loss=0.0464 comp=0.7208 spF_r=0.817 zMAEcy=0.096
  [seed 20260720] epoch  33 loss=0.0725 comp=0.7428 spF_r=0.830 zMAEcy=0.087
  [seed 20260716] epoch  34 loss=0.0359 comp=0.7402 spF_r=0.830 zMAEcy=0.090
  [seed 20260717] epoch  34 loss=0.0441 comp=0.7378 spF_r=0.823 zMAEcy=0.086
  [seed 20260718] epoch  34 loss=0.0330 comp=0.7334 spF_r=0.823 zMAEcy=0.090
  [seed 20260719] epoch  34 loss=0.0423 comp=0.7197 spF_r=0.816 zMAEcy=0.096
  [seed 20260720] epoch  34 loss=0.0606 comp=0.7246 spF_r=0.821 zMAEcy=0.096
  [seed 20260716] epoch  35 loss=0.0337 comp=0.7460 spF_r=0.833 zMAEcy=0.087
  [seed 20260717] epoch  35 loss=0.0417 comp=0.7376 spF_r=0.826 zMAEcy=0.088
  [seed 20260718] epoch  35 loss=0.0313 comp=0.7365 spF_r=0.824 zMAEcy=0.087
  [seed 20260719] epoch  35 loss=0.0392 comp=0.7202 spF_r=0.815 zMAEcy=0.095
  [seed 20260720] epoch  35 loss=0.0557 comp=0.7522 spF_r=0.836 zMAEcy=0.084
  [seed 20260716] epoch  36 loss=0.0332 comp=0.7399 spF_r=0.832 zMAEcy=0.092
  [seed 20260717] epoch  36 loss=0.0398 comp=0.7363 spF_r=0.825 zMAEcy=0.089
  [seed 20260718] epoch  36 loss=0.0298 comp=0.7355 spF_r=0.828 zMAEcy=0.093
  [seed 20260719] epoch  36 loss=0.0374 comp=0.7141 spF_r=0.818 zMAEcy=0.104
  [seed 20260720] epoch  36 loss=0.0499 comp=0.7562 spF_r=0.836 zMAEcy=0.080
== markers ==
none
== rc ==
none
== heartbeat ==
age_s=4
== tmux ==
lpopt_20260721_070717: 1 windows (created Tue Jul 21 07:07:12 2026) [80x24]
== log tail ==
  [seed 20260716] epoch  37 loss=0.0301 comp=0.7372 spF_r=0.834 zMAEcy=0.096
  [seed 20260717] epoch  37 loss=0.0357 comp=0.7411 spF_r=0.824 zMAEcy=0.083
  [seed 20260718] epoch  37 loss=0.0284 comp=0.7319 spF_r=0.829 zMAEcy=0.097
  [seed 20260719] epoch  37 loss=0.0341 comp=0.7233 spF_r=0.819 zMAEcy=0.096
  [seed 20260720] epoch  37 loss=0.0469 comp=0.7245 spF_r=0.832 zMAEcy=0.108
  [seed 20260716] epoch  38 loss=0.0284 comp=0.7479 spF_r=0.834 zMAEcy=0.087
  [seed 20260717] epoch  38 loss=0.0352 comp=0.7443 spF_r=0.825 zMAEcy=0.081
  [seed 20260718] epoch  38 loss=0.0276 comp=0.7360 spF_r=0.824 zMAEcy=0.088
  [seed 20260719] epoch  38 loss=0.0341 comp=0.7253 spF_r=0.817 zMAEcy=0.092
  [seed 20260720] epoch  38 loss=0.0446 comp=0.7561 spF_r=0.837 zMAEcy=0.081
  [seed 20260716] epoch  39 loss=0.0277 comp=0.7506 spF_r=0.836 zMAEcy=0.086
  [seed 20260717] epoch  39 loss=0.0334 comp=0.7461 spF_r=0.827 zMAEcy=0.081
  [seed 20260718] epoch  39 loss=0.0281 comp=0.7427 spF_r=0.831 zMAEcy=0.088
  [seed 20260719] epoch  39 loss=0.0320 comp=0.7063 spF_r=0.817 zMAEcy=0.111
  [seed 20260720] epoch  39 loss=0.0417 comp=0.7472 spF_r=0.830 zMAEcy=0.082
  [seed 20260716] epoch  40 loss=0.0265 comp=0.7458 spF_r=0.832 zMAEcy=0.087
  [seed 20260717] epoch  40 loss=0.0299 comp=0.7182 spF_r=0.823 zMAEcy=0.105
  [seed 20260718] epoch  40 loss=0.0264 comp=0.7413 spF_r=0.828 zMAEcy=0.086
  [seed 20260719] epoch  40 loss=0.0412 comp=0.7187 spF_r=0.819 zMAEcy=0.100
  [seed 20260720] epoch  40 loss=0.0378 comp=0.7532 spF_r=0.835 zMAEcy=0.081
== markers ==
none
== rc ==
none
== heartbeat ==
age_s=5
== tmux ==
lpopt_20260721_070717: 1 windows (created Tue Jul 21 07:07:12 2026) [80x24]
== log tail ==
  [seed 20260716] epoch  41 loss=0.0268 comp=0.7518 spF_r=0.838 zMAEcy=0.086
  [seed 20260717] epoch  41 loss=0.0306 comp=0.7494 spF_r=0.829 zMAEcy=0.079
  [seed 20260718] epoch  41 loss=0.0261 comp=0.7459 spF_r=0.831 zMAEcy=0.085
  [seed 20260719] epoch  41 loss=0.0343 comp=0.7343 spF_r=0.826 zMAEcy=0.091
  [seed 20260720] epoch  41 loss=0.0368 comp=0.7451 spF_r=0.826 zMAEcy=0.081
  [seed 20260716] epoch  42 loss=0.0250 comp=0.7449 spF_r=0.833 zMAEcy=0.088
  [seed 20260717] epoch  42 loss=0.0298 comp=0.7398 spF_r=0.824 zMAEcy=0.085
  [seed 20260718] epoch  42 loss=0.0251 comp=0.7263 spF_r=0.822 zMAEcy=0.095
  [seed 20260719] epoch  42 loss=0.0309 comp=0.7246 spF_r=0.817 zMAEcy=0.093
  [seed 20260720] epoch  42 loss=0.0346 comp=0.7531 spF_r=0.834 zMAEcy=0.081
  [seed 20260716] epoch  43 loss=0.0253 comp=0.7367 spF_r=0.838 zMAEcy=0.101
  [seed 20260717] epoch  43 loss=0.0279 comp=0.7497 spF_r=0.831 zMAEcy=0.081
  [seed 20260718] epoch  43 loss=0.0246 comp=0.7441 spF_r=0.831 zMAEcy=0.087
  [seed 20260719] epoch  43 loss=0.0289 comp=0.7306 spF_r=0.824 zMAEcy=0.093
  [seed 20260720] epoch  43 loss=0.0342 comp=0.7554 spF_r=0.834 zMAEcy=0.079
  [seed 20260716] epoch  44 loss=0.0308 comp=0.7477 spF_r=0.837 zMAEcy=0.090
  [seed 20260717] epoch  44 loss=0.0266 comp=0.7508 spF_r=0.831 zMAEcy=0.080
  [seed 20260718] epoch  44 loss=0.0244 comp=0.7437 spF_r=0.829 zMAEcy=0.085
  [seed 20260719] epoch  44 loss=0.0267 comp=0.7319 spF_r=0.824 zMAEcy=0.092
  [seed 20260720] epoch  44 loss=0.0326 comp=0.7254 spF_r=0.836 zMAEcy=0.111
== markers ==
none
== rc ==
none
== heartbeat ==
age_s=5
== tmux ==
lpopt_20260721_070717: 1 windows (created Tue Jul 21 07:07:12 2026) [80x24]
== log tail ==
  [seed 20260716] epoch  45 loss=0.0257 comp=0.7591 spF_r=0.842 zMAEcy=0.083
  [seed 20260717] epoch  45 loss=0.0254 comp=0.7439 spF_r=0.825 zMAEcy=0.081
  [seed 20260718] epoch  45 loss=0.0228 comp=0.7361 spF_r=0.830 zMAEcy=0.093
  [seed 20260719] epoch  45 loss=0.0255 comp=0.7312 spF_r=0.822 zMAEcy=0.091
  [seed 20260720] epoch  45 loss=0.0305 comp=0.7543 spF_r=0.832 zMAEcy=0.077
  [seed 20260716] epoch  46 loss=0.0225 comp=0.7405 spF_r=0.833 zMAEcy=0.092
  [seed 20260717] epoch  46 loss=0.0244 comp=0.7433 spF_r=0.825 zMAEcy=0.081
  [seed 20260718] epoch  46 loss=0.0230 comp=0.7450 spF_r=0.830 zMAEcy=0.085
  [seed 20260719] epoch  46 loss=0.0242 comp=0.7330 spF_r=0.827 zMAEcy=0.094
  [seed 20260720] epoch  46 loss=0.0297 comp=0.7537 spF_r=0.834 zMAEcy=0.080
  [seed 20260716] epoch  47 loss=0.0214 comp=0.7596 spF_r=0.841 zMAEcy=0.081
  [seed 20260717] epoch  47 loss=0.0260 comp=0.7503 spF_r=0.828 zMAEcy=0.078
  [seed 20260718] epoch  47 loss=0.0228 comp=0.7437 spF_r=0.831 zMAEcy=0.087
  [seed 20260719] epoch  47 loss=0.0237 comp=0.7363 spF_r=0.826 zMAEcy=0.089
  [seed 20260720] epoch  47 loss=0.0293 comp=0.7475 spF_r=0.827 zMAEcy=0.079
  [seed 20260716] epoch  48 loss=0.0213 comp=0.7604 spF_r=0.841 zMAEcy=0.081
  [seed 20260717] epoch  48 loss=0.0271 comp=0.7380 spF_r=0.831 zMAEcy=0.093
  [seed 20260718] epoch  48 loss=0.0227 comp=0.7410 spF_r=0.830 zMAEcy=0.089
  [seed 20260719] epoch  48 loss=0.0230 comp=0.7382 spF_r=0.824 zMAEcy=0.086
  [seed 20260720] epoch  48 loss=0.0281 comp=0.7499 spF_r=0.831 zMAEcy=0.081
== markers ==
none
== rc ==
none
== heartbeat ==
age_s=5
== tmux ==
lpopt_20260721_070717: 1 windows (created Tue Jul 21 07:07:12 2026) [80x24]
== log tail ==
  [seed 20260720] epoch  49 loss=0.0272 comp=0.7493 spF_r=0.828 zMAEcy=0.079
  [seed 20260716] epoch  50 loss=0.0197 comp=0.7559 spF_r=0.839 zMAEcy=0.083
  [seed 20260717] epoch  50 loss=0.0237 comp=0.7437 spF_r=0.833 zMAEcy=0.089
  [seed 20260718] epoch  50 loss=0.0206 comp=0.7408 spF_r=0.827 zMAEcy=0.087
  [seed 20260719] epoch  50 loss=0.0223 comp=0.7273 spF_r=0.819 zMAEcy=0.091
  [seed 20260720] epoch  50 loss=0.0261 comp=0.7463 spF_r=0.827 zMAEcy=0.080
  [seed 20260716] epoch  51 loss=0.0198 comp=0.7582 spF_r=0.843 zMAEcy=0.085
  [seed 20260717] epoch  51 loss=0.0223 comp=0.7525 spF_r=0.831 zMAEcy=0.079
  [seed 20260718] epoch  51 loss=0.0212 comp=0.7492 spF_r=0.832 zMAEcy=0.083
  [seed 20260719] epoch  51 loss=0.0222 comp=0.7393 spF_r=0.824 zMAEcy=0.085
  [seed 20260720] epoch  51 loss=0.0250 comp=0.7514 spF_r=0.830 zMAEcy=0.079
  [seed 20260720] early stop at epoch 51 (best 36)
  [seed 20260716] epoch  52 loss=0.0198 comp=0.7553 spF_r=0.843 zMAEcy=0.087
  [seed 20260717] epoch  52 loss=0.0208 comp=0.7477 spF_r=0.827 zMAEcy=0.079
  [seed 20260718] epoch  52 loss=0.0218 comp=0.7292 spF_r=0.835 zMAEcy=0.105
  [seed 20260719] epoch  52 loss=0.0208 comp=0.7424 spF_r=0.829 zMAEcy=0.087
  [seed 20260716] epoch  53 loss=0.0187 comp=0.7655 spF_r=0.843 zMAEcy=0.078
  [seed 20260717] epoch  53 loss=0.0201 comp=0.7455 spF_r=0.833 zMAEcy=0.088
  [seed 20260718] epoch  53 loss=0.0205 comp=0.7430 spF_r=0.828 zMAEcy=0.085
  [seed 20260719] epoch  53 loss=0.0203 comp=0.7406 spF_r=0.829 zMAEcy=0.088
== markers ==
none
== rc ==
none
== heartbeat ==
age_s=6
== tmux ==
lpopt_20260721_070717: 1 windows (created Tue Jul 21 07:07:12 2026) [80x24]
== log tail ==
  [seed 20260716] epoch  54 loss=0.0182 comp=0.7600 spF_r=0.839 zMAEcy=0.079
  [seed 20260717] epoch  54 loss=0.0203 comp=0.7455 spF_r=0.825 zMAEcy=0.079
  [seed 20260718] epoch  54 loss=0.0191 comp=0.7304 spF_r=0.827 zMAEcy=0.096
  [seed 20260719] epoch  54 loss=0.0210 comp=0.7282 spF_r=0.828 zMAEcy=0.100
  [seed 20260716] epoch  55 loss=0.0187 comp=0.7507 spF_r=0.847 zMAEcy=0.097
  [seed 20260717] epoch  55 loss=0.0202 comp=0.7484 spF_r=0.827 zMAEcy=0.078
  [seed 20260718] epoch  55 loss=0.0190 comp=0.7394 spF_r=0.825 zMAEcy=0.086
  [seed 20260719] epoch  55 loss=0.0266 comp=0.7257 spF_r=0.818 zMAEcy=0.092
  [seed 20260716] epoch  56 loss=0.0193 comp=0.7667 spF_r=0.844 zMAEcy=0.078
  [seed 20260717] epoch  56 loss=0.0192 comp=0.7559 spF_r=0.833 zMAEcy=0.077
  [seed 20260718] epoch  56 loss=0.0181 comp=0.7414 spF_r=0.832 zMAEcy=0.090
  [seed 20260719] epoch  56 loss=0.0218 comp=0.7294 spF_r=0.818 zMAEcy=0.089
  [seed 20260716] epoch  57 loss=0.0177 comp=0.7695 spF_r=0.847 zMAEcy=0.078
  [seed 20260717] epoch  57 loss=0.0184 comp=0.7424 spF_r=0.830 zMAEcy=0.087
  [seed 20260718] epoch  57 loss=0.0182 comp=0.7388 spF_r=0.823 zMAEcy=0.084
  [seed 20260719] epoch  57 loss=0.0204 comp=0.7339 spF_r=0.828 zMAEcy=0.094
  [seed 20260716] epoch  58 loss=0.0164 comp=0.7658 spF_r=0.847 zMAEcy=0.081
  [seed 20260717] epoch  58 loss=0.0184 comp=0.7434 spF_r=0.829 zMAEcy=0.086
  [seed 20260718] epoch  58 loss=0.0208 comp=0.7380 spF_r=0.831 zMAEcy=0.093
  [seed 20260719] epoch  58 loss=0.0195 comp=0.7442 spF_r=0.831 zMAEcy=0.087
== markers ==
none
== rc ==
none
== heartbeat ==
age_s=6
== tmux ==
lpopt_20260721_070717: 1 windows (created Tue Jul 21 07:07:12 2026) [80x24]
== log tail ==
  [seed 20260716] epoch  59 loss=0.0168 comp=0.7680 spF_r=0.851 zMAEcy=0.083
  [seed 20260717] epoch  59 loss=0.0182 comp=0.7474 spF_r=0.829 zMAEcy=0.082
  [seed 20260718] epoch  59 loss=0.0198 comp=0.7449 spF_r=0.831 zMAEcy=0.086
  [seed 20260719] epoch  59 loss=0.0187 comp=0.7388 spF_r=0.829 zMAEcy=0.090
  [seed 20260716] epoch  60 loss=0.0172 comp=0.7698 spF_r=0.848 zMAEcy=0.079
  [seed 20260717] epoch  60 loss=0.0179 comp=0.7432 spF_r=0.828 zMAEcy=0.085
  [seed 20260718] epoch  60 loss=0.0175 comp=0.7434 spF_r=0.827 zMAEcy=0.084
  [seed 20260719] epoch  60 loss=0.0180 comp=0.7391 spF_r=0.826 zMAEcy=0.087
  [seed 20260716] epoch  61 loss=0.0167 comp=0.7611 spF_r=0.847 zMAEcy=0.086
  [seed 20260717] epoch  61 loss=0.0175 comp=0.7502 spF_r=0.833 zMAEcy=0.083
  [seed 20260718] epoch  61 loss=0.0160 comp=0.7423 spF_r=0.827 zMAEcy=0.085
  [seed 20260719] epoch  61 loss=0.0180 comp=0.7405 spF_r=0.824 zMAEcy=0.084
  [seed 20260716] epoch  62 loss=0.0158 comp=0.7650 spF_r=0.844 zMAEcy=0.079
  [seed 20260717] epoch  62 loss=0.0176 comp=0.7513 spF_r=0.830 zMAEcy=0.079
  [seed 20260718] epoch  62 loss=0.0162 comp=0.7424 spF_r=0.826 zMAEcy=0.083
  [seed 20260719] epoch  62 loss=0.0172 comp=0.7359 spF_r=0.823 zMAEcy=0.087
  [seed 20260716] epoch  63 loss=0.0162 comp=0.7660 spF_r=0.845 zMAEcy=0.079
  [seed 20260717] epoch  63 loss=0.0176 comp=0.7579 spF_r=0.835 zMAEcy=0.077
  [seed 20260718] epoch  63 loss=0.0154 comp=0.7477 spF_r=0.833 zMAEcy=0.086
  [seed 20260719] epoch  63 loss=0.0170 comp=0.7388 spF_r=0.825 zMAEcy=0.086
== markers ==
none
== rc ==
none
== heartbeat ==
age_s=6
== tmux ==
lpopt_20260721_070717: 1 windows (created Tue Jul 21 07:07:12 2026) [80x24]
== log tail ==
  [seed 20260719] epoch  63 loss=0.0170 comp=0.7388 spF_r=0.825 zMAEcy=0.086
  [seed 20260716] epoch  64 loss=0.0157 comp=0.7690 spF_r=0.847 zMAEcy=0.078
  [seed 20260717] epoch  64 loss=0.0166 comp=0.7515 spF_r=0.830 zMAEcy=0.078
  [seed 20260718] epoch  64 loss=0.0157 comp=0.7288 spF_r=0.832 zMAEcy=0.103
  [seed 20260719] epoch  64 loss=0.0167 comp=0.7350 spF_r=0.823 zMAEcy=0.089
  [seed 20260716] epoch  65 loss=0.0150 comp=0.7578 spF_r=0.849 zMAEcy=0.091
  [seed 20260717] epoch  65 loss=0.0173 comp=0.7495 spF_r=0.832 zMAEcy=0.082
  [seed 20260718] epoch  65 loss=0.0159 comp=0.7474 spF_r=0.830 zMAEcy=0.083
  [seed 20260719] epoch  65 loss=0.0166 comp=0.7336 spF_r=0.830 zMAEcy=0.096
  [seed 20260716] epoch  66 loss=0.0149 comp=0.7654 spF_r=0.845 zMAEcy=0.080
  [seed 20260717] epoch  66 loss=0.0167 comp=0.7558 spF_r=0.833 zMAEcy=0.077
  [seed 20260718] epoch  66 loss=0.0155 comp=0.7455 spF_r=0.831 zMAEcy=0.085
  [seed 20260718] early stop at epoch 66 (best 51)
  [seed 20260719] epoch  66 loss=0.0164 comp=0.7395 spF_r=0.823 zMAEcy=0.084
  [seed 20260716] epoch  67 loss=0.0141 comp=0.7682 spF_r=0.847 zMAEcy=0.079
  [seed 20260717] epoch  67 loss=0.0162 comp=0.7564 spF_r=0.833 zMAEcy=0.076
  [seed 20260719] epoch  67 loss=0.0160 comp=0.7418 spF_r=0.829 zMAEcy=0.088
  [seed 20260716] epoch  68 loss=0.0143 comp=0.7684 spF_r=0.848 zMAEcy=0.079
  [seed 20260717] epoch  68 loss=0.0153 comp=0.7543 spF_r=0.831 zMAEcy=0.077
  [seed 20260719] epoch  68 loss=0.0155 comp=0.7392 spF_r=0.826 zMAEcy=0.087
== markers ==
none
== rc ==
none
== heartbeat ==
age_s=6
== tmux ==
lpopt_20260721_070717: 1 windows (created Tue Jul 21 07:07:12 2026) [80x24]
== log tail ==
  [seed 20260719] epoch  69 loss=0.0160 comp=0.7417 spF_r=0.828 zMAEcy=0.086
  [seed 20260716] epoch  70 loss=0.0138 comp=0.7723 spF_r=0.851 zMAEcy=0.079
  [seed 20260717] epoch  70 loss=0.0158 comp=0.7485 spF_r=0.831 zMAEcy=0.083
  [seed 20260719] epoch  70 loss=0.0154 comp=0.7407 spF_r=0.826 zMAEcy=0.085
  [seed 20260716] epoch  71 loss=0.0135 comp=0.7692 spF_r=0.851 zMAEcy=0.082
  [seed 20260717] epoch  71 loss=0.0152 comp=0.7542 spF_r=0.831 zMAEcy=0.077
  [seed 20260719] epoch  71 loss=0.0151 comp=0.7441 spF_r=0.828 zMAEcy=0.084
  [seed 20260716] epoch  72 loss=0.0139 comp=0.7658 spF_r=0.849 zMAEcy=0.083
  [seed 20260717] epoch  72 loss=0.0143 comp=0.7564 spF_r=0.833 zMAEcy=0.077
  [seed 20260719] epoch  72 loss=0.0149 comp=0.7373 spF_r=0.824 zMAEcy=0.087
  [seed 20260716] epoch  73 loss=0.0133 comp=0.7673 spF_r=0.851 zMAEcy=0.084
  [seed 20260717] epoch  73 loss=0.0139 comp=0.7520 spF_r=0.829 zMAEcy=0.077
  [seed 20260719] epoch  73 loss=0.0150 comp=0.7415 spF_r=0.827 zMAEcy=0.085
  [seed 20260719] early stop at epoch 73 (best 58)
  [seed 20260716] epoch  74 loss=0.0130 comp=0.7687 spF_r=0.848 zMAEcy=0.079
  [seed 20260717] epoch  74 loss=0.0141 comp=0.7583 spF_r=0.835 zMAEcy=0.077
  [seed 20260716] epoch  75 loss=0.0137 comp=0.7614 spF_r=0.851 zMAEcy=0.089
  [seed 20260717] epoch  75 loss=0.0140 comp=0.7525 spF_r=0.832 zMAEcy=0.080
  [seed 20260716] epoch  76 loss=0.0134 comp=0.7752 spF_r=0.855 zMAEcy=0.080
  [seed 20260717] epoch  76 loss=0.0137 comp=0.7598 spF_r=0.837 zMAEcy=0.077
== markers ==
none
== rc ==
none
== heartbeat ==
age_s=7
== tmux ==
lpopt_20260721_070717: 1 windows (created Tue Jul 21 07:07:12 2026) [80x24]
== log tail ==
  [seed 20260716] epoch  77 loss=0.0128 comp=0.7713 spF_r=0.852 zMAEcy=0.081
  [seed 20260717] epoch  77 loss=0.0140 comp=0.7477 spF_r=0.833 zMAEcy=0.085
  [seed 20260716] epoch  78 loss=0.0128 comp=0.7721 spF_r=0.852 zMAEcy=0.080
  [seed 20260717] epoch  78 loss=0.0146 comp=0.7569 spF_r=0.833 zMAEcy=0.076
  [seed 20260716] epoch  79 loss=0.0125 comp=0.7707 spF_r=0.850 zMAEcy=0.079
  [seed 20260717] epoch  79 loss=0.0138 comp=0.7545 spF_r=0.832 zMAEcy=0.078
  [seed 20260716] epoch  80 loss=-0.0182 comp=0.7271 spF_r=0.828 zMAEcy=0.101
  [seed 20260717] epoch  80 loss=0.0172 comp=0.7176 spF_r=0.820 zMAEcy=0.103
  [seed 20260716] epoch  81 loss=-0.1370 comp=0.7558 spF_r=0.845 zMAEcy=0.090
  [seed 20260717] epoch  81 loss=-0.1642 comp=0.7466 spF_r=0.834 zMAEcy=0.087
  [seed 20260716] epoch  82 loss=-0.1677 comp=0.7565 spF_r=0.848 zMAEcy=0.091
  [seed 20260717] epoch  82 loss=-0.1686 comp=0.7470 spF_r=0.834 zMAEcy=0.087
  [seed 20260716] epoch  83 loss=-0.1689 comp=0.7636 spF_r=0.847 zMAEcy=0.084
  [seed 20260717] epoch  83 loss=-0.1659 comp=0.7544 spF_r=0.839 zMAEcy=0.085
  [seed 20260716] epoch  84 loss=-0.1628 comp=0.7650 spF_r=0.848 zMAEcy=0.083
  [seed 20260717] epoch  84 loss=-0.1643 comp=0.7354 spF_r=0.836 zMAEcy=0.100
  [seed 20260716] epoch  85 loss=-0.1572 comp=0.7827 spF_r=0.862 zMAEcy=0.080
  [seed 20260717] epoch  85 loss=-0.1579 comp=0.7520 spF_r=0.837 zMAEcy=0.085
  [seed 20260716] epoch  86 loss=-0.1519 comp=0.7795 spF_r=0.861 zMAEcy=0.081
  [seed 20260717] epoch  86 loss=-0.1512 comp=0.7655 spF_r=0.839 zMAEcy=0.074
== markers ==
none
== rc ==
none
== heartbeat ==
age_s=7
== tmux ==
lpopt_20260721_070717: 1 windows (created Tue Jul 21 07:07:12 2026) [80x24]
== log tail ==
  [seed 20260716] epoch  86 loss=-0.1519 comp=0.7795 spF_r=0.861 zMAEcy=0.081
  [seed 20260717] epoch  86 loss=-0.1512 comp=0.7655 spF_r=0.839 zMAEcy=0.074
  [seed 20260716] epoch  87 loss=-0.1474 comp=0.7885 spF_r=0.864 zMAEcy=0.075
  [seed 20260717] epoch  87 loss=-0.1503 comp=0.7684 spF_r=0.844 zMAEcy=0.075
  [seed 20260716] epoch  88 loss=-0.1438 comp=0.7801 spF_r=0.866 zMAEcy=0.086
  [seed 20260717] epoch  88 loss=-0.1447 comp=0.7659 spF_r=0.837 zMAEcy=0.071
  [seed 20260716] epoch  89 loss=-0.1407 comp=0.7853 spF_r=0.860 zMAEcy=0.075
  [seed 20260717] epoch  89 loss=-0.1398 comp=0.7695 spF_r=0.839 zMAEcy=0.070
  [seed 20260716] epoch  90 loss=-0.1347 comp=0.7850 spF_r=0.865 zMAEcy=0.080
  [seed 20260717] epoch  90 loss=-0.1392 comp=0.7648 spF_r=0.841 zMAEcy=0.076
  [seed 20260716] epoch  91 loss=-0.1325 comp=0.7926 spF_r=0.865 zMAEcy=0.072
  [seed 20260717] epoch  91 loss=-0.1342 comp=0.7716 spF_r=0.843 zMAEcy=0.072
  [seed 20260716] epoch  92 loss=-0.1282 comp=0.7819 spF_r=0.864 zMAEcy=0.082
  [seed 20260717] epoch  92 loss=-0.1316 comp=0.7661 spF_r=0.839 zMAEcy=0.073
  [seed 20260716] epoch  93 loss=-0.1272 comp=0.7941 spF_r=0.869 zMAEcy=0.074
  [seed 20260717] epoch  93 loss=-0.1289 comp=0.7648 spF_r=0.838 zMAEcy=0.073
  [seed 20260716] epoch  94 loss=-0.1228 comp=0.7929 spF_r=0.866 zMAEcy=0.073
  [seed 20260717] epoch  94 loss=-0.1251 comp=0.7714 spF_r=0.842 zMAEcy=0.071
  [seed 20260716] epoch  95 loss=-0.1223 comp=0.7941 spF_r=0.866 zMAEcy=0.072
  [seed 20260717] epoch  95 loss=-0.1235 comp=0.7742 spF_r=0.844 zMAEcy=0.070
== markers ==
none
== rc ==
none
== heartbeat ==
age_s=7
== tmux ==
lpopt_20260721_070717: 1 windows (created Tue Jul 21 07:07:12 2026) [80x24]
== log tail ==
  [seed 20260716] epoch  96 loss=-0.1203 comp=0.7930 spF_r=0.865 zMAEcy=0.072
  [seed 20260717] epoch  96 loss=-0.1207 comp=0.7514 spF_r=0.841 zMAEcy=0.090
  [seed 20260716] epoch  97 loss=-0.1198 comp=0.7939 spF_r=0.868 zMAEcy=0.074
  [seed 20260717] epoch  97 loss=-0.1213 comp=0.7741 spF_r=0.845 zMAEcy=0.070
  [seed 20260716] epoch  98 loss=-0.1179 comp=0.7974 spF_r=0.870 zMAEcy=0.073
  [seed 20260717] epoch  98 loss=-0.1194 comp=0.7751 spF_r=0.845 zMAEcy=0.070
  [seed 20260716] epoch  99 loss=-0.1133 comp=0.7986 spF_r=0.870 zMAEcy=0.072
  [seed 20260717] epoch  99 loss=-0.1152 comp=0.7748 spF_r=0.844 zMAEcy=0.070
  [seed 20260716] epoch 100 loss=-0.1124 comp=0.7962 spF_r=0.869 zMAEcy=0.073
  [seed 20260717] epoch 100 loss=-0.1148 comp=0.7720 spF_r=0.842 zMAEcy=0.070
  [seed 20260716] epoch 101 loss=-0.1084 comp=0.7878 spF_r=0.865 zMAEcy=0.077
  [seed 20260717] epoch 101 loss=-0.1126 comp=0.7750 spF_r=0.844 zMAEcy=0.069
  [seed 20260716] epoch 102 loss=-0.1092 comp=0.7906 spF_r=0.866 zMAEcy=0.075
  [seed 20260717] epoch 102 loss=-0.1122 comp=0.7764 spF_r=0.846 zMAEcy=0.070
  [seed 20260716] epoch 103 loss=-0.1071 comp=0.7971 spF_r=0.869 zMAEcy=0.072
  [seed 20260717] epoch 103 loss=-0.1074 comp=0.7731 spF_r=0.846 zMAEcy=0.073
  [seed 20260716] epoch 104 loss=-0.1044 comp=0.7955 spF_r=0.869 zMAEcy=0.073
  [seed 20260717] epoch 104 loss=-0.1070 comp=0.7736 spF_r=0.843 zMAEcy=0.069
  [seed 20260716] epoch 105 loss=-0.1025 comp=0.7970 spF_r=0.870 zMAEcy=0.073
  [seed 20260717] epoch 105 loss=-0.1077 comp=0.7803 spF_r=0.850 zMAEcy=0.069
== markers ==
none
== rc ==
none
== heartbeat ==
age_s=8
== tmux ==
lpopt_20260721_070717: 1 windows (created Tue Jul 21 07:07:12 2026) [80x24]
== log tail ==
  [seed 20260716] epoch 106 loss=-0.1024 comp=0.7931 spF_r=0.867 zMAEcy=0.074
  [seed 20260717] epoch 106 loss=-0.1034 comp=0.7757 spF_r=0.845 zMAEcy=0.070
  [seed 20260716] epoch 107 loss=-0.1018 comp=0.7971 spF_r=0.869 zMAEcy=0.072
  [seed 20260717] epoch 107 loss=-0.1037 comp=0.7769 spF_r=0.845 zMAEcy=0.068
  [seed 20260716] epoch 108 loss=-0.1004 comp=0.7958 spF_r=0.870 zMAEcy=0.074
  [seed 20260717] epoch 108 loss=-0.1032 comp=0.7759 spF_r=0.844 zMAEcy=0.069
  [seed 20260716] epoch 109 loss=-0.0968 comp=0.7984 spF_r=0.869 zMAEcy=0.070
  [seed 20260717] epoch 109 loss=-0.1013 comp=0.7754 spF_r=0.844 zMAEcy=0.069
  [seed 20260716] epoch 110 loss=-0.0977 comp=0.7960 spF_r=0.869 zMAEcy=0.073
  [seed 20260717] epoch 110 loss=-0.0975 comp=0.7770 spF_r=0.845 zMAEcy=0.068
  [seed 20260716] epoch 111 loss=-0.0959 comp=0.7996 spF_r=0.871 zMAEcy=0.071
  [seed 20260717] epoch 111 loss=-0.0974 comp=0.7709 spF_r=0.840 zMAEcy=0.069
  [seed 20260716] epoch 112 loss=-0.0956 comp=0.7975 spF_r=0.871 zMAEcy=0.073
  [seed 20260717] epoch 112 loss=-0.0955 comp=0.7742 spF_r=0.842 zMAEcy=0.068
  [seed 20260716] epoch 113 loss=-0.0941 comp=0.7996 spF_r=0.872 zMAEcy=0.072
  [seed 20260717] epoch 113 loss=-0.0926 comp=0.7775 spF_r=0.846 zMAEcy=0.068
  [seed 20260716] epoch 114 loss=-0.0909 comp=0.8018 spF_r=0.873 zMAEcy=0.071
  [seed 20260717] epoch 114 loss=-0.0951 comp=0.7709 spF_r=0.841 zMAEcy=0.070
  [seed 20260716] epoch 115 loss=-0.0913 comp=0.8008 spF_r=0.872 zMAEcy=0.071
  [seed 20260717] epoch 115 loss=-0.0933 comp=0.7783 spF_r=0.846 zMAEcy=0.068
== markers ==
none
== rc ==
none
== heartbeat ==
age_s=8
== tmux ==
lpopt_20260721_070717: 1 windows (created Tue Jul 21 07:07:12 2026) [80x24]
== log tail ==
  [seed 20260717] epoch 116 loss=-0.0909 comp=0.7771 spF_r=0.846 zMAEcy=0.068
  [seed 20260716] epoch 117 loss=-0.0900 comp=0.7987 spF_r=0.871 zMAEcy=0.073
  [seed 20260717] epoch 117 loss=-0.0903 comp=0.7757 spF_r=0.844 zMAEcy=0.069
  [seed 20260716] epoch 118 loss=-0.0886 comp=0.7987 spF_r=0.870 zMAEcy=0.071
  [seed 20260717] epoch 118 loss=-0.0901 comp=0.7756 spF_r=0.844 zMAEcy=0.069
  [seed 20260716] epoch 119 loss=-0.0853 comp=0.8018 spF_r=0.870 zMAEcy=0.069
  [seed 20260717] epoch 119 loss=-0.0867 comp=0.7774 spF_r=0.846 zMAEcy=0.068
  [seed 20260716] epoch 120 loss=-0.0844 comp=0.7997 spF_r=0.870 zMAEcy=0.070
  [seed 20260717] epoch 120 loss=-0.0906 comp=0.7759 spF_r=0.844 zMAEcy=0.068
  [seed 20260717] early stop at epoch 120 (best 105)
  [seed 20260716] epoch 121 loss=-0.0844 comp=0.8018 spF_r=0.870 zMAEcy=0.069
  [seed 20260716] epoch 122 loss=-0.0842 comp=0.7985 spF_r=0.869 zMAEcy=0.070
  [seed 20260716] epoch 123 loss=-0.0841 comp=0.7986 spF_r=0.869 zMAEcy=0.070
  [seed 20260716] epoch 124 loss=-0.0810 comp=0.8006 spF_r=0.870 zMAEcy=0.069
  [seed 20260716] epoch 125 loss=-0.0803 comp=0.7973 spF_r=0.868 zMAEcy=0.071
  [seed 20260716] epoch 126 loss=-0.0791 comp=0.7985 spF_r=0.868 zMAEcy=0.069
  [seed 20260716] epoch 127 loss=-0.0779 comp=0.7955 spF_r=0.867 zMAEcy=0.072
  [seed 20260716] epoch 128 loss=-0.0781 comp=0.7981 spF_r=0.869 zMAEcy=0.071
  [seed 20260716] epoch 129 loss=-0.0768 comp=0.7977 spF_r=0.867 zMAEcy=0.070
  [seed 20260716] epoch 130 loss=-0.0775 comp=0.7982 spF_r=0.870 zMAEcy=0.072
== markers ==
DONE
rc
== rc ==
0
== heartbeat ==
age_s=23
== tmux ==
no session
== log tail ==
  [seed 20260716] epoch 120 loss=-0.0844 comp=0.7997 spF_r=0.870 zMAEcy=0.070
  [seed 20260717] epoch 120 loss=-0.0906 comp=0.7759 spF_r=0.844 zMAEcy=0.068
  [seed 20260717] early stop at epoch 120 (best 105)
  [seed 20260716] epoch 121 loss=-0.0844 comp=0.8018 spF_r=0.870 zMAEcy=0.069
  [seed 20260716] epoch 122 loss=-0.0842 comp=0.7985 spF_r=0.869 zMAEcy=0.070
  [seed 20260716] epoch 123 loss=-0.0841 comp=0.7986 spF_r=0.869 zMAEcy=0.070
  [seed 20260716] epoch 124 loss=-0.0810 comp=0.8006 spF_r=0.870 zMAEcy=0.069
  [seed 20260716] epoch 125 loss=-0.0803 comp=0.7973 spF_r=0.868 zMAEcy=0.071
  [seed 20260716] epoch 126 loss=-0.0791 comp=0.7985 spF_r=0.868 zMAEcy=0.069
  [seed 20260716] epoch 127 loss=-0.0779 comp=0.7955 spF_r=0.867 zMAEcy=0.072
  [seed 20260716] epoch 128 loss=-0.0781 comp=0.7981 spF_r=0.869 zMAEcy=0.071
  [seed 20260716] epoch 129 loss=-0.0768 comp=0.7977 spF_r=0.867 zMAEcy=0.070
  [seed 20260716] epoch 130 loss=-0.0775 comp=0.7982 spF_r=0.870 zMAEcy=0.072
  [seed 20260716] epoch 131 loss=-0.0767 comp=0.7973 spF_r=0.868 zMAEcy=0.071
  [seed 20260716] early stop at epoch 131 (best 116)
=== chunk of 5 done in 1369.0s ===
=== calibration fitted ===
=== per-cell cyclen calibration fitted: 38 cells ===
=== per-cell f_r calibration fitted: 38 cells ===
trained 5 member(s) into runs/20260721_070717
[pull] 20260721_070717 -> C:\Users\USER\Desktop\CT&RPL\2_Project\KNF_LEU+ 시범연료봉 장전 인허가 과제\2026\2_계산\5_RL\data\models\20260721_070717  (5 members: ['member_20260716', 'member_20260717', 'member_20260718', 'member_20260719', 'member_20260720'])
=== arm v4_baseline pulled to C:\Users\USER\Desktop\CT&RPL\2_Project\KNF_LEU+ 시범연료봉 장전 인허가 과제\2026\2_계산\5_RL\data\models\20260721_070717 ===
=== launching arm v5_full ===
[train] session=lpopt_20260721_073328 gpu=1 args='--ensemble 5 --parallel-members 5 --split S1 --cond-schema v5 --base-seed 20260716 --device auto --num-workers 8 --censor-a-pin-labels --cyclen-physics-prior --quantile-heads --promote-max-asm-bu'
[train] launched lpopt_20260721_073328
== markers ==
none
== rc ==
none
== heartbeat ==
age_s=0
== tmux ==
lpopt_20260721_073328: 1 windows (created Tue Jul 21 07:33:24 2026) [80x24]
== log tail ==
== markers ==
none
== rc ==
none
== heartbeat ==
age_s=0
== tmux ==
lpopt_20260721_073328: 1 windows (created Tue Jul 21 07:33:24 2026) [80x24]
== log tail ==
device=cuda torch=2.11.0+cu128 cuda_avail=True
=== featurizing split (shared across members) ===
== markers ==
none
== rc ==
none
== heartbeat ==
age_s=1
== tmux ==
lpopt_20260721_073328: 1 windows (created Tue Jul 21 07:33:24 2026) [80x24]
== log tail ==
device=cuda torch=2.11.0+cu128 cuda_avail=True
=== featurizing split (shared across members) ===
== markers ==
none
== rc ==
none
== heartbeat ==
age_s=1
== tmux ==
lpopt_20260721_073328: 1 windows (created Tue Jul 21 07:33:24 2026) [80x24]
== log tail ==
device=cuda torch=2.11.0+cu128 cuda_avail=True
=== featurizing split (shared across members) ===
=== featurized train=42867 val=7352 in 158.2s ===
== markers ==
none
== rc ==
none
== heartbeat ==
age_s=1
== tmux ==
lpopt_20260721_073328: 1 windows (created Tue Jul 21 07:33:24 2026) [80x24]
== log tail ==
device=cuda torch=2.11.0+cu128 cuda_avail=True
=== featurizing split (shared across members) ===
=== featurized train=42867 val=7352 in 158.2s ===
=== cyclen physics prior: alpha=10.1695 beta=605.92 n_fit=39589 train_pearson=0.8614 ===
=== schedule: effective_batch=1024 lr=1.20e-03 warmup_epochs=80 device_resident=True parallel_members=5 torch_compile=False ===
=== training members 1-5/5 (seeds 20260716, 20260717, 20260718, 20260719, 20260720) ===
  [seed 20260716] epoch   0 loss=1.1177 comp=-0.1684 spF_r=0.112 zMAEcy=0.281
  [seed 20260717] epoch   0 loss=1.0334 comp=-0.2186 spF_r=0.118 zMAEcy=0.337
  [seed 20260718] epoch   0 loss=1.0688 comp=-0.2378 spF_r=0.124 zMAEcy=0.362
  [seed 20260719] epoch   0 loss=1.0489 comp=-0.0777 spF_r=0.181 zMAEcy=0.259
  [seed 20260720] epoch   0 loss=1.0631 comp=-0.1159 spF_r=0.166 zMAEcy=0.282
  [seed 20260716] epoch   1 loss=0.6597 comp=0.1862 spF_r=0.472 zMAEcy=0.286
  [seed 20260717] epoch   1 loss=0.6474 comp=0.1834 spF_r=0.434 zMAEcy=0.251
  [seed 20260718] epoch   1 loss=0.6731 comp=0.0297 spF_r=0.337 zMAEcy=0.307
  [seed 20260719] epoch   1 loss=0.6980 comp=0.0950 spF_r=0.364 zMAEcy=0.269
  [seed 20260720] epoch   1 loss=0.7216 comp=0.0952 spF_r=0.351 zMAEcy=0.255
== markers ==
none
== rc ==
none
== heartbeat ==
age_s=1
== tmux ==
lpopt_20260721_073328: 1 windows (created Tue Jul 21 07:33:24 2026) [80x24]
== log tail ==
  [seed 20260716] epoch   2 loss=0.5382 comp=0.3292 spF_r=0.566 zMAEcy=0.237
  [seed 20260717] epoch   2 loss=0.5104 comp=0.3685 spF_r=0.605 zMAEcy=0.236
  [seed 20260718] epoch   2 loss=0.5321 comp=0.2876 spF_r=0.532 zMAEcy=0.244
  [seed 20260719] epoch   2 loss=0.5615 comp=0.1901 spF_r=0.445 zMAEcy=0.255
  [seed 20260720] epoch   2 loss=0.5264 comp=0.3678 spF_r=0.624 zMAEcy=0.256
  [seed 20260716] epoch   3 loss=0.4932 comp=0.3468 spF_r=0.609 zMAEcy=0.263
  [seed 20260717] epoch   3 loss=0.4521 comp=0.4246 spF_r=0.667 zMAEcy=0.242
  [seed 20260718] epoch   3 loss=0.4816 comp=0.4565 spF_r=0.658 zMAEcy=0.202
  [seed 20260719] epoch   3 loss=0.4807 comp=0.3003 spF_r=0.538 zMAEcy=0.238
  [seed 20260720] epoch   3 loss=0.4399 comp=0.4501 spF_r=0.691 zMAEcy=0.241
  [seed 20260716] epoch   4 loss=0.4678 comp=0.4468 spF_r=0.674 zMAEcy=0.227
  [seed 20260717] epoch   4 loss=0.4047 comp=0.4838 spF_r=0.693 zMAEcy=0.209
  [seed 20260718] epoch   4 loss=0.4244 comp=0.4201 spF_r=0.685 zMAEcy=0.265
  [seed 20260719] epoch   4 loss=0.4569 comp=0.3477 spF_r=0.607 zMAEcy=0.259
  [seed 20260720] epoch   4 loss=0.4065 comp=0.5158 spF_r=0.729 zMAEcy=0.213
  [seed 20260716] epoch   5 loss=0.4186 comp=0.4113 spF_r=0.692 zMAEcy=0.281
  [seed 20260717] epoch   5 loss=0.3896 comp=0.5001 spF_r=0.710 zMAEcy=0.209
  [seed 20260718] epoch   5 loss=0.4075 comp=0.4655 spF_r=0.712 zMAEcy=0.247
  [seed 20260719] epoch   5 loss=0.4153 comp=0.4438 spF_r=0.657 zMAEcy=0.213
  [seed 20260720] epoch   5 loss=0.3900 comp=0.5183 spF_r=0.723 zMAEcy=0.205
== markers ==
none
== rc ==
none
== heartbeat ==
age_s=2
== tmux ==
lpopt_20260721_073328: 1 windows (created Tue Jul 21 07:33:24 2026) [80x24]
== log tail ==
  [seed 20260716] epoch   6 loss=0.4103 comp=0.4877 spF_r=0.708 zMAEcy=0.220
  [seed 20260717] epoch   6 loss=0.3672 comp=0.5224 spF_r=0.723 zMAEcy=0.200
  [seed 20260718] epoch   6 loss=0.3839 comp=0.5413 spF_r=0.738 zMAEcy=0.197
  [seed 20260719] epoch   6 loss=0.3850 comp=0.4636 spF_r=0.694 zMAEcy=0.230
  [seed 20260720] epoch   6 loss=0.3680 comp=0.5500 spF_r=0.758 zMAEcy=0.208
  [seed 20260716] epoch   7 loss=0.3794 comp=0.5148 spF_r=0.721 zMAEcy=0.206
  [seed 20260717] epoch   7 loss=0.3525 comp=0.5320 spF_r=0.736 zMAEcy=0.204
  [seed 20260718] epoch   7 loss=0.3603 comp=0.5418 spF_r=0.739 zMAEcy=0.198
  [seed 20260719] epoch   7 loss=0.3707 comp=0.4668 spF_r=0.700 zMAEcy=0.233
  [seed 20260720] epoch   7 loss=0.3497 comp=0.5388 spF_r=0.754 zMAEcy=0.215
  [seed 20260716] epoch   8 loss=0.3691 comp=0.5258 spF_r=0.734 zMAEcy=0.208
  [seed 20260717] epoch   8 loss=0.3305 comp=0.5446 spF_r=0.740 zMAEcy=0.195
  [seed 20260718] epoch   8 loss=0.3395 comp=0.5481 spF_r=0.752 zMAEcy=0.204
  [seed 20260719] epoch   8 loss=0.3513 comp=0.5185 spF_r=0.722 zMAEcy=0.204
  [seed 20260720] epoch   8 loss=0.3362 comp=0.5707 spF_r=0.769 zMAEcy=0.199
  [seed 20260716] epoch   9 loss=0.3634 comp=0.5313 spF_r=0.750 zMAEcy=0.219
  [seed 20260717] epoch   9 loss=0.3075 comp=0.5383 spF_r=0.750 zMAEcy=0.212
  [seed 20260718] epoch   9 loss=0.3213 comp=0.5524 spF_r=0.762 zMAEcy=0.210
  [seed 20260719] epoch   9 loss=0.3299 comp=0.5150 spF_r=0.717 zMAEcy=0.202
  [seed 20260720] epoch   9 loss=0.3218 comp=0.5594 spF_r=0.767 zMAEcy=0.208
== markers ==
none
== rc ==
none
== heartbeat ==
age_s=2
== tmux ==
lpopt_20260721_073328: 1 windows (created Tue Jul 21 07:33:24 2026) [80x24]
== log tail ==
  [seed 20260716] epoch  10 loss=0.3384 comp=0.4659 spF_r=0.746 zMAEcy=0.280
  [seed 20260717] epoch  10 loss=0.2833 comp=0.5493 spF_r=0.749 zMAEcy=0.200
  [seed 20260718] epoch  10 loss=0.3039 comp=0.5703 spF_r=0.762 zMAEcy=0.192
  [seed 20260719] epoch  10 loss=0.3146 comp=0.5435 spF_r=0.743 zMAEcy=0.200
  [seed 20260720] epoch  10 loss=0.3092 comp=0.5670 spF_r=0.775 zMAEcy=0.208
  [seed 20260716] epoch  11 loss=0.3556 comp=0.5570 spF_r=0.760 zMAEcy=0.203
  [seed 20260717] epoch  11 loss=0.2773 comp=0.5634 spF_r=0.741 zMAEcy=0.178
  [seed 20260718] epoch  11 loss=0.2775 comp=0.5474 spF_r=0.762 zMAEcy=0.215
  [seed 20260719] epoch  11 loss=0.2930 comp=0.4493 spF_r=0.750 zMAEcy=0.300
  [seed 20260720] epoch  11 loss=0.2736 comp=0.5962 spF_r=0.774 zMAEcy=0.178
  [seed 20260716] epoch  12 loss=0.3104 comp=0.5687 spF_r=0.770 zMAEcy=0.201
  [seed 20260717] epoch  12 loss=0.2505 comp=0.4951 spF_r=0.746 zMAEcy=0.251
  [seed 20260718] epoch  12 loss=0.2636 comp=0.5267 spF_r=0.762 zMAEcy=0.236
  [seed 20260719] epoch  12 loss=0.2586 comp=0.5193 spF_r=0.750 zMAEcy=0.230
  [seed 20260720] epoch  12 loss=0.2707 comp=0.4807 spF_r=0.767 zMAEcy=0.286
  [seed 20260716] epoch  13 loss=0.3022 comp=0.5844 spF_r=0.766 zMAEcy=0.181
  [seed 20260717] epoch  13 loss=0.2111 comp=0.5532 spF_r=0.761 zMAEcy=0.208
  [seed 20260718] epoch  13 loss=0.2387 comp=0.5702 spF_r=0.770 zMAEcy=0.199
  [seed 20260719] epoch  13 loss=0.2560 comp=0.5297 spF_r=0.748 zMAEcy=0.219
  [seed 20260720] epoch  13 loss=0.2199 comp=0.5751 spF_r=0.778 zMAEcy=0.203
== markers ==
none
== rc ==
none
== heartbeat ==
age_s=2
== tmux ==
lpopt_20260721_073328: 1 windows (created Tue Jul 21 07:33:24 2026) [80x24]
== log tail ==
  [seed 20260716] epoch  14 loss=0.2753 comp=0.5852 spF_r=0.775 zMAEcy=0.190
  [seed 20260717] epoch  14 loss=0.2235 comp=0.5541 spF_r=0.750 zMAEcy=0.196
  [seed 20260718] epoch  14 loss=0.2015 comp=0.5771 spF_r=0.771 zMAEcy=0.194
  [seed 20260719] epoch  14 loss=0.2102 comp=0.5787 spF_r=0.778 zMAEcy=0.199
  [seed 20260720] epoch  14 loss=0.2274 comp=0.5721 spF_r=0.785 zMAEcy=0.213
  [seed 20260716] epoch  15 loss=0.2624 comp=0.5297 spF_r=0.765 zMAEcy=0.235
  [seed 20260717] epoch  15 loss=0.1792 comp=0.5758 spF_r=0.763 zMAEcy=0.187
  [seed 20260718] epoch  15 loss=0.1891 comp=0.5845 spF_r=0.776 zMAEcy=0.192
  [seed 20260719] epoch  15 loss=0.1795 comp=0.6031 spF_r=0.780 zMAEcy=0.177
  [seed 20260720] epoch  15 loss=0.1849 comp=0.5593 spF_r=0.793 zMAEcy=0.234
  [seed 20260716] epoch  16 loss=0.2248 comp=0.5787 spF_r=0.771 zMAEcy=0.192
  [seed 20260717] epoch  16 loss=0.1582 comp=0.5896 spF_r=0.767 zMAEcy=0.177
  [seed 20260718] epoch  16 loss=0.1713 comp=0.5994 spF_r=0.783 zMAEcy=0.184
  [seed 20260719] epoch  16 loss=0.1706 comp=0.4976 spF_r=0.770 zMAEcy=0.272
  [seed 20260720] epoch  16 loss=0.1528 comp=0.6147 spF_r=0.795 zMAEcy=0.180
  [seed 20260716] epoch  17 loss=0.1929 comp=0.5899 spF_r=0.780 zMAEcy=0.190
  [seed 20260717] epoch  17 loss=0.1561 comp=0.5871 spF_r=0.759 zMAEcy=0.172
  [seed 20260718] epoch  17 loss=0.1735 comp=0.5754 spF_r=0.773 zMAEcy=0.198
  [seed 20260719] epoch  17 loss=0.1936 comp=0.5970 spF_r=0.776 zMAEcy=0.179
  [seed 20260720] epoch  17 loss=0.1484 comp=0.6213 spF_r=0.801 zMAEcy=0.180
== markers ==
none
== rc ==
none
== heartbeat ==
age_s=3
== tmux ==
lpopt_20260721_073328: 1 windows (created Tue Jul 21 07:33:24 2026) [80x24]
== log tail ==
  [seed 20260716] epoch  18 loss=0.2191 comp=0.5821 spF_r=0.762 zMAEcy=0.180
  [seed 20260717] epoch  18 loss=0.1572 comp=0.5410 spF_r=0.764 zMAEcy=0.223
  [seed 20260718] epoch  18 loss=0.1470 comp=0.6057 spF_r=0.788 zMAEcy=0.182
  [seed 20260719] epoch  18 loss=0.1446 comp=0.5174 spF_r=0.786 zMAEcy=0.269
  [seed 20260720] epoch  18 loss=0.1349 comp=0.6113 spF_r=0.804 zMAEcy=0.193
  [seed 20260716] epoch  19 loss=0.1775 comp=0.5882 spF_r=0.772 zMAEcy=0.183
  [seed 20260717] epoch  19 loss=0.1615 comp=0.6116 spF_r=0.776 zMAEcy=0.164
  [seed 20260718] epoch  19 loss=0.1264 comp=0.6087 spF_r=0.792 zMAEcy=0.184
  [seed 20260719] epoch  19 loss=0.1453 comp=0.5969 spF_r=0.776 zMAEcy=0.179
  [seed 20260720] epoch  19 loss=0.1260 comp=0.5981 spF_r=0.804 zMAEcy=0.206
  [seed 20260716] epoch  20 loss=0.1593 comp=0.6133 spF_r=0.785 zMAEcy=0.172
  [seed 20260717] epoch  20 loss=0.1135 comp=0.6134 spF_r=0.783 zMAEcy=0.170
  [seed 20260718] epoch  20 loss=0.1422 comp=0.5983 spF_r=0.787 zMAEcy=0.189
  [seed 20260719] epoch  20 loss=0.1334 comp=0.6132 spF_r=0.785 zMAEcy=0.171
  [seed 20260720] epoch  20 loss=0.1371 comp=0.6207 spF_r=0.809 zMAEcy=0.188
  [seed 20260716] epoch  21 loss=0.1380 comp=0.6099 spF_r=0.795 zMAEcy=0.185
  [seed 20260717] epoch  21 loss=0.0973 comp=0.6210 spF_r=0.791 zMAEcy=0.170
  [seed 20260718] epoch  21 loss=0.1412 comp=0.5682 spF_r=0.781 zMAEcy=0.213
  [seed 20260719] epoch  21 loss=0.1177 comp=0.6181 spF_r=0.796 zMAEcy=0.178
  [seed 20260720] epoch  21 loss=0.1336 comp=0.6143 spF_r=0.812 zMAEcy=0.198
== markers ==
none
== rc ==
none
== heartbeat ==
age_s=3
== tmux ==
lpopt_20260721_073328: 1 windows (created Tue Jul 21 07:33:24 2026) [80x24]
== log tail ==
  [seed 20260716] epoch  22 loss=0.1410 comp=0.6032 spF_r=0.790 zMAEcy=0.187
  [seed 20260717] epoch  22 loss=0.0921 comp=0.6132 spF_r=0.796 zMAEcy=0.182
  [seed 20260718] epoch  22 loss=0.1199 comp=0.6046 spF_r=0.790 zMAEcy=0.185
  [seed 20260719] epoch  22 loss=0.1226 comp=0.6251 spF_r=0.799 zMAEcy=0.174
  [seed 20260720] epoch  22 loss=0.1200 comp=0.6219 spF_r=0.808 zMAEcy=0.186
  [seed 20260716] epoch  23 loss=0.1398 comp=0.5612 spF_r=0.784 zMAEcy=0.223
  [seed 20260717] epoch  23 loss=0.0895 comp=0.6283 spF_r=0.797 zMAEcy=0.169
  [seed 20260718] epoch  23 loss=0.1002 comp=0.6068 spF_r=0.783 zMAEcy=0.177
  [seed 20260719] epoch  23 loss=0.1166 comp=0.6278 spF_r=0.792 zMAEcy=0.164
  [seed 20260720] epoch  23 loss=0.1023 comp=0.6445 spF_r=0.817 zMAEcy=0.172
  [seed 20260716] epoch  24 loss=0.1225 comp=0.5971 spF_r=0.791 zMAEcy=0.194
  [seed 20260717] epoch  24 loss=0.0778 comp=0.6470 spF_r=0.797 zMAEcy=0.150
  [seed 20260718] epoch  24 loss=0.1009 comp=0.6087 spF_r=0.787 zMAEcy=0.178
  [seed 20260719] epoch  24 loss=0.1012 comp=0.5881 spF_r=0.795 zMAEcy=0.207
  [seed 20260720] epoch  24 loss=0.0975 comp=0.6422 spF_r=0.822 zMAEcy=0.180
  [seed 20260716] epoch  25 loss=0.1260 comp=0.6273 spF_r=0.790 zMAEcy=0.163
  [seed 20260717] epoch  25 loss=0.0717 comp=0.6445 spF_r=0.799 zMAEcy=0.155
  [seed 20260718] epoch  25 loss=0.0997 comp=0.5897 spF_r=0.792 zMAEcy=0.203
  [seed 20260719] epoch  25 loss=0.0927 comp=0.6236 spF_r=0.806 zMAEcy=0.183
  [seed 20260720] epoch  25 loss=0.0865 comp=0.6246 spF_r=0.818 zMAEcy=0.193
== markers ==
none
== rc ==
none
== heartbeat ==
age_s=3
== tmux ==
lpopt_20260721_073328: 1 windows (created Tue Jul 21 07:33:24 2026) [80x24]
== log tail ==
  [seed 20260716] epoch  26 loss=0.1093 comp=0.6250 spF_r=0.796 zMAEcy=0.171
  [seed 20260717] epoch  26 loss=0.0672 comp=0.6370 spF_r=0.803 zMAEcy=0.166
  [seed 20260718] epoch  26 loss=0.1253 comp=0.6210 spF_r=0.795 zMAEcy=0.174
  [seed 20260719] epoch  26 loss=0.0834 comp=0.6554 spF_r=0.815 zMAEcy=0.160
  [seed 20260720] epoch  26 loss=0.0767 comp=0.6446 spF_r=0.828 zMAEcy=0.184
  [seed 20260716] epoch  27 loss=0.1569 comp=0.5903 spF_r=0.777 zMAEcy=0.186
  [seed 20260717] epoch  27 loss=0.0608 comp=0.6411 spF_r=0.794 zMAEcy=0.153
  [seed 20260718] epoch  27 loss=0.0932 comp=0.6277 spF_r=0.794 zMAEcy=0.166
  [seed 20260719] epoch  27 loss=0.0791 comp=0.6514 spF_r=0.817 zMAEcy=0.166
  [seed 20260720] epoch  27 loss=0.0689 comp=0.6738 spF_r=0.837 zMAEcy=0.163
  [seed 20260716] epoch  28 loss=0.1246 comp=0.6258 spF_r=0.797 zMAEcy=0.171
  [seed 20260717] epoch  28 loss=0.0597 comp=0.6333 spF_r=0.796 zMAEcy=0.163
  [seed 20260718] epoch  28 loss=0.0772 comp=0.6347 spF_r=0.797 zMAEcy=0.162
  [seed 20260719] epoch  28 loss=0.0707 comp=0.6540 spF_r=0.812 zMAEcy=0.158
  [seed 20260720] epoch  28 loss=0.0623 comp=0.6725 spF_r=0.834 zMAEcy=0.162
  [seed 20260716] epoch  29 loss=0.0957 comp=0.6397 spF_r=0.801 zMAEcy=0.162
  [seed 20260717] epoch  29 loss=0.0548 comp=0.6381 spF_r=0.794 zMAEcy=0.156
  [seed 20260718] epoch  29 loss=0.0685 comp=0.6307 spF_r=0.805 zMAEcy=0.174
  [seed 20260719] epoch  29 loss=0.0682 comp=0.6397 spF_r=0.817 zMAEcy=0.177
  [seed 20260720] epoch  29 loss=0.0566 comp=0.6707 spF_r=0.837 zMAEcy=0.167
== markers ==
none
== rc ==
none
== heartbeat ==
age_s=4
== tmux ==
lpopt_20260721_073328: 1 windows (created Tue Jul 21 07:33:24 2026) [80x24]
== log tail ==
  [seed 20260716] epoch  30 loss=0.0833 comp=0.6445 spF_r=0.806 zMAEcy=0.161
  [seed 20260717] epoch  30 loss=0.0539 comp=0.5780 spF_r=0.801 zMAEcy=0.223
  [seed 20260718] epoch  30 loss=0.0678 comp=0.5982 spF_r=0.807 zMAEcy=0.209
  [seed 20260719] epoch  30 loss=0.0670 comp=0.6523 spF_r=0.817 zMAEcy=0.165
  [seed 20260720] epoch  30 loss=0.0549 comp=0.6772 spF_r=0.838 zMAEcy=0.161
  [seed 20260716] epoch  31 loss=0.0767 comp=0.6503 spF_r=0.806 zMAEcy=0.156
  [seed 20260717] epoch  31 loss=0.0497 comp=0.6432 spF_r=0.796 zMAEcy=0.153
  [seed 20260718] epoch  31 loss=0.0620 comp=0.6141 spF_r=0.811 zMAEcy=0.197
  [seed 20260719] epoch  31 loss=0.0594 comp=0.6637 spF_r=0.824 zMAEcy=0.160
  [seed 20260720] epoch  31 loss=0.0516 comp=0.6697 spF_r=0.838 zMAEcy=0.168
  [seed 20260716] epoch  32 loss=0.0719 comp=0.6425 spF_r=0.801 zMAEcy=0.158
  [seed 20260717] epoch  32 loss=0.0437 comp=0.6120 spF_r=0.804 zMAEcy=0.192
  [seed 20260718] epoch  32 loss=0.0566 comp=0.6424 spF_r=0.803 zMAEcy=0.161
  [seed 20260719] epoch  32 loss=0.0591 comp=0.6674 spF_r=0.823 zMAEcy=0.156
  [seed 20260720] epoch  32 loss=0.0503 comp=0.6681 spF_r=0.837 zMAEcy=0.169
  [seed 20260716] epoch  33 loss=0.0655 comp=0.6471 spF_r=0.799 zMAEcy=0.152
  [seed 20260717] epoch  33 loss=0.0438 comp=0.6378 spF_r=0.800 zMAEcy=0.162
  [seed 20260718] epoch  33 loss=0.0531 comp=0.6385 spF_r=0.807 zMAEcy=0.168
  [seed 20260719] epoch  33 loss=0.0545 comp=0.6696 spF_r=0.827 zMAEcy=0.157
  [seed 20260720] epoch  33 loss=0.0472 comp=0.6654 spF_r=0.837 zMAEcy=0.172
== markers ==
none
== rc ==
none
== heartbeat ==
age_s=4
== tmux ==
lpopt_20260721_073328: 1 windows (created Tue Jul 21 07:33:24 2026) [80x24]
== log tail ==
  [seed 20260716] epoch  34 loss=0.0624 comp=0.6528 spF_r=0.805 zMAEcy=0.153
  [seed 20260717] epoch  34 loss=0.0416 comp=0.6514 spF_r=0.804 zMAEcy=0.153
  [seed 20260718] epoch  34 loss=0.0509 comp=0.6559 spF_r=0.814 zMAEcy=0.158
  [seed 20260719] epoch  34 loss=0.0551 comp=0.6646 spF_r=0.830 zMAEcy=0.165
  [seed 20260720] epoch  34 loss=0.0441 comp=0.6704 spF_r=0.841 zMAEcy=0.171
  [seed 20260716] epoch  35 loss=0.0631 comp=0.6507 spF_r=0.809 zMAEcy=0.158
  [seed 20260717] epoch  35 loss=0.0396 comp=0.6493 spF_r=0.806 zMAEcy=0.157
  [seed 20260718] epoch  35 loss=0.0491 comp=0.6570 spF_r=0.812 zMAEcy=0.155
  [seed 20260719] epoch  35 loss=0.0506 comp=0.6514 spF_r=0.825 zMAEcy=0.174
  [seed 20260720] epoch  35 loss=0.0443 comp=0.6566 spF_r=0.839 zMAEcy=0.183
  [seed 20260716] epoch  36 loss=0.0573 comp=0.6158 spF_r=0.807 zMAEcy=0.191
  [seed 20260717] epoch  36 loss=0.0396 comp=0.6547 spF_r=0.805 zMAEcy=0.150
  [seed 20260718] epoch  36 loss=0.0503 comp=0.6492 spF_r=0.808 zMAEcy=0.159
  [seed 20260719] epoch  36 loss=0.0487 comp=0.6563 spF_r=0.827 zMAEcy=0.170
  [seed 20260720] epoch  36 loss=0.0404 comp=0.6495 spF_r=0.835 zMAEcy=0.185
  [seed 20260716] epoch  37 loss=0.0545 comp=0.6637 spF_r=0.817 zMAEcy=0.153
  [seed 20260717] epoch  37 loss=0.0409 comp=0.6541 spF_r=0.806 zMAEcy=0.152
  [seed 20260718] epoch  37 loss=0.0462 comp=0.6504 spF_r=0.809 zMAEcy=0.159
  [seed 20260719] epoch  37 loss=0.0467 comp=0.6523 spF_r=0.829 zMAEcy=0.177
  [seed 20260720] epoch  37 loss=0.0417 comp=0.6398 spF_r=0.842 zMAEcy=0.202
== markers ==
none
== rc ==
none
== heartbeat ==
age_s=4
== tmux ==
lpopt_20260721_073328: 1 windows (created Tue Jul 21 07:33:24 2026) [80x24]
== log tail ==
  [seed 20260716] epoch  38 loss=0.0522 comp=0.6487 spF_r=0.812 zMAEcy=0.163
  [seed 20260717] epoch  38 loss=0.0364 comp=0.6257 spF_r=0.805 zMAEcy=0.180
  [seed 20260718] epoch  38 loss=0.0417 comp=0.6419 spF_r=0.812 zMAEcy=0.170
  [seed 20260719] epoch  38 loss=0.0457 comp=0.6747 spF_r=0.833 zMAEcy=0.158
  [seed 20260720] epoch  38 loss=0.0390 comp=0.6582 spF_r=0.841 zMAEcy=0.183
  [seed 20260716] epoch  39 loss=0.0502 comp=0.6633 spF_r=0.819 zMAEcy=0.155
  [seed 20260717] epoch  39 loss=0.0351 comp=0.6450 spF_r=0.804 zMAEcy=0.159
  [seed 20260718] epoch  39 loss=0.0413 comp=0.6524 spF_r=0.813 zMAEcy=0.161
  [seed 20260719] epoch  39 loss=0.0415 comp=0.6791 spF_r=0.832 zMAEcy=0.153
  [seed 20260720] epoch  39 loss=0.0376 comp=0.6341 spF_r=0.841 zMAEcy=0.207
  [seed 20260716] epoch  40 loss=0.0480 comp=0.6555 spF_r=0.811 zMAEcy=0.156
  [seed 20260717] epoch  40 loss=0.0322 comp=0.6564 spF_r=0.808 zMAEcy=0.152
  [seed 20260718] epoch  40 loss=0.0390 comp=0.6440 spF_r=0.813 zMAEcy=0.169
  [seed 20260719] epoch  40 loss=0.0464 comp=0.6739 spF_r=0.831 zMAEcy=0.157
  [seed 20260720] epoch  40 loss=0.0354 comp=0.6503 spF_r=0.847 zMAEcy=0.196
  [seed 20260716] epoch  41 loss=0.0477 comp=0.6414 spF_r=0.819 zMAEcy=0.178
  [seed 20260717] epoch  41 loss=0.0317 comp=0.6541 spF_r=0.810 zMAEcy=0.156
  [seed 20260718] epoch  41 loss=0.0383 comp=0.6557 spF_r=0.814 zMAEcy=0.158
  [seed 20260719] epoch  41 loss=0.0423 comp=0.6740 spF_r=0.838 zMAEcy=0.164
  [seed 20260720] epoch  41 loss=0.0352 comp=0.6754 spF_r=0.842 zMAEcy=0.166
== markers ==
none
== rc ==
none
== heartbeat ==
age_s=5
== tmux ==
lpopt_20260721_073328: 1 windows (created Tue Jul 21 07:33:24 2026) [80x24]
== log tail ==
  [seed 20260717] epoch  41 loss=0.0317 comp=0.6541 spF_r=0.810 zMAEcy=0.156
  [seed 20260718] epoch  41 loss=0.0383 comp=0.6557 spF_r=0.814 zMAEcy=0.158
  [seed 20260719] epoch  41 loss=0.0423 comp=0.6740 spF_r=0.838 zMAEcy=0.164
  [seed 20260720] epoch  41 loss=0.0352 comp=0.6754 spF_r=0.842 zMAEcy=0.166
  [seed 20260716] epoch  42 loss=0.0449 comp=0.6368 spF_r=0.818 zMAEcy=0.181
  [seed 20260717] epoch  42 loss=0.0320 comp=0.6534 spF_r=0.813 zMAEcy=0.159
  [seed 20260718] epoch  42 loss=0.0385 comp=0.6305 spF_r=0.812 zMAEcy=0.182
  [seed 20260719] epoch  42 loss=0.0401 comp=0.6803 spF_r=0.837 zMAEcy=0.156
  [seed 20260720] epoch  42 loss=0.0347 comp=0.6603 spF_r=0.847 zMAEcy=0.187
  [seed 20260716] epoch  43 loss=0.0470 comp=0.6243 spF_r=0.812 zMAEcy=0.188
  [seed 20260717] epoch  43 loss=0.0305 comp=0.6526 spF_r=0.811 zMAEcy=0.158
  [seed 20260718] epoch  43 loss=0.0380 comp=0.6457 spF_r=0.813 zMAEcy=0.167
  [seed 20260719] epoch  43 loss=0.0379 comp=0.6806 spF_r=0.839 zMAEcy=0.159
  [seed 20260720] epoch  43 loss=0.0347 comp=0.6714 spF_r=0.839 zMAEcy=0.168
  [seed 20260716] epoch  44 loss=0.0428 comp=0.6621 spF_r=0.817 zMAEcy=0.155
  [seed 20260717] epoch  44 loss=0.0309 comp=0.6595 spF_r=0.810 zMAEcy=0.151
  [seed 20260718] epoch  44 loss=0.0366 comp=0.6534 spF_r=0.814 zMAEcy=0.161
  [seed 20260719] epoch  44 loss=0.0377 comp=0.6509 spF_r=0.835 zMAEcy=0.184
  [seed 20260720] epoch  44 loss=0.0318 comp=0.6778 spF_r=0.842 zMAEcy=0.164
  [seed 20260716] epoch  45 loss=0.0388 comp=0.6594 spF_r=0.816 zMAEcy=0.156
== markers ==
none
== rc ==
none
== heartbeat ==
age_s=5
== tmux ==
lpopt_20260721_073328: 1 windows (created Tue Jul 21 07:33:24 2026) [80x24]
== log tail ==
  [seed 20260716] epoch  45 loss=0.0388 comp=0.6594 spF_r=0.816 zMAEcy=0.156
  [seed 20260717] epoch  45 loss=0.0304 comp=0.6595 spF_r=0.810 zMAEcy=0.150
  [seed 20260718] epoch  45 loss=0.0357 comp=0.6550 spF_r=0.816 zMAEcy=0.161
  [seed 20260719] epoch  45 loss=0.0355 comp=0.6887 spF_r=0.840 zMAEcy=0.151
  [seed 20260720] epoch  45 loss=0.0302 comp=0.6738 spF_r=0.840 zMAEcy=0.166
  [seed 20260716] epoch  46 loss=0.0371 comp=0.6591 spF_r=0.816 zMAEcy=0.157
  [seed 20260717] epoch  46 loss=0.0294 comp=0.6428 spF_r=0.817 zMAEcy=0.174
  [seed 20260718] epoch  46 loss=0.0327 comp=0.6373 spF_r=0.810 zMAEcy=0.172
  [seed 20260719] epoch  46 loss=0.0335 comp=0.6857 spF_r=0.841 zMAEcy=0.155
  [seed 20260720] epoch  46 loss=0.0310 comp=0.6570 spF_r=0.842 zMAEcy=0.185
  [seed 20260716] epoch  47 loss=0.0357 comp=0.6648 spF_r=0.821 zMAEcy=0.156
  [seed 20260717] epoch  47 loss=0.0291 comp=0.6687 spF_r=0.818 zMAEcy=0.150
  [seed 20260718] epoch  47 loss=0.0317 comp=0.6530 spF_r=0.816 zMAEcy=0.163
  [seed 20260719] epoch  47 loss=0.0341 comp=0.6907 spF_r=0.839 zMAEcy=0.148
  [seed 20260720] epoch  47 loss=0.0303 comp=0.6702 spF_r=0.840 zMAEcy=0.170
  [seed 20260716] epoch  48 loss=0.0365 comp=0.6550 spF_r=0.813 zMAEcy=0.158
  [seed 20260717] epoch  48 loss=0.0267 comp=0.6689 spF_r=0.816 zMAEcy=0.148
  [seed 20260718] epoch  48 loss=0.0306 comp=0.6591 spF_r=0.816 zMAEcy=0.157
  [seed 20260719] epoch  48 loss=0.0329 comp=0.6651 spF_r=0.841 zMAEcy=0.176
  [seed 20260720] epoch  48 loss=0.0292 comp=0.6773 spF_r=0.841 zMAEcy=0.164
== markers ==
none
== rc ==
none
== heartbeat ==
age_s=5
== tmux ==
lpopt_20260721_073328: 1 windows (created Tue Jul 21 07:33:24 2026) [80x24]
== log tail ==
  [seed 20260716] epoch  49 loss=0.0359 comp=0.6597 spF_r=0.821 zMAEcy=0.162
  [seed 20260717] epoch  49 loss=0.0272 comp=0.6613 spF_r=0.816 zMAEcy=0.155
  [seed 20260718] epoch  49 loss=0.0294 comp=0.6257 spF_r=0.812 zMAEcy=0.187
  [seed 20260719] epoch  49 loss=0.0340 comp=0.6825 spF_r=0.839 zMAEcy=0.156
  [seed 20260720] epoch  49 loss=0.0284 comp=0.6757 spF_r=0.844 zMAEcy=0.168
  [seed 20260716] epoch  50 loss=0.0327 comp=0.6706 spF_r=0.825 zMAEcy=0.154
  [seed 20260717] epoch  50 loss=0.0274 comp=0.6669 spF_r=0.818 zMAEcy=0.151
  [seed 20260718] epoch  50 loss=0.0306 comp=0.6428 spF_r=0.813 zMAEcy=0.171
  [seed 20260719] epoch  50 loss=0.0332 comp=0.6740 spF_r=0.846 zMAEcy=0.172
  [seed 20260720] epoch  50 loss=0.0281 comp=0.6800 spF_r=0.844 zMAEcy=0.164
  [seed 20260716] epoch  51 loss=0.0312 comp=0.6649 spF_r=0.827 zMAEcy=0.162
  [seed 20260717] epoch  51 loss=0.0270 comp=0.6667 spF_r=0.816 zMAEcy=0.150
  [seed 20260718] epoch  51 loss=0.0300 comp=0.6522 spF_r=0.815 zMAEcy=0.163
  [seed 20260719] epoch  51 loss=0.0310 comp=0.6867 spF_r=0.839 zMAEcy=0.152
  [seed 20260720] epoch  51 loss=0.0279 comp=0.6722 spF_r=0.845 zMAEcy=0.172
  [seed 20260716] epoch  52 loss=0.0326 comp=0.6746 spF_r=0.826 zMAEcy=0.152
  [seed 20260717] epoch  52 loss=0.0251 comp=0.6629 spF_r=0.818 zMAEcy=0.155
  [seed 20260718] epoch  52 loss=0.0302 comp=0.6517 spF_r=0.814 zMAEcy=0.162
  [seed 20260719] epoch  52 loss=0.0325 comp=0.6863 spF_r=0.844 zMAEcy=0.158
  [seed 20260720] epoch  52 loss=0.0278 comp=0.6766 spF_r=0.841 zMAEcy=0.164
== markers ==
none
== rc ==
none
== heartbeat ==
age_s=5
== tmux ==
lpopt_20260721_073328: 1 windows (created Tue Jul 21 07:33:24 2026) [80x24]
== log tail ==
  [seed 20260716] epoch  53 loss=0.0301 comp=0.6645 spF_r=0.829 zMAEcy=0.165
  [seed 20260717] epoch  53 loss=0.0253 comp=0.6654 spF_r=0.813 zMAEcy=0.147
  [seed 20260718] epoch  53 loss=0.0305 comp=0.6549 spF_r=0.813 zMAEcy=0.158
  [seed 20260719] epoch  53 loss=0.0292 comp=0.6989 spF_r=0.849 zMAEcy=0.150
  [seed 20260720] epoch  53 loss=0.0283 comp=0.6794 spF_r=0.848 zMAEcy=0.169
  [seed 20260716] epoch  54 loss=0.0296 comp=0.6654 spF_r=0.823 zMAEcy=0.158
  [seed 20260717] epoch  54 loss=0.0239 comp=0.6584 spF_r=0.815 zMAEcy=0.157
  [seed 20260718] epoch  54 loss=0.0281 comp=0.6552 spF_r=0.815 zMAEcy=0.159
  [seed 20260719] epoch  54 loss=0.0293 comp=0.6916 spF_r=0.846 zMAEcy=0.154
  [seed 20260720] epoch  54 loss=0.0269 comp=0.6767 spF_r=0.848 zMAEcy=0.172
  [seed 20260716] epoch  55 loss=0.0293 comp=0.6699 spF_r=0.833 zMAEcy=0.163
  [seed 20260717] epoch  55 loss=0.0244 comp=0.6686 spF_r=0.821 zMAEcy=0.152
  [seed 20260718] epoch  55 loss=0.0272 comp=0.6572 spF_r=0.813 zMAEcy=0.156
  [seed 20260719] epoch  55 loss=0.0285 comp=0.6939 spF_r=0.843 zMAEcy=0.149
  [seed 20260720] epoch  55 loss=0.0268 comp=0.6749 spF_r=0.846 zMAEcy=0.171
  [seed 20260716] epoch  56 loss=0.0291 comp=0.6707 spF_r=0.830 zMAEcy=0.160
  [seed 20260717] epoch  56 loss=0.0234 comp=0.6742 spF_r=0.822 zMAEcy=0.148
  [seed 20260718] epoch  56 loss=0.0266 comp=0.6602 spF_r=0.817 zMAEcy=0.157
  [seed 20260719] epoch  56 loss=0.0289 comp=0.6827 spF_r=0.842 zMAEcy=0.159
  [seed 20260720] epoch  56 loss=0.0249 comp=0.6767 spF_r=0.845 zMAEcy=0.169
== markers ==
none
== rc ==
none
== heartbeat ==
age_s=6
== tmux ==
lpopt_20260721_073328: 1 windows (created Tue Jul 21 07:33:24 2026) [80x24]
== log tail ==
  [seed 20260716] epoch  57 loss=0.0288 comp=0.6759 spF_r=0.833 zMAEcy=0.157
  [seed 20260717] epoch  57 loss=0.0238 comp=0.6711 spF_r=0.821 zMAEcy=0.150
  [seed 20260718] epoch  57 loss=0.0265 comp=0.6628 spF_r=0.817 zMAEcy=0.155
  [seed 20260719] epoch  57 loss=0.0286 comp=0.6758 spF_r=0.842 zMAEcy=0.166
  [seed 20260720] epoch  57 loss=0.0257 comp=0.6861 spF_r=0.849 zMAEcy=0.163
  [seed 20260716] epoch  58 loss=0.0282 comp=0.6735 spF_r=0.836 zMAEcy=0.163
  [seed 20260717] epoch  58 loss=0.0220 comp=0.6710 spF_r=0.822 zMAEcy=0.151
  [seed 20260718] epoch  58 loss=0.0262 comp=0.6616 spF_r=0.816 zMAEcy=0.154
  [seed 20260719] epoch  58 loss=0.0267 comp=0.6623 spF_r=0.847 zMAEcy=0.185
  [seed 20260720] epoch  58 loss=0.0258 comp=0.6842 spF_r=0.849 zMAEcy=0.165
  [seed 20260716] epoch  59 loss=0.0274 comp=0.6813 spF_r=0.836 zMAEcy=0.154
  [seed 20260717] epoch  59 loss=0.0225 comp=0.6689 spF_r=0.819 zMAEcy=0.151
  [seed 20260718] epoch  59 loss=0.0246 comp=0.6600 spF_r=0.819 zMAEcy=0.159
  [seed 20260719] epoch  59 loss=0.0281 comp=0.6979 spF_r=0.845 zMAEcy=0.147
  [seed 20260720] epoch  59 loss=0.0246 comp=0.6891 spF_r=0.847 zMAEcy=0.158
  [seed 20260716] epoch  60 loss=0.0276 comp=0.6835 spF_r=0.839 zMAEcy=0.155
  [seed 20260717] epoch  60 loss=0.0219 comp=0.6508 spF_r=0.823 zMAEcy=0.172
  [seed 20260718] epoch  60 loss=0.0258 comp=0.6646 spF_r=0.822 zMAEcy=0.157
  [seed 20260719] epoch  60 loss=0.0245 comp=0.6967 spF_r=0.847 zMAEcy=0.150
  [seed 20260720] epoch  60 loss=0.0235 comp=0.6692 spF_r=0.846 zMAEcy=0.177
== markers ==
none
== rc ==
none
== heartbeat ==
age_s=6
== tmux ==
lpopt_20260721_073328: 1 windows (created Tue Jul 21 07:33:24 2026) [80x24]
== log tail ==
  [seed 20260716] epoch  61 loss=0.0274 comp=0.6633 spF_r=0.837 zMAEcy=0.174
  [seed 20260717] epoch  61 loss=0.0232 comp=0.6723 spF_r=0.821 zMAEcy=0.149
  [seed 20260718] epoch  61 loss=0.0245 comp=0.6613 spF_r=0.821 zMAEcy=0.159
  [seed 20260719] epoch  61 loss=0.0254 comp=0.6912 spF_r=0.846 zMAEcy=0.155
  [seed 20260720] epoch  61 loss=0.0224 comp=0.6853 spF_r=0.850 zMAEcy=0.165
  [seed 20260716] epoch  62 loss=0.0269 comp=0.6713 spF_r=0.835 zMAEcy=0.163
  [seed 20260717] epoch  62 loss=0.0224 comp=0.6707 spF_r=0.819 zMAEcy=0.149
  [seed 20260718] epoch  62 loss=0.0233 comp=0.6660 spF_r=0.822 zMAEcy=0.156
  [seed 20260719] epoch  62 loss=0.0244 comp=0.6980 spF_r=0.845 zMAEcy=0.147
  [seed 20260720] epoch  62 loss=0.0230 comp=0.6765 spF_r=0.843 zMAEcy=0.167
  [seed 20260716] epoch  63 loss=0.0254 comp=0.6757 spF_r=0.830 zMAEcy=0.154
  [seed 20260717] epoch  63 loss=0.0213 comp=0.6707 spF_r=0.821 zMAEcy=0.150
  [seed 20260718] epoch  63 loss=0.0233 comp=0.6605 spF_r=0.819 zMAEcy=0.158
  [seed 20260719] epoch  63 loss=0.0251 comp=0.6984 spF_r=0.845 zMAEcy=0.147
  [seed 20260720] epoch  63 loss=0.0211 comp=0.6860 spF_r=0.846 zMAEcy=0.160
  [seed 20260716] epoch  64 loss=0.0253 comp=0.6754 spF_r=0.831 zMAEcy=0.155
  [seed 20260717] epoch  64 loss=0.0207 comp=0.6730 spF_r=0.823 zMAEcy=0.150
  [seed 20260718] epoch  64 loss=0.0239 comp=0.6585 spF_r=0.823 zMAEcy=0.164
  [seed 20260719] epoch  64 loss=0.0245 comp=0.6928 spF_r=0.846 zMAEcy=0.153
  [seed 20260720] epoch  64 loss=0.0227 comp=0.6641 spF_r=0.842 zMAEcy=0.178
== markers ==
none
== rc ==
none
== heartbeat ==
age_s=6
== tmux ==
lpopt_20260721_073328: 1 windows (created Tue Jul 21 07:33:24 2026) [80x24]
== log tail ==
  [seed 20260716] epoch  65 loss=0.0251 comp=0.6800 spF_r=0.837 zMAEcy=0.157
  [seed 20260717] epoch  65 loss=0.0204 comp=0.6708 spF_r=0.823 zMAEcy=0.152
  [seed 20260718] epoch  65 loss=0.0230 comp=0.6600 spF_r=0.814 zMAEcy=0.154
  [seed 20260719] epoch  65 loss=0.0235 comp=0.6981 spF_r=0.846 zMAEcy=0.148
  [seed 20260720] epoch  65 loss=0.0222 comp=0.6806 spF_r=0.845 zMAEcy=0.165
  [seed 20260716] epoch  66 loss=0.0229 comp=0.6803 spF_r=0.833 zMAEcy=0.153
  [seed 20260717] epoch  66 loss=0.0196 comp=0.6769 spF_r=0.826 zMAEcy=0.149
  [seed 20260718] epoch  66 loss=0.0227 comp=0.6558 spF_r=0.816 zMAEcy=0.160
  [seed 20260719] epoch  66 loss=0.0228 comp=0.6918 spF_r=0.847 zMAEcy=0.155
  [seed 20260720] epoch  66 loss=0.0220 comp=0.6699 spF_r=0.846 zMAEcy=0.176
  [seed 20260716] epoch  67 loss=0.0231 comp=0.6818 spF_r=0.834 zMAEcy=0.153
  [seed 20260717] epoch  67 loss=0.0208 comp=0.6729 spF_r=0.821 zMAEcy=0.148
  [seed 20260718] epoch  67 loss=0.0223 comp=0.6589 spF_r=0.813 zMAEcy=0.154
  [seed 20260719] epoch  67 loss=0.0233 comp=0.7037 spF_r=0.849 zMAEcy=0.145
  [seed 20260720] epoch  67 loss=0.0211 comp=0.6855 spF_r=0.845 zMAEcy=0.159
  [seed 20260716] epoch  68 loss=0.0231 comp=0.6690 spF_r=0.840 zMAEcy=0.171
  [seed 20260717] epoch  68 loss=0.0198 comp=0.6786 spF_r=0.822 zMAEcy=0.144
  [seed 20260718] epoch  68 loss=0.0221 comp=0.6603 spF_r=0.820 zMAEcy=0.160
  [seed 20260719] epoch  68 loss=0.0218 comp=0.6895 spF_r=0.844 zMAEcy=0.155
  [seed 20260720] epoch  68 loss=0.0212 comp=0.6838 spF_r=0.848 zMAEcy=0.164
== markers ==
none
== rc ==
none
== heartbeat ==
age_s=7
== tmux ==
lpopt_20260721_073328: 1 windows (created Tue Jul 21 07:33:24 2026) [80x24]
== log tail ==
  [seed 20260716] epoch  69 loss=0.0231 comp=0.6838 spF_r=0.839 zMAEcy=0.155
  [seed 20260717] epoch  69 loss=0.0196 comp=0.6733 spF_r=0.827 zMAEcy=0.154
  [seed 20260718] epoch  69 loss=0.0223 comp=0.6616 spF_r=0.822 zMAEcy=0.160
  [seed 20260719] epoch  69 loss=0.0222 comp=0.6863 spF_r=0.847 zMAEcy=0.161
  [seed 20260720] epoch  69 loss=0.0210 comp=0.6846 spF_r=0.844 zMAEcy=0.159
  [seed 20260716] epoch  70 loss=0.0213 comp=0.6822 spF_r=0.844 zMAEcy=0.162
  [seed 20260717] epoch  70 loss=0.0196 comp=0.6710 spF_r=0.824 zMAEcy=0.153
  [seed 20260718] epoch  70 loss=0.0219 comp=0.6696 spF_r=0.823 zMAEcy=0.153
  [seed 20260719] epoch  70 loss=0.0219 comp=0.6974 spF_r=0.848 zMAEcy=0.150
  [seed 20260720] epoch  70 loss=0.0202 comp=0.6662 spF_r=0.846 zMAEcy=0.180
  [seed 20260716] epoch  71 loss=0.0227 comp=0.6763 spF_r=0.839 zMAEcy=0.163
  [seed 20260717] epoch  71 loss=0.0190 comp=0.6718 spF_r=0.823 zMAEcy=0.151
  [seed 20260718] epoch  71 loss=0.0207 comp=0.6581 spF_r=0.820 zMAEcy=0.162
  [seed 20260719] epoch  71 loss=0.0223 comp=0.7056 spF_r=0.848 zMAEcy=0.143
  [seed 20260720] epoch  71 loss=0.0200 comp=0.6868 spF_r=0.847 zMAEcy=0.161
  [seed 20260716] epoch  72 loss=0.0220 comp=0.6861 spF_r=0.842 zMAEcy=0.156
  [seed 20260717] epoch  72 loss=0.0187 comp=0.6735 spF_r=0.820 zMAEcy=0.146
  [seed 20260718] epoch  72 loss=0.0210 comp=0.6533 spF_r=0.823 zMAEcy=0.169
  [seed 20260719] epoch  72 loss=0.0207 comp=0.6999 spF_r=0.848 zMAEcy=0.148
  [seed 20260720] epoch  72 loss=0.0196 comp=0.6673 spF_r=0.848 zMAEcy=0.181
== markers ==
none
== rc ==
none
== heartbeat ==
age_s=7
== tmux ==
lpopt_20260721_073328: 1 windows (created Tue Jul 21 07:33:24 2026) [80x24]
== log tail ==
  [seed 20260716] epoch  73 loss=0.0214 comp=0.6835 spF_r=0.843 zMAEcy=0.159
  [seed 20260717] epoch  73 loss=0.0175 comp=0.6816 spF_r=0.827 zMAEcy=0.146
  [seed 20260718] epoch  73 loss=0.0198 comp=0.6684 spF_r=0.826 zMAEcy=0.158
  [seed 20260719] epoch  73 loss=0.0206 comp=0.7011 spF_r=0.846 zMAEcy=0.145
  [seed 20260720] epoch  73 loss=0.0186 comp=0.6905 spF_r=0.847 zMAEcy=0.157
  [seed 20260716] epoch  74 loss=0.0202 comp=0.6829 spF_r=0.838 zMAEcy=0.155
  [seed 20260717] epoch  74 loss=0.0174 comp=0.6812 spF_r=0.826 zMAEcy=0.145
  [seed 20260718] epoch  74 loss=0.0201 comp=0.6738 spF_r=0.826 zMAEcy=0.153
  [seed 20260719] epoch  74 loss=0.0205 comp=0.6819 spF_r=0.845 zMAEcy=0.164
  [seed 20260720] epoch  74 loss=0.0194 comp=0.6906 spF_r=0.847 zMAEcy=0.157
  [seed 20260716] epoch  75 loss=0.0205 comp=0.6904 spF_r=0.842 zMAEcy=0.152
  [seed 20260717] epoch  75 loss=0.0176 comp=0.6835 spF_r=0.828 zMAEcy=0.144
  [seed 20260718] epoch  75 loss=0.0198 comp=0.6739 spF_r=0.827 zMAEcy=0.153
  [seed 20260719] epoch  75 loss=0.0204 comp=0.7069 spF_r=0.850 zMAEcy=0.143
  [seed 20260720] epoch  75 loss=0.0186 comp=0.6899 spF_r=0.847 zMAEcy=0.157
  [seed 20260716] epoch  76 loss=0.0203 comp=0.6855 spF_r=0.836 zMAEcy=0.151
  [seed 20260717] epoch  76 loss=0.0174 comp=0.6813 spF_r=0.826 zMAEcy=0.145
  [seed 20260718] epoch  76 loss=0.0195 comp=0.6772 spF_r=0.829 zMAEcy=0.152
  [seed 20260719] epoch  76 loss=0.0198 comp=0.7025 spF_r=0.847 zMAEcy=0.144
  [seed 20260720] epoch  76 loss=0.0193 comp=0.6893 spF_r=0.852 zMAEcy=0.163
== markers ==
none
== rc ==
none
== heartbeat ==
age_s=7
== tmux ==
lpopt_20260721_073328: 1 windows (created Tue Jul 21 07:33:24 2026) [80x24]
== log tail ==
  [seed 20260716] epoch  77 loss=0.0197 comp=0.6718 spF_r=0.848 zMAEcy=0.176
  [seed 20260717] epoch  77 loss=0.0170 comp=0.6766 spF_r=0.826 zMAEcy=0.149
  [seed 20260718] epoch  77 loss=0.0206 comp=0.6717 spF_r=0.824 zMAEcy=0.152
  [seed 20260719] epoch  77 loss=0.0198 comp=0.6959 spF_r=0.843 zMAEcy=0.147
  [seed 20260720] epoch  77 loss=0.0194 comp=0.6882 spF_r=0.847 zMAEcy=0.159
  [seed 20260716] epoch  78 loss=0.0204 comp=0.6851 spF_r=0.848 zMAEcy=0.163
  [seed 20260717] epoch  78 loss=0.0178 comp=0.6807 spF_r=0.823 zMAEcy=0.142
  [seed 20260718] epoch  78 loss=0.0190 comp=0.6710 spF_r=0.825 zMAEcy=0.154
  [seed 20260719] epoch  78 loss=0.0193 comp=0.7063 spF_r=0.848 zMAEcy=0.142
  [seed 20260720] epoch  78 loss=0.0182 comp=0.6928 spF_r=0.849 zMAEcy=0.157
  [seed 20260716] epoch  79 loss=0.0202 comp=0.6974 spF_r=0.850 zMAEcy=0.153
  [seed 20260717] epoch  79 loss=0.0171 comp=0.6823 spF_r=0.825 zMAEcy=0.143
  [seed 20260718] epoch  79 loss=0.0188 comp=0.6704 spF_r=0.825 zMAEcy=0.154
  [seed 20260719] epoch  79 loss=0.0188 comp=0.6921 spF_r=0.845 zMAEcy=0.152
  [seed 20260720] epoch  79 loss=0.0177 comp=0.6909 spF_r=0.844 zMAEcy=0.153
  [seed 20260716] epoch  80 loss=0.0293 comp=0.6484 spF_r=0.824 zMAEcy=0.176
  [seed 20260717] epoch  80 loss=0.0163 comp=0.6108 spF_r=0.795 zMAEcy=0.184
  [seed 20260718] epoch  80 loss=-0.0342 comp=0.6296 spF_r=0.816 zMAEcy=0.186
  [seed 20260719] epoch  80 loss=0.0614 comp=0.6399 spF_r=0.825 zMAEcy=0.185
  [seed 20260720] epoch  80 loss=-0.0519 comp=0.5330 spF_r=0.837 zMAEcy=0.304
== markers ==
none
== rc ==
none
== heartbeat ==
age_s=8
== tmux ==
lpopt_20260721_073328: 1 windows (created Tue Jul 21 07:33:24 2026) [80x24]
== log tail ==
  [seed 20260716] epoch  81 loss=-0.1572 comp=0.6559 spF_r=0.836 zMAEcy=0.181
  [seed 20260717] epoch  81 loss=-0.1516 comp=0.6701 spF_r=0.830 zMAEcy=0.160
  [seed 20260718] epoch  81 loss=-0.1558 comp=0.6318 spF_r=0.820 zMAEcy=0.188
  [seed 20260719] epoch  81 loss=-0.1563 comp=0.6910 spF_r=0.844 zMAEcy=0.153
  [seed 20260720] epoch  81 loss=-0.1652 comp=0.6945 spF_r=0.854 zMAEcy=0.160
  [seed 20260716] epoch  82 loss=-0.1667 comp=0.6865 spF_r=0.847 zMAEcy=0.160
  [seed 20260717] epoch  82 loss=-0.1661 comp=0.6580 spF_r=0.832 zMAEcy=0.174
  [seed 20260718] epoch  82 loss=-0.1700 comp=0.6573 spF_r=0.833 zMAEcy=0.176
  [seed 20260719] epoch  82 loss=-0.1658 comp=0.6912 spF_r=0.852 zMAEcy=0.161
  [seed 20260720] epoch  82 loss=-0.1632 comp=0.6889 spF_r=0.849 zMAEcy=0.160
  [seed 20260716] epoch  83 loss=-0.1640 comp=0.6816 spF_r=0.846 zMAEcy=0.165
  [seed 20260717] epoch  83 loss=-0.1639 comp=0.6810 spF_r=0.832 zMAEcy=0.151
  [seed 20260718] epoch  83 loss=-0.1634 comp=0.6711 spF_r=0.828 zMAEcy=0.157
  [seed 20260719] epoch  83 loss=-0.1676 comp=0.6914 spF_r=0.846 zMAEcy=0.155
  [seed 20260720] epoch  83 loss=-0.1655 comp=0.6926 spF_r=0.856 zMAEcy=0.163
  [seed 20260716] epoch  84 loss=-0.1601 comp=0.6923 spF_r=0.848 zMAEcy=0.156
  [seed 20260717] epoch  84 loss=-0.1548 comp=0.6814 spF_r=0.830 zMAEcy=0.148
  [seed 20260718] epoch  84 loss=-0.1595 comp=0.6519 spF_r=0.829 zMAEcy=0.177
  [seed 20260719] epoch  84 loss=-0.1608 comp=0.6800 spF_r=0.849 zMAEcy=0.169
  [seed 20260720] epoch  84 loss=-0.1584 comp=0.6893 spF_r=0.852 zMAEcy=0.163
== markers ==
none
== rc ==
none
== heartbeat ==
age_s=8
== tmux ==
lpopt_20260721_073328: 1 windows (created Tue Jul 21 07:33:24 2026) [80x24]
== log tail ==
  [seed 20260716] epoch  85 loss=-0.1557 comp=0.6748 spF_r=0.849 zMAEcy=0.174
  [seed 20260717] epoch  85 loss=-0.1557 comp=0.6863 spF_r=0.833 zMAEcy=0.146
  [seed 20260718] epoch  85 loss=-0.1542 comp=0.6705 spF_r=0.831 zMAEcy=0.160
  [seed 20260719] epoch  85 loss=-0.1563 comp=0.6684 spF_r=0.847 zMAEcy=0.178
  [seed 20260720] epoch  85 loss=-0.1562 comp=0.6886 spF_r=0.847 zMAEcy=0.159
  [seed 20260716] epoch  86 loss=-0.1525 comp=0.6991 spF_r=0.854 zMAEcy=0.155
  [seed 20260717] epoch  86 loss=-0.1516 comp=0.6793 spF_r=0.835 zMAEcy=0.156
  [seed 20260718] epoch  86 loss=-0.1504 comp=0.6678 spF_r=0.828 zMAEcy=0.160
  [seed 20260719] epoch  86 loss=-0.1545 comp=0.7002 spF_r=0.848 zMAEcy=0.147
  [seed 20260720] epoch  86 loss=-0.1488 comp=0.6851 spF_r=0.850 zMAEcy=0.165
  [seed 20260716] epoch  87 loss=-0.1486 comp=0.7083 spF_r=0.855 zMAEcy=0.146
  [seed 20260717] epoch  87 loss=-0.1493 comp=0.6922 spF_r=0.836 zMAEcy=0.144
  [seed 20260718] epoch  87 loss=-0.1439 comp=0.6721 spF_r=0.831 zMAEcy=0.158
  [seed 20260719] epoch  87 loss=-0.1496 comp=0.6938 spF_r=0.849 zMAEcy=0.156
  [seed 20260720] epoch  87 loss=-0.1476 comp=0.6920 spF_r=0.851 zMAEcy=0.159
  [seed 20260716] epoch  88 loss=-0.1420 comp=0.6831 spF_r=0.853 zMAEcy=0.170
  [seed 20260717] epoch  88 loss=-0.1404 comp=0.6749 spF_r=0.831 zMAEcy=0.156
  [seed 20260718] epoch  88 loss=-0.1427 comp=0.6658 spF_r=0.821 zMAEcy=0.155
  [seed 20260719] epoch  88 loss=-0.1448 comp=0.6919 spF_r=0.845 zMAEcy=0.153
  [seed 20260720] epoch  88 loss=-0.1408 comp=0.6890 spF_r=0.852 zMAEcy=0.163
== markers ==
none
== rc ==
none
== heartbeat ==
age_s=8
== tmux ==
lpopt_20260721_073328: 1 windows (created Tue Jul 21 07:33:24 2026) [80x24]
== log tail ==
  [seed 20260716] epoch  89 loss=-0.1424 comp=0.7007 spF_r=0.854 zMAEcy=0.153
  [seed 20260717] epoch  89 loss=-0.1357 comp=0.6851 spF_r=0.837 zMAEcy=0.152
  [seed 20260718] epoch  89 loss=-0.1394 comp=0.6709 spF_r=0.827 zMAEcy=0.156
  [seed 20260719] epoch  89 loss=-0.1453 comp=0.7087 spF_r=0.852 zMAEcy=0.144
  [seed 20260720] epoch  89 loss=-0.1375 comp=0.6819 spF_r=0.849 zMAEcy=0.167
  [seed 20260716] epoch  90 loss=-0.1391 comp=0.7103 spF_r=0.860 zMAEcy=0.149
  [seed 20260717] epoch  90 loss=-0.1360 comp=0.6951 spF_r=0.838 zMAEcy=0.143
  [seed 20260718] epoch  90 loss=-0.1348 comp=0.6630 spF_r=0.829 zMAEcy=0.166
  [seed 20260719] epoch  90 loss=-0.1399 comp=0.7075 spF_r=0.851 zMAEcy=0.143
  [seed 20260720] epoch  90 loss=-0.1344 comp=0.6908 spF_r=0.853 zMAEcy=0.162
  [seed 20260716] epoch  91 loss=-0.1356 comp=0.7094 spF_r=0.858 zMAEcy=0.149
  [seed 20260717] epoch  91 loss=-0.1340 comp=0.6880 spF_r=0.836 zMAEcy=0.148
  [seed 20260718] epoch  91 loss=-0.1326 comp=0.6725 spF_r=0.827 zMAEcy=0.155
  [seed 20260718] early stop at epoch 91 (best 76)
  [seed 20260719] epoch  91 loss=-0.1382 comp=0.7101 spF_r=0.853 zMAEcy=0.143
  [seed 20260720] epoch  91 loss=-0.1312 comp=0.6891 spF_r=0.857 zMAEcy=0.168
  [seed 20260716] epoch  92 loss=-0.1343 comp=0.7081 spF_r=0.858 zMAEcy=0.150
  [seed 20260717] epoch  92 loss=-0.1313 comp=0.6951 spF_r=0.837 zMAEcy=0.142
  [seed 20260719] epoch  92 loss=-0.1352 comp=0.7057 spF_r=0.847 zMAEcy=0.142
  [seed 20260720] epoch  92 loss=-0.1282 comp=0.6893 spF_r=0.851 zMAEcy=0.162
== markers ==
none
== rc ==
none
== heartbeat ==
age_s=8
== tmux ==
lpopt_20260721_073328: 1 windows (created Tue Jul 21 07:33:24 2026) [80x24]
== log tail ==
  [seed 20260716] epoch  93 loss=-0.1315 comp=0.6957 spF_r=0.855 zMAEcy=0.159
  [seed 20260717] epoch  93 loss=-0.1231 comp=0.6907 spF_r=0.837 zMAEcy=0.146
  [seed 20260719] epoch  93 loss=-0.1350 comp=0.7104 spF_r=0.851 zMAEcy=0.141
  [seed 20260720] epoch  93 loss=-0.1299 comp=0.6944 spF_r=0.853 zMAEcy=0.158
  [seed 20260716] epoch  94 loss=-0.1280 comp=0.7044 spF_r=0.856 zMAEcy=0.152
  [seed 20260717] epoch  94 loss=-0.1254 comp=0.6910 spF_r=0.834 zMAEcy=0.143
  [seed 20260719] epoch  94 loss=-0.1320 comp=0.7069 spF_r=0.851 zMAEcy=0.144
  [seed 20260720] epoch  94 loss=-0.1257 comp=0.6949 spF_r=0.853 zMAEcy=0.158
  [seed 20260716] epoch  95 loss=-0.1266 comp=0.7093 spF_r=0.862 zMAEcy=0.152
  [seed 20260717] epoch  95 loss=-0.1217 comp=0.6894 spF_r=0.840 zMAEcy=0.151
  [seed 20260719] epoch  95 loss=-0.1293 comp=0.6959 spF_r=0.850 zMAEcy=0.154
  [seed 20260720] epoch  95 loss=-0.1238 comp=0.6967 spF_r=0.853 zMAEcy=0.157
  [seed 20260716] epoch  96 loss=-0.1220 comp=0.7128 spF_r=0.861 zMAEcy=0.149
  [seed 20260717] epoch  96 loss=-0.1198 comp=0.6940 spF_r=0.837 zMAEcy=0.143
  [seed 20260719] epoch  96 loss=-0.1268 comp=0.7047 spF_r=0.849 zMAEcy=0.145
  [seed 20260720] epoch  96 loss=-0.1222 comp=0.6932 spF_r=0.851 zMAEcy=0.158
  [seed 20260716] epoch  97 loss=-0.1230 comp=0.7088 spF_r=0.857 zMAEcy=0.148
  [seed 20260717] epoch  97 loss=-0.1186 comp=0.6998 spF_r=0.843 zMAEcy=0.143
  [seed 20260719] epoch  97 loss=-0.1215 comp=0.7098 spF_r=0.850 zMAEcy=0.140
  [seed 20260720] epoch  97 loss=-0.1206 comp=0.6970 spF_r=0.854 zMAEcy=0.157
== markers ==
none
== rc ==
none
== heartbeat ==
age_s=9
== tmux ==
lpopt_20260721_073328: 1 windows (created Tue Jul 21 07:33:24 2026) [80x24]
== log tail ==
  [seed 20260716] epoch  98 loss=-0.1229 comp=0.7094 spF_r=0.857 zMAEcy=0.148
  [seed 20260717] epoch  98 loss=-0.1183 comp=0.7019 spF_r=0.844 zMAEcy=0.142
  [seed 20260719] epoch  98 loss=-0.1215 comp=0.7057 spF_r=0.852 zMAEcy=0.146
  [seed 20260720] epoch  98 loss=-0.1171 comp=0.6976 spF_r=0.853 zMAEcy=0.155
  [seed 20260716] epoch  99 loss=-0.1201 comp=0.7094 spF_r=0.860 zMAEcy=0.151
  [seed 20260717] epoch  99 loss=-0.1173 comp=0.6980 spF_r=0.841 zMAEcy=0.143
  [seed 20260719] epoch  99 loss=-0.1211 comp=0.7088 spF_r=0.848 zMAEcy=0.139
  [seed 20260720] epoch  99 loss=-0.1179 comp=0.7060 spF_r=0.859 zMAEcy=0.153
  [seed 20260716] epoch 100 loss=-0.1155 comp=0.7032 spF_r=0.857 zMAEcy=0.153
  [seed 20260717] epoch 100 loss=-0.1129 comp=0.6962 spF_r=0.836 zMAEcy=0.140
  [seed 20260719] epoch 100 loss=-0.1200 comp=0.7115 spF_r=0.850 zMAEcy=0.139
  [seed 20260720] epoch 100 loss=-0.1147 comp=0.6995 spF_r=0.857 zMAEcy=0.157
  [seed 20260716] epoch 101 loss=-0.1164 comp=0.7085 spF_r=0.860 zMAEcy=0.151
  [seed 20260717] epoch 101 loss=-0.1112 comp=0.6930 spF_r=0.839 zMAEcy=0.146
  [seed 20260719] epoch 101 loss=-0.1166 comp=0.7099 spF_r=0.849 zMAEcy=0.139
  [seed 20260720] epoch 101 loss=-0.1116 comp=0.7031 spF_r=0.855 zMAEcy=0.152
  [seed 20260716] epoch 102 loss=-0.1150 comp=0.7125 spF_r=0.862 zMAEcy=0.149
  [seed 20260717] epoch 102 loss=-0.1115 comp=0.6976 spF_r=0.839 zMAEcy=0.141
  [seed 20260719] epoch 102 loss=-0.1161 comp=0.6998 spF_r=0.843 zMAEcy=0.144
  [seed 20260720] epoch 102 loss=-0.1128 comp=0.7029 spF_r=0.855 zMAEcy=0.152
== markers ==
none
== rc ==
none
== heartbeat ==
age_s=9
== tmux ==
lpopt_20260721_073328: 1 windows (created Tue Jul 21 07:33:24 2026) [80x24]
== log tail ==
  [seed 20260716] epoch 102 loss=-0.1150 comp=0.7125 spF_r=0.862 zMAEcy=0.149
  [seed 20260717] epoch 102 loss=-0.1115 comp=0.6976 spF_r=0.839 zMAEcy=0.141
  [seed 20260719] epoch 102 loss=-0.1161 comp=0.6998 spF_r=0.843 zMAEcy=0.144
  [seed 20260720] epoch 102 loss=-0.1128 comp=0.7029 spF_r=0.855 zMAEcy=0.152
  [seed 20260716] epoch 103 loss=-0.1136 comp=0.7136 spF_r=0.861 zMAEcy=0.148
  [seed 20260717] epoch 103 loss=-0.1065 comp=0.7007 spF_r=0.841 zMAEcy=0.140
  [seed 20260719] epoch 103 loss=-0.1137 comp=0.7058 spF_r=0.845 zMAEcy=0.139
  [seed 20260720] epoch 103 loss=-0.1090 comp=0.7043 spF_r=0.858 zMAEcy=0.154
  [seed 20260716] epoch 104 loss=-0.1097 comp=0.7045 spF_r=0.852 zMAEcy=0.148
  [seed 20260717] epoch 104 loss=-0.1069 comp=0.6996 spF_r=0.839 zMAEcy=0.140
  [seed 20260719] epoch 104 loss=-0.1120 comp=0.7050 spF_r=0.844 zMAEcy=0.139
  [seed 20260720] epoch 104 loss=-0.1060 comp=0.7064 spF_r=0.857 zMAEcy=0.151
  [seed 20260716] epoch 105 loss=-0.1102 comp=0.7120 spF_r=0.858 zMAEcy=0.146
  [seed 20260717] epoch 105 loss=-0.1053 comp=0.6996 spF_r=0.839 zMAEcy=0.140
  [seed 20260719] epoch 105 loss=-0.1105 comp=0.7087 spF_r=0.847 zMAEcy=0.138
  [seed 20260720] epoch 105 loss=-0.1068 comp=0.6996 spF_r=0.857 zMAEcy=0.157
  [seed 20260716] epoch 106 loss=-0.1083 comp=0.7142 spF_r=0.861 zMAEcy=0.147
  [seed 20260717] epoch 106 loss=-0.1054 comp=0.7039 spF_r=0.842 zMAEcy=0.138
  [seed 20260719] epoch 106 loss=-0.1106 comp=0.7100 spF_r=0.848 zMAEcy=0.138
  [seed 20260720] epoch 106 loss=-0.1055 comp=0.7045 spF_r=0.856 zMAEcy=0.152
== markers ==
none
== rc ==
none
== heartbeat ==
age_s=9
== tmux ==
lpopt_20260721_073328: 1 windows (created Tue Jul 21 07:33:24 2026) [80x24]
== log tail ==
  [seed 20260716] epoch 107 loss=-0.1064 comp=0.7090 spF_r=0.861 zMAEcy=0.152
  [seed 20260717] epoch 107 loss=-0.1027 comp=0.7042 spF_r=0.840 zMAEcy=0.136
  [seed 20260719] epoch 107 loss=-0.1085 comp=0.7107 spF_r=0.849 zMAEcy=0.138
  [seed 20260720] epoch 107 loss=-0.1049 comp=0.7026 spF_r=0.856 zMAEcy=0.154
  [seed 20260716] epoch 108 loss=-0.1056 comp=0.7150 spF_r=0.862 zMAEcy=0.147
  [seed 20260717] epoch 108 loss=-0.1024 comp=0.6977 spF_r=0.837 zMAEcy=0.140
  [seed 20260719] epoch 108 loss=-0.1081 comp=0.7063 spF_r=0.845 zMAEcy=0.139
  [seed 20260720] epoch 108 loss=-0.1016 comp=0.7076 spF_r=0.859 zMAEcy=0.152
  [seed 20260716] epoch 109 loss=-0.1050 comp=0.7176 spF_r=0.864 zMAEcy=0.146
  [seed 20260717] epoch 109 loss=-0.0996 comp=0.6961 spF_r=0.836 zMAEcy=0.140
  [seed 20260719] epoch 109 loss=-0.1051 comp=0.7094 spF_r=0.848 zMAEcy=0.139
  [seed 20260720] epoch 109 loss=-0.1005 comp=0.7062 spF_r=0.859 zMAEcy=0.153
  [seed 20260716] epoch 110 loss=-0.1039 comp=0.7151 spF_r=0.864 zMAEcy=0.149
  [seed 20260717] epoch 110 loss=-0.0995 comp=0.7014 spF_r=0.842 zMAEcy=0.141
  [seed 20260719] epoch 110 loss=-0.1041 comp=0.7073 spF_r=0.846 zMAEcy=0.138
  [seed 20260720] epoch 110 loss=-0.0998 comp=0.7083 spF_r=0.860 zMAEcy=0.152
  [seed 20260716] epoch 111 loss=-0.1062 comp=0.7146 spF_r=0.862 zMAEcy=0.147
  [seed 20260717] epoch 111 loss=-0.0977 comp=0.7007 spF_r=0.840 zMAEcy=0.139
  [seed 20260719] epoch 111 loss=-0.1033 comp=0.7067 spF_r=0.847 zMAEcy=0.141
  [seed 20260720] epoch 111 loss=-0.0977 comp=0.7045 spF_r=0.857 zMAEcy=0.153
== markers ==
none
== rc ==
none
== heartbeat ==
age_s=10
== tmux ==
lpopt_20260721_073328: 1 windows (created Tue Jul 21 07:33:24 2026) [80x24]
== log tail ==
  [seed 20260720] epoch 112 loss=-0.0960 comp=0.7064 spF_r=0.856 zMAEcy=0.149
  [seed 20260716] epoch 113 loss=-0.1017 comp=0.7196 spF_r=0.864 zMAEcy=0.144
  [seed 20260717] epoch 113 loss=-0.0965 comp=0.7019 spF_r=0.839 zMAEcy=0.137
  [seed 20260719] epoch 113 loss=-0.1012 comp=0.7081 spF_r=0.847 zMAEcy=0.139
  [seed 20260720] epoch 113 loss=-0.0951 comp=0.7080 spF_r=0.860 zMAEcy=0.152
  [seed 20260716] epoch 114 loss=-0.0992 comp=0.7169 spF_r=0.864 zMAEcy=0.147
  [seed 20260717] epoch 114 loss=-0.0933 comp=0.7001 spF_r=0.838 zMAEcy=0.138
  [seed 20260719] epoch 114 loss=-0.1010 comp=0.7077 spF_r=0.846 zMAEcy=0.138
  [seed 20260720] epoch 114 loss=-0.0974 comp=0.7076 spF_r=0.857 zMAEcy=0.150
  [seed 20260716] epoch 115 loss=-0.0997 comp=0.7161 spF_r=0.862 zMAEcy=0.146
  [seed 20260717] epoch 115 loss=-0.0939 comp=0.7042 spF_r=0.842 zMAEcy=0.138
  [seed 20260719] epoch 115 loss=-0.0982 comp=0.7069 spF_r=0.846 zMAEcy=0.139
  [seed 20260719] early stop at epoch 115 (best 100)
  [seed 20260720] epoch 115 loss=-0.0954 comp=0.7035 spF_r=0.856 zMAEcy=0.153
  [seed 20260716] epoch 116 loss=-0.0962 comp=0.7176 spF_r=0.865 zMAEcy=0.147
  [seed 20260717] epoch 116 loss=-0.0923 comp=0.7011 spF_r=0.839 zMAEcy=0.138
  [seed 20260720] epoch 116 loss=-0.0935 comp=0.7068 spF_r=0.857 zMAEcy=0.150
  [seed 20260716] epoch 117 loss=-0.0959 comp=0.7194 spF_r=0.866 zMAEcy=0.146
  [seed 20260717] epoch 117 loss=-0.0924 comp=0.7011 spF_r=0.838 zMAEcy=0.137
  [seed 20260720] epoch 117 loss=-0.0911 comp=0.7048 spF_r=0.854 zMAEcy=0.150
== markers ==
none
== rc ==
none
== heartbeat ==
age_s=10
== tmux ==
lpopt_20260721_073328: 1 windows (created Tue Jul 21 07:33:24 2026) [80x24]
== log tail ==
  [seed 20260717] epoch 117 loss=-0.0924 comp=0.7011 spF_r=0.838 zMAEcy=0.137
  [seed 20260720] epoch 117 loss=-0.0911 comp=0.7048 spF_r=0.854 zMAEcy=0.150
  [seed 20260716] epoch 118 loss=-0.0941 comp=0.7221 spF_r=0.868 zMAEcy=0.146
  [seed 20260717] epoch 118 loss=-0.0897 comp=0.6983 spF_r=0.837 zMAEcy=0.138
  [seed 20260720] epoch 118 loss=-0.0910 comp=0.7082 spF_r=0.857 zMAEcy=0.149
  [seed 20260716] epoch 119 loss=-0.0931 comp=0.7243 spF_r=0.869 zMAEcy=0.144
  [seed 20260717] epoch 119 loss=-0.0881 comp=0.6978 spF_r=0.836 zMAEcy=0.138
  [seed 20260720] epoch 119 loss=-0.0916 comp=0.7064 spF_r=0.854 zMAEcy=0.148
  [seed 20260716] epoch 120 loss=-0.0920 comp=0.7184 spF_r=0.865 zMAEcy=0.147
  [seed 20260717] epoch 120 loss=-0.0883 comp=0.7037 spF_r=0.842 zMAEcy=0.138
  [seed 20260720] epoch 120 loss=-0.0893 comp=0.7102 spF_r=0.859 zMAEcy=0.149
  [seed 20260716] epoch 121 loss=-0.0932 comp=0.7213 spF_r=0.867 zMAEcy=0.146
  [seed 20260717] epoch 121 loss=-0.0887 comp=0.7036 spF_r=0.843 zMAEcy=0.139
  [seed 20260720] epoch 121 loss=-0.0880 comp=0.7077 spF_r=0.856 zMAEcy=0.149
  [seed 20260716] epoch 122 loss=-0.0914 comp=0.7189 spF_r=0.864 zMAEcy=0.146
  [seed 20260717] epoch 122 loss=-0.0872 comp=0.7051 spF_r=0.842 zMAEcy=0.137
  [seed 20260720] epoch 122 loss=-0.0876 comp=0.7089 spF_r=0.858 zMAEcy=0.149
  [seed 20260716] epoch 123 loss=-0.0893 comp=0.7185 spF_r=0.864 zMAEcy=0.145
  [seed 20260717] epoch 123 loss=-0.0880 comp=0.7013 spF_r=0.839 zMAEcy=0.138
  [seed 20260720] epoch 123 loss=-0.0842 comp=0.7092 spF_r=0.857 zMAEcy=0.148
== markers ==
none
== rc ==
none
== heartbeat ==
age_s=10
== tmux ==
lpopt_20260721_073328: 1 windows (created Tue Jul 21 07:33:24 2026) [80x24]
== log tail ==
  [seed 20260717] epoch 124 loss=-0.0868 comp=0.7011 spF_r=0.838 zMAEcy=0.137
  [seed 20260720] epoch 124 loss=-0.0854 comp=0.7073 spF_r=0.855 zMAEcy=0.148
  [seed 20260716] epoch 125 loss=-0.0893 comp=0.7180 spF_r=0.864 zMAEcy=0.146
  [seed 20260717] epoch 125 loss=-0.0832 comp=0.6989 spF_r=0.837 zMAEcy=0.138
  [seed 20260720] epoch 125 loss=-0.0850 comp=0.7054 spF_r=0.854 zMAEcy=0.148
  [seed 20260716] epoch 126 loss=-0.0875 comp=0.7196 spF_r=0.865 zMAEcy=0.145
  [seed 20260717] epoch 126 loss=-0.0834 comp=0.6997 spF_r=0.838 zMAEcy=0.138
  [seed 20260720] epoch 126 loss=-0.0834 comp=0.7057 spF_r=0.855 zMAEcy=0.149
  [seed 20260716] epoch 127 loss=-0.0873 comp=0.7155 spF_r=0.863 zMAEcy=0.147
  [seed 20260717] epoch 127 loss=-0.0814 comp=0.7010 spF_r=0.841 zMAEcy=0.140
  [seed 20260720] epoch 127 loss=-0.0829 comp=0.7050 spF_r=0.855 zMAEcy=0.150
  [seed 20260716] epoch 128 loss=-0.0853 comp=0.7208 spF_r=0.866 zMAEcy=0.146
  [seed 20260717] epoch 128 loss=-0.0811 comp=0.7017 spF_r=0.839 zMAEcy=0.137
  [seed 20260720] epoch 128 loss=-0.0830 comp=0.7053 spF_r=0.855 zMAEcy=0.149
  [seed 20260716] epoch 129 loss=-0.0855 comp=0.7184 spF_r=0.863 zMAEcy=0.145
  [seed 20260717] epoch 129 loss=-0.0807 comp=0.7018 spF_r=0.840 zMAEcy=0.138
  [seed 20260720] epoch 129 loss=-0.0806 comp=0.7079 spF_r=0.857 zMAEcy=0.149
  [seed 20260716] epoch 130 loss=-0.0840 comp=0.7199 spF_r=0.866 zMAEcy=0.146
  [seed 20260717] epoch 130 loss=-0.0799 comp=0.7018 spF_r=0.840 zMAEcy=0.138
  [seed 20260720] epoch 130 loss=-0.0800 comp=0.7064 spF_r=0.854 zMAEcy=0.148
== markers ==
none
== rc ==
none
== heartbeat ==
age_s=11
== tmux ==
lpopt_20260721_073328: 1 windows (created Tue Jul 21 07:33:24 2026) [80x24]
== log tail ==
  [seed 20260717] epoch 131 loss=-0.0774 comp=0.7006 spF_r=0.838 zMAEcy=0.137
  [seed 20260720] epoch 131 loss=-0.0799 comp=0.7078 spF_r=0.856 zMAEcy=0.148
  [seed 20260716] epoch 132 loss=-0.0823 comp=0.7221 spF_r=0.865 zMAEcy=0.143
  [seed 20260717] epoch 132 loss=-0.0770 comp=0.7010 spF_r=0.838 zMAEcy=0.137
  [seed 20260720] epoch 132 loss=-0.0782 comp=0.7085 spF_r=0.857 zMAEcy=0.149
  [seed 20260716] epoch 133 loss=-0.0825 comp=0.7175 spF_r=0.864 zMAEcy=0.147
  [seed 20260717] epoch 133 loss=-0.0771 comp=0.6995 spF_r=0.837 zMAEcy=0.138
  [seed 20260720] epoch 133 loss=-0.0786 comp=0.7079 spF_r=0.856 zMAEcy=0.148
  [seed 20260716] epoch 134 loss=-0.0812 comp=0.7224 spF_r=0.867 zMAEcy=0.145
  [seed 20260716] early stop at epoch 134 (best 119)
  [seed 20260717] epoch 134 loss=-0.0766 comp=0.7023 spF_r=0.839 zMAEcy=0.137
  [seed 20260720] epoch 134 loss=-0.0779 comp=0.7087 spF_r=0.855 zMAEcy=0.146
  [seed 20260717] epoch 135 loss=-0.0773 comp=0.7039 spF_r=0.840 zMAEcy=0.136
  [seed 20260720] epoch 135 loss=-0.0780 comp=0.7093 spF_r=0.857 zMAEcy=0.147
  [seed 20260720] early stop at epoch 135 (best 120)
  [seed 20260717] epoch 136 loss=-0.0760 comp=0.7016 spF_r=0.840 zMAEcy=0.139
  [seed 20260717] epoch 137 loss=-0.0752 comp=0.7005 spF_r=0.839 zMAEcy=0.139
  [seed 20260717] early stop at epoch 137 (best 122)
=== chunk of 5 done in 1905.6s ===
=== calibration fitted ===
== markers ==
none
== rc ==
none
== heartbeat ==
age_s=11
== tmux ==
lpopt_20260721_073328: 1 windows (created Tue Jul 21 07:33:24 2026) [80x24]
== log tail ==
  [seed 20260720] epoch 131 loss=-0.0799 comp=0.7078 spF_r=0.856 zMAEcy=0.148
  [seed 20260716] epoch 132 loss=-0.0823 comp=0.7221 spF_r=0.865 zMAEcy=0.143
  [seed 20260717] epoch 132 loss=-0.0770 comp=0.7010 spF_r=0.838 zMAEcy=0.137
  [seed 20260720] epoch 132 loss=-0.0782 comp=0.7085 spF_r=0.857 zMAEcy=0.149
  [seed 20260716] epoch 133 loss=-0.0825 comp=0.7175 spF_r=0.864 zMAEcy=0.147
  [seed 20260717] epoch 133 loss=-0.0771 comp=0.6995 spF_r=0.837 zMAEcy=0.138
  [seed 20260720] epoch 133 loss=-0.0786 comp=0.7079 spF_r=0.856 zMAEcy=0.148
  [seed 20260716] epoch 134 loss=-0.0812 comp=0.7224 spF_r=0.867 zMAEcy=0.145
  [seed 20260716] early stop at epoch 134 (best 119)
  [seed 20260717] epoch 134 loss=-0.0766 comp=0.7023 spF_r=0.839 zMAEcy=0.137
  [seed 20260720] epoch 134 loss=-0.0779 comp=0.7087 spF_r=0.855 zMAEcy=0.146
  [seed 20260717] epoch 135 loss=-0.0773 comp=0.7039 spF_r=0.840 zMAEcy=0.136
  [seed 20260720] epoch 135 loss=-0.0780 comp=0.7093 spF_r=0.857 zMAEcy=0.147
  [seed 20260720] early stop at epoch 135 (best 120)
  [seed 20260717] epoch 136 loss=-0.0760 comp=0.7016 spF_r=0.840 zMAEcy=0.139
  [seed 20260717] epoch 137 loss=-0.0752 comp=0.7005 spF_r=0.839 zMAEcy=0.139
  [seed 20260717] early stop at epoch 137 (best 122)
=== chunk of 5 done in 1905.6s ===
=== calibration fitted ===
=== per-cell cyclen calibration fitted: 38 cells ===
== markers ==
DONE
rc
== rc ==
0
== heartbeat ==
age_s=56
== tmux ==
no session
== log tail ==
  [seed 20260717] epoch 132 loss=-0.0770 comp=0.7010 spF_r=0.838 zMAEcy=0.137
  [seed 20260720] epoch 132 loss=-0.0782 comp=0.7085 spF_r=0.857 zMAEcy=0.149
  [seed 20260716] epoch 133 loss=-0.0825 comp=0.7175 spF_r=0.864 zMAEcy=0.147
  [seed 20260717] epoch 133 loss=-0.0771 comp=0.6995 spF_r=0.837 zMAEcy=0.138
  [seed 20260720] epoch 133 loss=-0.0786 comp=0.7079 spF_r=0.856 zMAEcy=0.148
  [seed 20260716] epoch 134 loss=-0.0812 comp=0.7224 spF_r=0.867 zMAEcy=0.145
  [seed 20260716] early stop at epoch 134 (best 119)
  [seed 20260717] epoch 134 loss=-0.0766 comp=0.7023 spF_r=0.839 zMAEcy=0.137
  [seed 20260720] epoch 134 loss=-0.0779 comp=0.7087 spF_r=0.855 zMAEcy=0.146
  [seed 20260717] epoch 135 loss=-0.0773 comp=0.7039 spF_r=0.840 zMAEcy=0.136
  [seed 20260720] epoch 135 loss=-0.0780 comp=0.7093 spF_r=0.857 zMAEcy=0.147
  [seed 20260720] early stop at epoch 135 (best 120)
  [seed 20260717] epoch 136 loss=-0.0760 comp=0.7016 spF_r=0.840 zMAEcy=0.139
  [seed 20260717] epoch 137 loss=-0.0752 comp=0.7005 spF_r=0.839 zMAEcy=0.139
  [seed 20260717] early stop at epoch 137 (best 122)
=== chunk of 5 done in 1905.6s ===
=== calibration fitted ===
=== per-cell cyclen calibration fitted: 38 cells ===
=== per-cell f_r calibration fitted: 38 cells ===
trained 5 member(s) into runs/20260721_073328
[pull] 20260721_073328 -> C:\Users\USER\Desktop\CT&RPL\2_Project\KNF_LEU+ 시범연료봉 장전 인허가 과제\2026\2_계산\5_RL\data\models\20260721_073328  (5 members: ['member_20260716', 'member_20260717', 'member_20260718', 'member_20260719', 'member_20260720'])
=== arm v5_full pulled to C:\Users\USER\Desktop\CT&RPL\2_Project\KNF_LEU+ 시범연료봉 장전 인허가 과제\2026\2_계산\5_RL\data\models\20260721_073328 ===
=== launching arm v5_minus_shape ===
[train] session=lpopt_20260721_081043 gpu=1 args='--ensemble 5 --parallel-members 5 --split S1 --cond-schema v5_noshape --base-seed 20260716 --device auto --num-workers 8 --censor-a-pin-labels --cyclen-physics-prior --quantile-heads --promote-max-asm-bu'
[train] launched lpopt_20260721_081043
== markers ==
none
== rc ==
none
== heartbeat ==
age_s=0
== tmux ==
lpopt_20260721_081043: 1 windows (created Tue Jul 21 08:10:39 2026) [80x24]
== log tail ==
== markers ==
none
== rc ==
none
== heartbeat ==
age_s=0
== tmux ==
lpopt_20260721_081043: 1 windows (created Tue Jul 21 08:10:39 2026) [80x24]
== log tail ==
device=cuda torch=2.11.0+cu128 cuda_avail=True
=== featurizing split (shared across members) ===
== markers ==
none
== rc ==
none
== heartbeat ==
age_s=1
== tmux ==
lpopt_20260721_081043: 1 windows (created Tue Jul 21 08:10:39 2026) [80x24]
== log tail ==
device=cuda torch=2.11.0+cu128 cuda_avail=True
=== featurizing split (shared across members) ===
== markers ==
none
== rc ==
none
== heartbeat ==
age_s=1
== tmux ==
lpopt_20260721_081043: 1 windows (created Tue Jul 21 08:10:39 2026) [80x24]
== log tail ==
device=cuda torch=2.11.0+cu128 cuda_avail=True
=== featurizing split (shared across members) ===
=== featurized train=42867 val=7352 in 133.3s ===
=== cyclen physics prior: alpha=10.1695 beta=605.92 n_fit=39589 train_pearson=0.8614 ===
=== schedule: effective_batch=1024 lr=1.20e-03 warmup_epochs=80 device_resident=True parallel_members=5 torch_compile=False ===
=== training members 1-5/5 (seeds 20260716, 20260717, 20260718, 20260719, 20260720) ===
== markers ==
none
== rc ==
none
== heartbeat ==
age_s=2
== tmux ==
lpopt_20260721_081043: 1 windows (created Tue Jul 21 08:10:39 2026) [80x24]
== log tail ==
  [seed 20260716] epoch   0 loss=1.0629 comp=-0.1074 spF_r=0.213 zMAEcy=0.320
  [seed 20260717] epoch   0 loss=1.0954 comp=-0.1960 spF_r=0.150 zMAEcy=0.346
  [seed 20260718] epoch   0 loss=1.0553 comp=-0.0887 spF_r=0.213 zMAEcy=0.301
  [seed 20260719] epoch   0 loss=1.0878 comp=-0.1981 spF_r=0.138 zMAEcy=0.336
  [seed 20260720] epoch   0 loss=1.0912 comp=-0.1307 spF_r=0.154 zMAEcy=0.285
  [seed 20260716] epoch   1 loss=0.6540 comp=0.1729 spF_r=0.506 zMAEcy=0.333
  [seed 20260717] epoch   1 loss=0.6501 comp=0.1881 spF_r=0.481 zMAEcy=0.293
  [seed 20260718] epoch   1 loss=0.7111 comp=0.0613 spF_r=0.410 zMAEcy=0.349
  [seed 20260719] epoch   1 loss=0.6580 comp=0.1702 spF_r=0.516 zMAEcy=0.345
  [seed 20260720] epoch   1 loss=0.6635 comp=0.1507 spF_r=0.461 zMAEcy=0.310
  [seed 20260716] epoch   2 loss=0.5200 comp=0.3458 spF_r=0.628 zMAEcy=0.282
  [seed 20260717] epoch   2 loss=0.5067 comp=0.2737 spF_r=0.610 zMAEcy=0.336
  [seed 20260718] epoch   2 loss=0.5572 comp=0.3206 spF_r=0.592 zMAEcy=0.271
  [seed 20260719] epoch   2 loss=0.5026 comp=0.4001 spF_r=0.640 zMAEcy=0.240
  [seed 20260720] epoch   2 loss=0.4965 comp=0.3210 spF_r=0.637 zMAEcy=0.316
  [seed 20260716] epoch   3 loss=0.4541 comp=0.4281 spF_r=0.692 zMAEcy=0.263
  [seed 20260717] epoch   3 loss=0.4739 comp=0.3664 spF_r=0.647 zMAEcy=0.281
  [seed 20260718] epoch   3 loss=0.4666 comp=0.4472 spF_r=0.698 zMAEcy=0.250
  [seed 20260719] epoch   3 loss=0.4373 comp=0.4012 spF_r=0.671 zMAEcy=0.270
  [seed 20260720] epoch   3 loss=0.4415 comp=0.4560 spF_r=0.691 zMAEcy=0.236
== markers ==
none
== rc ==
none
== heartbeat ==
age_s=2
== tmux ==
lpopt_20260721_081043: 1 windows (created Tue Jul 21 08:10:39 2026) [80x24]
== log tail ==
  [seed 20260716] epoch   4 loss=0.4221 comp=0.4831 spF_r=0.716 zMAEcy=0.233
  [seed 20260717] epoch   4 loss=0.4116 comp=0.4253 spF_r=0.699 zMAEcy=0.274
  [seed 20260718] epoch   4 loss=0.4213 comp=0.4788 spF_r=0.723 zMAEcy=0.244
  [seed 20260719] epoch   4 loss=0.4016 comp=0.4445 spF_r=0.725 zMAEcy=0.280
  [seed 20260720] epoch   4 loss=0.4110 comp=0.4618 spF_r=0.722 zMAEcy=0.261
  [seed 20260716] epoch   5 loss=0.3884 comp=0.4998 spF_r=0.740 zMAEcy=0.241
  [seed 20260717] epoch   5 loss=0.4076 comp=0.4681 spF_r=0.719 zMAEcy=0.251
  [seed 20260718] epoch   5 loss=0.4027 comp=0.3758 spF_r=0.725 zMAEcy=0.349
  [seed 20260719] epoch   5 loss=0.3851 comp=0.4978 spF_r=0.738 zMAEcy=0.240
  [seed 20260720] epoch   5 loss=0.3858 comp=0.4881 spF_r=0.727 zMAEcy=0.239
  [seed 20260716] epoch   6 loss=0.3810 comp=0.5040 spF_r=0.742 zMAEcy=0.238
  [seed 20260717] epoch   6 loss=0.3796 comp=0.5092 spF_r=0.742 zMAEcy=0.233
  [seed 20260718] epoch   6 loss=0.3816 comp=0.5029 spF_r=0.759 zMAEcy=0.256
  [seed 20260719] epoch   6 loss=0.3643 comp=0.4776 spF_r=0.733 zMAEcy=0.256
  [seed 20260720] epoch   6 loss=0.3679 comp=0.4455 spF_r=0.746 zMAEcy=0.301
  [seed 20260716] epoch   7 loss=0.3502 comp=0.5064 spF_r=0.775 zMAEcy=0.268
  [seed 20260717] epoch   7 loss=0.3575 comp=0.5504 spF_r=0.767 zMAEcy=0.217
  [seed 20260718] epoch   7 loss=0.3641 comp=0.5501 spF_r=0.752 zMAEcy=0.202
  [seed 20260719] epoch   7 loss=0.3501 comp=0.5155 spF_r=0.749 zMAEcy=0.234
  [seed 20260720] epoch   7 loss=0.3458 comp=0.5096 spF_r=0.761 zMAEcy=0.251
== markers ==
none
== rc ==
none
== heartbeat ==
age_s=3
== tmux ==
lpopt_20260721_081043: 1 windows (created Tue Jul 21 08:10:39 2026) [80x24]
== log tail ==
  [seed 20260716] epoch   8 loss=0.3434 comp=0.5336 spF_r=0.751 zMAEcy=0.218
  [seed 20260717] epoch   8 loss=0.3489 comp=0.5396 spF_r=0.772 zMAEcy=0.233
  [seed 20260718] epoch   8 loss=0.3559 comp=0.5589 spF_r=0.766 zMAEcy=0.208
  [seed 20260719] epoch   8 loss=0.3289 comp=0.5154 spF_r=0.763 zMAEcy=0.248
  [seed 20260720] epoch   8 loss=0.3291 comp=0.4958 spF_r=0.744 zMAEcy=0.248
  [seed 20260716] epoch   9 loss=0.3225 comp=0.5659 spF_r=0.778 zMAEcy=0.212
  [seed 20260717] epoch   9 loss=0.3278 comp=0.5647 spF_r=0.775 zMAEcy=0.211
  [seed 20260718] epoch   9 loss=0.3215 comp=0.5018 spF_r=0.762 zMAEcy=0.261
  [seed 20260719] epoch   9 loss=0.3168 comp=0.5315 spF_r=0.774 zMAEcy=0.243
  [seed 20260720] epoch   9 loss=0.3103 comp=0.5400 spF_r=0.774 zMAEcy=0.234
  [seed 20260716] epoch  10 loss=0.3006 comp=0.4987 spF_r=0.787 zMAEcy=0.289
  [seed 20260717] epoch  10 loss=0.3221 comp=0.5352 spF_r=0.782 zMAEcy=0.247
  [seed 20260718] epoch  10 loss=0.3070 comp=0.5818 spF_r=0.773 zMAEcy=0.192
  [seed 20260719] epoch  10 loss=0.3074 comp=0.4809 spF_r=0.761 zMAEcy=0.280
  [seed 20260720] epoch  10 loss=0.2906 comp=0.5530 spF_r=0.761 zMAEcy=0.208
  [seed 20260716] epoch  11 loss=0.2967 comp=0.5648 spF_r=0.793 zMAEcy=0.228
  [seed 20260717] epoch  11 loss=0.3080 comp=0.5385 spF_r=0.775 zMAEcy=0.237
  [seed 20260718] epoch  11 loss=0.3020 comp=0.5707 spF_r=0.781 zMAEcy=0.210
  [seed 20260719] epoch  11 loss=0.2750 comp=0.5166 spF_r=0.782 zMAEcy=0.265
  [seed 20260720] epoch  11 loss=0.2497 comp=0.5382 spF_r=0.774 zMAEcy=0.236
== markers ==
none
== rc ==
none
== heartbeat ==
age_s=3
== tmux ==
lpopt_20260721_081043: 1 windows (created Tue Jul 21 08:10:39 2026) [80x24]
== log tail ==
  [seed 20260716] epoch  12 loss=0.2636 comp=0.5266 spF_r=0.782 zMAEcy=0.255
  [seed 20260717] epoch  12 loss=0.2986 comp=0.5556 spF_r=0.792 zMAEcy=0.236
  [seed 20260718] epoch  12 loss=0.2681 comp=0.5703 spF_r=0.767 zMAEcy=0.197
  [seed 20260719] epoch  12 loss=0.2557 comp=0.4956 spF_r=0.789 zMAEcy=0.293
  [seed 20260720] epoch  12 loss=0.2592 comp=0.5540 spF_r=0.769 zMAEcy=0.215
  [seed 20260716] epoch  13 loss=0.2535 comp=0.5764 spF_r=0.789 zMAEcy=0.213
  [seed 20260717] epoch  13 loss=0.2742 comp=0.5675 spF_r=0.787 zMAEcy=0.219
  [seed 20260718] epoch  13 loss=0.2405 comp=0.5620 spF_r=0.784 zMAEcy=0.222
  [seed 20260719] epoch  13 loss=0.2262 comp=0.5963 spF_r=0.800 zMAEcy=0.203
  [seed 20260720] epoch  13 loss=0.2382 comp=0.5414 spF_r=0.784 zMAEcy=0.242
  [seed 20260716] epoch  14 loss=0.2164 comp=0.5394 spF_r=0.786 zMAEcy=0.246
  [seed 20260717] epoch  14 loss=0.2583 comp=0.5243 spF_r=0.795 zMAEcy=0.271
  [seed 20260718] epoch  14 loss=0.2305 comp=0.5944 spF_r=0.784 zMAEcy=0.190
  [seed 20260719] epoch  14 loss=0.2251 comp=0.5452 spF_r=0.781 zMAEcy=0.236
  [seed 20260720] epoch  14 loss=0.1884 comp=0.5642 spF_r=0.770 zMAEcy=0.206
  [seed 20260716] epoch  15 loss=0.2109 comp=0.5266 spF_r=0.793 zMAEcy=0.267
  [seed 20260717] epoch  15 loss=0.2347 comp=0.5478 spF_r=0.801 zMAEcy=0.253
  [seed 20260718] epoch  15 loss=0.2135 comp=0.5509 spF_r=0.783 zMAEcy=0.233
  [seed 20260719] epoch  15 loss=0.1790 comp=0.5632 spF_r=0.785 zMAEcy=0.222
  [seed 20260720] epoch  15 loss=0.1971 comp=0.5800 spF_r=0.778 zMAEcy=0.198
== markers ==
none
== rc ==
none
== heartbeat ==
age_s=3
== tmux ==
lpopt_20260721_081043: 1 windows (created Tue Jul 21 08:10:39 2026) [80x24]
== log tail ==
  [seed 20260716] epoch  16 loss=0.1872 comp=0.5868 spF_r=0.799 zMAEcy=0.213
  [seed 20260717] epoch  16 loss=0.2262 comp=0.4990 spF_r=0.790 zMAEcy=0.291
  [seed 20260718] epoch  16 loss=0.1795 comp=0.5713 spF_r=0.790 zMAEcy=0.218
  [seed 20260719] epoch  16 loss=0.1954 comp=0.5042 spF_r=0.800 zMAEcy=0.296
  [seed 20260720] epoch  16 loss=0.1765 comp=0.5985 spF_r=0.796 zMAEcy=0.197
  [seed 20260716] epoch  17 loss=0.1689 comp=0.5772 spF_r=0.785 zMAEcy=0.208
  [seed 20260717] epoch  17 loss=0.2080 comp=0.5740 spF_r=0.795 zMAEcy=0.221
  [seed 20260718] epoch  17 loss=0.1770 comp=0.5877 spF_r=0.782 zMAEcy=0.194
  [seed 20260719] epoch  17 loss=0.1907 comp=0.5009 spF_r=0.798 zMAEcy=0.297
  [seed 20260720] epoch  17 loss=0.1469 comp=0.5421 spF_r=0.792 zMAEcy=0.250
  [seed 20260716] epoch  18 loss=0.1735 comp=0.5959 spF_r=0.799 zMAEcy=0.204
  [seed 20260717] epoch  18 loss=0.1769 comp=0.5792 spF_r=0.804 zMAEcy=0.224
  [seed 20260718] epoch  18 loss=0.1484 comp=0.6072 spF_r=0.794 zMAEcy=0.187
  [seed 20260719] epoch  18 loss=0.1449 comp=0.6070 spF_r=0.800 zMAEcy=0.193
  [seed 20260720] epoch  18 loss=0.1309 comp=0.5888 spF_r=0.792 zMAEcy=0.203
  [seed 20260716] epoch  19 loss=0.1324 comp=0.6066 spF_r=0.814 zMAEcy=0.208
  [seed 20260717] epoch  19 loss=0.1642 comp=0.5291 spF_r=0.801 zMAEcy=0.272
  [seed 20260718] epoch  19 loss=0.1538 comp=0.5690 spF_r=0.790 zMAEcy=0.221
  [seed 20260719] epoch  19 loss=0.1287 comp=0.4927 spF_r=0.800 zMAEcy=0.307
  [seed 20260720] epoch  19 loss=0.1287 comp=0.6033 spF_r=0.794 zMAEcy=0.191
== markers ==
none
== rc ==
none
== heartbeat ==
age_s=4
== tmux ==
lpopt_20260721_081043: 1 windows (created Tue Jul 21 08:10:39 2026) [80x24]
== log tail ==
  [seed 20260716] epoch  20 loss=0.1395 comp=0.5979 spF_r=0.805 zMAEcy=0.208
  [seed 20260717] epoch  20 loss=0.1668 comp=0.5885 spF_r=0.808 zMAEcy=0.219
  [seed 20260718] epoch  20 loss=0.1445 comp=0.5641 spF_r=0.787 zMAEcy=0.223
  [seed 20260719] epoch  20 loss=0.1397 comp=0.6059 spF_r=0.807 zMAEcy=0.201
  [seed 20260720] epoch  20 loss=0.1384 comp=0.5800 spF_r=0.790 zMAEcy=0.210
  [seed 20260716] epoch  21 loss=0.1183 comp=0.5963 spF_r=0.804 zMAEcy=0.208
  [seed 20260717] epoch  21 loss=0.1265 comp=0.5884 spF_r=0.806 zMAEcy=0.218
  [seed 20260718] epoch  21 loss=0.1244 comp=0.6131 spF_r=0.792 zMAEcy=0.179
  [seed 20260719] epoch  21 loss=0.1150 comp=0.6221 spF_r=0.810 zMAEcy=0.188
  [seed 20260720] epoch  21 loss=0.1257 comp=0.5149 spF_r=0.798 zMAEcy=0.283
  [seed 20260716] epoch  22 loss=0.1055 comp=0.5991 spF_r=0.798 zMAEcy=0.199
  [seed 20260717] epoch  22 loss=0.1240 comp=0.6110 spF_r=0.813 zMAEcy=0.202
  [seed 20260718] epoch  22 loss=0.1177 comp=0.6217 spF_r=0.797 zMAEcy=0.175
  [seed 20260719] epoch  22 loss=0.1496 comp=0.5845 spF_r=0.787 zMAEcy=0.202
  [seed 20260720] epoch  22 loss=0.1533 comp=0.5935 spF_r=0.795 zMAEcy=0.202
  [seed 20260716] epoch  23 loss=0.1375 comp=0.5884 spF_r=0.812 zMAEcy=0.223
  [seed 20260717] epoch  23 loss=0.1249 comp=0.5935 spF_r=0.812 zMAEcy=0.218
  [seed 20260718] epoch  23 loss=0.1279 comp=0.5730 spF_r=0.785 zMAEcy=0.212
  [seed 20260719] epoch  23 loss=0.1242 comp=0.6188 spF_r=0.809 zMAEcy=0.191
  [seed 20260720] epoch  23 loss=0.0951 comp=0.6024 spF_r=0.796 zMAEcy=0.194
== markers ==
none
== rc ==
none
== heartbeat ==
age_s=4
== tmux ==
lpopt_20260721_081043: 1 windows (created Tue Jul 21 08:10:39 2026) [80x24]
== log tail ==
  [seed 20260716] epoch  23 loss=0.1375 comp=0.5884 spF_r=0.812 zMAEcy=0.223
  [seed 20260717] epoch  23 loss=0.1249 comp=0.5935 spF_r=0.812 zMAEcy=0.218
  [seed 20260718] epoch  23 loss=0.1279 comp=0.5730 spF_r=0.785 zMAEcy=0.212
  [seed 20260719] epoch  23 loss=0.1242 comp=0.6188 spF_r=0.809 zMAEcy=0.191
  [seed 20260720] epoch  23 loss=0.0951 comp=0.6024 spF_r=0.796 zMAEcy=0.194
  [seed 20260716] epoch  24 loss=0.1025 comp=0.6241 spF_r=0.816 zMAEcy=0.192
  [seed 20260717] epoch  24 loss=0.1374 comp=0.5648 spF_r=0.793 zMAEcy=0.228
  [seed 20260718] epoch  24 loss=0.1327 comp=0.6126 spF_r=0.794 zMAEcy=0.181
  [seed 20260719] epoch  24 loss=0.1047 comp=0.5950 spF_r=0.806 zMAEcy=0.210
  [seed 20260720] epoch  24 loss=0.0844 comp=0.5832 spF_r=0.791 zMAEcy=0.208
  [seed 20260716] epoch  25 loss=0.0814 comp=0.6244 spF_r=0.821 zMAEcy=0.196
  [seed 20260717] epoch  25 loss=0.1371 comp=0.5938 spF_r=0.811 zMAEcy=0.217
  [seed 20260718] epoch  25 loss=0.1017 comp=0.6178 spF_r=0.802 zMAEcy=0.184
  [seed 20260719] epoch  25 loss=0.0948 comp=0.6136 spF_r=0.811 zMAEcy=0.197
  [seed 20260720] epoch  25 loss=0.0760 comp=0.5959 spF_r=0.808 zMAEcy=0.212
  [seed 20260716] epoch  26 loss=0.0758 comp=0.6286 spF_r=0.822 zMAEcy=0.194
  [seed 20260717] epoch  26 loss=0.1073 comp=0.5759 spF_r=0.825 zMAEcy=0.249
  [seed 20260718] epoch  26 loss=0.0910 comp=0.6334 spF_r=0.807 zMAEcy=0.174
  [seed 20260719] epoch  26 loss=0.0849 comp=0.6308 spF_r=0.820 zMAEcy=0.189
  [seed 20260720] epoch  26 loss=0.0683 comp=0.6143 spF_r=0.811 zMAEcy=0.197
== markers ==
none
== rc ==
none
== heartbeat ==
age_s=4
== tmux ==
lpopt_20260721_081043: 1 windows (created Tue Jul 21 08:10:39 2026) [80x24]
== log tail ==
  [seed 20260716] epoch  27 loss=0.0673 comp=0.6167 spF_r=0.824 zMAEcy=0.208
  [seed 20260717] epoch  27 loss=0.1137 comp=0.5834 spF_r=0.819 zMAEcy=0.236
  [seed 20260718] epoch  27 loss=0.0806 comp=0.6145 spF_r=0.807 zMAEcy=0.192
  [seed 20260719] epoch  27 loss=0.0744 comp=0.6052 spF_r=0.814 zMAEcy=0.209
  [seed 20260720] epoch  27 loss=0.0670 comp=0.6184 spF_r=0.813 zMAEcy=0.195
  [seed 20260716] epoch  28 loss=0.0619 comp=0.6220 spF_r=0.828 zMAEcy=0.206
  [seed 20260717] epoch  28 loss=0.0946 comp=0.5968 spF_r=0.822 zMAEcy=0.225
  [seed 20260718] epoch  28 loss=0.0720 comp=0.6407 spF_r=0.809 zMAEcy=0.168
  [seed 20260719] epoch  28 loss=0.0683 comp=0.6277 spF_r=0.825 zMAEcy=0.197
  [seed 20260720] epoch  28 loss=0.0575 comp=0.6171 spF_r=0.815 zMAEcy=0.197
  [seed 20260716] epoch  29 loss=0.0580 comp=0.6266 spF_r=0.830 zMAEcy=0.204
  [seed 20260717] epoch  29 loss=0.1053 comp=0.6066 spF_r=0.825 zMAEcy=0.218
  [seed 20260718] epoch  29 loss=0.0646 comp=0.6371 spF_r=0.811 zMAEcy=0.174
  [seed 20260719] epoch  29 loss=0.0638 comp=0.6503 spF_r=0.824 zMAEcy=0.174
  [seed 20260720] epoch  29 loss=0.0585 comp=0.6297 spF_r=0.818 zMAEcy=0.188
  [seed 20260716] epoch  30 loss=0.0573 comp=0.6494 spF_r=0.831 zMAEcy=0.181
  [seed 20260717] epoch  30 loss=0.0933 comp=0.5880 spF_r=0.821 zMAEcy=0.233
  [seed 20260718] epoch  30 loss=0.0607 comp=0.6361 spF_r=0.811 zMAEcy=0.175
  [seed 20260719] epoch  30 loss=0.0621 comp=0.6429 spF_r=0.824 zMAEcy=0.181
  [seed 20260720] epoch  30 loss=0.0513 comp=0.6175 spF_r=0.819 zMAEcy=0.201
== markers ==
none
== rc ==
none
== heartbeat ==
age_s=5
== tmux ==
lpopt_20260721_081043: 1 windows (created Tue Jul 21 08:10:39 2026) [80x24]
== log tail ==
  [seed 20260716] epoch  31 loss=0.0563 comp=0.6355 spF_r=0.833 zMAEcy=0.197
  [seed 20260717] epoch  31 loss=0.0946 comp=0.6245 spF_r=0.824 zMAEcy=0.200
  [seed 20260718] epoch  31 loss=0.0594 comp=0.6381 spF_r=0.814 zMAEcy=0.176
  [seed 20260719] epoch  31 loss=0.0568 comp=0.6422 spF_r=0.824 zMAEcy=0.182
  [seed 20260720] epoch  31 loss=0.0526 comp=0.6195 spF_r=0.822 zMAEcy=0.203
  [seed 20260716] epoch  32 loss=0.0490 comp=0.6440 spF_r=0.835 zMAEcy=0.191
  [seed 20260717] epoch  32 loss=0.0814 comp=0.5886 spF_r=0.818 zMAEcy=0.230
  [seed 20260718] epoch  32 loss=0.0569 comp=0.6311 spF_r=0.810 zMAEcy=0.179
  [seed 20260719] epoch  32 loss=0.0546 comp=0.6571 spF_r=0.830 zMAEcy=0.173
  [seed 20260720] epoch  32 loss=0.0488 comp=0.6343 spF_r=0.818 zMAEcy=0.184
  [seed 20260716] epoch  33 loss=0.0492 comp=0.6524 spF_r=0.837 zMAEcy=0.184
  [seed 20260717] epoch  33 loss=0.0815 comp=0.6185 spF_r=0.825 zMAEcy=0.207
  [seed 20260718] epoch  33 loss=0.0531 comp=0.6030 spF_r=0.807 zMAEcy=0.204
  [seed 20260719] epoch  33 loss=0.0516 comp=0.6538 spF_r=0.823 zMAEcy=0.169
  [seed 20260720] epoch  33 loss=0.0447 comp=0.6118 spF_r=0.817 zMAEcy=0.205
  [seed 20260716] epoch  34 loss=0.0450 comp=0.6323 spF_r=0.838 zMAEcy=0.206
  [seed 20260717] epoch  34 loss=0.0762 comp=0.6267 spF_r=0.827 zMAEcy=0.200
  [seed 20260718] epoch  34 loss=0.0499 comp=0.6247 spF_r=0.802 zMAEcy=0.177
  [seed 20260719] epoch  34 loss=0.0495 comp=0.6445 spF_r=0.824 zMAEcy=0.179
  [seed 20260720] epoch  34 loss=0.0423 comp=0.6197 spF_r=0.824 zMAEcy=0.204
== markers ==
none
== rc ==
none
== heartbeat ==
age_s=5
== tmux ==
lpopt_20260721_081043: 1 windows (created Tue Jul 21 08:10:39 2026) [80x24]
== log tail ==
  [seed 20260716] epoch  35 loss=0.0450 comp=0.6567 spF_r=0.836 zMAEcy=0.180
  [seed 20260717] epoch  35 loss=0.0648 comp=0.6314 spF_r=0.831 zMAEcy=0.199
  [seed 20260718] epoch  35 loss=0.0486 comp=0.6333 spF_r=0.810 zMAEcy=0.176
  [seed 20260719] epoch  35 loss=0.0531 comp=0.6610 spF_r=0.832 zMAEcy=0.171
  [seed 20260720] epoch  35 loss=0.0421 comp=0.6321 spF_r=0.827 zMAEcy=0.195
  [seed 20260716] epoch  36 loss=0.0427 comp=0.6305 spF_r=0.835 zMAEcy=0.205
  [seed 20260717] epoch  36 loss=0.0625 comp=0.6269 spF_r=0.830 zMAEcy=0.204
  [seed 20260718] epoch  36 loss=0.0454 comp=0.6373 spF_r=0.811 zMAEcy=0.173
  [seed 20260719] epoch  36 loss=0.0464 comp=0.6606 spF_r=0.830 zMAEcy=0.169
  [seed 20260720] epoch  36 loss=0.0388 comp=0.6339 spF_r=0.824 zMAEcy=0.190
  [seed 20260716] epoch  37 loss=0.0398 comp=0.6348 spF_r=0.839 zMAEcy=0.204
  [seed 20260717] epoch  37 loss=0.0568 comp=0.6344 spF_r=0.830 zMAEcy=0.195
  [seed 20260718] epoch  37 loss=0.0459 comp=0.6215 spF_r=0.808 zMAEcy=0.186
  [seed 20260719] epoch  37 loss=0.0438 comp=0.6284 spF_r=0.826 zMAEcy=0.198
  [seed 20260720] epoch  37 loss=0.0388 comp=0.6443 spF_r=0.824 zMAEcy=0.180
  [seed 20260716] epoch  38 loss=0.0373 comp=0.6672 spF_r=0.841 zMAEcy=0.174
  [seed 20260717] epoch  38 loss=0.0535 comp=0.6293 spF_r=0.829 zMAEcy=0.200
  [seed 20260718] epoch  38 loss=0.0426 comp=0.6266 spF_r=0.810 zMAEcy=0.184
  [seed 20260719] epoch  38 loss=0.0440 comp=0.6543 spF_r=0.830 zMAEcy=0.176
  [seed 20260720] epoch  38 loss=0.0372 comp=0.6461 spF_r=0.828 zMAEcy=0.182
== markers ==
none
== rc ==
none
== heartbeat ==
age_s=5
== tmux ==
lpopt_20260721_081043: 1 windows (created Tue Jul 21 08:10:39 2026) [80x24]
== log tail ==
  [seed 20260716] epoch  39 loss=0.0362 comp=0.6456 spF_r=0.842 zMAEcy=0.196
  [seed 20260717] epoch  39 loss=0.0512 comp=0.5805 spF_r=0.832 zMAEcy=0.251
  [seed 20260718] epoch  39 loss=0.0424 comp=0.6374 spF_r=0.807 zMAEcy=0.169
  [seed 20260719] epoch  39 loss=0.0415 comp=0.6547 spF_r=0.828 zMAEcy=0.173
  [seed 20260720] epoch  39 loss=0.0363 comp=0.6426 spF_r=0.826 zMAEcy=0.184
  [seed 20260716] epoch  40 loss=0.0356 comp=0.6627 spF_r=0.835 zMAEcy=0.172
  [seed 20260717] epoch  40 loss=0.0488 comp=0.6370 spF_r=0.832 zMAEcy=0.195
  [seed 20260718] epoch  40 loss=0.0399 comp=0.6236 spF_r=0.811 zMAEcy=0.188
  [seed 20260719] epoch  40 loss=0.0385 comp=0.6388 spF_r=0.829 zMAEcy=0.190
  [seed 20260720] epoch  40 loss=0.0343 comp=0.6247 spF_r=0.829 zMAEcy=0.204
  [seed 20260716] epoch  41 loss=0.0339 comp=0.6493 spF_r=0.842 zMAEcy=0.193
  [seed 20260717] epoch  41 loss=0.0453 comp=0.6273 spF_r=0.826 zMAEcy=0.199
  [seed 20260718] epoch  41 loss=0.0377 comp=0.6232 spF_r=0.809 zMAEcy=0.185
  [seed 20260719] epoch  41 loss=0.0375 comp=0.6523 spF_r=0.831 zMAEcy=0.179
  [seed 20260720] epoch  41 loss=0.0335 comp=0.6293 spF_r=0.828 zMAEcy=0.198
  [seed 20260716] epoch  42 loss=0.0352 comp=0.6571 spF_r=0.846 zMAEcy=0.189
  [seed 20260717] epoch  42 loss=0.0463 comp=0.6388 spF_r=0.829 zMAEcy=0.190
  [seed 20260718] epoch  42 loss=0.0370 comp=0.6331 spF_r=0.803 zMAEcy=0.170
  [seed 20260719] epoch  42 loss=0.0375 comp=0.6308 spF_r=0.830 zMAEcy=0.199
  [seed 20260720] epoch  42 loss=0.0339 comp=0.6264 spF_r=0.827 zMAEcy=0.200
== markers ==
none
== rc ==
none
== heartbeat ==
age_s=6
== tmux ==
lpopt_20260721_081043: 1 windows (created Tue Jul 21 08:10:39 2026) [80x24]
== log tail ==
  [seed 20260718] epoch  43 loss=0.0347 comp=0.6298 spF_r=0.810 zMAEcy=0.180
  [seed 20260718] early stop at epoch 43 (best 28)
  [seed 20260719] epoch  43 loss=0.0360 comp=0.6338 spF_r=0.835 zMAEcy=0.202
  [seed 20260720] epoch  43 loss=0.0360 comp=0.6334 spF_r=0.828 zMAEcy=0.194
  [seed 20260716] epoch  44 loss=0.0327 comp=0.6689 spF_r=0.844 zMAEcy=0.175
  [seed 20260717] epoch  44 loss=0.0404 comp=0.6413 spF_r=0.827 zMAEcy=0.186
  [seed 20260719] epoch  44 loss=0.0349 comp=0.6586 spF_r=0.838 zMAEcy=0.180
  [seed 20260720] epoch  44 loss=0.0319 comp=0.6539 spF_r=0.830 zMAEcy=0.176
  [seed 20260716] epoch  45 loss=0.0309 comp=0.6667 spF_r=0.843 zMAEcy=0.177
  [seed 20260717] epoch  45 loss=0.0410 comp=0.6163 spF_r=0.830 zMAEcy=0.214
  [seed 20260719] epoch  45 loss=0.0363 comp=0.6675 spF_r=0.839 zMAEcy=0.171
  [seed 20260720] epoch  45 loss=0.0298 comp=0.6569 spF_r=0.830 zMAEcy=0.173
  [seed 20260716] epoch  46 loss=0.0302 comp=0.6777 spF_r=0.846 zMAEcy=0.168
  [seed 20260717] epoch  46 loss=0.0373 comp=0.6361 spF_r=0.826 zMAEcy=0.190
  [seed 20260719] epoch  46 loss=0.0334 comp=0.6724 spF_r=0.842 zMAEcy=0.170
  [seed 20260720] epoch  46 loss=0.0300 comp=0.6459 spF_r=0.829 zMAEcy=0.183
  [seed 20260716] epoch  47 loss=0.0286 comp=0.6640 spF_r=0.839 zMAEcy=0.175
  [seed 20260717] epoch  47 loss=0.0387 comp=0.6072 spF_r=0.834 zMAEcy=0.226
  [seed 20260719] epoch  47 loss=0.0316 comp=0.6691 spF_r=0.836 zMAEcy=0.167
  [seed 20260720] epoch  47 loss=0.0284 comp=0.6514 spF_r=0.829 zMAEcy=0.178
== markers ==
none
== rc ==
none
== heartbeat ==
age_s=6
== tmux ==
lpopt_20260721_081043: 1 windows (created Tue Jul 21 08:10:39 2026) [80x24]
== log tail ==
  [seed 20260716] epoch  48 loss=0.0296 comp=0.6712 spF_r=0.840 zMAEcy=0.169
  [seed 20260717] epoch  48 loss=0.0369 comp=0.6243 spF_r=0.831 zMAEcy=0.206
  [seed 20260719] epoch  48 loss=0.0313 comp=0.6695 spF_r=0.836 zMAEcy=0.166
  [seed 20260720] epoch  48 loss=0.0276 comp=0.6320 spF_r=0.832 zMAEcy=0.200
  [seed 20260716] epoch  49 loss=0.0278 comp=0.6790 spF_r=0.848 zMAEcy=0.169
  [seed 20260717] epoch  49 loss=0.0355 comp=0.6425 spF_r=0.828 zMAEcy=0.186
  [seed 20260719] epoch  49 loss=0.0298 comp=0.6644 spF_r=0.839 zMAEcy=0.174
  [seed 20260720] epoch  49 loss=0.0280 comp=0.6097 spF_r=0.832 zMAEcy=0.222
  [seed 20260716] epoch  50 loss=0.0276 comp=0.6781 spF_r=0.847 zMAEcy=0.169
  [seed 20260717] epoch  50 loss=0.0356 comp=0.6161 spF_r=0.824 zMAEcy=0.208
  [seed 20260719] epoch  50 loss=0.0299 comp=0.6654 spF_r=0.838 zMAEcy=0.173
  [seed 20260720] epoch  50 loss=0.0295 comp=0.6561 spF_r=0.834 zMAEcy=0.178
  [seed 20260716] epoch  51 loss=0.0275 comp=0.6776 spF_r=0.846 zMAEcy=0.168
  [seed 20260717] epoch  51 loss=0.0357 comp=0.6465 spF_r=0.830 zMAEcy=0.183
  [seed 20260719] epoch  51 loss=0.0292 comp=0.6607 spF_r=0.840 zMAEcy=0.180
  [seed 20260720] epoch  51 loss=0.0259 comp=0.6463 spF_r=0.831 zMAEcy=0.185
  [seed 20260716] epoch  52 loss=0.0276 comp=0.6739 spF_r=0.847 zMAEcy=0.173
  [seed 20260717] epoch  52 loss=0.0321 comp=0.6327 spF_r=0.826 zMAEcy=0.194
  [seed 20260719] epoch  52 loss=0.0276 comp=0.6646 spF_r=0.837 zMAEcy=0.172
  [seed 20260720] epoch  52 loss=0.0258 comp=0.6521 spF_r=0.829 zMAEcy=0.177
== markers ==
none
== rc ==
none
== heartbeat ==
age_s=6
== tmux ==
lpopt_20260721_081043: 1 windows (created Tue Jul 21 08:10:39 2026) [80x24]
== log tail ==
  [seed 20260716] epoch  53 loss=0.0248 comp=0.6632 spF_r=0.839 zMAEcy=0.176
  [seed 20260717] epoch  53 loss=0.0321 comp=0.6363 spF_r=0.829 zMAEcy=0.192
  [seed 20260719] epoch  53 loss=0.0282 comp=0.6717 spF_r=0.842 zMAEcy=0.170
  [seed 20260720] epoch  53 loss=0.0249 comp=0.6584 spF_r=0.833 zMAEcy=0.175
  [seed 20260716] epoch  54 loss=0.0250 comp=0.6764 spF_r=0.847 zMAEcy=0.171
  [seed 20260717] epoch  54 loss=0.0300 comp=0.6350 spF_r=0.833 zMAEcy=0.198
  [seed 20260719] epoch  54 loss=0.0277 comp=0.6472 spF_r=0.835 zMAEcy=0.188
  [seed 20260720] epoch  54 loss=0.0266 comp=0.6516 spF_r=0.836 zMAEcy=0.185
  [seed 20260716] epoch  55 loss=0.0262 comp=0.6840 spF_r=0.855 zMAEcy=0.171
  [seed 20260717] epoch  55 loss=0.0297 comp=0.6453 spF_r=0.833 zMAEcy=0.188
  [seed 20260719] epoch  55 loss=0.0279 comp=0.6469 spF_r=0.834 zMAEcy=0.187
  [seed 20260720] epoch  55 loss=0.0249 comp=0.6603 spF_r=0.836 zMAEcy=0.175
  [seed 20260716] epoch  56 loss=0.0259 comp=0.6576 spF_r=0.847 zMAEcy=0.190
  [seed 20260717] epoch  56 loss=0.0290 comp=0.6479 spF_r=0.834 zMAEcy=0.186
  [seed 20260719] epoch  56 loss=0.0304 comp=0.6718 spF_r=0.838 zMAEcy=0.166
  [seed 20260720] epoch  56 loss=0.0235 comp=0.6417 spF_r=0.834 zMAEcy=0.192
  [seed 20260716] epoch  57 loss=0.0240 comp=0.6731 spF_r=0.847 zMAEcy=0.174
  [seed 20260717] epoch  57 loss=0.0278 comp=0.6503 spF_r=0.835 zMAEcy=0.185
  [seed 20260719] epoch  57 loss=0.0261 comp=0.6625 spF_r=0.834 zMAEcy=0.172
  [seed 20260720] epoch  57 loss=0.0236 comp=0.6495 spF_r=0.836 zMAEcy=0.186
== markers ==
none
== rc ==
none
== heartbeat ==
age_s=7
== tmux ==
lpopt_20260721_081043: 1 windows (created Tue Jul 21 08:10:39 2026) [80x24]
== log tail ==
  [seed 20260716] epoch  58 loss=0.0233 comp=0.6671 spF_r=0.848 zMAEcy=0.181
  [seed 20260717] epoch  58 loss=0.0302 comp=0.6473 spF_r=0.834 zMAEcy=0.186
  [seed 20260719] epoch  58 loss=0.0254 comp=0.6633 spF_r=0.843 zMAEcy=0.180
  [seed 20260720] epoch  58 loss=0.0236 comp=0.6590 spF_r=0.837 zMAEcy=0.178
  [seed 20260716] epoch  59 loss=0.0237 comp=0.6846 spF_r=0.850 zMAEcy=0.166
  [seed 20260717] epoch  59 loss=0.0287 comp=0.6509 spF_r=0.835 zMAEcy=0.184
  [seed 20260719] epoch  59 loss=0.0254 comp=0.6652 spF_r=0.839 zMAEcy=0.173
  [seed 20260720] epoch  59 loss=0.0229 comp=0.6549 spF_r=0.835 zMAEcy=0.180
  [seed 20260716] epoch  60 loss=0.0233 comp=0.6655 spF_r=0.844 zMAEcy=0.178
  [seed 20260717] epoch  60 loss=0.0277 comp=0.6448 spF_r=0.833 zMAEcy=0.188
  [seed 20260719] epoch  60 loss=0.0266 comp=0.6534 spF_r=0.837 zMAEcy=0.184
  [seed 20260720] epoch  60 loss=0.0220 comp=0.6622 spF_r=0.837 zMAEcy=0.175
  [seed 20260716] epoch  61 loss=0.0220 comp=0.6815 spF_r=0.851 zMAEcy=0.170
  [seed 20260717] epoch  61 loss=0.0262 comp=0.6539 spF_r=0.830 zMAEcy=0.176
  [seed 20260719] epoch  61 loss=0.0254 comp=0.6629 spF_r=0.843 zMAEcy=0.180
  [seed 20260719] early stop at epoch 61 (best 46)
  [seed 20260720] epoch  61 loss=0.0216 comp=0.6574 spF_r=0.831 zMAEcy=0.174
  [seed 20260716] epoch  62 loss=0.0218 comp=0.6827 spF_r=0.849 zMAEcy=0.166
  [seed 20260717] epoch  62 loss=0.0264 comp=0.6497 spF_r=0.834 zMAEcy=0.184
  [seed 20260720] epoch  62 loss=0.0229 comp=0.6407 spF_r=0.832 zMAEcy=0.191
== markers ==
none
== rc ==
none
== heartbeat ==
age_s=7
== tmux ==
lpopt_20260721_081043: 1 windows (created Tue Jul 21 08:10:39 2026) [80x24]
== log tail ==
  [seed 20260717] epoch  62 loss=0.0264 comp=0.6497 spF_r=0.834 zMAEcy=0.184
  [seed 20260720] epoch  62 loss=0.0229 comp=0.6407 spF_r=0.832 zMAEcy=0.191
  [seed 20260716] epoch  63 loss=0.0217 comp=0.6783 spF_r=0.846 zMAEcy=0.168
  [seed 20260717] epoch  63 loss=0.0257 comp=0.6577 spF_r=0.838 zMAEcy=0.180
  [seed 20260720] epoch  63 loss=0.0214 comp=0.6539 spF_r=0.836 zMAEcy=0.182
  [seed 20260716] epoch  64 loss=0.0225 comp=0.6879 spF_r=0.851 zMAEcy=0.163
  [seed 20260717] epoch  64 loss=0.0243 comp=0.6534 spF_r=0.839 zMAEcy=0.185
  [seed 20260720] epoch  64 loss=0.0213 comp=0.6642 spF_r=0.839 zMAEcy=0.175
  [seed 20260716] epoch  65 loss=0.0214 comp=0.6661 spF_r=0.848 zMAEcy=0.182
  [seed 20260717] epoch  65 loss=0.0249 comp=0.6401 spF_r=0.834 zMAEcy=0.194
  [seed 20260720] epoch  65 loss=0.0199 comp=0.6598 spF_r=0.834 zMAEcy=0.174
  [seed 20260716] epoch  66 loss=0.0204 comp=0.6777 spF_r=0.845 zMAEcy=0.168
  [seed 20260717] epoch  66 loss=0.0247 comp=0.6494 spF_r=0.839 zMAEcy=0.190
  [seed 20260720] epoch  66 loss=0.0211 comp=0.6644 spF_r=0.836 zMAEcy=0.172
  [seed 20260716] epoch  67 loss=0.0194 comp=0.6741 spF_r=0.845 zMAEcy=0.171
  [seed 20260717] epoch  67 loss=0.0235 comp=0.6618 spF_r=0.839 zMAEcy=0.177
  [seed 20260720] epoch  67 loss=0.0206 comp=0.6707 spF_r=0.840 zMAEcy=0.169
  [seed 20260716] epoch  68 loss=0.0207 comp=0.6509 spF_r=0.847 zMAEcy=0.196
  [seed 20260717] epoch  68 loss=0.0229 comp=0.6344 spF_r=0.838 zMAEcy=0.203
  [seed 20260720] epoch  68 loss=0.0206 comp=0.6605 spF_r=0.840 zMAEcy=0.180
== markers ==
none
== rc ==
none
== heartbeat ==
age_s=7
== tmux ==
lpopt_20260721_081043: 1 windows (created Tue Jul 21 08:10:39 2026) [80x24]
== log tail ==
  [seed 20260717] epoch  69 loss=0.0231 comp=0.6562 spF_r=0.836 zMAEcy=0.180
  [seed 20260720] epoch  69 loss=0.0199 comp=0.6658 spF_r=0.837 zMAEcy=0.171
  [seed 20260716] epoch  70 loss=0.0190 comp=0.6749 spF_r=0.848 zMAEcy=0.173
  [seed 20260717] epoch  70 loss=0.0226 comp=0.6137 spF_r=0.838 zMAEcy=0.224
  [seed 20260720] epoch  70 loss=0.0193 comp=0.6577 spF_r=0.836 zMAEcy=0.178
  [seed 20260716] epoch  71 loss=0.0196 comp=0.6810 spF_r=0.848 zMAEcy=0.167
  [seed 20260717] epoch  71 loss=0.0226 comp=0.6513 spF_r=0.832 zMAEcy=0.181
  [seed 20260720] epoch  71 loss=0.0188 comp=0.6720 spF_r=0.844 zMAEcy=0.172
  [seed 20260716] epoch  72 loss=0.0196 comp=0.6812 spF_r=0.849 zMAEcy=0.168
  [seed 20260717] epoch  72 loss=0.0213 comp=0.6618 spF_r=0.840 zMAEcy=0.179
  [seed 20260720] epoch  72 loss=0.0186 comp=0.6737 spF_r=0.843 zMAEcy=0.170
  [seed 20260716] epoch  73 loss=0.0183 comp=0.6913 spF_r=0.853 zMAEcy=0.162
  [seed 20260717] epoch  73 loss=0.0212 comp=0.6567 spF_r=0.839 zMAEcy=0.182
  [seed 20260720] epoch  73 loss=0.0184 comp=0.6627 spF_r=0.841 zMAEcy=0.178
  [seed 20260716] epoch  74 loss=0.0178 comp=0.6712 spF_r=0.851 zMAEcy=0.179
  [seed 20260717] epoch  74 loss=0.0204 comp=0.6612 spF_r=0.838 zMAEcy=0.177
  [seed 20260720] epoch  74 loss=0.0189 comp=0.6625 spF_r=0.840 zMAEcy=0.177
  [seed 20260716] epoch  75 loss=0.0175 comp=0.6854 spF_r=0.851 zMAEcy=0.165
  [seed 20260717] epoch  75 loss=0.0209 comp=0.6511 spF_r=0.836 zMAEcy=0.185
  [seed 20260720] epoch  75 loss=0.0187 comp=0.6689 spF_r=0.844 zMAEcy=0.175
== markers ==
none
== rc ==
none
== heartbeat ==
age_s=8
== tmux ==
lpopt_20260721_081043: 1 windows (created Tue Jul 21 08:10:39 2026) [80x24]
== log tail ==
  [seed 20260717] epoch  75 loss=0.0209 comp=0.6511 spF_r=0.836 zMAEcy=0.185
  [seed 20260720] epoch  75 loss=0.0187 comp=0.6689 spF_r=0.844 zMAEcy=0.175
  [seed 20260716] epoch  76 loss=0.0175 comp=0.6766 spF_r=0.848 zMAEcy=0.171
  [seed 20260717] epoch  76 loss=0.0208 comp=0.6464 spF_r=0.836 zMAEcy=0.190
  [seed 20260720] epoch  76 loss=0.0193 comp=0.6645 spF_r=0.844 zMAEcy=0.180
  [seed 20260716] epoch  77 loss=0.0181 comp=0.6661 spF_r=0.849 zMAEcy=0.182
  [seed 20260717] epoch  77 loss=0.0201 comp=0.6554 spF_r=0.833 zMAEcy=0.178
  [seed 20260720] epoch  77 loss=0.0183 comp=0.6753 spF_r=0.845 zMAEcy=0.170
  [seed 20260716] epoch  78 loss=0.0177 comp=0.6891 spF_r=0.854 zMAEcy=0.165
  [seed 20260717] epoch  78 loss=0.0203 comp=0.6458 spF_r=0.836 zMAEcy=0.190
  [seed 20260720] epoch  78 loss=0.0179 comp=0.6753 spF_r=0.844 zMAEcy=0.168
  [seed 20260716] epoch  79 loss=0.0173 comp=0.6802 spF_r=0.848 zMAEcy=0.168
  [seed 20260717] epoch  79 loss=0.0188 comp=0.6556 spF_r=0.839 zMAEcy=0.183
  [seed 20260720] epoch  79 loss=0.0176 comp=0.6738 spF_r=0.843 zMAEcy=0.169
  [seed 20260716] epoch  80 loss=0.2346 comp=0.5897 spF_r=0.822 zMAEcy=0.233
  [seed 20260717] epoch  80 loss=-0.0260 comp=0.5970 spF_r=0.824 zMAEcy=0.227
  [seed 20260720] epoch  80 loss=0.0284 comp=0.6352 spF_r=0.820 zMAEcy=0.185
  [seed 20260716] epoch  81 loss=-0.1264 comp=0.6414 spF_r=0.837 zMAEcy=0.196
  [seed 20260717] epoch  81 loss=-0.1583 comp=0.6206 spF_r=0.833 zMAEcy=0.212
  [seed 20260720] epoch  81 loss=-0.1529 comp=0.6433 spF_r=0.834 zMAEcy=0.191
== markers ==
none
== rc ==
none
== heartbeat ==
age_s=8
== tmux ==
lpopt_20260721_081043: 1 windows (created Tue Jul 21 08:10:39 2026) [80x24]
== log tail ==
  [seed 20260717] epoch  83 loss=-0.1624 comp=0.6397 spF_r=0.836 zMAEcy=0.196
  [seed 20260720] epoch  83 loss=-0.1637 comp=0.6486 spF_r=0.833 zMAEcy=0.184
  [seed 20260716] epoch  84 loss=-0.1621 comp=0.6880 spF_r=0.858 zMAEcy=0.170
  [seed 20260717] epoch  84 loss=-0.1554 comp=0.6029 spF_r=0.836 zMAEcy=0.233
  [seed 20260720] epoch  84 loss=-0.1585 comp=0.6551 spF_r=0.837 zMAEcy=0.182
  [seed 20260716] epoch  85 loss=-0.1561 comp=0.6619 spF_r=0.852 zMAEcy=0.190
  [seed 20260717] epoch  85 loss=-0.1562 comp=0.6529 spF_r=0.833 zMAEcy=0.181
  [seed 20260720] epoch  85 loss=-0.1560 comp=0.6558 spF_r=0.837 zMAEcy=0.181
  [seed 20260716] epoch  86 loss=-0.1554 comp=0.6813 spF_r=0.849 zMAEcy=0.168
  [seed 20260717] epoch  86 loss=-0.1493 comp=0.6577 spF_r=0.834 zMAEcy=0.177
  [seed 20260720] epoch  86 loss=-0.1534 comp=0.6588 spF_r=0.841 zMAEcy=0.183
  [seed 20260716] epoch  87 loss=-0.1521 comp=0.6841 spF_r=0.850 zMAEcy=0.165
  [seed 20260717] epoch  87 loss=-0.1450 comp=0.6537 spF_r=0.831 zMAEcy=0.178
  [seed 20260717] early stop at epoch 87 (best 72)
  [seed 20260720] epoch  87 loss=-0.1449 comp=0.6666 spF_r=0.846 zMAEcy=0.179
  [seed 20260716] epoch  88 loss=-0.1461 comp=0.6839 spF_r=0.852 zMAEcy=0.168
  [seed 20260716] early stop at epoch 88 (best 73)
  [seed 20260720] epoch  88 loss=-0.1438 comp=0.6640 spF_r=0.839 zMAEcy=0.175
  [seed 20260720] epoch  89 loss=-0.1438 comp=0.6656 spF_r=0.845 zMAEcy=0.179
  [seed 20260720] epoch  90 loss=-0.1354 comp=0.6657 spF_r=0.843 zMAEcy=0.178
== markers ==
none
== rc ==
none
== heartbeat ==
age_s=8
== tmux ==
lpopt_20260721_081043: 1 windows (created Tue Jul 21 08:10:39 2026) [80x24]
== log tail ==
  [seed 20260720] epoch  90 loss=-0.1354 comp=0.6657 spF_r=0.843 zMAEcy=0.178
  [seed 20260720] epoch  91 loss=-0.1326 comp=0.6769 spF_r=0.844 zMAEcy=0.167
  [seed 20260720] epoch  92 loss=-0.1327 comp=0.6709 spF_r=0.842 zMAEcy=0.171
  [seed 20260720] epoch  93 loss=-0.1286 comp=0.6680 spF_r=0.843 zMAEcy=0.175
  [seed 20260720] epoch  94 loss=-0.1262 comp=0.6757 spF_r=0.848 zMAEcy=0.172
  [seed 20260720] epoch  95 loss=-0.1246 comp=0.6749 spF_r=0.850 zMAEcy=0.175
  [seed 20260720] epoch  96 loss=-0.1199 comp=0.6738 spF_r=0.846 zMAEcy=0.172
  [seed 20260720] epoch  97 loss=-0.1198 comp=0.6803 spF_r=0.851 zMAEcy=0.171
  [seed 20260720] epoch  98 loss=-0.1193 comp=0.6834 spF_r=0.851 zMAEcy=0.168
  [seed 20260720] epoch  99 loss=-0.1169 comp=0.6811 spF_r=0.849 zMAEcy=0.168
  [seed 20260720] epoch 100 loss=-0.1147 comp=0.6814 spF_r=0.850 zMAEcy=0.169
  [seed 20260720] epoch 101 loss=-0.1141 comp=0.6824 spF_r=0.845 zMAEcy=0.163
  [seed 20260720] epoch 102 loss=-0.1102 comp=0.6813 spF_r=0.849 zMAEcy=0.168
  [seed 20260720] epoch 103 loss=-0.1094 comp=0.6806 spF_r=0.848 zMAEcy=0.167
  [seed 20260720] epoch 104 loss=-0.1072 comp=0.6797 spF_r=0.848 zMAEcy=0.168
  [seed 20260720] epoch 105 loss=-0.1081 comp=0.6768 spF_r=0.844 zMAEcy=0.168
  [seed 20260720] epoch 106 loss=-0.1043 comp=0.6857 spF_r=0.849 zMAEcy=0.164
  [seed 20260720] epoch 107 loss=-0.1034 comp=0.6833 spF_r=0.849 zMAEcy=0.166
  [seed 20260720] epoch 108 loss=-0.1031 comp=0.6807 spF_r=0.848 zMAEcy=0.167
  [seed 20260720] epoch 109 loss=-0.1027 comp=0.6856 spF_r=0.851 zMAEcy=0.165
== markers ==
none
== rc ==
none
== heartbeat ==
age_s=9
== tmux ==
lpopt_20260721_081043: 1 windows (created Tue Jul 21 08:10:39 2026) [80x24]
== log tail ==
  [seed 20260720] epoch 105 loss=-0.1081 comp=0.6768 spF_r=0.844 zMAEcy=0.168
  [seed 20260720] epoch 106 loss=-0.1043 comp=0.6857 spF_r=0.849 zMAEcy=0.164
  [seed 20260720] epoch 107 loss=-0.1034 comp=0.6833 spF_r=0.849 zMAEcy=0.166
  [seed 20260720] epoch 108 loss=-0.1031 comp=0.6807 spF_r=0.848 zMAEcy=0.167
  [seed 20260720] epoch 109 loss=-0.1027 comp=0.6856 spF_r=0.851 zMAEcy=0.165
  [seed 20260720] epoch 110 loss=-0.0999 comp=0.6849 spF_r=0.853 zMAEcy=0.168
  [seed 20260720] epoch 111 loss=-0.0993 comp=0.6797 spF_r=0.846 zMAEcy=0.166
  [seed 20260720] epoch 112 loss=-0.0976 comp=0.6789 spF_r=0.848 zMAEcy=0.169
  [seed 20260720] epoch 113 loss=-0.0982 comp=0.6775 spF_r=0.846 zMAEcy=0.168
  [seed 20260720] epoch 114 loss=-0.0948 comp=0.6787 spF_r=0.847 zMAEcy=0.168
  [seed 20260720] epoch 115 loss=-0.0952 comp=0.6846 spF_r=0.850 zMAEcy=0.165
  [seed 20260720] epoch 116 loss=-0.0920 comp=0.6840 spF_r=0.851 zMAEcy=0.167
  [seed 20260720] epoch 117 loss=-0.0922 comp=0.6833 spF_r=0.850 zMAEcy=0.166
  [seed 20260720] epoch 118 loss=-0.0896 comp=0.6840 spF_r=0.851 zMAEcy=0.167
  [seed 20260720] epoch 119 loss=-0.0904 comp=0.6766 spF_r=0.846 zMAEcy=0.169
  [seed 20260720] epoch 120 loss=-0.0891 comp=0.6809 spF_r=0.849 zMAEcy=0.168
  [seed 20260720] epoch 121 loss=-0.0871 comp=0.6760 spF_r=0.844 zMAEcy=0.168
  [seed 20260720] early stop at epoch 121 (best 106)
=== chunk of 5 done in 1256.6s ===
=== calibration fitted ===
== markers ==
DONE
rc
== rc ==
0
== heartbeat ==
age_s=9
== tmux ==
no session
== log tail ==
  [seed 20260720] epoch 108 loss=-0.1031 comp=0.6807 spF_r=0.848 zMAEcy=0.167
  [seed 20260720] epoch 109 loss=-0.1027 comp=0.6856 spF_r=0.851 zMAEcy=0.165
  [seed 20260720] epoch 110 loss=-0.0999 comp=0.6849 spF_r=0.853 zMAEcy=0.168
  [seed 20260720] epoch 111 loss=-0.0993 comp=0.6797 spF_r=0.846 zMAEcy=0.166
  [seed 20260720] epoch 112 loss=-0.0976 comp=0.6789 spF_r=0.848 zMAEcy=0.169
  [seed 20260720] epoch 113 loss=-0.0982 comp=0.6775 spF_r=0.846 zMAEcy=0.168
  [seed 20260720] epoch 114 loss=-0.0948 comp=0.6787 spF_r=0.847 zMAEcy=0.168
  [seed 20260720] epoch 115 loss=-0.0952 comp=0.6846 spF_r=0.850 zMAEcy=0.165
  [seed 20260720] epoch 116 loss=-0.0920 comp=0.6840 spF_r=0.851 zMAEcy=0.167
  [seed 20260720] epoch 117 loss=-0.0922 comp=0.6833 spF_r=0.850 zMAEcy=0.166
  [seed 20260720] epoch 118 loss=-0.0896 comp=0.6840 spF_r=0.851 zMAEcy=0.167
  [seed 20260720] epoch 119 loss=-0.0904 comp=0.6766 spF_r=0.846 zMAEcy=0.169
  [seed 20260720] epoch 120 loss=-0.0891 comp=0.6809 spF_r=0.849 zMAEcy=0.168
  [seed 20260720] epoch 121 loss=-0.0871 comp=0.6760 spF_r=0.844 zMAEcy=0.168
  [seed 20260720] early stop at epoch 121 (best 106)
=== chunk of 5 done in 1256.6s ===
=== calibration fitted ===
=== per-cell cyclen calibration fitted: 38 cells ===
=== per-cell f_r calibration fitted: 38 cells ===
trained 5 member(s) into runs/20260721_081043
[pull] 20260721_081043 -> C:\Users\USER\Desktop\CT&RPL\2_Project\KNF_LEU+ 시범연료봉 장전 인허가 과제\2026\2_계산\5_RL\data\models\20260721_081043  (5 members: ['member_20260716', 'member_20260717', 'member_20260718', 'member_20260719', 'member_20260720'])
=== arm v5_minus_shape pulled to C:\Users\USER\Desktop\CT&RPL\2_Project\KNF_LEU+ 시범연료봉 장전 인허가 과제\2026\2_계산\5_RL\data\models\20260721_081043 ===
=== launching arm v5_distill ===
[train] session=lpopt_20260721_083556 gpu=1 args='--ensemble 5 --parallel-members 5 --split S1 --cond-schema v5 --base-seed 20260716 --device auto --num-workers 8 --censor-a-pin-labels --cyclen-physics-prior --quantile-heads --promote-max-asm-bu --distill-targets data/models/_v5_distill_soft.npz --distill-weight 0.3'
[train] launched lpopt_20260721_083556
== markers ==
none
== rc ==
none
== heartbeat ==
age_s=0
== tmux ==
lpopt_20260721_083556: 1 windows (created Tue Jul 21 08:35:52 2026) [80x24]
== log tail ==
== markers ==
none
== rc ==
none
== heartbeat ==
age_s=0
== tmux ==
lpopt_20260721_083556: 1 windows (created Tue Jul 21 08:35:52 2026) [80x24]
== log tail ==
device=cuda torch=2.11.0+cu128 cuda_avail=True
=== featurizing split (shared across members) ===
== markers ==
none
== rc ==
none
== heartbeat ==
age_s=1
== tmux ==
lpopt_20260721_083556: 1 windows (created Tue Jul 21 08:35:52 2026) [80x24]
== log tail ==
device=cuda torch=2.11.0+cu128 cuda_avail=True
=== featurizing split (shared across members) ===
== markers ==
none
== rc ==
none
== heartbeat ==
age_s=1
== tmux ==
lpopt_20260721_083556: 1 windows (created Tue Jul 21 08:35:52 2026) [80x24]
== log tail ==
  File "<frozen runpy>", line 88, in _run_code
  File "/home/USER/lpopt_ws/src/lpopt/model/train.py", line 1591, in <module>
    raise SystemExit(main())
                     ^^^^^^
  File "/home/USER/lpopt_ws/src/lpopt/model/train.py", line 1569, in main
    dirs = train_ensemble(
           ^^^^^^^^^^^^^^^
  File "/home/USER/lpopt_ws/src/lpopt/model/train.py", line 1369, in train_ensemble
    n_kd = attach_distill_targets(train_pre, cfg.distill_targets, target_names)
           ^^^^^^^^^^^^^^^^^^^^^^^^^^^^^^^^^^^^^^^^^^^^^^^^^^^^^^^^^^^^^^^^^^^^
  File "/home/USER/lpopt_ws/src/lpopt/model/train.py", line 1152, in attach_distill_targets
    cache = load_soft_targets(cache_path)
            ^^^^^^^^^^^^^^^^^^^^^^^^^^^^^
  File "/home/USER/lpopt_ws/src/lpopt/model/distill.py", line 165, in load_soft_targets
    z = np.load(Path(path), allow_pickle=False)
        ^^^^^^^^^^^^^^^^^^^^^^^^^^^^^^^^^^^^^^^
  File "/home/USER/lpopt_ws/venv/lib64/python3.11/site-packages/numpy/lib/_npyio_impl.py", line 454, in load
    fid = stack.enter_context(open(os.fspath(file), "rb"))
                              ^^^^^^^^^^^^^^^^^^^^^^^^^^^
FileNotFoundError: [Errno 2] No such file or directory: 'data/models/_v5_distill_soft.npz'
== markers ==
FAILED
rc
== rc ==
1
== heartbeat ==
age_s=61
== tmux ==
no session
== log tail ==
  File "<frozen runpy>", line 88, in _run_code
  File "/home/USER/lpopt_ws/src/lpopt/model/train.py", line 1591, in <module>
    raise SystemExit(main())
                     ^^^^^^
  File "/home/USER/lpopt_ws/src/lpopt/model/train.py", line 1569, in main
    dirs = train_ensemble(
           ^^^^^^^^^^^^^^^
  File "/home/USER/lpopt_ws/src/lpopt/model/train.py", line 1369, in train_ensemble
    n_kd = attach_distill_targets(train_pre, cfg.distill_targets, target_names)
           ^^^^^^^^^^^^^^^^^^^^^^^^^^^^^^^^^^^^^^^^^^^^^^^^^^^^^^^^^^^^^^^^^^^^
  File "/home/USER/lpopt_ws/src/lpopt/model/train.py", line 1152, in attach_distill_targets
    cache = load_soft_targets(cache_path)
            ^^^^^^^^^^^^^^^^^^^^^^^^^^^^^
  File "/home/USER/lpopt_ws/src/lpopt/model/distill.py", line 165, in load_soft_targets
    z = np.load(Path(path), allow_pickle=False)
        ^^^^^^^^^^^^^^^^^^^^^^^^^^^^^^^^^^^^^^^
  File "/home/USER/lpopt_ws/venv/lib64/python3.11/site-packages/numpy/lib/_npyio_impl.py", line 454, in load
    fid = stack.enter_context(open(os.fspath(file), "rb"))
                              ^^^^^^^^^^^^^^^^^^^^^^^^^^^
FileNotFoundError: [Errno 2] No such file or directory: 'data/models/_v5_distill_soft.npz'
Traceback (most recent call last):
  File "<frozen runpy>", line 198, in _run_module_as_main
  File "<frozen runpy>", line 88, in _run_code
  File "C:\Users\USER\Desktop\CT&RPL\2_Project\KNF_LEU+ 시범연료봉 장전 인허가 과제\2026\2_계산\5_RL\lpopt\__main__.py", line 8, in <module>
    raise SystemExit(main())
                     ~~~~^^
  File "C:\Users\USER\Desktop\CT&RPL\2_Project\KNF_LEU+ 시범연료봉 장전 인허가 과제\2026\2_계산\5_RL\lpopt\cli.py", line 1403, in main
    return int(args.func(args))
               ~~~~~~~~~^^^^^^
  File "C:\Users\USER\Desktop\CT&RPL\2_Project\KNF_LEU+ 시범연료봉 장전 인허가 과제\2026\2_계산\5_RL\lpopt\cli.py", line 597, in cmd_v5_experiment
    return int(run_from_args(args))
               ~~~~~~~~~~~~~^^^^^^
  File "C:\Users\USER\Desktop\CT&RPL\2_Project\KNF_LEU+ 시범연료봉 장전 인허가 과제\2026\2_계산\5_RL\lpopt\model\v5_experiment.py", line 787, in run_from_args
    return run_experiment(cfg, dry_run=bool(args.dry_run))
  File "C:\Users\USER\Desktop\CT&RPL\2_Project\KNF_LEU+ 시범연료봉 장전 인허가 과제\2026\2_계산\5_RL\lpopt\model\v5_experiment.py", line 533, in run_experiment
    raise RuntimeError(f"arm {arm.name} failed on the remote box "
                       f"(run {ts}); see its train.log")
RuntimeError: arm v5_distill failed on the remote box (run 20260721_083556); see its train.log
==========================================================================
v5 INTEGRATED A/B — PRE-REGISTERED PLAN
==========================================================================
split            : S1
honest holdout   : data/splits/S1.json :: groups.curriculum_val_by_cell
ensemble / seeds : 5 members, seeds [20260716, 20260717, 20260718, 20260719, 20260720]
champion (tail)  : data/models/20260721_061913
decision targets : cyclen, f_r
decision metrics : within_cell_spearman, calibrated_mae, legacy_tail_delta_mae, p_at_8

[1/1] v5_distill  (cond_schema=v5)
      v5_full + per-cell teacher soft-target distillation (full corpus)
      python -m lpopt.model.train --ensemble 5 --parallel-members 5 --split S1 --cond-schema v5 --base-seed 20260716 --device auto --num-workers 8 --censor-a-pin-labels --cyclen-physics-prior --quantile-heads --promote-max-asm-bu --distill-targets data/models/_v5_distill_soft.npz --distill-weight 0.3

validation: OK — every arm is runnable as printed.
=== deriving the per-cell best teacher map ===
  scored 20260716_195130
  scored 20260717_042152
  scored 20260717_132202
  scored 20260717_174451
  scored 20260717_213115
  scored 20260718_075428
  scored 20260718_100439
  scored 20260718_114204
  scored 20260718_121050
  scored 20260718_141527
  scored 20260718_143939
  scored 20260718_154600
  scored 20260718_162053
  scored 20260718_173149
  scored 20260718_200838
  scored 20260718_221932
  scored 20260719_002850
  scored 20260719_031134
  scored 20260719_035938
  scored 20260719_035946
  scored 20260719_051103
  scored 20260719_063011
  scored 20260719_063139
  scored 20260719_084819
  scored 20260719_113448
  scored 20260719_164201
  scored 20260719_172705
  scored 20260719_182601
  scored 20260719_232808
  scored 20260720_000516
  scored 20260720_004740
  scored 20260720_030909
  scored 20260720_051732
  scored 20260720_055743
  scored 20260720_064020
  scored 20260720_094559
  scored 20260720_103453
  scored 20260720_111932
  scored 20260720_141808
  scored 20260720_152617
  scored 20260720_163228
  scored 20260720_173505
  scored 20260720_182353
  scored 20260720_190946
  scored 20260720_195236
  scored 20260720_230640
  scored 20260720_235523
  scored 20260721_004652
  scored 20260721_013349
  scored 20260721_021916
  scored 20260721_044304
  scored 20260721_052931
  scored 20260721_061913
  scored 20260721_070717
  scored 20260721_073328
  scored 20260721_081043
=== teacher map written to data\models\_v5_teacher_map.json (36 cells) ===
=== building distillation soft targets for 42867 train rows from 36 per-cell teachers ===
=== pushing source + data to the remote box ===
[push] C:\Users\USER\Desktop\CT&RPL\2_Project\KNF_LEU+ 시범연료봉 장전 인허가 과제\2026\2_계산\5_RL -> USER@HOST_238:~/lpopt_ws
[push] source tar 0.5 MB, data tar 77.0 MB
[push] extracted
[push] pip install -e (server venv)...
[push] pip install OK
=== launching arm v5_distill ===
[train] session=lpopt_20260721_085636 gpu=1 args='--ensemble 5 --parallel-members 5 --split S1 --cond-schema v5 --base-seed 20260716 --device auto --num-workers 8 --censor-a-pin-labels --cyclen-physics-prior --quantile-heads --promote-max-asm-bu --distill-targets data/models/_v5_distill_soft.npz --distill-weight 0.3'
[train] launched lpopt_20260721_085636
== markers ==
none
== rc ==
none
== heartbeat ==
age_s=1
== tmux ==
lpopt_20260721_085636: 1 windows (created Tue Jul 21 08:56:31 2026) [80x24]
== log tail ==
== markers ==
none
== rc ==
none
== heartbeat ==
age_s=1
== tmux ==
lpopt_20260721_085636: 1 windows (created Tue Jul 21 08:56:31 2026) [80x24]
== log tail ==
device=cuda torch=2.11.0+cu128 cuda_avail=True
=== featurizing split (shared across members) ===
== markers ==
none
== rc ==
none
== heartbeat ==
age_s=1
== tmux ==
lpopt_20260721_085636: 1 windows (created Tue Jul 21 08:56:31 2026) [80x24]
== log tail ==
device=cuda torch=2.11.0+cu128 cuda_avail=True
=== featurizing split (shared across members) ===
== markers ==
none
== rc ==
none
== heartbeat ==
age_s=2
== tmux ==
lpopt_20260721_085636: 1 windows (created Tue Jul 21 08:56:31 2026) [80x24]
== log tail ==
device=cuda torch=2.11.0+cu128 cuda_avail=True
=== featurizing split (shared across members) ===
=== featurized train=42867 val=7352 in 147.1s ===
=== cyclen physics prior: alpha=10.1695 beta=605.92 n_fit=39589 train_pearson=0.8614 ===
=== distillation: soft targets on 0/42867 train rows (weight 0.3) ===
=== schedule: effective_batch=1024 lr=1.20e-03 warmup_epochs=80 device_resident=True parallel_members=5 torch_compile=False ===
=== training members 1-5/5 (seeds 20260716, 20260717, 20260718, 20260719, 20260720) ===
== markers ==
none
== rc ==
none
== heartbeat ==
age_s=2
== tmux ==
lpopt_20260721_085636: 1 windows (created Tue Jul 21 08:56:31 2026) [80x24]
== log tail ==
=== featurized train=42867 val=7352 in 147.1s ===
=== cyclen physics prior: alpha=10.1695 beta=605.92 n_fit=39589 train_pearson=0.8614 ===
=== distillation: soft targets on 0/42867 train rows (weight 0.3) ===
=== schedule: effective_batch=1024 lr=1.20e-03 warmup_epochs=80 device_resident=True parallel_members=5 torch_compile=False ===
=== training members 1-5/5 (seeds 20260716, 20260717, 20260718, 20260719, 20260720) ===
  [seed 20260716] epoch   0 loss=1.1177 comp=-0.1684 spF_r=0.112 zMAEcy=0.281
  [seed 20260717] epoch   0 loss=1.0334 comp=-0.2186 spF_r=0.118 zMAEcy=0.337
  [seed 20260718] epoch   0 loss=1.0688 comp=-0.2378 spF_r=0.124 zMAEcy=0.362
  [seed 20260719] epoch   0 loss=1.0489 comp=-0.0777 spF_r=0.181 zMAEcy=0.259
  [seed 20260720] epoch   0 loss=1.0631 comp=-0.1159 spF_r=0.166 zMAEcy=0.282
  [seed 20260716] epoch   1 loss=0.6597 comp=0.1862 spF_r=0.472 zMAEcy=0.286
  [seed 20260717] epoch   1 loss=0.6474 comp=0.1834 spF_r=0.434 zMAEcy=0.251
  [seed 20260718] epoch   1 loss=0.6731 comp=0.0297 spF_r=0.337 zMAEcy=0.307
  [seed 20260719] epoch   1 loss=0.6980 comp=0.0950 spF_r=0.364 zMAEcy=0.269
  [seed 20260720] epoch   1 loss=0.7216 comp=0.0952 spF_r=0.351 zMAEcy=0.255
  [seed 20260716] epoch   2 loss=0.5382 comp=0.3292 spF_r=0.566 zMAEcy=0.237
  [seed 20260717] epoch   2 loss=0.5104 comp=0.3685 spF_r=0.605 zMAEcy=0.236
  [seed 20260718] epoch   2 loss=0.5321 comp=0.2876 spF_r=0.532 zMAEcy=0.244
  [seed 20260719] epoch   2 loss=0.5615 comp=0.1901 spF_r=0.445 zMAEcy=0.255
  [seed 20260720] epoch   2 loss=0.5264 comp=0.3678 spF_r=0.624 zMAEcy=0.256
== markers ==
none
== rc ==
none
== heartbeat ==
age_s=2
== tmux ==
lpopt_20260721_085636: 1 windows (created Tue Jul 21 08:56:31 2026) [80x24]
== log tail ==
  [seed 20260716] epoch   3 loss=0.4932 comp=0.3468 spF_r=0.609 zMAEcy=0.263
  [seed 20260717] epoch   3 loss=0.4521 comp=0.4246 spF_r=0.667 zMAEcy=0.242
  [seed 20260718] epoch   3 loss=0.4816 comp=0.4565 spF_r=0.658 zMAEcy=0.202
  [seed 20260719] epoch   3 loss=0.4807 comp=0.3003 spF_r=0.538 zMAEcy=0.238
  [seed 20260720] epoch   3 loss=0.4399 comp=0.4501 spF_r=0.691 zMAEcy=0.241
  [seed 20260716] epoch   4 loss=0.4678 comp=0.4468 spF_r=0.674 zMAEcy=0.227
  [seed 20260717] epoch   4 loss=0.4047 comp=0.4838 spF_r=0.693 zMAEcy=0.209
  [seed 20260718] epoch   4 loss=0.4244 comp=0.4201 spF_r=0.685 zMAEcy=0.265
  [seed 20260719] epoch   4 loss=0.4569 comp=0.3477 spF_r=0.607 zMAEcy=0.259
  [seed 20260720] epoch   4 loss=0.4065 comp=0.5158 spF_r=0.729 zMAEcy=0.213
  [seed 20260716] epoch   5 loss=0.4186 comp=0.4113 spF_r=0.692 zMAEcy=0.281
  [seed 20260717] epoch   5 loss=0.3896 comp=0.5001 spF_r=0.710 zMAEcy=0.209
  [seed 20260718] epoch   5 loss=0.4075 comp=0.4655 spF_r=0.712 zMAEcy=0.247
  [seed 20260719] epoch   5 loss=0.4153 comp=0.4438 spF_r=0.657 zMAEcy=0.213
  [seed 20260720] epoch   5 loss=0.3900 comp=0.5183 spF_r=0.723 zMAEcy=0.205
  [seed 20260716] epoch   6 loss=0.4103 comp=0.4877 spF_r=0.708 zMAEcy=0.220
  [seed 20260717] epoch   6 loss=0.3672 comp=0.5224 spF_r=0.723 zMAEcy=0.200
  [seed 20260718] epoch   6 loss=0.3839 comp=0.5413 spF_r=0.738 zMAEcy=0.197
  [seed 20260719] epoch   6 loss=0.3850 comp=0.4636 spF_r=0.694 zMAEcy=0.230
  [seed 20260720] epoch   6 loss=0.3680 comp=0.5500 spF_r=0.758 zMAEcy=0.208
== markers ==
none
== rc ==
none
== heartbeat ==
age_s=3
== tmux ==
lpopt_20260721_085636: 1 windows (created Tue Jul 21 08:56:31 2026) [80x24]
== log tail ==
  [seed 20260716] epoch   7 loss=0.3794 comp=0.5148 spF_r=0.721 zMAEcy=0.206
  [seed 20260717] epoch   7 loss=0.3525 comp=0.5320 spF_r=0.736 zMAEcy=0.204
  [seed 20260718] epoch   7 loss=0.3603 comp=0.5418 spF_r=0.739 zMAEcy=0.198
  [seed 20260719] epoch   7 loss=0.3707 comp=0.4668 spF_r=0.700 zMAEcy=0.233
  [seed 20260720] epoch   7 loss=0.3497 comp=0.5388 spF_r=0.754 zMAEcy=0.215
  [seed 20260716] epoch   8 loss=0.3691 comp=0.5258 spF_r=0.734 zMAEcy=0.208
  [seed 20260717] epoch   8 loss=0.3305 comp=0.5446 spF_r=0.740 zMAEcy=0.195
  [seed 20260718] epoch   8 loss=0.3395 comp=0.5481 spF_r=0.752 zMAEcy=0.204
  [seed 20260719] epoch   8 loss=0.3513 comp=0.5185 spF_r=0.722 zMAEcy=0.204
  [seed 20260720] epoch   8 loss=0.3362 comp=0.5707 spF_r=0.769 zMAEcy=0.199
  [seed 20260716] epoch   9 loss=0.3634 comp=0.5313 spF_r=0.750 zMAEcy=0.219
  [seed 20260717] epoch   9 loss=0.3075 comp=0.5383 spF_r=0.750 zMAEcy=0.212
  [seed 20260718] epoch   9 loss=0.3213 comp=0.5524 spF_r=0.762 zMAEcy=0.210
  [seed 20260719] epoch   9 loss=0.3299 comp=0.5150 spF_r=0.717 zMAEcy=0.202
  [seed 20260720] epoch   9 loss=0.3218 comp=0.5594 spF_r=0.767 zMAEcy=0.208
  [seed 20260716] epoch  10 loss=0.3384 comp=0.4659 spF_r=0.746 zMAEcy=0.280
  [seed 20260717] epoch  10 loss=0.2833 comp=0.5493 spF_r=0.749 zMAEcy=0.200
  [seed 20260718] epoch  10 loss=0.3039 comp=0.5703 spF_r=0.762 zMAEcy=0.192
  [seed 20260719] epoch  10 loss=0.3146 comp=0.5435 spF_r=0.743 zMAEcy=0.200
  [seed 20260720] epoch  10 loss=0.3092 comp=0.5670 spF_r=0.775 zMAEcy=0.208
== markers ==
none
== rc ==
none
== heartbeat ==
age_s=2
== tmux ==
lpopt_20260721_085636: 1 windows (created Tue Jul 21 08:56:31 2026) [80x24]
== log tail ==
  [seed 20260716] epoch  11 loss=0.3556 comp=0.5570 spF_r=0.760 zMAEcy=0.203
  [seed 20260717] epoch  11 loss=0.2773 comp=0.5634 spF_r=0.741 zMAEcy=0.178
  [seed 20260718] epoch  11 loss=0.2775 comp=0.5474 spF_r=0.762 zMAEcy=0.215
  [seed 20260719] epoch  11 loss=0.2930 comp=0.4493 spF_r=0.750 zMAEcy=0.300
  [seed 20260720] epoch  11 loss=0.2736 comp=0.5962 spF_r=0.774 zMAEcy=0.178
  [seed 20260716] epoch  12 loss=0.3104 comp=0.5687 spF_r=0.770 zMAEcy=0.201
  [seed 20260717] epoch  12 loss=0.2505 comp=0.4951 spF_r=0.746 zMAEcy=0.251
  [seed 20260718] epoch  12 loss=0.2636 comp=0.5267 spF_r=0.762 zMAEcy=0.236
  [seed 20260719] epoch  12 loss=0.2586 comp=0.5193 spF_r=0.750 zMAEcy=0.230
  [seed 20260720] epoch  12 loss=0.2707 comp=0.4807 spF_r=0.767 zMAEcy=0.286
  [seed 20260716] epoch  13 loss=0.3022 comp=0.5844 spF_r=0.766 zMAEcy=0.181
  [seed 20260717] epoch  13 loss=0.2111 comp=0.5532 spF_r=0.761 zMAEcy=0.208
  [seed 20260718] epoch  13 loss=0.2387 comp=0.5702 spF_r=0.770 zMAEcy=0.199
  [seed 20260719] epoch  13 loss=0.2560 comp=0.5297 spF_r=0.748 zMAEcy=0.219
  [seed 20260720] epoch  13 loss=0.2199 comp=0.5751 spF_r=0.778 zMAEcy=0.203
  [seed 20260716] epoch  14 loss=0.2753 comp=0.5852 spF_r=0.775 zMAEcy=0.190
  [seed 20260717] epoch  14 loss=0.2235 comp=0.5541 spF_r=0.750 zMAEcy=0.196
  [seed 20260718] epoch  14 loss=0.2015 comp=0.5771 spF_r=0.771 zMAEcy=0.194
  [seed 20260719] epoch  14 loss=0.2102 comp=0.5787 spF_r=0.778 zMAEcy=0.199
  [seed 20260720] epoch  14 loss=0.2274 comp=0.5721 spF_r=0.785 zMAEcy=0.213
== markers ==
none
== rc ==
none
== heartbeat ==
age_s=2
== tmux ==
lpopt_20260721_085636: 1 windows (created Tue Jul 21 08:56:31 2026) [80x24]
== log tail ==
  [seed 20260716] epoch  15 loss=0.2624 comp=0.5297 spF_r=0.765 zMAEcy=0.235
  [seed 20260717] epoch  15 loss=0.1792 comp=0.5758 spF_r=0.763 zMAEcy=0.187
  [seed 20260718] epoch  15 loss=0.1891 comp=0.5845 spF_r=0.776 zMAEcy=0.192
  [seed 20260719] epoch  15 loss=0.1795 comp=0.6031 spF_r=0.780 zMAEcy=0.177
  [seed 20260720] epoch  15 loss=0.1849 comp=0.5593 spF_r=0.793 zMAEcy=0.234
  [seed 20260716] epoch  16 loss=0.2248 comp=0.5787 spF_r=0.771 zMAEcy=0.192
  [seed 20260717] epoch  16 loss=0.1582 comp=0.5896 spF_r=0.767 zMAEcy=0.177
  [seed 20260718] epoch  16 loss=0.1713 comp=0.5994 spF_r=0.783 zMAEcy=0.184
  [seed 20260719] epoch  16 loss=0.1706 comp=0.4976 spF_r=0.770 zMAEcy=0.272
  [seed 20260720] epoch  16 loss=0.1528 comp=0.6147 spF_r=0.795 zMAEcy=0.180
  [seed 20260716] epoch  17 loss=0.1929 comp=0.5899 spF_r=0.780 zMAEcy=0.190
  [seed 20260717] epoch  17 loss=0.1561 comp=0.5871 spF_r=0.759 zMAEcy=0.172
  [seed 20260718] epoch  17 loss=0.1735 comp=0.5754 spF_r=0.773 zMAEcy=0.198
  [seed 20260719] epoch  17 loss=0.1936 comp=0.5970 spF_r=0.776 zMAEcy=0.179
  [seed 20260720] epoch  17 loss=0.1484 comp=0.6213 spF_r=0.801 zMAEcy=0.180
  [seed 20260716] epoch  18 loss=0.2191 comp=0.5821 spF_r=0.762 zMAEcy=0.180
  [seed 20260717] epoch  18 loss=0.1572 comp=0.5410 spF_r=0.764 zMAEcy=0.223
  [seed 20260718] epoch  18 loss=0.1470 comp=0.6057 spF_r=0.788 zMAEcy=0.182
  [seed 20260719] epoch  18 loss=0.1446 comp=0.5174 spF_r=0.786 zMAEcy=0.269
  [seed 20260720] epoch  18 loss=0.1349 comp=0.6113 spF_r=0.804 zMAEcy=0.193
== markers ==
none
== rc ==
none
== heartbeat ==
age_s=3
== tmux ==
lpopt_20260721_085636: 1 windows (created Tue Jul 21 08:56:31 2026) [80x24]
== log tail ==
  [seed 20260716] epoch  19 loss=0.1775 comp=0.5882 spF_r=0.772 zMAEcy=0.183
  [seed 20260717] epoch  19 loss=0.1615 comp=0.6116 spF_r=0.776 zMAEcy=0.164
  [seed 20260718] epoch  19 loss=0.1264 comp=0.6087 spF_r=0.792 zMAEcy=0.184
  [seed 20260719] epoch  19 loss=0.1453 comp=0.5969 spF_r=0.776 zMAEcy=0.179
  [seed 20260720] epoch  19 loss=0.1260 comp=0.5981 spF_r=0.804 zMAEcy=0.206
  [seed 20260716] epoch  20 loss=0.1593 comp=0.6133 spF_r=0.785 zMAEcy=0.172
  [seed 20260717] epoch  20 loss=0.1135 comp=0.6134 spF_r=0.783 zMAEcy=0.170
  [seed 20260718] epoch  20 loss=0.1422 comp=0.5983 spF_r=0.787 zMAEcy=0.189
  [seed 20260719] epoch  20 loss=0.1334 comp=0.6132 spF_r=0.785 zMAEcy=0.171
  [seed 20260720] epoch  20 loss=0.1371 comp=0.6207 spF_r=0.809 zMAEcy=0.188
  [seed 20260716] epoch  21 loss=0.1380 comp=0.6099 spF_r=0.795 zMAEcy=0.185
  [seed 20260717] epoch  21 loss=0.0973 comp=0.6210 spF_r=0.791 zMAEcy=0.170
  [seed 20260718] epoch  21 loss=0.1412 comp=0.5682 spF_r=0.781 zMAEcy=0.213
  [seed 20260719] epoch  21 loss=0.1177 comp=0.6181 spF_r=0.796 zMAEcy=0.178
  [seed 20260720] epoch  21 loss=0.1336 comp=0.6143 spF_r=0.812 zMAEcy=0.198
  [seed 20260716] epoch  22 loss=0.1410 comp=0.6032 spF_r=0.790 zMAEcy=0.187
  [seed 20260717] epoch  22 loss=0.0921 comp=0.6132 spF_r=0.796 zMAEcy=0.182
  [seed 20260718] epoch  22 loss=0.1199 comp=0.6046 spF_r=0.790 zMAEcy=0.185
  [seed 20260719] epoch  22 loss=0.1226 comp=0.6251 spF_r=0.799 zMAEcy=0.174
  [seed 20260720] epoch  22 loss=0.1200 comp=0.6219 spF_r=0.808 zMAEcy=0.186
== markers ==
none
== rc ==
none
== heartbeat ==
age_s=3
== tmux ==
lpopt_20260721_085636: 1 windows (created Tue Jul 21 08:56:31 2026) [80x24]
== log tail ==
  [seed 20260716] epoch  23 loss=0.1398 comp=0.5612 spF_r=0.784 zMAEcy=0.223
  [seed 20260717] epoch  23 loss=0.0895 comp=0.6283 spF_r=0.797 zMAEcy=0.169
  [seed 20260718] epoch  23 loss=0.1002 comp=0.6068 spF_r=0.783 zMAEcy=0.177
  [seed 20260719] epoch  23 loss=0.1166 comp=0.6278 spF_r=0.792 zMAEcy=0.164
  [seed 20260720] epoch  23 loss=0.1023 comp=0.6445 spF_r=0.817 zMAEcy=0.172
  [seed 20260716] epoch  24 loss=0.1225 comp=0.5971 spF_r=0.791 zMAEcy=0.194
  [seed 20260717] epoch  24 loss=0.0778 comp=0.6470 spF_r=0.797 zMAEcy=0.150
  [seed 20260718] epoch  24 loss=0.1009 comp=0.6087 spF_r=0.787 zMAEcy=0.178
  [seed 20260719] epoch  24 loss=0.1012 comp=0.5881 spF_r=0.795 zMAEcy=0.207
  [seed 20260720] epoch  24 loss=0.0975 comp=0.6422 spF_r=0.822 zMAEcy=0.180
  [seed 20260716] epoch  25 loss=0.1260 comp=0.6273 spF_r=0.790 zMAEcy=0.163
  [seed 20260717] epoch  25 loss=0.0717 comp=0.6445 spF_r=0.799 zMAEcy=0.155
  [seed 20260718] epoch  25 loss=0.0997 comp=0.5897 spF_r=0.792 zMAEcy=0.203
  [seed 20260719] epoch  25 loss=0.0927 comp=0.6236 spF_r=0.806 zMAEcy=0.183
  [seed 20260720] epoch  25 loss=0.0865 comp=0.6246 spF_r=0.818 zMAEcy=0.193
  [seed 20260716] epoch  26 loss=0.1093 comp=0.6250 spF_r=0.796 zMAEcy=0.171
  [seed 20260717] epoch  26 loss=0.0672 comp=0.6370 spF_r=0.803 zMAEcy=0.166
  [seed 20260718] epoch  26 loss=0.1253 comp=0.6210 spF_r=0.795 zMAEcy=0.174
  [seed 20260719] epoch  26 loss=0.0834 comp=0.6554 spF_r=0.815 zMAEcy=0.160
  [seed 20260720] epoch  26 loss=0.0767 comp=0.6446 spF_r=0.828 zMAEcy=0.184
== markers ==
none
== rc ==
none
== heartbeat ==
age_s=3
== tmux ==
lpopt_20260721_085636: 1 windows (created Tue Jul 21 08:56:31 2026) [80x24]
== log tail ==
  [seed 20260716] epoch  27 loss=0.1569 comp=0.5903 spF_r=0.777 zMAEcy=0.186
  [seed 20260717] epoch  27 loss=0.0608 comp=0.6411 spF_r=0.794 zMAEcy=0.153
  [seed 20260718] epoch  27 loss=0.0932 comp=0.6277 spF_r=0.794 zMAEcy=0.166
  [seed 20260719] epoch  27 loss=0.0791 comp=0.6514 spF_r=0.817 zMAEcy=0.166
  [seed 20260720] epoch  27 loss=0.0689 comp=0.6738 spF_r=0.837 zMAEcy=0.163
  [seed 20260716] epoch  28 loss=0.1246 comp=0.6258 spF_r=0.797 zMAEcy=0.171
  [seed 20260717] epoch  28 loss=0.0597 comp=0.6333 spF_r=0.796 zMAEcy=0.163
  [seed 20260718] epoch  28 loss=0.0772 comp=0.6347 spF_r=0.797 zMAEcy=0.162
  [seed 20260719] epoch  28 loss=0.0707 comp=0.6540 spF_r=0.812 zMAEcy=0.158
  [seed 20260720] epoch  28 loss=0.0623 comp=0.6725 spF_r=0.834 zMAEcy=0.162
  [seed 20260716] epoch  29 loss=0.0957 comp=0.6397 spF_r=0.801 zMAEcy=0.162
  [seed 20260717] epoch  29 loss=0.0548 comp=0.6381 spF_r=0.794 zMAEcy=0.156
  [seed 20260718] epoch  29 loss=0.0685 comp=0.6307 spF_r=0.805 zMAEcy=0.174
  [seed 20260719] epoch  29 loss=0.0682 comp=0.6397 spF_r=0.817 zMAEcy=0.177
  [seed 20260720] epoch  29 loss=0.0566 comp=0.6707 spF_r=0.837 zMAEcy=0.167
  [seed 20260716] epoch  30 loss=0.0833 comp=0.6445 spF_r=0.806 zMAEcy=0.161
  [seed 20260717] epoch  30 loss=0.0539 comp=0.5780 spF_r=0.801 zMAEcy=0.223
  [seed 20260718] epoch  30 loss=0.0678 comp=0.5982 spF_r=0.807 zMAEcy=0.209
  [seed 20260719] epoch  30 loss=0.0670 comp=0.6523 spF_r=0.817 zMAEcy=0.165
  [seed 20260720] epoch  30 loss=0.0549 comp=0.6772 spF_r=0.838 zMAEcy=0.161
== markers ==
none
== rc ==
none
== heartbeat ==
age_s=3
== tmux ==
lpopt_20260721_085636: 1 windows (created Tue Jul 21 08:56:31 2026) [80x24]
== log tail ==
  [seed 20260716] epoch  30 loss=0.0833 comp=0.6445 spF_r=0.806 zMAEcy=0.161
  [seed 20260717] epoch  30 loss=0.0539 comp=0.5780 spF_r=0.801 zMAEcy=0.223
  [seed 20260718] epoch  30 loss=0.0678 comp=0.5982 spF_r=0.807 zMAEcy=0.209
  [seed 20260719] epoch  30 loss=0.0670 comp=0.6523 spF_r=0.817 zMAEcy=0.165
  [seed 20260720] epoch  30 loss=0.0549 comp=0.6772 spF_r=0.838 zMAEcy=0.161
  [seed 20260716] epoch  31 loss=0.0767 comp=0.6503 spF_r=0.806 zMAEcy=0.156
  [seed 20260717] epoch  31 loss=0.0497 comp=0.6432 spF_r=0.796 zMAEcy=0.153
  [seed 20260718] epoch  31 loss=0.0620 comp=0.6141 spF_r=0.811 zMAEcy=0.197
  [seed 20260719] epoch  31 loss=0.0594 comp=0.6637 spF_r=0.824 zMAEcy=0.160
  [seed 20260720] epoch  31 loss=0.0516 comp=0.6697 spF_r=0.838 zMAEcy=0.168
  [seed 20260716] epoch  32 loss=0.0719 comp=0.6425 spF_r=0.801 zMAEcy=0.158
  [seed 20260717] epoch  32 loss=0.0437 comp=0.6120 spF_r=0.804 zMAEcy=0.192
  [seed 20260718] epoch  32 loss=0.0566 comp=0.6424 spF_r=0.803 zMAEcy=0.161
  [seed 20260719] epoch  32 loss=0.0591 comp=0.6674 spF_r=0.823 zMAEcy=0.156
  [seed 20260720] epoch  32 loss=0.0503 comp=0.6681 spF_r=0.837 zMAEcy=0.169
  [seed 20260716] epoch  33 loss=0.0655 comp=0.6471 spF_r=0.799 zMAEcy=0.152
  [seed 20260717] epoch  33 loss=0.0438 comp=0.6378 spF_r=0.800 zMAEcy=0.162
  [seed 20260718] epoch  33 loss=0.0531 comp=0.6385 spF_r=0.807 zMAEcy=0.168
  [seed 20260719] epoch  33 loss=0.0545 comp=0.6696 spF_r=0.827 zMAEcy=0.157
  [seed 20260720] epoch  33 loss=0.0472 comp=0.6654 spF_r=0.837 zMAEcy=0.172
== markers ==
none
== rc ==
none
== heartbeat ==
age_s=4
== tmux ==
lpopt_20260721_085636: 1 windows (created Tue Jul 21 08:56:31 2026) [80x24]
== log tail ==
  [seed 20260716] epoch  34 loss=0.0624 comp=0.6528 spF_r=0.805 zMAEcy=0.153
  [seed 20260717] epoch  34 loss=0.0416 comp=0.6514 spF_r=0.804 zMAEcy=0.153
  [seed 20260718] epoch  34 loss=0.0509 comp=0.6559 spF_r=0.814 zMAEcy=0.158
  [seed 20260719] epoch  34 loss=0.0551 comp=0.6646 spF_r=0.830 zMAEcy=0.165
  [seed 20260720] epoch  34 loss=0.0441 comp=0.6704 spF_r=0.841 zMAEcy=0.171
  [seed 20260716] epoch  35 loss=0.0631 comp=0.6507 spF_r=0.809 zMAEcy=0.158
  [seed 20260717] epoch  35 loss=0.0396 comp=0.6493 spF_r=0.806 zMAEcy=0.157
  [seed 20260718] epoch  35 loss=0.0491 comp=0.6570 spF_r=0.812 zMAEcy=0.155
  [seed 20260719] epoch  35 loss=0.0506 comp=0.6514 spF_r=0.825 zMAEcy=0.174
  [seed 20260720] epoch  35 loss=0.0443 comp=0.6566 spF_r=0.839 zMAEcy=0.183
  [seed 20260716] epoch  36 loss=0.0573 comp=0.6158 spF_r=0.807 zMAEcy=0.191
  [seed 20260717] epoch  36 loss=0.0396 comp=0.6547 spF_r=0.805 zMAEcy=0.150
  [seed 20260718] epoch  36 loss=0.0503 comp=0.6492 spF_r=0.808 zMAEcy=0.159
  [seed 20260719] epoch  36 loss=0.0487 comp=0.6563 spF_r=0.827 zMAEcy=0.170
  [seed 20260720] epoch  36 loss=0.0404 comp=0.6495 spF_r=0.835 zMAEcy=0.185
  [seed 20260716] epoch  37 loss=0.0545 comp=0.6637 spF_r=0.817 zMAEcy=0.153
  [seed 20260717] epoch  37 loss=0.0409 comp=0.6541 spF_r=0.806 zMAEcy=0.152
  [seed 20260718] epoch  37 loss=0.0462 comp=0.6504 spF_r=0.809 zMAEcy=0.159
  [seed 20260719] epoch  37 loss=0.0467 comp=0.6523 spF_r=0.829 zMAEcy=0.177
  [seed 20260720] epoch  37 loss=0.0417 comp=0.6398 spF_r=0.842 zMAEcy=0.202
== markers ==
none
== rc ==
none
== heartbeat ==
age_s=4
== tmux ==
lpopt_20260721_085636: 1 windows (created Tue Jul 21 08:56:31 2026) [80x24]
== log tail ==
  [seed 20260716] epoch  38 loss=0.0522 comp=0.6487 spF_r=0.812 zMAEcy=0.163
  [seed 20260717] epoch  38 loss=0.0364 comp=0.6257 spF_r=0.805 zMAEcy=0.180
  [seed 20260718] epoch  38 loss=0.0417 comp=0.6419 spF_r=0.812 zMAEcy=0.170
  [seed 20260719] epoch  38 loss=0.0457 comp=0.6747 spF_r=0.833 zMAEcy=0.158
  [seed 20260720] epoch  38 loss=0.0390 comp=0.6582 spF_r=0.841 zMAEcy=0.183
  [seed 20260716] epoch  39 loss=0.0502 comp=0.6633 spF_r=0.819 zMAEcy=0.155
  [seed 20260717] epoch  39 loss=0.0351 comp=0.6450 spF_r=0.804 zMAEcy=0.159
  [seed 20260718] epoch  39 loss=0.0413 comp=0.6524 spF_r=0.813 zMAEcy=0.161
  [seed 20260719] epoch  39 loss=0.0415 comp=0.6791 spF_r=0.832 zMAEcy=0.153
  [seed 20260720] epoch  39 loss=0.0376 comp=0.6341 spF_r=0.841 zMAEcy=0.207
  [seed 20260716] epoch  40 loss=0.0480 comp=0.6555 spF_r=0.811 zMAEcy=0.156
  [seed 20260717] epoch  40 loss=0.0322 comp=0.6564 spF_r=0.808 zMAEcy=0.152
  [seed 20260718] epoch  40 loss=0.0390 comp=0.6440 spF_r=0.813 zMAEcy=0.169
  [seed 20260719] epoch  40 loss=0.0464 comp=0.6739 spF_r=0.831 zMAEcy=0.157
  [seed 20260720] epoch  40 loss=0.0354 comp=0.6503 spF_r=0.847 zMAEcy=0.196
  [seed 20260716] epoch  41 loss=0.0477 comp=0.6414 spF_r=0.819 zMAEcy=0.178
  [seed 20260717] epoch  41 loss=0.0317 comp=0.6541 spF_r=0.810 zMAEcy=0.156
  [seed 20260718] epoch  41 loss=0.0383 comp=0.6557 spF_r=0.814 zMAEcy=0.158
  [seed 20260719] epoch  41 loss=0.0423 comp=0.6740 spF_r=0.838 zMAEcy=0.164
  [seed 20260720] epoch  41 loss=0.0352 comp=0.6754 spF_r=0.842 zMAEcy=0.166
== markers ==
none
== rc ==
none
== heartbeat ==
age_s=4
== tmux ==
lpopt_20260721_085636: 1 windows (created Tue Jul 21 08:56:31 2026) [80x24]
== log tail ==
  [seed 20260716] epoch  42 loss=0.0449 comp=0.6368 spF_r=0.818 zMAEcy=0.181
  [seed 20260717] epoch  42 loss=0.0320 comp=0.6534 spF_r=0.813 zMAEcy=0.159
  [seed 20260718] epoch  42 loss=0.0385 comp=0.6305 spF_r=0.812 zMAEcy=0.182
  [seed 20260719] epoch  42 loss=0.0401 comp=0.6803 spF_r=0.837 zMAEcy=0.156
  [seed 20260720] epoch  42 loss=0.0347 comp=0.6603 spF_r=0.847 zMAEcy=0.187
  [seed 20260716] epoch  43 loss=0.0470 comp=0.6243 spF_r=0.812 zMAEcy=0.188
  [seed 20260717] epoch  43 loss=0.0305 comp=0.6526 spF_r=0.811 zMAEcy=0.158
  [seed 20260718] epoch  43 loss=0.0380 comp=0.6457 spF_r=0.813 zMAEcy=0.167
  [seed 20260719] epoch  43 loss=0.0379 comp=0.6806 spF_r=0.839 zMAEcy=0.159
  [seed 20260720] epoch  43 loss=0.0347 comp=0.6714 spF_r=0.839 zMAEcy=0.168
  [seed 20260716] epoch  44 loss=0.0428 comp=0.6621 spF_r=0.817 zMAEcy=0.155
  [seed 20260717] epoch  44 loss=0.0309 comp=0.6595 spF_r=0.810 zMAEcy=0.151
  [seed 20260718] epoch  44 loss=0.0366 comp=0.6534 spF_r=0.814 zMAEcy=0.161
  [seed 20260719] epoch  44 loss=0.0377 comp=0.6509 spF_r=0.835 zMAEcy=0.184
  [seed 20260720] epoch  44 loss=0.0318 comp=0.6778 spF_r=0.842 zMAEcy=0.164
  [seed 20260716] epoch  45 loss=0.0388 comp=0.6594 spF_r=0.816 zMAEcy=0.156
  [seed 20260717] epoch  45 loss=0.0304 comp=0.6595 spF_r=0.810 zMAEcy=0.150
  [seed 20260718] epoch  45 loss=0.0357 comp=0.6550 spF_r=0.816 zMAEcy=0.161
  [seed 20260719] epoch  45 loss=0.0355 comp=0.6887 spF_r=0.840 zMAEcy=0.151
  [seed 20260720] epoch  45 loss=0.0302 comp=0.6738 spF_r=0.840 zMAEcy=0.166
== markers ==
none
== rc ==
none
== heartbeat ==
age_s=5
== tmux ==
lpopt_20260721_085636: 1 windows (created Tue Jul 21 08:56:31 2026) [80x24]
== log tail ==
  [seed 20260716] epoch  46 loss=0.0371 comp=0.6591 spF_r=0.816 zMAEcy=0.157
  [seed 20260717] epoch  46 loss=0.0294 comp=0.6428 spF_r=0.817 zMAEcy=0.174
  [seed 20260718] epoch  46 loss=0.0327 comp=0.6373 spF_r=0.810 zMAEcy=0.172
  [seed 20260719] epoch  46 loss=0.0335 comp=0.6857 spF_r=0.841 zMAEcy=0.155
  [seed 20260720] epoch  46 loss=0.0310 comp=0.6570 spF_r=0.842 zMAEcy=0.185
  [seed 20260716] epoch  47 loss=0.0357 comp=0.6648 spF_r=0.821 zMAEcy=0.156
  [seed 20260717] epoch  47 loss=0.0291 comp=0.6687 spF_r=0.818 zMAEcy=0.150
  [seed 20260718] epoch  47 loss=0.0317 comp=0.6530 spF_r=0.816 zMAEcy=0.163
  [seed 20260719] epoch  47 loss=0.0341 comp=0.6907 spF_r=0.839 zMAEcy=0.148
  [seed 20260720] epoch  47 loss=0.0303 comp=0.6702 spF_r=0.840 zMAEcy=0.170
  [seed 20260716] epoch  48 loss=0.0365 comp=0.6550 spF_r=0.813 zMAEcy=0.158
  [seed 20260717] epoch  48 loss=0.0267 comp=0.6689 spF_r=0.816 zMAEcy=0.148
  [seed 20260718] epoch  48 loss=0.0306 comp=0.6591 spF_r=0.816 zMAEcy=0.157
  [seed 20260719] epoch  48 loss=0.0329 comp=0.6651 spF_r=0.841 zMAEcy=0.176
  [seed 20260720] epoch  48 loss=0.0292 comp=0.6773 spF_r=0.841 zMAEcy=0.164
  [seed 20260716] epoch  49 loss=0.0359 comp=0.6597 spF_r=0.821 zMAEcy=0.162
  [seed 20260717] epoch  49 loss=0.0272 comp=0.6613 spF_r=0.816 zMAEcy=0.155
  [seed 20260718] epoch  49 loss=0.0294 comp=0.6257 spF_r=0.812 zMAEcy=0.187
  [seed 20260719] epoch  49 loss=0.0340 comp=0.6825 spF_r=0.839 zMAEcy=0.156
  [seed 20260720] epoch  49 loss=0.0284 comp=0.6757 spF_r=0.844 zMAEcy=0.168
== markers ==
none
== rc ==
none
== heartbeat ==
age_s=5
== tmux ==
lpopt_20260721_085636: 1 windows (created Tue Jul 21 08:56:31 2026) [80x24]
== log tail ==
  [seed 20260716] epoch  50 loss=0.0327 comp=0.6706 spF_r=0.825 zMAEcy=0.154
  [seed 20260717] epoch  50 loss=0.0274 comp=0.6669 spF_r=0.818 zMAEcy=0.151
  [seed 20260718] epoch  50 loss=0.0306 comp=0.6428 spF_r=0.813 zMAEcy=0.171
  [seed 20260719] epoch  50 loss=0.0332 comp=0.6740 spF_r=0.846 zMAEcy=0.172
  [seed 20260720] epoch  50 loss=0.0281 comp=0.6800 spF_r=0.844 zMAEcy=0.164
  [seed 20260716] epoch  51 loss=0.0312 comp=0.6649 spF_r=0.827 zMAEcy=0.162
  [seed 20260717] epoch  51 loss=0.0270 comp=0.6667 spF_r=0.816 zMAEcy=0.150
  [seed 20260718] epoch  51 loss=0.0300 comp=0.6522 spF_r=0.815 zMAEcy=0.163
  [seed 20260719] epoch  51 loss=0.0310 comp=0.6867 spF_r=0.839 zMAEcy=0.152
  [seed 20260720] epoch  51 loss=0.0279 comp=0.6722 spF_r=0.845 zMAEcy=0.172
  [seed 20260716] epoch  52 loss=0.0326 comp=0.6746 spF_r=0.826 zMAEcy=0.152
  [seed 20260717] epoch  52 loss=0.0251 comp=0.6629 spF_r=0.818 zMAEcy=0.155
  [seed 20260718] epoch  52 loss=0.0302 comp=0.6517 spF_r=0.814 zMAEcy=0.162
  [seed 20260719] epoch  52 loss=0.0325 comp=0.6863 spF_r=0.844 zMAEcy=0.158
  [seed 20260720] epoch  52 loss=0.0278 comp=0.6766 spF_r=0.841 zMAEcy=0.164
  [seed 20260716] epoch  53 loss=0.0301 comp=0.6645 spF_r=0.829 zMAEcy=0.165
  [seed 20260717] epoch  53 loss=0.0253 comp=0.6654 spF_r=0.813 zMAEcy=0.147
  [seed 20260718] epoch  53 loss=0.0305 comp=0.6549 spF_r=0.813 zMAEcy=0.158
  [seed 20260719] epoch  53 loss=0.0292 comp=0.6989 spF_r=0.849 zMAEcy=0.150
  [seed 20260720] epoch  53 loss=0.0283 comp=0.6794 spF_r=0.848 zMAEcy=0.169
== markers ==
none
== rc ==
none
== heartbeat ==
age_s=5
== tmux ==
lpopt_20260721_085636: 1 windows (created Tue Jul 21 08:56:31 2026) [80x24]
== log tail ==
  [seed 20260716] epoch  54 loss=0.0296 comp=0.6654 spF_r=0.823 zMAEcy=0.158
  [seed 20260717] epoch  54 loss=0.0239 comp=0.6584 spF_r=0.815 zMAEcy=0.157
  [seed 20260718] epoch  54 loss=0.0281 comp=0.6552 spF_r=0.815 zMAEcy=0.159
  [seed 20260719] epoch  54 loss=0.0293 comp=0.6916 spF_r=0.846 zMAEcy=0.154
  [seed 20260720] epoch  54 loss=0.0269 comp=0.6767 spF_r=0.848 zMAEcy=0.172
  [seed 20260716] epoch  55 loss=0.0293 comp=0.6699 spF_r=0.833 zMAEcy=0.163
  [seed 20260717] epoch  55 loss=0.0244 comp=0.6686 spF_r=0.821 zMAEcy=0.152
  [seed 20260718] epoch  55 loss=0.0272 comp=0.6572 spF_r=0.813 zMAEcy=0.156
  [seed 20260719] epoch  55 loss=0.0285 comp=0.6939 spF_r=0.843 zMAEcy=0.149
  [seed 20260720] epoch  55 loss=0.0268 comp=0.6749 spF_r=0.846 zMAEcy=0.171
  [seed 20260716] epoch  56 loss=0.0291 comp=0.6707 spF_r=0.830 zMAEcy=0.160
  [seed 20260717] epoch  56 loss=0.0234 comp=0.6742 spF_r=0.822 zMAEcy=0.148
  [seed 20260718] epoch  56 loss=0.0266 comp=0.6602 spF_r=0.817 zMAEcy=0.157
  [seed 20260719] epoch  56 loss=0.0289 comp=0.6827 spF_r=0.842 zMAEcy=0.159
  [seed 20260720] epoch  56 loss=0.0249 comp=0.6767 spF_r=0.845 zMAEcy=0.169
  [seed 20260716] epoch  57 loss=0.0288 comp=0.6759 spF_r=0.833 zMAEcy=0.157
  [seed 20260717] epoch  57 loss=0.0238 comp=0.6711 spF_r=0.821 zMAEcy=0.150
  [seed 20260718] epoch  57 loss=0.0265 comp=0.6628 spF_r=0.817 zMAEcy=0.155
  [seed 20260719] epoch  57 loss=0.0286 comp=0.6758 spF_r=0.842 zMAEcy=0.166
  [seed 20260720] epoch  57 loss=0.0257 comp=0.6861 spF_r=0.849 zMAEcy=0.163
== markers ==
none
== rc ==
none
== heartbeat ==
age_s=5
== tmux ==
lpopt_20260721_085636: 1 windows (created Tue Jul 21 08:56:31 2026) [80x24]
== log tail ==
  [seed 20260716] epoch  58 loss=0.0282 comp=0.6735 spF_r=0.836 zMAEcy=0.163
  [seed 20260717] epoch  58 loss=0.0220 comp=0.6710 spF_r=0.822 zMAEcy=0.151
  [seed 20260718] epoch  58 loss=0.0262 comp=0.6616 spF_r=0.816 zMAEcy=0.154
  [seed 20260719] epoch  58 loss=0.0267 comp=0.6623 spF_r=0.847 zMAEcy=0.185
  [seed 20260720] epoch  58 loss=0.0258 comp=0.6842 spF_r=0.849 zMAEcy=0.165
  [seed 20260716] epoch  59 loss=0.0274 comp=0.6813 spF_r=0.836 zMAEcy=0.154
  [seed 20260717] epoch  59 loss=0.0225 comp=0.6689 spF_r=0.819 zMAEcy=0.151
  [seed 20260718] epoch  59 loss=0.0246 comp=0.6600 spF_r=0.819 zMAEcy=0.159
  [seed 20260719] epoch  59 loss=0.0281 comp=0.6979 spF_r=0.845 zMAEcy=0.147
  [seed 20260720] epoch  59 loss=0.0246 comp=0.6891 spF_r=0.847 zMAEcy=0.158
  [seed 20260716] epoch  60 loss=0.0276 comp=0.6835 spF_r=0.839 zMAEcy=0.155
  [seed 20260717] epoch  60 loss=0.0219 comp=0.6508 spF_r=0.823 zMAEcy=0.172
  [seed 20260718] epoch  60 loss=0.0258 comp=0.6646 spF_r=0.822 zMAEcy=0.157
  [seed 20260719] epoch  60 loss=0.0245 comp=0.6967 spF_r=0.847 zMAEcy=0.150
  [seed 20260720] epoch  60 loss=0.0235 comp=0.6692 spF_r=0.846 zMAEcy=0.177
  [seed 20260716] epoch  61 loss=0.0274 comp=0.6633 spF_r=0.837 zMAEcy=0.174
  [seed 20260717] epoch  61 loss=0.0232 comp=0.6723 spF_r=0.821 zMAEcy=0.149
  [seed 20260718] epoch  61 loss=0.0245 comp=0.6613 spF_r=0.821 zMAEcy=0.159
  [seed 20260719] epoch  61 loss=0.0254 comp=0.6912 spF_r=0.846 zMAEcy=0.155
  [seed 20260720] epoch  61 loss=0.0224 comp=0.6853 spF_r=0.850 zMAEcy=0.165
== markers ==
none
== rc ==
none
== heartbeat ==
age_s=6
== tmux ==
lpopt_20260721_085636: 1 windows (created Tue Jul 21 08:56:31 2026) [80x24]
== log tail ==
  [seed 20260716] epoch  62 loss=0.0269 comp=0.6713 spF_r=0.835 zMAEcy=0.163
  [seed 20260717] epoch  62 loss=0.0224 comp=0.6707 spF_r=0.819 zMAEcy=0.149
  [seed 20260718] epoch  62 loss=0.0233 comp=0.6660 spF_r=0.822 zMAEcy=0.156
  [seed 20260719] epoch  62 loss=0.0244 comp=0.6980 spF_r=0.845 zMAEcy=0.147
  [seed 20260720] epoch  62 loss=0.0230 comp=0.6765 spF_r=0.843 zMAEcy=0.167
  [seed 20260716] epoch  63 loss=0.0254 comp=0.6757 spF_r=0.830 zMAEcy=0.154
  [seed 20260717] epoch  63 loss=0.0213 comp=0.6707 spF_r=0.821 zMAEcy=0.150
  [seed 20260718] epoch  63 loss=0.0233 comp=0.6605 spF_r=0.819 zMAEcy=0.158
  [seed 20260719] epoch  63 loss=0.0251 comp=0.6984 spF_r=0.845 zMAEcy=0.147
  [seed 20260720] epoch  63 loss=0.0211 comp=0.6860 spF_r=0.846 zMAEcy=0.160
  [seed 20260716] epoch  64 loss=0.0253 comp=0.6754 spF_r=0.831 zMAEcy=0.155
  [seed 20260717] epoch  64 loss=0.0207 comp=0.6730 spF_r=0.823 zMAEcy=0.150
  [seed 20260718] epoch  64 loss=0.0239 comp=0.6585 spF_r=0.823 zMAEcy=0.164
  [seed 20260719] epoch  64 loss=0.0245 comp=0.6928 spF_r=0.846 zMAEcy=0.153
  [seed 20260720] epoch  64 loss=0.0227 comp=0.6641 spF_r=0.842 zMAEcy=0.178
  [seed 20260716] epoch  65 loss=0.0251 comp=0.6800 spF_r=0.837 zMAEcy=0.157
  [seed 20260717] epoch  65 loss=0.0204 comp=0.6708 spF_r=0.823 zMAEcy=0.152
  [seed 20260718] epoch  65 loss=0.0230 comp=0.6600 spF_r=0.814 zMAEcy=0.154
  [seed 20260719] epoch  65 loss=0.0235 comp=0.6981 spF_r=0.846 zMAEcy=0.148
  [seed 20260720] epoch  65 loss=0.0222 comp=0.6806 spF_r=0.845 zMAEcy=0.165
== markers ==
none
== rc ==
none
== heartbeat ==
age_s=6
== tmux ==
lpopt_20260721_085636: 1 windows (created Tue Jul 21 08:56:31 2026) [80x24]
== log tail ==
  [seed 20260716] epoch  66 loss=0.0229 comp=0.6803 spF_r=0.833 zMAEcy=0.153
  [seed 20260717] epoch  66 loss=0.0196 comp=0.6769 spF_r=0.826 zMAEcy=0.149
  [seed 20260718] epoch  66 loss=0.0227 comp=0.6558 spF_r=0.816 zMAEcy=0.160
  [seed 20260719] epoch  66 loss=0.0228 comp=0.6918 spF_r=0.847 zMAEcy=0.155
  [seed 20260720] epoch  66 loss=0.0220 comp=0.6699 spF_r=0.846 zMAEcy=0.176
  [seed 20260716] epoch  67 loss=0.0231 comp=0.6818 spF_r=0.834 zMAEcy=0.153
  [seed 20260717] epoch  67 loss=0.0208 comp=0.6729 spF_r=0.821 zMAEcy=0.148
  [seed 20260718] epoch  67 loss=0.0223 comp=0.6589 spF_r=0.813 zMAEcy=0.154
  [seed 20260719] epoch  67 loss=0.0233 comp=0.7037 spF_r=0.849 zMAEcy=0.145
  [seed 20260720] epoch  67 loss=0.0211 comp=0.6855 spF_r=0.845 zMAEcy=0.159
  [seed 20260716] epoch  68 loss=0.0231 comp=0.6690 spF_r=0.840 zMAEcy=0.171
  [seed 20260717] epoch  68 loss=0.0198 comp=0.6786 spF_r=0.822 zMAEcy=0.144
  [seed 20260718] epoch  68 loss=0.0221 comp=0.6603 spF_r=0.820 zMAEcy=0.160
  [seed 20260719] epoch  68 loss=0.0218 comp=0.6895 spF_r=0.844 zMAEcy=0.155
  [seed 20260720] epoch  68 loss=0.0212 comp=0.6838 spF_r=0.848 zMAEcy=0.164
  [seed 20260716] epoch  69 loss=0.0231 comp=0.6838 spF_r=0.839 zMAEcy=0.155
  [seed 20260717] epoch  69 loss=0.0196 comp=0.6733 spF_r=0.827 zMAEcy=0.154
  [seed 20260718] epoch  69 loss=0.0223 comp=0.6616 spF_r=0.822 zMAEcy=0.160
  [seed 20260719] epoch  69 loss=0.0222 comp=0.6863 spF_r=0.847 zMAEcy=0.161
  [seed 20260720] epoch  69 loss=0.0210 comp=0.6846 spF_r=0.844 zMAEcy=0.159
== markers ==
none
== rc ==
none
== heartbeat ==
age_s=6
== tmux ==
lpopt_20260721_085636: 1 windows (created Tue Jul 21 08:56:31 2026) [80x24]
== log tail ==
  [seed 20260716] epoch  70 loss=0.0213 comp=0.6822 spF_r=0.844 zMAEcy=0.162
  [seed 20260717] epoch  70 loss=0.0196 comp=0.6710 spF_r=0.824 zMAEcy=0.153
  [seed 20260718] epoch  70 loss=0.0219 comp=0.6696 spF_r=0.823 zMAEcy=0.153
  [seed 20260719] epoch  70 loss=0.0219 comp=0.6974 spF_r=0.848 zMAEcy=0.150
  [seed 20260720] epoch  70 loss=0.0202 comp=0.6662 spF_r=0.846 zMAEcy=0.180
  [seed 20260716] epoch  71 loss=0.0227 comp=0.6763 spF_r=0.839 zMAEcy=0.163
  [seed 20260717] epoch  71 loss=0.0190 comp=0.6718 spF_r=0.823 zMAEcy=0.151
  [seed 20260718] epoch  71 loss=0.0207 comp=0.6581 spF_r=0.820 zMAEcy=0.162
  [seed 20260719] epoch  71 loss=0.0223 comp=0.7056 spF_r=0.848 zMAEcy=0.143
  [seed 20260720] epoch  71 loss=0.0200 comp=0.6868 spF_r=0.847 zMAEcy=0.161
  [seed 20260716] epoch  72 loss=0.0220 comp=0.6861 spF_r=0.842 zMAEcy=0.156
  [seed 20260717] epoch  72 loss=0.0187 comp=0.6735 spF_r=0.820 zMAEcy=0.146
  [seed 20260718] epoch  72 loss=0.0210 comp=0.6533 spF_r=0.823 zMAEcy=0.169
  [seed 20260719] epoch  72 loss=0.0207 comp=0.6999 spF_r=0.848 zMAEcy=0.148
  [seed 20260720] epoch  72 loss=0.0196 comp=0.6673 spF_r=0.848 zMAEcy=0.181
  [seed 20260716] epoch  73 loss=0.0214 comp=0.6835 spF_r=0.843 zMAEcy=0.159
  [seed 20260717] epoch  73 loss=0.0175 comp=0.6816 spF_r=0.827 zMAEcy=0.146
  [seed 20260718] epoch  73 loss=0.0198 comp=0.6684 spF_r=0.826 zMAEcy=0.158
  [seed 20260719] epoch  73 loss=0.0206 comp=0.7011 spF_r=0.846 zMAEcy=0.145
  [seed 20260720] epoch  73 loss=0.0186 comp=0.6905 spF_r=0.847 zMAEcy=0.157
== markers ==
none
== rc ==
none
== heartbeat ==
age_s=7
== tmux ==
lpopt_20260721_085636: 1 windows (created Tue Jul 21 08:56:31 2026) [80x24]
== log tail ==
  [seed 20260716] epoch  74 loss=0.0202 comp=0.6829 spF_r=0.838 zMAEcy=0.155
  [seed 20260717] epoch  74 loss=0.0174 comp=0.6812 spF_r=0.826 zMAEcy=0.145
  [seed 20260718] epoch  74 loss=0.0201 comp=0.6738 spF_r=0.826 zMAEcy=0.153
  [seed 20260719] epoch  74 loss=0.0205 comp=0.6819 spF_r=0.845 zMAEcy=0.164
  [seed 20260720] epoch  74 loss=0.0194 comp=0.6906 spF_r=0.847 zMAEcy=0.157
  [seed 20260716] epoch  75 loss=0.0205 comp=0.6904 spF_r=0.842 zMAEcy=0.152
  [seed 20260717] epoch  75 loss=0.0176 comp=0.6835 spF_r=0.828 zMAEcy=0.144
  [seed 20260718] epoch  75 loss=0.0198 comp=0.6739 spF_r=0.827 zMAEcy=0.153
  [seed 20260719] epoch  75 loss=0.0204 comp=0.7069 spF_r=0.850 zMAEcy=0.143
  [seed 20260720] epoch  75 loss=0.0186 comp=0.6899 spF_r=0.847 zMAEcy=0.157
  [seed 20260716] epoch  76 loss=0.0203 comp=0.6855 spF_r=0.836 zMAEcy=0.151
  [seed 20260717] epoch  76 loss=0.0174 comp=0.6813 spF_r=0.826 zMAEcy=0.145
  [seed 20260718] epoch  76 loss=0.0195 comp=0.6772 spF_r=0.829 zMAEcy=0.152
  [seed 20260719] epoch  76 loss=0.0198 comp=0.7025 spF_r=0.847 zMAEcy=0.144
  [seed 20260720] epoch  76 loss=0.0193 comp=0.6893 spF_r=0.852 zMAEcy=0.163
  [seed 20260716] epoch  77 loss=0.0197 comp=0.6718 spF_r=0.848 zMAEcy=0.176
  [seed 20260717] epoch  77 loss=0.0170 comp=0.6766 spF_r=0.826 zMAEcy=0.149
  [seed 20260718] epoch  77 loss=0.0206 comp=0.6717 spF_r=0.824 zMAEcy=0.152
  [seed 20260719] epoch  77 loss=0.0198 comp=0.6959 spF_r=0.843 zMAEcy=0.147
  [seed 20260720] epoch  77 loss=0.0194 comp=0.6882 spF_r=0.847 zMAEcy=0.159
== markers ==
none
== rc ==
none
== heartbeat ==
age_s=7
== tmux ==
lpopt_20260721_085636: 1 windows (created Tue Jul 21 08:56:31 2026) [80x24]
== log tail ==
  [seed 20260716] epoch  77 loss=0.0197 comp=0.6718 spF_r=0.848 zMAEcy=0.176
  [seed 20260717] epoch  77 loss=0.0170 comp=0.6766 spF_r=0.826 zMAEcy=0.149
  [seed 20260718] epoch  77 loss=0.0206 comp=0.6717 spF_r=0.824 zMAEcy=0.152
  [seed 20260719] epoch  77 loss=0.0198 comp=0.6959 spF_r=0.843 zMAEcy=0.147
  [seed 20260720] epoch  77 loss=0.0194 comp=0.6882 spF_r=0.847 zMAEcy=0.159
  [seed 20260716] epoch  78 loss=0.0204 comp=0.6851 spF_r=0.848 zMAEcy=0.163
  [seed 20260717] epoch  78 loss=0.0178 comp=0.6807 spF_r=0.823 zMAEcy=0.142
  [seed 20260718] epoch  78 loss=0.0190 comp=0.6710 spF_r=0.825 zMAEcy=0.154
  [seed 20260719] epoch  78 loss=0.0193 comp=0.7063 spF_r=0.848 zMAEcy=0.142
  [seed 20260720] epoch  78 loss=0.0182 comp=0.6928 spF_r=0.849 zMAEcy=0.157
  [seed 20260716] epoch  79 loss=0.0202 comp=0.6974 spF_r=0.850 zMAEcy=0.153
  [seed 20260717] epoch  79 loss=0.0171 comp=0.6823 spF_r=0.825 zMAEcy=0.143
  [seed 20260718] epoch  79 loss=0.0188 comp=0.6704 spF_r=0.825 zMAEcy=0.154
  [seed 20260719] epoch  79 loss=0.0188 comp=0.6921 spF_r=0.845 zMAEcy=0.152
  [seed 20260720] epoch  79 loss=0.0177 comp=0.6909 spF_r=0.844 zMAEcy=0.153
  [seed 20260716] epoch  80 loss=0.0293 comp=0.6484 spF_r=0.824 zMAEcy=0.176
  [seed 20260717] epoch  80 loss=0.0163 comp=0.6108 spF_r=0.795 zMAEcy=0.184
  [seed 20260718] epoch  80 loss=-0.0342 comp=0.6296 spF_r=0.816 zMAEcy=0.186
  [seed 20260719] epoch  80 loss=0.0614 comp=0.6399 spF_r=0.825 zMAEcy=0.185
  [seed 20260720] epoch  80 loss=-0.0519 comp=0.5330 spF_r=0.837 zMAEcy=0.304
== markers ==
none
== rc ==
none
== heartbeat ==
age_s=7
== tmux ==
lpopt_20260721_085636: 1 windows (created Tue Jul 21 08:56:31 2026) [80x24]
== log tail ==
  [seed 20260716] epoch  81 loss=-0.1572 comp=0.6559 spF_r=0.836 zMAEcy=0.181
  [seed 20260717] epoch  81 loss=-0.1516 comp=0.6701 spF_r=0.830 zMAEcy=0.160
  [seed 20260718] epoch  81 loss=-0.1558 comp=0.6318 spF_r=0.820 zMAEcy=0.188
  [seed 20260719] epoch  81 loss=-0.1563 comp=0.6910 spF_r=0.844 zMAEcy=0.153
  [seed 20260720] epoch  81 loss=-0.1652 comp=0.6945 spF_r=0.854 zMAEcy=0.160
  [seed 20260716] epoch  82 loss=-0.1667 comp=0.6865 spF_r=0.847 zMAEcy=0.160
  [seed 20260717] epoch  82 loss=-0.1661 comp=0.6580 spF_r=0.832 zMAEcy=0.174
  [seed 20260718] epoch  82 loss=-0.1700 comp=0.6573 spF_r=0.833 zMAEcy=0.176
  [seed 20260719] epoch  82 loss=-0.1658 comp=0.6912 spF_r=0.852 zMAEcy=0.161
  [seed 20260720] epoch  82 loss=-0.1632 comp=0.6889 spF_r=0.849 zMAEcy=0.160
  [seed 20260716] epoch  83 loss=-0.1640 comp=0.6816 spF_r=0.846 zMAEcy=0.165
  [seed 20260717] epoch  83 loss=-0.1639 comp=0.6810 spF_r=0.832 zMAEcy=0.151
  [seed 20260718] epoch  83 loss=-0.1634 comp=0.6711 spF_r=0.828 zMAEcy=0.157
  [seed 20260719] epoch  83 loss=-0.1676 comp=0.6914 spF_r=0.846 zMAEcy=0.155
  [seed 20260720] epoch  83 loss=-0.1655 comp=0.6926 spF_r=0.856 zMAEcy=0.163
  [seed 20260716] epoch  84 loss=-0.1601 comp=0.6923 spF_r=0.848 zMAEcy=0.156
  [seed 20260717] epoch  84 loss=-0.1548 comp=0.6814 spF_r=0.830 zMAEcy=0.148
  [seed 20260718] epoch  84 loss=-0.1595 comp=0.6519 spF_r=0.829 zMAEcy=0.177
  [seed 20260719] epoch  84 loss=-0.1608 comp=0.6800 spF_r=0.849 zMAEcy=0.169
  [seed 20260720] epoch  84 loss=-0.1584 comp=0.6893 spF_r=0.852 zMAEcy=0.163
== markers ==
none
== rc ==
none
== heartbeat ==
age_s=8
== tmux ==
lpopt_20260721_085636: 1 windows (created Tue Jul 21 08:56:31 2026) [80x24]
== log tail ==
  [seed 20260716] epoch  85 loss=-0.1557 comp=0.6748 spF_r=0.849 zMAEcy=0.174
  [seed 20260717] epoch  85 loss=-0.1557 comp=0.6863 spF_r=0.833 zMAEcy=0.146
  [seed 20260718] epoch  85 loss=-0.1542 comp=0.6705 spF_r=0.831 zMAEcy=0.160
  [seed 20260719] epoch  85 loss=-0.1563 comp=0.6684 spF_r=0.847 zMAEcy=0.178
  [seed 20260720] epoch  85 loss=-0.1562 comp=0.6886 spF_r=0.847 zMAEcy=0.159
  [seed 20260716] epoch  86 loss=-0.1525 comp=0.6991 spF_r=0.854 zMAEcy=0.155
  [seed 20260717] epoch  86 loss=-0.1516 comp=0.6793 spF_r=0.835 zMAEcy=0.156
  [seed 20260718] epoch  86 loss=-0.1504 comp=0.6678 spF_r=0.828 zMAEcy=0.160
  [seed 20260719] epoch  86 loss=-0.1545 comp=0.7002 spF_r=0.848 zMAEcy=0.147
  [seed 20260720] epoch  86 loss=-0.1488 comp=0.6851 spF_r=0.850 zMAEcy=0.165
  [seed 20260716] epoch  87 loss=-0.1486 comp=0.7083 spF_r=0.855 zMAEcy=0.146
  [seed 20260717] epoch  87 loss=-0.1493 comp=0.6922 spF_r=0.836 zMAEcy=0.144
  [seed 20260718] epoch  87 loss=-0.1439 comp=0.6721 spF_r=0.831 zMAEcy=0.158
  [seed 20260719] epoch  87 loss=-0.1496 comp=0.6938 spF_r=0.849 zMAEcy=0.156
  [seed 20260720] epoch  87 loss=-0.1476 comp=0.6920 spF_r=0.851 zMAEcy=0.159
  [seed 20260716] epoch  88 loss=-0.1420 comp=0.6831 spF_r=0.853 zMAEcy=0.170
  [seed 20260717] epoch  88 loss=-0.1404 comp=0.6749 spF_r=0.831 zMAEcy=0.156
  [seed 20260718] epoch  88 loss=-0.1427 comp=0.6658 spF_r=0.821 zMAEcy=0.155
  [seed 20260719] epoch  88 loss=-0.1448 comp=0.6919 spF_r=0.845 zMAEcy=0.153
  [seed 20260720] epoch  88 loss=-0.1408 comp=0.6890 spF_r=0.852 zMAEcy=0.163
== markers ==
none
== rc ==
none
== heartbeat ==
age_s=8
== tmux ==
lpopt_20260721_085636: 1 windows (created Tue Jul 21 08:56:31 2026) [80x24]
== log tail ==
  [seed 20260720] epoch  89 loss=-0.1375 comp=0.6819 spF_r=0.849 zMAEcy=0.167
  [seed 20260716] epoch  90 loss=-0.1391 comp=0.7103 spF_r=0.860 zMAEcy=0.149
  [seed 20260717] epoch  90 loss=-0.1360 comp=0.6951 spF_r=0.838 zMAEcy=0.143
  [seed 20260718] epoch  90 loss=-0.1348 comp=0.6630 spF_r=0.829 zMAEcy=0.166
  [seed 20260719] epoch  90 loss=-0.1399 comp=0.7075 spF_r=0.851 zMAEcy=0.143
  [seed 20260720] epoch  90 loss=-0.1344 comp=0.6908 spF_r=0.853 zMAEcy=0.162
  [seed 20260716] epoch  91 loss=-0.1356 comp=0.7094 spF_r=0.858 zMAEcy=0.149
  [seed 20260717] epoch  91 loss=-0.1340 comp=0.6880 spF_r=0.836 zMAEcy=0.148
  [seed 20260718] epoch  91 loss=-0.1326 comp=0.6725 spF_r=0.827 zMAEcy=0.155
  [seed 20260718] early stop at epoch 91 (best 76)
  [seed 20260719] epoch  91 loss=-0.1382 comp=0.7101 spF_r=0.853 zMAEcy=0.143
  [seed 20260720] epoch  91 loss=-0.1312 comp=0.6891 spF_r=0.857 zMAEcy=0.168
  [seed 20260716] epoch  92 loss=-0.1343 comp=0.7081 spF_r=0.858 zMAEcy=0.150
  [seed 20260717] epoch  92 loss=-0.1313 comp=0.6951 spF_r=0.837 zMAEcy=0.142
  [seed 20260719] epoch  92 loss=-0.1352 comp=0.7057 spF_r=0.847 zMAEcy=0.142
  [seed 20260720] epoch  92 loss=-0.1282 comp=0.6893 spF_r=0.851 zMAEcy=0.162
  [seed 20260716] epoch  93 loss=-0.1315 comp=0.6957 spF_r=0.855 zMAEcy=0.159
  [seed 20260717] epoch  93 loss=-0.1231 comp=0.6907 spF_r=0.837 zMAEcy=0.146
  [seed 20260719] epoch  93 loss=-0.1350 comp=0.7104 spF_r=0.851 zMAEcy=0.141
  [seed 20260720] epoch  93 loss=-0.1299 comp=0.6944 spF_r=0.853 zMAEcy=0.158
== markers ==
none
== rc ==
none
== heartbeat ==
age_s=8
== tmux ==
lpopt_20260721_085636: 1 windows (created Tue Jul 21 08:56:31 2026) [80x24]
== log tail ==
  [seed 20260716] epoch  93 loss=-0.1315 comp=0.6957 spF_r=0.855 zMAEcy=0.159
  [seed 20260717] epoch  93 loss=-0.1231 comp=0.6907 spF_r=0.837 zMAEcy=0.146
  [seed 20260719] epoch  93 loss=-0.1350 comp=0.7104 spF_r=0.851 zMAEcy=0.141
  [seed 20260720] epoch  93 loss=-0.1299 comp=0.6944 spF_r=0.853 zMAEcy=0.158
  [seed 20260716] epoch  94 loss=-0.1280 comp=0.7044 spF_r=0.856 zMAEcy=0.152
  [seed 20260717] epoch  94 loss=-0.1254 comp=0.6910 spF_r=0.834 zMAEcy=0.143
  [seed 20260719] epoch  94 loss=-0.1320 comp=0.7069 spF_r=0.851 zMAEcy=0.144
  [seed 20260720] epoch  94 loss=-0.1257 comp=0.6949 spF_r=0.853 zMAEcy=0.158
  [seed 20260716] epoch  95 loss=-0.1266 comp=0.7093 spF_r=0.862 zMAEcy=0.152
  [seed 20260717] epoch  95 loss=-0.1217 comp=0.6894 spF_r=0.840 zMAEcy=0.151
  [seed 20260719] epoch  95 loss=-0.1293 comp=0.6959 spF_r=0.850 zMAEcy=0.154
  [seed 20260720] epoch  95 loss=-0.1238 comp=0.6967 spF_r=0.853 zMAEcy=0.157
  [seed 20260716] epoch  96 loss=-0.1220 comp=0.7128 spF_r=0.861 zMAEcy=0.149
  [seed 20260717] epoch  96 loss=-0.1198 comp=0.6940 spF_r=0.837 zMAEcy=0.143
  [seed 20260719] epoch  96 loss=-0.1268 comp=0.7047 spF_r=0.849 zMAEcy=0.145
  [seed 20260720] epoch  96 loss=-0.1222 comp=0.6932 spF_r=0.851 zMAEcy=0.158
  [seed 20260716] epoch  97 loss=-0.1230 comp=0.7088 spF_r=0.857 zMAEcy=0.148
  [seed 20260717] epoch  97 loss=-0.1186 comp=0.6998 spF_r=0.843 zMAEcy=0.143
  [seed 20260719] epoch  97 loss=-0.1215 comp=0.7098 spF_r=0.850 zMAEcy=0.140
  [seed 20260720] epoch  97 loss=-0.1206 comp=0.6970 spF_r=0.854 zMAEcy=0.157
== markers ==
none
== rc ==
none
== heartbeat ==
age_s=9
== tmux ==
lpopt_20260721_085636: 1 windows (created Tue Jul 21 08:56:31 2026) [80x24]
== log tail ==
  [seed 20260716] epoch  98 loss=-0.1229 comp=0.7094 spF_r=0.857 zMAEcy=0.148
  [seed 20260717] epoch  98 loss=-0.1183 comp=0.7019 spF_r=0.844 zMAEcy=0.142
  [seed 20260719] epoch  98 loss=-0.1215 comp=0.7057 spF_r=0.852 zMAEcy=0.146
  [seed 20260720] epoch  98 loss=-0.1171 comp=0.6976 spF_r=0.853 zMAEcy=0.155
  [seed 20260716] epoch  99 loss=-0.1201 comp=0.7094 spF_r=0.860 zMAEcy=0.151
  [seed 20260717] epoch  99 loss=-0.1173 comp=0.6980 spF_r=0.841 zMAEcy=0.143
  [seed 20260719] epoch  99 loss=-0.1211 comp=0.7088 spF_r=0.848 zMAEcy=0.139
  [seed 20260720] epoch  99 loss=-0.1179 comp=0.7060 spF_r=0.859 zMAEcy=0.153
  [seed 20260716] epoch 100 loss=-0.1155 comp=0.7032 spF_r=0.857 zMAEcy=0.153
  [seed 20260717] epoch 100 loss=-0.1129 comp=0.6962 spF_r=0.836 zMAEcy=0.140
  [seed 20260719] epoch 100 loss=-0.1200 comp=0.7115 spF_r=0.850 zMAEcy=0.139
  [seed 20260720] epoch 100 loss=-0.1147 comp=0.6995 spF_r=0.857 zMAEcy=0.157
  [seed 20260716] epoch 101 loss=-0.1164 comp=0.7085 spF_r=0.860 zMAEcy=0.151
  [seed 20260717] epoch 101 loss=-0.1112 comp=0.6930 spF_r=0.839 zMAEcy=0.146
  [seed 20260719] epoch 101 loss=-0.1166 comp=0.7099 spF_r=0.849 zMAEcy=0.139
  [seed 20260720] epoch 101 loss=-0.1116 comp=0.7031 spF_r=0.855 zMAEcy=0.152
  [seed 20260716] epoch 102 loss=-0.1150 comp=0.7125 spF_r=0.862 zMAEcy=0.149
  [seed 20260717] epoch 102 loss=-0.1115 comp=0.6976 spF_r=0.839 zMAEcy=0.141
  [seed 20260719] epoch 102 loss=-0.1161 comp=0.6998 spF_r=0.843 zMAEcy=0.144
  [seed 20260720] epoch 102 loss=-0.1128 comp=0.7029 spF_r=0.855 zMAEcy=0.152
== markers ==
none
== rc ==
none
== heartbeat ==
age_s=9
== tmux ==
lpopt_20260721_085636: 1 windows (created Tue Jul 21 08:56:31 2026) [80x24]
== log tail ==
  [seed 20260716] epoch 103 loss=-0.1136 comp=0.7136 spF_r=0.861 zMAEcy=0.148
  [seed 20260717] epoch 103 loss=-0.1065 comp=0.7007 spF_r=0.841 zMAEcy=0.140
  [seed 20260719] epoch 103 loss=-0.1137 comp=0.7058 spF_r=0.845 zMAEcy=0.139
  [seed 20260720] epoch 103 loss=-0.1090 comp=0.7043 spF_r=0.858 zMAEcy=0.154
  [seed 20260716] epoch 104 loss=-0.1097 comp=0.7045 spF_r=0.852 zMAEcy=0.148
  [seed 20260717] epoch 104 loss=-0.1069 comp=0.6996 spF_r=0.839 zMAEcy=0.140
  [seed 20260719] epoch 104 loss=-0.1120 comp=0.7050 spF_r=0.844 zMAEcy=0.139
  [seed 20260720] epoch 104 loss=-0.1060 comp=0.7064 spF_r=0.857 zMAEcy=0.151
  [seed 20260716] epoch 105 loss=-0.1102 comp=0.7120 spF_r=0.858 zMAEcy=0.146
  [seed 20260717] epoch 105 loss=-0.1053 comp=0.6996 spF_r=0.839 zMAEcy=0.140
  [seed 20260719] epoch 105 loss=-0.1105 comp=0.7087 spF_r=0.847 zMAEcy=0.138
  [seed 20260720] epoch 105 loss=-0.1068 comp=0.6996 spF_r=0.857 zMAEcy=0.157
  [seed 20260716] epoch 106 loss=-0.1083 comp=0.7142 spF_r=0.861 zMAEcy=0.147
  [seed 20260717] epoch 106 loss=-0.1054 comp=0.7039 spF_r=0.842 zMAEcy=0.138
  [seed 20260719] epoch 106 loss=-0.1106 comp=0.7100 spF_r=0.848 zMAEcy=0.138
  [seed 20260720] epoch 106 loss=-0.1055 comp=0.7045 spF_r=0.856 zMAEcy=0.152
  [seed 20260716] epoch 107 loss=-0.1064 comp=0.7090 spF_r=0.861 zMAEcy=0.152
  [seed 20260717] epoch 107 loss=-0.1027 comp=0.7042 spF_r=0.840 zMAEcy=0.136
  [seed 20260719] epoch 107 loss=-0.1085 comp=0.7107 spF_r=0.849 zMAEcy=0.138
  [seed 20260720] epoch 107 loss=-0.1049 comp=0.7026 spF_r=0.856 zMAEcy=0.154
== markers ==
none
== rc ==
none
== heartbeat ==
age_s=9
== tmux ==
lpopt_20260721_085636: 1 windows (created Tue Jul 21 08:56:31 2026) [80x24]
== log tail ==
  [seed 20260716] epoch 108 loss=-0.1056 comp=0.7150 spF_r=0.862 zMAEcy=0.147
  [seed 20260717] epoch 108 loss=-0.1024 comp=0.6977 spF_r=0.837 zMAEcy=0.140
  [seed 20260719] epoch 108 loss=-0.1081 comp=0.7063 spF_r=0.845 zMAEcy=0.139
  [seed 20260720] epoch 108 loss=-0.1016 comp=0.7076 spF_r=0.859 zMAEcy=0.152
  [seed 20260716] epoch 109 loss=-0.1050 comp=0.7176 spF_r=0.864 zMAEcy=0.146
  [seed 20260717] epoch 109 loss=-0.0996 comp=0.6961 spF_r=0.836 zMAEcy=0.140
  [seed 20260719] epoch 109 loss=-0.1051 comp=0.7094 spF_r=0.848 zMAEcy=0.139
  [seed 20260720] epoch 109 loss=-0.1005 comp=0.7062 spF_r=0.859 zMAEcy=0.153
  [seed 20260716] epoch 110 loss=-0.1039 comp=0.7151 spF_r=0.864 zMAEcy=0.149
  [seed 20260717] epoch 110 loss=-0.0995 comp=0.7014 spF_r=0.842 zMAEcy=0.141
  [seed 20260719] epoch 110 loss=-0.1041 comp=0.7073 spF_r=0.846 zMAEcy=0.138
  [seed 20260720] epoch 110 loss=-0.0998 comp=0.7083 spF_r=0.860 zMAEcy=0.152
  [seed 20260716] epoch 111 loss=-0.1062 comp=0.7146 spF_r=0.862 zMAEcy=0.147
  [seed 20260717] epoch 111 loss=-0.0977 comp=0.7007 spF_r=0.840 zMAEcy=0.139
  [seed 20260719] epoch 111 loss=-0.1033 comp=0.7067 spF_r=0.847 zMAEcy=0.141
  [seed 20260720] epoch 111 loss=-0.0977 comp=0.7045 spF_r=0.857 zMAEcy=0.153
  [seed 20260716] epoch 112 loss=-0.0995 comp=0.7094 spF_r=0.860 zMAEcy=0.151
  [seed 20260717] epoch 112 loss=-0.0965 comp=0.6996 spF_r=0.841 zMAEcy=0.141
  [seed 20260719] epoch 112 loss=-0.1028 comp=0.7074 spF_r=0.847 zMAEcy=0.139
  [seed 20260720] epoch 112 loss=-0.0960 comp=0.7064 spF_r=0.856 zMAEcy=0.149
== markers ==
none
== rc ==
none
== heartbeat ==
age_s=9
== tmux ==
lpopt_20260721_085636: 1 windows (created Tue Jul 21 08:56:31 2026) [80x24]
== log tail ==
  [seed 20260719] epoch 113 loss=-0.1012 comp=0.7081 spF_r=0.847 zMAEcy=0.139
  [seed 20260720] epoch 113 loss=-0.0951 comp=0.7080 spF_r=0.860 zMAEcy=0.152
  [seed 20260716] epoch 114 loss=-0.0992 comp=0.7169 spF_r=0.864 zMAEcy=0.147
  [seed 20260717] epoch 114 loss=-0.0933 comp=0.7001 spF_r=0.838 zMAEcy=0.138
  [seed 20260719] epoch 114 loss=-0.1010 comp=0.7077 spF_r=0.846 zMAEcy=0.138
  [seed 20260720] epoch 114 loss=-0.0974 comp=0.7076 spF_r=0.857 zMAEcy=0.150
  [seed 20260716] epoch 115 loss=-0.0997 comp=0.7161 spF_r=0.862 zMAEcy=0.146
  [seed 20260717] epoch 115 loss=-0.0939 comp=0.7042 spF_r=0.842 zMAEcy=0.138
  [seed 20260719] epoch 115 loss=-0.0982 comp=0.7069 spF_r=0.846 zMAEcy=0.139
  [seed 20260719] early stop at epoch 115 (best 100)
  [seed 20260720] epoch 115 loss=-0.0954 comp=0.7035 spF_r=0.856 zMAEcy=0.153
  [seed 20260716] epoch 116 loss=-0.0962 comp=0.7176 spF_r=0.865 zMAEcy=0.147
  [seed 20260717] epoch 116 loss=-0.0923 comp=0.7011 spF_r=0.839 zMAEcy=0.138
  [seed 20260720] epoch 116 loss=-0.0935 comp=0.7068 spF_r=0.857 zMAEcy=0.150
  [seed 20260716] epoch 117 loss=-0.0959 comp=0.7194 spF_r=0.866 zMAEcy=0.146
  [seed 20260717] epoch 117 loss=-0.0924 comp=0.7011 spF_r=0.838 zMAEcy=0.137
  [seed 20260720] epoch 117 loss=-0.0911 comp=0.7048 spF_r=0.854 zMAEcy=0.150
  [seed 20260716] epoch 118 loss=-0.0941 comp=0.7221 spF_r=0.868 zMAEcy=0.146
  [seed 20260717] epoch 118 loss=-0.0897 comp=0.6983 spF_r=0.837 zMAEcy=0.138
  [seed 20260720] epoch 118 loss=-0.0910 comp=0.7082 spF_r=0.857 zMAEcy=0.149
== markers ==
none
== rc ==
none
== heartbeat ==
age_s=10
== tmux ==
lpopt_20260721_085636: 1 windows (created Tue Jul 21 08:56:31 2026) [80x24]
== log tail ==
  [seed 20260717] epoch 118 loss=-0.0897 comp=0.6983 spF_r=0.837 zMAEcy=0.138
  [seed 20260720] epoch 118 loss=-0.0910 comp=0.7082 spF_r=0.857 zMAEcy=0.149
  [seed 20260716] epoch 119 loss=-0.0931 comp=0.7243 spF_r=0.869 zMAEcy=0.144
  [seed 20260717] epoch 119 loss=-0.0881 comp=0.6978 spF_r=0.836 zMAEcy=0.138
  [seed 20260720] epoch 119 loss=-0.0916 comp=0.7064 spF_r=0.854 zMAEcy=0.148
  [seed 20260716] epoch 120 loss=-0.0920 comp=0.7184 spF_r=0.865 zMAEcy=0.147
  [seed 20260717] epoch 120 loss=-0.0883 comp=0.7037 spF_r=0.842 zMAEcy=0.138
  [seed 20260720] epoch 120 loss=-0.0893 comp=0.7102 spF_r=0.859 zMAEcy=0.149
  [seed 20260716] epoch 121 loss=-0.0932 comp=0.7213 spF_r=0.867 zMAEcy=0.146
  [seed 20260717] epoch 121 loss=-0.0887 comp=0.7036 spF_r=0.843 zMAEcy=0.139
  [seed 20260720] epoch 121 loss=-0.0880 comp=0.7077 spF_r=0.856 zMAEcy=0.149
  [seed 20260716] epoch 122 loss=-0.0914 comp=0.7189 spF_r=0.864 zMAEcy=0.146
  [seed 20260717] epoch 122 loss=-0.0872 comp=0.7051 spF_r=0.842 zMAEcy=0.137
  [seed 20260720] epoch 122 loss=-0.0876 comp=0.7089 spF_r=0.858 zMAEcy=0.149
  [seed 20260716] epoch 123 loss=-0.0893 comp=0.7185 spF_r=0.864 zMAEcy=0.145
  [seed 20260717] epoch 123 loss=-0.0880 comp=0.7013 spF_r=0.839 zMAEcy=0.138
  [seed 20260720] epoch 123 loss=-0.0842 comp=0.7092 spF_r=0.857 zMAEcy=0.148
  [seed 20260716] epoch 124 loss=-0.0886 comp=0.7197 spF_r=0.865 zMAEcy=0.146
  [seed 20260717] epoch 124 loss=-0.0868 comp=0.7011 spF_r=0.838 zMAEcy=0.137
  [seed 20260720] epoch 124 loss=-0.0854 comp=0.7073 spF_r=0.855 zMAEcy=0.148
== markers ==
none
== rc ==
none
== heartbeat ==
age_s=10
== tmux ==
lpopt_20260721_085636: 1 windows (created Tue Jul 21 08:56:31 2026) [80x24]
== log tail ==
  [seed 20260717] epoch 125 loss=-0.0832 comp=0.6989 spF_r=0.837 zMAEcy=0.138
  [seed 20260720] epoch 125 loss=-0.0850 comp=0.7054 spF_r=0.854 zMAEcy=0.148
  [seed 20260716] epoch 126 loss=-0.0875 comp=0.7196 spF_r=0.865 zMAEcy=0.145
  [seed 20260717] epoch 126 loss=-0.0834 comp=0.6997 spF_r=0.838 zMAEcy=0.138
  [seed 20260720] epoch 126 loss=-0.0834 comp=0.7057 spF_r=0.855 zMAEcy=0.149
  [seed 20260716] epoch 127 loss=-0.0873 comp=0.7155 spF_r=0.863 zMAEcy=0.147
  [seed 20260717] epoch 127 loss=-0.0814 comp=0.7010 spF_r=0.841 zMAEcy=0.140
  [seed 20260720] epoch 127 loss=-0.0829 comp=0.7050 spF_r=0.855 zMAEcy=0.150
  [seed 20260716] epoch 128 loss=-0.0853 comp=0.7208 spF_r=0.866 zMAEcy=0.146
  [seed 20260717] epoch 128 loss=-0.0811 comp=0.7017 spF_r=0.839 zMAEcy=0.137
  [seed 20260720] epoch 128 loss=-0.0830 comp=0.7053 spF_r=0.855 zMAEcy=0.149
  [seed 20260716] epoch 129 loss=-0.0855 comp=0.7184 spF_r=0.863 zMAEcy=0.145
  [seed 20260717] epoch 129 loss=-0.0807 comp=0.7018 spF_r=0.840 zMAEcy=0.138
  [seed 20260720] epoch 129 loss=-0.0806 comp=0.7079 spF_r=0.857 zMAEcy=0.149
  [seed 20260716] epoch 130 loss=-0.0840 comp=0.7199 spF_r=0.866 zMAEcy=0.146
  [seed 20260717] epoch 130 loss=-0.0799 comp=0.7018 spF_r=0.840 zMAEcy=0.138
  [seed 20260720] epoch 130 loss=-0.0800 comp=0.7064 spF_r=0.854 zMAEcy=0.148
  [seed 20260716] epoch 131 loss=-0.0843 comp=0.7235 spF_r=0.867 zMAEcy=0.144
  [seed 20260717] epoch 131 loss=-0.0774 comp=0.7006 spF_r=0.838 zMAEcy=0.137
  [seed 20260720] epoch 131 loss=-0.0799 comp=0.7078 spF_r=0.856 zMAEcy=0.148
== markers ==
none
== rc ==
none
== heartbeat ==
age_s=10
== tmux ==
lpopt_20260721_085636: 1 windows (created Tue Jul 21 08:56:31 2026) [80x24]
== log tail ==
  [seed 20260717] epoch 131 loss=-0.0774 comp=0.7006 spF_r=0.838 zMAEcy=0.137
  [seed 20260720] epoch 131 loss=-0.0799 comp=0.7078 spF_r=0.856 zMAEcy=0.148
  [seed 20260716] epoch 132 loss=-0.0823 comp=0.7221 spF_r=0.865 zMAEcy=0.143
  [seed 20260717] epoch 132 loss=-0.0770 comp=0.7010 spF_r=0.838 zMAEcy=0.137
  [seed 20260720] epoch 132 loss=-0.0782 comp=0.7085 spF_r=0.857 zMAEcy=0.149
  [seed 20260716] epoch 133 loss=-0.0825 comp=0.7175 spF_r=0.864 zMAEcy=0.147
  [seed 20260717] epoch 133 loss=-0.0771 comp=0.6995 spF_r=0.837 zMAEcy=0.138
  [seed 20260720] epoch 133 loss=-0.0786 comp=0.7079 spF_r=0.856 zMAEcy=0.148
  [seed 20260716] epoch 134 loss=-0.0812 comp=0.7224 spF_r=0.867 zMAEcy=0.145
  [seed 20260716] early stop at epoch 134 (best 119)
  [seed 20260717] epoch 134 loss=-0.0766 comp=0.7023 spF_r=0.839 zMAEcy=0.137
  [seed 20260720] epoch 134 loss=-0.0779 comp=0.7087 spF_r=0.855 zMAEcy=0.146
  [seed 20260717] epoch 135 loss=-0.0773 comp=0.7039 spF_r=0.840 zMAEcy=0.136
  [seed 20260720] epoch 135 loss=-0.0780 comp=0.7093 spF_r=0.857 zMAEcy=0.147
  [seed 20260720] early stop at epoch 135 (best 120)
  [seed 20260717] epoch 136 loss=-0.0760 comp=0.7016 spF_r=0.840 zMAEcy=0.139
  [seed 20260717] epoch 137 loss=-0.0752 comp=0.7005 spF_r=0.839 zMAEcy=0.139
  [seed 20260717] early stop at epoch 137 (best 122)
=== chunk of 5 done in 1907.0s ===
=== calibration fitted ===
== markers ==
DONE
rc
== rc ==
0
== heartbeat ==
age_s=11
== tmux ==
no session
== log tail ==
  [seed 20260717] epoch 132 loss=-0.0770 comp=0.7010 spF_r=0.838 zMAEcy=0.137
  [seed 20260720] epoch 132 loss=-0.0782 comp=0.7085 spF_r=0.857 zMAEcy=0.149
  [seed 20260716] epoch 133 loss=-0.0825 comp=0.7175 spF_r=0.864 zMAEcy=0.147
  [seed 20260717] epoch 133 loss=-0.0771 comp=0.6995 spF_r=0.837 zMAEcy=0.138
  [seed 20260720] epoch 133 loss=-0.0786 comp=0.7079 spF_r=0.856 zMAEcy=0.148
  [seed 20260716] epoch 134 loss=-0.0812 comp=0.7224 spF_r=0.867 zMAEcy=0.145
  [seed 20260716] early stop at epoch 134 (best 119)
  [seed 20260717] epoch 134 loss=-0.0766 comp=0.7023 spF_r=0.839 zMAEcy=0.137
  [seed 20260720] epoch 134 loss=-0.0779 comp=0.7087 spF_r=0.855 zMAEcy=0.146
  [seed 20260717] epoch 135 loss=-0.0773 comp=0.7039 spF_r=0.840 zMAEcy=0.136
  [seed 20260720] epoch 135 loss=-0.0780 comp=0.7093 spF_r=0.857 zMAEcy=0.147
  [seed 20260720] early stop at epoch 135 (best 120)
  [seed 20260717] epoch 136 loss=-0.0760 comp=0.7016 spF_r=0.840 zMAEcy=0.139
  [seed 20260717] epoch 137 loss=-0.0752 comp=0.7005 spF_r=0.839 zMAEcy=0.139
  [seed 20260717] early stop at epoch 137 (best 122)
=== chunk of 5 done in 1907.0s ===
=== calibration fitted ===
=== per-cell cyclen calibration fitted: 38 cells ===
=== per-cell f_r calibration fitted: 38 cells ===
trained 5 member(s) into runs/20260721_085636
[pull] 20260721_085636 -> C:\Users\USER\Desktop\CT&RPL\2_Project\KNF_LEU+ 시범연료봉 장전 인허가 과제\2026\2_계산\5_RL\data\models\20260721_085636  (5 members: ['member_20260716', 'member_20260717', 'member_20260718', 'member_20260719', 'member_20260720'])
=== arm v5_distill pulled to C:\Users\USER\Desktop\CT&RPL\2_Project\KNF_LEU+ 시범연료봉 장전 인허가 과제\2026\2_계산\5_RL\data\models\20260721_085636 ===
=== scoring arm v5_distill ===
=== decision table written to data\reports\v5_experiment.md ===
Traceback (most recent call last):
  File "<frozen runpy>", line 198, in _run_module_as_main
  File "<frozen runpy>", line 88, in _run_code
  File "C:\Users\USER\Desktop\CT&RPL\2_Project\KNF_LEU+ 시범연료봉 장전 인허가 과제\2026\2_계산\5_RL\lpopt\__main__.py", line 8, in <module>
    raise SystemExit(main())
                     ~~~~^^
  File "C:\Users\USER\Desktop\CT&RPL\2_Project\KNF_LEU+ 시범연료봉 장전 인허가 과제\2026\2_계산\5_RL\lpopt\cli.py", line 1403, in main
    return int(args.func(args))
               ~~~~~~~~~^^^^^^
  File "C:\Users\USER\Desktop\CT&RPL\2_Project\KNF_LEU+ 시범연료봉 장전 인허가 과제\2026\2_계산\5_RL\lpopt\cli.py", line 597, in cmd_v5_experiment
    return int(run_from_args(args))
               ~~~~~~~~~~~~~^^^^^^
  File "C:\Users\USER\Desktop\CT&RPL\2_Project\KNF_LEU+ 시범연료봉 장전 인허가 과제\2026\2_계산\5_RL\lpopt\model\v5_experiment.py", line 779, in run_from_args
    arm_dirs = json.loads(Path(args.score_only).read_text(encoding="utf-8"))
                          ~~~~~~~~~~~~~~~~~~~~~~~~~~~~~~~^^^^^^^^^^^^^^^^^^
  File "C:\Users\USER\miniconda3\Lib\pathlib\_local.py", line 546, in read_text
    return PathBase.read_text(self, encoding, errors, newline)
           ~~~~~~~~~~~~~~~~~~^^^^^^^^^^^^^^^^^^^^^^^^^^^^^^^^^
  File "C:\Users\USER\miniconda3\Lib\pathlib\_abc.py", line 632, in read_text
    with self.open(mode='r', encoding=encoding, errors=errors, newline=newline) as f:
         ~~~~~~~~~^^^^^^^^^^^^^^^^^^^^^^^^^^^^^^^^^^^^^^^^^^^^^^^^^^^^^^^^^^^^^
  File "C:\Users\USER\miniconda3\Lib\pathlib\_local.py", line 537, in open
    return io.open(self, mode, buffering, encoding, errors, newline)
           ~~~~~~~^^^^^^^^^^^^^^^^^^^^^^^^^^^^^^^^^^^^^^^^^^^^^^^^^^
FileNotFoundError: [Errno 2] No such file or directory: 'auto'
=== scoring arm v4_baseline ===
=== scoring arm v5_full ===
=== scoring arm v5_minus_shape ===
=== scoring arm v5_distill ===
# v5 integrated A/B — decision table

| arm | target | within-cell Spearman | calibrated MAE | P@8 | n cells |
|---|---|--:|--:|--:|--:|
| v4_baseline | cyclen | 0.7798 | 5.8463 | 0.6562 | 36 |
| v4_baseline | f_r | 0.9042 | 0.1434 | 0.7535 | 36 |
| v5_full | cyclen | 0.7519 | 5.2058 | 0.5972 | 36 |
| v5_full | f_r | 0.8989 | 0.1450 | 0.7569 | 36 |
| v5_minus_shape | cyclen | 0.7513 | 6.5650 | 0.6215 | 36 |
| v5_minus_shape | f_r | 0.8984 | 0.1414 | 0.7465 | 36 |
| v5_distill | cyclen | 0.7519 | 5.2058 | 0.5972 | 36 |
| v5_distill | f_r | 0.8989 | 0.1450 | 0.7569 | 36 |

## legacy high-cyclen tail (vs incumbent champion)

| arm | pass | worst band MAE increase [EFPD] |
|---|---|--:|
| v4_baseline | True | n/a |
| v5_full | True | n/a |
| v5_minus_shape | True | n/a |
| v5_distill | True | n/a |
