segment,feed,pair,grp,record_id,f_r_true,f_r_pred,cyclen_true,cyclen_pred,cbc_true,cbc_pred
5.0,101,A2_A8,tail,a80c2b7aeb540fe099ae4b0ecdeb663009f4638a624d08e9a0c682c29225f4e9,1.8569,1.8613718726382944,535.411,536.8692771018934,1132.29,1133.6059803792214
5.0,101,A2_A8,tail,47954de8b81aaf0acb27b322c23adbbc7def2327e72e7c3c534aafc053f9b1f1,1.8652,1.8827596904640915,535.684,538.6279488844928,1122.51,1138.3897156353219
5.0,101,A2_A8,tail,ebd4f1cd77c0153dd381dacf8371fe7ab60c2e71601aef3e2e9f9d5a69cdcfd4,1.8656,1.8966189593812597,529.129,534.6461285110535,1079.15,1110.128995868739
5.0,101,A2_A8,tail,104adf3f04ee6ed9d01a9162a489b93ad675b8e6d0b99d41234c23599ad9f19a,1.9039,1.932255353945665,534.352,535.8192509780224,1055.32,1082.5536442552593
5.0,101,A2_A8,tail,ff7a0f71d422c3d43d32192bdf99e9f9e74aad676b2ebb13d7f5f42a342dd792,1.9054,1.9742568502576041,542.882,543.7690102724898,1144.52,1155.9957544773843
5.0,101,A2_A8,rand,789ef25832125762b2a4f7f2c8458cbfb36818ff17495561e6b1e4161018c501,2.1863,2.2107912087243595,543.757,538.1934471081096,1164.15,1159.0850994867346
5.0,101,A2_A8,rand,82474bf82caca87a1fc4b357c91985fa31940b89ab51650313c4a1e7083ad9e2,2.1616,2.305526666152885,528.932,529.7531960125189,1107.93,1148.6409963882268
5.0,101,A2_A8,rand,b38812aa22490cb9e4353fe7d5c6be1bbf77f0323b753dfb546bc4ee9ab1acd5,2.4568,2.5312126049102877,537.64,541.4851347681837,1298.89,1246.9416383949049
5.0,101,A2_A8,rand,cfa9743f702b97d24fdb6196e0bb508b54f2b042b2cd7de5da277af84ff6effd,2.6817,2.3371066888264993,544.387,549.6198375933988,1282.56,1252.6129871592566
5.0,101,A2_A8,rand,3c8fe3b139a8f49444f82035c987f8f9743533cac8bc2bc56ef789a9dcce1156,1.9779,2.038463030049248,536.233,533.4554546871328,1088.07,1101.0832938238968
5.0,101,A2_A8,rand,8e2de0dcece3d528439e76e140be908273e27c0c67650c5892442f99a91fb5b4,2.3248,2.3252393450009414,532.355,533.4501777930922,1206.57,1199.4255132078579
5.0,101,A2_A8,rand,c784d67407af03b4ae1ec0958fc6597cdeff4cc8d9268a496b6ebe57adfa3249,2.4447,2.3921476788046054,538.136,538.3494695647413,1179.37,1172.2675121633906
5.0,101,A2_A8,rand,0644023e660b158d6f3d1ee65777ab8f8cd394ba912e83fba6f42229384dfe28,2.5751,2.5500376645366405,525.45,530.1301303802161,1303.27,1262.2483071169331
5.0,101,A2_A8,rand,4a37ad73f31a91116fbbda3a8864ee47cd4685c46eb627b38a27a0fc3fb88b26,2.0732,2.118992635188291,540.411,536.6382673282864,1225.79,1165.778282993983
5.0,101,A2_A8,rand,b927aa18b41472748891cd4e8fa337c99b74c43b6a8158fe59cf2cd44c486130,2.1556,2.1256685621059037,538.687,539.6175773086642,1246.74,1217.30403092861
5.0,101,A2_A8,rand,b0b8324d3965d03bf27568f1290717b27070d7c2d51bcda61e109437ea4f8865,2.3296,2.2839774421585464,541.88,542.0511029700434,1354.65,1287.6881290644035
5.0,101,A2_A8,rand,f9a41af77f4cf3e5ea5e62de324703e76afff5a280e61929d9bd461ac774be02,2.1296,2.1403455523036894,543.932,545.895602123541,1199.35,1227.132362069757
5.0,101,A2_A8,rand,bd396e62f82003e847dce2a1219b98cce5ba94917a940ce195eb7796f8ffa6e4,2.0386,1.9893554396754751,538.085,538.6694629772866,1159.88,1177.4239944844085
5.0,101,A2_A8,rand,857f97e6349f4514285cbd1b919f9cb51dd9e2b8717449032a9202edba084576,2.1177,2.0644356809334257,546.818,544.216823890415,1149.66,1175.7282587678587
5.0,101,A2_A8,rand,5c035b655105c53be575a09e6a355aef92c0a9009d97c9d2bf961a88f6037ca7,2.2618,2.4092135330798703,532.0,532.3658222524023,1251.87,1202.045449769316
5.0,101,E1_E2,tail,da92b58d191f6dfef6392c12a7ae40fbcb7581bacf70f41c58b19b1cbaffe07c,1.7536,1.8178331485206198,540.559,540.4133538469373,1278.43,1248.7153074990076
5.0,101,E1_E2,tail,42f27049ac6692ebad1221a5c612111e2121c7954b20ad4f34d518c14a0c8440,1.7582,1.7499140486633722,547.997,548.634507303635,1183.58,1177.203564042705
5.0,101,E1_E2,tail,5be491a46311320e840b49fc5dccab752405d7ed74a17144822424e0ed5feca1,1.7854,1.821888091724632,543.204,546.972623776261,1134.86,1133.5000612198355
5.0,101,E1_E2,tail,d161d36447957f67d63c111a4220fa8a01b18c5c4cd152ec079628bd5b0518a1,1.799,1.7937149368048526,548.66,546.7459861509479,1138.15,1141.8990502228708
5.0,101,E1_E2,tail,2f6a111580e3abba3fef8d4b99f5e1d5d9982ab3809ea24a40e88abcc01a5a98,1.8356,1.8424466743786205,547.328,546.5620229031949,1218.21,1208.2606232638473
5.0,101,E1_E2,tail,e24a226894ed21f0ae1155a2127abe5ea74a6c131edbbe0129b4ee2bafa2546d,1.8457,2.089001045499014,533.752,534.8306480902601,1024.95,1040.5691702997865
5.0,101,E1_E2,tail,eca31e76ea072cde51286a9c4f4f69b28536354a82cf923d1690163d9298a136,1.8598,1.9500224654173508,549.183,548.0175157048643,1129.92,1174.0612641746084
5.0,101,E1_E2,tail,ffb7a8a5638192929e2b88cae072d64020ec3d1415cf801a3545b544e3c9ef31,1.8617,1.8501724939702282,545.895,545.0782543423306,1173.38,1184.9899063550718
5.0,101,E1_E2,tail,37d35c40af2916ef4bbb6f472e78768799391735c5ce4b51f069cebe114bc982,1.8715,1.8547862383520404,547.352,543.8320298400993,1106.92,1129.439121782002
5.0,101,E1_E2,tail,59530ccf8c4342690e47aeea7fcd7bb46f61bf2e3d21e4932d3daeedbfde3df0,1.877,1.9029375933711001,548.467,544.4113465943885,1129.78,1151.6597396401953
5.0,101,E1_E2,tail,dcba707f57c416ac6522d1b48112a04b145a532e8c6ab4dd98e1e6d9599b5103,1.8817,1.8781472927034983,544.186,544.2680580788743,1126.23,1109.0051367474553
5.0,101,E1_E2,tail,6221cd7257eea33a844779f16937bf9ac360dc48e6acc9f1d587cf3f6696d5d6,1.891,1.9070406139368397,540.0,539.5601105588637,1059.42,1067.6357738168106
5.0,101,E1_E2,tail,66275d94101817b7e45e2d0aba39a4245d37e922d9b621852a6c0dbf94f363f0,1.9022,1.9018948571868817,548.085,542.852195364523,1212.3,1199.561278192063
5.0,101,E1_E2,tail,27c491511063cc1ec5cbd05a27c86d4e2444a0e1a5c3d55f4cdbf529a2a372e8,1.9182,1.953676993972555,544.697,543.1830725319838,1144.12,1161.481735270917
5.0,101,E1_E2,tail,c0482d80081ed7a3ec3b761cc7fad9236db10452ea5fe024ec231f72fb38f87c,1.9204,1.8643193280668602,548.343,548.0821949424746,1201.72,1200.0763145894769
5.0,101,E1_E2,tail,4b2e307b8138ca4ce66259bd6b510d7003d67e816be4baf80afb483e12deaf9d,1.9376,2.018899928738469,548.875,550.0472049880357,1159.15,1236.376282502241
5.0,101,E1_E2,tail,60bd828ea12aa7a83910b5cf1f555ba3acb935c8fe49704a540dd0c8789a13d8,1.9408,1.8924968026192481,548.238,545.6807593448739,1214.5,1197.4021343508327
5.0,101,E1_E2,tail,71f81c896cfdbf04763104feeb410d0c45dd7cbbcc969506950d5102f7c210dc,1.9425,1.8898358697645203,551.459,544.6114662903577,1221.89,1206.9974206807863
5.0,101,E1_E2,tail,3099b6917bd528b385bbb1e4f811ace00f1105ae9c42a532b8b7ade7b969d5da,1.9473,1.8888790879277895,545.318,543.5974259347851,1148.21,1164.487590338489
5.0,101,E1_E2,tail,4a2d8cec310cf3e3a9a20e689f7378a27f03c8e7866d36d6ba84b4066f9383bd,1.9496,1.9490233582685323,540.0,539.4605967989014,1197.58,1187.9620916310257
5.0,101,E1_E2,tail,3a79b04172bc84b1726c7a83c81bdae382ff6ebdc57bd83e4d955b35ec2fcff5,1.9557,1.926987830557321,551.044,547.3184507427236,1240.51,1221.1785401826248
5.0,101,E1_E2,tail,6b3988e9416045f7b423ec65adffcd7e2724ac68ddea88c5198b8b11ade36d65,1.9582,2.01161232431125,544.237,544.4360317057614,1229.95,1194.3794160617717
5.0,101,E1_E2,rand,6d9f50e4c813fcb6d04285cdda209b44523793e0c32ae2a6fd368e6c925ec845,2.5554,2.2213495397383056,548.871,549.6732608657204,1203.02,1227.3500638042876
5.0,101,E1_E2,rand,52e8e7e6adbe168cbd3df9538afcd3e10baeda85d65e306d32eacf067826c5da,2.1467,2.146000013404173,539.976,537.6480690906906,1296.12,1253.8874492001148
5.0,101,E1_E2,rand,fab4116aecd171b0993a08f2e6865802669b3cd5172b591408e9a5354cf45e49,2.1155,2.146204239143282,545.689,544.57034381714,1135.95,1152.2014116186956
5.0,101,E1_E2,rand,7ae1f3761c14fa42d45cfe7ea892b6ac27935b95a89ec140f0d62d5655725187,1.9905,1.9400395109590087,551.586,547.6683579739159,1222.3,1243.4366754039681
5.0,101,E1_E2,rand,7c9e8308f3fc80cdbdbc3db8fdc64a8c171081953adf00f0bac5162bc38d8792,2.0558,2.072644277287993,543.371,539.9875898977108,1185.52,1156.7898790788197
5.0,101,E1_E2,rand,ba94d70784d490c3a45d3078c83a1e7acf61ce6109bdd2f153b09329d82f51c1,3.1402,3.032003694377894,541.389,540.8902478606524,1152.88,1156.744010361018
5.0,101,E1_E2,rand,6cbbe922e3f1c0a7ff82fa65b958eb850c5d0a4d056c5f6f718784a4d2cc0d52,2.2337,2.2250535169893806,546.61,545.5929770110806,1239.39,1230.4740275155355
5.0,101,E1_E2,rand,05d0c036ac111622a5adf6fbc55d0144be4abdb61b1ff2d42425d02da6785b90,2.0936,2.1710344460541044,536.739,539.1284311419049,1249.85,1256.1901239828148
5.0,101,E1_E2,rand,74493f205cd1d6e1bebdb2132d8a4fa7fc40f5cae9ff057ccafba238c678f23f,3.0936,2.8326088786927524,550.359,548.93180924285,1155.88,1158.0019632513875
5.0,101,E1_E2,rand,d1f087a2904065984e3ff97915e444f277a5f4093b5112204b84cdf471848430,2.3028,2.2267688806806656,532.418,532.6430249806422,1084.78,1086.723080489358
5.0,101,E1_E2,rand,d589abf4f03c3057f9ae067ef2338ed8ecfd63a721596c4977ab91c2fb84370a,2.0786,2.080272806294204,536.604,538.7481521728013,1130.1,1157.022329050733
5.0,101,E1_E2,rand,d5b30794c6d19f75d5902d5d80861709f19c96b4fb08afada790abd90cc04996,2.2605,2.196600758648211,543.737,545.490922614354,1163.77,1201.4648016551457
5.0,101,E1_E2,rand,3efee2ffa58ae7d1d02b29a8e436b31a50618c88941da07a46c27b5fb50d1cc4,2.2134,2.09323572253557,531.408,534.1732839888784,1198.54,1192.424896932809
5.0,101,E1_E2,rand,447abbd604783903c9320cc8c70c77f421ba66cdf34046ec89310355129266e1,2.3641,2.4287667692711428,525.92,527.9252306531927,1154.04,1158.7598640290587
5.0,101,E1_E2,rand,9a6c154e9e68337e3c554601b1b653a270e690621cb3230ceb6f09d50f0c677f,2.0193,2.074603633543413,527.985,534.8801331825574,1049.56,1069.2937986113966
5.0,101,E1_E2,rand,919b1d3d35ca083314f62973297a0d06f1c9b6b736b5a2eccba6fb528445acff,2.0834,2.079317050276961,537.277,537.0392141691574,1239.93,1218.955663561411
5.0,101,E1_E2,rand,38d669a306deccb05366f28a44d480356e5685f07318889b176868db2f28c537,2.7793,2.5381991891366096,527.954,527.0928832580241,1184.16,1192.401905922548
5.0,101,E1_E2,rand,806da49e0d79080955c27d8e55a2472ca837f4f96af857adc0ca6fb2e3b64c6b,2.4109,2.328999156207919,534.446,534.777999940516,1168.79,1129.2252251304838
5.0,101,E1_E2,rand,e5c10232e77a408f67438bcd8f598d377845b6c5485eb8433a1ae801c60b159c,2.3152,2.2690934103471583,552.146,547.7289793782365,1155.86,1173.8186075160042
5.0,101,E3_E4,tail,f7283f6674d9fc60af8e88af5e912e25498c11e3e62daf78fa5d7ff6a80c2c69,1.8171,1.8737519881886493,550.128,546.2204603208079,1142.87,1122.2280740302874
5.0,101,E3_E4,tail,7e1f0fe58933655fd18e2f9ebf5db66a7841a73c8e04aa1b5640092fa8d0b06d,1.8348,1.9220670229652612,542.474,542.4275352275357,1246.4,1223.624552347981
5.0,101,E3_E4,tail,032de2d1a13848527871241bab1c3e98e7652107352364c56d1505fa10ba1f5e,1.8566,1.9468711554098184,551.595,548.3965148795417,1315.84,1312.574736318776
5.0,101,E3_E4,tail,a40bec319424260650a56fc6d2785a2972129a73d0f3a1e8de2ab06eb103dab8,1.878,1.8525191922039224,546.476,545.6414443589526,1207.32,1192.6951994550857
5.0,101,E3_E4,tail,f4b338420411704bba84afc9c9ce31b5bd0cc47aa63f0eed6a036690ff0874f1,1.8791,1.9728536168585566,548.828,544.3951269918006,1282.77,1312.3075779469782
5.0,101,E3_E4,tail,48191b8fb41f89b381d8e9aa73f5f4288e7955c650b37c2ea52b4f153925c57c,1.8973,1.903969955722603,555.789,551.9060901111719,1340.88,1342.2555121213798
5.0,101,E3_E4,tail,7fb2cb9130cf9244c82ca54f8d14f687739b078cbcad207bc417d74d67be2420,1.8976,1.9357883172961274,553.558,551.431274171627,1243.22,1263.9181956504897
5.0,101,E3_E4,tail,6a9afd4e2ef523e7ca94b1ae403ece338cfd89bcf1e716fc1e31cc5e0bc1cb2c,1.898,1.8719685804918613,544.239,542.2246507307387,1210.97,1236.8546796325845
5.0,101,E3_E4,tail,609854cec7e3d6362586549d7b7d1e247f3a9e417daeae4aabade172a6e07ec1,1.9098,1.8654306766538349,542.004,540.8638776011153,1197.28,1187.3218085185774
5.0,101,E3_E4,tail,99db6d6f5ccdcf61827aaf039e4427b414256a9b683643c6bc2f4377163148d8,1.9125,1.970219146416374,539.399,540.4506534830447,1379.61,1344.4015694984532
5.0,101,E3_E4,tail,72fc4ba66d97d1d648d8ced6a615d8320a1c1d79e5302faa218f867bee4b86eb,1.923,1.9041537191606095,550.833,547.7775573563429,1203.58,1205.977979457849
5.0,101,E3_E4,tail,9f0bd0d01c748b36dcb793d65378a96490ddef8a8e0827d387961a9bdce8e87a,1.9454,1.9985524858469408,553.603,549.2943783616103,1339.97,1309.8218342944856
5.0,101,E3_E4,tail,959ee5a7bafc7b8b03a7ee9b311c4389d7779c14ffb25d3b831ab52569db5ffa,1.946,2.0801329684466863,534.269,536.2396048520035,1156.85,1192.9856604196243
5.0,101,E3_E4,rand,418fdd9cdca2f0e678262cb843bcd44c6291730d1103b7375020eb214ce2f466,2.2647,2.2651499615982016,526.965,534.0023415169824,1232.48,1192.9169045523886
5.0,101,E3_E4,rand,6777d9fd1f1086f17986ca6bd0ed8186abb9d16dc1bc15b9ded76f3518a8cc04,3.2622,3.26551986249955,544.452,542.6557324734617,1265.24,1293.6018701143457
5.0,101,E3_E4,rand,0687e1fe2232dd048b995edde6f24acf7ddc2ab35b75a3053256398fbbdcd6c4,3.9658,4.226713372094593,526.349,528.5714701714015,1391.58,1324.9027992773854
5.0,101,E3_E4,rand,20ea5e80213a8bf9ce029734c3d20d6ff5247440530153e169ac26b9738d30c9,2.4466,2.433188174364027,542.662,544.3117581972191,1523.99,1460.2775665543418
5.0,101,E3_E4,rand,aec5ee758f6023908bd45db3a704d9b2581959312222ae2602ec32ab348b7c18,2.2189,2.2390777446744905,547.995,548.5132920974725,1353.15,1314.0628967313924
5.0,101,E3_E4,rand,4f2820fc447067a7647507c3053b1f1cdf1dff87d4ec9345e57e77ea12a13932,2.2335,2.1724968627096852,544.079,542.2426769607852,1253.91,1253.2214841378063
5.0,101,E3_E4,rand,2c2e5ab83cff64ff67c0b3dc95dc9065c4f8ac14cdf50eae5d5ccddadf310a91,2.2249,2.2969564236656623,531.325,532.408405697826,1082.19,1090.7257256777664
5.0,101,E3_E4,rand,a050622d0593a493a36ff1456a0ab0aab660bfbf6cf74926b0acefb81000b41b,2.1209,2.089115221073188,551.952,548.7798193422951,1380.32,1355.4916916596085
5.0,101,E3_E4,rand,f361beb5c4e58ee1742dbdb8030051ad1a64c6843dab33d85a70af85a9082f63,2.1668,2.209897699433666,545.926,544.0061070637164,1335.17,1322.0755801106873
5.0,101,E3_E4,rand,778c0d70cb668a82468c1531c5df80d19f8a524d8a983bbbb4a675fbf1733320,2.1303,2.1458140808242305,563.47,557.2088348503903,1363.84,1361.794212109344
5.0,101,E3_E4,rand,8b4ec9ac66348c51fb3ff15b5485474bcd0f01c592c247f430445729f365724e,2.0696,2.045361406855461,548.11,543.7612757874662,1269.08,1299.734790555125
5.0,101,E3_E4,rand,a9c94d7d5ed0f14a055e7db8548689ff8404215b084c5ca7dab2eff65535df6d,2.5558,2.489407838394688,540.801,540.887393885195,1309.6,1283.3751430050484
5.0,101,E3_E4,rand,4312b70e752c0051e959d802e02751f63b76a112ee515ff799554c29a2bf2310,2.1861,2.121001156174096,530.89,534.7882718837182,1111.21,1114.6384157978964
5.0,101,E3_E4,rand,0a1bf6c58c6cc7b7f24a17db06a39913562175b9b2ee94efe68b70dea63b52f9,2.0861,2.064474992201344,533.261,535.6117870940496,1124.37,1119.6874682565954
5.0,101,E3_E4,rand,76d99465bef2f0f59005e2e7631763b7b0cd84aede0c58cce8addbde00d885a8,2.1758,2.164379270998458,540.545,540.752934930266,1000.7,1007.80817035679
5.0,101,E3_E4,rand,e51ebc2eb5eb226d6ec7cbe9bb71416f2bc43369acf977127aa5d6ce6406b780,2.4091,2.5149956297837526,537.717,540.2680356171567,1334.19,1356.851210996538
5.0,101,E3_E4,rand,5e455d4c3dd5d472455b6daa5a31d8bd719a611eb61186d701f5ab549302ce85,2.9035,2.9223207320908604,553.877,552.1705586187455,1286.42,1296.3666264357134
5.0,101,E3_E4,rand,37022cb76fc9312f3bfce473fe5c67849cfc9c84f12184ca074ca8f14ba9c06e,2.0716,2.0353032225261,538.904,540.4841745219577,1116.5,1119.9085879565118
5.0,101,E3_E4,rand,063d19845e0a940ee57de8aafeee52946bce60da95225fafcfc387d2cac90ff2,1.9822,2.1095428625323107,541.459,541.7318129854739,1159.61,1151.6915116112536
5.0,101,E3_E4,rand,6eb82bc90bde174e99d1870304e9f1780359bbcb12c1212e1dafc6d3f89905be,3.3437,3.412884800397216,546.995,543.7150488203465,1354.17,1357.5688515410463
5.0,101,E3_E4,rand,d99a6c3339f41c06c81edf265c9f330df1122a3afd64a52a183123c5010ed682,2.0507,2.051677793368059,544.551,543.5727279946911,1349.92,1347.6111098099059
5.0,101,E3_E4,rand,7d10234195a2faf27741a18d0fa070689ddac223cd9bdda2ecde90daa5406d5f,2.2776,2.2824077359752497,544.413,540.867204081223,1244.15,1224.539164950212
5.0,101,E3_E4,rand,621e5417d5b8a204820ffcb091b14a3712be55683cf08ff6b17f4998d40912fc,2.0866,2.0645318412522586,539.228,542.5332945578967,1246.95,1254.7997532594263
5.0,101,E3_E4,rand,1dcc3636034eb36d4eed77894d869bab5270b2fd400efe607b23483de0edd651,2.4601,2.353006810694618,540.085,539.0822271713066,1145.08,1174.2317658843776
5.0,101,E3_E4,rand,6864ba1c700d19e3377f6573ebfeb87b6ccf778a3c38f505ecfc8bcdd1fa537b,2.1922,2.3974743770564144,525.824,532.5375628900487,1088.14,1105.7577202809057
5.0,101,E3_E4,rand,3e9bea648c7936ec091bd1d16a2a8eb63ffb70031c2d32c0f0ce798af6b74bd1,2.2245,2.1897629364326745,547.984,546.2964595885161,1278.28,1318.501016203062
5.0,105,A2_A8,tail,c3978b48abb2c9b18e1e1eeccbef77735efcc015c8f9053ac9127b7660696fd1,2.0138,2.064051821563937,560.348,559.4088935332265,1272.65,1274.3543340160431
5.0,105,A2_A8,tail,d8d328da7c02d99c04ca207fab3e1bfc4826973144ffcdb51f8b827f74ac85d7,2.1276,2.170667001413353,537.149,543.816068357517,1143.15,1143.2388402277556
5.0,105,A2_A8,tail,8c4c1a01175c2624e8b09a130b339d398ce69235e5209e2593936b7cd24464e5,2.2312,2.1747982698039823,547.673,548.1728774216094,1105.07,1136.154153334488
5.0,105,A2_A8,tail,ee96b772be9e15b3cbe7195a53a5b8ab64868a18bc574e122447e2b141525dc7,2.2764,2.21421748730504,557.991,556.1509911398789,1246.05,1233.467730370461
5.0,105,A2_A8,tail,fd759f54c9030affa8e0e4f986675b7f366f945dc8e4c55b0a264d7381742f2b,2.2943,2.257988865615856,548.525,549.606634164277,1154.67,1155.3678775168428
5.0,105,A2_A8,tail,8520f0360b4a0434a1660f4d792e7ddca3b4209d534503e057a83e44d168b8ba,2.2947,2.205182110237191,542.672,544.7536146901471,1078.26,1101.13553060282
5.0,105,E1_E2,tail,48ba54f1e784a23193530278bb63b7b7ef12d017aeb154ed9c43f77168db751f,1.8554,1.9078727526431478,561.111,562.6967301863745,1192.25,1181.6443645161507
5.0,105,E1_E2,tail,91c2c525eec8ce6676cc013cb62e6c9a044879dbe623b5609c22420d2f0ab13f,1.8577,2.0005938289679417,565.946,559.1407525284399,1022.73,1049.455053641233
5.0,105,E1_E2,tail,50a167d8eda03c4a17cd384e63c161129df35f026ee6432685f03219b3ddebcf,1.9093,1.925811714932584,561.746,561.657344807307,989.17,1035.3381390140446
5.0,105,E1_E2,tail,5754a4b3eb26c524f4991fea5ed03f5f029f8bbf3bb93f61fe5244a9a040d3ef,1.9154,1.952037092123406,565.574,566.580176607853,1170.67,1197.046056452661
5.0,105,E1_E2,tail,40c2c5935ac9d372ec7d0ebf8557d68490aab00ffa82484702b2af97fabe968f,1.9866,1.9973038160651608,566.309,562.4035311258096,1226.82,1230.1110428723923
5.0,105,E1_E2,tail,02e07dc056c2e6c62718cb3eb8fabbc2e836290a44dd4ae374abb195af367fab,1.9891,2.017209992702128,561.974,562.4491004182742,1115.76,1115.811594153064
5.0,105,E1_E2,tail,be3fe04a80e3a94cb70383f8806e7cbe92859fba98f7822d1cef01e3822600e3,1.9979,1.9818558490820237,566.88,566.4389570204889,1307.3,1278.5847696020062
5.0,105,E1_E2,tail,4f0495cfb94bd245f4dd4e5727a59d50dce1dce6426a73e1e2ee32e8fd053a34,2.011,2.050706684443085,552.898,554.4034278125628,1200.01,1188.128414807066
5.0,105,E1_E2,tail,15cf7b1644e76e33ca48f68b83a57c37c372c7e6eaa5c35f65f186269cb3f95c,2.0592,2.0507741635351735,564.663,565.7919126642182,1204.42,1203.3049175876347
5.0,105,E1_E2,tail,5f0f42bfcdac6a591d393e7df110444980443007846e35aae73b3dbe46c5cbc2,2.1398,2.255111416052566,565.162,564.3919687221671,1286.57,1271.5877601302095
5.0,105,E1_E2,tail,6570a4af12e54c27432c1c0ed7ab278712c9e5dfabb86c97a64f2401a39f851b,2.1664,2.1704752956456663,555.713,554.9928488373334,1235.64,1244.2174958817704
5.0,105,E1_E2,tail,0d48304ed246379841504e358326e249a224b6d701d0d96838f4804785b4a104,2.3002,2.211045989784838,565.084,558.3948667325926,1156.61,1156.5636838653081
5.0,105,E1_E2,tail,96ba37a1673535222329868fc8306f5660996a586456d00cf98db2cf0d5c875f,2.3081,2.3080276129374178,556.856,564.3558619506393,1293.69,1330.0164149067505
5.0,105,E1_E2,tail,0ddd12c9c47b60438db58fdaea636aaf22755be8f46192528a856c136e1a566c,2.7002,2.5462737764637837,551.21,552.5187652860773,1199.64,1203.4924052635063
5.0,105,E1_E2,tail,31fada7990d69ffd78be8c8bd40445eea774cb994ecd81f45fe7fa4af8ee2403,3.8335,3.3600901262103933,561.939,557.94752842394,1258.98,1207.2931733306068
5.0,105,E3_E4,tail,7cda5947160697a25d70c1e680ebd3ae2e97213fb40671f3707012ac9c9e9a90,1.6878,1.8170208398329235,563.282,563.1242773522936,1227.6,1244.0394264944962
5.0,105,E3_E4,tail,9ff9b90e2208c92e2881b2b244de1ccc523b40ed2b47410bddaff799412bc986,1.9333,1.9825566896615494,558.336,556.4017286914454,1167.14,1138.9765524146405
5.0,105,E3_E4,tail,7c904b16e91500376d42ab1912ffd6769f9bc6a7ca3a5d2d6b37a0a1a58c2b6f,1.9596,1.9876078789899783,569.694,569.9529931103352,1278.98,1317.939832056063
5.0,105,E3_E4,tail,263a769e4fdd9f64cde7ed6cf618624d149a73ecd250ecb92281871f34366967,1.9759,1.9917824211545359,566.917,566.6664749106956,1351.85,1336.9015757101497
5.0,105,E3_E4,tail,d3a0ab7411733494a426b192d627920b12c521b6f9a74d2145a45bb3322cbc01,1.9819,2.0103912238439445,569.189,571.8074383959183,1448.59,1435.9119860827716
5.0,105,E3_E4,tail,cf90b447f91697ae4c7fe07cefcf5164dca756da60e76a8e35f2c4568db00a7d,2.0023,1.963704073083636,554.755,554.6740935754469,1244.94,1238.0215932915273
5.0,105,E3_E4,tail,bfae5964b27d900d708f7020ef10722f7bff5758ed323a5e5b59a5a3ce2fe635,2.0345,2.0233636017061913,569.537,570.7303051985441,1469.82,1433.7010983056148
5.0,105,E3_E4,tail,2371a48353ebb8ac95f47079f3ef215b41de87790615d03c0fa0e08be2dea09e,2.0582,1.9716074168529838,554.134,559.9320710078966,1253.88,1271.6895342984233
5.0,105,E3_E4,tail,50d961fe622b93f19d77490c321fd63f3932b1bbad4c60367456d58df37efb14,2.0702,2.0667514034153625,561.931,558.3522520784582,1247.83,1219.5884918031445
5.0,105,E3_E4,tail,e4a398573f462b9d3c88c7139aa359009edc7ab422d0e0003a9e31df8706e4f8,2.1216,2.097985396041679,562.463,565.3314854184159,1408.96,1406.3544529533428
5.0,105,E3_E4,tail,0f6da37a4295dae02abfab0b33e65d9373a72f75b1b868d097e2a53ce08865c6,2.1828,2.132434407194721,553.011,553.0921349794339,1202.24,1241.2405896591508
5.0,105,E3_E4,tail,d5118138ef47c97d438323871aa27ec275b0bc1f081cebaedb76a399f238d2d8,2.1832,2.209283644689983,555.285,552.5691785191207,1127.59,1133.558038669904
5.0,105,E3_E4,tail,9966eacaa0441fd297c412a2e8500751446cc23fd768aa291968611ebe97d815,2.2635,2.315978864074363,566.57,570.7852188925247,1535.45,1523.0125857666098
5.0,105,E3_E4,tail,b751900fe2acc49d2b4feaf05e005682f54787d19d10434112f4c74eef2c181f,2.4162,2.4796011042771435,568.806,567.257949924686,1299.63,1345.51405536329
5.0,105,E3_E4,tail,c32d92ba68d0d1a6d10bc5156dac89e80907f8055a215fa2270c8f49c5556d71,2.504,2.392168849620795,565.743,565.3526363124004,1298.79,1323.209031699665
5.0,105,E3_E4,tail,e2fc2e57a90485a4547df37797552b4057b10b8f3668ad6b73836ccc1e2f2f81,2.5621,2.415944135661205,560.673,558.5661764468605,1233.54,1231.8137183805404
5.0,105,E3_E4,tail,b1cd7c686dcb53f9496c201343328ff256763db1b818bbf80260f4a69db7e18f,3.253,3.066195054413285,564.302,562.0732802328416,1370.2,1347.3354957267002
5.0,105,E3_E4,tail,5da641bbb8a4679a76413eedd68db2aa511aed35aafba6b722b4c66b824de203,3.3695,3.042524310345288,551.76,552.2117119553739,1284.19,1268.8583070480063
5.0,105,E3_E4,tail,cc86ca8c89ec078962d7fdc5d529feb09b7442d79e0ab26d21a0afd40fc99e0d,3.5508,3.2471536197535356,559.687,560.6589656348528,1350.04,1332.0376221283095
5.0,109,A2_A8,tail,a85e57d938ff20f72ec2acf1eed2c0f9ad580e7ea7a7bc0e7ba3217e6c3f258d,1.8455,1.9036376141056,572.643,572.9401647972952,1269.21,1289.8923756943088
5.0,109,A2_A8,tail,83d20eb37dd3aa44cec363f4799f12d20f08b003a45be0390bd9faa21d0e48ee,1.8529,1.9003020127173071,578.526,575.840418473282,1166.07,1186.0014152518445
5.0,109,A2_A8,tail,ca5abcd81a711a0dd395dd04587fe7545426cf09c7cc0ea4ef9f8a37540e17f9,1.8713,1.8567933819287181,570.196,572.8128700905085,1243.6,1245.3358686231925
5.0,109,A2_A8,tail,acbf50133e4e8c5f2db1799c15a7ac7e97838ded6db59879a71872ff5ab0e340,1.875,1.8642231608781774,576.799,572.7502691454403,1285.62,1263.5820536702497
5.0,109,A2_A8,tail,6c70cc39740ff80ec3b323b83a856d13801d3c960dd094dbd8dd90d7c736c910,1.8792,1.9533760858684177,577.842,579.9780706435819,1285.48,1293.692355363316
5.0,109,A2_A8,tail,92d6718d7b0b501eadae516b298f7eca198d053000653b8fc17cbbde0bf604bb,1.8953,1.917822442810797,556.792,560.1198408889126,1103.69,1131.878329927447
5.0,109,A2_A8,tail,d6f90a26a835a853b2adcffb93590138e907b7930626bf7f7f7476103a975ff3,1.9086,1.9538304952494427,563.745,565.4190847548002,1209.47,1221.8018597979378
5.0,109,A2_A8,rand,26ad732c3f35566743c4418e29a445e936c358d24d5be1fe597dac34151b70e9,2.5711,2.4348255611472935,570.331,571.4100440469987,1292.69,1295.5620296388074
5.0,109,A2_A8,rand,8b3b338e88bce9a48b07c6f4ca6d40ed11cbf7aa07645db84810a0808a5af316,2.1783,2.155689549466445,562.555,557.115194474962,1191.15,1211.2053126106553
5.0,109,A2_A8,rand,8e087867b395a94009dab89f1b4bfccc31e9f95ad9d46ede1b10828fe98c1c8e,3.251,3.301595727629513,573.63,569.5282208549701,1260.08,1260.78653566041
5.0,109,A2_A8,rand,92378d51811be6eb9baab0b7b985a0d2095694dadc15d32ef311dabeb7547fef,2.1502,2.04142132354556,574.079,573.260705616544,1159.77,1156.2990788858199
5.0,109,A2_A8,rand,2fd5386e1df43194cc7196a5aeb66223bb7a9420b96851ebb1598530f32c233d,2.2528,2.2986415304534797,551.341,559.2442933243714,1296.69,1318.136609915136
5.0,109,A2_A8,rand,7cff7392a263543b46b1aa34b0f1055015bacfb10c7e79c161edeec93ec7c4ff,2.7757,2.607471064390013,563.343,562.3129208943427,1175.09,1167.0730439697363
5.0,109,E1_E2,tail,77db248b7c9d1ca5540b4ccd057702c720911fca292f506df6d8999b487b786b,1.7692,1.781454410546623,574.683,576.3070835508598,1169.22,1192.0505058426854
5.0,109,E1_E2,tail,6dd3b1e2eb636c77580028c2608c7bb16fbf8f79fe269fd541b26c414c9bc7fd,1.7816,1.7948402807299026,585.706,585.960799012405,1208.27,1234.6625305174496
5.0,109,E1_E2,tail,a4926d38e230f2e70c27bc62dfc9f01d0842288f630c8078c901424636d0b2f0,1.7984,1.7949720408003658,583.782,579.9170823679749,1237.11,1210.3019311405417
5.0,109,E1_E2,tail,bfc89e3b6e4f6b5c62ad02428b0a17ebe5e594e7948fc1c91bf4ba1d2412ebf3,1.8007,1.9052517484893685,561.419,563.361848779041,1113.44,1130.75531113467
5.0,109,E1_E2,tail,051686a6af5b2bab93c8503d85785765b7973d0fc3395eb6640e3e045c3e33bd,1.8066,1.8019510808146113,574.751,574.4005997101643,1207.82,1195.5591322882344
5.0,109,E1_E2,tail,e59843c383fffa6fcacf6c816ae311550962439150d3ce0c22574aaa6c23295b,1.8237,1.8814189016973084,579.976,580.1065781735493,1277.89,1280.1598089562704
5.0,109,E1_E2,tail,8e3cb4ca46d6a2947bb6fd743d82afdaf6e93d230beb10b9bc5307e0b993ea5e,1.8711,1.867443876568076,587.433,587.6365571288255,1360.74,1327.8212826492531
5.0,109,E1_E2,tail,86bb987d0f3ae19e3c7e2bb091d124ceed777cdb10732dee722a20001d3359eb,1.878,1.933340281764678,584.606,579.3512576875711,1288.51,1252.7890254036981
5.0,109,E1_E2,tail,01af48e7af0060829232478474d24915754f642b80b3a642841a07fcbc6fc773,1.8786,1.825677996530385,588.987,589.0541943757121,1202.86,1222.775115999647
5.0,109,E1_E2,tail,73477bdb5a957c165830c80dc4293e20a0dfaf01b17f5fa04d23e57029d6ab5d,1.8811,1.8691230347978918,587.274,584.3238445736418,1292.81,1255.027872987481
5.0,109,E1_E2,tail,69569fc0a0778fe3830a3a655c3ee45c67aed5a17a847782d40dc8ea557174fd,1.8883,1.9439060639292944,566.067,571.7288897269464,1312.44,1275.0444366388156
5.0,109,E1_E2,rand,8105b477137dbe8f29bf4288173db74c8c9e97548cd562ba92109f5cb47b231c,1.9952,1.935481069283885,578.694,576.9040489809265,1352.78,1297.4277430400466
5.0,109,E1_E2,rand,1a70d3e4cef674aa5d011d6d649840f6a784a8e4d79d642dfe4ae891da6ba8d0,2.7226,2.5335743585804633,575.301,580.0243720266686,1171.62,1191.931075333943
5.0,109,E1_E2,rand,9bb7057a4b0755e71588761e34919df5f65c5d4d0776d8c1d026a2fca269dfa6,3.4423,3.3739565044922313,550.822,556.4350160648813,1232.61,1262.1606096759094
5.0,109,E1_E2,rand,1073a9cc4307028545b5ca91e0a80aa2c8eb157b22f71909ce174e082511fd6d,2.1294,2.141393369635164,578.35,577.4118260102726,1232.29,1229.692360356584
5.0,109,E1_E2,rand,f18675646c2314e1fdfdc9136d2e3ffac577e931f17230daf8efccbe894f5289,1.9204,1.858315362436957,587.875,589.4693193464846,1299.88,1315.52054925089
5.0,109,E1_E2,rand,926e581caa06357c28545d63014ce0798c01500d28f708c9f5f3efc004a65ebc,1.993,1.9880363271531625,579.834,578.31204610802,1089.81,1087.9509031623415
5.0,109,E1_E2,rand,114f2abe53dfcd1722ac6e4e535ba8eeb78de9b791139e4e780d2425d9c3a5c4,1.9296,2.027499011750918,576.347,575.588202873437,1176.73,1186.808602712703
5.0,109,E1_E2,rand,fd1bda07079aca0a75329d396d6c0a6f91cefad825c7c09343cd41d82b7a606f,2.3113,2.319196446713346,557.872,559.7365759549107,1170.65,1184.7976588291947
5.0,109,E1_E2,rand,bda4202c120cfdf05d3af23e12d60301949d3a19f6332210a2fe1a2bc197b0cc,2.2732,2.3938718174998463,576.095,576.8948941105548,1275.0,1277.3474230039951
5.0,109,E1_E2,rand,038abee8f38011ad20591f3a71eb97236c10d632b928225fc51ea719c309f3cc,2.7854,2.675999746923686,572.095,572.0874787195552,1327.51,1350.38880038937
5.0,109,E1_E2,rand,b9de5a234d2a44d37283af3aabecd01fd82e5bd85c0767ce4ae2905214ab6e3d,2.1367,2.143066903074289,562.792,564.3488098762939,1138.44,1148.7934912716476
5.0,109,E1_E2,rand,eb9bcb67e3e903d1d5f3103ba22c72c24e2c2c13de5fae05c9a3aa1b01f3e663,2.126,2.122019958155757,571.959,573.4356872546523,1223.93,1240.403003382877
5.0,109,E1_E2,rand,f72655983c3523c91575733452b8b0a7414b448dfa2bed013cae2ae3fbad607a,2.1847,2.1411432134906483,578.14,576.7897514096501,1287.18,1244.5086360227922
5.0,109,E1_E2,rand,ee8819c35ba7f03b81c80baf5b4d09fd897f86a299b55eb2175552f4b7c4ee3d,3.8816,3.949296145545352,570.378,574.8355706804996,1326.57,1342.3916678083915
5.0,109,E1_E2,rand,d5d2090fc287fd9838a9d6965ed6252ea0d477355fe41e2688af821437baad1e,2.1965,2.1654765903415973,576.674,573.2465151467023,1245.96,1201.484562402121
5.0,109,E1_E2,rand,582c97aeb88d64c38a57ed68e93005237ab9727003ea314908d363e743b1c07d,2.1495,2.0984473333149802,578.384,576.710341641862,1208.36,1209.9017931430712
5.0,109,E1_E2,rand,2942cc7550ac21024d7b2a02d67ae2d95d2aabf3434c856d4699cf1dc01fdd15,2.3314,2.369046290076337,550.468,557.2335581694743,1175.56,1199.6494548981136
5.0,109,E1_E2,rand,ec2aa8df5deeb198d4dcbfe89c14203af789643badc54edf59f14d263249898e,2.0711,2.0975702270558334,575.555,576.8367005396796,1247.44,1254.378950542635
5.0,109,E1_E2,rand,db368c9f36f8bd3af21603ae4a4a8b6d4fb396b2644ef972b78bfdd14fa8d417,2.1483,2.1761984139158383,574.875,572.8538253532339,1264.1,1248.8128647260826
5.0,109,E1_E2,rand,95efd8fc9a368182b8efe2e89f0e7cd70fac71f974313f8de5cfaa15be3bc86c,2.2335,2.2284121649077515,585.115,583.664375440591,1341.36,1348.1434945505491
5.0,109,E1_E2,rand,d4d1dd3c1f7b2683008174f6ddc557cbaead63e9456d95e2c26e96c6fa656ed9,2.226,2.2651542320573435,575.318,571.8160821194738,1211.66,1187.7920325544765
5.0,109,E1_E2,rand,e5785f3df0e16b141c7be61f5c04890d3eccb4a49a1e08a08e0172c8d1dc1603,2.3422,2.2597172497224083,586.649,579.7434731336493,1241.79,1230.2026474816523
5.0,109,E1_E2,rand,f6dcfc470616bc6d37288770ead5c03c9e83553e7f635306d8f63e8cb7b6494c,2.5216,2.2346056708881177,582.598,582.1795960193987,1316.6,1322.7859539825108
5.0,109,E3_E4,tail,200fe901f2a596f4aae945d3a1b91afbaa044a0a08ede17b2f9d130d06389e63,1.7011,1.749637430226965,576.514,577.7922009635637,1300.36,1297.3417085080152
5.0,109,E3_E4,tail,f795d683d7beb9fe5101d99e9a1281b0b418c164daa749ae1e35777335e2d477,1.7412,1.7594294276929867,576.881,576.8408861390762,1382.25,1349.5836193308444
5.0,109,E3_E4,tail,44f44453fe099d53e3456012a12cb3d5daeae8176980074d830f9a67169bf0f3,1.7437,1.7482307932922048,569.231,567.5399603366197,1075.75,1091.0047702575014
5.0,109,E3_E4,tail,d06b216982c8e914bf734530b502ba9926d570e60ca58af44dd85dd556780d9c,1.7764,1.8469771952569363,570.609,573.0207517648514,1298.62,1292.5367714804406
5.0,109,E3_E4,tail,bd825e7b651aee444321c4d062a2177fe1f580773f9ad8ea35fa0ec8b48804fa,1.795,1.8057760054898724,582.006,579.1530670547065,1230.17,1206.002314802143
5.0,109,E3_E4,tail,2422eb9d9d4e0e2616e08ebb3f0053905886227aae0278efd2fd3fc4a3b7f811,1.8146,1.8632562999345006,579.382,579.48108221072,1344.13,1309.688985719553
5.0,109,E3_E4,tail,bf9384b74ce10bf2e898c3c4454d1f36514905881a872d200e36cecc725e19ac,1.8318,1.8602276460916278,586.3,586.2437819722113,1323.11,1349.61467371801
5.0,109,E3_E4,tail,8fd20efc5584ea2193ca1ee7431c6ee2d145e7e6af5d6abe40d4de07889a4977,1.8345,1.8769666099805082,575.014,577.3372477708073,1318.16,1306.4886748588315
5.0,109,E3_E4,tail,8f1d8d4ac49a5607008010295343dd7db50971bbcfc1ce2b1f170737fe6f4837,1.8408,1.8385001108060184,570.698,576.0261116726663,1288.7,1292.957705247972
5.0,109,E3_E4,tail,0cbd4720f1c0551744cbfba7d9a1efa7e87a43e390940d64ad5034bda4788f3d,1.8453,1.816529179547894,583.021,581.9463073797345,1312.16,1308.09710138775
5.0,109,E3_E4,tail,a70ab231d8cc000a0e3b4d58bcc90603a58294992d8a4518b12c74a7f36572d3,1.8454,1.8603968141843565,584.192,584.0646568409677,1376.49,1371.6759832309774
5.0,109,E3_E4,tail,4335cd7fa8793115dd397f846c18500db00a1d79caf01a3c57ee76f120b08e21,1.8504,1.800946942138328,578.367,578.5950975316676,1224.48,1218.8804955128373
5.0,109,E3_E4,tail,9126b0db3933bdf52e9c3350ed4f6722915bb23435f22a49171f3ae4456a3959,1.8636,1.8588315440064065,571.854,572.6646236496337,1237.43,1265.306766557432
5.0,109,E3_E4,tail,5b9fe3b67af226f76e6a0fb999a675cb74899b94b5f74f1cd690263aafcf7587,1.8664,1.8093574113480835,583.828,584.5926242705917,1333.52,1343.0851135012394
5.0,109,E3_E4,tail,911ad3a64c5a37083163f83e6544764ea35ec869468a59ffe93582c2d2e2c087,1.8692,1.8955231294971324,570.0,570.6305654463057,1192.58,1212.922528634533
5.0,109,E3_E4,tail,772bc5972c629b7bffe0d270b161b1a7743e7e64436d364631adda7be68f802a,1.8699,1.888831385625228,577.818,579.0446161239277,1193.64,1208.050502233895
5.0,109,E3_E4,tail,634105b2f7579bb9e3d97bd6f37b33f23348c1d81b6e5850bc7aa9f0c64f0416,1.8707,1.9514482549349146,566.124,564.201256794995,1120.45,1140.0581631443786
5.0,109,E3_E4,tail,95e47a0aab8cbb5955544223df55c0817370dbdfbdc659819b67853f18cb1cdd,1.8847,1.865720766052573,576.287,575.5151253637245,1268.38,1270.2439325801595
5.0,109,E3_E4,tail,b0c46317707ec35aa8c13e8eb3f27cddd16f0e01322730270d78f89b6dce16ed,1.8853,1.8541126945383541,576.646,577.5145861967753,1241.55,1255.6480307042946
5.0,109,E3_E4,tail,f576a9ab552a12ac4e2e28b8bb6fa78751275b69e11fc3bba0cc287b5e29a299,1.8997,1.9679275515342014,568.769,570.414341130976,1202.73,1204.5149758342463
5.0,109,E3_E4,tail,a34b157ac9bb2b88e3c0411bc125393208033ef69134dba826b23a16d83e3deb,1.9003,1.9668381829471038,577.176,576.7536305136659,1312.66,1312.4351745576855
5.0,109,E3_E4,tail,3ffc493676e73b19732c510da565debb326aad09ae983edcad32aa64fb903fbe,1.9019,1.8868841880646143,586.504,585.8379863692643,1394.45,1382.7838278259144
5.0,109,E3_E4,rand,7df80c9506de1811ca9adddf29982e2488ef335cfa157acd2b065417fb6d5071,2.614,2.5108073426180346,571.822,572.5801091957825,1260.9,1273.5802114257929
5.0,109,E3_E4,rand,da8b556119c8cdb60b392aca644200c983b662021b9aef264ee7a6fc0a2dffa9,1.9987,1.9385695875023248,573.404,574.6829662651637,1208.53,1232.8338293380677
5.0,109,E3_E4,rand,78f22bb44a45360624bfe4f50de34956bb096f081ebe7e9564244729765f8e2e,2.0172,1.9851463592067473,575.108,574.1492936565497,1305.54,1298.8787590442992
5.0,109,E3_E4,rand,a3d7b3e9637840d81de115a8945bfbf0640ed252e00e985c5c413f227f9894ae,2.1163,2.038619738519698,586.982,585.6422155513876,1297.4,1339.1029525004124
5.0,109,E3_E4,rand,00022cb425a9933e74ffe9926cfa239722875e296772e53727882821548dc47a,2.2208,2.2240613022942126,564.262,566.6974271433137,1328.28,1336.903675891579
5.0,109,E3_E4,rand,753cae1e45037facdae76750cd4fd1dd1311280e4bd276699c8be5a2c729f902,2.0104,1.9593628063396955,588.667,589.9115906727092,1321.6,1335.4626824570971
5.0,109,E3_E4,rand,010c56f84e0d9ffb14cd9d333dffcd7be6d6a17c454a5949eee9b9b9c9e07dd0,1.9416,2.0119507464391924,579.999,576.286460528087,1280.27,1283.0332981212366
5.0,109,E3_E4,rand,0d9fe2b03a77838020e6806eef4e4b5574be92d44c6893e51cad4c628b5766af,2.1395,2.0802091821629918,589.254,588.4611441232028,1434.23,1428.950692293136
5.0,109,E3_E4,rand,ecebffbe4b01055b57b81a6cf0ec017f572f5092c95636f47c51af16a8170dd6,2.6456,2.805813237771587,584.801,579.2067764352042,1199.81,1227.209897762024
5.0,109,E3_E4,rand,adfd2852793ec0e3434bd4e5bc2279b9666f3e55176f9046a929bec2dd5071fc,2.4578,2.3887340216345603,546.436,550.9056379299988,1122.17,1151.092724484228
5.0,109,E3_E4,rand,9bdd39e9ab8e2f0c3844a123eeda427c135c7410d0c131b33ac2e5ebade116d9,2.1063,2.106045232456056,567.606,570.720330528542,1249.81,1236.69159339426
5.0,109,E3_E4,rand,40d263b4b80e83bd661daaf6a8020c050c393c156cb68e1b1692bc7ac6dc6f9a,2.1602,2.1130200641143286,595.716,592.3418381877108,1462.93,1474.0429725198942
5.0,109,E3_E4,rand,3894ca5bdf36b884969d704c11299d4faa5c3a20455408b32aa4836ee7b1f2c7,2.6837,2.6953361170531527,576.603,579.8150361174968,1457.27,1462.2224089673475
5.0,109,E3_E4,rand,79e12c36a58282249a8f3071f6a951275c3f3c07f9a0ee44ea039534b6642af9,2.7111,2.3322345737978187,578.603,576.4671151763941,1346.96,1337.2737556216305
5.0,109,E3_E4,rand,3ef2e567defa758d8635a6a18be849b06b8d5efc45e3ed84c9fc0ae46706b9e6,1.9483,2.081823569680954,583.195,582.0941011570256,1254.55,1279.3907809073087
5.0,109,E3_E4,rand,7494036a267f65bdc8f84c8345fb6a1d69ab9219f46d76c25ae0e76a1cb50cea,2.7493,2.43048876004516,577.154,578.771004372032,1236.44,1272.302430559429
5.0,109,E3_E4,rand,1debd687229494b83698d87afa79dc1dc67a04d372cf88fb9e3da5a0305c2252,2.287,2.2901209022680167,569.657,572.1973858844414,1400.6,1376.2146635875677
5.0,109,E3_E4,rand,5db8ed178339ac338d987f2c3b3ffae53a97c6cab188ac7dabe9d6a8754e4515,3.1371,3.0046958452119186,575.179,573.418510036304,1252.58,1231.3720920639378
5.0,109,E3_E4,rand,b1c20a964f4376193afa8e2a7dfa5dc2ccc99ea6e05e88fa3a72c65b29665a6a,2.5007,2.6425069735699673,578.758,577.3349753168025,1188.05,1215.5635395019056
5.0,109,E3_E4,rand,74ef6930d328c47051a32c8f16c4d0b5f785e6fde52d250368700351cce577db,2.0678,1.9939927329434446,583.546,579.5490278287051,1348.29,1318.964130493283
5.0,109,E3_E4,rand,01e242599651a97b8eb140d85d83b8f873d9c7b03204c620934184c6ee8c9227,2.8726,2.9288075986870887,567.487,567.5937015456292,1256.19,1263.4391506146867
5.0,109,E3_E4,rand,864caec0affc3ea40d06899b4e4a3901bdd753cb5aef16eb78ea8cc4563c0a25,1.9549,2.0283056815593437,571.535,570.2606037155766,1255.88,1214.0275795043015
5.0,109,E3_E4,rand,b60709b1968072d84a513e33e57c18a05c892cf49899ae39df14f6093f931d05,2.1242,2.1476055396091245,570.759,572.3607925732235,1326.12,1320.9590420419152
5.0,109,E3_E4,rand,a8c1673d286e23953ea5582f3b85febfe65cf6dbb1c51ce536533d8df6224ae7,2.4086,2.2375945314773324,577.899,575.8188006471463,1260.9,1265.3878677001976
5.0,109,E3_E4,rand,2986f2a2cf14be113a85a353dae1a2eecdcb1c63054459a63b66d8c140092312,4.1528,4.243002509308639,568.946,571.0320394773391,1447.8,1404.6913973502483
5.0,109,E3_E4,rand,42fd6ad80c8256eb28e4a8cb8d60f7a2112452cece654142a2b4c7165b0d2782,2.3941,2.306322371060582,577.618,580.0088360732866,1417.37,1382.3227848955132
5.0,109,E3_E4,rand,eaad035e1ef8a56159bda94007dbb8b3cab447ba2009c7ea3f7ed5ef13c38628,4.645,4.85474875886607,588.736,589.4999719942706,1537.64,1472.5510801989387
5.0,109,E3_E4,rand,fc4d029463f73f9ffd0a098e8f987e3b023142cd11187bc4657581224aa0add9,1.9219,1.946196857655012,590.976,591.7853630227429,1501.22,1514.869672073239
5.0,109,E3_E4,rand,bdcdd80d22f7c9cd02b9578cb9764adb63a091a8a40f0c86fe2866b38f684313,2.2206,2.1999380859198303,597.927,595.5552332400425,1446.29,1420.0688566675249
5.0,109,E3_E4,rand,903d31fb6865732e50224755e8c79abfdb629cfd65c71af1295be2fd6ee5e428,2.3478,2.2961370584304137,565.196,567.7725841420527,1195.94,1189.489477253719
5.0,109,E3_E4,rand,df45c2b80725e7a3f47476fbd857851da089755677c71f99e6abf7d20150839d,2.0576,2.0921091388074555,582.391,580.8246344034947,1382.93,1356.6073918492875
5.0,113,E1_E2,tail,46d159023a6b4e075a04cdea4b361cb9a231574c77657f0038f6ab96c8f69d1e,1.6233,1.672037395179141,609.1,605.9073770903158,1215.74,1220.2607321602331
5.0,113,E1_E2,tail,cc65a7dc3e013a784624081df03e9cc54389db3eb3d04e2fddfee69749b28105,1.6388,1.6650081114346003,597.859,597.3347486137102,1167.09,1179.772264830735
5.0,113,E1_E2,tail,dc788effaa1ceeeb906ce18daaf94d64f3640c1f41f30c1838ad6a20ffc6d9c5,1.6445,1.6703411349133939,597.231,596.5164795002679,1182.89,1184.070261884427
5.0,113,E1_E2,tail,68510972ae4669ccbe571a618fa6cd041605eabf426ac962a2b2eadc07bad788,1.6474,1.6697022041960545,601.781,601.6950780669176,1216.51,1210.9486790254732
5.0,113,E1_E2,tail,367a24ade7ee7ae7d9b6e98b6b3cda590cd2da3b66ac10ceeb13f37d0a508719,1.6483,1.7410225786830484,603.154,600.2165344824687,1222.38,1225.5849733210075
5.0,113,E1_E2,tail,69a7529ed0e4b8188d6a11b66dc7db9850d7fdce54b634bf349b80049adb1ede,1.6642,1.7096759689170218,603.47,601.6369561461954,1202.09,1211.8806175019658
5.0,113,E1_E2,tail,9e3ddc5ae3d738b7dfefcc9058b4f84d011a724b6c8a7cfd9306baceace264ec,1.6748,1.6698070904391127,603.199,604.1919012920634,1213.19,1225.5845625986476
5.0,113,E1_E2,tail,b0e6091d0a4131b245f99c09320f37afa4812c0016b9dbdc8959d41c8157dce0,1.6765,1.7644470750663557,599.922,598.9680234705461,1211.65,1227.4559836244052
5.0,113,E1_E2,tail,1cb513ba21ffebfd0383c49314e7f2aafa7c1da39b49ffb04f7741e440f26f41,1.7196,1.7078049722677957,597.704,598.5048219972425,1180.45,1201.1387690182146
5.0,113,E1_E2,tail,8450fa6ee5401b2f4321ba8aed5b011d88e6411fc752c4e6b547c25be6855807,1.73,1.8107742942325007,599.063,598.9832163018639,1377.43,1358.224747484849
5.0,113,E1_E2,tail,c8170fa15f86b3fbd20b93061a4e89edc220f802d5cbadcfaadf4b323a9aa563,1.74,1.7594043548170493,597.27,597.71536745859,1220.71,1238.293251882159
5.0,113,E1_E2,tail,53524ddf93fb2782004d1dcabffdb806510e90f7e485ebd68c5ad1e84ab4ef2d,1.7509,1.7869918866179317,590.791,593.3494005202551,1279.53,1281.0381239960889
5.0,113,E1_E2,tail,10421516d4660f5590b07e7ce1cd3eb3eadbdbba203492f0596ab3dd67779b4b,1.7533,1.792941383610678,586.813,589.571542877909,1256.06,1266.5474425795037
5.0,113,E1_E2,tail,2d185e912f65f7edfbba401ab9c85a69cceb6e3b54b67d900bfb77fab3997e92,1.759,1.8160155332943908,590.545,592.0055010846861,1166.83,1176.8298876120266
5.0,113,E1_E2,tail,9c493a5b544a587523f24f180fb0bc0c34671d546df024b7bc0428c6d29e3f26,1.7595,1.7433458712882002,595.122,594.7717101404737,1181.97,1193.515034992793
5.0,113,E1_E2,tail,87c80921caefa36215d34695650748d9f55efaf9b46e1d741020d5b5cb54ce06,1.7628,1.688282900292046,602.394,601.2930350416382,1210.62,1222.6594073933747
5.0,113,E1_E2,tail,4ca47b68a1100055397968f88b5a2289a61369b8c5b4f80fe6fc6c2bdf2597e1,1.7696,1.7588175735225662,602.828,601.7979316121009,1221.2,1237.0651637003953
5.0,113,E1_E2,tail,2e5768e551928093054f461a99811679f4a3bac7e6f747d0398e48030737a0f5,1.7722,1.7943639596937826,589.159,591.7724332565892,1249.98,1245.4125621982707
5.0,113,E1_E2,tail,95d2ae22ae39af86fe4fbe76c337df5a4b623a5d5d03d954ca910a2813dd642b,1.7784,1.7955301941426962,598.678,598.3015316082929,1235.21,1225.6851706930352
5.0,113,E1_E2,tail,66beff75f6fb358192d90c21b46113210206b18f701526e0c8d945d93c6fbedb,1.8021,1.8262903592932063,594.937,596.2603736112808,1310.43,1296.7048498783975
5.0,113,E1_E2,tail,dcac2764c00349a0e0ae91718d6a0ba5c14f07f36b3d68ab8114b7843c01f61c,1.8049,1.8284135284881466,590.575,591.7927426670014,1286.83,1284.8313810370446
5.0,113,E1_E2,tail,bf7d964d0bf98b1240836c043d092b9422688f3e3393498933355b8c187d9d40,1.8128,1.8500819933441262,588.678,589.2401730708295,1264.05,1255.965025185591
5.0,113,E1_E2,tail,48e64a1dc26fe941f4f0376f440f07dc0a37797ebabee0020c2d36313b84a991,1.8132,1.8671221217061105,589.434,589.4367350852003,1297.06,1289.0912942139867
5.0,113,E1_E2,tail,7078cda81badc3d5deb887aef3b1ea716de905f9b339f93d5d6a10019c60817e,1.8245,1.8462974925353393,595.146,596.4324189182662,1214.23,1213.4503841986416
5.0,113,E1_E2,tail,99d60e486c88202a6a4549559a8dd2d5f41f37e5a182874b1adbc45f5c4453c0,1.8267,1.8677110949955649,594.997,591.8602708605324,1257.4,1228.1228598294201
5.0,113,E1_E2,tail,07b46ebf590418d9f2c4ea253b4b6f411668fb9df771533349ddd73a2f74203e,1.8298,1.895744540178779,601.161,596.8492529557063,1283.17,1243.2764990652881
5.0,113,E1_E2,tail,610217f0ea76198ad9878fcd39d997a4e8d64afea3487ecc6c37a253ccc558f0,1.8393,1.9570714627404577,601.099,599.654807162709,1426.47,1426.6296878710323
5.0,113,E1_E2,tail,34e14d62b22f434b8812aa40194b8a81a7507b0f6e886bafe1cd4ef2b9e3b5d2,1.8561,1.8228177234945109,592.493,593.6136211349676,1191.86,1204.1462669752264
5.0,113,E1_E2,tail,f58369f539010e761c71639a83b3d6099f94466de7c888451ef7cf99daf0dcf8,1.88,1.8969060682855472,598.356,598.5121512786316,1311.82,1264.7092664601637
5.0,113,E1_E2,tail,7e493d728d3418369e4ef1f9d3ee5cdfd839c33d456536dc31085ef5062e53df,1.8982,2.0617604925118935,598.104,598.6089167161301,1368.67,1342.3558423406457
5.0,113,E1_E2,tail,cbf38d0fad4961de6236dff771122d91ac76527e177ad07abad5fed794b43cb8,1.9035,1.8619696476955003,589.808,593.4471796605053,1189.24,1212.109890276774
5.0,113,E1_E2,tail,1adae1b1e108a5a9f93bc8feafce7d34d813e1151d597e5f45b0c9f4a9cf5c5a,1.9044,1.8159708051355568,595.224,594.2240093009079,1134.62,1172.2452157930215
5.0,113,E1_E2,tail,dd09264fb37a56a2eaac41fff1034b542f2c58d088e1dc74a9cd807e725c4d70,1.9059,2.020236199373886,600.011,595.798697610835,1258.05,1248.0601493443482
5.0,113,E1_E2,tail,da65e0a0a6ac24095b0a8521d407ec4d5fdf262e743b06beaac23f5f302e50fe,1.9287,1.8882985015993985,600.211,600.2095124928678,1266.48,1260.858975662543
5.0,113,E1_E2,tail,643a6d92a7f30b373cd356f7aaf576625031b8d8736d4c82eaf019ea50be5e97,1.9351,1.8839665393013563,594.467,596.752591326702,1224.03,1241.7264470418872
5.0,113,E1_E2,tail,683608c58cd2df1c85652e0869c1ef58a1103ff89ad7c337a23507826c87b327,1.9384,1.9913985839438857,592.638,592.2807212872506,1254.48,1227.9306087183627
5.0,113,E1_E2,tail,926f7d37bf24673cf4fc22ef16062a897d3ed6d8818c1caafb3676f72ba78534,1.9544,2.0425652006035246,590.885,590.6978046125662,1122.13,1166.892436509654
5.0,113,E1_E2,tail,80656c983fd18bb1ff544db71e810dba68549a887c5e7ac53c1653cea5674c57,1.9612,1.8627952203376357,595.729,598.1469034048382,1211.32,1231.371853092156
5.0,113,E1_E2,tail,4abec6dc812ad07d1dcc7aa6d6ae0f309e78ced899e920af10e40deaedfa93f1,1.9628,1.9440677355244482,604.699,604.4776186120571,1312.71,1325.6635616094677
5.0,113,E1_E2,tail,31c625e9655156b69e91dbd9d3e32557cb0cac51a4912bc44fdcf7c08041f582,1.9633,2.0457894040374676,593.035,592.7426884700308,1192.82,1201.084633922802
5.0,113,E1_E2,rand,180ea9bcc8690c664b37391997ff5840d036e6fd46bab1703af90a0ee817cb5e,3.1184,3.1756861745035354,565.974,578.5471946870637,1411.93,1413.5439979496582
5.0,113,E1_E2,rand,f94f49f6f1d46a14fbc2162caea6b6e23a036df3f0a5d691290114823ac68845,2.1944,2.2586642050557644,598.43,595.6152654626335,1281.55,1283.7888921524864
5.0,113,E1_E2,rand,320fa6b131d9b093cb740132d3b8d8f3005eb2d16237edf6e12f1fdaa90c5f32,3.2666,3.1276645790411783,582.087,585.0761131553056,1306.56,1314.572009001473
5.0,113,E1_E2,rand,806636be5f6b5accf83a2990fe3dea0d1dcf46cf027b6d8089dd6586c89ef82c,2.289,2.210130401346812,592.563,591.3769919869756,1249.72,1239.6034184426476
5.0,113,E1_E2,rand,b25841ed7f0d1da0baf9fc0f7f8b8f162f156f2ed458c66890b25a628a3862a2,2.0773,2.1827383103426987,584.537,582.8838671891274,1224.1,1210.6597618104943
5.0,113,E1_E2,rand,4efbe02bb4728e661e5dde950426bf4d1956e3e2e254116f8e4e5c7893e898f7,2.1678,2.1736095180548234,592.412,593.2367646852788,1239.56,1241.0699616404831
5.0,113,E1_E2,rand,e959fc8d85a933516f82720a769a6bd833119e648bce2adcb51346d2efd1b1a0,2.5091,2.428161178821934,581.034,584.5586923178741,1158.15,1200.9369768739466
5.0,113,E1_E2,rand,89899ab47273e63296db24955f43bf16bf1a39ff5adf0ac8472d437652f4d87d,2.7229,2.659777885167725,614.17,608.8827064381385,1480.8,1441.7609734244393
5.0,113,E1_E2,rand,f373536ddf908bec5d6c53b27d1ab18a4f7224d197ca7e6e9c7c342946d180d6,2.2418,2.167050096670356,588.573,590.3659684499387,1245.17,1224.7958718068244
5.0,113,E1_E2,rand,f30ea74b668093e97e66dd9a9d03890d8d11e15e2c6da24076be5259cc28b971,2.003,2.0866012665744527,588.064,587.8633177760184,1243.07,1223.148261420582
5.0,113,E1_E2,rand,c90e0fc06999de362ef1159332e5af2b8f1f9b4c49d620bc6501bc20caaa74e8,2.2284,2.075257572609254,593.26,591.5149748033757,1227.7,1225.3166724801167
5.0,113,E1_E2,rand,5b81b43c42abbeb29b767448af59f0dcc4e40effe5fecdf56a22715c4cd705dc,2.138,2.0945897522755064,597.541,592.9749357558173,1280.11,1248.9903882800418
5.0,113,E1_E2,rand,5ea51f04d1ca3ba62fb611a7f585eb8b200f32b91cdbc2157e1f570b8ce82d75,2.065,2.060325058157632,589.028,587.1401102874233,1151.6,1171.5101643972107
5.0,113,E1_E2,rand,314b8c8c7760c2ed0ede85d6279b261c4f664da7beaad6fb9fedf957dc5713bd,2.3186,1.9694328602142444,594.451,591.9185867571832,1180.08,1178.9103710399168
5.0,113,E1_E2,rand,23b6d73dae7e2f19fd3c3cb58682554f61235f680df4c554c8f22ceb44f2cc52,2.1309,2.1020259035965223,600.0,596.2734073118725,1277.96,1278.649849008451
5.0,113,E1_E2,rand,29786ea6e587930001e203320a7863add99e2ec066fc5dd06c40bb8cd89860b0,2.3036,2.246064895987209,598.249,598.2816524685338,1458.98,1435.8765990232291
5.0,113,E1_E2,rand,2dc41e85fb977b5039b4dbf869f97a42343b7055e2e142159a0ccf13a8674060,3.3093,3.270776764528491,599.254,599.1222887660545,1287.74,1303.0067141165468
5.0,113,E1_E2,rand,a36e96aa05c0f8a90ee6c41881099a13e4cc705b008e90ade6ba048e79822436,2.4327,2.299049592048182,600.828,600.4889290066376,1419.94,1392.6732356505704
5.0,113,E1_E2,rand,7376dcba4318808cd3d8070b8e5612a888af8b719057e10f19bf6ef81f574bb7,2.3896,2.491537276421494,590.128,593.9435922383971,1468.69,1454.3437196532832
5.0,113,E1_E2,rand,6fd2e2c55549c5d0da64f4bf1d98ff0ce583d3adfe61f961e58cd503bb3def70,2.2171,2.2345729652280695,584.86,584.7696342689835,1240.62,1233.4720039838548
5.0,113,E1_E2,rand,d32cabbb6f8a5180ed4dac50aa4305d6daf0f15dfbb17b2013edf11eeb21a19e,2.0861,1.8967507124327738,595.284,597.3595860383912,1223.27,1242.540791457891
5.0,113,E1_E2,rand,fcb5769bd24c05cab71bf69d553491f77b43366c3d51b97d3b13bab471bbcb5d,2.0487,2.139777541921445,589.929,587.7169332990857,1226.06,1219.7899593587545
5.0,113,E1_E2,rand,925c56f753622689d203ad10c30df9536c583c2fd273ac648086d86b851b4b0b,2.3565,2.3075881852128144,600.623,597.6920256112239,1349.58,1353.9395772432467
5.0,113,E1_E2,rand,8094989ead7cb787a49aa9c24f574dc0c33a92ba209ed83c4ebd627cecf3497b,2.1806,2.2329795326284025,593.281,595.3930740718588,1386.73,1365.1187883889256
5.0,113,E1_E2,rand,217770c1c509662c71f746c34a0f8a450078aa2192d471f3b96d2ee0be1194a4,1.9938,2.0901945373121045,596.04,598.2519375035235,1284.76,1320.124408793642
5.0,113,E1_E2,rand,337219c4582e605f97c8b97385f90f9ab98fb0a6a5934bc3501f3613108bd08b,2.0333,2.074721471348841,598.458,597.7721402676075,1241.52,1252.7129302608955
5.0,113,E1_E2,rand,259c276cad0c8f494e0397ebcdc7ad9ed0d0c284f0e021cfc7cf107168303b54,2.429,2.602255207487188,591.559,589.9716180411765,1331.96,1322.6207651342388
5.0,113,E1_E2,rand,a90e6fbf64c280d53de4814ec318307948143c1653489ee7c874d35fc74732a9,2.5464,2.530157532600266,597.61,597.3598630834867,1297.24,1304.2687506257816
5.0,113,E1_E2,rand,3a7e8d350eba78d057dd54e335517c088b9c491e31cc80f20c9f2144e87f93a8,2.2109,2.2497536917704384,583.395,585.9705266697154,1348.89,1355.9382938748918
5.0,113,E1_E2,rand,244699aebc9d6d47091d4341dc1314414c6b9a5d1deb719d06236c5b2118b171,2.0319,2.1457395658789196,594.098,594.9287465791942,1212.92,1162.6581911197322
5.0,113,E1_E2,rand,cd8405fec71f062302bccaf80ea041d7d928edb9c184521010d869247ad8713d,2.1432,2.1187730738004684,601.963,601.8846965651342,1409.91,1386.2967001990141
5.0,113,E1_E2,rand,60b31f321b1f59ae1ff067f7f37fe45f5c237b67dd906ea9e8d64787860bb056,2.9428,3.004864364528094,593.579,596.1423551386035,1425.78,1382.3677159414265
5.0,113,E1_E2,rand,ee5982a5cf3553fbbdb1555fc9bd7c424fe337a64837980272561dafae8b301f,2.3434,2.2901413826856754,598.318,596.3255012978577,1243.9,1215.3711674427332
5.0,113,E1_E2,rand,8dfee00d803a101d78700fc76cea893d12e35396a28fed7e26a0a26e23dc9f74,2.1287,2.066530219844945,593.628,597.8635684866019,1418.28,1368.0599334405538
5.0,113,E1_E2,rand,1e8aa27c0467a644b3c482b7fa323fafc1a95ddc3689429d32bdcb655eee91b0,2.5636,2.600233056308883,581.5,583.9758630848094,1275.96,1275.6380408271339
5.0,113,E1_E2,rand,0da1c8738d81adcc92c7a5b4248e68654596b90372423495d92f8c501abbd4da,2.1033,2.0385958424475477,599.042,596.3908610430551,1303.73,1275.0394342318482
5.0,113,E1_E2,rand,23e3ec1693b25c0ffbe7e0c774cfff9a0c63ff36bd9910f9e03111a4f5071f45,2.165,2.1586037866731167,583.299,583.9852205109539,1330.31,1310.2700133059548
5.0,113,E1_E2,rand,88d2e5617fae554df418cfebf97c7842cd0f0b556040e97485fa82bca816c61f,3.2155,3.4142978931822885,593.792,592.8455026418485,1301.52,1312.6793956461338
5.0,113,E1_E2,rand,a130c11e32860f37445eae530c1d9d3886269e7032d3ed366653cec07d0e4d3e,2.2201,2.1735054394831157,580.625,584.4991178233283,1283.66,1263.731973849056
5.0,113,E1_E2,rand,80a6d08526b27a0121c774640850e849624236aa6d152b323cd302f1e61e2e55,2.0233,1.9389335030667645,606.662,606.0043908591879,1371.4,1337.9832826553188
5.0,113,E1_E2,rand,4714b57d1301c9b669ab897341c4823d967b90209d9427f5876ab3f0dffd682a,2.458,2.535194980600229,596.349,593.4064686300226,1323.9,1324.1899039450072
5.0,113,E1_E2,rand,37d63bb0b8106c03f368aeae92c1b92a10cc8048f845a8a45bad177fb5222d9e,2.0336,2.035017682864774,592.358,591.8137387719084,1169.34,1159.164397888606
5.0,113,E1_E2,rand,0f0af4e9d77212b94f5ab98ddb1e0f0458df37ab4b87dd4c913d1b59c4ac6bc1,2.7029,2.543769543793459,592.171,593.7803434624602,1267.92,1316.3508853097478
5.0,113,E1_E2,rand,ff90763f6b5fc4cf6ea0656f610151933890337702d4e0d4b38039fe708d1558,2.5287,3.173627561709526,599.662,602.6222447940731,1412.86,1452.954252991181
5.0,113,E1_E2,rand,9e371c36e3ab09a6cc5ef958865014ccac369d16de4f1661e7f02669b90f284a,2.298,2.2682905363264996,595.802,597.6314718998108,1356.26,1356.7838673530873
5.0,113,E1_E2,rand,25174e610c811281be3a86a29f403f443b0551350a2b51c06f3244d41719a92f,2.2413,2.2034885746513777,595.415,594.7329603687474,1330.28,1300.2645050364536
5.0,113,E1_E2,rand,836be7cbc9b7d078d0de78299c10b82a42ef6d3a4b483cb2b6f3b48ef12f9e54,2.1634,2.298757565129839,591.096,591.9847686041262,1205.64,1234.9643802018431
5.0,113,E1_E2,rand,3496209389f816b44d40599352541f3d5ab2883ce73a0459d1825183a55d95e3,2.1205,2.1100042925102795,596.126,597.2446692484855,1395.22,1398.0831950399497
5.0,113,E1_E2,rand,864959ca356c96b34a2a7b562478f59fe2e555200674b24021edf41b984033c5,2.0147,1.8964229017337704,593.094,593.8103446021119,1212.55,1227.8461415406246
5.0,113,E1_E2,rand,6f92fa628bd57afa8af472877cf0491bf63a376eb76131f24757fbc32b71d090,2.1982,2.2329761089793934,588.637,588.561431236257,1246.69,1240.3778708593281
5.0,113,E1_E2,rand,43cb1ca899c020d681c6445abc2bf6d8ca0ca7b7c3d223795d8d78e7d89822d4,3.8033,4.038334405838148,588.087,591.232485131962,1644.93,1562.6932117605616
5.0,113,E1_E2,rand,bdbf20fa8e81022b56dc7b661684cf584f2041d8f228c1d855973a19b9a2c19e,2.5259,2.5245064388314993,586.942,588.318864066701,1127.8,1191.6765189652933
5.0,113,E1_E2,rand,6485d2e0479485e044b1300979292960b0ba4c548ccded162aa7d126ca7c4a1f,2.2272,2.002554505960737,594.42,595.073125969174,1239.87,1262.7901261055117
5.0,113,E1_E2,rand,8876b9c172e510450d113a543547dfcc2812b4d908397621afef8502de293512,2.5243,2.503396121440262,603.305,600.3465659245019,1325.28,1317.4872124511749
5.0,113,E1_E2,rand,dcfe04e2153b8a27594eb11069d8aeff3f1cea2bac6d4c42e9ac358eedc5b801,3.8293,3.725785751197507,572.183,577.6236942194639,1421.75,1383.0595140238884
5.0,113,E1_E2,rand,e27bffc2a1d6fe4e5b27ec668bd9fdb8134958a1e233aacc9f947ead4b93e053,2.4758,2.4561612390621224,590.893,592.566010103608,1415.53,1373.1447706749768
5.0,113,E1_E2,rand,6f021925845757964ade32a37003102c0e10f48142a3b16c75a89e6cfef13cee,2.0644,2.119210493649996,584.096,584.522930943594,1206.07,1195.3551183745853
5.0,113,E1_E2,rand,16b5bcf36f3e51790e3668bad825dfa82cae76a178ff17616d2aef15a688dc4c,2.1197,2.1672612212448725,588.771,590.4359786347361,1267.19,1283.7724066067308
5.0,113,E1_E2,rand,52e55ea959dc8b080b55efc338a80edb0d803a1c56af598f0b69653f2d772db7,2.7138,2.722832570759486,583.967,584.5987259972965,1116.48,1164.070849432328
5.0,113,E1_E2,rand,997dd4185d9043528f6a814bbd694b224c4ab746316afa2f1147f55a1b962ce9,2.1934,2.269048480372136,583.829,585.9381053558536,1160.64,1147.6879370570837
5.0,117,A2_A8,rand,aa7c533a3642da5259776bb16e5a7466bef98b02e1683697c259326ba5fa2d52,2.0827,2.0906560519158344,612.353,608.1375874716161,1370.72,1368.0290216236172
5.0,117,A2_A8,rand,f45302767d753ab2e174f1a0225335ec61b562d20bd3d3c82aeeacd2a2b06eee,1.7866,1.841775266777266,606.161,601.1587108822846,1294.88,1294.5447722315562
5.0,117,A2_A8,rand,946999371ccad03a552df617af689ad687062ff1b1a71179362c7b657f946f87,2.2873,2.439481228288997,601.284,595.6083865641679,1224.99,1265.5367313287793
5.0,117,A2_A8,rand,99e29234bf144bfa10b6f83c74e72a459e0fe4bff6f35376596d933492580c61,1.9208,1.949385276502089,610.184,609.5600807810604,1343.05,1349.2680079007991
5.0,117,A2_A8,rand,add50ea2ea20210cca2c8cab8d5483b8d21e05c032009207400eed0fdfb3e276,1.9056,1.8757940231919947,607.947,605.5760238282483,1306.9,1304.8984031081677
5.0,117,A2_A8,rand,14abe88c7417ade414f53ac43376dd473873f9c15d7a834926f6ed8f23e4ffcb,2.0948,2.1407666061699517,616.391,612.1513109016453,1304.54,1325.2029775527217
5.0,117,A2_A8,rand,ba919077ee1d65f56db0fc497283a3d4a85c01bcd17270d4f47cf6d85ba3430e,2.0516,1.9902519626071091,606.373,602.3641558795441,1190.18,1245.1992896535407
5.0,117,A2_A8,rand,3e556fe5708d47b668bcd04d5d6bfa301f49a7689e20cfa04dafb1c639ef18ad,2.1818,2.1062894662114093,599.463,595.1526722599313,1231.16,1247.1308319350828
5.0,117,E1_E2,tail,09ce6ee265fb53f2b97e0c3a2b2d30f1a012a72f108330d0eae368d02f8943d9,1.5368,1.5827248293608058,624.63,623.176944564611,1267.0,1256.6026088583749
5.0,117,E1_E2,tail,50f1b5efc09bddfcd07af38a869bf490d42ff37c87d4b5d6e847d738fcb6b181,1.5382,1.5711021471256759,625.85,622.5912168327375,1265.0,1252.5920938518757
5.0,117,E1_E2,tail,afd658aace16ffd5b14950ef99f13b322759dcd2320dfffae9789643ff1d0988,1.5387,1.5824496167467796,624.46,623.2568542491113,1263.0,1257.8039198306524
5.0,117,E1_E2,tail,5942f7bc6a0a709fbb3c92db5580cc4782950666005c593d1f396115b3582ba0,1.5391,1.5846392076053162,624.44,623.5001199821577,1263.0,1264.618157852296
5.0,117,E1_E2,tail,9148488cc6c20a5ea4805a9caf39f44f7e40933f00f4058c17b1046486df33ae,1.5396,1.584110659072783,617.434,617.7437239885073,1221.18,1232.5033138793997
5.0,117,E1_E2,tail,482fab507ca6b787809961a788007d6b357069dce669ed622c3eb10d2f8b758d,1.54,1.5869198276413499,624.62,623.1167893344029,1266.0,1257.8527108144394
5.0,117,E1_E2,tail,7f0eee498b802437493ff5d32b01e01f205867fec49b8ae5382624eb16cf2e6e,1.5415,1.5665854755444142,625.866,622.3681753941341,1263.36,1251.9984206458548
5.0,117,E1_E2,tail,69abafa23788380b6571e09ff9875b377d5a223907000dd81517a61ae4193e6f,1.5419,1.5824460215745952,624.48,623.5745268822366,1263.0,1258.2282998892497
5.0,117,E1_E2,tail,6e9978dae8a4ac30d3f7fca62b5f1d1f2e1c19f6da5b2fde91d4c95fcf14dee8,1.5427,1.5741785083087807,624.398,623.4991043636094,1261.04,1256.7015787842697
5.0,117,E1_E2,tail,4bd7e221cae46c06c936e883df0bc5119b9c836702279ad0d92943a718a0f86e,1.546,1.5840517826700038,624.37,623.0467598228877,1268.33,1274.4924710139644
5.0,117,E1_E2,tail,0c5fac4a27a8b33e1cd49314c0ecdbd92807fceafcb9609f86ccf7f362e1884b,1.5468,1.5787458179630385,624.0,622.2276073941832,1248.0,1244.1782905182035
5.0,117,E1_E2,tail,430de3f3d249e60aa251b100b1fae707ad89985033002e34e129495c99920617,1.5471,1.590267471493178,624.31,623.3608630030326,1265.0,1260.9828872914995
5.0,117,E1_E2,tail,5c852bf4a1260a002dba2b6b76e360a465af808762f0f5672ba2e6b7e8f56d7a,1.5473,1.5735639376401729,624.71,622.4377004862974,1260.0,1259.7264167783833
5.0,117,E1_E2,tail,2c550d506aa3e6edf815a380c6fe0e3d32f9d3e01da84556f60d119e00082aa2,1.548,1.5946900427174655,624.16,622.1453175711258,1252.0,1248.0297662734379
5.0,117,E1_E2,tail,98dce3b6d7e4137ca32bc2b0c5c2181c17171693e496cff811c85fd65ab035ff,1.5481,1.5691866772296927,625.52,622.5573368282367,1262.0,1258.2294281955024
5.0,117,E1_E2,tail,d79c192232d9aa495a16e488ab97be6e76b0cc0e1669f34ea649eef1ff563e7f,1.5482,1.5847909471600663,624.35,622.0366282659029,1257.0,1256.226783736232
5.0,117,E1_E2,tail,11f39c61261d25a9342bfb535d9d377d2c1fa4cacb76b320a69131333a37b657,1.5568,1.6055973875753509,617.036,617.0137950446501,1232.53,1232.8268875638496
5.0,117,E1_E2,tail,17ae8c853bb39f7c4cc121e1b2fee53baaf2c23593e98fea4b5c0b7da5d98ce6,1.5591,1.6015622216258107,618.425,618.2143149358708,1228.66,1232.880338121996
5.0,117,E1_E2,tail,8553879a2d9df2e6541730b51204304c5c55c3e5fafc624abde561438116fa15,1.5593,1.5867463278339033,626.005,622.4617506013024,1268.63,1260.3740928933098
5.0,117,E1_E2,tail,a971add72d1e860a7334db84025de9421f84f4c8a0dd5912f198845d0ac46541,1.56,1.6050936850303437,624.267,621.3474676509209,1248.95,1247.9602031243226
5.0,117,E1_E2,tail,5c42edaf69057c08945ad8cf5b13d2812e104db1272d583227ab8d7f7ea6ed08,1.5681,1.5843326718716906,623.935,621.4678370263905,1256.55,1251.1024416201126
5.0,117,E1_E2,tail,7e5602d2afb84e8f1baa385805d1945c160a92191cf44817d94e820587b5afc7,1.5705,1.5831796550305275,616.736,617.5172867927984,1226.32,1239.2316731602523
5.0,117,E1_E2,tail,a16ec6e20f5591b78ff1431f04abc8ebe9911179c6e491c30ff34e00e10d4fca,1.5711,1.6003496588356332,618.333,618.7296697777499,1236.59,1246.3522298062835
5.0,117,E1_E2,tail,a9e4960e36dab534eb1a33370b4b31af50598049adbd645c0a9039d9e7613b06,1.5757,1.5957321259359396,624.601,623.2822084460167,1272.77,1265.6132909208527
5.0,117,E1_E2,tail,246beb586c688f4d1d66fcf5c9184527e70a9dab46b32c461c4b9d6552ac4eda,1.5876,1.6320590338368515,615.106,615.1125920863919,1202.09,1219.9046320950865
5.0,117,E1_E2,tail,4e94212f123bcb6eef54ebfd37bb23883d8f9c9609059b252d60806030a0f4e8,1.5883,1.6109832466147893,621.708,621.1629675061292,1274.34,1265.0524141313176
5.0,117,E1_E2,tail,6036ca5e5337953092bebea4cae89b837f74acf108c81be4318056263704f0b3,1.594,1.5892158909068885,626.223,622.0187295305457,1271.29,1249.533118692424
5.0,117,E1_E2,tail,e51e53be5f105afef2b8d7931e298f805312e6a375d2843395e17a516d15b55c,1.5945,1.6043545059849285,619.387,619.4416159678879,1245.09,1261.0104104105594
5.0,117,E1_E2,tail,e149eec7b7149b680d509a4e4304da7256b09c77bd3be38e51338ae90263289f,1.5999,1.6285510191059593,616.944,615.6847478351513,1240.96,1244.9863844008223
5.0,117,E1_E2,tail,41808fdc347f3bb841d22748bfa337dda7bac7e2d82bcb20f0a54bcb1975138c,1.6017,1.6138001877418444,621.003,620.0302895016491,1244.54,1241.6833410197137
5.0,117,E1_E2,tail,65e2478d5cb9a426612917900767549738bd5537407043b42ecf9bbb10dc6bde,1.6024,1.6384118340850373,612.598,612.3219646886521,1218.96,1221.0431214300866
5.0,117,E1_E2,tail,eeb754af76ac8c2278bf24fe3c26d185c1222c3ec7822b4d854c4139e71328c7,1.604,1.5806402408186213,612.113,614.7404434425871,1212.8,1230.004984183097
5.0,117,E1_E2,tail,7d90c0ae7a56adef06dd7c1b3e898f436a4889446121f9acdc74f7563d7f77b9,1.6089,1.657819737965199,612.945,612.6479959876372,1234.36,1235.090576768986
5.0,117,E1_E2,tail,ed1a27bfa8fb0ba65a56c349ae60057689b441dd41b8270eafd870192a3ae4ee,1.6097,1.6415123498764022,613.563,613.581921857003,1240.52,1243.8789022435212
5.0,117,E1_E2,tail,a262eeb4da42d83afde3fae7f714ac1e0060b561d50bac60a341c28caab802f1,1.61,1.6054918394332622,614.608,616.4277460853075,1223.31,1228.718549821495
5.0,117,E1_E2,tail,0f1be9bae8f01cefac83b879563de7336ac875acca85768fced5cb53688687ce,1.6101,1.6346060677760392,615.807,615.3099169561024,1219.42,1234.1433424252969
5.0,117,E1_E2,tail,548f2b473490d6a89edf06dacfcf721f62cf05939037faa4857ffc2dac43c6d0,1.6195,1.5807954445473797,625.894,622.1782223075033,1274.4,1258.7793382259342
5.0,117,E1_E2,tail,b108bfad795f4a8e51f3ac520c6140258fe7d06278e257a56eabfeafe562feed,1.6201,1.6338381855745596,612.177,610.4720669424139,1233.79,1218.3949724913555
5.0,117,E1_E2,tail,455f5f44d6dabbec98bdbe462d9985cd9936ae109432ab9e61a78a58d0f06205,1.6209,1.664172581879443,612.399,612.1864664123507,1228.0,1235.9377978575676
5.0,117,E1_E2,tail,dbe36e53490c34dd424896d9eb7ef12c7763870fd682c9c8bc9b3963a0f6fbd5,1.6214,1.60227317784181,611.215,612.6899465845624,1173.53,1196.578132480512
5.0,117,E1_E2,rand,565082a3567205c4a08f2efea6b69b2032e54e21760dfecad98f60a0f10bc056,1.6682,1.6838416524580115,617.797,615.1540594252051,1283.53,1254.6120594644617
5.0,117,E1_E2,rand,8aa0cd435422dc8e922dcf08bda51a40eb247b8eff78c556e686c0f787beda1f,1.9071,1.9155045776103157,614.374,615.0110517319645,1290.51,1298.0928610702817
5.0,117,E1_E2,rand,751fc6b5844b99e4e228a8e5e606f8aa810dd587ceec9d85fd28358b8112cb22,1.8161,1.8399625576732774,609.901,608.9700388468359,1208.46,1211.8038086415477
5.0,117,E1_E2,rand,3b9db7ec124941b495d312025afab172f8f1ada010f21674dcec46affe3abf11,2.2502,2.2783328905109794,607.539,612.1810145897921,1336.55,1370.9179388422858
5.0,117,E1_E2,rand,5efc4881ee9fa951559d1345dd04e81a57d26c2da4412e9fece51293dac1055f,2.0231,1.955286100290898,611.227,613.8684263133753,1203.51,1214.7527432551742
5.0,117,E1_E2,rand,55880406a3dcde569b245eb721bd217d3d4888c01592966a6357efdb748cd517,1.9995,2.0136291840199583,609.793,611.3216347626865,1282.34,1279.1598490976012
5.0,117,E1_E2,rand,c741cf0cb86d5d77da674176751a0008f152e2bd0a73e5560995db6c3734177d,2.055,1.9184155972613157,607.357,607.1166995150568,1251.24,1237.539294036782
5.0,117,E1_E2,rand,ea231655c89b5e1b7b2da7ab4fa3e0f47e3e2739f3bf39d81ae08631bdb45dd3,1.7118,1.709748514163244,619.092,617.4225698197067,1321.37,1323.2796261136436
5.0,117,E1_E2,rand,564adbad6aeb29ad3fd872eb40deab11c5238dcf1f2019098677902fb5054d34,1.9444,1.825212847071341,611.437,610.1333228699068,1261.44,1228.1763538179148
5.0,117,E1_E2,rand,46ef23e5a8486c6311a3be6f5aadec6dc5ed932d1fe3265698859fdff56e6a8a,1.8364,1.7647087482804704,613.318,615.4840466377891,1248.31,1249.5519788743522
5.0,117,E1_E2,rand,3f21d436177456c07f1b9eb162ac481fca13e1a82f97b94e7f3d5ec45ab8d102,1.854,1.78394973137273,617.635,616.8780515747892,1340.36,1325.688427777383
5.0,117,E1_E2,rand,ac6a2c9af078f5d7fccca5c592066f41a5a05060603ace8f8a8c5e8dd6e892a0,1.9156,1.8979336466075505,612.449,613.4222012463435,1283.03,1283.9980168687543
5.0,117,E1_E2,rand,64ca8e0197d07aaf1d2da1a4d1b32b02535c90e8889fae65ce978223c03beead,1.7072,1.7743939747589506,608.355,609.3609363350961,1247.02,1238.1998772198913
5.0,117,E1_E2,rand,3ffa810afe50cf1e26a43e1472d3fd30a84a1a73fcac232bef5c0632d560f8f7,1.7132,1.7447975639605382,620.632,619.876728776265,1335.48,1313.891216387517
5.0,117,E1_E2,rand,4168fa935a06703520f7c02953a0b77e78bbbf15576d885b831badceb2283306,2.0604,2.0482731601634137,608.261,608.4543375827129,1205.44,1199.284570947721
5.0,117,E1_E2,rand,0ab632299d50f50b1ddd3f91c36ee5a89dbd265f7f1b51013a21f5be7ef17bc5,1.9316,1.9495308409483403,611.021,610.107927887932,1230.65,1230.5348868415604
5.0,117,E1_E2,rand,556dabd278f489ef12305ce55e439e4439b33dda88844b99f056b2c41a64e64f,2.1646,2.1098024515953417,597.409,600.6449184840133,1239.1,1249.839560061425
5.0,117,E1_E2,rand,241dd351317fee339d2e1d475421b03e84e2d0bafa3c016011b07421350028eb,2.0882,2.0983967469167,607.089,607.0084640605216,1199.74,1211.4547229613177
5.0,117,E1_E2,rand,1febcb06dc495442ea9904a8c518dc6a69ea79ac6fd677952b068cc6f6c69a94,1.9135,1.9127613229576899,613.289,612.3098307085129,1312.52,1299.9156988339055
5.0,117,E1_E2,rand,dd7e0c5390433e2802e27dcec59657b0adc0a6d912fbd212ec3a1a8d05d4d171,2.0813,2.0430550388310627,613.953,616.4167745917464,1378.72,1369.7599425556646
5.0,117,E1_E2,rand,a553264b0b0ebaa41c0e556d1ca900a2136672c97f03cccf0bf88b7b98e01435,2.0635,1.9558251250387342,605.453,606.2906503468294,1156.17,1160.5999490134113
5.0,117,E1_E2,rand,23e12a516aa45ea5bdbe4ac26f38602edfb0a45b94f7ce5ca1d18646c57813a0,3.3502,3.199800979620035,624.045,619.1438313461131,1333.67,1329.8841502425153
5.0,117,E1_E2,rand,aa609ae9969cbf341eb320743ed14da574ec8007ddfc1ffa419cb6574cb7713d,1.7179,1.780412598658214,614.984,614.664738122786,1262.09,1265.8805389906374
5.0,117,E1_E2,rand,d59f32139afc7a73a10ad0e0b2c8ec3d92a6e234a7ae681d18d68338d5bc3f72,1.9975,1.9897293017148538,615.619,615.5746967627517,1366.91,1346.9974308344777
5.0,117,E1_E2,rand,acc459f999311afc57e0952282f813f65adeed46d10fffa16096acb35cf3d548,1.6806,1.6187258429086375,620.107,620.0607854248583,1213.56,1234.4368295166478
5.0,117,E1_E2,rand,7470089504536a9885227517cd281b74057838efd5d1f62916bfe5ef677f5bc7,1.6747,1.6937029695967676,614.258,614.8383315266244,1305.93,1289.8959757939947
5.0,117,E1_E2,rand,1e60e2c99a3b894788dd8819a8bb033cd26bc8408adf1242eb40d7942105ae6f,3.3338,3.3799115955012824,603.071,601.3743360057272,1286.88,1327.259200035698
5.0,117,E1_E2,rand,b3fdbbb632a03056601b0229ccc3b80a75e9b0e6aa2125293af54c012391c612,2.0284,1.990655295076848,606.689,610.866437294,1233.0,1261.2458676254982
5.0,117,E1_E2,rand,bc5aa4abfdc99f289f3cd602153f717d57a16b4968ce6f134f2d9585bc0b3d72,2.0335,2.073598291715185,608.302,612.4292673806781,1366.6,1351.6233495644988
5.0,117,E3_E4,rand,5de904d1dfe08b54fd66fe4065cde33614dad0491726944c3f10346ee1b8d99d,2.3455,2.1953469483036936,624.784,621.5477123622604,1492.66,1484.8672184241245
5.0,117,E3_E4,rand,4913a8e6d4963caef94a71b1cd9dc0e7822e44f707c10b253bf1a8a7901175f2,2.138,2.0375076881503817,612.528,611.9749523481928,1436.16,1400.7149042237465
5.0,117,E3_E4,rand,37b829ea0e08a96e5a4d9fa2d805d920c6b10a38db6f5e8c1093870f1c445fbf,2.2728,2.2892868861848554,596.028,602.6760485489083,1496.3,1491.974870362446
5.0,117,E3_E4,rand,52b0e5d4e10e1b95f9ed00b9d08661d87fbc2c7ea8ea0198249d767671ae593b,1.9279,2.0715831504008766,615.084,616.0302897802203,1418.27,1454.2657352771448
5.0,117,E3_E4,rand,2e41f7b3348ffe9c68abb8f575aa886e2be0f3772193a4fb3598290e1cffb806,1.8805,1.8618180314880803,622.055,623.0115846769249,1492.49,1492.4349927082476
5.0,117,E3_E4,rand,6c534c4d13b4d69027832c40acea7a9217281708f6264acef25103aa4520b558,2.3596,2.3368699761718585,606.582,607.6550180574602,1323.13,1324.542120554705
5.0,117,E3_E4,rand,f32f0e0edc2628208d168f6b3ade9ffe5d0b8cee1948c51d4f8c5ef41b0b399d,3.1425,3.217412156173773,614.003,613.0068115690844,1527.38,1516.8895625285313
5.0,117,E3_E4,rand,6e92d3a7b205819bef4dedc2aeac33def80c5723086113d6273e4c6870a38e72,2.1538,2.0254899518025167,611.942,610.8554541870324,1288.4,1273.774183699763
5.0,117,E3_E4,rand,d4c4ca3d3e47bd62d68e6d14c81493ee82281074a153debaa8b3daac2abf23b1,3.1533,3.2038998397941882,608.964,607.7854807488793,1432.74,1425.3842841987284
5.0,117,E3_E4,rand,ff7d9e73df244d2d9478ce0ed425fe37bc5e810534e8d933251c8c8cd660ca8f,2.2759,2.187942912703997,612.502,610.4125117971598,1289.22,1279.0790076069025
5.0,117,E3_E4,rand,e887f637ebc80094661c24d20a3e36ffe46177735168ed79acdac347c23c10e9,2.1401,2.149456197380716,610.444,609.2229982520134,1356.76,1336.6781684495909
5.0,117,E3_E4,rand,859b7f9c1efb2d92a141433d31a721a80d976d9fe808df9512167fc102723628,2.0603,2.002475602616978,609.564,611.2077329416916,1382.36,1373.829530767789
5.0,117,E3_E4,rand,e7fb5acecac3c49bbd082a11ca0a9378253341ad38974e25e73ef045242d6681,3.1753,3.1487307436394665,609.751,613.9425899088724,1433.72,1410.7028647344923
5.0,117,E3_E4,rand,c0aca4a096d0f49c04b62abc80475bd2492472b6433af0850e6e9e3836c96739,2.4798,2.4423728947787997,608.427,612.7552812524898,1286.28,1309.8394025395878
5.0,117,E3_E4,rand,f3bed84c5a50480047b8484fd2bae6fe0901805bcd432888119883b9b6b848f3,2.406,2.412324538451135,607.69,608.5237814034206,1360.85,1358.5764825579868
5.0,117,E3_E4,rand,951f76723dd78d3561e0a55508fe719ce2d98353dcefbef086086fbe9efc007e,2.2764,2.280938299602977,608.867,612.00850518728,1326.98,1352.2871949217542
5.0,117,E3_E4,rand,2d5df479f8df282532a9197f37864855a5460ae2a87649967c40f04367f5484e,2.0128,2.048308014775528,606.891,609.131072496434,1179.78,1181.2035340569146
5.0,117,E3_E4,rand,5e57c190127bf856827450fd32ecb0cdc0f31e998ce9e34cc970ec1b7edd549a,2.1795,2.260253272664523,610.03,611.2184649210478,1423.05,1442.7256573288323
5.0,117,E3_E4,rand,e34de2f792dfde05c3a94e0a2a3f547cef960f21e25bad5c9f45157a6f842672,1.9929,1.9986137072280752,609.266,612.2923336163728,1377.79,1370.95358198961
5.0,117,E3_E4,rand,814e8ad795f2c73248f68caa46fd4ce7a9d682f5a47fbbef2ca74b8458f2fd27,2.1752,2.5464554547376723,604.177,606.5859611646952,1406.94,1400.1710676911998
5.0,117,E3_E4,rand,375b5f60f13f34ca1594e0a2f2e9587e8f3c5ae2daddf47b8a675b1e7ea52b64,1.8088,1.936403084271997,613.445,614.7224708313768,1280.56,1290.9811089897812
5.0,117,E3_E4,rand,702244c7899041283fd48f97ad99d6901200e613c54c1117817b363618b10570,1.9885,1.979962652591839,620.837,616.4339476019809,1452.17,1423.4528198128064
5.0,117,E3_E4,rand,a389303034b29d48025867e117c2c5d8821d1f9573e14fd1ed4548b93a88458c,1.9145,1.931450498063364,608.69,611.6429255228816,1313.32,1293.973679313437
5.0,121,E1_E2,tail,deb058c004333ff4870802d67445eda8a05627ee8b49daf4a55ca693aae341df,1.4636,1.5175771679530246,633.329,632.5421471593036,1326.69,1324.74999436276
5.0,121,E1_E2,tail,6d1081b285bed4ec233171695f0e9997b76c53c29c1758835b6f4cdd5a0ac1e9,1.4648,1.5009599213840927,635.183,635.0305870626546,1295.32,1301.710358351365
5.0,121,E1_E2,tail,0a4f76b51578024dd1ad92b75a2e819aedca0426e7b5e8f25a1132c133ce8622,1.467,1.5005056003126804,636.243,635.6625891216588,1307.72,1306.1649680897367
5.0,121,E1_E2,tail,11f18f3d18cee9dfa88a397599ac494eee606ecae4c705a9f627a28f452ca51f,1.4681,1.505186075737024,635.166,635.0957768654393,1295.94,1303.388319703719
5.0,121,E1_E2,tail,a785ededf92819e195b0381997df9298df0e95b0bab6f9439649b2ba2e32324f,1.4694,1.5027453251367366,638.639,638.0823524099003,1330.81,1327.9689954513306
5.0,121,E1_E2,tail,35ac0592b41c920cee2ec8be1ef23f4a45a72e59684101fca1d8d5aab3f5c752,1.4697,1.520938780002049,635.7,635.7234253445656,1307.09,1318.77542863598
5.0,121,E1_E2,tail,861651be10d686577a6e2243032f488b74aeca4c4004bca5ca0647e5ecc67a78,1.4748,1.5074423277298843,636.604,636.2884174512922,1322.2,1316.8323814074142
5.0,121,E1_E2,tail,ca0bfede059b6ccde87dd3d97da0379bc35c0ffc39684665e807316a8e005d8f,1.4754,1.5045678093767751,637.095,636.772038099263,1328.44,1319.4225051906797
5.0,121,E1_E2,tail,a10ed13439803c5575334b888bca1bae0584634d81e006e8deb33efafd5f8886,1.4773,1.5210121310516618,632.729,632.1555816304144,1337.16,1327.7173595521685
5.0,121,E1_E2,tail,3461aa0e9d4bc19cc00f1f0d353e19bed90b8823cf63a6479a34af41ad4ccb2e,1.4784,1.5236678757029496,635.787,635.6993562598382,1309.91,1311.5038016966541
5.0,121,E1_E2,tail,e27236bf46eb5cbcd2f9cb0ba171b6b52f75a2ce496c8cdfc7d342331f46e121,1.4797,1.523469631843627,634.724,634.56651154669,1294.6,1304.4452216384466
5.0,121,E1_E2,tail,dd4f295ee05c89e6fa82f8d370c1bda3abb6bb73de7cc60510369a9769f6545a,1.48,1.537718680674755,632.6,633.0459741903571,1326.55,1326.8065237072701
5.0,121,E1_E2,tail,91e8e2467cc7f6f6adff8e8145fecf302e717be8bdb4ef4c56ee9954bca07f5c,1.4842,1.5067328567520182,637.102,636.5666958973561,1329.15,1315.5567249670494
5.0,121,E1_E2,tail,09573ed3c95e90c2b0667642a4052dfbbfac5bb1b18cf9a41daa9e88765a027c,1.4853,1.508454100345088,636.491,636.7892099130054,1317.03,1320.0612917630351
5.0,121,E1_E2,tail,db9a93fe9b19fb3da9f3c66141810e473ba61710785c85748c93561823e3bf94,1.4869,1.5234894104511798,635.209,635.2437106404882,1302.68,1310.0852894101931
5.0,121,E1_E2,tail,d269eead2fc53ad76a0a7119d1d86d0c13467053deb87634d803a6c793363816,1.4881,1.5027755506052523,637.847,637.6886146695867,1328.16,1318.2661093049778
5.0,121,E1_E2,tail,f6ffc8cc1adc1be6d71adfabe6b8c4aebec43626416de8bd08bb7d16cdfd2819,1.4885,1.5244072434840423,633.408,632.2232750269186,1336.73,1328.2895241251813
5.0,121,E1_E2,tail,fcef65d0cedff1d34f4fc6f800545490611ecf2ff00a139feeac098e0d548e10,1.4888,1.5338146535188983,630.766,630.34242082469,1324.85,1318.8985745297482
5.0,121,E1_E2,tail,706c645d96779f45853f379c29f31db5aa50536d19748c709218aca50f2bd457,1.4898,1.515338652147709,635.913,635.7703872385332,1310.73,1311.6523934929487
5.0,121,E1_E2,tail,e223cd09de3eb5b69ff82e58ac33e2f7f0866a019fe08e1ec217c4f10306bdf2,1.4899,1.5014264852375092,638.001,637.1419186475362,1323.56,1318.3978945311437
5.0,121,E1_E2,tail,eb60eb6fefc786a12af03df8bcde5a302058d9fec1ebf7a81177adbe8976edb0,1.4901,1.5032737954448911,636.661,636.4301313953883,1316.74,1312.5536883046366
5.0,121,E1_E2,tail,a21ba09946eeac2b13b339ecd9e44063bf3e9671321829355b1a708fbebe4262,1.4902,1.521368052083243,635.21,635.4273610557555,1305.39,1313.3878701385283
5.0,121,E1_E2,tail,badc5e4f24c73f552255e214fe03a15e33bfc7b702d461da9eb03aeb2f5c5a3b,1.4907,1.509620228265525,632.883,632.5895293690623,1316.66,1317.1631403726888
5.0,121,E1_E2,tail,905aa1a261797dc96a1fccf4be9da06b0364df36397a8875bbf2629a4c856d49,1.4917,1.5083284445623861,637.843,637.104987346557,1322.74,1320.6827619030214
5.0,121,E1_E2,rand,3d6777df4af71134f75bf5850e58e185e78b954f9e8820fa31533bf52fcf599e,1.5366,1.5345006484047135,632.244,632.0797270489368,1315.19,1316.6119037562444
5.0,121,E1_E2,rand,4dc3842e06b4d2078ee0dcc04df80c35d4896be52624ad6d4ff0e98eda2a2097,1.9579,1.8394974643592341,628.865,630.7884998989609,1335.18,1343.998814062626
5.0,121,E1_E2,rand,c2569581b67c351503a558feb90b520b04e6e83615c6a3fe02387a92ea0ff5c1,1.8013,1.818130798952628,638.743,639.0395311503032,1452.02,1437.3275462395923
5.0,121,E1_E2,rand,6091d1b0ecb540d18ff5fe99c12e5d7f5f0713a9a2cb0d33d7cd3be36a90a54d,2.0446,1.9906936813882983,627.254,629.1323104190888,1241.79,1274.6479092674062
5.0,121,E1_E2,rand,faf6ab0ba339c2f0463a7d578ae3bf61344293edf12ab0a646fe31bc8635ded2,1.5719,1.5935991629865092,636.964,636.4220077528462,1289.24,1311.569224575544
5.0,121,E1_E2,rand,e9e962860d0fc3c4b38a7a35c06651ed2b190da0336c9224998abf76c563c445,1.5221,1.526441740311391,632.885,632.8293830317305,1333.23,1329.3344584601118
5.0,121,E1_E2,rand,80d63af1ee95d526f2113300d8b72009632e61b73323285120cc3d2e30a79157,1.5961,1.5823173865481828,633.815,635.0945793857027,1303.75,1317.5355569713392
5.0,121,E1_E2,rand,3d7d2b6de4d5a77df20474f6754f2eb4c4f0bf07a3ae2d7f01a520ca26af9a97,1.6408,1.6215735266421818,634.073,634.4175211604154,1308.88,1315.355008357928
5.0,121,E1_E2,rand,8541a3939f783ab0c95c55f01aedfd703a34f13d3e39506709abb778a3721ec7,1.5642,1.591049365938646,631.315,631.6371169160025,1247.21,1253.2314196966322
5.0,121,E1_E2,rand,6afbdd7881d2d60f84452325e79f0aca66488b0fd371ec68de85e46f2e5220f1,1.5449,1.5530696268384694,633.09,633.1198144099039,1333.58,1335.6993567781378
5.0,121,E1_E2,rand,dd94d79dd0764859b977cc23a9dc1ff4aa7e5054eb77ae1b3ec2856460489f6a,1.9691,1.9957802315803785,625.995,625.1687373952195,1436.58,1417.7543078058238
5.0,121,E1_E2,rand,ba4ccc69df25ad6b7c223c43de17796102fcb8db152a09df7ab7da44999ab535,1.5054,1.5274188622147276,632.83,632.3511778317954,1324.82,1324.752232091479
5.0,121,E1_E2,rand,8df451125e74f467babfb4705d777757ef758d03cd8af551f724604272d3168e,2.3019,2.177098802792228,631.443,630.9251717093246,1251.03,1266.9185346184518
5.0,121,E1_E2,rand,35bd00074069b3ac707a26146ca96b16207d545fa4a76d7e8080c4353764f038,1.7284,1.7100929547196337,629.79,630.2139055266757,1316.57,1325.4747493738932
5.0,121,E1_E2,rand,4f8a893b8ddf2c14f8e647398339f9b655e0393c233f6c8fc64d47ed90ac4e10,1.7587,1.6661714578045719,635.981,637.2416297875259,1411.38,1395.7448838571822
5.0,121,E1_E2,rand,7799c2d75ff61b95e02bbb4004bb407f9d996eec9e842b6a1fc6f4d1f194216b,2.0084,1.8902523410652698,619.655,621.4711318595807,1255.9,1245.9835060724072
5.0,121,E1_E2,rand,bb06d1276a5c18fec4e6cb3c9e8c6a1a9f661a2e45c11764a2949c7654b1f048,1.5207,1.519985568498466,636.092,636.2349758077421,1311.62,1312.7739535132064
5.0,121,E1_E2,rand,f40ba2f60401cb8b386a8eb9ca5e14dd7ed81da9ae72199090f027f663282438,1.8299,1.842623279605189,634.309,632.422642087781,1355.86,1356.5469911595114
5.0,121,E1_E2,rand,34fe82d015e4ec8c841409919c7e8d78ee1b4ef4905b2d8cfb1c4a8db9781830,2.4586,2.4152246322725093,635.433,636.5477291845273,1241.73,1261.4236312357211
5.0,121,E1_E2,rand,b567058def3c0b8849e5b7473a54fd424f69c43c6508c2c6c1fad06c84aec83a,1.8425,1.7638456520832524,632.186,634.5676714201552,1242.74,1266.40624109105
5.0,121,E1_E2,rand,bf70096fc6966b1186a9060846db052ec70ba837b7c2244412b2c4afda5e88f2,1.8433,1.8160215190340516,631.408,629.6261805439058,1280.87,1293.5046165791332
5.0,121,E1_E2,rand,e4edc6888d0abc5c6be41c35a262e436fa8f46eb66e56a2aea7c9370b7ccaada,1.6701,1.6110664495034843,633.166,633.6620344814653,1337.79,1331.6098981014989
5.0,121,E1_E2,rand,6f1d49f177d52cf7c739d6b66b0513cfe9762da55b3ebb130bbb35fb53ec5612,1.8253,1.7526208345132641,630.951,628.6587316482617,1290.19,1291.5840457776412
5.0,121,E1_E2,rand,0bf64af4944b74e5d811ece1f3202bfa16c54b5ffd7e61b754e902cc51872bc9,1.5962,1.6022711257476447,630.364,628.8032115081494,1256.59,1260.4596375313695
5.0,121,E1_E2,rand,8c85247299d785b4f62a7a3401f3308a10dcb469fea32fddf37e0f03754758e8,1.5044,1.5307872588543545,634.711,635.2489464175344,1349.63,1350.3059799238804
5.0,121,E1_E2,rand,84dcaef023952a3667603901b7da3530a2f2586a63a2812277afd04ed51c9b46,1.9963,1.9774963644155554,629.832,630.4340163564989,1321.06,1332.4106603539458
5.0,121,E1_E2,rand,cc4f32c52d1a679f7f54c9a6680525e958bf53025303554a7552595e8359e2c5,1.5054,1.4967066286687505,636.556,635.9521435833071,1300.83,1302.5752121757419
5.0,121,E1_E2,rand,fb9523a8c76f10801b14007c293c9db3ab8e17d066e46d066c92eda7d351ab25,1.5463,1.5383972688535283,636.152,634.1134922818251,1354.11,1339.1371359770787
5.0,121,E1_E2,rand,6d1b076ca7fc1f340c585aeefddde5a4845bc04984d01924e88d694f2637536b,1.9704,1.8542405792856165,631.385,633.8494208470306,1262.24,1275.0039489020742
5.0,121,E1_E2,rand,ff27208830b6cd38a589a05eae121edb69fd588488e97597d5144bf02049440f,1.5623,1.5519252143031794,634.137,634.9264002313228,1310.76,1314.284689492777
5.0,121,E1_E2,rand,fbe1e733f6691c708692f2c29d5209da8228d7e8a1b92ff2383df08de5bfb72b,2.222,2.111893862116437,631.679,630.0560291702188,1310.5,1325.7256440844285
5.0,121,E1_E2,rand,671d9f69aa8b4ef8ef0a58b11a86c5ff8b62d28c0533eb8fb794d3d9ab5ba6b3,2.068,1.9050939499358512,639.615,638.0073803299831,1419.88,1411.1314262758438
5.0,121,E1_E2,rand,c7d2aefcb9631919a46ed7885e1c1578e1c18525f10448e42b7833ed3d1c1732,1.526,1.519829640295065,635.547,635.5852601533475,1307.87,1308.0574823051957
5.0,121,E1_E2,rand,470d2c5ad72e27657164b97d27285e0e5a478d837a4d59547ed0a51674447fe3,1.5236,1.5243538588507188,632.958,632.8872370221843,1333.8,1329.9377340716496
5.0,121,E1_E2,rand,d7aa4057afa1ad4ad1aedd6b94e5dd98dcfbadaad21b266dc732d766ef3284c6,1.954,1.87843496639034,627.36,627.1667432130291,1271.67,1273.4708167515228
5.0,121,E1_E2,rand,f8f0f226c30302a521955634294d0a8c6e44118a8ce58d43c78b522f7a4c0d24,1.5333,1.5269646115715916,633.246,633.400110326482,1335.02,1332.120893368567
5.0,121,E1_E2,rand,829774737cf6499589ac990907272ed269ac52db9be926aa179314984750aa70,2.0052,1.994074840218466,619.957,622.8918849554357,1374.75,1379.803502739771
5.0,121,E1_E2,rand,6e135a874b76331bc87963c1afa766f9c4a45bb156be84b665902cf5e637e8cd,1.5117,1.511832955583723,631.212,629.885176311625,1304.98,1294.6557863768762
5.0,121,E1_E2,rand,24f48c0ed6a1f04596c9ddf492fd7cfcc10e8d35dd9a0028260e85bd920aa6b5,1.5472,1.5980190420510432,624.06,629.0853173603039,1212.0,1246.0364278845268
5.0,121,E1_E2,rand,7e68d055585464d9368f16b9ffcc80f815dd2e0108cd008f17f90f6470ef12c6,1.5279,1.52653663067546,633.067,632.9071784355538,1334.3,1329.6491992533506
5.0,121,E1_E2,rand,dd1d0b8ee03cbb0ce00b49efa79c10abfbe684c634a3e6acfb6c383d5dd67df4,1.524,1.524907249030585,632.91,632.7930540557581,1334.1,1329.6817973900756
5.0,121,E1_E2,rand,b655503ebcf7a3f78545424f309066e51c550dfa1cc1d299d8c3691e5b55c14e,1.6318,1.5745554040671184,631.477,632.5960453733701,1321.36,1311.6148478041187
5.0,121,E1_E2,rand,a4cbdf5f5f456f4663d37f169bbee282481d20da233ecb2cd1d8eb66729b4c56,1.8228,1.80424105757936,637.851,638.1730678494148,1475.03,1434.6062958022198
5.0,121,E1_E2,rand,972e876f46beec12d96f8bea91c77b74417f9478f9518ebdbe235fe05a34e758,1.5391,1.5425066296485073,632.929,632.8145017997424,1333.18,1330.326428494403
5.0,121,E1_E2,rand,fc16956f9c0638d8af8d50b082d80689f9e2d8e271b436a39d564a99fb2e3e00,1.5079,1.5112524387794921,636.3,636.3371751351144,1312.42,1317.4711254912495
5.0,121,E1_E2,rand,aa77c591265b328cbfab7d053dca917bb574b094fce606e9eae5d3ee70743ecd,1.6759,1.6291652546346709,632.948,634.3823928505492,1269.47,1286.7588511679246
5.0,121,E1_E2,rand,62493646cea0fb570fef2f88897500b7dbef2e0daabee3b95f3e486001f3a786,1.5014,1.4962131964279817,636.116,635.7547065085448,1297.9,1301.6148394374827
5.0,121,E1_E2,rand,c13ba6f2793dd9034d225cf9d7cf80e08d3618f2d936216d3a3cf139af9cb003,1.9907,1.909934485355797,634.048,633.3387543179972,1397.85,1384.9936454105132
5.0,121,E1_E2,rand,d53ccef6e5e1effad4c936d23bc48c2803ef98331c23dbec4d4f6b5e65a38175,2.2519,2.0810133757855462,628.536,626.3792321606734,1275.51,1301.2553440698553
5.0,121,E1_E2,rand,6a58c101f3766fae69db61a957d4ae82ec4633c36bb059f69eb724e4a31d221c,1.8731,1.8276164019810817,626.881,628.7765579713614,1300.06,1316.4891308172623
5.0,121,E1_E2,rand,24cc26890de437e8b8b7367429d2c1c8bf33b33528d45f78972c27777a08021e,1.4961,1.4953596644112461,636.122,635.8036295393892,1298.52,1303.5703782909254
5.0,121,E1_E2,rand,fde2f6f0b596d8f31bd229c5ba2cbf6773ce856a1d926ed0cd75bc29ff268665,1.5534,1.5305386118253987,634.924,634.0332706570653,1293.34,1300.379131647801
5.0,121,E3_E4,tail,a8d872024d03142eb7368f64dfd97c706947fec1b126f984d1f767cc6fcc3b9a,1.4666,1.4838554167866005,633.475,633.4688843334609,1356.22,1353.4126319237062
5.0,121,E3_E4,tail,52e562eca76371c1136c15ead93dd9654313188e2ecf70e2ed2449cde5b098eb,1.4725,1.5105293164540985,636.216,635.7626929057571,1400.96,1394.8930834503353
5.0,121,E3_E4,tail,40db03fb37bf1107f40fea7ce16b8b0c79574b3f8b6398a9a304926e38889c8e,1.4757,1.5077016915948611,631.651,631.9121197097777,1330.91,1332.0040593804906
5.0,121,E3_E4,tail,154cad96e584949c106aa892e4253563f9afd01c9109e232d0a3c2544bb578c0,1.4776,1.5058137560101852,631.626,631.9093817880939,1330.77,1330.659892562117
5.0,121,E3_E4,tail,8feef17f08cf48f9093ef691e6ea58bb763aee35cdf32ef35b95afec9dd70665,1.4846,1.5111333680406107,633.907,632.6194927926294,1396.95,1384.283534775937
5.0,121,E3_E4,tail,6f9c2e0471025edb5767be5ede192c5742a75bfbaad702edbe82ef020de15043,1.486,1.4982726952933643,634.359,633.7936351323497,1393.86,1388.6719379582723
5.0,121,E3_E4,tail,8f4d7f96ddecafd483b12c32c0fbc3578a03825e6a5d38d86effd5b2d92c7f4c,1.4866,1.5043814209439383,634.295,633.8775402344627,1393.96,1393.3718858529542
5.0,121,E3_E4,tail,899c3e9c1004f7f3afadb701e9b301fd6827f7d0fc8e1ad1c0747e2365e950fe,1.4868,1.4968306646011007,634.335,633.8036024343955,1393.95,1388.9860130980314
5.0,121,E3_E4,tail,7308b897f2965aa3e08d237e9995ee6ab7338b39ac7556d3b300dc783f16651c,1.4871,1.5083482935982149,633.197,633.1377019060212,1378.11,1383.1911926945913
5.0,121,E3_E4,tail,871222e54880797f788fdc1c3b1805d8baf0478e6186910a2f49c5f61161b04b,1.4872,1.4986070887485357,633.635,632.7021994618949,1378.28,1374.2067166070533
5.0,121,E3_E4,tail,0ce0abc0931c39df8e45b4076155f8abf6ca892727e4db42761709171701708c,1.4875,1.4986483831944526,633.634,632.692161698629,1378.29,1374.2105405738525
5.0,121,E3_E4,tail,2db4ce0cc4788ace96e6440609a8629700516c485609cf227c40ba03209423c7,1.4876,1.4989448510229157,633.794,634.1455868914534,1378.44,1370.8718587663666
5.0,121,E3_E4,tail,36080f0e2cce745f212cc392bc07956baac2b0411b0fdb82a35538d20d49e306,1.4877,1.4948964224248544,633.913,632.7781799368374,1364.62,1360.0862612698666
5.0,121,E3_E4,tail,fccdff352d00a38295335a68a3bd6ed283397c1da90b2dc9115803e66788acfa,1.4877,1.4973540288592342,631.906,630.8695050404292,1337.14,1334.2183108321465
5.0,121,E3_E4,tail,4361a4b22d1283d01657dc188d7580f20cb0faee2478277971f74e7f5b7e00fa,1.4889,1.5206757069145282,633.422,633.4662075076071,1377.81,1377.8508672685275
5.0,121,E3_E4,tail,f9ed34955d3b836e65b2512980585ced58df1579512fd063359ea214d982fe38,1.4905,1.4997355610173233,634.024,634.1451019138676,1389.08,1387.7869776220468
5.0,121,E3_E4,rand,c565cc6e49a6a70374e879198c025f24c165f2c223b5d9c2b42591b14c85a56f,1.5,1.5102230356191584,631.248,631.0154811481843,1341.94,1336.4595519358886
5.0,121,E3_E4,rand,e8484663295feb85fbaa4aaeac5ab85129bc4b618429994de362d54bc1190427,1.5241,1.522839216605742,632.412,631.8453057651564,1374.66,1371.902526400474
5.0,121,E3_E4,rand,ff121d3202c3d3b4e1d02ed9a6b7f03b89d6ad67c47d8e175cdb4491f45a9a6c,1.5081,1.507898832077857,633.818,633.0517401060347,1379.57,1376.4287717835477
5.0,121,E3_E4,rand,41fac9ab87c4ad2f2a18e67ae5f3ce44fe02ee89302ca0a201cc30a46e2f4895,1.4927,1.5225766013020163,633.232,631.9203755732415,1359.78,1362.1299401975525
5.0,121,E3_E4,rand,ce6514bd200d6cee7391405f83f8725323d1746bda0fa4a78a7c0e1ca383d156,1.5173,1.5139230203209562,633.336,633.4968880398292,1377.05,1379.6206132659513
5.0,121,E3_E4,rand,33b81d9fb75cecaa532ab077a58377363c257884686fbf57c3982704149471dc,1.5285,1.5232193884404122,633.292,633.0985686919234,1377.26,1375.8823930212216
5.0,121,E3_E4,rand,eb74aaea2d69085e598b308876e72db1b4903c5ca57f82a5e866a0f022f4e2f3,1.4942,1.5003457281258146,632.951,633.1636110986867,1365.35,1368.1885482168714
5.0,121,E3_E4,rand,ebc3ae4b61c48fa0b347ceba612a5c54a589931760638d7c981abb88c13fab38,1.5017,1.5013410557385363,633.485,633.2347900655141,1376.04,1377.781856470172
5.1,101,J1_J2,tail,7d42ad6bae6b311be20ae6175fc129be864482021cfc4318391e80ff9623889e,1.7101,1.7806577691131948,547.481,551.6425605203231,1093.72,1093.075799639695
5.1,101,J1_J2,tail,230da52634341cf7d94f69ee76ed7308071098344e0cf419211573251a2f0b27,1.7696,1.8029315314404828,549.149,548.6173067256425,1095.32,1101.410202881596
5.1,101,J1_J2,tail,6780cf1e80599890d14442bcb0bdf0633e796e8421c30a1bcee785af77a5ad5c,1.7704,1.825047819480475,549.19,549.4375625028586,1116.48,1107.9246026284281
5.1,101,J1_J2,tail,f70fd228828bf7ce6f2c77c4cba01a6c030b45b5f6d2c21e934ad04b1131dce3,1.778,1.820102658119675,543.747,543.1355037603696,1087.21,1081.5987502000353
5.1,101,J1_J2,tail,b9f784aa53e9648717d9dfe7d648bff5c6f1cfa3720cefd7d0e9cf1d20d282d5,1.7902,1.820327526946623,544.877,545.782323231521,1125.24,1104.1683782033117
5.1,101,J1_J2,tail,0d018b07fe547dd765bf94038e94ef6c74631159b6dbee69fa5eea2868ceeb27,1.7965,1.8144034788092238,540.383,540.081393570121,1067.66,1058.914677007695
5.1,101,J1_J2,tail,19b0bd24896e7aef6d2968fe76975b04c182b377d9770cffa802db81973068e0,1.8044,1.829683958911207,540.0,540.9159291520732,1023.59,1030.644458696421
5.1,101,J1_J2,tail,dfee7e6e618d397ae7f15172812e996264335eb74a228d19cdb4e1834fe9b0a2,1.8215,1.8664803733825712,556.392,552.8075620452435,1135.39,1122.7247388881824
5.1,101,J1_J2,tail,04a8fd7e9d2ed79b6b0749a9f5d11292a45012367dfb621ef33e5c6b916f75e2,1.8218,1.827813553177561,556.612,552.9228306797218,1124.81,1112.347569371497
5.1,101,J1_J2,tail,1a30547fdbdf74298a3fe7100e2f725428fe1bdade5a5c61e8dc482a84304c1b,1.8354,1.8546724222828201,554.958,553.0299074572597,1158.27,1142.9355270062804
5.1,101,J1_J2,tail,0a41e66fb544a9cf4378e78d46645d39cb8721822a11fea841a19681ea8951da,1.8358,1.7892943042589589,541.039,542.2990757913714,1068.19,1084.5214127454685
5.1,101,J1_J2,tail,7186d9762fa98e9d34f46cc1f448018f901fb84056a7840565e1c587f021e6c5,1.8431,1.9299739825947495,553.014,550.9262012919767,1166.04,1145.4771147368785
5.1,101,J1_J2,tail,8c0638a2d2a8a81ea0c06b567566486a952ad0c668eca6b415a0f11de65f1bab,1.8488,1.8391007124559176,542.807,542.7801980265948,1106.44,1110.7709242555302
5.1,101,J1_J2,tail,20636f184ae1585bb4f3c316ea613c9be48d18ec3af72c97299ce24370fd9210,1.8511,1.896728230576481,535.694,538.7690823648301,1025.35,1046.605318439774
5.1,101,J1_J2,tail,aa5427c74e8ed84ed3af1e203fc910a894d09742579701c139174d2fe7b43228,1.8521,1.8832248211519793,552.676,551.3979677182945,1222.5,1189.2464590926957
5.1,101,J1_J2,tail,23bb99340a62f4f3ec560fae44b57dcd5b28add31d5e9391b44bec7dc17d2dea,1.853,1.7919116379311184,550.073,550.0735891505352,1138.67,1124.565284922748
5.1,101,J1_J2,tail,20b6983b56b59917c876e17aef2b9f45e93a55b657175b077912c6afbc94a5ef,1.855,1.9029103834785075,550.955,550.7482363825444,1076.93,1083.010634277378
5.1,101,J1_J2,tail,7ceec179cc938bc8efe5da36e777d8724d06236b3085e58c93d0ab30f4a8fef0,1.8594,1.9136699168763318,539.748,543.3700484371883,1038.24,1035.9787790783264
5.1,101,J1_J2,tail,b27c2e4478c744008ac53b15bbe488f21936f0ece37b3ca60ce0ef28ac7449be,1.8638,1.8638809070698428,546.699,542.2846898603108,1197.15,1143.4817499773662
5.1,101,J1_J2,tail,ddaf21242e13078caa72810dda1934b790c4d04c61594cdf8bb9a29a4c0761bb,1.869,1.8767159503134914,526.298,528.8955872947761,1009.7,1006.7945288412612
5.1,101,J1_J2,tail,4c2082632238a0bc4253da1af6bbee262d00c4dc0c30973c8565db44d566c6ef,1.8728,1.8403329301914866,539.428,539.8347958799392,1032.05,1050.3863057403462
5.1,101,J1_J2,tail,6e4be83b61f589abed803dabd562193c6e6d793de30706b9ff8f41cb2673152f,1.8778,1.8881735529598842,548.56,550.7255005008823,1037.24,1036.1643122822786
5.1,101,J1_J2,tail,6c6ea537afaec60fc804fc5cc3d8989b68571780c5771ae38e5f4511f4803940,1.8884,1.9495996767073573,532.964,540.3810230980337,1055.46,1058.4866287735385
5.1,101,J1_J2,tail,0fbfab43983a297d3580f4b7bc172f9ef8286cc5c0dd01e1308ec5c292b53e63,1.9015,1.9652176462053812,549.661,553.4362845489438,1080.57,1103.8103321663104
5.1,101,J1_J2,tail,db21c0713f56665bd84f2b75450397859efb4c492760fe1c571b9a816cac713a,1.9108,1.91090989134291,542.592,544.061913667605,1062.91,1059.460984955821
5.1,101,J1_J2,tail,c28866c8f560f7e845ecf2359797c665387832aaefeae505ccb62c6ae9705cfd,1.9127,1.8890990041362463,555.003,553.8295185507469,1127.54,1137.9613959711623
5.1,101,J1_J2,tail,6421623bc39ddc7baa95d88cf99ffe278699ab588a1f8e590b4c12ccad92c9b3,1.9158,1.9112133607997257,551.009,549.7360698418152,1025.02,1007.7214583933421
5.1,101,J1_J2,tail,b472d24f1124f0dacfda7213f2d17479043f7df6f43879309f89a6366d3ffb58,1.9168,1.8917230787897332,544.816,543.8737454998573,1068.09,1080.2668389592052
5.1,101,J1_J2,tail,a7fcde5a2eda9d559d8c4265a661fc096f8045eb3faaba231efaa4e8d4800544,1.9185,1.9006783990958431,543.04,544.4892437944573,1099.89,1080.193787030504
5.1,101,J1_J2,tail,d7f2a4cc2e65bbe4b549f18513f1ad25e1550c80d2660f642d507badd7890675,1.9245,2.0154207349752946,536.937,538.7228794827479,1026.56,1038.247537069986
5.1,101,J1_J2,tail,e8d1c9b28a5bc1c866339ddf704e77fbe34cc3addf0ecda06c76e06b6e4b4018,1.9246,2.012609721641864,548.381,548.0210976340455,1094.17,1102.0026628043233
5.1,101,J1_J2,tail,55841409aeff954c9f9c5694298dc8c2def2de4b84ad2f312ce8c7e99fcee8de,1.9247,1.9315215103584258,532.731,535.2350542933166,1033.53,1054.529172486612
5.1,101,J1_J2,tail,b3db8ac7288138969401d27459a236e540323e093be953348ea109e2a1313872,1.933,1.940462484152229,554.39,554.7669683692693,1183.01,1185.6192581399462
5.1,101,J1_J2,tail,6b77c141fc14d0c3c39bfd7ddbbd9b87eac6e9f86c1c5a31eb66d2c8e09b83a2,1.9381,1.9839335380236522,539.049,543.7531746490006,1181.14,1183.4331136945405
5.1,101,J1_J2,tail,4b680556d83ecdf9100a94fa5bb4d04e94bead1966365dd01f5042382a330109,1.941,1.965186670984488,552.025,549.6700583368643,1144.7,1152.3233560559675
5.1,101,J1_J2,tail,e97814f70ef08b54a127ed0a72fa4b9f9463b48a0c9264fca4785163bf742e76,1.9437,1.9832095974436785,551.033,548.9763705885101,1115.35,1094.4149401600655
5.1,101,J1_J2,tail,629893bfe89c36e902bdac4221bf07e9dd439e85a4316d7ac9f42590bcb511ac,1.945,1.9453079913867528,544.794,546.7922160656618,1101.01,1112.747074762114
5.1,101,J1_J2,tail,8338439b7a827b004c3841015c904e24b6c731d97b18839e481f1187970d3164,1.9454,2.0411917366470296,548.285,548.511825095383,1072.38,1060.4912371466219
5.1,101,J1_J2,tail,b4b78474609a5aa164344f2e9b795250878f5ec53acfd066c10714d0947bdc1e,1.9482,1.9629205700048735,543.113,545.7222227715888,1036.03,1042.8497203903687
5.1,101,J1_J2,tail,107ea1cae87bccd6d9a619f56d764cb6c14cd5491c2a66f749557abb43e9ca10,1.9514,1.9270737514515432,542.487,545.0493447675187,1063.98,1067.0283886456302
5.1,101,J1_J2,rand,b48a4b21af171a965a75970e9074f5c93a51e58841ed8365b56812cf86b4cfea,2.3508,2.202650219351586,545.64,549.442166166589,1046.45,1060.4672296226327
5.1,101,J1_J2,rand,265936846758e5d6e1a70f6072189822edceda9e53e4fa484808ca4ecafcfeae,2.5721,2.4859355172810695,558.025,552.5902424721653,1076.11,1048.8808336163074
5.1,101,J1_J2,rand,8e5abaa912bb4e78c7943dfc035cb93be870d4fcbc2cc1609411f097519306e6,2.1565,2.1994893634745427,541.194,544.6814608178435,1255.25,1254.2366741727012
5.1,101,J1_J2,rand,c99a3630b454ee22198ce2b01e4b769829c726adf848f57252d67a27ea57533c,2.274,2.331642609728882,528.337,527.1945622637488,1055.53,1047.1134433712698
5.1,101,J1_J2,rand,bfb011eefa7e3435077570387ca19188b211dde2edd83b20f6b3e3719bb34858,1.9592,1.9922126147570767,541.25,541.3565450675794,1106.42,1112.584287079196
5.1,101,J1_J2,rand,945f694bb00ec3f150eddb3c6dd00399a5c06843bcba2f620597ad9359638c19,2.1034,2.140390056203832,535.43,540.9447408240765,1106.54,1114.156988694502
5.1,101,J1_J2,rand,2222ecca623fdde847d9298b55c3f450f42840fe7c44c3a266c4b0167f7c0a73,2.0984,2.0598421722156606,532.158,534.7312992037607,1040.48,1069.0219688873033
5.1,101,J1_J2,rand,09a57e62dea6dc2e3667d17fdd582d40d5bf0289e661c0446e2a31b24ce055e8,2.05,2.098612765228025,541.357,541.3399363514842,1158.01,1163.3654425848015
5.1,101,J1_J2,rand,d8d0e1c7bb38d4ead395cb1f91c0805f40c23e0a7cb8c62573f6676413c8ecd6,2.0352,2.029231150470063,535.057,533.3632111337223,1078.62,1061.2793991924186
5.1,101,J1_J2,rand,fedf22807a5db51404f81e9d7eb565bf4e68c00f5cda7b855108dfe5fb83c6f2,2.2349,2.2612920974897137,541.772,538.9799627297964,1140.12,1129.023293742719
5.1,101,J1_J2,rand,0e4c2c2988f2815f6547a0e1d4f6c30c3f9e54654b3795a5030386717ea23811,2.1601,2.0762401355438795,533.217,537.4603250103058,1103.3,1079.2717861467415
5.1,101,J1_J2,rand,e63e4ecf9e676a968819bf75908730a32cb5d7e5e11e9a1baa1e13a258078749,2.2835,2.19979720400847,519.943,525.2750423191284,1104.69,1080.2206869846038
5.1,101,J1_J2,rand,5df5b1a009c99457635259d08352e4750a5d4fdedd85f71a42e67add07fec414,2.2042,2.2320660238721564,537.351,531.3554690050263,1045.19,1028.1566236645556
5.1,101,J1_J2,rand,93550aaaf0f3a70f192515679f0e64afe9ec06d1248781d86642930351373e21,2.1848,2.2133101177211327,530.795,534.8803252757442,1153.86,1138.6767232518043
5.1,101,J1_J2,rand,d6f5c6276b7c16258ce9bfda29d24ff277c1379b9210be9100b4e1b92adc5cfd,1.9739,2.0197464716042055,553.242,547.3117414420084,1108.28,1098.6610917774778
5.1,101,J1_J2,rand,47e05ca1261b6e0e8c734285073fd80b9b7b1932d2f4d39b2c7f969b4ca5a53a,3.173,3.1602921844456837,546.995,544.1475092468821,1121.33,1108.0496006434848
5.1,101,J1_J2,rand,af3d6a0b0b70b5e2a5303c68fb97b4a5b1e5f06dcad61092b89ffdbac279e235,2.0815,2.0723233980676032,533.942,534.0655377828903,1025.05,1036.8103832753386
5.1,101,J1_J2,rand,2dbb186c49a3b1762be0ff5ed1f96cf1419be6a263fb4f271ec57f82fdc5a349,2.4884,2.4945306658450455,539.282,541.459586608034,1098.99,1140.4291669796996
5.1,101,J1_J2,rand,7774e608ae70924804d7195cd82bb03580119b5879064f2d2e23fd2343aa7082,2.5526,2.4889202290657377,543.935,542.4540821853712,1059.16,1060.0647184991851
5.1,101,J1_J2,rand,76979cc2fd3a82139066fb596229483489bdeb32762cd9424966dc37bb8cdb1c,2.2941,2.266112628099648,539.793,541.2633467818972,1089.26,1077.4080602640488
5.1,101,J1_J2,rand,3321d478a8a9515c7542f8a5baabdf28254ea0887f71dda9ad4810afd5145f08,2.1534,2.1737019022900586,545.568,549.0089532776112,1091.15,1096.4048097376592
5.1,101,J1_J2,rand,0b989a4897ebad17fd114c70ba6b392d566197332fd1e47008168b73ba0a7da6,2.0907,2.115324694345979,547.879,546.4559829606699,1201.95,1150.0310280781625
5.1,101,J1_J2,rand,1da4ffea9adbd6d77c7e7b705e37220430decc6a130993bee749b0b1ec782fd1,2.2497,2.3541344143603413,543.731,542.6401069109705,1159.53,1147.3257241483489
5.1,101,J1_J2,rand,85d384c697555ab4c133eea7411f2f25b52541f3f829ca3a12e8468975ddbad9,2.3431,2.295311075954971,544.051,543.7275414293323,1167.76,1151.8566999199809
5.1,101,J1_J2,rand,c1b007c60faae5e30e83011d5f9a491c27d881e6c5859af8e60b9afb623afa32,3.8621,4.063297145955821,532.196,531.8448204001888,1181.59,1190.5783293552013
5.1,101,J1_J2,rand,d555c832033c6170d6db42857a45a2622ed5711111fce717dbb53f9ca4b63b5c,2.1611,2.2648488158177633,525.343,528.5775691648295,1048.01,1072.3532576923114
5.1,101,J1_J2,rand,908a662a376eca71f8db2069cd50a6aa8b0fa885bdaf7be2c0db97a5f63df054,2.1316,2.2903121066826975,540.606,538.162672975473,1118.96,1107.0397429422783
5.1,101,J1_J2,rand,b5f9ab85e763430b6e2779cc48b60c576e7bf4ce7ecc040116d88fd09e7a3060,2.1034,2.159683992239199,548.113,547.0727583004534,1185.67,1183.5255843870723
5.1,101,J1_J2,rand,e711aee13c4856abd50aefe6fc5a5700e09e59511ca7455ff1b629c94d71370b,2.6142,2.5857048833900573,547.927,545.947901769046,1186.32,1195.5943257453487
5.1,101,J1_J2,rand,e076a496cc4e9354972b8dbd523da8671b72d87cd8f3f6157caa78f726094b2e,3.2393,3.043743244940966,543.727,545.345532353661,1182.6,1178.14143913406
5.1,101,J1_J2,rand,82492383944a65508b702964882cbd6d5e6cae70166b2d2da39818b52828126b,2.031,2.019142845902587,543.134,548.1647325345479,1117.52,1139.3030229202298
5.1,101,J1_J2,rand,af2f9316b7a4d80034edf777a724ef0c94c93c668db1a6c5ee7e03efca7dad4d,3.2493,3.1867462008805245,526.348,530.5941751965539,1121.79,1132.7139504497945
5.1,101,J1_J2,rand,b7e129843915a2cb6d01ac99349f06286f0dd7d3c5555531e17ed1989f744d91,1.9558,1.9624816884454424,551.307,551.6404275977351,1109.51,1107.8424832713781
5.1,101,J1_J2,rand,4e00f43b15c8555fd212be93b2f4ef41155a7a52d53cb616b124c4309327eb49,3.3106,3.315807081914186,541.447,542.5762631247228,1123.66,1155.8036473796303
5.1,101,J1_J2,rand,3bb0f8bb5cc039b82a78b4ba072eb711794802645dfe2f3e6ca84f93b7d977b2,2.4932,2.502333536097982,539.639,542.01571629201,1205.33,1177.9862238495934
5.1,101,J1_J2,rand,8f5ad2903e722b1a2b1a0a6df218bfe992f30a7fb65c8f88627aebdc7913b3a1,2.5641,2.368366036878251,548.326,546.7895172233102,1167.93,1160.0072160581203
5.1,101,J1_J2,rand,1c62a5ede30a49108f8e71af96bf2ae6abe1daec69970949a8d1bf61dca1fb51,2.143,2.168997567242567,545.293,545.5841661496725,1151.1,1126.758806697596
5.1,101,J1_J2,rand,4e551356ce49ba4b99f03c717b9c7fd93f875fe23ee4daadef739ea6ccb133aa,2.5819,2.470166700873741,551.354,551.591850803851,1195.61,1197.6122141414016
5.1,101,J1_J2,rand,81829d5f58085f1b2ebfd6356e8efbdb8909b4c78eeb124fcd1f39601fae75cc,2.0726,2.1081535801584845,550.696,550.8827594239103,1076.3,1069.3532786931423
5.1,101,J1_J2,rand,347a3698a91a40de125c54997a126cf319ed1f8ccecd8ff4c1cda8365abfd7f8,2.0233,2.007956301690183,545.504,547.462770764251,1151.24,1150.4954936948964
5.1,101,J1_J2,rand,c340b527d206927a6f0095084bf6cceae429dc6cf26cecd2e1f5893389491b47,2.1258,2.0341996546594356,552.701,552.8110081317915,1041.14,1061.965966465975
5.1,101,J1_J2,rand,bf28af6d0074ae01d9c55c0401e57b54b2dfdf177bb9f4a2d73260370fa60eda,2.2096,2.2037300931695607,543.267,541.7484847145381,1157.74,1152.1349902840159
5.1,101,J1_J2,rand,8811b1fa6c91e7051700e91df3dae0405466c276748f7f3366697a00c4238942,2.1902,2.093382272646433,540.939,542.7787220320847,1102.86,1118.7706896145528
5.1,101,J1_J2,rand,2ecdfafcf321a7b99b42cbe7fdb42cea326b331e78f447534bfa0d9283b91330,2.0458,2.069612243753832,541.971,542.8151467916146,1094.47,1130.2898198722328
5.1,101,J1_J2,rand,5de4784b11180967239e3fb6740bf717e246f3c3b8f788a695a52da5bcf6108a,1.9831,1.960180690447249,552.799,550.9073532117362,1182.12,1144.7609943371963
5.1,101,J1_J2,rand,81f08874d30a5395e3708b9f78efeec54c882852b458cc7daaba7998c2983996,2.0201,1.9837574892271834,559.696,556.7207602959328,1205.54,1205.2695518651883
5.1,101,J1_J2,rand,894a29e9bba0bf3fb37d8918dbd6b68655ccc89af883cee04a839e488a4257dd,2.5686,2.620807410612813,532.316,533.9687122246662,1086.99,1077.5537297943579
5.1,101,J1_J2,rand,c50c794dbda55ef2eacd4faaea73001ad196178e6afd22274bf3deab8e0ee74b,2.0291,2.032638106155785,547.04,544.1321344903,1016.89,1050.0908972237023
5.1,101,J1_J2,rand,c8f3be161ffb6fd474dc4cc1dc622f674773227891bd670c00ebabe43f6f1df0,2.1538,2.0870075519161517,555.061,551.3324208821107,1264.8,1256.1346977329188
5.1,101,J1_J2,rand,83699ff8af57ffffe648b69279ec21cd42f020572be4096267bcaeb05400ef57,2.0572,2.1013408167440644,545.45,542.7905694444602,1064.46,1056.295835705863
5.1,101,J1_J2,rand,a64b0df1885c39fe062e8cbaa77a082f99ce77999291eb24210ef8475a1b5fee,2.2068,2.2005011980175793,528.257,530.8197813643469,1019.07,1036.0318991702059
5.1,101,J1_J2,rand,23ba10f798b7b3b8e15acf38193708a1776fa39d823e49cafa0ba4cf73230115,2.0711,1.964251940666542,547.065,546.5700713793053,1087.8,1091.9176349091892
5.1,101,J1_J2,rand,a26c0b0764001e84f9c036a61cf20225c87de0d79f05f0f4931ac737a95f2682,2.02,1.955594353002283,547.145,544.0686708393725,1135.54,1095.471827931953
5.1,101,J1_J2,rand,c301de19374b48a2a0befd29a756d3fea1b379018b44be713edcbd1e380b5454,2.4246,2.507238758116916,530.756,532.5157320033265,973.01,996.4687421080824
5.1,101,J1_J2,rand,cd2bfbebe1b51b712a66a6b1504ab3b8b1b66e0e89cd01066f8dad33ea5a5ed4,2.7903,2.6475044496272933,549.826,547.9083395505919,1138.27,1137.6930101532316
5.1,101,J1_J2,rand,36164fb05f02c87e615b81098d9fd68e818f8825240549ee87b2c5f6641367ae,2.1213,2.1774294000507335,544.001,546.172098120332,1067.16,1075.8698530958318
5.1,101,J1_J2,rand,4984da7006e7a8887ca4a62954130e7088a375fff3379c8a9a99bdd25b2d80dc,2.8438,2.575283999280971,537.399,539.8714795304547,1103.36,1126.8082822186498
5.1,101,J1_J2,rand,8789bd51b6a715fffa939d3beca539393be6278037cdf787418eddfd54b16dd7,2.3261,2.356389246212712,513.951,520.8541751245734,1093.06,1125.3050950327977
5.1,101,J1_J2,rand,1730efc20db12e4d11e651dca184ca577426f0a57e2c83bd24bdc0c04d71220b,1.9741,2.0141506480409257,538.579,538.6897690842258,1149.11,1125.15305222449
5.1,101,J1_J2,rand,37eab1230ed68332c9f25184246bf0108fd7bf86b9f14bce1779278d362496f4,2.4684,2.387778405680599,538.628,544.7178420380308,1052.15,1085.1423431873397
5.1,105,J1_J2,tail,d095f881e06ecdfc677be2af7853fd1d3667b14ab9571af777580ef8ec392f9d,1.8366,1.8673542991844863,557.161,559.5598279818953,1075.92,1105.4563595252241
5.1,105,J1_J2,tail,7bf78c9f85bc76f971de8dd36c7f2cd4d4c84ae160c9b7576c825c68ae79432a,1.8491,1.8763633874310048,557.579,558.5198211879581,1086.82,1118.4323346460935
5.1,105,J1_J2,tail,4a80b4e1b6d38b9a72437f3f699a5ab5cc7ce4917736815837207469059aa1f1,1.8891,1.9986298401552296,573.508,570.0775175966944,1226.81,1233.8199238042346
5.1,105,J1_J2,tail,2cb7389dbc9e75282c65d1c09140ba76be836ff0dfadb4748ba0053f73b18671,1.909,1.934389792906515,571.457,569.599932002023,1194.74,1194.406897567019
5.1,105,J1_J2,tail,128d359b5e7a9c9d2668b61c6021e532655a4af615a95c6f9ec723e308731e9f,1.9589,1.9282074168861552,570.001,569.672625078173,1086.52,1097.345131105235
5.1,105,J1_J2,tail,257add09834355a677130476b6e159b02a7964f82e09d64ea3436db0a9acd67f,1.9946,1.915678481861167,568.243,563.5251736336932,1105.81,1112.9912358925087
5.1,105,J1_J2,tail,9d7fe15bb8040f18a74f980d0acd2e26383c8a3907b4f8404d0921a2ff8329c3,2.0187,2.0387806306411913,560.354,557.7745830493627,1077.57,1090.561442329463
5.1,105,J1_J2,tail,3436ecd7cff313e03480847ea0fd04bdedb3ccdefd1f64f83588adbec07670eb,2.0299,2.0048076368703844,555.092,555.5444972039397,1110.81,1101.245530030763
5.1,105,J1_J2,tail,eef24c612011c999f7e53e0e2fb088188ab05bc55f4d2badec518613cc28446e,2.0967,2.104973730284908,580.333,575.4378127075286,1087.23,1132.4036552781192
5.1,105,J1_J2,tail,f8b5393ec87fd3e3056be0896f4f329ebb9ad1c3c00799ef589b0278be81041a,2.1043,2.133438164698419,567.094,567.2041849444252,1155.78,1166.9036914604806
5.1,105,J1_J2,tail,9952eda2f84624e1360d491961c3851624262d8c50a8cb968888c10c056efab5,2.1196,2.0839152538793484,568.821,568.8231597432286,1234.07,1236.610121307182
5.1,105,J1_J2,tail,c42c3f2c78d69175030ba6d1f5666e36f18b001fea35feb7b345f5050933849c,2.1351,2.144772741802279,561.044,558.634155565718,1156.24,1205.7144712525314
5.1,105,J1_J2,tail,794c0073492fdda80b2efc398ba08e82bf430f942ea5c7a3ec53892daa2272df,2.1475,2.132350962665828,552.365,555.3154673389488,1173.07,1153.3069968301447
5.1,105,J1_J2,tail,1b348aef54ad5d6dfc5a6fdf4f9988acc0040aae5bccd38c40ea4bf89bff16aa,2.1848,2.128368650812889,549.339,551.6603436405785,1064.47,1085.0574605662953
5.1,105,J1_J2,tail,e35fadf71181e9b9540aeb9393eff0f0ebd281bc30372b45ae83291c2a27de14,2.2888,2.0972324669223337,556.305,556.0266783400314,1000.4,1054.4120773362731
5.1,105,J1_J2,tail,7eb6fd11dee5cb99bdb67659d44adec6a1c2613209e3bfb8ff24b4789395f35d,2.336,2.3040931524694024,561.2,555.293724744695,1062.41,1052.4736849611193
5.1,105,J1_J2,tail,d46c668138b1e9e665b2265e764ab53f5a0e6bd7ac255bb346156cbc3dc08ffe,2.6845,2.4289809779116416,559.275,557.3541364604921,1154.31,1167.0649589985724
5.1,105,J1_J2,tail,83be3f13fd19319530acb80e3dae308e24ac7a0a0fb29804a5369316b9679e6d,3.5825,3.2252064835343006,556.318,554.9043137399963,1149.21,1143.2823970523286
5.1,105,J1_J2,tail,25c2ac7fce172cb2af41af0e13008de821d4c246a996e9a073b7178d60446037,3.7063,3.5183785621245227,552.874,550.4488988509609,1163.24,1204.0354240824443
5.1,105,J1_J2,tail,46829534547cdcbbf61835b6fecd20b6d7d74a9aae63157dad0f7c0595a96046,3.9276,3.493923376178695,548.172,548.7218399323738,1163.19,1149.2314791090087
5.1,105,J1_J2,tail,34429eb3808dbb80d0e3210888a24f083de1311a1138040d25732f16f0bc43ea,3.9418,3.5006390527131495,540.755,545.3793485069625,1144.23,1172.9641406489986
5.1,109,J1_J2,tail,e5a9fb3551ef3db1f85a7c9d9b677952400e69cb68773ff90a4e3898e2839b6f,1.6796,1.6649783776182072,590.518,591.0626733468662,1217.97,1210.1774871577982
5.1,109,J1_J2,tail,902f3bcd6b102fc3516beace0b78f1fab2d2336a81e579857c6c8dec536875d0,1.6958,1.7100491294268705,573.176,575.2511560175759,1127.24,1127.2336456057883
5.1,109,J1_J2,tail,f9b67e327ff75a242e690312927e29a808859e1f4b58633b25aa9f399e2cc07d,1.7151,1.7210613510726114,583.299,584.4698235604103,1196.48,1202.5299406773956
5.1,109,J1_J2,tail,dfa4bc49d21fd1086e3d02dc7b3b70cdc526428634965cfe2ab996aca8e96eb2,1.7236,1.7647893105107124,586.455,582.3178962710061,1144.24,1134.001632512951
5.1,109,J1_J2,tail,68096bfb8a4936629e1ef30175caff45445eb934a62e5e048ed2438228f85fef,1.7361,1.8034208137655472,588.558,587.9037847020849,1188.96,1203.5643614641026
5.1,109,J1_J2,tail,0ee2db0ba811829f1f735e850e6b30cbb4d57cfa07e4bd2da18b1b440ebdc520,1.7391,1.78441537315796,591.488,590.7447959922065,1170.6,1181.128284321045
5.1,109,J1_J2,tail,2652efbd23818b2c4fca68e5ce1aff05bf1128279cb0562837bbfb9cdd914905,1.7443,1.7528639687083987,569.902,570.4399940385555,1067.72,1083.3961906422333
5.1,109,J1_J2,tail,d01bf3146340621ee146e44caa7837aabba6a2515612dfd1f87d45f8ff30f803,1.7478,1.8487440004573654,569.096,569.3768617737047,1091.52,1101.934913870362
5.1,109,J1_J2,tail,f5422a9e6d96ec32c512e3b0950bb48a973e953d58d1c77310ce4a9076739be9,1.7532,1.7759402790127947,581.96,582.7572166410505,1161.62,1156.2741807844639
5.1,109,J1_J2,tail,1ca28d991dbd8fbb2c7a2b37e3b9ed2830e21d2435ca0ddc2e84873a0e3fcd0b,1.7623,1.9180783202837495,570.062,572.6293711567401,1087.22,1088.6702811865807
5.1,109,J1_J2,tail,e40e2b2197bb11642062e2ea269d016d09eadd83ee8008e20e0a1efe592509d9,1.7664,1.766496217714684,587.362,587.6753965235222,1130.4,1135.3764005076098
5.1,109,J1_J2,tail,a92d35dd4e9e8547e1257e0eff8d502adda3fa4682a1c6bca00579422283a818,1.7686,1.7847208676025426,581.324,582.5162586579422,1158.59,1154.3227019451533
5.1,109,J1_J2,tail,fcb30e42779e664a110c9d9e43c3544537d79a7b9134df1d267c148d0fdd2583,1.7751,1.797823546096572,582.861,581.7777537360677,1145.69,1124.1430778712518
5.1,109,J1_J2,tail,4e893178622f378f94a5a844f5093c378166fad47c89e525ecf43dc13adca5c2,1.782,1.7706584127675178,579.982,581.9472298338545,1105.91,1134.9456896595343
5.1,109,J1_J2,tail,e2746cb0d2cf1db96e9ca31dfc4a22dde26b6311558e03cc15fc3195453d4f34,1.786,1.7986017810824964,588.781,587.5536033775915,1136.88,1140.4817738600275
5.1,109,J1_J2,tail,6237c52f7a64e9e1ccce073fcf4ade9987dc0674ee33e4c3d0b3def794845d70,1.7896,1.8932982482939111,567.409,568.6127546965375,1178.85,1196.0624467464359
5.1,109,J1_J2,tail,65570e644a3401b02c6489b91c37a42cefc4e6979904374ac66741fa02412e36,1.7918,1.8189581025368626,580.62,579.5692768198376,1091.92,1108.5499232217771
5.1,109,J1_J2,tail,f6b176ac07b7ad743c58d44b873899ef4ec01c1e034ecdd7b645ee5c2885018c,1.7964,1.8072159029338712,579.77,579.9382242405252,1090.01,1082.4912134921465
5.1,109,J1_J2,tail,0ada610102c039f1451f1688cfe300255915ddf447f8618031fcdca16db6a8dc,1.8028,1.8430254934107342,586.166,583.8464645627112,1179.32,1151.7751847055433
5.1,109,J1_J2,tail,8ecb1542664d0a76318f1987251c4a923a7cc93bfaa591c60117ad39a584623a,1.8036,1.8100433484542553,587.402,586.3738457530834,1144.94,1151.6774611095686
5.1,109,J1_J2,tail,76672139fbba627872f76ef99e43c3bc0430228a0e84b13efef1d32484763ac2,1.8197,1.8591232216054887,570.531,574.5977453936875,1095.26,1128.698338192531
5.1,109,J1_J2,tail,195688b2d6056231e2aad5294d2a5e3dbf056d5a78ea719484d7aaee14d37db6,1.8303,1.7201793561027283,596.058,592.3453338828284,1188.04,1171.6943316224365
5.1,109,J1_J2,tail,341518d535498500e425df76d0c5f62c14148c599be7f77a765887d0acbf6cd8,1.8312,1.8237489238506115,580.893,580.5714845458908,1133.65,1163.9741911451592
5.1,109,J1_J2,tail,a08f584b6a40c98681425469c196ee19a2e78adbd224a84f780a76dc67b273a5,1.8315,1.894458958673405,579.557,578.1573570359552,1117.25,1141.0029852556797
5.1,109,J1_J2,tail,2d7a0ac292084bd8c9cd61f1018153f0fcf1cbcda6ac9ed66d4c25133eb2555e,1.8457,1.8860528728515817,582.593,582.9804701379164,1165.33,1123.4823058502752
5.1,109,J1_J2,tail,f9b61e8cdf08938d0aba8fd2557f2941fbe13631bab4c6dbaa5734c339370051,1.8479,1.8847740510598425,582.096,582.0369560422392,1201.11,1178.3864245910052
5.1,109,J1_J2,tail,ddd6de0a274fd27680f4e8b2d86a05216d7da0fe4f3160971048cf02c01de9e9,1.8519,1.7876564017054857,591.38,590.5374126857499,1237.44,1202.3460928514032
5.1,109,J1_J2,tail,dfb485651db4ae1055ff767b0a38e7672d4eec9f82879aae11a2083c76314a73,1.8549,1.8541546433886487,571.352,574.3604278867737,1101.8,1089.7305680400677
5.1,109,J1_J2,tail,f6a5257c4bac0bd152dd0803e2795b4f7992478a131b353ec1d23512d296fd33,1.865,1.9076350653655834,587.391,586.3210382382864,1242.32,1216.3020798486596
5.1,109,J1_J2,tail,a064e122a2b101aaebbe7a621662c62219e778a1a784d0d582ea442fe1cb8552,1.8672,1.813058626366767,573.753,574.7614023538343,1120.97,1115.9177913798248
5.1,109,J1_J2,tail,5354d020332a4dc2042316266cc6de846d8545f4ec4e18a3952095104339453d,1.888,1.8101400275109019,578.279,585.5742589300855,1168.94,1188.6858684417905
5.1,109,J1_J2,tail,1923bb027de9c7be3dbc7ae53c9aee70f08eab985dccdda6ff9f66b1d467fc4a,1.8913,1.9118646011956637,568.446,570.9235823032524,1159.39,1170.4752037974438
5.1,109,J1_J2,tail,72e3a8ae59e6975a5f8cc768227ebe8b528b1ee6a3db9f0087d41cac75c4e4f1,1.8983,1.963283816838126,586.342,584.1904695933385,1280.52,1270.714365644836
5.1,109,J1_J2,tail,61f60659f6ad3d33a655ac66a0cac6450feb9c779a2736c0c98a227fbc3f20fa,1.9007,1.8937424088504982,593.543,589.6343289764251,1236.61,1229.5459073204863
5.1,109,J1_J2,tail,1fd884d2d7a3ed397c792496001465c514f35f21282d130f15834855a3337b21,1.9016,1.9010633083331199,578.933,576.0453196351752,1191.22,1151.6635154331188
5.1,109,J1_J2,tail,620c309968d43179d1394d264e2c554c7802d08fecff473a4eaa535c51ffc776,1.9019,1.9202265268862713,580.023,578.9161302973336,1110.25,1110.0680097153058
5.1,109,J1_J2,tail,e2157823bde8a657dbdcf407cb4afe7fbf63fa562ecc480eb4c6f372f5cd6ec8,1.9027,1.9252442854257288,574.875,577.7191316612881,1188.84,1171.1470039498308
5.1,109,J1_J2,tail,af3ffb2ddab9f88bcff41ed88c4d5cf75e62fe66c629fd81007f2f0965c0f718,1.9047,1.8732140247241265,577.015,578.0244560745899,1126.33,1132.962977037085
5.1,109,J1_J2,tail,e67093e14917816d2eab639ad5ed6180c64e700970946a50da6422e2235d6efc,1.9117,1.9231569846278387,575.85,578.6937674028061,1088.75,1113.11746744628
5.1,109,J1_J2,tail,70ec9831d6ef5812870ec824516778d43e7259f65a6079ccecdc004311c8c4dd,1.9122,1.864230251786308,576.083,576.4002461770231,1137.01,1123.1080291986386
5.1,109,J1_J2,rand,f9ad8a5442516cff0f9077ce7c1564286c026e804be6aa984ffeb8e9bc6ca7ad,1.9981,1.9995950982118489,578.933,579.4525693554087,1129.3,1137.091293825728
5.1,109,J1_J2,rand,ca6bc7cebd5afb5e7e64d17f35657a897941b5110a5049a58edce8ac5e491a85,3.3778,3.3543725982475148,582.114,582.0260349646904,1212.47,1216.5921678584116
5.1,109,J1_J2,rand,9b8672dd46bc4bf0892fe00c9c1171446514eddda9c2d036ed7b1a9a32f2e9ae,2.2797,2.1776275080031304,578.302,577.2646877945928,1240.94,1226.1982982028558
5.1,109,J1_J2,rand,d2ecb7146766370301423bdf5715c1ebb5cb0ae0701e2e47ef3d011aa3d0efd4,2.0067,1.9961417015255492,577.76,581.4987337028009,1178.99,1195.0013478901228
5.1,109,J1_J2,rand,9f80ccdf11fc029f12ec207072aaae5dc0713eb0913f77550e2574801f9ed1ca,3.0724,3.0294596601339188,583.739,583.3309053735574,1236.45,1236.3306063788443
5.1,109,J1_J2,rand,d95909d53f2a03c01b547ac25acdf19d62576b0a03800d33e117c30d4949d1f3,2.6598,2.563820140912804,590.635,590.4665467395126,1341.15,1340.4953321579646
5.1,109,J1_J2,rand,48c032c2950d4012b036cae8ec0de4a94749e07d1c49333ac192b4f7581e404f,2.0463,2.05334202916098,593.846,591.2201791005682,1174.43,1165.3428171882067
5.1,109,J1_J2,rand,72ba605259b6d7db435600cc224efaeaaf476da5d08df8a4e052db2e1d253361,2.0447,2.020790860615069,581.245,580.600355409396,1149.55,1167.7998622059201
5.1,109,J1_J2,rand,7d3a94585daa88ed0f0f5e0dfec74e41e385d6abc758e153c6df3b9834a65090,2.0086,2.2026388629315665,565.602,570.3228433209335,1161.12,1162.6107392596575
5.1,109,J1_J2,rand,9b87882dc0bcc12a6558a401aeaf9954b59fc8c2bb0ea53cca6e9e664a603bc0,2.5658,2.4952278790986444,571.475,575.4136076025062,1154.53,1162.804326398621
5.1,109,J1_J2,rand,d9fd666dd4d6889ee73d40203f319b8a22e352c9de9cafd13702f12a5a824638,3.1355,2.9831279064576797,582.013,580.8181381431299,1162.41,1131.1098449587096
5.1,109,J1_J2,rand,46fee1826da708d2c7ccf6e57b1f876829f49dac847319d6fadfd041cae9ef24,2.0119,2.001646327354739,569.502,571.1235864683284,1101.4,1105.11202599917
5.1,109,J1_J2,rand,a19f1cb0dceadeda3961f51bdaa01ef437a8ec5a85fc7d25f130b70592e5224c,2.0941,2.1762168166662077,562.077,564.1871775075929,1099.59,1113.4177763055627
5.1,109,J1_J2,rand,337fca99ff0a415a3888444c58306e06ed349cae8fb8271391b5fc01f51cbe5b,2.3928,2.5009757209140524,559.693,563.0615792894138,1182.21,1178.6067700556682
5.1,109,J1_J2,rand,66540199e762eee61dbe36dfc53159baaedd9e905ed1ffab8ee491d4814a4ef8,2.4582,2.3409723560983884,571.486,572.0461409394983,1131.22,1152.793256853948
5.1,109,J1_J2,rand,1fc759be36b44dd4cec7cc88ffe00e528d907b700f9c29eaeefcb92b1b7b7792,1.9143,1.9497074780194354,581.457,582.8541707684103,1157.74,1159.081812743447
5.1,109,J1_J2,rand,494248c275abde67477aa13a78607255edada466fb1b1f81343d8670b5ccc52c,2.1896,2.176890481591834,569.032,569.1052271397095,1164.59,1169.4925387490302
5.1,109,J1_J2,rand,6ffdba14860336958b919b2163f37ae0962f90f180656739d9bf9f857cfb5a59,2.0903,2.053705824527664,591.176,590.7057291760827,1196.99,1190.3602513165722
5.1,109,J1_J2,rand,ea0a508dfe0f9a97ccb41871826af97ac2e51b05536a934d92ffa91097efa800,2.3676,2.3608429512156124,576.831,575.7494756613096,1177.55,1204.8945353965596
5.1,109,J1_J2,rand,c8fb2116a64b40491bf1ee40b47132bde7e768fb48a64e3b78c1360099d3f83d,1.9597,1.9417863110913813,581.1,579.9338772975684,1203.62,1212.0788248225747
5.1,109,J1_J2,rand,2dcccaee1f5637227e8faee4fed556440604cd5f469ab7b1381b10f46410a2ed,2.051,2.0118914304034172,568.963,571.9704886898762,1051.71,1054.9752797133983
5.1,109,J1_J2,rand,e750382c5c12064e0107a751ffce7c5758dcd8ccd7a3a02105fe2d09807ff589,2.8645,2.5595313106542132,567.06,566.9252280890423,1145.69,1104.9910092523478
5.1,109,J1_J2,rand,8e6fe5d2ac56f9a1c1187bb76be7732400cced91ba9c19be79d1cf969d054483,2.682,2.5328519282366644,579.128,576.9381999774095,1121.51,1111.0877625207231
5.1,109,J1_J2,rand,bed4f405611a793231cfa996ce55aca20426985496055974984b3b233eb6a3a4,2.0261,1.9736784812183987,567.213,569.1608663828877,1156.63,1161.9871777402982
5.1,109,J1_J2,rand,f19542249b4d4c06e3f93a256c91b2910b5fba0c77798c4dfe583e8cd98c399a,2.7201,2.721850156254145,583.616,583.4654669649678,1260.45,1274.0769637681292
5.1,109,J1_J2,rand,f783bf53b7817906b825b721a15ed4fcd88e797fe2aba5c7491e81791737b12d,2.1654,2.1290114303249235,579.12,576.7756517101799,1263.82,1255.5257489151236
5.1,109,J1_J2,rand,c756cc3e81dc12d4adcfdc8b149af7c941497822b7be0be9110064929fa5bf93,2.0468,2.0899492385306373,573.324,575.1790818398123,1187.7,1189.3334690215702
5.1,109,J1_J2,rand,246032ffded3d533ab54dffb9f6cc17f4d56577fcfee1363ea7b98db6c744c3e,1.9703,2.010630881406255,567.926,569.9389103512094,1183.44,1178.902277712192
5.1,109,J1_J2,rand,170d176d6b1bc665165ee3b8d0e796136b4622690dc0e1ef954e56b61c590360,2.1516,2.2125122458201596,578.454,578.1163757957023,1026.59,1066.3093945610638
5.1,109,J1_J2,rand,a1e83f64922d3d1fbd316eaa8e6b27df2f2c171d9d5c52e4a52ef191c7326fe5,2.1078,1.9820569419450214,577.939,577.8463324283422,1127.6,1132.0349144578045
5.1,109,J1_J2,rand,bf0a6f4ed8d1005cca2a09d2bad88073d8029a57357f61b3a6c56524aa039fa4,1.9646,1.956213663628824,567.047,568.5557200353935,1164.13,1148.131067090696
5.1,109,J1_J2,rand,ebe252849c43b53650b9173c5cb034be95a27500b63b9ad1b619814c81d1591a,2.1502,2.1241432717339177,585.322,584.2085734263076,1214.97,1204.481622517413
5.1,109,J1_J2,rand,822c07c5f7fb7613770487c81edc4172caa73a5127d326b82c8a89111b87a741,2.0501,1.9899515510073746,583.914,583.2465235093349,1155.16,1140.2517315709133
5.1,109,J1_J2,rand,1f7dafa36bfb664cddbd9501b2ab10cd2879b7cfb496dc449595ffc7ff183cc3,2.6104,2.416954980344237,573.902,575.8242099590053,1249.52,1222.5488836858497
5.1,109,J1_J2,rand,6b7162ec875630b19453847493628815b24205bac0c3f0b70e2c2df881d1d665,1.9875,1.9680126001712102,574.075,571.6151608620892,1192.21,1148.0724423750044
5.1,109,J1_J2,rand,b45e870022482a70371bd9577dda0c7d7c383f70e71c561aa40fd89b00ef1387,2.0721,2.147343866004077,575.997,579.2571936863668,1242.0,1256.066320913051
5.1,109,J1_J2,rand,ffb3762897d845cd87118b9205b299b0231172d4664785c0716785b640e9e822,2.0346,2.0324190615010784,593.248,591.3635441663558,1241.42,1264.4363091407206
5.1,109,J1_J2,rand,43d4d167fa4e4af1a472cf680ac0e770fd234827034e8a7723a1c8c454626c9a,2.0998,2.13286600349542,585.396,584.1052847244536,1184.19,1163.277790139699
5.1,109,J1_J2,rand,3ac841b34f5662546379da29b31d9b35f42dd43203375a08f0bab952c020380b,3.9645,4.063732608348333,581.237,580.594870930785,1355.64,1330.521612382835
5.1,109,J1_J2,rand,196b48b26e6f7a24e2e6542ac27f5239f2d63a499803c7484685c292cefc1b2d,2.1033,2.0948681677566414,579.809,579.6850326519713,1208.65,1207.8856233429622
5.1,109,J1_J2,rand,12fe0531935eaddcd0736ab85cfb759735f956802ec3e90443f458c32009fa65,2.3435,2.3043319256998984,589.832,584.8346120500481,1293.66,1278.0964721780267
5.1,109,J1_J2,rand,19a0d01e224f208bc754a4ab5f8f38eab589f31d848a1acdcd4154383686352c,3.1171,2.989028527090989,576.37,576.5171669108717,1190.48,1237.508591153647
5.1,109,J1_J2,rand,9c9c2d829fe9bef0ba6cd9ea3610bd2f923e120ef717ba3d4ae07f67d80def63,2.041,2.0034165030128626,577.398,580.5026451556704,1158.04,1187.069539048154
5.1,109,J1_J2,rand,dc093efc3d3a69d00610739e4bde72782347cedbbb206da543732fd741c34e50,2.1466,2.1094347410845784,578.755,579.6082618267692,1188.73,1177.9116201010738
5.1,109,J1_J2,rand,b3a12c0878c80ee74df63cf3eef892b4c73f04ae79af084206bb38461e35d83f,2.041,2.0231499363201917,573.512,575.2033315211085,1085.31,1098.2849517235427
5.1,109,J1_J2,rand,d23f4b6e3bf46c47d9308d3cc43c12cdfee6ca69f200e0e84ab7606feae73146,1.9436,1.9372428149484906,585.506,584.2246781268944,1151.61,1155.210976385938
5.1,109,J1_J2,rand,9c539952c9e5ef2eb9badb71e40e1ca5ee1bc6c53f5c8bc1b322c60a51a8ca69,2.0201,2.087806763020746,573.009,575.0116233277632,1088.18,1124.1450323431711
5.1,109,J1_J2,rand,d41a49fee839253d242414c4b1a84377ae54f36c66b9ec73638e6b946aa1960f,2.0836,2.0971519388354305,579.304,579.5679833755208,1192.21,1206.2576096063285
5.1,109,J1_J2,rand,cec08d684af313226166372f77b1dc62b7492776b4ac0f9fdb92b9ccf5d30a92,1.968,1.9844855051735732,573.376,574.0262703881904,1201.58,1176.3352204743335
5.1,109,J1_J2,rand,e071190f36de7c824427057800ac5fe8278dfea788ae061b285fd8f637afca0a,3.0882,3.058468046256908,599.491,593.1021869763821,1243.58,1252.8982257923744
5.1,109,J1_J2,rand,7f8a2c4cf1ecfe6ba966a67e62ea865ee6f5b5bc0626bc53a19e05acce660cdd,1.9487,1.923210040678643,585.542,583.9503815162233,1178.82,1165.0562179580404
5.1,109,J1_J2,rand,b2a19305f4e3e8d4b12cde8d8adcadc62255e4c8e7d0a2bd8ba28193a80a9781,2.1381,2.1591218669440697,565.111,566.2133367102866,1195.02,1168.84815313393
5.1,109,J1_J2,rand,1918d8f6d5c4a77375c380a6924135b3cd0410b02a4552697f3c422fd2478516,2.3118,2.084043418664134,576.608,575.922078057123,1144.16,1181.236715024057
5.1,109,J1_J2,rand,60db92b391870f7e0ea7b98f78455baa65a14655243aab50b36c6a9b1b0ed254,4.0485,3.9839664150447103,582.909,580.9974567142491,1266.67,1239.2030663774374
5.1,109,J1_J2,rand,5ce777aea796087abb711455705de399b06978fb2499d3511cc56e740e7f84ca,1.9414,1.9276755851851883,593.578,592.0713425025193,1218.51,1220.0193532530348
5.1,109,J1_J2,rand,d3c99228c35a24444b41f7e455bd4ae5bfc705dd0b7c05d4bd46ff95eb16c9db,2.4662,2.4865119877867548,584.771,580.0738810172885,1279.65,1244.1037772500144
5.1,109,J1_J2,rand,b1c669210b37bf8544eca21c05d02ce2df4445b83a2c919d45ef86c1d159910a,1.9675,1.9853787429147596,578.516,579.9956093695199,1241.56,1232.7864264839577
5.1,109,J1_J2,rand,0ad5934e98fec3f5c69822a786c1d8716dcf88293c3ef55eda499277929f5671,1.9691,1.9059223235055913,583.16,578.5785902931469,1184.39,1148.5084123576653
5.1,109,J1_J2,rand,7c18fd0bc09772329f10cf18231cbe7a40dca490eadaf8058e9af6f36e076bb4,2.1834,2.1781624567903695,575.333,575.3753891510947,1086.31,1083.52495918348
5.1,109,J1_J2,rand,0c3f4cff2b8b395b1eb7ddbe457baa6da1a77eb6654c0a4e873476f1bbc4dc4c,3.535,3.647503722679342,580.63,579.2714639093423,1284.14,1266.3472020015483
5.1,113,J1_J2,tail,ce879a6adcdced5cf66f3429edb3d657972d4d85fdab2e90b0ef528fef4043a8,1.6,1.6033468213630577,616.59,615.6601577098651,1275.06,1275.076585682813
5.1,113,J1_J2,tail,b930e94a336895fc5418dbc865fe5c5dd94c8076a60d92845840819533abe940,1.6134,1.613402300657021,606.659,608.3155938263401,1255.74,1270.566967473895
5.1,113,J1_J2,tail,0f16acf14f65db9a18a204cdfbb2131b1bb4db4365c8f43ec1e955c2e2604044,1.6196,1.6303979348776276,605.514,606.7732880400794,1255.35,1268.5928233696436
5.1,113,J1_J2,tail,f75a3dcaa80cbd781679477fbfcb6940950af7b87f8604ba1e3b7d5e3e84f86a,1.6203,1.6510059762386362,606.081,604.6467475245047,1240.56,1234.6602969068826
5.1,113,J1_J2,tail,3eb41766acd96d7ed32c4cb50d414231cf2484b7cad9d202f054eecf6950db6c,1.622,1.6494900075944585,606.953,607.3852731613896,1259.74,1266.5668810385791
5.1,113,J1_J2,tail,42deb267626b15a9daf16fb6ce87b7505b20a29945419c02469a526f243dbd46,1.6232,1.650097433869203,606.832,606.7400097383138,1260.27,1255.0009488258536
5.1,113,J1_J2,tail,1e3da4febb3c544e796e7210af9bc4d4258f119f7449812fe859d69f26c6d505,1.6295,1.6482509511940655,606.369,604.9005203582427,1270.61,1258.2732588441702
5.1,113,J1_J2,tail,b6c12f015cdb795799c2928f92af76dcb0fb967f0bee97f757a89945920840de,1.634,1.6682950850859695,607.755,608.201091576397,1280.34,1277.7856820429943
5.1,113,J1_J2,tail,ecce890c14cabd86b82120f4e7102cbdf027695707c05a2670c345b4eb268cd5,1.6389,1.625023893527782,615.98,615.2564846095958,1309.75,1298.092994636614
5.1,113,J1_J2,tail,cc47059812095a699dfc5bf37913bbaef97f42f3e1cd1d7b0540cb618f4654b3,1.6469,1.6672298808852586,606.826,608.2470816762368,1262.2,1265.387130629723
5.1,113,J1_J2,tail,0cc24c57bc1cccad99f70bc72c7227ebd3cd6773b2e25a1cc09dbf5beaafd294,1.6491,1.6283117906477667,610.647,610.1048200662552,1297.18,1292.7817360791696
5.1,113,J1_J2,tail,4a9306e13302a0c3b34a994f7577c4ab6e4068cfb9a2f4b5b405b59d74d7181c,1.6617,1.6493285859855173,610.321,610.5766652529368,1286.43,1282.8449931187972
5.1,113,J1_J2,tail,fc41772b8418b665ff6b14360c9303fde68437700331cb404f893d8b6d1904ed,1.6633,1.6702892969393592,600.938,602.0131661770645,1233.85,1233.5563082501137
5.1,113,J1_J2,tail,e3bd7ce020bf78b9732b5c2e26da13e03621341df4fb45c0e3f01355aa1b5040,1.6679,1.644692456899058,606.999,605.3536065447612,1238.77,1238.752163266321
5.1,113,J1_J2,tail,5d5dbecc6b350e7c32a03d999e9cefa4df3dc9c54f78ca541ff12dfa328482d9,1.6713,1.636573162427958,610.317,610.1673972847748,1290.03,1285.1145929491588
5.1,113,J1_J2,tail,d217dea44058bd2cc418b1129d105079b655c01b51177285810c896463291e16,1.6882,1.7236714241899562,596.207,598.3261561961148,1208.99,1231.5064826498685
5.1,113,J1_J2,tail,45a433066d6112da14c564d3680dca6ba8a84b8912e93992d59fde48daddd952,1.7121,1.6453762156871052,610.999,610.6232624266609,1294.08,1291.1996241069637
5.1,113,J1_J2,tail,2fc2ebfedbc07dbb50ff762864e70266e77c0f5e91eff15d53b5181f237168bf,1.7122,1.7219537900460395,599.194,600.6064614922198,1245.66,1254.8949966198409
5.1,113,J1_J2,tail,c1d2387e4b7c9c2109097f8aeae7f6e1d229398564ef44ca74a87651c2419e0a,1.7796,1.7728787627770293,607.59,606.0241820651927,1304.29,1260.279311826933
5.1,113,J1_J2,tail,6db09be2bc1f1d6f1f7a78008c0fed89ce343d9105801f8cd05034d88fd9aa64,1.7898,1.7910664131785818,603.822,604.0704855337341,1241.55,1250.8625480951332
5.1,113,J1_J2,tail,1e4810d4f5368de2f288e67993485607da55404a2894600ec067e6b9f222fa00,1.8098,1.8442255703759043,598.171,598.4934862646651,1219.81,1231.9883449550643
5.1,113,J1_J2,tail,f84d6fe520fb2a20452d25aad5072da56a792e6ffb586fbde3ed940ef88dc683,1.8267,1.7940157263609646,600.533,600.5495858320329,1234.49,1217.455878439543
5.1,113,J1_J2,tail,4b62fbaaf4203cb0cf3097bfa499162844a06df2ab886d307f7a0da0730da8db,1.8278,1.8149244084257987,599.643,600.2817131337462,1208.35,1209.4137410740025
5.1,113,J1_J2,tail,93d057338808fd9a2b021021f8c7f902cdc30ee31440d4fec05f49e65f740f76,1.8347,1.8439292580765507,600.272,600.1531330923939,1228.92,1224.2077102672165
5.1,113,J1_J2,tail,0d3b6c966e96cb196d693129a332a1dd44ba326b5c86c1071588c67c9142850a,1.8363,1.8383764785653658,602.562,602.1894527321608,1194.37,1198.033327902389
5.1,113,J1_J2,tail,2f20e7b7a4cd4566ad9caf15b75064e460bb8d16b5a05566d51e1e918a1661b8,1.8432,1.812650449590509,605.84,605.5237065309407,1236.09,1227.6800751214282
5.1,113,J1_J2,tail,bc09d2e8049c3f69e72034a0ba6ff715a81694658073f747a9e2befcb401db39,1.8446,1.7949262407221303,606.178,605.3381634657669,1258.05,1236.1331425685162
5.1,113,J1_J2,tail,54d86c5f024739289f8fbc67cbe87a5ad70e231d421094620be8455d09a89578,1.8491,1.7783545201647073,607.08,606.3281038365054,1225.57,1215.3444397643673
5.1,113,J1_J2,tail,4b6a6156af67e8f42dde76ba67533db7f3aee92444494faa885eb0183b8704f4,1.8559,1.8480764564628924,595.2,597.1903376824478,1219.17,1217.3121350554738
5.1,113,J1_J2,tail,ed79d961a1faf591f262128d981b310aaf4cc86e2a7df6537e013063586da2d4,1.8565,1.8246521732127794,599.535,599.5145950514318,1193.5,1199.3908266741457
5.1,113,J1_J2,tail,59653e3d9b7d5dfa20123fb964643bd85af7d45edc9dd366e58c532ca1e8e810,1.8572,1.8597918216488392,598.985,599.442744120002,1193.12,1198.103009075171
5.1,113,J1_J2,tail,945039be38e9df136066ac42f45a2cd232590b5e1b9f53a003018267bfc2c79e,1.8744,1.842097990843574,604.439,604.2841234208117,1217.74,1226.0658323862174
5.1,113,J1_J2,tail,44e437e64b817c66c5f203376bce520fce46bb38abb19db2a376ef12d89e0b88,1.8764,1.875803599262202,595.746,597.547671877109,1228.52,1212.4511934376064
5.1,113,J1_J2,tail,395b19f4585d9b5f8bc664525dfbd19c91cdf3049383b6a6093c5acbc99158e6,1.883,1.8621887423852677,599.892,598.7905408857893,1215.18,1212.108504640108
5.1,113,J1_J2,tail,92afeac5346b97f3dce2ced75e1cfd32f09d98796901be797c71067f69a5b02e,1.8861,1.817903976421812,601.509,602.2914801468762,1210.47,1211.2188516828974
5.1,113,J1_J2,tail,66dbc8d49b7a0aeea194213dcc9300be299f774f71f621efd20b24c1803119d9,1.8864,1.855361454640181,599.712,599.7886037455879,1207.59,1201.149350981346
5.1,113,J1_J2,tail,9ee6f0e175cc79a6cd470ad5d2042c63928edc4fcfa9b333c3475811fd7d7652,1.8886,1.83869330603466,600.6,602.1507079210851,1210.99,1197.048056891416
5.1,113,J1_J2,tail,9d4caedd74cf914ffa7725ea515be00e65c358ad538ce490bf37d54f23fe4da8,1.8919,1.8339890082459076,592.793,591.9241076976786,1229.24,1236.46761219787
5.1,113,J1_J2,tail,41819da533e823109108c647a9e9fc160b1f541630c105900cc1229d347ba69e,1.9107,1.7851069719973591,600.824,602.5947688985366,1274.04,1289.203334041905
5.1,113,J1_J2,tail,f1a331b0a05f7f033087e4537170d939065a8a6382ca12e26c17f22ec3251b3f,1.9128,1.8651973532416588,592.686,590.5405309165214,1132.38,1148.8055432456897
5.1,113,J1_J2,rand,26d0e0f10f98e45526c8d41db978b6d74a3b0af73284f67c7dab3ebace827f48,2.1783,2.069025139714226,587.214,587.5423360963218,1206.44,1233.6097871339398
5.1,113,J1_J2,rand,1d0e20aec404c1b33b4526f48469bcffb9db322647b8b611d2464d8e1900f41e,2.1076,2.0527327032195126,600.315,597.4702193782902,1197.64,1230.4996699592614
5.1,113,J1_J2,rand,292dd123bd5e7049cf67ebc927e2facae9da728b68164fca7fb2b3551ec9809a,1.9689,1.9411221807301449,603.827,602.9682912488664,1219.76,1230.669109456031
5.1,113,J1_J2,rand,4f283972fdf57adc9cb02ec4ef69e39dea3f1d9fc15aad460682a6b8bc66ccaf,2.2697,2.1381415318599846,582.643,582.8540835862636,1230.93,1253.1784840170164
5.1,117,J1_J2,tail,cf7b52d517a72d0e4507b5621daf098e284b2655bcf1cb3157c047ad89733352,1.5177,1.5465843102010557,631.66,630.5719080866385,1306.0,1284.2528085995798
5.1,117,J1_J2,tail,ded88d6ea7695eb8d41bd963b7e625fa0073dc14c2546c0d4a66f5e8612aa42a,1.5191,1.534599816278671,631.61,630.9562323601609,1296.0,1274.4898182862814
5.1,117,J1_J2,tail,7304486ade61aa28b1dc85b7a2482b662a6cae0e31d8c20998a69a16342e305b,1.5199,1.5566337263054426,632.479,630.8905282825436,1308.87,1283.6088761953588
5.1,117,J1_J2,tail,fe1867ace16ad0daa37715890cb036fadd03a69d77856c63e0e8f2e2f2d25f68,1.5221,1.546767792237668,631.8,630.5632941285044,1306.0,1284.040158277981
5.1,117,J1_J2,tail,0dfa48c1fa640667ee01cad321440e3dc29f9fc041c04938a7df002ef8a5bf57,1.5221,1.5552310485120913,632.177,630.8317654755793,1310.73,1283.6320843691663
5.1,117,J1_J2,tail,0e3b19eb0d4702525c4918ea4ac514e34c6de51dad1932636c00d08ae74e6d3e,1.5222,1.5472155664247533,631.53,630.5594381530537,1306.0,1284.206902114205
5.1,117,J1_J2,tail,10373ed8516c26835a21417798ea4a1a32016bd6190b21faccde699bb7e1f82d,1.5237,1.5436353514358032,632.231,630.7029716175248,1307.26,1283.6902653158713
5.1,117,J1_J2,tail,2fb8958f9a810cbd9e97971c3b0395b8d44c1155923a7f8821d0208aa1c00a33,1.5246,1.5651503321289026,631.829,630.7780765425656,1302.59,1285.8336836837586
5.1,117,J1_J2,tail,b52d10d76c1d600c6535d59b6ac7dbba90a3e7f7fb846bf4f374e5661182f4c6,1.5248,1.550311552169175,632.226,631.2037718506962,1304.57,1281.0521200631244
5.1,117,J1_J2,tail,842086d336beed17c5dde15b1f30667b222a770f315b299cb2fd5c6f49ef5227,1.526,1.5512477511597482,629.374,629.790115202347,1303.01,1285.0736395963013
5.1,117,J1_J2,tail,fd0235a494526e87442f7100e460f2801ce0cbfad98a0f320694634107ef50a0,1.5267,1.5458629546995133,625.26,625.3499933305777,1186.0,1201.5809407849665
5.1,117,J1_J2,tail,e3ea9201c293a1da19ec782cfd7d7b45ed151998f086bf47ff41eccd42a3d095,1.5269,1.5535376142732935,632.154,631.0710833819422,1305.98,1284.1345724903433
5.1,117,J1_J2,tail,083add8640d221278e3bbd7e397c155e4658daf29cffa3f19e4f6d7805f14372,1.5278,1.5470045957593768,629.45,629.1497318018152,1272.0,1259.695770631922
5.1,117,J1_J2,tail,088d4ec0b5191ed915fc9614af4b6f97ee6f7e01d60e6ff3633498c535c6abe0,1.5281,1.5509276959614393,629.62,630.3427723816407,1302.0,1282.7798779609057
5.1,117,J1_J2,tail,bac0eaae7e9a06cb15128e9f4eda8c906ab8d03475abcd9e691ba75a0b0a2be1,1.5285,1.5581315829496925,630.19,629.6335325024259,1300.01,1280.0089371994068
5.1,117,J1_J2,tail,2d9e8c6b5245c88b4803f6ebc045ef6f208a61c89957bed4ec6b558bb1877308,1.5286,1.5466701297281218,629.1,629.0602223682283,1270.0,1259.7829051445262
5.1,117,J1_J2,tail,fadf7b3f8bdc6e1df6198631738acbaddff3628f1aaeb56eae32c1cabf037e45,1.5287,1.5464624425436693,630.03,629.1305459221975,1274.0,1258.9454847412221
5.1,117,J1_J2,tail,a0e2e0b759def23106583bf3b681c8f87f088ccd127ae54f894ba69a9f2a3503,1.5289,1.5407953649477255,632.73,632.3031854795554,1311.0,1299.6350313520418
5.1,117,J1_J2,tail,e9c6793d746b44bf1a97defe9a44bbcedf18ada02a9a3bd728f2cdbd7743a8c4,1.5293,1.5465612556747357,628.64,629.0747702786791,1271.0,1259.9613616494269
5.1,117,J1_J2,tail,3186fb673b6eb3dff47018a484e42ac1096686e47d7995de1aab7426b286a676,1.5302,1.5469411324131566,623.37,623.685701970653,1197.0,1202.6887657764266
5.1,117,J1_J2,tail,6aded101abfac85da019fe942e0d7e86ef2f85f2e8fffed98baea7177ce80321,1.5308,1.542087630622213,624.37,625.0648632396357,1204.0,1212.1646688071044
5.1,117,J1_J2,tail,1e92a544fca220c2d979010f171f77d47a48cdd195856cedc16143f865be6a3f,1.5312,1.5480559270618501,631.3,630.5859138083649,1305.0,1284.903491957532
5.1,117,J1_J2,tail,6a6fa41ec94cc82d0a8f007a7d167b9189830f10778b5b1559dab3624b002678,1.533,1.5389108260560627,631.62,630.8034965271593,1292.0,1280.590730708669
5.1,117,J1_J2,tail,ea37a3b834d59d56d829faba8b6d8fc3108e1b930f5ae0f1a15f04729187cb80,1.5345,1.5397150041706007,631.41,630.9112538623822,1292.0,1280.5842913374174
5.1,117,J1_J2,tail,d1a1457073ad6e0f9fa4610acd3ff20cd9424f938f1512609a58b69e2ddbcc3a,1.5348,1.5386406245306479,631.09,630.8824530608315,1292.0,1280.3876450250148
5.1,117,J1_J2,tail,21da564f273ec7378c159866af15b8d9198133013d69bdb018260cf08d47eb14,1.5352,1.5430505263835652,632.14,631.0526666809817,1297.0,1281.0521465938568
5.1,117,J1_J2,tail,a6c5be058ff7297f6abf0d2eddcb570d4dbf8226e54bff404482c2db5e050b87,1.5354,1.5478188288687753,630.0,629.0929506796508,1270.0,1257.9504838591718
5.1,117,J1_J2,tail,2151e6a16fa0b74c5e303db114ccb2e1dc0f8e11f1ae75e416523eab6cec9933,1.5359,1.5476946178724393,629.19,629.5625791134295,1268.0,1264.6691604784135
5.1,117,J1_J2,tail,d884a59bdaaf990ecac723fcc194c908aab2f7a5b491050c9a2d56f7905f4e2e,1.5361,1.5414232679431927,632.07,631.1702359260962,1297.0,1281.6884027387991
5.1,117,J1_J2,tail,b49d813f2265aa707b5b5d8df23ea7d9ca6b02b0c77f8747c54f2437200f44b7,1.5362,1.5418359831476414,632.04,631.2063238018336,1297.0,1281.992663030441
5.1,117,J1_J2,tail,a850b7da1c567e1bf84ba40e6e16e026a8413d936b868bd59b11d6577e30b855,1.5364,1.5464825222923992,630.2,629.0605793001952,1271.0,1257.930556743297
5.1,117,J1_J2,tail,c1b348b1d0da29598e27b4428c83037a469e8af2f245f7b00025cadc066fe193,1.5368,1.5509089773137763,632.05,630.0705856293343,1288.0,1272.968268412848
5.1,117,J1_J2,tail,affb0d11bf9d7fc1cbb0e5946a4d7acb5d1b8efe8fe5286036eeaf895548dd8c,1.5372,1.5551401494119705,628.14,628.6997365875832,1267.0,1254.6481108524895
5.1,117,J1_J2,tail,1c2327ad65ba3d824f632f0521ea8ab17bdc40172aec82d15653b63488067a82,1.5372,1.5683247706162655,626.22,625.3776829494567,1223.0,1224.090962115645
5.1,117,J1_J2,tail,dc7f6fb2089eee4b65181bd8bb295a0a3252e77f82a07b455f0a3e3007c1d0a8,1.5372,1.542948239743616,631.19,630.7426174411429,1292.0,1278.829312461163
5.1,117,J1_J2,tail,4be3fab3f054e9c70c08edfe1e7c95d79604b223d34d444a66f6caa2bd1bc3b7,1.5374,1.5685296794707049,625.94,624.9984024155763,1221.0,1218.165248744959
5.1,117,J1_J2,tail,c4585573553c0ee86d8a4b55f237bd2e723ee1e772d302032323ad4dff354b04,1.5376,1.5598300125697255,629.72,628.1445016897064,1267.0,1250.6779127305126
5.1,117,J1_J2,tail,53ddc83461d0df25c546a8b5c53e352f84458c22e39d73177ac113082fdbff8e,1.5384,1.5541426026495966,631.49,630.2462241970376,1287.0,1273.4170510447589
5.1,117,J1_J2,tail,91effc77cedac984568b4a0eec75b27fa70707dcc88bf5ff2b7732f4f519a37a,1.5388,1.54785931110154,631.16,629.812354182745,1274.0,1263.5074015972998
5.1,117,J1_J2,tail,8d5907162dff5082789639d939bb7cd318ebb95018c6f97cac90f6e959aea5a4,1.5395,1.5389134227527794,631.22,631.144336857463,1296.0,1276.722250103546
5.1,117,J1_J2,rand,45cf47829911a7392db29704961130ee958a651c3b5810d7a2149d22c708f275,1.6565,1.6534420607399531,615.293,617.119946569997,1198.49,1212.5842352950508
5.1,117,J1_J2,rand,ea52b3555a1317e66cce330bf4cb7ed62b6567403cd87836c2fe000822de5f0d,1.6047,1.5936092435384386,626.683,626.8851657636222,1286.6,1277.1968864343446
5.1,117,J1_J2,rand,9db040076a9ceee6f16d0a1c06d2d51e23139efac5e455e9741da905ce555601,1.7752,1.821433637636805,621.46,620.4136464557334,1288.83,1302.063996178989
5.1,117,J1_J2,rand,95fa1f90b5f12765c0f6e02a902e273dda5ca669f118a6bd8c46246aa3c71c3e,1.6266,1.6470319692971396,621.36,621.8288577442609,1253.42,1260.566100754431
5.1,117,J1_J2,rand,f88fd546334ed7120b83885e42a104b33208704701a2fd34b67a85b17b41449b,1.7216,1.6975472849530546,616.156,618.6673183446559,1226.06,1228.0761209176048
5.1,117,J1_J2,rand,b96c3d3977eb870aafdee102bee1767b707faa00a38fa4eed0f04e1409c7d359,1.7602,1.8222055643573705,615.983,614.0459345801398,1282.48,1266.233790785117
5.1,117,J1_J2,rand,0d14f2b9c86ca820ae3d57bca5ccebf556bbcb41fbcf86f43aec721f087cb448,1.841,1.7996386910830071,615.602,618.1464687371281,1222.77,1223.5217622971384
5.1,117,J1_J2,rand,debf808c14f7eff7157d761d6028b61e540b6df57ef8e1a2d83b83f08621a4df,1.8353,1.7949352577978825,618.635,618.5726532148562,1225.45,1226.8013879878388
5.1,117,J1_J2,rand,f3f84fac70bd6624337ee5e89d94f570ad6a313b1f5767d438718b9aa23e4230,1.5432,1.5542342594760843,629.88,630.0762529836325,1284.0,1273.8070106812183
5.1,117,J1_J2,rand,ff4558f667de34ad28ca1b617af4aa59974ad3dde83b07b0a62bdbb90a09fe29,1.7474,1.6982300314897953,608.322,612.552604942921,1216.1,1220.1907095394636
5.1,117,J1_J2,rand,7c847b10992809ae51c396642b3a4e2701211a36ce6a294febfb7a1e6309cd18,2.7104,2.592517534954477,620.417,618.2539734458805,1337.03,1335.684807975324
5.1,117,J1_J2,rand,807f2a1cfd5861d520508435934156b94b3725b0e004838e23215909d5aa577b,2.157,2.166411142563514,609.475,612.795228805311,1255.19,1279.2136541710906
5.1,117,J1_J2,rand,3cfa5898c71cc8821302c8df71a97dbf2486e1876250f32868e9dbd2d719a7b6,2.2645,2.5985834695369197,615.61,614.6718426151871,1224.82,1252.8164165929218
5.1,117,J1_J2,rand,b8f8593a24a436d32ceff8a27b1bf91e8f226569bd6fad0df767d15f91da88e7,2.1226,2.0851245646869305,619.534,618.0497539529889,1244.07,1260.0329972941286
5.1,117,J1_J2,rand,843dfcbec9929540ad65df65fbe2b4f2d96855568771cb5da43a3eaa9b509844,2.0625,1.9301450920651324,623.501,624.6125848762623,1306.31,1303.7051766358727
5.1,117,J1_J2,rand,6284cbc4906943fd47c96db7c2dd48d9a1287a7b4bfbe7e00be7d4c705831dfa,1.9243,1.8894801583797498,618.185,618.6355326691679,1294.98,1291.8985970928745
5.1,117,J1_J2,rand,3e080063424338b630323f22e30fb17e073e57f2ad69f159519238e0ed655d29,2.0214,2.030245680255316,608.008,610.580177892978,1317.86,1286.8856834808998
5.1,117,J1_J2,rand,8636830bc317e57ce3424b892d1f84791e0f773d8439e880adbbe0fa1602d93f,2.0695,2.0681722799682896,612.908,612.3391854996962,1236.89,1220.4200607754165
5.1,117,J1_J2,rand,98c278a302e3580df03b3f142d4c3b8c4276561a8d0f6a5a3e65d8057850b0d7,1.6091,1.605286971509957,626.274,625.7362335995873,1267.01,1270.214087012011
5.1,117,J1_J2,rand,ba7096c06fa1e670476cd2262b67e7f6ad0a736199a55790a1e0df48fc79f32e,2.0718,1.9574072132656473,612.289,612.8270854404213,1195.54,1187.1041956029378
5.1,117,J1_J2,rand,7fc20a2397323f1f71a4bd99203ec7f6cf203c79ea40e89641143a37b642a9d7,1.6999,1.66545285154575,618.699,616.8509869234883,1191.05,1196.3305352300397
5.1,117,J1_J2,rand,f58e1a7a0e41bfb97ba379e1671d09817f9abfaf378fe00e478022dbfb364b08,1.8695,1.944900465996593,612.96,616.2373716673242,1307.67,1317.3665812821519
5.1,117,J1_J2,rand,ccbf3587443f4a5f97a6c877ff1516ca3c54c042db6256fd28ace8487bccdf6d,2.0523,2.1106407978128705,615.946,615.9824642855681,1191.82,1214.4657195841514
5.1,117,J1_J2,rand,39f6afdb1d6148087d7bdcabf66e2f9da31c7b9f63a150b7b1e6fffb69aba6a9,1.5416,1.5498838857947588,628.28,628.8042486359316,1267.0,1254.9652923751544
5.1,117,J1_J2,rand,b171015f65864211dc4a7357329b3382b317f16c21d8b9816baf4c7c3b88c910,1.9019,1.9064642768392175,621.365,620.6871391356578,1278.7,1297.2280897412886
5.1,117,J1_J2,rand,7f928be504cece517dfe7c31082238083a01578558513a3848a2bcea7cec1fa3,1.8584,1.8584492231594565,614.043,615.5749226145161,1165.82,1180.6190830990224
5.1,117,J1_J2,rand,f86dedba550cda3c8bfb97414578abd0a4b048149ce1c63396850ce58bca42bf,2.2891,2.2279050576174617,606.905,605.7095979189734,1280.38,1254.022717605824
5.1,117,J1_J2,rand,445539c87189d3c8b995ebcd4e5f480fe591f5a02e107976fffb50b6f45dc939,1.9935,2.014569676461541,609.606,610.2712514239298,1271.06,1255.370085226037
5.1,117,J1_J2,rand,d053a8992e80d4965e46296da079210338f2b98856943f49f3f4ae3daaed814d,1.9758,1.8223044406323003,623.768,622.1225200071062,1257.29,1265.1839561075474
5.1,117,J1_J2,rand,c21c4722d5950da5ea8ad9f5cc4206ba16d8fa78fe8d17d51f6798d4b087c637,2.0739,2.1655296896016183,610.845,606.3535960629798,1246.04,1246.6570051254548
5.1,117,J1_J2,rand,9f3f717f40f56d8503c69a5899049f232ef11926921b3660522f52c4138aa8d4,2.0032,2.023597926490452,611.649,615.3006949864064,1257.46,1233.7581767889935
5.1,117,J1_J2,rand,51aa0e9c332b24f172cfd3abd0929baef1be5491f22563c61932f9d972349bcb,1.9137,1.7972818463618014,622.689,621.4738269949524,1279.57,1267.9236442021215
5.1,117,J1_J2,rand,701e7a080c4326418f3090319b552643a86a0a98458a138e12974585d9502067,2.1644,2.145870344375591,623.665,623.4738436358326,1274.34,1286.452406232786
5.1,117,J1_J2,rand,544ba5b6d513b78c6a32bf71d3162551e5a14d0f0ebef043271ec157182011b7,2.0392,2.04640915073226,599.515,600.738836867589,1138.69,1169.6292763335614
5.1,117,J1_J2,rand,50188d831d9563a5bd2c88a6337bbc5289544c6a445f4522e25076a2f1b4608e,2.1238,2.0996615343331864,616.896,620.0284880666958,1345.26,1348.7770629385618
5.1,117,J1_J2,rand,1a7845c53ec8b527b5e69836b1344e77afd6bfde8b37e544bf4e8985e14dc2dd,2.0673,2.0507818790954127,613.908,615.8646316823267,1360.54,1374.459231757104
5.1,117,J1_J2,rand,00be37663bfd261874cb750cac02be3d451b86c95fd23178875af1b90e577c7f,1.6084,1.627262235047601,621.387,618.5638380084398,1190.87,1191.1532600649598
5.1,117,J1_J2,rand,56f0a22cf9931fdd1be03d13bb92b5c3bf2a0343039625318d538cc32dbcc652,2.2299,2.161180860441613,614.469,614.334702902813,1266.31,1268.5933700639744
5.1,117,J1_J2,rand,edd7654dc6cbedc7c8a271f39b87c764327190557549e47a4110c94c467e9684,1.5395,1.5607215197366058,623.72,623.8385783936359,1209.0,1216.1799868113105
5.1,117,J1_J2,rand,00001e0fec99f407494c2089eb1c525acfc17cb01b72a85826b6f630c619b379,1.6489,1.6435172555430402,613.932,615.7038433474023,1205.3,1219.1365693585353
5.1,117,J1_J2,rand,f385a351958cf06ae44cb08316c88be54e794223fd5b5f8fa64868e84a2e6a80,1.7358,1.714958994952343,620.974,620.7067371424293,1177.15,1188.2535431152683
5.1,117,J1_J2,rand,7222c2cca78d940368a1038598f628d7566d854120b2dc85a068ced4ede99ef0,1.5816,1.5849883661476754,625.12,626.2045573793241,1263.77,1274.5172912698752
5.1,117,J1_J2,rand,bedb501b7b75711a34757d819568058472e2aa0e98432ec48e6dac6ab1afc997,1.7116,1.6507713208551635,615.85,617.6081073777838,1212.45,1220.445584008038
5.1,117,J1_J2,rand,7ad227fc571853325ffd97e230c508827b0016cde1a139c5e36846ded21fb7ab,2.0526,2.020575620865256,617.34,616.1728360807356,1278.01,1278.8760799537786
5.1,117,J1_J2,rand,aef9b935faa751ee6bce69d11970b138ee0c0291268964b41a5a6154e7182f9c,1.7851,1.7998196193011227,607.476,609.7672633413923,1300.15,1293.3680313050172
5.1,117,J1_J2,rand,559694e2018cbd61d555e1329275a278436123676025674917e804bbfe5931db,2.0808,1.9461280774271978,622.828,621.3787522548857,1370.93,1341.8730862367026
5.1,117,J1_J2,rand,d3c008df52ce3d16254ccea8cd466675946bfb6579037200e1ad5e2de965e640,1.9606,1.9871131142560294,611.419,611.6304107222123,1308.33,1333.9382182212942
5.1,117,J1_J2,rand,d668a1032eeef70f223d50120ea38de80d65d364b1cf19b2350519b3f4b891ee,1.993,1.9842211385771156,609.975,612.1349653113105,1335.74,1337.6852931670205
5.1,117,J1_J2,rand,36baea56802c69ff904f87b04a6fe99c452685212d55a63c407c9581a76b83cf,1.6278,1.6459616387076084,620.705,618.9592621002747,1231.74,1234.3291375206063
5.1,117,J1_J2,rand,948ce7bdd42b703af29f7e29a246df983bfe06204b6f0b954c9a4ee5d4363779,1.6516,1.6306787749688425,615.035,616.832933949133,1235.59,1244.7227689783142
5.1,117,J1_J2,rand,ad4c0216be7458da3e2e45140a3e14c6b58d92333e569f861365c5ca9d065d43,1.5442,1.5506631231715704,630.85,629.9860290992971,1275.0,1266.1330268994896
5.1,117,J1_J2,rand,7e417ec4dc3378938fae51067787360e79f5652e6067e3b008d660b48d591e3b,1.7143,1.6968374496986875,616.62,616.6436282872619,1197.08,1207.551621172641
5.1,117,J1_J2,rand,95c162fb0e3eedaeff166de246c4149cf5df964150807708fba3755d173cd5ce,1.6823,1.657581414644008,614.052,615.7899525787923,1222.05,1224.9560519873555
5.1,117,J1_J2,rand,5551f6e171bdabf3e6cc69ffcec7204de67f4c68b16aaaa5398457e5a5d70ba8,1.7288,1.6573906640470586,621.948,621.9473654049384,1237.02,1259.2094470321274
5.1,117,J1_J2,rand,6c0ee6bbc46f8b1ab2f2ce72d1103aa03b272a2b7037436bf9978eab3847c294,2.0179,1.9844323776790336,619.334,618.5882350622924,1304.65,1294.29575218119
5.1,117,J1_J2,rand,e82a79f57ea83ac8841e5c8a18baf6ca1ba969b01686e71051a3f11fe9e57a0a,1.8459,1.8758600245887034,610.573,610.7475874466281,1270.55,1275.6824067440684
5.1,117,J1_J2,rand,bed64778cb56d3fca636953035cf47b97ee7ab27427c7141c0bb8fbf210ef21a,1.9376,1.90207727620882,607.509,608.2298005622497,1210.7,1214.6811004078702
5.1,117,J1_J2,rand,756796588254b6cea0a374c1ed2516a65c88b72909177601aaae02e8133b069e,1.7793,1.8108340490459907,620.138,617.8177910285536,1250.28,1252.575176218317
5.1,117,J1_J2,rand,bd3b98e0c3fd6cce20e955d222f119555841e3cabd8deb388ba769c17922e118,2.4786,2.402089859233456,613.775,611.4348375182835,1221.68,1242.2174381181067
5.1,117,J1_J2,rand,c17a4c0b1e5ff38e3a25febf47de9c5b70e369263be399e56a0fb87d22eca17e,1.9102,2.0643989673617793,623.156,622.2431043852889,1286.48,1309.2120098508267
5.1,121,J1_J2,tail,0a3753178f286bce0ddeffad155fa2a3ce4967185b8c94ef79960b487a7cc9c1,1.49,1.5065177649263297,632.459,631.6487594373984,1279.38,1275.1277935659105
5.1,121,J1_J2,rand,36981c77e88f234c466fe36bab52a0cb79b0a4a0ee15c649f85445d8fd579116,1.6287,1.626201934093061,634.228,635.1039794243518,1272.71,1264.9219849712874
5.1,121,J1_J2,rand,8cf80a3c6b8f2300a6e0af33305bfd003dca717423e1a93e1232af547baeaabb,1.8401,1.6941569335195112,633.901,633.6105049104991,1320.08,1307.4973231695144
5.1,121,J1_J2,rand,465425b8e1e21ce18f71110cd3147f74af6ed433d16039e7990c2587107f37f1,1.8445,1.9112939144823724,627.706,630.1238996000204,1271.34,1283.571952586641
5.1,121,J1_J2,rand,85347319aa4302ac68e4809e86670dfe9dfdfb3bad63f3a75bfca9e91ec96d75,1.7626,1.697696118728807,642.122,639.8796743942218,1278.26,1269.7592227159473
5.1,121,J1_J2,rand,2e50a22f8255490e920003d17a1a63ee3b0afaf3f53090dc78c64aed87fc2ac1,1.7086,1.638991926196165,633.096,634.1947728153818,1300.91,1290.0858534233219
5.1,121,J1_J2,rand,738a55a9b5ab4b83047ab0212f4fd96e45ab35dd22c161e122272b225ff51cb1,1.8903,1.875947990428997,634.209,636.1956733224661,1306.46,1300.5256179718447
5.1,121,J1_J2,rand,9fbc2cfe101be0d23fec649e376f501cb5743e3fc839bf2652d5699bac838775,1.824,1.6944109037523394,634.233,633.6619206920807,1326.91,1305.1104691868227
5.1,121,J1_J2,rand,051593b16382b5f2a664fc0a0f87768f64daec77a1c9b6b899fc37c7c1398383,1.5546,1.5401000211537887,633.739,633.5796279312118,1280.92,1278.276731085019
5.1,121,J1_J2,rand,052156bb9a5606a19176a9f4879abcfdb27a179bd86a53e2cc0e1300e408384b,1.609,1.6240384889611,633.277,633.4902158771554,1297.79,1297.0515913444065
5.1,121,J1_J2,rand,65956bfc9a179eb0bfdec494513703c97e187ed5c21f6ef30e6445d9d1601eef,1.5494,1.563845501360829,640.04,640.305894059099,1223.0,1239.5799763177788
5.1,121,J1_J2,rand,86d7e44d96fd215d73ce8a0af0e77d54cc6546c25610eb331e83c3af82b2a56a,1.6252,1.6178612182819772,643.534,641.8073421802196,1325.25,1314.9137018932008
5.1,121,J1_J2,rand,d37dcb07d6ded7c5a60d90629cde1e00b9f0187a4ce0ab9e20bf93de1ed3d798,1.5209,1.5595578161706325,644.41,642.6620003384313,1311.22,1299.0767972077915
5.1,121,J1_J2,rand,5bfcb410fc7a8e89fe32066a6fced52857c0c4cec07906d9a7fc4dc017bcca8a,1.5152,1.5102824379997737,634.577,634.071421562582,1283.34,1279.1677011863492
5.1,121,J1_J2,rand,a34caedff619c74cf3bac69be3fab0c5a809a063c313ee4d017b16a952c08d25,1.5444,1.522272206422167,634.542,633.3311329690675,1283.53,1277.924666487443
5.1,121,J1_J2,rand,899c257a472d0cf08f0a938c315ed955e37edc93da619e1383157b05906573a5,1.5998,1.5858329626766026,636.569,635.0917274347389,1277.85,1271.1707480013436
5.1,121,J1_J2,rand,f54f8686cadb87ee3d38961439f62c2a73e27dfdbd428262c3652508ec72f902,1.5326,1.5772100649478527,638.87,638.3450729046444,1240.0,1249.9356560852432
5.1,121,J1_J2,rand,e669e4bfb3b60502cdc04a1b31cbbccbe7e40e0cf0e8741898f6af2bae196811,1.605,1.6094073021725928,636.385,636.188712686525,1324.14,1312.7018364019063
5.1,121,J1_J2,rand,f88ef0d6aac6893e54fa518ae60a69135521c28b53ebec406a898edc952fe37e,1.6267,1.6182653423083457,637.029,636.1630986268647,1309.76,1292.2533202935233
5.1,121,J1_J2,rand,66364220b8f9a51391ecc7affd057578b7bcec70acb5297f5d6a88db7c4d4b74,1.5011,1.5195505526424462,632.308,631.3196159841402,1280.29,1271.4176157443733
5.1,121,J1_J2,rand,5877edf9af00ccf2f7960a2d392b54b24bdba740f79c181f2458de9de7d4904f,1.5297,1.5197608045228528,633.954,632.7916712122958,1278.8,1274.9727057470038
5.1,121,J5_J6,tail,a2be03ca4d674b3ec5f4732d0114ec204401198676da4983cead326d97cc93df,1.4712,1.4845844160027335,635.035,635.3865573239111,1302.34,1301.3784805916914
5.1,121,J5_J6,tail,75f52bec21eeadcae8f2c5450104b28c9326b8ae435d1bdd549e526e276269ad,1.4717,1.503840269675757,634.628,634.5862458265426,1293.45,1293.1194723782332
5.1,121,J5_J6,tail,05aedca56c251e0178dcaa87cdbc22523f5f96dfc072363d20af6124adcf4e6d,1.4752,1.4971092397771018,633.41,633.7919810625962,1291.04,1289.6103832799113
5.1,121,J5_J6,tail,c50e405e87c3850ebff5841b963a5904e84c87cfe9fe7dd175140fa0f680df7a,1.477,1.506625966234592,634.163,634.9566412998979,1285.77,1290.168078151394
5.1,121,J5_J6,tail,3b4fdf654f1c75aa9ef0dfa22097d79009b2ad6a3e7201e0b54c5f2811de1da2,1.4772,1.503149861284636,634.862,634.618843392435,1297.53,1296.26320269317
5.1,121,J5_J6,tail,d3dc556a8e0262287a9a60ce1e425f78394046493527b61f31b1dc08c188f368,1.4804,1.4966059710537636,634.489,635.0047989531438,1287.35,1291.983149957753
5.1,121,J5_J6,tail,f3ee4e422cea095d9c09b602b90b3975be9126b38e5bb4e7fc07476f15b95955,1.4813,1.4953610104162194,635.056,635.413122462011,1301.22,1300.091319204303
5.1,121,J5_J6,tail,3ee163bbb9d09b5455bca94586139b4593b428c9696bb0b78b7a7f9c64e393fb,1.4823,1.5003653502684497,634.23,633.7861580941021,1290.77,1289.7101321620053
5.1,121,J5_J6,tail,2d76faff2a20c1dc2d2ad7fe7683488e98284f82b79c31878dc83ee141433def,1.4862,1.4984699962386858,635.541,634.9524284294873,1301.07,1301.760494874913
5.1,121,J5_J6,tail,f9a700565e3cd7c72e346fb7bc96437d5986bad5eb6d5615c15ae26c4a121a14,1.4866,1.4897687822668548,636.297,635.4997648196826,1301.05,1304.7905636779321
5.1,121,J5_J6,tail,58cf132d4a3d5a804e69cbc36fd2d02f1b1926f560eafe9ccdebf3b10819b295,1.4869,1.5133529817215063,635.42,635.7479727559756,1301.96,1302.5764538546762
5.1,121,J5_J6,tail,46b024a52ca54d7d33082ad1ea68a78028d36f53e0cc12852b598f53883ebc84,1.4872,1.4974238428866737,633.641,633.9437296613748,1291.32,1293.1517542115316
5.1,121,J5_J6,tail,d0a00823cbc1167560de4d64abfdec2fa06abc5c152f8cc29c7604efe52a03fc,1.4881,1.5005720572589567,633.669,633.6398412264143,1291.64,1292.8046607707945
5.1,121,J5_J6,tail,0af466494ece972ddae548f2e5872b350cce916be45c1bb6644b5dda2abf0292,1.489,1.4829554686655615,635.781,635.284632282932,1301.86,1301.977002209937
5.1,121,J5_J6,tail,c32dc49cb6a8cf783a329080be7067226dbc36180685f391e796c1954daff474,1.4892,1.5054418673656897,634.834,635.7346771974886,1303.61,1302.7836656457162
5.1,121,J5_J6,tail,2ec5803afe128491a77094dce9bd19a2547a583c0491bf7bf68052deaf4aef1b,1.4893,1.4844874714806102,635.216,635.4714743438782,1301.73,1302.7116192786546
5.1,121,J5_J6,tail,988e3d7e313cd3322f9226130d9baf4cb1884572d9996f4594b5eb9d19538e45,1.4896,1.4939299430589437,634.843,635.2159949768607,1296.54,1294.4793835537362
5.1,121,J5_J6,tail,21e7699a16d1748c8333b627de6f42fd3a2ae1e5723b239e68578a2bff1f7e99,1.4896,1.4969532880976086,635.141,634.5128955487055,1296.04,1293.7738097489046
5.1,121,J5_J6,tail,450c1b9ce1eb2de34c5e8f976e1930c7c7b15e30a488913bae9505b92ff3ceb5,1.4897,1.4916276192354339,634.823,635.1149236120467,1296.76,1294.9791004792207
5.1,121,J5_J6,tail,e519b1047d1a31c5aa3dc8c4b32f505ceee7f2e739c3acd952f4e1a5d032a3a9,1.4897,1.4871412324021196,635.23,635.5251214590462,1301.8,1301.7074928067
5.1,121,J5_J6,tail,b63155cef57b77896c36bb09f6c7a872aba8fa09d28356ab2e93c7f7cbe64f00,1.4905,1.491015351016704,635.452,634.8109127685926,1301.37,1301.0240602417293
5.1,121,J5_J6,tail,6c457180d06c3755aff0b27c7ede28f879c19981717e3a78c2a342ec045f9543,1.4906,1.4945442419596358,635.102,634.9506736342561,1301.69,1300.392024623106
5.1,121,J5_J6,tail,c2bc2a8688709f1e27bde88abdaad8a8cd20d919ad1b84d514b05261a5bf9621,1.4912,1.4856250876872517,635.218,635.4916252905599,1301.69,1302.8322158612236
5.1,121,J5_J6,tail,91da32968f9f9171775a756161c03037e5df2e7a29704d0e4034e1fda1e69853,1.4913,1.4866276224602333,635.227,635.2364342181043,1301.53,1303.8901752880042
5.1,121,J5_J6,tail,76ea95061e8a8ad96de3a58a573d98b13ce711ad5a5f07ac69696cb9d22d4223,1.4915,1.5091459838596883,634.015,633.8469093730911,1285.71,1284.1506839964652
5.1,121,J5_J6,tail,dce2783f61e8050069dc8792349762ab1ae88160f2c50eabb74d9c885899c557,1.4917,1.494252574991997,634.822,635.2410232166106,1296.41,1294.8449925472955
5.1,121,J5_J6,tail,39addefc8538af9480b2912d590467f58b10b7ff1a07cfc065f183ed220689e1,1.4917,1.492345083822643,635.129,635.0540284754916,1301.13,1301.5606996910844
5.1,121,J5_J6,tail,199680d2725a97ab87958fdb7f540105e0be7322c43d99488bfe49dbb4421ce6,1.4919,1.4876444776493656,635.228,635.4358637466868,1301.29,1302.2592534482244
5.1,121,J5_J6,tail,b19c19405e85339c2ef75cdaef392a1bc9de17caad08e8e8963c28647d031b9b,1.4921,1.4951029612123976,635.176,635.1262501895899,1301.62,1301.1333926455545
5.1,121,J5_J6,tail,e693cc3ed129d4c88221823575cacf787bd9ce7ef359be8fc0a586d329906807,1.4926,1.4946161727056793,633.816,633.6650846880711,1298.96,1292.2867493168615
5.1,121,J5_J6,tail,fa4ab5fff8baf0e05b4b1550dd991054c2c1484863fb894831c3e5e8000722b6,1.4926,1.4944078458648207,633.811,633.7316586985582,1298.96,1292.817582001818
5.1,121,J5_J6,tail,e31182acbba7223720030460f5f17149263eda67cfad594ebc32616e1f86e1ab,1.4926,1.4936972362964904,633.838,633.5873165953719,1298.63,1292.4432817454476
5.1,121,J5_J6,tail,1f9669582e3208da63aaec3474c126ac432877feee61f584e47cd8e621aed272,1.4926,1.4939006566341102,633.844,633.5765543101728,1298.73,1292.450887190526
5.1,121,J5_J6,tail,2c138709bda30431884cb95cc7df7aa9b4982c172c3670567657e63762329403,1.4926,1.494461535687341,633.8,633.7849237540449,1298.91,1292.7862160321727
5.1,121,J5_J6,tail,6868967d7d410362590d0060297920b080dad44ed75ff49f89d09f2d138228fe,1.4928,1.4928024215718838,635.193,635.2112262726383,1301.21,1302.5626356437863
5.1,121,J5_J6,tail,60d952ac93420c69aedd2f091e2cb537742903fb2ad48b433a3f65dd84bde4d0,1.493,1.4913939851673448,635.354,635.1181290899249,1302.38,1301.1990326879911
5.1,121,J5_J6,tail,2628b8dba0aabbc8dd763a187f2deccc7569d3353c7cf3459dd65a412d713da4,1.493,1.4980438347396883,635.327,635.4009399983606,1300.62,1300.8764031928742
5.1,121,J5_J6,tail,f564653e691c259a87abc3ef5c22711518a2866f89b45a7af459e81dd3ec28f5,1.4931,1.4916988691748079,635.072,635.0768560603589,1301.21,1301.4855233363837
5.1,121,J5_J6,tail,4afe0ad082b15a1f7a4b1e882ffc8f96989ada0dc9226c0a2665f5a0418da34b,1.4934,1.4881600947971225,635.27,634.7331621431707,1300.96,1300.7593378784109
5.1,121,J5_J6,rand,b404398e7cd2ab3c1b688a9cfa6bb9f9e3a6967f5f6885311b12b40dd51c9201,1.5064,1.496323213263058,634.997,634.8486861890962,1297.28,1296.6547816143354
5.1,121,J5_J6,rand,d018ecf15d1a3de63fd1fba4026b5ab0efa795d8bcb7a070ca0b92f784a1b508,1.5693,1.551182368190144,635.61,635.3793559207978,1289.35,1290.8686619156001
5.1,121,J5_J6,rand,5682aa57d4d512fe9f96237cb0a9aecbd6f88f6bc5b8c66db9ad7eb0acad62d1,1.5426,1.568142647416122,639.97,640.3461882590225,1255.0,1248.3944605577872
5.1,121,J5_J6,rand,fab62fcf1a5ae43818e5601bbaf406a075277105ac87309ae29f40611b46c44a,1.9891,1.9192486532862425,641.133,639.7640706213099,1409.88,1424.715154896124
5.1,121,J5_J6,rand,b86c4d2d5d899d3a7fada6fb1ad810f5c01f7d2df93b7e14f654ce0afe75b711,2.2564,2.157771214416438,633.36,631.6721776216706,1363.03,1351.9153884796667
5.1,121,J5_J6,rand,c78033e506dfa7623d4865d1795c7ec5b33c117a3bb518711ccac0f408bc93b1,1.5585,1.5560596789082872,634.578,634.9933376067881,1297.75,1294.2839316408401
5.1,121,J5_J6,rand,96d4cdc2c1f55861171bb86448dd711f2a927fb352951b643d8f4b7a8dde479d,1.6308,1.5393354283117875,634.383,634.5320741854368,1315.09,1303.524991179645
5.1,121,J5_J6,rand,2da343f139d299bcd3579b312d30336d1aab89a4788e97f8bd79e68d1e86e41b,1.573,1.5535543573168145,635.62,635.6961187012182,1288.8,1292.96460644382
5.1,121,J5_J6,rand,49b51266fb5594cf2ab6345b112def513aa9dbcdd852189ad64092c8b4256538,1.507,1.4893426794580875,635.347,634.6691163730271,1300.86,1300.6804886272048
5.1,121,J5_J6,rand,a393a552a979b9114c2363adf9c8164e11e5c7b81244615411237d56f2191dee,1.4965,1.4867705214325462,635.119,635.4386574008269,1301.51,1302.5510882082426
5.1,121,J5_J6,rand,c9b263cc95f8f8ee941eab0ff094eba963d4ea06d2c95e3dc6247e4d3663b841,1.6286,1.6071696432446365,633.633,635.1033180231011,1310.48,1317.933235425558
5.1,121,J5_J6,rand,35008e3470d7239c85e36bd6eb46fbb48759f15bc4b313958e4fb13560794f78,1.5025,1.500656324691373,633.692,633.7000944510078,1291.61,1292.9585353064083
5.1,121,J5_J6,rand,67258637e8e01b093ba156130c29b601ff660dfcac17def00b7ff392afba8ed5,1.5033,1.490209651537522,635.383,635.3376753707736,1302.39,1304.0257136667692
5.1,121,J5_J6,rand,b0c4653a91c4ee4ca328921f9837a503748b1c0016e53a67f3ec8cd404ca427a,1.5815,1.550406319015222,634.09,634.4098919138353,1298.28,1301.6583005424459
5.1,121,J5_J6,rand,68f8ce1b0e931265a4d6b73ee0fb1a8ad21e4e2abba5526677893f3907f56c80,1.6006,1.5644286005351857,634.211,634.8805879609175,1294.64,1294.257192198927
5.1,121,J5_J6,rand,5202b3491c8e278feb1efb4f40ca75d6d9e6173506f77766d6e78d44b55d3669,1.5499,1.5551171607646332,640.32,641.7937963516412,1248.0,1265.1251745157683
5.1,121,J5_J6,rand,50fe4909417946de67b10c78a4407a369c698f496800fff745c3829b85e9530a,1.5704,1.5568392847111545,635.682,635.5477943548912,1289.68,1292.6119422860177
5.1,121,J5_J6,rand,af8e7052186b93227808930f16163f58bb6e91a9aef073b9ab7e7cdd406ccfd7,1.5578,1.5548619286918575,634.774,634.9851416050701,1298.36,1295.660672991205
5.1,121,J5_J6,rand,a8d56f50cb6cdb1f5b0b11c1dced932ecb7f94ca7b7fd5ce247ef85e4a263e41,1.6034,1.5667601873074368,634.446,634.0947851941219,1294.54,1292.4778437959853
5.1,121,J5_J6,rand,26fb56a2a94924cfdce049d1314922e5d5102b2521c762f315d47c145441df31,1.5472,1.5636680573190633,639.59,640.9035214299818,1244.0,1257.0741806542833
5.1,121,J5_J6,rand,cfdb2bbaeb496ec1322272877ef77490cd55202d54bfb6a1b9162f70ea8bc2cc,1.5645,1.55464668814189,635.709,635.9437786386968,1288.88,1295.0440087749241
5.1,121,J5_J6,rand,e10e950a08141fe7fc7837e61bf8c27021f4456e33a0516e8e05ba4f1cc2274c,1.4966,1.4895992966202942,635.12,635.393634013626,1301.84,1301.348190997886
5.1,121,J5_J6,rand,9e7bbd0aa4d11881b410bbcfccd0183bc69a5897f42e6c8be36fc40fe67f9b9f,1.9868,1.8672569973607427,638.187,637.3400925334098,1333.57,1328.6318636425874
5.1,121,J5_J6,rand,99c95322a051548126e809be902ff77955adc6a3d67c653ff5bfef1ad9f36022,1.5474,1.5671199232039765,641.32,641.5038540845726,1241.0,1253.4914117413534
5.1,121,J5_J6,rand,29c4e8b748577b22c2e83162b63a4874bf7fcfca3f86b7387bc59c7e7692ab78,1.5264,1.5592655857767848,641.29,641.6669062390762,1247.0,1255.8074468031164
5.1,121,J5_J6,rand,ae035166325830f7ea366f2fa328264b46716f345678943593d808933ea4005a,1.5588,1.5624606232146627,634.601,634.9266349601666,1298.38,1292.6464760108754
5.1,121,J5_J6,rand,cf011adfb4169f0fb73fcc4e80cd64181c4c55affa474bf385afc5a66749a9cf,1.8439,1.7872499445051766,640.196,640.1479902795301,1378.79,1355.1051716293246
5.1,121,J5_J6,rand,3e989f2fb9d452fa04fe8673fe29239d01908f6868f7e353235d673b4b72d7a8,2.2419,2.077589449182505,638.592,639.3113995425199,1399.89,1408.6812880730631
5.1,121,J5_J6,rand,139d9bf8ab679029fd931dc23c22a9f8a2ef37c32f28568b77950b497cbb87a0,1.5432,1.5749080110994014,640.24,640.6034256330887,1243.0,1251.3352704222025
5.1,121,J5_J6,rand,4255fe5a7a04047f5fddc1ade857ae4d79171621108d5bc7454624674138619a,1.6755,1.7122661502975223,632.621,633.3838907858056,1388.03,1389.4487509182463
5.1,121,J5_J6,rand,4bf3d308b35d5254050a2578266b004d0ff21473fcc17951ba7b8b9821bf9b16,1.5895,1.5578534518877476,634.312,634.9189666442264,1287.78,1290.7839067601153
5.1,121,J5_J6,rand,c7bbe64e38b53fe9d5888e142247364b1834fdcd75433d0096c54a6a2e3ddd70,1.5728,1.5535916256129447,635.616,635.5346765037452,1288.75,1292.0198458761834
5.1,121,J5_J6,rand,6f13edb0bde09a167ee74146a09b14004cc129cc331fda6527941954c3754762,1.5295,1.5509492505960796,640.26,641.0450717266873,1236.0,1251.2384957365073
5.1,121,J5_J6,rand,7afef5350963861d58ccbf547cdd62aae6d390ab78943ccf72ada2725f9c9d8f,2.0285,1.9873400678818325,626.228,626.213829689556,1254.21,1257.516448379796
5.1,121,J5_J6,rand,7d521d83c7fde0d1a48801719ff0f544aecdc407cd3890e25273e69abb0aa6a4,1.5678,1.5555321241677227,635.586,635.442358687255,1289.8,1291.7415932797217
5.1,121,J5_J6,rand,b77209111044a07025a670505cbf6bd8811406dd50fc85cd248e9d124c246778,1.5783,1.5551840089367481,635.448,634.6083697718673,1298.58,1293.6002535866428
5.1,121,J5_J6,rand,131459c30411cbb8364b48a160bcab47f5b07cad984f890f03877027f055baec,1.5488,1.574334689717384,640.31,641.6981729859892,1255.0,1266.6705291972366
5.1,121,J5_J6,rand,646ac378a924159abb3ef62d43fdae757566d2b06953a9db3f3ada52a89a39ee,1.9213,1.9333745876216333,630.104,629.4965724610207,1322.61,1339.3451031895463
5.1,121,J5_J6,rand,8db1defc6a6a0ac3a8d4408352d3381c1e32323691acf6021f41de22b8c59661,1.53,1.527488641028029,633.466,633.3816667282141,1295.96,1292.2221337198514
5.1,121,J5_J6,rand,f2925adbb9f60c86748d067454addf2d81d5d5954d317799cb7f446247c83651,1.4943,1.4851247652134658,635.13,635.5058475029039,1301.13,1303.4675183749398
5.2,109,K1_K2,tail,0c1792ca0ee6de18563a019483af437a82a804ec3f5d4e10eba0e35ad3beed50,1.7254,1.7143243732990612,603.953,601.6190226068647,1263.11,1248.729244374737
5.2,109,K1_K2,tail,80cb2e7b93e529da41dd4657f4bcae19d0540306d90fb4704c4a8b78276716ba,1.76,1.793078320334024,605.305,603.3154174917743,1265.78,1246.1999735939885
5.2,109,K1_K2,tail,e89822d9d675332d4e2c144154a141666b4d7165585d5409e281484aed6c68ca,1.7797,1.9881010515630286,595.194,591.6462684020039,1215.73,1225.2383330715911
5.2,109,K1_K2,tail,d2c963c5bcb5e130f103dc35f513d84b862e52731cb616a19ad98f0fe03a293d,1.798,1.8210869976692716,592.466,591.2063428904826,1203.93,1196.7364484655504
5.2,109,K1_K2,tail,e7cc0ae974d8d3babd572524cde94653f8d5be3702253fe8a5f695c6e87d99b7,1.8147,1.8590013103755487,587.282,584.7637470838583,1168.18,1164.982426446294
5.2,109,K1_K2,tail,00b508a2d49757e303a1254f52a88de8d91f6ceca0edb7b447f17ad85438a840,1.8171,1.824442712319586,593.509,594.0411008884139,1240.31,1227.057682055629
5.2,109,K1_K2,tail,eae8761b1302484610d2198873dcb75febbe320fb071871f943f0bb5cbd1efdd,1.8242,1.8324661493225094,599.92,601.0851004380695,1299.27,1306.395352962088
5.2,109,K1_K2,tail,b907ca7baf16f4a7ad06eb7b7519d5654b922c891860d9cd924110bcc46a20ca,1.8285,1.822589862053633,594.893,593.6351027980306,1239.89,1217.6710001959814
5.2,109,K1_K2,tail,e75bfa04e17082e3ef4b28da1fd925a7cdf66940efbb2791c2ba2a0d171e96bd,1.839,1.8845130087991506,589.928,590.1118300320943,1212.18,1219.9386361125303
5.2,109,K1_K2,tail,b548ef314fffdb39f18a7c7686eb57b507f6aac5dad7d656a2a78a7651ec08a8,1.8569,1.8894001412112242,594.101,592.6249612635676,1185.28,1174.2155089759112
5.2,109,K1_K2,tail,f712f741001ea468bc7795cd2ebd557cbfd83c04043f8819f867dd4ec9a8bb96,1.8614,1.8749736750609338,597.256,595.4710173362562,1192.77,1200.6820504554003
5.2,109,K1_K2,tail,ebdbd68cd871fb2cf4b46acc8eb0dba9a51bb2fe79c190b0c966cc19e1b4bef5,1.8663,2.013139535304665,588.299,587.9793413361075,1233.68,1250.2322629971861
5.2,109,K1_K2,tail,c0889241a78ecf5d12f07e40eba012ba2064f76e0efa7a247e79234c6f85ac9c,1.8689,1.8989938868577099,602.029,601.2417475217187,1222.44,1235.428346769348
5.2,109,K1_K2,tail,346b63694e7724e59dde1b6d8d83aabc994c4a6df70cdd2bf162cef2227cca9b,1.8854,1.8854147605928768,593.611,592.7050925247485,1195.14,1209.9954221249563
5.2,109,K1_K2,tail,6c51f35573e309f3de7efbf51bad26a3c8cdd3f197a590c72c37bf9573120e89,1.8912,1.9064336981240273,601.692,599.0581959852243,1343.45,1293.717884689552
5.2,109,K1_K2,tail,c6c95ce6ea11c6333b29161c160b655351e4c6dd7a08c124a8868609bb0efbcc,1.9141,1.9919342080531146,592.65,592.2605126974715,1140.44,1145.0756389677717
5.2,109,K1_K2,tail,e878ae0756580b27d3735cc7730acab48a65d8807329c6a9b93d1bfab5cfac57,1.9174,1.9072561607320393,603.336,602.2997758599513,1277.28,1276.4242531023992
5.2,109,K1_K2,tail,9b62311776716c179de43b4b17a71809510a07707392a5261d0819dbe9d430ee,1.9205,1.978827003880016,590.828,590.666942120623,1253.08,1232.5109433585
5.2,109,K1_K2,tail,6200648b350e69504d993cc97267174c4c6a434e773d011ad09b8ba4ae2ddcf3,1.925,1.9312522088739659,588.845,589.1826494456196,1239.15,1259.29645226917
5.2,109,K1_K2,tail,1a3f6e10369f0eace71802260a415eac871d42b1369605fc78b6cb22d33996b9,1.925,1.927859370688003,584.181,589.0235324592801,1252.29,1241.4290429359219
5.2,109,K1_K2,tail,ec3b8f22244893b4ec23963ad219b3e0c002825e2a80953341f7c22fe22169a5,1.9292,2.008076107207118,604.517,605.7024161441122,1207.01,1231.7822071986511
5.2,109,K1_K2,tail,48b4b6202d8e3367f7663224fe98b5503622fb34ce2168957459c458811ba979,1.94,1.9175637378165653,591.684,591.674714774028,1316.56,1296.0326767516653
5.2,109,K1_K2,tail,3b71e40a82b73c8ebd945e00400ad968884638ab7e14cc0e49d89669b26534e3,1.9433,1.951532028955821,593.646,594.2014000628656,1273.97,1268.8165325280665
5.2,109,K1_K2,tail,897bd97b78927ec3f18c13c3ca9e17a0d391483ea9851b2ad9d4d9c2b3fbba98,1.9449,1.9975976396241195,599.289,598.2770371242632,1295.53,1285.0356374959129
5.2,109,K1_K2,tail,6337fa7bfa0eebd6004a497ea53384df382f502dc269cbc9318716a227abdecc,1.9459,2.0113149616924337,592.058,593.5865322542832,1317.96,1304.2037162356364
5.2,109,K1_K2,tail,3dc6668877b6c3509e7e219a507b1d2ba75cb45350c02124b4199e4ea5ffa67e,1.9468,2.069596586035418,601.735,602.2432486248811,1394.23,1393.31398278691
5.2,109,K1_K2,tail,fc63d1f194b6bfc8253944a625649a31c104f782742bb657355e42a3a1d2c1fa,1.9567,1.963401695727475,581.987,585.1968771656129,1257.7,1214.0968342385524
5.2,109,K1_K2,tail,71a1813398dd6e4e4910d90451cd8d453bcc07dad1f171a2748acafe46c39df6,1.9638,2.004222369799904,589.25,592.3226877381287,1256.63,1261.5886876481159
5.2,109,K1_K2,tail,014e22b9fc6800ad51426b08f778c1636389cbea8b0894fea58afce643cceb53,1.9642,1.9873698877507782,602.901,602.7387528793415,1330.82,1315.6031406594714
5.2,109,K1_K2,tail,e156e849920b23dd83159ff4e5934b38417fccb2006cf214b5631d2748a7c3da,1.9724,1.9898853626559638,594.649,597.7371141384592,1245.38,1261.7201990593753
5.2,109,K1_K2,tail,c1f31e74b718cbb55c8b37fc9d4bd5cde55623c049ef47c161b14268823facde,1.9725,2.038507242817528,588.438,589.5870825971066,1262.81,1280.3169960431126
5.2,109,K1_K2,tail,53b158da39936f3b287aa04a3ba78528a0dc37dad973dab845434a18f6218c61,1.9726,1.9623717338521327,584.061,586.8932501404893,1164.1,1170.690759106823
5.2,109,K1_K2,tail,a53fcdfc61d21bbe70a93f5544bad35a5a92736d2b9b02dc797d74fd7233dffc,1.9738,1.9653187446008051,594.354,594.2055560965503,1272.26,1281.067314980439
5.2,109,K1_K2,tail,60bc0bcdcca5f91f2d08a7d47f3ab566b299e4fa374d36c3de7f065d73380529,1.9836,1.9784708095832981,596.658,594.9579550108117,1270.39,1256.4571460883317
5.2,109,K1_K2,tail,0073dcf26bc78e3f4ac39f4bbaed870764f88f7fc5a3933dc3b4475f1847d0bc,1.9909,1.9884146237337321,593.565,594.3989147061036,1266.27,1254.5019390918324
5.2,109,K1_K2,tail,efa3942491f840f757de78554a888002be5a6df86bf32104b135aa916a9c382a,1.9968,1.9898268382154394,594.035,596.0603354733157,1303.79,1330.0355217150086
5.2,109,K1_K2,tail,df3fbafed7351529225a8932244e3d9e8269fd3d8583b6a5964c0a82a1d08779,2.0127,2.013775204785402,592.21,590.8856724403297,1219.25,1221.3708027674247
5.2,109,K1_K2,tail,86485ab2b8da1d012c144edc7ded2a56f5cd36ae5041502ada807e4cb0779342,2.0181,2.046122339921859,582.993,586.59737775688,1267.93,1259.044215419105
5.2,109,K1_K2,tail,a9610671d1210e0fb55202aeefc10721720b018202a009e82b4ae6a187e23972,2.024,2.0472848480446437,589.98,588.6411375166351,1243.29,1236.9311454468975
5.2,109,K1_K2,tail,02578e67b63238e9ad3253d4cec68ec6176b98775322e37673b84cec9a434532,2.0436,2.169052529132662,591.676,583.9803102793869,1194.52,1164.7990001752316
5.2,109,K1_K2,rand,674275a1206a2463816aa886532961b5b1841177c181d7e567492f9d7f450866,2.1505,2.2192767040219925,598.965,600.4740921799948,1350.53,1318.0465926810584
5.2,109,K1_K2,rand,b0c57052d21da370b106a98e47d129fae077a4874fc2420a71b9a3bc31445cbd,2.6912,2.908686085782783,586.38,586.2645363558433,1327.13,1346.376101361504
5.2,109,K1_K2,rand,ef756f7739f14e91cc8c64c78bdffd0e448d8c391381aca4ad63f0126dd2bdab,3.4075,3.378344560077668,595.478,592.2313601783728,1242.37,1226.2335700009749
5.2,109,K1_K2,rand,e13649099585519d4b75335e7ee2d2e80a98ffa4e676a37b5849bee0f4a5f3b1,2.214,2.36194355465068,597.952,596.3750921780809,1420.0,1376.5446099664819
5.2,109,K1_K2,rand,7d61b5e31a7a985f9fa178f043d6e4d1a62590a2e1fa47d4b9718b66916d966c,2.3468,2.32290859084718,601.162,600.0782187882587,1353.58,1348.0117960783623
5.2,109,K1_K2,rand,cc44507b7b35d5dec6d43fd52b2a70246d2b26b7cdbd1e37ff63831ac961038b,2.4394,2.5391027558527695,588.496,589.0433495933864,1218.09,1253.5150710102102
5.2,109,K1_K2,rand,30ed57b4071eaaeb0bd9bbe1898f914f2a5c1e864024c256a6b810a95e927016,2.1656,2.2175197142185867,589.291,589.9337149704929,1342.84,1294.168700658799
5.2,109,K1_K2,rand,7b65d9e69de1bc7469d73878cbec7cb0435afa00a369ba4a9376544746fdfc06,2.2311,2.260509875684317,591.313,587.5879818778319,1277.13,1273.6868466157414
5.2,109,K1_K2,rand,e3935bd2e9be81a0fdb7f588c3d32681796a7e43900cfb454b1251aded84a85c,2.2434,2.3510650564522617,585.609,588.2275798466974,1285.98,1329.1650074755794
5.2,109,K1_K2,rand,a3475ce5763ba1b3e73c4d1d8e29fd7cf2e6643bbc4a55da8083a08de04e4b3b,2.3147,2.2225344811284256,594.955,593.3513346091232,1210.56,1232.8196885494738
5.2,109,K1_K2,rand,d594cccaa5447b347b72316fbf877716982e251da23a47647764ee9d486b5f5b,2.8359,3.153807191764905,585.807,587.0143424144167,1144.35,1228.9218753120417
5.2,109,K1_K2,rand,68724a49d98b818aa90dab9b7da0ee125bb1ee447f8fa86e8a8d2eabfe14c52f,2.1101,2.0402109881244295,573.686,578.0279682900652,1171.13,1160.4919469551583
5.2,109,K1_K2,rand,bfdb6fbbe42e061fbbe468e53c6e69490122fd312703d9a511283b3d9bbc0e91,2.1043,2.1183014604877615,589.092,586.8859988609142,1250.6,1255.1860831290728
5.2,109,K1_K2,rand,124575f913454d7b2ac30b87913a7007cedbabc7b9e329d0504e8f6c1bf87113,3.4076,3.2838367748682247,590.161,587.6469875835836,1282.03,1291.1202451591948
5.2,109,K1_K2,rand,02d9efd7980afdd3462872f3acbcdde9367455f06e4b5a6bb4f79e923d9c2399,2.2401,2.2112849040996183,594.468,596.6327850178059,1233.25,1255.8896174849447
5.2,109,K1_K2,rand,771f4451e2b005b014d7b850728288df22868b5f8e53efb30315293888f49aea,2.0517,2.0941293459895967,589.462,587.5706424752007,1225.53,1211.1702471957637
5.2,109,K1_K2,rand,268358aab90a1b3c58295f38ba41317881c30631b6fb61bbf1bad52cfcaa6948,2.1001,2.0405157495063193,598.904,597.0671274012568,1358.35,1328.6142523956946
5.2,109,K1_K2,rand,43a2c56e77b4596ba9e5b5a9af00b8fa0b0029c3e497b341bf045b502d45cd9e,3.1945,3.2535331277053023,595.823,592.4935058666958,1290.93,1308.402345413237
5.2,109,K1_K2,rand,a361bbce2370205f6189ef21a9b16b3e229679fea988d65e3dac3ca68927bec5,2.2634,2.118456572364508,582.986,586.2691183503563,1257.01,1252.4498993676013
5.2,109,K1_K2,rand,9252e57c0843ab6b41439492aefe6fde421e3cda0078c4e9d394dae9d52a8889,3.4871,3.2333534109048028,597.401,597.3170985292888,1231.54,1244.2661902534571
5.2,109,K1_K2,rand,d01a7098653c86211e424a8a3f11e7cf963af9fe99e5ff93a4eb9a5ece506759,2.9469,2.6723030819755387,590.947,591.9672598664358,1383.65,1376.109963239564
5.2,109,K1_K2,rand,f98be4ec2c0e42f0e667775b99f47be2cefc1b20d6dd31e6de5986dbbbb314a2,2.1148,2.0942797929819683,578.327,579.3719062338321,1285.22,1272.5396835110405
5.2,109,K1_K2,rand,5b104deb72d78b410a0b91e78c0c0b049a1609d347ce6a0883fb029baca251c0,2.1934,2.3187065074504805,579.589,579.3753532180342,1212.39,1221.3215524611337
5.2,109,K1_K2,rand,551d7f80d80e1ccc71a655ecee1e5327eaa769ba5b4e0c16cc1d065729e5742f,2.7943,2.8073516314996603,596.73,588.7170937681328,1247.5,1245.6918122855964
5.2,109,K1_K2,rand,cba9e1a340dcb0eb92204d152ccf706cfe6778f712edc54567e95236dde466da,3.8055,3.526755919076548,567.951,574.252593580136,1192.26,1237.0641878355532
5.2,109,K1_K2,rand,c5ab121c2fdd8af301c2fdd64debe29635e5312a613f4df0861481c31cf7075d,2.0716,1.9749858707118715,605.042,604.1989482024876,1396.46,1366.17956148036
5.2,109,K1_K2,rand,389c031038c7d3caa8aeaff8d05956b2bf581f41daf9e464e021aa4c25a00c24,2.2065,2.248526130346791,589.369,585.8196534342458,1294.4,1248.4170070739074
5.2,109,K1_K2,rand,213e712ce5a4d45c708bea0cced0f121b19a8a5b69922ad793bc8717a3b4d8c1,2.4762,2.305759623843822,588.319,587.0106667933159,1268.16,1273.1057688954245
5.2,109,K1_K2,rand,31f4a4d2f1cf696c360969464be46783c5b928d4738502d9c9d8e7aba00de391,2.829,2.615035423795109,586.654,587.9438135577698,1278.57,1253.6632157072484
5.2,109,K1_K2,rand,bfda2950d7baa499763cc6646d0934388825d5ef2f3650f037c5be1111813a67,2.339,2.281161647790401,586.572,588.9622487210047,1277.74,1250.91536842616
5.2,109,K1_K2,rand,8bc839685de3fd4cd88140b1cd5e488011a74938868547e9a5743b43f4dbc827,2.8571,2.7633124531112427,591.698,592.8704326873165,1290.75,1295.090257773575
5.2,109,K1_K2,rand,89037a17890445a775a2ade6510d896f4cd69f0f57b6d5d8d1f60b80b3a310cd,2.2921,2.2611648925045538,599.336,600.2904986361962,1299.26,1306.8166644053526
5.2,109,K1_K2,rand,ac94424dc80ed131090f769a04e35acc92a88d1d7315b3050c5cbc807ddf7afe,2.0616,2.0756458364006747,596.784,597.0955782579533,1331.55,1325.336187543393
5.2,109,K1_K2,rand,b26f3b7c887122b2e26e3af07d354aeb39d54abd5eff6e76e326847de93ffca0,2.319,2.248169337765292,580.899,583.1147515933144,1230.91,1240.705831674348
5.2,109,K1_K2,rand,2cdae974ea5479dd10150835f230db37ef3614163d8ee8a4d89622aba1ed297c,2.5161,2.367099125016174,595.829,594.4373880680623,1252.27,1254.5855787132273
5.2,109,K1_K2,rand,474cb87dc9c0105b8b3f1b0674b27b4c9cbeb11037a66937a643adc7a3e51f9c,2.0766,2.036958062345204,594.477,595.4145156178608,1213.76,1225.7796651419317
5.2,109,K1_K2,rand,f96f7519f132c3ca1ee9eb74749312143ee066f94474429280242f0069bd6d0e,2.1202,2.1311047580882265,584.783,589.1680934771998,1208.54,1215.2699031172
5.2,109,K1_K2,rand,835af74a592bb6abcc08558930e2d1a6056f36fab653ba3236b8f615713e207b,2.1237,2.267783441444248,600.39,599.9410984048179,1240.46,1225.2964668088298
5.2,109,K1_K2,rand,017e93ff117270ba99983ff0489afc6d2c6a206a019df45b9e6c2398031bc5ed,3.514,3.3746407494984814,605.393,602.3722220802555,1487.53,1458.0066964607033
5.2,109,K1_K2,rand,8fe8010e1da935f0ff4b595e7dca90238ecd839f83948c6708cef0165e939aeb,2.1952,2.1985404437305647,584.371,586.2769636840042,1261.92,1280.303738234199
5.2,109,K1_K2,rand,62e7f0126a6b7d1b32018ade8ac2e8144a03b4fafff4f82a118d200146563868,2.0849,2.045562259814652,582.496,582.8538153458778,1200.35,1199.2804108323212
5.2,109,K1_K2,rand,0ac297a1d5bf704cad877ef8e2a7f310ddb06f4e334e8264a8157fbb09d43b6e,2.131,2.135333235250034,587.272,588.862486038709,1309.77,1287.0111884422704
5.2,109,K1_K2,rand,2c8b3930ebb96c823f4623f73fc27a1fe7086981f5fd5267793e706d3e096793,2.1554,2.141533701652861,580.245,577.7772868096904,1123.85,1133.848434678292
5.2,109,K1_K2,rand,362947cb19cfddc483ebeaf77ed4b05063dab1ccbcb6825091d9a05977967ef7,3.7065,3.6428464208272384,580.179,581.3258547611481,1364.97,1350.4442213592151
5.2,109,K1_K2,rand,fd2656b9ca21cbc6269322783705f6af5a0ac812218214637cf2fbfd5a157bb6,2.3047,2.3824818267027883,594.221,594.3379759278689,1324.53,1324.652803578566
5.2,109,K1_K2,rand,1b54722d20dcbf3d5649374eeb7c0e2326865cb7128b8df8f22cf202053b1747,2.1234,2.1384318267513027,586.087,583.0331260962023,1226.07,1202.3188073852584
5.2,109,K1_K2,rand,54e2ad694337121b7c1d0ea4a2b95addc12258afe88be4af35a01c094c6cde0c,2.0929,2.0927012982924644,583.161,584.5689212819573,1242.16,1251.9530088984925
5.2,109,K1_K2,rand,1ed53f4966a07a79658679e20ff20fea5d4d67775d32db96503ec1f9f9032255,2.5887,2.545528170489705,574.328,579.5499873728448,1344.48,1341.0911799957091
5.2,109,K1_K2,rand,8592fc3c22230b3a7323544dbbaa7c7803428f5307d464f7be558682d69eaa18,2.3042,2.327530113262612,583.111,582.0881231844758,1188.09,1188.4503278553925
5.2,109,K1_K2,rand,55dfdfd7d96c56f7d7f17263cb5021e8ec1931f20f43b752db23c823f71aa037,2.0946,2.106011982487991,598.368,601.5256557410314,1425.53,1366.0359738875304
5.2,109,K1_K2,rand,2265cc380d9c6c8a12974bcc2e81b5ff9551b38393f17eb4563851947df966b3,2.239,2.1068612022885675,590.647,588.1497105434273,1254.99,1254.9865206623074
5.2,109,K1_K2,rand,2a25970b12bd3edfb21911cc7479fcc813266c0620899cdc18f65c405cd98593,2.108,2.141663188039746,573.905,574.4014577951782,1140.95,1148.2203937281342
5.2,109,K1_K2,rand,2d23601bbc01a9cb46297e928cf6b09dcf3198f64e8da8364dd0fd421e02cb55,2.5542,2.5050527991714935,598.056,597.7614945831685,1354.23,1350.713952646946
5.2,109,K1_K2,rand,77d7c9771753c617e4d72b533bf568d486fd40abdd1b166dee3e40dc52bb9214,2.2294,2.1814672169436484,590.765,589.0113147640127,1157.54,1181.4413885513723
5.2,109,K1_K2,rand,405746c7993c4a61719ff61e8bca19c242409bc38e4fc6a00fa949220b9154cd,4.0998,4.286503399559581,590.877,589.775516970715,1334.11,1332.4011219958124
5.2,109,K1_K2,rand,2b02a7025b9b9da62403ff9dcd47f99a93280a57141b76e38c5023a995c26efd,2.1724,2.147298855351468,590.477,592.2480124146332,1312.99,1328.6882154671025
5.2,109,K1_K2,rand,4b8d8ce748ba0872a48413ce356e558468b1c86e22f6ee1c662b01de1dde1e8d,2.1461,2.1797858215275463,593.291,593.2895333408283,1345.04,1339.1447738135907
5.2,109,K1_K2,rand,6d937fd56c38593e9eaaf439c1a958041ea35aaf602eef5bb7e4f0689cd58791,2.0799,2.0530290592181615,584.667,583.8683214904283,1192.62,1177.640729066045
5.2,109,K1_K2,rand,a9959653d6c966c05c1bfab79a4449c173a3f6a48975504bc8aef0f2e58875a4,2.1132,2.1686872032798217,593.774,595.7793886252248,1277.69,1275.782128820751
5.2,109,K1_K2,rand,ea1f1fcaf0cae993ab3caaca37cb389545f5b1a0d0fb513a117a145b76e42e47,2.7998,2.6416456322773607,589.156,590.0497153272804,1268.41,1250.067198427299
5.2,113,K1_K2,tail,a4851c71fcca95046d6df0aedf67a810e09dee2bd89a048eeca8f6b50509eb35,1.6116,1.6627139893392613,633.577,629.4226756840836,1296.25,1277.1960599891283
5.2,113,K1_K2,tail,6471c19d7eabdef8eb1b17e0bf468efc9463b85b68f817c8072925c869d2e809,1.6247,1.6581023751619253,629.481,627.5034960645161,1296.69,1282.7741134054772
5.2,113,K1_K2,tail,88eff8a3d52e348e8c43548e639a924996eb69485918512644d2f7e61e24c969,1.6355,1.695954991223647,626.972,625.2503994130857,1292.11,1288.007499947675
5.2,113,K1_K2,tail,3f053e4233ba85fb0912fbca71e474df62f34f4a61f93b2bb360baa34b98f90b,1.6381,1.6557398410313284,628.312,626.83427487834,1297.4,1292.4273635185893
5.2,113,K1_K2,tail,7b5d989eb2b9f1260b3e217dfb7d9f327a2d10fa158bbaf516f2bebf2302520d,1.6397,1.6619517558445112,627.232,623.7617175162518,1271.68,1255.91423070104
5.2,113,K1_K2,tail,570eca047631637b662e995deba467eccf71d0122cc976afe41837d3548a8e38,1.6532,1.6937696487668263,625.771,624.4314221859551,1289.23,1277.4943293994513
5.2,113,K1_K2,tail,96d525efccb3059c3a17412997a392c0def11ceb5b781678b6a035ceb3b44c7e,1.654,1.7090325067641432,626.215,625.8924958210742,1309.62,1298.108182501952
5.2,113,K1_K2,tail,ed432742716f25a5ffaed591be96227b989ab6824223897d6e6809e69b8e1fdf,1.6549,1.7259781955989117,612.188,612.0622845845689,1301.81,1285.84163819934
5.2,113,K1_K2,tail,4ef7a386992c0ec019e7aec6e6db40f1f57aa22ac2b5ab56c7abe51fb1fe8b81,1.6572,1.665865907065065,626.186,624.5984430210731,1280.73,1267.790664296899
5.2,113,K1_K2,tail,bc2ccf4871c8a839e98aa324eb2f452c5bba297796e9ebf809e634b223d11dac,1.6641,1.6697947601882657,623.345,620.9468926662561,1298.63,1275.9031248839683
5.2,113,K1_K2,tail,133df2db7322216518f63af6fd4ba3d68a2b51456d8659b59edb0ffb1305e55c,1.6682,1.6846330882749827,621.65,619.4543413524814,1235.68,1237.1747444950163
5.2,113,K1_K2,tail,d3c8c09e6264bbb1e0407b811f10d430caa6f4a3061461954bbd81c822ab250a,1.6771,1.7239294194385728,621.498,622.517152212358,1239.25,1244.9623709048758
5.2,113,K1_K2,tail,ec50b6ea0bab739d44b8a0dce59b590a7580ea91f5601b2066b311c57b958b8e,1.6783,1.6679193080155377,625.725,623.9858490313733,1280.34,1266.7785074946664
5.2,113,K1_K2,tail,00ee832fbde378920f05d0b1bf07a30f6b535bb422ffa3f3371200519a9e160b,1.6824,1.666866346596831,626.244,624.8278174653389,1285.04,1274.5687587508721
5.2,113,K1_K2,tail,40e5abaf7a67ce11db5af7a7ed96ae8edc1decc9bccdc4673ecb908da95bf847,1.683,1.6930367134349553,623.742,622.6380636552614,1268.37,1277.2559310347397
5.2,113,K1_K2,tail,ff5e5f1788bb2ce24543b13c20c4d5822d4a5eda9cc675b3d1ea1967665f4f94,1.6867,1.6698667496245392,625.42,623.6470701543354,1279.38,1265.4917379458514
5.2,113,K1_K2,tail,39cf9cd1e7b82826bd0e11e62ad8da5c567383176161dedcd544f1aa9e7b97d7,1.6959,1.697996395891082,621.174,622.5005091263469,1244.94,1258.7309268776205
5.2,113,K1_K2,tail,fca7e2110e6ad57223fe77debef729301567cade5568fb5300a7f5e6cd877ba8,1.7029,1.686516123225443,621.931,622.1668809591087,1261.52,1271.7767389625117
5.2,113,K1_K2,tail,ec1f41158ec94c4fffe19290c8b25b397773c06dd86b3f0ad105f27f8820650a,1.7042,1.6832432273282785,629.75,627.4450056841641,1312.66,1294.1558153955305
5.2,113,K1_K2,tail,d9abc1ba270c4788d1948e86baae0d1bec74434bc18c0a66582ec52b7e9ca75a,1.7058,1.7102555407317117,617.561,616.9165038175354,1222.72,1223.1191549650123
5.2,113,K1_K2,tail,19d4d3f917cdd9aa3cfa12d97cbe627daa432629c593dbad4b435671840dc0e3,1.7088,1.7225731351725244,624.519,624.7374354933463,1286.62,1288.5437664422436
5.2,113,K1_K2,tail,1571f9980eec6be68104b95c2323ae1fd57d0a25c5cfb59f1eb08967c0b18a46,1.7151,1.7020466204101847,632.203,629.9174828878652,1303.58,1291.5599084525995
5.2,113,K1_K2,tail,b562d414c24242fa23ce269e2e678cb018cd552937325eb2c85fc3a3e2a2cbfb,1.7177,1.6757331726600342,622.34,621.2405768807205,1251.38,1251.6388139352484
5.2,113,K1_K2,tail,a69dcfc8385f90677cf9661d67812fe3c3c4cd605328adef7a7f7d77f982ef0f,1.7333,1.7370391265702936,618.661,621.3783096960999,1245.38,1266.4166516537064
5.2,113,K1_K2,tail,36faa77499511c98dcafe71e889c8ce1a2bcc51f828bf09c2cf471b2892325f7,1.7388,1.7007916706954735,626.132,624.3163137993083,1279.18,1272.107318531813
5.2,113,K1_K2,tail,c29fdaefd17fc06168cea7125dfaeaf614c8cea4a925a25199f29cf45552707d,1.7404,1.735178071111016,610.472,610.9545998142337,1217.92,1219.3114612691536
5.2,113,K1_K2,tail,0b981a77e477a8cbec73c8ad4ba91c73f4dc835564f12314d1bf08614f903081,1.7436,1.7201273019983085,629.651,628.8024219092804,1311.28,1303.1743200666328
5.2,113,K1_K2,tail,72bef90a02b8926fd615cedd7d8c946c0e8924b2845c803c255dfe84f82734fc,1.7467,1.7234983044841528,630.106,630.4683966631404,1316.37,1306.8411265511545
5.2,113,K1_K2,tail,c63be43955cb97b9eb1ca8681dd68ae1769c46ff864f3bc8cb28339534871a89,1.7782,1.729409543379373,620.094,620.0957422868846,1245.73,1257.8091620411915
5.2,113,K1_K2,tail,07674e3b70b0a41944d580512f9dbac40bbb90281a5668bce7d9707aa251cf12,1.7808,1.7369663624229823,622.434,622.6918579840493,1238.69,1260.2553819282011
5.2,113,K1_K2,tail,962c71d79c25f072da330fcbe8e0d9a185fb7a17b94dbde895915629b6ad2704,1.8115,1.789912562120289,621.67,619.9803602366754,1355.15,1360.7418482061894
5.2,113,K1_K2,tail,16e3594b2e7990ae005b27cc38747431967cb291bece7de07749d732044434f5,1.8248,1.80084240259366,626.558,626.9091123335966,1304.79,1307.5565812973566
5.2,113,K1_K2,tail,19f214abe3889fcdf69f8c85a56c7130f7044ed90e079a58914a070698429307,1.8281,1.7836398031455336,620.531,620.4876584878424,1303.91,1287.6551945818194
5.2,113,K1_K2,tail,4a0f3d424d32637440e0b7e09a2d4069e415624907bffa684a3da02b4275555b,1.8329,1.7852175432569197,613.408,615.286201444166,1237.83,1241.1477185336323
5.2,113,K1_K2,tail,d36f27b51b8e956378e5922b3b61b59195094de3b49dfe60d2becc77dd81336f,1.8424,1.8228525066002161,605.205,605.2652411961602,1241.17,1245.9615262199916
5.2,113,K1_K2,tail,393afa88aa29881785b841f2d10cf9de0c5e5e3c0e3df37b0fdf438c107dd443,1.8554,1.8260301952060685,616.519,617.81806146257,1291.72,1277.9964634496287
5.2,113,K1_K2,tail,3d99818db981b25a02dc2e9e5821514220fadfd3483f4d7159e9e9c3d984e36f,1.8576,1.8070020126737534,617.122,618.3233108951703,1256.1,1253.2227198671867
5.2,113,K1_K2,tail,df185c320880af54a05c280f78ec1e996a654f9a8dbc6bf566bffcb4b75194d7,1.8643,1.780170652987848,616.208,618.7609009894987,1216.86,1249.5580094829847
5.2,113,K1_K2,tail,fde0aa8ee69423018761b2722a390f3397484821988865ce31fb7c21346e138c,1.8845,1.8019692139289347,613.918,616.6368872004064,1241.75,1248.5704346500393
5.2,113,K1_K2,tail,d97d2563de8b154fd763200cb38154ecda4152672a392e54dd6bd3913943d3c6,1.8943,1.8507231470121852,622.342,622.7504165969708,1307.59,1285.0833880716154
5.2,113,K1_K2,rand,350c63a131b8b3d9658f19ecb22a1c3fb0090cb47eb79bd937c799692a7eebf6,1.9435,1.8336870282708373,618.31,619.4052491287961,1278.6,1286.8309645034983
5.2,113,K1_K2,rand,7185524aef9392b3be408b44c085b9d5338ac5c68d86a2b794823914ebcbfd75,1.9903,1.8607033150028494,614.547,615.9398832350429,1279.45,1265.428680261241
5.2,113,K1_K2,rand,96e9277a02c60f98dfd08ac0a6f5281e12898bd1689ffbf5f9d97fd9978e7bbe,1.9328,1.8661322874735822,617.48,619.7189493269432,1297.6,1276.8935889362729
5.2,113,K1_K2,rand,0a1e71dcae07c82251ef08809357becdf877ef11a23928a54e39d71405bbec6a,1.9005,1.909156490001815,605.1,604.4005991768106,1222.8,1211.37072511704
5.2,113,K1_K2,rand,4259fe5bb2ad3abd0020b105ffae02915a8ababd2e94778ec82f8c07e5521765,2.1538,2.150101554572937,593.333,598.2153124973499,1203.2,1229.4548400650726
5.2,113,K1_K2,rand,89a239cef3f3bf9f739170a6ee299ce6618191bd98c3f7baf254920bc28acc32,2.3401,2.2072487099728706,616.59,615.6642168441349,1448.91,1399.9826448671558
5.2,113,K1_K2,rand,9b3ef281e5b3d34f99dec126a944466473c4dd88a57bb504ebac1b169d9268ea,1.9857,1.917495550039625,627.582,626.5660955282319,1298.81,1300.7127287772805
5.2,113,K1_K2,rand,78c9255c64f448c03c69a62b23698eddbc50d850c6ad3a58a443d589f09644ce,1.9939,2.011645865521027,599.897,599.0626951935865,1236.62,1212.6788002981561
5.2,113,K1_K2,rand,c6ccc92ac2d7d41e606f674654f84c8d3dfc13e68fe15273bc0722802152eaea,2.1581,2.062662312844692,604.121,604.9476529778767,1236.54,1227.3673082638106
5.2,113,K1_K2,rand,bd27b1377ac3bb89bbb1e271a1038840104f2fa026ea65d35410f256435c46c2,1.996,1.9090420499220906,618.183,618.5477957284289,1268.65,1278.4818003715702
5.2,113,K1_K2,rand,1c9e9249cd2f6c557668d1923f19bf6083ee6fa1d29fdf35de49d3107917c9e0,1.9257,1.8333084469414036,617.483,617.756810720814,1254.98,1265.4272450934548
5.2,113,K1_K2,rand,d5b0d1d4d7dc94c21a3a79cf18bda0e66aa9637c72bd8e62d0899c9e4c15a99a,1.9194,1.9087461719304402,602.399,604.047354878955,1265.88,1297.972275889347
5.2,113,K1_K2,rand,9336eb3646045c39c38ae8ba02acefd066a52dbfad853eb00eb3eb3b3109cd1a,2.1586,2.1269208159698976,600.837,601.7861806902183,1350.62,1359.2906032360233
5.2,113,K1_K2,rand,a20e4d775bb5314a64feffbf2a4e37fa9065eb6a8f551c93c8b685644badc1d2,2.1426,2.079944430218361,619.229,619.1786822867522,1355.12,1356.3081640639118
5.2,113,K1_K2,rand,9b01351b6b4b6e1bd3961f7459530e819ee8b8003fa405cf29fd3c4f0954e5f3,2.0299,1.9250043399334105,616.055,618.019156430146,1272.22,1273.0616626211804
5.2,117,K1_K2,tail,da16ae75d17d86034f88d5efcef35e1d765660000dca39047caefee75844e65e,1.5234,1.5382008616662426,644.81,644.6108168158213,1305.0,1301.4294006123162
5.2,117,K1_K2,tail,cdb5a317a04a0e38b049afa9dcd5e4aacc0fc11cd484d048537b20b2d9a8eb0a,1.5241,1.5395748191910665,644.31,644.2228839846136,1303.0,1300.913339769476
5.2,117,K1_K2,tail,a1377442442d3ac79f9ec015106a2f7cfca3fa8f9b8dae178076f69c6732aca5,1.5244,1.5385390699298194,644.77,644.6182909601058,1305.0,1300.562856689033
5.2,117,K1_K2,tail,31be4147a772e246e162fe0d73bb37cc39577ac67c69696bb1f10b49132b6f74,1.5254,1.5438707013403778,644.6,644.0604088762623,1300.0,1296.3331150822296
5.2,117,K1_K2,tail,5c460a5ac38232684e03d3483b3bf1b3f8d6b285eed0ff9f2c450eab5666e630,1.5256,1.5407326771392658,644.31,644.1388268108835,1299.0,1295.8201464594551
5.2,117,K1_K2,tail,7ac5ce189b626c2002393bb18b7765b8eafde517954e91746c92da275d89fc54,1.526,1.5448000768998922,644.4,644.0021420363504,1300.0,1293.5625236707838
5.2,117,K1_K2,tail,13dba3d72e830b488d7f4711603ab400149d422f41de41edc029d650fc738760,1.5264,1.5402379426177601,645.122,644.5417039483863,1306.01,1299.4683476931682
5.2,117,K1_K2,tail,6e9cfb09c691da1529775a4cc405763a90e8ddcb92e733f63b46a503ef5d8d18,1.5274,1.5446639382123446,644.5,643.6656749830524,1300.0,1296.2035487009964
5.2,117,K1_K2,tail,2746ce73dc48b8cf58b5b71cce10382eb080132e892cdf47bc1dd1d8858b7e64,1.5276,1.5411480142835612,644.4,643.780698557553,1300.0,1294.6471800509576
5.2,117,K1_K2,tail,2f8e21f3908420dcf271bc463e69fdc976c5fdf70b6e6336855010385eae91ef,1.5277,1.5482679722787487,644.54,643.7010405054036,1301.0,1299.4904700492427
5.2,117,K1_K2,tail,366a25cb3d852438308e9abd5ddea1ff530ae321224f588d78080ceb69dfc045,1.529,1.5508890827092165,645.76,644.9839739551074,1313.0,1307.858584061086
5.2,117,K1_K2,tail,48163ac929a3fab68c32844e82f171bc0a6571d1d3d7d1de23a6f8c61c9ae696,1.5313,1.5573935557040364,644.08,643.3806107218469,1293.0,1286.2591908536526
5.2,117,K1_K2,tail,f728e66e2c2865542ceaed8f435fae2af18aaa1c2ebb5f5298a89a927461aa09,1.5317,1.5545407118548802,646.22,642.5962017341357,1301.0,1285.5934099082642
5.2,117,K1_K2,tail,9587bdda958dc10e1d942f59dbf387db14c103b7331c15ae0fc413e7bf673bc4,1.5325,1.5649367544586852,647.09,646.2238053208399,1318.0,1315.158857704778
5.2,117,K1_K2,tail,ffd6b2ab05310ca4d8d7641e49e1d5804b79fa605b165f05108dafea93a40632,1.5326,1.5541938052799145,643.98,643.8679689970642,1292.0,1289.1021638193733
5.2,117,K1_K2,tail,491b56baac6f28d4241c17cdfc7007492e6dae794810a0e4ff2dc67b2a6c0cb6,1.5327,1.5615384311219151,644.06,643.8067552202538,1292.0,1288.940480837975
5.2,117,K1_K2,tail,5581a849eec616024c8abfef5161599e4dd13f149acbcaf3857e953a7f9938e9,1.5328,1.5544104250213402,647.18,646.5969867404162,1319.0,1314.3071045073973
5.2,117,K1_K2,tail,1bbd1cfa3572274338c95182a2eb04f2e9180af057af6836e19a364f036bb8a7,1.5331,1.5416838418243182,644.24,643.5226778056106,1293.0,1286.2530725067743
5.2,117,K1_K2,tail,2da78a8a4a7af0b04cec1dec37fef3165e8ac89fd3a61fce3413ed122182895a,1.5334,1.5520747983722947,647.34,645.8139072055792,1296.0,1293.7120643773585
5.2,117,K1_K2,tail,55940b798e70c5f22a9617a3460488dfd3a9ff22514ffd73e4607146a223bd19,1.5335,1.5545821372016428,647.11,646.5184081216478,1320.0,1313.4076178182825
5.2,117,K1_K2,tail,fdb534aa3dd7f3de478b720163072a854fb87aa9e049c4dfed42f74168897a14,1.5336,1.5664631347191218,646.21,645.6760290400989,1306.0,1301.2499621505087
5.2,117,K1_K2,tail,ad2073b51976cdf13b995afd3d81921a0c1024694c1a4f82567b8e62a911ad57,1.5338,1.5694274527748617,646.94,646.3314294050482,1308.0,1305.4749544849667
5.2,117,K1_K2,tail,39261e07f84cb1fb0046c21fdf3a4efce83f5bbfde999ddaa608dcefdf7eefa6,1.5339,1.5578048904691717,643.48,643.6983113913725,1292.0,1289.9728432919355
5.2,117,K1_K2,tail,68f8bf4e63d94c64e330d321b4537b31b3bc90309558009259bd3e32c01c83c4,1.5339,1.5684416682325217,646.61,646.0097222749785,1310.0,1302.9803968250499
5.2,117,K1_K2,tail,eaf85e6a81fd2aeaef2e232d58c3c8e1dd0e7cba6073a5dc4cd848025e98f14b,1.534,1.5706023316712598,646.7,645.7528120819848,1312.0,1306.8048829281975
5.2,117,K1_K2,tail,c886f49abed6a48c46e33fa36f66b04b7f192c1c989bb672642276f944e32a85,1.5341,1.556679643964169,645.82,645.8191228901358,1295.0,1294.459871771059
5.2,117,K1_K2,tail,ba881b274076d45cf34762fef59682f4bd64a819f1172be5a359d253f476ccc6,1.5342,1.5542615278471543,647.32,646.510659977956,1320.0,1314.1253150141506
5.2,117,K1_K2,tail,0c6947decf800a53a700fbaac042e186ca0fd42e1ecceb023d1ea9b584b3429c,1.5346,1.5545020751694096,646.44,645.9324358556953,1295.0,1294.0821063398364
5.2,117,K1_K2,tail,bf757659ae10a58d3c61cb31f58c8756a7b763fe56d82a88afbe0c342b82dc44,1.5346,1.5602540286369364,647.2,646.9565968441204,1323.0,1317.9756577421851
5.2,117,K1_K2,tail,7de950e18a0157250aa11ba80fc9ac2aa256b319f6d287a76e56bff81f13eb25,1.5354,1.5456330774810638,644.12,643.3284394629883,1294.0,1288.7921911822664
5.2,117,K1_K2,tail,5d0113e06087a28539909c4cfd3ee06323f26143cc5aae0b54fe4ed0521e6660,1.5365,1.5562279964269838,645.74,645.8981720151799,1295.0,1295.2655485289847
5.2,117,K1_K2,tail,218d2a1af4c962f07a0552a6ab9989282ed453c3b6be335ef606785b1f6dd06a,1.5366,1.5591403124516812,645.72,645.7105444448579,1295.0,1294.997545107734
5.2,117,K1_K2,tail,e60f938022ac3148f0471d0911bb35687d9c93d2ce658bb8f629adb1c271bb42,1.537,1.5587434267087863,646.7,646.5852830725968,1314.0,1316.5848196450768
5.2,117,K1_K2,tail,d8c04462633edfd4393c39ccef7c6887078fbe2e525cc09affbbd3e3a5a132bd,1.5378,1.563289479229165,647.03,646.0247235460379,1328.0,1317.5994266186287
5.2,117,K1_K2,tail,9ebb0e7d8900a53ddeaba3ba3e4745a0d7904fb2e232e3165970c0a2c2cdd92d,1.5379,1.5705496649851942,645.55,645.620525286592,1306.0,1304.7834066126784
5.2,117,K1_K2,tail,b60ad9555c99843bd58b4fd4b8a7a21f1c9b31b0cb17fa869882de591618b5ad,1.5394,1.5547892061393673,643.65,643.0709889492086,1297.0,1289.006012298638
5.2,117,K1_K2,tail,074ccbfdc5a0cb936991941990dd35eece2ddb26db82e938fd0a7b641b651240,1.5396,1.5557435640583352,646.04,646.0658706894354,1307.0,1302.8125341244663
5.2,117,K1_K2,tail,c1fb3fa88580d5ea0c3544392085548ed6cac056aea8f56327a0c0ac4d5fbff2,1.5401,1.5561826264971494,645.61,644.8798056934357,1308.0,1302.117799613179
5.2,117,K1_K2,tail,e1beb27d71278fe50859300283688d877fc2e46d98b499b21b8290203ae4a7cc,1.5403,1.5532967521831513,643.78,643.4568374207648,1293.0,1291.9184351107542
5.2,117,K1_K2,tail,667d8ff9f6720993b59ed123110a7e814e62d78c3787cd3f5879be79d66dc960,1.5418,1.5572152547695923,644.23,644.1329122602926,1295.0,1291.873675815419
5.2,117,K1_K2,rand,82f0e5b14c4b4cca25d2e5489e71f99379c42b91433bf06cc95a02635c02cbc8,1.7399,1.735698629793419,624.581,628.0801032010679,1232.5,1240.8991928229166
5.2,117,K1_K2,rand,9b9938ed1b7c7417f807df6e0f8cdc0d40f3e5ca4f4b8633200d692b9cab8c6d,1.5471,1.5435283317583952,644.63,643.8715076009702,1303.0,1301.86676799519
5.2,117,K1_K2,rand,e3f882910a44691e4260fa1f0b4b9e9b88ef40a583ae665adb9e0f9041247a3b,1.5422,1.5566567133658737,644.52,644.3752202210312,1295.0,1291.6906777598263
5.2,117,K1_K2,rand,dbf9af9bc55adbbe4f1ae4218d8b8206fb874f8da533c94b30a57f3c1c6bdc57,1.5932,1.5744678352441235,639.818,639.1205300084744,1269.9,1267.4363610551973
5.2,117,K1_K2,rand,10be4dd889905bd93f1821c816913c6d5b4967b46204f5164a5b1b46c918a2d7,1.8438,1.8140776615895562,624.021,627.7638707897293,1339.33,1347.1809586804313
5.2,117,K1_K2,rand,266467cc291e8011371c4e978f4265d4e503b83d464a0f5ce532c4283b02b5bf,1.6247,1.6146014827656692,638.121,638.1941096870642,1309.03,1312.5231484605104
5.2,117,K1_K2,rand,e119ab957a852e5d24a093f10f2bc68bb55805d731fbc19b2390d3b023e23218,1.5492,1.5635169212882487,644.52,644.1986436226838,1300.0,1301.1740965375952
5.2,117,K1_K2,rand,dd2fcb40a409b74ab7127999c6481e4587aabd9c68ae4c99336b7cb3c6e914c4,1.6212,1.6733116024245076,634.695,634.1930094432857,1296.98,1320.991209634208
5.2,117,K1_K2,rand,94c962ab22d355f8c1dbe907f248c6e125b9ef6f1930d6770d76f74e287c4223,1.6387,1.583328351356414,639.388,639.8504082666744,1317.6,1311.3958760947876
5.2,117,K1_K2,rand,9d76f1b726c7d11721e2839a9b0a3006818a7c279480f9f3111554b0c762dff4,1.5733,1.5497379580053812,643.637,643.1361332334533,1297.37,1289.757780566591
5.2,117,K1_K2,rand,76edf8a8ac8cd70f58be23b43f1c528fb89d116ee270b586b784a69f0dabccac,1.635,1.6229739542537511,631.946,633.1601783125534,1278.72,1285.4048458565528
5.2,117,K1_K2,rand,76f0aa0026b9cb45091561f86ed7850f93daac724b5e427e8b96401c2a97d72e,1.5545,1.5807430311540354,642.93,642.8644063485806,1314.88,1311.7904103285657
5.2,117,K1_K2,rand,fbf98cdebbcd4c6a0ef4c1c66b048e2fc353b19b720c283b0329fd0cdc229c10,1.5445,1.5544429064233358,644.497,642.4964558604214,1290.47,1286.5853468959288
5.2,117,K1_K2,rand,9a0a394364f768da9f85f3b911e58806ed4424d8a06507f54ead482595baaa89,1.5971,1.5997403888601642,640.002,640.1454425730881,1272.79,1278.803196784201
5.2,117,K1_K2,rand,1b46eb106378f78e217d0f2394abb87f51556e3c3f09a56dd296af2c97317363,1.5924,1.6014383873822586,640.091,639.7224551740101,1285.6,1292.443531845512
5.2,117,K1_K2,rand,b9401ab72e1e12ef90bcb8aa0a7e6e29b51368c015919470ebfe46431f1549cd,1.6144,1.5783643319696923,642.006,640.6466060048086,1270.17,1277.126514808393
5.2,117,K1_K2,rand,eead869e847cb6a85b0a580f9a261e686fcf043c4ba9e89ff59c9c232e2f0557,1.5708,1.5566958702161449,639.455,640.5895342698307,1295.41,1296.1802413873093
5.2,117,K1_K2,rand,fa2f35158ebfb30793ae1f31197e720a8d23eccd2edc03bed5804911aefcb769,1.6156,1.5859090045246096,638.869,638.7864030337174,1261.12,1274.8260258239995
5.2,117,K1_K2,rand,ffab620e70e2768eeb626b6939fa3d975a0a5224e44f3e98368c674fdd65d7c6,1.8345,1.7856866983200947,640.556,641.3977791645614,1378.95,1377.0086763084705
5.2,117,K1_K2,rand,feda554cdb35fbe39d08bc4be769c0b116299ac9e98e01fd56a7f3e7d03dec5f,1.6177,1.581405489925706,640.943,640.329564599113,1265.8,1277.4537897150287
5.2,117,K1_K2,rand,4e677c490d2e5df820e5961d1ed9228463d9b1f4d2bf568fb4ed288d556a7b60,2.113,2.079598439088415,635.752,635.6986051949436,1395.86,1392.5858009835426
5.2,117,K1_K2,rand,35c36977944d1b42f8cd77fd5683321408f7188b91c1b437820e0f52804bf7d8,1.8717,1.8199702546150585,632.326,631.8848357892142,1301.34,1314.7103488877733
5.2,117,K1_K2,rand,c2a6a2f461fcbc0629fc88308914114a41857933a4fafe8a3acd6e18b2c78e60,2.2384,2.2633157489104536,631.0,632.7835568400744,1336.05,1335.227932445872
5.2,117,K1_K2,rand,ed8a535d770abd9d26d9e63e62d1767536c68d7cc05ad157b76e3c026c0cd2fe,1.7689,1.7465080372499835,636.012,637.591836761109,1322.7,1336.0359413514504
5.2,117,K1_K2,rand,65055832e4559b3e7ea408c59462e2e95aa460ab21e7d1cc51430b17d1521cfd,1.5497,1.5464399397810031,645.62,643.2157607174811,1289.0,1284.5786377015793
5.2,117,K1_K2,rand,b3fe4fd0ce67648463b8a2138520781e3b272f5556f6f3e4a6cc2523cbbc028c,2.251,2.2626569109734507,630.106,628.1030380191664,1324.51,1358.959720610729
5.2,117,K1_K2,rand,c91e53addf6c011c71f7a419ba2d9c064abf1d11f91cb8ea6759b1aa05f87ed3,1.5495,1.5644272096893834,643.46,644.1100760898145,1297.0,1301.177505061088
5.2,117,K1_K2,rand,4d2e44baba50a544347d2f96a308280eddeb9e0dcadf8ff84f8bc8dcb6ce50b1,1.7986,1.6826357515379318,627.62,628.4775890560389,1257.91,1270.8075654642619
5.2,117,K1_K2,rand,69bb377b58575115af797ea9cc67f1057c8be3785e8cbb04387753e15ba94187,1.5861,1.5625874879326451,640.891,641.3334085707378,1299.01,1299.7882720858458
5.2,117,K1_K2,rand,bfabefd83327ca5cbbb9d5502d3e4a490083106f1fedbbe8950a312343abc4d4,1.6289,1.6386661125714483,630.457,632.7896542895309,1268.23,1292.398673410297
5.2,117,K1_K2,rand,7bee429275beb5448772d95914b013e758e9124c5ec642961a38bb0c072fc1b1,1.5968,1.5762239838562238,643.431,642.4981805171384,1291.21,1287.7461427039227
5.2,117,K1_K2,rand,aaec829ebb4a2c5e1cde6a8014d3ff617e769957b28762c59b803151edd96f09,1.5436,1.5599531421978052,643.44,644.1481902807253,1294.0,1292.7752586048532
5.2,117,K1_K2,rand,cb41be3254c16aca5ebe039b0eacb97020048f9abf2da467a0c7671e1963cb2a,1.6563,1.6157173952023047,637.924,637.3846474378221,1312.84,1311.764553703679
5.2,117,K1_K2,rand,ea97d9d58dece7d4c5e67907597a8603a6d2cf0578e5010c4e16a4f7c8b48b7d,1.5645,1.5663097438990192,643.759,642.9240589504864,1289.35,1289.8632087475237
5.2,117,K1_K2,rand,0ce948cc2658f9f431911bcfb05ecc169a87f2278162e1b37bd211f7c83cf2e2,1.6779,1.6485986666643422,638.252,639.5043336919173,1360.32,1360.3466639268383
5.2,117,K1_K2,rand,e2b055bfeaa809fb547489184b01f88ce0f81095f9ab93f46286f4115fc1cb14,1.5861,1.5756286407928592,638.629,640.1422262580016,1269.15,1283.0250732938596
5.2,117,K1_K2,rand,35348406819da4961df55f02f51a1693c5fb3fb90bf642c94ad40ba571cad16c,1.6896,1.6508248058473622,634.362,635.1211751449399,1324.71,1321.6229383912985
5.2,117,K1_K2,rand,1ec4e485b145140d00a8ecfe4fa9d036974893b4d4f1de46f961060cd0126786,1.7196,1.6378643074292931,643.62,643.5445241555547,1287.82,1291.9418085176949
5.2,117,K1_K2,rand,256a21ea0de2030e17a4d60cebe81f9fc0b62afffe552075759c385d1437fe42,1.5925,1.564799430951314,641.159,640.8298997993957,1306.54,1299.214658182207
5.2,117,K1_K2,rand,8878f8f2842e3db19ac1c838d61a2411ce2ac95861f8a403399a8bd6f7682d9e,1.561,1.5798138723298547,641.723,641.0535970246227,1270.23,1270.0702952235183
5.2,117,K1_K2,rand,363f9779a990d8b2e98f3862f172b4116dec74ac09a9e69613a19ed578ec0b2a,1.6001,1.6138937841053647,634.534,635.2715744321376,1278.13,1281.219212054445
5.2,117,K1_K2,rand,93866bd474a243f1eb8a3783425fb1bf412de1537ee9510d9bf95c41e7b38a98,1.5694,1.5997923475441396,642.78,640.8914431045315,1267.03,1276.0384404628335
5.2,117,K1_K2,rand,849205cf6f2485cbaa443e97880ca97f0d20121c7ee775611f6a37ff43057cff,1.8342,1.8539705017064465,630.312,631.1768231249711,1351.41,1377.4458973419978
5.2,117,K1_K2,rand,3e9e824084f7eceea5ed011e39cf0d49f921e119a5da851a5101264cbeb15049,1.7549,1.740214873980916,639.635,637.1531469053155,1329.47,1327.4160923005652
5.2,117,K1_K2,rand,6944aee46c68b0d9bcfe0378b7ede30a6389c09ee6d47bb3f1913b6f6669c747,1.8916,1.8112309152277848,641.98,642.6300621891197,1388.31,1393.6900351295378
5.2,117,K1_K2,rand,c63101156f4c2593bdfead5ab14b3bee827665e1905392a21413bf3a6f940993,1.6921,1.6225807530115284,633.333,633.9743503733491,1234.82,1253.8642719988818
5.2,117,K1_K2,rand,0839e7646fae0acc6c3699d305a28e1902345414ec1f36c20cbd754584ff58e1,1.5949,1.6072766737576707,643.292,640.8638401992279,1272.05,1278.4477095002926
5.2,117,K1_K2,rand,fca7a4c3bf06dfb35d0c17c645615d5fce9809e6544702fa63c28a0c4d8f2ed1,1.7042,1.6534306219877886,633.537,634.47176176502,1311.61,1319.3502935503375
5.2,117,K1_K2,rand,3d29582a9febee45af8b78290fb7ce5cf7728167259198fa22b6409de98b6195,1.7192,1.7063869603777868,630.228,631.6116824177002,1278.23,1301.3536246973893
5.2,117,K1_K2,rand,836273189282a23f4d7b7238f6c325d733c8e59146bbbea4fb8866c222a00f7c,1.5842,1.6108498374880589,643.622,641.891811471444,1297.3,1293.1032369325421
5.2,117,K1_K2,rand,1de089298156bd5104909696bd45bad9f117c6a6b3891c2097d3926ee587b068,1.5633,1.5517933025210104,644.619,642.7254373574872,1302.16,1291.629409314002
5.2,117,K1_K2,rand,a6c2d9981b3e70473a39487bcd9f8d6dc22a10818c37a5319778d61d8ca92282,1.7406,1.696991563135696,642.219,642.9688882137392,1312.89,1316.4664560702806
5.2,117,K1_K2,rand,3fca0ac9a4a21e4a491aad15e7244837692e03f1173646e22afc3a1cb7bfabec,1.7692,1.7252852266893917,628.302,630.6435836099213,1280.0,1259.052469639598
5.2,117,K1_K2,rand,a443b9b130506160284755d7dc3a11a9eea4fb512c88fdba4f9d863c0ee228e4,1.8407,1.8203892112394247,643.895,642.2217038429114,1412.88,1396.8291153120088
5.2,117,K1_K2,rand,762972b064282ef0f2a0da2219f91dd967e07975daf6c00de7ef1dd8f09a99e4,1.5477,1.5548114720826396,648.02,646.8846452248805,1322.0,1317.1822318408563
5.2,117,K1_K2,rand,2f2d2a095750b9dc59f3a9cfda58e79974ccc51230e11b3725044cccd570eeee,1.6394,1.6094821652879094,633.153,635.6706017228664,1224.03,1257.0502925540472
5.2,117,K1_K2,rand,1d4063ea1bcbabdc86e732c79849c07d51c4c7e52514eaade2c99f37cad22b11,1.7382,1.6605405451370303,637.687,636.8219500830453,1326.95,1321.526985150323
5.2,117,K1_K2,rand,a218e8f3b14a8d009ddb7ffc67839eb555119884e13aae3f69d5f63805d2fe89,2.0182,2.049745270890797,641.022,638.1621701020218,1411.97,1415.2453252532225
5.2,117,K1_K2,rand,b9a9e49db38f73e52f40e4886385f6bcb817b3f18553d75aaa897bd368e5f9b4,1.5452,1.5781195799819647,643.35,643.2403655237872,1294.0,1295.6024588877647
5.2,117,K1_K2,rand,96f8e223c1c3736108f2756b2ad816ac4a8b064571fac77a98f82ea7e1aec719,1.5469,1.5600366575463536,646.1,645.2643527383549,1310.0,1300.8605501438626
5.2,121,K1_K2,tail,ef2fcb456a725c99b8600b337ae24a122a0247195e845025d8dce333505ce3fe,1.4902,1.4897642410370968,648.875,648.3887512808598,1348.89,1331.528240358384
5.2,121,K1_K2,tail,196d2ad8ecec9d6748da6e873d3d357ac118c9c130d452cea423d4749f5a6518,1.5107,1.5330400456473718,655.974,655.299534652603,1306.34,1301.4799435788216
5.2,121,K1_K2,tail,12d670934fdb5e9ad9ffa5b608a0c886f508f81ac4b39480e89f565c49450d01,1.5109,1.533874808528513,655.918,655.4556314191765,1306.16,1302.0701893775629
5.2,121,K1_K2,tail,38fe255e1c77e1e158da825dadf852dcc65d5d91ec0c7e853d39588ec12b9977,1.5228,1.5355004809508437,656.069,655.4576603618428,1293.06,1296.5379197019752
5.2,121,K1_K2,tail,48fd7e5fce2541c3b54813bf2a977ac77d133b1024dba88defad3b5dad684356,1.5231,1.5362046111177683,654.92,655.4047786982874,1289.0,1293.3583337971147
5.2,121,K1_K2,tail,103464e4f5d265b864dc81cc49c738b250c8bb79ac2f186c335376a17d3ccc0f,1.5233,1.5342660493405849,655.46,656.0025824930794,1292.0,1300.1947791518726
5.2,121,K1_K2,tail,777b4234477cc45e193656015bdb62bcd01420953bb040084253f6f6905db567,1.524,1.5342415637765758,655.07,655.4195791811253,1290.0,1296.3579383313017
5.2,121,K1_K2,tail,c8494ba660149203eced4ce4023709fd5cfb67b531b3cb52151e8881302f7db1,1.5242,1.5278837333132516,655.316,654.3504584367585,1285.82,1279.663509569391
5.2,121,K1_K2,rand,cf1cbdf5972a515907e09e8c3dddebce7147cf97a3c7d63c85137a34158607d3,1.5731,1.5650700744064807,655.126,654.5414162618964,1314.51,1304.3220101227826
5.2,121,K1_K2,rand,797c77c4415894dafc0e6e8a23177129287ae729d29ed81a0c8dfe092ec39cc8,1.5444,1.5705061278534778,653.473,654.0535387906359,1334.04,1335.6002929046676
5.2,121,K1_K2,rand,9b7a85bd13436c2d6b32e75379ff2a113a8814d1440d0790289e079c5515d853,1.5741,1.5682831062689153,653.445,653.2483670708748,1329.49,1334.5423145941004
5.2,121,K1_K2,rand,dfabd88ab6a7cdc819e1af69bd73b6d7eadb3fe63e7693c7cba4cf8ec2c8e556,1.5462,1.5793305913085756,655.285,655.0952780104373,1345.28,1344.046387513531
5.2,121,K1_K2,rand,3b75a7a60593b022025241aa901d5d563c9d239f8234fd4334cfb63556717ed7,1.5738,1.5616049327915125,655.577,655.2254582245268,1309.26,1296.7667298240094
5.2,121,K1_K2,rand,58ce2a6262e48ed03165df3e97611f2c885c80fb68e293168732036a203872f0,1.5469,1.571875652635443,655.419,655.1868501740296,1347.87,1344.7521029467625
5.2,121,K1_K2,rand,916492612b7397b6d9245262f42547dc9f0fb3dbec97bb15ea507cd6649ccbfb,1.7043,1.6602196359051389,655.697,658.5836271565636,1472.26,1477.8614178217842
5.2,121,K1_K2,rand,ab3068afeb6ce056c9fc781652baacddedba865623e9ef531690239eda38bbe7,1.5696,1.575122490070431,653.535,652.80769823544,1331.49,1336.7832771619894
5.2,121,K1_K2,rand,d215be473aae578b44c4cad298ab4ff75661036e776974e83acd5f9d8f0aed0c,1.5511,1.5796413443390513,654.803,654.1864335968057,1344.0,1345.4544995544882
5.2,121,K1_K2,rand,86ee1ffee691c59de29fe593337031604ac45e4daf53bf29dc68d1e033695f37,1.7848,1.6809325646792452,653.194,652.6064654648961,1412.48,1409.37749828158
5.2,121,K1_K2,rand,3471b86f70c940f988969db1ffb8ba703241f1fb6e97d5b74e32975f3ba8b4e5,1.5478,1.5696599908057385,657.38,658.5981428624788,1354.0,1349.5404741724883
5.2,121,K1_K2,rand,9153283832744d3ba9e9eec01850129b209eae015fe1bc9b0dfa586cb5c3e078,1.5382,1.5595282024745643,657.7,658.3452685705956,1349.0,1347.2322617193497
5.2,121,K1_K2,rand,a631874eb409423612635d39ca268afb0170f52168cc6f1ea6d6ecc95f72ba16,1.8114,1.7133032550101024,647.623,648.7314850860546,1338.78,1345.8767504661391
5.2,121,K1_K2,rand,ed4f65ff6e4121463af941b826e98904b4464809724549cc6e2c4ce6190514ff,1.5496,1.585718623764323,655.036,655.2429464827105,1347.03,1349.303506254616
5.2,121,K1_K2,rand,329f676e05c83851a9b7f5696ff6dcd01086e526bc6fe22f6567a7821427a0d3,1.6245,1.5825131277274362,655.805,655.9287257270171,1304.73,1310.578624087143
5.2,121,K1_K2,rand,4fa4ecc97bbbdc3e7448bd0dd742d2e4fd2bdd9281dcc0778e0dc6e77aa13f18,1.5377,1.5443788689893816,654.502,654.0989032224556,1314.91,1304.2071258856786
5.2,121,K1_K2,rand,21128ba797c55a39e9ab3264e367f3144bed94302e15b3e9871dbaa7131fb373,1.6101,1.6070753939981297,653.168,653.4369999507276,1365.2,1366.0712465972945
5.2,121,K1_K2,rand,4c038471f5ae091d45f08f59b7d017186b7cc1d89cf74ee4832dab88c7d70ba2,1.893,1.8050745620133104,644.731,648.2023266617381,1337.23,1342.2582581497918
5.2,121,K1_K2,rand,ef65d1204619a0f962352fede99bae314f9a86c56dd0d058e264cbc2d2d2a044,1.529,1.5395971529180692,655.892,655.1351637256475,1307.57,1303.3711264873207
5.2,121,K1_K2,rand,4897ef9f1b1a4c5bde73231cde0487a3484c57d76822e55fb31efbf452d86505,1.5893,1.5853815188205203,653.944,654.6378501103661,1371.47,1379.642306487237
5.2,121,K1_K2,rand,4ff3402c50d67d5b99d2b667181539f47d70b135ead6b1a8adb03aec85512dfd,1.6258,1.5653493107833782,658.772,657.2693048450778,1291.26,1296.4547271798365
5.2,121,K1_K2,rand,59d5e04f834d3375952714407365c76bedc1b010c03bbe90f333a411b88d4b5b,1.5378,1.5534864893287494,656.8,658.0733412268996,1334.0,1336.1064208757239
5.2,121,K1_K2,rand,e1bf50f3f328d1f23ab7c2211df029b930c4507d85f712c10fac2627ac8f8432,2.1562,1.895499644255914,654.564,656.1348762735082,1399.5,1406.1266874543776
5.2,121,K1_K2,rand,c6114280b2c94b0e69e31c309f4e2bda11dd2b1cc3ce67994097b4b028b85927,1.5717,1.5800069140444657,655.278,654.9640019778954,1364.48,1358.5730755903337
5.2,121,K1_K2,rand,1eca41b883577c80f0238c1ecb604df252af6dc1ceec58063fca73997442521b,1.581,1.5865794333695944,653.806,653.5635726150462,1348.33,1356.651739995482
5.2,121,K1_K2,rand,69dc93437ab22279927e2044fcbb508dc5790498968d058b24a3a49317827dc8,1.5456,1.58236583872591,653.838,653.5824637791563,1347.4,1345.391706242891
5.2,121,K1_K2,rand,12b6dc8432b6b9b64a3a83bd88fa79662330348d1f653b64a15089ba151d8b61,1.5406,1.5423356273177442,655.248,655.420514494607,1299.61,1298.66607997024
5.2,121,K1_K2,rand,81af9ad414662d48479243f1edd1da78ddfe45abdc1e55253e7b08ae054e4ce2,1.6619,1.631703182041737,653.564,652.9578070750701,1344.31,1349.8598650981926
5.2,121,K1_K2,rand,a5144c0887263dc8c84e524688aa29f839e45fc044c9f66d424a4a6160dd44d8,1.8906,1.884920574746431,658.221,658.0463371628979,1375.27,1380.2470314294007
5.2,121,K1_K2,rand,bfe8d1309cd2ba1dcb5fc744c09e98d5c7b82677fc3dfcc02c498a2c22beb8fd,1.6405,1.5660929042610399,656.01,655.1545540316192,1295.46,1297.5461250718486
5.2,121,K1_K2,rand,421e60252d5d4ed6d5914db0f9a69c5ceced60b70a0c4c7ed5ad34434541bff5,1.5436,1.5793279619862657,655.097,654.7036376756349,1344.52,1343.6444744401144
5.2,121,K1_K2,rand,f68aa8b89b10e07a493f3f6a85d27b8a2f5315416a382f65c42e2e3a23757fb7,1.5466,1.5854454324811285,654.374,654.011294809902,1336.22,1340.0327472403387
5.2,121,K1_K2,rand,dd5bd002e4cf5b5a2eeee8cbd2a7ddd57af3926b09c84d911330cabd46b0ecc2,1.5564,1.5408012768934907,658.178,656.5118364331203,1329.17,1315.4779847689736
5.2,121,K1_K2,rand,83b7a784406d3a999cf012cacde9d2efd1f4b9f6b10090030f99ded86f1a87b8,1.6588,1.625374238909681,653.346,652.5322167997782,1315.44,1311.4048558468503
5.2,121,K1_K2,rand,37533fa77a06e2613ff97949c1dd915c0aefa135faa4f73f3cefc04e996f9284,1.5434,1.5813582565931374,655.12,654.8289645012117,1344.52,1341.509733172198
5.2,121,K1_K2,rand,6fb224898494bc5c9091eaa9e7c16706ba0f152f4687266a6d5df440a920d6d4,1.7611,1.6404510077943346,653.924,653.481123046325,1275.31,1274.058683664502
5.2,121,K1_K2,rand,3ebfcaa31cab514f982d94141bd1cf32aeefccdbde57a79790427c3a8e5695f2,1.6332,1.6145180135919588,656.271,654.7919457859728,1366.98,1353.6341014450334
5.2,121,K1_K2,rand,f49edb45cc3b97e831842f57b63b244885624ca6c118d805bda6a1a29dc6b9dc,1.547,1.5795432142742791,655.248,655.1043225813622,1344.98,1344.058610044448
5.2,121,K1_K2,rand,3972b9fcf9f62b13538dc1ee015d0cbf7560742e555d39ca540c9220ef58748b,1.5633,1.5438012866966568,652.56,653.357342182207,1307.57,1304.341715354164
5.2,121,K1_K2,rand,5aa14151b3d8c5917424b3b0ed860171b0b84daa5090d0cc382ea6e21108a928,1.6944,1.691888739458874,650.333,650.0208738385923,1342.97,1326.0850455044801
5.2,121,K1_K2,rand,66e12dd285c565a1b5a21fbf02f7b906a09eb96dc07fe35e66ac739be60ceab6,3.2901,2.769819746371316,654.479,653.9440353020603,1322.43,1339.3962314433293
5.2,121,K1_K2,rand,9d1340a39cd3d9b0b68f9f22faadba80f4158bd90d351ed843a4d1b4acd9e05c,1.545,1.5833210809114553,653.866,653.6859041804445,1347.92,1347.8484821666443
5.2,121,K1_K2,rand,d41eb930833e4d83c9c76dadede0db4f75b11bfe7f058b8896f535ac3709c5d7,1.5285,1.5450280533628615,655.06,655.2835685364386,1307.0,1308.9421504140848
5.2,121,K1_K2,rand,86656e33b23bd137d905ef42ac06317ee07688a4e90f8e3214574196c67d151b,1.5491,1.5669849488067848,657.95,657.2143553017622,1338.0,1325.378154555529
5.2,121,K1_K2,rand,27041c7edf41c425fe9c3a8c3000f560bea8cbcfa6fd9349f6e08befeae0753c,1.83,1.7171094514213612,647.927,649.3517535386223,1347.06,1350.3276731451651
5.2,121,K1_K2,rand,83a97e083776ddcddb8fa5b8a6bb771ef63a693535e59b7b65ceca88485e6579,1.6089,1.616892596826801,653.84,652.7746949254226,1351.3,1345.8760800917128
5.2,121,K1_K2,rand,1b2d59b279b4d35474eeebfd4e513612628ad81c0f46908b07b0aa29410d5ff0,1.5392,1.5523732882578407,656.22,656.7223249038294,1345.0,1340.1574840931332
5.2,121,K1_K2,rand,4c66d7b82c8d077b44aa03cc29a03d32029d51cb44fc032c99d1aba4d97a8fd0,1.6366,1.5800516359998225,653.339,653.1078903573393,1322.44,1323.893539573858
5.2,121,K1_K2,rand,455f76cfa08905335321f77bac65f861cbd9c4bba0dee617da22a0818502a58b,1.5479,1.5840809667970004,654.93,654.1951382959645,1351.62,1346.362913553747
5.2,121,K1_K2,rand,cfa3b60829ec5545fb65ee6215f1d265c8f90906c701fc27050203423302f4a3,1.5434,1.5545429956373558,656.82,657.3854259695692,1305.0,1312.476756229134
5.2,121,K1_K2,rand,52086ba4b293d4f77ec30f6117706b90f883fa6ba65605bf0c32a297381c710f,1.5561,1.5777557915777185,651.137,651.5346474978253,1339.07,1340.2735438459567
5.2,121,K1_K2,rand,1688ea66c63c1753baa9b06e2eb159bada8000beb2a4717636b5457a0718b9ca,1.5456,1.5797422211065935,655.22,655.4114379029585,1351.39,1354.6501860748913
5.2,121,K1_K2,rand,6bc7b1d727eb31655adb7b8e0c52752776896bdf6b067cbe2f874ea8e86fafc3,1.5859,1.5972039027065918,655.802,658.225312018697,1428.71,1433.2280607435928
5.2,121,K1_K2,rand,76e5c91b05f1b72b0d62a76d6cfaf53888d475b050c4b43d1f780d6624028e5b,1.6337,1.5696271594910056,654.824,654.0493937795896,1303.91,1302.3089701389545
5.2,121,K1_K2,rand,afa34d908809916c3a6ff8d8c8e08bd950522fdf1e3facfe84a0321149a75b4c,1.5472,1.5783969823418549,653.54,653.2633915937466,1334.87,1334.980956632574
5.2,121,K1_K2,rand,6ed4dfca5e23e4eec6c859048a1b5e736166eb1753cecf337c8d8de9d6763d67,1.533,1.5431193766508589,654.084,653.504380537259,1284.12,1290.6359243673362
5.2,121,K1_K2,rand,7ac898fb52d2bdb566bd14af3bcd32911965ba6b0882e502624761e489053f25,1.5404,1.5380419205099367,654.15,655.2428293464644,1294.0,1300.947203631412
5.2,121,K1_K2,rand,4f026fc846c2b56b7bac51dfe89bca25f49f6d934eb15a92833d903e2c96207e,1.8275,1.7367708780606532,648.353,649.661167095128,1354.47,1354.5903905644268
5.2,121,K3_K4,tail,039cf0a266cc64c8c6cc636a701ebfad3181d3b7491a460d69375c9126295494,1.4909,1.4858784078525795,642.537,642.57458952061,1316.69,1307.5325040654616
5.2,121,K3_K4,tail,e77aa239af649d67dc03954077e176551b47a1e5a9f0c332fbe3e476d90fa3ae,1.491,1.4838161740224725,641.532,641.127846634507,1319.13,1305.439547896481
5.2,121,K3_K4,tail,dbf0c66fde02f50427770c92f1882bbe9b17a933ff3593de965230b0fcabf8d0,1.4932,1.4836385539100163,641.544,641.0676511407448,1319.19,1305.842268251777
5.2,121,K3_K4,tail,03a32175e9f4d15cd3931bfbcbd1c69e7a31188b00b6902a11d08f4e124cbb08,1.4936,1.4855224868209977,642.558,642.5522486510591,1316.83,1307.1273382597926
5.2,121,K3_K4,tail,fdde3f40ddd4d150653a957384e6bd51cb37c7a0a27479c254eb3f3aaf632256,1.4936,1.4838010788952836,642.537,642.5165383941699,1317.02,1308.0489661887686
5.2,121,K3_K4,tail,8eb5aa72bd6d8d3032dfdfe30be0efde594ca147eae46703b0fc44bf2d9baacb,1.4964,1.4938729327634526,642.578,642.4494825162757,1317.1,1309.1274664544906
5.2,121,K3_K4,tail,f432492776615272495f6d357a4348f19d712b56e4ceedff6fab9dcf6fc61cd8,1.4966,1.484150344454769,641.549,640.9991993239473,1319.2,1305.2928539207455
5.2,121,K3_K4,tail,6303dfc839801d4e819f78a5ab1bbc529a3207eded72d2d2f6f2a2134d9ecd74,1.4977,1.4917659535018968,642.488,642.9453435437629,1317.51,1311.3178015903393
5.2,121,K3_K4,tail,16f99cb070d9d600de5888f5e9b590dd6c542c9237685e98ac2bb7d6365f6269,1.4982,1.4861836087872848,643.088,642.4657521395605,1322.33,1312.176650370558
5.2,121,K3_K4,tail,b361bbed1533d85602ca7e5b6cdee0b8ea4a4702b0cb47bb2daab97a7416c62e,1.5006,1.4866764306496607,642.851,641.9983697663738,1316.36,1306.2249717932118
5.2,121,K3_K4,tail,ed5f2de7b200367b2418a143b5d8998a572c8cfd23b1d5e2b78ce4e606edec53,1.5006,1.4843466984886817,641.572,640.9019796417786,1318.91,1305.0641712642712
5.2,121,K3_K4,tail,ffc5d4888c9aec3e56cc295db7e5ea26dfdfa80be093aa379207421391c89b1c,1.5042,1.4895769018225316,642.668,642.0247294419253,1317.43,1308.7921659385236
5.2,121,K3_K4,tail,e6afbdb5aa6113f46b45cf9bbb10f945289957f9d9a59823377723f88bb64e8b,1.5048,1.484345043424192,641.58,640.887395723572,1319.03,1304.9957317004619
5.2,121,K3_K4,tail,ac1ea0686ca8ae32318ca1cbd918fb133d21219b92ab54adf8dab21788815b57,1.5078,1.4918463239030324,641.595,641.1447040372603,1319.34,1304.993966066409
5.2,121,K3_K4,tail,61a60e17e705231b18e9fc9c3332dc22e0bda27dcf6ce43638895c4501ccf675,1.5083,1.490768008304911,642.609,642.3306301664276,1316.95,1306.599654446262
5.2,121,K3_K4,tail,653f205643fd68c0e168c8c6c2e231abe34e20be5d6c3c5270ba366cfb79fdd3,1.5098,1.4961241843487056,642.937,643.0723039316349,1321.86,1310.7075342567898
5.2,121,K3_K4,tail,a7570ac7e0b546b118aea8bb91246e14fcac2b9c1efc6ca1e8590a4776f851bd,1.5121,1.4899537987423608,642.686,642.0069733625639,1317.36,1308.4154532784073
5.2,121,K3_K4,tail,038eee85922e874fcba5920cdc16dc51828a9bdabeaab4f98ed4e10ad40cff7a,1.5172,1.4909813472914224,642.641,642.2505489917525,1317.07,1309.5552408737403
5.2,121,K3_K4,tail,faddd22a469252d4e2786bab558ce1ea69b4de16988d43622817346d77b9a6e6,1.5179,1.4941243264951778,642.633,642.4452589508585,1316.91,1309.0101320460674
5.2,121,K3_K4,tail,a4a62a9749a35e471e2e6e7556e2e1526a9c8d5cefc03897c57044c10fd9131b,1.5184,1.4935252753162727,643.107,642.6103706105985,1322.0,1314.9397590815393
5.2,121,K3_K4,tail,350f112e1bc45ef871a10218b8fa9c72ff39033858cf00438eca0a35f001630e,1.5185,1.5014966175862454,642.657,642.0335131139007,1317.67,1306.5172361593766
5.2,121,K3_K4,tail,0e273b85d5b8dc5bf54e7d5f7fd080038062d871ce773ca7823d8f631e1a6c39,1.5188,1.4922840004251807,642.646,642.3242675626882,1317.54,1308.316450305886
5.2,121,K3_K4,tail,a6373b1362a7a25c20cd7d035aab643952d6b4221b59db39bd786446681fcf61,1.5203,1.4834280203165051,643.13,642.6005120349515,1322.35,1315.3927716816625
5.2,121,K3_K4,tail,6f13e1f3e5ad60dee520024a1bd11f978ed1c518fdfc304971468074ddca7952,1.5211,1.4894145294318626,642.705,642.3846956820951,1317.59,1307.125327136513
5.2,121,K3_K4,tail,ce1d52035dbf8baf62e19146152660156d86238ce34ba66d37a2d929ee8eaefd,1.5229,1.4894351649167754,642.728,642.0145705919415,1317.7,1309.915548244194
5.2,121,K3_K4,tail,c1675b087e52e539e3dc222ab8007d13882ac37e1c772a3db24c044fabfdc0d7,1.523,1.4924666209452437,643.302,642.6401948021556,1322.18,1314.5625979314898
5.2,121,K3_K4,tail,7103ad552aecee77e528414b8a4f59304acd9dbbe01fb298ed771c79d8df9098,1.5232,1.4928884980574417,643.302,642.553913854291,1322.17,1313.935797842718
5.2,121,K3_K4,tail,156c8760ef5e1645f2ff2535a555866797d680d0ee1efca3241264029a6cf0ab,1.5234,1.4891626896543881,642.652,642.2659827374019,1317.17,1305.7182631457158
5.2,121,K3_K4,tail,2abb22d6b02b98cfb9d77b601ac7f8807788b427b874dbf3a5c2d572d2ca62e4,1.5239,1.4849026710386735,642.747,642.2442395669905,1312.0,1307.7452676897801
5.2,121,K3_K4,tail,294617a0c48b84bd49a57996100b93492f3ecb3774dc341520068d581601c4de,1.5244,1.489671815662693,642.699,642.3504984540773,1317.62,1309.3191982614144
5.2,121,K3_K4,tail,d58a38fb846e2203c0b69d91111fbea2fc2bc43e82b8c16a246f6f950723cf13,1.5247,1.5325066336218407,647.66,648.119938800711,1257.0,1262.9297647636504
5.2,121,K3_K4,tail,d42ef30261507427f3ade1fbe7333af6e17ec834749aecd7cfb7f7438307b5db,1.5252,1.5308923823182927,647.8,648.1013261586431,1258.0,1265.7818113888618
5.2,121,K5_K6,rand,d59e468c1bf915146405fee8e997046660c75bb763e3e989dfbde0b00d852cfe,1.5334,1.5397527524561816,654.56,656.7355246441525,1298.0,1299.6004261295327
5.2,121,K5_K6,rand,c713c6851f4e3eaf320aa5986642234de39fc7866a94f73bb5735695a5856604,1.547,1.5760840825388762,652.333,654.7049217631888,1380.93,1374.5242904396491
5.3,101,L1_L2,tail,774b95998af797704ac7ca8b5b8d3eccdfccc10858c39e9bfcf6af44f3f953bf,1.7932,1.8152139393433655,561.372,563.0669337802867,1163.95,1164.0190637654296
5.3,101,L1_L2,tail,47996391220ae8bd548cf29348d0fafe525e3de0a20c9e8db47365aa37f978e7,1.8384,1.8821153492715679,554.618,557.6116569286039,1135.25,1155.6449966398409
5.3,101,L1_L2,tail,d898d55df8a759e599ed81be97de1706206857d6e6dbd79688864baa1449e69f,1.8474,1.8765903172394065,572.337,572.1187054891708,1297.37,1279.8372646317662
5.3,101,L1_L2,tail,48bef92345791908e3b8b3bf0f5b1b3bf93a994c8e6c75c761fe25dd4885eeb8,1.8554,1.9160166620570713,564.209,563.2646711108673,1184.47,1198.0251567400783
5.3,101,L1_L2,tail,ef215bf2595365de7955cd0a5215bc0b84e17664bac15771d81f604dc4b78991,1.8586,1.8884780009009883,558.691,557.9237099844436,1120.12,1125.5494667888906
5.3,101,L1_L2,tail,540aaa68fec4c8840bf99882f6f03c9d17edd089081e7333cfe89464c4be5bcf,1.8602,1.899201934810208,556.687,558.1822145932734,1081.44,1106.9245485165443
5.3,101,L1_L2,tail,43a42ec8009b196f54a810eb922238d495f2dd1e0d8a45c030744bc8332ebb53,1.884,1.847906977161022,575.341,574.776652478665,1258.09,1252.5653046557413
5.3,101,L1_L2,tail,6d053a2f3f55534e4c2cf29d396bde98cf40022aba0524a3eb14c75f1b0a9920,1.8856,1.9829936450975616,571.219,565.1435679774269,1194.41,1180.0506244060443
5.3,101,L1_L2,tail,cdfc8813838b20c03635bc8eb8cadc5b135c5f7ac3b7ad862965c3ed85b6197b,1.8985,1.9876975752730304,553.654,553.3207019082356,1110.95,1113.9589195602512
5.3,101,L1_L2,tail,82d1359a7abdb83ab751f30edbed648410f85a8b9fd1c1adce2a7566b30b600c,1.908,1.9183106803295327,560.685,560.0323369889696,1113.09,1141.8956029896112
5.3,101,L1_L2,tail,5396d92d46f0596d0d9b7fc4b24ae652cda785b37718586a896d7571229edea5,1.9101,1.9664480400954276,570.917,567.3420944764604,1182.36,1194.6007991925076
5.3,101,L1_L2,tail,182beb59ce31ab08705597ffe6fdcf9160e369a4aced458046f85f8d6016824e,1.9152,2.0241162376266217,564.073,562.2893377834888,1127.97,1152.282393795601
5.3,101,L1_L2,tail,2315b3adf0b840d55e354650b959d8cf4fc2c637192c856cb57f364475e31781,1.9335,1.9440530010232826,563.382,565.6371692128478,1134.6,1180.1430038903936
5.3,101,L1_L2,rand,396dc1b39617173329a35537c4f7ec7bc47cb52f7c70a3b699a494949a3500c9,2.1338,2.125251226226469,552.305,559.3292166905426,1160.16,1189.6570804958083
5.3,101,L1_L2,rand,b1c35742a701cd1e5305c1110f8e71e43ca09c53988ef7815f5222ff7e1b2349,3.5269,3.566680921499804,553.052,556.8484397676974,1295.06,1295.0592867800829
5.3,101,L1_L2,rand,77b2e94aa3b5659cf626a5c32266ef7acb94a3df97f0f32b15859a58ee52ac6b,2.2551,2.1785367100795523,549.149,550.6674995442287,1169.78,1169.0113704452092
5.3,101,L1_L2,rand,f5274244746e66bf485bd82bb7d7b7eebf98c7d4366fe444649460214dccafa5,2.198,2.2598657767705217,562.897,563.7088366846008,1278.85,1270.8703740705573
5.3,101,L1_L2,rand,77e6ef7a8beb44c2a7c1998b186f96ac21f77966bd76f1217420e03a0be7287c,3.5113,3.37305108814517,546.331,548.8192985880501,1265.52,1271.5259813758817
5.3,101,L1_L2,rand,52345f444c1b88a885ee9c6ea52e4a3b2b00a31e835ef34c01da4310ac395ef1,2.6003,2.538712977644809,560.133,561.0873432801537,1137.57,1173.2984904377845
5.3,101,L1_L2,rand,fbb34f4b89d9835792d456fca601aa949b7367e54b574a4dd40e7b024135bbeb,2.0793,2.013566545838213,549.209,554.2907074903733,1134.25,1143.7954063467218
5.3,101,L1_L2,rand,83bb22a89dfe99abcd5c52fe74c22cfe5e4f7cf4fa3d0ffd251805acff15b788,2.7192,2.6052468358278293,551.792,552.0380543100504,1240.07,1231.902684174187
5.3,101,L1_L2,rand,b7a7e944b09b8b636a5dc27e3e7034b96ae59333bb003a71890d2d20a795a347,2.4715,2.2562883482686154,561.016,560.3318102571263,1273.87,1243.4023956680367
5.3,101,L1_L2,rand,e9dc9e9bea3659a83d550fda128c40a12aceb49d0e310244a4869b08072fd469,2.0227,2.0434064554166156,568.422,567.5305385928956,1166.32,1202.0266783431803
5.3,101,L1_L2,rand,84a851ea5695ab7fa721986b25219f4b4204f48245a5ad9c225791895a129aa6,2.2161,2.280972845812017,562.173,560.4507886320347,1183.44,1185.411372647383
5.3,101,L1_L2,rand,036afd6a832cd1000dd860586360be2b7e0f793968dd83bce4b5c5054258bd00,1.9734,2.0111651264921817,569.025,568.6290295803257,1216.19,1210.3306724574136
5.3,101,L1_L2,rand,87777e32c25e3328e96275821f1c375b9ae10b8f7bbd8f901f871133ca885a07,3.2742,3.4699522343806324,557.071,557.9782972656915,1221.2,1226.635618398478
5.3,101,L1_L2,rand,98e36fecc7a0c5d37994d2e2de869ad58cb77a76fcf0c385d295919920016173,1.956,1.934268337927965,558.051,557.8148799098556,1196.58,1172.3256827260084
5.3,101,L1_L2,rand,c6349dec8f783863c2936381ba01d6250d9467c3548aa6ffeae95ac688b306e3,2.3107,2.292517732717011,566.836,563.5497517191784,1371.17,1300.454899212546
5.3,101,L1_L2,rand,7307b7e496183620b5b87e3923b5aedd5e2cbef56dc7a3d06f26c288595d6508,3.3567,3.418597845465116,562.684,563.2145842000803,1263.86,1281.1920346963502
5.3,101,L1_L2,rand,076ac645aefcfd05152bfe0d2fbbf23c4e49dd61599cadd6227075a1f0a58c2c,2.131,2.2461234927244296,562.384,563.599580582557,1188.68,1209.2609342687024
5.3,101,L1_L2,rand,b77a0b476a3ef208ea3616fc8b595903b878be4e77c0d70cb645f16e137fe6cc,2.0405,2.073758368381574,568.582,565.7871597006683,1285.43,1251.4489046301892
5.3,101,L1_L2,rand,de9226b25446bb20c46600d76184c6eb1a0c13858b3aaa353a88f6c01dc6855f,3.3576,3.047760927760907,564.404,564.4881945767567,1319.99,1282.9387849625668
5.3,101,L3_L4,tail,f01b8c20e7070904f56dd7c38a42852b2543ecb48ea1beea0eed892b9c29d18f,1.7515,1.8149857447033213,576.144,571.391662851498,1136.64,1171.6770010494424
5.3,101,L3_L4,tail,5a7d41a94ddff1b5bc5f2cbee608335b420ae26908397e46c1ced51e5979b735,1.7994,1.8031668431022967,571.371,574.6761985865617,1266.69,1259.2433716917672
5.3,101,L3_L4,tail,670a259cf71bf4f93a0552a6bf44e7f91ad8e746338d25611b069499370f7a3f,1.8095,1.8039751961440216,571.098,573.0848480503917,1278.29,1276.3299647722301
5.3,101,L3_L4,tail,50e441f40cb8da639c7e205cdcefe82f5221f2aeeaa9c50c223ec7f03e28111d,1.8115,1.9285879716065066,581.492,577.9754955989766,1144.48,1177.108001698109
5.3,101,L3_L4,tail,43f5bf7e956cb28b1fa40ea82df29cd778d28554a75130627749b37a63659377,1.8138,1.853754706399286,581.533,579.2242687205403,1285.01,1261.1913381467584
5.3,101,L3_L4,tail,54850cc0b249e4b5697dbf1205e5b037cb9b4f36c9aca6cb3587d142fe8cdc61,1.8322,1.932069760294835,575.514,570.7657631326997,1248.45,1236.8793220319844
5.3,101,L3_L4,tail,a45dff193b55a2357c2d47596721ccddd758909643155a1806e900348cd4440e,1.8492,1.8558082352841176,577.022,575.292460789936,1261.45,1251.0811948153641
5.3,101,L3_L4,tail,67c7f65a5d602308802cc5e68fc6e5c57b46a62e8993ef8f6d12f394aadefb97,1.8605,1.89862638028587,573.154,572.4789229490827,1189.97,1204.0712778554666
5.3,101,L3_L4,tail,d4f99a9e926fde1018af55d4cd874fe3a4a51c06d87735df2672a11e0d1a6bd5,1.8954,1.9131652818940768,559.993,561.0042680584005,1217.98,1193.116467467637
5.3,101,L3_L4,tail,ed6da49f34cf1b9c82b2f6929c46409af0ed2de6faaebf2719d0a0b71064950e,1.9028,2.0056095355588592,566.548,566.7263800117967,1135.58,1158.7886419777374
5.3,101,L3_L4,tail,68e8d680efc4a6e429e9c6c123b31fd4fdded51f748ad48c7108ba2f21cb90ca,1.9078,1.9306561104835986,577.61,576.8314156601848,1190.96,1200.888495869714
5.3,101,L3_L4,tail,6334af79dc073d73da66a6e900378a8cde409df1a2913e07528a9a86b5e2d54e,1.9139,1.95169415837228,566.825,563.3629859792367,1138.26,1183.9758696738722
5.3,101,L3_L4,tail,2a9c2d66d8b82689614fd74ddda931f8e68488c9e36d4d13457acc32a92bb2ed,1.914,1.916260517863682,559.484,561.9723691155455,1180.83,1227.3494160924006
5.3,101,L3_L4,tail,ac0757b3cac3208ae46d12d454d4b218a21afb1789d586b0e19e539eb2cc6eb7,1.9332,1.9700638917626003,548.409,554.1813613087755,1181.79,1210.129154128052
5.3,101,L3_L4,tail,1d1bd871a177447df3f6e7bcfd00ebd4bb4d729328a697d89b29fda7da199fef,1.9357,1.9419485217863426,574.907,570.900234872136,1237.93,1221.5644199789717
5.3,101,L3_L4,tail,1d56008365a68b34d779dd67c2f8d360625a9ddab8923c08da47bb23d4c69769,1.9428,1.9259824730892139,558.791,559.1795049930735,1156.78,1151.233125631631
5.3,101,L3_L4,rand,030a394a45ca71f487e18af4c67699c45ec09d7ab715be0cdfb04683ec734138,2.7462,2.551116614912848,567.531,566.6290003626359,1301.93,1290.5082705898562
5.3,101,L3_L4,rand,c5bb5bc5f47926c6a660553c5edc871ca7ca6cf14ba740dde22a882b8949e358,2.4625,2.393045001191391,563.08,562.7067498985688,1325.3,1282.4995716895469
5.3,101,L3_L4,rand,6fa5104051a1683a425664b5015d9ff01bb860e911ff3924793ea4ca55bfe64c,2.0565,2.022370440020027,581.305,577.440799429889,1203.54,1209.2969928593334
5.3,101,L3_L4,rand,a577f6429c63c8f6f49bf71c87d50af67429ee141e88bf0336d5e7fa7dce25f9,1.9727,1.9520439050210197,559.733,556.7384351080303,1115.68,1114.9738947676428
5.3,101,L3_L4,rand,64da65c3508271fdab672d0c8988781c1b19a352e6ee0e6579338df688f55ece,2.3816,2.400259968899357,569.96,566.1318764726404,1229.64,1237.3343788020138
5.3,101,L3_L4,rand,bba1c1b61be25628c64dee9951e47efeda42a8330b6448d482c9d6adee982f52,2.023,2.076287708322408,571.982,569.3184054909998,1167.28,1224.0774082146704
5.3,101,L3_L4,rand,e97902e534af1bd11329ebaf281de19158573a0674051dbf14ce5f0f1348c7a5,3.7831,3.8958831401668674,569.114,564.0461795362949,1403.25,1355.4505146205988
5.3,101,L3_L4,rand,510df76d4e03f126d49a88c4bf3a9df7dd2b4da8eefc8f1ed616488f195704be,2.7832,2.678513299119152,567.513,566.7806376228123,1310.29,1305.724670090694
5.3,101,L3_L4,rand,22cc3eef2ee4b542cbec99bbda8f65bd7533faf6988017eca57e7eb23c26eacc,2.0286,2.0720695121553345,567.085,564.3482302358765,1061.04,1105.1335629800728
5.3,101,L3_L4,rand,48b8d9e943608b1e401ab20d32b550ac61aa8f06bb168f9058c2a06727572059,2.1804,2.2164739213734066,559.205,562.5752823666268,1325.24,1325.9632362589714
5.3,101,L3_L4,rand,696683600531368f184a3b9e15a5defb1a0c97d17b359eeaba247b261c4cce72,1.9685,1.9789802499524605,560.206,561.3382963724422,1269.02,1245.2420824903093
5.3,101,L3_L4,rand,f78cb2ca6a7872e6716be664f4f93cf293be71fa5d6cdc37b5b9e55863aa4866,2.2145,2.1753890022994575,571.713,571.2364149296567,1235.82,1246.859072816479
5.3,101,L3_L4,rand,cd8e2e6e72368341683772f20bd983f318726323d684f1835dafb997974934a3,1.9684,1.8752364845686134,563.776,565.8043151573953,1158.63,1175.1612249216778
5.3,101,L3_L4,rand,859342c679f1d44931a0e087ecd3f2f54ae6e4741f3946f604fcecf5fcce3dd7,2.8962,2.805039777324694,567.187,565.9818245083575,1206.24,1215.273059847153
5.3,101,L3_L4,rand,922122405d864588489dd5e94c41af47e2eeab19d54fb27171544618fc3849ba,2.0311,1.8485665757323688,579.12,578.7378891251412,1210.43,1226.463133891109
5.3,101,L3_L4,rand,b16c38fcfaad116c316a51e161ea8e9fff00bbb79cbe216c8cbbf516491b45f5,2.1007,2.109374357693846,563.275,559.5501063501864,1198.0,1204.664630037114
5.3,101,L3_L4,rand,4d293e6db8b0af4c7fb5ecae3cdb1ebbcd21bdc5a7687271026e8ac8c0554f1d,2.1,2.1177060899912235,568.829,569.7394950252373,1262.93,1220.3789430618103
5.3,101,L3_L4,rand,40a32bfd8bbbdfa1364a722f3e500a0f39e41209d0ab58cb0b1ce240314c0e94,2.0769,2.0849885208921624,571.13,565.1246291497881,1238.89,1215.6265926591418
5.3,101,L3_L4,rand,579bb193d076a2ad54c9ff65ce025097d89a09039b000abed054c945c09958ea,2.0979,2.0902153504081147,567.921,569.9150633487798,1264.96,1249.1934204303575
5.3,101,L3_L4,rand,36f058f9878aac1e518727af04a336a8fff42308d56e7ddb3e4080764e748ba2,2.1129,2.1121103731399486,567.552,567.1850260611682,1280.04,1287.6708730621472
5.3,101,L5_L6,tail,9b1a1b60ed3cf92e2cd4bd659d122e0b48d975fb5e7350faad1bce06f85ed0af,1.7831,1.8826925470873852,559.548,558.6899461908816,1101.77,1116.4548462947014
5.3,101,L5_L6,tail,52284d8d0143e5ac18557b0d815aa40d8ba3ca1e7cd10e4b626d1ee7e4b15eca,1.8517,1.8920426859934905,557.99,561.5234656388675,1158.07,1167.619786438528
5.3,101,L5_L6,tail,a70a33cc74b2dfa5e02f4de54d1456659aa26ee7f422ff41c090ed3657d9fd1b,1.8866,1.9218813464707791,570.024,572.7453513330338,1240.34,1243.6595409119568
5.3,101,L5_L6,tail,6c43288f0f44983c7d31e9638b3024100d49d80a6f49c9f6875eb634bfd37758,1.8898,1.8919303567087344,583.771,581.4358459831686,1296.3,1270.4952476485205
5.3,101,L5_L6,tail,0f60cebb89167f25dc4f4137b1d64cd4d51724daefe5673d95931d508f742968,1.9033,1.8557496755610412,570.127,572.1709819406213,1257.39,1227.2007062724388
5.3,101,L5_L6,tail,11aaf76290be1241d580494056a789153927d9add57a65d20bd437ea69f4c93e,1.9115,1.9340722606547867,567.564,569.0229445426933,1200.32,1202.8775534444812
5.3,101,L5_L6,tail,d51a1596dfa3070dc77bb7be119d4a01f66bb5cb6691d3fac306e448d6d680fe,1.9158,1.8965819493811908,556.727,561.6031055797943,1186.87,1152.4630077731276
5.3,101,L5_L6,tail,d697955d061d97af45e6d08292572af9111c5c52082a03c31ba4aee296631e02,1.9191,1.8539423942370177,558.585,562.9164991890065,1162.04,1156.432096472638
5.3,101,L5_L6,tail,644f50bff2ebf809cadef80482f36348219937994fef5c9b98e090aac7c7fd5b,1.9394,1.9683182554913028,562.885,568.6920537088979,1231.88,1256.4845779260381
5.3,101,L5_L6,tail,1140b6e0909b8663ba730943a6240d8f5c76f62cfb390501396b96fe6fe08657,1.944,1.9786675788202817,563.775,565.093624947246,1122.82,1135.0617399926791
5.3,101,L5_L6,tail,91d71a555cb950c6458975a909fb900ede13bef43ee68ef982207a8b5151983c,1.944,1.9247748966865705,571.377,571.8247057474395,1214.77,1200.216034784794
5.3,101,L5_L6,rand,9ebe4625eba57da20989e9a9dda4a5c1a7dcd323270c5e865d59315e56720383,2.3779,2.3105549207951075,565.328,564.8581263233687,1260.92,1239.1525522703319
5.3,101,L5_L6,rand,368ec7dcfaac29d20774f92909b79c6595f85f5e63555816900d01879cc1467a,2.2123,2.412585543169133,565.263,563.9926019527912,1239.73,1233.9108993505229
5.3,101,L5_L6,rand,2b93b06536980c416197efa5c9305f8eb5ad780b0be27268ed01afbeb1811522,2.7985,2.7231335194709088,553.843,557.7948797541567,1347.44,1322.0262972062528
5.3,101,L5_L6,rand,abcf03ee946bf2cb60e3bd10b19ddfa3c607db4034bcd77889252886452f5d5c,2.035,2.0189084373594683,561.963,563.537223351192,1300.16,1271.1632143922152
5.3,101,L5_L6,rand,a554491c117556ce4681ede10376a0f3b313699d2c0dcef5357e88c51cff4b58,2.0979,2.086101787665804,574.677,573.6321983586091,1337.67,1279.7697314897168
5.3,101,L5_L6,rand,cc61645360126e57cfd2c8f9e874b7f49d9f5869f9865e17fdefb494530935d8,2.4968,2.636184874937209,560.231,563.4883005417357,1320.36,1303.101466634144
5.3,101,L5_L6,rand,cf805207a93d74665bc42d725e50b2520b0f42d83eacde1f7d0cce1ea327f4e1,3.0525,2.9451288856542512,567.307,565.808078531445,1247.8,1252.642090853255
5.3,101,L5_L6,rand,17fb25981bb23059b6ed7bba805e7f9b2aaea8a7d91e44b5cfb58a4ea10de6b9,2.0349,2.000389836397736,568.655,570.7789798270226,1274.3,1254.4269202752753
5.3,101,L5_L6,rand,027c6f49953a85b2387d4253a19e321dea8f03b34759c8c33f1e36e72b01efea,1.9599,1.9871951422297651,564.227,562.4563582722224,1242.91,1229.0506894793884
5.3,101,L5_L6,rand,8391118adc45d033981b53a79381eca3e476cf726aaaf8ffed83d7a28de8644c,3.9041,3.7206930198034613,556.89,556.894922819012,1199.96,1199.9057836118336
5.3,101,L5_L6,rand,dd544336ef76ea58fabe5211cd212fb19e0e99f7f267f78ac88003ace580b4d3,1.9816,1.9297584076258185,567.085,569.125381415975,1150.77,1168.9376103745085
5.3,101,L5_L6,rand,f16ea9f64d7de76291ee608869a6bd0f02ee732e9b7098d390e91028680f30cd,2.0818,2.098396990981723,558.68,561.037768182965,1181.8,1169.209093133452
5.3,101,L5_L6,rand,37bccec7ba6d2fa8303113f515f1e6f3f91abff3660ffea82f725f3d6d7f7f4d,2.7054,2.4881596700398965,559.919,559.9591359397699,1166.27,1159.965885563914
5.3,101,L5_L6,rand,9c13af6ad7b4842fee5d8825ffaa5ef71c878b55994dbec8508656eeb67bbb04,2.0602,2.11381367137015,548.411,551.7515079329394,1156.11,1145.5592936493335
5.3,101,L5_L6,rand,b5bef099a5a29852a52687a87dd65fc01a0d60e0607c11e8ae2fdff5eca31bdd,2.2289,2.2802255706546033,559.324,560.5066426829065,1209.05,1203.0977242341178
5.3,101,L5_L6,rand,de517cf66935e78754335c345b37f9f564cf2c968a986dce18d19db2ee942d2d,2.202,2.2253526002867785,551.712,553.8591307149767,1261.47,1232.960133738728
5.3,101,L5_L6,rand,5ebc5e8214ea5cf635ba82d4615b657a77a321d70a048fec20e01cf507d02d8b,2.0991,2.1924013170509404,559.987,565.5723108999758,1216.34,1234.0931467755959
5.3,101,L5_L6,rand,4c2077833b730d0b7f33073acefe87788b750180ff2828dbb07e6d312b9b9e9a,2.1064,2.1117113335682096,552.126,555.1407738447086,1142.58,1144.9982941151848
5.3,101,L5_L6,rand,668299344f8768c6de6be720b405b97877c80982922f9631823da68653ac84e6,2.2004,2.20456983930948,565.638,572.2826232195386,1341.59,1341.7804612000286
5.3,101,L5_L6,rand,d2983277608630b3a12cddacd2005deba8a597ffac8418564ba1ce6530aef274,2.1097,2.1775263390497295,560.942,560.6219367527602,1239.06,1203.7766624578626
5.3,101,L5_L6,rand,142547a587ac543becb03633a4403dc49c8ef3444edb679fb5a42feddf193aba,2.0645,2.013143265222279,560.608,561.6507287143162,1175.56,1180.0214820022784
5.3,105,L1_L2,tail,822b4273fa7f2d2ff7a12c99bb1d652662b3e4871d4a7626b6e0a789b4ef5037,1.8046,1.908664213445466,587.742,582.190053858408,1162.17,1175.3366727978225
5.3,105,L1_L2,tail,c418b558826f46583b85152d0d34c7ece334e8a0eb2be8f495ccd7e37dc8ef0c,1.8767,1.9469448749625724,568.652,571.4539107321456,1125.19,1169.3597985281228
5.3,105,L1_L2,tail,bcd9b74e54db084ae102b8d888c8974623979690135e57b937412c490f1f9215,1.8846,1.9696574951547245,574.899,576.1640949320866,1174.63,1178.140527999473
5.3,105,L1_L2,tail,0183ec2403046321a46d59abf0c25cf44462e9cadbfce0fa9b6407ea3e27e154,1.9371,1.9603552022565376,583.501,581.0097550241237,1198.18,1196.0156041501061
5.3,105,L1_L2,tail,78c547fd9c1ed708c0fba7f0b5aefb2ec2652eb12838b5e6e370439940c98bdf,1.96,2.0700083644880127,583.818,583.5517818393306,1268.14,1253.7608877339835
5.3,105,L1_L2,tail,ea40312f5bc82c8057fd259127fe345a487c4a71aabc9592d0e6a931bfc8b2e5,1.989,1.9660114849230632,585.946,585.2881407492156,1218.31,1223.212052584217
5.3,105,L1_L2,tail,161daab8e8fc96adf233249385ac852958e4902a39bae1139c98689fa648c837,2.004,2.006734663616383,575.949,574.7265753078075,1194.44,1176.16029859497
5.3,105,L1_L2,tail,032b4a001f928333d225914a658abdfde179a4f4bf98d9de5849a7481f5c7d29,2.0543,2.0698979050731463,585.763,586.4792120384341,1296.23,1296.3616529509507
5.3,105,L1_L2,tail,aa02543d3c3efd175c63cec0cfda9da02937e3037963b472a9ef482f0d879d73,2.0653,2.047880794920369,563.428,567.370774264736,1139.77,1139.662905413603
5.3,105,L1_L2,tail,5dc3e7923ee1eb0d3820d8e362a1e3c72996fcfe64842a7a540faeef29589f21,2.0809,2.0728860007595973,590.615,590.4113764038706,1222.19,1225.2080310667957
5.3,105,L1_L2,tail,3500be8b9db6b84f16cbc7e253522f575056d6d8933e0eaa3fc25e46fdbe9c37,2.1054,2.145569559048678,578.102,579.1617585496581,1346.27,1286.5697203085942
5.3,105,L1_L2,tail,b2d1cccdfc78df4765d03d55f2437567f127b04869f19cb0945c72953e9a9c43,2.1081,2.155495889757619,583.53,583.7360391133241,1250.0,1274.948973184136
5.3,105,L1_L2,tail,6d856d97342b7c5c2f2d5b7942a4ee3c964d798fd028fdcf09e25d554993d0f1,2.1193,2.1367150711391036,572.841,573.9585594017959,1147.88,1158.6746674976098
5.3,105,L1_L2,tail,d2c4918c0062d6ca7550309b54f43ce13b09040cd5e2d8083596a7a3a203d7df,2.1916,2.1580108391145303,572.298,573.9685119358413,1264.47,1250.9504279279479
5.3,105,L1_L2,tail,1b2a0ee4cd4a93738e2accd03bf5d60e4a327d3d5d0552e7707cada62e34ad66,2.1924,2.167485790966658,576.808,578.3376927783636,1294.45,1307.472131834127
5.3,105,L1_L2,rand,18a804c5946545c74500dedf527d539b7c93b5afc6d6d5e4c48f615a516681e3,3.8777,3.590067766124993,582.568,580.6438120146038,1431.53,1389.991078744353
5.3,105,L1_L2,rand,a25103d1d21cdb923793a81c88de2abd9f62577fe8a37ae08aa974be7ec6c3d1,2.9286,2.582280484587589,578.666,581.3182482120701,1234.6,1248.9734229300175
5.3,105,L3_L4,tail,d2801deb43783caffdf188399b93248db326a26115423c4b94ada216cb658654,1.8413,1.920496915073994,584.102,580.718393807307,1251.86,1227.7111997334307
5.3,105,L3_L4,tail,46bee34d50992d60fa64233946cac32d12da1f74aa100763d955dc35cbcf5526,1.896,1.8732326486082898,575.267,578.0198617943695,1225.38,1229.5182695351916
5.3,105,L3_L4,tail,5fa4845788a6e1fb6ddbcfc60a97c2bcdb067ac5e88e35b9b4e7c83a02ce6489,1.9348,1.9347909118178646,593.773,591.29896540158,1254.01,1246.3202225783546
5.3,105,L3_L4,tail,97fe9f7da3d5b401ee92852ca2d4508c52c7edc0eb6caaa17ecb078a5fb374e1,2.0309,2.0310919469220794,584.725,585.5543058450606,1255.3,1287.5230352315887
5.3,105,L3_L4,tail,c3125b7f2e2088a6bd6b72e2750c76f79035cc3d0a80bc771c6282f36497e75a,2.0353,2.0571380181235854,585.921,583.3593229989261,1315.95,1270.4248758317954
5.3,105,L3_L4,tail,a0254693415c9ff7d6b3999c62387d56ad8dc9b78da884e6e1fa9fb341a58b81,2.0714,2.060208558910807,585.962,584.247274484058,1309.31,1295.205422298382
5.3,105,L3_L4,tail,e2d5a394be664ab5aa29806ab09649e07b5d327b9f4698f87770f345d9465efb,2.0736,2.0739597385197683,587.341,580.6190020241638,1243.24,1208.113785331788
5.3,105,L3_L4,tail,81d7b2230ddac83f08ddc280eb1da0a4ed80d71528c093d8143297279f21f54b,2.0913,2.0083485921236655,584.297,586.4412428936918,1316.95,1312.7365586006501
5.3,105,L3_L4,tail,367058adafd5b2f5de9bf01c1b429cdc14dd2f81938cb080b728501123210d31,2.107,2.1220029021038114,588.753,587.5931724768046,1290.06,1296.2148456724951
5.3,105,L3_L4,tail,6f35be9f4357b61e59bf08be7e550e731df50f367d69de4ecfeacd9483aa7cc3,2.1279,2.0677489153448656,585.558,584.2219085467523,1279.07,1287.8921046790535
5.3,105,L3_L4,tail,933875328608243d7cda1c9b49afadb3acba90c6369a13191518769a35a12d41,2.1412,2.16938406850351,584.582,582.6096982082736,1208.67,1207.4939628021878
5.3,105,L3_L4,tail,926893e14ae300c67e8f18f76c293a0c9f4a70dac341cddeb21c221b99f97bbc,2.2076,2.1824593068630778,583.981,583.571812825483,1188.73,1216.423935560473
5.3,105,L3_L4,tail,4297336337f806be6b3835f9986aee7b050cc0022095b90baeea257bf553f362,2.2158,2.1452168381018946,588.813,589.2836003682177,1412.82,1368.1784309341479
5.3,105,L3_L4,tail,89d4ecfdff1496491164e81a369f8b56aaa7cb8f8392d68289b7bf647887a02f,2.2408,2.1927639085768607,587.856,591.1814898361348,1334.32,1367.771652925193
5.3,105,L3_L4,tail,7cfb712fdb938a619f1715059c171aaca883ef1dc14956d5efd7f3ca70f356af,2.2494,2.2884015768134858,590.346,589.2166115345152,1223.55,1235.152308658046
5.3,105,L3_L4,tail,ca25898e965abf553b5dd7440d63dc52a575bfa54f78c5a1a991c73d15653d4f,2.2692,2.249000221683967,570.09,568.3815946373226,1145.45,1149.028682921416
5.3,105,L3_L4,tail,24429e47480b0032480f076d63c6611ad39c7a89bd4c0d2a3cf306448f8c482b,2.2987,2.3269983197003348,571.19,574.3028834494436,1262.64,1273.0122661869418
5.3,105,L3_L4,rand,ea360d44e2bf06b979dfe91263ec008e4fd7a453e86203e81e29d06129505b66,3.0777,2.6506230009310094,604.551,601.0851013173748,1422.69,1370.4949994628844
5.3,105,L3_L4,rand,3dcd46c0fe155c43f590c0b560da62d2c5b1e8986d3d17e52bea3d2993c36f82,3.9723,3.9021462215439238,585.914,584.4053194569536,1358.36,1367.9890855657636
5.3,105,L3_L4,rand,347c8f9776bec1ce6f4df360d215c157d54ff7d8e4ddb4326650321cc9a118a0,2.714,2.5711262566918855,600.683,596.2368675789611,1280.57,1289.3115328291676
5.3,105,L3_L4,rand,81aef146b216f80bf88049e8f2c5ba0ed6d8d26483a018f5033969d47e4c60e4,3.3257,3.1507019748209903,574.756,579.0095258245598,1387.95,1352.6018420865225
5.3,105,L5_L6,tail,77f27f36a4edfd7ce7441a4f9d524c9f02d83c7aac010f5c8557517df6c27ef5,1.8795,1.9081146938862767,580.543,583.5608487090774,1241.75,1244.049843791793
5.3,105,L5_L6,tail,0e1d03668947eda13d79f8698a37488b7225ec3feb8ee543387f60e22b34d547,1.925,1.9665529668552368,582.516,581.4200257708021,1231.94,1197.580229735863
5.3,105,L5_L6,tail,bc3f74c5b895761eec89906b711b66427249b17fa488c7b9c34bf2037ef04b3d,1.9891,2.050846228841711,592.681,588.3446979667502,1283.18,1239.337234318154
5.3,105,L5_L6,tail,ffe1b17a43977fd25df9f652e4b4a24f11cee584996f6552808d7833833bc93c,1.992,2.0123504060064485,576.879,578.4619018728122,1210.21,1206.8317744972119
5.3,105,L5_L6,tail,771661a1310b14dcb7841e57ec81b35e84a348cf3811173afa523c75469abd24,2.067,2.152007679214072,583.392,584.2382701755565,1327.51,1298.7520334808012
5.3,105,L5_L6,tail,a041e7c28fa6de055aca33293d00cf29c63cc8415c4b2de2717bb84f7f3518d3,2.1033,2.096204059094948,589.321,590.5417488392097,1277.27,1291.3195874933167
5.3,105,L5_L6,tail,63a1a9d50de375906ab8174e0c58cf244852da14b0055101865635335f969f79,2.1786,2.2141967721612823,582.215,584.6232781241719,1326.58,1329.3567740809801
5.3,105,L5_L6,tail,96224358e3f5e23d7548deb53e9a9074273b2a0b45622213483bf16a091f00e3,2.5096,2.4261957455391716,579.82,580.5326720018118,1203.59,1188.9977989082483
5.3,105,L5_L6,rand,43bde11c502fb9dab7c251c1eb2063d57e16626eab52fe9618f3e3532d64f7d8,2.9268,2.8320538113389535,587.569,586.4000418237847,1240.02,1229.2218412940679
5.3,105,L5_L6,rand,416e26918f13ca1ae69e607756e568653437cde32086686a306a922eec2d0747,3.1898,2.8791872543471935,571.091,574.6873832806245,1293.69,1291.5662144680666
5.3,109,L1_L2,tail,49b8879c984c11e6595ec1ae698ad26ab3d09a242152f81d98dfad02372a38c3,1.6846,1.769715384554478,605.417,606.6040828211319,1276.78,1277.7527927321628
5.3,109,L1_L2,tail,e665b009bd83bf65e017adf1a73483fbc8036e7b6aaeaa218a4af7df7186b205,1.6906,1.758251157797756,601.083,602.3537669566292,1254.96,1281.8765726910601
5.3,109,L1_L2,tail,30b3f858300191119bf622e68974a9dced107ba135a1198c716fa4ec684bf406,1.7145,1.720266667439996,602.163,601.3952868274533,1232.02,1238.9122498808238
5.3,109,L1_L2,tail,886dd75e197dc6145ad5f5aba396cd4ff941266438d9c0c888941168eda77ae0,1.7304,1.7361030309730547,611.932,612.6714812385482,1305.98,1306.0702938337286
5.3,109,L1_L2,tail,b12b43cfcc2731ad013631e852d5fc66ffe269f042128136b3f7e3acf3787d27,1.731,1.808402992389238,609.688,606.5680018899652,1291.86,1283.5273697163013
5.3,109,L1_L2,tail,ae13f334d0afba790f0974f8cf7854c918e0eaaafcae09343adff075a4288fc5,1.7546,1.8257578812464974,601.313,600.8072025284241,1191.54,1186.4588759055189
5.3,109,L1_L2,tail,5efd08ae972ac6adca7a77f78f081beac21be25b786bdb3b02d87a359e04d88f,1.7941,1.8265114344562114,595.316,598.7407778675117,1281.85,1278.4108502088068
5.3,109,L1_L2,tail,fd6d2949cbc6f945d73dc6af774a9bd73076653806e8bffae141b94a0dff8e91,1.8091,1.8601658407996675,591.098,591.5740348103487,1230.02,1229.5810013769221
5.3,109,L1_L2,tail,fc72f0ea59de6720cf8f1c35ae7fe9bbb5d004b52723732cc79e09ad1468df83,1.8109,1.8750074709302385,605.292,604.3892514945144,1208.39,1224.4554576309126
5.3,109,L1_L2,tail,db93f5335a0831092a7a4a85ce7a31bc70e37f67030c19693071e1d7575b907f,1.8128,1.8055158673746976,600.63,600.770695801252,1237.23,1220.8910107119912
5.3,109,L1_L2,tail,a11e2c46b838027432759ec380eb888b3dafb7f71d0c23a52a59837f5976344e,1.8379,1.8300241901236243,599.935,599.06644327357,1257.2,1285.2328708599923
5.3,109,L1_L2,tail,e92b56425cb250a38c096c4472fef9e932ebc8daabc3432e4b57c29d31059964,1.8524,1.9832891261172254,596.617,591.8433845805885,1143.62,1137.2064337443858
5.3,109,L1_L2,tail,97a567f010d62294444a6fbb8f13e872448e406589575380c10bb4ae4d1dc9dd,1.8645,1.9530931553115365,590.848,595.8773083107835,1189.97,1234.8439621405419
5.3,109,L1_L2,tail,dba9cfac6a205a03750753f78d0ec1fa1ad2c8032fae2be7f8a0d080a5d488ed,1.8768,2.0026323842154654,601.55,599.380150056588,1222.96,1224.5906324967843
5.3,109,L1_L2,tail,c7154bc939984faf7124d61fe62db323da9fcde6547ed9b173e55208cf62495f,1.8777,1.8584767190879556,609.907,603.8648007098604,1361.9,1335.1792141363624
5.3,109,L1_L2,tail,8a401085d7f8845228f33421396ea963ed7101443390fb290aaff478634a1914,1.8859,1.929604594387731,605.121,605.092364977082,1318.02,1302.8295150181905
5.3,109,L1_L2,rand,173cea5aab1ced22f4d38f8e7f06f195214d8e75d7726289a9c824eac7e81be5,2.108,2.120859276435401,591.678,594.90899124826,1358.67,1352.5284287588777
5.3,109,L1_L2,rand,e6ae225f10fcef1150d58c17daa7dd9588ce8069f8834dbb19afcd71aa55414b,2.4052,2.4670199798884367,589.405,589.6455440392058,1221.8,1244.150668952167
5.3,109,L1_L2,rand,2778eec9c8b2fb22bca7e087b584451c56a77c1c4c0f4d6dfaf1ff44661b5bd6,2.3273,2.234250279300734,606.445,603.1590079939015,1326.13,1312.4631754141503
5.3,109,L1_L2,rand,fd03ff5d2a024b6f06e0f5d9efaf197564d3875e95160cf69d00b6f6cc7a9240,3.6327,3.682770881583794,601.071,598.6548971320462,1262.78,1291.0639386919295
5.3,109,L1_L2,rand,4b7b75ae3888b0064c72a63335b6d6de8b2c9a04fdea2dbaa8065e247540fec9,2.3674,2.4218195118820676,602.576,604.7407174455675,1336.49,1350.3757384517392
5.3,109,L1_L2,rand,cb7aeceecd974d4d459234ccbd0e38cce48c0fb8e6172c39ff30bc905cf27d35,2.3105,2.287621688981682,578.233,583.1555205241266,1217.61,1238.0462605198097
5.3,109,L1_L2,rand,47a929cfb1b0d29ad4d7fe7540c30b820dae0367567c647ab7aae20f10566636,2.2993,2.293374760178033,601.719,601.7335001984641,1300.62,1291.4668053965722
5.3,109,L1_L2,rand,789364bbf9b69a434ce4be0222c1c09035db30bb9dd421bbb9906daee24445e7,2.1874,2.1768010592252667,594.141,590.0143545553262,1248.29,1237.5178968899593
5.3,109,L1_L2,rand,23001ab9847351953af6bf3b610c981653d7b5a0d1e0243d2bc6b23cb24e0da1,2.8953,2.638997018448831,598.366,597.7822287953816,1316.96,1301.6257041556903
5.3,109,L1_L2,rand,753a29816cb7f8d34dae53d5dd94602d5981e634647374cdf95a7070ffb77aa6,2.306,2.310501224188315,573.487,577.4613001249552,1263.19,1243.2965669348566
5.3,109,L1_L2,rand,4bde6caf7239ee54043df3553d830beb61dbf0111d7a2582a58d68ce4dc0c72d,2.1021,2.126917786725078,599.168,596.6077323621009,1295.28,1305.2292924434148
5.3,109,L1_L2,rand,186c824d95b2946c4d36838649d5e934cd2355bf7c916c512f9858bc4d6d4bcf,1.8999,1.8914262561782116,589.163,593.2849342998716,1271.14,1275.8512781808502
5.3,109,L1_L2,rand,a3b7428152337b4609fb9626c4a724e91a55161d5d0c70a4869ff2820c27bdc9,3.4686,3.093990051912917,599.569,599.3146792067646,1360.37,1349.6578760227374
5.3,109,L1_L2,rand,35077c1e170ebd05f40bd76ddabec097a8c099ece15e40dd12f8c9b8e55b1900,2.0075,2.075984977381111,598.919,597.5232074431199,1272.57,1268.52920069602
5.3,109,L1_L2,rand,e3dd4c5e410fe948acbb4dfcf547e599296938a7415a1d0e5664c89855348d54,2.0534,1.9641354881605388,592.552,592.0565799244497,1217.42,1192.2310571581882
5.3,109,L1_L2,rand,034909a2645ffb009e78f07e628a129e842542f9cebb0853cf382b3a10dac825,1.9244,1.9716751967232633,606.459,604.526396640626,1318.59,1329.592318386909
5.3,109,L1_L2,rand,06e03c88634f3126f52e20f2c57603c0e93cceadab78beaffc72aa942b16d482,2.2702,2.2463310733355417,595.242,592.9753299806296,1226.74,1221.3643989179225
5.3,109,L1_L2,rand,3c559b60f9848d44cf64fa4031144dbf96b619e9ce1e75db3cd6f808e9e5515a,1.9825,2.045352169323565,600.51,599.1560299118464,1271.23,1265.4896003016834
5.3,109,L3_L4,tail,6b43ed6de5507a333b6857fd7445df7718f58ffe14ed5c5d11e3cf1bffb8d4f4,1.6974,1.7755758094484537,614.863,611.335355128736,1264.37,1251.663226895127
5.3,109,L3_L4,tail,1eebce19387093021aa5dfc44546abe44a1fa76ffa8fa22820e73384abbb66f8,1.7026,1.77500175443856,604.433,605.935284804631,1241.39,1238.3213972914723
5.3,109,L3_L4,tail,9b04e6a52fa084e99bd6c118db33e9968e7abda45355e3f53832c1dfdcd3226c,1.721,1.8006029140797981,612.924,608.4069461643583,1308.9,1295.650151751057
5.3,109,L3_L4,tail,f2b3ce81cdbd4991d2497418212694e49256f5bc5e33f12ff284b8a4e273b383,1.7581,1.7609659571977692,603.28,606.0994724264788,1272.8,1281.8643432276872
5.3,109,L3_L4,tail,a56a7c0aa2f62126dd97e7f8a938497286fbeaa49010ecf438c4d902e58379cc,1.7717,1.8848522933812073,594.575,595.4469172990637,1200.22,1219.8122035847357
5.3,109,L3_L4,tail,6abd1f03e727985089763a1eb422caa7fb9694a808661fcba9eaf22e417e92d3,1.78,1.8381398572971226,613.795,613.6776857050289,1279.5,1284.8183906265526
5.3,109,L3_L4,tail,0f75705bbda5284691fc08ffee5fcf47e9c693dc692b349b1308ee5e2f59ea18,1.7817,1.7841758123439289,608.02,606.6850751890711,1278.05,1275.4586984189914
5.3,109,L3_L4,tail,1b5484b7c6aeea0387ea0a1fddbe6f4c93485cb280d9ab772138a752e99e00fb,1.7974,1.7949083919680002,613.699,612.3527700891013,1320.62,1317.4571841441673
5.3,109,L3_L4,tail,d8f8addf650e1013845877c640d34c9c47b2c3f9411cb879b116aa9500637ace,1.8181,1.8164546366571717,613.77,612.6291330152064,1361.15,1336.8707507198171
5.3,109,L3_L4,tail,d2bc137696d5405f3e5cc0637b7f0398cb7dc3efea51f63d8f99d529d1d0ba8f,1.8267,1.8973143039367817,603.926,603.4061493900451,1294.23,1302.3361830241072
5.3,109,L3_L4,tail,70f240929fdabba6bef2d70b9004d061a91ed6ad41f21e6e305d9fcbc486a081,1.8283,1.855686421702197,613.514,614.8290550467186,1282.83,1285.6909868034609
5.3,109,L3_L4,tail,c854cbbb3fd8cc4d850fe8edb1af779e45678b88d24f4a5dc2644dc2b4eb6fa5,1.8305,1.847262198718843,609.615,607.157882856633,1231.79,1222.5338340583144
5.3,109,L3_L4,tail,51cd91868805fd82f4aa7e90ee0bbc1d24bda8ef41b4e5e2f325de58464b5f86,1.8457,1.9333199179148295,608.413,606.8687490139334,1307.03,1330.5889291117721
5.3,109,L3_L4,tail,21a800fb18b3fbcd9bdc390bc09397e27c25a2bea80fe01223b75f29a01c6fa5,1.8481,1.8887302672691786,595.735,595.7026617522579,1186.83,1201.721425169449
5.3,109,L3_L4,tail,a9a29d771c5409cbaf81a472c73a404b041879a855e12542f7859c36fe6f61e3,1.854,1.8651221170063443,616.968,613.5328875605553,1357.51,1341.246537023225
5.3,109,L3_L4,tail,80e1bf08c290bc5e3c0317e5e9820c1d73c4f9f0471a7f16bc20b66f9184b63f,1.8707,1.9077315820888736,592.298,594.8683490298235,1250.71,1261.3217172590378
5.3,109,L3_L4,rand,a3b07995ce3447eab20a4e6ce012c90500550d9316c9b25015d1c9b289a59ddc,3.0375,2.990717290940018,603.914,602.9975764648589,1407.71,1407.9888166451972
5.3,109,L3_L4,rand,3a0d7c1e4f9a9352ec7ce27db593cad77261841c41184d43772e6f5ef78d94cf,2.0537,2.0442162874132235,608.677,607.7804368556447,1365.13,1353.033537005454
5.3,109,L3_L4,rand,0c9c15681e0a2669851c552a29c94bc52567d4b1e8edf5bcbf2abfd1bf272194,2.5607,2.6758625110984062,608.147,603.3130670119772,1379.27,1368.7138853283302
5.3,109,L3_L4,rand,d96790162a730fe453fdb52ab2c99133640d28f111a3c2fa333cf6f9990decdf,1.9167,1.942260966729351,600.538,600.2228717086045,1225.57,1239.1921217619915
5.3,109,L3_L4,rand,3506ba752eb385b54aae42530d8e635a2d8334c3667e7c8155279ccb45b4dbad,2.1385,2.185238065554066,603.411,601.6785432961167,1363.6,1358.0496514192678
5.3,109,L3_L4,rand,3bbf729a33ccd813c8cb710dd0b9133b0fc5cba75e4e48731998e3690efaef51,1.9167,1.900188030817946,599.579,598.9118123458218,1266.83,1280.2880710665067
5.3,109,L3_L4,rand,58f459d28e5b05b2659b407713ac0eede3b37c68c64be41a42d943bf729b1177,3.4943,3.208190393785327,600.647,600.3631620645265,1223.52,1242.820549161633
5.3,109,L3_L4,rand,bbcb45445c85c7d2003fa03523222c2edaf0ff0539d0f1b3cbc43a375bf2d747,1.9067,1.9217934149549198,615.476,611.6791369592002,1410.67,1391.8503360045033
5.3,109,L3_L4,rand,acc0484543acf211d18107853e4c7afa735d0f1fe7dea3b92f1b89e5bd5fa96e,3.3578,3.488700108746507,601.083,602.5330487045371,1370.97,1397.9087506139726
5.3,109,L3_L4,rand,47b1c7e233bb57016306026382428f77398dc3b74f8e5fb0546923a844c59bc0,2.1634,2.1838585682015603,596.607,596.9147547718921,1253.3,1271.2143949032347
5.3,109,L3_L4,rand,45b18ce397955724bea1f948a25a834135928a6af4b815a09a9a75f1e599b277,2.0712,2.032666663437155,604.145,604.4285970421884,1291.05,1327.9805683115376
5.3,109,L3_L4,rand,42b31085cbbf6811727ed1f4f123d04e4fe9b3587f757fa686c61d656bfc5b91,3.3914,2.872884276190742,600.875,600.7826947752885,1303.36,1277.3121584541964
5.3,109,L3_L4,rand,e74a0cbd8a094eebbc2123a2f495211fed4d1a0b1e4d7e6f018ab5880a7cd948,2.0298,1.9700743341284628,612.668,610.3384203574117,1255.11,1260.9023886133723
5.3,109,L3_L4,rand,c0368b92f2aa7ef4af720b8e655a2f25d62ae3f543f816a3aba189f6ab7e9b6a,2.3023,2.367296557503804,590.844,592.850794782966,1332.36,1332.1185419455485
5.3,109,L3_L4,rand,4fd1e9da8dbb115dae600188941a7a5900a1f09b79946dc9fb94a7172863a980,2.2299,2.227327458166744,587.883,596.0209498354277,1340.13,1379.3058058389163
5.3,109,L3_L4,rand,b52541047d0fac2c17fb8d7f04dd95360909258621137199e2fe4a64ecb85591,2.2865,2.2165896656984647,596.799,598.4608137211324,1167.14,1195.2758244796862
5.3,109,L3_L4,rand,41e2fd7012aaa878f459a3af159bb56422cf01720bd630ee75cb007f1ff41505,1.9454,1.9666063154208122,611.318,612.2796060349662,1296.95,1314.090459913488
5.3,109,L3_L4,rand,7a99210fe93c08ca870b69f6ec239486b2646e79d67e084da80c80d695d41256,3.0826,3.1007991632937335,587.101,592.4007801960483,1305.98,1305.6947589008416
5.3,109,L3_L4,rand,beeff0f837efb0825efb3107aad67be0da3dc937f77197230fa34114dc04f24b,2.4691,2.43812709687124,604.04,601.5984628060465,1309.59,1326.691091448774
5.3,109,L3_L4,rand,7637ad31210b87430e27a76622f46eeec4d3cde91d565ec9314b4b99ab3a015d,1.935,1.9205684676858497,600.253,600.1528196266618,1297.92,1282.6555997050593
5.3,109,L3_L4,rand,f2760dfe1e48297a755a2ccf7d9a5e80e4d8332d94d7a59e99a042999e13ee5f,2.5479,2.50408117340405,604.058,602.5097040642208,1257.31,1258.0022260997466
5.3,109,L3_L4,rand,6f2243236461e370b2bc6e8dda80a55f32528b5863adec5b8eb110708df1f7cc,1.8978,1.9090490192916012,614.285,613.8886323564543,1406.94,1402.0200978108624
5.3,109,L3_L4,rand,659a0c1a04a823cfcf69fd9924c432d93fdf5be13f7f8a5792d658b39f57303d,1.8901,1.8712171267501372,602.038,601.9761814814262,1193.45,1233.1708539213598
5.3,109,L3_L4,rand,df360745d32706ccf46756af3f84037e7e95c24b5924412ebffc3bc937e659b2,1.9809,1.9828560597126539,600.971,600.0660945276193,1295.18,1305.8724647752224
5.3,109,L5_L6,tail,eae5cd2561736aea2e94094a6abe4680bec255f78b039a6b4f1240d61ef5f70d,1.6964,1.7777825268870875,610.512,612.1603653178825,1293.86,1276.410603990442
5.3,109,L5_L6,tail,09edbd37c40a436241107865b6e9c95b36cd9492375ae9e44aafc96345d1aa50,1.7668,1.83442611717802,602.596,607.4413227369325,1340.49,1313.5277111196358
5.3,109,L5_L6,tail,c21ceb97caf5aebe933fd698a215ec805e1b5b3d8d0a84b4c819e2babea4b55a,1.7903,1.8277656027085656,614.327,616.3423863611482,1401.37,1393.7091971006214
5.3,109,L5_L6,tail,dfb5f91d1e1151fc1bb8fc2580ad7b74d9fe8f7df19778dde0e51fef4b211c61,1.8345,1.9254185167920987,606.2,607.1023546952329,1322.15,1311.454502670557
5.3,109,L5_L6,tail,a28939abedfb258f476a0187e47cc52e25fd1dced7d9a0d9bbb2138bbfdc8055,1.8381,1.9007890678149792,595.868,596.9177967384546,1153.74,1173.7970561805018
5.3,109,L5_L6,tail,7ed8913cfa2cf1f0d809ebba2711140f4d1746e9195c19c16a5a13d15cea0802,1.8476,1.9058377569396043,600.258,604.702821423811,1274.19,1276.7732576713886
5.3,109,L5_L6,tail,f624f83626830dca93926b1e72ac869ada06dd0e3333ded5ae0230a85a0bdd94,1.8639,1.9589628767379648,616.698,612.7042006347365,1354.32,1334.9687307292834
5.3,109,L5_L6,tail,584c7382f78c60793c2015fcd306f4c38d292d9bd555d2bc6ccb4da269196aca,1.872,1.9190366164800445,592.967,594.8330424643054,1152.21,1181.0424702124321
5.3,109,L5_L6,rand,85d11bcc551eac8446e9aa90cf501f600d303fa40ff6d2950a866b6667a8c0f4,1.9155,1.987833510635951,604.323,602.0449512229889,1254.12,1250.298368167519
5.3,109,L5_L6,rand,86937c6d54ec77758c374454f633e8843a2f9172b6820bf4ede39087a299dc04,2.2965,2.2993956886420364,585.968,588.8800407805493,1268.56,1274.5101585845853
5.3,109,L5_L6,rand,011a5f9e22cf7bf4365cfdf42edcfb4e469d09803238df757245f99999936280,2.2299,2.247472570433651,607.766,609.7905178644671,1295.54,1312.0484072029637
5.3,109,L5_L6,rand,456c677e2036842043654a3be84454462fa7e72ad8b32bd34eb3f2aef45ed16c,1.9053,1.8604081393117844,586.63,593.1323246222948,1239.41,1255.0045077327163
5.3,109,L5_L6,rand,7be6ea591f3fae9ed9061ce5dc9017f1bd7188d41e34bccb25295dc55a5bd3d3,2.1572,2.156052195058836,598.244,597.7457000938048,1246.53,1234.3618118575994
5.3,109,L5_L6,rand,73725d6bfa219668c99d1cd21ed3b4e02f7ce69532721d1db84e1acc6cf15f46,1.9063,1.9152979060152524,595.362,597.7991927717846,1315.71,1307.7097769613222
5.3,109,L5_L6,rand,94b434291826caa33c50a7ab5b91fb96af08373c5b905faeb40b82c4ee0a4c47,2.2782,2.0188365924208567,608.97,611.0204099046537,1321.11,1300.6441674135297
5.3,109,L5_L6,rand,7977be4ad5f7b47817adad843bc1d955d149121ef1745c5d1c07cc57917c5ebe,2.4945,2.478420745433918,579.459,586.2344401943622,1221.18,1237.414451506626
5.3,109,L5_L6,rand,0c104cb4b6e83844a96fcfd2d4d0e385d15dd50a03e3c8645fa6916a97ff6ddf,2.0431,2.025399269394393,601.249,599.5217232776276,1308.04,1286.5079913239465
5.3,109,L5_L6,rand,578aab1d26f84ae31d3c47de27d0d85fb20451152398d516ae080a5d944439c5,2.8519,2.6724473449079884,606.499,608.6168951107481,1278.75,1287.7539907773585
5.3,109,L5_L6,rand,f8f7ebcfd8a176003a0552cf3a1d6a7264f6fd62f23bfae6281a634c13504ee6,2.1262,2.0963577699590745,604.466,606.2025798734401,1367.78,1366.9592863393184
5.3,109,L5_L6,rand,4efa31839933b6830f36a57d9bfd1c18114dbb166afe617c6771b5e2450202c0,2.1965,2.2230848921344366,607.083,608.1160482352682,1381.51,1360.1042642083958
5.3,109,L5_L6,rand,3fed549dd05647d13631a82109e859ea7c0995988af5fe976ee2e6cd29ad2613,2.3095,2.2463410227968046,602.413,603.0456869758596,1188.34,1188.9192303068446
5.3,109,L5_L6,rand,bdb291016d46c893ed62db71ad42ecd511ded6c18b0f5c1941d54eaba5c98deb,2.0527,2.0506113734714395,610.364,612.7661966194788,1347.28,1328.8806287446364
5.3,109,L5_L6,rand,2011c141b66d2010369808ad6981c2635bc19e64f96856d8e38093b995d6c9ec,3.4432,3.4722995986287817,605.299,605.098376702915,1335.93,1338.0791807307016
5.3,109,L5_L6,rand,205de2348d13dd5426d3493a8865d917dfeffac4fb6ff6fcae9cdb511fc03522,4.3991,4.1850697185859875,579.31,588.8879116136811,1522.55,1445.739685047985
5.3,109,L5_L6,rand,49b3436d496010402b3d937619ca7594ed1bd48cf5c49496d6a578eadbd51f39,2.1882,2.245850335791549,600.445,601.641209158648,1166.14,1187.025724692586
5.3,109,L5_L6,rand,3a87ee3c4bad1ab07f7999203a323e6347d1ce63ea5e6537b41eceabe1d9f9d0,2.2123,2.320047303097147,605.391,606.5499058165415,1271.2,1308.932426612527
5.3,113,L1_L2,tail,1705db02db31b9aed13397247c698766051745a22ce1ec36689372fe7d368fe0,1.7452,1.7946273784709397,630.46,627.4439509004977,1313.66,1308.1593011481623
5.3,113,L1_L2,tail,46800866cc11b37b33dfe0be0cbab5a29397e5f505e2965692d4ac8d40b40eda,1.76,1.7579297272404275,625.346,626.2405713145536,1294.5,1304.6253373818597
5.3,113,L1_L2,tail,b9e01996dafcc59b0c1e3ed29337b87f754bde6f7ddcbe37c3d52f09ff4d92ea,1.7714,1.7335334083474407,623.574,624.5633289196751,1279.75,1279.6098435625736
5.3,113,L1_L2,tail,f135d0fa61e83a47b2e49ece0d94c6da461859b933a0da53b3592af6b06236f5,1.7862,1.7595482958171207,626.637,626.0545236440475,1278.88,1280.7023980865185
5.3,113,L1_L2,tail,0cf04aec5f6ae3cb3cb91b665f26a9fdf5d78601a8acf69913d40b7d5bf17bcf,1.8026,1.7942872764294755,628.899,627.3410239419842,1312.72,1312.7311697598107
5.3,113,L1_L2,tail,6c2b168929cc2aa6d4353593b93385683e2b6816891637e65406849afb4d47d7,1.8054,1.7792175362246472,628.709,627.5211100584028,1275.62,1280.8135669385968
5.3,113,L1_L2,tail,1870613cb581c51a39820b022ae4a33e3f4e33421781bbdaaa91617e7ac674ea,1.8181,1.7868064619198003,629.242,629.1437446209169,1333.17,1323.696101857291
5.3,113,L1_L2,tail,85d67204474efd4b4c0fd8bca415a19c3b995c72515b94bac03cdf7bcf2e9136,1.8208,1.775549302994591,622.5,625.3274007152514,1301.82,1298.7084332976513
5.3,113,L1_L2,tail,b68c8f92367948c4a1719da6ff3ab97af122c3b95af2aad9d0d7c64e13b74ac3,1.8379,1.8637258130358916,636.222,632.4763807226584,1332.69,1331.713699742065
5.3,113,L1_L2,tail,ad42c6fabcfbae54a8f5087b35de99f4eae8e49e9376126eb49f5b5ce37b1422,1.8464,1.828015398385575,624.265,624.8428691676177,1305.83,1303.7460846701529
5.3,113,L1_L2,tail,ca59f634bc6e8c2679c07e74c7dd45d9d76300eeffbdb346c63dcf572f6694ed,1.8757,1.8058982420146708,628.472,627.1131438533243,1278.75,1280.7257809353525
5.3,113,L1_L2,tail,21ce00bb3bb79d92e3c669f2385f0f43f673e2094d1f29bcad72300690e37a18,1.9067,2.0419770913669546,616.998,617.8594538348957,1343.48,1333.1495048561615
5.3,113,L1_L2,tail,648bc3cf71fa8046ac0ecae4523ccbce604b8c72e1dc962f640948858ae45598,1.9301,1.9187048940824702,615.606,613.8650876167833,1250.67,1249.6559185068534
5.3,113,L1_L2,tail,2eca08e5f6bd1bbb5ae62caada1fef407f7c2e69de0307fa8ea6a1e5678fada4,1.9411,1.9188021137744018,606.082,605.7833994138041,1245.06,1263.294303817192
5.3,113,L1_L2,tail,bc55268340bb7c9385973e36cd72c2e1309a776d2ec846ecd9137bbcf458de75,1.9547,2.0017198647099743,609.586,613.4153583958687,1296.67,1317.9469707756796
5.3,113,L1_L2,tail,1ec9043c786a8b60ba8c6946781807d8616dd93ba67c32e46479b94761876380,1.9585,1.960233889925692,621.814,620.5883819754183,1449.84,1426.5269572027153
5.3,113,L1_L2,tail,0577134f02a21636720fa9727771a346e2b9a10db8d297cfba05cf6d45e72332,1.9753,1.940311226464278,625.38,625.7240745062587,1343.03,1329.0847131258488
5.3,113,L1_L2,tail,3f54926a74f8761588f8f655a0e52b0a0175c5768a66e0021e16a40407b10ab5,2.029,2.03281805368366,612.289,611.953292258776,1310.15,1320.6946183863313
5.3,113,L1_L2,rand,a3cd5913755f669f28520baeb1e7eda752a007bf0b44c7895dee0e617ae7a1b3,2.1222,2.136786260440841,616.452,614.8816442567723,1254.97,1261.6585099604533
5.3,113,L1_L2,rand,143578464c21524c129a3234f7b8c3d3a055ab4c1ccf6bc3aa552adc5f8e31aa,3.0959,3.19474174076311,623.182,622.7344129568786,1408.67,1409.1142482080231
5.3,113,L1_L2,rand,f5033f0edbbc1989caceb7e60944e2600177b14fdda28856cff74f6a257c4d15,2.0748,2.0591916231019476,608.72,608.90252155005,1279.15,1278.9338889771211
5.3,113,L1_L2,rand,c4de5c7a15f1913d5379c33d7563bb1f7391c0a47061eb79aba5949338e9ff77,2.1338,1.9267580569186178,618.927,620.3656920386644,1299.23,1311.7603637294208
5.3,113,L1_L2,rand,e70dff997007aa9e5c8be1c79d20bc7c52a14d6badfa097e1cb09b164549922a,2.6735,2.506341935804296,616.162,618.445656273084,1411.97,1407.3319468529426
5.3,113,L1_L2,rand,8fb7f9407468b7b4702fdb711b900531d84e189dc3f60ff9d0bc16afc77b4ced,2.158,2.1544754525238337,622.991,620.0535647057349,1331.89,1338.3835334471057
5.3,113,L1_L2,rand,96acdb30abca058959b7d5e17f15f0e2a63d7f66cf4479f2fad42022454acfa8,2.2643,2.243400310002858,608.8,610.7208563229568,1296.31,1289.7487232963203
5.3,113,L1_L2,rand,15b4984c6348100f5fc18b24375fe8212bad8a44872cf77f23731157e1409a00,2.1256,2.1435007138066497,617.261,617.2602047948051,1376.65,1385.6230206014507
5.3,113,L1_L2,rand,449681f22b53676960cf70ed2e8050214c85241ff07a891bb4bad0239b4abc06,2.1078,2.134473846168524,613.034,615.1940956815324,1285.96,1310.682085348192
5.3,113,L1_L2,rand,e48a0275a73865d6947c7c9250b56494bb832583026140843d9844d0e8b0a09e,2.0453,2.113612503184216,607.478,610.6525342956865,1334.63,1347.084927409743
5.3,113,L1_L2,rand,3643afccde83928676bb309129f041bdd61836659179d00b4f51d1ffe309dca9,2.8501,2.690467023340219,613.724,613.5453693625758,1298.48,1326.0714272882258
5.3,113,L1_L2,rand,522294ef31cbac95029c95433cc2542e13d6bc88a6e5bac36e788e9b1f0e15de,2.1019,2.2015407830436695,614.736,615.0254703583166,1347.5,1343.1180622761121
5.3,113,L3_L4,tail,c8b4cd10abf4c4b8261a26d4f2ba54dfbc11f87eb5115879dc8574ed45726a5c,1.8105,1.8526232874355766,622.659,622.0443665092939,1283.76,1303.6396934161003
5.3,113,L3_L4,tail,6138ec27127cfef4efd05d14d60fa760de823d0a0ed75c9a67d5d208106acf91,1.8267,1.7987992087515972,617.677,619.3209844271431,1288.72,1325.8205443800568
5.3,113,L3_L4,tail,9cae13ce8e3a4ef75fab0389e8c75fde33cc9c2bce0a9970455c996105be80df,1.8272,1.7977677931675584,621.966,623.7377056433634,1319.07,1337.179578744696
5.3,113,L3_L4,tail,bea4b40a25bc9e531312094510947b1188abcf770a3e5c95ff526e9ce751652d,1.8367,1.881768563161287,626.718,624.3544845796742,1341.17,1328.881296975928
5.3,113,L3_L4,tail,0aeafef1c934545242d20756d48b7a8e0e3a45541d58e7d9356e16cc6ff12d84,1.9028,1.9508952481761996,624.916,624.6635025866382,1399.42,1422.6078397236588
5.3,113,L3_L4,tail,741d4a052f72ca7da96e6727e4afa9260ada8ed138a07c15434f86e6dec2b3df,1.9559,1.9918266184368183,627.545,624.0036315418025,1288.22,1292.7950227139752
5.3,113,L3_L4,tail,dca5b07d9a2ed3865a944c9ccb5ce107cbc5a14818afb7e2bf06a81fa8425138,1.9685,1.9898473738622773,610.019,609.895977158525,1243.81,1271.5603320783416
5.3,113,L3_L4,tail,8569d8302dcb5466398f8fa96fe9a9050007044872c8c7976fb505e4a336847e,2.001,1.9792221565575008,619.746,620.7150122187593,1335.61,1345.1018701581877
5.3,113,L3_L4,tail,6fefa35f3a656cce016c08838ecb8264fe62197757ba6a5a3148086137334f36,2.0276,2.027836089387439,620.242,621.8268610378251,1326.99,1322.0177108987905
5.3,113,L3_L4,tail,0cdd41d1edc067b31911525733a101d6259ab9ea9b533267db7cfe59916413b9,2.031,2.0328934733598953,620.074,618.8926032299086,1295.67,1283.9266724725144
5.3,113,L3_L4,rand,ea6ae8dbd331d806af5e63f2d1bbecf856bfb6aff67d8434a16457d4bd5a3481,3.6593,3.630884441032995,627.468,625.6310983420001,1357.27,1357.888185967719
5.3,113,L3_L4,rand,77bc34b50951779fd6d113b2b68f7a524e2e385e3c38b4ecef7dd6c12723a154,2.4283,2.375560485819844,623.347,624.058463245954,1446.71,1396.3637997907824
5.3,113,L3_L4,rand,ea4faf807cb7e4ca2731b2b652b0f74334a9ee48908aff196e48c73c0356d657,3.1616,3.1574284987753667,611.448,611.9156819277481,1390.61,1391.080392458191
5.3,113,L3_L4,rand,14658a47463e39f02e3075a2d9e72ae3f2e9808c3bd99bb8494d4c657a1199a3,2.202,2.2368002460550582,622.804,620.7038021307849,1333.5,1363.65140435418
5.3,113,L3_L4,rand,59f7b35e6db45755dc9cbd439029d98eee063b089d87e1f421d920143d2acd3d,3.7094,3.7347623297904504,616.59,615.0830557843523,1355.54,1371.2713805060564
5.3,113,L3_L4,rand,d03f10a17888218d5e1d30fac796f5ba0d289f60db107fd31400b14dfe78feec,2.1845,2.210839915883291,630.267,627.8823451465389,1448.3,1422.8977506979109
5.3,113,L5_L6,tail,42eade3ac72f320f6c1bfa17bd8c54210f74176dad0a7f32a69b179f94644167,1.786,1.8381749617697078,612.469,615.8424801025056,1323.57,1309.3183690896767
5.3,113,L5_L6,tail,a4e97fc9cc74455c3f50c77d24d6a790130402d6da9acd5e0ff34b198234b5ac,1.8212,1.9162806989610428,622.514,623.7796632790088,1302.66,1307.2672499500457
5.3,113,L5_L6,tail,c595a232406a001a41419b910abd964074ea89840951bd731ff9a6293dbf190e,1.9073,2.0029201801812806,605.65,608.4620816235773,1221.08,1237.3450870035729
5.3,113,L5_L6,tail,01e957a0604ed00ec09488d41b5353d6b3efff6a02ee4d1eab825d0d39ec5b6c,1.927,1.9704068071391552,628.654,626.5862973157779,1372.13,1333.922687338189
5.3,113,L5_L6,tail,2d1802d605f9ced1c71364c0527c88d429953e6c3cc1ffcf380b2e7ef70a3089,1.9412,1.991602300668688,627.994,627.1510607624666,1345.49,1343.0506377158363
5.3,113,L5_L6,tail,d2728d396e6840795690e6df438dd50efabf4fbb109768cb0d2e8342fe5a10f0,1.9473,1.9848793645050207,620.479,620.4316464660502,1338.46,1335.158376244084
5.3,113,L5_L6,tail,c5103645f7e91d65ac128591e7247a8ea14d8467f2b489e5b86ae2ff86822108,1.9561,1.9554008049899037,620.405,623.3759527480518,1407.78,1377.3182664148048
5.3,113,L5_L6,tail,3c07611297a62fc303cde4bb2ae04d2257dd3a872ec8555522f69e1cb92c0bab,1.9736,1.9810537120708571,619.814,623.9095327705007,1379.65,1332.546238686517
5.3,113,L5_L6,tail,203fad98dbd82c13cf7ca95559ce6b9f5b799b311f06795862e1a3a464cbc49f,1.9825,2.075751207575822,625.993,626.3551273543956,1476.8,1466.7654456853313
5.3,113,L5_L6,tail,10614243ae939caef65d2189d64e98b4ba1584315c11971ee8a8e5ef326f2214,2.002,1.981064600158684,611.315,613.8471524375726,1381.44,1372.5180408920016
5.3,113,L5_L6,tail,a42a64713b8a315bf7cdf47c8dfa72fff9658dd2c6419812af7747204b10984f,2.0264,2.000721191720984,625.01,621.2826814692097,1341.27,1321.3999325390964
5.3,113,L5_L6,tail,9f99e28ffeb9c1e559d7c5e96df2ac759f7cf4cc4ee31833eb8b38a052ca766f,2.0407,1.9040633482806095,627.389,626.9869489554058,1289.1,1259.7454785107864
5.3,113,L5_L6,rand,c4bc2b8a15f1a9601aa6ba762c69be6ac5d2670ceb89b64df1271f7bcb16dcf9,2.0821,2.0930450500225035,616.349,616.0662355429213,1264.62,1268.360719917726
5.3,113,L5_L6,rand,f478508d4ce37044a8c6e42697e6f2585bd455240bb45d56ed5f0c9a13221421,2.1772,2.237030937628747,617.287,619.2608765671569,1412.88,1428.3361372676359
5.3,113,L5_L6,rand,886d4fc346b21ad630809bc5b727ba059fef7e12e3cf524c08d955991e208590,2.4916,2.483835947494322,587.71,594.7633934781948,1311.53,1270.9558006949908
5.3,113,L5_L6,rand,7dfcc3f81c67e76b2afcb0270f0b0fdd7c8d8a60dc2a49bd54bc12ce0b6764cf,3.1071,2.987634722315517,626.225,621.8739589311399,1388.91,1378.181800734589
5.3,113,L5_L6,rand,b4425964aa8e2e3dee567a408e8a46b1975f4a6b7b8fe43e77cb906da5094f9e,2.0845,2.2514675320781548,617.04,622.6334600055203,1300.23,1300.1767562923794
5.3,113,L5_L6,rand,39a98890e921af08172a7af16d4961173e13141bb276644b0584544807977c72,2.2991,2.216325884852264,620.502,621.715897653771,1301.42,1305.9982783701591
5.3,113,L5_L6,rand,717138402b1336014085fa445013d7b0a61559645a6c2ff9e5935dcbe18139cb,2.3533,2.52135127300516,624.848,624.3718843186851,1305.65,1308.2712536773868
5.3,113,L5_L6,rand,4025f39e277fcd8e37a29c7b7523d15628a816100c01bc924c7a4df85a9fce83,2.2019,2.173650866892323,614.615,614.0608290957605,1276.88,1280.9487087578416
5.3,113,L5_L6,rand,08c891d0e51d62928feabcc6d755c3952c9a5eedef9a6ad7e0075b8f6898e035,2.0544,1.9557214944256085,622.796,622.018205365865,1196.87,1207.9499048694959
5.3,113,L5_L6,rand,487ac311277e92d88ee7c1f5deefcb18367b095f796cc59ebb16a0f04ef8e60f,2.0538,1.9628886318776946,630.0,628.5385892770208,1360.15,1357.572061937107
5.3,113,L5_L6,rand,4c2c9fff626a569e5b39c9f4d0a9026d5f3af0a984e5d734724ab97fe1c55b1b,2.4861,2.4210274764644764,611.55,612.9338888790537,1297.83,1294.6828348665556
5.3,113,L5_L6,rand,54282ece1be7a41b8bec67e08d1c8fa02448528fb5856f425474b39c7d2b8ea8,2.1589,2.074575122953082,614.873,614.9909168082082,1324.57,1274.2867307080521
5.3,113,L5_L6,rand,5f125478e3fe0ec3fe89c6e7932178cbc6270c785cf403820134ddc01d16e610,2.1054,2.063184899981123,622.09,624.1879962604315,1387.11,1394.4059453130005
5.3,113,L5_L6,rand,1be737f399238ea49d881ee62735d5feef9c14708fb380523cb3ac67ea533b08,2.4798,2.4637842046789196,630.59,633.6850046640021,1556.74,1553.626401707245
5.3,113,L5_L6,rand,764c90c24eb136316ffefe245988f73bcbccb964d7e442a1a4c9b76a0c820f19,2.1165,2.1107755568985604,616.11,617.9265883859326,1318.97,1319.945059521418
5.3,117,L1_L2,tail,a3f9adb6e3de2b6dec9cda757a37bb42e5f3d0daf3483a0be3db8502ef734c6f,1.5409,1.6046495889148136,639.711,638.9214660808602,1244.59,1255.4913188965622
5.3,117,L1_L2,tail,8d25109895d38cf64490d0d1a3b7b8afc32b6fff0f944337ed3596af4ffa3c40,1.5635,1.6012782216784827,644.591,643.4742761163803,1285.77,1284.2135348044262
5.3,117,L1_L2,tail,51264c32ee5d366d4a8387bd6dc865c30bdb1059cda83b89b90f8a0f13c1a451,1.5637,1.603650692316501,640.968,641.413729079745,1277.52,1272.2039516288148
5.3,117,L1_L2,tail,704f00ca0454f4f2e2113466b3f11b45bf4c05a6e11bfcba02cda15b7d87a03f,1.5738,1.5962925095547744,643.023,640.9920531524153,1260.86,1255.2732772538716
5.3,117,L1_L2,tail,370d920d41d81dcefd1e6ed35817ffc2f7a55b079fbfbb651a8e910358c06890,1.5759,1.6188520377154958,643.222,643.9583849029552,1334.78,1345.540647832847
5.3,117,L1_L2,tail,b35473d1920e24357a752b03c6efb169a0d8e5c3f0864302685f5439176f1a10,1.5799,1.5958341510173473,643.913,642.3729825291786,1267.17,1268.2864534344644
5.3,117,L1_L2,tail,98cde7be527931d9633b39520b982cbdbd82410ef34dbed2b64bfc914af2c751,1.5802,1.620387430758786,639.706,639.6734042353972,1268.03,1275.7302108101594
5.3,117,L1_L2,tail,d32a03d0fff02d30eaec9431849a6156d1d7f6ccf4d166e8cccd38c3f16f6b07,1.5833,1.6181327283176352,641.69,643.5252156540782,1324.13,1342.2495201211218
5.3,117,L1_L2,tail,07215a3bdf2d504e42b00b931d134ef0b829a59765a56e4a7c999e16c0562907,1.5852,1.5890583679146062,643.071,642.3309509991356,1300.17,1291.9910158999016
5.3,117,L1_L2,tail,15e0d0af6b47ab2a55d7a10bb32d386b8c72bf115cedf8a22abec74359e6dc07,1.5864,1.5981709207148471,643.917,642.2760444558721,1254.75,1261.3482339114926
5.3,117,L1_L2,tail,6fced6ed3a5e9d0c2d69e19424895643f86fa35962b3609122e1acb7067de636,1.587,1.5967087117929422,641.551,643.1328087318461,1323.8,1334.4472446137595
5.3,117,L1_L2,tail,153c6e13a512a70aef72e8bc9e9374556dee4ce7c21498be68397243d3e07554,1.5895,1.5898257978018686,645.427,642.6474056087211,1278.47,1269.8256803271609
5.3,117,L1_L2,tail,e2a047c1c5d184702e3d3b8505acd2299c95a7dd681efff153ed7d990979d287,1.5905,1.6202607232933999,640.549,638.9428854188608,1255.71,1261.6692252381167
5.3,117,L1_L2,tail,c332c0181604cc952c537aa9f14443ce99900d993c28edcc5ee9d74e339ed371,1.5911,1.616642887653639,642.517,643.162423790576,1324.67,1340.9622029424936
5.3,117,L1_L2,tail,69e259dd772726741dc8530e8c5aadc095a52fe0c8da1ef2a75bd37fac9d9127,1.5914,1.6067488856109557,644.935,645.4864741844607,1360.77,1369.3174053751657
5.3,117,L1_L2,tail,83659ee7d856dd795bf2309b9d0a2d8afe99bcfc92fb9e563c50ec18b077bcfa,1.5922,1.6122298570673324,642.281,643.194767627614,1326.34,1333.496356257351
5.3,117,L1_L2,tail,e57f17c4ee0636126e092148360524c6cdc41f483874a79070ec3858399c741e,1.593,1.6079670328555697,643.981,644.4310787606129,1338.22,1337.8415580567514
5.3,117,L1_L2,tail,69b024bd3f4b4332e776b489d848538f7b428b6cce87db560b774b69c5874bec,1.5952,1.6193813069653602,643.103,643.7775188390195,1335.5,1349.594014872229
5.3,117,L1_L2,tail,12920f7557a4cda0b3ec6b90616e4432fe81c29728ce9a11341e6cb238a9a5c2,1.5963,1.6012863470104637,645.328,643.5169918420213,1274.26,1275.095729741163
5.3,117,L1_L2,tail,0cb13c23a390b4be0e205923619a0206bd4dcd474a162e1862cac2231f6df2bf,1.5969,1.6174569224243374,642.499,643.0243924580986,1331.09,1342.4057692929084
5.3,117,L1_L2,tail,9220d88ef0ee6261ee37b077425d65bea548310524b8b440b13bd03819248697,1.598,1.6121769722425114,643.677,644.1338296351122,1339.84,1344.4337982823988
5.3,117,L1_L2,tail,beb5c9dd269f16f2a0e6d7c295ce1135f7285306776723277fb1d87f80f67bfd,1.6,1.6174291784151371,637.915,638.9377008756468,1263.92,1269.629770482438
5.3,117,L1_L2,tail,633fd472bcdf070148e276cb1cba9f633894bdb094d3105618ebae7447f7b707,1.6014,1.619974771951232,640.142,639.185709308018,1269.21,1272.1066576389865
5.3,117,L1_L2,tail,a73967b52fa1a70a447462ff1d4b0a56fbb2edeac93c7322100ee7624519a6f1,1.6017,1.6043834878007759,644.187,642.9065560232333,1266.81,1270.497508805228
5.3,117,L1_L2,tail,125e96c8e0deda72182b02b8212d57dc9cee078662353c2795e6c56637976910,1.6053,1.6238293578728398,643.594,643.9581516968803,1340.91,1345.0462797399346
5.3,117,L1_L2,tail,5fd1044065386ee725c97ba42f3f26a4ad9eb7a3c48500197a2b65a3d5ebba38,1.6065,1.6215274471125443,639.408,638.8327899528789,1248.28,1251.1285032451533
5.3,117,L1_L2,tail,5023db2ddfc7d4a937796f5b6bfb5efeb60111fa256924ec3a3e438b71613422,1.6104,1.605494862008466,643.433,644.4817051518439,1338.91,1343.9916910690729
5.3,117,L1_L2,tail,ae8f742cc2a8ad882c1372a2d8e17d8c47bffb1b2b73a8105a85e9a87230e06f,1.6157,1.6355497843876428,643.956,641.8829206601215,1285.1,1273.8595829034414
5.3,117,L1_L2,tail,1b59fda1fc151a52a497eff521d1b3e85ebe41c32c860c6c8c71ede9c9a59a9e,1.6173,1.6117001317323394,642.644,641.3855902768973,1263.2,1267.6644120599315
5.3,117,L1_L2,tail,599b3692bf3b419110d032e88f0145127517c3c36f1a110d3273b2bc44c7f546,1.6182,1.6149611333842726,642.74,643.0710805471276,1327.98,1341.8985507831724
5.3,117,L1_L2,tail,01e0398e2c6a1e4082aed16b33c3b561218a662af80b577df390c9944edfe933,1.6186,1.61644532560937,642.304,643.3988047870254,1320.79,1325.7984844854952
5.3,117,L1_L2,tail,d5cd05c0563d47f6d9f4aba30a8b9439e92e3bf8f5972f02c10b4e604a908331,1.6197,1.6426601585573306,644.222,645.6835214280836,1370.26,1376.7845880882146
5.3,117,L1_L2,tail,c960032e52927186e27dde7e58c2466e0a375278b8ef928affe8c5fa95e4b115,1.6211,1.664102418487163,644.199,644.199223512685,1351.43,1354.9347651834926
5.3,117,L1_L2,tail,144c4f611418ecb424bbf8f084e33de6ba8ca15874b8a95f006a10b18e844b73,1.6237,1.616531630949067,643.238,644.2737446960325,1346.4,1356.7909776795675
5.3,117,L1_L2,tail,b82a97e695eccee80d02488b10733c533f7c42c6c76c5b3bc8c9decfc3c08aed,1.6319,1.670611118138666,639.205,637.8131034378835,1264.94,1262.233628574811
5.3,117,L1_L2,tail,3fc465fa3297a2f3d58e743a8da7d1768e8e5436206fc0e267a4b2b3073ab8b1,1.6391,1.6132225719579805,642.632,643.1703060289263,1336.73,1340.1821420411748
5.3,117,L1_L2,tail,bc5e0392deb2d67c85f983e7904268e377dfac6819156d88defc81c902caa4e7,1.642,1.6170969309240815,644.708,643.0270988827241,1280.55,1272.0125408462643
5.3,117,L1_L2,tail,a573dae07e0fa045c250ec966dbf1c275fa877de128e6fd97b8a2712d264658e,1.65,1.6255299379329708,642.148,642.6229754395694,1346.46,1343.1388378911195
5.3,117,L1_L2,tail,ebc9d652b82a8b8951d8368655e9c2dd4ec98a8472307e38716d1e0b5e0d5c82,1.6539,1.6291093501548313,638.929,638.7176855464359,1248.15,1260.221679129663
5.3,117,L1_L2,tail,2d07fc8c4851b0f448ce251a31e14bd8fb9ce4a53efc81709f527cc26fe6e223,1.6567,1.6295921829219224,646.264,644.2401410535549,1365.96,1353.5482963225231
5.3,117,L1_L2,rand,947339d347b10c0ae691df7f85cf3905ed98db9987b43e5d58115462b95ca6b0,1.9306,1.9434602817949698,624.228,626.5236899153722,1298.81,1310.5220392640192
5.3,117,L1_L2,rand,b2c4a1158dc2ddf89b1b6fcc77b3658ec4c298a8fd64815b955357655c5c538e,1.8154,1.7173477540435507,649.425,646.6711687792113,1344.51,1327.1273884832995
5.3,117,L1_L2,rand,47a09b6a2019b5f0b5a15f73c071aa999fc700bbf6d4b7375c5df66d6ab16021,2.0592,2.0511767851867746,641.509,641.0788507102025,1374.19,1353.1915981157952
5.3,117,L1_L2,rand,ca2c4ff5d6862bcfba75c0358ac2e12032dc9900f7940bb37e1cc84856570c15,1.6687,1.6646262778657344,640.569,638.7948696641811,1262.59,1265.6392061965466
5.3,117,L1_L2,rand,76360672dc8567cfa88fab956d1a54fe2cc78f78fbb3c9a32da0e96e885a74b5,2.1008,2.1487015787224544,629.458,631.4392139221882,1272.81,1283.0034239875647
5.3,117,L1_L2,rand,06722bcaa6d3f4153f652a02a8b254ffae709e86794ad094126062d1045dae9c,1.8755,1.8336882571084898,643.943,645.7224386492213,1415.46,1397.946701250287
5.3,117,L1_L2,rand,43f2a050071dc54c2b05a871ade17225ffd2838331417a4eb553ac31b7b5b8aa,2.1711,2.191899579924312,614.416,617.4177413639826,1305.12,1306.751489976524
5.3,117,L1_L2,rand,78fae1c44f7f4ac8e2a5e8d353782bb499da4355605b761e29e612da60f4eb41,1.8255,1.9717437063848846,622.111,623.8171872589248,1330.52,1324.9803208236394
5.3,117,L1_L2,rand,f17b8d8e9ead79143f9672adfb6d26b3566369803436f47d0bc1852608bbcc18,2.3493,2.2054913430171745,620.507,623.7406825012598,1364.96,1353.7444776216796
5.3,117,L1_L2,rand,f67905a270221b1535349373c8de6c0833d2fad492719f954b39acb61ad0873d,2.069,2.106720619635862,631.142,629.0237761932553,1243.28,1250.020596202652
5.3,117,L1_L2,rand,7c0a867dd03e422b9b36af6e5108afd44411f015d8faf191745f12af877c6679,1.9772,1.9282114053088935,628.669,630.5271917450019,1332.68,1351.907453413326
5.3,117,L1_L2,rand,38fc18d393ceb4707c53fa6c2586116874bf296b74cd8d178e704ee01a67364f,1.8599,1.8423048348732445,634.404,634.1223185902834,1322.62,1300.6849790924878
5.3,117,L1_L2,rand,95f8204bc8e13adb722005d6880fae0a73c33d20553e3cc0a7673bbe30adb6b9,2.0205,2.0233013480401945,637.543,637.9846446146405,1351.11,1383.9502746238945
5.3,117,L1_L2,rand,7c617662c49176390e38ccdec59d92f5e48d8a3c98ff440bf04121c299594acb,2.1439,2.195557079621232,640.212,642.7869872302675,1417.3,1420.2568943505107
5.3,117,L1_L2,rand,a1d1993865496f1f24ad255bceda514e028209ac6a09b020221487af92d01eeb,1.9469,2.024587936120857,635.52,633.6240338932512,1280.05,1272.9969290402103
5.3,117,L1_L2,rand,636d7e2af68e85d57f21eaf2179a09eeb137434970f3cc6cc23389c1bfac6495,2.6305,2.4707774662596016,638.105,637.3652377884418,1483.94,1490.7449937611068
5.3,117,L1_L2,rand,e7065b11c62d19ba0470c3609d8d16e5d4e22827658416fac48cacf184c88b39,2.1375,2.176970630491214,619.593,619.4432606777402,1271.41,1288.1026931559438
5.3,117,L1_L2,rand,16eb48e3877d7ea65d1ed41d0629dfbe7d6508cea249f63813f900bb4f2bed98,2.2553,2.2543531610805028,635.729,634.4153776167203,1392.66,1401.0202688558816
5.3,117,L1_L2,rand,85ab8171817b4c78a5b71e8648eafbbfce012571d7bc9866dc200f77765a2cfc,2.6461,2.668488281988861,640.083,636.372080305239,1392.06,1369.6211770488273
5.3,117,L1_L2,rand,74c5375e946fb5d2728ff93593b1da1b1c51a6686a248da5ea45087b87a28ce2,1.758,1.68368021644516,638.367,639.2160491538688,1247.65,1254.0269331713528
5.3,117,L1_L2,rand,94d4a4d9b586ee80f1360afd67209de983b17c72f3187283aefbe92a28ec1c1d,1.9897,2.0257500006822307,628.237,630.9071327863802,1390.49,1385.1094936357022
5.3,117,L1_L2,rand,ee09195f2fd8125798b2f585788cf690692cf6adf75f08ae5a2f265e33911acd,2.2929,2.318517783749459,634.694,632.0579481341305,1434.88,1397.6900729500264
5.3,117,L1_L2,rand,b9ddb24229acd53a035b6d5732318cbea985d04d4ea2fc6786e8704f75953cc5,1.7204,1.715457744287826,633.047,634.4931053167511,1276.09,1278.493059869074
5.3,117,L1_L2,rand,b68b5b1c59eb2242ccb8f48d036a1b523f77ae50b5805f04daf4eb63192e303d,2.3038,2.438358482750506,617.699,618.770434184257,1385.05,1390.698287205715
5.3,117,L1_L2,rand,7fbbe6348825f36452565c17d1756f928cbfe49b8217cf4a5a8220d993dfee2e,2.1412,1.969665877264905,649.135,645.3030930380792,1437.47,1418.9287409832261
5.3,117,L1_L2,rand,0b7c8be9999c8e8c6346e0a8b318dc681fd85e0433d73b1d0c86d7868178d6ea,1.9958,2.033460760052528,643.831,641.2016067559543,1347.19,1349.217167665133
5.3,117,L1_L2,rand,6959459a1eafb00eb7feb86a2be956c9368e39db13ca9ff234a7a33968e8a10e,2.118,2.219647507948184,618.789,619.3376785581735,1302.2,1318.9211132440942
5.3,117,L1_L2,rand,ecca1069af3604916778386995d14d346ff6ae881281e23412e3d799e6cf10fb,1.8316,1.8103854364888436,636.845,636.500078946126,1277.76,1284.5438783263944
5.3,117,L1_L2,rand,161181bcb61ace4a56be0afe1e6c6a4c9f24f97bb33253e0dbe3f4e3865fb91e,2.2084,2.266220521559053,627.345,628.1423162992821,1385.99,1379.2645391391488
5.3,117,L1_L2,rand,43654cd8215ab5b45764326290f19281b6a7759e6d32266a521d057aefab03d6,1.9462,1.9936412427691799,631.5,632.3295438286607,1374.27,1397.9435169717615
5.3,117,L1_L2,rand,80aba452235a3e40e5f56124c08020017e6fe57f7b539095c0b04c6ae4560c4b,1.8576,1.8529084562589817,634.206,635.1076052367188,1310.3,1306.5364744606466
5.3,117,L1_L2,rand,3062ea9f1d05a054975d0a6114b4ee7847e3f30c5139ee6133257fc90c706804,2.4166,2.4194834646128087,640.515,637.7937646886029,1324.99,1325.923599014023
5.3,117,L1_L2,rand,7476751d690fa1d64f3cba3b824be34281130c9c96f9817be89384fbb3a12c93,2.5196,2.482674450344333,624.397,626.3150119797821,1349.08,1347.338379602104
5.3,117,L1_L2,rand,1ee2b94505bfafc9695c85d7790d8ca82d71e6dac34b2453c0a632dcb258dd74,1.9428,1.9965831023608065,631.132,631.8520398664447,1360.89,1366.6001063701526
5.3,117,L1_L2,rand,8cb218e7a4342d2b90a487bfb0887d2c19eeecfd88a42e906f7f5c9632a5e11f,3.1532,3.1811684316756184,632.9,632.6718773792273,1402.59,1398.4241329470374
5.3,117,L1_L2,rand,8676d593c330a05bb0f33d48914b0fa19665934965fe7960acf73da747c1f8e6,2.1892,2.2329472204373735,629.611,628.7894992498448,1299.23,1294.5232419932622
5.3,117,L1_L2,rand,e343e0f8b4a1326f44c1c567cefb25828b93fc71dd7d6369fff3cd570aa397ce,1.9718,1.9472200546350609,634.464,630.8825795289785,1271.69,1262.6864523370675
5.3,117,L1_L2,rand,9d16ea0fe446eadacbb4842dce574974c4b1540fa3340fa8315831ad8be728c9,1.8188,1.6962525748964912,641.942,639.8608707205173,1294.45,1281.2939125486453
5.3,117,L1_L2,rand,b74b7ee3760f5c6c075896bcf02ba92b04b0eea2d2b5c690f90009abf971a313,1.7387,1.7468784170925815,638.819,639.5010695670014,1303.58,1297.023799976391
5.3,117,L1_L2,rand,646bee8472eeea36ff48a8cd7ead51d3f2c4a3f21d842c0cc14e1aecdf5cb531,1.9546,1.9968090785085792,624.655,626.4308145196353,1315.52,1295.8261288539932
5.3,117,L1_L2,rand,9574ad334f6369279ae139c42c7b285157afb67eb0f4c1de1ea153bf2e42fe39,4.1953,4.156544298910958,628.405,628.5509304824883,1501.45,1425.657194683012
5.3,117,L3_L4,rand,197d9dfb995464fc816cbe17fcdb46b6822384d17ee6cd6354035312c7ac7d47,3.4742,3.4957907304588547,639.209,639.3896086446462,1393.08,1382.4969949257156
5.3,117,L3_L4,rand,b6257f6c7432888fae6eaa97ccc464b3276d9bdf5180deb878b422877ab7f28f,2.0229,2.057317134700956,629.795,631.7523862664956,1378.04,1362.9526463250663
5.3,117,L3_L4,rand,5967abf84f4144f1ce1877ce9f58a125c013f6d23763998bd712f2468c8e3014,1.9006,2.077053408207711,639.125,636.4790002684172,1416.55,1438.1121000366288
5.3,117,L3_L4,rand,e76258ba443be7d22a9945c9b541fc0a6297866ced050186489e9fb013422387,1.8213,1.8007280724608992,641.839,640.08729132542,1297.23,1299.711293284632
5.3,117,L3_L4,rand,4e50b85f836b9d0e23b69d4d286e9f42177a02eabdca1ec547e1a66796f4e719,1.8113,1.7926188858932302,645.377,641.949022179985,1306.58,1303.0232828596718
5.3,117,L3_L4,rand,5f26539771e39ad033bc2f3bbfab4e19381f9095e1e65f5c37c4962d7d3906ed,1.7381,1.7625306622829802,650.674,649.3712742969424,1409.01,1368.354462081447
5.3,117,L3_L4,rand,9f0d073957cbccd09beed097b03b88460dabb96fdc0486dd1d4297eeccbf5d3c,2.4609,2.5897335157943018,645.691,643.9885749143687,1541.28,1491.4054795746918
5.3,117,L3_L4,rand,7f10587c780efb55c7c5aea6bdf6d4a86dd84a1036b0497c84dfa208419fd6eb,2.1963,2.218123656051361,642.149,639.8943257087803,1453.22,1445.7813109412787
5.3,117,L3_L4,rand,fb7d7c786b3597f363d11a4896cec973f76b26669594d875427185709123c893,1.8452,1.8909697916846457,640.527,639.6394183780841,1300.76,1321.0582716367035
5.3,117,L3_L4,rand,3ccfbeea062c464fa6067a80a6e515678ba92e42045eee5e1f1e26e1d7d467b5,1.9361,1.9524631741885885,642.836,640.5551357419737,1338.48,1338.4823038219727
5.3,117,L5_L6,rand,19af4bc64346b04e25b2565559dd4b4d1ac845b6377331a93b0c698ef8ab6d43,2.0632,2.1059802443675864,625.925,627.187021257979,1306.71,1298.16616992955
5.3,117,L5_L6,rand,977e4b0c82f5d8c526d6adab0ad5b21476d27135bc896c9cdcee1f127482df7f,1.9953,2.062328361279256,641.122,642.0253837213993,1369.31,1359.5152424413852
5.3,117,L5_L6,rand,247b5b49876c27b910b9b75cebdf30d0f7a6681b01cad7ca1cdee1f644736145,2.0514,2.033217449161526,638.027,639.0201608446869,1325.07,1309.2940077336157
5.3,117,L5_L6,rand,94d70a20bd99c134724ff17417b56f7fbeee104443af59fc1e2d4c3cedcc39db,2.0816,2.0679798068316164,637.538,635.7958230207506,1291.37,1289.5189582717921
5.3,117,L5_L6,rand,4e64cd7a883c51fbe98c783961788a0b31f6d730281d1fda9e35901bf8b7bc19,2.4164,2.3221820712210124,644.693,645.575700383929,1433.31,1415.666217487347
5.3,117,L5_L6,rand,6192000909e33b0c4c2a645ccdea26a1669586a399cce083a3cdc8a2b02f17c5,2.0076,1.9720325591301389,643.685,646.018993990037,1483.0,1467.765110771656
5.3,117,L5_L6,rand,116ce4f6a4ec22d5d0492c91d963baac0cff6aa13d0d2c80c96f455c6d811248,2.4715,2.5560153281882205,631.577,632.4516254801894,1291.56,1259.6934665701058
5.3,117,L5_L6,rand,9a6d2c197cdf2f1fe6063691c1cc0aac98208ca3b0fd05be6b83f14b8c45adf4,1.9419,1.9286207697784807,639.091,641.8061122847887,1377.27,1372.046504386369
5.3,117,L5_L6,rand,f705a7b18d0193ab6d87cc8528e048c6d6253f512aea5fe67429c44fc54fbb01,1.9688,1.93744931486087,647.446,645.2428487496322,1385.39,1349.9659782599997
5.3,121,L1_L2,tail,edf149247ee0588d8c64af3279c1c6603b7f516963d49e13d89407858c05a9a5,1.4911,1.4848257024258424,655.083,654.3803028451609,1375.3,1356.3845922662204
5.3,121,L1_L2,tail,c82afcf07841efc2a91c42b763f61b07f0cbaae20483f865a3e3ff1d12455e53,1.5193,1.53341965181079,660.07,660.5379015999608,1302.0,1312.2280674013343
5.3,121,L1_L2,tail,acf15c178e1e8708876798b7e755c4832c9fcccad70e991ab7d0bbe70b2c3376,1.5201,1.5322508828299972,660.74,661.7309874298288,1319.0,1329.4937023840844
5.3,121,L1_L2,tail,b6d1adbc7363bed3a71a27bfd9aa15ce06e53a9edf4428850256535940e82a69,1.5233,1.5279602279141564,661.04,661.5750525927778,1318.0,1321.6241769914725
5.3,121,L1_L2,tail,71db3e3e739cdac1aae5226668f31fd6635ff1de36a8ba515eb21afb23a27603,1.5241,1.5305822961113975,660.41,660.4084180271933,1299.0,1307.5982633322074
5.3,121,L1_L2,tail,f5fffd16b7c3df603b92ac14b1165daaa7b73ac0d88cf9f5b8dd995a1ec7cf7c,1.5245,1.526038850636354,661.18,661.6322580735595,1319.0,1324.7878391432305
5.3,121,L1_L2,tail,204616731dcb73138970ad72752cedad617d0362dcf6657f03fe32b79702e656,1.525,1.5221169464364002,660.605,659.3130541178816,1288.05,1296.8129254877738
5.3,121,L1_L2,tail,a9eaad498acbe95e04c7ca8a57e8d86522fb5102d24f7e0a80136ba2af0a38b4,1.5251,1.5249128316191853,662.511,661.4784905161246,1313.79,1315.0883898460504
5.3,121,L1_L2,tail,e6e987283108451f14b58f264eeabf67b66583590dbe47c9d7ea51b23f4ef4b8,1.526,1.5244069570496295,660.53,660.8387608231396,1311.0,1316.1371387058866
5.3,121,L1_L2,tail,4dd0f5068abb246bc20a328aa0036c599d32449c171ed717cb7bfefe134da3e8,1.5274,1.5291839661644857,661.147,660.3714584529095,1301.91,1307.4014989961381
5.3,121,L1_L2,tail,d4bf4ae33197673adf8cf10670c73ec7f73f053055ac4dd6d6d18fb6c6913296,1.5275,1.5241530044238705,660.48,660.8074097251073,1309.0,1315.8772175453269
5.3,121,L1_L2,tail,2c2474b915b6f7d76c180031814de28ba4da6ec3269cd2e8cc192dc032c0959f,1.5276,1.5284770775567458,661.25,661.6157775495154,1319.0,1322.4002014833925
5.3,121,L1_L2,tail,ff0903879fc345dbe24410fb409b6923ddaa0bc38dbe91508b7815778ec055e4,1.5278,1.5271495515034594,660.908,660.1285405929933,1310.11,1312.7455162024944
5.3,121,L1_L2,tail,ec6f5b06459edcb2d344c1aac13dd8d9940ab7575acaee35c59c92abb65fec98,1.5319,1.5378346361101318,658.84,660.0686627668314,1329.0,1328.8374388671737
5.3,121,L1_L2,tail,cad77c19a19a731833b848cc64146d413db4ca20462e370bc9ff13ce5779fc83,1.5331,1.534129662738773,660.969,659.6155086078082,1290.33,1295.5613175497228
5.3,121,L1_L2,tail,c752655242be8f8bcf0a6b7b4170cc4bca8ca2edf3ebfd7e888f82a3e77e1fba,1.5337,1.550435792397803,663.79,664.5654026463667,1378.0,1376.093595684194
5.3,121,L1_L2,tail,15388d9fdc2fe0f4e9dad1dd591ba58e08220b8a18727708a0e6f6baa047c826,1.5345,1.5306109721578374,661.983,661.4035228868429,1310.36,1315.5669710933137
5.3,121,L1_L2,tail,94f9b3cf0893cf27cb00890fe750cfa5d1c5860e04e1c74b26cd269b763d43f0,1.5345,1.5358271485266872,661.763,660.8630797138029,1320.71,1313.6587408464056
5.3,121,L1_L2,tail,e5176f731e18996464bb9bda76eb3d6c7b7e8f6643c2d056d46a1942e3a65ddc,1.5352,1.5355791588283092,659.49,659.5476618210882,1299.0,1306.1911190853168
5.3,121,L1_L2,tail,52ad99794a05190af17ad1dc274e3e26d16c9a21cca95c698d98e3a187d1632e,1.5357,1.548129794565887,660.4,661.4451828269534,1329.0,1335.126891736539
5.3,121,L1_L2,tail,b154b805cf0e0d5c1761d941e41199b3de6204932e878d15be3d441ebefdd235,1.5364,1.5304993785542742,659.95,660.4291226717586,1303.0,1308.4963479001626
5.3,121,L1_L2,tail,f4babd99ef1714691083d6f010738f3d88769515f1580ff73ba7444eaadc1afc,1.5366,1.5427690289460965,660.71,661.0946352098211,1337.0,1332.9778507211731
5.3,121,L1_L2,tail,c35a8157817d8e541701c73f275d62a4c24097f5ada1433b2a92bb92d945703f,1.5375,1.5369789677690195,660.86,661.206918529944,1316.0,1319.2533789483905
5.3,121,L1_L2,rand,335c3d9d2e3928c2638c4aa188ead958b664fcd9ac14e002814f183deef52aa5,1.5716,1.5438575566442598,659.287,659.0433723798315,1308.45,1309.2435415707969
5.3,121,L1_L2,rand,23792df355fb7adcdcc6cc15dc5d07cf6028fa4b55d8d7751f607d0b55742911,1.5461,1.5505166557968717,660.0,660.4526783312258,1308.0,1316.268385744133
5.3,121,L1_L2,rand,87d876b9580e86993b49afb095367e6db054aa122f396179ee1083c1eb2deb42,1.5772,1.5567516710846325,659.304,658.3827654389185,1287.13,1295.7475825004085
5.3,121,L1_L2,rand,fc73c3e437b502c908e38d83cab7992e3fc4a005cdd219beccdc620151c6b7d7,1.547,1.5566669576064673,665.06,665.5744537945922,1385.0,1380.6177591297878
5.3,121,L1_L2,rand,4c99b4c308631c955ddf9b30ae7ea5977668900963123b03bb81b665a5b368ab,2.0057,1.9330493988780688,646.967,647.3084468084389,1344.25,1351.2225156234042
5.3,121,L1_L2,rand,9730642f6b26d7b13f40e8fcd37d32aa4cb33f04346a9fe78d8d8c640e4e9b58,1.5422,1.554204456406895,662.71,663.5443109406406,1356.0,1353.9023657189935
5.3,121,L1_L2,rand,f8c218056ff4181b95f7f6fea0a566cc9d0fea8ca7bd7ac1d3a81fa544b04754,1.5436,1.5649617065205315,660.4,661.8384348758749,1353.0,1357.1512031904892
5.3,121,L1_L2,rand,350a0a6b1a96caafa5538e500f4a4a87e34211eb972a79c0c85a2adceb579657,1.5428,1.52411671038556,662.687,660.8524652392197,1308.5,1308.1516338165447
5.3,121,L1_L2,rand,70c895fd7aa0cbc6cf75f9b21efb76e1e2a2a83492ececf879a60704ca907dd6,1.5462,1.5527123512102872,663.46,664.1895776203272,1367.0,1370.3136840303237
5.3,121,L1_L2,rand,144cf7c1834779ebdbe7f3ca31b745f35542e722e3e79557456d080e8a76c7cb,1.5453,1.554080033119026,663.68,664.0482534333565,1368.0,1369.1875022032807
5.3,121,L1_L2,rand,b50936c360132340ddc4d7e9eed6d5e21bd1f9f743525062145e7b7ea659b240,1.538,1.525267379299382,660.201,659.1137690644052,1310.38,1304.2350420439543
5.3,121,L1_L2,rand,68f27d1fc0065ff7552a4d7378811657010e1342a3d997be045366f4f9a6107b,1.5614,1.5371309989411404,661.706,660.7572383809406,1298.23,1303.9022530716131
5.3,121,L1_L2,rand,80fc8cf16e4dab1d71e6d7122256d49ac97a6101fc4944612eb57f15f78d1b85,1.5768,1.544980089461759,659.4,659.5865981789424,1297.05,1305.193616101534
5.3,121,L1_L2,rand,539547e937b2dd95593ee347901147251d45f1a63db91e78dd3acc0934d52d99,2.0957,1.939841002963238,659.213,659.7392299202085,1469.28,1456.2584519815864
5.3,121,L1_L2,rand,de30ad150cc36a430268ad1fc30e495d27aa63caa2b07070e50f067bc90bb801,1.5475,1.5480472174120983,661.195,660.5190390953345,1325.48,1326.7792477494372
5.3,121,L1_L2,rand,d5ba0d40b3000a5724b07f25bf6088da573e42147b3b9aaa3443b5565510234b,1.5431,1.5382672652724891,658.93,659.2552797663695,1302.0,1303.6208657665659
5.3,121,L1_L2,rand,e84a01848a7a29f56391bdfab5d9368f242b621cae6e7fe56a1b5f0a95c7131e,1.543,1.5362380623038978,661.06,661.8510323476557,1336.0,1331.5848362676522
5.3,121,L1_L2,rand,618d4b3c942bce768bab0171a5920d15b17e32663de4b728e83e3e50532b2b7d,1.545,1.5463922468268883,662.87,663.6049019646114,1334.0,1340.41309623003
5.3,121,L1_L2,rand,625f91df3fd7d841823ed853d0eb9eca6209936888938f4ee1f174ecad8aa495,1.7715,1.6937602923552788,663.782,663.3639475555589,1384.27,1383.4765661506246
5.3,121,L1_L2,rand,5bc8498d2e41e939a4941a6e043048911d438f2a9d95c3f3ca0d2169d6fd4b53,1.9524,1.8718337164107677,652.51,651.5466096006252,1430.28,1410.475560990453
5.3,121,L1_L2,rand,dfa5b54b26302f08526f61d6988725f4f9c4f5b2856b2d3a28b8f921825ade7d,1.817,1.7334564976637925,660.681,660.9794904038332,1402.96,1393.991464565328
5.3,121,L1_L2,rand,297916651a2bbc67c544590c49371fde14aadba1e40d5ee9e2fd80c6f6acbbf7,1.9957,1.862693916218221,661.142,660.1845312107756,1500.33,1473.337847978858
5.3,121,L1_L2,rand,a14a72bad57dcfe289fdd8bb6f1700f952fcdac15e8f79fbb0c68a63418a8067,1.8202,1.7876513378760719,659.493,660.1848640512226,1405.9,1405.6792184462824
5.3,121,L1_L2,rand,a02b4ae1e8a719309a92b6c67e6260b7b42dc342e4e1a063f69e5ad34db96cb9,1.5737,1.5272769093028347,659.242,658.8021255975766,1308.09,1304.9236959759364
5.3,121,L1_L2,rand,4ea1e8f421f9cade9b91f0ae1e71fc04c3f01b81cc0208f5eb05710f18488c11,1.5479,1.5341585735461336,659.546,658.8325263621932,1280.58,1290.5576617141594
5.3,121,L1_L2,rand,82827f08611066810b2547a0f4f0203bfc53074319d545620624bdc39c0bd21d,1.5591,1.5466222538387555,659.326,658.5996805055007,1295.5,1297.8076667177575
5.3,121,L1_L2,rand,a04b4d20f751eeb038ae28552f018a1699e0087ec23bab8dacb359f329e67beb,1.5422,1.539962826020855,660.442,660.1157848839288,1312.43,1310.8143893642587
5.3,121,L1_L2,rand,090b69f8ce2ea7170bc0fd32234e0fae3a1cf055f9e619db608071b4549752b5,1.5609,1.5327567926136907,660.845,659.5898431084969,1288.84,1296.0103126242338
5.3,121,L1_L2,rand,5c6ee970a99f22311deee040f773e1f9cd7af875a42e4a4424e4a9176f6aa8a2,1.5384,1.5334472479569956,660.92,661.4703164303816,1318.0,1321.4302168977226
5.3,121,L1_L2,rand,846b0fed645324a30b7e80f381756e21d13fd4bf24fcbb4546a8f1c401b87863,1.8461,1.7948577234246166,659.38,659.0937983375828,1459.89,1447.986208594152
5.3,121,L1_L2,rand,b50656543d67418768ff5b30bb897a1eda391130a87acc231bb3ce598c8e1085,1.9772,1.9096769919223646,652.397,652.7328724923818,1368.28,1387.8754687183446
5.3,121,L1_L2,rand,a6511a1433cf127e07bea43400eb03a6865f14af1131c286e658cb1420793b8b,1.5382,1.54840582645622,661.4,661.5703876455494,1319.0,1324.0991096761013
5.3,121,L1_L2,rand,4a7c145d96dff3c2498f605a9cfa4c0f767542c35adca4077bbdd5af205cf7d3,1.5422,1.53229762372927,661.949,660.9067085313573,1313.45,1313.2230918881176
5.3,121,L1_L2,rand,6461d5a11a915c1faa683bf0c52137d0e77925413d5e1dff222bd27daf27f426,1.628,1.5606820853679544,662.883,661.5697221048189,1319.05,1321.3367988051066
5.3,121,L1_L2,rand,35a08ca2f528df2a78cc341890b5054711444ed1d9bb4c81418fa1a7e6cc9ed8,1.5485,1.5525485937301868,661.1,661.1758877102343,1317.0,1319.3716669880396
5.3,121,L1_L2,rand,5802062e92a437d30b1bf2256970ecdaf568e7c900ebf7f1e9a1e1442a83e060,1.5627,1.5467366293592268,658.692,658.0483179897875,1305.58,1301.4587524498831
5.3,121,L1_L2,rand,4b920790a7b9980134723ca3eac3de4f7339453d0716e645c418a372dbfbcf4c,1.5722,1.5432597379601873,657.801,656.7419621716981,1333.34,1311.3572226956385
5.3,121,L1_L2,rand,6cd17c76293615e8e4e668e7430441448b5aabe5083f96dd83626a3a737cdae8,1.5711,1.5484444211515513,661.766,660.7244740568775,1326.64,1317.9473573790738
5.3,121,L1_L2,rand,80af9bc6096d147895a8334e2af2e84c62bac8814adc840aa043de6d1fcd21c9,1.7512,1.8031514863428149,659.435,660.8301290279965,1390.33,1384.8204025027317
5.3,121,L1_L2,rand,b2a9a3a1b3e6368d754945f05fe6ec962ef41fb6c9413d3f99589b0e0c376ace,1.9249,1.9304956490432068,650.574,651.1319176874935,1436.52,1421.465433849167
5.3,121,L1_L2,rand,d12789bd99c2dc4711cc6c56c57782159fe3a20f0b8ec3982875b8004338d21a,1.6319,1.5468735536661131,660.338,659.0446907200599,1316.76,1313.7915599598914
5.3,121,L1_L2,rand,823b69435c9e65d364b1217ee7c158723018a326d8465c310890282e12ca1854,1.5607,1.5395754118117875,659.055,658.7434235481485,1294.87,1300.348895656409
5.3,121,L3_L4,tail,a1a1aea3d4e8bcfe87938bafa24c7bec13c91f51e8904617a20c4f9670fa4d9f,1.5217,1.5298882841401469,666.92,666.9430080510953,1344.0,1353.2086839788124
5.3,121,L3_L4,tail,3fca41265fcce92b98af3de29ded103804bdbd7e905d25bd5102f2a71d971636,1.5221,1.5294520631357056,667.11,666.9115358663448,1348.0,1349.6589522506472
5.3,121,L3_L4,tail,6b4880a908fe9959d998b837bb574388539a389d95f3f17ac965b546b109e2de,1.5236,1.5317411347052527,667.11,666.7897822831729,1347.0,1349.591924249891
5.3,121,L3_L4,tail,8560d6b10eea8496486e4dd159e72b948dbc8395339af71a2023c20eb94ba82a,1.5245,1.5316748382213012,667.32,666.8365587632857,1348.0,1350.51404315732
5.3,121,L3_L4,tail,bee106eb1517866a440213ec1029e83ba42e35b44cccd348e019bdc53984ebd8,1.5249,1.5302674347648124,667.25,666.8814378234082,1348.0,1353.1452344556287
5.3,121,L3_L4,tail,22d12d12641150713db3c94a3675e6895b23220bc68d50e96e95ffbe5793e5d3,1.5257,1.5385282489878176,667.27,666.6519300162562,1365.0,1364.3555991283529
5.3,121,L3_L4,tail,926c95f0def8796d7f1991526425f6fc8e396825195404559ba6a6321d10bdf0,1.5277,1.5422461929000337,665.11,665.0764536398822,1324.0,1329.683630789382
5.3,121,L3_L4,tail,a1b067b7de3545c2229441e63cfeb88288687e0ab9f99d155a779da3c34053a5,1.5278,1.5474709615185744,666.61,666.5118567474377,1329.0,1341.0801707148048
5.3,121,L3_L4,tail,f6eccf827a90ff15606012150bb472e172bd1f7f3c4f34ba2efe7ca1160a18d7,1.5279,1.527898779243213,666.54,665.9901523901585,1338.0,1343.4316364812921
5.3,121,L3_L4,tail,a706a163352a16f8e519f47f407510a4489511a170195700016171b0d28b1ff4,1.5284,1.537106771614144,666.87,666.2253675923114,1341.0,1344.8043933526715
5.3,121,L3_L4,tail,65db705014cd31d27e8decbaead8484486cd12c3138ed1e3e960518fa06e5ea7,1.5303,1.5540357924235564,669.9,669.7409007895403,1407.0,1405.038111528641
5.3,121,L3_L4,tail,0a3964572f5133ee7f2ed684e7950ab8f5bc9fab1179f5e4a580e1131d72fa6b,1.5306,1.5387342986477468,664.91,665.3578940950797,1358.0,1356.8561345820056
5.3,121,L3_L4,tail,ce3728e29329d7b82765839c889b1a25ae3e4bddf55031d33bcd3b5072b128eb,1.5352,1.540208327253476,667.42,667.3499429000872,1361.0,1360.7322159112598
5.3,121,L3_L4,tail,bd9e840ea2a87b7abd90cac41c6a845b91fa3dcbad9bd9773ff7f4216628bdba,1.5356,1.5451176710992223,667.4,666.8642136845076,1364.0,1361.878589227191
5.3,121,L3_L4,tail,de4dc94f58d948ce33f8c1ea08e78bff72564495989c30ddffaca61d006697e0,1.5362,1.5446050588912483,664.09,664.2191048936517,1340.0,1347.4155017438654
5.3,121,L3_L4,tail,ba92ed1b8f327c4297f6d1f052ab25f003e1f584a4a58ddda4369b571c554288,1.5371,1.5341472345936733,667.58,667.5578621174888,1360.0,1360.7796236576744
5.3,121,L3_L4,rand,2d30afa97a0c7e14487d6b1d9039fcf089200bc83e8ab171b7f85662614ccc34,1.5432,1.557105526220114,669.78,669.3102580971026,1397.0,1398.6662214886032
5.3,121,L3_L4,rand,0d6eeb5897c258f13838a8c9d42f037341e35f3f4dfb206bde8ac608c492ffd6,1.5425,1.5458599499157293,668.38,668.1952011522746,1403.0,1397.0956380681546
5.3,121,L3_L4,rand,9218a692307221236779ce9bacd31c9f04ba49f553203ad6ed5339228dcb214c,1.5418,1.5450831964580458,666.73,666.3321943509412,1343.0,1346.701430235036
5.3,121,L3_L4,rand,e8de81f409d972ca4c63c7eb4eabb1817b4b3f54a5a77f2f5353ab27b3853d53,1.5432,1.5378175689912108,667.15,667.1394502198575,1365.0,1358.884366572203
5.3,121,L3_L4,rand,b357f22ae0ed90ca817ef27fc05aec3773e565d29c390646d6cbc6061e7aa5ed,1.5414,1.5382596590186643,663.87,663.9694310383258,1349.0,1348.854639846308
5.3,121,L3_L4,rand,aacd2553a9d8dab57a18fa06eed95ba2723c43ca08276d7d5de0d7620911a1d8,1.5425,1.5456277596273014,667.28,666.7891444201606,1362.0,1351.777897231021
5.3,121,L5_L6,tail,73a3010ba5a0777c694a450ee1fb024dbcfe65f8b6cd87252b53d6b89b4d947e,1.5075,1.4962295193286947,658.555,659.7081424537596,1401.83,1377.3461855791513
5.3,121,L5_L6,rand,4de6ddae90ee3d0280a6fb6b944694c8c62a9c159d807c9dc88a20864103a6ca,1.5459,1.5414572788266683,662.7,664.5799234634708,1328.0,1323.2309417471652
5.3,121,L5_L6,rand,caa4d3e9e9d3db104065be763b12dfe9c19812cb70933ebf2ee11265b8aa5b9f,1.5414,1.5547976150866953,667.38,669.8480476656806,1410.0,1398.8870060013062
5.3,121,L5_L6,rand,276b38e8828c5f2d23b9a545f8ba7eeef410a970b15177fb4e76e5a2a49d9efd,1.5378,1.5418379553973174,664.39,666.8365576798222,1350.0,1347.3746513923693
5.3,121,L5_L6,rand,2bbeb34edddc8daa84afb620fb7963cb1872fee60e5ed0d2d9d8ce91ee6ce452,1.5391,1.5278020812200561,664.41,666.4951225924314,1350.0,1340.8805974154695
5.3,121,L5_L6,rand,875f10ad346aea87c65e909a9447b43356c97fb17d87db3df8c144892e58e2af,1.5398,1.5339541319985095,664.33,666.6928397357395,1349.0,1342.4969220881596
5.3,121,L5_L6,rand,0908b11e5f7efa766cac626d0ddf1444a4895a5a3f44a2bb602191a5c0d389ed,1.5444,1.530982223077528,663.75,665.922844706761,1339.0,1336.2858699800672
5.3,121,L5_L6,rand,00b81ea2b8ec964ecd5e2bad06de8c04d34315fa03116fc499e56ac8b29b4cf0,1.5412,1.534000579446632,664.63,667.3852415668323,1350.0,1347.2464824113488
5.3,121,L5_L6,rand,fa04847f3865254bfb8c43ce0e8705894d3abdd0927275500788e29bb105d031,1.5489,1.5585273909493058,667.19,669.3458681022106,1399.0,1392.1836535749408
5.3,121,L5_L6,rand,46c39a64ebb3dc003d8199fe07d3e9d3f3e5b3ee316e65f3dfdf66ece5242d3b,1.5442,1.553945925943186,666.48,668.6669711066043,1386.0,1378.3469648999198
5.3,121,L5_L6,rand,bbb561963256b8857818e874e49d7797464a567a9bd7071a4731da0c58216979,1.5413,1.5543899057960502,667.4,669.7734284937759,1410.0,1397.77392480126
5.3,121,L5_L6,rand,2a305bdfc478226af6f5736bfb9d0e871a2552cab1258cf12ed5355c25cfc068,1.5441,1.5352120162247271,663.3,665.8931760398758,1339.0,1337.1448273420592
5.3,121,L5_L6,rand,a7eea26bedc73c0d9e7a21f833d62dc3af88b3f5475e7ce465fa0a36cbb0f9e6,1.538,1.5339307145966892,664.52,666.7496804760893,1349.0,1343.6014064443284
5.4,101,N1_N2,tail,4b3107bd9f213c1b2d1828f18009d5054f91836c0dae1212f843d7a8755c7732,1.7471,1.8370752088335,582.286,581.2834910220846,1257.92,1280.29849321301
5.4,101,N1_N2,tail,3e0b981d94cde997a6eeed38d66f7a7701866f855cff26d70421e449ca42e208,1.8336,1.8569494995272346,581.001,581.1041776482421,1300.78,1292.1191582659103
5.4,101,N1_N2,tail,b7918bcf95cbeabcf2ad62267db504b2e466fa2114828e520721686a42667044,1.8507,1.9048680261194089,587.505,586.0047388690919,1380.86,1355.73514231196
5.4,101,N1_N2,tail,e602b5fcee65992e40dd06c518dd4a86b80f4bed73b32c8b4cc8a2653ba64031,1.8525,1.86747617096251,590.69,588.5188507214272,1289.77,1282.6722040801849
5.4,101,N1_N2,tail,dd9b64aa9f46fd7d6c8ad1653908803bbd9223649db01e7ce1065d715878e07d,1.863,1.9007446922399287,585.453,582.6905230481542,1230.89,1258.4060519622658
5.4,101,N1_N2,tail,0e7f94456cb09e504a61329ffdfebd8d4336105dc93e8f0f4d560a1f0937c28d,1.8704,1.8456531258767601,573.779,574.7864368429653,1135.43,1177.6586075246023
5.4,101,N1_N2,tail,90122ebbbe360797952aec2c47c8de016b5e9a578ef261ab68340ddeee1f865c,1.8748,1.9423363282834694,583.854,585.7249246377487,1240.7,1240.5780250490793
5.4,101,N1_N2,tail,5c8a7dea1451ca0beaadb65330327484d1657e53b54101633aaf3c8eeee185d4,1.8807,1.8813312084385914,577.483,580.0343271039667,1207.64,1225.226469283177
5.4,101,N1_N2,tail,f181281d095d594fbc52bc7afdc6b88b34453b1d6adc92f869aaad0b996c1996,1.8808,1.9032910405975516,585.391,584.7646163163613,1280.07,1283.1320620529732
5.4,101,N1_N2,tail,ba53999f0973f9ab219e16f94299e0f11b1f4790d603851ecd508581db9a2605,1.8814,1.88645417609798,560.086,562.6947475553841,1169.89,1172.381089289997
5.4,101,N1_N2,tail,346327805ce96de40e97fa3acf85ba5f5230ed153e87888bdec4ebc888f8ff53,1.892,1.89560698057463,570.743,571.3276924222705,1225.89,1220.4156405141637
5.4,101,N1_N2,tail,d5430629ba2c112efb5748541ef33b1ae57d18e48d2ab85d4747f9fac290cadb,1.9166,2.022103831095749,586.622,588.3430928030182,1305.44,1318.8523876961856
5.4,101,N1_N2,tail,3a88280ddfbbea08a46efa88a5d59439404471a40ac98984704b62cc0f76820f,1.9187,1.974829820584588,589.548,590.8302702424403,1254.89,1267.522389094095
5.4,101,N1_N2,tail,a2f44c3a18a4079b0268de56dc6af473004b78697efa7d87952d1d887abffea8,1.9231,1.9670582460312394,581.23,578.4913776219036,1327.98,1316.4352863252298
5.4,101,N1_N2,tail,de4cc933b8adde836e77d47f683b8c588b05ed4d9c228504b20d95150be49fe1,1.9281,1.959003829750687,576.211,576.3556877731621,1202.27,1242.951938633982
5.4,101,N1_N2,tail,3ca3288beb64178d5c492a7cebfeda2cf59faaba9d5ac0aa19099ac7921bc88d,1.9287,1.9402157442407215,573.267,574.4114788992898,1254.74,1266.712807830298
5.4,101,N1_N2,tail,b365d55bbce54e88f593ad4b7f4e34148ffa9d1e2764cf579183c3d30ddb002d,1.9315,1.8928583137240012,576.839,580.395251087497,1281.71,1296.371640672801
5.4,101,N1_N2,tail,8a029429d3810c42059b2de2e921637b6aa0ea786378f70a6b94e4647f6bbf0f,1.9329,1.917063299443926,571.35,572.8681972882248,1194.83,1201.8452775014832
5.4,101,N1_N2,tail,799c53ecf2750c3a924ae3067507b5aaec0a0c7832120d402deb082bca5b2319,1.9545,1.8817146403977405,588.023,584.9636922966724,1364.83,1334.8425264677794
5.4,101,N1_N2,tail,b90721a94001d6862d5e3eec012fca0b6040a168e6436b78cbc33bb13d573c18,1.9702,1.975348888359828,572.05,576.0764459792064,1250.04,1221.7300700894916
5.4,101,N1_N2,tail,bd479e9af909d23aa2aea478af4b4685e462560d3543d7994143ad60d1c5cb3b,1.9807,2.055791815089042,581.292,581.6664860624746,1253.21,1262.2131083303245
5.4,101,N1_N2,tail,34bb1a1702bce4f6b2eddcc9886169ad588686d8fa7fe64d7061d9ef23c11108,1.9842,1.96743871821352,580.259,577.4575438229418,1286.91,1300.8037031698984
5.4,101,N1_N2,tail,bc0e41d3c6405c92ab68ec409361f3b96dd6ba60f987cb7f488edd281c8231ff,1.9906,2.0391956528884325,575.946,574.8510680047202,1215.85,1228.7917942981783
5.4,101,N1_N2,tail,998a6ee0f0da7bcf96213f5775f39a72d8a3b4bf90aa158d135e2535f9bfdc73,1.9906,1.8986275444553342,586.311,585.8718309465808,1329.87,1305.7275891696563
5.4,101,N1_N2,tail,327e161ede5f35eba40a4b0e2d8bd82e2b69bc9562e762f90e411002b472cace,2.0017,2.039824671327162,577.478,578.3953884369503,1268.97,1286.4270514990706
5.4,101,N1_N2,tail,048e6fea93ca748927ad91cef093738f87ef57d5dbbafaf7cdb547025b077e0e,2.0041,2.029941330626179,587.118,582.990402322887,1322.64,1288.9512047736334
5.4,101,N1_N2,tail,be5cf4bd4d8bad484be4a64d7f26ec455bc1543be0fce168b5bf159ccaf5dbfd,2.0082,2.102772563693984,574.732,575.4060874804011,1201.77,1213.125564115269
5.4,101,N1_N2,tail,4c6b0f189fa31752724003de70d98c57c05308546fa08d4162c5d22ee5c71d1f,2.0135,1.9405190518570852,574.626,575.3202532077808,1265.03,1239.3197461304114
5.4,101,N1_N2,tail,1c8ea4aa1515e83bb3c9ce4b6cf59534a36c08f1947df222cbfab9b438a8c9b4,2.0146,1.9669412520806748,584.232,583.0560323647123,1217.8,1212.1384994275422
5.4,101,N1_N2,tail,64f3c122941bf6683df8153304a7d15d97ff6c6ab6a3007c7859141f3293de0e,2.0152,2.0110891452761286,582.002,580.1955505402213,1346.5,1320.629059039389
5.4,101,N1_N2,tail,229f4d1847d070009552481466555e550e8620a71e7d5285e3c600f4820ac135,2.0293,2.0365562727803685,577.789,578.6247729350087,1367.21,1343.6086776558263
5.4,101,N1_N2,tail,93d0aa6d0cce799227c693bd6b61f94bf446806e98cdec64070a2789ad1ca766,2.0369,2.082371835159461,578.496,578.4301412141842,1236.95,1261.7949221537524
5.4,101,N1_N2,tail,16c2076ecd2fa8913728a3be9e4ae050033b77df179d74ac661f5c8de78fabc0,2.0374,2.138222938088136,593.548,588.5277954563442,1324.99,1334.7019744436554
5.4,101,N1_N2,tail,2911807194328f8a526452dee5de05033f48f29acc1ad28b57e310f29a4eeb62,2.0377,1.9321235734269224,583.149,582.3509774807437,1270.27,1249.2203974535266
5.4,101,N1_N2,tail,0db989ddc7ce9d4f707ec0b51f51f34835f8070a2b3b89e65607c0fb36cd700b,2.0549,2.0742955772622134,581.653,583.0035353767519,1325.37,1324.914545584418
5.4,101,N1_N2,tail,55b3f65305cb22722c5288c1482594feeb4121e61c6e10395d66fae95e74e6f3,2.0624,2.0459920396086515,576.539,579.6433384198195,1295.24,1325.627729555274
5.4,101,N1_N2,tail,3d6f70274329b83353024747a5ac6466c29fcb829053ce72ba934a987ce58b2d,2.0714,2.0479043518094038,568.119,575.2547542174696,1239.01,1262.3729831891499
5.4,101,N1_N2,tail,a348b811c4738b7915d288f7da56255d8ec0d55f909e79550f73a6ef69082828,2.0866,2.0674704763160934,584.064,582.7578803778547,1380.2,1356.5422138266465
5.4,101,N1_N2,tail,07eaaed66ad43d95fdd602f73332ce62eaa832aa2ce7d0ba965072523b3fd8fb,2.09,2.0753816690305524,581.101,578.2628906484532,1256.06,1255.021317320058
5.4,101,N1_N2,tail,efae3858aab8b9636eaeea21f219beeab1b8bb1bc3de0651fd0542a466ea9801,2.0921,2.0082641803666386,571.943,575.2730329540404,1245.47,1236.8851164504442
5.4,101,N1_N2,rand,f910c50eae7919bd7931b0d2c740eb6f5ce8bdbea3fb2826ba351dcc4c74e273,3.8415,4.036022895533667,573.718,573.5566907736718,1280.51,1323.0313646805166
5.4,101,N1_N2,rand,e6ea6cb02aab31d63c822dd7e5cfd4b6312196a78806b366b060e8dbcf2fe2fb,2.2329,2.2555548636367795,583.896,580.5173316084355,1325.46,1308.7962233859855
5.4,101,N1_N2,rand,40006dd5aa123788042202abc7bfcb38efa6ede2c56c37bd524771f1470b240a,2.3935,2.41233222759183,548.952,555.0260981879927,1279.13,1293.51686061947
5.4,101,N1_N2,rand,eaff7ea0df6096eee442bde78ea030ce80f9631637637b5e8d229fdfb5736532,2.5815,2.505532118237382,579.075,576.6809401872322,1363.78,1374.2283883778814
5.4,101,N1_N2,rand,8a6c6f96f068d1ebd70c9ce80c789905419e68f67440961365fbece13b66bb9f,2.117,2.050771949372716,576.761,578.5193783446034,1259.24,1263.0906048498716
5.4,101,N1_N2,rand,c811ec7cd0b8e30ce49b52c9871d9bb906201f3118ae9e410403c9a7a98f130d,2.1153,2.119693772687909,566.319,568.2317023961436,1251.38,1244.7866070899493
5.4,101,N1_N2,rand,8e6780dd1152477f54b46bba75cd6ef55c927831093f95590b0ed4faf9c497c8,2.5171,2.557372174724567,574.825,577.3050200446535,1258.18,1274.8709719020353
5.4,101,N1_N2,rand,ef9a7b5d76f61fb3dfbaaf690753c8511ea4e61095d90469a28c220e21873e25,2.7837,2.7661892547996842,582.045,581.4907969356906,1345.8,1348.7632810400714
5.4,101,N1_N2,rand,a242e59d8b908863164fc0fb985896f673dcb2ce61ab87b7d689a2ee3747cb48,2.1921,2.2386742784035536,569.924,573.6405592636792,1340.92,1333.3672211929327
5.4,101,N1_N2,rand,54f3a5628e70fc8704796c86bc516619bab7dd0bb4ee4dfe653a0538eee0f615,2.3361,2.4697497549280256,578.563,580.7823208612067,1341.19,1331.8388760823
5.4,101,N1_N2,rand,14447d05eacb005e90ba8e996a80f97b9d97032a0ee07ee3b50a0844cf854ca8,2.1585,2.130435216362125,579.057,578.335224715631,1265.77,1254.206165622175
5.4,101,N1_N2,rand,e153d1d72dbfc28ca29164bcdf781faf7c277756d58123bf4a99e608c3a1e460,2.1775,2.085582351333359,585.001,586.232295940918,1307.86,1309.5972266896908
5.4,101,N1_N2,rand,dc4b4b250e6b1bb48cb479bcd7c7f74d47b05c58f50a26dcf1a402006024a3c3,2.4346,2.2123951549569694,582.311,581.8006035665849,1211.56,1228.8385883215262
5.4,101,N1_N2,rand,a2127ae4bac9d1e6e338f7cc7f48db6686b2a01f09ca2c03f315877a96982a70,2.2795,2.2818853249436435,582.391,581.2015453388653,1377.64,1343.0746913784974
5.4,101,N1_N2,rand,ef2561ef4fd5c96186a8993a15845de7cef62b917780373017284cde189fa8a2,2.1872,2.1557052433977835,569.03,568.9690005808975,1232.17,1205.1168463311733
5.4,101,N1_N2,rand,559d8d7a1c9db78998dedccb071afe94ab1ecb60f74e3406a1043f3c1d45bc8f,2.5464,2.556492144158425,564.115,563.3588660008361,1370.32,1329.0068793175765
5.4,101,N1_N2,rand,32f1028492c661c870e39cb9070095f196fc46cd3aa6e63786fb9c4a217a2695,2.2446,2.234142169463877,575.951,575.9506784836777,1284.58,1284.5656436011905
5.4,101,N1_N2,rand,d85fa312a4208ce956de584524836619cead44c0c27731a21f5ac3d20aa96fb5,2.2514,2.277885203883704,567.916,570.8962042506062,1279.77,1266.9824258153087
5.4,101,N1_N2,rand,17b9fdd68fed29cf33b3a00180047cf919d3e1e72104ba8521c3f1c3e4179102,2.1303,2.197406451598195,572.203,573.6516543512462,1227.61,1240.5005021009072
5.4,101,N1_N2,rand,f08b92df40d6dd59a006a2d205362c266c4d00a108b2c1c384649db59ce4df0d,3.4554,3.2268149362431124,566.149,570.9901362798373,1191.78,1201.3940166555515
5.4,101,N1_N2,rand,f5de7e661812cceea2bd76f2b044f041f34d89e06e81896ab6fb4ee27aeecf18,2.4145,2.3618834486163682,598.213,595.7284609531848,1442.62,1424.5733522993116
5.4,101,N1_N2,rand,da934067205214b41fee6b89e60b834322a515199a06a5d0556c4952a6ef70cb,2.861,2.975655041866337,577.99,575.9250595382148,1263.75,1272.7064036930867
5.4,101,N1_N2,rand,fd97d5a97b6708f7670c1df9b62241852a58820e75fede2fd6f90624deb30ee8,2.4649,2.2978367730161064,582.036,581.1466468109655,1325.51,1322.4692793286347
5.4,101,N1_N2,rand,f2eddc4e39dbd73218ad083eb55c542ca40ff25882c52e90bc61f62d90116b9a,2.4394,2.3839826505907817,584.852,582.1097200008394,1273.24,1295.4050504477834
5.4,101,N1_N2,rand,bb4468da9d5070f5b68e5006330d51cff62bc58732c37adda4ffb075c4011852,2.3127,2.3137892756691403,573.235,574.2091618412107,1285.76,1302.8519991834241
5.4,101,N1_N2,rand,99fc305f845d0cac8001be1d77a76258a706d76405eccb8f9f3a098fff72a481,2.2591,2.2056348160507038,581.784,578.2135168474607,1300.13,1266.7660978762578
5.4,101,N1_N2,rand,8d1fd72bcff1bf853d07ab4f28603d8f1d9fbbad37813d016c70a949c0578b91,3.0751,2.4834320991190046,583.91,585.3981975167671,1298.24,1279.5265948284757
5.4,101,N1_N2,rand,c8b6ff8099276bd483ea6362786998ef04d95469ae41ebc9427e29f7e107ace9,2.1102,2.005573211444339,582.548,579.3637163728228,1246.82,1248.1780738021018
5.4,101,N1_N2,rand,33d505818f7ff66ba2596e7df9810701b2cecf65378d0f654a071532a4626d20,3.0014,2.8250003065495317,577.609,578.0479290092272,1326.41,1332.0329164321433
5.4,101,N1_N2,rand,9d27ae170c54223833ebea4ffe78e1bcc11f3cf3e4439279762417f884c48796,2.2042,2.1642411182400525,588.815,586.0138852559946,1328.01,1309.557764013536
5.4,101,N1_N2,rand,43fcf306b8328de19fa1da467abd27d2634dbeadc98a6b6ba15665fa94cf2138,2.1615,2.1788304995891394,578.798,580.1454382092674,1430.87,1376.139550332669
5.4,101,N1_N2,rand,3c9faf1898d40d63634de3c0914c203b15f39cbc2f96fd8d2f6626e5f1c4fb29,2.2839,2.4087479963407743,564.052,571.2080369551508,1403.57,1363.9479156512712
5.4,101,N1_N2,rand,413fff3d2b8fcbff8d0493f1def9a93bef56d0c8b12ddbbc2d01d934bffc3101,2.238,2.3138918489499565,570.048,569.368173498656,1251.02,1285.645281615059
5.4,101,N1_N2,rand,64c8f14e3e11fccf442290e1cb4f41b65f074886ef5fe9684a8266338d021d08,2.1688,2.109835271795393,580.114,579.7484009597352,1257.88,1274.419488888632
5.4,101,N1_N2,rand,5e55ab6bed3d68c996f45d2f8fed05cbc97ba9534617e9dbbffa6ec2c0cbaef3,2.2015,2.1380152352735577,590.34,590.2454697808341,1312.89,1279.681456324921
5.4,101,N1_N2,rand,fee2b410687b2f24e768019688fd6a7ef1cb43da24f58d0a366de3386a3dce39,2.2331,2.1813892715095586,567.482,572.7350335242893,1196.4,1243.605152419347
5.4,101,N1_N2,rand,158468d4b5664ca464850542ee2b114626224b5d329ed5701dc2b7e4f55c6e09,2.8766,2.6929814605526556,569.526,574.659991392342,1420.57,1371.0208757130215
5.4,101,N1_N2,rand,d91d71a437b78c3f7c060a687705214355b9f2a3f26bca4fc7717980b5b10152,2.3198,2.322426132317643,580.956,584.1860229239982,1371.12,1381.7365158613597
5.4,101,N1_N2,rand,cd571ea38436a2d9506da5b380a17ecba0e614422fab64711813e787fb80c806,2.1738,2.1905443497826527,585.662,583.4974757270555,1328.1,1310.4254173592856
5.4,101,N1_N2,rand,b7a7505ff7ce7d813bb891797e9691f6c5b60f31af8403261d9c715a2c84a3f2,3.8176,3.819149866240409,598.138,591.4443211280667,1324.02,1316.8082411118005
5.4,101,N1_N2,rand,64495e5bcc4a515bab9d7b8e5480aa4f7cae3ba96f7f64a04fd4d1b3b07e02f7,2.3086,2.357840787253805,579.941,582.1388547328014,1288.88,1300.1489220302406
5.4,101,N1_N2,rand,5ede2e695b6461e01934d62f47249a287522c3a07097c99c7e19190ce66450ef,3.1127,3.0109414870612823,581.75,579.6927586472236,1301.84,1303.465660877626
5.4,101,N1_N2,rand,18cbba67a9e142ea2cf448e89a7990a1717ed4973f01df190ef24135ff25acf5,2.1739,2.109319059551879,575.166,577.4996293231172,1261.35,1264.4202314354945
5.4,101,N1_N2,rand,3ef167159df90a5c54c8054b929e889150fe8abac10438f6e7f9ca4fff0d857a,2.2659,2.4188532068914834,585.512,584.9511382483716,1231.16,1247.6583353418093
5.4,101,N1_N2,rand,2cba8071bef2f7badc92f64f05efaa8277c2c9164fe14d2bb8987604beb616b2,2.1162,2.0827601403235416,575.556,580.3674289467402,1314.83,1312.7765526595063
5.4,101,N1_N2,rand,f3f1b8bd589064fe9a0e21f40405c4f4f463e62725bfb3ceaaa2d3d2c292dbd1,3.0337,3.0135138587722636,580.089,580.7729880905065,1247.66,1267.5371181647122
5.4,101,N1_N2,rand,ab85bb0e5c3d9b8ec6c9c42b483b8573a1c70312d27aa10dcfba3bf489742d4e,3.4762,3.2036915020471413,585.543,587.0547190225714,1321.96,1347.3604378585717
5.4,105,N1_N2,tail,b2a069c6f824a3c45c6756c3eac387583b01432f6b80690d0b129318ff2e9814,1.7533,1.7313832515190695,600.42,600.4688228718312,1250.94,1277.2395471210807
5.4,105,N1_N2,tail,4ac0c31e48271b68134c89159ace47ac926760a71c5158bc796cb62f42af29c0,1.8704,1.8285019814956545,601.977,597.7109982614761,1363.79,1338.5940642346548
5.4,105,N1_N2,tail,110f99bf2a753d68d9bc64eb1c81fc93a1823ac9ebdcde1380c823d392c6d29b,1.8994,1.919178989145098,599.688,597.6304890691608,1207.89,1231.491191167926
5.4,105,N1_N2,tail,2ec5ae18973c102975835ce2fe8bc64d9db9ca066d0dba5b5605af944fbf66e2,1.9489,1.977238093428378,584.495,585.2196013755215,1239.25,1259.20940575914
5.4,105,N1_N2,tail,eb92c4ab9224ab52284bfdc94f2f6b1a20f804e4d8f4d1b7bbab6f777ff95b07,1.9539,1.9800000274682354,590.978,588.9353261018068,1273.02,1302.7227718366241
5.4,105,N1_N2,tail,26ae377995077564d5834dd94ede35703e8e2819bf8bf793411167a97ea0c38f,1.9834,2.0289153282170225,595.408,594.4722694895086,1351.82,1364.103289334925
5.4,105,N1_N2,tail,75fd68e4a4283d7371eeebbe23ca1a4e346f6189af30937ce110441d404921b8,1.9915,1.9366719418614993,602.549,603.0310898091034,1353.88,1340.8036693139595
5.4,105,N1_N2,tail,df9e9d54caf86b7ae64143f1cc789361f382b0c2ce4e9cad3868ffa35768d859,1.9997,1.9580486160914334,598.454,596.2000746868644,1298.53,1280.068457586883
5.4,105,N1_N2,tail,d64149d7943105cbeb1c8c5cdc7932e885a1f7e10070b9034861b0ac9ef4ea8a,2.0279,2.0793142991103633,579.521,582.78656411561,1317.36,1357.053949710786
5.4,105,N1_N2,tail,c4a0bffcbd1be045ecea9942c8f07299fe503c44b763631e71e03cbe43f3f7b2,2.0433,2.0003698772152148,601.34,598.1203326140774,1335.89,1329.0532669962931
5.4,105,N1_N2,tail,84ea0395016637cae7630ecd4fde3112826ed9f1319adfae036e8b0e9c6b16a8,2.1052,2.072346654522203,596.268,595.4536315282271,1383.2,1392.3318854164195
5.4,105,N1_N2,tail,cd18b8d3ff67f9b472b3dd56de9a8e00e6ba69da145759615d72cec8cef9b16e,2.1422,2.127279836007842,594.881,596.5683651633956,1373.04,1359.7090128544937
5.4,105,N1_N2,tail,61e40709b6f9bbae36c2f2f3b5abdede6473848988cc7b652d2f892d74a8a4f7,2.1885,2.1572955443337296,595.389,593.5552588414741,1254.24,1269.3564400539938
5.4,105,N1_N2,tail,1391511a4e5dea315861a512899c7eac5a9044e070f7482a245f8467ae595a4f,2.2389,2.2722457376147718,595.464,594.8184769971069,1361.01,1369.1007484257836
5.4,105,N1_N2,rand,94d3f6628ca30446d3b0dd389f202bc0dbfbaae1f22583a0c433938104f0c449,2.5038,2.3795427161163047,601.879,600.1225019649144,1357.58,1351.795366025914
5.4,105,N1_N2,rand,45ddc1bc59d239a5f115eccde281cb0b936ab5b22c500e7e3c9e65cbfb38f504,2.54,2.5354557382774296,594.744,591.2991799773463,1349.48,1321.7189405056588
5.4,105,N1_N2,rand,68c35bb3713acb4afe93c0d7b8bbd6c62ddd65642aca1c230883d4df30d097ce,2.5842,2.668934094070187,601.752,598.5197195990011,1364.27,1352.412326537664
5.4,105,N3_N4,tail,9bfef5c4561c32cc83cf8bc5003efa8060f8d9a183ee90b3be206a0ef6fa12a5,1.8912,1.8178761629781073,604.26,602.5688673179588,1341.91,1327.3613529316576
5.4,105,N3_N4,tail,1351f8ae3fec29118fc3aaba0aa085a9f0ed997f4e89ffb4e777d9e03738e950,1.9465,1.973136608541078,595.337,595.2848231148953,1241.11,1261.2088367543533
5.4,105,N3_N4,tail,dbd06f31d9ff4487a9ebaadbb1628fbec4da380227ea8a54d73159288c2df6c2,1.9573,1.9350905871268635,596.773,596.4793226522606,1231.45,1242.175836164934
5.4,105,N3_N4,tail,35507b9dd0f81eff43cabc1117b318ffad5eaf5ae9f2e8416dafedca63c14670,2.0163,2.0528851259290226,601.301,601.9995119172884,1343.15,1327.8067052652357
5.4,105,N3_N4,tail,18ff455bf5891f1d62e3168a407744470c8d765f8a7a15a6080808a48197243c,2.0285,2.065796649973721,593.011,595.9850623138946,1270.47,1302.645752804333
5.4,105,N3_N4,tail,23cc5002301e9463d00b5267e03181bb08b3debeb952da97bab30fbb1c4086b1,2.0394,2.04801915094644,604.012,607.530425115438,1374.91,1391.0905232923928
5.4,105,N3_N4,tail,d2b9e20f3b08cc389fb84624f0983eb355b045790f01e8910e737db3f899f3eb,2.1383,2.1772525647962193,588.859,593.707439488905,1302.77,1316.3823721136248
5.4,105,N3_N4,tail,83e02dbc3bf8ca0bd8f67af3651504cbdd52a2eef427a911bc1af9148194aefb,2.1477,2.1126375170115814,581.523,582.7891231570593,1169.37,1218.0324089717653
5.4,105,N3_N4,tail,69aa52f20ae230f9de5d3f9a98cd2bab47bf1d4970bcbb39b85fb5a591d53022,2.1679,2.133743013542736,599.477,596.6458576361999,1299.15,1297.400601633421
5.4,105,N3_N4,tail,3375ece4ff879a3ef680dc0217e7b709433d7ebfd85a7a90f0b5c35cb7cb2b70,2.3064,2.377338096703379,603.774,600.9984701180379,1452.14,1442.4292368618933
5.4,105,N3_N4,tail,92b76eefa7c970e39f8fa0d98c1d0f07ae452041e0bfc35181f0831cc23b0ba4,2.3326,2.2945954204587213,596.737,595.291219025595,1261.24,1280.799715470349
5.4,105,N3_N4,tail,4df8f851e54750bd117695e5b408adce4ad367078b5e24e3ea5b0ea2eecfd004,2.3352,2.3563650254704167,591.274,590.9153036154491,1319.42,1305.5343894385562
5.4,105,N3_N4,rand,e342ea0de9e2f149b47032810a3ed762f9a951af357250a800231efb16c98be1,3.5066,3.529791734185426,585.77,588.6496111949405,1470.15,1476.741965261722
5.4,105,N3_N4,rand,0acaa134d768e24a1c6aeb761b7ca8e4b58962dd0acf756cefec0d6203f1682c,2.5051,2.3677419919961697,580.241,585.2667777839251,1248.71,1274.4504431362145
5.4,105,N3_N4,rand,3fdc050e29a4322d1681489b0b33fb57af001be9d90e39e336480213c19b4c9b,3.1085,3.0614310953202923,591.777,593.0053376995154,1295.19,1266.760207891053
5.4,105,N3_N4,rand,dd4681275e01245ca4dcc5bb110988a1afda8569d7cc1ab907d75a14c7206dcb,3.2888,3.23502894603232,600.0,602.3224623701453,1315.4,1364.382343527334
5.4,105,N5_N6,tail,e20983ba2d5d2f207e3ae938f4765455fb6f944103753a4b2e518eb9a8a11481,1.8863,1.8615038858660486,600.644,600.823466327696,1304.75,1296.3930714530384
5.4,105,N5_N6,tail,94f7614b843ef949f1818550cc74010376d7d1eaa22a3990e35095a4bb3a69fe,1.8955,1.9745821728361415,607.389,608.2681937871073,1312.84,1326.5802981790525
5.4,105,N5_N6,tail,8b3be27997702ebbcb522fdc546b82f026fc5d6f51dbef129844276fc1c5f2d9,1.9686,1.9758667815171884,597.805,602.9866534114083,1334.53,1358.5641782748114
5.4,105,N5_N6,tail,3cd6fac7a271172f5b78393b9a3946c236d9c23d66fa443f471b6f9fe0ab984c,1.989,2.1694088172325885,601.314,602.2045756413388,1315.73,1327.8424516824803
5.4,105,N5_N6,tail,4377072bf872eb6c131686ab9ff3a621920d15e471fa6b77ea0e598be7c7608a,2.0821,2.1283889763500703,579.891,584.3722000756659,1300.65,1294.5271244499709
5.4,105,N5_N6,tail,884d7f4a67834bbf02cd8af95a732ddbc33c002d40e739476629b1687e800359,2.0902,2.0051709560740583,604.021,602.6727450127191,1343.44,1352.4725038242732
5.4,105,N5_N6,tail,1db6c2fca6494fe048c4e81108d4c3faaec87b00bc37f736ace7db75c47963f1,2.0923,2.0432109280144637,591.823,594.0841178895635,1387.36,1376.190801466382
5.4,105,N5_N6,tail,c88ea2071d74061da02bc58ae2e847e74e99a3b11beb95cfeb8844ea6ab87261,2.1221,2.115096957909316,606.073,608.2652141140675,1485.45,1464.1641980899726
5.4,105,N5_N6,tail,c3857c7ff8fd3f637523d2ed79dd6b40d6172ffa9cf3a77b1ea3ef6904cd76fb,2.1388,2.131232872714113,592.756,593.8947117880834,1424.58,1397.8324423184836
5.4,105,N5_N6,tail,78270b0d3d051da03f940dc54e32a00b751efca0c7bd95da9bdb6b41ff766a3a,2.2364,2.2058484434053365,599.496,601.0975532723235,1292.53,1281.0158997644648
5.4,105,N5_N6,tail,87e4e4bebcf22f07a5b4c8c3bbfe268786b5be81ab297f96529c0045f19d1a97,2.2577,2.3301987939679005,580.305,585.3887441179677,1333.29,1336.829365069888
5.4,105,N5_N6,tail,4efa34f75529c60424a5bd4b57d3629630d9df0a4df020712963f7fc46de2a4f,2.2664,2.312942652245006,602.392,599.458833549626,1372.69,1358.8080452485628
5.4,105,N5_N6,tail,046b3dcd3580374e9101c95fd9be2e72c7ccced5cda851a977944d8a5d2c8dbb,2.2783,2.3470625518948105,599.013,598.7643815982287,1308.8,1311.2142305767086
5.4,105,N5_N6,tail,2169547ff2111aed104724f546568276f71f2fae573abacecda6015ef63b7eb9,2.3889,2.4251534153165597,602.857,600.0321046478134,1316.23,1317.8103397459986
5.4,105,N5_N6,rand,664dcee8f3dafaf6f9773611d3022f83b612f96064ec303a0d73b14a48df1dc1,3.1613,3.180222601906483,605.956,604.5618276021044,1424.6,1375.70367135937
5.4,105,N5_N6,rand,2c11c9700f8209fdfc4055bca8b4d82d97900536637a0c2da70bab6a867f7158,4.2652,4.133299662133888,593.712,595.3236914691327,1355.45,1322.28529589485
5.4,105,N5_N6,rand,f8153f7b017e272360bf560edc3489be589e4100d50dd132856a828cc7cacfe1,2.5071,2.524601221002885,590.618,589.4890628426917,1447.19,1438.104890749311
5.4,105,N5_N6,rand,fce07ec57e0eabbdd14894c47d62087e9a6a6e2443a6b80a4eca86441971700f,3.3254,3.283164720533883,593.446,596.2092249073803,1408.85,1391.9250778425962
5.4,105,N5_N6,rand,ef6c5af2bce2704a39deb90769d3549529ff576b4763665c9afa9a9816496a71,3.7215,3.8781487365272564,592.575,591.950469932246,1525.77,1491.1152380363685
5.4,109,N1_N2,tail,8a848fd97e1ca0921710bf2748b5fa5aec5c01d9341867f1955ed4f3db1fff64,1.694,1.731429746730108,617.206,618.2742849336796,1269.72,1287.6869386885196
5.4,109,N1_N2,tail,08dc0bfdb3942795ecc328a92eb51623029df48d53e60a9a1761c92de202b8d0,1.6986,1.7213445625371062,624.686,622.3868700635664,1332.14,1326.9155364233025
5.4,109,N1_N2,tail,5575ffb814eb8a0c396ee7487138cfcfc740ea80ca9afe5fb78ea72652e4bf75,1.7228,1.82406137599803,611.547,614.0466731620256,1255.98,1285.4244391619427
5.4,109,N1_N2,tail,8dfad0aa4dbf58eaba1a16bec9d9d3696418d4001f9e6f1049d8b90e76c4c389,1.755,1.7540427817557895,617.635,616.2567277471804,1284.79,1290.8165769776597
5.4,109,N1_N2,tail,295a40d7cc0d77b0760e31fba41ed5d1ef11745c56106fc17063fcd4a6ab12bb,1.7662,1.751451854686207,610.21,612.8875994536552,1302.08,1329.3316697172136
5.4,109,N1_N2,tail,f8ab81b50ced02c011b5bbc28d49a229d8540e22c311074a31b02b5ad2b6efef,1.7663,1.7967380672265998,627.487,624.8777510158324,1371.85,1361.4000879006016
5.4,109,N1_N2,tail,76da57ba4ea6a44d024532025a6bafd09024125207dc2ab63b125ae018c18188,1.7755,1.813633076741711,621.787,621.0186493547462,1346.83,1336.039412623978
5.4,109,N1_N2,tail,cafab629df9df7a278aba79495738c22460b0251d01bac548731a9cbe680a328,1.7867,1.762243882140853,615.343,614.6935182657759,1284.12,1290.9064732440634
5.4,109,N1_N2,tail,3a87c9095cbbe274dd62e1401f17432e274c19bc2c83613b687e95259bcd384e,1.8014,1.777161065070049,618.362,618.9704291215745,1423.3,1409.2805521465548
5.4,109,N1_N2,tail,0fbfcbc8aa6289114c4531ba6d7f713d0729c31cfaad64bb581a60825a629fe4,1.8059,1.8054088989750934,615.366,615.8880933556463,1276.56,1297.9895880620911
5.4,109,N1_N2,tail,0753dff15bdd70a871898dfde38e1742f3b68b6536e4507f2236c1aa9604c4de,1.8066,1.8813371181220542,615.721,611.5242717778776,1314.42,1291.2328039613658
5.4,109,N1_N2,tail,7e769d9b8bc625ca45b9d8d36fdc43719dcf0c784309dc579da1a4b82a6578f6,1.8084,1.8638858919927346,607.136,609.0513693291895,1319.53,1329.1840079474114
5.4,109,N1_N2,tail,3bb12ef333073ae2ecfb2938433e8ab0ff67da1e142f48d362da049bb26ebb12,1.8192,1.8385896507940518,614.543,615.1153761894004,1413.78,1388.049454151333
5.4,109,N1_N2,tail,7115ed36c615760972ecde5ff853edc899b0046c672da933c8fdab19132f19ca,1.8204,1.8400147796692607,613.304,611.5506516632964,1374.27,1353.7995219209406
5.4,109,N1_N2,tail,16763ec6a9607acc02244859bed602b559abec2aa80089ec1b82fbd8b69c1910,1.8293,1.8438819701085212,610.32,611.4677277821597,1371.01,1367.7937179000342
5.4,109,N1_N2,tail,2e1578b5562706fe55664096ebab7fb605a5cf5c0d7d88b8dd110a7a1cea80d7,1.8294,1.7745573604257958,620.38,618.057586964465,1365.61,1322.4362172500837
5.4,109,N1_N2,tail,7030881ed804560df3771675fffa0832e9313e3e91ad4aa091f425162976aea4,1.8309,1.8605622014386056,625.959,623.6215882546471,1397.08,1372.513963504904
5.4,109,N1_N2,tail,7dca89a7eb9c801e4e8208295ac3472137b565a609c0b15774c25ebd1caf86b0,1.8325,1.842241539100117,621.723,620.0308078352708,1365.6,1350.0744093846274
5.4,109,N1_N2,tail,435b00f35a21ff553194658e4e094c154030775deef6c785c0a9b9423164a6e4,1.843,1.8835269916019044,613.927,610.977517284857,1303.72,1277.0542054450466
5.4,109,N1_N2,tail,320d67d5e7319db06044d9a5dc52a762822b222b5272710f499da1e201284b25,1.8537,1.8240714966484437,616.694,615.7050338024901,1354.55,1341.9631101504378
5.4,109,N1_N2,tail,4d92555f9da0b9dd604a6d9709f59663aa85db19438e0b06ad38830a729e9959,1.8538,1.8720664130458955,617.989,617.873643894903,1320.92,1343.2859382898832
5.4,109,N1_N2,tail,dd01bf6eca303e0e99bfaed6468e1c0d35b2b52c53dc7d4675c39163349c108d,1.8662,1.8505535136780873,614.333,616.2433492931408,1340.72,1335.6588004619161
5.4,109,N1_N2,tail,5eaf21432fe5ac33eb0fa9aa253b77b34769c8aba9d05d2a5bc7ff2c35821c63,1.8707,1.8548893368797805,613.588,613.9443402090541,1334.37,1339.2390342264866
5.4,109,N1_N2,tail,d0b9c382672030ca3c708cdd20beacb5c43c05ec260cd20d602f939c333b474a,1.8796,1.8176098703770327,621.543,618.7252177560551,1366.03,1338.6236871543251
5.4,109,N1_N2,tail,e3a33885749fa8dd72a8ef7a4a7ff3863404e0887ee5111c06e8dcb5290b35e6,1.8826,1.903180743714246,599.495,603.3051198956347,1242.66,1233.7996929757414
5.4,109,N1_N2,tail,bdaaa10886bb003d0d3afcb6cad70a083d1c12f37f1b9480d83c4f0ad1edcdc5,1.8906,1.8908897749186497,618.739,617.1150211689236,1325.1,1346.518469611597
5.4,109,N1_N2,tail,b05b457dfa5f3d017b4d499f2dfcc16deb99efc9f4f19d77a40851d76bf6b877,1.8949,1.9804589677101,617.418,618.1381292271668,1436.95,1443.2444611022743
5.4,109,N1_N2,tail,b589fd72ec93b86be8f99887e5dcdf03ccf4a977650431a034fc7df16f6812e8,1.899,2.0505694404889354,604.267,605.7568945098119,1296.73,1305.4125496677248
5.4,109,N1_N2,tail,2b898d9a77227b33d75520b3ed9698f3e361d9012b319ad39b23d00478ec8931,1.9059,1.8734282050384072,613.987,614.588675380614,1318.09,1341.3390151641051
5.4,109,N1_N2,tail,45c74874739e4c510b102a56146717ae03a76b9d1e91ad0ce500544f2e5ae499,1.9104,1.9500637035070998,611.436,610.9257186625771,1337.15,1339.3071102774024
5.4,109,N1_N2,tail,7e72a8510b19ac3c991f1971aa962b5ac538739effa3817d5cb6ed89058c2324,1.9185,1.9472641842211798,616.687,616.0256589565126,1327.62,1307.559442652358
5.4,109,N1_N2,tail,2cdb584da1bfdc52a8b71d09b10351aa69eb35475cfbcbc9638ff5a8e92c1612,1.9211,1.9310478735003302,607.501,609.0429069900285,1380.0,1395.3762689571781
5.4,109,N1_N2,tail,057df4052be27cfe8dc185f47c0f391a2be38ea3ddec151211fe52baa7a0c42c,1.9238,1.9457913963445748,617.528,618.7604707834348,1246.63,1276.8977579935004
5.4,109,N1_N2,tail,7651b6e307a1e3296e8de267f6a2198d6485c003b49bd63e09bffea3431557b3,1.9292,1.9092024123993951,616.62,615.4623693165198,1266.59,1279.1188217711947
5.4,109,N1_N2,tail,d261493a1f4cceaad4cfb8af20c65549630c988f2eeb91aa914cf01c1a0851de,1.9312,1.9630501577201889,621.599,625.227168195771,1453.05,1469.838859010507
5.4,109,N1_N2,tail,c3d368553f3b8fed53911aeb000264a6946a41af341fe2fcb490be946c2bc3b2,1.943,1.9625042679553508,607.397,607.3114343578633,1221.21,1260.3353693888757
5.4,109,N1_N2,tail,52f0ccec7006152748b5f33be9c98507230a5ba77382801150e2007f77135428,1.946,1.9604801480135854,608.995,611.1780900422075,1308.9,1309.089109628057
5.4,109,N1_N2,tail,6271db9e899fccddef9ada434c6c9c6810c490839629674edead5ebb1386a2ee,1.9482,1.8960435319147826,602.693,605.1775957588529,1338.33,1345.0436576756774
5.4,109,N1_N2,tail,dbad126f57e6198d7770334672b61ef9851ef2ad012d36802379a6a9ba68b2de,1.9493,2.039717672802239,625.545,621.3975581754055,1303.49,1314.3818856793064
5.4,109,N1_N2,tail,99fed45d79a580b330c4f6cbe39c6ff64ed35f9d32828155f1cf8eba1d7f28f9,1.9561,1.947792492989758,617.166,617.0528647044714,1360.21,1321.0767073550473
5.4,109,N1_N2,rand,f9dbe04165ff938da7c0ff1517fd41c93e3f16701880e664b8b39099273a5805,2.8587,2.7062794663532292,622.893,623.5187400140736,1392.0,1417.840140673729
5.4,109,N1_N2,rand,49e8cebed1cbafab972f4aded38621da31ee92b22ecb7abf5210c33b62775832,2.1593,2.134948772875188,624.821,623.3761442013572,1295.07,1315.923090648656
5.4,109,N1_N2,rand,60e92db3542f49eca2aac93571f93722b0c34bd1861730b3f4e459b9ab974446,3.9721,4.078088009227654,605.905,604.4284386655514,1386.42,1374.913292589159
5.4,109,N1_N2,rand,9d6c74018c48933eacd5e861afcb8dcb74555ae6a18be2ab88dc1e69dbf7b242,1.9682,1.9768604004259527,623.41,621.5631690156268,1378.64,1372.5416400547301
5.4,109,N1_N2,rand,cd3fa93d19449ce93fa42f57756deee3df77458b75830232c383b79230cb3621,2.6921,2.6361974845236293,614.197,611.0269816931649,1503.62,1458.3807201729937
5.4,109,N1_N2,rand,9e2adb3bb5725ccb83ecbb09a4510e5cc2f3b93edb1b5ae673d12a47f9f5e1b1,2.1172,1.9882345849995744,617.921,619.4318521920826,1342.56,1356.3190840748712
5.4,109,N1_N2,rand,474b1eb9ea03694254a2a0b9c2e853e49202866aea28969edc9b1701b25d57f5,3.2482,3.179040210200592,619.888,618.1004405509034,1386.92,1419.6830046931068
5.4,109,N1_N2,rand,e50bf593eda0ef4db33c5a3055be8cd90c82c8535736fe19fb05b28503fe8c86,2.5329,2.5354704402865345,611.474,612.7565775128026,1307.99,1315.5683539952674
5.4,109,N1_N2,rand,4dd09f176df316a77695f3b99c9db48302520d73216c6701e1bdd71bcc728f35,3.4222,2.9699638116707976,617.529,615.7811347903435,1398.16,1392.60123513492
5.4,109,N1_N2,rand,21f800041c39670ec63edf3d887589a6e9ed843fe542de6f4a1c8918126bd3b9,3.9517,3.9132518469193656,604.221,605.590179026144,1591.81,1580.4219159622498
5.4,109,N1_N2,rand,eca8088fc3e430d8caa312ffb702c1e41e9f97bdddd7c07b9d7c097e6a459e21,1.9705,1.9647198858819448,616.121,616.1128193068081,1226.91,1263.1779882835963
5.4,109,N1_N2,rand,a50a07e3ce9e508f20d18cd594616b01e5a167e088af9bd7f3cc90ced55f3c9d,3.335,3.3373673137168955,596.894,596.8557218503768,1324.05,1323.8419121663483
5.4,109,N1_N2,rand,bece9659808b7695f9017e6e4251ac26e8db6fc559bfc033677086c151374807,4.0651,4.0953042834773346,602.786,604.6140630926398,1427.34,1398.1817269202215
5.4,109,N1_N2,rand,30cad598e076c05c6faff1d57879b1fee5ade278b005b9e430300b881b6c654f,2.3138,2.267112615060754,622.905,619.0492397609684,1372.96,1361.574290832557
5.4,109,N1_N2,rand,ccf89c45f4d9bdc2bde1c7e0a022ca8c6f88483a34b7d3b24a94ee39c3cbc0ac,2.6222,2.5784571389675977,622.979,622.7775411066158,1412.79,1424.8297075731075
5.4,109,N1_N2,rand,2fe2b3a9f0f253d9ff977b750f33c9322e0bc333a739d879567706b83416bbef,1.9754,2.062529585031136,616.998,616.6406809166673,1393.34,1392.7060543137331
5.4,109,N1_N2,rand,4318a6350694688711d7535aa87998f53274ee03366e5c19490d7b2ad3a23f1a,3.0337,3.092642982714838,618.167,621.1813069577322,1364.11,1354.9394299004134
5.4,109,N1_N2,rand,01f9ab11cfa741de49a1d96941a0ce44165311e30c56d7f34b37163c05d59c05,2.0543,2.0219372872225727,616.283,616.1066681452882,1361.84,1355.0990923166391
5.4,109,N1_N2,rand,608b580a5735159255724f3e51d57c16917bb9742eb1f26e53fad35d77aa668a,2.1639,2.1106035998552786,625.526,624.4099053967996,1419.89,1429.1710145915085
5.4,109,N1_N2,rand,6d6f3f8b6badd0571445d212ac3a35ebf8f7b6490c7e74f37178f92e95550ea6,2.134,2.130260141569075,616.274,615.026825475105,1384.04,1408.0740032839526
5.4,109,N1_N2,rand,5765d803c2f38b9b98f5d8dd7c59321bdfa21f153cd95935068da710b844bcf6,2.2607,2.251223143629453,619.495,618.866574139924,1375.94,1378.664750368339
5.4,109,N1_N2,rand,70e828b194880bf690ed5f3cdab2d200829b9b5a60660767cc5a381a4341c0a4,3.3143,3.4156954960377104,627.167,626.3855697520303,1560.22,1527.1764298379894
5.4,109,N1_N2,rand,84541ac5d413c0ccd389f38eda9614be834caacf0ea81ed59837092986458452,2.3797,2.4540000529159487,620.297,619.6604462698207,1364.04,1402.9300527158584
5.4,109,N1_N2,rand,d5cd9743b8afae3c7629e2ee39bb541d2ed35debf32e083122761af73b561e74,2.3204,2.3279794260945827,614.065,613.9838931873489,1412.49,1428.799414716631
5.4,109,N1_N2,rand,de9f7c3b3248fd20484835f73c26e8bf19453fd383dd26424908ad80338b0a8b,3.3734,3.2545543649417086,611.542,609.5760398318223,1455.33,1429.939018195044
5.4,109,N1_N2,rand,fa17c2e7f0ca83aebb6a7b819d7945cfa3d4669daa1cbc6329e673e43b2ba3de,2.9831,2.857077373854104,622.028,620.2759188241223,1326.36,1334.4316635509053
5.4,109,N1_N2,rand,2127abd82e4c24c06ecd3b806c29f89406a8195a83c4e6965c014fcb3f0c9a85,2.1949,2.185518373103945,608.206,610.33104677457,1387.76,1367.1744005117266
5.4,109,N1_N2,rand,858eae450025833a020b37e9d3378aadff89490a42fe67a15a3d4bc526f75bc2,2.0218,1.985343871689988,618.575,616.142306416829,1331.76,1328.183205021909
5.4,109,N1_N2,rand,3c1aea05b68fe535c5161ea1cf1537a656e053a38ceb8e6f9def9f41d3178258,2.2158,2.1919909059480216,614.315,613.4542814198124,1445.52,1418.4254436413112
5.4,109,N1_N2,rand,d9c569ab8aadde1393086cabeeb3457fda63f97c7261442f56d4264249c35e78,3.5383,3.5268370985678876,622.94,620.5882380530896,1433.95,1408.8976880929335
5.4,109,N1_N2,rand,ab745996f58d42a8fc8f362e9ebbeb2d4b1a41ba044c8b50b4850a393eda9bdb,2.2941,2.264467840697122,614.892,615.8198413135857,1404.49,1400.8084828891383
5.4,109,N1_N2,rand,de04008e7721ed6365428998a21f00531f31e4eaa5ece04bffe50953ab57c483,2.1451,2.1482552892772926,612.071,610.680711673732,1427.05,1394.7637308482826
5.4,109,N1_N2,rand,f44295551ec64e2baab46f6d0c01a55502ce583d46cfeffcd88225638f2c6561,2.283,2.100986496588978,628.653,624.1694655581886,1334.17,1324.4952911848463
5.4,109,N1_N2,rand,227939920511100f662d759fe00364eb9300bc0c8c80a3f542ad11a0429a5b30,2.6999,2.5642804671952093,620.661,621.4847457428212,1303.43,1335.4492140347033
5.4,109,N1_N2,rand,88bef551a456e30f0e54c8678bc5bc0f90ae2e1e08ea9171e0c76a404dd14244,2.2943,2.425756483272927,617.019,620.3464955906727,1288.54,1353.3957039455445
5.4,109,N1_N2,rand,7be51504b8896ea7aba02727d26601aca2095fc35a9f70743cb448402737a0d5,2.6258,2.626510747700764,625.718,625.2731737052302,1424.23,1451.250792447831
5.4,109,N1_N2,rand,0fcdaf5ebf56736f7f63cf94337163b6f4e5176dc6a56d24d91f74220d0e12cb,2.0623,2.0842522225406293,612.683,612.6935293018332,1214.58,1240.1212671662188
5.4,109,N1_N2,rand,89e6800f7c1115c6ab233119d62846de064289616bb7c3101367d47f75eb013f,2.2269,2.132730198021757,608.856,612.6474186506421,1321.86,1334.2382440055485
5.4,109,N1_N2,rand,08bce3c3980da2a656a320552fb43cb25a2d52035275499708a00e14467e1f35,2.3603,2.3387516352097864,619.849,620.4769355134993,1349.79,1355.48172976482
5.4,109,N1_N2,rand,25b90bf89ef3398f25b40773199e9f35d198f20fdafce782dd5c3ff99b79a312,2.266,2.27669782509504,612.238,610.9485572705827,1286.94,1314.788736862935
5.4,109,N1_N2,rand,78bf0d91c06790568623526996e8aa869afa87e647f8a51bf7ad2c1262cc0316,2.9849,2.8670340048289273,617.633,617.3911361199725,1327.25,1324.0385726415911
5.4,109,N1_N2,rand,34ddb707a295143af80106a3915ed563f21ac66ed1969fa92beeb30c02ad94d1,2.1651,2.182922204017453,607.534,606.1663683636596,1199.26,1250.8052557276387
5.4,109,N1_N2,rand,a9f4bd53ebbd1b0953b7c17396256abfc4731dc3124e29da9d40caa4f0736135,2.1951,2.298008835402746,600.758,602.2136954204192,1346.24,1345.794026182944
5.4,109,N1_N2,rand,30590d0b1021beeeda67dc82559b3fd22aec2cae427e5b1a5eccb59e741e4a52,2.2875,2.3787088415004995,611.387,611.7952576811939,1317.2,1359.416539670593
5.4,109,N1_N2,rand,a3f26f26b0cb70070a0eec60daadcbb15a880cfec15f7c243b39bf6733c3101a,1.9586,1.9536462109348292,614.688,615.9386774030955,1319.32,1332.55197850801
5.4,109,N1_N2,rand,17a9318226e83582962143cdc5b21a166cba29b819d8f3fcbda24f0674e5e1e3,2.0297,1.9151781663235004,615.18,620.9671964242705,1360.32,1405.157966587164
5.4,109,N1_N2,rand,d9db71d20d71d642bbbaa012ea0bcc148b57b18b94fe675bf17408c961c28a96,1.9649,2.024729254894257,621.5,621.6556193857261,1276.68,1329.8565917769447
5.4,109,N1_N2,rand,678898e3e33b68398194067391f0a1780b28f0fbffd0ac3b8365e69851fa3d87,2.016,2.083585561878059,605.501,606.6363086171457,1317.18,1330.4898359579147
5.4,109,N1_N2,rand,9c479678c34c4e83fecf534497e409acefb3f99de551557b13df4e76e29bebfd,2.2779,2.2663640410177077,610.748,614.3797851071524,1442.34,1430.0944341197437
5.4,109,N1_N2,rand,374834cdb53f20e2b228f4053538320ab93cfa2ef312529c876c5da5355e320a,1.994,2.0130167147348677,618.516,612.940850924866,1241.75,1260.191574074393
5.4,109,N1_N2,rand,a6bddd1b0d6c17df0d29739a02b892c1b4a9f987a849ba730a7da25b2d26dca3,2.03,2.0530033369123477,626.638,623.2850848173897,1457.25,1440.5761891283823
5.4,109,N1_N2,rand,bf8f3bd7df4678531515c4be90ca08c6c929e78215308b64af0c34616c60ec1e,2.3962,2.397741082916006,613.554,613.2707109176339,1378.4,1405.799321354505
5.4,109,N1_N2,rand,a3babab90a86f7a4edaea268abcb619445bdbaea559fa82f9dc3ae9649f69018,2.0762,2.015436219485222,612.9,612.9973236653756,1247.86,1241.5972239317052
5.4,109,N1_N2,rand,03a6983454d526e23d46b75938fc46680d57a586af06485c570ea844157f1a1c,2.1719,2.3103761337279827,628.149,627.6140936305394,1382.28,1403.9715147945162
5.4,109,N1_N2,rand,ce639c810e15cc95076631f6442ec861c77ee84f346941c58bfe2ff5cd1448cd,2.1877,2.095450264191047,621.631,623.0432444883941,1423.13,1418.0549909564734
5.4,109,N1_N2,rand,fb7339127a935df86709d8206753f93f22173955b06edc909152648f2c3e3082,3.0499,2.8461444888501157,612.161,611.7364190266541,1288.61,1293.600981879049
5.4,109,N1_N2,rand,fc7b3dd5b847f740ecb0e070b6b9650b5dff9d4841ad207444897fca720767b4,2.042,2.1102652273679574,600.948,605.8608450918612,1332.35,1327.9969495131172
5.4,109,N1_N2,rand,5159344a29d66a2f64a7af5d230b8d48a31911321bc966ff70444ace402f3301,2.0836,2.056115443675117,629.222,627.721426633884,1425.16,1451.1612856595275
5.4,109,N1_N2,rand,f3d935257e57823a921050a7a60a085494ac88b591fde047dfdc3ca099b6d89f,2.302,2.1371287065512496,621.776,619.4724130600371,1326.43,1330.756295629606
5.4,109,N1_N2,rand,f39c8218107e117fa743d1ee792b1ea5deb51d1303c08521be7344f1e56663dc,2.3565,2.332304975264262,623.57,625.2404934555046,1412.27,1450.2986978895497
5.4,113,N1_N2,tail,c9bc21e9513b86235d1c8a1f81da926ac71f840247ebaa5f87188b336f8c5eca,1.4961,1.5343195025626626,641.635,640.549968020445,1415.54,1403.4031741331407
5.4,113,N1_N2,tail,ae1e2004b018eeb534356cd00d7c61ae80040d49c00d195e229b46e5ec8e5224,1.5006,1.5142310549058418,639.508,639.597962512248,1390.43,1401.5393609129344
5.4,113,N1_N2,tail,e0aad53068dba5aeb593ce1f650bc74a0431ac068da0feeeba9dd6ec1d8f2939,1.5013,1.519585330547617,639.51,638.782006118087,1404.56,1396.043171072238
5.4,113,N1_N2,tail,01e0d680c40723c58b85fb92d03cdcb5177464cc1d3231073cb8a448e1b1a600,1.5061,1.5285151864111592,640.405,639.6558561732556,1399.69,1389.0038029064856
5.4,113,N1_N2,tail,6c5f917021d7013af9f9c821e3e653217133918684b8cc4262a1110719d4f6dc,1.5079,1.528489870111935,641.799,640.3398472309494,1424.14,1415.6734975535585
5.4,113,N1_N2,tail,5b698770c49168a7e9dbd324a1d233ae0660b285c19ff045e0f73f7e51f6167d,1.5086,1.5224926692340632,641.49,640.2172077755719,1421.58,1411.7863078368005
5.4,113,N1_N2,tail,8b60f726970ceaaaa657794bacd150203e423bae3c831b728c0c216021fc86fd,1.5118,1.5259024556025154,642.212,639.275735079561,1423.14,1403.7388169177411
5.4,113,N1_N2,tail,9637a172670e1ed64c20545b6d333b589a14ac6aa6307abbe2e367c0701e025f,1.5118,1.5164826599402477,639.409,638.6383914233758,1410.74,1398.1919406331706
5.4,113,N1_N2,tail,51f6b8c63d89d97eeb911233a6049cdbeaae39220ae4cadcfdfa8793c5f6a181,1.5124,1.5176037040235941,639.209,638.7289406780518,1404.16,1396.3387235777552
5.4,113,N1_N2,tail,230e6223ef232f03b49bf5c4c8c00bdff698c650b87ce7e0ae60d83cd3dccc27,1.5146,1.5217518562157775,639.011,638.0946733516669,1400.04,1392.1534532885405
5.4,113,N1_N2,tail,82e89af0c77ed580fb2d06b2d4f6edaad99e0c06039edea334b28cec141544d6,1.5148,1.5335205436293122,634.34,634.3378883452169,1359.95,1358.4015927337193
5.4,113,N1_N2,tail,5aab1a6da568a107d1f73b745b1cee127ee1ec0a5288548474773e303791b934,1.515,1.5159457225572075,640.351,638.8214514487437,1410.54,1397.1093897952096
5.4,113,N1_N2,tail,54ca754e85af71824fe361d9fe256ede0166b05cb9c3187aadf9346be50514a1,1.5168,1.5190966787460256,639.82,638.7676493484977,1409.09,1397.9419311001352
5.4,113,N1_N2,tail,dbf20d85dc94f7b1a70bbb5cf156ca1ec8046b90f3a964f6f445979359c56c0b,1.5186,1.5297478426017137,639.633,639.5533320355286,1417.88,1407.8501028912885
5.4,113,N1_N2,tail,c8814e94d8a4f8627ad1b2cfd274c1b325d82e53a822e0a8c7709f794cfbc2f1,1.5194,1.528706869006869,641.674,639.452676450959,1419.57,1406.4381550811656
5.4,113,N1_N2,tail,ff092b288c7795f5078606076ecf21e10e5d37ec5502fa8ae0c94eb0ea8f5ec1,1.5194,1.5262966399698612,641.247,640.9153219606812,1407.1,1404.5564447521506
5.4,113,N1_N2,tail,2fae62c6a61471d1a7b548ca9b098e6bfe7d925a608f82d60f2bb9bec1641192,1.5209,1.5211616386846238,641.133,641.1095258498394,1406.58,1405.5244795868475
5.4,113,N1_N2,tail,78d03289182e315e783c301c7db11404863c8d450e661a39a61b7d6747b2d935,1.5261,1.5269768026342119,639.896,639.7946608400699,1391.95,1398.717422125082
5.4,113,N1_N2,tail,93846e9903b1dd1bb91a8d0e6ecf498d4241cf6f1eb669003edf540fc69c3ff1,1.5266,1.524241025166025,639.728,638.9452486293313,1411.46,1397.8086422524561
5.4,113,N1_N2,tail,e80d76d1e767ef0678841f94e453cd93677be48dc6d25d99bfd8cdbabfba7fa7,1.5266,1.5202014225100866,638.369,638.3457062483491,1398.58,1396.1247938796103
5.4,113,N1_N2,tail,97a82e58401f294551d24c96ed205c4acd7373b0df7684edf1a1de3d7c9c252c,1.5273,1.5294610915064293,642.316,640.6714475004266,1425.45,1404.6711826399076
5.4,113,N1_N2,tail,e335a7ca3a1f39dd1e9c0dc8614d406743e4486721011dc31a87a10fd2e611f7,1.5279,1.525883192889821,638.766,638.6771214248246,1411.24,1402.8803174875757
5.4,113,N1_N2,tail,2daed5e39adcde5f5d35e6d0340f1540f9d384ab211d822f936b733e9d1439b9,1.5288,1.521513133102515,642.279,640.4082269574973,1420.8,1400.9203739908942
5.4,113,N1_N2,tail,c7a2e344cdf1c27cb1e9d75d5b2178e6262209a67e4148a6ea20948d806d8ef8,1.5289,1.5247510863422005,638.797,639.7786668359282,1390.96,1395.8030235967865
5.4,113,N1_N2,tail,e5f425a6a5d4c3f8741905ad88fe39f419680942cc0487fc4beb9e6b961ddd0f,1.5324,1.535464131304642,640.074,639.4148731024778,1394.85,1388.192012522628
5.4,113,N1_N2,tail,2b5ba86bdc26b274513c29607f02af2bac299eab52a92fd1f825d7be6bdd33e7,1.534,1.5271054592368274,641.511,640.2709467042416,1415.63,1406.8632574446026
5.4,113,N1_N2,tail,1ded75593ae3e81c17128fffbef8c8eb761eeda09e685131ff7aaecce37a6668,1.535,1.5308346975166902,641.369,640.3088453667153,1416.5,1403.6342621119416
5.4,113,N1_N2,tail,41d6444396ad1135103679810af9202acf1549cadd6b1a458f5a7e9a03f86711,1.5372,1.528900254621012,638.853,639.1204947723359,1388.03,1396.3629750807756
5.4,113,N1_N2,tail,a5c0324bda19696f1af23497160212c7fb90007bb87e3569e9764a76be7d3c10,1.5381,1.5359906502219753,640.969,639.1840676307527,1403.1,1394.4909025643778
5.4,113,N1_N2,tail,799dde4a45a0be2e9d9b301a19459e296f43c3b1a653427feab8f0d6bf80489f,1.5388,1.556644428443103,637.81,637.8089823090628,1385.45,1376.1873013639752
5.4,113,N1_N2,tail,7d0d7a4b7061779c8e0ae640d1bfc25958d5ce4370c74a6a47cb2e6dca760f2d,1.5395,1.5977431003723694,639.457,639.1752941829467,1359.47,1365.965521806783
5.4,113,N1_N2,tail,3ac02f03adc0431d47ae63ea1f9ecc0da98dc4c30a63b1fca253b0341df4ec13,1.5398,1.5314809572342551,641.383,640.2249967001907,1417.51,1403.83440428535
5.4,113,N1_N2,tail,b2dea2ba11ea7d00374a86c31120958455b3ac50f2b05545ce2b2a4779a32c3b,1.5399,1.5255799840533788,641.472,640.3377323574367,1415.5,1401.677517056626
5.4,113,N1_N2,tail,7f62ebcb2f3b85846eda8f83273a0f92600ec1aef4ef69ec3d2d3f009c91ea54,1.5404,1.5357883488054487,640.949,639.2439537834769,1402.99,1391.2202684821275
5.4,113,N1_N2,tail,3878e2d6ad98edba20b34920d89c09ceb97c722bdb9b2cc35f6c55ee17a30b53,1.5414,1.549432417290524,635.951,635.6727897334673,1375.18,1363.9261294986686
5.4,113,N1_N2,tail,43211eee4d4dd0193f9832d3aac98e0f699c516e9ce5fb040774b413d97d0728,1.543,1.5414908559390423,641.723,639.2180380698431,1413.59,1392.0634059518436
5.4,113,N1_N2,tail,a4b2685ad527a4ff5a2beb0da03101c174e80096d9b8253cbf68036e99f07c26,1.5433,1.5366827340153555,640.191,640.0369035666308,1399.13,1391.9636452673828
5.4,113,N1_N2,tail,92db5e1c05bd8cff21d8b97ef5f20739762d68115129f30b276a31edf34b96c3,1.5444,1.5475657516662573,635.71,635.8785361252075,1373.76,1365.7944819090937
5.4,113,N1_N2,tail,93453c30a5e488785e042523edb794dc9ea25d94340d1fdafc5e0d89cd90a9d6,1.545,1.577445031181977,632.792,633.034637404993,1359.17,1360.8210826207091
5.4,113,N1_N2,tail,0cfa56895f5332a3783529d7b665f887b710ed57592b4898a9eb7b621ef49744,1.5456,1.5468394787045072,635.342,635.7580156691306,1384.3,1373.6113545835458
5.4,113,N1_N2,rand,4f0467a546f84396b42b14144e6b33d86c84a1797ac366d149a0c01bec8a48ca,1.5728,1.5264662405702616,640.459,639.7964092994513,1418.63,1400.0577390114497
5.4,113,N1_N2,rand,a130b2f6a5077fa39869aca84e06597d3a50c49bcfdbb23c6effa05e7969d771,1.5529,1.5663456228570094,633.244,633.225125612022,1363.75,1364.2912994441879
5.4,113,N1_N2,rand,7075bc10dfcbd1e33a61b8fcb05ea6f8394a1937b49111944d564707069dbf10,2.1406,2.0676098161735785,639.098,638.2741678168874,1409.93,1413.1408536564181
5.4,113,N1_N2,rand,ce40f449d46f6b2d5eed542ea9f087f2c66cf1da2da7b0ae7afeac0548826794,2.4786,2.586307104366496,622.464,625.4902459692177,1511.02,1503.0378954754055
5.4,113,N1_N2,rand,2a279c412f7c41ba68fa0c3f82d87d96b78592d82d3d5dba5f9df45a9e33f3d3,1.956,1.9697413199515397,630.757,631.6784346936892,1345.36,1365.5061217658217
5.4,113,N1_N2,rand,470ed6ae4304b8913b961263278eec8a78fa8e4f83d9cf4956050976472124e3,2.5961,2.3933704122331463,625.75,628.5539308176795,1368.86,1367.432487529345
5.4,113,N1_N2,rand,3a8db46f13ecda6131c8fca80ee728c1793293dd0d22dc549a7bad3bf7f19b5b,2.5632,2.466425475959134,639.521,639.9164018979405,1379.49,1389.156478321646
5.4,113,N1_N2,rand,13d742339223c74b0dff066aada19a9a7770de0adfbd51862180479745bdd0ea,3.3574,3.461905874296949,629.078,629.6044422208179,1400.75,1419.203736492942
5.4,113,N1_N2,rand,f28331cff2a052c5603f4a395c8bab533f751c729175cf8b50b52ab1fd51a3b0,1.8375,1.890005735748688,631.271,630.7152604040755,1358.55,1364.5257983069541
5.4,113,N1_N2,rand,e3da363577b6d0ea193dfbde5f778aa6d328fa31daf2532984c7d9561fdfaf68,2.7189,2.780472879840017,649.241,646.638302992342,1473.41,1473.2917310207752
5.4,113,N1_N2,rand,5a8d9dfaa5077041bc4d88bfdd770030be0cc70f698e9067f11292e8c2d92401,2.0095,2.0187000230136998,637.862,639.6462584764231,1386.81,1415.323677766122
5.4,113,N1_N2,rand,d216a2c1a73cbdf08e837d460c1ec1cb7dd88313f36ed0d11de80e745fa577f2,2.0876,2.062647857303305,619.842,622.4075616736392,1287.66,1291.818267385973
5.4,113,N1_N2,rand,3e09bcc416f4a801f32fdea4b5b966e00550b7da07c1b0f3a993ca91972b8309,2.218,2.1943083469598976,631.962,631.2059963214635,1354.29,1381.380559859517
5.4,113,N1_N2,rand,4fe16a4b993499645ac32096afda696f5b37fd0e4ea1d30d3c4c02b6aa758e8b,2.1257,2.2032397488672215,638.069,636.2444716416564,1409.99,1425.361077210585
5.4,113,N1_N2,rand,7af8f80bd7ed7433b71b22837eabef7cea8527a2aba49f342caa112cb6873c6f,1.6214,1.603012439758692,641.085,642.2264044241293,1314.97,1329.6227679543897
5.4,113,N1_N2,rand,155615c3c471074061a7970eaae5fefa91a79d2772c462bf4653ffacc96daeae,2.0627,1.9929793463557994,643.127,645.1737514282224,1442.15,1464.4744779455475
5.4,113,N1_N2,rand,26c2f624d68a3f0db588f71f4d068084f41dbf5277d46319b5a733168218a6c5,1.9011,1.8870039296279957,644.265,647.6007077917501,1407.61,1419.3900793392474
5.4,113,N1_N2,rand,1476fd3286b0d0e74a2c1c49809b39929577ccf0b6402ede5c81eeaee342dcd2,2.2739,2.2873079725156438,633.196,633.6632113113886,1387.87,1410.0109391918982
5.4,113,N1_N2,rand,40e07de18865e7a5c8003ae594fd9d2cd5c5b0884f23e180eca7f5a4cace1fe7,1.6381,1.6265471241028588,640.598,641.8938334803119,1317.56,1332.7938986437725
5.4,113,N1_N2,rand,34db3519dc34c09b903782c92f7fa60a85008c270b3b01ee29d47ae7a760878b,1.5635,1.5567939076660529,634.104,634.1374540813254,1370.08,1362.590063824773
5.4,113,N1_N2,rand,1264b64e38bc517ee4b0562291e45827202c0572dca45670b446fe6b2036a071,1.902,1.8828032629304403,635.056,636.6809815093845,1335.15,1344.2859433202373
5.4,113,N1_N2,rand,330c3f0618f64c18148396edd94bb2c6391d7b51e642c58cdbc8855aa6641375,1.5589,1.5287049370111683,639.067,639.5145727544849,1401.67,1403.674918904624
5.4,113,N1_N2,rand,a62912ee1da69f0c38b8abb3c47c70053b93fb9a5d51fb41c8200b1b7f4a90c4,1.9692,1.9762132407953354,641.988,640.6409111821423,1469.7,1457.1139508595647
5.4,113,N1_N2,rand,1bcdd4ec40ef40d692a60a580a71597ead0b647d958b51bbcd964ec1521585f7,1.5776,1.5685977574013483,641.776,640.4159102886528,1421.73,1404.3898236605398
5.4,113,N1_N2,rand,8009f85bf811b16847cee560c5f1b4395331f2e626e2f2932a4ede955cd472fc,1.5855,1.5952508688511584,651.103,648.4697177563313,1368.01,1346.4117289523294
5.4,113,N1_N2,rand,b4dc67ac8f1693e44a2763c6b59bd313ac639ec9dfa8c951e5776b90d8cc8e19,2.2631,2.282670253060017,639.114,641.1946488194717,1406.8,1419.4219764153925
5.4,113,N1_N2,rand,d627417478cc8aaf7d9c12976b3d43350aa69c1fe5bcb5ab776607ac2865cd2d,1.831,1.7727858035076831,640.757,640.3754663689733,1293.57,1313.8784249879543
5.4,113,N1_N2,rand,d37956df78edf4d4aea79a077ac19c74b6c59aefe60a5164210268195f742792,1.9911,2.0231164417534084,644.372,644.6309836413267,1431.48,1445.2125788629455
5.4,113,N1_N2,rand,68b965386fd7d334b2d57d626f5a4aa754c433ebd43ed82158f77f6ffbe192ee,3.0433,2.9719575032349157,632.396,634.6306047767795,1519.75,1561.8537870824166
5.4,113,N1_N2,rand,7f448fab39ae31df8a628d70ec775a08d1ca609ca3fe0774300560f0626cc19a,1.7232,1.7229251661413028,632.6,634.9226627703426,1303.51,1319.173674815256
5.4,113,N1_N2,rand,cd39d6c54bd302ec26fd50e289801c946226d48ae37da7a5f4cdb24acf1a951d,2.1031,2.1606421819009194,634.587,637.6783805383758,1446.7,1475.1610429636103
5.4,113,N1_N2,rand,c5ed72f79fca0d790fe75595cbacd8426dfa54c071086a0ba42a8ffd8330ff33,1.577,1.5225459064489388,638.622,638.9495091646847,1396.75,1398.8009569158537
5.4,113,N1_N2,rand,1931f5e508a62cd60779ecf517d8b675dda51b905c5419fd3b9045ad9f4cbc9e,2.0466,2.0997431658071077,632.426,632.4943163087604,1449.83,1452.6048637571469
5.4,113,N1_N2,rand,036f6b8fd7ae06a50783ad40377da77d2e9107f039ca22d4f3a65bc2e5d63f33,1.6358,1.5966982770972022,642.93,644.3847063960721,1327.91,1345.855067968166
5.4,113,N1_N2,rand,150570cff7d25afb94cc3453181b2fb405c17899b4b623431f9d9c2cf757e62f,2.0353,2.128736644971596,644.482,641.1349436801825,1401.9,1399.0317710797476
5.4,113,N1_N2,rand,3fcae080febda9ff0e15097969d9c720192ffd565a0e11a4a570eed939667a16,3.563,3.4763487729156606,641.238,642.1644045903387,1529.51,1486.4034321780396
5.4,113,N1_N2,rand,73558aecc7e2ad24c90b48ef2fc78e32888d41c4ea7ffaae29b87b30401b42a3,1.8599,1.984524346413435,635.124,633.912001995356,1384.52,1387.5335584864645
5.4,113,N1_N2,rand,b224bb76a3982a415b49057978945e7eadcefd9e391c928097b5548a361e676d,1.9572,1.9565262546896685,638.33,637.4633247151812,1393.11,1406.2297323673058
5.4,113,N1_N2,rand,eb37393aceadd4904321043d5515dbe1ede8d94a293ff25806db37cb091067c6,1.5653,1.5186334434212134,638.713,639.4067882561658,1387.49,1400.1278733951115
5.4,113,N1_N2,rand,3f277fbb323f5a06f7243d4c00ddfeab811b20239e09a0bcf8a4c00e2db5430f,1.7108,1.6336813974728568,647.523,643.9423045443007,1487.74,1445.188804175538
5.4,113,N1_N2,rand,9047e0c21ef559317ede60ce1cf51397623f660a4193e2da240ec3d9672cbdfa,1.883,1.8851121480596145,635.156,633.0204122346075,1419.99,1435.9406679376816
5.4,113,N1_N2,rand,0c100749013a31eeb735efbf8b4e3b5a829a1d46175f55f9aef71971ee80272a,1.8521,1.9573920892964363,624.284,626.6433571804833,1355.6,1399.187805448461
5.4,113,N1_N2,rand,e03299e3fa31f5d54b109623fa5ec7ef2560013832a8cf882dca3384bdc4fea9,1.5706,1.6190101369622718,640.241,638.5292407758532,1409.67,1391.2713160784213
5.4,113,N1_N2,rand,82813ac2ccf28f7b06ba598022c48c2184ef22594ceb459277975d6ca7eb8fc8,1.977,1.945162520730629,633.631,633.2442029638985,1335.24,1332.86834325174
5.4,113,N1_N2,rand,ba3b10b992944c93fb99ecdce6130b9aa8ae6cbd4c842b7967bd2c95ba94bfe1,2.1887,1.9444311566024288,641.305,639.8004098055173,1392.79,1384.6545883024198
5.4,113,N1_N2,rand,d7ca5ea12c06c29e67686b56ff77555ca3029951e37eb52386b13e1afe4501a5,2.1625,2.1961185978624695,639.021,638.5340030229902,1468.94,1499.0675946728386
5.4,113,N1_N2,rand,1e2a229203aa3f8f5bfbfd2864fb10aa4e153cf654243aeef1ce73b0ef838622,2.0432,2.035481945894524,632.226,631.3988869750788,1359.68,1354.435903115808
5.4,113,N1_N2,rand,3a671da1dfc7b5dc533957249579f9a306def2fc847ae6f6a249328f2aa2f2e1,1.607,1.6156314056358303,642.893,641.5501699076102,1316.31,1316.8922631763373
5.4,113,N3_N4,rand,d55f9fb6add8ece2f7db9768d5f219b80967ce308411099d8322faaecfa8d6c4,2.0703,2.0761367006671043,644.335,645.9548074073555,1489.38,1495.3225562008874
5.4,113,N3_N4,rand,b0ccd71eb6f1b32403bf8478b699484ad3be22c8e3ce13608f928c49acb799c6,1.7699,1.8462654747194345,635.459,634.5869705062186,1292.85,1305.507232918885
5.4,113,N3_N4,rand,2a85ba6d8c9cc59ec452d9fcee12768aa6d5d0200b1b921d14e6afe38617cf32,1.9831,2.0699717578402526,640.738,636.2422325450152,1411.83,1391.7207879685452
5.4,113,N3_N4,rand,e712408c92b8a640181b490247cf91d5fc0e5b897905198cf721a8b7012cc00c,4.1822,4.114787786193907,634.421,637.5342318645155,1470.01,1429.64990028467
5.4,113,N3_N4,rand,09452047b599384ecc32b00b999c355a1452141d71157604ae05048ae23597f6,2.0127,2.0687640771663474,626.671,626.6753587499765,1379.44,1379.7068379172683
5.4,113,N3_N4,rand,cf2f209bf0c4d3ed3aec8f973a719d8a81ed82ac77e42d54150c72b2507ffb01,2.3721,2.360803883671815,634.543,636.2903696215973,1462.27,1494.170150105236
5.4,113,N3_N4,rand,45fb187874802ed41f006113fe06831522e73b1ca94be28b76c247a8081ac160,2.3208,2.359880263610292,637.596,635.3642151793118,1371.35,1380.5857459998683
5.4,113,N5_N6,rand,e6668e900f720c4a5f9839976e05a6b0067f12978a84c76213c80336d56171f4,1.9432,1.9245845339853023,644.499,646.2644883492196,1483.72,1472.4284067831177
5.4,113,N5_N6,rand,1d35d2c24c8aa7add0d91626713900b522cc8dfc1620875c2e50f168d0309e21,2.2675,2.2054493732450386,630.745,632.6005320776816,1360.4,1388.2708334481545
5.4,113,N5_N6,rand,e34c3c0e387ac521aacc6039977d75ab15ffa2868bd80b69c7260e99ccde6a29,1.9568,1.9874635916511079,639.67,640.2596408475687,1438.34,1442.6605460378498
5.4,113,N5_N6,rand,5ed4e74bafc6dd275650eccfbe0d2fc571d6352cd4d4be6e96e0265ef6add50a,2.0908,2.13750507901654,624.372,627.1946489535915,1323.66,1331.1390604881854
5.4,113,N5_N6,rand,7e87e6f9dc612aa8d01cd89d96886aec93e38915f202c9a5611d59c9c754152c,1.9621,1.9195119612055993,630.0,632.2284805506752,1355.02,1349.2230385287646
5.4,117,N1_N2,tail,a8f19e729597d68ea05a8fa4111dbf6b219ac12722d0cd2a31f182cb98a065de,1.577,1.6212295786073367,661.831,659.2278954564524,1362.5,1362.1423764049257
5.4,117,N1_N2,tail,7c833356ccde31144dbc1e92afcb634914ce6e9e72aa5b08fbc7ef22d9e763ed,1.5788,1.5984886015296793,660.679,659.3677827356335,1340.24,1343.5839526663617
5.4,117,N1_N2,tail,1633eae22c9d1b8637af1ee9653f422bf42e2125fd775b1b7940d7ea58403dca,1.5839,1.6032737907075052,660.281,660.8237736960419,1382.61,1368.885243154881
5.4,117,N1_N2,tail,55bf7dce9720d108513eaa785f52dbc5bdae237c15ac8f4da2e7592e3a66f763,1.5951,1.6100661619920817,661.982,661.8580949591977,1374.66,1366.233699855498
5.4,117,N1_N2,tail,5c55fc546815f99b38a819baadeefb901d6b5d5290a8e1b25efa9ae64b819416,1.5962,1.6167397503021645,659.19,660.299418617556,1373.06,1369.8294230460779
5.4,117,N1_N2,tail,4bb531959ad5f355b3a9f138e2e83357c6043ec51ea2693df1514dbfc70b82a6,1.5965,1.6252798739757275,661.744,661.3348968657831,1366.61,1359.6971668005024
5.4,117,N1_N2,tail,42cb4d38210df5aace97939b1c4097d76f5e5fe4a91536b91354146d865920f4,1.6078,1.60702729473651,663.875,662.1386197289124,1399.46,1380.0218902454244
5.4,117,N1_N2,tail,bcb5510ded5792bf56155775014441e271434dd963f46f2b9aed01b64c3a283e,1.6129,1.654727875675904,657.99,656.8296937364828,1360.57,1352.6204110976328
5.4,117,N1_N2,tail,9745afa85ce797d54fa99904a5584dda7c9f52c583250f571ba11b1054c51963,1.6215,1.6385163621400323,659.642,657.2083328020062,1399.96,1392.8537687346866
5.4,117,N1_N2,tail,076d2028bf31e827db5d9d3feaa65a7c2b682f581712da133c7d64d0004255e5,1.6334,1.6464948752436235,659.874,659.8959101538785,1374.05,1363.305863152519
5.4,117,N1_N2,tail,7afdfc720d09c378a9a7260979dcf85cad2842e99a8caaaf6b08abeb23069485,1.6354,1.6318214090811582,659.652,657.4506019030555,1362.39,1367.5187093146696
5.4,117,N1_N2,tail,3b293e08eb156121bf59ab13c178b82cde4ff321223103628903a0cf59baf8d6,1.6365,1.6159663152445134,660.245,658.3823289166934,1347.13,1347.565679340096
5.4,117,N1_N2,tail,e5a92967be374101f0bde18555d701ecf31cc1ad9f8d7e94dbd135e35e7762ba,1.6377,1.6536415412743353,656.049,656.0485781188812,1343.1,1347.206486113055
5.4,117,N1_N2,tail,54a0cfdbbc039242b6715a4b857b33f0105adf5cb91503f2bc582db06e76ff78,1.6416,1.6474970154918769,656.327,656.0885536872198,1352.55,1357.7024960201497
5.4,117,N1_N2,tail,b6b2480e58f54e2e2b7f122b8bbecac03cd2f24f55cb11d68b5d3de7f64153f9,1.647,1.6204474387189536,667.772,664.6241784494687,1397.77,1385.5568721048708
5.4,117,N1_N2,tail,727a5a29112fcfeb033793a8cb662d8a6ae3c9ca31cf1a3af7dd116781009746,1.661,1.6827708777679513,657.295,655.5430752910715,1371.32,1359.799288781759
5.4,117,N1_N2,tail,99a7059c0ecfd3d8a3d7fa6898c53a3f1596b3a6ae4b92a7c706e07f9a1833c4,1.6668,1.6307279183871666,660.514,661.199130383738,1376.49,1366.926489336759
5.4,117,N1_N2,tail,76a46cd67e5d0cd7a87d2af004b4d2cc832634ed83a6e00cfe4f6eb07133f4f2,1.6687,1.7036283538047066,653.909,653.2884273978796,1301.63,1317.1531898509738
5.4,117,N1_N2,tail,194a842ac7cec76245f54b45fbcf9b39e7a76ec9db7722b1fcf40a23c2d4d487,1.6688,1.676622710168402,657.241,656.6692259158567,1392.44,1375.8412591097713
5.4,117,N1_N2,tail,912cf74939901059b3944f9b65860b228a6fb79159e6bf5ebeba7026559bd47e,1.6697,1.6420910173111218,653.283,654.4990251543163,1349.04,1359.9840256827351
5.4,117,N1_N2,tail,30fa22c7f6210a4a46e111d5b9f4888aa9ebf6004e26878d53a1d802610fcbb8,1.6862,1.664549900925581,661.865,661.1654325662538,1360.13,1366.459295012853
5.4,117,N1_N2,tail,8a680958742a060f49af0913b693cc5503ced3a7b62a983eb7b9ab9f43ff52a3,1.6893,1.6725956297869051,664.298,664.7497873232339,1440.73,1425.657996025825
5.4,117,N1_N2,tail,ac8972338530688dc8c372becbc06028632d22e0febc7ab101a47df84f116951,1.6925,1.7190379000164668,652.89,652.7120014338332,1307.95,1327.2294210854598
5.4,117,N1_N2,tail,381effad0d5bda037274da7698021d3f6c562a870cdda4740e938744d5b588a3,1.6941,1.6485297785753446,651.491,653.0337022107587,1335.43,1354.8936720221338
5.4,117,N1_N2,tail,da55fa7e8ac5c3d0360282163af723d4231b9a4d5d05d0e9bd02bae5fa96e2d8,1.6947,1.7372859602055288,656.453,657.062349784997,1352.81,1353.3378187787443
5.4,117,N1_N2,tail,a92304541b0dc97e6259919265b8551958fc5c9ceca645e51c395b4f2494e455,1.7036,1.646861989954645,660.143,660.903467408022,1379.53,1368.6085248660856
5.4,117,N1_N2,tail,b3e6038e59008ace0f368650f032ac0ea7c9178ac430d1d39756990531aa8fd7,1.7157,1.8184163104398499,661.812,660.9764635134466,1457.57,1454.9128078922258
5.4,117,N1_N2,tail,50bd1de1b8d7cbe03441f4d2e156270fd6a70b9879e41983600595ea866bf80f,1.7242,1.7454766572572753,653.483,652.731658267684,1382.29,1372.852932917168
5.4,117,N1_N2,tail,a5cf2e1ae737b617181c9d8f3140c266f07fd9998f7e34f2b226c4b1ac3b3d32,1.7256,1.7360562041327503,649.277,650.5787907761921,1362.02,1366.148159485856
5.4,117,N1_N2,tail,38f15d17ba0918c150ebab5a1d8c0e712b825d27a05b23788bede4466829c111,1.7333,1.71523991327499,656.632,657.0723328645096,1424.7,1405.1497968862345
5.4,117,N1_N2,tail,24b11de31122d7d6d1f9d093cbe84c41e08daa2beef68d45c90d10b9a15c527e,1.7334,1.7299424605138238,655.66,655.6859743590646,1321.78,1350.9921660346126
5.4,117,N1_N2,tail,b0e4abfea9d0945fa7aab35ee22259c74e4773224abeb0733b4a15f2640f8699,1.7354,1.7388876435799268,656.847,653.7505738199516,1412.38,1393.4029163322316
5.4,117,N1_N2,tail,524b980850c6222ddda5fcb29ac01e37af81cac52ff9ea5df69cde4cfa1daa8c,1.7384,1.7852917809686082,658.285,658.2021832726148,1435.88,1421.682139025807
5.4,117,N1_N2,tail,32f515d43e4581da325b96bb602cb93423a6f0c0a527e3d93871d1d7d8f9116a,1.7434,1.7276735534866101,664.487,664.1965347407067,1514.56,1490.5615825847976
5.4,117,N1_N2,tail,5ffeafd00ed79a3cdb284ed51fa4a06220f97df2edf859b37a0f26bc1ec210d2,1.7534,1.7951766787923815,652.808,654.3836770471707,1457.69,1447.876659412099
5.4,117,N1_N2,tail,76de2961cb951af71aa4530c84694409d8c5d8cb5a7b551eee64183740df696d,1.7743,1.7795800086083515,654.587,652.4971295810651,1364.54,1347.1951070945806
5.4,117,N1_N2,tail,1dc93e82ec96fc73143d95d6eb6ce1971dfdec1d1b3bb860d8fbb9787b510ad0,1.7852,1.8690479775722606,649.427,648.4096278155381,1402.39,1392.1634427641216
5.4,117,N1_N2,tail,d704b0a889abf2ae2e277d1c73102e12ce7c59af6d587c1429fa2de77c15557a,1.7903,1.838113565186645,658.752,655.6667914496456,1437.15,1439.6287170976248
5.4,117,N1_N2,tail,c07daf169eacb8468d5d68ff58a0ee2aaec4cf84cbf9d81021b36172d42ef993,1.7909,1.804097896597554,650.679,651.7499720750042,1411.32,1423.666973713782
5.4,117,N1_N2,tail,80d43550dd6e885817a1f3f49a2952affdb02a5ee48f46317a2efad9ebc4ea2b,1.7912,1.8053343425022623,641.644,645.6866780380344,1389.06,1406.349536606735
5.4,117,N1_N2,rand,2e9a4e40c31218fad2a9133b49e35517e3fb3ee15d37edd01ed170752e98899f,2.3587,2.320629608977676,650.935,650.2293293834964,1439.05,1454.0559737759963
5.4,117,N1_N2,rand,39323929711537f013a7c06f41903e423aa5f0484165b408165d42253bd9051a,2.1411,2.1496794290271697,650.242,651.7070606168536,1404.66,1409.981105945346
5.4,117,N1_N2,rand,647250904e0364c505f07975db46babcf4c34a9ae61d184bd3c32c7abc84a97c,1.9436,1.94691571888721,643.251,645.7176569733642,1411.64,1405.1150341954637
5.4,117,N1_N2,rand,4f4961835524d5be6d9bb86364d6cade4a089e76667810070707fa648420e3e9,2.2314,2.1531653863701883,655.312,655.4086721430187,1496.74,1498.6131244328697
5.4,117,N1_N2,rand,8d34217e7a92c7773147762ef6d9269dbea9a1e687447180ad7d4d6966a79f3f,2.0693,2.0276912702651377,647.273,647.7671580486699,1448.89,1448.8831549758165
5.4,117,N1_N2,rand,ae0b0612a23bf17369e2b94b472518698efcdec0d12dd549d6586f3f2914a656,1.8474,1.7487381764462413,661.418,658.8896826764598,1387.85,1378.7709361584866
5.4,117,N1_N2,rand,478e5eac5cfa0ecc3afbf9b0d25939c159fda8c734c187c3f54a0e013b5e2b24,2.0317,2.0453355911836257,656.63,656.868719761932,1539.05,1553.5728750424496
5.4,117,N1_N2,rand,20beb3239c2b89ec6554a5f90353428896e48234d0316022995bf7096b5a1232,2.2354,2.2729775575259312,663.126,661.1827826114211,1482.56,1480.8604069581484
5.4,117,N1_N2,rand,c47822ec2f0165c23288d49e82df9247e73880f7daf0351a82d5a391a29fb179,1.9987,2.020855307962548,650.607,650.3951595487711,1359.05,1381.2670572752127
5.4,117,N1_N2,rand,af9a8333c32759d18525cb7ceea49892838f2f71a2c32bf09b02c5804f03635f,1.8578,1.8063622030512958,659.989,659.9884649121175,1384.38,1384.368733397253
5.4,117,N1_N2,rand,8bc0ae3c320d12ee828e26d95baafcdf42c476869abae21def5f20530d190503,3.3908,3.498963523040123,645.087,646.8859039798376,1582.66,1582.6438650480636
5.4,117,N1_N2,rand,1a52ff91d57c6b2643e161f50e00e6f8efd933f909a344482630041431fa743e,2.3192,2.303815877356332,652.973,653.1804026564596,1419.4,1431.5758985902535
5.4,117,N1_N2,rand,5806ea58da08378ca5b80dc5d9dc9f96687afa8286b14859b7fe3f04d272b7d1,1.9139,1.9282458677112575,654.53,654.2481196748613,1363.03,1375.236279236487
5.4,117,N1_N2,rand,aafb4eccdc5895366cc306e367065b6bbc85b02e5d14ad749f599fe9b8752931,1.9755,2.0388741846165175,640.657,642.1263664202613,1481.81,1490.245648929063
5.4,117,N1_N2,rand,a5f1ef6ba4603e105767792e4c93a8c62a8bd671821854756c6adba4a49e277b,2.2458,2.141542335946131,651.603,651.9443971993273,1462.46,1457.931371748221
5.4,117,N1_N2,rand,42df135124129c8c31aab12718e783beee6fe3aef61474e08bde522078a41625,2.3348,2.3539772930399483,657.645,656.9477124665386,1502.85,1490.3158258012447
5.4,117,N1_N2,rand,527bfbb52b0f16dfe72b14d39177f68f83ad7ea4c03f70ccf3b89e9fda09f1d1,2.6085,2.4317796346815728,655.463,652.1382475465168,1492.13,1495.4099782869016
5.4,117,N1_N2,rand,fee0451cb748687b21904ebee6accc7f671f7c36d925dde3c0c70dbee15083a5,3.4877,3.4873726241854146,658.327,656.168609922827,1505.41,1492.6726683692104
5.4,117,N1_N2,rand,b0e87ce70284b6167e30e3ef25bdc201e3e28f363439a0c420b480707dd80df9,3.8501,4.038103337000281,651.653,650.3813798060531,1536.7,1530.245340717092
5.4,117,N1_N2,rand,042d031044161d94db981bfbe542c6dfe2bb63826e3b55c2982d872dfec72176,1.9443,2.0219433020371715,634.976,637.586656333621,1481.86,1500.8151966655914
5.4,117,N1_N2,rand,85e5c45a93dd522c19c700f5c09d7866f94b0aeed437faa92e75f575bb89527a,1.9666,2.063305776767424,640.625,645.9785242236501,1441.66,1475.8325078812209
5.4,117,N1_N2,rand,930d44143ada66742435186a505dce57543a984cc836ed117f517c12f3c8b4c3,1.809,1.8294903013891277,657.189,656.4619430584313,1444.89,1436.8896253793412
5.4,117,N1_N2,rand,b40284e4616472b4c7545cbe3df1d8873e8161dec8854dbacb5ca976212771d8,1.8561,1.889106650301719,652.184,652.5433062303882,1436.42,1447.1585444124507
5.4,117,N1_N2,rand,3ae9bdb0bec9b28603464698945cf08d38eb38facc40902bd7b755d6feae0d6c,1.8036,1.728051980221268,654.87,654.2723581926268,1424.57,1406.4627968381856
5.4,117,N1_N2,rand,394713c3a6769c363630ac6e365a89a0b23dca590c0849f67e2b23f314f50e91,2.1623,2.0425195310887254,647.977,649.4497723940071,1454.75,1458.6793974857046
5.4,117,N1_N2,rand,b40b0b0c1a48d601ac878a50da074917287a4b888ad6421b4de61489369a4dde,2.1917,2.3314886374129054,641.354,640.7019264858351,1397.14,1421.1567991622958
5.4,117,N1_N2,rand,2d873f7f7145a94b60abc5e4a0ca512088667c5495f35b9989109654bba15dc8,2.0335,2.0903069033937665,649.16,647.6193501305161,1399.58,1407.995711825191
5.4,117,N1_N2,rand,b863cb3f12bbf088e31d5fe7f14cc92a64f165fa23ac254ce503c28c66d618fa,2.1284,2.1624377657945733,648.047,650.2075692753385,1436.64,1456.2036980040164
5.4,117,N1_N2,rand,bb3ca6f369831ba3dcd9019d8adb4b6effaf5a35c8035e3643c2904ed7d530b0,2.7341,2.782677559411326,662.464,658.332617759279,1497.86,1474.5318914390623
5.4,117,N1_N2,rand,68e4899bdb8284e6e4ceb1b11c6a312b615c6555cac9e4cf650374095a91ae02,2.1232,2.131254643126153,658.702,654.9880461042121,1539.77,1536.0634421122386
5.4,117,N1_N2,rand,441886139301863574d1e8180867e4ad876ba026e4fff5ed431d48290634332b,1.9571,2.0206444292446757,649.499,647.6640638587214,1416.65,1427.0878952356434
5.4,117,N1_N2,rand,262125d9e42f13bfde234177fc972c2f13b048935ab60382bc05511d1304e586,1.8497,1.8652279949487238,665.279,663.469262459347,1433.35,1435.2753763861733
5.4,117,N1_N2,rand,bd437846455c2db09ea67b263ee4a018123d0c25ba34bb8bf517568e15c16d7a,3.221,3.0542425163115388,644.645,644.5608092722086,1553.94,1522.5384793158928
5.4,117,N1_N2,rand,45c658b80667e2c3f9f4a35cf374f956ca0b9177773249ccea4ae3de1cc37ad7,2.0244,2.0256630638878446,656.283,656.3289335074267,1444.64,1446.1478428420278
5.4,117,N1_N2,rand,e75c40ca684ed7eb134884bdbe09647382cee85cb8a3472b46fb6be76e517ad0,2.1337,2.1516738980035015,658.146,654.4124384938345,1438.68,1431.239188871707
5.4,117,N1_N2,rand,258ed84f44b22f265f025f3ec386630e4eab0f2411748acd25f11fb615b82ba0,1.8703,1.9286760351654948,647.076,648.0457440461385,1330.75,1347.4267781102944
5.4,117,N1_N2,rand,47eeac77c55076f2a8d7a0996c724a01802511f6dcef3cb211fa4f2adea92023,2.0784,2.0709745670260986,647.818,651.5664653101958,1483.21,1442.0561192912255
5.4,117,N1_N2,rand,e2090ac6b046d104959e4edc462539b30418e517ac89dfd0a81e639323d455de,1.9909,1.882128937480716,651.942,653.1821080343248,1372.16,1369.950320232223
5.4,117,N1_N2,rand,d1ec41bb368ffee51480bad6e5b9907f890bda281baffcc0ad883875d03c218f,1.8239,1.790192219531356,661.99,659.2989335501236,1431.85,1430.443435543672
5.4,117,N1_N2,rand,39de69fc3451fa646c55ad41ecf9189a35a01a42831825036162adbd08c09ed2,1.8713,1.8757325934369948,660.503,660.4616806221959,1454.02,1478.1066660189326
5.4,117,N1_N2,rand,952dfb89de8055acec6b216fd707861465def5c7c13baed12cf7b56da1aa4df1,2.2696,2.271044128775472,628.788,635.518432846742,1511.69,1483.0923218317532
5.4,117,N1_N2,rand,37bcd4b81694216401cfed9683544c90d14f9092794975d330585ad76e581f9a,3.0415,3.112973210883673,636.928,638.7411820788141,1422.76,1389.9959413102833
5.4,117,N1_N2,rand,b2ebcc9b07588b0c9a4625ac425ffb8300d2417b869fec3cb759463937aebb95,1.7966,1.8727459008486131,652.435,648.8087283758273,1505.7,1483.9520902496797
5.4,117,N1_N2,rand,db8e7149d540477de852ea49c5985e95d9ca25a3ca7673171b86b2b645239fd7,1.8575,1.9076497255397835,645.061,647.271353874881,1439.38,1433.533507578809
5.4,117,N1_N2,rand,a5b7ee26df0c6a35f2a65010741589a8f95c99a4bc264b57f5f7d5bd9e1380d3,1.8759,1.9010785439933344,644.989,646.1316069644067,1383.91,1401.5454635123997
5.4,117,N1_N2,rand,2018b15482e7fedd4a770cc92bae0efa938619bb4a5a0b90dc6a1e23d2638208,2.122,2.1000282315566414,644.772,644.7723158587512,1414.4,1395.779240243386
5.4,117,N1_N2,rand,930b2ae0d8fc8496b1488940b219450a6d2431e7a0d9656ee8e7f17fca0bc6ef,3.5424,3.6246634255099197,647.141,648.8631310320018,1539.05,1515.8639730538898
5.4,117,N1_N2,rand,7b397aafc711b6ae3b753028a24c3ce24ec360a07a18aa0e1a0876e929794c30,2.0357,2.008797535159102,659.976,659.9727099717313,1544.63,1546.4440048710546
5.4,117,N1_N2,rand,2ecf9ea26c6678d32cb1db02b0f2b8ab1ed3dce33a814e48fde9c6be1f2d41c3,1.9941,2.083356392318002,650.262,647.4856733233532,1364.22,1401.7945146932625
5.4,117,N1_N2,rand,b5180dbf14eff24f3e4ada2aeaac514c54f966bb5a7737ddbd1e5148e7d5646d,1.9586,1.9098308980884764,651.243,652.4525844496959,1466.71,1456.592763844546
5.4,117,N1_N2,rand,f6ca7e9778e5f8594e900b72adf40a7c9f9d78e8b99e8d25924789f0eed548c7,1.9863,1.972696264894878,655.706,654.901594644119,1454.64,1455.9071659020663
5.4,117,N1_N2,rand,4a025d3fb27d480b860d7dcf89ce759d5e7b27768bbedaea1a9917a2d3444c0c,2.2254,2.1572814871797332,654.88,655.2184586801709,1434.69,1429.4913881948573
5.4,117,N1_N2,rand,4645f282938bdcf5da9ebc204c010aea1e27e99eb597e45b170ea94e8423c776,2.4312,2.3071997501083477,658.709,657.946893922516,1387.01,1414.5115624128448
5.4,117,N1_N2,rand,d05191bd9c6fb86fce17c03a4eb088e34628a0391b4742f37bc526267234b193,1.7984,1.7352472932341945,658.489,657.8000361502443,1397.69,1379.06647060368
5.4,117,N1_N2,rand,96a9ff6341c7721c0e0885ac765ec2cc951221f9586e1e6e228bbe025fff6ac6,1.9695,1.929291364168901,644.623,645.2677635464095,1381.98,1377.0708934015674
5.4,117,N1_N2,rand,6ae67179997707457c4f242367fe0b9ac4ae01a5af264d67ef44cef2587a7fae,2.3133,2.2485550718889504,650.569,647.8036157444816,1455.91,1437.891669913816
5.4,117,N1_N2,rand,1d38877dd21b649c621cb31186e970c625f5d322406c10a273a7a18ee3e47ec7,1.8383,1.7686319821700476,659.969,658.392918697386,1445.74,1422.2103051993604
5.4,117,N1_N2,rand,a7feed1fcaa8be981dffc92e41286b94ec4ae2d80743b485552daf603b445ab9,2.0953,2.0641578976250976,660.657,660.0299492013221,1485.94,1474.0131349356761
5.4,117,N1_N2,rand,b9bbf6d8affc0bf25622534268452e70ef11279e3dfb05a01273f30616c895f1,2.0903,1.9128447198864853,652.005,652.2444101670229,1418.68,1418.9997915494316
5.4,117,N1_N2,rand,33a1e53faf41092996c3045c4142140e8b7ee257d0f4736c7772f2abf74e495c,2.0906,2.1198079822241485,645.282,644.3211599451364,1397.18,1423.27441991713
5.4,121,N1_N2,tail,8a025125a0337325b8e30e38848d3c3cfbf6b97b76b5dc70a787872e2f62bd22,1.4932,1.4977238796349894,673.329,671.7077933640101,1455.08,1443.758363168549
5.4,121,N1_N2,tail,4dd0353204974a23e42a221ed831ecd86544aa3a6ee3efddc5aa466f31693567,1.521,1.5429560488731613,679.92,679.0526576623047,1417.0,1414.531348236115
5.4,121,N1_N2,tail,5e1c734577bdb8174496d75b6370c3476e152b10883e19ece28fddcc1673b5cb,1.5234,1.5386526746930427,679.45,678.8300594049604,1405.0,1410.790054655106
5.4,121,N1_N2,tail,4b035830a5ee3b94f3729bf4ac150edf28e5ee0e8df18913d602695698bd6298,1.5242,1.5483343385408785,679.43,678.4551007005615,1423.0,1425.268050888001
5.4,121,N1_N2,tail,3b44258d939c6be6a335c7757de0292c869c84f48ca3d282ffdfd9b4c83f3905,1.525,1.5392772995278845,679.24,678.7758007130495,1405.0,1409.5324912428366
5.4,121,N1_N2,tail,7b7806f93234b0b253dabdaedfbc49d4ed2154ae8437bb8904dc19739ea29622,1.5257,1.5392062328271061,679.37,678.8141706959515,1405.0,1413.4351656646575
5.4,121,N1_N2,tail,f6c0e164e986394f276722e5ea978a2dfb2f10f9c58bd8c50b63b6a0b352e09c,1.5263,1.5395380696042484,679.44,678.8123543951807,1405.0,1413.3284651885983
5.4,121,N1_N2,tail,6d505fba55f765d9a7a9cf00a3e4a7414a48da02e73a419cace1ef55ca4f6acf,1.5267,1.5486160180323703,679.62,676.8645277261916,1387.09,1378.6679545871846
5.4,121,N1_N2,tail,e1548ac0d1f62a3842b3b39dec51e9c892f5151925a7a7cfc463a9eae7708dfc,1.5271,1.5515132024067952,678.99,678.2536919715969,1395.0,1403.9125724714584
5.4,121,N1_N2,tail,1c74a3252c5c40d825cd8c49d206d8599b2a433044fdcfaaf328065882ee5d37,1.5274,1.5520591392207512,675.43,675.8749753676967,1404.0,1402.8507300660453
5.4,121,N1_N2,tail,5bc4c7cf4f873c4d17c53fef0c5aa4a3fb094fe32fa186c6216a610de358d7ac,1.5277,1.54989472649472,678.37,678.1348165113172,1391.0,1390.2851137921773
5.4,121,N1_N2,tail,159eecf99c353100f10e7139b829ac687eea32f752dfe1bddff17e64de007d62,1.5284,1.5363406586512074,678.65,677.9043899326438,1395.0,1403.4955027987726
5.4,121,N1_N2,tail,8fec364b04c4c3728295a38e04af476c5208ced3b775e6540f92f567bd75033e,1.5291,1.5368560117544008,679.71,679.3105027848184,1407.0,1415.553980818998
5.4,121,N1_N2,tail,4067d2908153af3204070df290e9d7b6c5156a943f8c2d54a453a71a9c2dc165,1.5291,1.5469407618793478,679.303,677.5310828719793,1383.83,1384.9195926737602
5.4,121,N1_N2,tail,83881f5937caf020d8c5649c42e864a0ab89220bb3925f62b9d65d8bff563270,1.5301,1.5632265948911201,682.09,681.424168771105,1466.0,1467.3768863810085
5.4,121,N1_N2,tail,62b6a3217f1d986eeb8d2939948214b5559e395f02262f6cb2d06aa790df5ffb,1.5311,1.55260562443228,676.75,676.0951694587364,1386.0,1396.0386825636544
5.4,121,N1_N2,tail,1f377db0d2ad9cb70a99a81ba0cfe1f58fb1d465214666b0e179e0c06bf7ed5d,1.5315,1.5412318587829188,678.66,678.174459810212,1404.0,1402.2921146099627
5.4,121,N1_N2,tail,a46b64093bd895374fff9909ae5ed30efa286ed701a389ed9bb79fab3bb86078,1.5322,1.5583931171192615,678.875,675.7479686929001,1375.11,1362.5474041019263
5.4,121,N1_N2,tail,3e2fdbb2fcf10f61c8f2a982a166d3acbfd02467c1b418bfc71e2c78a0b9b408,1.5324,1.5516102265926626,679.649,677.5767917568875,1395.85,1393.221769223527
5.4,121,N1_N2,tail,b24047f6a37c3586c51b3c42db665fb9a4c13b9243441775a0e3b1fdfafe6c5a,1.5339,1.5604262378418956,682.21,682.1087333937492,1466.0,1471.5885585644498
5.4,121,N1_N2,tail,6ba2474d90d21766a0dc8b4264a58359f85d18f111b3ea801a4924de3346100c,1.534,1.5386060046534928,678.04,677.8487175910866,1387.0,1398.5418937188092
5.4,121,N1_N2,tail,8bf94d546483b189f4b6f03347f69450f1eeb0ff04dadb1ea4187b990dab2fbe,1.5344,1.5414021151369015,679.988,677.3349072709879,1399.85,1391.8670463684093
5.4,121,N1_N2,tail,e32674dd0592ea8c722f7801b75b16a5ed2d79da6b75a11d19bdab4fb41756c5,1.5347,1.5480946325558818,679.306,676.0988537759256,1394.44,1384.0713849073252
5.4,121,N1_N2,tail,769294fa64818aa865167da3b8dad94b4ac697939fdd63698fb8e8ffbb5d2287,1.5353,1.5599268866986322,679.76,679.1835355154649,1401.0,1412.1897492481583
5.4,121,N1_N2,tail,e05e4193506193fb6c4b79a297d2574246c39c79242a10f22bd0ad9d86dffbc8,1.536,1.5630038751693882,681.0,680.589913874286,1443.0,1445.5718581787214
5.4,121,N1_N2,tail,a121b4d9d64b947d99c5b5f44d658a94c4f0746333045fec69e61d9b84768415,1.536,1.5489678502286868,679.391,676.5382721467506,1385.48,1380.0490911388954
5.4,121,N1_N2,rand,c78673d4baa7ad543b509639780236d322ec7710819ffc3a41f1e2021bf01ab7,1.7336,1.7590536519669389,671.512,671.5998766184442,1395.5,1416.2354612725223
5.4,121,N1_N2,rand,992189283e2f1a05a11cc2b5fb66a4c0f80b82c2e2aae9923e4c67965085b32b,2.1134,2.2351190486258705,672.59,672.1336842323697,1505.66,1506.9022074160814
5.4,121,N1_N2,rand,9cad92594ce3106ab88673dc95d4be60d92e611573f6bcfd57dc84464c6eb048,2.1568,2.0306798312791576,678.661,676.5527586625697,1437.39,1427.69134349753
5.4,121,N1_N2,rand,1c4a814e5e1d7dce71c5bb7d4e86134ff34c7997fef6cd7fae92a06b7ed569fb,1.7851,1.6973430918617392,677.823,676.4835191901068,1386.69,1378.8062877663756
5.4,121,N1_N2,rand,49214a2320829091479d9b38e9628e3eae0b76a360e4a98a8d11882e70ee5005,2.542,2.4816693200699587,670.396,669.6903637212996,1574.37,1537.8676301118558
5.4,121,N1_N2,rand,28808fa033f475b9c10fbdf392731ee7b5ab46eb1ca635417c7e43025e0dc7b2,1.8559,1.875700698196325,669.731,668.9640920762355,1441.63,1442.2018646924769
5.4,121,N1_N2,rand,1b632b98a2749497711e0b8dd48e5db209467350daffc6eeb8e3ddb0eb914bc3,2.1451,2.143947614756698,681.137,679.2302241956444,1524.19,1529.2943408073404
5.4,121,N1_N2,rand,fb9fee30514ce369d8afe611d90237c8aec2104334bc8bd41ed452241c990d4a,2.2815,2.147033977837877,667.787,666.7477315788534,1450.75,1459.4098427536017
5.4,121,N1_N2,rand,7dfdfc20d9bbf5d3a53fe6824d97f02b23bea1485831698066ccd937d3ad6997,1.8328,1.8388906923201462,673.814,674.6520128333278,1553.66,1571.2188003184472
5.4,121,N1_N2,rand,2b01e44da7566ff58189f45bf124f3c8c4c1d15ccbaa719745af68e3fbc9cbea,1.871,1.9063981452091756,680.705,678.3779271851588,1404.03,1416.333914254757
5.4,121,N1_N2,rand,f8609d5ef6574b7dd03f48c9042ea32748db1ce78f1a03fc462b27cbdfbe4c94,1.9567,1.9364815416172965,676.961,675.3465686782345,1515.12,1523.6547722757039
5.4,121,N1_N2,rand,1f54cce4f054b3609a48e0339deb022d374f5570ffdbe066c383b2bf9ff6e36a,1.8119,1.8643410502690814,671.74,671.294279128807,1441.45,1447.6590477113502
5.4,121,N1_N2,rand,4f0f4af5d4581249d23321e264021adeaead2b3b33136db3cb9d9eb098c08ca1,1.822,1.8575680168373077,673.759,675.3480302506873,1528.32,1547.204350783061
5.4,121,N1_N2,rand,e5a241e891080133d143b2a5411eed9f96c315ff2b1090d13e5fcdd02c618770,1.8597,1.8963785348727829,678.254,677.5414142710255,1535.84,1516.6515878056687
5.4,121,N1_N2,rand,babff1c8534beb7415f79ca6bb89528eff42ef6a199bd7f1f0a368da7533543c,1.7469,1.738856127194952,669.506,669.2300500088285,1504.85,1494.717108885342
5.4,121,N1_N2,rand,97e7cca73b0ae4cb0346093e415097d83c3e535b9baef6f1e031ba8d11606c9e,1.931,1.9369919767191845,674.698,675.3177437516922,1491.73,1504.51498165884
5.4,121,N1_N2,rand,e003d743613bfecf1388b4178f786acd74086e678776edb22947a02454213997,2.4746,2.335188204982548,678.339,677.5431408441596,1496.36,1486.2970514775752
5.4,121,N1_N2,rand,310dc6da8694c0022f3ecc0982b708c9c3639f28b8bbf999dad8d97a57207ec2,1.6005,1.5839056830389615,678.584,676.5122459010718,1378.36,1381.0322896542818
5.4,121,N1_N2,rand,d66b2171e49411d7b21f5b1306cdb523e2475afd8f196d9e12d9866f0b3a9e88,2.1507,2.027506693949429,681.628,681.4045167222947,1613.7,1606.9128072861984
5.4,121,N1_N2,rand,065fe1dea9bc7a83670db881a0eefb911ce11a9ab42dd73ec85f8a36cd733d23,1.5567,1.5513931877073204,680.836,679.3622731298703,1412.17,1417.3615699248921
5.4,121,N1_N2,rand,3115e32d8b03f647132b3eb455534ef445f3c59ba69d663b8311272ed0951461,1.5851,1.5648364511182775,676.48,674.0155946841979,1369.77,1369.7522438087758
5.4,121,N1_N2,rand,dac3fea4fb45b9bef629b8b9af48521f3e2a9e2b839e6edc89485bc1a7f013aa,1.892,1.9078224251040163,670.082,671.7197026206376,1504.2,1511.4372467425562
5.4,121,N1_N2,rand,559c91383d4b6bab162b8212d6c7a27d256ba66f671e68cbda5e67f7fd519c1f,2.1166,2.1345520193386167,664.016,662.6131615849367,1479.67,1488.2320376897103
5.4,121,N1_N2,rand,720d8a1cb73c22ebf8321c5b5e607b9d79e97990bcad3ccf17c117fa87146b74,2.2039,2.2387887221670932,652.934,655.4093370902457,1480.35,1478.6874932747533
5.4,121,N1_N2,rand,32c7220ec533167eddc6b16d9c8a81a1b84bf5ef414986e3b4338770b940465e,1.9119,1.915766248683577,676.015,676.7963136184972,1482.18,1504.3170052197145
5.4,121,N1_N2,rand,1eb7f8951e80678f16be2b6f4c8367461b3f39e7609f83c9bf81eb73a94d22b4,2.1888,2.2772939873053386,656.772,659.5102837995571,1438.72,1449.3722886981354
5.4,121,N1_N2,rand,61fbaacfa22643d4a5dce78b9bc46c4898827e3df33d6e3a9ecda9bb32179747,2.599,2.364599687811323,661.478,662.0073589443482,1466.09,1473.4797202286888
5.4,121,N1_N2,rand,9cf97636158ee081c24b41ea0f46c784f7edc569d5e063e3b7cbd13cc9ef0340,2.575,2.557771549729914,671.241,668.8460228303119,1484.85,1463.7880463306667
5.4,121,N1_N2,rand,4c099c96c7ec543fc4f1c364ee2eb47800fe4a351e6d462ad2c90b593ca2766b,2.0355,2.0414258891150174,665.409,662.4455531101386,1497.31,1474.8418478886513
5.4,121,N1_N2,rand,97bfb234397e40ad7315ee54ffc15a4549e6bc0f58a86d9615f6a9c4be3902d8,1.5489,1.5705223918240514,679.83,679.7965915926934,1451.0,1446.4556689644337
5.4,121,N1_N2,rand,bde16dc257247c73abf96c685556b843c61b7bfb1c64a252f4e469a6f37cf425,1.9383,1.8984711286090588,674.512,673.134195552391,1503.02,1488.6452019592668
5.4,121,N1_N2,rand,9f78a95a06b1aafdbb0ab8b5fbc54ab38c8983e678466558acd3c41a7c92dabb,1.743,1.7487411692039894,672.224,673.849068273612,1495.8,1513.5667725446438
5.4,121,N3_N4,tail,b124e938e0998d570d23bc473c0541a698e4908a82e150e3e6584c537a2ae845,1.5009,1.5062664514177913,675.044,674.4071730332015,1468.46,1455.114302952649
5.4,121,N3_N4,tail,a29951dcdb77ae356583f7505cec12ce4dc3abf9adbffa8315fa7d903970bbf7,1.5273,1.541413181518681,681.12,681.242362451022,1421.0,1419.281772492544
5.4,121,N3_N4,tail,9859097774292b2e8442fe247c769998246bbcbbf41ae8cfba9ccd0b18f4c9e4,1.5277,1.5526922853101777,681.12,681.0262267581091,1439.0,1436.373310764639
5.4,121,N3_N4,tail,8805a96c35785f635a9917a87b277e479269746b0cba8653125025e6ea2b21a1,1.5311,1.5439307482197928,681.07,681.2660226180968,1420.0,1420.7699683122605
5.4,121,N3_N4,tail,5c2cfbcde202adcb67ecdbe14cbbe510c86a9082e6ab5f45e8a60154fa80bd7d,1.5323,1.5425077268270733,680.22,680.4810535437168,1410.0,1410.7715650674904
5.4,121,N3_N4,tail,e76f16dc2d21e723514a09a07462838a9bd42b237969fea84e23ffc66f13b773,1.5327,1.5446613262778972,680.87,681.2142191148237,1420.0,1419.5133868568976
5.4,121,N3_N4,tail,bba96139314260ccde77627684a22746f431b4d00a015d39f47785d4afab6986,1.5334,1.545008265080492,681.0,681.2724559050977,1420.0,1423.6786120065706
5.4,121,N3_N4,tail,4ab1f2e314dcd68ac88811d9b21be934db8a668f570568d2dac157ef66d67ca2,1.5334,1.560820057606183,680.19,679.5916469417333,1400.0,1401.7311197967606
5.4,121,N3_N4,tail,b31e75e7dadd02982431f51a4805e2f069e4860d0d093e299dbfa69295ae632c,1.5334,1.5496547955261035,679.51,679.7588076611063,1392.0,1398.30684722623
5.4,121,N3_N4,tail,7650bac49ad997e8e8067f4895ee7768de987a9e23d468e2b04b3d7f932e502c,1.5342,1.5548534357737287,680.73,680.9833863824327,1417.0,1414.3924367409572
5.4,121,N3_N4,tail,a217aed3f84d93e6cd45c6fe31df2cbf37e18eb061bd8ab9654ea559e0632616,1.5346,1.5507624180073734,678.77,680.1276979278194,1430.0,1425.9025720850443
5.4,121,N3_N4,tail,4df83c7afa4fc88fb9079b2bc99ee7d03e4b3f52eb1c9bd5dc63335ab9b8362f,1.5351,1.54313240790782,680.24,680.2007247649734,1410.0,1413.5435845653028
5.4,121,N3_N4,tail,18462324e885e2665ff749cc61cbd60b49445dd1ae2fb2267d0635b5f8e8817a,1.5362,1.5430683438221955,680.27,680.3606732141922,1410.0,1413.675365070522
5.4,121,N3_N4,rand,604be954f9b51700fd1c1df34de717b3bee028bd6342ca5c1d8c181aa6af06e2,2.5981,2.5060099006163945,680.084,681.2497136645662,1584.41,1577.5427485549787
5.4,121,N3_N4,rand,7b112c6018f99065ba01248220ba63de05b2d406f7a756fae257b0c0244b1e87,2.0593,1.9938485846643177,674.47,676.1722930947163,1522.93,1534.923574596608
5.4,121,N3_N4,rand,66944485e2c18199abffdd9a03b1e5cb9db2444d394ad01ff549650afb41ee27,2.2039,2.283202623344972,672.439,673.8971681975984,1576.58,1596.4571257709338
5.4,121,N3_N4,rand,e28cdc52ffde3fb1daa737ff309abb7cc389e312c592f84107206d6b4bacd5c2,2.3154,2.3118812633391315,679.283,681.8778140789475,1573.89,1575.866695645314
5.4,121,N3_N4,rand,ba0a691060c16f202fe27ae3b17250068512e13dbb502a5585d5f10468f94e9e,1.7966,1.7464797815072575,682.528,682.0093616782377,1496.88,1481.0487691684114
5.4,121,N3_N4,rand,d6324b6219c618387792efc106407b6fe129a3569c70ec3c4367a6abda663017,2.667,2.714695107258801,662.557,665.8529247953093,1570.72,1527.2131539583968
5.4,121,N3_N4,rand,e038b73b93a3d7adc94ce79d2703ea3a608dd72c91caa9aef24ea9c238dfe59b,1.8443,1.8827128857001543,681.458,681.9392093418692,1490.08,1497.438399450761
5.4,121,N3_N4,rand,e5f8e2b902c98c312392901923ab368c0aa0d6688f2810a2cde471bff462c11a,1.9596,1.914491090743971,673.823,673.0419055448732,1506.5,1497.8374787759412
5.4,121,N3_N4,rand,5dccd326b2727668b0e2a1066b2c96d4300148977f44cfd92b77b77023fe0a77,1.8366,1.8360894423671819,679.814,680.0727880460372,1504.89,1510.0365430471536
5.4,121,N3_N4,rand,7143c4a7bb513003c88c299af9aaa2dd18a5f20e8dccf1d5bd06ca8160436cbd,2.1755,2.181043892075194,662.749,663.5878938335597,1464.62,1474.2415488339857
5.4,121,N3_N4,rand,9d98f7250ee8c3e4bf55f8816ff32344d1bc96c1888436f392164bd4aa9dbc1e,2.098,1.9871676895653987,676.971,677.5770470747193,1483.0,1480.7429019099284
5.4,121,N3_N4,rand,886cca7249d4016e500bd8363a26956a8f24012ebf105fbe5e260b53f8243b0c,2.3029,2.1908380398231513,668.582,669.1290107028209,1481.17,1455.4610305200192
5.4,121,N3_N4,rand,e6129b35262370131d88e75f4a096aa071586881030c2f3fe981cfdc056a7b60,1.7669,1.7562025400193249,673.422,673.0148124198154,1421.85,1433.336047238902
5.4,121,N3_N4,rand,d4a115774e0f745789219a9998f64c166a39be95dbec10d21d4cf3e741131a4e,1.7685,1.7685721183218508,672.85,673.6057249781892,1488.86,1480.965557762486
5.4,121,N3_N4,rand,b2132f6d00035f3436961c38d2e6d48910d29f4399b926b558a219c949c83bdc,2.0165,1.9441333294281344,670.175,672.5326414244205,1444.39,1445.0432891876912
5.4,121,N3_N4,rand,222ff481a959bdee6aa50fc1b571b19ebaa7f09040e3fc14d8660521fdf81b71,2.3332,2.2014453548309043,683.156,680.8035509278334,1527.23,1500.0926596549498
5.4,121,N3_N4,rand,4c98178bc72466cc666ed37e1182c3db4acce5e6a642f1cfeeb27aac071127fd,1.9438,1.9439498834094642,667.928,670.8343454023145,1414.03,1446.3453357199157
5.4,121,N3_N4,rand,b91039aac6f9ece0996d507972c6f8ab92233a9fc65b66d42dec0a77e93c98c9,1.8187,1.8294741576062994,665.565,666.6097604189539,1443.27,1439.9254950245968
5.4,121,N3_N4,rand,24c16e9e735abcb440ce02fcfac34237fb1c8777fdb0ff232a704dedca10d6aa,1.8582,1.9093220182654522,683.751,683.127448676076,1571.77,1570.637041011455
5.4,121,N3_N4,rand,29e3bac624271b674909d273fcf07723481db31a203014f0f6041c94375c8179,2.3649,2.3015458876140658,670.345,669.1587802440141,1594.6,1602.1054621332353
5.4,121,N3_N4,rand,590a94d9e6b652289e0aec3e98c02151b5f9bf07116de25ab1531831d57f78f6,2.5817,2.449786474793221,670.157,672.8496561060091,1562.77,1574.2556242060261
5.4,121,N3_N4,rand,2ab48f1fa362587dbdffe1df502695eaa55d7e6012e9e6b06ba5aaa20facb808,1.8623,1.865756780786385,674.656,673.9524492239015,1528.48,1517.4422448717785
5.4,121,N3_N4,rand,f97e953a4f4d364b25bb87dc6a9f29b4c725985af5036bd17f8afa32bd89dddb,2.2662,2.164135313193339,680.198,680.4362919609619,1447.45,1464.6732143885451
5.4,121,N3_N4,rand,484cb136a5bbbb11b36116cc4ed6bc8de71914a4e4769fb0938f576908039aec,2.1068,2.1676243459803968,671.683,672.1291941303264,1584.73,1580.426213080249
5.4,121,N3_N4,rand,b794a1e00e1bd81c80b24eb2d776cb1e49da557a1643e0b902da00acb0d36ee3,1.7494,1.7453863822091762,685.839,686.2737723147226,1551.41,1537.7823302771494
5.4,121,N5_N6,tail,dbf8e5438934041b0e2f899f3024cb1d40fdd764be9df3d29b246e291cdc3970,1.5111,1.5121757727346794,675.637,676.4851541690211,1478.12,1463.3614615899767
5.4,121,N5_N6,rand,19ae0465558f4d2cde8d7f75e64bb758f8023c19b7d884748e0208da66cb9560,1.5488,1.548513973899495,680.74,682.1426817002819,1422.0,1421.5819687782443
5.4,121,N5_N6,rand,ee8bc490575dbef70a7e024f9d5a1677f81322f23f01c6e2203e8f93824bdab5,1.5428,1.5501493095215495,681.37,682.9814680477546,1431.0,1426.5457939867918
5.4,121,N5_N6,rand,3dc6201637b88aa64900bb1ef902c9069eb3abfe1a971ed84ab0d71bd17158af,1.5485,1.550637734897796,681.02,682.1013168194829,1424.0,1421.776188524061
5.5,101,G3_G4,tail,8f425ef8d9870865fc9b76457768d54d96f223704431f31e8249d5fd685490b0,1.7524,1.8280555558200948,598.755,597.4038723681609,1364.89,1344.412162977912
5.5,101,G3_G4,tail,530c7bf26f3e02b574476c7755d4b11c8125c074c545244c6f77b7aa5d053802,1.7713,1.832941200721602,609.502,608.1201167697078,1415.57,1392.9068931992401
5.5,101,G3_G4,tail,038de3f44b2b1e81d13b2203b0eda02b9321476c236f257dce80fbf4ee7e4060,1.8077,1.8149877965751426,598.926,597.265743309995,1390.01,1375.718880021563
5.5,101,G3_G4,tail,7f4ae4617317278bcd55927ac5cfbcab077e4cfd5eabc3c4710d58538a7e6d15,1.8383,1.8405456357079832,580.762,585.8859308243237,1236.62,1267.6940745619108
5.5,101,G3_G4,tail,f4a233d43b7bbacc95d9f30b671d58be61200c4ff0822597305cdc00efb1cb28,1.8608,2.0604417033515077,597.464,592.0537008407083,1317.45,1294.2841032340048
5.5,101,G3_G4,tail,38abb5cda69884cb1f6094e6c661467d77a787d884b5e369285a7bb58cc9d879,1.8635,1.9043653795795783,592.164,594.336909176315,1360.98,1375.1061200281747
5.5,101,G3_G4,tail,c8d971c2f2ea59796480cc3b9722b6ff1443a621bd473f20b73326b212599407,1.8642,1.892440601554608,592.064,591.9261721147154,1310.61,1307.8950645651635
5.5,101,G3_G4,tail,03a890ab5562cf2715c74b7877f78d61bc5d3251d31ddf5ad5c6bbe8f6f21924,1.8652,1.933022184010806,600.487,597.2484194964783,1315.88,1301.9517231796285
5.5,101,G3_G4,tail,778bf2cc36b9998f4fa71e6a8d09f057ecd698aec1d640ce4280b52c1da84947,1.8694,1.9017613938438496,597.958,597.2392918266914,1358.32,1344.868154495381
5.5,101,G3_G4,tail,ae580a615f9d92a1eab75a5fcadf93c7ae7d61c60b1fb636ede7ecd3f9acf975,1.8793,2.022270646466222,591.968,590.4928484680537,1331.7,1348.718926829562
5.5,101,G3_G4,tail,fc403b96812b159290af30b6b5fb5ed44fc357a2069bf452a09e2a353a697775,1.8801,1.9675650261057083,579.414,581.7244274662681,1188.34,1211.4514446969133
5.5,101,G3_G4,tail,ec26f76f9200252a0de80329ff949be08eb059792b97f1c6a5c5c1b2f279db05,1.8873,1.9737294406188597,609.742,605.8607156887364,1391.09,1381.6871621683317
5.5,101,G3_G4,tail,46ff014a5d525cfd68f945e8034fda33e63b2c34f14cdabe7d5835a543b265a8,1.8891,1.9514898277052648,598.248,599.8886345272667,1399.48,1404.4808108932507
5.5,101,G3_G4,tail,ada274539a0fb577684637f2ff853bfa2c83c31ed6a764f3267d354cd089a62b,1.8953,1.9028238320580835,601.105,597.9015511857838,1346.01,1356.6216876866988
5.5,101,G3_G4,tail,30e851ab1bc567b2d290ee41bd2dad32bb0d307b553c987c384f4cf22e58b2e1,1.8958,1.8295326744319942,604.683,604.4110800421776,1409.62,1405.0069249920148
5.5,101,G3_G4,tail,37ac9012480d516203e1110ae86b04763e04e66dc30962dd8f59c19b270bd237,1.8987,1.8775091433714293,595.792,596.3910779199981,1306.67,1330.0484844685207
5.5,101,G3_G4,tail,dd0d75b844fd33cf7b036fc51cbd1c6862aa754b9c5c3bf8ed9e2f85191aab96,1.8995,1.9003652921817027,604.172,602.5264499231066,1370.18,1373.4852183976923
5.5,101,G3_G4,rand,30fd9e0f600ef8583de2452293eb124c572ddd3bd50ad4cc5a02dd03ad1305d8,2.1348,2.1500044233084803,581.643,582.4319653687323,1240.43,1280.747430719574
5.5,101,G3_G4,rand,e9294164540ad428bbc211b8d96c00a68f5dc9158b58f99a39c0cbd25693193a,2.2083,2.3432197805927926,584.052,583.61265821421,1354.8,1383.0978683694816
5.5,101,G3_G4,rand,61090fa669127fb31ef3b48ee4c5ac23266fac8e2933d7c88b114996fcd247cc,1.9809,2.041225724397412,592.907,593.1520375215015,1363.07,1367.7015771959564
5.5,101,G3_G4,rand,e8ae108ad49cd29bdca0e1a511e75b58a2798a5dca4ec90714bdfb059a2bd979,2.416,2.4435110868371184,578.117,582.4015504886464,1381.61,1363.2048778575886
5.5,101,G3_G4,rand,bdf121d8608c3a762ed010dba178717539e48cbdb4a30d3690195061d39eb1f7,2.6092,2.3708862670063238,590.653,593.4990601868496,1292.97,1342.6721919911074
5.5,101,G3_G4,rand,9454c75259e3be6a59511472aa6ec5864a69356a8260cd298fbdec52ef0ac44a,2.9601,2.817539074892886,592.0,594.8854288837259,1360.86,1394.0612732407158
5.5,101,G3_G4,rand,902c5eda1a516cadb43d0e992de98799303eeea0c5fc3dd580617747b8bb168c,2.0461,2.1102876530025863,582.844,589.6868236944465,1288.81,1358.251556755372
5.5,101,G3_G4,rand,6a7304e7986b92cfaefc6ce02ab9586dc202e214e79390d91874d7119e981bf7,3.2431,3.088369581867275,603.408,603.9901737041322,1395.53,1400.4022221963082
5.5,101,G3_G4,rand,2ff8c86aa18a21f9ced0f67fc1e28bcaf5e5c9aa9fcea91116f704496e2f1c57,2.3041,2.2709936043369905,595.738,596.956092179771,1271.03,1306.384663772806
5.5,101,G3_G4,rand,c0e1e7181faf0602be9f9dacb15505f06361b1e204895818c6305f7e9bb6a440,2.0918,2.093321075829761,594.014,594.820208011908,1373.24,1405.775372364537
5.5,101,G3_G4,rand,e5910bfc0848f183ab935881398099794c42f2429b7ddad541f82ca10882e298,2.0489,2.2249305649710793,607.117,607.4605792308374,1385.29,1407.460228659496
5.5,101,G3_G4,rand,2bcc832fad9b23bd7eb51c8d27a69ef1d4e7cad4803531b84634ca722f8b0cf7,2.3952,2.4481781267837435,586.078,590.4267020708977,1348.7,1384.0405965695786
5.5,101,G3_G4,rand,fa0256d5914c58fc2ce9169888841be7874bd544d69b61b7bd8f33e165b1d6b2,2.225,2.2866264764647672,592.628,594.7416677362846,1389.06,1402.2267217331578
5.5,101,G3_G4,rand,c200819aec64d87e072a33d8f4bb72cc7e1a9420564b4fe90b3017357f097132,2.3117,2.0172922897032133,605.679,603.5638482754229,1411.61,1386.8873982230448
5.5,101,G3_G4,rand,4eafb3d3a4b40f159beb75ce4b32e4c71b799d0b7e7ee79699476c31f5067771,3.6601,3.686733421363041,588.737,588.9634769941704,1450.4,1449.0137037891463
5.5,101,G3_G4,rand,07656e40f87bec9e2b059dd082d9838ec63734c800939fff33fb6201753cea2a,2.2042,2.18621883628571,571.491,577.3668543735877,1326.41,1339.1018910983207
5.5,101,G3_G4,rand,8614445db736be316d2e21c6dae7288c37321901b46cf2dfa8ad145461f24375,2.062,2.10441355495001,594.103,597.0249413426885,1371.33,1385.8054752709904
5.5,101,G3_G4,rand,9ed0e954f36ed34160637a2eea787dcbe37b2e77b85597daa18aa51ce9374f71,2.7421,2.640987789717404,590.01,590.1086610296978,1332.42,1331.8729556796902
5.5,101,G3_G4,rand,f1ed7610b211f2428dbfffb3b461a6b16998d41e6e07d3f88fe62a07c9882893,2.326,2.29525894665394,600.819,600.7563455451891,1482.68,1454.3740271452848
5.5,101,G3_G4,rand,a0d7cb453a4af0994872c8711a4ffe0152e1c02bd1b396f3621032389042bb4c,2.566,2.260210976412806,589.861,586.8303216923442,1365.23,1316.0997630081824
5.5,101,G3_G4,rand,c97933913b942e5b843daaee95246b7195acfe93b7f8efa76e7ead88f9210850,3.1622,2.868247923746367,591.048,593.5512833481953,1320.84,1351.3942778629794
5.5,101,G3_G4,rand,a2f3c8861ecee22d818d98b16af2cdb55d0d1a0810a5190ab2f2962eabded0f6,2.3541,2.3521496257455494,572.568,579.0432577708063,1356.94,1356.0318337265303
5.5,101,H1_H2,tail,ed62b90f05af80c42f07a98d075392d5b0572d707591f87391184c76dd1420db,1.7488,1.834372350199443,583.684,584.6372951205457,1255.15,1280.6912845008815
5.5,101,H1_H2,tail,bb90f1c587aa3a9fd3fa6d0fc904b9a8f89bf44b8cc096063a8fa136233895b1,1.8138,1.846555867307095,584.835,585.2416006998997,1199.45,1224.7256561814788
5.5,101,H1_H2,tail,3990b04160976d34055ec21a246d8c63c9099747d93f2a859319b2d37c7bfce2,1.8255,1.8264134806539953,592.541,590.5453442593722,1348.94,1325.5950124782948
5.5,101,H1_H2,tail,2a772851d340c8dfe50e415e7a948b1921a3a015124d994af96d85d9f5913c0f,1.8263,1.8034488158385789,585.989,589.28106145554,1287.59,1292.969220447797
5.5,101,H1_H2,tail,7f6e3913107425edffa4157b578ba8439bb89f6140d560b49a5175d39e51e60a,1.846,1.9054477921295376,597.519,595.4442390204889,1408.24,1401.617143657822
5.5,101,H1_H2,tail,8d5ba3f9fc36884c1cc26d50896f7c609b1062bdc0d5d58344b35099af9c8d16,1.8462,1.9224965178792863,586.011,586.0639012909527,1238.43,1252.611348665905
5.5,101,H1_H2,tail,e730710a85e95e9dd3755cceda667cbe83ff15c6360364c273dea601507fc226,1.8528,1.8568441407252076,592.083,590.8717766818165,1322.05,1304.5607165867164
5.5,101,H1_H2,tail,cb922e8b88403a7eaef2c9cbfad43734be325c0328456378a4908672a35842cb,1.8687,1.8646531752776996,586.051,588.128713074372,1287.25,1280.4311461767752
5.5,101,H1_H2,tail,6f80062b1a3457de23e34d81938ab61ad8b2fb657e13effa762ef30144ebf5c3,1.8737,1.882014406996813,594.624,593.029670869281,1383.21,1361.1429265058332
5.5,101,H1_H2,tail,52dd569c10f3d5da7bc7ab39e625fa6e57810e871217f2a120ae863431c7504e,1.8781,1.870582942861731,589.096,591.5731401834992,1306.54,1357.4921641585538
5.5,101,H1_H2,tail,7c2ba1111bcd9254c48e8c473e649012aaefdd75ec82b9e53b3f18953d042e33,1.8799,1.8912001458510366,582.318,582.6461158848136,1313.51,1319.3010463839173
5.5,101,H1_H2,tail,6876315f8d1a518496ace3aea9d6b9e9235b70149251b2ee706adb407e5cee3e,1.8878,1.8724227076277313,592.372,591.9403085808539,1345.45,1356.1849340268914
5.5,101,H1_H2,tail,fb72273e46ee9953e022e435c140bde2413a6329e446eb6590fa3641c4890a44,1.9,1.9331519965867594,603.797,598.3900398137926,1371.26,1353.158169886538
5.5,101,H1_H2,tail,f808f4f554acee51bba58b7dd9ce27f80b5656b13035f825d3ce9ed7ddd87570,1.9039,1.930995166716134,599.827,595.1321086703665,1347.7,1350.4950838725576
5.5,101,H1_H2,rand,e32cb244615bcee6fdd0c1ec1e472a525c97c31b13f7820e59a0167aa73b68e8,2.6143,2.6342767014013373,597.541,595.1579444146145,1402.72,1405.2601848968297
5.5,101,H1_H2,rand,ce0e586c7a3d0cf25e70312e721557b611f0f807d28cbf2d96c9b51b44c1554c,2.0974,2.1001667796977985,588.751,587.7179646749245,1290.82,1311.8200124133518
5.5,101,H1_H2,rand,cdf32515d335818a8d0e8cc97e34fea7de52ea8120e44b51eb816e4556469de1,2.0495,2.0212811509817805,578.306,582.7462787194522,1229.23,1289.8988111555218
5.5,101,H1_H2,rand,640c6c885e90c613b81c10365533cebd0ecce4d838ccf350c155ad0ef74536a8,2.1284,2.2351618882644706,589.952,589.6268289693095,1443.47,1414.1463637933725
5.5,101,H1_H2,rand,8301357c017469ddba3d3d663a0ef3840ecc7b578d8ee7322bb185dc407b5313,2.2484,2.268427686092796,590.264,588.8958875232975,1340.92,1349.3779898678454
5.5,101,H1_H2,rand,e92fa8924e4b89c47f15c0e0dfcf669075733be99410f16a4a52edf148e25073,3.0039,3.009922885401007,591.608,591.066886396899,1340.27,1336.1639562904243
5.5,101,H1_H2,rand,b95a8f324720ad30942ca15fcadcd707d8ad991efe145d932eb8eb48eb1f3d86,2.9818,2.885801703803246,573.89,579.6791725653694,1346.31,1340.9333445896086
5.5,101,H1_H2,rand,2aedac6bc3b130e9fce867abc9435c6fcee8cdaa10fb5e73e9d8a2ebbeacef79,2.1349,2.137242195672116,582.394,581.1819188423495,1353.41,1353.6170270186326
5.5,101,H1_H2,rand,de8ca09f29225547db85257fa6d3e8a63d3ecb6bcbcee25723948e4c27e68ed8,4.1367,4.436938918991278,577.421,576.664536523625,1515.02,1472.5195073185482
5.5,101,H1_H2,rand,a72c1a56afc75c1887eafd52be3ca8d30793816027eff69c7936bdbfc62811fd,2.2189,2.2611384487686306,576.652,575.6677282001979,1204.72,1252.4347144464173
5.5,101,H1_H2,rand,0fd6887d9859cc7892cad652051f009562d0f447ea5a08e43782fe342d519f10,2.2536,2.2255053654617534,577.491,577.3564949022135,1270.05,1284.6465927570753
5.5,101,H1_H2,rand,caa3dc634afe6ad3510133cc8c035d1382b37ba2525c6802fbb182e8134734de,2.7713,2.763572128889946,606.371,603.672035240506,1541.72,1508.0864278773615
5.5,101,H1_H2,rand,89c585e216dcd63bf04b02277756cbf36b32fa19adc75121bf74a69631f8f111,1.9162,1.9083670948720783,591.955,592.0365918375352,1314.24,1315.78579172925
5.5,101,H1_H2,rand,d8309acbbb713e101ad25eacb22461c270648370c74551e542cfb5d101d280d5,2.2613,2.2519981673263167,591.212,591.8032150288346,1364.22,1356.2162905546434
5.5,101,H1_H2,rand,50f26666293d466b8db4644bc21c0e2cb9f110caf8e2ac5fd92abfc9a6017643,2.6167,2.6109595424497707,595.07,594.0683796909307,1403.98,1399.2978794685396
5.5,101,H1_H2,rand,ebd17746f59d1db37dcbe6469e9cc2d2d6198335eedecd002492bfda86e79f77,2.228,2.2277727951456723,564.667,577.0568510167348,1313.02,1309.6374196300344
5.5,101,H1_H2,rand,e10b263e7bd61199684f0186c1bd306bddd2f5f2ea281ed3b00a9493ff184c09,2.2613,2.287319881442565,604.984,602.5550479762071,1442.22,1425.8403351610855
5.5,101,H1_H2,rand,71a0855acb1df5bcb4cf09a1b01d36280adf3e38bce3e09b1b7a38e55f02a73f,1.9312,1.9373478657881993,602.12,602.7730653820223,1293.53,1330.262182840279
5.5,101,H1_H2,rand,89820ad22b424f978049bf30e15d08932b8e0401a4c9190d8be7120b107effc4,4.1263,4.1700371468014525,581.476,584.5002338580367,1468.88,1450.2341983281985
5.5,101,H1_H2,rand,5eb5ac412f8465b7dc2ec3a6afb4b3a76d28894c4a2a2c176b3de5f8555b81de,2.1505,2.225105452455221,578.487,582.974588280442,1338.99,1335.4100022241655
5.5,101,H1_H2,rand,dcb2c24cda63d020b3c5c6e3d91b6a55ec0b4f0ddcbefdea783743a90a9fdb4e,2.4833,2.4781275104559057,589.956,592.8630640972667,1429.54,1414.1616266139422
5.5,101,H1_H2,rand,622d0df74d32c75f601e34d13cc8a84b78b3eda1f6a92e8acc205e722b985039,4.3623,4.458038136770655,566.151,569.4586507386946,1440.49,1433.4296204386897
5.5,101,H3_H4,tail,03b8ecad1a00a492871da7b23a49c01e6273a5fb19f605847502487d8079aef2,1.806,1.845290371561953,586.869,588.9554282889237,1321.43,1329.7627869391677
5.5,101,H3_H4,tail,d65b5e4acfe11059007fdf634dfba554b7b845894a45f393457ad50dd81e1f92,1.8256,1.8921546003885377,590.365,588.4119608745732,1220.03,1250.5567926771014
5.5,101,H3_H4,tail,e33949de6a38b42cfbdd531c134d351f3bdddb018034b69151a65b0c38015c46,1.8268,1.854327590789553,591.391,586.5976416122967,1229.25,1262.8245361001664
5.5,101,H3_H4,tail,0b5b9a32670a3a9fa7f62109892c90fdb29d84288c8f81790935e238f71a6489,1.8511,1.8889175628378871,598.07,595.5480012350707,1364.53,1326.3237047589473
5.5,101,H3_H4,tail,291b25f62c09cfc4fba2cdcb12c5cb8422697b0622ef389d61833c7ba2257939,1.8668,1.8530485910746597,574.991,577.9325090794372,1272.49,1275.5767336281465
5.5,101,H3_H4,tail,fe9243daa7775bb5cb9fa6156560b9bd6c68faf68586ea8a3141bdd90526fe83,1.8804,1.8496069402203905,592.571,594.5234640513684,1300.44,1326.5948664935172
5.5,101,H3_H4,tail,3fb85625fcf27e7ca509287390854d94a030db3c8ce4e5dea5c43668d5118828,1.8809,1.8982536381040847,589.324,590.6472735167622,1378.02,1371.7093540533901
5.5,101,H3_H4,tail,33f5c87dca5023238078ec95ae6b2b64c106b23a4c1fc1e203b9a1a3fa518012,1.8981,1.907047408094713,589.728,584.7365975708202,1278.49,1279.927444772305
5.5,101,H3_H4,tail,7a8f1e3cca359a53989376d03aa41deb62939218e99c212790c12c2990263e69,1.8982,1.9434379621036326,587.001,587.2161730132119,1331.77,1320.6190874834442
5.5,101,H3_H4,rand,f53a55936bb33017b7300995fcac6e697ca38fb101f610bcb918448181d22815,2.2471,2.1898176223302133,573.005,577.412609425741,1301.84,1305.4785063860531
5.5,101,H3_H4,rand,acf3e1aba3d8caaaea7292d44e711ca7f9e83519dedbe46148de70d60e3b87a5,2.127,2.0752647932077473,584.303,584.1852501057746,1266.25,1280.1934559540628
5.5,101,H3_H4,rand,adc5b2f5a8a4e8b8b53d9f943f1d747380d01d0b7cc65cb15a97a2beaa24854e,2.0307,2.0922558042546306,578.098,577.9909195463975,1370.18,1338.9245298530464
5.5,101,H3_H4,rand,e86d76235de53bb92c2762e5fece68b2348ce2dbefc14b73a1a46b62b7769464,3.7076,3.7820296857830566,584.981,585.069983671491,1320.65,1320.1370268984888
5.5,101,H3_H4,rand,acd92c75f12a0ae9d834b2a5b726407a037d14d0e4497c1a2d2255b1c42709c1,2.4765,2.3787901109659746,570.278,575.5069496858276,1316.68,1293.4972630532743
5.5,101,H3_H4,rand,0d0731bb16d7eadc02304be0a7b24041777b27ce01290c26c0e9b966db0b2d8b,2.2306,2.251295140512493,580.457,582.0602401175926,1371.42,1365.9385231404308
5.5,101,H3_H4,rand,463aa93c9d4ac64a87ff15fe4daf6233c42a04a779dbeef0d93ed3a5a19e7360,1.9687,2.0214923222279824,582.54,586.0305542979122,1352.75,1369.8608414213263
5.5,101,H3_H4,rand,c653c012fa960423fd579ee3afce22ee156682f955e7ca50da12aab1c8ffe540,2.089,2.1338786932043403,598.424,594.6086595250946,1455.72,1418.3824243872878
5.5,101,H3_H4,rand,b39a370bf5a94481171e7bd52ca6a8615a81aac622a8f89a8c325746e0b156a4,4.6135,4.6101682276080025,597.577,593.174568539654,1500.08,1481.3127213333555
5.5,101,H3_H4,rand,83fc63de6f17d984006125fd46555f0d67d9936d088811813a5f0ec17622f388,2.3245,2.3055879328923514,578.489,577.353804460097,1381.06,1336.787583903037
5.5,101,H3_H4,rand,b480249761df8ae49c4bfda75164ccf072ae8bc82175952d8f2089c6e2b40c91,2.8655,2.8267605415694192,579.062,585.8412800229054,1394.31,1395.3835537503487
5.5,101,H3_H4,rand,f28657a5dad5c43e434787fdb4f87b06ad31cd3ce7fff452171ca356a5b145f7,2.3746,2.264721697262994,595.621,593.1207261716885,1249.91,1281.3235372830518
5.5,101,H3_H4,rand,0a6aafedfef3e6e5ba6c8f39ab53dab38f89d73914ae9ac027a0fc7377e37848,2.0236,2.0633263051504156,597.091,589.5637715797112,1341.94,1309.7034892786173
5.5,101,H3_H4,rand,f6350c3d2db1baaa03f040071b0e76596d82c86f7fa1f9e7d00e12affe835d44,2.7917,2.5515539275796235,575.736,573.9678653511214,1352.68,1334.2210554112053
5.5,101,H3_H4,rand,a60d1a900812eb901214f793deccccddc150a0ef72e7527ac6a8cd8e7c038bfc,3.832,3.0335337179165136,599.567,597.2102875975231,1418.77,1394.0190821403671
5.5,101,H3_H4,rand,8180789da6e7f3ce7e0e0a1bd4a5ab8d0b63181b883c93c575cee9cdede55fcd,1.9775,1.9148441887906253,584.615,585.3685829942217,1274.22,1306.353420547774
5.5,105,G3_G4,tail,f830999aa1ba60449c78671e8ed596d41f84615770172d72592e79df65b64645,1.7361,1.871270640665538,609.592,609.5283805597323,1360.2,1350.0373345786797
5.5,105,G3_G4,tail,9d41109da73b081ca278078f3d6e94658167f889fb2440f4f18ae5cee786e377,1.846,1.8717952281208974,610.139,612.0514446681418,1317.39,1344.8212550269575
5.5,105,G3_G4,tail,343b70c9ca19da37416877eeae9aaada8642606ca5fab03f8f7bd019fbf98963,1.9172,1.9617213285649595,612.147,605.2276256592257,1387.99,1358.2954127656449
5.5,105,G3_G4,tail,6fa69ba675b23ea55ab2618f1f3227e0ad61506b88f2209a5b7923fb69869f1e,1.9224,1.8681504084592375,598.113,602.3314091043308,1350.6,1346.9273448695615
5.5,105,G3_G4,tail,b1cba3edfe53c3d86d0d1b1b997e6122b02ff5fafe63bd105a31bc2c6de7ff5d,1.9441,1.9635359031879887,613.409,613.83670866052,1386.13,1408.1379921437456
5.5,105,G3_G4,tail,97dd6a3b97423827d9ab5d24d66003f98ee93380a49a7719673da786ee5515f7,1.9537,1.990142273961475,597.08,600.2591248134929,1357.77,1359.151249581891
5.5,105,G3_G4,tail,de72835661d4fdb5bee57e140609268d567deab30ef3d027eaf53ee363e81401,1.9987,1.937803142606449,618.271,617.8631986805698,1485.69,1446.9217232718765
5.5,105,G3_G4,tail,a023fb87df240805b08c2a98ed5467af143971227fdef605e2b60cd431dc156a,2.007,2.0299668578434305,605.443,607.437969395922,1415.63,1394.1956132752523
5.5,105,G3_G4,rand,defecf11b2c71371108b61f5c5e0effba8e1addc811daaa71bdd9e46db98d8d4,2.1896,2.128371230105672,612.749,613.7956785176654,1444.23,1440.940479766038
5.5,105,G3_G4,rand,6ad4105405d9b7c7136a55b2b349c88163704a0cbda79b425dc07502661325ec,2.1332,2.205878213190458,599.835,601.743444379512,1393.31,1377.496017437216
5.5,105,G3_G4,rand,ec832f8eaf54c0d86ddbcfb0762cde57b2182181812523707be3073dfecda46d,2.8816,2.7931000187491133,628.061,623.6764740666354,1551.31,1537.7026183650964
5.5,105,G3_G4,rand,68f7172bf2a964476b5a9b341aed2bc838c5f9e0ad1d580edf74bc56be6b774e,2.2841,2.338743580930421,593.616,596.4116840656753,1382.77,1424.7336468990484
5.5,105,G3_G4,rand,41deae99a813c01b19e4ca70cf08f62d1b21375fdbf9c107274bcb2d40151525,2.6461,2.3882054368716843,620.91,619.6068461767761,1391.02,1399.8609546349721
5.5,105,G3_G4,rand,f3e25e4176fc628034c2a6e73fafa53a0af306709fee784035e815b8dbec7d96,2.0893,2.226204204017312,596.22,600.2691470974171,1420.64,1425.2243515373486
5.5,105,G3_G4,rand,0ec7ca1af828da2293e301d81beb4e245f6e43d0b9ca8484b42aa6968d362da1,2.6482,2.648129279034046,606.751,608.4065396735649,1419.18,1445.0643659462353
5.5,105,G3_G4,rand,a4f3efc312a5f76aff30ad11d84135fba0c78552bae2ca951e4ca911a85c5dbe,2.0665,2.1113872426049403,594.72,595.5346456406979,1326.74,1344.6053189264799
5.5,105,G3_G4,rand,620b83113d5d1c7ed2bca68272c2609aa832e114563859f3c3208a92073d67f8,3.4311,3.594324302919674,608.386,607.2463008612611,1580.14,1571.9832473709444
5.5,105,G3_G4,rand,cfa86c60345b465b1f4b829cfeced54d20b75a986bd84933107bbab2f141222c,3.6121,3.5791468106288367,599.044,600.9042655851199,1534.74,1495.2178881159825
5.5,105,G3_G4,rand,edcef85c23f83a5a9ec2c6ba976769a6953286ef034a2dfae76866ea0a39647b,2.0795,2.002053492376475,628.182,623.4197443887438,1398.57,1375.8486667030409
5.5,105,G3_G4,rand,fb4012a7a2a2a2ec765616e7f8a689a39b9a2d126e8acf3e99a7ecbac885f446,2.0828,2.117623132466895,608.563,607.582447316341,1380.9,1382.9192096400986
5.5,105,G3_G4,rand,04dd473aad1c36d7de0d4ed6388c95e66b2006426830564160187ba533c161f8,2.1683,2.2633305910954826,617.915,616.7411385614365,1428.35,1444.4335742970577
5.5,105,G3_G4,rand,a7586e88eddd87689f2633a2e67d019d40a700bc95bdeae472ecf8cf64b16f4c,2.0849,2.0691146472756508,608.433,607.7805727301389,1393.8,1382.8597540377941
5.5,105,G3_G4,rand,87f7fd59c28b508d3977022cef6d7f7c22a5fc2278ed79c57d02258d6a3c3ac2,2.2225,2.2042684473050427,612.506,614.0414290891712,1464.17,1454.1547446698457
5.5,105,G3_G4,rand,9ca96512eda89450153946f1b56018f4d7b50840ac327b48754362ca4aad3f21,2.215,2.420118231363872,597.929,602.7995710693617,1417.87,1435.0941632763715
5.5,105,G3_G4,rand,60efbdbefda494d38979b84dbb85b46b8fa6c8debc18517fe5c28aa7cc2d8252,4.4953,4.571158906908943,617.02,616.1423385872795,1561.95,1518.470896753816
5.5,105,G3_G4,rand,388bf954636653c3b1b570247364082e51448e036b419253eb5c381767e799b2,2.3358,2.244624060417954,618.632,618.9466587504376,1461.37,1440.3072214222277
5.5,105,G3_G4,rand,ea3cad99f2c705d2bcd899069ae93dab8cfe77cade6a70e3280fd3198b010160,2.7256,2.4743460536611934,603.61,606.1461073157591,1325.09,1331.013793732743
5.5,105,G3_G4,rand,817ba8dbd7728ef953c0b19389365c250a0879ed115da56f8e4590ad7accbab8,2.6078,2.521726079756026,619.155,616.609989567745,1401.91,1398.6026146269764
5.5,105,G3_G4,rand,f5d756a9e3d464c9ea20eb2db22bab80bbcd86e181e343cf0379252a2f191894,2.3163,2.3266623947421703,608.097,608.3234557905896,1368.78,1379.4334136926234
5.5,105,G3_G4,rand,a1759712c9640a09a630e9dba9cc34254104af57f44a8771394bc5bb4a2ec2aa,2.9085,2.804853759117957,606.468,606.5288850712506,1405.22,1390.8246897625145
5.5,105,G3_G4,rand,65d1a6aff543ca7bfbb7d2f2d4437527b44325a8dc32708296a30dcc1115f1cb,2.1265,2.1488383122847554,613.981,616.8412550281168,1517.39,1508.8016874805016
5.5,105,H1_H2,tail,39fac8f5ff69a743db2f0f11ea1f79971f1637a02eb1584e318c1ff18e1ada7c,1.8057,1.8786122544511374,596.994,597.7476713116098,1288.14,1330.3348743927843
5.5,105,H1_H2,tail,98101cfb7c09c83f6f30b7224174f0130b27260c3dadd299a3e7fe1b8bcbe08a,1.8106,1.8158661287180826,612.379,607.7255936164383,1400.85,1373.9375850043466
5.5,105,H1_H2,tail,8d07b4d8779dfa43fcf3594ff5b450c9fb614c4c8d623d5808e0300050e6462f,1.8226,1.8686246173857763,615.394,614.2861153159039,1418.38,1420.0290724766344
5.5,105,H1_H2,tail,0d71e39c1bfe9289ef80bdbef9f4ed08bb7688de21b4154858f709a8e5719a76,1.8882,1.90981002947959,600.296,600.545105662229,1362.92,1354.804702312691
5.5,105,H1_H2,tail,93433fd74694566007b52c5bc39c370c772014aff8ead9d5ca0c1998e842e8a4,1.9596,1.9359675474072682,594.652,594.4681059135237,1219.86,1256.9983339799921
5.5,105,H1_H2,tail,db63b88b61ced5b18581a7d171f8b37ce4e703ab03c74d454ff272d601a7276e,1.9656,1.9516527838643527,613.215,610.7707525574677,1371.89,1362.995034915007
5.5,105,H1_H2,tail,d76b6436e929c62b4ad17d3d57c952dccfcc02ffed101226a798b8adf003aaf7,1.9661,1.9933392605925655,612.905,609.3981183788816,1442.97,1438.7146195065316
5.5,105,H1_H2,tail,94c994c5d9984cba23f58b2941f92853637a20012905810de99530747398d3c3,1.9798,1.991799229518366,615.245,615.3513469461933,1387.16,1400.0743980756106
5.5,105,H1_H2,tail,b7e8834b5621baca56e87fc1a93268ca4f9b9b8f2e3c9205421095cb57eab2d0,1.9835,2.03103229218614,594.721,595.4007996928558,1320.11,1314.8976101231497
5.5,105,H1_H2,tail,65425b5ef6d5b2307d4fd5d962aff38e2fed1cdfcaa993335b07a3f79b67f145,1.9871,2.0096005636775938,615.767,611.3808460195717,1402.7,1386.6787732847029
5.5,105,H1_H2,tail,a4a9ebf3f031b40b6f34d85419e9edfb0551c3385714ebdfe879a3e964445840,1.9875,1.9989698273395025,599.837,602.0284679242139,1378.39,1405.1231838008223
5.5,105,H1_H2,tail,796b5dcf44a465da0e24abc98c68721156f315439533c285afb786836ac9e73f,1.9899,1.9832444534998777,603.061,603.1772900489852,1397.22,1402.6418565939352
5.5,105,H1_H2,tail,f530f6ce73d9940ebe8476e4e6745d516ca88bb6c433ece54e4d2ee5a52682de,2.015,1.9777208882441908,602.368,606.5185853344597,1375.15,1401.592531778606
5.5,105,H1_H2,tail,b55b7aca58558ff51638074d05bc5a5390a92792b38ff1bf703a0f2bf71b0ee2,2.0357,2.0284460648184104,618.015,612.8695895980876,1408.52,1396.689337688083
5.5,105,H1_H2,tail,540b36518e9a31075e4a891ca84d245d9f8c42d242ae4c752efdb383ac114fbf,2.0513,2.024138088371163,622.264,617.4843558229569,1398.14,1414.2983035170778
5.5,105,H1_H2,tail,b3a7e84a1419952aca337399ca6830c75e17747be28a80c77674be795cecb9ae,2.0513,2.1344116301572,615.472,612.8120921472465,1424.44,1411.3166739873197
5.5,105,H1_H2,tail,45535d85da48d1dd0f8fc337447695a6ee473b0dd7a1d6ae4e2c9575b5acd5c3,2.0612,2.102323196996738,595.194,599.3802984284673,1333.48,1338.4622390084764
5.5,105,H1_H2,rand,e9a339bff8963ba1ace86be073e83537c4a227f883c73ceb7633a87ac2570d08,3.294,3.2546470224744932,611.754,610.3244684801264,1500.54,1486.5413204316221
5.5,105,H1_H2,rand,bafce60e461ac515aeccae3a54ffe02f18951cbca2fc9e5ed6704082c6f3ecb7,2.1618,2.1516491655670706,604.332,603.676902482646,1321.71,1348.5819469778148
5.5,105,H1_H2,rand,dbda2ab217817afff652aed69a9a2ef406f015c78a7ff3f5088473f882e4e312,2.4312,2.349323269754654,620.541,615.3642903451831,1441.11,1467.097869083343
5.5,105,H1_H2,rand,a9b8b9b4a55acf63debc276ac3c34c17d19129ec3b70e5ff3c67575265cd4bd6,2.4066,2.408450098723101,614.795,610.910193707077,1342.48,1362.975263590372
5.5,105,H1_H2,rand,0b7d4bcd88a569241113d67946b8b2155e794f2f5cd12949372c170adfdfccde,2.7596,2.809129643200682,612.091,613.2463508238919,1402.88,1442.9949248125954
5.5,105,H1_H2,rand,381ec8a3dcf3080439c0561611c7229450aa7e3002e114672c5682278992427f,2.4767,2.429180999193454,612.247,615.0322145398221,1338.31,1386.4452752626298
5.5,105,H1_H2,rand,80d901eb4ce0277137e35d89a4ac50df6353d1afeb520c2d66973d8b99d7f53f,2.1066,2.121786977893389,604.995,604.2908791505513,1449.37,1417.758497770786
5.5,105,H1_H2,rand,033c827b52c051ee48cea353cd595c200836cbe10f9bdc0856af987b047d2162,2.0776,2.069199211111902,601.971,602.4144340971557,1264.75,1329.3177983641265
5.5,105,H1_H2,rand,2610149c97ef5f1f297e982e7f8af602cfa10a21612c1b2c3fd0b30031b48369,2.1945,2.2617368509702267,597.785,599.1181749093439,1437.97,1437.9344689072261
5.5,105,H1_H2,rand,7f7b96d8494a3fe6145194ac9d18912c00def32d2176cca4db002bbc6b6e6ded,2.4821,2.3185583177274287,601.289,600.2214609432912,1281.71,1289.754853744603
5.5,105,H1_H2,rand,6ec7e0db5392bd4d57a06bcbfd30fff48abc61d49e0241a0c495e5df4a3df273,2.1345,2.25677637742926,605.297,605.9355949227671,1335.85,1353.237754021175
5.5,105,H1_H2,rand,e661210d4fab3ac45a9103eb5ef0e655dd74662d3cfb9d686aad3e7c36e37632,2.2386,2.186171220977399,611.231,611.0432701679802,1478.58,1469.4077562923112
5.5,105,H1_H2,rand,8f0d5330f5255d2bfd0d4406ea8479d601aaf9d23eabc9b00d68f72eb044407f,2.1979,2.138917659711016,601.846,601.3372014799519,1375.39,1359.9276187029177
5.5,105,H1_H2,rand,702ec405f439aa376cd9d867e7306cb8d617c0123936d9dba32fbebf31badf9e,2.1101,2.0875895315651416,606.488,601.3646822260013,1320.65,1332.2235315948176
5.5,105,H1_H2,rand,57cf2b070a050164f51bfd0f0bfe830d8a32e1d30a6b5b53af91d8ebec1129f5,3.2921,3.415175750469391,615.999,613.7565364467127,1406.39,1378.6662433361748
5.5,105,H1_H2,rand,862c0a47888f79da58e78a654edba360115af7dd6d9ee749a764cef63e29cb75,3.5269,3.53957546166045,597.12,598.9903132412256,1473.49,1471.0726819306856
5.5,105,H1_H2,rand,13552118c5c07a38dbd8028807f76e24ff142a6a3b43bdd0cc3e4e4ef21ab033,3.3534,3.4219617971171634,605.301,605.0717977335872,1420.86,1427.4632274468117
5.5,105,H3_H4,tail,a8a23aba9785f98dbed8899ee5e86495bca5e0072136621f20add94d0643d76e,1.7924,1.8222893275117293,602.923,601.7675171999008,1296.97,1315.5425716937436
5.5,105,H3_H4,tail,25b903f2b87e1e9fa140506dbf326d75f86be43f8210d228d5b8b7e463dc56d3,1.8059,1.8071532882166825,611.705,610.8674407865959,1320.89,1324.7076287121813
5.5,105,H3_H4,tail,8c1f957d29f7193e2637f4649d13bc1d5d2ef5960cce57f8c21a315e96d6266a,1.8126,1.812275553596467,608.504,609.7077439139017,1337.69,1327.5320766831867
5.5,105,H3_H4,tail,4d85dd04f087062781e2ff557edb8d694781db33db0efe3002bda8663ad97a89,1.8268,1.896680704533539,606.705,603.7206220790697,1298.43,1283.6290383285552
5.5,105,H3_H4,tail,990c16e2c985f01bb6f24eff1724afa12d7729b6c9d765f10c3db151ee15cc07,1.8338,1.8968109072513992,595.253,596.2843751525587,1217.61,1254.1665307740818
5.5,105,H3_H4,tail,fd2e24d4fbd85820d37ac2def84ca0b201e649239cbc593b7a28a383fe4869ff,1.8853,1.8299607457619294,612.619,608.8000822558644,1367.13,1350.9177439223197
5.5,105,H3_H4,tail,b601d263f90877c9df47fd9726869a2a1033ef74561b1cdfa5d73dc240c664da,1.9077,1.9306456768412308,604.05,605.4134534914359,1202.24,1248.3281029862933
5.5,105,H3_H4,tail,0ec14b863fd104753e632bec11120cea70594962be67f7c21e68bcc0bfacb80a,1.9195,1.9211432517005447,608.632,607.5104289105999,1368.51,1349.5203578721864
5.5,105,H3_H4,tail,1bbcfe61c3fb4956b3a7cd9200bbe2fc73aeb8e8cc720dbca8c4f2f3104575b3,1.9487,1.947020624834484,609.035,605.5163605786166,1310.58,1307.2445542979888
5.5,105,H3_H4,tail,89b31994289f947af8ebc3de52b27cbecf0feae13c135fe2985e6a70e5680ff0,1.9519,1.9919496324888217,601.536,600.2973462018282,1342.69,1357.138747785983
5.5,105,H3_H4,tail,21e1cd6c5ff1695df9d0ae98be4195e222ec46049c5b84203c1f40b49f95939b,1.9587,1.9195344751047005,611.488,613.4509830334861,1401.41,1439.537227939673
5.5,105,H3_H4,tail,a8c75826fd82e4545a347f5f2139e6203b753d635dab28e918c0f1f68c69a116,1.9957,1.9748791945796356,611.318,610.7210117756925,1392.62,1407.62891830197
5.5,105,H3_H4,tail,e961777a4622456fd7f58cbad12f00919844f662e73a063203520fb2930c5371,2.0059,2.0099212775126003,608.307,608.7583410550448,1301.18,1322.174227103101
5.5,105,H3_H4,tail,f95c5e130a566b6f8c71e75b5f3447a9a88e4e0072bb6bf54b25066df6a96055,2.0062,2.023665067795939,602.515,603.8237488307307,1346.67,1356.0602475202609
5.5,105,H3_H4,tail,7f221f3b05224afa7cb77d12580aca7ad65a27d27f6e4c9ecdb8fae26cb24998,2.0426,1.9944988111555748,606.138,603.1928118040985,1348.71,1333.6006883884895
5.5,105,H3_H4,rand,894a0e023fd5a4f731e016ab2e0de135fc1c3b7cf1c85f338d54d89aaefdbc4b,4.3387,4.329879082727722,614.254,610.7532459899733,1495.51,1464.3073009860825
5.5,105,H3_H4,rand,d7954de5b44b112aa67fdeaf660a71a8bf16195af9a4dd25effae9f1bc8274fe,2.3265,2.2833017623186076,614.936,615.3165539801654,1510.55,1495.2064032329822
5.5,105,H3_H4,rand,a3bebce50a0e6cf824c432cec506ecd8c6307d74edf2adcf643e85bbf6d2d0bc,2.696,2.5599575118842073,595.901,597.0148449767456,1338.67,1345.26366438087
5.5,105,H3_H4,rand,4b1bfdbaa2e933a9499dce3768463b1b92649d50dad1803c7da144a88dc73e77,2.098,2.087431188481777,605.411,607.1718193538012,1367.38,1367.4534520968646
5.5,105,H3_H4,rand,e8fb35a0421b48f87ecd764a9de54e93f3d8936a4e5a251ba81cf93e5ed54e4b,2.1522,2.0715993024214505,615.026,611.2630907145344,1386.66,1368.982625733637
5.5,105,H3_H4,rand,a72e62ce3b7931461c024bf386f92ac88d317bad03fdb22d4d9ffde0356e1cc8,2.1216,2.1004580108179662,613.275,611.5038524505975,1467.4,1457.6105720478886
5.5,105,H3_H4,rand,dc15543c588b5488e0b4eb73082b9067a6f9f7d1f062f0522666c4c9ac0851d4,2.9233,2.8419744490748284,611.683,612.5634399843618,1469.29,1469.0670774378557
5.5,105,H3_H4,rand,9643c312c67fa0bf9020da022e265daba89b8e4575109a1ad370580974782cd7,2.1681,2.2234930406841116,609.028,608.2504090136954,1273.33,1285.9203167460046
5.5,105,H3_H4,rand,6c00fabf721592061ac55ea1bedf78fb97df6df433e7fb37e2afdea94d8039ca,2.2122,2.097834253217614,601.739,604.889864721273,1373.89,1370.1824637705545
5.5,105,H3_H4,rand,daaa960b1838cfc5736a9cf72ef9c51f98185289610beeefb3e1f1e702fa4bb3,2.2383,2.1606586910443486,598.307,598.1524378417931,1402.53,1411.111180620866
5.5,105,H3_H4,rand,7c2f6d527574f3ad518ce97efd0e9cca4c155223e41b0531f046c8aae3a9a314,2.9903,2.962484849789443,591.47,591.6857816407645,1410.65,1405.4742617205454
5.5,105,H3_H4,rand,24bd96a4798d841a08352501f895c1c607b39e404a8af38593be6cf499e86a0f,2.2655,2.2924677387178414,596.493,600.8215190152708,1340.66,1340.3825312741149
5.5,105,H3_H4,rand,b2fedd3f84e7572b77cb7f78f81f008b55e2ee23d6461081d1fa897381236ef2,2.5585,2.4215079179393153,606.671,606.9183345273954,1272.73,1297.2129911238408
5.5,105,H3_H4,rand,9a010296fe833a8d8df45d09303a1a31fc79699986052323a032b74abb639e0b,2.1627,2.255930703811746,608.535,606.1535948490289,1316.96,1355.629635812065
5.5,105,H3_H4,rand,7a542dd4734f052530f8068fa9506b4f6aaf764375ba9bf2e713f567a60a631d,3.9096,3.931299709293056,600.0,597.4993289947621,1336.38,1320.0832348479332
5.5,105,H3_H4,rand,fafdb0a7f22b73e6c38e37cbc9b70ac86f5ae90a57c11672f95e39493f57e462,3.722,3.6709116637438792,604.645,605.1226193857323,1518.67,1497.3416213165117
5.5,105,H3_H4,rand,6ab299df645623cda1c97632d3821da5a6b093621f9049aae295a80545cdbf8e,2.092,2.086106521576859,601.542,601.1948891702574,1207.48,1252.315603377799
5.5,105,H3_H4,rand,f38a422a7d4de9798ecd7cfef29427988c66c3fb663d0e315929f31f2c8c5f79,2.2257,2.269533515386865,614.007,614.6581577222194,1376.85,1416.1744785361275
5.5,105,H3_H4,rand,153b908a1918dc69f89b97fd7487615180850ecd8e52267dd527b331b4115e69,2.0769,2.0990373746557838,595.551,598.2804538603714,1318.33,1306.8066298434082
5.5,105,H3_H4,rand,901b6d4376489aec82609f3dda993ed7f3f65e53b42542a72eff150ce0ae4796,2.494,2.3353682917291954,616.955,613.0831245608781,1326.85,1329.7696260066368
5.5,109,G3_G4,tail,1d75803edf8700206fa843558335c060a0c02ea4aeed70d6112f7079593e1df3,1.7616,1.793927412905375,635.369,635.2075310549601,1425.73,1398.3957755613922
5.5,109,G3_G4,tail,23c2b91926827ef70dee2352f8389769e79f07165150aa606a39268154f2b119,1.7775,1.7988170309647764,632.22,633.4805577829161,1413.97,1433.7624854930705
5.5,109,G3_G4,tail,b93e97616bfc652bf4a30168d732bc09711122c52a10ae8991d9386cc81985a8,1.7806,1.8612347715113984,621.699,624.835305126508,1472.11,1454.1307360662474
5.5,109,G3_G4,tail,122c0bec84f5cdd6d20ce43f36fe639a93545151b509dc1ac7cc0e4a2227ed44,1.7905,1.8623240504445078,631.316,629.4597234879268,1403.64,1369.8130046156587
5.5,109,G3_G4,tail,b1f641734f043aff4244456db6d2e5ad40e98308e6f8d8dc70e98a4c615c9c26,1.8144,1.8985493038052705,630.127,627.3021178365746,1441.33,1395.8670925385038
5.5,109,G3_G4,tail,5b8336d2b96195ef86ea283f4be2aaf9ae1ddc1ac556efce1e465d807035ff89,1.8261,1.8468562226874954,628.969,628.7191706295755,1357.45,1355.1002829145573
5.5,109,G3_G4,tail,a7ae75110f90dc86afaf293d29016fb94f931c63056c02380f7c84dffd3a6740,1.8319,1.8169976854908978,621.403,625.384442343857,1310.14,1325.4767061017521
5.5,109,G3_G4,tail,71180386eb83f6631ab328d929804c3254e12adeefb6e2df00eec99a1e6d51ce,1.8322,1.8129378944642842,635.533,636.3201595316752,1429.5,1415.7290145003915
5.5,109,G3_G4,tail,d5eb499c93e7ac282cecc2689b9761b1e5e22e3c550f928bd278f92712cf2eea,1.8368,1.8945582507761816,621.978,626.614213466248,1386.36,1385.6412907347526
5.5,109,G3_G4,tail,9bf17ed6ee8830293fd4e0bd03cd5c565d3aea8d20fb5493eaea26d6da89de32,1.838,1.862883438765893,636.746,639.0348055964605,1367.26,1387.2830660309162
5.5,109,G3_G4,rand,d8a2a8de3ab9a6ccb8b7c9e7f704daf824539cac41a7db68938dc9bf05233af4,2.0888,2.0477851072172193,638.382,639.0841800338887,1509.73,1522.0288450603216
5.5,109,G3_G4,rand,6faf9045c89049cf4490a5465e4a255d8bfd1f8573cdb89d3981b09330efcb4f,2.2677,2.28962122006743,625.496,625.3596183797624,1385.57,1399.1117496117274
5.5,109,G3_G4,rand,107b540bc678b80d8eb8454d75fe05da4f68ae6927f1ec917ea5cc5506ccc294,2.3179,2.2442485580594127,635.117,634.7132976198404,1461.16,1429.5153542792248
5.5,109,G3_G4,rand,4cc3d6455ae425f425d2617ea7da44af627ce89bc70886e1c5751a280a662146,2.372,2.3483442140152935,633.018,633.4081500169891,1613.46,1570.8092505340358
5.5,109,G3_G4,rand,3811e1b55d2a97050e96ff68fadf654eacfb1e19cd547bcab45a2b80f491ef04,1.9606,2.0083290359197816,624.863,622.3543487868935,1388.5,1367.1265546366312
5.5,109,G3_G4,rand,8a97a45bb528b9beb4f02d5330b0ccbab60522e7d9b263243bc9f0acc7333e9d,2.6843,2.622278374666818,620.557,622.6098713470553,1417.01,1440.1629773884808
5.5,109,G3_G4,rand,23603ef123407a91f8974ccb5a74013bd1eee63d72d450f5bf68d1426a7113c7,2.0127,1.982738326074017,622.477,626.590938612773,1377.92,1402.661781120006
5.5,109,G3_G4,rand,ba5eecb5ffeb6812861a29816d1dff0036572e956b7a33189964832242bf5c9a,1.8872,1.8943038931878344,641.075,641.7094179506303,1457.35,1457.8323146834337
5.5,109,G3_G4,rand,d860a2117c94665e5229a73b43ac5cde952a274aed1b198f0cbb521579aee6ef,1.8525,1.8904212732934162,638.479,635.1700665784688,1480.01,1471.3760048850827
5.5,109,G3_G4,rand,136918763711e25bfe1b6bc4ea7e25550058b5197a6cfadc0ed324e4a283e6b2,2.0383,2.006074462467503,629.503,631.6100055753607,1498.44,1484.4420249821756
5.5,109,G3_G4,rand,6a0dcfa8671bf8dd1f1c06348a5b1d3aacead16b8f72fc74ea890f9a164a35e7,1.9286,1.9123089465454164,626.678,627.640520304426,1393.69,1383.733773350791
5.5,109,G3_G4,rand,7003daf4782e30d38b26347ee103bcdbe6e2ae8bc692d81106d077fca0fb3783,2.2655,2.1195703777873267,626.565,628.0984196278525,1407.64,1402.2290969162239
5.5,109,G3_G4,rand,99ad6fab1f6cda51fd78f343534e04584046eec8d30aef1e52447da59963c062,2.0265,2.000984669640208,612.123,618.0252778441084,1359.23,1377.0849289746245
5.5,109,G3_G4,rand,9620fb22030c5c70799a3ffea198f7edbecb1de9c95b70dc13179f7fdc7bef07,2.0401,2.119753123024128,611.355,612.8972689257837,1350.69,1364.9198425368
5.5,109,G3_G4,rand,9521b1afd35ed8a67469d3ce6703de4a0115e2c0a1a638e094e62b3bce8f3963,2.2591,2.2317155998191494,623.225,622.684192289528,1418.47,1427.4405831968
5.5,109,G3_G4,rand,c687ec2b00102a02a55dace8f323c3a8363fd8e1abe9892b0a77bc3442241e3b,2.3146,2.2732618847802786,621.711,622.9375891981956,1507.8,1488.5272112020825
5.5,109,G3_G4,rand,78dee66081bc6c65e9878f70840aabdff4ef3459e513a185a3bc0118a158d7b9,2.1219,2.1006594649374555,628.61,632.8024799250898,1440.06,1445.2788737310154
5.5,109,H1_H2,tail,e046dce642af220df80c81ca73d080c627ac176dc728a53ac73f3d14f097142d,1.7074,1.7758931024680749,624.907,623.6593237569018,1328.38,1326.6639533739128
5.5,109,H1_H2,tail,f167af78c92076c64194312cb1491a7c519c75a162f3f87df44582778c59b6a7,1.7152,1.7485547883123798,635.618,634.6724860733582,1328.78,1342.1927284737108
5.5,109,H1_H2,tail,ba13989beb4b3238f03eabddfa74fb2b9d320c3a498b11405d5574ec7d1415c4,1.729,1.7900618102431824,633.382,633.018464116526,1357.13,1343.443651874495
5.5,109,H1_H2,tail,8c5a0d960895119a39e75fadeb190c51270ab7f7d49e0e2210970d073fa4caf4,1.7308,1.817258575301858,620.117,621.3482134408828,1313.76,1320.851792933371
5.5,109,H1_H2,tail,2720464099db21daf9788df5ff0452019daa57b99a89845062f6383330ff0d29,1.7328,1.8055215915696443,631.222,630.6459996153599,1430.39,1409.9477432138817
5.5,109,H1_H2,tail,f9c59703aa158cfd2d83de60f1cf9c2085584552c64bac245c3be5a8c0408f37,1.7385,1.8025223095253318,626.646,625.621030949005,1324.66,1322.577270613913
5.5,109,H1_H2,tail,bb30bbe890acb2d3f396f9bcfb7c57fb8ba7c6c952637a8a80b94b142845a27c,1.744,1.765437097567634,628.373,628.0794626552779,1367.8,1369.688473124044
5.5,109,H1_H2,tail,5410db98678abf5f226f3b56a4f14527119830128e3c96afe6b8c42071127370,1.7502,1.8457295228636572,628.379,630.3399029735717,1354.14,1348.7938535209826
5.5,109,H1_H2,tail,6442552725cb5bb771781d72bd2afab5889aafec7ad874b9aebc8a0bead4efb1,1.7567,1.8612763183253052,630.704,632.2628667103868,1431.14,1439.5339891409294
5.5,109,H1_H2,tail,6f8e1eb010dbb041ca9f638c3e2e1195b0ab46fffa03e20a31b20fe40296e8cb,1.7635,1.8156774546332166,631.942,632.0492410780478,1414.59,1405.0008921690699
5.5,109,H1_H2,tail,1624d65ba321ea361c5b5da6f47f57652cbde70f6d5f9c73e3607bfe8376c249,1.78,1.8048279845609816,633.205,633.3543571354744,1489.11,1464.836888292025
5.5,109,H1_H2,tail,18573b8df4de7b1ae3265d84502eefc5b080895bec53b93e68cbad93b34443c3,1.7803,1.8054166299620853,625.029,627.1259317238319,1381.05,1394.1883380671095
5.5,109,H1_H2,tail,ddd56b48bfd59fe3955b645d1c4efa44f457431613731bdb0ba0731f60c1bc7a,1.7808,1.866169575178974,636.052,635.1512382908425,1498.4,1479.4450097482152
5.5,109,H1_H2,tail,196e808f41e7038c03d94795afaf8388095cd0cb89125572e38ef503c5103639,1.7902,1.8188443324986796,635.479,632.6132765482266,1410.35,1372.7679962038571
5.5,109,H1_H2,tail,7689ee8fce727886d066653c37ff2d8b135336ec4d9497432107a80374786018,1.8134,1.9745777723711382,629.713,629.3974496288306,1431.79,1448.5885736469224
5.5,109,H1_H2,tail,69ede301019567ca9b2381bf9cbd634a4cb99d0d2055f53b2073150545b90c22,1.8137,1.8261330663091158,626.856,627.8995985490594,1352.1,1366.2461169673113
5.5,109,H1_H2,tail,4432ddd5f211efd8cbe36dd56b7bf75da6ed0e48aab040d59ee6ed3b482bf03c,1.8169,1.9139439976665216,611.952,616.4078525997111,1291.75,1331.862763702733
5.5,109,H1_H2,tail,484eca9e7a5265176ae4493baebf75d24abbe9c80f0384c05a61306d2f297277,1.8257,1.7884142991862213,632.925,634.4987877506401,1399.96,1395.3175483814387
5.5,109,H1_H2,rand,5fa408e4e5974269271a11ff231745fb822aea63b4d239018db1ad1b1faa5a6a,2.0408,2.175962733543783,622.057,622.9136697940016,1436.1,1425.371838402793
5.5,109,H1_H2,rand,986db600630c74569a7358f47290d99c28196519c1ce963a80786ed331b799ca,1.9891,1.9636163330778669,618.275,619.4129112936796,1402.47,1388.042914199087
5.5,109,H1_H2,rand,86c1d9736c8434be1423e6f569d5dc0e89ba5aea275360c6c816a00483475c47,1.9833,1.950137103453733,620.497,621.3069040402381,1371.12,1396.0401860479926
5.5,109,H1_H2,rand,b8e9e72cb99f8ed69256aab3f8def9af9af01e68beb43492fc92a24b46a74d75,2.1686,2.211905309812907,627.439,627.5735153735668,1443.39,1427.6422880035543
5.5,109,H1_H2,rand,3122c0372e282744e1d7513bdd1665dcbac6be27f23b046618b1bade13b5cbf7,1.9181,1.9075462607812228,624.842,622.7995391606062,1456.95,1429.954062410952
5.5,109,H1_H2,rand,4e8d1f8494ddc74abf0bb3ec21df2a4e821b6051fc95d625f4269c2808148a6d,2.343,2.42070014143097,611.255,617.2837527557779,1517.47,1517.4567958724633
5.5,109,H1_H2,rand,c67fdc2d3d3a2233204e255023b87c183b42ad06e97a47aa64a8af2f34169c5a,2.5736,2.368292182497878,623.217,620.539380389175,1386.83,1406.9441848868623
5.5,109,H1_H2,rand,463b7c20ed8d5ff31ea802818917141cce877222430cce486d809ba6a19bd600,2.4233,2.3367568346141843,617.403,615.872335801741,1459.95,1448.7734435578684
5.5,109,H1_H2,rand,9dd82611c0019d2157bff6998f1fd85087317391567503554befba98ac81f40b,2.4798,2.3676532938580186,609.004,611.9399683452386,1337.83,1372.043092482904
5.5,109,H1_H2,rand,69752252bd07fb7f9ba531fcedf29fd7086589f6a57d9b791b26efa372ac100b,2.0106,2.0356890507880663,628.209,630.2689727568581,1422.42,1438.7300933601334
5.5,109,H1_H2,rand,d7e2b71ae882e33b1b04e4a7c5784ff4494d677e45a6e2a87f1efa08b425df34,2.0919,2.0819033314297313,619.133,620.8014943383441,1438.64,1416.527199115959
5.5,109,H1_H2,rand,9295fb953681bf461859ab47bd907258cac39277b00a268ae50cfa2c24c607b3,1.9142,2.0170471130619836,634.557,634.2896553505525,1391.7,1418.5502097391443
5.5,109,H1_H2,rand,a30f9308d6e33fc76e49d2e7e2a31200b1dc83af08f34d80758b6670f9d21dd4,2.1602,2.1331860431221807,619.072,617.3733633399634,1419.25,1427.085277669338
5.5,109,H1_H2,rand,f5396f1d28183f599321b59516f4fb8516023194486ca91452616ca18347b470,1.8665,1.9167508256427142,632.407,631.7951272877947,1509.49,1479.7189704140392
5.5,109,H1_H2,rand,227310cedf3ad90f8f4c02189a2d49a16fc2c5e503a9524c4c237ad1ae7469df,2.1031,2.1796665243070046,617.625,618.1899366934692,1354.37,1375.5865193867974
5.5,109,H1_H2,rand,681ff61a850482689a90f216bf0c8ec5c837ecded698df8bb18ec0bbd38fe73a,2.8726,2.650843701987685,627.077,625.3340825976766,1463.5,1447.0168076293344
5.5,109,H1_H2,rand,6def8118b0bb0e5194581c06d15ec327c47d47f9031bf57dd6d63aa6663f2dc9,2.1909,2.2583701478505183,636.5,636.5362953115718,1592.66,1581.8109772472378
5.5,109,H1_H2,rand,5c2db0407c546792a11216b2ed3b41967fdb4793cc5e8cc66dc2db0818a5af8b,3.5462,3.3269129312979606,625.73,623.5676131321384,1387.6,1396.2115068420082
5.5,109,H1_H2,rand,aba9a3fffbd87e338564d360c0e48186959950bca8abf7bbe9cd0e3d427530ff,2.6338,2.4479803317172593,635.615,634.569260336867,1465.78,1451.943998291758
5.5,109,H1_H2,rand,13eeea359970e880bf3fc90652fc18d3c05171fe40fb9103532be97ec97d7649,2.1092,2.095113131814422,624.602,624.5597864732204,1344.39,1371.6241533153386
5.5,109,H1_H2,rand,b1902c044b6639c2b24480fe733859010b4ccb89a634aa9b5a0043d266b6737d,2.0407,2.015943773416992,635.469,634.4457448906871,1392.39,1425.2917451821402
5.5,109,H3_H4,tail,2d9128058cd17e742b6baf3f6f2f2454711bf0ca9ed7afebe6fc79fbe5f941d6,1.706,1.818684976785839,631.472,627.1894505480325,1321.24,1325.759585225946
5.5,109,H3_H4,tail,ddd5436c5e5fb4b5319af485a050a4a6f71c79897ffc7b07a02ec3ba6829921c,1.7235,1.7985422257002532,627.463,627.3582554502796,1375.37,1372.5711988211613
5.5,109,H3_H4,tail,c643499dbe9edc5980bfa3236dc96017b817fb29665e740fc8617f7e2d81755d,1.7282,1.80850611302108,626.028,625.7748677368595,1331.5,1325.3491697275851
5.5,109,H3_H4,tail,3fbbc85ebd058001d02cd54eaded4127395e74c5ed8e481e7a15b1dcb96677ef,1.7337,1.7877045054120895,631.535,630.3928998547001,1454.29,1447.0952249139207
5.5,109,H3_H4,tail,217df5e13a862ea9f8f635cf021aedb828b6058fdcbe1fbd1b0290c152ce4ca7,1.7405,1.81314565200991,619.801,621.4672701118384,1338.29,1336.1990381919888
5.5,109,H3_H4,tail,0b783782fd59f75cf39a5b788a41b9ac6e553534aad20935ef0b9424f1799a3c,1.7515,1.7577138447694303,633.393,631.7900830670346,1378.14,1354.6519723773126
5.5,109,H3_H4,tail,9f7c9e1074570336e116680cd6f4be49bca2782a74f0c38c83212f21db49ed48,1.7718,1.8968125190392637,638.767,633.8509525248407,1392.58,1382.4395399852979
5.5,109,H3_H4,tail,fa32c20d654116c535842164ec5a4ef130eac3e48d80caf046ff9e52c1a7137d,1.7874,1.8428207176781082,628.054,626.8949832574137,1364.67,1352.3937217027349
5.5,109,H3_H4,tail,a9c794d1f9a9be50e7acb78b8d94e4ea0330d680769b3a7a9d02c5d8b7875bcd,1.7919,1.8570034993703999,634.369,633.0431795364136,1447.81,1448.064352647771
5.5,109,H3_H4,tail,6cd5061485edb31ef2cb6b363868b559abccf7edaa727e3649ded422c3216d4d,1.8182,1.8825770951450593,615.055,617.8779901823732,1344.69,1344.5207689028439
5.5,109,H3_H4,tail,add0736c768d7e545d35d799a8cb7e89749247aeca367bab0b000b31b73697c8,1.8237,1.8638645457358554,633.126,631.6764512191457,1402.02,1379.1714835399268
5.5,109,H3_H4,tail,0601391ecfe79c1b5f116c703619bbdabfa1c2357cc9e35fd8cb72e8b757c191,1.8262,1.8695663485448673,619.802,620.902713019716,1371.03,1369.5690709409816
5.5,109,H3_H4,rand,a4ed8427b89ea62a019fead3e152bb279b76e31706a22cb98f6e38f304f946db,2.1063,2.1139582052305084,617.747,622.6507383611672,1439.38,1431.243315177713
5.5,109,H3_H4,rand,2d898a793fada82e196a349c3baf252443a2ba50c0052b52d19f951f8dc0f4ea,4.4803,4.026100394849819,611.988,615.4770853009466,1529.63,1500.4660663349891
5.5,109,H3_H4,rand,87f457a7eedf555465291c611776f6b8c55519a5ed14908b466e5e4dd96a7e11,1.9261,1.982983654170459,630.511,628.2546187080486,1392.57,1375.2222322583048
5.5,109,H3_H4,rand,8529b374e135fcf84b0b1dd62bbc494435b754a5c198041c8fc4a8d8ee33961e,2.0993,2.0977374625200347,625.109,621.4380562694796,1409.29,1398.233051611254
5.5,109,H3_H4,rand,81db9f3b839e853df4f33b6369c0e59c3d4cea3eff5641ace943ca087e403088,2.1447,2.165232029021233,644.692,641.1976702539155,1408.61,1416.673024437508
5.5,109,H3_H4,rand,4eb2b3df65290749700ab04834751800b8838c0dbff89c3aa3398df10f0994e1,4.1195,4.006506473713219,627.867,626.1907696549904,1589.97,1566.9636002794573
5.5,109,H3_H4,rand,a5eb98837ee59923b219d4ffef3ab904e8d77e92c2c2d174178bc5d4db97b60b,2.3651,2.161458853934328,623.653,621.3162015049336,1436.78,1398.2238552071494
5.5,109,H3_H4,rand,d8a201b67e96d660bc58900e2679dfe7069d85b8688cfd26fbcf70d142b6c606,1.9534,1.8970316800966036,615.206,618.4180133389759,1350.2,1342.4223647614115
5.5,109,H3_H4,rand,13bd8987e1a908cb2130331f07299b3bc0b866b7b177c76c6e1c4a049955bd77,2.1914,2.1677342675415545,624.069,621.1593294799254,1424.96,1402.7215365024238
5.5,109,H3_H4,rand,f164b6038a9c86efc39c10d9c8df80062dcc1795537ef878a9042086b95beb74,1.9005,1.919671318987593,621.509,622.5820804421639,1440.21,1454.32832774822
5.5,109,H3_H4,rand,a7141144f401e7afe75ef9cb3065d9a41d9a52d21a197257a55a1f60cbaa157c,2.3867,2.4119280854168648,614.569,614.374691960554,1428.08,1426.4674261349703
5.5,109,H3_H4,rand,e9d7d6d07b714b269f84be0af0e0df199bf13204fbd160774cfe9cb511d2cd8c,2.1279,2.1384965897129353,606.46,611.1675782380169,1455.07,1464.1945444863572
5.5,109,H3_H4,rand,8999ee6c1870b28b85d48da1007d289f4dd2f66008d65f75c12a6f01ca32fe49,2.7205,2.5005091910571573,622.838,622.6334129284614,1466.4,1456.2120385783844
5.5,109,H3_H4,rand,2af8bb4b2bf2ee8fc5942a0e269f29af685345bf41f6b8a7c5573e5dc7ae41b3,2.1351,2.195201334123219,628.185,627.1960580151103,1430.51,1448.06788981706
5.5,109,H3_H4,rand,ac3eba48eae7e529f99be1a808309233a3390262226fdc687d016b9d005068b7,1.944,1.9554881646439721,627.363,625.264204135301,1439.31,1423.6600727118407
5.5,109,H3_H4,rand,becc9259570444b8888fb0eb8a627de873f5001e330875b4d87d34d1b603ed75,2.419,2.3415455157485576,612.388,612.5188836949515,1368.99,1369.4443364486606
5.5,109,H3_H4,rand,e2d8f9f0a9838c1e7ddd6ddf9ea8389a26704464704a1083d3fc2a946af93c19,2.5442,2.493762658134213,625.971,625.6446642616479,1441.61,1447.34462072389
5.5,109,H3_H4,rand,237a37d43d5a22c20f92515894159b07f21fbea08d4711035bcee084e26ca135,1.894,1.8953317351880472,632.103,631.3262650808585,1438.38,1426.8189183177633
5.5,109,H3_H4,rand,167b6c2931391ebd9f7128bbf20221fa144deb34526f0fe9c3d28d6a508dcc24,2.5029,2.411259319048103,633.108,630.0652706608739,1504.12,1475.1585146909547
5.5,109,H3_H4,rand,0b85209cce1556b461e7d0e81f1e5f828280810d759b71032cf31fd278c9972e,2.3998,2.4066312481302394,613.144,613.6667625465909,1304.83,1350.453462193175
5.5,109,H3_H4,rand,274df69869f919c055086d46bc429714b20fae4113414e5189e2ba2915b2c816,2.002,2.0799031052950094,636.458,636.2293576710074,1449.74,1453.2209600738752
5.5,109,H3_H4,rand,853c1acf8e839068c258f3b027de4466133b2d53dc199bb5ccebf7f557b9174e,2.0182,2.0520296066688326,633.464,629.7774683942423,1432.9,1398.367419195246
5.5,113,G3_G4,tail,a5fc88f47a53a1fea2f934555eec4589730bf1f9ecc80b54c43ffbb44b67dcb2,1.6454,1.64358561539612,656.533,657.7002059893141,1439.27,1429.7424658130235
5.5,113,G3_G4,tail,dda0b6ef781f052e65d92e8f958537a331461bc041141c0ba8490038b31f0a88,1.6533,1.6687199238629185,653.623,654.7562790252938,1394.98,1405.386695964554
5.5,113,G3_G4,tail,dbc5c2b03f0683632d110cf3434ec8259387bbe21661e825593ad8eb81076e33,1.6751,1.6681329964265192,662.599,660.6162655533057,1433.93,1424.7863239451744
5.5,113,G3_G4,tail,f3e0328f3ffc17ebefb3edfdde35c065f353e630b7baad986c7aac483e557953,1.6773,1.6430537185526095,660.017,659.3286738501698,1432.59,1427.1151032024607
5.5,113,G3_G4,tail,8682385a4689ab5eaa7f697c1db09ef8cb1929fafcdffe42ff51b100caeaadf1,1.6865,1.7365591664385989,658.572,658.6109049376831,1489.01,1484.196501301036
5.5,113,G3_G4,tail,3c9080e66e9ddbec47fd5037f4330d5f34adf6cefa7a994fcaaa115d8479acb1,1.6988,1.6995463552433145,653.536,653.1492053147682,1389.15,1390.6532847146916
5.5,113,G3_G4,tail,a5367b9b37893e6897412809944b80466db49cf7fc811b2c29cffcd0b961f6ea,1.719,1.7216857632879143,656.22,655.9246809746711,1420.64,1418.076978277017
5.5,113,G3_G4,tail,d43545490376f0f8004eba022c620796c94c3fc030deb4c91058d3ee11489fea,1.737,1.731999493758989,640.09,641.5261488759921,1391.22,1372.2288792100667
5.5,113,G3_G4,tail,93b9036e5ccf920f544030dc439f20ef0398cf790477f80c6f807907114cd241,1.7495,1.782242762203788,656.614,657.4377027192827,1462.99,1458.5444893242673
5.5,113,G3_G4,tail,25f6d5c4940a3e2e4f2efd25c6f616780df7983e9180de27491915804026e3b8,1.7524,1.873342403911623,649.541,650.9493348199188,1400.58,1426.53556687123
5.5,113,G3_G4,tail,baa9670172c950da0db1f6eeee22927a10d21baf6906bcea996d6ee84e0518e3,1.7542,1.779875168398399,658.867,656.6389270421373,1444.66,1425.7079188275236
5.5,113,G3_G4,tail,acec3ca248b6f68d1f68e44d8fcfa519225b2a7495c13ca11ba736702181a9d1,1.7976,1.783362106236585,657.695,658.3107489802095,1481.67,1474.0291625205532
5.5,113,G3_G4,tail,fdb248a828ad7c1cd1652cd0c09a10951721ca5cb2e941a59f0631153c7e7bb5,1.7984,1.7579365465132024,648.272,647.3852388093009,1410.78,1383.6305862116149
5.5,113,G3_G4,tail,3871a58e647feeb212a3e1fb9ec36b73829225006094647648803df2eefa909c,1.8036,1.8505066007464543,656.101,655.9399891508598,1486.54,1471.3836537712448
5.5,113,G3_G4,tail,31bd5b258fb22cc18c21a5739616fdc82d2d08ea0c6a34ab5931f9ee15067ea1,1.8387,1.9395400877644484,655.872,652.7802173733336,1452.36,1440.2143587640783
5.5,113,G3_G4,tail,3ac489fa4f2882f8cb52a9f7cddb15ba2d8f13c721e17b73473f775970d356c9,1.8689,1.8089408947301615,661.082,661.2209728447839,1484.91,1474.8556444904334
5.5,113,G3_G4,tail,543906df9252fed38d92589ca1124646bdb9a7677165528ec66da84d8defdb91,1.8721,1.8698030588278922,662.614,662.3197583807288,1488.01,1464.479047388531
5.5,113,G3_G4,tail,6f5f86bfb9ed6c4d894ff087e6386c032c8bac0680a14408cef808556dedcf68,1.8727,1.7884685659775637,654.277,656.4969532937258,1427.16,1432.8877162727865
5.5,113,G3_G4,tail,de107e55ca4f63e03a1ddc800ed0ae79d9f93956d21647c867e6f6f8d9446a0b,1.8754,1.8952101427408607,644.69,644.7330978022679,1411.91,1433.314178268863
5.5,113,G3_G4,tail,c6f649e92bce6eb0ef842b703ac23545ce614a1fd7cef2738f7c65ed6b6e7f67,1.8765,1.8128886286215808,653.972,656.7216279654743,1427.94,1441.3335299853231
5.5,113,G3_G4,tail,c88b2965d7d57c293a3995778adfbbafd2c5cae5e11c2d35f3f5ea89bfa5fbb5,1.9157,1.9813394174359196,644.625,642.4692977857317,1457.86,1435.0567552182274
5.5,113,G3_G4,tail,ecd165d45586e0696888fc45c2f1f39fc5d53f5900ed307142192d7d66e634b1,1.9171,1.9262019363118996,655.311,656.9592797185962,1502.89,1482.5062513245116
5.5,113,G3_G4,tail,50d9da5503b9fae20ae3fe1274ca22084eaa77679783764a90c57eebacfa96ef,1.9332,2.0006564338511668,641.369,644.2117971583646,1383.72,1402.7516405714
5.5,113,G3_G4,tail,fdf924e6b9f619ea4992545eca178126952d88183957de43182c5308a7b0f069,1.9463,1.8710605271905505,659.414,659.9253895795915,1465.78,1468.6103017862365
5.5,113,G3_G4,tail,0f84a03fbb3cb197241ae24fff6993e884566bc375fd6bf6ec107d5a43986065,1.9512,1.9569712721352317,649.444,651.430505502797,1502.15,1516.6052584307197
5.5,113,G3_G4,tail,76d58f0bc27f8ddab234a1f9fb1ec5323a0b2dae1e39809eb4e80be4191a625d,1.9656,1.91912431023312,657.204,658.0819191419223,1499.65,1483.4008683571408
5.5,113,G3_G4,rand,3179d653837b30343aeaf623c3516ffe6db89ce499a842a39fc999f9f4e0e404,2.1856,2.2510214515740206,642.966,643.8152049689894,1437.88,1455.7344756476914
5.5,113,G3_G4,rand,a337020286b45396d248cbdaba7b1ae6be483f11247864f7451c5c39b1bba907,2.7751,2.691625487040111,643.219,647.3843332210305,1618.2,1626.024027844291
5.5,113,G3_G4,rand,707bab17c07c9a86e19dfbe5b3535250fe77c3ddaf1b1c5e4b9fdfadf00ccce6,2.2184,2.267915162293284,641.877,644.124026950401,1479.05,1498.511389121699
5.5,113,G3_G4,rand,ec8600cf7f2571e9265cc632a4dc13b3da608050869c26ffca72d2bbe2f5a34c,1.9802,2.0115489021388187,649.613,651.607350410695,1511.75,1508.564710843969
5.5,113,G3_G4,rand,39bbb9d4129a920d621c06c2a6911cf40160252ebd9d49ba629815d295f1e825,2.1515,2.125546369685786,655.846,655.6689152220157,1592.34,1587.3643401799131
5.5,113,G3_G4,rand,f6238b172ba36c977e5a28f647284cc2f657433d53f5c8dfd20ab75ad037c002,2.0211,2.032954315506832,659.139,658.2558663210499,1542.63,1536.746610275144
5.5,113,G3_G4,rand,966e6d85d79f66138e100ab0f61fb944f165975b010f13b0a48223e2ce14b719,2.4209,2.3326185987365866,648.2,645.2890490376076,1476.24,1472.7630140667727
5.5,113,G3_G4,rand,8ac0864299270aa7a8fc054bd0d62e30e187d6d8d1e134df29ca42f1dc357c2e,2.1229,2.108025415562901,639.035,641.4634922058776,1426.59,1437.2830049558338
5.5,113,G3_G4,rand,d12fbc3d2fa739bc8ee8d6bb612660a93cc21f971b5451f02fd5571b3bb58a74,2.0393,2.038149962033836,635.618,636.3392819142457,1485.57,1483.5362391422996
5.5,113,G3_G4,rand,65c80cd7f7b40b28f36b35a99b7fa8c099a7e3dd3c347d8c86b2744bf20ed6c9,3.3285,3.4634904687535464,655.431,654.6650141907772,1611.81,1575.3436486167982
5.5,113,G3_G4,rand,0dedbbadc02258885d251b82d6739f2a61848b0ca65b54a0752b9ff034d61405,1.9821,1.983140285686568,656.004,654.5913051952856,1480.62,1453.4207444079009
5.5,113,G3_G4,rand,427777578bd5fbb5a7d8d0e706126409e3a596661dccb3e129ae53c8fc271ee6,2.1375,2.152514874679185,635.62,637.4498911763314,1457.87,1439.7577181164424
5.5,113,G3_G4,rand,3aa1bc76b23c6c4c7c379305bc8d0d23c399865b3d23706f5d660b4a4aced2c9,2.0484,2.0641788881346077,635.763,636.904692640857,1433.67,1448.053521388211
5.5,113,G3_G4,rand,6401022df14097748e114da90e2866dc7aa749d5bc7fed2740f383b00ce54fb1,2.0783,1.973385121001084,653.819,653.3466144612141,1512.09,1481.0668016395894
5.5,113,G3_G4,rand,2cdcfba74abf83b84042c68fed1bbfd5d09ef7c783b13c0a47047b756d094411,2.0015,1.985434380112342,643.514,641.8147997683183,1507.76,1498.466254806163
5.5,113,G3_G4,rand,c5e3bde22a271a9c9b97a54fa867f7c70d5a0d4c4c0ad67caeb8edf7031bba29,1.9687,1.9939111879880398,634.78,636.4567287648773,1372.85,1372.845212960081
5.5,113,G3_G4,rand,8fa003a6cdf38ec2b4e730e822c138d9184b4c8ea1c52b6c9d21f5ddea10914b,2.0821,2.075177882937219,655.288,654.8596407792863,1467.28,1471.80212202438
5.5,113,G3_G4,rand,692c79f85a6fbf63de34940368205a6f864c84ae6beee05d18019404bec2aa30,2.1467,2.2698981503753934,643.785,645.312428802897,1376.06,1381.9547256805267
5.5,113,G3_G4,rand,730d449508d9231f785b0ca0f342cc068d4b3e30b144e033435a7b7987e44bb1,3.0989,3.0787073762891635,655.737,653.5128164704465,1459.84,1467.2605028784908
5.5,113,G3_G4,rand,ba9776cfa708a1206a0503b3380ac5e37319a4668bc2e603150454c1d834cdf4,2.2593,2.2553692371558656,636.741,638.6708496005039,1392.28,1394.871443478851
5.5,113,G3_G4,rand,9e8cc88e9245fe7ec8b5b448f0a0ec8effbeeb572877b3e38ce95a29fdef70e4,1.9723,1.9794495450151255,641.464,641.6866050123894,1428.71,1401.0591717499428
5.5,113,G3_G4,rand,104fbdc7a531de3f1c7b544befd4b92aa337e9e60e72e16e0a4f937a3ebf9782,3.1725,3.3731662105578106,647.704,645.5371910967746,1628.02,1641.9256001690644
5.5,113,G3_G4,rand,42ba85dd260945677cb6f94b850c41a710693c972b0e93c360f3d8fc6619aa3e,2.692,2.815354024512014,632.079,635.6665809223462,1500.51,1501.171652894751
5.5,113,G3_G4,rand,557ecea6f10bd2452d952cba5bc5dc83371035a9fa81197d33af23e737c8b568,2.1021,2.106788387887282,646.84,650.2075716202881,1533.77,1545.3944421472702
5.5,113,H1_H2,tail,474185f154899eeaab0cee646f9d2df59fc7275f7c50c746ee2a891747e1854e,1.7436,1.8132148508190704,649.183,650.3785529800855,1446.0,1468.2836441433772
5.5,113,H1_H2,tail,7566c92c6650ae8609101c21c1ccdac1183e919cbcf176e30f0712477ebb98ed,1.7502,1.8016200559066118,647.235,647.7880962644374,1502.97,1505.3021902986811
5.5,113,H1_H2,tail,7d2271357ed8fd46d7c9c6ca2f20667836bd27d037129cb50a859d95fb169517,1.8645,1.9080987255049153,639.353,641.8948390973311,1444.25,1450.3177594033978
5.5,113,H1_H2,tail,7c20afd2bf81ca7cb4acb75f84bfb627c370ba2d470310790cf3d22ceb6ca77d,1.9112,1.9164762640909385,637.287,640.0139169885244,1526.84,1516.5030319368036
5.5,113,H1_H2,tail,7138ec88e219c0181346b1949c078f3acb28ec5f2667e8942289e3d07ab9cda1,1.9189,1.980866380851,656.655,655.7639496669639,1455.12,1479.0627526986857
5.5,113,H1_H2,tail,0e346a9efc814bfc7e9d75dd3f6d2b3261e95cdfaab12f3aaee9aa0d19cf9fbc,1.9361,2.0921399376493484,647.89,646.4898873020769,1386.05,1396.966686946491
5.5,113,H1_H2,tail,402c14e0dbbe3ff1a01baa1c5b0d25d97b8325ba76282d8c2fe66b6d19b4b4fa,1.9572,1.962849986335452,648.664,646.7055043080238,1449.24,1459.029858112599
5.5,113,H1_H2,rand,40912797536fd817b1aeb3543bc6162521e3d9ac91d14ced97d803c923d7a7c9,2.0709,2.024887395996141,638.509,637.5625426512744,1471.57,1444.4879178373565
5.5,113,H1_H2,rand,8ac58f929b078ed19810542003f045d44c1bc618812f8e468ce31a6c55cc1a57,2.4737,2.5156088117190505,611.936,617.5932798850345,1435.52,1396.9030698297008
5.5,113,H1_H2,rand,980efe5bad211f2b41e4d2048c65d5c3d690ba14f4ce187d4c20d1eacc888d25,2.0284,2.0033062569863276,648.44,648.5385433646384,1478.5,1466.6828667282932
5.5,113,H1_H2,rand,640eb2c7e1d9b1b720e9bfe24907f90c76369d9f3b8e540e34351322290d0f43,1.9794,2.0182373562193723,633.309,633.3076495426297,1302.15,1324.8951053089193
5.5,113,H1_H2,rand,e08e3ec22645e180fee9ede0468280ee121d3d19a3c888c80d477bcd9573cfc6,2.0603,2.105746940062582,642.922,641.2362774289618,1592.75,1561.6014768347295
5.5,113,H1_H2,rand,483da9e5cd2a925a82968d3c4c9a0ff14e56d5ec30f0a093028f3f923f36c967,2.1033,2.11321813672399,651.095,651.3435589492689,1433.29,1467.5777398722792
5.5,113,H1_H2,rand,07fc39d0522422f73bce24b25417d25dbd91934cb8da1d9a6b7536ff4d553fde,2.0387,2.112227445578232,628.047,629.997091969005,1378.91,1375.0471144152605
5.5,113,H1_H2,rand,0f77966271bfe388d8d35a5ffdb767de14365b511979815087dfca55f0377c8f,2.1936,2.2136204016530097,642.569,642.1205728163176,1411.82,1409.4582433695448
5.5,113,H1_H2,rand,3fa1e8b88c9bcdc1bd418dfa524964fbe73171edb8ba28a4f0554b254e91639c,2.65,2.567540736224371,644.987,643.5872036680721,1389.23,1399.9351615583662
5.5,113,H1_H2,rand,65604695b6bd1c3ca83f598bef2bf0b290d9feb36be44ba89bb5fc8d9aca6fe7,3.0686,3.0219463715163006,647.681,643.1468639694184,1393.32,1417.6641055259167
5.5,113,H1_H2,rand,25bbab71177df1e5e427165df0c085f2ff6be446ec40e395af96e7953c465e9a,2.0142,2.0057680437111283,646.301,646.5474038673867,1461.76,1474.7430510926993
5.5,113,H1_H2,rand,51fd3483548f9aede5e7f888c8980bdfc6a923ae009f92fc2121e74d1357c30e,2.7763,2.69875134829396,660.075,660.2759055463267,1522.19,1508.1589112512102
5.5,113,H1_H2,rand,3cd32f8efbdae0007cbec42890183b5da9db7f84c0f5e5e918cf4efc96c91fa0,2.0659,2.017303333941652,647.982,646.4871597781145,1484.44,1490.7364369783404
5.5,113,H1_H2,rand,9e80dc66ef21913c9573ce092903af8fce4c2d7f9b9bec8f72b5ab013f3e2008,2.2843,2.2739396601547694,643.06,640.610984576953,1324.04,1356.0460311126108
5.5,113,H1_H2,rand,515537e06f6b85642f182a094ad5c0bbf8f150686862e5bb848fe4a24c5ee8e9,2.6254,2.5368147506013337,644.176,644.9560900146428,1503.76,1479.2572073115987
5.5,113,H1_H2,rand,acb23966e7f0f924465c2db22957e63f853a2dea8c5bc6256af2208e2780e4ec,2.236,2.27621229458083,619.696,624.5520591010514,1324.52,1342.2908448608227
5.5,113,H3_H4,tail,3dfa20327cffd4876399d756617a22f061a4206dcaf8f30ee42f8ef6403023f8,1.7227,1.7213415183078653,643.097,642.1986737449997,1449.88,1434.544168992133
5.5,113,H3_H4,tail,3a88a57d8948ce00003938963f3211d5b8a0489370a7dde3bdcf5afb47ab35db,1.7264,1.7319759292868586,648.774,648.4830106132514,1476.9,1477.7311306158388
5.5,113,H3_H4,tail,e0ef6bf4e97344649b8467df329760c0710487cfa1dddea4c3143aa6c74c3cfe,1.7807,1.8247097407981208,649.169,647.9515688071767,1353.0,1349.1005177270408
5.5,113,H3_H4,tail,2648ef0b4d3f0d6ed18865e391ecf5940b0b5f31e7809b73187a372bb7d03d92,1.8354,1.8989000967592846,639.828,642.7663707599405,1442.82,1453.2439543971732
5.5,113,H3_H4,tail,c2a9fa7e50417405283a2bd130175bcf3a699edbae2ea7b6caa0e43f000bc688,1.9236,1.9391040361628737,645.886,642.5537720559778,1430.96,1433.6501609616232
5.5,113,H3_H4,tail,d6cd45cb676f6391a3ba0d55594ea1ae2d56fd53573a835470b0880fb308eceb,1.9545,1.9606997897108045,635.797,633.744216689351,1384.5,1354.3715160513225
5.5,113,H3_H4,tail,38dab31ad067e482f08df32af3ed5f90accf67130475ef8c0b8a68ba4c5062a2,1.9666,1.9796730633396702,628.618,630.716960244838,1400.55,1428.4387693099395
5.5,113,H3_H4,rand,a164e6cdb477f3779e2a398e0abe2f193cf066c571462e37912ccaaa75be04d3,2.1994,2.3097473751145015,644.403,643.5804858384505,1492.38,1515.5084942976448
5.5,113,H3_H4,rand,e81d9eebad549165db3d1aca838b7502783068978c80716bc00652b68c879551,2.2278,2.2376454231297926,649.318,649.7291173532611,1586.68,1581.7052440425134
5.5,113,H3_H4,rand,864a389d8c9ed58aaad08ef5d3fe3a592cacd00dcda894ee52785311643bcd47,2.0658,2.0362046358429704,652.459,652.8229433006468,1554.25,1539.2852834112946
5.5,113,H3_H4,rand,97d209133f08a2b9394824d9d7ba565772c85f6f9adbdd0065fc5d39eb3ec63e,2.2619,2.221173821114118,644.678,644.6980293979104,1395.78,1406.6359339873786
5.5,113,H3_H4,rand,9c7dd1510af419020438d27d976791a7da3e289c0c7d862af37497c6aec51f92,2.0143,2.070155598581113,647.913,642.3925869854418,1445.26,1427.3749677116602
5.5,113,H3_H4,rand,a3fd06e77cf61be931e1d1c99345c1e50fbcf2ea1fc1bb479b0ba1884f57e8ed,1.9815,1.8855738223625849,639.821,640.8203388712114,1414.8,1421.9853225557831
5.5,113,H3_H4,rand,7468093a3758b0ff7ad2d35721fb1f387c0e449a90d9833ea3971c59848b353e,2.0162,1.9705322746619964,655.691,654.4148270359824,1511.45,1515.458165170422
5.5,113,H3_H4,rand,1daec637c9f45c61f2569e75c2e437240a8239e22658f4d889b9cdb49bec76fb,2.8738,2.901999352367123,633.217,636.1278502429643,1407.73,1403.5860206850518
5.5,113,H3_H4,rand,1a83fe834b25544a7bec91f3caff2c9ba11e30106e6ebf289be5bf0765fe3173,2.1374,2.1428766201529172,656.557,653.284747292304,1485.41,1497.1548897153396
5.5,113,H3_H4,rand,7b500a9102c54629b254cc2234a17eafc1aa2a1200432b4d03d32814866a2805,2.0663,1.8640903249028289,649.711,649.6706561140157,1444.57,1459.2316360940267
5.5,113,H3_H4,rand,098b7218eba6763f0005645ba14ed20f952304131dfe63d819407ad4135d2a87,2.274,2.4029762890034565,637.829,638.0564174899137,1493.98,1494.4699492590082
5.5,113,H3_H4,rand,e601b29d21e05a12c433555b2c329d36c860729c1520fef9bad23802fd106de0,1.97,1.9100906363042476,644.28,643.1260755428526,1448.2,1454.4704775851171
5.5,113,H3_H4,rand,efb84f70410bd120410e30b05892d2987b4bb354c6d4f850797add9de3604ccf,2.088,2.0821644398816774,636.322,639.2461790091385,1461.4,1476.2843221553019
5.5,113,H3_H4,rand,e58b3da3456a6a98f5069fb51530394b383ca28aff3e6d3377fa725fc746b73a,2.0518,2.036215283753477,629.093,630.9763917725314,1366.17,1374.8960795290657
5.5,113,H3_H4,rand,f5a13ed84208116d6bff25cd650d6f2a9b7ad0a32d04a868195ba3ddb9b36528,2.9146,2.8175632903499617,646.375,647.4669791745515,1501.37,1492.3552613922898
5.5,113,H3_H4,rand,3e20fef035ab96cbc4b0165977a3a26ab208b306c85cc40378a906fb0a2bbfa2,1.9966,2.004284883192592,631.632,633.0114760556771,1305.73,1294.6522772010603
5.5,113,H3_H4,rand,b4199e18e1e0834e684010d323bae5fd432f3c15d963e4ac47936c7dd21ce27b,2.1889,2.120758420133236,639.248,640.3855700979198,1454.78,1429.703057710734
5.5,113,H3_H4,rand,1a07dce21894f8715a2d548b813937b5249844441d5526076311472c68ecf7c8,2.7195,2.6825527859907035,644.865,645.8837890574208,1547.51,1550.234595666614
5.5,113,H3_H4,rand,6b929a687cfe8c13e641d8c6f273132acc2d7af4c6f66428ad9e681fb12691f5,2.1667,1.9997440041452632,652.711,653.3654523611857,1404.57,1421.4576953936123
5.5,113,H3_H4,rand,ca0e84626ec2c97e3f482102381ae3c612f8cab028e08d4968a4c7c0abb8bbd8,2.2181,2.217700172093003,641.161,640.2593530505684,1422.72,1416.53850909626
5.5,117,G3_G4,tail,77e28efadd272aa3a874c7eaa5ca57b4c235507a0fe61c1414b7fe9377855aef,1.6121,1.6502373377065347,683.971,680.6436123767511,1497.26,1484.7870138595385
5.5,117,G3_G4,tail,f90f69bd836541f94ec882fadb949d42a7428685ab9f5bf8d7fe692c7ad54256,1.6148,1.6376624799185935,680.826,679.3814745929005,1483.64,1480.2128319840242
5.5,117,G3_G4,tail,316152ea4ae8644a61cefc6b54bd6d1a538d64508be5ae01488481a76c6844e3,1.6228,1.6624981610915361,684.562,682.4543092192546,1510.92,1505.163863637067
5.5,117,G3_G4,tail,fc99df9dd8ec95e9d38b51dcc1051d6f56932a960ea88dfc2c7765eb6270cadb,1.6318,1.6385122745391203,682.792,681.708620687551,1503.53,1496.8727612479404
5.5,117,G3_G4,tail,34a242826c8132a8c43fd90b9951f9907b64d185dc5a3b14341f2dc65ca4144f,1.6352,1.6710530571406128,682.359,682.2667326082262,1511.28,1510.4174924183294
5.5,117,G3_G4,tail,90e5050294978d66e8c1db754373075b771bca92ded03a363ae4ac735c98c0ca,1.6389,1.718084184146449,676.673,676.7118355475098,1472.37,1465.6412288206461
5.5,117,G3_G4,tail,d93197995670b65bd11cf96d8e7e146db9a612dddcf97fbdcf1df76813a34ed6,1.6394,1.7126698023498823,674.734,673.279165761288,1465.54,1452.3517285503049
5.5,117,G3_G4,tail,b76eb95c995da1003f2dfc70e6e38d5615da0c51cf8be1cb7e2c4d6aeb97b479,1.6451,1.7188955900511247,673.594,673.1606278060544,1438.94,1439.5935967923663
5.5,117,G3_G4,tail,fdb54a39101fbb4a5bf7ce53f6cc156aaeb243fa114e56177a9e32f169976501,1.6464,1.66517756136482,670.309,668.8530716053524,1460.74,1451.6194011407201
5.5,117,G3_G4,tail,46fde86e7d502012dc5b4114426068afbf213216d3102429e1840329bc77792c,1.6535,1.6538378016121966,676.489,675.4423649687693,1458.9,1456.139639119162
5.5,117,G3_G4,tail,a6e12ceb70500d93d69246aabc04672bb8a63b44ccb763165faeccab6cb8e387,1.6695,1.6716268724367551,673.981,673.3990580088459,1476.65,1438.8197746220658
5.5,117,G3_G4,tail,91df3f6f3909502362b6c6d5c06b23013e1118f41ed40569247c88b5e64fc461,1.6745,1.6848692839832586,675.808,674.7018975748338,1454.8,1440.5678561952418
5.5,117,G3_G4,tail,663549719543466f9629464b52b52e29d885656a6f36c345d7a1535ac9b06afe,1.6752,1.703463789285781,673.84,674.0596474050988,1456.83,1442.741911146515
5.5,117,G3_G4,tail,02f6894544727bfff072ef062a60bda297bd1d1a0f8c01361fe8952fd0f4fb8f,1.6764,1.7231573435048868,679.919,679.5372953591718,1511.39,1488.1564927625966
5.5,117,G3_G4,tail,e5f0a01ea87e66abf8865a784b8669f23f2c8d50ed8c1a4b87f7ba9039886352,1.6808,1.6782260683618355,674.008,673.5626429812415,1478.81,1441.9685587104075
5.5,117,G3_G4,tail,a451739ccfaf10d36c71094c55d88169a3d159c9e90ab2fe3ed2f68f4e548d7f,1.6812,1.6799365246462556,673.549,673.644211316935,1454.72,1456.9587894588706
5.5,117,G3_G4,tail,998aacc1abd86b2f4abffc56a8f0bcfffa870782c24b20e5eb70cc09467b1c64,1.682,1.690970141539336,674.575,676.519405298371,1498.87,1484.6781146025698
5.5,117,G3_G4,tail,41502fd74a35bbc891e7c91f50861375dfe938ce8915880baa2f04c0acbd82b8,1.6905,1.7032914077463686,673.777,675.4330654914997,1454.82,1460.2117577586987
5.5,117,G3_G4,tail,9d9bc90011aaa1cd1590affdbd650246a8ce0ffd2f427bd9df25ce7fd9a4a8f9,1.6934,1.7027072633118894,676.075,674.9668394587177,1494.5,1474.4415289763983
5.5,117,G3_G4,tail,94393cee1ae1bf23c8917acaf330331588af026569a44ff36da669595ff999fc,1.6965,1.7407548384321072,675.964,674.8942681030203,1462.11,1453.957433453471
5.5,117,G3_G4,tail,50f7c6fb63b7482f804f6705dcfd47c07e631c5af47482daa9b6f1f43bf4eb34,1.7007,1.682824087356752,676.629,675.3489284436952,1462.63,1445.503693271483
5.5,117,G3_G4,tail,edbf682f98faf747d8fa4c093e44c562fd6dd9e3e3a39b9b25538f167020e75c,1.7049,1.6918556625862682,682.72,682.4128910861972,1506.29,1502.2189005198225
5.5,117,G3_G4,tail,c1b7ebf4d37368adacba58748262a4b0407d93a4e70708c085ef6f622a58d84f,1.7054,1.7093521130751714,675.306,675.1803455474691,1462.08,1455.2142698399537
5.5,117,G3_G4,tail,d6c23b95936378758186c2a925ea87ab939bceb64ce77799cf256a0daa94d0bf,1.7069,1.7067838412572633,675.684,675.1383820423574,1491.38,1472.424355803765
5.5,117,G3_G4,tail,d8d13f3cb9f7ba45ba9f0c6c7ea2b2e70c98e63de9be642a47b2d297d1c2de12,1.7089,1.7164751808358103,676.679,675.9584825363839,1474.34,1455.3388249363015
5.5,117,G3_G4,tail,a4003aa5f947eb9e6b6d448e1285c02086d63e2f47ec5d8eb41f5e0cd0b42cae,1.7093,1.7300584879920706,677.412,676.0849169174005,1466.14,1461.6117804575447
5.5,117,G3_G4,tail,ec69a8bcca370693413b3520d74345a9af40f39362099e539fd0283a320bd87e,1.7133,1.7255779774147066,678.019,677.3284130520174,1479.87,1456.723089115178
5.5,117,G3_G4,tail,5b1813ea950b6253911254a84920c7293ac318ac49c9d04d705e0f7780c3d613,1.7171,1.6888269576815749,676.503,677.9289530686838,1483.9,1475.095727079143
5.5,117,G3_G4,tail,cdeb88cba61e8b85e583bf4457b155f7519928af357aa55da5bfc89aa55d3fb3,1.7224,1.731052652236967,677.697,676.3296273836277,1468.58,1460.6941299261346
5.5,117,G3_G4,tail,4218b6ce1240a3fdbbdae1fc05706c2ea3e05422bcd8210d452293eb77cdbefe,1.7236,1.7202926247358021,677.668,677.2557159404494,1489.76,1474.2295655525397
5.5,117,G3_G4,tail,91476872ee0d8745eeaa3813b561c007128179568d05114877ee8feb4fdbde63,1.7276,1.7009512961766795,676.76,675.6096886577241,1489.59,1472.0925346254903
5.5,117,G3_G4,tail,8e0ca44f565fe4ff273a0a2c75486824b7c237a9b093f93a9e6ca7cb2ad47f05,1.7281,1.7039539024740902,677.75,676.8716499728993,1514.84,1491.0276993498503
5.5,117,G3_G4,tail,df7d5347aa860b9fc074c174fce19849d0cd3bcc152a57a71ef62251d54b7f7b,1.7322,1.7143282588785458,676.123,675.1405953536146,1468.55,1451.825555439707
5.5,117,G3_G4,rand,c3c90e588e41204ac647f7db448d3718bbd1002fae86b2b923693d004129773a,2.2463,2.1464198159090992,669.759,669.7175378223245,1592.61,1573.65289529561
5.5,117,G3_G4,rand,0bc2b3bda7471b9a2d7f41eb7bbd01b138381f4f299795055d43d6469cb19d41,2.2306,2.268156886818762,649.15,649.4396604212607,1440.5,1485.8031085214084
5.5,117,G3_G4,rand,3faa01630a19ac5085a781e94cafb8105feafd0b3a152a091c66e126cbe9add2,2.0272,1.9774072282484823,677.078,675.6260571071026,1520.11,1527.5645348603705
5.5,117,G3_G4,rand,fdb381213b64df8d225a94c46f618cbd402b646930abdf2f52a03c65d15db994,2.6625,2.5818987272989578,657.754,662.6927129172573,1615.59,1604.3358389674206
5.5,117,G3_G4,rand,114363d8cc6970792fc8881206f5e72712b950be84be526a4f513a39bb01426a,3.2734,3.3704512602024383,666.4,666.5825436708631,1554.75,1566.6941092635493
5.5,117,G3_G4,rand,9b0234d84d1c0f1fbff43b2a8d2bae8ba69ecb7be984020e30b9629f73824f3d,1.897,1.9208216210448388,671.406,669.7408305397158,1526.64,1498.080479725079
5.5,117,G3_G4,rand,2265d4b0efffbe22f48efc353ad290624c821a38421c3b5621459596f1f73ff1,1.7338,1.727913023144631,671.593,672.3534100041329,1459.53,1437.3817931515562
5.5,117,G3_G4,rand,5d121ad37c11b1f88f290b7264bb0e98d5c3c55f572119b5ce2f714a89b61da6,2.3829,2.1957238518901017,664.83,665.0491542301468,1556.84,1557.2343804912064
5.5,117,G3_G4,rand,68025616d504f5a9c12d0832116ba662a0df8d0a93c16a9be7da86d67c993c96,1.7398,1.761407783719123,676.976,676.1749358625809,1491.01,1473.492698952736
5.5,117,G3_G4,rand,317f8e98d28e1409b4d4fb8f5fd1b9c9929f57e3e5d481527d17e14ea3a62105,1.7869,1.7544723562975095,667.189,669.0354328785867,1466.62,1456.7839491991156
5.5,117,G3_G4,rand,099f68d187fe2363948129c3aa17fbde7e154f45db42f983a6f90c4f3aefeb9b,1.9824,1.9694124172994645,670.026,670.4778173896216,1513.52,1531.578179854509
5.5,117,G3_G4,rand,41ed53f7dc11842c9bc076d8ae5ece8f815e7265fd7ae2bc2492770cdbb861a6,3.1504,3.1188853343070226,644.931,647.2870936738437,1482.77,1514.3225473775062
5.5,117,G3_G4,rand,bf9a86e2f6a81d6a9eed5e12da88041e737a2d414a99fd20c01b2bf70fc17bd1,1.7554,1.7420169815152011,677.234,677.1643927046831,1480.38,1462.7160972201066
5.5,117,G3_G4,rand,2d8340196f68e2aa416d1c0a00ccb51c455fb8b9be61eb5f844eca48ad2fac9c,2.3377,2.2408795125838994,666.664,666.7109261995051,1489.51,1487.9046385196516
5.5,117,G3_G4,rand,0acd0e09efd3de22f9b6e536bdb98ca439f3ecc0da76caa1fd4b227b582a0bc8,2.1696,2.2042101467490256,671.33,672.6430587913316,1437.68,1463.313319397783
5.5,117,G3_G4,rand,6918af0cbc1b8a462a1d460edfc4b4af99bbd7922994bbe93ca681de96f65d52,2.0986,2.05650999785693,675.045,673.5039860613471,1519.97,1494.6430616785585
5.5,117,G3_G4,rand,aaefdf292efaf6454fd9d76641e73aecd34b010177c618451a28eefb7b17eb00,1.8724,1.770286614347239,676.3,675.884163428419,1486.08,1467.5758680432011
5.5,117,G3_G4,rand,95bef259c57baee33eaaef6fd433d8a4deacc1c679c0c0453510edaaa0a725bf,2.0793,2.0636584952480277,671.21,668.9867943267575,1561.21,1564.3822029647044
5.5,117,G3_G4,rand,c194919a5785039c0a3e443704094dcb3beb75dd749e1d74dab0087973446e73,2.041,2.050226213439753,659.357,662.3682722081649,1458.78,1472.1402870010113
5.5,117,G3_G4,rand,81fad5dba4ddbbf2d5ebf3531b62f5b137c58d9c08bb3ee408314a43cb56c6c5,1.9294,2.001622630025076,663.837,663.4825991510838,1474.31,1483.7978952770336
5.5,117,G3_G4,rand,05cbda6a6935452b679a03e498764161b138f15bb97f24711b9929ad6291f1a8,2.2606,2.20128073341017,656.941,656.2342902690593,1527.13,1500.3730292574185
5.5,117,G3_G4,rand,9f87086d67577d393135fc579048e19550ce5b4414e843be8192ba07e8cc6f72,1.8701,1.9257310393889475,663.192,663.978638493156,1521.8,1524.737476500918
5.5,117,G3_G4,rand,c61fbe662ae663aa1c2eb549d9ad37f3330a2530a1c666aa122ddd144fbd5128,1.8114,1.7590126832758586,676.774,675.6143268510502,1479.96,1463.5900577506018
5.5,117,G3_G4,rand,4b7e7f9e5b71aed95b28d146453faccd6332a6786f771978ec45a3d8251dc849,2.3335,2.3063973340853035,675.699,675.4069258803383,1685.69,1648.1761117460167
5.5,117,G3_G4,rand,f23ade95368b591dadc17df53a8b4227056c15722e8758bb86e778109750a4ae,2.6831,2.605304566261603,671.762,674.6705386327868,1528.96,1530.611298111035
5.5,117,G3_G4,rand,63a104e3d05c46b091e40133a45cbaa8173688276c09447ba1bb504a37396ef6,1.8493,1.8115070801555602,674.956,675.4390013642499,1511.41,1504.1074668436324
5.5,117,H1_H2,tail,354f7ee5407f81a9db8aeca6004e41ba39334650f8acc9b3f923e8f7d25ef6cd,1.6558,1.6703059342913382,672.129,670.4183793408938,1519.42,1491.4842951484927
5.5,117,H1_H2,tail,414b5de5f3b18a16dd734479a3fa99e538fa3409fcc03f2ee78de2665b83f6c5,1.6613,1.6767971406751987,669.722,665.6352504968811,1458.13,1442.7711054806941
5.5,117,H1_H2,tail,7609428d6c1f63c69fe98d62b6d0e0fc690b81343b56be875fb41a2a5978e32a,1.669,1.689939093350884,666.359,667.1433534976376,1418.97,1416.3707125152048
5.5,117,H1_H2,tail,0691944f308a5ccb734f1bf504968b8db174976a0b2cba2a38504e1317629447,1.698,1.7488153997597378,668.59,666.8597340153384,1430.16,1431.497664239573
5.5,117,H1_H2,rand,a2f6efa2197a3c4c9fad3a6cc1af496f36066f518d8808827752fea53082bf4d,2.2441,2.299610505481237,667.864,667.0108332352647,1509.88,1527.1757902775587
5.5,117,H1_H2,rand,77925578f0411d261f58a296db5980142a50e5cfdf97126a627e9721ad1d6ede,2.6702,2.5400540976029085,653.242,654.7068201099403,1568.22,1549.921624074413
5.5,117,H1_H2,rand,020264b747bc0b540a305fa24c61ba047d387925f223bfbfbd31080a6e0eec8d,2.0998,2.0927946062676406,667.837,665.0678920675772,1485.95,1498.0517492239098
5.5,117,H1_H2,rand,45cebedc202731d93c5404cc0bc627f62ff8b6deebbac42379b3cef03812af42,2.0683,1.9765798043491207,671.012,670.0447025863097,1561.16,1562.722996163097
5.5,117,H1_H2,rand,d8a23ac83ece72e620c0f8a768abe28b232cec96418499dd81a77b4f96bf4284,2.2607,2.266890033236646,667.69,669.0522860518724,1554.62,1565.7464025301344
5.5,117,H1_H2,rand,ae31ff56d75cb621f8e2c05a69f339fb497f04b12ba12fff09b1257ba5868f66,2.8367,2.8289791789111107,666.219,665.0403022812554,1542.22,1546.6212769439687
5.5,117,H1_H2,rand,ac502e247159b00a0f1a66fcf441b4d33db747d74a0bb768ec7f2a37b2556c26,2.3493,2.3953596364720795,663.602,665.564170080138,1455.26,1463.9953699056173
5.5,117,H1_H2,rand,a993cb6ec114438e55b7853ee857c251affd6f3ab86baf80ee849a480882a2e8,2.2111,2.212345959032615,661.431,661.370847769887,1530.84,1523.9043365209436
5.5,117,H1_H2,rand,f74276c68e274a7d0ddf125aba6124cc46b42d6c9e05cb1147660d6540730127,2.0089,2.000757118704768,662.45,661.1716084051926,1500.8,1514.6384282793651
5.5,117,H1_H2,rand,ea2b18c221e920ab07b3b5ed1b5e60932c276a04ad11c653810c92aa4bac0f2a,2.0017,2.0095255851792735,659.126,657.8367418886048,1424.13,1422.5879325401156
5.5,117,H1_H2,rand,6339dbc036b2e6fe29e66cab7e0de3204db1653b07338ebed31468de0352acf8,1.9142,1.9585261080816387,648.496,648.8922415114773,1376.49,1395.7174583918343
5.5,117,H1_H2,rand,85c4ae9e4d748dff50881a4df5a89c69cad623c755a4370f315b5bf9eaae05e1,1.9693,1.9486146325722955,663.059,664.4840077806242,1520.68,1543.5667022969276
5.5,117,H1_H2,rand,14310089ba6159a3a965900ae390b96a64ebc29e78670120cba63a9c3ea7e48c,2.9848,3.0411891744332116,640.783,645.6464098239578,1476.72,1500.8410467963993
5.5,117,H1_H2,rand,eff7a30e2c2f415838b4509a21c7d3c622053c64bf6a137b201af5d404921aa4,2.176,2.320413813948338,661.373,660.9104482827888,1532.41,1559.6416127352386
5.5,117,H1_H2,rand,76f7aca668b68b521425e9fd8cbf93fddb4ab80aaf6a2f434c1b60f22482fc44,2.0419,2.020283164872111,666.701,665.3669321205516,1480.84,1488.767156655666
5.5,117,H1_H2,rand,948a7c992d3726ad330fbcb4a149273edeecfcc9a8a1e64dc46e4a708ece03b4,3.0636,2.9107778791590904,669.904,667.0855163329529,1485.25,1486.5889106839907
5.5,117,H1_H2,rand,9510b2bbb10654d8fd0a3598840b307cd8e54dced51fc6663b5afcc8d34ed5e5,1.7618,1.7488733573243571,673.896,672.4311861842499,1482.62,1473.4521837884533
5.5,117,H1_H2,rand,c6a4bba698d12cf7af8cf26e1d74cda6a417c680b158ffd3519b4ac91604b93d,1.9018,1.9713054838299993,659.484,659.1293225744615,1390.86,1423.8379920076602
5.5,117,H1_H2,rand,7acc1c9991d09432da6a5496ac43573a07cde8d0f1551343129dade2c7370e59,2.0856,2.0863783865683616,641.387,643.5421699988921,1422.47,1423.8724454764244
5.5,117,H3_H4,tail,48efb0bd77e4c66039eea6da6e8164356be198eb0abf2732b7a6bc1284144879,1.6675,1.7107897493761355,666.975,665.8359216766954,1455.46,1453.7577397699959
5.5,117,H3_H4,tail,a9ddbbcd28d75da52ef2e1468d966932a4cf02ccd63bb76c5addea28b44e9894,1.6833,1.711762342948485,671.586,672.6239223707521,1525.98,1512.7637486201713
5.5,117,H3_H4,tail,1962ea622b8678dab258454fea468a556416ffe3f878c1d469d4c3c389a4de71,1.6962,1.7224259901245569,658.679,660.1580496693977,1352.36,1380.4590094190469
5.5,117,H3_H4,rand,e5b8f02098e8f66ea62168ddda09e11f6923346a2fafe20b41b5f63e66e620be,2.6631,2.597394474077944,661.114,663.6623444372598,1519.12,1506.9505206555648
5.5,117,H3_H4,rand,a633757e039e3cab0dbc9286ec580c8cbbe455df3c88da1f6a631f343f0f8013,1.9032,1.8751277633896297,670.909,670.1802062918296,1526.34,1529.3737509225086
5.5,117,H3_H4,rand,bd49bbad366c98ae82d999958f5369262b156eb543c1ce30dad49fab359778f7,2.5559,2.6826997125237444,668.331,666.6641186019057,1604.24,1593.174543224219
5.5,117,H3_H4,rand,0bdf6c73d0a91f2c10609f4bd30c1032ad32571ddcefbcbee98ef30adbd7991b,1.8683,1.837682424016061,675.575,673.3763930783084,1396.83,1415.262128016857
5.5,117,H3_H4,rand,386d2bcc07501acc8a75a2650c755f24196f12759ea019540f53cdc5b517c936,2.0449,2.0108613429486795,658.728,661.5377721377174,1519.33,1527.1085828808293
5.5,117,H3_H4,rand,63c2d350f7dd0a563e9aaf302fb0eb029553e1e78038f9a4e76806684b8270ab,2.4208,2.4079087786547366,673.829,673.0712528260271,1631.25,1601.5388561363484
5.5,117,H3_H4,rand,6078a9d13d89011d6d1bb26b9eb5f088728e78b8d627e5b229ab4b743205dc6e,1.9516,1.9891821974273958,644.832,645.4623956104921,1407.17,1384.5638442189759
5.5,117,H3_H4,rand,054905ac1889b2f3e919a671d55a2e690226ba4a45e8837f5c014fd958368593,1.9276,1.9173973346539506,658.347,659.7449078183073,1476.12,1478.125664875892
5.5,117,H3_H4,rand,e53fe4581648d6bb68a5c0dfb130f1e43ccbede868497758c33b0de9aa463d3d,2.553,2.7826639898807297,664.865,660.4031339100933,1548.61,1504.813394719464
5.5,117,H3_H4,rand,f28485eba396244923fd8f3e44f4ec9e242013b042fc286b28e0bf776995bfd4,1.9945,2.042278862396138,655.678,655.4113059459055,1434.68,1434.6688610222086
5.5,117,H3_H4,rand,363e661dda31aa915af9cac5f5d3e974581d1c131dbedce77445f57c2a2d9002,1.8418,1.9192004331639607,655.754,657.0171732622764,1406.48,1434.5214659858937
5.5,117,H3_H4,rand,39b019e7bc82377596a0a07feaa4928c3540ffc8d252408f937a24187462f9ef,2.4935,2.3171211602375847,672.176,672.1836750419844,1493.71,1500.8555701986973
5.5,117,H3_H4,rand,da21b08e9e564a960807361bd5d6dd53cd660224c9d3fb2b76ea42ec18552355,1.8465,1.9026258906140625,664.971,664.1509761953369,1534.55,1521.7224318156025
5.5,117,H3_H4,rand,e208e0d7f497c969a97f44deb2c65ecfae57fcc6b3fd78e5b70bfde30c1b7741,1.8945,1.8809867543326404,672.91,672.7332057341381,1436.11,1442.7250195993458
5.5,117,H3_H4,rand,2e53bed84a2115cdc7cfadb14339abcf802887163e329642a4954544d3d010fd,3.0343,2.931101395065064,655.506,655.6417989609889,1419.57,1406.007231383376
5.5,121,G3_G4,tail,21cd910c56850092148fea76d5cac731b852f97ef072ed30b60408301e0f96d9,1.5114,1.5389770433363763,688.888,688.5212298083381,1533.94,1527.153369795299
5.5,121,G3_G4,tail,185491c1fd0c6cd2694c9726042a5bf18a1c35996469df001ab1e79af5e6778b,1.5393,1.5809032679513608,697.47,697.2950229150874,1566.0,1564.1991617140466
5.5,121,G3_G4,tail,39caa0a06b2c98c05ef5350dd16ee618e60f40c6413c130b1e3c07bcc45d2108,1.5401,1.5777632739596272,694.85,694.5889588533128,1512.0,1509.9834213200375
5.5,121,G3_G4,tail,895dbb599e8fd8efb6e40b0bc7ede2356d48444175077f98bc4ddfee4c1309a9,1.5414,1.5733334047182101,693.608,690.8351250957344,1453.4,1437.8126396104217
5.5,121,G3_G4,tail,a651c62042651f3dcdc35e26389f6eee15522a9d83d0674e3f3eefbc26958d49,1.5418,1.5692049475635648,694.71,694.7016524362687,1493.0,1492.8105777242336
5.5,121,G3_G4,tail,6ae042012468e50a4cea421250b2ec24ed9127c3e4ab6bd6b1279fce38140b1a,1.5421,1.5727284187347805,694.26,694.2413145616101,1487.0,1482.998061754416
5.5,121,G3_G4,tail,ba108086fdbd2a68369bcc55f019436f6a66404f91fcbe010618a1d48ce9b07e,1.5431,1.5673965308315767,694.87,692.3108880234147,1476.0,1458.0404443807747
5.5,121,G3_G4,tail,ebcae94281caf07e7fdb018453610cef54950a382779ff24fecbeaa36d22e87e,1.5434,1.569794466145938,694.51,694.7073917690711,1492.0,1491.4143010965668
5.5,121,G3_G4,tail,12a84af27a690f8c2d1403f068b028b3049ee78ebbb6a9e4d009a7cc89624e6b,1.5437,1.5842832228404573,697.71,697.561646642688,1555.0,1552.7809225473939
5.5,121,G3_G4,tail,7b4ebed1e30c6e8ccdc411fc101e25fca7814dfa03bd546f8136580651ab36f8,1.5439,1.577259042264053,693.657,693.5941906484293,1508.65,1508.157701418475
5.5,121,G3_G4,tail,4f22f1e27a96e1fa41ca37c6e3eeb55d7dee5eb7ed70c87a7900e472ae56722a,1.5439,1.5679116692067059,694.407,692.6986008853521,1471.05,1465.0391132653244
5.5,121,G3_G4,tail,cdd0d25e1902b6940f20bbaf3d3d0f580d8bbdf45af1f8a1d96cdb6e1e215e91,1.5443,1.5690093665310905,694.63,694.6443467406848,1493.0,1494.4830698598757
5.5,121,G3_G4,tail,ae29ab175f40ea89c57ec720f5acf0e0fcb67648c3943b29505a93f524a2b17a,1.5447,1.5717893982560394,693.7,691.1142152259783,1463.17,1452.0994020962662
5.5,121,G3_G4,tail,402c9d7cb2c81a48403334901da0b2ca9e7a305f7030e6c28fc64d257840d3cb,1.5452,1.5927059479680161,694.83,694.067190972879,1497.0,1482.1865144993117
5.5,121,G3_G4,tail,156cda5e939720a4abcd991d147fc1644e2574d32ff135159d57aec72b3e88c2,1.5453,1.5838842643127584,698.08,697.9069039551975,1550.0,1553.605648325115
5.5,121,G3_G4,tail,9934be91c8493fbf40e7de326044116ef3ee2ebfabe91feb05e06227b3ac1181,1.5455,1.5882199065374603,697.51,697.2611509914514,1544.0,1546.623879249391
5.5,121,G3_G4,tail,1b35f549ab632c3834ae4f71967de13cdb26bd64fb2758996d6599eb8cbad72d,1.5457,1.5790477656053363,691.8,693.375992086437,1483.0,1490.0444287236
5.5,121,G3_G4,tail,36d92e4e66dd05b32fa70b4685271ae3af83798fb0678c92530997321006c42a,1.5458,1.5673462652649337,693.9,693.9166605656117,1482.0,1484.8730541763261
5.5,121,G3_G4,rand,7ef278653396e635a41fdc5d54419a230fdd16d87d861ba15a0c90204287cbf4,2.8511,2.7454564738265255,690.0,690.3076601580995,1618.36,1608.7308720128021
5.5,121,G3_G4,rand,06b3ef1dec530bfd4aaaa0ea8268cdcfe61fd32d972a97a1c6696d925c600173,1.8712,1.8485888854666566,704.461,704.5117241828075,1690.89,1653.1206924891735
5.5,121,G3_G4,rand,88122e5a2dd3264b1f1a2ba531cde91713f8ffcb400f9f6fbd7accd6d7057ca9,1.8554,1.848826946063393,696.583,695.2960833196148,1550.44,1564.3592560968918
5.5,121,G3_G4,rand,88d7d5e6300c85bc59e356722dd7851865bb71fc1b3a0222356328edaa1a86d9,2.1377,2.218236548692287,692.939,695.2984175220217,1665.07,1654.6938364330695
5.5,121,G3_G4,rand,244bbb8f3d7a498b8c7f8854ef757d45d9b6c04ad46d3d430a123415c7fa146b,1.9862,1.9173096034401136,695.97,694.2208321795433,1594.04,1580.8254654452194
5.5,121,G3_G4,rand,3b8fb9439f633c94b7667b00e5dced753171aac80e8581ea4276703f105b68aa,1.8537,1.8567666391794224,691.806,694.6928766585822,1623.68,1636.7295957627662
5.5,121,G3_G4,rand,0704938a751e3ebc574a8897ac0e14e515ff96da45f52de38a5d0a5a78785160,2.0954,2.015138767259117,689.394,687.168748233189,1556.83,1558.9064641485356
5.5,121,G3_G4,rand,9c5708b73178f5ce8ac1128bd34536b41d97dfb9f9a7eb8574d3799017992c99,1.933,1.7901165340960332,691.703,692.623783682292,1587.22,1587.2016297123446
5.5,121,G3_G4,rand,ff23781fa45638984a9a6582ea1f96885c31538d43dcb2483656b239f15b85d8,2.3064,2.2622141051195688,694.766,694.4211460759491,1566.62,1561.0488852164399
5.5,121,G3_G4,rand,9c7d5a243cef4f99153a5f6a2a4b71d8ed0560aec4ec15a2cfa9a65a95f872dc,2.0579,1.9723380940319741,687.976,688.8833338879417,1593.74,1601.4433703001955
5.5,121,G3_G4,rand,f450aeed9c26561f12a83a518cebb70620c9440576d408ef2e9bdf51b95c33c8,2.1436,2.1601078917511316,688.028,686.5598363582635,1582.26,1570.4859407572444
5.5,121,G3_G4,rand,dcf9959e7eee4cf729da61a0b1b6577c89db2775e2428f9e2917c5dff2290f71,1.5479,1.578614650481436,695.83,695.096908939498,1502.0,1495.148281931191
5.5,121,G3_G4,rand,3b9cd8ab22f296d7c226049bc7a3560e054b893d43f27963217c95f201b3c9b0,2.9443,2.9398629740688453,688.824,688.8921469534378,1657.75,1647.8784671545814
5.5,121,G3_G4,rand,ff8e448d3a8a5ebf4118180a809d3f1ac2f33948e2d0f0a41c252cdba59b600b,1.546,1.5805137516513583,696.5,696.763183491752,1531.0,1531.8488504941988
5.5,121,G3_G4,rand,2282b95aaa19c96ba3a854f267dd7879da4f3e512fe00c861fa625e1b3f80d12,1.9712,2.009151467413494,689.877,690.8908071982025,1624.98,1620.4197844435748
5.5,121,G3_G4,rand,9981b5a9c9121943044eaeb2a6770abd2d1b0b8af144246a5c23420a761d5e0c,2.1068,2.08859635762875,682.645,683.542775129026,1589.39,1572.0760677166513
5.5,121,G3_G4,rand,6cc1faea3ee9ec1aef733766db971e5c108cb24018116b0c9a91173d1f6c1a40,2.0527,2.2064625614716857,692.836,691.8542623206067,1540.88,1542.6670756333406
5.5,121,G3_G4,rand,aa1d9e3df97c75c47724acfa5eb85ab16c9a6bd609b123165fc19936c3dd1b1c,2.1235,2.2144221659028034,675.936,676.6652683889426,1624.81,1617.2348595906242
5.5,121,G3_G4,rand,96f970666853cf6158ddb87ae297b80433e0e7aa381e0a194f3c2869f3b90542,2.0318,1.9471965205124528,684.404,684.5385104373083,1514.95,1524.4790597306219
5.5,121,G3_G4,rand,b192406f71609df6c81337f026c7e180ec592df1050968be1edf6a56b4016339,1.7619,1.8494722602615703,690.724,691.9505794371182,1607.14,1620.6038001582328
5.5,121,G3_G4,rand,26067f9b801297674d91f4e3f5ae9342c9a08c4040b0ce8e37e598c5ce58d96e,2.5479,2.7101513010592404,693.617,695.5673976990699,1622.07,1617.9101234425675
5.5,121,G3_G4,rand,29ccd52501242dad3d5c5ed81ebb8a9809e7ce5a10634a7e166d0ff28b723fde,1.7992,1.781661618921911,694.11,693.2752667667132,1552.03,1547.7960749633457
5.5,121,G3_G4,rand,253155e776dd589750c61b7fcfe19364645a200b42e794a7c43981c4af1e2eed,1.5481,1.5722299890579976,694.53,694.109186224872,1491.0,1492.807693225821
5.5,121,G3_G4,rand,2381fe37c2a3fd4b31345760aa3fcca50e564cc6df247571f273d7445f878d93,1.5555,1.5692415030713818,695.653,694.1363576107149,1496.59,1489.5860743723247
5.5,121,G3_G4,rand,69d98431db24e7ce33e384b74f9ba48740297f0349564d850193422fc74b2e9e,2.6602,2.537034320266296,695.743,696.6640264229231,1578.19,1573.103421836318
5.5,121,G3_G4,rand,a7a1b4a92134c3cf7a50a76f9fc69f65ccd42b89a1144338a4fc1ca0a1e74265,2.0012,1.9187809974976406,687.53,687.6489238790641,1502.65,1514.9586936440119
5.5,121,G3_G4,rand,911d26c22fbed354b9c8d77e91e1f057dd7bb31f1d715c55fa48001d9bb1b6ab,1.8743,1.8618103857191237,689.589,692.4360975050793,1598.62,1597.2412839989588
5.5,121,G3_G4,rand,8768103157e0723286046ed9623e549b6ba6964a1015ae08b77e86ec97372257,1.9651,2.0195994135253934,695.209,695.069187930409,1608.61,1598.8611222362047
5.5,121,G3_G4,rand,65cd1454721dc0fa2b93345309e4914a7ae186ea2059217a99f0be3a49841c94,3.5569,3.7027728935737048,694.285,696.4803919493099,1611.92,1591.9882949059693
5.5,121,G3_G4,rand,8a495acb5eae3cd0086c3abc506114351c01d97dfa20c28c2cf9f79b840a4e7a,3.0809,3.0452506760266287,674.508,675.8947769607466,1608.46,1560.8720745515707
5.5,121,G3_G4,rand,2f6bf3cdb09b51d373db8369c9634d9fafed643a56ff6a4f190004956222dc4e,1.5461,1.5721618711258432,694.54,694.351133624607,1501.0,1488.862714400931
5.5,121,G3_G4,rand,131b2db73a56c7d731367ba744912a8cbc44006f1279d0d9200e06d4b22ace3c,1.7308,1.7544065170992937,695.065,694.0669792179483,1568.31,1571.5145069799673
5.5,121,G3_G4,rand,c069c36f8e631e9615e787a3d474392e55bb3c457182322d92bc38c8feeaccc4,2.4912,2.4836485018371692,695.424,693.925238404754,1551.4,1536.7181316643505
5.5,121,G3_G4,rand,24833639bb5e8948c47a586f8564947797e0bb48d78d077e7dbb577708ca3c63,3.1236,3.013151864814581,696.988,696.0437018598388,1515.54,1500.6599069070103
5.5,121,G3_G4,rand,03e60ffa4292eb74e70d373b36c062f029f50a16c52a09015146c8c87f13eb45,2.1934,2.1911419473065554,689.503,689.5334370310607,1576.83,1563.2360372539997
5.5,121,H1_H2,tail,68a89afea875ec91a5643e2720478ae6ccddb37198436ae718c658a39a3e7f5e,1.4972,1.5217397476054435,684.414,682.5179732780514,1504.71,1499.1197735925539
5.5,121,H1_H2,tail,8970a73bba6e535ca2d49538e03fd1131ddb78ed7c91618f69c24b31ec65bc8c,1.5271,1.556474551241799,690.4,689.2035605259291,1460.0,1465.5576431632708
5.5,121,H1_H2,tail,724524c7fdff562804dc20a8f2ba94efab5f5e8f8a0d58be5175d3c7bc51ef55,1.5286,1.5570588117446427,690.2,689.1993174578529,1459.0,1464.2823809219526
5.5,121,H1_H2,tail,dca09ee7423670b90f782d22503eaeadf4290d0a1f4467c4e6d30b73f32899d9,1.5294,1.5568853230144886,690.33,689.1677795487715,1460.0,1467.7634488413423
5.5,121,H1_H2,tail,f78c9e7b0b06e964aff72b8398b1003f540f0dda0a3084fdccfd4fe36dda2dd1,1.5306,1.554876122959139,689.59,688.3590357338205,1450.0,1458.2279391380666
5.5,121,H1_H2,tail,4c86ea4c0c997b56e8f5b68beea7c214b03503bb5e2a9374679f5b8243357876,1.5312,1.5626410232855026,688.57,687.6791610272878,1446.0,1451.4735178711471
5.5,121,H1_H2,tail,2ce04cbc994415aa1d5f5a3f95df7cb03e88f9ab204c088f753a15efd4a12bfe,1.5415,1.576340482269847,693.54,692.2587334546702,1516.0,1524.9234294576372
5.5,121,H1_H2,rand,4abc5eb51bc4fedec8af5dd63e884b7d2e9062ef9e8928d3223028181d87d38f,2.0894,2.069129726833835,674.717,672.5641837525782,1559.61,1557.2617482927176
5.5,121,H1_H2,rand,f0d4ac9d2bb45f5f537fb763334aabfe2a3b626b11f7838e330f0959f741f252,2.258,2.224984709513183,680.053,677.9637186664943,1511.1,1507.5226857022685
5.5,121,H1_H2,rand,d28a66235828b67948196584fccb0ce7dd17b4cd5e42eeed6ad21217ac120fec,2.7008,2.751466674909782,687.446,689.4561840953395,1586.71,1605.19705695632
5.5,121,H1_H2,rand,33500eab555fe4f0f9b4b6e6d8b2e14b8b5d386b9b3e7bf30580a5aa76ce54a5,2.4112,2.350330885614016,688.584,686.7112209577272,1566.57,1576.4302794427626
5.5,121,H1_H2,rand,448efbda9d4c707d48ca5d83c8a81d8a7e217732b365859e2fb942783459a531,2.0443,2.1171792936418994,675.384,676.7918246780532,1566.08,1569.4359225528733
5.5,121,H1_H2,rand,fe13e6a4f6f443661f9619f2847dec24b63644b6e444adefcbbea3c27b18f8ab,2.0578,2.09183242053409,683.013,681.0558764507095,1476.37,1472.0912161847068
5.5,121,H1_H2,rand,bdc33d1d26b0dccb4c84a0b995a6606750131d1654f68e9426930d7dd03cfa7e,2.0457,1.9192634611623782,680.38,680.6180560958389,1502.79,1498.7024017792814
5.5,121,H1_H2,rand,5d7ac65a3a6f668d4f728338b2484e8685aeada14728da1c13166cf4cc86640d,2.1252,2.1492801638035237,676.848,676.3002704528351,1578.81,1583.336367612611
5.5,121,H1_H2,rand,3753a655afb4b2abd3ecc17f9dddf09732ea1d9f42cdb73601c508266ca1b61b,1.7121,1.805805590401566,685.914,686.104279569835,1576.03,1597.3509757848487
5.5,121,H1_H2,rand,ccb9d41de9ed034fda49dbba83b69e3a689f02960c8ce2b0b08224312e88a2a5,1.9289,1.8983292787526678,687.794,686.064631188081,1508.38,1522.0231489203447
5.5,121,H1_H2,rand,c235ba9560f0e48ade0efa2581c7f9fddda9e405ac41c4a54bb743048e3ac9e5,2.2472,2.1048779206958055,685.531,685.7456304497794,1519.32,1543.6486855501744
5.5,121,H1_H2,rand,d245155cb59aab0ba2720881bc7fd2d01a5f1e86f7bdebc18e2811946240ee65,1.8049,1.799796281936586,680.703,680.7448919072351,1478.11,1483.176100455537
5.5,121,H1_H2,rand,bf2da612d97e956ab83440c6a3f51ff6593facadc0b6d2ca46e8336c936cd8a3,1.9511,1.9858115602002522,679.731,678.1196875370722,1502.74,1514.4183517922347
5.5,121,H3_H4,tail,6846b724df223bed4996124f5a0b4cc849be2cefef16ea03771cdc7095e74d22,1.5174,1.5501771572019578,688.66,688.524181888404,1457.0,1465.412502378988
5.5,121,H3_H4,tail,e27619473d09055c8b15b76d925b4575f21123ff81dcea9790a795da7f00d552,1.5218,1.5582907365422167,689.22,688.5107125453121,1471.0,1460.3781887157793
5.5,121,H3_H4,tail,aa4da5db185ab490606610518c6957f9b2cef2082314139145f45894bc441208,1.5224,1.5633543926536113,687.68,686.9423869117675,1428.0,1436.7266353999748
5.5,121,H3_H4,tail,a3aae0cd5b945cdbc7ac451e2d9e8befa60b8cb94d64389095aa7b0f85f37a51,1.5241,1.5535899855484847,687.88,687.4425288432337,1441.0,1447.8136488177506
5.5,121,H3_H4,tail,cb7809a5a004a58ec707eb82a328292052c237de29c289391ab0ecbdaf296645,1.5291,1.5569296331435747,688.59,688.093722554939,1451.0,1457.8623561097138
5.5,121,H3_H4,tail,3f7c9f88e8dc6fdc07505489e5e506b9a10d6496de94165e33f14f000395828c,1.5307,1.5598454823180157,687.35,687.8581789867101,1444.0,1456.8207854492825
5.5,121,H3_H4,tail,1e37b093cb2c61fcb130f9ec82c9f67e1b2a2fdfd7d7720e635f281a1ddb151d,1.5313,1.558016395894084,687.53,687.0353755901235,1436.0,1438.1313247545995
5.5,121,H3_H4,tail,8f6530a27ca7b0eee8d74acc15ab9e1d531d35a6b6dd5f925dfaa452fba7dc56,1.5326,1.5648186631988845,688.32,688.2061825104583,1450.0,1454.2203841651262
5.5,121,H3_H4,tail,9c26f4a6c84973a04e91cd9dcfe4ec3dc2b5c82eedbdbd10a0bd1b81ac9dcf75,1.5347,1.5653173160302367,687.1,687.2327244274584,1429.0,1439.9367304226607
5.5,121,H3_H4,tail,c8c6875970702be448af3e295305c6459ce2dce5cd024251a1eb977f02915727,1.536,1.5804561219839417,688.94,689.5436349482159,1461.0,1477.0581548575801
5.5,121,H3_H4,tail,e080af55b178f2ba19267325bdd4188889cdb9cfc39e0e1c6159f8e5b2b43e73,1.5391,1.5751200359854105,689.28,688.9829300233635,1480.0,1486.925037249197
5.5,121,H3_H4,tail,b19f874c240ce9c610a6d696c8bcce6706cd3330a2d7c97833a65d6ec6260bed,1.5426,1.5658260805529918,686.86,686.535818568201,1441.0,1443.1864035017165
5.5,121,H3_H4,tail,6c32967d17b66edfa7052805f224a13b9d3d15415f017a91b7bd4b555860e7d4,1.5426,1.5701863255689146,686.15,686.3670974010618,1429.0,1440.4553264138603
5.5,121,H3_H4,tail,dff1f180ef02ab2258bfe18a14bb17710105bd0bfe818aa01cf5c049e6498c55,1.5448,1.5721805742681483,688.44,688.1633178122665,1455.0,1459.123320964056
5.5,121,H3_H4,tail,186c200099fa0890390794619c8481c78df246577a84107f5ff3cb2d2a929b88,1.5452,1.5651595039085475,688.37,687.7211764187489,1449.0,1454.0405444228522
5.5,121,H3_H4,rand,21631006ff6b40f55cde234bd78b3db26aea63fc54c2ed1f48f036c551c1a12f,1.5478,1.5672246878663685,688.09,687.8893289625257,1459.0,1459.888123765752
5.5,121,H3_H4,rand,6e4cb6c8e6c553c8c1c18c3414b24cc302d9651384647bb9bb3377e2a921b679,1.9045,1.9562486844826863,676.058,679.3067613559026,1617.14,1640.698950900704
5.5,121,H3_H4,rand,b23c0f2eb7ef1b9782ec07df310f2a2422061305617d1800bf90d27d6a2071d3,1.5482,1.5866288005140923,688.2,688.1978134818489,1441.0,1450.694901579508
5.5,121,H3_H4,rand,b977ca062799d92d10dadc719d8d3f6e691dc6166805db7c7fb3420fca7c6860,2.0913,2.071894451114225,666.436,669.377220978944,1445.07,1443.0700557711466
5.5,121,H3_H4,rand,efb4eebf801960da24140d8b2ec13d993aba776fb59830311590ce65978e41fe,1.8186,1.807532876500601,693.385,693.1443335824565,1554.19,1569.5083943952532
5.5,121,H3_H4,rand,026590ae73a18224dd67424e96ae50742339234a03a18f1c5cb72b773e7cdb45,2.176,2.313936017705714,658.353,660.5052344925821,1654.43,1620.4200097212483
5.5,121,H3_H4,rand,c719f052f78981a1b6f9a30eb3762737fa9dbc796073ac3141c24412c82d15af,2.5338,2.559344954924839,682.678,684.981018539288,1562.01,1561.332085365007
5.5,121,H3_H4,rand,8880007ab9a35c6fc9925fd27e1418e0239db64d5d1e87ce90c1f816efedb425,1.8603,1.780377866475712,695.227,695.0329102904377,1564.7,1563.4375868596326
5.5,121,H3_H4,rand,ee001bd035961a9bc57534f8bac9f02e239a6ad0d6a618ffd93b552fe2180448,2.5862,2.697984938370722,672.809,675.4039280833581,1446.01,1454.5699891494892
5.5,121,H3_H4,rand,a2605d97e9b84e76ef3f35c54248498f07fcc8dddbd25f5db1e8061c84781637,1.8355,1.8180358694401215,692.537,693.183372650891,1544.93,1556.2891229275065
5.5,121,H3_H4,rand,7089e42ccfa67c49f2e557e1aea722b34ca811223e5e49261b4e680362ef20d0,1.8051,1.832578706249696,690.214,690.4866970433293,1569.16,1578.8575438437324
5.5,121,H3_H4,rand,f5b9ec3774ed6218c41768187472f636e5b940e356bf4ceb88719c09a1d17a11,2.2732,2.182961514867265,688.578,689.9729793719825,1583.56,1584.8307791487305
